lig,name,label,heavy,clogp,model,apo_cav,holo_cav,apo_main,holo_main,fill,apo_rmax,holo_rmax,n_comp
lig0022,Dihydrocapsaicin,1,22,4.01,2,191.4,23.1,89.9,0.0,0.879,3.16,0.0,1
lig0022,Dihydrocapsaicin,1,22,4.01,3,192.0,30.2,113.0,0.0,0.843,3.23,0.0,1
lig0022,Dihydrocapsaicin,1,22,4.01,4,170.9,46.4,104.1,46.4,0.728,3.29,2.46,1
lig0023,Moguisteine,1,23,1.93,0,152.3,26.1,53.8,0.0,0.829,3.32,0.0,1
lig0026,Ramelteon,1,19,2.57,2,165.5,47.3,131.3,0.0,0.714,3.28,0.0,1
lig0026,Ramelteon,1,19,2.57,3,176.5,39.1,86.2,0.0,0.778,3.12,0.0,1
lig0026,Ramelteon,1,19,2.57,4,174.5,41.3,129.6,0.0,0.763,3.12,0.0,1
lig0027,S- (+)-Rolipram,1,20,2.62,0,157.7,33.0,92.9,0.0,0.791,3.16,0.0,1
lig0019,Etomidate hydrochloride,1,18,2.67,1,145.6,41.7,63.5,0.0,0.714,3.04,0.0,1
lig0019,Etomidate hydrochloride,1,18,2.67,2,157.7,42.3,157.7,0.0,0.732,3.06,0.0,1
lig0019,Etomidate hydrochloride,1,18,2.67,3,137.8,39.7,100.0,0.0,0.712,2.98,0.0,1
lig0019,Etomidate hydrochloride,1,18,2.67,4,150.3,38.7,69.8,0.0,0.743,3.13,0.0,1
lig0016,Tolmetin,1,19,2.19,0,169.3,32.4,125.1,0.0,0.809,3.15,0.0,1
lig0016,Tolmetin,1,19,2.19,1,175.4,34.1,117.5,0.0,0.806,3.04,0.0,1
lig0016,Tolmetin,1,19,2.19,2,186.4,50.1,117.7,0.0,0.731,3.1,0.0,1
lig0016,Tolmetin,1,19,2.19,3,187.9,49.0,125.5,49.0,0.739,3.16,2.43,1
lig0041,Istradefylline,1,28,2.12,3,179.5,25.3,111.2,0.0,0.859,3.1,0.0,1
lig0041,Istradefylline,1,28,2.12,4,194.6,41.9,133.7,0.0,0.785,3.09,0.0,1
lig0042,Picoxystrobin,1,26,3.84,0,167.8,51.6,115.6,51.6,0.692,3.17,2.48,1
lig0042,Picoxystrobin,1,26,3.84,1,188.6,41.9,133.7,0.0,0.778,3.2,0.0,1
lig0005,Estradiol Methyl Ether,1,21,3.91,3,153.6,36.3,102.6,0.0,0.764,3.29,0.0,1
lig0005,Estradiol Methyl Ether,1,21,3.91,4,176.3,37.6,112.8,0.0,0.787,3.36,0.0,1
lig0006,Ethinyl Estradiol,1,22,3.61,0,179.3,35.9,150.1,0.0,0.8,3.27,0.0,1
lig0006,Ethinyl Estradiol,1,22,3.61,1,157.0,30.2,111.9,0.0,0.808,3.19,0.0,1
lig0038,Valproic acid,1,10,2.29,2,133.7,23.5,133.7,0.0,0.824,3.03,0.0,1
lig0038,Valproic acid,1,10,2.29,3,122.0,28.3,84.0,0.0,0.768,3.08,0.0,1
lig0038,Valproic acid,1,10,2.29,4,122.7,27.9,95.7,0.0,0.773,3.1,0.0,1
lig0039,Acetamiprid,1,15,2.07,0,145.2,37.8,145.2,0.0,0.74,3.01,0.0,1
lig0035,Cycloate,1,14,3.51,1,153.6,25.9,153.6,0.0,0.831,3.22,0.0,1
lig0035,Cycloate,1,14,3.51,2,160.7,44.7,101.1,0.0,0.722,3.0,0.0,1
lig0035,Cycloate,1,14,3.51,3,146.7,32.4,66.3,0.0,0.779,3.08,0.0,1
lig0035,Cycloate,1,14,3.51,4,145.6,39.7,98.5,0.0,0.727,3.03,0.0,1
lig0039,Acetamiprid,1,15,2.07,1,134.8,42.6,134.8,0.0,0.684,3.18,0.0,1
lig0039,Acetamiprid,1,15,2.07,2,146.2,38.4,146.2,0.0,0.737,3.17,0.0,1
lig0039,Acetamiprid,1,15,2.07,3,138.9,44.3,138.9,0.0,0.681,3.03,0.0,1
lig0039,Acetamiprid,1,15,2.07,4,148.6,40.8,148.6,0.0,0.725,3.18,0.0,1
lig0003,Desogestrel,1,23,4.87,1,213.0,22.9,144.5,0.0,0.892,3.44,0.0,1
lig0003,Desogestrel,1,23,4.87,2,203.0,28.5,102.2,0.0,0.86,3.39,0.0,1
lig0003,Desogestrel,1,23,4.87,3,202.4,22.9,84.2,0.0,0.887,3.24,0.0,1
lig0003,Desogestrel,1,23,4.87,4,208.4,22.2,113.2,0.0,0.893,3.44,0.0,1
lig0034,DEET,1,14,2.48,2,160.3,43.4,56.4,0.0,0.729,3.11,0.0,1
lig0034,DEET,1,14,2.48,3,170.4,42.3,118.2,0.0,0.752,3.2,0.0,1
lig0034,DEET,1,14,2.48,4,178.2,42.8,125.7,0.0,0.76,3.17,0.0,1
lig0035,Cycloate,1,14,3.51,0,137.4,23.8,137.4,0.0,0.827,2.96,0.0,1
lig0004,Estradiol,1,20,3.61,4,149.5,43.8,89.9,0.0,0.707,3.09,0.0,1
lig0005,Estradiol Methyl Ether,1,21,3.91,0,180.1,33.5,80.6,0.0,0.814,3.21,0.0,1
lig0005,Estradiol Methyl Ether,1,21,3.91,1,167.2,42.1,95.0,0.0,0.748,3.22,0.0,1
lig0005,Estradiol Methyl Ether,1,21,3.91,2,185.3,23.1,117.7,0.0,0.875,3.31,0.0,1
lig0000,Alpha-Estradiol,1,20,3.61,4,196.1,35.4,141.7,0.0,0.819,3.22,0.0,1
lig0001,Boldenone,1,21,3.66,0,222.5,27.6,102.6,0.0,0.876,3.34,0.0,1
lig0001,Boldenone,1,21,3.66,1,178.2,41.3,86.2,0.0,0.768,3.19,0.0,1
lig0001,Boldenone,1,21,3.66,2,211.5,26.1,138.5,0.0,0.877,3.24,0.0,1
lig0023,Moguisteine,1,23,1.93,1,165.9,45.8,165.9,0.0,0.724,3.23,0.0,1
lig0023,Moguisteine,1,23,1.93,2,174.7,26.6,174.7,0.0,0.848,3.19,0.0,1
lig0023,Moguisteine,1,23,1.93,3,162.4,27.9,144.3,0.0,0.828,3.35,0.0,1
lig0023,Moguisteine,1,23,1.93,4,171.3,32.4,171.3,0.0,0.811,3.19,0.0,1
lig0044,"Voxelotor(GBT440, GTx011)",1,25,3.62,0,185.8,47.1,130.5,0.0,0.747,3.22,0.0,1
lig0044,"Voxelotor(GBT440, GTx011)",1,25,3.62,1,210.2,42.6,89.6,0.0,0.797,3.41,0.0,1
lig0044,"Voxelotor(GBT440, GTx011)",1,25,3.62,2,206.5,45.4,140.6,0.0,0.78,3.28,0.0,1
lig0044,"Voxelotor(GBT440, GTx011)",1,25,3.62,3,183.8,40.6,108.0,0.0,0.779,3.21,0.0,1
lig0001,Boldenone,1,21,3.66,3,156.8,36.7,130.2,0.0,0.766,3.4,0.0,1
lig0001,Boldenone,1,21,3.66,4,191.6,23.5,79.5,0.0,0.877,3.36,0.0,1
lig0002,Dehydroandrographolide,1,24,3.12,0,198.7,23.8,198.7,0.0,0.88,3.21,0.0,1
lig0002,Dehydroandrographolide,1,24,3.12,1,173.4,28.3,116.2,0.0,0.837,3.34,0.0,1
lig0042,Picoxystrobin,1,26,3.84,2,190.7,43.4,58.8,0.0,0.772,3.15,0.0,1
lig0042,Picoxystrobin,1,26,3.84,3,203.5,48.8,124.6,0.0,0.76,3.22,0.0,1
lig0042,Picoxystrobin,1,26,3.84,4,175.2,46.9,107.6,0.0,0.732,3.27,0.0,1
lig0043,Pyraclostrobin,1,27,4.24,0,153.1,44.5,119.9,0.0,0.709,3.37,0.0,1
lig0006,Ethinyl Estradiol,1,22,3.61,2,170.2,22.7,79.5,0.0,0.867,3.21,0.0,1
lig0006,Ethinyl Estradiol,1,22,3.61,3,227.9,32.0,155.1,0.0,0.86,3.3,0.0,1
lig0006,Ethinyl Estradiol,1,22,3.61,4,181.4,35.2,77.8,0.0,0.806,3.15,0.0,1
lig0007,Ethisterone,1,23,3.88,0,214.1,44.1,85.3,0.0,0.794,3.29,0.0,1
lig0050,Lonidamine,1,21,4.09,2,143.2,44.9,89.6,0.0,0.686,3.0,0.0,1
lig0050,Lonidamine,1,21,4.09,3,145.4,43.0,48.4,0.0,0.704,3.09,0.0,1
lig0050,Lonidamine,1,21,4.09,4,146.4,44.1,92.9,0.0,0.699,2.97,0.0,1
lig0051,Niclosamide,1,21,3.86,0,171.7,42.1,140.8,0.0,0.755,2.98,0.0,1
lig0047,Phenmedipham,1,22,3.78,1,190.5,44.1,132.8,0.0,0.769,3.3,0.0,1
lig0047,Phenmedipham,1,22,3.78,2,162.6,44.7,136.9,0.0,0.725,3.22,0.0,1
lig0047,Phenmedipham,1,22,3.78,3,157.5,45.6,79.3,0.0,0.71,3.07,0.0,1
lig0047,Phenmedipham,1,22,3.78,4,176.0,49.2,130.0,0.0,0.72,3.16,0.0,1
lig0036,Ethoprop,1,13,4.42,4,143.6,27.4,68.7,0.0,0.809,3.09,0.0,1
lig0037,Thioctic acid,1,12,2.79,0,127.7,22.5,86.8,0.0,0.824,3.06,0.0,1
lig0037,Thioctic acid,1,12,2.79,1,137.8,24.8,85.5,0.0,0.82,2.99,0.0,1
lig0037,Thioctic acid,1,12,2.79,2,127.4,22.5,127.4,0.0,0.823,2.91,0.0,1
lig0000,Alpha-Estradiol,1,20,3.61,0,170.9,25.1,170.9,0.0,0.853,3.35,0.0,1
lig0000,Alpha-Estradiol,1,20,3.61,1,188.1,23.8,102.0,0.0,0.873,3.3,0.0,1
lig0000,Alpha-Estradiol,1,20,3.61,2,191.8,24.4,151.4,0.0,0.873,3.26,0.0,1
lig0000,Alpha-Estradiol,1,20,3.61,3,167.2,36.9,114.5,0.0,0.779,3.19,0.0,1
lig0008,Lynestrenol,1,21,4.31,0,180.4,34.3,109.5,0.0,0.81,3.05,0.0,1
lig0008,Lynestrenol,1,21,4.31,1,186.8,27.6,139.3,0.0,0.852,3.33,0.0,1
lig0008,Lynestrenol,1,21,4.31,2,181.9,37.4,76.0,0.0,0.794,3.14,0.0,1
lig0008,Lynestrenol,1,21,4.31,3,200.2,25.9,102.2,0.0,0.871,3.09,0.0,1
lig0046,Mebendazole,1,22,2.97,2,165.2,37.6,165.2,0.0,0.772,3.11,0.0,1
lig0046,Mebendazole,1,22,2.97,3,122.0,37.2,122.0,0.0,0.695,3.01,0.0,1
lig0046,Mebendazole,1,22,2.97,4,185.1,20.5,84.7,0.0,0.889,3.11,0.0,1
lig0047,Phenmedipham,1,22,3.78,0,133.9,40.8,78.8,0.0,0.695,3.01,0.0,1
lig0009,Mestranol,1,23,3.92,3,133.9,25.5,133.9,0.0,0.81,3.28,0.0,1
lig0009,Mestranol,1,23,3.92,4,134.6,25.1,134.6,0.0,0.814,3.2,0.0,1
lig0010,Methandrostenolone,1,22,4.05,0,190.7,30.7,118.2,0.0,0.839,3.17,0.0,1
lig0010,Methandrostenolone,1,22,4.05,1,236.1,25.1,205.4,0.0,0.894,3.3,0.0,1
lig0020,Medetomidine HCl,1,15,3.18,0,141.9,36.9,90.7,0.0,0.74,3.13,0.0,1
lig0020,Medetomidine HCl,1,15,3.18,1,146.7,36.7,146.7,0.0,0.75,3.06,0.0,1
lig0020,Medetomidine HCl,1,15,3.18,2,152.9,40.4,95.9,0.0,0.736,3.23,0.0,1
lig0020,Medetomidine HCl,1,15,3.18,3,157.0,40.6,122.0,0.0,0.741,3.18,0.0,1
lig0048,Diclofenac Sodium,1,19,4.36,4,167.8,40.6,73.4,0.0,0.758,3.13,0.0,1
lig0049,Flamprop-methyl,1,22,3.6,0,188.6,36.3,109.7,0.0,0.808,3.39,0.0,1
lig0049,Flamprop-methyl,1,22,3.6,1,176.3,30.0,176.3,0.0,0.83,3.31,0.0,1
lig0049,Flamprop-methyl,1,22,3.6,2,170.9,28.9,126.6,0.0,0.831,3.41,0.0,1
lig0012,Norethindrone Acetate,1,25,4.06,0,203.3,28.5,117.3,0.0,0.86,3.31,0.0,1
lig0012,Norethindrone Acetate,1,25,4.06,1,175.8,43.0,87.7,0.0,0.755,3.35,0.0,1
lig0012,Norethindrone Acetate,1,25,4.06,2,155.1,25.3,74.7,0.0,0.837,3.24,0.0,1
lig0012,Norethindrone Acetate,1,25,4.06,3,210.4,28.3,138.5,0.0,0.865,3.25,0.0,1
lig0007,Ethisterone,1,23,3.88,1,197.6,25.5,110.8,0.0,0.871,3.13,0.0,1
lig0007,Ethisterone,1,23,3.88,2,199.2,36.9,77.5,0.0,0.815,3.24,0.0,1
lig0007,Ethisterone,1,23,3.88,3,196.6,23.5,196.6,0.0,0.88,3.15,0.0,1
lig0007,Ethisterone,1,23,3.88,4,190.3,21.0,148.0,0.0,0.89,3.5,0.0,1
lig0016,Tolmetin,1,19,2.19,4,187.5,40.8,128.7,0.0,0.782,3.16,0.0,1
lig0017,Zaltoprofen,1,21,3.76,0,169.8,49.2,71.1,49.2,0.71,3.21,2.47,1
lig0017,Zaltoprofen,1,21,3.76,1,196.1,39.3,138.7,0.0,0.8,3.17,0.0,1
lig0017,Zaltoprofen,1,21,3.76,2,189.6,42.3,91.2,0.0,0.777,3.07,0.0,1
lig0032,Amiprofos Methyl,1,19,3.15,0,159.0,32.8,104.3,0.0,0.794,3.05,0.0,1
lig0032,Amiprofos Methyl,1,19,3.15,1,157.9,33.9,93.7,0.0,0.785,3.23,0.0,1
lig0032,Amiprofos Methyl,1,19,3.15,2,151.2,40.2,101.7,0.0,0.734,3.13,0.0,1
lig0032,Amiprofos Methyl,1,19,3.15,3,137.4,23.1,76.0,0.0,0.832,3.09,0.0,1
lig0024,Nonivamide,1,21,3.77,4,181.0,40.6,84.9,0.0,0.776,3.17,0.0,1
lig0025,Olanexidine Hydrochloride semihydrate,1,24,4.07,0,196.8,40.6,196.8,0.0,0.794,3.17,0.0,1
lig0025,Olanexidine Hydrochloride semihydrate,1,24,4.07,1,186.6,40.0,90.7,0.0,0.786,3.23,0.0,1
lig0025,Olanexidine Hydrochloride semihydrate,1,24,4.07,2,200.0,42.3,102.4,0.0,0.788,3.12,0.0,1
lig0018,Dexmedetomidine HCl,1,15,3.18,2,166.5,33.5,63.9,0.0,0.799,3.11,0.0,1
lig0018,Dexmedetomidine HCl,1,15,3.18,3,151.6,30.2,112.3,0.0,0.801,3.18,0.0,1
lig0018,Dexmedetomidine HCl,1,15,3.18,4,143.4,40.6,143.4,0.0,0.717,3.13,0.0,1
lig0019,Etomidate hydrochloride,1,18,2.67,0,156.8,34.8,156.8,0.0,0.778,3.13,0.0,1
lig0030,Clomazone,1,16,2.64,2,157.7,38.7,104.3,0.0,0.755,3.11,0.0,1
lig0030,Clomazone,1,16,2.64,3,146.9,45.1,82.1,0.0,0.693,2.96,0.0,1
lig0030,Clomazone,1,16,2.64,4,148.6,40.2,68.5,0.0,0.729,3.19,0.0,1
lig0031,Crotamiton,1,15,2.92,0,153.6,43.0,104.8,0.0,0.72,3.24,0.0,1
lig0043,Pyraclostrobin,1,27,4.24,1,173.9,43.0,82.9,0.0,0.753,3.21,0.0,1
lig0043,Pyraclostrobin,1,27,4.24,2,187.1,43.4,141.9,0.0,0.768,3.28,0.0,1
lig0043,Pyraclostrobin,1,27,4.24,3,141.0,36.9,79.5,0.0,0.738,3.01,0.0,1
lig0043,Pyraclostrobin,1,27,4.24,4,180.4,46.7,180.4,0.0,0.741,3.56,0.0,1
lig0010,Methandrostenolone,1,22,4.05,2,198.5,23.8,106.7,0.0,0.88,3.21,0.0,1
lig0010,Methandrostenolone,1,22,4.05,3,138.9,26.8,138.9,0.0,0.807,3.22,0.0,1
lig0010,Methandrostenolone,1,22,4.05,4,181.2,25.9,135.0,25.9,0.857,3.19,2.41,1
lig0011,Norethindrone,1,22,3.49,0,200.0,29.6,94.8,0.0,0.852,3.18,0.0,1
lig0002,Dehydroandrographolide,1,24,3.12,2,183.6,23.3,124.0,0.0,0.873,3.48,0.0,1
lig0002,Dehydroandrographolide,1,24,3.12,3,195.3,24.0,132.0,0.0,0.877,3.21,0.0,1
lig0002,Dehydroandrographolide,1,24,3.12,4,185.5,27.4,151.6,0.0,0.852,3.38,0.0,1
lig0003,Desogestrel,1,23,4.87,0,229.0,25.7,130.7,0.0,0.888,3.61,0.0,1
lig0028,Zucapsaicin,1,22,3.79,0,189.6,30.5,134.4,0.0,0.839,3.28,0.0,1
lig0028,Zucapsaicin,1,22,3.79,1,208.9,33.5,112.8,0.0,0.84,3.24,0.0,1
lig0028,Zucapsaicin,1,22,3.79,2,200.7,32.6,70.6,0.0,0.838,3.25,0.0,1
lig0028,Zucapsaicin,1,22,3.79,3,192.0,31.8,130.2,0.0,0.834,3.36,0.0,1
lig0031,Crotamiton,1,15,2.92,1,145.6,36.5,101.1,0.0,0.749,3.2,0.0,1
lig0031,Crotamiton,1,15,2.92,2,154.7,43.0,73.0,0.0,0.722,3.27,0.0,1
lig0031,Crotamiton,1,15,2.92,3,153.1,44.3,96.3,0.0,0.711,3.1,0.0,1
lig0031,Crotamiton,1,15,2.92,4,157.0,40.4,64.2,0.0,0.743,3.02,0.0,1
lig0015,Pranoprofen,1,19,2.97,1,178.8,41.0,178.8,0.0,0.771,3.12,0.0,1
lig0015,Pranoprofen,1,19,2.97,2,180.8,31.8,83.6,0.0,0.824,3.19,0.0,1
lig0015,Pranoprofen,1,19,2.97,3,150.1,38.7,90.7,0.0,0.742,3.01,0.0,1
lig0015,Pranoprofen,1,19,2.97,4,132.6,44.3,87.0,0.0,0.666,3.17,0.0,1
lig0040,Amitraz,1,22,4.87,0,189.9,44.9,85.5,0.0,0.764,3.42,0.0,1
lig0040,Amitraz,1,22,4.87,1,208.9,49.7,143.9,0.0,0.762,3.13,0.0,1
lig0040,Amitraz,1,22,4.87,2,180.6,43.2,125.9,0.0,0.761,3.18,0.0,1
lig0040,Amitraz,1,22,4.87,3,167.2,46.4,126.1,0.0,0.722,3.32,0.0,1
lig0027,S- (+)-Rolipram,1,20,2.62,1,162.6,36.3,91.4,0.0,0.777,3.32,0.0,1
lig0027,S- (+)-Rolipram,1,20,2.62,2,174.7,40.0,112.1,0.0,0.771,3.15,0.0,1
lig0027,S- (+)-Rolipram,1,20,2.62,3,163.1,40.0,96.8,0.0,0.755,3.34,0.0,1
lig0027,S- (+)-Rolipram,1,20,2.62,4,188.8,35.2,140.6,0.0,0.814,3.1,0.0,1
lig0044,"Voxelotor(GBT440, GTx011)",1,25,3.62,4,210.0,40.0,179.3,0.0,0.81,3.29,0.0,1
lig0045,Amsacrine Hydrochloride,1,28,4.51,0,162.0,44.5,103.2,0.0,0.725,3.11,0.0,1
lig0045,Amsacrine Hydrochloride,1,28,4.51,1,161.4,39.3,120.3,0.0,0.757,3.12,0.0,1
lig0045,Amsacrine Hydrochloride,1,28,4.51,2,168.0,45.4,87.0,0.0,0.73,3.06,0.0,1
lig0020,Medetomidine HCl,1,15,3.18,4,156.0,36.9,97.4,0.0,0.763,3.11,0.0,1
lig0021,Capsaicin(Vanilloid),1,22,3.79,0,180.8,20.5,137.8,0.0,0.887,3.25,0.0,1
lig0021,Capsaicin(Vanilloid),1,22,3.79,1,188.1,32.6,116.2,0.0,0.827,3.33,0.0,1
lig0021,Capsaicin(Vanilloid),1,22,3.79,2,184.9,30.0,90.7,0.0,0.838,3.16,0.0,1
lig0021,Capsaicin(Vanilloid),1,22,3.79,3,186.4,42.8,82.9,0.0,0.77,3.31,0.0,1
lig0021,Capsaicin(Vanilloid),1,22,3.79,4,194.4,41.0,132.4,0.0,0.789,3.21,0.0,1
lig0022,Dihydrocapsaicin,1,22,4.01,0,197.0,33.3,103.0,0.0,0.831,3.16,0.0,1
lig0022,Dihydrocapsaicin,1,22,4.01,1,172.8,32.6,119.9,0.0,0.811,3.13,0.0,1
lig0011,Norethindrone,1,22,3.49,1,207.8,28.7,146.9,0.0,0.862,3.31,0.0,1
lig0011,Norethindrone,1,22,3.49,2,203.9,30.9,174.5,0.0,0.848,3.33,0.0,1
lig0011,Norethindrone,1,22,3.49,3,175.0,26.8,175.0,0.0,0.847,3.45,0.0,1
lig0011,Norethindrone,1,22,3.49,4,186.8,26.4,132.8,0.0,0.859,3.15,0.0,1
lig0049,Flamprop-methyl,1,22,3.6,3,171.5,37.4,171.5,0.0,0.782,3.45,0.0,1
lig0049,Flamprop-methyl,1,22,3.6,4,191.8,47.1,138.0,0.0,0.754,3.36,0.0,1
lig0050,Lonidamine,1,21,4.09,0,166.5,49.2,166.5,0.0,0.705,3.14,0.0,1
lig0050,Lonidamine,1,21,4.09,1,155.7,46.4,95.5,0.0,0.702,3.08,0.0,1
lig0040,Amitraz,1,22,4.87,4,168.5,37.6,121.4,0.0,0.777,3.22,0.0,1
lig0041,Istradefylline,1,28,2.12,0,192.7,25.9,79.3,0.0,0.866,3.21,0.0,1
lig0041,Istradefylline,1,28,2.12,1,178.0,23.3,83.6,0.0,0.869,3.06,0.0,1
lig0041,Istradefylline,1,28,2.12,2,168.5,32.0,129.0,0.0,0.81,3.27,0.0,1
lig0036,Ethoprop,1,13,4.42,0,121.2,19.9,121.2,0.0,0.836,2.85,0.0,1
lig0036,Ethoprop,1,13,4.42,1,135.9,26.6,135.9,0.0,0.804,3.25,0.0,1
lig0036,Ethoprop,1,13,4.42,2,147.3,22.2,147.3,0.0,0.849,3.09,0.0,1
lig0036,Ethoprop,1,13,4.42,3,137.4,28.1,60.7,0.0,0.795,3.18,0.0,1
lig0024,Nonivamide,1,21,3.77,0,183.0,35.4,115.3,0.0,0.807,3.21,0.0,1
lig0024,Nonivamide,1,21,3.77,1,187.3,28.1,102.0,0.0,0.85,3.26,0.0,1
lig0024,Nonivamide,1,21,3.77,2,166.3,26.1,98.1,0.0,0.843,3.2,0.0,1
lig0024,Nonivamide,1,21,3.77,3,157.2,38.9,67.8,0.0,0.753,3.17,0.0,1
lig0028,Zucapsaicin,1,22,3.79,4,188.6,42.6,122.0,0.0,0.774,3.18,0.0,1
lig0029,Alachlor,1,18,2.99,0,160.3,40.0,101.5,0.0,0.75,3.13,0.0,1
lig0029,Alachlor,1,18,2.99,1,150.1,40.4,150.1,0.0,0.731,3.1,0.0,1
lig0029,Alachlor,1,18,2.99,2,155.3,43.8,111.9,0.0,0.718,3.22,0.0,1
lig0045,Amsacrine Hydrochloride,1,28,4.51,3,149.0,45.8,125.7,0.0,0.693,3.05,0.0,1
lig0045,Amsacrine Hydrochloride,1,28,4.51,4,186.2,24.8,100.0,0.0,0.867,3.07,0.0,1
lig0046,Mebendazole,1,22,2.97,0,157.0,37.2,51.8,0.0,0.763,3.19,0.0,1
lig0046,Mebendazole,1,22,2.97,1,146.7,45.6,146.7,0.0,0.689,3.07,0.0,1
lig0037,Thioctic acid,1,12,2.79,3,137.8,36.9,137.8,0.0,0.732,3.12,0.0,1
lig0037,Thioctic acid,1,12,2.79,4,159.4,27.4,106.3,0.0,0.828,3.27,0.0,1
lig0038,Valproic acid,1,10,2.29,0,123.8,25.1,84.7,0.0,0.797,3.1,0.0,1
lig0038,Valproic acid,1,10,2.29,1,122.5,27.2,122.5,0.0,0.778,3.03,0.0,1
lig0048,Diclofenac Sodium,1,19,4.36,0,165.7,51.2,77.3,0.0,0.691,3.04,0.0,1
lig0048,Diclofenac Sodium,1,19,4.36,1,163.7,41.5,116.4,0.0,0.746,3.16,0.0,1
lig0048,Diclofenac Sodium,1,19,4.36,2,151.6,38.4,113.0,0.0,0.747,3.0,0.0,1
lig0048,Diclofenac Sodium,1,19,4.36,3,186.2,44.1,135.2,0.0,0.763,3.24,0.0,1
lig0013,S-(+)-Ketoprofen,1,19,3.11,3,176.5,39.7,115.1,0.0,0.775,3.31,0.0,1
lig0013,S-(+)-Ketoprofen,1,19,3.11,4,165.5,26.4,107.8,0.0,0.84,3.12,0.0,1
lig0014,Ketoprofen,1,19,3.11,0,149.5,40.4,106.1,0.0,0.73,3.14,0.0,1
lig0014,Ketoprofen,1,19,3.11,1,171.5,46.0,107.1,0.0,0.732,2.91,0.0,1
lig0008,Lynestrenol,1,21,4.31,4,203.9,35.4,76.5,0.0,0.826,3.21,0.0,1
lig0009,Mestranol,1,23,3.92,0,133.5,24.2,61.8,0.0,0.819,3.17,0.0,1
lig0009,Mestranol,1,23,3.92,1,126.8,22.7,126.8,0.0,0.821,3.13,0.0,1
lig0009,Mestranol,1,23,3.92,2,148.6,22.7,106.7,0.0,0.847,3.2,0.0,1
lig0014,Ketoprofen,1,19,3.11,2,176.9,32.2,132.6,0.0,0.818,3.22,0.0,1
lig0014,Ketoprofen,1,19,3.11,3,176.7,42.6,176.7,0.0,0.759,3.21,0.0,1
lig0014,Ketoprofen,1,19,3.11,4,178.0,48.8,131.1,0.0,0.726,3.17,0.0,1
lig0015,Pranoprofen,1,19,2.97,0,133.7,45.4,94.2,0.0,0.66,3.08,0.0,1
lig0025,Olanexidine Hydrochloride semihydrate,1,24,4.07,3,210.8,43.4,124.8,0.0,0.794,3.21,0.0,1
lig0025,Olanexidine Hydrochloride semihydrate,1,24,4.07,4,194.0,38.9,133.1,0.0,0.799,3.21,0.0,1
lig0026,Ramelteon,1,19,2.57,0,180.1,45.4,180.1,0.0,0.748,3.2,0.0,1
lig0026,Ramelteon,1,19,2.57,1,159.6,40.2,131.8,0.0,0.748,3.09,0.0,1
lig0012,Norethindrone Acetate,1,25,4.06,4,202.0,22.7,177.3,0.0,0.888,3.37,0.0,1
lig0013,S-(+)-Ketoprofen,1,19,3.11,0,151.8,37.2,111.7,0.0,0.755,3.2,0.0,1
lig0013,S-(+)-Ketoprofen,1,19,3.11,1,194.8,37.4,83.8,0.0,0.808,3.21,0.0,1
lig0013,S-(+)-Ketoprofen,1,19,3.11,2,177.8,39.5,104.1,0.0,0.778,3.33,0.0,1
lig0033,Carbimazole,1,12,1.56,3,127.0,25.5,127.0,0.0,0.799,3.05,0.0,1
lig0033,Carbimazole,1,12,1.56,4,140.4,24.8,41.9,0.0,0.823,3.15,0.0,1
lig0034,DEET,1,14,2.48,0,144.9,33.7,94.6,0.0,0.767,3.14,0.0,1
lig0034,DEET,1,14,2.48,1,151.8,40.2,110.6,0.0,0.735,3.18,0.0,1
lig0029,Alachlor,1,18,2.99,3,171.3,38.7,127.7,0.0,0.774,3.29,0.0,1
lig0029,Alachlor,1,18,2.99,4,149.9,40.0,109.3,0.0,0.733,3.22,0.0,1
lig0030,Clomazone,1,16,2.64,0,159.0,34.6,159.0,0.0,0.782,3.12,0.0,1
lig0030,Clomazone,1,16,2.64,1,156.2,24.4,156.2,0.0,0.844,3.29,0.0,1
lig0004,Estradiol,1,20,3.61,0,203.0,40.0,91.2,0.0,0.803,3.19,0.0,1
lig0004,Estradiol,1,20,3.61,1,208.2,25.1,137.2,0.0,0.879,3.35,0.0,1
lig0004,Estradiol,1,20,3.61,2,141.5,39.1,76.0,0.0,0.724,3.22,0.0,1
lig0004,Estradiol,1,20,3.61,3,146.0,42.3,53.6,0.0,0.71,3.43,0.0,1
lig0032,Amiprofos Methyl,1,19,3.15,4,156.4,37.2,156.4,0.0,0.762,3.13,0.0,1
lig0033,Carbimazole,1,12,1.56,0,132.0,44.9,132.0,0.0,0.66,3.07,0.0,1
lig0033,Carbimazole,1,12,1.56,1,133.7,38.9,92.2,0.0,0.709,3.11,0.0,1
lig0033,Carbimazole,1,12,1.56,2,136.1,41.0,91.8,0.0,0.699,3.04,0.0,1
lig0017,Zaltoprofen,1,21,3.76,3,190.5,35.4,80.8,0.0,0.814,3.11,0.0,1
lig0017,Zaltoprofen,1,21,3.76,4,221.4,39.3,160.5,0.0,0.822,3.32,0.0,1
lig0018,Dexmedetomidine HCl,1,15,3.18,0,150.1,41.5,150.1,0.0,0.724,3.17,0.0,1
lig0018,Dexmedetomidine HCl,1,15,3.18,1,142.8,35.2,87.0,0.0,0.754,3.06,0.0,1
lig0051,Niclosamide,1,21,3.86,1,169.3,45.8,127.0,0.0,0.729,3.12,0.0,1
lig0051,Niclosamide,1,21,3.86,2,124.8,39.7,96.6,0.0,0.682,3.16,0.0,1
lig0051,Niclosamide,1,21,3.86,3,152.3,46.7,152.3,0.0,0.693,3.19,0.0,1
lig0051,Niclosamide,1,21,3.86,4,191.8,44.9,191.8,0.0,0.766,3.34,0.0,1
lig0052,Chlorobenzilat,1,21,3.79,0,173.0,45.6,173.0,0.0,0.736,3.04,0.0,1
lig0052,Chlorobenzilat,1,21,3.79,1,159.8,49.5,159.8,0.0,0.69,3.21,0.0,1
lig0052,Chlorobenzilat,1,21,3.79,2,174.5,35.2,73.0,0.0,0.798,3.17,0.0,1
lig0052,Chlorobenzilat,1,21,3.79,3,153.8,42.8,153.8,0.0,0.722,2.99,0.0,1
lig0060,Nitrendipine,1,26,2.57,4,195.5,44.9,94.0,0.0,0.77,3.29,0.0,1
lig0061,Budesonide,1,31,2.72,0,168.9,27.2,134.6,27.2,0.839,3.28,2.41,1
lig0061,Budesonide,1,31,2.72,1,161.4,24.2,78.4,0.0,0.85,3.31,0.0,1
lig0061,Budesonide,1,31,2.72,2,161.8,25.1,73.2,0.0,0.845,3.29,0.0,1
lig0062,Chlormadinone acetate,1,28,4.75,2,151.8,25.5,151.8,0.0,0.832,3.27,0.0,1
lig0062,Chlormadinone acetate,1,28,4.75,3,146.7,34.6,131.1,0.0,0.764,3.32,0.0,1
lig0062,Chlormadinone acetate,1,28,4.75,4,171.9,30.7,97.8,0.0,0.821,3.28,0.0,1
lig0063,Cyproterone Acetate,1,29,4.61,0,147.1,32.2,147.1,0.0,0.781,3.34,0.0,1
lig0056,Trinexapac-ethyl,1,18,1.32,4,132.2,19.9,132.2,0.0,0.849,3.19,0.0,1
lig0057,Malotilate,1,18,3.05,0,177.1,35.0,146.9,0.0,0.802,3.26,0.0,1
lig0057,Malotilate,1,18,3.05,1,178.8,35.4,178.8,0.0,0.802,3.3,0.0,1
lig0057,Malotilate,1,18,3.05,2,170.9,21.0,113.6,0.0,0.877,3.06,0.0,1
lig0071,Mesterolone,1,22,4.21,1,198.3,22.5,89.0,0.0,0.887,3.19,0.0,1
lig0071,Mesterolone,1,22,4.21,2,189.4,25.1,78.4,0.0,0.867,3.15,0.0,1
lig0071,Mesterolone,1,22,4.21,3,180.1,25.3,130.9,0.0,0.86,3.28,0.0,1
lig0071,Mesterolone,1,22,4.21,4,174.3,24.0,100.4,0.0,0.862,3.46,0.0,1
lig0067,Medroxyprogesterone acetate,1,28,4.66,1,174.5,25.1,147.3,0.0,0.856,3.37,0.0,1
lig0067,Medroxyprogesterone acetate,1,28,4.66,2,180.4,24.8,85.8,0.0,0.863,3.35,0.0,1
lig0067,Medroxyprogesterone acetate,1,28,4.66,3,182.5,25.7,122.9,0.0,0.859,3.21,0.0,1
lig0067,Medroxyprogesterone acetate,1,28,4.66,4,159.8,25.1,107.8,0.0,0.843,3.43,0.0,1
lig0068,Megestrol Acetate,1,28,4.58,4,164.4,26.1,121.8,0.0,0.841,3.46,0.0,1
lig0069,Allopregnanolone,1,23,4.6,0,196.8,22.5,79.5,0.0,0.886,3.16,0.0,1
lig0069,Allopregnanolone,1,23,4.6,1,164.8,24.8,118.6,0.0,0.85,3.07,0.0,1
lig0069,Allopregnanolone,1,23,4.6,2,201.7,27.0,98.1,0.0,0.866,3.21,0.0,1
lig0057,Malotilate,1,18,3.05,3,164.4,43.8,164.4,0.0,0.734,3.21,0.0,1
lig0057,Malotilate,1,18,3.05,4,169.3,19.9,169.3,0.0,0.882,3.18,0.0,1
lig0058,Nilvadipine,1,28,2.46,0,176.7,44.5,97.0,0.0,0.748,3.41,0.0,1
lig0058,Nilvadipine,1,28,2.46,1,213.8,42.3,113.6,0.0,0.802,3.31,0.0,1
lig0053,Dimoxystrobin,1,24,2.98,3,180.1,48.6,76.9,0.0,0.73,3.15,0.0,1
lig0053,Dimoxystrobin,1,24,2.98,4,169.6,26.6,82.5,0.0,0.843,3.26,0.0,1
lig0054,Carpropamid,1,20,4.74,0,184.0,42.1,113.4,0.0,0.771,3.46,0.0,1
lig0054,Carpropamid,1,20,4.74,1,179.1,34.1,90.7,0.0,0.81,3.31,0.0,1
lig0065,Gedunin,1,35,4.56,3,203.9,26.4,162.6,0.0,0.871,3.29,0.0,1
lig0065,Gedunin,1,35,4.56,4,198.9,28.1,170.0,0.0,0.859,3.45,0.0,1
lig0066,Medroxyprogesterone,1,25,4.08,0,173.2,25.1,150.3,0.0,0.855,3.27,0.0,1
lig0066,Medroxyprogesterone,1,25,4.08,1,213.2,22.7,143.4,0.0,0.894,3.48,0.0,1
lig0066,Medroxyprogesterone,1,25,4.08,2,236.5,34.3,85.3,0.0,0.855,3.34,0.0,1
lig0066,Medroxyprogesterone,1,25,4.08,3,244.1,25.5,135.6,0.0,0.896,3.21,0.0,1
lig0066,Medroxyprogesterone,1,25,4.08,4,211.0,25.7,111.9,0.0,0.878,3.19,0.0,1
lig0067,Medroxyprogesterone acetate,1,28,4.66,0,173.7,22.7,109.1,0.0,0.869,3.3,0.0,1
lig0064,Diflucortolone valerate,1,34,4.47,4,180.4,25.7,138.5,0.0,0.858,3.36,0.0,1
lig0065,Gedunin,1,35,4.56,0,156.6,28.5,91.6,0.0,0.818,3.38,0.0,1
lig0065,Gedunin,1,35,4.56,1,155.1,22.7,56.2,0.0,0.854,3.3,0.0,1
lig0065,Gedunin,1,35,4.56,2,181.4,28.5,129.4,0.0,0.843,3.39,0.0,1
lig0056,Trinexapac-ethyl,1,18,1.32,0,138.9,31.3,110.6,0.0,0.775,3.03,0.0,1
lig0056,Trinexapac-ethyl,1,18,1.32,1,135.2,24.2,96.8,0.0,0.821,2.96,0.0,1
lig0056,Trinexapac-ethyl,1,18,1.32,2,146.9,22.0,116.2,0.0,0.85,3.07,0.0,1
lig0056,Trinexapac-ethyl,1,18,1.32,3,127.7,22.9,87.9,0.0,0.821,3.03,0.0,1
lig0072,Dehydroepiandrosterone (DHEA),1,21,3.88,4,174.5,24.8,103.7,0.0,0.858,3.22,0.0,1
lig0073,Sclareol,1,22,4.7,0,166.5,23.5,121.2,0.0,0.859,3.21,0.0,1
lig0073,Sclareol,1,22,4.7,1,198.7,24.2,198.7,0.0,0.878,3.35,0.0,1
lig0073,Sclareol,1,22,4.7,2,183.0,24.8,120.3,0.0,0.864,3.36,0.0,1
lig0054,Carpropamid,1,20,4.74,2,208.2,38.4,208.2,0.0,0.816,3.41,0.0,1
lig0054,Carpropamid,1,20,4.74,3,195.5,42.3,146.4,0.0,0.784,3.33,0.0,1
lig0054,Carpropamid,1,20,4.74,4,201.1,24.0,110.6,0.0,0.881,3.41,0.0,1
lig0055,Flufenacet,1,24,3.52,0,193.8,42.8,104.3,0.0,0.779,3.25,0.0,1
lig0052,Chlorobenzilat,1,21,3.79,4,143.9,43.6,41.3,0.0,0.697,3.05,0.0,1
lig0053,Dimoxystrobin,1,24,2.98,0,148.4,43.4,60.5,0.0,0.708,3.19,0.0,1
lig0053,Dimoxystrobin,1,24,2.98,1,162.2,43.0,111.9,0.0,0.735,3.17,0.0,1
lig0053,Dimoxystrobin,1,24,2.98,2,172.6,45.4,172.6,0.0,0.737,3.23,0.0,1
lig0088,2-Hydroxy-9-Fluorenone,1,15,2.6,0,132.6,24.8,68.5,0.0,0.813,3.08,0.0,1
lig0088,2-Hydroxy-9-Fluorenone,1,15,2.6,1,164.8,33.9,81.4,0.0,0.794,3.26,0.0,1
lig0088,2-Hydroxy-9-Fluorenone,1,15,2.6,2,157.7,23.5,121.8,0.0,0.851,3.12,0.0,1
lig0088,2-Hydroxy-9-Fluorenone,1,15,2.6,3,167.0,48.2,167.0,0.0,0.711,3.17,0.0,1
lig0072,Dehydroepiandrosterone (DHEA),1,21,3.88,0,176.5,24.0,114.5,0.0,0.864,3.29,0.0,1
lig0072,Dehydroepiandrosterone (DHEA),1,21,3.88,1,192.7,28.3,86.8,0.0,0.853,3.09,0.0,1
lig0072,Dehydroepiandrosterone (DHEA),1,21,3.88,2,192.7,24.8,130.7,0.0,0.871,3.21,0.0,1
lig0072,Dehydroepiandrosterone (DHEA),1,21,3.88,3,197.4,24.6,91.2,0.0,0.875,3.1,0.0,1
lig0059,Nimodipine,1,30,2.97,1,221.4,43.6,136.7,0.0,0.803,3.34,0.0,1
lig0059,Nimodipine,1,30,2.97,2,184.5,37.4,43.6,0.0,0.797,3.14,0.0,1
lig0059,Nimodipine,1,30,2.97,3,202.2,26.1,154.0,0.0,0.871,3.24,0.0,1
lig0059,Nimodipine,1,30,2.97,4,198.3,44.7,79.3,0.0,0.775,3.21,0.0,1
lig0089,2-Hydroxybenzophenone (10x),1,15,2.62,3,148.4,44.9,76.9,0.0,0.697,3.08,0.0,1
lig0089,2-Hydroxybenzophenone (10x),1,15,2.62,4,132.4,40.8,132.4,0.0,0.692,3.05,0.0,1
lig0090,2-Hydroxychalcone,1,17,3.29,0,164.8,38.9,114.9,0.0,0.764,3.05,0.0,1
lig0090,2-Hydroxychalcone,1,17,3.29,1,146.2,45.6,113.8,0.0,0.688,3.31,0.0,1
lig0073,Sclareol,1,22,4.7,3,167.2,21.0,126.1,0.0,0.874,3.42,0.0,1
lig0073,Sclareol,1,22,4.7,4,186.2,23.8,121.4,0.0,0.872,3.37,0.0,1
lig0074,Vildagliptin (LAF-237),1,22,1.17,0,157.5,32.4,107.6,0.0,0.794,3.26,0.0,1
lig0074,Vildagliptin (LAF-237),1,22,1.17,1,205.4,25.9,147.1,0.0,0.874,3.26,0.0,1
lig0061,Budesonide,1,31,2.72,3,167.0,23.8,70.0,0.0,0.857,3.4,0.0,1
lig0061,Budesonide,1,31,2.72,4,150.8,22.7,118.2,0.0,0.849,3.2,0.0,1
lig0062,Chlormadinone acetate,1,28,4.75,0,164.8,30.5,128.1,0.0,0.815,3.31,0.0,1
lig0062,Chlormadinone acetate,1,28,4.75,1,138.7,34.8,138.7,0.0,0.749,3.3,0.0,1
lig0063,Cyproterone Acetate,1,29,4.61,1,155.7,28.3,100.9,0.0,0.818,3.43,0.0,1
lig0063,Cyproterone Acetate,1,29,4.61,2,170.9,22.9,131.5,0.0,0.866,3.35,0.0,1
lig0063,Cyproterone Acetate,1,29,4.61,3,157.7,25.5,85.1,0.0,0.838,3.31,0.0,1
lig0063,Cyproterone Acetate,1,29,4.61,4,134.8,24.8,113.0,0.0,0.816,3.34,0.0,1
lig0086,Mefenamic Acid,1,18,3.75,2,145.2,25.3,107.1,0.0,0.826,3.08,0.0,1
lig0086,Mefenamic Acid,1,18,3.75,3,158.3,51.8,76.7,0.0,0.673,3.13,0.0,1
lig0086,Mefenamic Acid,1,18,3.75,4,138.9,36.1,77.8,0.0,0.74,3.01,0.0,1
lig0087,Cyclandelate,1,20,3.48,0,148.4,35.2,56.6,0.0,0.763,3.15,0.0,1
lig0074,Vildagliptin (LAF-237),1,22,1.17,2,148.8,34.3,94.6,0.0,0.769,3.16,0.0,1
lig0074,Vildagliptin (LAF-237),1,22,1.17,3,156.0,24.0,68.9,0.0,0.846,3.29,0.0,1
lig0074,Vildagliptin (LAF-237),1,22,1.17,4,174.7,23.3,123.3,0.0,0.867,3.44,0.0,1
lig0075,Butylparaben,1,14,2.35,0,153.4,37.4,110.6,0.0,0.756,3.16,0.0,1
lig0055,Flufenacet,1,24,3.52,1,213.8,46.0,105.0,0.0,0.785,3.3,0.0,1
lig0055,Flufenacet,1,24,3.52,2,192.7,40.8,192.7,0.0,0.788,3.22,0.0,1
lig0055,Flufenacet,1,24,3.52,3,162.4,43.8,72.8,0.0,0.73,3.27,0.0,1
lig0055,Flufenacet,1,24,3.52,4,212.5,34.8,118.6,0.0,0.836,3.19,0.0,1
lig0080,"Orsellinic Acid, Ethyl Ester",1,14,1.58,4,118.4,43.6,49.2,0.0,0.632,2.96,0.0,1
lig0081,Propylparaben,1,13,1.96,0,127.9,37.8,127.9,0.0,0.704,3.2,0.0,1
lig0081,Propylparaben,1,13,1.96,1,138.9,40.6,56.6,0.0,0.708,2.9,0.0,1
lig0081,Propylparaben,1,13,1.96,2,123.8,42.1,70.0,0.0,0.66,2.94,0.0,1
lig0070,Formestane,1,22,3.97,2,177.6,34.3,71.9,0.0,0.807,3.27,0.0,1
lig0070,Formestane,1,22,3.97,3,201.1,26.1,201.1,0.0,0.87,3.31,0.0,1
lig0070,Formestane,1,22,3.97,4,186.6,26.1,121.6,0.0,0.86,3.22,0.0,1
lig0071,Mesterolone,1,22,4.21,0,217.9,25.5,102.4,0.0,0.883,3.34,0.0,1
lig0064,Diflucortolone valerate,1,34,4.47,0,158.5,22.0,112.5,0.0,0.861,3.36,0.0,1
lig0064,Diflucortolone valerate,1,34,4.47,1,185.8,24.4,185.8,0.0,0.869,3.63,0.0,1
lig0064,Diflucortolone valerate,1,34,4.47,2,167.0,27.2,87.0,0.0,0.837,3.49,0.0,1
lig0064,Diflucortolone valerate,1,34,4.47,3,143.0,28.3,82.7,0.0,0.802,3.48,0.0,1
lig0060,Nitrendipine,1,26,2.57,0,152.9,39.5,152.9,0.0,0.742,3.28,0.0,1
lig0060,Nitrendipine,1,26,2.57,1,195.0,38.9,97.0,0.0,0.801,3.17,0.0,1
lig0060,Nitrendipine,1,26,2.57,2,169.3,32.8,97.2,0.0,0.806,3.17,0.0,1
lig0060,Nitrendipine,1,26,2.57,3,173.9,39.7,125.9,0.0,0.772,3.29,0.0,1
lig0076,Dibutyl phthalate,1,20,3.6,0,216.0,38.0,130.9,0.0,0.824,3.34,0.0,1
lig0076,Dibutyl phthalate,1,20,3.6,1,175.2,43.2,105.2,0.0,0.753,3.18,0.0,1
lig0076,Dibutyl phthalate,1,20,3.6,2,160.3,38.4,160.3,0.0,0.76,3.2,0.0,1
lig0076,Dibutyl phthalate,1,20,3.6,3,214.9,30.0,115.6,0.0,0.86,3.26,0.0,1
lig0069,Allopregnanolone,1,23,4.6,3,217.1,24.2,98.9,0.0,0.889,3.4,0.0,1
lig0069,Allopregnanolone,1,23,4.6,4,190.7,28.7,133.5,0.0,0.85,3.24,0.0,1
lig0070,Formestane,1,22,3.97,0,162.0,26.8,101.5,26.8,0.835,3.27,2.4,1
lig0070,Formestane,1,22,3.97,1,190.3,24.0,190.3,0.0,0.874,3.18,0.0,1
lig0083,Thioxolone,1,11,1.56,1,108.2,33.7,32.4,0.0,0.689,3.04,0.0,1
lig0083,Thioxolone,1,11,1.56,2,129.6,32.4,82.9,0.0,0.75,3.05,0.0,1
lig0083,Thioxolone,1,11,1.56,3,110.6,37.8,68.5,0.0,0.658,3.0,0.0,1
lig0083,Thioxolone,1,11,1.56,4,153.4,43.8,113.0,0.0,0.714,3.1,0.0,1
lig0068,Megestrol Acetate,1,28,4.58,0,154.9,25.7,117.7,0.0,0.834,3.55,0.0,1
lig0068,Megestrol Acetate,1,28,4.58,1,159.6,28.3,131.1,0.0,0.823,3.28,0.0,1
lig0068,Megestrol Acetate,1,28,4.58,2,171.7,24.0,73.2,0.0,0.86,3.33,0.0,1
lig0068,Megestrol Acetate,1,28,4.58,3,149.0,26.1,68.3,0.0,0.825,3.42,0.0,1
lig0077,Ethylparaben,1,12,1.57,3,121.0,41.3,121.0,0.0,0.659,2.99,0.0,1
lig0077,Ethylparaben,1,12,1.57,4,131.1,27.2,131.1,0.0,0.793,2.98,0.0,1
lig0078,Eugenol,1,12,2.13,0,121.6,43.2,89.0,0.0,0.645,2.94,0.0,1
lig0078,Eugenol,1,12,2.13,1,125.1,37.4,125.1,0.0,0.701,3.04,0.0,1
lig0084,Flufenamic acid,1,20,4.15,4,153.1,46.9,93.7,0.0,0.694,3.1,0.0,1
lig0085,Flunixin Meglumin,1,21,3.85,0,140.8,48.0,48.4,0.0,0.659,3.32,0.0,1
lig0085,Flunixin Meglumin,1,21,3.85,1,157.2,49.7,39.1,0.0,0.684,3.26,0.0,1
lig0085,Flunixin Meglumin,1,21,3.85,2,167.2,46.4,108.9,0.0,0.722,3.27,0.0,1
lig0094,6-Benzoyl-2-Naphthol,1,19,3.78,2,150.8,40.4,73.7,0.0,0.732,3.09,0.0,1
lig0094,6-Benzoyl-2-Naphthol,1,19,3.78,3,175.2,41.7,76.2,0.0,0.762,3.02,0.0,1
lig0094,6-Benzoyl-2-Naphthol,1,19,3.78,4,186.4,45.8,122.9,0.0,0.754,3.15,0.0,1
lig0095,Anthracene-9-Carboxylic Acid,1,17,3.69,0,135.9,34.3,109.1,0.0,0.748,3.09,0.0,1
lig0082,3-n-Butylphathlide,1,14,3.09,2,139.5,37.2,59.0,0.0,0.733,3.09,0.0,1
lig0082,3-n-Butylphathlide,1,14,3.09,3,156.4,44.3,90.7,0.0,0.717,3.17,0.0,1
lig0082,3-n-Butylphathlide,1,14,3.09,4,150.6,41.7,150.6,0.0,0.723,3.09,0.0,1
lig0083,Thioxolone,1,11,1.56,0,121.6,23.8,121.6,0.0,0.804,3.02,0.0,1
lig0087,Cyclandelate,1,20,3.48,1,160.7,40.6,102.6,0.0,0.747,3.26,0.0,1
lig0087,Cyclandelate,1,20,3.48,2,161.8,43.6,161.8,0.0,0.731,3.33,0.0,1
lig0087,Cyclandelate,1,20,3.48,3,171.9,44.9,143.9,0.0,0.739,3.25,0.0,1
lig0087,Cyclandelate,1,20,3.48,4,157.9,33.9,101.5,0.0,0.785,3.18,0.0,1
lig0075,Butylparaben,1,14,2.35,1,172.4,22.2,135.9,0.0,0.871,3.22,0.0,1
lig0075,Butylparaben,1,14,2.35,2,146.7,27.2,122.0,0.0,0.815,3.04,0.0,1
lig0075,Butylparaben,1,14,2.35,3,152.1,26.4,124.4,0.0,0.826,3.21,0.0,1
lig0075,Butylparaben,1,14,2.35,4,155.5,31.8,155.5,0.0,0.795,3.06,0.0,1
lig0079,Methyl 4-hydroxybenzoate,1,11,1.18,1,126.6,40.6,77.3,0.0,0.679,2.91,0.0,1
lig0079,Methyl 4-hydroxybenzoate,1,11,1.18,2,122.9,39.3,122.9,0.0,0.68,3.0,0.0,1
lig0079,Methyl 4-hydroxybenzoate,1,11,1.18,3,122.5,25.7,122.5,0.0,0.79,3.17,0.0,1
lig0079,Methyl 4-hydroxybenzoate,1,11,1.18,4,129.0,24.8,129.0,0.0,0.808,3.04,0.0,1
lig0076,Dibutyl phthalate,1,20,3.6,4,200.4,35.6,82.7,0.0,0.822,3.28,0.0,1
lig0077,Ethylparaben,1,12,1.57,0,132.4,23.8,132.4,0.0,0.82,3.05,0.0,1
lig0077,Ethylparaben,1,12,1.57,1,128.5,25.5,128.5,0.0,0.802,3.04,0.0,1
lig0077,Ethylparaben,1,12,1.57,2,122.3,33.0,101.3,0.0,0.73,3.06,0.0,1
lig0091,3-Phenylphenol,1,13,3.06,1,155.1,46.0,59.0,46.0,0.703,3.21,2.42,1
lig0091,3-Phenylphenol,1,13,3.06,2,138.0,33.0,97.2,0.0,0.761,3.01,0.0,1
lig0091,3-Phenylphenol,1,13,3.06,3,134.1,42.1,97.0,0.0,0.686,3.03,0.0,1
lig0091,3-Phenylphenol,1,13,3.06,4,161.4,40.8,100.2,0.0,0.747,3.2,0.0,1
lig0090,2-Hydroxychalcone,1,17,3.29,2,146.0,36.1,146.0,0.0,0.753,3.16,0.0,1
lig0090,2-Hydroxychalcone,1,17,3.29,3,157.2,47.7,84.9,0.0,0.697,3.1,0.0,1
lig0090,2-Hydroxychalcone,1,17,3.29,4,169.6,47.1,85.8,0.0,0.722,3.15,0.0,1
lig0091,3-Phenylphenol,1,13,3.06,0,165.2,37.6,112.8,37.6,0.772,3.2,2.41,1
lig0058,Nilvadipine,1,28,2.46,2,189.4,26.4,97.6,0.0,0.861,3.48,0.0,1
lig0058,Nilvadipine,1,28,2.46,3,204.8,33.3,119.9,0.0,0.837,3.39,0.0,1
lig0058,Nilvadipine,1,28,2.46,4,197.2,46.0,146.2,0.0,0.767,3.18,0.0,1
lig0059,Nimodipine,1,30,2.97,0,156.4,24.6,80.1,0.0,0.843,3.31,0.0,1
lig0106,Isopsoralen,1,14,2.54,2,131.1,24.0,131.1,0.0,0.817,2.96,0.0,1
lig0106,Isopsoralen,1,14,2.54,3,128.1,22.7,128.1,0.0,0.823,3.06,0.0,1
lig0106,Isopsoralen,1,14,2.54,4,142.6,40.2,84.9,0.0,0.718,3.03,0.0,1
lig0107,Bergapten,1,16,2.55,0,178.0,37.2,79.9,0.0,0.791,3.13,0.0,1
lig0118,Hexylresorcinol,1,14,3.22,2,116.0,29.8,116.0,0.0,0.743,3.01,0.0,1
lig0118,Hexylresorcinol,1,14,3.22,3,130.9,40.8,130.9,0.0,0.688,2.9,0.0,1
lig0118,Hexylresorcinol,1,14,3.22,4,157.9,35.4,114.0,0.0,0.776,3.11,0.0,1
lig0119,Oxantel Pamoate,1,16,2.14,0,171.5,43.2,114.3,0.0,0.748,3.08,0.0,1
lig0100,"1,8-Dihydroxyanthraquinone",1,18,1.87,0,144.7,41.5,144.7,0.0,0.713,3.36,0.0,1
lig0100,"1,8-Dihydroxyanthraquinone",1,18,1.87,1,135.6,41.9,62.4,0.0,0.691,3.21,0.0,1
lig0100,"1,8-Dihydroxyanthraquinone",1,18,1.87,2,151.2,26.1,113.8,0.0,0.827,3.16,0.0,1
lig0100,"1,8-Dihydroxyanthraquinone",1,18,1.87,3,143.0,45.8,143.0,0.0,0.68,3.34,0.0,1
lig0080,"Orsellinic Acid, Ethyl Ester",1,14,1.58,0,127.4,26.6,127.4,0.0,0.791,3.13,0.0,1
lig0080,"Orsellinic Acid, Ethyl Ester",1,14,1.58,1,153.1,43.8,153.1,0.0,0.714,3.3,0.0,1
lig0080,"Orsellinic Acid, Ethyl Ester",1,14,1.58,2,143.9,40.0,101.3,0.0,0.722,3.11,0.0,1
lig0080,"Orsellinic Acid, Ethyl Ester",1,14,1.58,3,143.6,34.6,143.6,0.0,0.759,3.29,0.0,1
lig0100,"1,8-Dihydroxyanthraquinone",1,18,1.87,4,137.2,28.5,137.2,0.0,0.792,3.19,0.0,1
lig0101,"2,2′-Dihydroxy-4-methoxybenzophenone",1,18,2.34,0,147.5,46.9,110.2,0.0,0.682,3.14,0.0,1
lig0101,"2,2′-Dihydroxy-4-methoxybenzophenone",1,18,2.34,1,152.5,24.0,152.5,0.0,0.843,3.17,0.0,1
lig0101,"2,2′-Dihydroxy-4-methoxybenzophenone",1,18,2.34,2,159.0,47.1,92.4,0.0,0.704,3.17,0.0,1
lig0078,Eugenol,1,12,2.13,2,119.0,39.3,53.8,0.0,0.67,2.97,0.0,1
lig0078,Eugenol,1,12,2.13,3,128.1,36.1,54.2,0.0,0.718,3.02,0.0,1
lig0078,Eugenol,1,12,2.13,4,134.6,21.0,103.7,0.0,0.844,2.91,0.0,1
lig0079,Methyl 4-hydroxybenzoate,1,11,1.18,0,124.0,25.3,124.0,0.0,0.796,3.03,0.0,1
lig0081,Propylparaben,1,13,1.96,3,124.2,22.5,91.4,0.0,0.819,3.18,0.0,1
lig0081,Propylparaben,1,13,1.96,4,144.5,41.5,88.1,0.0,0.713,3.02,0.0,1
lig0082,3-n-Butylphathlide,1,14,3.09,0,158.8,35.9,119.4,0.0,0.774,3.12,0.0,1
lig0082,3-n-Butylphathlide,1,14,3.09,1,143.0,39.1,143.0,0.0,0.727,3.16,0.0,1
lig0088,2-Hydroxy-9-Fluorenone,1,15,2.6,4,162.6,33.0,85.3,0.0,0.797,3.09,0.0,1
lig0089,2-Hydroxybenzophenone (10x),1,15,2.62,0,128.3,46.2,82.5,0.0,0.64,2.92,0.0,1
lig0089,2-Hydroxybenzophenone (10x),1,15,2.62,1,154.7,34.6,107.6,0.0,0.776,3.13,0.0,1
lig0089,2-Hydroxybenzophenone (10x),1,15,2.62,2,128.1,36.3,128.1,0.0,0.717,3.0,0.0,1
lig0092,4-Hydroxybenzophenone,1,15,2.62,0,152.1,25.9,109.5,0.0,0.83,3.39,0.0,1
lig0092,4-Hydroxybenzophenone,1,15,2.62,1,158.8,27.0,109.9,0.0,0.83,3.25,0.0,1
lig0092,4-Hydroxybenzophenone,1,15,2.62,2,151.4,24.4,98.7,0.0,0.839,3.3,0.0,1
lig0092,4-Hydroxybenzophenone,1,15,2.62,3,153.1,24.6,153.1,0.0,0.839,3.41,0.0,1
lig0096,Anthrone,1,15,2.82,0,156.4,24.0,101.3,0.0,0.847,3.25,0.0,1
lig0096,Anthrone,1,15,2.82,1,145.8,38.0,91.8,0.0,0.739,3.14,0.0,1
lig0096,Anthrone,1,15,2.82,2,140.4,42.1,140.4,0.0,0.7,3.13,0.0,1
lig0096,Anthrone,1,15,2.82,3,180.1,41.5,128.3,0.0,0.77,3.24,0.0,1
lig0095,Anthracene-9-Carboxylic Acid,1,17,3.69,1,146.9,22.9,146.9,0.0,0.844,3.11,0.0,1
lig0095,Anthracene-9-Carboxylic Acid,1,17,3.69,2,145.8,38.7,145.8,0.0,0.735,3.09,0.0,1
lig0095,Anthracene-9-Carboxylic Acid,1,17,3.69,3,146.4,35.9,100.9,0.0,0.755,3.07,0.0,1
lig0095,Anthracene-9-Carboxylic Acid,1,17,3.69,4,132.8,39.1,99.8,0.0,0.706,3.15,0.0,1
lig0085,Flunixin Meglumin,1,21,3.85,3,148.6,42.1,105.4,0.0,0.717,3.31,0.0,1
lig0085,Flunixin Meglumin,1,21,3.85,4,163.9,48.4,68.9,0.0,0.705,3.19,0.0,1
lig0086,Mefenamic Acid,1,18,3.75,0,153.8,45.1,153.8,0.0,0.707,3.06,0.0,1
lig0086,Mefenamic Acid,1,18,3.75,1,150.3,37.2,101.7,0.0,0.752,3.16,0.0,1
lig0098,2-Naphthol,1,11,2.55,2,141.0,33.9,141.0,0.0,0.76,2.95,0.0,1
lig0098,2-Naphthol,1,11,2.55,3,133.3,35.6,95.7,0.0,0.733,3.08,0.0,1
lig0098,2-Naphthol,1,11,2.55,4,111.2,24.2,90.5,0.0,0.782,3.01,0.0,1
lig0099,Cinchophen,1,19,3.6,0,170.4,38.9,170.4,0.0,0.772,3.29,0.0,1
lig0097,Benzophenone,1,14,2.92,3,165.7,38.4,55.9,0.0,0.768,3.2,0.0,1
lig0097,Benzophenone,1,14,2.92,4,153.1,37.2,108.2,0.0,0.757,3.13,0.0,1
lig0098,2-Naphthol,1,11,2.55,0,133.9,28.5,86.8,0.0,0.787,3.12,0.0,1
lig0098,2-Naphthol,1,11,2.55,1,138.9,42.3,138.9,0.0,0.695,3.02,0.0,1
lig0092,4-Hydroxybenzophenone,1,15,2.62,4,159.2,44.3,107.8,0.0,0.722,3.23,0.0,1
lig0093,Phenazine methosulfate,1,15,2.21,0,141.5,36.9,43.6,0.0,0.739,3.07,0.0,1
lig0093,Phenazine methosulfate,1,15,2.21,1,154.2,26.8,115.8,0.0,0.826,3.13,0.0,1
lig0093,Phenazine methosulfate,1,15,2.21,2,150.3,21.4,150.3,0.0,0.858,3.04,0.0,1
lig0093,Phenazine methosulfate,1,15,2.21,3,159.2,41.7,130.0,0.0,0.738,3.06,0.0,1
lig0093,Phenazine methosulfate,1,15,2.21,4,149.7,39.5,89.9,0.0,0.736,2.92,0.0,1
lig0094,6-Benzoyl-2-Naphthol,1,19,3.78,0,164.6,31.8,58.8,0.0,0.807,2.98,0.0,1
lig0094,6-Benzoyl-2-Naphthol,1,19,3.78,1,153.8,41.7,123.1,0.0,0.729,3.05,0.0,1
lig0116,alpha-Asarone,1,15,2.75,4,146.9,35.4,146.9,0.0,0.759,3.13,0.0,1
lig0117,Yangonin,1,19,2.83,0,174.5,36.7,130.7,0.0,0.79,3.08,0.0,1
lig0117,Yangonin,1,19,2.83,1,172.4,36.5,133.1,0.0,0.788,3.09,0.0,1
lig0117,Yangonin,1,19,2.83,2,166.3,38.7,111.7,0.0,0.767,3.12,0.0,1
lig0084,Flufenamic acid,1,20,4.15,0,152.9,44.3,73.7,0.0,0.71,3.33,0.0,1
lig0084,Flufenamic acid,1,20,4.15,1,152.1,42.1,107.4,0.0,0.723,3.24,0.0,1
lig0084,Flufenamic acid,1,20,4.15,2,154.9,42.6,51.6,0.0,0.725,3.14,0.0,1
lig0084,Flufenamic acid,1,20,4.15,3,167.8,39.5,167.8,0.0,0.765,3.25,0.0,1
lig0105,Menadiol Diacetate,1,19,3.0,3,183.2,42.3,140.4,0.0,0.769,3.24,0.0,1
lig0105,Menadiol Diacetate,1,19,3.0,4,160.3,34.6,56.4,0.0,0.784,3.12,0.0,1
lig0106,Isopsoralen,1,14,2.54,0,139.1,33.9,90.1,0.0,0.756,3.12,0.0,1
lig0106,Isopsoralen,1,14,2.54,1,147.1,31.1,101.5,0.0,0.789,3.09,0.0,1
lig0104,Etofibrate,1,25,3.29,4,205.4,41.5,114.7,0.0,0.798,3.14,0.0,1
lig0105,Menadiol Diacetate,1,19,3.0,0,173.7,43.6,107.1,0.0,0.749,3.06,0.0,1
lig0105,Menadiol Diacetate,1,19,3.0,1,158.5,42.1,90.9,0.0,0.734,3.13,0.0,1
lig0105,Menadiol Diacetate,1,19,3.0,2,201.7,33.3,201.7,0.0,0.835,3.29,0.0,1
lig0116,alpha-Asarone,1,15,2.75,0,153.1,47.5,153.1,0.0,0.69,3.06,0.0,1
lig0116,alpha-Asarone,1,15,2.75,1,173.4,38.0,173.4,0.0,0.781,3.22,0.0,1
lig0116,alpha-Asarone,1,15,2.75,2,141.9,24.2,76.7,0.0,0.829,3.02,0.0,1
lig0116,alpha-Asarone,1,15,2.75,3,191.4,50.5,147.7,0.0,0.736,3.18,0.0,1
lig0108,Carbaryl,1,15,2.56,4,148.4,41.0,104.5,0.0,0.724,2.98,0.0,1
lig0109,Citropten,1,15,1.81,0,162.6,32.8,87.5,0.0,0.798,3.12,0.0,1
lig0109,Citropten,1,15,1.81,1,128.5,42.1,87.0,0.0,0.672,3.26,0.0,1
lig0109,Citropten,1,15,1.81,2,148.6,42.6,122.0,0.0,0.713,3.06,0.0,1
lig0113,Imperatorin,1,20,3.88,3,204.8,40.6,100.9,0.0,0.802,3.26,0.0,1
lig0113,Imperatorin,1,20,3.88,4,179.7,37.8,179.7,0.0,0.79,3.14,0.0,1
lig0114,Psoralen,1,14,2.54,0,153.6,33.7,70.8,0.0,0.781,3.12,0.0,1
lig0114,Psoralen,1,14,2.54,1,140.2,35.2,98.3,0.0,0.749,3.23,0.0,1
lig0108,Carbaryl,1,15,2.56,0,159.4,27.9,159.4,0.0,0.825,3.12,0.0,1
lig0108,Carbaryl,1,15,2.56,1,134.6,35.9,98.9,0.0,0.733,3.07,0.0,1
lig0108,Carbaryl,1,15,2.56,2,156.6,45.1,117.5,0.0,0.712,3.17,0.0,1
lig0108,Carbaryl,1,15,2.56,3,150.1,34.6,150.1,0.0,0.769,3.29,0.0,1
lig0119,Oxantel Pamoate,1,16,2.14,1,149.7,34.8,100.7,0.0,0.768,3.21,0.0,1
lig0119,Oxantel Pamoate,1,16,2.14,2,192.2,35.9,72.1,0.0,0.813,3.39,0.0,1
lig0119,Oxantel Pamoate,1,16,2.14,3,156.0,38.4,105.0,0.0,0.754,3.13,0.0,1
lig0119,Oxantel Pamoate,1,16,2.14,4,163.5,45.1,113.6,0.0,0.724,3.19,0.0,1
lig0114,Psoralen,1,14,2.54,2,155.5,32.6,68.7,0.0,0.79,3.15,0.0,1
lig0114,Psoralen,1,14,2.54,3,137.8,39.1,137.8,0.0,0.716,3.25,0.0,1
lig0114,Psoralen,1,14,2.54,4,135.0,27.9,135.0,0.0,0.793,3.14,0.0,1
lig0115,Scopoletin,1,14,1.51,0,125.9,41.0,100.7,0.0,0.674,2.99,0.0,1
lig0127,"2,4,6-Trihydroxybenzoic Acid",1,12,0.5,1,113.8,38.9,82.9,0.0,0.658,3.05,0.0,1
lig0127,"2,4,6-Trihydroxybenzoic Acid",1,12,0.5,2,113.0,27.0,61.1,0.0,0.761,3.0,0.0,1
lig0127,"2,4,6-Trihydroxybenzoic Acid",1,12,0.5,3,122.9,28.7,102.8,0.0,0.766,2.94,0.0,1
lig0127,"2,4,6-Trihydroxybenzoic Acid",1,12,0.5,4,114.7,43.6,72.8,0.0,0.62,2.99,0.0,1
lig0132,7-Nitroindazole,1,12,1.47,0,154.9,37.4,105.4,0.0,0.759,3.08,0.0,1
lig0132,7-Nitroindazole,1,12,1.47,1,141.0,35.0,91.2,0.0,0.752,3.09,0.0,1
lig0132,7-Nitroindazole,1,12,1.47,2,146.4,31.8,63.7,0.0,0.783,3.2,0.0,1
lig0132,7-Nitroindazole,1,12,1.47,3,133.5,32.0,133.5,0.0,0.76,2.98,0.0,1
lig0120,Olivetol,1,13,2.83,4,131.5,42.3,103.0,0.0,0.678,3.1,0.0,1
lig0121,Metronidazole Benzoate,1,20,1.96,0,144.1,39.3,144.1,0.0,0.727,3.12,0.0,1
lig0121,Metronidazole Benzoate,1,20,1.96,1,154.9,44.3,95.0,0.0,0.714,3.18,0.0,1
lig0121,Metronidazole Benzoate,1,20,1.96,2,148.2,21.4,148.2,0.0,0.856,3.18,0.0,1
lig0117,Yangonin,1,19,2.83,3,147.1,42.3,83.2,0.0,0.712,2.84,0.0,1
lig0117,Yangonin,1,19,2.83,4,170.4,33.9,138.0,0.0,0.801,3.23,0.0,1
lig0118,Hexylresorcinol,1,14,3.22,0,125.9,38.7,82.5,0.0,0.693,3.07,0.0,1
lig0118,Hexylresorcinol,1,14,3.22,1,150.6,28.3,150.6,0.0,0.812,3.07,0.0,1
lig0099,Cinchophen,1,19,3.6,1,171.9,45.8,130.5,0.0,0.734,3.15,0.0,1
lig0099,Cinchophen,1,19,3.6,2,151.6,35.9,41.5,0.0,0.763,3.05,0.0,1
lig0099,Cinchophen,1,19,3.6,3,159.0,24.8,135.2,0.0,0.844,3.22,0.0,1
lig0099,Cinchophen,1,19,3.6,4,156.8,41.0,102.6,0.0,0.739,3.12,0.0,1
lig0109,Citropten,1,15,1.81,3,177.6,35.9,148.6,0.0,0.798,3.21,0.0,1
lig0109,Citropten,1,15,1.81,4,139.5,22.9,116.6,0.0,0.836,3.07,0.0,1
lig0110,Khellin,1,19,2.86,0,148.2,46.4,91.2,0.0,0.687,3.05,0.0,1
lig0110,Khellin,1,19,2.86,1,145.2,37.4,145.2,0.0,0.742,3.18,0.0,1
lig0115,Scopoletin,1,14,1.51,1,125.1,46.0,86.8,0.0,0.632,2.99,0.0,1
lig0115,Scopoletin,1,14,1.51,2,126.6,34.3,84.7,0.0,0.729,2.95,0.0,1
lig0115,Scopoletin,1,14,1.51,3,137.8,38.9,101.3,0.0,0.718,3.14,0.0,1
lig0115,Scopoletin,1,14,1.51,4,124.8,35.4,124.8,0.0,0.716,2.97,0.0,1
lig0112,Osthole,1,18,3.31,0,156.4,42.8,65.0,0.0,0.726,3.18,0.0,1
lig0112,Osthole,1,18,3.31,1,166.5,38.7,166.5,0.0,0.768,3.18,0.0,1
lig0112,Osthole,1,18,3.31,2,161.4,44.1,122.7,0.0,0.727,3.27,0.0,1
lig0112,Osthole,1,18,3.31,3,150.8,39.3,150.8,0.0,0.739,3.12,0.0,1
lig0103,Oxcarbazepine,1,19,2.64,1,155.3,43.0,124.0,0.0,0.723,3.08,0.0,1
lig0103,Oxcarbazepine,1,19,2.64,2,132.8,44.3,95.9,0.0,0.666,2.97,0.0,1
lig0103,Oxcarbazepine,1,19,2.64,3,158.3,47.1,108.2,0.0,0.702,3.16,0.0,1
lig0103,Oxcarbazepine,1,19,2.64,4,135.4,44.9,59.2,0.0,0.668,3.21,0.0,1
lig0096,Anthrone,1,15,2.82,4,173.2,23.5,173.2,0.0,0.864,3.25,0.0,1
lig0097,Benzophenone,1,14,2.92,0,152.9,39.3,110.6,0.0,0.743,3.19,0.0,1
lig0097,Benzophenone,1,14,2.92,1,154.0,39.7,154.0,0.0,0.742,3.05,0.0,1
lig0097,Benzophenone,1,14,2.92,2,153.8,27.9,87.3,0.0,0.819,3.36,0.0,1
lig0123,Equol,1,18,2.82,1,179.1,21.8,106.5,0.0,0.878,3.22,0.0,1
lig0123,Equol,1,18,2.82,2,150.6,51.0,103.9,51.0,0.661,3.32,2.43,1
lig0123,Equol,1,18,2.82,3,162.6,48.2,119.0,48.2,0.704,3.11,2.48,1
lig0123,Equol,1,18,2.82,4,194.8,45.1,135.6,0.0,0.768,3.1,0.0,1
lig0101,"2,2′-Dihydroxy-4-methoxybenzophenone",1,18,2.34,3,140.2,43.6,140.2,0.0,0.689,3.15,0.0,1
lig0101,"2,2′-Dihydroxy-4-methoxybenzophenone",1,18,2.34,4,117.9,30.5,64.4,0.0,0.741,2.94,0.0,1
lig0102,Flavone,1,17,3.46,0,167.0,47.3,116.6,0.0,0.717,3.19,0.0,1
lig0102,Flavone,1,17,3.46,1,175.0,63.5,111.7,63.5,0.637,3.12,2.41,1
lig0102,Flavone,1,17,3.46,2,178.8,40.0,121.0,0.0,0.776,3.19,0.0,1
lig0102,Flavone,1,17,3.46,3,192.7,40.4,192.7,0.0,0.79,3.26,0.0,1
lig0102,Flavone,1,17,3.46,4,186.6,46.9,113.8,46.9,0.749,3.22,2.44,1
lig0103,Oxcarbazepine,1,19,2.64,0,156.8,37.2,156.8,0.0,0.763,3.15,0.0,1
lig0124,Diethylstilbestrol,1,20,4.83,4,173.7,27.9,136.3,0.0,0.839,3.23,0.0,1
lig0125,Hexestrol,1,20,4.79,0,187.5,35.6,187.5,0.0,0.81,3.23,0.0,1
lig0125,Hexestrol,1,20,4.79,1,176.5,24.2,141.5,0.0,0.863,3.22,0.0,1
lig0125,Hexestrol,1,20,4.79,2,177.6,21.6,177.6,0.0,0.878,3.38,0.0,1
lig0111,Methoxsalen,1,16,2.55,1,163.7,35.6,126.8,0.0,0.783,3.06,0.0,1
lig0111,Methoxsalen,1,16,2.55,2,180.1,36.9,90.7,0.0,0.795,3.11,0.0,1
lig0111,Methoxsalen,1,16,2.55,3,158.5,39.3,87.7,0.0,0.752,3.07,0.0,1
lig0111,Methoxsalen,1,16,2.55,4,159.4,42.6,159.4,0.0,0.733,3.15,0.0,1
lig0104,Etofibrate,1,25,3.29,0,194.0,44.1,82.9,0.0,0.773,3.15,0.0,1
lig0104,Etofibrate,1,25,3.29,1,208.7,47.5,115.1,0.0,0.772,3.18,0.0,1
lig0104,Etofibrate,1,25,3.29,2,198.3,36.1,127.7,0.0,0.818,3.29,0.0,1
lig0104,Etofibrate,1,25,3.29,3,172.2,39.5,112.5,0.0,0.771,3.31,0.0,1
lig0107,Bergapten,1,16,2.55,1,155.5,41.3,104.3,0.0,0.734,3.09,0.0,1
lig0107,Bergapten,1,16,2.55,2,183.8,37.8,107.8,0.0,0.794,3.08,0.0,1
lig0107,Bergapten,1,16,2.55,3,149.0,38.7,149.0,0.0,0.74,3.11,0.0,1
lig0107,Bergapten,1,16,2.55,4,148.4,38.2,109.3,0.0,0.743,3.3,0.0,1
lig0131,S-(-)-Lisuride,1,25,2.84,1,172.8,47.1,74.3,0.0,0.727,3.25,0.0,1
lig0131,S-(-)-Lisuride,1,25,2.84,2,175.2,37.4,175.2,0.0,0.787,3.19,0.0,1
lig0131,S-(-)-Lisuride,1,25,2.84,3,154.7,34.3,154.7,0.0,0.778,3.1,0.0,1
lig0131,S-(-)-Lisuride,1,25,2.84,4,183.2,50.3,183.2,0.0,0.725,3.21,0.0,1
lig0129,Amfonelic Acid,1,23,2.71,3,160.1,38.9,117.5,0.0,0.757,3.11,0.0,1
lig0129,Amfonelic Acid,1,23,2.71,4,181.2,46.9,139.1,0.0,0.741,3.19,0.0,1
lig0130,Lesinurad,1,24,4.24,0,205.0,36.5,205.0,0.0,0.822,3.37,0.0,1
lig0130,Lesinurad,1,24,4.24,1,222.3,46.0,142.1,0.0,0.793,3.49,0.0,1
lig0126,"2,4-Dinitrophenol",1,13,1.21,2,96.6,31.1,55.7,0.0,0.678,2.77,0.0,1
lig0126,"2,4-Dinitrophenol",1,13,1.21,3,111.2,37.6,111.2,0.0,0.662,3.02,0.0,1
lig0126,"2,4-Dinitrophenol",1,13,1.21,4,114.3,28.9,114.3,0.0,0.747,2.99,0.0,1
lig0127,"2,4,6-Trihydroxybenzoic Acid",1,12,0.5,0,102.8,38.7,102.8,0.0,0.624,2.83,0.0,1
lig0110,Khellin,1,19,2.86,2,155.3,25.1,108.9,0.0,0.838,3.14,0.0,1
lig0110,Khellin,1,19,2.86,3,140.4,37.2,95.3,0.0,0.735,3.13,0.0,1
lig0110,Khellin,1,19,2.86,4,148.2,58.1,78.6,26.8,0.608,3.01,2.6,1
lig0111,Methoxsalen,1,16,2.55,0,192.9,39.5,192.9,0.0,0.795,3.27,0.0,1
lig0132,7-Nitroindazole,1,12,1.47,4,141.9,34.6,90.9,0.0,0.756,3.0,0.0,1
lig0133,"( R)-(+)-Win 55,212-2 Mesylate",1,32,4.6,0,187.5,50.3,131.5,0.0,0.732,3.2,0.0,1
lig0133,"( R)-(+)-Win 55,212-2 Mesylate",1,32,4.6,1,208.9,38.7,78.4,0.0,0.815,3.38,0.0,1
lig0133,"( R)-(+)-Win 55,212-2 Mesylate",1,32,4.6,2,212.3,49.0,155.5,0.0,0.769,3.29,0.0,1
lig0134,Vanillyl Butyl Ether,1,15,2.72,2,124.6,40.8,124.6,0.0,0.673,3.08,0.0,1
lig0134,Vanillyl Butyl Ether,1,15,2.72,3,131.3,36.5,68.5,0.0,0.722,3.02,0.0,1
lig0134,Vanillyl Butyl Ether,1,15,2.72,4,128.7,35.2,87.3,0.0,0.726,3.19,0.0,1
lig0135,Bicalutamide,1,29,2.88,0,194.4,46.4,194.4,46.4,0.761,3.19,2.45,1
lig0130,Lesinurad,1,24,4.24,2,192.5,36.9,130.9,0.0,0.808,3.17,0.0,1
lig0130,Lesinurad,1,24,4.24,3,185.8,39.1,100.4,0.0,0.79,3.45,0.0,1
lig0130,Lesinurad,1,24,4.24,4,200.2,46.9,156.6,0.0,0.766,3.39,0.0,1
lig0131,S-(-)-Lisuride,1,25,2.84,0,164.2,49.7,104.5,0.0,0.697,3.15,0.0,1
lig0122,Sodium dehydroacetate,1,12,0.22,2,125.5,32.4,51.2,0.0,0.742,3.02,0.0,1
lig0122,Sodium dehydroacetate,1,12,0.22,3,120.5,19.9,88.8,0.0,0.835,3.0,0.0,1
lig0122,Sodium dehydroacetate,1,12,0.22,4,141.7,28.1,71.5,0.0,0.802,3.18,0.0,1
lig0123,Equol,1,18,2.82,0,133.5,27.2,91.6,0.0,0.796,3.13,0.0,1
lig0112,Osthole,1,18,3.31,4,175.0,41.3,95.7,0.0,0.764,3.28,0.0,1
lig0113,Imperatorin,1,20,3.88,0,183.2,40.2,147.7,0.0,0.781,3.28,0.0,1
lig0113,Imperatorin,1,20,3.88,1,163.1,34.3,163.1,0.0,0.79,3.3,0.0,1
lig0113,Imperatorin,1,20,3.88,2,191.6,36.3,117.7,0.0,0.811,3.24,0.0,1
lig0133,"( R)-(+)-Win 55,212-2 Mesylate",1,32,4.6,3,210.6,45.8,117.1,0.0,0.783,3.28,0.0,1
lig0133,"( R)-(+)-Win 55,212-2 Mesylate",1,32,4.6,4,229.4,45.6,147.1,0.0,0.801,3.4,0.0,1
lig0134,Vanillyl Butyl Ether,1,15,2.72,0,136.3,36.3,93.3,0.0,0.734,3.09,0.0,1
lig0134,Vanillyl Butyl Ether,1,15,2.72,1,121.8,23.5,60.9,0.0,0.807,3.11,0.0,1
lig0140,Bumetanide,1,25,3.04,0,175.8,42.6,87.5,0.0,0.758,3.1,0.0,1
lig0140,Bumetanide,1,25,3.04,1,178.0,45.8,81.0,0.0,0.743,3.2,0.0,1
lig0140,Bumetanide,1,25,3.04,2,199.2,37.4,117.1,0.0,0.812,3.27,0.0,1
lig0140,Bumetanide,1,25,3.04,3,179.1,44.3,97.2,0.0,0.753,3.18,0.0,1
lig0128,"2,6-Dihydroxybenzoic Acid",1,11,0.8,4,140.4,30.9,94.2,0.0,0.78,3.08,0.0,1
lig0129,Amfonelic Acid,1,23,2.71,0,163.1,39.5,68.0,0.0,0.758,3.01,0.0,1
lig0129,Amfonelic Acid,1,23,2.71,1,161.4,44.7,6.9,0.0,0.723,3.0,0.0,1
lig0129,Amfonelic Acid,1,23,2.71,2,141.3,28.9,94.0,0.0,0.795,2.92,0.0,1
lig0124,Diethylstilbestrol,1,20,4.83,0,208.2,44.9,132.0,0.0,0.784,3.29,0.0,1
lig0124,Diethylstilbestrol,1,20,4.83,1,181.0,41.3,125.7,0.0,0.772,3.32,0.0,1
lig0124,Diethylstilbestrol,1,20,4.83,2,176.7,35.2,138.5,0.0,0.801,3.14,0.0,1
lig0124,Diethylstilbestrol,1,20,4.83,3,159.2,38.2,110.6,0.0,0.76,3.13,0.0,1
lig0120,Olivetol,1,13,2.83,0,134.4,28.3,109.5,0.0,0.789,3.15,0.0,1
lig0120,Olivetol,1,13,2.83,1,144.7,23.3,144.7,0.0,0.839,3.0,0.0,1
lig0120,Olivetol,1,13,2.83,2,144.5,41.5,104.8,0.0,0.713,3.3,0.0,1
lig0120,Olivetol,1,13,2.83,3,140.6,39.5,140.6,0.0,0.719,3.0,0.0,1
lig0121,Metronidazole Benzoate,1,20,1.96,3,146.9,40.6,106.1,0.0,0.724,3.14,0.0,1
lig0121,Metronidazole Benzoate,1,20,1.96,4,171.5,48.6,113.4,0.0,0.717,3.25,0.0,1
lig0122,Sodium dehydroacetate,1,12,0.22,0,120.5,21.4,120.5,0.0,0.822,2.91,0.0,1
lig0122,Sodium dehydroacetate,1,12,0.22,1,117.9,22.5,117.9,0.0,0.809,3.01,0.0,1
lig0156,Latanoprost,1,31,4.19,0,165.2,37.4,119.2,0.0,0.774,3.18,0.0,1
lig0156,Latanoprost,1,31,4.19,1,207.4,23.1,133.3,0.0,0.889,3.29,0.0,1
lig0156,Latanoprost,1,31,4.19,2,216.4,23.8,128.7,0.0,0.89,3.33,0.0,1
lig0156,Latanoprost,1,31,4.19,3,213.8,32.8,120.7,0.0,0.847,3.49,0.0,1
lig0128,"2,6-Dihydroxybenzoic Acid",1,11,0.8,0,114.5,31.3,75.8,0.0,0.727,2.95,0.0,1
lig0128,"2,6-Dihydroxybenzoic Acid",1,11,0.8,1,134.4,31.5,85.1,0.0,0.766,3.02,0.0,1
lig0128,"2,6-Dihydroxybenzoic Acid",1,11,0.8,2,121.2,21.0,121.2,0.0,0.827,2.86,0.0,1
lig0128,"2,6-Dihydroxybenzoic Acid",1,11,0.8,3,129.0,32.6,89.2,0.0,0.747,3.02,0.0,1
lig0139,Cinacalcet HCl,1,26,6.14,1,225.5,44.3,225.5,0.0,0.804,3.34,0.0,1
lig0139,Cinacalcet HCl,1,26,6.14,2,233.3,44.9,233.3,0.0,0.808,3.5,0.0,1
lig0139,Cinacalcet HCl,1,26,6.14,3,228.1,58.5,143.4,0.0,0.744,3.39,0.0,1
lig0139,Cinacalcet HCl,1,26,6.14,4,244.1,42.1,183.2,0.0,0.828,3.42,0.0,1
lig0143,Monobenzone,1,15,2.97,1,157.5,43.8,91.4,0.0,0.722,3.15,0.0,1
lig0143,Monobenzone,1,15,2.97,2,172.4,36.9,106.9,0.0,0.786,3.25,0.0,1
lig0143,Monobenzone,1,15,2.97,3,158.5,50.1,110.6,50.1,0.684,3.24,2.46,1
lig0143,Monobenzone,1,15,2.97,4,153.8,22.7,112.5,0.0,0.852,3.05,0.0,1
lig0138,Riluzole,1,15,2.78,2,140.2,41.5,74.7,0.0,0.704,3.04,0.0,1
lig0138,Riluzole,1,15,2.78,3,148.4,37.6,148.4,0.0,0.747,3.3,0.0,1
lig0138,Riluzole,1,15,2.78,4,146.9,41.7,91.8,0.0,0.716,3.06,0.0,1
lig0139,Cinacalcet HCl,1,26,6.14,0,219.7,43.6,159.0,0.0,0.802,3.31,0.0,1
lig0144,Praziquantel,1,23,2.53,0,162.4,44.5,90.1,0.0,0.726,3.19,0.0,1
lig0144,Praziquantel,1,23,2.53,1,167.2,43.2,135.9,0.0,0.742,3.06,0.0,1
lig0144,Praziquantel,1,23,2.53,2,172.6,37.8,84.2,0.0,0.781,3.26,0.0,1
lig0144,Praziquantel,1,23,2.53,3,165.2,42.1,82.9,0.0,0.745,3.31,0.0,1
lig0150,Artemether,1,21,2.84,2,181.9,27.4,134.1,27.4,0.849,3.2,2.49,1
lig0150,Artemether,1,21,2.84,3,174.7,23.1,174.7,0.0,0.868,3.37,0.0,1
lig0150,Artemether,1,21,2.84,4,184.5,27.9,184.5,0.0,0.849,3.35,0.0,1
lig0151,Tolbutamide,1,18,1.78,0,154.9,26.6,154.9,0.0,0.828,3.03,0.0,1
lig0125,Hexestrol,1,20,4.79,3,201.1,41.3,201.1,0.0,0.795,3.5,0.0,1
lig0125,Hexestrol,1,20,4.79,4,192.7,41.9,99.6,0.0,0.783,3.32,0.0,1
lig0126,"2,4-Dinitrophenol",1,13,1.21,0,91.8,21.2,46.2,0.0,0.769,2.69,0.0,1
lig0126,"2,4-Dinitrophenol",1,13,1.21,1,102.0,21.0,102.0,0.0,0.794,2.87,0.0,1
lig0144,Praziquantel,1,23,2.53,4,165.2,44.3,113.0,0.0,0.732,3.12,0.0,1
lig0145,Nevirapine,1,20,2.65,0,163.1,40.6,48.8,0.0,0.751,3.04,0.0,1
lig0145,Nevirapine,1,20,2.65,1,183.8,25.9,135.9,0.0,0.859,3.2,0.0,1
lig0145,Nevirapine,1,20,2.65,2,165.0,33.5,165.0,0.0,0.797,3.17,0.0,1
lig0135,Bicalutamide,1,29,2.88,1,165.7,35.9,80.6,0.0,0.783,3.2,0.0,1
lig0135,Bicalutamide,1,29,2.88,2,193.1,42.3,150.3,0.0,0.781,3.25,0.0,1
lig0135,Bicalutamide,1,29,2.88,3,178.2,43.2,148.0,0.0,0.758,3.23,0.0,1
lig0135,Bicalutamide,1,29,2.88,4,198.3,42.8,158.3,0.0,0.784,3.4,0.0,1
lig0136,Efavirenz,1,21,4.07,4,146.7,40.6,102.4,0.0,0.723,3.15,0.0,1
lig0137,Flutamide,1,19,3.21,0,147.1,40.6,147.1,0.0,0.724,3.07,0.0,1
lig0137,Flutamide,1,19,3.21,1,138.7,42.1,65.7,0.0,0.696,3.08,0.0,1
lig0137,Flutamide,1,19,3.21,2,140.0,38.7,95.9,0.0,0.724,3.11,0.0,1
lig0136,Efavirenz,1,21,4.07,0,148.0,28.1,148.0,0.0,0.81,3.32,0.0,1
lig0136,Efavirenz,1,21,4.07,1,146.0,43.8,146.0,0.0,0.7,3.26,0.0,1
lig0136,Efavirenz,1,21,4.07,2,150.3,41.5,112.1,0.0,0.724,3.32,0.0,1
lig0136,Efavirenz,1,21,4.07,3,154.0,44.7,154.0,0.0,0.71,3.4,0.0,1
lig0137,Flutamide,1,19,3.21,3,158.8,39.7,158.8,0.0,0.75,3.26,0.0,1
lig0137,Flutamide,1,19,3.21,4,150.1,42.8,92.9,0.0,0.715,3.02,0.0,1
lig0138,Riluzole,1,15,2.78,0,162.2,42.3,113.0,0.0,0.739,3.26,0.0,1
lig0138,Riluzole,1,15,2.78,1,153.1,41.9,153.1,0.0,0.726,2.99,0.0,1
lig0161,Mezlocillin Sodium,1,36,-0.23,3,185.8,36.7,84.2,0.0,0.802,3.34,0.0,1
lig0161,Mezlocillin Sodium,1,36,-0.23,4,197.6,30.9,139.3,0.0,0.844,3.38,0.0,1
lig0162,Liothyronine Sodium,1,23,3.95,0,200.7,47.3,122.3,0.0,0.764,3.22,0.0,1
lig0162,Liothyronine Sodium,1,23,3.95,1,201.5,35.6,97.2,0.0,0.823,3.22,0.0,1
lig0156,Latanoprost,1,31,4.19,4,206.1,24.4,117.1,0.0,0.882,3.42,0.0,1
lig0157,Tafluprost,1,32,4.68,0,233.3,32.4,127.0,0.0,0.861,3.39,0.0,1
lig0157,Tafluprost,1,32,4.68,1,190.1,41.0,90.1,0.0,0.784,3.36,0.0,1
lig0157,Tafluprost,1,32,4.68,2,228.3,29.2,112.5,0.0,0.872,3.21,0.0,1
lig0174,Dihydroxyacetone,1,6,-1.46,2,127.4,46.7,74.1,0.0,0.633,2.91,0.0,1
lig0174,Dihydroxyacetone,1,6,-1.46,3,111.2,36.7,73.7,0.0,0.67,2.99,0.0,1
lig0174,Dihydroxyacetone,1,6,-1.46,4,119.0,24.8,79.1,0.0,0.792,2.94,0.0,1
lig0175,Honokiol,1,20,4.22,0,144.5,43.8,93.1,0.0,0.697,2.98,0.0,1
lig0155,Calcipotriene,1,30,5.09,1,155.5,22.2,155.5,0.0,0.857,3.22,0.0,1
lig0155,Calcipotriene,1,30,5.09,2,139.3,25.3,59.8,0.0,0.818,3.27,0.0,1
lig0155,Calcipotriene,1,30,5.09,3,158.8,25.1,135.0,0.0,0.842,3.28,0.0,1
lig0155,Calcipotriene,1,30,5.09,4,171.7,25.7,125.9,0.0,0.85,3.33,0.0,1
lig0148,Oxytetracycline Dihydrate,1,33,-1.24,4,152.9,24.6,133.5,0.0,0.839,3.46,0.0,1
lig0149,"Seratrodast(AA-2414, ABT-001)",1,26,4.61,0,163.5,37.6,163.5,0.0,0.77,3.23,0.0,1
lig0149,"Seratrodast(AA-2414, ABT-001)",1,26,4.61,1,170.9,41.3,120.3,0.0,0.758,3.33,0.0,1
lig0149,"Seratrodast(AA-2414, ABT-001)",1,26,4.61,2,175.6,37.6,77.1,0.0,0.786,3.42,0.0,1
lig0151,Tolbutamide,1,18,1.78,1,160.7,44.5,115.3,0.0,0.723,3.09,0.0,1
lig0151,Tolbutamide,1,18,1.78,2,156.4,45.6,45.6,0.0,0.708,2.98,0.0,1
lig0151,Tolbutamide,1,18,1.78,3,153.1,44.3,114.7,0.0,0.711,3.16,0.0,1
lig0151,Tolbutamide,1,18,1.78,4,153.4,35.4,111.2,0.0,0.769,3.04,0.0,1
lig0160,Loxapine Succinate,1,23,3.77,0,200.9,52.1,90.3,0.0,0.741,3.21,0.0,1
lig0160,Loxapine Succinate,1,23,3.77,1,169.1,40.8,122.5,0.0,0.759,3.19,0.0,1
lig0160,Loxapine Succinate,1,23,3.77,2,195.9,51.0,73.9,0.0,0.74,3.2,0.0,1
lig0160,Loxapine Succinate,1,23,3.77,3,167.2,47.3,148.6,0.0,0.717,3.27,0.0,1
lig0145,Nevirapine,1,20,2.65,3,166.8,42.6,166.8,0.0,0.745,3.16,0.0,1
lig0145,Nevirapine,1,20,2.65,4,181.2,42.3,119.2,0.0,0.767,3.29,0.0,1
lig0146,Diclazuril,1,26,3.54,0,167.2,46.9,167.2,46.9,0.719,3.16,2.43,1
lig0146,Diclazuril,1,26,3.54,1,174.1,41.0,174.1,0.0,0.765,3.0,0.0,1
lig0157,Tafluprost,1,32,4.68,3,197.6,29.6,111.5,0.0,0.85,3.32,0.0,1
lig0157,Tafluprost,1,32,4.68,4,178.0,34.1,89.4,0.0,0.808,3.25,0.0,1
lig0158,Lathyrol,1,24,2.23,0,183.0,22.7,183.0,0.0,0.876,3.4,0.0,1
lig0158,Lathyrol,1,24,2.23,1,165.7,22.2,165.7,0.0,0.866,3.18,0.0,1
lig0148,Oxytetracycline Dihydrate,1,33,-1.24,0,154.0,25.9,122.0,0.0,0.832,3.23,0.0,1
lig0148,Oxytetracycline Dihydrate,1,33,-1.24,1,167.0,26.1,124.4,0.0,0.844,3.17,0.0,1
lig0148,Oxytetracycline Dihydrate,1,33,-1.24,2,199.4,30.2,138.0,0.0,0.849,3.38,0.0,1
lig0148,Oxytetracycline Dihydrate,1,33,-1.24,3,205.2,25.1,162.2,0.0,0.878,3.29,0.0,1
lig0153,Melitracen hydrochloride,1,22,4.71,3,184.5,35.0,110.8,0.0,0.81,3.35,0.0,1
lig0153,Melitracen hydrochloride,1,22,4.71,4,190.1,45.6,102.2,0.0,0.76,3.18,0.0,1
lig0154,Linagliptin,1,35,1.15,0,151.8,35.4,103.0,0.0,0.767,3.23,0.0,1
lig0154,Linagliptin,1,35,1.15,1,141.9,42.8,62.6,0.0,0.698,3.38,0.0,1
lig0146,Diclazuril,1,26,3.54,2,166.1,48.4,102.4,0.0,0.709,3.19,0.0,1
lig0146,Diclazuril,1,26,3.54,3,181.2,45.4,125.5,0.0,0.749,3.21,0.0,1
lig0146,Diclazuril,1,26,3.54,4,162.2,39.5,111.7,0.0,0.756,3.02,0.0,1
lig0147,Triclabendazole,1,21,6.04,0,177.3,40.8,120.5,0.0,0.77,3.15,0.0,1
lig0173,"3-Amino-1,2,4-Triazole Carboxylic Acid",1,9,-0.91,3,108.6,27.0,108.6,0.0,0.751,2.98,0.0,1
lig0173,"3-Amino-1,2,4-Triazole Carboxylic Acid",1,9,-0.91,4,112.3,27.0,77.1,0.0,0.76,3.13,0.0,1
lig0174,Dihydroxyacetone,1,6,-1.46,0,120.3,26.6,53.6,0.0,0.779,2.96,0.0,1
lig0174,Dihydroxyacetone,1,6,-1.46,1,117.9,41.5,117.9,0.0,0.648,3.0,0.0,1
lig0142,Nitazoxanide,1,21,2.23,2,162.0,38.4,105.6,0.0,0.763,3.07,0.0,1
lig0142,Nitazoxanide,1,21,2.23,3,222.7,34.6,100.7,34.6,0.845,3.33,2.5,1
lig0142,Nitazoxanide,1,21,2.23,4,193.3,39.1,135.4,0.0,0.798,3.25,0.0,1
lig0143,Monobenzone,1,15,2.97,0,173.0,34.8,137.2,0.0,0.799,3.13,0.0,1
lig0154,Linagliptin,1,35,1.15,2,144.9,43.6,144.9,0.0,0.699,3.24,0.0,1
lig0154,Linagliptin,1,35,1.15,3,173.9,40.2,65.0,0.0,0.769,3.22,0.0,1
lig0154,Linagliptin,1,35,1.15,4,134.4,41.0,103.2,0.0,0.695,3.14,0.0,1
lig0155,Calcipotriene,1,30,5.09,0,136.5,20.7,67.6,0.0,0.848,3.27,0.0,1
lig0149,"Seratrodast(AA-2414, ABT-001)",1,26,4.61,3,161.1,31.3,161.1,0.0,0.806,3.07,0.0,1
lig0149,"Seratrodast(AA-2414, ABT-001)",1,26,4.61,4,168.7,23.8,84.9,0.0,0.859,3.27,0.0,1
lig0150,Artemether,1,21,2.84,0,178.8,26.6,178.8,0.0,0.851,3.13,0.0,1
lig0150,Artemether,1,21,2.84,1,181.0,26.4,181.0,0.0,0.854,3.33,0.0,1
lig0181,Neostigmine Bromide,0,16,1.94,3,153.1,49.0,153.1,0.0,0.68,3.09,0.0,1
lig0181,Neostigmine Bromide,0,16,1.94,4,160.1,37.4,160.1,0.0,0.766,3.17,0.0,1
lig0182,Vitexin,0,31,0.09,0,177.3,35.9,101.7,0.0,0.798,3.2,0.0,1
lig0182,Vitexin,0,31,0.09,1,155.1,33.7,116.6,0.0,0.783,3.02,0.0,1
lig0140,Bumetanide,1,25,3.04,4,189.0,40.8,98.9,0.0,0.784,3.12,0.0,1
lig0141,Clopidogrel,1,21,3.67,0,193.3,38.9,101.7,0.0,0.799,3.2,0.0,1
lig0141,Clopidogrel,1,21,3.67,1,175.6,37.4,175.6,0.0,0.787,3.28,0.0,1
lig0141,Clopidogrel,1,21,3.67,2,192.7,44.5,192.7,0.0,0.769,3.28,0.0,1
lig0158,Lathyrol,1,24,2.23,2,173.0,25.9,123.8,0.0,0.85,3.31,0.0,1
lig0158,Lathyrol,1,24,2.23,3,170.2,21.6,94.0,0.0,0.873,3.25,0.0,1
lig0158,Lathyrol,1,24,2.23,4,178.6,25.7,94.8,0.0,0.856,3.25,0.0,1
lig0159,GUANABENZ,1,14,1.81,0,148.2,51.2,89.0,51.2,0.655,3.2,2.41,1
lig0162,Liothyronine Sodium,1,23,3.95,2,197.2,40.8,149.5,0.0,0.793,3.13,0.0,1
lig0162,Liothyronine Sodium,1,23,3.95,3,194.4,38.0,194.4,0.0,0.805,3.12,0.0,1
lig0162,Liothyronine Sodium,1,23,3.95,4,225.5,36.5,175.0,0.0,0.838,3.27,0.0,1
lig0163,Tetrac,1,22,5.23,0,211.5,40.0,135.4,0.0,0.811,3.24,0.0,1
lig0170,Ibuprofen piconol,1,22,4.13,2,182.3,44.7,80.6,0.0,0.755,3.21,0.0,1
lig0170,Ibuprofen piconol,1,22,4.13,3,171.5,44.9,126.4,0.0,0.738,3.04,0.0,1
lig0170,Ibuprofen piconol,1,22,4.13,4,205.4,43.8,125.5,0.0,0.787,3.23,0.0,1
lig0171,Combretastatin A4,1,23,3.6,0,165.7,23.5,123.1,0.0,0.858,2.98,0.0,1
lig0141,Clopidogrel,1,21,3.67,3,146.0,25.9,146.0,0.0,0.823,3.17,0.0,1
lig0141,Clopidogrel,1,21,3.67,4,161.6,47.3,113.4,0.0,0.707,3.37,0.0,1
lig0142,Nitazoxanide,1,21,2.23,0,181.9,35.6,181.9,0.0,0.804,3.24,0.0,1
lig0142,Nitazoxanide,1,21,2.23,1,186.2,37.2,98.1,0.0,0.8,3.15,0.0,1
lig0164,Phenazopyridine HCl,1,16,2.66,4,159.0,41.9,159.0,0.0,0.736,3.19,0.0,1
lig0165,Chloroxylenol,1,10,2.66,0,119.2,24.4,80.8,0.0,0.795,2.94,0.0,1
lig0165,Chloroxylenol,1,10,2.66,1,115.1,34.8,52.7,0.0,0.698,3.1,0.0,1
lig0165,Chloroxylenol,1,10,2.66,2,137.6,42.6,109.3,0.0,0.69,2.99,0.0,1
lig0159,GUANABENZ,1,14,1.81,1,160.9,23.8,124.0,0.0,0.852,3.28,0.0,1
lig0159,GUANABENZ,1,14,1.81,2,144.7,39.3,70.6,0.0,0.728,3.16,0.0,1
lig0159,GUANABENZ,1,14,1.81,3,162.4,39.3,109.1,0.0,0.758,3.09,0.0,1
lig0159,GUANABENZ,1,14,1.81,4,154.7,20.3,154.7,0.0,0.869,3.21,0.0,1
lig0163,Tetrac,1,22,5.23,1,186.0,29.8,115.6,0.0,0.84,3.09,0.0,1
lig0163,Tetrac,1,22,5.23,2,196.8,39.1,100.0,0.0,0.801,3.21,0.0,1
lig0163,Tetrac,1,22,5.23,3,207.6,37.6,164.8,0.0,0.819,3.32,0.0,1
lig0163,Tetrac,1,22,5.23,4,182.5,38.9,130.5,0.0,0.787,3.23,0.0,1
lig0152,Clomipramine HCl,1,22,4.53,0,181.4,41.9,107.6,0.0,0.769,3.26,0.0,1
lig0152,Clomipramine HCl,1,22,4.53,1,203.9,44.1,203.9,0.0,0.784,3.24,0.0,1
lig0152,Clomipramine HCl,1,22,4.53,2,185.1,42.3,69.1,0.0,0.771,3.26,0.0,1
lig0152,Clomipramine HCl,1,22,4.53,3,197.9,40.0,120.3,0.0,0.798,3.11,0.0,1
lig0164,Phenazopyridine HCl,1,16,2.66,0,156.0,39.1,113.0,0.0,0.749,3.24,0.0,1
lig0164,Phenazopyridine HCl,1,16,2.66,1,165.9,38.7,102.4,0.0,0.767,3.14,0.0,1
lig0164,Phenazopyridine HCl,1,16,2.66,2,149.3,35.6,109.1,0.0,0.762,3.1,0.0,1
lig0164,Phenazopyridine HCl,1,16,2.66,3,148.0,41.7,103.2,0.0,0.718,3.12,0.0,1
lig0160,Loxapine Succinate,1,23,3.77,4,168.3,35.4,109.7,0.0,0.79,3.1,0.0,1
lig0161,Mezlocillin Sodium,1,36,-0.23,0,133.1,35.2,63.7,0.0,0.736,2.96,0.0,1
lig0161,Mezlocillin Sodium,1,36,-0.23,1,184.5,31.3,139.1,0.0,0.83,3.25,0.0,1
lig0161,Mezlocillin Sodium,1,36,-0.23,2,179.5,36.1,131.5,0.0,0.799,3.45,0.0,1
lig0152,Clomipramine HCl,1,22,4.53,4,206.5,25.5,206.5,0.0,0.877,3.22,0.0,1
lig0153,Melitracen hydrochloride,1,22,4.71,0,188.8,41.0,127.9,0.0,0.783,3.38,0.0,1
lig0153,Melitracen hydrochloride,1,22,4.71,1,202.0,59.8,76.9,59.8,0.704,3.35,2.42,1
lig0153,Melitracen hydrochloride,1,22,4.71,2,210.8,48.0,124.2,0.0,0.772,3.19,0.0,1
lig0147,Triclabendazole,1,21,6.04,1,170.9,40.6,60.0,0.0,0.762,3.0,0.0,1
lig0147,Triclabendazole,1,21,6.04,2,181.0,42.3,147.5,0.0,0.766,3.36,0.0,1
lig0147,Triclabendazole,1,21,6.04,3,185.3,45.8,136.7,0.0,0.753,3.06,0.0,1
lig0147,Triclabendazole,1,21,6.04,4,209.1,36.9,132.2,0.0,0.824,3.22,0.0,1
lig0176,Magnolol,1,20,4.22,4,182.7,49.2,76.7,0.0,0.731,3.4,0.0,1
lig0177,Evodiamine,1,23,3.31,0,160.1,43.4,124.6,0.0,0.729,3.04,0.0,1
lig0177,Evodiamine,1,23,3.31,1,184.7,40.4,102.0,0.0,0.781,3.19,0.0,1
lig0177,Evodiamine,1,23,3.31,2,177.1,41.5,101.3,0.0,0.766,3.19,0.0,1
lig0184,Travoprost,0,35,4.43,4,212.1,22.7,113.6,0.0,0.893,3.24,0.0,1
lig0185,(-)-Borneol,0,11,2.19,0,128.5,24.8,128.5,0.0,0.807,3.09,0.0,1
lig0185,(-)-Borneol,0,11,2.19,1,122.9,24.4,122.9,0.0,0.801,3.08,0.0,1
lig0185,(-)-Borneol,0,11,2.19,2,128.3,22.0,128.3,0.0,0.829,3.22,0.0,1
lig0175,Honokiol,1,20,4.22,1,129.0,41.0,97.6,0.0,0.682,2.98,0.0,1
lig0175,Honokiol,1,20,4.22,2,121.4,35.6,42.6,0.0,0.707,2.89,0.0,1
lig0175,Honokiol,1,20,4.22,3,179.5,44.3,114.9,0.0,0.753,3.16,0.0,1
lig0175,Honokiol,1,20,4.22,4,170.0,41.7,96.1,0.0,0.755,3.12,0.0,1
lig0169,Ibudilast,1,17,3.3,3,162.4,43.0,108.4,0.0,0.735,3.07,0.0,1
lig0169,Ibudilast,1,17,3.3,4,152.7,41.7,125.1,0.0,0.727,3.24,0.0,1
lig0170,Ibuprofen piconol,1,22,4.13,0,168.3,48.6,132.2,0.0,0.711,3.12,0.0,1
lig0170,Ibuprofen piconol,1,22,4.13,1,190.3,42.6,80.8,0.0,0.776,3.24,0.0,1
lig0168,Benzbromarone,1,22,5.46,0,224.4,49.0,79.9,0.0,0.782,3.18,0.0,1
lig0168,Benzbromarone,1,22,5.46,1,214.7,42.3,89.9,42.3,0.803,3.17,2.53,1
lig0168,Benzbromarone,1,22,5.46,2,216.9,42.1,118.8,42.1,0.806,3.15,2.62,1
lig0168,Benzbromarone,1,22,5.46,3,209.5,43.4,209.5,16.6,0.793,3.31,2.5,1
lig0171,Combretastatin A4,1,23,3.6,1,185.3,46.9,139.3,0.0,0.747,3.2,0.0,1
lig0171,Combretastatin A4,1,23,3.6,2,184.9,24.6,70.4,0.0,0.867,3.17,0.0,1
lig0171,Combretastatin A4,1,23,3.6,3,143.4,39.5,99.8,0.0,0.725,3.13,0.0,1
lig0171,Combretastatin A4,1,23,3.6,4,178.6,24.8,108.4,0.0,0.861,3.25,0.0,1
lig0172,2-Aminopyrimidine,1,7,0.06,4,154.2,59.2,110.4,59.2,0.616,3.18,2.47,1
lig0173,"3-Amino-1,2,4-Triazole Carboxylic Acid",1,9,-0.91,0,111.7,24.4,89.2,0.0,0.782,3.15,0.0,1
lig0173,"3-Amino-1,2,4-Triazole Carboxylic Acid",1,9,-0.91,1,108.9,23.1,108.9,0.0,0.788,3.11,0.0,1
lig0173,"3-Amino-1,2,4-Triazole Carboxylic Acid",1,9,-0.91,2,117.5,30.0,82.7,0.0,0.745,3.07,0.0,1
lig0182,Vitexin,0,31,0.09,2,154.0,35.6,88.6,0.0,0.769,3.07,0.0,1
lig0182,Vitexin,0,31,0.09,3,162.6,25.3,104.5,0.0,0.844,3.17,0.0,1
lig0182,Vitexin,0,31,0.09,4,167.4,23.3,102.4,0.0,0.861,3.3,0.0,1
lig0183,Piperacillin Sodium,0,36,-0.24,0,175.6,34.6,85.3,0.0,0.803,3.39,0.0,1
lig0196,Allylestrenol,0,22,5.26,0,136.7,22.9,69.1,0.0,0.832,3.12,0.0,1
lig0196,Allylestrenol,0,22,5.26,1,138.7,23.3,76.5,0.0,0.832,3.16,0.0,1
lig0196,Allylestrenol,0,22,5.26,2,149.5,23.8,105.6,0.0,0.841,3.44,0.0,1
lig0196,Allylestrenol,0,22,5.26,3,149.7,22.0,75.6,0.0,0.853,3.19,0.0,1
lig0178,Benzyl cinnamate,1,18,3.44,2,170.0,50.5,92.0,0.0,0.703,3.26,0.0,1
lig0178,Benzyl cinnamate,1,18,3.44,3,156.8,62.2,74.5,62.2,0.603,3.15,2.52,1
lig0178,Benzyl cinnamate,1,18,3.44,4,163.7,39.1,163.7,0.0,0.761,3.15,0.0,1
lig0179,5-Bromo-2-Hydroxybenzophenone,1,13,0.34,0,139.5,35.2,86.2,0.0,0.748,3.0,0.0,1
lig0180,Atipamezole hydrochloride,1,16,2.86,4,149.5,36.5,149.5,0.0,0.756,3.23,0.0,1
lig0181,Neostigmine Bromide,0,16,1.94,0,155.5,40.4,92.9,0.0,0.74,3.1,0.0,1
lig0181,Neostigmine Bromide,0,16,1.94,1,150.3,26.6,150.3,0.0,0.823,3.2,0.0,1
lig0181,Neostigmine Bromide,0,16,1.94,2,153.8,40.8,81.4,0.0,0.735,3.11,0.0,1
lig0195,Carvacrol,0,11,2.82,1,154.0,33.0,154.0,0.0,0.786,3.13,0.0,1
lig0195,Carvacrol,0,11,2.82,2,132.6,50.1,103.5,0.0,0.622,2.99,0.0,1
lig0195,Carvacrol,0,11,2.82,3,132.4,34.8,132.4,0.0,0.737,2.91,0.0,1
lig0195,Carvacrol,0,11,2.82,4,124.2,35.9,72.8,0.0,0.711,2.97,0.0,1
lig0184,Travoprost,0,35,4.43,0,216.6,38.7,138.5,0.0,0.821,3.06,0.0,1
lig0184,Travoprost,0,35,4.43,1,225.5,34.1,98.3,0.0,0.849,3.28,0.0,1
lig0184,Travoprost,0,35,4.43,2,211.0,28.7,97.2,0.0,0.864,3.26,0.0,1
lig0184,Travoprost,0,35,4.43,3,188.4,26.6,131.8,0.0,0.859,3.2,0.0,1
lig0185,(-)-Borneol,0,11,2.19,3,126.6,27.9,126.6,0.0,0.78,3.01,0.0,1
lig0185,(-)-Borneol,0,11,2.19,4,113.4,21.4,113.4,0.0,0.811,3.14,0.0,1
lig0186,MPEP,0,15,2.79,0,179.3,40.8,179.3,0.0,0.772,3.22,0.0,1
lig0186,MPEP,0,15,2.79,1,162.0,36.1,86.0,0.0,0.777,3.08,0.0,1
lig0168,Benzbromarone,1,22,5.46,4,211.0,41.9,96.1,41.9,0.801,3.26,2.58,1
lig0169,Ibudilast,1,17,3.3,0,172.2,47.1,172.2,0.0,0.726,3.14,0.0,1
lig0169,Ibudilast,1,17,3.3,1,162.0,33.7,104.8,0.0,0.792,3.09,0.0,1
lig0169,Ibudilast,1,17,3.3,2,165.9,40.0,107.6,0.0,0.759,3.2,0.0,1
lig0183,Piperacillin Sodium,0,36,-0.24,1,189.6,35.4,92.7,0.0,0.813,3.36,0.0,1
lig0183,Piperacillin Sodium,0,36,-0.24,2,172.4,32.6,119.7,0.0,0.811,3.12,0.0,1
lig0183,Piperacillin Sodium,0,36,-0.24,3,202.6,30.5,84.0,0.0,0.849,3.23,0.0,1
lig0183,Piperacillin Sodium,0,36,-0.24,4,224.0,31.5,156.6,0.0,0.859,3.32,0.0,1
lig0167,Hydroxyzine pamoate,1,26,3.06,1,176.0,37.4,176.0,0.0,0.787,3.32,0.0,1
lig0167,Hydroxyzine pamoate,1,26,3.06,2,206.7,39.3,121.8,0.0,0.81,3.25,0.0,1
lig0167,Hydroxyzine pamoate,1,26,3.06,3,195.5,42.3,119.9,0.0,0.784,3.34,0.0,1
lig0167,Hydroxyzine pamoate,1,26,3.06,4,185.1,36.3,118.6,0.0,0.804,3.38,0.0,1
lig0187,(+)-Borneol,0,11,2.19,1,142.8,28.5,98.7,0.0,0.8,3.27,0.0,1
lig0187,(+)-Borneol,0,11,2.19,2,125.1,20.1,85.5,0.0,0.839,3.09,0.0,1
lig0187,(+)-Borneol,0,11,2.19,3,118.8,22.2,58.5,0.0,0.813,2.93,0.0,1
lig0187,(+)-Borneol,0,11,2.19,4,118.4,19.0,118.4,0.0,0.84,2.96,0.0,1
lig0180,Atipamezole hydrochloride,1,16,2.86,0,146.7,38.4,107.4,0.0,0.738,3.15,0.0,1
lig0180,Atipamezole hydrochloride,1,16,2.86,1,175.8,25.9,175.8,0.0,0.853,3.31,0.0,1
lig0180,Atipamezole hydrochloride,1,16,2.86,2,163.7,37.4,73.9,0.0,0.772,3.27,0.0,1
lig0180,Atipamezole hydrochloride,1,16,2.86,3,139.3,37.8,139.3,0.0,0.729,3.19,0.0,1
lig0205,(-)-Parthenolide,0,18,2.76,3,163.3,24.8,105.0,0.0,0.848,3.15,0.0,1
lig0205,(-)-Parthenolide,0,18,2.76,4,164.4,27.0,121.8,0.0,0.836,3.3,0.0,1
lig0206,Parthenolide,0,18,2.76,0,152.1,22.7,152.1,0.0,0.851,3.11,0.0,1
lig0206,Parthenolide,0,18,2.76,1,169.8,23.8,146.4,0.0,0.86,3.22,0.0,1
lig0177,Evodiamine,1,23,3.31,3,190.9,38.2,118.2,0.0,0.8,3.16,0.0,1
lig0177,Evodiamine,1,23,3.31,4,187.9,44.7,102.4,0.0,0.762,3.22,0.0,1
lig0178,Benzyl cinnamate,1,18,3.44,0,167.6,69.6,167.6,69.6,0.585,3.15,2.48,1
lig0178,Benzyl cinnamate,1,18,3.44,1,178.2,56.2,116.4,56.2,0.685,3.18,2.43,1
lig0166,Metyrapone,1,17,2.64,2,160.7,45.8,59.8,0.0,0.715,3.17,0.0,1
lig0166,Metyrapone,1,17,2.64,3,152.3,33.9,97.2,0.0,0.777,3.08,0.0,1
lig0166,Metyrapone,1,17,2.64,4,156.8,37.2,86.6,0.0,0.763,3.05,0.0,1
lig0167,Hydroxyzine pamoate,1,26,3.06,0,188.1,39.5,140.2,0.0,0.79,3.26,0.0,1
lig0208,Norcantharidin,0,12,-0.14,4,124.0,24.8,124.0,0.0,0.8,3.2,0.0,1
lig0209,Valpromide,0,10,1.69,0,114.0,18.8,114.0,0.0,0.835,2.9,0.0,1
lig0209,Valpromide,0,10,1.69,1,122.5,33.3,81.9,0.0,0.728,2.93,0.0,1
lig0209,Valpromide,0,10,1.69,2,117.1,28.3,77.3,0.0,0.758,2.91,0.0,1
lig0202,(1R)-(-)-Menthyl acetate,0,14,3.01,2,154.4,27.0,105.4,0.0,0.825,3.26,0.0,1
lig0202,(1R)-(-)-Menthyl acetate,0,14,3.01,3,180.4,26.1,105.4,0.0,0.855,3.22,0.0,1
lig0202,(1R)-(-)-Menthyl acetate,0,14,3.01,4,172.2,23.8,120.7,0.0,0.862,3.29,0.0,1
lig0203,7-Methoxycoumarin,0,13,1.8,0,140.8,20.1,140.8,0.0,0.857,3.23,0.0,1
lig0190,Cyclobenzaprine HCl,0,21,4.55,2,204.6,49.2,63.1,0.0,0.76,3.21,0.0,1
lig0190,Cyclobenzaprine HCl,0,21,4.55,3,208.7,45.8,208.7,0.0,0.781,3.39,0.0,1
lig0190,Cyclobenzaprine HCl,0,21,4.55,4,196.1,45.1,106.3,0.0,0.77,3.47,0.0,1
lig0191,"5,5-Dimethyl Oxazolidine 2,4-Dione",0,9,0.03,0,89.2,21.6,51.4,0.0,0.758,2.91,0.0,1
lig0197,Orotic acid (6-Carboxyuracil),0,11,-1.24,3,121.4,24.8,33.3,0.0,0.796,2.95,0.0,1
lig0197,Orotic acid (6-Carboxyuracil),0,11,-1.24,4,112.8,28.5,71.3,0.0,0.747,2.97,0.0,1
lig0198,4-Allylanisole,0,11,2.42,0,135.6,24.0,135.6,0.0,0.823,3.12,0.0,1
lig0198,4-Allylanisole,0,11,2.42,1,151.2,39.5,57.0,0.0,0.739,3.14,0.0,1
lig0176,Magnolol,1,20,4.22,0,157.2,51.6,86.8,0.0,0.672,3.13,0.0,1
lig0176,Magnolol,1,20,4.22,1,146.0,45.6,63.5,0.0,0.688,3.2,0.0,1
lig0176,Magnolol,1,20,4.22,2,159.6,42.8,97.8,0.0,0.732,3.31,0.0,1
lig0176,Magnolol,1,20,4.22,3,162.6,47.7,132.8,0.0,0.707,3.14,0.0,1
lig0188,Taurine,0,7,-1.17,0,129.6,24.6,129.6,0.0,0.81,3.08,0.0,1
lig0188,Taurine,0,7,-1.17,1,129.8,26.4,93.7,0.0,0.797,3.04,0.0,1
lig0188,Taurine,0,7,-1.17,2,125.9,25.5,95.5,0.0,0.797,3.04,0.0,1
lig0188,Taurine,0,7,-1.17,3,119.7,21.0,77.1,0.0,0.825,2.98,0.0,1
lig0186,MPEP,0,15,2.79,2,146.0,41.3,146.0,0.0,0.717,3.11,0.0,1
lig0186,MPEP,0,15,2.79,3,171.3,49.7,102.0,0.0,0.71,3.01,0.0,1
lig0186,MPEP,0,15,2.79,4,151.4,39.7,67.0,0.0,0.738,3.34,0.0,1
lig0187,(+)-Borneol,0,11,2.19,0,139.1,25.1,139.1,0.0,0.82,3.38,0.0,1
lig0165,Chloroxylenol,1,10,2.66,3,124.6,30.9,81.2,0.0,0.752,3.01,0.0,1
lig0165,Chloroxylenol,1,10,2.66,4,113.6,40.2,89.2,0.0,0.646,2.91,0.0,1
lig0166,Metyrapone,1,17,2.64,0,139.5,45.4,53.8,0.0,0.675,3.23,0.0,1
lig0166,Metyrapone,1,17,2.64,1,156.0,42.8,52.9,0.0,0.726,3.14,0.0,1
lig0206,Parthenolide,0,18,2.76,2,158.1,26.1,158.1,0.0,0.835,3.2,0.0,1
lig0206,Parthenolide,0,18,2.76,3,170.6,24.6,117.7,0.0,0.856,3.4,0.0,1
lig0206,Parthenolide,0,18,2.76,4,169.8,35.0,114.5,0.0,0.794,3.3,0.0,1
lig0207,Deoxygedunol Acetate,0,37,5.71,0,178.8,21.8,136.5,0.0,0.878,3.4,0.0,1
lig0200,Neticonazole,0,21,4.66,0,174.5,52.7,135.2,0.0,0.698,3.25,0.0,1
lig0200,Neticonazole,0,21,4.66,1,172.4,46.4,172.4,0.0,0.731,3.28,0.0,1
lig0200,Neticonazole,0,21,4.66,2,202.0,38.4,111.7,0.0,0.81,3.21,0.0,1
lig0200,Neticonazole,0,21,4.66,3,205.8,27.6,108.4,0.0,0.866,3.2,0.0,1
lig0179,5-Bromo-2-Hydroxybenzophenone,1,13,0.34,1,144.9,48.2,111.7,0.0,0.667,3.19,0.0,1
lig0179,5-Bromo-2-Hydroxybenzophenone,1,13,0.34,2,73.7,40.0,73.7,0.0,0.457,2.45,0.0,1
lig0179,5-Bromo-2-Hydroxybenzophenone,1,13,0.34,3,118.2,41.9,53.4,0.0,0.646,3.09,0.0,1
lig0179,5-Bromo-2-Hydroxybenzophenone,1,13,0.34,4,121.8,22.9,44.3,0.0,0.812,3.01,0.0,1
lig0172,2-Aminopyrimidine,1,7,0.06,0,147.5,67.2,104.8,67.2,0.544,3.08,2.42,1
lig0172,2-Aminopyrimidine,1,7,0.06,1,125.7,37.6,125.7,0.0,0.701,3.04,0.0,1
lig0172,2-Aminopyrimidine,1,7,0.06,2,131.5,47.3,131.5,0.0,0.64,3.04,0.0,1
lig0172,2-Aminopyrimidine,1,7,0.06,3,117.1,24.2,117.1,0.0,0.793,2.91,0.0,1
lig0201,Benztropine mesylate,0,23,4.42,3,218.4,29.2,132.4,0.0,0.866,3.46,0.0,1
lig0201,Benztropine mesylate,0,23,4.42,4,179.5,40.2,179.5,0.0,0.776,3.26,0.0,1
lig0202,(1R)-(-)-Menthyl acetate,0,14,3.01,0,160.9,29.8,103.5,0.0,0.815,3.34,0.0,1
lig0202,(1R)-(-)-Menthyl acetate,0,14,3.01,1,156.8,26.6,156.8,0.0,0.83,3.09,0.0,1
lig0192,Eliglustat,0,29,3.43,0,176.3,28.3,121.8,0.0,0.839,3.24,0.0,1
lig0192,Eliglustat,0,29,3.43,1,190.9,38.4,109.3,0.0,0.799,3.18,0.0,1
lig0192,Eliglustat,0,29,3.43,2,189.0,42.8,189.0,0.0,0.774,3.29,0.0,1
lig0192,Eliglustat,0,29,3.43,3,173.9,36.9,96.6,0.0,0.788,3.09,0.0,1
lig0209,Valpromide,0,10,1.69,3,129.8,30.0,129.8,0.0,0.769,2.9,0.0,1
lig0209,Valpromide,0,10,1.69,4,108.9,22.2,108.9,0.0,0.796,2.88,0.0,1
lig0210,Carbamazepine,0,18,3.39,0,131.5,39.5,63.7,0.0,0.7,3.18,0.0,1
lig0210,Carbamazepine,0,18,3.39,1,152.7,51.0,115.3,0.0,0.666,3.14,0.0,1
lig0189,Fendiline hydrochloride,0,24,5.56,3,182.1,31.5,87.9,0.0,0.827,3.41,0.0,1
lig0189,Fendiline hydrochloride,0,24,5.56,4,166.8,41.0,76.0,0.0,0.754,3.18,0.0,1
lig0190,Cyclobenzaprine HCl,0,21,4.55,0,205.0,39.5,140.8,0.0,0.807,3.33,0.0,1
lig0190,Cyclobenzaprine HCl,0,21,4.55,1,175.4,39.3,83.8,0.0,0.776,3.13,0.0,1
lig0188,Taurine,0,7,-1.17,4,124.2,22.9,124.2,0.0,0.816,3.02,0.0,1
lig0189,Fendiline hydrochloride,0,24,5.56,0,211.5,49.2,151.6,0.0,0.767,3.46,0.0,1
lig0189,Fendiline hydrochloride,0,24,5.56,1,224.9,45.8,150.6,0.0,0.796,3.44,0.0,1
lig0189,Fendiline hydrochloride,0,24,5.56,2,181.7,40.8,181.7,0.0,0.775,3.23,0.0,1
lig0198,4-Allylanisole,0,11,2.42,2,128.1,35.6,128.1,0.0,0.722,2.94,0.0,1
lig0198,4-Allylanisole,0,11,2.42,3,158.3,33.3,122.5,0.0,0.79,3.24,0.0,1
lig0198,4-Allylanisole,0,11,2.42,4,144.5,35.9,70.0,0.0,0.752,3.08,0.0,1
lig0199,Benzyl benzoate,0,16,3.04,0,193.5,73.9,76.0,73.9,0.618,3.23,2.52,1
lig0207,Deoxygedunol Acetate,0,37,5.71,1,149.7,26.4,63.7,0.0,0.824,3.55,0.0,1
lig0207,Deoxygedunol Acetate,0,37,5.71,2,207.4,26.1,207.4,0.0,0.874,3.47,0.0,1
lig0207,Deoxygedunol Acetate,0,37,5.71,3,179.1,29.6,99.6,0.0,0.835,3.61,0.0,1
lig0207,Deoxygedunol Acetate,0,37,5.71,4,187.5,32.6,93.7,0.0,0.826,3.48,0.0,1
lig0194,Desloratadine,0,22,4.02,2,200.0,47.1,171.9,0.0,0.764,3.3,0.0,1
lig0194,Desloratadine,0,22,4.02,3,205.6,24.2,73.0,0.0,0.882,3.27,0.0,1
lig0194,Desloratadine,0,22,4.02,4,204.1,47.5,161.8,0.0,0.767,3.38,0.0,1
lig0195,Carvacrol,0,11,2.82,0,147.5,41.0,121.4,0.0,0.722,3.01,0.0,1
lig0200,Neticonazole,0,21,4.66,4,166.1,41.0,86.8,0.0,0.753,3.15,0.0,1
lig0201,Benztropine mesylate,0,23,4.42,0,189.6,34.3,189.6,0.0,0.819,3.34,0.0,1
lig0201,Benztropine mesylate,0,23,4.42,1,178.8,42.3,69.8,0.0,0.763,3.3,0.0,1
lig0201,Benztropine mesylate,0,23,4.42,2,221.0,47.3,94.6,0.0,0.786,3.39,0.0,1
lig0193,Sevoflurane,0,12,2.42,3,132.2,26.6,56.4,0.0,0.799,3.17,0.0,1
lig0193,Sevoflurane,0,12,2.42,4,130.7,30.7,83.8,0.0,0.765,3.08,0.0,1
lig0194,Desloratadine,0,22,4.02,0,172.8,44.1,127.9,0.0,0.745,3.32,0.0,1
lig0194,Desloratadine,0,22,4.02,1,184.5,41.7,99.4,0.0,0.774,3.23,0.0,1
lig0203,7-Methoxycoumarin,0,13,1.8,1,127.0,40.4,97.4,0.0,0.682,3.11,0.0,1
lig0203,7-Methoxycoumarin,0,13,1.8,2,151.2,35.4,101.3,0.0,0.766,3.11,0.0,1
lig0203,7-Methoxycoumarin,0,13,1.8,3,121.0,42.3,46.9,0.0,0.65,3.0,0.0,1
lig0203,7-Methoxycoumarin,0,13,1.8,4,136.5,29.6,136.5,0.0,0.783,3.06,0.0,1
lig0212,Ligustilide,0,14,2.87,4,147.3,31.8,98.3,0.0,0.784,3.16,0.0,1
lig0213,Bendazol,0,16,3.15,0,162.4,38.7,122.0,0.0,0.762,3.18,0.0,1
lig0213,Bendazol,0,16,3.15,1,122.0,45.1,78.8,0.0,0.63,2.94,0.0,1
lig0213,Bendazol,0,16,3.15,2,129.8,44.5,55.3,0.0,0.657,3.05,0.0,1
lig0196,Allylestrenol,0,22,5.26,4,191.6,27.2,138.2,0.0,0.858,3.33,0.0,1
lig0197,Orotic acid (6-Carboxyuracil),0,11,-1.24,0,108.9,21.6,108.9,0.0,0.802,2.95,0.0,1
lig0197,Orotic acid (6-Carboxyuracil),0,11,-1.24,1,126.1,24.2,96.3,0.0,0.808,2.97,0.0,1
lig0197,Orotic acid (6-Carboxyuracil),0,11,-1.24,2,92.2,24.4,92.2,0.0,0.735,2.89,0.0,1
lig0192,Eliglustat,0,29,3.43,4,149.5,24.6,78.8,0.0,0.835,3.18,0.0,1
lig0193,Sevoflurane,0,12,2.42,0,119.7,22.9,60.7,0.0,0.809,2.89,0.0,1
lig0193,Sevoflurane,0,12,2.42,1,87.0,22.7,87.0,0.0,0.739,2.8,0.0,1
lig0193,Sevoflurane,0,12,2.42,2,122.0,24.6,86.0,0.0,0.798,3.06,0.0,1
lig0199,Benzyl benzoate,0,16,3.04,1,194.4,50.1,194.4,0.0,0.742,3.18,0.0,1
lig0199,Benzyl benzoate,0,16,3.04,2,190.1,37.2,132.0,0.0,0.804,3.17,0.0,1
lig0199,Benzyl benzoate,0,16,3.04,3,194.2,45.6,194.2,0.0,0.765,3.09,0.0,1
lig0199,Benzyl benzoate,0,16,3.04,4,187.9,69.3,96.8,22.5,0.631,3.2,2.59,1
lig0215,Tacrine HCl,0,15,2.7,1,140.2,43.2,109.1,0.0,0.692,3.09,0.0,1
lig0215,Tacrine HCl,0,15,2.7,2,173.9,40.0,132.0,0.0,0.77,3.18,0.0,1
lig0215,Tacrine HCl,0,15,2.7,3,149.9,40.2,106.3,0.0,0.732,3.07,0.0,1
lig0215,Tacrine HCl,0,15,2.7,4,133.7,50.8,133.7,0.0,0.62,3.09,0.0,1
lig0204,Phenindione,0,17,2.85,0,126.6,45.6,44.5,0.0,0.64,3.15,0.0,1
lig0204,Phenindione,0,17,2.85,1,146.9,27.2,64.8,0.0,0.815,3.13,0.0,1
lig0204,Phenindione,0,17,2.85,2,135.2,40.2,135.2,0.0,0.703,3.0,0.0,1
lig0204,Phenindione,0,17,2.85,3,139.3,35.6,90.9,0.0,0.744,2.94,0.0,1
lig0204,Phenindione,0,17,2.85,4,141.5,42.6,78.2,0.0,0.699,3.06,0.0,1
lig0205,(-)-Parthenolide,0,18,2.76,0,160.5,29.4,160.5,0.0,0.817,3.2,0.0,1
lig0205,(-)-Parthenolide,0,18,2.76,1,160.3,25.9,101.3,0.0,0.838,3.1,0.0,1
lig0205,(-)-Parthenolide,0,18,2.76,2,155.1,40.4,49.2,0.0,0.74,3.15,0.0,1
lig0213,Bendazol,0,16,3.15,3,159.8,47.3,120.3,0.0,0.704,3.18,0.0,1
lig0213,Bendazol,0,16,3.15,4,140.2,40.6,140.2,0.0,0.71,3.1,0.0,1
lig0214,Pronamide,0,16,3.14,0,169.8,42.1,169.8,0.0,0.752,3.16,0.0,1
lig0214,Pronamide,0,16,3.14,1,161.8,42.6,161.8,0.0,0.737,3.21,0.0,1
lig0191,"5,5-Dimethyl Oxazolidine 2,4-Dione",0,9,0.03,1,102.4,24.4,63.1,0.0,0.762,2.83,0.0,1
lig0191,"5,5-Dimethyl Oxazolidine 2,4-Dione",0,9,0.03,2,95.9,28.9,95.9,0.0,0.699,2.77,0.0,1
lig0191,"5,5-Dimethyl Oxazolidine 2,4-Dione",0,9,0.03,3,112.3,21.2,33.7,0.0,0.811,2.92,0.0,1
lig0191,"5,5-Dimethyl Oxazolidine 2,4-Dione",0,9,0.03,4,98.3,21.6,32.6,0.0,0.78,2.89,0.0,1
lig0210,Carbamazepine,0,18,3.39,2,137.2,44.7,46.7,0.0,0.674,3.03,0.0,1
lig0210,Carbamazepine,0,18,3.39,3,149.7,45.1,121.2,0.0,0.699,3.26,0.0,1
lig0210,Carbamazepine,0,18,3.39,4,131.1,38.9,70.6,0.0,0.703,2.96,0.0,1
lig0211,Ketotifen Fumarate,0,22,4.01,0,211.7,47.7,211.7,0.0,0.775,3.51,0.0,1
lig0219,Bornyl acetate,0,14,2.76,1,142.8,21.6,142.8,0.0,0.849,3.19,0.0,1
lig0219,Bornyl acetate,0,14,2.76,2,155.7,28.5,90.1,0.0,0.817,3.16,0.0,1
lig0219,Bornyl acetate,0,14,2.76,3,140.4,25.3,140.4,0.0,0.82,3.17,0.0,1
lig0219,Bornyl acetate,0,14,2.76,4,137.2,24.2,69.6,0.0,0.824,3.14,0.0,1
lig0228,Gestodene,0,23,3.66,4,211.5,24.8,107.6,0.0,0.883,3.15,0.0,1
lig0229,Methyl salicylate,0,11,1.18,0,115.8,36.1,115.8,0.0,0.688,2.95,0.0,1
lig0229,Methyl salicylate,0,11,1.18,1,108.6,43.8,36.7,0.0,0.597,2.85,0.0,1
lig0229,Methyl salicylate,0,11,1.18,2,130.5,39.1,80.1,0.0,0.7,3.09,0.0,1
lig0218,Androsterone,0,21,3.96,2,221.6,22.7,190.3,0.0,0.898,3.3,0.0,1
lig0218,Androsterone,0,21,3.96,3,190.5,22.0,151.4,0.0,0.885,3.2,0.0,1
lig0218,Androsterone,0,21,3.96,4,167.8,24.2,82.5,0.0,0.856,3.25,0.0,1
lig0219,Bornyl acetate,0,14,2.76,0,136.5,22.5,136.5,0.0,0.835,3.07,0.0,1
lig0208,Norcantharidin,0,12,-0.14,0,122.7,27.4,122.7,0.0,0.777,3.21,0.0,1
lig0208,Norcantharidin,0,12,-0.14,1,133.3,25.3,107.6,0.0,0.81,3.13,0.0,1
lig0208,Norcantharidin,0,12,-0.14,2,111.2,20.5,83.4,0.0,0.816,2.91,0.0,1
lig0208,Norcantharidin,0,12,-0.14,3,116.0,24.0,49.0,0.0,0.793,3.07,0.0,1
lig0216,Clemizole,0,23,4.33,4,174.7,40.8,174.7,0.0,0.766,3.14,0.0,1
lig0217,Dihydrotestosterone(DHT),0,21,3.96,0,192.5,25.5,106.3,0.0,0.868,3.28,0.0,1
lig0217,Dihydrotestosterone(DHT),0,21,3.96,1,185.3,26.1,112.8,0.0,0.859,3.25,0.0,1
lig0217,Dihydrotestosterone(DHT),0,21,3.96,2,201.3,25.3,160.3,0.0,0.874,3.21,0.0,1
lig0216,Clemizole,0,23,4.33,0,201.3,43.8,132.0,0.0,0.782,3.13,0.0,1
lig0216,Clemizole,0,23,4.33,1,181.9,48.2,181.9,0.0,0.735,3.32,0.0,1
lig0216,Clemizole,0,23,4.33,2,178.0,43.8,152.7,0.0,0.754,3.21,0.0,1
lig0216,Clemizole,0,23,4.33,3,199.8,44.3,141.5,0.0,0.778,3.19,0.0,1
lig0220,Epiandrosterone,0,21,3.96,0,206.1,22.9,122.0,0.0,0.889,3.24,0.0,1
lig0220,Epiandrosterone,0,21,3.96,1,203.0,23.5,79.1,0.0,0.884,3.33,0.0,1
lig0220,Epiandrosterone,0,21,3.96,2,187.5,31.1,117.9,0.0,0.834,3.33,0.0,1
lig0220,Epiandrosterone,0,21,3.96,3,213.2,26.6,145.6,0.0,0.875,3.46,0.0,1
lig0220,Epiandrosterone,0,21,3.96,4,195.7,25.9,195.7,0.0,0.868,3.27,0.0,1
lig0221,Detomidine HCl,0,14,2.62,0,148.6,24.4,148.6,0.0,0.836,3.24,0.0,1
lig0221,Detomidine HCl,0,14,2.62,1,144.7,36.3,50.8,0.0,0.749,3.05,0.0,1
lig0221,Detomidine HCl,0,14,2.62,2,148.6,40.4,148.6,0.0,0.728,3.18,0.0,1
lig0211,Ketotifen Fumarate,0,22,4.01,1,206.9,40.6,136.9,0.0,0.804,3.22,0.0,1
lig0211,Ketotifen Fumarate,0,22,4.01,2,201.1,41.5,65.2,0.0,0.794,3.23,0.0,1
lig0211,Ketotifen Fumarate,0,22,4.01,3,201.5,37.4,163.1,0.0,0.814,3.25,0.0,1
lig0211,Ketotifen Fumarate,0,22,4.01,4,204.1,53.1,152.5,0.0,0.74,3.35,0.0,1
lig0222,"2,3,4-Trihydroxybenzoic Acid",0,12,0.5,2,125.7,35.0,125.7,0.0,0.722,3.12,0.0,1
lig0222,"2,3,4-Trihydroxybenzoic Acid",0,12,0.5,3,106.3,40.6,75.8,0.0,0.618,2.99,0.0,1
lig0222,"2,3,4-Trihydroxybenzoic Acid",0,12,0.5,4,119.0,35.9,67.2,0.0,0.698,3.04,0.0,1
lig0223,Estrone,0,20,3.82,0,177.3,24.2,134.6,0.0,0.864,3.21,0.0,1
lig0223,Estrone,0,20,3.82,1,181.9,44.5,102.4,0.0,0.755,3.19,0.0,1
lig0223,Estrone,0,20,3.82,2,212.1,41.7,147.7,0.0,0.803,3.41,0.0,1
lig0223,Estrone,0,20,3.82,3,221.6,45.6,221.6,0.0,0.794,3.27,0.0,1
lig0223,Estrone,0,20,3.82,4,181.4,48.0,96.3,0.0,0.735,3.22,0.0,1
lig0237,Mexiletine HCl,0,13,2.03,3,142.1,33.3,142.1,0.0,0.766,3.27,0.0,1
lig0237,Mexiletine HCl,0,13,2.03,4,145.6,40.4,94.2,0.0,0.723,3.04,0.0,1
lig0238,Palonosetron,0,22,2.66,0,231.1,39.7,231.1,0.0,0.828,3.49,0.0,1
lig0238,Palonosetron,0,22,2.66,1,211.2,44.1,116.9,0.0,0.791,3.31,0.0,1
lig0229,Methyl salicylate,0,11,1.18,3,117.5,26.8,55.9,0.0,0.772,2.95,0.0,1
lig0229,Methyl salicylate,0,11,1.18,4,116.9,40.6,52.1,0.0,0.653,2.85,0.0,1
lig0230,Fluvastatin Sodium,0,30,4.63,0,229.2,37.6,139.8,0.0,0.836,3.21,0.0,1
lig0230,Fluvastatin Sodium,0,30,4.63,1,210.4,40.4,210.4,0.0,0.808,3.31,0.0,1
lig0212,Ligustilide,0,14,2.87,0,165.5,25.7,122.3,0.0,0.845,3.13,0.0,1
lig0212,Ligustilide,0,14,2.87,1,148.6,24.8,99.6,0.0,0.833,3.09,0.0,1
lig0212,Ligustilide,0,14,2.87,2,145.6,20.5,108.9,0.0,0.859,2.99,0.0,1
lig0212,Ligustilide,0,14,2.87,3,156.6,37.6,105.2,0.0,0.76,3.26,0.0,1
lig0227,Hexythiazox,0,23,4.98,1,170.0,41.0,111.5,0.0,0.759,3.27,0.0,1
lig0227,Hexythiazox,0,23,4.98,2,183.8,44.9,92.9,0.0,0.756,3.2,0.0,1
lig0227,Hexythiazox,0,23,4.98,3,173.2,39.7,173.2,0.0,0.771,3.26,0.0,1
lig0227,Hexythiazox,0,23,4.98,4,158.1,47.5,71.5,0.0,0.7,3.08,0.0,1
lig0230,Fluvastatin Sodium,0,30,4.63,2,201.3,40.4,160.5,0.0,0.799,3.29,0.0,1
lig0230,Fluvastatin Sodium,0,30,4.63,3,214.5,33.7,121.8,0.0,0.843,3.36,0.0,1
lig0230,Fluvastatin Sodium,0,30,4.63,4,218.2,44.5,105.2,0.0,0.796,3.32,0.0,1
lig0231,Rutaecarpine,0,22,3.1,0,200.9,36.7,177.6,0.0,0.817,3.13,0.0,1
lig0231,Rutaecarpine,0,22,3.1,1,194.0,59.8,107.1,0.0,0.692,3.19,0.0,1
lig0231,Rutaecarpine,0,22,3.1,2,198.1,58.1,149.0,58.1,0.707,3.16,2.43,1
lig0231,Rutaecarpine,0,22,3.1,3,196.6,42.6,110.4,0.0,0.783,3.15,0.0,1
lig0231,Rutaecarpine,0,22,3.1,4,180.4,104.1,159.4,59.2,0.423,3.15,2.71,1
lig0225,Umbelliferone,0,12,1.5,3,116.6,25.3,76.5,0.0,0.783,2.99,0.0,1
lig0225,Umbelliferone,0,12,1.5,4,116.6,20.7,116.6,0.0,0.822,2.91,0.0,1
lig0226,Norethindrone,0,22,3.49,0,200.0,23.5,108.4,0.0,0.883,3.12,0.0,1
lig0226,Norethindrone,0,22,3.49,1,202.0,24.4,64.4,0.0,0.879,3.1,0.0,1
lig0214,Pronamide,0,16,3.14,2,163.1,43.0,103.7,0.0,0.736,3.22,0.0,1
lig0214,Pronamide,0,16,3.14,3,174.5,48.4,174.5,0.0,0.723,3.35,0.0,1
lig0214,Pronamide,0,16,3.14,4,149.9,41.0,149.9,0.0,0.726,3.24,0.0,1
lig0215,Tacrine HCl,0,15,2.7,0,148.0,24.0,102.2,0.0,0.838,3.28,0.0,1
lig0251,Embelin,0,21,4.31,1,152.7,21.2,80.6,0.0,0.861,2.93,0.0,1
lig0251,Embelin,0,21,4.31,2,152.3,21.4,111.9,0.0,0.859,3.12,0.0,1
lig0251,Embelin,0,21,4.31,3,126.8,25.7,66.1,0.0,0.797,2.9,0.0,1
lig0251,Embelin,0,21,4.31,4,173.4,27.4,102.0,0.0,0.842,2.95,0.0,1
lig0241,"2,4,5-Trichlorophenoxyacetic Acid, Methyl Ester",0,15,3.2,3,132.6,39.7,95.9,0.0,0.701,3.06,0.0,1
lig0241,"2,4,5-Trichlorophenoxyacetic Acid, Methyl Ester",0,15,3.2,4,152.1,27.2,152.1,0.0,0.821,3.25,0.0,1
lig0242,Ciclopirox,0,15,2.44,0,159.4,45.1,123.8,0.0,0.717,3.34,0.0,1
lig0242,Ciclopirox,0,15,2.44,1,136.9,37.4,73.0,0.0,0.727,3.02,0.0,1
lig0217,Dihydrotestosterone(DHT),0,21,3.96,3,189.9,23.3,123.8,0.0,0.877,3.15,0.0,1
lig0217,Dihydrotestosterone(DHT),0,21,3.96,4,187.1,25.5,187.1,0.0,0.864,3.35,0.0,1
lig0218,Androsterone,0,21,3.96,0,204.8,28.7,98.7,0.0,0.86,3.46,0.0,1
lig0218,Androsterone,0,21,3.96,1,216.2,27.6,156.2,0.0,0.872,3.3,0.0,1
lig0226,Norethindrone,0,22,3.49,2,230.7,25.1,230.7,0.0,0.891,3.28,0.0,1
lig0226,Norethindrone,0,22,3.49,3,213.4,23.1,154.9,0.0,0.892,3.2,0.0,1
lig0226,Norethindrone,0,22,3.49,4,185.5,28.9,97.4,0.0,0.844,3.22,0.0,1
lig0227,Hexythiazox,0,23,4.98,0,177.8,36.9,177.8,0.0,0.792,3.35,0.0,1
lig0236,Norgestrel,0,23,3.88,0,193.8,27.2,128.7,0.0,0.86,3.44,0.0,1
lig0236,Norgestrel,0,23,3.88,1,194.4,22.5,80.8,0.0,0.884,3.33,0.0,1
lig0236,Norgestrel,0,23,3.88,2,203.5,27.6,62.0,0.0,0.864,3.43,0.0,1
lig0236,Norgestrel,0,23,3.88,3,214.7,21.2,89.2,0.0,0.901,3.25,0.0,1
lig0232,Pregnenolone,0,23,4.52,0,216.2,27.6,81.4,0.0,0.872,3.14,0.0,1
lig0232,Pregnenolone,0,23,4.52,1,211.9,22.5,169.6,0.0,0.894,3.39,0.0,1
lig0232,Pregnenolone,0,23,4.52,2,177.1,23.3,116.0,0.0,0.868,3.16,0.0,1
lig0232,Pregnenolone,0,23,4.52,3,233.5,28.9,130.0,0.0,0.876,3.31,0.0,1
lig0224,Protriptyline hydrochloride,0,20,4.3,0,175.0,52.9,175.0,0.0,0.698,3.33,0.0,1
lig0224,Protriptyline hydrochloride,0,20,4.3,1,177.8,40.6,135.4,0.0,0.772,3.17,0.0,1
lig0224,Protriptyline hydrochloride,0,20,4.3,2,195.5,39.5,141.5,0.0,0.798,3.47,0.0,1
lig0224,Protriptyline hydrochloride,0,20,4.3,3,194.8,35.9,194.8,0.0,0.816,3.31,0.0,1
lig0235,Nabumetone,0,17,3.37,1,132.8,36.5,110.2,0.0,0.725,3.18,0.0,1
lig0235,Nabumetone,0,17,3.37,2,110.6,38.4,110.6,0.0,0.653,3.0,0.0,1
lig0235,Nabumetone,0,17,3.37,3,135.2,39.1,87.7,0.0,0.711,3.19,0.0,1
lig0235,Nabumetone,0,17,3.37,4,130.5,42.8,130.5,0.0,0.672,3.27,0.0,1
lig0228,Gestodene,0,23,3.66,0,197.0,26.4,129.2,0.0,0.866,3.11,0.0,1
lig0228,Gestodene,0,23,3.66,1,191.8,23.1,122.0,0.0,0.88,3.2,0.0,1
lig0228,Gestodene,0,23,3.66,2,217.5,21.8,124.4,0.0,0.9,3.11,0.0,1
lig0228,Gestodene,0,23,3.66,3,191.8,28.3,94.2,0.0,0.852,3.08,0.0,1
lig0239,Etonogestrel,0,24,4.05,1,215.8,38.9,117.3,0.0,0.82,3.33,0.0,1
lig0239,Etonogestrel,0,24,4.05,2,213.0,23.3,152.7,0.0,0.891,3.34,0.0,1
lig0239,Etonogestrel,0,24,4.05,3,210.4,23.1,210.4,0.0,0.89,3.24,0.0,1
lig0239,Etonogestrel,0,24,4.05,4,226.8,25.9,141.7,0.0,0.886,3.31,0.0,1
lig0233,Saccharin,0,12,0.12,3,128.1,41.3,39.7,0.0,0.678,2.97,0.0,1
lig0233,Saccharin,0,12,0.12,4,129.6,24.4,48.8,0.0,0.812,3.05,0.0,1
lig0234,Levonorgestrel,0,23,3.88,0,192.9,22.5,112.8,0.0,0.883,3.1,0.0,1
lig0234,Levonorgestrel,0,23,3.88,1,177.1,21.0,83.8,0.0,0.881,3.22,0.0,1
lig0234,Levonorgestrel,0,23,3.88,2,207.1,26.8,118.8,0.0,0.871,3.28,0.0,1
lig0234,Levonorgestrel,0,23,3.88,3,211.0,40.2,127.0,0.0,0.809,3.19,0.0,1
lig0234,Levonorgestrel,0,23,3.88,4,191.4,25.9,72.1,0.0,0.865,3.3,0.0,1
lig0235,Nabumetone,0,17,3.37,0,137.4,42.3,137.4,0.0,0.692,3.22,0.0,1
lig0221,Detomidine HCl,0,14,2.62,3,144.9,46.0,86.6,0.0,0.683,3.07,0.0,1
lig0221,Detomidine HCl,0,14,2.62,4,143.0,22.7,143.0,0.0,0.841,3.18,0.0,1
lig0222,"2,3,4-Trihydroxybenzoic Acid",0,12,0.5,0,108.0,41.9,108.0,0.0,0.612,2.91,0.0,1
lig0222,"2,3,4-Trihydroxybenzoic Acid",0,12,0.5,1,118.8,38.4,82.5,0.0,0.677,2.98,0.0,1
lig0240,Dehydroepiandrosterone acetate,0,24,4.45,0,173.9,22.5,116.9,0.0,0.871,3.18,0.0,1
lig0240,Dehydroepiandrosterone acetate,0,24,4.45,1,180.8,27.4,131.3,0.0,0.848,3.27,0.0,1
lig0240,Dehydroepiandrosterone acetate,0,24,4.45,2,185.5,26.6,185.5,0.0,0.857,3.36,0.0,1
lig0240,Dehydroepiandrosterone acetate,0,24,4.45,3,194.8,29.4,113.0,0.0,0.849,3.41,0.0,1
lig0248,"Estradiol dipropionate(17-Beta-Estradiol-3,17-Dipropionate)",0,28,5.18,4,167.6,27.9,167.6,0.0,0.834,3.4,0.0,1
lig0249,Clofibrate,0,16,3.06,0,144.3,39.1,144.3,0.0,0.729,3.21,0.0,1
lig0249,Clofibrate,0,16,3.06,1,169.6,39.3,132.2,0.0,0.768,3.47,0.0,1
lig0249,Clofibrate,0,16,3.06,2,147.5,40.8,57.9,0.0,0.723,3.21,0.0,1
lig0257,Propham,0,13,2.64,3,144.1,42.3,96.3,0.0,0.706,3.08,0.0,1
lig0257,Propham,0,13,2.64,4,144.7,40.2,112.1,0.0,0.722,3.08,0.0,1
lig0258,Deoxycorticosterone acetate,0,27,4.27,0,153.4,21.4,128.5,0.0,0.86,3.21,0.0,1
lig0258,Deoxycorticosterone acetate,0,27,4.27,1,147.7,23.8,81.2,0.0,0.839,3.22,0.0,1
lig0232,Pregnenolone,0,23,4.52,4,178.6,23.5,14.7,0.0,0.868,3.2,0.0,1
lig0233,Saccharin,0,12,0.12,0,131.5,40.8,104.1,0.0,0.69,3.12,0.0,1
lig0233,Saccharin,0,12,0.12,1,135.0,30.7,48.6,0.0,0.773,3.12,0.0,1
lig0233,Saccharin,0,12,0.12,2,135.2,29.4,135.2,0.0,0.783,3.06,0.0,1
lig0238,Palonosetron,0,22,2.66,2,197.4,40.6,146.0,0.0,0.794,3.27,0.0,1
lig0238,Palonosetron,0,22,2.66,3,158.3,31.1,116.0,0.0,0.804,3.25,0.0,1
lig0238,Palonosetron,0,22,2.66,4,197.4,34.6,155.5,0.0,0.825,3.22,0.0,1
lig0239,Etonogestrel,0,24,4.05,0,217.7,23.5,217.7,0.0,0.892,3.28,0.0,1
lig0245,"2,3-Dihydroxybenzoic Acid",0,11,0.8,3,126.1,26.4,126.1,0.0,0.791,3.12,0.0,1
lig0245,"2,3-Dihydroxybenzoic Acid",0,11,0.8,4,115.6,28.9,70.4,0.0,0.75,2.97,0.0,1
lig0246,Metolachlor,0,19,3.16,0,169.1,40.4,138.0,0.0,0.761,3.23,0.0,1
lig0246,Metolachlor,0,19,3.16,1,173.2,32.2,66.3,0.0,0.814,3.25,0.0,1
lig0248,"Estradiol dipropionate(17-Beta-Estradiol-3,17-Dipropionate)",0,28,5.18,0,161.6,34.3,75.6,0.0,0.788,3.31,0.0,1
lig0248,"Estradiol dipropionate(17-Beta-Estradiol-3,17-Dipropionate)",0,28,5.18,1,203.3,36.9,88.6,0.0,0.818,3.45,0.0,1
lig0248,"Estradiol dipropionate(17-Beta-Estradiol-3,17-Dipropionate)",0,28,5.18,2,193.1,34.1,95.9,0.0,0.823,3.28,0.0,1
lig0248,"Estradiol dipropionate(17-Beta-Estradiol-3,17-Dipropionate)",0,28,5.18,3,205.2,31.5,127.7,0.0,0.846,3.3,0.0,1
lig0244,2-Methoxyestradiol (2-MeOE2),0,22,3.62,4,190.1,35.0,190.1,0.0,0.816,3.1,0.0,1
lig0245,"2,3-Dihydroxybenzoic Acid",0,11,0.8,0,116.4,23.3,116.4,0.0,0.8,2.96,0.0,1
lig0245,"2,3-Dihydroxybenzoic Acid",0,11,0.8,1,124.6,27.0,124.6,0.0,0.783,2.94,0.0,1
lig0245,"2,3-Dihydroxybenzoic Acid",0,11,0.8,2,134.1,26.8,104.8,0.0,0.8,3.02,0.0,1
lig0255,Ethynodiol diacetate,0,28,4.43,1,140.2,38.0,91.4,38.0,0.729,3.39,2.41,1
lig0255,Ethynodiol diacetate,0,28,4.43,2,176.3,39.5,176.3,0.0,0.776,3.3,0.0,1
lig0255,Ethynodiol diacetate,0,28,4.43,3,168.7,23.5,75.8,0.0,0.861,3.44,0.0,1
lig0255,Ethynodiol diacetate,0,28,4.43,4,166.3,20.1,166.3,0.0,0.879,3.33,0.0,1
lig0266,Tazarotene,0,25,4.43,2,174.1,32.4,129.4,0.0,0.814,3.29,0.0,1
lig0266,Tazarotene,0,25,4.43,3,180.1,41.9,131.8,0.0,0.767,3.18,0.0,1
lig0266,Tazarotene,0,25,4.43,4,144.9,43.6,102.2,0.0,0.699,3.13,0.0,1
lig0267,Sodium gualenate,0,19,3.78,0,165.5,36.1,114.3,0.0,0.782,3.37,0.0,1
lig0252,Hydroxychloroquine Sulfate,0,23,3.78,0,181.0,48.4,95.7,0.0,0.733,3.06,0.0,1
lig0252,Hydroxychloroquine Sulfate,0,23,3.78,1,223.8,42.6,104.1,0.0,0.81,3.09,0.0,1
lig0252,Hydroxychloroquine Sulfate,0,23,3.78,2,216.4,37.6,148.4,0.0,0.826,3.19,0.0,1
lig0252,Hydroxychloroquine Sulfate,0,23,3.78,3,148.2,27.6,93.3,0.0,0.814,3.4,0.0,1
lig0250,Apremilast (CC-10004),0,32,2.43,2,186.0,46.7,122.7,0.0,0.749,3.16,0.0,1
lig0250,Apremilast (CC-10004),0,32,2.43,3,196.1,39.5,155.5,0.0,0.799,3.2,0.0,1
lig0250,Apremilast (CC-10004),0,32,2.43,4,158.8,24.0,63.7,0.0,0.849,3.24,0.0,1
lig0251,Embelin,0,21,4.31,0,121.0,23.8,62.0,0.0,0.803,2.79,0.0,1
lig0244,2-Methoxyestradiol (2-MeOE2),0,22,3.62,0,184.2,27.9,124.8,0.0,0.849,3.24,0.0,1
lig0244,2-Methoxyestradiol (2-MeOE2),0,22,3.62,1,207.1,36.3,124.8,0.0,0.825,3.21,0.0,1
lig0244,2-Methoxyestradiol (2-MeOE2),0,22,3.62,2,207.8,40.0,120.3,0.0,0.808,3.29,0.0,1
lig0244,2-Methoxyestradiol (2-MeOE2),0,22,3.62,3,191.6,23.3,191.6,0.0,0.878,3.22,0.0,1
lig0267,Sodium gualenate,0,19,3.78,1,178.8,30.7,178.8,0.0,0.828,3.39,0.0,1
lig0267,Sodium gualenate,0,19,3.78,2,137.4,44.1,82.1,0.0,0.679,3.24,0.0,1
lig0267,Sodium gualenate,0,19,3.78,3,165.5,46.9,165.5,0.0,0.717,3.26,0.0,1
lig0267,Sodium gualenate,0,19,3.78,4,199.4,38.4,112.5,0.0,0.807,3.17,0.0,1
lig0224,Protriptyline hydrochloride,0,20,4.3,4,186.8,48.6,157.9,48.6,0.74,3.31,2.44,1
lig0225,Umbelliferone,0,12,1.5,0,108.4,22.0,67.8,0.0,0.797,2.98,0.0,1
lig0225,Umbelliferone,0,12,1.5,1,124.8,30.7,124.8,0.0,0.754,3.02,0.0,1
lig0225,Umbelliferone,0,12,1.5,2,111.0,23.1,77.8,0.0,0.792,2.94,0.0,1
lig0252,Hydroxychloroquine Sulfate,0,23,3.78,4,191.6,35.0,119.7,0.0,0.817,3.23,0.0,1
lig0253,Flumequine,0,19,2.35,0,154.7,40.2,154.7,0.0,0.74,3.02,0.0,1
lig0253,Flumequine,0,19,2.35,1,170.0,45.4,125.9,0.0,0.733,3.05,0.0,1
lig0253,Flumequine,0,19,2.35,2,170.2,32.8,114.5,0.0,0.807,3.04,0.0,1
lig0247,Indirubin,0,20,2.66,1,156.2,35.4,156.2,0.0,0.773,3.12,0.0,1
lig0247,Indirubin,0,20,2.66,2,180.4,32.8,125.3,32.8,0.818,3.18,2.44,1
lig0247,Indirubin,0,20,2.66,3,180.6,40.8,135.9,0.0,0.774,3.18,0.0,1
lig0247,Indirubin,0,20,2.66,4,156.8,37.4,156.8,0.0,0.761,3.17,0.0,1
lig0242,Ciclopirox,0,15,2.44,2,138.0,31.8,63.3,0.0,0.77,2.99,0.0,1
lig0242,Ciclopirox,0,15,2.44,3,130.0,35.0,130.0,0.0,0.731,3.1,0.0,1
lig0242,Ciclopirox,0,15,2.44,4,141.9,22.5,95.7,0.0,0.841,3.09,0.0,1
lig0243,Podocarpic Acid,0,20,3.49,0,174.1,27.4,174.1,0.0,0.843,3.31,0.0,1
lig0263,Spironolactone,0,29,4.85,1,221.6,26.6,142.6,0.0,0.88,3.57,0.0,1
lig0263,Spironolactone,0,29,4.85,2,185.1,24.8,127.4,0.0,0.866,3.35,0.0,1
lig0263,Spironolactone,0,29,4.85,3,235.9,24.2,141.3,0.0,0.897,3.3,0.0,1
lig0263,Spironolactone,0,29,4.85,4,195.3,26.4,89.2,0.0,0.865,3.5,0.0,1
lig0246,Metolachlor,0,19,3.16,2,179.9,49.0,128.1,0.0,0.728,3.29,0.0,1
lig0246,Metolachlor,0,19,3.16,3,172.2,33.7,132.2,0.0,0.804,3.21,0.0,1
lig0246,Metolachlor,0,19,3.16,4,168.5,35.9,168.5,0.0,0.787,3.18,0.0,1
lig0247,Indirubin,0,20,2.66,0,165.9,35.9,106.1,0.0,0.784,3.27,0.0,1
lig0258,Deoxycorticosterone acetate,0,27,4.27,2,192.2,24.6,108.9,0.0,0.872,3.34,0.0,1
lig0258,Deoxycorticosterone acetate,0,27,4.27,3,195.9,24.8,149.7,0.0,0.873,3.21,0.0,1
lig0258,Deoxycorticosterone acetate,0,27,4.27,4,214.3,24.0,67.4,0.0,0.888,3.2,0.0,1
lig0259,Dihydro-Obliquin,0,18,2.59,0,118.2,31.8,118.2,0.0,0.731,3.12,0.0,1
lig0261,Dienogest,0,23,3.84,3,151.8,27.9,151.8,0.0,0.816,3.25,0.0,1
lig0261,Dienogest,0,23,3.84,4,175.0,22.5,93.7,0.0,0.871,3.17,0.0,1
lig0262,Chromocarb,0,14,1.49,0,151.4,37.2,99.1,0.0,0.754,3.09,0.0,1
lig0262,Chromocarb,0,14,1.49,1,143.0,20.1,143.0,0.0,0.859,3.25,0.0,1
lig0254,Amfebutamone (Bupropion) HCl,0,16,3.3,2,183.0,37.8,109.3,0.0,0.793,3.3,0.0,1
lig0254,Amfebutamone (Bupropion) HCl,0,16,3.3,3,161.6,32.6,161.6,0.0,0.798,3.3,0.0,1
lig0254,Amfebutamone (Bupropion) HCl,0,16,3.3,4,146.7,34.8,116.6,0.0,0.763,3.12,0.0,1
lig0255,Ethynodiol diacetate,0,28,4.43,0,157.7,24.8,63.7,0.0,0.843,3.26,0.0,1
lig0249,Clofibrate,0,16,3.06,3,150.8,35.0,150.8,0.0,0.768,3.06,0.0,1
lig0249,Clofibrate,0,16,3.06,4,150.8,41.0,150.8,0.0,0.728,3.03,0.0,1
lig0250,Apremilast (CC-10004),0,32,2.43,0,189.0,75.0,146.7,36.7,0.603,3.33,2.67,1
lig0250,Apremilast (CC-10004),0,32,2.43,1,163.9,49.2,109.5,49.2,0.7,3.2,2.71,1
lig0271,Vindoline,0,33,1.64,1,236.7,33.3,191.4,0.0,0.859,3.48,0.0,1
lig0271,Vindoline,0,33,1.64,2,237.0,27.2,135.2,0.0,0.885,3.47,0.0,1
lig0271,Vindoline,0,33,1.64,3,212.5,30.7,143.2,0.0,0.856,3.45,0.0,1
lig0271,Vindoline,0,33,1.64,4,194.8,29.6,143.9,0.0,0.848,3.37,0.0,1
lig0259,Dihydro-Obliquin,0,18,2.59,1,179.9,31.1,179.9,0.0,0.827,3.24,0.0,1
lig0259,Dihydro-Obliquin,0,18,2.59,2,139.1,25.7,99.8,0.0,0.815,3.11,0.0,1
lig0259,Dihydro-Obliquin,0,18,2.59,3,189.9,44.5,100.0,44.5,0.766,3.19,2.48,1
lig0259,Dihydro-Obliquin,0,18,2.59,4,138.0,38.9,63.9,0.0,0.718,3.15,0.0,1
lig0236,Norgestrel,0,23,3.88,4,197.4,26.6,129.2,0.0,0.865,3.24,0.0,1
lig0237,Mexiletine HCl,0,13,2.03,0,154.0,36.5,154.0,0.0,0.763,3.04,0.0,1
lig0237,Mexiletine HCl,0,13,2.03,1,159.6,32.8,159.6,0.0,0.794,3.19,0.0,1
lig0237,Mexiletine HCl,0,13,2.03,2,147.5,28.7,107.8,0.0,0.805,3.18,0.0,1
lig0240,Dehydroepiandrosterone acetate,0,24,4.45,4,205.4,21.6,111.5,0.0,0.895,3.21,0.0,1
lig0241,"2,4,5-Trichlorophenoxyacetic Acid, Methyl Ester",0,15,3.2,0,144.1,34.3,106.5,0.0,0.762,3.03,0.0,1
lig0241,"2,4,5-Trichlorophenoxyacetic Acid, Methyl Ester",0,15,3.2,1,141.0,25.1,141.0,0.0,0.822,3.15,0.0,1
lig0241,"2,4,5-Trichlorophenoxyacetic Acid, Methyl Ester",0,15,3.2,2,174.5,25.1,112.3,0.0,0.856,3.15,0.0,1
lig0268,Buparvaquone,0,24,5.12,4,217.1,28.5,217.1,0.0,0.869,3.47,0.0,1
lig0269,"2,3-Dimethoxy-1,4-Naphthoquinone",0,16,1.57,0,142.6,42.1,142.6,0.0,0.705,2.95,0.0,1
lig0269,"2,3-Dimethoxy-1,4-Naphthoquinone",0,16,1.57,1,138.9,39.3,138.9,0.0,0.717,2.99,0.0,1
lig0269,"2,3-Dimethoxy-1,4-Naphthoquinone",0,16,1.57,2,124.0,40.4,124.0,0.0,0.674,3.0,0.0,1
lig0273,Liranaftate,0,23,3.77,3,185.1,42.8,115.6,0.0,0.769,3.25,0.0,1
lig0273,Liranaftate,0,23,3.77,4,160.3,44.9,97.6,0.0,0.72,3.13,0.0,1
lig0274,Buflomedil HCl,0,22,2.77,0,188.1,35.4,149.0,0.0,0.812,3.25,0.0,1
lig0274,Buflomedil HCl,0,22,2.77,1,193.5,29.6,98.7,0.0,0.847,3.18,0.0,1
lig0256,6-Methoxy-2-naphthoic acid,0,15,2.55,0,171.9,33.7,94.2,0.0,0.804,3.26,0.0,1
lig0256,6-Methoxy-2-naphthoic acid,0,15,2.55,1,184.5,44.9,90.1,0.0,0.757,3.17,0.0,1
lig0256,6-Methoxy-2-naphthoic acid,0,15,2.55,2,154.9,33.5,117.1,0.0,0.784,2.95,0.0,1
lig0256,6-Methoxy-2-naphthoic acid,0,15,2.55,3,175.8,35.9,95.7,0.0,0.796,3.09,0.0,1
lig0243,Podocarpic Acid,0,20,3.49,1,160.1,49.7,90.7,0.0,0.69,3.38,0.0,1
lig0243,Podocarpic Acid,0,20,3.49,2,167.2,19.4,102.2,0.0,0.884,3.28,0.0,1
lig0243,Podocarpic Acid,0,20,3.49,3,170.2,35.0,121.8,0.0,0.794,3.29,0.0,1
lig0243,Podocarpic Acid,0,20,3.49,4,156.8,27.0,82.9,0.0,0.828,3.18,0.0,1
lig0264,Aniracetam,0,16,1.46,4,124.0,37.4,64.6,0.0,0.698,2.99,0.0,1
lig0265,Paeonol,0,12,1.6,0,121.4,28.5,75.8,0.0,0.765,2.97,0.0,1
lig0265,Paeonol,0,12,1.6,1,113.6,41.9,78.4,0.0,0.631,2.82,0.0,1
lig0265,Paeonol,0,12,1.6,2,117.5,39.1,95.3,0.0,0.667,3.12,0.0,1
lig0279,Piroctone Olamine,0,17,3.01,1,165.2,46.4,81.0,0.0,0.719,3.07,0.0,1
lig0279,Piroctone Olamine,0,17,3.01,2,141.0,36.7,89.2,0.0,0.74,3.32,0.0,1
lig0279,Piroctone Olamine,0,17,3.01,3,129.8,46.0,48.0,0.0,0.646,3.11,0.0,1
lig0279,Piroctone Olamine,0,17,3.01,4,151.2,46.2,114.5,0.0,0.694,3.28,0.0,1
lig0276,"Dl-6,8-Thioctic Acid",0,12,2.79,0,130.9,27.9,96.1,0.0,0.787,2.99,0.0,1
lig0276,"Dl-6,8-Thioctic Acid",0,12,2.79,1,142.6,36.5,93.3,0.0,0.744,3.07,0.0,1
lig0276,"Dl-6,8-Thioctic Acid",0,12,2.79,2,131.8,25.1,131.8,0.0,0.81,2.98,0.0,1
lig0276,"Dl-6,8-Thioctic Acid",0,12,2.79,3,151.2,22.2,99.6,0.0,0.853,3.1,0.0,1
lig0260,Ampalex (CX-516),0,18,2.26,0,173.4,45.4,173.4,0.0,0.738,3.12,0.0,1
lig0260,Ampalex (CX-516),0,18,2.26,1,159.0,40.8,77.1,0.0,0.743,3.03,0.0,1
lig0260,Ampalex (CX-516),0,18,2.26,2,172.2,32.2,172.2,0.0,0.813,3.26,0.0,1
lig0260,Ampalex (CX-516),0,18,2.26,3,144.1,46.7,115.3,0.0,0.676,3.12,0.0,1
lig0287,Medrysone,0,25,3.94,1,215.4,23.3,173.7,0.0,0.892,3.36,0.0,1
lig0287,Medrysone,0,25,3.94,2,242.8,32.4,242.8,0.0,0.867,3.58,0.0,1
lig0287,Medrysone,0,25,3.94,3,197.4,26.8,124.2,0.0,0.864,3.48,0.0,1
lig0287,Medrysone,0,25,3.94,4,189.4,25.3,95.3,0.0,0.866,3.32,0.0,1
lig0277,Diethylstilbestrol,0,20,4.83,3,206.1,40.0,108.4,0.0,0.806,3.29,0.0,1
lig0277,Diethylstilbestrol,0,20,4.83,4,186.4,39.3,88.8,0.0,0.789,3.24,0.0,1
lig0278,"2,4-Dichlorophenoxyacetic Acid, Methyl Ester",0,14,2.55,0,129.8,34.1,87.0,0.0,0.737,3.11,0.0,1
lig0278,"2,4-Dichlorophenoxyacetic Acid, Methyl Ester",0,14,2.55,1,138.9,22.0,103.0,0.0,0.842,3.16,0.0,1
lig0256,6-Methoxy-2-naphthoic acid,0,15,2.55,4,173.4,40.4,108.9,0.0,0.767,3.12,0.0,1
lig0257,Propham,0,13,2.64,0,130.7,36.3,92.7,0.0,0.722,2.94,0.0,1
lig0257,Propham,0,13,2.64,1,128.5,41.0,128.5,0.0,0.681,3.14,0.0,1
lig0257,Propham,0,13,2.64,2,141.3,42.1,79.7,0.0,0.702,3.12,0.0,1
lig0264,Aniracetam,0,16,1.46,0,125.3,35.0,98.1,0.0,0.721,2.96,0.0,1
lig0264,Aniracetam,0,16,1.46,1,125.3,37.8,125.3,0.0,0.698,3.12,0.0,1
lig0264,Aniracetam,0,16,1.46,2,139.5,39.5,80.6,0.0,0.717,3.03,0.0,1
lig0264,Aniracetam,0,16,1.46,3,127.0,33.7,49.9,0.0,0.735,2.91,0.0,1
lig0268,Buparvaquone,0,24,5.12,0,187.7,43.6,135.2,0.0,0.768,3.35,0.0,1
lig0268,Buparvaquone,0,24,5.12,1,155.3,30.2,131.5,0.0,0.806,3.34,0.0,1
lig0268,Buparvaquone,0,24,5.12,2,185.8,51.0,185.8,51.0,0.726,3.29,2.43,1
lig0268,Buparvaquone,0,24,5.12,3,165.9,41.7,124.4,0.0,0.749,3.24,0.0,1
lig0270,Avobenzone,0,23,4.45,2,184.5,41.7,136.5,0.0,0.774,3.21,0.0,1
lig0270,Avobenzone,0,23,4.45,3,192.0,77.1,117.9,54.9,0.598,3.28,2.76,1
lig0270,Avobenzone,0,23,4.45,4,157.0,34.3,96.3,0.0,0.782,3.17,0.0,1
lig0271,Vindoline,0,33,1.64,0,216.9,27.6,150.3,0.0,0.873,3.61,0.0,1
lig0280,Lumiracoxib,0,20,4.16,0,171.7,39.7,63.9,0.0,0.769,3.07,0.0,1
lig0280,Lumiracoxib,0,20,4.16,1,167.4,41.7,86.0,0.0,0.751,3.18,0.0,1
lig0280,Lumiracoxib,0,20,4.16,2,139.1,50.1,139.1,0.0,0.64,3.01,0.0,1
lig0280,Lumiracoxib,0,20,4.16,3,161.6,48.0,35.0,0.0,0.703,2.99,0.0,1
lig0265,Paeonol,0,12,1.6,3,143.6,39.3,143.6,0.0,0.726,3.15,0.0,1
lig0265,Paeonol,0,12,1.6,4,137.2,40.0,54.4,0.0,0.708,3.08,0.0,1
lig0266,Tazarotene,0,25,4.43,0,160.5,45.1,112.8,0.0,0.719,3.19,0.0,1
lig0266,Tazarotene,0,25,4.43,1,160.1,37.8,142.3,0.0,0.764,3.22,0.0,1
lig0253,Flumequine,0,19,2.35,3,172.6,36.3,63.3,0.0,0.79,3.2,0.0,1
lig0253,Flumequine,0,19,2.35,4,163.7,41.5,75.8,0.0,0.746,3.07,0.0,1
lig0254,Amfebutamone (Bupropion) HCl,0,16,3.3,0,150.6,35.4,150.6,0.0,0.765,3.14,0.0,1
lig0254,Amfebutamone (Bupropion) HCl,0,16,3.3,1,184.7,48.0,82.5,0.0,0.74,3.18,0.0,1
lig0274,Buflomedil HCl,0,22,2.77,2,188.8,42.3,140.4,0.0,0.776,3.08,0.0,1
lig0274,Buflomedil HCl,0,22,2.77,3,181.2,25.1,95.7,0.0,0.861,3.48,0.0,1
lig0274,Buflomedil HCl,0,22,2.77,4,165.7,37.8,165.7,0.0,0.772,3.32,0.0,1
lig0275,Arteether,0,22,3.23,0,184.9,25.7,129.2,0.0,0.861,3.38,0.0,1
lig0272,Piperine,0,21,3.0,4,187.7,41.5,187.7,0.0,0.779,3.36,0.0,1
lig0273,Liranaftate,0,23,3.77,0,189.2,45.6,115.8,0.0,0.759,2.91,0.0,1
lig0273,Liranaftate,0,23,3.77,1,201.7,48.6,95.3,48.6,0.759,3.17,2.48,1
lig0273,Liranaftate,0,23,3.77,2,182.7,41.5,100.9,0.0,0.773,3.23,0.0,1
lig0262,Chromocarb,0,14,1.49,2,156.4,39.5,85.8,0.0,0.747,3.1,0.0,1
lig0262,Chromocarb,0,14,1.49,3,133.7,41.7,133.7,0.0,0.688,2.98,0.0,1
lig0262,Chromocarb,0,14,1.49,4,133.9,27.9,95.0,0.0,0.792,3.19,0.0,1
lig0263,Spironolactone,0,29,4.85,0,191.2,25.5,99.8,0.0,0.867,3.41,0.0,1
lig0291,Obeticholic Acid,0,30,5.11,1,183.4,22.9,135.0,0.0,0.875,3.47,0.0,1
lig0291,Obeticholic Acid,0,30,5.11,2,189.4,25.1,158.3,0.0,0.867,3.22,0.0,1
lig0291,Obeticholic Acid,0,30,5.11,3,176.5,28.5,141.0,0.0,0.839,3.34,0.0,1
lig0291,Obeticholic Acid,0,30,5.11,4,149.3,28.9,85.3,0.0,0.806,3.16,0.0,1
lig0275,Arteether,0,22,3.23,1,186.4,22.7,186.4,0.0,0.878,3.23,0.0,1
lig0275,Arteether,0,22,3.23,2,182.1,31.1,147.3,0.0,0.829,3.49,0.0,1
lig0275,Arteether,0,22,3.23,3,210.4,28.3,210.4,0.0,0.865,3.3,0.0,1
lig0275,Arteether,0,22,3.23,4,187.1,24.0,150.3,0.0,0.872,3.39,0.0,1
lig0272,Piperine,0,21,3.0,0,185.1,21.8,122.5,0.0,0.882,3.2,0.0,1
lig0272,Piperine,0,21,3.0,1,182.1,34.6,132.4,0.0,0.81,3.31,0.0,1
lig0272,Piperine,0,21,3.0,2,184.7,42.8,184.7,0.0,0.768,3.29,0.0,1
lig0272,Piperine,0,21,3.0,3,189.6,43.6,85.3,0.0,0.77,3.25,0.0,1
lig0260,Ampalex (CX-516),0,18,2.26,4,159.0,46.4,106.5,0.0,0.708,3.14,0.0,1
lig0261,Dienogest,0,23,3.84,0,159.8,22.7,159.8,0.0,0.858,3.17,0.0,1
lig0261,Dienogest,0,23,3.84,1,170.4,42.8,97.2,0.0,0.749,3.26,0.0,1
lig0261,Dienogest,0,23,3.84,2,185.1,21.0,105.2,0.0,0.887,3.31,0.0,1
lig0278,"2,4-Dichlorophenoxyacetic Acid, Methyl Ester",0,14,2.55,2,148.2,36.7,148.2,0.0,0.752,3.09,0.0,1
lig0278,"2,4-Dichlorophenoxyacetic Acid, Methyl Ester",0,14,2.55,3,132.2,35.6,132.2,0.0,0.731,3.09,0.0,1
lig0278,"2,4-Dichlorophenoxyacetic Acid, Methyl Ester",0,14,2.55,4,151.6,28.7,116.2,0.0,0.811,3.16,0.0,1
lig0279,Piroctone Olamine,0,17,3.01,0,143.0,34.1,82.7,0.0,0.762,3.09,0.0,1
lig0282,Ampiroxicam,0,31,2.56,2,178.2,44.9,156.8,0.0,0.748,3.24,0.0,1
lig0282,Ampiroxicam,0,31,2.56,3,184.5,42.3,79.3,0.0,0.771,3.18,0.0,1
lig0282,Ampiroxicam,0,31,2.56,4,197.4,19.4,81.2,0.0,0.902,3.69,0.0,1
lig0283,Thiabendazole,0,14,2.69,0,135.6,33.3,93.3,0.0,0.754,3.02,0.0,1
lig0269,"2,3-Dimethoxy-1,4-Naphthoquinone",0,16,1.57,3,156.6,37.4,51.2,0.0,0.761,3.15,0.0,1
lig0269,"2,3-Dimethoxy-1,4-Naphthoquinone",0,16,1.57,4,139.5,34.1,86.6,0.0,0.756,3.11,0.0,1
lig0270,Avobenzone,0,23,4.45,0,198.9,30.0,151.6,0.0,0.849,3.17,0.0,1
lig0270,Avobenzone,0,23,4.45,1,162.9,44.9,113.4,0.0,0.724,2.95,0.0,1
lig0276,"Dl-6,8-Thioctic Acid",0,12,2.79,4,164.6,23.3,94.8,0.0,0.858,3.16,0.0,1
lig0277,Diethylstilbestrol,0,20,4.83,0,205.4,39.3,205.4,0.0,0.809,3.22,0.0,1
lig0277,Diethylstilbestrol,0,20,4.83,1,199.2,35.6,199.2,0.0,0.821,3.2,0.0,1
lig0277,Diethylstilbestrol,0,20,4.83,2,175.8,40.0,110.6,0.0,0.772,3.3,0.0,1
lig0284,Guanfacine Hydrochloride,0,15,1.55,4,153.6,43.0,153.6,0.0,0.72,3.1,0.0,1
lig0285,Nitroxoline,0,14,1.85,0,145.8,44.5,103.5,0.0,0.695,3.07,0.0,1
lig0285,Nitroxoline,0,14,1.85,1,129.6,25.3,90.3,0.0,0.805,3.23,0.0,1
lig0285,Nitroxoline,0,14,1.85,2,130.5,25.1,72.8,0.0,0.808,2.93,0.0,1
lig0284,Guanfacine Hydrochloride,0,15,1.55,0,150.8,40.6,127.9,0.0,0.731,3.1,0.0,1
lig0284,Guanfacine Hydrochloride,0,15,1.55,1,148.2,46.4,96.1,0.0,0.687,3.04,0.0,1
lig0284,Guanfacine Hydrochloride,0,15,1.55,2,151.4,42.6,151.4,0.0,0.719,3.16,0.0,1
lig0284,Guanfacine Hydrochloride,0,15,1.55,3,140.4,40.6,100.4,0.0,0.711,3.07,0.0,1
lig0307,Bisacodyl,0,27,4.11,1,200.0,46.2,146.0,0.0,0.769,3.3,0.0,1
lig0307,Bisacodyl,0,27,4.11,2,182.3,41.5,122.9,0.0,0.772,3.27,0.0,1
lig0307,Bisacodyl,0,27,4.11,3,190.7,36.7,135.9,0.0,0.808,3.22,0.0,1
lig0307,Bisacodyl,0,27,4.11,4,164.6,33.7,116.2,0.0,0.795,3.16,0.0,1
lig0280,Lumiracoxib,0,20,4.16,4,156.4,39.1,156.4,0.0,0.75,3.04,0.0,1
lig0281,Clorprenaline HCl,0,14,2.37,0,143.4,45.4,91.2,0.0,0.683,3.04,0.0,1
lig0281,Clorprenaline HCl,0,14,2.37,1,158.5,36.5,158.5,0.0,0.77,3.14,0.0,1
lig0281,Clorprenaline HCl,0,14,2.37,2,138.2,43.8,138.2,0.0,0.683,2.98,0.0,1
lig0283,Thiabendazole,0,14,2.69,1,132.2,36.3,48.4,0.0,0.725,3.07,0.0,1
lig0283,Thiabendazole,0,14,2.69,2,147.7,47.1,118.6,0.0,0.681,3.08,0.0,1
lig0283,Thiabendazole,0,14,2.69,3,131.3,42.1,131.3,0.0,0.679,3.0,0.0,1
lig0283,Thiabendazole,0,14,2.69,4,130.0,41.7,92.0,0.0,0.679,3.12,0.0,1
lig0301,Penbutolol Sulfate,0,21,3.47,3,171.5,26.1,171.5,0.0,0.848,3.34,0.0,1
lig0301,Penbutolol Sulfate,0,21,3.47,4,195.9,47.7,148.8,0.0,0.757,3.3,0.0,1
lig0302,Ifenprodil Tartrate,0,24,3.77,0,172.8,32.8,75.8,0.0,0.81,3.09,0.0,1
lig0302,Ifenprodil Tartrate,0,24,3.77,1,210.8,40.2,134.1,0.0,0.809,3.36,0.0,1
lig0286,Homosalate,0,19,3.76,2,198.5,56.4,198.5,56.4,0.716,3.22,2.48,1
lig0286,Homosalate,0,19,3.76,3,175.6,25.9,135.9,0.0,0.853,3.09,0.0,1
lig0286,Homosalate,0,19,3.76,4,164.8,45.8,111.2,0.0,0.722,3.16,0.0,1
lig0287,Medrysone,0,25,3.94,0,181.2,21.8,129.4,0.0,0.88,3.45,0.0,1
lig0292,Dienestrol,0,20,4.6,4,184.0,39.5,102.4,0.0,0.785,3.23,0.0,1
lig0293,N-(6-Aminohexyl)-5-Chloro-1-Naphthalenesulfonamide Hcl,0,22,3.29,0,185.3,35.9,185.3,0.0,0.806,3.32,0.0,1
lig0293,N-(6-Aminohexyl)-5-Chloro-1-Naphthalenesulfonamide Hcl,0,22,3.29,1,195.3,31.3,195.3,0.0,0.84,3.37,0.0,1
lig0293,N-(6-Aminohexyl)-5-Chloro-1-Naphthalenesulfonamide Hcl,0,22,3.29,2,170.2,36.3,102.2,0.0,0.787,3.23,0.0,1
lig0290,Bepotastine,0,27,4.17,2,208.4,23.5,175.2,0.0,0.887,3.47,0.0,1
lig0290,Bepotastine,0,27,4.17,3,192.9,34.8,121.0,0.0,0.82,3.13,0.0,1
lig0290,Bepotastine,0,27,4.17,4,194.6,54.4,83.4,54.4,0.72,3.07,2.44,1
lig0291,Obeticholic Acid,0,30,5.11,0,207.4,24.8,152.5,0.0,0.88,3.3,0.0,1
lig0294,Bendamustine,0,23,3.26,2,139.5,44.7,73.7,0.0,0.68,3.02,0.0,1
lig0294,Bendamustine,0,23,3.26,3,170.9,45.8,91.4,0.0,0.732,3.17,0.0,1
lig0294,Bendamustine,0,23,3.26,4,161.1,42.1,117.7,0.0,0.739,3.06,0.0,1
lig0295,Ethylvanillin,0,12,1.6,0,134.6,25.5,101.3,0.0,0.811,3.02,0.0,1
lig0296,Rivastigmine,0,18,2.76,0,125.1,49.7,95.7,0.0,0.603,3.06,0.0,1
lig0296,Rivastigmine,0,18,2.76,1,177.3,43.0,177.3,0.0,0.757,3.11,0.0,1
lig0296,Rivastigmine,0,18,2.76,2,155.1,38.0,108.4,0.0,0.755,2.97,0.0,1
lig0296,Rivastigmine,0,18,2.76,3,155.7,40.8,155.7,0.0,0.738,3.06,0.0,1
lig0298,Irbesartan,0,32,4.78,2,154.2,45.4,154.2,0.0,0.706,3.29,0.0,1
lig0298,Irbesartan,0,32,4.78,3,164.8,40.0,97.6,0.0,0.757,3.25,0.0,1
lig0298,Irbesartan,0,32,4.78,4,154.4,36.9,154.4,0.0,0.761,3.35,0.0,1
lig0299,Dinitolmide,0,16,0.91,0,116.4,25.7,116.4,0.0,0.779,2.9,0.0,1
lig0289,Prilocaine,0,16,2.32,3,164.6,40.0,105.8,0.0,0.757,3.03,0.0,1
lig0289,Prilocaine,0,16,2.32,4,153.6,27.2,109.1,0.0,0.823,3.1,0.0,1
lig0290,Bepotastine,0,27,4.17,0,196.6,45.4,59.4,0.0,0.769,3.18,0.0,1
lig0290,Bepotastine,0,27,4.17,1,203.9,43.4,139.5,0.0,0.787,3.38,0.0,1
lig0296,Rivastigmine,0,18,2.76,4,194.8,40.4,140.2,0.0,0.793,3.15,0.0,1
lig0297,Chlorthal-Dimethyl,0,18,3.87,0,190.9,35.9,190.9,0.0,0.812,3.29,0.0,1
lig0297,Chlorthal-Dimethyl,0,18,3.87,1,165.0,46.2,80.6,0.0,0.72,3.03,0.0,1
lig0297,Chlorthal-Dimethyl,0,18,3.87,2,186.4,38.0,93.5,0.0,0.796,3.24,0.0,1
lig0299,Dinitolmide,0,16,0.91,1,123.6,29.6,49.0,0.0,0.761,3.07,0.0,1
lig0299,Dinitolmide,0,16,0.91,2,131.5,23.1,86.6,0.0,0.824,3.09,0.0,1
lig0299,Dinitolmide,0,16,0.91,3,135.2,36.9,135.2,0.0,0.727,3.1,0.0,1
lig0299,Dinitolmide,0,16,0.91,4,136.7,34.8,100.4,0.0,0.745,2.92,0.0,1
lig0300,"3,7-Dimethoxyflavone",0,21,3.48,0,201.5,40.6,117.3,40.6,0.799,3.2,2.4,1
lig0300,"3,7-Dimethoxyflavone",0,21,3.48,1,189.9,41.5,189.9,0.0,0.781,3.26,0.0,1
lig0300,"3,7-Dimethoxyflavone",0,21,3.48,2,188.4,40.8,102.6,0.0,0.783,3.17,0.0,1
lig0300,"3,7-Dimethoxyflavone",0,21,3.48,3,178.8,43.8,101.5,16.4,0.755,3.19,2.45,1
lig0285,Nitroxoline,0,14,1.85,3,135.6,36.9,76.9,0.0,0.728,3.13,0.0,1
lig0285,Nitroxoline,0,14,1.85,4,123.1,20.5,81.9,0.0,0.833,2.99,0.0,1
lig0286,Homosalate,0,19,3.76,0,181.7,44.9,127.0,0.0,0.753,3.29,0.0,1
lig0286,Homosalate,0,19,3.76,1,202.0,41.3,184.2,0.0,0.796,3.23,0.0,1
lig0318,Sinensetin,0,27,3.5,2,182.3,35.9,114.0,0.0,0.803,3.17,0.0,1
lig0318,Sinensetin,0,27,3.5,3,134.1,44.9,47.7,0.0,0.665,3.16,0.0,1
lig0318,Sinensetin,0,27,3.5,4,173.4,31.5,97.2,0.0,0.818,3.19,0.0,1
lig0319,Tiratricol,0,21,4.63,0,198.3,37.6,72.6,0.0,0.81,3.32,0.0,1
lig0312,"1,5-Dihydroxyanthraquinone",0,18,1.87,4,128.1,23.1,82.1,0.0,0.82,3.1,0.0,1
lig0313,Tinoridine hydrochloride,0,22,3.07,0,179.7,46.4,179.7,0.0,0.742,3.35,0.0,1
lig0313,Tinoridine hydrochloride,0,22,3.07,1,205.4,38.7,98.3,0.0,0.812,3.26,0.0,1
lig0313,Tinoridine hydrochloride,0,22,3.07,2,182.5,34.8,56.4,0.0,0.809,3.23,0.0,1
lig0281,Clorprenaline HCl,0,14,2.37,3,133.1,37.8,91.2,0.0,0.716,3.1,0.0,1
lig0281,Clorprenaline HCl,0,14,2.37,4,138.9,41.3,100.9,0.0,0.703,3.01,0.0,1
lig0282,Ampiroxicam,0,31,2.56,0,225.5,38.9,166.8,0.0,0.827,3.2,0.0,1
lig0282,Ampiroxicam,0,31,2.56,1,181.4,25.3,99.4,0.0,0.861,3.21,0.0,1
lig0306,Tolfenamic Acid,0,18,4.09,2,144.9,41.0,55.1,0.0,0.717,3.1,0.0,1
lig0306,Tolfenamic Acid,0,18,4.09,3,147.1,38.7,115.8,0.0,0.737,3.16,0.0,1
lig0306,Tolfenamic Acid,0,18,4.09,4,150.8,45.6,150.8,0.0,0.698,3.13,0.0,1
lig0307,Bisacodyl,0,27,4.11,0,193.1,44.5,193.1,0.0,0.77,3.3,0.0,1
lig0293,N-(6-Aminohexyl)-5-Chloro-1-Naphthalenesulfonamide Hcl,0,22,3.29,3,188.6,38.0,188.6,0.0,0.799,3.26,0.0,1
lig0293,N-(6-Aminohexyl)-5-Chloro-1-Naphthalenesulfonamide Hcl,0,22,3.29,4,184.9,32.8,124.6,0.0,0.823,3.18,0.0,1
lig0294,Bendamustine,0,23,3.26,0,151.2,39.1,102.8,0.0,0.741,3.17,0.0,1
lig0294,Bendamustine,0,23,3.26,1,137.8,43.6,56.2,0.0,0.684,2.95,0.0,1
lig0288,Stiripentol,0,17,2.84,4,131.5,24.0,100.9,0.0,0.817,3.08,0.0,1
lig0289,Prilocaine,0,16,2.32,0,141.5,35.0,79.7,0.0,0.753,3.09,0.0,1
lig0289,Prilocaine,0,16,2.32,1,158.3,43.2,158.3,0.0,0.727,3.1,0.0,1
lig0289,Prilocaine,0,16,2.32,2,159.6,34.6,159.6,0.0,0.783,3.14,0.0,1
lig0288,Stiripentol,0,17,2.84,0,162.0,27.4,162.0,0.0,0.831,3.16,0.0,1
lig0288,Stiripentol,0,17,2.84,1,184.0,35.4,136.3,0.0,0.808,3.15,0.0,1
lig0288,Stiripentol,0,17,2.84,2,181.2,32.6,125.5,0.0,0.82,3.09,0.0,1
lig0288,Stiripentol,0,17,2.84,3,183.6,24.8,123.8,0.0,0.865,3.1,0.0,1
lig0319,Tiratricol,0,21,4.63,1,213.4,28.1,166.5,0.0,0.868,3.31,0.0,1
lig0319,Tiratricol,0,21,4.63,2,197.2,37.2,118.2,0.0,0.811,3.16,0.0,1
lig0319,Tiratricol,0,21,4.63,3,219.5,42.3,144.5,0.0,0.807,3.4,0.0,1
lig0319,Tiratricol,0,21,4.63,4,187.3,31.5,98.3,0.0,0.832,3.5,0.0,1
lig0303,Phenprocoumon,0,21,4.04,1,144.1,43.4,43.0,0.0,0.699,3.17,0.0,1
lig0303,Phenprocoumon,0,21,4.04,2,140.0,27.9,99.8,0.0,0.801,3.19,0.0,1
lig0303,Phenprocoumon,0,21,4.04,3,155.7,44.9,109.3,0.0,0.712,3.32,0.0,1
lig0303,Phenprocoumon,0,21,4.04,4,160.3,42.8,112.5,0.0,0.733,3.19,0.0,1
lig0295,Ethylvanillin,0,12,1.6,1,134.6,39.3,134.6,0.0,0.708,3.19,0.0,1
lig0295,Ethylvanillin,0,12,1.6,2,126.8,29.8,126.8,0.0,0.765,3.16,0.0,1
lig0295,Ethylvanillin,0,12,1.6,3,122.0,35.9,122.0,0.0,0.706,3.04,0.0,1
lig0295,Ethylvanillin,0,12,1.6,4,122.9,24.8,98.5,0.0,0.798,2.99,0.0,1
lig0297,Chlorthal-Dimethyl,0,18,3.87,3,169.1,24.8,90.3,0.0,0.853,3.13,0.0,1
lig0297,Chlorthal-Dimethyl,0,18,3.87,4,167.2,30.9,167.2,0.0,0.815,3.1,0.0,1
lig0298,Irbesartan,0,32,4.78,0,135.2,40.2,73.2,0.0,0.703,3.22,0.0,1
lig0298,Irbesartan,0,32,4.78,1,136.1,41.5,90.7,0.0,0.695,3.29,0.0,1
lig0302,Ifenprodil Tartrate,0,24,3.77,2,191.6,27.0,191.6,0.0,0.859,3.26,0.0,1
lig0302,Ifenprodil Tartrate,0,24,3.77,3,190.7,41.5,126.8,0.0,0.782,3.45,0.0,1
lig0302,Ifenprodil Tartrate,0,24,3.77,4,185.8,35.9,94.8,0.0,0.807,3.26,0.0,1
lig0303,Phenprocoumon,0,21,4.04,0,163.9,39.5,163.9,0.0,0.759,3.22,0.0,1
lig0316,Estriol,0,21,2.58,0,187.7,25.5,76.0,0.0,0.864,3.18,0.0,1
lig0316,Estriol,0,21,2.58,1,184.0,25.5,141.0,0.0,0.861,3.12,0.0,1
lig0316,Estriol,0,21,2.58,2,196.6,38.2,111.9,0.0,0.806,3.22,0.0,1
lig0316,Estriol,0,21,2.58,3,207.4,27.9,91.4,0.0,0.865,3.3,0.0,1
lig0304,Lidocaine,0,17,2.58,0,177.8,32.8,177.8,0.0,0.816,3.18,0.0,1
lig0304,Lidocaine,0,17,2.58,1,154.2,50.5,154.2,50.5,0.673,3.17,2.51,1
lig0304,Lidocaine,0,17,2.58,2,160.9,48.2,60.0,0.0,0.7,3.22,0.0,1
lig0304,Lidocaine,0,17,2.58,3,150.8,38.9,112.5,0.0,0.742,3.24,0.0,1
lig0312,"1,5-Dihydroxyanthraquinone",0,18,1.87,0,149.7,38.0,149.7,0.0,0.746,3.23,0.0,1
lig0312,"1,5-Dihydroxyanthraquinone",0,18,1.87,1,158.1,35.9,121.8,0.0,0.773,3.13,0.0,1
lig0312,"1,5-Dihydroxyanthraquinone",0,18,1.87,2,136.9,42.3,92.9,0.0,0.691,3.07,0.0,1
lig0312,"1,5-Dihydroxyanthraquinone",0,18,1.87,3,148.2,38.4,148.2,0.0,0.741,3.13,0.0,1
lig0292,Dienestrol,0,20,4.6,0,177.8,27.6,177.8,0.0,0.845,3.24,0.0,1
lig0292,Dienestrol,0,20,4.6,1,183.8,41.3,125.1,0.0,0.775,3.23,0.0,1
lig0292,Dienestrol,0,20,4.6,2,180.6,35.6,180.6,0.0,0.803,3.26,0.0,1
lig0292,Dienestrol,0,20,4.6,3,155.3,27.6,155.3,0.0,0.822,3.19,0.0,1
lig0304,Lidocaine,0,17,2.58,4,167.8,44.3,79.1,0.0,0.736,3.09,0.0,1
lig0305,Cetirizine DiHCl,0,27,3.15,0,193.1,45.6,106.1,0.0,0.764,3.28,0.0,1
lig0305,Cetirizine DiHCl,0,27,3.15,1,182.3,47.3,80.4,0.0,0.741,3.34,0.0,1
lig0305,Cetirizine DiHCl,0,27,3.15,2,215.4,40.4,124.0,0.0,0.812,3.22,0.0,1
lig0320,Tetrabenazine (Xenazine),0,23,3.24,4,148.2,41.5,122.9,0.0,0.72,3.15,0.0,1
lig0321,Leflunomide,0,19,3.25,0,184.0,39.7,124.4,0.0,0.784,3.27,0.0,1
lig0321,Leflunomide,0,19,3.25,1,165.9,33.7,113.8,0.0,0.797,3.34,0.0,1
lig0321,Leflunomide,0,19,3.25,2,173.0,33.5,128.3,0.0,0.806,3.29,0.0,1
lig0314,Agomelatine,0,18,2.53,2,169.6,41.7,77.5,0.0,0.754,3.24,0.0,1
lig0314,Agomelatine,0,18,2.53,3,170.4,38.4,170.4,0.0,0.775,3.32,0.0,1
lig0314,Agomelatine,0,18,2.53,4,152.9,25.5,115.6,0.0,0.833,3.1,0.0,1
lig0315,Butamben,0,14,2.23,0,153.6,35.2,153.6,0.0,0.771,3.09,0.0,1
lig0300,"3,7-Dimethoxyflavone",0,21,3.48,4,167.2,61.6,72.4,61.6,0.632,3.25,2.62,1
lig0301,Penbutolol Sulfate,0,21,3.47,0,180.8,50.5,85.1,0.0,0.721,3.2,0.0,1
lig0301,Penbutolol Sulfate,0,21,3.47,1,170.2,45.8,109.1,0.0,0.731,3.09,0.0,1
lig0301,Penbutolol Sulfate,0,21,3.47,2,174.3,34.1,109.5,0.0,0.804,3.4,0.0,1
lig0327,Indobufen,0,22,3.43,1,176.5,39.1,104.5,0.0,0.778,3.23,0.0,1
lig0327,Indobufen,0,22,3.43,2,177.6,33.3,100.9,0.0,0.812,3.26,0.0,1
lig0327,Indobufen,0,22,3.43,3,151.8,32.4,107.8,0.0,0.787,3.24,0.0,1
lig0327,Indobufen,0,22,3.43,4,161.1,24.6,108.2,0.0,0.847,3.16,0.0,1
lig0331,Imiquimod,0,18,2.82,1,184.9,43.8,81.2,0.0,0.763,3.37,0.0,1
lig0331,Imiquimod,0,18,2.82,2,151.6,24.2,103.2,0.0,0.84,3.22,0.0,1
lig0331,Imiquimod,0,18,2.82,3,170.9,33.0,111.7,0.0,0.807,3.22,0.0,1
lig0331,Imiquimod,0,18,2.82,4,163.7,43.0,128.5,0.0,0.737,3.09,0.0,1
lig0308,Meclofenamate Sodium,0,19,4.74,0,176.5,40.4,77.8,0.0,0.771,3.26,0.0,1
lig0308,Meclofenamate Sodium,0,19,4.74,1,148.4,41.3,109.9,0.0,0.722,3.16,0.0,1
lig0308,Meclofenamate Sodium,0,19,4.74,2,164.4,45.4,107.6,0.0,0.724,3.32,0.0,1
lig0308,Meclofenamate Sodium,0,19,4.74,3,162.4,45.4,116.9,0.0,0.72,3.27,0.0,1
lig0310,Rofecoxib,0,22,2.56,2,192.2,25.7,192.2,0.0,0.866,3.17,0.0,1
lig0310,Rofecoxib,0,22,2.56,3,181.9,35.2,95.3,0.0,0.806,3.15,0.0,1
lig0310,Rofecoxib,0,22,2.56,4,157.0,36.5,65.9,0.0,0.768,3.12,0.0,1
lig0311,N-Phenylanthranilic Acid,0,16,3.13,0,161.8,37.8,161.8,0.0,0.766,3.15,0.0,1
lig0317,Prasugrel,0,26,3.89,3,177.8,42.8,134.4,0.0,0.759,3.14,0.0,1
lig0317,Prasugrel,0,26,3.89,4,184.7,49.5,74.7,0.0,0.732,3.27,0.0,1
lig0318,Sinensetin,0,27,3.5,0,208.0,30.2,141.9,0.0,0.855,3.25,0.0,1
lig0318,Sinensetin,0,27,3.5,1,204.6,39.1,138.2,0.0,0.809,3.29,0.0,1
lig0308,Meclofenamate Sodium,0,19,4.74,4,167.0,50.5,167.0,0.0,0.698,3.21,0.0,1
lig0309,(��)-Equol,0,18,2.82,0,179.7,48.2,127.9,48.2,0.732,3.24,2.45,1
lig0309,(��)-Equol,0,18,2.82,1,185.5,37.6,109.7,0.0,0.797,3.35,0.0,1
lig0309,(��)-Equol,0,18,2.82,2,181.9,33.7,181.9,0.0,0.815,3.16,0.0,1
lig0305,Cetirizine DiHCl,0,27,3.15,3,237.8,45.6,109.7,45.6,0.808,3.2,2.43,1
lig0305,Cetirizine DiHCl,0,27,3.15,4,221.2,42.3,170.4,42.3,0.809,3.41,2.42,1
lig0306,Tolfenamic Acid,0,18,4.09,0,163.3,50.5,104.5,0.0,0.691,3.31,0.0,1
lig0306,Tolfenamic Acid,0,18,4.09,1,144.5,46.2,108.6,0.0,0.68,3.2,0.0,1
lig0315,Butamben,0,14,2.23,1,143.0,39.3,143.0,0.0,0.725,3.27,0.0,1
lig0315,Butamben,0,14,2.23,2,163.3,40.2,71.3,0.0,0.754,3.22,0.0,1
lig0315,Butamben,0,14,2.23,3,125.7,45.8,125.7,0.0,0.636,3.09,0.0,1
lig0315,Butamben,0,14,2.23,4,154.4,32.4,89.9,0.0,0.79,3.15,0.0,1
lig0328,Flurbiprofen Axetil,0,24,4.05,4,186.8,42.3,143.4,0.0,0.774,3.21,0.0,1
lig0329,Mexenone,0,18,2.94,0,183.0,49.2,108.6,0.0,0.731,3.38,0.0,1
lig0329,Mexenone,0,18,2.94,1,153.6,47.5,87.5,0.0,0.691,3.11,0.0,1
lig0329,Mexenone,0,18,2.94,2,158.8,33.3,109.1,0.0,0.79,3.19,0.0,1
lig0322,Buspirone HCl,0,28,2.09,2,169.1,43.8,148.8,0.0,0.741,3.51,0.0,1
lig0322,Buspirone HCl,0,28,2.09,3,161.4,25.5,161.4,0.0,0.842,3.33,0.0,1
lig0322,Buspirone HCl,0,28,2.09,4,168.5,36.9,149.0,0.0,0.781,3.27,0.0,1
lig0323,Loxoprofen,0,18,2.79,0,181.4,29.8,181.4,0.0,0.836,3.15,0.0,1
lig0311,N-Phenylanthranilic Acid,0,16,3.13,1,131.3,40.8,41.3,0.0,0.689,3.0,0.0,1
lig0311,N-Phenylanthranilic Acid,0,16,3.13,2,143.4,39.5,111.5,0.0,0.725,3.05,0.0,1
lig0311,N-Phenylanthranilic Acid,0,16,3.13,3,140.6,40.0,96.6,0.0,0.716,3.1,0.0,1
lig0311,N-Phenylanthranilic Acid,0,16,3.13,4,146.7,37.2,75.6,0.0,0.746,3.21,0.0,1
lig0326,Celiprolol hydrochloride,0,27,2.89,2,125.5,30.5,125.5,0.0,0.757,3.26,0.0,1
lig0326,Celiprolol hydrochloride,0,27,2.89,3,135.6,22.7,91.6,0.0,0.833,3.22,0.0,1
lig0326,Celiprolol hydrochloride,0,27,2.89,4,176.7,45.8,137.2,0.0,0.741,3.26,0.0,1
lig0327,Indobufen,0,22,3.43,0,183.2,44.3,183.2,0.0,0.758,3.15,0.0,1
lig0336,Anastrozole,0,22,2.93,0,181.2,41.3,181.2,0.0,0.772,3.34,0.0,1
lig0336,Anastrozole,0,22,2.93,1,168.9,35.4,114.3,0.0,0.79,3.38,0.0,1
lig0336,Anastrozole,0,22,2.93,2,153.6,41.5,153.6,0.0,0.73,3.32,0.0,1
lig0336,Anastrozole,0,22,2.93,3,190.1,52.3,87.7,38.9,0.725,3.31,2.59,1
lig0309,(��)-Equol,0,18,2.82,3,168.0,33.7,120.1,0.0,0.799,3.1,0.0,1
lig0309,(��)-Equol,0,18,2.82,4,150.3,41.7,72.1,0.0,0.723,3.18,0.0,1
lig0310,Rofecoxib,0,22,2.56,0,207.6,41.3,150.8,0.0,0.801,3.27,0.0,1
lig0310,Rofecoxib,0,22,2.56,1,205.4,26.8,104.1,0.0,0.87,3.27,0.0,1
lig0325,"PD 98,059",0,20,3.05,3,175.2,33.3,130.9,0.0,0.81,3.16,0.0,1
lig0325,"PD 98,059",0,20,3.05,4,168.5,39.5,168.5,0.0,0.766,3.08,0.0,1
lig0326,Celiprolol hydrochloride,0,27,2.89,0,179.5,32.8,144.1,0.0,0.817,3.33,0.0,1
lig0326,Celiprolol hydrochloride,0,27,2.89,1,160.1,50.8,79.1,0.0,0.683,3.33,0.0,1
lig0344,(S)-crizotinib,0,30,5.04,0,168.5,45.4,130.0,0.0,0.731,3.15,0.0,1
lig0344,(S)-crizotinib,0,30,5.04,1,176.9,45.4,63.1,0.0,0.743,3.28,0.0,1
lig0344,(S)-crizotinib,0,30,5.04,2,154.7,48.4,98.1,0.0,0.687,3.24,0.0,1
lig0344,(S)-crizotinib,0,30,5.04,3,165.9,46.7,129.2,0.0,0.719,3.09,0.0,1
lig0324,Ciprofibrate,0,18,3.59,0,185.1,47.5,82.9,0.0,0.743,3.07,0.0,1
lig0324,Ciprofibrate,0,18,3.59,1,174.5,28.3,97.8,0.0,0.838,3.28,0.0,1
lig0324,Ciprofibrate,0,18,3.59,2,163.9,34.8,109.9,0.0,0.788,3.33,0.0,1
lig0324,Ciprofibrate,0,18,3.59,3,175.0,37.2,85.8,0.0,0.787,3.16,0.0,1
lig0324,Ciprofibrate,0,18,3.59,4,169.1,22.9,169.1,0.0,0.865,3.15,0.0,1
lig0325,"PD 98,059",0,20,3.05,0,167.4,36.5,130.5,0.0,0.782,3.24,0.0,1
lig0325,"PD 98,059",0,20,3.05,1,177.1,25.7,64.2,0.0,0.855,3.13,0.0,1
lig0325,"PD 98,059",0,20,3.05,2,171.3,40.4,84.7,0.0,0.764,3.13,0.0,1
lig0316,Estriol,0,21,2.58,4,184.0,35.9,93.7,0.0,0.805,3.15,0.0,1
lig0317,Prasugrel,0,26,3.89,0,180.1,47.7,130.9,0.0,0.735,3.19,0.0,1
lig0317,Prasugrel,0,26,3.89,1,168.3,49.2,168.3,0.0,0.708,3.18,0.0,1
lig0317,Prasugrel,0,26,3.89,2,179.9,47.3,132.6,0.0,0.737,3.34,0.0,1
lig0329,Mexenone,0,18,2.94,3,150.6,40.4,111.9,0.0,0.732,3.1,0.0,1
lig0329,Mexenone,0,18,2.94,4,172.2,37.4,172.2,0.0,0.783,3.14,0.0,1
lig0330,Zonisamide,0,14,1.85,0,135.4,24.6,48.8,0.0,0.818,3.09,0.0,1
lig0330,Zonisamide,0,14,1.85,1,132.0,24.6,132.0,0.0,0.814,3.0,0.0,1
lig0323,Loxoprofen,0,18,2.79,1,173.9,41.3,65.7,0.0,0.763,3.05,0.0,1
lig0323,Loxoprofen,0,18,2.79,2,191.8,26.8,69.6,0.0,0.86,3.19,0.0,1
lig0323,Loxoprofen,0,18,2.79,3,144.9,35.2,144.9,0.0,0.757,3.2,0.0,1
lig0323,Loxoprofen,0,18,2.79,4,184.9,38.7,108.6,0.0,0.791,3.18,0.0,1
lig0339,Ataluren (PTC124),0,21,3.24,1,178.8,37.8,112.1,0.0,0.789,3.11,0.0,1
lig0339,Ataluren (PTC124),0,21,3.24,2,127.4,33.5,47.7,0.0,0.737,3.06,0.0,1
lig0339,Ataluren (PTC124),0,21,3.24,3,176.7,45.6,135.4,0.0,0.742,3.19,0.0,1
lig0339,Ataluren (PTC124),0,21,3.24,4,141.9,28.9,105.2,0.0,0.796,3.1,0.0,1
lig0321,Leflunomide,0,19,3.25,3,156.8,41.5,110.8,0.0,0.735,3.09,0.0,1
lig0321,Leflunomide,0,19,3.25,4,162.4,42.8,162.4,0.0,0.736,3.23,0.0,1
lig0322,Buspirone HCl,0,28,2.09,0,160.7,23.3,78.2,0.0,0.855,3.23,0.0,1
lig0322,Buspirone HCl,0,28,2.09,1,159.2,31.3,140.6,0.0,0.803,3.21,0.0,1
lig0353,Vonoprazan Fumarate (TAK-438),0,24,2.65,3,232.4,46.7,199.8,0.0,0.799,3.35,0.0,1
lig0353,Vonoprazan Fumarate (TAK-438),0,24,2.65,4,208.7,36.7,148.0,0.0,0.824,3.37,0.0,1
lig0354,Bendazac,0,21,2.55,0,159.8,44.5,67.4,0.0,0.722,3.22,0.0,1
lig0354,Bendazac,0,21,2.55,1,170.4,41.0,87.7,0.0,0.759,3.14,0.0,1
lig0360,Dehydroandrographolide Succinate Potasium Salt,0,24,3.12,0,218.4,25.9,147.3,0.0,0.881,3.4,0.0,1
lig0360,Dehydroandrographolide Succinate Potasium Salt,0,24,3.12,1,179.1,23.8,179.1,0.0,0.867,3.4,0.0,1
lig0360,Dehydroandrographolide Succinate Potasium Salt,0,24,3.12,2,185.3,21.2,125.7,0.0,0.886,3.35,0.0,1
lig0360,Dehydroandrographolide Succinate Potasium Salt,0,24,3.12,3,169.6,20.7,114.9,0.0,0.878,3.23,0.0,1
lig0313,Tinoridine hydrochloride,0,22,3.07,3,193.1,47.7,144.1,47.7,0.753,3.27,2.41,1
lig0313,Tinoridine hydrochloride,0,22,3.07,4,163.3,43.6,144.7,0.0,0.733,3.22,0.0,1
lig0314,Agomelatine,0,18,2.53,0,164.6,36.5,107.6,0.0,0.778,3.11,0.0,1
lig0314,Agomelatine,0,18,2.53,1,173.0,40.2,129.6,0.0,0.768,3.17,0.0,1
lig0335,Rucaparib,0,24,2.98,1,162.4,28.3,78.4,0.0,0.826,3.08,0.0,1
lig0335,Rucaparib,0,24,2.98,2,161.6,39.5,60.7,0.0,0.756,3.06,0.0,1
lig0335,Rucaparib,0,24,2.98,3,182.5,36.5,87.9,0.0,0.8,3.08,0.0,1
lig0335,Rucaparib,0,24,2.98,4,182.3,40.2,101.1,0.0,0.779,3.22,0.0,1
lig0348,Budesonide,0,31,2.72,0,202.8,27.2,106.3,0.0,0.866,3.33,0.0,1
lig0348,Budesonide,0,31,2.72,1,165.0,28.3,57.7,0.0,0.828,3.36,0.0,1
lig0348,Budesonide,0,31,2.72,2,160.3,26.8,135.4,26.8,0.833,3.21,2.41,1
lig0348,Budesonide,0,31,2.72,3,159.4,24.8,145.2,0.0,0.844,3.42,0.0,1
lig0328,Flurbiprofen Axetil,0,24,4.05,0,167.8,42.6,122.5,0.0,0.746,3.18,0.0,1
lig0328,Flurbiprofen Axetil,0,24,4.05,1,143.0,48.2,143.0,0.0,0.663,3.18,0.0,1
lig0328,Flurbiprofen Axetil,0,24,4.05,2,170.6,43.2,121.8,0.0,0.747,3.27,0.0,1
lig0328,Flurbiprofen Axetil,0,24,4.05,3,158.8,33.5,119.2,0.0,0.789,3.16,0.0,1
lig0320,Tetrabenazine (Xenazine),0,23,3.24,0,152.3,49.2,65.0,0.0,0.677,3.13,0.0,1
lig0320,Tetrabenazine (Xenazine),0,23,3.24,1,137.2,37.6,88.6,0.0,0.726,3.16,0.0,1
lig0320,Tetrabenazine (Xenazine),0,23,3.24,2,149.7,28.9,149.7,0.0,0.807,3.15,0.0,1
lig0320,Tetrabenazine (Xenazine),0,23,3.24,3,145.2,33.3,145.2,0.0,0.771,3.05,0.0,1
lig0332,Bromopropylate,0,22,4.4,0,171.1,30.7,113.8,0.0,0.821,3.34,0.0,1
lig0332,Bromopropylate,0,22,4.4,1,167.6,44.5,117.5,0.0,0.734,3.18,0.0,1
lig0332,Bromopropylate,0,22,4.4,2,152.7,45.4,105.6,0.0,0.703,3.21,0.0,1
lig0332,Bromopropylate,0,22,4.4,3,192.7,46.9,105.6,0.0,0.757,3.19,0.0,1
lig0347,Bay K 8644,0,25,3.35,1,199.6,42.1,199.6,0.0,0.789,3.27,0.0,1
lig0347,Bay K 8644,0,25,3.35,2,183.8,40.2,134.1,0.0,0.781,3.43,0.0,1
lig0347,Bay K 8644,0,25,3.35,3,211.5,28.5,163.5,0.0,0.865,3.4,0.0,1
lig0347,Bay K 8644,0,25,3.35,4,207.6,40.8,207.6,0.0,0.803,3.68,0.0,1
lig0330,Zonisamide,0,14,1.85,2,136.5,39.5,136.5,0.0,0.711,3.09,0.0,1
lig0330,Zonisamide,0,14,1.85,3,141.3,44.5,43.4,0.0,0.685,3.13,0.0,1
lig0330,Zonisamide,0,14,1.85,4,122.0,40.0,122.0,0.0,0.672,3.07,0.0,1
lig0331,Imiquimod,0,18,2.82,0,170.0,43.8,128.1,0.0,0.742,3.23,0.0,1
lig0356,Fenbendazole,0,21,3.89,4,176.9,39.5,114.5,0.0,0.777,3.37,0.0,1
lig0357,O-Dianisidine Dihydrochloride,0,18,2.54,0,178.4,35.6,108.0,0.0,0.8,3.22,0.0,1
lig0357,O-Dianisidine Dihydrochloride,0,18,2.54,1,171.9,35.6,125.7,0.0,0.793,3.18,0.0,1
lig0357,O-Dianisidine Dihydrochloride,0,18,2.54,2,220.3,42.6,107.4,0.0,0.807,3.14,0.0,1
lig0334,HMN-214,0,30,3.24,2,190.7,40.0,141.5,0.0,0.79,3.14,0.0,1
lig0334,HMN-214,0,30,3.24,3,149.9,42.8,91.6,0.0,0.714,3.25,0.0,1
lig0334,HMN-214,0,30,3.24,4,193.5,30.9,106.9,0.0,0.84,3.26,0.0,1
lig0335,Rucaparib,0,24,2.98,0,183.4,40.0,135.9,0.0,0.782,3.16,0.0,1
lig0332,Bromopropylate,0,22,4.4,4,157.5,44.3,97.8,0.0,0.719,3.17,0.0,1
lig0333,Ozagrel,0,17,2.03,0,191.4,47.7,118.2,0.0,0.751,3.15,0.0,1
lig0333,Ozagrel,0,17,2.03,1,190.5,48.6,128.1,0.0,0.745,3.49,0.0,1
lig0333,Ozagrel,0,17,2.03,2,173.9,44.7,49.2,17.3,0.743,3.21,2.51,1
lig0343,Bitertanol,0,25,3.93,1,204.6,46.9,110.2,0.0,0.771,3.21,0.0,1
lig0343,Bitertanol,0,25,3.93,2,194.2,27.4,161.4,0.0,0.859,3.31,0.0,1
lig0343,Bitertanol,0,25,3.93,3,202.6,36.5,99.6,0.0,0.82,3.33,0.0,1
lig0343,Bitertanol,0,25,3.93,4,199.4,43.4,118.8,0.0,0.782,3.27,0.0,1
lig0340,Metosulam,0,26,2.56,0,196.6,54.2,39.1,0.0,0.724,2.8,0.0,1
lig0340,Metosulam,0,26,2.56,1,213.2,48.8,147.1,0.0,0.771,2.99,0.0,1
lig0340,Metosulam,0,26,2.56,2,162.9,32.4,78.2,0.0,0.801,2.94,0.0,1
lig0340,Metosulam,0,26,2.56,3,163.5,51.4,55.1,0.0,0.686,3.08,0.0,1
lig0336,Anastrozole,0,22,2.93,4,174.5,40.4,122.3,0.0,0.768,3.26,0.0,1
lig0337,Nifedipine,0,25,2.18,0,194.6,22.7,144.1,0.0,0.883,3.28,0.0,1
lig0337,Nifedipine,0,25,2.18,1,179.1,29.6,118.2,0.0,0.835,3.18,0.0,1
lig0337,Nifedipine,0,25,2.18,2,221.6,41.7,221.6,0.0,0.812,3.62,0.0,1
lig0337,Nifedipine,0,25,2.18,3,207.4,38.4,102.2,0.0,0.815,3.32,0.0,1
lig0337,Nifedipine,0,25,2.18,4,197.4,23.8,88.8,0.0,0.879,3.24,0.0,1
lig0338,Rolipram,0,20,2.62,0,161.1,41.9,66.5,0.0,0.74,3.09,0.0,1
lig0338,Rolipram,0,20,2.62,1,156.4,41.0,65.4,0.0,0.738,3.08,0.0,1
lig0338,Rolipram,0,20,2.62,2,180.4,47.3,128.7,0.0,0.738,3.21,0.0,1
lig0338,Rolipram,0,20,2.62,3,168.5,25.1,168.5,0.0,0.851,3.29,0.0,1
lig0338,Rolipram,0,20,2.62,4,173.4,30.7,173.4,0.0,0.823,3.24,0.0,1
lig0339,Ataluren (PTC124),0,21,3.24,0,172.6,40.0,24.2,0.0,0.768,3.16,0.0,1
lig0352,Flubendazole,0,23,3.11,4,191.4,34.6,105.0,0.0,0.819,3.17,0.0,1
lig0353,Vonoprazan Fumarate (TAK-438),0,24,2.65,0,222.3,44.3,222.3,0.0,0.801,3.41,0.0,1
lig0353,Vonoprazan Fumarate (TAK-438),0,24,2.65,1,181.0,36.3,181.0,0.0,0.799,3.25,0.0,1
lig0353,Vonoprazan Fumarate (TAK-438),0,24,2.65,2,205.4,48.2,105.6,0.0,0.765,3.17,0.0,1
lig0333,Ozagrel,0,17,2.03,3,163.1,40.0,120.7,0.0,0.755,3.25,0.0,1
lig0333,Ozagrel,0,17,2.03,4,193.1,52.3,193.1,23.5,0.729,3.28,2.47,1
lig0334,HMN-214,0,30,3.24,0,184.0,28.5,184.0,0.0,0.845,3.37,0.0,1
lig0334,HMN-214,0,30,3.24,1,186.0,46.9,92.0,0.0,0.748,3.2,0.0,1
lig0344,(S)-crizotinib,0,30,5.04,4,199.6,49.7,109.7,0.0,0.751,3.23,0.0,1
lig0345,Pioglitazone,0,25,3.16,0,143.0,48.4,117.7,0.0,0.662,3.12,0.0,1
lig0345,Pioglitazone,0,25,3.16,1,175.4,47.1,128.1,0.0,0.731,3.1,0.0,1
lig0345,Pioglitazone,0,25,3.16,2,150.1,36.9,117.9,0.0,0.754,2.95,0.0,1
lig0341,Niflumic acid,0,20,3.54,3,159.6,36.9,110.6,0.0,0.769,3.17,0.0,1
lig0341,Niflumic acid,0,20,3.54,4,147.5,42.3,68.0,0.0,0.713,3.21,0.0,1
lig0342,Irsogladine,0,16,2.01,0,147.7,26.8,147.7,0.0,0.819,3.1,0.0,1
lig0342,Irsogladine,0,16,2.01,1,155.5,36.3,86.0,0.0,0.767,3.25,0.0,1
lig0340,Metosulam,0,26,2.56,4,163.3,51.0,130.9,0.0,0.688,3.26,0.0,1
lig0341,Niflumic acid,0,20,3.54,0,141.3,37.8,41.9,0.0,0.732,3.09,0.0,1
lig0341,Niflumic acid,0,20,3.54,1,159.6,41.5,107.4,0.0,0.74,3.27,0.0,1
lig0341,Niflumic acid,0,20,3.54,2,167.8,51.2,109.1,0.0,0.695,3.3,0.0,1
lig0346,Ethoxzolamide,0,16,1.34,2,149.0,37.4,104.8,0.0,0.749,3.1,0.0,1
lig0346,Ethoxzolamide,0,16,1.34,3,175.2,41.3,67.4,0.0,0.764,3.16,0.0,1
lig0346,Ethoxzolamide,0,16,1.34,4,169.1,40.8,50.5,0.0,0.759,2.98,0.0,1
lig0347,Bay K 8644,0,25,3.35,0,200.0,44.5,200.0,0.0,0.777,3.37,0.0,1
lig0348,Budesonide,0,31,2.72,4,152.9,24.0,127.2,0.0,0.843,3.3,0.0,1
lig0349,L-Thyroxine,0,24,4.56,0,214.9,37.2,115.1,0.0,0.827,3.21,0.0,1
lig0349,L-Thyroxine,0,24,4.56,1,199.6,35.4,199.6,0.0,0.823,3.09,0.0,1
lig0349,L-Thyroxine,0,24,4.56,2,204.1,47.3,105.4,0.0,0.768,3.25,0.0,1
lig0345,Pioglitazone,0,25,3.16,3,175.8,25.7,108.9,0.0,0.854,3.2,0.0,1
lig0345,Pioglitazone,0,25,3.16,4,162.2,39.1,109.9,0.0,0.759,3.13,0.0,1
lig0346,Ethoxzolamide,0,16,1.34,0,165.9,40.6,165.9,0.0,0.755,3.21,0.0,1
lig0346,Ethoxzolamide,0,16,1.34,1,172.2,47.5,86.0,0.0,0.724,3.07,0.0,1
lig0361,Oxfendazole,0,22,2.91,3,196.3,37.4,132.8,0.0,0.809,3.34,0.0,1
lig0361,Oxfendazole,0,22,2.91,4,220.5,48.0,220.5,0.0,0.782,3.41,0.0,1
lig0342,Irsogladine,0,16,2.01,2,151.4,42.1,85.3,0.0,0.722,3.07,0.0,1
lig0342,Irsogladine,0,16,2.01,3,159.8,37.6,159.8,0.0,0.765,3.22,0.0,1
lig0342,Irsogladine,0,16,2.01,4,149.3,37.4,149.3,0.0,0.749,3.21,0.0,1
lig0343,Bitertanol,0,25,3.93,0,191.6,34.3,103.7,0.0,0.821,3.28,0.0,1
lig0351,Mevastatin,0,28,3.95,1,206.1,22.7,134.1,0.0,0.89,3.34,0.0,1
lig0351,Mevastatin,0,28,3.95,2,163.1,27.6,87.7,0.0,0.831,3.17,0.0,1
lig0351,Mevastatin,0,28,3.95,3,228.1,27.9,94.6,0.0,0.878,3.17,0.0,1
lig0351,Mevastatin,0,28,3.95,4,195.0,22.9,116.6,0.0,0.883,3.12,0.0,1
lig0349,L-Thyroxine,0,24,4.56,3,196.6,38.0,104.1,0.0,0.807,3.23,0.0,1
lig0349,L-Thyroxine,0,24,4.56,4,181.2,35.9,74.7,0.0,0.802,3.15,0.0,1
lig0350,Febuxostat,0,22,3.72,0,184.0,44.3,104.3,44.3,0.759,3.18,2.47,1
lig0350,Febuxostat,0,22,3.72,1,170.9,42.6,123.1,0.0,0.751,3.3,0.0,1
lig0350,Febuxostat,0,22,3.72,2,129.0,33.9,58.3,0.0,0.737,3.06,0.0,1
lig0350,Febuxostat,0,22,3.72,3,137.4,39.3,106.1,0.0,0.714,3.23,0.0,1
lig0350,Febuxostat,0,22,3.72,4,153.1,40.0,153.1,0.0,0.739,3.19,0.0,1
lig0351,Mevastatin,0,28,3.95,0,185.1,24.8,97.4,0.0,0.866,3.16,0.0,1
lig0356,Fenbendazole,0,21,3.89,0,167.4,45.6,80.4,0.0,0.728,3.12,0.0,1
lig0356,Fenbendazole,0,21,3.89,1,198.9,42.3,153.6,0.0,0.787,3.16,0.0,1
lig0356,Fenbendazole,0,21,3.89,2,205.2,27.2,165.9,0.0,0.867,3.54,0.0,1
lig0356,Fenbendazole,0,21,3.89,3,175.4,39.1,74.3,0.0,0.777,3.27,0.0,1
lig0357,O-Dianisidine Dihydrochloride,0,18,2.54,3,178.2,42.8,124.8,0.0,0.76,3.21,0.0,1
lig0357,O-Dianisidine Dihydrochloride,0,18,2.54,4,164.6,23.1,133.1,0.0,0.86,3.11,0.0,1
lig0358,Nafcillin Sodium,0,29,2.48,0,172.2,41.3,148.0,0.0,0.76,3.3,0.0,1
lig0358,Nafcillin Sodium,0,29,2.48,1,180.8,32.2,91.8,0.0,0.822,3.17,0.0,1
lig0355,Adrafinil,0,20,2.03,1,159.8,40.2,159.8,0.0,0.748,3.16,0.0,1
lig0355,Adrafinil,0,20,2.03,2,161.1,49.0,161.1,0.0,0.696,3.16,0.0,1
lig0355,Adrafinil,0,20,2.03,3,158.5,38.0,88.8,0.0,0.76,3.09,0.0,1
lig0355,Adrafinil,0,20,2.03,4,151.0,33.3,53.4,0.0,0.779,3.0,0.0,1
lig0354,Bendazac,0,21,2.55,2,181.4,41.0,116.9,0.0,0.774,3.35,0.0,1
lig0354,Bendazac,0,21,2.55,3,160.1,41.0,99.6,0.0,0.744,3.12,0.0,1
lig0354,Bendazac,0,21,2.55,4,152.3,38.7,46.0,0.0,0.746,3.05,0.0,1
lig0355,Adrafinil,0,20,2.03,0,164.2,41.9,122.0,0.0,0.745,3.31,0.0,1
lig0352,Flubendazole,0,23,3.11,0,184.7,41.3,131.8,0.0,0.776,3.19,0.0,1
lig0352,Flubendazole,0,23,3.11,1,174.1,35.0,174.1,0.0,0.799,3.3,0.0,1
lig0352,Flubendazole,0,23,3.11,2,165.2,41.3,165.2,0.0,0.75,3.27,0.0,1
lig0352,Flubendazole,0,23,3.11,3,198.3,42.6,111.7,0.0,0.785,3.42,0.0,1
lig0360,Dehydroandrographolide Succinate Potasium Salt,0,24,3.12,4,168.5,22.9,108.4,0.0,0.864,3.27,0.0,1
lig0361,Oxfendazole,0,22,2.91,0,200.4,44.9,55.7,0.0,0.776,3.35,0.0,1
lig0361,Oxfendazole,0,22,2.91,1,182.1,41.3,105.8,0.0,0.773,3.2,0.0,1
lig0361,Oxfendazole,0,22,2.91,2,183.6,27.2,108.9,0.0,0.852,3.23,0.0,1
lig0358,Nafcillin Sodium,0,29,2.48,2,153.1,43.4,83.2,0.0,0.717,3.41,0.0,1
lig0358,Nafcillin Sodium,0,29,2.48,3,167.8,39.1,122.9,0.0,0.767,3.3,0.0,1
lig0358,Nafcillin Sodium,0,29,2.48,4,169.6,43.6,75.6,0.0,0.743,3.23,0.0,1
lig0359,Norfloxacin,0,23,1.27,0,145.2,41.9,84.0,0.0,0.711,3.1,0.0,1
lig0359,Norfloxacin,0,23,1.27,1,158.8,27.0,90.3,0.0,0.83,3.04,0.0,1
lig0359,Norfloxacin,0,23,1.27,2,132.0,46.9,77.1,0.0,0.645,3.03,0.0,1
lig0359,Norfloxacin,0,23,1.27,3,175.2,32.6,175.2,0.0,0.814,3.19,0.0,1
lig0359,Norfloxacin,0,23,1.27,4,159.2,42.6,70.8,0.0,0.732,3.14,0.0,1
