
          -------------------------------------------------------
          Amber 22 PMEMD                              2022
          -------------------------------------------------------

| PMEMD implementation of SANDER, Release 22

|  Compiled date/time: Thu Apr 14 11:06:37 2022
| Run on 09/01/2026 at 12:57:37

|   Executable path: pmemd.cuda
| Working directory: /bigdata/cutlerlab/jjaco081/PYR1_pocket_expansion/data/posecheck/mandi_crystal/rep2
|          Hostname: gpu09

  [-O]verwriting output

File Assignments:
|   MDIN: prod.in                                                               
|  MDOUT: prod.out                                                              
| INPCRD: eq2.rst7                                                              
|   PARM: /bigdata/cutlerlab/jjaco081/PYR1_pocket_expansion/data/posecheck/mandi
| RESTRT: prod.rst7                                                             
|   REFC: refc                                                                  
|  MDVEL: mdvel                                                                 
|   MDEN: mden                                                                  
|  MDCRD: prod.nc                                                               
| MDINFO: prod.info                                                             
|  MDFRC: mdfrc                                                                 


 Here is the input file:

NPT production, 10000000 steps remaining, frames every 10 ps                   
 &cntrl                                                                        
  imin=0, irest=1, ntx=5,                                                      
  nstlim=10000000, dt=0.002,                                                   
  ntc=2, ntf=2, cut=10.0,                                                      
  ntb=2, ntp=1, barostat=2, pres0=1.0, taup=2.0,                               
  ntt=3, gamma_ln=2.0, ig=-1, temp0=300.0,                                     
  ntr=0,                                                                       
  ntpr=25000, ntwx=5000, ntwr=5000,                                            
  iwrap=1,                                                                     
 /                                                                             


Note: ig = -1. Setting random seed to   241726 based on wallclock time in 
      microseconds.
| irandom = 1, using AMBER's internal random number generator (default).
 
|--------------------- INFORMATION ----------------------
| GPU (CUDA) Version of PMEMD in use: NVIDIA GPU IN USE.
|                    Version 18.0.0
| 
|                      03/25/2018
| 
| Implementation by:
|                    Ross C. Walker     (SDSC)
|                    Scott Le Grand     (nVIDIA)
| 
| Version 18 performance extensions by:
|                    David Cerutti     (Rutgers)
| 
| Precision model in use:
|      [SPFP] - Single Precision Forces, 64-bit Fixed Point
|               Accumulation. (Default)
| 
|--------------------------------------------------------
 
|----------------- CITATION INFORMATION -----------------
|
|    When publishing work that utilized the CUDA version
|    of AMBER, please cite the following in addition to
|    the regular AMBER citations:
|
|  - Romelia Salomon-Ferrer; Andreas W. Goetz; Duncan
|    Poole; Scott Le Grand; Ross C. Walker "Routine
|    microsecond molecular dynamics simulations with
|    AMBER - Part II: Particle Mesh Ewald", J. Chem.
|    Theory Comput., 2013, 9 (9), pp3878-3888,
|    DOI: 10.1021/ct400314y.
|
|  - Andreas W. Goetz; Mark J. Williamson; Dong Xu;
|    Duncan Poole; Scott Le Grand; Ross C. Walker
|    "Routine microsecond molecular dynamics simulations
|    with AMBER - Part I: Generalized Born", J. Chem.
|    Theory Comput., 2012, 8 (5), pp1542-1555.
|
|  - Scott Le Grand; Andreas W. Goetz; Ross C. Walker
|    "SPFP: Speed without compromise - a mixed precision
|    model for GPU accelerated molecular dynamics
|    simulations.", Comp. Phys. Comm., 2013, 184
|    pp374-380, DOI: 10.1016/j.cpc.2012.09.022
|
|--------------------------------------------------------
 
|------------------- GPU DEVICE INFO --------------------
|
|            CUDA_VISIBLE_DEVICES: 0
|   CUDA Capable Devices Detected:      1
|           CUDA Device ID in use:      0
|                CUDA Device Name: NVIDIA RTX 6000 Ada Generation
|     CUDA Device Global Mem Size:  48510 MB
| CUDA Device Num Multiprocessors:    142
|           CUDA Device Core Freq:   2.50 GHz
|
|--------------------------------------------------------
 
 
| Conditional Compilation Defines Used:
| PUBFFT
| BINTRAJ
| CUDA
| EMIL

| Largest sphere to fit in unit cell has radius =    30.912

| New format PARM file being parsed.
| Version =    1.000 Date = 09/01/26 Time = 11:33:59

| Note: 1-4 EEL scale factors are being read from the topology file.

| Note: 1-4 VDW scale factors are being read from the topology file.
| INFO:    Virtual site frames will be inferred from bonding patterns.
| Duplicated    0 dihedrals

| Duplicated    0 dihedrals

--------------------------------------------------------------------------------
   1.  RESOURCE   USE: 
--------------------------------------------------------------------------------

 getting box info from netcdf restart file
 NATOM  =   43893 NTYPES =      30 NBONH =   32136 MBONA  =   11724
 NTHETH =    3258 MTHETA =    2016 NPHIH =    6625 MPHIA  =    6376
 NHPARM =       0 NPARM  =       0 NNB   =   87650 NRES   =   10474
 NBONA  =   11724 NTHETA =    2016 NPHIA =    6376 NUMBND =      93
 NUMANG =     205 NPTRA  =     215 NATYP =      52 NPHB   =       0
 IFBOX  =       2 NMXRS  =      51 IFCAP =       0 NEXTRA =   10233
 NCOPY  =       0


| Coordinate Index Table dimensions:    12   12   12
| Direct force subcell size =     6.3099    6.3099    6.3099

     BOX TYPE: TRUNCATED OCTAHEDRON

--------------------------------------------------------------------------------
   2.  CONTROL  DATA  FOR  THE  RUN
--------------------------------------------------------------------------------

default_name                                                                    

General flags:
     imin    =       0, nmropt  =       0

Nature and format of input:
     ntx     =       5, irest   =       1, ntrx    =       1

Nature and format of output:
     ntxo    =       2, ntpr    =   25000, ntrx    =       1, ntwr    =    5000
     iwrap   =       1, ntwx    =    5000, ntwv    =       0, ntwe    =       0
     ioutfm  =       1, ntwprt  =       0, idecomp =       0, rbornstat=      0

Potential function:
     ntf     =       2, ntb     =       2, igb     =       0, nsnb    =      25
     ipol    =       0, gbsa    =       0, iesp    =       0
     dielc   =   1.00000, cut     =  10.00000, intdiel =   1.00000

Frozen or restrained atoms:
     ibelly  =       0, ntr     =       0

Molecular dynamics:
     nstlim  =  10000000, nscm    =      1000, nrespa  =         1
     t       =   0.00000, dt      =   0.00200, vlimit  =  -1.00000

Langevin dynamics temperature regulation:
     ig      =  241726
     temp0   = 300.00000, tempi   =   0.00000, gamma_ln=   2.00000

Pressure regulation:
     ntp     =       1
     pres0   =   1.00000, comp    =  44.60000, taup    =   2.00000
     Monte-Carlo Barostat:
     mcbarint  =     100

SHAKE:
     ntc     =       2, jfastw  =       0
     tol     =   0.00001

| Intermolecular bonds treatment:
|     no_intermolecular_bonds =       1

| Energy averages sample interval:
|     ene_avg_sampling =   25000

Extra-points options:
     frameon =       1, chngmask=       1

Ewald parameters:
     verbose =       0, ew_type =       0, nbflag  =       1, use_pme =       1
     vdwmeth =       1, eedmeth =       1, netfrc  =       1
     Box X =   75.719   Box Y =   75.719   Box Z =   75.719
     Alpha =  109.471   Beta  =  109.471   Gamma =  109.471
     NFFT1 =   80       NFFT2 =   80       NFFT3 =   80
     Cutoff=   10.000   Tol   =0.100E-04
     Ewald Coefficient =  0.27511
     Interpolation order =    4
|      EXTRA_PTS, trim_bonds: num bonds BEFORE trim = 32136     0
|      EXTRA_PTS, trim_bonds: num bonds AFTER  trim = 32136     0
|      EXTRA_PTS, trim_bonds: num bonds BEFORE trim = 11724     0
|      EXTRA_PTS, trim_bonds: num bonds AFTER  trim =  1491     0
|      EXTRA_PTS, trim_theta: num angle BEFORE trim =  3258     0
|      EXTRA_PTS, trim_theta: num angle AFTER  trim =  3258     0
|      EXTRA_PTS, trim_theta: num angle BEFORE trim =  2016     0
|      EXTRA_PTS, trim_theta: num angle AFTER  trim =  2016     0
|      EXTRA_PTS, trim_phi:  num diheds BEFORE trim =  6625     0
|      EXTRA_PTS, trim_phi:  num diheds AFTER  trim =  6625     0
|      EXTRA_PTS, trim_phi:  num diheds BEFORE trim =  6376     0
|      EXTRA_PTS, trim_phi:  num diheds AFTER  trim =  6376     0
| MONTE CARLO BAROSTAT IMPORTANT NOTE:
|   The Monte-Carlo barostat does not require the virial to adjust the system volume.
|   Since it is an expensive calculation, it is skipped for efficiency. A side-effect
|   is that the reported pressure is always 0 because it is not calculated.

--------------------------------------------------------------------------------
   3.  ATOMIC COORDINATES AND VELOCITIES
--------------------------------------------------------------------------------

default_name                                                                    
 begin time read from input coords =  1700.000 ps

 
 Number of triangulated 3-point waters found:    10233

     Sum of charges from parm topology file =  -0.00094390
     Forcing neutrality...

| Dynamic Memory, Types Used:
| Reals             1889452
| Integers          4334775

| Nonbonded Pairs Initial Allocation:    13276535

| GPU memory information (estimate):
| KB of GPU memory in use:    388501
| KB of CPU memory in use:     97976

--------------------------------------------------------------------------------
   4.  RESULTS
--------------------------------------------------------------------------------

| MC Barostat: Decreasing size of volume moves
| MC Barostat: Decreasing size of volume moves
| MC Barostat: Decreasing size of volume moves
| MC Barostat: Decreasing size of volume moves
wrapping first mol.:      -75.58060        0.00000        0.00000
wrapping first mol.:      -75.58060        0.00000        0.00000
| MC Barostat: Decreasing size of volume moves
| MC Barostat: Decreasing size of volume moves
| MC Barostat: Decreasing size of volume moves
wrapping first mol.:      -75.68734        0.00000        0.00000
wrapping first mol.:      -75.68734        0.00000        0.00000
| MC Barostat: Decreasing size of volume moves
| MC Barostat: Decreasing size of volume moves
| MC Barostat: Decreasing size of volume moves
wrapping first mol.:      -75.70013        0.00000        0.00000
wrapping first mol.:      -75.70013        0.00000        0.00000
| MC Barostat: Decreasing size of volume moves
| MC Barostat: Decreasing size of volume moves
| MC Barostat: Decreasing size of volume moves
wrapping first mol.:      -75.66008        0.00000        0.00000
wrapping first mol.:      -75.66008        0.00000        0.00000
wrapping first mol.:      -75.60254        0.00000        0.00000
wrapping first mol.:      -75.60254        0.00000        0.00000

 NSTEP =    25000   TIME(PS) =    1750.000  TEMP(K) =   298.68  PRESS =     0.0
 Etot   =   -117144.1834  EKtot   =     20430.3203  EPtot      =   -137574.5037
 BOND   =       527.4378  ANGLE   =      1506.1804  DIHED      =       970.7938
 UB     =         0.0000  IMP     =         0.0000  CMAP       =       142.1994
 1-4 NB =       626.8935  1-4 EEL =      5881.3099  VDWAALS    =     16290.6333
 EELEC  =   -163519.9517  EHBOND  =         0.0000  RESTRAINT  =         0.0000
 EKCMT  =         0.0000  VIRIAL  =         0.0000  VOLUME     =    332649.8408
                                                    Density    =         1.0357
 ------------------------------------------------------------------------------

wrapping first mol.:      -75.67439        0.00000        0.00000
wrapping first mol.:      -75.67439        0.00000        0.00000
wrapping first mol.:      -75.63038        0.00000        0.00000
wrapping first mol.:      -75.63038        0.00000        0.00000
wrapping first mol.:      -75.66045        0.00000        0.00000
wrapping first mol.:      -75.66045        0.00000        0.00000
wrapping first mol.:      -75.61156        0.00000        0.00000
wrapping first mol.:      -75.61156        0.00000        0.00000
wrapping first mol.:      -75.57882        0.00000        0.00000
wrapping first mol.:      -75.57882        0.00000        0.00000

 NSTEP =    50000   TIME(PS) =    1800.000  TEMP(K) =   300.17  PRESS =     0.0
 Etot   =   -117021.6612  EKtot   =     20532.7520  EPtot      =   -137554.4132
 BOND   =       522.7967  ANGLE   =      1491.6449  DIHED      =      1007.4654
 UB     =         0.0000  IMP     =         0.0000  CMAP       =       149.1428
 1-4 NB =       667.4894  1-4 EEL =      5824.4535  VDWAALS    =     16520.6908
 EELEC  =   -163738.0966  EHBOND  =         0.0000  RESTRAINT  =         0.0000
 EKCMT  =         0.0000  VIRIAL  =         0.0000  VOLUME     =    332336.8231
                                                    Density    =         1.0367
 ------------------------------------------------------------------------------

wrapping first mol.:      -75.62650        0.00000        0.00000
wrapping first mol.:      -75.62650        0.00000        0.00000
wrapping first mol.:      -75.74086        0.00000        0.00000
wrapping first mol.:      -75.74086        0.00000        0.00000
wrapping first mol.:      -75.64939        0.00000        0.00000
wrapping first mol.:      -75.64939        0.00000        0.00000
wrapping first mol.:      -75.79231        0.00000        0.00000
wrapping first mol.:      -75.79231        0.00000        0.00000
wrapping first mol.:      -75.66754        0.00000        0.00000
wrapping first mol.:      -75.66754        0.00000        0.00000

 NSTEP =    75000   TIME(PS) =    1850.000  TEMP(K) =   300.13  PRESS =     0.0
 Etot   =   -116930.8348  EKtot   =     20530.0762  EPtot      =   -137460.9110
 BOND   =       541.1416  ANGLE   =      1555.7474  DIHED      =       983.5158
 UB     =         0.0000  IMP     =         0.0000  CMAP       =       149.7412
 1-4 NB =       667.7744  1-4 EEL =      5872.1838  VDWAALS    =     16441.1424
 EELEC  =   -163672.1575  EHBOND  =         0.0000  RESTRAINT  =         0.0000
 EKCMT  =         0.0000  VIRIAL  =         0.0000  VOLUME     =    333508.4982
                                                    Density    =         1.0331
 ------------------------------------------------------------------------------

wrapping first mol.:      -75.77105        0.00000        0.00000
wrapping first mol.:      -75.77105        0.00000        0.00000
wrapping first mol.:      -75.69232        0.00000        0.00000
wrapping first mol.:      -75.69232        0.00000        0.00000
wrapping first mol.:      -75.64385        0.00000        0.00000
wrapping first mol.:      -75.64385        0.00000        0.00000
wrapping first mol.:      -75.69256        0.00000        0.00000
wrapping first mol.:      -75.69256        0.00000        0.00000
wrapping first mol.:      -75.68693        0.00000        0.00000
wrapping first mol.:      -75.68693        0.00000        0.00000

 NSTEP =   100000   TIME(PS) =    1900.000  TEMP(K) =   300.07  PRESS =     0.0
 Etot   =   -116882.4971  EKtot   =     20525.6816  EPtot      =   -137408.1787
 BOND   =       547.7858  ANGLE   =      1526.6349  DIHED      =       987.2270
 UB     =         0.0000  IMP     =         0.0000  CMAP       =       158.6925
 1-4 NB =       647.1626  1-4 EEL =      5879.2774  VDWAALS    =     16468.7983
 EELEC  =   -163623.7572  EHBOND  =         0.0000  RESTRAINT  =         0.0000
 EKCMT  =         0.0000  VIRIAL  =         0.0000  VOLUME     =    333765.0291
                                                    Density    =         1.0323
 ------------------------------------------------------------------------------

wrapping first mol.:      -75.77935        0.00000        0.00000
wrapping first mol.:      -75.77935        0.00000        0.00000
wrapping first mol.:      -75.64812        0.00000        0.00000
wrapping first mol.:      -75.64812        0.00000        0.00000
wrapping first mol.:      -75.72358        0.00000        0.00000
wrapping first mol.:      -75.72358        0.00000        0.00000
wrapping first mol.:      -75.65402        0.00000        0.00000
wrapping first mol.:      -75.65402        0.00000        0.00000
wrapping first mol.:      -75.67174        0.00000        0.00000
wrapping first mol.:      -75.67174        0.00000        0.00000

 NSTEP =   125000   TIME(PS) =    1950.000  TEMP(K) =   300.99  PRESS =     0.0
 Etot   =   -116986.3653  EKtot   =     20588.8105  EPtot      =   -137575.1758
 BOND   =       606.9607  ANGLE   =      1518.2469  DIHED      =       966.0951
 UB     =         0.0000  IMP     =         0.0000  CMAP       =       145.5270
 1-4 NB =       642.6550  1-4 EEL =      5825.5563  VDWAALS    =     16353.1168
 EELEC  =   -163633.3336  EHBOND  =         0.0000  RESTRAINT  =         0.0000
 EKCMT  =         0.0000  VIRIAL  =         0.0000  VOLUME     =    333564.0443
                                                    Density    =         1.0329
 ------------------------------------------------------------------------------

wrapping first mol.:      -75.80236        0.00000        0.00000
wrapping first mol.:      -75.80236        0.00000        0.00000
wrapping first mol.:      -75.69938        0.00000        0.00000
wrapping first mol.:      -75.69938        0.00000        0.00000
wrapping first mol.:      -75.72409        0.00000        0.00000
wrapping first mol.:      -75.72409        0.00000        0.00000
wrapping first mol.:      -75.69112        0.00000        0.00000
wrapping first mol.:      -75.69112        0.00000        0.00000
wrapping first mol.:      -75.70765        0.00000        0.00000
wrapping first mol.:      -75.70765        0.00000        0.00000

 NSTEP =   150000   TIME(PS) =    2000.000  TEMP(K) =   303.60  PRESS =     0.0
 Etot   =   -116766.6972  EKtot   =     20767.0762  EPtot      =   -137533.7734
 BOND   =       562.9365  ANGLE   =      1556.4115  DIHED      =       986.2381
 UB     =         0.0000  IMP     =         0.0000  CMAP       =       153.6059
 1-4 NB =       652.0109  1-4 EEL =      5878.5947  VDWAALS    =     16487.2636
 EELEC  =   -163810.8347  EHBOND  =         0.0000  RESTRAINT  =         0.0000
 EKCMT  =         0.0000  VIRIAL  =         0.0000  VOLUME     =    334039.2152
                                                    Density    =         1.0314
 ------------------------------------------------------------------------------

wrapping first mol.:      -75.73232        0.00000        0.00000
wrapping first mol.:      -75.73232        0.00000        0.00000
wrapping first mol.:      -75.61664        0.00000        0.00000
wrapping first mol.:      -75.61664        0.00000        0.00000
wrapping first mol.:      -75.68293        0.00000        0.00000
wrapping first mol.:      -75.68293        0.00000        0.00000
wrapping first mol.:      -75.78743        0.00000        0.00000
wrapping first mol.:      -75.78743        0.00000        0.00000
wrapping first mol.:      -75.72692        0.00000        0.00000
wrapping first mol.:      -75.72692        0.00000        0.00000

 NSTEP =   175000   TIME(PS) =    2050.000  TEMP(K) =   300.71  PRESS =     0.0
 Etot   =   -116921.4766  EKtot   =     20569.2637  EPtot      =   -137490.7402
 BOND   =       608.2870  ANGLE   =      1476.1720  DIHED      =       985.7737
 UB     =         0.0000  IMP     =         0.0000  CMAP       =       146.6836
 1-4 NB =       631.0363  1-4 EEL =      5874.8589  VDWAALS    =     16448.3142
 EELEC  =   -163661.8660  EHBOND  =         0.0000  RESTRAINT  =         0.0000
 EKCMT  =         0.0000  VIRIAL  =         0.0000  VOLUME     =    334294.3097
                                                    Density    =         1.0306
 ------------------------------------------------------------------------------

wrapping first mol.:      -75.61260        0.00000        0.00000
wrapping first mol.:      -75.61260        0.00000        0.00000
wrapping first mol.:      -75.65423        0.00000        0.00000
wrapping first mol.:      -75.65423        0.00000        0.00000
wrapping first mol.:      -75.61761        0.00000        0.00000
wrapping first mol.:      -75.61761        0.00000        0.00000
wrapping first mol.:      -75.69017        0.00000        0.00000
wrapping first mol.:      -75.69017        0.00000        0.00000
wrapping first mol.:      -75.71837        0.00000        0.00000
wrapping first mol.:      -75.71837        0.00000        0.00000

 NSTEP =   200000   TIME(PS) =    2100.000  TEMP(K) =   301.53  PRESS =     0.0
 Etot   =   -116891.9001  EKtot   =     20625.6328  EPtot      =   -137517.5329
 BOND   =       607.4896  ANGLE   =      1472.2245  DIHED      =       986.0408
 UB     =         0.0000  IMP     =         0.0000  CMAP       =       161.2906
 1-4 NB =       640.2681  1-4 EEL =      5862.2385  VDWAALS    =     16408.4248
 EELEC  =   -163655.5097  EHBOND  =         0.0000  RESTRAINT  =         0.0000
 EKCMT  =         0.0000  VIRIAL  =         0.0000  VOLUME     =    334181.0731
                                                    Density    =         1.0310
 ------------------------------------------------------------------------------

wrapping first mol.:      -75.79784        0.00000        0.00000
wrapping first mol.:      -75.79784        0.00000        0.00000
wrapping first mol.:      -75.74783        0.00000        0.00000
wrapping first mol.:      -75.74783        0.00000        0.00000
wrapping first mol.:      -75.71403        0.00000        0.00000
wrapping first mol.:      -75.71403        0.00000        0.00000
wrapping first mol.:      -75.70666        0.00000        0.00000
wrapping first mol.:      -75.70666        0.00000        0.00000
wrapping first mol.:      -75.69503        0.00000        0.00000
wrapping first mol.:      -75.69503        0.00000        0.00000

 NSTEP =   225000   TIME(PS) =    2150.000  TEMP(K) =   298.64  PRESS =     0.0
 Etot   =   -116919.4517  EKtot   =     20427.6445  EPtot      =   -137347.0962
 BOND   =       535.4468  ANGLE   =      1530.8644  DIHED      =       997.6565
 UB     =         0.0000  IMP     =         0.0000  CMAP       =       140.2976
 1-4 NB =       641.2498  1-4 EEL =      5890.8906  VDWAALS    =     16523.1766
 EELEC  =   -163606.6785  EHBOND  =         0.0000  RESTRAINT  =         0.0000
 EKCMT  =         0.0000  VIRIAL  =         0.0000  VOLUME     =    333872.2072
                                                    Density    =         1.0319
 ------------------------------------------------------------------------------

wrapping first mol.:      -75.67415        0.00000        0.00000
wrapping first mol.:      -75.67415        0.00000        0.00000
wrapping first mol.:      -75.72635        0.00000        0.00000
wrapping first mol.:      -75.72635        0.00000        0.00000
wrapping first mol.:      -75.72319        0.00000        0.00000
wrapping first mol.:      -75.72319        0.00000        0.00000
wrapping first mol.:      -75.71965        0.00000        0.00000
wrapping first mol.:      -75.71965        0.00000        0.00000
wrapping first mol.:      -75.62376        0.00000        0.00000
wrapping first mol.:      -75.62376        0.00000        0.00000

 NSTEP =   250000   TIME(PS) =    2200.000  TEMP(K) =   301.06  PRESS =     0.0
 Etot   =   -117244.3610  EKtot   =     20593.5176  EPtot      =   -137837.8786
 BOND   =       553.5035  ANGLE   =      1524.7443  DIHED      =       983.9994
 UB     =         0.0000  IMP     =         0.0000  CMAP       =       126.1782
 1-4 NB =       652.1130  1-4 EEL =      5823.7259  VDWAALS    =     16291.5996
 EELEC  =   -163793.7424  EHBOND  =         0.0000  RESTRAINT  =         0.0000
 EKCMT  =         0.0000  VIRIAL  =         0.0000  VOLUME     =    332930.0232
                                                    Density    =         1.0348
 ------------------------------------------------------------------------------

wrapping first mol.:      -75.66541        0.00000        0.00000
wrapping first mol.:      -75.66541        0.00000        0.00000
wrapping first mol.:      -75.71390        0.00000        0.00000
wrapping first mol.:      -75.71390        0.00000        0.00000
wrapping first mol.:      -75.62034        0.00000        0.00000
wrapping first mol.:      -75.62034        0.00000        0.00000
wrapping first mol.:      -75.68033        0.00000        0.00000
wrapping first mol.:      -75.68033        0.00000        0.00000
wrapping first mol.:      -75.66301        0.00000        0.00000
wrapping first mol.:      -75.66301        0.00000        0.00000

 NSTEP =   275000   TIME(PS) =    2250.000  TEMP(K) =   299.03  PRESS =     0.0
 Etot   =   -116894.9369  EKtot   =     20454.8262  EPtot      =   -137349.7630
 BOND   =       581.7084  ANGLE   =      1506.3645  DIHED      =       986.3624
 UB     =         0.0000  IMP     =         0.0000  CMAP       =       141.3095
 1-4 NB =       641.5964  1-4 EEL =      5883.3745  VDWAALS    =     16199.0792
 EELEC  =   -163289.5578  EHBOND  =         0.0000  RESTRAINT  =         0.0000
 EKCMT  =         0.0000  VIRIAL  =         0.0000  VOLUME     =    333448.6599
                                                    Density    =         1.0332
 ------------------------------------------------------------------------------

wrapping first mol.:      -75.74749        0.00000        0.00000
wrapping first mol.:      -75.74749        0.00000        0.00000
wrapping first mol.:      -75.80767        0.00000        0.00000
wrapping first mol.:      -75.80767        0.00000        0.00000
wrapping first mol.:      -75.74889        0.00000        0.00000
wrapping first mol.:      -75.74889        0.00000        0.00000
wrapping first mol.:      -75.61037        0.00000        0.00000
wrapping first mol.:      -75.61037        0.00000        0.00000
wrapping first mol.:      -75.75779        0.00000        0.00000
wrapping first mol.:      -75.75779        0.00000        0.00000

 NSTEP =   300000   TIME(PS) =    2300.000  TEMP(K) =   299.91  PRESS =     0.0
 Etot   =   -117106.5966  EKtot   =     20514.5117  EPtot      =   -137621.1084
 BOND   =       583.7532  ANGLE   =      1490.8595  DIHED      =       997.5777
 UB     =         0.0000  IMP     =         0.0000  CMAP       =       138.9461
 1-4 NB =       639.7905  1-4 EEL =      5831.4305  VDWAALS    =     16113.8599
 EELEC  =   -163417.3257  EHBOND  =         0.0000  RESTRAINT  =         0.0000
 EKCMT  =         0.0000  VIRIAL  =         0.0000  VOLUME     =    334703.2866
                                                    Density    =         1.0294
 ------------------------------------------------------------------------------

wrapping first mol.:      -75.72806        0.00000        0.00000
wrapping first mol.:      -75.72806        0.00000        0.00000
wrapping first mol.:      -75.76606        0.00000        0.00000
wrapping first mol.:      -75.76606        0.00000        0.00000
wrapping first mol.:      -75.66285        0.00000        0.00000
wrapping first mol.:      -75.66285        0.00000        0.00000
wrapping first mol.:      -75.74883        0.00000        0.00000
wrapping first mol.:      -75.74883        0.00000        0.00000
wrapping first mol.:      -75.65420        0.00000        0.00000
wrapping first mol.:      -75.65420        0.00000        0.00000

 NSTEP =   325000   TIME(PS) =    2350.000  TEMP(K) =   299.64  PRESS =     0.0
 Etot   =   -117172.0792  EKtot   =     20496.2578  EPtot      =   -137668.3371
 BOND   =       571.5718  ANGLE   =      1457.3605  DIHED      =       969.1641
 UB     =         0.0000  IMP     =         0.0000  CMAP       =       153.7984
 1-4 NB =       642.9664  1-4 EEL =      5888.2764  VDWAALS    =     16393.5909
 EELEC  =   -163745.0657  EHBOND  =         0.0000  RESTRAINT  =         0.0000
 EKCMT  =         0.0000  VIRIAL  =         0.0000  VOLUME     =    333332.2418
                                                    Density    =         1.0336
 ------------------------------------------------------------------------------

wrapping first mol.:      -75.66285        0.00000        0.00000
wrapping first mol.:      -75.66285        0.00000        0.00000
wrapping first mol.:      -75.68271        0.00000        0.00000
wrapping first mol.:      -75.68271        0.00000        0.00000
wrapping first mol.:      -75.76897        0.00000        0.00000
wrapping first mol.:      -75.76897        0.00000        0.00000
wrapping first mol.:      -75.62724        0.00000        0.00000
wrapping first mol.:      -75.62724        0.00000        0.00000
wrapping first mol.:      -75.70097        0.00000        0.00000
wrapping first mol.:      -75.70097        0.00000        0.00000

 NSTEP =   350000   TIME(PS) =    2400.000  TEMP(K) =   300.08  PRESS =     0.0
 Etot   =   -117117.3633  EKtot   =     20526.4336  EPtot      =   -137643.7969
 BOND   =       583.0154  ANGLE   =      1464.2741  DIHED      =      1000.8838
 UB     =         0.0000  IMP     =         0.0000  CMAP       =       146.7717
 1-4 NB =       654.7445  1-4 EEL =      5841.8529  VDWAALS    =     16467.6850
 EELEC  =   -163803.0244  EHBOND  =         0.0000  RESTRAINT  =         0.0000
 EKCMT  =         0.0000  VIRIAL  =         0.0000  VOLUME     =    333950.7835
                                                    Density    =         1.0317
 ------------------------------------------------------------------------------

wrapping first mol.:      -75.72788        0.00000        0.00000
wrapping first mol.:      -75.72788        0.00000        0.00000
wrapping first mol.:      -75.60004        0.00000        0.00000
wrapping first mol.:      -75.60004        0.00000        0.00000
wrapping first mol.:      -75.57583        0.00000        0.00000
wrapping first mol.:      -75.57583        0.00000        0.00000
wrapping first mol.:      -75.68186        0.00000        0.00000
wrapping first mol.:      -75.68186        0.00000        0.00000
wrapping first mol.:      -75.68654        0.00000        0.00000
wrapping first mol.:      -75.68654        0.00000        0.00000

 NSTEP =   375000   TIME(PS) =    2450.000  TEMP(K) =   300.10  PRESS =     0.0
 Etot   =   -117031.6409  EKtot   =     20527.9355  EPtot      =   -137559.5764
 BOND   =       574.7616  ANGLE   =      1509.2762  DIHED      =       985.5865
 UB     =         0.0000  IMP     =         0.0000  CMAP       =       139.3046
 1-4 NB =       652.9223  1-4 EEL =      5883.9347  VDWAALS    =     16204.3171
 EELEC  =   -163509.6794  EHBOND  =         0.0000  RESTRAINT  =         0.0000
 EKCMT  =         0.0000  VIRIAL  =         0.0000  VOLUME     =    333759.8344
                                                    Density    =         1.0323
 ------------------------------------------------------------------------------

wrapping first mol.:      -75.76457        0.00000        0.00000
wrapping first mol.:      -75.76457        0.00000        0.00000
wrapping first mol.:      -75.73161        0.00000        0.00000
wrapping first mol.:      -75.73161        0.00000        0.00000
wrapping first mol.:      -75.71565        0.00000        0.00000
wrapping first mol.:      -75.71565        0.00000        0.00000
wrapping first mol.:      -75.71177        0.00000        0.00000
wrapping first mol.:      -75.71177        0.00000        0.00000
wrapping first mol.:      -75.73951        0.00000        0.00000
wrapping first mol.:      -75.73951        0.00000        0.00000

 NSTEP =   400000   TIME(PS) =    2500.000  TEMP(K) =   299.53  PRESS =     0.0
 Etot   =   -117020.4172  EKtot   =     20488.4766  EPtot      =   -137508.8937
 BOND   =       594.6837  ANGLE   =      1501.9329  DIHED      =       997.3707
 UB     =         0.0000  IMP     =         0.0000  CMAP       =       152.5545
 1-4 NB =       646.4807  1-4 EEL =      5935.0368  VDWAALS    =     16401.4781
 EELEC  =   -163738.4312  EHBOND  =         0.0000  RESTRAINT  =         0.0000
 EKCMT  =         0.0000  VIRIAL  =         0.0000  VOLUME     =    334461.1164
                                                    Density    =         1.0301
 ------------------------------------------------------------------------------

wrapping first mol.:      -75.69948        0.00000        0.00000
wrapping first mol.:      -75.69948        0.00000        0.00000
wrapping first mol.:      -75.72656        0.00000        0.00000
wrapping first mol.:      -75.72656        0.00000        0.00000
wrapping first mol.:      -75.72121        0.00000        0.00000
wrapping first mol.:      -75.72121        0.00000        0.00000
wrapping first mol.:      -75.75372        0.00000        0.00000
wrapping first mol.:      -75.75372        0.00000        0.00000
wrapping first mol.:      -75.64276        0.00000        0.00000
wrapping first mol.:      -75.64276        0.00000        0.00000

 NSTEP =   425000   TIME(PS) =    2550.000  TEMP(K) =   298.24  PRESS =     0.0
 Etot   =   -117191.9345  EKtot   =     20400.7422  EPtot      =   -137592.6767
 BOND   =       580.5282  ANGLE   =      1488.4728  DIHED      =      1002.0428
 UB     =         0.0000  IMP     =         0.0000  CMAP       =       141.9605
 1-4 NB =       646.0052  1-4 EEL =      5916.0999  VDWAALS    =     16161.1165
 EELEC  =   -163528.9027  EHBOND  =         0.0000  RESTRAINT  =         0.0000
 EKCMT  =         0.0000  VIRIAL  =         0.0000  VOLUME     =    333181.0177
                                                    Density    =         1.0341
 ------------------------------------------------------------------------------

wrapping first mol.:      -75.71719        0.00000        0.00000
wrapping first mol.:      -75.71719        0.00000        0.00000
wrapping first mol.:      -75.75566        0.00000        0.00000
wrapping first mol.:      -75.75566        0.00000        0.00000
wrapping first mol.:      -75.82142        0.00000        0.00000
wrapping first mol.:      -75.82142        0.00000        0.00000
wrapping first mol.:      -75.68295        0.00000        0.00000
wrapping first mol.:      -75.68295        0.00000        0.00000
wrapping first mol.:      -75.52856        0.00000        0.00000
wrapping first mol.:      -75.52856        0.00000        0.00000

 NSTEP =   450000   TIME(PS) =    2600.000  TEMP(K) =   299.04  PRESS =     0.0
 Etot   =   -117194.8881  EKtot   =     20455.5742  EPtot      =   -137650.4623
 BOND   =       529.9567  ANGLE   =      1530.0178  DIHED      =       968.4579
 UB     =         0.0000  IMP     =         0.0000  CMAP       =       144.6520
 1-4 NB =       648.5590  1-4 EEL =      5910.3211  VDWAALS    =     16678.0525
 EELEC  =   -164060.4793  EHBOND  =         0.0000  RESTRAINT  =         0.0000
 EKCMT  =         0.0000  VIRIAL  =         0.0000  VOLUME     =    331674.2384
                                                    Density    =         1.0388
 ------------------------------------------------------------------------------

wrapping first mol.:      -75.70525        0.00000        0.00000
wrapping first mol.:      -75.70525        0.00000        0.00000
wrapping first mol.:      -75.60786        0.00000        0.00000
wrapping first mol.:      -75.60786        0.00000        0.00000
wrapping first mol.:      -75.72966        0.00000        0.00000
wrapping first mol.:      -75.72966        0.00000        0.00000
wrapping first mol.:      -75.70041        0.00000        0.00000
wrapping first mol.:      -75.70041        0.00000        0.00000
wrapping first mol.:      -75.73867        0.00000        0.00000
wrapping first mol.:      -75.73867        0.00000        0.00000

 NSTEP =   475000   TIME(PS) =    2650.000  TEMP(K) =   299.63  PRESS =     0.0
 Etot   =   -117172.7776  EKtot   =     20495.2969  EPtot      =   -137668.0744
 BOND   =       531.0667  ANGLE   =      1534.9656  DIHED      =       997.5977
 UB     =         0.0000  IMP     =         0.0000  CMAP       =       151.3954
 1-4 NB =       677.1330  1-4 EEL =      5909.9767  VDWAALS    =     16171.6290
 EELEC  =   -163641.8386  EHBOND  =         0.0000  RESTRAINT  =         0.0000
 EKCMT  =         0.0000  VIRIAL  =         0.0000  VOLUME     =    334449.9489
                                                    Density    =         1.0301
 ------------------------------------------------------------------------------

wrapping first mol.:      -75.68045        0.00000        0.00000
wrapping first mol.:      -75.68045        0.00000        0.00000
wrapping first mol.:      -75.66609        0.00000        0.00000
wrapping first mol.:      -75.66609        0.00000        0.00000
wrapping first mol.:      -75.72000        0.00000        0.00000
wrapping first mol.:      -75.72000        0.00000        0.00000
wrapping first mol.:      -75.65234        0.00000        0.00000
wrapping first mol.:      -75.65234        0.00000        0.00000
wrapping first mol.:      -75.66342        0.00000        0.00000
wrapping first mol.:      -75.66342        0.00000        0.00000

 NSTEP =   500000   TIME(PS) =    2700.000  TEMP(K) =   300.54  PRESS =     0.0
 Etot   =   -117040.6784  EKtot   =     20558.2109  EPtot      =   -137598.8893
 BOND   =       561.9604  ANGLE   =      1500.8104  DIHED      =      1004.0704
 UB     =         0.0000  IMP     =         0.0000  CMAP       =       142.3471
 1-4 NB =       630.4385  1-4 EEL =      5929.9762  VDWAALS    =     16124.9944
 EELEC  =   -163493.4866  EHBOND  =         0.0000  RESTRAINT  =         0.0000
 EKCMT  =         0.0000  VIRIAL  =         0.0000  VOLUME     =    333454.0274
                                                    Density    =         1.0332
 ------------------------------------------------------------------------------

wrapping first mol.:      -75.68282        0.00000        0.00000
wrapping first mol.:      -75.68282        0.00000        0.00000
wrapping first mol.:      -75.68338        0.00000        0.00000
wrapping first mol.:      -75.68338        0.00000        0.00000
wrapping first mol.:      -75.73987        0.00000        0.00000
wrapping first mol.:      -75.73987        0.00000        0.00000
wrapping first mol.:      -75.69384        0.00000        0.00000
wrapping first mol.:      -75.69384        0.00000        0.00000
wrapping first mol.:      -75.74462        0.00000        0.00000
wrapping first mol.:      -75.74462        0.00000        0.00000

 NSTEP =   525000   TIME(PS) =    2750.000  TEMP(K) =   301.16  PRESS =     0.0
 Etot   =   -116961.6461  EKtot   =     20600.6074  EPtot      =   -137562.2535
 BOND   =       582.1582  ANGLE   =      1546.7616  DIHED      =      1011.2668
 UB     =         0.0000  IMP     =         0.0000  CMAP       =       143.4178
 1-4 NB =       644.5974  1-4 EEL =      5910.1566  VDWAALS    =     16257.2745
 EELEC  =   -163657.8863  EHBOND  =         0.0000  RESTRAINT  =         0.0000
 EKCMT  =         0.0000  VIRIAL  =         0.0000  VOLUME     =    334528.7777
                                                    Density    =         1.0299
 ------------------------------------------------------------------------------

wrapping first mol.:      -75.64113        0.00000        0.00000
wrapping first mol.:      -75.64113        0.00000        0.00000
wrapping first mol.:      -75.69555        0.00000        0.00000
wrapping first mol.:      -75.69555        0.00000        0.00000
wrapping first mol.:      -75.66536        0.00000        0.00000
wrapping first mol.:      -75.66536        0.00000        0.00000
wrapping first mol.:      -75.70650        0.00000        0.00000
wrapping first mol.:      -75.70650        0.00000        0.00000
wrapping first mol.:      -75.71807        0.00000        0.00000
wrapping first mol.:      -75.71807        0.00000        0.00000

 NSTEP =   550000   TIME(PS) =    2800.000  TEMP(K) =   300.44  PRESS =     0.0
 Etot   =   -116900.8735  EKtot   =     20550.9023  EPtot      =   -137451.7759
 BOND   =       527.4161  ANGLE   =      1526.6519  DIHED      =       996.2545
 UB     =         0.0000  IMP     =         0.0000  CMAP       =       146.2265
 1-4 NB =       650.1924  1-4 EEL =      5859.6026  VDWAALS    =     16235.6551
 EELEC  =   -163393.7749  EHBOND  =         0.0000  RESTRAINT  =         0.0000
 EKCMT  =         0.0000  VIRIAL  =         0.0000  VOLUME     =    334177.1476
                                                    Density    =         1.0310
 ------------------------------------------------------------------------------

wrapping first mol.:      -75.64336        0.00000        0.00000
wrapping first mol.:      -75.64336        0.00000        0.00000
wrapping first mol.:      -75.59788        0.00000        0.00000
wrapping first mol.:      -75.59788        0.00000        0.00000
wrapping first mol.:      -75.72551        0.00000        0.00000
wrapping first mol.:      -75.72551        0.00000        0.00000
wrapping first mol.:      -75.78471        0.00000        0.00000
wrapping first mol.:      -75.78471        0.00000        0.00000
wrapping first mol.:      -75.71472        0.00000        0.00000
wrapping first mol.:      -75.71472        0.00000        0.00000

 NSTEP =   575000   TIME(PS) =    2850.000  TEMP(K) =   300.64  PRESS =     0.0
 Etot   =   -117079.0560  EKtot   =     20564.8164  EPtot      =   -137643.8724
 BOND   =       550.2585  ANGLE   =      1485.1580  DIHED      =      1008.5104
 UB     =         0.0000  IMP     =         0.0000  CMAP       =       136.0409
 1-4 NB =       645.1311  1-4 EEL =      5865.1967  VDWAALS    =     16244.4080
 EELEC  =   -163578.5761  EHBOND  =         0.0000  RESTRAINT  =         0.0000
 EKCMT  =         0.0000  VIRIAL  =         0.0000  VOLUME     =    334132.7425
                                                    Density    =         1.0311
 ------------------------------------------------------------------------------

wrapping first mol.:      -75.74435        0.00000        0.00000
wrapping first mol.:      -75.74435        0.00000        0.00000
wrapping first mol.:      -75.67952        0.00000        0.00000
wrapping first mol.:      -75.67952        0.00000        0.00000
wrapping first mol.:      -75.74050        0.00000        0.00000
wrapping first mol.:      -75.74050        0.00000        0.00000
wrapping first mol.:      -75.72103        0.00000        0.00000
wrapping first mol.:      -75.72103        0.00000        0.00000
wrapping first mol.:      -75.65312        0.00000        0.00000
wrapping first mol.:      -75.65312        0.00000        0.00000

 NSTEP =   600000   TIME(PS) =    2900.000  TEMP(K) =   299.80  PRESS =     0.0
 Etot   =   -116823.5467  EKtot   =     20507.4980  EPtot      =   -137331.0448
 BOND   =       572.8944  ANGLE   =      1500.5800  DIHED      =      1003.5264
 UB     =         0.0000  IMP     =         0.0000  CMAP       =       136.6599
 1-4 NB =       657.5093  1-4 EEL =      5813.0853  VDWAALS    =     16165.2754
 EELEC  =   -163180.5755  EHBOND  =         0.0000  RESTRAINT  =         0.0000
 EKCMT  =         0.0000  VIRIAL  =         0.0000  VOLUME     =    333317.9317
                                                    Density    =         1.0336
 ------------------------------------------------------------------------------

wrapping first mol.:      -75.60064        0.00000        0.00000
wrapping first mol.:      -75.60064        0.00000        0.00000
wrapping first mol.:      -75.65492        0.00000        0.00000
wrapping first mol.:      -75.65492        0.00000        0.00000
wrapping first mol.:      -75.72624        0.00000        0.00000
wrapping first mol.:      -75.72624        0.00000        0.00000
wrapping first mol.:      -75.60218        0.00000        0.00000
wrapping first mol.:      -75.60218        0.00000        0.00000
wrapping first mol.:      -75.68924        0.00000        0.00000
wrapping first mol.:      -75.68924        0.00000        0.00000

 NSTEP =   625000   TIME(PS) =    2950.000  TEMP(K) =   300.85  PRESS =     0.0
 Etot   =   -117283.4744  EKtot   =     20578.7500  EPtot      =   -137862.2244
 BOND   =       592.1994  ANGLE   =      1515.3653  DIHED      =       991.8855
 UB     =         0.0000  IMP     =         0.0000  CMAP       =       149.1823
 1-4 NB =       644.3055  1-4 EEL =      5822.1516  VDWAALS    =     16725.2277
 EELEC  =   -164302.5417  EHBOND  =         0.0000  RESTRAINT  =         0.0000
 EKCMT  =         0.0000  VIRIAL  =         0.0000  VOLUME     =    333795.5068
                                                    Density    =         1.0322
 ------------------------------------------------------------------------------

wrapping first mol.:      -75.75186        0.00000        0.00000
wrapping first mol.:      -75.75186        0.00000        0.00000
wrapping first mol.:      -75.71493        0.00000        0.00000
wrapping first mol.:      -75.71493        0.00000        0.00000
wrapping first mol.:      -75.76772        0.00000        0.00000
wrapping first mol.:      -75.76772        0.00000        0.00000
wrapping first mol.:      -75.60979        0.00000        0.00000
wrapping first mol.:      -75.60979        0.00000        0.00000
wrapping first mol.:      -75.66225        0.00000        0.00000
wrapping first mol.:      -75.66225        0.00000        0.00000

 NSTEP =   650000   TIME(PS) =    3000.000  TEMP(K) =   298.30  PRESS =     0.0
 Etot   =   -116990.3133  EKtot   =     20404.7031  EPtot      =   -137395.0164
 BOND   =       555.5865  ANGLE   =      1479.6623  DIHED      =       987.7818
 UB     =         0.0000  IMP     =         0.0000  CMAP       =       146.1677
 1-4 NB =       671.5847  1-4 EEL =      5897.0551  VDWAALS    =     16294.4280
 EELEC  =   -163427.2824  EHBOND  =         0.0000  RESTRAINT  =         0.0000
 EKCMT  =         0.0000  VIRIAL  =         0.0000  VOLUME     =    333438.6454
                                                    Density    =         1.0333
 ------------------------------------------------------------------------------

wrapping first mol.:      -75.71638        0.00000        0.00000
wrapping first mol.:      -75.71638        0.00000        0.00000
wrapping first mol.:      -75.60636        0.00000        0.00000
wrapping first mol.:      -75.60636        0.00000        0.00000
wrapping first mol.:      -75.71637        0.00000        0.00000
wrapping first mol.:      -75.71637        0.00000        0.00000
wrapping first mol.:      -75.65154        0.00000        0.00000
wrapping first mol.:      -75.65154        0.00000        0.00000
wrapping first mol.:      -75.78527        0.00000        0.00000
wrapping first mol.:      -75.78527        0.00000        0.00000

 NSTEP =   675000   TIME(PS) =    3050.000  TEMP(K) =   300.71  PRESS =     0.0
 Etot   =   -116849.0709  EKtot   =     20569.1914  EPtot      =   -137418.2623
 BOND   =       585.1143  ANGLE   =      1525.1227  DIHED      =       982.5690
 UB     =         0.0000  IMP     =         0.0000  CMAP       =       139.8234
 1-4 NB =       639.5263  1-4 EEL =      5894.9871  VDWAALS    =     16467.2569
 EELEC  =   -163652.6620  EHBOND  =         0.0000  RESTRAINT  =         0.0000
 EKCMT  =         0.0000  VIRIAL  =         0.0000  VOLUME     =    335067.6179
                                                    Density    =         1.0282
 ------------------------------------------------------------------------------

wrapping first mol.:      -75.74649        0.00000        0.00000
wrapping first mol.:      -75.74649        0.00000        0.00000
wrapping first mol.:      -75.75705        0.00000        0.00000
wrapping first mol.:      -75.75705        0.00000        0.00000
wrapping first mol.:      -75.74927        0.00000        0.00000
wrapping first mol.:      -75.74927        0.00000        0.00000
wrapping first mol.:      -75.68988        0.00000        0.00000
wrapping first mol.:      -75.68988        0.00000        0.00000
wrapping first mol.:      -75.69948        0.00000        0.00000
wrapping first mol.:      -75.69948        0.00000        0.00000

 NSTEP =   700000   TIME(PS) =    3100.000  TEMP(K) =   301.71  PRESS =     0.0
 Etot   =   -116949.6744  EKtot   =     20637.6055  EPtot      =   -137587.2799
 BOND   =       560.2018  ANGLE   =      1523.5863  DIHED      =      1009.8767
 UB     =         0.0000  IMP     =         0.0000  CMAP       =       143.0433
 1-4 NB =       655.0090  1-4 EEL =      5860.6992  VDWAALS    =     16183.0442
 EELEC  =   -163522.7404  EHBOND  =         0.0000  RESTRAINT  =         0.0000
 EKCMT  =         0.0000  VIRIAL  =         0.0000  VOLUME     =    333931.0976
                                                    Density    =         1.0317
 ------------------------------------------------------------------------------

wrapping first mol.:      -75.72596        0.00000        0.00000
wrapping first mol.:      -75.72596        0.00000        0.00000
wrapping first mol.:      -75.66819        0.00000        0.00000
wrapping first mol.:      -75.66819        0.00000        0.00000
wrapping first mol.:      -75.68969        0.00000        0.00000
wrapping first mol.:      -75.68969        0.00000        0.00000
wrapping first mol.:      -75.70366        0.00000        0.00000
wrapping first mol.:      -75.70366        0.00000        0.00000
wrapping first mol.:      -75.68651        0.00000        0.00000
wrapping first mol.:      -75.68651        0.00000        0.00000

 NSTEP =   725000   TIME(PS) =    3150.000  TEMP(K) =   301.12  PRESS =     0.0
 Etot   =   -116736.7578  EKtot   =     20597.3750  EPtot      =   -137334.1328
 BOND   =       573.1453  ANGLE   =      1522.8181  DIHED      =      1013.3173
 UB     =         0.0000  IMP     =         0.0000  CMAP       =       148.1787
 1-4 NB =       650.3978  1-4 EEL =      5878.4303  VDWAALS    =     15952.7992
 EELEC  =   -163073.2194  EHBOND  =         0.0000  RESTRAINT  =         0.0000
 EKCMT  =         0.0000  VIRIAL  =         0.0000  VOLUME     =    333759.4736
                                                    Density    =         1.0323
 ------------------------------------------------------------------------------

wrapping first mol.:      -75.68781        0.00000        0.00000
wrapping first mol.:      -75.68781        0.00000        0.00000
wrapping first mol.:      -75.69630        0.00000        0.00000
wrapping first mol.:      -75.69630        0.00000        0.00000
wrapping first mol.:      -75.81887        0.00000        0.00000
wrapping first mol.:      -75.81887        0.00000        0.00000
wrapping first mol.:      -75.65954        0.00000        0.00000
wrapping first mol.:      -75.65954        0.00000        0.00000
wrapping first mol.:      -75.70576        0.00000        0.00000
wrapping first mol.:      -75.70576        0.00000        0.00000

 NSTEP =   750000   TIME(PS) =    3200.000  TEMP(K) =   298.53  PRESS =     0.0
 Etot   =   -116910.7624  EKtot   =     20420.0996  EPtot      =   -137330.8620
 BOND   =       559.8682  ANGLE   =      1577.3833  DIHED      =      1016.7559
 UB     =         0.0000  IMP     =         0.0000  CMAP       =       140.2455
 1-4 NB =       657.0199  1-4 EEL =      5775.8883  VDWAALS    =     16545.7490
 EELEC  =   -163603.7722  EHBOND  =         0.0000  RESTRAINT  =         0.0000
 EKCMT  =         0.0000  VIRIAL  =         0.0000  VOLUME     =    334014.1932
                                                    Density    =         1.0315
 ------------------------------------------------------------------------------

wrapping first mol.:      -75.63397        0.00000        0.00000
wrapping first mol.:      -75.63397        0.00000        0.00000
wrapping first mol.:      -75.66184        0.00000        0.00000
wrapping first mol.:      -75.66184        0.00000        0.00000
wrapping first mol.:      -75.77001        0.00000        0.00000
wrapping first mol.:      -75.77001        0.00000        0.00000
wrapping first mol.:      -75.60530        0.00000        0.00000
wrapping first mol.:      -75.60530        0.00000        0.00000
wrapping first mol.:      -75.70671        0.00000        0.00000
wrapping first mol.:      -75.70671        0.00000        0.00000

 NSTEP =   775000   TIME(PS) =    3250.000  TEMP(K) =   300.13  PRESS =     0.0
 Etot   =   -116986.3885  EKtot   =     20529.7168  EPtot      =   -137516.1053
 BOND   =       613.4635  ANGLE   =      1510.1273  DIHED      =       974.1725
 UB     =         0.0000  IMP     =         0.0000  CMAP       =       137.6064
 1-4 NB =       632.8404  1-4 EEL =      5790.1494  VDWAALS    =     16380.4817
 EELEC  =   -163554.9465  EHBOND  =         0.0000  RESTRAINT  =         0.0000
 EKCMT  =         0.0000  VIRIAL  =         0.0000  VOLUME     =    334026.7918
                                                    Density    =         1.0315
 ------------------------------------------------------------------------------

wrapping first mol.:      -75.80791        0.00000        0.00000
wrapping first mol.:      -75.80791        0.00000        0.00000
wrapping first mol.:      -75.67309        0.00000        0.00000
wrapping first mol.:      -75.67309        0.00000        0.00000
wrapping first mol.:      -75.70873        0.00000        0.00000
wrapping first mol.:      -75.70873        0.00000        0.00000
wrapping first mol.:      -75.69869        0.00000        0.00000
wrapping first mol.:      -75.69869        0.00000        0.00000
wrapping first mol.:      -75.76086        0.00000        0.00000
wrapping first mol.:      -75.76086        0.00000        0.00000

 NSTEP =   800000   TIME(PS) =    3300.000  TEMP(K) =   302.41  PRESS =     0.0
 Etot   =   -117129.8131  EKtot   =     20685.8965  EPtot      =   -137815.7096
 BOND   =       565.5346  ANGLE   =      1446.0747  DIHED      =       990.7713
 UB     =         0.0000  IMP     =         0.0000  CMAP       =       146.2043
 1-4 NB =       650.2655  1-4 EEL =      5846.9877  VDWAALS    =     16462.4259
 EELEC  =   -163923.9736  EHBOND  =         0.0000  RESTRAINT  =         0.0000
 EKCMT  =         0.0000  VIRIAL  =         0.0000  VOLUME     =    334743.9872
                                                    Density    =         1.0292
 ------------------------------------------------------------------------------

wrapping first mol.:      -75.63544        0.00000        0.00000
wrapping first mol.:      -75.63544        0.00000        0.00000
wrapping first mol.:      -75.70736        0.00000        0.00000
wrapping first mol.:      -75.70736        0.00000        0.00000
wrapping first mol.:      -75.63573        0.00000        0.00000
wrapping first mol.:      -75.63573        0.00000        0.00000
wrapping first mol.:      -75.70063        0.00000        0.00000
wrapping first mol.:      -75.70063        0.00000        0.00000
wrapping first mol.:      -75.58569        0.00000        0.00000
wrapping first mol.:      -75.58569        0.00000        0.00000

 NSTEP =   825000   TIME(PS) =    3350.000  TEMP(K) =   299.29  PRESS =     0.0
 Etot   =   -117266.9548  EKtot   =     20472.2812  EPtot      =   -137739.2361
 BOND   =       573.8460  ANGLE   =      1486.0333  DIHED      =       970.4587
 UB     =         0.0000  IMP     =         0.0000  CMAP       =       146.3247
 1-4 NB =       652.2085  1-4 EEL =      5868.2801  VDWAALS    =     16437.3942
 EELEC  =   -163873.7815  EHBOND  =         0.0000  RESTRAINT  =         0.0000
 EKCMT  =         0.0000  VIRIAL  =         0.0000  VOLUME     =    332427.4924
                                                    Density    =         1.0364
 ------------------------------------------------------------------------------

wrapping first mol.:      -75.68561        0.00000        0.00000
wrapping first mol.:      -75.68561        0.00000        0.00000
wrapping first mol.:      -75.62399        0.00000        0.00000
wrapping first mol.:      -75.62399        0.00000        0.00000
wrapping first mol.:      -75.59293        0.00000        0.00000
wrapping first mol.:      -75.59293        0.00000        0.00000
wrapping first mol.:      -75.61556        0.00000        0.00000
wrapping first mol.:      -75.61556        0.00000        0.00000
wrapping first mol.:      -75.71377        0.00000        0.00000
wrapping first mol.:      -75.71377        0.00000        0.00000

 NSTEP =   850000   TIME(PS) =    3400.000  TEMP(K) =   300.11  PRESS =     0.0
 Etot   =   -116967.3598  EKtot   =     20528.7539  EPtot      =   -137496.1137
 BOND   =       548.2150  ANGLE   =      1495.9835  DIHED      =      1009.9378
 UB     =         0.0000  IMP     =         0.0000  CMAP       =       135.6657
 1-4 NB =       637.1774  1-4 EEL =      5880.6809  VDWAALS    =     16600.4836
 EELEC  =   -163804.2577  EHBOND  =         0.0000  RESTRAINT  =         0.0000
 EKCMT  =         0.0000  VIRIAL  =         0.0000  VOLUME     =    334120.2036
                                                    Density    =         1.0312
 ------------------------------------------------------------------------------

wrapping first mol.:      -75.72664        0.00000        0.00000
wrapping first mol.:      -75.72664        0.00000        0.00000
wrapping first mol.:      -75.66793        0.00000        0.00000
wrapping first mol.:      -75.66793        0.00000        0.00000
wrapping first mol.:      -75.81530        0.00000        0.00000
wrapping first mol.:      -75.81530        0.00000        0.00000
wrapping first mol.:      -75.63136        0.00000        0.00000
wrapping first mol.:      -75.63136        0.00000        0.00000
wrapping first mol.:      -75.59951        0.00000        0.00000
wrapping first mol.:      -75.59951        0.00000        0.00000

 NSTEP =   875000   TIME(PS) =    3450.000  TEMP(K) =   302.12  PRESS =     0.0
 Etot   =   -116616.1954  EKtot   =     20666.2832  EPtot      =   -137282.4786
 BOND   =       559.6463  ANGLE   =      1511.1552  DIHED      =       966.8077
 UB     =         0.0000  IMP     =         0.0000  CMAP       =       145.2096
 1-4 NB =       636.0923  1-4 EEL =      5854.7372  VDWAALS    =     16145.5562
 EELEC  =   -163101.6830  EHBOND  =         0.0000  RESTRAINT  =         0.0000
 EKCMT  =         0.0000  VIRIAL  =         0.0000  VOLUME     =    332609.8666
                                                    Density    =         1.0358
 ------------------------------------------------------------------------------

wrapping first mol.:      -75.59688        0.00000        0.00000
wrapping first mol.:      -75.59688        0.00000        0.00000
wrapping first mol.:      -75.73928        0.00000        0.00000
wrapping first mol.:      -75.73928        0.00000        0.00000
wrapping first mol.:      -75.67482        0.00000        0.00000
wrapping first mol.:      -75.67482        0.00000        0.00000
wrapping first mol.:      -75.65961        0.00000        0.00000
wrapping first mol.:      -75.65961        0.00000        0.00000
wrapping first mol.:      -75.66014        0.00000        0.00000
wrapping first mol.:      -75.66014        0.00000        0.00000

 NSTEP =   900000   TIME(PS) =    3500.000  TEMP(K) =   302.15  PRESS =     0.0
 Etot   =   -117001.5186  EKtot   =     20667.8809  EPtot      =   -137669.3995
 BOND   =       592.7989  ANGLE   =      1556.5649  DIHED      =       984.6648
 UB     =         0.0000  IMP     =         0.0000  CMAP       =       135.7366
 1-4 NB =       649.9976  1-4 EEL =      5814.5761  VDWAALS    =     16475.6984
 EELEC  =   -163879.4369  EHBOND  =         0.0000  RESTRAINT  =         0.0000
 EKCMT  =         0.0000  VIRIAL  =         0.0000  VOLUME     =    333410.7144
                                                    Density    =         1.0334
 ------------------------------------------------------------------------------

wrapping first mol.:      -75.74004        0.00000        0.00000
wrapping first mol.:      -75.74004        0.00000        0.00000
wrapping first mol.:      -75.63818        0.00000        0.00000
wrapping first mol.:      -75.63818        0.00000        0.00000
wrapping first mol.:      -75.73503        0.00000        0.00000
wrapping first mol.:      -75.73503        0.00000        0.00000
wrapping first mol.:      -75.59983        0.00000        0.00000
wrapping first mol.:      -75.59983        0.00000        0.00000
wrapping first mol.:      -75.55801        0.00000        0.00000
wrapping first mol.:      -75.55801        0.00000        0.00000

 NSTEP =   925000   TIME(PS) =    3550.000  TEMP(K) =   298.42  PRESS =     0.0
 Etot   =   -117152.7485  EKtot   =     20412.7871  EPtot      =   -137565.5356
 BOND   =       536.7858  ANGLE   =      1496.6848  DIHED      =       984.1313
 UB     =         0.0000  IMP     =         0.0000  CMAP       =       150.9683
 1-4 NB =       643.1801  1-4 EEL =      5849.6037  VDWAALS    =     16399.1952
 EELEC  =   -163626.0848  EHBOND  =         0.0000  RESTRAINT  =         0.0000
 EKCMT  =         0.0000  VIRIAL  =         0.0000  VOLUME     =    332062.4235
                                                    Density    =         1.0376
 ------------------------------------------------------------------------------

wrapping first mol.:      -75.76094        0.00000        0.00000
wrapping first mol.:      -75.76094        0.00000        0.00000
wrapping first mol.:      -75.71170        0.00000        0.00000
wrapping first mol.:      -75.71170        0.00000        0.00000
wrapping first mol.:      -75.76064        0.00000        0.00000
wrapping first mol.:      -75.76064        0.00000        0.00000
wrapping first mol.:      -75.69469        0.00000        0.00000
wrapping first mol.:      -75.69469        0.00000        0.00000
wrapping first mol.:      -75.73010        0.00000        0.00000
wrapping first mol.:      -75.73010        0.00000        0.00000

 NSTEP =   950000   TIME(PS) =    3600.000  TEMP(K) =   301.22  PRESS =     0.0
 Etot   =   -116909.3096  EKtot   =     20604.1445  EPtot      =   -137513.4541
 BOND   =       560.6228  ANGLE   =      1516.4844  DIHED      =       989.9668
 UB     =         0.0000  IMP     =         0.0000  CMAP       =       155.9122
 1-4 NB =       641.9548  1-4 EEL =      5854.9477  VDWAALS    =     16341.5005
 EELEC  =   -163574.8432  EHBOND  =         0.0000  RESTRAINT  =         0.0000
 EKCMT  =         0.0000  VIRIAL  =         0.0000  VOLUME     =    334336.4464
                                                    Density    =         1.0305
 ------------------------------------------------------------------------------

wrapping first mol.:      -75.80060        0.00000        0.00000
wrapping first mol.:      -75.80060        0.00000        0.00000
wrapping first mol.:      -75.74472        0.00000        0.00000
wrapping first mol.:      -75.74472        0.00000        0.00000
wrapping first mol.:      -75.63351        0.00000        0.00000
wrapping first mol.:      -75.63351        0.00000        0.00000
wrapping first mol.:      -75.67133        0.00000        0.00000
wrapping first mol.:      -75.67133        0.00000        0.00000
wrapping first mol.:      -75.73772        0.00000        0.00000
wrapping first mol.:      -75.73772        0.00000        0.00000

 NSTEP =   975000   TIME(PS) =    3650.000  TEMP(K) =   297.69  PRESS =     0.0
 Etot   =   -117080.8142  EKtot   =     20362.6621  EPtot      =   -137443.4763
 BOND   =       565.9238  ANGLE   =      1536.9175  DIHED      =       987.5255
 UB     =         0.0000  IMP     =         0.0000  CMAP       =       151.2149
 1-4 NB =       631.6974  1-4 EEL =      5840.5486  VDWAALS    =     16146.8561
 EELEC  =   -163304.1601  EHBOND  =         0.0000  RESTRAINT  =         0.0000
 EKCMT  =         0.0000  VIRIAL  =         0.0000  VOLUME     =    334437.3662
                                                    Density    =         1.0302
 ------------------------------------------------------------------------------

wrapping first mol.:      -75.71764        0.00000        0.00000
wrapping first mol.:      -75.71764        0.00000        0.00000
wrapping first mol.:      -75.72711        0.00000        0.00000
wrapping first mol.:      -75.72711        0.00000        0.00000
wrapping first mol.:      -75.76513        0.00000        0.00000
wrapping first mol.:      -75.76513        0.00000        0.00000
wrapping first mol.:      -75.71327        0.00000        0.00000
wrapping first mol.:      -75.71327        0.00000        0.00000
wrapping first mol.:      -75.71165        0.00000        0.00000
wrapping first mol.:      -75.71165        0.00000        0.00000

 NSTEP =  1000000   TIME(PS) =    3700.000  TEMP(K) =   299.85  PRESS =     0.0
 Etot   =   -117020.8349  EKtot   =     20510.3379  EPtot      =   -137531.1727
 BOND   =       585.1503  ANGLE   =      1481.8964  DIHED      =      1006.1659
 UB     =         0.0000  IMP     =         0.0000  CMAP       =       142.7745
 1-4 NB =       650.3431  1-4 EEL =      5839.4500  VDWAALS    =     16008.6635
 EELEC  =   -163245.6164  EHBOND  =         0.0000  RESTRAINT  =         0.0000
 EKCMT  =         0.0000  VIRIAL  =         0.0000  VOLUME     =    334092.2033
                                                    Density    =         1.0312
 ------------------------------------------------------------------------------

wrapping first mol.:      -75.70489        0.00000        0.00000
wrapping first mol.:      -75.70489        0.00000        0.00000
wrapping first mol.:      -75.82009        0.00000        0.00000
wrapping first mol.:      -75.82009        0.00000        0.00000
wrapping first mol.:      -75.70632        0.00000        0.00000
wrapping first mol.:      -75.70632        0.00000        0.00000
wrapping first mol.:      -75.66897        0.00000        0.00000
wrapping first mol.:      -75.66897        0.00000        0.00000
wrapping first mol.:      -75.67532        0.00000        0.00000
wrapping first mol.:      -75.67532        0.00000        0.00000

 NSTEP =  1025000   TIME(PS) =    3750.000  TEMP(K) =   297.90  PRESS =     0.0
 Etot   =   -117365.5102  EKtot   =     20377.0469  EPtot      =   -137742.5571
 BOND   =       595.4123  ANGLE   =      1490.8298  DIHED      =       983.2098
 UB     =         0.0000  IMP     =         0.0000  CMAP       =       140.3239
 1-4 NB =       630.3977  1-4 EEL =      5852.5606  VDWAALS    =     16463.1484
 EELEC  =   -163898.4396  EHBOND  =         0.0000  RESTRAINT  =         0.0000
 EKCMT  =         0.0000  VIRIAL  =         0.0000  VOLUME     =    333611.4115
                                                    Density    =         1.0327
 ------------------------------------------------------------------------------

wrapping first mol.:      -75.76114        0.00000        0.00000
wrapping first mol.:      -75.76114        0.00000        0.00000
wrapping first mol.:      -75.76113        0.00000        0.00000
wrapping first mol.:      -75.76113        0.00000        0.00000
wrapping first mol.:      -75.72704        0.00000        0.00000
wrapping first mol.:      -75.72704        0.00000        0.00000
wrapping first mol.:      -75.72731        0.00000        0.00000
wrapping first mol.:      -75.72731        0.00000        0.00000
wrapping first mol.:      -75.67803        0.00000        0.00000
wrapping first mol.:      -75.67803        0.00000        0.00000

 NSTEP =  1050000   TIME(PS) =    3800.000  TEMP(K) =   297.88  PRESS =     0.0
 Etot   =   -117249.5310  EKtot   =     20375.7246  EPtot      =   -137625.2556
 BOND   =       541.2551  ANGLE   =      1500.9649  DIHED      =      1004.7670
 UB     =         0.0000  IMP     =         0.0000  CMAP       =       146.4628
 1-4 NB =       635.0542  1-4 EEL =      5855.1083  VDWAALS    =     16589.0366
 EELEC  =   -163897.9045  EHBOND  =         0.0000  RESTRAINT  =         0.0000
 EKCMT  =         0.0000  VIRIAL  =         0.0000  VOLUME     =    333647.2225
                                                    Density    =         1.0326
 ------------------------------------------------------------------------------

wrapping first mol.:      -75.62812        0.00000        0.00000
wrapping first mol.:      -75.62812        0.00000        0.00000
wrapping first mol.:      -75.62485        0.00000        0.00000
wrapping first mol.:      -75.62485        0.00000        0.00000
wrapping first mol.:      -75.68201        0.00000        0.00000
wrapping first mol.:      -75.68201        0.00000        0.00000
wrapping first mol.:      -75.80165        0.00000        0.00000
wrapping first mol.:      -75.80165        0.00000        0.00000
wrapping first mol.:      -75.68591        0.00000        0.00000
wrapping first mol.:      -75.68591        0.00000        0.00000

 NSTEP =  1075000   TIME(PS) =    3850.000  TEMP(K) =   300.19  PRESS =     0.0
 Etot   =   -116953.9244  EKtot   =     20533.9102  EPtot      =   -137487.8346
 BOND   =       568.5033  ANGLE   =      1484.8401  DIHED      =       986.7886
 UB     =         0.0000  IMP     =         0.0000  CMAP       =       144.6611
 1-4 NB =       643.9091  1-4 EEL =      5882.3894  VDWAALS    =     16639.3844
 EELEC  =   -163838.3105  EHBOND  =         0.0000  RESTRAINT  =         0.0000
 EKCMT  =         0.0000  VIRIAL  =         0.0000  VOLUME     =    333751.5602
                                                    Density    =         1.0323
 ------------------------------------------------------------------------------

wrapping first mol.:      -75.67522        0.00000        0.00000
wrapping first mol.:      -75.67522        0.00000        0.00000
wrapping first mol.:      -75.66901        0.00000        0.00000
wrapping first mol.:      -75.66901        0.00000        0.00000
wrapping first mol.:      -75.82381        0.00000        0.00000
wrapping first mol.:      -75.82381        0.00000        0.00000
wrapping first mol.:      -75.65841        0.00000        0.00000
wrapping first mol.:      -75.65841        0.00000        0.00000
wrapping first mol.:      -75.72941        0.00000        0.00000
wrapping first mol.:      -75.72941        0.00000        0.00000

 NSTEP =  1100000   TIME(PS) =    3900.000  TEMP(K) =   302.28  PRESS =     0.0
 Etot   =   -117004.6615  EKtot   =     20676.7266  EPtot      =   -137681.3880
 BOND   =       568.0967  ANGLE   =      1516.0703  DIHED      =       982.0114
 UB     =         0.0000  IMP     =         0.0000  CMAP       =       142.0054
 1-4 NB =       635.7828  1-4 EEL =      5873.5985  VDWAALS    =     16422.3073
 EELEC  =   -163821.2605  EHBOND  =         0.0000  RESTRAINT  =         0.0000
 EKCMT  =         0.0000  VIRIAL  =         0.0000  VOLUME     =    334327.2771
                                                    Density    =         1.0305
 ------------------------------------------------------------------------------

wrapping first mol.:      -75.67173        0.00000        0.00000
wrapping first mol.:      -75.67173        0.00000        0.00000
wrapping first mol.:      -75.64962        0.00000        0.00000
wrapping first mol.:      -75.64962        0.00000        0.00000
wrapping first mol.:      -75.63359        0.00000        0.00000
wrapping first mol.:      -75.63359        0.00000        0.00000
wrapping first mol.:      -75.71214        0.00000        0.00000
wrapping first mol.:      -75.71214        0.00000        0.00000
wrapping first mol.:      -75.67053        0.00000        0.00000
wrapping first mol.:      -75.67053        0.00000        0.00000

 NSTEP =  1125000   TIME(PS) =    3950.000  TEMP(K) =   299.54  PRESS =     0.0
 Etot   =   -117139.5389  EKtot   =     20489.6035  EPtot      =   -137629.1424
 BOND   =       589.4401  ANGLE   =      1516.2272  DIHED      =       991.4808
 UB     =         0.0000  IMP     =         0.0000  CMAP       =       155.7699
 1-4 NB =       648.7410  1-4 EEL =      5879.9563  VDWAALS    =     16305.2802
 EELEC  =   -163716.0378  EHBOND  =         0.0000  RESTRAINT  =         0.0000
 EKCMT  =         0.0000  VIRIAL  =         0.0000  VOLUME     =    333548.0548
                                                    Density    =         1.0329
 ------------------------------------------------------------------------------

wrapping first mol.:      -75.54907        0.00000        0.00000
wrapping first mol.:      -75.54907        0.00000        0.00000
wrapping first mol.:      -75.77366        0.00000        0.00000
wrapping first mol.:      -75.77366        0.00000        0.00000
wrapping first mol.:      -75.72680        0.00000        0.00000
wrapping first mol.:      -75.72680        0.00000        0.00000
wrapping first mol.:      -75.78511        0.00000        0.00000
wrapping first mol.:      -75.78511        0.00000        0.00000
wrapping first mol.:      -75.74450        0.00000        0.00000
wrapping first mol.:      -75.74450        0.00000        0.00000

 NSTEP =  1150000   TIME(PS) =    4000.000  TEMP(K) =   298.51  PRESS =     0.0
 Etot   =   -117069.1670  EKtot   =     20419.3066  EPtot      =   -137488.4736
 BOND   =       566.4347  ANGLE   =      1529.3019  DIHED      =       963.8243
 UB     =         0.0000  IMP     =         0.0000  CMAP       =       138.9017
 1-4 NB =       648.8870  1-4 EEL =      5851.8520  VDWAALS    =     16313.2253
 EELEC  =   -163500.9004  EHBOND  =         0.0000  RESTRAINT  =         0.0000
 EKCMT  =         0.0000  VIRIAL  =         0.0000  VOLUME     =    334527.2148
                                                    Density    =         1.0299
 ------------------------------------------------------------------------------

wrapping first mol.:      -75.68252        0.00000        0.00000
wrapping first mol.:      -75.68252        0.00000        0.00000
wrapping first mol.:      -75.76438        0.00000        0.00000
wrapping first mol.:      -75.76438        0.00000        0.00000
wrapping first mol.:      -75.69440        0.00000        0.00000
wrapping first mol.:      -75.69440        0.00000        0.00000
wrapping first mol.:      -75.72305        0.00000        0.00000
wrapping first mol.:      -75.72305        0.00000        0.00000
wrapping first mol.:      -75.63540        0.00000        0.00000
wrapping first mol.:      -75.63540        0.00000        0.00000

 NSTEP =  1175000   TIME(PS) =    4050.000  TEMP(K) =   297.01  PRESS =     0.0
 Etot   =   -117441.2239  EKtot   =     20316.1953  EPtot      =   -137757.4192
 BOND   =       540.6287  ANGLE   =      1534.4171  DIHED      =       964.4446
 UB     =         0.0000  IMP     =         0.0000  CMAP       =       142.0658
 1-4 NB =       631.5473  1-4 EEL =      5850.1364  VDWAALS    =     16593.0654
 EELEC  =   -164013.7244  EHBOND  =         0.0000  RESTRAINT  =         0.0000
 EKCMT  =         0.0000  VIRIAL  =         0.0000  VOLUME     =    333083.7183
                                                    Density    =         1.0344
 ------------------------------------------------------------------------------

wrapping first mol.:      -75.57988        0.00000        0.00000
wrapping first mol.:      -75.57988        0.00000        0.00000
wrapping first mol.:      -75.68386        0.00000        0.00000
wrapping first mol.:      -75.68386        0.00000        0.00000
wrapping first mol.:      -75.61859        0.00000        0.00000
wrapping first mol.:      -75.61859        0.00000        0.00000
wrapping first mol.:      -75.72225        0.00000        0.00000
wrapping first mol.:      -75.72225        0.00000        0.00000
wrapping first mol.:      -75.64988        0.00000        0.00000
wrapping first mol.:      -75.64988        0.00000        0.00000

 NSTEP =  1200000   TIME(PS) =    4100.000  TEMP(K) =   301.41  PRESS =     0.0
 Etot   =   -117084.7908  EKtot   =     20617.7070  EPtot      =   -137702.4979
 BOND   =       547.1635  ANGLE   =      1499.5803  DIHED      =       986.4323
 UB     =         0.0000  IMP     =         0.0000  CMAP       =       136.7779
 1-4 NB =       652.6674  1-4 EEL =      5801.6055  VDWAALS    =     16322.9625
 EELEC  =   -163649.6872  EHBOND  =         0.0000  RESTRAINT  =         0.0000
 EKCMT  =         0.0000  VIRIAL  =         0.0000  VOLUME     =    333275.1583
                                                    Density    =         1.0338
 ------------------------------------------------------------------------------

wrapping first mol.:      -75.71222        0.00000        0.00000
wrapping first mol.:      -75.71222        0.00000        0.00000
wrapping first mol.:      -75.76028        0.00000        0.00000
wrapping first mol.:      -75.76028        0.00000        0.00000
wrapping first mol.:      -75.75228        0.00000        0.00000
wrapping first mol.:      -75.75228        0.00000        0.00000
wrapping first mol.:      -75.74426        0.00000        0.00000
wrapping first mol.:      -75.74426        0.00000        0.00000
wrapping first mol.:      -75.81027        0.00000        0.00000
wrapping first mol.:      -75.81027        0.00000        0.00000

 NSTEP =  1225000   TIME(PS) =    4150.000  TEMP(K) =   300.68  PRESS =     0.0
 Etot   =   -116715.3068  EKtot   =     20567.6211  EPtot      =   -137282.9279
 BOND   =       555.9086  ANGLE   =      1548.7845  DIHED      =       966.1107
 UB     =         0.0000  IMP     =         0.0000  CMAP       =       146.1462
 1-4 NB =       626.4288  1-4 EEL =      5869.9081  VDWAALS    =     16202.5274
 EELEC  =   -163198.7421  EHBOND  =         0.0000  RESTRAINT  =         0.0000
 EKCMT  =         0.0000  VIRIAL  =         0.0000  VOLUME     =    335399.3976
                                                    Density    =         1.0272
 ------------------------------------------------------------------------------

wrapping first mol.:      -75.69777        0.00000        0.00000
wrapping first mol.:      -75.69777        0.00000        0.00000
wrapping first mol.:      -75.75119        0.00000        0.00000
wrapping first mol.:      -75.75119        0.00000        0.00000
wrapping first mol.:      -75.68112        0.00000        0.00000
wrapping first mol.:      -75.68112        0.00000        0.00000
wrapping first mol.:      -75.69624        0.00000        0.00000
wrapping first mol.:      -75.69624        0.00000        0.00000
wrapping first mol.:      -75.68820        0.00000        0.00000
wrapping first mol.:      -75.68820        0.00000        0.00000

 NSTEP =  1250000   TIME(PS) =    4200.000  TEMP(K) =   298.49  PRESS =     0.0
 Etot   =   -116977.2959  EKtot   =     20417.6562  EPtot      =   -137394.9521
 BOND   =       595.9207  ANGLE   =      1489.1848  DIHED      =       982.9039
 UB     =         0.0000  IMP     =         0.0000  CMAP       =       133.7911
 1-4 NB =       641.7488  1-4 EEL =      5875.4843  VDWAALS    =     16462.3360
 EELEC  =   -163576.3217  EHBOND  =         0.0000  RESTRAINT  =         0.0000
 EKCMT  =         0.0000  VIRIAL  =         0.0000  VOLUME     =    333781.8407
                                                    Density    =         1.0322
 ------------------------------------------------------------------------------

wrapping first mol.:      -75.76756        0.00000        0.00000
wrapping first mol.:      -75.76756        0.00000        0.00000
wrapping first mol.:      -75.69010        0.00000        0.00000
wrapping first mol.:      -75.69010        0.00000        0.00000
wrapping first mol.:      -75.75845        0.00000        0.00000
wrapping first mol.:      -75.75845        0.00000        0.00000
wrapping first mol.:      -75.67169        0.00000        0.00000
wrapping first mol.:      -75.67169        0.00000        0.00000
wrapping first mol.:      -75.60832        0.00000        0.00000
wrapping first mol.:      -75.60832        0.00000        0.00000

 NSTEP =  1275000   TIME(PS) =    4250.000  TEMP(K) =   299.35  PRESS =     0.0
 Etot   =   -117326.9749  EKtot   =     20476.7891  EPtot      =   -137803.7640
 BOND   =       560.8734  ANGLE   =      1485.9424  DIHED      =      1007.2486
 UB     =         0.0000  IMP     =         0.0000  CMAP       =       142.5432
 1-4 NB =       637.4530  1-4 EEL =      5850.5840  VDWAALS    =     16230.4876
 EELEC  =   -163718.8962  EHBOND  =         0.0000  RESTRAINT  =         0.0000
 EKCMT  =         0.0000  VIRIAL  =         0.0000  VOLUME     =    332726.1124
                                                    Density    =         1.0355
 ------------------------------------------------------------------------------

wrapping first mol.:      -75.69959        0.00000        0.00000
wrapping first mol.:      -75.69959        0.00000        0.00000
wrapping first mol.:      -75.71715        0.00000        0.00000
wrapping first mol.:      -75.71715        0.00000        0.00000
wrapping first mol.:      -75.71389        0.00000        0.00000
wrapping first mol.:      -75.71389        0.00000        0.00000
wrapping first mol.:      -75.72166        0.00000        0.00000
wrapping first mol.:      -75.72166        0.00000        0.00000
wrapping first mol.:      -75.72595        0.00000        0.00000
wrapping first mol.:      -75.72595        0.00000        0.00000

 NSTEP =  1300000   TIME(PS) =    4300.000  TEMP(K) =   303.61  PRESS =     0.0
 Etot   =   -116751.0495  EKtot   =     20767.9570  EPtot      =   -137519.0065
 BOND   =       574.0032  ANGLE   =      1462.6467  DIHED      =       964.5104
 UB     =         0.0000  IMP     =         0.0000  CMAP       =       144.5482
 1-4 NB =       613.5758  1-4 EEL =      5821.1201  VDWAALS    =     16637.3150
 EELEC  =   -163736.7259  EHBOND  =         0.0000  RESTRAINT  =         0.0000
 EKCMT  =         0.0000  VIRIAL  =         0.0000  VOLUME     =    334281.5356
                                                    Density    =         1.0307
 ------------------------------------------------------------------------------

wrapping first mol.:      -75.70180        0.00000        0.00000
wrapping first mol.:      -75.70180        0.00000        0.00000
wrapping first mol.:      -75.70190        0.00000        0.00000
wrapping first mol.:      -75.70190        0.00000        0.00000
wrapping first mol.:      -75.68335        0.00000        0.00000
wrapping first mol.:      -75.68335        0.00000        0.00000
wrapping first mol.:      -75.61587        0.00000        0.00000
wrapping first mol.:      -75.61587        0.00000        0.00000
wrapping first mol.:      -75.67237        0.00000        0.00000
wrapping first mol.:      -75.67237        0.00000        0.00000

 NSTEP =  1325000   TIME(PS) =    4350.000  TEMP(K) =   299.46  PRESS =     0.0
 Etot   =   -117125.5421  EKtot   =     20484.2324  EPtot      =   -137609.7745
 BOND   =       570.5083  ANGLE   =      1531.2098  DIHED      =       982.0769
 UB     =         0.0000  IMP     =         0.0000  CMAP       =       143.7560
 1-4 NB =       637.9602  1-4 EEL =      5821.1955  VDWAALS    =     16293.7504
 EELEC  =   -163590.2316  EHBOND  =         0.0000  RESTRAINT  =         0.0000
 EKCMT  =         0.0000  VIRIAL  =         0.0000  VOLUME     =    333572.4613
                                                    Density    =         1.0329
 ------------------------------------------------------------------------------

wrapping first mol.:      -75.67554        0.00000        0.00000
wrapping first mol.:      -75.67554        0.00000        0.00000
wrapping first mol.:      -75.71210        0.00000        0.00000
wrapping first mol.:      -75.71210        0.00000        0.00000
wrapping first mol.:      -75.63028        0.00000        0.00000
wrapping first mol.:      -75.63028        0.00000        0.00000
wrapping first mol.:      -75.60455        0.00000        0.00000
wrapping first mol.:      -75.60455        0.00000        0.00000

 NSTEP =  1350000   TIME(PS) =    4400.000  TEMP(K) =   301.04  PRESS =     0.0
 Etot   =   -117064.3299  EKtot   =     20592.2520  EPtot      =   -137656.5819
 BOND   =       554.3248  ANGLE   =      1581.1612  DIHED      =       984.7500
 UB     =         0.0000  IMP     =         0.0000  CMAP       =       132.2641
 1-4 NB =       628.5570  1-4 EEL =      5861.9290  VDWAALS    =     16192.6420
 EELEC  =   -163592.2100  EHBOND  =         0.0000  RESTRAINT  =         0.0000
 EKCMT  =         0.0000  VIRIAL  =         0.0000  VOLUME     =    332676.3031
                                                    Density    =         1.0356
 ------------------------------------------------------------------------------


 NSTEP =  1375000   TIME(PS) =    4450.000  TEMP(K) =   296.77  PRESS =     0.0
 Etot   =   -117133.4179  EKtot   =     20300.0879  EPtot      =   -137433.5058
 BOND   =       559.4231  ANGLE   =      1549.2763  DIHED      =      1001.9594
 UB     =         0.0000  IMP     =         0.0000  CMAP       =       136.9316
 1-4 NB =       662.2898  1-4 EEL =      5814.6135  VDWAALS    =     16209.1111
 EELEC  =   -163367.1106  EHBOND  =         0.0000  RESTRAINT  =         0.0000
 EKCMT  =         0.0000  VIRIAL  =         0.0000  VOLUME     =    333217.0669
                                                    Density    =         1.0340
 ------------------------------------------------------------------------------

wrapping first mol.:      -75.66557        0.00000        0.00000
wrapping first mol.:      -75.66557        0.00000        0.00000

 NSTEP =  1400000   TIME(PS) =    4500.000  TEMP(K) =   302.66  PRESS =     0.0
 Etot   =   -116892.7449  EKtot   =     20702.7637  EPtot      =   -137595.5085
 BOND   =       571.6422  ANGLE   =      1516.4342  DIHED      =       958.2773
 UB     =         0.0000  IMP     =         0.0000  CMAP       =       151.8880
 1-4 NB =       641.5455  1-4 EEL =      5803.7892  VDWAALS    =     16173.4990
 EELEC  =   -163412.5840  EHBOND  =         0.0000  RESTRAINT  =         0.0000
 EKCMT  =         0.0000  VIRIAL  =         0.0000  VOLUME     =    333268.3764
                                                    Density    =         1.0338
 ------------------------------------------------------------------------------


 NSTEP =  1425000   TIME(PS) =    4550.000  TEMP(K) =   301.80  PRESS =     0.0
 Etot   =   -116561.9280  EKtot   =     20643.7266  EPtot      =   -137205.6546
 BOND   =       623.8461  ANGLE   =      1512.2432  DIHED      =       979.0374
 UB     =         0.0000  IMP     =         0.0000  CMAP       =       134.7716
 1-4 NB =       631.3330  1-4 EEL =      5814.3996  VDWAALS    =     16340.4184
 EELEC  =   -163241.7038  EHBOND  =         0.0000  RESTRAINT  =         0.0000
 EKCMT  =         0.0000  VIRIAL  =         0.0000  VOLUME     =    334506.5587
                                                    Density    =         1.0300
 ------------------------------------------------------------------------------


 NSTEP =  1450000   TIME(PS) =    4600.000  TEMP(K) =   299.54  PRESS =     0.0
 Etot   =   -116904.0015  EKtot   =     20489.1484  EPtot      =   -137393.1499
 BOND   =       592.0825  ANGLE   =      1473.6348  DIHED      =       980.3840
 UB     =         0.0000  IMP     =         0.0000  CMAP       =       143.8914
 1-4 NB =       651.7947  1-4 EEL =      5819.2190  VDWAALS    =     16146.4041
 EELEC  =   -163200.5605  EHBOND  =         0.0000  RESTRAINT  =         0.0000
 EKCMT  =         0.0000  VIRIAL  =         0.0000  VOLUME     =    333847.0105
                                                    Density    =         1.0320
 ------------------------------------------------------------------------------


 NSTEP =  1475000   TIME(PS) =    4650.000  TEMP(K) =   303.03  PRESS =     0.0
 Etot   =   -116848.3269  EKtot   =     20728.0020  EPtot      =   -137576.3288
 BOND   =       558.9033  ANGLE   =      1535.7322  DIHED      =       977.0948
 UB     =         0.0000  IMP     =         0.0000  CMAP       =       147.9802
 1-4 NB =       646.4380  1-4 EEL =      5836.9698  VDWAALS    =     16143.3456
 EELEC  =   -163422.7928  EHBOND  =         0.0000  RESTRAINT  =         0.0000
 EKCMT  =         0.0000  VIRIAL  =         0.0000  VOLUME     =    334897.1797
                                                    Density    =         1.0288
 ------------------------------------------------------------------------------


 NSTEP =  1500000   TIME(PS) =    4700.000  TEMP(K) =   301.52  PRESS =     0.0
 Etot   =   -116997.6415  EKtot   =     20624.9727  EPtot      =   -137622.6141
 BOND   =       547.1280  ANGLE   =      1532.6064  DIHED      =       956.7393
 UB     =         0.0000  IMP     =         0.0000  CMAP       =       136.9550
 1-4 NB =       652.5593  1-4 EEL =      5859.7408  VDWAALS    =     16470.6818
 EELEC  =   -163779.0248  EHBOND  =         0.0000  RESTRAINT  =         0.0000
 EKCMT  =         0.0000  VIRIAL  =         0.0000  VOLUME     =    333198.3684
                                                    Density    =         1.0340
 ------------------------------------------------------------------------------


 NSTEP =  1525000   TIME(PS) =    4750.000  TEMP(K) =   300.92  PRESS =     0.0
 Etot   =   -116839.6885  EKtot   =     20583.7461  EPtot      =   -137423.4346
 BOND   =       537.4385  ANGLE   =      1535.1731  DIHED      =       995.6752
 UB     =         0.0000  IMP     =         0.0000  CMAP       =       135.7256
 1-4 NB =       645.7131  1-4 EEL =      5749.4575  VDWAALS    =     16196.3677
 EELEC  =   -163218.9853  EHBOND  =         0.0000  RESTRAINT  =         0.0000
 EKCMT  =         0.0000  VIRIAL  =         0.0000  VOLUME     =    333802.9676
                                                    Density    =         1.0321
 ------------------------------------------------------------------------------


 NSTEP =  1550000   TIME(PS) =    4800.000  TEMP(K) =   298.48  PRESS =     0.0
 Etot   =   -117195.5325  EKtot   =     20417.0137  EPtot      =   -137612.5462
 BOND   =       533.2986  ANGLE   =      1598.1529  DIHED      =      1010.4415
 UB     =         0.0000  IMP     =         0.0000  CMAP       =       138.7976
 1-4 NB =       631.5352  1-4 EEL =      5773.4364  VDWAALS    =     16186.8489
 EELEC  =   -163485.0572  EHBOND  =         0.0000  RESTRAINT  =         0.0000
 EKCMT  =         0.0000  VIRIAL  =         0.0000  VOLUME     =    334382.3013
                                                    Density    =         1.0304
 ------------------------------------------------------------------------------


 NSTEP =  1575000   TIME(PS) =    4850.000  TEMP(K) =   301.62  PRESS =     0.0
 Etot   =   -117127.3503  EKtot   =     20631.8047  EPtot      =   -137759.1550
 BOND   =       571.7942  ANGLE   =      1503.5603  DIHED      =       985.1753
 UB     =         0.0000  IMP     =         0.0000  CMAP       =       146.4392
 1-4 NB =       650.9020  1-4 EEL =      5833.1974  VDWAALS    =     16434.3064
 EELEC  =   -163884.5299  EHBOND  =         0.0000  RESTRAINT  =         0.0000
 EKCMT  =         0.0000  VIRIAL  =         0.0000  VOLUME     =    332998.8645
                                                    Density    =         1.0346
 ------------------------------------------------------------------------------


 NSTEP =  1600000   TIME(PS) =    4900.000  TEMP(K) =   301.03  PRESS =     0.0
 Etot   =   -116910.6100  EKtot   =     20591.3984  EPtot      =   -137502.0084
 BOND   =       548.1760  ANGLE   =      1532.0913  DIHED      =       999.4019
 UB     =         0.0000  IMP     =         0.0000  CMAP       =       141.8507
 1-4 NB =       639.3746  1-4 EEL =      5831.7974  VDWAALS    =     16141.9129
 EELEC  =   -163336.6132  EHBOND  =         0.0000  RESTRAINT  =         0.0000
 EKCMT  =         0.0000  VIRIAL  =         0.0000  VOLUME     =    334531.9420
                                                    Density    =         1.0299
 ------------------------------------------------------------------------------


 NSTEP =  1625000   TIME(PS) =    4950.000  TEMP(K) =   301.84  PRESS =     0.0
 Etot   =   -116802.4016  EKtot   =     20647.0215  EPtot      =   -137449.4231
 BOND   =       591.6073  ANGLE   =      1528.7388  DIHED      =      1012.7882
 UB     =         0.0000  IMP     =         0.0000  CMAP       =       146.2175
 1-4 NB =       640.0035  1-4 EEL =      5803.0258  VDWAALS    =     16775.7940
 EELEC  =   -163947.5983  EHBOND  =         0.0000  RESTRAINT  =         0.0000
 EKCMT  =         0.0000  VIRIAL  =         0.0000  VOLUME     =    333713.9691
                                                    Density    =         1.0324
 ------------------------------------------------------------------------------


 NSTEP =  1650000   TIME(PS) =    5000.000  TEMP(K) =   298.69  PRESS =     0.0
 Etot   =   -116915.1354  EKtot   =     20431.0469  EPtot      =   -137346.1823
 BOND   =       573.7645  ANGLE   =      1454.7383  DIHED      =       994.8302
 UB     =         0.0000  IMP     =         0.0000  CMAP       =       140.7609
 1-4 NB =       646.9915  1-4 EEL =      5860.9416  VDWAALS    =     16299.1770
 EELEC  =   -163317.3865  EHBOND  =         0.0000  RESTRAINT  =         0.0000
 EKCMT  =         0.0000  VIRIAL  =         0.0000  VOLUME     =    334459.0088
                                                    Density    =         1.0301
 ------------------------------------------------------------------------------


 NSTEP =  1675000   TIME(PS) =    5050.000  TEMP(K) =   301.09  PRESS =     0.0
 Etot   =   -116837.0568  EKtot   =     20595.6602  EPtot      =   -137432.7169
 BOND   =       576.2417  ANGLE   =      1520.5870  DIHED      =      1002.8972
 UB     =         0.0000  IMP     =         0.0000  CMAP       =       148.5219
 1-4 NB =       631.7000  1-4 EEL =      5774.1155  VDWAALS    =     16558.6833
 EELEC  =   -163645.4634  EHBOND  =         0.0000  RESTRAINT  =         0.0000
 EKCMT  =         0.0000  VIRIAL  =         0.0000  VOLUME     =    333884.8885
                                                    Density    =         1.0319
 ------------------------------------------------------------------------------


 NSTEP =  1700000   TIME(PS) =    5100.000  TEMP(K) =   299.62  PRESS =     0.0
 Etot   =   -117058.9737  EKtot   =     20495.2773  EPtot      =   -137554.2510
 BOND   =       566.7719  ANGLE   =      1484.0768  DIHED      =       988.0812
 UB     =         0.0000  IMP     =         0.0000  CMAP       =       139.8848
 1-4 NB =       625.3629  1-4 EEL =      5837.1645  VDWAALS    =     16112.5161
 EELEC  =   -163308.1092  EHBOND  =         0.0000  RESTRAINT  =         0.0000
 EKCMT  =         0.0000  VIRIAL  =         0.0000  VOLUME     =    334475.7574
                                                    Density    =         1.0301
 ------------------------------------------------------------------------------


 NSTEP =  1725000   TIME(PS) =    5150.000  TEMP(K) =   297.77  PRESS =     0.0
 Etot   =   -117348.5492  EKtot   =     20368.6934  EPtot      =   -137717.2425
 BOND   =       565.5673  ANGLE   =      1474.3998  DIHED      =       986.5221
 UB     =         0.0000  IMP     =         0.0000  CMAP       =       145.0410
 1-4 NB =       638.3706  1-4 EEL =      5842.1052  VDWAALS    =     16521.9394
 EELEC  =   -163891.1881  EHBOND  =         0.0000  RESTRAINT  =         0.0000
 EKCMT  =         0.0000  VIRIAL  =         0.0000  VOLUME     =    334833.9323
                                                    Density    =         1.0290
 ------------------------------------------------------------------------------


 NSTEP =  1750000   TIME(PS) =    5200.000  TEMP(K) =   301.05  PRESS =     0.0
 Etot   =   -116894.8255  EKtot   =     20592.7715  EPtot      =   -137487.5970
 BOND   =       538.1284  ANGLE   =      1531.4312  DIHED      =       965.9592
 UB     =         0.0000  IMP     =         0.0000  CMAP       =       135.0523
 1-4 NB =       663.7135  1-4 EEL =      5899.9727  VDWAALS    =     16369.8396
 EELEC  =   -163591.6939  EHBOND  =         0.0000  RESTRAINT  =         0.0000
 EKCMT  =         0.0000  VIRIAL  =         0.0000  VOLUME     =    334884.8067
                                                    Density    =         1.0288
 ------------------------------------------------------------------------------


 NSTEP =  1775000   TIME(PS) =    5250.000  TEMP(K) =   297.18  PRESS =     0.0
 Etot   =   -117286.0409  EKtot   =     20328.2480  EPtot      =   -137614.2890
 BOND   =       557.3725  ANGLE   =      1552.7997  DIHED      =       992.8479
 UB     =         0.0000  IMP     =         0.0000  CMAP       =       146.6058
 1-4 NB =       655.5993  1-4 EEL =      5809.1805  VDWAALS    =     16327.6598
 EELEC  =   -163656.3545  EHBOND  =         0.0000  RESTRAINT  =         0.0000
 EKCMT  =         0.0000  VIRIAL  =         0.0000  VOLUME     =    333734.9269
                                                    Density    =         1.0324
 ------------------------------------------------------------------------------


 NSTEP =  1800000   TIME(PS) =    5300.000  TEMP(K) =   302.70  PRESS =     0.0
 Etot   =   -116563.4838  EKtot   =     20705.3203  EPtot      =   -137268.8042
 BOND   =       554.9800  ANGLE   =      1530.1849  DIHED      =       992.5346
 UB     =         0.0000  IMP     =         0.0000  CMAP       =       138.8448
 1-4 NB =       668.7559  1-4 EEL =      5899.8082  VDWAALS    =     16447.2274
 EELEC  =   -163501.1400  EHBOND  =         0.0000  RESTRAINT  =         0.0000
 EKCMT  =         0.0000  VIRIAL  =         0.0000  VOLUME     =    333287.7478
                                                    Density    =         1.0337
 ------------------------------------------------------------------------------


 NSTEP =  1825000   TIME(PS) =    5350.000  TEMP(K) =   299.66  PRESS =     0.0
 Etot   =   -117080.7874  EKtot   =     20497.4980  EPtot      =   -137578.2854
 BOND   =       584.3951  ANGLE   =      1527.4692  DIHED      =       985.6700
 UB     =         0.0000  IMP     =         0.0000  CMAP       =       143.7200
 1-4 NB =       672.8486  1-4 EEL =      5816.6265  VDWAALS    =     16222.6962
 EELEC  =   -163531.7110  EHBOND  =         0.0000  RESTRAINT  =         0.0000
 EKCMT  =         0.0000  VIRIAL  =         0.0000  VOLUME     =    333702.0334
                                                    Density    =         1.0325
 ------------------------------------------------------------------------------


 NSTEP =  1850000   TIME(PS) =    5400.000  TEMP(K) =   298.75  PRESS =     0.0
 Etot   =   -117312.4319  EKtot   =     20435.3340  EPtot      =   -137747.7658
 BOND   =       601.8155  ANGLE   =      1513.6259  DIHED      =       990.4325
 UB     =         0.0000  IMP     =         0.0000  CMAP       =       145.6350
 1-4 NB =       644.9081  1-4 EEL =      5817.8927  VDWAALS    =     16205.4913
 EELEC  =   -163667.5669  EHBOND  =         0.0000  RESTRAINT  =         0.0000
 EKCMT  =         0.0000  VIRIAL  =         0.0000  VOLUME     =    333309.5234
                                                    Density    =         1.0337
 ------------------------------------------------------------------------------


 NSTEP =  1875000   TIME(PS) =    5450.000  TEMP(K) =   298.91  PRESS =     0.0
 Etot   =   -117188.5082  EKtot   =     20446.6348  EPtot      =   -137635.1430
 BOND   =       546.0061  ANGLE   =      1554.4960  DIHED      =      1018.9229
 UB     =         0.0000  IMP     =         0.0000  CMAP       =       136.4386
 1-4 NB =       649.2016  1-4 EEL =      5776.9818  VDWAALS    =     16269.0129
 EELEC  =   -163586.2030  EHBOND  =         0.0000  RESTRAINT  =         0.0000
 EKCMT  =         0.0000  VIRIAL  =         0.0000  VOLUME     =    334357.8918
                                                    Density    =         1.0304
 ------------------------------------------------------------------------------


 NSTEP =  1900000   TIME(PS) =    5500.000  TEMP(K) =   298.49  PRESS =     0.0
 Etot   =   -117474.1465  EKtot   =     20417.4434  EPtot      =   -137891.5898
 BOND   =       527.4441  ANGLE   =      1528.5905  DIHED      =       985.5072
 UB     =         0.0000  IMP     =         0.0000  CMAP       =       144.9148
 1-4 NB =       653.7976  1-4 EEL =      5833.4784  VDWAALS    =     16546.4403
 EELEC  =   -164111.7627  EHBOND  =         0.0000  RESTRAINT  =         0.0000
 EKCMT  =         0.0000  VIRIAL  =         0.0000  VOLUME     =    333108.9828
                                                    Density    =         1.0343
 ------------------------------------------------------------------------------


 NSTEP =  1925000   TIME(PS) =    5550.000  TEMP(K) =   300.01  PRESS =     0.0
 Etot   =   -117025.4994  EKtot   =     20521.4238  EPtot      =   -137546.9232
 BOND   =       574.6925  ANGLE   =      1478.7814  DIHED      =       986.9596
 UB     =         0.0000  IMP     =         0.0000  CMAP       =       141.1045
 1-4 NB =       651.0195  1-4 EEL =      5843.1820  VDWAALS    =     16804.6215
 EELEC  =   -164027.2843  EHBOND  =         0.0000  RESTRAINT  =         0.0000
 EKCMT  =         0.0000  VIRIAL  =         0.0000  VOLUME     =    333897.4434
                                                    Density    =         1.0319
 ------------------------------------------------------------------------------


 NSTEP =  1950000   TIME(PS) =    5600.000  TEMP(K) =   299.67  PRESS =     0.0
 Etot   =   -116939.1071  EKtot   =     20498.2949  EPtot      =   -137437.4021
 BOND   =       564.9063  ANGLE   =      1539.6861  DIHED      =       989.6777
 UB     =         0.0000  IMP     =         0.0000  CMAP       =       145.4225
 1-4 NB =       645.4670  1-4 EEL =      5843.4587  VDWAALS    =     16726.3636
 EELEC  =   -163892.3840  EHBOND  =         0.0000  RESTRAINT  =         0.0000
 EKCMT  =         0.0000  VIRIAL  =         0.0000  VOLUME     =    334071.8909
                                                    Density    =         1.0313
 ------------------------------------------------------------------------------


 NSTEP =  1975000   TIME(PS) =    5650.000  TEMP(K) =   301.83  PRESS =     0.0
 Etot   =   -117054.9670  EKtot   =     20646.0605  EPtot      =   -137701.0275
 BOND   =       585.6570  ANGLE   =      1537.5361  DIHED      =       976.1154
 UB     =         0.0000  IMP     =         0.0000  CMAP       =       144.7960
 1-4 NB =       653.8197  1-4 EEL =      5828.0238  VDWAALS    =     16338.1156
 EELEC  =   -163765.0911  EHBOND  =         0.0000  RESTRAINT  =         0.0000
 EKCMT  =         0.0000  VIRIAL  =         0.0000  VOLUME     =    331937.7887
                                                    Density    =         1.0379
 ------------------------------------------------------------------------------


 NSTEP =  2000000   TIME(PS) =    5700.000  TEMP(K) =   300.48  PRESS =     0.0
 Etot   =   -117049.6677  EKtot   =     20553.5469  EPtot      =   -137603.2146
 BOND   =       543.4931  ANGLE   =      1508.6867  DIHED      =       985.4797
 UB     =         0.0000  IMP     =         0.0000  CMAP       =       143.1728
 1-4 NB =       643.0844  1-4 EEL =      5831.9980  VDWAALS    =     16313.6871
 EELEC  =   -163572.8164  EHBOND  =         0.0000  RESTRAINT  =         0.0000
 EKCMT  =         0.0000  VIRIAL  =         0.0000  VOLUME     =    334142.5450
                                                    Density    =         1.0311
 ------------------------------------------------------------------------------


 NSTEP =  2025000   TIME(PS) =    5750.000  TEMP(K) =   298.53  PRESS =     0.0
 Etot   =   -117071.0709  EKtot   =     20420.6699  EPtot      =   -137491.7408
 BOND   =       592.8617  ANGLE   =      1477.3013  DIHED      =      1035.6388
 UB     =         0.0000  IMP     =         0.0000  CMAP       =       149.2346
 1-4 NB =       633.7463  1-4 EEL =      5825.4060  VDWAALS    =     16240.3147
 EELEC  =   -163446.2443  EHBOND  =         0.0000  RESTRAINT  =         0.0000
 EKCMT  =         0.0000  VIRIAL  =         0.0000  VOLUME     =    334427.2397
                                                    Density    =         1.0302
 ------------------------------------------------------------------------------


 NSTEP =  2050000   TIME(PS) =    5800.000  TEMP(K) =   301.70  PRESS =     0.0
 Etot   =   -117024.8112  EKtot   =     20637.5137  EPtot      =   -137662.3249
 BOND   =       588.6474  ANGLE   =      1505.0268  DIHED      =      1017.7469
 UB     =         0.0000  IMP     =         0.0000  CMAP       =       148.3236
 1-4 NB =       637.8382  1-4 EEL =      5814.8019  VDWAALS    =     16396.1811
 EELEC  =   -163770.8909  EHBOND  =         0.0000  RESTRAINT  =         0.0000
 EKCMT  =         0.0000  VIRIAL  =         0.0000  VOLUME     =    333572.9614
                                                    Density    =         1.0329
 ------------------------------------------------------------------------------


 NSTEP =  2075000   TIME(PS) =    5850.000  TEMP(K) =   302.04  PRESS =     0.0
 Etot   =   -116937.3017  EKtot   =     20660.2930  EPtot      =   -137597.5947
 BOND   =       562.1460  ANGLE   =      1562.8330  DIHED      =       984.1116
 UB     =         0.0000  IMP     =         0.0000  CMAP       =       147.0853
 1-4 NB =       639.1551  1-4 EEL =      5863.6635  VDWAALS    =     16605.9916
 EELEC  =   -163962.5807  EHBOND  =         0.0000  RESTRAINT  =         0.0000
 EKCMT  =         0.0000  VIRIAL  =         0.0000  VOLUME     =    333361.6037
                                                    Density    =         1.0335
 ------------------------------------------------------------------------------


 NSTEP =  2100000   TIME(PS) =    5900.000  TEMP(K) =   299.52  PRESS =     0.0
 Etot   =   -117180.9271  EKtot   =     20487.8418  EPtot      =   -137668.7689
 BOND   =       567.9684  ANGLE   =      1472.4911  DIHED      =       965.4336
 UB     =         0.0000  IMP     =         0.0000  CMAP       =       140.6010
 1-4 NB =       640.1787  1-4 EEL =      5827.5458  VDWAALS    =     16391.4148
 EELEC  =   -163674.4023  EHBOND  =         0.0000  RESTRAINT  =         0.0000
 EKCMT  =         0.0000  VIRIAL  =         0.0000  VOLUME     =    334120.3912
                                                    Density    =         1.0312
 ------------------------------------------------------------------------------


 NSTEP =  2125000   TIME(PS) =    5950.000  TEMP(K) =   298.08  PRESS =     0.0
 Etot   =   -117176.9081  EKtot   =     20389.4199  EPtot      =   -137566.3280
 BOND   =       584.3485  ANGLE   =      1528.9240  DIHED      =      1008.6774
 UB     =         0.0000  IMP     =         0.0000  CMAP       =       152.0264
 1-4 NB =       648.9305  1-4 EEL =      5811.7400  VDWAALS    =     16390.7044
 EELEC  =   -163691.6793  EHBOND  =         0.0000  RESTRAINT  =         0.0000
 EKCMT  =         0.0000  VIRIAL  =         0.0000  VOLUME     =    334521.8656
                                                    Density    =         1.0299
 ------------------------------------------------------------------------------


 NSTEP =  2150000   TIME(PS) =    6000.000  TEMP(K) =   300.52  PRESS =     0.0
 Etot   =   -117014.6331  EKtot   =     20556.3066  EPtot      =   -137570.9397
 BOND   =       528.9752  ANGLE   =      1523.0148  DIHED      =       993.3528
 UB     =         0.0000  IMP     =         0.0000  CMAP       =       138.4965
 1-4 NB =       654.8087  1-4 EEL =      5868.4060  VDWAALS    =     16508.7128
 EELEC  =   -163786.7067  EHBOND  =         0.0000  RESTRAINT  =         0.0000
 EKCMT  =         0.0000  VIRIAL  =         0.0000  VOLUME     =    333766.3625
                                                    Density    =         1.0323
 ------------------------------------------------------------------------------


 NSTEP =  2175000   TIME(PS) =    6050.000  TEMP(K) =   299.51  PRESS =     0.0
 Etot   =   -117065.3103  EKtot   =     20487.5488  EPtot      =   -137552.8592
 BOND   =       528.3467  ANGLE   =      1517.3564  DIHED      =       976.9702
 UB     =         0.0000  IMP     =         0.0000  CMAP       =       141.1060
 1-4 NB =       647.9014  1-4 EEL =      5817.2425  VDWAALS    =     16188.4708
 EELEC  =   -163370.2531  EHBOND  =         0.0000  RESTRAINT  =         0.0000
 EKCMT  =         0.0000  VIRIAL  =         0.0000  VOLUME     =    333280.4903
                                                    Density    =         1.0338
 ------------------------------------------------------------------------------


 NSTEP =  2200000   TIME(PS) =    6100.000  TEMP(K) =   300.28  PRESS =     0.0
 Etot   =   -116962.3480  EKtot   =     20540.0547  EPtot      =   -137502.4027
 BOND   =       554.1345  ANGLE   =      1554.2803  DIHED      =       975.5183
 UB     =         0.0000  IMP     =         0.0000  CMAP       =       138.2664
 1-4 NB =       642.0282  1-4 EEL =      5772.7103  VDWAALS    =     16157.3236
 EELEC  =   -163296.6643  EHBOND  =         0.0000  RESTRAINT  =         0.0000
 EKCMT  =         0.0000  VIRIAL  =         0.0000  VOLUME     =    335665.9034
                                                    Density    =         1.0264
 ------------------------------------------------------------------------------


 NSTEP =  2225000   TIME(PS) =    6150.000  TEMP(K) =   301.40  PRESS =     0.0
 Etot   =   -116869.3390  EKtot   =     20616.4297  EPtot      =   -137485.7687
 BOND   =       586.5186  ANGLE   =      1534.9979  DIHED      =       973.5035
 UB     =         0.0000  IMP     =         0.0000  CMAP       =       127.8886
 1-4 NB =       642.5332  1-4 EEL =      5884.2921  VDWAALS    =     16315.7792
 EELEC  =   -163551.2819  EHBOND  =         0.0000  RESTRAINT  =         0.0000
 EKCMT  =         0.0000  VIRIAL  =         0.0000  VOLUME     =    333444.7023
                                                    Density    =         1.0333
 ------------------------------------------------------------------------------


 NSTEP =  2250000   TIME(PS) =    6200.000  TEMP(K) =   300.80  PRESS =     0.0
 Etot   =   -116898.8724  EKtot   =     20575.9512  EPtot      =   -137474.8235
 BOND   =       563.8738  ANGLE   =      1505.8273  DIHED      =       965.9189
 UB     =         0.0000  IMP     =         0.0000  CMAP       =       152.3469
 1-4 NB =       637.0460  1-4 EEL =      5783.1624  VDWAALS    =     16435.3137
 EELEC  =   -163518.3125  EHBOND  =         0.0000  RESTRAINT  =         0.0000
 EKCMT  =         0.0000  VIRIAL  =         0.0000  VOLUME     =    334729.6561
                                                    Density    =         1.0293
 ------------------------------------------------------------------------------


 NSTEP =  2275000   TIME(PS) =    6250.000  TEMP(K) =   300.14  PRESS =     0.0
 Etot   =   -116998.2501  EKtot   =     20530.4414  EPtot      =   -137528.6915
 BOND   =       523.5733  ANGLE   =      1620.3599  DIHED      =      1001.2401
 UB     =         0.0000  IMP     =         0.0000  CMAP       =       144.9308
 1-4 NB =       670.6614  1-4 EEL =      5860.4902  VDWAALS    =     16171.6167
 EELEC  =   -163521.5639  EHBOND  =         0.0000  RESTRAINT  =         0.0000
 EKCMT  =         0.0000  VIRIAL  =         0.0000  VOLUME     =    333798.2309
                                                    Density    =         1.0322
 ------------------------------------------------------------------------------


 NSTEP =  2300000   TIME(PS) =    6300.000  TEMP(K) =   300.64  PRESS =     0.0
 Etot   =   -117003.1292  EKtot   =     20564.6445  EPtot      =   -137567.7738
 BOND   =       548.4129  ANGLE   =      1503.0188  DIHED      =       970.2136
 UB     =         0.0000  IMP     =         0.0000  CMAP       =       143.7834
 1-4 NB =       640.2256  1-4 EEL =      5834.4155  VDWAALS    =     16369.4942
 EELEC  =   -163577.3378  EHBOND  =         0.0000  RESTRAINT  =         0.0000
 EKCMT  =         0.0000  VIRIAL  =         0.0000  VOLUME     =    333260.1141
                                                    Density    =         1.0338
 ------------------------------------------------------------------------------


 NSTEP =  2325000   TIME(PS) =    6350.000  TEMP(K) =   301.38  PRESS =     0.0
 Etot   =   -117201.5793  EKtot   =     20615.2383  EPtot      =   -137816.8176
 BOND   =       555.9211  ANGLE   =      1467.2269  DIHED      =       960.3570
 UB     =         0.0000  IMP     =         0.0000  CMAP       =       141.6399
 1-4 NB =       660.5425  1-4 EEL =      5810.7421  VDWAALS    =     16226.5656
 EELEC  =   -163639.8127  EHBOND  =         0.0000  RESTRAINT  =         0.0000
 EKCMT  =         0.0000  VIRIAL  =         0.0000  VOLUME     =    332966.2017
                                                    Density    =         1.0347
 ------------------------------------------------------------------------------


 NSTEP =  2350000   TIME(PS) =    6400.000  TEMP(K) =   299.23  PRESS =     0.0
 Etot   =   -117171.7131  EKtot   =     20468.0938  EPtot      =   -137639.8068
 BOND   =       559.4831  ANGLE   =      1502.9098  DIHED      =       985.0321
 UB     =         0.0000  IMP     =         0.0000  CMAP       =       139.2537
 1-4 NB =       665.0345  1-4 EEL =      5863.8003  VDWAALS    =     16426.7572
 EELEC  =   -163782.0774  EHBOND  =         0.0000  RESTRAINT  =         0.0000
 EKCMT  =         0.0000  VIRIAL  =         0.0000  VOLUME     =    333595.6419
                                                    Density    =         1.0328
 ------------------------------------------------------------------------------


 NSTEP =  2375000   TIME(PS) =    6450.000  TEMP(K) =   301.03  PRESS =     0.0
 Etot   =   -117022.5913  EKtot   =     20591.4590  EPtot      =   -137614.0503
 BOND   =       585.0369  ANGLE   =      1547.1543  DIHED      =       994.1672
 UB     =         0.0000  IMP     =         0.0000  CMAP       =       144.6156
 1-4 NB =       631.0256  1-4 EEL =      5788.5094  VDWAALS    =     16553.2602
 EELEC  =   -163857.8194  EHBOND  =         0.0000  RESTRAINT  =         0.0000
 EKCMT  =         0.0000  VIRIAL  =         0.0000  VOLUME     =    334241.3527
                                                    Density    =         1.0308
 ------------------------------------------------------------------------------


 NSTEP =  2400000   TIME(PS) =    6500.000  TEMP(K) =   300.60  PRESS =     0.0
 Etot   =   -117209.9013  EKtot   =     20561.9062  EPtot      =   -137771.8075
 BOND   =       575.7909  ANGLE   =      1517.4041  DIHED      =       997.9639
 UB     =         0.0000  IMP     =         0.0000  CMAP       =       144.0579
 1-4 NB =       646.4790  1-4 EEL =      5851.8992  VDWAALS    =     16203.6419
 EELEC  =   -163709.0445  EHBOND  =         0.0000  RESTRAINT  =         0.0000
 EKCMT  =         0.0000  VIRIAL  =         0.0000  VOLUME     =    333582.4441
                                                    Density    =         1.0328
 ------------------------------------------------------------------------------


 NSTEP =  2425000   TIME(PS) =    6550.000  TEMP(K) =   299.11  PRESS =     0.0
 Etot   =   -116989.0974  EKtot   =     20460.0156  EPtot      =   -137449.1131
 BOND   =       583.4493  ANGLE   =      1482.4685  DIHED      =       956.8835
 UB     =         0.0000  IMP     =         0.0000  CMAP       =       159.4192
 1-4 NB =       655.1774  1-4 EEL =      5826.0421  VDWAALS    =     16394.6452
 EELEC  =   -163507.1983  EHBOND  =         0.0000  RESTRAINT  =         0.0000
 EKCMT  =         0.0000  VIRIAL  =         0.0000  VOLUME     =    335046.8320
                                                    Density    =         1.0283
 ------------------------------------------------------------------------------


 NSTEP =  2450000   TIME(PS) =    6600.000  TEMP(K) =   296.80  PRESS =     0.0
 Etot   =   -117132.4301  EKtot   =     20302.2656  EPtot      =   -137434.6957
 BOND   =       541.9607  ANGLE   =      1478.7376  DIHED      =       983.7139
 UB     =         0.0000  IMP     =         0.0000  CMAP       =       148.6403
 1-4 NB =       640.1345  1-4 EEL =      5801.4259  VDWAALS    =     16295.3693
 EELEC  =   -163324.6780  EHBOND  =         0.0000  RESTRAINT  =         0.0000
 EKCMT  =         0.0000  VIRIAL  =         0.0000  VOLUME     =    334821.3104
                                                    Density    =         1.0290
 ------------------------------------------------------------------------------


 NSTEP =  2475000   TIME(PS) =    6650.000  TEMP(K) =   299.65  PRESS =     0.0
 Etot   =   -117117.4504  EKtot   =     20497.0977  EPtot      =   -137614.5481
 BOND   =       566.4601  ANGLE   =      1520.9521  DIHED      =       963.2369
 UB     =         0.0000  IMP     =         0.0000  CMAP       =       148.5046
 1-4 NB =       607.4875  1-4 EEL =      5877.7891  VDWAALS    =     16381.1873
 EELEC  =   -163680.1657  EHBOND  =         0.0000  RESTRAINT  =         0.0000
 EKCMT  =         0.0000  VIRIAL  =         0.0000  VOLUME     =    334102.6489
                                                    Density    =         1.0312
 ------------------------------------------------------------------------------


 NSTEP =  2500000   TIME(PS) =    6700.000  TEMP(K) =   300.09  PRESS =     0.0
 Etot   =   -117089.9856  EKtot   =     20527.1387  EPtot      =   -137617.1243
 BOND   =       557.5115  ANGLE   =      1521.7307  DIHED      =       979.2058
 UB     =         0.0000  IMP     =         0.0000  CMAP       =       135.7855
 1-4 NB =       661.8973  1-4 EEL =      5805.2489  VDWAALS    =     16411.2058
 EELEC  =   -163689.7098  EHBOND  =         0.0000  RESTRAINT  =         0.0000
 EKCMT  =         0.0000  VIRIAL  =         0.0000  VOLUME     =    334867.9997
                                                    Density    =         1.0289
 ------------------------------------------------------------------------------


 NSTEP =  2525000   TIME(PS) =    6750.000  TEMP(K) =   300.45  PRESS =     0.0
 Etot   =   -116937.8854  EKtot   =     20551.5352  EPtot      =   -137489.4206
 BOND   =       547.7997  ANGLE   =      1504.8958  DIHED      =       985.4596
 UB     =         0.0000  IMP     =         0.0000  CMAP       =       133.5242
 1-4 NB =       658.1549  1-4 EEL =      5849.1911  VDWAALS    =     16346.7890
 EELEC  =   -163515.2348  EHBOND  =         0.0000  RESTRAINT  =         0.0000
 EKCMT  =         0.0000  VIRIAL  =         0.0000  VOLUME     =    332998.6912
                                                    Density    =         1.0346
 ------------------------------------------------------------------------------

wrapping first mol.:      -75.65190        0.00000        0.00000
wrapping first mol.:      -75.65190        0.00000        0.00000
wrapping first mol.:      -75.67387        0.00000        0.00000
wrapping first mol.:      -75.67387        0.00000        0.00000

 NSTEP =  2550000   TIME(PS) =    6800.000  TEMP(K) =   299.19  PRESS =     0.0
 Etot   =   -117096.5529  EKtot   =     20465.2520  EPtot      =   -137561.8048
 BOND   =       536.2371  ANGLE   =      1594.9442  DIHED      =       983.8424
 UB     =         0.0000  IMP     =         0.0000  CMAP       =       134.9789
 1-4 NB =       640.8298  1-4 EEL =      5876.6560  VDWAALS    =     16239.7626
 EELEC  =   -163569.0558  EHBOND  =         0.0000  RESTRAINT  =         0.0000
 EKCMT  =         0.0000  VIRIAL  =         0.0000  VOLUME     =    333592.3199
                                                    Density    =         1.0328
 ------------------------------------------------------------------------------

wrapping first mol.:      -75.68260        0.00000        0.00000
wrapping first mol.:      -75.68260        0.00000        0.00000
wrapping first mol.:      -75.73953        0.00000        0.00000
wrapping first mol.:      -75.73953        0.00000        0.00000
wrapping first mol.:      -75.76384        0.00000        0.00000
wrapping first mol.:      -75.76384        0.00000        0.00000

 NSTEP =  2575000   TIME(PS) =    6850.000  TEMP(K) =   298.80  PRESS =     0.0
 Etot   =   -116931.9637  EKtot   =     20438.5215  EPtot      =   -137370.4852
 BOND   =       546.2949  ANGLE   =      1540.0251  DIHED      =       999.2267
 UB     =         0.0000  IMP     =         0.0000  CMAP       =       148.2592
 1-4 NB =       646.0383  1-4 EEL =      5783.8193  VDWAALS    =     16176.1045
 EELEC  =   -163210.2533  EHBOND  =         0.0000  RESTRAINT  =         0.0000
 EKCMT  =         0.0000  VIRIAL  =         0.0000  VOLUME     =    334783.5840
                                                    Density    =         1.0291
 ------------------------------------------------------------------------------

wrapping first mol.:      -75.64639        0.00000        0.00000
wrapping first mol.:      -75.64639        0.00000        0.00000
wrapping first mol.:      -75.70353        0.00000        0.00000
wrapping first mol.:      -75.70353        0.00000        0.00000
wrapping first mol.:      -75.65356        0.00000        0.00000
wrapping first mol.:      -75.65356        0.00000        0.00000
wrapping first mol.:      -75.68375        0.00000        0.00000
wrapping first mol.:      -75.68375        0.00000        0.00000
wrapping first mol.:      -75.75338        0.00000        0.00000
wrapping first mol.:      -75.75338        0.00000        0.00000

 NSTEP =  2600000   TIME(PS) =    6900.000  TEMP(K) =   299.86  PRESS =     0.0
 Etot   =   -117028.0004  EKtot   =     20511.5293  EPtot      =   -137539.5297
 BOND   =       578.2691  ANGLE   =      1500.4430  DIHED      =      1002.4952
 UB     =         0.0000  IMP     =         0.0000  CMAP       =       144.4908
 1-4 NB =       652.5248  1-4 EEL =      5833.5992  VDWAALS    =     16477.1560
 EELEC  =   -163728.5077  EHBOND  =         0.0000  RESTRAINT  =         0.0000
 EKCMT  =         0.0000  VIRIAL  =         0.0000  VOLUME     =    334644.8984
                                                    Density    =         1.0295
 ------------------------------------------------------------------------------

wrapping first mol.:      -75.81161        0.00000        0.00000
wrapping first mol.:      -75.81161        0.00000        0.00000
wrapping first mol.:      -75.69984        0.00000        0.00000
wrapping first mol.:      -75.69984        0.00000        0.00000
wrapping first mol.:      -75.70018        0.00000        0.00000
wrapping first mol.:      -75.70018        0.00000        0.00000
wrapping first mol.:      -75.69334        0.00000        0.00000
wrapping first mol.:      -75.69334        0.00000        0.00000
wrapping first mol.:      -75.64283        0.00000        0.00000
wrapping first mol.:      -75.64283        0.00000        0.00000

 NSTEP =  2625000   TIME(PS) =    6950.000  TEMP(K) =   297.55  PRESS =     0.0
 Etot   =   -117116.0991  EKtot   =     20353.0977  EPtot      =   -137469.1968
 BOND   =       573.6784  ANGLE   =      1520.3144  DIHED      =      1006.3806
 UB     =         0.0000  IMP     =         0.0000  CMAP       =       131.9612
 1-4 NB =       641.0984  1-4 EEL =      5818.1599  VDWAALS    =     15991.7261
 EELEC  =   -163152.5159  EHBOND  =         0.0000  RESTRAINT  =         0.0000
 EKCMT  =         0.0000  VIRIAL  =         0.0000  VOLUME     =    333181.9033
                                                    Density    =         1.0341
 ------------------------------------------------------------------------------

wrapping first mol.:      -75.74884        0.00000        0.00000
wrapping first mol.:      -75.74884        0.00000        0.00000
wrapping first mol.:      -75.71476        0.00000        0.00000
wrapping first mol.:      -75.71476        0.00000        0.00000
wrapping first mol.:      -75.59553        0.00000        0.00000
wrapping first mol.:      -75.59553        0.00000        0.00000
wrapping first mol.:      -75.62740        0.00000        0.00000
wrapping first mol.:      -75.62740        0.00000        0.00000
wrapping first mol.:      -75.75252        0.00000        0.00000
wrapping first mol.:      -75.75252        0.00000        0.00000

 NSTEP =  2650000   TIME(PS) =    7000.000  TEMP(K) =   298.78  PRESS =     0.0
 Etot   =   -117046.9555  EKtot   =     20437.4922  EPtot      =   -137484.4477
 BOND   =       573.7889  ANGLE   =      1527.5585  DIHED      =       985.1698
 UB     =         0.0000  IMP     =         0.0000  CMAP       =       138.7217
 1-4 NB =       631.5731  1-4 EEL =      5809.8093  VDWAALS    =     16220.4323
 EELEC  =   -163371.5014  EHBOND  =         0.0000  RESTRAINT  =         0.0000
 EKCMT  =         0.0000  VIRIAL  =         0.0000  VOLUME     =    334633.4801
                                                    Density    =         1.0296
 ------------------------------------------------------------------------------

wrapping first mol.:      -75.73530        0.00000        0.00000
wrapping first mol.:      -75.73530        0.00000        0.00000
wrapping first mol.:      -75.68156        0.00000        0.00000
wrapping first mol.:      -75.68156        0.00000        0.00000
wrapping first mol.:      -75.59570        0.00000        0.00000
wrapping first mol.:      -75.59570        0.00000        0.00000
wrapping first mol.:      -75.67268        0.00000        0.00000
wrapping first mol.:      -75.67268        0.00000        0.00000
wrapping first mol.:      -75.67221        0.00000        0.00000
wrapping first mol.:      -75.67221        0.00000        0.00000

 NSTEP =  2675000   TIME(PS) =    7050.000  TEMP(K) =   299.42  PRESS =     0.0
 Etot   =   -117387.6270  EKtot   =     20481.3145  EPtot      =   -137868.9414
 BOND   =       543.3096  ANGLE   =      1505.8317  DIHED      =       993.9954
 UB     =         0.0000  IMP     =         0.0000  CMAP       =       129.2951
 1-4 NB =       641.5763  1-4 EEL =      5857.0605  VDWAALS    =     16321.9958
 EELEC  =   -163862.0058  EHBOND  =         0.0000  RESTRAINT  =         0.0000
 EKCMT  =         0.0000  VIRIAL  =         0.0000  VOLUME     =    333570.2909
                                                    Density    =         1.0329
 ------------------------------------------------------------------------------

wrapping first mol.:      -75.73279        0.00000        0.00000
wrapping first mol.:      -75.73279        0.00000        0.00000
wrapping first mol.:      -75.69414        0.00000        0.00000
wrapping first mol.:      -75.69414        0.00000        0.00000
wrapping first mol.:      -75.66125        0.00000        0.00000
wrapping first mol.:      -75.66125        0.00000        0.00000
wrapping first mol.:      -75.65226        0.00000        0.00000
wrapping first mol.:      -75.65226        0.00000        0.00000
wrapping first mol.:      -75.72504        0.00000        0.00000
wrapping first mol.:      -75.72504        0.00000        0.00000

 NSTEP =  2700000   TIME(PS) =    7100.000  TEMP(K) =   302.43  PRESS =     0.0
 Etot   =   -116650.5420  EKtot   =     20687.0879  EPtot      =   -137337.6299
 BOND   =       548.2580  ANGLE   =      1511.1599  DIHED      =       989.8766
 UB     =         0.0000  IMP     =         0.0000  CMAP       =       143.3864
 1-4 NB =       634.8925  1-4 EEL =      5856.4040  VDWAALS    =     16452.3240
 EELEC  =   -163473.9313  EHBOND  =         0.0000  RESTRAINT  =         0.0000
 EKCMT  =         0.0000  VIRIAL  =         0.0000  VOLUME     =    334269.3974
                                                    Density    =         1.0307
 ------------------------------------------------------------------------------

wrapping first mol.:      -75.74019        0.00000        0.00000
wrapping first mol.:      -75.74019        0.00000        0.00000
wrapping first mol.:      -75.74757        0.00000        0.00000
wrapping first mol.:      -75.74757        0.00000        0.00000
wrapping first mol.:      -75.70462        0.00000        0.00000
wrapping first mol.:      -75.70462        0.00000        0.00000
wrapping first mol.:      -75.76988        0.00000        0.00000
wrapping first mol.:      -75.76988        0.00000        0.00000
wrapping first mol.:      -75.73905        0.00000        0.00000
wrapping first mol.:      -75.73905        0.00000        0.00000

 NSTEP =  2725000   TIME(PS) =    7150.000  TEMP(K) =   302.83  PRESS =     0.0
 Etot   =   -116761.2270  EKtot   =     20714.2520  EPtot      =   -137475.4790
 BOND   =       519.1520  ANGLE   =      1540.4852  DIHED      =       996.5383
 UB     =         0.0000  IMP     =         0.0000  CMAP       =       146.4280
 1-4 NB =       641.2703  1-4 EEL =      5829.9803  VDWAALS    =     16213.8322
 EELEC  =   -163363.1653  EHBOND  =         0.0000  RESTRAINT  =         0.0000
 EKCMT  =         0.0000  VIRIAL  =         0.0000  VOLUME     =    334455.0077
                                                    Density    =         1.0301
 ------------------------------------------------------------------------------

wrapping first mol.:      -75.73894        0.00000        0.00000
wrapping first mol.:      -75.73894        0.00000        0.00000
wrapping first mol.:      -75.70079        0.00000        0.00000
wrapping first mol.:      -75.70079        0.00000        0.00000
wrapping first mol.:      -75.70122        0.00000        0.00000
wrapping first mol.:      -75.70122        0.00000        0.00000
wrapping first mol.:      -75.69028        0.00000        0.00000
wrapping first mol.:      -75.69028        0.00000        0.00000
wrapping first mol.:      -75.68014        0.00000        0.00000
wrapping first mol.:      -75.68014        0.00000        0.00000

 NSTEP =  2750000   TIME(PS) =    7200.000  TEMP(K) =   301.65  PRESS =     0.0
 Etot   =   -117294.2153  EKtot   =     20633.6895  EPtot      =   -137927.9047
 BOND   =       537.9105  ANGLE   =      1514.5567  DIHED      =       983.3612
 UB     =         0.0000  IMP     =         0.0000  CMAP       =       135.0642
 1-4 NB =       640.2610  1-4 EEL =      5901.0982  VDWAALS    =     16583.2688
 EELEC  =   -164223.4252  EHBOND  =         0.0000  RESTRAINT  =         0.0000
 EKCMT  =         0.0000  VIRIAL  =         0.0000  VOLUME     =    333675.1938
                                                    Density    =         1.0325
 ------------------------------------------------------------------------------

wrapping first mol.:      -75.72392        0.00000        0.00000
wrapping first mol.:      -75.72392        0.00000        0.00000
wrapping first mol.:      -75.68302        0.00000        0.00000
wrapping first mol.:      -75.68302        0.00000        0.00000
wrapping first mol.:      -75.64090        0.00000        0.00000
wrapping first mol.:      -75.64090        0.00000        0.00000
wrapping first mol.:      -75.68409        0.00000        0.00000
wrapping first mol.:      -75.68409        0.00000        0.00000
wrapping first mol.:      -75.57774        0.00000        0.00000
wrapping first mol.:      -75.57774        0.00000        0.00000

 NSTEP =  2775000   TIME(PS) =    7250.000  TEMP(K) =   297.86  PRESS =     0.0
 Etot   =   -117717.4263  EKtot   =     20374.6523  EPtot      =   -138092.0786
 BOND   =       552.3786  ANGLE   =      1531.7310  DIHED      =      1016.2041
 UB     =         0.0000  IMP     =         0.0000  CMAP       =       133.3444
 1-4 NB =       645.5824  1-4 EEL =      5901.2709  VDWAALS    =     16750.0459
 EELEC  =   -164622.6360  EHBOND  =         0.0000  RESTRAINT  =         0.0000
 EKCMT  =         0.0000  VIRIAL  =         0.0000  VOLUME     =    332322.6365
                                                    Density    =         1.0367
 ------------------------------------------------------------------------------

wrapping first mol.:      -75.62911        0.00000        0.00000
wrapping first mol.:      -75.62911        0.00000        0.00000
wrapping first mol.:      -75.80107        0.00000        0.00000
wrapping first mol.:      -75.80107        0.00000        0.00000
wrapping first mol.:      -75.67281        0.00000        0.00000
wrapping first mol.:      -75.67281        0.00000        0.00000
wrapping first mol.:      -75.71606        0.00000        0.00000
wrapping first mol.:      -75.71606        0.00000        0.00000
wrapping first mol.:      -75.63805        0.00000        0.00000
wrapping first mol.:      -75.63805        0.00000        0.00000

 NSTEP =  2800000   TIME(PS) =    7300.000  TEMP(K) =   299.56  PRESS =     0.0
 Etot   =   -117209.6996  EKtot   =     20490.9766  EPtot      =   -137700.6762
 BOND   =       578.8686  ANGLE   =      1487.9785  DIHED      =       987.0353
 UB     =         0.0000  IMP     =         0.0000  CMAP       =       128.7625
 1-4 NB =       657.1056  1-4 EEL =      5846.0516  VDWAALS    =     16337.5671
 EELEC  =   -163724.0454  EHBOND  =         0.0000  RESTRAINT  =         0.0000
 EKCMT  =         0.0000  VIRIAL  =         0.0000  VOLUME     =    333118.7110
                                                    Density    =         1.0343
 ------------------------------------------------------------------------------

wrapping first mol.:      -75.73108        0.00000        0.00000
wrapping first mol.:      -75.73108        0.00000        0.00000
wrapping first mol.:      -75.71416        0.00000        0.00000
wrapping first mol.:      -75.71416        0.00000        0.00000
wrapping first mol.:      -75.88968        0.00000        0.00000
wrapping first mol.:      -75.88968        0.00000        0.00000
wrapping first mol.:      -75.82525        0.00000        0.00000
wrapping first mol.:      -75.82525        0.00000        0.00000
wrapping first mol.:      -75.81221        0.00000        0.00000
wrapping first mol.:      -75.81221        0.00000        0.00000

 NSTEP =  2825000   TIME(PS) =    7350.000  TEMP(K) =   299.05  PRESS =     0.0
 Etot   =   -116965.3502  EKtot   =     20455.6152  EPtot      =   -137420.9654
 BOND   =       597.1435  ANGLE   =      1533.4492  DIHED      =       987.6942
 UB     =         0.0000  IMP     =         0.0000  CMAP       =       128.3943
 1-4 NB =       653.4270  1-4 EEL =      5831.5033  VDWAALS    =     16228.3631
 EELEC  =   -163380.9400  EHBOND  =         0.0000  RESTRAINT  =         0.0000
 EKCMT  =         0.0000  VIRIAL  =         0.0000  VOLUME     =    335425.1630
                                                    Density    =         1.0272
 ------------------------------------------------------------------------------

wrapping first mol.:      -75.76405        0.00000        0.00000
wrapping first mol.:      -75.76405        0.00000        0.00000
wrapping first mol.:      -75.67403        0.00000        0.00000
wrapping first mol.:      -75.67403        0.00000        0.00000
wrapping first mol.:      -75.69059        0.00000        0.00000
wrapping first mol.:      -75.69059        0.00000        0.00000
wrapping first mol.:      -75.66156        0.00000        0.00000
wrapping first mol.:      -75.66156        0.00000        0.00000
wrapping first mol.:      -75.72105        0.00000        0.00000
wrapping first mol.:      -75.72105        0.00000        0.00000

 NSTEP =  2850000   TIME(PS) =    7400.000  TEMP(K) =   300.37  PRESS =     0.0
 Etot   =   -116936.1253  EKtot   =     20546.1250  EPtot      =   -137482.2503
 BOND   =       553.0024  ANGLE   =      1495.0181  DIHED      =       971.4766
 UB     =         0.0000  IMP     =         0.0000  CMAP       =       134.8963
 1-4 NB =       658.6884  1-4 EEL =      5843.5530  VDWAALS    =     16371.8003
 EELEC  =   -163510.6855  EHBOND  =         0.0000  RESTRAINT  =         0.0000
 EKCMT  =         0.0000  VIRIAL  =         0.0000  VOLUME     =    334216.5367
                                                    Density    =         1.0309
 ------------------------------------------------------------------------------

wrapping first mol.:      -75.71548        0.00000        0.00000
wrapping first mol.:      -75.71548        0.00000        0.00000
wrapping first mol.:      -75.75764        0.00000        0.00000
wrapping first mol.:      -75.75764        0.00000        0.00000
wrapping first mol.:      -75.65485        0.00000        0.00000
wrapping first mol.:      -75.65485        0.00000        0.00000
wrapping first mol.:      -75.68343        0.00000        0.00000
wrapping first mol.:      -75.68343        0.00000        0.00000
wrapping first mol.:      -75.73132        0.00000        0.00000
wrapping first mol.:      -75.73132        0.00000        0.00000

 NSTEP =  2875000   TIME(PS) =    7450.000  TEMP(K) =   300.54  PRESS =     0.0
 Etot   =   -117191.0411  EKtot   =     20557.8184  EPtot      =   -137748.8594
 BOND   =       584.2391  ANGLE   =      1496.3005  DIHED      =       970.8025
 UB     =         0.0000  IMP     =         0.0000  CMAP       =       129.5403
 1-4 NB =       662.4254  1-4 EEL =      5883.1771  VDWAALS    =     16248.5019
 EELEC  =   -163723.8463  EHBOND  =         0.0000  RESTRAINT  =         0.0000
 EKCMT  =         0.0000  VIRIAL  =         0.0000  VOLUME     =    334352.5680
                                                    Density    =         1.0304
 ------------------------------------------------------------------------------

wrapping first mol.:      -75.76744        0.00000        0.00000
wrapping first mol.:      -75.76744        0.00000        0.00000
wrapping first mol.:      -75.70471        0.00000        0.00000
wrapping first mol.:      -75.70471        0.00000        0.00000
wrapping first mol.:      -75.73670        0.00000        0.00000
wrapping first mol.:      -75.73670        0.00000        0.00000
wrapping first mol.:      -75.71683        0.00000        0.00000
wrapping first mol.:      -75.71683        0.00000        0.00000
wrapping first mol.:      -75.70550        0.00000        0.00000
wrapping first mol.:      -75.70550        0.00000        0.00000

 NSTEP =  2900000   TIME(PS) =    7500.000  TEMP(K) =   299.44  PRESS =     0.0
 Etot   =   -117126.2856  EKtot   =     20482.4648  EPtot      =   -137608.7505
 BOND   =       618.0213  ANGLE   =      1523.7845  DIHED      =       977.6883
 UB     =         0.0000  IMP     =         0.0000  CMAP       =       127.4199
 1-4 NB =       639.0106  1-4 EEL =      5839.1789  VDWAALS    =     16502.5022
 EELEC  =   -163836.3562  EHBOND  =         0.0000  RESTRAINT  =         0.0000
 EKCMT  =         0.0000  VIRIAL  =         0.0000  VOLUME     =    334010.7553
                                                    Density    =         1.0315
 ------------------------------------------------------------------------------

wrapping first mol.:      -75.75485        0.00000        0.00000
wrapping first mol.:      -75.75485        0.00000        0.00000
wrapping first mol.:      -75.80583        0.00000        0.00000
wrapping first mol.:      -75.80583        0.00000        0.00000
wrapping first mol.:      -75.75878        0.00000        0.00000
wrapping first mol.:      -75.75878        0.00000        0.00000
wrapping first mol.:      -75.76475        0.00000        0.00000
wrapping first mol.:      -75.76475        0.00000        0.00000
wrapping first mol.:      -75.79401        0.00000        0.00000
wrapping first mol.:      -75.79401        0.00000        0.00000

 NSTEP =  2925000   TIME(PS) =    7550.000  TEMP(K) =   299.35  PRESS =     0.0
 Etot   =   -116925.1337  EKtot   =     20476.4160  EPtot      =   -137401.5497
 BOND   =       581.7453  ANGLE   =      1550.9489  DIHED      =       985.7936
 UB     =         0.0000  IMP     =         0.0000  CMAP       =       131.3454
 1-4 NB =       640.0438  1-4 EEL =      5803.5076  VDWAALS    =     16775.4695
 EELEC  =   -163870.4038  EHBOND  =         0.0000  RESTRAINT  =         0.0000
 EKCMT  =         0.0000  VIRIAL  =         0.0000  VOLUME     =    335183.6437
                                                    Density    =         1.0279
 ------------------------------------------------------------------------------

wrapping first mol.:      -75.66559        0.00000        0.00000
wrapping first mol.:      -75.66559        0.00000        0.00000
wrapping first mol.:      -75.72702        0.00000        0.00000
wrapping first mol.:      -75.72702        0.00000        0.00000
wrapping first mol.:      -75.72167        0.00000        0.00000
wrapping first mol.:      -75.72167        0.00000        0.00000
wrapping first mol.:      -75.62898        0.00000        0.00000
wrapping first mol.:      -75.62898        0.00000        0.00000
wrapping first mol.:      -75.70260        0.00000        0.00000
wrapping first mol.:      -75.70260        0.00000        0.00000

 NSTEP =  2950000   TIME(PS) =    7600.000  TEMP(K) =   299.03  PRESS =     0.0
 Etot   =   -117155.3632  EKtot   =     20454.6406  EPtot      =   -137610.0039
 BOND   =       564.9141  ANGLE   =      1472.5436  DIHED      =       998.5616
 UB     =         0.0000  IMP     =         0.0000  CMAP       =       143.2633
 1-4 NB =       649.3048  1-4 EEL =      5880.3181  VDWAALS    =     16482.3170
 EELEC  =   -163801.2264  EHBOND  =         0.0000  RESTRAINT  =         0.0000
 EKCMT  =         0.0000  VIRIAL  =         0.0000  VOLUME     =    333972.2953
                                                    Density    =         1.0316
 ------------------------------------------------------------------------------

wrapping first mol.:      -75.61807        0.00000        0.00000
wrapping first mol.:      -75.61807        0.00000        0.00000
wrapping first mol.:      -75.65577        0.00000        0.00000
wrapping first mol.:      -75.65577        0.00000        0.00000
wrapping first mol.:      -75.66145        0.00000        0.00000
wrapping first mol.:      -75.66145        0.00000        0.00000
wrapping first mol.:      -75.62826        0.00000        0.00000
wrapping first mol.:      -75.62826        0.00000        0.00000
wrapping first mol.:      -75.67831        0.00000        0.00000
wrapping first mol.:      -75.67831        0.00000        0.00000

 NSTEP =  2975000   TIME(PS) =    7650.000  TEMP(K) =   299.40  PRESS =     0.0
 Etot   =   -116937.5020  EKtot   =     20479.9043  EPtot      =   -137417.4063
 BOND   =       595.8451  ANGLE   =      1550.3307  DIHED      =      1022.0472
 UB     =         0.0000  IMP     =         0.0000  CMAP       =       138.0381
 1-4 NB =       644.5907  1-4 EEL =      5839.0573  VDWAALS    =     16570.5607
 EELEC  =   -163777.8760  EHBOND  =         0.0000  RESTRAINT  =         0.0000
 EKCMT  =         0.0000  VIRIAL  =         0.0000  VOLUME     =    333650.9924
                                                    Density    =         1.0326
 ------------------------------------------------------------------------------

wrapping first mol.:      -75.57183        0.00000        0.00000
wrapping first mol.:      -75.57183        0.00000        0.00000
wrapping first mol.:      -75.76682        0.00000        0.00000
wrapping first mol.:      -75.76682        0.00000        0.00000
wrapping first mol.:      -75.69473        0.00000        0.00000
wrapping first mol.:      -75.69473        0.00000        0.00000
wrapping first mol.:      -75.71235        0.00000        0.00000
wrapping first mol.:      -75.71235        0.00000        0.00000
wrapping first mol.:      -75.61750        0.00000        0.00000
wrapping first mol.:      -75.61750        0.00000        0.00000

 NSTEP =  3000000   TIME(PS) =    7700.000  TEMP(K) =   300.48  PRESS =     0.0
 Etot   =   -116850.3062  EKtot   =     20553.6934  EPtot      =   -137403.9996
 BOND   =       579.5893  ANGLE   =      1519.4508  DIHED      =      1011.7299
 UB     =         0.0000  IMP     =         0.0000  CMAP       =       145.0160
 1-4 NB =       633.0687  1-4 EEL =      5827.2956  VDWAALS    =     16318.6859
 EELEC  =   -163438.8358  EHBOND  =         0.0000  RESTRAINT  =         0.0000
 EKCMT  =         0.0000  VIRIAL  =         0.0000  VOLUME     =    332847.3607
                                                    Density    =         1.0351
 ------------------------------------------------------------------------------

wrapping first mol.:      -75.75418        0.00000        0.00000
wrapping first mol.:      -75.75418        0.00000        0.00000
wrapping first mol.:      -75.78363        0.00000        0.00000
wrapping first mol.:      -75.78363        0.00000        0.00000
wrapping first mol.:      -75.77672        0.00000        0.00000
wrapping first mol.:      -75.77672        0.00000        0.00000
wrapping first mol.:      -75.63200        0.00000        0.00000
wrapping first mol.:      -75.63200        0.00000        0.00000
wrapping first mol.:      -75.69589        0.00000        0.00000
wrapping first mol.:      -75.69589        0.00000        0.00000

 NSTEP =  3025000   TIME(PS) =    7750.000  TEMP(K) =   304.81  PRESS =     0.0
 Etot   =   -116732.0225  EKtot   =     20850.1152  EPtot      =   -137582.1378
 BOND   =       580.0566  ANGLE   =      1551.1745  DIHED      =       974.3669
 UB     =         0.0000  IMP     =         0.0000  CMAP       =       137.4675
 1-4 NB =       637.3651  1-4 EEL =      5863.5643  VDWAALS    =     16596.4184
 EELEC  =   -163922.5512  EHBOND  =         0.0000  RESTRAINT  =         0.0000
 EKCMT  =         0.0000  VIRIAL  =         0.0000  VOLUME     =    333883.5806
                                                    Density    =         1.0319
 ------------------------------------------------------------------------------

wrapping first mol.:      -75.75859        0.00000        0.00000
wrapping first mol.:      -75.75859        0.00000        0.00000
wrapping first mol.:      -75.73374        0.00000        0.00000
wrapping first mol.:      -75.73374        0.00000        0.00000
wrapping first mol.:      -75.62541        0.00000        0.00000
wrapping first mol.:      -75.62541        0.00000        0.00000
wrapping first mol.:      -75.65719        0.00000        0.00000
wrapping first mol.:      -75.65719        0.00000        0.00000
wrapping first mol.:      -75.70791        0.00000        0.00000
wrapping first mol.:      -75.70791        0.00000        0.00000

 NSTEP =  3050000   TIME(PS) =    7800.000  TEMP(K) =   297.55  PRESS =     0.0
 Etot   =   -117292.5175  EKtot   =     20353.0977  EPtot      =   -137645.6151
 BOND   =       549.4071  ANGLE   =      1499.0551  DIHED      =       970.0903
 UB     =         0.0000  IMP     =         0.0000  CMAP       =       135.2090
 1-4 NB =       640.4791  1-4 EEL =      5890.7210  VDWAALS    =     16452.7312
 EELEC  =   -163783.3079  EHBOND  =         0.0000  RESTRAINT  =         0.0000
 EKCMT  =         0.0000  VIRIAL  =         0.0000  VOLUME     =    334042.6373
                                                    Density    =         1.0314
 ------------------------------------------------------------------------------

wrapping first mol.:      -75.65903        0.00000        0.00000
wrapping first mol.:      -75.65903        0.00000        0.00000
wrapping first mol.:      -75.76103        0.00000        0.00000
wrapping first mol.:      -75.76103        0.00000        0.00000
wrapping first mol.:      -75.60302        0.00000        0.00000
wrapping first mol.:      -75.60302        0.00000        0.00000
wrapping first mol.:      -75.72782        0.00000        0.00000
wrapping first mol.:      -75.72782        0.00000        0.00000
wrapping first mol.:      -75.66405        0.00000        0.00000
wrapping first mol.:      -75.66405        0.00000        0.00000

 NSTEP =  3075000   TIME(PS) =    7850.000  TEMP(K) =   300.16  PRESS =     0.0
 Etot   =   -117298.2129  EKtot   =     20532.0625  EPtot      =   -137830.2754
 BOND   =       579.9429  ANGLE   =      1510.8224  DIHED      =       977.7330
 UB     =         0.0000  IMP     =         0.0000  CMAP       =       142.7678
 1-4 NB =       626.0145  1-4 EEL =      5893.5769  VDWAALS    =     16210.2233
 EELEC  =   -163771.3561  EHBOND  =         0.0000  RESTRAINT  =         0.0000
 EKCMT  =         0.0000  VIRIAL  =         0.0000  VOLUME     =    333462.4392
                                                    Density    =         1.0332
 ------------------------------------------------------------------------------

wrapping first mol.:      -75.65497        0.00000        0.00000
wrapping first mol.:      -75.65497        0.00000        0.00000
wrapping first mol.:      -75.68644        0.00000        0.00000
wrapping first mol.:      -75.68644        0.00000        0.00000
wrapping first mol.:      -75.73050        0.00000        0.00000
wrapping first mol.:      -75.73050        0.00000        0.00000
wrapping first mol.:      -75.75896        0.00000        0.00000
wrapping first mol.:      -75.75896        0.00000        0.00000
wrapping first mol.:      -75.66796        0.00000        0.00000
wrapping first mol.:      -75.66796        0.00000        0.00000

 NSTEP =  3100000   TIME(PS) =    7900.000  TEMP(K) =   298.93  PRESS =     0.0
 Etot   =   -117484.2392  EKtot   =     20447.5996  EPtot      =   -137931.8388
 BOND   =       560.7199  ANGLE   =      1501.3610  DIHED      =       984.0212
 UB     =         0.0000  IMP     =         0.0000  CMAP       =       139.3555
 1-4 NB =       643.4011  1-4 EEL =      5906.9071  VDWAALS    =     16711.0685
 EELEC  =   -164378.6732  EHBOND  =         0.0000  RESTRAINT  =         0.0000
 EKCMT  =         0.0000  VIRIAL  =         0.0000  VOLUME     =    333514.1407
                                                    Density    =         1.0330
 ------------------------------------------------------------------------------

wrapping first mol.:      -75.67518        0.00000        0.00000
wrapping first mol.:      -75.67518        0.00000        0.00000
wrapping first mol.:      -75.63595        0.00000        0.00000
wrapping first mol.:      -75.63595        0.00000        0.00000
wrapping first mol.:      -75.77597        0.00000        0.00000
wrapping first mol.:      -75.77597        0.00000        0.00000
wrapping first mol.:      -75.75320        0.00000        0.00000
wrapping first mol.:      -75.75320        0.00000        0.00000
wrapping first mol.:      -75.65377        0.00000        0.00000
wrapping first mol.:      -75.65377        0.00000        0.00000

 NSTEP =  3125000   TIME(PS) =    7950.000  TEMP(K) =   297.45  PRESS =     0.0
 Etot   =   -117511.5520  EKtot   =     20346.4785  EPtot      =   -137858.0305
 BOND   =       564.8892  ANGLE   =      1511.1601  DIHED      =       931.3924
 UB     =         0.0000  IMP     =         0.0000  CMAP       =       140.9822
 1-4 NB =       656.7540  1-4 EEL =      5884.3939  VDWAALS    =     16787.6826
 EELEC  =   -164335.2850  EHBOND  =         0.0000  RESTRAINT  =         0.0000
 EKCMT  =         0.0000  VIRIAL  =         0.0000  VOLUME     =    333326.5064
                                                    Density    =         1.0336
 ------------------------------------------------------------------------------

wrapping first mol.:      -75.72962        0.00000        0.00000
wrapping first mol.:      -75.72962        0.00000        0.00000
wrapping first mol.:      -75.77195        0.00000        0.00000
wrapping first mol.:      -75.77195        0.00000        0.00000
wrapping first mol.:      -75.68699        0.00000        0.00000
wrapping first mol.:      -75.68699        0.00000        0.00000
wrapping first mol.:      -75.73513        0.00000        0.00000
wrapping first mol.:      -75.73513        0.00000        0.00000
wrapping first mol.:      -75.70029        0.00000        0.00000
wrapping first mol.:      -75.70029        0.00000        0.00000

 NSTEP =  3150000   TIME(PS) =    8000.000  TEMP(K) =   297.10  PRESS =     0.0
 Etot   =   -117275.7101  EKtot   =     20322.5977  EPtot      =   -137598.3077
 BOND   =       566.5176  ANGLE   =      1497.5408  DIHED      =       968.3520
 UB     =         0.0000  IMP     =         0.0000  CMAP       =       131.0506
 1-4 NB =       645.6496  1-4 EEL =      5854.6844  VDWAALS    =     16263.2975
 EELEC  =   -163525.4002  EHBOND  =         0.0000  RESTRAINT  =         0.0000
 EKCMT  =         0.0000  VIRIAL  =         0.0000  VOLUME     =    333941.8492
                                                    Density    =         1.0317
 ------------------------------------------------------------------------------

wrapping first mol.:      -75.70817        0.00000        0.00000
wrapping first mol.:      -75.70817        0.00000        0.00000
wrapping first mol.:      -75.60145        0.00000        0.00000
wrapping first mol.:      -75.60145        0.00000        0.00000
wrapping first mol.:      -75.73558        0.00000        0.00000
wrapping first mol.:      -75.73558        0.00000        0.00000
wrapping first mol.:      -75.63825        0.00000        0.00000
wrapping first mol.:      -75.63825        0.00000        0.00000
wrapping first mol.:      -75.69502        0.00000        0.00000
wrapping first mol.:      -75.69502        0.00000        0.00000

 NSTEP =  3175000   TIME(PS) =    8050.000  TEMP(K) =   298.39  PRESS =     0.0
 Etot   =   -117179.3530  EKtot   =     20410.7578  EPtot      =   -137590.1108
 BOND   =       599.4655  ANGLE   =      1578.3661  DIHED      =       986.7251
 UB     =         0.0000  IMP     =         0.0000  CMAP       =       130.0564
 1-4 NB =       627.4042  1-4 EEL =      5857.2476  VDWAALS    =     16836.8281
 EELEC  =   -164206.2038  EHBOND  =         0.0000  RESTRAINT  =         0.0000
 EKCMT  =         0.0000  VIRIAL  =         0.0000  VOLUME     =    333872.1020
                                                    Density    =         1.0319
 ------------------------------------------------------------------------------

wrapping first mol.:      -75.61503        0.00000        0.00000
wrapping first mol.:      -75.61503        0.00000        0.00000
wrapping first mol.:      -75.65881        0.00000        0.00000
wrapping first mol.:      -75.65881        0.00000        0.00000
wrapping first mol.:      -75.71709        0.00000        0.00000
wrapping first mol.:      -75.71709        0.00000        0.00000
wrapping first mol.:      -75.56676        0.00000        0.00000
wrapping first mol.:      -75.56676        0.00000        0.00000
wrapping first mol.:      -75.75789        0.00000        0.00000
wrapping first mol.:      -75.75789        0.00000        0.00000

 NSTEP =  3200000   TIME(PS) =    8100.000  TEMP(K) =   299.58  PRESS =     0.0
 Etot   =   -117187.3958  EKtot   =     20492.4863  EPtot      =   -137679.8821
 BOND   =       501.2403  ANGLE   =      1574.7002  DIHED      =       965.0366
 UB     =         0.0000  IMP     =         0.0000  CMAP       =       137.4388
 1-4 NB =       651.7078  1-4 EEL =      5854.0788  VDWAALS    =     16608.1743
 EELEC  =   -163972.2589  EHBOND  =         0.0000  RESTRAINT  =         0.0000
 EKCMT  =         0.0000  VIRIAL  =         0.0000  VOLUME     =    334704.6706
                                                    Density    =         1.0294
 ------------------------------------------------------------------------------

wrapping first mol.:      -75.73297        0.00000        0.00000
wrapping first mol.:      -75.73297        0.00000        0.00000
wrapping first mol.:      -75.69064        0.00000        0.00000
wrapping first mol.:      -75.69064        0.00000        0.00000
wrapping first mol.:      -75.66334        0.00000        0.00000
wrapping first mol.:      -75.66334        0.00000        0.00000
wrapping first mol.:      -75.76766        0.00000        0.00000
wrapping first mol.:      -75.76766        0.00000        0.00000
wrapping first mol.:      -75.64011        0.00000        0.00000
wrapping first mol.:      -75.64011        0.00000        0.00000

 NSTEP =  3225000   TIME(PS) =    8150.000  TEMP(K) =   301.66  PRESS =     0.0
 Etot   =   -117064.7275  EKtot   =     20634.4746  EPtot      =   -137699.2021
 BOND   =       545.0968  ANGLE   =      1520.4385  DIHED      =       963.5020
 UB     =         0.0000  IMP     =         0.0000  CMAP       =       140.4236
 1-4 NB =       654.6738  1-4 EEL =      5864.2723  VDWAALS    =     16239.4271
 EELEC  =   -163627.0362  EHBOND  =         0.0000  RESTRAINT  =         0.0000
 EKCMT  =         0.0000  VIRIAL  =         0.0000  VOLUME     =    333146.0041
                                                    Density    =         1.0342
 ------------------------------------------------------------------------------

wrapping first mol.:      -75.74243        0.00000        0.00000
wrapping first mol.:      -75.74243        0.00000        0.00000
wrapping first mol.:      -75.65291        0.00000        0.00000
wrapping first mol.:      -75.65291        0.00000        0.00000
wrapping first mol.:      -75.68106        0.00000        0.00000
wrapping first mol.:      -75.68106        0.00000        0.00000
wrapping first mol.:      -75.65987        0.00000        0.00000
wrapping first mol.:      -75.65987        0.00000        0.00000
wrapping first mol.:      -75.76333        0.00000        0.00000
wrapping first mol.:      -75.76333        0.00000        0.00000

 NSTEP =  3250000   TIME(PS) =    8200.000  TEMP(K) =   301.73  PRESS =     0.0
 Etot   =   -117225.0321  EKtot   =     20639.4297  EPtot      =   -137864.4618
 BOND   =       593.0062  ANGLE   =      1538.4097  DIHED      =      1012.9539
 UB     =         0.0000  IMP     =         0.0000  CMAP       =       136.5334
 1-4 NB =       648.5087  1-4 EEL =      5855.3615  VDWAALS    =     16552.0076
 EELEC  =   -164201.2427  EHBOND  =         0.0000  RESTRAINT  =         0.0000
 EKCMT  =         0.0000  VIRIAL  =         0.0000  VOLUME     =    334776.7447
                                                    Density    =         1.0291
 ------------------------------------------------------------------------------

wrapping first mol.:      -75.73141        0.00000        0.00000
wrapping first mol.:      -75.73141        0.00000        0.00000
wrapping first mol.:      -75.67741        0.00000        0.00000
wrapping first mol.:      -75.67741        0.00000        0.00000
wrapping first mol.:      -75.76999        0.00000        0.00000
wrapping first mol.:      -75.76999        0.00000        0.00000
wrapping first mol.:      -75.78907        0.00000        0.00000
wrapping first mol.:      -75.78907        0.00000        0.00000
wrapping first mol.:      -75.70559        0.00000        0.00000
wrapping first mol.:      -75.70559        0.00000        0.00000

 NSTEP =  3275000   TIME(PS) =    8250.000  TEMP(K) =   302.66  PRESS =     0.0
 Etot   =   -116927.7463  EKtot   =     20702.9316  EPtot      =   -137630.6779
 BOND   =       577.7704  ANGLE   =      1516.8089  DIHED      =      1011.9868
 UB     =         0.0000  IMP     =         0.0000  CMAP       =       140.3473
 1-4 NB =       654.1470  1-4 EEL =      5863.8341  VDWAALS    =     16385.3451
 EELEC  =   -163780.9176  EHBOND  =         0.0000  RESTRAINT  =         0.0000
 EKCMT  =         0.0000  VIRIAL  =         0.0000  VOLUME     =    334011.8880
                                                    Density    =         1.0315
 ------------------------------------------------------------------------------

wrapping first mol.:      -75.70461        0.00000        0.00000
wrapping first mol.:      -75.70461        0.00000        0.00000
wrapping first mol.:      -75.58794        0.00000        0.00000
wrapping first mol.:      -75.58794        0.00000        0.00000
wrapping first mol.:      -75.78849        0.00000        0.00000
wrapping first mol.:      -75.78849        0.00000        0.00000
wrapping first mol.:      -75.66662        0.00000        0.00000
wrapping first mol.:      -75.66662        0.00000        0.00000
wrapping first mol.:      -75.64178        0.00000        0.00000
wrapping first mol.:      -75.64178        0.00000        0.00000

 NSTEP =  3300000   TIME(PS) =    8300.000  TEMP(K) =   298.09  PRESS =     0.0
 Etot   =   -117212.3151  EKtot   =     20390.4961  EPtot      =   -137602.8112
 BOND   =       582.4870  ANGLE   =      1600.7140  DIHED      =       954.1863
 UB     =         0.0000  IMP     =         0.0000  CMAP       =       131.3015
 1-4 NB =       652.2663  1-4 EEL =      5855.6410  VDWAALS    =     16524.0230
 EELEC  =   -163903.4303  EHBOND  =         0.0000  RESTRAINT  =         0.0000
 EKCMT  =         0.0000  VIRIAL  =         0.0000  VOLUME     =    333167.9980
                                                    Density    =         1.0341
 ------------------------------------------------------------------------------

wrapping first mol.:      -75.75043        0.00000        0.00000
wrapping first mol.:      -75.75043        0.00000        0.00000
wrapping first mol.:      -75.66869        0.00000        0.00000
wrapping first mol.:      -75.66869        0.00000        0.00000
wrapping first mol.:      -75.84244        0.00000        0.00000
wrapping first mol.:      -75.84244        0.00000        0.00000
wrapping first mol.:      -75.69294        0.00000        0.00000
wrapping first mol.:      -75.69294        0.00000        0.00000
wrapping first mol.:      -75.68684        0.00000        0.00000
wrapping first mol.:      -75.68684        0.00000        0.00000

 NSTEP =  3325000   TIME(PS) =    8350.000  TEMP(K) =   297.87  PRESS =     0.0
 Etot   =   -116939.9739  EKtot   =     20375.2480  EPtot      =   -137315.2219
 BOND   =       588.4340  ANGLE   =      1456.0687  DIHED      =      1015.4929
 UB     =         0.0000  IMP     =         0.0000  CMAP       =       138.9549
 1-4 NB =       648.5363  1-4 EEL =      5825.4010  VDWAALS    =     15909.7672
 EELEC  =   -162897.8768  EHBOND  =         0.0000  RESTRAINT  =         0.0000
 EKCMT  =         0.0000  VIRIAL  =         0.0000  VOLUME     =    333763.8258
                                                    Density    =         1.0323
 ------------------------------------------------------------------------------

wrapping first mol.:      -75.67574        0.00000        0.00000
wrapping first mol.:      -75.67574        0.00000        0.00000
wrapping first mol.:      -75.76832        0.00000        0.00000
wrapping first mol.:      -75.76832        0.00000        0.00000
wrapping first mol.:      -75.66159        0.00000        0.00000
wrapping first mol.:      -75.66159        0.00000        0.00000
wrapping first mol.:      -75.62590        0.00000        0.00000
wrapping first mol.:      -75.62590        0.00000        0.00000
wrapping first mol.:      -75.71802        0.00000        0.00000
wrapping first mol.:      -75.71802        0.00000        0.00000

 NSTEP =  3350000   TIME(PS) =    8400.000  TEMP(K) =   296.76  PRESS =     0.0
 Etot   =   -117349.1527  EKtot   =     20299.4922  EPtot      =   -137648.6449
 BOND   =       532.3344  ANGLE   =      1521.1303  DIHED      =      1002.5709
 UB     =         0.0000  IMP     =         0.0000  CMAP       =       142.1988
 1-4 NB =       667.1807  1-4 EEL =      5835.1924  VDWAALS    =     16545.1129
 EELEC  =   -163894.3653  EHBOND  =         0.0000  RESTRAINT  =         0.0000
 EKCMT  =         0.0000  VIRIAL  =         0.0000  VOLUME     =    334176.5246
                                                    Density    =         1.0310
 ------------------------------------------------------------------------------

wrapping first mol.:      -75.65067        0.00000        0.00000
wrapping first mol.:      -75.65067        0.00000        0.00000
wrapping first mol.:      -75.70106        0.00000        0.00000
wrapping first mol.:      -75.70106        0.00000        0.00000
wrapping first mol.:      -75.74465        0.00000        0.00000
wrapping first mol.:      -75.74465        0.00000        0.00000
wrapping first mol.:      -75.65358        0.00000        0.00000
wrapping first mol.:      -75.65358        0.00000        0.00000
wrapping first mol.:      -75.65565        0.00000        0.00000
wrapping first mol.:      -75.65565        0.00000        0.00000

 NSTEP =  3375000   TIME(PS) =    8450.000  TEMP(K) =   299.58  PRESS =     0.0
 Etot   =   -116902.6376  EKtot   =     20492.3770  EPtot      =   -137395.0146
 BOND   =       581.2497  ANGLE   =      1524.5926  DIHED      =       976.6834
 UB     =         0.0000  IMP     =         0.0000  CMAP       =       144.9734
 1-4 NB =       661.1890  1-4 EEL =      5912.0610  VDWAALS    =     16510.1866
 EELEC  =   -163705.9502  EHBOND  =         0.0000  RESTRAINT  =         0.0000
 EKCMT  =         0.0000  VIRIAL  =         0.0000  VOLUME     =    333351.4106
                                                    Density    =         1.0335
 ------------------------------------------------------------------------------

wrapping first mol.:      -75.75001        0.00000        0.00000
wrapping first mol.:      -75.75001        0.00000        0.00000
wrapping first mol.:      -75.69314        0.00000        0.00000
wrapping first mol.:      -75.69314        0.00000        0.00000
wrapping first mol.:      -75.69506        0.00000        0.00000
wrapping first mol.:      -75.69506        0.00000        0.00000
wrapping first mol.:      -75.72077        0.00000        0.00000
wrapping first mol.:      -75.72077        0.00000        0.00000
wrapping first mol.:      -75.66877        0.00000        0.00000
wrapping first mol.:      -75.66877        0.00000        0.00000

 NSTEP =  3400000   TIME(PS) =    8500.000  TEMP(K) =   299.38  PRESS =     0.0
 Etot   =   -117135.7439  EKtot   =     20478.2070  EPtot      =   -137613.9509
 BOND   =       527.8211  ANGLE   =      1542.2525  DIHED      =       977.0307
 UB     =         0.0000  IMP     =         0.0000  CMAP       =       127.4648
 1-4 NB =       648.5635  1-4 EEL =      5831.5185  VDWAALS    =     16292.6676
 EELEC  =   -163561.2696  EHBOND  =         0.0000  RESTRAINT  =         0.0000
 EKCMT  =         0.0000  VIRIAL  =         0.0000  VOLUME     =    333524.8003
                                                    Density    =         1.0330
 ------------------------------------------------------------------------------

wrapping first mol.:      -75.74428        0.00000        0.00000
wrapping first mol.:      -75.74428        0.00000        0.00000
wrapping first mol.:      -75.75020        0.00000        0.00000
wrapping first mol.:      -75.75020        0.00000        0.00000
wrapping first mol.:      -75.70322        0.00000        0.00000
wrapping first mol.:      -75.70322        0.00000        0.00000
wrapping first mol.:      -75.78111        0.00000        0.00000
wrapping first mol.:      -75.78111        0.00000        0.00000
wrapping first mol.:      -75.63399        0.00000        0.00000
wrapping first mol.:      -75.63399        0.00000        0.00000

 NSTEP =  3425000   TIME(PS) =    8550.000  TEMP(K) =   302.91  PRESS =     0.0
 Etot   =   -116938.9088  EKtot   =     20719.8223  EPtot      =   -137658.7311
 BOND   =       547.5068  ANGLE   =      1527.9157  DIHED      =       951.6914
 UB     =         0.0000  IMP     =         0.0000  CMAP       =       129.4500
 1-4 NB =       656.9137  1-4 EEL =      5850.4696  VDWAALS    =     16190.8847
 EELEC  =   -163513.5630  EHBOND  =         0.0000  RESTRAINT  =         0.0000
 EKCMT  =         0.0000  VIRIAL  =         0.0000  VOLUME     =    333065.0901
                                                    Density    =         1.0344
 ------------------------------------------------------------------------------

wrapping first mol.:      -75.71733        0.00000        0.00000
wrapping first mol.:      -75.71733        0.00000        0.00000
wrapping first mol.:      -75.64507        0.00000        0.00000
wrapping first mol.:      -75.64507        0.00000        0.00000
wrapping first mol.:      -75.72894        0.00000        0.00000
wrapping first mol.:      -75.72894        0.00000        0.00000
wrapping first mol.:      -75.77726        0.00000        0.00000
wrapping first mol.:      -75.77726        0.00000        0.00000
wrapping first mol.:      -75.71758        0.00000        0.00000
wrapping first mol.:      -75.71758        0.00000        0.00000

 NSTEP =  3450000   TIME(PS) =    8600.000  TEMP(K) =   300.66  PRESS =     0.0
 Etot   =   -116760.4307  EKtot   =     20565.9707  EPtot      =   -137326.4014
 BOND   =       564.4055  ANGLE   =      1484.2701  DIHED      =       987.8274
 UB     =         0.0000  IMP     =         0.0000  CMAP       =       147.3309
 1-4 NB =       661.7373  1-4 EEL =      5842.3112  VDWAALS    =     16154.2630
 EELEC  =   -163168.5468  EHBOND  =         0.0000  RESTRAINT  =         0.0000
 EKCMT  =         0.0000  VIRIAL  =         0.0000  VOLUME     =    334170.6267
                                                    Density    =         1.0310
 ------------------------------------------------------------------------------

wrapping first mol.:      -75.60565        0.00000        0.00000
wrapping first mol.:      -75.60565        0.00000        0.00000
wrapping first mol.:      -75.65516        0.00000        0.00000
wrapping first mol.:      -75.65516        0.00000        0.00000
wrapping first mol.:      -75.71705        0.00000        0.00000
wrapping first mol.:      -75.71705        0.00000        0.00000
wrapping first mol.:      -75.77637        0.00000        0.00000
wrapping first mol.:      -75.77637        0.00000        0.00000
wrapping first mol.:      -75.67324        0.00000        0.00000
wrapping first mol.:      -75.67324        0.00000        0.00000

 NSTEP =  3475000   TIME(PS) =    8650.000  TEMP(K) =   298.57  PRESS =     0.0
 Etot   =   -117208.8978  EKtot   =     20422.8555  EPtot      =   -137631.7532
 BOND   =       547.6383  ANGLE   =      1484.8533  DIHED      =      1019.2109
 UB     =         0.0000  IMP     =         0.0000  CMAP       =       131.7119
 1-4 NB =       658.6875  1-4 EEL =      5833.0221  VDWAALS    =     16481.0291
 EELEC  =   -163787.9064  EHBOND  =         0.0000  RESTRAINT  =         0.0000
 EKCMT  =         0.0000  VIRIAL  =         0.0000  VOLUME     =    333583.9584
                                                    Density    =         1.0328
 ------------------------------------------------------------------------------

wrapping first mol.:      -75.67925        0.00000        0.00000
wrapping first mol.:      -75.67925        0.00000        0.00000
wrapping first mol.:      -75.73951        0.00000        0.00000
wrapping first mol.:      -75.73951        0.00000        0.00000
wrapping first mol.:      -75.55883        0.00000        0.00000
wrapping first mol.:      -75.55883        0.00000        0.00000
wrapping first mol.:      -75.69618        0.00000        0.00000
wrapping first mol.:      -75.69618        0.00000        0.00000
wrapping first mol.:      -75.57114        0.00000        0.00000
wrapping first mol.:      -75.57114        0.00000        0.00000

 NSTEP =  3500000   TIME(PS) =    8700.000  TEMP(K) =   302.08  PRESS =     0.0
 Etot   =   -116810.7941  EKtot   =     20663.0332  EPtot      =   -137473.8273
 BOND   =       593.7464  ANGLE   =      1458.6624  DIHED      =       998.0964
 UB     =         0.0000  IMP     =         0.0000  CMAP       =       131.9710
 1-4 NB =       656.8967  1-4 EEL =      5821.3297  VDWAALS    =     16082.9899
 EELEC  =   -163217.5198  EHBOND  =         0.0000  RESTRAINT  =         0.0000
 EKCMT  =         0.0000  VIRIAL  =         0.0000  VOLUME     =    332235.5482
                                                    Density    =         1.0370
 ------------------------------------------------------------------------------

wrapping first mol.:      -75.71533        0.00000        0.00000
wrapping first mol.:      -75.71533        0.00000        0.00000
wrapping first mol.:      -75.70237        0.00000        0.00000
wrapping first mol.:      -75.70237        0.00000        0.00000
wrapping first mol.:      -75.73956        0.00000        0.00000
wrapping first mol.:      -75.73956        0.00000        0.00000
wrapping first mol.:      -75.76960        0.00000        0.00000
wrapping first mol.:      -75.76960        0.00000        0.00000
wrapping first mol.:      -75.84349        0.00000        0.00000
wrapping first mol.:      -75.84349        0.00000        0.00000

 NSTEP =  3525000   TIME(PS) =    8750.000  TEMP(K) =   301.53  PRESS =     0.0
 Etot   =   -116819.2542  EKtot   =     20625.7812  EPtot      =   -137445.0354
 BOND   =       558.6051  ANGLE   =      1525.7511  DIHED      =       997.7808
 UB     =         0.0000  IMP     =         0.0000  CMAP       =       134.3278
 1-4 NB =       654.4222  1-4 EEL =      5821.1387  VDWAALS    =     16353.1288
 EELEC  =   -163490.1900  EHBOND  =         0.0000  RESTRAINT  =         0.0000
 EKCMT  =         0.0000  VIRIAL  =         0.0000  VOLUME     =    335840.5414
                                                    Density    =         1.0259
 ------------------------------------------------------------------------------

wrapping first mol.:      -75.71333        0.00000        0.00000
wrapping first mol.:      -75.71333        0.00000        0.00000
wrapping first mol.:      -75.70414        0.00000        0.00000
wrapping first mol.:      -75.70414        0.00000        0.00000
wrapping first mol.:      -75.70066        0.00000        0.00000
wrapping first mol.:      -75.70066        0.00000        0.00000
wrapping first mol.:      -75.59762        0.00000        0.00000
wrapping first mol.:      -75.59762        0.00000        0.00000
wrapping first mol.:      -75.76591        0.00000        0.00000
wrapping first mol.:      -75.76591        0.00000        0.00000

 NSTEP =  3550000   TIME(PS) =    8800.000  TEMP(K) =   299.40  PRESS =     0.0
 Etot   =   -117373.8622  EKtot   =     20479.8359  EPtot      =   -137853.6981
 BOND   =       553.2694  ANGLE   =      1508.0973  DIHED      =      1005.5081
 UB     =         0.0000  IMP     =         0.0000  CMAP       =       140.2059
 1-4 NB =       661.1698  1-4 EEL =      5820.4741  VDWAALS    =     16411.8592
 EELEC  =   -163954.2819  EHBOND  =         0.0000  RESTRAINT  =         0.0000
 EKCMT  =         0.0000  VIRIAL  =         0.0000  VOLUME     =    334811.0164
                                                    Density    =         1.0290
 ------------------------------------------------------------------------------

wrapping first mol.:      -75.77496        0.00000        0.00000
wrapping first mol.:      -75.77496        0.00000        0.00000
wrapping first mol.:      -75.78184        0.00000        0.00000
wrapping first mol.:      -75.78184        0.00000        0.00000
wrapping first mol.:      -75.74465        0.00000        0.00000
wrapping first mol.:      -75.74465        0.00000        0.00000
wrapping first mol.:      -75.73851        0.00000        0.00000
wrapping first mol.:      -75.73851        0.00000        0.00000
wrapping first mol.:      -75.70760        0.00000        0.00000
wrapping first mol.:      -75.70760        0.00000        0.00000

 NSTEP =  3575000   TIME(PS) =    8850.000  TEMP(K) =   301.27  PRESS =     0.0
 Etot   =   -117049.7585  EKtot   =     20607.8359  EPtot      =   -137657.5944
 BOND   =       563.9406  ANGLE   =      1533.5697  DIHED      =       950.5496
 UB     =         0.0000  IMP     =         0.0000  CMAP       =       134.7459
 1-4 NB =       650.8478  1-4 EEL =      5821.9809  VDWAALS    =     16617.6666
 EELEC  =   -163930.8954  EHBOND  =         0.0000  RESTRAINT  =         0.0000
 EKCMT  =         0.0000  VIRIAL  =         0.0000  VOLUME     =    334038.4886
                                                    Density    =         1.0314
 ------------------------------------------------------------------------------

wrapping first mol.:      -75.64327        0.00000        0.00000
wrapping first mol.:      -75.64327        0.00000        0.00000
wrapping first mol.:      -75.77655        0.00000        0.00000
wrapping first mol.:      -75.77655        0.00000        0.00000
wrapping first mol.:      -75.80721        0.00000        0.00000
wrapping first mol.:      -75.80721        0.00000        0.00000
wrapping first mol.:      -75.74177        0.00000        0.00000
wrapping first mol.:      -75.74177        0.00000        0.00000
wrapping first mol.:      -75.74336        0.00000        0.00000
wrapping first mol.:      -75.74336        0.00000        0.00000

 NSTEP =  3600000   TIME(PS) =    8900.000  TEMP(K) =   302.26  PRESS =     0.0
 Etot   =   -116974.6909  EKtot   =     20675.7930  EPtot      =   -137650.4838
 BOND   =       586.3829  ANGLE   =      1537.4350  DIHED      =      1007.0710
 UB     =         0.0000  IMP     =         0.0000  CMAP       =       139.7307
 1-4 NB =       632.5074  1-4 EEL =      5811.9979  VDWAALS    =     16229.1945
 EELEC  =   -163594.8033  EHBOND  =         0.0000  RESTRAINT  =         0.0000
 EKCMT  =         0.0000  VIRIAL  =         0.0000  VOLUME     =    334512.0768
                                                    Density    =         1.0300
 ------------------------------------------------------------------------------

wrapping first mol.:      -75.73549        0.00000        0.00000
wrapping first mol.:      -75.73549        0.00000        0.00000
wrapping first mol.:      -75.67933        0.00000        0.00000
wrapping first mol.:      -75.67933        0.00000        0.00000
wrapping first mol.:      -75.67117        0.00000        0.00000
wrapping first mol.:      -75.67117        0.00000        0.00000
wrapping first mol.:      -75.71043        0.00000        0.00000
wrapping first mol.:      -75.71043        0.00000        0.00000
wrapping first mol.:      -75.70872        0.00000        0.00000
wrapping first mol.:      -75.70872        0.00000        0.00000

 NSTEP =  3625000   TIME(PS) =    8950.000  TEMP(K) =   300.08  PRESS =     0.0
 Etot   =   -116775.8540  EKtot   =     20526.7168  EPtot      =   -137302.5708
 BOND   =       610.5620  ANGLE   =      1506.9021  DIHED      =      1013.1245
 UB     =         0.0000  IMP     =         0.0000  CMAP       =       132.1480
 1-4 NB =       644.5379  1-4 EEL =      5813.6415  VDWAALS    =     16247.5373
 EELEC  =   -163271.0240  EHBOND  =         0.0000  RESTRAINT  =         0.0000
 EKCMT  =         0.0000  VIRIAL  =         0.0000  VOLUME     =    334053.3819
                                                    Density    =         1.0314
 ------------------------------------------------------------------------------

wrapping first mol.:      -75.73704        0.00000        0.00000
wrapping first mol.:      -75.73704        0.00000        0.00000
wrapping first mol.:      -75.73071        0.00000        0.00000
wrapping first mol.:      -75.73071        0.00000        0.00000
wrapping first mol.:      -75.73837        0.00000        0.00000
wrapping first mol.:      -75.73837        0.00000        0.00000
wrapping first mol.:      -75.68474        0.00000        0.00000
wrapping first mol.:      -75.68474        0.00000        0.00000
wrapping first mol.:      -75.78874        0.00000        0.00000
wrapping first mol.:      -75.78874        0.00000        0.00000

 NSTEP =  3650000   TIME(PS) =    9000.000  TEMP(K) =   299.44  PRESS =     0.0
 Etot   =   -117111.7745  EKtot   =     20482.2910  EPtot      =   -137594.0655
 BOND   =       562.4074  ANGLE   =      1464.4371  DIHED      =       998.3118
 UB     =         0.0000  IMP     =         0.0000  CMAP       =       150.4292
 1-4 NB =       653.4705  1-4 EEL =      5810.6961  VDWAALS    =     16301.8609
 EELEC  =   -163535.6784  EHBOND  =         0.0000  RESTRAINT  =         0.0000
 EKCMT  =         0.0000  VIRIAL  =         0.0000  VOLUME     =    335113.6523
                                                    Density    =         1.0281
 ------------------------------------------------------------------------------

wrapping first mol.:      -75.75811        0.00000        0.00000
wrapping first mol.:      -75.75811        0.00000        0.00000
wrapping first mol.:      -75.71642        0.00000        0.00000
wrapping first mol.:      -75.71642        0.00000        0.00000
wrapping first mol.:      -75.66779        0.00000        0.00000
wrapping first mol.:      -75.66779        0.00000        0.00000
wrapping first mol.:      -75.81840        0.00000        0.00000
wrapping first mol.:      -75.81840        0.00000        0.00000
wrapping first mol.:      -75.69013        0.00000        0.00000
wrapping first mol.:      -75.69013        0.00000        0.00000

 NSTEP =  3675000   TIME(PS) =    9050.000  TEMP(K) =   299.75  PRESS =     0.0
 Etot   =   -117270.5055  EKtot   =     20503.8105  EPtot      =   -137774.3160
 BOND   =       570.2248  ANGLE   =      1539.8851  DIHED      =      1000.6742
 UB     =         0.0000  IMP     =         0.0000  CMAP       =       142.1744
 1-4 NB =       660.1380  1-4 EEL =      5790.4139  VDWAALS    =     16334.5274
 EELEC  =   -163812.3538  EHBOND  =         0.0000  RESTRAINT  =         0.0000
 EKCMT  =         0.0000  VIRIAL  =         0.0000  VOLUME     =    333807.3483
                                                    Density    =         1.0321
 ------------------------------------------------------------------------------

wrapping first mol.:      -75.68882        0.00000        0.00000
wrapping first mol.:      -75.68882        0.00000        0.00000
wrapping first mol.:      -75.73720        0.00000        0.00000
wrapping first mol.:      -75.73720        0.00000        0.00000
wrapping first mol.:      -75.68975        0.00000        0.00000
wrapping first mol.:      -75.68975        0.00000        0.00000
wrapping first mol.:      -75.68477        0.00000        0.00000
wrapping first mol.:      -75.68477        0.00000        0.00000
wrapping first mol.:      -75.70019        0.00000        0.00000
wrapping first mol.:      -75.70019        0.00000        0.00000

 NSTEP =  3700000   TIME(PS) =    9100.000  TEMP(K) =   299.71  PRESS =     0.0
 Etot   =   -116970.5271  EKtot   =     20501.1543  EPtot      =   -137471.6814
 BOND   =       583.6720  ANGLE   =      1561.9305  DIHED      =       962.5628
 UB     =         0.0000  IMP     =         0.0000  CMAP       =       129.8241
 1-4 NB =       652.0879  1-4 EEL =      5786.1404  VDWAALS    =     16245.6020
 EELEC  =   -163393.5012  EHBOND  =         0.0000  RESTRAINT  =         0.0000
 EKCMT  =         0.0000  VIRIAL  =         0.0000  VOLUME     =    333940.4744
                                                    Density    =         1.0317
 ------------------------------------------------------------------------------

wrapping first mol.:      -75.67745        0.00000        0.00000
wrapping first mol.:      -75.67745        0.00000        0.00000
wrapping first mol.:      -75.71538        0.00000        0.00000
wrapping first mol.:      -75.71538        0.00000        0.00000
wrapping first mol.:      -75.65805        0.00000        0.00000
wrapping first mol.:      -75.65805        0.00000        0.00000
wrapping first mol.:      -75.57557        0.00000        0.00000
wrapping first mol.:      -75.57557        0.00000        0.00000
wrapping first mol.:      -75.60699        0.00000        0.00000
wrapping first mol.:      -75.60699        0.00000        0.00000

 NSTEP =  3725000   TIME(PS) =    9150.000  TEMP(K) =   302.90  PRESS =     0.0
 Etot   =   -116665.5115  EKtot   =     20719.2793  EPtot      =   -137384.7908
 BOND   =       553.8738  ANGLE   =      1552.8712  DIHED      =       976.2635
 UB     =         0.0000  IMP     =         0.0000  CMAP       =       149.9876
 1-4 NB =       632.2604  1-4 EEL =      5818.1207  VDWAALS    =     16219.1365
 EELEC  =   -163287.3044  EHBOND  =         0.0000  RESTRAINT  =         0.0000
 EKCMT  =         0.0000  VIRIAL  =         0.0000  VOLUME     =    332708.5653
                                                    Density    =         1.0355
 ------------------------------------------------------------------------------

wrapping first mol.:      -75.69172        0.00000        0.00000
wrapping first mol.:      -75.69172        0.00000        0.00000
wrapping first mol.:      -75.70332        0.00000        0.00000
wrapping first mol.:      -75.70332        0.00000        0.00000
wrapping first mol.:      -75.78923        0.00000        0.00000
wrapping first mol.:      -75.78923        0.00000        0.00000
wrapping first mol.:      -75.66814        0.00000        0.00000
wrapping first mol.:      -75.66814        0.00000        0.00000
wrapping first mol.:      -75.60955        0.00000        0.00000
wrapping first mol.:      -75.60955        0.00000        0.00000

 NSTEP =  3750000   TIME(PS) =    9200.000  TEMP(K) =   299.50  PRESS =     0.0
 Etot   =   -117188.7283  EKtot   =     20486.7207  EPtot      =   -137675.4490
 BOND   =       551.4424  ANGLE   =      1531.3282  DIHED      =       981.2989
 UB     =         0.0000  IMP     =         0.0000  CMAP       =       156.4619
 1-4 NB =       634.4953  1-4 EEL =      5824.0796  VDWAALS    =     16364.5414
 EELEC  =   -163719.0967  EHBOND  =         0.0000  RESTRAINT  =         0.0000
 EKCMT  =         0.0000  VIRIAL  =         0.0000  VOLUME     =    332742.3174
                                                    Density    =         1.0354
 ------------------------------------------------------------------------------

wrapping first mol.:      -75.74049        0.00000        0.00000
wrapping first mol.:      -75.74049        0.00000        0.00000
wrapping first mol.:      -75.79684        0.00000        0.00000
wrapping first mol.:      -75.79684        0.00000        0.00000
wrapping first mol.:      -75.58337        0.00000        0.00000
wrapping first mol.:      -75.58337        0.00000        0.00000
wrapping first mol.:      -75.58349        0.00000        0.00000
wrapping first mol.:      -75.58349        0.00000        0.00000
wrapping first mol.:      -75.69707        0.00000        0.00000
wrapping first mol.:      -75.69707        0.00000        0.00000

 NSTEP =  3775000   TIME(PS) =    9250.000  TEMP(K) =   301.12  PRESS =     0.0
 Etot   =   -117384.9107  EKtot   =     20597.8145  EPtot      =   -137982.7251
 BOND   =       565.5616  ANGLE   =      1526.1238  DIHED      =       975.8242
 UB     =         0.0000  IMP     =         0.0000  CMAP       =       139.6522
 1-4 NB =       621.9439  1-4 EEL =      5835.1501  VDWAALS    =     16221.4602
 EELEC  =   -163868.4411  EHBOND  =         0.0000  RESTRAINT  =         0.0000
 EKCMT  =         0.0000  VIRIAL  =         0.0000  VOLUME     =    333899.2380
                                                    Density    =         1.0318
 ------------------------------------------------------------------------------

wrapping first mol.:      -75.65598        0.00000        0.00000
wrapping first mol.:      -75.65598        0.00000        0.00000
wrapping first mol.:      -75.67607        0.00000        0.00000
wrapping first mol.:      -75.67607        0.00000        0.00000
wrapping first mol.:      -75.76389        0.00000        0.00000
wrapping first mol.:      -75.76389        0.00000        0.00000
wrapping first mol.:      -75.72938        0.00000        0.00000
wrapping first mol.:      -75.72938        0.00000        0.00000
wrapping first mol.:      -75.73154        0.00000        0.00000
wrapping first mol.:      -75.73154        0.00000        0.00000

 NSTEP =  3800000   TIME(PS) =    9300.000  TEMP(K) =   302.51  PRESS =     0.0
 Etot   =   -116654.7960  EKtot   =     20692.8047  EPtot      =   -137347.6007
 BOND   =       585.8740  ANGLE   =      1535.2714  DIHED      =       980.7759
 UB     =         0.0000  IMP     =         0.0000  CMAP       =       154.4901
 1-4 NB =       647.5650  1-4 EEL =      5806.7320  VDWAALS    =     16243.0581
 EELEC  =   -163301.3672  EHBOND  =         0.0000  RESTRAINT  =         0.0000
 EKCMT  =         0.0000  VIRIAL  =         0.0000  VOLUME     =    334355.5322
                                                    Density    =         1.0304
 ------------------------------------------------------------------------------

wrapping first mol.:      -75.67723        0.00000        0.00000
wrapping first mol.:      -75.67723        0.00000        0.00000
wrapping first mol.:      -75.66863        0.00000        0.00000
wrapping first mol.:      -75.66863        0.00000        0.00000
wrapping first mol.:      -75.79043        0.00000        0.00000
wrapping first mol.:      -75.79043        0.00000        0.00000
wrapping first mol.:      -75.76887        0.00000        0.00000
wrapping first mol.:      -75.76887        0.00000        0.00000
wrapping first mol.:      -75.67259        0.00000        0.00000
wrapping first mol.:      -75.67259        0.00000        0.00000

 NSTEP =  3825000   TIME(PS) =    9350.000  TEMP(K) =   301.44  PRESS =     0.0
 Etot   =   -117048.9817  EKtot   =     20619.5215  EPtot      =   -137668.5031
 BOND   =       573.4230  ANGLE   =      1456.1279  DIHED      =       983.3584
 UB     =         0.0000  IMP     =         0.0000  CMAP       =       147.3312
 1-4 NB =       640.0983  1-4 EEL =      5820.2822  VDWAALS    =     16542.2578
 EELEC  =   -163831.3819  EHBOND  =         0.0000  RESTRAINT  =         0.0000
 EKCMT  =         0.0000  VIRIAL  =         0.0000  VOLUME     =    333575.3828
                                                    Density    =         1.0328
 ------------------------------------------------------------------------------

wrapping first mol.:      -75.73154        0.00000        0.00000
wrapping first mol.:      -75.73154        0.00000        0.00000
wrapping first mol.:      -75.63393        0.00000        0.00000
wrapping first mol.:      -75.63393        0.00000        0.00000
wrapping first mol.:      -75.68035        0.00000        0.00000
wrapping first mol.:      -75.68035        0.00000        0.00000
wrapping first mol.:      -75.66758        0.00000        0.00000
wrapping first mol.:      -75.66758        0.00000        0.00000
wrapping first mol.:      -75.68269        0.00000        0.00000
wrapping first mol.:      -75.68269        0.00000        0.00000

 NSTEP =  3850000   TIME(PS) =    9400.000  TEMP(K) =   298.45  PRESS =     0.0
 Etot   =   -117507.9795  EKtot   =     20414.7520  EPtot      =   -137922.7315
 BOND   =       584.0656  ANGLE   =      1551.3393  DIHED      =       969.0825
 UB     =         0.0000  IMP     =         0.0000  CMAP       =       139.4219
 1-4 NB =       625.7177  1-4 EEL =      5801.1540  VDWAALS    =     16535.4130
 EELEC  =   -164128.9255  EHBOND  =         0.0000  RESTRAINT  =         0.0000
 EKCMT  =         0.0000  VIRIAL  =         0.0000  VOLUME     =    333708.8673
                                                    Density    =         1.0324
 ------------------------------------------------------------------------------

wrapping first mol.:      -75.68290        0.00000        0.00000
wrapping first mol.:      -75.68290        0.00000        0.00000
wrapping first mol.:      -75.72438        0.00000        0.00000
wrapping first mol.:      -75.72438        0.00000        0.00000
wrapping first mol.:      -75.64480        0.00000        0.00000
wrapping first mol.:      -75.64480        0.00000        0.00000
wrapping first mol.:      -75.64404        0.00000        0.00000
wrapping first mol.:      -75.64404        0.00000        0.00000
wrapping first mol.:      -75.71239        0.00000        0.00000
wrapping first mol.:      -75.71239        0.00000        0.00000

 NSTEP =  3875000   TIME(PS) =    9450.000  TEMP(K) =   301.82  PRESS =     0.0
 Etot   =   -117294.8131  EKtot   =     20645.5137  EPtot      =   -137940.3268
 BOND   =       555.3421  ANGLE   =      1485.7037  DIHED      =       991.6988
 UB     =         0.0000  IMP     =         0.0000  CMAP       =       135.0163
 1-4 NB =       634.7828  1-4 EEL =      5788.4019  VDWAALS    =     16095.7970
 EELEC  =   -163627.0694  EHBOND  =         0.0000  RESTRAINT  =         0.0000
 EKCMT  =         0.0000  VIRIAL  =         0.0000  VOLUME     =    334101.9570
                                                    Density    =         1.0312
 ------------------------------------------------------------------------------

wrapping first mol.:      -75.62571        0.00000        0.00000
wrapping first mol.:      -75.62571        0.00000        0.00000
wrapping first mol.:      -75.69790        0.00000        0.00000
wrapping first mol.:      -75.69790        0.00000        0.00000
wrapping first mol.:      -75.69804        0.00000        0.00000
wrapping first mol.:      -75.69804        0.00000        0.00000
wrapping first mol.:      -75.67854        0.00000        0.00000
wrapping first mol.:      -75.67854        0.00000        0.00000
wrapping first mol.:      -75.65022        0.00000        0.00000
wrapping first mol.:      -75.65022        0.00000        0.00000

 NSTEP =  3900000   TIME(PS) =    9500.000  TEMP(K) =   301.18  PRESS =     0.0
 Etot   =   -116963.8896  EKtot   =     20601.5508  EPtot      =   -137565.4404
 BOND   =       554.7106  ANGLE   =      1511.4698  DIHED      =      1003.0832
 UB     =         0.0000  IMP     =         0.0000  CMAP       =       131.7828
 1-4 NB =       652.0882  1-4 EEL =      5823.3625  VDWAALS    =     16465.1321
 EELEC  =   -163707.0695  EHBOND  =         0.0000  RESTRAINT  =         0.0000
 EKCMT  =         0.0000  VIRIAL  =         0.0000  VOLUME     =    333279.5436
                                                    Density    =         1.0338
 ------------------------------------------------------------------------------

wrapping first mol.:      -75.82065        0.00000        0.00000
wrapping first mol.:      -75.82065        0.00000        0.00000
wrapping first mol.:      -75.71095        0.00000        0.00000
wrapping first mol.:      -75.71095        0.00000        0.00000
wrapping first mol.:      -75.69322        0.00000        0.00000
wrapping first mol.:      -75.69322        0.00000        0.00000
wrapping first mol.:      -75.64672        0.00000        0.00000
wrapping first mol.:      -75.64672        0.00000        0.00000
wrapping first mol.:      -75.65845        0.00000        0.00000
wrapping first mol.:      -75.65845        0.00000        0.00000

 NSTEP =  3925000   TIME(PS) =    9550.000  TEMP(K) =   298.00  PRESS =     0.0
 Etot   =   -117270.7497  EKtot   =     20384.3105  EPtot      =   -137655.0603
 BOND   =       557.1532  ANGLE   =      1530.3926  DIHED      =       995.8080
 UB     =         0.0000  IMP     =         0.0000  CMAP       =       139.4281
 1-4 NB =       642.8306  1-4 EEL =      5872.6646  VDWAALS    =     16312.8045
 EELEC  =   -163706.1419  EHBOND  =         0.0000  RESTRAINT  =         0.0000
 EKCMT  =         0.0000  VIRIAL  =         0.0000  VOLUME     =    333388.3968
                                                    Density    =         1.0334
 ------------------------------------------------------------------------------

wrapping first mol.:      -75.66292        0.00000        0.00000
wrapping first mol.:      -75.66292        0.00000        0.00000
wrapping first mol.:      -75.69982        0.00000        0.00000
wrapping first mol.:      -75.69982        0.00000        0.00000
wrapping first mol.:      -75.68791        0.00000        0.00000
wrapping first mol.:      -75.68791        0.00000        0.00000
wrapping first mol.:      -75.65912        0.00000        0.00000
wrapping first mol.:      -75.65912        0.00000        0.00000
wrapping first mol.:      -75.54956        0.00000        0.00000
wrapping first mol.:      -75.54956        0.00000        0.00000

 NSTEP =  3950000   TIME(PS) =    9600.000  TEMP(K) =   302.59  PRESS =     0.0
 Etot   =   -117053.1369  EKtot   =     20697.8867  EPtot      =   -137751.0237
 BOND   =       555.2677  ANGLE   =      1541.0377  DIHED      =       988.0813
 UB     =         0.0000  IMP     =         0.0000  CMAP       =       146.7365
 1-4 NB =       642.0768  1-4 EEL =      5817.6850  VDWAALS    =     16344.9086
 EELEC  =   -163786.8173  EHBOND  =         0.0000  RESTRAINT  =         0.0000
 EKCMT  =         0.0000  VIRIAL  =         0.0000  VOLUME     =    331950.9808
                                                    Density    =         1.0379
 ------------------------------------------------------------------------------

wrapping first mol.:      -75.67599        0.00000        0.00000
wrapping first mol.:      -75.67599        0.00000        0.00000
wrapping first mol.:      -75.72929        0.00000        0.00000
wrapping first mol.:      -75.72929        0.00000        0.00000
wrapping first mol.:      -75.78145        0.00000        0.00000
wrapping first mol.:      -75.78145        0.00000        0.00000
wrapping first mol.:      -75.74233        0.00000        0.00000
wrapping first mol.:      -75.74233        0.00000        0.00000
wrapping first mol.:      -75.79052        0.00000        0.00000
wrapping first mol.:      -75.79052        0.00000        0.00000

 NSTEP =  3975000   TIME(PS) =    9650.000  TEMP(K) =   300.36  PRESS =     0.0
 Etot   =   -116955.6429  EKtot   =     20545.3652  EPtot      =   -137501.0081
 BOND   =       559.1004  ANGLE   =      1593.1381  DIHED      =      1012.9397
 UB     =         0.0000  IMP     =         0.0000  CMAP       =       135.8445
 1-4 NB =       648.0650  1-4 EEL =      5865.0943  VDWAALS    =     16684.9876
 EELEC  =   -164000.1777  EHBOND  =         0.0000  RESTRAINT  =         0.0000
 EKCMT  =         0.0000  VIRIAL  =         0.0000  VOLUME     =    335137.3511
                                                    Density    =         1.0280
 ------------------------------------------------------------------------------

wrapping first mol.:      -75.64471        0.00000        0.00000
wrapping first mol.:      -75.64471        0.00000        0.00000
wrapping first mol.:      -75.76890        0.00000        0.00000
wrapping first mol.:      -75.76890        0.00000        0.00000
wrapping first mol.:      -75.75711        0.00000        0.00000
wrapping first mol.:      -75.75711        0.00000        0.00000
wrapping first mol.:      -75.64753        0.00000        0.00000
wrapping first mol.:      -75.64753        0.00000        0.00000
wrapping first mol.:      -75.73969        0.00000        0.00000
wrapping first mol.:      -75.73969        0.00000        0.00000

 NSTEP =  4000000   TIME(PS) =    9700.000  TEMP(K) =   300.14  PRESS =     0.0
 Etot   =   -117163.2021  EKtot   =     20530.6094  EPtot      =   -137693.8114
 BOND   =       566.8098  ANGLE   =      1503.7381  DIHED      =       976.4662
 UB     =         0.0000  IMP     =         0.0000  CMAP       =       142.8421
 1-4 NB =       647.3878  1-4 EEL =      5865.2780  VDWAALS    =     16430.6303
 EELEC  =   -163826.9637  EHBOND  =         0.0000  RESTRAINT  =         0.0000
 EKCMT  =         0.0000  VIRIAL  =         0.0000  VOLUME     =    334463.5198
                                                    Density    =         1.0301
 ------------------------------------------------------------------------------

wrapping first mol.:      -75.62885        0.00000        0.00000
wrapping first mol.:      -75.62885        0.00000        0.00000
wrapping first mol.:      -75.73811        0.00000        0.00000
wrapping first mol.:      -75.73811        0.00000        0.00000
wrapping first mol.:      -75.70955        0.00000        0.00000
wrapping first mol.:      -75.70955        0.00000        0.00000
wrapping first mol.:      -75.80871        0.00000        0.00000
wrapping first mol.:      -75.80871        0.00000        0.00000
wrapping first mol.:      -75.69708        0.00000        0.00000
wrapping first mol.:      -75.69708        0.00000        0.00000

 NSTEP =  4025000   TIME(PS) =    9750.000  TEMP(K) =   299.67  PRESS =     0.0
 Etot   =   -117143.5142  EKtot   =     20498.1699  EPtot      =   -137641.6842
 BOND   =       548.2051  ANGLE   =      1533.8134  DIHED      =       966.3933
 UB     =         0.0000  IMP     =         0.0000  CMAP       =       146.3071
 1-4 NB =       654.2502  1-4 EEL =      5832.9721  VDWAALS    =     16545.2578
 EELEC  =   -163868.8831  EHBOND  =         0.0000  RESTRAINT  =         0.0000
 EKCMT  =         0.0000  VIRIAL  =         0.0000  VOLUME     =    333899.2420
                                                    Density    =         1.0318
 ------------------------------------------------------------------------------

wrapping first mol.:      -75.67289        0.00000        0.00000
wrapping first mol.:      -75.67289        0.00000        0.00000
wrapping first mol.:      -75.65587        0.00000        0.00000
wrapping first mol.:      -75.65587        0.00000        0.00000
wrapping first mol.:      -75.68105        0.00000        0.00000
wrapping first mol.:      -75.68105        0.00000        0.00000
wrapping first mol.:      -75.70605        0.00000        0.00000
wrapping first mol.:      -75.70605        0.00000        0.00000
wrapping first mol.:      -75.78621        0.00000        0.00000
wrapping first mol.:      -75.78621        0.00000        0.00000

 NSTEP =  4050000   TIME(PS) =    9800.000  TEMP(K) =   300.76  PRESS =     0.0
 Etot   =   -117099.9222  EKtot   =     20573.0566  EPtot      =   -137672.9788
 BOND   =       567.6665  ANGLE   =      1533.2631  DIHED      =       992.8466
 UB     =         0.0000  IMP     =         0.0000  CMAP       =       140.2345
 1-4 NB =       654.3715  1-4 EEL =      5824.2792  VDWAALS    =     16248.6677
 EELEC  =   -163634.3080  EHBOND  =         0.0000  RESTRAINT  =         0.0000
 EKCMT  =         0.0000  VIRIAL  =         0.0000  VOLUME     =    335080.1431
                                                    Density    =         1.0282
 ------------------------------------------------------------------------------

wrapping first mol.:      -75.71493        0.00000        0.00000
wrapping first mol.:      -75.71493        0.00000        0.00000
wrapping first mol.:      -75.67963        0.00000        0.00000
wrapping first mol.:      -75.67963        0.00000        0.00000
wrapping first mol.:      -75.71221        0.00000        0.00000
wrapping first mol.:      -75.71221        0.00000        0.00000
wrapping first mol.:      -75.65222        0.00000        0.00000
wrapping first mol.:      -75.65222        0.00000        0.00000
wrapping first mol.:      -75.65352        0.00000        0.00000
wrapping first mol.:      -75.65352        0.00000        0.00000

 NSTEP =  4075000   TIME(PS) =    9850.000  TEMP(K) =   300.16  PRESS =     0.0
 Etot   =   -117089.8656  EKtot   =     20531.5625  EPtot      =   -137621.4281
 BOND   =       546.1788  ANGLE   =      1562.9823  DIHED      =       988.7317
 UB     =         0.0000  IMP     =         0.0000  CMAP       =       140.8534
 1-4 NB =       640.9347  1-4 EEL =      5844.0548  VDWAALS    =     16647.7993
 EELEC  =   -163992.9631  EHBOND  =         0.0000  RESTRAINT  =         0.0000
 EKCMT  =         0.0000  VIRIAL  =         0.0000  VOLUME     =    333323.2058
                                                    Density    =         1.0336
 ------------------------------------------------------------------------------

wrapping first mol.:      -75.65000        0.00000        0.00000
wrapping first mol.:      -75.65000        0.00000        0.00000
wrapping first mol.:      -75.69411        0.00000        0.00000
wrapping first mol.:      -75.69411        0.00000        0.00000
wrapping first mol.:      -75.81731        0.00000        0.00000
wrapping first mol.:      -75.81731        0.00000        0.00000
wrapping first mol.:      -75.78222        0.00000        0.00000
wrapping first mol.:      -75.78222        0.00000        0.00000
wrapping first mol.:      -75.77266        0.00000        0.00000
wrapping first mol.:      -75.77266        0.00000        0.00000

 NSTEP =  4100000   TIME(PS) =    9900.000  TEMP(K) =   298.85  PRESS =     0.0
 Etot   =   -117243.7783  EKtot   =     20442.4082  EPtot      =   -137686.1865
 BOND   =       580.4389  ANGLE   =      1564.9341  DIHED      =       986.3916
 UB     =         0.0000  IMP     =         0.0000  CMAP       =       141.9632
 1-4 NB =       644.6450  1-4 EEL =      5800.3572  VDWAALS    =     16387.0324
 EELEC  =   -163791.9488  EHBOND  =         0.0000  RESTRAINT  =         0.0000
 EKCMT  =         0.0000  VIRIAL  =         0.0000  VOLUME     =    334900.4935
                                                    Density    =         1.0288
 ------------------------------------------------------------------------------

wrapping first mol.:      -75.68212        0.00000        0.00000
wrapping first mol.:      -75.68212        0.00000        0.00000
wrapping first mol.:      -75.69534        0.00000        0.00000
wrapping first mol.:      -75.69534        0.00000        0.00000
wrapping first mol.:      -75.64585        0.00000        0.00000
wrapping first mol.:      -75.64585        0.00000        0.00000
wrapping first mol.:      -75.63486        0.00000        0.00000
wrapping first mol.:      -75.63486        0.00000        0.00000
wrapping first mol.:      -75.69687        0.00000        0.00000
wrapping first mol.:      -75.69687        0.00000        0.00000

 NSTEP =  4125000   TIME(PS) =    9950.000  TEMP(K) =   298.56  PRESS =     0.0
 Etot   =   -116930.4742  EKtot   =     20422.6953  EPtot      =   -137353.1695
 BOND   =       527.7752  ANGLE   =      1543.5893  DIHED      =       956.2669
 UB     =         0.0000  IMP     =         0.0000  CMAP       =       135.9930
 1-4 NB =       635.9129  1-4 EEL =      5842.2528  VDWAALS    =     16160.5469
 EELEC  =   -163155.5064  EHBOND  =         0.0000  RESTRAINT  =         0.0000
 EKCMT  =         0.0000  VIRIAL  =         0.0000  VOLUME     =    333896.5212
                                                    Density    =         1.0319
 ------------------------------------------------------------------------------

wrapping first mol.:      -75.71376        0.00000        0.00000
wrapping first mol.:      -75.71376        0.00000        0.00000
wrapping first mol.:      -75.72232        0.00000        0.00000
wrapping first mol.:      -75.72232        0.00000        0.00000
wrapping first mol.:      -75.72323        0.00000        0.00000
wrapping first mol.:      -75.72323        0.00000        0.00000
wrapping first mol.:      -75.69952        0.00000        0.00000
wrapping first mol.:      -75.69952        0.00000        0.00000
wrapping first mol.:      -75.66790        0.00000        0.00000
wrapping first mol.:      -75.66790        0.00000        0.00000

 NSTEP =  4150000   TIME(PS) =   10000.000  TEMP(K) =   299.20  PRESS =     0.0
 Etot   =   -116898.8201  EKtot   =     20465.8789  EPtot      =   -137364.6990
 BOND   =       545.8223  ANGLE   =      1543.0799  DIHED      =       964.9335
 UB     =         0.0000  IMP     =         0.0000  CMAP       =       154.7215
 1-4 NB =       651.1992  1-4 EEL =      5897.9957  VDWAALS    =     16288.1814
 EELEC  =   -163410.6325  EHBOND  =         0.0000  RESTRAINT  =         0.0000
 EKCMT  =         0.0000  VIRIAL  =         0.0000  VOLUME     =    333513.3031
                                                    Density    =         1.0330
 ------------------------------------------------------------------------------

wrapping first mol.:      -75.74977        0.00000        0.00000
wrapping first mol.:      -75.74977        0.00000        0.00000
wrapping first mol.:      -75.82087        0.00000        0.00000
wrapping first mol.:      -75.82087        0.00000        0.00000
wrapping first mol.:      -75.71176        0.00000        0.00000
wrapping first mol.:      -75.71176        0.00000        0.00000
wrapping first mol.:      -75.71594        0.00000        0.00000
wrapping first mol.:      -75.71594        0.00000        0.00000
wrapping first mol.:      -75.72718        0.00000        0.00000
wrapping first mol.:      -75.72718        0.00000        0.00000

 NSTEP =  4175000   TIME(PS) =   10050.000  TEMP(K) =   298.53  PRESS =     0.0
 Etot   =   -117116.1142  EKtot   =     20420.2754  EPtot      =   -137536.3896
 BOND   =       519.4648  ANGLE   =      1480.1648  DIHED      =       991.4833
 UB     =         0.0000  IMP     =         0.0000  CMAP       =       140.2882
 1-4 NB =       673.7987  1-4 EEL =      5884.0424  VDWAALS    =     16397.4829
 EELEC  =   -163623.1146  EHBOND  =         0.0000  RESTRAINT  =         0.0000
 EKCMT  =         0.0000  VIRIAL  =         0.0000  VOLUME     =    334297.7580
                                                    Density    =         1.0306
 ------------------------------------------------------------------------------

wrapping first mol.:      -75.68682        0.00000        0.00000
wrapping first mol.:      -75.68682        0.00000        0.00000
wrapping first mol.:      -75.60513        0.00000        0.00000
wrapping first mol.:      -75.60513        0.00000        0.00000
wrapping first mol.:      -75.58509        0.00000        0.00000
wrapping first mol.:      -75.58509        0.00000        0.00000
wrapping first mol.:      -75.59316        0.00000        0.00000
wrapping first mol.:      -75.59316        0.00000        0.00000
wrapping first mol.:      -75.68438        0.00000        0.00000
wrapping first mol.:      -75.68438        0.00000        0.00000

 NSTEP =  4200000   TIME(PS) =   10100.000  TEMP(K) =   299.24  PRESS =     0.0
 Etot   =   -117056.5162  EKtot   =     20468.9258  EPtot      =   -137525.4420
 BOND   =       538.5100  ANGLE   =      1590.8587  DIHED      =       970.9074
 UB     =         0.0000  IMP     =         0.0000  CMAP       =       147.3229
 1-4 NB =       629.6500  1-4 EEL =      5784.7497  VDWAALS    =     16289.8762
 EELEC  =   -163477.3169  EHBOND  =         0.0000  RESTRAINT  =         0.0000
 EKCMT  =         0.0000  VIRIAL  =         0.0000  VOLUME     =    333731.3303
                                                    Density    =         1.0324
 ------------------------------------------------------------------------------

wrapping first mol.:      -75.70443        0.00000        0.00000
wrapping first mol.:      -75.70443        0.00000        0.00000
wrapping first mol.:      -75.66003        0.00000        0.00000
wrapping first mol.:      -75.66003        0.00000        0.00000
wrapping first mol.:      -75.74101        0.00000        0.00000
wrapping first mol.:      -75.74101        0.00000        0.00000
wrapping first mol.:      -75.76753        0.00000        0.00000
wrapping first mol.:      -75.76753        0.00000        0.00000
wrapping first mol.:      -75.75231        0.00000        0.00000
wrapping first mol.:      -75.75231        0.00000        0.00000

 NSTEP =  4225000   TIME(PS) =   10150.000  TEMP(K) =   302.55  PRESS =     0.0
 Etot   =   -116979.9300  EKtot   =     20695.6641  EPtot      =   -137675.5941
 BOND   =       568.3523  ANGLE   =      1516.2240  DIHED      =       992.0508
 UB     =         0.0000  IMP     =         0.0000  CMAP       =       144.0277
 1-4 NB =       642.0800  1-4 EEL =      5817.1029  VDWAALS    =     16770.8723
 EELEC  =   -164126.3042  EHBOND  =         0.0000  RESTRAINT  =         0.0000
 EKCMT  =         0.0000  VIRIAL  =         0.0000  VOLUME     =    334630.6902
                                                    Density    =         1.0296
 ------------------------------------------------------------------------------

wrapping first mol.:      -75.77731        0.00000        0.00000
wrapping first mol.:      -75.77731        0.00000        0.00000
wrapping first mol.:      -75.61542        0.00000        0.00000
wrapping first mol.:      -75.61542        0.00000        0.00000
wrapping first mol.:      -75.68021        0.00000        0.00000
wrapping first mol.:      -75.68021        0.00000        0.00000
wrapping first mol.:      -75.63633        0.00000        0.00000
wrapping first mol.:      -75.63633        0.00000        0.00000
wrapping first mol.:      -75.70908        0.00000        0.00000
wrapping first mol.:      -75.70908        0.00000        0.00000

 NSTEP =  4250000   TIME(PS) =   10200.000  TEMP(K) =   300.57  PRESS =     0.0
 Etot   =   -117229.3305  EKtot   =     20560.2402  EPtot      =   -137789.5708
 BOND   =       557.6131  ANGLE   =      1530.8043  DIHED      =       976.3030
 UB     =         0.0000  IMP     =         0.0000  CMAP       =       141.4416
 1-4 NB =       637.4643  1-4 EEL =      5879.1549  VDWAALS    =     16437.1501
 EELEC  =   -163949.5022  EHBOND  =         0.0000  RESTRAINT  =         0.0000
 EKCMT  =         0.0000  VIRIAL  =         0.0000  VOLUME     =    334058.1050
                                                    Density    =         1.0314
 ------------------------------------------------------------------------------

wrapping first mol.:      -75.77805        0.00000        0.00000
wrapping first mol.:      -75.77805        0.00000        0.00000
wrapping first mol.:      -75.77264        0.00000        0.00000
wrapping first mol.:      -75.77264        0.00000        0.00000
wrapping first mol.:      -75.69012        0.00000        0.00000
wrapping first mol.:      -75.69012        0.00000        0.00000
wrapping first mol.:      -75.66873        0.00000        0.00000
wrapping first mol.:      -75.66873        0.00000        0.00000
wrapping first mol.:      -75.74079        0.00000        0.00000
wrapping first mol.:      -75.74079        0.00000        0.00000

 NSTEP =  4275000   TIME(PS) =   10250.000  TEMP(K) =   299.78  PRESS =     0.0
 Etot   =   -117022.2146  EKtot   =     20506.1621  EPtot      =   -137528.3768
 BOND   =       535.0765  ANGLE   =      1517.8792  DIHED      =       963.8579
 UB     =         0.0000  IMP     =         0.0000  CMAP       =       134.1348
 1-4 NB =       653.5483  1-4 EEL =      5872.5339  VDWAALS    =     16317.4704
 EELEC  =   -163522.8778  EHBOND  =         0.0000  RESTRAINT  =         0.0000
 EKCMT  =         0.0000  VIRIAL  =         0.0000  VOLUME     =    334478.0414
                                                    Density    =         1.0301
 ------------------------------------------------------------------------------

wrapping first mol.:      -75.65691        0.00000        0.00000
wrapping first mol.:      -75.65691        0.00000        0.00000
wrapping first mol.:      -75.68963        0.00000        0.00000
wrapping first mol.:      -75.68963        0.00000        0.00000
wrapping first mol.:      -75.58875        0.00000        0.00000
wrapping first mol.:      -75.58875        0.00000        0.00000
wrapping first mol.:      -75.70818        0.00000        0.00000
wrapping first mol.:      -75.70818        0.00000        0.00000
wrapping first mol.:      -75.58207        0.00000        0.00000
wrapping first mol.:      -75.58207        0.00000        0.00000

 NSTEP =  4300000   TIME(PS) =   10300.000  TEMP(K) =   301.43  PRESS =     0.0
 Etot   =   -117159.4269  EKtot   =     20618.7578  EPtot      =   -137778.1847
 BOND   =       570.7178  ANGLE   =      1463.1847  DIHED      =      1020.2539
 UB     =         0.0000  IMP     =         0.0000  CMAP       =       142.8365
 1-4 NB =       663.2712  1-4 EEL =      5854.5450  VDWAALS    =     16606.6568
 EELEC  =   -164099.6506  EHBOND  =         0.0000  RESTRAINT  =         0.0000
 EKCMT  =         0.0000  VIRIAL  =         0.0000  VOLUME     =    332379.7548
                                                    Density    =         1.0366
 ------------------------------------------------------------------------------

wrapping first mol.:      -75.70944        0.00000        0.00000
wrapping first mol.:      -75.70944        0.00000        0.00000
wrapping first mol.:      -75.80847        0.00000        0.00000
wrapping first mol.:      -75.80847        0.00000        0.00000
wrapping first mol.:      -75.65275        0.00000        0.00000
wrapping first mol.:      -75.65275        0.00000        0.00000
wrapping first mol.:      -75.72921        0.00000        0.00000
wrapping first mol.:      -75.72921        0.00000        0.00000
wrapping first mol.:      -75.72976        0.00000        0.00000
wrapping first mol.:      -75.72976        0.00000        0.00000

 NSTEP =  4325000   TIME(PS) =   10350.000  TEMP(K) =   299.70  PRESS =     0.0
 Etot   =   -117156.1880  EKtot   =     20500.6426  EPtot      =   -137656.8306
 BOND   =       543.6189  ANGLE   =      1542.8974  DIHED      =       982.3948
 UB     =         0.0000  IMP     =         0.0000  CMAP       =       137.6666
 1-4 NB =       660.1044  1-4 EEL =      5830.5043  VDWAALS    =     16455.5944
 EELEC  =   -163809.6115  EHBOND  =         0.0000  RESTRAINT  =         0.0000
 EKCMT  =         0.0000  VIRIAL  =         0.0000  VOLUME     =    334331.9551
                                                    Density    =         1.0305
 ------------------------------------------------------------------------------

wrapping first mol.:      -75.65890        0.00000        0.00000
wrapping first mol.:      -75.65890        0.00000        0.00000
wrapping first mol.:      -75.74095        0.00000        0.00000
wrapping first mol.:      -75.74095        0.00000        0.00000
wrapping first mol.:      -75.69906        0.00000        0.00000
wrapping first mol.:      -75.69906        0.00000        0.00000
wrapping first mol.:      -75.69884        0.00000        0.00000
wrapping first mol.:      -75.69884        0.00000        0.00000
wrapping first mol.:      -75.71349        0.00000        0.00000
wrapping first mol.:      -75.71349        0.00000        0.00000

 NSTEP =  4350000   TIME(PS) =   10400.000  TEMP(K) =   300.78  PRESS =     0.0
 Etot   =   -117033.7899  EKtot   =     20574.1934  EPtot      =   -137607.9832
 BOND   =       552.4216  ANGLE   =      1508.3434  DIHED      =       983.0232
 UB     =         0.0000  IMP     =         0.0000  CMAP       =       140.1481
 1-4 NB =       652.6476  1-4 EEL =      5841.0913  VDWAALS    =     16514.8122
 EELEC  =   -163800.4706  EHBOND  =         0.0000  RESTRAINT  =         0.0000
 EKCMT  =         0.0000  VIRIAL  =         0.0000  VOLUME     =    334116.5612
                                                    Density    =         1.0312
 ------------------------------------------------------------------------------

wrapping first mol.:      -75.64368        0.00000        0.00000
wrapping first mol.:      -75.64368        0.00000        0.00000
wrapping first mol.:      -75.69369        0.00000        0.00000
wrapping first mol.:      -75.69369        0.00000        0.00000
wrapping first mol.:      -75.75508        0.00000        0.00000
wrapping first mol.:      -75.75508        0.00000        0.00000
wrapping first mol.:      -75.70998        0.00000        0.00000
wrapping first mol.:      -75.70998        0.00000        0.00000
wrapping first mol.:      -75.66140        0.00000        0.00000
wrapping first mol.:      -75.66140        0.00000        0.00000

 NSTEP =  4375000   TIME(PS) =   10450.000  TEMP(K) =   301.90  PRESS =     0.0
 Etot   =   -116811.5409  EKtot   =     20651.1875  EPtot      =   -137462.7284
 BOND   =       549.8886  ANGLE   =      1533.4083  DIHED      =      1010.2001
 UB     =         0.0000  IMP     =         0.0000  CMAP       =       136.9523
 1-4 NB =       651.7896  1-4 EEL =      5860.1333  VDWAALS    =     16478.8031
 EELEC  =   -163683.9036  EHBOND  =         0.0000  RESTRAINT  =         0.0000
 EKCMT  =         0.0000  VIRIAL  =         0.0000  VOLUME     =    333427.4094
                                                    Density    =         1.0333
 ------------------------------------------------------------------------------

wrapping first mol.:      -75.63373        0.00000        0.00000
wrapping first mol.:      -75.63373        0.00000        0.00000
wrapping first mol.:      -75.67972        0.00000        0.00000
wrapping first mol.:      -75.67972        0.00000        0.00000
wrapping first mol.:      -75.60970        0.00000        0.00000
wrapping first mol.:      -75.60970        0.00000        0.00000
wrapping first mol.:      -75.80387        0.00000        0.00000
wrapping first mol.:      -75.80387        0.00000        0.00000
wrapping first mol.:      -75.73483        0.00000        0.00000
wrapping first mol.:      -75.73483        0.00000        0.00000

 NSTEP =  4400000   TIME(PS) =   10500.000  TEMP(K) =   301.70  PRESS =     0.0
 Etot   =   -116819.4863  EKtot   =     20637.2109  EPtot      =   -137456.6973
 BOND   =       556.3509  ANGLE   =      1535.5072  DIHED      =       987.6308
 UB     =         0.0000  IMP     =         0.0000  CMAP       =       135.6362
 1-4 NB =       666.0653  1-4 EEL =      5880.7781  VDWAALS    =     16194.0384
 EELEC  =   -163412.7042  EHBOND  =         0.0000  RESTRAINT  =         0.0000
 EKCMT  =         0.0000  VIRIAL  =         0.0000  VOLUME     =    334399.0925
                                                    Density    =         1.0303
 ------------------------------------------------------------------------------

wrapping first mol.:      -75.71978        0.00000        0.00000
wrapping first mol.:      -75.71978        0.00000        0.00000
wrapping first mol.:      -75.80005        0.00000        0.00000
wrapping first mol.:      -75.80005        0.00000        0.00000
wrapping first mol.:      -75.72652        0.00000        0.00000
wrapping first mol.:      -75.72652        0.00000        0.00000
wrapping first mol.:      -75.69226        0.00000        0.00000
wrapping first mol.:      -75.69226        0.00000        0.00000
wrapping first mol.:      -75.72704        0.00000        0.00000
wrapping first mol.:      -75.72704        0.00000        0.00000

 NSTEP =  4425000   TIME(PS) =   10550.000  TEMP(K) =   300.77  PRESS =     0.0
 Etot   =   -116949.1788  EKtot   =     20573.7754  EPtot      =   -137522.9542
 BOND   =       583.4210  ANGLE   =      1489.2032  DIHED      =       997.1730
 UB     =         0.0000  IMP     =         0.0000  CMAP       =       128.6869
 1-4 NB =       662.8385  1-4 EEL =      5831.3835  VDWAALS    =     16715.0411
 EELEC  =   -163930.7015  EHBOND  =         0.0000  RESTRAINT  =         0.0000
 EKCMT  =         0.0000  VIRIAL  =         0.0000  VOLUME     =    334295.9879
                                                    Density    =         1.0306
 ------------------------------------------------------------------------------

wrapping first mol.:      -75.65969        0.00000        0.00000
wrapping first mol.:      -75.65969        0.00000        0.00000
wrapping first mol.:      -75.81722        0.00000        0.00000
wrapping first mol.:      -75.81722        0.00000        0.00000
wrapping first mol.:      -75.80964        0.00000        0.00000
wrapping first mol.:      -75.80964        0.00000        0.00000
wrapping first mol.:      -75.69035        0.00000        0.00000
wrapping first mol.:      -75.69035        0.00000        0.00000
wrapping first mol.:      -75.76962        0.00000        0.00000
wrapping first mol.:      -75.76962        0.00000        0.00000

 NSTEP =  4450000   TIME(PS) =   10600.000  TEMP(K) =   300.83  PRESS =     0.0
 Etot   =   -116698.8378  EKtot   =     20577.6094  EPtot      =   -137276.4472
 BOND   =       564.3161  ANGLE   =      1523.4244  DIHED      =       961.6963
 UB     =         0.0000  IMP     =         0.0000  CMAP       =       138.4213
 1-4 NB =       651.3965  1-4 EEL =      5876.2335  VDWAALS    =     16243.0906
 EELEC  =   -163235.0259  EHBOND  =         0.0000  RESTRAINT  =         0.0000
 EKCMT  =         0.0000  VIRIAL  =         0.0000  VOLUME     =    334860.1667
                                                    Density    =         1.0289
 ------------------------------------------------------------------------------

wrapping first mol.:      -75.75514        0.00000        0.00000
wrapping first mol.:      -75.75514        0.00000        0.00000
wrapping first mol.:      -75.71672        0.00000        0.00000
wrapping first mol.:      -75.71672        0.00000        0.00000
wrapping first mol.:      -75.75397        0.00000        0.00000
wrapping first mol.:      -75.75397        0.00000        0.00000
wrapping first mol.:      -75.63367        0.00000        0.00000
wrapping first mol.:      -75.63367        0.00000        0.00000
wrapping first mol.:      -75.63471        0.00000        0.00000
wrapping first mol.:      -75.63471        0.00000        0.00000

 NSTEP =  4475000   TIME(PS) =   10650.000  TEMP(K) =   301.60  PRESS =     0.0
 Etot   =   -117215.6132  EKtot   =     20630.2676  EPtot      =   -137845.8807
 BOND   =       562.3846  ANGLE   =      1516.6900  DIHED      =       969.9239
 UB     =         0.0000  IMP     =         0.0000  CMAP       =       142.4277
 1-4 NB =       645.2164  1-4 EEL =      5848.3416  VDWAALS    =     16115.2596
 EELEC  =   -163646.1245  EHBOND  =         0.0000  RESTRAINT  =         0.0000
 EKCMT  =         0.0000  VIRIAL  =         0.0000  VOLUME     =    333074.7104
                                                    Density    =         1.0344
 ------------------------------------------------------------------------------

wrapping first mol.:      -75.69094        0.00000        0.00000
wrapping first mol.:      -75.69094        0.00000        0.00000
wrapping first mol.:      -75.73199        0.00000        0.00000
wrapping first mol.:      -75.73199        0.00000        0.00000
wrapping first mol.:      -75.65647        0.00000        0.00000
wrapping first mol.:      -75.65647        0.00000        0.00000
wrapping first mol.:      -75.66406        0.00000        0.00000
wrapping first mol.:      -75.66406        0.00000        0.00000
wrapping first mol.:      -75.76723        0.00000        0.00000
wrapping first mol.:      -75.76723        0.00000        0.00000

 NSTEP =  4500000   TIME(PS) =   10700.000  TEMP(K) =   301.42  PRESS =     0.0
 Etot   =   -116938.9442  EKtot   =     20618.2969  EPtot      =   -137557.2411
 BOND   =       597.6437  ANGLE   =      1524.7904  DIHED      =      1016.4181
 UB     =         0.0000  IMP     =         0.0000  CMAP       =       128.0875
 1-4 NB =       637.6103  1-4 EEL =      5804.6304  VDWAALS    =     16537.0548
 EELEC  =   -163803.4765  EHBOND  =         0.0000  RESTRAINT  =         0.0000
 EKCMT  =         0.0000  VIRIAL  =         0.0000  VOLUME     =    334828.5002
                                                    Density    =         1.0290
 ------------------------------------------------------------------------------

wrapping first mol.:      -75.74678        0.00000        0.00000
wrapping first mol.:      -75.74678        0.00000        0.00000
wrapping first mol.:      -75.75013        0.00000        0.00000
wrapping first mol.:      -75.75013        0.00000        0.00000
wrapping first mol.:      -75.69451        0.00000        0.00000
wrapping first mol.:      -75.69451        0.00000        0.00000
wrapping first mol.:      -75.77524        0.00000        0.00000
wrapping first mol.:      -75.77524        0.00000        0.00000
wrapping first mol.:      -75.75601        0.00000        0.00000
wrapping first mol.:      -75.75601        0.00000        0.00000

 NSTEP =  4525000   TIME(PS) =   10750.000  TEMP(K) =   298.38  PRESS =     0.0
 Etot   =   -116887.3288  EKtot   =     20410.4453  EPtot      =   -137297.7741
 BOND   =       579.5428  ANGLE   =      1499.4425  DIHED      =      1005.9333
 UB     =         0.0000  IMP     =         0.0000  CMAP       =       142.2430
 1-4 NB =       657.1573  1-4 EEL =      5870.0799  VDWAALS    =     16204.5871
 EELEC  =   -163256.7600  EHBOND  =         0.0000  RESTRAINT  =         0.0000
 EKCMT  =         0.0000  VIRIAL  =         0.0000  VOLUME     =    334679.7495
                                                    Density    =         1.0294
 ------------------------------------------------------------------------------

wrapping first mol.:      -75.77397        0.00000        0.00000
wrapping first mol.:      -75.77397        0.00000        0.00000
wrapping first mol.:      -75.73672        0.00000        0.00000
wrapping first mol.:      -75.73672        0.00000        0.00000
wrapping first mol.:      -75.69469        0.00000        0.00000
wrapping first mol.:      -75.69469        0.00000        0.00000
wrapping first mol.:      -75.61941        0.00000        0.00000
wrapping first mol.:      -75.61941        0.00000        0.00000
wrapping first mol.:      -75.67535        0.00000        0.00000
wrapping first mol.:      -75.67535        0.00000        0.00000

 NSTEP =  4550000   TIME(PS) =   10800.000  TEMP(K) =   298.98  PRESS =     0.0
 Etot   =   -117174.6148  EKtot   =     20451.3652  EPtot      =   -137625.9801
 BOND   =       566.4601  ANGLE   =      1516.8917  DIHED      =       997.2482
 UB     =         0.0000  IMP     =         0.0000  CMAP       =       144.3314
 1-4 NB =       646.5115  1-4 EEL =      5874.7023  VDWAALS    =     16526.6876
 EELEC  =   -163898.8127  EHBOND  =         0.0000  RESTRAINT  =         0.0000
 EKCMT  =         0.0000  VIRIAL  =         0.0000  VOLUME     =    333611.8739
                                                    Density    =         1.0327
 ------------------------------------------------------------------------------

wrapping first mol.:      -75.69550        0.00000        0.00000
wrapping first mol.:      -75.69550        0.00000        0.00000
wrapping first mol.:      -75.56651        0.00000        0.00000
wrapping first mol.:      -75.56651        0.00000        0.00000
wrapping first mol.:      -75.71975        0.00000        0.00000
wrapping first mol.:      -75.71975        0.00000        0.00000
wrapping first mol.:      -75.69162        0.00000        0.00000
wrapping first mol.:      -75.69162        0.00000        0.00000
wrapping first mol.:      -75.77911        0.00000        0.00000
wrapping first mol.:      -75.77911        0.00000        0.00000

 NSTEP =  4575000   TIME(PS) =   10850.000  TEMP(K) =   301.46  PRESS =     0.0
 Etot   =   -117158.6431  EKtot   =     20620.9355  EPtot      =   -137779.5786
 BOND   =       570.1345  ANGLE   =      1474.8201  DIHED      =       946.0666
 UB     =         0.0000  IMP     =         0.0000  CMAP       =       140.3465
 1-4 NB =       643.1048  1-4 EEL =      5842.3588  VDWAALS    =     16420.3771
 EELEC  =   -163816.7870  EHBOND  =         0.0000  RESTRAINT  =         0.0000
 EKCMT  =         0.0000  VIRIAL  =         0.0000  VOLUME     =    334985.9491
                                                    Density    =         1.0285
 ------------------------------------------------------------------------------

wrapping first mol.:      -75.63187        0.00000        0.00000
wrapping first mol.:      -75.63187        0.00000        0.00000
wrapping first mol.:      -75.70611        0.00000        0.00000
wrapping first mol.:      -75.70611        0.00000        0.00000
wrapping first mol.:      -75.67352        0.00000        0.00000
wrapping first mol.:      -75.67352        0.00000        0.00000
wrapping first mol.:      -75.66849        0.00000        0.00000
wrapping first mol.:      -75.66849        0.00000        0.00000
wrapping first mol.:      -75.63981        0.00000        0.00000
wrapping first mol.:      -75.63981        0.00000        0.00000

 NSTEP =  4600000   TIME(PS) =   10900.000  TEMP(K) =   300.84  PRESS =     0.0
 Etot   =   -117055.2332  EKtot   =     20578.6738  EPtot      =   -137633.9071
 BOND   =       543.7049  ANGLE   =      1570.8067  DIHED      =      1002.6861
 UB     =         0.0000  IMP     =         0.0000  CMAP       =       130.5271
 1-4 NB =       620.9702  1-4 EEL =      5867.4389  VDWAALS    =     16396.4350
 EELEC  =   -163766.4760  EHBOND  =         0.0000  RESTRAINT  =         0.0000
 EKCMT  =         0.0000  VIRIAL  =         0.0000  VOLUME     =    333142.0503
                                                    Density    =         1.0342
 ------------------------------------------------------------------------------

wrapping first mol.:      -75.67023        0.00000        0.00000
wrapping first mol.:      -75.67023        0.00000        0.00000
wrapping first mol.:      -75.74310        0.00000        0.00000
wrapping first mol.:      -75.74310        0.00000        0.00000
wrapping first mol.:      -75.72902        0.00000        0.00000
wrapping first mol.:      -75.72902        0.00000        0.00000
wrapping first mol.:      -75.71753        0.00000        0.00000
wrapping first mol.:      -75.71753        0.00000        0.00000
wrapping first mol.:      -75.64290        0.00000        0.00000
wrapping first mol.:      -75.64290        0.00000        0.00000

 NSTEP =  4625000   TIME(PS) =   10950.000  TEMP(K) =   299.13  PRESS =     0.0
 Etot   =   -117121.5634  EKtot   =     20461.3457  EPtot      =   -137582.9091
 BOND   =       573.4784  ANGLE   =      1522.8387  DIHED      =       997.6963
 UB     =         0.0000  IMP     =         0.0000  CMAP       =       130.8415
 1-4 NB =       644.6724  1-4 EEL =      5860.4125  VDWAALS    =     16640.5534
 EELEC  =   -163953.4024  EHBOND  =         0.0000  RESTRAINT  =         0.0000
 EKCMT  =         0.0000  VIRIAL  =         0.0000  VOLUME     =    333182.8994
                                                    Density    =         1.0341
 ------------------------------------------------------------------------------

wrapping first mol.:      -75.67379        0.00000        0.00000
wrapping first mol.:      -75.67379        0.00000        0.00000
wrapping first mol.:      -75.59401        0.00000        0.00000
wrapping first mol.:      -75.59401        0.00000        0.00000
wrapping first mol.:      -75.67258        0.00000        0.00000
wrapping first mol.:      -75.67258        0.00000        0.00000
wrapping first mol.:      -75.68098        0.00000        0.00000
wrapping first mol.:      -75.68098        0.00000        0.00000
wrapping first mol.:      -75.69115        0.00000        0.00000
wrapping first mol.:      -75.69115        0.00000        0.00000

 NSTEP =  4650000   TIME(PS) =   11000.000  TEMP(K) =   301.70  PRESS =     0.0
 Etot   =   -117094.1962  EKtot   =     20637.5391  EPtot      =   -137731.7353
 BOND   =       577.8438  ANGLE   =      1494.5553  DIHED      =       965.7512
 UB     =         0.0000  IMP     =         0.0000  CMAP       =       125.8752
 1-4 NB =       657.7198  1-4 EEL =      5818.1954  VDWAALS    =     16419.1357
 EELEC  =   -163790.8118  EHBOND  =         0.0000  RESTRAINT  =         0.0000
 EKCMT  =         0.0000  VIRIAL  =         0.0000  VOLUME     =    333820.8968
                                                    Density    =         1.0321
 ------------------------------------------------------------------------------

wrapping first mol.:      -75.70438        0.00000        0.00000
wrapping first mol.:      -75.70438        0.00000        0.00000
wrapping first mol.:      -75.56551        0.00000        0.00000
wrapping first mol.:      -75.56551        0.00000        0.00000
wrapping first mol.:      -75.60699        0.00000        0.00000
wrapping first mol.:      -75.60699        0.00000        0.00000
wrapping first mol.:      -75.78556        0.00000        0.00000
wrapping first mol.:      -75.78556        0.00000        0.00000
wrapping first mol.:      -75.67097        0.00000        0.00000
wrapping first mol.:      -75.67097        0.00000        0.00000

 NSTEP =  4675000   TIME(PS) =   11050.000  TEMP(K) =   298.05  PRESS =     0.0
 Etot   =   -117079.8716  EKtot   =     20387.3867  EPtot      =   -137467.2584
 BOND   =       566.2815  ANGLE   =      1542.0991  DIHED      =       988.6912
 UB     =         0.0000  IMP     =         0.0000  CMAP       =       132.2486
 1-4 NB =       632.8692  1-4 EEL =      5840.6684  VDWAALS    =     16299.2103
 EELEC  =   -163469.3267  EHBOND  =         0.0000  RESTRAINT  =         0.0000
 EKCMT  =         0.0000  VIRIAL  =         0.0000  VOLUME     =    333553.9722
                                                    Density    =         1.0329
 ------------------------------------------------------------------------------

wrapping first mol.:      -75.63781        0.00000        0.00000
wrapping first mol.:      -75.63781        0.00000        0.00000
wrapping first mol.:      -75.76966        0.00000        0.00000
wrapping first mol.:      -75.76966        0.00000        0.00000
wrapping first mol.:      -75.76230        0.00000        0.00000
wrapping first mol.:      -75.76230        0.00000        0.00000
wrapping first mol.:      -75.68493        0.00000        0.00000
wrapping first mol.:      -75.68493        0.00000        0.00000
wrapping first mol.:      -75.65798        0.00000        0.00000
wrapping first mol.:      -75.65798        0.00000        0.00000

 NSTEP =  4700000   TIME(PS) =   11100.000  TEMP(K) =   300.04  PRESS =     0.0
 Etot   =   -117169.7741  EKtot   =     20523.4219  EPtot      =   -137693.1960
 BOND   =       516.1897  ANGLE   =      1572.5575  DIHED      =       983.2018
 UB     =         0.0000  IMP     =         0.0000  CMAP       =       132.2787
 1-4 NB =       645.9086  1-4 EEL =      5879.5050  VDWAALS    =     16571.8496
 EELEC  =   -163994.6870  EHBOND  =         0.0000  RESTRAINT  =         0.0000
 EKCMT  =         0.0000  VIRIAL  =         0.0000  VOLUME     =    333382.1241
                                                    Density    =         1.0334
 ------------------------------------------------------------------------------

wrapping first mol.:      -75.81627        0.00000        0.00000
wrapping first mol.:      -75.81627        0.00000        0.00000
wrapping first mol.:      -75.66716        0.00000        0.00000
wrapping first mol.:      -75.66716        0.00000        0.00000
wrapping first mol.:      -75.73814        0.00000        0.00000
wrapping first mol.:      -75.73814        0.00000        0.00000
wrapping first mol.:      -75.61601        0.00000        0.00000
wrapping first mol.:      -75.61601        0.00000        0.00000
wrapping first mol.:      -75.68041        0.00000        0.00000
wrapping first mol.:      -75.68041        0.00000        0.00000

 NSTEP =  4725000   TIME(PS) =   11150.000  TEMP(K) =   299.47  PRESS =     0.0
 Etot   =   -117216.6223  EKtot   =     20484.9570  EPtot      =   -137701.5793
 BOND   =       556.8472  ANGLE   =      1587.8253  DIHED      =      1001.0673
 UB     =         0.0000  IMP     =         0.0000  CMAP       =       141.3311
 1-4 NB =       651.6781  1-4 EEL =      5841.3079  VDWAALS    =     16275.3320
 EELEC  =   -163756.9683  EHBOND  =         0.0000  RESTRAINT  =         0.0000
 EKCMT  =         0.0000  VIRIAL  =         0.0000  VOLUME     =    333678.7280
                                                    Density    =         1.0325
 ------------------------------------------------------------------------------

wrapping first mol.:      -75.75426        0.00000        0.00000
wrapping first mol.:      -75.75426        0.00000        0.00000
wrapping first mol.:      -75.62541        0.00000        0.00000
wrapping first mol.:      -75.62541        0.00000        0.00000
wrapping first mol.:      -75.64531        0.00000        0.00000
wrapping first mol.:      -75.64531        0.00000        0.00000
wrapping first mol.:      -75.56834        0.00000        0.00000
wrapping first mol.:      -75.56834        0.00000        0.00000
wrapping first mol.:      -75.73265        0.00000        0.00000
wrapping first mol.:      -75.73265        0.00000        0.00000

 NSTEP =  4750000   TIME(PS) =   11200.000  TEMP(K) =   298.58  PRESS =     0.0
 Etot   =   -117252.3141  EKtot   =     20423.7324  EPtot      =   -137676.0465
 BOND   =       564.3721  ANGLE   =      1504.8080  DIHED      =       996.9121
 UB     =         0.0000  IMP     =         0.0000  CMAP       =       135.6048
 1-4 NB =       646.5623  1-4 EEL =      5841.7028  VDWAALS    =     16550.7637
 EELEC  =   -163916.7721  EHBOND  =         0.0000  RESTRAINT  =         0.0000
 EKCMT  =         0.0000  VIRIAL  =         0.0000  VOLUME     =    334370.2593
                                                    Density    =         1.0304
 ------------------------------------------------------------------------------

wrapping first mol.:      -75.60773        0.00000        0.00000
wrapping first mol.:      -75.60773        0.00000        0.00000
wrapping first mol.:      -75.67784        0.00000        0.00000
wrapping first mol.:      -75.67784        0.00000        0.00000
wrapping first mol.:      -75.72946        0.00000        0.00000
wrapping first mol.:      -75.72946        0.00000        0.00000
wrapping first mol.:      -75.69712        0.00000        0.00000
wrapping first mol.:      -75.69712        0.00000        0.00000
wrapping first mol.:      -75.64049        0.00000        0.00000
wrapping first mol.:      -75.64049        0.00000        0.00000

 NSTEP =  4775000   TIME(PS) =   11250.000  TEMP(K) =   301.87  PRESS =     0.0
 Etot   =   -117135.5688  EKtot   =     20648.5312  EPtot      =   -137784.1000
 BOND   =       559.7542  ANGLE   =      1529.6948  DIHED      =       970.5841
 UB     =         0.0000  IMP     =         0.0000  CMAP       =       139.3981
 1-4 NB =       644.3377  1-4 EEL =      5827.3990  VDWAALS    =     16476.4895
 EELEC  =   -163931.7574  EHBOND  =         0.0000  RESTRAINT  =         0.0000
 EKCMT  =         0.0000  VIRIAL  =         0.0000  VOLUME     =    333150.9827
                                                    Density    =         1.0342
 ------------------------------------------------------------------------------

wrapping first mol.:      -75.74806        0.00000        0.00000
wrapping first mol.:      -75.74806        0.00000        0.00000
wrapping first mol.:      -75.66759        0.00000        0.00000
wrapping first mol.:      -75.66759        0.00000        0.00000
wrapping first mol.:      -75.68496        0.00000        0.00000
wrapping first mol.:      -75.68496        0.00000        0.00000
wrapping first mol.:      -75.68651        0.00000        0.00000
wrapping first mol.:      -75.68651        0.00000        0.00000
wrapping first mol.:      -75.67818        0.00000        0.00000
wrapping first mol.:      -75.67818        0.00000        0.00000

 NSTEP =  4800000   TIME(PS) =   11300.000  TEMP(K) =   301.67  PRESS =     0.0
 Etot   =   -116728.1956  EKtot   =     20635.4746  EPtot      =   -137363.6702
 BOND   =       546.0773  ANGLE   =      1548.4986  DIHED      =       991.2305
 UB     =         0.0000  IMP     =         0.0000  CMAP       =       137.9038
 1-4 NB =       635.8231  1-4 EEL =      5880.2253  VDWAALS    =     16228.9823
 EELEC  =   -163332.4111  EHBOND  =         0.0000  RESTRAINT  =         0.0000
 EKCMT  =         0.0000  VIRIAL  =         0.0000  VOLUME     =    333649.2490
                                                    Density    =         1.0326
 ------------------------------------------------------------------------------

wrapping first mol.:      -75.66513        0.00000        0.00000
wrapping first mol.:      -75.66513        0.00000        0.00000
wrapping first mol.:      -75.66479        0.00000        0.00000
wrapping first mol.:      -75.66479        0.00000        0.00000
wrapping first mol.:      -75.74393        0.00000        0.00000
wrapping first mol.:      -75.74393        0.00000        0.00000
wrapping first mol.:      -75.81923        0.00000        0.00000
wrapping first mol.:      -75.81923        0.00000        0.00000
wrapping first mol.:      -75.72425        0.00000        0.00000
wrapping first mol.:      -75.72425        0.00000        0.00000

 NSTEP =  4825000   TIME(PS) =   11350.000  TEMP(K) =   302.59  PRESS =     0.0
 Etot   =   -116927.5178  EKtot   =     20698.2988  EPtot      =   -137625.8166
 BOND   =       576.0910  ANGLE   =      1547.5308  DIHED      =      1000.8285
 UB     =         0.0000  IMP     =         0.0000  CMAP       =       135.5854
 1-4 NB =       644.0987  1-4 EEL =      5864.5383  VDWAALS    =     16532.7998
 EELEC  =   -163927.2891  EHBOND  =         0.0000  RESTRAINT  =         0.0000
 EKCMT  =         0.0000  VIRIAL  =         0.0000  VOLUME     =    334258.9451
                                                    Density    =         1.0307
 ------------------------------------------------------------------------------

wrapping first mol.:      -75.69047        0.00000        0.00000
wrapping first mol.:      -75.69047        0.00000        0.00000
wrapping first mol.:      -75.66612        0.00000        0.00000
wrapping first mol.:      -75.66612        0.00000        0.00000
wrapping first mol.:      -75.68747        0.00000        0.00000
wrapping first mol.:      -75.68747        0.00000        0.00000
wrapping first mol.:      -75.65893        0.00000        0.00000
wrapping first mol.:      -75.65893        0.00000        0.00000
wrapping first mol.:      -75.68820        0.00000        0.00000
wrapping first mol.:      -75.68820        0.00000        0.00000

 NSTEP =  4850000   TIME(PS) =   11400.000  TEMP(K) =   298.17  PRESS =     0.0
 Etot   =   -117373.4631  EKtot   =     20395.5469  EPtot      =   -137769.0100
 BOND   =       557.0935  ANGLE   =      1510.9408  DIHED      =       981.0738
 UB     =         0.0000  IMP     =         0.0000  CMAP       =       139.1466
 1-4 NB =       635.8609  1-4 EEL =      5905.9222  VDWAALS    =     16253.5418
 EELEC  =   -163752.5898  EHBOND  =         0.0000  RESTRAINT  =         0.0000
 EKCMT  =         0.0000  VIRIAL  =         0.0000  VOLUME     =    333781.8147
                                                    Density    =         1.0322
 ------------------------------------------------------------------------------

wrapping first mol.:      -75.75662        0.00000        0.00000
wrapping first mol.:      -75.75662        0.00000        0.00000
wrapping first mol.:      -75.59751        0.00000        0.00000
wrapping first mol.:      -75.59751        0.00000        0.00000
wrapping first mol.:      -75.67137        0.00000        0.00000
wrapping first mol.:      -75.67137        0.00000        0.00000
wrapping first mol.:      -75.71904        0.00000        0.00000
wrapping first mol.:      -75.71904        0.00000        0.00000
wrapping first mol.:      -75.76180        0.00000        0.00000
wrapping first mol.:      -75.76180        0.00000        0.00000

 NSTEP =  4875000   TIME(PS) =   11450.000  TEMP(K) =   301.10  PRESS =     0.0
 Etot   =   -117106.4461  EKtot   =     20596.3613  EPtot      =   -137702.8074
 BOND   =       577.7084  ANGLE   =      1540.8626  DIHED      =       988.2097
 UB     =         0.0000  IMP     =         0.0000  CMAP       =       137.3994
 1-4 NB =       661.6716  1-4 EEL =      5865.3028  VDWAALS    =     16713.9104
 EELEC  =   -164187.8723  EHBOND  =         0.0000  RESTRAINT  =         0.0000
 EKCMT  =         0.0000  VIRIAL  =         0.0000  VOLUME     =    334756.4480
                                                    Density    =         1.0292
 ------------------------------------------------------------------------------

wrapping first mol.:      -75.78771        0.00000        0.00000
wrapping first mol.:      -75.78771        0.00000        0.00000
wrapping first mol.:      -75.67409        0.00000        0.00000
wrapping first mol.:      -75.67409        0.00000        0.00000
wrapping first mol.:      -75.71773        0.00000        0.00000
wrapping first mol.:      -75.71773        0.00000        0.00000
wrapping first mol.:      -75.71515        0.00000        0.00000
wrapping first mol.:      -75.71515        0.00000        0.00000
wrapping first mol.:      -75.82925        0.00000        0.00000
wrapping first mol.:      -75.82925        0.00000        0.00000

 NSTEP =  4900000   TIME(PS) =   11500.000  TEMP(K) =   299.98  PRESS =     0.0
 Etot   =   -117225.2456  EKtot   =     20519.5664  EPtot      =   -137744.8120
 BOND   =       576.6738  ANGLE   =      1507.6242  DIHED      =      1002.1503
 UB     =         0.0000  IMP     =         0.0000  CMAP       =       138.3952
 1-4 NB =       630.6478  1-4 EEL =      5828.8997  VDWAALS    =     16210.2940
 EELEC  =   -163639.4971  EHBOND  =         0.0000  RESTRAINT  =         0.0000
 EKCMT  =         0.0000  VIRIAL  =         0.0000  VOLUME     =    335651.3775
                                                    Density    =         1.0265
 ------------------------------------------------------------------------------

wrapping first mol.:      -75.76966        0.00000        0.00000
wrapping first mol.:      -75.76966        0.00000        0.00000
wrapping first mol.:      -75.71295        0.00000        0.00000
wrapping first mol.:      -75.71295        0.00000        0.00000
wrapping first mol.:      -75.66824        0.00000        0.00000
wrapping first mol.:      -75.66824        0.00000        0.00000
wrapping first mol.:      -75.74650        0.00000        0.00000
wrapping first mol.:      -75.74650        0.00000        0.00000
wrapping first mol.:      -75.73654        0.00000        0.00000
wrapping first mol.:      -75.73654        0.00000        0.00000

 NSTEP =  4925000   TIME(PS) =   11550.000  TEMP(K) =   298.86  PRESS =     0.0
 Etot   =   -116908.7451  EKtot   =     20442.8691  EPtot      =   -137351.6143
 BOND   =       546.7845  ANGLE   =      1546.1015  DIHED      =       968.3903
 UB     =         0.0000  IMP     =         0.0000  CMAP       =       136.7420
 1-4 NB =       644.7240  1-4 EEL =      5858.4313  VDWAALS    =     16434.0324
 EELEC  =   -163486.8204  EHBOND  =         0.0000  RESTRAINT  =         0.0000
 EKCMT  =         0.0000  VIRIAL  =         0.0000  VOLUME     =    334421.7010
                                                    Density    =         1.0302
 ------------------------------------------------------------------------------

wrapping first mol.:      -75.73779        0.00000        0.00000
wrapping first mol.:      -75.73779        0.00000        0.00000
wrapping first mol.:      -75.78697        0.00000        0.00000
wrapping first mol.:      -75.78697        0.00000        0.00000
wrapping first mol.:      -75.75924        0.00000        0.00000
wrapping first mol.:      -75.75924        0.00000        0.00000
wrapping first mol.:      -75.79493        0.00000        0.00000
wrapping first mol.:      -75.79493        0.00000        0.00000
wrapping first mol.:      -75.68912        0.00000        0.00000
wrapping first mol.:      -75.68912        0.00000        0.00000

 NSTEP =  4950000   TIME(PS) =   11600.000  TEMP(K) =   299.00  PRESS =     0.0
 Etot   =   -116916.8761  EKtot   =     20452.5898  EPtot      =   -137369.4659
 BOND   =       546.8275  ANGLE   =      1525.3222  DIHED      =      1001.8805
 UB     =         0.0000  IMP     =         0.0000  CMAP       =       140.2820
 1-4 NB =       654.9779  1-4 EEL =      5901.0623  VDWAALS    =     16059.4065
 EELEC  =   -163199.2247  EHBOND  =         0.0000  RESTRAINT  =         0.0000
 EKCMT  =         0.0000  VIRIAL  =         0.0000  VOLUME     =    333793.9863
                                                    Density    =         1.0322
 ------------------------------------------------------------------------------

wrapping first mol.:      -75.78154        0.00000        0.00000
wrapping first mol.:      -75.78154        0.00000        0.00000
wrapping first mol.:      -75.61081        0.00000        0.00000
wrapping first mol.:      -75.61081        0.00000        0.00000
wrapping first mol.:      -75.72508        0.00000        0.00000
wrapping first mol.:      -75.72508        0.00000        0.00000
wrapping first mol.:      -75.73311        0.00000        0.00000
wrapping first mol.:      -75.73311        0.00000        0.00000
wrapping first mol.:      -75.71553        0.00000        0.00000
wrapping first mol.:      -75.71553        0.00000        0.00000

 NSTEP =  4975000   TIME(PS) =   11650.000  TEMP(K) =   303.25  PRESS =     0.0
 Etot   =   -116767.2235  EKtot   =     20743.4766  EPtot      =   -137510.7001
 BOND   =       541.9736  ANGLE   =      1579.5860  DIHED      =       994.8946
 UB     =         0.0000  IMP     =         0.0000  CMAP       =       141.0285
 1-4 NB =       648.0296  1-4 EEL =      5922.6732  VDWAALS    =     15981.3261
 EELEC  =   -163320.2115  EHBOND  =         0.0000  RESTRAINT  =         0.0000
 EKCMT  =         0.0000  VIRIAL  =         0.0000  VOLUME     =    334143.5585
                                                    Density    =         1.0311
 ------------------------------------------------------------------------------

wrapping first mol.:      -75.68547        0.00000        0.00000
wrapping first mol.:      -75.68547        0.00000        0.00000
wrapping first mol.:      -75.65883        0.00000        0.00000
wrapping first mol.:      -75.65883        0.00000        0.00000
wrapping first mol.:      -75.71150        0.00000        0.00000
wrapping first mol.:      -75.71150        0.00000        0.00000
wrapping first mol.:      -75.76426        0.00000        0.00000
wrapping first mol.:      -75.76426        0.00000        0.00000
wrapping first mol.:      -75.66788        0.00000        0.00000
wrapping first mol.:      -75.66788        0.00000        0.00000

 NSTEP =  5000000   TIME(PS) =   11700.000  TEMP(K) =   299.89  PRESS =     0.0
 Etot   =   -117106.1488  EKtot   =     20513.6094  EPtot      =   -137619.7581
 BOND   =       571.3642  ANGLE   =      1489.3991  DIHED      =       985.0282
 UB     =         0.0000  IMP     =         0.0000  CMAP       =       136.8078
 1-4 NB =       641.1994  1-4 EEL =      5898.0833  VDWAALS    =     16245.7313
 EELEC  =   -163587.3713  EHBOND  =         0.0000  RESTRAINT  =         0.0000
 EKCMT  =         0.0000  VIRIAL  =         0.0000  VOLUME     =    333513.1006
                                                    Density    =         1.0330
 ------------------------------------------------------------------------------

wrapping first mol.:      -75.71793        0.00000        0.00000
wrapping first mol.:      -75.71793        0.00000        0.00000
wrapping first mol.:      -75.80992        0.00000        0.00000
wrapping first mol.:      -75.80992        0.00000        0.00000
wrapping first mol.:      -75.75145        0.00000        0.00000
wrapping first mol.:      -75.75145        0.00000        0.00000
wrapping first mol.:      -75.67669        0.00000        0.00000
wrapping first mol.:      -75.67669        0.00000        0.00000
wrapping first mol.:      -75.81386        0.00000        0.00000
wrapping first mol.:      -75.81386        0.00000        0.00000

 NSTEP =  5025000   TIME(PS) =   11750.000  TEMP(K) =   298.00  PRESS =     0.0
 Etot   =   -117009.4171  EKtot   =     20384.1289  EPtot      =   -137393.5460
 BOND   =       538.2646  ANGLE   =      1477.8089  DIHED      =       987.5009
 UB     =         0.0000  IMP     =         0.0000  CMAP       =       140.3870
 1-4 NB =       657.9307  1-4 EEL =      5959.9857  VDWAALS    =     16099.5488
 EELEC  =   -163254.9727  EHBOND  =         0.0000  RESTRAINT  =         0.0000
 EKCMT  =         0.0000  VIRIAL  =         0.0000  VOLUME     =    335447.0897
                                                    Density    =         1.0271
 ------------------------------------------------------------------------------

wrapping first mol.:      -75.74447        0.00000        0.00000
wrapping first mol.:      -75.74447        0.00000        0.00000
wrapping first mol.:      -75.61890        0.00000        0.00000
wrapping first mol.:      -75.61890        0.00000        0.00000
wrapping first mol.:      -75.68154        0.00000        0.00000
wrapping first mol.:      -75.68154        0.00000        0.00000
wrapping first mol.:      -75.79879        0.00000        0.00000
wrapping first mol.:      -75.79879        0.00000        0.00000
wrapping first mol.:      -75.77460        0.00000        0.00000
wrapping first mol.:      -75.77460        0.00000        0.00000

 NSTEP =  5050000   TIME(PS) =   11800.000  TEMP(K) =   299.23  PRESS =     0.0
 Etot   =   -116773.2203  EKtot   =     20468.0117  EPtot      =   -137241.2320
 BOND   =       575.5760  ANGLE   =      1495.5606  DIHED      =       985.9349
 UB     =         0.0000  IMP     =         0.0000  CMAP       =       135.8821
 1-4 NB =       665.4314  1-4 EEL =      5914.0897  VDWAALS    =     16411.9222
 EELEC  =   -163425.6290  EHBOND  =         0.0000  RESTRAINT  =         0.0000
 EKCMT  =         0.0000  VIRIAL  =         0.0000  VOLUME     =    334926.1656
                                                    Density    =         1.0287
 ------------------------------------------------------------------------------

wrapping first mol.:      -75.74911        0.00000        0.00000
wrapping first mol.:      -75.74911        0.00000        0.00000
wrapping first mol.:      -75.76089        0.00000        0.00000
wrapping first mol.:      -75.76089        0.00000        0.00000
wrapping first mol.:      -75.71797        0.00000        0.00000
wrapping first mol.:      -75.71797        0.00000        0.00000
wrapping first mol.:      -75.71024        0.00000        0.00000
wrapping first mol.:      -75.71024        0.00000        0.00000
wrapping first mol.:      -75.71783        0.00000        0.00000
wrapping first mol.:      -75.71783        0.00000        0.00000

 NSTEP =  5075000   TIME(PS) =   11850.000  TEMP(K) =   302.91  PRESS =     0.0
 Etot   =   -116906.7800  EKtot   =     20720.2090  EPtot      =   -137626.9890
 BOND   =       572.1487  ANGLE   =      1488.6530  DIHED      =       998.5772
 UB     =         0.0000  IMP     =         0.0000  CMAP       =       156.6034
 1-4 NB =       654.0240  1-4 EEL =      5862.0727  VDWAALS    =     16190.4947
 EELEC  =   -163549.5628  EHBOND  =         0.0000  RESTRAINT  =         0.0000
 EKCMT  =         0.0000  VIRIAL  =         0.0000  VOLUME     =    334173.9659
                                                    Density    =         1.0310
 ------------------------------------------------------------------------------

wrapping first mol.:      -75.77498        0.00000        0.00000
wrapping first mol.:      -75.77498        0.00000        0.00000
wrapping first mol.:      -75.67971        0.00000        0.00000
wrapping first mol.:      -75.67971        0.00000        0.00000
wrapping first mol.:      -75.76609        0.00000        0.00000
wrapping first mol.:      -75.76609        0.00000        0.00000
wrapping first mol.:      -75.72752        0.00000        0.00000
wrapping first mol.:      -75.72752        0.00000        0.00000
wrapping first mol.:      -75.74997        0.00000        0.00000
wrapping first mol.:      -75.74997        0.00000        0.00000

 NSTEP =  5100000   TIME(PS) =   11900.000  TEMP(K) =   301.62  PRESS =     0.0
 Etot   =   -117033.4790  EKtot   =     20631.6426  EPtot      =   -137665.1216
 BOND   =       537.8345  ANGLE   =      1500.2088  DIHED      =      1005.7109
 UB     =         0.0000  IMP     =         0.0000  CMAP       =       132.5821
 1-4 NB =       664.4729  1-4 EEL =      5889.8183  VDWAALS    =     16607.1023
 EELEC  =   -164002.8513  EHBOND  =         0.0000  RESTRAINT  =         0.0000
 EKCMT  =         0.0000  VIRIAL  =         0.0000  VOLUME     =    334599.7088
                                                    Density    =         1.0297
 ------------------------------------------------------------------------------

wrapping first mol.:      -75.69147        0.00000        0.00000
wrapping first mol.:      -75.69147        0.00000        0.00000
wrapping first mol.:      -75.74424        0.00000        0.00000
wrapping first mol.:      -75.74424        0.00000        0.00000
wrapping first mol.:      -75.71851        0.00000        0.00000
wrapping first mol.:      -75.71851        0.00000        0.00000
wrapping first mol.:      -75.78563        0.00000        0.00000
wrapping first mol.:      -75.78563        0.00000        0.00000
wrapping first mol.:      -75.84209        0.00000        0.00000
wrapping first mol.:      -75.84209        0.00000        0.00000

 NSTEP =  5125000   TIME(PS) =   11950.000  TEMP(K) =   302.00  PRESS =     0.0
 Etot   =   -116875.7297  EKtot   =     20657.7559  EPtot      =   -137533.4856
 BOND   =       545.4027  ANGLE   =      1498.6447  DIHED      =       987.6703
 UB     =         0.0000  IMP     =         0.0000  CMAP       =       145.7003
 1-4 NB =       661.9265  1-4 EEL =      5937.1130  VDWAALS    =     16405.1722
 EELEC  =   -163715.1152  EHBOND  =         0.0000  RESTRAINT  =         0.0000
 EKCMT  =         0.0000  VIRIAL  =         0.0000  VOLUME     =    335821.8723
                                                    Density    =         1.0259
 ------------------------------------------------------------------------------

wrapping first mol.:      -75.75607        0.00000        0.00000
wrapping first mol.:      -75.75607        0.00000        0.00000
wrapping first mol.:      -75.73089        0.00000        0.00000
wrapping first mol.:      -75.73089        0.00000        0.00000
wrapping first mol.:      -75.74811        0.00000        0.00000
wrapping first mol.:      -75.74811        0.00000        0.00000
wrapping first mol.:      -75.87042        0.00000        0.00000
wrapping first mol.:      -75.87042        0.00000        0.00000
wrapping first mol.:      -75.73496        0.00000        0.00000
wrapping first mol.:      -75.73496        0.00000        0.00000

 NSTEP =  5150000   TIME(PS) =   12000.000  TEMP(K) =   301.36  PRESS =     0.0
 Etot   =   -116711.1798  EKtot   =     20614.2324  EPtot      =   -137325.4122
 BOND   =       590.9766  ANGLE   =      1534.2929  DIHED      =      1037.0630
 UB     =         0.0000  IMP     =         0.0000  CMAP       =       144.6290
 1-4 NB =       637.8211  1-4 EEL =      5919.1130  VDWAALS    =     16369.0598
 EELEC  =   -163558.3677  EHBOND  =         0.0000  RESTRAINT  =         0.0000
 EKCMT  =         0.0000  VIRIAL  =         0.0000  VOLUME     =    334400.8396
                                                    Density    =         1.0303
 ------------------------------------------------------------------------------

wrapping first mol.:      -75.76404        0.00000        0.00000
wrapping first mol.:      -75.76404        0.00000        0.00000
wrapping first mol.:      -75.74251        0.00000        0.00000
wrapping first mol.:      -75.74251        0.00000        0.00000
wrapping first mol.:      -75.65111        0.00000        0.00000
wrapping first mol.:      -75.65111        0.00000        0.00000
wrapping first mol.:      -75.81219        0.00000        0.00000
wrapping first mol.:      -75.81219        0.00000        0.00000
wrapping first mol.:      -75.65720        0.00000        0.00000
wrapping first mol.:      -75.65720        0.00000        0.00000

 NSTEP =  5175000   TIME(PS) =   12050.000  TEMP(K) =   300.04  PRESS =     0.0
 Etot   =   -117240.7141  EKtot   =     20523.5059  EPtot      =   -137764.2200
 BOND   =       604.8513  ANGLE   =      1547.1305  DIHED      =       993.2467
 UB     =         0.0000  IMP     =         0.0000  CMAP       =       139.0532
 1-4 NB =       638.3649  1-4 EEL =      5911.8357  VDWAALS    =     16373.4315
 EELEC  =   -163972.1338  EHBOND  =         0.0000  RESTRAINT  =         0.0000
 EKCMT  =         0.0000  VIRIAL  =         0.0000  VOLUME     =    333371.8217
                                                    Density    =         1.0335
 ------------------------------------------------------------------------------

wrapping first mol.:      -75.74709        0.00000        0.00000
wrapping first mol.:      -75.74709        0.00000        0.00000
wrapping first mol.:      -75.77313        0.00000        0.00000
wrapping first mol.:      -75.77313        0.00000        0.00000
wrapping first mol.:      -75.70866        0.00000        0.00000
wrapping first mol.:      -75.70866        0.00000        0.00000
wrapping first mol.:      -75.77650        0.00000        0.00000
wrapping first mol.:      -75.77650        0.00000        0.00000
wrapping first mol.:      -75.65989        0.00000        0.00000
wrapping first mol.:      -75.65989        0.00000        0.00000

 NSTEP =  5200000   TIME(PS) =   12100.000  TEMP(K) =   298.56  PRESS =     0.0
 Etot   =   -117218.0323  EKtot   =     20422.1445  EPtot      =   -137640.1769
 BOND   =       553.2880  ANGLE   =      1513.1794  DIHED      =       997.8658
 UB     =         0.0000  IMP     =         0.0000  CMAP       =       150.8245
 1-4 NB =       634.0702  1-4 EEL =      5948.0577  VDWAALS    =     16487.8293
 EELEC  =   -163925.2918  EHBOND  =         0.0000  RESTRAINT  =         0.0000
 EKCMT  =         0.0000  VIRIAL  =         0.0000  VOLUME     =    333407.4454
                                                    Density    =         1.0334
 ------------------------------------------------------------------------------

wrapping first mol.:      -75.76150        0.00000        0.00000
wrapping first mol.:      -75.76150        0.00000        0.00000
wrapping first mol.:      -75.70489        0.00000        0.00000
wrapping first mol.:      -75.70489        0.00000        0.00000
wrapping first mol.:      -75.71065        0.00000        0.00000
wrapping first mol.:      -75.71065        0.00000        0.00000
wrapping first mol.:      -75.73391        0.00000        0.00000
wrapping first mol.:      -75.73391        0.00000        0.00000
wrapping first mol.:      -75.75730        0.00000        0.00000
wrapping first mol.:      -75.75730        0.00000        0.00000

 NSTEP =  5225000   TIME(PS) =   12150.000  TEMP(K) =   299.16  PRESS =     0.0
 Etot   =   -117123.9087  EKtot   =     20463.3672  EPtot      =   -137587.2759
 BOND   =       546.5640  ANGLE   =      1495.0865  DIHED      =       990.0496
 UB     =         0.0000  IMP     =         0.0000  CMAP       =       148.2891
 1-4 NB =       646.7633  1-4 EEL =      5945.9479  VDWAALS    =     16272.1953
 EELEC  =   -163632.1716  EHBOND  =         0.0000  RESTRAINT  =         0.0000
 EKCMT  =         0.0000  VIRIAL  =         0.0000  VOLUME     =    334696.8084
                                                    Density    =         1.0294
 ------------------------------------------------------------------------------

wrapping first mol.:      -75.78351        0.00000        0.00000
wrapping first mol.:      -75.78351        0.00000        0.00000
wrapping first mol.:      -75.70124        0.00000        0.00000
wrapping first mol.:      -75.70124        0.00000        0.00000
wrapping first mol.:      -75.62389        0.00000        0.00000
wrapping first mol.:      -75.62389        0.00000        0.00000
wrapping first mol.:      -75.68002        0.00000        0.00000
wrapping first mol.:      -75.68002        0.00000        0.00000
wrapping first mol.:      -75.77134        0.00000        0.00000
wrapping first mol.:      -75.77134        0.00000        0.00000

 NSTEP =  5250000   TIME(PS) =   12200.000  TEMP(K) =   298.34  PRESS =     0.0
 Etot   =   -117365.8040  EKtot   =     20407.2090  EPtot      =   -137773.0130
 BOND   =       593.6896  ANGLE   =      1532.3122  DIHED      =      1002.5082
 UB     =         0.0000  IMP     =         0.0000  CMAP       =       136.1614
 1-4 NB =       651.5456  1-4 EEL =      5911.3194  VDWAALS    =     16208.0052
 EELEC  =   -163808.5547  EHBOND  =         0.0000  RESTRAINT  =         0.0000
 EKCMT  =         0.0000  VIRIAL  =         0.0000  VOLUME     =    334882.9175
                                                    Density    =         1.0288
 ------------------------------------------------------------------------------

wrapping first mol.:      -75.69356        0.00000        0.00000
wrapping first mol.:      -75.69356        0.00000        0.00000
wrapping first mol.:      -75.69542        0.00000        0.00000
wrapping first mol.:      -75.69542        0.00000        0.00000
wrapping first mol.:      -75.68614        0.00000        0.00000
wrapping first mol.:      -75.68614        0.00000        0.00000
wrapping first mol.:      -75.65187        0.00000        0.00000
wrapping first mol.:      -75.65187        0.00000        0.00000
wrapping first mol.:      -75.67118        0.00000        0.00000
wrapping first mol.:      -75.67118        0.00000        0.00000

 NSTEP =  5275000   TIME(PS) =   12250.000  TEMP(K) =   299.99  PRESS =     0.0
 Etot   =   -117088.4225  EKtot   =     20520.3750  EPtot      =   -137608.7975
 BOND   =       569.2980  ANGLE   =      1480.5345  DIHED      =      1029.7839
 UB     =         0.0000  IMP     =         0.0000  CMAP       =       141.6646
 1-4 NB =       660.6741  1-4 EEL =      5972.6244  VDWAALS    =     16132.6470
 EELEC  =   -163596.0240  EHBOND  =         0.0000  RESTRAINT  =         0.0000
 EKCMT  =         0.0000  VIRIAL  =         0.0000  VOLUME     =    333556.7417
                                                    Density    =         1.0329
 ------------------------------------------------------------------------------

wrapping first mol.:      -75.58303        0.00000        0.00000
wrapping first mol.:      -75.58303        0.00000        0.00000
wrapping first mol.:      -75.66315        0.00000        0.00000
wrapping first mol.:      -75.66315        0.00000        0.00000
wrapping first mol.:      -75.75262        0.00000        0.00000
wrapping first mol.:      -75.75262        0.00000        0.00000
wrapping first mol.:      -75.64930        0.00000        0.00000
wrapping first mol.:      -75.64930        0.00000        0.00000
wrapping first mol.:      -75.61622        0.00000        0.00000
wrapping first mol.:      -75.61622        0.00000        0.00000

 NSTEP =  5300000   TIME(PS) =   12300.000  TEMP(K) =   302.63  PRESS =     0.0
 Etot   =   -116920.6215  EKtot   =     20700.9199  EPtot      =   -137621.5415
 BOND   =       561.2558  ANGLE   =      1518.6421  DIHED      =       987.7844
 UB     =         0.0000  IMP     =         0.0000  CMAP       =       142.1255
 1-4 NB =       641.7437  1-4 EEL =      5881.3807  VDWAALS    =     16479.9774
 EELEC  =   -163834.4510  EHBOND  =         0.0000  RESTRAINT  =         0.0000
 EKCMT  =         0.0000  VIRIAL  =         0.0000  VOLUME     =    332830.4368
                                                    Density    =         1.0352
 ------------------------------------------------------------------------------

wrapping first mol.:      -75.66073        0.00000        0.00000
wrapping first mol.:      -75.66073        0.00000        0.00000
wrapping first mol.:      -75.63172        0.00000        0.00000
wrapping first mol.:      -75.63172        0.00000        0.00000
wrapping first mol.:      -75.78436        0.00000        0.00000
wrapping first mol.:      -75.78436        0.00000        0.00000
wrapping first mol.:      -75.69365        0.00000        0.00000
wrapping first mol.:      -75.69365        0.00000        0.00000
wrapping first mol.:      -75.72129        0.00000        0.00000
wrapping first mol.:      -75.72129        0.00000        0.00000

 NSTEP =  5325000   TIME(PS) =   12350.000  TEMP(K) =   300.07  PRESS =     0.0
 Etot   =   -117072.6081  EKtot   =     20525.9941  EPtot      =   -137598.6023
 BOND   =       544.7878  ANGLE   =      1537.7111  DIHED      =      1001.8086
 UB     =         0.0000  IMP     =         0.0000  CMAP       =       127.3315
 1-4 NB =       663.2488  1-4 EEL =      5878.8851  VDWAALS    =     16438.5601
 EELEC  =   -163790.9354  EHBOND  =         0.0000  RESTRAINT  =         0.0000
 EKCMT  =         0.0000  VIRIAL  =         0.0000  VOLUME     =    334219.7390
                                                    Density    =         1.0309
 ------------------------------------------------------------------------------

wrapping first mol.:      -75.73794        0.00000        0.00000
wrapping first mol.:      -75.73794        0.00000        0.00000
wrapping first mol.:      -75.77220        0.00000        0.00000
wrapping first mol.:      -75.77220        0.00000        0.00000
wrapping first mol.:      -75.77809        0.00000        0.00000
wrapping first mol.:      -75.77809        0.00000        0.00000
wrapping first mol.:      -75.68911        0.00000        0.00000
wrapping first mol.:      -75.68911        0.00000        0.00000
wrapping first mol.:      -75.65444        0.00000        0.00000
wrapping first mol.:      -75.65444        0.00000        0.00000

 NSTEP =  5350000   TIME(PS) =   12400.000  TEMP(K) =   299.50  PRESS =     0.0
 Etot   =   -117088.5877  EKtot   =     20486.8945  EPtot      =   -137575.4822
 BOND   =       562.2285  ANGLE   =      1511.2344  DIHED      =      1003.2213
 UB     =         0.0000  IMP     =         0.0000  CMAP       =       140.7898
 1-4 NB =       638.2073  1-4 EEL =      5900.7092  VDWAALS    =     16431.0147
 EELEC  =   -163762.8875  EHBOND  =         0.0000  RESTRAINT  =         0.0000
 EKCMT  =         0.0000  VIRIAL  =         0.0000  VOLUME     =    333335.3772
                                                    Density    =         1.0336
 ------------------------------------------------------------------------------

wrapping first mol.:      -75.63275        0.00000        0.00000
wrapping first mol.:      -75.63275        0.00000        0.00000
wrapping first mol.:      -75.70041        0.00000        0.00000
wrapping first mol.:      -75.70041        0.00000        0.00000
wrapping first mol.:      -75.73571        0.00000        0.00000
wrapping first mol.:      -75.73571        0.00000        0.00000
wrapping first mol.:      -75.68426        0.00000        0.00000
wrapping first mol.:      -75.68426        0.00000        0.00000
wrapping first mol.:      -75.72436        0.00000        0.00000
wrapping first mol.:      -75.72436        0.00000        0.00000

 NSTEP =  5375000   TIME(PS) =   12450.000  TEMP(K) =   301.36  PRESS =     0.0
 Etot   =   -116798.0370  EKtot   =     20613.7109  EPtot      =   -137411.7479
 BOND   =       557.3996  ANGLE   =      1515.0381  DIHED      =      1001.1733
 UB     =         0.0000  IMP     =         0.0000  CMAP       =       136.7546
 1-4 NB =       631.7431  1-4 EEL =      5894.4744  VDWAALS    =     16471.9715
 EELEC  =   -163620.3025  EHBOND  =         0.0000  RESTRAINT  =         0.0000
 EKCMT  =         0.0000  VIRIAL  =         0.0000  VOLUME     =    334260.4869
                                                    Density    =         1.0307
 ------------------------------------------------------------------------------

wrapping first mol.:      -75.81937        0.00000        0.00000
wrapping first mol.:      -75.81937        0.00000        0.00000
wrapping first mol.:      -75.74869        0.00000        0.00000
wrapping first mol.:      -75.74869        0.00000        0.00000
wrapping first mol.:      -75.68214        0.00000        0.00000
wrapping first mol.:      -75.68214        0.00000        0.00000
wrapping first mol.:      -75.66799        0.00000        0.00000
wrapping first mol.:      -75.66799        0.00000        0.00000
wrapping first mol.:      -75.68604        0.00000        0.00000
wrapping first mol.:      -75.68604        0.00000        0.00000

 NSTEP =  5400000   TIME(PS) =   12500.000  TEMP(K) =   300.46  PRESS =     0.0
 Etot   =   -116650.9625  EKtot   =     20552.3555  EPtot      =   -137203.3179
 BOND   =       580.3914  ANGLE   =      1538.3501  DIHED      =      1007.9184
 UB     =         0.0000  IMP     =         0.0000  CMAP       =       136.8699
 1-4 NB =       636.2450  1-4 EEL =      5831.2958  VDWAALS    =     16252.3475
 EELEC  =   -163186.7359  EHBOND  =         0.0000  RESTRAINT  =         0.0000
 EKCMT  =         0.0000  VIRIAL  =         0.0000  VOLUME     =    333753.2174
                                                    Density    =         1.0323
 ------------------------------------------------------------------------------

wrapping first mol.:      -75.63747        0.00000        0.00000
wrapping first mol.:      -75.63747        0.00000        0.00000
wrapping first mol.:      -75.63077        0.00000        0.00000
wrapping first mol.:      -75.63077        0.00000        0.00000
wrapping first mol.:      -75.79464        0.00000        0.00000
wrapping first mol.:      -75.79464        0.00000        0.00000
wrapping first mol.:      -75.74002        0.00000        0.00000
wrapping first mol.:      -75.74002        0.00000        0.00000
wrapping first mol.:      -75.76000        0.00000        0.00000
wrapping first mol.:      -75.76000        0.00000        0.00000

 NSTEP =  5425000   TIME(PS) =   12550.000  TEMP(K) =   299.76  PRESS =     0.0
 Etot   =   -116880.7250  EKtot   =     20504.6230  EPtot      =   -137385.3481
 BOND   =       543.0167  ANGLE   =      1517.6883  DIHED      =      1003.7192
 UB     =         0.0000  IMP     =         0.0000  CMAP       =       145.8872
 1-4 NB =       644.2715  1-4 EEL =      5907.6434  VDWAALS    =     16402.9748
 EELEC  =   -163550.5492  EHBOND  =         0.0000  RESTRAINT  =         0.0000
 EKCMT  =         0.0000  VIRIAL  =         0.0000  VOLUME     =    334732.6771
                                                    Density    =         1.0293
 ------------------------------------------------------------------------------

wrapping first mol.:      -75.68956        0.00000        0.00000
wrapping first mol.:      -75.68956        0.00000        0.00000
wrapping first mol.:      -75.64006        0.00000        0.00000
wrapping first mol.:      -75.64006        0.00000        0.00000
wrapping first mol.:      -75.66762        0.00000        0.00000
wrapping first mol.:      -75.66762        0.00000        0.00000
wrapping first mol.:      -75.76306        0.00000        0.00000
wrapping first mol.:      -75.76306        0.00000        0.00000
wrapping first mol.:      -75.65631        0.00000        0.00000
wrapping first mol.:      -75.65631        0.00000        0.00000

 NSTEP =  5450000   TIME(PS) =   12600.000  TEMP(K) =   301.06  PRESS =     0.0
 Etot   =   -116950.7363  EKtot   =     20593.2402  EPtot      =   -137543.9766
 BOND   =       533.3061  ANGLE   =      1544.0937  DIHED      =       999.1680
 UB     =         0.0000  IMP     =         0.0000  CMAP       =       147.4518
 1-4 NB =       641.9840  1-4 EEL =      5883.9882  VDWAALS    =     16436.6736
 EELEC  =   -163730.6420  EHBOND  =         0.0000  RESTRAINT  =         0.0000
 EKCMT  =         0.0000  VIRIAL  =         0.0000  VOLUME     =    333360.0607
                                                    Density    =         1.0335
 ------------------------------------------------------------------------------

wrapping first mol.:      -75.67620        0.00000        0.00000
wrapping first mol.:      -75.67620        0.00000        0.00000
wrapping first mol.:      -75.69382        0.00000        0.00000
wrapping first mol.:      -75.69382        0.00000        0.00000
wrapping first mol.:      -75.74083        0.00000        0.00000
wrapping first mol.:      -75.74083        0.00000        0.00000
wrapping first mol.:      -75.70261        0.00000        0.00000
wrapping first mol.:      -75.70261        0.00000        0.00000
wrapping first mol.:      -75.67179        0.00000        0.00000
wrapping first mol.:      -75.67179        0.00000        0.00000

 NSTEP =  5475000   TIME(PS) =   12650.000  TEMP(K) =   303.48  PRESS =     0.0
 Etot   =   -116820.8159  EKtot   =     20758.6465  EPtot      =   -137579.4624
 BOND   =       581.7414  ANGLE   =      1492.9165  DIHED      =      1017.6806
 UB     =         0.0000  IMP     =         0.0000  CMAP       =       148.4082
 1-4 NB =       641.7747  1-4 EEL =      5837.8087  VDWAALS    =     16427.2071
 EELEC  =   -163726.9997  EHBOND  =         0.0000  RESTRAINT  =         0.0000
 EKCMT  =         0.0000  VIRIAL  =         0.0000  VOLUME     =    333564.7548
                                                    Density    =         1.0329
 ------------------------------------------------------------------------------

wrapping first mol.:      -75.68980        0.00000        0.00000
wrapping first mol.:      -75.68980        0.00000        0.00000
wrapping first mol.:      -75.67590        0.00000        0.00000
wrapping first mol.:      -75.67590        0.00000        0.00000
wrapping first mol.:      -75.72102        0.00000        0.00000
wrapping first mol.:      -75.72102        0.00000        0.00000
wrapping first mol.:      -75.65225        0.00000        0.00000
wrapping first mol.:      -75.65225        0.00000        0.00000
wrapping first mol.:      -75.66102        0.00000        0.00000
wrapping first mol.:      -75.66102        0.00000        0.00000

 NSTEP =  5500000   TIME(PS) =   12700.000  TEMP(K) =   301.44  PRESS =     0.0
 Etot   =   -116949.0064  EKtot   =     20619.2715  EPtot      =   -137568.2778
 BOND   =       560.0993  ANGLE   =      1494.6237  DIHED      =      1004.7996
 UB     =         0.0000  IMP     =         0.0000  CMAP       =       135.5563
 1-4 NB =       653.7734  1-4 EEL =      5892.3158  VDWAALS    =     16671.6104
 EELEC  =   -163981.0564  EHBOND  =         0.0000  RESTRAINT  =         0.0000
 EKCMT  =         0.0000  VIRIAL  =         0.0000  VOLUME     =    333422.3430
                                                    Density    =         1.0333
 ------------------------------------------------------------------------------

wrapping first mol.:      -75.72882        0.00000        0.00000
wrapping first mol.:      -75.72882        0.00000        0.00000
wrapping first mol.:      -75.67453        0.00000        0.00000
wrapping first mol.:      -75.67453        0.00000        0.00000
wrapping first mol.:      -75.69542        0.00000        0.00000
wrapping first mol.:      -75.69542        0.00000        0.00000
wrapping first mol.:      -75.72089        0.00000        0.00000
wrapping first mol.:      -75.72089        0.00000        0.00000
wrapping first mol.:      -75.63687        0.00000        0.00000
wrapping first mol.:      -75.63687        0.00000        0.00000

 NSTEP =  5525000   TIME(PS) =   12750.000  TEMP(K) =   299.56  PRESS =     0.0
 Etot   =   -116812.4530  EKtot   =     20490.9043  EPtot      =   -137303.3573
 BOND   =       559.9829  ANGLE   =      1520.8304  DIHED      =       968.2860
 UB     =         0.0000  IMP     =         0.0000  CMAP       =       142.0609
 1-4 NB =       651.5492  1-4 EEL =      5865.0175  VDWAALS    =     16425.8083
 EELEC  =   -163436.8924  EHBOND  =         0.0000  RESTRAINT  =         0.0000
 EKCMT  =         0.0000  VIRIAL  =         0.0000  VOLUME     =    333103.2053
                                                    Density    =         1.0343
 ------------------------------------------------------------------------------

wrapping first mol.:      -75.61629        0.00000        0.00000
wrapping first mol.:      -75.61629        0.00000        0.00000
wrapping first mol.:      -75.62710        0.00000        0.00000
wrapping first mol.:      -75.62710        0.00000        0.00000
wrapping first mol.:      -75.64329        0.00000        0.00000
wrapping first mol.:      -75.64329        0.00000        0.00000
wrapping first mol.:      -75.83962        0.00000        0.00000
wrapping first mol.:      -75.83962        0.00000        0.00000
wrapping first mol.:      -75.66397        0.00000        0.00000
wrapping first mol.:      -75.66397        0.00000        0.00000

 NSTEP =  5550000   TIME(PS) =   12800.000  TEMP(K) =   299.22  PRESS =     0.0
 Etot   =   -117026.4328  EKtot   =     20467.4961  EPtot      =   -137493.9289
 BOND   =       531.0811  ANGLE   =      1524.0650  DIHED      =       986.6388
 UB     =         0.0000  IMP     =         0.0000  CMAP       =       140.0764
 1-4 NB =       668.6970  1-4 EEL =      5904.3764  VDWAALS    =     16367.5284
 EELEC  =   -163616.3919  EHBOND  =         0.0000  RESTRAINT  =         0.0000
 EKCMT  =         0.0000  VIRIAL  =         0.0000  VOLUME     =    333461.3207
                                                    Density    =         1.0332
 ------------------------------------------------------------------------------

wrapping first mol.:      -75.75987        0.00000        0.00000
wrapping first mol.:      -75.75987        0.00000        0.00000
wrapping first mol.:      -75.74585        0.00000        0.00000
wrapping first mol.:      -75.74585        0.00000        0.00000
wrapping first mol.:      -75.66298        0.00000        0.00000
wrapping first mol.:      -75.66298        0.00000        0.00000
wrapping first mol.:      -75.67181        0.00000        0.00000
wrapping first mol.:      -75.67181        0.00000        0.00000
wrapping first mol.:      -75.76129        0.00000        0.00000
wrapping first mol.:      -75.76129        0.00000        0.00000

 NSTEP =  5575000   TIME(PS) =   12850.000  TEMP(K) =   298.07  PRESS =     0.0
 Etot   =   -117066.2023  EKtot   =     20388.8691  EPtot      =   -137455.0714
 BOND   =       585.8075  ANGLE   =      1528.5829  DIHED      =       972.5972
 UB     =         0.0000  IMP     =         0.0000  CMAP       =       143.8270
 1-4 NB =       643.3221  1-4 EEL =      5838.5090  VDWAALS    =     16233.5933
 EELEC  =   -163401.3104  EHBOND  =         0.0000  RESTRAINT  =         0.0000
 EKCMT  =         0.0000  VIRIAL  =         0.0000  VOLUME     =    334749.6585
                                                    Density    =         1.0292
 ------------------------------------------------------------------------------

wrapping first mol.:      -75.68933        0.00000        0.00000
wrapping first mol.:      -75.68933        0.00000        0.00000
wrapping first mol.:      -75.67125        0.00000        0.00000
wrapping first mol.:      -75.67125        0.00000        0.00000
wrapping first mol.:      -75.61229        0.00000        0.00000
wrapping first mol.:      -75.61229        0.00000        0.00000
wrapping first mol.:      -75.72513        0.00000        0.00000
wrapping first mol.:      -75.72513        0.00000        0.00000
wrapping first mol.:      -75.67731        0.00000        0.00000
wrapping first mol.:      -75.67731        0.00000        0.00000

 NSTEP =  5600000   TIME(PS) =   12900.000  TEMP(K) =   301.57  PRESS =     0.0
 Etot   =   -117248.9273  EKtot   =     20628.6504  EPtot      =   -137877.5777
 BOND   =       582.6702  ANGLE   =      1538.6951  DIHED      =       988.2124
 UB     =         0.0000  IMP     =         0.0000  CMAP       =       135.9059
 1-4 NB =       649.6681  1-4 EEL =      5831.9599  VDWAALS    =     16416.0440
 EELEC  =   -164020.7333  EHBOND  =         0.0000  RESTRAINT  =         0.0000
 EKCMT  =         0.0000  VIRIAL  =         0.0000  VOLUME     =    333637.7823
                                                    Density    =         1.0327
 ------------------------------------------------------------------------------

wrapping first mol.:      -75.72477        0.00000        0.00000
wrapping first mol.:      -75.72477        0.00000        0.00000
wrapping first mol.:      -75.64239        0.00000        0.00000
wrapping first mol.:      -75.64239        0.00000        0.00000
wrapping first mol.:      -75.73364        0.00000        0.00000
wrapping first mol.:      -75.73364        0.00000        0.00000
wrapping first mol.:      -75.73603        0.00000        0.00000
wrapping first mol.:      -75.73603        0.00000        0.00000
wrapping first mol.:      -75.59508        0.00000        0.00000
wrapping first mol.:      -75.59508        0.00000        0.00000

 NSTEP =  5625000   TIME(PS) =   12950.000  TEMP(K) =   299.54  PRESS =     0.0
 Etot   =   -117289.7701  EKtot   =     20489.3965  EPtot      =   -137779.1666
 BOND   =       560.9633  ANGLE   =      1558.1206  DIHED      =       990.7009
 UB     =         0.0000  IMP     =         0.0000  CMAP       =       131.8342
 1-4 NB =       642.2069  1-4 EEL =      5848.9298  VDWAALS    =     16590.9667
 EELEC  =   -164102.8892  EHBOND  =         0.0000  RESTRAINT  =         0.0000
 EKCMT  =         0.0000  VIRIAL  =         0.0000  VOLUME     =    332551.2945
                                                    Density    =         1.0360
 ------------------------------------------------------------------------------

wrapping first mol.:      -75.66839        0.00000        0.00000
wrapping first mol.:      -75.66839        0.00000        0.00000
wrapping first mol.:      -75.70722        0.00000        0.00000
wrapping first mol.:      -75.70722        0.00000        0.00000
wrapping first mol.:      -75.73913        0.00000        0.00000
wrapping first mol.:      -75.73913        0.00000        0.00000
wrapping first mol.:      -75.78043        0.00000        0.00000
wrapping first mol.:      -75.78043        0.00000        0.00000
wrapping first mol.:      -75.71486        0.00000        0.00000
wrapping first mol.:      -75.71486        0.00000        0.00000

 NSTEP =  5650000   TIME(PS) =   13000.000  TEMP(K) =   300.14  PRESS =     0.0
 Etot   =   -117278.0543  EKtot   =     20530.6699  EPtot      =   -137808.7242
 BOND   =       539.6374  ANGLE   =      1455.0430  DIHED      =       996.8334
 UB     =         0.0000  IMP     =         0.0000  CMAP       =       139.5258
 1-4 NB =       648.3724  1-4 EEL =      5927.9051  VDWAALS    =     16949.4598
 EELEC  =   -164465.5010  EHBOND  =         0.0000  RESTRAINT  =         0.0000
 EKCMT  =         0.0000  VIRIAL  =         0.0000  VOLUME     =    334134.6928
                                                    Density    =         1.0311
 ------------------------------------------------------------------------------

wrapping first mol.:      -75.77574        0.00000        0.00000
wrapping first mol.:      -75.77574        0.00000        0.00000
wrapping first mol.:      -75.74020        0.00000        0.00000
wrapping first mol.:      -75.74020        0.00000        0.00000
wrapping first mol.:      -75.72707        0.00000        0.00000
wrapping first mol.:      -75.72707        0.00000        0.00000
wrapping first mol.:      -75.65945        0.00000        0.00000
wrapping first mol.:      -75.65945        0.00000        0.00000
wrapping first mol.:      -75.66153        0.00000        0.00000
wrapping first mol.:      -75.66153        0.00000        0.00000

 NSTEP =  5675000   TIME(PS) =   13050.000  TEMP(K) =   300.06  PRESS =     0.0
 Etot   =   -117138.5446  EKtot   =     20524.9434  EPtot      =   -137663.4880
 BOND   =       572.0348  ANGLE   =      1512.7771  DIHED      =       988.5369
 UB     =         0.0000  IMP     =         0.0000  CMAP       =       148.7661
 1-4 NB =       653.8352  1-4 EEL =      5927.4655  VDWAALS    =     16129.7801
 EELEC  =   -163596.6836  EHBOND  =         0.0000  RESTRAINT  =         0.0000
 EKCMT  =         0.0000  VIRIAL  =         0.0000  VOLUME     =    333429.0900
                                                    Density    =         1.0333
 ------------------------------------------------------------------------------

wrapping first mol.:      -75.72260        0.00000        0.00000
wrapping first mol.:      -75.72260        0.00000        0.00000
wrapping first mol.:      -75.76958        0.00000        0.00000
wrapping first mol.:      -75.76958        0.00000        0.00000
wrapping first mol.:      -75.74410        0.00000        0.00000
wrapping first mol.:      -75.74410        0.00000        0.00000
wrapping first mol.:      -75.71163        0.00000        0.00000
wrapping first mol.:      -75.71163        0.00000        0.00000
wrapping first mol.:      -75.64557        0.00000        0.00000
wrapping first mol.:      -75.64557        0.00000        0.00000

 NSTEP =  5700000   TIME(PS) =   13100.000  TEMP(K) =   301.41  PRESS =     0.0
 Etot   =   -117211.2009  EKtot   =     20617.3516  EPtot      =   -137828.5525
 BOND   =       546.9245  ANGLE   =      1561.3551  DIHED      =       992.7784
 UB     =         0.0000  IMP     =         0.0000  CMAP       =       134.7894
 1-4 NB =       641.1508  1-4 EEL =      5881.9355  VDWAALS    =     16299.2393
 EELEC  =   -163886.7255  EHBOND  =         0.0000  RESTRAINT  =         0.0000
 EKCMT  =         0.0000  VIRIAL  =         0.0000  VOLUME     =    333218.1389
                                                    Density    =         1.0340
 ------------------------------------------------------------------------------

wrapping first mol.:      -75.68966        0.00000        0.00000
wrapping first mol.:      -75.68966        0.00000        0.00000
wrapping first mol.:      -75.68619        0.00000        0.00000
wrapping first mol.:      -75.68619        0.00000        0.00000
wrapping first mol.:      -75.75343        0.00000        0.00000
wrapping first mol.:      -75.75343        0.00000        0.00000
wrapping first mol.:      -75.70979        0.00000        0.00000
wrapping first mol.:      -75.70979        0.00000        0.00000
wrapping first mol.:      -75.71212        0.00000        0.00000
wrapping first mol.:      -75.71212        0.00000        0.00000

 NSTEP =  5725000   TIME(PS) =   13150.000  TEMP(K) =   299.59  PRESS =     0.0
 Etot   =   -117140.6884  EKtot   =     20493.0586  EPtot      =   -137633.7470
 BOND   =       526.3978  ANGLE   =      1516.4409  DIHED      =      1006.6138
 UB     =         0.0000  IMP     =         0.0000  CMAP       =       135.9795
 1-4 NB =       648.6425  1-4 EEL =      5868.2672  VDWAALS    =     16639.3118
 EELEC  =   -163975.4007  EHBOND  =         0.0000  RESTRAINT  =         0.0000
 EKCMT  =         0.0000  VIRIAL  =         0.0000  VOLUME     =    334098.4059
                                                    Density    =         1.0312
 ------------------------------------------------------------------------------

wrapping first mol.:      -75.61291        0.00000        0.00000
wrapping first mol.:      -75.61291        0.00000        0.00000
wrapping first mol.:      -75.67238        0.00000        0.00000
wrapping first mol.:      -75.67238        0.00000        0.00000
wrapping first mol.:      -75.66751        0.00000        0.00000
wrapping first mol.:      -75.66751        0.00000        0.00000
wrapping first mol.:      -75.69620        0.00000        0.00000
wrapping first mol.:      -75.69620        0.00000        0.00000
wrapping first mol.:      -75.71583        0.00000        0.00000
wrapping first mol.:      -75.71583        0.00000        0.00000

 NSTEP =  5750000   TIME(PS) =   13200.000  TEMP(K) =   298.91  PRESS =     0.0
 Etot   =   -116937.4476  EKtot   =     20446.5254  EPtot      =   -137383.9730
 BOND   =       568.5509  ANGLE   =      1488.9071  DIHED      =      1016.7887
 UB     =         0.0000  IMP     =         0.0000  CMAP       =       153.0754
 1-4 NB =       631.6172  1-4 EEL =      5946.1575  VDWAALS    =     16740.2360
 EELEC  =   -163929.3058  EHBOND  =         0.0000  RESTRAINT  =         0.0000
 EKCMT  =         0.0000  VIRIAL  =         0.0000  VOLUME     =    334147.5245
                                                    Density    =         1.0311
 ------------------------------------------------------------------------------

wrapping first mol.:      -75.63165        0.00000        0.00000
wrapping first mol.:      -75.63165        0.00000        0.00000
wrapping first mol.:      -75.76330        0.00000        0.00000
wrapping first mol.:      -75.76330        0.00000        0.00000
wrapping first mol.:      -75.67918        0.00000        0.00000
wrapping first mol.:      -75.67918        0.00000        0.00000
wrapping first mol.:      -75.67635        0.00000        0.00000
wrapping first mol.:      -75.67635        0.00000        0.00000
wrapping first mol.:      -75.70282        0.00000        0.00000
wrapping first mol.:      -75.70282        0.00000        0.00000

 NSTEP =  5775000   TIME(PS) =   13250.000  TEMP(K) =   298.26  PRESS =     0.0
 Etot   =   -117190.0279  EKtot   =     20402.0684  EPtot      =   -137592.0963
 BOND   =       544.6932  ANGLE   =      1507.0560  DIHED      =       980.0339
 UB     =         0.0000  IMP     =         0.0000  CMAP       =       147.3293
 1-4 NB =       656.2004  1-4 EEL =      5901.7784  VDWAALS    =     15933.9601
 EELEC  =   -163263.1476  EHBOND  =         0.0000  RESTRAINT  =         0.0000
 EKCMT  =         0.0000  VIRIAL  =         0.0000  VOLUME     =    333975.2457
                                                    Density    =         1.0316
 ------------------------------------------------------------------------------

wrapping first mol.:      -75.65441        0.00000        0.00000
wrapping first mol.:      -75.65441        0.00000        0.00000
wrapping first mol.:      -75.80454        0.00000        0.00000
wrapping first mol.:      -75.80454        0.00000        0.00000
wrapping first mol.:      -75.67900        0.00000        0.00000
wrapping first mol.:      -75.67900        0.00000        0.00000
wrapping first mol.:      -75.67860        0.00000        0.00000
wrapping first mol.:      -75.67860        0.00000        0.00000
wrapping first mol.:      -75.72766        0.00000        0.00000
wrapping first mol.:      -75.72766        0.00000        0.00000

 NSTEP =  5800000   TIME(PS) =   13300.000  TEMP(K) =   301.85  PRESS =     0.0
 Etot   =   -117001.4328  EKtot   =     20647.3242  EPtot      =   -137648.7570
 BOND   =       544.5865  ANGLE   =      1555.7473  DIHED      =       988.3372
 UB     =         0.0000  IMP     =         0.0000  CMAP       =       144.5604
 1-4 NB =       664.9823  1-4 EEL =      5879.7192  VDWAALS    =     16200.6244
 EELEC  =   -163627.3142  EHBOND  =         0.0000  RESTRAINT  =         0.0000
 EKCMT  =         0.0000  VIRIAL  =         0.0000  VOLUME     =    334304.1781
                                                    Density    =         1.0306
 ------------------------------------------------------------------------------

wrapping first mol.:      -75.57651        0.00000        0.00000
wrapping first mol.:      -75.57651        0.00000        0.00000
wrapping first mol.:      -75.65550        0.00000        0.00000
wrapping first mol.:      -75.65550        0.00000        0.00000
wrapping first mol.:      -75.77220        0.00000        0.00000
wrapping first mol.:      -75.77220        0.00000        0.00000
wrapping first mol.:      -75.60395        0.00000        0.00000
wrapping first mol.:      -75.60395        0.00000        0.00000
wrapping first mol.:      -75.66147        0.00000        0.00000
wrapping first mol.:      -75.66147        0.00000        0.00000

 NSTEP =  5825000   TIME(PS) =   13350.000  TEMP(K) =   301.87  PRESS =     0.0
 Etot   =   -116963.2525  EKtot   =     20648.8516  EPtot      =   -137612.1040
 BOND   =       554.1130  ANGLE   =      1478.8824  DIHED      =      1013.6790
 UB     =         0.0000  IMP     =         0.0000  CMAP       =       143.2217
 1-4 NB =       664.2452  1-4 EEL =      5896.2516  VDWAALS    =     16395.3426
 EELEC  =   -163757.8396  EHBOND  =         0.0000  RESTRAINT  =         0.0000
 EKCMT  =         0.0000  VIRIAL  =         0.0000  VOLUME     =    333428.3128
                                                    Density    =         1.0333
 ------------------------------------------------------------------------------

wrapping first mol.:      -75.71001        0.00000        0.00000
wrapping first mol.:      -75.71001        0.00000        0.00000
wrapping first mol.:      -75.77633        0.00000        0.00000
wrapping first mol.:      -75.77633        0.00000        0.00000
wrapping first mol.:      -75.66936        0.00000        0.00000
wrapping first mol.:      -75.66936        0.00000        0.00000
wrapping first mol.:      -75.74584        0.00000        0.00000
wrapping first mol.:      -75.74584        0.00000        0.00000
wrapping first mol.:      -75.70676        0.00000        0.00000
wrapping first mol.:      -75.70676        0.00000        0.00000

 NSTEP =  5850000   TIME(PS) =   13400.000  TEMP(K) =   300.34  PRESS =     0.0
 Etot   =   -116896.6398  EKtot   =     20544.3867  EPtot      =   -137441.0265
 BOND   =       578.6440  ANGLE   =      1486.3062  DIHED      =       957.3760
 UB     =         0.0000  IMP     =         0.0000  CMAP       =       140.8435
 1-4 NB =       645.9659  1-4 EEL =      5875.4449  VDWAALS    =     16455.0063
 EELEC  =   -163580.6134  EHBOND  =         0.0000  RESTRAINT  =         0.0000
 EKCMT  =         0.0000  VIRIAL  =         0.0000  VOLUME     =    334027.4344
                                                    Density    =         1.0314
 ------------------------------------------------------------------------------

wrapping first mol.:      -75.67554        0.00000        0.00000
wrapping first mol.:      -75.67554        0.00000        0.00000
wrapping first mol.:      -75.68566        0.00000        0.00000
wrapping first mol.:      -75.68566        0.00000        0.00000
wrapping first mol.:      -75.68655        0.00000        0.00000
wrapping first mol.:      -75.68655        0.00000        0.00000
wrapping first mol.:      -75.63775        0.00000        0.00000
wrapping first mol.:      -75.63775        0.00000        0.00000
wrapping first mol.:      -75.74023        0.00000        0.00000
wrapping first mol.:      -75.74023        0.00000        0.00000

 NSTEP =  5875000   TIME(PS) =   13450.000  TEMP(K) =   299.36  PRESS =     0.0
 Etot   =   -116944.1563  EKtot   =     20477.4277  EPtot      =   -137421.5841
 BOND   =       564.3011  ANGLE   =      1515.6700  DIHED      =       997.9827
 UB     =         0.0000  IMP     =         0.0000  CMAP       =       139.4094
 1-4 NB =       636.7622  1-4 EEL =      5888.7538  VDWAALS    =     16592.7332
 EELEC  =   -163757.1965  EHBOND  =         0.0000  RESTRAINT  =         0.0000
 EKCMT  =         0.0000  VIRIAL  =         0.0000  VOLUME     =    334470.6663
                                                    Density    =         1.0301
 ------------------------------------------------------------------------------

wrapping first mol.:      -75.80927        0.00000        0.00000
wrapping first mol.:      -75.80927        0.00000        0.00000
wrapping first mol.:      -75.70508        0.00000        0.00000
wrapping first mol.:      -75.70508        0.00000        0.00000
wrapping first mol.:      -75.64178        0.00000        0.00000
wrapping first mol.:      -75.64178        0.00000        0.00000
wrapping first mol.:      -75.69045        0.00000        0.00000
wrapping first mol.:      -75.69045        0.00000        0.00000
wrapping first mol.:      -75.63409        0.00000        0.00000
wrapping first mol.:      -75.63409        0.00000        0.00000

 NSTEP =  5900000   TIME(PS) =   13500.000  TEMP(K) =   298.24  PRESS =     0.0
 Etot   =   -117230.0711  EKtot   =     20400.7949  EPtot      =   -137630.8660
 BOND   =       553.2367  ANGLE   =      1549.5474  DIHED      =       966.4143
 UB     =         0.0000  IMP     =         0.0000  CMAP       =       140.2673
 1-4 NB =       644.4762  1-4 EEL =      5887.4119  VDWAALS    =     16234.3375
 EELEC  =   -163606.5571  EHBOND  =         0.0000  RESTRAINT  =         0.0000
 EKCMT  =         0.0000  VIRIAL  =         0.0000  VOLUME     =    333066.4843
                                                    Density    =         1.0344
 ------------------------------------------------------------------------------

wrapping first mol.:      -75.73348        0.00000        0.00000
wrapping first mol.:      -75.73348        0.00000        0.00000
wrapping first mol.:      -75.74060        0.00000        0.00000
wrapping first mol.:      -75.74060        0.00000        0.00000
wrapping first mol.:      -75.73269        0.00000        0.00000
wrapping first mol.:      -75.73269        0.00000        0.00000
wrapping first mol.:      -75.58900        0.00000        0.00000
wrapping first mol.:      -75.58900        0.00000        0.00000
wrapping first mol.:      -75.64548        0.00000        0.00000
wrapping first mol.:      -75.64548        0.00000        0.00000

 NSTEP =  5925000   TIME(PS) =   13550.000  TEMP(K) =   298.56  PRESS =     0.0
 Etot   =   -116903.6973  EKtot   =     20422.0977  EPtot      =   -137325.7949
 BOND   =       584.3028  ANGLE   =      1522.5589  DIHED      =       997.6594
 UB     =         0.0000  IMP     =         0.0000  CMAP       =       134.7692
 1-4 NB =       663.9921  1-4 EEL =      5834.6145  VDWAALS    =     16040.6500
 EELEC  =   -163104.3419  EHBOND  =         0.0000  RESTRAINT  =         0.0000
 EKCMT  =         0.0000  VIRIAL  =         0.0000  VOLUME     =    333217.0004
                                                    Density    =         1.0340
 ------------------------------------------------------------------------------

wrapping first mol.:      -75.63987        0.00000        0.00000
wrapping first mol.:      -75.63987        0.00000        0.00000
wrapping first mol.:      -75.71897        0.00000        0.00000
wrapping first mol.:      -75.71897        0.00000        0.00000
wrapping first mol.:      -75.68567        0.00000        0.00000
wrapping first mol.:      -75.68567        0.00000        0.00000
wrapping first mol.:      -75.63738        0.00000        0.00000
wrapping first mol.:      -75.63738        0.00000        0.00000
wrapping first mol.:      -75.71612        0.00000        0.00000
wrapping first mol.:      -75.71612        0.00000        0.00000

 NSTEP =  5950000   TIME(PS) =   13600.000  TEMP(K) =   299.91  PRESS =     0.0
 Etot   =   -116893.6178  EKtot   =     20514.8672  EPtot      =   -137408.4850
 BOND   =       559.4371  ANGLE   =      1575.0463  DIHED      =      1023.9517
 UB     =         0.0000  IMP     =         0.0000  CMAP       =       148.1385
 1-4 NB =       641.8090  1-4 EEL =      5865.0946  VDWAALS    =     16633.2392
 EELEC  =   -163855.2014  EHBOND  =         0.0000  RESTRAINT  =         0.0000
 EKCMT  =         0.0000  VIRIAL  =         0.0000  VOLUME     =    334151.3351
                                                    Density    =         1.0311
 ------------------------------------------------------------------------------

wrapping first mol.:      -75.71915        0.00000        0.00000
wrapping first mol.:      -75.71915        0.00000        0.00000
wrapping first mol.:      -75.72585        0.00000        0.00000
wrapping first mol.:      -75.72585        0.00000        0.00000
wrapping first mol.:      -75.70693        0.00000        0.00000
wrapping first mol.:      -75.70693        0.00000        0.00000
wrapping first mol.:      -75.60716        0.00000        0.00000
wrapping first mol.:      -75.60716        0.00000        0.00000
wrapping first mol.:      -75.73048        0.00000        0.00000
wrapping first mol.:      -75.73048        0.00000        0.00000

 NSTEP =  5975000   TIME(PS) =   13650.000  TEMP(K) =   303.25  PRESS =     0.0
 Etot   =   -116659.7706  EKtot   =     20743.3438  EPtot      =   -137403.1144
 BOND   =       567.1098  ANGLE   =      1514.0310  DIHED      =       986.7015
 UB     =         0.0000  IMP     =         0.0000  CMAP       =       138.5136
 1-4 NB =       643.7661  1-4 EEL =      5841.5982  VDWAALS    =     16265.1266
 EELEC  =   -163359.9612  EHBOND  =         0.0000  RESTRAINT  =         0.0000
 EKCMT  =         0.0000  VIRIAL  =         0.0000  VOLUME     =    334341.5171
                                                    Density    =         1.0305
 ------------------------------------------------------------------------------

wrapping first mol.:      -75.67569        0.00000        0.00000
wrapping first mol.:      -75.67569        0.00000        0.00000
wrapping first mol.:      -75.73855        0.00000        0.00000
wrapping first mol.:      -75.73855        0.00000        0.00000
wrapping first mol.:      -75.74413        0.00000        0.00000
wrapping first mol.:      -75.74413        0.00000        0.00000
wrapping first mol.:      -75.66589        0.00000        0.00000
wrapping first mol.:      -75.66589        0.00000        0.00000
wrapping first mol.:      -75.75333        0.00000        0.00000
wrapping first mol.:      -75.75333        0.00000        0.00000

 NSTEP =  6000000   TIME(PS) =   13700.000  TEMP(K) =   300.70  PRESS =     0.0
 Etot   =   -117021.3432  EKtot   =     20569.1562  EPtot      =   -137590.4995
 BOND   =       570.4638  ANGLE   =      1484.2173  DIHED      =      1018.2782
 UB     =         0.0000  IMP     =         0.0000  CMAP       =       149.0371
 1-4 NB =       638.7654  1-4 EEL =      5858.7275  VDWAALS    =     16440.8499
 EELEC  =   -163750.8387  EHBOND  =         0.0000  RESTRAINT  =         0.0000
 EKCMT  =         0.0000  VIRIAL  =         0.0000  VOLUME     =    334644.2796
                                                    Density    =         1.0295
 ------------------------------------------------------------------------------

wrapping first mol.:      -75.75798        0.00000        0.00000
wrapping first mol.:      -75.75798        0.00000        0.00000
wrapping first mol.:      -75.65162        0.00000        0.00000
wrapping first mol.:      -75.65162        0.00000        0.00000
wrapping first mol.:      -75.65668        0.00000        0.00000
wrapping first mol.:      -75.65668        0.00000        0.00000
wrapping first mol.:      -75.74013        0.00000        0.00000
wrapping first mol.:      -75.74013        0.00000        0.00000
wrapping first mol.:      -75.65251        0.00000        0.00000
wrapping first mol.:      -75.65251        0.00000        0.00000

 NSTEP =  6025000   TIME(PS) =   13750.000  TEMP(K) =   297.35  PRESS =     0.0
 Etot   =   -117124.6543  EKtot   =     20339.4512  EPtot      =   -137464.1055
 BOND   =       550.3798  ANGLE   =      1545.9553  DIHED      =      1014.6029
 UB     =         0.0000  IMP     =         0.0000  CMAP       =       144.0916
 1-4 NB =       620.8131  1-4 EEL =      5863.0183  VDWAALS    =     15996.6508
 EELEC  =   -163199.6173  EHBOND  =         0.0000  RESTRAINT  =         0.0000
 EKCMT  =         0.0000  VIRIAL  =         0.0000  VOLUME     =    333309.8749
                                                    Density    =         1.0337
 ------------------------------------------------------------------------------

wrapping first mol.:      -75.53113        0.00000        0.00000
wrapping first mol.:      -75.53113        0.00000        0.00000
wrapping first mol.:      -75.71426        0.00000        0.00000
wrapping first mol.:      -75.71426        0.00000        0.00000
wrapping first mol.:      -75.78859        0.00000        0.00000
wrapping first mol.:      -75.78859        0.00000        0.00000
wrapping first mol.:      -75.71291        0.00000        0.00000
wrapping first mol.:      -75.71291        0.00000        0.00000
wrapping first mol.:      -75.62766        0.00000        0.00000
wrapping first mol.:      -75.62766        0.00000        0.00000

 NSTEP =  6050000   TIME(PS) =   13800.000  TEMP(K) =   302.96  PRESS =     0.0
 Etot   =   -116834.1442  EKtot   =     20723.5938  EPtot      =   -137557.7379
 BOND   =       572.7271  ANGLE   =      1505.4254  DIHED      =       994.0759
 UB     =         0.0000  IMP     =         0.0000  CMAP       =       141.0352
 1-4 NB =       663.7169  1-4 EEL =      5852.2182  VDWAALS    =     16027.7666
 EELEC  =   -163314.7032  EHBOND  =         0.0000  RESTRAINT  =         0.0000
 EKCMT  =         0.0000  VIRIAL  =         0.0000  VOLUME     =    332981.5311
                                                    Density    =         1.0347
 ------------------------------------------------------------------------------

wrapping first mol.:      -75.66264        0.00000        0.00000
wrapping first mol.:      -75.66264        0.00000        0.00000
wrapping first mol.:      -75.65595        0.00000        0.00000
wrapping first mol.:      -75.65595        0.00000        0.00000
wrapping first mol.:      -75.80578        0.00000        0.00000
wrapping first mol.:      -75.80578        0.00000        0.00000
wrapping first mol.:      -75.70105        0.00000        0.00000
wrapping first mol.:      -75.70105        0.00000        0.00000
wrapping first mol.:      -75.70493        0.00000        0.00000
wrapping first mol.:      -75.70493        0.00000        0.00000

 NSTEP =  6075000   TIME(PS) =   13850.000  TEMP(K) =   297.87  PRESS =     0.0
 Etot   =   -117352.7755  EKtot   =     20374.9004  EPtot      =   -137727.6759
 BOND   =       528.2676  ANGLE   =      1541.4492  DIHED      =      1005.1967
 UB     =         0.0000  IMP     =         0.0000  CMAP       =       136.0659
 1-4 NB =       640.8762  1-4 EEL =      5879.8680  VDWAALS    =     16196.2099
 EELEC  =   -163655.6095  EHBOND  =         0.0000  RESTRAINT  =         0.0000
 EKCMT  =         0.0000  VIRIAL  =         0.0000  VOLUME     =    334003.2206
                                                    Density    =         1.0315
 ------------------------------------------------------------------------------

wrapping first mol.:      -75.79017        0.00000        0.00000
wrapping first mol.:      -75.79017        0.00000        0.00000
wrapping first mol.:      -75.65413        0.00000        0.00000
wrapping first mol.:      -75.65413        0.00000        0.00000
wrapping first mol.:      -75.67816        0.00000        0.00000
wrapping first mol.:      -75.67816        0.00000        0.00000
wrapping first mol.:      -75.68384        0.00000        0.00000
wrapping first mol.:      -75.68384        0.00000        0.00000
wrapping first mol.:      -75.68212        0.00000        0.00000
wrapping first mol.:      -75.68212        0.00000        0.00000

 NSTEP =  6100000   TIME(PS) =   13900.000  TEMP(K) =   300.04  PRESS =     0.0
 Etot   =   -117119.8031  EKtot   =     20523.3281  EPtot      =   -137643.1312
 BOND   =       566.7035  ANGLE   =      1516.7059  DIHED      =       988.1796
 UB     =         0.0000  IMP     =         0.0000  CMAP       =       140.5809
 1-4 NB =       632.7112  1-4 EEL =      5784.2737  VDWAALS    =     16284.4186
 EELEC  =   -163556.7047  EHBOND  =         0.0000  RESTRAINT  =         0.0000
 EKCMT  =         0.0000  VIRIAL  =         0.0000  VOLUME     =    333701.3842
                                                    Density    =         1.0325
 ------------------------------------------------------------------------------

wrapping first mol.:      -75.65449        0.00000        0.00000
wrapping first mol.:      -75.65449        0.00000        0.00000
wrapping first mol.:      -75.72558        0.00000        0.00000
wrapping first mol.:      -75.72558        0.00000        0.00000
wrapping first mol.:      -75.71545        0.00000        0.00000
wrapping first mol.:      -75.71545        0.00000        0.00000
wrapping first mol.:      -75.70030        0.00000        0.00000
wrapping first mol.:      -75.70030        0.00000        0.00000
wrapping first mol.:      -75.80767        0.00000        0.00000
wrapping first mol.:      -75.80767        0.00000        0.00000

 NSTEP =  6125000   TIME(PS) =   13950.000  TEMP(K) =   302.47  PRESS =     0.0
 Etot   =   -116837.0827  EKtot   =     20689.7090  EPtot      =   -137526.7917
 BOND   =       523.2508  ANGLE   =      1485.8956  DIHED      =       975.6463
 UB     =         0.0000  IMP     =         0.0000  CMAP       =       152.9251
 1-4 NB =       646.7375  1-4 EEL =      5856.2190  VDWAALS    =     16077.5975
 EELEC  =   -163245.0633  EHBOND  =         0.0000  RESTRAINT  =         0.0000
 EKCMT  =         0.0000  VIRIAL  =         0.0000  VOLUME     =    335364.8624
                                                    Density    =         1.0273
 ------------------------------------------------------------------------------

wrapping first mol.:      -75.64529        0.00000        0.00000
wrapping first mol.:      -75.64529        0.00000        0.00000
wrapping first mol.:      -75.70758        0.00000        0.00000
wrapping first mol.:      -75.70758        0.00000        0.00000
wrapping first mol.:      -75.67543        0.00000        0.00000
wrapping first mol.:      -75.67543        0.00000        0.00000
wrapping first mol.:      -75.73451        0.00000        0.00000
wrapping first mol.:      -75.73451        0.00000        0.00000
wrapping first mol.:      -75.70182        0.00000        0.00000
wrapping first mol.:      -75.70182        0.00000        0.00000

 NSTEP =  6150000   TIME(PS) =   14000.000  TEMP(K) =   301.33  PRESS =     0.0
 Etot   =   -117547.2541  EKtot   =     20611.6895  EPtot      =   -138158.9436
 BOND   =       555.5300  ANGLE   =      1456.6166  DIHED      =       970.1018
 UB     =         0.0000  IMP     =         0.0000  CMAP       =       139.3604
 1-4 NB =       644.4107  1-4 EEL =      5869.1657  VDWAALS    =     16843.9889
 EELEC  =   -164638.1177  EHBOND  =         0.0000  RESTRAINT  =         0.0000
 EKCMT  =         0.0000  VIRIAL  =         0.0000  VOLUME     =    333962.0026
                                                    Density    =         1.0317
 ------------------------------------------------------------------------------

wrapping first mol.:      -75.78700        0.00000        0.00000
wrapping first mol.:      -75.78700        0.00000        0.00000
wrapping first mol.:      -75.73006        0.00000        0.00000
wrapping first mol.:      -75.73006        0.00000        0.00000
wrapping first mol.:      -75.68434        0.00000        0.00000
wrapping first mol.:      -75.68434        0.00000        0.00000
wrapping first mol.:      -75.67592        0.00000        0.00000
wrapping first mol.:      -75.67592        0.00000        0.00000
wrapping first mol.:      -75.62037        0.00000        0.00000
wrapping first mol.:      -75.62037        0.00000        0.00000

 NSTEP =  6175000   TIME(PS) =   14050.000  TEMP(K) =   299.77  PRESS =     0.0
 Etot   =   -117147.5556  EKtot   =     20505.0352  EPtot      =   -137652.5908
 BOND   =       581.2892  ANGLE   =      1526.4473  DIHED      =      1007.4965
 UB     =         0.0000  IMP     =         0.0000  CMAP       =       141.8777
 1-4 NB =       666.3357  1-4 EEL =      5839.7882  VDWAALS    =     16345.1575
 EELEC  =   -163760.9829  EHBOND  =         0.0000  RESTRAINT  =         0.0000
 EKCMT  =         0.0000  VIRIAL  =         0.0000  VOLUME     =    332885.1935
                                                    Density    =         1.0350
 ------------------------------------------------------------------------------

wrapping first mol.:      -75.73390        0.00000        0.00000
wrapping first mol.:      -75.73390        0.00000        0.00000
wrapping first mol.:      -75.73962        0.00000        0.00000
wrapping first mol.:      -75.73962        0.00000        0.00000
wrapping first mol.:      -75.67337        0.00000        0.00000
wrapping first mol.:      -75.67337        0.00000        0.00000
wrapping first mol.:      -75.69244        0.00000        0.00000
wrapping first mol.:      -75.69244        0.00000        0.00000
wrapping first mol.:      -75.64861        0.00000        0.00000
wrapping first mol.:      -75.64861        0.00000        0.00000

 NSTEP =  6200000   TIME(PS) =   14100.000  TEMP(K) =   299.57  PRESS =     0.0
 Etot   =   -116899.5300  EKtot   =     20491.3770  EPtot      =   -137390.9069
 BOND   =       566.6599  ANGLE   =      1520.8653  DIHED      =       964.4803
 UB     =         0.0000  IMP     =         0.0000  CMAP       =       147.9636
 1-4 NB =       647.3213  1-4 EEL =      5857.8965  VDWAALS    =     16276.0514
 EELEC  =   -163372.1453  EHBOND  =         0.0000  RESTRAINT  =         0.0000
 EKCMT  =         0.0000  VIRIAL  =         0.0000  VOLUME     =    333258.3308
                                                    Density    =         1.0338
 ------------------------------------------------------------------------------

wrapping first mol.:      -75.61703        0.00000        0.00000
wrapping first mol.:      -75.61703        0.00000        0.00000
wrapping first mol.:      -75.72713        0.00000        0.00000
wrapping first mol.:      -75.72713        0.00000        0.00000
wrapping first mol.:      -75.66411        0.00000        0.00000
wrapping first mol.:      -75.66411        0.00000        0.00000
wrapping first mol.:      -75.69508        0.00000        0.00000
wrapping first mol.:      -75.69508        0.00000        0.00000
wrapping first mol.:      -75.71306        0.00000        0.00000
wrapping first mol.:      -75.71306        0.00000        0.00000

 NSTEP =  6225000   TIME(PS) =   14150.000  TEMP(K) =   301.94  PRESS =     0.0
 Etot   =   -116836.3018  EKtot   =     20653.5742  EPtot      =   -137489.8760
 BOND   =       566.5794  ANGLE   =      1542.0382  DIHED      =       978.0761
 UB     =         0.0000  IMP     =         0.0000  CMAP       =       142.5367
 1-4 NB =       643.9420  1-4 EEL =      5869.2817  VDWAALS    =     15824.7938
 EELEC  =   -163057.1239  EHBOND  =         0.0000  RESTRAINT  =         0.0000
 EKCMT  =         0.0000  VIRIAL  =         0.0000  VOLUME     =    334110.8723
                                                    Density    =         1.0312
 ------------------------------------------------------------------------------

wrapping first mol.:      -75.59105        0.00000        0.00000
wrapping first mol.:      -75.59105        0.00000        0.00000
wrapping first mol.:      -75.62576        0.00000        0.00000
wrapping first mol.:      -75.62576        0.00000        0.00000
wrapping first mol.:      -75.72798        0.00000        0.00000
wrapping first mol.:      -75.72798        0.00000        0.00000
wrapping first mol.:      -75.73483        0.00000        0.00000
wrapping first mol.:      -75.73483        0.00000        0.00000
wrapping first mol.:      -75.68096        0.00000        0.00000
wrapping first mol.:      -75.68096        0.00000        0.00000

 NSTEP =  6250000   TIME(PS) =   14200.000  TEMP(K) =   298.94  PRESS =     0.0
 Etot   =   -117207.3819  EKtot   =     20448.6973  EPtot      =   -137656.0792
 BOND   =       592.2803  ANGLE   =      1500.3307  DIHED      =       989.5645
 UB     =         0.0000  IMP     =         0.0000  CMAP       =       138.7383
 1-4 NB =       635.6344  1-4 EEL =      5841.3397  VDWAALS    =     16325.4570
 EELEC  =   -163679.4241  EHBOND  =         0.0000  RESTRAINT  =         0.0000
 EKCMT  =         0.0000  VIRIAL  =         0.0000  VOLUME     =    333686.0909
                                                    Density    =         1.0325
 ------------------------------------------------------------------------------

wrapping first mol.:      -75.74950        0.00000        0.00000
wrapping first mol.:      -75.74950        0.00000        0.00000
wrapping first mol.:      -75.75079        0.00000        0.00000
wrapping first mol.:      -75.75079        0.00000        0.00000
wrapping first mol.:      -75.67170        0.00000        0.00000
wrapping first mol.:      -75.67170        0.00000        0.00000
wrapping first mol.:      -75.64318        0.00000        0.00000
wrapping first mol.:      -75.64318        0.00000        0.00000
wrapping first mol.:      -75.71683        0.00000        0.00000
wrapping first mol.:      -75.71683        0.00000        0.00000

 NSTEP =  6275000   TIME(PS) =   14250.000  TEMP(K) =   299.94  PRESS =     0.0
 Etot   =   -117099.0754  EKtot   =     20516.5645  EPtot      =   -137615.6398
 BOND   =       530.6862  ANGLE   =      1519.1307  DIHED      =       995.8710
 UB     =         0.0000  IMP     =         0.0000  CMAP       =       145.8240
 1-4 NB =       644.6003  1-4 EEL =      5843.1448  VDWAALS    =     16090.2519
 EELEC  =   -163385.1487  EHBOND  =         0.0000  RESTRAINT  =         0.0000
 EKCMT  =         0.0000  VIRIAL  =         0.0000  VOLUME     =    334160.7262
                                                    Density    =         1.0310
 ------------------------------------------------------------------------------

wrapping first mol.:      -75.66550        0.00000        0.00000
wrapping first mol.:      -75.66550        0.00000        0.00000
wrapping first mol.:      -75.70454        0.00000        0.00000
wrapping first mol.:      -75.70454        0.00000        0.00000
wrapping first mol.:      -75.78074        0.00000        0.00000
wrapping first mol.:      -75.78074        0.00000        0.00000
wrapping first mol.:      -75.76969        0.00000        0.00000
wrapping first mol.:      -75.76969        0.00000        0.00000
wrapping first mol.:      -75.75173        0.00000        0.00000
wrapping first mol.:      -75.75173        0.00000        0.00000

 NSTEP =  6300000   TIME(PS) =   14300.000  TEMP(K) =   299.15  PRESS =     0.0
 Etot   =   -116700.9717  EKtot   =     20462.7539  EPtot      =   -137163.7256
 BOND   =       558.9997  ANGLE   =      1537.8476  DIHED      =       973.2986
 UB     =         0.0000  IMP     =         0.0000  CMAP       =       141.8435
 1-4 NB =       657.3354  1-4 EEL =      5882.0284  VDWAALS    =     16180.6138
 EELEC  =   -163095.6924  EHBOND  =         0.0000  RESTRAINT  =         0.0000
 EKCMT  =         0.0000  VIRIAL  =         0.0000  VOLUME     =    334622.9939
                                                    Density    =         1.0296
 ------------------------------------------------------------------------------

wrapping first mol.:      -75.72074        0.00000        0.00000
wrapping first mol.:      -75.72074        0.00000        0.00000
wrapping first mol.:      -75.69020        0.00000        0.00000
wrapping first mol.:      -75.69020        0.00000        0.00000
wrapping first mol.:      -75.67395        0.00000        0.00000
wrapping first mol.:      -75.67395        0.00000        0.00000
wrapping first mol.:      -75.64105        0.00000        0.00000
wrapping first mol.:      -75.64105        0.00000        0.00000
wrapping first mol.:      -75.60390        0.00000        0.00000
wrapping first mol.:      -75.60390        0.00000        0.00000

 NSTEP =  6325000   TIME(PS) =   14350.000  TEMP(K) =   301.39  PRESS =     0.0
 Etot   =   -117238.4640  EKtot   =     20615.7852  EPtot      =   -137854.2492
 BOND   =       582.3207  ANGLE   =      1550.2965  DIHED      =       972.4886
 UB     =         0.0000  IMP     =         0.0000  CMAP       =       151.8665
 1-4 NB =       638.8677  1-4 EEL =      5858.6606  VDWAALS    =     16634.9486
 EELEC  =   -164243.6983  EHBOND  =         0.0000  RESTRAINT  =         0.0000
 EKCMT  =         0.0000  VIRIAL  =         0.0000  VOLUME     =    332667.7916
                                                    Density    =         1.0357
 ------------------------------------------------------------------------------

wrapping first mol.:      -75.72373        0.00000        0.00000
wrapping first mol.:      -75.72373        0.00000        0.00000
wrapping first mol.:      -75.75847        0.00000        0.00000
wrapping first mol.:      -75.75847        0.00000        0.00000
wrapping first mol.:      -75.63123        0.00000        0.00000
wrapping first mol.:      -75.63123        0.00000        0.00000
wrapping first mol.:      -75.69806        0.00000        0.00000
wrapping first mol.:      -75.69806        0.00000        0.00000
wrapping first mol.:      -75.62720        0.00000        0.00000
wrapping first mol.:      -75.62720        0.00000        0.00000

 NSTEP =  6350000   TIME(PS) =   14400.000  TEMP(K) =   303.95  PRESS =     0.0
 Etot   =   -116649.7771  EKtot   =     20791.1621  EPtot      =   -137440.9392
 BOND   =       540.1447  ANGLE   =      1558.1553  DIHED      =       979.5727
 UB     =         0.0000  IMP     =         0.0000  CMAP       =       146.3455
 1-4 NB =       638.8808  1-4 EEL =      5896.7156  VDWAALS    =     16306.0781
 EELEC  =   -163506.8320  EHBOND  =         0.0000  RESTRAINT  =         0.0000
 EKCMT  =         0.0000  VIRIAL  =         0.0000  VOLUME     =    332975.4933
                                                    Density    =         1.0347
 ------------------------------------------------------------------------------

wrapping first mol.:      -75.67548        0.00000        0.00000
wrapping first mol.:      -75.67548        0.00000        0.00000
wrapping first mol.:      -75.66349        0.00000        0.00000
wrapping first mol.:      -75.66349        0.00000        0.00000
wrapping first mol.:      -75.76014        0.00000        0.00000
wrapping first mol.:      -75.76014        0.00000        0.00000
wrapping first mol.:      -75.69360        0.00000        0.00000
wrapping first mol.:      -75.69360        0.00000        0.00000
wrapping first mol.:      -75.75430        0.00000        0.00000
wrapping first mol.:      -75.75430        0.00000        0.00000

 NSTEP =  6375000   TIME(PS) =   14450.000  TEMP(K) =   301.96  PRESS =     0.0
 Etot   =   -117067.1777  EKtot   =     20655.2500  EPtot      =   -137722.4277
 BOND   =       550.8984  ANGLE   =      1546.1414  DIHED      =      1008.0151
 UB     =         0.0000  IMP     =         0.0000  CMAP       =       127.9391
 1-4 NB =       652.4520  1-4 EEL =      5906.7849  VDWAALS    =     16190.5235
 EELEC  =   -163705.1821  EHBOND  =         0.0000  RESTRAINT  =         0.0000
 EKCMT  =         0.0000  VIRIAL  =         0.0000  VOLUME     =    334657.0992
                                                    Density    =         1.0295
 ------------------------------------------------------------------------------

wrapping first mol.:      -75.60982        0.00000        0.00000
wrapping first mol.:      -75.60982        0.00000        0.00000
wrapping first mol.:      -75.74999        0.00000        0.00000
wrapping first mol.:      -75.74999        0.00000        0.00000
wrapping first mol.:      -75.67233        0.00000        0.00000
wrapping first mol.:      -75.67233        0.00000        0.00000
wrapping first mol.:      -75.66103        0.00000        0.00000
wrapping first mol.:      -75.66103        0.00000        0.00000
wrapping first mol.:      -75.71588        0.00000        0.00000
wrapping first mol.:      -75.71588        0.00000        0.00000

 NSTEP =  6400000   TIME(PS) =   14500.000  TEMP(K) =   298.70  PRESS =     0.0
 Etot   =   -117183.6835  EKtot   =     20431.8125  EPtot      =   -137615.4960
 BOND   =       548.7994  ANGLE   =      1482.7311  DIHED      =       976.0508
 UB     =         0.0000  IMP     =         0.0000  CMAP       =       144.8908
 1-4 NB =       652.3595  1-4 EEL =      5883.4413  VDWAALS    =     16822.1373
 EELEC  =   -164125.9062  EHBOND  =         0.0000  RESTRAINT  =         0.0000
 EKCMT  =         0.0000  VIRIAL  =         0.0000  VOLUME     =    334148.1621
                                                    Density    =         1.0311
 ------------------------------------------------------------------------------

wrapping first mol.:      -75.77096        0.00000        0.00000
wrapping first mol.:      -75.77096        0.00000        0.00000
wrapping first mol.:      -75.73714        0.00000        0.00000
wrapping first mol.:      -75.73714        0.00000        0.00000
wrapping first mol.:      -75.70608        0.00000        0.00000
wrapping first mol.:      -75.70608        0.00000        0.00000
wrapping first mol.:      -75.77618        0.00000        0.00000
wrapping first mol.:      -75.77618        0.00000        0.00000
wrapping first mol.:      -75.70351        0.00000        0.00000
wrapping first mol.:      -75.70351        0.00000        0.00000

 NSTEP =  6425000   TIME(PS) =   14550.000  TEMP(K) =   299.21  PRESS =     0.0
 Etot   =   -116997.0608  EKtot   =     20466.6777  EPtot      =   -137463.7386
 BOND   =       587.3719  ANGLE   =      1487.4032  DIHED      =       986.5165
 UB     =         0.0000  IMP     =         0.0000  CMAP       =       138.2045
 1-4 NB =       639.9707  1-4 EEL =      5842.4012  VDWAALS    =     16219.5002
 EELEC  =   -163365.1068  EHBOND  =         0.0000  RESTRAINT  =         0.0000
 EKCMT  =         0.0000  VIRIAL  =         0.0000  VOLUME     =    333984.4075
                                                    Density    =         1.0316
 ------------------------------------------------------------------------------

wrapping first mol.:      -75.71624        0.00000        0.00000
wrapping first mol.:      -75.71624        0.00000        0.00000
wrapping first mol.:      -75.64443        0.00000        0.00000
wrapping first mol.:      -75.64443        0.00000        0.00000
wrapping first mol.:      -75.64812        0.00000        0.00000
wrapping first mol.:      -75.64812        0.00000        0.00000
wrapping first mol.:      -75.74822        0.00000        0.00000
wrapping first mol.:      -75.74822        0.00000        0.00000
wrapping first mol.:      -75.65533        0.00000        0.00000
wrapping first mol.:      -75.65533        0.00000        0.00000

 NSTEP =  6450000   TIME(PS) =   14600.000  TEMP(K) =   298.68  PRESS =     0.0
 Etot   =   -117230.3693  EKtot   =     20430.6328  EPtot      =   -137661.0021
 BOND   =       563.5827  ANGLE   =      1497.6493  DIHED      =       985.0648
 UB     =         0.0000  IMP     =         0.0000  CMAP       =       152.3233
 1-4 NB =       641.0937  1-4 EEL =      5858.6580  VDWAALS    =     16394.3370
 EELEC  =   -163753.7109  EHBOND  =         0.0000  RESTRAINT  =         0.0000
 EKCMT  =         0.0000  VIRIAL  =         0.0000  VOLUME     =    333347.1902
                                                    Density    =         1.0336
 ------------------------------------------------------------------------------

wrapping first mol.:      -75.71774        0.00000        0.00000
wrapping first mol.:      -75.71774        0.00000        0.00000
wrapping first mol.:      -75.81453        0.00000        0.00000
wrapping first mol.:      -75.81453        0.00000        0.00000
wrapping first mol.:      -75.70079        0.00000        0.00000
wrapping first mol.:      -75.70079        0.00000        0.00000
wrapping first mol.:      -75.82400        0.00000        0.00000
wrapping first mol.:      -75.82400        0.00000        0.00000
wrapping first mol.:      -75.80108        0.00000        0.00000
wrapping first mol.:      -75.80108        0.00000        0.00000

 NSTEP =  6475000   TIME(PS) =   14650.000  TEMP(K) =   301.50  PRESS =     0.0
 Etot   =   -117138.1114  EKtot   =     20623.5156  EPtot      =   -137761.6270
 BOND   =       551.5668  ANGLE   =      1516.4393  DIHED      =       984.9548
 UB     =         0.0000  IMP     =         0.0000  CMAP       =       140.3173
 1-4 NB =       643.9052  1-4 EEL =      5824.3385  VDWAALS    =     16694.0922
 EELEC  =   -164117.2412  EHBOND  =         0.0000  RESTRAINT  =         0.0000
 EKCMT  =         0.0000  VIRIAL  =         0.0000  VOLUME     =    335277.4792
                                                    Density    =         1.0276
 ------------------------------------------------------------------------------

wrapping first mol.:      -75.78739        0.00000        0.00000
wrapping first mol.:      -75.78739        0.00000        0.00000
wrapping first mol.:      -75.71194        0.00000        0.00000
wrapping first mol.:      -75.71194        0.00000        0.00000
wrapping first mol.:      -75.66802        0.00000        0.00000
wrapping first mol.:      -75.66802        0.00000        0.00000
wrapping first mol.:      -75.63388        0.00000        0.00000
wrapping first mol.:      -75.63388        0.00000        0.00000
wrapping first mol.:      -75.61870        0.00000        0.00000
wrapping first mol.:      -75.61870        0.00000        0.00000

 NSTEP =  6500000   TIME(PS) =   14700.000  TEMP(K) =   300.80  PRESS =     0.0
 Etot   =   -116824.3932  EKtot   =     20575.6797  EPtot      =   -137400.0729
 BOND   =       587.2293  ANGLE   =      1490.2303  DIHED      =       972.1447
 UB     =         0.0000  IMP     =         0.0000  CMAP       =       143.7710
 1-4 NB =       628.3823  1-4 EEL =      5856.1447  VDWAALS    =     15893.8155
 EELEC  =   -162971.7907  EHBOND  =         0.0000  RESTRAINT  =         0.0000
 EKCMT  =         0.0000  VIRIAL  =         0.0000  VOLUME     =    332863.2365
                                                    Density    =         1.0351
 ------------------------------------------------------------------------------

wrapping first mol.:      -75.63453        0.00000        0.00000
wrapping first mol.:      -75.63453        0.00000        0.00000
wrapping first mol.:      -75.74578        0.00000        0.00000
wrapping first mol.:      -75.74578        0.00000        0.00000
wrapping first mol.:      -75.69911        0.00000        0.00000
wrapping first mol.:      -75.69911        0.00000        0.00000
wrapping first mol.:      -75.62922        0.00000        0.00000
wrapping first mol.:      -75.62922        0.00000        0.00000
wrapping first mol.:      -75.79239        0.00000        0.00000
wrapping first mol.:      -75.79239        0.00000        0.00000

 NSTEP =  6525000   TIME(PS) =   14750.000  TEMP(K) =   301.31  PRESS =     0.0
 Etot   =   -117209.6670  EKtot   =     20610.4668  EPtot      =   -137820.1338
 BOND   =       561.1309  ANGLE   =      1515.0979  DIHED      =       970.1274
 UB     =         0.0000  IMP     =         0.0000  CMAP       =       142.8441
 1-4 NB =       632.8056  1-4 EEL =      5823.6773  VDWAALS    =     16432.6410
 EELEC  =   -163898.4580  EHBOND  =         0.0000  RESTRAINT  =         0.0000
 EKCMT  =         0.0000  VIRIAL  =         0.0000  VOLUME     =    335162.1842
                                                    Density    =         1.0280
 ------------------------------------------------------------------------------

wrapping first mol.:      -75.70553        0.00000        0.00000
wrapping first mol.:      -75.70553        0.00000        0.00000
wrapping first mol.:      -75.54321        0.00000        0.00000
wrapping first mol.:      -75.54321        0.00000        0.00000
wrapping first mol.:      -75.67422        0.00000        0.00000
wrapping first mol.:      -75.67422        0.00000        0.00000
wrapping first mol.:      -75.77718        0.00000        0.00000
wrapping first mol.:      -75.77718        0.00000        0.00000
wrapping first mol.:      -75.70701        0.00000        0.00000
wrapping first mol.:      -75.70701        0.00000        0.00000

 NSTEP =  6550000   TIME(PS) =   14800.000  TEMP(K) =   301.06  PRESS =     0.0
 Etot   =   -116814.5915  EKtot   =     20593.1660  EPtot      =   -137407.7575
 BOND   =       558.8847  ANGLE   =      1512.6482  DIHED      =      1010.3777
 UB     =         0.0000  IMP     =         0.0000  CMAP       =       155.3899
 1-4 NB =       662.5274  1-4 EEL =      5804.7915  VDWAALS    =     16465.5554
 EELEC  =   -163577.9323  EHBOND  =         0.0000  RESTRAINT  =         0.0000
 EKCMT  =         0.0000  VIRIAL  =         0.0000  VOLUME     =    334030.7525
                                                    Density    =         1.0314
 ------------------------------------------------------------------------------

wrapping first mol.:      -75.67479        0.00000        0.00000
wrapping first mol.:      -75.67479        0.00000        0.00000
wrapping first mol.:      -75.69476        0.00000        0.00000
wrapping first mol.:      -75.69476        0.00000        0.00000
wrapping first mol.:      -75.75435        0.00000        0.00000
wrapping first mol.:      -75.75435        0.00000        0.00000
wrapping first mol.:      -75.84316        0.00000        0.00000
wrapping first mol.:      -75.84316        0.00000        0.00000
wrapping first mol.:      -75.68842        0.00000        0.00000
wrapping first mol.:      -75.68842        0.00000        0.00000

 NSTEP =  6575000   TIME(PS) =   14850.000  TEMP(K) =   302.01  PRESS =     0.0
 Etot   =   -117217.3309  EKtot   =     20658.5156  EPtot      =   -137875.8465
 BOND   =       537.8731  ANGLE   =      1531.2811  DIHED      =       992.6069
 UB     =         0.0000  IMP     =         0.0000  CMAP       =       139.7581
 1-4 NB =       658.1980  1-4 EEL =      5863.2034  VDWAALS    =     16672.4517
 EELEC  =   -164271.2188  EHBOND  =         0.0000  RESTRAINT  =         0.0000
 EKCMT  =         0.0000  VIRIAL  =         0.0000  VOLUME     =    333784.7432
                                                    Density    =         1.0322
 ------------------------------------------------------------------------------

wrapping first mol.:      -75.67533        0.00000        0.00000
wrapping first mol.:      -75.67533        0.00000        0.00000
wrapping first mol.:      -75.56585        0.00000        0.00000
wrapping first mol.:      -75.56585        0.00000        0.00000
wrapping first mol.:      -75.71615        0.00000        0.00000
wrapping first mol.:      -75.71615        0.00000        0.00000
wrapping first mol.:      -75.66161        0.00000        0.00000
wrapping first mol.:      -75.66161        0.00000        0.00000
wrapping first mol.:      -75.66440        0.00000        0.00000
wrapping first mol.:      -75.66440        0.00000        0.00000

 NSTEP =  6600000   TIME(PS) =   14900.000  TEMP(K) =   298.75  PRESS =     0.0
 Etot   =   -117021.6360  EKtot   =     20435.1270  EPtot      =   -137456.7630
 BOND   =       556.7185  ANGLE   =      1539.0919  DIHED      =       970.4777
 UB     =         0.0000  IMP     =         0.0000  CMAP       =       140.8368
 1-4 NB =       636.4604  1-4 EEL =      5856.9714  VDWAALS    =     16197.2710
 EELEC  =   -163354.5906  EHBOND  =         0.0000  RESTRAINT  =         0.0000
 EKCMT  =         0.0000  VIRIAL  =         0.0000  VOLUME     =    333467.0959
                                                    Density    =         1.0332
 ------------------------------------------------------------------------------

wrapping first mol.:      -75.67422        0.00000        0.00000
wrapping first mol.:      -75.67422        0.00000        0.00000
wrapping first mol.:      -75.75484        0.00000        0.00000
wrapping first mol.:      -75.75484        0.00000        0.00000
wrapping first mol.:      -75.74066        0.00000        0.00000
wrapping first mol.:      -75.74066        0.00000        0.00000
wrapping first mol.:      -75.72867        0.00000        0.00000
wrapping first mol.:      -75.72867        0.00000        0.00000
wrapping first mol.:      -75.76264        0.00000        0.00000
wrapping first mol.:      -75.76264        0.00000        0.00000

 NSTEP =  6625000   TIME(PS) =   14950.000  TEMP(K) =   302.88  PRESS =     0.0
 Etot   =   -117137.1202  EKtot   =     20718.0273  EPtot      =   -137855.1475
 BOND   =       534.0022  ANGLE   =      1545.5862  DIHED      =       970.0294
 UB     =         0.0000  IMP     =         0.0000  CMAP       =       132.5334
 1-4 NB =       655.5676  1-4 EEL =      5849.0216  VDWAALS    =     16349.8666
 EELEC  =   -163891.7545  EHBOND  =         0.0000  RESTRAINT  =         0.0000
 EKCMT  =         0.0000  VIRIAL  =         0.0000  VOLUME     =    334767.5775
                                                    Density    =         1.0292
 ------------------------------------------------------------------------------

wrapping first mol.:      -75.75944        0.00000        0.00000
wrapping first mol.:      -75.75944        0.00000        0.00000
wrapping first mol.:      -75.76700        0.00000        0.00000
wrapping first mol.:      -75.76700        0.00000        0.00000
wrapping first mol.:      -75.69897        0.00000        0.00000
wrapping first mol.:      -75.69897        0.00000        0.00000
wrapping first mol.:      -75.77535        0.00000        0.00000
wrapping first mol.:      -75.77535        0.00000        0.00000
wrapping first mol.:      -75.72607        0.00000        0.00000
wrapping first mol.:      -75.72607        0.00000        0.00000

 NSTEP =  6650000   TIME(PS) =   15000.000  TEMP(K) =   298.39  PRESS =     0.0
 Etot   =   -117119.8009  EKtot   =     20410.4863  EPtot      =   -137530.2873
 BOND   =       577.0940  ANGLE   =      1538.7966  DIHED      =      1021.0549
 UB     =         0.0000  IMP     =         0.0000  CMAP       =       128.6748
 1-4 NB =       649.5570  1-4 EEL =      5858.9300  VDWAALS    =     16304.8508
 EELEC  =   -163609.2454  EHBOND  =         0.0000  RESTRAINT  =         0.0000
 EKCMT  =         0.0000  VIRIAL  =         0.0000  VOLUME     =    334283.0806
                                                    Density    =         1.0307
 ------------------------------------------------------------------------------

wrapping first mol.:      -75.67232        0.00000        0.00000
wrapping first mol.:      -75.67232        0.00000        0.00000
wrapping first mol.:      -75.70470        0.00000        0.00000
wrapping first mol.:      -75.70470        0.00000        0.00000
wrapping first mol.:      -75.73896        0.00000        0.00000
wrapping first mol.:      -75.73896        0.00000        0.00000
wrapping first mol.:      -75.69058        0.00000        0.00000
wrapping first mol.:      -75.69058        0.00000        0.00000
wrapping first mol.:      -75.73059        0.00000        0.00000
wrapping first mol.:      -75.73059        0.00000        0.00000

 NSTEP =  6675000   TIME(PS) =   15050.000  TEMP(K) =   298.89  PRESS =     0.0
 Etot   =   -116930.3596  EKtot   =     20444.8691  EPtot      =   -137375.2288
 BOND   =       530.2080  ANGLE   =      1551.2288  DIHED      =      1003.7981
 UB     =         0.0000  IMP     =         0.0000  CMAP       =       134.9190
 1-4 NB =       638.6582  1-4 EEL =      5871.0791  VDWAALS    =     16435.8082
 EELEC  =   -163540.9282  EHBOND  =         0.0000  RESTRAINT  =         0.0000
 EKCMT  =         0.0000  VIRIAL  =         0.0000  VOLUME     =    334342.9936
                                                    Density    =         1.0305
 ------------------------------------------------------------------------------

wrapping first mol.:      -75.71181        0.00000        0.00000
wrapping first mol.:      -75.71181        0.00000        0.00000
wrapping first mol.:      -75.69266        0.00000        0.00000
wrapping first mol.:      -75.69266        0.00000        0.00000
wrapping first mol.:      -75.67125        0.00000        0.00000
wrapping first mol.:      -75.67125        0.00000        0.00000
wrapping first mol.:      -75.63704        0.00000        0.00000
wrapping first mol.:      -75.63704        0.00000        0.00000
wrapping first mol.:      -75.68402        0.00000        0.00000
wrapping first mol.:      -75.68402        0.00000        0.00000

 NSTEP =  6700000   TIME(PS) =   15100.000  TEMP(K) =   297.52  PRESS =     0.0
 Etot   =   -117406.4373  EKtot   =     20351.1309  EPtot      =   -137757.5682
 BOND   =       563.8328  ANGLE   =      1458.7649  DIHED      =       993.3455
 UB     =         0.0000  IMP     =         0.0000  CMAP       =       142.5164
 1-4 NB =       637.1042  1-4 EEL =      5803.1274  VDWAALS    =     16545.2124
 EELEC  =   -163901.4717  EHBOND  =         0.0000  RESTRAINT  =         0.0000
 EKCMT  =         0.0000  VIRIAL  =         0.0000  VOLUME     =    333726.5596
                                                    Density    =         1.0324
 ------------------------------------------------------------------------------

wrapping first mol.:      -75.73880        0.00000        0.00000
wrapping first mol.:      -75.73880        0.00000        0.00000
wrapping first mol.:      -75.65414        0.00000        0.00000
wrapping first mol.:      -75.65414        0.00000        0.00000
wrapping first mol.:      -75.61290        0.00000        0.00000
wrapping first mol.:      -75.61290        0.00000        0.00000
wrapping first mol.:      -75.65420        0.00000        0.00000
wrapping first mol.:      -75.65420        0.00000        0.00000
wrapping first mol.:      -75.60411        0.00000        0.00000
wrapping first mol.:      -75.60411        0.00000        0.00000

 NSTEP =  6725000   TIME(PS) =   15150.000  TEMP(K) =   304.15  PRESS =     0.0
 Etot   =   -116839.1113  EKtot   =     20804.7070  EPtot      =   -137643.8184
 BOND   =       603.7040  ANGLE   =      1521.9580  DIHED      =       990.1257
 UB     =         0.0000  IMP     =         0.0000  CMAP       =       154.1796
 1-4 NB =       635.6852  1-4 EEL =      5873.4793  VDWAALS    =     16217.9569
 EELEC  =   -163640.9070  EHBOND  =         0.0000  RESTRAINT  =         0.0000
 EKCMT  =         0.0000  VIRIAL  =         0.0000  VOLUME     =    332670.5920
                                                    Density    =         1.0357
 ------------------------------------------------------------------------------

wrapping first mol.:      -75.77833        0.00000        0.00000
wrapping first mol.:      -75.77833        0.00000        0.00000
wrapping first mol.:      -75.70772        0.00000        0.00000
wrapping first mol.:      -75.70772        0.00000        0.00000
wrapping first mol.:      -75.78200        0.00000        0.00000
wrapping first mol.:      -75.78200        0.00000        0.00000
wrapping first mol.:      -75.77230        0.00000        0.00000
wrapping first mol.:      -75.77230        0.00000        0.00000
wrapping first mol.:      -75.59154        0.00000        0.00000
wrapping first mol.:      -75.59154        0.00000        0.00000

 NSTEP =  6750000   TIME(PS) =   15200.000  TEMP(K) =   300.27  PRESS =     0.0
 Etot   =   -117289.5299  EKtot   =     20539.1211  EPtot      =   -137828.6510
 BOND   =       572.9500  ANGLE   =      1517.8922  DIHED      =       965.1374
 UB     =         0.0000  IMP     =         0.0000  CMAP       =       147.6355
 1-4 NB =       647.0884  1-4 EEL =      5820.9835  VDWAALS    =     16427.6178
 EELEC  =   -163927.9559  EHBOND  =         0.0000  RESTRAINT  =         0.0000
 EKCMT  =         0.0000  VIRIAL  =         0.0000  VOLUME     =    332504.6217
                                                    Density    =         1.0362
 ------------------------------------------------------------------------------

wrapping first mol.:      -75.74234        0.00000        0.00000
wrapping first mol.:      -75.74234        0.00000        0.00000
wrapping first mol.:      -75.64963        0.00000        0.00000
wrapping first mol.:      -75.64963        0.00000        0.00000
wrapping first mol.:      -75.72867        0.00000        0.00000
wrapping first mol.:      -75.72867        0.00000        0.00000
wrapping first mol.:      -75.68118        0.00000        0.00000
wrapping first mol.:      -75.68118        0.00000        0.00000
wrapping first mol.:      -75.69017        0.00000        0.00000
wrapping first mol.:      -75.69017        0.00000        0.00000

 NSTEP =  6775000   TIME(PS) =   15250.000  TEMP(K) =   298.90  PRESS =     0.0
 Etot   =   -117180.6665  EKtot   =     20445.9707  EPtot      =   -137626.6372
 BOND   =       572.4091  ANGLE   =      1520.3662  DIHED      =       998.4836
 UB     =         0.0000  IMP     =         0.0000  CMAP       =       142.5886
 1-4 NB =       652.4045  1-4 EEL =      5802.1531  VDWAALS    =     16731.0504
 EELEC  =   -164046.0928  EHBOND  =         0.0000  RESTRAINT  =         0.0000
 EKCMT  =         0.0000  VIRIAL  =         0.0000  VOLUME     =    333807.8898
                                                    Density    =         1.0321
 ------------------------------------------------------------------------------

wrapping first mol.:      -75.71089        0.00000        0.00000
wrapping first mol.:      -75.71089        0.00000        0.00000
wrapping first mol.:      -75.64671        0.00000        0.00000
wrapping first mol.:      -75.64671        0.00000        0.00000
wrapping first mol.:      -75.60602        0.00000        0.00000
wrapping first mol.:      -75.60602        0.00000        0.00000
wrapping first mol.:      -75.67570        0.00000        0.00000
wrapping first mol.:      -75.67570        0.00000        0.00000
wrapping first mol.:      -75.65952        0.00000        0.00000
wrapping first mol.:      -75.65952        0.00000        0.00000

 NSTEP =  6800000   TIME(PS) =   15300.000  TEMP(K) =   301.20  PRESS =     0.0
 Etot   =   -117152.9646  EKtot   =     20602.7891  EPtot      =   -137755.7536
 BOND   =       555.2302  ANGLE   =      1562.6066  DIHED      =       993.1470
 UB     =         0.0000  IMP     =         0.0000  CMAP       =       139.4196
 1-4 NB =       637.0825  1-4 EEL =      5884.6424  VDWAALS    =     16548.0311
 EELEC  =   -164075.9129  EHBOND  =         0.0000  RESTRAINT  =         0.0000
 EKCMT  =         0.0000  VIRIAL  =         0.0000  VOLUME     =    333402.5215
                                                    Density    =         1.0334
 ------------------------------------------------------------------------------

wrapping first mol.:      -75.84095        0.00000        0.00000
wrapping first mol.:      -75.84095        0.00000        0.00000
wrapping first mol.:      -75.73582        0.00000        0.00000
wrapping first mol.:      -75.73582        0.00000        0.00000
wrapping first mol.:      -75.69244        0.00000        0.00000
wrapping first mol.:      -75.69244        0.00000        0.00000
wrapping first mol.:      -75.64734        0.00000        0.00000
wrapping first mol.:      -75.64734        0.00000        0.00000
wrapping first mol.:      -75.60590        0.00000        0.00000
wrapping first mol.:      -75.60590        0.00000        0.00000

 NSTEP =  6825000   TIME(PS) =   15350.000  TEMP(K) =   300.26  PRESS =     0.0
 Etot   =   -117238.5649  EKtot   =     20539.0430  EPtot      =   -137777.6079
 BOND   =       499.0500  ANGLE   =      1528.1705  DIHED      =      1007.3639
 UB     =         0.0000  IMP     =         0.0000  CMAP       =       130.5064
 1-4 NB =       632.0056  1-4 EEL =      5891.7860  VDWAALS    =     16268.0604
 EELEC  =   -163734.5507  EHBOND  =         0.0000  RESTRAINT  =         0.0000
 EKCMT  =         0.0000  VIRIAL  =         0.0000  VOLUME     =    332694.1475
                                                    Density    =         1.0356
 ------------------------------------------------------------------------------

wrapping first mol.:      -75.68841        0.00000        0.00000
wrapping first mol.:      -75.68841        0.00000        0.00000
wrapping first mol.:      -75.77969        0.00000        0.00000
wrapping first mol.:      -75.77969        0.00000        0.00000
wrapping first mol.:      -75.71353        0.00000        0.00000
wrapping first mol.:      -75.71353        0.00000        0.00000
wrapping first mol.:      -75.65971        0.00000        0.00000
wrapping first mol.:      -75.65971        0.00000        0.00000
wrapping first mol.:      -75.66852        0.00000        0.00000
wrapping first mol.:      -75.66852        0.00000        0.00000

 NSTEP =  6850000   TIME(PS) =   15400.000  TEMP(K) =   300.55  PRESS =     0.0
 Etot   =   -117055.9402  EKtot   =     20558.2402  EPtot      =   -137614.1804
 BOND   =       580.8540  ANGLE   =      1471.6719  DIHED      =       974.2564
 UB     =         0.0000  IMP     =         0.0000  CMAP       =       140.2672
 1-4 NB =       638.8655  1-4 EEL =      5842.0080  VDWAALS    =     16433.1741
 EELEC  =   -163695.2776  EHBOND  =         0.0000  RESTRAINT  =         0.0000
 EKCMT  =         0.0000  VIRIAL  =         0.0000  VOLUME     =    333521.5624
                                                    Density    =         1.0330
 ------------------------------------------------------------------------------

wrapping first mol.:      -75.72251        0.00000        0.00000
wrapping first mol.:      -75.72251        0.00000        0.00000
wrapping first mol.:      -75.68315        0.00000        0.00000
wrapping first mol.:      -75.68315        0.00000        0.00000
wrapping first mol.:      -75.65963        0.00000        0.00000
wrapping first mol.:      -75.65963        0.00000        0.00000
wrapping first mol.:      -75.61463        0.00000        0.00000
wrapping first mol.:      -75.61463        0.00000        0.00000
wrapping first mol.:      -75.62394        0.00000        0.00000
wrapping first mol.:      -75.62394        0.00000        0.00000

 NSTEP =  6875000   TIME(PS) =   15450.000  TEMP(K) =   302.51  PRESS =     0.0
 Etot   =   -116576.1368  EKtot   =     20692.6602  EPtot      =   -137268.7969
 BOND   =       554.4659  ANGLE   =      1512.6150  DIHED      =      1015.1715
 UB     =         0.0000  IMP     =         0.0000  CMAP       =       138.5063
 1-4 NB =       662.4826  1-4 EEL =      5898.7266  VDWAALS    =     16601.2623
 EELEC  =   -163652.0270  EHBOND  =         0.0000  RESTRAINT  =         0.0000
 EKCMT  =         0.0000  VIRIAL  =         0.0000  VOLUME     =    332932.3980
                                                    Density    =         1.0348
 ------------------------------------------------------------------------------

wrapping first mol.:      -75.66641        0.00000        0.00000
wrapping first mol.:      -75.66641        0.00000        0.00000
wrapping first mol.:      -75.78205        0.00000        0.00000
wrapping first mol.:      -75.78205        0.00000        0.00000
wrapping first mol.:      -75.72170        0.00000        0.00000
wrapping first mol.:      -75.72170        0.00000        0.00000
wrapping first mol.:      -75.64494        0.00000        0.00000
wrapping first mol.:      -75.64494        0.00000        0.00000
wrapping first mol.:      -75.74548        0.00000        0.00000
wrapping first mol.:      -75.74548        0.00000        0.00000

 NSTEP =  6900000   TIME(PS) =   15500.000  TEMP(K) =   299.09  PRESS =     0.0
 Etot   =   -117204.0460  EKtot   =     20458.5547  EPtot      =   -137662.6007
 BOND   =       555.1037  ANGLE   =      1536.2915  DIHED      =       981.2903
 UB     =         0.0000  IMP     =         0.0000  CMAP       =       138.7718
 1-4 NB =       638.1325  1-4 EEL =      5870.2497  VDWAALS    =     16310.5453
 EELEC  =   -163692.9856  EHBOND  =         0.0000  RESTRAINT  =         0.0000
 EKCMT  =         0.0000  VIRIAL  =         0.0000  VOLUME     =    334540.1821
                                                    Density    =         1.0299
 ------------------------------------------------------------------------------

wrapping first mol.:      -75.66244        0.00000        0.00000
wrapping first mol.:      -75.66244        0.00000        0.00000
wrapping first mol.:      -75.72555        0.00000        0.00000
wrapping first mol.:      -75.72555        0.00000        0.00000
wrapping first mol.:      -75.74069        0.00000        0.00000
wrapping first mol.:      -75.74069        0.00000        0.00000
wrapping first mol.:      -75.66651        0.00000        0.00000
wrapping first mol.:      -75.66651        0.00000        0.00000
wrapping first mol.:      -75.63612        0.00000        0.00000
wrapping first mol.:      -75.63612        0.00000        0.00000

 NSTEP =  6925000   TIME(PS) =   15550.000  TEMP(K) =   299.00  PRESS =     0.0
 Etot   =   -117113.1656  EKtot   =     20452.5977  EPtot      =   -137565.7633
 BOND   =       600.3379  ANGLE   =      1566.1831  DIHED      =       987.9078
 UB     =         0.0000  IMP     =         0.0000  CMAP       =       145.1812
 1-4 NB =       633.1478  1-4 EEL =      5852.8139  VDWAALS    =     16415.6949
 EELEC  =   -163767.0299  EHBOND  =         0.0000  RESTRAINT  =         0.0000
 EKCMT  =         0.0000  VIRIAL  =         0.0000  VOLUME     =    333093.2548
                                                    Density    =         1.0343
 ------------------------------------------------------------------------------

wrapping first mol.:      -75.68527        0.00000        0.00000
wrapping first mol.:      -75.68527        0.00000        0.00000
wrapping first mol.:      -75.72861        0.00000        0.00000
wrapping first mol.:      -75.72861        0.00000        0.00000
wrapping first mol.:      -75.65512        0.00000        0.00000
wrapping first mol.:      -75.65512        0.00000        0.00000
wrapping first mol.:      -75.68062        0.00000        0.00000
wrapping first mol.:      -75.68062        0.00000        0.00000
wrapping first mol.:      -75.72183        0.00000        0.00000
wrapping first mol.:      -75.72183        0.00000        0.00000

 NSTEP =  6950000   TIME(PS) =   15600.000  TEMP(K) =   299.72  PRESS =     0.0
 Etot   =   -117218.3615  EKtot   =     20502.0488  EPtot      =   -137720.4103
 BOND   =       553.5356  ANGLE   =      1529.8258  DIHED      =       969.9945
 UB     =         0.0000  IMP     =         0.0000  CMAP       =       145.9815
 1-4 NB =       647.8904  1-4 EEL =      5938.8714  VDWAALS    =     16310.3453
 EELEC  =   -163816.8549  EHBOND  =         0.0000  RESTRAINT  =         0.0000
 EKCMT  =         0.0000  VIRIAL  =         0.0000  VOLUME     =    334226.8929
                                                    Density    =         1.0308
 ------------------------------------------------------------------------------

wrapping first mol.:      -75.66004        0.00000        0.00000
wrapping first mol.:      -75.66004        0.00000        0.00000
wrapping first mol.:      -75.67361        0.00000        0.00000
wrapping first mol.:      -75.67361        0.00000        0.00000
wrapping first mol.:      -75.76214        0.00000        0.00000
wrapping first mol.:      -75.76214        0.00000        0.00000
wrapping first mol.:      -75.70390        0.00000        0.00000
wrapping first mol.:      -75.70390        0.00000        0.00000
wrapping first mol.:      -75.70182        0.00000        0.00000
wrapping first mol.:      -75.70182        0.00000        0.00000

 NSTEP =  6975000   TIME(PS) =   15650.000  TEMP(K) =   301.98  PRESS =     0.0
 Etot   =   -117182.9050  EKtot   =     20656.5410  EPtot      =   -137839.4461
 BOND   =       555.0878  ANGLE   =      1485.1986  DIHED      =       992.8012
 UB     =         0.0000  IMP     =         0.0000  CMAP       =       134.3665
 1-4 NB =       654.8152  1-4 EEL =      5823.0856  VDWAALS    =     16713.6977
 EELEC  =   -164198.4986  EHBOND  =         0.0000  RESTRAINT  =         0.0000
 EKCMT  =         0.0000  VIRIAL  =         0.0000  VOLUME     =    333962.0737
                                                    Density    =         1.0317
 ------------------------------------------------------------------------------

wrapping first mol.:      -75.61338        0.00000        0.00000
wrapping first mol.:      -75.61338        0.00000        0.00000
wrapping first mol.:      -75.66943        0.00000        0.00000
wrapping first mol.:      -75.66943        0.00000        0.00000
wrapping first mol.:      -75.66814        0.00000        0.00000
wrapping first mol.:      -75.66814        0.00000        0.00000
wrapping first mol.:      -75.69775        0.00000        0.00000
wrapping first mol.:      -75.69775        0.00000        0.00000
wrapping first mol.:      -75.70125        0.00000        0.00000
wrapping first mol.:      -75.70125        0.00000        0.00000

 NSTEP =  7000000   TIME(PS) =   15700.000  TEMP(K) =   300.79  PRESS =     0.0
 Etot   =   -116924.6096  EKtot   =     20574.6758  EPtot      =   -137499.2854
 BOND   =       527.7182  ANGLE   =      1502.0375  DIHED      =       982.0648
 UB     =         0.0000  IMP     =         0.0000  CMAP       =       151.4530
 1-4 NB =       628.7773  1-4 EEL =      5947.5407  VDWAALS    =     16336.1772
 EELEC  =   -163575.0541  EHBOND  =         0.0000  RESTRAINT  =         0.0000
 EKCMT  =         0.0000  VIRIAL  =         0.0000  VOLUME     =    333954.5233
                                                    Density    =         1.0317
 ------------------------------------------------------------------------------

wrapping first mol.:      -75.71039        0.00000        0.00000
wrapping first mol.:      -75.71039        0.00000        0.00000
wrapping first mol.:      -75.64807        0.00000        0.00000
wrapping first mol.:      -75.64807        0.00000        0.00000
wrapping first mol.:      -75.69888        0.00000        0.00000
wrapping first mol.:      -75.69888        0.00000        0.00000
wrapping first mol.:      -75.68364        0.00000        0.00000
wrapping first mol.:      -75.68364        0.00000        0.00000
wrapping first mol.:      -75.70188        0.00000        0.00000
wrapping first mol.:      -75.70188        0.00000        0.00000

 NSTEP =  7025000   TIME(PS) =   15750.000  TEMP(K) =   299.70  PRESS =     0.0
 Etot   =   -116817.8757  EKtot   =     20500.4180  EPtot      =   -137318.2937
 BOND   =       531.4322  ANGLE   =      1527.6690  DIHED      =       999.8575
 UB     =         0.0000  IMP     =         0.0000  CMAP       =       140.4913
 1-4 NB =       667.2673  1-4 EEL =      5904.5107  VDWAALS    =     16436.7996
 EELEC  =   -163526.3213  EHBOND  =         0.0000  RESTRAINT  =         0.0000
 EKCMT  =         0.0000  VIRIAL  =         0.0000  VOLUME     =    333962.8434
                                                    Density    =         1.0316
 ------------------------------------------------------------------------------

wrapping first mol.:      -75.61447        0.00000        0.00000
wrapping first mol.:      -75.61447        0.00000        0.00000
wrapping first mol.:      -75.71177        0.00000        0.00000
wrapping first mol.:      -75.71177        0.00000        0.00000
wrapping first mol.:      -75.75532        0.00000        0.00000
wrapping first mol.:      -75.75532        0.00000        0.00000
wrapping first mol.:      -75.73378        0.00000        0.00000
wrapping first mol.:      -75.73378        0.00000        0.00000
wrapping first mol.:      -75.75337        0.00000        0.00000
wrapping first mol.:      -75.75337        0.00000        0.00000

 NSTEP =  7050000   TIME(PS) =   15800.000  TEMP(K) =   299.32  PRESS =     0.0
 Etot   =   -117128.3533  EKtot   =     20474.2598  EPtot      =   -137602.6131
 BOND   =       566.7163  ANGLE   =      1504.4556  DIHED      =       993.0878
 UB     =         0.0000  IMP     =         0.0000  CMAP       =       141.7150
 1-4 NB =       620.9212  1-4 EEL =      5877.4478  VDWAALS    =     16560.9621
 EELEC  =   -163867.9188  EHBOND  =         0.0000  RESTRAINT  =         0.0000
 EKCMT  =         0.0000  VIRIAL  =         0.0000  VOLUME     =    334644.7566
                                                    Density    =         1.0295
 ------------------------------------------------------------------------------

wrapping first mol.:      -75.74954        0.00000        0.00000
wrapping first mol.:      -75.74954        0.00000        0.00000
wrapping first mol.:      -75.71949        0.00000        0.00000
wrapping first mol.:      -75.71949        0.00000        0.00000
wrapping first mol.:      -75.74120        0.00000        0.00000
wrapping first mol.:      -75.74120        0.00000        0.00000
wrapping first mol.:      -75.72506        0.00000        0.00000
wrapping first mol.:      -75.72506        0.00000        0.00000
wrapping first mol.:      -75.71160        0.00000        0.00000
wrapping first mol.:      -75.71160        0.00000        0.00000

 NSTEP =  7075000   TIME(PS) =   15850.000  TEMP(K) =   299.68  PRESS =     0.0
 Etot   =   -117103.9834  EKtot   =     20499.3398  EPtot      =   -137603.3232
 BOND   =       577.8286  ANGLE   =      1503.1682  DIHED      =       972.7134
 UB     =         0.0000  IMP     =         0.0000  CMAP       =       144.1582
 1-4 NB =       652.2051  1-4 EEL =      5922.1686  VDWAALS    =     16394.0115
 EELEC  =   -163769.5768  EHBOND  =         0.0000  RESTRAINT  =         0.0000
 EKCMT  =         0.0000  VIRIAL  =         0.0000  VOLUME     =    334091.4631
                                                    Density    =         1.0313
 ------------------------------------------------------------------------------

wrapping first mol.:      -75.74128        0.00000        0.00000
wrapping first mol.:      -75.74128        0.00000        0.00000
wrapping first mol.:      -75.60411        0.00000        0.00000
wrapping first mol.:      -75.60411        0.00000        0.00000
wrapping first mol.:      -75.65722        0.00000        0.00000
wrapping first mol.:      -75.65722        0.00000        0.00000
wrapping first mol.:      -75.62504        0.00000        0.00000
wrapping first mol.:      -75.62504        0.00000        0.00000
wrapping first mol.:      -75.68120        0.00000        0.00000
wrapping first mol.:      -75.68120        0.00000        0.00000

 NSTEP =  7100000   TIME(PS) =   15900.000  TEMP(K) =   298.90  PRESS =     0.0
 Etot   =   -117146.7101  EKtot   =     20445.7305  EPtot      =   -137592.4405
 BOND   =       605.9064  ANGLE   =      1503.2707  DIHED      =       993.1863
 UB     =         0.0000  IMP     =         0.0000  CMAP       =       135.5486
 1-4 NB =       643.1787  1-4 EEL =      5841.8869  VDWAALS    =     15986.7715
 EELEC  =   -163302.1896  EHBOND  =         0.0000  RESTRAINT  =         0.0000
 EKCMT  =         0.0000  VIRIAL  =         0.0000  VOLUME     =    333689.2510
                                                    Density    =         1.0325
 ------------------------------------------------------------------------------

wrapping first mol.:      -75.71999        0.00000        0.00000
wrapping first mol.:      -75.71999        0.00000        0.00000
wrapping first mol.:      -75.74439        0.00000        0.00000
wrapping first mol.:      -75.74439        0.00000        0.00000
wrapping first mol.:      -75.70376        0.00000        0.00000
wrapping first mol.:      -75.70376        0.00000        0.00000
wrapping first mol.:      -75.65742        0.00000        0.00000
wrapping first mol.:      -75.65742        0.00000        0.00000
wrapping first mol.:      -75.73877        0.00000        0.00000
wrapping first mol.:      -75.73877        0.00000        0.00000

 NSTEP =  7125000   TIME(PS) =   15950.000  TEMP(K) =   301.89  PRESS =     0.0
 Etot   =   -117074.7243  EKtot   =     20649.9551  EPtot      =   -137724.6794
 BOND   =       539.8618  ANGLE   =      1501.9992  DIHED      =      1020.8939
 UB     =         0.0000  IMP     =         0.0000  CMAP       =       138.6904
 1-4 NB =       663.6512  1-4 EEL =      5919.7004  VDWAALS    =     16520.8873
 EELEC  =   -164030.3636  EHBOND  =         0.0000  RESTRAINT  =         0.0000
 EKCMT  =         0.0000  VIRIAL  =         0.0000  VOLUME     =    334451.3274
                                                    Density    =         1.0301
 ------------------------------------------------------------------------------

wrapping first mol.:      -75.74588        0.00000        0.00000
wrapping first mol.:      -75.74588        0.00000        0.00000
wrapping first mol.:      -75.80403        0.00000        0.00000
wrapping first mol.:      -75.80403        0.00000        0.00000
wrapping first mol.:      -75.67276        0.00000        0.00000
wrapping first mol.:      -75.67276        0.00000        0.00000
wrapping first mol.:      -75.72186        0.00000        0.00000
wrapping first mol.:      -75.72186        0.00000        0.00000
wrapping first mol.:      -75.67989        0.00000        0.00000
wrapping first mol.:      -75.67989        0.00000        0.00000

 NSTEP =  7150000   TIME(PS) =   16000.000  TEMP(K) =   298.95  PRESS =     0.0
 Etot   =   -117304.4068  EKtot   =     20449.2129  EPtot      =   -137753.6197
 BOND   =       562.7808  ANGLE   =      1525.8318  DIHED      =      1004.6901
 UB     =         0.0000  IMP     =         0.0000  CMAP       =       134.2770
 1-4 NB =       654.9156  1-4 EEL =      5898.6264  VDWAALS    =     16526.4063
 EELEC  =   -164061.1476  EHBOND  =         0.0000  RESTRAINT  =         0.0000
 EKCMT  =         0.0000  VIRIAL  =         0.0000  VOLUME     =    333671.8218
                                                    Density    =         1.0325
 ------------------------------------------------------------------------------

wrapping first mol.:      -75.61448        0.00000        0.00000
wrapping first mol.:      -75.61448        0.00000        0.00000
wrapping first mol.:      -75.66233        0.00000        0.00000
wrapping first mol.:      -75.66233        0.00000        0.00000
wrapping first mol.:      -75.55974        0.00000        0.00000
wrapping first mol.:      -75.55974        0.00000        0.00000
wrapping first mol.:      -75.72842        0.00000        0.00000
wrapping first mol.:      -75.72842        0.00000        0.00000
wrapping first mol.:      -75.72526        0.00000        0.00000
wrapping first mol.:      -75.72526        0.00000        0.00000

 NSTEP =  7175000   TIME(PS) =   16050.000  TEMP(K) =   301.84  PRESS =     0.0
 Etot   =   -116887.6348  EKtot   =     20646.5176  EPtot      =   -137534.1524
 BOND   =       584.2522  ANGLE   =      1513.8538  DIHED      =       991.6040
 UB     =         0.0000  IMP     =         0.0000  CMAP       =       147.6340
 1-4 NB =       654.5440  1-4 EEL =      5936.8663  VDWAALS    =     16259.8629
 EELEC  =   -163622.7697  EHBOND  =         0.0000  RESTRAINT  =         0.0000
 EKCMT  =         0.0000  VIRIAL  =         0.0000  VOLUME     =    334272.3544
                                                    Density    =         1.0307
 ------------------------------------------------------------------------------

wrapping first mol.:      -75.64129        0.00000        0.00000
wrapping first mol.:      -75.64129        0.00000        0.00000
wrapping first mol.:      -75.66101        0.00000        0.00000
wrapping first mol.:      -75.66101        0.00000        0.00000
wrapping first mol.:      -75.79524        0.00000        0.00000
wrapping first mol.:      -75.79524        0.00000        0.00000
wrapping first mol.:      -75.76062        0.00000        0.00000
wrapping first mol.:      -75.76062        0.00000        0.00000
wrapping first mol.:      -75.67003        0.00000        0.00000
wrapping first mol.:      -75.67003        0.00000        0.00000

 NSTEP =  7200000   TIME(PS) =   16100.000  TEMP(K) =   303.92  PRESS =     0.0
 Etot   =   -116562.8581  EKtot   =     20788.7656  EPtot      =   -137351.6238
 BOND   =       554.2922  ANGLE   =      1535.6180  DIHED      =      1033.5493
 UB     =         0.0000  IMP     =         0.0000  CMAP       =       132.8660
 1-4 NB =       637.7531  1-4 EEL =      5873.3213  VDWAALS    =     16631.2974
 EELEC  =   -163750.3211  EHBOND  =         0.0000  RESTRAINT  =         0.0000
 EKCMT  =         0.0000  VIRIAL  =         0.0000  VOLUME     =    333541.4819
                                                    Density    =         1.0330
 ------------------------------------------------------------------------------

wrapping first mol.:      -75.70023        0.00000        0.00000
wrapping first mol.:      -75.70023        0.00000        0.00000
wrapping first mol.:      -75.75800        0.00000        0.00000
wrapping first mol.:      -75.75800        0.00000        0.00000
wrapping first mol.:      -75.68963        0.00000        0.00000
wrapping first mol.:      -75.68963        0.00000        0.00000
wrapping first mol.:      -75.67888        0.00000        0.00000
wrapping first mol.:      -75.67888        0.00000        0.00000
wrapping first mol.:      -75.72057        0.00000        0.00000
wrapping first mol.:      -75.72057        0.00000        0.00000

 NSTEP =  7225000   TIME(PS) =   16150.000  TEMP(K) =   301.02  PRESS =     0.0
 Etot   =   -116965.3726  EKtot   =     20590.5488  EPtot      =   -137555.9215
 BOND   =       567.1295  ANGLE   =      1554.8985  DIHED      =       970.0860
 UB     =         0.0000  IMP     =         0.0000  CMAP       =       146.3743
 1-4 NB =       634.5896  1-4 EEL =      5840.7100  VDWAALS    =     16306.4029
 EELEC  =   -163576.1123  EHBOND  =         0.0000  RESTRAINT  =         0.0000
 EKCMT  =         0.0000  VIRIAL  =         0.0000  VOLUME     =    334210.2237
                                                    Density    =         1.0309
 ------------------------------------------------------------------------------

wrapping first mol.:      -75.62501        0.00000        0.00000
wrapping first mol.:      -75.62501        0.00000        0.00000
wrapping first mol.:      -75.64359        0.00000        0.00000
wrapping first mol.:      -75.64359        0.00000        0.00000
wrapping first mol.:      -75.66999        0.00000        0.00000
wrapping first mol.:      -75.66999        0.00000        0.00000
wrapping first mol.:      -75.57626        0.00000        0.00000
wrapping first mol.:      -75.57626        0.00000        0.00000
wrapping first mol.:      -75.76077        0.00000        0.00000
wrapping first mol.:      -75.76077        0.00000        0.00000

 NSTEP =  7250000   TIME(PS) =   16200.000  TEMP(K) =   297.08  PRESS =     0.0
 Etot   =   -117157.4393  EKtot   =     20321.1582  EPtot      =   -137478.5975
 BOND   =       546.6553  ANGLE   =      1519.6532  DIHED      =       984.6547
 UB     =         0.0000  IMP     =         0.0000  CMAP       =       133.4862
 1-4 NB =       651.0087  1-4 EEL =      5925.7345  VDWAALS    =     16336.5381
 EELEC  =   -163576.3282  EHBOND  =         0.0000  RESTRAINT  =         0.0000
 EKCMT  =         0.0000  VIRIAL  =         0.0000  VOLUME     =    334742.8253
                                                    Density    =         1.0292
 ------------------------------------------------------------------------------

wrapping first mol.:      -75.72691        0.00000        0.00000
wrapping first mol.:      -75.72691        0.00000        0.00000
wrapping first mol.:      -75.70838        0.00000        0.00000
wrapping first mol.:      -75.70838        0.00000        0.00000
wrapping first mol.:      -75.68009        0.00000        0.00000
wrapping first mol.:      -75.68009        0.00000        0.00000
wrapping first mol.:      -75.66508        0.00000        0.00000
wrapping first mol.:      -75.66508        0.00000        0.00000
wrapping first mol.:      -75.75330        0.00000        0.00000
wrapping first mol.:      -75.75330        0.00000        0.00000

 NSTEP =  7275000   TIME(PS) =   16250.000  TEMP(K) =   300.86  PRESS =     0.0
 Etot   =   -117275.0212  EKtot   =     20579.9004  EPtot      =   -137854.9216
 BOND   =       586.6480  ANGLE   =      1497.4301  DIHED      =      1003.8147
 UB     =         0.0000  IMP     =         0.0000  CMAP       =       138.9737
 1-4 NB =       658.5297  1-4 EEL =      5938.8823  VDWAALS    =     16636.1530
 EELEC  =   -164315.3530  EHBOND  =         0.0000  RESTRAINT  =         0.0000
 EKCMT  =         0.0000  VIRIAL  =         0.0000  VOLUME     =    334643.7574
                                                    Density    =         1.0295
 ------------------------------------------------------------------------------

wrapping first mol.:      -75.78265        0.00000        0.00000
wrapping first mol.:      -75.78265        0.00000        0.00000
wrapping first mol.:      -75.74106        0.00000        0.00000
wrapping first mol.:      -75.74106        0.00000        0.00000
wrapping first mol.:      -75.72859        0.00000        0.00000
wrapping first mol.:      -75.72859        0.00000        0.00000
wrapping first mol.:      -75.72518        0.00000        0.00000
wrapping first mol.:      -75.72518        0.00000        0.00000
wrapping first mol.:      -75.65378        0.00000        0.00000
wrapping first mol.:      -75.65378        0.00000        0.00000

 NSTEP =  7300000   TIME(PS) =   16300.000  TEMP(K) =   298.87  PRESS =     0.0
 Etot   =   -117023.6909  EKtot   =     20443.5430  EPtot      =   -137467.2339
 BOND   =       583.8808  ANGLE   =      1466.7759  DIHED      =      1011.4212
 UB     =         0.0000  IMP     =         0.0000  CMAP       =       141.7846
 1-4 NB =       645.1743  1-4 EEL =      5908.1362  VDWAALS    =     16335.3828
 EELEC  =   -163559.7897  EHBOND  =         0.0000  RESTRAINT  =         0.0000
 EKCMT  =         0.0000  VIRIAL  =         0.0000  VOLUME     =    333326.6280
                                                    Density    =         1.0336
 ------------------------------------------------------------------------------

wrapping first mol.:      -75.76599        0.00000        0.00000
wrapping first mol.:      -75.76599        0.00000        0.00000
wrapping first mol.:      -75.72119        0.00000        0.00000
wrapping first mol.:      -75.72119        0.00000        0.00000
wrapping first mol.:      -75.68121        0.00000        0.00000
wrapping first mol.:      -75.68121        0.00000        0.00000
wrapping first mol.:      -75.73989        0.00000        0.00000
wrapping first mol.:      -75.73989        0.00000        0.00000
wrapping first mol.:      -75.76794        0.00000        0.00000
wrapping first mol.:      -75.76794        0.00000        0.00000

 NSTEP =  7325000   TIME(PS) =   16350.000  TEMP(K) =   300.57  PRESS =     0.0
 Etot   =   -117014.8913  EKtot   =     20559.8828  EPtot      =   -137574.7741
 BOND   =       553.1185  ANGLE   =      1519.7669  DIHED      =       994.4188
 UB     =         0.0000  IMP     =         0.0000  CMAP       =       150.1573
 1-4 NB =       655.3842  1-4 EEL =      5965.6295  VDWAALS    =     16394.2601
 EELEC  =   -163807.5095  EHBOND  =         0.0000  RESTRAINT  =         0.0000
 EKCMT  =         0.0000  VIRIAL  =         0.0000  VOLUME     =    334837.9178
                                                    Density    =         1.0290
 ------------------------------------------------------------------------------

wrapping first mol.:      -75.71801        0.00000        0.00000
wrapping first mol.:      -75.71801        0.00000        0.00000
wrapping first mol.:      -75.82338        0.00000        0.00000
wrapping first mol.:      -75.82338        0.00000        0.00000
wrapping first mol.:      -75.61606        0.00000        0.00000
wrapping first mol.:      -75.61606        0.00000        0.00000
wrapping first mol.:      -75.65719        0.00000        0.00000
wrapping first mol.:      -75.65719        0.00000        0.00000
wrapping first mol.:      -75.61857        0.00000        0.00000
wrapping first mol.:      -75.61857        0.00000        0.00000

 NSTEP =  7350000   TIME(PS) =   16400.000  TEMP(K) =   299.22  PRESS =     0.0
 Etot   =   -117155.3852  EKtot   =     20467.6348  EPtot      =   -137623.0200
 BOND   =       585.8105  ANGLE   =      1496.3915  DIHED      =       999.1611
 UB     =         0.0000  IMP     =         0.0000  CMAP       =       146.7364
 1-4 NB =       640.9615  1-4 EEL =      5896.1590  VDWAALS    =     16592.0100
 EELEC  =   -163980.2499  EHBOND  =         0.0000  RESTRAINT  =         0.0000
 EKCMT  =         0.0000  VIRIAL  =         0.0000  VOLUME     =    332861.4095
                                                    Density    =         1.0351
 ------------------------------------------------------------------------------

wrapping first mol.:      -75.70631        0.00000        0.00000
wrapping first mol.:      -75.70631        0.00000        0.00000
wrapping first mol.:      -75.66838        0.00000        0.00000
wrapping first mol.:      -75.66838        0.00000        0.00000
wrapping first mol.:      -75.70657        0.00000        0.00000
wrapping first mol.:      -75.70657        0.00000        0.00000
wrapping first mol.:      -75.74234        0.00000        0.00000
wrapping first mol.:      -75.74234        0.00000        0.00000
wrapping first mol.:      -75.61541        0.00000        0.00000
wrapping first mol.:      -75.61541        0.00000        0.00000

 NSTEP =  7375000   TIME(PS) =   16450.000  TEMP(K) =   298.38  PRESS =     0.0
 Etot   =   -117036.9169  EKtot   =     20409.8965  EPtot      =   -137446.8133
 BOND   =       635.0884  ANGLE   =      1583.8361  DIHED      =      1007.4059
 UB     =         0.0000  IMP     =         0.0000  CMAP       =       140.5943
 1-4 NB =       637.6975  1-4 EEL =      5865.5761  VDWAALS    =     16160.0093
 EELEC  =   -163477.0210  EHBOND  =         0.0000  RESTRAINT  =         0.0000
 EKCMT  =         0.0000  VIRIAL  =         0.0000  VOLUME     =    332819.7222
                                                    Density    =         1.0352
 ------------------------------------------------------------------------------

wrapping first mol.:      -75.63635        0.00000        0.00000
wrapping first mol.:      -75.63635        0.00000        0.00000
wrapping first mol.:      -75.68864        0.00000        0.00000
wrapping first mol.:      -75.68864        0.00000        0.00000
wrapping first mol.:      -75.58434        0.00000        0.00000
wrapping first mol.:      -75.58434        0.00000        0.00000
wrapping first mol.:      -75.68672        0.00000        0.00000
wrapping first mol.:      -75.68672        0.00000        0.00000
wrapping first mol.:      -75.68616        0.00000        0.00000
wrapping first mol.:      -75.68616        0.00000        0.00000

 NSTEP =  7400000   TIME(PS) =   16500.000  TEMP(K) =   300.39  PRESS =     0.0
 Etot   =   -116973.5483  EKtot   =     20547.8027  EPtot      =   -137521.3511
 BOND   =       578.1888  ANGLE   =      1555.0516  DIHED      =       985.3562
 UB     =         0.0000  IMP     =         0.0000  CMAP       =       136.1138
 1-4 NB =       629.6094  1-4 EEL =      5910.5542  VDWAALS    =     16534.5728
 EELEC  =   -163850.7979  EHBOND  =         0.0000  RESTRAINT  =         0.0000
 EKCMT  =         0.0000  VIRIAL  =         0.0000  VOLUME     =    333754.8302
                                                    Density    =         1.0323
 ------------------------------------------------------------------------------

wrapping first mol.:      -75.71336        0.00000        0.00000
wrapping first mol.:      -75.71336        0.00000        0.00000
wrapping first mol.:      -75.73064        0.00000        0.00000
wrapping first mol.:      -75.73064        0.00000        0.00000
wrapping first mol.:      -75.71671        0.00000        0.00000
wrapping first mol.:      -75.71671        0.00000        0.00000
wrapping first mol.:      -75.75236        0.00000        0.00000
wrapping first mol.:      -75.75236        0.00000        0.00000
wrapping first mol.:      -75.65362        0.00000        0.00000
wrapping first mol.:      -75.65362        0.00000        0.00000

 NSTEP =  7425000   TIME(PS) =   16550.000  TEMP(K) =   297.17  PRESS =     0.0
 Etot   =   -117371.0826  EKtot   =     20327.1289  EPtot      =   -137698.2115
 BOND   =       567.2563  ANGLE   =      1492.6919  DIHED      =       967.5089
 UB     =         0.0000  IMP     =         0.0000  CMAP       =       143.5814
 1-4 NB =       653.8692  1-4 EEL =      5851.5845  VDWAALS    =     16043.3483
 EELEC  =   -163418.0521  EHBOND  =         0.0000  RESTRAINT  =         0.0000
 EKCMT  =         0.0000  VIRIAL  =         0.0000  VOLUME     =    333324.5050
                                                    Density    =         1.0336
 ------------------------------------------------------------------------------

wrapping first mol.:      -75.71114        0.00000        0.00000
wrapping first mol.:      -75.71114        0.00000        0.00000
wrapping first mol.:      -75.66504        0.00000        0.00000
wrapping first mol.:      -75.66504        0.00000        0.00000
wrapping first mol.:      -75.63428        0.00000        0.00000
wrapping first mol.:      -75.63428        0.00000        0.00000
wrapping first mol.:      -75.82429        0.00000        0.00000
wrapping first mol.:      -75.82429        0.00000        0.00000
wrapping first mol.:      -75.78527        0.00000        0.00000
wrapping first mol.:      -75.78527        0.00000        0.00000

 NSTEP =  7450000   TIME(PS) =   16600.000  TEMP(K) =   298.64  PRESS =     0.0
 Etot   =   -116761.2409  EKtot   =     20427.8027  EPtot      =   -137189.0437
 BOND   =       548.2614  ANGLE   =      1537.3856  DIHED      =      1003.8621
 UB     =         0.0000  IMP     =         0.0000  CMAP       =       146.0847
 1-4 NB =       662.5396  1-4 EEL =      5914.0942  VDWAALS    =     16418.5984
 EELEC  =   -163419.8696  EHBOND  =         0.0000  RESTRAINT  =         0.0000
 EKCMT  =         0.0000  VIRIAL  =         0.0000  VOLUME     =    335067.6214
                                                    Density    =         1.0282
 ------------------------------------------------------------------------------

wrapping first mol.:      -75.64708        0.00000        0.00000
wrapping first mol.:      -75.64708        0.00000        0.00000
wrapping first mol.:      -75.64675        0.00000        0.00000
wrapping first mol.:      -75.64675        0.00000        0.00000
wrapping first mol.:      -75.63766        0.00000        0.00000
wrapping first mol.:      -75.63766        0.00000        0.00000
wrapping first mol.:      -75.73597        0.00000        0.00000
wrapping first mol.:      -75.73597        0.00000        0.00000
wrapping first mol.:      -75.77444        0.00000        0.00000
wrapping first mol.:      -75.77444        0.00000        0.00000

 NSTEP =  7475000   TIME(PS) =   16650.000  TEMP(K) =   299.88  PRESS =     0.0
 Etot   =   -116979.5497  EKtot   =     20512.8047  EPtot      =   -137492.3544
 BOND   =       559.4108  ANGLE   =      1532.4748  DIHED      =       981.2261
 UB     =         0.0000  IMP     =         0.0000  CMAP       =       148.9392
 1-4 NB =       630.2272  1-4 EEL =      5933.1782  VDWAALS    =     16203.6809
 EELEC  =   -163481.4917  EHBOND  =         0.0000  RESTRAINT  =         0.0000
 EKCMT  =         0.0000  VIRIAL  =         0.0000  VOLUME     =    334924.0039
                                                    Density    =         1.0287
 ------------------------------------------------------------------------------

wrapping first mol.:      -75.72648        0.00000        0.00000
wrapping first mol.:      -75.72648        0.00000        0.00000
wrapping first mol.:      -75.77746        0.00000        0.00000
wrapping first mol.:      -75.77746        0.00000        0.00000
wrapping first mol.:      -75.72852        0.00000        0.00000
wrapping first mol.:      -75.72852        0.00000        0.00000
wrapping first mol.:      -75.70523        0.00000        0.00000
wrapping first mol.:      -75.70523        0.00000        0.00000
wrapping first mol.:      -75.68692        0.00000        0.00000
wrapping first mol.:      -75.68692        0.00000        0.00000

 NSTEP =  7500000   TIME(PS) =   16700.000  TEMP(K) =   301.21  PRESS =     0.0
 Etot   =   -116987.0159  EKtot   =     20603.9277  EPtot      =   -137590.9437
 BOND   =       545.8511  ANGLE   =      1573.7085  DIHED      =       996.5385
 UB     =         0.0000  IMP     =         0.0000  CMAP       =       148.6862
 1-4 NB =       651.7318  1-4 EEL =      5881.3228  VDWAALS    =     16294.6010
 EELEC  =   -163683.3837  EHBOND  =         0.0000  RESTRAINT  =         0.0000
 EKCMT  =         0.0000  VIRIAL  =         0.0000  VOLUME     =    333764.8480
                                                    Density    =         1.0323
 ------------------------------------------------------------------------------

wrapping first mol.:      -75.62693        0.00000        0.00000
wrapping first mol.:      -75.62693        0.00000        0.00000
wrapping first mol.:      -75.67448        0.00000        0.00000
wrapping first mol.:      -75.67448        0.00000        0.00000
wrapping first mol.:      -75.63597        0.00000        0.00000
wrapping first mol.:      -75.63597        0.00000        0.00000
wrapping first mol.:      -75.75299        0.00000        0.00000
wrapping first mol.:      -75.75299        0.00000        0.00000
wrapping first mol.:      -75.62175        0.00000        0.00000
wrapping first mol.:      -75.62175        0.00000        0.00000

 NSTEP =  7525000   TIME(PS) =   16750.000  TEMP(K) =   299.16  PRESS =     0.0
 Etot   =   -116848.5336  EKtot   =     20463.5352  EPtot      =   -137312.0687
 BOND   =       564.5885  ANGLE   =      1531.8422  DIHED      =       981.5050
 UB     =         0.0000  IMP     =         0.0000  CMAP       =       144.6881
 1-4 NB =       646.2646  1-4 EEL =      5906.9882  VDWAALS    =     16099.8324
 EELEC  =   -163187.7779  EHBOND  =         0.0000  RESTRAINT  =         0.0000
 EKCMT  =         0.0000  VIRIAL  =         0.0000  VOLUME     =    332903.3948
                                                    Density    =         1.0349
 ------------------------------------------------------------------------------

wrapping first mol.:      -75.76370        0.00000        0.00000
wrapping first mol.:      -75.76370        0.00000        0.00000
wrapping first mol.:      -75.71792        0.00000        0.00000
wrapping first mol.:      -75.71792        0.00000        0.00000
wrapping first mol.:      -75.66191        0.00000        0.00000
wrapping first mol.:      -75.66191        0.00000        0.00000
wrapping first mol.:      -75.66709        0.00000        0.00000
wrapping first mol.:      -75.66709        0.00000        0.00000
wrapping first mol.:      -75.78974        0.00000        0.00000
wrapping first mol.:      -75.78974        0.00000        0.00000

 NSTEP =  7550000   TIME(PS) =   16800.000  TEMP(K) =   301.65  PRESS =     0.0
 Etot   =   -116752.8119  EKtot   =     20633.9082  EPtot      =   -137386.7201
 BOND   =       577.0713  ANGLE   =      1551.2617  DIHED      =      1038.0088
 UB     =         0.0000  IMP     =         0.0000  CMAP       =       138.6402
 1-4 NB =       652.7681  1-4 EEL =      5909.6078  VDWAALS    =     16380.7559
 EELEC  =   -163634.8339  EHBOND  =         0.0000  RESTRAINT  =         0.0000
 EKCMT  =         0.0000  VIRIAL  =         0.0000  VOLUME     =    335126.9910
                                                    Density    =         1.0281
 ------------------------------------------------------------------------------

wrapping first mol.:      -75.64396        0.00000        0.00000
wrapping first mol.:      -75.64396        0.00000        0.00000
wrapping first mol.:      -75.66079        0.00000        0.00000
wrapping first mol.:      -75.66079        0.00000        0.00000
wrapping first mol.:      -75.84027        0.00000        0.00000
wrapping first mol.:      -75.84027        0.00000        0.00000
wrapping first mol.:      -75.67468        0.00000        0.00000
wrapping first mol.:      -75.67468        0.00000        0.00000
wrapping first mol.:      -75.72566        0.00000        0.00000
wrapping first mol.:      -75.72566        0.00000        0.00000

 NSTEP =  7575000   TIME(PS) =   16850.000  TEMP(K) =   300.84  PRESS =     0.0
 Etot   =   -116830.5385  EKtot   =     20578.7207  EPtot      =   -137409.2592
 BOND   =       553.9700  ANGLE   =      1533.9803  DIHED      =       991.2150
 UB     =         0.0000  IMP     =         0.0000  CMAP       =       145.8931
 1-4 NB =       648.2009  1-4 EEL =      5920.4374  VDWAALS    =     16462.8122
 EELEC  =   -163665.7681  EHBOND  =         0.0000  RESTRAINT  =         0.0000
 EKCMT  =         0.0000  VIRIAL  =         0.0000  VOLUME     =    334277.6999
                                                    Density    =         1.0307
 ------------------------------------------------------------------------------

wrapping first mol.:      -75.80902        0.00000        0.00000
wrapping first mol.:      -75.80902        0.00000        0.00000
wrapping first mol.:      -75.66612        0.00000        0.00000
wrapping first mol.:      -75.66612        0.00000        0.00000
wrapping first mol.:      -75.80875        0.00000        0.00000
wrapping first mol.:      -75.80875        0.00000        0.00000
wrapping first mol.:      -75.69372        0.00000        0.00000
wrapping first mol.:      -75.69372        0.00000        0.00000
wrapping first mol.:      -75.67547        0.00000        0.00000
wrapping first mol.:      -75.67547        0.00000        0.00000

 NSTEP =  7600000   TIME(PS) =   16900.000  TEMP(K) =   299.08  PRESS =     0.0
 Etot   =   -117165.7718  EKtot   =     20457.9492  EPtot      =   -137623.7210
 BOND   =       538.6437  ANGLE   =      1542.3326  DIHED      =       980.4308
 UB     =         0.0000  IMP     =         0.0000  CMAP       =       148.0200
 1-4 NB =       643.9858  1-4 EEL =      5926.3256  VDWAALS    =     16440.8225
 EELEC  =   -163844.2821  EHBOND  =         0.0000  RESTRAINT  =         0.0000
 EKCMT  =         0.0000  VIRIAL  =         0.0000  VOLUME     =    333613.3720
                                                    Density    =         1.0327
 ------------------------------------------------------------------------------

wrapping first mol.:      -75.69295        0.00000        0.00000
wrapping first mol.:      -75.69295        0.00000        0.00000
wrapping first mol.:      -75.70644        0.00000        0.00000
wrapping first mol.:      -75.70644        0.00000        0.00000
wrapping first mol.:      -75.70734        0.00000        0.00000
wrapping first mol.:      -75.70734        0.00000        0.00000
wrapping first mol.:      -75.66695        0.00000        0.00000
wrapping first mol.:      -75.66695        0.00000        0.00000
wrapping first mol.:      -75.73536        0.00000        0.00000
wrapping first mol.:      -75.73536        0.00000        0.00000

 NSTEP =  7625000   TIME(PS) =   16950.000  TEMP(K) =   299.36  PRESS =     0.0
 Etot   =   -117072.6293  EKtot   =     20477.2285  EPtot      =   -137549.8578
 BOND   =       570.7403  ANGLE   =      1470.1768  DIHED      =       975.1429
 UB     =         0.0000  IMP     =         0.0000  CMAP       =       144.5569
 1-4 NB =       646.1000  1-4 EEL =      5868.6498  VDWAALS    =     16316.7287
 EELEC  =   -163541.9532  EHBOND  =         0.0000  RESTRAINT  =         0.0000
 EKCMT  =         0.0000  VIRIAL  =         0.0000  VOLUME     =    334406.0841
                                                    Density    =         1.0303
 ------------------------------------------------------------------------------

wrapping first mol.:      -75.76773        0.00000        0.00000
wrapping first mol.:      -75.76773        0.00000        0.00000
wrapping first mol.:      -75.66820        0.00000        0.00000
wrapping first mol.:      -75.66820        0.00000        0.00000
wrapping first mol.:      -75.71479        0.00000        0.00000
wrapping first mol.:      -75.71479        0.00000        0.00000
wrapping first mol.:      -75.75214        0.00000        0.00000
wrapping first mol.:      -75.75214        0.00000        0.00000
wrapping first mol.:      -75.66402        0.00000        0.00000
wrapping first mol.:      -75.66402        0.00000        0.00000

 NSTEP =  7650000   TIME(PS) =   17000.000  TEMP(K) =   300.01  PRESS =     0.0
 Etot   =   -117069.5180  EKtot   =     20521.9102  EPtot      =   -137591.4281
 BOND   =       551.5972  ANGLE   =      1561.8659  DIHED      =      1001.9050
 UB     =         0.0000  IMP     =         0.0000  CMAP       =       140.5195
 1-4 NB =       657.3487  1-4 EEL =      5896.3786  VDWAALS    =     16461.0635
 EELEC  =   -163862.1067  EHBOND  =         0.0000  RESTRAINT  =         0.0000
 EKCMT  =         0.0000  VIRIAL  =         0.0000  VOLUME     =    333462.0151
                                                    Density    =         1.0332
 ------------------------------------------------------------------------------

wrapping first mol.:      -75.61401        0.00000        0.00000
wrapping first mol.:      -75.61401        0.00000        0.00000
wrapping first mol.:      -75.70057        0.00000        0.00000
wrapping first mol.:      -75.70057        0.00000        0.00000

 NSTEP =  7675000   TIME(PS) =   17050.000  TEMP(K) =   299.55  PRESS =     0.0
 Etot   =   -117012.9288  EKtot   =     20490.0234  EPtot      =   -137502.9522
 BOND   =       554.1784  ANGLE   =      1522.5179  DIHED      =       990.8367
 UB     =         0.0000  IMP     =         0.0000  CMAP       =       146.6955
 1-4 NB =       635.9837  1-4 EEL =      5873.4993  VDWAALS    =     16416.4233
 EELEC  =   -163643.0870  EHBOND  =         0.0000  RESTRAINT  =         0.0000
 EKCMT  =         0.0000  VIRIAL  =         0.0000  VOLUME     =    334811.3257
                                                    Density    =         1.0290
 ------------------------------------------------------------------------------

wrapping first mol.:      -75.70624        0.00000        0.00000
wrapping first mol.:      -75.70624        0.00000        0.00000

 NSTEP =  7700000   TIME(PS) =   17100.000  TEMP(K) =   298.65  PRESS =     0.0
 Etot   =   -116997.2606  EKtot   =     20428.2949  EPtot      =   -137425.5556
 BOND   =       559.8359  ANGLE   =      1504.1520  DIHED      =      1024.9275
 UB     =         0.0000  IMP     =         0.0000  CMAP       =       147.7400
 1-4 NB =       639.4302  1-4 EEL =      5872.7549  VDWAALS    =     16528.4072
 EELEC  =   -163702.8031  EHBOND  =         0.0000  RESTRAINT  =         0.0000
 EKCMT  =         0.0000  VIRIAL  =         0.0000  VOLUME     =    333015.6055
                                                    Density    =         1.0346
 ------------------------------------------------------------------------------

wrapping first mol.:      -75.70833        0.00000        0.00000
wrapping first mol.:      -75.70833        0.00000        0.00000

 NSTEP =  7725000   TIME(PS) =   17150.000  TEMP(K) =   298.20  PRESS =     0.0
 Etot   =   -117230.6421  EKtot   =     20398.0566  EPtot      =   -137628.6988
 BOND   =       599.8250  ANGLE   =      1516.5742  DIHED      =       999.8677
 UB     =         0.0000  IMP     =         0.0000  CMAP       =       142.1287
 1-4 NB =       642.8549  1-4 EEL =      5861.7987  VDWAALS    =     16207.8660
 EELEC  =   -163599.6141  EHBOND  =         0.0000  RESTRAINT  =         0.0000
 EKCMT  =         0.0000  VIRIAL  =         0.0000  VOLUME     =    334238.5544
                                                    Density    =         1.0308
 ------------------------------------------------------------------------------


 NSTEP =  7750000   TIME(PS) =   17200.000  TEMP(K) =   297.83  PRESS =     0.0
 Etot   =   -117402.5126  EKtot   =     20372.3711  EPtot      =   -137774.8837
 BOND   =       545.4927  ANGLE   =      1494.2178  DIHED      =       998.0262
 UB     =         0.0000  IMP     =         0.0000  CMAP       =       138.1411
 1-4 NB =       643.7121  1-4 EEL =      5887.9125  VDWAALS    =     16254.3479
 EELEC  =   -163736.7339  EHBOND  =         0.0000  RESTRAINT  =         0.0000
 EKCMT  =         0.0000  VIRIAL  =         0.0000  VOLUME     =    334539.8275
                                                    Density    =         1.0299
 ------------------------------------------------------------------------------


 NSTEP =  7775000   TIME(PS) =   17250.000  TEMP(K) =   299.56  PRESS =     0.0
 Etot   =   -117265.6645  EKtot   =     20490.9453  EPtot      =   -137756.6098
 BOND   =       573.3449  ANGLE   =      1528.2479  DIHED      =      1032.7509
 UB     =         0.0000  IMP     =         0.0000  CMAP       =       152.3994
 1-4 NB =       650.9800  1-4 EEL =      5873.8938  VDWAALS    =     16407.2403
 EELEC  =   -163975.4670  EHBOND  =         0.0000  RESTRAINT  =         0.0000
 EKCMT  =         0.0000  VIRIAL  =         0.0000  VOLUME     =    335111.9463
                                                    Density    =         1.0281
 ------------------------------------------------------------------------------


 NSTEP =  7800000   TIME(PS) =   17300.000  TEMP(K) =   299.98  PRESS =     0.0
 Etot   =   -116984.4167  EKtot   =     20519.4062  EPtot      =   -137503.8229
 BOND   =       591.0852  ANGLE   =      1493.9312  DIHED      =       990.1033
 UB     =         0.0000  IMP     =         0.0000  CMAP       =       134.7870
 1-4 NB =       651.8664  1-4 EEL =      5918.1761  VDWAALS    =     16419.6508
 EELEC  =   -163703.4230  EHBOND  =         0.0000  RESTRAINT  =         0.0000
 EKCMT  =         0.0000  VIRIAL  =         0.0000  VOLUME     =    334523.3265
                                                    Density    =         1.0299
 ------------------------------------------------------------------------------


 NSTEP =  7825000   TIME(PS) =   17350.000  TEMP(K) =   301.16  PRESS =     0.0
 Etot   =   -116832.9513  EKtot   =     20599.9512  EPtot      =   -137432.9025
 BOND   =       591.1701  ANGLE   =      1555.4285  DIHED      =       989.2368
 UB     =         0.0000  IMP     =         0.0000  CMAP       =       149.5344
 1-4 NB =       623.1580  1-4 EEL =      5904.4070  VDWAALS    =     16439.9297
 EELEC  =   -163685.7671  EHBOND  =         0.0000  RESTRAINT  =         0.0000
 EKCMT  =         0.0000  VIRIAL  =         0.0000  VOLUME     =    334890.1031
                                                    Density    =         1.0288
 ------------------------------------------------------------------------------


 NSTEP =  7850000   TIME(PS) =   17400.000  TEMP(K) =   300.48  PRESS =     0.0
 Etot   =   -117122.0097  EKtot   =     20553.9922  EPtot      =   -137676.0019
 BOND   =       543.6835  ANGLE   =      1478.9964  DIHED      =      1029.4580
 UB     =         0.0000  IMP     =         0.0000  CMAP       =       136.8520
 1-4 NB =       645.6648  1-4 EEL =      5943.1236  VDWAALS    =     16573.5622
 EELEC  =   -164027.3424  EHBOND  =         0.0000  RESTRAINT  =         0.0000
 EKCMT  =         0.0000  VIRIAL  =         0.0000  VOLUME     =    333872.5865
                                                    Density    =         1.0319
 ------------------------------------------------------------------------------


 NSTEP =  7875000   TIME(PS) =   17450.000  TEMP(K) =   298.14  PRESS =     0.0
 Etot   =   -117337.7571  EKtot   =     20393.8652  EPtot      =   -137731.6223
 BOND   =       609.2966  ANGLE   =      1494.2358  DIHED      =      1050.6756
 UB     =         0.0000  IMP     =         0.0000  CMAP       =       131.3458
 1-4 NB =       672.8120  1-4 EEL =      5954.1080  VDWAALS    =     16823.1839
 EELEC  =   -164467.2800  EHBOND  =         0.0000  RESTRAINT  =         0.0000
 EKCMT  =         0.0000  VIRIAL  =         0.0000  VOLUME     =    333742.7645
                                                    Density    =         1.0323
 ------------------------------------------------------------------------------


 NSTEP =  7900000   TIME(PS) =   17500.000  TEMP(K) =   300.21  PRESS =     0.0
 Etot   =   -116563.1331  EKtot   =     20535.2266  EPtot      =   -137098.3596
 BOND   =       570.5642  ANGLE   =      1570.6509  DIHED      =       990.7457
 UB     =         0.0000  IMP     =         0.0000  CMAP       =       142.0740
 1-4 NB =       632.9614  1-4 EEL =      5896.2069  VDWAALS    =     16319.3572
 EELEC  =   -163220.9199  EHBOND  =         0.0000  RESTRAINT  =         0.0000
 EKCMT  =         0.0000  VIRIAL  =         0.0000  VOLUME     =    334693.1919
                                                    Density    =         1.0294
 ------------------------------------------------------------------------------


 NSTEP =  7925000   TIME(PS) =   17550.000  TEMP(K) =   298.84  PRESS =     0.0
 Etot   =   -117421.9516  EKtot   =     20441.3164  EPtot      =   -137863.2680
 BOND   =       545.0157  ANGLE   =      1537.6864  DIHED      =      1004.9830
 UB     =         0.0000  IMP     =         0.0000  CMAP       =       142.2200
 1-4 NB =       630.2838  1-4 EEL =      5969.6674  VDWAALS    =     16464.3777
 EELEC  =   -164157.5020  EHBOND  =         0.0000  RESTRAINT  =         0.0000
 EKCMT  =         0.0000  VIRIAL  =         0.0000  VOLUME     =    334051.6837
                                                    Density    =         1.0314
 ------------------------------------------------------------------------------


 NSTEP =  7950000   TIME(PS) =   17600.000  TEMP(K) =   302.81  PRESS =     0.0
 Etot   =   -116887.5196  EKtot   =     20713.0781  EPtot      =   -137600.5978
 BOND   =       569.7042  ANGLE   =      1536.3547  DIHED      =      1007.8542
 UB     =         0.0000  IMP     =         0.0000  CMAP       =       142.6480
 1-4 NB =       647.9824  1-4 EEL =      5878.0016  VDWAALS    =     16119.5077
 EELEC  =   -163502.6506  EHBOND  =         0.0000  RESTRAINT  =         0.0000
 EKCMT  =         0.0000  VIRIAL  =         0.0000  VOLUME     =    334644.8780
                                                    Density    =         1.0295
 ------------------------------------------------------------------------------


 NSTEP =  7975000   TIME(PS) =   17650.000  TEMP(K) =   299.63  PRESS =     0.0
 Etot   =   -117016.5355  EKtot   =     20495.3672  EPtot      =   -137511.9027
 BOND   =       573.8088  ANGLE   =      1528.2492  DIHED      =      1002.5783
 UB     =         0.0000  IMP     =         0.0000  CMAP       =       143.3577
 1-4 NB =       630.9665  1-4 EEL =      5907.0263  VDWAALS    =     16232.2297
 EELEC  =   -163530.1192  EHBOND  =         0.0000  RESTRAINT  =         0.0000
 EKCMT  =         0.0000  VIRIAL  =         0.0000  VOLUME     =    333698.3059
                                                    Density    =         1.0325
 ------------------------------------------------------------------------------


 NSTEP =  8000000   TIME(PS) =   17700.000  TEMP(K) =   299.44  PRESS =     0.0
 Etot   =   -116922.5286  EKtot   =     20482.8281  EPtot      =   -137405.3567
 BOND   =       559.5110  ANGLE   =      1505.4866  DIHED      =       987.3382
 UB     =         0.0000  IMP     =         0.0000  CMAP       =       147.5040
 1-4 NB =       638.9357  1-4 EEL =      5882.9157  VDWAALS    =     16451.1517
 EELEC  =   -163578.1997  EHBOND  =         0.0000  RESTRAINT  =         0.0000
 EKCMT  =         0.0000  VIRIAL  =         0.0000  VOLUME     =    333951.6777
                                                    Density    =         1.0317
 ------------------------------------------------------------------------------


 NSTEP =  8025000   TIME(PS) =   17750.000  TEMP(K) =   299.27  PRESS =     0.0
 Etot   =   -117260.2620  EKtot   =     20470.8262  EPtot      =   -137731.0882
 BOND   =       575.6057  ANGLE   =      1518.5285  DIHED      =       975.2471
 UB     =         0.0000  IMP     =         0.0000  CMAP       =       145.7841
 1-4 NB =       650.8224  1-4 EEL =      5947.2914  VDWAALS    =     16410.7468
 EELEC  =   -163955.1142  EHBOND  =         0.0000  RESTRAINT  =         0.0000
 EKCMT  =         0.0000  VIRIAL  =         0.0000  VOLUME     =    334326.2163
                                                    Density    =         1.0305
 ------------------------------------------------------------------------------


 NSTEP =  8050000   TIME(PS) =   17800.000  TEMP(K) =   299.43  PRESS =     0.0
 Etot   =   -117001.6982  EKtot   =     20481.8438  EPtot      =   -137483.5420
 BOND   =       551.8126  ANGLE   =      1528.7888  DIHED      =       987.5024
 UB     =         0.0000  IMP     =         0.0000  CMAP       =       141.6684
 1-4 NB =       652.9425  1-4 EEL =      5942.5820  VDWAALS    =     16327.4005
 EELEC  =   -163616.2391  EHBOND  =         0.0000  RESTRAINT  =         0.0000
 EKCMT  =         0.0000  VIRIAL  =         0.0000  VOLUME     =    334067.6381
                                                    Density    =         1.0313
 ------------------------------------------------------------------------------


 NSTEP =  8075000   TIME(PS) =   17850.000  TEMP(K) =   302.16  PRESS =     0.0
 Etot   =   -116843.3053  EKtot   =     20668.9609  EPtot      =   -137512.2662
 BOND   =       570.2707  ANGLE   =      1577.2088  DIHED      =      1005.1893
 UB     =         0.0000  IMP     =         0.0000  CMAP       =       132.3466
 1-4 NB =       651.9825  1-4 EEL =      5921.3755  VDWAALS    =     16219.1235
 EELEC  =   -163589.7632  EHBOND  =         0.0000  RESTRAINT  =         0.0000
 EKCMT  =         0.0000  VIRIAL  =         0.0000  VOLUME     =    333723.6673
                                                    Density    =         1.0324
 ------------------------------------------------------------------------------

wrapping first mol.:      -75.64308        0.00000        0.00000
wrapping first mol.:      -75.64308        0.00000        0.00000
wrapping first mol.:      -75.67845        0.00000        0.00000
wrapping first mol.:      -75.67845        0.00000        0.00000

 NSTEP =  8100000   TIME(PS) =   17900.000  TEMP(K) =   300.96  PRESS =     0.0
 Etot   =   -117030.5547  EKtot   =     20586.7148  EPtot      =   -137617.2695
 BOND   =       600.8334  ANGLE   =      1537.7496  DIHED      =       989.2894
 UB     =         0.0000  IMP     =         0.0000  CMAP       =       134.9680
 1-4 NB =       633.2014  1-4 EEL =      5898.4567  VDWAALS    =     16596.2845
 EELEC  =   -164008.0524  EHBOND  =         0.0000  RESTRAINT  =         0.0000
 EKCMT  =         0.0000  VIRIAL  =         0.0000  VOLUME     =    335236.6233
                                                    Density    =         1.0277
 ------------------------------------------------------------------------------

wrapping first mol.:      -75.72825        0.00000        0.00000
wrapping first mol.:      -75.72825        0.00000        0.00000
wrapping first mol.:      -75.66692        0.00000        0.00000
wrapping first mol.:      -75.66692        0.00000        0.00000
wrapping first mol.:      -75.69350        0.00000        0.00000
wrapping first mol.:      -75.69350        0.00000        0.00000
wrapping first mol.:      -75.65879        0.00000        0.00000
wrapping first mol.:      -75.65879        0.00000        0.00000

 NSTEP =  8125000   TIME(PS) =   17950.000  TEMP(K) =   302.70  PRESS =     0.0
 Etot   =   -116765.5953  EKtot   =     20705.4141  EPtot      =   -137471.0094
 BOND   =       557.8996  ANGLE   =      1519.3841  DIHED      =      1016.2575
 UB     =         0.0000  IMP     =         0.0000  CMAP       =       130.8618
 1-4 NB =       661.7504  1-4 EEL =      5998.6857  VDWAALS    =     16285.0934
 EELEC  =   -163640.9419  EHBOND  =         0.0000  RESTRAINT  =         0.0000
 EKCMT  =         0.0000  VIRIAL  =         0.0000  VOLUME     =    333392.9052
                                                    Density    =         1.0334
 ------------------------------------------------------------------------------

wrapping first mol.:      -75.79418        0.00000        0.00000
wrapping first mol.:      -75.79418        0.00000        0.00000
wrapping first mol.:      -75.65972        0.00000        0.00000
wrapping first mol.:      -75.65972        0.00000        0.00000

 NSTEP =  8150000   TIME(PS) =   18000.000  TEMP(K) =   298.97  PRESS =     0.0
 Etot   =   -116980.8409  EKtot   =     20450.4297  EPtot      =   -137431.2706
 BOND   =       587.6002  ANGLE   =      1550.3409  DIHED      =       994.5648
 UB     =         0.0000  IMP     =         0.0000  CMAP       =       136.2833
 1-4 NB =       636.9161  1-4 EEL =      5894.1915  VDWAALS    =     16477.0506
 EELEC  =   -163708.2180  EHBOND  =         0.0000  RESTRAINT  =         0.0000
 EKCMT  =         0.0000  VIRIAL  =         0.0000  VOLUME     =    333846.9906
                                                    Density    =         1.0320
 ------------------------------------------------------------------------------


 NSTEP =  8175000   TIME(PS) =   18050.000  TEMP(K) =   299.27  PRESS =     0.0
 Etot   =   -116947.0582  EKtot   =     20470.8145  EPtot      =   -137417.8726
 BOND   =       569.3740  ANGLE   =      1512.7217  DIHED      =       996.5339
 UB     =         0.0000  IMP     =         0.0000  CMAP       =       143.0011
 1-4 NB =       636.8124  1-4 EEL =      5988.6739  VDWAALS    =     16039.1189
 EELEC  =   -163304.1085  EHBOND  =         0.0000  RESTRAINT  =         0.0000
 EKCMT  =         0.0000  VIRIAL  =         0.0000  VOLUME     =    334448.2857
                                                    Density    =         1.0302
 ------------------------------------------------------------------------------


 NSTEP =  8200000   TIME(PS) =   18100.000  TEMP(K) =   299.42  PRESS =     0.0
 Etot   =   -117576.0909  EKtot   =     20481.1543  EPtot      =   -138057.2452
 BOND   =       565.5565  ANGLE   =      1511.5614  DIHED      =       980.7480
 UB     =         0.0000  IMP     =         0.0000  CMAP       =       140.7677
 1-4 NB =       640.2636  1-4 EEL =      5900.1635  VDWAALS    =     16623.2598
 EELEC  =   -164419.5657  EHBOND  =         0.0000  RESTRAINT  =         0.0000
 EKCMT  =         0.0000  VIRIAL  =         0.0000  VOLUME     =    333934.4075
                                                    Density    =         1.0317
 ------------------------------------------------------------------------------


 NSTEP =  8225000   TIME(PS) =   18150.000  TEMP(K) =   301.67  PRESS =     0.0
 Etot   =   -116976.3850  EKtot   =     20635.2441  EPtot      =   -137611.6292
 BOND   =       552.7007  ANGLE   =      1480.9167  DIHED      =       990.8399
 UB     =         0.0000  IMP     =         0.0000  CMAP       =       137.1862
 1-4 NB =       647.8348  1-4 EEL =      5932.9028  VDWAALS    =     16734.2081
 EELEC  =   -164088.2183  EHBOND  =         0.0000  RESTRAINT  =         0.0000
 EKCMT  =         0.0000  VIRIAL  =         0.0000  VOLUME     =    333359.4670
                                                    Density    =         1.0335
 ------------------------------------------------------------------------------


 NSTEP =  8250000   TIME(PS) =   18200.000  TEMP(K) =   298.52  PRESS =     0.0
 Etot   =   -116922.1950  EKtot   =     20419.3672  EPtot      =   -137341.5622
 BOND   =       558.0982  ANGLE   =      1477.4421  DIHED      =      1000.0904
 UB     =         0.0000  IMP     =         0.0000  CMAP       =       135.9463
 1-4 NB =       648.3853  1-4 EEL =      5945.4119  VDWAALS    =     16335.8530
 EELEC  =   -163442.7894  EHBOND  =         0.0000  RESTRAINT  =         0.0000
 EKCMT  =         0.0000  VIRIAL  =         0.0000  VOLUME     =    333500.3223
                                                    Density    =         1.0331
 ------------------------------------------------------------------------------


 NSTEP =  8275000   TIME(PS) =   18250.000  TEMP(K) =   299.71  PRESS =     0.0
 Etot   =   -117040.6338  EKtot   =     20501.1602  EPtot      =   -137541.7939
 BOND   =       606.2388  ANGLE   =      1466.4171  DIHED      =       973.8125
 UB     =         0.0000  IMP     =         0.0000  CMAP       =       137.4339
 1-4 NB =       636.8960  1-4 EEL =      5877.9545  VDWAALS    =     16347.8081
 EELEC  =   -163588.3548  EHBOND  =         0.0000  RESTRAINT  =         0.0000
 EKCMT  =         0.0000  VIRIAL  =         0.0000  VOLUME     =    333709.3321
                                                    Density    =         1.0324
 ------------------------------------------------------------------------------


 NSTEP =  8300000   TIME(PS) =   18300.000  TEMP(K) =   300.41  PRESS =     0.0
 Etot   =   -117114.2881  EKtot   =     20548.7363  EPtot      =   -137663.0245
 BOND   =       565.8941  ANGLE   =      1481.6043  DIHED      =       996.3275
 UB     =         0.0000  IMP     =         0.0000  CMAP       =       136.3126
 1-4 NB =       644.3719  1-4 EEL =      5883.0708  VDWAALS    =     16572.8352
 EELEC  =   -163943.4409  EHBOND  =         0.0000  RESTRAINT  =         0.0000
 EKCMT  =         0.0000  VIRIAL  =         0.0000  VOLUME     =    334379.6407
                                                    Density    =         1.0304
 ------------------------------------------------------------------------------


 NSTEP =  8325000   TIME(PS) =   18350.000  TEMP(K) =   300.63  PRESS =     0.0
 Etot   =   -116979.4538  EKtot   =     20564.0059  EPtot      =   -137543.4596
 BOND   =       565.4949  ANGLE   =      1521.2820  DIHED      =       983.4348
 UB     =         0.0000  IMP     =         0.0000  CMAP       =       128.5308
 1-4 NB =       659.2928  1-4 EEL =      5928.1649  VDWAALS    =     16722.6222
 EELEC  =   -164052.2819  EHBOND  =         0.0000  RESTRAINT  =         0.0000
 EKCMT  =         0.0000  VIRIAL  =         0.0000  VOLUME     =    334334.5517
                                                    Density    =         1.0305
 ------------------------------------------------------------------------------


 NSTEP =  8350000   TIME(PS) =   18400.000  TEMP(K) =   300.79  PRESS =     0.0
 Etot   =   -117182.2701  EKtot   =     20575.0527  EPtot      =   -137757.3228
 BOND   =       563.1001  ANGLE   =      1536.3321  DIHED      =       982.7497
 UB     =         0.0000  IMP     =         0.0000  CMAP       =       148.9336
 1-4 NB =       641.6167  1-4 EEL =      5898.0807  VDWAALS    =     16235.7750
 EELEC  =   -163763.9106  EHBOND  =         0.0000  RESTRAINT  =         0.0000
 EKCMT  =         0.0000  VIRIAL  =         0.0000  VOLUME     =    334272.0522
                                                    Density    =         1.0307
 ------------------------------------------------------------------------------


 NSTEP =  8375000   TIME(PS) =   18450.000  TEMP(K) =   298.55  PRESS =     0.0
 Etot   =   -117006.7542  EKtot   =     20421.4102  EPtot      =   -137428.1643
 BOND   =       573.2643  ANGLE   =      1498.0178  DIHED      =       997.1090
 UB     =         0.0000  IMP     =         0.0000  CMAP       =       136.1841
 1-4 NB =       638.5797  1-4 EEL =      5911.3288  VDWAALS    =     16294.2244
 EELEC  =   -163476.8724  EHBOND  =         0.0000  RESTRAINT  =         0.0000
 EKCMT  =         0.0000  VIRIAL  =         0.0000  VOLUME     =    334276.1498
                                                    Density    =         1.0307
 ------------------------------------------------------------------------------


 NSTEP =  8400000   TIME(PS) =   18500.000  TEMP(K) =   300.34  PRESS =     0.0
 Etot   =   -117105.0940  EKtot   =     20543.9355  EPtot      =   -137649.0295
 BOND   =       582.4923  ANGLE   =      1572.8616  DIHED      =       984.7068
 UB     =         0.0000  IMP     =         0.0000  CMAP       =       136.8851
 1-4 NB =       646.9773  1-4 EEL =      5849.7851  VDWAALS    =     16280.5936
 EELEC  =   -163703.3314  EHBOND  =         0.0000  RESTRAINT  =         0.0000
 EKCMT  =         0.0000  VIRIAL  =         0.0000  VOLUME     =    334935.3652
                                                    Density    =         1.0287
 ------------------------------------------------------------------------------


 NSTEP =  8425000   TIME(PS) =   18550.000  TEMP(K) =   301.78  PRESS =     0.0
 Etot   =   -117160.0975  EKtot   =     20642.9863  EPtot      =   -137803.0838
 BOND   =       608.5429  ANGLE   =      1493.1940  DIHED      =       976.8453
 UB     =         0.0000  IMP     =         0.0000  CMAP       =       140.2999
 1-4 NB =       644.4230  1-4 EEL =      5919.7691  VDWAALS    =     16616.2461
 EELEC  =   -164202.4039  EHBOND  =         0.0000  RESTRAINT  =         0.0000
 EKCMT  =         0.0000  VIRIAL  =         0.0000  VOLUME     =    333339.8810
                                                    Density    =         1.0336
 ------------------------------------------------------------------------------


 NSTEP =  8450000   TIME(PS) =   18600.000  TEMP(K) =   298.83  PRESS =     0.0
 Etot   =   -117305.6266  EKtot   =     20440.9219  EPtot      =   -137746.5485
 BOND   =       564.1403  ANGLE   =      1531.3236  DIHED      =      1004.5258
 UB     =         0.0000  IMP     =         0.0000  CMAP       =       142.2910
 1-4 NB =       642.0571  1-4 EEL =      5925.9733  VDWAALS    =     16494.5345
 EELEC  =   -164051.3941  EHBOND  =         0.0000  RESTRAINT  =         0.0000
 EKCMT  =         0.0000  VIRIAL  =         0.0000  VOLUME     =    333976.5826
                                                    Density    =         1.0316
 ------------------------------------------------------------------------------


 NSTEP =  8475000   TIME(PS) =   18650.000  TEMP(K) =   299.88  PRESS =     0.0
 Etot   =   -117052.4993  EKtot   =     20512.9375  EPtot      =   -137565.4368
 BOND   =       552.7902  ANGLE   =      1554.3403  DIHED      =       982.9001
 UB     =         0.0000  IMP     =         0.0000  CMAP       =       146.9819
 1-4 NB =       634.4293  1-4 EEL =      5912.1177  VDWAALS    =     16438.1817
 EELEC  =   -163787.1779  EHBOND  =         0.0000  RESTRAINT  =         0.0000
 EKCMT  =         0.0000  VIRIAL  =         0.0000  VOLUME     =    334936.2521
                                                    Density    =         1.0287
 ------------------------------------------------------------------------------


 NSTEP =  8500000   TIME(PS) =   18700.000  TEMP(K) =   301.57  PRESS =     0.0
 Etot   =   -116804.0979  EKtot   =     20628.0156  EPtot      =   -137432.1135
 BOND   =       552.4074  ANGLE   =      1522.6308  DIHED      =      1004.3763
 UB     =         0.0000  IMP     =         0.0000  CMAP       =       138.5120
 1-4 NB =       661.2194  1-4 EEL =      5919.4894  VDWAALS    =     15907.5580
 EELEC  =   -163138.3069  EHBOND  =         0.0000  RESTRAINT  =         0.0000
 EKCMT  =         0.0000  VIRIAL  =         0.0000  VOLUME     =    333693.2068
                                                    Density    =         1.0325
 ------------------------------------------------------------------------------


 NSTEP =  8525000   TIME(PS) =   18750.000  TEMP(K) =   298.01  PRESS =     0.0
 Etot   =   -117200.5155  EKtot   =     20384.9238  EPtot      =   -137585.4393
 BOND   =       565.6299  ANGLE   =      1509.7913  DIHED      =       987.1370
 UB     =         0.0000  IMP     =         0.0000  CMAP       =       144.3260
 1-4 NB =       655.4860  1-4 EEL =      5898.4237  VDWAALS    =     16663.0445
 EELEC  =   -164009.2775  EHBOND  =         0.0000  RESTRAINT  =         0.0000
 EKCMT  =         0.0000  VIRIAL  =         0.0000  VOLUME     =    333520.6785
                                                    Density    =         1.0330
 ------------------------------------------------------------------------------


 NSTEP =  8550000   TIME(PS) =   18800.000  TEMP(K) =   298.78  PRESS =     0.0
 Etot   =   -117146.6713  EKtot   =     20437.5625  EPtot      =   -137584.2338
 BOND   =       571.4632  ANGLE   =      1564.5804  DIHED      =       987.0457
 UB     =         0.0000  IMP     =         0.0000  CMAP       =       143.1191
 1-4 NB =       648.9511  1-4 EEL =      5881.6338  VDWAALS    =     16637.4408
 EELEC  =   -164018.4679  EHBOND  =         0.0000  RESTRAINT  =         0.0000
 EKCMT  =         0.0000  VIRIAL  =         0.0000  VOLUME     =    333980.6439
                                                    Density    =         1.0316
 ------------------------------------------------------------------------------


 NSTEP =  8575000   TIME(PS) =   18850.000  TEMP(K) =   298.21  PRESS =     0.0
 Etot   =   -117003.5109  EKtot   =     20398.4141  EPtot      =   -137401.9250
 BOND   =       541.2851  ANGLE   =      1508.2505  DIHED      =       981.3215
 UB     =         0.0000  IMP     =         0.0000  CMAP       =       136.4055
 1-4 NB =       652.0478  1-4 EEL =      5921.6110  VDWAALS    =     16180.2413
 EELEC  =   -163323.0878  EHBOND  =         0.0000  RESTRAINT  =         0.0000
 EKCMT  =         0.0000  VIRIAL  =         0.0000  VOLUME     =    335371.8269
                                                    Density    =         1.0273
 ------------------------------------------------------------------------------


 NSTEP =  8600000   TIME(PS) =   18900.000  TEMP(K) =   300.67  PRESS =     0.0
 Etot   =   -117156.9579  EKtot   =     20566.4336  EPtot      =   -137723.3915
 BOND   =       572.8784  ANGLE   =      1508.3187  DIHED      =       979.3644
 UB     =         0.0000  IMP     =         0.0000  CMAP       =       151.0415
 1-4 NB =       632.3171  1-4 EEL =      5883.6409  VDWAALS    =     16289.4301
 EELEC  =   -163740.3825  EHBOND  =         0.0000  RESTRAINT  =         0.0000
 EKCMT  =         0.0000  VIRIAL  =         0.0000  VOLUME     =    333875.8157
                                                    Density    =         1.0319
 ------------------------------------------------------------------------------


 NSTEP =  8625000   TIME(PS) =   18950.000  TEMP(K) =   299.61  PRESS =     0.0
 Etot   =   -116613.5694  EKtot   =     20494.4121  EPtot      =   -137107.9815
 BOND   =       550.2042  ANGLE   =      1485.1776  DIHED      =       989.9170
 UB     =         0.0000  IMP     =         0.0000  CMAP       =       137.5581
 1-4 NB =       631.8578  1-4 EEL =      5937.1414  VDWAALS    =     15909.7335
 EELEC  =   -162749.5712  EHBOND  =         0.0000  RESTRAINT  =         0.0000
 EKCMT  =         0.0000  VIRIAL  =         0.0000  VOLUME     =    334721.5299
                                                    Density    =         1.0293
 ------------------------------------------------------------------------------


 NSTEP =  8650000   TIME(PS) =   19000.000  TEMP(K) =   298.15  PRESS =     0.0
 Etot   =   -117320.7242  EKtot   =     20394.6816  EPtot      =   -137715.4058
 BOND   =       570.5819  ANGLE   =      1537.7599  DIHED      =       984.6563
 UB     =         0.0000  IMP     =         0.0000  CMAP       =       136.8999
 1-4 NB =       644.9044  1-4 EEL =      5849.8736  VDWAALS    =     16823.6402
 EELEC  =   -164263.7220  EHBOND  =         0.0000  RESTRAINT  =         0.0000
 EKCMT  =         0.0000  VIRIAL  =         0.0000  VOLUME     =    332857.1297
                                                    Density    =         1.0351
 ------------------------------------------------------------------------------


 NSTEP =  8675000   TIME(PS) =   19050.000  TEMP(K) =   300.28  PRESS =     0.0
 Etot   =   -117252.5555  EKtot   =     20540.0801  EPtot      =   -137792.6356
 BOND   =       571.7489  ANGLE   =      1535.3022  DIHED      =       965.7014
 UB     =         0.0000  IMP     =         0.0000  CMAP       =       147.5192
 1-4 NB =       640.6720  1-4 EEL =      5843.0212  VDWAALS    =     16782.3838
 EELEC  =   -164278.9842  EHBOND  =         0.0000  RESTRAINT  =         0.0000
 EKCMT  =         0.0000  VIRIAL  =         0.0000  VOLUME     =    334338.7422
                                                    Density    =         1.0305
 ------------------------------------------------------------------------------


 NSTEP =  8700000   TIME(PS) =   19100.000  TEMP(K) =   301.43  PRESS =     0.0
 Etot   =   -116771.0457  EKtot   =     20618.8164  EPtot      =   -137389.8621
 BOND   =       573.9468  ANGLE   =      1514.2587  DIHED      =      1002.7664
 UB     =         0.0000  IMP     =         0.0000  CMAP       =       152.6798
 1-4 NB =       639.9650  1-4 EEL =      5911.7115  VDWAALS    =     16488.2100
 EELEC  =   -163673.4002  EHBOND  =         0.0000  RESTRAINT  =         0.0000
 EKCMT  =         0.0000  VIRIAL  =         0.0000  VOLUME     =    334589.9369
                                                    Density    =         1.0297
 ------------------------------------------------------------------------------


 NSTEP =  8725000   TIME(PS) =   19150.000  TEMP(K) =   300.41  PRESS =     0.0
 Etot   =   -116885.0747  EKtot   =     20549.1875  EPtot      =   -137434.2622
 BOND   =       591.1277  ANGLE   =      1552.5403  DIHED      =       963.6160
 UB     =         0.0000  IMP     =         0.0000  CMAP       =       143.6033
 1-4 NB =       622.9001  1-4 EEL =      5900.2991  VDWAALS    =     16024.1119
 EELEC  =   -163232.4606  EHBOND  =         0.0000  RESTRAINT  =         0.0000
 EKCMT  =         0.0000  VIRIAL  =         0.0000  VOLUME     =    333851.4149
                                                    Density    =         1.0320
 ------------------------------------------------------------------------------


 NSTEP =  8750000   TIME(PS) =   19200.000  TEMP(K) =   299.34  PRESS =     0.0
 Etot   =   -117176.6576  EKtot   =     20476.0898  EPtot      =   -137652.7474
 BOND   =       581.4308  ANGLE   =      1518.6977  DIHED      =       972.3040
 UB     =         0.0000  IMP     =         0.0000  CMAP       =       144.7603
 1-4 NB =       636.7722  1-4 EEL =      5945.5790  VDWAALS    =     16498.0684
 EELEC  =   -163950.3597  EHBOND  =         0.0000  RESTRAINT  =         0.0000
 EKCMT  =         0.0000  VIRIAL  =         0.0000  VOLUME     =    334213.6907
                                                    Density    =         1.0309
 ------------------------------------------------------------------------------


 NSTEP =  8775000   TIME(PS) =   19250.000  TEMP(K) =   299.40  PRESS =     0.0
 Etot   =   -116826.8616  EKtot   =     20479.6895  EPtot      =   -137306.5511
 BOND   =       545.2914  ANGLE   =      1493.8486  DIHED      =      1031.3575
 UB     =         0.0000  IMP     =         0.0000  CMAP       =       140.8752
 1-4 NB =       641.2765  1-4 EEL =      5941.4982  VDWAALS    =     16302.9241
 EELEC  =   -163403.6227  EHBOND  =         0.0000  RESTRAINT  =         0.0000
 EKCMT  =         0.0000  VIRIAL  =         0.0000  VOLUME     =    333469.9154
                                                    Density    =         1.0332
 ------------------------------------------------------------------------------


 NSTEP =  8800000   TIME(PS) =   19300.000  TEMP(K) =   298.63  PRESS =     0.0
 Etot   =   -117059.2464  EKtot   =     20427.1328  EPtot      =   -137486.3792
 BOND   =       549.4186  ANGLE   =      1499.2223  DIHED      =       985.8941
 UB     =         0.0000  IMP     =         0.0000  CMAP       =       140.5930
 1-4 NB =       645.7199  1-4 EEL =      5828.5592  VDWAALS    =     16259.1139
 EELEC  =   -163394.9001  EHBOND  =         0.0000  RESTRAINT  =         0.0000
 EKCMT  =         0.0000  VIRIAL  =         0.0000  VOLUME     =    333573.1915
                                                    Density    =         1.0329
 ------------------------------------------------------------------------------


 NSTEP =  8825000   TIME(PS) =   19350.000  TEMP(K) =   301.00  PRESS =     0.0
 Etot   =   -117113.7568  EKtot   =     20589.6328  EPtot      =   -137703.3896
 BOND   =       523.0033  ANGLE   =      1529.5830  DIHED      =       978.7993
 UB     =         0.0000  IMP     =         0.0000  CMAP       =       143.0104
 1-4 NB =       643.3150  1-4 EEL =      5932.9377  VDWAALS    =     16177.2004
 EELEC  =   -163631.2386  EHBOND  =         0.0000  RESTRAINT  =         0.0000
 EKCMT  =         0.0000  VIRIAL  =         0.0000  VOLUME     =    332074.7148
                                                    Density    =         1.0375
 ------------------------------------------------------------------------------


 NSTEP =  8850000   TIME(PS) =   19400.000  TEMP(K) =   298.30  PRESS =     0.0
 Etot   =   -117298.5443  EKtot   =     20404.8457  EPtot      =   -137703.3900
 BOND   =       560.3845  ANGLE   =      1496.0903  DIHED      =      1003.1541
 UB     =         0.0000  IMP     =         0.0000  CMAP       =       140.4542
 1-4 NB =       648.4233  1-4 EEL =      5933.5512  VDWAALS    =     16553.1145
 EELEC  =   -164038.5621  EHBOND  =         0.0000  RESTRAINT  =         0.0000
 EKCMT  =         0.0000  VIRIAL  =         0.0000  VOLUME     =    334901.7827
                                                    Density    =         1.0288
 ------------------------------------------------------------------------------


 NSTEP =  8875000   TIME(PS) =   19450.000  TEMP(K) =   300.41  PRESS =     0.0
 Etot   =   -116864.4312  EKtot   =     20549.0020  EPtot      =   -137413.4331
 BOND   =       538.2861  ANGLE   =      1573.0027  DIHED      =       993.1567
 UB     =         0.0000  IMP     =         0.0000  CMAP       =       148.1347
 1-4 NB =       634.2411  1-4 EEL =      5891.4282  VDWAALS    =     16441.9691
 EELEC  =   -163633.6518  EHBOND  =         0.0000  RESTRAINT  =         0.0000
 EKCMT  =         0.0000  VIRIAL  =         0.0000  VOLUME     =    333936.7458
                                                    Density    =         1.0317
 ------------------------------------------------------------------------------


 NSTEP =  8900000   TIME(PS) =   19500.000  TEMP(K) =   300.45  PRESS =     0.0
 Etot   =   -116874.4401  EKtot   =     20551.9277  EPtot      =   -137426.3679
 BOND   =       551.3540  ANGLE   =      1521.5642  DIHED      =       954.2186
 UB     =         0.0000  IMP     =         0.0000  CMAP       =       149.8705
 1-4 NB =       629.5948  1-4 EEL =      5881.7775  VDWAALS    =     16427.1061
 EELEC  =   -163541.8536  EHBOND  =         0.0000  RESTRAINT  =         0.0000
 EKCMT  =         0.0000  VIRIAL  =         0.0000  VOLUME     =    334794.5429
                                                    Density    =         1.0291
 ------------------------------------------------------------------------------


 NSTEP =  8925000   TIME(PS) =   19550.000  TEMP(K) =   301.39  PRESS =     0.0
 Etot   =   -117055.1870  EKtot   =     20616.2676  EPtot      =   -137671.4546
 BOND   =       545.2103  ANGLE   =      1505.6348  DIHED      =      1029.2581
 UB     =         0.0000  IMP     =         0.0000  CMAP       =       142.4001
 1-4 NB =       644.4651  1-4 EEL =      5888.5568  VDWAALS    =     16273.0711
 EELEC  =   -163700.0509  EHBOND  =         0.0000  RESTRAINT  =         0.0000
 EKCMT  =         0.0000  VIRIAL  =         0.0000  VOLUME     =    334340.5368
                                                    Density    =         1.0305
 ------------------------------------------------------------------------------


 NSTEP =  8950000   TIME(PS) =   19600.000  TEMP(K) =   296.51  PRESS =     0.0
 Etot   =   -117442.8275  EKtot   =     20282.1738  EPtot      =   -137725.0013
 BOND   =       574.8897  ANGLE   =      1496.8066  DIHED      =      1006.1637
 UB     =         0.0000  IMP     =         0.0000  CMAP       =       142.4511
 1-4 NB =       660.5697  1-4 EEL =      5902.4849  VDWAALS    =     16333.0550
 EELEC  =   -163841.4220  EHBOND  =         0.0000  RESTRAINT  =         0.0000
 EKCMT  =         0.0000  VIRIAL  =         0.0000  VOLUME     =    333286.5553
                                                    Density    =         1.0337
 ------------------------------------------------------------------------------


 NSTEP =  8975000   TIME(PS) =   19650.000  TEMP(K) =   297.58  PRESS =     0.0
 Etot   =   -117050.6339  EKtot   =     20355.5820  EPtot      =   -137406.2160
 BOND   =       554.3249  ANGLE   =      1525.8550  DIHED      =       972.6681
 UB     =         0.0000  IMP     =         0.0000  CMAP       =       140.2222
 1-4 NB =       635.3140  1-4 EEL =      5909.6475  VDWAALS    =     16305.1617
 EELEC  =   -163449.4093  EHBOND  =         0.0000  RESTRAINT  =         0.0000
 EKCMT  =         0.0000  VIRIAL  =         0.0000  VOLUME     =    334664.3579
                                                    Density    =         1.0295
 ------------------------------------------------------------------------------


 NSTEP =  9000000   TIME(PS) =   19700.000  TEMP(K) =   299.71  PRESS =     0.0
 Etot   =   -117011.8059  EKtot   =     20500.9863  EPtot      =   -137512.7922
 BOND   =       554.9181  ANGLE   =      1549.4478  DIHED      =       996.7518
 UB     =         0.0000  IMP     =         0.0000  CMAP       =       145.3080
 1-4 NB =       641.2338  1-4 EEL =      5916.7629  VDWAALS    =     16020.1260
 EELEC  =   -163337.3406  EHBOND  =         0.0000  RESTRAINT  =         0.0000
 EKCMT  =         0.0000  VIRIAL  =         0.0000  VOLUME     =    334138.5940
                                                    Density    =         1.0311
 ------------------------------------------------------------------------------


 NSTEP =  9025000   TIME(PS) =   19750.000  TEMP(K) =   300.29  PRESS =     0.0
 Etot   =   -117128.7750  EKtot   =     20540.4512  EPtot      =   -137669.2262
 BOND   =       559.4224  ANGLE   =      1568.8342  DIHED      =       969.1040
 UB     =         0.0000  IMP     =         0.0000  CMAP       =       142.5523
 1-4 NB =       632.8999  1-4 EEL =      5880.8060  VDWAALS    =     16147.6087
 EELEC  =   -163570.4537  EHBOND  =         0.0000  RESTRAINT  =         0.0000
 EKCMT  =         0.0000  VIRIAL  =         0.0000  VOLUME     =    333804.6806
                                                    Density    =         1.0321
 ------------------------------------------------------------------------------


 NSTEP =  9050000   TIME(PS) =   19800.000  TEMP(K) =   300.96  PRESS =     0.0
 Etot   =   -117196.7780  EKtot   =     20586.7910  EPtot      =   -137783.5690
 BOND   =       550.8988  ANGLE   =      1517.9978  DIHED      =       979.5413
 UB     =         0.0000  IMP     =         0.0000  CMAP       =       136.4371
 1-4 NB =       658.8876  1-4 EEL =      5909.6260  VDWAALS    =     16677.2648
 EELEC  =   -164214.2225  EHBOND  =         0.0000  RESTRAINT  =         0.0000
 EKCMT  =         0.0000  VIRIAL  =         0.0000  VOLUME     =    335073.6758
                                                    Density    =         1.0282
 ------------------------------------------------------------------------------


 NSTEP =  9075000   TIME(PS) =   19850.000  TEMP(K) =   299.89  PRESS =     0.0
 Etot   =   -117028.2255  EKtot   =     20513.6973  EPtot      =   -137541.9227
 BOND   =       559.3962  ANGLE   =      1505.4804  DIHED      =       976.8711
 UB     =         0.0000  IMP     =         0.0000  CMAP       =       138.1342
 1-4 NB =       638.0405  1-4 EEL =      5899.2249  VDWAALS    =     16217.1566
 EELEC  =   -163476.2265  EHBOND  =         0.0000  RESTRAINT  =         0.0000
 EKCMT  =         0.0000  VIRIAL  =         0.0000  VOLUME     =    334927.8345
                                                    Density    =         1.0287
 ------------------------------------------------------------------------------


 NSTEP =  9100000   TIME(PS) =   19900.000  TEMP(K) =   302.00  PRESS =     0.0
 Etot   =   -116891.0617  EKtot   =     20657.5195  EPtot      =   -137548.5813
 BOND   =       554.9995  ANGLE   =      1471.7544  DIHED      =      1012.9590
 UB     =         0.0000  IMP     =         0.0000  CMAP       =       139.9271
 1-4 NB =       642.1591  1-4 EEL =      5934.4139  VDWAALS    =     15956.1857
 EELEC  =   -163260.9800  EHBOND  =         0.0000  RESTRAINT  =         0.0000
 EKCMT  =         0.0000  VIRIAL  =         0.0000  VOLUME     =    334126.4399
                                                    Density    =         1.0311
 ------------------------------------------------------------------------------


 NSTEP =  9125000   TIME(PS) =   19950.000  TEMP(K) =   301.98  PRESS =     0.0
 Etot   =   -117195.2257  EKtot   =     20656.3398  EPtot      =   -137851.5656
 BOND   =       538.4351  ANGLE   =      1527.3198  DIHED      =       971.6055
 UB     =         0.0000  IMP     =         0.0000  CMAP       =       134.3827
 1-4 NB =       646.0599  1-4 EEL =      5888.3435  VDWAALS    =     16430.9320
 EELEC  =   -163988.6442  EHBOND  =         0.0000  RESTRAINT  =         0.0000
 EKCMT  =         0.0000  VIRIAL  =         0.0000  VOLUME     =    335337.2746
                                                    Density    =         1.0274
 ------------------------------------------------------------------------------


 NSTEP =  9150000   TIME(PS) =   20000.000  TEMP(K) =   297.68  PRESS =     0.0
 Etot   =   -117262.6036  EKtot   =     20362.4805  EPtot      =   -137625.0841
 BOND   =       577.8929  ANGLE   =      1502.1608  DIHED      =       990.5031
 UB     =         0.0000  IMP     =         0.0000  CMAP       =       142.6816
 1-4 NB =       638.6606  1-4 EEL =      5910.0952  VDWAALS    =     16297.1258
 EELEC  =   -163684.2040  EHBOND  =         0.0000  RESTRAINT  =         0.0000
 EKCMT  =         0.0000  VIRIAL  =         0.0000  VOLUME     =    332681.6033
                                                    Density    =         1.0356
 ------------------------------------------------------------------------------


 NSTEP =  9175000   TIME(PS) =   20050.000  TEMP(K) =   303.39  PRESS =     0.0
 Etot   =   -116900.2303  EKtot   =     20752.6328  EPtot      =   -137652.8631
 BOND   =       557.8399  ANGLE   =      1516.6249  DIHED      =      1004.1772
 UB     =         0.0000  IMP     =         0.0000  CMAP       =       141.7004
 1-4 NB =       648.0631  1-4 EEL =      5829.3788  VDWAALS    =     16485.8801
 EELEC  =   -163836.5275  EHBOND  =         0.0000  RESTRAINT  =         0.0000
 EKCMT  =         0.0000  VIRIAL  =         0.0000  VOLUME     =    331986.5849
                                                    Density    =         1.0378
 ------------------------------------------------------------------------------


 NSTEP =  9200000   TIME(PS) =   20100.000  TEMP(K) =   299.33  PRESS =     0.0
 Etot   =   -116776.3740  EKtot   =     20475.0664  EPtot      =   -137251.4404
 BOND   =       534.2161  ANGLE   =      1562.8508  DIHED      =       978.4086
 UB     =         0.0000  IMP     =         0.0000  CMAP       =       139.4171
 1-4 NB =       670.1394  1-4 EEL =      5922.4516  VDWAALS    =     16100.8958
 EELEC  =   -163159.8198  EHBOND  =         0.0000  RESTRAINT  =         0.0000
 EKCMT  =         0.0000  VIRIAL  =         0.0000  VOLUME     =    335214.4581
                                                    Density    =         1.0278
 ------------------------------------------------------------------------------


 NSTEP =  9225000   TIME(PS) =   20150.000  TEMP(K) =   298.11  PRESS =     0.0
 Etot   =   -117543.4516  EKtot   =     20391.7832  EPtot      =   -137935.2348
 BOND   =       558.4607  ANGLE   =      1494.4467  DIHED      =       967.0985
 UB     =         0.0000  IMP     =         0.0000  CMAP       =       138.7303
 1-4 NB =       654.7039  1-4 EEL =      5911.7024  VDWAALS    =     16570.3896
 EELEC  =   -164230.7670  EHBOND  =         0.0000  RESTRAINT  =         0.0000
 EKCMT  =         0.0000  VIRIAL  =         0.0000  VOLUME     =    333717.1450
                                                    Density    =         1.0324
 ------------------------------------------------------------------------------


 NSTEP =  9250000   TIME(PS) =   20200.000  TEMP(K) =   297.44  PRESS =     0.0
 Etot   =   -116966.0954  EKtot   =     20345.7129  EPtot      =   -137311.8083
 BOND   =       619.5253  ANGLE   =      1499.5867  DIHED      =       981.6975
 UB     =         0.0000  IMP     =         0.0000  CMAP       =       131.7926
 1-4 NB =       636.6443  1-4 EEL =      5882.9104  VDWAALS    =     16149.2213
 EELEC  =   -163213.1864  EHBOND  =         0.0000  RESTRAINT  =         0.0000
 EKCMT  =         0.0000  VIRIAL  =         0.0000  VOLUME     =    333751.0992
                                                    Density    =         1.0323
 ------------------------------------------------------------------------------


 NSTEP =  9275000   TIME(PS) =   20250.000  TEMP(K) =   301.27  PRESS =     0.0
 Etot   =   -116714.2525  EKtot   =     20607.9570  EPtot      =   -137322.2095
 BOND   =       563.3068  ANGLE   =      1536.7105  DIHED      =       977.5763
 UB     =         0.0000  IMP     =         0.0000  CMAP       =       144.8025
 1-4 NB =       639.1079  1-4 EEL =      5923.1124  VDWAALS    =     16124.1486
 EELEC  =   -163230.9745  EHBOND  =         0.0000  RESTRAINT  =         0.0000
 EKCMT  =         0.0000  VIRIAL  =         0.0000  VOLUME     =    334234.1578
                                                    Density    =         1.0308
 ------------------------------------------------------------------------------


 NSTEP =  9300000   TIME(PS) =   20300.000  TEMP(K) =   298.31  PRESS =     0.0
 Etot   =   -117257.7469  EKtot   =     20405.6250  EPtot      =   -137663.3719
 BOND   =       580.5828  ANGLE   =      1496.1058  DIHED      =       993.6155
 UB     =         0.0000  IMP     =         0.0000  CMAP       =       129.9458
 1-4 NB =       642.3381  1-4 EEL =      5854.2993  VDWAALS    =     16350.0071
 EELEC  =   -163710.2663  EHBOND  =         0.0000  RESTRAINT  =         0.0000
 EKCMT  =         0.0000  VIRIAL  =         0.0000  VOLUME     =    335016.1019
                                                    Density    =         1.0284
 ------------------------------------------------------------------------------


 NSTEP =  9325000   TIME(PS) =   20350.000  TEMP(K) =   297.04  PRESS =     0.0
 Etot   =   -117447.0262  EKtot   =     20318.6875  EPtot      =   -137765.7137
 BOND   =       571.3183  ANGLE   =      1531.1707  DIHED      =       956.9021
 UB     =         0.0000  IMP     =         0.0000  CMAP       =       149.1952
 1-4 NB =       637.7830  1-4 EEL =      5879.4393  VDWAALS    =     15988.0064
 EELEC  =   -163479.5287  EHBOND  =         0.0000  RESTRAINT  =         0.0000
 EKCMT  =         0.0000  VIRIAL  =         0.0000  VOLUME     =    332590.7243
                                                    Density    =         1.0359
 ------------------------------------------------------------------------------


 NSTEP =  9350000   TIME(PS) =   20400.000  TEMP(K) =   301.82  PRESS =     0.0
 Etot   =   -116955.4229  EKtot   =     20645.4199  EPtot      =   -137600.8428
 BOND   =       565.8274  ANGLE   =      1511.4573  DIHED      =       999.8487
 UB     =         0.0000  IMP     =         0.0000  CMAP       =       136.5628
 1-4 NB =       659.0156  1-4 EEL =      5920.3183  VDWAALS    =     16438.6581
 EELEC  =   -163832.5310  EHBOND  =         0.0000  RESTRAINT  =         0.0000
 EKCMT  =         0.0000  VIRIAL  =         0.0000  VOLUME     =    333221.7815
                                                    Density    =         1.0339
 ------------------------------------------------------------------------------


 NSTEP =  9375000   TIME(PS) =   20450.000  TEMP(K) =   301.61  PRESS =     0.0
 Etot   =   -117032.5485  EKtot   =     20631.0254  EPtot      =   -137663.5739
 BOND   =       587.2786  ANGLE   =      1526.5319  DIHED      =       990.2638
 UB     =         0.0000  IMP     =         0.0000  CMAP       =       142.8155
 1-4 NB =       650.3805  1-4 EEL =      5946.2917  VDWAALS    =     16208.6520
 EELEC  =   -163715.7879  EHBOND  =         0.0000  RESTRAINT  =         0.0000
 EKCMT  =         0.0000  VIRIAL  =         0.0000  VOLUME     =    332738.3260
                                                    Density    =         1.0354
 ------------------------------------------------------------------------------


 NSTEP =  9400000   TIME(PS) =   20500.000  TEMP(K) =   302.56  PRESS =     0.0
 Etot   =   -117257.1124  EKtot   =     20696.3848  EPtot      =   -137953.4972
 BOND   =       556.4397  ANGLE   =      1480.7088  DIHED      =      1016.6029
 UB     =         0.0000  IMP     =         0.0000  CMAP       =       147.3379
 1-4 NB =       647.9311  1-4 EEL =      5955.4854  VDWAALS    =     16740.6137
 EELEC  =   -164498.6168  EHBOND  =         0.0000  RESTRAINT  =         0.0000
 EKCMT  =         0.0000  VIRIAL  =         0.0000  VOLUME     =    334014.9835
                                                    Density    =         1.0315
 ------------------------------------------------------------------------------


 NSTEP =  9425000   TIME(PS) =   20550.000  TEMP(K) =   301.37  PRESS =     0.0
 Etot   =   -117025.4620  EKtot   =     20614.4648  EPtot      =   -137639.9269
 BOND   =       561.9923  ANGLE   =      1515.3587  DIHED      =      1007.5639
 UB     =         0.0000  IMP     =         0.0000  CMAP       =       134.3008
 1-4 NB =       650.3574  1-4 EEL =      5851.2920  VDWAALS    =     16200.9151
 EELEC  =   -163561.7070  EHBOND  =         0.0000  RESTRAINT  =         0.0000
 EKCMT  =         0.0000  VIRIAL  =         0.0000  VOLUME     =    334304.9898
                                                    Density    =         1.0306
 ------------------------------------------------------------------------------


 NSTEP =  9450000   TIME(PS) =   20600.000  TEMP(K) =   303.26  PRESS =     0.0
 Etot   =   -116784.9812  EKtot   =     20743.7988  EPtot      =   -137528.7800
 BOND   =       557.7824  ANGLE   =      1485.8104  DIHED      =       995.2737
 UB     =         0.0000  IMP     =         0.0000  CMAP       =       138.8439
 1-4 NB =       667.4128  1-4 EEL =      5905.7838  VDWAALS    =     16133.8223
 EELEC  =   -163413.5093  EHBOND  =         0.0000  RESTRAINT  =         0.0000
 EKCMT  =         0.0000  VIRIAL  =         0.0000  VOLUME     =    332676.2064
                                                    Density    =         1.0356
 ------------------------------------------------------------------------------


 NSTEP =  9475000   TIME(PS) =   20650.000  TEMP(K) =   299.74  PRESS =     0.0
 Etot   =   -116957.0223  EKtot   =     20503.3555  EPtot      =   -137460.3778
 BOND   =       592.6689  ANGLE   =      1536.3999  DIHED      =       999.5087
 UB     =         0.0000  IMP     =         0.0000  CMAP       =       137.4716
 1-4 NB =       628.8007  1-4 EEL =      5843.2833  VDWAALS    =     16255.4010
 EELEC  =   -163453.9119  EHBOND  =         0.0000  RESTRAINT  =         0.0000
 EKCMT  =         0.0000  VIRIAL  =         0.0000  VOLUME     =    333837.9601
                                                    Density    =         1.0320
 ------------------------------------------------------------------------------


 NSTEP =  9500000   TIME(PS) =   20700.000  TEMP(K) =   301.65  PRESS =     0.0
 Etot   =   -116808.1289  EKtot   =     20633.9180  EPtot      =   -137442.0469
 BOND   =       574.1155  ANGLE   =      1515.3443  DIHED      =       996.0644
 UB     =         0.0000  IMP     =         0.0000  CMAP       =       145.3238
 1-4 NB =       648.3025  1-4 EEL =      5873.8937  VDWAALS    =     16338.2533
 EELEC  =   -163533.3445  EHBOND  =         0.0000  RESTRAINT  =         0.0000
 EKCMT  =         0.0000  VIRIAL  =         0.0000  VOLUME     =    334127.5972
                                                    Density    =         1.0311
 ------------------------------------------------------------------------------


 NSTEP =  9525000   TIME(PS) =   20750.000  TEMP(K) =   300.55  PRESS =     0.0
 Etot   =   -117109.9999  EKtot   =     20558.8125  EPtot      =   -137668.8124
 BOND   =       547.6361  ANGLE   =      1518.0778  DIHED      =      1016.5848
 UB     =         0.0000  IMP     =         0.0000  CMAP       =       141.0873
 1-4 NB =       655.7426  1-4 EEL =      5869.0342  VDWAALS    =     16402.9766
 EELEC  =   -163819.9519  EHBOND  =         0.0000  RESTRAINT  =         0.0000
 EKCMT  =         0.0000  VIRIAL  =         0.0000  VOLUME     =    334709.4713
                                                    Density    =         1.0293
 ------------------------------------------------------------------------------


 NSTEP =  9550000   TIME(PS) =   20800.000  TEMP(K) =   301.23  PRESS =     0.0
 Etot   =   -117242.4163  EKtot   =     20605.2148  EPtot      =   -137847.6312
 BOND   =       549.3407  ANGLE   =      1522.9190  DIHED      =       987.0818
 UB     =         0.0000  IMP     =         0.0000  CMAP       =       137.6677
 1-4 NB =       647.3395  1-4 EEL =      5950.3919  VDWAALS    =     16377.3768
 EELEC  =   -164019.7486  EHBOND  =         0.0000  RESTRAINT  =         0.0000
 EKCMT  =         0.0000  VIRIAL  =         0.0000  VOLUME     =    333237.6270
                                                    Density    =         1.0339
 ------------------------------------------------------------------------------


 NSTEP =  9575000   TIME(PS) =   20850.000  TEMP(K) =   303.03  PRESS =     0.0
 Etot   =   -116893.0168  EKtot   =     20728.2012  EPtot      =   -137621.2180
 BOND   =       565.4069  ANGLE   =      1510.8793  DIHED      =      1005.0685
 UB     =         0.0000  IMP     =         0.0000  CMAP       =       135.5028
 1-4 NB =       663.8561  1-4 EEL =      5948.9549  VDWAALS    =     16142.0011
 EELEC  =   -163592.8875  EHBOND  =         0.0000  RESTRAINT  =         0.0000
 EKCMT  =         0.0000  VIRIAL  =         0.0000  VOLUME     =    332813.7773
                                                    Density    =         1.0352
 ------------------------------------------------------------------------------


 NSTEP =  9600000   TIME(PS) =   20900.000  TEMP(K) =   300.29  PRESS =     0.0
 Etot   =   -117236.0237  EKtot   =     20540.6289  EPtot      =   -137776.6526
 BOND   =       580.8332  ANGLE   =      1501.7593  DIHED      =       982.0820
 UB     =         0.0000  IMP     =         0.0000  CMAP       =       135.9692
 1-4 NB =       648.1205  1-4 EEL =      5905.5230  VDWAALS    =     16529.6356
 EELEC  =   -164060.5754  EHBOND  =         0.0000  RESTRAINT  =         0.0000
 EKCMT  =         0.0000  VIRIAL  =         0.0000  VOLUME     =    334103.5798
                                                    Density    =         1.0312
 ------------------------------------------------------------------------------


 NSTEP =  9625000   TIME(PS) =   20950.000  TEMP(K) =   298.73  PRESS =     0.0
 Etot   =   -116982.9058  EKtot   =     20433.7832  EPtot      =   -137416.6891
 BOND   =       565.6435  ANGLE   =      1507.6355  DIHED      =       992.9596
 UB     =         0.0000  IMP     =         0.0000  CMAP       =       151.9923
 1-4 NB =       643.5865  1-4 EEL =      5899.2609  VDWAALS    =     16217.1125
 EELEC  =   -163394.8799  EHBOND  =         0.0000  RESTRAINT  =         0.0000
 EKCMT  =         0.0000  VIRIAL  =         0.0000  VOLUME     =    334750.2243
                                                    Density    =         1.0292
 ------------------------------------------------------------------------------


 NSTEP =  9650000   TIME(PS) =   21000.000  TEMP(K) =   298.53  PRESS =     0.0
 Etot   =   -117205.6940  EKtot   =     20420.6699  EPtot      =   -137626.3639
 BOND   =       572.3657  ANGLE   =      1539.6846  DIHED      =       993.4462
 UB     =         0.0000  IMP     =         0.0000  CMAP       =       130.0488
 1-4 NB =       642.5295  1-4 EEL =      5905.5817  VDWAALS    =     16065.9705
 EELEC  =   -163475.9910  EHBOND  =         0.0000  RESTRAINT  =         0.0000
 EKCMT  =         0.0000  VIRIAL  =         0.0000  VOLUME     =    334350.9163
                                                    Density    =         1.0305
 ------------------------------------------------------------------------------


 NSTEP =  9675000   TIME(PS) =   21050.000  TEMP(K) =   300.55  PRESS =     0.0
 Etot   =   -117205.2265  EKtot   =     20558.7207  EPtot      =   -137763.9472
 BOND   =       573.5633  ANGLE   =      1446.3583  DIHED      =       989.6724
 UB     =         0.0000  IMP     =         0.0000  CMAP       =       140.8063
 1-4 NB =       619.8882  1-4 EEL =      5876.9565  VDWAALS    =     16164.4855
 EELEC  =   -163575.6778  EHBOND  =         0.0000  RESTRAINT  =         0.0000
 EKCMT  =         0.0000  VIRIAL  =         0.0000  VOLUME     =    333412.1241
                                                    Density    =         1.0334
 ------------------------------------------------------------------------------


 NSTEP =  9700000   TIME(PS) =   21100.000  TEMP(K) =   299.62  PRESS =     0.0
 Etot   =   -116937.4445  EKtot   =     20495.1445  EPtot      =   -137432.5890
 BOND   =       576.1717  ANGLE   =      1563.1248  DIHED      =      1016.4179
 UB     =         0.0000  IMP     =         0.0000  CMAP       =       141.5491
 1-4 NB =       645.4814  1-4 EEL =      5860.8865  VDWAALS    =     16554.4786
 EELEC  =   -163790.6990  EHBOND  =         0.0000  RESTRAINT  =         0.0000
 EKCMT  =         0.0000  VIRIAL  =         0.0000  VOLUME     =    333385.5509
                                                    Density    =         1.0334
 ------------------------------------------------------------------------------


 NSTEP =  9725000   TIME(PS) =   21150.000  TEMP(K) =   302.07  PRESS =     0.0
 Etot   =   -116837.7961  EKtot   =     20662.2949  EPtot      =   -137500.0910
 BOND   =       573.7224  ANGLE   =      1543.4007  DIHED      =       973.2112
 UB     =         0.0000  IMP     =         0.0000  CMAP       =       140.0174
 1-4 NB =       628.0494  1-4 EEL =      5848.7736  VDWAALS    =     16326.6761
 EELEC  =   -163533.9419  EHBOND  =         0.0000  RESTRAINT  =         0.0000
 EKCMT  =         0.0000  VIRIAL  =         0.0000  VOLUME     =    334106.6527
                                                    Density    =         1.0312
 ------------------------------------------------------------------------------


 NSTEP =  9750000   TIME(PS) =   21200.000  TEMP(K) =   299.33  PRESS =     0.0
 Etot   =   -117325.5580  EKtot   =     20475.2344  EPtot      =   -137800.7924
 BOND   =       566.3204  ANGLE   =      1524.3002  DIHED      =       983.4382
 UB     =         0.0000  IMP     =         0.0000  CMAP       =       150.8642
 1-4 NB =       650.2804  1-4 EEL =      5880.7497  VDWAALS    =     16855.9471
 EELEC  =   -164412.6927  EHBOND  =         0.0000  RESTRAINT  =         0.0000
 EKCMT  =         0.0000  VIRIAL  =         0.0000  VOLUME     =    332651.2206
                                                    Density    =         1.0357
 ------------------------------------------------------------------------------


 NSTEP =  9775000   TIME(PS) =   21250.000  TEMP(K) =   301.96  PRESS =     0.0
 Etot   =   -117223.6713  EKtot   =     20655.0039  EPtot      =   -137878.6752
 BOND   =       549.9917  ANGLE   =      1519.0284  DIHED      =       962.5912
 UB     =         0.0000  IMP     =         0.0000  CMAP       =       146.4933
 1-4 NB =       649.8240  1-4 EEL =      5883.1205  VDWAALS    =     16639.0548
 EELEC  =   -164228.7790  EHBOND  =         0.0000  RESTRAINT  =         0.0000
 EKCMT  =         0.0000  VIRIAL  =         0.0000  VOLUME     =    334179.9007
                                                    Density    =         1.0310
 ------------------------------------------------------------------------------


 NSTEP =  9800000   TIME(PS) =   21300.000  TEMP(K) =   300.51  PRESS =     0.0
 Etot   =   -117085.6466  EKtot   =     20556.0566  EPtot      =   -137641.7033
 BOND   =       560.1416  ANGLE   =      1467.2844  DIHED      =       988.8871
 UB     =         0.0000  IMP     =         0.0000  CMAP       =       140.6327
 1-4 NB =       645.6332  1-4 EEL =      5882.7824  VDWAALS    =     16623.3535
 EELEC  =   -163950.4181  EHBOND  =         0.0000  RESTRAINT  =         0.0000
 EKCMT  =         0.0000  VIRIAL  =         0.0000  VOLUME     =    334300.4010
                                                    Density    =         1.0306
 ------------------------------------------------------------------------------


 NSTEP =  9825000   TIME(PS) =   21350.000  TEMP(K) =   299.68  PRESS =     0.0
 Etot   =   -116898.1613  EKtot   =     20499.0938  EPtot      =   -137397.2550
 BOND   =       576.8737  ANGLE   =      1548.4164  DIHED      =       979.0400
 UB     =         0.0000  IMP     =         0.0000  CMAP       =       143.4601
 1-4 NB =       637.7564  1-4 EEL =      5855.3806  VDWAALS    =     16449.7370
 EELEC  =   -163587.9192  EHBOND  =         0.0000  RESTRAINT  =         0.0000
 EKCMT  =         0.0000  VIRIAL  =         0.0000  VOLUME     =    335122.6503
                                                    Density    =         1.0281
 ------------------------------------------------------------------------------


 NSTEP =  9850000   TIME(PS) =   21400.000  TEMP(K) =   302.14  PRESS =     0.0
 Etot   =   -116999.4113  EKtot   =     20667.1484  EPtot      =   -137666.5597
 BOND   =       536.1939  ANGLE   =      1483.5559  DIHED      =       958.5915
 UB     =         0.0000  IMP     =         0.0000  CMAP       =       148.0857
 1-4 NB =       650.9785  1-4 EEL =      5871.2063  VDWAALS    =     16691.0657
 EELEC  =   -164006.2373  EHBOND  =         0.0000  RESTRAINT  =         0.0000
 EKCMT  =         0.0000  VIRIAL  =         0.0000  VOLUME     =    334905.7408
                                                    Density    =         1.0287
 ------------------------------------------------------------------------------


 NSTEP =  9875000   TIME(PS) =   21450.000  TEMP(K) =   301.74  PRESS =     0.0
 Etot   =   -117084.8152  EKtot   =     20640.0742  EPtot      =   -137724.8894
 BOND   =       594.2199  ANGLE   =      1553.6563  DIHED      =       994.4040
 UB     =         0.0000  IMP     =         0.0000  CMAP       =       139.0884
 1-4 NB =       647.5257  1-4 EEL =      5854.7044  VDWAALS    =     16284.5877
 EELEC  =   -163793.0758  EHBOND  =         0.0000  RESTRAINT  =         0.0000
 EKCMT  =         0.0000  VIRIAL  =         0.0000  VOLUME     =    333658.8045
                                                    Density    =         1.0326
 ------------------------------------------------------------------------------


 NSTEP =  9900000   TIME(PS) =   21500.000  TEMP(K) =   300.34  PRESS =     0.0
 Etot   =   -116901.7382  EKtot   =     20544.0527  EPtot      =   -137445.7910
 BOND   =       609.6844  ANGLE   =      1509.1114  DIHED      =       980.5915
 UB     =         0.0000  IMP     =         0.0000  CMAP       =       154.3881
 1-4 NB =       636.3193  1-4 EEL =      5839.1205  VDWAALS    =     16544.1939
 EELEC  =   -163719.2001  EHBOND  =         0.0000  RESTRAINT  =         0.0000
 EKCMT  =         0.0000  VIRIAL  =         0.0000  VOLUME     =    332762.3934
                                                    Density    =         1.0354
 ------------------------------------------------------------------------------


 NSTEP =  9925000   TIME(PS) =   21550.000  TEMP(K) =   298.11  PRESS =     0.0
 Etot   =   -117142.2619  EKtot   =     20391.7070  EPtot      =   -137533.9689
 BOND   =       576.3714  ANGLE   =      1551.9482  DIHED      =      1007.2598
 UB     =         0.0000  IMP     =         0.0000  CMAP       =       143.9434
 1-4 NB =       635.0941  1-4 EEL =      5813.6943  VDWAALS    =     16724.0139
 EELEC  =   -163986.2938  EHBOND  =         0.0000  RESTRAINT  =         0.0000
 EKCMT  =         0.0000  VIRIAL  =         0.0000  VOLUME     =    334865.9538
                                                    Density    =         1.0289
 ------------------------------------------------------------------------------


 NSTEP =  9950000   TIME(PS) =   21600.000  TEMP(K) =   299.35  PRESS =     0.0
 Etot   =   -117163.2589  EKtot   =     20476.1465  EPtot      =   -137639.4053
 BOND   =       513.8413  ANGLE   =      1502.4476  DIHED      =      1005.6322
 UB     =         0.0000  IMP     =         0.0000  CMAP       =       147.5615
 1-4 NB =       642.9349  1-4 EEL =      5858.3722  VDWAALS    =     16646.2058
 EELEC  =   -163956.4008  EHBOND  =         0.0000  RESTRAINT  =         0.0000
 EKCMT  =         0.0000  VIRIAL  =         0.0000  VOLUME     =    334560.8383
                                                    Density    =         1.0298
 ------------------------------------------------------------------------------


 NSTEP =  9975000   TIME(PS) =   21650.000  TEMP(K) =   300.39  PRESS =     0.0
 Etot   =   -117130.7039  EKtot   =     20547.6660  EPtot      =   -137678.3699
 BOND   =       557.7293  ANGLE   =      1511.1219  DIHED      =      1016.6719
 UB     =         0.0000  IMP     =         0.0000  CMAP       =       140.2807
 1-4 NB =       657.2912  1-4 EEL =      5873.1892  VDWAALS    =     16424.1673
 EELEC  =   -163858.8213  EHBOND  =         0.0000  RESTRAINT  =         0.0000
 EKCMT  =         0.0000  VIRIAL  =         0.0000  VOLUME     =    335975.9071
                                                    Density    =         1.0255
 ------------------------------------------------------------------------------


 NSTEP = 10000000   TIME(PS) =   21700.000  TEMP(K) =   301.19  PRESS =     0.0
 Etot   =   -116719.0739  EKtot   =     20602.6387  EPtot      =   -137321.7126
 BOND   =       610.7793  ANGLE   =      1530.2379  DIHED      =      1005.6060
 UB     =         0.0000  IMP     =         0.0000  CMAP       =       137.4914
 1-4 NB =       631.8840  1-4 EEL =      5799.0129  VDWAALS    =     16421.5908
 EELEC  =   -163458.3149  EHBOND  =         0.0000  RESTRAINT  =         0.0000
 EKCMT  =         0.0000  VIRIAL  =         0.0000  VOLUME     =    333762.5316
                                                    Density    =         1.0323
 ------------------------------------------------------------------------------


      A V E R A G E S   O V E R     400 S T E P S


 NSTEP = 10000000   TIME(PS) =   21700.000  TEMP(K) =   300.15  PRESS =     0.0
 Etot   =   -117048.5475  EKtot   =     20531.2378  EPtot      =   -137579.7853
 BOND   =       564.1044  ANGLE   =      1519.3068  DIHED      =       990.1500
 UB     =         0.0000  IMP     =         0.0000  CMAP       =       141.3265
 1-4 NB =       645.8040  1-4 EEL =      5867.7852  VDWAALS    =     16375.2484
 EELEC  =   -163683.5108  EHBOND  =         0.0000  RESTRAINT  =         0.0000
 EKCMT  =         0.0000  VIRIAL  =         0.0000  VOLUME     =    333925.1730
                                                    Density    =         1.0318
 ------------------------------------------------------------------------------


      R M S  F L U C T U A T I O N S


 NSTEP = 10000000   TIME(PS) =   21700.000  TEMP(K) =     1.54  PRESS =     0.0
 Etot   =       192.1382  EKtot   =       105.0000  EPtot      =       166.7373
 BOND   =        20.9280  ANGLE   =        29.3367  DIHED      =        17.2051
 UB     =         0.0000  IMP     =         0.0000  CMAP       =         6.4048
 1-4 NB =        10.9905  1-4 EEL =        42.5298  VDWAALS    =       198.2668
 EELEC  =       295.0853  EHBOND  =         0.0000  RESTRAINT  =         0.0000
 EKCMT  =         0.0000  VIRIAL  =         0.0000  VOLUME     =       740.8797
                                                    Density    =         0.0023
 ------------------------------------------------------------------------------

| MC Barostat:     100000 volume changes attempted.
| MC Barostat:      39040 changes successful ( 39.04%)
 ------------------------------------------------------------------------------

--------------------------------------------------------------------------------
   5.  TIMINGS
--------------------------------------------------------------------------------

|  NonSetup CPU Time in Major Routines:
|
|     Routine           Sec        %
|     ------------------------------
|     Nonbond         512.76   13.18
|     Bond              0.00    0.00
|     Angle             0.00    0.00
|     Dihedral          0.00    0.00
|     Shake            48.14    1.24
|     RunMD          3236.48   83.19
|     Other            93.04    2.39
|     ------------------------------
|     Total          3890.41

|  PME Nonbond Pairlist CPU Time:
|
|     Routine              Sec        %
|     ---------------------------------
|     Set Up Cit           0.00    0.00
|     Build List           0.00    0.00
|     ---------------------------------
|     Total                0.00    0.00

|  PME Direct Force CPU Time:
|
|     Routine              Sec        %
|     ---------------------------------
|     NonBonded Calc       0.00    0.00
|     Exclude Masked       0.00    0.00
|     Other               15.26    0.39
|     ---------------------------------
|     Total               15.26    0.39

|  PME Reciprocal Force CPU Time:
|
|     Routine              Sec        %
|     ---------------------------------
|     1D bspline           0.00    0.00
|     Grid Charges         0.00    0.00
|     Scalar Sum           0.00    0.00
|     Gradient Sum         0.00    0.00
|     FFT                  0.00    0.00
|     ---------------------------------
|     Total                0.00    0.00

|  Final Performance Info:
|     -----------------------------------------------------
|     Average timings for last       1 steps:
|     Elapsed(s) =       0.00 Per Step(ms) =       4.74
|         ns/day =      36.46   seconds/ns =    2369.51
|
|     Average timings for all steps:
|     Elapsed(s) =    3902.35 Per Step(ms) =       0.39
|         ns/day =     442.81   seconds/ns =     195.12
|     -----------------------------------------------------

|  Setup CPU time:            0.57 seconds
|  NonSetup CPU time:      3890.41 seconds
|  Total CPU time:         3890.98 seconds     1.08 hours

|  Setup wall time:           1    seconds
|  NonSetup wall time:     3902    seconds
|  Total wall time:        3903    seconds     1.08 hours
