
          -------------------------------------------------------
          Amber 22 PMEMD                              2022
          -------------------------------------------------------

| PMEMD implementation of SANDER, Release 22

|  Compiled date/time: Thu Apr 14 11:06:37 2022
| Run on 09/01/2026 at 14:01:52

|   Executable path: pmemd.cuda
| Working directory: /bigdata/cutlerlab/jjaco081/PYR1_pocket_expansion/data/posecheck/mandi_predicted/rep2
|          Hostname: gpu10

  [-O]verwriting output

File Assignments:
|   MDIN: prod.in                                                               
|  MDOUT: prod.out                                                              
| INPCRD: eq2.rst7                                                              
|   PARM: /bigdata/cutlerlab/jjaco081/PYR1_pocket_expansion/data/posecheck/mandi
| RESTRT: prod.rst7                                                             
|   REFC: refc                                                                  
|  MDVEL: mdvel                                                                 
|   MDEN: mden                                                                  
|  MDCRD: prod.nc                                                               
| MDINFO: prod.info                                                             
|  MDFRC: mdfrc                                                                 


 Here is the input file:

NPT production, 10000000 steps remaining, frames every 10 ps                   
 &cntrl                                                                        
  imin=0, irest=1, ntx=5,                                                      
  nstlim=10000000, dt=0.002,                                                   
  ntc=2, ntf=2, cut=10.0,                                                      
  ntb=2, ntp=1, barostat=2, pres0=1.0, taup=2.0,                               
  ntt=3, gamma_ln=2.0, ig=-1, temp0=300.0,                                     
  ntr=0,                                                                       
  ntpr=25000, ntwx=5000, ntwr=5000,                                            
  iwrap=1,                                                                     
 /                                                                             


Note: ig = -1. Setting random seed to   390872 based on wallclock time in 
      microseconds.
| irandom = 1, using AMBER's internal random number generator (default).
 
|--------------------- INFORMATION ----------------------
| GPU (CUDA) Version of PMEMD in use: NVIDIA GPU IN USE.
|                    Version 18.0.0
| 
|                      03/25/2018
| 
| Implementation by:
|                    Ross C. Walker     (SDSC)
|                    Scott Le Grand     (nVIDIA)
| 
| Version 18 performance extensions by:
|                    David Cerutti     (Rutgers)
| 
| Precision model in use:
|      [SPFP] - Single Precision Forces, 64-bit Fixed Point
|               Accumulation. (Default)
| 
|--------------------------------------------------------
 
|----------------- CITATION INFORMATION -----------------
|
|    When publishing work that utilized the CUDA version
|    of AMBER, please cite the following in addition to
|    the regular AMBER citations:
|
|  - Romelia Salomon-Ferrer; Andreas W. Goetz; Duncan
|    Poole; Scott Le Grand; Ross C. Walker "Routine
|    microsecond molecular dynamics simulations with
|    AMBER - Part II: Particle Mesh Ewald", J. Chem.
|    Theory Comput., 2013, 9 (9), pp3878-3888,
|    DOI: 10.1021/ct400314y.
|
|  - Andreas W. Goetz; Mark J. Williamson; Dong Xu;
|    Duncan Poole; Scott Le Grand; Ross C. Walker
|    "Routine microsecond molecular dynamics simulations
|    with AMBER - Part I: Generalized Born", J. Chem.
|    Theory Comput., 2012, 8 (5), pp1542-1555.
|
|  - Scott Le Grand; Andreas W. Goetz; Ross C. Walker
|    "SPFP: Speed without compromise - a mixed precision
|    model for GPU accelerated molecular dynamics
|    simulations.", Comp. Phys. Comm., 2013, 184
|    pp374-380, DOI: 10.1016/j.cpc.2012.09.022
|
|--------------------------------------------------------
 
|------------------- GPU DEVICE INFO --------------------
|
|            CUDA_VISIBLE_DEVICES: 0
|   CUDA Capable Devices Detected:      1
|           CUDA Device ID in use:      0
|                CUDA Device Name: NVIDIA RTX 6000 Ada Generation
|     CUDA Device Global Mem Size:  48510 MB
| CUDA Device Num Multiprocessors:    142
|           CUDA Device Core Freq:   2.50 GHz
|
|--------------------------------------------------------
 
 
| Conditional Compilation Defines Used:
| PUBFFT
| BINTRAJ
| CUDA
| EMIL

| Largest sphere to fit in unit cell has radius =    30.864

| New format PARM file being parsed.
| Version =    1.000 Date = 09/01/26 Time = 11:34:09

| Note: 1-4 EEL scale factors are being read from the topology file.

| Note: 1-4 VDW scale factors are being read from the topology file.
| INFO:    Virtual site frames will be inferred from bonding patterns.
| Duplicated    0 dihedrals

| Duplicated    0 dihedrals

--------------------------------------------------------------------------------
   1.  RESOURCE   USE: 
--------------------------------------------------------------------------------

 getting box info from netcdf restart file
 NATOM  =   43858 NTYPES =      30 NBONH =   32110 MBONA  =   11715
 NTHETH =    3266 MTHETA =    2018 NPHIH =    6640 MPHIA  =    6378
 NHPARM =       0 NPARM  =       0 NNB   =   87608 NRES   =   10464
 NBONA  =   11715 NTHETA =    2018 NPHIA =    6378 NUMBND =      96
 NUMANG =     212 NPTRA  =     219 NATYP =      53 NPHB   =       0
 IFBOX  =       2 NMXRS  =      56 IFCAP =       0 NEXTRA =   10223
 NCOPY  =       0


| Coordinate Index Table dimensions:    12   12   12
| Direct force subcell size =     6.3000    6.3000    6.3000

     BOX TYPE: TRUNCATED OCTAHEDRON

--------------------------------------------------------------------------------
   2.  CONTROL  DATA  FOR  THE  RUN
--------------------------------------------------------------------------------

default_name                                                                    

General flags:
     imin    =       0, nmropt  =       0

Nature and format of input:
     ntx     =       5, irest   =       1, ntrx    =       1

Nature and format of output:
     ntxo    =       2, ntpr    =   25000, ntrx    =       1, ntwr    =    5000
     iwrap   =       1, ntwx    =    5000, ntwv    =       0, ntwe    =       0
     ioutfm  =       1, ntwprt  =       0, idecomp =       0, rbornstat=      0

Potential function:
     ntf     =       2, ntb     =       2, igb     =       0, nsnb    =      25
     ipol    =       0, gbsa    =       0, iesp    =       0
     dielc   =   1.00000, cut     =  10.00000, intdiel =   1.00000

Frozen or restrained atoms:
     ibelly  =       0, ntr     =       0

Molecular dynamics:
     nstlim  =  10000000, nscm    =      1000, nrespa  =         1
     t       =   0.00000, dt      =   0.00200, vlimit  =  -1.00000

Langevin dynamics temperature regulation:
     ig      =  390872
     temp0   = 300.00000, tempi   =   0.00000, gamma_ln=   2.00000

Pressure regulation:
     ntp     =       1
     pres0   =   1.00000, comp    =  44.60000, taup    =   2.00000
     Monte-Carlo Barostat:
     mcbarint  =     100

SHAKE:
     ntc     =       2, jfastw  =       0
     tol     =   0.00001

| Intermolecular bonds treatment:
|     no_intermolecular_bonds =       1

| Energy averages sample interval:
|     ene_avg_sampling =   25000

Extra-points options:
     frameon =       1, chngmask=       1

Ewald parameters:
     verbose =       0, ew_type =       0, nbflag  =       1, use_pme =       1
     vdwmeth =       1, eedmeth =       1, netfrc  =       1
     Box X =   75.601   Box Y =   75.601   Box Z =   75.601
     Alpha =  109.471   Beta  =  109.471   Gamma =  109.471
     NFFT1 =   80       NFFT2 =   80       NFFT3 =   80
     Cutoff=   10.000   Tol   =0.100E-04
     Ewald Coefficient =  0.27511
     Interpolation order =    4
|      EXTRA_PTS, trim_bonds: num bonds BEFORE trim = 32110     0
|      EXTRA_PTS, trim_bonds: num bonds AFTER  trim = 32110     0
|      EXTRA_PTS, trim_bonds: num bonds BEFORE trim = 11715     0
|      EXTRA_PTS, trim_bonds: num bonds AFTER  trim =  1492     0
|      EXTRA_PTS, trim_theta: num angle BEFORE trim =  3266     0
|      EXTRA_PTS, trim_theta: num angle AFTER  trim =  3266     0
|      EXTRA_PTS, trim_theta: num angle BEFORE trim =  2018     0
|      EXTRA_PTS, trim_theta: num angle AFTER  trim =  2018     0
|      EXTRA_PTS, trim_phi:  num diheds BEFORE trim =  6640     0
|      EXTRA_PTS, trim_phi:  num diheds AFTER  trim =  6640     0
|      EXTRA_PTS, trim_phi:  num diheds BEFORE trim =  6378     0
|      EXTRA_PTS, trim_phi:  num diheds AFTER  trim =  6378     0
| MONTE CARLO BAROSTAT IMPORTANT NOTE:
|   The Monte-Carlo barostat does not require the virial to adjust the system volume.
|   Since it is an expensive calculation, it is skipped for efficiency. A side-effect
|   is that the reported pressure is always 0 because it is not calculated.

--------------------------------------------------------------------------------
   3.  ATOMIC COORDINATES AND VELOCITIES
--------------------------------------------------------------------------------

default_name                                                                    
 begin time read from input coords =  1700.000 ps

 
 Number of triangulated 3-point waters found:    10223

     Sum of charges from parm topology file =   0.00205605
     Forcing neutrality...

| Dynamic Memory, Types Used:
| Reals             1888120
| Integers          4333342

| Nonbonded Pairs Initial Allocation:    13265948

| GPU memory information (estimate):
| KB of GPU memory in use:    388403
| KB of CPU memory in use:     97975

--------------------------------------------------------------------------------
   4.  RESULTS
--------------------------------------------------------------------------------

| MC Barostat: Decreasing size of volume moves
| MC Barostat: Decreasing size of volume moves
| MC Barostat: Decreasing size of volume moves
| MC Barostat: Decreasing size of volume moves
| MC Barostat: Decreasing size of volume moves
| MC Barostat: Decreasing size of volume moves
| MC Barostat: Decreasing size of volume moves
| MC Barostat: Decreasing size of volume moves
| MC Barostat: Decreasing size of volume moves
| MC Barostat: Decreasing size of volume moves
| MC Barostat: Decreasing size of volume moves
| MC Barostat: Decreasing size of volume moves

 NSTEP =    25000   TIME(PS) =    1750.000  TEMP(K) =   299.18  PRESS =     0.0
 Etot   =   -116512.0643  EKtot   =     20450.0020  EPtot      =   -136962.0662
 BOND   =       585.5650  ANGLE   =      1576.2211  DIHED      =       971.6474
 UB     =         0.0000  IMP     =         0.0000  CMAP       =       137.6309
 1-4 NB =       644.2948  1-4 EEL =      5868.6630  VDWAALS    =     16287.1425
 EELEC  =   -163033.2310  EHBOND  =         0.0000  RESTRAINT  =         0.0000
 EKCMT  =         0.0000  VIRIAL  =         0.0000  VOLUME     =    332801.3506
                                                    Density    =         1.0344
 ------------------------------------------------------------------------------


 NSTEP =    50000   TIME(PS) =    1800.000  TEMP(K) =   300.16  PRESS =     0.0
 Etot   =   -116895.9116  EKtot   =     20517.2734  EPtot      =   -137413.1850
 BOND   =       587.5300  ANGLE   =      1542.4469  DIHED      =       983.5872
 UB     =         0.0000  IMP     =         0.0000  CMAP       =       137.6610
 1-4 NB =       633.2744  1-4 EEL =      5856.3420  VDWAALS    =     15956.4788
 EELEC  =   -163110.5053  EHBOND  =         0.0000  RESTRAINT  =         0.0000
 EKCMT  =         0.0000  VIRIAL  =         0.0000  VOLUME     =    331490.3447
                                                    Density    =         1.0385
 ------------------------------------------------------------------------------


 NSTEP =    75000   TIME(PS) =    1850.000  TEMP(K) =   302.86  PRESS =     0.0
 Etot   =   -116713.2163  EKtot   =     20701.5059  EPtot      =   -137414.7221
 BOND   =       558.4182  ANGLE   =      1529.5810  DIHED      =       993.8524
 UB     =         0.0000  IMP     =         0.0000  CMAP       =       145.7698
 1-4 NB =       648.9252  1-4 EEL =      5829.6595  VDWAALS    =     16298.5797
 EELEC  =   -163419.5078  EHBOND  =         0.0000  RESTRAINT  =         0.0000
 EKCMT  =         0.0000  VIRIAL  =         0.0000  VOLUME     =    333802.4498
                                                    Density    =         1.0313
 ------------------------------------------------------------------------------


 NSTEP =   100000   TIME(PS) =    1900.000  TEMP(K) =   299.51  PRESS =     0.0
 Etot   =   -116983.1420  EKtot   =     20472.6543  EPtot      =   -137455.7963
 BOND   =       555.2351  ANGLE   =      1539.9840  DIHED      =      1012.6914
 UB     =         0.0000  IMP     =         0.0000  CMAP       =       142.6191
 1-4 NB =       662.2274  1-4 EEL =      5854.0909  VDWAALS    =     16252.8512
 EELEC  =   -163475.4954  EHBOND  =         0.0000  RESTRAINT  =         0.0000
 EKCMT  =         0.0000  VIRIAL  =         0.0000  VOLUME     =    333740.7828
                                                    Density    =         1.0315
 ------------------------------------------------------------------------------


 NSTEP =   125000   TIME(PS) =    1950.000  TEMP(K) =   297.98  PRESS =     0.0
 Etot   =   -117078.9883  EKtot   =     20368.1797  EPtot      =   -137447.1680
 BOND   =       553.5878  ANGLE   =      1508.2015  DIHED      =      1002.3705
 UB     =         0.0000  IMP     =         0.0000  CMAP       =       161.7060
 1-4 NB =       640.7136  1-4 EEL =      5916.2512  VDWAALS    =     16378.5685
 EELEC  =   -163608.5670  EHBOND  =         0.0000  RESTRAINT  =         0.0000
 EKCMT  =         0.0000  VIRIAL  =         0.0000  VOLUME     =    333942.2653
                                                    Density    =         1.0309
 ------------------------------------------------------------------------------

wrapping first mol.:      -75.71117        0.00000        0.00000
wrapping first mol.:      -75.71117        0.00000        0.00000
wrapping first mol.:      -75.69168        0.00000        0.00000
wrapping first mol.:      -75.69168        0.00000        0.00000
wrapping first mol.:      -75.68846        0.00000        0.00000
wrapping first mol.:      -75.68846        0.00000        0.00000
wrapping first mol.:      -75.65534        0.00000        0.00000
wrapping first mol.:      -75.65534        0.00000        0.00000
wrapping first mol.:      -75.63507        0.00000        0.00000
wrapping first mol.:      -75.63507        0.00000        0.00000

 NSTEP =   150000   TIME(PS) =    2000.000  TEMP(K) =   300.53  PRESS =     0.0
 Etot   =   -116813.0370  EKtot   =     20542.2637  EPtot      =   -137355.3007
 BOND   =       559.3778  ANGLE   =      1533.6592  DIHED      =       998.3054
 UB     =         0.0000  IMP     =         0.0000  CMAP       =       142.1058
 1-4 NB =       636.8738  1-4 EEL =      5832.6292  VDWAALS    =     16408.3858
 EELEC  =   -163466.6377  EHBOND  =         0.0000  RESTRAINT  =         0.0000
 EKCMT  =         0.0000  VIRIAL  =         0.0000  VOLUME     =    333079.4430
                                                    Density    =         1.0336
 ------------------------------------------------------------------------------

wrapping first mol.:      -75.70109        0.00000        0.00000
wrapping first mol.:      -75.70109        0.00000        0.00000
wrapping first mol.:      -75.73233        0.00000        0.00000
wrapping first mol.:      -75.73233        0.00000        0.00000
wrapping first mol.:      -75.61460        0.00000        0.00000
wrapping first mol.:      -75.61460        0.00000        0.00000
wrapping first mol.:      -75.70789        0.00000        0.00000
wrapping first mol.:      -75.70789        0.00000        0.00000
wrapping first mol.:      -75.61765        0.00000        0.00000
wrapping first mol.:      -75.61765        0.00000        0.00000

 NSTEP =   175000   TIME(PS) =    2050.000  TEMP(K) =   300.06  PRESS =     0.0
 Etot   =   -117007.3765  EKtot   =     20510.3984  EPtot      =   -137517.7750
 BOND   =       551.5842  ANGLE   =      1481.1101  DIHED      =       989.9847
 UB     =         0.0000  IMP     =         0.0000  CMAP       =       142.3775
 1-4 NB =       655.0795  1-4 EEL =      5922.3338  VDWAALS    =     16370.6384
 EELEC  =   -163630.8833  EHBOND  =         0.0000  RESTRAINT  =         0.0000
 EKCMT  =         0.0000  VIRIAL  =         0.0000  VOLUME     =    332849.3724
                                                    Density    =         1.0343
 ------------------------------------------------------------------------------

wrapping first mol.:      -75.62823        0.00000        0.00000
wrapping first mol.:      -75.62823        0.00000        0.00000
wrapping first mol.:      -75.66447        0.00000        0.00000
wrapping first mol.:      -75.66447        0.00000        0.00000
wrapping first mol.:      -75.78421        0.00000        0.00000
wrapping first mol.:      -75.78421        0.00000        0.00000
wrapping first mol.:      -75.72542        0.00000        0.00000
wrapping first mol.:      -75.72542        0.00000        0.00000
wrapping first mol.:      -75.65891        0.00000        0.00000
wrapping first mol.:      -75.65891        0.00000        0.00000

 NSTEP =   200000   TIME(PS) =    2100.000  TEMP(K) =   301.11  PRESS =     0.0
 Etot   =   -117096.0521  EKtot   =     20582.4941  EPtot      =   -137678.5463
 BOND   =       570.0389  ANGLE   =      1508.1197  DIHED      =       986.9480
 UB     =         0.0000  IMP     =         0.0000  CMAP       =       135.9290
 1-4 NB =       649.9642  1-4 EEL =      5816.1917  VDWAALS    =     16194.2994
 EELEC  =   -163540.0372  EHBOND  =         0.0000  RESTRAINT  =         0.0000
 EKCMT  =         0.0000  VIRIAL  =         0.0000  VOLUME     =    333394.4498
                                                    Density    =         1.0326
 ------------------------------------------------------------------------------

wrapping first mol.:      -75.68974        0.00000        0.00000
wrapping first mol.:      -75.68974        0.00000        0.00000
wrapping first mol.:      -75.68694        0.00000        0.00000
wrapping first mol.:      -75.68694        0.00000        0.00000
wrapping first mol.:      -75.65056        0.00000        0.00000
wrapping first mol.:      -75.65056        0.00000        0.00000
wrapping first mol.:      -75.64866        0.00000        0.00000
wrapping first mol.:      -75.64866        0.00000        0.00000
wrapping first mol.:      -75.71398        0.00000        0.00000
wrapping first mol.:      -75.71398        0.00000        0.00000

 NSTEP =   225000   TIME(PS) =    2150.000  TEMP(K) =   299.20  PRESS =     0.0
 Etot   =   -116894.7149  EKtot   =     20451.6367  EPtot      =   -137346.3516
 BOND   =       553.2034  ANGLE   =      1524.0421  DIHED      =      1039.7416
 UB     =         0.0000  IMP     =         0.0000  CMAP       =       139.1784
 1-4 NB =       655.7484  1-4 EEL =      5867.1338  VDWAALS    =     16401.3697
 EELEC  =   -163526.7691  EHBOND  =         0.0000  RESTRAINT  =         0.0000
 EKCMT  =         0.0000  VIRIAL  =         0.0000  VOLUME     =    334122.9273
                                                    Density    =         1.0303
 ------------------------------------------------------------------------------

wrapping first mol.:      -75.68140        0.00000        0.00000
wrapping first mol.:      -75.68140        0.00000        0.00000
wrapping first mol.:      -75.68303        0.00000        0.00000
wrapping first mol.:      -75.68303        0.00000        0.00000
wrapping first mol.:      -75.59095        0.00000        0.00000
wrapping first mol.:      -75.59095        0.00000        0.00000
wrapping first mol.:      -75.62257        0.00000        0.00000
wrapping first mol.:      -75.62257        0.00000        0.00000
wrapping first mol.:      -75.65696        0.00000        0.00000
wrapping first mol.:      -75.65696        0.00000        0.00000

 NSTEP =   250000   TIME(PS) =    2200.000  TEMP(K) =   298.50  PRESS =     0.0
 Etot   =   -116990.6063  EKtot   =     20404.0898  EPtot      =   -137394.6962
 BOND   =       547.4017  ANGLE   =      1556.0243  DIHED      =       987.6544
 UB     =         0.0000  IMP     =         0.0000  CMAP       =       151.1109
 1-4 NB =       642.1077  1-4 EEL =      5917.6449  VDWAALS    =     16214.9898
 EELEC  =   -163411.6298  EHBOND  =         0.0000  RESTRAINT  =         0.0000
 EKCMT  =         0.0000  VIRIAL  =         0.0000  VOLUME     =    333368.6174
                                                    Density    =         1.0327
 ------------------------------------------------------------------------------

wrapping first mol.:      -75.67096        0.00000        0.00000
wrapping first mol.:      -75.67096        0.00000        0.00000
wrapping first mol.:      -75.67658        0.00000        0.00000
wrapping first mol.:      -75.67658        0.00000        0.00000
wrapping first mol.:      -75.61877        0.00000        0.00000
wrapping first mol.:      -75.61877        0.00000        0.00000
wrapping first mol.:      -75.69079        0.00000        0.00000
wrapping first mol.:      -75.69079        0.00000        0.00000
wrapping first mol.:      -75.63273        0.00000        0.00000
wrapping first mol.:      -75.63273        0.00000        0.00000

 NSTEP =   275000   TIME(PS) =    2250.000  TEMP(K) =   299.56  PRESS =     0.0
 Etot   =   -116736.0494  EKtot   =     20476.4434  EPtot      =   -137212.4928
 BOND   =       578.2935  ANGLE   =      1528.0847  DIHED      =      1001.8938
 UB     =         0.0000  IMP     =         0.0000  CMAP       =       142.8567
 1-4 NB =       652.2259  1-4 EEL =      5871.0963  VDWAALS    =     16144.3614
 EELEC  =   -163131.3052  EHBOND  =         0.0000  RESTRAINT  =         0.0000
 EKCMT  =         0.0000  VIRIAL  =         0.0000  VOLUME     =    333048.4847
                                                    Density    =         1.0337
 ------------------------------------------------------------------------------

wrapping first mol.:      -75.57333        0.00000        0.00000
wrapping first mol.:      -75.57333        0.00000        0.00000
wrapping first mol.:      -75.67720        0.00000        0.00000
wrapping first mol.:      -75.67720        0.00000        0.00000
wrapping first mol.:      -75.66693        0.00000        0.00000
wrapping first mol.:      -75.66693        0.00000        0.00000
wrapping first mol.:      -75.67223        0.00000        0.00000
wrapping first mol.:      -75.67223        0.00000        0.00000
wrapping first mol.:      -75.60003        0.00000        0.00000
wrapping first mol.:      -75.60003        0.00000        0.00000

 NSTEP =   300000   TIME(PS) =    2300.000  TEMP(K) =   301.38  PRESS =     0.0
 Etot   =   -116880.9522  EKtot   =     20600.5254  EPtot      =   -137481.4776
 BOND   =       507.6141  ANGLE   =      1525.3853  DIHED      =      1032.1918
 UB     =         0.0000  IMP     =         0.0000  CMAP       =       126.7012
 1-4 NB =       657.7142  1-4 EEL =      5874.1627  VDWAALS    =     16499.1332
 EELEC  =   -163704.3802  EHBOND  =         0.0000  RESTRAINT  =         0.0000
 EKCMT  =         0.0000  VIRIAL  =         0.0000  VOLUME     =    332616.6741
                                                    Density    =         1.0350
 ------------------------------------------------------------------------------

wrapping first mol.:      -75.61921        0.00000        0.00000
wrapping first mol.:      -75.61921        0.00000        0.00000
wrapping first mol.:      -75.67040        0.00000        0.00000
wrapping first mol.:      -75.67040        0.00000        0.00000
wrapping first mol.:      -75.69851        0.00000        0.00000
wrapping first mol.:      -75.69851        0.00000        0.00000
wrapping first mol.:      -75.64427        0.00000        0.00000
wrapping first mol.:      -75.64427        0.00000        0.00000
wrapping first mol.:      -75.62740        0.00000        0.00000
wrapping first mol.:      -75.62740        0.00000        0.00000

 NSTEP =   325000   TIME(PS) =    2350.000  TEMP(K) =   298.98  PRESS =     0.0
 Etot   =   -116863.6594  EKtot   =     20436.6152  EPtot      =   -137300.2746
 BOND   =       532.6555  ANGLE   =      1535.7964  DIHED      =      1015.9365
 UB     =         0.0000  IMP     =         0.0000  CMAP       =       131.6055
 1-4 NB =       647.2463  1-4 EEL =      5878.3285  VDWAALS    =     16429.9401
 EELEC  =   -163471.7834  EHBOND  =         0.0000  RESTRAINT  =         0.0000
 EKCMT  =         0.0000  VIRIAL  =         0.0000  VOLUME     =    332978.1162
                                                    Density    =         1.0339
 ------------------------------------------------------------------------------

wrapping first mol.:      -75.72679        0.00000        0.00000
wrapping first mol.:      -75.72679        0.00000        0.00000
wrapping first mol.:      -75.65839        0.00000        0.00000
wrapping first mol.:      -75.65839        0.00000        0.00000
wrapping first mol.:      -75.73583        0.00000        0.00000
wrapping first mol.:      -75.73583        0.00000        0.00000
wrapping first mol.:      -75.84701        0.00000        0.00000
wrapping first mol.:      -75.84701        0.00000        0.00000
wrapping first mol.:      -75.70775        0.00000        0.00000
wrapping first mol.:      -75.70775        0.00000        0.00000

 NSTEP =   350000   TIME(PS) =    2400.000  TEMP(K) =   296.92  PRESS =     0.0
 Etot   =   -117046.4746  EKtot   =     20295.6621  EPtot      =   -137342.1367
 BOND   =       554.3492  ANGLE   =      1501.3237  DIHED      =      1027.3530
 UB     =         0.0000  IMP     =         0.0000  CMAP       =       129.6619
 1-4 NB =       653.8053  1-4 EEL =      5881.1001  VDWAALS    =     16390.0154
 EELEC  =   -163479.7453  EHBOND  =         0.0000  RESTRAINT  =         0.0000
 EKCMT  =         0.0000  VIRIAL  =         0.0000  VOLUME     =    334040.4819
                                                    Density    =         1.0306
 ------------------------------------------------------------------------------

wrapping first mol.:      -75.74306        0.00000        0.00000
wrapping first mol.:      -75.74306        0.00000        0.00000
wrapping first mol.:      -75.74293        0.00000        0.00000
wrapping first mol.:      -75.74293        0.00000        0.00000
wrapping first mol.:      -75.58071        0.00000        0.00000
wrapping first mol.:      -75.58071        0.00000        0.00000
wrapping first mol.:      -75.60705        0.00000        0.00000
wrapping first mol.:      -75.60705        0.00000        0.00000
wrapping first mol.:      -75.74117        0.00000        0.00000
wrapping first mol.:      -75.74117        0.00000        0.00000

 NSTEP =   375000   TIME(PS) =    2450.000  TEMP(K) =   299.92  PRESS =     0.0
 Etot   =   -116767.5011  EKtot   =     20501.1016  EPtot      =   -137268.6027
 BOND   =       541.8119  ANGLE   =      1490.5290  DIHED      =      1016.3626
 UB     =         0.0000  IMP     =         0.0000  CMAP       =       138.7443
 1-4 NB =       652.8918  1-4 EEL =      5926.6786  VDWAALS    =     16361.8621
 EELEC  =   -163397.4830  EHBOND  =         0.0000  RESTRAINT  =         0.0000
 EKCMT  =         0.0000  VIRIAL  =         0.0000  VOLUME     =    334483.1158
                                                    Density    =         1.0292
 ------------------------------------------------------------------------------

wrapping first mol.:      -75.70885        0.00000        0.00000
wrapping first mol.:      -75.70885        0.00000        0.00000
wrapping first mol.:      -75.76202        0.00000        0.00000
wrapping first mol.:      -75.76202        0.00000        0.00000
wrapping first mol.:      -75.78438        0.00000        0.00000
wrapping first mol.:      -75.78438        0.00000        0.00000
wrapping first mol.:      -75.60485        0.00000        0.00000
wrapping first mol.:      -75.60485        0.00000        0.00000
wrapping first mol.:      -75.75521        0.00000        0.00000
wrapping first mol.:      -75.75521        0.00000        0.00000

 NSTEP =   400000   TIME(PS) =    2500.000  TEMP(K) =   302.35  PRESS =     0.0
 Etot   =   -116702.1072  EKtot   =     20667.2832  EPtot      =   -137369.3904
 BOND   =       568.8675  ANGLE   =      1539.1801  DIHED      =      1010.6120
 UB     =         0.0000  IMP     =         0.0000  CMAP       =       142.8926
 1-4 NB =       642.2310  1-4 EEL =      5858.5329  VDWAALS    =     16536.2622
 EELEC  =   -163667.9687  EHBOND  =         0.0000  RESTRAINT  =         0.0000
 EKCMT  =         0.0000  VIRIAL  =         0.0000  VOLUME     =    334669.0919
                                                    Density    =         1.0287
 ------------------------------------------------------------------------------

wrapping first mol.:      -75.64368        0.00000        0.00000
wrapping first mol.:      -75.64368        0.00000        0.00000
wrapping first mol.:      -75.66659        0.00000        0.00000
wrapping first mol.:      -75.66659        0.00000        0.00000
wrapping first mol.:      -75.63059        0.00000        0.00000
wrapping first mol.:      -75.63059        0.00000        0.00000
wrapping first mol.:      -75.72082        0.00000        0.00000
wrapping first mol.:      -75.72082        0.00000        0.00000
wrapping first mol.:      -75.70583        0.00000        0.00000
wrapping first mol.:      -75.70583        0.00000        0.00000

 NSTEP =   425000   TIME(PS) =    2550.000  TEMP(K) =   299.97  PRESS =     0.0
 Etot   =   -117031.7387  EKtot   =     20504.5234  EPtot      =   -137536.2622
 BOND   =       533.2526  ANGLE   =      1458.8682  DIHED      =       973.3012
 UB     =         0.0000  IMP     =         0.0000  CMAP       =       138.9213
 1-4 NB =       652.2864  1-4 EEL =      5871.2667  VDWAALS    =     16470.6521
 EELEC  =   -163634.8107  EHBOND  =         0.0000  RESTRAINT  =         0.0000
 EKCMT  =         0.0000  VIRIAL  =         0.0000  VOLUME     =    334015.0969
                                                    Density    =         1.0307
 ------------------------------------------------------------------------------

wrapping first mol.:      -75.60651        0.00000        0.00000
wrapping first mol.:      -75.60651        0.00000        0.00000
wrapping first mol.:      -75.68216        0.00000        0.00000
wrapping first mol.:      -75.68216        0.00000        0.00000
wrapping first mol.:      -75.68528        0.00000        0.00000
wrapping first mol.:      -75.68528        0.00000        0.00000
wrapping first mol.:      -75.77465        0.00000        0.00000
wrapping first mol.:      -75.77465        0.00000        0.00000
wrapping first mol.:      -75.65959        0.00000        0.00000
wrapping first mol.:      -75.65959        0.00000        0.00000

 NSTEP =   450000   TIME(PS) =    2600.000  TEMP(K) =   299.60  PRESS =     0.0
 Etot   =   -117013.4476  EKtot   =     20479.2461  EPtot      =   -137492.6937
 BOND   =       563.8845  ANGLE   =      1518.5262  DIHED      =      1018.3869
 UB     =         0.0000  IMP     =         0.0000  CMAP       =       127.4112
 1-4 NB =       639.6658  1-4 EEL =      5869.6878  VDWAALS    =     16357.4915
 EELEC  =   -163587.7476  EHBOND  =         0.0000  RESTRAINT  =         0.0000
 EKCMT  =         0.0000  VIRIAL  =         0.0000  VOLUME     =    333403.4245
                                                    Density    =         1.0326
 ------------------------------------------------------------------------------

wrapping first mol.:      -75.63908        0.00000        0.00000
wrapping first mol.:      -75.63908        0.00000        0.00000
wrapping first mol.:      -75.63507        0.00000        0.00000
wrapping first mol.:      -75.63507        0.00000        0.00000
wrapping first mol.:      -75.77227        0.00000        0.00000
wrapping first mol.:      -75.77227        0.00000        0.00000
wrapping first mol.:      -75.55663        0.00000        0.00000
wrapping first mol.:      -75.55663        0.00000        0.00000
wrapping first mol.:      -75.62233        0.00000        0.00000
wrapping first mol.:      -75.62233        0.00000        0.00000

 NSTEP =   475000   TIME(PS) =    2650.000  TEMP(K) =   298.05  PRESS =     0.0
 Etot   =   -117019.0696  EKtot   =     20373.0410  EPtot      =   -137392.1106
 BOND   =       545.8303  ANGLE   =      1510.8149  DIHED      =       988.2023
 UB     =         0.0000  IMP     =         0.0000  CMAP       =       138.4441
 1-4 NB =       656.4726  1-4 EEL =      5870.1735  VDWAALS    =     16361.1142
 EELEC  =   -163463.1625  EHBOND  =         0.0000  RESTRAINT  =         0.0000
 EKCMT  =         0.0000  VIRIAL  =         0.0000  VOLUME     =    332911.0844
                                                    Density    =         1.0341
 ------------------------------------------------------------------------------

wrapping first mol.:      -75.76836        0.00000        0.00000
wrapping first mol.:      -75.76836        0.00000        0.00000
wrapping first mol.:      -75.70379        0.00000        0.00000
wrapping first mol.:      -75.70379        0.00000        0.00000
wrapping first mol.:      -75.68620        0.00000        0.00000
wrapping first mol.:      -75.68620        0.00000        0.00000
wrapping first mol.:      -75.80103        0.00000        0.00000
wrapping first mol.:      -75.80103        0.00000        0.00000
wrapping first mol.:      -75.72539        0.00000        0.00000
wrapping first mol.:      -75.72539        0.00000        0.00000

 NSTEP =   500000   TIME(PS) =    2700.000  TEMP(K) =   298.49  PRESS =     0.0
 Etot   =   -117119.1906  EKtot   =     20403.1387  EPtot      =   -137522.3293
 BOND   =       569.0838  ANGLE   =      1491.2123  DIHED      =       979.2943
 UB     =         0.0000  IMP     =         0.0000  CMAP       =       141.4613
 1-4 NB =       640.7752  1-4 EEL =      5850.2751  VDWAALS    =     16429.8471
 EELEC  =   -163624.2783  EHBOND  =         0.0000  RESTRAINT  =         0.0000
 EKCMT  =         0.0000  VIRIAL  =         0.0000  VOLUME     =    334274.1216
                                                    Density    =         1.0299
 ------------------------------------------------------------------------------

wrapping first mol.:      -75.70226        0.00000        0.00000
wrapping first mol.:      -75.70226        0.00000        0.00000
wrapping first mol.:      -75.65148        0.00000        0.00000
wrapping first mol.:      -75.65148        0.00000        0.00000
wrapping first mol.:      -75.65485        0.00000        0.00000
wrapping first mol.:      -75.65485        0.00000        0.00000
wrapping first mol.:      -75.61636        0.00000        0.00000
wrapping first mol.:      -75.61636        0.00000        0.00000
wrapping first mol.:      -75.64945        0.00000        0.00000
wrapping first mol.:      -75.64945        0.00000        0.00000

 NSTEP =   525000   TIME(PS) =    2750.000  TEMP(K) =   300.63  PRESS =     0.0
 Etot   =   -117113.2549  EKtot   =     20549.6035  EPtot      =   -137662.8584
 BOND   =       619.6403  ANGLE   =      1458.6424  DIHED      =       985.7921
 UB     =         0.0000  IMP     =         0.0000  CMAP       =       131.6683
 1-4 NB =       636.7795  1-4 EEL =      5899.1321  VDWAALS    =     16371.0623
 EELEC  =   -163765.5753  EHBOND  =         0.0000  RESTRAINT  =         0.0000
 EKCMT  =         0.0000  VIRIAL  =         0.0000  VOLUME     =    333269.4187
                                                    Density    =         1.0330
 ------------------------------------------------------------------------------

wrapping first mol.:      -75.74045        0.00000        0.00000
wrapping first mol.:      -75.74045        0.00000        0.00000
wrapping first mol.:      -75.74093        0.00000        0.00000
wrapping first mol.:      -75.74093        0.00000        0.00000
wrapping first mol.:      -75.70351        0.00000        0.00000
wrapping first mol.:      -75.70351        0.00000        0.00000
wrapping first mol.:      -75.65566        0.00000        0.00000
wrapping first mol.:      -75.65566        0.00000        0.00000
wrapping first mol.:      -75.66978        0.00000        0.00000
wrapping first mol.:      -75.66978        0.00000        0.00000

 NSTEP =   550000   TIME(PS) =    2800.000  TEMP(K) =   299.88  PRESS =     0.0
 Etot   =   -117108.8000  EKtot   =     20497.8223  EPtot      =   -137606.6223
 BOND   =       558.6611  ANGLE   =      1515.1884  DIHED      =       991.1787
 UB     =         0.0000  IMP     =         0.0000  CMAP       =       138.4089
 1-4 NB =       626.8903  1-4 EEL =      5837.5586  VDWAALS    =     16441.8145
 EELEC  =   -163716.3228  EHBOND  =         0.0000  RESTRAINT  =         0.0000
 EKCMT  =         0.0000  VIRIAL  =         0.0000  VOLUME     =    333538.1635
                                                    Density    =         1.0321
 ------------------------------------------------------------------------------

wrapping first mol.:      -75.66114        0.00000        0.00000
wrapping first mol.:      -75.66114        0.00000        0.00000
wrapping first mol.:      -75.60805        0.00000        0.00000
wrapping first mol.:      -75.60805        0.00000        0.00000
wrapping first mol.:      -75.72320        0.00000        0.00000
wrapping first mol.:      -75.72320        0.00000        0.00000
wrapping first mol.:      -75.69593        0.00000        0.00000
wrapping first mol.:      -75.69593        0.00000        0.00000
wrapping first mol.:      -75.70130        0.00000        0.00000
wrapping first mol.:      -75.70130        0.00000        0.00000

 NSTEP =   575000   TIME(PS) =    2850.000  TEMP(K) =   300.71  PRESS =     0.0
 Etot   =   -116819.4709  EKtot   =     20555.0918  EPtot      =   -137374.5627
 BOND   =       555.3598  ANGLE   =      1541.5852  DIHED      =      1018.5466
 UB     =         0.0000  IMP     =         0.0000  CMAP       =       142.4955
 1-4 NB =       657.5291  1-4 EEL =      5914.0707  VDWAALS    =     16289.2283
 EELEC  =   -163493.3779  EHBOND  =         0.0000  RESTRAINT  =         0.0000
 EKCMT  =         0.0000  VIRIAL  =         0.0000  VOLUME     =    333955.0935
                                                    Density    =         1.0309
 ------------------------------------------------------------------------------

wrapping first mol.:      -75.72164        0.00000        0.00000
wrapping first mol.:      -75.72164        0.00000        0.00000
wrapping first mol.:      -75.70038        0.00000        0.00000
wrapping first mol.:      -75.70038        0.00000        0.00000
wrapping first mol.:      -75.68705        0.00000        0.00000
wrapping first mol.:      -75.68705        0.00000        0.00000
wrapping first mol.:      -75.63795        0.00000        0.00000
wrapping first mol.:      -75.63795        0.00000        0.00000
wrapping first mol.:      -75.74452        0.00000        0.00000
wrapping first mol.:      -75.74452        0.00000        0.00000

 NSTEP =   600000   TIME(PS) =    2900.000  TEMP(K) =   299.23  PRESS =     0.0
 Etot   =   -116782.0535  EKtot   =     20453.7207  EPtot      =   -137235.7742
 BOND   =       561.7633  ANGLE   =      1528.1041  DIHED      =      1019.6131
 UB     =         0.0000  IMP     =         0.0000  CMAP       =       134.2132
 1-4 NB =       661.2443  1-4 EEL =      5874.8182  VDWAALS    =     16187.6345
 EELEC  =   -163203.1649  EHBOND  =         0.0000  RESTRAINT  =         0.0000
 EKCMT  =         0.0000  VIRIAL  =         0.0000  VOLUME     =    334527.4174
                                                    Density    =         1.0291
 ------------------------------------------------------------------------------

wrapping first mol.:      -75.53554        0.00000        0.00000
wrapping first mol.:      -75.53554        0.00000        0.00000
wrapping first mol.:      -75.67841        0.00000        0.00000
wrapping first mol.:      -75.67841        0.00000        0.00000
wrapping first mol.:      -75.73426        0.00000        0.00000
wrapping first mol.:      -75.73426        0.00000        0.00000
wrapping first mol.:      -75.75824        0.00000        0.00000
wrapping first mol.:      -75.75824        0.00000        0.00000
wrapping first mol.:      -75.68391        0.00000        0.00000
wrapping first mol.:      -75.68391        0.00000        0.00000

 NSTEP =   625000   TIME(PS) =    2950.000  TEMP(K) =   297.36  PRESS =     0.0
 Etot   =   -117139.3564  EKtot   =     20325.6699  EPtot      =   -137465.0263
 BOND   =       578.4720  ANGLE   =      1537.1682  DIHED      =      1003.2349
 UB     =         0.0000  IMP     =         0.0000  CMAP       =       140.5437
 1-4 NB =       631.0862  1-4 EEL =      5873.8417  VDWAALS    =     16495.0696
 EELEC  =   -163724.4425  EHBOND  =         0.0000  RESTRAINT  =         0.0000
 EKCMT  =         0.0000  VIRIAL  =         0.0000  VOLUME     =    333725.0014
                                                    Density    =         1.0316
 ------------------------------------------------------------------------------

wrapping first mol.:      -75.58326        0.00000        0.00000
wrapping first mol.:      -75.58326        0.00000        0.00000
wrapping first mol.:      -75.67582        0.00000        0.00000
wrapping first mol.:      -75.67582        0.00000        0.00000
wrapping first mol.:      -75.70975        0.00000        0.00000
wrapping first mol.:      -75.70975        0.00000        0.00000
wrapping first mol.:      -75.67471        0.00000        0.00000
wrapping first mol.:      -75.67471        0.00000        0.00000
wrapping first mol.:      -75.70937        0.00000        0.00000
wrapping first mol.:      -75.70937        0.00000        0.00000

 NSTEP =   650000   TIME(PS) =    3000.000  TEMP(K) =   297.66  PRESS =     0.0
 Etot   =   -117251.9909  EKtot   =     20346.6113  EPtot      =   -137598.6023
 BOND   =       566.3130  ANGLE   =      1556.8793  DIHED      =      1027.5400
 UB     =         0.0000  IMP     =         0.0000  CMAP       =       141.4733
 1-4 NB =       645.9299  1-4 EEL =      5860.2347  VDWAALS    =     16334.0374
 EELEC  =   -163731.0097  EHBOND  =         0.0000  RESTRAINT  =         0.0000
 EKCMT  =         0.0000  VIRIAL  =         0.0000  VOLUME     =    334061.9498
                                                    Density    =         1.0305
 ------------------------------------------------------------------------------

wrapping first mol.:      -75.68084        0.00000        0.00000
wrapping first mol.:      -75.68084        0.00000        0.00000
wrapping first mol.:      -75.71318        0.00000        0.00000
wrapping first mol.:      -75.71318        0.00000        0.00000
wrapping first mol.:      -75.78337        0.00000        0.00000
wrapping first mol.:      -75.78337        0.00000        0.00000
wrapping first mol.:      -75.74709        0.00000        0.00000
wrapping first mol.:      -75.74709        0.00000        0.00000
wrapping first mol.:      -75.75563        0.00000        0.00000
wrapping first mol.:      -75.75563        0.00000        0.00000

 NSTEP =   675000   TIME(PS) =    3050.000  TEMP(K) =   301.53  PRESS =     0.0
 Etot   =   -116866.0717  EKtot   =     20610.7168  EPtot      =   -137476.7885
 BOND   =       568.8212  ANGLE   =      1546.8356  DIHED      =       972.2342
 UB     =         0.0000  IMP     =         0.0000  CMAP       =       142.9146
 1-4 NB =       642.6061  1-4 EEL =      5901.0523  VDWAALS    =     16330.6333
 EELEC  =   -163581.8859  EHBOND  =         0.0000  RESTRAINT  =         0.0000
 EKCMT  =         0.0000  VIRIAL  =         0.0000  VOLUME     =    334674.7612
                                                    Density    =         1.0286
 ------------------------------------------------------------------------------

wrapping first mol.:      -75.68031        0.00000        0.00000
wrapping first mol.:      -75.68031        0.00000        0.00000
wrapping first mol.:      -75.64579        0.00000        0.00000
wrapping first mol.:      -75.64579        0.00000        0.00000
wrapping first mol.:      -75.60302        0.00000        0.00000
wrapping first mol.:      -75.60302        0.00000        0.00000
wrapping first mol.:      -75.69841        0.00000        0.00000
wrapping first mol.:      -75.69841        0.00000        0.00000
wrapping first mol.:      -75.69600        0.00000        0.00000
wrapping first mol.:      -75.69600        0.00000        0.00000

 NSTEP =   700000   TIME(PS) =    3100.000  TEMP(K) =   299.29  PRESS =     0.0
 Etot   =   -117085.8295  EKtot   =     20457.5039  EPtot      =   -137543.3334
 BOND   =       543.8526  ANGLE   =      1527.7215  DIHED      =       988.1158
 UB     =         0.0000  IMP     =         0.0000  CMAP       =       150.1299
 1-4 NB =       649.0928  1-4 EEL =      5867.9874  VDWAALS    =     16644.3067
 EELEC  =   -163914.5400  EHBOND  =         0.0000  RESTRAINT  =         0.0000
 EKCMT  =         0.0000  VIRIAL  =         0.0000  VOLUME     =    333885.0506
                                                    Density    =         1.0311
 ------------------------------------------------------------------------------

wrapping first mol.:      -75.69164        0.00000        0.00000
wrapping first mol.:      -75.69164        0.00000        0.00000
wrapping first mol.:      -75.63739        0.00000        0.00000
wrapping first mol.:      -75.63739        0.00000        0.00000
wrapping first mol.:      -75.64614        0.00000        0.00000
wrapping first mol.:      -75.64614        0.00000        0.00000
wrapping first mol.:      -75.56778        0.00000        0.00000
wrapping first mol.:      -75.56778        0.00000        0.00000
wrapping first mol.:      -75.69308        0.00000        0.00000
wrapping first mol.:      -75.69308        0.00000        0.00000

 NSTEP =   725000   TIME(PS) =    3150.000  TEMP(K) =   298.33  PRESS =     0.0
 Etot   =   -117101.1449  EKtot   =     20392.3184  EPtot      =   -137493.4633
 BOND   =       572.0705  ANGLE   =      1544.3315  DIHED      =      1006.4328
 UB     =         0.0000  IMP     =         0.0000  CMAP       =       131.8687
 1-4 NB =       649.3871  1-4 EEL =      5864.7358  VDWAALS    =     16402.9062
 EELEC  =   -163665.1958  EHBOND  =         0.0000  RESTRAINT  =         0.0000
 EKCMT  =         0.0000  VIRIAL  =         0.0000  VOLUME     =    333846.3193
                                                    Density    =         1.0312
 ------------------------------------------------------------------------------

wrapping first mol.:      -75.66574        0.00000        0.00000
wrapping first mol.:      -75.66574        0.00000        0.00000
wrapping first mol.:      -75.74514        0.00000        0.00000
wrapping first mol.:      -75.74514        0.00000        0.00000
wrapping first mol.:      -75.74483        0.00000        0.00000
wrapping first mol.:      -75.74483        0.00000        0.00000
wrapping first mol.:      -75.81413        0.00000        0.00000
wrapping first mol.:      -75.81413        0.00000        0.00000
wrapping first mol.:      -75.68024        0.00000        0.00000
wrapping first mol.:      -75.68024        0.00000        0.00000

 NSTEP =   750000   TIME(PS) =    3200.000  TEMP(K) =   299.29  PRESS =     0.0
 Etot   =   -116970.1536  EKtot   =     20457.9082  EPtot      =   -137428.0619
 BOND   =       561.4597  ANGLE   =      1532.2593  DIHED      =      1009.1887
 UB     =         0.0000  IMP     =         0.0000  CMAP       =       138.8571
 1-4 NB =       653.8390  1-4 EEL =      5856.9793  VDWAALS    =     16236.2812
 EELEC  =   -163416.9261  EHBOND  =         0.0000  RESTRAINT  =         0.0000
 EKCMT  =         0.0000  VIRIAL  =         0.0000  VOLUME     =    333676.5678
                                                    Density    =         1.0317
 ------------------------------------------------------------------------------

wrapping first mol.:      -75.58392        0.00000        0.00000
wrapping first mol.:      -75.58392        0.00000        0.00000
wrapping first mol.:      -75.70693        0.00000        0.00000
wrapping first mol.:      -75.70693        0.00000        0.00000
wrapping first mol.:      -75.68783        0.00000        0.00000
wrapping first mol.:      -75.68783        0.00000        0.00000
wrapping first mol.:      -75.56097        0.00000        0.00000
wrapping first mol.:      -75.56097        0.00000        0.00000
wrapping first mol.:      -75.68984        0.00000        0.00000
wrapping first mol.:      -75.68984        0.00000        0.00000

 NSTEP =   775000   TIME(PS) =    3250.000  TEMP(K) =   301.35  PRESS =     0.0
 Etot   =   -116947.7608  EKtot   =     20598.3965  EPtot      =   -137546.1573
 BOND   =       560.8464  ANGLE   =      1466.8855  DIHED      =       988.8822
 UB     =         0.0000  IMP     =         0.0000  CMAP       =       150.2838
 1-4 NB =       665.7143  1-4 EEL =      5887.4717  VDWAALS    =     16434.3123
 EELEC  =   -163700.5534  EHBOND  =         0.0000  RESTRAINT  =         0.0000
 EKCMT  =         0.0000  VIRIAL  =         0.0000  VOLUME     =    333803.4803
                                                    Density    =         1.0313
 ------------------------------------------------------------------------------

wrapping first mol.:      -75.66292        0.00000        0.00000
wrapping first mol.:      -75.66292        0.00000        0.00000
wrapping first mol.:      -75.76261        0.00000        0.00000
wrapping first mol.:      -75.76261        0.00000        0.00000
wrapping first mol.:      -75.62120        0.00000        0.00000
wrapping first mol.:      -75.62120        0.00000        0.00000
wrapping first mol.:      -75.68533        0.00000        0.00000
wrapping first mol.:      -75.68533        0.00000        0.00000
wrapping first mol.:      -75.66240        0.00000        0.00000
wrapping first mol.:      -75.66240        0.00000        0.00000

 NSTEP =   800000   TIME(PS) =    3300.000  TEMP(K) =   299.36  PRESS =     0.0
 Etot   =   -117339.6793  EKtot   =     20462.3477  EPtot      =   -137802.0270
 BOND   =       575.0534  ANGLE   =      1542.8436  DIHED      =       998.7685
 UB     =         0.0000  IMP     =         0.0000  CMAP       =       144.4603
 1-4 NB =       626.9223  1-4 EEL =      5858.2159  VDWAALS    =     16341.6079
 EELEC  =   -163889.8988  EHBOND  =         0.0000  RESTRAINT  =         0.0000
 EKCMT  =         0.0000  VIRIAL  =         0.0000  VOLUME     =    333440.5641
                                                    Density    =         1.0324
 ------------------------------------------------------------------------------

wrapping first mol.:      -75.82789        0.00000        0.00000
wrapping first mol.:      -75.82789        0.00000        0.00000
wrapping first mol.:      -75.71297        0.00000        0.00000
wrapping first mol.:      -75.71297        0.00000        0.00000
wrapping first mol.:      -75.76629        0.00000        0.00000
wrapping first mol.:      -75.76629        0.00000        0.00000
wrapping first mol.:      -75.64296        0.00000        0.00000
wrapping first mol.:      -75.64296        0.00000        0.00000
wrapping first mol.:      -75.67778        0.00000        0.00000
wrapping first mol.:      -75.67778        0.00000        0.00000

 NSTEP =   825000   TIME(PS) =    3350.000  TEMP(K) =   299.44  PRESS =     0.0
 Etot   =   -117066.5634  EKtot   =     20467.8574  EPtot      =   -137534.4209
 BOND   =       587.7311  ANGLE   =      1571.7469  DIHED      =       979.0680
 UB     =         0.0000  IMP     =         0.0000  CMAP       =       144.2087
 1-4 NB =       631.9933  1-4 EEL =      5880.7386  VDWAALS    =     16445.4116
 EELEC  =   -163775.3192  EHBOND  =         0.0000  RESTRAINT  =         0.0000
 EKCMT  =         0.0000  VIRIAL  =         0.0000  VOLUME     =    333643.9229
                                                    Density    =         1.0318
 ------------------------------------------------------------------------------

wrapping first mol.:      -75.77366        0.00000        0.00000
wrapping first mol.:      -75.77366        0.00000        0.00000
wrapping first mol.:      -75.71034        0.00000        0.00000
wrapping first mol.:      -75.71034        0.00000        0.00000
wrapping first mol.:      -75.69115        0.00000        0.00000
wrapping first mol.:      -75.69115        0.00000        0.00000
wrapping first mol.:      -75.68285        0.00000        0.00000
wrapping first mol.:      -75.68285        0.00000        0.00000
wrapping first mol.:      -75.69523        0.00000        0.00000
wrapping first mol.:      -75.69523        0.00000        0.00000

 NSTEP =   850000   TIME(PS) =    3400.000  TEMP(K) =   299.04  PRESS =     0.0
 Etot   =   -117176.9288  EKtot   =     20440.6680  EPtot      =   -137617.5968
 BOND   =       612.0547  ANGLE   =      1507.4719  DIHED      =      1018.1323
 UB     =         0.0000  IMP     =         0.0000  CMAP       =       149.1609
 1-4 NB =       647.8347  1-4 EEL =      5827.2546  VDWAALS    =     16585.4720
 EELEC  =   -163964.9779  EHBOND  =         0.0000  RESTRAINT  =         0.0000
 EKCMT  =         0.0000  VIRIAL  =         0.0000  VOLUME     =    333874.8078
                                                    Density    =         1.0311
 ------------------------------------------------------------------------------

wrapping first mol.:      -75.67692        0.00000        0.00000
wrapping first mol.:      -75.67692        0.00000        0.00000
wrapping first mol.:      -75.71047        0.00000        0.00000
wrapping first mol.:      -75.71047        0.00000        0.00000
wrapping first mol.:      -75.69853        0.00000        0.00000
wrapping first mol.:      -75.69853        0.00000        0.00000
wrapping first mol.:      -75.60143        0.00000        0.00000
wrapping first mol.:      -75.60143        0.00000        0.00000
wrapping first mol.:      -75.60844        0.00000        0.00000
wrapping first mol.:      -75.60844        0.00000        0.00000

 NSTEP =   875000   TIME(PS) =    3450.000  TEMP(K) =   298.77  PRESS =     0.0
 Etot   =   -117046.0802  EKtot   =     20422.3242  EPtot      =   -137468.4044
 BOND   =       594.6692  ANGLE   =      1521.2722  DIHED      =      1003.7509
 UB     =         0.0000  IMP     =         0.0000  CMAP       =       141.1668
 1-4 NB =       657.5013  1-4 EEL =      5858.1153  VDWAALS    =     16768.4935
 EELEC  =   -164013.3736  EHBOND  =         0.0000  RESTRAINT  =         0.0000
 EKCMT  =         0.0000  VIRIAL  =         0.0000  VOLUME     =    332727.7454
                                                    Density    =         1.0347
 ------------------------------------------------------------------------------

wrapping first mol.:      -75.62917        0.00000        0.00000
wrapping first mol.:      -75.62917        0.00000        0.00000
wrapping first mol.:      -75.73041        0.00000        0.00000
wrapping first mol.:      -75.73041        0.00000        0.00000
wrapping first mol.:      -75.74601        0.00000        0.00000
wrapping first mol.:      -75.74601        0.00000        0.00000
wrapping first mol.:      -75.77817        0.00000        0.00000
wrapping first mol.:      -75.77817        0.00000        0.00000
wrapping first mol.:      -75.61402        0.00000        0.00000
wrapping first mol.:      -75.61402        0.00000        0.00000

 NSTEP =   900000   TIME(PS) =    3500.000  TEMP(K) =   299.21  PRESS =     0.0
 Etot   =   -116657.0326  EKtot   =     20452.2812  EPtot      =   -137109.3139
 BOND   =       572.9833  ANGLE   =      1556.6116  DIHED      =       991.1154
 UB     =         0.0000  IMP     =         0.0000  CMAP       =       146.3336
 1-4 NB =       642.6159  1-4 EEL =      5845.6104  VDWAALS    =     16287.1996
 EELEC  =   -163151.7837  EHBOND  =         0.0000  RESTRAINT  =         0.0000
 EKCMT  =         0.0000  VIRIAL  =         0.0000  VOLUME     =    332801.3528
                                                    Density    =         1.0344
 ------------------------------------------------------------------------------

wrapping first mol.:      -75.68570        0.00000        0.00000
wrapping first mol.:      -75.68570        0.00000        0.00000
wrapping first mol.:      -75.63166        0.00000        0.00000
wrapping first mol.:      -75.63166        0.00000        0.00000
wrapping first mol.:      -75.64675        0.00000        0.00000
wrapping first mol.:      -75.64675        0.00000        0.00000
wrapping first mol.:      -75.64484        0.00000        0.00000
wrapping first mol.:      -75.64484        0.00000        0.00000
wrapping first mol.:      -75.75844        0.00000        0.00000
wrapping first mol.:      -75.75844        0.00000        0.00000

 NSTEP =   925000   TIME(PS) =    3550.000  TEMP(K) =   299.31  PRESS =     0.0
 Etot   =   -117026.6610  EKtot   =     20458.9180  EPtot      =   -137485.5789
 BOND   =       611.6797  ANGLE   =      1570.0652  DIHED      =      1025.2200
 UB     =         0.0000  IMP     =         0.0000  CMAP       =       147.2129
 1-4 NB =       634.5305  1-4 EEL =      5875.4334  VDWAALS    =     16278.3275
 EELEC  =   -163628.0482  EHBOND  =         0.0000  RESTRAINT  =         0.0000
 EKCMT  =         0.0000  VIRIAL  =         0.0000  VOLUME     =    334711.9160
                                                    Density    =         1.0285
 ------------------------------------------------------------------------------

wrapping first mol.:      -75.66124        0.00000        0.00000
wrapping first mol.:      -75.66124        0.00000        0.00000
wrapping first mol.:      -75.68290        0.00000        0.00000
wrapping first mol.:      -75.68290        0.00000        0.00000
wrapping first mol.:      -75.70278        0.00000        0.00000
wrapping first mol.:      -75.70278        0.00000        0.00000
wrapping first mol.:      -75.70376        0.00000        0.00000
wrapping first mol.:      -75.70376        0.00000        0.00000
wrapping first mol.:      -75.81435        0.00000        0.00000
wrapping first mol.:      -75.81435        0.00000        0.00000

 NSTEP =   950000   TIME(PS) =    3600.000  TEMP(K) =   297.59  PRESS =     0.0
 Etot   =   -117001.5103  EKtot   =     20341.3477  EPtot      =   -137342.8580
 BOND   =       594.2624  ANGLE   =      1562.5293  DIHED      =      1006.0839
 UB     =         0.0000  IMP     =         0.0000  CMAP       =       139.3684
 1-4 NB =       649.7322  1-4 EEL =      5935.4117  VDWAALS    =     16180.5674
 EELEC  =   -163410.8132  EHBOND  =         0.0000  RESTRAINT  =         0.0000
 EKCMT  =         0.0000  VIRIAL  =         0.0000  VOLUME     =    335453.6058
                                                    Density    =         1.0263
 ------------------------------------------------------------------------------

wrapping first mol.:      -75.74823        0.00000        0.00000
wrapping first mol.:      -75.74823        0.00000        0.00000
wrapping first mol.:      -75.75882        0.00000        0.00000
wrapping first mol.:      -75.75882        0.00000        0.00000
wrapping first mol.:      -75.60637        0.00000        0.00000
wrapping first mol.:      -75.60637        0.00000        0.00000
wrapping first mol.:      -75.68842        0.00000        0.00000
wrapping first mol.:      -75.68842        0.00000        0.00000
wrapping first mol.:      -75.62987        0.00000        0.00000
wrapping first mol.:      -75.62987        0.00000        0.00000

 NSTEP =   975000   TIME(PS) =    3650.000  TEMP(K) =   300.24  PRESS =     0.0
 Etot   =   -116754.4344  EKtot   =     20522.8516  EPtot      =   -137277.2859
 BOND   =       576.7408  ANGLE   =      1548.8298  DIHED      =       984.9496
 UB     =         0.0000  IMP     =         0.0000  CMAP       =       144.8270
 1-4 NB =       657.8382  1-4 EEL =      5916.2871  VDWAALS    =     16312.3904
 EELEC  =   -163419.1489  EHBOND  =         0.0000  RESTRAINT  =         0.0000
 EKCMT  =         0.0000  VIRIAL  =         0.0000  VOLUME     =    333010.7463
                                                    Density    =         1.0338
 ------------------------------------------------------------------------------

wrapping first mol.:      -75.69243        0.00000        0.00000
wrapping first mol.:      -75.69243        0.00000        0.00000
wrapping first mol.:      -75.67391        0.00000        0.00000
wrapping first mol.:      -75.67391        0.00000        0.00000
wrapping first mol.:      -75.75694        0.00000        0.00000
wrapping first mol.:      -75.75694        0.00000        0.00000
wrapping first mol.:      -75.68005        0.00000        0.00000
wrapping first mol.:      -75.68005        0.00000        0.00000
wrapping first mol.:      -75.69969        0.00000        0.00000
wrapping first mol.:      -75.69969        0.00000        0.00000

 NSTEP =  1000000   TIME(PS) =    3700.000  TEMP(K) =   298.00  PRESS =     0.0
 Etot   =   -117146.8051  EKtot   =     20369.4336  EPtot      =   -137516.2387
 BOND   =       515.6975  ANGLE   =      1539.1639  DIHED      =      1003.4260
 UB     =         0.0000  IMP     =         0.0000  CMAP       =       143.6319
 1-4 NB =       646.2509  1-4 EEL =      5819.1605  VDWAALS    =     16318.8383
 EELEC  =   -163502.4077  EHBOND  =         0.0000  RESTRAINT  =         0.0000
 EKCMT  =         0.0000  VIRIAL  =         0.0000  VOLUME     =    333933.8777
                                                    Density    =         1.0309
 ------------------------------------------------------------------------------

wrapping first mol.:      -75.75090        0.00000        0.00000
wrapping first mol.:      -75.75090        0.00000        0.00000
wrapping first mol.:      -75.72273        0.00000        0.00000
wrapping first mol.:      -75.72273        0.00000        0.00000
wrapping first mol.:      -75.71056        0.00000        0.00000
wrapping first mol.:      -75.71056        0.00000        0.00000
wrapping first mol.:      -75.70217        0.00000        0.00000
wrapping first mol.:      -75.70217        0.00000        0.00000
wrapping first mol.:      -75.68202        0.00000        0.00000
wrapping first mol.:      -75.68202        0.00000        0.00000

 NSTEP =  1025000   TIME(PS) =    3750.000  TEMP(K) =   298.72  PRESS =     0.0
 Etot   =   -117127.8541  EKtot   =     20418.5000  EPtot      =   -137546.3541
 BOND   =       537.6899  ANGLE   =      1514.2681  DIHED      =      1026.0453
 UB     =         0.0000  IMP     =         0.0000  CMAP       =       144.0378
 1-4 NB =       655.8580  1-4 EEL =      5875.2881  VDWAALS    =     16678.8811
 EELEC  =   -163978.4224  EHBOND  =         0.0000  RESTRAINT  =         0.0000
 EKCMT  =         0.0000  VIRIAL  =         0.0000  VOLUME     =    333700.0804
                                                    Density    =         1.0316
 ------------------------------------------------------------------------------

wrapping first mol.:      -75.72826        0.00000        0.00000
wrapping first mol.:      -75.72826        0.00000        0.00000
wrapping first mol.:      -75.58090        0.00000        0.00000
wrapping first mol.:      -75.58090        0.00000        0.00000
wrapping first mol.:      -75.66194        0.00000        0.00000
wrapping first mol.:      -75.66194        0.00000        0.00000
wrapping first mol.:      -75.72096        0.00000        0.00000
wrapping first mol.:      -75.72096        0.00000        0.00000
wrapping first mol.:      -75.72224        0.00000        0.00000
wrapping first mol.:      -75.72224        0.00000        0.00000

 NSTEP =  1050000   TIME(PS) =    3800.000  TEMP(K) =   298.56  PRESS =     0.0
 Etot   =   -116792.9179  EKtot   =     20408.1094  EPtot      =   -137201.0273
 BOND   =       578.4366  ANGLE   =      1475.3295  DIHED      =      1008.1418
 UB     =         0.0000  IMP     =         0.0000  CMAP       =       146.7616
 1-4 NB =       653.7399  1-4 EEL =      5872.7916  VDWAALS    =     16056.8742
 EELEC  =   -162993.1026  EHBOND  =         0.0000  RESTRAINT  =         0.0000
 EKCMT  =         0.0000  VIRIAL  =         0.0000  VOLUME     =    334232.3568
                                                    Density    =         1.0300
 ------------------------------------------------------------------------------

wrapping first mol.:      -75.67476        0.00000        0.00000
wrapping first mol.:      -75.67476        0.00000        0.00000
wrapping first mol.:      -75.75671        0.00000        0.00000
wrapping first mol.:      -75.75671        0.00000        0.00000
wrapping first mol.:      -75.70854        0.00000        0.00000
wrapping first mol.:      -75.70854        0.00000        0.00000
wrapping first mol.:      -75.67507        0.00000        0.00000
wrapping first mol.:      -75.67507        0.00000        0.00000
wrapping first mol.:      -75.73811        0.00000        0.00000
wrapping first mol.:      -75.73811        0.00000        0.00000

 NSTEP =  1075000   TIME(PS) =    3850.000  TEMP(K) =   302.02  PRESS =     0.0
 Etot   =   -116844.8713  EKtot   =     20644.6680  EPtot      =   -137489.5393
 BOND   =       559.0383  ANGLE   =      1483.8314  DIHED      =      1028.2880
 UB     =         0.0000  IMP     =         0.0000  CMAP       =       138.2990
 1-4 NB =       658.5755  1-4 EEL =      5915.0381  VDWAALS    =     16873.8369
 EELEC  =   -164146.4465  EHBOND  =         0.0000  RESTRAINT  =         0.0000
 EKCMT  =         0.0000  VIRIAL  =         0.0000  VOLUME     =    334442.5830
                                                    Density    =         1.0294
 ------------------------------------------------------------------------------

wrapping first mol.:      -75.52592        0.00000        0.00000
wrapping first mol.:      -75.52592        0.00000        0.00000
wrapping first mol.:      -75.59191        0.00000        0.00000
wrapping first mol.:      -75.59191        0.00000        0.00000
wrapping first mol.:      -75.70715        0.00000        0.00000
wrapping first mol.:      -75.70715        0.00000        0.00000
wrapping first mol.:      -75.64960        0.00000        0.00000
wrapping first mol.:      -75.64960        0.00000        0.00000
wrapping first mol.:      -75.65335        0.00000        0.00000
wrapping first mol.:      -75.65335        0.00000        0.00000

 NSTEP =  1100000   TIME(PS) =    3900.000  TEMP(K) =   301.46  PRESS =     0.0
 Etot   =   -116765.3023  EKtot   =     20606.0332  EPtot      =   -137371.3355
 BOND   =       586.0869  ANGLE   =      1530.7073  DIHED      =      1005.6170
 UB     =         0.0000  IMP     =         0.0000  CMAP       =       135.0365
 1-4 NB =       622.4070  1-4 EEL =      5860.0329  VDWAALS    =     16305.0066
 EELEC  =   -163416.2297  EHBOND  =         0.0000  RESTRAINT  =         0.0000
 EKCMT  =         0.0000  VIRIAL  =         0.0000  VOLUME     =    333320.8984
                                                    Density    =         1.0328
 ------------------------------------------------------------------------------

wrapping first mol.:      -75.61589        0.00000        0.00000
wrapping first mol.:      -75.61589        0.00000        0.00000
wrapping first mol.:      -75.60548        0.00000        0.00000
wrapping first mol.:      -75.60548        0.00000        0.00000
wrapping first mol.:      -75.68949        0.00000        0.00000
wrapping first mol.:      -75.68949        0.00000        0.00000
wrapping first mol.:      -75.75316        0.00000        0.00000
wrapping first mol.:      -75.75316        0.00000        0.00000
wrapping first mol.:      -75.71620        0.00000        0.00000
wrapping first mol.:      -75.71620        0.00000        0.00000

 NSTEP =  1125000   TIME(PS) =    3950.000  TEMP(K) =   301.26  PRESS =     0.0
 Etot   =   -116781.5886  EKtot   =     20592.7227  EPtot      =   -137374.3113
 BOND   =       598.7928  ANGLE   =      1520.8841  DIHED      =      1010.6796
 UB     =         0.0000  IMP     =         0.0000  CMAP       =       146.6077
 1-4 NB =       631.2406  1-4 EEL =      5921.4526  VDWAALS    =     16158.3719
 EELEC  =   -163362.3406  EHBOND  =         0.0000  RESTRAINT  =         0.0000
 EKCMT  =         0.0000  VIRIAL  =         0.0000  VOLUME     =    334152.3206
                                                    Density    =         1.0302
 ------------------------------------------------------------------------------

wrapping first mol.:      -75.59221        0.00000        0.00000
wrapping first mol.:      -75.59221        0.00000        0.00000
wrapping first mol.:      -75.52404        0.00000        0.00000
wrapping first mol.:      -75.52404        0.00000        0.00000
wrapping first mol.:      -75.66084        0.00000        0.00000
wrapping first mol.:      -75.66084        0.00000        0.00000
wrapping first mol.:      -75.64571        0.00000        0.00000
wrapping first mol.:      -75.64571        0.00000        0.00000
wrapping first mol.:      -75.68146        0.00000        0.00000
wrapping first mol.:      -75.68146        0.00000        0.00000

 NSTEP =  1150000   TIME(PS) =    4000.000  TEMP(K) =   301.14  PRESS =     0.0
 Etot   =   -117126.1547  EKtot   =     20584.1699  EPtot      =   -137710.3246
 BOND   =       544.9639  ANGLE   =      1527.4757  DIHED      =       991.4105
 UB     =         0.0000  IMP     =         0.0000  CMAP       =       151.7637
 1-4 NB =       658.3026  1-4 EEL =      5884.1959  VDWAALS    =     16334.7695
 EELEC  =   -163803.2063  EHBOND  =         0.0000  RESTRAINT  =         0.0000
 EKCMT  =         0.0000  VIRIAL  =         0.0000  VOLUME     =    333692.7059
                                                    Density    =         1.0317
 ------------------------------------------------------------------------------

wrapping first mol.:      -75.76998        0.00000        0.00000
wrapping first mol.:      -75.76998        0.00000        0.00000
wrapping first mol.:      -75.63945        0.00000        0.00000
wrapping first mol.:      -75.63945        0.00000        0.00000
wrapping first mol.:      -75.71606        0.00000        0.00000
wrapping first mol.:      -75.71606        0.00000        0.00000
wrapping first mol.:      -75.68396        0.00000        0.00000
wrapping first mol.:      -75.68396        0.00000        0.00000
wrapping first mol.:      -75.63338        0.00000        0.00000
wrapping first mol.:      -75.63338        0.00000        0.00000

 NSTEP =  1175000   TIME(PS) =    4050.000  TEMP(K) =   300.99  PRESS =     0.0
 Etot   =   -116979.0764  EKtot   =     20573.7520  EPtot      =   -137552.8283
 BOND   =       556.1504  ANGLE   =      1499.0702  DIHED      =      1006.9775
 UB     =         0.0000  IMP     =         0.0000  CMAP       =       147.3298
 1-4 NB =       636.6146  1-4 EEL =      5891.9329  VDWAALS    =     16299.4897
 EELEC  =   -163590.3934  EHBOND  =         0.0000  RESTRAINT  =         0.0000
 EKCMT  =         0.0000  VIRIAL  =         0.0000  VOLUME     =    333057.0937
                                                    Density    =         1.0336
 ------------------------------------------------------------------------------

wrapping first mol.:      -75.70237        0.00000        0.00000
wrapping first mol.:      -75.70237        0.00000        0.00000
wrapping first mol.:      -75.64914        0.00000        0.00000
wrapping first mol.:      -75.64914        0.00000        0.00000
wrapping first mol.:      -75.62410        0.00000        0.00000
wrapping first mol.:      -75.62410        0.00000        0.00000
wrapping first mol.:      -75.62018        0.00000        0.00000
wrapping first mol.:      -75.62018        0.00000        0.00000
wrapping first mol.:      -75.72088        0.00000        0.00000
wrapping first mol.:      -75.72088        0.00000        0.00000

 NSTEP =  1200000   TIME(PS) =    4100.000  TEMP(K) =   299.73  PRESS =     0.0
 Etot   =   -117175.2929  EKtot   =     20488.1680  EPtot      =   -137663.4609
 BOND   =       581.2568  ANGLE   =      1505.5666  DIHED      =       979.9154
 UB     =         0.0000  IMP     =         0.0000  CMAP       =       150.4606
 1-4 NB =       645.9967  1-4 EEL =      5858.5019  VDWAALS    =     16683.4434
 EELEC  =   -164068.6024  EHBOND  =         0.0000  RESTRAINT  =         0.0000
 EKCMT  =         0.0000  VIRIAL  =         0.0000  VOLUME     =    334214.3554
                                                    Density    =         1.0301
 ------------------------------------------------------------------------------

wrapping first mol.:      -75.74178        0.00000        0.00000
wrapping first mol.:      -75.74178        0.00000        0.00000
wrapping first mol.:      -75.67871        0.00000        0.00000
wrapping first mol.:      -75.67871        0.00000        0.00000
wrapping first mol.:      -75.67676        0.00000        0.00000
wrapping first mol.:      -75.67676        0.00000        0.00000
wrapping first mol.:      -75.65545        0.00000        0.00000
wrapping first mol.:      -75.65545        0.00000        0.00000
wrapping first mol.:      -75.66181        0.00000        0.00000
wrapping first mol.:      -75.66181        0.00000        0.00000

 NSTEP =  1225000   TIME(PS) =    4150.000  TEMP(K) =   296.99  PRESS =     0.0
 Etot   =   -117387.1004  EKtot   =     20300.8965  EPtot      =   -137687.9969
 BOND   =       555.7028  ANGLE   =      1563.6585  DIHED      =      1007.9404
 UB     =         0.0000  IMP     =         0.0000  CMAP       =       138.6973
 1-4 NB =       638.1431  1-4 EEL =      5856.0488  VDWAALS    =     16633.2548
 EELEC  =   -164081.4424  EHBOND  =         0.0000  RESTRAINT  =         0.0000
 EKCMT  =         0.0000  VIRIAL  =         0.0000  VOLUME     =    333432.7431
                                                    Density    =         1.0325
 ------------------------------------------------------------------------------

wrapping first mol.:      -75.67180        0.00000        0.00000
wrapping first mol.:      -75.67180        0.00000        0.00000
wrapping first mol.:      -75.69253        0.00000        0.00000
wrapping first mol.:      -75.69253        0.00000        0.00000
wrapping first mol.:      -75.69838        0.00000        0.00000
wrapping first mol.:      -75.69838        0.00000        0.00000
wrapping first mol.:      -75.64725        0.00000        0.00000
wrapping first mol.:      -75.64725        0.00000        0.00000
wrapping first mol.:      -75.62134        0.00000        0.00000
wrapping first mol.:      -75.62134        0.00000        0.00000

 NSTEP =  1250000   TIME(PS) =    4200.000  TEMP(K) =   298.35  PRESS =     0.0
 Etot   =   -117228.9019  EKtot   =     20393.2676  EPtot      =   -137622.1695
 BOND   =       584.5166  ANGLE   =      1537.1322  DIHED      =       967.4188
 UB     =         0.0000  IMP     =         0.0000  CMAP       =       140.2239
 1-4 NB =       644.3629  1-4 EEL =      5829.8482  VDWAALS    =     16383.2100
 EELEC  =   -163708.8820  EHBOND  =         0.0000  RESTRAINT  =         0.0000
 EKCMT  =         0.0000  VIRIAL  =         0.0000  VOLUME     =    332898.0726
                                                    Density    =         1.0341
 ------------------------------------------------------------------------------

wrapping first mol.:      -75.61179        0.00000        0.00000
wrapping first mol.:      -75.61179        0.00000        0.00000
wrapping first mol.:      -75.62527        0.00000        0.00000
wrapping first mol.:      -75.62527        0.00000        0.00000
wrapping first mol.:      -75.72932        0.00000        0.00000
wrapping first mol.:      -75.72932        0.00000        0.00000
wrapping first mol.:      -75.59755        0.00000        0.00000
wrapping first mol.:      -75.59755        0.00000        0.00000
wrapping first mol.:      -75.68506        0.00000        0.00000
wrapping first mol.:      -75.68506        0.00000        0.00000

 NSTEP =  1275000   TIME(PS) =    4250.000  TEMP(K) =   300.34  PRESS =     0.0
 Etot   =   -116910.8517  EKtot   =     20529.6016  EPtot      =   -137440.4533
 BOND   =       592.5695  ANGLE   =      1501.1859  DIHED      =      1001.9669
 UB     =         0.0000  IMP     =         0.0000  CMAP       =       143.1045
 1-4 NB =       642.6154  1-4 EEL =      5873.8569  VDWAALS    =     16467.0715
 EELEC  =   -163662.8239  EHBOND  =         0.0000  RESTRAINT  =         0.0000
 EKCMT  =         0.0000  VIRIAL  =         0.0000  VOLUME     =    333740.2952
                                                    Density    =         1.0315
 ------------------------------------------------------------------------------

wrapping first mol.:      -75.73833        0.00000        0.00000
wrapping first mol.:      -75.73833        0.00000        0.00000
wrapping first mol.:      -75.69354        0.00000        0.00000
wrapping first mol.:      -75.69354        0.00000        0.00000
wrapping first mol.:      -75.74089        0.00000        0.00000
wrapping first mol.:      -75.74089        0.00000        0.00000
wrapping first mol.:      -75.67446        0.00000        0.00000
wrapping first mol.:      -75.67446        0.00000        0.00000
wrapping first mol.:      -75.66048        0.00000        0.00000
wrapping first mol.:      -75.66048        0.00000        0.00000

 NSTEP =  1300000   TIME(PS) =    4300.000  TEMP(K) =   298.54  PRESS =     0.0
 Etot   =   -117060.2280  EKtot   =     20406.5234  EPtot      =   -137466.7515
 BOND   =       551.8680  ANGLE   =      1526.9962  DIHED      =       991.9819
 UB     =         0.0000  IMP     =         0.0000  CMAP       =       140.1957
 1-4 NB =       660.2348  1-4 EEL =      5785.0748  VDWAALS    =     16231.2201
 EELEC  =   -163354.3229  EHBOND  =         0.0000  RESTRAINT  =         0.0000
 EKCMT  =         0.0000  VIRIAL  =         0.0000  VOLUME     =    333415.1840
                                                    Density    =         1.0325
 ------------------------------------------------------------------------------

wrapping first mol.:      -75.65504        0.00000        0.00000
wrapping first mol.:      -75.65504        0.00000        0.00000
wrapping first mol.:      -75.68278        0.00000        0.00000
wrapping first mol.:      -75.68278        0.00000        0.00000
wrapping first mol.:      -75.70545        0.00000        0.00000
wrapping first mol.:      -75.70545        0.00000        0.00000
wrapping first mol.:      -75.69462        0.00000        0.00000
wrapping first mol.:      -75.69462        0.00000        0.00000
wrapping first mol.:      -75.78900        0.00000        0.00000
wrapping first mol.:      -75.78900        0.00000        0.00000

 NSTEP =  1325000   TIME(PS) =    4350.000  TEMP(K) =   300.12  PRESS =     0.0
 Etot   =   -116858.0559  EKtot   =     20514.2578  EPtot      =   -137372.3137
 BOND   =       560.0870  ANGLE   =      1514.2316  DIHED      =      1000.4977
 UB     =         0.0000  IMP     =         0.0000  CMAP       =       141.6360
 1-4 NB =       652.2561  1-4 EEL =      5876.8618  VDWAALS    =     16603.6653
 EELEC  =   -163721.5492  EHBOND  =         0.0000  RESTRAINT  =         0.0000
 EKCMT  =         0.0000  VIRIAL  =         0.0000  VOLUME     =    335117.1085
                                                    Density    =         1.0273
 ------------------------------------------------------------------------------

wrapping first mol.:      -75.62853        0.00000        0.00000
wrapping first mol.:      -75.62853        0.00000        0.00000
wrapping first mol.:      -75.77768        0.00000        0.00000
wrapping first mol.:      -75.77768        0.00000        0.00000
wrapping first mol.:      -75.72201        0.00000        0.00000
wrapping first mol.:      -75.72201        0.00000        0.00000
wrapping first mol.:      -75.59200        0.00000        0.00000
wrapping first mol.:      -75.59200        0.00000        0.00000
wrapping first mol.:      -75.61689        0.00000        0.00000
wrapping first mol.:      -75.61689        0.00000        0.00000

 NSTEP =  1350000   TIME(PS) =    4400.000  TEMP(K) =   301.02  PRESS =     0.0
 Etot   =   -116986.4384  EKtot   =     20575.9434  EPtot      =   -137562.3817
 BOND   =       568.0092  ANGLE   =      1544.7329  DIHED      =      1023.2554
 UB     =         0.0000  IMP     =         0.0000  CMAP       =       136.7255
 1-4 NB =       671.6420  1-4 EEL =      5839.4724  VDWAALS    =     16273.1110
 EELEC  =   -163619.3303  EHBOND  =         0.0000  RESTRAINT  =         0.0000
 EKCMT  =         0.0000  VIRIAL  =         0.0000  VOLUME     =    332839.2158
                                                    Density    =         1.0343
 ------------------------------------------------------------------------------

wrapping first mol.:      -75.64203        0.00000        0.00000
wrapping first mol.:      -75.64203        0.00000        0.00000
wrapping first mol.:      -75.73855        0.00000        0.00000
wrapping first mol.:      -75.73855        0.00000        0.00000
wrapping first mol.:      -75.68164        0.00000        0.00000
wrapping first mol.:      -75.68164        0.00000        0.00000
wrapping first mol.:      -75.66546        0.00000        0.00000
wrapping first mol.:      -75.66546        0.00000        0.00000
wrapping first mol.:      -75.64290        0.00000        0.00000
wrapping first mol.:      -75.64290        0.00000        0.00000

 NSTEP =  1375000   TIME(PS) =    4450.000  TEMP(K) =   298.87  PRESS =     0.0
 Etot   =   -117030.7421  EKtot   =     20428.8945  EPtot      =   -137459.6367
 BOND   =       564.9776  ANGLE   =      1527.3201  DIHED      =      1006.4315
 UB     =         0.0000  IMP     =         0.0000  CMAP       =       152.2224
 1-4 NB =       635.0485  1-4 EEL =      5893.6022  VDWAALS    =     16302.4452
 EELEC  =   -163541.6841  EHBOND  =         0.0000  RESTRAINT  =         0.0000
 EKCMT  =         0.0000  VIRIAL  =         0.0000  VOLUME     =    333182.9196
                                                    Density    =         1.0332
 ------------------------------------------------------------------------------

wrapping first mol.:      -75.68176        0.00000        0.00000
wrapping first mol.:      -75.68176        0.00000        0.00000
wrapping first mol.:      -75.67132        0.00000        0.00000
wrapping first mol.:      -75.67132        0.00000        0.00000
wrapping first mol.:      -75.65169        0.00000        0.00000
wrapping first mol.:      -75.65169        0.00000        0.00000
wrapping first mol.:      -75.62607        0.00000        0.00000
wrapping first mol.:      -75.62607        0.00000        0.00000
wrapping first mol.:      -75.68070        0.00000        0.00000
wrapping first mol.:      -75.68070        0.00000        0.00000

 NSTEP =  1400000   TIME(PS) =    4500.000  TEMP(K) =   299.24  PRESS =     0.0
 Etot   =   -116750.7249  EKtot   =     20454.2891  EPtot      =   -137205.0140
 BOND   =       549.1848  ANGLE   =      1513.3392  DIHED      =      1005.4772
 UB     =         0.0000  IMP     =         0.0000  CMAP       =       128.4927
 1-4 NB =       644.1140  1-4 EEL =      5889.6715  VDWAALS    =     16539.7928
 EELEC  =   -163475.0861  EHBOND  =         0.0000  RESTRAINT  =         0.0000
 EKCMT  =         0.0000  VIRIAL  =         0.0000  VOLUME     =    333682.6251
                                                    Density    =         1.0317
 ------------------------------------------------------------------------------

wrapping first mol.:      -75.63805        0.00000        0.00000
wrapping first mol.:      -75.63805        0.00000        0.00000
wrapping first mol.:      -75.60363        0.00000        0.00000
wrapping first mol.:      -75.60363        0.00000        0.00000
wrapping first mol.:      -75.70180        0.00000        0.00000
wrapping first mol.:      -75.70180        0.00000        0.00000
wrapping first mol.:      -75.60407        0.00000        0.00000
wrapping first mol.:      -75.60407        0.00000        0.00000
wrapping first mol.:      -75.71323        0.00000        0.00000
wrapping first mol.:      -75.71323        0.00000        0.00000

 NSTEP =  1425000   TIME(PS) =    4550.000  TEMP(K) =   301.21  PRESS =     0.0
 Etot   =   -116817.7062  EKtot   =     20589.0059  EPtot      =   -137406.7121
 BOND   =       554.5159  ANGLE   =      1564.5460  DIHED      =       992.2989
 UB     =         0.0000  IMP     =         0.0000  CMAP       =       129.4507
 1-4 NB =       650.1320  1-4 EEL =      5904.5368  VDWAALS    =     16143.8543
 EELEC  =   -163346.0466  EHBOND  =         0.0000  RESTRAINT  =         0.0000
 EKCMT  =         0.0000  VIRIAL  =         0.0000  VOLUME     =    334113.0484
                                                    Density    =         1.0304
 ------------------------------------------------------------------------------

wrapping first mol.:      -75.83697        0.00000        0.00000
wrapping first mol.:      -75.83697        0.00000        0.00000
wrapping first mol.:      -75.72219        0.00000        0.00000
wrapping first mol.:      -75.72219        0.00000        0.00000
wrapping first mol.:      -75.73659        0.00000        0.00000
wrapping first mol.:      -75.73659        0.00000        0.00000
wrapping first mol.:      -75.64803        0.00000        0.00000
wrapping first mol.:      -75.64803        0.00000        0.00000
wrapping first mol.:      -75.68609        0.00000        0.00000
wrapping first mol.:      -75.68609        0.00000        0.00000

 NSTEP =  1450000   TIME(PS) =    4600.000  TEMP(K) =   302.76  PRESS =     0.0
 Etot   =   -116790.9485  EKtot   =     20694.6699  EPtot      =   -137485.6184
 BOND   =       587.1387  ANGLE   =      1487.9489  DIHED      =       996.8462
 UB     =         0.0000  IMP     =         0.0000  CMAP       =       134.6137
 1-4 NB =       642.9217  1-4 EEL =      5851.3605  VDWAALS    =     15983.3874
 EELEC  =   -163169.8355  EHBOND  =         0.0000  RESTRAINT  =         0.0000
 EKCMT  =         0.0000  VIRIAL  =         0.0000  VOLUME     =    333753.8674
                                                    Density    =         1.0315
 ------------------------------------------------------------------------------

wrapping first mol.:      -75.68784        0.00000        0.00000
wrapping first mol.:      -75.68784        0.00000        0.00000
wrapping first mol.:      -75.62965        0.00000        0.00000
wrapping first mol.:      -75.62965        0.00000        0.00000
wrapping first mol.:      -75.65225        0.00000        0.00000
wrapping first mol.:      -75.65225        0.00000        0.00000
wrapping first mol.:      -75.69166        0.00000        0.00000
wrapping first mol.:      -75.69166        0.00000        0.00000
wrapping first mol.:      -75.75472        0.00000        0.00000
wrapping first mol.:      -75.75472        0.00000        0.00000

 NSTEP =  1475000   TIME(PS) =    4650.000  TEMP(K) =   298.38  PRESS =     0.0
 Etot   =   -116850.6955  EKtot   =     20395.8320  EPtot      =   -137246.5275
 BOND   =       537.4367  ANGLE   =      1530.1011  DIHED      =       978.4634
 UB     =         0.0000  IMP     =         0.0000  CMAP       =       139.9653
 1-4 NB =       647.9411  1-4 EEL =      5921.0594  VDWAALS    =     16003.2848
 EELEC  =   -163004.7794  EHBOND  =         0.0000  RESTRAINT  =         0.0000
 EKCMT  =         0.0000  VIRIAL  =         0.0000  VOLUME     =    334662.6273
                                                    Density    =         1.0287
 ------------------------------------------------------------------------------

wrapping first mol.:      -75.70348        0.00000        0.00000
wrapping first mol.:      -75.70348        0.00000        0.00000
wrapping first mol.:      -75.67709        0.00000        0.00000
wrapping first mol.:      -75.67709        0.00000        0.00000
wrapping first mol.:      -75.65596        0.00000        0.00000
wrapping first mol.:      -75.65596        0.00000        0.00000
wrapping first mol.:      -75.75189        0.00000        0.00000
wrapping first mol.:      -75.75189        0.00000        0.00000
wrapping first mol.:      -75.70138        0.00000        0.00000
wrapping first mol.:      -75.70138        0.00000        0.00000

 NSTEP =  1500000   TIME(PS) =    4700.000  TEMP(K) =   298.47  PRESS =     0.0
 Etot   =   -116931.3265  EKtot   =     20401.7578  EPtot      =   -137333.0843
 BOND   =       575.6457  ANGLE   =      1536.6151  DIHED      =      1004.5595
 UB     =         0.0000  IMP     =         0.0000  CMAP       =       147.1659
 1-4 NB =       649.5685  1-4 EEL =      5861.4890  VDWAALS    =     16550.6593
 EELEC  =   -163658.7872  EHBOND  =         0.0000  RESTRAINT  =         0.0000
 EKCMT  =         0.0000  VIRIAL  =         0.0000  VOLUME     =    333956.2474
                                                    Density    =         1.0309
 ------------------------------------------------------------------------------

wrapping first mol.:      -75.64636        0.00000        0.00000
wrapping first mol.:      -75.64636        0.00000        0.00000
wrapping first mol.:      -75.66674        0.00000        0.00000
wrapping first mol.:      -75.66674        0.00000        0.00000
wrapping first mol.:      -75.64466        0.00000        0.00000
wrapping first mol.:      -75.64466        0.00000        0.00000
wrapping first mol.:      -75.74831        0.00000        0.00000
wrapping first mol.:      -75.74831        0.00000        0.00000
wrapping first mol.:      -75.75202        0.00000        0.00000
wrapping first mol.:      -75.75202        0.00000        0.00000

 NSTEP =  1525000   TIME(PS) =    4750.000  TEMP(K) =   299.77  PRESS =     0.0
 Etot   =   -117146.0659  EKtot   =     20490.5586  EPtot      =   -137636.6244
 BOND   =       569.1348  ANGLE   =      1534.8794  DIHED      =      1016.9795
 UB     =         0.0000  IMP     =         0.0000  CMAP       =       140.9606
 1-4 NB =       636.2497  1-4 EEL =      5877.2072  VDWAALS    =     16629.9534
 EELEC  =   -164041.9890  EHBOND  =         0.0000  RESTRAINT  =         0.0000
 EKCMT  =         0.0000  VIRIAL  =         0.0000  VOLUME     =    334626.8868
                                                    Density    =         1.0288
 ------------------------------------------------------------------------------

wrapping first mol.:      -75.73274        0.00000        0.00000
wrapping first mol.:      -75.73274        0.00000        0.00000
wrapping first mol.:      -75.72311        0.00000        0.00000
wrapping first mol.:      -75.72311        0.00000        0.00000
wrapping first mol.:      -75.64972        0.00000        0.00000
wrapping first mol.:      -75.64972        0.00000        0.00000
wrapping first mol.:      -75.68561        0.00000        0.00000
wrapping first mol.:      -75.68561        0.00000        0.00000
wrapping first mol.:      -75.67376        0.00000        0.00000
wrapping first mol.:      -75.67376        0.00000        0.00000

 NSTEP =  1550000   TIME(PS) =    4800.000  TEMP(K) =   297.32  PRESS =     0.0
 Etot   =   -117058.3899  EKtot   =     20323.2852  EPtot      =   -137381.6750
 BOND   =       570.0081  ANGLE   =      1550.8382  DIHED      =       994.8643
 UB     =         0.0000  IMP     =         0.0000  CMAP       =       156.9317
 1-4 NB =       626.8808  1-4 EEL =      5802.2631  VDWAALS    =     16481.4706
 EELEC  =   -163564.9316  EHBOND  =         0.0000  RESTRAINT  =         0.0000
 EKCMT  =         0.0000  VIRIAL  =         0.0000  VOLUME     =    333590.8326
                                                    Density    =         1.0320
 ------------------------------------------------------------------------------

wrapping first mol.:      -75.58102        0.00000        0.00000
wrapping first mol.:      -75.58102        0.00000        0.00000
wrapping first mol.:      -75.67353        0.00000        0.00000
wrapping first mol.:      -75.67353        0.00000        0.00000
wrapping first mol.:      -75.69481        0.00000        0.00000
wrapping first mol.:      -75.69481        0.00000        0.00000
wrapping first mol.:      -75.77308        0.00000        0.00000
wrapping first mol.:      -75.77308        0.00000        0.00000
wrapping first mol.:      -75.69907        0.00000        0.00000
wrapping first mol.:      -75.69907        0.00000        0.00000

 NSTEP =  1575000   TIME(PS) =    4850.000  TEMP(K) =   298.60  PRESS =     0.0
 Etot   =   -116941.8022  EKtot   =     20410.9727  EPtot      =   -137352.7749
 BOND   =       554.1581  ANGLE   =      1521.7789  DIHED      =       989.9208
 UB     =         0.0000  IMP     =         0.0000  CMAP       =       150.0526
 1-4 NB =       640.1126  1-4 EEL =      5875.7063  VDWAALS    =     16060.8358
 EELEC  =   -163145.3400  EHBOND  =         0.0000  RESTRAINT  =         0.0000
 EKCMT  =         0.0000  VIRIAL  =         0.0000  VOLUME     =    333925.6333
                                                    Density    =         1.0309
 ------------------------------------------------------------------------------

wrapping first mol.:      -75.74959        0.00000        0.00000
wrapping first mol.:      -75.74959        0.00000        0.00000
wrapping first mol.:      -75.65283        0.00000        0.00000
wrapping first mol.:      -75.65283        0.00000        0.00000
wrapping first mol.:      -75.69694        0.00000        0.00000
wrapping first mol.:      -75.69694        0.00000        0.00000
wrapping first mol.:      -75.64879        0.00000        0.00000
wrapping first mol.:      -75.64879        0.00000        0.00000
wrapping first mol.:      -75.74505        0.00000        0.00000
wrapping first mol.:      -75.74505        0.00000        0.00000

 NSTEP =  1600000   TIME(PS) =    4900.000  TEMP(K) =   296.54  PRESS =     0.0
 Etot   =   -117202.7485  EKtot   =     20269.5312  EPtot      =   -137472.2798
 BOND   =       558.0489  ANGLE   =      1521.0644  DIHED      =       996.9518
 UB     =         0.0000  IMP     =         0.0000  CMAP       =       139.5671
 1-4 NB =       635.6870  1-4 EEL =      5826.2684  VDWAALS    =     16190.0154
 EELEC  =   -163339.8827  EHBOND  =         0.0000  RESTRAINT  =         0.0000
 EKCMT  =         0.0000  VIRIAL  =         0.0000  VOLUME     =    334534.4715
                                                    Density    =         1.0291
 ------------------------------------------------------------------------------

wrapping first mol.:      -75.65832        0.00000        0.00000
wrapping first mol.:      -75.65832        0.00000        0.00000
wrapping first mol.:      -75.70035        0.00000        0.00000
wrapping first mol.:      -75.70035        0.00000        0.00000
wrapping first mol.:      -75.75136        0.00000        0.00000
wrapping first mol.:      -75.75136        0.00000        0.00000
wrapping first mol.:      -75.67130        0.00000        0.00000
wrapping first mol.:      -75.67130        0.00000        0.00000
wrapping first mol.:      -75.71944        0.00000        0.00000
wrapping first mol.:      -75.71944        0.00000        0.00000

 NSTEP =  1625000   TIME(PS) =    4950.000  TEMP(K) =   301.11  PRESS =     0.0
 Etot   =   -116723.5303  EKtot   =     20582.1836  EPtot      =   -137305.7139
 BOND   =       550.0308  ANGLE   =      1526.2954  DIHED      =       987.4005
 UB     =         0.0000  IMP     =         0.0000  CMAP       =       142.6763
 1-4 NB =       659.0151  1-4 EEL =      5836.9492  VDWAALS    =     16341.5076
 EELEC  =   -163349.5887  EHBOND  =         0.0000  RESTRAINT  =         0.0000
 EKCMT  =         0.0000  VIRIAL  =         0.0000  VOLUME     =    334195.2380
                                                    Density    =         1.0301
 ------------------------------------------------------------------------------

wrapping first mol.:      -75.66686        0.00000        0.00000
wrapping first mol.:      -75.66686        0.00000        0.00000
wrapping first mol.:      -75.65276        0.00000        0.00000
wrapping first mol.:      -75.65276        0.00000        0.00000
wrapping first mol.:      -75.73304        0.00000        0.00000
wrapping first mol.:      -75.73304        0.00000        0.00000
wrapping first mol.:      -75.68469        0.00000        0.00000
wrapping first mol.:      -75.68469        0.00000        0.00000
wrapping first mol.:      -75.72538        0.00000        0.00000
wrapping first mol.:      -75.72538        0.00000        0.00000

 NSTEP =  1650000   TIME(PS) =    5000.000  TEMP(K) =   300.60  PRESS =     0.0
 Etot   =   -116788.2521  EKtot   =     20547.4277  EPtot      =   -137335.6798
 BOND   =       539.2082  ANGLE   =      1583.4249  DIHED      =       993.3153
 UB     =         0.0000  IMP     =         0.0000  CMAP       =       152.9784
 1-4 NB =       640.6645  1-4 EEL =      5840.2045  VDWAALS    =     16586.1777
 EELEC  =   -163671.6533  EHBOND  =         0.0000  RESTRAINT  =         0.0000
 EKCMT  =         0.0000  VIRIAL  =         0.0000  VOLUME     =    334273.9864
                                                    Density    =         1.0299
 ------------------------------------------------------------------------------

wrapping first mol.:      -75.68879        0.00000        0.00000
wrapping first mol.:      -75.68879        0.00000        0.00000
wrapping first mol.:      -75.73651        0.00000        0.00000
wrapping first mol.:      -75.73651        0.00000        0.00000
wrapping first mol.:      -75.67871        0.00000        0.00000
wrapping first mol.:      -75.67871        0.00000        0.00000
wrapping first mol.:      -75.67506        0.00000        0.00000
wrapping first mol.:      -75.67506        0.00000        0.00000
wrapping first mol.:      -75.72637        0.00000        0.00000
wrapping first mol.:      -75.72637        0.00000        0.00000

 NSTEP =  1675000   TIME(PS) =    5050.000  TEMP(K) =   299.74  PRESS =     0.0
 Etot   =   -116944.0860  EKtot   =     20488.8770  EPtot      =   -137432.9629
 BOND   =       554.7786  ANGLE   =      1545.0721  DIHED      =      1021.5817
 UB     =         0.0000  IMP     =         0.0000  CMAP       =       143.9583
 1-4 NB =       660.8762  1-4 EEL =      5885.1445  VDWAALS    =     16479.8666
 EELEC  =   -163724.2408  EHBOND  =         0.0000  RESTRAINT  =         0.0000
 EKCMT  =         0.0000  VIRIAL  =         0.0000  VOLUME     =    334287.0484
                                                    Density    =         1.0298
 ------------------------------------------------------------------------------

wrapping first mol.:      -75.64897        0.00000        0.00000
wrapping first mol.:      -75.64897        0.00000        0.00000
wrapping first mol.:      -75.64726        0.00000        0.00000
wrapping first mol.:      -75.64726        0.00000        0.00000
wrapping first mol.:      -75.75727        0.00000        0.00000
wrapping first mol.:      -75.75727        0.00000        0.00000
wrapping first mol.:      -75.70431        0.00000        0.00000
wrapping first mol.:      -75.70431        0.00000        0.00000
wrapping first mol.:      -75.66810        0.00000        0.00000
wrapping first mol.:      -75.66810        0.00000        0.00000

 NSTEP =  1700000   TIME(PS) =    5100.000  TEMP(K) =   300.33  PRESS =     0.0
 Etot   =   -116798.4020  EKtot   =     20529.0078  EPtot      =   -137327.4098
 BOND   =       553.2293  ANGLE   =      1533.5330  DIHED      =      1001.8716
 UB     =         0.0000  IMP     =         0.0000  CMAP       =       164.7755
 1-4 NB =       651.4075  1-4 EEL =      5856.8326  VDWAALS    =     16176.0324
 EELEC  =   -163265.0919  EHBOND  =         0.0000  RESTRAINT  =         0.0000
 EKCMT  =         0.0000  VIRIAL  =         0.0000  VOLUME     =    333516.0224
                                                    Density    =         1.0322
 ------------------------------------------------------------------------------

wrapping first mol.:      -75.69542        0.00000        0.00000
wrapping first mol.:      -75.69542        0.00000        0.00000
wrapping first mol.:      -75.71262        0.00000        0.00000
wrapping first mol.:      -75.71262        0.00000        0.00000
wrapping first mol.:      -75.71252        0.00000        0.00000
wrapping first mol.:      -75.71252        0.00000        0.00000
wrapping first mol.:      -75.68064        0.00000        0.00000
wrapping first mol.:      -75.68064        0.00000        0.00000
wrapping first mol.:      -75.60060        0.00000        0.00000
wrapping first mol.:      -75.60060        0.00000        0.00000

 NSTEP =  1725000   TIME(PS) =    5150.000  TEMP(K) =   300.36  PRESS =     0.0
 Etot   =   -116962.4086  EKtot   =     20531.2246  EPtot      =   -137493.6332
 BOND   =       583.3766  ANGLE   =      1499.7951  DIHED      =      1013.4677
 UB     =         0.0000  IMP     =         0.0000  CMAP       =       150.5123
 1-4 NB =       663.3605  1-4 EEL =      5877.6411  VDWAALS    =     16271.8774
 EELEC  =   -163553.6640  EHBOND  =         0.0000  RESTRAINT  =         0.0000
 EKCMT  =         0.0000  VIRIAL  =         0.0000  VOLUME     =    332624.1701
                                                    Density    =         1.0350
 ------------------------------------------------------------------------------

wrapping first mol.:      -75.57923        0.00000        0.00000
wrapping first mol.:      -75.57923        0.00000        0.00000
wrapping first mol.:      -75.62907        0.00000        0.00000
wrapping first mol.:      -75.62907        0.00000        0.00000
wrapping first mol.:      -75.68919        0.00000        0.00000
wrapping first mol.:      -75.68919        0.00000        0.00000
wrapping first mol.:      -75.74824        0.00000        0.00000
wrapping first mol.:      -75.74824        0.00000        0.00000
wrapping first mol.:      -75.68834        0.00000        0.00000
wrapping first mol.:      -75.68834        0.00000        0.00000

 NSTEP =  1750000   TIME(PS) =    5200.000  TEMP(K) =   296.62  PRESS =     0.0
 Etot   =   -117001.5805  EKtot   =     20275.1094  EPtot      =   -137276.6899
 BOND   =       540.0276  ANGLE   =      1512.3700  DIHED      =      1012.2082
 UB     =         0.0000  IMP     =         0.0000  CMAP       =       140.6338
 1-4 NB =       660.4776  1-4 EEL =      5864.0463  VDWAALS    =     16293.2330
 EELEC  =   -163299.6865  EHBOND  =         0.0000  RESTRAINT  =         0.0000
 EKCMT  =         0.0000  VIRIAL  =         0.0000  VOLUME     =    333783.6594
                                                    Density    =         1.0314
 ------------------------------------------------------------------------------

wrapping first mol.:      -75.67465        0.00000        0.00000
wrapping first mol.:      -75.67465        0.00000        0.00000
wrapping first mol.:      -75.73390        0.00000        0.00000
wrapping first mol.:      -75.73390        0.00000        0.00000
wrapping first mol.:      -75.72230        0.00000        0.00000
wrapping first mol.:      -75.72230        0.00000        0.00000
wrapping first mol.:      -75.73500        0.00000        0.00000
wrapping first mol.:      -75.73500        0.00000        0.00000
wrapping first mol.:      -75.66768        0.00000        0.00000
wrapping first mol.:      -75.66768        0.00000        0.00000

 NSTEP =  1775000   TIME(PS) =    5250.000  TEMP(K) =   299.19  PRESS =     0.0
 Etot   =   -117086.7938  EKtot   =     20451.1270  EPtot      =   -137537.9208
 BOND   =       583.0836  ANGLE   =      1499.5556  DIHED      =       990.2344
 UB     =         0.0000  IMP     =         0.0000  CMAP       =       153.3391
 1-4 NB =       633.2621  1-4 EEL =      5849.5065  VDWAALS    =     16574.9016
 EELEC  =   -163821.8036  EHBOND  =         0.0000  RESTRAINT  =         0.0000
 EKCMT  =         0.0000  VIRIAL  =         0.0000  VOLUME     =    333510.4388
                                                    Density    =         1.0322
 ------------------------------------------------------------------------------

wrapping first mol.:      -75.76886        0.00000        0.00000
wrapping first mol.:      -75.76886        0.00000        0.00000
wrapping first mol.:      -75.67868        0.00000        0.00000
wrapping first mol.:      -75.67868        0.00000        0.00000
wrapping first mol.:      -75.56912        0.00000        0.00000
wrapping first mol.:      -75.56912        0.00000        0.00000
wrapping first mol.:      -75.64560        0.00000        0.00000
wrapping first mol.:      -75.64560        0.00000        0.00000
wrapping first mol.:      -75.64564        0.00000        0.00000
wrapping first mol.:      -75.64564        0.00000        0.00000

 NSTEP =  1800000   TIME(PS) =    5300.000  TEMP(K) =   298.95  PRESS =     0.0
 Etot   =   -116999.3625  EKtot   =     20434.2637  EPtot      =   -137433.6262
 BOND   =       574.0992  ANGLE   =      1464.5506  DIHED      =      1013.6475
 UB     =         0.0000  IMP     =         0.0000  CMAP       =       147.4614
 1-4 NB =       649.4712  1-4 EEL =      5910.1746  VDWAALS    =     16377.1183
 EELEC  =   -163570.1490  EHBOND  =         0.0000  RESTRAINT  =         0.0000
 EKCMT  =         0.0000  VIRIAL  =         0.0000  VOLUME     =    333219.1147
                                                    Density    =         1.0331
 ------------------------------------------------------------------------------

wrapping first mol.:      -75.66740        0.00000        0.00000
wrapping first mol.:      -75.66740        0.00000        0.00000
wrapping first mol.:      -75.69124        0.00000        0.00000
wrapping first mol.:      -75.69124        0.00000        0.00000
wrapping first mol.:      -75.59564        0.00000        0.00000
wrapping first mol.:      -75.59564        0.00000        0.00000
wrapping first mol.:      -75.66362        0.00000        0.00000
wrapping first mol.:      -75.66362        0.00000        0.00000
wrapping first mol.:      -75.64864        0.00000        0.00000
wrapping first mol.:      -75.64864        0.00000        0.00000

 NSTEP =  1825000   TIME(PS) =    5350.000  TEMP(K) =   300.63  PRESS =     0.0
 Etot   =   -116981.4027  EKtot   =     20549.4355  EPtot      =   -137530.8382
 BOND   =       582.3747  ANGLE   =      1501.9868  DIHED      =      1026.1926
 UB     =         0.0000  IMP     =         0.0000  CMAP       =       148.7855
 1-4 NB =       641.8176  1-4 EEL =      5892.6878  VDWAALS    =     16415.1094
 EELEC  =   -163739.7926  EHBOND  =         0.0000  RESTRAINT  =         0.0000
 EKCMT  =         0.0000  VIRIAL  =         0.0000  VOLUME     =    333258.6922
                                                    Density    =         1.0330
 ------------------------------------------------------------------------------

wrapping first mol.:      -75.65422        0.00000        0.00000
wrapping first mol.:      -75.65422        0.00000        0.00000
wrapping first mol.:      -75.59076        0.00000        0.00000
wrapping first mol.:      -75.59076        0.00000        0.00000
wrapping first mol.:      -75.59328        0.00000        0.00000
wrapping first mol.:      -75.59328        0.00000        0.00000
wrapping first mol.:      -75.59461        0.00000        0.00000
wrapping first mol.:      -75.59461        0.00000        0.00000
wrapping first mol.:      -75.65746        0.00000        0.00000
wrapping first mol.:      -75.65746        0.00000        0.00000

 NSTEP =  1850000   TIME(PS) =    5400.000  TEMP(K) =   298.88  PRESS =     0.0
 Etot   =   -116895.9227  EKtot   =     20429.8750  EPtot      =   -137325.7977
 BOND   =       581.3961  ANGLE   =      1551.0485  DIHED      =      1028.9266
 UB     =         0.0000  IMP     =         0.0000  CMAP       =       136.9383
 1-4 NB =       645.3471  1-4 EEL =      5867.0478  VDWAALS    =     16227.5437
 EELEC  =   -163364.0459  EHBOND  =         0.0000  RESTRAINT  =         0.0000
 EKCMT  =         0.0000  VIRIAL  =         0.0000  VOLUME     =    333375.2624
                                                    Density    =         1.0326
 ------------------------------------------------------------------------------

wrapping first mol.:      -75.71770        0.00000        0.00000
wrapping first mol.:      -75.71770        0.00000        0.00000
wrapping first mol.:      -75.72009        0.00000        0.00000
wrapping first mol.:      -75.72009        0.00000        0.00000
wrapping first mol.:      -75.64692        0.00000        0.00000
wrapping first mol.:      -75.64692        0.00000        0.00000
wrapping first mol.:      -75.62226        0.00000        0.00000
wrapping first mol.:      -75.62226        0.00000        0.00000
wrapping first mol.:      -75.65747        0.00000        0.00000
wrapping first mol.:      -75.65747        0.00000        0.00000

 NSTEP =  1875000   TIME(PS) =    5450.000  TEMP(K) =   301.79  PRESS =     0.0
 Etot   =   -117049.6955  EKtot   =     20628.3691  EPtot      =   -137678.0646
 BOND   =       553.7651  ANGLE   =      1472.8701  DIHED      =       983.6673
 UB     =         0.0000  IMP     =         0.0000  CMAP       =       147.1911
 1-4 NB =       651.2372  1-4 EEL =      5870.0643  VDWAALS    =     16586.9968
 EELEC  =   -163943.8564  EHBOND  =         0.0000  RESTRAINT  =         0.0000
 EKCMT  =         0.0000  VIRIAL  =         0.0000  VOLUME     =    333375.4678
                                                    Density    =         1.0326
 ------------------------------------------------------------------------------

wrapping first mol.:      -75.63431        0.00000        0.00000
wrapping first mol.:      -75.63431        0.00000        0.00000
wrapping first mol.:      -75.72645        0.00000        0.00000
wrapping first mol.:      -75.72645        0.00000        0.00000
wrapping first mol.:      -75.65664        0.00000        0.00000
wrapping first mol.:      -75.65664        0.00000        0.00000
wrapping first mol.:      -75.74253        0.00000        0.00000
wrapping first mol.:      -75.74253        0.00000        0.00000
wrapping first mol.:      -75.60042        0.00000        0.00000
wrapping first mol.:      -75.60042        0.00000        0.00000

 NSTEP =  1900000   TIME(PS) =    5500.000  TEMP(K) =   300.24  PRESS =     0.0
 Etot   =   -116768.4374  EKtot   =     20523.0684  EPtot      =   -137291.5057
 BOND   =       552.5216  ANGLE   =      1543.7386  DIHED      =      1010.7025
 UB     =         0.0000  IMP     =         0.0000  CMAP       =       139.9128
 1-4 NB =       654.3039  1-4 EEL =      5849.0796  VDWAALS    =     16142.8129
 EELEC  =   -163184.5776  EHBOND  =         0.0000  RESTRAINT  =         0.0000
 EKCMT  =         0.0000  VIRIAL  =         0.0000  VOLUME     =    332621.8221
                                                    Density    =         1.0350
 ------------------------------------------------------------------------------

wrapping first mol.:      -75.68081        0.00000        0.00000
wrapping first mol.:      -75.68081        0.00000        0.00000
wrapping first mol.:      -75.68806        0.00000        0.00000
wrapping first mol.:      -75.68806        0.00000        0.00000
wrapping first mol.:      -75.64304        0.00000        0.00000
wrapping first mol.:      -75.64304        0.00000        0.00000
wrapping first mol.:      -75.71348        0.00000        0.00000
wrapping first mol.:      -75.71348        0.00000        0.00000
wrapping first mol.:      -75.67747        0.00000        0.00000
wrapping first mol.:      -75.67747        0.00000        0.00000

 NSTEP =  1925000   TIME(PS) =    5550.000  TEMP(K) =   298.04  PRESS =     0.0
 Etot   =   -117345.2270  EKtot   =     20372.6641  EPtot      =   -137717.8910
 BOND   =       549.8075  ANGLE   =      1509.0272  DIHED      =       996.3784
 UB     =         0.0000  IMP     =         0.0000  CMAP       =       151.2410
 1-4 NB =       647.9554  1-4 EEL =      5853.2828  VDWAALS    =     16748.4464
 EELEC  =   -164174.0299  EHBOND  =         0.0000  RESTRAINT  =         0.0000
 EKCMT  =         0.0000  VIRIAL  =         0.0000  VOLUME     =    333639.8629
                                                    Density    =         1.0318
 ------------------------------------------------------------------------------

wrapping first mol.:      -75.66176        0.00000        0.00000
wrapping first mol.:      -75.66176        0.00000        0.00000
wrapping first mol.:      -75.74223        0.00000        0.00000
wrapping first mol.:      -75.74223        0.00000        0.00000
wrapping first mol.:      -75.71908        0.00000        0.00000
wrapping first mol.:      -75.71908        0.00000        0.00000
wrapping first mol.:      -75.72769        0.00000        0.00000
wrapping first mol.:      -75.72769        0.00000        0.00000
wrapping first mol.:      -75.63273        0.00000        0.00000
wrapping first mol.:      -75.63273        0.00000        0.00000

 NSTEP =  1950000   TIME(PS) =    5600.000  TEMP(K) =   301.30  PRESS =     0.0
 Etot   =   -116971.6789  EKtot   =     20595.4629  EPtot      =   -137567.1418
 BOND   =       620.9774  ANGLE   =      1526.4217  DIHED      =      1037.4688
 UB     =         0.0000  IMP     =         0.0000  CMAP       =       153.1488
 1-4 NB =       632.9005  1-4 EEL =      5875.0399  VDWAALS    =     16106.2671
 EELEC  =   -163519.3660  EHBOND  =         0.0000  RESTRAINT  =         0.0000
 EKCMT  =         0.0000  VIRIAL  =         0.0000  VOLUME     =    333048.4547
                                                    Density    =         1.0337
 ------------------------------------------------------------------------------

wrapping first mol.:      -75.73200        0.00000        0.00000
wrapping first mol.:      -75.73200        0.00000        0.00000
wrapping first mol.:      -75.72434        0.00000        0.00000
wrapping first mol.:      -75.72434        0.00000        0.00000
wrapping first mol.:      -75.58176        0.00000        0.00000
wrapping first mol.:      -75.58176        0.00000        0.00000
wrapping first mol.:      -75.67142        0.00000        0.00000
wrapping first mol.:      -75.67142        0.00000        0.00000
wrapping first mol.:      -75.65033        0.00000        0.00000
wrapping first mol.:      -75.65033        0.00000        0.00000

 NSTEP =  1975000   TIME(PS) =    5650.000  TEMP(K) =   298.25  PRESS =     0.0
 Etot   =   -116929.7302  EKtot   =     20386.3711  EPtot      =   -137316.1013
 BOND   =       601.4249  ANGLE   =      1524.7807  DIHED      =       991.3444
 UB     =         0.0000  IMP     =         0.0000  CMAP       =       147.1881
 1-4 NB =       651.9811  1-4 EEL =      5861.5307  VDWAALS    =     16081.6572
 EELEC  =   -163176.0083  EHBOND  =         0.0000  RESTRAINT  =         0.0000
 EKCMT  =         0.0000  VIRIAL  =         0.0000  VOLUME     =    333280.9976
                                                    Density    =         1.0329
 ------------------------------------------------------------------------------

wrapping first mol.:      -75.72539        0.00000        0.00000
wrapping first mol.:      -75.72539        0.00000        0.00000
wrapping first mol.:      -75.68136        0.00000        0.00000
wrapping first mol.:      -75.68136        0.00000        0.00000
wrapping first mol.:      -75.65615        0.00000        0.00000
wrapping first mol.:      -75.65615        0.00000        0.00000
wrapping first mol.:      -75.73087        0.00000        0.00000
wrapping first mol.:      -75.73087        0.00000        0.00000
wrapping first mol.:      -75.73709        0.00000        0.00000
wrapping first mol.:      -75.73709        0.00000        0.00000

 NSTEP =  2000000   TIME(PS) =    5700.000  TEMP(K) =   301.26  PRESS =     0.0
 Etot   =   -117038.9178  EKtot   =     20592.6367  EPtot      =   -137631.5545
 BOND   =       573.3769  ANGLE   =      1566.3470  DIHED      =      1009.9764
 UB     =         0.0000  IMP     =         0.0000  CMAP       =       146.9948
 1-4 NB =       653.8815  1-4 EEL =      5840.0519  VDWAALS    =     16617.0329
 EELEC  =   -164039.2159  EHBOND  =         0.0000  RESTRAINT  =         0.0000
 EKCMT  =         0.0000  VIRIAL  =         0.0000  VOLUME     =    334429.0268
                                                    Density    =         1.0294
 ------------------------------------------------------------------------------

wrapping first mol.:      -75.62926        0.00000        0.00000
wrapping first mol.:      -75.62926        0.00000        0.00000
wrapping first mol.:      -75.68353        0.00000        0.00000
wrapping first mol.:      -75.68353        0.00000        0.00000
wrapping first mol.:      -75.59278        0.00000        0.00000
wrapping first mol.:      -75.59278        0.00000        0.00000
wrapping first mol.:      -75.67786        0.00000        0.00000
wrapping first mol.:      -75.67786        0.00000        0.00000
wrapping first mol.:      -75.76356        0.00000        0.00000
wrapping first mol.:      -75.76356        0.00000        0.00000

 NSTEP =  2025000   TIME(PS) =    5750.000  TEMP(K) =   300.60  PRESS =     0.0
 Etot   =   -116796.3068  EKtot   =     20547.5840  EPtot      =   -137343.8907
 BOND   =       582.1752  ANGLE   =      1481.1554  DIHED      =       995.9507
 UB     =         0.0000  IMP     =         0.0000  CMAP       =       151.9936
 1-4 NB =       632.9431  1-4 EEL =      5872.6706  VDWAALS    =     16459.2663
 EELEC  =   -163520.0457  EHBOND  =         0.0000  RESTRAINT  =         0.0000
 EKCMT  =         0.0000  VIRIAL  =         0.0000  VOLUME     =    334779.8665
                                                    Density    =         1.0283
 ------------------------------------------------------------------------------

wrapping first mol.:      -75.60324        0.00000        0.00000
wrapping first mol.:      -75.60324        0.00000        0.00000
wrapping first mol.:      -75.62079        0.00000        0.00000
wrapping first mol.:      -75.62079        0.00000        0.00000
wrapping first mol.:      -75.77315        0.00000        0.00000
wrapping first mol.:      -75.77315        0.00000        0.00000
wrapping first mol.:      -75.65771        0.00000        0.00000
wrapping first mol.:      -75.65771        0.00000        0.00000
wrapping first mol.:      -75.65124        0.00000        0.00000
wrapping first mol.:      -75.65124        0.00000        0.00000

 NSTEP =  2050000   TIME(PS) =    5800.000  TEMP(K) =   298.26  PRESS =     0.0
 Etot   =   -117061.5447  EKtot   =     20387.5645  EPtot      =   -137449.1091
 BOND   =       583.0069  ANGLE   =      1555.1223  DIHED      =      1000.5460
 UB     =         0.0000  IMP     =         0.0000  CMAP       =       139.0941
 1-4 NB =       624.7264  1-4 EEL =      5799.9050  VDWAALS    =     16841.2309
 EELEC  =   -163992.7408  EHBOND  =         0.0000  RESTRAINT  =         0.0000
 EKCMT  =         0.0000  VIRIAL  =         0.0000  VOLUME     =    333293.0229
                                                    Density    =         1.0329
 ------------------------------------------------------------------------------

wrapping first mol.:      -75.61064        0.00000        0.00000
wrapping first mol.:      -75.61064        0.00000        0.00000
wrapping first mol.:      -75.71841        0.00000        0.00000
wrapping first mol.:      -75.71841        0.00000        0.00000
wrapping first mol.:      -75.58539        0.00000        0.00000
wrapping first mol.:      -75.58539        0.00000        0.00000
wrapping first mol.:      -75.73898        0.00000        0.00000
wrapping first mol.:      -75.73898        0.00000        0.00000
wrapping first mol.:      -75.57569        0.00000        0.00000
wrapping first mol.:      -75.57569        0.00000        0.00000

 NSTEP =  2075000   TIME(PS) =    5850.000  TEMP(K) =   298.37  PRESS =     0.0
 Etot   =   -116991.9714  EKtot   =     20394.8555  EPtot      =   -137386.8269
 BOND   =       540.7831  ANGLE   =      1539.9363  DIHED      =       994.1562
 UB     =         0.0000  IMP     =         0.0000  CMAP       =       150.4289
 1-4 NB =       655.4203  1-4 EEL =      5840.7847  VDWAALS    =     16563.6757
 EELEC  =   -163672.0121  EHBOND  =         0.0000  RESTRAINT  =         0.0000
 EKCMT  =         0.0000  VIRIAL  =         0.0000  VOLUME     =    332295.5182
                                                    Density    =         1.0360
 ------------------------------------------------------------------------------

wrapping first mol.:      -75.62735        0.00000        0.00000
wrapping first mol.:      -75.62735        0.00000        0.00000
wrapping first mol.:      -75.64724        0.00000        0.00000
wrapping first mol.:      -75.64724        0.00000        0.00000
wrapping first mol.:      -75.64991        0.00000        0.00000
wrapping first mol.:      -75.64991        0.00000        0.00000
wrapping first mol.:      -75.62875        0.00000        0.00000
wrapping first mol.:      -75.62875        0.00000        0.00000
wrapping first mol.:      -75.69224        0.00000        0.00000
wrapping first mol.:      -75.69224        0.00000        0.00000

 NSTEP =  2100000   TIME(PS) =    5900.000  TEMP(K) =   300.27  PRESS =     0.0
 Etot   =   -116755.0806  EKtot   =     20524.7070  EPtot      =   -137279.7876
 BOND   =       554.9393  ANGLE   =      1515.4577  DIHED      =      1015.2687
 UB     =         0.0000  IMP     =         0.0000  CMAP       =       166.1047
 1-4 NB =       625.2595  1-4 EEL =      5806.9655  VDWAALS    =     16366.4487
 EELEC  =   -163330.2317  EHBOND  =         0.0000  RESTRAINT  =         0.0000
 EKCMT  =         0.0000  VIRIAL  =         0.0000  VOLUME     =    333835.2077
                                                    Density    =         1.0312
 ------------------------------------------------------------------------------

wrapping first mol.:      -75.75249        0.00000        0.00000
wrapping first mol.:      -75.75249        0.00000        0.00000
wrapping first mol.:      -75.65457        0.00000        0.00000
wrapping first mol.:      -75.65457        0.00000        0.00000
wrapping first mol.:      -75.73954        0.00000        0.00000
wrapping first mol.:      -75.73954        0.00000        0.00000
wrapping first mol.:      -75.70916        0.00000        0.00000
wrapping first mol.:      -75.70916        0.00000        0.00000
wrapping first mol.:      -75.62269        0.00000        0.00000
wrapping first mol.:      -75.62269        0.00000        0.00000

 NSTEP =  2125000   TIME(PS) =    5950.000  TEMP(K) =   301.33  PRESS =     0.0
 Etot   =   -116761.6821  EKtot   =     20597.4004  EPtot      =   -137359.0825
 BOND   =       559.5142  ANGLE   =      1516.5412  DIHED      =       972.4207
 UB     =         0.0000  IMP     =         0.0000  CMAP       =       141.4428
 1-4 NB =       641.6124  1-4 EEL =      5859.8051  VDWAALS    =     16325.3238
 EELEC  =   -163375.7428  EHBOND  =         0.0000  RESTRAINT  =         0.0000
 EKCMT  =         0.0000  VIRIAL  =         0.0000  VOLUME     =    332915.8403
                                                    Density    =         1.0341
 ------------------------------------------------------------------------------

wrapping first mol.:      -75.67592        0.00000        0.00000
wrapping first mol.:      -75.67592        0.00000        0.00000
wrapping first mol.:      -75.67026        0.00000        0.00000
wrapping first mol.:      -75.67026        0.00000        0.00000
wrapping first mol.:      -75.70418        0.00000        0.00000
wrapping first mol.:      -75.70418        0.00000        0.00000
wrapping first mol.:      -75.66029        0.00000        0.00000
wrapping first mol.:      -75.66029        0.00000        0.00000
wrapping first mol.:      -75.73877        0.00000        0.00000
wrapping first mol.:      -75.73877        0.00000        0.00000

 NSTEP =  2150000   TIME(PS) =    6000.000  TEMP(K) =   300.27  PRESS =     0.0
 Etot   =   -116843.1919  EKtot   =     20524.8984  EPtot      =   -137368.0904
 BOND   =       569.7974  ANGLE   =      1503.7258  DIHED      =      1004.2108
 UB     =         0.0000  IMP     =         0.0000  CMAP       =       146.6373
 1-4 NB =       645.1460  1-4 EEL =      5821.0767  VDWAALS    =     16484.6973
 EELEC  =   -163543.3816  EHBOND  =         0.0000  RESTRAINT  =         0.0000
 EKCMT  =         0.0000  VIRIAL  =         0.0000  VOLUME     =    334451.2752
                                                    Density    =         1.0293
 ------------------------------------------------------------------------------

wrapping first mol.:      -75.73931        0.00000        0.00000
wrapping first mol.:      -75.73931        0.00000        0.00000
wrapping first mol.:      -75.59617        0.00000        0.00000
wrapping first mol.:      -75.59617        0.00000        0.00000
wrapping first mol.:      -75.65992        0.00000        0.00000
wrapping first mol.:      -75.65992        0.00000        0.00000
wrapping first mol.:      -75.64808        0.00000        0.00000
wrapping first mol.:      -75.64808        0.00000        0.00000
wrapping first mol.:      -75.68772        0.00000        0.00000
wrapping first mol.:      -75.68772        0.00000        0.00000

 NSTEP =  2175000   TIME(PS) =    6050.000  TEMP(K) =   302.06  PRESS =     0.0
 Etot   =   -116597.1064  EKtot   =     20647.0391  EPtot      =   -137244.1455
 BOND   =       584.7316  ANGLE   =      1503.2529  DIHED      =       994.4266
 UB     =         0.0000  IMP     =         0.0000  CMAP       =       152.7774
 1-4 NB =       649.8111  1-4 EEL =      5851.8402  VDWAALS    =     16338.3041
 EELEC  =   -163319.2894  EHBOND  =         0.0000  RESTRAINT  =         0.0000
 EKCMT  =         0.0000  VIRIAL  =         0.0000  VOLUME     =    333775.4155
                                                    Density    =         1.0314
 ------------------------------------------------------------------------------

wrapping first mol.:      -75.69635        0.00000        0.00000
wrapping first mol.:      -75.69635        0.00000        0.00000
wrapping first mol.:      -75.77519        0.00000        0.00000
wrapping first mol.:      -75.77519        0.00000        0.00000
wrapping first mol.:      -75.72828        0.00000        0.00000
wrapping first mol.:      -75.72828        0.00000        0.00000
wrapping first mol.:      -75.66150        0.00000        0.00000
wrapping first mol.:      -75.66150        0.00000        0.00000
wrapping first mol.:      -75.65916        0.00000        0.00000
wrapping first mol.:      -75.65916        0.00000        0.00000

 NSTEP =  2200000   TIME(PS) =    6100.000  TEMP(K) =   301.36  PRESS =     0.0
 Etot   =   -117309.0261  EKtot   =     20599.6152  EPtot      =   -137908.6414
 BOND   =       582.3671  ANGLE   =      1498.1440  DIHED      =      1008.4599
 UB     =         0.0000  IMP     =         0.0000  CMAP       =       144.3200
 1-4 NB =       663.8559  1-4 EEL =      5842.4471  VDWAALS    =     16575.4327
 EELEC  =   -164223.6680  EHBOND  =         0.0000  RESTRAINT  =         0.0000
 EKCMT  =         0.0000  VIRIAL  =         0.0000  VOLUME     =    333397.8282
                                                    Density    =         1.0326
 ------------------------------------------------------------------------------

wrapping first mol.:      -75.65707        0.00000        0.00000
wrapping first mol.:      -75.65707        0.00000        0.00000
wrapping first mol.:      -75.66531        0.00000        0.00000
wrapping first mol.:      -75.66531        0.00000        0.00000
wrapping first mol.:      -75.58097        0.00000        0.00000
wrapping first mol.:      -75.58097        0.00000        0.00000
wrapping first mol.:      -75.58074        0.00000        0.00000
wrapping first mol.:      -75.58074        0.00000        0.00000
wrapping first mol.:      -75.67248        0.00000        0.00000
wrapping first mol.:      -75.67248        0.00000        0.00000

 NSTEP =  2225000   TIME(PS) =    6150.000  TEMP(K) =   299.94  PRESS =     0.0
 Etot   =   -116977.2554  EKtot   =     20501.9902  EPtot      =   -137479.2456
 BOND   =       578.4207  ANGLE   =      1524.0535  DIHED      =       982.3419
 UB     =         0.0000  IMP     =         0.0000  CMAP       =       140.1669
 1-4 NB =       649.1486  1-4 EEL =      5828.7863  VDWAALS    =     16078.0126
 EELEC  =   -163260.1763  EHBOND  =         0.0000  RESTRAINT  =         0.0000
 EKCMT  =         0.0000  VIRIAL  =         0.0000  VOLUME     =    333573.8626
                                                    Density    =         1.0320
 ------------------------------------------------------------------------------

wrapping first mol.:      -75.72817        0.00000        0.00000
wrapping first mol.:      -75.72817        0.00000        0.00000
wrapping first mol.:      -75.68707        0.00000        0.00000
wrapping first mol.:      -75.68707        0.00000        0.00000
wrapping first mol.:      -75.58013        0.00000        0.00000
wrapping first mol.:      -75.58013        0.00000        0.00000
wrapping first mol.:      -75.57219        0.00000        0.00000
wrapping first mol.:      -75.57219        0.00000        0.00000
wrapping first mol.:      -75.68852        0.00000        0.00000
wrapping first mol.:      -75.68852        0.00000        0.00000

 NSTEP =  2250000   TIME(PS) =    6200.000  TEMP(K) =   298.18  PRESS =     0.0
 Etot   =   -117008.0592  EKtot   =     20382.2148  EPtot      =   -137390.2740
 BOND   =       518.1811  ANGLE   =      1552.8684  DIHED      =      1002.9916
 UB     =         0.0000  IMP     =         0.0000  CMAP       =       150.4572
 1-4 NB =       649.8195  1-4 EEL =      5792.9612  VDWAALS    =     16135.0984
 EELEC  =   -163192.6514  EHBOND  =         0.0000  RESTRAINT  =         0.0000
 EKCMT  =         0.0000  VIRIAL  =         0.0000  VOLUME     =    333786.0567
                                                    Density    =         1.0314
 ------------------------------------------------------------------------------

wrapping first mol.:      -75.81014        0.00000        0.00000
wrapping first mol.:      -75.81014        0.00000        0.00000
wrapping first mol.:      -75.69528        0.00000        0.00000
wrapping first mol.:      -75.69528        0.00000        0.00000
wrapping first mol.:      -75.68522        0.00000        0.00000
wrapping first mol.:      -75.68522        0.00000        0.00000
wrapping first mol.:      -75.61465        0.00000        0.00000
wrapping first mol.:      -75.61465        0.00000        0.00000
wrapping first mol.:      -75.67110        0.00000        0.00000
wrapping first mol.:      -75.67110        0.00000        0.00000

 NSTEP =  2275000   TIME(PS) =    6250.000  TEMP(K) =   301.31  PRESS =     0.0
 Etot   =   -117035.9828  EKtot   =     20595.6094  EPtot      =   -137631.5922
 BOND   =       538.7436  ANGLE   =      1547.4389  DIHED      =      1011.6574
 UB     =         0.0000  IMP     =         0.0000  CMAP       =       145.7090
 1-4 NB =       630.2158  1-4 EEL =      5849.5216  VDWAALS    =     16412.7240
 EELEC  =   -163767.6024  EHBOND  =         0.0000  RESTRAINT  =         0.0000
 EKCMT  =         0.0000  VIRIAL  =         0.0000  VOLUME     =    333555.6631
                                                    Density    =         1.0321
 ------------------------------------------------------------------------------

wrapping first mol.:      -75.66839        0.00000        0.00000
wrapping first mol.:      -75.66839        0.00000        0.00000
wrapping first mol.:      -75.69443        0.00000        0.00000
wrapping first mol.:      -75.69443        0.00000        0.00000
wrapping first mol.:      -75.61434        0.00000        0.00000
wrapping first mol.:      -75.61434        0.00000        0.00000
wrapping first mol.:      -75.67851        0.00000        0.00000
wrapping first mol.:      -75.67851        0.00000        0.00000
wrapping first mol.:      -75.64481        0.00000        0.00000
wrapping first mol.:      -75.64481        0.00000        0.00000

 NSTEP =  2300000   TIME(PS) =    6300.000  TEMP(K) =   299.96  PRESS =     0.0
 Etot   =   -116636.6162  EKtot   =     20503.4629  EPtot      =   -137140.0791
 BOND   =       499.8016  ANGLE   =      1502.9486  DIHED      =       985.5678
 UB     =         0.0000  IMP     =         0.0000  CMAP       =       141.9757
 1-4 NB =       653.5659  1-4 EEL =      5833.1387  VDWAALS    =     15924.0537
 EELEC  =   -162681.1311  EHBOND  =         0.0000  RESTRAINT  =         0.0000
 EKCMT  =         0.0000  VIRIAL  =         0.0000  VOLUME     =    333208.1260
                                                    Density    =         1.0332
 ------------------------------------------------------------------------------

wrapping first mol.:      -75.72091        0.00000        0.00000
wrapping first mol.:      -75.72091        0.00000        0.00000
wrapping first mol.:      -75.65230        0.00000        0.00000
wrapping first mol.:      -75.65230        0.00000        0.00000
wrapping first mol.:      -75.67451        0.00000        0.00000
wrapping first mol.:      -75.67451        0.00000        0.00000
wrapping first mol.:      -75.72432        0.00000        0.00000
wrapping first mol.:      -75.72432        0.00000        0.00000
wrapping first mol.:      -75.70897        0.00000        0.00000
wrapping first mol.:      -75.70897        0.00000        0.00000

 NSTEP =  2325000   TIME(PS) =    6350.000  TEMP(K) =   300.11  PRESS =     0.0
 Etot   =   -116721.5787  EKtot   =     20513.5391  EPtot      =   -137235.1178
 BOND   =       568.8552  ANGLE   =      1547.9138  DIHED      =      1027.8060
 UB     =         0.0000  IMP     =         0.0000  CMAP       =       139.2431
 1-4 NB =       655.0697  1-4 EEL =      5801.4083  VDWAALS    =     16439.0152
 EELEC  =   -163414.4291  EHBOND  =         0.0000  RESTRAINT  =         0.0000
 EKCMT  =         0.0000  VIRIAL  =         0.0000  VOLUME     =    334056.7031
                                                    Density    =         1.0305
 ------------------------------------------------------------------------------

wrapping first mol.:      -75.72843        0.00000        0.00000
wrapping first mol.:      -75.72843        0.00000        0.00000
wrapping first mol.:      -75.61785        0.00000        0.00000
wrapping first mol.:      -75.61785        0.00000        0.00000
wrapping first mol.:      -75.58321        0.00000        0.00000
wrapping first mol.:      -75.58321        0.00000        0.00000
wrapping first mol.:      -75.67944        0.00000        0.00000
wrapping first mol.:      -75.67944        0.00000        0.00000
wrapping first mol.:      -75.60837        0.00000        0.00000
wrapping first mol.:      -75.60837        0.00000        0.00000

 NSTEP =  2350000   TIME(PS) =    6400.000  TEMP(K) =   300.49  PRESS =     0.0
 Etot   =   -117116.8475  EKtot   =     20539.9473  EPtot      =   -137656.7948
 BOND   =       567.3528  ANGLE   =      1551.2494  DIHED      =       979.9854
 UB     =         0.0000  IMP     =         0.0000  CMAP       =       153.9272
 1-4 NB =       638.7015  1-4 EEL =      5842.5365  VDWAALS    =     16407.5472
 EELEC  =   -163798.0947  EHBOND  =         0.0000  RESTRAINT  =         0.0000
 EKCMT  =         0.0000  VIRIAL  =         0.0000  VOLUME     =    332726.7802
                                                    Density    =         1.0347
 ------------------------------------------------------------------------------

wrapping first mol.:      -75.70269        0.00000        0.00000
wrapping first mol.:      -75.70269        0.00000        0.00000
wrapping first mol.:      -75.65050        0.00000        0.00000
wrapping first mol.:      -75.65050        0.00000        0.00000
wrapping first mol.:      -75.57040        0.00000        0.00000
wrapping first mol.:      -75.57040        0.00000        0.00000
wrapping first mol.:      -75.65649        0.00000        0.00000
wrapping first mol.:      -75.65649        0.00000        0.00000
wrapping first mol.:      -75.74956        0.00000        0.00000
wrapping first mol.:      -75.74956        0.00000        0.00000

 NSTEP =  2375000   TIME(PS) =    6450.000  TEMP(K) =   300.63  PRESS =     0.0
 Etot   =   -116979.1583  EKtot   =     20549.5195  EPtot      =   -137528.6779
 BOND   =       579.1730  ANGLE   =      1474.5517  DIHED      =       993.7514
 UB     =         0.0000  IMP     =         0.0000  CMAP       =       136.4157
 1-4 NB =       665.6222  1-4 EEL =      5881.0723  VDWAALS    =     16470.8539
 EELEC  =   -163730.1180  EHBOND  =         0.0000  RESTRAINT  =         0.0000
 EKCMT  =         0.0000  VIRIAL  =         0.0000  VOLUME     =    334594.2067
                                                    Density    =         1.0289
 ------------------------------------------------------------------------------

wrapping first mol.:      -75.58683        0.00000        0.00000
wrapping first mol.:      -75.58683        0.00000        0.00000
wrapping first mol.:      -75.65708        0.00000        0.00000
wrapping first mol.:      -75.65708        0.00000        0.00000
wrapping first mol.:      -75.72750        0.00000        0.00000
wrapping first mol.:      -75.72750        0.00000        0.00000
wrapping first mol.:      -75.68639        0.00000        0.00000
wrapping first mol.:      -75.68639        0.00000        0.00000
wrapping first mol.:      -75.73338        0.00000        0.00000
wrapping first mol.:      -75.73338        0.00000        0.00000

 NSTEP =  2400000   TIME(PS) =    6500.000  TEMP(K) =   300.29  PRESS =     0.0
 Etot   =   -116902.5376  EKtot   =     20525.9180  EPtot      =   -137428.4556
 BOND   =       553.5638  ANGLE   =      1533.4833  DIHED      =       977.4335
 UB     =         0.0000  IMP     =         0.0000  CMAP       =       150.3531
 1-4 NB =       638.2549  1-4 EEL =      5844.4912  VDWAALS    =     16132.9436
 EELEC  =   -163258.9789  EHBOND  =         0.0000  RESTRAINT  =         0.0000
 EKCMT  =         0.0000  VIRIAL  =         0.0000  VOLUME     =    334379.8304
                                                    Density    =         1.0295
 ------------------------------------------------------------------------------

wrapping first mol.:      -75.67480        0.00000        0.00000
wrapping first mol.:      -75.67480        0.00000        0.00000
wrapping first mol.:      -75.65628        0.00000        0.00000
wrapping first mol.:      -75.65628        0.00000        0.00000
wrapping first mol.:      -75.61846        0.00000        0.00000
wrapping first mol.:      -75.61846        0.00000        0.00000
wrapping first mol.:      -75.65590        0.00000        0.00000
wrapping first mol.:      -75.65590        0.00000        0.00000
wrapping first mol.:      -75.66752        0.00000        0.00000
wrapping first mol.:      -75.66752        0.00000        0.00000

 NSTEP =  2425000   TIME(PS) =    6550.000  TEMP(K) =   302.30  PRESS =     0.0
 Etot   =   -116926.5727  EKtot   =     20663.8750  EPtot      =   -137590.4477
 BOND   =       564.6163  ANGLE   =      1476.0584  DIHED      =       971.2571
 UB     =         0.0000  IMP     =         0.0000  CMAP       =       147.2540
 1-4 NB =       643.9301  1-4 EEL =      5875.1041  VDWAALS    =     16691.0180
 EELEC  =   -163959.6857  EHBOND  =         0.0000  RESTRAINT  =         0.0000
 EKCMT  =         0.0000  VIRIAL  =         0.0000  VOLUME     =    333508.3192
                                                    Density    =         1.0322
 ------------------------------------------------------------------------------

wrapping first mol.:      -75.66897        0.00000        0.00000
wrapping first mol.:      -75.66897        0.00000        0.00000
wrapping first mol.:      -75.74477        0.00000        0.00000
wrapping first mol.:      -75.74477        0.00000        0.00000
wrapping first mol.:      -75.73438        0.00000        0.00000
wrapping first mol.:      -75.73438        0.00000        0.00000
wrapping first mol.:      -75.69155        0.00000        0.00000
wrapping first mol.:      -75.69155        0.00000        0.00000
wrapping first mol.:      -75.69984        0.00000        0.00000
wrapping first mol.:      -75.69984        0.00000        0.00000

 NSTEP =  2450000   TIME(PS) =    6600.000  TEMP(K) =   298.30  PRESS =     0.0
 Etot   =   -117272.0467  EKtot   =     20390.0781  EPtot      =   -137662.1248
 BOND   =       584.2661  ANGLE   =      1514.9583  DIHED      =       972.3373
 UB     =         0.0000  IMP     =         0.0000  CMAP       =       151.8543
 1-4 NB =       666.2226  1-4 EEL =      5814.3195  VDWAALS    =     16388.6906
 EELEC  =   -163754.7736  EHBOND  =         0.0000  RESTRAINT  =         0.0000
 EKCMT  =         0.0000  VIRIAL  =         0.0000  VOLUME     =    333935.8961
                                                    Density    =         1.0309
 ------------------------------------------------------------------------------

wrapping first mol.:      -75.66916        0.00000        0.00000
wrapping first mol.:      -75.66916        0.00000        0.00000
wrapping first mol.:      -75.68762        0.00000        0.00000
wrapping first mol.:      -75.68762        0.00000        0.00000
wrapping first mol.:      -75.70917        0.00000        0.00000
wrapping first mol.:      -75.70917        0.00000        0.00000
wrapping first mol.:      -75.64472        0.00000        0.00000
wrapping first mol.:      -75.64472        0.00000        0.00000
wrapping first mol.:      -75.73013        0.00000        0.00000
wrapping first mol.:      -75.73013        0.00000        0.00000

 NSTEP =  2475000   TIME(PS) =    6650.000  TEMP(K) =   300.47  PRESS =     0.0
 Etot   =   -116817.0126  EKtot   =     20538.3574  EPtot      =   -137355.3700
 BOND   =       552.9236  ANGLE   =      1516.2091  DIHED      =      1009.3377
 UB     =         0.0000  IMP     =         0.0000  CMAP       =       139.3751
 1-4 NB =       662.0373  1-4 EEL =      5762.1997  VDWAALS    =     15811.4391
 EELEC  =   -162808.8917  EHBOND  =         0.0000  RESTRAINT  =         0.0000
 EKCMT  =         0.0000  VIRIAL  =         0.0000  VOLUME     =    334336.7963
                                                    Density    =         1.0297
 ------------------------------------------------------------------------------

wrapping first mol.:      -75.71893        0.00000        0.00000
wrapping first mol.:      -75.71893        0.00000        0.00000
wrapping first mol.:      -75.64203        0.00000        0.00000
wrapping first mol.:      -75.64203        0.00000        0.00000
wrapping first mol.:      -75.65810        0.00000        0.00000
wrapping first mol.:      -75.65810        0.00000        0.00000
wrapping first mol.:      -75.73963        0.00000        0.00000
wrapping first mol.:      -75.73963        0.00000        0.00000
wrapping first mol.:      -75.65453        0.00000        0.00000
wrapping first mol.:      -75.65453        0.00000        0.00000

 NSTEP =  2500000   TIME(PS) =    6700.000  TEMP(K) =   301.06  PRESS =     0.0
 Etot   =   -117201.8072  EKtot   =     20578.7559  EPtot      =   -137780.5631
 BOND   =       557.5689  ANGLE   =      1547.3339  DIHED      =      1007.2245
 UB     =         0.0000  IMP     =         0.0000  CMAP       =       143.0590
 1-4 NB =       660.1611  1-4 EEL =      5882.6832  VDWAALS    =     16913.6137
 EELEC  =   -164492.2075  EHBOND  =         0.0000  RESTRAINT  =         0.0000
 EKCMT  =         0.0000  VIRIAL  =         0.0000  VOLUME     =    333336.5989
                                                    Density    =         1.0328
 ------------------------------------------------------------------------------

wrapping first mol.:      -75.71639        0.00000        0.00000
wrapping first mol.:      -75.71639        0.00000        0.00000
wrapping first mol.:      -75.76054        0.00000        0.00000
wrapping first mol.:      -75.76054        0.00000        0.00000
wrapping first mol.:      -75.75978        0.00000        0.00000
wrapping first mol.:      -75.75978        0.00000        0.00000
wrapping first mol.:      -75.69973        0.00000        0.00000
wrapping first mol.:      -75.69973        0.00000        0.00000
wrapping first mol.:      -75.57433        0.00000        0.00000
wrapping first mol.:      -75.57433        0.00000        0.00000

 NSTEP =  2525000   TIME(PS) =    6750.000  TEMP(K) =   299.82  PRESS =     0.0
 Etot   =   -116740.8888  EKtot   =     20494.0527  EPtot      =   -137234.9416
 BOND   =       605.4180  ANGLE   =      1507.1386  DIHED      =      1002.3702
 UB     =         0.0000  IMP     =         0.0000  CMAP       =       154.3892
 1-4 NB =       650.1512  1-4 EEL =      5796.6640  VDWAALS    =     16614.7712
 EELEC  =   -163565.8441  EHBOND  =         0.0000  RESTRAINT  =         0.0000
 EKCMT  =         0.0000  VIRIAL  =         0.0000  VOLUME     =    332277.5307
                                                    Density    =         1.0361
 ------------------------------------------------------------------------------

wrapping first mol.:      -75.57940        0.00000        0.00000
wrapping first mol.:      -75.57940        0.00000        0.00000
wrapping first mol.:      -75.66823        0.00000        0.00000
wrapping first mol.:      -75.66823        0.00000        0.00000
wrapping first mol.:      -75.68406        0.00000        0.00000
wrapping first mol.:      -75.68406        0.00000        0.00000
wrapping first mol.:      -75.73495        0.00000        0.00000
wrapping first mol.:      -75.73495        0.00000        0.00000
wrapping first mol.:      -75.73476        0.00000        0.00000
wrapping first mol.:      -75.73476        0.00000        0.00000

 NSTEP =  2550000   TIME(PS) =    6800.000  TEMP(K) =   299.08  PRESS =     0.0
 Etot   =   -117158.5629  EKtot   =     20443.5000  EPtot      =   -137602.0629
 BOND   =       573.1702  ANGLE   =      1496.3551  DIHED      =      1004.0367
 UB     =         0.0000  IMP     =         0.0000  CMAP       =       138.0338
 1-4 NB =       643.8785  1-4 EEL =      5858.8773  VDWAALS    =     16238.4559
 EELEC  =   -163554.8705  EHBOND  =         0.0000  RESTRAINT  =         0.0000
 EKCMT  =         0.0000  VIRIAL  =         0.0000  VOLUME     =    334398.2062
                                                    Density    =         1.0295
 ------------------------------------------------------------------------------

wrapping first mol.:      -75.61786        0.00000        0.00000
wrapping first mol.:      -75.61786        0.00000        0.00000
wrapping first mol.:      -75.61982        0.00000        0.00000
wrapping first mol.:      -75.61982        0.00000        0.00000
wrapping first mol.:      -75.66111        0.00000        0.00000
wrapping first mol.:      -75.66111        0.00000        0.00000
wrapping first mol.:      -75.64687        0.00000        0.00000
wrapping first mol.:      -75.64687        0.00000        0.00000
wrapping first mol.:      -75.72632        0.00000        0.00000
wrapping first mol.:      -75.72632        0.00000        0.00000

 NSTEP =  2575000   TIME(PS) =    6850.000  TEMP(K) =   297.00  PRESS =     0.0
 Etot   =   -117183.7520  EKtot   =     20301.3262  EPtot      =   -137485.0782
 BOND   =       537.4244  ANGLE   =      1572.5800  DIHED      =      1009.9084
 UB     =         0.0000  IMP     =         0.0000  CMAP       =       146.2283
 1-4 NB =       646.8796  1-4 EEL =      5862.1405  VDWAALS    =     16267.9862
 EELEC  =   -163528.2255  EHBOND  =         0.0000  RESTRAINT  =         0.0000
 EKCMT  =         0.0000  VIRIAL  =         0.0000  VOLUME     =    334286.4431
                                                    Density    =         1.0298
 ------------------------------------------------------------------------------

wrapping first mol.:      -75.63209        0.00000        0.00000
wrapping first mol.:      -75.63209        0.00000        0.00000
wrapping first mol.:      -75.73833        0.00000        0.00000
wrapping first mol.:      -75.73833        0.00000        0.00000
wrapping first mol.:      -75.61644        0.00000        0.00000
wrapping first mol.:      -75.61644        0.00000        0.00000
wrapping first mol.:      -75.77124        0.00000        0.00000
wrapping first mol.:      -75.77124        0.00000        0.00000
wrapping first mol.:      -75.75258        0.00000        0.00000
wrapping first mol.:      -75.75258        0.00000        0.00000

 NSTEP =  2600000   TIME(PS) =    6900.000  TEMP(K) =   299.93  PRESS =     0.0
 Etot   =   -117118.4489  EKtot   =     20501.3320  EPtot      =   -137619.7809
 BOND   =       583.3101  ANGLE   =      1499.3497  DIHED      =      1022.0060
 UB     =         0.0000  IMP     =         0.0000  CMAP       =       139.6319
 1-4 NB =       647.9388  1-4 EEL =      5858.3450  VDWAALS    =     16029.3198
 EELEC  =   -163399.6822  EHBOND  =         0.0000  RESTRAINT  =         0.0000
 EKCMT  =         0.0000  VIRIAL  =         0.0000  VOLUME     =    334634.3366
                                                    Density    =         1.0288
 ------------------------------------------------------------------------------

wrapping first mol.:      -75.66648        0.00000        0.00000
wrapping first mol.:      -75.66648        0.00000        0.00000
wrapping first mol.:      -75.66290        0.00000        0.00000
wrapping first mol.:      -75.66290        0.00000        0.00000
wrapping first mol.:      -75.63243        0.00000        0.00000
wrapping first mol.:      -75.63243        0.00000        0.00000
wrapping first mol.:      -75.67900        0.00000        0.00000
wrapping first mol.:      -75.67900        0.00000        0.00000
wrapping first mol.:      -75.60332        0.00000        0.00000
wrapping first mol.:      -75.60332        0.00000        0.00000

 NSTEP =  2625000   TIME(PS) =    6950.000  TEMP(K) =   299.43  PRESS =     0.0
 Etot   =   -116891.6696  EKtot   =     20467.6504  EPtot      =   -137359.3200
 BOND   =       574.9665  ANGLE   =      1574.6404  DIHED      =       998.5135
 UB     =         0.0000  IMP     =         0.0000  CMAP       =       140.3533
 1-4 NB =       659.8914  1-4 EEL =      5850.6332  VDWAALS    =     16558.3975
 EELEC  =   -163716.7158  EHBOND  =         0.0000  RESTRAINT  =         0.0000
 EKCMT  =         0.0000  VIRIAL  =         0.0000  VOLUME     =    332660.1318
                                                    Density    =         1.0349
 ------------------------------------------------------------------------------

wrapping first mol.:      -75.67417        0.00000        0.00000
wrapping first mol.:      -75.67417        0.00000        0.00000
wrapping first mol.:      -75.61075        0.00000        0.00000
wrapping first mol.:      -75.61075        0.00000        0.00000
wrapping first mol.:      -75.65987        0.00000        0.00000
wrapping first mol.:      -75.65987        0.00000        0.00000
wrapping first mol.:      -75.60375        0.00000        0.00000
wrapping first mol.:      -75.60375        0.00000        0.00000
wrapping first mol.:      -75.71044        0.00000        0.00000
wrapping first mol.:      -75.71044        0.00000        0.00000

 NSTEP =  2650000   TIME(PS) =    7000.000  TEMP(K) =   298.61  PRESS =     0.0
 Etot   =   -117140.4946  EKtot   =     20411.5273  EPtot      =   -137552.0220
 BOND   =       553.7910  ANGLE   =      1577.3070  DIHED      =       995.1616
 UB     =         0.0000  IMP     =         0.0000  CMAP       =       148.2715
 1-4 NB =       626.7579  1-4 EEL =      5814.5854  VDWAALS    =     16356.9267
 EELEC  =   -163624.8229  EHBOND  =         0.0000  RESTRAINT  =         0.0000
 EKCMT  =         0.0000  VIRIAL  =         0.0000  VOLUME     =    334076.1783
                                                    Density    =         1.0305
 ------------------------------------------------------------------------------

wrapping first mol.:      -75.69423        0.00000        0.00000
wrapping first mol.:      -75.69423        0.00000        0.00000
wrapping first mol.:      -75.66938        0.00000        0.00000
wrapping first mol.:      -75.66938        0.00000        0.00000
wrapping first mol.:      -75.66753        0.00000        0.00000
wrapping first mol.:      -75.66753        0.00000        0.00000
wrapping first mol.:      -75.64757        0.00000        0.00000
wrapping first mol.:      -75.64757        0.00000        0.00000
wrapping first mol.:      -75.73477        0.00000        0.00000
wrapping first mol.:      -75.73477        0.00000        0.00000

 NSTEP =  2675000   TIME(PS) =    7050.000  TEMP(K) =   302.26  PRESS =     0.0
 Etot   =   -116722.0139  EKtot   =     20661.1465  EPtot      =   -137383.1604
 BOND   =       587.7105  ANGLE   =      1521.7308  DIHED      =       997.4315
 UB     =         0.0000  IMP     =         0.0000  CMAP       =       147.8032
 1-4 NB =       630.1217  1-4 EEL =      5793.3087  VDWAALS    =     16481.5449
 EELEC  =   -163542.8117  EHBOND  =         0.0000  RESTRAINT  =         0.0000
 EKCMT  =         0.0000  VIRIAL  =         0.0000  VOLUME     =    334398.3444
                                                    Density    =         1.0295
 ------------------------------------------------------------------------------

wrapping first mol.:      -75.66478        0.00000        0.00000
wrapping first mol.:      -75.66478        0.00000        0.00000
wrapping first mol.:      -75.72117        0.00000        0.00000
wrapping first mol.:      -75.72117        0.00000        0.00000
wrapping first mol.:      -75.74547        0.00000        0.00000
wrapping first mol.:      -75.74547        0.00000        0.00000
wrapping first mol.:      -75.72293        0.00000        0.00000
wrapping first mol.:      -75.72293        0.00000        0.00000
wrapping first mol.:      -75.72486        0.00000        0.00000
wrapping first mol.:      -75.72486        0.00000        0.00000

 NSTEP =  2700000   TIME(PS) =    7100.000  TEMP(K) =   300.73  PRESS =     0.0
 Etot   =   -117132.9696  EKtot   =     20556.3320  EPtot      =   -137689.3016
 BOND   =       577.5766  ANGLE   =      1533.2786  DIHED      =       997.5046
 UB     =         0.0000  IMP     =         0.0000  CMAP       =       144.3667
 1-4 NB =       646.0504  1-4 EEL =      5793.8005  VDWAALS    =     16464.2932
 EELEC  =   -163846.1722  EHBOND  =         0.0000  RESTRAINT  =         0.0000
 EKCMT  =         0.0000  VIRIAL  =         0.0000  VOLUME     =    334267.0294
                                                    Density    =         1.0299
 ------------------------------------------------------------------------------

wrapping first mol.:      -75.56001        0.00000        0.00000
wrapping first mol.:      -75.56001        0.00000        0.00000
wrapping first mol.:      -75.68834        0.00000        0.00000
wrapping first mol.:      -75.68834        0.00000        0.00000
wrapping first mol.:      -75.67090        0.00000        0.00000
wrapping first mol.:      -75.67090        0.00000        0.00000
wrapping first mol.:      -75.75884        0.00000        0.00000
wrapping first mol.:      -75.75884        0.00000        0.00000
wrapping first mol.:      -75.66815        0.00000        0.00000
wrapping first mol.:      -75.66815        0.00000        0.00000

 NSTEP =  2725000   TIME(PS) =    7150.000  TEMP(K) =   300.15  PRESS =     0.0
 Etot   =   -116774.6780  EKtot   =     20516.2578  EPtot      =   -137290.9358
 BOND   =       562.8451  ANGLE   =      1538.8806  DIHED      =      1012.8101
 UB     =         0.0000  IMP     =         0.0000  CMAP       =       148.6042
 1-4 NB =       650.5456  1-4 EEL =      5832.3617  VDWAALS    =     16003.8093
 EELEC  =   -163040.7924  EHBOND  =         0.0000  RESTRAINT  =         0.0000
 EKCMT  =         0.0000  VIRIAL  =         0.0000  VOLUME     =    333516.6547
                                                    Density    =         1.0322
 ------------------------------------------------------------------------------

wrapping first mol.:      -75.72441        0.00000        0.00000
wrapping first mol.:      -75.72441        0.00000        0.00000
wrapping first mol.:      -75.70335        0.00000        0.00000
wrapping first mol.:      -75.70335        0.00000        0.00000
wrapping first mol.:      -75.62948        0.00000        0.00000
wrapping first mol.:      -75.62948        0.00000        0.00000
wrapping first mol.:      -75.65856        0.00000        0.00000
wrapping first mol.:      -75.65856        0.00000        0.00000
wrapping first mol.:      -75.80505        0.00000        0.00000
wrapping first mol.:      -75.80505        0.00000        0.00000

 NSTEP =  2750000   TIME(PS) =    7200.000  TEMP(K) =   297.71  PRESS =     0.0
 Etot   =   -116930.4389  EKtot   =     20350.0801  EPtot      =   -137280.5190
 BOND   =       572.5693  ANGLE   =      1450.5558  DIHED      =      1034.2204
 UB     =         0.0000  IMP     =         0.0000  CMAP       =       142.2599
 1-4 NB =       666.1879  1-4 EEL =      5839.8793  VDWAALS    =     16327.4679
 EELEC  =   -163313.6595  EHBOND  =         0.0000  RESTRAINT  =         0.0000
 EKCMT  =         0.0000  VIRIAL  =         0.0000  VOLUME     =    335330.1679
                                                    Density    =         1.0266
 ------------------------------------------------------------------------------

wrapping first mol.:      -75.77395        0.00000        0.00000
wrapping first mol.:      -75.77395        0.00000        0.00000
wrapping first mol.:      -75.66982        0.00000        0.00000
wrapping first mol.:      -75.66982        0.00000        0.00000
wrapping first mol.:      -75.63360        0.00000        0.00000
wrapping first mol.:      -75.63360        0.00000        0.00000
wrapping first mol.:      -75.60972        0.00000        0.00000
wrapping first mol.:      -75.60972        0.00000        0.00000
wrapping first mol.:      -75.57803        0.00000        0.00000
wrapping first mol.:      -75.57803        0.00000        0.00000

 NSTEP =  2775000   TIME(PS) =    7250.000  TEMP(K) =   299.61  PRESS =     0.0
 Etot   =   -117084.5769  EKtot   =     20479.5273  EPtot      =   -137564.1042
 BOND   =       534.6538  ANGLE   =      1487.8953  DIHED      =      1015.0803
 UB     =         0.0000  IMP     =         0.0000  CMAP       =       148.7714
 1-4 NB =       660.7478  1-4 EEL =      5859.3564  VDWAALS    =     16295.9755
 EELEC  =   -163566.5847  EHBOND  =         0.0000  RESTRAINT  =         0.0000
 EKCMT  =         0.0000  VIRIAL  =         0.0000  VOLUME     =    332326.3608
                                                    Density    =         1.0359
 ------------------------------------------------------------------------------

wrapping first mol.:      -75.62581        0.00000        0.00000
wrapping first mol.:      -75.62581        0.00000        0.00000
wrapping first mol.:      -75.72146        0.00000        0.00000
wrapping first mol.:      -75.72146        0.00000        0.00000
wrapping first mol.:      -75.76938        0.00000        0.00000
wrapping first mol.:      -75.76938        0.00000        0.00000
wrapping first mol.:      -75.70970        0.00000        0.00000
wrapping first mol.:      -75.70970        0.00000        0.00000
wrapping first mol.:      -75.60873        0.00000        0.00000
wrapping first mol.:      -75.60873        0.00000        0.00000

 NSTEP =  2800000   TIME(PS) =    7300.000  TEMP(K) =   299.60  PRESS =     0.0
 Etot   =   -117267.6734  EKtot   =     20479.1465  EPtot      =   -137746.8199
 BOND   =       543.6924  ANGLE   =      1561.5634  DIHED      =       990.5412
 UB     =         0.0000  IMP     =         0.0000  CMAP       =       153.9394
 1-4 NB =       627.0651  1-4 EEL =      5873.9900  VDWAALS    =     16725.3714
 EELEC  =   -164222.9829  EHBOND  =         0.0000  RESTRAINT  =         0.0000
 EKCMT  =         0.0000  VIRIAL  =         0.0000  VOLUME     =    332731.5888
                                                    Density    =         1.0346
 ------------------------------------------------------------------------------

wrapping first mol.:      -75.55815        0.00000        0.00000
wrapping first mol.:      -75.55815        0.00000        0.00000
wrapping first mol.:      -75.52351        0.00000        0.00000
wrapping first mol.:      -75.52351        0.00000        0.00000
wrapping first mol.:      -75.56550        0.00000        0.00000
wrapping first mol.:      -75.56550        0.00000        0.00000
wrapping first mol.:      -75.67982        0.00000        0.00000
wrapping first mol.:      -75.67982        0.00000        0.00000
wrapping first mol.:      -75.76746        0.00000        0.00000
wrapping first mol.:      -75.76746        0.00000        0.00000

 NSTEP =  2825000   TIME(PS) =    7350.000  TEMP(K) =   299.62  PRESS =     0.0
 Etot   =   -116945.7636  EKtot   =     20480.3633  EPtot      =   -137426.1268
 BOND   =       528.3477  ANGLE   =      1536.8566  DIHED      =      1019.4128
 UB     =         0.0000  IMP     =         0.0000  CMAP       =       138.7810
 1-4 NB =       660.5396  1-4 EEL =      5876.5473  VDWAALS    =     16370.5370
 EELEC  =   -163557.1488  EHBOND  =         0.0000  RESTRAINT  =         0.0000
 EKCMT  =         0.0000  VIRIAL  =         0.0000  VOLUME     =    334831.4713
                                                    Density    =         1.0282
 ------------------------------------------------------------------------------

wrapping first mol.:      -75.65729        0.00000        0.00000
wrapping first mol.:      -75.65729        0.00000        0.00000
wrapping first mol.:      -75.60561        0.00000        0.00000
wrapping first mol.:      -75.60561        0.00000        0.00000
wrapping first mol.:      -75.62317        0.00000        0.00000
wrapping first mol.:      -75.62317        0.00000        0.00000
wrapping first mol.:      -75.64608        0.00000        0.00000
wrapping first mol.:      -75.64608        0.00000        0.00000
wrapping first mol.:      -75.65592        0.00000        0.00000
wrapping first mol.:      -75.65592        0.00000        0.00000

 NSTEP =  2850000   TIME(PS) =    7400.000  TEMP(K) =   303.31  PRESS =     0.0
 Etot   =   -116510.1026  EKtot   =     20732.3809  EPtot      =   -137242.4834
 BOND   =       559.0644  ANGLE   =      1532.2367  DIHED      =      1001.9945
 UB     =         0.0000  IMP     =         0.0000  CMAP       =       161.8274
 1-4 NB =       643.1356  1-4 EEL =      5843.3866  VDWAALS    =     16105.3294
 EELEC  =   -163089.4579  EHBOND  =         0.0000  RESTRAINT  =         0.0000
 EKCMT  =         0.0000  VIRIAL  =         0.0000  VOLUME     =    333354.9694
                                                    Density    =         1.0327
 ------------------------------------------------------------------------------

wrapping first mol.:      -75.60540        0.00000        0.00000
wrapping first mol.:      -75.60540        0.00000        0.00000
wrapping first mol.:      -75.63077        0.00000        0.00000
wrapping first mol.:      -75.63077        0.00000        0.00000
wrapping first mol.:      -75.66984        0.00000        0.00000
wrapping first mol.:      -75.66984        0.00000        0.00000
wrapping first mol.:      -75.70385        0.00000        0.00000
wrapping first mol.:      -75.70385        0.00000        0.00000
wrapping first mol.:      -75.66367        0.00000        0.00000
wrapping first mol.:      -75.66367        0.00000        0.00000

 NSTEP =  2875000   TIME(PS) =    7450.000  TEMP(K) =   299.04  PRESS =     0.0
 Etot   =   -116703.0213  EKtot   =     20441.0488  EPtot      =   -137144.0701
 BOND   =       568.8515  ANGLE   =      1520.9170  DIHED      =      1020.6610
 UB     =         0.0000  IMP     =         0.0000  CMAP       =       142.4359
 1-4 NB =       662.1769  1-4 EEL =      5903.4195  VDWAALS    =     15927.7317
 EELEC  =   -162890.2638  EHBOND  =         0.0000  RESTRAINT  =         0.0000
 EKCMT  =         0.0000  VIRIAL  =         0.0000  VOLUME     =    333457.4126
                                                    Density    =         1.0324
 ------------------------------------------------------------------------------

wrapping first mol.:      -75.72426        0.00000        0.00000
wrapping first mol.:      -75.72426        0.00000        0.00000
wrapping first mol.:      -75.61298        0.00000        0.00000
wrapping first mol.:      -75.61298        0.00000        0.00000
wrapping first mol.:      -75.61589        0.00000        0.00000
wrapping first mol.:      -75.61589        0.00000        0.00000
wrapping first mol.:      -75.71778        0.00000        0.00000
wrapping first mol.:      -75.71778        0.00000        0.00000
wrapping first mol.:      -75.69014        0.00000        0.00000
wrapping first mol.:      -75.69014        0.00000        0.00000

 NSTEP =  2900000   TIME(PS) =    7500.000  TEMP(K) =   300.44  PRESS =     0.0
 Etot   =   -116955.2453  EKtot   =     20536.4551  EPtot      =   -137491.7004
 BOND   =       560.4298  ANGLE   =      1497.6208  DIHED      =       987.6613
 UB     =         0.0000  IMP     =         0.0000  CMAP       =       153.5443
 1-4 NB =       633.6198  1-4 EEL =      5882.7889  VDWAALS    =     16277.1522
 EELEC  =   -163484.5175  EHBOND  =         0.0000  RESTRAINT  =         0.0000
 EKCMT  =         0.0000  VIRIAL  =         0.0000  VOLUME     =    333807.4806
                                                    Density    =         1.0313
 ------------------------------------------------------------------------------

wrapping first mol.:      -75.63695        0.00000        0.00000
wrapping first mol.:      -75.63695        0.00000        0.00000
wrapping first mol.:      -75.66028        0.00000        0.00000
wrapping first mol.:      -75.66028        0.00000        0.00000
wrapping first mol.:      -75.66255        0.00000        0.00000
wrapping first mol.:      -75.66255        0.00000        0.00000
wrapping first mol.:      -75.64293        0.00000        0.00000
wrapping first mol.:      -75.64293        0.00000        0.00000
wrapping first mol.:      -75.58431        0.00000        0.00000
wrapping first mol.:      -75.58431        0.00000        0.00000

 NSTEP =  2925000   TIME(PS) =    7550.000  TEMP(K) =   300.21  PRESS =     0.0
 Etot   =   -116995.4798  EKtot   =     20520.7207  EPtot      =   -137516.2005
 BOND   =       564.4891  ANGLE   =      1515.7984  DIHED      =      1002.9122
 UB     =         0.0000  IMP     =         0.0000  CMAP       =       153.6836
 1-4 NB =       653.5965  1-4 EEL =      5897.3560  VDWAALS    =     16318.7704
 EELEC  =   -163622.8067  EHBOND  =         0.0000  RESTRAINT  =         0.0000
 EKCMT  =         0.0000  VIRIAL  =         0.0000  VOLUME     =    332409.3084
                                                    Density    =         1.0357
 ------------------------------------------------------------------------------

wrapping first mol.:      -75.76532        0.00000        0.00000
wrapping first mol.:      -75.76532        0.00000        0.00000
wrapping first mol.:      -75.60544        0.00000        0.00000
wrapping first mol.:      -75.60544        0.00000        0.00000
wrapping first mol.:      -75.74112        0.00000        0.00000
wrapping first mol.:      -75.74112        0.00000        0.00000
wrapping first mol.:      -75.69934        0.00000        0.00000
wrapping first mol.:      -75.69934        0.00000        0.00000
wrapping first mol.:      -75.62664        0.00000        0.00000
wrapping first mol.:      -75.62664        0.00000        0.00000

 NSTEP =  2950000   TIME(PS) =    7600.000  TEMP(K) =   299.59  PRESS =     0.0
 Etot   =   -116942.4924  EKtot   =     20478.5078  EPtot      =   -137421.0002
 BOND   =       604.2754  ANGLE   =      1477.3556  DIHED      =       996.8323
 UB     =         0.0000  IMP     =         0.0000  CMAP       =       151.2822
 1-4 NB =       641.3517  1-4 EEL =      5889.0054  VDWAALS    =     16411.8176
 EELEC  =   -163592.9204  EHBOND  =         0.0000  RESTRAINT  =         0.0000
 EKCMT  =         0.0000  VIRIAL  =         0.0000  VOLUME     =    332968.0378
                                                    Density    =         1.0339
 ------------------------------------------------------------------------------

wrapping first mol.:      -75.64480        0.00000        0.00000
wrapping first mol.:      -75.64480        0.00000        0.00000
wrapping first mol.:      -75.59462        0.00000        0.00000
wrapping first mol.:      -75.59462        0.00000        0.00000
wrapping first mol.:      -75.67302        0.00000        0.00000
wrapping first mol.:      -75.67302        0.00000        0.00000
wrapping first mol.:      -75.69615        0.00000        0.00000
wrapping first mol.:      -75.69615        0.00000        0.00000
wrapping first mol.:      -75.61673        0.00000        0.00000
wrapping first mol.:      -75.61673        0.00000        0.00000

 NSTEP =  2975000   TIME(PS) =    7650.000  TEMP(K) =   300.06  PRESS =     0.0
 Etot   =   -116575.2664  EKtot   =     20510.4102  EPtot      =   -137085.6766
 BOND   =       567.2132  ANGLE   =      1559.5571  DIHED      =      1015.7608
 UB     =         0.0000  IMP     =         0.0000  CMAP       =       134.2365
 1-4 NB =       658.1621  1-4 EEL =      5906.9791  VDWAALS    =     16099.0903
 EELEC  =   -163026.6758  EHBOND  =         0.0000  RESTRAINT  =         0.0000
 EKCMT  =         0.0000  VIRIAL  =         0.0000  VOLUME     =    332837.1544
                                                    Density    =         1.0343
 ------------------------------------------------------------------------------

wrapping first mol.:      -75.77382        0.00000        0.00000
wrapping first mol.:      -75.77382        0.00000        0.00000
wrapping first mol.:      -75.71894        0.00000        0.00000
wrapping first mol.:      -75.71894        0.00000        0.00000
wrapping first mol.:      -75.77893        0.00000        0.00000
wrapping first mol.:      -75.77893        0.00000        0.00000
wrapping first mol.:      -75.65620        0.00000        0.00000
wrapping first mol.:      -75.65620        0.00000        0.00000
wrapping first mol.:      -75.77879        0.00000        0.00000
wrapping first mol.:      -75.77879        0.00000        0.00000

 NSTEP =  3000000   TIME(PS) =    7700.000  TEMP(K) =   300.82  PRESS =     0.0
 Etot   =   -116843.6040  EKtot   =     20562.2773  EPtot      =   -137405.8814
 BOND   =       569.3506  ANGLE   =      1494.3690  DIHED      =      1021.6904
 UB     =         0.0000  IMP     =         0.0000  CMAP       =       143.9229
 1-4 NB =       629.6031  1-4 EEL =      5845.7236  VDWAALS    =     16159.5479
 EELEC  =   -163270.0889  EHBOND  =         0.0000  RESTRAINT  =         0.0000
 EKCMT  =         0.0000  VIRIAL  =         0.0000  VOLUME     =    334981.7130
                                                    Density    =         1.0277
 ------------------------------------------------------------------------------

wrapping first mol.:      -75.73079        0.00000        0.00000
wrapping first mol.:      -75.73079        0.00000        0.00000
wrapping first mol.:      -75.68203        0.00000        0.00000
wrapping first mol.:      -75.68203        0.00000        0.00000
wrapping first mol.:      -75.66763        0.00000        0.00000
wrapping first mol.:      -75.66763        0.00000        0.00000
wrapping first mol.:      -75.68205        0.00000        0.00000
wrapping first mol.:      -75.68205        0.00000        0.00000
wrapping first mol.:      -75.55036        0.00000        0.00000
wrapping first mol.:      -75.55036        0.00000        0.00000

 NSTEP =  3025000   TIME(PS) =    7750.000  TEMP(K) =   298.08  PRESS =     0.0
 Etot   =   -116972.5512  EKtot   =     20374.8867  EPtot      =   -137347.4379
 BOND   =       556.1582  ANGLE   =      1536.1730  DIHED      =       982.9286
 UB     =         0.0000  IMP     =         0.0000  CMAP       =       147.1698
 1-4 NB =       646.5835  1-4 EEL =      5846.5145  VDWAALS    =     16259.7094
 EELEC  =   -163322.6750  EHBOND  =         0.0000  RESTRAINT  =         0.0000
 EKCMT  =         0.0000  VIRIAL  =         0.0000  VOLUME     =    331961.4823
                                                    Density    =         1.0370
 ------------------------------------------------------------------------------

wrapping first mol.:      -75.62418        0.00000        0.00000
wrapping first mol.:      -75.62418        0.00000        0.00000
wrapping first mol.:      -75.61049        0.00000        0.00000
wrapping first mol.:      -75.61049        0.00000        0.00000
wrapping first mol.:      -75.69623        0.00000        0.00000
wrapping first mol.:      -75.69623        0.00000        0.00000
wrapping first mol.:      -75.72222        0.00000        0.00000
wrapping first mol.:      -75.72222        0.00000        0.00000
wrapping first mol.:      -75.67572        0.00000        0.00000
wrapping first mol.:      -75.67572        0.00000        0.00000

 NSTEP =  3050000   TIME(PS) =    7800.000  TEMP(K) =   302.12  PRESS =     0.0
 Etot   =   -116904.6272  EKtot   =     20650.9434  EPtot      =   -137555.5705
 BOND   =       625.9597  ANGLE   =      1555.9724  DIHED      =      1015.7903
 UB     =         0.0000  IMP     =         0.0000  CMAP       =       146.4730
 1-4 NB =       629.5299  1-4 EEL =      5845.1817  VDWAALS    =     16493.8619
 EELEC  =   -163868.3394  EHBOND  =         0.0000  RESTRAINT  =         0.0000
 EKCMT  =         0.0000  VIRIAL  =         0.0000  VOLUME     =    333616.6806
                                                    Density    =         1.0319
 ------------------------------------------------------------------------------

wrapping first mol.:      -75.62327        0.00000        0.00000
wrapping first mol.:      -75.62327        0.00000        0.00000
wrapping first mol.:      -75.65498        0.00000        0.00000
wrapping first mol.:      -75.65498        0.00000        0.00000
wrapping first mol.:      -75.75122        0.00000        0.00000
wrapping first mol.:      -75.75122        0.00000        0.00000
wrapping first mol.:      -75.70333        0.00000        0.00000
wrapping first mol.:      -75.70333        0.00000        0.00000
wrapping first mol.:      -75.77613        0.00000        0.00000
wrapping first mol.:      -75.77613        0.00000        0.00000

 NSTEP =  3075000   TIME(PS) =    7850.000  TEMP(K) =   299.84  PRESS =     0.0
 Etot   =   -116805.3569  EKtot   =     20495.6406  EPtot      =   -137300.9975
 BOND   =       560.2451  ANGLE   =      1581.8864  DIHED      =      1034.6900
 UB     =         0.0000  IMP     =         0.0000  CMAP       =       137.1567
 1-4 NB =       642.9399  1-4 EEL =      5906.9950  VDWAALS    =     16339.6827
 EELEC  =   -163504.5934  EHBOND  =         0.0000  RESTRAINT  =         0.0000
 EKCMT  =         0.0000  VIRIAL  =         0.0000  VOLUME     =    334946.4731
                                                    Density    =         1.0278
 ------------------------------------------------------------------------------

wrapping first mol.:      -75.71514        0.00000        0.00000
wrapping first mol.:      -75.71514        0.00000        0.00000
wrapping first mol.:      -75.75322        0.00000        0.00000
wrapping first mol.:      -75.75322        0.00000        0.00000
wrapping first mol.:      -75.79439        0.00000        0.00000
wrapping first mol.:      -75.79439        0.00000        0.00000
wrapping first mol.:      -75.73057        0.00000        0.00000
wrapping first mol.:      -75.73057        0.00000        0.00000
wrapping first mol.:      -75.65409        0.00000        0.00000
wrapping first mol.:      -75.65409        0.00000        0.00000

 NSTEP =  3100000   TIME(PS) =    7900.000  TEMP(K) =   299.36  PRESS =     0.0
 Etot   =   -117152.2342  EKtot   =     20462.5508  EPtot      =   -137614.7850
 BOND   =       550.1308  ANGLE   =      1588.0389  DIHED      =      1008.2888
 UB     =         0.0000  IMP     =         0.0000  CMAP       =       140.5634
 1-4 NB =       631.6214  1-4 EEL =      5885.0042  VDWAALS    =     16660.5475
 EELEC  =   -164078.9799  EHBOND  =         0.0000  RESTRAINT  =         0.0000
 EKCMT  =         0.0000  VIRIAL  =         0.0000  VOLUME     =    333330.6802
                                                    Density    =         1.0328
 ------------------------------------------------------------------------------

wrapping first mol.:      -75.73378        0.00000        0.00000
wrapping first mol.:      -75.73378        0.00000        0.00000
wrapping first mol.:      -75.63949        0.00000        0.00000
wrapping first mol.:      -75.63949        0.00000        0.00000
wrapping first mol.:      -75.78361        0.00000        0.00000
wrapping first mol.:      -75.78361        0.00000        0.00000
wrapping first mol.:      -75.77937        0.00000        0.00000
wrapping first mol.:      -75.77937        0.00000        0.00000
wrapping first mol.:      -75.64622        0.00000        0.00000
wrapping first mol.:      -75.64622        0.00000        0.00000

 NSTEP =  3125000   TIME(PS) =    7950.000  TEMP(K) =   299.05  PRESS =     0.0
 Etot   =   -117173.9097  EKtot   =     20441.5684  EPtot      =   -137615.4781
 BOND   =       544.2033  ANGLE   =      1553.3452  DIHED      =       980.6124
 UB     =         0.0000  IMP     =         0.0000  CMAP       =       142.4100
 1-4 NB =       650.9128  1-4 EEL =      5838.7301  VDWAALS    =     16533.2428
 EELEC  =   -163858.9348  EHBOND  =         0.0000  RESTRAINT  =         0.0000
 EKCMT  =         0.0000  VIRIAL  =         0.0000  VOLUME     =    333226.7360
                                                    Density    =         1.0331
 ------------------------------------------------------------------------------

wrapping first mol.:      -75.68797        0.00000        0.00000
wrapping first mol.:      -75.68797        0.00000        0.00000
wrapping first mol.:      -75.74089        0.00000        0.00000
wrapping first mol.:      -75.74089        0.00000        0.00000
wrapping first mol.:      -75.79223        0.00000        0.00000
wrapping first mol.:      -75.79223        0.00000        0.00000
wrapping first mol.:      -75.75277        0.00000        0.00000
wrapping first mol.:      -75.75277        0.00000        0.00000
wrapping first mol.:      -75.62576        0.00000        0.00000
wrapping first mol.:      -75.62576        0.00000        0.00000

 NSTEP =  3150000   TIME(PS) =    8000.000  TEMP(K) =   298.34  PRESS =     0.0
 Etot   =   -117084.7970  EKtot   =     20393.1152  EPtot      =   -137477.9123
 BOND   =       562.8191  ANGLE   =      1485.3768  DIHED      =      1018.7690
 UB     =         0.0000  IMP     =         0.0000  CMAP       =       136.9431
 1-4 NB =       636.4061  1-4 EEL =      5872.3521  VDWAALS    =     16443.3494
 EELEC  =   -163633.9278  EHBOND  =         0.0000  RESTRAINT  =         0.0000
 EKCMT  =         0.0000  VIRIAL  =         0.0000  VOLUME     =    332956.3531
                                                    Density    =         1.0339
 ------------------------------------------------------------------------------

wrapping first mol.:      -75.67844        0.00000        0.00000
wrapping first mol.:      -75.67844        0.00000        0.00000
wrapping first mol.:      -75.71444        0.00000        0.00000
wrapping first mol.:      -75.71444        0.00000        0.00000
wrapping first mol.:      -75.64381        0.00000        0.00000
wrapping first mol.:      -75.64381        0.00000        0.00000
wrapping first mol.:      -75.78427        0.00000        0.00000
wrapping first mol.:      -75.78427        0.00000        0.00000
wrapping first mol.:      -75.74746        0.00000        0.00000
wrapping first mol.:      -75.74746        0.00000        0.00000

 NSTEP =  3175000   TIME(PS) =    8050.000  TEMP(K) =   299.67  PRESS =     0.0
 Etot   =   -116910.0404  EKtot   =     20484.0566  EPtot      =   -137394.0970
 BOND   =       565.5578  ANGLE   =      1508.9720  DIHED      =       997.4563
 UB     =         0.0000  IMP     =         0.0000  CMAP       =       163.2404
 1-4 NB =       639.3170  1-4 EEL =      5806.5537  VDWAALS    =     16284.4704
 EELEC  =   -163359.6647  EHBOND  =         0.0000  RESTRAINT  =         0.0000
 EKCMT  =         0.0000  VIRIAL  =         0.0000  VOLUME     =    334566.3632
                                                    Density    =         1.0290
 ------------------------------------------------------------------------------

wrapping first mol.:      -75.72672        0.00000        0.00000
wrapping first mol.:      -75.72672        0.00000        0.00000
wrapping first mol.:      -75.69998        0.00000        0.00000
wrapping first mol.:      -75.69998        0.00000        0.00000
wrapping first mol.:      -75.72584        0.00000        0.00000
wrapping first mol.:      -75.72584        0.00000        0.00000
wrapping first mol.:      -75.67995        0.00000        0.00000
wrapping first mol.:      -75.67995        0.00000        0.00000
wrapping first mol.:      -75.59605        0.00000        0.00000
wrapping first mol.:      -75.59605        0.00000        0.00000

 NSTEP =  3200000   TIME(PS) =    8100.000  TEMP(K) =   301.46  PRESS =     0.0
 Etot   =   -116758.5459  EKtot   =     20606.3301  EPtot      =   -137364.8760
 BOND   =       551.4270  ANGLE   =      1529.6058  DIHED      =      1009.6467
 UB     =         0.0000  IMP     =         0.0000  CMAP       =       143.3515
 1-4 NB =       648.3358  1-4 EEL =      5862.8266  VDWAALS    =     16424.9321
 EELEC  =   -163535.0016  EHBOND  =         0.0000  RESTRAINT  =         0.0000
 EKCMT  =         0.0000  VIRIAL  =         0.0000  VOLUME     =    332564.1705
                                                    Density    =         1.0352
 ------------------------------------------------------------------------------

wrapping first mol.:      -75.57713        0.00000        0.00000
wrapping first mol.:      -75.57713        0.00000        0.00000
wrapping first mol.:      -75.65809        0.00000        0.00000
wrapping first mol.:      -75.65809        0.00000        0.00000
wrapping first mol.:      -75.70924        0.00000        0.00000
wrapping first mol.:      -75.70924        0.00000        0.00000
wrapping first mol.:      -75.75654        0.00000        0.00000
wrapping first mol.:      -75.75654        0.00000        0.00000
wrapping first mol.:      -75.73766        0.00000        0.00000
wrapping first mol.:      -75.73766        0.00000        0.00000

 NSTEP =  3225000   TIME(PS) =    8150.000  TEMP(K) =   299.34  PRESS =     0.0
 Etot   =   -116882.4810  EKtot   =     20461.2617  EPtot      =   -137343.7428
 BOND   =       584.3335  ANGLE   =      1500.2427  DIHED      =      1010.5314
 UB     =         0.0000  IMP     =         0.0000  CMAP       =       158.5489
 1-4 NB =       624.1717  1-4 EEL =      5845.6203  VDWAALS    =     16481.6282
 EELEC  =   -163548.8196  EHBOND  =         0.0000  RESTRAINT  =         0.0000
 EKCMT  =         0.0000  VIRIAL  =         0.0000  VOLUME     =    334436.5818
                                                    Density    =         1.0294
 ------------------------------------------------------------------------------

wrapping first mol.:      -75.65426        0.00000        0.00000
wrapping first mol.:      -75.65426        0.00000        0.00000
wrapping first mol.:      -75.48833        0.00000        0.00000
wrapping first mol.:      -75.48833        0.00000        0.00000
wrapping first mol.:      -75.66461        0.00000        0.00000
wrapping first mol.:      -75.66461        0.00000        0.00000
wrapping first mol.:      -75.70749        0.00000        0.00000
wrapping first mol.:      -75.70749        0.00000        0.00000
wrapping first mol.:      -75.64233        0.00000        0.00000
wrapping first mol.:      -75.64233        0.00000        0.00000

 NSTEP =  3250000   TIME(PS) =    8200.000  TEMP(K) =   301.83  PRESS =     0.0
 Etot   =   -116955.8107  EKtot   =     20631.4355  EPtot      =   -137587.2462
 BOND   =       556.8641  ANGLE   =      1519.7441  DIHED      =       991.0677
 UB     =         0.0000  IMP     =         0.0000  CMAP       =       148.6282
 1-4 NB =       648.9334  1-4 EEL =      5854.5959  VDWAALS    =     16298.0587
 EELEC  =   -163605.1384  EHBOND  =         0.0000  RESTRAINT  =         0.0000
 EKCMT  =         0.0000  VIRIAL  =         0.0000  VOLUME     =    333175.3338
                                                    Density    =         1.0333
 ------------------------------------------------------------------------------

wrapping first mol.:      -75.70163        0.00000        0.00000
wrapping first mol.:      -75.70163        0.00000        0.00000
wrapping first mol.:      -75.77360        0.00000        0.00000
wrapping first mol.:      -75.77360        0.00000        0.00000
wrapping first mol.:      -75.73039        0.00000        0.00000
wrapping first mol.:      -75.73039        0.00000        0.00000
wrapping first mol.:      -75.72162        0.00000        0.00000
wrapping first mol.:      -75.72162        0.00000        0.00000
wrapping first mol.:      -75.75359        0.00000        0.00000
wrapping first mol.:      -75.75359        0.00000        0.00000

 NSTEP =  3275000   TIME(PS) =    8250.000  TEMP(K) =   300.96  PRESS =     0.0
 Etot   =   -116976.7619  EKtot   =     20571.9355  EPtot      =   -137548.6974
 BOND   =       542.9037  ANGLE   =      1493.3831  DIHED      =       994.8711
 UB     =         0.0000  IMP     =         0.0000  CMAP       =       145.5926
 1-4 NB =       639.2124  1-4 EEL =      5928.7094  VDWAALS    =     16385.7582
 EELEC  =   -163679.1279  EHBOND  =         0.0000  RESTRAINT  =         0.0000
 EKCMT  =         0.0000  VIRIAL  =         0.0000  VOLUME     =    334647.6599
                                                    Density    =         1.0287
 ------------------------------------------------------------------------------

wrapping first mol.:      -75.73802        0.00000        0.00000
wrapping first mol.:      -75.73802        0.00000        0.00000
wrapping first mol.:      -75.64297        0.00000        0.00000
wrapping first mol.:      -75.64297        0.00000        0.00000
wrapping first mol.:      -75.66244        0.00000        0.00000
wrapping first mol.:      -75.66244        0.00000        0.00000
wrapping first mol.:      -75.74379        0.00000        0.00000
wrapping first mol.:      -75.74379        0.00000        0.00000
wrapping first mol.:      -75.64705        0.00000        0.00000
wrapping first mol.:      -75.64705        0.00000        0.00000

 NSTEP =  3300000   TIME(PS) =    8300.000  TEMP(K) =   300.28  PRESS =     0.0
 Etot   =   -117111.7524  EKtot   =     20525.6094  EPtot      =   -137637.3618
 BOND   =       536.6989  ANGLE   =      1481.8539  DIHED      =      1016.6231
 UB     =         0.0000  IMP     =         0.0000  CMAP       =       145.7300
 1-4 NB =       649.9783  1-4 EEL =      5866.4848  VDWAALS    =     16438.7439
 EELEC  =   -163773.4747  EHBOND  =         0.0000  RESTRAINT  =         0.0000
 EKCMT  =         0.0000  VIRIAL  =         0.0000  VOLUME     =    333237.7178
                                                    Density    =         1.0331
 ------------------------------------------------------------------------------

wrapping first mol.:      -75.66901        0.00000        0.00000
wrapping first mol.:      -75.66901        0.00000        0.00000
wrapping first mol.:      -75.73435        0.00000        0.00000
wrapping first mol.:      -75.73435        0.00000        0.00000
wrapping first mol.:      -75.62312        0.00000        0.00000
wrapping first mol.:      -75.62312        0.00000        0.00000
wrapping first mol.:      -75.68698        0.00000        0.00000
wrapping first mol.:      -75.68698        0.00000        0.00000
wrapping first mol.:      -75.71334        0.00000        0.00000
wrapping first mol.:      -75.71334        0.00000        0.00000

 NSTEP =  3325000   TIME(PS) =    8350.000  TEMP(K) =   299.31  PRESS =     0.0
 Etot   =   -116880.0293  EKtot   =     20459.2363  EPtot      =   -137339.2656
 BOND   =       537.2447  ANGLE   =      1576.8157  DIHED      =       986.7710
 UB     =         0.0000  IMP     =         0.0000  CMAP       =       139.6372
 1-4 NB =       642.4839  1-4 EEL =      5856.8115  VDWAALS    =     16343.1549
 EELEC  =   -163422.1845  EHBOND  =         0.0000  RESTRAINT  =         0.0000
 EKCMT  =         0.0000  VIRIAL  =         0.0000  VOLUME     =    334114.5209
                                                    Density    =         1.0304
 ------------------------------------------------------------------------------

wrapping first mol.:      -75.75477        0.00000        0.00000
wrapping first mol.:      -75.75477        0.00000        0.00000
wrapping first mol.:      -75.65410        0.00000        0.00000
wrapping first mol.:      -75.65410        0.00000        0.00000
wrapping first mol.:      -75.66012        0.00000        0.00000
wrapping first mol.:      -75.66012        0.00000        0.00000
wrapping first mol.:      -75.66427        0.00000        0.00000
wrapping first mol.:      -75.66427        0.00000        0.00000
wrapping first mol.:      -75.55944        0.00000        0.00000
wrapping first mol.:      -75.55944        0.00000        0.00000

 NSTEP =  3350000   TIME(PS) =    8400.000  TEMP(K) =   300.25  PRESS =     0.0
 Etot   =   -116955.9232  EKtot   =     20523.0879  EPtot      =   -137479.0111
 BOND   =       554.8679  ANGLE   =      1528.9131  DIHED      =      1001.7733
 UB     =         0.0000  IMP     =         0.0000  CMAP       =       141.8773
 1-4 NB =       660.3558  1-4 EEL =      5900.7318  VDWAALS    =     16223.8671
 EELEC  =   -163491.3974  EHBOND  =         0.0000  RESTRAINT  =         0.0000
 EKCMT  =         0.0000  VIRIAL  =         0.0000  VOLUME     =    332081.2806
                                                    Density    =         1.0367
 ------------------------------------------------------------------------------

wrapping first mol.:      -75.76230        0.00000        0.00000
wrapping first mol.:      -75.76230        0.00000        0.00000
wrapping first mol.:      -75.64266        0.00000        0.00000
wrapping first mol.:      -75.64266        0.00000        0.00000
wrapping first mol.:      -75.70871        0.00000        0.00000
wrapping first mol.:      -75.70871        0.00000        0.00000
wrapping first mol.:      -75.60829        0.00000        0.00000
wrapping first mol.:      -75.60829        0.00000        0.00000
wrapping first mol.:      -75.64235        0.00000        0.00000
wrapping first mol.:      -75.64235        0.00000        0.00000

 NSTEP =  3375000   TIME(PS) =    8450.000  TEMP(K) =   299.91  PRESS =     0.0
 Etot   =   -117145.5980  EKtot   =     20500.0723  EPtot      =   -137645.6703
 BOND   =       563.9374  ANGLE   =      1510.9959  DIHED      =       971.7120
 UB     =         0.0000  IMP     =         0.0000  CMAP       =       148.0868
 1-4 NB =       671.9766  1-4 EEL =      5881.0850  VDWAALS    =     16171.3733
 EELEC  =   -163564.8372  EHBOND  =         0.0000  RESTRAINT  =         0.0000
 EKCMT  =         0.0000  VIRIAL  =         0.0000  VOLUME     =    333175.5897
                                                    Density    =         1.0333
 ------------------------------------------------------------------------------

wrapping first mol.:      -75.54714        0.00000        0.00000
wrapping first mol.:      -75.54714        0.00000        0.00000
wrapping first mol.:      -75.68783        0.00000        0.00000
wrapping first mol.:      -75.68783        0.00000        0.00000
wrapping first mol.:      -75.66071        0.00000        0.00000
wrapping first mol.:      -75.66071        0.00000        0.00000
wrapping first mol.:      -75.64698        0.00000        0.00000
wrapping first mol.:      -75.64698        0.00000        0.00000
wrapping first mol.:      -75.59107        0.00000        0.00000
wrapping first mol.:      -75.59107        0.00000        0.00000

 NSTEP =  3400000   TIME(PS) =    8500.000  TEMP(K) =   300.22  PRESS =     0.0
 Etot   =   -116660.4439  EKtot   =     20521.3242  EPtot      =   -137181.7681
 BOND   =       562.3822  ANGLE   =      1495.8896  DIHED      =      1019.3067
 UB     =         0.0000  IMP     =         0.0000  CMAP       =       138.3401
 1-4 NB =       637.3710  1-4 EEL =      5849.7435  VDWAALS    =     16472.8114
 EELEC  =   -163357.6126  EHBOND  =         0.0000  RESTRAINT  =         0.0000
 EKCMT  =         0.0000  VIRIAL  =         0.0000  VOLUME     =    332498.4532
                                                    Density    =         1.0354
 ------------------------------------------------------------------------------

wrapping first mol.:      -75.70084        0.00000        0.00000
wrapping first mol.:      -75.70084        0.00000        0.00000
wrapping first mol.:      -75.57486        0.00000        0.00000
wrapping first mol.:      -75.57486        0.00000        0.00000
wrapping first mol.:      -75.67262        0.00000        0.00000
wrapping first mol.:      -75.67262        0.00000        0.00000
wrapping first mol.:      -75.69603        0.00000        0.00000
wrapping first mol.:      -75.69603        0.00000        0.00000
wrapping first mol.:      -75.60705        0.00000        0.00000
wrapping first mol.:      -75.60705        0.00000        0.00000

 NSTEP =  3425000   TIME(PS) =    8550.000  TEMP(K) =   298.56  PRESS =     0.0
 Etot   =   -117020.7244  EKtot   =     20407.7520  EPtot      =   -137428.4763
 BOND   =       585.4818  ANGLE   =      1530.1957  DIHED      =       969.7289
 UB     =         0.0000  IMP     =         0.0000  CMAP       =       152.7256
 1-4 NB =       650.0838  1-4 EEL =      5857.8975  VDWAALS    =     16540.6362
 EELEC  =   -163715.2258  EHBOND  =         0.0000  RESTRAINT  =         0.0000
 EKCMT  =         0.0000  VIRIAL  =         0.0000  VOLUME     =    332709.3673
                                                    Density    =         1.0347
 ------------------------------------------------------------------------------

wrapping first mol.:      -75.72904        0.00000        0.00000
wrapping first mol.:      -75.72904        0.00000        0.00000
wrapping first mol.:      -75.53547        0.00000        0.00000
wrapping first mol.:      -75.53547        0.00000        0.00000
wrapping first mol.:      -75.67168        0.00000        0.00000
wrapping first mol.:      -75.67168        0.00000        0.00000
wrapping first mol.:      -75.59613        0.00000        0.00000
wrapping first mol.:      -75.59613        0.00000        0.00000
wrapping first mol.:      -75.65192        0.00000        0.00000
wrapping first mol.:      -75.65192        0.00000        0.00000

 NSTEP =  3450000   TIME(PS) =    8600.000  TEMP(K) =   303.44  PRESS =     0.0
 Etot   =   -116455.7393  EKtot   =     20741.4824  EPtot      =   -137197.2218
 BOND   =       552.0179  ANGLE   =      1458.7572  DIHED      =       990.3467
 UB     =         0.0000  IMP     =         0.0000  CMAP       =       150.9193
 1-4 NB =       674.0991  1-4 EEL =      5890.4243  VDWAALS    =     16352.1435
 EELEC  =   -163265.9298  EHBOND  =         0.0000  RESTRAINT  =         0.0000
 EKCMT  =         0.0000  VIRIAL  =         0.0000  VOLUME     =    333302.0883
                                                    Density    =         1.0329
 ------------------------------------------------------------------------------

wrapping first mol.:      -75.70609        0.00000        0.00000
wrapping first mol.:      -75.70609        0.00000        0.00000
wrapping first mol.:      -75.58245        0.00000        0.00000
wrapping first mol.:      -75.58245        0.00000        0.00000
wrapping first mol.:      -75.76019        0.00000        0.00000
wrapping first mol.:      -75.76019        0.00000        0.00000
wrapping first mol.:      -75.60216        0.00000        0.00000
wrapping first mol.:      -75.60216        0.00000        0.00000
wrapping first mol.:      -75.65777        0.00000        0.00000
wrapping first mol.:      -75.65777        0.00000        0.00000

 NSTEP =  3475000   TIME(PS) =    8650.000  TEMP(K) =   296.64  PRESS =     0.0
 Etot   =   -117148.8055  EKtot   =     20276.9023  EPtot      =   -137425.7079
 BOND   =       546.6107  ANGLE   =      1565.0132  DIHED      =       978.3174
 UB     =         0.0000  IMP     =         0.0000  CMAP       =       147.7416
 1-4 NB =       647.1606  1-4 EEL =      5878.7646  VDWAALS    =     16672.5469
 EELEC  =   -163861.8628  EHBOND  =         0.0000  RESTRAINT  =         0.0000
 EKCMT  =         0.0000  VIRIAL  =         0.0000  VOLUME     =    333379.3248
                                                    Density    =         1.0326
 ------------------------------------------------------------------------------

wrapping first mol.:      -75.63880        0.00000        0.00000
wrapping first mol.:      -75.63880        0.00000        0.00000
wrapping first mol.:      -75.57591        0.00000        0.00000
wrapping first mol.:      -75.57591        0.00000        0.00000
wrapping first mol.:      -75.66524        0.00000        0.00000
wrapping first mol.:      -75.66524        0.00000        0.00000
wrapping first mol.:      -75.75713        0.00000        0.00000
wrapping first mol.:      -75.75713        0.00000        0.00000
wrapping first mol.:      -75.66176        0.00000        0.00000
wrapping first mol.:      -75.66176        0.00000        0.00000

 NSTEP =  3500000   TIME(PS) =    8700.000  TEMP(K) =   301.92  PRESS =     0.0
 Etot   =   -116848.8565  EKtot   =     20637.6582  EPtot      =   -137486.5147
 BOND   =       568.9523  ANGLE   =      1586.9662  DIHED      =       998.9756
 UB     =         0.0000  IMP     =         0.0000  CMAP       =       143.8220
 1-4 NB =       637.9380  1-4 EEL =      5825.0259  VDWAALS    =     16288.0678
 EELEC  =   -163536.2625  EHBOND  =         0.0000  RESTRAINT  =         0.0000
 EKCMT  =         0.0000  VIRIAL  =         0.0000  VOLUME     =    333432.1000
                                                    Density    =         1.0325
 ------------------------------------------------------------------------------

wrapping first mol.:      -75.69148        0.00000        0.00000
wrapping first mol.:      -75.69148        0.00000        0.00000
wrapping first mol.:      -75.57597        0.00000        0.00000
wrapping first mol.:      -75.57597        0.00000        0.00000
wrapping first mol.:      -75.66801        0.00000        0.00000
wrapping first mol.:      -75.66801        0.00000        0.00000
wrapping first mol.:      -75.51400        0.00000        0.00000
wrapping first mol.:      -75.51400        0.00000        0.00000
wrapping first mol.:      -75.70809        0.00000        0.00000
wrapping first mol.:      -75.70809        0.00000        0.00000

 NSTEP =  3525000   TIME(PS) =    8750.000  TEMP(K) =   300.00  PRESS =     0.0
 Etot   =   -117081.0841  EKtot   =     20506.2598  EPtot      =   -137587.3438
 BOND   =       542.3582  ANGLE   =      1537.8733  DIHED      =       969.6849
 UB     =         0.0000  IMP     =         0.0000  CMAP       =       148.2128
 1-4 NB =       665.4085  1-4 EEL =      5831.9559  VDWAALS    =     16616.1065
 EELEC  =   -163898.9439  EHBOND  =         0.0000  RESTRAINT  =         0.0000
 EKCMT  =         0.0000  VIRIAL  =         0.0000  VOLUME     =    334045.0284
                                                    Density    =         1.0306
 ------------------------------------------------------------------------------

wrapping first mol.:      -75.73888        0.00000        0.00000
wrapping first mol.:      -75.73888        0.00000        0.00000
wrapping first mol.:      -75.65273        0.00000        0.00000
wrapping first mol.:      -75.65273        0.00000        0.00000
wrapping first mol.:      -75.73877        0.00000        0.00000
wrapping first mol.:      -75.73877        0.00000        0.00000
wrapping first mol.:      -75.65074        0.00000        0.00000
wrapping first mol.:      -75.65074        0.00000        0.00000
wrapping first mol.:      -75.70091        0.00000        0.00000
wrapping first mol.:      -75.70091        0.00000        0.00000

 NSTEP =  3550000   TIME(PS) =    8800.000  TEMP(K) =   299.92  PRESS =     0.0
 Etot   =   -116945.2203  EKtot   =     20500.9766  EPtot      =   -137446.1969
 BOND   =       548.7101  ANGLE   =      1505.7971  DIHED      =       974.0438
 UB     =         0.0000  IMP     =         0.0000  CMAP       =       143.5887
 1-4 NB =       666.0047  1-4 EEL =      5835.7490  VDWAALS    =     16489.7005
 EELEC  =   -163609.7908  EHBOND  =         0.0000  RESTRAINT  =         0.0000
 EKCMT  =         0.0000  VIRIAL  =         0.0000  VOLUME     =    333949.9495
                                                    Density    =         1.0309
 ------------------------------------------------------------------------------

wrapping first mol.:      -75.67836        0.00000        0.00000
wrapping first mol.:      -75.67836        0.00000        0.00000
wrapping first mol.:      -75.62593        0.00000        0.00000
wrapping first mol.:      -75.62593        0.00000        0.00000
wrapping first mol.:      -75.65578        0.00000        0.00000
wrapping first mol.:      -75.65578        0.00000        0.00000
wrapping first mol.:      -75.64607        0.00000        0.00000
wrapping first mol.:      -75.64607        0.00000        0.00000
wrapping first mol.:      -75.50547        0.00000        0.00000
wrapping first mol.:      -75.50547        0.00000        0.00000

 NSTEP =  3575000   TIME(PS) =    8850.000  TEMP(K) =   299.67  PRESS =     0.0
 Etot   =   -116928.3251  EKtot   =     20483.5352  EPtot      =   -137411.8603
 BOND   =       575.0705  ANGLE   =      1535.4407  DIHED      =       977.2637
 UB     =         0.0000  IMP     =         0.0000  CMAP       =       145.3919
 1-4 NB =       673.3966  1-4 EEL =      5842.9627  VDWAALS    =     16366.1459
 EELEC  =   -163527.5322  EHBOND  =         0.0000  RESTRAINT  =         0.0000
 EKCMT  =         0.0000  VIRIAL  =         0.0000  VOLUME     =    331370.1686
                                                    Density    =         1.0389
 ------------------------------------------------------------------------------

wrapping first mol.:      -75.74630        0.00000        0.00000
wrapping first mol.:      -75.74630        0.00000        0.00000
wrapping first mol.:      -75.75683        0.00000        0.00000
wrapping first mol.:      -75.75683        0.00000        0.00000
wrapping first mol.:      -75.63210        0.00000        0.00000
wrapping first mol.:      -75.63210        0.00000        0.00000
wrapping first mol.:      -75.70625        0.00000        0.00000
wrapping first mol.:      -75.70625        0.00000        0.00000
wrapping first mol.:      -75.74389        0.00000        0.00000
wrapping first mol.:      -75.74389        0.00000        0.00000

 NSTEP =  3600000   TIME(PS) =    8900.000  TEMP(K) =   300.50  PRESS =     0.0
 Etot   =   -116882.8942  EKtot   =     20540.7402  EPtot      =   -137423.6345
 BOND   =       532.2262  ANGLE   =      1529.6398  DIHED      =       975.1363
 UB     =         0.0000  IMP     =         0.0000  CMAP       =       146.1081
 1-4 NB =       636.1465  1-4 EEL =      5793.0706  VDWAALS    =     16615.9930
 EELEC  =   -163651.9550  EHBOND  =         0.0000  RESTRAINT  =         0.0000
 EKCMT  =         0.0000  VIRIAL  =         0.0000  VOLUME     =    334519.1559
                                                    Density    =         1.0291
 ------------------------------------------------------------------------------

wrapping first mol.:      -75.62475        0.00000        0.00000
wrapping first mol.:      -75.62475        0.00000        0.00000
wrapping first mol.:      -75.61722        0.00000        0.00000
wrapping first mol.:      -75.61722        0.00000        0.00000
wrapping first mol.:      -75.62931        0.00000        0.00000
wrapping first mol.:      -75.62931        0.00000        0.00000
wrapping first mol.:      -75.69468        0.00000        0.00000
wrapping first mol.:      -75.69468        0.00000        0.00000
wrapping first mol.:      -75.80006        0.00000        0.00000
wrapping first mol.:      -75.80006        0.00000        0.00000

 NSTEP =  3625000   TIME(PS) =    8950.000  TEMP(K) =   299.93  PRESS =     0.0
 Etot   =   -117008.8773  EKtot   =     20501.6152  EPtot      =   -137510.4925
 BOND   =       556.5889  ANGLE   =      1513.3445  DIHED      =       982.4261
 UB     =         0.0000  IMP     =         0.0000  CMAP       =       149.9361
 1-4 NB =       644.9782  1-4 EEL =      5782.6157  VDWAALS    =     16358.4897
 EELEC  =   -163498.8717  EHBOND  =         0.0000  RESTRAINT  =         0.0000
 EKCMT  =         0.0000  VIRIAL  =         0.0000  VOLUME     =    335263.9259
                                                    Density    =         1.0268
 ------------------------------------------------------------------------------

wrapping first mol.:      -75.65688        0.00000        0.00000
wrapping first mol.:      -75.65688        0.00000        0.00000
wrapping first mol.:      -75.64807        0.00000        0.00000
wrapping first mol.:      -75.64807        0.00000        0.00000
wrapping first mol.:      -75.74164        0.00000        0.00000
wrapping first mol.:      -75.74164        0.00000        0.00000
wrapping first mol.:      -75.69152        0.00000        0.00000
wrapping first mol.:      -75.69152        0.00000        0.00000
wrapping first mol.:      -75.67303        0.00000        0.00000
wrapping first mol.:      -75.67303        0.00000        0.00000

 NSTEP =  3650000   TIME(PS) =    9000.000  TEMP(K) =   299.05  PRESS =     0.0
 Etot   =   -117023.8236  EKtot   =     20441.3105  EPtot      =   -137465.1341
 BOND   =       589.5675  ANGLE   =      1496.3551  DIHED      =       994.8838
 UB     =         0.0000  IMP     =         0.0000  CMAP       =       162.2186
 1-4 NB =       635.9373  1-4 EEL =      5822.9093  VDWAALS    =     16502.1871
 EELEC  =   -163669.1928  EHBOND  =         0.0000  RESTRAINT  =         0.0000
 EKCMT  =         0.0000  VIRIAL  =         0.0000  VOLUME     =    333581.1298
                                                    Density    =         1.0320
 ------------------------------------------------------------------------------

wrapping first mol.:      -75.73688        0.00000        0.00000
wrapping first mol.:      -75.73688        0.00000        0.00000
wrapping first mol.:      -75.82376        0.00000        0.00000
wrapping first mol.:      -75.82376        0.00000        0.00000
wrapping first mol.:      -75.70547        0.00000        0.00000
wrapping first mol.:      -75.70547        0.00000        0.00000
wrapping first mol.:      -75.55845        0.00000        0.00000
wrapping first mol.:      -75.55845        0.00000        0.00000
wrapping first mol.:      -75.67865        0.00000        0.00000
wrapping first mol.:      -75.67865        0.00000        0.00000

 NSTEP =  3675000   TIME(PS) =    9050.000  TEMP(K) =   301.87  PRESS =     0.0
 Etot   =   -116678.8439  EKtot   =     20634.2168  EPtot      =   -137313.0607
 BOND   =       569.6159  ANGLE   =      1562.8038  DIHED      =       970.8019
 UB     =         0.0000  IMP     =         0.0000  CMAP       =       142.6732
 1-4 NB =       639.2321  1-4 EEL =      5799.0899  VDWAALS    =     16414.1918
 EELEC  =   -163411.4693  EHBOND  =         0.0000  RESTRAINT  =         0.0000
 EKCMT  =         0.0000  VIRIAL  =         0.0000  VOLUME     =    333655.4394
                                                    Density    =         1.0318
 ------------------------------------------------------------------------------

wrapping first mol.:      -75.75008        0.00000        0.00000
wrapping first mol.:      -75.75008        0.00000        0.00000
wrapping first mol.:      -75.67290        0.00000        0.00000
wrapping first mol.:      -75.67290        0.00000        0.00000
wrapping first mol.:      -75.66837        0.00000        0.00000
wrapping first mol.:      -75.66837        0.00000        0.00000
wrapping first mol.:      -75.74362        0.00000        0.00000
wrapping first mol.:      -75.74362        0.00000        0.00000
wrapping first mol.:      -75.66295        0.00000        0.00000
wrapping first mol.:      -75.66295        0.00000        0.00000

 NSTEP =  3700000   TIME(PS) =    9100.000  TEMP(K) =   299.63  PRESS =     0.0
 Etot   =   -116830.4367  EKtot   =     20481.2344  EPtot      =   -137311.6711
 BOND   =       553.5914  ANGLE   =      1545.5128  DIHED      =       989.8518
 UB     =         0.0000  IMP     =         0.0000  CMAP       =       142.2317
 1-4 NB =       658.9686  1-4 EEL =      5818.2663  VDWAALS    =     16108.7507
 EELEC  =   -163128.8444  EHBOND  =         0.0000  RESTRAINT  =         0.0000
 EKCMT  =         0.0000  VIRIAL  =         0.0000  VOLUME     =    333447.9092
                                                    Density    =         1.0324
 ------------------------------------------------------------------------------

wrapping first mol.:      -75.71450        0.00000        0.00000
wrapping first mol.:      -75.71450        0.00000        0.00000
wrapping first mol.:      -75.69428        0.00000        0.00000
wrapping first mol.:      -75.69428        0.00000        0.00000
wrapping first mol.:      -75.68545        0.00000        0.00000
wrapping first mol.:      -75.68545        0.00000        0.00000
wrapping first mol.:      -75.70975        0.00000        0.00000
wrapping first mol.:      -75.70975        0.00000        0.00000
wrapping first mol.:      -75.74473        0.00000        0.00000
wrapping first mol.:      -75.74473        0.00000        0.00000

 NSTEP =  3725000   TIME(PS) =    9150.000  TEMP(K) =   299.52  PRESS =     0.0
 Etot   =   -116843.6054  EKtot   =     20473.5781  EPtot      =   -137317.1835
 BOND   =       610.4357  ANGLE   =      1500.6420  DIHED      =       991.1376
 UB     =         0.0000  IMP     =         0.0000  CMAP       =       150.4018
 1-4 NB =       640.6823  1-4 EEL =      5742.0472  VDWAALS    =     16050.0655
 EELEC  =   -163002.5956  EHBOND  =         0.0000  RESTRAINT  =         0.0000
 EKCMT  =         0.0000  VIRIAL  =         0.0000  VOLUME     =    334530.2462
                                                    Density    =         1.0291
 ------------------------------------------------------------------------------

wrapping first mol.:      -75.66719        0.00000        0.00000
wrapping first mol.:      -75.66719        0.00000        0.00000
wrapping first mol.:      -75.65235        0.00000        0.00000
wrapping first mol.:      -75.65235        0.00000        0.00000
wrapping first mol.:      -75.54622        0.00000        0.00000
wrapping first mol.:      -75.54622        0.00000        0.00000
wrapping first mol.:      -75.65922        0.00000        0.00000
wrapping first mol.:      -75.65922        0.00000        0.00000
wrapping first mol.:      -75.68540        0.00000        0.00000
wrapping first mol.:      -75.68540        0.00000        0.00000

 NSTEP =  3750000   TIME(PS) =    9200.000  TEMP(K) =   299.17  PRESS =     0.0
 Etot   =   -116763.5111  EKtot   =     20449.5527  EPtot      =   -137213.0638
 BOND   =       552.7432  ANGLE   =      1481.5163  DIHED      =       984.5534
 UB     =         0.0000  IMP     =         0.0000  CMAP       =       148.7581
 1-4 NB =       645.3066  1-4 EEL =      5888.5108  VDWAALS    =     16293.4424
 EELEC  =   -163207.8946  EHBOND  =         0.0000  RESTRAINT  =         0.0000
 EKCMT  =         0.0000  VIRIAL  =         0.0000  VOLUME     =    333744.7049
                                                    Density    =         1.0315
 ------------------------------------------------------------------------------

wrapping first mol.:      -75.71248        0.00000        0.00000
wrapping first mol.:      -75.71248        0.00000        0.00000
wrapping first mol.:      -75.68914        0.00000        0.00000
wrapping first mol.:      -75.68914        0.00000        0.00000
wrapping first mol.:      -75.63270        0.00000        0.00000
wrapping first mol.:      -75.63270        0.00000        0.00000
wrapping first mol.:      -75.63723        0.00000        0.00000
wrapping first mol.:      -75.63723        0.00000        0.00000
wrapping first mol.:      -75.68670        0.00000        0.00000
wrapping first mol.:      -75.68670        0.00000        0.00000

 NSTEP =  3775000   TIME(PS) =    9250.000  TEMP(K) =   296.55  PRESS =     0.0
 Etot   =   -116918.3277  EKtot   =     20270.5723  EPtot      =   -137188.8999
 BOND   =       543.8688  ANGLE   =      1570.0850  DIHED      =       993.5275
 UB     =         0.0000  IMP     =         0.0000  CMAP       =       137.3231
 1-4 NB =       664.2894  1-4 EEL =      5791.6530  VDWAALS    =     16288.0334
 EELEC  =   -163177.6800  EHBOND  =         0.0000  RESTRAINT  =         0.0000
 EKCMT  =         0.0000  VIRIAL  =         0.0000  VOLUME     =    333761.9892
                                                    Density    =         1.0315
 ------------------------------------------------------------------------------

wrapping first mol.:      -75.67220        0.00000        0.00000
wrapping first mol.:      -75.67220        0.00000        0.00000
wrapping first mol.:      -75.66333        0.00000        0.00000
wrapping first mol.:      -75.66333        0.00000        0.00000
wrapping first mol.:      -75.65695        0.00000        0.00000
wrapping first mol.:      -75.65695        0.00000        0.00000
wrapping first mol.:      -75.76123        0.00000        0.00000
wrapping first mol.:      -75.76123        0.00000        0.00000
wrapping first mol.:      -75.66529        0.00000        0.00000
wrapping first mol.:      -75.66529        0.00000        0.00000

 NSTEP =  3800000   TIME(PS) =    9300.000  TEMP(K) =   300.36  PRESS =     0.0
 Etot   =   -116858.3416  EKtot   =     20530.8730  EPtot      =   -137389.2147
 BOND   =       526.2545  ANGLE   =      1521.1166  DIHED      =       983.6218
 UB     =         0.0000  IMP     =         0.0000  CMAP       =       155.1746
 1-4 NB =       647.5179  1-4 EEL =      5904.4928  VDWAALS    =     16123.3527
 EELEC  =   -163250.7456  EHBOND  =         0.0000  RESTRAINT  =         0.0000
 EKCMT  =         0.0000  VIRIAL  =         0.0000  VOLUME     =    333478.8603
                                                    Density    =         1.0323
 ------------------------------------------------------------------------------

wrapping first mol.:      -75.72816        0.00000        0.00000
wrapping first mol.:      -75.72816        0.00000        0.00000
wrapping first mol.:      -75.59244        0.00000        0.00000
wrapping first mol.:      -75.59244        0.00000        0.00000
wrapping first mol.:      -75.68931        0.00000        0.00000
wrapping first mol.:      -75.68931        0.00000        0.00000
wrapping first mol.:      -75.68218        0.00000        0.00000
wrapping first mol.:      -75.68218        0.00000        0.00000
wrapping first mol.:      -75.60103        0.00000        0.00000
wrapping first mol.:      -75.60103        0.00000        0.00000

 NSTEP =  3825000   TIME(PS) =    9350.000  TEMP(K) =   300.12  PRESS =     0.0
 Etot   =   -117136.0423  EKtot   =     20514.5469  EPtot      =   -137650.5892
 BOND   =       525.3869  ANGLE   =      1504.7664  DIHED      =       990.9880
 UB     =         0.0000  IMP     =         0.0000  CMAP       =       152.5781
 1-4 NB =       639.7373  1-4 EEL =      5872.7396  VDWAALS    =     16530.9900
 EELEC  =   -163867.7755  EHBOND  =         0.0000  RESTRAINT  =         0.0000
 EKCMT  =         0.0000  VIRIAL  =         0.0000  VOLUME     =    332629.8823
                                                    Density    =         1.0350
 ------------------------------------------------------------------------------

wrapping first mol.:      -75.64931        0.00000        0.00000
wrapping first mol.:      -75.64931        0.00000        0.00000
wrapping first mol.:      -75.67630        0.00000        0.00000
wrapping first mol.:      -75.67630        0.00000        0.00000
wrapping first mol.:      -75.69540        0.00000        0.00000
wrapping first mol.:      -75.69540        0.00000        0.00000
wrapping first mol.:      -75.74916        0.00000        0.00000
wrapping first mol.:      -75.74916        0.00000        0.00000
wrapping first mol.:      -75.60691        0.00000        0.00000
wrapping first mol.:      -75.60691        0.00000        0.00000

 NSTEP =  3850000   TIME(PS) =    9400.000  TEMP(K) =   300.75  PRESS =     0.0
 Etot   =   -116928.4157  EKtot   =     20557.6621  EPtot      =   -137486.0778
 BOND   =       585.4994  ANGLE   =      1527.0732  DIHED      =       983.8394
 UB     =         0.0000  IMP     =         0.0000  CMAP       =       150.9857
 1-4 NB =       638.1877  1-4 EEL =      5848.5428  VDWAALS    =     16471.4779
 EELEC  =   -163691.6840  EHBOND  =         0.0000  RESTRAINT  =         0.0000
 EKCMT  =         0.0000  VIRIAL  =         0.0000  VOLUME     =    332707.4846
                                                    Density    =         1.0347
 ------------------------------------------------------------------------------

wrapping first mol.:      -75.68887        0.00000        0.00000
wrapping first mol.:      -75.68887        0.00000        0.00000
wrapping first mol.:      -75.81763        0.00000        0.00000
wrapping first mol.:      -75.81763        0.00000        0.00000
wrapping first mol.:      -75.64894        0.00000        0.00000
wrapping first mol.:      -75.64894        0.00000        0.00000
wrapping first mol.:      -75.71622        0.00000        0.00000
wrapping first mol.:      -75.71622        0.00000        0.00000
wrapping first mol.:      -75.62279        0.00000        0.00000
wrapping first mol.:      -75.62279        0.00000        0.00000

 NSTEP =  3875000   TIME(PS) =    9450.000  TEMP(K) =   303.96  PRESS =     0.0
 Etot   =   -116756.7793  EKtot   =     20776.8008  EPtot      =   -137533.5801
 BOND   =       570.7932  ANGLE   =      1523.8959  DIHED      =       979.3606
 UB     =         0.0000  IMP     =         0.0000  CMAP       =       149.1984
 1-4 NB =       640.9793  1-4 EEL =      5844.7469  VDWAALS    =     16338.3575
 EELEC  =   -163580.9117  EHBOND  =         0.0000  RESTRAINT  =         0.0000
 EKCMT  =         0.0000  VIRIAL  =         0.0000  VOLUME     =    332917.2159
                                                    Density    =         1.0341
 ------------------------------------------------------------------------------

wrapping first mol.:      -75.75530        0.00000        0.00000
wrapping first mol.:      -75.75530        0.00000        0.00000
wrapping first mol.:      -75.65099        0.00000        0.00000
wrapping first mol.:      -75.65099        0.00000        0.00000
wrapping first mol.:      -75.70845        0.00000        0.00000
wrapping first mol.:      -75.70845        0.00000        0.00000
wrapping first mol.:      -75.75847        0.00000        0.00000
wrapping first mol.:      -75.75847        0.00000        0.00000
wrapping first mol.:      -75.77995        0.00000        0.00000
wrapping first mol.:      -75.77995        0.00000        0.00000

 NSTEP =  3900000   TIME(PS) =    9500.000  TEMP(K) =   299.43  PRESS =     0.0
 Etot   =   -117081.1490  EKtot   =     20467.1211  EPtot      =   -137548.2701
 BOND   =       578.5147  ANGLE   =      1556.1717  DIHED      =      1014.6840
 UB     =         0.0000  IMP     =         0.0000  CMAP       =       150.7512
 1-4 NB =       634.6947  1-4 EEL =      5780.5525  VDWAALS    =     16230.3524
 EELEC  =   -163493.9914  EHBOND  =         0.0000  RESTRAINT  =         0.0000
 EKCMT  =         0.0000  VIRIAL  =         0.0000  VOLUME     =    334997.1844
                                                    Density    =         1.0276
 ------------------------------------------------------------------------------

wrapping first mol.:      -75.72214        0.00000        0.00000
wrapping first mol.:      -75.72214        0.00000        0.00000
wrapping first mol.:      -75.63080        0.00000        0.00000
wrapping first mol.:      -75.63080        0.00000        0.00000
wrapping first mol.:      -75.68311        0.00000        0.00000
wrapping first mol.:      -75.68311        0.00000        0.00000
wrapping first mol.:      -75.66891        0.00000        0.00000
wrapping first mol.:      -75.66891        0.00000        0.00000
wrapping first mol.:      -75.67401        0.00000        0.00000
wrapping first mol.:      -75.67401        0.00000        0.00000

 NSTEP =  3925000   TIME(PS) =    9550.000  TEMP(K) =   301.97  PRESS =     0.0
 Etot   =   -116859.1598  EKtot   =     20640.9141  EPtot      =   -137500.0738
 BOND   =       583.2114  ANGLE   =      1485.4089  DIHED      =      1000.3435
 UB     =         0.0000  IMP     =         0.0000  CMAP       =       148.7825
 1-4 NB =       647.3813  1-4 EEL =      5851.0352  VDWAALS    =     16258.4638
 EELEC  =   -163474.7004  EHBOND  =         0.0000  RESTRAINT  =         0.0000
 EKCMT  =         0.0000  VIRIAL  =         0.0000  VOLUME     =    333594.0884
                                                    Density    =         1.0320
 ------------------------------------------------------------------------------

wrapping first mol.:      -75.69592        0.00000        0.00000
wrapping first mol.:      -75.69592        0.00000        0.00000
wrapping first mol.:      -75.66257        0.00000        0.00000
wrapping first mol.:      -75.66257        0.00000        0.00000
wrapping first mol.:      -75.66989        0.00000        0.00000
wrapping first mol.:      -75.66989        0.00000        0.00000
wrapping first mol.:      -75.58405        0.00000        0.00000
wrapping first mol.:      -75.58405        0.00000        0.00000
wrapping first mol.:      -75.59621        0.00000        0.00000
wrapping first mol.:      -75.59621        0.00000        0.00000

 NSTEP =  3950000   TIME(PS) =    9600.000  TEMP(K) =   302.77  PRESS =     0.0
 Etot   =   -116787.6608  EKtot   =     20695.9141  EPtot      =   -137483.5749
 BOND   =       547.4281  ANGLE   =      1485.9290  DIHED      =       952.2280
 UB     =         0.0000  IMP     =         0.0000  CMAP       =       146.0185
 1-4 NB =       665.8734  1-4 EEL =      5849.0027  VDWAALS    =     16364.1596
 EELEC  =   -163494.2142  EHBOND  =         0.0000  RESTRAINT  =         0.0000
 EKCMT  =         0.0000  VIRIAL  =         0.0000  VOLUME     =    332566.3181
                                                    Density    =         1.0352
 ------------------------------------------------------------------------------

wrapping first mol.:      -75.75431        0.00000        0.00000
wrapping first mol.:      -75.75431        0.00000        0.00000
wrapping first mol.:      -75.72173        0.00000        0.00000
wrapping first mol.:      -75.72173        0.00000        0.00000
wrapping first mol.:      -75.76727        0.00000        0.00000
wrapping first mol.:      -75.76727        0.00000        0.00000
wrapping first mol.:      -75.73854        0.00000        0.00000
wrapping first mol.:      -75.73854        0.00000        0.00000
wrapping first mol.:      -75.68387        0.00000        0.00000
wrapping first mol.:      -75.68387        0.00000        0.00000

 NSTEP =  3975000   TIME(PS) =    9650.000  TEMP(K) =   299.79  PRESS =     0.0
 Etot   =   -116871.2497  EKtot   =     20491.7051  EPtot      =   -137362.9548
 BOND   =       572.2867  ANGLE   =      1570.3429  DIHED      =       996.6468
 UB     =         0.0000  IMP     =         0.0000  CMAP       =       140.2981
 1-4 NB =       640.3146  1-4 EEL =      5802.2677  VDWAALS    =     16294.1827
 EELEC  =   -163379.2944  EHBOND  =         0.0000  RESTRAINT  =         0.0000
 EKCMT  =         0.0000  VIRIAL  =         0.0000  VOLUME     =    333724.5731
                                                    Density    =         1.0316
 ------------------------------------------------------------------------------

wrapping first mol.:      -75.60288        0.00000        0.00000
wrapping first mol.:      -75.60288        0.00000        0.00000
wrapping first mol.:      -75.62133        0.00000        0.00000
wrapping first mol.:      -75.62133        0.00000        0.00000
wrapping first mol.:      -75.77737        0.00000        0.00000
wrapping first mol.:      -75.77737        0.00000        0.00000
wrapping first mol.:      -75.70241        0.00000        0.00000
wrapping first mol.:      -75.70241        0.00000        0.00000
wrapping first mol.:      -75.72032        0.00000        0.00000
wrapping first mol.:      -75.72032        0.00000        0.00000

 NSTEP =  4000000   TIME(PS) =    9700.000  TEMP(K) =   300.57  PRESS =     0.0
 Etot   =   -116994.0307  EKtot   =     20545.0527  EPtot      =   -137539.0834
 BOND   =       602.7129  ANGLE   =      1522.4503  DIHED      =      1022.0374
 UB     =         0.0000  IMP     =         0.0000  CMAP       =       140.8167
 1-4 NB =       662.0654  1-4 EEL =      5812.4267  VDWAALS    =     16287.1758
 EELEC  =   -163588.7687  EHBOND  =         0.0000  RESTRAINT  =         0.0000
 EKCMT  =         0.0000  VIRIAL  =         0.0000  VOLUME     =    334206.8766
                                                    Density    =         1.0301
 ------------------------------------------------------------------------------

wrapping first mol.:      -75.73360        0.00000        0.00000
wrapping first mol.:      -75.73360        0.00000        0.00000
wrapping first mol.:      -75.65205        0.00000        0.00000
wrapping first mol.:      -75.65205        0.00000        0.00000
wrapping first mol.:      -75.74700        0.00000        0.00000
wrapping first mol.:      -75.74700        0.00000        0.00000
wrapping first mol.:      -75.76113        0.00000        0.00000
wrapping first mol.:      -75.76113        0.00000        0.00000
wrapping first mol.:      -75.70278        0.00000        0.00000
wrapping first mol.:      -75.70278        0.00000        0.00000

 NSTEP =  4025000   TIME(PS) =    9750.000  TEMP(K) =   299.21  PRESS =     0.0
 Etot   =   -116716.3002  EKtot   =     20452.0332  EPtot      =   -137168.3334
 BOND   =       607.5203  ANGLE   =      1486.5909  DIHED      =       981.4585
 UB     =         0.0000  IMP     =         0.0000  CMAP       =       144.8496
 1-4 NB =       648.0572  1-4 EEL =      5841.2969  VDWAALS    =     16276.8535
 EELEC  =   -163154.9604  EHBOND  =         0.0000  RESTRAINT  =         0.0000
 EKCMT  =         0.0000  VIRIAL  =         0.0000  VOLUME     =    333974.7572
                                                    Density    =         1.0308
 ------------------------------------------------------------------------------

wrapping first mol.:      -75.70708        0.00000        0.00000
wrapping first mol.:      -75.70708        0.00000        0.00000
wrapping first mol.:      -75.62293        0.00000        0.00000
wrapping first mol.:      -75.62293        0.00000        0.00000
wrapping first mol.:      -75.63103        0.00000        0.00000
wrapping first mol.:      -75.63103        0.00000        0.00000
wrapping first mol.:      -75.66310        0.00000        0.00000
wrapping first mol.:      -75.66310        0.00000        0.00000
wrapping first mol.:      -75.78736        0.00000        0.00000
wrapping first mol.:      -75.78736        0.00000        0.00000

 NSTEP =  4050000   TIME(PS) =    9800.000  TEMP(K) =   301.19  PRESS =     0.0
 Etot   =   -116823.4724  EKtot   =     20587.5020  EPtot      =   -137410.9743
 BOND   =       589.3400  ANGLE   =      1544.3058  DIHED      =       985.2574
 UB     =         0.0000  IMP     =         0.0000  CMAP       =       146.4043
 1-4 NB =       631.4041  1-4 EEL =      5928.2178  VDWAALS    =     16214.5949
 EELEC  =   -163450.4985  EHBOND  =         0.0000  RESTRAINT  =         0.0000
 EKCMT  =         0.0000  VIRIAL  =         0.0000  VOLUME     =    335095.4151
                                                    Density    =         1.0273
 ------------------------------------------------------------------------------

wrapping first mol.:      -75.65373        0.00000        0.00000
wrapping first mol.:      -75.65373        0.00000        0.00000
wrapping first mol.:      -75.76527        0.00000        0.00000
wrapping first mol.:      -75.76527        0.00000        0.00000
wrapping first mol.:      -75.68948        0.00000        0.00000
wrapping first mol.:      -75.68948        0.00000        0.00000
wrapping first mol.:      -75.73583        0.00000        0.00000
wrapping first mol.:      -75.73583        0.00000        0.00000
wrapping first mol.:      -75.70037        0.00000        0.00000
wrapping first mol.:      -75.70037        0.00000        0.00000

 NSTEP =  4075000   TIME(PS) =    9850.000  TEMP(K) =   299.72  PRESS =     0.0
 Etot   =   -116555.1963  EKtot   =     20487.3398  EPtot      =   -137042.5362
 BOND   =       582.7837  ANGLE   =      1548.1378  DIHED      =       982.9190
 UB     =         0.0000  IMP     =         0.0000  CMAP       =       154.8227
 1-4 NB =       628.4474  1-4 EEL =      5837.3136  VDWAALS    =     16172.1256
 EELEC  =   -162949.0860  EHBOND  =         0.0000  RESTRAINT  =         0.0000
 EKCMT  =         0.0000  VIRIAL  =         0.0000  VOLUME     =    333942.8553
                                                    Density    =         1.0309
 ------------------------------------------------------------------------------

wrapping first mol.:      -75.70116        0.00000        0.00000
wrapping first mol.:      -75.70116        0.00000        0.00000
wrapping first mol.:      -75.69438        0.00000        0.00000
wrapping first mol.:      -75.69438        0.00000        0.00000
wrapping first mol.:      -75.66356        0.00000        0.00000
wrapping first mol.:      -75.66356        0.00000        0.00000
wrapping first mol.:      -75.56940        0.00000        0.00000
wrapping first mol.:      -75.56940        0.00000        0.00000
wrapping first mol.:      -75.62986        0.00000        0.00000
wrapping first mol.:      -75.62986        0.00000        0.00000

 NSTEP =  4100000   TIME(PS) =    9900.000  TEMP(K) =   299.92  PRESS =     0.0
 Etot   =   -116839.1088  EKtot   =     20500.6777  EPtot      =   -137339.7865
 BOND   =       564.4783  ANGLE   =      1501.3479  DIHED      =      1023.6094
 UB     =         0.0000  IMP     =         0.0000  CMAP       =       150.6005
 1-4 NB =       653.2334  1-4 EEL =      5866.4258  VDWAALS    =     16456.1696
 EELEC  =   -163555.6514  EHBOND  =         0.0000  RESTRAINT  =         0.0000
 EKCMT  =         0.0000  VIRIAL  =         0.0000  VOLUME     =    333010.5211
                                                    Density    =         1.0338
 ------------------------------------------------------------------------------

wrapping first mol.:      -75.57220        0.00000        0.00000
wrapping first mol.:      -75.57220        0.00000        0.00000
wrapping first mol.:      -75.54465        0.00000        0.00000
wrapping first mol.:      -75.54465        0.00000        0.00000
wrapping first mol.:      -75.60954        0.00000        0.00000
wrapping first mol.:      -75.60954        0.00000        0.00000
wrapping first mol.:      -75.72065        0.00000        0.00000
wrapping first mol.:      -75.72065        0.00000        0.00000
wrapping first mol.:      -75.71329        0.00000        0.00000
wrapping first mol.:      -75.71329        0.00000        0.00000

 NSTEP =  4125000   TIME(PS) =    9950.000  TEMP(K) =   299.64  PRESS =     0.0
 Etot   =   -117005.5527  EKtot   =     20481.9062  EPtot      =   -137487.4589
 BOND   =       546.9121  ANGLE   =      1535.1275  DIHED      =      1040.0202
 UB     =         0.0000  IMP     =         0.0000  CMAP       =       154.4735
 1-4 NB =       632.3013  1-4 EEL =      5802.7330  VDWAALS    =     16356.6391
 EELEC  =   -163555.6657  EHBOND  =         0.0000  RESTRAINT  =         0.0000
 EKCMT  =         0.0000  VIRIAL  =         0.0000  VOLUME     =    334113.8433
                                                    Density    =         1.0304
 ------------------------------------------------------------------------------

wrapping first mol.:      -75.75374        0.00000        0.00000
wrapping first mol.:      -75.75374        0.00000        0.00000
wrapping first mol.:      -75.62251        0.00000        0.00000
wrapping first mol.:      -75.62251        0.00000        0.00000
wrapping first mol.:      -75.62940        0.00000        0.00000
wrapping first mol.:      -75.62940        0.00000        0.00000
wrapping first mol.:      -75.69743        0.00000        0.00000
wrapping first mol.:      -75.69743        0.00000        0.00000
wrapping first mol.:      -75.79762        0.00000        0.00000
wrapping first mol.:      -75.79762        0.00000        0.00000

 NSTEP =  4150000   TIME(PS) =   10000.000  TEMP(K) =   299.04  PRESS =     0.0
 Etot   =   -116724.6753  EKtot   =     20440.5645  EPtot      =   -137165.2397
 BOND   =       576.8862  ANGLE   =      1522.0286  DIHED      =       980.8056
 UB     =         0.0000  IMP     =         0.0000  CMAP       =       142.2209
 1-4 NB =       627.6378  1-4 EEL =      5877.0911  VDWAALS    =     16293.8869
 EELEC  =   -163185.7968  EHBOND  =         0.0000  RESTRAINT  =         0.0000
 EKCMT  =         0.0000  VIRIAL  =         0.0000  VOLUME     =    335231.5256
                                                    Density    =         1.0269
 ------------------------------------------------------------------------------

wrapping first mol.:      -75.70288        0.00000        0.00000
wrapping first mol.:      -75.70288        0.00000        0.00000
wrapping first mol.:      -75.68740        0.00000        0.00000
wrapping first mol.:      -75.68740        0.00000        0.00000
wrapping first mol.:      -75.70437        0.00000        0.00000
wrapping first mol.:      -75.70437        0.00000        0.00000
wrapping first mol.:      -75.63412        0.00000        0.00000
wrapping first mol.:      -75.63412        0.00000        0.00000
wrapping first mol.:      -75.62586        0.00000        0.00000
wrapping first mol.:      -75.62586        0.00000        0.00000

 NSTEP =  4175000   TIME(PS) =   10050.000  TEMP(K) =   295.05  PRESS =     0.0
 Etot   =   -117225.4953  EKtot   =     20168.0625  EPtot      =   -137393.5578
 BOND   =       536.2135  ANGLE   =      1515.6207  DIHED      =       971.0645
 UB     =         0.0000  IMP     =         0.0000  CMAP       =       149.5374
 1-4 NB =       642.0456  1-4 EEL =      5918.6827  VDWAALS    =     16079.4087
 EELEC  =   -163206.1310  EHBOND  =         0.0000  RESTRAINT  =         0.0000
 EKCMT  =         0.0000  VIRIAL  =         0.0000  VOLUME     =    332957.7274
                                                    Density    =         1.0339
 ------------------------------------------------------------------------------

wrapping first mol.:      -75.59666        0.00000        0.00000
wrapping first mol.:      -75.59666        0.00000        0.00000
wrapping first mol.:      -75.69509        0.00000        0.00000
wrapping first mol.:      -75.69509        0.00000        0.00000
wrapping first mol.:      -75.62064        0.00000        0.00000
wrapping first mol.:      -75.62064        0.00000        0.00000
wrapping first mol.:      -75.64551        0.00000        0.00000
wrapping first mol.:      -75.64551        0.00000        0.00000
wrapping first mol.:      -75.62746        0.00000        0.00000
wrapping first mol.:      -75.62746        0.00000        0.00000

 NSTEP =  4200000   TIME(PS) =   10100.000  TEMP(K) =   295.65  PRESS =     0.0
 Etot   =   -117368.8502  EKtot   =     20209.2793  EPtot      =   -137578.1295
 BOND   =       568.4011  ANGLE   =      1520.7188  DIHED      =      1007.8657
 UB     =         0.0000  IMP     =         0.0000  CMAP       =       148.6931
 1-4 NB =       649.7882  1-4 EEL =      5832.7411  VDWAALS    =     16386.1465
 EELEC  =   -163692.4841  EHBOND  =         0.0000  RESTRAINT  =         0.0000
 EKCMT  =         0.0000  VIRIAL  =         0.0000  VOLUME     =    332978.9236
                                                    Density    =         1.0339
 ------------------------------------------------------------------------------

wrapping first mol.:      -75.74771        0.00000        0.00000
wrapping first mol.:      -75.74771        0.00000        0.00000
wrapping first mol.:      -75.79562        0.00000        0.00000
wrapping first mol.:      -75.79562        0.00000        0.00000
wrapping first mol.:      -75.70457        0.00000        0.00000
wrapping first mol.:      -75.70457        0.00000        0.00000
wrapping first mol.:      -75.75299        0.00000        0.00000
wrapping first mol.:      -75.75299        0.00000        0.00000
wrapping first mol.:      -75.66757        0.00000        0.00000
wrapping first mol.:      -75.66757        0.00000        0.00000

 NSTEP =  4225000   TIME(PS) =   10150.000  TEMP(K) =   301.66  PRESS =     0.0
 Etot   =   -116992.6943  EKtot   =     20619.8262  EPtot      =   -137612.5205
 BOND   =       569.7359  ANGLE   =      1515.7564  DIHED      =      1012.0231
 UB     =         0.0000  IMP     =         0.0000  CMAP       =       142.6069
 1-4 NB =       644.0360  1-4 EEL =      5819.1753  VDWAALS    =     16124.3935
 EELEC  =   -163440.2475  EHBOND  =         0.0000  RESTRAINT  =         0.0000
 EKCMT  =         0.0000  VIRIAL  =         0.0000  VOLUME     =    333508.8912
                                                    Density    =         1.0322
 ------------------------------------------------------------------------------

wrapping first mol.:      -75.77062        0.00000        0.00000
wrapping first mol.:      -75.77062        0.00000        0.00000
wrapping first mol.:      -75.65743        0.00000        0.00000
wrapping first mol.:      -75.65743        0.00000        0.00000
wrapping first mol.:      -75.58243        0.00000        0.00000
wrapping first mol.:      -75.58243        0.00000        0.00000
wrapping first mol.:      -75.58067        0.00000        0.00000
wrapping first mol.:      -75.58067        0.00000        0.00000
wrapping first mol.:      -75.64742        0.00000        0.00000
wrapping first mol.:      -75.64742        0.00000        0.00000

 NSTEP =  4250000   TIME(PS) =   10200.000  TEMP(K) =   300.54  PRESS =     0.0
 Etot   =   -116885.4655  EKtot   =     20542.9727  EPtot      =   -137428.4382
 BOND   =       572.4093  ANGLE   =      1557.0497  DIHED      =      1007.2854
 UB     =         0.0000  IMP     =         0.0000  CMAP       =       133.0203
 1-4 NB =       651.4529  1-4 EEL =      5781.5318  VDWAALS    =     16288.3349
 EELEC  =   -163419.5225  EHBOND  =         0.0000  RESTRAINT  =         0.0000
 EKCMT  =         0.0000  VIRIAL  =         0.0000  VOLUME     =    333242.6175
                                                    Density    =         1.0331
 ------------------------------------------------------------------------------

wrapping first mol.:      -75.52228        0.00000        0.00000
wrapping first mol.:      -75.52228        0.00000        0.00000
wrapping first mol.:      -75.67351        0.00000        0.00000
wrapping first mol.:      -75.67351        0.00000        0.00000
wrapping first mol.:      -75.70674        0.00000        0.00000
wrapping first mol.:      -75.70674        0.00000        0.00000
wrapping first mol.:      -75.68145        0.00000        0.00000
wrapping first mol.:      -75.68145        0.00000        0.00000
wrapping first mol.:      -75.65223        0.00000        0.00000
wrapping first mol.:      -75.65223        0.00000        0.00000

 NSTEP =  4275000   TIME(PS) =   10250.000  TEMP(K) =   302.72  PRESS =     0.0
 Etot   =   -116660.3278  EKtot   =     20692.2031  EPtot      =   -137352.5309
 BOND   =       573.2222  ANGLE   =      1558.0920  DIHED      =      1004.4703
 UB     =         0.0000  IMP     =         0.0000  CMAP       =       142.0517
 1-4 NB =       645.1977  1-4 EEL =      5839.5696  VDWAALS    =     16458.9566
 EELEC  =   -163574.0911  EHBOND  =         0.0000  RESTRAINT  =         0.0000
 EKCMT  =         0.0000  VIRIAL  =         0.0000  VOLUME     =    333306.2044
                                                    Density    =         1.0329
 ------------------------------------------------------------------------------

wrapping first mol.:      -75.77072        0.00000        0.00000
wrapping first mol.:      -75.77072        0.00000        0.00000
wrapping first mol.:      -75.61510        0.00000        0.00000
wrapping first mol.:      -75.61510        0.00000        0.00000
wrapping first mol.:      -75.61919        0.00000        0.00000
wrapping first mol.:      -75.61919        0.00000        0.00000
wrapping first mol.:      -75.65922        0.00000        0.00000
wrapping first mol.:      -75.65922        0.00000        0.00000
wrapping first mol.:      -75.66168        0.00000        0.00000
wrapping first mol.:      -75.66168        0.00000        0.00000

 NSTEP =  4300000   TIME(PS) =   10300.000  TEMP(K) =   298.49  PRESS =     0.0
 Etot   =   -117028.4639  EKtot   =     20402.8086  EPtot      =   -137431.2725
 BOND   =       565.2807  ANGLE   =      1531.0866  DIHED      =      1006.0281
 UB     =         0.0000  IMP     =         0.0000  CMAP       =       140.0012
 1-4 NB =       656.7718  1-4 EEL =      5903.2968  VDWAALS    =     16667.1954
 EELEC  =   -163900.9332  EHBOND  =         0.0000  RESTRAINT  =         0.0000
 EKCMT  =         0.0000  VIRIAL  =         0.0000  VOLUME     =    333431.0806
                                                    Density    =         1.0325
 ------------------------------------------------------------------------------

wrapping first mol.:      -75.77067        0.00000        0.00000
wrapping first mol.:      -75.77067        0.00000        0.00000
wrapping first mol.:      -75.68430        0.00000        0.00000
wrapping first mol.:      -75.68430        0.00000        0.00000
wrapping first mol.:      -75.69905        0.00000        0.00000
wrapping first mol.:      -75.69905        0.00000        0.00000
wrapping first mol.:      -75.63077        0.00000        0.00000
wrapping first mol.:      -75.63077        0.00000        0.00000
wrapping first mol.:      -75.67988        0.00000        0.00000
wrapping first mol.:      -75.67988        0.00000        0.00000

 NSTEP =  4325000   TIME(PS) =   10350.000  TEMP(K) =   300.15  PRESS =     0.0
 Etot   =   -117193.3439  EKtot   =     20516.8145  EPtot      =   -137710.1584
 BOND   =       580.7053  ANGLE   =      1511.8737  DIHED      =       985.5273
 UB     =         0.0000  IMP     =         0.0000  CMAP       =       137.9666
 1-4 NB =       655.2511  1-4 EEL =      5883.9738  VDWAALS    =     16477.1206
 EELEC  =   -163942.5767  EHBOND  =         0.0000  RESTRAINT  =         0.0000
 EKCMT  =         0.0000  VIRIAL  =         0.0000  VOLUME     =    333671.7147
                                                    Density    =         1.0317
 ------------------------------------------------------------------------------

wrapping first mol.:      -75.68790        0.00000        0.00000
wrapping first mol.:      -75.68790        0.00000        0.00000
wrapping first mol.:      -75.73376        0.00000        0.00000
wrapping first mol.:      -75.73376        0.00000        0.00000
wrapping first mol.:      -75.68366        0.00000        0.00000
wrapping first mol.:      -75.68366        0.00000        0.00000
wrapping first mol.:      -75.73618        0.00000        0.00000
wrapping first mol.:      -75.73618        0.00000        0.00000
wrapping first mol.:      -75.68462        0.00000        0.00000
wrapping first mol.:      -75.68462        0.00000        0.00000

 NSTEP =  4350000   TIME(PS) =   10400.000  TEMP(K) =   301.75  PRESS =     0.0
 Etot   =   -116636.2900  EKtot   =     20625.8848  EPtot      =   -137262.1748
 BOND   =       575.8597  ANGLE   =      1573.7769  DIHED      =      1002.1766
 UB     =         0.0000  IMP     =         0.0000  CMAP       =       152.0792
 1-4 NB =       640.3837  1-4 EEL =      5867.8575  VDWAALS    =     16465.5283
 EELEC  =   -163539.8366  EHBOND  =         0.0000  RESTRAINT  =         0.0000
 EKCMT  =         0.0000  VIRIAL  =         0.0000  VOLUME     =    333734.4145
                                                    Density    =         1.0315
 ------------------------------------------------------------------------------

wrapping first mol.:      -75.80284        0.00000        0.00000
wrapping first mol.:      -75.80284        0.00000        0.00000
wrapping first mol.:      -75.62926        0.00000        0.00000
wrapping first mol.:      -75.62926        0.00000        0.00000
wrapping first mol.:      -75.61610        0.00000        0.00000
wrapping first mol.:      -75.61610        0.00000        0.00000
wrapping first mol.:      -75.63015        0.00000        0.00000
wrapping first mol.:      -75.63015        0.00000        0.00000
wrapping first mol.:      -75.70764        0.00000        0.00000
wrapping first mol.:      -75.70764        0.00000        0.00000

 NSTEP =  4375000   TIME(PS) =   10450.000  TEMP(K) =   300.80  PRESS =     0.0
 Etot   =   -117094.7340  EKtot   =     20561.2637  EPtot      =   -137655.9977
 BOND   =       587.4743  ANGLE   =      1553.9086  DIHED      =       978.6115
 UB     =         0.0000  IMP     =         0.0000  CMAP       =       139.6509
 1-4 NB =       639.8932  1-4 EEL =      5833.7606  VDWAALS    =     16659.9400
 EELEC  =   -164049.2367  EHBOND  =         0.0000  RESTRAINT  =         0.0000
 EKCMT  =         0.0000  VIRIAL  =         0.0000  VOLUME     =    334039.0043
                                                    Density    =         1.0306
 ------------------------------------------------------------------------------

wrapping first mol.:      -75.60290        0.00000        0.00000
wrapping first mol.:      -75.60290        0.00000        0.00000
wrapping first mol.:      -75.68570        0.00000        0.00000
wrapping first mol.:      -75.68570        0.00000        0.00000
wrapping first mol.:      -75.67176        0.00000        0.00000
wrapping first mol.:      -75.67176        0.00000        0.00000
wrapping first mol.:      -75.66932        0.00000        0.00000
wrapping first mol.:      -75.66932        0.00000        0.00000
wrapping first mol.:      -75.69911        0.00000        0.00000
wrapping first mol.:      -75.69911        0.00000        0.00000

 NSTEP =  4400000   TIME(PS) =   10500.000  TEMP(K) =   300.51  PRESS =     0.0
 Etot   =   -116881.1059  EKtot   =     20541.4766  EPtot      =   -137422.5824
 BOND   =       572.9855  ANGLE   =      1567.3614  DIHED      =      1005.1967
 UB     =         0.0000  IMP     =         0.0000  CMAP       =       146.4423
 1-4 NB =       656.1782  1-4 EEL =      5853.3589  VDWAALS    =     16569.9202
 EELEC  =   -163794.0255  EHBOND  =         0.0000  RESTRAINT  =         0.0000
 EKCMT  =         0.0000  VIRIAL  =         0.0000  VOLUME     =    333926.1808
                                                    Density    =         1.0309
 ------------------------------------------------------------------------------

wrapping first mol.:      -75.63151        0.00000        0.00000
wrapping first mol.:      -75.63151        0.00000        0.00000
wrapping first mol.:      -75.74622        0.00000        0.00000
wrapping first mol.:      -75.74622        0.00000        0.00000
wrapping first mol.:      -75.69883        0.00000        0.00000
wrapping first mol.:      -75.69883        0.00000        0.00000
wrapping first mol.:      -75.75475        0.00000        0.00000
wrapping first mol.:      -75.75475        0.00000        0.00000
wrapping first mol.:      -75.68201        0.00000        0.00000
wrapping first mol.:      -75.68201        0.00000        0.00000

 NSTEP =  4425000   TIME(PS) =   10550.000  TEMP(K) =   298.43  PRESS =     0.0
 Etot   =   -117055.4726  EKtot   =     20399.2520  EPtot      =   -137454.7245
 BOND   =       547.8040  ANGLE   =      1530.4464  DIHED      =      1003.3010
 UB     =         0.0000  IMP     =         0.0000  CMAP       =       152.5322
 1-4 NB =       638.7384  1-4 EEL =      5846.3062  VDWAALS    =     16332.8537
 EELEC  =   -163506.7065  EHBOND  =         0.0000  RESTRAINT  =         0.0000
 EKCMT  =         0.0000  VIRIAL  =         0.0000  VOLUME     =    333699.9386
                                                    Density    =         1.0316
 ------------------------------------------------------------------------------

wrapping first mol.:      -75.65799        0.00000        0.00000
wrapping first mol.:      -75.65799        0.00000        0.00000
wrapping first mol.:      -75.67784        0.00000        0.00000
wrapping first mol.:      -75.67784        0.00000        0.00000
wrapping first mol.:      -75.75307        0.00000        0.00000
wrapping first mol.:      -75.75307        0.00000        0.00000
wrapping first mol.:      -75.72356        0.00000        0.00000
wrapping first mol.:      -75.72356        0.00000        0.00000
wrapping first mol.:      -75.76686        0.00000        0.00000
wrapping first mol.:      -75.76686        0.00000        0.00000

 NSTEP =  4450000   TIME(PS) =   10600.000  TEMP(K) =   302.65  PRESS =     0.0
 Etot   =   -116781.1441  EKtot   =     20687.5312  EPtot      =   -137468.6754
 BOND   =       566.2190  ANGLE   =      1528.9571  DIHED      =      1013.5594
 UB     =         0.0000  IMP     =         0.0000  CMAP       =       146.7083
 1-4 NB =       667.0245  1-4 EEL =      5885.3616  VDWAALS    =     16658.8440
 EELEC  =   -163935.3494  EHBOND  =         0.0000  RESTRAINT  =         0.0000
 EKCMT  =         0.0000  VIRIAL  =         0.0000  VOLUME     =    334823.5831
                                                    Density    =         1.0282
 ------------------------------------------------------------------------------

wrapping first mol.:      -75.60943        0.00000        0.00000
wrapping first mol.:      -75.60943        0.00000        0.00000
wrapping first mol.:      -75.71688        0.00000        0.00000
wrapping first mol.:      -75.71688        0.00000        0.00000
wrapping first mol.:      -75.72552        0.00000        0.00000
wrapping first mol.:      -75.72552        0.00000        0.00000
wrapping first mol.:      -75.74020        0.00000        0.00000
wrapping first mol.:      -75.74020        0.00000        0.00000
wrapping first mol.:      -75.75127        0.00000        0.00000
wrapping first mol.:      -75.75127        0.00000        0.00000

 NSTEP =  4475000   TIME(PS) =   10650.000  TEMP(K) =   298.93  PRESS =     0.0
 Etot   =   -116810.9146  EKtot   =     20433.1387  EPtot      =   -137244.0533
 BOND   =       558.5289  ANGLE   =      1539.3835  DIHED      =       990.3488
 UB     =         0.0000  IMP     =         0.0000  CMAP       =       147.6729
 1-4 NB =       638.3947  1-4 EEL =      5866.3675  VDWAALS    =     16090.9662
 EELEC  =   -163075.7157  EHBOND  =         0.0000  RESTRAINT  =         0.0000
 EKCMT  =         0.0000  VIRIAL  =         0.0000  VOLUME     =    334616.8542
                                                    Density    =         1.0288
 ------------------------------------------------------------------------------

wrapping first mol.:      -75.67350        0.00000        0.00000
wrapping first mol.:      -75.67350        0.00000        0.00000
wrapping first mol.:      -75.59999        0.00000        0.00000
wrapping first mol.:      -75.59999        0.00000        0.00000
wrapping first mol.:      -75.66646        0.00000        0.00000
wrapping first mol.:      -75.66646        0.00000        0.00000
wrapping first mol.:      -75.65885        0.00000        0.00000
wrapping first mol.:      -75.65885        0.00000        0.00000
wrapping first mol.:      -75.70108        0.00000        0.00000
wrapping first mol.:      -75.70108        0.00000        0.00000

 NSTEP =  4500000   TIME(PS) =   10700.000  TEMP(K) =   301.11  PRESS =     0.0
 Etot   =   -116907.2394  EKtot   =     20581.9805  EPtot      =   -137489.2199
 BOND   =       545.0519  ANGLE   =      1520.2944  DIHED      =       973.4610
 UB     =         0.0000  IMP     =         0.0000  CMAP       =       149.3823
 1-4 NB =       660.3825  1-4 EEL =      5883.7280  VDWAALS    =     16299.0356
 EELEC  =   -163520.5555  EHBOND  =         0.0000  RESTRAINT  =         0.0000
 EKCMT  =         0.0000  VIRIAL  =         0.0000  VOLUME     =    333952.1922
                                                    Density    =         1.0309
 ------------------------------------------------------------------------------

wrapping first mol.:      -75.64250        0.00000        0.00000
wrapping first mol.:      -75.64250        0.00000        0.00000
wrapping first mol.:      -75.66082        0.00000        0.00000
wrapping first mol.:      -75.66082        0.00000        0.00000
wrapping first mol.:      -75.69243        0.00000        0.00000
wrapping first mol.:      -75.69243        0.00000        0.00000
wrapping first mol.:      -75.72193        0.00000        0.00000
wrapping first mol.:      -75.72193        0.00000        0.00000
wrapping first mol.:      -75.60767        0.00000        0.00000
wrapping first mol.:      -75.60767        0.00000        0.00000

 NSTEP =  4525000   TIME(PS) =   10750.000  TEMP(K) =   301.25  PRESS =     0.0
 Etot   =   -117203.3198  EKtot   =     20591.8438  EPtot      =   -137795.1636
 BOND   =       568.2471  ANGLE   =      1567.9089  DIHED      =       984.3483
 UB     =         0.0000  IMP     =         0.0000  CMAP       =       151.7732
 1-4 NB =       647.3743  1-4 EEL =      5820.6468  VDWAALS    =     16600.3328
 EELEC  =   -164135.7950  EHBOND  =         0.0000  RESTRAINT  =         0.0000
 EKCMT  =         0.0000  VIRIAL  =         0.0000  VOLUME     =    332717.5748
                                                    Density    =         1.0347
 ------------------------------------------------------------------------------

wrapping first mol.:      -75.66901        0.00000        0.00000
wrapping first mol.:      -75.66901        0.00000        0.00000
wrapping first mol.:      -75.69928        0.00000        0.00000
wrapping first mol.:      -75.69928        0.00000        0.00000
wrapping first mol.:      -75.66148        0.00000        0.00000
wrapping first mol.:      -75.66148        0.00000        0.00000
wrapping first mol.:      -75.67417        0.00000        0.00000
wrapping first mol.:      -75.67417        0.00000        0.00000
wrapping first mol.:      -75.68703        0.00000        0.00000
wrapping first mol.:      -75.68703        0.00000        0.00000

 NSTEP =  4550000   TIME(PS) =   10800.000  TEMP(K) =   301.62  PRESS =     0.0
 Etot   =   -116742.7581  EKtot   =     20616.7969  EPtot      =   -137359.5549
 BOND   =       592.8089  ANGLE   =      1532.9088  DIHED      =       989.9236
 UB     =         0.0000  IMP     =         0.0000  CMAP       =       146.3223
 1-4 NB =       637.3667  1-4 EEL =      5805.4851  VDWAALS    =     16725.0197
 EELEC  =   -163789.3902  EHBOND  =         0.0000  RESTRAINT  =         0.0000
 EKCMT  =         0.0000  VIRIAL  =         0.0000  VOLUME     =    333766.3521
                                                    Density    =         1.0314
 ------------------------------------------------------------------------------

wrapping first mol.:      -75.77646        0.00000        0.00000
wrapping first mol.:      -75.77646        0.00000        0.00000
wrapping first mol.:      -75.67857        0.00000        0.00000
wrapping first mol.:      -75.67857        0.00000        0.00000
wrapping first mol.:      -75.73998        0.00000        0.00000
wrapping first mol.:      -75.73998        0.00000        0.00000
wrapping first mol.:      -75.67014        0.00000        0.00000
wrapping first mol.:      -75.67014        0.00000        0.00000
wrapping first mol.:      -75.56466        0.00000        0.00000
wrapping first mol.:      -75.56466        0.00000        0.00000

 NSTEP =  4575000   TIME(PS) =   10850.000  TEMP(K) =   299.84  PRESS =     0.0
 Etot   =   -116669.2357  EKtot   =     20495.0684  EPtot      =   -137164.3041
 BOND   =       602.7617  ANGLE   =      1500.6361  DIHED      =       993.0433
 UB     =         0.0000  IMP     =         0.0000  CMAP       =       159.3612
 1-4 NB =       642.7258  1-4 EEL =      5792.5784  VDWAALS    =     16106.6251
 EELEC  =   -162962.0355  EHBOND  =         0.0000  RESTRAINT  =         0.0000
 EKCMT  =         0.0000  VIRIAL  =         0.0000  VOLUME     =    332150.1205
                                                    Density    =         1.0365
 ------------------------------------------------------------------------------

wrapping first mol.:      -75.63990        0.00000        0.00000
wrapping first mol.:      -75.63990        0.00000        0.00000
wrapping first mol.:      -75.65536        0.00000        0.00000
wrapping first mol.:      -75.65536        0.00000        0.00000
wrapping first mol.:      -75.63477        0.00000        0.00000
wrapping first mol.:      -75.63477        0.00000        0.00000
wrapping first mol.:      -75.76349        0.00000        0.00000
wrapping first mol.:      -75.76349        0.00000        0.00000
wrapping first mol.:      -75.69541        0.00000        0.00000
wrapping first mol.:      -75.69541        0.00000        0.00000

 NSTEP =  4600000   TIME(PS) =   10900.000  TEMP(K) =   299.80  PRESS =     0.0
 Etot   =   -117063.3758  EKtot   =     20492.5664  EPtot      =   -137555.9422
 BOND   =       570.5297  ANGLE   =      1536.2976  DIHED      =       968.2935
 UB     =         0.0000  IMP     =         0.0000  CMAP       =       146.2438
 1-4 NB =       633.5287  1-4 EEL =      5830.6996  VDWAALS    =     16184.9931
 EELEC  =   -163426.5282  EHBOND  =         0.0000  RESTRAINT  =         0.0000
 EKCMT  =         0.0000  VIRIAL  =         0.0000  VOLUME     =    333877.2310
                                                    Density    =         1.0311
 ------------------------------------------------------------------------------

wrapping first mol.:      -75.68608        0.00000        0.00000
wrapping first mol.:      -75.68608        0.00000        0.00000
wrapping first mol.:      -75.65918        0.00000        0.00000
wrapping first mol.:      -75.65918        0.00000        0.00000
wrapping first mol.:      -75.58428        0.00000        0.00000
wrapping first mol.:      -75.58428        0.00000        0.00000
wrapping first mol.:      -75.69308        0.00000        0.00000
wrapping first mol.:      -75.69308        0.00000        0.00000
wrapping first mol.:      -75.72926        0.00000        0.00000
wrapping first mol.:      -75.72926        0.00000        0.00000

 NSTEP =  4625000   TIME(PS) =   10950.000  TEMP(K) =   298.73  PRESS =     0.0
 Etot   =   -117108.8939  EKtot   =     20419.8223  EPtot      =   -137528.7161
 BOND   =       535.7319  ANGLE   =      1524.3913  DIHED      =      1027.1647
 UB     =         0.0000  IMP     =         0.0000  CMAP       =       137.0940
 1-4 NB =       667.4990  1-4 EEL =      5927.4759  VDWAALS    =     16698.6924
 EELEC  =   -164046.7654  EHBOND  =         0.0000  RESTRAINT  =         0.0000
 EKCMT  =         0.0000  VIRIAL  =         0.0000  VOLUME     =    334325.2866
                                                    Density    =         1.0297
 ------------------------------------------------------------------------------

wrapping first mol.:      -75.72288        0.00000        0.00000
wrapping first mol.:      -75.72288        0.00000        0.00000
wrapping first mol.:      -75.59260        0.00000        0.00000
wrapping first mol.:      -75.59260        0.00000        0.00000
wrapping first mol.:      -75.59798        0.00000        0.00000
wrapping first mol.:      -75.59798        0.00000        0.00000
wrapping first mol.:      -75.56240        0.00000        0.00000
wrapping first mol.:      -75.56240        0.00000        0.00000
wrapping first mol.:      -75.59775        0.00000        0.00000
wrapping first mol.:      -75.59775        0.00000        0.00000

 NSTEP =  4650000   TIME(PS) =   11000.000  TEMP(K) =   299.82  PRESS =     0.0
 Etot   =   -117044.0527  EKtot   =     20494.0137  EPtot      =   -137538.0664
 BOND   =       551.1468  ANGLE   =      1539.2537  DIHED      =       975.7883
 UB     =         0.0000  IMP     =         0.0000  CMAP       =       151.5145
 1-4 NB =       645.4414  1-4 EEL =      5862.3043  VDWAALS    =     16327.1704
 EELEC  =   -163590.6857  EHBOND  =         0.0000  RESTRAINT  =         0.0000
 EKCMT  =         0.0000  VIRIAL  =         0.0000  VOLUME     =    332586.6200
                                                    Density    =         1.0351
 ------------------------------------------------------------------------------

wrapping first mol.:      -75.70391        0.00000        0.00000
wrapping first mol.:      -75.70391        0.00000        0.00000
wrapping first mol.:      -75.79908        0.00000        0.00000
wrapping first mol.:      -75.79908        0.00000        0.00000
wrapping first mol.:      -75.59113        0.00000        0.00000
wrapping first mol.:      -75.59113        0.00000        0.00000
wrapping first mol.:      -75.65491        0.00000        0.00000
wrapping first mol.:      -75.65491        0.00000        0.00000
wrapping first mol.:      -75.64269        0.00000        0.00000
wrapping first mol.:      -75.64269        0.00000        0.00000

 NSTEP =  4675000   TIME(PS) =   11050.000  TEMP(K) =   298.85  PRESS =     0.0
 Etot   =   -116974.7368  EKtot   =     20428.0039  EPtot      =   -137402.7407
 BOND   =       581.7344  ANGLE   =      1509.9659  DIHED      =      1001.0855
 UB     =         0.0000  IMP     =         0.0000  CMAP       =       150.7803
 1-4 NB =       640.3617  1-4 EEL =      5829.5249  VDWAALS    =     16392.5408
 EELEC  =   -163508.7343  EHBOND  =         0.0000  RESTRAINT  =         0.0000
 EKCMT  =         0.0000  VIRIAL  =         0.0000  VOLUME     =    333180.0525
                                                    Density    =         1.0333
 ------------------------------------------------------------------------------

wrapping first mol.:      -75.70041        0.00000        0.00000
wrapping first mol.:      -75.70041        0.00000        0.00000
wrapping first mol.:      -75.66356        0.00000        0.00000
wrapping first mol.:      -75.66356        0.00000        0.00000
wrapping first mol.:      -75.69074        0.00000        0.00000
wrapping first mol.:      -75.69074        0.00000        0.00000
wrapping first mol.:      -75.67623        0.00000        0.00000
wrapping first mol.:      -75.67623        0.00000        0.00000
wrapping first mol.:      -75.64382        0.00000        0.00000
wrapping first mol.:      -75.64382        0.00000        0.00000

 NSTEP =  4700000   TIME(PS) =   11100.000  TEMP(K) =   300.72  PRESS =     0.0
 Etot   =   -116864.0407  EKtot   =     20555.8242  EPtot      =   -137419.8649
 BOND   =       572.0534  ANGLE   =      1512.3032  DIHED      =      1014.7433
 UB     =         0.0000  IMP     =         0.0000  CMAP       =       145.9810
 1-4 NB =       640.2484  1-4 EEL =      5832.1144  VDWAALS    =     16282.4237
 EELEC  =   -163419.7324  EHBOND  =         0.0000  RESTRAINT  =         0.0000
 EKCMT  =         0.0000  VIRIAL  =         0.0000  VOLUME     =    333195.0700
                                                    Density    =         1.0332
 ------------------------------------------------------------------------------

wrapping first mol.:      -75.71039        0.00000        0.00000
wrapping first mol.:      -75.71039        0.00000        0.00000
wrapping first mol.:      -75.66241        0.00000        0.00000
wrapping first mol.:      -75.66241        0.00000        0.00000
wrapping first mol.:      -75.72360        0.00000        0.00000
wrapping first mol.:      -75.72360        0.00000        0.00000
wrapping first mol.:      -75.74697        0.00000        0.00000
wrapping first mol.:      -75.74697        0.00000        0.00000
wrapping first mol.:      -75.64134        0.00000        0.00000
wrapping first mol.:      -75.64134        0.00000        0.00000

 NSTEP =  4725000   TIME(PS) =   11150.000  TEMP(K) =   297.51  PRESS =     0.0
 Etot   =   -116960.3779  EKtot   =     20336.3984  EPtot      =   -137296.7764
 BOND   =       595.2143  ANGLE   =      1545.1851  DIHED      =      1005.5560
 UB     =         0.0000  IMP     =         0.0000  CMAP       =       150.9705
 1-4 NB =       634.4171  1-4 EEL =      5836.1076  VDWAALS    =     16076.9199
 EELEC  =   -163141.1469  EHBOND  =         0.0000  RESTRAINT  =         0.0000
 EKCMT  =         0.0000  VIRIAL  =         0.0000  VOLUME     =    333162.2251
                                                    Density    =         1.0333
 ------------------------------------------------------------------------------

wrapping first mol.:      -75.54547        0.00000        0.00000
wrapping first mol.:      -75.54547        0.00000        0.00000
wrapping first mol.:      -75.59052        0.00000        0.00000
wrapping first mol.:      -75.59052        0.00000        0.00000
wrapping first mol.:      -75.64841        0.00000        0.00000
wrapping first mol.:      -75.64841        0.00000        0.00000
wrapping first mol.:      -75.65312        0.00000        0.00000
wrapping first mol.:      -75.65312        0.00000        0.00000
wrapping first mol.:      -75.66775        0.00000        0.00000
wrapping first mol.:      -75.66775        0.00000        0.00000

 NSTEP =  4750000   TIME(PS) =   11200.000  TEMP(K) =   298.24  PRESS =     0.0
 Etot   =   -117131.9179  EKtot   =     20385.8867  EPtot      =   -137517.8046
 BOND   =       591.0780  ANGLE   =      1539.3927  DIHED      =       964.1864
 UB     =         0.0000  IMP     =         0.0000  CMAP       =       147.0694
 1-4 NB =       641.5890  1-4 EEL =      5784.2293  VDWAALS    =     16505.6217
 EELEC  =   -163690.9711  EHBOND  =         0.0000  RESTRAINT  =         0.0000
 EKCMT  =         0.0000  VIRIAL  =         0.0000  VOLUME     =    333511.3103
                                                    Density    =         1.0322
 ------------------------------------------------------------------------------

wrapping first mol.:      -75.58669        0.00000        0.00000
wrapping first mol.:      -75.58669        0.00000        0.00000
wrapping first mol.:      -75.73893        0.00000        0.00000
wrapping first mol.:      -75.73893        0.00000        0.00000
wrapping first mol.:      -75.72321        0.00000        0.00000
wrapping first mol.:      -75.72321        0.00000        0.00000
wrapping first mol.:      -75.60020        0.00000        0.00000
wrapping first mol.:      -75.60020        0.00000        0.00000
wrapping first mol.:      -75.52397        0.00000        0.00000
wrapping first mol.:      -75.52397        0.00000        0.00000

 NSTEP =  4775000   TIME(PS) =   11250.000  TEMP(K) =   297.95  PRESS =     0.0
 Etot   =   -117213.1671  EKtot   =     20366.1680  EPtot      =   -137579.3351
 BOND   =       557.1919  ANGLE   =      1527.2842  DIHED      =       994.3844
 UB     =         0.0000  IMP     =         0.0000  CMAP       =       158.2386
 1-4 NB =       644.1820  1-4 EEL =      5899.8627  VDWAALS    =     16037.1830
 EELEC  =   -163397.6621  EHBOND  =         0.0000  RESTRAINT  =         0.0000
 EKCMT  =         0.0000  VIRIAL  =         0.0000  VOLUME     =    331613.8361
                                                    Density    =         1.0381
 ------------------------------------------------------------------------------

wrapping first mol.:      -75.68410        0.00000        0.00000
wrapping first mol.:      -75.68410        0.00000        0.00000
wrapping first mol.:      -75.73515        0.00000        0.00000
wrapping first mol.:      -75.73515        0.00000        0.00000
wrapping first mol.:      -75.69371        0.00000        0.00000
wrapping first mol.:      -75.69371        0.00000        0.00000
wrapping first mol.:      -75.72380        0.00000        0.00000
wrapping first mol.:      -75.72380        0.00000        0.00000
wrapping first mol.:      -75.67582        0.00000        0.00000
wrapping first mol.:      -75.67582        0.00000        0.00000

 NSTEP =  4800000   TIME(PS) =   11300.000  TEMP(K) =   300.11  PRESS =     0.0
 Etot   =   -116741.0434  EKtot   =     20513.7383  EPtot      =   -137254.7817
 BOND   =       541.4448  ANGLE   =      1543.7104  DIHED      =       986.1897
 UB     =         0.0000  IMP     =         0.0000  CMAP       =       141.4277
 1-4 NB =       656.6626  1-4 EEL =      5824.7297  VDWAALS    =     16124.8510
 EELEC  =   -163073.7975  EHBOND  =         0.0000  RESTRAINT  =         0.0000
 EKCMT  =         0.0000  VIRIAL  =         0.0000  VOLUME     =    333617.9958
                                                    Density    =         1.0319
 ------------------------------------------------------------------------------

wrapping first mol.:      -75.68209        0.00000        0.00000
wrapping first mol.:      -75.68209        0.00000        0.00000
wrapping first mol.:      -75.69528        0.00000        0.00000
wrapping first mol.:      -75.69528        0.00000        0.00000
wrapping first mol.:      -75.66453        0.00000        0.00000
wrapping first mol.:      -75.66453        0.00000        0.00000
wrapping first mol.:      -75.71321        0.00000        0.00000
wrapping first mol.:      -75.71321        0.00000        0.00000
wrapping first mol.:      -75.67750        0.00000        0.00000
wrapping first mol.:      -75.67750        0.00000        0.00000

 NSTEP =  4825000   TIME(PS) =   11350.000  TEMP(K) =   300.91  PRESS =     0.0
 Etot   =   -116864.2153  EKtot   =     20568.3066  EPtot      =   -137432.5220
 BOND   =       580.8374  ANGLE   =      1557.8630  DIHED      =       984.0418
 UB     =         0.0000  IMP     =         0.0000  CMAP       =       137.4653
 1-4 NB =       661.8363  1-4 EEL =      5775.8147  VDWAALS    =     16092.6717
 EELEC  =   -163223.0522  EHBOND  =         0.0000  RESTRAINT  =         0.0000
 EKCMT  =         0.0000  VIRIAL  =         0.0000  VOLUME     =    333640.2761
                                                    Density    =         1.0318
 ------------------------------------------------------------------------------

wrapping first mol.:      -75.66687        0.00000        0.00000
wrapping first mol.:      -75.66687        0.00000        0.00000
wrapping first mol.:      -75.63168        0.00000        0.00000
wrapping first mol.:      -75.63168        0.00000        0.00000
wrapping first mol.:      -75.68948        0.00000        0.00000
wrapping first mol.:      -75.68948        0.00000        0.00000
wrapping first mol.:      -75.63991        0.00000        0.00000
wrapping first mol.:      -75.63991        0.00000        0.00000
wrapping first mol.:      -75.69772        0.00000        0.00000
wrapping first mol.:      -75.69772        0.00000        0.00000

 NSTEP =  4850000   TIME(PS) =   11400.000  TEMP(K) =   301.75  PRESS =     0.0
 Etot   =   -116637.6256  EKtot   =     20625.7656  EPtot      =   -137263.3912
 BOND   =       562.6715  ANGLE   =      1580.5155  DIHED      =      1000.2295
 UB     =         0.0000  IMP     =         0.0000  CMAP       =       152.6568
 1-4 NB =       661.0997  1-4 EEL =      5797.0408  VDWAALS    =     16464.1810
 EELEC  =   -163481.7859  EHBOND  =         0.0000  RESTRAINT  =         0.0000
 EKCMT  =         0.0000  VIRIAL  =         0.0000  VOLUME     =    333907.7350
                                                    Density    =         1.0310
 ------------------------------------------------------------------------------

wrapping first mol.:      -75.66857        0.00000        0.00000
wrapping first mol.:      -75.66857        0.00000        0.00000
wrapping first mol.:      -75.69519        0.00000        0.00000
wrapping first mol.:      -75.69519        0.00000        0.00000
wrapping first mol.:      -75.60831        0.00000        0.00000
wrapping first mol.:      -75.60831        0.00000        0.00000
wrapping first mol.:      -75.67286        0.00000        0.00000
wrapping first mol.:      -75.67286        0.00000        0.00000
wrapping first mol.:      -75.66919        0.00000        0.00000
wrapping first mol.:      -75.66919        0.00000        0.00000

 NSTEP =  4875000   TIME(PS) =   11450.000  TEMP(K) =   298.21  PRESS =     0.0
 Etot   =   -117250.3034  EKtot   =     20384.1113  EPtot      =   -137634.4147
 BOND   =       596.1130  ANGLE   =      1479.6713  DIHED      =       992.7304
 UB     =         0.0000  IMP     =         0.0000  CMAP       =       149.6094
 1-4 NB =       632.8525  1-4 EEL =      5814.0307  VDWAALS    =     16609.9799
 EELEC  =   -163909.4019  EHBOND  =         0.0000  RESTRAINT  =         0.0000
 EKCMT  =         0.0000  VIRIAL  =         0.0000  VOLUME     =    333530.4035
                                                    Density    =         1.0322
 ------------------------------------------------------------------------------

wrapping first mol.:      -75.65887        0.00000        0.00000
wrapping first mol.:      -75.65887        0.00000        0.00000
wrapping first mol.:      -75.63098        0.00000        0.00000
wrapping first mol.:      -75.63098        0.00000        0.00000
wrapping first mol.:      -75.65833        0.00000        0.00000
wrapping first mol.:      -75.65833        0.00000        0.00000
wrapping first mol.:      -75.76280        0.00000        0.00000
wrapping first mol.:      -75.76280        0.00000        0.00000
wrapping first mol.:      -75.68605        0.00000        0.00000
wrapping first mol.:      -75.68605        0.00000        0.00000

 NSTEP =  4900000   TIME(PS) =   11500.000  TEMP(K) =   300.91  PRESS =     0.0
 Etot   =   -116938.8179  EKtot   =     20568.5645  EPtot      =   -137507.3824
 BOND   =       591.2609  ANGLE   =      1554.1733  DIHED      =       992.9402
 UB     =         0.0000  IMP     =         0.0000  CMAP       =       135.2668
 1-4 NB =       650.5724  1-4 EEL =      5878.4584  VDWAALS    =     16302.3865
 EELEC  =   -163612.4409  EHBOND  =         0.0000  RESTRAINT  =         0.0000
 EKCMT  =         0.0000  VIRIAL  =         0.0000  VOLUME     =    333753.3888
                                                    Density    =         1.0315
 ------------------------------------------------------------------------------

wrapping first mol.:      -75.62525        0.00000        0.00000
wrapping first mol.:      -75.62525        0.00000        0.00000
wrapping first mol.:      -75.73147        0.00000        0.00000
wrapping first mol.:      -75.73147        0.00000        0.00000
wrapping first mol.:      -75.70224        0.00000        0.00000
wrapping first mol.:      -75.70224        0.00000        0.00000
wrapping first mol.:      -75.57324        0.00000        0.00000
wrapping first mol.:      -75.57324        0.00000        0.00000
wrapping first mol.:      -75.74755        0.00000        0.00000
wrapping first mol.:      -75.74755        0.00000        0.00000

 NSTEP =  4925000   TIME(PS) =   11550.000  TEMP(K) =   299.96  PRESS =     0.0
 Etot   =   -116964.5355  EKtot   =     20503.2539  EPtot      =   -137467.7894
 BOND   =       559.6623  ANGLE   =      1492.0554  DIHED      =      1018.4314
 UB     =         0.0000  IMP     =         0.0000  CMAP       =       150.4672
 1-4 NB =       661.9541  1-4 EEL =      5826.4054  VDWAALS    =     15898.9573
 EELEC  =   -163075.7224  EHBOND  =         0.0000  RESTRAINT  =         0.0000
 EKCMT  =         0.0000  VIRIAL  =         0.0000  VOLUME     =    334567.6760
                                                    Density    =         1.0290
 ------------------------------------------------------------------------------

wrapping first mol.:      -75.72404        0.00000        0.00000
wrapping first mol.:      -75.72404        0.00000        0.00000
wrapping first mol.:      -75.54325        0.00000        0.00000
wrapping first mol.:      -75.54325        0.00000        0.00000
wrapping first mol.:      -75.68891        0.00000        0.00000
wrapping first mol.:      -75.68891        0.00000        0.00000
wrapping first mol.:      -75.70178        0.00000        0.00000
wrapping first mol.:      -75.70178        0.00000        0.00000
wrapping first mol.:      -75.72512        0.00000        0.00000
wrapping first mol.:      -75.72512        0.00000        0.00000

 NSTEP =  4950000   TIME(PS) =   11600.000  TEMP(K) =   301.15  PRESS =     0.0
 Etot   =   -116752.1916  EKtot   =     20585.1270  EPtot      =   -137337.3185
 BOND   =       529.8308  ANGLE   =      1537.5871  DIHED      =       990.0531
 UB     =         0.0000  IMP     =         0.0000  CMAP       =       153.4898
 1-4 NB =       662.9189  1-4 EEL =      5834.2200  VDWAALS    =     16342.8778
 EELEC  =   -163388.2961  EHBOND  =         0.0000  RESTRAINT  =         0.0000
 EKCMT  =         0.0000  VIRIAL  =         0.0000  VOLUME     =    334270.5365
                                                    Density    =         1.0299
 ------------------------------------------------------------------------------

wrapping first mol.:      -75.70014        0.00000        0.00000
wrapping first mol.:      -75.70014        0.00000        0.00000
wrapping first mol.:      -75.67052        0.00000        0.00000
wrapping first mol.:      -75.67052        0.00000        0.00000
wrapping first mol.:      -75.65601        0.00000        0.00000
wrapping first mol.:      -75.65601        0.00000        0.00000
wrapping first mol.:      -75.68523        0.00000        0.00000
wrapping first mol.:      -75.68523        0.00000        0.00000
wrapping first mol.:      -75.69027        0.00000        0.00000
wrapping first mol.:      -75.69027        0.00000        0.00000

 NSTEP =  4975000   TIME(PS) =   11650.000  TEMP(K) =   300.58  PRESS =     0.0
 Etot   =   -116988.0213  EKtot   =     20545.7422  EPtot      =   -137533.7635
 BOND   =       560.5957  ANGLE   =      1524.8338  DIHED      =      1014.0359
 UB     =         0.0000  IMP     =         0.0000  CMAP       =       147.0878
 1-4 NB =       642.1766  1-4 EEL =      5884.6575  VDWAALS    =     16546.8628
 EELEC  =   -163854.0135  EHBOND  =         0.0000  RESTRAINT  =         0.0000
 EKCMT  =         0.0000  VIRIAL  =         0.0000  VOLUME     =    333809.2004
                                                    Density    =         1.0313
 ------------------------------------------------------------------------------

wrapping first mol.:      -75.72836        0.00000        0.00000
wrapping first mol.:      -75.72836        0.00000        0.00000
wrapping first mol.:      -75.68494        0.00000        0.00000
wrapping first mol.:      -75.68494        0.00000        0.00000
wrapping first mol.:      -75.71793        0.00000        0.00000
wrapping first mol.:      -75.71793        0.00000        0.00000
wrapping first mol.:      -75.74646        0.00000        0.00000
wrapping first mol.:      -75.74646        0.00000        0.00000
wrapping first mol.:      -75.72012        0.00000        0.00000
wrapping first mol.:      -75.72012        0.00000        0.00000

 NSTEP =  5000000   TIME(PS) =   11700.000  TEMP(K) =   297.93  PRESS =     0.0
 Etot   =   -117181.3240  EKtot   =     20364.9590  EPtot      =   -137546.2830
 BOND   =       523.9266  ANGLE   =      1568.5134  DIHED      =      1000.3769
 UB     =         0.0000  IMP     =         0.0000  CMAP       =       147.3309
 1-4 NB =       632.6806  1-4 EEL =      5825.5435  VDWAALS    =     16610.7089
 EELEC  =   -163855.3638  EHBOND  =         0.0000  RESTRAINT  =         0.0000
 EKCMT  =         0.0000  VIRIAL  =         0.0000  VOLUME     =    334204.2909
                                                    Density    =         1.0301
 ------------------------------------------------------------------------------

wrapping first mol.:      -75.65497        0.00000        0.00000
wrapping first mol.:      -75.65497        0.00000        0.00000
wrapping first mol.:      -75.67580        0.00000        0.00000
wrapping first mol.:      -75.67580        0.00000        0.00000
wrapping first mol.:      -75.70032        0.00000        0.00000
wrapping first mol.:      -75.70032        0.00000        0.00000
wrapping first mol.:      -75.61266        0.00000        0.00000
wrapping first mol.:      -75.61266        0.00000        0.00000
wrapping first mol.:      -75.73989        0.00000        0.00000
wrapping first mol.:      -75.73989        0.00000        0.00000

 NSTEP =  5025000   TIME(PS) =   11750.000  TEMP(K) =   297.19  PRESS =     0.0
 Etot   =   -117178.3483  EKtot   =     20314.1992  EPtot      =   -137492.5475
 BOND   =       570.0759  ANGLE   =      1492.7109  DIHED      =      1005.4160
 UB     =         0.0000  IMP     =         0.0000  CMAP       =       138.4164
 1-4 NB =       668.3280  1-4 EEL =      5856.3522  VDWAALS    =     16480.1667
 EELEC  =   -163704.0135  EHBOND  =         0.0000  RESTRAINT  =         0.0000
 EKCMT  =         0.0000  VIRIAL  =         0.0000  VOLUME     =    334466.0825
                                                    Density    =         1.0293
 ------------------------------------------------------------------------------

wrapping first mol.:      -75.71511        0.00000        0.00000
wrapping first mol.:      -75.71511        0.00000        0.00000
wrapping first mol.:      -75.65732        0.00000        0.00000
wrapping first mol.:      -75.65732        0.00000        0.00000
wrapping first mol.:      -75.69540        0.00000        0.00000
wrapping first mol.:      -75.69540        0.00000        0.00000
wrapping first mol.:      -75.69742        0.00000        0.00000
wrapping first mol.:      -75.69742        0.00000        0.00000
wrapping first mol.:      -75.66992        0.00000        0.00000
wrapping first mol.:      -75.66992        0.00000        0.00000

 NSTEP =  5050000   TIME(PS) =   11800.000  TEMP(K) =   297.17  PRESS =     0.0
 Etot   =   -117200.2219  EKtot   =     20312.7422  EPtot      =   -137512.9641
 BOND   =       571.5704  ANGLE   =      1505.4087  DIHED      =       982.4262
 UB     =         0.0000  IMP     =         0.0000  CMAP       =       146.2887
 1-4 NB =       639.1605  1-4 EEL =      5861.8417  VDWAALS    =     16095.2214
 EELEC  =   -163314.8817  EHBOND  =         0.0000  RESTRAINT  =         0.0000
 EKCMT  =         0.0000  VIRIAL  =         0.0000  VOLUME     =    333539.9882
                                                    Density    =         1.0321
 ------------------------------------------------------------------------------

wrapping first mol.:      -75.69208        0.00000        0.00000
wrapping first mol.:      -75.69208        0.00000        0.00000
wrapping first mol.:      -75.71726        0.00000        0.00000
wrapping first mol.:      -75.71726        0.00000        0.00000
wrapping first mol.:      -75.62841        0.00000        0.00000
wrapping first mol.:      -75.62841        0.00000        0.00000
wrapping first mol.:      -75.69378        0.00000        0.00000
wrapping first mol.:      -75.69378        0.00000        0.00000
wrapping first mol.:      -75.69164        0.00000        0.00000
wrapping first mol.:      -75.69164        0.00000        0.00000

 NSTEP =  5075000   TIME(PS) =   11850.000  TEMP(K) =   299.52  PRESS =     0.0
 Etot   =   -116804.7173  EKtot   =     20473.3516  EPtot      =   -137278.0689
 BOND   =       627.0607  ANGLE   =      1476.6264  DIHED      =      1005.8364
 UB     =         0.0000  IMP     =         0.0000  CMAP       =       137.9300
 1-4 NB =       622.9859  1-4 EEL =      5837.7120  VDWAALS    =     16287.4519
 EELEC  =   -163273.6720  EHBOND  =         0.0000  RESTRAINT  =         0.0000
 EKCMT  =         0.0000  VIRIAL  =         0.0000  VOLUME     =    333827.3223
                                                    Density    =         1.0313
 ------------------------------------------------------------------------------

wrapping first mol.:      -75.65343        0.00000        0.00000
wrapping first mol.:      -75.65343        0.00000        0.00000
wrapping first mol.:      -75.70002        0.00000        0.00000
wrapping first mol.:      -75.70002        0.00000        0.00000
wrapping first mol.:      -75.68031        0.00000        0.00000
wrapping first mol.:      -75.68031        0.00000        0.00000
wrapping first mol.:      -75.68723        0.00000        0.00000
wrapping first mol.:      -75.68723        0.00000        0.00000
wrapping first mol.:      -75.63144        0.00000        0.00000
wrapping first mol.:      -75.63144        0.00000        0.00000

 NSTEP =  5100000   TIME(PS) =   11900.000  TEMP(K) =   300.94  PRESS =     0.0
 Etot   =   -116921.1365  EKtot   =     20570.6445  EPtot      =   -137491.7810
 BOND   =       568.0378  ANGLE   =      1496.1840  DIHED      =       997.1062
 UB     =         0.0000  IMP     =         0.0000  CMAP       =       143.5270
 1-4 NB =       645.5477  1-4 EEL =      5951.6879  VDWAALS    =     16059.9181
 EELEC  =   -163353.7897  EHBOND  =         0.0000  RESTRAINT  =         0.0000
 EKCMT  =         0.0000  VIRIAL  =         0.0000  VOLUME     =    333031.3926
                                                    Density    =         1.0337
 ------------------------------------------------------------------------------

wrapping first mol.:      -75.71162        0.00000        0.00000
wrapping first mol.:      -75.71162        0.00000        0.00000
wrapping first mol.:      -75.66079        0.00000        0.00000
wrapping first mol.:      -75.66079        0.00000        0.00000
wrapping first mol.:      -75.69108        0.00000        0.00000
wrapping first mol.:      -75.69108        0.00000        0.00000
wrapping first mol.:      -75.69075        0.00000        0.00000
wrapping first mol.:      -75.69075        0.00000        0.00000
wrapping first mol.:      -75.64468        0.00000        0.00000
wrapping first mol.:      -75.64468        0.00000        0.00000

 NSTEP =  5125000   TIME(PS) =   11950.000  TEMP(K) =   296.81  PRESS =     0.0
 Etot   =   -117432.9819  EKtot   =     20288.4102  EPtot      =   -137721.3921
 BOND   =       594.6658  ANGLE   =      1560.5843  DIHED      =       985.8609
 UB     =         0.0000  IMP     =         0.0000  CMAP       =       155.7918
 1-4 NB =       648.2411  1-4 EEL =      5848.5513  VDWAALS    =     16351.7622
 EELEC  =   -163866.8494  EHBOND  =         0.0000  RESTRAINT  =         0.0000
 EKCMT  =         0.0000  VIRIAL  =         0.0000  VOLUME     =    333206.3198
                                                    Density    =         1.0332
 ------------------------------------------------------------------------------

wrapping first mol.:      -75.60270        0.00000        0.00000
wrapping first mol.:      -75.60270        0.00000        0.00000
wrapping first mol.:      -75.64482        0.00000        0.00000
wrapping first mol.:      -75.64482        0.00000        0.00000
wrapping first mol.:      -75.71178        0.00000        0.00000
wrapping first mol.:      -75.71178        0.00000        0.00000
wrapping first mol.:      -75.70656        0.00000        0.00000
wrapping first mol.:      -75.70656        0.00000        0.00000
wrapping first mol.:      -75.74910        0.00000        0.00000
wrapping first mol.:      -75.74910        0.00000        0.00000

 NSTEP =  5150000   TIME(PS) =   12000.000  TEMP(K) =   300.38  PRESS =     0.0
 Etot   =   -116860.7580  EKtot   =     20532.0801  EPtot      =   -137392.8381
 BOND   =       547.5996  ANGLE   =      1501.1193  DIHED      =       980.1083
 UB     =         0.0000  IMP     =         0.0000  CMAP       =       158.2332
 1-4 NB =       631.1429  1-4 EEL =      5887.1740  VDWAALS    =     16205.4304
 EELEC  =   -163303.6458  EHBOND  =         0.0000  RESTRAINT  =         0.0000
 EKCMT  =         0.0000  VIRIAL  =         0.0000  VOLUME     =    334588.1763
                                                    Density    =         1.0289
 ------------------------------------------------------------------------------

wrapping first mol.:      -75.70546        0.00000        0.00000
wrapping first mol.:      -75.70546        0.00000        0.00000
wrapping first mol.:      -75.74909        0.00000        0.00000
wrapping first mol.:      -75.74909        0.00000        0.00000
wrapping first mol.:      -75.67713        0.00000        0.00000
wrapping first mol.:      -75.67713        0.00000        0.00000
wrapping first mol.:      -75.76626        0.00000        0.00000
wrapping first mol.:      -75.76626        0.00000        0.00000
wrapping first mol.:      -75.71648        0.00000        0.00000
wrapping first mol.:      -75.71648        0.00000        0.00000

 NSTEP =  5175000   TIME(PS) =   12050.000  TEMP(K) =   298.80  PRESS =     0.0
 Etot   =   -117221.0246  EKtot   =     20424.5020  EPtot      =   -137645.5266
 BOND   =       616.0156  ANGLE   =      1500.2967  DIHED      =       997.9816
 UB     =         0.0000  IMP     =         0.0000  CMAP       =       142.1563
 1-4 NB =       635.5063  1-4 EEL =      5852.9416  VDWAALS    =     16616.7048
 EELEC  =   -164007.1294  EHBOND  =         0.0000  RESTRAINT  =         0.0000
 EKCMT  =         0.0000  VIRIAL  =         0.0000  VOLUME     =    334156.0773
                                                    Density    =         1.0302
 ------------------------------------------------------------------------------

wrapping first mol.:      -75.67282        0.00000        0.00000
wrapping first mol.:      -75.67282        0.00000        0.00000
wrapping first mol.:      -75.67637        0.00000        0.00000
wrapping first mol.:      -75.67637        0.00000        0.00000
wrapping first mol.:      -75.66211        0.00000        0.00000
wrapping first mol.:      -75.66211        0.00000        0.00000
wrapping first mol.:      -75.64690        0.00000        0.00000
wrapping first mol.:      -75.64690        0.00000        0.00000
wrapping first mol.:      -75.76557        0.00000        0.00000
wrapping first mol.:      -75.76557        0.00000        0.00000

 NSTEP =  5200000   TIME(PS) =   12100.000  TEMP(K) =   300.58  PRESS =     0.0
 Etot   =   -116756.1089  EKtot   =     20545.8965  EPtot      =   -137302.0054
 BOND   =       564.4878  ANGLE   =      1547.9584  DIHED      =      1017.9919
 UB     =         0.0000  IMP     =         0.0000  CMAP       =       149.9455
 1-4 NB =       637.9868  1-4 EEL =      5854.7975  VDWAALS    =     16271.5958
 EELEC  =   -163346.7689  EHBOND  =         0.0000  RESTRAINT  =         0.0000
 EKCMT  =         0.0000  VIRIAL  =         0.0000  VOLUME     =    334806.4931
                                                    Density    =         1.0282
 ------------------------------------------------------------------------------

wrapping first mol.:      -75.63952        0.00000        0.00000
wrapping first mol.:      -75.63952        0.00000        0.00000
wrapping first mol.:      -75.73959        0.00000        0.00000
wrapping first mol.:      -75.73959        0.00000        0.00000
wrapping first mol.:      -75.70130        0.00000        0.00000
wrapping first mol.:      -75.70130        0.00000        0.00000
wrapping first mol.:      -75.71183        0.00000        0.00000
wrapping first mol.:      -75.71183        0.00000        0.00000
wrapping first mol.:      -75.71510        0.00000        0.00000
wrapping first mol.:      -75.71510        0.00000        0.00000

 NSTEP =  5225000   TIME(PS) =   12150.000  TEMP(K) =   298.46  PRESS =     0.0
 Etot   =   -117084.0710  EKtot   =     20401.2676  EPtot      =   -137485.3386
 BOND   =       586.6981  ANGLE   =      1555.1677  DIHED      =       978.4975
 UB     =         0.0000  IMP     =         0.0000  CMAP       =       158.3295
 1-4 NB =       635.2620  1-4 EEL =      5823.1886  VDWAALS    =     16665.8548
 EELEC  =   -163888.3368  EHBOND  =         0.0000  RESTRAINT  =         0.0000
 EKCMT  =         0.0000  VIRIAL  =         0.0000  VOLUME     =    334137.7717
                                                    Density    =         1.0303
 ------------------------------------------------------------------------------

wrapping first mol.:      -75.63539        0.00000        0.00000
wrapping first mol.:      -75.63539        0.00000        0.00000
wrapping first mol.:      -75.69453        0.00000        0.00000
wrapping first mol.:      -75.69453        0.00000        0.00000
wrapping first mol.:      -75.65885        0.00000        0.00000
wrapping first mol.:      -75.65885        0.00000        0.00000
wrapping first mol.:      -75.74199        0.00000        0.00000
wrapping first mol.:      -75.74199        0.00000        0.00000
wrapping first mol.:      -75.65803        0.00000        0.00000
wrapping first mol.:      -75.65803        0.00000        0.00000

 NSTEP =  5250000   TIME(PS) =   12200.000  TEMP(K) =   299.05  PRESS =     0.0
 Etot   =   -116898.6955  EKtot   =     20441.0898  EPtot      =   -137339.7853
 BOND   =       567.6712  ANGLE   =      1564.2487  DIHED      =       984.2162
 UB     =         0.0000  IMP     =         0.0000  CMAP       =       159.1548
 1-4 NB =       627.5099  1-4 EEL =      5820.4659  VDWAALS    =     16308.1776
 EELEC  =   -163371.2297  EHBOND  =         0.0000  RESTRAINT  =         0.0000
 EKCMT  =         0.0000  VIRIAL  =         0.0000  VOLUME     =    333382.8252
                                                    Density    =         1.0326
 ------------------------------------------------------------------------------

wrapping first mol.:      -75.51268        0.00000        0.00000
wrapping first mol.:      -75.51268        0.00000        0.00000
wrapping first mol.:      -75.62819        0.00000        0.00000
wrapping first mol.:      -75.62819        0.00000        0.00000
wrapping first mol.:      -75.67073        0.00000        0.00000
wrapping first mol.:      -75.67073        0.00000        0.00000
wrapping first mol.:      -75.67134        0.00000        0.00000
wrapping first mol.:      -75.67134        0.00000        0.00000
wrapping first mol.:      -75.58001        0.00000        0.00000
wrapping first mol.:      -75.58001        0.00000        0.00000

 NSTEP =  5275000   TIME(PS) =   12250.000  TEMP(K) =   301.86  PRESS =     0.0
 Etot   =   -116695.8764  EKtot   =     20633.6426  EPtot      =   -137329.5190
 BOND   =       561.9910  ANGLE   =      1551.1338  DIHED      =      1014.2942
 UB     =         0.0000  IMP     =         0.0000  CMAP       =       156.3526
 1-4 NB =       643.3091  1-4 EEL =      5821.9654  VDWAALS    =     16167.2805
 EELEC  =   -163245.8457  EHBOND  =         0.0000  RESTRAINT  =         0.0000
 EKCMT  =         0.0000  VIRIAL  =         0.0000  VOLUME     =    332352.5739
                                                    Density    =         1.0358
 ------------------------------------------------------------------------------

wrapping first mol.:      -75.67988        0.00000        0.00000
wrapping first mol.:      -75.67988        0.00000        0.00000
wrapping first mol.:      -75.59961        0.00000        0.00000
wrapping first mol.:      -75.59961        0.00000        0.00000
wrapping first mol.:      -75.71402        0.00000        0.00000
wrapping first mol.:      -75.71402        0.00000        0.00000
wrapping first mol.:      -75.68816        0.00000        0.00000
wrapping first mol.:      -75.68816        0.00000        0.00000
wrapping first mol.:      -75.73495        0.00000        0.00000
wrapping first mol.:      -75.73495        0.00000        0.00000

 NSTEP =  5300000   TIME(PS) =   12300.000  TEMP(K) =   298.15  PRESS =     0.0
 Etot   =   -117139.3313  EKtot   =     20379.8281  EPtot      =   -137519.1595
 BOND   =       580.4827  ANGLE   =      1517.7422  DIHED      =       992.2122
 UB     =         0.0000  IMP     =         0.0000  CMAP       =       150.9749
 1-4 NB =       647.8208  1-4 EEL =      5863.3158  VDWAALS    =     16413.4161
 EELEC  =   -163685.1242  EHBOND  =         0.0000  RESTRAINT  =         0.0000
 EKCMT  =         0.0000  VIRIAL  =         0.0000  VOLUME     =    334400.7371
                                                    Density    =         1.0295
 ------------------------------------------------------------------------------

wrapping first mol.:      -75.64761        0.00000        0.00000
wrapping first mol.:      -75.64761        0.00000        0.00000
wrapping first mol.:      -75.64045        0.00000        0.00000
wrapping first mol.:      -75.64045        0.00000        0.00000
wrapping first mol.:      -75.67218        0.00000        0.00000
wrapping first mol.:      -75.67218        0.00000        0.00000
wrapping first mol.:      -75.73964        0.00000        0.00000
wrapping first mol.:      -75.73964        0.00000        0.00000
wrapping first mol.:      -75.73508        0.00000        0.00000
wrapping first mol.:      -75.73508        0.00000        0.00000

 NSTEP =  5325000   TIME(PS) =   12350.000  TEMP(K) =   299.74  PRESS =     0.0
 Etot   =   -117067.8157  EKtot   =     20488.3789  EPtot      =   -137556.1946
 BOND   =       540.3268  ANGLE   =      1535.3448  DIHED      =       999.2922
 UB     =         0.0000  IMP     =         0.0000  CMAP       =       159.9330
 1-4 NB =       640.0495  1-4 EEL =      5841.7730  VDWAALS    =     16274.5060
 EELEC  =   -163547.4199  EHBOND  =         0.0000  RESTRAINT  =         0.0000
 EKCMT  =         0.0000  VIRIAL  =         0.0000  VOLUME     =    334402.4655
                                                    Density    =         1.0295
 ------------------------------------------------------------------------------

wrapping first mol.:      -75.69751        0.00000        0.00000
wrapping first mol.:      -75.69751        0.00000        0.00000
wrapping first mol.:      -75.69810        0.00000        0.00000
wrapping first mol.:      -75.69810        0.00000        0.00000
wrapping first mol.:      -75.61727        0.00000        0.00000
wrapping first mol.:      -75.61727        0.00000        0.00000
wrapping first mol.:      -75.66985        0.00000        0.00000
wrapping first mol.:      -75.66985        0.00000        0.00000
wrapping first mol.:      -75.67279        0.00000        0.00000
wrapping first mol.:      -75.67279        0.00000        0.00000

 NSTEP =  5350000   TIME(PS) =   12400.000  TEMP(K) =   303.93  PRESS =     0.0
 Etot   =   -116904.8318  EKtot   =     20775.2969  EPtot      =   -137680.1287
 BOND   =       561.6375  ANGLE   =      1448.0853  DIHED      =       977.3935
 UB     =         0.0000  IMP     =         0.0000  CMAP       =       148.4830
 1-4 NB =       661.2657  1-4 EEL =      5896.3677  VDWAALS    =     16608.2654
 EELEC  =   -163981.6268  EHBOND  =         0.0000  RESTRAINT  =         0.0000
 EKCMT  =         0.0000  VIRIAL  =         0.0000  VOLUME     =    333578.0360
                                                    Density    =         1.0320
 ------------------------------------------------------------------------------

wrapping first mol.:      -75.63324        0.00000        0.00000
wrapping first mol.:      -75.63324        0.00000        0.00000
wrapping first mol.:      -75.68062        0.00000        0.00000
wrapping first mol.:      -75.68062        0.00000        0.00000
wrapping first mol.:      -75.81093        0.00000        0.00000
wrapping first mol.:      -75.81093        0.00000        0.00000
wrapping first mol.:      -75.64427        0.00000        0.00000
wrapping first mol.:      -75.64427        0.00000        0.00000
wrapping first mol.:      -75.58969        0.00000        0.00000
wrapping first mol.:      -75.58969        0.00000        0.00000

 NSTEP =  5375000   TIME(PS) =   12450.000  TEMP(K) =   300.91  PRESS =     0.0
 Etot   =   -116900.9552  EKtot   =     20568.2773  EPtot      =   -137469.2325
 BOND   =       557.3319  ANGLE   =      1562.3868  DIHED      =       971.5660
 UB     =         0.0000  IMP     =         0.0000  CMAP       =       149.6710
 1-4 NB =       638.2100  1-4 EEL =      5765.9082  VDWAALS    =     16133.5719
 EELEC  =   -163247.8784  EHBOND  =         0.0000  RESTRAINT  =         0.0000
 EKCMT  =         0.0000  VIRIAL  =         0.0000  VOLUME     =    332480.2790
                                                    Density    =         1.0354
 ------------------------------------------------------------------------------

wrapping first mol.:      -75.72295        0.00000        0.00000
wrapping first mol.:      -75.72295        0.00000        0.00000
wrapping first mol.:      -75.75114        0.00000        0.00000
wrapping first mol.:      -75.75114        0.00000        0.00000
wrapping first mol.:      -75.78252        0.00000        0.00000
wrapping first mol.:      -75.78252        0.00000        0.00000
wrapping first mol.:      -75.73060        0.00000        0.00000
wrapping first mol.:      -75.73060        0.00000        0.00000
wrapping first mol.:      -75.71944        0.00000        0.00000
wrapping first mol.:      -75.71944        0.00000        0.00000

 NSTEP =  5400000   TIME(PS) =   12500.000  TEMP(K) =   304.06  PRESS =     0.0
 Etot   =   -116587.0435  EKtot   =     20784.0352  EPtot      =   -137371.0786
 BOND   =       573.4562  ANGLE   =      1529.3451  DIHED      =       996.7916
 UB     =         0.0000  IMP     =         0.0000  CMAP       =       145.3446
 1-4 NB =       645.6606  1-4 EEL =      5785.6070  VDWAALS    =     16225.1087
 EELEC  =   -163272.3924  EHBOND  =         0.0000  RESTRAINT  =         0.0000
 EKCMT  =         0.0000  VIRIAL  =         0.0000  VOLUME     =    334195.2607
                                                    Density    =         1.0301
 ------------------------------------------------------------------------------

wrapping first mol.:      -75.71480        0.00000        0.00000
wrapping first mol.:      -75.71480        0.00000        0.00000
wrapping first mol.:      -75.69966        0.00000        0.00000
wrapping first mol.:      -75.69966        0.00000        0.00000
wrapping first mol.:      -75.68505        0.00000        0.00000
wrapping first mol.:      -75.68505        0.00000        0.00000
wrapping first mol.:      -75.76394        0.00000        0.00000
wrapping first mol.:      -75.76394        0.00000        0.00000
wrapping first mol.:      -75.70461        0.00000        0.00000
wrapping first mol.:      -75.70461        0.00000        0.00000

 NSTEP =  5425000   TIME(PS) =   12550.000  TEMP(K) =   302.09  PRESS =     0.0
 Etot   =   -116701.9995  EKtot   =     20649.3730  EPtot      =   -137351.3725
 BOND   =       583.3369  ANGLE   =      1559.9643  DIHED      =       987.6075
 UB     =         0.0000  IMP     =         0.0000  CMAP       =       147.6254
 1-4 NB =       633.4236  1-4 EEL =      5878.3973  VDWAALS    =     16538.6499
 EELEC  =   -163680.3774  EHBOND  =         0.0000  RESTRAINT  =         0.0000
 EKCMT  =         0.0000  VIRIAL  =         0.0000  VOLUME     =    333999.0120
                                                    Density    =         1.0307
 ------------------------------------------------------------------------------

wrapping first mol.:      -75.60897        0.00000        0.00000
wrapping first mol.:      -75.60897        0.00000        0.00000
wrapping first mol.:      -75.79698        0.00000        0.00000
wrapping first mol.:      -75.79698        0.00000        0.00000
wrapping first mol.:      -75.75284        0.00000        0.00000
wrapping first mol.:      -75.75284        0.00000        0.00000
wrapping first mol.:      -75.70475        0.00000        0.00000
wrapping first mol.:      -75.70475        0.00000        0.00000
wrapping first mol.:      -75.64820        0.00000        0.00000
wrapping first mol.:      -75.64820        0.00000        0.00000

 NSTEP =  5450000   TIME(PS) =   12600.000  TEMP(K) =   304.04  PRESS =     0.0
 Etot   =   -116625.2972  EKtot   =     20782.6914  EPtot      =   -137407.9886
 BOND   =       560.4119  ANGLE   =      1457.7074  DIHED      =       994.2219
 UB     =         0.0000  IMP     =         0.0000  CMAP       =       150.2413
 1-4 NB =       650.3463  1-4 EEL =      5837.1075  VDWAALS    =     16439.3452
 EELEC  =   -163497.3701  EHBOND  =         0.0000  RESTRAINT  =         0.0000
 EKCMT  =         0.0000  VIRIAL  =         0.0000  VOLUME     =    333252.9230
                                                    Density    =         1.0330
 ------------------------------------------------------------------------------

wrapping first mol.:      -75.61931        0.00000        0.00000
wrapping first mol.:      -75.61931        0.00000        0.00000
wrapping first mol.:      -75.66790        0.00000        0.00000
wrapping first mol.:      -75.66790        0.00000        0.00000
wrapping first mol.:      -75.61858        0.00000        0.00000
wrapping first mol.:      -75.61858        0.00000        0.00000
wrapping first mol.:      -75.72132        0.00000        0.00000
wrapping first mol.:      -75.72132        0.00000        0.00000
wrapping first mol.:      -75.70777        0.00000        0.00000
wrapping first mol.:      -75.70777        0.00000        0.00000

 NSTEP =  5475000   TIME(PS) =   12650.000  TEMP(K) =   297.88  PRESS =     0.0
 Etot   =   -117088.1023  EKtot   =     20361.5645  EPtot      =   -137449.6667
 BOND   =       564.1570  ANGLE   =      1530.9318  DIHED      =       968.4869
 UB     =         0.0000  IMP     =         0.0000  CMAP       =       135.9879
 1-4 NB =       660.2409  1-4 EEL =      5877.1169  VDWAALS    =     16344.5518
 EELEC  =   -163531.1399  EHBOND  =         0.0000  RESTRAINT  =         0.0000
 EKCMT  =         0.0000  VIRIAL  =         0.0000  VOLUME     =    334040.8520
                                                    Density    =         1.0306
 ------------------------------------------------------------------------------

wrapping first mol.:      -75.70053        0.00000        0.00000
wrapping first mol.:      -75.70053        0.00000        0.00000
wrapping first mol.:      -75.81265        0.00000        0.00000
wrapping first mol.:      -75.81265        0.00000        0.00000
wrapping first mol.:      -75.66542        0.00000        0.00000
wrapping first mol.:      -75.66542        0.00000        0.00000
wrapping first mol.:      -75.69533        0.00000        0.00000
wrapping first mol.:      -75.69533        0.00000        0.00000
wrapping first mol.:      -75.74546        0.00000        0.00000
wrapping first mol.:      -75.74546        0.00000        0.00000

 NSTEP =  5500000   TIME(PS) =   12700.000  TEMP(K) =   297.44  PRESS =     0.0
 Etot   =   -117171.4190  EKtot   =     20331.6777  EPtot      =   -137503.0967
 BOND   =       550.8395  ANGLE   =      1540.3971  DIHED      =       988.2505
 UB     =         0.0000  IMP     =         0.0000  CMAP       =       131.9874
 1-4 NB =       650.3599  1-4 EEL =      5802.6027  VDWAALS    =     16459.6317
 EELEC  =   -163627.1654  EHBOND  =         0.0000  RESTRAINT  =         0.0000
 EKCMT  =         0.0000  VIRIAL  =         0.0000  VOLUME     =    334539.9050
                                                    Density    =         1.0291
 ------------------------------------------------------------------------------

wrapping first mol.:      -75.69630        0.00000        0.00000
wrapping first mol.:      -75.69630        0.00000        0.00000
wrapping first mol.:      -75.78280        0.00000        0.00000
wrapping first mol.:      -75.78280        0.00000        0.00000
wrapping first mol.:      -75.58118        0.00000        0.00000
wrapping first mol.:      -75.58118        0.00000        0.00000
wrapping first mol.:      -75.81731        0.00000        0.00000
wrapping first mol.:      -75.81731        0.00000        0.00000
wrapping first mol.:      -75.64302        0.00000        0.00000
wrapping first mol.:      -75.64302        0.00000        0.00000

 NSTEP =  5525000   TIME(PS) =   12750.000  TEMP(K) =   299.61  PRESS =     0.0
 Etot   =   -116807.8609  EKtot   =     20479.6133  EPtot      =   -137287.4742
 BOND   =       580.3533  ANGLE   =      1518.1149  DIHED      =      1009.0726
 UB     =         0.0000  IMP     =         0.0000  CMAP       =       155.0242
 1-4 NB =       628.7124  1-4 EEL =      5856.8796  VDWAALS    =     16461.7133
 EELEC  =   -163497.3444  EHBOND  =         0.0000  RESTRAINT  =         0.0000
 EKCMT  =         0.0000  VIRIAL  =         0.0000  VOLUME     =    333184.3937
                                                    Density    =         1.0332
 ------------------------------------------------------------------------------

wrapping first mol.:      -75.66972        0.00000        0.00000
wrapping first mol.:      -75.66972        0.00000        0.00000
wrapping first mol.:      -75.66102        0.00000        0.00000
wrapping first mol.:      -75.66102        0.00000        0.00000
wrapping first mol.:      -75.62238        0.00000        0.00000
wrapping first mol.:      -75.62238        0.00000        0.00000
wrapping first mol.:      -75.72675        0.00000        0.00000
wrapping first mol.:      -75.72675        0.00000        0.00000
wrapping first mol.:      -75.72209        0.00000        0.00000
wrapping first mol.:      -75.72209        0.00000        0.00000

 NSTEP =  5550000   TIME(PS) =   12800.000  TEMP(K) =   300.75  PRESS =     0.0
 Etot   =   -116919.9563  EKtot   =     20557.8242  EPtot      =   -137477.7806
 BOND   =       579.5020  ANGLE   =      1501.5114  DIHED      =      1012.1079
 UB     =         0.0000  IMP     =         0.0000  CMAP       =       148.3180
 1-4 NB =       639.2731  1-4 EEL =      5820.4196  VDWAALS    =     16261.1152
 EELEC  =   -163440.0277  EHBOND  =         0.0000  RESTRAINT  =         0.0000
 EKCMT  =         0.0000  VIRIAL  =         0.0000  VOLUME     =    334230.4236
                                                    Density    =         1.0300
 ------------------------------------------------------------------------------

wrapping first mol.:      -75.80105        0.00000        0.00000
wrapping first mol.:      -75.80105        0.00000        0.00000
wrapping first mol.:      -75.79839        0.00000        0.00000
wrapping first mol.:      -75.79839        0.00000        0.00000
wrapping first mol.:      -75.81557        0.00000        0.00000
wrapping first mol.:      -75.81557        0.00000        0.00000
wrapping first mol.:      -75.71535        0.00000        0.00000
wrapping first mol.:      -75.71535        0.00000        0.00000
wrapping first mol.:      -75.77726        0.00000        0.00000
wrapping first mol.:      -75.77726        0.00000        0.00000

 NSTEP =  5575000   TIME(PS) =   12850.000  TEMP(K) =   299.09  PRESS =     0.0
 Etot   =   -117186.5127  EKtot   =     20444.1602  EPtot      =   -137630.6729
 BOND   =       538.0301  ANGLE   =      1511.1849  DIHED      =       973.6171
 UB     =         0.0000  IMP     =         0.0000  CMAP       =       139.5779
 1-4 NB =       640.2631  1-4 EEL =      5890.9745  VDWAALS    =     16511.7234
 EELEC  =   -163836.0439  EHBOND  =         0.0000  RESTRAINT  =         0.0000
 EKCMT  =         0.0000  VIRIAL  =         0.0000  VOLUME     =    334961.4464
                                                    Density    =         1.0278
 ------------------------------------------------------------------------------

wrapping first mol.:      -75.72548        0.00000        0.00000
wrapping first mol.:      -75.72548        0.00000        0.00000
wrapping first mol.:      -75.73687        0.00000        0.00000
wrapping first mol.:      -75.73687        0.00000        0.00000
wrapping first mol.:      -75.59427        0.00000        0.00000
wrapping first mol.:      -75.59427        0.00000        0.00000
wrapping first mol.:      -75.59452        0.00000        0.00000
wrapping first mol.:      -75.59452        0.00000        0.00000
wrapping first mol.:      -75.80818        0.00000        0.00000
wrapping first mol.:      -75.80818        0.00000        0.00000

 NSTEP =  5600000   TIME(PS) =   12900.000  TEMP(K) =   301.63  PRESS =     0.0
 Etot   =   -116805.5311  EKtot   =     20617.7246  EPtot      =   -137423.2557
 BOND   =       563.5633  ANGLE   =      1523.7793  DIHED      =      1048.6006
 UB     =         0.0000  IMP     =         0.0000  CMAP       =       148.2431
 1-4 NB =       638.8190  1-4 EEL =      5895.2239  VDWAALS    =     16420.3888
 EELEC  =   -163661.8737  EHBOND  =         0.0000  RESTRAINT  =         0.0000
 EKCMT  =         0.0000  VIRIAL  =         0.0000  VOLUME     =    335371.6153
                                                    Density    =         1.0265
 ------------------------------------------------------------------------------

wrapping first mol.:      -75.77180        0.00000        0.00000
wrapping first mol.:      -75.77180        0.00000        0.00000
wrapping first mol.:      -75.77837        0.00000        0.00000
wrapping first mol.:      -75.77837        0.00000        0.00000
wrapping first mol.:      -75.63921        0.00000        0.00000
wrapping first mol.:      -75.63921        0.00000        0.00000
wrapping first mol.:      -75.65750        0.00000        0.00000
wrapping first mol.:      -75.65750        0.00000        0.00000
wrapping first mol.:      -75.71169        0.00000        0.00000
wrapping first mol.:      -75.71169        0.00000        0.00000

 NSTEP =  5625000   TIME(PS) =   12950.000  TEMP(K) =   298.23  PRESS =     0.0
 Etot   =   -116877.3018  EKtot   =     20385.0078  EPtot      =   -137262.3096
 BOND   =       548.2449  ANGLE   =      1533.9982  DIHED      =       995.6659
 UB     =         0.0000  IMP     =         0.0000  CMAP       =       135.7771
 1-4 NB =       652.9649  1-4 EEL =      5879.5982  VDWAALS    =     16411.5099
 EELEC  =   -163420.0686  EHBOND  =         0.0000  RESTRAINT  =         0.0000
 EKCMT  =         0.0000  VIRIAL  =         0.0000  VOLUME     =    334092.6767
                                                    Density    =         1.0304
 ------------------------------------------------------------------------------

wrapping first mol.:      -75.68193        0.00000        0.00000
wrapping first mol.:      -75.68193        0.00000        0.00000
wrapping first mol.:      -75.66581        0.00000        0.00000
wrapping first mol.:      -75.66581        0.00000        0.00000
wrapping first mol.:      -75.72050        0.00000        0.00000
wrapping first mol.:      -75.72050        0.00000        0.00000
wrapping first mol.:      -75.64944        0.00000        0.00000
wrapping first mol.:      -75.64944        0.00000        0.00000
wrapping first mol.:      -75.66797        0.00000        0.00000
wrapping first mol.:      -75.66797        0.00000        0.00000

 NSTEP =  5650000   TIME(PS) =   13000.000  TEMP(K) =   298.57  PRESS =     0.0
 Etot   =   -117216.6350  EKtot   =     20408.4551  EPtot      =   -137625.0901
 BOND   =       537.3400  ANGLE   =      1519.0203  DIHED      =       987.9559
 UB     =         0.0000  IMP     =         0.0000  CMAP       =       147.5045
 1-4 NB =       637.4120  1-4 EEL =      5899.8921  VDWAALS    =     16426.9967
 EELEC  =   -163781.2117  EHBOND  =         0.0000  RESTRAINT  =         0.0000
 EKCMT  =         0.0000  VIRIAL  =         0.0000  VOLUME     =    333514.2983
                                                    Density    =         1.0322
 ------------------------------------------------------------------------------

wrapping first mol.:      -75.57987        0.00000        0.00000
wrapping first mol.:      -75.57987        0.00000        0.00000
wrapping first mol.:      -75.68538        0.00000        0.00000
wrapping first mol.:      -75.68538        0.00000        0.00000
wrapping first mol.:      -75.75150        0.00000        0.00000
wrapping first mol.:      -75.75150        0.00000        0.00000
wrapping first mol.:      -75.69534        0.00000        0.00000
wrapping first mol.:      -75.69534        0.00000        0.00000
wrapping first mol.:      -75.67258        0.00000        0.00000
wrapping first mol.:      -75.67258        0.00000        0.00000

 NSTEP =  5675000   TIME(PS) =   13050.000  TEMP(K) =   298.48  PRESS =     0.0
 Etot   =   -117092.2228  EKtot   =     20402.5176  EPtot      =   -137494.7404
 BOND   =       560.7416  ANGLE   =      1575.0300  DIHED      =      1009.4652
 UB     =         0.0000  IMP     =         0.0000  CMAP       =       142.8807
 1-4 NB =       646.4707  1-4 EEL =      5837.9014  VDWAALS    =     16497.3639
 EELEC  =   -163764.5940  EHBOND  =         0.0000  RESTRAINT  =         0.0000
 EKCMT  =         0.0000  VIRIAL  =         0.0000  VOLUME     =    333575.2000
                                                    Density    =         1.0320
 ------------------------------------------------------------------------------

wrapping first mol.:      -75.65366        0.00000        0.00000
wrapping first mol.:      -75.65366        0.00000        0.00000
wrapping first mol.:      -75.66246        0.00000        0.00000
wrapping first mol.:      -75.66246        0.00000        0.00000
wrapping first mol.:      -75.67504        0.00000        0.00000
wrapping first mol.:      -75.67504        0.00000        0.00000
wrapping first mol.:      -75.73719        0.00000        0.00000
wrapping first mol.:      -75.73719        0.00000        0.00000
wrapping first mol.:      -75.68076        0.00000        0.00000
wrapping first mol.:      -75.68076        0.00000        0.00000

 NSTEP =  5700000   TIME(PS) =   13100.000  TEMP(K) =   297.11  PRESS =     0.0
 Etot   =   -116978.9630  EKtot   =     20309.1211  EPtot      =   -137288.0841
 BOND   =       592.1343  ANGLE   =      1556.6833  DIHED      =      1004.9107
 UB     =         0.0000  IMP     =         0.0000  CMAP       =       141.8179
 1-4 NB =       650.2735  1-4 EEL =      5843.5201  VDWAALS    =     16151.0763
 EELEC  =   -163228.5002  EHBOND  =         0.0000  RESTRAINT  =         0.0000
 EKCMT  =         0.0000  VIRIAL  =         0.0000  VOLUME     =    333683.3967
                                                    Density    =         1.0317
 ------------------------------------------------------------------------------

wrapping first mol.:      -75.65055        0.00000        0.00000
wrapping first mol.:      -75.65055        0.00000        0.00000
wrapping first mol.:      -75.55910        0.00000        0.00000
wrapping first mol.:      -75.55910        0.00000        0.00000
wrapping first mol.:      -75.62890        0.00000        0.00000
wrapping first mol.:      -75.62890        0.00000        0.00000
wrapping first mol.:      -75.64995        0.00000        0.00000
wrapping first mol.:      -75.64995        0.00000        0.00000
wrapping first mol.:      -75.67620        0.00000        0.00000
wrapping first mol.:      -75.67620        0.00000        0.00000

 NSTEP =  5725000   TIME(PS) =   13150.000  TEMP(K) =   300.38  PRESS =     0.0
 Etot   =   -117104.5422  EKtot   =     20532.5273  EPtot      =   -137637.0695
 BOND   =       537.6234  ANGLE   =      1588.2196  DIHED      =      1004.2990
 UB     =         0.0000  IMP     =         0.0000  CMAP       =       145.6306
 1-4 NB =       645.9953  1-4 EEL =      5908.9795  VDWAALS    =     16626.8608
 EELEC  =   -164094.6777  EHBOND  =         0.0000  RESTRAINT  =         0.0000
 EKCMT  =         0.0000  VIRIAL  =         0.0000  VOLUME     =    333623.0659
                                                    Density    =         1.0319
 ------------------------------------------------------------------------------

wrapping first mol.:      -75.61919        0.00000        0.00000
wrapping first mol.:      -75.61919        0.00000        0.00000
wrapping first mol.:      -75.66326        0.00000        0.00000
wrapping first mol.:      -75.66326        0.00000        0.00000
wrapping first mol.:      -75.62464        0.00000        0.00000
wrapping first mol.:      -75.62464        0.00000        0.00000
wrapping first mol.:      -75.77798        0.00000        0.00000
wrapping first mol.:      -75.77798        0.00000        0.00000
wrapping first mol.:      -75.69469        0.00000        0.00000
wrapping first mol.:      -75.69469        0.00000        0.00000

 NSTEP =  5750000   TIME(PS) =   13200.000  TEMP(K) =   301.18  PRESS =     0.0
 Etot   =   -116881.4944  EKtot   =     20586.7559  EPtot      =   -137468.2503
 BOND   =       561.1032  ANGLE   =      1494.6899  DIHED      =      1021.8538
 UB     =         0.0000  IMP     =         0.0000  CMAP       =       149.3573
 1-4 NB =       639.9241  1-4 EEL =      5901.9342  VDWAALS    =     16699.0231
 EELEC  =   -163936.1360  EHBOND  =         0.0000  RESTRAINT  =         0.0000
 EKCMT  =         0.0000  VIRIAL  =         0.0000  VOLUME     =    333867.6259
                                                    Density    =         1.0311
 ------------------------------------------------------------------------------

wrapping first mol.:      -75.66450        0.00000        0.00000
wrapping first mol.:      -75.66450        0.00000        0.00000
wrapping first mol.:      -75.69299        0.00000        0.00000
wrapping first mol.:      -75.69299        0.00000        0.00000
wrapping first mol.:      -75.65676        0.00000        0.00000
wrapping first mol.:      -75.65676        0.00000        0.00000
wrapping first mol.:      -75.61828        0.00000        0.00000
wrapping first mol.:      -75.61828        0.00000        0.00000
wrapping first mol.:      -75.70156        0.00000        0.00000
wrapping first mol.:      -75.70156        0.00000        0.00000

 NSTEP =  5775000   TIME(PS) =   13250.000  TEMP(K) =   299.93  PRESS =     0.0
 Etot   =   -116528.5379  EKtot   =     20501.7676  EPtot      =   -137030.3055
 BOND   =       550.0927  ANGLE   =      1539.0502  DIHED      =      1010.6415
 UB     =         0.0000  IMP     =         0.0000  CMAP       =       135.8482
 1-4 NB =       647.9772  1-4 EEL =      5879.1807  VDWAALS    =     16099.9179
 EELEC  =   -162893.0138  EHBOND  =         0.0000  RESTRAINT  =         0.0000
 EKCMT  =         0.0000  VIRIAL  =         0.0000  VOLUME     =    333958.6151
                                                    Density    =         1.0308
 ------------------------------------------------------------------------------

wrapping first mol.:      -75.61275        0.00000        0.00000
wrapping first mol.:      -75.61275        0.00000        0.00000
wrapping first mol.:      -75.64676        0.00000        0.00000
wrapping first mol.:      -75.64676        0.00000        0.00000
wrapping first mol.:      -75.67559        0.00000        0.00000
wrapping first mol.:      -75.67559        0.00000        0.00000
wrapping first mol.:      -75.78467        0.00000        0.00000
wrapping first mol.:      -75.78467        0.00000        0.00000
wrapping first mol.:      -75.62777        0.00000        0.00000
wrapping first mol.:      -75.62777        0.00000        0.00000

 NSTEP =  5800000   TIME(PS) =   13300.000  TEMP(K) =   298.61  PRESS =     0.0
 Etot   =   -116995.0999  EKtot   =     20411.5059  EPtot      =   -137406.6057
 BOND   =       554.9519  ANGLE   =      1547.1899  DIHED      =       996.2636
 UB     =         0.0000  IMP     =         0.0000  CMAP       =       142.7548
 1-4 NB =       656.4414  1-4 EEL =      5915.6769  VDWAALS    =     16717.6936
 EELEC  =   -163937.5777  EHBOND  =         0.0000  RESTRAINT  =         0.0000
 EKCMT  =         0.0000  VIRIAL  =         0.0000  VOLUME     =    332982.9212
                                                    Density    =         1.0339
 ------------------------------------------------------------------------------

wrapping first mol.:      -75.62844        0.00000        0.00000
wrapping first mol.:      -75.62844        0.00000        0.00000
wrapping first mol.:      -75.58174        0.00000        0.00000
wrapping first mol.:      -75.58174        0.00000        0.00000
wrapping first mol.:      -75.58592        0.00000        0.00000
wrapping first mol.:      -75.58592        0.00000        0.00000
wrapping first mol.:      -75.63415        0.00000        0.00000
wrapping first mol.:      -75.63415        0.00000        0.00000
wrapping first mol.:      -75.70822        0.00000        0.00000
wrapping first mol.:      -75.70822        0.00000        0.00000

 NSTEP =  5825000   TIME(PS) =   13350.000  TEMP(K) =   301.97  PRESS =     0.0
 Etot   =   -116505.0544  EKtot   =     20640.8711  EPtot      =   -137145.9255
 BOND   =       605.7337  ANGLE   =      1512.7126  DIHED      =       985.8957
 UB     =         0.0000  IMP     =         0.0000  CMAP       =       156.7727
 1-4 NB =       630.5568  1-4 EEL =      5856.2933  VDWAALS    =     16391.0767
 EELEC  =   -163284.9671  EHBOND  =         0.0000  RESTRAINT  =         0.0000
 EKCMT  =         0.0000  VIRIAL  =         0.0000  VOLUME     =    334046.6803
                                                    Density    =         1.0306
 ------------------------------------------------------------------------------

wrapping first mol.:      -75.73446        0.00000        0.00000
wrapping first mol.:      -75.73446        0.00000        0.00000
wrapping first mol.:      -75.73140        0.00000        0.00000
wrapping first mol.:      -75.73140        0.00000        0.00000
wrapping first mol.:      -75.69268        0.00000        0.00000
wrapping first mol.:      -75.69268        0.00000        0.00000
wrapping first mol.:      -75.61712        0.00000        0.00000
wrapping first mol.:      -75.61712        0.00000        0.00000
wrapping first mol.:      -75.71173        0.00000        0.00000
wrapping first mol.:      -75.71173        0.00000        0.00000

 NSTEP =  5850000   TIME(PS) =   13400.000  TEMP(K) =   300.26  PRESS =     0.0
 Etot   =   -117027.6157  EKtot   =     20524.3398  EPtot      =   -137551.9555
 BOND   =       555.6202  ANGLE   =      1560.0904  DIHED      =       983.5924
 UB     =         0.0000  IMP     =         0.0000  CMAP       =       136.1791
 1-4 NB =       641.9306  1-4 EEL =      5872.3052  VDWAALS    =     16391.1714
 EELEC  =   -163692.8448  EHBOND  =         0.0000  RESTRAINT  =         0.0000
 EKCMT  =         0.0000  VIRIAL  =         0.0000  VOLUME     =    334093.1929
                                                    Density    =         1.0304
 ------------------------------------------------------------------------------

wrapping first mol.:      -75.66911        0.00000        0.00000
wrapping first mol.:      -75.66911        0.00000        0.00000
wrapping first mol.:      -75.66424        0.00000        0.00000
wrapping first mol.:      -75.66424        0.00000        0.00000
wrapping first mol.:      -75.60662        0.00000        0.00000
wrapping first mol.:      -75.60662        0.00000        0.00000
wrapping first mol.:      -75.65063        0.00000        0.00000
wrapping first mol.:      -75.65063        0.00000        0.00000
wrapping first mol.:      -75.77415        0.00000        0.00000
wrapping first mol.:      -75.77415        0.00000        0.00000

 NSTEP =  5875000   TIME(PS) =   13450.000  TEMP(K) =   300.29  PRESS =     0.0
 Etot   =   -116840.5962  EKtot   =     20526.1172  EPtot      =   -137366.7134
 BOND   =       589.7101  ANGLE   =      1532.8908  DIHED      =       980.5319
 UB     =         0.0000  IMP     =         0.0000  CMAP       =       147.7431
 1-4 NB =       659.6102  1-4 EEL =      5857.1555  VDWAALS    =     16306.5723
 EELEC  =   -163440.9273  EHBOND  =         0.0000  RESTRAINT  =         0.0000
 EKCMT  =         0.0000  VIRIAL  =         0.0000  VOLUME     =    334920.2353
                                                    Density    =         1.0279
 ------------------------------------------------------------------------------

wrapping first mol.:      -75.74843        0.00000        0.00000
wrapping first mol.:      -75.74843        0.00000        0.00000
wrapping first mol.:      -75.79373        0.00000        0.00000
wrapping first mol.:      -75.79373        0.00000        0.00000
wrapping first mol.:      -75.68198        0.00000        0.00000
wrapping first mol.:      -75.68198        0.00000        0.00000
wrapping first mol.:      -75.67195        0.00000        0.00000
wrapping first mol.:      -75.67195        0.00000        0.00000
wrapping first mol.:      -75.70749        0.00000        0.00000
wrapping first mol.:      -75.70749        0.00000        0.00000

 NSTEP =  5900000   TIME(PS) =   13500.000  TEMP(K) =   300.26  PRESS =     0.0
 Etot   =   -116783.6115  EKtot   =     20524.4102  EPtot      =   -137308.0217
 BOND   =       580.6982  ANGLE   =      1533.4925  DIHED      =       976.5751
 UB     =         0.0000  IMP     =         0.0000  CMAP       =       150.1317
 1-4 NB =       640.2029  1-4 EEL =      5892.7481  VDWAALS    =     16141.9820
 EELEC  =   -163223.8523  EHBOND  =         0.0000  RESTRAINT  =         0.0000
 EKCMT  =         0.0000  VIRIAL  =         0.0000  VOLUME     =    334037.0313
                                                    Density    =         1.0306
 ------------------------------------------------------------------------------

wrapping first mol.:      -75.77052        0.00000        0.00000
wrapping first mol.:      -75.77052        0.00000        0.00000
wrapping first mol.:      -75.70789        0.00000        0.00000
wrapping first mol.:      -75.70789        0.00000        0.00000
wrapping first mol.:      -75.68157        0.00000        0.00000
wrapping first mol.:      -75.68157        0.00000        0.00000
wrapping first mol.:      -75.65378        0.00000        0.00000
wrapping first mol.:      -75.65378        0.00000        0.00000
wrapping first mol.:      -75.64502        0.00000        0.00000
wrapping first mol.:      -75.64502        0.00000        0.00000

 NSTEP =  5925000   TIME(PS) =   13550.000  TEMP(K) =   295.77  PRESS =     0.0
 Etot   =   -117230.0515  EKtot   =     20217.4902  EPtot      =   -137447.5418
 BOND   =       552.0950  ANGLE   =      1550.8733  DIHED      =      1027.0145
 UB     =         0.0000  IMP     =         0.0000  CMAP       =       148.5370
 1-4 NB =       650.9630  1-4 EEL =      5896.0127  VDWAALS    =     16274.5673
 EELEC  =   -163547.6045  EHBOND  =         0.0000  RESTRAINT  =         0.0000
 EKCMT  =         0.0000  VIRIAL  =         0.0000  VOLUME     =    333210.9312
                                                    Density    =         1.0332
 ------------------------------------------------------------------------------

wrapping first mol.:      -75.67968        0.00000        0.00000
wrapping first mol.:      -75.67968        0.00000        0.00000
wrapping first mol.:      -75.57687        0.00000        0.00000
wrapping first mol.:      -75.57687        0.00000        0.00000
wrapping first mol.:      -75.64306        0.00000        0.00000
wrapping first mol.:      -75.64306        0.00000        0.00000
wrapping first mol.:      -75.59945        0.00000        0.00000
wrapping first mol.:      -75.59945        0.00000        0.00000
wrapping first mol.:      -75.64465        0.00000        0.00000
wrapping first mol.:      -75.64465        0.00000        0.00000

 NSTEP =  5950000   TIME(PS) =   13600.000  TEMP(K) =   298.05  PRESS =     0.0
 Etot   =   -117040.0565  EKtot   =     20373.1855  EPtot      =   -137413.2421
 BOND   =       541.3948  ANGLE   =      1508.4833  DIHED      =      1006.9014
 UB     =         0.0000  IMP     =         0.0000  CMAP       =       141.7520
 1-4 NB =       675.1431  1-4 EEL =      5926.0738  VDWAALS    =     16433.9410
 EELEC  =   -163646.9315  EHBOND  =         0.0000  RESTRAINT  =         0.0000
 EKCMT  =         0.0000  VIRIAL  =         0.0000  VOLUME     =    333206.0261
                                                    Density    =         1.0332
 ------------------------------------------------------------------------------

wrapping first mol.:      -75.60633        0.00000        0.00000
wrapping first mol.:      -75.60633        0.00000        0.00000
wrapping first mol.:      -75.65079        0.00000        0.00000
wrapping first mol.:      -75.65079        0.00000        0.00000
wrapping first mol.:      -75.59059        0.00000        0.00000
wrapping first mol.:      -75.59059        0.00000        0.00000
wrapping first mol.:      -75.64909        0.00000        0.00000
wrapping first mol.:      -75.64909        0.00000        0.00000
wrapping first mol.:      -75.72260        0.00000        0.00000
wrapping first mol.:      -75.72260        0.00000        0.00000

 NSTEP =  5975000   TIME(PS) =   13650.000  TEMP(K) =   300.35  PRESS =     0.0
 Etot   =   -116867.3806  EKtot   =     20530.3633  EPtot      =   -137397.7439
 BOND   =       549.9969  ANGLE   =      1537.3140  DIHED      =       995.3346
 UB     =         0.0000  IMP     =         0.0000  CMAP       =       144.0995
 1-4 NB =       639.4811  1-4 EEL =      5829.4573  VDWAALS    =     16585.2135
 EELEC  =   -163678.6408  EHBOND  =         0.0000  RESTRAINT  =         0.0000
 EKCMT  =         0.0000  VIRIAL  =         0.0000  VOLUME     =    334237.1428
                                                    Density    =         1.0300
 ------------------------------------------------------------------------------

wrapping first mol.:      -75.69504        0.00000        0.00000
wrapping first mol.:      -75.69504        0.00000        0.00000
wrapping first mol.:      -75.73986        0.00000        0.00000
wrapping first mol.:      -75.73986        0.00000        0.00000
wrapping first mol.:      -75.72411        0.00000        0.00000
wrapping first mol.:      -75.72411        0.00000        0.00000
wrapping first mol.:      -75.65766        0.00000        0.00000
wrapping first mol.:      -75.65766        0.00000        0.00000
wrapping first mol.:      -75.77108        0.00000        0.00000
wrapping first mol.:      -75.77108        0.00000        0.00000

 NSTEP =  6000000   TIME(PS) =   13700.000  TEMP(K) =   301.88  PRESS =     0.0
 Etot   =   -116497.7945  EKtot   =     20634.6660  EPtot      =   -137132.4606
 BOND   =       599.0345  ANGLE   =      1621.3058  DIHED      =      1015.5142
 UB     =         0.0000  IMP     =         0.0000  CMAP       =       137.9329
 1-4 NB =       658.2386  1-4 EEL =      5873.6904  VDWAALS    =     16452.1115
 EELEC  =   -163490.2885  EHBOND  =         0.0000  RESTRAINT  =         0.0000
 EKCMT  =         0.0000  VIRIAL  =         0.0000  VOLUME     =    334879.5295
                                                    Density    =         1.0280
 ------------------------------------------------------------------------------

wrapping first mol.:      -75.67592        0.00000        0.00000
wrapping first mol.:      -75.67592        0.00000        0.00000
wrapping first mol.:      -75.72139        0.00000        0.00000
wrapping first mol.:      -75.72139        0.00000        0.00000
wrapping first mol.:      -75.67080        0.00000        0.00000
wrapping first mol.:      -75.67080        0.00000        0.00000
wrapping first mol.:      -75.58857        0.00000        0.00000
wrapping first mol.:      -75.58857        0.00000        0.00000
wrapping first mol.:      -75.69761        0.00000        0.00000
wrapping first mol.:      -75.69761        0.00000        0.00000

 NSTEP =  6025000   TIME(PS) =   13750.000  TEMP(K) =   301.62  PRESS =     0.0
 Etot   =   -116291.1932  EKtot   =     20616.8691  EPtot      =   -136908.0623
 BOND   =       586.1787  ANGLE   =      1534.3123  DIHED      =      1002.4918
 UB     =         0.0000  IMP     =         0.0000  CMAP       =       137.0410
 1-4 NB =       661.4463  1-4 EEL =      5848.8012  VDWAALS    =     16368.9779
 EELEC  =   -163047.3115  EHBOND  =         0.0000  RESTRAINT  =         0.0000
 EKCMT  =         0.0000  VIRIAL  =         0.0000  VOLUME     =    333906.3123
                                                    Density    =         1.0310
 ------------------------------------------------------------------------------

wrapping first mol.:      -75.67532        0.00000        0.00000
wrapping first mol.:      -75.67532        0.00000        0.00000
wrapping first mol.:      -75.66763        0.00000        0.00000
wrapping first mol.:      -75.66763        0.00000        0.00000
wrapping first mol.:      -75.71821        0.00000        0.00000
wrapping first mol.:      -75.71821        0.00000        0.00000
wrapping first mol.:      -75.68225        0.00000        0.00000
wrapping first mol.:      -75.68225        0.00000        0.00000
wrapping first mol.:      -75.79676        0.00000        0.00000
wrapping first mol.:      -75.79676        0.00000        0.00000

 NSTEP =  6050000   TIME(PS) =   13800.000  TEMP(K) =   301.40  PRESS =     0.0
 Etot   =   -116638.9758  EKtot   =     20601.7949  EPtot      =   -137240.7708
 BOND   =       559.3392  ANGLE   =      1517.4485  DIHED      =       989.8906
 UB     =         0.0000  IMP     =         0.0000  CMAP       =       152.5091
 1-4 NB =       653.6194  1-4 EEL =      5883.4871  VDWAALS    =     16314.0617
 EELEC  =   -163311.1265  EHBOND  =         0.0000  RESTRAINT  =         0.0000
 EKCMT  =         0.0000  VIRIAL  =         0.0000  VOLUME     =    335220.1293
                                                    Density    =         1.0270
 ------------------------------------------------------------------------------

wrapping first mol.:      -75.68113        0.00000        0.00000
wrapping first mol.:      -75.68113        0.00000        0.00000
wrapping first mol.:      -75.69633        0.00000        0.00000
wrapping first mol.:      -75.69633        0.00000        0.00000
wrapping first mol.:      -75.59111        0.00000        0.00000
wrapping first mol.:      -75.59111        0.00000        0.00000
wrapping first mol.:      -75.59791        0.00000        0.00000
wrapping first mol.:      -75.59791        0.00000        0.00000
wrapping first mol.:      -75.63334        0.00000        0.00000
wrapping first mol.:      -75.63334        0.00000        0.00000

 NSTEP =  6075000   TIME(PS) =   13850.000  TEMP(K) =   301.19  PRESS =     0.0
 Etot   =   -116876.9426  EKtot   =     20587.8047  EPtot      =   -137464.7473
 BOND   =       551.4469  ANGLE   =      1473.9412  DIHED      =      1016.7355
 UB     =         0.0000  IMP     =         0.0000  CMAP       =       138.4891
 1-4 NB =       659.0447  1-4 EEL =      5858.7161  VDWAALS    =     16274.4468
 EELEC  =   -163437.5677  EHBOND  =         0.0000  RESTRAINT  =         0.0000
 EKCMT  =         0.0000  VIRIAL  =         0.0000  VOLUME     =    333056.6011
                                                    Density    =         1.0336
 ------------------------------------------------------------------------------

wrapping first mol.:      -75.58131        0.00000        0.00000
wrapping first mol.:      -75.58131        0.00000        0.00000
wrapping first mol.:      -75.60669        0.00000        0.00000
wrapping first mol.:      -75.60669        0.00000        0.00000
wrapping first mol.:      -75.63467        0.00000        0.00000
wrapping first mol.:      -75.63467        0.00000        0.00000
wrapping first mol.:      -75.70715        0.00000        0.00000
wrapping first mol.:      -75.70715        0.00000        0.00000
wrapping first mol.:      -75.74173        0.00000        0.00000
wrapping first mol.:      -75.74173        0.00000        0.00000

 NSTEP =  6100000   TIME(PS) =   13900.000  TEMP(K) =   299.36  PRESS =     0.0
 Etot   =   -116520.9029  EKtot   =     20462.7168  EPtot      =   -136983.6196
 BOND   =       564.1434  ANGLE   =      1541.7122  DIHED      =      1010.3414
 UB     =         0.0000  IMP     =         0.0000  CMAP       =       153.7452
 1-4 NB =       680.9028  1-4 EEL =      5851.3501  VDWAALS    =     15993.4769
 EELEC  =   -162779.2916  EHBOND  =         0.0000  RESTRAINT  =         0.0000
 EKCMT  =         0.0000  VIRIAL  =         0.0000  VOLUME     =    334490.5656
                                                    Density    =         1.0292
 ------------------------------------------------------------------------------

wrapping first mol.:      -75.64765        0.00000        0.00000
wrapping first mol.:      -75.64765        0.00000        0.00000
wrapping first mol.:      -75.70516        0.00000        0.00000
wrapping first mol.:      -75.70516        0.00000        0.00000
wrapping first mol.:      -75.59780        0.00000        0.00000
wrapping first mol.:      -75.59780        0.00000        0.00000
wrapping first mol.:      -75.67704        0.00000        0.00000
wrapping first mol.:      -75.67704        0.00000        0.00000
wrapping first mol.:      -75.56485        0.00000        0.00000
wrapping first mol.:      -75.56485        0.00000        0.00000

 NSTEP =  6125000   TIME(PS) =   13950.000  TEMP(K) =   301.72  PRESS =     0.0
 Etot   =   -117076.9541  EKtot   =     20623.8086  EPtot      =   -137700.7626
 BOND   =       557.9778  ANGLE   =      1486.4297  DIHED      =       978.4519
 UB     =         0.0000  IMP     =         0.0000  CMAP       =       145.1374
 1-4 NB =       650.4002  1-4 EEL =      5865.4442  VDWAALS    =     16393.5834
 EELEC  =   -163778.1872  EHBOND  =         0.0000  RESTRAINT  =         0.0000
 EKCMT  =         0.0000  VIRIAL  =         0.0000  VOLUME     =    332152.5322
                                                    Density    =         1.0365
 ------------------------------------------------------------------------------

wrapping first mol.:      -75.71860        0.00000        0.00000
wrapping first mol.:      -75.71860        0.00000        0.00000
wrapping first mol.:      -75.74459        0.00000        0.00000
wrapping first mol.:      -75.74459        0.00000        0.00000
wrapping first mol.:      -75.67999        0.00000        0.00000
wrapping first mol.:      -75.67999        0.00000        0.00000
wrapping first mol.:      -75.71422        0.00000        0.00000
wrapping first mol.:      -75.71422        0.00000        0.00000
wrapping first mol.:      -75.77251        0.00000        0.00000
wrapping first mol.:      -75.77251        0.00000        0.00000

 NSTEP =  6150000   TIME(PS) =   14000.000  TEMP(K) =   297.64  PRESS =     0.0
 Etot   =   -117423.0267  EKtot   =     20344.7129  EPtot      =   -137767.7396
 BOND   =       578.1921  ANGLE   =      1516.3207  DIHED      =       993.8167
 UB     =         0.0000  IMP     =         0.0000  CMAP       =       133.5071
 1-4 NB =       659.4046  1-4 EEL =      5880.0658  VDWAALS    =     16363.7695
 EELEC  =   -163892.8161  EHBOND  =         0.0000  RESTRAINT  =         0.0000
 EKCMT  =         0.0000  VIRIAL  =         0.0000  VOLUME     =    334898.5067
                                                    Density    =         1.0280
 ------------------------------------------------------------------------------

wrapping first mol.:      -75.76932        0.00000        0.00000
wrapping first mol.:      -75.76932        0.00000        0.00000
wrapping first mol.:      -75.71629        0.00000        0.00000
wrapping first mol.:      -75.71629        0.00000        0.00000
wrapping first mol.:      -75.76488        0.00000        0.00000
wrapping first mol.:      -75.76488        0.00000        0.00000
wrapping first mol.:      -75.66591        0.00000        0.00000
wrapping first mol.:      -75.66591        0.00000        0.00000
wrapping first mol.:      -75.65078        0.00000        0.00000
wrapping first mol.:      -75.65078        0.00000        0.00000

 NSTEP =  6175000   TIME(PS) =   14050.000  TEMP(K) =   297.73  PRESS =     0.0
 Etot   =   -117185.5267  EKtot   =     20351.3105  EPtot      =   -137536.8373
 BOND   =       552.6792  ANGLE   =      1566.0627  DIHED      =      1001.2100
 UB     =         0.0000  IMP     =         0.0000  CMAP       =       143.8115
 1-4 NB =       649.5395  1-4 EEL =      5870.6256  VDWAALS    =     16625.6828
 EELEC  =   -163946.4484  EHBOND  =         0.0000  RESTRAINT  =         0.0000
 EKCMT  =         0.0000  VIRIAL  =         0.0000  VOLUME     =    333287.0435
                                                    Density    =         1.0329
 ------------------------------------------------------------------------------

wrapping first mol.:      -75.63155        0.00000        0.00000
wrapping first mol.:      -75.63155        0.00000        0.00000
wrapping first mol.:      -75.63561        0.00000        0.00000
wrapping first mol.:      -75.63561        0.00000        0.00000
wrapping first mol.:      -75.71177        0.00000        0.00000
wrapping first mol.:      -75.71177        0.00000        0.00000
wrapping first mol.:      -75.59980        0.00000        0.00000
wrapping first mol.:      -75.59980        0.00000        0.00000
wrapping first mol.:      -75.61761        0.00000        0.00000
wrapping first mol.:      -75.61761        0.00000        0.00000

 NSTEP =  6200000   TIME(PS) =   14100.000  TEMP(K) =   300.89  PRESS =     0.0
 Etot   =   -117056.6028  EKtot   =     20567.4297  EPtot      =   -137624.0325
 BOND   =       542.1890  ANGLE   =      1497.9777  DIHED      =       989.3686
 UB     =         0.0000  IMP     =         0.0000  CMAP       =       143.5606
 1-4 NB =       640.0641  1-4 EEL =      5827.1318  VDWAALS    =     16367.0781
 EELEC  =   -163631.4024  EHBOND  =         0.0000  RESTRAINT  =         0.0000
 EKCMT  =         0.0000  VIRIAL  =         0.0000  VOLUME     =    332848.7753
                                                    Density    =         1.0343
 ------------------------------------------------------------------------------

wrapping first mol.:      -75.75893        0.00000        0.00000
wrapping first mol.:      -75.75893        0.00000        0.00000
wrapping first mol.:      -75.73413        0.00000        0.00000
wrapping first mol.:      -75.73413        0.00000        0.00000
wrapping first mol.:      -75.69232        0.00000        0.00000
wrapping first mol.:      -75.69232        0.00000        0.00000
wrapping first mol.:      -75.73404        0.00000        0.00000
wrapping first mol.:      -75.73404        0.00000        0.00000
wrapping first mol.:      -75.70321        0.00000        0.00000
wrapping first mol.:      -75.70321        0.00000        0.00000

 NSTEP =  6225000   TIME(PS) =   14150.000  TEMP(K) =   300.85  PRESS =     0.0
 Etot   =   -116839.0892  EKtot   =     20564.6172  EPtot      =   -137403.7064
 BOND   =       569.6676  ANGLE   =      1554.7991  DIHED      =      1035.2009
 UB     =         0.0000  IMP     =         0.0000  CMAP       =       145.9381
 1-4 NB =       633.8617  1-4 EEL =      5895.6651  VDWAALS    =     16281.9540
 EELEC  =   -163520.7930  EHBOND  =         0.0000  RESTRAINT  =         0.0000
 EKCMT  =         0.0000  VIRIAL  =         0.0000  VOLUME     =    333980.4098
                                                    Density    =         1.0308
 ------------------------------------------------------------------------------

wrapping first mol.:      -75.59532        0.00000        0.00000
wrapping first mol.:      -75.59532        0.00000        0.00000
wrapping first mol.:      -75.66665        0.00000        0.00000
wrapping first mol.:      -75.66665        0.00000        0.00000
wrapping first mol.:      -75.68805        0.00000        0.00000
wrapping first mol.:      -75.68805        0.00000        0.00000
wrapping first mol.:      -75.65182        0.00000        0.00000
wrapping first mol.:      -75.65182        0.00000        0.00000
wrapping first mol.:      -75.58497        0.00000        0.00000
wrapping first mol.:      -75.58497        0.00000        0.00000

 NSTEP =  6250000   TIME(PS) =   14200.000  TEMP(K) =   299.59  PRESS =     0.0
 Etot   =   -117245.0751  EKtot   =     20478.1934  EPtot      =   -137723.2684
 BOND   =       577.7934  ANGLE   =      1497.6098  DIHED      =       973.0932
 UB     =         0.0000  IMP     =         0.0000  CMAP       =       145.4400
 1-4 NB =       652.5782  1-4 EEL =      5880.5845  VDWAALS    =     16427.3314
 EELEC  =   -163877.6989  EHBOND  =         0.0000  RESTRAINT  =         0.0000
 EKCMT  =         0.0000  VIRIAL  =         0.0000  VOLUME     =    332417.9083
                                                    Density    =         1.0356
 ------------------------------------------------------------------------------

wrapping first mol.:      -75.74117        0.00000        0.00000
wrapping first mol.:      -75.74117        0.00000        0.00000
wrapping first mol.:      -75.64594        0.00000        0.00000
wrapping first mol.:      -75.64594        0.00000        0.00000
wrapping first mol.:      -75.70576        0.00000        0.00000
wrapping first mol.:      -75.70576        0.00000        0.00000
wrapping first mol.:      -75.76598        0.00000        0.00000
wrapping first mol.:      -75.76598        0.00000        0.00000
wrapping first mol.:      -75.77665        0.00000        0.00000
wrapping first mol.:      -75.77665        0.00000        0.00000

 NSTEP =  6275000   TIME(PS) =   14250.000  TEMP(K) =   300.81  PRESS =     0.0
 Etot   =   -116729.1618  EKtot   =     20561.4336  EPtot      =   -137290.5954
 BOND   =       562.7799  ANGLE   =      1550.9703  DIHED      =      1006.5026
 UB     =         0.0000  IMP     =         0.0000  CMAP       =       151.0905
 1-4 NB =       638.6491  1-4 EEL =      5798.3097  VDWAALS    =     16268.2918
 EELEC  =   -163267.1892  EHBOND  =         0.0000  RESTRAINT  =         0.0000
 EKCMT  =         0.0000  VIRIAL  =         0.0000  VOLUME     =    334953.3853
                                                    Density    =         1.0278
 ------------------------------------------------------------------------------

wrapping first mol.:      -75.62452        0.00000        0.00000
wrapping first mol.:      -75.62452        0.00000        0.00000
wrapping first mol.:      -75.56997        0.00000        0.00000
wrapping first mol.:      -75.56997        0.00000        0.00000
wrapping first mol.:      -75.63859        0.00000        0.00000
wrapping first mol.:      -75.63859        0.00000        0.00000
wrapping first mol.:      -75.67763        0.00000        0.00000
wrapping first mol.:      -75.67763        0.00000        0.00000
wrapping first mol.:      -75.70521        0.00000        0.00000
wrapping first mol.:      -75.70521        0.00000        0.00000

 NSTEP =  6300000   TIME(PS) =   14300.000  TEMP(K) =   301.86  PRESS =     0.0
 Etot   =   -116598.5786  EKtot   =     20633.5664  EPtot      =   -137232.1450
 BOND   =       563.6971  ANGLE   =      1544.5390  DIHED      =      1006.2591
 UB     =         0.0000  IMP     =         0.0000  CMAP       =       145.3724
 1-4 NB =       650.3410  1-4 EEL =      5840.1359  VDWAALS    =     16233.7779
 EELEC  =   -163216.2674  EHBOND  =         0.0000  RESTRAINT  =         0.0000
 EKCMT  =         0.0000  VIRIAL  =         0.0000  VOLUME     =    334006.9218
                                                    Density    =         1.0307
 ------------------------------------------------------------------------------

wrapping first mol.:      -75.66096        0.00000        0.00000
wrapping first mol.:      -75.66096        0.00000        0.00000
wrapping first mol.:      -75.69929        0.00000        0.00000
wrapping first mol.:      -75.69929        0.00000        0.00000
wrapping first mol.:      -75.66710        0.00000        0.00000
wrapping first mol.:      -75.66710        0.00000        0.00000
wrapping first mol.:      -75.71640        0.00000        0.00000
wrapping first mol.:      -75.71640        0.00000        0.00000
wrapping first mol.:      -75.66465        0.00000        0.00000
wrapping first mol.:      -75.66465        0.00000        0.00000

 NSTEP =  6325000   TIME(PS) =   14350.000  TEMP(K) =   302.14  PRESS =     0.0
 Etot   =   -116694.2425  EKtot   =     20652.4941  EPtot      =   -137346.7367
 BOND   =       577.6982  ANGLE   =      1508.0429  DIHED      =      1021.6207
 UB     =         0.0000  IMP     =         0.0000  CMAP       =       141.2455
 1-4 NB =       659.4781  1-4 EEL =      5880.1400  VDWAALS    =     16340.4510
 EELEC  =   -163475.4130  EHBOND  =         0.0000  RESTRAINT  =         0.0000
 EKCMT  =         0.0000  VIRIAL  =         0.0000  VOLUME     =    333470.2850
                                                    Density    =         1.0324
 ------------------------------------------------------------------------------

wrapping first mol.:      -75.66172        0.00000        0.00000
wrapping first mol.:      -75.66172        0.00000        0.00000
wrapping first mol.:      -75.69339        0.00000        0.00000
wrapping first mol.:      -75.69339        0.00000        0.00000
wrapping first mol.:      -75.67451        0.00000        0.00000
wrapping first mol.:      -75.67451        0.00000        0.00000
wrapping first mol.:      -75.63360        0.00000        0.00000
wrapping first mol.:      -75.63360        0.00000        0.00000
wrapping first mol.:      -75.62661        0.00000        0.00000
wrapping first mol.:      -75.62661        0.00000        0.00000

 NSTEP =  6350000   TIME(PS) =   14400.000  TEMP(K) =   302.48  PRESS =     0.0
 Etot   =   -116671.2579  EKtot   =     20675.7773  EPtot      =   -137347.0353
 BOND   =       595.4920  ANGLE   =      1495.7758  DIHED      =      1014.0407
 UB     =         0.0000  IMP     =         0.0000  CMAP       =       150.4094
 1-4 NB =       653.0521  1-4 EEL =      5852.8911  VDWAALS    =     16303.0282
 EELEC  =   -163411.7246  EHBOND  =         0.0000  RESTRAINT  =         0.0000
 EKCMT  =         0.0000  VIRIAL  =         0.0000  VOLUME     =    332967.6206
                                                    Density    =         1.0339
 ------------------------------------------------------------------------------

wrapping first mol.:      -75.70838        0.00000        0.00000
wrapping first mol.:      -75.70838        0.00000        0.00000
wrapping first mol.:      -75.69839        0.00000        0.00000
wrapping first mol.:      -75.69839        0.00000        0.00000
wrapping first mol.:      -75.67594        0.00000        0.00000
wrapping first mol.:      -75.67594        0.00000        0.00000
wrapping first mol.:      -75.71754        0.00000        0.00000
wrapping first mol.:      -75.71754        0.00000        0.00000
wrapping first mol.:      -75.65101        0.00000        0.00000
wrapping first mol.:      -75.65101        0.00000        0.00000

 NSTEP =  6375000   TIME(PS) =   14450.000  TEMP(K) =   299.28  PRESS =     0.0
 Etot   =   -116865.5252  EKtot   =     20456.9688  EPtot      =   -137322.4940
 BOND   =       546.5482  ANGLE   =      1492.1473  DIHED      =       983.5180
 UB     =         0.0000  IMP     =         0.0000  CMAP       =       146.4459
 1-4 NB =       637.0643  1-4 EEL =      5867.8105  VDWAALS    =     16040.3475
 EELEC  =   -163036.3757  EHBOND  =         0.0000  RESTRAINT  =         0.0000
 EKCMT  =         0.0000  VIRIAL  =         0.0000  VOLUME     =    333290.0653
                                                    Density    =         1.0329
 ------------------------------------------------------------------------------

wrapping first mol.:      -75.66092        0.00000        0.00000
wrapping first mol.:      -75.66092        0.00000        0.00000
wrapping first mol.:      -75.68511        0.00000        0.00000
wrapping first mol.:      -75.68511        0.00000        0.00000
wrapping first mol.:      -75.73500        0.00000        0.00000
wrapping first mol.:      -75.73500        0.00000        0.00000
wrapping first mol.:      -75.59157        0.00000        0.00000
wrapping first mol.:      -75.59157        0.00000        0.00000
wrapping first mol.:      -75.67637        0.00000        0.00000
wrapping first mol.:      -75.67637        0.00000        0.00000

 NSTEP =  6400000   TIME(PS) =   14500.000  TEMP(K) =   300.66  PRESS =     0.0
 Etot   =   -117190.8023  EKtot   =     20551.4805  EPtot      =   -137742.2828
 BOND   =       577.9240  ANGLE   =      1485.8890  DIHED      =       983.6197
 UB     =         0.0000  IMP     =         0.0000  CMAP       =       144.6123
 1-4 NB =       638.0386  1-4 EEL =      5828.4205  VDWAALS    =     16146.0189
 EELEC  =   -163546.8057  EHBOND  =         0.0000  RESTRAINT  =         0.0000
 EKCMT  =         0.0000  VIRIAL  =         0.0000  VOLUME     =    333625.3164
                                                    Density    =         1.0319
 ------------------------------------------------------------------------------

wrapping first mol.:      -75.74846        0.00000        0.00000
wrapping first mol.:      -75.74846        0.00000        0.00000
wrapping first mol.:      -75.67334        0.00000        0.00000
wrapping first mol.:      -75.67334        0.00000        0.00000
wrapping first mol.:      -75.72056        0.00000        0.00000
wrapping first mol.:      -75.72056        0.00000        0.00000
wrapping first mol.:      -75.78168        0.00000        0.00000
wrapping first mol.:      -75.78168        0.00000        0.00000
wrapping first mol.:      -75.66659        0.00000        0.00000
wrapping first mol.:      -75.66659        0.00000        0.00000

 NSTEP =  6425000   TIME(PS) =   14550.000  TEMP(K) =   302.36  PRESS =     0.0
 Etot   =   -116951.7358  EKtot   =     20667.6641  EPtot      =   -137619.3998
 BOND   =       591.5162  ANGLE   =      1545.6020  DIHED      =       997.9032
 UB     =         0.0000  IMP     =         0.0000  CMAP       =       141.7477
 1-4 NB =       633.8285  1-4 EEL =      5838.3495  VDWAALS    =     16289.8523
 EELEC  =   -163658.1992  EHBOND  =         0.0000  RESTRAINT  =         0.0000
 EKCMT  =         0.0000  VIRIAL  =         0.0000  VOLUME     =    333495.9639
                                                    Density    =         1.0323
 ------------------------------------------------------------------------------

wrapping first mol.:      -75.62497        0.00000        0.00000
wrapping first mol.:      -75.62497        0.00000        0.00000
wrapping first mol.:      -75.60978        0.00000        0.00000
wrapping first mol.:      -75.60978        0.00000        0.00000
wrapping first mol.:      -75.63349        0.00000        0.00000
wrapping first mol.:      -75.63349        0.00000        0.00000
wrapping first mol.:      -75.65377        0.00000        0.00000
wrapping first mol.:      -75.65377        0.00000        0.00000
wrapping first mol.:      -75.55073        0.00000        0.00000
wrapping first mol.:      -75.55073        0.00000        0.00000

 NSTEP =  6450000   TIME(PS) =   14600.000  TEMP(K) =   300.02  PRESS =     0.0
 Etot   =   -116915.6748  EKtot   =     20507.5547  EPtot      =   -137423.2295
 BOND   =       557.0578  ANGLE   =      1517.7698  DIHED      =      1001.6718
 UB     =         0.0000  IMP     =         0.0000  CMAP       =       145.1648
 1-4 NB =       639.3474  1-4 EEL =      5839.2992  VDWAALS    =     16401.7376
 EELEC  =   -163525.2779  EHBOND  =         0.0000  RESTRAINT  =         0.0000
 EKCMT  =         0.0000  VIRIAL  =         0.0000  VOLUME     =    331966.4041
                                                    Density    =         1.0370
 ------------------------------------------------------------------------------

wrapping first mol.:      -75.57604        0.00000        0.00000
wrapping first mol.:      -75.57604        0.00000        0.00000
wrapping first mol.:      -75.70926        0.00000        0.00000
wrapping first mol.:      -75.70926        0.00000        0.00000
wrapping first mol.:      -75.59318        0.00000        0.00000
wrapping first mol.:      -75.59318        0.00000        0.00000
wrapping first mol.:      -75.64134        0.00000        0.00000
wrapping first mol.:      -75.64134        0.00000        0.00000
wrapping first mol.:      -75.72381        0.00000        0.00000
wrapping first mol.:      -75.72381        0.00000        0.00000

 NSTEP =  6475000   TIME(PS) =   14650.000  TEMP(K) =   300.69  PRESS =     0.0
 Etot   =   -116698.4006  EKtot   =     20553.2637  EPtot      =   -137251.6642
 BOND   =       574.5086  ANGLE   =      1534.7723  DIHED      =      1000.0508
 UB     =         0.0000  IMP     =         0.0000  CMAP       =       127.1058
 1-4 NB =       639.5439  1-4 EEL =      5871.6181  VDWAALS    =     16222.5667
 EELEC  =   -163221.8304  EHBOND  =         0.0000  RESTRAINT  =         0.0000
 EKCMT  =         0.0000  VIRIAL  =         0.0000  VOLUME     =    334253.1216
                                                    Density    =         1.0299
 ------------------------------------------------------------------------------

wrapping first mol.:      -75.62207        0.00000        0.00000
wrapping first mol.:      -75.62207        0.00000        0.00000
wrapping first mol.:      -75.60532        0.00000        0.00000
wrapping first mol.:      -75.60532        0.00000        0.00000
wrapping first mol.:      -75.76169        0.00000        0.00000
wrapping first mol.:      -75.76169        0.00000        0.00000
wrapping first mol.:      -75.72362        0.00000        0.00000
wrapping first mol.:      -75.72362        0.00000        0.00000
wrapping first mol.:      -75.73910        0.00000        0.00000
wrapping first mol.:      -75.73910        0.00000        0.00000

 NSTEP =  6500000   TIME(PS) =   14700.000  TEMP(K) =   299.69  PRESS =     0.0
 Etot   =   -117184.9031  EKtot   =     20485.3281  EPtot      =   -137670.2313
 BOND   =       558.4981  ANGLE   =      1511.1369  DIHED      =       989.4438
 UB     =         0.0000  IMP     =         0.0000  CMAP       =       145.5468
 1-4 NB =       636.7617  1-4 EEL =      5889.0885  VDWAALS    =     16559.8902
 EELEC  =   -163960.5972  EHBOND  =         0.0000  RESTRAINT  =         0.0000
 EKCMT  =         0.0000  VIRIAL  =         0.0000  VOLUME     =    334455.7101
                                                    Density    =         1.0293
 ------------------------------------------------------------------------------

wrapping first mol.:      -75.65097        0.00000        0.00000
wrapping first mol.:      -75.65097        0.00000        0.00000
wrapping first mol.:      -75.74875        0.00000        0.00000
wrapping first mol.:      -75.74875        0.00000        0.00000
wrapping first mol.:      -75.74629        0.00000        0.00000
wrapping first mol.:      -75.74629        0.00000        0.00000
wrapping first mol.:      -75.72425        0.00000        0.00000
wrapping first mol.:      -75.72425        0.00000        0.00000
wrapping first mol.:      -75.70818        0.00000        0.00000
wrapping first mol.:      -75.70818        0.00000        0.00000

 NSTEP =  6525000   TIME(PS) =   14750.000  TEMP(K) =   297.52  PRESS =     0.0
 Etot   =   -116890.2589  EKtot   =     20337.0938  EPtot      =   -137227.3527
 BOND   =       583.7972  ANGLE   =      1514.9270  DIHED      =      1016.2923
 UB     =         0.0000  IMP     =         0.0000  CMAP       =       135.2989
 1-4 NB =       646.8328  1-4 EEL =      5880.0678  VDWAALS    =     16032.0275
 EELEC  =   -163036.5963  EHBOND  =         0.0000  RESTRAINT  =         0.0000
 EKCMT  =         0.0000  VIRIAL  =         0.0000  VOLUME     =    334046.1476
                                                    Density    =         1.0306
 ------------------------------------------------------------------------------

wrapping first mol.:      -75.69067        0.00000        0.00000
wrapping first mol.:      -75.69067        0.00000        0.00000
wrapping first mol.:      -75.66600        0.00000        0.00000
wrapping first mol.:      -75.66600        0.00000        0.00000
wrapping first mol.:      -75.72823        0.00000        0.00000
wrapping first mol.:      -75.72823        0.00000        0.00000
wrapping first mol.:      -75.68707        0.00000        0.00000
wrapping first mol.:      -75.68707        0.00000        0.00000
wrapping first mol.:      -75.68852        0.00000        0.00000
wrapping first mol.:      -75.68852        0.00000        0.00000

 NSTEP =  6550000   TIME(PS) =   14800.000  TEMP(K) =   299.80  PRESS =     0.0
 Etot   =   -116912.0932  EKtot   =     20492.9004  EPtot      =   -137404.9936
 BOND   =       576.0363  ANGLE   =      1481.7881  DIHED      =       996.4656
 UB     =         0.0000  IMP     =         0.0000  CMAP       =       128.1720
 1-4 NB =       650.8565  1-4 EEL =      5861.8004  VDWAALS    =     16537.6050
 EELEC  =   -163637.7174  EHBOND  =         0.0000  RESTRAINT  =         0.0000
 EKCMT  =         0.0000  VIRIAL  =         0.0000  VOLUME     =    333786.0435
                                                    Density    =         1.0314
 ------------------------------------------------------------------------------

wrapping first mol.:      -75.71112        0.00000        0.00000
wrapping first mol.:      -75.71112        0.00000        0.00000
wrapping first mol.:      -75.76486        0.00000        0.00000
wrapping first mol.:      -75.76486        0.00000        0.00000
wrapping first mol.:      -75.62607        0.00000        0.00000
wrapping first mol.:      -75.62607        0.00000        0.00000
wrapping first mol.:      -75.62293        0.00000        0.00000
wrapping first mol.:      -75.62293        0.00000        0.00000
wrapping first mol.:      -75.70680        0.00000        0.00000
wrapping first mol.:      -75.70680        0.00000        0.00000

 NSTEP =  6575000   TIME(PS) =   14850.000  TEMP(K) =   298.76  PRESS =     0.0
 Etot   =   -116933.1598  EKtot   =     20421.7715  EPtot      =   -137354.9312
 BOND   =       588.8832  ANGLE   =      1474.5434  DIHED      =       993.2544
 UB     =         0.0000  IMP     =         0.0000  CMAP       =       143.9915
 1-4 NB =       648.1279  1-4 EEL =      5839.6626  VDWAALS    =     16519.6399
 EELEC  =   -163563.0342  EHBOND  =         0.0000  RESTRAINT  =         0.0000
 EKCMT  =         0.0000  VIRIAL  =         0.0000  VOLUME     =    334028.0112
                                                    Density    =         1.0306
 ------------------------------------------------------------------------------

wrapping first mol.:      -75.73490        0.00000        0.00000
wrapping first mol.:      -75.73490        0.00000        0.00000
wrapping first mol.:      -75.74070        0.00000        0.00000
wrapping first mol.:      -75.74070        0.00000        0.00000
wrapping first mol.:      -75.66048        0.00000        0.00000
wrapping first mol.:      -75.66048        0.00000        0.00000
wrapping first mol.:      -75.69934        0.00000        0.00000
wrapping first mol.:      -75.69934        0.00000        0.00000
wrapping first mol.:      -75.64065        0.00000        0.00000
wrapping first mol.:      -75.64065        0.00000        0.00000

 NSTEP =  6600000   TIME(PS) =   14900.000  TEMP(K) =   299.61  PRESS =     0.0
 Etot   =   -116986.0342  EKtot   =     20479.5664  EPtot      =   -137465.6006
 BOND   =       572.6007  ANGLE   =      1518.2292  DIHED      =       997.7170
 UB     =         0.0000  IMP     =         0.0000  CMAP       =       133.9424
 1-4 NB =       672.2284  1-4 EEL =      5846.3835  VDWAALS    =     16441.7707
 EELEC  =   -163648.4726  EHBOND  =         0.0000  RESTRAINT  =         0.0000
 EKCMT  =         0.0000  VIRIAL  =         0.0000  VOLUME     =    333153.0747
                                                    Density    =         1.0333
 ------------------------------------------------------------------------------

wrapping first mol.:      -75.73502        0.00000        0.00000
wrapping first mol.:      -75.73502        0.00000        0.00000
wrapping first mol.:      -75.76549        0.00000        0.00000
wrapping first mol.:      -75.76549        0.00000        0.00000
wrapping first mol.:      -75.62780        0.00000        0.00000
wrapping first mol.:      -75.62780        0.00000        0.00000
wrapping first mol.:      -75.70450        0.00000        0.00000
wrapping first mol.:      -75.70450        0.00000        0.00000
wrapping first mol.:      -75.63377        0.00000        0.00000
wrapping first mol.:      -75.63377        0.00000        0.00000

 NSTEP =  6625000   TIME(PS) =   14950.000  TEMP(K) =   302.70  PRESS =     0.0
 Etot   =   -116719.9614  EKtot   =     20690.6836  EPtot      =   -137410.6450
 BOND   =       600.3354  ANGLE   =      1472.5462  DIHED      =       976.7492
 UB     =         0.0000  IMP     =         0.0000  CMAP       =       144.9979
 1-4 NB =       652.1945  1-4 EEL =      5792.1566  VDWAALS    =     16437.5737
 EELEC  =   -163487.1984  EHBOND  =         0.0000  RESTRAINT  =         0.0000
 EKCMT  =         0.0000  VIRIAL  =         0.0000  VOLUME     =    333062.2532
                                                    Density    =         1.0336
 ------------------------------------------------------------------------------

wrapping first mol.:      -75.74013        0.00000        0.00000
wrapping first mol.:      -75.74013        0.00000        0.00000
wrapping first mol.:      -75.59530        0.00000        0.00000
wrapping first mol.:      -75.59530        0.00000        0.00000
wrapping first mol.:      -75.71664        0.00000        0.00000
wrapping first mol.:      -75.71664        0.00000        0.00000
wrapping first mol.:      -75.65151        0.00000        0.00000
wrapping first mol.:      -75.65151        0.00000        0.00000
wrapping first mol.:      -75.67855        0.00000        0.00000
wrapping first mol.:      -75.67855        0.00000        0.00000

 NSTEP =  6650000   TIME(PS) =   15000.000  TEMP(K) =   301.09  PRESS =     0.0
 Etot   =   -116684.8492  EKtot   =     20580.6523  EPtot      =   -137265.5015
 BOND   =       588.4861  ANGLE   =      1527.7511  DIHED      =       997.7994
 UB     =         0.0000  IMP     =         0.0000  CMAP       =       144.3127
 1-4 NB =       624.3792  1-4 EEL =      5822.4101  VDWAALS    =     16024.5804
 EELEC  =   -162995.2205  EHBOND  =         0.0000  RESTRAINT  =         0.0000
 EKCMT  =         0.0000  VIRIAL  =         0.0000  VOLUME     =    333654.1878
                                                    Density    =         1.0318
 ------------------------------------------------------------------------------

wrapping first mol.:      -75.69716        0.00000        0.00000
wrapping first mol.:      -75.69716        0.00000        0.00000
wrapping first mol.:      -75.67485        0.00000        0.00000
wrapping first mol.:      -75.67485        0.00000        0.00000
wrapping first mol.:      -75.64303        0.00000        0.00000
wrapping first mol.:      -75.64303        0.00000        0.00000
wrapping first mol.:      -75.66113        0.00000        0.00000
wrapping first mol.:      -75.66113        0.00000        0.00000
wrapping first mol.:      -75.73812        0.00000        0.00000
wrapping first mol.:      -75.73812        0.00000        0.00000

 NSTEP =  6675000   TIME(PS) =   15050.000  TEMP(K) =   298.46  PRESS =     0.0
 Etot   =   -117225.8953  EKtot   =     20400.7773  EPtot      =   -137626.6726
 BOND   =       569.1953  ANGLE   =      1500.5845  DIHED      =      1007.1853
 UB     =         0.0000  IMP     =         0.0000  CMAP       =       145.4674
 1-4 NB =       642.6452  1-4 EEL =      5772.5597  VDWAALS    =     16402.8638
 EELEC  =   -163667.1739  EHBOND  =         0.0000  RESTRAINT  =         0.0000
 EKCMT  =         0.0000  VIRIAL  =         0.0000  VOLUME     =    334442.7415
                                                    Density    =         1.0294
 ------------------------------------------------------------------------------

wrapping first mol.:      -75.70862        0.00000        0.00000
wrapping first mol.:      -75.70862        0.00000        0.00000
wrapping first mol.:      -75.76989        0.00000        0.00000
wrapping first mol.:      -75.76989        0.00000        0.00000
wrapping first mol.:      -75.64194        0.00000        0.00000
wrapping first mol.:      -75.64194        0.00000        0.00000
wrapping first mol.:      -75.66558        0.00000        0.00000
wrapping first mol.:      -75.66558        0.00000        0.00000
wrapping first mol.:      -75.73326        0.00000        0.00000
wrapping first mol.:      -75.73326        0.00000        0.00000

 NSTEP =  6700000   TIME(PS) =   15100.000  TEMP(K) =   301.21  PRESS =     0.0
 Etot   =   -117025.8714  EKtot   =     20588.7070  EPtot      =   -137614.5784
 BOND   =       555.3798  ANGLE   =      1553.2257  DIHED      =      1010.2558
 UB     =         0.0000  IMP     =         0.0000  CMAP       =       146.0050
 1-4 NB =       654.6577  1-4 EEL =      5844.9646  VDWAALS    =     16450.6273
 EELEC  =   -163829.6943  EHBOND  =         0.0000  RESTRAINT  =         0.0000
 EKCMT  =         0.0000  VIRIAL  =         0.0000  VOLUME     =    334378.3247
                                                    Density    =         1.0296
 ------------------------------------------------------------------------------

wrapping first mol.:      -75.64838        0.00000        0.00000
wrapping first mol.:      -75.64838        0.00000        0.00000
wrapping first mol.:      -75.58424        0.00000        0.00000
wrapping first mol.:      -75.58424        0.00000        0.00000
wrapping first mol.:      -75.63283        0.00000        0.00000
wrapping first mol.:      -75.63283        0.00000        0.00000
wrapping first mol.:      -75.62396        0.00000        0.00000
wrapping first mol.:      -75.62396        0.00000        0.00000
wrapping first mol.:      -75.68940        0.00000        0.00000
wrapping first mol.:      -75.68940        0.00000        0.00000

 NSTEP =  6725000   TIME(PS) =   15150.000  TEMP(K) =   301.15  PRESS =     0.0
 Etot   =   -116608.4991  EKtot   =     20584.6660  EPtot      =   -137193.1651
 BOND   =       527.5111  ANGLE   =      1529.6998  DIHED      =      1005.4850
 UB     =         0.0000  IMP     =         0.0000  CMAP       =       149.3728
 1-4 NB =       636.4339  1-4 EEL =      5890.1236  VDWAALS    =     16002.9861
 EELEC  =   -162934.7776  EHBOND  =         0.0000  RESTRAINT  =         0.0000
 EKCMT  =         0.0000  VIRIAL  =         0.0000  VOLUME     =    333797.6215
                                                    Density    =         1.0313
 ------------------------------------------------------------------------------

wrapping first mol.:      -75.67314        0.00000        0.00000
wrapping first mol.:      -75.67314        0.00000        0.00000
wrapping first mol.:      -75.64953        0.00000        0.00000
wrapping first mol.:      -75.64953        0.00000        0.00000
wrapping first mol.:      -75.59849        0.00000        0.00000
wrapping first mol.:      -75.59849        0.00000        0.00000
wrapping first mol.:      -75.61676        0.00000        0.00000
wrapping first mol.:      -75.61676        0.00000        0.00000
wrapping first mol.:      -75.62387        0.00000        0.00000
wrapping first mol.:      -75.62387        0.00000        0.00000

 NSTEP =  6750000   TIME(PS) =   15200.000  TEMP(K) =   298.65  PRESS =     0.0
 Etot   =   -116909.1978  EKtot   =     20413.8594  EPtot      =   -137323.0572
 BOND   =       605.8859  ANGLE   =      1550.8308  DIHED      =      1001.5659
 UB     =         0.0000  IMP     =         0.0000  CMAP       =       147.4093
 1-4 NB =       624.6562  1-4 EEL =      5850.6704  VDWAALS    =     16131.3955
 EELEC  =   -163235.4712  EHBOND  =         0.0000  RESTRAINT  =         0.0000
 EKCMT  =         0.0000  VIRIAL  =         0.0000  VOLUME     =    332931.4513
                                                    Density    =         1.0340
 ------------------------------------------------------------------------------

wrapping first mol.:      -75.65784        0.00000        0.00000
wrapping first mol.:      -75.65784        0.00000        0.00000
wrapping first mol.:      -75.69576        0.00000        0.00000
wrapping first mol.:      -75.69576        0.00000        0.00000
wrapping first mol.:      -75.65004        0.00000        0.00000
wrapping first mol.:      -75.65004        0.00000        0.00000
wrapping first mol.:      -75.73588        0.00000        0.00000
wrapping first mol.:      -75.73588        0.00000        0.00000
wrapping first mol.:      -75.70649        0.00000        0.00000
wrapping first mol.:      -75.70649        0.00000        0.00000

 NSTEP =  6775000   TIME(PS) =   15250.000  TEMP(K) =   300.24  PRESS =     0.0
 Etot   =   -116988.4379  EKtot   =     20522.8574  EPtot      =   -137511.2954
 BOND   =       552.4125  ANGLE   =      1482.6796  DIHED      =      1020.5901
 UB     =         0.0000  IMP     =         0.0000  CMAP       =       143.9277
 1-4 NB =       651.2579  1-4 EEL =      5897.5939  VDWAALS    =     16274.0502
 EELEC  =   -163533.8072  EHBOND  =         0.0000  RESTRAINT  =         0.0000
 EKCMT  =         0.0000  VIRIAL  =         0.0000  VOLUME     =    334023.8862
                                                    Density    =         1.0306
 ------------------------------------------------------------------------------

wrapping first mol.:      -75.73107        0.00000        0.00000
wrapping first mol.:      -75.73107        0.00000        0.00000
wrapping first mol.:      -75.59068        0.00000        0.00000
wrapping first mol.:      -75.59068        0.00000        0.00000
wrapping first mol.:      -75.61416        0.00000        0.00000
wrapping first mol.:      -75.61416        0.00000        0.00000
wrapping first mol.:      -75.64307        0.00000        0.00000
wrapping first mol.:      -75.64307        0.00000        0.00000
wrapping first mol.:      -75.74831        0.00000        0.00000
wrapping first mol.:      -75.74831        0.00000        0.00000

 NSTEP =  6800000   TIME(PS) =   15300.000  TEMP(K) =   302.42  PRESS =     0.0
 Etot   =   -116518.3050  EKtot   =     20671.4980  EPtot      =   -137189.8030
 BOND   =       568.2169  ANGLE   =      1552.6701  DIHED      =      1038.0811
 UB     =         0.0000  IMP     =         0.0000  CMAP       =       143.6713
 1-4 NB =       640.9813  1-4 EEL =      5899.8164  VDWAALS    =     16434.7138
 EELEC  =   -163467.9539  EHBOND  =         0.0000  RESTRAINT  =         0.0000
 EKCMT  =         0.0000  VIRIAL  =         0.0000  VOLUME     =    334577.6820
                                                    Density    =         1.0289
 ------------------------------------------------------------------------------

wrapping first mol.:      -75.70252        0.00000        0.00000
wrapping first mol.:      -75.70252        0.00000        0.00000
wrapping first mol.:      -75.61745        0.00000        0.00000
wrapping first mol.:      -75.61745        0.00000        0.00000
wrapping first mol.:      -75.81211        0.00000        0.00000
wrapping first mol.:      -75.81211        0.00000        0.00000
wrapping first mol.:      -75.73788        0.00000        0.00000
wrapping first mol.:      -75.73788        0.00000        0.00000
wrapping first mol.:      -75.64366        0.00000        0.00000
wrapping first mol.:      -75.64366        0.00000        0.00000

 NSTEP =  6825000   TIME(PS) =   15350.000  TEMP(K) =   299.56  PRESS =     0.0
 Etot   =   -116811.7092  EKtot   =     20475.9297  EPtot      =   -137287.6389
 BOND   =       587.2071  ANGLE   =      1513.8602  DIHED      =       993.2651
 UB     =         0.0000  IMP     =         0.0000  CMAP       =       129.9743
 1-4 NB =       642.1677  1-4 EEL =      5867.7002  VDWAALS    =     16384.2701
 EELEC  =   -163406.0837  EHBOND  =         0.0000  RESTRAINT  =         0.0000
 EKCMT  =         0.0000  VIRIAL  =         0.0000  VOLUME     =    333192.8700
                                                    Density    =         1.0332
 ------------------------------------------------------------------------------

wrapping first mol.:      -75.60325        0.00000        0.00000
wrapping first mol.:      -75.60325        0.00000        0.00000
wrapping first mol.:      -75.71779        0.00000        0.00000
wrapping first mol.:      -75.71779        0.00000        0.00000
wrapping first mol.:      -75.75152        0.00000        0.00000
wrapping first mol.:      -75.75152        0.00000        0.00000
wrapping first mol.:      -75.61867        0.00000        0.00000
wrapping first mol.:      -75.61867        0.00000        0.00000
wrapping first mol.:      -75.72293        0.00000        0.00000
wrapping first mol.:      -75.72293        0.00000        0.00000

 NSTEP =  6850000   TIME(PS) =   15400.000  TEMP(K) =   299.69  PRESS =     0.0
 Etot   =   -117079.6428  EKtot   =     20485.4023  EPtot      =   -137565.0452
 BOND   =       530.0789  ANGLE   =      1512.1358  DIHED      =       990.9263
 UB     =         0.0000  IMP     =         0.0000  CMAP       =       142.7914
 1-4 NB =       633.6307  1-4 EEL =      5878.8374  VDWAALS    =     16490.6822
 EELEC  =   -163744.1279  EHBOND  =         0.0000  RESTRAINT  =         0.0000
 EKCMT  =         0.0000  VIRIAL  =         0.0000  VOLUME     =    334241.5195
                                                    Density    =         1.0300
 ------------------------------------------------------------------------------

wrapping first mol.:      -75.70579        0.00000        0.00000
wrapping first mol.:      -75.70579        0.00000        0.00000
wrapping first mol.:      -75.64921        0.00000        0.00000
wrapping first mol.:      -75.64921        0.00000        0.00000
wrapping first mol.:      -75.69830        0.00000        0.00000
wrapping first mol.:      -75.69830        0.00000        0.00000
wrapping first mol.:      -75.67981        0.00000        0.00000
wrapping first mol.:      -75.67981        0.00000        0.00000
wrapping first mol.:      -75.67891        0.00000        0.00000
wrapping first mol.:      -75.67891        0.00000        0.00000

 NSTEP =  6875000   TIME(PS) =   15450.000  TEMP(K) =   301.12  PRESS =     0.0
 Etot   =   -116495.5959  EKtot   =     20582.8906  EPtot      =   -137078.4865
 BOND   =       581.8703  ANGLE   =      1545.9738  DIHED      =      1006.9751
 UB     =         0.0000  IMP     =         0.0000  CMAP       =       133.5427
 1-4 NB =       651.2656  1-4 EEL =      5898.8730  VDWAALS    =     16477.3676
 EELEC  =   -163374.3547  EHBOND  =         0.0000  RESTRAINT  =         0.0000
 EKCMT  =         0.0000  VIRIAL  =         0.0000  VOLUME     =    333658.9519
                                                    Density    =         1.0318
 ------------------------------------------------------------------------------

wrapping first mol.:      -75.58134        0.00000        0.00000
wrapping first mol.:      -75.58134        0.00000        0.00000
wrapping first mol.:      -75.69854        0.00000        0.00000
wrapping first mol.:      -75.69854        0.00000        0.00000
wrapping first mol.:      -75.75831        0.00000        0.00000
wrapping first mol.:      -75.75831        0.00000        0.00000
wrapping first mol.:      -75.78569        0.00000        0.00000
wrapping first mol.:      -75.78569        0.00000        0.00000
wrapping first mol.:      -75.63852        0.00000        0.00000
wrapping first mol.:      -75.63852        0.00000        0.00000

 NSTEP =  6900000   TIME(PS) =   15500.000  TEMP(K) =   299.23  PRESS =     0.0
 Etot   =   -116657.0641  EKtot   =     20453.5586  EPtot      =   -137110.6226
 BOND   =       599.8190  ANGLE   =      1516.1717  DIHED      =       980.8376
 UB     =         0.0000  IMP     =         0.0000  CMAP       =       138.5185
 1-4 NB =       642.2576  1-4 EEL =      5874.6478  VDWAALS    =     16054.5372
 EELEC  =   -162917.4121  EHBOND  =         0.0000  RESTRAINT  =         0.0000
 EKCMT  =         0.0000  VIRIAL  =         0.0000  VOLUME     =    333124.9728
                                                    Density    =         1.0334
 ------------------------------------------------------------------------------

wrapping first mol.:      -75.65236        0.00000        0.00000
wrapping first mol.:      -75.65236        0.00000        0.00000
wrapping first mol.:      -75.65320        0.00000        0.00000
wrapping first mol.:      -75.65320        0.00000        0.00000
wrapping first mol.:      -75.72955        0.00000        0.00000
wrapping first mol.:      -75.72955        0.00000        0.00000
wrapping first mol.:      -75.70035        0.00000        0.00000
wrapping first mol.:      -75.70035        0.00000        0.00000
wrapping first mol.:      -75.65466        0.00000        0.00000
wrapping first mol.:      -75.65466        0.00000        0.00000

 NSTEP =  6925000   TIME(PS) =   15550.000  TEMP(K) =   301.21  PRESS =     0.0
 Etot   =   -116900.7729  EKtot   =     20589.2246  EPtot      =   -137489.9975
 BOND   =       569.8295  ANGLE   =      1492.7553  DIHED      =      1001.5805
 UB     =         0.0000  IMP     =         0.0000  CMAP       =       129.7393
 1-4 NB =       645.2732  1-4 EEL =      5896.3567  VDWAALS    =     16253.2388
 EELEC  =   -163478.7708  EHBOND  =         0.0000  RESTRAINT  =         0.0000
 EKCMT  =         0.0000  VIRIAL  =         0.0000  VOLUME     =    333338.3023
                                                    Density    =         1.0328
 ------------------------------------------------------------------------------

wrapping first mol.:      -75.66894        0.00000        0.00000
wrapping first mol.:      -75.66894        0.00000        0.00000
wrapping first mol.:      -75.65226        0.00000        0.00000
wrapping first mol.:      -75.65226        0.00000        0.00000
wrapping first mol.:      -75.63576        0.00000        0.00000
wrapping first mol.:      -75.63576        0.00000        0.00000
wrapping first mol.:      -75.57698        0.00000        0.00000
wrapping first mol.:      -75.57698        0.00000        0.00000
wrapping first mol.:      -75.70541        0.00000        0.00000
wrapping first mol.:      -75.70541        0.00000        0.00000

 NSTEP =  6950000   TIME(PS) =   15600.000  TEMP(K) =   299.65  PRESS =     0.0
 Etot   =   -116990.2854  EKtot   =     20482.7422  EPtot      =   -137473.0276
 BOND   =       595.0364  ANGLE   =      1464.0752  DIHED      =      1005.8276
 UB     =         0.0000  IMP     =         0.0000  CMAP       =       137.0825
 1-4 NB =       647.7153  1-4 EEL =      5894.9425  VDWAALS    =     16290.0923
 EELEC  =   -163507.7995  EHBOND  =         0.0000  RESTRAINT  =         0.0000
 EKCMT  =         0.0000  VIRIAL  =         0.0000  VOLUME     =    334009.4941
                                                    Density    =         1.0307
 ------------------------------------------------------------------------------

wrapping first mol.:      -75.60099        0.00000        0.00000
wrapping first mol.:      -75.60099        0.00000        0.00000
wrapping first mol.:      -75.61081        0.00000        0.00000
wrapping first mol.:      -75.61081        0.00000        0.00000
wrapping first mol.:      -75.71644        0.00000        0.00000
wrapping first mol.:      -75.71644        0.00000        0.00000
wrapping first mol.:      -75.72327        0.00000        0.00000
wrapping first mol.:      -75.72327        0.00000        0.00000
wrapping first mol.:      -75.63398        0.00000        0.00000
wrapping first mol.:      -75.63398        0.00000        0.00000

 NSTEP =  6975000   TIME(PS) =   15650.000  TEMP(K) =   297.46  PRESS =     0.0
 Etot   =   -117100.7967  EKtot   =     20333.0488  EPtot      =   -137433.8455
 BOND   =       590.9506  ANGLE   =      1514.7495  DIHED      =       982.8230
 UB     =         0.0000  IMP     =         0.0000  CMAP       =       128.1809
 1-4 NB =       659.8474  1-4 EEL =      5836.8674  VDWAALS    =     16238.0217
 EELEC  =   -163385.2859  EHBOND  =         0.0000  RESTRAINT  =         0.0000
 EKCMT  =         0.0000  VIRIAL  =         0.0000  VOLUME     =    333065.0540
                                                    Density    =         1.0336
 ------------------------------------------------------------------------------

wrapping first mol.:      -75.66135        0.00000        0.00000
wrapping first mol.:      -75.66135        0.00000        0.00000
wrapping first mol.:      -75.69122        0.00000        0.00000
wrapping first mol.:      -75.69122        0.00000        0.00000
wrapping first mol.:      -75.71449        0.00000        0.00000
wrapping first mol.:      -75.71449        0.00000        0.00000
wrapping first mol.:      -75.66917        0.00000        0.00000
wrapping first mol.:      -75.66917        0.00000        0.00000
wrapping first mol.:      -75.67097        0.00000        0.00000
wrapping first mol.:      -75.67097        0.00000        0.00000

 NSTEP =  7000000   TIME(PS) =   15700.000  TEMP(K) =   301.36  PRESS =     0.0
 Etot   =   -117205.7609  EKtot   =     20599.5293  EPtot      =   -137805.2902
 BOND   =       531.4107  ANGLE   =      1469.2806  DIHED      =      1014.7125
 UB     =         0.0000  IMP     =         0.0000  CMAP       =       136.7638
 1-4 NB =       634.7326  1-4 EEL =      5824.0480  VDWAALS    =     16612.7035
 EELEC  =   -164028.9420  EHBOND  =         0.0000  RESTRAINT  =         0.0000
 EKCMT  =         0.0000  VIRIAL  =         0.0000  VOLUME     =    333553.9647
                                                    Density    =         1.0321
 ------------------------------------------------------------------------------

wrapping first mol.:      -75.71727        0.00000        0.00000
wrapping first mol.:      -75.71727        0.00000        0.00000
wrapping first mol.:      -75.76246        0.00000        0.00000
wrapping first mol.:      -75.76246        0.00000        0.00000
wrapping first mol.:      -75.70498        0.00000        0.00000
wrapping first mol.:      -75.70498        0.00000        0.00000
wrapping first mol.:      -75.77848        0.00000        0.00000
wrapping first mol.:      -75.77848        0.00000        0.00000
wrapping first mol.:      -75.75126        0.00000        0.00000
wrapping first mol.:      -75.75126        0.00000        0.00000

 NSTEP =  7025000   TIME(PS) =   15750.000  TEMP(K) =   302.78  PRESS =     0.0
 Etot   =   -116669.3596  EKtot   =     20696.6797  EPtot      =   -137366.0393
 BOND   =       567.1669  ANGLE   =      1553.2488  DIHED      =      1035.3731
 UB     =         0.0000  IMP     =         0.0000  CMAP       =       144.4130
 1-4 NB =       636.4780  1-4 EEL =      5846.7922  VDWAALS    =     16683.4161
 EELEC  =   -163832.9274  EHBOND  =         0.0000  RESTRAINT  =         0.0000
 EKCMT  =         0.0000  VIRIAL  =         0.0000  VOLUME     =    334616.8404
                                                    Density    =         1.0288
 ------------------------------------------------------------------------------

wrapping first mol.:      -75.69288        0.00000        0.00000
wrapping first mol.:      -75.69288        0.00000        0.00000
wrapping first mol.:      -75.68502        0.00000        0.00000
wrapping first mol.:      -75.68502        0.00000        0.00000
wrapping first mol.:      -75.62277        0.00000        0.00000
wrapping first mol.:      -75.62277        0.00000        0.00000
wrapping first mol.:      -75.68421        0.00000        0.00000
wrapping first mol.:      -75.68421        0.00000        0.00000
wrapping first mol.:      -75.62234        0.00000        0.00000
wrapping first mol.:      -75.62234        0.00000        0.00000

 NSTEP =  7050000   TIME(PS) =   15800.000  TEMP(K) =   298.87  PRESS =     0.0
 Etot   =   -116835.2179  EKtot   =     20429.2285  EPtot      =   -137264.4464
 BOND   =       559.3567  ANGLE   =      1527.7105  DIHED      =       988.5905
 UB     =         0.0000  IMP     =         0.0000  CMAP       =       143.2766
 1-4 NB =       658.3689  1-4 EEL =      5814.7673  VDWAALS    =     16458.0009
 EELEC  =   -163414.5178  EHBOND  =         0.0000  RESTRAINT  =         0.0000
 EKCMT  =         0.0000  VIRIAL  =         0.0000  VOLUME     =    332911.2410
                                                    Density    =         1.0341
 ------------------------------------------------------------------------------

wrapping first mol.:      -75.65088        0.00000        0.00000
wrapping first mol.:      -75.65088        0.00000        0.00000
wrapping first mol.:      -75.72132        0.00000        0.00000
wrapping first mol.:      -75.72132        0.00000        0.00000
wrapping first mol.:      -75.63764        0.00000        0.00000
wrapping first mol.:      -75.63764        0.00000        0.00000
wrapping first mol.:      -75.73850        0.00000        0.00000
wrapping first mol.:      -75.73850        0.00000        0.00000
wrapping first mol.:      -75.64561        0.00000        0.00000
wrapping first mol.:      -75.64561        0.00000        0.00000

 NSTEP =  7075000   TIME(PS) =   15850.000  TEMP(K) =   300.02  PRESS =     0.0
 Etot   =   -117003.2984  EKtot   =     20507.8672  EPtot      =   -137511.1656
 BOND   =       542.8490  ANGLE   =      1486.2212  DIHED      =       965.9068
 UB     =         0.0000  IMP     =         0.0000  CMAP       =       148.7493
 1-4 NB =       641.7724  1-4 EEL =      5795.1175  VDWAALS    =     16196.3062
 EELEC  =   -163288.0880  EHBOND  =         0.0000  RESTRAINT  =         0.0000
 EKCMT  =         0.0000  VIRIAL  =         0.0000  VOLUME     =    333218.6101
                                                    Density    =         1.0331
 ------------------------------------------------------------------------------

wrapping first mol.:      -75.77086        0.00000        0.00000
wrapping first mol.:      -75.77086        0.00000        0.00000
wrapping first mol.:      -75.69840        0.00000        0.00000
wrapping first mol.:      -75.69840        0.00000        0.00000
wrapping first mol.:      -75.61863        0.00000        0.00000
wrapping first mol.:      -75.61863        0.00000        0.00000
wrapping first mol.:      -75.72142        0.00000        0.00000
wrapping first mol.:      -75.72142        0.00000        0.00000
wrapping first mol.:      -75.74808        0.00000        0.00000
wrapping first mol.:      -75.74808        0.00000        0.00000

 NSTEP =  7100000   TIME(PS) =   15900.000  TEMP(K) =   298.86  PRESS =     0.0
 Etot   =   -117137.4534  EKtot   =     20428.3633  EPtot      =   -137565.8167
 BOND   =       568.5910  ANGLE   =      1537.8490  DIHED      =       988.4050
 UB     =         0.0000  IMP     =         0.0000  CMAP       =       139.0062
 1-4 NB =       633.7975  1-4 EEL =      5867.7002  VDWAALS    =     16627.7484
 EELEC  =   -163928.9139  EHBOND  =         0.0000  RESTRAINT  =         0.0000
 EKCMT  =         0.0000  VIRIAL  =         0.0000  VOLUME     =    334574.6341
                                                    Density    =         1.0289
 ------------------------------------------------------------------------------

wrapping first mol.:      -75.66302        0.00000        0.00000
wrapping first mol.:      -75.66302        0.00000        0.00000
wrapping first mol.:      -75.64379        0.00000        0.00000
wrapping first mol.:      -75.64379        0.00000        0.00000
wrapping first mol.:      -75.71706        0.00000        0.00000
wrapping first mol.:      -75.71706        0.00000        0.00000
wrapping first mol.:      -75.70713        0.00000        0.00000
wrapping first mol.:      -75.70713        0.00000        0.00000
wrapping first mol.:      -75.73986        0.00000        0.00000
wrapping first mol.:      -75.73986        0.00000        0.00000

 NSTEP =  7125000   TIME(PS) =   15950.000  TEMP(K) =   299.71  PRESS =     0.0
 Etot   =   -116761.9444  EKtot   =     20486.3652  EPtot      =   -137248.3097
 BOND   =       566.7880  ANGLE   =      1530.4384  DIHED      =       995.0083
 UB     =         0.0000  IMP     =         0.0000  CMAP       =       141.4621
 1-4 NB =       639.4325  1-4 EEL =      5845.1063  VDWAALS    =     16261.1886
 EELEC  =   -163227.7338  EHBOND  =         0.0000  RESTRAINT  =         0.0000
 EKCMT  =         0.0000  VIRIAL  =         0.0000  VOLUME     =    334465.6677
                                                    Density    =         1.0293
 ------------------------------------------------------------------------------

wrapping first mol.:      -75.66959        0.00000        0.00000
wrapping first mol.:      -75.66959        0.00000        0.00000
wrapping first mol.:      -75.76594        0.00000        0.00000
wrapping first mol.:      -75.76594        0.00000        0.00000
wrapping first mol.:      -75.64109        0.00000        0.00000
wrapping first mol.:      -75.64109        0.00000        0.00000
wrapping first mol.:      -75.63387        0.00000        0.00000
wrapping first mol.:      -75.63387        0.00000        0.00000
wrapping first mol.:      -75.75745        0.00000        0.00000
wrapping first mol.:      -75.75745        0.00000        0.00000

 NSTEP =  7150000   TIME(PS) =   16000.000  TEMP(K) =   300.44  PRESS =     0.0
 Etot   =   -117018.3749  EKtot   =     20536.4336  EPtot      =   -137554.8085
 BOND   =       576.7788  ANGLE   =      1517.2282  DIHED      =       992.8296
 UB     =         0.0000  IMP     =         0.0000  CMAP       =       142.1786
 1-4 NB =       638.1658  1-4 EEL =      5879.9085  VDWAALS    =     16430.2373
 EELEC  =   -163732.1353  EHBOND  =         0.0000  RESTRAINT  =         0.0000
 EKCMT  =         0.0000  VIRIAL  =         0.0000  VOLUME     =    334698.8330
                                                    Density    =         1.0286
 ------------------------------------------------------------------------------

wrapping first mol.:      -75.61065        0.00000        0.00000
wrapping first mol.:      -75.61065        0.00000        0.00000
wrapping first mol.:      -75.71731        0.00000        0.00000
wrapping first mol.:      -75.71731        0.00000        0.00000
wrapping first mol.:      -75.64354        0.00000        0.00000
wrapping first mol.:      -75.64354        0.00000        0.00000
wrapping first mol.:      -75.83145        0.00000        0.00000
wrapping first mol.:      -75.83145        0.00000        0.00000
wrapping first mol.:      -75.67132        0.00000        0.00000
wrapping first mol.:      -75.67132        0.00000        0.00000

 NSTEP =  7175000   TIME(PS) =   16050.000  TEMP(K) =   299.19  PRESS =     0.0
 Etot   =   -117023.1648  EKtot   =     20450.8984  EPtot      =   -137474.0632
 BOND   =       593.3321  ANGLE   =      1524.2238  DIHED      =      1001.4718
 UB     =         0.0000  IMP     =         0.0000  CMAP       =       133.3447
 1-4 NB =       642.6292  1-4 EEL =      5862.1500  VDWAALS    =     15978.2664
 EELEC  =   -163209.4813  EHBOND  =         0.0000  RESTRAINT  =         0.0000
 EKCMT  =         0.0000  VIRIAL  =         0.0000  VOLUME     =    333558.5507
                                                    Density    =         1.0321
 ------------------------------------------------------------------------------

wrapping first mol.:      -75.68686        0.00000        0.00000
wrapping first mol.:      -75.68686        0.00000        0.00000
wrapping first mol.:      -75.69584        0.00000        0.00000
wrapping first mol.:      -75.69584        0.00000        0.00000
wrapping first mol.:      -75.64925        0.00000        0.00000
wrapping first mol.:      -75.64925        0.00000        0.00000
wrapping first mol.:      -75.75118        0.00000        0.00000
wrapping first mol.:      -75.75118        0.00000        0.00000
wrapping first mol.:      -75.74727        0.00000        0.00000
wrapping first mol.:      -75.74727        0.00000        0.00000

 NSTEP =  7200000   TIME(PS) =   16100.000  TEMP(K) =   299.71  PRESS =     0.0
 Etot   =   -116885.6382  EKtot   =     20486.2363  EPtot      =   -137371.8745
 BOND   =       536.3767  ANGLE   =      1499.9645  DIHED      =       983.3441
 UB     =         0.0000  IMP     =         0.0000  CMAP       =       140.1622
 1-4 NB =       656.9222  1-4 EEL =      5863.1526  VDWAALS    =     16182.8487
 EELEC  =   -163234.6455  EHBOND  =         0.0000  RESTRAINT  =         0.0000
 EKCMT  =         0.0000  VIRIAL  =         0.0000  VOLUME     =    334563.8752
                                                    Density    =         1.0290
 ------------------------------------------------------------------------------

wrapping first mol.:      -75.65906        0.00000        0.00000
wrapping first mol.:      -75.65906        0.00000        0.00000
wrapping first mol.:      -75.56484        0.00000        0.00000
wrapping first mol.:      -75.56484        0.00000        0.00000
wrapping first mol.:      -75.63485        0.00000        0.00000
wrapping first mol.:      -75.63485        0.00000        0.00000
wrapping first mol.:      -75.66700        0.00000        0.00000
wrapping first mol.:      -75.66700        0.00000        0.00000
wrapping first mol.:      -75.66387        0.00000        0.00000
wrapping first mol.:      -75.66387        0.00000        0.00000

 NSTEP =  7225000   TIME(PS) =   16150.000  TEMP(K) =   297.21  PRESS =     0.0
 Etot   =   -117259.1422  EKtot   =     20315.6934  EPtot      =   -137574.8356
 BOND   =       558.7142  ANGLE   =      1496.6036  DIHED      =       995.1805
 UB     =         0.0000  IMP     =         0.0000  CMAP       =       134.2415
 1-4 NB =       634.9705  1-4 EEL =      5791.1348  VDWAALS    =     16055.4374
 EELEC  =   -163241.1180  EHBOND  =         0.0000  RESTRAINT  =         0.0000
 EKCMT  =         0.0000  VIRIAL  =         0.0000  VOLUME     =    333460.0877
                                                    Density    =         1.0324
 ------------------------------------------------------------------------------

wrapping first mol.:      -75.58489        0.00000        0.00000
wrapping first mol.:      -75.58489        0.00000        0.00000
wrapping first mol.:      -75.72082        0.00000        0.00000
wrapping first mol.:      -75.72082        0.00000        0.00000
wrapping first mol.:      -75.71688        0.00000        0.00000
wrapping first mol.:      -75.71688        0.00000        0.00000
wrapping first mol.:      -75.72819        0.00000        0.00000
wrapping first mol.:      -75.72819        0.00000        0.00000
wrapping first mol.:      -75.64061        0.00000        0.00000
wrapping first mol.:      -75.64061        0.00000        0.00000

 NSTEP =  7250000   TIME(PS) =   16200.000  TEMP(K) =   299.37  PRESS =     0.0
 Etot   =   -117002.4323  EKtot   =     20463.2207  EPtot      =   -137465.6530
 BOND   =       560.9763  ANGLE   =      1555.5343  DIHED      =       987.5099
 UB     =         0.0000  IMP     =         0.0000  CMAP       =       143.8655
 1-4 NB =       651.6489  1-4 EEL =      5853.5830  VDWAALS    =     16397.1861
 EELEC  =   -163615.9569  EHBOND  =         0.0000  RESTRAINT  =         0.0000
 EKCMT  =         0.0000  VIRIAL  =         0.0000  VOLUME     =    333152.6055
                                                    Density    =         1.0333
 ------------------------------------------------------------------------------

wrapping first mol.:      -75.66276        0.00000        0.00000
wrapping first mol.:      -75.66276        0.00000        0.00000
wrapping first mol.:      -75.74320        0.00000        0.00000
wrapping first mol.:      -75.74320        0.00000        0.00000
wrapping first mol.:      -75.79705        0.00000        0.00000
wrapping first mol.:      -75.79705        0.00000        0.00000
wrapping first mol.:      -75.71162        0.00000        0.00000
wrapping first mol.:      -75.71162        0.00000        0.00000
wrapping first mol.:      -75.72437        0.00000        0.00000
wrapping first mol.:      -75.72437        0.00000        0.00000

 NSTEP =  7275000   TIME(PS) =   16250.000  TEMP(K) =   300.08  PRESS =     0.0
 Etot   =   -116915.3221  EKtot   =     20511.8809  EPtot      =   -137427.2030
 BOND   =       564.9211  ANGLE   =      1534.7455  DIHED      =       985.5591
 UB     =         0.0000  IMP     =         0.0000  CMAP       =       146.9095
 1-4 NB =       639.7506  1-4 EEL =      5839.4274  VDWAALS    =     16395.3786
 EELEC  =   -163533.8948  EHBOND  =         0.0000  RESTRAINT  =         0.0000
 EKCMT  =         0.0000  VIRIAL  =         0.0000  VOLUME     =    334260.5735
                                                    Density    =         1.0299
 ------------------------------------------------------------------------------

wrapping first mol.:      -75.77732        0.00000        0.00000
wrapping first mol.:      -75.77732        0.00000        0.00000
wrapping first mol.:      -75.61156        0.00000        0.00000
wrapping first mol.:      -75.61156        0.00000        0.00000
wrapping first mol.:      -75.61702        0.00000        0.00000
wrapping first mol.:      -75.61702        0.00000        0.00000
wrapping first mol.:      -75.77450        0.00000        0.00000
wrapping first mol.:      -75.77450        0.00000        0.00000
wrapping first mol.:      -75.79909        0.00000        0.00000
wrapping first mol.:      -75.79909        0.00000        0.00000

 NSTEP =  7300000   TIME(PS) =   16300.000  TEMP(K) =   298.12  PRESS =     0.0
 Etot   =   -116785.5721  EKtot   =     20377.9844  EPtot      =   -137163.5565
 BOND   =       558.8497  ANGLE   =      1529.8169  DIHED      =      1014.8151
 UB     =         0.0000  IMP     =         0.0000  CMAP       =       134.7606
 1-4 NB =       652.3693  1-4 EEL =      5857.1985  VDWAALS    =     16513.3098
 EELEC  =   -163424.6763  EHBOND  =         0.0000  RESTRAINT  =         0.0000
 EKCMT  =         0.0000  VIRIAL  =         0.0000  VOLUME     =    335251.0653
                                                    Density    =         1.0269
 ------------------------------------------------------------------------------

wrapping first mol.:      -75.72751        0.00000        0.00000
wrapping first mol.:      -75.72751        0.00000        0.00000
wrapping first mol.:      -75.69090        0.00000        0.00000
wrapping first mol.:      -75.69090        0.00000        0.00000
wrapping first mol.:      -75.78671        0.00000        0.00000
wrapping first mol.:      -75.78671        0.00000        0.00000
wrapping first mol.:      -75.72339        0.00000        0.00000
wrapping first mol.:      -75.72339        0.00000        0.00000
wrapping first mol.:      -75.65648        0.00000        0.00000
wrapping first mol.:      -75.65648        0.00000        0.00000

 NSTEP =  7325000   TIME(PS) =   16350.000  TEMP(K) =   298.17  PRESS =     0.0
 Etot   =   -116845.8513  EKtot   =     20381.3223  EPtot      =   -137227.1736
 BOND   =       517.5351  ANGLE   =      1514.1582  DIHED      =       986.7295
 UB     =         0.0000  IMP     =         0.0000  CMAP       =       138.9178
 1-4 NB =       643.2473  1-4 EEL =      5864.4331  VDWAALS    =     16072.6336
 EELEC  =   -162964.8281  EHBOND  =         0.0000  RESTRAINT  =         0.0000
 EKCMT  =         0.0000  VIRIAL  =         0.0000  VOLUME     =    333362.3329
                                                    Density    =         1.0327
 ------------------------------------------------------------------------------

wrapping first mol.:      -75.67578        0.00000        0.00000
wrapping first mol.:      -75.67578        0.00000        0.00000
wrapping first mol.:      -75.64916        0.00000        0.00000
wrapping first mol.:      -75.64916        0.00000        0.00000
wrapping first mol.:      -75.69460        0.00000        0.00000
wrapping first mol.:      -75.69460        0.00000        0.00000
wrapping first mol.:      -75.67300        0.00000        0.00000
wrapping first mol.:      -75.67300        0.00000        0.00000
wrapping first mol.:      -75.66834        0.00000        0.00000
wrapping first mol.:      -75.66834        0.00000        0.00000

 NSTEP =  7350000   TIME(PS) =   16400.000  TEMP(K) =   303.74  PRESS =     0.0
 Etot   =   -116574.1019  EKtot   =     20762.2891  EPtot      =   -137336.3910
 BOND   =       554.7549  ANGLE   =      1532.9954  DIHED      =      1000.5853
 UB     =         0.0000  IMP     =         0.0000  CMAP       =       144.7501
 1-4 NB =       662.6457  1-4 EEL =      5868.3754  VDWAALS    =     16683.5110
 EELEC  =   -163784.0087  EHBOND  =         0.0000  RESTRAINT  =         0.0000
 EKCMT  =         0.0000  VIRIAL  =         0.0000  VOLUME     =    333519.1306
                                                    Density    =         1.0322
 ------------------------------------------------------------------------------

wrapping first mol.:      -75.67537        0.00000        0.00000
wrapping first mol.:      -75.67537        0.00000        0.00000
wrapping first mol.:      -75.68169        0.00000        0.00000
wrapping first mol.:      -75.68169        0.00000        0.00000
wrapping first mol.:      -75.60824        0.00000        0.00000
wrapping first mol.:      -75.60824        0.00000        0.00000
wrapping first mol.:      -75.70212        0.00000        0.00000
wrapping first mol.:      -75.70212        0.00000        0.00000
wrapping first mol.:      -75.74315        0.00000        0.00000
wrapping first mol.:      -75.74315        0.00000        0.00000

 NSTEP =  7375000   TIME(PS) =   16450.000  TEMP(K) =   299.46  PRESS =     0.0
 Etot   =   -116857.0269  EKtot   =     20469.1133  EPtot      =   -137326.1401
 BOND   =       550.6977  ANGLE   =      1514.8853  DIHED      =      1000.2632
 UB     =         0.0000  IMP     =         0.0000  CMAP       =       137.6410
 1-4 NB =       644.0759  1-4 EEL =      5877.2983  VDWAALS    =     16173.8404
 EELEC  =   -163224.8418  EHBOND  =         0.0000  RESTRAINT  =         0.0000
 EKCMT  =         0.0000  VIRIAL  =         0.0000  VOLUME     =    334509.3331
                                                    Density    =         1.0291
 ------------------------------------------------------------------------------

wrapping first mol.:      -75.63539        0.00000        0.00000
wrapping first mol.:      -75.63539        0.00000        0.00000
wrapping first mol.:      -75.65117        0.00000        0.00000
wrapping first mol.:      -75.65117        0.00000        0.00000
wrapping first mol.:      -75.73126        0.00000        0.00000
wrapping first mol.:      -75.73126        0.00000        0.00000
wrapping first mol.:      -75.71518        0.00000        0.00000
wrapping first mol.:      -75.71518        0.00000        0.00000
wrapping first mol.:      -75.68283        0.00000        0.00000
wrapping first mol.:      -75.68283        0.00000        0.00000

 NSTEP =  7400000   TIME(PS) =   16500.000  TEMP(K) =   300.94  PRESS =     0.0
 Etot   =   -117152.4208  EKtot   =     20570.5430  EPtot      =   -137722.9638
 BOND   =       532.4505  ANGLE   =      1451.9699  DIHED      =       967.2743
 UB     =         0.0000  IMP     =         0.0000  CMAP       =       147.5334
 1-4 NB =       641.1037  1-4 EEL =      5842.3086  VDWAALS    =     16418.1932
 EELEC  =   -163723.7973  EHBOND  =         0.0000  RESTRAINT  =         0.0000
 EKCMT  =         0.0000  VIRIAL  =         0.0000  VOLUME     =    333710.7239
                                                    Density    =         1.0316
 ------------------------------------------------------------------------------

wrapping first mol.:      -75.61227        0.00000        0.00000
wrapping first mol.:      -75.61227        0.00000        0.00000
wrapping first mol.:      -75.65927        0.00000        0.00000
wrapping first mol.:      -75.65927        0.00000        0.00000
wrapping first mol.:      -75.65445        0.00000        0.00000
wrapping first mol.:      -75.65445        0.00000        0.00000
wrapping first mol.:      -75.62381        0.00000        0.00000
wrapping first mol.:      -75.62381        0.00000        0.00000
wrapping first mol.:      -75.61401        0.00000        0.00000
wrapping first mol.:      -75.61401        0.00000        0.00000

 NSTEP =  7425000   TIME(PS) =   16550.000  TEMP(K) =   298.54  PRESS =     0.0
 Etot   =   -116780.5700  EKtot   =     20406.7207  EPtot      =   -137187.2907
 BOND   =       547.5668  ANGLE   =      1532.8168  DIHED      =       980.6879
 UB     =         0.0000  IMP     =         0.0000  CMAP       =       145.6457
 1-4 NB =       660.8703  1-4 EEL =      5867.3911  VDWAALS    =     16304.4617
 EELEC  =   -163226.7309  EHBOND  =         0.0000  RESTRAINT  =         0.0000
 EKCMT  =         0.0000  VIRIAL  =         0.0000  VOLUME     =    332801.2418
                                                    Density    =         1.0344
 ------------------------------------------------------------------------------

wrapping first mol.:      -75.66175        0.00000        0.00000
wrapping first mol.:      -75.66175        0.00000        0.00000
wrapping first mol.:      -75.57398        0.00000        0.00000
wrapping first mol.:      -75.57398        0.00000        0.00000
wrapping first mol.:      -75.64509        0.00000        0.00000
wrapping first mol.:      -75.64509        0.00000        0.00000
wrapping first mol.:      -75.62967        0.00000        0.00000
wrapping first mol.:      -75.62967        0.00000        0.00000
wrapping first mol.:      -75.62349        0.00000        0.00000
wrapping first mol.:      -75.62349        0.00000        0.00000

 NSTEP =  7450000   TIME(PS) =   16600.000  TEMP(K) =   298.83  PRESS =     0.0
 Etot   =   -117002.5614  EKtot   =     20426.5762  EPtot      =   -137429.1376
 BOND   =       543.2204  ANGLE   =      1495.2831  DIHED      =      1010.5894
 UB     =         0.0000  IMP     =         0.0000  CMAP       =       156.6395
 1-4 NB =       645.2103  1-4 EEL =      5854.9225  VDWAALS    =     16402.6600
 EELEC  =   -163537.6628  EHBOND  =         0.0000  RESTRAINT  =         0.0000
 EKCMT  =         0.0000  VIRIAL  =         0.0000  VOLUME     =    332926.4225
                                                    Density    =         1.0340
 ------------------------------------------------------------------------------

wrapping first mol.:      -75.56119        0.00000        0.00000
wrapping first mol.:      -75.56119        0.00000        0.00000
wrapping first mol.:      -75.62829        0.00000        0.00000
wrapping first mol.:      -75.62829        0.00000        0.00000
wrapping first mol.:      -75.63619        0.00000        0.00000
wrapping first mol.:      -75.63619        0.00000        0.00000
wrapping first mol.:      -75.72507        0.00000        0.00000
wrapping first mol.:      -75.72507        0.00000        0.00000
wrapping first mol.:      -75.80135        0.00000        0.00000
wrapping first mol.:      -75.80135        0.00000        0.00000

 NSTEP =  7475000   TIME(PS) =   16650.000  TEMP(K) =   303.19  PRESS =     0.0
 Etot   =   -116601.9646  EKtot   =     20724.1875  EPtot      =   -137326.1521
 BOND   =       572.8075  ANGLE   =      1542.6067  DIHED      =       997.8789
 UB     =         0.0000  IMP     =         0.0000  CMAP       =       142.4235
 1-4 NB =       655.3774  1-4 EEL =      5868.4195  VDWAALS    =     16423.4908
 EELEC  =   -163529.1562  EHBOND  =         0.0000  RESTRAINT  =         0.0000
 EKCMT  =         0.0000  VIRIAL  =         0.0000  VOLUME     =    335281.0658
                                                    Density    =         1.0268
 ------------------------------------------------------------------------------

wrapping first mol.:      -75.73891        0.00000        0.00000
wrapping first mol.:      -75.73891        0.00000        0.00000
wrapping first mol.:      -75.63075        0.00000        0.00000
wrapping first mol.:      -75.63075        0.00000        0.00000
wrapping first mol.:      -75.65418        0.00000        0.00000
wrapping first mol.:      -75.65418        0.00000        0.00000
wrapping first mol.:      -75.60234        0.00000        0.00000
wrapping first mol.:      -75.60234        0.00000        0.00000
wrapping first mol.:      -75.72337        0.00000        0.00000
wrapping first mol.:      -75.72337        0.00000        0.00000

 NSTEP =  7500000   TIME(PS) =   16700.000  TEMP(K) =   300.89  PRESS =     0.0
 Etot   =   -116919.3940  EKtot   =     20567.3867  EPtot      =   -137486.7808
 BOND   =       540.6127  ANGLE   =      1528.4343  DIHED      =      1018.4837
 UB     =         0.0000  IMP     =         0.0000  CMAP       =       142.5183
 1-4 NB =       658.1938  1-4 EEL =      5882.6753  VDWAALS    =     16394.8539
 EELEC  =   -163652.5528  EHBOND  =         0.0000  RESTRAINT  =         0.0000
 EKCMT  =         0.0000  VIRIAL  =         0.0000  VOLUME     =    334247.3131
                                                    Density    =         1.0300
 ------------------------------------------------------------------------------

wrapping first mol.:      -75.63365        0.00000        0.00000
wrapping first mol.:      -75.63365        0.00000        0.00000
wrapping first mol.:      -75.69264        0.00000        0.00000
wrapping first mol.:      -75.69264        0.00000        0.00000
wrapping first mol.:      -75.68694        0.00000        0.00000
wrapping first mol.:      -75.68694        0.00000        0.00000
wrapping first mol.:      -75.65963        0.00000        0.00000
wrapping first mol.:      -75.65963        0.00000        0.00000
wrapping first mol.:      -75.72157        0.00000        0.00000
wrapping first mol.:      -75.72157        0.00000        0.00000

 NSTEP =  7525000   TIME(PS) =   16750.000  TEMP(K) =   299.40  PRESS =     0.0
 Etot   =   -116982.2350  EKtot   =     20465.0039  EPtot      =   -137447.2389
 BOND   =       575.6728  ANGLE   =      1532.8291  DIHED      =      1008.8011
 UB     =         0.0000  IMP     =         0.0000  CMAP       =       140.2137
 1-4 NB =       642.7669  1-4 EEL =      5893.1970  VDWAALS    =     16536.4389
 EELEC  =   -163777.1585  EHBOND  =         0.0000  RESTRAINT  =         0.0000
 EKCMT  =         0.0000  VIRIAL  =         0.0000  VOLUME     =    334223.5266
                                                    Density    =         1.0300
 ------------------------------------------------------------------------------

wrapping first mol.:      -75.80892        0.00000        0.00000
wrapping first mol.:      -75.80892        0.00000        0.00000
wrapping first mol.:      -75.70881        0.00000        0.00000
wrapping first mol.:      -75.70881        0.00000        0.00000
wrapping first mol.:      -75.63086        0.00000        0.00000
wrapping first mol.:      -75.63086        0.00000        0.00000
wrapping first mol.:      -75.63098        0.00000        0.00000
wrapping first mol.:      -75.63098        0.00000        0.00000
wrapping first mol.:      -75.65277        0.00000        0.00000
wrapping first mol.:      -75.65277        0.00000        0.00000

 NSTEP =  7550000   TIME(PS) =   16800.000  TEMP(K) =   299.68  PRESS =     0.0
 Etot   =   -117138.0820  EKtot   =     20484.6113  EPtot      =   -137622.6933
 BOND   =       548.4593  ANGLE   =      1527.2298  DIHED      =       983.3779
 UB     =         0.0000  IMP     =         0.0000  CMAP       =       141.0044
 1-4 NB =       637.8388  1-4 EEL =      5877.3162  VDWAALS    =     16202.8863
 EELEC  =   -163540.8060  EHBOND  =         0.0000  RESTRAINT  =         0.0000
 EKCMT  =         0.0000  VIRIAL  =         0.0000  VOLUME     =    333313.2957
                                                    Density    =         1.0328
 ------------------------------------------------------------------------------

wrapping first mol.:      -75.73406        0.00000        0.00000
wrapping first mol.:      -75.73406        0.00000        0.00000
wrapping first mol.:      -75.63582        0.00000        0.00000
wrapping first mol.:      -75.63582        0.00000        0.00000
wrapping first mol.:      -75.59462        0.00000        0.00000
wrapping first mol.:      -75.59462        0.00000        0.00000
wrapping first mol.:      -75.80559        0.00000        0.00000
wrapping first mol.:      -75.80559        0.00000        0.00000
wrapping first mol.:      -75.65067        0.00000        0.00000
wrapping first mol.:      -75.65067        0.00000        0.00000

 NSTEP =  7575000   TIME(PS) =   16850.000  TEMP(K) =   298.18  PRESS =     0.0
 Etot   =   -117162.7690  EKtot   =     20382.1895  EPtot      =   -137544.9585
 BOND   =       550.5329  ANGLE   =      1522.9111  DIHED      =      1006.1474
 UB     =         0.0000  IMP     =         0.0000  CMAP       =       142.1819
 1-4 NB =       634.6853  1-4 EEL =      5791.9290  VDWAALS    =     16180.5835
 EELEC  =   -163373.9295  EHBOND  =         0.0000  RESTRAINT  =         0.0000
 EKCMT  =         0.0000  VIRIAL  =         0.0000  VOLUME     =    333285.5570
                                                    Density    =         1.0329
 ------------------------------------------------------------------------------

wrapping first mol.:      -75.69017        0.00000        0.00000
wrapping first mol.:      -75.69017        0.00000        0.00000
wrapping first mol.:      -75.62200        0.00000        0.00000
wrapping first mol.:      -75.62200        0.00000        0.00000
wrapping first mol.:      -75.65294        0.00000        0.00000
wrapping first mol.:      -75.65294        0.00000        0.00000
wrapping first mol.:      -75.76223        0.00000        0.00000
wrapping first mol.:      -75.76223        0.00000        0.00000
wrapping first mol.:      -75.65088        0.00000        0.00000
wrapping first mol.:      -75.65088        0.00000        0.00000

 NSTEP =  7600000   TIME(PS) =   16900.000  TEMP(K) =   300.13  PRESS =     0.0
 Etot   =   -116614.2832  EKtot   =     20515.3711  EPtot      =   -137129.6543
 BOND   =       565.9119  ANGLE   =      1514.9373  DIHED      =      1013.7658
 UB     =         0.0000  IMP     =         0.0000  CMAP       =       138.9723
 1-4 NB =       651.2173  1-4 EEL =      5860.1006  VDWAALS    =     16443.0051
 EELEC  =   -163317.5648  EHBOND  =         0.0000  RESTRAINT  =         0.0000
 EKCMT  =         0.0000  VIRIAL  =         0.0000  VOLUME     =    333288.2755
                                                    Density    =         1.0329
 ------------------------------------------------------------------------------

wrapping first mol.:      -75.63629        0.00000        0.00000
wrapping first mol.:      -75.63629        0.00000        0.00000
wrapping first mol.:      -75.69509        0.00000        0.00000
wrapping first mol.:      -75.69509        0.00000        0.00000
wrapping first mol.:      -75.69050        0.00000        0.00000
wrapping first mol.:      -75.69050        0.00000        0.00000
wrapping first mol.:      -75.72237        0.00000        0.00000
wrapping first mol.:      -75.72237        0.00000        0.00000
wrapping first mol.:      -75.67918        0.00000        0.00000
wrapping first mol.:      -75.67918        0.00000        0.00000

 NSTEP =  7625000   TIME(PS) =   16950.000  TEMP(K) =   301.74  PRESS =     0.0
 Etot   =   -116848.3215  EKtot   =     20625.2441  EPtot      =   -137473.5656
 BOND   =       545.3267  ANGLE   =      1575.0749  DIHED      =      1015.5104
 UB     =         0.0000  IMP     =         0.0000  CMAP       =       130.2233
 1-4 NB =       649.6825  1-4 EEL =      5891.6695  VDWAALS    =     16291.6017
 EELEC  =   -163572.6545  EHBOND  =         0.0000  RESTRAINT  =         0.0000
 EKCMT  =         0.0000  VIRIAL  =         0.0000  VOLUME     =    333662.4847
                                                    Density    =         1.0318
 ------------------------------------------------------------------------------

wrapping first mol.:      -75.61823        0.00000        0.00000
wrapping first mol.:      -75.61823        0.00000        0.00000
wrapping first mol.:      -75.64973        0.00000        0.00000
wrapping first mol.:      -75.64973        0.00000        0.00000
wrapping first mol.:      -75.73577        0.00000        0.00000
wrapping first mol.:      -75.73577        0.00000        0.00000
wrapping first mol.:      -75.64683        0.00000        0.00000
wrapping first mol.:      -75.64683        0.00000        0.00000
wrapping first mol.:      -75.65568        0.00000        0.00000
wrapping first mol.:      -75.65568        0.00000        0.00000

 NSTEP =  7650000   TIME(PS) =   17000.000  TEMP(K) =   298.95  PRESS =     0.0
 Etot   =   -117132.6007  EKtot   =     20434.3340  EPtot      =   -137566.9346
 BOND   =       593.4858  ANGLE   =      1512.0114  DIHED      =      1020.1183
 UB     =         0.0000  IMP     =         0.0000  CMAP       =       141.0221
 1-4 NB =       633.5161  1-4 EEL =      5825.5520  VDWAALS    =     16326.0839
 EELEC  =   -163618.7242  EHBOND  =         0.0000  RESTRAINT  =         0.0000
 EKCMT  =         0.0000  VIRIAL  =         0.0000  VOLUME     =    333351.8109
                                                    Density    =         1.0327
 ------------------------------------------------------------------------------

wrapping first mol.:      -75.67506        0.00000        0.00000
wrapping first mol.:      -75.67506        0.00000        0.00000
wrapping first mol.:      -75.70612        0.00000        0.00000
wrapping first mol.:      -75.70612        0.00000        0.00000
wrapping first mol.:      -75.58177        0.00000        0.00000
wrapping first mol.:      -75.58177        0.00000        0.00000
wrapping first mol.:      -75.67786        0.00000        0.00000
wrapping first mol.:      -75.67786        0.00000        0.00000
wrapping first mol.:      -75.65472        0.00000        0.00000
wrapping first mol.:      -75.65472        0.00000        0.00000

 NSTEP =  7675000   TIME(PS) =   17050.000  TEMP(K) =   300.91  PRESS =     0.0
 Etot   =   -117132.7439  EKtot   =     20568.5430  EPtot      =   -137701.2868
 BOND   =       582.6369  ANGLE   =      1508.5042  DIHED      =      1005.9729
 UB     =         0.0000  IMP     =         0.0000  CMAP       =       147.8303
 1-4 NB =       636.3113  1-4 EEL =      5818.8899  VDWAALS    =     16462.4058
 EELEC  =   -163863.8381  EHBOND  =         0.0000  RESTRAINT  =         0.0000
 EKCMT  =         0.0000  VIRIAL  =         0.0000  VOLUME     =    333339.0771
                                                    Density    =         1.0328
 ------------------------------------------------------------------------------

wrapping first mol.:      -75.79344        0.00000        0.00000
wrapping first mol.:      -75.79344        0.00000        0.00000
wrapping first mol.:      -75.59215        0.00000        0.00000
wrapping first mol.:      -75.59215        0.00000        0.00000
wrapping first mol.:      -75.72034        0.00000        0.00000
wrapping first mol.:      -75.72034        0.00000        0.00000
wrapping first mol.:      -75.69128        0.00000        0.00000
wrapping first mol.:      -75.69128        0.00000        0.00000
wrapping first mol.:      -75.72188        0.00000        0.00000
wrapping first mol.:      -75.72188        0.00000        0.00000

 NSTEP =  7700000   TIME(PS) =   17100.000  TEMP(K) =   298.33  PRESS =     0.0
 Etot   =   -117042.8884  EKtot   =     20392.1738  EPtot      =   -137435.0622
 BOND   =       550.3726  ANGLE   =      1507.2060  DIHED      =      1014.9045
 UB     =         0.0000  IMP     =         0.0000  CMAP       =       152.5895
 1-4 NB =       651.3440  1-4 EEL =      5887.6509  VDWAALS    =     16296.8289
 EELEC  =   -163495.9586  EHBOND  =         0.0000  RESTRAINT  =         0.0000
 EKCMT  =         0.0000  VIRIAL  =         0.0000  VOLUME     =    334227.5828
                                                    Density    =         1.0300
 ------------------------------------------------------------------------------

wrapping first mol.:      -75.66861        0.00000        0.00000
wrapping first mol.:      -75.66861        0.00000        0.00000
wrapping first mol.:      -75.67840        0.00000        0.00000
wrapping first mol.:      -75.67840        0.00000        0.00000
wrapping first mol.:      -75.68517        0.00000        0.00000
wrapping first mol.:      -75.68517        0.00000        0.00000
wrapping first mol.:      -75.68210        0.00000        0.00000
wrapping first mol.:      -75.68210        0.00000        0.00000
wrapping first mol.:      -75.71143        0.00000        0.00000
wrapping first mol.:      -75.71143        0.00000        0.00000

 NSTEP =  7725000   TIME(PS) =   17150.000  TEMP(K) =   298.63  PRESS =     0.0
 Etot   =   -116975.8231  EKtot   =     20413.0195  EPtot      =   -137388.8426
 BOND   =       565.7332  ANGLE   =      1508.6766  DIHED      =       993.2759
 UB     =         0.0000  IMP     =         0.0000  CMAP       =       146.2455
 1-4 NB =       654.5192  1-4 EEL =      5914.0099  VDWAALS    =     16643.3028
 EELEC  =   -163814.6056  EHBOND  =         0.0000  RESTRAINT  =         0.0000
 EKCMT  =         0.0000  VIRIAL  =         0.0000  VOLUME     =    334089.1814
                                                    Density    =         1.0304
 ------------------------------------------------------------------------------

wrapping first mol.:      -75.76824        0.00000        0.00000
wrapping first mol.:      -75.76824        0.00000        0.00000
wrapping first mol.:      -75.71911        0.00000        0.00000
wrapping first mol.:      -75.71911        0.00000        0.00000
wrapping first mol.:      -75.74830        0.00000        0.00000
wrapping first mol.:      -75.74830        0.00000        0.00000
wrapping first mol.:      -75.71699        0.00000        0.00000
wrapping first mol.:      -75.71699        0.00000        0.00000
wrapping first mol.:      -75.60884        0.00000        0.00000
wrapping first mol.:      -75.60884        0.00000        0.00000

 NSTEP =  7750000   TIME(PS) =   17200.000  TEMP(K) =   301.70  PRESS =     0.0
 Etot   =   -116697.8498  EKtot   =     20622.5918  EPtot      =   -137320.4416
 BOND   =       578.7533  ANGLE   =      1527.2226  DIHED      =       974.2899
 UB     =         0.0000  IMP     =         0.0000  CMAP       =       140.8450
 1-4 NB =       658.3617  1-4 EEL =      5842.7819  VDWAALS    =     16296.7394
 EELEC  =   -163339.4355  EHBOND  =         0.0000  RESTRAINT  =         0.0000
 EKCMT  =         0.0000  VIRIAL  =         0.0000  VOLUME     =    332732.9555
                                                    Density    =         1.0346
 ------------------------------------------------------------------------------

wrapping first mol.:      -75.67800        0.00000        0.00000
wrapping first mol.:      -75.67800        0.00000        0.00000
wrapping first mol.:      -75.72651        0.00000        0.00000
wrapping first mol.:      -75.72651        0.00000        0.00000
wrapping first mol.:      -75.79013        0.00000        0.00000
wrapping first mol.:      -75.79013        0.00000        0.00000
wrapping first mol.:      -75.73595        0.00000        0.00000
wrapping first mol.:      -75.73595        0.00000        0.00000
wrapping first mol.:      -75.73313        0.00000        0.00000
wrapping first mol.:      -75.73313        0.00000        0.00000

 NSTEP =  7775000   TIME(PS) =   17250.000  TEMP(K) =   302.91  PRESS =     0.0
 Etot   =   -116635.9977  EKtot   =     20705.5020  EPtot      =   -137341.4996
 BOND   =       558.2574  ANGLE   =      1485.6387  DIHED      =       998.7688
 UB     =         0.0000  IMP     =         0.0000  CMAP       =       142.2392
 1-4 NB =       648.8670  1-4 EEL =      5843.3595  VDWAALS    =     16132.1598
 EELEC  =   -163150.7901  EHBOND  =         0.0000  RESTRAINT  =         0.0000
 EKCMT  =         0.0000  VIRIAL  =         0.0000  VOLUME     =    334376.5753
                                                    Density    =         1.0296
 ------------------------------------------------------------------------------

wrapping first mol.:      -75.79224        0.00000        0.00000
wrapping first mol.:      -75.79224        0.00000        0.00000
wrapping first mol.:      -75.64444        0.00000        0.00000
wrapping first mol.:      -75.64444        0.00000        0.00000
wrapping first mol.:      -75.63985        0.00000        0.00000
wrapping first mol.:      -75.63985        0.00000        0.00000
wrapping first mol.:      -75.57416        0.00000        0.00000
wrapping first mol.:      -75.57416        0.00000        0.00000
wrapping first mol.:      -75.73388        0.00000        0.00000
wrapping first mol.:      -75.73388        0.00000        0.00000

 NSTEP =  7800000   TIME(PS) =   17300.000  TEMP(K) =   299.91  PRESS =     0.0
 Etot   =   -117007.3762  EKtot   =     20500.4492  EPtot      =   -137507.8254
 BOND   =       527.2408  ANGLE   =      1555.5127  DIHED      =      1000.3001
 UB     =         0.0000  IMP     =         0.0000  CMAP       =       136.8797
 1-4 NB =       661.4053  1-4 EEL =      5860.0586  VDWAALS    =     16488.6632
 EELEC  =   -163737.8859  EHBOND  =         0.0000  RESTRAINT  =         0.0000
 EKCMT  =         0.0000  VIRIAL  =         0.0000  VOLUME     =    334386.5382
                                                    Density    =         1.0295
 ------------------------------------------------------------------------------

wrapping first mol.:      -75.66749        0.00000        0.00000
wrapping first mol.:      -75.66749        0.00000        0.00000
wrapping first mol.:      -75.68110        0.00000        0.00000
wrapping first mol.:      -75.68110        0.00000        0.00000
wrapping first mol.:      -75.62992        0.00000        0.00000
wrapping first mol.:      -75.62992        0.00000        0.00000
wrapping first mol.:      -75.65745        0.00000        0.00000
wrapping first mol.:      -75.65745        0.00000        0.00000
wrapping first mol.:      -75.57071        0.00000        0.00000
wrapping first mol.:      -75.57071        0.00000        0.00000

 NSTEP =  7825000   TIME(PS) =   17350.000  TEMP(K) =   299.78  PRESS =     0.0
 Etot   =   -117085.7146  EKtot   =     20491.2363  EPtot      =   -137576.9510
 BOND   =       559.9238  ANGLE   =      1506.6995  DIHED      =       984.0066
 UB     =         0.0000  IMP     =         0.0000  CMAP       =       144.0729
 1-4 NB =       648.6590  1-4 EEL =      5879.2120  VDWAALS    =     16589.8379
 EELEC  =   -163889.3628  EHBOND  =         0.0000  RESTRAINT  =         0.0000
 EKCMT  =         0.0000  VIRIAL  =         0.0000  VOLUME     =    332229.7852
                                                    Density    =         1.0362
 ------------------------------------------------------------------------------

wrapping first mol.:      -75.68283        0.00000        0.00000
wrapping first mol.:      -75.68283        0.00000        0.00000
wrapping first mol.:      -75.65606        0.00000        0.00000
wrapping first mol.:      -75.65606        0.00000        0.00000
wrapping first mol.:      -75.64680        0.00000        0.00000
wrapping first mol.:      -75.64680        0.00000        0.00000
wrapping first mol.:      -75.64770        0.00000        0.00000
wrapping first mol.:      -75.64770        0.00000        0.00000
wrapping first mol.:      -75.73435        0.00000        0.00000
wrapping first mol.:      -75.73435        0.00000        0.00000

 NSTEP =  7850000   TIME(PS) =   17400.000  TEMP(K) =   300.59  PRESS =     0.0
 Etot   =   -116744.8862  EKtot   =     20546.8633  EPtot      =   -137291.7494
 BOND   =       591.1694  ANGLE   =      1564.2101  DIHED      =      1004.1773
 UB     =         0.0000  IMP     =         0.0000  CMAP       =       133.6667
 1-4 NB =       651.4510  1-4 EEL =      5795.7289  VDWAALS    =     16156.7527
 EELEC  =   -163188.9056  EHBOND  =         0.0000  RESTRAINT  =         0.0000
 EKCMT  =         0.0000  VIRIAL  =         0.0000  VOLUME     =    334392.8083
                                                    Density    =         1.0295
 ------------------------------------------------------------------------------

wrapping first mol.:      -75.58950        0.00000        0.00000
wrapping first mol.:      -75.58950        0.00000        0.00000
wrapping first mol.:      -75.75513        0.00000        0.00000
wrapping first mol.:      -75.75513        0.00000        0.00000
wrapping first mol.:      -75.58057        0.00000        0.00000
wrapping first mol.:      -75.58057        0.00000        0.00000
wrapping first mol.:      -75.61912        0.00000        0.00000
wrapping first mol.:      -75.61912        0.00000        0.00000
wrapping first mol.:      -75.68243        0.00000        0.00000
wrapping first mol.:      -75.68243        0.00000        0.00000

 NSTEP =  7875000   TIME(PS) =   17450.000  TEMP(K) =   300.41  PRESS =     0.0
 Etot   =   -116602.4296  EKtot   =     20534.4980  EPtot      =   -137136.9276
 BOND   =       583.5276  ANGLE   =      1508.1118  DIHED      =      1020.2730
 UB     =         0.0000  IMP     =         0.0000  CMAP       =       155.3401
 1-4 NB =       653.9853  1-4 EEL =      5895.2346  VDWAALS    =     16151.2692
 EELEC  =   -163104.6691  EHBOND  =         0.0000  RESTRAINT  =         0.0000
 EKCMT  =         0.0000  VIRIAL  =         0.0000  VOLUME     =    333705.4844
                                                    Density    =         1.0316
 ------------------------------------------------------------------------------

wrapping first mol.:      -75.73022        0.00000        0.00000
wrapping first mol.:      -75.73022        0.00000        0.00000
wrapping first mol.:      -75.76991        0.00000        0.00000
wrapping first mol.:      -75.76991        0.00000        0.00000
wrapping first mol.:      -75.72062        0.00000        0.00000
wrapping first mol.:      -75.72062        0.00000        0.00000
wrapping first mol.:      -75.62490        0.00000        0.00000
wrapping first mol.:      -75.62490        0.00000        0.00000
wrapping first mol.:      -75.64527        0.00000        0.00000
wrapping first mol.:      -75.64527        0.00000        0.00000

 NSTEP =  7900000   TIME(PS) =   17500.000  TEMP(K) =   299.82  PRESS =     0.0
 Etot   =   -116937.4477  EKtot   =     20494.2676  EPtot      =   -137431.7153
 BOND   =       532.9769  ANGLE   =      1508.4724  DIHED      =       982.9039
 UB     =         0.0000  IMP     =         0.0000  CMAP       =       142.1465
 1-4 NB =       660.6860  1-4 EEL =      5892.4989  VDWAALS    =     16442.4588
 EELEC  =   -163593.8586  EHBOND  =         0.0000  RESTRAINT  =         0.0000
 EKCMT  =         0.0000  VIRIAL  =         0.0000  VOLUME     =    333214.1445
                                                    Density    =         1.0331
 ------------------------------------------------------------------------------

wrapping first mol.:      -75.67950        0.00000        0.00000
wrapping first mol.:      -75.67950        0.00000        0.00000
wrapping first mol.:      -75.75098        0.00000        0.00000
wrapping first mol.:      -75.75098        0.00000        0.00000
wrapping first mol.:      -75.75858        0.00000        0.00000
wrapping first mol.:      -75.75858        0.00000        0.00000
wrapping first mol.:      -75.72480        0.00000        0.00000
wrapping first mol.:      -75.72480        0.00000        0.00000
wrapping first mol.:      -75.61898        0.00000        0.00000
wrapping first mol.:      -75.61898        0.00000        0.00000

 NSTEP =  7925000   TIME(PS) =   17550.000  TEMP(K) =   302.29  PRESS =     0.0
 Etot   =   -116927.4443  EKtot   =     20662.6094  EPtot      =   -137590.0536
 BOND   =       522.2853  ANGLE   =      1511.7346  DIHED      =      1032.2187
 UB     =         0.0000  IMP     =         0.0000  CMAP       =       151.4073
 1-4 NB =       646.6048  1-4 EEL =      5908.3894  VDWAALS    =     16431.5824
 EELEC  =   -163794.2762  EHBOND  =         0.0000  RESTRAINT  =         0.0000
 EKCMT  =         0.0000  VIRIAL  =         0.0000  VOLUME     =    332866.8279
                                                    Density    =         1.0342
 ------------------------------------------------------------------------------

wrapping first mol.:      -75.71181        0.00000        0.00000
wrapping first mol.:      -75.71181        0.00000        0.00000
wrapping first mol.:      -75.66999        0.00000        0.00000
wrapping first mol.:      -75.66999        0.00000        0.00000
wrapping first mol.:      -75.67752        0.00000        0.00000
wrapping first mol.:      -75.67752        0.00000        0.00000
wrapping first mol.:      -75.69424        0.00000        0.00000
wrapping first mol.:      -75.69424        0.00000        0.00000
wrapping first mol.:      -75.81118        0.00000        0.00000
wrapping first mol.:      -75.81118        0.00000        0.00000

 NSTEP =  7950000   TIME(PS) =   17600.000  TEMP(K) =   299.00  PRESS =     0.0
 Etot   =   -117072.3480  EKtot   =     20437.6445  EPtot      =   -137509.9926
 BOND   =       543.2835  ANGLE   =      1537.8976  DIHED      =      1021.6767
 UB     =         0.0000  IMP     =         0.0000  CMAP       =       148.0832
 1-4 NB =       637.6993  1-4 EEL =      5820.6760  VDWAALS    =     16435.0162
 EELEC  =   -163654.3251  EHBOND  =         0.0000  RESTRAINT  =         0.0000
 EKCMT  =         0.0000  VIRIAL  =         0.0000  VOLUME     =    335411.4570
                                                    Density    =         1.0264
 ------------------------------------------------------------------------------

wrapping first mol.:      -75.65760        0.00000        0.00000
wrapping first mol.:      -75.65760        0.00000        0.00000
wrapping first mol.:      -75.70748        0.00000        0.00000
wrapping first mol.:      -75.70748        0.00000        0.00000
wrapping first mol.:      -75.69938        0.00000        0.00000
wrapping first mol.:      -75.69938        0.00000        0.00000
wrapping first mol.:      -75.67055        0.00000        0.00000
wrapping first mol.:      -75.67055        0.00000        0.00000
wrapping first mol.:      -75.72579        0.00000        0.00000
wrapping first mol.:      -75.72579        0.00000        0.00000

 NSTEP =  7975000   TIME(PS) =   17650.000  TEMP(K) =   298.90  PRESS =     0.0
 Etot   =   -116984.6140  EKtot   =     20431.1367  EPtot      =   -137415.7508
 BOND   =       562.2952  ANGLE   =      1544.7416  DIHED      =      1001.5596
 UB     =         0.0000  IMP     =         0.0000  CMAP       =       152.6718
 1-4 NB =       653.1389  1-4 EEL =      5850.6020  VDWAALS    =     16122.7366
 EELEC  =   -163303.4965  EHBOND  =         0.0000  RESTRAINT  =         0.0000
 EKCMT  =         0.0000  VIRIAL  =         0.0000  VOLUME     =    334279.4306
                                                    Density    =         1.0299
 ------------------------------------------------------------------------------

wrapping first mol.:      -75.66235        0.00000        0.00000
wrapping first mol.:      -75.66235        0.00000        0.00000
wrapping first mol.:      -75.65006        0.00000        0.00000
wrapping first mol.:      -75.65006        0.00000        0.00000
wrapping first mol.:      -75.66747        0.00000        0.00000
wrapping first mol.:      -75.66747        0.00000        0.00000
wrapping first mol.:      -75.67337        0.00000        0.00000
wrapping first mol.:      -75.67337        0.00000        0.00000
wrapping first mol.:      -75.61526        0.00000        0.00000
wrapping first mol.:      -75.61526        0.00000        0.00000

 NSTEP =  8000000   TIME(PS) =   17700.000  TEMP(K) =   300.20  PRESS =     0.0
 Etot   =   -116902.8192  EKtot   =     20520.2949  EPtot      =   -137423.1141
 BOND   =       557.1644  ANGLE   =      1528.3115  DIHED      =      1009.7305
 UB     =         0.0000  IMP     =         0.0000  CMAP       =       140.5505
 1-4 NB =       640.9312  1-4 EEL =      5827.5253  VDWAALS    =     16328.3525
 EELEC  =   -163455.6800  EHBOND  =         0.0000  RESTRAINT  =         0.0000
 EKCMT  =         0.0000  VIRIAL  =         0.0000  VOLUME     =    332817.6879
                                                    Density    =         1.0344
 ------------------------------------------------------------------------------

wrapping first mol.:      -75.61362        0.00000        0.00000
wrapping first mol.:      -75.61362        0.00000        0.00000
wrapping first mol.:      -75.72770        0.00000        0.00000
wrapping first mol.:      -75.72770        0.00000        0.00000
wrapping first mol.:      -75.68832        0.00000        0.00000
wrapping first mol.:      -75.68832        0.00000        0.00000
wrapping first mol.:      -75.70612        0.00000        0.00000
wrapping first mol.:      -75.70612        0.00000        0.00000
wrapping first mol.:      -75.64966        0.00000        0.00000
wrapping first mol.:      -75.64966        0.00000        0.00000

 NSTEP =  8025000   TIME(PS) =   17750.000  TEMP(K) =   299.96  PRESS =     0.0
 Etot   =   -116696.8550  EKtot   =     20503.3027  EPtot      =   -137200.1578
 BOND   =       568.6777  ANGLE   =      1486.1464  DIHED      =      1008.4574
 UB     =         0.0000  IMP     =         0.0000  CMAP       =       147.9097
 1-4 NB =       649.0670  1-4 EEL =      5871.9210  VDWAALS    =     16082.0268
 EELEC  =   -163014.3636  EHBOND  =         0.0000  RESTRAINT  =         0.0000
 EKCMT  =         0.0000  VIRIAL  =         0.0000  VOLUME     =    333272.2032
                                                    Density    =         1.0330
 ------------------------------------------------------------------------------

wrapping first mol.:      -75.76494        0.00000        0.00000
wrapping first mol.:      -75.76494        0.00000        0.00000
wrapping first mol.:      -75.72215        0.00000        0.00000
wrapping first mol.:      -75.72215        0.00000        0.00000
wrapping first mol.:      -75.55045        0.00000        0.00000
wrapping first mol.:      -75.55045        0.00000        0.00000
wrapping first mol.:      -75.63451        0.00000        0.00000
wrapping first mol.:      -75.63451        0.00000        0.00000
wrapping first mol.:      -75.54916        0.00000        0.00000
wrapping first mol.:      -75.54916        0.00000        0.00000

 NSTEP =  8050000   TIME(PS) =   17800.000  TEMP(K) =   299.00  PRESS =     0.0
 Etot   =   -117039.1137  EKtot   =     20438.1172  EPtot      =   -137477.2309
 BOND   =       570.0370  ANGLE   =      1506.8425  DIHED      =       996.0378
 UB     =         0.0000  IMP     =         0.0000  CMAP       =       146.6498
 1-4 NB =       647.7203  1-4 EEL =      5877.2873  VDWAALS    =     16625.8214
 EELEC  =   -163847.6271  EHBOND  =         0.0000  RESTRAINT  =         0.0000
 EKCMT  =         0.0000  VIRIAL  =         0.0000  VOLUME     =    331945.6414
                                                    Density    =         1.0371
 ------------------------------------------------------------------------------

wrapping first mol.:      -75.67009        0.00000        0.00000
wrapping first mol.:      -75.67009        0.00000        0.00000
wrapping first mol.:      -75.69891        0.00000        0.00000
wrapping first mol.:      -75.69891        0.00000        0.00000
wrapping first mol.:      -75.69566        0.00000        0.00000
wrapping first mol.:      -75.69566        0.00000        0.00000
wrapping first mol.:      -75.75668        0.00000        0.00000
wrapping first mol.:      -75.75668        0.00000        0.00000
wrapping first mol.:      -75.79045        0.00000        0.00000
wrapping first mol.:      -75.79045        0.00000        0.00000

 NSTEP =  8075000   TIME(PS) =   17850.000  TEMP(K) =   304.01  PRESS =     0.0
 Etot   =   -116535.7119  EKtot   =     20780.5020  EPtot      =   -137316.2138
 BOND   =       591.9704  ANGLE   =      1575.8987  DIHED      =       987.1704
 UB     =         0.0000  IMP     =         0.0000  CMAP       =       144.6246
 1-4 NB =       632.3698  1-4 EEL =      5880.3418  VDWAALS    =     16319.9982
 EELEC  =   -163448.5875  EHBOND  =         0.0000  RESTRAINT  =         0.0000
 EKCMT  =         0.0000  VIRIAL  =         0.0000  VOLUME     =    335136.4554
                                                    Density    =         1.0272
 ------------------------------------------------------------------------------

wrapping first mol.:      -75.68063        0.00000        0.00000
wrapping first mol.:      -75.68063        0.00000        0.00000
wrapping first mol.:      -75.69009        0.00000        0.00000
wrapping first mol.:      -75.69009        0.00000        0.00000
wrapping first mol.:      -75.69556        0.00000        0.00000
wrapping first mol.:      -75.69556        0.00000        0.00000
wrapping first mol.:      -75.62610        0.00000        0.00000
wrapping first mol.:      -75.62610        0.00000        0.00000
wrapping first mol.:      -75.60022        0.00000        0.00000
wrapping first mol.:      -75.60022        0.00000        0.00000

 NSTEP =  8100000   TIME(PS) =   17900.000  TEMP(K) =   299.97  PRESS =     0.0
 Etot   =   -116855.5856  EKtot   =     20504.2168  EPtot      =   -137359.8024
 BOND   =       576.1015  ANGLE   =      1520.9877  DIHED      =       988.8353
 UB     =         0.0000  IMP     =         0.0000  CMAP       =       138.6276
 1-4 NB =       645.3708  1-4 EEL =      5898.9155  VDWAALS    =     16443.6458
 EELEC  =   -163572.2866  EHBOND  =         0.0000  RESTRAINT  =         0.0000
 EKCMT  =         0.0000  VIRIAL  =         0.0000  VOLUME     =    332619.2367
                                                    Density    =         1.0350
 ------------------------------------------------------------------------------

wrapping first mol.:      -75.67693        0.00000        0.00000
wrapping first mol.:      -75.67693        0.00000        0.00000
wrapping first mol.:      -75.70762        0.00000        0.00000
wrapping first mol.:      -75.70762        0.00000        0.00000
wrapping first mol.:      -75.73346        0.00000        0.00000
wrapping first mol.:      -75.73346        0.00000        0.00000
wrapping first mol.:      -75.70343        0.00000        0.00000
wrapping first mol.:      -75.70343        0.00000        0.00000
wrapping first mol.:      -75.76093        0.00000        0.00000
wrapping first mol.:      -75.76093        0.00000        0.00000

 NSTEP =  8125000   TIME(PS) =   17950.000  TEMP(K) =   298.10  PRESS =     0.0
 Etot   =   -117018.9380  EKtot   =     20376.5098  EPtot      =   -137395.4478
 BOND   =       522.1380  ANGLE   =      1517.0666  DIHED      =       993.6869
 UB     =         0.0000  IMP     =         0.0000  CMAP       =       143.0470
 1-4 NB =       641.3962  1-4 EEL =      5915.6048  VDWAALS    =     16121.1565
 EELEC  =   -163249.5436  EHBOND  =         0.0000  RESTRAINT  =         0.0000
 EKCMT  =         0.0000  VIRIAL  =         0.0000  VOLUME     =    334744.9055
                                                    Density    =         1.0284
 ------------------------------------------------------------------------------

wrapping first mol.:      -75.70984        0.00000        0.00000
wrapping first mol.:      -75.70984        0.00000        0.00000
wrapping first mol.:      -75.63792        0.00000        0.00000
wrapping first mol.:      -75.63792        0.00000        0.00000
wrapping first mol.:      -75.69569        0.00000        0.00000
wrapping first mol.:      -75.69569        0.00000        0.00000
wrapping first mol.:      -75.79358        0.00000        0.00000
wrapping first mol.:      -75.79358        0.00000        0.00000

 NSTEP =  8150000   TIME(PS) =   18000.000  TEMP(K) =   300.03  PRESS =     0.0
 Etot   =   -116974.5335  EKtot   =     20508.1367  EPtot      =   -137482.6702
 BOND   =       561.7729  ANGLE   =      1531.6805  DIHED      =       997.3752
 UB     =         0.0000  IMP     =         0.0000  CMAP       =       151.1778
 1-4 NB =       649.2527  1-4 EEL =      5972.0615  VDWAALS    =     16214.6494
 EELEC  =   -163560.6401  EHBOND  =         0.0000  RESTRAINT  =         0.0000
 EKCMT  =         0.0000  VIRIAL  =         0.0000  VOLUME     =    333812.8912
                                                    Density    =         1.0313
 ------------------------------------------------------------------------------

wrapping first mol.:      -75.63557        0.00000        0.00000
wrapping first mol.:      -75.63557        0.00000        0.00000
wrapping first mol.:      -75.64589        0.00000        0.00000
wrapping first mol.:      -75.64589        0.00000        0.00000
wrapping first mol.:      -75.70420        0.00000        0.00000
wrapping first mol.:      -75.70420        0.00000        0.00000
wrapping first mol.:      -75.62643        0.00000        0.00000
wrapping first mol.:      -75.62643        0.00000        0.00000

 NSTEP =  8175000   TIME(PS) =   18050.000  TEMP(K) =   301.53  PRESS =     0.0
 Etot   =   -116887.2531  EKtot   =     20610.6797  EPtot      =   -137497.9328
 BOND   =       552.7785  ANGLE   =      1509.1454  DIHED      =      1000.9790
 UB     =         0.0000  IMP     =         0.0000  CMAP       =       141.6695
 1-4 NB =       652.3731  1-4 EEL =      5855.6990  VDWAALS    =     16276.4848
 EELEC  =   -163487.0622  EHBOND  =         0.0000  RESTRAINT  =         0.0000
 EKCMT  =         0.0000  VIRIAL  =         0.0000  VOLUME     =    332965.3333
                                                    Density    =         1.0339
 ------------------------------------------------------------------------------

wrapping first mol.:      -75.65949        0.00000        0.00000
wrapping first mol.:      -75.65949        0.00000        0.00000
wrapping first mol.:      -75.64454        0.00000        0.00000
wrapping first mol.:      -75.64454        0.00000        0.00000
wrapping first mol.:      -75.74915        0.00000        0.00000
wrapping first mol.:      -75.74915        0.00000        0.00000
wrapping first mol.:      -75.71184        0.00000        0.00000
wrapping first mol.:      -75.71184        0.00000        0.00000
wrapping first mol.:      -75.67159        0.00000        0.00000
wrapping first mol.:      -75.67159        0.00000        0.00000

 NSTEP =  8200000   TIME(PS) =   18100.000  TEMP(K) =   302.91  PRESS =     0.0
 Etot   =   -117053.1575  EKtot   =     20705.1641  EPtot      =   -137758.3216
 BOND   =       564.1738  ANGLE   =      1526.4104  DIHED      =       992.0215
 UB     =         0.0000  IMP     =         0.0000  CMAP       =       142.4837
 1-4 NB =       639.0975  1-4 EEL =      5876.4577  VDWAALS    =     16166.7546
 EELEC  =   -163665.7207  EHBOND  =         0.0000  RESTRAINT  =         0.0000
 EKCMT  =         0.0000  VIRIAL  =         0.0000  VOLUME     =    333562.0989
                                                    Density    =         1.0321
 ------------------------------------------------------------------------------

wrapping first mol.:      -75.68272        0.00000        0.00000
wrapping first mol.:      -75.68272        0.00000        0.00000
wrapping first mol.:      -75.69071        0.00000        0.00000
wrapping first mol.:      -75.69071        0.00000        0.00000
wrapping first mol.:      -75.72579        0.00000        0.00000
wrapping first mol.:      -75.72579        0.00000        0.00000
wrapping first mol.:      -75.69647        0.00000        0.00000
wrapping first mol.:      -75.69647        0.00000        0.00000
wrapping first mol.:      -75.72523        0.00000        0.00000
wrapping first mol.:      -75.72523        0.00000        0.00000

 NSTEP =  8225000   TIME(PS) =   18150.000  TEMP(K) =   302.85  PRESS =     0.0
 Etot   =   -116497.1309  EKtot   =     20700.9395  EPtot      =   -137198.0704
 BOND   =       570.7333  ANGLE   =      1576.3818  DIHED      =       994.5731
 UB     =         0.0000  IMP     =         0.0000  CMAP       =       138.6694
 1-4 NB =       630.2244  1-4 EEL =      5891.8602  VDWAALS    =     16164.5084
 EELEC  =   -163165.0211  EHBOND  =         0.0000  RESTRAINT  =         0.0000
 EKCMT  =         0.0000  VIRIAL  =         0.0000  VOLUME     =    334271.9705
                                                    Density    =         1.0299
 ------------------------------------------------------------------------------

wrapping first mol.:      -75.64256        0.00000        0.00000
wrapping first mol.:      -75.64256        0.00000        0.00000
wrapping first mol.:      -75.57697        0.00000        0.00000
wrapping first mol.:      -75.57697        0.00000        0.00000
wrapping first mol.:      -75.69548        0.00000        0.00000
wrapping first mol.:      -75.69548        0.00000        0.00000
wrapping first mol.:      -75.60147        0.00000        0.00000
wrapping first mol.:      -75.60147        0.00000        0.00000
wrapping first mol.:      -75.65051        0.00000        0.00000
wrapping first mol.:      -75.65051        0.00000        0.00000

 NSTEP =  8250000   TIME(PS) =   18200.000  TEMP(K) =   300.68  PRESS =     0.0
 Etot   =   -117139.3342  EKtot   =     20552.9336  EPtot      =   -137692.2678
 BOND   =       570.0561  ANGLE   =      1497.0336  DIHED      =       982.6603
 UB     =         0.0000  IMP     =         0.0000  CMAP       =       146.2392
 1-4 NB =       665.2596  1-4 EEL =      5887.0091  VDWAALS    =     16569.1059
 EELEC  =   -164009.6316  EHBOND  =         0.0000  RESTRAINT  =         0.0000
 EKCMT  =         0.0000  VIRIAL  =         0.0000  VOLUME     =    333283.3751
                                                    Density    =         1.0329
 ------------------------------------------------------------------------------

wrapping first mol.:      -75.65634        0.00000        0.00000
wrapping first mol.:      -75.65634        0.00000        0.00000
wrapping first mol.:      -75.74490        0.00000        0.00000
wrapping first mol.:      -75.74490        0.00000        0.00000
wrapping first mol.:      -75.69165        0.00000        0.00000
wrapping first mol.:      -75.69165        0.00000        0.00000
wrapping first mol.:      -75.74880        0.00000        0.00000
wrapping first mol.:      -75.74880        0.00000        0.00000
wrapping first mol.:      -75.63146        0.00000        0.00000
wrapping first mol.:      -75.63146        0.00000        0.00000

 NSTEP =  8275000   TIME(PS) =   18250.000  TEMP(K) =   299.08  PRESS =     0.0
 Etot   =   -116852.9771  EKtot   =     20443.1973  EPtot      =   -137296.1743
 BOND   =       561.7876  ANGLE   =      1539.2626  DIHED      =      1009.7905
 UB     =         0.0000  IMP     =         0.0000  CMAP       =       144.0624
 1-4 NB =       651.6675  1-4 EEL =      5886.9505  VDWAALS    =     16717.6682
 EELEC  =   -163807.3636  EHBOND  =         0.0000  RESTRAINT  =         0.0000
 EKCMT  =         0.0000  VIRIAL  =         0.0000  VOLUME     =    333031.7726
                                                    Density    =         1.0337
 ------------------------------------------------------------------------------

wrapping first mol.:      -75.63335        0.00000        0.00000
wrapping first mol.:      -75.63335        0.00000        0.00000
wrapping first mol.:      -75.69766        0.00000        0.00000
wrapping first mol.:      -75.69766        0.00000        0.00000
wrapping first mol.:      -75.62191        0.00000        0.00000
wrapping first mol.:      -75.62191        0.00000        0.00000
wrapping first mol.:      -75.73496        0.00000        0.00000
wrapping first mol.:      -75.73496        0.00000        0.00000
wrapping first mol.:      -75.67606        0.00000        0.00000
wrapping first mol.:      -75.67606        0.00000        0.00000

 NSTEP =  8300000   TIME(PS) =   18300.000  TEMP(K) =   299.82  PRESS =     0.0
 Etot   =   -116453.9567  EKtot   =     20493.7891  EPtot      =   -136947.7457
 BOND   =       539.4766  ANGLE   =      1547.1662  DIHED      =       992.8034
 UB     =         0.0000  IMP     =         0.0000  CMAP       =       138.1847
 1-4 NB =       649.0696  1-4 EEL =      5868.6433  VDWAALS    =     16108.9089
 EELEC  =   -162791.9986  EHBOND  =         0.0000  RESTRAINT  =         0.0000
 EKCMT  =         0.0000  VIRIAL  =         0.0000  VOLUME     =    333621.1986
                                                    Density    =         1.0319
 ------------------------------------------------------------------------------

wrapping first mol.:      -75.67192        0.00000        0.00000
wrapping first mol.:      -75.67192        0.00000        0.00000
wrapping first mol.:      -75.67554        0.00000        0.00000
wrapping first mol.:      -75.67554        0.00000        0.00000
wrapping first mol.:      -75.74436        0.00000        0.00000
wrapping first mol.:      -75.74436        0.00000        0.00000
wrapping first mol.:      -75.67162        0.00000        0.00000
wrapping first mol.:      -75.67162        0.00000        0.00000
wrapping first mol.:      -75.70342        0.00000        0.00000
wrapping first mol.:      -75.70342        0.00000        0.00000

 NSTEP =  8325000   TIME(PS) =   18350.000  TEMP(K) =   298.16  PRESS =     0.0
 Etot   =   -117139.3713  EKtot   =     20380.4609  EPtot      =   -137519.8323
 BOND   =       524.3948  ANGLE   =      1505.1100  DIHED      =       993.1466
 UB     =         0.0000  IMP     =         0.0000  CMAP       =       143.7621
 1-4 NB =       649.2163  1-4 EEL =      5818.9072  VDWAALS    =     16248.6608
 EELEC  =   -163403.0300  EHBOND  =         0.0000  RESTRAINT  =         0.0000
 EKCMT  =         0.0000  VIRIAL  =         0.0000  VOLUME     =    333983.2661
                                                    Density    =         1.0308
 ------------------------------------------------------------------------------

wrapping first mol.:      -75.60967        0.00000        0.00000
wrapping first mol.:      -75.60967        0.00000        0.00000
wrapping first mol.:      -75.69745        0.00000        0.00000
wrapping first mol.:      -75.69745        0.00000        0.00000
wrapping first mol.:      -75.70303        0.00000        0.00000
wrapping first mol.:      -75.70303        0.00000        0.00000
wrapping first mol.:      -75.66971        0.00000        0.00000
wrapping first mol.:      -75.66971        0.00000        0.00000
wrapping first mol.:      -75.61159        0.00000        0.00000
wrapping first mol.:      -75.61159        0.00000        0.00000

 NSTEP =  8350000   TIME(PS) =   18400.000  TEMP(K) =   299.35  PRESS =     0.0
 Etot   =   -116933.1796  EKtot   =     20461.5605  EPtot      =   -137394.7401
 BOND   =       571.7538  ANGLE   =      1517.0198  DIHED      =      1011.4561
 UB     =         0.0000  IMP     =         0.0000  CMAP       =       138.5516
 1-4 NB =       664.4474  1-4 EEL =      5868.6620  VDWAALS    =     16440.5312
 EELEC  =   -163607.1621  EHBOND  =         0.0000  RESTRAINT  =         0.0000
 EKCMT  =         0.0000  VIRIAL  =         0.0000  VOLUME     =    332769.3590
                                                    Density    =         1.0345
 ------------------------------------------------------------------------------

wrapping first mol.:      -75.63125        0.00000        0.00000
wrapping first mol.:      -75.63125        0.00000        0.00000
wrapping first mol.:      -75.61362        0.00000        0.00000
wrapping first mol.:      -75.61362        0.00000        0.00000
wrapping first mol.:      -75.70486        0.00000        0.00000
wrapping first mol.:      -75.70486        0.00000        0.00000
wrapping first mol.:      -75.71897        0.00000        0.00000
wrapping first mol.:      -75.71897        0.00000        0.00000
wrapping first mol.:      -75.69271        0.00000        0.00000
wrapping first mol.:      -75.69271        0.00000        0.00000

 NSTEP =  8375000   TIME(PS) =   18450.000  TEMP(K) =   300.04  PRESS =     0.0
 Etot   =   -117007.8055  EKtot   =     20509.2637  EPtot      =   -137517.0692
 BOND   =       537.4691  ANGLE   =      1507.3105  DIHED      =       994.0689
 UB     =         0.0000  IMP     =         0.0000  CMAP       =       144.3954
 1-4 NB =       630.4765  1-4 EEL =      5866.2726  VDWAALS    =     16586.7259
 EELEC  =   -163783.7882  EHBOND  =         0.0000  RESTRAINT  =         0.0000
 EKCMT  =         0.0000  VIRIAL  =         0.0000  VOLUME     =    333841.5372
                                                    Density    =         1.0312
 ------------------------------------------------------------------------------

wrapping first mol.:      -75.72098        0.00000        0.00000
wrapping first mol.:      -75.72098        0.00000        0.00000
wrapping first mol.:      -75.74104        0.00000        0.00000
wrapping first mol.:      -75.74104        0.00000        0.00000
wrapping first mol.:      -75.70493        0.00000        0.00000
wrapping first mol.:      -75.70493        0.00000        0.00000
wrapping first mol.:      -75.71546        0.00000        0.00000
wrapping first mol.:      -75.71546        0.00000        0.00000
wrapping first mol.:      -75.70226        0.00000        0.00000
wrapping first mol.:      -75.70226        0.00000        0.00000

 NSTEP =  8400000   TIME(PS) =   18500.000  TEMP(K) =   299.91  PRESS =     0.0
 Etot   =   -117057.1680  EKtot   =     20500.1270  EPtot      =   -137557.2950
 BOND   =       557.1689  ANGLE   =      1484.7714  DIHED      =      1005.6145
 UB     =         0.0000  IMP     =         0.0000  CMAP       =       143.5824
 1-4 NB =       633.4768  1-4 EEL =      5839.0176  VDWAALS    =     16203.0675
 EELEC  =   -163423.9941  EHBOND  =         0.0000  RESTRAINT  =         0.0000
 EKCMT  =         0.0000  VIRIAL  =         0.0000  VOLUME     =    333967.8618
                                                    Density    =         1.0308
 ------------------------------------------------------------------------------

wrapping first mol.:      -75.67072        0.00000        0.00000
wrapping first mol.:      -75.67072        0.00000        0.00000
wrapping first mol.:      -75.68926        0.00000        0.00000
wrapping first mol.:      -75.68926        0.00000        0.00000
wrapping first mol.:      -75.62848        0.00000        0.00000
wrapping first mol.:      -75.62848        0.00000        0.00000
wrapping first mol.:      -75.69151        0.00000        0.00000
wrapping first mol.:      -75.69151        0.00000        0.00000
wrapping first mol.:      -75.70955        0.00000        0.00000
wrapping first mol.:      -75.70955        0.00000        0.00000

 NSTEP =  8425000   TIME(PS) =   18550.000  TEMP(K) =   303.13  PRESS =     0.0
 Etot   =   -116665.0682  EKtot   =     20720.4258  EPtot      =   -137385.4940
 BOND   =       572.1643  ANGLE   =      1524.7596  DIHED      =       965.9019
 UB     =         0.0000  IMP     =         0.0000  CMAP       =       150.8124
 1-4 NB =       643.6579  1-4 EEL =      5834.0316  VDWAALS    =     16267.3321
 EELEC  =   -163344.1539  EHBOND  =         0.0000  RESTRAINT  =         0.0000
 EKCMT  =         0.0000  VIRIAL  =         0.0000  VOLUME     =    334064.2947
                                                    Density    =         1.0305
 ------------------------------------------------------------------------------

wrapping first mol.:      -75.61348        0.00000        0.00000
wrapping first mol.:      -75.61348        0.00000        0.00000
wrapping first mol.:      -75.70138        0.00000        0.00000
wrapping first mol.:      -75.70138        0.00000        0.00000
wrapping first mol.:      -75.72296        0.00000        0.00000
wrapping first mol.:      -75.72296        0.00000        0.00000
wrapping first mol.:      -75.70729        0.00000        0.00000
wrapping first mol.:      -75.70729        0.00000        0.00000
wrapping first mol.:      -75.66044        0.00000        0.00000
wrapping first mol.:      -75.66044        0.00000        0.00000

 NSTEP =  8450000   TIME(PS) =   18600.000  TEMP(K) =   300.22  PRESS =     0.0
 Etot   =   -116612.0691  EKtot   =     20521.6934  EPtot      =   -137133.7624
 BOND   =       592.2842  ANGLE   =      1473.8350  DIHED      =      1049.7266
 UB     =         0.0000  IMP     =         0.0000  CMAP       =       132.8612
 1-4 NB =       659.4783  1-4 EEL =      5847.3850  VDWAALS    =     15958.9997
 EELEC  =   -162848.3324  EHBOND  =         0.0000  RESTRAINT  =         0.0000
 EKCMT  =         0.0000  VIRIAL  =         0.0000  VOLUME     =    333414.6997
                                                    Density    =         1.0325
 ------------------------------------------------------------------------------

wrapping first mol.:      -75.61879        0.00000        0.00000
wrapping first mol.:      -75.61879        0.00000        0.00000
wrapping first mol.:      -75.57920        0.00000        0.00000
wrapping first mol.:      -75.57920        0.00000        0.00000
wrapping first mol.:      -75.67787        0.00000        0.00000
wrapping first mol.:      -75.67787        0.00000        0.00000
wrapping first mol.:      -75.76130        0.00000        0.00000
wrapping first mol.:      -75.76130        0.00000        0.00000
wrapping first mol.:      -75.77116        0.00000        0.00000
wrapping first mol.:      -75.77116        0.00000        0.00000

 NSTEP =  8475000   TIME(PS) =   18650.000  TEMP(K) =   300.46  PRESS =     0.0
 Etot   =   -116760.4132  EKtot   =     20537.8789  EPtot      =   -137298.2921
 BOND   =       528.5716  ANGLE   =      1516.5467  DIHED      =       997.5700
 UB     =         0.0000  IMP     =         0.0000  CMAP       =       147.0467
 1-4 NB =       663.0703  1-4 EEL =      5892.6286  VDWAALS    =     16325.9334
 EELEC  =   -163369.6595  EHBOND  =         0.0000  RESTRAINT  =         0.0000
 EKCMT  =         0.0000  VIRIAL  =         0.0000  VOLUME     =    334880.5359
                                                    Density    =         1.0280
 ------------------------------------------------------------------------------

wrapping first mol.:      -75.64504        0.00000        0.00000
wrapping first mol.:      -75.64504        0.00000        0.00000
wrapping first mol.:      -75.67455        0.00000        0.00000
wrapping first mol.:      -75.67455        0.00000        0.00000
wrapping first mol.:      -75.70211        0.00000        0.00000
wrapping first mol.:      -75.70211        0.00000        0.00000
wrapping first mol.:      -75.60092        0.00000        0.00000
wrapping first mol.:      -75.60092        0.00000        0.00000
wrapping first mol.:      -75.71576        0.00000        0.00000
wrapping first mol.:      -75.71576        0.00000        0.00000

 NSTEP =  8500000   TIME(PS) =   18700.000  TEMP(K) =   303.93  PRESS =     0.0
 Etot   =   -116571.7004  EKtot   =     20774.6191  EPtot      =   -137346.3195
 BOND   =       595.7639  ANGLE   =      1526.6239  DIHED      =      1007.1510
 UB     =         0.0000  IMP     =         0.0000  CMAP       =       145.8921
 1-4 NB =       644.4743  1-4 EEL =      5829.9590  VDWAALS    =     16172.0690
 EELEC  =   -163268.2527  EHBOND  =         0.0000  RESTRAINT  =         0.0000
 EKCMT  =         0.0000  VIRIAL  =         0.0000  VOLUME     =    334146.6113
                                                    Density    =         1.0303
 ------------------------------------------------------------------------------

wrapping first mol.:      -75.65945        0.00000        0.00000
wrapping first mol.:      -75.65945        0.00000        0.00000
wrapping first mol.:      -75.59731        0.00000        0.00000
wrapping first mol.:      -75.59731        0.00000        0.00000
wrapping first mol.:      -75.74437        0.00000        0.00000
wrapping first mol.:      -75.74437        0.00000        0.00000
wrapping first mol.:      -75.65548        0.00000        0.00000
wrapping first mol.:      -75.65548        0.00000        0.00000
wrapping first mol.:      -75.57808        0.00000        0.00000
wrapping first mol.:      -75.57808        0.00000        0.00000

 NSTEP =  8525000   TIME(PS) =   18750.000  TEMP(K) =   301.21  PRESS =     0.0
 Etot   =   -116785.0296  EKtot   =     20588.7148  EPtot      =   -137373.7444
 BOND   =       549.3921  ANGLE   =      1558.0229  DIHED      =       993.3205
 UB     =         0.0000  IMP     =         0.0000  CMAP       =       147.5853
 1-4 NB =       651.0020  1-4 EEL =      5827.3954  VDWAALS    =     16294.0187
 EELEC  =   -163394.4814  EHBOND  =         0.0000  RESTRAINT  =         0.0000
 EKCMT  =         0.0000  VIRIAL  =         0.0000  VOLUME     =    332327.0438
                                                    Density    =         1.0359
 ------------------------------------------------------------------------------

wrapping first mol.:      -75.62768        0.00000        0.00000
wrapping first mol.:      -75.62768        0.00000        0.00000
wrapping first mol.:      -75.56672        0.00000        0.00000
wrapping first mol.:      -75.56672        0.00000        0.00000
wrapping first mol.:      -75.64122        0.00000        0.00000
wrapping first mol.:      -75.64122        0.00000        0.00000
wrapping first mol.:      -75.59125        0.00000        0.00000
wrapping first mol.:      -75.59125        0.00000        0.00000
wrapping first mol.:      -75.67175        0.00000        0.00000
wrapping first mol.:      -75.67175        0.00000        0.00000

 NSTEP =  8550000   TIME(PS) =   18800.000  TEMP(K) =   297.93  PRESS =     0.0
 Etot   =   -117419.4390  EKtot   =     20364.9121  EPtot      =   -137784.3511
 BOND   =       590.8340  ANGLE   =      1472.5382  DIHED      =      1007.2343
 UB     =         0.0000  IMP     =         0.0000  CMAP       =       131.7180
 1-4 NB =       659.7108  1-4 EEL =      5846.7517  VDWAALS    =     16331.1651
 EELEC  =   -163824.3033  EHBOND  =         0.0000  RESTRAINT  =         0.0000
 EKCMT  =         0.0000  VIRIAL  =         0.0000  VOLUME     =    333564.1775
                                                    Density    =         1.0321
 ------------------------------------------------------------------------------

wrapping first mol.:      -75.71706        0.00000        0.00000
wrapping first mol.:      -75.71706        0.00000        0.00000
wrapping first mol.:      -75.69714        0.00000        0.00000
wrapping first mol.:      -75.69714        0.00000        0.00000
wrapping first mol.:      -75.67297        0.00000        0.00000
wrapping first mol.:      -75.67297        0.00000        0.00000
wrapping first mol.:      -75.68327        0.00000        0.00000
wrapping first mol.:      -75.68327        0.00000        0.00000
wrapping first mol.:      -75.75657        0.00000        0.00000
wrapping first mol.:      -75.75657        0.00000        0.00000

 NSTEP =  8575000   TIME(PS) =   18850.000  TEMP(K) =   298.96  PRESS =     0.0
 Etot   =   -116979.5825  EKtot   =     20435.4180  EPtot      =   -137415.0005
 BOND   =       554.2376  ANGLE   =      1518.8529  DIHED      =       997.2096
 UB     =         0.0000  IMP     =         0.0000  CMAP       =       136.1926
 1-4 NB =       650.0752  1-4 EEL =      5820.6859  VDWAALS    =     16400.9616
 EELEC  =   -163493.2159  EHBOND  =         0.0000  RESTRAINT  =         0.0000
 EKCMT  =         0.0000  VIRIAL  =         0.0000  VOLUME     =    334687.1376
                                                    Density    =         1.0286
 ------------------------------------------------------------------------------

wrapping first mol.:      -75.65410        0.00000        0.00000
wrapping first mol.:      -75.65410        0.00000        0.00000
wrapping first mol.:      -75.63854        0.00000        0.00000
wrapping first mol.:      -75.63854        0.00000        0.00000
wrapping first mol.:      -75.67024        0.00000        0.00000
wrapping first mol.:      -75.67024        0.00000        0.00000
wrapping first mol.:      -75.66679        0.00000        0.00000
wrapping first mol.:      -75.66679        0.00000        0.00000
wrapping first mol.:      -75.72534        0.00000        0.00000
wrapping first mol.:      -75.72534        0.00000        0.00000

 NSTEP =  8600000   TIME(PS) =   18900.000  TEMP(K) =   300.62  PRESS =     0.0
 Etot   =   -116924.1771  EKtot   =     20548.6777  EPtot      =   -137472.8549
 BOND   =       553.3195  ANGLE   =      1536.5394  DIHED      =       981.8459
 UB     =         0.0000  IMP     =         0.0000  CMAP       =       146.0759
 1-4 NB =       655.9692  1-4 EEL =      5848.6428  VDWAALS    =     16548.5190
 EELEC  =   -163743.7665  EHBOND  =         0.0000  RESTRAINT  =         0.0000
 EKCMT  =         0.0000  VIRIAL  =         0.0000  VOLUME     =    334273.3532
                                                    Density    =         1.0299
 ------------------------------------------------------------------------------

wrapping first mol.:      -75.72132        0.00000        0.00000
wrapping first mol.:      -75.72132        0.00000        0.00000
wrapping first mol.:      -75.64261        0.00000        0.00000
wrapping first mol.:      -75.64261        0.00000        0.00000
wrapping first mol.:      -75.75379        0.00000        0.00000
wrapping first mol.:      -75.75379        0.00000        0.00000
wrapping first mol.:      -75.71728        0.00000        0.00000
wrapping first mol.:      -75.71728        0.00000        0.00000
wrapping first mol.:      -75.73036        0.00000        0.00000
wrapping first mol.:      -75.73036        0.00000        0.00000

 NSTEP =  8625000   TIME(PS) =   18950.000  TEMP(K) =   302.38  PRESS =     0.0
 Etot   =   -116767.5128  EKtot   =     20668.9199  EPtot      =   -137436.4327
 BOND   =       513.3639  ANGLE   =      1529.3433  DIHED      =       991.9531
 UB     =         0.0000  IMP     =         0.0000  CMAP       =       135.9726
 1-4 NB =       634.7114  1-4 EEL =      5841.3213  VDWAALS    =     16059.5343
 EELEC  =   -163142.6327  EHBOND  =         0.0000  RESTRAINT  =         0.0000
 EKCMT  =         0.0000  VIRIAL  =         0.0000  VOLUME     =    334339.9406
                                                    Density    =         1.0297
 ------------------------------------------------------------------------------

wrapping first mol.:      -75.65686        0.00000        0.00000
wrapping first mol.:      -75.65686        0.00000        0.00000
wrapping first mol.:      -75.73288        0.00000        0.00000
wrapping first mol.:      -75.73288        0.00000        0.00000
wrapping first mol.:      -75.63317        0.00000        0.00000
wrapping first mol.:      -75.63317        0.00000        0.00000
wrapping first mol.:      -75.70215        0.00000        0.00000
wrapping first mol.:      -75.70215        0.00000        0.00000
wrapping first mol.:      -75.62377        0.00000        0.00000
wrapping first mol.:      -75.62377        0.00000        0.00000

 NSTEP =  8650000   TIME(PS) =   19000.000  TEMP(K) =   299.57  PRESS =     0.0
 Etot   =   -116979.4843  EKtot   =     20476.8535  EPtot      =   -137456.3378
 BOND   =       542.5273  ANGLE   =      1590.7245  DIHED      =       987.4708
 UB     =         0.0000  IMP     =         0.0000  CMAP       =       152.8803
 1-4 NB =       650.1465  1-4 EEL =      5831.4307  VDWAALS    =     16334.7639
 EELEC  =   -163546.2818  EHBOND  =         0.0000  RESTRAINT  =         0.0000
 EKCMT  =         0.0000  VIRIAL  =         0.0000  VOLUME     =    332930.0716
                                                    Density    =         1.0340
 ------------------------------------------------------------------------------

wrapping first mol.:      -75.70325        0.00000        0.00000
wrapping first mol.:      -75.70325        0.00000        0.00000
wrapping first mol.:      -75.79146        0.00000        0.00000
wrapping first mol.:      -75.79146        0.00000        0.00000
wrapping first mol.:      -75.55947        0.00000        0.00000
wrapping first mol.:      -75.55947        0.00000        0.00000
wrapping first mol.:      -75.65456        0.00000        0.00000
wrapping first mol.:      -75.65456        0.00000        0.00000
wrapping first mol.:      -75.59106        0.00000        0.00000
wrapping first mol.:      -75.59106        0.00000        0.00000

 NSTEP =  8675000   TIME(PS) =   19050.000  TEMP(K) =   301.14  PRESS =     0.0
 Etot   =   -116704.5300  EKtot   =     20584.3008  EPtot      =   -137288.8307
 BOND   =       561.3117  ANGLE   =      1504.6729  DIHED      =      1041.0835
 UB     =         0.0000  IMP     =         0.0000  CMAP       =       133.8839
 1-4 NB =       653.9654  1-4 EEL =      5817.4793  VDWAALS    =     16159.0050
 EELEC  =   -163160.2325  EHBOND  =         0.0000  RESTRAINT  =         0.0000
 EKCMT  =         0.0000  VIRIAL  =         0.0000  VOLUME     =    332498.3352
                                                    Density    =         1.0354
 ------------------------------------------------------------------------------

wrapping first mol.:      -75.65135        0.00000        0.00000
wrapping first mol.:      -75.65135        0.00000        0.00000
wrapping first mol.:      -75.67874        0.00000        0.00000
wrapping first mol.:      -75.67874        0.00000        0.00000
wrapping first mol.:      -75.75910        0.00000        0.00000
wrapping first mol.:      -75.75910        0.00000        0.00000
wrapping first mol.:      -75.72447        0.00000        0.00000
wrapping first mol.:      -75.72447        0.00000        0.00000
wrapping first mol.:      -75.66950        0.00000        0.00000
wrapping first mol.:      -75.66950        0.00000        0.00000

 NSTEP =  8700000   TIME(PS) =   19100.000  TEMP(K) =   302.35  PRESS =     0.0
 Etot   =   -116960.1320  EKtot   =     20667.0977  EPtot      =   -137627.2296
 BOND   =       577.1363  ANGLE   =      1518.1047  DIHED      =       997.2571
 UB     =         0.0000  IMP     =         0.0000  CMAP       =       140.7950
 1-4 NB =       646.1560  1-4 EEL =      5824.4669  VDWAALS    =     16286.2010
 EELEC  =   -163617.3467  EHBOND  =         0.0000  RESTRAINT  =         0.0000
 EKCMT  =         0.0000  VIRIAL  =         0.0000  VOLUME     =    333534.5379
                                                    Density    =         1.0322
 ------------------------------------------------------------------------------

wrapping first mol.:      -75.68303        0.00000        0.00000
wrapping first mol.:      -75.68303        0.00000        0.00000
wrapping first mol.:      -75.68175        0.00000        0.00000
wrapping first mol.:      -75.68175        0.00000        0.00000
wrapping first mol.:      -75.75124        0.00000        0.00000
wrapping first mol.:      -75.75124        0.00000        0.00000
wrapping first mol.:      -75.64286        0.00000        0.00000
wrapping first mol.:      -75.64286        0.00000        0.00000
wrapping first mol.:      -75.62809        0.00000        0.00000
wrapping first mol.:      -75.62809        0.00000        0.00000

 NSTEP =  8725000   TIME(PS) =   19150.000  TEMP(K) =   301.45  PRESS =     0.0
 Etot   =   -117161.1316  EKtot   =     20605.6758  EPtot      =   -137766.8073
 BOND   =       553.3052  ANGLE   =      1502.7542  DIHED      =      1013.0873
 UB     =         0.0000  IMP     =         0.0000  CMAP       =       149.3401
 1-4 NB =       660.3044  1-4 EEL =      5861.8891  VDWAALS    =     16090.4756
 EELEC  =   -163597.9632  EHBOND  =         0.0000  RESTRAINT  =         0.0000
 EKCMT  =         0.0000  VIRIAL  =         0.0000  VOLUME     =    332987.1934
                                                    Density    =         1.0339
 ------------------------------------------------------------------------------

wrapping first mol.:      -75.60408        0.00000        0.00000
wrapping first mol.:      -75.60408        0.00000        0.00000
wrapping first mol.:      -75.67996        0.00000        0.00000
wrapping first mol.:      -75.67996        0.00000        0.00000
wrapping first mol.:      -75.77344        0.00000        0.00000
wrapping first mol.:      -75.77344        0.00000        0.00000
wrapping first mol.:      -75.68630        0.00000        0.00000
wrapping first mol.:      -75.68630        0.00000        0.00000
wrapping first mol.:      -75.63379        0.00000        0.00000
wrapping first mol.:      -75.63379        0.00000        0.00000

 NSTEP =  8750000   TIME(PS) =   19200.000  TEMP(K) =   301.61  PRESS =     0.0
 Etot   =   -116649.1402  EKtot   =     20616.3535  EPtot      =   -137265.4937
 BOND   =       539.5270  ANGLE   =      1534.7501  DIHED      =       967.5791
 UB     =         0.0000  IMP     =         0.0000  CMAP       =       144.5499
 1-4 NB =       634.2669  1-4 EEL =      5856.1666  VDWAALS    =     16530.7795
 EELEC  =   -163473.1130  EHBOND  =         0.0000  RESTRAINT  =         0.0000
 EKCMT  =         0.0000  VIRIAL  =         0.0000  VOLUME     =    333062.5020
                                                    Density    =         1.0336
 ------------------------------------------------------------------------------

wrapping first mol.:      -75.66255        0.00000        0.00000
wrapping first mol.:      -75.66255        0.00000        0.00000
wrapping first mol.:      -75.61171        0.00000        0.00000
wrapping first mol.:      -75.61171        0.00000        0.00000
wrapping first mol.:      -75.68814        0.00000        0.00000
wrapping first mol.:      -75.68814        0.00000        0.00000
wrapping first mol.:      -75.75635        0.00000        0.00000
wrapping first mol.:      -75.75635        0.00000        0.00000
wrapping first mol.:      -75.68686        0.00000        0.00000
wrapping first mol.:      -75.68686        0.00000        0.00000

 NSTEP =  8775000   TIME(PS) =   19250.000  TEMP(K) =   298.60  PRESS =     0.0
 Etot   =   -116878.7591  EKtot   =     20410.8262  EPtot      =   -137289.5853
 BOND   =       557.2768  ANGLE   =      1535.9328  DIHED      =       985.9952
 UB     =         0.0000  IMP     =         0.0000  CMAP       =       143.6464
 1-4 NB =       638.5165  1-4 EEL =      5804.4053  VDWAALS    =     16310.0453
 EELEC  =   -163265.4036  EHBOND  =         0.0000  RESTRAINT  =         0.0000
 EKCMT  =         0.0000  VIRIAL  =         0.0000  VOLUME     =    333764.1475
                                                    Density    =         1.0314
 ------------------------------------------------------------------------------

wrapping first mol.:      -75.54858        0.00000        0.00000
wrapping first mol.:      -75.54858        0.00000        0.00000
wrapping first mol.:      -75.66417        0.00000        0.00000
wrapping first mol.:      -75.66417        0.00000        0.00000
wrapping first mol.:      -75.61832        0.00000        0.00000
wrapping first mol.:      -75.61832        0.00000        0.00000
wrapping first mol.:      -75.61450        0.00000        0.00000
wrapping first mol.:      -75.61450        0.00000        0.00000
wrapping first mol.:      -75.69347        0.00000        0.00000
wrapping first mol.:      -75.69347        0.00000        0.00000

 NSTEP =  8800000   TIME(PS) =   19300.000  TEMP(K) =   300.47  PRESS =     0.0
 Etot   =   -117091.0210  EKtot   =     20538.4062  EPtot      =   -137629.4272
 BOND   =       554.0947  ANGLE   =      1501.4367  DIHED      =      1000.5845
 UB     =         0.0000  IMP     =         0.0000  CMAP       =       146.5404
 1-4 NB =       645.1737  1-4 EEL =      5843.9136  VDWAALS    =     16439.7866
 EELEC  =   -163760.9574  EHBOND  =         0.0000  RESTRAINT  =         0.0000
 EKCMT  =         0.0000  VIRIAL  =         0.0000  VOLUME     =    333851.5302
                                                    Density    =         1.0312
 ------------------------------------------------------------------------------

wrapping first mol.:      -75.75991        0.00000        0.00000
wrapping first mol.:      -75.75991        0.00000        0.00000
wrapping first mol.:      -75.65232        0.00000        0.00000
wrapping first mol.:      -75.65232        0.00000        0.00000
wrapping first mol.:      -75.64473        0.00000        0.00000
wrapping first mol.:      -75.64473        0.00000        0.00000
wrapping first mol.:      -75.61485        0.00000        0.00000
wrapping first mol.:      -75.61485        0.00000        0.00000
wrapping first mol.:      -75.65040        0.00000        0.00000
wrapping first mol.:      -75.65040        0.00000        0.00000

 NSTEP =  8825000   TIME(PS) =   19350.000  TEMP(K) =   298.93  PRESS =     0.0
 Etot   =   -116935.9591  EKtot   =     20433.4492  EPtot      =   -137369.4084
 BOND   =       538.1725  ANGLE   =      1539.6457  DIHED      =       991.3699
 UB     =         0.0000  IMP     =         0.0000  CMAP       =       144.5013
 1-4 NB =       653.1393  1-4 EEL =      5881.6414  VDWAALS    =     16122.8364
 EELEC  =   -163240.7148  EHBOND  =         0.0000  RESTRAINT  =         0.0000
 EKCMT  =         0.0000  VIRIAL  =         0.0000  VOLUME     =    333281.9632
                                                    Density    =         1.0329
 ------------------------------------------------------------------------------

wrapping first mol.:      -75.74503        0.00000        0.00000
wrapping first mol.:      -75.74503        0.00000        0.00000
wrapping first mol.:      -75.70869        0.00000        0.00000
wrapping first mol.:      -75.70869        0.00000        0.00000
wrapping first mol.:      -75.61788        0.00000        0.00000
wrapping first mol.:      -75.61788        0.00000        0.00000
wrapping first mol.:      -75.65204        0.00000        0.00000
wrapping first mol.:      -75.65204        0.00000        0.00000
wrapping first mol.:      -75.60819        0.00000        0.00000
wrapping first mol.:      -75.60819        0.00000        0.00000

 NSTEP =  8850000   TIME(PS) =   19400.000  TEMP(K) =   298.50  PRESS =     0.0
 Etot   =   -117446.8545  EKtot   =     20403.5762  EPtot      =   -137850.4306
 BOND   =       551.9885  ANGLE   =      1540.5480  DIHED      =       994.0561
 UB     =         0.0000  IMP     =         0.0000  CMAP       =       141.8999
 1-4 NB =       641.6386  1-4 EEL =      5822.6556  VDWAALS    =     16166.2319
 EELEC  =   -163709.4492  EHBOND  =         0.0000  RESTRAINT  =         0.0000
 EKCMT  =         0.0000  VIRIAL  =         0.0000  VOLUME     =    332724.4624
                                                    Density    =         1.0347
 ------------------------------------------------------------------------------

wrapping first mol.:      -75.62630        0.00000        0.00000
wrapping first mol.:      -75.62630        0.00000        0.00000
wrapping first mol.:      -75.65070        0.00000        0.00000
wrapping first mol.:      -75.65070        0.00000        0.00000
wrapping first mol.:      -75.62805        0.00000        0.00000
wrapping first mol.:      -75.62805        0.00000        0.00000
wrapping first mol.:      -75.62676        0.00000        0.00000
wrapping first mol.:      -75.62676        0.00000        0.00000
wrapping first mol.:      -75.79333        0.00000        0.00000
wrapping first mol.:      -75.79333        0.00000        0.00000

 NSTEP =  8875000   TIME(PS) =   19450.000  TEMP(K) =   299.64  PRESS =     0.0
 Etot   =   -116910.5031  EKtot   =     20481.9609  EPtot      =   -137392.4640
 BOND   =       598.3495  ANGLE   =      1522.1237  DIHED      =      1007.4425
 UB     =         0.0000  IMP     =         0.0000  CMAP       =       140.8028
 1-4 NB =       646.1591  1-4 EEL =      5843.1011  VDWAALS    =     16162.8490
 EELEC  =   -163313.2916  EHBOND  =         0.0000  RESTRAINT  =         0.0000
 EKCMT  =         0.0000  VIRIAL  =         0.0000  VOLUME     =    335174.5832
                                                    Density    =         1.0271
 ------------------------------------------------------------------------------

wrapping first mol.:      -75.74466        0.00000        0.00000
wrapping first mol.:      -75.74466        0.00000        0.00000
wrapping first mol.:      -75.69537        0.00000        0.00000
wrapping first mol.:      -75.69537        0.00000        0.00000
wrapping first mol.:      -75.68546        0.00000        0.00000
wrapping first mol.:      -75.68546        0.00000        0.00000
wrapping first mol.:      -75.63612        0.00000        0.00000
wrapping first mol.:      -75.63612        0.00000        0.00000
wrapping first mol.:      -75.72115        0.00000        0.00000
wrapping first mol.:      -75.72115        0.00000        0.00000

 NSTEP =  8900000   TIME(PS) =   19500.000  TEMP(K) =   300.48  PRESS =     0.0
 Etot   =   -116794.4193  EKtot   =     20538.9453  EPtot      =   -137333.3646
 BOND   =       534.1028  ANGLE   =      1488.3701  DIHED      =      1009.4504
 UB     =         0.0000  IMP     =         0.0000  CMAP       =       139.6680
 1-4 NB =       655.9695  1-4 EEL =      5913.5094  VDWAALS    =     16088.2469
 EELEC  =   -163162.6818  EHBOND  =         0.0000  RESTRAINT  =         0.0000
 EKCMT  =         0.0000  VIRIAL  =         0.0000  VOLUME     =    334217.9689
                                                    Density    =         1.0300
 ------------------------------------------------------------------------------

wrapping first mol.:      -75.73937        0.00000        0.00000
wrapping first mol.:      -75.73937        0.00000        0.00000
wrapping first mol.:      -75.67811        0.00000        0.00000
wrapping first mol.:      -75.67811        0.00000        0.00000
wrapping first mol.:      -75.67168        0.00000        0.00000
wrapping first mol.:      -75.67168        0.00000        0.00000
wrapping first mol.:      -75.64143        0.00000        0.00000
wrapping first mol.:      -75.64143        0.00000        0.00000
wrapping first mol.:      -75.73150        0.00000        0.00000
wrapping first mol.:      -75.73150        0.00000        0.00000

 NSTEP =  8925000   TIME(PS) =   19550.000  TEMP(K) =   297.95  PRESS =     0.0
 Etot   =   -117231.5588  EKtot   =     20365.9922  EPtot      =   -137597.5510
 BOND   =       519.2478  ANGLE   =      1492.3389  DIHED      =       986.5430
 UB     =         0.0000  IMP     =         0.0000  CMAP       =       150.8014
 1-4 NB =       648.9631  1-4 EEL =      5864.0237  VDWAALS    =     16394.5024
 EELEC  =   -163653.9714  EHBOND  =         0.0000  RESTRAINT  =         0.0000
 EKCMT  =         0.0000  VIRIAL  =         0.0000  VOLUME     =    334355.0564
                                                    Density    =         1.0296
 ------------------------------------------------------------------------------

wrapping first mol.:      -75.66398        0.00000        0.00000
wrapping first mol.:      -75.66398        0.00000        0.00000
wrapping first mol.:      -75.65409        0.00000        0.00000
wrapping first mol.:      -75.65409        0.00000        0.00000
wrapping first mol.:      -75.68689        0.00000        0.00000
wrapping first mol.:      -75.68689        0.00000        0.00000
wrapping first mol.:      -75.61411        0.00000        0.00000
wrapping first mol.:      -75.61411        0.00000        0.00000
wrapping first mol.:      -75.56705        0.00000        0.00000
wrapping first mol.:      -75.56705        0.00000        0.00000

 NSTEP =  8950000   TIME(PS) =   19600.000  TEMP(K) =   301.33  PRESS =     0.0
 Etot   =   -117174.9912  EKtot   =     20597.3242  EPtot      =   -137772.3154
 BOND   =       576.3560  ANGLE   =      1531.2189  DIHED      =       992.8090
 UB     =         0.0000  IMP     =         0.0000  CMAP       =       142.0249
 1-4 NB =       637.6258  1-4 EEL =      5882.1725  VDWAALS    =     16690.7715
 EELEC  =   -164225.2941  EHBOND  =         0.0000  RESTRAINT  =         0.0000
 EKCMT  =         0.0000  VIRIAL  =         0.0000  VOLUME     =    332181.5727
                                                    Density    =         1.0364
 ------------------------------------------------------------------------------

wrapping first mol.:      -75.72055        0.00000        0.00000
wrapping first mol.:      -75.72055        0.00000        0.00000
wrapping first mol.:      -75.70288        0.00000        0.00000
wrapping first mol.:      -75.70288        0.00000        0.00000
wrapping first mol.:      -75.74066        0.00000        0.00000
wrapping first mol.:      -75.74066        0.00000        0.00000
wrapping first mol.:      -75.68765        0.00000        0.00000
wrapping first mol.:      -75.68765        0.00000        0.00000
wrapping first mol.:      -75.61685        0.00000        0.00000
wrapping first mol.:      -75.61685        0.00000        0.00000

 NSTEP =  8975000   TIME(PS) =   19650.000  TEMP(K) =   301.61  PRESS =     0.0
 Etot   =   -116691.5567  EKtot   =     20616.5352  EPtot      =   -137308.0919
 BOND   =       561.3758  ANGLE   =      1525.1051  DIHED      =      1031.3991
 UB     =         0.0000  IMP     =         0.0000  CMAP       =       147.4923
 1-4 NB =       635.6162  1-4 EEL =      5883.4670  VDWAALS    =     15878.0529
 EELEC  =   -162970.6002  EHBOND  =         0.0000  RESTRAINT  =         0.0000
 EKCMT  =         0.0000  VIRIAL  =         0.0000  VOLUME     =    332838.8031
                                                    Density    =         1.0343
 ------------------------------------------------------------------------------

wrapping first mol.:      -75.78248        0.00000        0.00000
wrapping first mol.:      -75.78248        0.00000        0.00000
wrapping first mol.:      -75.75921        0.00000        0.00000
wrapping first mol.:      -75.75921        0.00000        0.00000
wrapping first mol.:      -75.68905        0.00000        0.00000
wrapping first mol.:      -75.68905        0.00000        0.00000
wrapping first mol.:      -75.64804        0.00000        0.00000
wrapping first mol.:      -75.64804        0.00000        0.00000
wrapping first mol.:      -75.71647        0.00000        0.00000
wrapping first mol.:      -75.71647        0.00000        0.00000

 NSTEP =  9000000   TIME(PS) =   19700.000  TEMP(K) =   299.28  PRESS =     0.0
 Etot   =   -117209.1322  EKtot   =     20457.4355  EPtot      =   -137666.5678
 BOND   =       572.0715  ANGLE   =      1506.9485  DIHED      =      1011.1338
 UB     =         0.0000  IMP     =         0.0000  CMAP       =       132.3160
 1-4 NB =       644.1577  1-4 EEL =      5883.7653  VDWAALS    =     16225.6177
 EELEC  =   -163642.5781  EHBOND  =         0.0000  RESTRAINT  =         0.0000
 EKCMT  =         0.0000  VIRIAL  =         0.0000  VOLUME     =    334155.9727
                                                    Density    =         1.0302
 ------------------------------------------------------------------------------

wrapping first mol.:      -75.66746        0.00000        0.00000
wrapping first mol.:      -75.66746        0.00000        0.00000
wrapping first mol.:      -75.68532        0.00000        0.00000
wrapping first mol.:      -75.68532        0.00000        0.00000
wrapping first mol.:      -75.75286        0.00000        0.00000
wrapping first mol.:      -75.75286        0.00000        0.00000
wrapping first mol.:      -75.67515        0.00000        0.00000
wrapping first mol.:      -75.67515        0.00000        0.00000
wrapping first mol.:      -75.69041        0.00000        0.00000
wrapping first mol.:      -75.69041        0.00000        0.00000

 NSTEP =  9025000   TIME(PS) =   19750.000  TEMP(K) =   295.49  PRESS =     0.0
 Etot   =   -117028.7302  EKtot   =     20197.7461  EPtot      =   -137226.4763
 BOND   =       554.5136  ANGLE   =      1512.2849  DIHED      =      1010.6733
 UB     =         0.0000  IMP     =         0.0000  CMAP       =       142.7272
 1-4 NB =       626.8927  1-4 EEL =      5872.7315  VDWAALS    =     16203.3982
 EELEC  =   -163149.6976  EHBOND  =         0.0000  RESTRAINT  =         0.0000
 EKCMT  =         0.0000  VIRIAL  =         0.0000  VOLUME     =    333811.1086
                                                    Density    =         1.0313
 ------------------------------------------------------------------------------

wrapping first mol.:      -75.70174        0.00000        0.00000
wrapping first mol.:      -75.70174        0.00000        0.00000
wrapping first mol.:      -75.75006        0.00000        0.00000
wrapping first mol.:      -75.75006        0.00000        0.00000
wrapping first mol.:      -75.59590        0.00000        0.00000
wrapping first mol.:      -75.59590        0.00000        0.00000
wrapping first mol.:      -75.64645        0.00000        0.00000
wrapping first mol.:      -75.64645        0.00000        0.00000
wrapping first mol.:      -75.67142        0.00000        0.00000
wrapping first mol.:      -75.67142        0.00000        0.00000

 NSTEP =  9050000   TIME(PS) =   19800.000  TEMP(K) =   300.99  PRESS =     0.0
 Etot   =   -116786.0581  EKtot   =     20573.8535  EPtot      =   -137359.9116
 BOND   =       539.7273  ANGLE   =      1531.9345  DIHED      =      1005.5093
 UB     =         0.0000  IMP     =         0.0000  CMAP       =       149.1062
 1-4 NB =       659.9284  1-4 EEL =      5820.7451  VDWAALS    =     16539.6772
 EELEC  =   -163606.5397  EHBOND  =         0.0000  RESTRAINT  =         0.0000
 EKCMT  =         0.0000  VIRIAL  =         0.0000  VOLUME     =    333559.8085
                                                    Density    =         1.0321
 ------------------------------------------------------------------------------

wrapping first mol.:      -75.65792        0.00000        0.00000
wrapping first mol.:      -75.65792        0.00000        0.00000
wrapping first mol.:      -75.63248        0.00000        0.00000
wrapping first mol.:      -75.63248        0.00000        0.00000
wrapping first mol.:      -75.68222        0.00000        0.00000
wrapping first mol.:      -75.68222        0.00000        0.00000
wrapping first mol.:      -75.70753        0.00000        0.00000
wrapping first mol.:      -75.70753        0.00000        0.00000
wrapping first mol.:      -75.73506        0.00000        0.00000
wrapping first mol.:      -75.73506        0.00000        0.00000

 NSTEP =  9075000   TIME(PS) =   19850.000  TEMP(K) =   298.89  PRESS =     0.0
 Etot   =   -117053.7042  EKtot   =     20430.3203  EPtot      =   -137484.0245
 BOND   =       575.2641  ANGLE   =      1589.6324  DIHED      =      1033.6949
 UB     =         0.0000  IMP     =         0.0000  CMAP       =       140.6352
 1-4 NB =       632.5723  1-4 EEL =      5842.4298  VDWAALS    =     16849.2501
 EELEC  =   -164147.5035  EHBOND  =         0.0000  RESTRAINT  =         0.0000
 EKCMT  =         0.0000  VIRIAL  =         0.0000  VOLUME     =    334402.1823
                                                    Density    =         1.0295
 ------------------------------------------------------------------------------

wrapping first mol.:      -75.71447        0.00000        0.00000
wrapping first mol.:      -75.71447        0.00000        0.00000
wrapping first mol.:      -75.59257        0.00000        0.00000
wrapping first mol.:      -75.59257        0.00000        0.00000
wrapping first mol.:      -75.75003        0.00000        0.00000
wrapping first mol.:      -75.75003        0.00000        0.00000
wrapping first mol.:      -75.67805        0.00000        0.00000
wrapping first mol.:      -75.67805        0.00000        0.00000
wrapping first mol.:      -75.66854        0.00000        0.00000
wrapping first mol.:      -75.66854        0.00000        0.00000

 NSTEP =  9100000   TIME(PS) =   19900.000  TEMP(K) =   297.71  PRESS =     0.0
 Etot   =   -117100.1987  EKtot   =     20349.9238  EPtot      =   -137450.1225
 BOND   =       573.0105  ANGLE   =      1476.9218  DIHED      =       997.7693
 UB     =         0.0000  IMP     =         0.0000  CMAP       =       141.5596
 1-4 NB =       646.1945  1-4 EEL =      5832.7348  VDWAALS    =     16321.9311
 EELEC  =   -163440.2442  EHBOND  =         0.0000  RESTRAINT  =         0.0000
 EKCMT  =         0.0000  VIRIAL  =         0.0000  VOLUME     =    333521.7815
                                                    Density    =         1.0322
 ------------------------------------------------------------------------------

wrapping first mol.:      -75.62649        0.00000        0.00000
wrapping first mol.:      -75.62649        0.00000        0.00000
wrapping first mol.:      -75.75462        0.00000        0.00000
wrapping first mol.:      -75.75462        0.00000        0.00000
wrapping first mol.:      -75.60612        0.00000        0.00000
wrapping first mol.:      -75.60612        0.00000        0.00000
wrapping first mol.:      -75.68024        0.00000        0.00000
wrapping first mol.:      -75.68024        0.00000        0.00000
wrapping first mol.:      -75.64458        0.00000        0.00000
wrapping first mol.:      -75.64458        0.00000        0.00000

 NSTEP =  9125000   TIME(PS) =   19950.000  TEMP(K) =   299.01  PRESS =     0.0
 Etot   =   -117017.2060  EKtot   =     20438.5938  EPtot      =   -137455.7998
 BOND   =       563.7745  ANGLE   =      1529.3156  DIHED      =       995.0537
 UB     =         0.0000  IMP     =         0.0000  CMAP       =       153.5628
 1-4 NB =       636.4985  1-4 EEL =      5860.9929  VDWAALS    =     16322.0793
 EELEC  =   -163517.0771  EHBOND  =         0.0000  RESTRAINT  =         0.0000
 EKCMT  =         0.0000  VIRIAL  =         0.0000  VOLUME     =    333205.1163
                                                    Density    =         1.0332
 ------------------------------------------------------------------------------

wrapping first mol.:      -75.67294        0.00000        0.00000
wrapping first mol.:      -75.67294        0.00000        0.00000
wrapping first mol.:      -75.73148        0.00000        0.00000
wrapping first mol.:      -75.73148        0.00000        0.00000
wrapping first mol.:      -75.72270        0.00000        0.00000
wrapping first mol.:      -75.72270        0.00000        0.00000
wrapping first mol.:      -75.73945        0.00000        0.00000
wrapping first mol.:      -75.73945        0.00000        0.00000
wrapping first mol.:      -75.65296        0.00000        0.00000
wrapping first mol.:      -75.65296        0.00000        0.00000

 NSTEP =  9150000   TIME(PS) =   20000.000  TEMP(K) =   299.24  PRESS =     0.0
 Etot   =   -117011.6349  EKtot   =     20454.7129  EPtot      =   -137466.3477
 BOND   =       557.1534  ANGLE   =      1514.9969  DIHED      =      1007.4969
 UB     =         0.0000  IMP     =         0.0000  CMAP       =       137.8253
 1-4 NB =       617.3489  1-4 EEL =      5843.2451  VDWAALS    =     16185.0227
 EELEC  =   -163329.4369  EHBOND  =         0.0000  RESTRAINT  =         0.0000
 EKCMT  =         0.0000  VIRIAL  =         0.0000  VOLUME     =    333315.7706
                                                    Density    =         1.0328
 ------------------------------------------------------------------------------

wrapping first mol.:      -75.68010        0.00000        0.00000
wrapping first mol.:      -75.68010        0.00000        0.00000
wrapping first mol.:      -75.68037        0.00000        0.00000
wrapping first mol.:      -75.68037        0.00000        0.00000
wrapping first mol.:      -75.66170        0.00000        0.00000
wrapping first mol.:      -75.66170        0.00000        0.00000
wrapping first mol.:      -75.65050        0.00000        0.00000
wrapping first mol.:      -75.65050        0.00000        0.00000
wrapping first mol.:      -75.68766        0.00000        0.00000
wrapping first mol.:      -75.68766        0.00000        0.00000

 NSTEP =  9175000   TIME(PS) =   20050.000  TEMP(K) =   297.31  PRESS =     0.0
 Etot   =   -117114.9424  EKtot   =     20322.7266  EPtot      =   -137437.6689
 BOND   =       569.0736  ANGLE   =      1571.2250  DIHED      =       984.0701
 UB     =         0.0000  IMP     =         0.0000  CMAP       =       142.9326
 1-4 NB =       658.8995  1-4 EEL =      5856.4968  VDWAALS    =     16388.8295
 EELEC  =   -163609.1960  EHBOND  =         0.0000  RESTRAINT  =         0.0000
 EKCMT  =         0.0000  VIRIAL  =         0.0000  VOLUME     =    333774.7037
                                                    Density    =         1.0314
 ------------------------------------------------------------------------------

wrapping first mol.:      -75.66022        0.00000        0.00000
wrapping first mol.:      -75.66022        0.00000        0.00000
wrapping first mol.:      -75.68311        0.00000        0.00000
wrapping first mol.:      -75.68311        0.00000        0.00000
wrapping first mol.:      -75.63874        0.00000        0.00000
wrapping first mol.:      -75.63874        0.00000        0.00000
wrapping first mol.:      -75.67805        0.00000        0.00000
wrapping first mol.:      -75.67805        0.00000        0.00000
wrapping first mol.:      -75.73888        0.00000        0.00000
wrapping first mol.:      -75.73888        0.00000        0.00000

 NSTEP =  9200000   TIME(PS) =   20100.000  TEMP(K) =   299.38  PRESS =     0.0
 Etot   =   -116834.4600  EKtot   =     20463.8008  EPtot      =   -137298.2607
 BOND   =       566.2663  ANGLE   =      1498.6716  DIHED      =       969.5410
 UB     =         0.0000  IMP     =         0.0000  CMAP       =       147.6969
 1-4 NB =       652.5256  1-4 EEL =      5844.0957  VDWAALS    =     16252.8475
 EELEC  =   -163229.9053  EHBOND  =         0.0000  RESTRAINT  =         0.0000
 EKCMT  =         0.0000  VIRIAL  =         0.0000  VOLUME     =    334452.7541
                                                    Density    =         1.0293
 ------------------------------------------------------------------------------

wrapping first mol.:      -75.84422        0.00000        0.00000
wrapping first mol.:      -75.84422        0.00000        0.00000
wrapping first mol.:      -75.54724        0.00000        0.00000
wrapping first mol.:      -75.54724        0.00000        0.00000
wrapping first mol.:      -75.66199        0.00000        0.00000
wrapping first mol.:      -75.66199        0.00000        0.00000
wrapping first mol.:      -75.66502        0.00000        0.00000
wrapping first mol.:      -75.66502        0.00000        0.00000
wrapping first mol.:      -75.78973        0.00000        0.00000
wrapping first mol.:      -75.78973        0.00000        0.00000

 NSTEP =  9225000   TIME(PS) =   20150.000  TEMP(K) =   301.32  PRESS =     0.0
 Etot   =   -117132.1417  EKtot   =     20596.6953  EPtot      =   -137728.8370
 BOND   =       544.4957  ANGLE   =      1523.6437  DIHED      =       980.3048
 UB     =         0.0000  IMP     =         0.0000  CMAP       =       144.3047
 1-4 NB =       634.8718  1-4 EEL =      5868.8932  VDWAALS    =     16658.7609
 EELEC  =   -164084.1118  EHBOND  =         0.0000  RESTRAINT  =         0.0000
 EKCMT  =         0.0000  VIRIAL  =         0.0000  VOLUME     =    335126.8643
                                                    Density    =         1.0273
 ------------------------------------------------------------------------------

wrapping first mol.:      -75.72769        0.00000        0.00000
wrapping first mol.:      -75.72769        0.00000        0.00000
wrapping first mol.:      -75.73261        0.00000        0.00000
wrapping first mol.:      -75.73261        0.00000        0.00000
wrapping first mol.:      -75.70918        0.00000        0.00000
wrapping first mol.:      -75.70918        0.00000        0.00000
wrapping first mol.:      -75.71558        0.00000        0.00000
wrapping first mol.:      -75.71558        0.00000        0.00000
wrapping first mol.:      -75.75554        0.00000        0.00000
wrapping first mol.:      -75.75554        0.00000        0.00000

 NSTEP =  9250000   TIME(PS) =   20200.000  TEMP(K) =   302.58  PRESS =     0.0
 Etot   =   -116716.6295  EKtot   =     20682.5664  EPtot      =   -137399.1959
 BOND   =       573.8878  ANGLE   =      1516.8576  DIHED      =      1013.7712
 UB     =         0.0000  IMP     =         0.0000  CMAP       =       142.9342
 1-4 NB =       645.5519  1-4 EEL =      5900.0660  VDWAALS    =     16301.8118
 EELEC  =   -163494.0765  EHBOND  =         0.0000  RESTRAINT  =         0.0000
 EKCMT  =         0.0000  VIRIAL  =         0.0000  VOLUME     =    334673.4892
                                                    Density    =         1.0286
 ------------------------------------------------------------------------------

wrapping first mol.:      -75.65900        0.00000        0.00000
wrapping first mol.:      -75.65900        0.00000        0.00000
wrapping first mol.:      -75.77699        0.00000        0.00000
wrapping first mol.:      -75.77699        0.00000        0.00000
wrapping first mol.:      -75.65983        0.00000        0.00000
wrapping first mol.:      -75.65983        0.00000        0.00000
wrapping first mol.:      -75.75980        0.00000        0.00000
wrapping first mol.:      -75.75980        0.00000        0.00000
wrapping first mol.:      -75.65121        0.00000        0.00000
wrapping first mol.:      -75.65121        0.00000        0.00000

 NSTEP =  9275000   TIME(PS) =   20250.000  TEMP(K) =   300.35  PRESS =     0.0
 Etot   =   -116765.3972  EKtot   =     20530.5254  EPtot      =   -137295.9226
 BOND   =       602.3657  ANGLE   =      1505.9726  DIHED      =      1008.4752
 UB     =         0.0000  IMP     =         0.0000  CMAP       =       141.2212
 1-4 NB =       646.6383  1-4 EEL =      5827.3288  VDWAALS    =     16508.8250
 EELEC  =   -163536.7494  EHBOND  =         0.0000  RESTRAINT  =         0.0000
 EKCMT  =         0.0000  VIRIAL  =         0.0000  VOLUME     =    333292.7021
                                                    Density    =         1.0329
 ------------------------------------------------------------------------------

wrapping first mol.:      -75.73051        0.00000        0.00000
wrapping first mol.:      -75.73051        0.00000        0.00000
wrapping first mol.:      -75.60428        0.00000        0.00000
wrapping first mol.:      -75.60428        0.00000        0.00000
wrapping first mol.:      -75.65097        0.00000        0.00000
wrapping first mol.:      -75.65097        0.00000        0.00000
wrapping first mol.:      -75.70965        0.00000        0.00000
wrapping first mol.:      -75.70965        0.00000        0.00000
wrapping first mol.:      -75.66536        0.00000        0.00000
wrapping first mol.:      -75.66536        0.00000        0.00000

 NSTEP =  9300000   TIME(PS) =   20300.000  TEMP(K) =   297.40  PRESS =     0.0
 Etot   =   -117247.8235  EKtot   =     20328.3770  EPtot      =   -137576.2004
 BOND   =       559.1782  ANGLE   =      1545.4948  DIHED      =       999.8709
 UB     =         0.0000  IMP     =         0.0000  CMAP       =       134.8641
 1-4 NB =       642.8707  1-4 EEL =      5794.3845  VDWAALS    =     16720.7254
 EELEC  =   -163973.5890  EHBOND  =         0.0000  RESTRAINT  =         0.0000
 EKCMT  =         0.0000  VIRIAL  =         0.0000  VOLUME     =    333479.7076
                                                    Density    =         1.0323
 ------------------------------------------------------------------------------

wrapping first mol.:      -75.70814        0.00000        0.00000
wrapping first mol.:      -75.70814        0.00000        0.00000
wrapping first mol.:      -75.74223        0.00000        0.00000
wrapping first mol.:      -75.74223        0.00000        0.00000
wrapping first mol.:      -75.62457        0.00000        0.00000
wrapping first mol.:      -75.62457        0.00000        0.00000
wrapping first mol.:      -75.63679        0.00000        0.00000
wrapping first mol.:      -75.63679        0.00000        0.00000
wrapping first mol.:      -75.73117        0.00000        0.00000
wrapping first mol.:      -75.73117        0.00000        0.00000

 NSTEP =  9325000   TIME(PS) =   20350.000  TEMP(K) =   300.60  PRESS =     0.0
 Etot   =   -116958.5086  EKtot   =     20547.1406  EPtot      =   -137505.6492
 BOND   =       554.7901  ANGLE   =      1496.0779  DIHED      =       999.2003
 UB     =         0.0000  IMP     =         0.0000  CMAP       =       149.0312
 1-4 NB =       641.2044  1-4 EEL =      5845.6340  VDWAALS    =     16079.3326
 EELEC  =   -163270.9198  EHBOND  =         0.0000  RESTRAINT  =         0.0000
 EKCMT  =         0.0000  VIRIAL  =         0.0000  VOLUME     =    334350.6609
                                                    Density    =         1.0296
 ------------------------------------------------------------------------------

wrapping first mol.:      -75.72930        0.00000        0.00000
wrapping first mol.:      -75.72930        0.00000        0.00000
wrapping first mol.:      -75.67705        0.00000        0.00000
wrapping first mol.:      -75.67705        0.00000        0.00000
wrapping first mol.:      -75.75314        0.00000        0.00000
wrapping first mol.:      -75.75314        0.00000        0.00000
wrapping first mol.:      -75.68149        0.00000        0.00000
wrapping first mol.:      -75.68149        0.00000        0.00000

 NSTEP =  9350000   TIME(PS) =   20400.000  TEMP(K) =   299.21  PRESS =     0.0
 Etot   =   -117183.4573  EKtot   =     20452.3516  EPtot      =   -137635.8089
 BOND   =       551.2676  ANGLE   =      1483.0493  DIHED      =      1001.8942
 UB     =         0.0000  IMP     =         0.0000  CMAP       =       139.8591
 1-4 NB =       636.3748  1-4 EEL =      5851.4318  VDWAALS    =     16546.5302
 EELEC  =   -163846.2159  EHBOND  =         0.0000  RESTRAINT  =         0.0000
 EKCMT  =         0.0000  VIRIAL  =         0.0000  VOLUME     =    333375.6067
                                                    Density    =         1.0326
 ------------------------------------------------------------------------------


 NSTEP =  9375000   TIME(PS) =   20450.000  TEMP(K) =   298.75  PRESS =     0.0
 Etot   =   -116864.0082  EKtot   =     20420.7031  EPtot      =   -137284.7113
 BOND   =       575.7586  ANGLE   =      1488.5678  DIHED      =      1002.0230
 UB     =         0.0000  IMP     =         0.0000  CMAP       =       134.5421
 1-4 NB =       659.0734  1-4 EEL =      5845.7577  VDWAALS    =     16443.5568
 EELEC  =   -163433.9908  EHBOND  =         0.0000  RESTRAINT  =         0.0000
 EKCMT  =         0.0000  VIRIAL  =         0.0000  VOLUME     =    334595.2713
                                                    Density    =         1.0289
 ------------------------------------------------------------------------------

wrapping first mol.:      -75.62456        0.00000        0.00000
wrapping first mol.:      -75.62456        0.00000        0.00000

 NSTEP =  9400000   TIME(PS) =   20500.000  TEMP(K) =   299.85  PRESS =     0.0
 Etot   =   -117145.0006  EKtot   =     20496.0039  EPtot      =   -137641.0045
 BOND   =       549.8379  ANGLE   =      1465.3193  DIHED      =      1002.5663
 UB     =         0.0000  IMP     =         0.0000  CMAP       =       151.1534
 1-4 NB =       647.0629  1-4 EEL =      5901.0941  VDWAALS    =     16651.2910
 EELEC  =   -164009.3295  EHBOND  =         0.0000  RESTRAINT  =         0.0000
 EKCMT  =         0.0000  VIRIAL  =         0.0000  VOLUME     =    333114.0905
                                                    Density    =         1.0335
 ------------------------------------------------------------------------------


 NSTEP =  9425000   TIME(PS) =   20550.000  TEMP(K) =   298.06  PRESS =     0.0
 Etot   =   -117333.6777  EKtot   =     20373.9766  EPtot      =   -137707.6542
 BOND   =       590.1533  ANGLE   =      1458.5841  DIHED      =      1021.2570
 UB     =         0.0000  IMP     =         0.0000  CMAP       =       145.2507
 1-4 NB =       635.5964  1-4 EEL =      5911.2355  VDWAALS    =     16238.1678
 EELEC  =   -163707.8990  EHBOND  =         0.0000  RESTRAINT  =         0.0000
 EKCMT  =         0.0000  VIRIAL  =         0.0000  VOLUME     =    334205.1839
                                                    Density    =         1.0301
 ------------------------------------------------------------------------------


 NSTEP =  9450000   TIME(PS) =   20600.000  TEMP(K) =   298.98  PRESS =     0.0
 Etot   =   -116877.1211  EKtot   =     20436.5723  EPtot      =   -137313.6934
 BOND   =       571.0953  ANGLE   =      1602.5131  DIHED      =       996.6317
 UB     =         0.0000  IMP     =         0.0000  CMAP       =       138.6719
 1-4 NB =       641.1872  1-4 EEL =      5862.6594  VDWAALS    =     16014.8062
 EELEC  =   -163141.2582  EHBOND  =         0.0000  RESTRAINT  =         0.0000
 EKCMT  =         0.0000  VIRIAL  =         0.0000  VOLUME     =    333964.1500
                                                    Density    =         1.0308
 ------------------------------------------------------------------------------


 NSTEP =  9475000   TIME(PS) =   20650.000  TEMP(K) =   297.89  PRESS =     0.0
 Etot   =   -117487.9268  EKtot   =     20362.2500  EPtot      =   -137850.1768
 BOND   =       557.0500  ANGLE   =      1464.8982  DIHED      =      1002.2717
 UB     =         0.0000  IMP     =         0.0000  CMAP       =       142.4516
 1-4 NB =       645.3411  1-4 EEL =      5928.6642  VDWAALS    =     16625.2489
 EELEC  =   -164216.1024  EHBOND  =         0.0000  RESTRAINT  =         0.0000
 EKCMT  =         0.0000  VIRIAL  =         0.0000  VOLUME     =    333155.8703
                                                    Density    =         1.0333
 ------------------------------------------------------------------------------


 NSTEP =  9500000   TIME(PS) =   20700.000  TEMP(K) =   301.69  PRESS =     0.0
 Etot   =   -116716.4205  EKtot   =     20622.1133  EPtot      =   -137338.5337
 BOND   =       563.2726  ANGLE   =      1546.2998  DIHED      =      1022.0801
 UB     =         0.0000  IMP     =         0.0000  CMAP       =       133.4912
 1-4 NB =       640.1734  1-4 EEL =      5840.1222  VDWAALS    =     16120.2887
 EELEC  =   -163204.2618  EHBOND  =         0.0000  RESTRAINT  =         0.0000
 EKCMT  =         0.0000  VIRIAL  =         0.0000  VOLUME     =    333826.7359
                                                    Density    =         1.0313
 ------------------------------------------------------------------------------

wrapping first mol.:      -75.65431        0.00000        0.00000
wrapping first mol.:      -75.65431        0.00000        0.00000
wrapping first mol.:      -75.73055        0.00000        0.00000
wrapping first mol.:      -75.73055        0.00000        0.00000
wrapping first mol.:      -75.58283        0.00000        0.00000
wrapping first mol.:      -75.58283        0.00000        0.00000
wrapping first mol.:      -75.62057        0.00000        0.00000
wrapping first mol.:      -75.62057        0.00000        0.00000

 NSTEP =  9525000   TIME(PS) =   20750.000  TEMP(K) =   302.73  PRESS =     0.0
 Etot   =   -116905.5061  EKtot   =     20692.9141  EPtot      =   -137598.4201
 BOND   =       560.8233  ANGLE   =      1513.4390  DIHED      =      1012.2933
 UB     =         0.0000  IMP     =         0.0000  CMAP       =       146.4220
 1-4 NB =       648.5848  1-4 EEL =      5825.2323  VDWAALS    =     16342.1048
 EELEC  =   -163647.3196  EHBOND  =         0.0000  RESTRAINT  =         0.0000
 EKCMT  =         0.0000  VIRIAL  =         0.0000  VOLUME     =    332887.8652
                                                    Density    =         1.0342
 ------------------------------------------------------------------------------

wrapping first mol.:      -75.72499        0.00000        0.00000
wrapping first mol.:      -75.72499        0.00000        0.00000
wrapping first mol.:      -75.71950        0.00000        0.00000
wrapping first mol.:      -75.71950        0.00000        0.00000
wrapping first mol.:      -75.67334        0.00000        0.00000
wrapping first mol.:      -75.67334        0.00000        0.00000
wrapping first mol.:      -75.70554        0.00000        0.00000
wrapping first mol.:      -75.70554        0.00000        0.00000
wrapping first mol.:      -75.67867        0.00000        0.00000
wrapping first mol.:      -75.67867        0.00000        0.00000

 NSTEP =  9550000   TIME(PS) =   20800.000  TEMP(K) =   302.34  PRESS =     0.0
 Etot   =   -117121.1229  EKtot   =     20666.4980  EPtot      =   -137787.6210
 BOND   =       583.4217  ANGLE   =      1504.4159  DIHED      =      1010.0263
 UB     =         0.0000  IMP     =         0.0000  CMAP       =       141.6719
 1-4 NB =       647.2838  1-4 EEL =      5868.2820  VDWAALS    =     16508.2601
 EELEC  =   -164050.9827  EHBOND  =         0.0000  RESTRAINT  =         0.0000
 EKCMT  =         0.0000  VIRIAL  =         0.0000  VOLUME     =    333655.7432
                                                    Density    =         1.0318
 ------------------------------------------------------------------------------

wrapping first mol.:      -75.71280        0.00000        0.00000
wrapping first mol.:      -75.71280        0.00000        0.00000
wrapping first mol.:      -75.75535        0.00000        0.00000
wrapping first mol.:      -75.75535        0.00000        0.00000
wrapping first mol.:      -75.75264        0.00000        0.00000
wrapping first mol.:      -75.75264        0.00000        0.00000
wrapping first mol.:      -75.71301        0.00000        0.00000
wrapping first mol.:      -75.71301        0.00000        0.00000
wrapping first mol.:      -75.77249        0.00000        0.00000
wrapping first mol.:      -75.77249        0.00000        0.00000

 NSTEP =  9575000   TIME(PS) =   20850.000  TEMP(K) =   297.19  PRESS =     0.0
 Etot   =   -117205.6900  EKtot   =     20314.0977  EPtot      =   -137519.7877
 BOND   =       532.9029  ANGLE   =      1428.5255  DIHED      =       993.7652
 UB     =         0.0000  IMP     =         0.0000  CMAP       =       152.9174
 1-4 NB =       683.3880  1-4 EEL =      5923.5690  VDWAALS    =     16350.2119
 EELEC  =   -163585.0676  EHBOND  =         0.0000  RESTRAINT  =         0.0000
 EKCMT  =         0.0000  VIRIAL  =         0.0000  VOLUME     =    334898.2266
                                                    Density    =         1.0280
 ------------------------------------------------------------------------------

wrapping first mol.:      -75.65557        0.00000        0.00000
wrapping first mol.:      -75.65557        0.00000        0.00000
wrapping first mol.:      -75.61787        0.00000        0.00000
wrapping first mol.:      -75.61787        0.00000        0.00000
wrapping first mol.:      -75.67793        0.00000        0.00000
wrapping first mol.:      -75.67793        0.00000        0.00000
wrapping first mol.:      -75.61515        0.00000        0.00000
wrapping first mol.:      -75.61515        0.00000        0.00000
wrapping first mol.:      -75.63030        0.00000        0.00000
wrapping first mol.:      -75.63030        0.00000        0.00000

 NSTEP =  9600000   TIME(PS) =   20900.000  TEMP(K) =   298.98  PRESS =     0.0
 Etot   =   -117124.7757  EKtot   =     20436.4414  EPtot      =   -137561.2171
 BOND   =       560.9244  ANGLE   =      1521.1364  DIHED      =       976.0989
 UB     =         0.0000  IMP     =         0.0000  CMAP       =       147.6664
 1-4 NB =       651.8029  1-4 EEL =      5856.8367  VDWAALS    =     16414.0400
 EELEC  =   -163689.7229  EHBOND  =         0.0000  RESTRAINT  =         0.0000
 EKCMT  =         0.0000  VIRIAL  =         0.0000  VOLUME     =    333016.3501
                                                    Density    =         1.0338
 ------------------------------------------------------------------------------

wrapping first mol.:      -75.60994        0.00000        0.00000
wrapping first mol.:      -75.60994        0.00000        0.00000
wrapping first mol.:      -75.74542        0.00000        0.00000
wrapping first mol.:      -75.74542        0.00000        0.00000
wrapping first mol.:      -75.72934        0.00000        0.00000
wrapping first mol.:      -75.72934        0.00000        0.00000
wrapping first mol.:      -75.75149        0.00000        0.00000
wrapping first mol.:      -75.75149        0.00000        0.00000
wrapping first mol.:      -75.70862        0.00000        0.00000
wrapping first mol.:      -75.70862        0.00000        0.00000

 NSTEP =  9625000   TIME(PS) =   20950.000  TEMP(K) =   298.61  PRESS =     0.0
 Etot   =   -117262.3574  EKtot   =     20411.5000  EPtot      =   -137673.8574
 BOND   =       577.5546  ANGLE   =      1534.3294  DIHED      =      1012.3379
 UB     =         0.0000  IMP     =         0.0000  CMAP       =       143.3884
 1-4 NB =       639.8065  1-4 EEL =      5865.4547  VDWAALS    =     16577.3382
 EELEC  =   -164024.0671  EHBOND  =         0.0000  RESTRAINT  =         0.0000
 EKCMT  =         0.0000  VIRIAL  =         0.0000  VOLUME     =    334052.0182
                                                    Density    =         1.0306
 ------------------------------------------------------------------------------

wrapping first mol.:      -75.68888        0.00000        0.00000
wrapping first mol.:      -75.68888        0.00000        0.00000
wrapping first mol.:      -75.62599        0.00000        0.00000
wrapping first mol.:      -75.62599        0.00000        0.00000
wrapping first mol.:      -75.66645        0.00000        0.00000
wrapping first mol.:      -75.66645        0.00000        0.00000
wrapping first mol.:      -75.71082        0.00000        0.00000
wrapping first mol.:      -75.71082        0.00000        0.00000
wrapping first mol.:      -75.74010        0.00000        0.00000
wrapping first mol.:      -75.74010        0.00000        0.00000

 NSTEP =  9650000   TIME(PS) =   21000.000  TEMP(K) =   301.87  PRESS =     0.0
 Etot   =   -116548.4411  EKtot   =     20633.8398  EPtot      =   -137182.2809
 BOND   =       570.8810  ANGLE   =      1480.2377  DIHED      =       982.4216
 UB     =         0.0000  IMP     =         0.0000  CMAP       =       138.4405
 1-4 NB =       640.2787  1-4 EEL =      5818.3685  VDWAALS    =     16207.1491
 EELEC  =   -163020.0580  EHBOND  =         0.0000  RESTRAINT  =         0.0000
 EKCMT  =         0.0000  VIRIAL  =         0.0000  VOLUME     =    334468.8902
                                                    Density    =         1.0293
 ------------------------------------------------------------------------------

wrapping first mol.:      -75.77597        0.00000        0.00000
wrapping first mol.:      -75.77597        0.00000        0.00000
wrapping first mol.:      -75.77418        0.00000        0.00000
wrapping first mol.:      -75.77418        0.00000        0.00000
wrapping first mol.:      -75.62200        0.00000        0.00000
wrapping first mol.:      -75.62200        0.00000        0.00000
wrapping first mol.:      -75.68839        0.00000        0.00000
wrapping first mol.:      -75.68839        0.00000        0.00000

 NSTEP =  9675000   TIME(PS) =   21050.000  TEMP(K) =   301.27  PRESS =     0.0
 Etot   =   -116794.3720  EKtot   =     20593.0898  EPtot      =   -137387.4618
 BOND   =       571.4631  ANGLE   =      1527.2531  DIHED      =       986.1205
 UB     =         0.0000  IMP     =         0.0000  CMAP       =       151.1824
 1-4 NB =       648.7302  1-4 EEL =      5836.3683  VDWAALS    =     16441.8917
 EELEC  =   -163550.4711  EHBOND  =         0.0000  RESTRAINT  =         0.0000
 EKCMT  =         0.0000  VIRIAL  =         0.0000  VOLUME     =    335328.0061
                                                    Density    =         1.0266
 ------------------------------------------------------------------------------

wrapping first mol.:      -75.80703        0.00000        0.00000
wrapping first mol.:      -75.80703        0.00000        0.00000
wrapping first mol.:      -75.75550        0.00000        0.00000
wrapping first mol.:      -75.75550        0.00000        0.00000

 NSTEP =  9700000   TIME(PS) =   21100.000  TEMP(K) =   300.59  PRESS =     0.0
 Etot   =   -116794.1060  EKtot   =     20546.8594  EPtot      =   -137340.9654
 BOND   =       573.7955  ANGLE   =      1552.2988  DIHED      =       990.2366
 UB     =         0.0000  IMP     =         0.0000  CMAP       =       147.0537
 1-4 NB =       645.8573  1-4 EEL =      5856.7320  VDWAALS    =     16490.7148
 EELEC  =   -163597.6542  EHBOND  =         0.0000  RESTRAINT  =         0.0000
 EKCMT  =         0.0000  VIRIAL  =         0.0000  VOLUME     =    333490.8042
                                                    Density    =         1.0323
 ------------------------------------------------------------------------------


 NSTEP =  9725000   TIME(PS) =   21150.000  TEMP(K) =   302.65  PRESS =     0.0
 Etot   =   -116785.8688  EKtot   =     20687.7539  EPtot      =   -137473.6227
 BOND   =       553.5090  ANGLE   =      1558.6328  DIHED      =      1001.1510
 UB     =         0.0000  IMP     =         0.0000  CMAP       =       140.3433
 1-4 NB =       659.5874  1-4 EEL =      5806.4318  VDWAALS    =     16325.5660
 EELEC  =   -163518.8440  EHBOND  =         0.0000  RESTRAINT  =         0.0000
 EKCMT  =         0.0000  VIRIAL  =         0.0000  VOLUME     =    332699.7043
                                                    Density    =         1.0347
 ------------------------------------------------------------------------------


 NSTEP =  9750000   TIME(PS) =   21200.000  TEMP(K) =   299.11  PRESS =     0.0
 Etot   =   -116846.9513  EKtot   =     20445.6758  EPtot      =   -137292.6271
 BOND   =       568.9252  ANGLE   =      1510.4215  DIHED      =      1007.8952
 UB     =         0.0000  IMP     =         0.0000  CMAP       =       143.1507
 1-4 NB =       657.5560  1-4 EEL =      5810.4648  VDWAALS    =     16188.2597
 EELEC  =   -163179.3001  EHBOND  =         0.0000  RESTRAINT  =         0.0000
 EKCMT  =         0.0000  VIRIAL  =         0.0000  VOLUME     =    333352.9410
                                                    Density    =         1.0327
 ------------------------------------------------------------------------------


 NSTEP =  9775000   TIME(PS) =   21250.000  TEMP(K) =   300.46  PRESS =     0.0
 Etot   =   -116907.9522  EKtot   =     20537.9863  EPtot      =   -137445.9385
 BOND   =       592.2946  ANGLE   =      1480.5585  DIHED      =       978.9518
 UB     =         0.0000  IMP     =         0.0000  CMAP       =       149.0526
 1-4 NB =       647.1527  1-4 EEL =      5905.0826  VDWAALS    =     16405.4183
 EELEC  =   -163604.4496  EHBOND  =         0.0000  RESTRAINT  =         0.0000
 EKCMT  =         0.0000  VIRIAL  =         0.0000  VOLUME     =    333823.9134
                                                    Density    =         1.0313
 ------------------------------------------------------------------------------

wrapping first mol.:      -75.73947        0.00000        0.00000
wrapping first mol.:      -75.73947        0.00000        0.00000
wrapping first mol.:      -75.70596        0.00000        0.00000
wrapping first mol.:      -75.70596        0.00000        0.00000
wrapping first mol.:      -75.81381        0.00000        0.00000
wrapping first mol.:      -75.81381        0.00000        0.00000

 NSTEP =  9800000   TIME(PS) =   21300.000  TEMP(K) =   300.75  PRESS =     0.0
 Etot   =   -116719.0111  EKtot   =     20557.3516  EPtot      =   -137276.3627
 BOND   =       569.6222  ANGLE   =      1512.0478  DIHED      =      1025.0100
 UB     =         0.0000  IMP     =         0.0000  CMAP       =       148.5393
 1-4 NB =       653.2977  1-4 EEL =      5920.1318  VDWAALS    =     16348.8298
 EELEC  =   -163453.8412  EHBOND  =         0.0000  RESTRAINT  =         0.0000
 EKCMT  =         0.0000  VIRIAL  =         0.0000  VOLUME     =    335446.3371
                                                    Density    =         1.0263
 ------------------------------------------------------------------------------

wrapping first mol.:      -75.66839        0.00000        0.00000
wrapping first mol.:      -75.66839        0.00000        0.00000
wrapping first mol.:      -75.66109        0.00000        0.00000
wrapping first mol.:      -75.66109        0.00000        0.00000
wrapping first mol.:      -75.65981        0.00000        0.00000
wrapping first mol.:      -75.65981        0.00000        0.00000
wrapping first mol.:      -75.70471        0.00000        0.00000
wrapping first mol.:      -75.70471        0.00000        0.00000
wrapping first mol.:      -75.78237        0.00000        0.00000
wrapping first mol.:      -75.78237        0.00000        0.00000

 NSTEP =  9825000   TIME(PS) =   21350.000  TEMP(K) =   298.52  PRESS =     0.0
 Etot   =   -117045.7900  EKtot   =     20405.2363  EPtot      =   -137451.0263
 BOND   =       570.0855  ANGLE   =      1501.6452  DIHED      =       986.5708
 UB     =         0.0000  IMP     =         0.0000  CMAP       =       143.2044
 1-4 NB =       643.6178  1-4 EEL =      5862.3956  VDWAALS    =     16419.7084
 EELEC  =   -163578.2541  EHBOND  =         0.0000  RESTRAINT  =         0.0000
 EKCMT  =         0.0000  VIRIAL  =         0.0000  VOLUME     =    335029.2595
                                                    Density    =         1.0276
 ------------------------------------------------------------------------------

wrapping first mol.:      -75.68434        0.00000        0.00000
wrapping first mol.:      -75.68434        0.00000        0.00000
wrapping first mol.:      -75.69798        0.00000        0.00000
wrapping first mol.:      -75.69798        0.00000        0.00000

 NSTEP =  9850000   TIME(PS) =   21400.000  TEMP(K) =   301.33  PRESS =     0.0
 Etot   =   -116953.8967  EKtot   =     20597.5781  EPtot      =   -137551.4749
 BOND   =       558.5624  ANGLE   =      1496.5313  DIHED      =      1010.4173
 UB     =         0.0000  IMP     =         0.0000  CMAP       =       148.6295
 1-4 NB =       638.7512  1-4 EEL =      5872.6552  VDWAALS    =     16329.3790
 EELEC  =   -163606.4008  EHBOND  =         0.0000  RESTRAINT  =         0.0000
 EKCMT  =         0.0000  VIRIAL  =         0.0000  VOLUME     =    333911.1953
                                                    Density    =         1.0310
 ------------------------------------------------------------------------------


 NSTEP =  9875000   TIME(PS) =   21450.000  TEMP(K) =   299.16  PRESS =     0.0
 Etot   =   -116590.2872  EKtot   =     20448.9629  EPtot      =   -137039.2501
 BOND   =       554.1091  ANGLE   =      1546.8492  DIHED      =       994.0280
 UB     =         0.0000  IMP     =         0.0000  CMAP       =       155.2291
 1-4 NB =       646.0573  1-4 EEL =      5817.1394  VDWAALS    =     16396.0802
 EELEC  =   -163148.7424  EHBOND  =         0.0000  RESTRAINT  =         0.0000
 EKCMT  =         0.0000  VIRIAL  =         0.0000  VOLUME     =    333125.6729
                                                    Density    =         1.0334
 ------------------------------------------------------------------------------


 NSTEP =  9900000   TIME(PS) =   21500.000  TEMP(K) =   300.54  PRESS =     0.0
 Etot   =   -116747.9944  EKtot   =     20543.4062  EPtot      =   -137291.4007
 BOND   =       559.2567  ANGLE   =      1520.8653  DIHED      =       955.9508
 UB     =         0.0000  IMP     =         0.0000  CMAP       =       146.2390
 1-4 NB =       639.6404  1-4 EEL =      5845.9790  VDWAALS    =     16298.7438
 EELEC  =   -163258.0756  EHBOND  =         0.0000  RESTRAINT  =         0.0000
 EKCMT  =         0.0000  VIRIAL  =         0.0000  VOLUME     =    333682.5769
                                                    Density    =         1.0317
 ------------------------------------------------------------------------------


 NSTEP =  9925000   TIME(PS) =   21550.000  TEMP(K) =   299.44  PRESS =     0.0
 Etot   =   -117083.3484  EKtot   =     20468.1113  EPtot      =   -137551.4598
 BOND   =       520.3894  ANGLE   =      1523.2582  DIHED      =       999.4404
 UB     =         0.0000  IMP     =         0.0000  CMAP       =       141.5480
 1-4 NB =       657.5748  1-4 EEL =      5876.6808  VDWAALS    =     16596.6919
 EELEC  =   -163867.0432  EHBOND  =         0.0000  RESTRAINT  =         0.0000
 EKCMT  =         0.0000  VIRIAL  =         0.0000  VOLUME     =    332945.1279
                                                    Density    =         1.0340
 ------------------------------------------------------------------------------


 NSTEP =  9950000   TIME(PS) =   21600.000  TEMP(K) =   299.35  PRESS =     0.0
 Etot   =   -116904.2567  EKtot   =     20462.0625  EPtot      =   -137366.3192
 BOND   =       576.8998  ANGLE   =      1509.3382  DIHED      =      1016.4624
 UB     =         0.0000  IMP     =         0.0000  CMAP       =       141.0625
 1-4 NB =       658.4554  1-4 EEL =      5930.6546  VDWAALS    =     16202.4304
 EELEC  =   -163401.6226  EHBOND  =         0.0000  RESTRAINT  =         0.0000
 EKCMT  =         0.0000  VIRIAL  =         0.0000  VOLUME     =    334046.5795
                                                    Density    =         1.0306
 ------------------------------------------------------------------------------


 NSTEP =  9975000   TIME(PS) =   21650.000  TEMP(K) =   300.60  PRESS =     0.0
 Etot   =   -116687.4804  EKtot   =     20547.0703  EPtot      =   -137234.5507
 BOND   =       547.9564  ANGLE   =      1514.2463  DIHED      =      1007.1925
 UB     =         0.0000  IMP     =         0.0000  CMAP       =       159.0180
 1-4 NB =       652.4368  1-4 EEL =      5909.7947  VDWAALS    =     16457.4306
 EELEC  =   -163482.6260  EHBOND  =         0.0000  RESTRAINT  =         0.0000
 EKCMT  =         0.0000  VIRIAL  =         0.0000  VOLUME     =    333273.0534
                                                    Density    =         1.0330
 ------------------------------------------------------------------------------


 NSTEP = 10000000   TIME(PS) =   21700.000  TEMP(K) =   299.09  PRESS =     0.0
 Etot   =   -117057.5767  EKtot   =     20443.9551  EPtot      =   -137501.5318
 BOND   =       573.9430  ANGLE   =      1499.6476  DIHED      =      1009.8875
 UB     =         0.0000  IMP     =         0.0000  CMAP       =       140.2554
 1-4 NB =       636.8148  1-4 EEL =      5861.8037  VDWAALS    =     16281.2262
 EELEC  =   -163505.1101  EHBOND  =         0.0000  RESTRAINT  =         0.0000
 EKCMT  =         0.0000  VIRIAL  =         0.0000  VOLUME     =    333168.5828
                                                    Density    =         1.0333
 ------------------------------------------------------------------------------


      A V E R A G E S   O V E R     400 S T E P S


 NSTEP = 10000000   TIME(PS) =   21700.000  TEMP(K) =   299.95  PRESS =     0.0
 Etot   =   -116933.7077  EKtot   =     20502.9570  EPtot      =   -137436.6647
 BOND   =       564.5121  ANGLE   =      1523.2047  DIHED      =       999.1897
 UB     =         0.0000  IMP     =         0.0000  CMAP       =       144.4525
 1-4 NB =       646.6493  1-4 EEL =      5857.4056  VDWAALS    =     16353.7438
 EELEC  =   -163525.8223  EHBOND  =         0.0000  RESTRAINT  =         0.0000
 EKCMT  =         0.0000  VIRIAL  =         0.0000  VOLUME     =    333702.6361
                                                    Density    =         1.0316
 ------------------------------------------------------------------------------


      R M S  F L U C T U A T I O N S


 NSTEP = 10000000   TIME(PS) =   21700.000  TEMP(K) =     1.58  PRESS =     0.0
 Etot   =       200.1392  EKtot   =       107.8903  EPtot      =       165.9733
 BOND   =        20.6881  ANGLE   =        29.3561  DIHED      =        16.3800
 UB     =         0.0000  IMP     =         0.0000  CMAP       =         6.7773
 1-4 NB =        10.8656  1-4 EEL =        35.1054  VDWAALS    =       190.1109
 EELEC  =       293.2514  EHBOND  =         0.0000  RESTRAINT  =         0.0000
 EKCMT  =         0.0000  VIRIAL  =         0.0000  VOLUME     =       744.1765
                                                    Density    =         0.0023
 ------------------------------------------------------------------------------

| MC Barostat:     100000 volume changes attempted.
| MC Barostat:      35739 changes successful ( 35.74%)
 ------------------------------------------------------------------------------

--------------------------------------------------------------------------------
   5.  TIMINGS
--------------------------------------------------------------------------------

|  NonSetup CPU Time in Major Routines:
|
|     Routine           Sec        %
|     ------------------------------
|     Nonbond         449.73   12.20
|     Bond              0.00    0.00
|     Angle             0.00    0.00
|     Dihedral          0.00    0.00
|     Shake            42.24    1.15
|     RunMD          3107.45   84.31
|     Other            86.28    2.34
|     ------------------------------
|     Total          3685.70

|  PME Nonbond Pairlist CPU Time:
|
|     Routine              Sec        %
|     ---------------------------------
|     Set Up Cit           0.00    0.00
|     Build List           0.00    0.00
|     ---------------------------------
|     Total                0.00    0.00

|  PME Direct Force CPU Time:
|
|     Routine              Sec        %
|     ---------------------------------
|     NonBonded Calc       0.00    0.00
|     Exclude Masked       0.00    0.00
|     Other               13.70    0.37
|     ---------------------------------
|     Total               13.70    0.37

|  PME Reciprocal Force CPU Time:
|
|     Routine              Sec        %
|     ---------------------------------
|     1D bspline           0.00    0.00
|     Grid Charges         0.00    0.00
|     Scalar Sum           0.00    0.00
|     Gradient Sum         0.00    0.00
|     FFT                  0.00    0.00
|     ---------------------------------
|     Total                0.00    0.00

|  Final Performance Info:
|     -----------------------------------------------------
|     Average timings for last       1 steps:
|     Elapsed(s) =       0.00 Per Step(ms) =       4.19
|         ns/day =      41.22   seconds/ns =    2096.07
|
|     Average timings for all steps:
|     Elapsed(s) =    3693.63 Per Step(ms) =       0.37
|         ns/day =     467.83   seconds/ns =     184.68
|     -----------------------------------------------------

|  Setup CPU time:            0.51 seconds
|  NonSetup CPU time:      3685.70 seconds
|  Total CPU time:         3686.21 seconds     1.02 hours

|  Setup wall time:           1    seconds
|  NonSetup wall time:     3694    seconds
|  Total wall time:        3695    seconds     1.03 hours
