arm,design,n_pieces,n_res,n_main,n_orphan,orphan_termini_only,motif_split,cavity,r_max,envelope,ncomp,rg,dev_max,nonmotif_hab1,appendage,verdict,fail_at
arm2noanch_s3002,d014,2,159,109,50,1,1,,,,,,,,,REJECT,F0 motif split across pieces
arm2noanch_s3002,d008,4,162,73,89,1,1,,,,,,,,,REJECT,F0 motif split across pieces
batch03,m6,2,188,147,41,1,0,,,,,,,,,REJECT,F0 internal/large orphan
arm2noanch_s3002,d005,2,164,128,36,1,1,,,,,,,,,REJECT,F0 motif split across pieces
arm2noanch_s3002,d027,2,160,112,48,1,1,,,,,,,,,REJECT,F0 motif split across pieces
arm2noanch_s3002,d013,2,152,119,33,1,1,,,,,,,,,REJECT,F0 motif split across pieces
arm2noanch_s3002,d022,2,160,121,39,1,1,,,,,,,,,REJECT,F0 motif split across pieces
arm0a_s2026,d002,2,192,97,95,1,1,,,,,,,,,REJECT,F0 motif split across pieces
arm0b_s2027,d004,2,207,157,50,1,1,,,,,,,,,REJECT,F0 motif split across pieces
arm2noanch_s3002,d017,2,167,132,35,1,1,,,,,,,,,REJECT,F0 motif split across pieces
arm0a_s2026,d000,2,193,103,90,1,1,,,,,,,,,REJECT,F0 motif split across pieces
arm0a_s2026,d006,3,189,125,64,1,1,,,,,,,,,REJECT,F0 motif split across pieces
arm0b_s2027,d007,2,179,94,85,1,1,,,,,,,,,REJECT,F0 motif split across pieces
arm0b_s2027,d001,3,191,124,67,1,1,,,,,,,,,REJECT,F0 motif split across pieces
arm0a_s2026,d004,3,180,126,54,1,1,,,,,,,,,REJECT,F0 motif split across pieces
arm0b_s2027,d006,2,195,159,36,1,1,,,,,,,,,REJECT,F0 motif split across pieces
arm0b_s2027,d009,3,190,112,78,1,1,,,,,,,,,REJECT,F0 motif split across pieces
arm2noanch_s3002,d036,2,164,112,52,1,1,,,,,,,,,REJECT,F0 motif split across pieces
arm2noanch_s3002,d048,8,147,88,59,1,1,,,,,,,,,REJECT,F0 motif split across pieces
arm2noanch_s3002,d049,3,171,112,59,1,1,,,,,,,,,REJECT,F0 motif split across pieces
arm2noanch_s3002,d052,3,184,135,49,1,1,,,,,,,,,REJECT,F0 motif split across pieces
arm2noanch_s3002,d007,3,157,136,21,1,0,0.0,0.0,0.0,0,13.9,0.08,4,3,fail,F1 no enclosed cavity
arm2noanch_s3002,d040,3,151,139,12,1,0,0.0,0.0,0.0,0,13.4,0.08,25,17,fail,F1 no enclosed cavity
arm2noanch_s3002,d031,4,164,143,21,1,0,0.0,0.0,0.0,0,13.9,0.08,12,9,fail,F1 no enclosed cavity
arm2noanch_s3002,d028,1,133,133,0,1,0,0.0,0.0,0.0,0,13.1,0.08,16,12,fail,F1 no enclosed cavity
arm2noanch_s3002,d057,2,170,114,56,1,1,,,,,,,,,REJECT,F0 motif split across pieces
arm2noanch_s3002,d032,1,151,151,0,1,0,0.0,0.0,0.0,0,14.6,0.08,36,17,fail,F1 no enclosed cavity
arm2noanch_s3002,d003,1,157,157,0,1,0,0.0,0.0,0.0,0,15.5,0.08,36,11,fail,F1 no enclosed cavity
arm2noanch_s3002,d051,1,146,146,0,1,0,0.0,0.0,0.0,0,14.9,0.08,8,2,fail,F1 no enclosed cavity
arm2noanch_s3002,d043,1,163,163,0,1,0,0.0,0.0,0.0,0,15.7,0.08,39,12,fail,F1 no enclosed cavity
arm2noanch_s3002,d063,3,177,113,64,1,1,,,,,,,,,REJECT,F0 motif split across pieces
arm2noanch_s3002,d009,2,147,145,2,1,0,0.0,0.0,0.0,0,14.8,0.08,24,9,fail,F1 no enclosed cavity
arm2noanch_s3002,d065,2,166,125,41,1,1,,,,,,,,,REJECT,F0 motif split across pieces
arm2noanch_s3002,d035,1,140,140,0,1,0,0.0,0.0,0.0,0,14.2,0.08,24,13,fail,F1 no enclosed cavity
arm2noanch_s3002,d026,3,166,145,21,1,0,0.0,0.0,0.0,0,14.5,0.08,29,7,fail,F1 no enclosed cavity
arm2noanch_s3002,d068,5,168,116,52,1,1,,,,,,,,,REJECT,F0 motif split across pieces
arm0b_s2027,d003,1,185,185,0,1,0,0.0,0.0,0.0,0,15.8,0.11,28,12,fail,F1 no enclosed cavity
arm2noanch_s3002,d025,2,172,159,13,1,0,0.0,0.0,0.0,0,15.0,0.08,22,7,fail,F1 no enclosed cavity
arm2noanch_s3002,d054,3,169,151,18,1,0,53.1,2.41,904.0,10,14.1,0.08,14,10,fail,F2 envelope <= PYR1
arm2noanch_s3002,d053,1,168,168,0,1,0,0.0,0.0,0.0,0,16.5,0.08,32,7,fail,F1 no enclosed cavity
arm2noanch_s3002,d024,1,169,169,0,1,0,0.0,0.0,0.0,0,15.1,0.08,42,17,fail,F1 no enclosed cavity
arm0a_s2026,d007,4,177,172,5,1,0,0.0,0.0,0.0,0,15.9,0.11,8,4,fail,F1 no enclosed cavity
arm0a_s2026,d003,1,169,169,0,1,0,0.0,0.0,0.0,0,16.3,0.11,4,2,fail,F1 no enclosed cavity
arm2noanch_s3002,d018,2,172,154,18,1,0,0.0,0.0,0.0,0,15.8,0.08,21,9,fail,F1 no enclosed cavity
arm2noanch_s3002,d047,1,169,169,0,1,0,0.0,0.0,0.0,0,15.6,0.08,30,9,fail,F1 no enclosed cavity
arm2noanch_s3002,d038,1,156,156,0,1,0,0.0,0.0,0.0,0,16.2,0.08,33,17,fail,F1 no enclosed cavity
arm2noanch_s3002,d044,1,164,164,0,1,0,0.0,0.0,0.0,0,15.1,0.08,42,14,fail,F1 no enclosed cavity
arm2noanch_s3002,d029,1,167,167,0,1,0,0.0,0.0,0.0,0,17.3,0.08,47,13,fail,F1 no enclosed cavity
arm2noanch_s3002,d001,1,156,156,0,1,0,0.0,0.0,0.0,0,16.8,0.08,27,11,fail,F1 no enclosed cavity
arm2noanch_s3002,d023,1,163,163,0,1,0,0.0,0.0,0.0,0,18.4,0.08,53,31,fail,F1 no enclosed cavity
arm2noanch_s3002,d062,1,150,150,0,1,0,0.0,0.0,0.0,0,16.0,0.08,18,5,fail,F1 no enclosed cavity
arm0b_s2027,d000,4,185,169,16,1,0,211.5,3.46,1190.1,1,15.8,0.11,3,2,PASS,
arm2noanch_s3002,d011,2,164,156,8,1,0,0.0,0.0,0.0,0,17.2,0.08,31,11,fail,F1 no enclosed cavity
arm2noanch_s3002,d021,1,159,159,0,1,0,0.0,0.0,0.0,0,17.7,0.08,42,23,fail,F1 no enclosed cavity
arm2noanch_s3002,d087,2,169,126,43,1,1,,,,,,,,,REJECT,F0 motif split across pieces
arm2noanch_s3002,d039,2,182,167,15,1,0,0.0,0.0,0.0,0,16.8,0.08,51,22,fail,F1 no enclosed cavity
arm2noanch_s3002,d004,1,166,166,0,1,0,0.0,0.0,0.0,0,17.0,0.08,32,17,fail,F1 no enclosed cavity
arm2noanch_s3002,d041,1,170,170,0,1,0,0.0,0.0,0.0,0,17.6,0.08,34,8,fail,F1 no enclosed cavity
arm0a_s2026,d001,1,174,174,0,1,0,0.0,0.0,0.0,0,17.5,0.11,21,11,fail,F1 no enclosed cavity
arm2noanch_s3002,d000,1,160,160,0,1,0,0.0,0.0,0.0,0,16.3,0.08,35,16,fail,F1 no enclosed cavity
arm2noanch_s3002,d030,2,158,142,16,1,0,37.8,3.2,1231.1,3,14.4,0.08,3,2,PASS,
arm0a_s2026,d008,1,176,176,0,1,0,0.0,0.0,0.0,0,17.9,0.11,11,5,fail,F1 no enclosed cavity
arm2noanch_s3002,d094,3,144,85,59,1,1,,,,,,,,,REJECT,F0 motif split across pieces
arm0a_s2026,d005,1,188,188,0,1,0,0.0,0.0,0.0,0,18.2,0.11,60,14,fail,F1 no enclosed cavity
arm2noanch_s3002,d050,1,169,169,0,1,0,0.0,0.0,0.0,0,18.5,0.08,43,15,fail,F1 no enclosed cavity
arm2noanch_s3002,d095,2,166,132,34,1,1,,,,,,,,,REJECT,F0 motif split across pieces
arm2noanch_s3002,d064,1,152,152,0,1,0,0.0,0.0,0.0,0,15.0,0.08,17,11,fail,F1 no enclosed cavity
arm2noanch_s3002,d100,2,189,133,56,1,1,,,,,,,,,REJECT,F0 motif split across pieces
arm2noanch_s3002,d046,1,173,173,0,1,0,0.0,0.0,0.0,0,17.4,0.08,53,32,fail,F1 no enclosed cavity
arm2noanch_s3002,d102,3,164,116,48,1,1,,,,,,,,,REJECT,F0 motif split across pieces
arm2noanch_s3002,d061,1,149,149,0,1,0,0.0,0.0,0.0,0,14.9,0.08,15,8,fail,F1 no enclosed cavity
arm2noanch_s3002,d069,2,169,147,22,1,0,0.0,0.0,0.0,0,13.4,0.08,10,8,fail,F1 no enclosed cavity
arm2noanch_s3002,d034,3,167,150,17,1,0,111.5,3.32,1305.6,7,16.2,0.08,3,1,PASS,
arm2noanch_s3002,d019,1,176,176,0,1,0,0.0,0.0,0.0,0,17.0,0.08,71,15,fail,F1 no enclosed cavity
arm2noanch_s3002,d010,1,156,156,0,1,0,0.0,0.0,0.0,0,17.8,0.08,23,10,fail,F1 no enclosed cavity
arm2noanch_s3002,d066,1,155,155,0,1,0,0.0,0.0,0.0,0,16.2,0.08,29,7,fail,F1 no enclosed cavity
arm2noanch_s3002,d067,1,148,148,0,1,0,0.0,0.0,0.0,0,15.2,0.08,14,9,fail,F1 no enclosed cavity
arm2noanch_s3002,d079,2,163,152,11,1,0,0.0,0.0,0.0,0,14.9,0.08,19,8,fail,F1 no enclosed cavity
arm2noanch_s3002,d002,1,173,173,0,1,0,0.0,0.0,0.0,0,19.8,0.08,34,17,fail,F1 no enclosed cavity
arm2noanch_s3002,d112,3,158,94,64,1,1,,,,,,,,,REJECT,F0 motif split across pieces
arm2noanch_s3002,d015,1,172,172,0,1,0,0.0,0.0,0.0,0,18.4,0.08,53,29,fail,F1 no enclosed cavity
arm0a_s2026,d009,3,201,186,15,1,0,0.0,0.0,0.0,0,19.3,0.11,43,26,fail,F1 no enclosed cavity
arm2noanch_s3002,d012,1,178,178,0,1,0,0.0,0.0,0.0,0,19.7,0.08,32,5,fail,F1 no enclosed cavity
arm2noanch_s3002,d091,1,162,162,0,1,0,0.0,0.0,0.0,0,14.6,0.08,17,6,fail,F1 no enclosed cavity
arm2noanch_s3002,d116,2,155,105,50,1,1,,,,,,,,,REJECT,F0 motif split across pieces
arm2noanch_s3002,d117,4,181,136,45,1,1,,,,,,,,,REJECT,F0 motif split across pieces
arm2noanch_s3002,d118,3,157,106,51,1,1,,,,,,,,,REJECT,F0 motif split across pieces
arm2noanch_s3002,d119,3,159,115,44,1,1,,,,,,,,,REJECT,F0 motif split across pieces
arm0b_s2027,d005,1,191,191,0,1,0,0.0,0.0,0.0,0,17.9,0.11,51,27,fail,F1 no enclosed cavity
arm2noanch_s3002,d076,1,169,169,0,1,0,0.0,0.0,0.0,0,16.5,0.08,32,7,fail,F1 no enclosed cavity
arm2noanch_s3002,d082,2,160,148,12,1,0,0.0,0.0,0.0,0,16.6,0.08,26,7,fail,F1 no enclosed cavity
arm2noanch_s3002,d055,1,158,158,0,1,0,36.7,2.61,836.2,5,16.2,0.08,30,17,fail,F2 envelope <= PYR1
arm2noanch_s3002,d084,1,160,160,0,1,0,0.0,0.0,0.0,0,15.5,0.08,21,5,fail,F1 no enclosed cavity
arm2noanch_s3002,d078,1,157,157,0,1,0,0.0,0.0,0.0,0,15.3,0.08,25,12,fail,F1 no enclosed cavity
arm2noanch_s3002,d073,1,140,140,0,1,0,0.0,0.0,0.0,0,15.7,0.08,17,8,fail,F1 no enclosed cavity
arm2noanch_s3002,d089,2,178,174,4,1,0,0.0,0.0,0.0,0,16.0,0.08,40,12,fail,F1 no enclosed cavity
arm2noanch_s3002,d092,1,171,171,0,1,0,0.0,0.0,0.0,0,16.8,0.08,54,17,fail,F1 no enclosed cavity
arm2noanch_s3002,d111,4,153,133,20,1,0,0.0,0.0,0.0,0,13.8,0.08,10,6,fail,F1 no enclosed cavity
arm2noanch_s3002,d085,1,145,145,0,1,0,0.0,0.0,0.0,0,15.1,0.08,13,8,fail,F1 no enclosed cavity
batch03,m8,1,188,188,0,1,0,0.0,0.0,0.0,0,24.5,0.08,42,16,fail,F1 no enclosed cavity
arm3b3rasa_s3003,d013,2,217,159,58,1,0,,,,,,,,,REJECT,F0 internal/large orphan
arm2noanch_s3002,d056,1,170,170,0,1,0,0.0,0.0,0.0,0,18.6,0.08,40,17,fail,F1 no enclosed cavity
arm2noanch_s3002,d088,1,153,153,0,1,0,0.0,0.0,0.0,0,15.8,0.08,27,10,fail,F1 no enclosed cavity
arm2noanch_s3002,d113,2,159,146,13,1,0,0.0,0.0,0.0,0,15.2,0.08,9,5,fail,F1 no enclosed cavity
arm2noanch_s3002,d081,3,176,161,15,1,0,0.0,0.0,0.0,0,15.8,0.08,47,17,fail,F1 no enclosed cavity
arm2noanch_s3002,d058,1,170,170,0,1,0,0.0,0.0,0.0,0,18.6,0.08,42,12,fail,F1 no enclosed cavity
arm2noanch_s3002,d045,1,175,175,0,1,0,0.0,0.0,0.0,0,20.0,0.08,44,19,fail,F1 no enclosed cavity
arm2noanch_s3002,d114,3,155,143,12,1,0,0.0,0.0,0.0,0,14.1,0.08,22,9,fail,F1 no enclosed cavity
arm2noanch_s3002,d104,1,163,163,0,1,0,0.0,0.0,0.0,0,16.7,0.08,37,15,fail,F1 no enclosed cavity
arm2noanch_s3002,d083,1,161,161,0,1,0,0.0,0.0,0.0,0,16.0,0.08,38,13,fail,F1 no enclosed cavity
batch03,m0,1,188,188,0,1,0,0.0,0.0,0.0,0,23.7,0.08,39,14,fail,F1 no enclosed cavity
arm2noanch_s3002,d033,1,175,175,0,1,0,0.0,0.0,0.0,0,20.8,0.08,50,25,fail,F1 no enclosed cavity
arm2noanch_s3002,d101,1,168,168,0,1,0,0.0,0.0,0.0,0,17.8,0.08,41,16,fail,F1 no enclosed cavity
arm2noanch_s3002,d060,1,155,155,0,1,0,0.0,0.0,0.0,0,20.3,0.08,47,20,fail,F1 no enclosed cavity
arm2noanch_s3002,d070,1,168,168,0,1,0,0.0,0.0,0.0,0,20.0,0.08,50,25,fail,F1 no enclosed cavity
arm2noanch_s3002,d115,1,156,156,0,1,0,0.0,0.0,0.0,0,16.1,0.08,17,6,fail,F1 no enclosed cavity
arm2noanch_s3002,d077,1,160,160,0,1,0,0.0,0.0,0.0,0,16.8,0.08,44,20,fail,F1 no enclosed cavity
arm2noanch_s3002,d098,1,170,170,0,1,0,0.0,0.0,0.0,0,18.5,0.08,45,10,fail,F1 no enclosed cavity
arm2noanch_s3002,d074,1,167,167,0,1,0,0.0,0.0,0.0,0,17.0,0.08,30,11,fail,F1 no enclosed cavity
arm2noanch_s3002,d110,2,149,140,9,1,0,0.0,0.0,0.0,0,15.8,0.08,23,11,fail,F1 no enclosed cavity
arm0b_s2027,d002,1,164,164,0,1,0,114.7,3.27,1368.5,5,18.2,0.11,7,5,fail,F4 HAB1 appendage
arm2noanch_s3002,d006,1,176,176,0,1,0,0.0,0.0,0.0,0,19.6,0.08,22,12,fail,F1 no enclosed cavity
arm2noanch_s3002,d090,1,158,158,0,1,0,0.0,0.0,0.0,0,18.3,0.08,40,17,fail,F1 no enclosed cavity
arm2noanch_s3002,d042,1,172,172,0,1,0,0.0,0.0,0.0,0,20.9,0.08,50,10,fail,F1 no enclosed cavity
arm2noanch_s3002,d108,1,171,171,0,1,0,0.0,0.0,0.0,0,17.8,0.08,49,10,fail,F1 no enclosed cavity
batch03,m1,1,188,188,0,1,0,0.0,0.0,0.0,0,22.8,0.08,42,20,fail,F1 no enclosed cavity
arm2noanch_s3002,d016,1,169,169,0,1,0,0.0,0.0,0.0,0,19.0,0.08,34,17,fail,F1 no enclosed cavity
arm2noanch_s3002,d075,1,169,169,0,1,0,0.0,0.0,0.0,0,19.5,0.08,54,12,fail,F1 no enclosed cavity
arm2noanch_s3002,d080,1,165,165,0,1,0,0.0,0.0,0.0,0,18.9,0.08,19,17,fail,F1 no enclosed cavity
arm2noanch_s3002,d106,1,180,180,0,1,0,0.0,0.0,0.0,0,18.9,0.08,62,27,fail,F1 no enclosed cavity
arm3b3rasa_s3003,d042,2,199,146,53,1,0,,,,,,,,,REJECT,F0 internal/large orphan
arm2noanch_s3002,d097,1,163,163,0,1,0,0.0,0.0,0.0,0,18.4,0.08,24,10,fail,F1 no enclosed cavity
arm2noanch_s3002,d107,1,147,147,0,1,0,0.0,0.0,0.0,0,17.0,0.08,20,16,fail,F1 no enclosed cavity
arm2noanch_s3002,d105,2,181,164,17,1,0,0.0,0.0,0.0,0,16.4,0.08,39,11,fail,F1 no enclosed cavity
arm2noanch_s3002,d099,1,165,165,0,1,0,0.0,0.0,0.0,0,18.1,0.08,31,10,fail,F1 no enclosed cavity
arm2noanch_s3002,d096,3,174,163,11,1,0,0.0,0.0,0.0,0,18.2,0.08,33,8,fail,F1 no enclosed cavity
arm2noanch_s3002,d037,1,159,159,0,1,0,43.2,2.48,761.2,19,16.4,0.08,32,10,fail,F2 envelope <= PYR1
arm2noanch_s3002,d109,1,171,171,0,1,0,0.0,0.0,0.0,0,19.3,0.08,39,20,fail,F1 no enclosed cavity
arm3b3rasa_s3003,d001,1,238,238,0,1,0,0.0,0.0,0.0,0,24.5,0.08,57,15,fail,F1 no enclosed cavity
arm2noanch_s3002,d072,1,159,159,0,1,0,131.1,3.45,1117.4,2,17.2,0.08,23,12,fail,F2 envelope <= PYR1
arm3b3rasa_s3003,d000,1,229,229,0,1,0,0.0,0.0,0.0,0,23.6,0.08,68,26,fail,F1 no enclosed cavity
batch03,m2,1,188,188,0,1,0,125.5,3.34,1207.5,6,23.5,0.08,50,24,fail,F4 HAB1 appendage
arm2noanch_s3002,d020,1,163,163,0,1,0,57.2,3.35,1119.4,6,17.6,0.08,27,16,fail,F2 envelope <= PYR1
arm0b_s2027,d008,1,189,189,0,1,0,30.2,2.54,499.6,7,20.0,0.11,22,11,fail,F2 envelope <= PYR1
arm3b3rasa_s3003,d015,1,222,222,0,1,0,0.0,0.0,0.0,0,23.6,0.08,61,14,fail,F1 no enclosed cavity
arm3b3rasa_s3003,d032,1,203,203,0,1,0,0.0,0.0,0.0,0,20.8,0.08,51,21,fail,F1 no enclosed cavity
batch03,m7,1,188,188,0,1,0,135.2,3.52,1261.5,4,22.3,0.08,49,14,fail,F4 HAB1 appendage
arm3b3rasa_s3003,d005,1,217,217,0,1,0,0.0,0.0,0.0,0,25.4,0.08,43,9,fail,F1 no enclosed cavity
arm3b3rasa_s3003,d010,1,227,227,0,1,0,0.0,0.0,0.0,0,23.9,0.08,60,13,fail,F1 no enclosed cavity
arm3b3rasa_s3003,d019,1,211,211,0,1,0,0.0,0.0,0.0,0,24.0,0.08,43,8,fail,F1 no enclosed cavity
arm2noanch_s3002,d071,1,166,166,0,1,0,107.4,3.53,1277.0,8,18.6,0.08,18,17,fail,F4 HAB1 appendage
arm3b3rasa_s3003,d036,1,213,213,0,1,0,0.0,0.0,0.0,0,21.4,0.08,33,7,fail,F1 no enclosed cavity
arm2noanch_s3002,d086,1,137,137,0,1,0,21.6,2.59,1020.2,4,15.7,0.08,12,10,fail,F2 envelope <= PYR1
arm3b3rasa_s3003,d009,1,201,201,0,1,0,0.0,0.0,0.0,0,24.9,0.08,46,11,fail,F1 no enclosed cavity
arm3b3rasa_s3003,d018,1,235,235,0,1,0,0.0,0.0,0.0,0,26.8,0.08,41,11,fail,F1 no enclosed cavity
arm2noanch_s3002,d093,1,163,163,0,1,0,205.0,3.37,1033.1,3,19.7,0.08,24,19,fail,F2 envelope <= PYR1
arm3b3rasa_s3003,d002,1,223,223,0,1,0,0.0,0.0,0.0,0,25.7,0.08,58,11,fail,F1 no enclosed cavity
batch03,m5,1,188,188,0,1,0,113.4,3.35,1353.1,3,26.1,0.08,31,15,fail,F4 HAB1 appendage
arm3b3rasa_s3003,d031,1,197,197,0,1,0,0.0,0.0,0.0,0,24.9,0.08,51,22,fail,F1 no enclosed cavity
arm3b3rasa_s3003,d014,1,206,206,0,1,0,0.0,0.0,0.0,0,22.0,0.08,36,9,fail,F1 no enclosed cavity
arm2noanch_s3002,d059,1,160,160,0,1,0,36.9,2.58,809.4,13,20.3,0.08,22,21,fail,F2 envelope <= PYR1
arm3b3rasa_s3003,d030,1,214,214,0,1,0,0.0,0.0,0.0,0,23.7,0.08,53,13,fail,F1 no enclosed cavity
arm3b3rasa_s3003,d011,1,209,209,0,1,0,0.0,0.0,0.0,0,24.6,0.08,54,18,fail,F1 no enclosed cavity
arm3b3rasa_s3003,d076,2,231,168,63,1,0,,,,,,,,,REJECT,F0 internal/large orphan
arm3b3rasa_s3003,d004,1,237,237,0,1,0,0.0,0.0,0.0,0,29.4,0.08,26,8,fail,F1 no enclosed cavity
arm3b3rasa_s3003,d024,1,208,208,0,1,0,0.0,0.0,0.0,0,25.6,0.08,45,16,fail,F1 no enclosed cavity
arm3b3rasa_s3003,d033,1,230,230,0,1,0,0.0,0.0,0.0,0,25.4,0.08,47,11,fail,F1 no enclosed cavity
arm3b3rasa_s3003,d051,1,201,201,0,1,0,0.0,0.0,0.0,0,27.2,0.08,31,9,fail,F1 no enclosed cavity
batch03,m3,1,188,188,0,1,0,113.8,3.38,1197.1,5,24.5,0.08,40,10,fail,F4 HAB1 appendage
batch03,m4,1,188,188,0,1,0,94.6,3.34,1281.0,2,26.5,0.08,30,12,fail,F4 HAB1 appendage
arm3b3rasa_s3003,d020,2,218,209,9,1,0,0.0,0.0,0.0,0,24.1,0.08,42,11,fail,F1 no enclosed cavity
batch03,m9,1,188,188,0,1,0,100.7,3.24,1249.0,5,24.8,0.08,33,6,fail,F4 HAB1 appendage
arm3b3rasa_s3003,d039,1,201,201,0,1,0,0.0,0.0,0.0,0,22.4,0.08,32,10,fail,F1 no enclosed cavity
arm3b3rasa_s3003,d007,1,198,198,0,1,0,152.3,3.38,1229.0,6,23.7,0.08,54,24,fail,F4 HAB1 appendage
arm3b3rasa_s3003,d012,1,239,239,0,1,0,9.3,2.54,640.6,7,21.5,0.08,85,14,fail,F2 envelope <= PYR1
arm2noanch_s3002,d103,1,158,158,0,1,0,97.6,3.49,1271.5,4,20.8,0.08,24,15,fail,F4 HAB1 appendage
arm3b3rasa_s3003,d088,2,199,145,54,1,0,,,,,,,,,REJECT,F0 internal/large orphan
arm3b3rasa_s3003,d049,1,204,204,0,1,0,0.0,0.0,0.0,0,25.0,0.08,59,18,fail,F1 no enclosed cavity
arm3b3rasa_s3003,d037,1,210,210,0,1,0,0.0,0.0,0.0,0,23.7,0.08,48,6,fail,F1 no enclosed cavity
arm3b3rasa_s3003,d044,1,218,218,0,1,0,0.0,0.0,0.0,0,25.1,0.08,48,22,fail,F1 no enclosed cavity
arm3b3rasa_s3003,d041,1,208,208,0,1,0,0.0,0.0,0.0,0,23.4,0.08,56,18,fail,F1 no enclosed cavity
arm3b3rasa_s3003,d058,1,233,233,0,1,0,0.0,0.0,0.0,0,26.2,0.08,63,6,fail,F1 no enclosed cavity
arm3b3rasa_s3003,d095,4,218,165,53,1,0,,,,,,,,,REJECT,F0 internal/large orphan
arm3b3rasa_s3003,d061,1,214,214,0,1,0,0.0,0.0,0.0,0,22.2,0.08,59,11,fail,F1 no enclosed cavity
arm3b3rasa_s3003,d034,1,202,202,0,1,0,67.4,3.36,1252.2,4,27.6,0.08,47,17,fail,F4 HAB1 appendage
arm3b3rasa_s3003,d026,3,192,177,15,1,0,95.0,3.35,1170.4,1,22.9,0.08,40,17,fail,F2 envelope <= PYR1
arm3b3rasa_s3003,d025,1,202,202,0,1,0,16.4,2.45,1032.2,14,24.8,0.08,55,19,fail,F2 envelope <= PYR1
arm3b3rasa_s3003,d016,1,222,222,0,1,0,155.1,3.37,1278.4,4,25.1,0.08,52,18,fail,F4 HAB1 appendage
arm3b3rasa_s3003,d038,1,195,195,0,1,0,94.2,3.42,1232.5,5,23.2,0.08,36,11,fail,F4 HAB1 appendage
arm3b3rasa_s3003,d027,1,220,220,0,1,0,98.3,3.42,1247.5,5,25.6,0.08,51,15,fail,F4 HAB1 appendage
arm3b3rasa_s3003,d023,1,209,209,0,1,0,76.9,3.38,1155.0,6,23.2,0.08,44,12,fail,F2 envelope <= PYR1
arm3b3rasa_s3003,d065,1,228,228,0,1,0,0.0,0.0,0.0,0,22.1,0.08,50,18,fail,F1 no enclosed cavity
arm3b3rasa_s3003,d069,1,222,222,0,1,0,0.0,0.0,0.0,0,24.6,0.08,68,20,fail,F1 no enclosed cavity
arm3b3rasa_s3003,d035,1,212,212,0,1,0,142.1,3.57,1208.5,2,24.2,0.08,55,18,fail,F4 HAB1 appendage
arm3b3rasa_s3003,d107,2,204,165,39,1,0,,,,,,,,,REJECT,F0 internal/large orphan
arm3b3rasa_s3003,d081,1,224,224,0,1,0,0.0,0.0,0.0,0,24.2,0.08,63,11,fail,F1 no enclosed cavity
arm3b3rasa_s3003,d064,2,230,214,16,1,0,0.0,0.0,0.0,0,24.3,0.08,56,12,fail,F1 no enclosed cavity
arm3b3rasa_s3003,d040,1,224,224,0,1,0,145.8,3.33,1291.5,5,24.3,0.08,65,11,fail,F4 HAB1 appendage
arm3b3rasa_s3003,d057,1,229,229,0,1,0,0.0,0.0,0.0,0,26.1,0.08,51,9,fail,F1 no enclosed cavity
arm3b3rasa_s3003,d022,1,209,209,0,1,0,71.3,3.34,1228.8,4,23.0,0.08,30,13,fail,F4 HAB1 appendage
arm3b3rasa_s3003,d073,1,206,206,0,1,0,0.0,0.0,0.0,0,25.2,0.08,62,13,fail,F1 no enclosed cavity
arm3b3rasa_s3003,d050,1,223,223,0,1,0,192.5,3.46,1129.2,5,24.3,0.08,64,21,fail,F2 envelope <= PYR1
arm3b3rasa_s3003,d056,1,199,199,0,1,0,134.8,3.33,1164.5,6,20.7,0.08,51,15,fail,F2 envelope <= PYR1
arm3b3rasa_s3003,d082,1,212,212,0,1,0,0.0,0.0,0.0,0,22.2,0.08,47,13,fail,F1 no enclosed cavity
arm3b3rasa_s3003,d066,1,237,237,0,1,0,0.0,0.0,0.0,0,24.1,0.08,63,15,fail,F1 no enclosed cavity
arm3b3rasa_s3003,d118,2,219,177,42,1,0,,,,,,,,,REJECT,F0 internal/large orphan
arm3b3rasa_s3003,d078,1,224,224,0,1,0,0.0,0.0,0.0,0,26.2,0.08,38,7,fail,F1 no enclosed cavity
arm3b3rasa_s3003,d043,1,207,207,0,1,0,135.4,3.55,1264.1,4,24.3,0.08,48,14,fail,F4 HAB1 appendage
arm3b3rasa_s3003,d084,1,207,207,0,1,0,0.0,0.0,0.0,0,25.5,0.08,47,8,fail,F1 no enclosed cavity
arm3b3rasa_s3003,d096,1,194,194,0,1,0,0.0,0.0,0.0,0,24.9,0.08,41,13,fail,F1 no enclosed cavity
arm3b3rasa_s3003,d006,1,207,207,0,1,0,171.1,3.31,1203.0,3,27.8,0.08,30,14,fail,F4 HAB1 appendage
arm3b3rasa_s3003,d091,1,217,217,0,1,0,0.0,0.0,0.0,0,24.0,0.08,73,13,fail,F1 no enclosed cavity
arm3b3rasa_s3003,d055,3,224,209,15,1,0,75.2,3.49,1227.0,4,22.7,0.08,54,12,fail,F4 HAB1 appendage
arm3b3rasa_s3003,d086,1,211,211,0,1,0,0.0,0.0,0.0,0,22.9,0.08,58,11,fail,F1 no enclosed cavity
arm3b3rasa_s3003,d070,1,202,202,0,1,0,0.0,0.0,0.0,0,23.4,0.08,46,12,fail,F1 no enclosed cavity
arm3b3rasa_s3003,d029,1,230,230,0,1,0,137.2,3.54,1106.4,1,28.2,0.08,46,10,fail,F2 envelope <= PYR1
arm3b3rasa_s3003,d053,1,192,192,0,1,0,102.4,3.46,1226.9,5,23.1,0.08,50,14,fail,F4 HAB1 appendage
arm3b3rasa_s3003,d021,1,249,249,0,1,0,150.1,3.02,1266.4,2,24.8,0.08,64,17,fail,F4 HAB1 appendage
arm3b3rasa_s3003,d003,1,200,200,0,1,0,138.2,3.53,1122.5,3,25.1,0.08,33,10,fail,F2 envelope <= PYR1
arm3b3rasa_s3003,d094,1,204,204,0,1,0,0.0,0.0,0.0,0,24.6,0.08,38,11,fail,F1 no enclosed cavity
arm3b3rasa_s3003,d097,1,196,196,0,1,0,0.0,0.0,0.0,0,26.3,0.08,37,16,fail,F1 no enclosed cavity
arm3b3rasa_s3003,d017,1,204,204,0,1,0,81.2,3.11,1345.4,1,24.2,0.08,44,12,fail,F4 HAB1 appendage
arm3b3rasa_s3003,d098,1,212,212,0,1,0,0.0,0.0,0.0,0,25.9,0.08,29,13,fail,F1 no enclosed cavity
arm3b3rasa_s3003,d046,1,218,218,0,1,0,75.8,3.57,1351.6,3,24.8,0.08,40,17,fail,F4 HAB1 appendage
arm3b3rasa_s3003,d079,1,194,194,0,1,0,0.0,0.0,0.0,0,24.6,0.08,37,16,fail,F1 no enclosed cavity
arm3b3rasa_s3003,d089,1,189,189,0,1,0,0.0,0.0,0.0,0,24.6,0.08,42,15,fail,F1 no enclosed cavity
arm3b3rasa_s3003,d048,1,211,211,0,1,0,131.5,3.4,1331.0,4,26.1,0.08,52,13,fail,F4 HAB1 appendage
arm3b3rasa_s3003,d047,1,220,220,0,1,0,116.2,3.48,1272.0,6,24.3,0.08,50,16,fail,F4 HAB1 appendage
arm3b3rasa_s3003,d008,1,197,197,0,1,0,98.3,3.44,1359.1,4,26.8,0.08,29,5,fail,F4 HAB1 appendage
arm3b3rasa_s3003,d085,1,222,222,0,1,0,152.7,3.39,1234.0,5,23.5,0.08,46,21,fail,F4 HAB1 appendage
arm3b3rasa_s3003,d045,1,227,227,0,1,0,127.0,3.36,1207.8,4,25.3,0.08,36,10,fail,F4 HAB1 appendage
arm3b3rasa_s3003,d052,1,219,219,0,1,0,185.8,3.22,1287.1,3,25.9,0.08,62,16,fail,F4 HAB1 appendage
arm3b3rasa_s3003,d028,1,216,216,0,1,0,90.9,3.32,1196.9,4,26.7,0.08,41,11,fail,F4 HAB1 appendage
arm3b3rasa_s3003,d113,1,210,210,0,1,0,0.0,0.0,0.0,0,24.7,0.08,51,17,fail,F1 no enclosed cavity
arm3b3rasa_s3003,d090,1,208,208,0,1,0,66.5,3.09,1257.9,2,22.4,0.08,39,10,fail,F4 HAB1 appendage
arm3b3rasa_s3003,d101,1,234,234,0,1,0,0.0,0.0,0.0,0,22.4,0.08,50,11,fail,F1 no enclosed cavity
arm3b3rasa_s3003,d054,1,188,188,0,1,0,176.9,3.46,1305.9,4,26.5,0.08,32,15,fail,F4 HAB1 appendage
arm3b3rasa_s3003,d060,1,229,229,0,1,0,186.6,3.49,1198.0,6,25.4,0.08,50,6,fail,F4 HAB1 appendage
arm3b3rasa_s3003,d105,2,221,210,11,1,0,0.0,0.0,0.0,0,21.7,0.08,44,13,fail,F1 no enclosed cavity
arm3b3rasa_s3003,d114,1,210,210,0,1,0,0.0,0.0,0.0,0,24.4,0.08,45,11,fail,F1 no enclosed cavity
arm3b3rasa_s3003,d071,1,203,203,0,1,0,166.1,3.51,1167.0,2,23.3,0.08,50,11,fail,F2 envelope <= PYR1
arm3b3rasa_s3003,d119,1,218,218,0,1,0,0.0,0.0,0.0,0,24.0,0.08,50,10,fail,F1 no enclosed cavity
arm3b3rasa_s3003,d112,1,232,232,0,1,0,0.0,0.0,0.0,0,26.5,0.08,41,19,fail,F1 no enclosed cavity
arm3b3rasa_s3003,d115,1,201,201,0,1,0,0.0,0.0,0.0,0,23.0,0.08,45,28,fail,F1 no enclosed cavity
arm3b3rasa_s3003,d063,1,196,196,0,1,0,76.0,3.46,1325.9,3,25.3,0.08,45,15,fail,F4 HAB1 appendage
arm3b3rasa_s3003,d062,1,203,203,0,1,0,90.5,3.33,1169.8,3,26.8,0.08,35,15,fail,F2 envelope <= PYR1
arm3b3rasa_s3003,d077,1,218,218,0,1,0,115.3,3.43,1248.6,4,25.6,0.08,50,17,fail,F4 HAB1 appendage
arm3b3rasa_s3003,d067,1,209,209,0,1,0,214.7,3.4,1246.9,4,23.0,0.08,61,13,fail,F4 HAB1 appendage
arm3b3rasa_s3003,d102,1,206,206,0,1,0,82.7,3.4,1357.6,2,21.8,0.08,30,3,PASS,
arm3b3rasa_s3003,d075,1,218,218,0,1,0,45.6,2.53,1066.1,9,24.6,0.08,59,13,fail,F2 envelope <= PYR1
arm3b3rasa_s3003,d074,1,216,216,0,1,0,120.1,3.34,1360.1,4,26.6,0.08,53,15,fail,F4 HAB1 appendage
arm3b3rasa_s3003,d080,1,202,202,0,1,0,187.9,3.36,1082.9,2,25.1,0.08,51,26,fail,F2 envelope <= PYR1
arm3b3rasa_s3003,d059,1,229,229,0,1,0,127.7,3.54,1296.1,5,26.8,0.08,56,12,fail,F4 HAB1 appendage
arm3b3rasa_s3003,d083,1,234,234,0,1,0,180.1,3.5,1171.4,6,23.5,0.08,61,11,fail,F2 envelope <= PYR1
arm3b3rasa_s3003,d087,1,209,209,0,1,0,129.2,3.38,1200.1,3,24.7,0.08,40,12,fail,F4 HAB1 appendage
arm3b3rasa_s3003,d072,1,212,212,0,1,0,138.5,3.39,1032.1,2,27.6,0.08,40,11,fail,F2 envelope <= PYR1
arm3b3rasa_s3003,d068,1,209,209,0,1,0,76.7,2.9,1273.8,2,26.2,0.08,37,9,fail,F4 HAB1 appendage
arm3b3rasa_s3003,d100,1,200,200,0,1,0,154.0,3.39,1048.4,2,24.5,0.08,33,6,fail,F2 envelope <= PYR1
arm3b3rasa_s3003,d099,1,202,202,0,1,0,196.8,3.38,1237.8,2,24.0,0.08,48,16,fail,F4 HAB1 appendage
arm3b3rasa_s3003,d117,1,217,217,0,1,0,172.6,3.53,1209.8,5,23.3,0.08,48,12,fail,F4 HAB1 appendage
arm3b3rasa_s3003,d093,1,209,209,0,1,0,134.4,3.52,1274.0,4,26.5,0.08,38,6,fail,F4 HAB1 appendage
arm3b3rasa_s3003,d109,1,214,214,0,1,0,91.4,3.39,1097.5,1,25.0,0.08,37,8,fail,F2 envelope <= PYR1
arm3b3rasa_s3003,d116,1,204,204,0,1,0,73.7,3.34,1194.0,5,25.1,0.08,55,17,fail,F4 HAB1 appendage
arm3b3rasa_s3003,d108,1,211,211,0,1,0,127.9,3.29,1279.9,4,24.5,0.08,51,19,fail,F4 HAB1 appendage
arm3b3rasa_s3003,d103,1,216,216,0,1,0,64.4,3.2,1330.6,1,26.7,0.08,53,16,fail,F4 HAB1 appendage
arm3b3rasa_s3003,d092,1,208,208,0,1,0,147.1,3.34,1102.5,2,24.9,0.08,45,10,fail,F2 envelope <= PYR1
arm3b3rasa_s3003,d106,1,229,229,0,1,0,186.4,3.36,1091.6,2,25.3,0.08,34,11,fail,F2 envelope <= PYR1
arm3b3rasa_s3003,d104,1,209,209,0,1,0,138.9,3.53,1178.9,4,27.2,0.08,39,13,fail,F2 envelope <= PYR1
arm3b3rasa_s3003,d110,1,226,226,0,1,0,116.9,3.09,1253.2,2,26.6,0.08,50,18,fail,F4 HAB1 appendage
arm3b3rasa_s3003,d111,1,223,223,0,1,0,156.6,3.43,1221.5,5,24.4,0.08,49,14,fail,F4 HAB1 appendage
arm1slack_s3001,d009,3,205,102,103,1,1,,,,,,,,,REJECT,F0 motif split across pieces
arm1slack_s3001,d025,2,220,175,45,1,1,,,,,,,,,REJECT,F0 motif split across pieces
arm1slack_s3001,d011,3,210,112,98,1,1,,,,,,,,,REJECT,F0 motif split across pieces
arm1slack_s3001,d004,2,207,125,82,1,1,,,,,,,,,REJECT,F0 motif split across pieces
arm1slack_s3001,d008,3,199,134,65,1,1,,,,,,,,,REJECT,F0 motif split across pieces
arm1slack_s3001,d006,3,211,162,49,1,1,,,,,,,,,REJECT,F0 motif split across pieces
arm1slack_s3001,d032,3,213,166,47,1,1,,,,,,,,,REJECT,F0 motif split across pieces
arm1slack_s3001,d020,2,213,146,67,1,1,,,,,,,,,REJECT,F0 motif split across pieces
arm1slack_s3001,d001,2,207,156,51,1,1,,,,,,,,,REJECT,F0 motif split across pieces
arm1slack_s3001,d003,4,218,110,108,1,1,,,,,,,,,REJECT,F0 motif split across pieces
arm1slack_s3001,d010,2,208,116,92,1,1,,,,,,,,,REJECT,F0 motif split across pieces
arm1slack_s3001,d044,2,200,154,46,1,1,,,,,,,,,REJECT,F0 motif split across pieces
arm1slack_s3001,d049,3,210,135,75,1,1,,,,,,,,,REJECT,F0 motif split across pieces
arm1slack_s3001,d030,6,218,123,95,1,1,,,,,,,,,REJECT,F0 motif split across pieces
arm1slack_s3001,d019,2,197,153,44,1,1,,,,,,,,,REJECT,F0 motif split across pieces
arm1slack_s3001,d012,3,221,118,103,1,1,,,,,,,,,REJECT,F0 motif split across pieces
arm1slack_s3001,d007,2,199,105,94,1,1,,,,,,,,,REJECT,F0 motif split across pieces
arm1slack_s3001,d051,2,210,146,64,1,1,,,,,,,,,REJECT,F0 motif split across pieces
arm1slack_s3001,d052,3,205,136,69,1,1,,,,,,,,,REJECT,F0 motif split across pieces
arm1slack_s3001,d048,4,207,88,119,1,1,,,,,,,,,REJECT,F0 motif split across pieces
arm1slack_s3001,d035,2,211,172,39,1,1,,,,,,,,,REJECT,F0 motif split across pieces
arm1slack_s3001,d046,4,199,127,72,1,1,,,,,,,,,REJECT,F0 motif split across pieces
arm1slack_s3001,d041,3,187,132,55,1,1,,,,,,,,,REJECT,F0 motif split across pieces
arm1slack_s3001,d045,2,188,139,49,1,1,,,,,,,,,REJECT,F0 motif split across pieces
arm1slack_s3001,d047,2,209,123,86,1,1,,,,,,,,,REJECT,F0 motif split across pieces
arm1slack_s3001,d027,2,206,109,97,1,1,,,,,,,,,REJECT,F0 motif split across pieces
arm1slack_s3001,d053,3,208,145,63,1,1,,,,,,,,,REJECT,F0 motif split across pieces
arm1slack_s3001,d039,2,202,103,99,1,1,,,,,,,,,REJECT,F0 motif split across pieces
arm1slack_s3001,d017,4,211,90,121,1,1,,,,,,,,,REJECT,F0 motif split across pieces
arm1slack_s3001,d055,4,198,130,68,1,1,,,,,,,,,REJECT,F0 motif split across pieces
arm1slack_s3001,d014,2,211,170,41,1,1,,,,,,,,,REJECT,F0 motif split across pieces
arm1slack_s3001,d022,5,206,97,109,1,1,,,,,,,,,REJECT,F0 motif split across pieces
arm1slack_s3001,d056,4,208,90,118,1,1,,,,,,,,,REJECT,F0 motif split across pieces
arm1slack_s3001,d050,4,209,156,53,1,1,,,,,,,,,REJECT,F0 motif split across pieces
arm1slack_s3001,d042,4,195,131,64,1,1,,,,,,,,,REJECT,F0 motif split across pieces
arm1slack_s3001,d040,7,202,90,112,1,1,,,,,,,,,REJECT,F0 motif split across pieces
arm1slack_s3001,d043,2,196,100,96,1,1,,,,,,,,,REJECT,F0 motif split across pieces
arm1slack_s3001,d036,3,209,90,119,1,1,,,,,,,,,REJECT,F0 motif split across pieces
arm1slack_s3001,d063,5,207,103,104,1,1,,,,,,,,,REJECT,F0 motif split across pieces
arm1slack_s3001,d083,3,205,143,62,1,1,,,,,,,,,REJECT,F0 motif split across pieces
arm1slack_s3001,d071,3,214,143,71,1,1,,,,,,,,,REJECT,F0 motif split across pieces
arm1slack_s3001,d069,5,204,102,102,1,1,,,,,,,,,REJECT,F0 motif split across pieces
arm1slack_s3001,d065,5,195,76,119,1,1,,,,,,,,,REJECT,F0 motif split across pieces
arm1slack_s3001,d058,2,203,152,51,1,1,,,,,,,,,REJECT,F0 motif split across pieces
arm1slack_s3001,d079,3,210,142,68,1,1,,,,,,,,,REJECT,F0 motif split across pieces
arm1slack_s3001,d073,2,203,118,85,1,1,,,,,,,,,REJECT,F0 motif split across pieces
arm1slack_s3001,d089,3,217,153,64,1,1,,,,,,,,,REJECT,F0 motif split across pieces
arm1slack_s3001,d068,2,196,100,96,1,1,,,,,,,,,REJECT,F0 motif split across pieces
arm1slack_s3001,d072,2,214,116,98,1,1,,,,,,,,,REJECT,F0 motif split across pieces
arm1slack_s3001,d084,4,201,128,73,1,1,,,,,,,,,REJECT,F0 motif split across pieces
arm1slack_s3001,d096,2,216,111,105,1,1,,,,,,,,,REJECT,F0 motif split across pieces
arm1slack_s3001,d094,2,212,139,73,1,1,,,,,,,,,REJECT,F0 motif split across pieces
arm1slack_s3001,d097,6,193,88,105,1,1,,,,,,,,,REJECT,F0 motif split across pieces
arm1slack_s3001,d082,4,215,139,76,1,1,,,,,,,,,REJECT,F0 motif split across pieces
arm1slack_s3001,d021,3,206,154,52,1,1,,,,,,,,,REJECT,F0 motif split across pieces
arm1slack_s3001,d104,2,207,174,33,1,1,,,,,,,,,REJECT,F0 motif split across pieces
arm1slack_s3001,d075,2,191,135,56,1,1,,,,,,,,,REJECT,F0 motif split across pieces
arm1slack_s3001,d103,2,206,140,66,1,1,,,,,,,,,REJECT,F0 motif split across pieces
arm1slack_s3001,d105,4,194,144,50,1,1,,,,,,,,,REJECT,F0 motif split across pieces
arm1slack_s3001,d111,2,203,142,61,1,1,,,,,,,,,REJECT,F0 motif split across pieces
arm1slack_s3001,d100,2,206,155,51,1,1,,,,,,,,,REJECT,F0 motif split across pieces
arm1slack_s3001,d107,4,195,131,64,1,1,,,,,,,,,REJECT,F0 motif split across pieces
arm1slack_s3001,d114,3,205,104,101,1,1,,,,,,,,,REJECT,F0 motif split across pieces
arm1slack_s3001,d110,2,217,111,106,1,1,,,,,,,,,REJECT,F0 motif split across pieces
arm1slack_s3001,d113,2,199,103,96,1,1,,,,,,,,,REJECT,F0 motif split across pieces
arm1slack_s3001,d123,4,196,115,81,1,1,,,,,,,,,REJECT,F0 motif split across pieces
arm1slack_s3001,d119,3,207,105,102,1,1,,,,,,,,,REJECT,F0 motif split across pieces
arm1slack_s3001,d112,3,204,133,71,1,1,,,,,,,,,REJECT,F0 motif split across pieces
arm1slack_s3001,d126,3,193,152,41,1,1,,,,,,,,,REJECT,F0 motif split across pieces
arm1slack_s3001,d128,3,199,105,94,1,1,,,,,,,,,REJECT,F0 motif split across pieces
arm1slack_s3001,d117,3,213,144,69,1,1,,,,,,,,,REJECT,F0 motif split across pieces
arm1slack_s3001,d120,6,212,93,119,1,1,,,,,,,,,REJECT,F0 motif split across pieces
arm1slack_s3001,d132,2,190,119,71,1,1,,,,,,,,,REJECT,F0 motif split across pieces
arm1slack_s3001,d130,4,209,99,110,1,1,,,,,,,,,REJECT,F0 motif split across pieces
arm1slack_s3001,d134,2,193,131,62,1,1,,,,,,,,,REJECT,F0 motif split across pieces
arm1slack_s3001,d133,3,214,102,112,1,1,,,,,,,,,REJECT,F0 motif split across pieces
arm1slack_s3001,d124,2,215,179,36,1,1,,,,,,,,,REJECT,F0 motif split across pieces
arm1slack_s3001,d135,2,223,149,74,1,1,,,,,,,,,REJECT,F0 motif split across pieces
arm1slack_s3001,d136,2,190,105,85,1,1,,,,,,,,,REJECT,F0 motif split across pieces
arm1slack_s3001,d138,2,190,125,65,1,1,,,,,,,,,REJECT,F0 motif split across pieces
arm1slack_s3001,d142,4,209,149,60,1,1,,,,,,,,,REJECT,F0 motif split across pieces
arm1slack_s3001,d141,3,188,104,84,1,1,,,,,,,,,REJECT,F0 motif split across pieces
arm1slack_s3001,d145,2,210,153,57,1,1,,,,,,,,,REJECT,F0 motif split across pieces
arm1slack_s3001,d144,4,210,130,80,1,1,,,,,,,,,REJECT,F0 motif split across pieces
arm1slack_s3001,d147,2,213,115,98,1,1,,,,,,,,,REJECT,F0 motif split across pieces
arm1slack_s3001,d148,3,207,142,65,1,1,,,,,,,,,REJECT,F0 motif split across pieces
arm1slack_s3001,d149,2,211,152,59,1,1,,,,,,,,,REJECT,F0 motif split across pieces
arm4rep_s3004,d000,1,194,194,0,1,0,0.0,0.0,0.0,0,18.2,0.11,44,27,fail,F1 no enclosed cavity
arm4rep_s3004,d001,5,186,107,79,1,1,,,,,,,,,REJECT,F0 motif split across pieces
arm1slack_s3001,d066,4,192,175,17,1,0,0.0,0.0,0.0,0,17.0,0.11,20,11,fail,F1 no enclosed cavity
arm1slack_s3001,d000,3,202,189,13,1,0,0.0,0.0,0.0,0,17.5,0.11,40,26,fail,F1 no enclosed cavity
arm1slack_s3001,d118,3,191,179,12,1,0,0.0,0.0,0.0,0,17.0,0.11,41,22,fail,F1 no enclosed cavity
arm4rep_s3004,d005,3,204,131,73,1,1,,,,,,,,,REJECT,F0 motif split across pieces
arm1slack_s3001,d121,1,196,196,0,1,0,0.0,0.0,0.0,0,19.1,0.11,43,19,fail,F1 no enclosed cavity
arm4rep_s3004,d007,6,176,148,28,1,0,,,,,,,,,REJECT,F0 internal/large orphan
arm1slack_s3001,d059,2,202,182,20,1,0,0.0,0.0,0.0,0,17.0,0.11,41,34,fail,F1 no enclosed cavity
arm4rep_s3004,d009,6,181,119,62,1,1,,,,,,,,,REJECT,F0 motif split across pieces
arm1slack_s3001,d034,2,181,175,6,1,0,0.0,0.0,0.0,0,16.9,0.11,40,27,fail,F1 no enclosed cavity
arm1slack_s3001,d146,1,202,202,0,1,0,0.0,0.0,0.0,0,18.0,0.11,55,27,fail,F1 no enclosed cavity
arm1slack_s3001,d080,1,185,185,0,1,0,0.0,0.0,0.0,0,18.3,0.11,57,28,fail,F1 no enclosed cavity
arm1slack_s3001,d013,1,199,199,0,1,0,0.0,0.0,0.0,0,17.7,0.11,42,9,fail,F1 no enclosed cavity
arm4rep_s3004,d013,4,186,127,59,1,1,,,,,,,,,REJECT,F0 motif split across pieces
arm1slack_s3001,d002,2,213,197,16,1,0,0.0,0.0,0.0,0,18.4,0.11,50,24,fail,F1 no enclosed cavity
arm1slack_s3001,d116,1,206,206,0,1,0,0.0,0.0,0.0,0,19.4,0.11,60,29,fail,F1 no enclosed cavity
arm1slack_s3001,d031,1,191,191,0,1,0,0.0,0.0,0.0,0,19.3,0.11,52,28,fail,F1 no enclosed cavity
arm4rep_s3004,d017,2,193,149,44,1,1,,,,,,,,,REJECT,F0 motif split across pieces
arm1slack_s3001,d070,1,211,211,0,1,0,0.0,0.0,0.0,0,20.3,0.11,66,33,fail,F1 no enclosed cavity
arm1slack_s3001,d122,1,198,198,0,1,0,0.0,0.0,0.0,0,18.7,0.11,58,32,fail,F1 no enclosed cavity
arm4rep_s3004,d020,2,193,145,48,1,1,,,,,,,,,REJECT,F0 motif split across pieces
arm4rep_s3004,d018,3,197,113,84,1,1,,,,,,,,,REJECT,F0 motif split across pieces
arm4rep_s3004,d022,3,194,126,68,1,1,,,,,,,,,REJECT,F0 motif split across pieces
arm4rep_s3004,d024,4,176,106,70,1,1,,,,,,,,,REJECT,F0 motif split across pieces
arm4rep_s3004,d025,2,190,152,38,1,1,,,,,,,,,REJECT,F0 motif split across pieces
arm4rep_s3004,d026,2,183,147,36,1,1,,,,,,,,,REJECT,F0 motif split across pieces
arm4rep_s3004,d027,3,193,112,81,1,1,,,,,,,,,REJECT,F0 motif split across pieces
arm1slack_s3001,d074,1,202,202,0,1,0,0.0,0.0,0.0,0,18.7,0.11,75,28,fail,F1 no enclosed cavity
arm1slack_s3001,d029,1,196,196,0,1,0,0.0,0.0,0.0,0,18.6,0.11,54,24,fail,F1 no enclosed cavity
arm1slack_s3001,d106,1,199,199,0,1,0,0.0,0.0,0.0,0,18.2,0.11,62,27,fail,F1 no enclosed cavity
arm1slack_s3001,d062,1,191,191,0,1,0,0.0,0.0,0.0,0,19.8,0.11,45,23,fail,F1 no enclosed cavity
arm1slack_s3001,d087,1,206,206,0,1,0,0.0,0.0,0.0,0,20.0,0.11,70,27,fail,F1 no enclosed cavity
arm1slack_s3001,d016,3,205,198,7,1,0,0.0,0.0,0.0,0,18.3,0.11,51,34,fail,F1 no enclosed cavity
arm1slack_s3001,d109,1,200,200,0,1,0,0.0,0.0,0.0,0,18.8,0.11,65,31,fail,F1 no enclosed cavity
arm4rep_s3004,d035,3,193,123,70,1,1,,,,,,,,,REJECT,F0 motif split across pieces
arm1slack_s3001,d005,1,207,207,0,1,0,0.0,0.0,0.0,0,19.1,0.11,55,25,fail,F1 no enclosed cavity
arm1slack_s3001,d033,1,224,224,0,1,0,0.0,0.0,0.0,0,22.3,0.11,83,21,fail,F1 no enclosed cavity
arm1slack_s3001,d095,3,195,181,14,1,0,0.0,0.0,0.0,0,18.4,0.11,42,30,fail,F1 no enclosed cavity
arm1slack_s3001,d086,1,200,200,0,1,0,0.0,0.0,0.0,0,18.5,0.11,47,30,fail,F1 no enclosed cavity
arm4rep_s3004,d040,6,195,165,30,1,0,,,,,,,,,REJECT,F0 internal/large orphan
arm1slack_s3001,d125,1,205,205,0,1,0,0.0,0.0,0.0,0,20.2,0.11,62,32,fail,F1 no enclosed cavity
arm1slack_s3001,d098,3,201,188,13,1,0,0.0,0.0,0.0,0,20.1,0.11,60,22,fail,F1 no enclosed cavity
arm1slack_s3001,d054,1,227,227,0,1,0,0.0,0.0,0.0,0,20.4,0.11,54,14,fail,F1 no enclosed cavity
arm1slack_s3001,d064,1,212,212,0,1,0,0.0,0.0,0.0,0,19.8,0.11,64,23,fail,F1 no enclosed cavity
arm4rep_s3004,d045,4,194,106,88,1,1,,,,,,,,,REJECT,F0 motif split across pieces
arm1slack_s3001,d092,1,217,217,0,1,0,0.0,0.0,0.0,0,20.9,0.11,78,33,fail,F1 no enclosed cavity
arm1slack_s3001,d028,1,205,205,0,1,0,0.0,0.0,0.0,0,20.7,0.11,70,35,fail,F1 no enclosed cavity
arm1slack_s3001,d026,1,216,216,0,1,0,0.0,0.0,0.0,0,20.1,0.11,73,28,fail,F1 no enclosed cavity
arm1slack_s3001,d023,1,199,199,0,1,0,0.0,0.0,0.0,0,20.5,0.11,55,34,fail,F1 no enclosed cavity
arm1slack_s3001,d090,1,220,220,0,1,0,0.0,0.0,0.0,0,19.9,0.11,50,37,fail,F1 no enclosed cavity
arm4rep_s3004,d051,2,198,164,34,1,1,,,,,,,,,REJECT,F0 motif split across pieces
arm1slack_s3001,d101,1,211,211,0,1,0,0.0,0.0,0.0,0,19.5,0.11,59,27,fail,F1 no enclosed cavity
arm1slack_s3001,d085,1,210,210,0,1,0,0.0,0.0,0.0,0,20.2,0.11,63,30,fail,F1 no enclosed cavity
arm1slack_s3001,d077,1,224,224,0,1,0,0.0,0.0,0.0,0,22.1,0.11,65,32,fail,F1 no enclosed cavity
arm4rep_s3004,d054,3,185,127,58,1,1,,,,,,,,,REJECT,F0 motif split across pieces
arm4rep_s3004,d055,2,197,129,68,1,1,,,,,,,,,REJECT,F0 motif split across pieces
arm1slack_s3001,d108,2,213,201,12,1,0,0.0,0.0,0.0,0,19.6,0.11,57,32,fail,F1 no enclosed cavity
arm1slack_s3001,d137,1,208,208,0,1,0,0.0,0.0,0.0,0,20.2,0.11,60,16,fail,F1 no enclosed cavity
arm1slack_s3001,d127,1,217,217,0,1,0,0.0,0.0,0.0,0,20.9,0.11,66,20,fail,F1 no enclosed cavity
arm1slack_s3001,d076,1,203,203,0,1,0,0.0,0.0,0.0,0,19.0,0.11,39,28,fail,F1 no enclosed cavity
arm1slack_s3001,d060,1,222,222,0,1,0,0.0,0.0,0.0,0,20.5,0.11,68,28,fail,F1 no enclosed cavity
arm4rep_s3004,d062,3,175,83,92,1,1,,,,,,,,,REJECT,F0 motif split across pieces
arm1slack_s3001,d099,2,226,207,19,1,0,0.0,0.0,0.0,0,20.1,0.11,49,19,fail,F1 no enclosed cavity
arm4rep_s3004,d064,3,191,150,41,1,1,,,,,,,,,REJECT,F0 motif split across pieces
arm1slack_s3001,d057,1,205,205,0,1,0,0.0,0.0,0.0,0,20.8,0.11,53,19,fail,F1 no enclosed cavity
arm4rep_s3004,d066,4,176,123,53,1,1,,,,,,,,,REJECT,F0 motif split across pieces
arm1slack_s3001,d037,1,203,203,0,1,0,0.0,0.0,0.0,0,20.2,0.11,60,16,fail,F1 no enclosed cavity
arm1slack_s3001,d061,1,201,201,0,1,0,0.0,0.0,0.0,0,20.2,0.11,63,32,fail,F1 no enclosed cavity
arm1slack_s3001,d115,3,186,183,3,1,0,0.0,0.0,0.0,0,18.8,0.11,57,28,fail,F1 no enclosed cavity
arm4rep_s3004,d070,3,184,127,57,1,1,,,,,,,,,REJECT,F0 motif split across pieces
arm4rep_s3004,d008,1,172,172,0,1,0,0.0,0.0,0.0,0,15.4,0.11,2,1,fail,F1 no enclosed cavity
arm4rep_s3004,d072,6,198,145,53,1,1,,,,,,,,,REJECT,F0 motif split across pieces
arm4rep_s3004,d073,2,194,133,61,1,1,,,,,,,,,REJECT,F0 motif split across pieces
arm1slack_s3001,d143,1,204,204,0,1,0,0.0,0.0,0.0,0,21.2,0.11,68,34,fail,F1 no enclosed cavity
arm4rep_s3004,d010,1,178,178,0,1,0,0.0,0.0,0.0,0,16.2,0.11,12,10,fail,F1 no enclosed cavity
arm1slack_s3001,d102,1,220,220,0,1,0,0.0,0.0,0.0,0,21.7,0.11,72,32,fail,F1 no enclosed cavity
arm1slack_s3001,d038,1,213,213,0,1,0,0.0,0.0,0.0,0,22.2,0.11,77,30,fail,F1 no enclosed cavity
arm1slack_s3001,d093,1,205,205,0,1,0,0.0,0.0,0.0,0,21.6,0.11,51,18,fail,F1 no enclosed cavity
arm4rep_s3004,d079,3,184,136,48,1,1,,,,,,,,,REJECT,F0 motif split across pieces
arm1slack_s3001,d015,1,189,189,0,1,0,0.0,0.0,0.0,0,18.9,0.11,45,32,fail,F1 no enclosed cavity
arm1slack_s3001,d139,1,207,207,0,1,0,0.0,0.0,0.0,0,19.6,0.11,39,30,fail,F1 no enclosed cavity
arm1slack_s3001,d081,1,211,211,0,1,0,0.0,0.0,0.0,0,21.4,0.11,50,17,fail,F1 no enclosed cavity
arm4rep_s3004,d029,4,189,178,11,1,0,0.0,0.0,0.0,0,15.1,0.11,22,11,fail,F1 no enclosed cavity
arm4rep_s3004,d030,2,195,180,15,1,0,0.0,0.0,0.0,0,15.5,0.11,22,17,fail,F1 no enclosed cavity
arm4rep_s3004,d085,2,184,105,79,1,1,,,,,,,,,REJECT,F0 motif split across pieces
arm4rep_s3004,d002,1,187,187,0,1,0,0.0,0.0,0.0,0,17.8,0.11,49,11,fail,F1 no enclosed cavity
arm4rep_s3004,d086,2,200,157,43,1,1,,,,,,,,,REJECT,F0 motif split across pieces
arm4rep_s3004,d087,2,193,148,45,1,1,,,,,,,,,REJECT,F0 motif split across pieces
arm1slack_s3001,d140,1,220,220,0,1,0,0.0,0.0,0.0,0,21.4,0.11,74,36,fail,F1 no enclosed cavity
arm4rep_s3004,d037,3,168,157,11,1,0,0.0,0.0,0.0,0,15.1,0.11,2,1,fail,F1 no enclosed cavity
arm1slack_s3001,d078,1,210,210,0,1,0,0.0,0.0,0.0,0,20.4,0.11,55,34,fail,F1 no enclosed cavity
arm4rep_s3004,d038,1,164,164,0,1,0,0.0,0.0,0.0,0,15.8,0.11,5,4,fail,F1 no enclosed cavity
arm4rep_s3004,d093,2,204,139,65,1,1,,,,,,,,,REJECT,F0 motif split across pieces
arm4rep_s3004,d069,1,173,173,0,1,0,0.0,0.0,0.0,0,15.1,0.11,6,2,fail,F1 no enclosed cavity
arm1slack_s3001,d088,1,188,188,0,1,0,13.0,2.57,461.8,11,17.4,0.11,58,26,fail,F2 envelope <= PYR1
arm4rep_s3004,d050,1,197,197,0,1,0,0.0,0.0,0.0,0,16.4,0.11,21,12,fail,F1 no enclosed cavity
arm4rep_s3004,d044,3,199,179,20,1,0,0.0,0.0,0.0,0,16.9,0.11,10,7,fail,F1 no enclosed cavity
arm4rep_s3004,d039,2,199,181,18,1,0,0.0,0.0,0.0,0,17.2,0.11,24,9,fail,F1 no enclosed cavity
arm4rep_s3004,d011,1,170,170,0,1,0,0.0,0.0,0.0,0,17.0,0.11,9,5,fail,F1 no enclosed cavity
arm4rep_s3004,d060,2,190,168,22,1,0,0.0,0.0,0.0,0,15.5,0.11,1,1,fail,F1 no enclosed cavity
arm4rep_s3004,d041,2,180,169,11,1,0,0.0,0.0,0.0,0,16.5,0.11,3,2,fail,F1 no enclosed cavity
arm4rep_s3004,d101,3,192,119,73,1,1,,,,,,,,,REJECT,F0 motif split across pieces
arm4rep_s3004,d048,1,176,176,0,1,0,0.0,0.0,0.0,0,16.1,0.11,32,16,fail,F1 no enclosed cavity
arm4rep_s3004,d053,2,189,167,22,1,0,0.0,0.0,0.0,0,17.3,0.11,23,7,fail,F1 no enclosed cavity
arm4rep_s3004,d019,1,189,189,0,1,0,0.0,0.0,0.0,0,17.4,0.11,36,27,fail,F1 no enclosed cavity
arm4rep_s3004,d057,1,181,181,0,1,0,0.0,0.0,0.0,0,16.5,0.11,1,1,fail,F1 no enclosed cavity
arm1slack_s3001,d024,1,186,186,0,1,0,35.4,2.56,482.4,20,19.4,0.11,47,27,fail,F2 envelope <= PYR1
arm4rep_s3004,d067,1,190,190,0,1,0,0.0,0.0,0.0,0,16.4,0.11,8,4,fail,F1 no enclosed cavity
arm4rep_s3004,d028,2,163,155,8,1,0,116.6,3.35,1243.6,3,15.7,0.11,2,1,PASS,
arm4rep_s3004,d109,3,191,116,75,1,1,,,,,,,,,REJECT,F0 motif split across pieces
arm4rep_s3004,d110,2,192,137,55,1,1,,,,,,,,,REJECT,F0 motif split across pieces
arm4rep_s3004,d003,1,199,199,0,1,0,0.0,0.0,0.0,0,19.6,0.11,45,17,fail,F1 no enclosed cavity
arm4rep_s3004,d042,1,184,184,0,1,0,0.0,0.0,0.0,0,18.2,0.11,37,27,fail,F1 no enclosed cavity
arm4rep_s3004,d114,2,189,131,58,1,1,,,,,,,,,REJECT,F0 motif split across pieces
arm4rep_s3004,d115,2,177,90,87,1,1,,,,,,,,,REJECT,F0 motif split across pieces
arm4rep_s3004,d056,3,187,164,23,1,0,0.0,0.0,0.0,0,17.3,0.11,22,15,fail,F1 no enclosed cavity
arm4rep_s3004,d034,3,158,145,13,1,0,63.5,3.34,1228.1,2,15.7,0.11,2,1,PASS,
arm1slack_s3001,d131,1,195,195,0,1,0,21.0,2.64,555.5,30,18.2,0.11,48,15,fail,F2 envelope <= PYR1
arm1slack_s3001,d067,2,213,195,18,1,0,38.2,2.44,437.4,25,18.6,0.11,63,25,fail,F2 envelope <= PYR1
arm4rep_s3004,d014,1,184,184,0,1,0,0.0,0.0,0.0,0,18.6,0.11,23,8,fail,F1 no enclosed cavity
arm4rep_s3004,d052,1,198,198,0,1,0,0.0,0.0,0.0,0,17.9,0.11,19,6,fail,F1 no enclosed cavity
arm4rep_s3004,d031,1,206,206,0,1,0,0.0,0.0,0.0,0,19.3,0.11,49,31,fail,F1 no enclosed cavity
arm4rep_s3004,d078,5,198,180,18,1,0,0.0,0.0,0.0,0,17.1,0.11,7,5,fail,F1 no enclosed cavity
arm4rep_s3004,d047,1,185,185,0,1,0,0.0,0.0,0.0,0,18.4,0.11,41,29,fail,F1 no enclosed cavity
arm4rep_s3004,d125,2,189,147,42,1,1,,,,,,,,,REJECT,F0 motif split across pieces
arm4rep_s3004,d126,2,201,164,37,1,1,,,,,,,,,REJECT,F0 motif split across pieces
arm4rep_s3004,d127,3,174,118,56,1,1,,,,,,,,,REJECT,F0 motif split across pieces
arm4rep_s3004,d043,1,173,173,0,1,0,0.0,0.0,0.0,0,18.2,0.11,19,5,fail,F1 no enclosed cavity
arm4rep_s3004,d006,1,206,206,0,1,0,0.0,0.0,0.0,0,19.3,0.11,45,28,fail,F1 no enclosed cavity
arm4rep_s3004,d130,3,202,155,47,1,1,,,,,,,,,REJECT,F0 motif split across pieces
arm4rep_s3004,d046,1,189,189,0,1,0,0.0,0.0,0.0,0,18.4,0.11,19,7,fail,F1 no enclosed cavity
arm4rep_s3004,d015,1,171,171,0,1,0,114.0,3.24,1365.4,2,16.5,0.11,1,1,PASS,
arm4rep_s3004,d065,2,191,179,12,1,0,48.4,2.59,1015.4,13,16.7,0.11,24,8,fail,F2 envelope <= PYR1
arm1slack_s3001,d129,1,211,211,0,1,0,27.4,2.7,530.6,18,18.3,0.11,42,26,fail,F2 envelope <= PYR1
arm4rep_s3004,d077,1,203,203,0,1,0,0.0,0.0,0.0,0,17.6,0.11,31,9,fail,F1 no enclosed cavity
arm4rep_s3004,d136,3,183,118,65,1,1,,,,,,,,,REJECT,F0 motif split across pieces
arm4rep_s3004,d036,4,204,184,20,1,0,0.0,0.0,0.0,0,18.2,0.11,37,29,fail,F1 no enclosed cavity
arm4rep_s3004,d138,2,167,135,32,1,1,,,,,,,,,REJECT,F0 motif split across pieces
arm4rep_s3004,d059,1,179,179,0,1,0,66.7,3.48,1305.0,2,15.8,0.11,12,7,fail,F4 HAB1 appendage
arm4rep_s3004,d140,3,197,128,69,1,1,,,,,,,,,REJECT,F0 motif split across pieces
arm4rep_s3004,d090,1,190,190,0,1,0,0.0,0.0,0.0,0,17.2,0.11,22,8,fail,F1 no enclosed cavity
arm4rep_s3004,d142,5,197,123,74,1,1,,,,,,,,,REJECT,F0 motif split across pieces
arm4rep_s3004,d032,3,181,159,22,1,0,187.1,3.43,1375.1,4,16.0,0.11,2,1,PASS,
arm4rep_s3004,d083,1,177,177,0,1,0,0.0,0.0,0.0,0,17.4,0.11,16,5,fail,F1 no enclosed cavity
arm4rep_s3004,d088,1,180,180,0,1,0,0.0,0.0,0.0,0,17.4,0.11,31,10,fail,F1 no enclosed cavity
arm4rep_s3004,d021,1,199,199,0,1,0,20.7,2.41,317.0,22,17.3,0.11,36,9,fail,F2 envelope <= PYR1
arm4rep_s3004,d075,1,159,159,0,1,0,120.3,3.42,1189.0,4,15.6,0.11,2,1,PASS,
arm4rep_s3004,d148,6,198,111,87,1,1,,,,,,,,,REJECT,F0 motif split across pieces
arm4rep_s3004,d092,1,190,190,0,1,0,0.0,0.0,0.0,0,17.2,0.11,26,9,fail,F1 no enclosed cavity
arm4rep_s3004,d102,2,178,165,13,1,0,0.0,0.0,0.0,0,16.0,0.11,24,6,fail,F1 no enclosed cavity
arm4rep_s3004,d071,3,183,169,14,1,0,107.6,3.38,1258.0,4,15.7,0.11,3,1,PASS,
arm4rep_s3004,d049,3,186,167,19,1,0,105.6,3.28,1263.6,3,16.0,0.11,4,2,PASS,
arm1slack_s3001,d018,1,210,210,0,1,0,13.8,2.56,627.9,18,21.9,0.11,79,22,fail,F2 envelope <= PYR1
arm4rep_s3004,d082,1,204,204,0,1,0,0.0,0.0,0.0,0,19.5,0.11,41,25,fail,F1 no enclosed cavity
arm4rep_s3004,d094,1,204,204,0,1,0,0.0,0.0,0.0,0,19.6,0.11,47,13,fail,F1 no enclosed cavity
arm4rep_s3004,d098,1,184,184,0,1,0,0.0,0.0,0.0,0,16.5,0.11,38,24,fail,F1 no enclosed cavity
arm4rep_s3004,d081,2,198,182,16,1,0,0.0,0.0,0.0,0,17.5,0.11,39,16,fail,F1 no enclosed cavity
arm4rep_s3004,d111,1,187,187,0,1,0,0.0,0.0,0.0,0,17.0,0.11,35,10,fail,F1 no enclosed cavity
arm4rep_s3004,d120,1,181,181,0,1,0,0.0,0.0,0.0,0,15.7,0.11,10,3,fail,F1 no enclosed cavity
arm1slack_s3001,d091,5,202,195,7,1,0,24.4,2.63,412.5,10,19.7,0.11,67,33,fail,F2 envelope <= PYR1
arm4rep_s3004,d023,2,189,171,18,1,0,153.6,3.4,1100.5,6,17.3,0.11,2,1,fail,F2 envelope <= PYR1
arm4rep_s3004,d063,1,175,175,0,1,0,116.2,3.26,1234.9,1,17.6,0.11,18,5,fail,F4 HAB1 appendage
arm4rep_s3004,d058,1,168,168,0,1,0,72.8,3.22,1331.0,4,16.9,0.11,4,3,PASS,
arm4rep_s3004,d104,1,182,182,0,1,0,0.0,0.0,0.0,0,17.7,0.11,15,8,fail,F1 no enclosed cavity
arm4rep_s3004,d139,1,182,182,0,1,0,0.0,0.0,0.0,0,14.9,0.11,22,10,fail,F1 no enclosed cavity
arm4rep_s3004,d116,1,168,168,0,1,0,0.0,0.0,0.0,0,16.4,0.11,2,1,fail,F1 no enclosed cavity
arm4rep_s3004,d074,2,195,176,19,1,0,78.0,3.14,1203.6,5,16.5,0.11,5,5,fail,F4 HAB1 appendage
arm4rep_s3004,d122,2,189,178,11,1,0,0.0,0.0,0.0,0,15.6,0.11,26,10,fail,F1 no enclosed cavity
arm4rep_s3004,d095,2,170,151,19,1,0,110.6,3.36,1382.1,4,15.2,0.11,1,1,PASS,
arm4rep_s3004,d124,2,187,170,17,1,0,0.0,0.0,0.0,0,15.9,0.11,3,1,fail,F1 no enclosed cavity
arm4rep_s3004,d119,1,166,166,0,1,0,0.0,0.0,0.0,0,16.0,0.11,2,1,fail,F1 no enclosed cavity
arm4rep_s3004,d100,1,196,196,0,1,0,0.0,0.0,0.0,0,17.6,0.11,37,27,fail,F1 no enclosed cavity
arm4rep_s3004,d068,1,200,200,0,1,0,0.0,0.0,0.0,0,19.0,0.11,56,30,fail,F1 no enclosed cavity
arm4rep_s3004,d133,1,178,178,0,1,0,0.0,0.0,0.0,0,16.4,0.11,30,7,fail,F1 no enclosed cavity
arm4rep_s3004,d084,4,187,168,19,1,0,138.9,3.51,1366.4,6,16.2,0.11,2,1,PASS,
arm4rep_s3004,d129,1,188,188,0,1,0,0.0,0.0,0.0,0,16.3,0.11,22,7,fail,F1 no enclosed cavity
arm4rep_s3004,d131,1,183,183,0,1,0,0.0,0.0,0.0,0,15.7,0.11,36,18,fail,F1 no enclosed cavity
arm4rep_s3004,d096,1,180,180,0,1,0,0.0,0.0,0.0,0,17.0,0.11,15,7,fail,F1 no enclosed cavity
arm4rep_s3004,d080,3,179,160,19,1,0,110.8,3.45,1311.2,6,17.3,0.11,13,12,fail,F4 HAB1 appendage
arm4rep_s3004,d108,1,188,188,0,1,0,0.0,0.0,0.0,0,18.2,0.11,67,30,fail,F1 no enclosed cavity
arm4rep_s3004,d097,1,212,212,0,1,0,0.0,0.0,0.0,0,18.7,0.11,43,9,fail,F1 no enclosed cavity
arm4rep_s3004,d147,1,195,195,0,1,0,0.0,0.0,0.0,0,16.4,0.11,13,7,fail,F1 no enclosed cavity
arm4rep_s3004,d012,1,177,177,0,1,0,30.0,2.62,771.1,15,17.5,0.11,12,5,fail,F2 envelope <= PYR1
arm4rep_s3004,d107,1,198,198,0,1,0,0.0,0.0,0.0,0,17.5,0.11,44,25,fail,F1 no enclosed cavity
arm4rep_s3004,d134,1,173,173,0,1,0,0.0,0.0,0.0,0,16.6,0.11,34,13,fail,F1 no enclosed cavity
arm4rep_s3004,d146,3,195,175,20,1,0,0.0,0.0,0.0,0,16.3,0.11,21,11,fail,F1 no enclosed cavity
arm4rep_s3004,d061,1,190,190,0,1,0,89.2,3.5,1346.4,5,19.4,0.11,27,6,fail,F4 HAB1 appendage
arm4rep_s3004,d144,1,185,185,0,1,0,0.0,0.0,0.0,0,17.1,0.11,38,27,fail,F1 no enclosed cavity
arm4rep_s3004,d141,1,178,178,0,1,0,0.0,0.0,0.0,0,17.3,0.11,10,6,fail,F1 no enclosed cavity
arm4rep_s3004,d099,1,184,184,0,1,0,0.0,0.0,0.0,0,18.7,0.11,12,10,fail,F1 no enclosed cavity
arm4rep_s3004,d149,1,186,186,0,1,0,0.0,0.0,0.0,0,15.9,0.11,9,6,fail,F1 no enclosed cavity
arm4rep_s3004,d117,2,170,152,18,1,0,96.6,3.51,1337.1,4,15.8,0.11,2,1,PASS,
arm4rep_s3004,d103,1,169,169,0,1,0,67.2,3.4,1340.5,4,16.5,0.11,1,1,PASS,
arm4rep_s3004,d033,1,197,197,0,1,0,165.7,3.2,1207.8,1,18.2,0.11,11,8,fail,F4 HAB1 appendage
arm4rep_s3004,d089,1,170,170,0,1,0,114.5,3.39,1313.1,6,16.9,0.11,4,2,PASS,
arm4rep_s3004,d143,2,167,145,22,1,0,141.0,3.39,1266.8,1,15.6,0.11,2,1,PASS,
arm4rep_s3004,d132,1,196,196,0,1,0,0.0,0.0,0.0,0,18.2,0.11,28,8,fail,F1 no enclosed cavity
arm4rep_s3004,d106,1,175,175,0,1,0,151.4,3.39,1364.4,4,17.4,0.11,10,7,fail,F4 HAB1 appendage
arm4rep_s3004,d091,1,188,188,0,1,0,86.6,3.48,1348.2,2,17.9,0.11,10,4,PASS,
arm4rep_s3004,d113,1,175,175,0,1,0,21.2,2.44,674.5,10,17.4,0.11,20,20,fail,F2 envelope <= PYR1
arm4rep_s3004,d118,1,199,199,0,1,0,0.0,0.0,0.0,0,18.5,0.11,37,28,fail,F1 no enclosed cavity
arm4rep_s3004,d004,1,189,189,0,1,0,164.2,3.52,1381.1,6,18.9,0.11,11,4,PASS,
arm4rep_s3004,d076,1,182,182,0,1,0,115.3,3.47,1337.9,5,18.0,0.11,9,5,fail,F4 HAB1 appendage
arm4rep_s3004,d123,4,167,154,13,1,0,144.1,3.35,1346.9,5,16.4,0.11,2,1,PASS,
arm4rep_s3004,d121,3,191,168,23,1,0,83.4,3.35,1301.5,5,16.4,0.11,1,1,PASS,
arm4rep_s3004,d137,2,178,166,12,1,0,140.4,3.35,1419.0,1,17.9,0.11,11,7,fail,F4 HAB1 appendage
arm4rep_s3004,d128,1,162,162,0,1,0,164.4,3.34,1333.6,4,17.3,0.11,8,7,fail,F4 HAB1 appendage
arm4rep_s3004,d145,1,190,190,0,1,0,28.7,2.42,514.8,13,17.6,0.11,56,22,fail,F2 envelope <= PYR1
arm4rep_s3004,d016,1,191,191,0,1,0,119.9,3.15,1164.5,4,18.9,0.11,9,4,fail,F2 envelope <= PYR1
arm4rep_s3004,d105,1,189,189,0,1,0,30.9,2.45,891.2,11,19.4,0.11,33,20,fail,F2 envelope <= PYR1
arm4rep_s3004,d135,1,192,192,0,1,0,144.9,3.56,1309.0,2,17.7,0.11,14,7,fail,F4 HAB1 appendage
arm4rep_s3004,d112,1,185,185,0,1,0,68.3,3.15,1198.2,2,18.6,0.11,17,4,PASS,
arm1slack_s3001,d154,2,197,145,52,1,1,,,,,,,,,REJECT,F0 motif split across pieces
arm1slack_s3001,d161,2,200,165,35,1,1,,,,,,,,,REJECT,F0 motif split across pieces
arm1slack_s3001,d159,2,226,113,113,1,1,,,,,,,,,REJECT,F0 motif split across pieces
arm1slack_s3001,d189,4,221,161,60,1,1,,,,,,,,,REJECT,F0 motif split across pieces
arm1slack_s3001,d186,2,192,150,42,1,1,,,,,,,,,REJECT,F0 motif split across pieces
arm1slack_s3001,d158,3,199,122,77,1,1,,,,,,,,,REJECT,F0 motif split across pieces
arm1slack_s3001,d171,3,214,130,84,1,1,,,,,,,,,REJECT,F0 motif split across pieces
arm1slack_s3001,d168,2,211,171,40,1,1,,,,,,,,,REJECT,F0 motif split across pieces
arm1slack_s3001,d173,4,209,122,87,1,1,,,,,,,,,REJECT,F0 motif split across pieces
arm1slack_s3001,d194,5,192,131,61,1,1,,,,,,,,,REJECT,F0 motif split across pieces
arm1slack_s3001,d182,3,203,118,85,1,1,,,,,,,,,REJECT,F0 motif split across pieces
arm1slack_s3001,d211,2,197,114,83,1,1,,,,,,,,,REJECT,F0 motif split across pieces
arm1slack_s3001,d157,2,194,99,95,1,1,,,,,,,,,REJECT,F0 motif split across pieces
arm1slack_s3001,d184,3,200,130,70,1,1,,,,,,,,,REJECT,F0 motif split across pieces
arm1slack_s3001,d177,4,208,136,72,1,1,,,,,,,,,REJECT,F0 motif split across pieces
arm1slack_s3001,d151,2,192,152,40,1,1,,,,,,,,,REJECT,F0 motif split across pieces
arm1slack_s3001,d175,4,186,120,66,1,1,,,,,,,,,REJECT,F0 motif split across pieces
arm1slack_s3001,d193,2,205,105,100,1,1,,,,,,,,,REJECT,F0 motif split across pieces
arm1slack_s3001,d152,3,211,132,79,1,1,,,,,,,,,REJECT,F0 motif split across pieces
arm1slack_s3001,d205,2,208,170,38,1,1,,,,,,,,,REJECT,F0 motif split across pieces
arm1slack_s3001,d176,3,214,143,71,1,1,,,,,,,,,REJECT,F0 motif split across pieces
arm1slack_s3001,d179,3,198,132,66,1,1,,,,,,,,,REJECT,F0 motif split across pieces
arm1slack_s3001,d203,5,206,83,123,1,1,,,,,,,,,REJECT,F0 motif split across pieces
arm1slack_s3001,d192,5,216,82,134,1,1,,,,,,,,,REJECT,F0 motif split across pieces
arm1slack_s3001,d156,3,194,136,58,1,1,,,,,,,,,REJECT,F0 motif split across pieces
arm1slack_s3001,d199,3,212,104,108,1,1,,,,,,,,,REJECT,F0 motif split across pieces
arm1slack_s3001,d169,4,198,100,98,1,1,,,,,,,,,REJECT,F0 motif split across pieces
arm1slack_s3001,d207,2,200,127,73,1,1,,,,,,,,,REJECT,F0 motif split across pieces
arm1slack_s3001,d212,2,210,134,76,1,1,,,,,,,,,REJECT,F0 motif split across pieces
arm1slack_s3001,d180,3,209,131,78,1,1,,,,,,,,,REJECT,F0 motif split across pieces
arm1slack_s3001,d187,4,206,136,70,1,1,,,,,,,,,REJECT,F0 motif split across pieces
arm1slack_s3001,d201,4,184,121,63,1,1,,,,,,,,,REJECT,F0 motif split across pieces
arm1slack_s3001,d190,3,208,153,55,1,1,,,,,,,,,REJECT,F0 motif split across pieces
arm1slack_s3001,d210,2,200,167,33,1,1,,,,,,,,,REJECT,F0 motif split across pieces
arm1slack_s3001,d178,2,192,133,59,1,1,,,,,,,,,REJECT,F0 motif split across pieces
arm1slack_s3001,d174,3,197,85,112,1,1,,,,,,,,,REJECT,F0 motif split across pieces
arm1slack_s3001,d208,3,200,95,105,1,1,,,,,,,,,REJECT,F0 motif split across pieces
arm1slack_s3001,d164,2,204,141,63,1,1,,,,,,,,,REJECT,F0 motif split across pieces
arm1slack_s3001,d197,3,203,139,64,1,1,,,,,,,,,REJECT,F0 motif split across pieces
arm1slack_s3001,d213,3,193,135,58,1,1,,,,,,,,,REJECT,F0 motif split across pieces
arm1slack_s3001,d150,2,219,165,54,1,1,,,,,,,,,REJECT,F0 motif split across pieces
arm1slack_s3001,d206,3,194,127,67,1,1,,,,,,,,,REJECT,F0 motif split across pieces
arm1slack_s3001,d218,2,205,136,69,1,1,,,,,,,,,REJECT,F0 motif split across pieces
arm1slack_s3001,d221,2,204,156,48,1,1,,,,,,,,,REJECT,F0 motif split across pieces
arm1slack_s3001,d223,4,217,99,118,1,1,,,,,,,,,REJECT,F0 motif split across pieces
arm1slack_s3001,d215,2,193,146,47,1,1,,,,,,,,,REJECT,F0 motif split across pieces
arm1slack_s3001,d242,2,206,108,98,1,1,,,,,,,,,REJECT,F0 motif split across pieces
arm1slack_s3001,d239,4,201,101,100,1,1,,,,,,,,,REJECT,F0 motif split across pieces
arm1slack_s3001,d240,5,198,125,73,1,1,,,,,,,,,REJECT,F0 motif split across pieces
arm1slack_s3001,d238,3,201,154,47,1,1,,,,,,,,,REJECT,F0 motif split across pieces
arm1slack_s3001,d229,2,190,96,94,1,1,,,,,,,,,REJECT,F0 motif split across pieces
arm1slack_s3001,d241,5,212,140,72,1,1,,,,,,,,,REJECT,F0 motif split across pieces
arm1slack_s3001,d243,3,214,133,81,1,1,,,,,,,,,REJECT,F0 motif split across pieces
arm1slack_s3001,d230,3,198,128,70,1,1,,,,,,,,,REJECT,F0 motif split across pieces
arm1slack_s3001,d232,7,193,134,59,1,1,,,,,,,,,REJECT,F0 motif split across pieces
arm1slack_s3001,d252,3,208,103,105,1,1,,,,,,,,,REJECT,F0 motif split across pieces
arm1slack_s3001,d253,3,204,110,94,1,1,,,,,,,,,REJECT,F0 motif split across pieces
arm1slack_s3001,d246,3,202,138,64,1,1,,,,,,,,,REJECT,F0 motif split across pieces
arm1slack_s3001,d226,4,211,102,109,1,1,,,,,,,,,REJECT,F0 motif split across pieces
arm1slack_s3001,d237,3,198,112,86,1,1,,,,,,,,,REJECT,F0 motif split across pieces
arm1slack_s3001,d255,2,191,130,61,1,1,,,,,,,,,REJECT,F0 motif split across pieces
arm1slack_s3001,d224,2,200,115,85,1,1,,,,,,,,,REJECT,F0 motif split across pieces
arm1slack_s3001,d217,7,208,119,89,1,1,,,,,,,,,REJECT,F0 motif split across pieces
arm1slack_s3001,d245,3,182,133,49,1,1,,,,,,,,,REJECT,F0 motif split across pieces
arm1slack_s3001,d257,2,215,164,51,1,1,,,,,,,,,REJECT,F0 motif split across pieces
arm1slack_s3001,d216,4,208,91,117,1,1,,,,,,,,,REJECT,F0 motif split across pieces
arm4rep_s3004,d150,4,185,135,50,1,1,,,,,,,,,REJECT,F0 motif split across pieces
arm1slack_s3001,d234,5,219,132,87,1,1,,,,,,,,,REJECT,F0 motif split across pieces
arm4rep_s3004,d161,4,182,128,54,1,1,,,,,,,,,REJECT,F0 motif split across pieces
arm1slack_s3001,d235,2,202,115,87,1,1,,,,,,,,,REJECT,F0 motif split across pieces
arm1slack_s3001,d259,2,196,118,78,1,1,,,,,,,,,REJECT,F0 motif split across pieces
arm1slack_s3001,d258,3,222,109,113,1,1,,,,,,,,,REJECT,F0 motif split across pieces
arm4rep_s3004,d152,4,182,115,67,1,1,,,,,,,,,REJECT,F0 motif split across pieces
arm4rep_s3004,d167,5,188,120,68,1,1,,,,,,,,,REJECT,F0 motif split across pieces
arm4rep_s3004,d166,3,188,137,51,1,1,,,,,,,,,REJECT,F0 motif split across pieces
arm4rep_s3004,d160,3,184,126,58,1,1,,,,,,,,,REJECT,F0 motif split across pieces
arm4rep_s3004,d162,2,179,112,67,1,1,,,,,,,,,REJECT,F0 motif split across pieces
arm4rep_s3004,d175,7,186,130,56,1,1,,,,,,,,,REJECT,F0 motif split across pieces
arm4rep_s3004,d172,5,212,133,79,1,1,,,,,,,,,REJECT,F0 motif split across pieces
arm4rep_s3004,d164,4,183,142,41,1,1,,,,,,,,,REJECT,F0 motif split across pieces
arm4rep_s3004,d178,3,190,125,65,1,1,,,,,,,,,REJECT,F0 motif split across pieces
arm4rep_s3004,d171,2,184,148,36,1,1,,,,,,,,,REJECT,F0 motif split across pieces
arm4rep_s3004,d179,5,179,112,67,1,1,,,,,,,,,REJECT,F0 motif split across pieces
arm4rep_s3004,d180,2,177,134,43,1,1,,,,,,,,,REJECT,F0 motif split across pieces
arm4rep_s3004,d182,3,185,126,59,1,1,,,,,,,,,REJECT,F0 motif split across pieces
arm4rep_s3004,d176,3,179,162,17,1,0,0.0,0.0,0.0,0,14.1,0.11,1,1,fail,F1 no enclosed cavity
arm4rep_s3004,d157,1,183,183,0,1,0,0.0,0.0,0.0,0,15.3,0.11,24,12,fail,F1 no enclosed cavity
arm4rep_s3004,d151,2,185,164,21,1,0,0.0,0.0,0.0,0,14.0,0.11,4,2,fail,F1 no enclosed cavity
arm4rep_s3004,d187,2,198,177,21,1,0,0.0,0.0,0.0,0,16.7,0.11,2,1,fail,F1 no enclosed cavity
arm4rep_s3004,d169,3,176,158,18,1,0,294.8,3.38,1223.0,3,15.5,0.11,1,1,PASS,
arm4rep_s3004,d185,4,190,173,17,1,0,0.0,0.0,0.0,0,17.9,0.11,26,5,fail,F1 no enclosed cavity
arm4rep_s3004,d194,5,195,137,58,1,1,,,,,,,,,REJECT,F0 motif split across pieces
arm4rep_s3004,d177,1,176,176,0,1,0,0.0,0.0,0.0,0,14.9,0.11,25,7,fail,F1 no enclosed cavity
arm1slack_s3001,d202,1,209,209,0,1,0,0.0,0.0,0.0,0,18.8,0.11,55,24,fail,F1 no enclosed cavity
arm4rep_s3004,d197,3,186,124,62,1,1,,,,,,,,,REJECT,F0 motif split across pieces
arm4rep_s3004,d155,1,160,160,0,1,0,157.2,3.42,1215.4,2,15.8,0.11,1,1,PASS,
arm1slack_s3001,d209,4,208,190,18,1,0,0.0,0.0,0.0,0,16.8,0.11,29,10,fail,F1 no enclosed cavity
arm4rep_s3004,d163,1,173,173,0,1,0,0.0,0.0,0.0,0,15.2,0.11,9,5,fail,F1 no enclosed cavity
arm4rep_s3004,d200,2,184,123,61,1,1,,,,,,,,,REJECT,F0 motif split across pieces
arm4rep_s3004,d202,3,194,154,40,1,1,,,,,,,,,REJECT,F0 motif split across pieces
arm4rep_s3004,d188,1,165,165,0,1,0,122.7,3.41,1119.9,10,16.1,0.11,5,4,fail,F2 envelope <= PYR1
arm1slack_s3001,d162,1,192,192,0,1,0,0.0,0.0,0.0,0,17.2,0.11,48,17,fail,F1 no enclosed cavity
arm1slack_s3001,d250,2,198,179,19,1,0,0.0,0.0,0.0,0,17.7,0.11,28,26,fail,F1 no enclosed cavity
arm4rep_s3004,d193,1,184,184,0,1,0,0.0,0.0,0.0,0,15.4,0.11,3,1,fail,F1 no enclosed cavity
arm1slack_s3001,d244,1,190,190,0,1,0,0.0,0.0,0.0,0,19.6,0.11,54,29,fail,F1 no enclosed cavity
arm1slack_s3001,d153,1,195,195,0,1,0,0.0,0.0,0.0,0,16.0,0.11,23,11,fail,F1 no enclosed cavity
arm4rep_s3004,d189,1,184,184,0,1,0,0.0,0.0,0.0,0,17.7,0.11,18,4,fail,F1 no enclosed cavity
arm1slack_s3001,d198,1,205,205,0,1,0,0.0,0.0,0.0,0,21.0,0.11,63,25,fail,F1 no enclosed cavity
arm4rep_s3004,d181,1,183,183,0,1,0,0.0,0.0,0.0,0,16.5,0.11,5,2,fail,F1 no enclosed cavity
arm1slack_s3001,d196,1,205,205,0,1,0,0.0,0.0,0.0,0,21.1,0.11,60,19,fail,F1 no enclosed cavity
arm4rep_s3004,d204,1,167,167,0,1,0,0.0,0.0,0.0,0,16.0,0.11,4,1,fail,F1 no enclosed cavity
arm4rep_s3004,d214,5,185,126,59,1,1,,,,,,,,,REJECT,F0 motif split across pieces
arm1slack_s3001,d248,1,211,211,0,1,0,0.0,0.0,0.0,0,21.4,0.11,77,31,fail,F1 no enclosed cavity
arm1slack_s3001,d254,1,212,212,0,1,0,0.0,0.0,0.0,0,20.4,0.11,75,34,fail,F1 no enclosed cavity
arm4rep_s3004,d154,1,172,172,0,1,0,0.0,0.0,0.0,0,17.2,0.11,26,14,fail,F1 no enclosed cavity
arm1slack_s3001,d231,1,193,193,0,1,0,0.0,0.0,0.0,0,17.5,0.11,56,28,fail,F1 no enclosed cavity
arm4rep_s3004,d156,1,198,198,0,1,0,0.0,0.0,0.0,0,19.3,0.11,21,3,fail,F1 no enclosed cavity
arm1slack_s3001,d170,1,226,226,0,1,0,0.0,0.0,0.0,0,21.8,0.11,74,26,fail,F1 no enclosed cavity
arm4rep_s3004,d184,1,197,197,0,1,0,0.0,0.0,0.0,0,17.5,0.11,17,6,fail,F1 no enclosed cavity
arm4rep_s3004,d192,2,185,171,14,1,0,0.0,0.0,0.0,0,18.4,0.11,21,5,fail,F1 no enclosed cavity
arm4rep_s3004,d223,3,173,108,65,1,1,,,,,,,,,REJECT,F0 motif split across pieces
arm4rep_s3004,d195,1,166,166,0,1,0,0.0,0.0,0.0,0,17.7,0.11,29,25,fail,F1 no enclosed cavity
arm1slack_s3001,d228,1,202,202,0,1,0,0.0,0.0,0.0,0,17.2,0.11,62,31,fail,F1 no enclosed cavity
arm1slack_s3001,d163,1,194,194,0,1,0,0.0,0.0,0.0,0,20.4,0.11,57,29,fail,F1 no enclosed cavity
arm4rep_s3004,d199,1,195,195,0,1,0,0.0,0.0,0.0,0,18.7,0.11,41,27,fail,F1 no enclosed cavity
arm4rep_s3004,d211,2,179,165,14,1,0,0.0,0.0,0.0,0,15.5,0.11,19,4,fail,F1 no enclosed cavity
arm4rep_s3004,d168,1,188,188,0,1,0,0.0,0.0,0.0,0,17.7,0.11,56,27,fail,F1 no enclosed cavity
arm4rep_s3004,d210,1,180,180,0,1,0,0.0,0.0,0.0,0,16.0,0.11,22,8,fail,F1 no enclosed cavity
arm1slack_s3001,d247,1,194,194,0,1,0,0.0,0.0,0.0,0,17.8,0.11,49,30,fail,F1 no enclosed cavity
arm4rep_s3004,d158,1,181,181,0,1,0,0.0,0.0,0.0,0,17.3,0.11,29,24,fail,F1 no enclosed cavity
arm1slack_s3001,d225,1,221,221,0,1,0,0.0,0.0,0.0,0,18.6,0.11,50,17,fail,F1 no enclosed cavity
arm4rep_s3004,d234,2,197,137,60,1,1,,,,,,,,,REJECT,F0 motif split across pieces
arm4rep_s3004,d216,1,163,163,0,1,0,0.0,0.0,0.0,0,15.6,0.11,2,1,fail,F1 no enclosed cavity
arm4rep_s3004,d215,2,186,175,11,1,0,0.0,0.0,0.0,0,15.5,0.11,19,16,fail,F1 no enclosed cavity
arm4rep_s3004,d237,5,201,129,72,1,1,,,,,,,,,REJECT,F0 motif split across pieces
arm4rep_s3004,d224,4,190,170,20,1,0,0.0,0.0,0.0,0,14.5,0.11,4,3,fail,F1 no enclosed cavity
arm1slack_s3001,d222,4,203,189,14,1,0,0.0,0.0,0.0,0,17.8,0.11,53,29,fail,F1 no enclosed cavity
arm4rep_s3004,d239,3,190,126,64,1,1,,,,,,,,,REJECT,F0 motif split across pieces
arm4rep_s3004,d241,3,174,118,56,1,1,,,,,,,,,REJECT,F0 motif split across pieces
arm1slack_s3001,d188,1,207,207,0,1,0,0.0,0.0,0.0,0,18.6,0.11,52,29,fail,F1 no enclosed cavity
arm4rep_s3004,d243,2,177,97,80,1,1,,,,,,,,,REJECT,F0 motif split across pieces
arm4rep_s3004,d186,1,180,180,0,1,0,128.7,3.26,1254.6,1,16.3,0.11,1,1,PASS,
arm4rep_s3004,d221,1,172,172,0,1,0,0.0,0.0,0.0,0,16.4,0.11,46,20,fail,F1 no enclosed cavity
arm1slack_s3001,d183,1,196,196,0,1,0,0.0,0.0,0.0,0,19.2,0.11,56,30,fail,F1 no enclosed cavity
arm1slack_s3001,d249,1,213,213,0,1,0,0.0,0.0,0.0,0,20.0,0.11,72,14,fail,F1 no enclosed cavity
arm4rep_s3004,d248,5,196,135,61,1,1,,,,,,,,,REJECT,F0 motif split across pieces
arm4rep_s3004,d212,2,194,174,20,1,0,0.0,0.0,0.0,0,15.0,0.11,9,7,fail,F1 no enclosed cavity
arm4rep_s3004,d170,1,195,195,0,1,0,0.0,0.0,0.0,0,18.9,0.11,40,15,fail,F1 no enclosed cavity
arm4rep_s3004,d251,5,192,104,88,1,1,,,,,,,,,REJECT,F0 motif split across pieces
arm1slack_s3001,d181,1,188,188,0,1,0,0.0,0.0,0.0,0,18.2,0.11,49,18,fail,F1 no enclosed cavity
arm1slack_s3001,d220,1,199,199,0,1,0,0.0,0.0,0.0,0,19.0,0.11,55,27,fail,F1 no enclosed cavity
arm4rep_s3004,d207,1,162,162,0,1,0,119.9,3.14,1154.4,1,16.1,0.11,2,1,fail,F2 envelope <= PYR1
arm1slack_s3001,d256,3,190,187,3,1,0,0.0,0.0,0.0,0,18.5,0.11,51,31,fail,F1 no enclosed cavity
arm1slack_s3001,d204,1,214,214,0,1,0,0.0,0.0,0.0,0,20.9,0.11,72,26,fail,F1 no enclosed cavity
arm4rep_s3004,d201,1,177,177,0,1,0,0.0,0.0,0.0,0,16.9,0.11,33,12,fail,F1 no enclosed cavity
arm4rep_s3004,d206,1,183,183,0,1,0,0.0,0.0,0.0,0,18.0,0.11,35,26,fail,F1 no enclosed cavity
arm1slack_s3001,d233,1,201,201,0,1,0,0.0,0.0,0.0,0,19.9,0.11,40,29,fail,F1 no enclosed cavity
arm4rep_s3004,d203,3,181,159,22,1,0,107.6,3.38,1330.2,4,16.2,0.11,1,1,PASS,
arm4rep_s3004,d198,1,191,191,0,1,0,0.0,0.0,0.0,0,18.5,0.11,24,7,fail,F1 no enclosed cavity
arm4rep_s3004,d225,1,190,190,0,1,0,0.0,0.0,0.0,0,17.6,0.11,39,11,fail,F1 no enclosed cavity
arm1slack_s3001,d214,1,205,205,0,1,0,0.0,0.0,0.0,0,19.5,0.11,65,28,fail,F1 no enclosed cavity
arm1slack_s3001,d219,1,204,204,0,1,0,0.0,0.0,0.0,0,19.9,0.11,51,17,fail,F1 no enclosed cavity
arm4rep_s3004,d220,2,179,165,14,1,0,0.0,0.0,0.0,0,14.8,0.11,15,12,fail,F1 no enclosed cavity
arm4rep_s3004,d159,1,177,177,0,1,0,0.0,0.0,0.0,0,18.3,0.11,35,30,fail,F1 no enclosed cavity
arm4rep_s3004,d228,1,182,182,0,1,0,0.0,0.0,0.0,0,17.0,0.11,8,4,fail,F1 no enclosed cavity
arm1slack_s3001,d251,2,207,199,8,1,0,0.0,0.0,0.0,0,18.7,0.11,41,25,fail,F1 no enclosed cavity
arm1slack_s3001,d165,2,220,209,11,1,0,0.0,0.0,0.0,0,20.5,0.11,53,18,fail,F1 no enclosed cavity
arm4rep_s3004,d208,1,190,190,0,1,0,40.2,2.58,877.2,15,18.2,0.11,32,10,fail,F2 envelope <= PYR1
arm4rep_s3004,d217,1,183,183,0,1,0,0.0,0.0,0.0,0,18.3,0.11,39,32,fail,F1 no enclosed cavity
arm4rep_s3004,d218,2,173,165,8,1,0,0.0,0.0,0.0,0,15.6,0.11,6,5,fail,F1 no enclosed cavity
arm1slack_s3001,d195,1,208,208,0,1,0,0.0,0.0,0.0,0,20.7,0.11,76,18,fail,F1 no enclosed cavity
arm5long_s5001,d012,2,206,150,56,1,0,,,,,,,,,REJECT,F0 internal/large orphan
arm1slack_s3001,d155,1,192,192,0,1,0,0.0,0.0,0.0,0,21.1,0.11,29,9,fail,F1 no enclosed cavity
arm4rep_s3004,d174,1,170,170,0,1,0,49.5,2.55,935.1,8,16.0,0.11,1,1,fail,F2 envelope <= PYR1
arm4rep_s3004,d209,1,166,166,0,1,0,0.0,0.0,0.0,0,16.7,0.11,12,10,fail,F1 no enclosed cavity
arm1slack_s3001,d200,2,199,185,14,1,0,0.0,0.0,0.0,0,20.3,0.11,46,36,fail,F1 no enclosed cavity
arm4rep_s3004,d255,3,192,178,14,1,0,0.0,0.0,0.0,0,15.1,0.11,23,15,fail,F1 no enclosed cavity
arm4rep_s3004,d236,1,194,194,0,1,0,0.0,0.0,0.0,0,17.4,0.11,27,7,fail,F1 no enclosed cavity
arm1slack_s3001,d185,1,213,213,0,1,0,0.0,0.0,0.0,0,20.0,0.11,54,33,fail,F1 no enclosed cavity
arm1slack_s3001,d167,1,202,202,0,1,0,0.0,0.0,0.0,0,21.7,0.11,75,19,fail,F1 no enclosed cavity
arm4rep_s3004,d242,2,178,164,14,1,0,0.0,0.0,0.0,0,17.3,0.11,28,26,fail,F1 no enclosed cavity
arm4rep_s3004,d259,2,198,179,19,1,0,0.0,0.0,0.0,0,15.6,0.11,1,1,fail,F1 no enclosed cavity
arm1slack_s3001,d236,2,221,201,20,1,0,0.0,0.0,0.0,0,20.5,0.11,64,34,fail,F1 no enclosed cavity
arm1slack_s3001,d191,1,221,221,0,1,0,0.0,0.0,0.0,0,21.2,0.11,76,29,fail,F1 no enclosed cavity
arm4rep_s3004,d238,1,175,175,0,1,0,0.0,0.0,0.0,0,17.1,0.11,2,1,fail,F1 no enclosed cavity
arm4rep_s3004,d252,2,190,173,17,1,0,0.0,0.0,0.0,0,16.3,0.11,4,1,fail,F1 no enclosed cavity
arm1slack_s3001,d172,1,217,217,0,1,0,0.0,0.0,0.0,0,20.9,0.11,60,29,fail,F1 no enclosed cavity
arm4rep_s3004,d231,2,182,174,8,1,0,0.0,0.0,0.0,0,17.5,0.11,35,29,fail,F1 no enclosed cavity
arm1slack_s3001,d160,1,207,207,0,1,0,0.0,0.0,0.0,0,20.7,0.11,52,20,fail,F1 no enclosed cavity
arm4rep_s3004,d253,3,186,175,11,1,0,0.0,0.0,0.0,0,14.8,0.11,26,8,fail,F1 no enclosed cavity
arm4rep_s3004,d232,1,173,173,0,1,0,0.0,0.0,0.0,0,15.5,0.11,17,10,fail,F1 no enclosed cavity
arm4rep_s3004,d235,1,190,190,0,1,0,0.0,0.0,0.0,0,16.3,0.11,24,6,fail,F1 no enclosed cavity
arm4rep_s3004,d191,1,180,180,0,1,0,0.0,0.0,0.0,0,18.5,0.11,36,21,fail,F1 no enclosed cavity
arm4rep_s3004,d246,1,175,175,0,1,0,0.0,0.0,0.0,0,17.5,0.11,19,9,fail,F1 no enclosed cavity
arm4rep_s3004,d244,1,175,175,0,1,0,0.0,0.0,0.0,0,16.1,0.11,25,9,fail,F1 no enclosed cavity
arm5long_s5001,d037,2,219,175,44,1,0,,,,,,,,,REJECT,F0 internal/large orphan
arm4rep_s3004,d249,1,186,186,0,1,0,0.0,0.0,0.0,0,16.4,0.11,20,9,fail,F1 no enclosed cavity
arm1slack_s3001,d166,1,209,209,0,1,0,0.0,0.0,0.0,0,20.7,0.11,71,33,fail,F1 no enclosed cavity
arm1slack_s3001,d227,1,209,209,0,1,0,0.0,0.0,0.0,0,21.7,0.11,52,18,fail,F1 no enclosed cavity
arm4rep_s3004,d213,1,179,179,0,1,0,115.6,3.35,1339.9,7,17.0,0.11,5,4,PASS,
arm4rep_s3004,d240,1,174,174,0,1,0,0.0,0.0,0.0,0,17.5,0.11,29,26,fail,F1 no enclosed cavity
arm4rep_s3004,d205,1,175,175,0,1,0,0.0,0.0,0.0,0,19.0,0.11,14,3,fail,F1 no enclosed cavity
arm4rep_s3004,d254,1,193,193,0,1,0,0.0,0.0,0.0,0,16.3,0.11,33,17,fail,F1 no enclosed cavity
arm4rep_s3004,d258,1,172,172,0,1,0,0.0,0.0,0.0,0,15.5,0.11,28,16,fail,F1 no enclosed cavity
arm4rep_s3004,d229,1,182,182,0,1,0,0.0,0.0,0.0,0,17.6,0.11,3,1,fail,F1 no enclosed cavity
arm4rep_s3004,d222,1,186,186,0,1,0,84.7,3.47,1339.8,5,16.7,0.11,7,3,PASS,
arm4rep_s3004,d173,1,183,183,0,1,0,31.5,2.74,705.5,5,17.9,0.11,28,24,fail,F2 envelope <= PYR1
arm4rep_s3004,d260,1,172,172,0,1,0,69.1,3.47,1174.0,3,16.7,0.11,6,2,fail,F2 envelope <= PYR1
arm4rep_s3004,d233,1,185,185,0,1,0,0.0,0.0,0.0,0,18.2,0.11,12,8,fail,F1 no enclosed cavity
arm4rep_s3004,d153,1,189,189,0,1,0,97.4,3.17,1297.6,3,17.6,0.11,9,7,fail,F4 HAB1 appendage
arm4rep_s3004,d183,1,184,184,0,1,0,96.1,3.5,1326.6,8,19.5,0.11,14,4,PASS,
arm5long_s5001,d005,1,211,211,0,1,0,0.0,0.0,0.0,0,23.1,0.08,39,7,fail,F1 no enclosed cavity
arm4rep_s3004,d250,2,182,165,17,1,0,111.5,3.45,1312.8,5,15.3,0.11,1,1,PASS,
arm4rep_s3004,d257,3,187,166,21,1,0,115.8,3.3,1320.1,2,15.1,0.11,1,1,PASS,
arm4rep_s3004,d190,1,188,188,0,1,0,116.6,3.26,1325.2,4,18.5,0.11,13,8,fail,F4 HAB1 appendage
arm4rep_s3004,d245,1,180,180,0,1,0,158.5,3.48,1324.2,2,17.1,0.11,1,1,PASS,
arm5long_s5001,d014,1,219,219,0,1,0,0.0,0.0,0.0,0,22.3,0.08,63,12,fail,F1 no enclosed cavity
arm5long_s5001,d020,1,211,211,0,1,0,0.0,0.0,0.0,0,24.6,0.08,57,11,fail,F1 no enclosed cavity
arm4rep_s3004,d227,1,186,186,0,1,0,129.6,2.89,1138.4,5,16.5,0.11,16,11,fail,F2 envelope <= PYR1
arm5long_s5001,d015,1,195,195,0,1,0,0.0,0.0,0.0,0,24.6,0.08,40,21,fail,F1 no enclosed cavity
arm4rep_s3004,d226,1,187,187,0,1,0,25.3,2.53,823.8,16,16.6,0.11,8,2,fail,F2 envelope <= PYR1
arm5long_s5001,d011,1,225,225,0,1,0,0.0,0.0,0.0,0,24.9,0.08,48,11,fail,F1 no enclosed cavity
arm5long_s5001,d028,1,221,221,0,1,0,0.0,0.0,0.0,0,24.2,0.08,51,14,fail,F1 no enclosed cavity
arm5long_s5001,d036,1,210,210,0,1,0,0.0,0.0,0.0,0,24.3,0.08,48,8,fail,F1 no enclosed cavity
arm4rep_s3004,d247,1,194,194,0,1,0,0.0,0.0,0.0,0,18.4,0.11,46,27,fail,F1 no enclosed cavity
arm4rep_s3004,d165,1,193,193,0,1,0,106.7,3.42,1323.1,5,19.4,0.11,13,4,PASS,
arm5long_s5001,d000,1,222,222,0,1,0,0.0,0.0,0.0,0,22.9,0.08,64,16,fail,F1 no enclosed cavity
arm5long_s5001,d021,1,221,221,0,1,0,0.0,0.0,0.0,0,21.5,0.08,38,10,fail,F1 no enclosed cavity
arm4rep_s3004,d256,3,177,165,12,1,0,23.5,2.43,936.8,11,17.9,0.11,23,8,fail,F2 envelope <= PYR1
arm5long_s5001,d071,3,208,155,53,1,0,,,,,,,,,REJECT,F0 internal/large orphan
arm4rep_s3004,d230,1,187,187,0,1,0,40.0,2.53,796.5,6,17.8,0.11,13,10,fail,F2 envelope <= PYR1
arm5long_s5001,d054,1,210,210,0,1,0,0.0,0.0,0.0,0,23.2,0.08,59,17,fail,F1 no enclosed cavity
arm4rep_s3004,d219,1,182,182,0,1,0,80.1,3.39,1280.2,5,18.4,0.11,13,8,fail,F4 HAB1 appendage
arm5long_s5001,d001,1,218,218,0,1,0,0.0,0.0,0.0,0,23.5,0.08,55,16,fail,F1 no enclosed cavity
arm5long_s5001,d065,1,207,207,0,1,0,0.0,0.0,0.0,0,21.0,0.08,57,14,fail,F1 no enclosed cavity
arm5long_s5001,d050,1,206,206,0,1,0,0.0,0.0,0.0,0,24.1,0.08,39,12,fail,F1 no enclosed cavity
arm5long_s5001,d017,1,224,224,0,1,0,0.0,0.0,0.0,0,24.6,0.08,43,9,fail,F1 no enclosed cavity
arm5long_s5001,d064,1,227,227,0,1,0,0.0,0.0,0.0,0,22.0,0.08,54,6,fail,F1 no enclosed cavity
arm5long_s5001,d003,1,234,234,0,1,0,0.0,0.0,0.0,0,23.7,0.08,40,8,fail,F1 no enclosed cavity
arm5long_s5001,d018,1,239,239,0,1,0,0.0,0.0,0.0,0,23.8,0.08,57,15,fail,F1 no enclosed cavity
arm4rep_s3004,d196,1,194,194,0,1,0,220.8,3.23,1314.2,2,19.1,0.11,13,7,fail,F4 HAB1 appendage
arm5long_s5001,d038,1,222,222,0,1,0,0.0,0.0,0.0,0,21.8,0.08,58,13,fail,F1 no enclosed cavity
arm5long_s5001,d027,1,205,205,0,1,0,63.9,2.52,919.2,9,22.7,0.08,50,19,fail,F2 envelope <= PYR1
arm5long_s5001,d030,1,214,214,0,1,0,103.5,3.34,1264.1,2,22.9,0.08,65,18,fail,F4 HAB1 appendage
arm5long_s5001,d067,1,207,207,0,1,0,0.0,0.0,0.0,0,20.4,0.08,57,16,fail,F1 no enclosed cavity
arm5long_s5001,d019,1,215,215,0,1,0,67.8,3.33,1238.0,7,24.2,0.08,49,8,fail,F4 HAB1 appendage
arm5long_s5001,d006,1,242,242,0,1,0,0.0,0.0,0.0,0,24.8,0.08,59,20,fail,F1 no enclosed cavity
arm5long_s5001,d024,1,217,217,0,1,0,90.3,3.33,1252.1,5,24.2,0.08,41,10,fail,F4 HAB1 appendage
arm5long_s5001,d016,1,211,211,0,1,0,0.0,0.0,0.0,0,25.0,0.08,36,12,fail,F1 no enclosed cavity
arm5long_s5001,d033,1,229,229,0,1,0,0.0,0.0,0.0,0,26.7,0.08,52,20,fail,F1 no enclosed cavity
arm5long_s5001,d061,1,215,215,0,1,0,0.0,0.0,0.0,0,23.3,0.08,57,19,fail,F1 no enclosed cavity
arm5long_s5001,d034,1,229,229,0,1,0,0.0,0.0,0.0,0,25.4,0.08,44,22,fail,F1 no enclosed cavity
arm5long_s5001,d066,1,224,224,0,1,0,0.0,0.0,0.0,0,25.8,0.08,56,18,fail,F1 no enclosed cavity
arm5long_s5001,d095,3,228,178,50,1,0,,,,,,,,,REJECT,F0 internal/large orphan
arm5long_s5001,d046,1,208,208,0,1,0,0.0,0.0,0.0,0,24.1,0.08,49,15,fail,F1 no enclosed cavity
arm5long_s5001,d035,1,230,230,0,1,0,0.0,0.0,0.0,0,24.5,0.08,42,6,fail,F1 no enclosed cavity
arm5long_s5001,d039,1,238,238,0,1,0,0.0,0.0,0.0,0,26.2,0.08,57,19,fail,F1 no enclosed cavity
arm5long_s5001,d097,3,215,173,42,1,0,,,,,,,,,REJECT,F0 internal/large orphan
arm5long_s5001,d045,1,231,231,0,1,0,0.0,0.0,0.0,0,24.1,0.08,57,7,fail,F1 no enclosed cavity
arm5long_s5001,d044,1,225,225,0,1,0,0.0,0.0,0.0,0,25.3,0.08,50,9,fail,F1 no enclosed cavity
arm5long_s5001,d048,1,218,218,0,1,0,0.0,0.0,0.0,0,22.8,0.08,40,14,fail,F1 no enclosed cavity
arm5long_s5001,d042,1,201,201,0,1,0,81.2,3.15,1276.2,2,24.8,0.08,42,21,fail,F4 HAB1 appendage
arm5long_s5001,d056,1,212,212,0,1,0,0.0,0.0,0.0,0,22.9,0.08,58,43,fail,F1 no enclosed cavity
arm5long_s5001,d055,1,205,205,0,1,0,0.0,0.0,0.0,0,24.2,0.08,52,18,fail,F1 no enclosed cavity
arm5long_s5001,d082,1,219,219,0,1,0,0.0,0.0,0.0,0,23.0,0.08,58,10,fail,F1 no enclosed cavity
arm5long_s5001,d062,1,215,215,0,1,0,132.8,3.46,1222.5,2,22.9,0.08,43,10,fail,F4 HAB1 appendage
arm5long_s5001,d053,1,204,204,0,1,0,0.0,0.0,0.0,0,23.0,0.08,55,20,fail,F1 no enclosed cavity
arm5long_s5001,d057,1,200,200,0,1,0,0.0,0.0,0.0,0,25.3,0.08,48,17,fail,F1 no enclosed cavity
arm5long_s5001,d110,2,221,159,62,1,1,,,,,,,,,REJECT,F0 motif split across pieces
arm5long_s5001,d040,1,229,229,0,1,0,0.0,0.0,0.0,0,24.1,0.08,60,11,fail,F1 no enclosed cavity
arm5long_s5001,d077,1,222,222,0,1,0,0.0,0.0,0.0,0,24.0,0.08,48,9,fail,F1 no enclosed cavity
arm5long_s5001,d074,1,227,227,0,1,0,0.0,0.0,0.0,0,24.1,0.08,54,10,fail,F1 no enclosed cavity
arm5long_s5001,d068,1,212,212,0,1,0,0.0,0.0,0.0,0,24.3,0.08,50,12,fail,F1 no enclosed cavity
arm5long_s5001,d086,1,222,222,0,1,0,0.0,0.0,0.0,0,23.4,0.08,70,15,fail,F1 no enclosed cavity
arm5long_s5001,d009,1,202,202,0,1,0,0.0,0.0,0.0,0,27.8,0.08,32,18,fail,F1 no enclosed cavity
arm5long_s5001,d063,1,204,204,0,1,0,0.0,0.0,0.0,0,24.6,0.08,47,8,fail,F1 no enclosed cavity
arm5long_s5001,d049,1,216,216,0,1,0,101.3,3.46,1241.6,4,27.0,0.08,37,17,fail,F4 HAB1 appendage
arm5long_s5001,d002,1,224,224,0,1,0,78.0,3.5,1077.9,2,23.3,0.08,66,13,fail,F2 envelope <= PYR1
arm5long_s5001,d026,1,209,209,0,1,0,70.8,3.52,1282.4,5,22.1,0.08,50,18,fail,F4 HAB1 appendage
arm5long_s5001,d058,1,225,225,0,1,0,0.0,0.0,0.0,0,24.8,0.08,44,11,fail,F1 no enclosed cavity
arm5long_s5001,d080,1,245,245,0,1,0,0.0,0.0,0.0,0,27.6,0.08,46,20,fail,F1 no enclosed cavity
arm5long_s5001,d107,1,197,197,0,1,0,0.0,0.0,0.0,0,22.9,0.08,50,23,fail,F1 no enclosed cavity
arm5long_s5001,d013,1,208,208,0,1,0,135.9,3.45,1157.6,1,22.9,0.08,42,13,fail,F2 envelope <= PYR1
arm5long_s5001,d090,1,209,209,0,1,0,0.0,0.0,0.0,0,22.7,0.08,51,10,fail,F1 no enclosed cavity
arm5long_s5001,d111,1,225,225,0,1,0,0.0,0.0,0.0,0,22.2,0.08,56,17,fail,F1 no enclosed cavity
arm5long_s5001,d089,1,224,224,0,1,0,0.0,0.0,0.0,0,24.4,0.08,36,10,fail,F1 no enclosed cavity
arm5long_s5001,d069,1,214,214,0,1,0,0.0,0.0,0.0,0,24.7,0.08,64,22,fail,F1 no enclosed cavity
arm5long_s5001,d029,1,232,232,0,1,0,117.3,3.29,1262.5,3,22.4,0.08,46,17,fail,F4 HAB1 appendage
arm5long_s5001,d083,1,219,219,0,1,0,0.0,0.0,0.0,0,20.4,0.08,52,8,fail,F1 no enclosed cavity
arm5long_s5001,d059,1,232,232,0,1,0,143.9,3.49,1292.0,5,25.4,0.08,56,11,fail,F4 HAB1 appendage
arm5long_s5001,d094,1,218,218,0,1,0,0.0,0.0,0.0,0,22.3,0.08,45,10,fail,F1 no enclosed cavity
arm5long_s5001,d008,1,216,216,0,1,0,60.5,3.57,1163.6,5,24.0,0.08,48,15,fail,F2 envelope <= PYR1
arm5long_s5001,d022,1,216,216,0,1,0,188.1,3.42,1076.2,5,24.9,0.08,51,11,fail,F2 envelope <= PYR1
arm5long_s5001,d023,1,207,207,0,1,0,184.7,3.36,1263.8,4,25.2,0.08,39,3,fail,F6 Rg
arm5long_s5001,d084,1,185,185,0,1,0,0.0,0.0,0.0,0,25.1,0.08,31,11,fail,F1 no enclosed cavity
arm5long_s5001,d025,1,233,233,0,1,0,121.0,3.41,1260.8,4,24.9,0.08,66,10,fail,F4 HAB1 appendage
arm5long_s5001,d073,1,209,209,0,1,0,0.0,0.0,0.0,0,24.9,0.08,37,11,fail,F1 no enclosed cavity
arm5long_s5001,d072,1,193,193,0,1,0,73.2,3.2,1238.9,2,24.5,0.08,44,15,fail,F4 HAB1 appendage
arm5long_s5001,d075,1,218,218,0,1,0,0.0,0.0,0.0,0,24.9,0.08,45,14,fail,F1 no enclosed cavity
arm5long_s5001,d085,1,234,234,0,1,0,0.0,0.0,0.0,0,28.1,0.08,41,10,fail,F1 no enclosed cavity
arm5long_s5001,d076,1,197,197,0,1,0,0.0,0.0,0.0,0,26.2,0.08,43,21,fail,F1 no enclosed cavity
arm5long_s5001,d070,1,199,199,0,1,0,0.0,0.0,0.0,0,28.5,0.08,33,16,fail,F1 no enclosed cavity
arm5long_s5001,d081,1,213,213,0,1,0,0.0,0.0,0.0,0,24.8,0.08,51,14,fail,F1 no enclosed cavity
arm5long_s5001,d116,1,226,226,0,1,0,0.0,0.0,0.0,0,23.9,0.08,50,10,fail,F1 no enclosed cavity
arm5long_s5001,d007,1,219,219,0,1,0,225.7,3.35,1209.1,1,25.4,0.08,66,25,fail,F4 HAB1 appendage
arm5long_s5001,d010,1,220,220,0,1,0,78.0,3.37,1275.6,2,25.7,0.08,52,9,fail,F4 HAB1 appendage
arm5long_s5001,d099,1,223,223,0,1,0,0.0,0.0,0.0,0,22.6,0.08,75,16,fail,F1 no enclosed cavity
arm5long_s5001,d041,1,209,209,0,1,0,119.9,3.33,1254.2,7,23.6,0.08,42,8,fail,F4 HAB1 appendage
arm5long_s5001,d032,1,214,214,0,1,0,227.7,3.35,1204.2,5,22.4,0.08,53,16,fail,F4 HAB1 appendage
arm5long_s5001,d118,1,205,205,0,1,0,0.0,0.0,0.0,0,23.3,0.08,42,8,fail,F1 no enclosed cavity
arm5long_s5001,d102,1,215,215,0,1,0,0.0,0.0,0.0,0,24.3,0.08,54,12,fail,F1 no enclosed cavity
arm5long_s5001,d098,1,202,202,0,1,0,0.0,0.0,0.0,0,24.7,0.08,40,7,fail,F1 no enclosed cavity
arm5long_s5001,d051,1,198,198,0,1,0,84.9,3.45,1265.9,4,24.5,0.08,40,11,fail,F4 HAB1 appendage
arm5long_s5001,d120,1,215,215,0,1,0,0.0,0.0,0.0,0,23.7,0.08,57,17,fail,F1 no enclosed cavity
arm5long_s5001,d128,1,214,214,0,1,0,0.0,0.0,0.0,0,24.2,0.08,40,15,fail,F1 no enclosed cavity
arm5long_s5001,d146,1,224,224,0,1,0,0.0,0.0,0.0,0,22.2,0.08,48,9,fail,F1 no enclosed cavity
arm5long_s5001,d004,1,197,197,0,1,0,82.1,3.33,1289.0,2,26.0,0.08,29,6,fail,F4 HAB1 appendage
arm5long_s5001,d159,3,221,169,52,1,0,,,,,,,,,REJECT,F0 internal/large orphan
arm5long_s5001,d079,1,200,200,0,1,0,221.6,3.19,1063.6,3,25.0,0.08,51,19,fail,F2 envelope <= PYR1
arm5long_s5001,d087,1,216,216,0,1,0,167.4,3.17,1111.8,6,26.6,0.08,37,7,fail,F2 envelope <= PYR1
arm5long_s5001,d093,1,200,200,0,1,0,146.9,3.39,1166.8,3,24.0,0.08,63,23,fail,F2 envelope <= PYR1
arm5long_s5001,d052,1,196,196,0,1,0,75.4,3.51,1260.4,5,23.8,0.08,46,10,fail,F4 HAB1 appendage
arm5long_s5001,d104,1,219,219,0,1,0,174.5,3.25,1267.5,3,24.4,0.08,58,13,fail,F4 HAB1 appendage
arm5long_s5001,d112,1,232,232,0,1,0,0.0,0.0,0.0,0,24.1,0.08,69,10,fail,F1 no enclosed cavity
arm5long_s5001,d122,1,200,200,0,1,0,0.0,0.0,0.0,0,22.0,0.08,54,15,fail,F1 no enclosed cavity
arm5long_s5001,d138,1,207,207,0,1,0,0.0,0.0,0.0,0,23.5,0.08,45,9,fail,F1 no enclosed cavity
arm5long_s5001,d114,1,212,212,0,1,0,150.8,3.47,1201.0,6,24.3,0.08,61,20,fail,F4 HAB1 appendage
arm5long_s5001,d031,1,208,208,0,1,0,124.6,3.45,1259.0,9,25.7,0.08,51,16,fail,F4 HAB1 appendage
arm5long_s5001,d115,1,217,217,0,1,0,0.0,0.0,0.0,0,24.0,0.08,43,7,fail,F1 no enclosed cavity
arm5long_s5001,d100,1,227,227,0,1,0,0.0,0.0,0.0,0,24.9,0.08,43,12,fail,F1 no enclosed cavity
arm5long_s5001,d144,1,225,225,0,1,0,0.0,0.0,0.0,0,24.1,0.08,43,18,fail,F1 no enclosed cavity
arm5long_s5001,d113,1,237,237,0,1,0,0.0,0.0,0.0,0,23.8,0.08,54,9,fail,F1 no enclosed cavity
arm5long_s5001,d047,1,228,228,0,1,0,18.4,2.42,644.0,22,25.1,0.08,61,20,fail,F2 envelope <= PYR1
arm5long_s5001,d133,1,216,216,0,1,0,0.0,0.0,0.0,0,23.0,0.08,72,17,fail,F1 no enclosed cavity
arm5long_s5001,d124,1,215,215,0,1,0,0.0,0.0,0.0,0,27.1,0.08,29,10,fail,F1 no enclosed cavity
arm5long_s5001,d137,1,213,213,0,1,0,0.0,0.0,0.0,0,24.6,0.08,58,13,fail,F1 no enclosed cavity
arm5long_s5001,d141,1,224,224,0,1,0,0.0,0.0,0.0,0,21.7,0.08,57,10,fail,F1 no enclosed cavity
arm5long_s5001,d060,1,211,211,0,1,0,6.0,2.74,618.0,16,24.6,0.08,50,16,fail,F2 envelope <= PYR1
arm5long_s5001,d140,1,208,208,0,1,0,230.0,3.45,1173.2,4,23.4,0.08,53,15,fail,F2 envelope <= PYR1
arm5long_s5001,d088,1,201,201,0,1,0,199.8,3.35,1137.0,2,26.3,0.08,42,10,fail,F2 envelope <= PYR1
arm5long_s5001,d135,1,208,208,0,1,0,0.0,0.0,0.0,0,25.2,0.08,47,9,fail,F1 no enclosed cavity
arm5long_s5001,d043,1,235,235,0,1,0,80.8,3.41,1242.4,1,26.8,0.08,48,11,fail,F4 HAB1 appendage
arm5long_s5001,d136,1,212,212,0,1,0,125.5,3.36,1110.6,2,24.0,0.08,55,25,fail,F2 envelope <= PYR1
arm5long_s5001,d163,1,213,213,0,1,0,0.0,0.0,0.0,0,25.2,0.08,44,10,fail,F1 no enclosed cavity
arm5long_s5001,d161,1,224,224,0,1,0,0.0,0.0,0.0,0,26.0,0.08,67,11,fail,F1 no enclosed cavity
arm5long_s5001,d129,1,215,215,0,1,0,0.0,0.0,0.0,0,24.2,0.08,57,13,fail,F1 no enclosed cavity
arm5long_s5001,d130,1,216,216,0,1,0,0.0,0.0,0.0,0,24.5,0.08,63,11,fail,F1 no enclosed cavity
arm5long_s5001,d143,3,203,184,19,1,0,0.0,0.0,0.0,0,24.9,0.08,43,18,fail,F1 no enclosed cavity
arm5long_s5001,d092,1,225,225,0,1,0,66.7,3.26,1206.8,3,23.8,0.08,55,11,fail,F4 HAB1 appendage
arm5long_s5001,d123,1,205,205,0,1,0,121.8,3.21,1120.2,6,27.4,0.08,31,11,fail,F2 envelope <= PYR1
arm5long_s5001,d165,1,215,215,0,1,0,0.0,0.0,0.0,0,25.1,0.08,59,25,fail,F1 no enclosed cavity
arm5long_s5001,d105,2,220,208,12,1,0,53.1,3.05,1223.9,1,23.1,0.08,55,16,fail,F4 HAB1 appendage
arm5long_s5001,d119,1,217,217,0,1,0,92.2,3.39,1359.5,5,26.1,0.08,28,10,fail,F4 HAB1 appendage
arm5long_s5001,d131,1,204,204,0,1,0,0.0,0.0,0.0,0,25.8,0.08,48,17,fail,F1 no enclosed cavity
arm5long_s5001,d145,1,226,226,0,1,0,0.0,0.0,0.0,0,23.3,0.08,63,18,fail,F1 no enclosed cavity
arm5long_s5001,d177,1,215,215,0,1,0,0.0,0.0,0.0,0,23.6,0.08,56,13,fail,F1 no enclosed cavity
arm5long_s5001,d169,1,237,237,0,1,0,0.0,0.0,0.0,0,26.1,0.08,34,3,fail,F1 no enclosed cavity
arm5long_s5001,d168,1,200,200,0,1,0,20.1,2.42,558.5,14,22.7,0.08,43,10,fail,F2 envelope <= PYR1
arm5long_s5001,d142,1,229,229,0,1,0,96.3,3.49,1067.9,4,23.9,0.08,53,24,fail,F2 envelope <= PYR1
arm5long_s5001,d181,1,223,223,0,1,0,0.0,0.0,0.0,0,22.3,0.08,57,16,fail,F1 no enclosed cavity
arm5long_s5001,d148,1,212,212,0,1,0,109.5,3.34,1250.6,4,25.2,0.08,43,18,fail,F4 HAB1 appendage
arm5long_s5001,d121,1,188,188,0,1,0,84.2,3.52,1356.8,3,22.8,0.08,41,11,fail,F4 HAB1 appendage
arm5long_s5001,d153,1,230,230,0,1,0,0.0,0.0,0.0,0,23.0,0.08,53,11,fail,F1 no enclosed cavity
arm5long_s5001,d166,1,211,211,0,1,0,0.0,0.0,0.0,0,22.6,0.08,55,20,fail,F1 no enclosed cavity
arm5long_s5001,d171,1,228,228,0,1,0,0.0,0.0,0.0,0,22.9,0.08,57,10,fail,F1 no enclosed cavity
arm5long_s5001,d091,1,212,212,0,1,0,116.4,3.32,1247.0,5,24.9,0.08,39,13,fail,F4 HAB1 appendage
arm5long_s5001,d182,2,205,199,6,1,0,0.0,0.0,0.0,0,22.8,0.08,51,26,fail,F1 no enclosed cavity
arm5long_s5001,d150,1,206,206,0,1,0,0.0,0.0,0.0,0,24.6,0.08,31,11,fail,F1 no enclosed cavity
arm5long_s5001,d149,1,223,223,0,1,0,0.0,0.0,0.0,0,26.0,0.08,44,9,fail,F1 no enclosed cavity
arm5long_s5001,d152,1,211,211,0,1,0,117.9,3.44,1135.4,2,25.9,0.08,34,7,fail,F2 envelope <= PYR1
arm5long_s5001,d179,1,206,206,0,1,0,0.0,0.0,0.0,0,23.0,0.08,53,17,fail,F1 no enclosed cavity
arm5long_s5001,d186,1,218,218,0,1,0,0.0,0.0,0.0,0,24.7,0.08,46,18,fail,F1 no enclosed cavity
arm5long_s5001,d158,1,225,225,0,1,0,70.8,3.19,1259.6,4,25.1,0.08,44,10,fail,F4 HAB1 appendage
arm5long_s5001,d101,1,225,225,0,1,0,108.9,3.34,1257.5,4,24.8,0.08,61,24,fail,F4 HAB1 appendage
arm5long_s5001,d078,1,193,193,0,1,0,138.5,3.48,1367.2,6,23.9,0.08,32,7,fail,F4 HAB1 appendage
arm5long_s5001,d096,1,218,218,0,1,0,106.5,3.44,1330.8,3,25.2,0.08,42,9,fail,F4 HAB1 appendage
arm5long_s5001,d172,1,219,219,0,1,0,0.0,0.0,0.0,0,24.9,0.08,42,8,fail,F1 no enclosed cavity
arm5long_s5001,d201,1,198,198,0,1,0,0.0,0.0,0.0,0,24.5,0.08,49,22,fail,F1 no enclosed cavity
arm5long_s5001,d127,1,211,211,0,1,0,34.1,2.61,865.6,20,25.0,0.08,44,8,fail,F2 envelope <= PYR1
arm5long_s5001,d139,1,202,202,0,1,0,74.3,3.37,1118.4,5,23.9,0.08,36,16,fail,F2 envelope <= PYR1
arm5long_s5001,d106,1,202,202,0,1,0,121.4,3.42,1266.5,2,25.9,0.08,37,17,fail,F4 HAB1 appendage
arm5long_s5001,d157,1,207,207,0,1,0,63.1,2.93,1243.6,3,26.4,0.08,34,11,fail,F4 HAB1 appendage
arm5long_s5001,d203,1,213,213,0,1,0,0.0,0.0,0.0,0,23.1,0.08,44,13,fail,F1 no enclosed cavity
arm5long_s5001,d132,2,213,197,16,1,0,85.1,3.34,1222.0,4,25.6,0.08,42,16,fail,F4 HAB1 appendage
arm5long_s5001,d134,1,210,210,0,1,0,134.8,3.46,1286.8,4,23.2,0.08,53,18,fail,F4 HAB1 appendage
arm5long_s5001,d117,1,201,201,0,1,0,71.1,3.52,1100.0,4,23.8,0.08,42,18,fail,F2 envelope <= PYR1
arm5long_s5001,d170,1,199,199,0,1,0,0.0,0.0,0.0,0,27.0,0.08,36,6,fail,F1 no enclosed cavity
arm5long_s5001,d108,1,206,206,0,1,0,123.3,3.38,1251.6,6,25.5,0.08,41,10,fail,F4 HAB1 appendage
arm5long_s5001,d214,1,224,224,0,1,0,0.0,0.0,0.0,0,23.0,0.08,60,14,fail,F1 no enclosed cavity
arm5long_s5001,d184,1,226,226,0,1,0,0.0,0.0,0.0,0,26.3,0.08,37,13,fail,F1 no enclosed cavity
arm5long_s5001,d156,4,196,179,17,1,0,86.2,3.53,1226.2,4,22.3,0.08,35,10,fail,F4 HAB1 appendage
arm5long_s5001,d208,1,222,222,0,1,0,0.0,0.0,0.0,0,24.4,0.08,41,6,fail,F1 no enclosed cavity
arm5long_s5001,d207,1,204,204,0,1,0,0.0,0.0,0.0,0,21.4,0.08,53,14,fail,F1 no enclosed cavity
arm5long_s5001,d174,1,207,207,0,1,0,91.4,3.41,1272.2,3,23.7,0.08,34,8,fail,F4 HAB1 appendage
arm5long_s5001,d236,4,227,166,61,1,0,,,,,,,,,REJECT,F0 internal/large orphan
arm5long_s5001,d198,1,229,229,0,1,0,0.0,0.0,0.0,0,24.1,0.08,41,13,fail,F1 no enclosed cavity
arm5long_s5001,d189,1,232,232,0,1,0,0.0,0.0,0.0,0,25.0,0.08,45,8,fail,F1 no enclosed cavity
arm5long_s5001,d220,3,203,191,12,1,0,0.0,0.0,0.0,0,23.5,0.08,50,18,fail,F1 no enclosed cavity
arm5long_s5001,d197,1,222,222,0,1,0,0.0,0.0,0.0,0,23.4,0.08,51,7,fail,F1 no enclosed cavity
arm5long_s5001,d191,1,212,212,0,1,0,0.0,0.0,0.0,0,26.0,0.08,35,13,fail,F1 no enclosed cavity
arm5long_s5001,d217,1,201,201,0,1,0,0.0,0.0,0.0,0,25.2,0.08,41,8,fail,F1 no enclosed cavity
arm5long_s5001,d126,1,216,216,0,1,0,76.9,3.51,1283.8,3,26.5,0.08,43,11,fail,F4 HAB1 appendage
arm5long_s5001,d215,1,209,209,0,1,0,0.0,0.0,0.0,0,21.9,0.08,36,9,fail,F1 no enclosed cavity
arm5long_s5001,d221,1,218,218,0,1,0,0.0,0.0,0.0,0,23.7,0.08,45,11,fail,F1 no enclosed cavity
arm5long_s5001,d187,1,217,217,0,1,0,94.6,3.44,1053.6,4,24.5,0.08,41,11,fail,F2 envelope <= PYR1
arm5long_s5001,d213,1,222,222,0,1,0,0.0,0.0,0.0,0,24.4,0.08,74,17,fail,F1 no enclosed cavity
arm5long_s5001,d205,1,208,208,0,1,0,0.0,0.0,0.0,0,23.5,0.08,58,22,fail,F1 no enclosed cavity
arm5long_s5001,d249,3,215,172,43,1,0,,,,,,,,,REJECT,F0 internal/large orphan
arm5long_s5001,d195,2,194,188,6,1,0,146.0,3.14,1272.5,2,24.1,0.08,39,8,fail,F4 HAB1 appendage
arm5long_s5001,d183,1,217,217,0,1,0,0.0,0.0,0.0,0,23.8,0.08,64,22,fail,F1 no enclosed cavity
arm5long_s5001,d185,1,212,212,0,1,0,84.5,3.56,1203.1,3,22.5,0.08,63,18,fail,F4 HAB1 appendage
arm5long_s5001,d193,1,207,207,0,1,0,190.3,3.27,1288.1,3,24.2,0.08,46,20,fail,F4 HAB1 appendage
arm5long_s5001,d234,1,202,202,0,1,0,0.0,0.0,0.0,0,23.3,0.08,48,11,fail,F1 no enclosed cavity
arm5long_s5001,d125,1,216,216,0,1,0,194.6,3.44,1282.8,4,27.4,0.08,52,16,fail,F4 HAB1 appendage
arm5long_s5001,d155,1,207,207,0,1,0,103.5,3.52,1266.1,4,23.8,0.08,53,10,fail,F4 HAB1 appendage
arm5long_s5001,d210,1,207,207,0,1,0,0.0,0.0,0.0,0,22.7,0.08,47,24,fail,F1 no enclosed cavity
arm5long_s5001,d162,1,193,193,0,1,0,49.9,3.04,1352.8,1,27.8,0.08,25,9,fail,F4 HAB1 appendage
arm5long_s5001,d173,1,207,207,0,1,0,68.9,3.31,1269.0,4,27.8,0.08,35,29,fail,F4 HAB1 appendage
arm5long_s5001,d151,1,227,227,0,1,0,157.9,3.41,1111.1,2,23.7,0.08,45,21,fail,F2 envelope <= PYR1
arm5long_s5001,d235,1,224,224,0,1,0,0.0,0.0,0.0,0,19.7,0.08,45,13,fail,F1 no enclosed cavity
arm5long_s5001,d209,1,204,204,0,1,0,0.0,0.0,0.0,0,26.5,0.08,34,7,fail,F1 no enclosed cavity
arm5long_s5001,d240,1,207,207,0,1,0,0.0,0.0,0.0,0,22.4,0.08,51,12,fail,F1 no enclosed cavity
arm5long_s5001,d237,1,209,209,0,1,0,0.0,0.0,0.0,0,23.4,0.08,41,7,fail,F1 no enclosed cavity
arm5long_s5001,d206,1,229,229,0,1,0,0.0,0.0,0.0,0,23.8,0.08,55,21,fail,F1 no enclosed cavity
arm5long_s5001,d109,1,215,215,0,1,0,117.1,3.34,1053.6,2,27.6,0.08,38,13,fail,F2 envelope <= PYR1
arm5long_s5001,d212,4,209,187,22,1,0,92.4,3.45,1188.4,2,21.4,0.08,35,17,fail,F4 HAB1 appendage
arm5long_s5001,d154,1,201,201,0,1,0,210.6,3.44,1310.6,4,23.5,0.08,37,9,fail,F4 HAB1 appendage
arm5long_s5001,d229,1,199,199,0,1,0,0.0,0.0,0.0,0,24.2,0.08,53,13,fail,F1 no enclosed cavity
arm5long_s5001,d204,1,222,222,0,1,0,0.0,0.0,0.0,0,25.1,0.08,36,7,fail,F1 no enclosed cavity
arm5long_s5001,d227,1,218,218,0,1,0,0.0,0.0,0.0,0,22.8,0.08,59,13,fail,F1 no enclosed cavity
arm5long_s5001,d228,1,205,205,0,1,0,0.0,0.0,0.0,0,23.9,0.08,55,32,fail,F1 no enclosed cavity
arm5long_s5001,d200,1,213,213,0,1,0,125.9,3.41,1356.6,4,25.5,0.08,44,9,fail,F4 HAB1 appendage
arm5long_s5001,d247,1,221,221,0,1,0,0.0,0.0,0.0,0,22.3,0.08,60,10,fail,F1 no enclosed cavity
arm5long_s5001,d164,1,218,218,0,1,0,86.8,3.15,1108.8,4,27.2,0.08,58,18,fail,F2 envelope <= PYR1
arm5long_s5001,d246,1,226,226,0,1,0,0.0,0.0,0.0,0,24.4,0.08,35,10,fail,F1 no enclosed cavity
arm5long_s5001,d244,1,211,211,0,1,0,0.0,0.0,0.0,0,23.6,0.08,49,13,fail,F1 no enclosed cavity
arm5long_s5001,d248,1,197,197,0,1,0,0.0,0.0,0.0,0,26.3,0.08,40,12,fail,F1 no enclosed cavity
arm5long_s5001,d250,1,213,213,0,1,0,0.0,0.0,0.0,0,24.1,0.08,42,9,fail,F1 no enclosed cavity
arm5long_s5001,d147,1,220,220,0,1,0,160.5,3.27,1152.0,7,27.4,0.08,37,11,fail,F2 envelope <= PYR1
arm5long_s5001,d281,2,228,191,37,1,0,,,,,,,,,REJECT,F0 internal/large orphan
arm5long_s5001,d211,1,228,228,0,1,0,0.0,0.0,0.0,0,26.6,0.08,43,10,fail,F1 no enclosed cavity
arm5long_s5001,d223,1,229,229,0,1,0,0.0,0.0,0.0,0,24.1,0.08,61,16,fail,F1 no enclosed cavity
arm5long_s5001,d178,1,228,228,0,1,0,80.6,3.47,1245.1,4,25.3,0.08,66,14,fail,F4 HAB1 appendage
arm5long_s5001,d241,1,211,211,0,1,0,0.0,0.0,0.0,0,22.1,0.08,29,6,fail,F1 no enclosed cavity
arm5long_s5001,d180,1,199,199,0,1,0,151.2,3.24,1316.8,2,22.5,0.08,52,19,fail,F4 HAB1 appendage
arm5long_s5001,d196,1,229,229,0,1,0,69.1,3.09,1177.1,2,24.8,0.08,59,19,fail,F2 envelope <= PYR1
arm5long_s5001,d255,1,222,222,0,1,0,0.0,0.0,0.0,0,27.4,0.08,51,19,fail,F1 no enclosed cavity
arm5long_s5001,d226,1,220,220,0,1,0,0.0,0.0,0.0,0,28.6,0.08,36,16,fail,F1 no enclosed cavity
arm5long_s5001,d225,1,205,205,0,1,0,27.2,2.75,615.6,14,22.8,0.08,52,14,fail,F2 envelope <= PYR1
arm5long_s5001,d233,1,231,231,0,1,0,0.0,0.0,0.0,0,24.0,0.08,48,8,fail,F1 no enclosed cavity
arm5long_s5001,d260,1,212,212,0,1,0,0.0,0.0,0.0,0,24.3,0.08,51,18,fail,F1 no enclosed cavity
arm5long_s5001,d238,3,214,197,17,1,0,65.4,3.33,1254.6,2,24.8,0.08,28,8,fail,F4 HAB1 appendage
arm5long_s5001,d199,1,197,197,0,1,0,202.4,3.48,1182.2,6,27.9,0.08,25,12,fail,F2 envelope <= PYR1
arm5long_s5001,d239,1,215,215,0,1,0,0.0,0.0,0.0,0,24.0,0.08,35,17,fail,F1 no enclosed cavity
arm5long_s5001,d167,1,207,207,0,1,0,202.4,3.46,1213.8,5,23.6,0.08,40,17,fail,F4 HAB1 appendage
arm5long_s5001,d242,1,219,219,0,1,0,0.0,0.0,0.0,0,24.2,0.08,35,9,fail,F1 no enclosed cavity
arm5long_s5001,d175,1,216,216,0,1,0,71.7,3.3,1251.9,8,26.5,0.08,45,18,fail,F4 HAB1 appendage
arm5long_s5001,d176,1,229,229,0,1,0,80.1,3.29,1248.8,6,27.1,0.08,51,19,fail,F4 HAB1 appendage
arm5long_s5001,d265,1,203,203,0,1,0,0.0,0.0,0.0,0,24.5,0.08,34,10,fail,F1 no enclosed cavity
arm5long_s5001,d264,1,217,217,0,1,0,0.0,0.0,0.0,0,24.3,0.08,55,10,fail,F1 no enclosed cavity
arm5long_s5001,d275,1,215,215,0,1,0,0.0,0.0,0.0,0,22.9,0.08,44,12,fail,F1 no enclosed cavity
arm5long_s5001,d222,1,210,210,0,1,0,96.6,3.39,1144.9,1,23.4,0.08,63,19,fail,F2 envelope <= PYR1
arm5long_s5001,d304,2,223,120,103,1,1,,,,,,,,,REJECT,F0 motif split across pieces
arm5long_s5001,d194,1,217,217,0,1,0,193.5,3.41,1170.4,2,24.1,0.08,58,20,fail,F2 envelope <= PYR1
arm5long_s5001,d270,1,207,207,0,1,0,0.0,0.0,0.0,0,24.0,0.08,43,13,fail,F1 no enclosed cavity
arm5long_s5001,d263,1,204,204,0,1,0,0.0,0.0,0.0,0,22.6,0.08,38,9,fail,F1 no enclosed cavity
arm5long_s5001,d160,1,209,209,0,1,0,102.6,3.41,1343.2,6,29.6,0.08,30,18,fail,F4 HAB1 appendage
arm5long_s5001,d253,1,204,204,0,1,0,109.9,3.35,1176.4,6,23.5,0.08,45,8,fail,F2 envelope <= PYR1
arm5long_s5001,d280,1,216,216,0,1,0,0.0,0.0,0.0,0,24.8,0.08,50,11,fail,F1 no enclosed cavity
arm5long_s5001,d311,2,219,172,47,1,0,,,,,,,,,REJECT,F0 internal/large orphan
arm5long_s5001,d202,1,209,209,0,1,0,86.8,3.16,1233.2,2,25.4,0.08,32,15,fail,F4 HAB1 appendage
arm5long_s5001,d267,1,213,213,0,1,0,141.5,3.41,1266.4,6,21.4,0.08,43,8,fail,F4 HAB1 appendage
arm5long_s5001,d188,1,212,212,0,1,0,122.9,3.45,1359.6,5,23.7,0.08,43,11,fail,F4 HAB1 appendage
arm5long_s5001,d257,1,205,205,0,1,0,0.0,0.0,0.0,0,23.3,0.08,44,15,fail,F1 no enclosed cavity
arm5long_s5001,d252,1,200,200,0,1,0,0.0,0.0,0.0,0,25.2,0.08,47,11,fail,F1 no enclosed cavity
arm5long_s5001,d103,1,214,214,0,1,0,156.4,3.51,1291.1,4,25.8,0.08,57,21,fail,F4 HAB1 appendage
arm5long_s5001,d262,1,215,215,0,1,0,0.0,0.0,0.0,0,23.8,0.08,47,7,fail,F1 no enclosed cavity
arm5long_s5001,d261,1,209,209,0,1,0,0.0,0.0,0.0,0,25.0,0.08,47,12,fail,F1 no enclosed cavity
arm5long_s5001,d218,1,192,192,0,1,0,141.5,3.25,1218.2,4,23.4,0.08,43,17,fail,F4 HAB1 appendage
arm5long_s5001,d258,1,213,213,0,1,0,0.0,0.0,0.0,0,23.8,0.08,52,11,fail,F1 no enclosed cavity
arm5long_s5001,d302,1,211,211,0,1,0,0.0,0.0,0.0,0,20.7,0.08,59,12,fail,F1 no enclosed cavity
arm5long_s5001,d276,1,207,207,0,1,0,0.0,0.0,0.0,0,23.2,0.08,63,14,fail,F1 no enclosed cavity
arm5long_s5001,d256,1,215,215,0,1,0,0.0,0.0,0.0,0,24.4,0.08,58,19,fail,F1 no enclosed cavity
arm5long_s5001,d277,1,215,215,0,1,0,0.0,0.0,0.0,0,23.9,0.08,67,17,fail,F1 no enclosed cavity
arm5long_s5001,d224,1,213,213,0,1,0,133.1,3.56,1032.1,2,26.0,0.08,48,7,fail,F2 envelope <= PYR1
arm5long_s5001,d274,1,221,221,0,1,0,0.0,0.0,0.0,0,25.6,0.08,58,19,fail,F1 no enclosed cavity
arm5long_s5001,d297,1,198,198,0,1,0,0.0,0.0,0.0,0,23.8,0.08,54,23,fail,F1 no enclosed cavity
arm5long_s5001,d287,1,187,187,0,1,0,0.0,0.0,0.0,0,22.3,0.08,44,17,fail,F1 no enclosed cavity
arm5long_s5001,d259,1,222,222,0,1,0,0.0,0.0,0.0,0,26.1,0.08,44,12,fail,F1 no enclosed cavity
arm5long_s5001,d293,1,214,214,0,1,0,0.0,0.0,0.0,0,24.4,0.08,55,20,fail,F1 no enclosed cavity
arm5long_s5001,d271,1,201,201,0,1,0,0.0,0.0,0.0,0,24.6,0.08,49,26,fail,F1 no enclosed cavity
arm5long_s5001,d219,1,227,227,0,1,0,101.7,3.38,1258.8,4,23.6,0.08,42,17,fail,F4 HAB1 appendage
arm5long_s5001,d303,1,223,223,0,1,0,0.0,0.0,0.0,0,23.2,0.08,56,18,fail,F1 no enclosed cavity
arm5long_s5001,d190,1,219,219,0,1,0,66.7,3.24,1207.2,7,24.8,0.08,54,11,fail,F4 HAB1 appendage
arm5long_s5001,d231,1,213,213,0,1,0,89.2,3.52,1206.1,7,23.7,0.08,62,37,fail,F4 HAB1 appendage
arm5long_s5001,d254,1,200,200,0,1,0,60.5,3.37,1250.6,3,25.0,0.08,54,18,fail,F4 HAB1 appendage
arm5long_s5001,d282,1,212,212,0,1,0,0.0,0.0,0.0,0,22.3,0.08,34,10,fail,F1 no enclosed cavity
arm5long_s5001,d272,1,224,224,0,1,0,0.0,0.0,0.0,0,25.0,0.08,48,16,fail,F1 no enclosed cavity
arm5long_s5001,d192,1,222,222,0,1,0,112.3,3.49,1031.2,5,24.4,0.08,54,15,fail,F2 envelope <= PYR1
arm5long_s5001,d232,1,195,195,0,1,0,66.5,3.18,1227.8,4,24.1,0.08,42,25,fail,F4 HAB1 appendage
arm5long_s5001,d269,1,207,207,0,1,0,0.0,0.0,0.0,0,26.4,0.08,40,5,fail,F1 no enclosed cavity
arm5long_s5001,d306,1,220,220,0,1,0,0.0,0.0,0.0,0,21.6,0.08,57,18,fail,F1 no enclosed cavity
arm5long_s5001,d243,1,224,224,0,1,0,0.0,0.0,0.0,0,25.8,0.08,36,9,fail,F1 no enclosed cavity
arm5long_s5001,d345,2,216,116,100,1,1,,,,,,,,,REJECT,F0 motif split across pieces
arm5long_s5001,d329,1,219,219,0,1,0,0.0,0.0,0.0,0,22.2,0.08,47,19,fail,F1 no enclosed cavity
arm5long_s5001,d294,1,210,210,0,1,0,185.1,3.2,1209.1,4,22.2,0.08,53,15,fail,F4 HAB1 appendage
arm5long_s5001,d296,1,228,228,0,1,0,0.0,0.0,0.0,0,22.8,0.08,66,17,fail,F1 no enclosed cavity
arm5long_s5001,d279,1,216,216,0,1,0,154.0,3.41,1032.5,2,26.3,0.08,64,12,fail,F2 envelope <= PYR1
arm5long_s5001,d278,1,195,195,0,1,0,0.0,0.0,0.0,0,26.2,0.08,39,10,fail,F1 no enclosed cavity
arm5long_s5001,d216,1,209,209,0,1,0,89.9,3.35,1239.1,5,24.7,0.08,40,10,fail,F4 HAB1 appendage
arm5long_s5001,d284,1,211,211,0,1,0,0.0,0.0,0.0,0,26.0,0.08,40,7,fail,F1 no enclosed cavity
arm5long_s5001,d323,1,238,238,0,1,0,0.0,0.0,0.0,0,24.8,0.08,56,8,fail,F1 no enclosed cavity
arm5long_s5001,d322,1,215,215,0,1,0,0.0,0.0,0.0,0,20.5,0.08,49,12,fail,F1 no enclosed cavity
arm5long_s5001,d292,1,212,212,0,1,0,0.0,0.0,0.0,0,26.7,0.08,38,7,fail,F1 no enclosed cavity
arm5long_s5001,d326,1,223,223,0,1,0,0.0,0.0,0.0,0,24.6,0.08,58,12,fail,F1 no enclosed cavity
arm5long_s5001,d357,2,205,163,42,1,0,,,,,,,,,REJECT,F0 internal/large orphan
arm5long_s5001,d312,1,205,205,0,1,0,79.5,3.57,1238.6,4,23.1,0.08,31,20,fail,F4 HAB1 appendage
arm5long_s5001,d291,1,218,218,0,1,0,177.3,3.49,1287.8,3,23.9,0.08,52,17,fail,F4 HAB1 appendage
arm5long_s5001,d328,1,221,221,0,1,0,0.0,0.0,0.0,0,21.8,0.08,54,15,fail,F1 no enclosed cavity
arm5long_s5001,d305,1,207,207,0,1,0,0.0,0.0,0.0,0,22.9,0.08,54,8,fail,F1 no enclosed cavity
arm5long_s5001,d310,1,201,201,0,1,0,174.5,3.5,1073.6,6,23.6,0.08,40,7,fail,F2 envelope <= PYR1
arm5long_s5001,d289,1,213,213,0,1,0,97.0,3.38,1201.8,1,28.8,0.08,32,8,fail,F4 HAB1 appendage
arm5long_s5001,d299,1,216,216,0,1,0,114.0,3.13,1250.2,3,23.5,0.08,50,13,fail,F4 HAB1 appendage
arm5long_s5001,d332,1,220,220,0,1,0,0.0,0.0,0.0,0,27.4,0.08,31,18,fail,F1 no enclosed cavity
arm5long_s5001,d230,1,205,205,0,1,0,113.0,3.22,1266.4,4,24.8,0.08,43,23,fail,F4 HAB1 appendage
arm5long_s5001,d298,1,212,212,0,1,0,108.4,3.28,1281.8,3,25.2,0.08,48,16,fail,F4 HAB1 appendage
arm5long_s5001,d288,1,212,212,0,1,0,144.9,3.41,1284.0,4,25.7,0.08,53,10,fail,F4 HAB1 appendage
arm5long_s5001,d320,1,221,221,0,1,0,0.0,0.0,0.0,0,24.9,0.08,42,9,fail,F1 no enclosed cavity
arm5long_s5001,d347,1,224,224,0,1,0,0.0,0.0,0.0,0,24.6,0.08,44,14,fail,F1 no enclosed cavity
arm5long_s5001,d245,1,203,203,0,1,0,210.2,3.53,1132.9,3,26.6,0.08,47,16,fail,F2 envelope <= PYR1
arm5long_s5001,d339,1,217,217,0,1,0,0.0,0.0,0.0,0,22.8,0.08,57,8,fail,F1 no enclosed cavity
arm5long_s5001,d316,1,234,234,0,1,0,0.0,0.0,0.0,0,25.6,0.08,69,13,fail,F1 no enclosed cavity
arm5long_s5001,d327,1,225,225,0,1,0,0.0,0.0,0.0,0,23.6,0.08,51,11,fail,F1 no enclosed cavity
arm5long_s5001,d273,1,218,218,0,1,0,0.0,0.0,0.0,0,29.2,0.08,18,10,fail,F1 no enclosed cavity
arm5long_s5001,d338,1,206,206,0,1,0,132.2,3.37,1248.4,3,23.6,0.08,45,17,fail,F4 HAB1 appendage
arm5long_s5001,d308,1,221,221,0,1,0,93.5,3.51,1287.6,4,26.6,0.08,48,11,fail,F4 HAB1 appendage
arm5long_s5001,d315,1,198,198,0,1,0,0.0,0.0,0.0,0,25.1,0.08,30,3,fail,F1 no enclosed cavity
arm5long_s5001,d290,1,202,202,0,1,0,50.1,3.03,1227.4,4,23.3,0.08,50,19,fail,F4 HAB1 appendage
arm5long_s5001,d319,1,224,224,0,1,0,0.0,0.0,0.0,0,23.3,0.08,59,13,fail,F1 no enclosed cavity
arm5long_s5001,d313,1,218,218,0,1,0,179.9,3.28,1159.9,1,22.6,0.08,51,17,fail,F2 envelope <= PYR1
arm5long_s5001,d318,1,228,228,0,1,0,0.0,0.0,0.0,0,27.2,0.08,50,7,fail,F1 no enclosed cavity
arm5long_s5001,d251,1,209,209,0,1,0,64.6,3.4,1055.4,2,28.3,0.08,32,10,fail,F2 envelope <= PYR1
arm5long_s5001,d349,1,228,228,0,1,0,0.0,0.0,0.0,0,23.4,0.08,56,12,fail,F1 no enclosed cavity
arm5long_s5001,d300,1,209,209,0,1,0,97.8,3.27,1346.5,4,23.0,0.08,54,15,fail,F4 HAB1 appendage
arm5long_s5001,d360,1,223,223,0,1,0,0.0,0.0,0.0,0,24.2,0.08,58,13,fail,F1 no enclosed cavity
arm5long_s5001,d348,1,213,213,0,1,0,135.0,3.26,1268.9,5,24.7,0.08,71,25,fail,F4 HAB1 appendage
arm5long_s5001,d340,1,223,223,0,1,0,0.0,0.0,0.0,0,24.1,0.08,51,19,fail,F1 no enclosed cavity
arm5long_s5001,d335,1,211,211,0,1,0,80.6,3.31,1241.1,3,23.6,0.08,59,12,fail,F4 HAB1 appendage
arm5long_s5001,d333,1,212,212,0,1,0,0.0,0.0,0.0,0,28.0,0.08,36,6,fail,F1 no enclosed cavity
arm5long_s5001,d331,1,224,224,0,1,0,0.0,0.0,0.0,0,27.2,0.08,36,8,fail,F1 no enclosed cavity
arm5long_s5001,d301,1,205,205,0,1,0,185.5,3.26,1247.4,5,24.1,0.08,40,7,fail,F4 HAB1 appendage
arm5long_s5001,d286,1,210,210,0,1,0,112.8,3.41,1237.8,4,22.7,0.08,42,5,fail,F4 HAB1 appendage
arm5long_s5001,d295,1,220,220,0,1,0,44.1,3.16,1289.5,4,24.7,0.08,40,13,fail,F4 HAB1 appendage
arm5long_s5001,d266,1,208,208,0,1,0,159.2,3.53,1047.9,2,23.5,0.08,38,13,fail,F2 envelope <= PYR1
arm5long_s5001,d351,1,223,223,0,1,0,0.0,0.0,0.0,0,24.0,0.08,59,10,fail,F1 no enclosed cavity
arm5long_s5001,d377,1,219,219,0,1,0,0.0,0.0,0.0,0,22.1,0.08,60,10,fail,F1 no enclosed cavity
arm5long_s5001,d367,1,222,222,0,1,0,0.0,0.0,0.0,0,21.2,0.08,58,9,fail,F1 no enclosed cavity
arm5long_s5001,d285,1,224,224,0,1,0,181.2,3.47,1166.2,3,29.7,0.08,35,10,fail,F2 envelope <= PYR1
arm5long_s5001,d378,1,215,215,0,1,0,0.0,0.0,0.0,0,23.7,0.08,47,25,fail,F1 no enclosed cavity
arm5long_s5001,d385,1,223,223,0,1,0,0.0,0.0,0.0,0,22.4,0.08,64,10,fail,F1 no enclosed cavity
arm5long_s5001,d268,1,213,213,0,1,0,138.7,3.39,1248.6,3,26.2,0.08,36,11,fail,F4 HAB1 appendage
arm5long_s5001,d309,1,218,218,0,1,0,65.9,3.13,1354.1,3,23.8,0.08,55,13,fail,F4 HAB1 appendage
arm5long_s5001,d352,1,203,203,0,1,0,0.0,0.0,0.0,0,24.7,0.08,48,9,fail,F1 no enclosed cavity
arm5long_s5001,d317,1,220,220,0,1,0,89.2,3.43,1144.1,4,24.1,0.08,52,13,fail,F2 envelope <= PYR1
arm5long_s5001,d350,1,219,219,0,1,0,123.1,3.49,1214.4,4,26.9,0.08,31,5,fail,F4 HAB1 appendage
arm5long_s5001,d407,3,217,168,49,1,0,,,,,,,,,REJECT,F0 internal/large orphan
arm5long_s5001,d358,1,224,224,0,1,0,0.0,0.0,0.0,0,24.1,0.08,40,6,fail,F1 no enclosed cavity
arm5long_s5001,d330,1,203,203,0,1,0,77.5,3.39,1118.4,3,23.0,0.08,46,10,fail,F2 envelope <= PYR1
arm5long_s5001,d359,1,217,217,0,1,0,183.8,3.29,1064.6,1,25.9,0.08,51,8,fail,F2 envelope <= PYR1
arm5long_s5001,d365,1,195,195,0,1,0,0.0,0.0,0.0,0,22.8,0.08,50,12,fail,F1 no enclosed cavity
arm5long_s5001,d412,2,218,167,51,1,0,,,,,,,,,REJECT,F0 internal/large orphan
arm5long_s5001,d388,1,214,214,0,1,0,0.0,0.0,0.0,0,24.6,0.08,40,19,fail,F1 no enclosed cavity
arm5long_s5001,d380,1,223,223,0,1,0,0.0,0.0,0.0,0,23.0,0.08,62,15,fail,F1 no enclosed cavity
arm5long_s5001,d307,1,205,205,0,1,0,47.7,3.11,1267.6,4,23.0,0.08,37,14,fail,F4 HAB1 appendage
arm5long_s5001,d283,1,214,214,0,1,0,109.3,3.4,1207.0,4,25.2,0.08,33,10,fail,F4 HAB1 appendage
arm5long_s5001,d387,2,235,224,11,1,0,0.0,0.0,0.0,0,24.6,0.08,45,20,fail,F1 no enclosed cavity
arm5long_s5001,d386,1,209,209,0,1,0,0.0,0.0,0.0,0,22.1,0.08,55,19,fail,F1 no enclosed cavity
arm5long_s5001,d354,1,191,191,0,1,0,57.0,3.22,1236.2,5,25.1,0.08,30,8,fail,F4 HAB1 appendage
arm5long_s5001,d334,1,203,203,0,1,0,168.9,3.3,1167.6,1,23.7,0.08,31,8,fail,F2 envelope <= PYR1
arm5long_s5001,d364,1,210,210,0,1,0,58.8,3.37,1271.8,4,24.0,0.08,47,19,fail,F4 HAB1 appendage
arm5long_s5001,d422,2,218,192,26,1,0,,,,,,,,,REJECT,F0 internal/large orphan
arm5long_s5001,d362,1,214,214,0,1,0,122.3,3.4,1338.8,5,25.2,0.08,52,18,fail,F4 HAB1 appendage
arm5long_s5001,d376,1,200,200,0,1,0,0.0,0.0,0.0,0,24.2,0.08,43,11,fail,F1 no enclosed cavity
arm5long_s5001,d337,1,207,207,0,1,0,0.0,0.0,0.0,0,25.1,0.08,43,9,fail,F1 no enclosed cavity
arm5long_s5001,d324,1,205,205,0,1,0,135.2,3.47,1229.8,6,25.0,0.08,56,13,fail,F4 HAB1 appendage
arm5long_s5001,d427,2,224,197,27,1,0,,,,,,,,,REJECT,F0 internal/large orphan
arm5long_s5001,d401,1,231,231,0,1,0,0.0,0.0,0.0,0,23.9,0.08,44,15,fail,F1 no enclosed cavity
arm5long_s5001,d396,1,204,204,0,1,0,0.0,0.0,0.0,0,22.1,0.08,45,10,fail,F1 no enclosed cavity
arm5long_s5001,d394,1,222,222,0,1,0,0.0,0.0,0.0,0,25.6,0.08,55,16,fail,F1 no enclosed cavity
arm5long_s5001,d314,1,215,215,0,1,0,61.6,2.53,876.2,6,24.3,0.08,36,13,fail,F2 envelope <= PYR1
arm5long_s5001,d372,1,200,200,0,1,0,0.0,0.0,0.0,0,24.9,0.08,38,16,fail,F1 no enclosed cavity
arm5long_s5001,d321,1,208,208,0,1,0,100.2,3.46,1198.5,3,26.0,0.08,41,17,fail,F4 HAB1 appendage
arm5long_s5001,d356,1,214,214,0,1,0,69.8,3.31,1035.2,3,23.2,0.08,51,10,fail,F2 envelope <= PYR1
arm5long_s5001,d368,1,227,227,0,1,0,0.0,0.0,0.0,0,23.9,0.08,67,20,fail,F1 no enclosed cavity
arm5long_s5001,d325,1,205,205,0,1,0,122.7,3.06,1164.6,3,24.5,0.08,52,12,fail,F2 envelope <= PYR1
arm5long_s5001,d405,1,226,226,0,1,0,0.0,0.0,0.0,0,22.6,0.08,83,50,fail,F1 no enclosed cavity
arm5long_s5001,d382,1,213,213,0,1,0,0.0,0.0,0.0,0,22.4,0.08,28,12,fail,F1 no enclosed cavity
arm5long_s5001,d369,1,218,218,0,1,0,105.8,3.49,1213.9,5,25.8,0.08,52,14,fail,F4 HAB1 appendage
arm5long_s5001,d361,1,206,206,0,1,0,116.9,3.5,1256.0,7,21.9,0.08,51,19,fail,F4 HAB1 appendage
arm5long_s5001,d353,1,210,210,0,1,0,56.4,3.28,1377.5,3,22.2,0.08,34,4,PASS,
arm5long_s5001,d442,3,217,165,52,1,0,,,,,,,,,REJECT,F0 internal/large orphan
arm5long_s5001,d383,1,211,211,0,1,0,0.0,0.0,0.0,0,24.5,0.08,48,9,fail,F1 no enclosed cavity
arm5long_s5001,d398,1,225,225,0,1,0,0.0,0.0,0.0,0,23.1,0.08,44,15,fail,F1 no enclosed cavity
arm5long_s5001,d379,2,200,194,6,1,0,0.0,0.0,0.0,0,27.0,0.08,31,13,fail,F1 no enclosed cavity
arm5long_s5001,d402,1,212,212,0,1,0,68.9,3.11,1033.6,6,22.3,0.08,55,10,fail,F2 envelope <= PYR1
arm5long_s5001,d366,1,206,206,0,1,0,172.8,3.47,1309.4,3,27.2,0.08,31,15,fail,F4 HAB1 appendage
arm5long_s5001,d346,1,196,196,0,1,0,200.2,3.43,1353.4,4,22.8,0.08,44,23,fail,F4 HAB1 appendage
arm5long_s5001,d371,1,207,207,0,1,0,79.5,3.48,1311.6,3,27.6,0.08,29,17,fail,F4 HAB1 appendage
arm5long_s5001,d429,1,212,212,0,1,0,0.0,0.0,0.0,0,21.4,0.08,48,15,fail,F1 no enclosed cavity
arm5long_s5001,d391,1,221,221,0,1,0,0.0,0.0,0.0,0,24.3,0.08,48,15,fail,F1 no enclosed cavity
arm5long_s5001,d392,1,211,211,0,1,0,0.0,0.0,0.0,0,22.6,0.08,53,14,fail,F1 no enclosed cavity
arm5long_s5001,d355,1,207,207,0,1,0,129.2,3.5,1256.2,4,23.7,0.08,54,24,fail,F4 HAB1 appendage
arm5long_s5001,d393,1,226,226,0,1,0,0.0,0.0,0.0,0,26.8,0.08,56,18,fail,F1 no enclosed cavity
arm5long_s5001,d400,1,210,210,0,1,0,0.0,0.0,0.0,0,25.1,0.08,40,16,fail,F1 no enclosed cavity
arm5long_s5001,d343,1,220,220,0,1,0,93.5,3.29,1242.4,3,25.1,0.08,45,12,fail,F4 HAB1 appendage
arm5long_s5001,d423,1,217,217,0,1,0,0.0,0.0,0.0,0,25.3,0.08,60,18,fail,F1 no enclosed cavity
arm5long_s5001,d431,1,221,221,0,1,0,0.0,0.0,0.0,0,22.6,0.08,44,9,fail,F1 no enclosed cavity
arm5long_s5001,d408,1,213,213,0,1,0,0.0,0.0,0.0,0,23.3,0.08,49,11,fail,F1 no enclosed cavity
arm5long_s5001,d389,1,208,208,0,1,0,0.0,0.0,0.0,0,26.0,0.08,27,4,fail,F1 no enclosed cavity
arm5long_s5001,d341,1,194,194,0,1,0,102.8,3.16,1251.2,1,25.9,0.08,38,13,fail,F4 HAB1 appendage
arm5long_s5001,d381,1,231,231,0,1,0,92.7,3.51,1136.1,3,26.6,0.08,51,18,fail,F2 envelope <= PYR1
arm5long_s5001,d436,1,223,223,0,1,0,0.0,0.0,0.0,0,22.8,0.08,34,8,fail,F1 no enclosed cavity
arm5long_s5001,d409,1,208,208,0,1,0,0.0,0.0,0.0,0,23.3,0.08,58,13,fail,F1 no enclosed cavity
arm5long_s5001,d433,1,210,210,0,1,0,0.0,0.0,0.0,0,23.0,0.08,59,9,fail,F1 no enclosed cavity
arm5long_s5001,d399,1,205,205,0,1,0,0.0,0.0,0.0,0,25.4,0.08,46,16,fail,F1 no enclosed cavity
arm5long_s5001,d411,1,216,216,0,1,0,0.0,0.0,0.0,0,24.3,0.08,38,11,fail,F1 no enclosed cavity
arm5long_s5001,d418,1,206,206,0,1,0,0.0,0.0,0.0,0,25.7,0.08,37,11,fail,F1 no enclosed cavity
arm5long_s5001,d344,1,213,213,0,1,0,134.4,3.14,1148.8,3,25.9,0.08,51,16,fail,F2 envelope <= PYR1
arm5long_s5001,d342,1,209,209,0,1,0,113.4,3.32,1272.8,4,26.1,0.08,36,9,fail,F4 HAB1 appendage
arm5long_s5001,d425,1,206,206,0,1,0,0.0,0.0,0.0,0,22.2,0.08,56,22,fail,F1 no enclosed cavity
arm5long_s5001,d428,1,189,189,0,1,0,0.0,0.0,0.0,0,23.0,0.08,47,12,fail,F1 no enclosed cavity
arm5long_s5001,d336,1,203,203,0,1,0,68.0,2.97,1236.8,2,25.3,0.08,42,15,fail,F4 HAB1 appendage
arm5long_s5001,d404,1,220,220,0,1,0,0.0,0.0,0.0,0,24.1,0.08,53,14,fail,F1 no enclosed cavity
arm5long_s5001,d440,1,221,221,0,1,0,0.0,0.0,0.0,0,25.0,0.08,35,10,fail,F1 no enclosed cavity
arm5long_s5001,d413,1,201,201,0,1,0,0.0,0.0,0.0,0,25.0,0.08,42,9,fail,F1 no enclosed cavity
arm5long_s5001,d458,1,219,219,0,1,0,0.0,0.0,0.0,0,22.7,0.08,69,45,fail,F1 no enclosed cavity
arm5long_s5001,d451,1,207,207,0,1,0,0.0,0.0,0.0,0,24.9,0.08,43,13,fail,F1 no enclosed cavity
arm5long_s5001,d432,1,202,202,0,1,0,0.0,0.0,0.0,0,23.2,0.08,28,5,fail,F1 no enclosed cavity
arm5long_s5001,d426,1,224,224,0,1,0,0.0,0.0,0.0,0,25.0,0.08,41,8,fail,F1 no enclosed cavity
arm5long_s5001,d421,1,219,219,0,1,0,147.5,3.21,1337.9,3,24.4,0.08,50,10,fail,F4 HAB1 appendage
arm5long_s5001,d430,1,195,195,0,1,0,123.8,3.31,1287.8,4,27.5,0.08,29,5,fail,F4 HAB1 appendage
arm5long_s5001,d445,1,218,218,0,1,0,0.0,0.0,0.0,0,23.8,0.08,70,18,fail,F1 no enclosed cavity
arm5long_s5001,d373,1,195,195,0,1,0,35.9,2.46,772.1,19,25.9,0.08,35,20,fail,F2 envelope <= PYR1
arm5long_s5001,d438,1,236,236,0,1,0,3.2,2.74,346.0,14,21.8,0.08,51,7,fail,F2 envelope <= PYR1
arm5long_s5001,d441,1,206,206,0,1,0,65.4,3.48,1287.0,3,22.7,0.08,54,11,fail,F4 HAB1 appendage
arm5long_s5001,d439,1,211,211,0,1,0,0.0,0.0,0.0,0,23.2,0.08,32,8,fail,F1 no enclosed cavity
arm5long_s5001,d466,1,204,204,0,1,0,0.0,0.0,0.0,0,22.6,0.08,40,6,fail,F1 no enclosed cavity
arm5long_s5001,d443,1,230,230,0,1,0,0.0,0.0,0.0,0,24.2,0.08,55,11,fail,F1 no enclosed cavity
arm5long_s5001,d406,1,216,216,0,1,0,66.5,3.09,1178.9,5,22.2,0.08,40,5,fail,F2 envelope <= PYR1
arm5long_s5001,d424,1,229,229,0,1,0,136.7,3.54,1316.8,4,25.3,0.08,52,11,fail,F4 HAB1 appendage
arm5long_s5001,d471,1,214,214,0,1,0,0.0,0.0,0.0,0,24.2,0.08,52,12,fail,F1 no enclosed cavity
arm5long_s5001,d454,1,232,232,0,1,0,0.0,0.0,0.0,0,22.9,0.08,76,17,fail,F1 no enclosed cavity
arm5long_s5001,d463,1,204,204,0,1,0,0.0,0.0,0.0,0,23.5,0.08,44,16,fail,F1 no enclosed cavity
arm5long_s5001,d447,1,216,216,0,1,0,0.0,0.0,0.0,0,22.6,0.08,47,21,fail,F1 no enclosed cavity
arm5long_s5001,d481,1,204,204,0,1,0,0.0,0.0,0.0,0,23.1,0.08,55,10,fail,F1 no enclosed cavity
arm5long_s5001,d476,1,229,229,0,1,0,0.0,0.0,0.0,0,26.0,0.08,45,14,fail,F1 no enclosed cavity
arm5long_s5001,d448,1,204,204,0,1,0,0.0,0.0,0.0,0,22.4,0.08,37,8,fail,F1 no enclosed cavity
arm5long_s5001,d478,1,229,229,0,1,0,0.0,0.0,0.0,0,22.8,0.08,44,9,fail,F1 no enclosed cavity
arm5long_s5001,d374,1,214,214,0,1,0,71.7,3.27,1251.6,6,25.8,0.08,41,10,fail,F4 HAB1 appendage
arm5long_s5001,d370,1,204,204,0,1,0,157.0,3.36,1242.0,4,26.7,0.08,38,11,fail,F4 HAB1 appendage
arm5long_s5001,d461,1,221,221,0,1,0,0.0,0.0,0.0,0,27.3,0.08,40,15,fail,F1 no enclosed cavity
arm5long_s5001,d450,1,208,208,0,1,0,0.0,0.0,0.0,0,24.0,0.08,43,6,fail,F1 no enclosed cavity
arm5long_s5001,d469,1,200,200,0,1,0,0.0,0.0,0.0,0,21.5,0.08,41,12,fail,F1 no enclosed cavity
arm5long_s5001,d444,1,213,213,0,1,0,0.0,0.0,0.0,0,25.4,0.08,47,9,fail,F1 no enclosed cavity
arm5long_s5001,d479,1,216,216,0,1,0,0.0,0.0,0.0,0,24.8,0.08,61,14,fail,F1 no enclosed cavity
arm5long_s5001,d403,1,216,216,0,1,0,50.3,3.31,1261.0,6,23.7,0.08,42,11,fail,F4 HAB1 appendage
arm5long_s5001,d434,1,224,224,0,1,0,135.0,3.37,875.0,3,24.5,0.08,53,15,fail,F2 envelope <= PYR1
arm5long_s5001,d470,1,220,220,0,1,0,0.0,0.0,0.0,0,23.2,0.08,68,19,fail,F1 no enclosed cavity
arm5long_s5001,d457,2,237,228,9,1,0,20.3,2.53,847.2,14,23.4,0.08,62,16,fail,F2 envelope <= PYR1
arm5long_s5001,d456,1,230,230,0,1,0,0.0,0.0,0.0,0,22.1,0.08,59,9,fail,F1 no enclosed cavity
arm5long_s5001,d459,1,224,224,0,1,0,0.0,0.0,0.0,0,26.4,0.08,35,9,fail,F1 no enclosed cavity
arm5long_s5001,d417,3,224,204,20,1,0,94.8,3.54,1203.4,6,23.6,0.08,38,9,fail,F4 HAB1 appendage
arm5long_s5001,d414,1,229,229,0,1,0,137.4,3.51,1169.5,2,26.1,0.08,56,10,fail,F2 envelope <= PYR1
arm5long_s5001,d455,1,186,186,0,1,0,81.4,3.17,1276.1,4,26.1,0.08,42,15,fail,F4 HAB1 appendage
arm5long_s5001,d460,2,215,196,19,1,0,0.0,0.0,0.0,0,24.0,0.08,44,12,fail,F1 no enclosed cavity
arm5long_s5001,d477,1,226,226,0,1,0,0.0,0.0,0.0,0,23.4,0.08,52,12,fail,F1 no enclosed cavity
arm5long_s5001,d410,1,207,207,0,1,0,191.4,3.49,1045.4,1,25.7,0.08,41,12,fail,F2 envelope <= PYR1
arm5long_s5001,d395,1,220,220,0,1,0,146.7,3.33,1274.6,4,24.7,0.08,38,8,fail,F4 HAB1 appendage
arm5long_s5001,d415,1,213,213,0,1,0,103.5,3.31,1296.4,4,25.4,0.08,49,12,fail,F4 HAB1 appendage
arm5long_s5001,d375,1,205,205,0,1,0,100.9,3.49,1294.2,7,26.5,0.08,41,12,fail,F4 HAB1 appendage
arm5long_s5001,d420,1,216,216,0,1,0,114.0,3.42,1250.5,4,24.7,0.08,57,20,fail,F4 HAB1 appendage
arm5long_s5001,d492,1,227,227,0,1,0,0.0,0.0,0.0,0,22.8,0.08,48,10,fail,F1 no enclosed cavity
arm5long_s5001,d487,1,201,201,0,1,0,0.0,0.0,0.0,0,25.6,0.08,36,16,fail,F1 no enclosed cavity
arm5long_s5001,d503,3,219,199,20,1,0,0.0,0.0,0.0,0,20.6,0.08,44,10,fail,F1 no enclosed cavity
arm5long_s5001,d473,1,208,208,0,1,0,0.0,0.0,0.0,0,24.8,0.08,32,7,fail,F1 no enclosed cavity
arm5long_s5001,d363,1,230,230,0,1,0,66.7,3.22,1405.4,3,28.9,0.08,38,8,fail,F4 HAB1 appendage
arm5long_s5001,d449,1,222,222,0,1,0,133.7,3.32,1224.0,4,23.2,0.08,34,8,fail,F4 HAB1 appendage
arm5long_s5001,d435,1,211,211,0,1,0,63.7,3.38,1156.9,5,23.9,0.08,53,14,fail,F2 envelope <= PYR1
arm5long_s5002,d009,2,218,152,66,1,1,,,,,,,,,REJECT,F0 motif split across pieces
arm5long_s5001,d498,1,221,221,0,1,0,0.0,0.0,0.0,0,24.2,0.08,61,21,fail,F1 no enclosed cavity
arm5long_s5001,d508,1,204,204,0,1,0,0.0,0.0,0.0,0,22.1,0.08,58,23,fail,F1 no enclosed cavity
arm5long_s5001,d384,1,228,228,0,1,0,144.3,3.41,1082.0,2,26.4,0.08,50,14,fail,F2 envelope <= PYR1
arm5long_s5001,d489,1,219,219,0,1,0,0.0,0.0,0.0,0,27.7,0.08,31,7,fail,F1 no enclosed cavity
arm5long_s5001,d464,1,239,239,0,1,0,122.5,3.28,1012.6,3,26.3,0.08,38,17,fail,F2 envelope <= PYR1
arm5long_s5001,d416,1,207,207,0,1,0,188.8,3.52,1199.4,3,24.9,0.08,45,15,fail,F4 HAB1 appendage
arm5long_s5001,d483,1,210,210,0,1,0,97.4,3.4,1362.1,4,24.6,0.08,43,13,fail,F4 HAB1 appendage
arm5long_s5001,d516,1,201,201,0,1,0,0.0,0.0,0.0,0,23.8,0.08,62,14,fail,F1 no enclosed cavity
arm5long_s5001,d509,1,204,204,0,1,0,0.0,0.0,0.0,0,25.4,0.08,51,16,fail,F1 no enclosed cavity
arm5long_s5001,d490,1,212,212,0,1,0,0.0,0.0,0.0,0,24.5,0.08,40,12,fail,F1 no enclosed cavity
arm5long_s5001,d496,1,223,223,0,1,0,0.0,0.0,0.0,0,23.7,0.08,48,19,fail,F1 no enclosed cavity
arm5long_s5001,d512,1,213,213,0,1,0,0.0,0.0,0.0,0,26.0,0.08,55,13,fail,F1 no enclosed cavity
arm5long_s5001,d482,1,210,210,0,1,0,112.1,3.28,1202.8,2,24.7,0.08,49,8,fail,F4 HAB1 appendage
arm5long_s5001,d511,1,197,197,0,1,0,0.0,0.0,0.0,0,25.8,0.08,29,15,fail,F1 no enclosed cavity
arm5long_s5001,d419,1,226,226,0,1,0,137.8,3.42,1097.5,2,24.6,0.08,50,12,fail,F2 envelope <= PYR1
arm5long_s5001,d472,1,216,216,0,1,0,86.0,3.49,1127.2,6,24.8,0.08,56,15,fail,F2 envelope <= PYR1
arm5long_s5001,d390,1,207,207,0,1,0,127.9,3.37,1362.9,3,26.5,0.08,34,13,fail,F4 HAB1 appendage
arm5long_s5001,d480,1,210,210,0,1,0,144.7,3.32,1344.9,3,25.1,0.08,43,6,fail,F4 HAB1 appendage
arm5long_s5001,d437,1,222,222,0,1,0,17.3,2.58,581.5,18,24.5,0.08,52,8,fail,F2 envelope <= PYR1
arm5long_s5001,d515,1,222,222,0,1,0,0.0,0.0,0.0,0,20.4,0.08,73,11,fail,F1 no enclosed cavity
arm5long_s5001,d491,1,211,211,0,1,0,0.0,0.0,0.0,0,22.8,0.08,40,8,fail,F1 no enclosed cavity
arm5long_s5002,d004,1,226,226,0,1,0,0.0,0.0,0.0,0,22.0,0.08,67,6,fail,F1 no enclosed cavity
arm5long_s5002,d011,1,215,215,0,1,0,0.0,0.0,0.0,0,25.3,0.08,61,18,fail,F1 no enclosed cavity
arm5long_s5001,d502,1,231,231,0,1,0,0.0,0.0,0.0,0,25.0,0.08,66,20,fail,F1 no enclosed cavity
arm5long_s5001,d397,1,225,225,0,1,0,67.6,3.14,1297.5,3,28.9,0.08,42,11,fail,F4 HAB1 appendage
arm5long_s5002,d008,1,210,210,0,1,0,0.0,0.0,0.0,0,22.2,0.08,63,24,fail,F1 no enclosed cavity
arm5long_s5001,d484,1,223,223,0,1,0,0.0,0.0,0.0,0,26.7,0.08,51,10,fail,F1 no enclosed cavity
arm5long_s5002,d005,1,230,230,0,1,0,0.0,0.0,0.0,0,27.6,0.08,37,7,fail,F1 no enclosed cavity
arm5long_s5001,d501,1,224,224,0,1,0,0.0,0.0,0.0,0,24.9,0.08,52,10,fail,F1 no enclosed cavity
arm5long_s5002,d000,1,227,227,0,1,0,0.0,0.0,0.0,0,24.5,0.08,57,17,fail,F1 no enclosed cavity
arm5long_s5002,d018,1,199,199,0,1,0,0.0,0.0,0.0,0,23.8,0.08,56,10,fail,F1 no enclosed cavity
arm5long_s5002,d015,1,203,203,0,1,0,0.0,0.0,0.0,0,22.2,0.08,45,13,fail,F1 no enclosed cavity
arm5long_s5001,d507,1,225,225,0,1,0,0.0,0.0,0.0,0,23.7,0.08,59,13,fail,F1 no enclosed cavity
arm5long_s5002,d002,1,215,215,0,1,0,0.0,0.0,0.0,0,25.4,0.08,47,18,fail,F1 no enclosed cavity
arm5long_s5001,d517,1,192,192,0,1,0,0.0,0.0,0.0,0,24.3,0.08,43,11,fail,F1 no enclosed cavity
arm5long_s5001,d520,1,225,225,0,1,0,0.0,0.0,0.0,0,23.2,0.08,45,9,fail,F1 no enclosed cavity
arm5long_s5001,d465,1,217,217,0,1,0,138.2,3.37,1312.9,4,25.2,0.08,50,13,fail,F4 HAB1 appendage
arm5long_s5001,d519,1,219,219,0,1,0,0.0,0.0,0.0,0,22.1,0.08,55,15,fail,F1 no enclosed cavity
arm5long_s5001,d494,1,216,216,0,1,0,23.3,2.56,769.9,7,23.8,0.08,59,17,fail,F2 envelope <= PYR1
arm5long_s5001,d513,1,206,206,0,1,0,0.0,0.0,0.0,0,23.9,0.08,38,7,fail,F1 no enclosed cavity
arm5long_s5002,d006,1,207,207,0,1,0,0.0,0.0,0.0,0,23.2,0.08,50,16,fail,F1 no enclosed cavity
arm5long_s5002,d024,1,217,217,0,1,0,0.0,0.0,0.0,0,24.3,0.08,41,7,fail,F1 no enclosed cavity
arm5long_s5002,d025,1,205,205,0,1,0,0.0,0.0,0.0,0,24.8,0.08,41,9,fail,F1 no enclosed cavity
arm5long_s5002,d014,1,196,196,0,1,0,184.9,3.34,1234.6,2,23.2,0.08,43,16,fail,F4 HAB1 appendage
arm5long_s5001,d499,1,201,201,0,1,0,143.2,3.38,1263.5,4,29.2,0.08,31,15,fail,F4 HAB1 appendage
arm5long_s5002,d055,2,202,166,36,1,0,,,,,,,,,REJECT,F0 internal/large orphan
arm5long_s5001,d453,1,213,213,0,1,0,97.4,3.41,1286.4,4,25.6,0.08,57,17,fail,F4 HAB1 appendage
arm5long_s5002,d036,1,235,235,0,1,0,0.0,0.0,0.0,0,25.1,0.08,49,7,fail,F1 no enclosed cavity
arm5long_s5002,d012,1,206,206,0,1,0,59.4,3.49,1339.8,5,23.4,0.08,43,8,fail,F4 HAB1 appendage
arm5long_s5002,d026,1,193,193,0,1,0,98.3,3.18,1226.5,3,22.2,0.08,37,14,fail,F4 HAB1 appendage
arm5long_s5001,d493,1,203,203,0,1,0,72.4,3.29,1080.1,8,25.8,0.08,37,7,fail,F2 envelope <= PYR1
arm5long_s5001,d462,1,219,219,0,1,0,159.4,3.31,1203.0,3,25.7,0.08,56,9,fail,F4 HAB1 appendage
arm5long_s5001,d486,1,205,205,0,1,0,134.8,3.26,1174.6,6,22.2,0.08,27,3,fail,F2 envelope <= PYR1
arm5long_s5002,d028,1,217,217,0,1,0,0.0,0.0,0.0,0,28.2,0.08,31,16,fail,F1 no enclosed cavity
arm5long_s5001,d506,1,191,191,0,1,0,27.2,2.4,686.2,5,24.4,0.08,36,14,fail,F2 envelope <= PYR1
arm5long_s5002,d040,1,207,207,0,1,0,0.0,0.0,0.0,0,24.0,0.08,68,16,fail,F1 no enclosed cavity
arm5long_s5002,d016,1,216,216,0,1,0,53.4,3.31,1098.8,12,24.0,0.08,45,19,fail,F2 envelope <= PYR1
arm5long_s5002,d022,1,213,213,0,1,0,85.8,3.49,1297.1,4,24.6,0.08,49,9,fail,F4 HAB1 appendage
arm5long_s5001,d504,1,231,231,0,1,0,0.0,0.0,0.0,0,27.7,0.08,44,11,fail,F1 no enclosed cavity
arm5long_s5001,d475,1,207,207,0,1,0,101.1,3.58,1268.0,5,28.0,0.08,46,13,fail,F4 HAB1 appendage
arm5long_s5002,d007,1,240,240,0,1,0,0.0,0.0,0.0,0,26.0,0.08,30,4,fail,F1 no enclosed cavity
arm5long_s5001,d500,1,218,218,0,1,0,47.3,3.02,1268.5,4,26.4,0.08,33,9,fail,F4 HAB1 appendage
arm5long_s5002,d052,1,210,210,0,1,0,0.0,0.0,0.0,0,25.0,0.08,38,22,fail,F1 no enclosed cavity
arm5long_s5001,d488,1,209,209,0,1,0,119.0,3.55,1224.4,5,24.5,0.08,54,15,fail,F4 HAB1 appendage
arm5long_s5002,d060,1,216,216,0,1,0,0.0,0.0,0.0,0,24.6,0.08,63,12,fail,F1 no enclosed cavity
arm5long_s5002,d075,5,199,152,47,1,0,,,,,,,,,REJECT,F0 internal/large orphan
arm5long_s5002,d042,1,213,213,0,1,0,0.0,0.0,0.0,0,25.0,0.08,57,6,fail,F1 no enclosed cavity
arm5long_s5002,d056,1,219,219,0,1,0,0.0,0.0,0.0,0,22.6,0.08,42,9,fail,F1 no enclosed cavity
arm5long_s5001,d467,1,201,201,0,1,0,76.9,3.34,1246.1,4,24.3,0.08,33,12,fail,F4 HAB1 appendage
arm5long_s5002,d061,1,220,220,0,1,0,0.0,0.0,0.0,0,24.2,0.08,50,16,fail,F1 no enclosed cavity
arm5long_s5002,d034,1,213,213,0,1,0,0.0,0.0,0.0,0,24.7,0.08,45,15,fail,F1 no enclosed cavity
arm5long_s5002,d080,2,236,193,43,1,0,,,,,,,,,REJECT,F0 internal/large orphan
arm5long_s5002,d033,1,213,213,0,1,0,106.3,3.28,1193.9,6,24.0,0.08,52,13,fail,F4 HAB1 appendage
arm5long_s5001,d518,1,194,194,0,1,0,139.8,3.55,1059.8,3,23.2,0.08,39,10,fail,F2 envelope <= PYR1
arm5long_s5002,d083,2,210,163,47,1,0,,,,,,,,,REJECT,F0 internal/large orphan
arm5long_s5001,d452,1,202,202,0,1,0,84.5,3.3,1261.2,4,26.9,0.08,31,13,fail,F4 HAB1 appendage
arm5long_s5002,d048,1,226,226,0,1,0,0.0,0.0,0.0,0,23.2,0.08,66,25,fail,F1 no enclosed cavity
arm5long_s5001,d474,1,213,213,0,1,0,58.8,2.7,827.0,8,24.7,0.08,48,17,fail,F2 envelope <= PYR1
arm5long_s5002,d035,1,230,230,0,1,0,0.0,0.0,0.0,0,22.2,0.08,62,18,fail,F1 no enclosed cavity
arm5long_s5001,d446,1,210,210,0,1,0,201.5,3.28,1173.8,5,25.5,0.08,45,11,fail,F2 envelope <= PYR1
arm5long_s5002,d038,1,209,209,0,1,0,0.0,0.0,0.0,0,25.4,0.08,45,17,fail,F1 no enclosed cavity
arm5long_s5002,d058,1,212,212,0,1,0,0.0,0.0,0.0,0,26.3,0.08,49,18,fail,F1 no enclosed cavity
arm5long_s5002,d032,1,209,209,0,1,0,0.0,0.0,0.0,0,24.0,0.08,33,10,fail,F1 no enclosed cavity
arm5long_s5002,d010,1,222,222,0,1,0,120.1,3.39,1266.0,3,22.6,0.08,48,12,fail,F4 HAB1 appendage
arm5long_s5001,d468,1,232,232,0,1,0,16.0,2.58,520.8,18,26.2,0.08,47,9,fail,F2 envelope <= PYR1
arm5long_s5002,d019,1,219,219,0,1,0,100.0,3.36,1296.5,6,24.9,0.08,40,9,fail,F4 HAB1 appendage
arm5long_s5002,d041,1,197,197,0,1,0,128.5,3.26,1294.6,4,25.7,0.08,39,18,fail,F4 HAB1 appendage
arm5long_s5002,d053,1,216,216,0,1,0,79.3,3.57,1247.6,5,23.9,0.08,44,12,fail,F4 HAB1 appendage
arm5long_s5002,d068,1,216,216,0,1,0,0.0,0.0,0.0,0,22.6,0.08,51,31,fail,F1 no enclosed cavity
arm5long_s5002,d023,1,220,220,0,1,0,54.2,2.65,1166.6,13,26.1,0.08,57,11,fail,F2 envelope <= PYR1
arm5long_s5001,d514,1,216,216,0,1,0,152.5,3.45,1092.8,4,26.8,0.08,52,18,fail,F2 envelope <= PYR1
arm5long_s5002,d001,1,207,207,0,1,0,34.3,2.53,858.5,8,23.7,0.08,37,13,fail,F2 envelope <= PYR1
arm5long_s5002,d047,1,220,220,0,1,0,142.1,3.49,1089.1,2,23.9,0.08,48,15,fail,F2 envelope <= PYR1
arm5long_s5001,d510,1,227,227,0,1,0,76.7,3.36,1102.2,3,24.9,0.08,53,14,fail,F2 envelope <= PYR1
arm5long_s5002,d059,1,231,231,0,1,0,0.0,0.0,0.0,0,23.8,0.08,70,13,fail,F1 no enclosed cavity
arm5long_s5001,d485,1,204,204,0,1,0,114.3,3.39,1151.8,1,25.5,0.08,47,10,fail,F2 envelope <= PYR1
arm5long_s5002,d021,1,218,218,0,1,0,80.6,3.46,1377.5,9,23.2,0.08,44,6,fail,F4 HAB1 appendage
arm5long_s5002,d045,1,222,222,0,1,0,0.0,0.0,0.0,0,25.3,0.08,47,22,fail,F1 no enclosed cavity
arm5long_s5002,d037,1,212,212,0,1,0,110.6,3.37,1148.0,6,23.0,0.08,58,27,fail,F2 envelope <= PYR1
arm5long_s5002,d109,2,203,169,34,1,0,,,,,,,,,REJECT,F0 internal/large orphan
arm5long_s5001,d497,1,215,215,0,1,0,78.0,3.56,1353.1,5,24.7,0.08,63,28,fail,F4 HAB1 appendage
arm5long_s5002,d051,1,213,213,0,1,0,0.0,0.0,0.0,0,25.8,0.08,47,16,fail,F1 no enclosed cavity
arm5long_s5002,d013,1,215,215,0,1,0,110.8,3.35,1324.1,1,26.4,0.08,51,19,fail,F4 HAB1 appendage
arm5long_s5002,d092,1,211,211,0,1,0,0.0,0.0,0.0,0,22.0,0.08,50,16,fail,F1 no enclosed cavity
arm5long_s5002,d082,1,224,224,0,1,0,0.0,0.0,0.0,0,21.9,0.08,60,11,fail,F1 no enclosed cavity
arm5long_s5002,d115,2,206,167,39,1,0,,,,,,,,,REJECT,F0 internal/large orphan
arm5long_s5002,d103,1,226,226,0,1,0,0.0,0.0,0.0,0,21.8,0.08,53,7,fail,F1 no enclosed cavity
arm5long_s5001,d495,1,213,213,0,1,0,165.5,3.48,1307.0,5,27.4,0.08,33,16,fail,F4 HAB1 appendage
arm5long_s5002,d043,1,219,219,0,1,0,0.0,0.0,0.0,0,26.3,0.08,34,6,fail,F1 no enclosed cavity
arm5long_s5002,d100,1,212,212,0,1,0,0.0,0.0,0.0,0,22.4,0.08,61,9,fail,F1 no enclosed cavity
arm5long_s5002,d031,2,212,199,13,1,0,92.4,3.26,1241.9,5,24.4,0.08,37,10,fail,F4 HAB1 appendage
arm5long_s5002,d049,1,230,230,0,1,0,0.0,0.0,0.0,0,24.6,0.08,43,15,fail,F1 no enclosed cavity
arm5long_s5002,d098,1,217,217,0,1,0,0.0,0.0,0.0,0,23.9,0.08,59,12,fail,F1 no enclosed cavity
arm5long_s5002,d097,1,204,204,0,1,0,0.0,0.0,0.0,0,22.4,0.08,42,14,fail,F1 no enclosed cavity
arm5long_s5002,d073,1,201,201,0,1,0,82.5,3.19,982.9,4,22.3,0.08,52,26,fail,F2 envelope <= PYR1
arm5long_s5002,d125,2,210,184,26,1,0,,,,,,,,,REJECT,F0 internal/large orphan
arm5long_s5002,d079,1,215,215,0,1,0,0.0,0.0,0.0,0,24.9,0.08,49,8,fail,F1 no enclosed cavity
arm5long_s5002,d067,1,197,197,0,1,0,108.4,3.32,1253.8,5,23.4,0.08,34,16,fail,F4 HAB1 appendage
arm5long_s5002,d003,1,237,237,0,1,0,73.2,3.27,1253.0,3,28.0,0.08,48,13,fail,F4 HAB1 appendage
arm5long_s5002,d044,1,223,223,0,1,0,85.8,3.46,1271.9,5,24.1,0.08,45,17,fail,F4 HAB1 appendage
arm5long_s5002,d039,1,209,209,0,1,0,79.7,3.2,1218.5,5,24.9,0.08,50,19,fail,F4 HAB1 appendage
arm5long_s5002,d091,1,207,207,0,1,0,0.0,0.0,0.0,0,24.4,0.08,63,16,fail,F1 no enclosed cavity
arm5long_s5002,d074,1,216,216,0,1,0,0.0,0.0,0.0,0,22.4,0.08,47,8,fail,F1 no enclosed cavity
arm5long_s5002,d069,1,217,217,0,1,0,0.0,0.0,0.0,0,24.5,0.08,61,12,fail,F1 no enclosed cavity
arm5long_s5002,d088,2,217,208,9,1,0,0.0,0.0,0.0,0,23.6,0.08,51,19,fail,F1 no enclosed cavity
arm5long_s5002,d017,1,223,223,0,1,0,115.1,3.51,1088.6,1,25.5,0.08,34,10,fail,F2 envelope <= PYR1
arm5long_s5002,d070,1,217,217,0,1,0,0.0,0.0,0.0,0,25.0,0.08,47,10,fail,F1 no enclosed cavity
arm5long_s5002,d116,2,223,206,17,1,0,0.0,0.0,0.0,0,24.1,0.08,43,13,fail,F1 no enclosed cavity
arm5long_s5002,d027,1,233,233,0,1,0,142.3,3.41,1274.1,3,25.3,0.08,75,23,fail,F4 HAB1 appendage
arm5long_s5002,d030,1,203,203,0,1,0,173.0,3.44,1110.8,2,25.6,0.08,40,11,fail,F2 envelope <= PYR1
arm5long_s5002,d106,1,214,214,0,1,0,0.0,0.0,0.0,0,23.2,0.08,50,19,fail,F1 no enclosed cavity
arm5long_s5002,d141,2,195,153,42,1,1,,,,,,,,,REJECT,F0 motif split across pieces
arm5long_s5002,d081,2,212,192,20,1,0,108.0,3.43,1296.1,5,20.7,0.08,44,18,fail,F4 HAB1 appendage
arm5long_s5002,d120,1,228,228,0,1,0,0.0,0.0,0.0,0,22.2,0.08,74,18,fail,F1 no enclosed cavity
arm5long_s5002,d066,1,213,213,0,1,0,135.2,3.37,1096.9,4,26.0,0.08,44,16,fail,F2 envelope <= PYR1
arm5long_s5002,d076,1,224,224,0,1,0,11.7,2.5,1275.2,3,26.4,0.08,57,10,fail,F4 HAB1 appendage
arm5long_s5002,d108,1,224,224,0,1,0,0.0,0.0,0.0,0,23.1,0.08,36,8,fail,F1 no enclosed cavity
arm5long_s5002,d126,1,232,232,0,1,0,0.0,0.0,0.0,0,22.5,0.08,50,12,fail,F1 no enclosed cavity
arm5long_s5002,d124,1,201,201,0,1,0,0.0,0.0,0.0,0,23.1,0.08,58,16,fail,F1 no enclosed cavity
arm5long_s5002,d094,1,244,244,0,1,0,0.0,0.0,0.0,0,24.6,0.08,62,11,fail,F1 no enclosed cavity
arm5long_s5002,d057,1,204,204,0,1,0,132.0,3.48,1376.1,4,24.6,0.08,45,6,fail,F4 HAB1 appendage
arm5long_s5002,d046,1,209,209,0,1,0,27.9,2.5,1039.2,8,21.3,0.08,43,13,fail,F2 envelope <= PYR1
arm5long_s5002,d102,1,231,231,0,1,0,0.0,0.0,0.0,0,24.3,0.08,61,17,fail,F1 no enclosed cavity
arm5long_s5002,d084,1,230,230,0,1,0,0.0,0.0,0.0,0,26.8,0.08,61,16,fail,F1 no enclosed cavity
arm5long_s5002,d064,1,237,237,0,1,0,137.4,3.36,1117.1,5,23.1,0.08,67,14,fail,F2 envelope <= PYR1
arm5long_s5002,d090,1,226,226,0,1,0,0.0,0.0,0.0,0,26.0,0.08,40,18,fail,F1 no enclosed cavity
arm5long_s5002,d156,3,223,173,50,1,0,,,,,,,,,REJECT,F0 internal/large orphan
arm5long_s5002,d078,1,220,220,0,1,0,83.4,3.1,919.8,2,26.7,0.08,37,9,fail,F2 envelope <= PYR1
arm5long_s5002,d086,1,209,209,0,1,0,110.8,3.35,1229.4,2,22.7,0.08,52,18,fail,F4 HAB1 appendage
arm5long_s5002,d029,1,210,210,0,1,0,191.4,3.29,1268.5,3,25.4,0.08,58,23,fail,F4 HAB1 appendage
arm5long_s5002,d063,1,218,218,0,1,0,169.3,3.33,1039.1,1,22.1,0.08,50,7,fail,F2 envelope <= PYR1
arm5long_s5002,d099,1,216,216,0,1,0,0.0,0.0,0.0,0,26.2,0.08,54,19,fail,F1 no enclosed cavity
arm5long_s5002,d143,1,208,208,0,1,0,0.0,0.0,0.0,0,23.1,0.08,46,22,fail,F1 no enclosed cavity
arm5long_s5002,d130,2,235,232,3,1,0,0.0,0.0,0.0,0,24.2,0.08,72,15,fail,F1 no enclosed cavity
arm5long_s5002,d139,1,188,188,0,1,0,0.0,0.0,0.0,0,20.9,0.08,38,8,fail,F1 no enclosed cavity
arm5long_s5002,d113,1,219,219,0,1,0,0.0,0.0,0.0,0,22.9,0.08,32,6,fail,F1 no enclosed cavity
arm5long_s5001,d505,1,230,230,0,1,0,86.8,3.3,1309.2,4,26.0,0.08,55,13,fail,F4 HAB1 appendage
arm5long_s5002,d129,1,217,217,0,1,0,0.0,0.0,0.0,0,22.0,0.08,60,12,fail,F1 no enclosed cavity
arm5long_s5002,d110,1,205,205,0,1,0,93.7,3.53,1277.2,4,27.1,0.08,28,18,fail,F4 HAB1 appendage
arm5long_s5002,d050,1,220,220,0,1,0,101.1,3.51,1061.5,2,25.2,0.08,56,11,fail,F2 envelope <= PYR1
arm5long_s5002,d145,1,210,210,0,1,0,0.0,0.0,0.0,0,23.0,0.08,69,11,fail,F1 no enclosed cavity
arm5long_s5002,d171,2,213,174,39,1,0,,,,,,,,,REJECT,F0 internal/large orphan
arm5long_s5002,d114,1,218,218,0,1,0,31.5,2.72,632.1,13,24.1,0.08,47,12,fail,F2 envelope <= PYR1
arm5long_s5002,d112,1,218,218,0,1,0,111.9,3.35,1193.5,5,24.4,0.08,36,3,fail,F6 Rg
arm5long_s5002,d146,1,208,208,0,1,0,0.0,0.0,0.0,0,24.5,0.08,53,18,fail,F1 no enclosed cavity
arm5long_s5002,d062,1,203,203,0,1,0,85.8,3.32,1230.9,2,24.1,0.08,35,11,fail,F4 HAB1 appendage
arm5long_s5002,d072,1,201,201,0,1,0,139.3,3.46,1315.9,3,22.5,0.08,45,23,fail,F4 HAB1 appendage
arm5long_s5002,d148,1,237,237,0,1,0,0.0,0.0,0.0,0,23.9,0.08,63,33,fail,F1 no enclosed cavity
arm5long_s5002,d177,2,210,167,43,1,0,,,,,,,,,REJECT,F0 internal/large orphan
arm5long_s5002,d131,1,229,229,0,1,0,0.0,0.0,0.0,0,22.9,0.08,60,10,fail,F1 no enclosed cavity
arm5long_s5002,d121,1,198,198,0,1,0,0.0,0.0,0.0,0,24.5,0.08,41,10,fail,F1 no enclosed cavity
arm5long_s5002,d054,1,196,196,0,1,0,94.0,3.54,1293.8,1,25.9,0.08,31,13,fail,F4 HAB1 appendage
arm5long_s5002,d181,2,223,171,52,1,1,,,,,,,,,REJECT,F0 motif split across pieces
arm5long_s5002,d096,1,228,228,0,1,0,63.7,3.38,1181.6,3,25.0,0.08,49,9,fail,F2 envelope <= PYR1
arm5long_s5002,d133,1,211,211,0,1,0,0.0,0.0,0.0,0,24.0,0.08,45,17,fail,F1 no enclosed cavity
arm5long_s5002,d117,1,225,225,0,1,0,184.9,3.38,1136.8,6,25.1,0.08,46,6,fail,F2 envelope <= PYR1
arm5long_s5002,d123,1,206,206,0,1,0,9.1,2.77,658.5,13,24.7,0.08,51,16,fail,F2 envelope <= PYR1
arm5long_s5002,d119,1,228,228,0,1,0,0.0,0.0,0.0,0,25.2,0.08,65,22,fail,F1 no enclosed cavity
arm5long_s5002,d152,1,216,216,0,1,0,0.0,0.0,0.0,0,25.1,0.08,56,10,fail,F1 no enclosed cavity
arm5long_s5002,d127,1,218,218,0,1,0,0.0,0.0,0.0,0,24.8,0.08,49,17,fail,F1 no enclosed cavity
arm5long_s5002,d104,1,207,207,0,1,0,83.8,3.26,1188.8,2,21.3,0.08,51,16,fail,F4 HAB1 appendage
arm5long_s5002,d128,1,197,197,0,1,0,105.4,3.55,1254.9,4,22.9,0.08,61,26,fail,F4 HAB1 appendage
arm5long_s5002,d118,1,206,206,0,1,0,76.9,3.53,1311.0,1,21.9,0.08,49,17,fail,F4 HAB1 appendage
arm5long_s5002,d087,1,204,204,0,1,0,186.0,3.2,1192.6,6,25.9,0.08,39,12,fail,F4 HAB1 appendage
arm5long_s5002,d173,1,215,215,0,1,0,0.0,0.0,0.0,0,22.4,0.08,59,16,fail,F1 no enclosed cavity
arm5long_s5002,d175,1,214,214,0,1,0,0.0,0.0,0.0,0,21.3,0.08,33,6,fail,F1 no enclosed cavity
arm5long_s5002,d095,1,207,207,0,1,0,84.7,3.28,1220.1,5,23.6,0.08,51,12,fail,F4 HAB1 appendage
arm5long_s5002,d158,1,225,225,0,1,0,0.0,0.0,0.0,0,23.9,0.08,51,12,fail,F1 no enclosed cavity
arm5long_s5002,d198,2,220,191,29,1,0,,,,,,,,,REJECT,F0 internal/large orphan
arm5long_s5002,d089,1,195,195,0,1,0,188.4,3.4,1329.1,9,23.7,0.08,43,26,fail,F4 HAB1 appendage
arm5long_s5002,d020,1,218,218,0,1,0,152.7,3.39,1230.6,5,28.7,0.08,40,9,fail,F4 HAB1 appendage
arm5long_s5002,d150,1,238,238,0,1,0,0.0,0.0,0.0,0,22.9,0.08,49,9,fail,F1 no enclosed cavity
arm5long_s5002,d202,4,211,117,94,1,1,,,,,,,,,REJECT,F0 motif split across pieces
arm5long_s5002,d137,1,222,222,0,1,0,0.0,0.0,0.0,0,23.0,0.08,62,17,fail,F1 no enclosed cavity
arm5long_s5002,d186,1,209,209,0,1,0,0.0,0.0,0.0,0,22.4,0.08,76,18,fail,F1 no enclosed cavity
arm5long_s5002,d111,1,216,216,0,1,0,93.5,3.34,1125.1,4,21.7,0.08,39,12,fail,F2 envelope <= PYR1
arm5long_s5002,d136,1,206,206,0,1,0,0.0,0.0,0.0,0,25.6,0.08,40,8,fail,F1 no enclosed cavity
arm5long_s5002,d065,1,208,208,0,1,0,80.1,3.33,1260.4,4,25.1,0.08,61,19,fail,F4 HAB1 appendage
arm5long_s5002,d161,1,215,215,0,1,0,0.0,0.0,0.0,0,23.6,0.08,54,13,fail,F1 no enclosed cavity
arm5long_s5002,d189,1,214,214,0,1,0,0.0,0.0,0.0,0,24.2,0.08,61,16,fail,F1 no enclosed cavity
arm5long_s5002,d210,4,222,168,54,1,0,,,,,,,,,REJECT,F0 internal/large orphan
arm5long_s5002,d132,1,212,212,0,1,0,0.0,0.0,0.0,0,25.7,0.08,28,5,fail,F1 no enclosed cavity
arm5long_s5002,d101,1,210,210,0,1,0,44.9,2.49,972.9,5,24.0,0.08,54,15,fail,F2 envelope <= PYR1
arm5long_s5002,d142,1,226,226,0,1,0,0.0,0.0,0.0,0,25.6,0.08,49,10,fail,F1 no enclosed cavity
arm5long_s5002,d160,1,199,199,0,1,0,0.0,0.0,0.0,0,23.8,0.08,46,9,fail,F1 no enclosed cavity
arm5long_s5002,d182,1,204,204,0,1,0,0.0,0.0,0.0,0,24.6,0.08,40,9,fail,F1 no enclosed cavity
arm5long_s5002,d149,1,211,211,0,1,0,145.8,3.39,1228.6,5,25.5,0.08,50,13,fail,F4 HAB1 appendage
arm5long_s5002,d159,1,212,212,0,1,0,0.0,0.0,0.0,0,24.1,0.08,77,21,fail,F1 no enclosed cavity
arm5long_s5002,d077,1,220,220,0,1,0,105.2,3.36,1212.0,2,24.9,0.08,40,9,fail,F4 HAB1 appendage
arm5long_s5002,d187,1,207,207,0,1,0,0.0,0.0,0.0,0,23.6,0.08,32,9,fail,F1 no enclosed cavity
arm5long_s5002,d151,1,228,228,0,1,0,0.0,0.0,0.0,0,25.9,0.08,48,12,fail,F1 no enclosed cavity
arm5long_s5002,d166,1,226,226,0,1,0,0.0,0.0,0.0,0,22.1,0.08,51,10,fail,F1 no enclosed cavity
arm5long_s5002,d169,1,222,222,0,1,0,0.0,0.0,0.0,0,27.7,0.08,38,5,fail,F1 no enclosed cavity
arm5long_s5002,d205,1,203,203,0,1,0,0.0,0.0,0.0,0,22.1,0.08,38,12,fail,F1 no enclosed cavity
arm5long_s5002,d163,1,214,214,0,1,0,139.3,3.54,1246.9,5,24.5,0.08,42,7,fail,F4 HAB1 appendage
arm5long_s5002,d107,1,216,216,0,1,0,160.3,3.18,1261.4,3,26.0,0.08,36,9,fail,F4 HAB1 appendage
arm5long_s5002,d138,1,184,184,0,1,0,85.5,3.31,1283.1,4,26.4,0.08,32,9,fail,F4 HAB1 appendage
arm5long_s5002,d195,1,210,210,0,1,0,0.0,0.0,0.0,0,25.0,0.08,48,15,fail,F1 no enclosed cavity
arm5long_s5002,d105,1,220,220,0,1,0,71.7,3.34,1219.0,4,27.1,0.08,36,13,fail,F4 HAB1 appendage
arm5long_s5002,d168,1,213,213,0,1,0,0.0,0.0,0.0,0,27.4,0.08,40,9,fail,F1 no enclosed cavity
arm5long_s5002,d194,1,206,206,0,1,0,0.0,0.0,0.0,0,24.1,0.08,51,16,fail,F1 no enclosed cavity
arm5long_s5002,d085,1,214,214,0,1,0,80.1,3.2,1335.4,5,24.6,0.08,33,17,fail,F4 HAB1 appendage
arm5long_s5002,d193,1,220,220,0,1,0,0.0,0.0,0.0,0,24.5,0.08,45,10,fail,F1 no enclosed cavity
arm5long_s5002,d176,1,227,227,0,1,0,0.0,0.0,0.0,0,24.7,0.08,55,13,fail,F1 no enclosed cavity
arm5long_s5002,d192,1,208,208,0,1,0,87.9,3.47,1277.2,9,23.8,0.08,37,6,fail,F4 HAB1 appendage
arm5long_s5002,d191,1,229,229,0,1,0,0.0,0.0,0.0,0,22.3,0.08,36,11,fail,F1 no enclosed cavity
arm5long_s5002,d162,1,218,218,0,1,0,211.9,3.44,1072.6,6,21.7,0.08,58,15,fail,F2 envelope <= PYR1
arm5long_s5002,d185,1,215,215,0,1,0,0.0,0.0,0.0,0,26.5,0.08,37,12,fail,F1 no enclosed cavity
arm5long_s5002,d183,1,217,217,0,1,0,0.0,0.0,0.0,0,24.1,0.08,57,17,fail,F1 no enclosed cavity
arm5long_s5002,d179,1,219,219,0,1,0,0.0,0.0,0.0,0,24.8,0.08,44,8,fail,F1 no enclosed cavity
arm5long_s5002,d207,1,236,236,0,1,0,0.0,0.0,0.0,0,24.4,0.08,45,18,fail,F1 no enclosed cavity
arm5long_s5002,d093,1,210,210,0,1,0,148.2,3.48,1175.6,2,26.9,0.08,43,13,fail,F2 envelope <= PYR1
arm5long_s5002,d174,1,209,209,0,1,0,141.5,3.39,1258.5,2,26.7,0.08,46,10,fail,F4 HAB1 appendage
arm5long_s5002,d220,1,222,222,0,1,0,0.0,0.0,0.0,0,22.3,0.08,64,18,fail,F1 no enclosed cavity
arm5long_s5002,d244,2,209,156,53,1,0,,,,,,,,,REJECT,F0 internal/large orphan
arm5long_s5002,d201,1,207,207,0,1,0,0.0,0.0,0.0,0,26.0,0.08,43,10,fail,F1 no enclosed cavity
arm5long_s5002,d184,1,217,217,0,1,0,0.0,0.0,0.0,0,26.5,0.08,30,10,fail,F1 no enclosed cavity
arm5long_s5002,d227,1,216,216,0,1,0,0.0,0.0,0.0,0,23.1,0.08,60,17,fail,F1 no enclosed cavity
arm5long_s5002,d135,1,202,202,0,1,0,112.1,3.19,1166.1,1,24.0,0.08,44,11,fail,F2 envelope <= PYR1
arm5long_s5002,d122,2,216,197,19,1,0,82.3,3.3,1277.4,4,25.4,0.08,32,7,fail,F4 HAB1 appendage
arm5long_s5002,d204,1,217,217,0,1,0,0.0,0.0,0.0,0,22.9,0.08,46,18,fail,F1 no enclosed cavity
arm5long_s5002,d215,1,214,214,0,1,0,0.0,0.0,0.0,0,20.8,0.08,58,9,fail,F1 no enclosed cavity
arm5long_s5002,d188,1,202,202,0,1,0,0.0,0.0,0.0,0,26.7,0.08,33,15,fail,F1 no enclosed cavity
arm5long_s5002,d211,1,203,203,0,1,0,245.6,3.29,1200.9,2,25.2,0.08,42,8,fail,F4 HAB1 appendage
arm5long_s5002,d140,1,213,213,0,1,0,27.0,2.45,455.6,14,27.5,0.08,30,12,fail,F2 envelope <= PYR1
arm5long_s5002,d209,1,223,223,0,1,0,0.0,0.0,0.0,0,25.7,0.08,49,6,fail,F1 no enclosed cavity
arm5long_s5002,d155,1,224,224,0,1,0,186.0,3.23,1009.9,2,23.9,0.08,62,12,fail,F2 envelope <= PYR1
arm5long_s5002,d153,1,212,212,0,1,0,127.0,3.11,1204.0,1,24.6,0.08,41,19,fail,F4 HAB1 appendage
arm5long_s5002,d241,1,221,221,0,1,0,0.0,0.0,0.0,0,22.5,0.08,50,15,fail,F1 no enclosed cavity
arm5long_s5002,d231,1,203,203,0,1,0,0.0,0.0,0.0,0,21.8,0.08,26,6,fail,F1 no enclosed cavity
arm5long_s5002,d235,1,203,203,0,1,0,0.0,0.0,0.0,0,22.3,0.08,45,19,fail,F1 no enclosed cavity
arm5long_s5002,d178,1,214,214,0,1,0,94.6,3.34,1368.2,5,23.6,0.08,54,16,fail,F4 HAB1 appendage
arm5long_s5002,d216,1,210,210,0,1,0,80.1,3.37,1245.1,5,23.5,0.08,53,14,fail,F4 HAB1 appendage
arm5long_s5002,d196,1,226,226,0,1,0,73.0,3.32,1365.0,4,27.3,0.08,49,11,fail,F4 HAB1 appendage
arm5long_s5002,d217,1,214,214,0,1,0,106.9,3.5,1173.8,2,23.6,0.08,32,7,fail,F2 envelope <= PYR1
arm5long_s5002,d157,1,210,210,0,1,0,67.8,3.49,1194.5,4,23.9,0.08,64,17,fail,F4 HAB1 appendage
arm5long_s5002,d219,1,216,216,0,1,0,0.0,0.0,0.0,0,21.2,0.08,53,5,fail,F1 no enclosed cavity
arm5long_s5002,d172,1,211,211,0,1,0,82.5,3.36,1235.5,4,27.6,0.08,30,16,fail,F4 HAB1 appendage
arm5long_s5002,d224,1,231,231,0,1,0,40.0,2.64,704.6,8,22.3,0.08,37,8,fail,F2 envelope <= PYR1
arm5long_s5002,d203,1,222,222,0,1,0,0.0,0.0,0.0,0,29.0,0.08,34,15,fail,F1 no enclosed cavity
arm5long_s5002,d144,1,221,221,0,1,0,39.5,2.77,981.2,9,25.0,0.08,51,14,fail,F2 envelope <= PYR1
arm5long_s5002,d147,1,203,203,0,1,0,90.3,3.49,1183.2,4,25.2,0.08,40,12,fail,F2 envelope <= PYR1
arm5long_s5002,d199,1,211,211,0,1,0,9.1,2.56,572.6,14,24.7,0.08,57,31,fail,F2 envelope <= PYR1
arm5long_s5002,d248,1,205,205,0,1,0,0.0,0.0,0.0,0,22.3,0.08,58,16,fail,F1 no enclosed cavity
arm5long_s5002,d154,1,233,233,0,1,0,108.4,3.31,1258.2,3,27.5,0.08,40,16,fail,F4 HAB1 appendage
arm5long_s5002,d222,1,227,227,0,1,0,0.0,0.0,0.0,0,25.7,0.08,46,14,fail,F1 no enclosed cavity
arm5long_s5002,d197,1,215,215,0,1,0,26.8,2.55,653.1,12,22.5,0.08,48,17,fail,F2 envelope <= PYR1
arm5long_s5002,d259,4,216,206,10,1,0,0.0,0.0,0.0,0,21.3,0.08,51,17,fail,F1 no enclosed cavity
arm5long_s5002,d134,1,219,219,0,1,0,75.2,3.37,1332.1,1,26.6,0.08,51,11,fail,F4 HAB1 appendage
arm5long_s5002,d236,1,225,225,0,1,0,0.0,0.0,0.0,0,24.5,0.08,64,8,fail,F1 no enclosed cavity
arm5long_s5002,d221,1,219,219,0,1,0,0.0,0.0,0.0,0,24.7,0.08,53,11,fail,F1 no enclosed cavity
arm5long_s5002,d243,1,227,227,0,1,0,0.0,0.0,0.0,0,26.5,0.08,47,7,fail,F1 no enclosed cavity
arm5long_s5002,d237,1,219,219,0,1,0,0.0,0.0,0.0,0,23.4,0.08,55,18,fail,F1 no enclosed cavity
arm5long_s5002,d228,1,221,221,0,1,0,45.6,2.93,1228.5,6,24.0,0.08,50,7,fail,F4 HAB1 appendage
arm5long_s5002,d284,4,214,151,63,1,1,,,,,,,,,REJECT,F0 motif split across pieces
arm5long_s5002,d266,1,186,186,0,1,0,0.0,0.0,0.0,0,25.2,0.08,43,7,fail,F1 no enclosed cavity
arm5long_s5002,d255,1,232,232,0,1,0,0.0,0.0,0.0,0,22.7,0.08,64,16,fail,F1 no enclosed cavity
arm5long_s5002,d232,1,216,216,0,1,0,0.0,0.0,0.0,0,25.5,0.08,39,9,fail,F1 no enclosed cavity
arm5long_s5002,d264,1,218,218,0,1,0,0.0,0.0,0.0,0,22.8,0.08,32,9,fail,F1 no enclosed cavity
arm5long_s5002,d249,1,196,196,0,1,0,0.0,0.0,0.0,0,22.8,0.08,49,21,fail,F1 no enclosed cavity
arm5long_s5002,d167,1,222,222,0,1,0,157.9,3.42,1158.1,6,27.0,0.08,35,14,fail,F2 envelope <= PYR1
arm5long_s5002,d251,1,207,207,0,1,0,0.0,0.0,0.0,0,22.5,0.08,41,8,fail,F1 no enclosed cavity
arm5long_s5002,d258,1,246,246,0,1,0,0.0,0.0,0.0,0,24.6,0.08,57,15,fail,F1 no enclosed cavity
arm5long_s5002,d165,1,233,233,0,1,0,83.6,3.31,1382.2,1,24.2,0.08,59,13,fail,F4 HAB1 appendage
arm5long_s5002,d246,1,218,218,0,1,0,0.0,0.0,0.0,0,24.4,0.08,42,11,fail,F1 no enclosed cavity
arm5long_s5002,d238,1,223,223,0,1,0,0.0,0.0,0.0,0,24.4,0.08,57,14,fail,F1 no enclosed cavity
arm5long_s5002,d071,1,234,234,0,1,0,83.8,3.51,1159.2,1,27.6,0.08,35,4,fail,F2 envelope <= PYR1
arm5long_s5002,d225,1,222,222,0,1,0,147.7,3.47,1279.8,5,23.9,0.08,55,27,fail,F4 HAB1 appendage
arm5long_s5002,d164,1,213,213,0,1,0,119.2,3.2,1208.5,5,24.7,0.08,47,9,fail,F4 HAB1 appendage
arm5long_s5002,d180,1,207,207,0,1,0,96.6,3.46,1180.0,3,26.4,0.08,43,12,fail,F2 envelope <= PYR1
arm6helix_s6001,d007,2,200,161,39,1,0,,,,,,,,,REJECT,F0 internal/large orphan
arm5long_s5002,d229,1,226,226,0,1,0,95.5,3.34,1113.0,7,25.3,0.08,48,12,fail,F2 envelope <= PYR1
arm5long_s5002,d261,1,216,216,0,1,0,0.0,0.0,0.0,0,24.2,0.08,40,5,fail,F1 no enclosed cavity
arm5long_s5002,d269,1,199,199,0,1,0,141.0,3.39,1142.5,2,21.3,0.08,46,10,fail,F2 envelope <= PYR1
arm5long_s5002,d274,1,236,236,0,1,0,0.0,0.0,0.0,0,27.0,0.08,41,9,fail,F1 no enclosed cavity
arm5long_s5002,d230,1,219,219,0,1,0,0.0,0.0,0.0,0,26.0,0.08,45,10,fail,F1 no enclosed cavity
arm6helix_s6001,d013,3,208,167,41,1,0,,,,,,,,,REJECT,F0 internal/large orphan
arm5long_s5002,d265,1,226,226,0,1,0,43.0,2.51,765.4,26,23.6,0.08,63,28,fail,F2 envelope <= PYR1
arm5long_s5002,d278,1,235,235,0,1,0,0.0,0.0,0.0,0,23.2,0.08,57,10,fail,F1 no enclosed cavity
arm5long_s5002,d190,1,221,221,0,1,0,75.2,3.36,1051.5,4,22.8,0.08,55,10,fail,F2 envelope <= PYR1
arm5long_s5002,d212,1,216,216,0,1,0,46.0,2.41,555.8,8,24.0,0.08,46,17,fail,F2 envelope <= PYR1
arm6helix_s6001,d018,2,221,168,53,1,0,,,,,,,,,REJECT,F0 internal/large orphan
arm5long_s5002,d245,1,228,228,0,1,0,87.7,3.19,1285.8,4,26.1,0.08,52,15,fail,F4 HAB1 appendage
arm5long_s5002,d214,1,229,229,0,1,0,90.7,3.16,1189.9,2,23.9,0.08,61,10,fail,F4 HAB1 appendage
arm5long_s5002,d286,1,215,215,0,1,0,0.0,0.0,0.0,0,23.4,0.08,55,13,fail,F1 no enclosed cavity
arm5long_s5002,d206,1,205,205,0,1,0,86.0,3.35,1120.1,5,23.2,0.08,46,10,fail,F2 envelope <= PYR1
arm5long_s5002,d170,1,227,227,0,1,0,157.9,3.42,1102.1,5,27.1,0.08,40,16,fail,F2 envelope <= PYR1
arm5long_s5002,d250,1,217,217,0,1,0,44.1,2.44,778.0,14,23.3,0.08,31,12,fail,F2 envelope <= PYR1
arm5long_s5002,d254,1,215,215,0,1,0,63.9,3.24,1206.8,3,25.7,0.08,47,9,fail,F4 HAB1 appendage
arm6helix_s6001,d000,2,227,206,21,1,0,0.0,0.0,0.0,0,22.6,0.08,30,10,fail,F1 no enclosed cavity
arm5long_s5002,d257,1,218,218,0,1,0,0.0,0.0,0.0,0,27.3,0.08,39,9,fail,F1 no enclosed cavity
arm5long_s5002,d289,1,206,206,0,1,0,0.0,0.0,0.0,0,23.7,0.08,41,15,fail,F1 no enclosed cavity
arm5long_s5002,d200,1,239,239,0,1,0,82.1,3.54,1275.8,4,25.7,0.08,37,8,fail,F4 HAB1 appendage
arm5long_s5002,d287,1,220,220,0,1,0,0.0,0.0,0.0,0,23.4,0.08,62,11,fail,F1 no enclosed cavity
arm6helix_s6001,d031,2,222,164,58,1,0,,,,,,,,,REJECT,F0 internal/large orphan
arm5long_s5002,d272,1,231,231,0,1,0,0.0,0.0,0.0,0,25.5,0.08,51,7,fail,F1 no enclosed cavity
arm5long_s5002,d280,1,213,213,0,1,0,0.0,0.0,0.0,0,22.6,0.08,47,13,fail,F1 no enclosed cavity
arm5long_s5002,d234,1,217,217,0,1,0,162.0,3.49,1275.6,3,25.7,0.08,47,13,fail,F4 HAB1 appendage
arm6helix_s6001,d011,1,225,225,0,1,0,0.0,0.0,0.0,0,23.8,0.08,60,19,fail,F1 no enclosed cavity
arm5long_s5002,d233,1,221,221,0,1,0,147.7,3.43,1283.5,4,24.8,0.08,44,21,fail,F4 HAB1 appendage
arm5long_s5002,d263,1,188,188,0,1,0,187.9,3.29,1085.6,3,25.9,0.08,34,9,fail,F2 envelope <= PYR1
arm5long_s5002,d239,1,215,215,0,1,0,152.9,3.5,1238.0,4,23.2,0.08,47,9,fail,F4 HAB1 appendage
arm5long_s5002,d291,1,217,217,0,1,0,92.4,3.42,1203.1,6,24.6,0.08,48,10,fail,F4 HAB1 appendage
arm5long_s5002,d292,1,243,243,0,1,0,0.0,0.0,0.0,0,21.6,0.08,74,13,fail,F1 no enclosed cavity
arm5long_s5002,d213,1,198,198,0,1,0,120.3,3.49,1256.5,10,24.6,0.08,39,8,fail,F4 HAB1 appendage
arm6helix_s6001,d016,1,216,216,0,1,0,0.0,0.0,0.0,0,24.4,0.08,58,14,fail,F1 no enclosed cavity
arm6helix_s6001,d012,1,241,241,0,1,0,0.0,0.0,0.0,0,26.9,0.08,33,8,fail,F1 no enclosed cavity
arm5long_s5002,d275,1,206,206,0,1,0,0.0,0.0,0.0,0,24.9,0.08,53,12,fail,F1 no enclosed cavity
arm5long_s5002,d279,1,220,220,0,1,0,0.0,0.0,0.0,0,25.1,0.08,46,9,fail,F1 no enclosed cavity
arm5long_s5002,d223,1,233,233,0,1,0,167.0,3.36,1244.5,3,26.9,0.08,45,10,fail,F4 HAB1 appendage
arm6helix_s6001,d047,2,228,202,26,1,0,,,,,,,,,REJECT,F0 internal/large orphan
arm5long_s5002,d247,1,237,237,0,1,0,56.8,3.35,1276.6,4,26.3,0.08,48,10,fail,F4 HAB1 appendage
arm5long_s5002,d271,1,213,213,0,1,0,0.0,0.0,0.0,0,28.5,0.08,34,16,fail,F1 no enclosed cavity
arm5long_s5002,d290,1,212,212,0,1,0,0.0,0.0,0.0,0,22.4,0.08,57,10,fail,F1 no enclosed cavity
arm6helix_s6001,d002,1,205,205,0,1,0,0.0,0.0,0.0,0,23.7,0.08,52,20,fail,F1 no enclosed cavity
arm5long_s5002,d270,1,223,223,0,1,0,30.9,2.61,985.2,21,24.2,0.08,71,21,fail,F2 envelope <= PYR1
arm5long_s5002,d242,4,219,200,19,1,0,156.0,3.37,1108.8,8,23.4,0.08,53,17,fail,F2 envelope <= PYR1
arm5long_s5002,d283,1,210,210,0,1,0,0.0,0.0,0.0,0,24.7,0.08,56,18,fail,F1 no enclosed cavity
arm5long_s5002,d256,1,214,214,0,1,0,164.6,3.32,1220.0,3,24.1,0.08,47,7,fail,F4 HAB1 appendage
arm5long_s5002,d253,1,218,218,0,1,0,92.2,3.32,980.9,2,25.7,0.08,40,7,fail,F2 envelope <= PYR1
arm5long_s5002,d240,1,214,214,0,1,0,91.2,3.4,1263.0,4,24.5,0.08,45,12,fail,F4 HAB1 appendage
arm5long_s5002,d218,1,214,214,0,1,0,124.2,3.21,1226.9,4,27.5,0.08,44,17,fail,F4 HAB1 appendage
arm5long_s5002,d281,1,202,202,0,1,0,0.0,0.0,0.0,0,24.9,0.08,39,14,fail,F1 no enclosed cavity
arm6helix_s6001,d008,1,209,209,0,1,0,0.0,0.0,0.0,0,25.3,0.08,30,9,fail,F1 no enclosed cavity
arm6helix_s6001,d035,1,226,226,0,1,0,0.0,0.0,0.0,0,24.2,0.08,41,8,fail,F1 no enclosed cavity
arm6helix_s6001,d038,1,217,217,0,1,0,0.0,0.0,0.0,0,23.5,0.08,46,13,fail,F1 no enclosed cavity
arm5long_s5002,d276,1,202,202,0,1,0,109.7,3.24,1164.0,6,23.9,0.08,45,14,fail,F2 envelope <= PYR1
arm5long_s5002,d252,1,222,222,0,1,0,85.3,3.22,1229.9,5,26.5,0.08,51,11,fail,F4 HAB1 appendage
arm6helix_s6001,d025,1,212,212,0,1,0,0.0,0.0,0.0,0,23.6,0.08,46,11,fail,F1 no enclosed cavity
arm6helix_s6001,d023,1,215,215,0,1,0,0.0,0.0,0.0,0,23.4,0.08,54,15,fail,F1 no enclosed cavity
arm6helix_s6001,d020,1,213,213,0,1,0,96.1,3.19,1292.2,5,22.8,0.08,35,11,fail,F4 HAB1 appendage
arm6helix_s6001,d044,1,225,225,0,1,0,0.0,0.0,0.0,0,25.5,0.08,63,17,fail,F1 no enclosed cavity
arm6helix_s6001,d036,1,217,217,0,1,0,88.8,3.46,1179.1,7,22.0,0.08,48,9,fail,F2 envelope <= PYR1
arm6helix_s6001,d030,1,212,212,0,1,0,0.0,0.0,0.0,0,23.6,0.08,48,11,fail,F1 no enclosed cavity
arm6helix_s6001,d015,1,234,234,0,1,0,141.3,3.25,1309.9,5,26.6,0.08,44,11,fail,F4 HAB1 appendage
arm6helix_s6001,d021,1,209,209,0,1,0,0.0,0.0,0.0,0,23.8,0.08,49,12,fail,F1 no enclosed cavity
arm6helix_s6001,d029,1,218,218,0,1,0,213.0,3.48,1230.6,8,22.9,0.08,51,15,fail,F4 HAB1 appendage
arm5long_s5002,d208,1,204,204,0,1,0,133.5,3.43,1354.1,6,27.0,0.08,38,14,fail,F4 HAB1 appendage
arm5long_s5002,d285,1,208,208,0,1,0,141.5,3.38,997.8,3,23.1,0.08,28,11,fail,F2 envelope <= PYR1
arm6helix_s6001,d026,1,231,231,0,1,0,184.0,3.16,1326.0,5,25.0,0.08,48,8,fail,F4 HAB1 appendage
arm5long_s5002,d226,1,204,204,0,1,0,188.8,3.49,1277.6,4,29.8,0.08,34,15,fail,F4 HAB1 appendage
arm6helix_s6001,d009,1,203,203,0,1,0,98.7,3.46,1239.9,4,24.7,0.08,57,17,fail,F4 HAB1 appendage
arm5long_s5002,d260,1,212,212,0,1,0,102.4,3.53,1184.1,3,25.2,0.08,46,16,fail,F4 HAB1 appendage
arm6helix_s6001,d041,1,206,206,0,1,0,0.0,0.0,0.0,0,24.7,0.08,57,16,fail,F1 no enclosed cavity
arm6helix_s6001,d022,1,231,231,0,1,0,87.9,3.47,1156.0,1,24.8,0.08,49,12,fail,F2 envelope <= PYR1
arm6helix_s6001,d049,1,244,244,0,1,0,0.0,0.0,0.0,0,22.9,0.08,52,14,fail,F1 no enclosed cavity
arm6helix_s6001,d063,1,237,237,0,1,0,0.0,0.0,0.0,0,25.3,0.08,29,11,fail,F1 no enclosed cavity
arm6helix_s6001,d010,1,234,234,0,1,0,149.9,3.27,1300.9,2,25.0,0.08,56,14,fail,F4 HAB1 appendage
arm5long_s5002,d262,1,203,203,0,1,0,210.8,3.49,1390.8,4,27.4,0.08,35,15,fail,F4 HAB1 appendage
arm5long_s5002,d268,1,218,218,0,1,0,57.0,3.49,1209.0,3,26.6,0.08,46,10,fail,F4 HAB1 appendage
arm6helix_s6001,d087,2,193,152,41,1,0,,,,,,,,,REJECT,F0 internal/large orphan
arm6helix_s6001,d048,1,226,226,0,1,0,71.7,3.08,1252.5,5,24.1,0.08,51,10,fail,F4 HAB1 appendage
arm6helix_s6001,d071,1,215,215,0,1,0,0.0,0.0,0.0,0,24.0,0.08,45,24,fail,F1 no enclosed cavity
arm6helix_s6001,d070,1,216,216,0,1,0,0.0,0.0,0.0,0,25.3,0.08,33,6,fail,F1 no enclosed cavity
arm6helix_s6001,d055,1,208,208,0,1,0,0.0,0.0,0.0,0,24.8,0.08,46,14,fail,F1 no enclosed cavity
arm6helix_s6001,d006,1,214,214,0,1,0,52.3,3.11,1217.2,4,25.2,0.08,48,14,fail,F4 HAB1 appendage
arm6helix_s6001,d093,2,226,172,54,1,0,,,,,,,,,REJECT,F0 internal/large orphan
arm6helix_s6001,d037,1,217,217,0,1,0,0.0,0.0,0.0,0,23.7,0.08,44,15,fail,F1 no enclosed cavity
arm6helix_s6001,d039,1,203,203,0,1,0,68.5,2.47,876.5,20,25.4,0.08,38,7,fail,F2 envelope <= PYR1
arm6helix_s6001,d074,1,216,216,0,1,0,0.0,0.0,0.0,0,24.6,0.08,30,6,fail,F1 no enclosed cavity
arm6helix_s6001,d005,1,233,233,0,1,0,167.8,3.43,1074.9,11,24.2,0.08,44,9,fail,F2 envelope <= PYR1
arm6helix_s6001,d098,2,225,170,55,1,0,,,,,,,,,REJECT,F0 internal/large orphan
arm6helix_s6001,d043,1,195,195,0,1,0,63.5,3.19,1234.6,7,22.8,0.08,34,14,fail,F4 HAB1 appendage
arm5long_s5002,d282,1,210,210,0,1,0,225.1,3.33,1134.8,3,23.9,0.08,59,25,fail,F2 envelope <= PYR1
arm6helix_s6001,d003,1,214,214,0,1,0,117.5,3.12,1233.2,6,25.2,0.08,42,11,fail,F4 HAB1 appendage
arm6helix_s6001,d058,1,210,210,0,1,0,0.0,0.0,0.0,0,22.3,0.08,44,19,fail,F1 no enclosed cavity
arm6helix_s6001,d017,1,214,214,0,1,0,0.0,0.0,0.0,0,26.7,0.08,27,12,fail,F1 no enclosed cavity
arm5long_s5002,d273,1,203,203,0,1,0,97.0,3.45,1249.1,5,27.8,0.08,40,16,fail,F4 HAB1 appendage
arm6helix_s6001,d045,1,214,214,0,1,0,0.0,0.0,0.0,0,25.2,0.08,37,15,fail,F1 no enclosed cavity
arm6helix_s6001,d054,1,215,215,0,1,0,119.2,3.53,1086.4,1,22.6,0.08,29,6,fail,F2 envelope <= PYR1
arm5long_s5002,d288,1,197,197,0,1,0,58.3,3.37,1175.8,5,24.1,0.08,50,17,fail,F2 envelope <= PYR1
arm6helix_s6001,d069,1,222,222,0,1,0,0.0,0.0,0.0,0,25.3,0.08,49,11,fail,F1 no enclosed cavity
arm6helix_s6001,d109,2,208,156,52,1,0,,,,,,,,,REJECT,F0 internal/large orphan
arm6helix_s6001,d053,1,210,210,0,1,0,143.4,3.45,1244.9,5,25.0,0.08,42,18,fail,F4 HAB1 appendage
arm5long_s5002,d277,1,199,199,0,1,0,130.0,3.49,1098.9,4,25.6,0.08,41,14,fail,F2 envelope <= PYR1
arm6helix_s6001,d032,1,221,221,0,1,0,46.0,3.46,1287.9,4,24.2,0.08,55,10,fail,F4 HAB1 appendage
arm6helix_s6001,d059,1,239,239,0,1,0,0.0,0.0,0.0,0,25.0,0.08,54,10,fail,F1 no enclosed cavity
arm6helix_s6001,d064,1,221,221,0,1,0,0.0,0.0,0.0,0,25.4,0.08,39,15,fail,F1 no enclosed cavity
arm6helix_s6001,d040,1,233,233,0,1,0,93.5,3.44,1269.1,9,24.3,0.08,44,9,fail,F4 HAB1 appendage
arm6helix_s6001,d033,1,219,219,0,1,0,67.0,3.45,1236.4,4,25.2,0.08,44,7,fail,F4 HAB1 appendage
arm6helix_s6001,d081,1,224,224,0,1,0,0.0,0.0,0.0,0,25.8,0.08,45,7,fail,F1 no enclosed cavity
arm6helix_s6001,d089,1,216,216,0,1,0,0.0,0.0,0.0,0,23.4,0.08,45,11,fail,F1 no enclosed cavity
arm6helix_s6001,d077,1,236,236,0,1,0,130.7,3.31,1149.2,2,23.4,0.08,54,12,fail,F2 envelope <= PYR1
arm6helix_s6001,d062,1,211,211,0,1,0,82.9,3.09,1016.9,1,25.7,0.08,46,11,fail,F2 envelope <= PYR1
arm6helix_s6001,d042,1,212,212,0,1,0,68.3,3.07,1255.8,5,24.6,0.08,46,11,fail,F4 HAB1 appendage
arm6helix_s6001,d001,1,202,202,0,1,0,191.8,3.46,1399.2,2,26.6,0.08,37,12,fail,F4 HAB1 appendage
arm6helix_s6001,d091,1,223,223,0,1,0,0.0,0.0,0.0,0,25.1,0.08,45,8,fail,F1 no enclosed cavity
arm6helix_s6001,d124,4,207,149,58,1,0,,,,,,,,,REJECT,F0 internal/large orphan
arm5long_s5002,d267,1,203,203,0,1,0,56.2,3.39,1210.2,8,25.4,0.08,35,8,fail,F4 HAB1 appendage
arm6helix_s6001,d014,1,211,211,0,1,0,123.8,3.21,1281.0,7,24.9,0.08,39,6,fail,F4 HAB1 appendage
arm6helix_s6001,d086,1,212,212,0,1,0,0.0,0.0,0.0,0,23.1,0.08,51,19,fail,F1 no enclosed cavity
arm6helix_s6001,d034,1,228,228,0,1,0,155.5,3.49,1088.0,3,23.6,0.08,45,6,fail,F2 envelope <= PYR1
arm6helix_s6001,d110,1,219,219,0,1,0,0.0,0.0,0.0,0,23.2,0.08,54,34,fail,F1 no enclosed cavity
arm6helix_s6001,d004,1,197,197,0,1,0,64.8,3.13,971.0,6,23.1,0.08,35,12,fail,F2 envelope <= PYR1
arm6helix_s6001,d094,1,215,215,0,1,0,0.0,0.0,0.0,0,21.9,0.08,41,15,fail,F1 no enclosed cavity
arm6helix_s6001,d061,1,218,218,0,1,0,141.9,3.23,1327.0,6,22.4,0.08,53,10,fail,F4 HAB1 appendage
arm6helix_s6001,d060,1,214,214,0,1,0,74.1,3.34,1272.2,7,25.1,0.08,37,9,fail,F4 HAB1 appendage
arm6helix_s6001,d028,1,214,214,0,1,0,109.5,3.45,1202.5,5,23.6,0.08,36,15,fail,F4 HAB1 appendage
arm6helix_s6001,d027,1,224,224,0,1,0,81.0,3.14,1210.6,4,25.8,0.08,43,11,fail,F4 HAB1 appendage
arm6helix_s6001,d082,2,225,220,5,1,0,68.7,3.37,1257.4,3,22.9,0.08,52,10,fail,F4 HAB1 appendage
arm6helix_s6001,d119,1,226,226,0,1,0,0.0,0.0,0.0,0,22.9,0.08,40,13,fail,F1 no enclosed cavity
arm6helix_s6001,d085,1,209,209,0,1,0,171.1,3.29,1221.0,7,25.1,0.08,37,12,fail,F4 HAB1 appendage
arm6helix_s6001,d107,1,220,220,0,1,0,0.0,0.0,0.0,0,23.1,0.08,47,11,fail,F1 no enclosed cavity
arm6helix_s6001,d095,1,216,216,0,1,0,0.0,0.0,0.0,0,22.9,0.08,36,10,fail,F1 no enclosed cavity
arm6helix_s6001,d067,1,212,212,0,1,0,97.2,3.41,1165.0,4,27.5,0.08,38,21,fail,F2 envelope <= PYR1
arm6helix_s6001,d084,1,213,213,0,1,0,100.0,3.2,1236.5,4,24.8,0.08,55,22,fail,F4 HAB1 appendage
arm6helix_s6001,d114,1,230,230,0,1,0,0.0,0.0,0.0,0,22.7,0.08,55,12,fail,F1 no enclosed cavity
arm6helix_s6001,d090,1,218,218,0,1,0,116.6,3.34,1274.6,3,24.6,0.08,43,19,fail,F4 HAB1 appendage
arm6helix_s6001,d065,1,208,208,0,1,0,205.6,3.33,1337.2,4,24.1,0.08,56,10,fail,F4 HAB1 appendage
arm6helix_s6001,d019,1,219,219,0,1,0,145.6,3.46,1182.1,3,27.9,0.08,29,15,fail,F2 envelope <= PYR1
arm6helix_s6001,d072,1,235,235,0,1,0,75.8,2.58,844.9,7,23.0,0.08,52,10,fail,F2 envelope <= PYR1
arm6helix_s6001,d148,3,212,162,50,1,0,,,,,,,,,REJECT,F0 internal/large orphan
arm6helix_s6001,d080,1,241,241,0,1,0,83.2,3.2,1225.2,6,26.3,0.08,67,13,fail,F4 HAB1 appendage
arm6helix_s6001,d123,1,233,233,0,1,0,0.0,0.0,0.0,0,24.0,0.08,55,9,fail,F1 no enclosed cavity
arm6helix_s6001,d134,1,202,202,0,1,0,0.0,0.0,0.0,0,22.2,0.08,37,20,fail,F1 no enclosed cavity
arm6helix_s6001,d024,3,218,206,12,1,0,63.7,3.56,1203.6,1,24.4,0.08,30,22,fail,F4 HAB1 appendage
arm6helix_s6001,d056,1,213,213,0,1,0,142.8,3.48,1300.6,7,25.7,0.08,57,25,fail,F4 HAB1 appendage
arm6helix_s6001,d073,1,227,227,0,1,0,205.2,3.34,1169.5,4,23.5,0.08,58,23,fail,F2 envelope <= PYR1
arm6helix_s6001,d057,1,239,239,0,1,0,67.4,3.29,1219.2,6,24.5,0.08,46,9,fail,F4 HAB1 appendage
arm6helix_s6001,d128,1,222,222,0,1,0,0.0,0.0,0.0,0,21.9,0.08,48,6,fail,F1 no enclosed cavity
arm6helix_s6001,d100,1,214,214,0,1,0,0.0,0.0,0.0,0,26.7,0.08,30,12,fail,F1 no enclosed cavity
arm6helix_s6001,d103,1,227,227,0,1,0,0.0,0.0,0.0,0,24.7,0.08,55,9,fail,F1 no enclosed cavity
arm6helix_s6001,d052,1,228,228,0,1,0,163.1,3.5,1184.2,2,26.8,0.08,35,17,fail,F4 HAB1 appendage
arm6helix_s6001,d068,1,214,214,0,1,0,126.6,3.44,1219.6,5,24.6,0.08,61,19,fail,F4 HAB1 appendage
arm6helix_s6001,d097,1,218,218,0,1,0,77.1,3.25,1314.4,5,24.6,0.08,53,16,fail,F4 HAB1 appendage
arm6helix_s6001,d117,1,223,223,0,1,0,198.3,3.41,1172.5,1,24.6,0.08,62,28,fail,F2 envelope <= PYR1
arm6helix_s6001,d115,1,224,224,0,1,0,0.0,0.0,0.0,0,25.7,0.08,48,14,fail,F1 no enclosed cavity
arm6helix_s6001,d143,1,213,213,0,1,0,0.0,0.0,0.0,0,27.3,0.08,35,22,fail,F1 no enclosed cavity
arm6helix_s6001,d131,1,233,233,0,1,0,0.0,0.0,0.0,0,24.0,0.08,47,9,fail,F1 no enclosed cavity
arm6helix_s6001,d145,1,230,230,0,1,0,0.0,0.0,0.0,0,23.2,0.08,40,4,fail,F1 no enclosed cavity
arm6helix_s6001,d130,1,232,232,0,1,0,114.0,3.27,1220.2,6,23.5,0.08,60,16,fail,F4 HAB1 appendage
arm6helix_s6001,d137,1,226,226,0,1,0,0.0,0.0,0.0,0,21.3,0.08,48,6,fail,F1 no enclosed cavity
arm6helix_s6001,d051,1,226,226,0,1,0,115.6,3.24,1206.8,1,27.7,0.08,41,8,fail,F4 HAB1 appendage
arm6helix_s6001,d078,1,232,232,0,1,0,135.6,3.37,1371.2,4,25.5,0.08,53,10,fail,F4 HAB1 appendage
arm6helix_s6001,d079,1,209,209,0,1,0,157.5,3.48,1253.4,3,23.3,0.08,46,16,fail,F4 HAB1 appendage
arm6helix_s6001,d126,1,219,219,0,1,0,0.0,0.0,0.0,0,23.2,0.08,50,9,fail,F1 no enclosed cavity
arm6helix_s6001,d121,1,218,218,0,1,0,48.4,2.63,1155.2,4,23.8,0.08,48,15,fail,F2 envelope <= PYR1
arm6helix_s6001,d046,1,225,225,0,1,0,86.6,3.48,1342.2,2,26.1,0.08,52,21,fail,F4 HAB1 appendage
arm6helix_s6001,d120,1,224,224,0,1,0,58.5,3.0,1304.8,3,24.7,0.08,54,12,fail,F4 HAB1 appendage
arm6helix_s6001,d133,1,230,230,0,1,0,0.0,0.0,0.0,0,25.4,0.08,59,14,fail,F1 no enclosed cavity
arm6helix_s6001,d083,1,196,196,0,1,0,175.6,3.18,1325.2,4,24.1,0.08,35,13,fail,F4 HAB1 appendage
arm6helix_s6001,d066,1,223,223,0,1,0,78.4,3.34,1211.4,5,25.4,0.08,46,17,fail,F4 HAB1 appendage
arm6helix_s6001,d144,1,231,231,0,1,0,0.0,0.0,0.0,0,25.5,0.08,40,9,fail,F1 no enclosed cavity
arm6helix_s6001,d075,1,230,230,0,1,0,58.5,3.34,1212.9,2,26.2,0.08,45,8,fail,F4 HAB1 appendage
arm6helix_s6001,d138,1,233,233,0,1,0,175.2,3.47,1300.6,3,25.0,0.08,60,17,fail,F4 HAB1 appendage
arm6helix_s6001,d106,1,226,226,0,1,0,76.9,3.5,1202.2,7,22.2,0.08,34,8,fail,F4 HAB1 appendage
arm6helix_s6001,d153,1,212,212,0,1,0,0.0,0.0,0.0,0,21.8,0.08,63,15,fail,F1 no enclosed cavity
arm6helix_s6001,d136,1,227,227,0,1,0,0.0,0.0,0.0,0,25.3,0.08,30,4,fail,F1 no enclosed cavity
arm6helix_s6001,d140,1,228,228,0,1,0,99.6,3.56,1250.5,4,22.9,0.08,40,11,fail,F4 HAB1 appendage
arm6helix_s6001,d152,1,220,220,0,1,0,0.0,0.0,0.0,0,24.8,0.08,35,7,fail,F1 no enclosed cavity
arm6helix_s6001,d111,1,213,213,0,1,0,0.0,0.0,0.0,0,25.9,0.08,28,6,fail,F1 no enclosed cavity
arm6helix_s6001,d102,1,217,217,0,1,0,148.0,3.31,1198.6,3,22.8,0.08,46,14,fail,F4 HAB1 appendage
arm6helix_s6001,d088,1,222,222,0,1,0,81.6,3.2,1201.2,4,23.9,0.08,51,19,fail,F4 HAB1 appendage
arm6helix_s6001,d127,1,209,209,0,1,0,74.1,3.48,1227.9,5,21.6,0.08,35,6,fail,F4 HAB1 appendage
arm6helix_s6001,d076,1,210,210,0,1,0,86.0,3.42,1182.8,5,23.7,0.08,48,18,fail,F2 envelope <= PYR1
arm6helix_s6001,d125,1,218,218,0,1,0,82.9,3.53,1270.8,4,23.1,0.08,46,8,fail,F4 HAB1 appendage
arm6helix_s6001,d155,1,217,217,0,1,0,0.0,0.0,0.0,0,23.4,0.08,48,15,fail,F1 no enclosed cavity
arm6helix_s6001,d142,1,216,216,0,1,0,152.1,3.27,1237.2,8,23.9,0.08,38,14,fail,F4 HAB1 appendage
arm6helix_s6001,d122,1,212,212,0,1,0,143.4,3.1,1228.2,5,24.0,0.08,32,10,fail,F4 HAB1 appendage
arm6helix_s6001,d150,1,217,217,0,1,0,107.1,3.47,1218.4,7,24.1,0.08,48,9,fail,F4 HAB1 appendage
arm6helix_s6001,d099,1,205,205,0,1,0,90.5,3.4,1222.0,5,24.8,0.08,44,8,fail,F4 HAB1 appendage
arm6helix_s6001,d139,1,222,222,0,1,0,24.6,2.43,645.5,8,25.5,0.08,46,7,fail,F2 envelope <= PYR1
arm6helix_s6001,d146,1,206,206,0,1,0,0.0,0.0,0.0,0,23.9,0.08,51,8,fail,F1 no enclosed cavity
arm6helix_s6001,d118,1,223,223,0,1,0,131.5,3.52,1200.1,5,25.4,0.08,49,7,fail,F4 HAB1 appendage
arm6helix_s6001,d096,1,231,231,0,1,0,155.5,3.43,1273.5,6,26.2,0.08,40,12,fail,F4 HAB1 appendage
arm6helix_s6001,d151,1,203,203,0,1,0,98.1,3.48,1137.5,1,21.3,0.08,49,31,fail,F2 envelope <= PYR1
arm6helix_s6001,d157,1,221,221,0,1,0,0.0,0.0,0.0,0,23.5,0.08,59,20,fail,F1 no enclosed cavity
arm6helix_s6001,d108,1,205,205,0,1,0,69.6,2.99,1188.1,6,24.0,0.08,46,18,fail,F4 HAB1 appendage
arm6helix_s6001,d050,1,229,229,0,1,0,154.0,3.45,1129.0,2,26.0,0.08,34,10,fail,F2 envelope <= PYR1
arm6helix_s6001,d173,1,221,221,0,1,0,0.0,0.0,0.0,0,23.1,0.08,47,10,fail,F1 no enclosed cavity
arm6helix_s6001,d183,1,219,219,0,1,0,0.0,0.0,0.0,0,23.2,0.08,47,13,fail,F1 no enclosed cavity
arm6helix_s6001,d147,1,222,222,0,1,0,0.0,0.0,0.0,0,27.1,0.08,35,10,fail,F1 no enclosed cavity
arm6helix_s6001,d164,1,215,215,0,1,0,0.0,0.0,0.0,0,23.0,0.08,40,11,fail,F1 no enclosed cavity
arm6helix_s6001,d092,1,194,194,0,1,0,135.9,3.32,985.0,7,26.2,0.08,37,12,fail,F2 envelope <= PYR1
arm6helix_s6001,d101,1,198,198,0,1,0,141.5,3.37,1228.9,5,25.7,0.08,37,18,fail,F4 HAB1 appendage
arm6helix_s6001,d212,2,224,178,46,1,0,,,,,,,,,REJECT,F0 internal/large orphan
arm6helix_s6001,d163,1,232,232,0,1,0,87.7,3.11,1160.5,3,24.8,0.08,62,11,fail,F2 envelope <= PYR1
arm6helix_s6001,d129,1,205,205,0,1,0,64.4,3.14,1109.5,4,26.5,0.08,40,8,fail,F2 envelope <= PYR1
arm6helix_s6001,d215,2,217,151,66,1,0,,,,,,,,,REJECT,F0 internal/large orphan
arm6helix_s6001,d116,1,202,202,0,1,0,57.2,3.22,1229.8,9,24.2,0.08,50,19,fail,F4 HAB1 appendage
arm6helix_s6001,d194,1,230,230,0,1,0,0.0,0.0,0.0,0,23.7,0.08,52,15,fail,F1 no enclosed cavity
arm6helix_s6001,d193,1,223,223,0,1,0,0.0,0.0,0.0,0,24.6,0.08,53,14,fail,F1 no enclosed cavity
arm6helix_s6001,d177,1,226,226,0,1,0,0.0,0.0,0.0,0,25.8,0.08,41,6,fail,F1 no enclosed cavity
arm6helix_s6001,d170,1,216,216,0,1,0,0.0,0.0,0.0,0,23.6,0.08,23,6,fail,F1 no enclosed cavity
arm6helix_s6001,d135,1,214,214,0,1,0,99.6,3.18,1290.1,5,22.9,0.08,35,8,fail,F4 HAB1 appendage
arm6helix_s6001,d112,1,209,209,0,1,0,18.4,2.46,809.2,15,23.6,0.08,56,15,fail,F2 envelope <= PYR1
arm6helix_s6001,d223,2,211,167,44,1,0,,,,,,,,,REJECT,F0 internal/large orphan
arm6helix_s6001,d174,1,216,216,0,1,0,0.0,0.0,0.0,0,25.4,0.08,40,12,fail,F1 no enclosed cavity
arm6helix_s6001,d178,1,239,239,0,1,0,0.0,0.0,0.0,0,24.8,0.08,50,13,fail,F1 no enclosed cavity
arm6helix_s6001,d195,1,203,203,0,1,0,0.0,0.0,0.0,0,23.0,0.08,41,11,fail,F1 no enclosed cavity
arm6helix_s6001,d104,1,206,206,0,1,0,84.0,3.31,1275.0,4,26.7,0.08,42,20,fail,F4 HAB1 appendage
arm6helix_s6001,d165,1,221,221,0,1,0,120.1,3.5,1374.0,4,28.2,0.08,50,19,fail,F4 HAB1 appendage
arm6helix_s6001,d132,1,213,213,0,1,0,165.7,3.49,1210.9,4,23.2,0.08,47,11,fail,F4 HAB1 appendage
arm6helix_s6001,d166,1,209,209,0,1,0,101.3,3.21,1253.2,5,25.9,0.08,33,16,fail,F4 HAB1 appendage
arm6helix_s6001,d210,1,207,207,0,1,0,0.0,0.0,0.0,0,24.3,0.08,58,11,fail,F1 no enclosed cavity
arm6helix_s6001,d182,1,206,206,0,1,0,0.0,0.0,0.0,0,26.6,0.08,36,11,fail,F1 no enclosed cavity
arm6helix_s6001,d167,1,212,212,0,1,0,151.8,3.19,1234.9,3,26.1,0.08,38,7,fail,F4 HAB1 appendage
arm6helix_s6001,d198,1,205,205,0,1,0,123.3,3.39,1235.5,6,22.6,0.08,36,10,fail,F4 HAB1 appendage
arm6helix_s6001,d206,1,234,234,0,1,0,0.0,0.0,0.0,0,24.6,0.08,61,11,fail,F1 no enclosed cavity
arm6helix_s6001,d176,1,227,227,0,1,0,205.8,3.38,1269.4,2,22.6,0.08,47,10,fail,F4 HAB1 appendage
arm6helix_s6001,d180,1,233,233,0,1,0,0.0,0.0,0.0,0,26.1,0.08,35,19,fail,F1 no enclosed cavity
arm6helix_s6001,d218,1,230,230,0,1,0,0.0,0.0,0.0,0,23.8,0.08,41,9,fail,F1 no enclosed cavity
arm6helix_s6001,d161,1,225,225,0,1,0,98.7,3.11,1258.6,4,24.4,0.08,54,24,fail,F4 HAB1 appendage
arm6helix_s6001,d156,1,221,221,0,1,0,158.1,3.48,1277.5,4,23.3,0.08,45,9,fail,F4 HAB1 appendage
arm6helix_s6001,d185,1,211,211,0,1,0,78.0,3.34,1153.1,3,23.2,0.08,44,11,fail,F2 envelope <= PYR1
arm6helix_s6001,d169,1,203,203,0,1,0,62.4,3.06,1227.8,5,24.0,0.08,47,14,fail,F4 HAB1 appendage
arm6helix_s6001,d192,1,231,231,0,1,0,0.0,0.0,0.0,0,23.6,0.08,57,13,fail,F1 no enclosed cavity
arm6helix_s6001,d160,1,198,198,0,1,0,60.0,3.19,1338.1,5,24.9,0.08,45,23,fail,F4 HAB1 appendage
arm6helix_s6001,d168,1,208,208,0,1,0,130.5,3.46,1233.9,4,27.3,0.08,37,17,fail,F4 HAB1 appendage
arm6helix_s6001,d191,1,233,233,0,1,0,116.0,3.23,1235.9,6,27.3,0.08,38,6,fail,F4 HAB1 appendage
arm6helix_s6001,d162,1,225,225,0,1,0,24.2,2.52,815.2,6,25.4,0.08,53,22,fail,F2 envelope <= PYR1
arm6helix_s6001,d214,1,214,214,0,1,0,125.3,3.11,1234.0,4,23.1,0.08,39,6,fail,F4 HAB1 appendage
arm6helix_s6001,d227,1,211,211,0,1,0,0.0,0.0,0.0,0,21.2,0.08,37,9,fail,F1 no enclosed cavity
arm6helix_s6001,d105,1,206,206,0,1,0,92.2,3.46,1178.9,6,26.8,0.08,37,15,fail,F2 envelope <= PYR1
arm6helix_s6001,d199,1,189,189,0,1,0,70.0,3.12,1265.4,5,24.9,0.08,38,9,fail,F4 HAB1 appendage
arm6helix_s6001,d172,1,223,223,0,1,0,128.1,3.07,1122.6,6,23.9,0.08,57,7,fail,F2 envelope <= PYR1
arm6helix_s6001,d190,1,217,217,0,1,0,88.3,3.45,950.2,2,22.6,0.08,49,19,fail,F2 envelope <= PYR1
arm6helix_s6001,d141,1,215,215,0,1,0,109.9,3.38,1198.8,2,28.0,0.08,40,13,fail,F4 HAB1 appendage
arm6helix_s6001,d187,1,222,222,0,1,0,134.4,3.39,1068.2,3,24.9,0.08,49,12,fail,F2 envelope <= PYR1
arm6helix_s6001,d216,1,225,225,0,1,0,0.0,0.0,0.0,0,24.0,0.08,43,16,fail,F1 no enclosed cavity
arm6helix_s6001,d225,1,216,216,0,1,0,0.0,0.0,0.0,0,24.5,0.08,49,13,fail,F1 no enclosed cavity
arm6helix_s6001,d196,1,214,214,0,1,0,122.3,3.21,1186.6,5,23.2,0.08,44,13,fail,F4 HAB1 appendage
arm6helix_s6001,d220,1,225,225,0,1,0,0.0,0.0,0.0,0,24.7,0.08,46,11,fail,F1 no enclosed cavity
arm6helix_s6001,d224,1,208,208,0,1,0,0.0,0.0,0.0,0,24.3,0.08,44,10,fail,F1 no enclosed cavity
arm6helix_s6001,d232,1,214,214,0,1,0,58.3,3.17,1141.5,6,21.6,0.08,37,3,fail,F2 envelope <= PYR1
arm6helix_s6001,d149,1,213,213,0,1,0,188.8,3.3,1039.0,10,25.6,0.08,36,9,fail,F2 envelope <= PYR1
arm6helix_s6001,d181,1,228,228,0,1,0,184.7,3.27,1071.5,1,24.8,0.08,49,18,fail,F2 envelope <= PYR1
arm6helix_s6001,d222,1,215,215,0,1,0,0.0,0.0,0.0,0,23.7,0.08,53,15,fail,F1 no enclosed cavity
arm6helix_s6001,d243,1,230,230,0,1,0,0.0,0.0,0.0,0,24.5,0.08,43,15,fail,F1 no enclosed cavity
arm6helix_s6001,d186,1,216,216,0,1,0,125.5,3.43,1015.0,2,25.1,0.08,45,9,fail,F2 envelope <= PYR1
arm6helix_s6001,d219,1,211,211,0,1,0,144.7,3.45,1223.5,3,26.2,0.08,39,12,fail,F4 HAB1 appendage
arm6helix_s6001,d237,1,230,230,0,1,0,0.0,0.0,0.0,0,21.9,0.08,63,11,fail,F1 no enclosed cavity
arm6helix_s6001,d188,1,215,215,0,1,0,120.7,3.37,1229.6,4,28.4,0.08,28,11,fail,F4 HAB1 appendage
arm6helix_s6001,d154,1,230,230,0,1,0,77.5,3.38,1195.0,3,24.0,0.08,48,18,fail,F4 HAB1 appendage
arm6helix_s6001,d231,1,227,227,0,1,0,0.0,0.0,0.0,0,22.1,0.08,48,8,fail,F1 no enclosed cavity
arm6helix_s6001,d113,1,213,213,0,1,0,96.6,3.24,1039.2,3,26.9,0.08,56,16,fail,F2 envelope <= PYR1
arm6helix_s6001,d246,1,215,215,0,1,0,0.0,0.0,0.0,0,21.9,0.08,44,14,fail,F1 no enclosed cavity
arm6helix_s6001,d249,1,210,210,0,1,0,0.0,0.0,0.0,0,23.5,0.08,35,12,fail,F1 no enclosed cavity
arm6helix_s6001,d245,1,200,200,0,1,0,45.4,3.25,1335.0,5,22.3,0.08,35,8,fail,F4 HAB1 appendage
arm6helix_s6001,d208,1,204,204,0,1,0,128.7,3.45,1140.5,3,27.1,0.08,48,17,fail,F2 envelope <= PYR1
arm6helix_s6001,d171,1,216,216,0,1,0,119.7,3.3,1236.4,4,24.5,0.08,49,15,fail,F4 HAB1 appendage
arm6helix_s6001,d240,1,228,228,0,1,0,0.0,0.0,0.0,0,23.0,0.08,43,10,fail,F1 no enclosed cavity
arm6helix_s6001,d279,2,220,192,28,1,0,,,,,,,,,REJECT,F0 internal/large orphan
arm6helix_s6001,d256,1,200,200,0,1,0,0.0,0.0,0.0,0,23.2,0.08,46,7,fail,F1 no enclosed cavity
arm6helix_s6001,d158,1,215,215,0,1,0,137.4,3.19,1292.5,4,25.3,0.08,48,19,fail,F4 HAB1 appendage
arm6helix_s6001,d228,1,215,215,0,1,0,0.0,0.0,0.0,0,23.7,0.08,36,20,fail,F1 no enclosed cavity
arm6helix_s6001,d189,1,226,226,0,1,0,214.1,3.33,1254.8,4,25.9,0.08,50,17,fail,F4 HAB1 appendage
arm6helix_s6001,d159,1,225,225,0,1,0,135.6,3.28,1157.6,1,27.9,0.08,35,13,fail,F2 envelope <= PYR1
arm6helix_s6001,d209,1,212,212,0,1,0,138.5,3.41,1063.1,2,22.6,0.08,53,19,fail,F2 envelope <= PYR1
arm6helix_s6001,d229,1,204,204,0,1,0,85.5,3.16,1217.1,6,24.0,0.08,43,16,fail,F4 HAB1 appendage
arm6helix_s6001,d239,1,211,211,0,1,0,197.9,3.3,1244.1,4,25.1,0.08,37,16,fail,F4 HAB1 appendage
arm6helix_s6001,d238,1,212,212,0,1,0,104.5,3.45,1082.0,2,25.1,0.08,44,14,fail,F2 envelope <= PYR1
arm6helix_s6001,d268,1,224,224,0,1,0,0.0,0.0,0.0,0,22.2,0.08,31,10,fail,F1 no enclosed cavity
arm6helix_s6001,d202,1,204,204,0,1,0,134.1,3.44,1095.8,1,24.0,0.08,41,11,fail,F2 envelope <= PYR1
arm6helix_s6001,d230,1,226,226,0,1,0,119.9,3.18,1177.8,4,22.1,0.08,56,10,fail,F2 envelope <= PYR1
arm6helix_s6001,d236,1,199,199,0,1,0,96.6,3.13,1244.8,6,26.1,0.08,42,19,fail,F4 HAB1 appendage
arm6helix_s6001,d235,1,216,216,0,1,0,77.1,3.41,1339.2,4,23.7,0.08,55,12,fail,F4 HAB1 appendage
arm6helix_s6001,d266,1,221,221,0,1,0,0.0,0.0,0.0,0,21.5,0.08,33,3,fail,F1 no enclosed cavity
arm6helix_s6001,d207,1,212,212,0,1,0,227.0,3.45,1299.6,8,23.4,0.08,39,8,fail,F4 HAB1 appendage
arm6helix_s6001,d270,1,229,229,0,1,0,0.0,0.0,0.0,0,22.7,0.08,58,21,fail,F1 no enclosed cavity
arm6helix_s6001,d271,1,211,211,0,1,0,0.0,0.0,0.0,0,22.8,0.08,61,23,fail,F1 no enclosed cavity
arm6helix_s6001,d184,1,203,203,0,1,0,68.5,3.21,1216.0,4,26.4,0.08,36,10,fail,F4 HAB1 appendage
arm6helix_s6001,d197,1,200,200,0,1,0,157.9,3.54,1201.9,4,25.6,0.08,43,14,fail,F4 HAB1 appendage
arm6helix_s6001,d247,1,210,210,0,1,0,20.7,2.55,612.5,18,21.3,0.08,50,8,fail,F2 envelope <= PYR1
arm6helix_s6001,d234,1,229,229,0,1,0,0.0,0.0,0.0,0,27.9,0.08,35,15,fail,F1 no enclosed cavity
arm6helix_s6001,d179,1,207,207,0,1,0,143.4,3.34,1152.1,4,24.7,0.08,36,12,fail,F2 envelope <= PYR1
arm6helix_s6001,d275,1,215,215,0,1,0,0.0,0.0,0.0,0,25.3,0.08,55,17,fail,F1 no enclosed cavity
arm6helix_s6001,d281,1,220,220,0,1,0,0.0,0.0,0.0,0,23.3,0.08,54,8,fail,F1 no enclosed cavity
arm6helix_s6001,d211,1,218,218,0,1,0,93.3,3.2,1127.5,5,24.3,0.08,46,9,fail,F2 envelope <= PYR1
arm6helix_s6001,d306,3,220,176,44,1,0,,,,,,,,,REJECT,F0 internal/large orphan
arm6helix_s6001,d217,1,222,222,0,1,0,181.0,3.47,1240.0,5,23.8,0.08,44,14,fail,F4 HAB1 appendage
arm6helix_s6001,d175,1,216,216,0,1,0,100.2,3.23,1245.5,4,26.4,0.08,52,14,fail,F4 HAB1 appendage
arm6helix_s6001,d254,1,219,219,0,1,0,0.0,0.0,0.0,0,25.1,0.08,30,11,fail,F1 no enclosed cavity
arm6helix_s6001,d276,1,216,216,0,1,0,0.0,0.0,0.0,0,25.2,0.08,29,8,fail,F1 no enclosed cavity
arm6helix_s6001,d244,1,204,204,0,1,0,102.4,3.17,1037.8,1,25.1,0.08,32,8,fail,F2 envelope <= PYR1
arm6helix_s6001,d204,1,217,217,0,1,0,173.9,3.32,1075.9,3,25.5,0.08,40,11,fail,F2 envelope <= PYR1
arm6helix_s6001,d250,1,208,208,0,1,0,75.8,3.15,1136.8,3,24.8,0.08,53,17,fail,F2 envelope <= PYR1
arm6helix_s6001,d314,2,201,156,45,1,0,,,,,,,,,REJECT,F0 internal/large orphan
arm6helix_s6001,d263,1,213,213,0,1,0,0.0,0.0,0.0,0,23.1,0.08,52,12,fail,F1 no enclosed cavity
arm6helix_s6001,d242,1,227,227,0,1,0,155.5,3.38,1257.0,4,26.3,0.08,66,17,fail,F4 HAB1 appendage
arm6helix_s6001,d261,1,218,218,0,1,0,0.0,0.0,0.0,0,23.2,0.08,39,11,fail,F1 no enclosed cavity
arm6helix_s6001,d264,1,215,215,0,1,0,191.4,3.3,1057.0,3,22.8,0.08,43,19,fail,F2 envelope <= PYR1
arm6helix_s6001,d259,1,226,226,0,1,0,0.0,0.0,0.0,0,25.4,0.08,42,20,fail,F1 no enclosed cavity
arm6helix_s6001,d241,1,205,205,0,1,0,114.0,3.26,1303.1,3,25.7,0.08,35,15,fail,F4 HAB1 appendage
arm6helix_s6001,d262,1,222,222,0,1,0,151.2,3.18,1359.6,5,24.9,0.08,42,12,fail,F4 HAB1 appendage
arm6helix_s6001,d203,1,215,215,0,1,0,122.9,3.39,1037.8,2,26.7,0.08,49,20,fail,F2 envelope <= PYR1
arm6helix_s6001,d257,1,213,213,0,1,0,165.7,3.43,1142.1,2,24.3,0.08,60,16,fail,F2 envelope <= PYR1
arm6helix_s6001,d324,3,214,172,42,1,0,,,,,,,,,REJECT,F0 internal/large orphan
arm6helix_s6001,d260,1,228,228,0,1,0,0.0,0.0,0.0,0,24.7,0.08,45,5,fail,F1 no enclosed cavity
arm6helix_s6001,d213,1,227,227,0,1,0,97.6,3.17,1204.8,6,26.7,0.08,48,16,fail,F4 HAB1 appendage
arm6helix_s6001,d298,1,202,202,0,1,0,0.0,0.0,0.0,0,23.3,0.08,54,19,fail,F1 no enclosed cavity
arm6helix_s6001,d252,1,211,211,0,1,0,160.5,3.36,1115.6,2,22.9,0.08,48,16,fail,F2 envelope <= PYR1
arm6helix_s6001,d251,1,223,223,0,1,0,75.4,3.48,1298.5,4,23.3,0.08,52,6,fail,F4 HAB1 appendage
arm6helix_s6001,d221,1,198,198,0,1,0,80.1,3.53,1209.9,2,26.1,0.08,27,4,fail,F6 Rg
arm6helix_s6001,d205,1,222,222,0,1,0,74.5,3.12,1193.5,5,26.6,0.08,40,21,fail,F4 HAB1 appendage
arm6helix_s6001,d274,1,218,218,0,1,0,0.0,0.0,0.0,0,25.8,0.08,50,18,fail,F1 no enclosed cavity
arm6helix_s6001,d290,1,220,220,0,1,0,107.4,3.46,1245.9,4,22.1,0.08,48,17,fail,F4 HAB1 appendage
arm6helix_s6001,d200,1,218,218,0,1,0,111.5,3.5,1233.5,4,28.2,0.08,26,14,fail,F4 HAB1 appendage
arm6helix_s6001,d255,1,203,203,0,1,0,102.4,3.43,1244.8,4,24.6,0.08,37,15,fail,F4 HAB1 appendage
arm6helix_s6001,d283,1,216,216,0,1,0,0.0,0.0,0.0,0,23.7,0.08,35,7,fail,F1 no enclosed cavity
arm6helix_s6001,d292,1,209,209,0,1,0,0.0,0.0,0.0,0,22.3,0.08,39,10,fail,F1 no enclosed cavity
arm6helix_s6001,d301,1,234,234,0,1,0,0.0,0.0,0.0,0,24.6,0.08,53,16,fail,F1 no enclosed cavity
arm6helix_s6001,d278,1,219,219,0,1,0,0.0,0.0,0.0,0,23.4,0.08,48,12,fail,F1 no enclosed cavity
arm6helix_s6001,d273,1,224,224,0,1,0,0.0,0.0,0.0,0,25.9,0.08,32,13,fail,F1 no enclosed cavity
arm6helix_s6001,d305,1,209,209,0,1,0,206.7,3.53,1096.2,4,22.1,0.08,34,8,fail,F2 envelope <= PYR1
arm6helix_s6001,d304,1,213,213,0,1,0,116.6,3.37,1197.4,5,22.7,0.08,41,6,fail,F4 HAB1 appendage
arm6helix_s6001,d322,1,227,227,0,1,0,0.0,0.0,0.0,0,22.9,0.08,54,23,fail,F1 no enclosed cavity
arm6helix_s6001,d294,1,239,239,0,1,0,0.0,0.0,0.0,0,23.1,0.08,54,10,fail,F1 no enclosed cavity
arm6helix_s6001,d325,1,230,230,0,1,0,0.0,0.0,0.0,0,23.2,0.08,69,15,fail,F1 no enclosed cavity
arm6helix_s6001,d285,1,220,220,0,1,0,0.0,0.0,0.0,0,27.0,0.08,61,17,fail,F1 no enclosed cavity
arm6helix_s6001,d288,1,214,214,0,1,0,94.8,3.29,1252.5,5,25.8,0.08,42,16,fail,F4 HAB1 appendage
arm6helix_s6001,d201,1,223,223,0,1,0,146.4,3.53,1173.9,3,26.7,0.08,46,9,fail,F2 envelope <= PYR1
arm6helix_s6001,d233,1,220,220,0,1,0,150.1,3.41,1026.2,2,25.0,0.08,43,9,fail,F2 envelope <= PYR1
arm6helix_s6001,d328,1,212,212,0,1,0,153.4,3.22,1124.0,11,22.8,0.08,38,6,fail,F2 envelope <= PYR1
arm6helix_s6001,d289,1,212,212,0,1,0,87.5,3.22,1218.0,4,24.6,0.08,29,12,fail,F4 HAB1 appendage
arm6helix_s6001,d329,1,228,228,0,1,0,0.0,0.0,0.0,0,23.0,0.08,31,6,fail,F1 no enclosed cavity
arm6helix_s6001,d313,1,204,204,0,1,0,0.0,0.0,0.0,0,24.7,0.08,39,7,fail,F1 no enclosed cavity
arm6helix_s6001,d296,1,241,241,0,1,0,0.0,0.0,0.0,0,23.8,0.08,66,16,fail,F1 no enclosed cavity
arm6helix_s6001,d277,1,211,211,0,1,0,126.4,3.47,1149.1,3,25.5,0.08,38,13,fail,F2 envelope <= PYR1
arm6helix_s6001,d272,1,215,215,0,1,0,182.3,3.44,1225.4,3,25.3,0.08,32,12,fail,F4 HAB1 appendage
arm6helix_s6001,d226,1,207,207,0,1,0,37.6,3.18,1255.5,2,26.2,0.08,39,19,fail,F4 HAB1 appendage
arm6helix_s6001,d312,1,214,214,0,1,0,149.0,3.47,1356.5,6,25.5,0.08,50,15,fail,F4 HAB1 appendage
arm6helix_s6001,d258,1,200,200,0,1,0,141.0,3.45,1211.2,3,26.9,0.08,33,7,fail,F4 HAB1 appendage
arm6helix_s6001,d248,1,196,196,0,1,0,90.7,2.92,1163.5,4,23.5,0.08,36,10,fail,F2 envelope <= PYR1
arm6helix_s6001,d317,1,214,214,0,1,0,105.0,3.41,1068.2,1,22.3,0.08,41,11,fail,F2 envelope <= PYR1
arm6helix_s6001,d299,1,201,201,0,1,0,176.9,3.19,1377.4,4,23.8,0.08,36,13,fail,F4 HAB1 appendage
arm6helix_s6001,d303,1,233,233,0,1,0,101.3,3.11,1074.4,2,23.9,0.08,51,10,fail,F2 envelope <= PYR1
arm6helix_s6001,d339,1,219,219,0,1,0,0.0,0.0,0.0,0,21.7,0.08,38,7,fail,F1 no enclosed cavity
arm6helix_s6001,d267,1,218,218,0,1,0,60.0,3.25,1250.5,4,24.5,0.08,47,24,fail,F4 HAB1 appendage
arm6helix_s6001,d287,1,212,212,0,1,0,102.2,3.49,1230.8,3,23.7,0.08,47,16,fail,F4 HAB1 appendage
arm6helix_s6001,d280,1,203,203,0,1,0,124.6,3.51,1150.6,1,23.8,0.08,53,17,fail,F2 envelope <= PYR1
arm6helix_s6001,d253,1,212,212,0,1,0,120.1,3.45,1243.5,5,26.7,0.08,56,10,fail,F4 HAB1 appendage
arm6helix_s6001,d311,1,230,230,0,1,0,196.6,3.36,1201.0,4,23.7,0.08,52,17,fail,F4 HAB1 appendage
arm6helix_s6001,d323,1,214,214,0,1,0,0.0,0.0,0.0,0,25.2,0.08,42,19,fail,F1 no enclosed cavity
arm6helix_s6001,d265,1,210,210,0,1,0,141.5,3.49,1369.9,4,26.0,0.08,60,26,fail,F4 HAB1 appendage
arm6helix_s6001,d334,1,226,226,0,1,0,150.1,3.5,1142.8,2,23.3,0.08,54,13,fail,F2 envelope <= PYR1
arm6helix_s6001,d373,2,221,176,45,1,0,,,,,,,,,REJECT,F0 internal/large orphan
arm6helix_s6001,d269,1,223,223,0,1,0,189.0,3.27,1253.9,5,26.7,0.08,45,22,fail,F4 HAB1 appendage
arm6helix_s6001,d319,1,230,230,0,1,0,127.9,3.46,1152.8,5,23.1,0.08,49,14,fail,F2 envelope <= PYR1
arm6helix_s6001,d293,1,219,219,0,1,0,120.3,3.45,1190.8,1,23.9,0.08,54,16,fail,F4 HAB1 appendage
arm6helix_s6001,d342,1,206,206,0,1,0,86.0,3.18,1216.9,4,22.9,0.08,40,8,fail,F4 HAB1 appendage
arm6helix_s6001,d321,1,212,212,0,1,0,111.2,3.32,1315.1,6,24.0,0.08,36,11,fail,F4 HAB1 appendage
arm6helix_s6001,d310,1,210,210,0,1,0,97.8,3.5,1234.0,5,22.3,0.08,36,11,fail,F4 HAB1 appendage
arm6helix_s6001,d357,1,237,237,0,1,0,0.0,0.0,0.0,0,26.1,0.08,57,15,fail,F1 no enclosed cavity
arm6helix_s6001,d338,1,204,204,0,1,0,0.0,0.0,0.0,0,22.3,0.08,41,8,fail,F1 no enclosed cavity
arm6helix_s6001,d284,1,236,236,0,1,0,176.0,3.42,1356.5,5,25.7,0.08,46,8,fail,F4 HAB1 appendage
arm6helix_s6001,d291,1,238,238,0,1,0,205.6,3.39,1142.6,3,23.4,0.08,52,16,fail,F2 envelope <= PYR1
arm6helix_s6001,d316,1,222,222,0,1,0,177.3,3.33,1174.9,5,22.1,0.08,52,15,fail,F2 envelope <= PYR1
arm6helix_s6001,d286,1,193,193,0,1,0,89.9,3.17,1075.9,2,22.8,0.08,42,9,fail,F2 envelope <= PYR1
arm6helix_s6001,d346,1,223,223,0,1,0,76.7,3.36,1216.1,5,22.4,0.08,41,6,fail,F4 HAB1 appendage
arm6helix_s6001,d362,1,208,208,0,1,0,0.0,0.0,0.0,0,22.9,0.08,48,30,fail,F1 no enclosed cavity
arm6helix_s6001,d331,1,230,230,0,1,0,0.0,0.0,0.0,0,26.4,0.08,42,8,fail,F1 no enclosed cavity
arm6helix_s6001,d295,1,223,223,0,1,0,67.4,3.43,1213.9,2,27.1,0.08,63,16,fail,F4 HAB1 appendage
arm6helix_s6001,d297,1,212,212,0,1,0,143.2,3.45,1263.0,5,25.3,0.08,37,8,fail,F4 HAB1 appendage
arm6helix_s6001,d302,1,204,204,0,1,0,147.5,3.38,1286.8,4,23.9,0.08,43,13,fail,F4 HAB1 appendage
arm6helix_s6001,d371,1,230,230,0,1,0,0.0,0.0,0.0,0,24.1,0.08,52,8,fail,F1 no enclosed cavity
arm6helix_s6001,d343,2,218,202,16,1,0,129.8,3.25,1304.2,4,26.3,0.08,30,6,fail,F4 HAB1 appendage
arm6helix_s6001,d336,1,210,210,0,1,0,124.4,3.28,1268.0,5,20.6,0.08,44,18,fail,F4 HAB1 appendage
arm6helix_s6001,d282,1,207,207,0,1,0,40.8,3.13,1279.0,5,25.3,0.08,50,15,fail,F4 HAB1 appendage
arm6helix_s6001,d320,1,213,213,0,1,0,96.3,3.48,1237.1,6,24.5,0.08,50,28,fail,F4 HAB1 appendage
arm6helix_s6001,d326,1,219,219,0,1,0,120.5,3.21,1237.2,3,24.1,0.08,45,15,fail,F4 HAB1 appendage
arm6helix_s6001,d359,1,216,216,0,1,0,52.5,2.96,1292.6,2,25.1,0.08,50,11,fail,F4 HAB1 appendage
arm6helix_s6001,d377,1,236,236,0,1,0,0.0,0.0,0.0,0,25.0,0.08,57,23,fail,F1 no enclosed cavity
arm6helix_s6001,d315,1,223,223,0,1,0,100.2,3.51,1297.1,4,25.8,0.08,39,6,fail,F4 HAB1 appendage
arm6helix_s6001,d330,1,198,198,0,1,0,179.1,3.37,1042.6,2,27.1,0.08,36,13,fail,F2 envelope <= PYR1
arm6helix_s6001,d344,1,226,226,0,1,0,62.2,3.16,1298.2,10,28.0,0.08,22,11,fail,F4 HAB1 appendage
arm6helix_s6001,d354,1,226,226,0,1,0,0.0,0.0,0.0,0,23.8,0.08,73,18,fail,F1 no enclosed cavity
arm6helix_s6001,d361,1,232,232,0,1,0,0.0,0.0,0.0,0,23.0,0.08,45,11,fail,F1 no enclosed cavity
arm6helix_s6001,d309,1,219,219,0,1,0,177.6,3.31,1258.0,4,28.2,0.08,38,18,fail,F4 HAB1 appendage
arm6helix_s6001,d333,1,199,199,0,1,0,104.8,3.46,1303.4,6,25.3,0.08,29,16,fail,F4 HAB1 appendage
arm6helix_s6001,d307,1,231,231,0,1,0,148.4,3.45,1337.9,5,26.0,0.08,57,17,fail,F4 HAB1 appendage
arm6helix_s6001,d340,1,224,224,0,1,0,135.4,3.32,1267.6,5,23.8,0.08,33,9,fail,F4 HAB1 appendage
arm6helix_s6001,d381,1,222,222,0,1,0,0.0,0.0,0.0,0,25.4,0.08,45,11,fail,F1 no enclosed cavity
arm6helix_s6001,d300,1,215,215,0,1,0,89.6,3.22,1029.5,3,24.8,0.08,36,7,fail,F2 envelope <= PYR1
arm6helix_s6001,d363,1,232,232,0,1,0,0.0,0.0,0.0,0,23.3,0.08,55,17,fail,F1 no enclosed cavity
arm6helix_s6001,d368,1,223,223,0,1,0,0.0,0.0,0.0,0,23.7,0.08,52,8,fail,F1 no enclosed cavity
arm6helix_s6001,d380,1,222,222,0,1,0,0.0,0.0,0.0,0,24.0,0.08,46,16,fail,F1 no enclosed cavity
arm6helix_s6001,d337,1,218,218,0,1,0,62.9,2.49,804.6,9,22.6,0.08,48,15,fail,F2 envelope <= PYR1
arm6helix_s6001,d308,1,226,226,0,1,0,130.2,3.37,1315.5,5,27.3,0.08,44,14,fail,F4 HAB1 appendage
arm6helix_s6001,d388,1,215,215,0,1,0,0.0,0.0,0.0,0,27.3,0.08,33,19,fail,F1 no enclosed cavity
arm6helix_s6001,d387,1,217,217,0,1,0,0.0,0.0,0.0,0,22.3,0.08,40,8,fail,F1 no enclosed cavity
arm6helix_s6001,d383,1,236,236,0,1,0,0.0,0.0,0.0,0,24.6,0.08,46,14,fail,F1 no enclosed cavity
arm6helix_s6001,d341,1,219,219,0,1,0,199.2,3.23,1198.2,5,24.7,0.08,56,16,fail,F4 HAB1 appendage
arm6helix_s6001,d397,1,233,233,0,1,0,0.0,0.0,0.0,0,22.9,0.08,34,8,fail,F1 no enclosed cavity
arm6helix_s6001,d332,1,211,211,0,1,0,137.2,3.45,1265.8,7,24.9,0.08,42,11,fail,F4 HAB1 appendage
arm6helix_s6001,d327,1,216,216,0,1,0,111.7,3.25,1327.4,5,26.0,0.08,33,10,fail,F4 HAB1 appendage
arm6helix_s6001,d351,1,201,201,0,1,0,124.4,3.42,1149.2,3,26.4,0.08,30,17,fail,F2 envelope <= PYR1
arm6helix_s6001,d364,1,223,223,0,1,0,87.7,3.29,1237.8,6,23.2,0.08,48,11,fail,F4 HAB1 appendage
arm6helix_s6001,d378,1,203,203,0,1,0,88.1,3.52,1246.2,5,21.5,0.08,47,8,fail,F4 HAB1 appendage
arm6helix_s6001,d393,1,229,229,0,1,0,0.0,0.0,0.0,0,23.5,0.08,46,10,fail,F1 no enclosed cavity
arm6helix_s6001,d369,1,209,209,0,1,0,190.5,3.4,1352.2,6,27.4,0.08,32,13,fail,F4 HAB1 appendage
arm6helix_s6001,d402,1,215,215,0,1,0,0.0,0.0,0.0,0,24.8,0.08,48,17,fail,F1 no enclosed cavity
arm6helix_s6001,d356,1,225,225,0,1,0,72.6,2.91,1314.6,2,23.0,0.08,50,14,fail,F4 HAB1 appendage
arm6helix_s6001,d390,1,243,243,0,1,0,0.0,0.0,0.0,0,23.1,0.08,44,13,fail,F1 no enclosed cavity
arm6helix_s6001,d318,1,219,219,0,1,0,82.3,3.49,1228.0,4,25.2,0.08,44,17,fail,F4 HAB1 appendage
arm6helix_s6001,d353,1,222,222,0,1,0,87.9,3.47,1227.5,3,23.4,0.08,44,10,fail,F4 HAB1 appendage
arm6helix_s6001,d370,1,215,215,0,1,0,110.8,3.48,1246.6,4,24.5,0.08,54,12,fail,F4 HAB1 appendage
arm6helix_s6001,d401,1,235,235,0,1,0,0.0,0.0,0.0,0,22.8,0.08,45,17,fail,F1 no enclosed cavity
arm6helix_s6001,d352,1,214,214,0,1,0,108.2,3.25,1112.1,3,23.9,0.08,48,18,fail,F2 envelope <= PYR1
arm6helix_s6001,d348,1,214,214,0,1,0,160.1,3.46,1199.6,3,24.7,0.08,40,10,fail,F4 HAB1 appendage
arm6helix_s6001,d345,1,224,224,0,1,0,50.5,3.13,1157.1,1,23.1,0.08,43,8,fail,F2 envelope <= PYR1
arm6helix_s6001,d375,1,202,202,0,1,0,123.6,3.34,1206.5,1,25.6,0.08,49,20,fail,F4 HAB1 appendage
arm6helix_s6001,d410,1,218,218,0,1,0,0.0,0.0,0.0,0,24.0,0.08,39,20,fail,F1 no enclosed cavity
arm6helix_s6001,d385,1,210,210,0,1,0,0.0,0.0,0.0,0,24.6,0.08,51,11,fail,F1 no enclosed cavity
arm6helix_s6001,d399,1,209,209,0,1,0,141.5,2.99,1209.0,4,22.4,0.08,33,12,fail,F4 HAB1 appendage
arm6helix_s6001,d396,1,240,240,0,1,0,0.0,0.0,0.0,0,23.7,0.08,60,11,fail,F1 no enclosed cavity
arm6helix_s6001,d335,1,201,201,0,1,0,171.9,3.41,1277.9,5,26.1,0.08,37,17,fail,F4 HAB1 appendage
arm6helix_s6001,d417,1,205,205,0,1,0,0.0,0.0,0.0,0,24.3,0.08,51,13,fail,F1 no enclosed cavity
arm6helix_s6001,d347,1,208,208,0,1,0,133.1,3.45,994.8,5,24.4,0.08,40,17,fail,F2 envelope <= PYR1
arm6helix_s6001,d386,1,237,237,0,1,0,0.0,0.0,0.0,0,28.2,0.08,36,12,fail,F1 no enclosed cavity
arm6helix_s6001,d350,1,231,231,0,1,0,63.1,3.31,1253.9,4,24.4,0.08,55,21,fail,F4 HAB1 appendage
arm6helix_s6001,d405,1,235,235,0,1,0,0.0,0.0,0.0,0,22.5,0.08,62,22,fail,F1 no enclosed cavity
arm6helix_s6001,d360,1,223,223,0,1,0,26.4,2.47,749.4,11,23.7,0.08,43,9,fail,F2 envelope <= PYR1
arm6helix_s6001,d391,1,194,194,0,1,0,34.8,2.52,910.6,11,25.3,0.08,32,10,fail,F2 envelope <= PYR1
arm6helix_s6001,d349,1,226,226,0,1,0,108.2,3.33,1159.1,2,25.5,0.08,43,11,fail,F2 envelope <= PYR1
arm6helix_s6001,d372,1,198,198,0,1,0,213.8,3.48,1364.8,3,28.9,0.08,25,20,fail,F4 HAB1 appendage
arm6helix_s6001,d367,2,212,194,18,1,0,127.7,3.26,1094.1,4,21.4,0.08,29,27,fail,F2 envelope <= PYR1
arm6helix_s6001,d426,1,221,221,0,1,0,0.0,0.0,0.0,0,22.2,0.08,53,18,fail,F1 no enclosed cavity
arm6helix_s6001,d428,1,234,234,0,1,0,0.0,0.0,0.0,0,24.5,0.08,48,14,fail,F1 no enclosed cavity
arm6helix_s6001,d411,1,229,229,0,1,0,0.0,0.0,0.0,0,24.7,0.08,48,16,fail,F1 no enclosed cavity
arm6helix_s6001,d379,1,213,213,0,1,0,75.0,3.49,1244.6,2,25.9,0.08,30,13,fail,F4 HAB1 appendage
arm6helix_s6001,d376,1,221,221,0,1,0,199.4,3.29,1022.9,1,25.6,0.08,42,8,fail,F2 envelope <= PYR1
arm6helix_s6001,d441,1,199,199,0,1,0,0.0,0.0,0.0,0,22.4,0.08,45,25,fail,F1 no enclosed cavity
arm6helix_s6001,d425,1,211,211,0,1,0,0.0,0.0,0.0,0,22.0,0.08,46,14,fail,F1 no enclosed cavity
arm6helix_s6001,d420,1,254,254,0,1,0,0.0,0.0,0.0,0,23.9,0.08,54,9,fail,F1 no enclosed cavity
arm6helix_s6001,d429,1,204,204,0,1,0,75.6,3.12,1231.0,3,21.7,0.08,32,8,fail,F4 HAB1 appendage
arm6helix_s6001,d403,1,233,233,0,1,0,107.1,3.45,1202.4,5,26.7,0.08,30,14,fail,F4 HAB1 appendage
arm6helix_s6001,d445,1,223,223,0,1,0,0.0,0.0,0.0,0,24.0,0.08,52,19,fail,F1 no enclosed cavity
arm6helix_s6001,d384,1,215,215,0,1,0,124.8,3.45,1154.5,6,24.2,0.08,41,7,fail,F2 envelope <= PYR1
arm6helix_s6001,d374,1,204,204,0,1,0,136.9,3.34,1247.0,5,26.6,0.08,37,9,fail,F4 HAB1 appendage
arm6helix_s6001,d365,1,211,211,0,1,0,103.0,3.06,1357.2,5,26.6,0.08,35,19,fail,F4 HAB1 appendage
arm6helix_s6001,d366,1,201,201,0,1,0,147.1,3.5,1255.2,4,25.9,0.08,25,7,fail,F4 HAB1 appendage
arm6helix_s6001,d415,1,210,210,0,1,0,94.8,3.31,1362.2,4,25.1,0.08,40,8,fail,F4 HAB1 appendage
arm6helix_s6001,d456,1,221,221,0,1,0,0.0,0.0,0.0,0,23.9,0.08,53,13,fail,F1 no enclosed cavity
arm6helix_s6001,d395,1,222,222,0,1,0,108.2,3.47,1123.2,1,25.7,0.08,47,7,fail,F2 envelope <= PYR1
arm6helix_s6001,d451,1,229,229,0,1,0,0.0,0.0,0.0,0,25.4,0.08,46,10,fail,F1 no enclosed cavity
arm6helix_s6001,d358,1,206,206,0,1,0,136.7,3.41,1222.0,3,29.5,0.08,32,19,fail,F4 HAB1 appendage
arm6helix_s6001,d400,1,198,198,0,1,0,125.9,3.45,1237.2,4,24.0,0.08,20,6,fail,F4 HAB1 appendage
arm6helix_s6001,d443,1,235,235,0,1,0,0.0,0.0,0.0,0,22.9,0.08,42,9,fail,F1 no enclosed cavity
arm6helix_s6001,d457,1,229,229,0,1,0,0.0,0.0,0.0,0,25.5,0.08,50,11,fail,F1 no enclosed cavity
arm6helix_s6001,d477,2,221,157,64,1,0,,,,,,,,,REJECT,F0 internal/large orphan
arm6helix_s6001,d448,1,217,217,0,1,0,0.0,0.0,0.0,0,22.6,0.08,43,15,fail,F1 no enclosed cavity
arm6helix_s6001,d427,1,226,226,0,1,0,0.0,0.0,0.0,0,23.8,0.08,47,22,fail,F1 no enclosed cavity
arm6helix_s6001,d438,1,203,203,0,1,0,0.0,0.0,0.0,0,25.2,0.08,48,13,fail,F1 no enclosed cavity
arm6helix_s6001,d421,2,215,199,16,1,0,76.7,3.33,1053.5,3,21.2,0.08,39,12,fail,F2 envelope <= PYR1
arm6helix_s6001,d424,1,219,219,0,1,0,131.3,3.49,1253.4,4,25.1,0.08,39,12,fail,F4 HAB1 appendage
arm6helix_s6001,d463,1,208,208,0,1,0,0.0,0.0,0.0,0,20.5,0.08,46,9,fail,F1 no enclosed cavity
arm6helix_s6001,d446,1,204,204,0,1,0,0.0,0.0,0.0,0,22.6,0.08,43,17,fail,F1 no enclosed cavity
arm6helix_s6001,d433,1,217,217,0,1,0,0.0,0.0,0.0,0,24.3,0.08,43,20,fail,F1 no enclosed cavity
arm6helix_s6001,d437,1,239,239,0,1,0,0.0,0.0,0.0,0,24.5,0.08,48,12,fail,F1 no enclosed cavity
arm6helix_s6001,d394,1,211,211,0,1,0,118.8,3.4,1089.4,2,24.0,0.08,45,15,fail,F2 envelope <= PYR1
arm6helix_s6001,d436,1,218,218,0,1,0,0.0,0.0,0.0,0,25.4,0.08,41,11,fail,F1 no enclosed cavity
arm6helix_s6001,d458,1,204,204,0,1,0,0.0,0.0,0.0,0,25.1,0.08,52,14,fail,F1 no enclosed cavity
arm6helix_s6001,d416,1,223,223,0,1,0,52.9,3.34,1275.5,6,25.0,0.08,55,11,fail,F4 HAB1 appendage
arm6helix_s6001,d431,1,226,226,0,1,0,0.0,0.0,0.0,0,25.7,0.08,40,14,fail,F1 no enclosed cavity
arm6helix_s6001,d413,1,192,192,0,1,0,167.8,3.48,1241.5,3,22.8,0.08,43,27,fail,F4 HAB1 appendage
arm6helix_s6001,d408,1,203,203,0,1,0,206.7,3.19,1204.9,1,23.3,0.08,42,9,fail,F4 HAB1 appendage
arm6helix_s6001,d453,1,206,206,0,1,0,109.1,3.25,1261.9,4,23.0,0.08,49,11,fail,F4 HAB1 appendage
arm6helix_s6001,d382,1,219,219,0,1,0,92.0,2.91,1118.8,2,24.3,0.08,40,19,fail,F2 envelope <= PYR1
arm6helix_s6001,d409,1,195,195,0,1,0,73.0,3.36,1226.2,5,22.8,0.08,35,13,fail,F4 HAB1 appendage
arm6helix_s6001,d389,1,228,228,0,1,0,37.8,2.44,382.6,9,29.0,0.08,43,14,fail,F2 envelope <= PYR1
arm6helix_s6001,d392,1,219,219,0,1,0,95.0,3.21,1206.5,5,23.2,0.08,54,12,fail,F4 HAB1 appendage
arm6helix_s6001,d442,1,211,211,0,1,0,78.6,3.31,1142.9,2,28.3,0.08,34,11,fail,F2 envelope <= PYR1
arm6helix_s6001,d450,1,205,205,0,1,0,70.4,3.01,1181.0,4,22.2,0.08,36,12,fail,F2 envelope <= PYR1
arm6helix_s6001,d439,1,213,213,0,1,0,69.6,3.19,1216.4,4,25.0,0.08,41,10,fail,F4 HAB1 appendage
arm6helix_s6001,d398,1,229,229,0,1,0,149.7,3.44,1210.9,4,27.0,0.08,43,8,fail,F4 HAB1 appendage
arm6helix_s6001,d484,1,210,210,0,1,0,0.0,0.0,0.0,0,24.0,0.08,55,13,fail,F1 no enclosed cavity
arm6helix_s6001,d467,1,238,238,0,1,0,0.0,0.0,0.0,0,21.6,0.08,54,13,fail,F1 no enclosed cavity
arm6helix_s6001,d407,1,205,205,0,1,0,135.0,3.36,1022.5,1,25.3,0.08,40,14,fail,F2 envelope <= PYR1
arm6helix_s6001,d455,1,216,216,0,1,0,105.8,3.47,1065.0,2,23.9,0.08,55,11,fail,F2 envelope <= PYR1
arm6helix_s6001,d486,1,220,220,0,1,0,0.0,0.0,0.0,0,21.1,0.08,36,7,fail,F1 no enclosed cavity
arm6helix_s6001,d404,1,222,222,0,1,0,110.4,3.31,1297.2,4,25.8,0.08,45,9,fail,F4 HAB1 appendage
arm6helix_s6001,d481,1,226,226,0,1,0,0.0,0.0,0.0,0,24.8,0.08,40,9,fail,F1 no enclosed cavity
arm6helix_s6001,d495,1,216,216,0,1,0,0.0,0.0,0.0,0,23.2,0.08,46,10,fail,F1 no enclosed cavity
arm6helix_s6001,d478,1,204,204,0,1,0,0.0,0.0,0.0,0,25.6,0.08,35,25,fail,F1 no enclosed cavity
arm6helix_s6001,d419,1,219,219,0,1,0,71.9,3.5,1081.8,8,23.6,0.08,45,11,fail,F2 envelope <= PYR1
arm6helix_s6001,d491,1,215,215,0,1,0,0.0,0.0,0.0,0,23.4,0.08,44,12,fail,F1 no enclosed cavity
arm6helix_s6001,d422,1,219,219,0,1,0,122.0,3.13,1165.1,2,24.5,0.08,57,18,fail,F2 envelope <= PYR1
arm6helix_s6001,d461,1,212,212,0,1,0,0.0,0.0,0.0,0,24.4,0.08,41,16,fail,F1 no enclosed cavity
arm6helix_s6001,d414,1,217,217,0,1,0,128.1,3.47,1274.2,2,22.9,0.08,42,16,fail,F4 HAB1 appendage
arm6helix_s6001,d483,1,191,191,0,1,0,133.9,3.37,1234.9,4,22.5,0.08,50,16,fail,F4 HAB1 appendage
arm6helix_s6001,d479,1,238,238,0,1,0,0.0,0.0,0.0,0,23.2,0.08,65,13,fail,F1 no enclosed cavity
arm6helix_s6001,d465,1,210,210,0,1,0,82.9,3.33,1395.0,4,23.7,0.08,48,16,fail,F4 HAB1 appendage
arm6helix_s6001,d504,1,231,231,0,1,0,0.0,0.0,0.0,0,22.2,0.08,62,13,fail,F1 no enclosed cavity
arm6helix_s6001,d430,1,212,212,0,1,0,138.5,3.31,1158.8,3,21.8,0.08,49,16,fail,F2 envelope <= PYR1
arm6helix_s6001,d472,1,223,223,0,1,0,0.0,0.0,0.0,0,26.1,0.08,45,10,fail,F1 no enclosed cavity
arm6helix_s6001,d418,1,208,208,0,1,0,204.8,3.39,1186.0,2,23.6,0.08,48,11,fail,F4 HAB1 appendage
arm6helix_s6001,d440,1,205,205,0,1,0,77.1,3.22,1206.6,6,22.7,0.08,37,7,fail,F4 HAB1 appendage
arm6helix_s6001,d476,1,225,225,0,1,0,0.0,0.0,0.0,0,22.3,0.08,40,7,fail,F1 no enclosed cavity
arm6helix_s6001,d355,1,219,219,0,1,0,113.2,3.43,1277.9,4,25.9,0.08,32,2,fail,F6 Rg
arm6helix_s6001,d474,1,229,229,0,1,0,0.0,0.0,0.0,0,30.3,0.08,31,20,fail,F1 no enclosed cavity
arm6helix_s6001,d435,1,224,224,0,1,0,86.2,3.43,1095.6,6,26.5,0.08,53,10,fail,F2 envelope <= PYR1
arm6helix_s6001,d496,1,218,218,0,1,0,0.0,0.0,0.0,0,24.4,0.08,44,10,fail,F1 no enclosed cavity
arm6helix_s6001,d449,1,213,213,0,1,0,90.1,3.44,1203.1,4,26.1,0.08,56,15,fail,F4 HAB1 appendage
arm6helix_s6001,d471,1,214,214,0,1,0,151.6,3.12,1257.8,4,26.7,0.08,30,8,fail,F4 HAB1 appendage
arm6helix_s6001,d492,1,219,219,0,1,0,0.0,0.0,0.0,0,24.0,0.08,65,13,fail,F1 no enclosed cavity
arm6helix_s6001,d452,1,198,198,0,1,0,92.9,3.38,1183.0,1,23.8,0.08,34,8,fail,F2 envelope <= PYR1
arm6helix_s6001,d473,1,218,218,0,1,0,125.9,3.39,1220.6,6,25.1,0.08,51,32,fail,F4 HAB1 appendage
arm6helix_s6001,d466,1,220,220,0,1,0,58.8,3.18,1159.9,5,23.5,0.08,62,23,fail,F2 envelope <= PYR1
arm6helix_s6001,d490,1,224,224,0,1,0,158.1,3.2,1316.9,7,25.2,0.08,35,15,fail,F4 HAB1 appendage
arm6helix_s6001,d412,1,211,211,0,1,0,112.3,3.29,1229.8,5,25.0,0.08,31,10,fail,F4 HAB1 appendage
arm6helix_s6001,d480,1,207,207,0,1,0,64.4,3.4,1220.8,2,25.6,0.08,33,4,fail,F6 Rg
arm6helix_s6001,d460,1,219,219,0,1,0,102.6,3.5,1305.9,7,26.2,0.08,27,13,fail,F4 HAB1 appendage
arm6helix_s6001,d475,1,195,195,0,1,0,105.4,3.37,1200.8,4,25.5,0.08,28,6,fail,F4 HAB1 appendage
arm6helix_s6001,d406,1,224,224,0,1,0,164.4,3.47,1287.5,5,26.7,0.08,41,15,fail,F4 HAB1 appendage
arm6helix_s6001,d489,1,220,220,0,1,0,87.7,3.48,1222.1,5,24.0,0.08,36,10,fail,F4 HAB1 appendage
arm6helix_s6001,d487,1,212,212,0,1,0,0.0,0.0,0.0,0,25.9,0.08,43,14,fail,F1 no enclosed cavity
arm6helix_s6001,d485,1,233,233,0,1,0,0.0,0.0,0.0,0,26.7,0.08,35,20,fail,F1 no enclosed cavity
arm6helix_s6001,d444,1,196,196,0,1,0,89.0,3.32,1189.0,1,24.4,0.08,32,11,fail,F4 HAB1 appendage
arm6helix_s6001,d505,1,207,207,0,1,0,0.0,0.0,0.0,0,24.4,0.08,41,21,fail,F1 no enclosed cavity
arm6helix_s6001,d502,1,212,212,0,1,0,0.0,0.0,0.0,0,23.8,0.08,72,12,fail,F1 no enclosed cavity
arm6helix_s6001,d423,1,225,225,0,1,0,76.0,3.42,1325.2,5,27.3,0.08,37,15,fail,F4 HAB1 appendage
arm6helix_s6001,d447,1,216,216,0,1,0,150.1,3.56,1302.2,3,28.0,0.08,40,16,fail,F4 HAB1 appendage
arm6helix_s6001,d464,1,221,221,0,1,0,86.6,3.3,1204.9,5,25.5,0.08,36,17,fail,F4 HAB1 appendage
arm6helix_s6001,d507,1,214,214,0,1,0,0.0,0.0,0.0,0,26.2,0.08,42,10,fail,F1 no enclosed cavity
arm6helix_s6001,d469,1,211,211,0,1,0,195.0,3.48,1219.8,5,25.0,0.08,40,8,fail,F4 HAB1 appendage
arm6helix_s6001,d488,1,227,227,0,1,0,196.8,3.42,1148.5,2,22.1,0.08,65,20,fail,F2 envelope <= PYR1
arm6helix_s6002,d002,1,206,206,0,1,0,0.0,0.0,0.0,0,22.7,0.08,42,15,fail,F1 no enclosed cavity
arm6helix_s6001,d515,1,213,213,0,1,0,0.0,0.0,0.0,0,23.5,0.08,50,17,fail,F1 no enclosed cavity
arm6helix_s6001,d493,1,235,235,0,1,0,0.0,0.0,0.0,0,26.0,0.08,35,12,fail,F1 no enclosed cavity
arm6helix_s6002,d016,1,217,217,0,1,0,0.0,0.0,0.0,0,23.2,0.08,43,34,fail,F1 no enclosed cavity
arm6helix_s6001,d516,1,211,211,0,1,0,0.0,0.0,0.0,0,23.3,0.08,57,17,fail,F1 no enclosed cavity
arm6helix_s6001,d520,1,237,237,0,1,0,143.2,3.32,1259.5,5,24.1,0.08,53,12,fail,F4 HAB1 appendage
arm6helix_s6001,d459,1,219,219,0,1,0,116.9,3.35,1282.5,5,23.3,0.08,44,7,fail,F4 HAB1 appendage
arm6helix_s6001,d462,1,207,207,0,1,0,78.6,3.32,1194.6,2,24.1,0.08,39,15,fail,F4 HAB1 appendage
arm6helix_s6002,d014,1,218,218,0,1,0,0.0,0.0,0.0,0,24.2,0.08,52,15,fail,F1 no enclosed cavity
arm6helix_s6001,d482,1,208,208,0,1,0,130.5,3.31,1330.2,6,24.5,0.08,47,8,fail,F4 HAB1 appendage
arm6helix_s6001,d468,1,189,189,0,1,0,70.2,3.4,1175.8,7,23.5,0.08,39,17,fail,F2 envelope <= PYR1
arm6helix_s6001,d503,1,199,199,0,1,0,80.4,3.18,1181.1,5,24.1,0.08,39,11,fail,F2 envelope <= PYR1
arm6helix_s6001,d509,1,223,223,0,1,0,189.2,3.36,1203.8,2,22.2,0.08,43,12,fail,F4 HAB1 appendage
arm6helix_s6001,d513,1,231,231,0,1,0,19.7,2.43,599.6,22,21.5,0.08,43,19,fail,F2 envelope <= PYR1
arm6helix_s6002,d012,1,212,212,0,1,0,0.0,0.0,0.0,0,20.7,0.08,40,12,fail,F1 no enclosed cavity
arm6helix_s6001,d497,1,213,213,0,1,0,53.1,3.18,1237.4,3,25.3,0.08,33,9,fail,F4 HAB1 appendage
arm6helix_s6001,d510,1,219,219,0,1,0,0.0,0.0,0.0,0,25.8,0.08,37,6,fail,F1 no enclosed cavity
arm6helix_s6001,d511,1,221,221,0,1,0,198.1,3.39,1127.5,2,24.3,0.08,49,11,fail,F2 envelope <= PYR1
arm6helix_s6001,d518,1,190,190,0,1,0,77.8,3.43,1241.8,5,26.1,0.08,35,11,fail,F4 HAB1 appendage
arm6helix_s6002,d013,1,213,213,0,1,0,0.0,0.0,0.0,0,23.0,0.08,45,13,fail,F1 no enclosed cavity
arm6helix_s6001,d514,1,208,208,0,1,0,186.8,3.29,1299.6,8,24.9,0.08,41,8,fail,F4 HAB1 appendage
arm6helix_s6002,d018,1,231,231,0,1,0,202.8,3.4,1203.6,3,24.0,0.08,42,8,fail,F4 HAB1 appendage
arm6helix_s6002,d001,1,223,223,0,1,0,184.9,3.35,1226.9,4,25.4,0.08,47,13,fail,F4 HAB1 appendage
arm6helix_s6001,d494,1,224,224,0,1,0,43.8,3.22,1201.0,6,24.7,0.08,48,11,fail,F4 HAB1 appendage
arm6helix_s6002,d040,1,212,212,0,1,0,0.0,0.0,0.0,0,23.7,0.08,40,17,fail,F1 no enclosed cavity
arm6helix_s6001,d454,1,214,214,0,1,0,192.9,3.31,1068.4,3,27.7,0.08,34,22,fail,F2 envelope <= PYR1
arm6helix_s6002,d020,1,212,212,0,1,0,74.3,3.45,1190.1,5,23.3,0.08,41,10,fail,F4 HAB1 appendage
arm6helix_s6002,d058,2,218,152,66,1,1,,,,,,,,,REJECT,F0 motif split across pieces
arm6helix_s6001,d434,1,222,222,0,1,0,122.3,2.99,1073.1,3,27.3,0.08,40,6,fail,F2 envelope <= PYR1
arm6helix_s6002,d008,1,218,218,0,1,0,133.5,3.18,1222.8,4,25.8,0.08,40,15,fail,F4 HAB1 appendage
arm6helix_s6001,d499,1,206,206,0,1,0,163.7,3.42,1268.6,5,23.8,0.08,41,16,fail,F4 HAB1 appendage
arm6helix_s6002,d000,1,215,215,0,1,0,103.0,3.37,1150.1,2,26.6,0.08,44,20,fail,F2 envelope <= PYR1
arm6helix_s6002,d009,1,213,213,0,1,0,58.8,2.83,1169.9,4,22.3,0.08,46,12,fail,F2 envelope <= PYR1
arm6helix_s6001,d500,1,218,218,0,1,0,96.3,3.38,1207.0,5,24.3,0.08,42,20,fail,F4 HAB1 appendage
arm6helix_s6002,d031,1,220,220,0,1,0,0.0,0.0,0.0,0,23.5,0.08,63,18,fail,F1 no enclosed cavity
arm6helix_s6002,d035,1,219,219,0,1,0,173.9,3.15,1320.9,5,22.1,0.08,42,10,fail,F4 HAB1 appendage
arm6helix_s6002,d030,1,224,224,0,1,0,76.5,3.44,1152.1,5,25.4,0.08,42,7,fail,F2 envelope <= PYR1
arm6helix_s6001,d498,1,219,219,0,1,0,181.7,3.21,976.8,2,25.3,0.08,48,16,fail,F2 envelope <= PYR1
arm6helix_s6002,d043,1,220,220,0,1,0,0.0,0.0,0.0,0,25.8,0.08,44,15,fail,F1 no enclosed cavity
arm6helix_s6002,d024,1,212,212,0,1,0,0.0,0.0,0.0,0,25.5,0.08,35,9,fail,F1 no enclosed cavity
arm6helix_s6001,d470,1,220,220,0,1,0,101.5,3.27,1264.8,7,30.3,0.08,33,16,fail,F4 HAB1 appendage
arm6helix_s6002,d022,1,220,220,0,1,0,0.0,0.0,0.0,0,23.7,0.08,45,20,fail,F1 no enclosed cavity
arm6helix_s6002,d051,1,215,215,0,1,0,0.0,0.0,0.0,0,21.4,0.08,29,10,fail,F1 no enclosed cavity
arm6helix_s6001,d506,1,227,227,0,1,0,115.1,3.18,1219.1,2,24.2,0.08,41,6,fail,F4 HAB1 appendage
arm6helix_s6002,d036,1,226,226,0,1,0,0.0,0.0,0.0,0,23.5,0.08,44,7,fail,F1 no enclosed cavity
arm6helix_s6002,d053,1,224,224,0,1,0,0.0,0.0,0.0,0,24.9,0.08,39,6,fail,F1 no enclosed cavity
arm6helix_s6002,d056,1,231,231,0,1,0,0.0,0.0,0.0,0,24.1,0.08,50,8,fail,F1 no enclosed cavity
arm6helix_s6001,d522,1,204,204,0,1,0,206.1,3.42,1153.0,2,26.0,0.08,41,13,fail,F2 envelope <= PYR1
arm6helix_s6001,d501,1,223,223,0,1,0,88.3,3.46,1242.2,6,25.1,0.08,38,5,fail,F4 HAB1 appendage
arm6helix_s6002,d034,1,210,210,0,1,0,0.0,0.0,0.0,0,23.9,0.08,70,19,fail,F1 no enclosed cavity
arm6helix_s6002,d050,1,212,212,0,1,0,132.4,3.35,1217.1,6,23.0,0.08,43,7,fail,F4 HAB1 appendage
arm6helix_s6002,d027,1,229,229,0,1,0,81.4,3.35,1273.9,2,23.3,0.08,63,27,fail,F4 HAB1 appendage
arm6helix_s6002,d061,1,237,237,0,1,0,0.0,0.0,0.0,0,24.0,0.08,57,16,fail,F1 no enclosed cavity
arm6helix_s6002,d032,1,225,225,0,1,0,0.0,0.0,0.0,0,25.6,0.08,47,9,fail,F1 no enclosed cavity
arm6helix_s6001,d512,1,219,219,0,1,0,38.4,3.11,1197.2,4,27.3,0.08,47,17,fail,F4 HAB1 appendage
arm6helix_s6001,d432,1,220,220,0,1,0,106.9,3.41,1213.6,7,27.3,0.08,29,8,fail,F4 HAB1 appendage
arm6helix_s6002,d033,1,230,230,0,1,0,0.0,0.0,0.0,0,25.6,0.08,43,11,fail,F1 no enclosed cavity
arm6helix_s6001,d517,1,207,207,0,1,0,197.4,3.38,1151.6,2,25.5,0.08,27,6,fail,F2 envelope <= PYR1
arm6helix_s6002,d019,1,220,220,0,1,0,84.2,3.15,1257.8,2,24.6,0.08,36,9,fail,F4 HAB1 appendage
arm6helix_s6002,d045,1,229,229,0,1,0,0.0,0.0,0.0,0,24.5,0.08,58,17,fail,F1 no enclosed cavity
arm6helix_s6002,d048,1,229,229,0,1,0,0.0,0.0,0.0,0,21.6,0.08,41,11,fail,F1 no enclosed cavity
arm6helix_s6002,d068,1,219,219,0,1,0,0.0,0.0,0.0,0,22.8,0.08,49,13,fail,F1 no enclosed cavity
arm6helix_s6002,d042,1,228,228,0,1,0,0.0,0.0,0.0,0,24.8,0.08,40,9,fail,F1 no enclosed cavity
arm6helix_s6002,d052,1,223,223,0,1,0,96.8,3.19,1224.9,4,22.9,0.08,56,12,fail,F4 HAB1 appendage
arm6helix_s6002,d003,1,201,201,0,1,0,186.0,3.48,1139.0,3,25.4,0.08,34,11,fail,F2 envelope <= PYR1
arm6helix_s6002,d023,1,228,228,0,1,0,165.5,3.42,1321.0,4,24.2,0.08,38,5,fail,F4 HAB1 appendage
arm6helix_s6002,d047,1,227,227,0,1,0,0.0,0.0,0.0,0,24.9,0.08,41,9,fail,F1 no enclosed cavity
arm6helix_s6002,d017,1,224,224,0,1,0,0.0,0.0,0.0,0,26.5,0.08,42,12,fail,F1 no enclosed cavity
arm6helix_s6002,d070,1,209,209,0,1,0,0.0,0.0,0.0,0,23.5,0.08,62,15,fail,F1 no enclosed cavity
arm6helix_s6002,d025,1,202,202,0,1,0,168.9,3.04,1238.6,4,22.0,0.08,45,14,fail,F4 HAB1 appendage
arm6helix_s6001,d508,1,219,219,0,1,0,70.4,3.5,1197.6,3,27.3,0.08,58,15,fail,F4 HAB1 appendage
arm6helix_s6002,d037,1,215,215,0,1,0,145.4,3.42,1216.9,4,25.2,0.08,50,17,fail,F4 HAB1 appendage
arm6helix_s6002,d006,1,238,238,0,1,0,132.4,3.14,1350.2,4,23.4,0.08,61,13,fail,F4 HAB1 appendage
arm6helix_s6002,d011,1,206,206,0,1,0,132.6,3.34,1157.9,5,23.9,0.08,31,14,fail,F2 envelope <= PYR1
arm6helix_s6002,d082,1,231,231,0,1,0,0.0,0.0,0.0,0,21.6,0.08,35,8,fail,F1 no enclosed cavity
arm6helix_s6002,d028,1,206,206,0,1,0,42.1,2.55,793.4,11,21.7,0.08,64,10,fail,F2 envelope <= PYR1
arm6helix_s6002,d026,1,214,214,0,1,0,109.5,3.38,1256.4,2,22.7,0.08,37,13,fail,F4 HAB1 appendage
arm6helix_s6002,d064,1,231,231,0,1,0,0.0,0.0,0.0,0,25.2,0.08,47,11,fail,F1 no enclosed cavity
arm6helix_s6002,d041,1,197,197,0,1,0,78.4,3.52,1242.6,5,24.5,0.08,44,8,fail,F4 HAB1 appendage
arm6helix_s6002,d078,1,202,202,0,1,0,0.0,0.0,0.0,0,24.5,0.08,41,18,fail,F1 no enclosed cavity
arm6helix_s6002,d074,1,223,223,0,1,0,0.0,0.0,0.0,0,24.5,0.08,39,16,fail,F1 no enclosed cavity
arm6helix_s6002,d005,1,224,224,0,1,0,59.2,3.13,1160.1,4,24.6,0.08,58,14,fail,F2 envelope <= PYR1
arm6helix_s6002,d015,1,203,203,0,1,0,33.9,2.53,771.2,14,23.4,0.08,48,10,fail,F2 envelope <= PYR1
arm6helix_s6002,d066,1,206,206,0,1,0,0.0,0.0,0.0,0,23.3,0.08,40,18,fail,F1 no enclosed cavity
arm6helix_s6002,d046,1,228,228,0,1,0,0.0,0.0,0.0,0,25.0,0.08,40,9,fail,F1 no enclosed cavity
arm6helix_s6002,d021,1,217,217,0,1,0,186.4,3.32,1103.4,1,25.1,0.08,47,18,fail,F2 envelope <= PYR1
arm6helix_s6002,d007,1,228,228,0,1,0,17.5,2.58,517.8,30,27.1,0.08,40,10,fail,F2 envelope <= PYR1
arm6helix_s6002,d118,4,188,146,42,1,0,,,,,,,,,REJECT,F0 internal/large orphan
arm6helix_s6002,d010,1,215,215,0,1,0,132.0,3.34,1259.8,4,25.4,0.08,50,18,fail,F4 HAB1 appendage
arm6helix_s6002,d038,1,218,218,0,1,0,192.0,3.41,1225.8,1,23.0,0.08,48,21,fail,F4 HAB1 appendage
arm6helix_s6002,d049,1,228,228,0,1,0,130.2,3.18,1160.0,5,23.8,0.08,47,6,fail,F2 envelope <= PYR1
arm6helix_s6002,d044,1,208,208,0,1,0,120.7,3.44,1065.8,2,22.7,0.08,49,13,fail,F2 envelope <= PYR1
arm6helix_s6002,d099,1,236,236,0,1,0,0.0,0.0,0.0,0,23.2,0.08,64,17,fail,F1 no enclosed cavity
arm6helix_s6002,d124,2,216,164,52,1,0,,,,,,,,,REJECT,F0 internal/large orphan
arm6helix_s6002,d039,1,213,213,0,1,0,165.9,3.23,1204.1,3,24.7,0.08,52,18,fail,F4 HAB1 appendage
arm6helix_s6002,d071,1,227,227,0,1,0,0.0,0.0,0.0,0,23.8,0.08,40,16,fail,F1 no enclosed cavity
arm6helix_s6002,d067,1,225,225,0,1,0,201.1,3.25,1361.2,5,25.2,0.08,39,7,fail,F4 HAB1 appendage
arm6helix_s6002,d077,1,213,213,0,1,0,83.2,3.0,1177.1,2,23.4,0.08,35,11,fail,F2 envelope <= PYR1
arm6helix_s6002,d059,1,224,224,0,1,0,0.0,0.0,0.0,0,24.8,0.08,41,15,fail,F1 no enclosed cavity
arm6helix_s6002,d087,1,236,236,0,1,0,0.0,0.0,0.0,0,22.6,0.08,40,14,fail,F1 no enclosed cavity
arm6helix_s6002,d062,1,229,229,0,1,0,104.5,3.33,1265.6,4,26.5,0.08,39,16,fail,F4 HAB1 appendage
arm6helix_s6002,d085,1,213,213,0,1,0,0.0,0.0,0.0,0,21.9,0.08,45,20,fail,F1 no enclosed cavity
arm6helix_s6001,d521,1,244,244,0,1,0,162.6,3.48,986.4,3,26.9,0.08,38,6,fail,F2 envelope <= PYR1
arm6helix_s6001,d519,1,230,230,0,1,0,182.5,3.39,1257.6,4,26.2,0.08,38,17,fail,F4 HAB1 appendage
arm6helix_s6002,d029,1,222,222,0,1,0,98.7,3.44,1120.4,6,24.5,0.08,46,13,fail,F2 envelope <= PYR1
arm6helix_s6002,d060,1,215,215,0,1,0,88.3,3.32,1336.8,6,23.1,0.08,53,15,fail,F4 HAB1 appendage
arm6helix_s6002,d063,1,223,223,0,1,0,116.9,3.24,1293.0,4,24.2,0.08,54,11,fail,F4 HAB1 appendage
arm6helix_s6002,d098,1,211,211,0,1,0,94.4,3.15,1204.0,7,21.9,0.08,41,9,fail,F4 HAB1 appendage
arm6helix_s6002,d110,1,204,204,0,1,0,0.0,0.0,0.0,0,24.7,0.08,37,18,fail,F1 no enclosed cavity
arm6helix_s6002,d004,1,222,222,0,1,0,191.2,3.31,1256.2,4,25.9,0.08,29,11,fail,F4 HAB1 appendage
arm6helix_s6002,d080,1,203,203,0,1,0,0.0,0.0,0.0,0,24.1,0.08,40,9,fail,F1 no enclosed cavity
arm6helix_s6002,d108,1,230,230,0,1,0,0.0,0.0,0.0,0,22.8,0.08,39,8,fail,F1 no enclosed cavity
arm6helix_s6002,d089,1,220,220,0,1,0,0.0,0.0,0.0,0,25.6,0.08,47,18,fail,F1 no enclosed cavity
arm6helix_s6002,d092,1,232,232,0,1,0,0.0,0.0,0.0,0,23.2,0.08,51,13,fail,F1 no enclosed cavity
arm6helix_s6002,d103,1,230,230,0,1,0,0.0,0.0,0.0,0,22.5,0.08,52,12,fail,F1 no enclosed cavity
arm6helix_s6002,d122,1,232,232,0,1,0,0.0,0.0,0.0,0,23.5,0.08,63,21,fail,F1 no enclosed cavity
arm6helix_s6002,d072,1,217,217,0,1,0,145.2,3.53,1165.2,5,25.3,0.08,47,13,fail,F2 envelope <= PYR1
arm6helix_s6002,d104,1,230,230,0,1,0,0.0,0.0,0.0,0,23.9,0.08,44,11,fail,F1 no enclosed cavity
arm6helix_s6002,d090,1,219,219,0,1,0,76.9,3.17,1324.2,3,23.6,0.08,40,16,fail,F4 HAB1 appendage
arm6helix_s6002,d093,1,225,225,0,1,0,192.2,3.33,1126.2,1,25.3,0.08,43,19,fail,F2 envelope <= PYR1
arm6helix_s6002,d120,1,217,217,0,1,0,0.0,0.0,0.0,0,24.1,0.08,52,10,fail,F1 no enclosed cavity
arm6helix_s6002,d139,1,209,209,0,1,0,0.0,0.0,0.0,0,23.2,0.08,64,15,fail,F1 no enclosed cavity
arm6helix_s6002,d102,1,228,228,0,1,0,0.0,0.0,0.0,0,24.5,0.08,52,10,fail,F1 no enclosed cavity
arm6helix_s6002,d076,1,213,213,0,1,0,148.0,3.17,1052.1,1,25.1,0.08,40,8,fail,F2 envelope <= PYR1
arm6helix_s6002,d111,1,217,217,0,1,0,44.5,2.96,1215.5,4,23.2,0.08,48,24,fail,F4 HAB1 appendage
arm6helix_s6002,d075,1,218,218,0,1,0,136.7,3.32,1240.2,6,22.6,0.08,45,13,fail,F4 HAB1 appendage
arm6helix_s6002,d123,1,216,216,0,1,0,0.0,0.0,0.0,0,24.9,0.08,29,5,fail,F1 no enclosed cavity
arm6helix_s6002,d148,1,215,215,0,1,0,0.0,0.0,0.0,0,23.7,0.08,67,13,fail,F1 no enclosed cavity
arm6helix_s6002,d079,1,221,221,0,1,0,79.7,3.25,1222.1,5,23.5,0.08,42,17,fail,F4 HAB1 appendage
arm6helix_s6002,d094,1,205,205,0,1,0,122.0,3.07,1257.0,4,21.3,0.08,32,9,fail,F4 HAB1 appendage
arm6helix_s6002,d129,1,217,217,0,1,0,46.7,2.43,967.0,14,21.5,0.08,53,14,fail,F2 envelope <= PYR1
arm6helix_s6002,d097,1,215,215,0,1,0,242.1,3.36,1115.5,3,22.2,0.08,46,9,fail,F2 envelope <= PYR1
arm6helix_s6002,d054,1,216,216,0,1,0,68.0,3.16,1265.2,3,26.1,0.08,43,6,fail,F4 HAB1 appendage
arm6helix_s6002,d164,2,205,173,32,1,0,,,,,,,,,REJECT,F0 internal/large orphan
arm6helix_s6002,d121,1,205,205,0,1,0,0.0,0.0,0.0,0,24.5,0.08,35,16,fail,F1 no enclosed cavity
arm6helix_s6002,d081,1,228,228,0,1,0,68.0,3.12,1051.1,5,22.8,0.08,51,8,fail,F2 envelope <= PYR1
arm6helix_s6002,d131,1,216,216,0,1,0,165.0,3.32,1300.8,3,23.6,0.08,44,12,fail,F4 HAB1 appendage
arm6helix_s6002,d112,1,234,234,0,1,0,97.4,3.43,1159.9,3,25.5,0.08,55,11,fail,F2 envelope <= PYR1
arm6helix_s6002,d147,1,214,214,0,1,0,0.0,0.0,0.0,0,25.5,0.08,38,10,fail,F1 no enclosed cavity
arm6helix_s6002,d065,1,203,203,0,1,0,195.9,3.17,1355.6,6,23.8,0.08,50,13,fail,F4 HAB1 appendage
arm6helix_s6002,d127,1,223,223,0,1,0,0.0,0.0,0.0,0,24.7,0.08,42,6,fail,F1 no enclosed cavity
arm6helix_s6002,d100,1,222,222,0,1,0,138.9,3.34,1364.5,5,24.7,0.08,52,15,fail,F4 HAB1 appendage
arm6helix_s6002,d128,1,227,227,0,1,0,140.6,3.47,1181.2,4,24.6,0.08,51,14,fail,F2 envelope <= PYR1
arm6helix_s6002,d151,1,204,204,0,1,0,0.0,0.0,0.0,0,23.5,0.08,30,6,fail,F1 no enclosed cavity
arm6helix_s6002,d105,1,211,211,0,1,0,69.6,3.24,1065.0,1,23.1,0.08,37,7,fail,F2 envelope <= PYR1
arm6helix_s6002,d132,1,209,209,0,1,0,182.5,3.18,1225.5,3,24.6,0.08,38,13,fail,F4 HAB1 appendage
arm6helix_s6002,d150,1,238,238,0,1,0,0.0,0.0,0.0,0,25.6,0.08,50,13,fail,F1 no enclosed cavity
arm6helix_s6002,d057,1,209,209,0,1,0,105.6,3.24,1288.6,6,25.9,0.08,45,11,fail,F4 HAB1 appendage
arm6helix_s6002,d083,1,232,232,0,1,0,144.7,3.3,1350.9,4,23.9,0.08,61,17,fail,F4 HAB1 appendage
arm6helix_s6002,d179,2,232,181,51,1,0,,,,,,,,,REJECT,F0 internal/large orphan
arm6helix_s6002,d142,1,227,227,0,1,0,0.0,0.0,0.0,0,22.7,0.08,39,5,fail,F1 no enclosed cavity
arm6helix_s6002,d086,1,217,217,0,1,0,116.0,3.51,1208.4,2,23.5,0.08,43,7,fail,F4 HAB1 appendage
arm6helix_s6002,d088,1,235,235,0,1,0,64.6,2.44,1092.5,2,25.0,0.08,51,16,fail,F2 envelope <= PYR1
arm6helix_s6002,d109,1,233,233,0,1,0,60.9,3.11,1203.2,4,27.6,0.08,40,7,fail,F4 HAB1 appendage
arm6helix_s6002,d185,2,214,168,46,1,0,,,,,,,,,REJECT,F0 internal/large orphan
arm6helix_s6002,d055,1,200,200,0,1,0,162.4,3.5,1068.9,1,26.2,0.08,36,9,fail,F2 envelope <= PYR1
arm6helix_s6002,d101,1,201,201,0,1,0,77.5,3.13,1369.6,7,23.3,0.08,43,13,fail,F4 HAB1 appendage
arm6helix_s6002,d106,1,195,195,0,1,0,198.5,3.19,1224.6,2,24.8,0.08,44,20,fail,F4 HAB1 appendage
arm6helix_s6002,d144,1,219,219,0,1,0,0.0,0.0,0.0,0,22.9,0.08,45,15,fail,F1 no enclosed cavity
arm6helix_s6002,d190,2,211,166,45,1,0,,,,,,,,,REJECT,F0 internal/large orphan
arm6helix_s6002,d143,1,226,226,0,1,0,124.4,3.5,1274.6,6,22.4,0.08,42,8,fail,F4 HAB1 appendage
arm6helix_s6002,d146,1,222,222,0,1,0,0.0,0.0,0.0,0,24.7,0.08,54,21,fail,F1 no enclosed cavity
arm6helix_s6002,d156,1,231,231,0,1,0,0.0,0.0,0.0,0,25.0,0.08,55,16,fail,F1 no enclosed cavity
arm6helix_s6002,d136,1,223,223,0,1,0,0.0,0.0,0.0,0,24.1,0.08,42,7,fail,F1 no enclosed cavity
arm6helix_s6002,d140,1,234,234,0,1,0,128.3,3.21,1209.9,5,23.6,0.08,48,11,fail,F4 HAB1 appendage
arm6helix_s6002,d158,1,210,210,0,1,0,0.0,0.0,0.0,0,23.5,0.08,45,24,fail,F1 no enclosed cavity
arm6helix_s6002,d091,1,221,221,0,1,0,164.2,3.23,1358.0,5,25.2,0.08,37,19,fail,F4 HAB1 appendage
arm6helix_s6002,d096,1,230,230,0,1,0,89.6,3.52,1211.6,1,25.1,0.08,47,9,fail,F4 HAB1 appendage
arm6helix_s6002,d119,1,212,212,0,1,0,80.6,3.42,1215.0,7,24.0,0.08,48,10,fail,F4 HAB1 appendage
arm6helix_s6002,d175,1,218,218,0,1,0,0.0,0.0,0.0,0,22.6,0.08,57,16,fail,F1 no enclosed cavity
arm6helix_s6002,d162,1,214,214,0,1,0,0.0,0.0,0.0,0,24.4,0.08,37,9,fail,F1 no enclosed cavity
arm6helix_s6002,d161,1,226,226,0,1,0,0.0,0.0,0.0,0,24.0,0.08,63,13,fail,F1 no enclosed cavity
arm6helix_s6002,d192,1,193,193,0,1,0,0.0,0.0,0.0,0,22.6,0.08,56,16,fail,F1 no enclosed cavity
arm6helix_s6002,d135,1,211,211,0,1,0,133.1,3.36,1202.4,4,22.4,0.08,42,10,fail,F4 HAB1 appendage
arm6helix_s6002,d154,1,221,221,0,1,0,0.0,0.0,0.0,0,26.2,0.08,56,12,fail,F1 no enclosed cavity
arm6helix_s6002,d116,1,212,212,0,1,0,98.9,3.45,1309.4,7,24.8,0.08,35,11,fail,F4 HAB1 appendage
arm6helix_s6002,d084,1,206,206,0,1,0,89.6,3.31,1345.6,5,25.0,0.08,45,14,fail,F4 HAB1 appendage
arm6helix_s6002,d137,1,226,226,0,1,0,172.6,3.39,1177.1,4,25.9,0.08,43,9,fail,F2 envelope <= PYR1
arm6helix_s6002,d125,1,229,229,0,1,0,20.7,2.44,249.0,16,23.1,0.08,67,22,fail,F2 envelope <= PYR1
arm6helix_s6002,d157,1,236,236,0,1,0,0.0,0.0,0.0,0,22.2,0.08,50,7,fail,F1 no enclosed cavity
arm6helix_s6002,d176,1,214,214,0,1,0,0.0,0.0,0.0,0,22.6,0.08,54,22,fail,F1 no enclosed cavity
arm6helix_s6002,d113,1,209,209,0,1,0,194.8,3.48,1262.0,4,25.4,0.08,54,20,fail,F4 HAB1 appendage
arm6helix_s6002,d107,1,203,203,0,1,0,51.6,3.3,1240.6,6,24.7,0.08,46,9,fail,F4 HAB1 appendage
arm6helix_s6002,d172,1,238,238,0,1,0,0.0,0.0,0.0,0,23.0,0.08,60,11,fail,F1 no enclosed cavity
arm6helix_s6002,d073,1,212,212,0,1,0,118.4,3.43,1222.8,5,25.2,0.08,41,12,fail,F4 HAB1 appendage
arm6helix_s6002,d115,1,227,227,0,1,0,149.3,3.33,1303.1,4,24.9,0.08,41,7,fail,F4 HAB1 appendage
arm6helix_s6002,d169,1,222,222,0,1,0,121.4,3.29,1238.8,4,23.1,0.08,57,8,fail,F4 HAB1 appendage
arm6helix_s6002,d163,1,230,230,0,1,0,0.0,0.0,0.0,0,25.3,0.08,45,20,fail,F1 no enclosed cavity
arm6helix_s6002,d138,1,208,208,0,1,0,85.8,3.11,1355.9,2,24.8,0.08,35,9,fail,F4 HAB1 appendage
arm6helix_s6002,d195,1,215,215,0,1,0,0.0,0.0,0.0,0,23.7,0.08,37,9,fail,F1 no enclosed cavity
arm6helix_s6002,d221,2,219,190,29,1,0,,,,,,,,,REJECT,F0 internal/large orphan
arm6helix_s6002,d170,1,207,207,0,1,0,100.2,3.45,1214.9,4,23.9,0.08,47,13,fail,F4 HAB1 appendage
arm6helix_s6002,d117,1,218,218,0,1,0,78.4,3.48,1247.0,4,25.3,0.08,42,10,fail,F4 HAB1 appendage
arm6helix_s6002,d159,1,218,218,0,1,0,166.3,3.46,1189.4,3,25.6,0.08,33,9,fail,F4 HAB1 appendage
arm6helix_s6002,d133,1,234,234,0,1,0,165.0,3.38,1251.8,3,24.2,0.08,57,13,fail,F4 HAB1 appendage
arm6helix_s6002,d095,1,237,237,0,1,0,159.2,3.44,1147.0,1,27.8,0.08,46,14,fail,F2 envelope <= PYR1
arm6helix_s6002,d173,1,220,220,0,1,0,0.0,0.0,0.0,0,24.4,0.08,53,21,fail,F1 no enclosed cavity
arm6helix_s6002,d114,1,214,214,0,1,0,92.7,3.28,1244.0,2,25.1,0.08,39,13,fail,F4 HAB1 appendage
arm6helix_s6002,d166,1,196,196,0,1,0,0.0,0.0,0.0,0,28.2,0.08,29,9,fail,F1 no enclosed cavity
arm6helix_s6002,d188,1,196,196,0,1,0,102.2,3.28,1357.2,6,23.3,0.08,42,21,fail,F4 HAB1 appendage
arm6helix_s6002,d145,1,213,213,0,1,0,122.0,3.34,1368.1,3,27.4,0.08,36,10,fail,F4 HAB1 appendage
arm6helix_s6002,d201,1,199,199,0,1,0,84.5,3.17,1290.5,5,22.6,0.08,40,14,fail,F4 HAB1 appendage
arm6helix_s6002,d193,1,229,229,0,1,0,0.0,0.0,0.0,0,24.1,0.08,52,12,fail,F1 no enclosed cavity
arm6helix_s6002,d069,1,207,207,0,1,0,113.4,3.27,1193.2,4,25.9,0.08,33,12,fail,F4 HAB1 appendage
arm6helix_s6002,d134,1,208,208,0,1,0,154.4,3.44,1235.0,2,24.2,0.08,49,23,fail,F4 HAB1 appendage
arm6helix_s6002,d196,1,223,223,0,1,0,0.0,0.0,0.0,0,25.3,0.08,40,11,fail,F1 no enclosed cavity
arm6helix_s6002,d168,1,210,210,0,1,0,173.7,3.25,1130.1,1,23.9,0.08,44,13,fail,F2 envelope <= PYR1
arm6helix_s6002,d171,1,220,220,0,1,0,105.0,3.28,1263.4,4,23.1,0.08,54,8,fail,F4 HAB1 appendage
arm6helix_s6002,d126,1,219,219,0,1,0,122.7,3.19,1178.4,2,25.2,0.08,45,8,fail,F2 envelope <= PYR1
arm6helix_s6002,d194,1,201,201,0,1,0,178.4,3.46,1087.1,3,24.4,0.08,52,14,fail,F2 envelope <= PYR1
arm6helix_s6002,d130,1,211,211,0,1,0,135.0,3.25,1248.9,5,26.4,0.08,24,4,fail,F6 Rg
arm6helix_s6002,d197,1,229,229,0,1,0,95.9,3.47,1342.9,5,25.1,0.08,41,14,fail,F4 HAB1 appendage
arm6helix_s6002,d199,1,214,214,0,1,0,83.8,3.45,1116.9,2,25.4,0.08,53,12,fail,F2 envelope <= PYR1
arm6helix_s6002,d149,1,195,195,0,1,0,93.3,3.51,1339.5,4,26.0,0.08,28,8,fail,F4 HAB1 appendage
arm6helix_s6002,d152,1,220,220,0,1,0,188.6,3.15,1338.2,5,23.2,0.08,52,13,fail,F4 HAB1 appendage
arm6helix_s6002,d198,1,242,242,0,1,0,0.0,0.0,0.0,0,23.7,0.08,64,9,fail,F1 no enclosed cavity
arm6helix_s6002,d178,1,214,214,0,1,0,131.8,3.41,1287.6,3,25.8,0.08,46,10,fail,F4 HAB1 appendage
arm6helix_s6002,d153,1,212,212,0,1,0,97.4,3.48,1035.0,2,27.6,0.08,42,16,fail,F2 envelope <= PYR1
arm6helix_s6002,d218,1,221,221,0,1,0,0.0,0.0,0.0,0,24.6,0.08,37,9,fail,F1 no enclosed cavity
arm6helix_s6002,d177,1,196,196,0,1,0,108.6,3.21,1350.5,4,24.7,0.08,34,11,fail,F4 HAB1 appendage
arm6helix_s6002,d226,1,216,216,0,1,0,0.0,0.0,0.0,0,24.1,0.08,46,7,fail,F1 no enclosed cavity
arm6helix_s6002,d220,1,211,211,0,1,0,0.0,0.0,0.0,0,22.2,0.08,39,10,fail,F1 no enclosed cavity
arm6helix_s6002,d160,1,216,216,0,1,0,145.8,3.44,1377.1,4,25.8,0.08,58,25,fail,F4 HAB1 appendage
arm6helix_s6002,d214,1,223,223,0,1,0,0.0,0.0,0.0,0,24.5,0.08,47,9,fail,F1 no enclosed cavity
arm6helix_s6002,d223,1,247,247,0,1,0,0.0,0.0,0.0,0,24.4,0.08,58,14,fail,F1 no enclosed cavity
arm6helix_s6002,d209,1,224,224,0,1,0,162.9,3.44,1245.9,7,22.4,0.08,54,11,fail,F4 HAB1 appendage
arm6helix_s6002,d181,1,229,229,0,1,0,115.3,3.31,1266.6,4,21.6,0.08,53,17,fail,F4 HAB1 appendage
arm6helix_s6002,d183,1,218,218,0,1,0,82.3,3.19,1181.1,5,23.1,0.08,53,17,fail,F2 envelope <= PYR1
arm6helix_s6002,d174,1,203,203,0,1,0,115.1,3.12,1105.8,7,24.4,0.08,43,16,fail,F2 envelope <= PYR1
arm6helix_s6002,d240,1,216,216,0,1,0,0.0,0.0,0.0,0,23.3,0.08,54,11,fail,F1 no enclosed cavity
arm6helix_s6002,d216,1,224,224,0,1,0,0.0,0.0,0.0,0,23.5,0.08,48,7,fail,F1 no enclosed cavity
arm7free_s7001,d000,2,189,153,36,1,1,,,,,,,,,REJECT,F0 motif split across pieces
arm6helix_s6002,d215,1,233,233,0,1,0,0.0,0.0,0.0,0,24.2,0.08,40,7,fail,F1 no enclosed cavity
arm6helix_s6002,d167,1,194,194,0,1,0,70.8,3.26,1296.8,3,26.4,0.08,32,13,fail,F4 HAB1 appendage
arm6helix_s6002,d208,1,216,216,0,1,0,67.4,3.4,1229.8,5,22.0,0.08,44,9,fail,F4 HAB1 appendage
arm6helix_s6002,d242,1,212,212,0,1,0,0.0,0.0,0.0,0,24.8,0.08,42,11,fail,F1 no enclosed cavity
arm6helix_s6002,d237,1,195,195,0,1,0,0.0,0.0,0.0,0,23.8,0.08,51,21,fail,F1 no enclosed cavity
arm6helix_s6002,d165,1,219,219,0,1,0,60.9,2.98,933.8,7,25.7,0.08,58,12,fail,F2 envelope <= PYR1
arm6helix_s6002,d229,1,202,202,0,1,0,0.0,0.0,0.0,0,23.5,0.08,45,16,fail,F1 no enclosed cavity
arm6helix_s6002,d207,1,209,209,0,1,0,140.0,3.45,1231.9,5,24.3,0.08,44,13,fail,F4 HAB1 appendage
arm6helix_s6002,d231,1,209,209,0,1,0,100.2,3.19,1234.8,6,23.6,0.08,39,9,fail,F4 HAB1 appendage
arm6helix_s6002,d219,1,239,239,0,1,0,0.0,0.0,0.0,0,23.9,0.08,46,7,fail,F1 no enclosed cavity
arm6helix_s6002,d222,1,233,233,0,1,0,0.0,0.0,0.0,0,25.5,0.08,57,20,fail,F1 no enclosed cavity
arm6helix_s6002,d255,1,228,228,0,1,0,0.0,0.0,0.0,0,22.4,0.08,54,6,fail,F1 no enclosed cavity
arm6helix_s6002,d212,1,218,218,0,1,0,55.5,3.26,1232.8,4,25.8,0.08,37,7,fail,F4 HAB1 appendage
arm6helix_s6002,d182,1,215,215,0,1,0,124.8,3.35,1106.6,1,23.8,0.08,38,10,fail,F2 envelope <= PYR1
arm6helix_s6002,d261,1,236,236,0,1,0,0.0,0.0,0.0,0,21.8,0.08,75,12,fail,F1 no enclosed cavity
arm7free_s7001,d016,2,186,111,75,1,1,,,,,,,,,REJECT,F0 motif split across pieces
arm7free_s7001,d017,2,210,185,25,1,1,,,,,,,,,REJECT,F0 motif split across pieces
arm6helix_s6002,d180,1,203,203,0,1,0,128.7,3.35,1243.1,6,23.0,0.08,49,12,fail,F4 HAB1 appendage
arm7free_s7001,d019,3,185,107,78,1,1,,,,,,,,,REJECT,F0 motif split across pieces
arm6helix_s6002,d210,1,210,210,0,1,0,155.3,3.21,1305.0,3,24.5,0.08,42,9,fail,F4 HAB1 appendage
arm6helix_s6002,d233,1,224,224,0,1,0,94.0,3.51,1273.2,4,24.7,0.08,42,7,fail,F4 HAB1 appendage
arm7free_s7001,d003,1,172,172,0,1,0,0.0,0.0,0.0,0,20.8,0.08,56,19,fail,F1 no enclosed cavity
arm6helix_s6002,d189,1,214,214,0,1,0,42.6,3.14,1343.1,6,23.6,0.08,53,14,fail,F4 HAB1 appendage
arm7free_s7001,d024,2,170,107,63,1,1,,,,,,,,,REJECT,F0 motif split across pieces
arm6helix_s6002,d252,1,212,212,0,1,0,0.0,0.0,0.0,0,23.0,0.08,45,14,fail,F1 no enclosed cavity
arm6helix_s6002,d141,1,217,217,0,1,0,143.2,3.41,1040.8,7,25.1,0.08,32,9,fail,F2 envelope <= PYR1
arm6helix_s6002,d241,1,203,203,0,1,0,0.0,0.0,0.0,0,25.3,0.08,56,17,fail,F1 no enclosed cavity
arm6helix_s6002,d202,1,217,217,0,1,0,168.0,3.3,1192.0,7,24.2,0.08,37,9,fail,F4 HAB1 appendage
arm6helix_s6002,d204,1,204,204,0,1,0,142.6,3.44,1271.6,6,24.7,0.08,49,18,fail,F4 HAB1 appendage
arm7free_s7001,d029,2,181,158,23,1,1,,,,,,,,,REJECT,F0 motif split across pieces
arm6helix_s6002,d184,1,222,222,0,1,0,96.8,3.34,1180.4,4,26.1,0.08,37,9,fail,F2 envelope <= PYR1
arm6helix_s6002,d232,1,210,210,0,1,0,86.6,3.4,1219.0,7,22.4,0.08,37,10,fail,F4 HAB1 appendage
arm7free_s7001,d033,3,170,94,76,1,1,,,,,,,,,REJECT,F0 motif split across pieces
arm6helix_s6002,d213,1,213,213,0,1,0,223.3,3.28,1090.5,4,23.5,0.08,35,9,fail,F2 envelope <= PYR1
arm7free_s7001,d009,1,181,181,0,1,0,0.0,0.0,0.0,0,21.9,0.08,45,10,fail,F1 no enclosed cavity
arm6helix_s6002,d235,1,219,219,0,1,0,0.0,0.0,0.0,0,25.0,0.08,45,18,fail,F1 no enclosed cavity
arm6helix_s6002,d258,1,235,235,0,1,0,0.0,0.0,0.0,0,24.4,0.08,45,12,fail,F1 no enclosed cavity
arm6helix_s6002,d234,1,236,236,0,1,0,0.0,0.0,0.0,0,25.3,0.08,49,12,fail,F1 no enclosed cavity
arm6helix_s6002,d250,4,225,210,15,1,0,160.7,3.45,1206.6,7,22.8,0.08,34,9,fail,F4 HAB1 appendage
arm7free_s7001,d013,1,175,175,0,1,0,0.0,0.0,0.0,0,23.6,0.08,65,31,fail,F1 no enclosed cavity
arm6helix_s6002,d206,1,195,195,0,1,0,137.6,3.26,1356.4,3,22.9,0.08,45,19,fail,F4 HAB1 appendage
arm7free_s7001,d005,1,175,175,0,1,0,0.0,0.0,0.0,0,21.8,0.08,39,17,fail,F1 no enclosed cavity
arm7free_s7001,d043,2,192,162,30,1,1,,,,,,,,,REJECT,F0 motif split across pieces
arm6helix_s6002,d243,1,225,225,0,1,0,92.0,3.46,1265.2,4,24.0,0.08,47,14,fail,F4 HAB1 appendage
arm6helix_s6002,d224,1,221,221,0,1,0,192.9,3.42,1082.5,2,24.1,0.08,60,16,fail,F2 envelope <= PYR1
arm7free_s7001,d046,2,203,143,60,1,1,,,,,,,,,REJECT,F0 motif split across pieces
arm6helix_s6002,d200,1,231,231,0,1,0,153.1,3.49,1265.5,5,25.0,0.08,47,14,fail,F4 HAB1 appendage
arm7free_s7001,d048,2,207,183,24,1,1,,,,,,,,,REJECT,F0 motif split across pieces
arm6helix_s6002,d251,1,216,216,0,1,0,0.0,0.0,0.0,0,23.4,0.08,68,17,fail,F1 no enclosed cavity
arm6helix_s6002,d256,1,238,238,0,1,0,0.0,0.0,0.0,0,30.1,0.08,39,17,fail,F1 no enclosed cavity
arm6helix_s6002,d186,1,229,229,0,1,0,114.5,3.32,1058.4,2,25.2,0.08,62,17,fail,F2 envelope <= PYR1
arm6helix_s6002,d239,1,205,205,0,1,0,198.3,3.33,1289.4,4,21.9,0.08,49,15,fail,F4 HAB1 appendage
arm6helix_s6002,d253,1,230,230,0,1,0,0.0,0.0,0.0,0,24.9,0.08,43,7,fail,F1 no enclosed cavity
arm6helix_s6002,d246,1,214,214,0,1,0,0.0,0.0,0.0,0,25.0,0.08,36,8,fail,F1 no enclosed cavity
arm6helix_s6002,d245,1,227,227,0,1,0,0.0,0.0,0.0,0,23.1,0.08,45,16,fail,F1 no enclosed cavity
arm6helix_s6002,d225,1,203,203,0,1,0,117.7,3.33,1303.2,5,21.8,0.08,37,4,PASS,
arm6helix_s6002,d191,1,208,208,0,1,0,77.5,3.2,1180.9,5,24.5,0.08,47,10,fail,F2 envelope <= PYR1
arm7free_s7001,d058,2,205,105,100,1,1,,,,,,,,,REJECT,F0 motif split across pieces
arm6helix_s6002,d228,1,238,238,0,1,0,170.9,3.28,1236.0,2,23.0,0.08,56,17,fail,F4 HAB1 appendage
arm6helix_s6002,d187,1,217,217,0,1,0,74.1,3.36,1263.0,4,25.5,0.08,52,24,fail,F4 HAB1 appendage
arm7free_s7001,d061,2,172,103,69,1,1,,,,,,,,,REJECT,F0 motif split across pieces
arm7free_s7001,d062,2,188,105,83,1,1,,,,,,,,,REJECT,F0 motif split across pieces
arm7free_s7001,d063,2,183,123,60,1,1,,,,,,,,,REJECT,F0 motif split across pieces
arm7free_s7001,d027,3,180,169,11,1,0,0.0,0.0,0.0,0,21.6,0.08,36,15,fail,F1 no enclosed cavity
arm7free_s7001,d065,2,179,102,77,1,1,,,,,,,,,REJECT,F0 motif split across pieces
arm7free_s7001,d066,2,204,180,24,1,1,,,,,,,,,REJECT,F0 motif split across pieces
arm6helix_s6002,d254,1,240,240,0,1,0,0.0,0.0,0.0,0,25.0,0.08,55,9,fail,F1 no enclosed cavity
arm6helix_s6002,d205,1,223,223,0,1,0,62.0,3.53,1155.4,7,25.3,0.08,45,11,fail,F2 envelope <= PYR1
arm6helix_s6002,d203,1,206,206,0,1,0,81.9,3.35,1163.5,2,24.5,0.08,54,29,fail,F2 envelope <= PYR1
arm7free_s7001,d070,2,200,146,54,1,1,,,,,,,,,REJECT,F0 motif split across pieces
arm6helix_s6002,d260,1,220,220,0,1,0,132.8,3.43,1310.4,3,24.4,0.08,48,13,fail,F4 HAB1 appendage
arm7free_s7001,d026,1,210,210,0,1,0,0.0,0.0,0.0,0,21.2,0.08,53,10,fail,F1 no enclosed cavity
arm7free_s7001,d040,1,206,206,0,1,0,0.0,0.0,0.0,0,22.1,0.08,68,32,fail,F1 no enclosed cavity
arm7free_s7001,d032,2,179,159,20,1,0,0.0,0.0,0.0,0,22.4,0.08,49,17,fail,F1 no enclosed cavity
arm7free_s7001,d011,1,205,205,0,1,0,0.0,0.0,0.0,0,25.3,0.08,60,13,fail,F1 no enclosed cavity
arm7free_s7001,d076,3,173,94,79,1,1,,,,,,,,,REJECT,F0 motif split across pieces
arm6helix_s6002,d244,1,210,210,0,1,0,131.1,3.43,1176.1,6,27.9,0.08,38,11,fail,F2 envelope <= PYR1
arm7free_s7001,d078,2,208,180,28,1,1,,,,,,,,,REJECT,F0 motif split across pieces
arm7free_s7001,d038,1,203,203,0,1,0,0.0,0.0,0.0,0,22.4,0.08,60,9,fail,F1 no enclosed cavity
arm7free_s7001,d025,1,174,174,0,1,0,0.0,0.0,0.0,0,22.7,0.08,57,29,fail,F1 no enclosed cavity
arm7free_s7001,d007,1,207,207,0,1,0,0.0,0.0,0.0,0,23.3,0.08,55,11,fail,F1 no enclosed cavity
arm7free_s7001,d082,3,171,79,92,1,1,,,,,,,,,REJECT,F0 motif split across pieces
arm7free_s7001,d014,1,190,190,0,1,0,160.7,3.41,1226.0,4,22.7,0.08,37,10,fail,F4 HAB1 appendage
arm7free_s7001,d084,2,172,102,70,1,1,,,,,,,,,REJECT,F0 motif split across pieces
arm6helix_s6002,d211,1,234,234,0,1,0,32.8,2.51,905.1,7,25.7,0.08,50,11,fail,F2 envelope <= PYR1
arm7free_s7001,d086,2,209,180,29,1,1,,,,,,,,,REJECT,F0 motif split across pieces
arm7free_s7001,d006,1,207,207,0,1,0,0.0,0.0,0.0,0,24.0,0.08,45,7,fail,F1 no enclosed cavity
arm7free_s7001,d088,2,205,176,29,1,1,,,,,,,,,REJECT,F0 motif split across pieces
arm6helix_s6002,d249,1,248,248,0,1,0,0.0,0.0,0.0,0,26.7,0.08,57,17,fail,F1 no enclosed cavity
arm7free_s7001,d021,1,201,201,0,1,0,0.0,0.0,0.0,0,22.4,0.08,69,45,fail,F1 no enclosed cavity
arm7free_s7001,d001,1,210,210,0,1,0,185.8,3.48,1172.8,4,21.9,0.08,49,15,fail,F2 envelope <= PYR1
arm6helix_s6002,d227,1,214,214,0,1,0,66.5,3.44,1049.9,4,26.0,0.08,47,11,fail,F2 envelope <= PYR1
arm7free_s7001,d034,1,197,197,0,1,0,0.0,0.0,0.0,0,20.3,0.08,85,26,fail,F1 no enclosed cavity
arm7free_s7001,d094,2,198,128,70,1,1,,,,,,,,,REJECT,F0 motif split across pieces
arm7free_s7001,d008,1,172,172,0,1,0,0.0,0.0,0.0,0,25.0,0.08,55,15,fail,F1 no enclosed cavity
arm7free_s7001,d020,1,186,186,0,1,0,0.0,0.0,0.0,0,22.6,0.08,57,17,fail,F1 no enclosed cavity
arm7free_s7001,d018,1,208,208,0,1,0,172.2,3.49,1212.6,2,24.7,0.08,59,11,fail,F4 HAB1 appendage
arm6helix_s6002,d248,1,206,206,0,1,0,128.1,3.43,1363.9,5,26.2,0.08,34,14,fail,F4 HAB1 appendage
arm7free_s7001,d042,1,171,171,0,1,0,0.0,0.0,0.0,0,22.2,0.08,62,18,fail,F1 no enclosed cavity
arm7free_s7001,d037,1,210,210,0,1,0,0.0,0.0,0.0,0,23.4,0.08,74,19,fail,F1 no enclosed cavity
arm7free_s7001,d101,2,203,173,30,1,1,,,,,,,,,REJECT,F0 motif split across pieces
arm7free_s7001,d102,3,205,152,53,1,1,,,,,,,,,REJECT,F0 motif split across pieces
arm7free_s7001,d074,2,177,159,18,1,0,0.0,0.0,0.0,0,18.4,0.08,20,6,fail,F1 no enclosed cavity
arm7free_s7001,d104,3,170,138,32,1,0,,,,,,,,,REJECT,F0 internal/large orphan
arm7free_s7001,d053,1,210,210,0,1,0,0.0,0.0,0.0,0,22.8,0.08,78,19,fail,F1 no enclosed cavity
arm7free_s7001,d106,2,209,185,24,1,1,,,,,,,,,REJECT,F0 motif split across pieces
arm7free_s7001,d022,1,183,183,0,1,0,0.0,0.0,0.0,0,23.5,0.08,46,10,fail,F1 no enclosed cavity
arm7free_s7001,d044,1,175,175,0,1,0,0.0,0.0,0.0,0,22.6,0.08,59,21,fail,F1 no enclosed cavity
arm7free_s7001,d068,1,210,210,0,1,0,0.0,0.0,0.0,0,25.3,0.08,63,12,fail,F1 no enclosed cavity
arm7free_s7001,d060,3,196,178,18,1,0,0.0,0.0,0.0,0,19.5,0.08,53,13,fail,F1 no enclosed cavity
arm7free_s7001,d111,2,198,165,33,1,1,,,,,,,,,REJECT,F0 motif split across pieces
arm7free_s7001,d045,1,201,201,0,1,0,0.0,0.0,0.0,0,21.2,0.08,30,6,fail,F1 no enclosed cavity
arm6helix_s6002,d230,1,202,202,0,1,0,116.0,3.54,1290.8,6,25.9,0.08,36,10,fail,F4 HAB1 appendage
arm7free_s7001,d010,1,186,186,0,1,0,70.2,3.24,1336.4,5,25.2,0.08,44,4,fail,F6 Rg
arm7free_s7001,d085,1,189,189,0,1,0,0.0,0.0,0.0,0,24.2,0.08,57,15,fail,F1 no enclosed cavity
arm7free_s7001,d030,1,209,209,0,1,0,0.0,0.0,0.0,0,25.4,0.08,51,10,fail,F1 no enclosed cavity
arm7free_s7001,d055,1,178,178,0,1,0,0.0,0.0,0.0,0,22.1,0.08,44,16,fail,F1 no enclosed cavity
arm7free_s7001,d067,1,188,188,0,1,0,0.0,0.0,0.0,0,24.4,0.08,71,30,fail,F1 no enclosed cavity
arm7free_s7001,d075,1,197,197,0,1,0,0.0,0.0,0.0,0,25.9,0.08,62,10,fail,F1 no enclosed cavity
arm7free_s7001,d002,1,205,205,0,1,0,114.7,3.47,1327.4,4,23.3,0.08,41,19,fail,F4 HAB1 appendage
arm7free_s7001,d056,1,190,190,0,1,0,0.0,0.0,0.0,0,22.7,0.08,63,17,fail,F1 no enclosed cavity
arm7free_s7001,d023,1,194,194,0,1,0,87.5,3.25,1242.8,4,25.7,0.08,34,6,fail,F4 HAB1 appendage
arm7free_s7001,d097,1,209,209,0,1,0,0.0,0.0,0.0,0,24.2,0.08,59,15,fail,F1 no enclosed cavity
arm6helix_s6002,d155,1,224,224,0,1,0,139.1,3.46,1275.5,4,26.6,0.08,34,23,fail,F4 HAB1 appendage
arm7free_s7001,d125,2,182,141,41,1,1,,,,,,,,,REJECT,F0 motif split across pieces
arm7free_s7001,d126,2,197,112,85,1,1,,,,,,,,,REJECT,F0 motif split across pieces
arm7free_s7001,d015,1,187,187,0,1,0,0.0,0.0,0.0,0,25.4,0.08,66,14,fail,F1 no enclosed cavity
arm6helix_s6002,d259,1,204,204,0,1,0,107.8,3.42,1046.1,5,24.1,0.08,42,10,fail,F2 envelope <= PYR1
arm7free_s7001,d072,1,171,171,0,1,0,63.7,3.14,1158.2,8,22.2,0.08,65,16,fail,F2 envelope <= PYR1
arm7free_s7001,d047,1,180,180,0,1,0,0.0,0.0,0.0,0,24.8,0.08,55,18,fail,F1 no enclosed cavity
arm6helix_s6002,d247,1,227,227,0,1,0,61.1,3.36,1282.6,11,23.5,0.08,48,9,fail,F4 HAB1 appendage
arm7free_s7001,d041,1,186,186,0,1,0,192.7,3.46,1310.5,3,22.7,0.08,45,20,fail,F4 HAB1 appendage
arm7free_s7001,d087,1,210,210,0,1,0,0.0,0.0,0.0,0,23.2,0.08,59,19,fail,F1 no enclosed cavity
arm7free_s7001,d134,2,176,141,35,1,1,,,,,,,,,REJECT,F0 motif split across pieces
arm6helix_s6002,d217,1,205,205,0,1,0,154.9,3.31,1363.0,4,27.3,0.08,32,12,fail,F4 HAB1 appendage
arm6helix_s6002,d236,1,216,216,0,1,0,183.6,3.3,1169.4,1,25.6,0.08,45,14,fail,F2 envelope <= PYR1
arm7free_s7001,d137,5,181,82,99,1,1,,,,,,,,,REJECT,F0 motif split across pieces
arm6helix_s6002,d238,2,212,197,15,1,0,129.2,3.2,1175.6,6,26.6,0.08,35,17,fail,F2 envelope <= PYR1
arm7free_s7001,d083,1,191,191,0,1,0,0.0,0.0,0.0,0,24.7,0.08,64,20,fail,F1 no enclosed cavity
arm7free_s7001,d081,1,182,182,0,1,0,0.0,0.0,0.0,0,24.7,0.08,48,7,fail,F1 no enclosed cavity
arm7free_s7001,d141,2,190,99,91,1,1,,,,,,,,,REJECT,F0 motif split across pieces
arm7free_s7001,d142,2,187,134,53,1,1,,,,,,,,,REJECT,F0 motif split across pieces
arm7free_s7001,d143,2,205,173,32,1,1,,,,,,,,,REJECT,F0 motif split across pieces
arm7free_s7001,d064,2,180,176,4,1,0,0.0,0.0,0.0,0,23.3,0.08,44,19,fail,F1 no enclosed cavity
arm7free_s7001,d115,1,206,206,0,1,0,0.0,0.0,0.0,0,22.8,0.08,72,19,fail,F1 no enclosed cavity
arm7free_s7001,d114,1,171,171,0,1,0,0.0,0.0,0.0,0,21.9,0.08,58,25,fail,F1 no enclosed cavity
arm7free_s7001,d147,2,172,138,34,1,1,,,,,,,,,REJECT,F0 motif split across pieces
arm7free_s7001,d116,1,207,207,0,1,0,0.0,0.0,0.0,0,20.9,0.08,56,28,fail,F1 no enclosed cavity
arm7free_s7001,d071,1,172,172,0,1,0,0.0,0.0,0.0,0,23.2,0.08,47,13,fail,F1 no enclosed cavity
arm7free_s7001,d012,1,198,198,0,1,0,112.8,3.51,1149.1,4,24.5,0.08,49,5,fail,F2 envelope <= PYR1
arm7free_s7001,d092,1,202,202,0,1,0,0.0,0.0,0.0,0,23.8,0.08,65,17,fail,F1 no enclosed cavity
arm7free_s7001,d093,1,190,190,0,1,0,0.0,0.0,0.0,0,22.9,0.08,79,19,fail,F1 no enclosed cavity
arm7free_s7001,d091,1,206,206,0,1,0,0.0,0.0,0.0,0,23.3,0.08,86,24,fail,F1 no enclosed cavity
arm7free_s7001,d154,2,202,121,81,1,1,,,,,,,,,REJECT,F0 motif split across pieces
arm7free_s7001,d073,1,209,209,0,1,0,0.0,0.0,0.0,0,22.6,0.08,55,15,fail,F1 no enclosed cavity
arm7free_s7001,d051,1,173,173,0,1,0,70.4,3.23,1246.6,4,25.3,0.08,28,19,fail,F4 HAB1 appendage
arm7free_s7001,d123,1,171,171,0,1,0,0.0,0.0,0.0,0,22.7,0.08,31,10,fail,F1 no enclosed cavity
arm7free_s7001,d099,1,175,175,0,1,0,0.0,0.0,0.0,0,24.0,0.08,57,9,fail,F1 no enclosed cavity
arm6helix_s6002,d257,1,245,245,0,1,0,122.7,3.55,1212.6,3,25.0,0.08,59,10,fail,F4 HAB1 appendage
arm7free_s7001,d160,2,209,183,26,1,1,,,,,,,,,REJECT,F0 motif split across pieces
arm7free_s7001,d161,3,191,163,28,1,0,,,,,,,,,REJECT,F0 internal/large orphan
arm7free_s7001,d162,3,191,88,103,1,1,,,,,,,,,REJECT,F0 motif split across pieces
arm7free_s7001,d121,1,209,209,0,1,0,0.0,0.0,0.0,0,23.6,0.08,78,16,fail,F1 no enclosed cavity
arm7free_s7001,d096,1,195,195,0,1,0,0.0,0.0,0.0,0,22.3,0.08,43,8,fail,F1 no enclosed cavity
arm7free_s7001,d165,4,170,96,74,1,1,,,,,,,,,REJECT,F0 motif split across pieces
arm7free_s7001,d130,1,201,201,0,1,0,0.0,0.0,0.0,0,21.8,0.08,76,12,fail,F1 no enclosed cavity
arm7free_s7001,d089,1,210,210,0,1,0,0.0,0.0,0.0,0,23.8,0.08,56,8,fail,F1 no enclosed cavity
arm7free_s7001,d100,1,202,202,0,1,0,0.0,0.0,0.0,0,23.6,0.08,62,10,fail,F1 no enclosed cavity
arm7free_s7001,d105,1,199,199,0,1,0,96.8,3.4,1255.0,3,22.5,0.08,50,9,fail,F4 HAB1 appendage
arm7free_s7001,d170,2,183,129,54,1,1,,,,,,,,,REJECT,F0 motif split across pieces
arm7free_s7001,d103,1,204,204,0,1,0,0.0,0.0,0.0,0,23.3,0.08,61,16,fail,F1 no enclosed cavity
arm7free_s7001,d004,2,193,179,14,1,0,86.6,3.31,1254.5,2,24.6,0.08,50,14,fail,F4 HAB1 appendage
arm7free_s7001,d120,1,171,171,0,1,0,0.0,0.0,0.0,0,23.1,0.08,22,9,fail,F1 no enclosed cavity
arm7free_s7001,d129,1,203,203,0,1,0,0.0,0.0,0.0,0,24.4,0.08,59,9,fail,F1 no enclosed cavity
arm7free_s7001,d175,2,196,117,79,1,1,,,,,,,,,REJECT,F0 motif split across pieces
arm7free_s7001,d176,2,206,124,82,1,1,,,,,,,,,REJECT,F0 motif split across pieces
arm7free_s7001,d177,2,209,186,23,1,1,,,,,,,,,REJECT,F0 motif split across pieces
arm7free_s7001,d124,1,203,203,0,1,0,0.0,0.0,0.0,0,25.8,0.08,56,18,fail,F1 no enclosed cavity
arm7free_s7001,d098,1,200,200,0,1,0,92.9,3.43,1259.9,5,25.3,0.08,39,11,fail,F4 HAB1 appendage
arm7free_s7001,d079,1,197,197,0,1,0,32.8,2.41,860.9,9,24.5,0.08,70,18,fail,F2 envelope <= PYR1
arm7free_s7001,d133,1,209,209,0,1,0,0.0,0.0,0.0,0,24.1,0.08,62,10,fail,F1 no enclosed cavity
arm7free_s7001,d182,2,177,90,87,1,1,,,,,,,,,REJECT,F0 motif split across pieces
arm7free_s7001,d118,1,198,198,0,1,0,0.0,0.0,0.0,0,21.9,0.08,54,10,fail,F1 no enclosed cavity
arm7free_s7001,d090,1,188,188,0,1,0,0.0,0.0,0.0,0,22.7,0.08,45,11,fail,F1 no enclosed cavity
arm7free_s7001,d144,1,206,206,0,1,0,0.0,0.0,0.0,0,22.6,0.08,38,7,fail,F1 no enclosed cavity
arm7free_s7001,d095,1,192,192,0,1,0,0.0,0.0,0.0,0,24.2,0.08,38,10,fail,F1 no enclosed cavity
arm7free_s7001,d119,1,208,208,0,1,0,0.0,0.0,0.0,0,21.7,0.08,73,21,fail,F1 no enclosed cavity
arm7free_s7001,d149,1,178,178,0,1,0,0.0,0.0,0.0,0,23.4,0.08,46,15,fail,F1 no enclosed cavity
arm7free_s7001,d069,1,210,210,0,1,0,129.4,3.47,1263.4,3,23.9,0.08,50,13,fail,F4 HAB1 appendage
arm7free_s7001,d108,1,174,174,0,1,0,0.0,0.0,0.0,0,23.9,0.08,58,15,fail,F1 no enclosed cavity
arm7free_s7001,d151,1,185,185,0,1,0,0.0,0.0,0.0,0,21.7,0.08,72,21,fail,F1 no enclosed cavity
arm7free_s7001,d028,1,207,207,0,1,0,71.9,3.31,1264.4,4,24.8,0.08,46,11,fail,F4 HAB1 appendage
arm7free_s7001,d192,2,173,92,81,1,1,,,,,,,,,REJECT,F0 motif split across pieces
arm7free_s7001,d039,1,190,190,0,1,0,187.7,3.48,1215.2,4,24.1,0.08,47,10,fail,F4 HAB1 appendage
arm7free_s7001,d117,1,184,184,0,1,0,0.0,0.0,0.0,0,20.5,0.08,58,10,fail,F1 no enclosed cavity
arm7free_s7001,d146,1,178,178,0,1,0,0.0,0.0,0.0,0,24.7,0.08,62,20,fail,F1 no enclosed cavity
arm7free_s7001,d031,1,172,172,0,1,0,94.4,3.2,1256.6,4,24.5,0.08,42,12,fail,F4 HAB1 appendage
arm7free_s7001,d164,1,177,177,0,1,0,0.0,0.0,0.0,0,23.0,0.08,49,18,fail,F1 no enclosed cavity
arm7free_s7001,d110,1,209,209,0,1,0,183.0,3.46,976.2,2,24.5,0.08,52,17,fail,F2 envelope <= PYR1
arm7free_s7001,d157,1,204,204,0,1,0,0.0,0.0,0.0,0,24.9,0.08,56,10,fail,F1 no enclosed cavity
arm7free_s7001,d158,1,190,190,0,1,0,0.0,0.0,0.0,0,21.9,0.08,59,16,fail,F1 no enclosed cavity
arm7free_s7001,d183,1,184,184,0,1,0,0.0,0.0,0.0,0,22.1,0.08,67,37,fail,F1 no enclosed cavity
arm7free_s7001,d203,2,206,141,65,1,0,,,,,,,,,REJECT,F0 internal/large orphan
arm7free_s7001,d174,1,175,175,0,1,0,0.0,0.0,0.0,0,22.6,0.08,39,18,fail,F1 no enclosed cavity
arm7free_s7001,d036,1,205,205,0,1,0,85.8,3.4,1353.1,4,26.0,0.08,39,8,fail,F4 HAB1 appendage
arm7free_s7001,d186,1,196,196,0,1,0,0.0,0.0,0.0,0,22.1,0.08,80,35,fail,F1 no enclosed cavity
arm7free_s7001,d207,2,180,135,45,1,1,,,,,,,,,REJECT,F0 motif split across pieces
arm7free_s7001,d140,1,202,202,0,1,0,0.0,0.0,0.0,0,23.9,0.08,59,12,fail,F1 no enclosed cavity
arm7free_s7001,d209,2,204,143,61,1,1,,,,,,,,,REJECT,F0 motif split across pieces
arm7free_s7001,d131,1,210,210,0,1,0,0.0,0.0,0.0,0,25.0,0.08,64,16,fail,F1 no enclosed cavity
arm7free_s7001,d211,2,182,148,34,1,1,,,,,,,,,REJECT,F0 motif split across pieces
arm7free_s7001,d212,3,170,86,84,1,1,,,,,,,,,REJECT,F0 motif split across pieces
arm7free_s7001,d035,1,210,210,0,1,0,149.0,3.46,1330.0,3,24.6,0.08,62,15,fail,F4 HAB1 appendage
arm7free_s7001,d049,1,174,174,0,1,0,180.8,3.43,1242.5,3,25.9,0.08,47,13,fail,F4 HAB1 appendage
arm7free_s7001,d173,2,172,160,12,1,0,0.0,0.0,0.0,0,21.8,0.08,40,13,fail,F1 no enclosed cavity
arm7free_s7001,d107,1,210,210,0,1,0,148.6,3.52,1240.4,4,25.0,0.08,48,8,fail,F4 HAB1 appendage
arm7free_s7001,d217,2,209,185,24,1,1,,,,,,,,,REJECT,F0 motif split across pieces
arm7free_s7001,d218,2,175,104,71,1,1,,,,,,,,,REJECT,F0 motif split across pieces
arm7free_s7001,d219,2,180,100,80,1,1,,,,,,,,,REJECT,F0 motif split across pieces
arm7free_s7001,d163,1,210,210,0,1,0,0.0,0.0,0.0,0,24.2,0.08,51,10,fail,F1 no enclosed cavity
arm7free_s7001,d221,3,178,141,37,1,0,,,,,,,,,REJECT,F0 internal/large orphan
arm7free_s7001,d222,2,171,113,58,1,1,,,,,,,,,REJECT,F0 motif split across pieces
arm7free_s7001,d199,1,204,204,0,1,0,0.0,0.0,0.0,0,22.6,0.08,53,10,fail,F1 no enclosed cavity
arm7free_s7001,d080,1,206,206,0,1,0,191.8,3.49,1237.9,1,25.6,0.08,42,12,fail,F4 HAB1 appendage
arm7free_s7001,d168,1,192,192,0,1,0,0.0,0.0,0.0,0,22.9,0.08,65,13,fail,F1 no enclosed cavity
arm7free_s7001,d197,1,206,206,0,1,0,0.0,0.0,0.0,0,25.3,0.08,73,33,fail,F1 no enclosed cavity
arm7free_s7001,d227,2,181,118,63,1,1,,,,,,,,,REJECT,F0 motif split across pieces
arm7free_s7001,d172,1,208,208,0,1,0,0.0,0.0,0.0,0,22.1,0.08,84,20,fail,F1 no enclosed cavity
arm7free_s7001,d229,2,172,138,34,1,1,,,,,,,,,REJECT,F0 motif split across pieces
arm7free_s7001,d184,1,183,183,0,1,0,0.0,0.0,0.0,0,21.1,0.08,59,11,fail,F1 no enclosed cavity
arm7free_s7001,d148,1,208,208,0,1,0,0.0,0.0,0.0,0,26.3,0.08,42,9,fail,F1 no enclosed cavity
arm7free_s7001,d054,1,208,208,0,1,0,88.6,3.33,1180.1,5,24.8,0.08,51,16,fail,F2 envelope <= PYR1
arm7free_s7001,d166,1,205,205,0,1,0,0.0,0.0,0.0,0,25.6,0.08,69,18,fail,F1 no enclosed cavity
arm7free_s7001,d050,1,203,203,0,1,0,71.9,3.3,1244.0,5,24.7,0.08,40,9,fail,F4 HAB1 appendage
arm7free_s7001,d235,3,179,103,76,1,1,,,,,,,,,REJECT,F0 motif split across pieces
arm7free_s7001,d236,2,207,123,84,1,1,,,,,,,,,REJECT,F0 motif split across pieces
arm7free_s7001,d181,1,173,173,0,1,0,0.0,0.0,0.0,0,23.8,0.08,37,20,fail,F1 no enclosed cavity
arm7free_s7001,d213,1,190,190,0,1,0,0.0,0.0,0.0,0,22.6,0.08,58,8,fail,F1 no enclosed cavity
arm7free_s7001,d239,2,180,97,83,1,1,,,,,,,,,REJECT,F0 motif split across pieces
arm7free_s7001,d136,1,208,208,0,1,0,0.0,0.0,0.0,0,25.9,0.08,50,17,fail,F1 no enclosed cavity
arm7free_s7001,d150,1,171,171,0,1,0,0.0,0.0,0.0,0,26.1,0.08,38,18,fail,F1 no enclosed cavity
arm7free_s7001,d205,1,199,199,0,1,0,0.0,0.0,0.0,0,22.5,0.08,71,15,fail,F1 no enclosed cavity
arm7free_s7001,d243,2,206,176,30,1,1,,,,,,,,,REJECT,F0 motif split across pieces
arm7free_s7001,d244,2,192,153,39,1,0,,,,,,,,,REJECT,F0 internal/large orphan
arm7free_s7001,d191,1,170,170,0,1,0,0.0,0.0,0.0,0,19.5,0.08,31,10,fail,F1 no enclosed cavity
arm7free_s7001,d138,1,210,210,0,1,0,13.4,2.54,634.6,7,26.4,0.08,45,13,fail,F2 envelope <= PYR1
arm7free_s7001,d145,1,209,209,0,1,0,0.0,0.0,0.0,0,25.1,0.08,62,10,fail,F1 no enclosed cavity
arm7free_s7001,d167,1,202,202,0,1,0,114.7,3.38,1354.6,6,26.0,0.08,57,11,fail,F4 HAB1 appendage
arm7free_s7001,d202,1,210,210,0,1,0,0.0,0.0,0.0,0,21.1,0.08,71,18,fail,F1 no enclosed cavity
arm7free_s7001,d185,1,182,182,0,1,0,0.0,0.0,0.0,0,23.2,0.08,56,25,fail,F1 no enclosed cavity
arm7free_s7001,d251,2,189,147,42,1,1,,,,,,,,,REJECT,F0 motif split across pieces
arm7free_s7001,d057,1,196,196,0,1,0,44.9,3.15,1121.9,4,25.3,0.08,66,19,fail,F2 envelope <= PYR1
arm7free_s7001,d253,2,177,111,66,1,1,,,,,,,,,REJECT,F0 motif split across pieces
arm7free_s7001,d113,1,180,180,0,1,0,138.5,3.32,1379.4,3,24.6,0.08,62,25,fail,F4 HAB1 appendage
arm7free_s7001,d196,1,193,193,0,1,0,0.0,0.0,0.0,0,22.7,0.08,36,8,fail,F1 no enclosed cavity
arm7free_s7001,d132,1,171,171,0,1,0,118.6,3.35,1232.4,5,24.6,0.08,59,15,fail,F4 HAB1 appendage
arm7free_s7001,d189,1,174,174,0,1,0,55.9,2.81,1077.2,6,22.2,0.08,52,16,fail,F2 envelope <= PYR1
arm7free_s7001,d258,3,170,87,83,1,1,,,,,,,,,REJECT,F0 motif split across pieces
arm7free_s7001,d259,2,196,104,92,1,1,,,,,,,,,REJECT,F0 motif split across pieces
arm7free_s7001,d135,1,171,171,0,1,0,91.4,3.52,1201.9,4,24.2,0.08,39,12,fail,F4 HAB1 appendage
arm7free_s7001,d180,2,190,165,25,1,0,0.0,0.0,0.0,0,23.9,0.08,29,20,fail,F1 no enclosed cavity
arm7free_s7001,d262,3,174,79,95,1,1,,,,,,,,,REJECT,F0 motif split across pieces
arm7free_s7001,d263,2,202,140,62,1,1,,,,,,,,,REJECT,F0 motif split across pieces
arm7free_s7001,d155,1,205,205,0,1,0,55.9,3.34,1214.4,4,22.5,0.08,50,10,fail,F4 HAB1 appendage
arm7free_s7001,d059,1,206,206,0,1,0,102.4,3.48,1363.2,9,23.6,0.08,43,10,fail,F4 HAB1 appendage
arm7free_s7001,d193,1,171,171,0,1,0,0.0,0.0,0.0,0,23.4,0.08,42,13,fail,F1 no enclosed cavity
arm7free_s7001,d194,1,208,208,0,1,0,86.0,3.45,1159.2,1,26.7,0.08,56,17,fail,F2 envelope <= PYR1
arm7free_s7001,d268,2,210,187,23,1,1,,,,,,,,,REJECT,F0 motif split across pieces
arm7free_s7001,d269,2,202,115,87,1,1,,,,,,,,,REJECT,F0 motif split across pieces
arm7free_s7001,d077,1,180,180,0,1,0,48.0,3.3,1194.2,11,26.9,0.08,50,9,fail,F4 HAB1 appendage
arm7free_s7001,d178,1,183,183,0,1,0,194.2,3.26,1148.6,3,24.4,0.08,36,12,fail,F2 envelope <= PYR1
arm7free_s7001,d109,1,207,207,0,1,0,116.6,3.37,1199.5,3,22.9,0.08,45,17,fail,F4 HAB1 appendage
arm7free_s7001,d273,2,170,94,76,1,1,,,,,,,,,REJECT,F0 motif split across pieces
arm7free_s7001,d195,1,171,171,0,1,0,0.0,0.0,0.0,0,24.2,0.08,45,19,fail,F1 no enclosed cavity
arm7free_s7001,d275,2,202,174,28,1,1,,,,,,,,,REJECT,F0 motif split across pieces
arm7free_s7001,d171,1,208,208,0,1,0,0.0,0.0,0.0,0,25.5,0.08,53,22,fail,F1 no enclosed cavity
arm7free_s7001,d225,1,196,196,0,1,0,0.0,0.0,0.0,0,23.0,0.08,70,25,fail,F1 no enclosed cavity
arm7free_s7001,d152,1,210,210,0,1,0,93.3,3.39,1130.9,6,25.0,0.08,41,8,fail,F2 envelope <= PYR1
arm7free_s7001,d052,1,200,200,0,1,0,92.9,3.49,1342.5,5,27.3,0.08,37,10,fail,F4 HAB1 appendage
arm7free_s7001,d280,2,190,112,78,1,1,,,,,,,,,REJECT,F0 motif split across pieces
arm7free_s7001,d188,1,202,202,0,1,0,0.0,0.0,0.0,0,22.2,0.08,50,12,fail,F1 no enclosed cavity
arm7free_s7001,d282,2,203,170,33,1,0,,,,,,,,,REJECT,F0 internal/large orphan
arm7free_s7001,d216,1,206,206,0,1,0,131.3,3.5,1238.9,4,24.0,0.08,53,14,fail,F4 HAB1 appendage
arm7free_s7001,d247,1,206,206,0,1,0,0.0,0.0,0.0,0,23.2,0.08,49,10,fail,F1 no enclosed cavity
arm7free_s7001,d128,2,186,166,20,1,0,94.6,3.24,1140.4,4,18.6,0.08,19,17,fail,F2 envelope <= PYR1
arm7free_s7001,d286,2,196,114,82,1,1,,,,,,,,,REJECT,F0 motif split across pieces
arm7free_s7001,d224,1,172,172,0,1,0,92.7,3.37,1337.5,7,25.6,0.08,43,9,fail,F4 HAB1 appendage
arm7free_s7001,d288,4,170,144,26,1,0,,,,,,,,,REJECT,F0 internal/large orphan
arm7free_s7001,d206,1,173,173,0,1,0,0.0,0.0,0.0,0,23.7,0.08,37,10,fail,F1 no enclosed cavity
arm7free_s7001,d198,1,202,202,0,1,0,135.0,3.31,1278.9,4,24.1,0.08,37,3,fail,F6 Rg
arm7free_s7001,d220,1,196,196,0,1,0,0.0,0.0,0.0,0,22.4,0.08,71,17,fail,F1 no enclosed cavity
arm7free_s7001,d223,1,175,175,0,1,0,0.0,0.0,0.0,0,22.9,0.08,32,12,fail,F1 no enclosed cavity
arm7free_s7001,d226,1,199,199,0,1,0,0.0,0.0,0.0,0,23.3,0.08,62,11,fail,F1 no enclosed cavity
arm7free_s7001,d293,4,174,88,86,1,1,,,,,,,,,REJECT,F0 motif split across pieces
arm7free_s7001,d230,1,208,208,0,1,0,0.0,0.0,0.0,0,22.7,0.08,62,9,fail,F1 no enclosed cavity
arm7free_s7001,d296,2,171,96,75,1,1,,,,,,,,,REJECT,F0 motif split across pieces
arm7free_s7001,d112,1,207,207,0,1,0,97.8,3.49,1206.8,6,25.9,0.08,45,9,fail,F4 HAB1 appendage
arm7free_s7001,d187,1,188,188,0,1,0,63.3,3.38,1245.9,4,27.7,0.08,36,12,fail,F4 HAB1 appendage
arm7free_s7001,d234,1,210,210,0,1,0,0.0,0.0,0.0,0,23.3,0.08,62,8,fail,F1 no enclosed cavity
arm7free_s7001,d254,1,194,194,0,1,0,0.0,0.0,0.0,0,21.1,0.08,87,33,fail,F1 no enclosed cavity
arm7free_s7001,d274,1,210,210,0,1,0,0.0,0.0,0.0,0,23.6,0.08,77,29,fail,F1 no enclosed cavity
arm7free_s7001,d302,2,199,127,72,1,1,,,,,,,,,REJECT,F0 motif split across pieces
arm7free_s7001,d233,1,208,208,0,1,0,0.0,0.0,0.0,0,24.5,0.08,56,17,fail,F1 no enclosed cavity
arm7free_s7001,d304,2,180,114,66,1,1,,,,,,,,,REJECT,F0 motif split across pieces
arm7free_s7001,d204,1,210,210,0,1,0,0.0,0.0,0.0,0,27.4,0.08,51,11,fail,F1 no enclosed cavity
arm7free_s7001,d215,1,202,202,0,1,0,0.0,0.0,0.0,0,25.9,0.08,54,11,fail,F1 no enclosed cavity
arm7free_s7001,d307,2,198,107,91,1,1,,,,,,,,,REJECT,F0 motif split across pieces
arm7free_s7001,d238,1,183,183,0,1,0,0.0,0.0,0.0,0,20.5,0.08,56,10,fail,F1 no enclosed cavity
arm7free_s7001,d308,2,210,172,38,1,0,,,,,,,,,REJECT,F0 internal/large orphan
arm7free_s7001,d310,2,176,124,52,1,1,,,,,,,,,REJECT,F0 motif split across pieces
arm7free_s7001,d249,1,188,188,0,1,0,0.0,0.0,0.0,0,26.3,0.08,59,11,fail,F1 no enclosed cavity
arm7free_s7001,d311,2,210,181,29,1,1,,,,,,,,,REJECT,F0 motif split across pieces
arm7free_s7001,d153,1,189,189,0,1,0,99.1,3.34,1240.8,5,23.1,0.08,51,19,fail,F4 HAB1 appendage
arm7free_s7001,d314,4,210,127,83,1,1,,,,,,,,,REJECT,F0 motif split across pieces
arm7free_s7001,d169,1,200,200,0,1,0,67.2,3.35,1254.6,4,23.2,0.08,60,23,fail,F4 HAB1 appendage
arm7free_s7001,d231,1,208,208,0,1,0,0.0,0.0,0.0,0,23.1,0.08,62,14,fail,F1 no enclosed cavity
arm7free_s7001,d316,2,190,102,88,1,1,,,,,,,,,REJECT,F0 motif split across pieces
arm7free_s7001,d245,1,189,189,0,1,0,55.9,3.28,1248.2,5,23.2,0.08,62,18,fail,F4 HAB1 appendage
arm7free_s7001,d272,1,203,203,0,1,0,0.0,0.0,0.0,0,25.3,0.08,47,11,fail,F1 no enclosed cavity
arm7free_s7001,d320,2,180,140,40,1,1,,,,,,,,,REJECT,F0 motif split across pieces
arm7free_s7001,d287,1,204,204,0,1,0,0.0,0.0,0.0,0,22.6,0.08,54,12,fail,F1 no enclosed cavity
arm7free_s7001,d322,2,179,102,77,1,1,,,,,,,,,REJECT,F0 motif split across pieces
arm7free_s7001,d284,1,173,173,0,1,0,0.0,0.0,0.0,0,22.9,0.08,41,13,fail,F1 no enclosed cavity
arm7free_s7001,d324,2,199,118,81,1,1,,,,,,,,,REJECT,F0 motif split across pieces
arm7free_s7001,d260,1,196,196,0,1,0,0.0,0.0,0.0,0,26.6,0.08,56,13,fail,F1 no enclosed cavity
arm7free_s7001,d127,1,207,207,0,1,0,90.3,3.56,1198.4,3,25.1,0.08,57,10,fail,F4 HAB1 appendage
arm7free_s7001,d281,2,189,186,3,1,0,0.0,0.0,0.0,0,20.9,0.08,56,15,fail,F1 no enclosed cavity
arm7free_s7001,d289,1,180,180,0,1,0,0.0,0.0,0.0,0,21.8,0.08,30,8,fail,F1 no enclosed cavity
arm7free_s7001,d190,1,206,206,0,1,0,30.5,2.57,693.4,12,22.6,0.08,49,15,fail,F2 envelope <= PYR1
arm7free_s7001,d261,1,195,195,0,1,0,0.0,0.0,0.0,0,24.3,0.08,73,13,fail,F1 no enclosed cavity
arm7free_s7001,d331,2,209,180,29,1,1,,,,,,,,,REJECT,F0 motif split across pieces
arm7free_s7001,d270,1,171,171,0,1,0,51.6,3.24,1259.8,5,25.3,0.08,50,20,fail,F4 HAB1 appendage
arm7free_s7001,d277,1,186,186,0,1,0,0.0,0.0,0.0,0,22.0,0.08,53,18,fail,F1 no enclosed cavity
arm7free_s7001,d333,2,179,145,34,1,1,,,,,,,,,REJECT,F0 motif split across pieces
arm7free_s7001,d265,1,171,171,0,1,0,0.0,0.0,0.0,0,23.4,0.08,39,17,fail,F1 no enclosed cavity
arm7free_s7001,d334,3,175,107,68,1,1,,,,,,,,,REJECT,F0 motif split across pieces
arm7free_s7001,d337,2,185,153,32,1,1,,,,,,,,,REJECT,F0 motif split across pieces
arm7free_s7001,d256,1,209,209,0,1,0,0.0,0.0,0.0,0,22.0,0.08,77,13,fail,F1 no enclosed cavity
arm7free_s7001,d285,2,170,155,15,1,0,0.0,0.0,0.0,0,24.2,0.08,25,13,fail,F1 no enclosed cavity
arm7free_s7001,d252,1,206,206,0,1,0,0.0,0.0,0.0,0,24.6,0.08,60,20,fail,F1 no enclosed cavity
arm7free_s7001,d340,2,188,96,92,1,1,,,,,,,,,REJECT,F0 motif split across pieces
arm7free_s7001,d342,2,176,118,58,1,1,,,,,,,,,REJECT,F0 motif split across pieces
arm7free_s7001,d341,2,210,132,78,1,1,,,,,,,,,REJECT,F0 motif split across pieces
arm7free_s7001,d290,1,170,170,0,1,0,0.0,0.0,0.0,0,25.7,0.08,50,16,fail,F1 no enclosed cavity
arm7free_s7001,d345,2,208,183,25,1,1,,,,,,,,,REJECT,F0 motif split across pieces
arm7free_s7001,d200,1,209,209,0,1,0,245.6,3.53,905.8,3,27.7,0.08,37,10,fail,F2 envelope <= PYR1
arm7free_s7001,d156,1,204,204,0,1,0,134.6,3.47,1146.1,6,25.5,0.08,45,10,fail,F2 envelope <= PYR1
arm7free_s7001,d299,1,208,208,0,1,0,0.0,0.0,0.0,0,22.6,0.08,72,17,fail,F1 no enclosed cavity
arm7free_s7001,d246,1,190,190,0,1,0,0.0,0.0,0.0,0,23.2,0.08,56,16,fail,F1 no enclosed cavity
arm7free_s7001,d179,1,206,206,0,1,0,73.7,3.45,1257.2,5,26.7,0.08,50,15,fail,F4 HAB1 appendage
arm7free_s7001,d122,1,210,210,0,1,0,109.1,3.46,1365.2,5,25.3,0.08,51,11,fail,F4 HAB1 appendage
arm7free_s7001,d319,1,208,208,0,1,0,0.0,0.0,0.0,0,22.8,0.08,86,19,fail,F1 no enclosed cavity
arm7free_s7001,d257,1,176,176,0,1,0,0.0,0.0,0.0,0,23.0,0.08,50,15,fail,F1 no enclosed cavity
arm7free_s7001,d325,1,195,195,0,1,0,0.0,0.0,0.0,0,20.9,0.08,79,19,fail,F1 no enclosed cavity
arm7free_s7001,d208,1,203,203,0,1,0,92.9,3.46,1420.9,2,23.0,0.08,53,20,fail,F4 HAB1 appendage
arm7free_s7001,d306,1,204,204,0,1,0,0.0,0.0,0.0,0,24.9,0.08,57,19,fail,F1 no enclosed cavity
arm7free_s7001,d356,2,182,124,58,1,1,,,,,,,,,REJECT,F0 motif split across pieces
arm7free_s7001,d358,3,180,113,67,1,1,,,,,,,,,REJECT,F0 motif split across pieces
arm7free_s7001,d159,1,199,199,0,1,0,100.2,3.15,1287.0,4,25.3,0.08,58,13,fail,F4 HAB1 appendage
arm7free_s7001,d267,1,209,209,0,1,0,0.0,0.0,0.0,0,23.7,0.08,44,12,fail,F1 no enclosed cavity
arm7free_s7001,d361,2,209,130,79,1,1,,,,,,,,,REJECT,F0 motif split across pieces
arm7free_s7001,d283,1,210,210,0,1,0,0.0,0.0,0.0,0,23.6,0.08,52,8,fail,F1 no enclosed cavity
arm7free_s7001,d139,1,205,205,0,1,0,87.0,3.49,1343.4,11,27.1,0.08,34,10,fail,F4 HAB1 appendage
arm7free_s7001,d364,2,172,113,59,1,1,,,,,,,,,REJECT,F0 motif split across pieces
arm7free_s7001,d292,1,204,204,0,1,0,0.0,0.0,0.0,0,24.3,0.08,63,10,fail,F1 no enclosed cavity
arm7free_s7001,d210,1,208,208,0,1,0,154.4,3.25,1392.5,4,29.1,0.08,30,16,fail,F4 HAB1 appendage
arm7free_s7001,d366,2,206,131,75,1,0,,,,,,,,,REJECT,F0 internal/large orphan
arm7free_s7001,d240,2,194,176,18,1,0,144.5,3.52,1223.0,4,20.7,0.08,20,12,fail,F4 HAB1 appendage
arm7free_s7001,d369,2,179,122,57,1,1,,,,,,,,,REJECT,F0 motif split across pieces
arm7free_s7001,d214,1,183,183,0,1,0,63.3,3.33,1235.8,5,24.0,0.08,52,13,fail,F4 HAB1 appendage
arm7free_s7001,d323,1,194,194,0,1,0,0.0,0.0,0.0,0,24.3,0.08,55,8,fail,F1 no enclosed cavity
arm7free_s7001,d291,1,206,206,0,1,0,130.0,3.37,1054.0,4,26.2,0.08,49,12,fail,F2 envelope <= PYR1
arm7free_s7001,d343,1,170,170,0,1,0,0.0,0.0,0.0,0,22.0,0.08,61,20,fail,F1 no enclosed cavity
arm7free_s7001,d266,1,200,200,0,1,0,0.0,0.0,0.0,0,23.6,0.08,69,20,fail,F1 no enclosed cavity
arm7free_s7001,d271,1,206,206,0,1,0,26.1,2.55,658.4,17,25.1,0.08,55,15,fail,F2 envelope <= PYR1
arm7free_s7001,d329,1,209,209,0,1,0,0.0,0.0,0.0,0,26.0,0.08,78,23,fail,F1 no enclosed cavity
arm7free_s7001,d377,2,174,90,84,1,1,,,,,,,,,REJECT,F0 motif split across pieces
arm7free_s7001,d300,1,171,171,0,1,0,0.0,0.0,0.0,0,21.3,0.08,67,33,fail,F1 no enclosed cavity
arm7free_s7001,d379,3,171,136,35,1,0,,,,,,,,,REJECT,F0 internal/large orphan
arm7free_s7001,d242,3,171,161,10,1,0,130.7,3.35,1205.6,4,24.6,0.08,28,21,fail,F4 HAB1 appendage
arm7free_s7001,d327,1,193,193,0,1,0,0.0,0.0,0.0,0,21.9,0.08,62,22,fail,F1 no enclosed cavity
arm7free_s7001,d313,1,210,210,0,1,0,0.0,0.0,0.0,0,23.0,0.08,49,9,fail,F1 no enclosed cavity
arm7free_s7001,d298,1,201,201,0,1,0,0.0,0.0,0.0,0,24.2,0.08,75,15,fail,F1 no enclosed cavity
arm7free_s7001,d232,1,188,188,0,1,0,33.9,3.1,1309.5,3,22.6,0.08,61,16,fail,F4 HAB1 appendage
arm7free_s7001,d339,1,180,180,0,1,0,0.0,0.0,0.0,0,20.7,0.08,60,28,fail,F1 no enclosed cavity
arm7free_s7001,d309,1,209,209,0,1,0,0.0,0.0,0.0,0,21.0,0.08,55,7,fail,F1 no enclosed cavity
arm7free_s7001,d294,1,188,188,0,1,0,0.0,0.0,0.0,0,21.8,0.08,69,18,fail,F1 no enclosed cavity
arm7free_s7001,d388,2,178,106,72,1,1,,,,,,,,,REJECT,F0 motif split across pieces
arm7free_s7001,d389,2,191,124,67,1,1,,,,,,,,,REJECT,F0 motif split across pieces
arm7free_s7001,d390,2,190,127,63,1,1,,,,,,,,,REJECT,F0 motif split across pieces
arm7free_s7001,d278,1,176,176,0,1,0,0.0,0.0,0.0,0,24.8,0.08,60,18,fail,F1 no enclosed cavity
arm7free_s7001,d301,1,173,173,0,1,0,0.0,0.0,0.0,0,21.7,0.08,39,17,fail,F1 no enclosed cavity
arm7free_s7001,d347,1,170,170,0,1,0,0.0,0.0,0.0,0,23.1,0.08,73,15,fail,F1 no enclosed cavity
arm7free_s7001,d352,2,181,160,21,1,0,0.0,0.0,0.0,0,17.0,0.08,38,11,fail,F1 no enclosed cavity
arm7free_s7001,d395,2,210,184,26,1,1,,,,,,,,,REJECT,F0 motif split across pieces
arm7free_s7001,d328,1,210,210,0,1,0,0.0,0.0,0.0,0,21.6,0.08,97,27,fail,F1 no enclosed cavity
arm7free_s7001,d397,2,210,184,26,1,1,,,,,,,,,REJECT,F0 motif split across pieces
arm7free_s7001,d279,1,201,201,0,1,0,92.2,3.34,1042.2,1,25.7,0.08,21,4,fail,F2 envelope <= PYR1
arm7free_s7001,d365,1,176,176,0,1,0,0.0,0.0,0.0,0,22.7,0.08,42,8,fail,F1 no enclosed cavity
arm7free_s7001,d351,1,174,174,0,1,0,0.0,0.0,0.0,0,23.3,0.08,46,12,fail,F1 no enclosed cavity
arm7free_s7001,d312,1,186,186,0,1,0,0.0,0.0,0.0,0,24.9,0.08,52,11,fail,F1 no enclosed cavity
arm7free_s7001,d317,2,174,157,17,1,0,0.0,0.0,0.0,0,21.6,0.08,31,8,fail,F1 no enclosed cavity
arm7free_s7001,d335,1,202,202,0,1,0,0.0,0.0,0.0,0,24.3,0.08,61,7,fail,F1 no enclosed cavity
arm7free_s7001,d228,1,196,196,0,1,0,82.1,3.42,1280.1,4,29.1,0.08,40,7,fail,F4 HAB1 appendage
arm7free_s7001,d338,1,170,170,0,1,0,0.0,0.0,0.0,0,23.6,0.08,59,10,fail,F1 no enclosed cavity
arm7free_s7001,d374,1,209,209,0,1,0,0.0,0.0,0.0,0,22.8,0.08,56,15,fail,F1 no enclosed cavity
arm7free_s7001,d349,1,210,210,0,1,0,0.0,0.0,0.0,0,24.7,0.08,55,8,fail,F1 no enclosed cavity
arm7free_s7001,d248,1,209,209,0,1,0,168.7,3.52,1343.0,4,26.5,0.08,46,11,fail,F4 HAB1 appendage
arm7free_s7001,d237,1,192,192,0,1,0,168.3,3.19,1307.9,2,27.6,0.08,44,16,fail,F4 HAB1 appendage
arm7free_s7001,d336,1,197,197,0,1,0,0.0,0.0,0.0,0,25.4,0.08,47,16,fail,F1 no enclosed cavity
arm7free_s7001,d373,1,210,210,0,1,0,0.0,0.0,0.0,0,25.4,0.08,49,10,fail,F1 no enclosed cavity
arm7free_s7001,d264,1,183,183,0,1,0,111.9,3.44,1359.6,5,23.6,0.08,41,20,fail,F4 HAB1 appendage
arm7free_s7001,d386,1,179,179,0,1,0,0.0,0.0,0.0,0,22.8,0.08,53,18,fail,F1 no enclosed cavity
arm7free_s7001,d318,1,176,176,0,1,0,0.0,0.0,0.0,0,25.7,0.08,30,15,fail,F1 no enclosed cavity
arm7free_s7001,d394,1,192,192,0,1,0,0.0,0.0,0.0,0,24.7,0.08,44,11,fail,F1 no enclosed cavity
arm7free_s7001,d201,1,208,208,0,1,0,106.1,3.07,1307.1,4,25.9,0.08,48,10,fail,F4 HAB1 appendage
arm7free_s7001,d250,1,199,199,0,1,0,75.0,3.29,1277.9,6,25.4,0.08,49,10,fail,F4 HAB1 appendage
arm7free_s7001,d350,1,174,174,0,1,0,0.0,0.0,0.0,0,23.7,0.08,50,18,fail,F1 no enclosed cavity
arm7free_s7001,d321,1,196,196,0,1,0,138.2,3.26,1343.0,5,24.8,0.08,47,19,fail,F4 HAB1 appendage
arm7free_s7001,d367,1,170,170,0,1,0,0.0,0.0,0.0,0,26.2,0.08,56,19,fail,F1 no enclosed cavity
arm7free_s7001,d376,1,170,170,0,1,0,0.0,0.0,0.0,0,22.6,0.08,52,17,fail,F1 no enclosed cavity
arm7free_s7001,d393,1,200,200,0,1,0,0.0,0.0,0.0,0,24.3,0.08,60,31,fail,F1 no enclosed cavity
arm7free_s7001,d332,1,209,209,0,1,0,0.0,0.0,0.0,0,23.8,0.08,59,11,fail,F1 no enclosed cavity
arm7free_s7001,d399,1,189,189,0,1,0,0.0,0.0,0.0,0,26.6,0.08,50,11,fail,F1 no enclosed cavity
arm7free_s7001,d382,1,173,173,0,1,0,0.0,0.0,0.0,0,20.6,0.08,63,19,fail,F1 no enclosed cavity
arm7free_s7001,d392,1,208,208,0,1,0,0.0,0.0,0.0,0,24.0,0.08,69,20,fail,F1 no enclosed cavity
arm7free_s7001,d370,1,207,207,0,1,0,0.0,0.0,0.0,0,23.6,0.08,49,14,fail,F1 no enclosed cavity
arm7free_s7001,d375,1,205,205,0,1,0,0.0,0.0,0.0,0,23.1,0.08,62,12,fail,F1 no enclosed cavity
arm7free_s7001,d326,1,210,210,0,1,0,0.0,0.0,0.0,0,27.0,0.08,36,11,fail,F1 no enclosed cavity
arm7free_s7001,d384,1,173,173,0,1,0,0.0,0.0,0.0,0,26.0,0.08,60,19,fail,F1 no enclosed cavity
arm7free_s7001,d303,1,181,181,0,1,0,62.4,3.53,1370.9,5,25.6,0.08,48,18,fail,F4 HAB1 appendage
arm7free_s7001,d241,1,200,200,0,1,0,126.4,3.16,1275.0,6,24.9,0.08,74,22,fail,F4 HAB1 appendage
arm7free_s7001,d371,1,208,208,0,1,0,75.2,3.18,1149.0,3,26.1,0.08,49,13,fail,F2 envelope <= PYR1
arm7free_s7001,d396,1,200,200,0,1,0,0.0,0.0,0.0,0,22.5,0.08,81,13,fail,F1 no enclosed cavity
arm7free_s7001,d276,1,210,210,0,1,0,147.7,3.49,1339.1,3,24.4,0.08,41,12,fail,F4 HAB1 appendage
arm7free_s7001,d297,1,177,177,0,1,0,66.5,3.11,1309.9,5,24.9,0.08,44,8,fail,F4 HAB1 appendage
arm7free_s7001,d354,1,207,207,0,1,0,0.0,0.0,0.0,0,25.1,0.08,71,8,fail,F1 no enclosed cavity
arm7free_s7001,d360,1,210,210,0,1,0,0.0,0.0,0.0,0,24.4,0.08,74,17,fail,F1 no enclosed cavity
arm7free_s7001,d255,1,209,209,0,1,0,93.5,3.36,1220.4,3,22.9,0.08,49,11,fail,F4 HAB1 appendage
arm7free_s7001,d368,1,172,172,0,1,0,0.0,0.0,0.0,0,25.5,0.08,47,20,fail,F1 no enclosed cavity
arm7free_s7001,d391,2,190,179,11,1,0,0.0,0.0,0.0,0,22.4,0.08,49,19,fail,F1 no enclosed cavity
arm7free_s7001,d355,1,208,208,0,1,0,137.4,3.21,1255.2,5,24.8,0.08,41,22,fail,F4 HAB1 appendage
arm7free_s7001,d387,1,207,207,0,1,0,0.0,0.0,0.0,0,24.2,0.08,65,26,fail,F1 no enclosed cavity
arm7free_s7001,d344,1,204,204,0,1,0,46.9,2.93,908.4,7,24.8,0.08,76,18,fail,F2 envelope <= PYR1
arm7free_s7001,d385,1,201,201,0,1,0,0.0,0.0,0.0,0,24.4,0.08,64,8,fail,F1 no enclosed cavity
arm7free_s7001,d330,1,172,172,0,1,0,80.8,2.55,911.2,7,24.5,0.08,33,25,fail,F2 envelope <= PYR1
arm7free_s7001,d372,1,209,209,0,1,0,79.7,3.36,1236.9,4,25.2,0.08,34,7,fail,F4 HAB1 appendage
arm7free_s7001,d315,1,174,174,0,1,0,59.4,3.51,1389.0,9,24.4,0.08,45,8,fail,F4 HAB1 appendage
arm7free_s7001,d380,1,196,196,0,1,0,0.0,0.0,0.0,0,24.7,0.08,44,12,fail,F1 no enclosed cavity
arm7free_s7001,d383,1,210,210,0,1,0,0.0,0.0,0.0,0,25.1,0.08,60,12,fail,F1 no enclosed cavity
arm7free_s7001,d381,1,178,178,0,1,0,0.0,0.0,0.0,0,25.1,0.08,40,16,fail,F1 no enclosed cavity
arm7free_s7001,d346,1,183,183,0,1,0,65.9,3.24,1268.8,2,24.5,0.08,28,19,fail,F4 HAB1 appendage
arm7free_s7001,d363,2,210,193,17,1,0,0.0,0.0,0.0,0,22.0,0.08,35,16,fail,F1 no enclosed cavity
arm7free_s7001,d305,1,210,210,0,1,0,124.4,3.35,1225.1,4,24.6,0.08,41,6,fail,F4 HAB1 appendage
arm7free_s7001,d378,1,176,176,0,1,0,156.4,3.45,1334.9,7,26.4,0.08,37,17,fail,F4 HAB1 appendage
arm7free_s7001,d353,1,202,202,0,1,0,92.9,3.42,1351.0,5,25.3,0.08,65,16,fail,F4 HAB1 appendage
arm7free_s7001,d359,1,193,193,0,1,0,172.4,3.28,1047.2,2,24.6,0.08,35,9,fail,F2 envelope <= PYR1
arm7free_s7001,d357,1,189,189,0,1,0,46.2,3.46,1232.4,6,26.3,0.08,49,18,fail,F4 HAB1 appendage
arm7free_s7001,d295,1,209,209,0,1,0,138.5,3.32,1217.9,3,26.7,0.08,42,6,fail,F4 HAB1 appendage
arm7free_s7001,d362,1,171,171,0,1,0,121.4,3.25,1237.6,6,23.4,0.08,37,13,fail,F4 HAB1 appendage
arm7free_s7001,d398,1,206,206,0,1,0,84.9,3.48,1237.1,6,24.9,0.08,48,6,fail,F4 HAB1 appendage
arm7free_s7001,d348,1,184,184,0,1,0,97.4,3.57,1110.8,3,26.3,0.08,46,15,fail,F2 envelope <= PYR1
