arm,design,n_main,n_cut_lead,n_cut_tail,cuttable,internal_run,cav_before,cav_after,env_before,env_after,rg_before,rg_after,app_before,app_after,verdict_before,verdict_after
arm1slack_s3001,d228,202,9,5,0,15,0.0,0.0,0.0,0.0,17.2,16.3,31,31,F1 no cavity,F1 no cavity
arm1slack_s3001,d229,96,15,17,0,7,0.0,0.0,0.0,0.0,20.9,12.6,18,1,F1 no cavity,F1 no cavity
arm1slack_s3001,d230,128,13,0,1,3,0.0,0.0,0.0,0.0,14.8,12.9,6,6,F1 no cavity,F1 no cavity
arm1slack_s3001,d231,193,0,7,0,16,0.0,0.0,0.0,0.0,17.5,17.2,28,28,F1 no cavity,F1 no cavity
arm1slack_s3001,d040,90,2,7,0,8,0.0,0.0,0.0,0.0,15.5,13.7,8,1,F1 no cavity,F1 no cavity
arm1slack_s3001,d041,132,0,8,0,9,0.0,0.0,0.0,0.0,15.7,14.0,13,10,F1 no cavity,F1 no cavity
arm1slack_s3001,d042,131,4,14,0,4,0.0,0.0,0.0,0.0,18.1,13.5,19,7,F1 no cavity,F1 no cavity
arm1slack_s3001,d043,100,14,13,0,6,0.0,0.0,0.0,0.0,18.4,14.1,13,3,F1 no cavity,F1 no cavity
arm1slack_s3001,d012,118,11,22,0,10,0.0,0.0,0.0,0.0,22.1,13.7,23,1,F1 no cavity,F1 no cavity
arm1slack_s3001,d013,199,8,6,0,20,0.0,0.0,0.0,0.0,17.7,16.9,9,9,F1 no cavity,F1 no cavity
arm1slack_s3001,d014,170,11,22,0,21,0.0,0.0,0.0,0.0,21.5,18.8,31,31,F1 no cavity,F1 no cavity
arm1slack_s3001,d015,189,5,0,0,23,0.0,0.0,0.0,0.0,18.9,18.7,32,32,F1 no cavity,F1 no cavity
arm1slack_s3001,d032,166,6,1,0,36,0.0,0.0,0.0,0.0,21.6,21.6,21,20,F1 no cavity,F1 no cavity
arm1slack_s3001,d033,224,14,1,0,28,0.0,0.0,0.0,0.0,22.3,21.8,21,21,F1 no cavity,F1 no cavity
arm1slack_s3001,d034,175,0,0,0,18,0.0,0.0,0.0,0.0,16.9,16.9,27,27,F1 no cavity,F1 no cavity
arm1slack_s3001,d035,172,0,0,0,32,0.0,0.0,0.0,0.0,22.8,22.8,18,18,F1 no cavity,F1 no cavity
arm1slack_s3001,d092,217,8,0,0,25,0.0,0.0,0.0,0.0,20.9,20.9,33,33,F1 no cavity,F1 no cavity
arm1slack_s3001,d093,205,1,2,0,31,0.0,0.0,0.0,0.0,21.6,21.6,18,18,F1 no cavity,F1 no cavity
arm1slack_s3001,d094,139,20,2,0,21,0.0,7.6,0.0,606.6,18.2,16.6,13,13,F1 no cavity,F2 envelope
arm1slack_s3001,d095,181,0,0,0,21,0.0,0.0,0.0,0.0,18.4,18.4,30,30,F1 no cavity,F1 no cavity
arm1slack_s3001,d240,125,0,5,1,3,0.0,0.0,0.0,0.0,14.4,13.5,10,7,F1 no cavity,F1 no cavity
arm1slack_s3001,d241,140,5,11,0,8,0.0,0.0,0.0,0.0,16.8,13.8,12,4,F1 no cavity,F1 no cavity
arm1slack_s3001,d242,108,17,11,0,24,0.0,0.0,0.0,0.0,20.1,16.0,18,8,F1 no cavity,F1 no cavity
arm1slack_s3001,d243,133,4,7,0,15,0.0,0.0,0.0,0.0,16.1,15.0,18,18,F1 no cavity,F1 no cavity
arm1slack_s3001,d048,88,2,4,0,14,0.0,0.0,0.0,0.0,15.5,15.8,3,2,F1 no cavity,F1 no cavity
arm1slack_s3001,d049,135,7,9,1,3,0.0,0.0,0.0,0.0,15.6,12.9,10,2,F1 no cavity,F1 no cavity
arm1slack_s3001,d050,156,0,11,0,17,0.0,0.0,0.0,0.0,21.2,20.0,34,34,F1 no cavity,F1 no cavity
arm1slack_s3001,d051,146,4,2,0,18,0.0,0.0,0.0,0.0,17.9,17.9,29,29,F1 no cavity,F1 no cavity
arm1slack_s3001,d172,217,18,1,0,22,0.0,0.0,0.0,0.0,20.9,19.2,29,29,F1 no cavity,F1 no cavity
arm1slack_s3001,d173,122,0,0,0,4,0.0,0.0,0.0,0.0,13.7,13.7,7,7,F1 no cavity,F1 no cavity
arm1slack_s3001,d174,85,10,5,0,10,0.0,0.0,0.0,0.0,16.5,15.8,5,4,F1 no cavity,F1 no cavity
arm1slack_s3001,d175,120,6,0,0,5,0.0,0.0,0.0,0.0,14.4,13.9,7,7,F1 no cavity,F1 no cavity
arm1slack_s3001,d068,100,10,5,0,30,0.0,0.0,0.0,0.0,20.0,20.1,37,37,F1 no cavity,F1 no cavity
arm1slack_s3001,d069,102,4,26,0,8,0.0,0.0,0.0,0.0,22.8,13.1,26,2,F1 no cavity,F1 no cavity
arm1slack_s3001,d070,211,15,1,0,24,0.0,0.0,0.0,0.0,20.3,19.2,33,33,F1 no cavity,F1 no cavity
arm1slack_s3001,d071,143,17,0,0,4,0.0,0.0,0.0,0.0,14.9,13.7,3,2,F1 no cavity,F1 no cavity
arm1slack_s3001,d104,174,6,29,0,24,0.0,0.0,0.0,0.0,21.3,18.4,15,15,F1 no cavity,F1 no cavity
arm1slack_s3001,d105,144,0,2,0,27,0.0,0.0,0.0,0.0,19.6,19.6,34,33,F1 no cavity,F1 no cavity
arm1slack_s3001,d106,199,0,1,0,16,0.0,0.0,0.0,0.0,18.2,18.2,27,27,F1 no cavity,F1 no cavity
arm1slack_s3001,d107,131,3,16,0,4,0.0,0.0,0.0,0.0,18.8,12.9,20,8,F1 no cavity,F1 no cavity
arm1slack_s3001,d204,214,12,0,0,23,0.0,0.0,0.0,0.0,20.9,20.3,26,26,F1 no cavity,F1 no cavity
arm1slack_s3001,d205,170,24,22,0,10,0.0,0.0,0.0,0.0,20.3,15.8,28,12,F1 no cavity,F1 no cavity
arm1slack_s3001,d206,127,6,0,0,9,0.0,0.0,0.0,0.0,16.2,16.0,8,8,F1 no cavity,F1 no cavity
arm1slack_s3001,d207,127,13,0,1,2,0.0,0.0,0.0,0.0,14.6,13.8,4,4,F1 no cavity,F1 no cavity
arm1slack_s3001,d084,128,5,0,0,4,0.0,0.0,0.0,0.0,14.1,13.9,1,1,F1 no cavity,F1 no cavity
arm1slack_s3001,d085,210,0,3,0,23,0.0,0.0,0.0,0.0,20.2,20.0,30,30,F1 no cavity,F1 no cavity
arm1slack_s3001,d086,200,6,0,0,20,0.0,0.0,0.0,0.0,18.5,18.2,30,30,F1 no cavity,F1 no cavity
arm1slack_s3001,d087,206,2,0,0,22,0.0,0.0,0.0,0.0,20.0,20.0,27,27,F1 no cavity,F1 no cavity
arm0a_s2026,d000,103,22,3,0,11,0.0,0.0,0.0,0.0,18.9,15.2,7,6,F1 no cavity,F1 no cavity
arm0a_s2026,d001,174,3,0,0,14,0.0,0.0,0.0,0.0,17.5,17.4,11,11,F1 no cavity,F1 no cavity
arm0a_s2026,d002,97,6,0,0,21,0.0,0.0,0.0,0.0,17.5,16.8,12,7,F1 no cavity,F1 no cavity
arm0a_s2026,d003,169,1,0,0,5,0.0,0.0,0.0,0.0,16.3,16.2,2,2,F1 no cavity,F1 no cavity
arm1slack_s3001,d056,90,0,7,0,5,0.0,0.0,0.0,0.0,15.4,13.5,9,2,F1 no cavity,F1 no cavity
arm1slack_s3001,d057,205,7,0,0,30,0.0,0.0,0.0,0.0,20.8,20.8,19,19,F1 no cavity,F1 no cavity
arm1slack_s3001,d058,152,21,7,0,7,0.0,0.0,0.0,0.0,17.9,14.9,18,18,F1 no cavity,F1 no cavity
arm1slack_s3001,d059,182,0,0,0,17,0.0,0.0,0.0,0.0,17.0,17.0,34,34,F1 no cavity,F1 no cavity
arm1slack_s3001,d236,201,0,2,0,21,0.0,0.0,0.0,0.0,20.5,20.3,34,34,F1 no cavity,F1 no cavity
arm1slack_s3001,d237,112,4,0,1,3,0.0,0.0,0.0,0.0,13.5,13.2,0,0,F1 no cavity,F1 no cavity
arm1slack_s3001,d238,154,0,14,0,23,0.0,0.0,0.0,0.0,20.1,18.3,28,28,F1 no cavity,F1 no cavity
arm1slack_s3001,d239,101,3,16,0,7,0.0,0.0,0.0,0.0,19.6,14.9,16,1,F1 no cavity,F1 no cavity
arm1slack_s3001,d132,119,0,0,0,4,0.0,0.0,0.0,0.0,14.4,14.4,4,4,F1 no cavity,F1 no cavity
arm1slack_s3001,d133,102,9,7,0,31,0.0,0.0,0.0,0.0,18.2,17.7,11,7,F1 no cavity,F1 no cavity
arm1slack_s3001,d134,131,16,0,0,10,0.0,0.0,0.0,0.0,15.6,14.4,4,4,F1 no cavity,F1 no cavity
arm1slack_s3001,d135,149,1,4,0,18,0.0,0.0,0.0,0.0,16.9,16.7,19,19,F1 no cavity,F1 no cavity
arm1slack_s3001,d072,116,20,13,0,26,0.0,0.0,0.0,0.0,19.6,18.4,33,33,F1 no cavity,F1 no cavity
arm1slack_s3001,d073,118,24,5,0,32,0.0,0.0,0.0,0.0,22.1,20.8,32,32,F1 no cavity,F1 no cavity
arm1slack_s3001,d074,202,7,0,0,22,0.0,0.0,0.0,0.0,18.7,18.6,28,28,F1 no cavity,F1 no cavity
arm1slack_s3001,d075,135,16,3,0,20,0.0,0.0,0.0,0.0,18.4,17.1,12,12,F1 no cavity,F1 no cavity
arm1slack_s3001,d200,185,0,0,0,26,0.0,0.0,0.0,0.0,20.3,20.3,36,36,F1 no cavity,F1 no cavity
arm1slack_s3001,d201,121,4,0,0,9,0.0,0.0,0.0,0.0,14.6,14.3,4,4,F1 no cavity,F1 no cavity
arm1slack_s3001,d202,209,7,1,0,19,0.0,0.0,0.0,0.0,18.8,18.5,24,24,F1 no cavity,F1 no cavity
arm1slack_s3001,d203,83,6,0,0,6,0.0,0.0,0.0,0.0,15.1,14.8,1,1,F1 no cavity,F1 no cavity
arm1slack_s3001,d044,154,2,26,0,25,0.0,0.0,0.0,0.0,24.1,19.3,16,13,F1 no cavity,F1 no cavity
arm1slack_s3001,d045,139,11,15,0,4,0.0,0.0,0.0,0.0,18.3,13.0,17,9,F1 no cavity,F1 no cavity
arm1slack_s3001,d046,127,4,0,0,20,0.0,0.0,0.0,0.0,17.8,17.7,23,23,F1 no cavity,F1 no cavity
arm1slack_s3001,d047,123,24,10,0,36,0.0,0.0,0.0,0.0,23.5,20.8,17,9,F1 no cavity,F1 no cavity
arm1slack_s3001,d216,91,0,8,0,7,0.0,0.0,0.0,0.0,14.3,12.8,10,2,F1 no cavity,F1 no cavity
arm1slack_s3001,d217,119,3,0,1,1,21.4,21.4,789.2,789.2,13.4,13.3,2,2,F2 envelope,F2 envelope
arm1slack_s3001,d218,136,7,2,0,9,0.0,0.0,0.0,0.0,15.0,14.5,6,6,F1 no cavity,F1 no cavity
arm1slack_s3001,d219,204,9,0,0,28,0.0,0.0,0.0,0.0,19.9,19.5,17,17,F1 no cavity,F1 no cavity
arm1slack_s3001,d176,143,19,0,0,21,0.0,0.0,0.0,0.0,19.2,16.5,12,12,F1 no cavity,F1 no cavity
arm1slack_s3001,d177,136,4,5,0,12,0.0,0.0,0.0,0.0,15.6,14.9,15,15,F1 no cavity,F1 no cavity
arm1slack_s3001,d178,133,0,3,0,17,0.0,0.0,0.0,0.0,16.4,16.4,5,4,F1 no cavity,F1 no cavity
arm1slack_s3001,d179,132,9,6,0,4,0.0,0.0,0.0,0.0,16.4,13.2,14,7,F1 no cavity,F1 no cavity
arm1slack_s3001,d000,189,0,2,0,22,0.0,0.0,0.0,0.0,17.5,17.4,26,26,F1 no cavity,F1 no cavity
arm1slack_s3001,d001,156,13,15,0,11,0.0,0.0,0.0,0.0,19.0,14.6,19,18,F1 no cavity,F1 no cavity
arm1slack_s3001,d002,197,0,2,0,17,0.0,0.0,0.0,0.0,18.4,18.2,24,24,F1 no cavity,F1 no cavity
arm1slack_s3001,d003,110,17,10,0,14,0.0,0.0,0.0,0.0,18.2,14.3,7,1,F1 no cavity,F1 no cavity
arm1slack_s3001,d112,133,21,0,0,4,0.0,0.0,0.0,0.0,17.1,13.1,12,12,F1 no cavity,F1 no cavity
arm1slack_s3001,d113,103,8,0,0,27,0.0,0.0,0.0,0.0,18.1,18.4,33,33,F1 no cavity,F1 no cavity
arm1slack_s3001,d114,104,0,15,0,11,0.0,0.0,0.0,0.0,20.3,16.7,19,5,F1 no cavity,F1 no cavity
arm1slack_s3001,d115,183,0,2,0,19,0.0,0.0,0.0,0.0,18.8,18.7,28,28,F1 no cavity,F1 no cavity
arm1slack_s3001,d120,93,14,1,1,3,0.0,0.0,0.0,0.0,14.9,13.5,2,1,F1 no cavity,F1 no cavity
arm1slack_s3001,d121,196,3,0,0,23,0.0,0.0,0.0,0.0,19.1,19.1,19,19,F1 no cavity,F1 no cavity
arm1slack_s3001,d122,198,10,0,0,24,0.0,0.0,0.0,0.0,18.7,18.4,32,32,F1 no cavity,F1 no cavity
arm1slack_s3001,d123,115,4,0,1,2,0.0,0.0,0.0,0.0,13.5,13.3,2,2,F1 no cavity,F1 no cavity
arm0a_s2026,d004,126,0,7,1,1,0.0,0.0,0.0,0.0,15.7,14.5,10,4,F1 no cavity,F1 no cavity
arm0a_s2026,d005,188,3,0,0,21,0.0,0.0,0.0,0.0,18.2,18.2,14,14,F1 no cavity,F1 no cavity
arm0a_s2026,d006,125,6,0,0,14,0.0,0.0,0.0,0.0,16.3,16.0,4,4,F1 no cavity,F1 no cavity
arm0a_s2026,d007,172,0,1,0,4,0.0,0.0,0.0,0.0,15.9,15.9,4,4,F1 no cavity,F1 no cavity
arm1slack_s3001,d196,205,0,0,0,26,0.0,0.0,0.0,0.0,21.1,21.1,19,19,F1 no cavity,F1 no cavity
arm1slack_s3001,d197,139,5,4,0,13,0.0,0.0,0.0,0.0,15.9,15.5,8,8,F1 no cavity,F1 no cavity
arm1slack_s3001,d198,205,2,0,0,27,0.0,0.0,0.0,0.0,21.0,21.0,25,25,F1 no cavity,F1 no cavity
arm1slack_s3001,d199,104,0,5,0,19,0.0,0.0,0.0,0.0,14.9,14.4,8,3,F1 no cavity,F1 no cavity
arm1slack_s3001,d156,136,6,0,0,18,0.0,0.0,0.0,0.0,16.6,16.3,6,6,F1 no cavity,F1 no cavity
arm1slack_s3001,d157,99,11,22,0,9,0.0,0.0,0.0,0.0,23.5,14.1,14,1,F1 no cavity,F1 no cavity
arm1slack_s3001,d158,122,13,0,0,21,0.0,0.0,0.0,0.0,17.7,17.6,8,8,F1 no cavity,F1 no cavity
arm1slack_s3001,d159,113,24,3,0,20,0.0,0.0,0.0,0.0,20.6,17.0,8,3,F1 no cavity,F1 no cavity
arm1slack_s3001,d116,206,0,0,0,23,0.0,0.0,0.0,0.0,19.4,19.4,29,29,F1 no cavity,F1 no cavity
arm1slack_s3001,d117,144,0,6,0,25,0.0,0.0,0.0,0.0,19.0,18.9,10,7,F1 no cavity,F1 no cavity
arm1slack_s3001,d118,179,0,2,0,20,0.0,0.0,0.0,0.0,17.0,16.9,22,22,F1 no cavity,F1 no cavity
arm1slack_s3001,d119,105,8,22,0,10,0.0,0.0,0.0,0.0,20.5,13.4,14,3,F1 no cavity,F1 no cavity
arm1slack_s3001,d144,130,9,0,0,11,0.0,0.0,0.0,0.0,15.5,15.2,13,13,F1 no cavity,F1 no cavity
arm1slack_s3001,d145,153,2,26,0,24,0.0,0.0,0.0,0.0,22.1,18.1,17,15,F1 no cavity,F1 no cavity
arm1slack_s3001,d146,202,8,1,0,17,0.0,0.0,0.0,0.0,18.0,17.2,27,27,F1 no cavity,F1 no cavity
arm1slack_s3001,d147,115,24,14,0,16,0.0,0.0,0.0,0.0,20.8,16.7,18,5,F1 no cavity,F1 no cavity
arm1slack_s3001,d252,103,21,4,1,2,0.0,0.0,0.0,0.0,18.0,13.5,7,4,F1 no cavity,F1 no cavity
arm1slack_s3001,d253,110,25,4,0,25,0.0,0.0,0.0,0.0,20.0,16.0,24,17,F1 no cavity,F1 no cavity
arm1slack_s3001,d254,212,4,0,0,24,0.0,0.0,0.0,0.0,20.4,20.3,34,34,F1 no cavity,F1 no cavity
arm1slack_s3001,d255,130,19,0,1,3,0.0,0.0,0.0,0.0,15.6,13.0,6,6,F1 no cavity,F1 no cavity
arm1slack_s3001,d184,130,6,5,0,8,0.0,0.0,0.0,0.0,16.0,15.3,11,10,F1 no cavity,F1 no cavity
arm1slack_s3001,d185,213,15,0,0,22,0.0,0.0,0.0,0.0,20.0,19.3,33,33,F1 no cavity,F1 no cavity
arm1slack_s3001,d186,150,21,14,0,12,0.0,0.0,0.0,0.0,18.3,14.9,14,6,F1 no cavity,F1 no cavity
arm1slack_s3001,d187,136,16,4,0,10,0.0,0.0,0.0,0.0,18.8,14.5,11,5,F1 no cavity,F1 no cavity
arm1slack_s3001,d060,222,7,2,0,26,0.0,0.0,0.0,0.0,20.5,20.2,28,28,F1 no cavity,F1 no cavity
arm1slack_s3001,d061,201,2,0,0,23,0.0,0.0,0.0,0.0,20.2,20.1,32,32,F1 no cavity,F1 no cavity
arm1slack_s3001,d062,191,18,0,0,22,0.0,0.0,0.0,0.0,19.8,17.8,23,23,F1 no cavity,F1 no cavity
arm1slack_s3001,d063,103,17,10,0,13,0.0,0.0,0.0,0.0,17.4,15.1,9,1,F1 no cavity,F1 no cavity
arm1slack_s3001,d108,201,0,1,0,25,0.0,0.0,0.0,0.0,19.6,19.6,32,32,F1 no cavity,F1 no cavity
arm1slack_s3001,d109,200,5,0,0,20,0.0,0.0,0.0,0.0,18.8,18.8,31,31,F1 no cavity,F1 no cavity
arm1slack_s3001,d110,111,20,23,0,13,0.0,0.0,0.0,0.0,24.9,13.4,18,1,F1 no cavity,F1 no cavity
arm1slack_s3001,d111,142,13,0,0,19,0.0,0.0,0.0,0.0,18.2,17.4,14,14,F1 no cavity,F1 no cavity
arm1slack_s3001,d008,134,0,3,0,26,0.0,0.0,0.0,0.0,19.7,19.8,9,9,F1 no cavity,F1 no cavity
arm1slack_s3001,d009,102,6,15,0,11,0.0,0.0,0.0,0.0,19.9,15.9,7,1,F1 no cavity,F1 no cavity
arm1slack_s3001,d010,116,14,26,0,6,0.0,0.0,0.0,0.0,22.4,14.0,16,2,F1 no cavity,F1 no cavity
arm1slack_s3001,d011,112,25,16,0,7,0.0,0.0,0.0,0.0,22.8,14.9,17,6,F1 no cavity,F1 no cavity
arm1slack_s3001,d036,90,7,2,0,6,0.0,0.0,0.0,0.0,15.1,14.1,4,3,F1 no cavity,F1 no cavity
arm1slack_s3001,d037,203,0,0,0,24,0.0,0.0,0.0,0.0,20.2,20.2,16,16,F1 no cavity,F1 no cavity
arm1slack_s3001,d038,213,0,1,0,25,0.0,0.0,0.0,0.0,22.2,22.2,30,30,F1 no cavity,F1 no cavity
arm1slack_s3001,d039,103,11,7,0,38,0.0,0.0,0.0,0.0,21.5,22.1,17,17,F1 no cavity,F1 no cavity
arm1slack_s3001,d064,212,3,0,0,26,0.0,0.0,0.0,0.0,19.8,19.7,23,23,F1 no cavity,F1 no cavity
arm1slack_s3001,d065,76,5,5,0,8,0.0,0.0,0.0,0.0,14.4,13.0,8,3,F1 no cavity,F1 no cavity
arm1slack_s3001,d066,175,0,0,0,20,0.0,0.0,0.0,0.0,17.0,17.0,11,11,F1 no cavity,F1 no cavity
arm1slack_s3001,d067,195,1,5,0,14,38.2,26.6,437.4,454.2,18.6,18.6,25,25,F2 envelope,F2 envelope
arm1slack_s3001,d180,131,6,4,0,17,0.0,0.0,0.0,0.0,16.1,15.5,8,6,F1 no cavity,F1 no cavity
arm1slack_s3001,d181,188,11,4,0,21,0.0,0.0,0.0,0.0,18.2,17.5,18,18,F1 no cavity,F1 no cavity
arm1slack_s3001,d182,118,4,4,0,8,0.0,0.0,0.0,0.0,14.0,13.3,7,5,F1 no cavity,F1 no cavity
arm1slack_s3001,d183,196,2,0,0,22,0.0,0.0,0.0,0.0,19.2,19.1,30,30,F1 no cavity,F1 no cavity
arm1slack_s3001,d212,134,0,0,0,22,0.0,0.0,0.0,0.0,19.0,19.0,14,14,F1 no cavity,F1 no cavity
arm1slack_s3001,d213,135,13,6,1,3,0.0,0.0,0.0,0.0,15.6,13.6,10,4,F1 no cavity,F1 no cavity
arm1slack_s3001,d214,205,17,2,0,20,0.0,0.0,0.0,0.0,19.5,18.2,28,28,F1 no cavity,F1 no cavity
arm1slack_s3001,d215,146,10,20,0,7,0.0,0.0,0.0,0.0,20.1,14.1,14,14,F1 no cavity,F1 no cavity
arm1slack_s3001,d208,95,5,4,0,22,0.0,0.0,0.0,0.0,17.7,17.0,6,4,F1 no cavity,F1 no cavity
arm1slack_s3001,d209,190,1,0,0,18,0.0,0.0,0.0,0.0,16.8,16.8,10,10,F1 no cavity,F1 no cavity
arm1slack_s3001,d210,167,15,0,0,34,0.0,0.0,0.0,0.0,23.0,22.8,19,19,F1 no cavity,F1 no cavity
arm1slack_s3001,d211,114,25,15,0,21,0.0,0.0,0.0,0.0,19.8,14.2,19,19,F1 no cavity,F1 no cavity
arm1slack_s3001,d192,82,10,3,0,4,0.0,0.0,0.0,0.0,14.6,12.6,6,3,F1 no cavity,F1 no cavity
arm1slack_s3001,d193,105,11,9,0,20,0.0,0.0,0.0,0.0,19.0,18.4,11,2,F1 no cavity,F1 no cavity
arm1slack_s3001,d194,131,12,3,0,25,0.0,0.0,0.0,0.0,19.4,18.9,18,18,F1 no cavity,F1 no cavity
arm1slack_s3001,d195,208,12,1,0,26,0.0,0.0,0.0,0.0,20.7,20.5,18,18,F1 no cavity,F1 no cavity
arm1slack_s3001,d224,115,21,24,1,2,0.0,0.0,0.0,0.0,24.4,12.7,27,3,F1 no cavity,F1 no cavity
arm1slack_s3001,d225,221,5,6,0,25,0.0,0.0,0.0,0.0,18.6,18.1,17,17,F1 no cavity,F1 no cavity
arm1slack_s3001,d226,102,15,16,1,3,0.0,0.0,0.0,0.0,20.9,12.7,19,3,F1 no cavity,F1 no cavity
arm1slack_s3001,d227,209,12,1,0,30,0.0,0.0,0.0,0.0,21.7,20.9,18,18,F1 no cavity,F1 no cavity
arm1slack_s3001,d024,186,0,0,0,19,35.4,35.4,482.4,482.4,19.4,19.4,27,27,F2 envelope,F2 envelope
arm1slack_s3001,d025,175,20,0,0,22,0.0,0.0,0.0,0.0,21.0,20.5,29,29,F1 no cavity,F1 no cavity
arm1slack_s3001,d026,216,14,1,0,22,0.0,0.0,0.0,0.0,20.1,19.3,28,28,F1 no cavity,F1 no cavity
arm1slack_s3001,d027,109,20,10,0,28,0.0,0.0,0.0,0.0,19.0,18.5,29,29,F1 no cavity,F1 no cavity
arm1slack_s3001,d152,132,13,0,0,16,0.0,0.0,0.0,0.0,16.7,16.2,9,9,F1 no cavity,F1 no cavity
arm1slack_s3001,d153,195,4,0,0,5,0.0,0.0,0.0,0.0,16.0,15.7,11,11,F1 no cavity,F1 no cavity
arm1slack_s3001,d154,145,0,15,0,8,0.0,0.0,0.0,0.0,18.1,14.2,19,6,F1 no cavity,F1 no cavity
arm1slack_s3001,d155,192,5,0,0,21,0.0,0.0,0.0,0.0,21.1,21.0,9,9,F1 no cavity,F1 no cavity
arm1slack_s3001,d256,187,0,6,0,22,0.0,0.0,0.0,0.0,18.5,18.3,31,31,F1 no cavity,F1 no cavity
arm1slack_s3001,d257,164,10,21,0,18,0.0,0.0,0.0,0.0,22.0,17.8,26,26,F1 no cavity,F1 no cavity
arm1slack_s3001,d258,109,20,6,0,4,0.0,0.0,0.0,0.0,17.1,14.3,8,3,F1 no cavity,F1 no cavity
arm1slack_s3001,d259,118,26,15,0,24,0.0,0.0,0.0,0.0,20.4,17.2,28,28,F1 no cavity,F1 no cavity
arm0b_s2027,d002,164,1,0,0,10,114.7,108.9,1368.5,1368.5,18.2,18.1,5,5,F4 appendage,F4 appendage
arm0b_s2027,d003,185,0,2,1,2,0.0,0.0,0.0,0.0,15.8,15.6,12,12,F1 no cavity,F1 no cavity
arm0b_s2027,d004,157,22,15,0,4,0.0,0.0,0.0,0.0,20.5,13.5,19,6,F1 no cavity,F1 no cavity
arm0b_s2027,d005,191,0,0,0,19,0.0,0.0,0.0,0.0,17.9,17.9,27,27,F1 no cavity,F1 no cavity
arm2noanch_s3002,d032,151,8,0,0,9,0.0,0.0,0.0,0.0,14.6,14.0,17,17,F1 no cavity,F1 no cavity
arm2noanch_s3002,d033,175,21,2,0,16,0.0,0.0,0.0,0.0,20.8,16.7,25,25,F1 no cavity,F1 no cavity
arm2noanch_s3002,d034,150,2,2,0,8,111.5,110.2,1305.6,1305.6,16.2,16.1,1,1,PASS,PASS
arm2noanch_s3002,d035,140,7,2,0,6,0.0,0.0,0.0,0.0,14.2,13.5,13,13,F1 no cavity,F1 no cavity
arm1slack_s3001,d188,207,13,0,0,19,0.0,0.0,0.0,0.0,18.6,17.6,29,29,F1 no cavity,F1 no cavity
arm1slack_s3001,d189,161,4,26,0,24,0.0,0.0,0.0,0.0,20.5,18.7,28,15,F1 no cavity,F1 no cavity
arm1slack_s3001,d190,153,1,29,0,16,0.0,0.0,0.0,0.0,18.4,14.8,11,11,F1 no cavity,F1 no cavity
arm1slack_s3001,d191,221,0,8,0,17,0.0,0.0,0.0,0.0,21.2,21.1,29,29,F1 no cavity,F1 no cavity
arm0a_s2026,d008,176,0,0,0,5,0.0,0.0,0.0,0.0,17.9,17.9,5,5,F1 no cavity,F1 no cavity
arm0a_s2026,d009,186,0,0,0,20,0.0,0.0,0.0,0.0,19.3,19.3,26,26,F1 no cavity,F1 no cavity
arm0b_s2027,d000,169,0,0,0,5,211.5,211.5,1190.1,1190.1,15.8,15.8,2,2,PASS,PASS
arm0b_s2027,d001,124,9,0,0,4,0.0,0.0,0.0,0.0,14.3,13.2,11,11,F1 no cavity,F1 no cavity
arm1slack_s3001,d148,142,19,0,0,27,0.0,0.0,0.0,0.0,18.9,18.0,10,10,F1 no cavity,F1 no cavity
arm1slack_s3001,d149,152,18,8,0,20,0.0,0.0,0.0,0.0,18.6,17.9,11,11,F1 no cavity,F1 no cavity
arm1slack_s3001,d150,165,22,9,0,19,0.0,0.0,0.0,0.0,20.3,18.6,25,25,F1 no cavity,F1 no cavity
arm1slack_s3001,d151,152,5,19,0,23,0.0,0.0,0.0,0.0,22.6,19.9,31,31,F1 no cavity,F1 no cavity
arm1slack_s3001,d016,198,9,0,0,21,0.0,0.0,0.0,0.0,18.3,17.9,34,34,F1 no cavity,F1 no cavity
arm1slack_s3001,d017,90,9,0,0,8,0.0,0.0,0.0,0.0,16.9,14.2,15,6,F1 no cavity,F1 no cavity
arm1slack_s3001,d018,210,12,0,0,28,13.8,4.5,627.9,606.8,21.9,21.5,22,22,F2 envelope,F2 envelope
arm1slack_s3001,d019,153,0,27,0,24,0.0,0.0,0.0,0.0,20.7,18.2,29,7,F1 no cavity,F1 no cavity
arm1slack_s3001,d220,199,0,0,0,23,0.0,0.0,0.0,0.0,19.0,19.0,27,27,F1 no cavity,F1 no cavity
arm1slack_s3001,d221,156,5,21,0,12,13.6,16.0,548.1,546.5,20.7,15.1,24,6,F2 envelope,F2 envelope
arm1slack_s3001,d222,189,0,0,0,18,0.0,0.0,0.0,0.0,17.8,17.8,29,29,F1 no cavity,F1 no cavity
arm1slack_s3001,d223,99,0,4,0,15,0.0,0.0,0.0,0.0,16.2,15.8,8,7,F1 no cavity,F1 no cavity
arm2noanch_s3002,d008,73,0,9,0,6,0.0,0.0,0.0,0.0,12.4,11.1,9,9,F1 no cavity,F1 no cavity
arm2noanch_s3002,d009,145,7,6,0,5,0.0,0.0,0.0,0.0,14.8,13.6,9,9,F1 no cavity,F1 no cavity
arm2noanch_s3002,d010,156,8,2,0,16,0.0,0.0,0.0,0.0,17.8,17.1,10,6,F1 no cavity,F1 no cavity
arm2noanch_s3002,d011,156,9,0,0,18,0.0,0.0,0.0,0.0,17.2,16.4,11,6,F1 no cavity,F1 no cavity
arm1slack_s3001,d052,136,3,0,0,18,0.0,0.0,0.0,0.0,18.7,18.6,29,29,F1 no cavity,F1 no cavity
arm1slack_s3001,d053,145,4,20,0,20,0.0,0.0,0.0,0.0,21.1,16.2,21,4,F1 no cavity,F1 no cavity
arm1slack_s3001,d054,227,9,0,0,26,0.0,0.0,0.0,0.0,20.4,19.7,14,14,F1 no cavity,F1 no cavity
arm1slack_s3001,d055,130,8,0,1,2,0.0,0.0,0.0,0.0,14.5,14.0,11,11,F1 no cavity,F1 no cavity
arm2noanch_s3002,d028,133,0,0,1,2,0.0,0.0,0.0,0.0,13.1,13.1,12,12,F1 no cavity,F1 no cavity
arm2noanch_s3002,d029,167,11,0,0,16,0.0,0.0,0.0,0.0,17.3,16.1,13,13,F1 no cavity,F1 no cavity
arm2noanch_s3002,d030,142,0,0,1,2,37.8,37.8,1231.1,1231.1,14.4,14.4,2,2,PASS,PASS
arm2noanch_s3002,d031,143,0,5,1,2,0.0,0.0,0.0,0.0,13.9,13.5,9,9,F1 no cavity,F1 no cavity
arm1slack_s3001,d164,141,1,6,0,16,0.0,0.0,0.0,0.0,17.1,16.6,13,13,F1 no cavity,F1 no cavity
arm1slack_s3001,d165,209,11,2,0,25,0.0,0.0,0.0,0.0,20.5,19.6,18,18,F1 no cavity,F1 no cavity
arm1slack_s3001,d166,209,8,1,0,28,0.0,0.0,0.0,0.0,20.7,20.4,33,33,F1 no cavity,F1 no cavity
arm1slack_s3001,d167,202,2,0,0,28,0.0,0.0,0.0,0.0,21.7,21.8,19,19,F1 no cavity,F1 no cavity
arm1slack_s3001,d020,146,15,0,0,25,0.0,0.0,0.0,0.0,21.1,20.6,15,15,F1 no cavity,F1 no cavity
arm1slack_s3001,d021,154,6,25,0,27,0.0,0.0,0.0,0.0,23.1,20.5,25,16,F1 no cavity,F1 no cavity
arm1slack_s3001,d022,97,0,3,0,27,0.0,0.0,0.0,0.0,17.1,17.1,7,4,F1 no cavity,F1 no cavity
arm1slack_s3001,d023,199,0,0,0,23,0.0,0.0,0.0,0.0,20.5,20.5,34,34,F1 no cavity,F1 no cavity
arm1slack_s3001,d160,207,12,0,0,29,0.0,0.0,0.0,0.0,20.7,20.5,20,20,F1 no cavity,F1 no cavity
arm1slack_s3001,d161,165,0,36,0,23,0.0,0.0,0.0,0.0,23.5,19.7,31,31,F1 no cavity,F1 no cavity
arm1slack_s3001,d162,192,5,1,0,17,0.0,0.0,0.0,0.0,17.2,16.9,17,17,F1 no cavity,F1 no cavity
arm1slack_s3001,d163,194,4,2,0,22,0.0,0.0,0.0,0.0,20.4,20.2,29,29,F1 no cavity,F1 no cavity
arm2noanch_s3002,d000,160,14,0,0,12,0.0,0.0,0.0,0.0,16.3,14.4,16,10,F1 no cavity,F1 no cavity
arm2noanch_s3002,d001,156,12,8,1,2,0.0,0.0,0.0,0.0,16.8,13.3,11,3,F1 no cavity,F1 no cavity
arm2noanch_s3002,d002,173,21,2,1,2,0.0,0.0,0.0,0.0,19.8,13.7,17,6,F1 no cavity,F1 no cavity
arm2noanch_s3002,d003,157,7,7,0,7,0.0,0.0,0.0,0.0,15.5,13.7,11,10,F1 no cavity,F1 no cavity
arm1slack_s3001,d076,203,2,0,0,21,0.0,0.0,0.0,0.0,19.0,18.9,28,28,F1 no cavity,F1 no cavity
arm1slack_s3001,d077,224,3,0,0,25,0.0,0.0,0.0,0.0,22.1,22.1,32,32,F1 no cavity,F1 no cavity
arm1slack_s3001,d078,210,12,0,0,27,0.0,0.0,0.0,0.0,20.4,19.9,34,34,F1 no cavity,F1 no cavity
arm1slack_s3001,d079,142,11,4,0,18,0.0,0.0,0.0,0.0,18.6,18.1,28,28,F1 no cavity,F1 no cavity
arm2noanch_s3002,d048,88,1,0,1,3,0.0,0.0,0.0,0.0,11.7,11.7,0,0,F1 no cavity,F1 no cavity
arm2noanch_s3002,d049,112,3,6,1,2,0.0,0.0,0.0,0.0,12.7,11.4,10,5,F1 no cavity,F1 no cavity
arm2noanch_s3002,d050,169,13,2,0,17,0.0,0.0,0.0,0.0,18.5,17.3,15,8,F1 no cavity,F1 no cavity
arm2noanch_s3002,d051,146,3,4,0,9,0.0,0.0,0.0,0.0,14.9,14.4,2,2,F1 no cavity,F1 no cavity
arm1slack_s3001,d232,134,1,22,1,2,0.0,0.0,0.0,0.0,19.8,12.9,27,7,F1 no cavity,F1 no cavity
arm1slack_s3001,d233,201,12,1,0,23,0.0,0.0,0.0,0.0,19.9,18.7,29,29,F1 no cavity,F1 no cavity
arm1slack_s3001,d234,132,4,0,0,21,0.0,0.0,0.0,0.0,17.9,17.8,30,30,F1 no cavity,F1 no cavity
arm1slack_s3001,d235,115,24,0,0,27,0.0,0.0,0.0,0.0,20.9,18.7,15,15,F1 no cavity,F1 no cavity
arm2noanch_s3002,d040,139,0,1,0,7,0.0,0.0,0.0,0.0,13.4,13.4,17,17,F1 no cavity,F1 no cavity
arm2noanch_s3002,d041,170,17,1,0,16,0.0,0.0,0.0,0.0,17.6,15.3,8,5,F1 no cavity,F1 no cavity
arm2noanch_s3002,d042,172,21,10,0,21,0.0,0.0,0.0,0.0,20.9,16.3,10,9,F1 no cavity,F1 no cavity
arm2noanch_s3002,d043,163,5,1,0,15,0.0,0.0,0.0,0.0,15.7,15.4,12,12,F1 no cavity,F1 no cavity
arm1slack_s3001,d140,220,8,2,0,25,0.0,0.0,0.0,0.0,21.4,21.1,36,36,F1 no cavity,F1 no cavity
arm1slack_s3001,d141,104,13,29,0,7,0.0,0.0,0.0,0.0,20.4,12.6,11,2,F1 no cavity,F1 no cavity
arm1slack_s3001,d142,149,8,12,0,19,0.0,0.0,0.0,0.0,18.4,16.4,23,23,F1 no cavity,F1 no cavity
arm1slack_s3001,d143,204,2,0,0,25,0.0,0.0,0.0,0.0,21.2,21.0,34,34,F1 no cavity,F1 no cavity
arm1slack_s3001,d096,111,23,0,1,2,0.0,0.0,0.0,0.0,18.9,12.9,18,5,F1 no cavity,F1 no cavity
arm1slack_s3001,d097,88,2,8,0,7,3.0,0.0,336.2,0.0,14.1,12.6,7,3,F2 envelope,F1 no cavity
arm1slack_s3001,d098,188,0,1,0,28,0.0,0.0,0.0,0.0,20.1,20.1,22,22,F1 no cavity,F1 no cavity
arm1slack_s3001,d099,207,0,0,0,28,0.0,0.0,0.0,0.0,20.1,20.1,19,19,F1 no cavity,F1 no cavity
arm2noanch_s3002,d024,169,0,4,0,12,0.0,0.0,0.0,0.0,15.1,15.0,17,17,F1 no cavity,F1 no cavity
arm2noanch_s3002,d025,159,5,12,0,5,0.0,0.0,0.0,0.0,15.0,13.2,7,7,F1 no cavity,F1 no cavity
arm2noanch_s3002,d026,145,0,1,0,11,0.0,0.0,0.0,0.0,14.5,14.4,7,7,F1 no cavity,F1 no cavity
arm2noanch_s3002,d027,112,15,11,1,1,0.0,0.0,0.0,0.0,18.7,11.4,16,1,F1 no cavity,F1 no cavity
arm1slack_s3001,d080,185,7,0,0,19,0.0,0.0,0.0,0.0,18.3,18.1,28,28,F1 no cavity,F1 no cavity
arm1slack_s3001,d081,211,10,1,0,29,0.0,0.0,0.0,0.0,21.4,20.9,17,17,F1 no cavity,F1 no cavity
arm1slack_s3001,d082,139,18,0,0,18,0.0,0.0,0.0,0.0,17.5,16.9,11,11,F1 no cavity,F1 no cavity
arm1slack_s3001,d083,143,14,9,0,6,0.0,0.0,0.0,0.0,16.1,13.6,10,2,F1 no cavity,F1 no cavity
arm1slack_s3001,d028,205,2,1,0,23,0.0,0.0,0.0,0.0,20.7,20.6,35,35,F1 no cavity,F1 no cavity
arm1slack_s3001,d029,196,0,0,0,19,0.0,0.0,0.0,0.0,18.6,18.6,24,24,F1 no cavity,F1 no cavity
arm1slack_s3001,d030,123,9,25,0,14,0.0,0.0,0.0,0.0,20.5,14.8,17,4,F1 no cavity,F1 no cavity
arm1slack_s3001,d031,191,15,0,0,21,0.0,0.0,0.0,0.0,19.3,17.6,28,28,F1 no cavity,F1 no cavity
arm1slack_s3001,d100,155,4,19,0,27,0.0,0.0,0.0,0.0,21.6,19.6,22,15,F1 no cavity,F1 no cavity
arm1slack_s3001,d101,211,0,0,0,21,0.0,0.0,0.0,0.0,19.5,19.5,27,27,F1 no cavity,F1 no cavity
arm1slack_s3001,d102,220,4,0,0,27,0.0,0.0,0.0,0.0,21.7,21.7,32,32,F1 no cavity,F1 no cavity
arm1slack_s3001,d103,140,17,4,0,23,0.0,0.0,0.0,0.0,20.4,19.5,30,30,F1 no cavity,F1 no cavity
arm1slack_s3001,d124,179,23,0,0,26,0.0,0.0,0.0,0.0,21.5,19.3,17,16,F1 no cavity,F1 no cavity
arm1slack_s3001,d125,205,0,0,0,20,0.0,0.0,0.0,0.0,20.2,20.2,32,32,F1 no cavity,F1 no cavity
arm1slack_s3001,d126,152,15,26,1,2,0.0,0.0,0.0,0.0,22.8,12.7,16,5,F1 no cavity,F1 no cavity
arm1slack_s3001,d127,217,6,0,0,25,0.0,0.0,0.0,0.0,20.9,20.7,20,20,F1 no cavity,F1 no cavity
arm2noanch_s3002,d112,94,16,0,0,9,0.0,0.0,0.0,0.0,16.6,11.9,15,15,F1 no cavity,F1 no cavity
arm2noanch_s3002,d113,146,0,2,0,19,0.0,0.0,0.0,0.0,15.2,15.1,5,5,F1 no cavity,F1 no cavity
arm2noanch_s3002,d114,143,7,0,0,6,0.0,0.0,0.0,0.0,14.1,13.5,9,9,F1 no cavity,F1 no cavity
arm2noanch_s3002,d115,156,10,8,0,4,0.0,0.0,0.0,0.0,16.1,14.4,6,4,F1 no cavity,F1 no cavity
arm1slack_s3001,d004,125,10,0,0,4,11.9,8.2,847.1,832.2,15.7,14.0,9,6,F2 envelope,F2 envelope
arm1slack_s3001,d005,207,2,0,0,23,0.0,0.0,0.0,0.0,19.1,19.1,25,25,F1 no cavity,F1 no cavity
arm1slack_s3001,d006,162,7,25,0,17,0.0,0.0,0.0,0.0,21.5,17.0,28,14,F1 no cavity,F1 no cavity
arm1slack_s3001,d007,105,11,22,0,6,0.0,0.0,0.0,0.0,22.3,12.7,15,1,F1 no cavity,F1 no cavity
arm1slack_s3001,d136,105,1,0,0,20,0.0,0.0,0.0,0.0,19.4,19.3,29,29,F1 no cavity,F1 no cavity
arm1slack_s3001,d137,208,15,0,0,23,0.0,0.0,0.0,0.0,20.2,19.0,16,14,F1 no cavity,F1 no cavity
arm1slack_s3001,d138,125,15,3,0,5,0.0,0.0,0.0,0.0,16.0,14.6,5,2,F1 no cavity,F1 no cavity
arm1slack_s3001,d139,207,7,0,0,21,0.0,0.0,0.0,0.0,19.6,19.2,30,30,F1 no cavity,F1 no cavity
arm1slack_s3001,d244,190,0,0,0,28,0.0,0.0,0.0,0.0,19.6,19.6,29,29,F1 no cavity,F1 no cavity
arm1slack_s3001,d245,133,0,5,0,18,0.0,0.0,0.0,0.0,17.3,17.2,9,9,F1 no cavity,F1 no cavity
arm1slack_s3001,d246,138,24,0,0,20,0.0,0.0,0.0,0.0,20.3,17.0,11,5,F1 no cavity,F1 no cavity
arm1slack_s3001,d247,194,5,1,0,22,0.0,0.0,0.0,0.0,17.8,17.6,30,30,F1 no cavity,F1 no cavity
arm2noanch_s3002,d004,166,17,6,1,2,0.0,0.0,0.0,0.0,17.0,13.4,17,4,F1 no cavity,F1 no cavity
arm2noanch_s3002,d005,128,17,22,1,1,0.0,0.0,0.0,0.0,18.6,10.8,24,3,F1 no cavity,F1 no cavity
arm2noanch_s3002,d006,176,19,1,0,6,0.0,0.0,0.0,0.0,19.6,14.4,12,3,F1 no cavity,F1 no cavity
arm2noanch_s3002,d007,136,0,3,1,3,0.0,0.0,0.0,0.0,13.9,13.7,3,3,F1 no cavity,F1 no cavity
arm2noanch_s3002,d064,152,0,6,0,10,0.0,0.0,0.0,0.0,15.0,14.5,11,11,F1 no cavity,F1 no cavity
arm2noanch_s3002,d065,125,4,22,0,8,0.0,0.0,0.0,0.0,16.4,12.4,7,5,F1 no cavity,F1 no cavity
arm2noanch_s3002,d066,155,8,7,0,7,0.0,0.0,0.0,0.0,16.2,14.0,7,7,F1 no cavity,F1 no cavity
arm2noanch_s3002,d067,148,9,2,1,3,0.0,0.0,0.0,0.0,15.2,13.5,9,3,F1 no cavity,F1 no cavity
arm2noanch_s3002,d088,153,14,2,1,3,0.0,0.0,0.0,0.0,15.8,13.3,10,10,F1 no cavity,F1 no cavity
arm2noanch_s3002,d089,174,6,4,0,10,0.0,0.0,0.0,0.0,16.0,15.3,12,10,F1 no cavity,F1 no cavity
arm2noanch_s3002,d090,158,15,1,0,13,0.0,0.0,0.0,0.0,18.3,16.0,17,15,F1 no cavity,F1 no cavity
arm2noanch_s3002,d091,162,5,0,0,5,0.0,0.0,0.0,0.0,14.6,14.0,6,4,F1 no cavity,F1 no cavity
arm2noanch_s3002,d036,112,15,12,1,2,0.0,0.0,0.0,0.0,17.4,10.8,16,4,F1 no cavity,F1 no cavity
arm2noanch_s3002,d037,159,11,10,1,2,43.2,40.4,761.2,758.9,16.4,13.4,10,6,F2 envelope,F2 envelope
arm2noanch_s3002,d038,156,16,1,0,8,0.0,0.0,0.0,0.0,16.2,13.8,17,10,F1 no cavity,F1 no cavity
arm2noanch_s3002,d039,167,3,13,0,15,0.0,0.0,0.0,0.0,16.8,15.2,22,22,F1 no cavity,F1 no cavity
arm2noanch_s3002,d016,169,15,0,0,12,0.0,0.0,0.0,0.0,19.0,15.3,17,7,F1 no cavity,F1 no cavity
arm2noanch_s3002,d017,132,0,25,0,15,0.0,0.0,0.0,0.0,19.1,14.8,16,16,F1 no cavity,F1 no cavity
arm2noanch_s3002,d018,154,2,11,1,3,0.0,0.0,0.0,0.0,15.8,14.0,9,7,F1 no cavity,F1 no cavity
arm2noanch_s3002,d019,176,6,10,0,17,0.0,0.0,0.0,0.0,17.0,16.4,15,15,F1 no cavity,F1 no cavity
arm2noanch_s3002,d076,169,14,4,0,4,0.0,0.0,0.0,0.0,16.5,13.7,7,6,F1 no cavity,F1 no cavity
arm2noanch_s3002,d077,160,7,10,0,13,0.0,0.0,0.0,0.0,16.8,15.0,20,20,F1 no cavity,F1 no cavity
arm2noanch_s3002,d078,157,0,0,0,6,0.0,0.0,0.0,0.0,15.3,15.3,12,12,F1 no cavity,F1 no cavity
arm2noanch_s3002,d079,152,9,0,0,6,0.0,0.0,0.0,0.0,14.9,13.5,8,8,F1 no cavity,F1 no cavity
arm1slack_s3001,d088,188,1,0,0,14,13.0,13.0,461.8,461.8,17.4,17.4,26,26,F2 envelope,F2 envelope
arm1slack_s3001,d089,153,6,22,0,5,0.0,0.0,0.0,0.0,21.6,13.8,16,3,F1 no cavity,F1 no cavity
arm1slack_s3001,d090,220,0,1,0,26,0.0,0.0,0.0,0.0,19.9,19.9,37,37,F1 no cavity,F1 no cavity
arm1slack_s3001,d091,195,0,0,0,25,24.4,24.4,412.5,412.5,19.7,19.7,33,33,F2 envelope,F2 envelope
arm2noanch_s3002,d116,105,13,6,0,8,0.0,0.0,0.0,0.0,16.2,11.4,13,2,F1 no cavity,F1 no cavity
arm2noanch_s3002,d117,136,18,16,0,5,0.0,0.0,0.0,0.0,19.2,12.6,15,14,F1 no cavity,F1 no cavity
arm2noanch_s3002,d118,106,11,4,1,3,0.0,0.0,0.0,0.0,14.7,12.0,11,1,F1 no cavity,F1 no cavity
arm2noanch_s3002,d119,115,12,13,1,3,0.0,0.0,0.0,0.0,17.9,11.0,16,6,F1 no cavity,F1 no cavity
arm2noanch_s3002,d012,178,15,7,0,18,0.0,0.0,0.0,0.0,19.7,17.6,5,5,F1 no cavity,F1 no cavity
arm2noanch_s3002,d013,119,2,0,0,21,0.0,0.0,0.0,0.0,16.8,16.7,19,19,F1 no cavity,F1 no cavity
arm2noanch_s3002,d014,109,8,11,1,2,0.0,0.0,0.0,0.0,15.0,11.1,12,2,F1 no cavity,F1 no cavity
arm2noanch_s3002,d015,172,15,0,0,19,0.0,0.0,0.0,0.0,18.4,16.9,29,29,F1 no cavity,F1 no cavity
arm2noanch_s3002,d052,135,7,0,0,20,0.0,0.0,0.0,0.0,17.3,17.2,15,15,F1 no cavity,F1 no cavity
arm2noanch_s3002,d053,168,10,2,0,19,0.0,0.0,0.0,0.0,16.5,15.9,7,7,F1 no cavity,F1 no cavity
arm2noanch_s3002,d054,151,0,0,1,2,53.1,53.1,904.0,904.0,14.1,14.1,10,10,F2 envelope,F2 envelope
arm2noanch_s3002,d055,158,7,2,0,10,36.7,40.2,836.2,836.2,16.2,15.6,17,17,F2 envelope,F2 envelope
arm2noanch_s3002,d092,171,0,9,0,20,0.0,0.0,0.0,0.0,16.8,16.1,17,17,F1 no cavity,F1 no cavity
arm2noanch_s3002,d093,163,20,1,1,3,205.0,105.2,1033.1,1033.1,19.7,14.2,19,3,F2 envelope,F2 envelope
arm2noanch_s3002,d094,85,0,0,1,2,0.0,0.0,0.0,0.0,11.0,11.0,0,0,F1 no cavity,F1 no cavity
arm2noanch_s3002,d095,132,17,21,0,21,0.0,0.0,0.0,0.0,17.9,13.5,10,3,F1 no cavity,F1 no cavity
arm2noanch_s3002,d104,163,10,4,0,15,0.0,0.0,0.0,0.0,16.7,15.2,15,15,F1 no cavity,F1 no cavity
arm2noanch_s3002,d105,164,0,3,0,16,0.0,0.0,0.0,0.0,16.4,16.2,11,11,F1 no cavity,F1 no cavity
arm2noanch_s3002,d106,180,17,2,0,18,0.0,0.0,0.0,0.0,18.9,18.0,27,27,F1 no cavity,F1 no cavity
arm2noanch_s3002,d107,147,15,1,1,2,0.0,0.0,0.0,0.0,17.0,13.8,16,2,F1 no cavity,F1 no cavity
arm2noanch_s3002,d044,164,11,0,1,3,0.0,0.0,0.0,0.0,15.1,13.5,14,14,F1 no cavity,F1 no cavity
arm2noanch_s3002,d045,175,18,3,0,19,0.0,0.0,0.0,0.0,20.0,16.6,19,5,F1 no cavity,F1 no cavity
arm2noanch_s3002,d046,173,0,0,0,20,0.0,0.0,0.0,0.0,17.4,17.4,32,32,F1 no cavity,F1 no cavity
arm2noanch_s3002,d047,169,11,2,0,4,0.0,0.0,0.0,0.0,15.6,14.3,9,9,F1 no cavity,F1 no cavity
arm0b_s2027,d006,159,13,25,0,13,0.0,0.0,0.0,0.0,20.1,15.4,17,8,F1 no cavity,F1 no cavity
arm0b_s2027,d007,94,10,0,0,14,0.0,0.0,0.0,0.0,17.3,16.2,9,9,F1 no cavity,F1 no cavity
arm0b_s2027,d008,189,4,2,0,19,30.2,30.2,499.6,499.6,20.0,19.9,11,11,F2 envelope,F2 envelope
arm0b_s2027,d009,112,2,25,0,20,0.0,0.0,0.0,0.0,22.3,19.8,18,4,F1 no cavity,F1 no cavity
arm2noanch_s3002,d060,155,20,12,0,5,0.0,0.0,0.0,0.0,20.3,13.5,20,13,F1 no cavity,F1 no cavity
arm2noanch_s3002,d061,149,6,8,0,6,0.0,0.0,0.0,0.0,14.9,13.7,8,3,F1 no cavity,F1 no cavity
arm2noanch_s3002,d062,150,9,0,0,11,0.0,0.0,0.0,0.0,16.0,15.2,5,5,F1 no cavity,F1 no cavity
arm2noanch_s3002,d063,113,16,0,0,18,0.0,0.0,0.0,0.0,18.7,14.5,17,5,F1 no cavity,F1 no cavity
arm1slack_s3001,d128,105,16,8,0,30,0.0,0.0,0.0,0.0,21.8,20.9,35,35,F1 no cavity,F1 no cavity
arm1slack_s3001,d129,211,14,0,0,20,27.4,39.1,530.6,523.0,18.3,17.0,26,26,F2 envelope,F2 envelope
arm1slack_s3001,d130,99,11,4,1,3,0.0,0.0,0.0,0.0,14.8,13.0,7,5,F1 no cavity,F1 no cavity
arm1slack_s3001,d131,195,0,0,0,19,21.0,21.0,555.5,555.5,18.2,18.2,15,15,F2 envelope,F2 envelope
arm2noanch_s3002,d108,171,9,0,0,19,0.0,0.0,0.0,0.0,17.8,17.3,10,10,F1 no cavity,F1 no cavity
arm2noanch_s3002,d109,171,19,12,0,9,0.0,0.0,0.0,0.0,19.3,14.1,20,5,F1 no cavity,F1 no cavity
arm2noanch_s3002,d110,140,0,1,0,18,0.0,0.0,0.0,0.0,15.8,15.8,11,11,F1 no cavity,F1 no cavity
arm2noanch_s3002,d111,133,0,5,1,2,0.0,0.0,0.0,0.0,13.8,13.3,6,6,F1 no cavity,F1 no cavity
arm2noanch_s3002,d080,165,16,0,0,4,0.0,0.0,0.0,0.0,18.9,15.3,17,1,F1 no cavity,F1 no cavity
arm2noanch_s3002,d081,161,0,7,0,13,0.0,0.0,0.0,0.0,15.8,15.2,17,17,F1 no cavity,F1 no cavity
arm2noanch_s3002,d082,148,2,5,0,19,0.0,0.0,0.0,0.0,16.6,16.2,7,7,F1 no cavity,F1 no cavity
arm2noanch_s3002,d083,161,8,8,1,2,0.0,0.0,0.0,0.0,16.0,13.4,13,9,F1 no cavity,F1 no cavity
arm1slack_s3001,d168,171,15,36,0,11,65.0,75.0,737.2,737.2,23.0,14.2,20,5,F2 envelope,F2 envelope
arm1slack_s3001,d169,100,23,15,0,7,0.0,0.0,0.0,0.0,21.2,12.6,17,2,F1 no cavity,F1 no cavity
arm1slack_s3001,d170,226,11,7,0,30,0.0,0.0,0.0,0.0,21.8,21.4,26,26,F1 no cavity,F1 no cavity
arm1slack_s3001,d171,130,1,0,0,21,0.0,0.0,0.0,0.0,17.9,17.9,25,25,F1 no cavity,F1 no cavity
arm2noanch_s3002,d068,116,0,22,0,4,0.0,0.0,0.0,0.0,19.3,12.0,18,3,F1 no cavity,F1 no cavity
arm2noanch_s3002,d069,147,0,0,1,2,0.0,0.0,0.0,0.0,13.4,13.4,8,8,F1 no cavity,F1 no cavity
arm2noanch_s3002,d070,168,19,3,0,19,0.0,0.0,0.0,0.0,20.0,16.6,25,25,F1 no cavity,F1 no cavity
arm2noanch_s3002,d071,166,15,0,0,4,107.4,124.2,1277.0,1277.0,18.6,15.5,17,2,F4 appendage,PASS
arm2noanch_s3002,d096,163,13,0,0,15,0.0,0.0,0.0,0.0,18.2,16.6,8,7,F1 no cavity,F1 no cavity
arm2noanch_s3002,d097,163,16,2,0,13,0.0,0.0,0.0,0.0,18.4,15.3,10,3,F1 no cavity,F1 no cavity
arm2noanch_s3002,d098,170,0,10,0,22,0.0,0.0,0.0,0.0,18.5,17.7,10,10,F1 no cavity,F1 no cavity
arm2noanch_s3002,d099,165,17,8,1,3,0.0,0.0,0.0,0.0,18.1,13.6,10,6,F1 no cavity,F1 no cavity
arm3b3rasa_s3003,d036,213,52,0,1,3,0.0,0.0,0.0,0.0,21.4,14.7,7,1,F1 no cavity,F1 no cavity
arm3b3rasa_s3003,d037,210,46,15,0,7,0.0,0.0,0.0,0.0,23.7,14.3,6,2,F1 no cavity,F1 no cavity
arm3b3rasa_s3003,d038,195,54,0,1,2,94.2,134.4,1232.5,1082.8,23.2,14.7,11,1,F4 appendage,F2 envelope
arm3b3rasa_s3003,d039,201,42,7,0,6,0.0,0.0,0.0,0.0,22.4,14.4,10,5,F1 no cavity,F1 no cavity
arm2noanch_s3002,d020,163,13,5,0,6,57.2,91.4,1119.4,1271.9,17.6,14.8,16,3,F2 envelope,PASS
arm2noanch_s3002,d021,159,16,0,0,17,0.0,0.0,0.0,0.0,17.7,15.2,23,23,F1 no cavity,F1 no cavity
arm2noanch_s3002,d022,121,9,23,0,6,0.0,0.0,0.0,0.0,18.7,12.1,13,2,F1 no cavity,F1 no cavity
arm2noanch_s3002,d023,163,15,0,0,20,0.0,0.0,0.0,0.0,18.4,17.2,31,31,F1 no cavity,F1 no cavity
arm1slack_s3001,d248,211,0,0,0,28,0.0,0.0,0.0,0.0,21.4,21.4,31,31,F1 no cavity,F1 no cavity
arm1slack_s3001,d249,213,8,1,0,26,0.0,0.0,0.0,0.0,20.0,19.9,14,14,F1 no cavity,F1 no cavity
arm1slack_s3001,d250,179,0,0,0,18,0.0,0.0,0.0,0.0,17.7,17.7,26,26,F1 no cavity,F1 no cavity
arm1slack_s3001,d251,199,4,2,0,22,0.0,0.0,0.0,0.0,18.7,18.5,25,25,F1 no cavity,F1 no cavity
arm2noanch_s3002,d084,160,11,4,1,2,0.0,0.0,0.0,0.0,15.5,13.5,5,5,F1 no cavity,F1 no cavity
arm2noanch_s3002,d085,145,0,0,0,13,0.0,0.0,0.0,0.0,15.1,15.1,8,8,F1 no cavity,F1 no cavity
arm2noanch_s3002,d086,137,11,0,1,2,21.6,21.2,1020.2,1020.2,15.7,13.2,10,1,F2 envelope,F2 envelope
arm2noanch_s3002,d087,126,10,16,0,4,0.0,0.0,0.0,0.0,19.0,12.3,18,3,F1 no cavity,F1 no cavity
arm4rep_s3004,d024,106,2,0,1,3,0.0,0.0,0.0,0.0,13.3,13.2,2,2,F1 no cavity,F1 no cavity
arm4rep_s3004,d025,152,0,0,0,20,0.0,0.0,0.0,0.0,17.7,17.7,26,26,F1 no cavity,F1 no cavity
arm4rep_s3004,d026,147,1,22,0,13,0.0,0.0,0.0,0.0,19.7,16.9,18,10,F1 no cavity,F1 no cavity
arm4rep_s3004,d027,112,4,0,0,4,0.0,0.0,0.0,0.0,12.9,12.6,1,1,F1 no cavity,F1 no cavity
arm4rep_s3004,d092,190,0,6,0,10,0.0,0.0,0.0,0.0,17.2,16.9,9,8,F1 no cavity,F1 no cavity
arm4rep_s3004,d093,139,15,4,0,4,0.0,14.9,0.0,528.2,16.8,13.6,7,3,F1 no cavity,F2 envelope
arm4rep_s3004,d094,204,12,0,0,21,0.0,0.0,0.0,0.0,19.6,18.8,13,13,F1 no cavity,F1 no cavity
arm4rep_s3004,d095,151,0,0,1,2,110.6,110.6,1382.1,1382.1,15.2,15.2,1,1,PASS,PASS
arm4rep_s3004,d020,145,8,16,0,5,0.0,0.0,0.0,0.0,19.5,13.9,19,8,F1 no cavity,F1 no cavity
arm4rep_s3004,d021,199,8,0,0,13,20.7,20.1,317.0,317.0,17.3,16.6,9,9,F2 envelope,F2 envelope
arm4rep_s3004,d022,126,3,8,1,2,0.0,0.0,0.0,0.0,14.6,13.2,11,4,F1 no cavity,F1 no cavity
arm4rep_s3004,d023,171,0,0,0,11,153.6,153.6,1100.5,1100.5,17.3,17.3,1,1,F2 envelope,F2 envelope
arm4rep_s3004,d052,198,4,1,0,9,0.0,0.0,0.0,0.0,17.9,17.7,6,6,F1 no cavity,F1 no cavity
arm4rep_s3004,d053,167,0,1,0,19,0.0,0.0,0.0,0.0,17.3,17.3,7,7,F1 no cavity,F1 no cavity
arm4rep_s3004,d054,127,5,5,0,7,0.0,0.0,0.0,0.0,14.7,13.7,8,3,F1 no cavity,F1 no cavity
arm4rep_s3004,d055,129,24,4,0,8,0.0,0.0,0.0,0.0,18.5,14.1,7,6,F1 no cavity,F1 no cavity
arm2noanch_s3002,d100,133,16,7,0,16,0.0,0.0,0.0,0.0,18.6,14.3,19,12,F1 no cavity,F1 no cavity
arm2noanch_s3002,d101,168,18,8,0,5,0.0,0.0,0.0,0.0,17.8,13.9,16,16,F1 no cavity,F1 no cavity
arm2noanch_s3002,d102,116,10,13,1,2,0.0,0.0,0.0,0.0,17.5,11.2,14,1,F1 no cavity,F1 no cavity
arm2noanch_s3002,d103,158,21,0,1,2,97.6,107.8,1271.5,1271.5,20.8,14.2,15,2,F4 appendage,PASS
arm2noanch_s3002,d072,159,10,2,0,12,131.1,139.1,1117.4,1115.9,17.2,15.8,12,2,F2 envelope,F2 envelope
arm2noanch_s3002,d073,140,11,0,1,3,0.0,0.0,0.0,0.0,15.7,13.3,8,3,F1 no cavity,F1 no cavity
arm2noanch_s3002,d074,167,0,12,0,13,0.0,0.0,0.0,0.0,17.0,16.2,11,11,F1 no cavity,F1 no cavity
arm2noanch_s3002,d075,169,21,3,0,20,0.0,0.0,0.0,0.0,19.5,14.9,12,12,F1 no cavity,F1 no cavity
arm4rep_s3004,d000,194,0,0,0,16,0.0,0.0,0.0,0.0,18.2,18.2,27,27,F1 no cavity,F1 no cavity
arm4rep_s3004,d001,107,6,0,0,7,0.0,0.0,0.0,0.0,13.7,13.3,1,1,F1 no cavity,F1 no cavity
arm4rep_s3004,d002,187,8,0,0,18,0.0,0.0,0.0,0.0,17.8,17.6,11,11,F1 no cavity,F1 no cavity
arm4rep_s3004,d003,199,16,0,0,22,0.0,0.0,0.0,0.0,19.6,17.8,17,16,F1 no cavity,F1 no cavity
arm4rep_s3004,d036,184,2,7,0,19,0.0,0.0,0.0,0.0,18.2,17.9,29,29,F1 no cavity,F1 no cavity
arm4rep_s3004,d037,157,0,0,0,4,0.0,0.0,0.0,0.0,15.1,15.1,1,1,F1 no cavity,F1 no cavity
arm4rep_s3004,d038,164,0,0,0,5,0.0,0.0,0.0,0.0,15.8,15.8,4,4,F1 no cavity,F1 no cavity
arm4rep_s3004,d039,181,0,1,0,19,0.0,0.0,0.0,0.0,17.2,17.2,9,9,F1 no cavity,F1 no cavity
arm4rep_s3004,d028,155,0,0,1,3,116.6,116.6,1243.6,1243.6,15.7,15.7,1,1,PASS,PASS
arm4rep_s3004,d029,178,0,1,1,3,0.0,0.0,0.0,0.0,15.1,15.1,11,11,F1 no cavity,F1 no cavity
arm4rep_s3004,d030,180,0,2,0,9,0.0,0.0,0.0,0.0,15.5,15.3,17,17,F1 no cavity,F1 no cavity
arm4rep_s3004,d031,206,1,3,0,18,0.0,0.0,0.0,0.0,19.3,19.1,31,31,F1 no cavity,F1 no cavity
arm3b3rasa_s3003,d088,145,8,4,1,3,0.0,0.0,0.0,0.0,14.5,13.5,10,2,F1 no cavity,F1 no cavity
arm3b3rasa_s3003,d089,189,49,2,1,2,0.0,0.0,0.0,0.0,24.6,14.0,15,3,F1 no cavity,F1 no cavity
arm3b3rasa_s3003,d090,208,44,0,0,17,66.5,32.4,1257.9,1142.2,22.4,18.1,10,3,F4 appendage,F2 envelope
arm3b3rasa_s3003,d091,217,46,14,1,2,0.0,0.0,0.0,0.0,24.0,14.4,13,5,F1 no cavity,F1 no cavity
arm4rep_s3004,d056,164,1,0,0,20,0.0,0.0,0.0,0.0,17.3,17.3,15,15,F1 no cavity,F1 no cavity
arm4rep_s3004,d057,181,0,0,0,11,0.0,0.0,0.0,0.0,16.5,16.5,1,1,F1 no cavity,F1 no cavity
arm4rep_s3004,d058,168,3,0,0,5,72.8,99.4,1331.0,1331.1,16.9,16.5,3,1,PASS,PASS
arm4rep_s3004,d059,179,0,0,0,4,66.7,66.7,1305.0,1305.0,15.8,15.8,7,7,F4 appendage,F4 appendage
arm3b3rasa_s3003,d112,232,53,3,1,2,0.0,0.0,0.0,0.0,26.5,14.7,19,3,F1 no cavity,F1 no cavity
arm3b3rasa_s3003,d113,210,46,18,1,2,0.0,0.0,0.0,0.0,24.7,14.2,17,4,F1 no cavity,F1 no cavity
arm3b3rasa_s3003,d114,210,65,0,1,2,0.0,0.0,0.0,0.0,24.4,14.2,11,1,F1 no cavity,F1 no cavity
arm3b3rasa_s3003,d115,201,41,0,1,1,0.0,0.0,0.0,0.0,23.0,14.1,28,5,F1 no cavity,F1 no cavity
arm4rep_s3004,d008,172,0,2,1,3,0.0,0.0,0.0,0.0,15.4,15.2,1,1,F1 no cavity,F1 no cavity
arm4rep_s3004,d009,119,3,14,0,9,0.0,0.0,0.0,0.0,18.3,13.4,15,4,F1 no cavity,F1 no cavity
arm4rep_s3004,d010,178,1,0,0,5,0.0,0.0,0.0,0.0,16.2,16.2,10,10,F1 no cavity,F1 no cavity
arm4rep_s3004,d011,170,1,1,0,4,0.0,55.1,0.0,790.6,17.0,16.9,5,5,F1 no cavity,F2 envelope
arm4rep_s3004,d040,165,0,0,0,19,0.0,0.0,0.0,0.0,17.1,17.1,9,9,F1 no cavity,F1 no cavity
arm4rep_s3004,d041,169,3,0,0,4,0.0,0.0,0.0,0.0,16.5,16.1,2,1,F1 no cavity,F1 no cavity
arm4rep_s3004,d042,184,9,0,0,18,0.0,0.0,0.0,0.0,18.2,17.7,27,27,F1 no cavity,F1 no cavity
arm4rep_s3004,d043,173,0,0,0,14,0.0,0.0,0.0,0.0,18.2,18.2,5,5,F1 no cavity,F1 no cavity
arm2noanch_s3002,d056,170,17,3,0,20,0.0,0.0,0.0,0.0,18.6,16.0,17,17,F1 no cavity,F1 no cavity
arm2noanch_s3002,d057,114,11,11,0,13,0.0,0.0,0.0,0.0,18.1,14.2,13,3,F1 no cavity,F1 no cavity
arm2noanch_s3002,d058,170,11,0,0,24,0.0,0.0,0.0,0.0,18.6,17.1,12,7,F1 no cavity,F1 no cavity
arm2noanch_s3002,d059,160,22,0,0,10,36.9,63.7,809.4,809.4,20.3,14.9,21,1,F2 envelope,F2 envelope
arm4rep_s3004,d108,188,15,0,0,19,0.0,0.0,0.0,0.0,18.2,17.3,30,30,F1 no cavity,F1 no cavity
arm4rep_s3004,d109,116,18,23,0,4,0.0,0.0,0.0,0.0,20.0,12.1,6,3,F1 no cavity,F1 no cavity
arm4rep_s3004,d110,137,15,6,1,3,0.0,0.0,0.0,0.0,17.2,13.6,7,2,F1 no cavity,F1 no cavity
arm4rep_s3004,d111,187,1,0,0,16,0.0,0.0,0.0,0.0,17.0,16.9,10,10,F1 no cavity,F1 no cavity
arm4rep_s3004,d068,200,16,1,0,18,0.0,0.0,0.0,0.0,19.0,17.3,30,30,F1 no cavity,F1 no cavity
arm4rep_s3004,d069,173,0,0,1,3,0.0,0.0,0.0,0.0,15.1,15.1,2,2,F1 no cavity,F1 no cavity
arm4rep_s3004,d070,127,18,4,0,4,0.0,0.0,0.0,0.0,15.0,13.1,6,6,F1 no cavity,F1 no cavity
arm4rep_s3004,d071,169,0,0,0,12,107.6,107.6,1258.0,1258.0,15.7,15.7,1,1,PASS,PASS
arm3b3rasa_s3003,d032,203,56,0,0,5,0.0,0.0,0.0,0.0,20.8,14.2,21,7,F1 no cavity,F1 no cavity
arm3b3rasa_s3003,d033,230,50,18,0,5,0.0,0.0,0.0,0.0,25.4,14.3,11,3,F1 no cavity,F1 no cavity
arm3b3rasa_s3003,d034,202,43,21,1,1,67.4,94.8,1252.2,1252.2,27.6,14.1,17,1,F4 appendage,PASS
arm3b3rasa_s3003,d035,212,11,18,0,49,142.1,142.1,1208.5,1208.5,24.2,24.4,18,12,F4 appendage,F4 appendage
arm4rep_s3004,d044,179,0,11,0,7,0.0,0.0,0.0,0.0,16.9,16.2,7,1,F1 no cavity,F1 no cavity
arm4rep_s3004,d045,106,4,0,1,3,0.0,0.0,0.0,0.0,13.2,12.9,0,0,F1 no cavity,F1 no cavity
arm4rep_s3004,d046,189,1,0,0,16,0.0,0.0,0.0,0.0,18.4,18.4,7,7,F1 no cavity,F1 no cavity
arm4rep_s3004,d047,185,7,0,0,21,0.0,0.0,0.0,0.0,18.4,18.3,29,29,F1 no cavity,F1 no cavity
arm3b3rasa_s3003,d072,212,64,1,1,3,138.5,103.9,1032.1,1032.1,27.6,15.6,11,1,F2 envelope,F2 envelope
arm3b3rasa_s3003,d073,206,46,22,1,3,0.0,0.0,0.0,0.0,25.2,14.4,13,6,F1 no cavity,F1 no cavity
arm3b3rasa_s3003,d074,216,42,22,0,4,120.1,71.7,1360.1,1360.1,26.6,14.7,15,5,F4 appendage,F4 appendage
arm3b3rasa_s3003,d075,218,60,15,1,2,45.6,0.0,1066.1,0.0,24.6,13.7,13,3,F2 envelope,F1 no cavity
arm4rep_s3004,d064,150,0,23,0,13,4.3,0.0,726.0,0.0,20.6,14.1,24,10,F2 envelope,F1 no cavity
arm4rep_s3004,d065,179,0,0,0,16,48.4,48.4,1015.4,1015.4,16.7,16.7,8,8,F2 envelope,F2 envelope
arm4rep_s3004,d066,123,2,0,0,14,0.0,0.0,0.0,0.0,14.9,14.8,17,17,F1 no cavity,F1 no cavity
arm4rep_s3004,d067,190,0,0,1,3,0.0,0.0,0.0,0.0,16.4,16.4,4,4,F1 no cavity,F1 no cavity
arm4rep_s3004,d048,176,0,1,0,15,0.0,0.0,0.0,0.0,16.1,16.1,16,16,F1 no cavity,F1 no cavity
arm4rep_s3004,d049,167,0,1,0,6,105.6,105.6,1263.6,1263.8,16.0,15.9,2,2,PASS,PASS
arm4rep_s3004,d050,197,5,4,1,3,0.0,0.0,0.0,0.0,16.4,15.8,12,12,F1 no cavity,F1 no cavity
arm4rep_s3004,d051,164,24,22,0,4,0.0,0.0,0.0,0.0,20.1,12.8,15,7,F1 no cavity,F1 no cavity
arm4rep_s3004,d012,177,5,1,0,8,30.0,31.3,771.1,771.1,17.5,16.9,5,5,F2 envelope,F2 envelope
arm4rep_s3004,d013,127,11,2,0,16,0.0,0.0,0.0,0.0,16.5,16.2,10,10,F1 no cavity,F1 no cavity
arm4rep_s3004,d014,184,6,2,0,16,0.0,0.0,0.0,0.0,18.6,18.2,8,8,F1 no cavity,F1 no cavity
arm4rep_s3004,d015,171,3,2,0,5,114.0,119.0,1365.4,1365.4,16.5,16.2,1,1,PASS,PASS
arm3b3rasa_s3003,d012,239,58,13,0,10,9.3,0.0,640.6,0.0,21.5,15.1,14,14,F2 envelope,F1 no cavity
arm3b3rasa_s3003,d013,159,5,6,1,2,67.8,116.2,1251.6,1251.6,16.0,14.9,7,2,F4 appendage,PASS
arm3b3rasa_s3003,d014,206,50,3,1,2,0.0,0.0,0.0,0.0,22.0,14.1,9,4,F1 no cavity,F1 no cavity
arm3b3rasa_s3003,d015,222,53,18,0,13,0.0,0.0,0.0,0.0,23.6,14.7,14,4,F1 no cavity,F1 no cavity
arm4rep_s3004,d072,145,10,2,1,3,0.0,0.0,0.0,0.0,15.1,13.5,7,7,F1 no cavity,F1 no cavity
arm4rep_s3004,d073,133,0,0,0,15,0.0,0.0,0.0,0.0,17.8,17.8,4,4,F1 no cavity,F1 no cavity
arm4rep_s3004,d074,176,0,0,1,3,78.0,78.0,1203.6,1203.6,16.5,16.5,5,5,F4 appendage,F4 appendage
arm4rep_s3004,d075,159,0,0,0,5,120.3,120.3,1189.0,1189.0,15.6,15.6,1,1,PASS,PASS
arm4rep_s3004,d124,170,0,0,0,6,0.0,0.0,0.0,0.0,15.9,15.9,1,1,F1 no cavity,F1 no cavity
arm4rep_s3004,d125,147,15,0,0,21,0.0,0.0,0.0,0.0,19.9,19.2,26,26,F1 no cavity,F1 no cavity
arm4rep_s3004,d126,164,18,0,0,23,0.0,0.0,0.0,0.0,19.6,19.0,31,31,F1 no cavity,F1 no cavity
arm4rep_s3004,d127,118,15,0,1,3,0.0,0.0,0.0,0.0,15.0,13.6,8,4,F1 no cavity,F1 no cavity
arm4rep_s3004,d132,196,4,0,0,20,0.0,0.0,0.0,0.0,18.2,18.0,8,8,F1 no cavity,F1 no cavity
arm4rep_s3004,d133,178,0,0,0,16,0.0,0.0,0.0,0.0,16.4,16.4,7,7,F1 no cavity,F1 no cavity
arm4rep_s3004,d134,173,6,0,0,12,0.0,0.0,0.0,0.0,16.6,15.9,13,13,F1 no cavity,F1 no cavity
arm4rep_s3004,d135,192,11,0,1,1,144.9,140.2,1309.0,1309.0,17.7,15.7,7,2,F4 appendage,PASS
arm3b3rasa_s3003,d084,207,52,18,0,4,0.0,0.0,0.0,0.0,25.5,13.5,8,2,F1 no cavity,F1 no cavity
arm3b3rasa_s3003,d085,222,59,23,1,2,152.7,98.7,1234.0,1234.0,23.5,14.4,21,1,F4 appendage,PASS
arm3b3rasa_s3003,d086,211,42,16,0,5,0.0,0.0,0.0,0.0,22.9,13.8,11,6,F1 no cavity,F1 no cavity
arm3b3rasa_s3003,d087,209,57,0,1,2,129.2,140.8,1200.1,1229.9,24.7,15.3,12,2,F4 appendage,PASS
arm3b3rasa_s3003,d016,222,51,14,1,3,155.1,91.6,1278.4,1292.8,25.1,15.1,18,2,F4 appendage,PASS
arm3b3rasa_s3003,d017,204,42,23,0,5,81.2,71.5,1345.4,1345.4,24.2,14.8,12,1,F4 appendage,PASS
arm3b3rasa_s3003,d018,235,51,6,1,2,0.0,0.0,0.0,0.0,26.8,14.8,11,3,F1 no cavity,F1 no cavity
arm3b3rasa_s3003,d019,211,65,1,1,2,0.0,0.0,0.0,0.0,24.0,13.7,8,3,F1 no cavity,F1 no cavity
arm4rep_s3004,d060,168,0,0,0,8,0.0,0.0,0.0,0.0,15.5,15.5,1,1,F1 no cavity,F1 no cavity
arm4rep_s3004,d061,190,12,0,0,16,89.2,116.4,1346.4,1346.2,19.4,17.9,6,4,F4 appendage,PASS
arm4rep_s3004,d062,83,10,4,0,9,0.0,0.0,0.0,0.0,15.8,14.1,9,5,F1 no cavity,F1 no cavity
arm4rep_s3004,d063,175,0,0,0,13,116.2,116.2,1234.9,1234.9,17.6,17.6,5,5,F4 appendage,F4 appendage
arm3b3rasa_s3003,d056,199,2,13,0,45,134.8,134.8,1164.5,1164.5,20.7,20.4,15,15,F2 envelope,F2 envelope
arm3b3rasa_s3003,d057,229,61,15,1,2,0.0,0.0,0.0,0.0,26.1,13.7,9,2,F1 no cavity,F1 no cavity
arm3b3rasa_s3003,d058,233,52,17,1,2,0.0,0.0,0.0,0.0,26.2,13.6,6,5,F1 no cavity,F1 no cavity
arm3b3rasa_s3003,d059,229,63,20,0,8,127.7,100.4,1296.1,1296.1,26.8,14.9,12,3,F4 appendage,PASS
arm3b3rasa_s3003,d068,209,53,9,1,2,76.7,58.1,1273.8,1273.8,26.2,15.1,9,1,F4 appendage,PASS
arm3b3rasa_s3003,d069,222,52,19,0,5,0.0,0.0,0.0,0.0,24.6,14.1,20,11,F1 no cavity,F1 no cavity
arm3b3rasa_s3003,d070,202,48,3,0,5,0.0,0.0,0.0,0.0,23.4,14.8,12,9,F1 no cavity,F1 no cavity
arm3b3rasa_s3003,d071,203,50,1,0,4,166.1,85.5,1167.0,1051.6,23.3,15.2,11,4,F2 envelope,F2 envelope
arm4rep_s3004,d032,159,0,0,0,5,187.1,187.1,1375.1,1375.1,16.0,16.0,1,1,PASS,PASS
arm4rep_s3004,d033,197,9,0,0,6,165.7,134.4,1207.8,1207.8,18.2,16.9,8,2,F4 appendage,PASS
arm4rep_s3004,d034,145,0,0,0,5,63.5,63.5,1228.1,1228.1,15.7,15.7,1,1,PASS,PASS
arm4rep_s3004,d035,123,1,4,0,9,0.0,0.0,0.0,0.0,14.9,14.7,6,5,F1 no cavity,F1 no cavity
arm4rep_s3004,d120,181,3,0,1,3,0.0,0.0,0.0,0.0,15.7,15.5,3,3,F1 no cavity,F1 no cavity
arm4rep_s3004,d121,168,0,0,0,8,83.4,83.4,1301.5,1301.5,16.4,16.4,1,1,PASS,PASS
arm4rep_s3004,d122,178,0,0,0,14,0.0,0.0,0.0,0.0,15.6,15.6,10,10,F1 no cavity,F1 no cavity
arm4rep_s3004,d123,154,0,0,0,7,144.1,144.1,1346.9,1346.9,16.4,16.4,1,1,PASS,PASS
arm3b3rasa_s3003,d048,211,62,11,1,3,131.5,100.9,1331.0,1317.0,26.1,14.5,13,3,F4 appendage,PASS
arm3b3rasa_s3003,d049,204,46,20,1,1,0.0,0.0,0.0,0.0,25.0,13.2,18,3,F1 no cavity,F1 no cavity
arm3b3rasa_s3003,d050,223,56,16,1,3,192.5,179.3,1129.2,1129.2,24.3,14.8,21,2,F2 envelope,F2 envelope
arm3b3rasa_s3003,d051,201,55,6,1,3,0.0,0.0,0.0,0.0,27.2,13.4,9,1,F1 no cavity,F1 no cavity
arm4rep_s3004,d004,189,13,2,0,6,164.2,87.3,1381.1,1381.1,18.9,16.6,4,2,PASS,PASS
arm4rep_s3004,d005,131,4,3,0,13,0.0,0.0,0.0,0.0,16.0,15.5,8,7,F1 no cavity,F1 no cavity
arm4rep_s3004,d006,206,12,2,0,19,0.0,0.0,0.0,0.0,19.3,18.0,28,28,F1 no cavity,F1 no cavity
arm4rep_s3004,d007,148,0,0,0,9,74.7,74.7,1358.4,1358.4,15.1,15.1,1,1,PASS,PASS
arm4rep_s3004,d116,168,2,0,0,10,0.0,0.0,0.0,0.0,16.4,16.1,1,1,F1 no cavity,F1 no cavity
arm4rep_s3004,d117,152,0,2,0,7,96.6,96.6,1337.1,1337.1,15.8,15.8,1,1,PASS,PASS
arm4rep_s3004,d118,199,6,0,0,18,0.0,0.0,0.0,0.0,18.5,18.1,28,28,F1 no cavity,F1 no cavity
arm4rep_s3004,d119,166,2,0,0,6,0.0,0.0,0.0,0.0,16.0,15.7,1,1,F1 no cavity,F1 no cavity
arm3b3rasa_s3003,d092,208,49,0,0,9,147.1,84.5,1102.5,1102.5,24.9,15.6,10,3,F2 envelope,F2 envelope
arm3b3rasa_s3003,d093,209,55,9,1,2,134.4,97.0,1274.0,1274.0,26.5,14.8,6,1,F4 appendage,PASS
arm3b3rasa_s3003,d094,204,53,1,0,5,0.0,0.0,0.0,0.0,24.6,14.7,11,1,F1 no cavity,F1 no cavity
arm3b3rasa_s3003,d095,165,3,17,0,4,97.6,149.5,1261.8,1261.8,17.1,14.5,18,2,F4 appendage,PASS
arm4rep_s3004,d084,168,0,2,0,6,138.9,138.9,1366.4,1366.2,16.2,16.2,1,1,PASS,PASS
arm4rep_s3004,d085,105,16,13,0,24,0.0,0.0,0.0,0.0,19.2,17.0,26,26,F1 no cavity,F1 no cavity
arm4rep_s3004,d086,157,5,23,0,7,0.0,0.0,0.0,0.0,18.9,14.7,26,7,F1 no cavity,F1 no cavity
arm4rep_s3004,d087,148,21,15,0,17,0.0,0.0,0.0,0.0,19.9,16.1,16,11,F1 no cavity,F1 no cavity
arm4rep_s3004,d080,160,0,11,0,9,110.8,108.9,1311.2,1311.2,17.3,16.2,12,2,F4 appendage,PASS
arm4rep_s3004,d081,182,0,0,0,21,0.0,0.0,0.0,0.0,17.5,17.5,16,16,F1 no cavity,F1 no cavity
arm4rep_s3004,d082,204,9,0,0,19,0.0,0.0,0.0,0.0,19.5,19.3,25,25,F1 no cavity,F1 no cavity
arm4rep_s3004,d083,177,2,1,0,8,0.0,0.0,0.0,0.0,17.4,17.2,5,5,F1 no cavity,F1 no cavity
arm3b3rasa_s3003,d008,197,40,17,1,2,98.3,103.5,1359.1,1359.1,26.8,14.8,5,1,F4 appendage,PASS
arm3b3rasa_s3003,d009,201,54,1,1,3,0.0,0.0,0.0,0.0,24.9,14.9,11,5,F1 no cavity,F1 no cavity
arm3b3rasa_s3003,d010,227,52,18,0,4,0.0,0.0,0.0,0.0,23.9,14.7,13,5,F1 no cavity,F1 no cavity
arm3b3rasa_s3003,d011,209,58,16,1,2,0.0,0.0,0.0,0.0,24.6,13.7,18,1,F1 no cavity,F1 no cavity
arm3b3rasa_s3003,d040,224,59,8,0,12,145.8,100.0,1291.5,1291.5,24.3,15.2,11,5,F4 appendage,F4 appendage
arm3b3rasa_s3003,d041,208,42,0,0,8,0.0,0.0,0.0,0.0,23.4,14.9,18,18,F1 no cavity,F1 no cavity
arm3b3rasa_s3003,d042,146,5,1,1,2,0.0,0.0,0.0,0.0,14.2,13.8,6,4,F1 no cavity,F1 no cavity
arm3b3rasa_s3003,d043,207,51,18,0,9,135.4,106.3,1264.1,1264.1,24.3,15.1,14,1,F4 appendage,PASS
arm3b3rasa_s3003,d064,214,64,1,1,2,0.0,0.0,0.0,0.0,24.3,13.6,12,7,F1 no cavity,F1 no cavity
arm3b3rasa_s3003,d065,228,16,13,0,35,0.0,0.0,0.0,0.0,22.1,20.0,18,9,F1 no cavity,F1 no cavity
arm3b3rasa_s3003,d066,237,61,14,0,4,0.0,0.0,0.0,0.0,24.1,14.1,15,4,F1 no cavity,F1 no cavity
arm3b3rasa_s3003,d067,209,12,5,0,46,214.7,104.5,1246.9,1246.9,23.0,22.7,13,12,F4 appendage,F4 appendage
arm4rep_s3004,d148,111,2,0,1,3,0.0,0.0,0.0,0.0,14.0,13.9,3,3,F1 no cavity,F1 no cavity
arm4rep_s3004,d149,186,1,5,0,4,0.0,0.0,0.0,0.0,15.9,15.3,6,2,F1 no cavity,F1 no cavity
arm4rep_s3004,d150,135,3,0,0,15,3.9,3.9,765.6,765.6,15.9,15.7,20,20,F2 envelope,F2 envelope
arm4rep_s3004,d151,164,0,0,1,3,0.0,0.0,0.0,0.0,14.0,14.0,2,2,F1 no cavity,F1 no cavity
arm4rep_s3004,d136,118,10,0,0,5,0.0,0.0,0.0,0.0,14.6,12.7,10,4,F1 no cavity,F1 no cavity
arm4rep_s3004,d137,166,10,0,0,4,140.4,79.3,1419.0,1419.0,17.9,16.3,7,2,F4 appendage,PASS
arm4rep_s3004,d138,135,13,0,0,19,0.0,0.0,0.0,0.0,18.2,17.7,8,8,F1 no cavity,F1 no cavity
arm4rep_s3004,d139,182,0,6,1,2,0.0,0.0,0.0,0.0,14.9,14.5,10,10,F1 no cavity,F1 no cavity
arm4rep_s3004,d100,196,5,0,0,19,0.0,0.0,0.0,0.0,17.6,17.5,27,27,F1 no cavity,F1 no cavity
arm4rep_s3004,d101,119,4,0,1,2,0.0,0.0,0.0,0.0,13.6,13.4,7,7,F1 no cavity,F1 no cavity
arm4rep_s3004,d102,165,0,0,0,17,0.0,0.0,0.0,0.0,16.0,16.0,6,6,F1 no cavity,F1 no cavity
arm4rep_s3004,d103,169,0,0,0,9,67.2,67.2,1340.5,1340.5,16.5,16.5,1,1,PASS,PASS
arm3b3rasa_s3003,d076,168,2,13,0,6,0.0,0.0,0.0,0.0,15.4,13.9,10,5,F1 no cavity,F1 no cavity
arm3b3rasa_s3003,d077,218,48,21,0,12,115.3,149.5,1248.6,1277.0,25.6,15.0,17,4,F4 appendage,PASS
arm3b3rasa_s3003,d078,224,52,16,1,2,0.0,0.0,0.0,0.0,26.2,14.2,7,4,F1 no cavity,F1 no cavity
arm3b3rasa_s3003,d079,194,40,5,1,2,0.0,0.0,0.0,0.0,24.6,14.3,16,5,F1 no cavity,F1 no cavity
arm4rep_s3004,d096,180,7,0,0,5,0.0,0.0,0.0,0.0,17.0,16.1,7,7,F1 no cavity,F1 no cavity
arm4rep_s3004,d097,212,10,0,0,19,0.0,0.0,0.0,0.0,18.7,18.1,9,9,F1 no cavity,F1 no cavity
arm4rep_s3004,d098,184,8,0,0,12,0.0,0.0,0.0,0.0,16.5,15.9,24,24,F1 no cavity,F1 no cavity
arm4rep_s3004,d099,184,14,0,0,10,0.0,0.0,0.0,0.0,18.7,16.3,10,1,F1 no cavity,F1 no cavity
arm4rep_s3004,d140,128,10,0,0,4,0.0,0.0,0.0,0.0,14.6,13.9,8,8,F1 no cavity,F1 no cavity
arm4rep_s3004,d141,178,1,0,0,13,0.0,0.0,0.0,0.0,17.3,17.3,6,6,F1 no cavity,F1 no cavity
arm4rep_s3004,d142,123,2,11,1,2,0.0,0.0,0.0,0.0,16.3,13.3,15,4,F1 no cavity,F1 no cavity
arm4rep_s3004,d143,145,0,0,1,2,141.0,141.0,1266.8,1266.8,15.6,15.6,1,1,PASS,PASS
arm4rep_s3004,d016,191,0,0,0,20,119.9,119.9,1164.5,1164.5,18.9,18.9,4,4,F2 envelope,F2 envelope
arm4rep_s3004,d017,149,22,19,1,2,0.0,0.0,0.0,0.0,18.9,13.1,9,3,F1 no cavity,F1 no cavity
arm4rep_s3004,d018,113,0,0,0,4,0.0,0.0,0.0,0.0,12.9,12.9,2,2,F1 no cavity,F1 no cavity
arm4rep_s3004,d019,189,1,0,0,19,0.0,0.0,0.0,0.0,17.4,17.3,27,27,F1 no cavity,F1 no cavity
arm4rep_s3004,d076,182,3,2,0,12,115.3,115.3,1337.9,1338.0,18.0,17.8,5,5,F4 appendage,F4 appendage
arm4rep_s3004,d077,203,16,6,1,2,0.0,0.0,0.0,0.0,17.6,14.9,9,9,F1 no cavity,F1 no cavity
arm4rep_s3004,d078,180,0,0,0,12,0.0,0.0,0.0,0.0,17.1,17.1,5,5,F1 no cavity,F1 no cavity
arm4rep_s3004,d079,136,15,11,0,4,0.0,0.0,0.0,0.0,17.3,13.2,16,5,F1 no cavity,F1 no cavity
arm4rep_s3004,d168,188,2,0,0,14,0.0,0.0,0.0,0.0,17.7,17.7,27,27,F1 no cavity,F1 no cavity
arm4rep_s3004,d169,158,0,0,0,5,294.8,294.8,1223.0,1223.0,15.5,15.5,1,1,PASS,PASS
arm4rep_s3004,d170,195,17,2,0,21,0.0,0.0,0.0,0.0,18.9,17.4,15,13,F1 no cavity,F1 no cavity
arm4rep_s3004,d171,148,5,0,0,22,0.0,0.0,0.0,0.0,18.1,18.1,10,10,F1 no cavity,F1 no cavity
arm4rep_s3004,d208,190,9,1,0,15,40.2,21.4,877.2,877.2,18.2,17.4,10,7,F2 envelope,F2 envelope
arm4rep_s3004,d209,166,0,0,0,4,0.0,0.0,0.0,0.0,16.7,16.7,10,10,F1 no cavity,F1 no cavity
arm4rep_s3004,d210,180,2,0,0,14,0.0,0.0,0.0,0.0,16.0,15.8,8,8,F1 no cavity,F1 no cavity
arm4rep_s3004,d211,165,0,0,0,10,0.0,0.0,0.0,0.0,15.5,15.5,4,4,F1 no cavity,F1 no cavity
arm3b3rasa_s3003,d052,219,64,12,1,3,185.8,97.4,1287.1,1287.1,25.9,14.6,16,1,F4 appendage,PASS
arm3b3rasa_s3003,d053,192,47,14,1,3,102.4,94.2,1226.9,1226.9,23.1,14.3,14,2,F4 appendage,PASS
arm3b3rasa_s3003,d054,188,42,15,0,4,176.9,97.8,1305.9,1305.9,26.5,14.4,15,0,F4 appendage,PASS
arm3b3rasa_s3003,d055,209,59,0,1,1,75.2,114.0,1227.0,1227.0,22.7,14.5,12,2,F4 appendage,PASS
arm4rep_s3004,d104,182,4,0,0,19,0.0,0.0,0.0,0.0,17.7,17.5,8,8,F1 no cavity,F1 no cavity
arm4rep_s3004,d105,189,2,0,0,18,30.9,30.9,891.2,891.2,19.4,19.4,20,20,F2 envelope,F2 envelope
arm4rep_s3004,d106,175,3,0,0,10,151.4,151.4,1364.4,1364.5,17.4,17.1,7,7,F4 appendage,F4 appendage
arm4rep_s3004,d107,198,1,0,0,19,0.0,0.0,0.0,0.0,17.5,17.5,25,25,F1 no cavity,F1 no cavity
arm4rep_s3004,d160,126,0,2,0,23,0.0,0.0,0.0,0.0,18.0,18.0,17,17,F1 no cavity,F1 no cavity
arm4rep_s3004,d161,128,3,19,1,3,0.0,0.0,0.0,0.0,16.5,12.7,8,2,F1 no cavity,F1 no cavity
arm4rep_s3004,d162,112,17,2,0,17,0.0,0.0,0.0,0.0,19.4,17.5,4,2,F1 no cavity,F1 no cavity
arm4rep_s3004,d163,173,2,1,1,2,0.0,0.0,0.0,0.0,15.2,14.9,5,5,F1 no cavity,F1 no cavity
arm4rep_s3004,d128,162,0,10,0,8,164.4,105.6,1333.6,1286.0,17.3,16.4,7,1,F4 appendage,PASS
arm4rep_s3004,d129,188,1,1,0,13,0.0,0.0,0.0,0.0,16.3,16.2,7,7,F1 no cavity,F1 no cavity
arm4rep_s3004,d130,155,16,17,0,4,0.0,0.0,0.0,0.0,20.6,14.3,20,3,F1 no cavity,F1 no cavity
arm4rep_s3004,d131,183,9,1,0,12,0.0,0.0,0.0,0.0,15.7,14.8,18,18,F1 no cavity,F1 no cavity
arm3b3rasa_s3003,d080,202,59,0,1,3,187.9,117.7,1082.9,1173.9,25.1,14.7,26,3,F2 envelope,F2 envelope
arm3b3rasa_s3003,d081,224,62,1,0,15,0.0,0.0,0.0,0.0,24.2,16.6,11,8,F1 no cavity,F1 no cavity
arm3b3rasa_s3003,d082,212,57,8,0,4,0.0,0.0,0.0,0.0,22.2,13.8,13,1,F1 no cavity,F1 no cavity
arm3b3rasa_s3003,d083,234,64,18,0,5,180.1,122.5,1171.4,1318.8,23.5,15.3,11,5,F2 envelope,F4 appendage
arm3b3rasa_s3003,d000,229,54,16,0,7,0.0,0.0,0.0,0.0,23.6,14.5,26,6,F1 no cavity,F1 no cavity
arm3b3rasa_s3003,d001,238,62,16,1,3,0.0,0.0,0.0,0.0,24.5,15.0,15,4,F1 no cavity,F1 no cavity
arm3b3rasa_s3003,d002,223,57,11,0,4,0.0,0.0,0.0,0.0,25.7,14.0,11,8,F1 no cavity,F1 no cavity
arm3b3rasa_s3003,d003,200,45,1,0,4,138.2,140.2,1122.5,1016.5,25.1,15.0,10,2,F2 envelope,F2 envelope
arm4rep_s3004,d184,197,6,0,0,10,0.0,0.0,0.0,0.0,17.5,16.9,6,3,F1 no cavity,F1 no cavity
arm4rep_s3004,d185,173,0,0,0,18,0.0,0.0,0.0,0.0,17.9,17.9,5,5,F1 no cavity,F1 no cavity
arm4rep_s3004,d186,180,0,0,1,3,128.7,128.7,1254.6,1254.6,16.3,16.3,1,1,PASS,PASS
arm4rep_s3004,d187,177,0,0,0,12,0.0,0.0,0.0,0.0,16.7,16.7,1,1,F1 no cavity,F1 no cavity
arm3b3rasa_s3003,d028,216,61,0,1,3,97.8,116.0,1196.9,1327.8,26.7,15.0,11,5,F4 appendage,F4 appendage
arm3b3rasa_s3003,d029,230,55,17,1,3,137.2,123.1,1106.4,1106.4,28.2,14.9,10,2,F2 envelope,F2 envelope
arm3b3rasa_s3003,d030,214,48,19,1,2,0.0,0.0,0.0,0.0,23.7,14.0,13,7,F1 no cavity,F1 no cavity
arm3b3rasa_s3003,d031,197,59,1,0,4,0.0,0.0,0.0,0.0,24.9,13.9,22,1,F1 no cavity,F1 no cavity
arm3b3rasa_s3003,d044,218,50,1,1,2,0.0,0.0,0.0,0.0,25.1,14.8,22,4,F1 no cavity,F1 no cavity
arm3b3rasa_s3003,d045,227,55,10,0,5,127.0,122.7,1207.8,1207.8,25.3,16.3,10,1,F4 appendage,PASS
arm3b3rasa_s3003,d046,218,0,1,0,47,75.8,75.8,1351.6,1351.6,24.8,24.8,17,17,F4 appendage,F4 appendage
arm3b3rasa_s3003,d047,220,61,8,1,3,116.2,62.0,1272.0,1121.2,24.3,15.1,16,1,F4 appendage,F2 envelope
arm3b3rasa_s3003,d004,237,58,1,1,3,0.0,0.0,0.0,0.0,29.4,14.7,8,2,F1 no cavity,F1 no cavity
arm3b3rasa_s3003,d005,217,56,3,0,12,0.0,28.9,0.0,1124.8,25.4,15.3,9,6,F1 no cavity,F2 envelope
arm3b3rasa_s3003,d006,207,48,0,1,3,171.1,79.9,1203.0,1023.0,27.8,15.4,14,2,F4 appendage,F2 envelope
arm3b3rasa_s3003,d007,198,48,11,1,3,152.3,84.5,1229.0,1247.0,23.7,14.4,24,2,F4 appendage,PASS
arm4rep_s3004,d088,180,8,0,0,8,0.0,0.0,0.0,0.0,17.4,16.5,10,10,F1 no cavity,F1 no cavity
arm4rep_s3004,d089,170,4,2,0,4,114.5,101.1,1313.1,1313.0,16.9,16.3,2,1,PASS,PASS
arm4rep_s3004,d090,190,8,1,0,7,0.0,0.0,0.0,0.0,17.2,16.4,8,8,F1 no cavity,F1 no cavity
arm4rep_s3004,d091,188,10,0,0,4,86.6,136.7,1348.2,1348.2,17.9,16.5,4,3,PASS,PASS
arm3b3rasa_s3003,d096,194,49,0,1,3,0.0,0.0,0.0,0.0,24.9,13.8,13,5,F1 no cavity,F1 no cavity
arm3b3rasa_s3003,d097,196,49,0,1,3,0.0,0.0,0.0,0.0,26.3,13.4,16,3,F1 no cavity,F1 no cavity
arm3b3rasa_s3003,d098,212,43,1,0,17,0.0,0.0,0.0,0.0,25.9,16.4,13,3,F1 no cavity,F1 no cavity
arm3b3rasa_s3003,d099,202,9,4,0,43,196.8,179.7,1237.8,1123.8,24.0,24.1,16,16,F4 appendage,F2 envelope
arm3b3rasa_s3003,d104,209,61,0,1,2,138.9,132.6,1178.9,1026.8,27.2,14.8,13,1,F2 envelope,F2 envelope
arm3b3rasa_s3003,d105,210,48,11,0,5,0.0,0.0,0.0,0.0,21.7,14.2,13,6,F1 no cavity,F1 no cavity
arm3b3rasa_s3003,d106,229,53,5,1,3,186.4,183.6,1091.6,1091.6,25.3,15.2,11,1,F2 envelope,F2 envelope
arm3b3rasa_s3003,d107,165,7,2,1,3,163.1,98.7,1252.4,1205.4,16.1,15.1,10,3,F4 appendage,PASS
arm4rep_s3004,d156,198,0,0,0,19,0.0,0.0,0.0,0.0,19.3,19.3,3,3,F1 no cavity,F1 no cavity
arm4rep_s3004,d157,183,0,1,0,12,0.0,0.0,0.0,0.0,15.3,15.2,12,12,F1 no cavity,F1 no cavity
arm4rep_s3004,d158,181,0,1,0,17,0.0,0.0,0.0,0.0,17.3,17.3,24,24,F1 no cavity,F1 no cavity
arm4rep_s3004,d159,177,4,1,0,21,0.0,0.0,0.0,0.0,18.3,18.3,30,30,F1 no cavity,F1 no cavity
arm3b3rasa_s3003,d116,204,57,0,1,3,73.7,119.2,1194.0,1194.0,25.1,14.9,17,4,F4 appendage,PASS
arm3b3rasa_s3003,d117,217,58,0,1,2,172.6,156.8,1209.8,1257.2,23.3,15.4,12,2,F4 appendage,PASS
arm3b3rasa_s3003,d118,177,11,13,0,10,0.0,0.0,0.0,0.0,17.2,15.0,10,4,F1 no cavity,F1 no cavity
arm3b3rasa_s3003,d119,218,1,8,0,55,0.0,0.0,0.0,0.0,24.0,24.1,10,10,F1 no cavity,F1 no cavity
arm4rep_s3004,d236,194,0,0,0,19,0.0,0.0,0.0,0.0,17.4,17.4,7,7,F1 no cavity,F1 no cavity
arm4rep_s3004,d237,129,2,8,1,2,0.0,0.0,0.0,0.0,14.6,12.8,9,5,F1 no cavity,F1 no cavity
arm4rep_s3004,d238,175,0,1,0,13,0.0,0.0,0.0,0.0,17.1,17.1,1,1,F1 no cavity,F1 no cavity
arm4rep_s3004,d239,126,1,0,0,16,0.0,0.0,0.0,0.0,16.8,16.8,7,7,F1 no cavity,F1 no cavity
arm4rep_s3004,d176,162,0,0,1,1,0.0,0.0,0.0,0.0,14.1,14.1,1,1,F1 no cavity,F1 no cavity
arm4rep_s3004,d177,176,0,0,0,8,0.0,0.0,0.0,0.0,14.9,14.9,7,7,F1 no cavity,F1 no cavity
arm4rep_s3004,d178,125,16,0,1,3,5.2,3.5,605.8,605.8,16.3,13.1,9,2,F2 envelope,F2 envelope
arm4rep_s3004,d179,112,4,7,0,10,0.0,0.0,0.0,0.0,15.7,13.8,8,1,F1 no cavity,F1 no cavity
arm3b3rasa_s3003,d024,208,48,16,1,2,0.0,0.0,0.0,0.0,25.6,13.7,16,2,F1 no cavity,F1 no cavity
arm3b3rasa_s3003,d025,202,45,19,1,3,16.4,23.5,1032.2,1032.2,24.8,14.0,19,7,F2 envelope,F2 envelope
arm3b3rasa_s3003,d026,177,49,0,0,4,95.0,95.3,1170.4,1170.4,22.9,14.1,17,2,F2 envelope,F2 envelope
arm3b3rasa_s3003,d027,220,56,2,0,6,98.3,116.4,1247.5,1247.5,25.6,15.5,15,4,F4 appendage,PASS
arm3b3rasa_s3003,d020,209,48,7,1,2,0.0,0.0,0.0,0.0,24.1,14.4,11,4,F1 no cavity,F1 no cavity
arm3b3rasa_s3003,d021,249,62,22,1,2,150.1,40.0,1266.4,1267.4,24.8,15.2,17,1,F4 appendage,PASS
arm3b3rasa_s3003,d022,209,52,10,0,24,71.3,92.2,1228.8,1228.8,23.0,15.9,13,1,F4 appendage,PASS
arm3b3rasa_s3003,d023,209,46,19,0,17,76.9,119.0,1155.0,1158.9,23.2,14.6,12,1,F2 envelope,F2 envelope
arm4rep_s3004,d152,115,5,7,0,7,0.0,0.0,0.0,0.0,14.8,13.1,11,4,F1 no cavity,F1 no cavity
arm4rep_s3004,d153,189,6,0,0,11,97.4,191.8,1297.6,1297.6,17.6,17.2,7,2,F4 appendage,PASS
arm4rep_s3004,d154,172,0,0,0,17,0.0,0.0,0.0,0.0,17.2,17.2,14,14,F1 no cavity,F1 no cavity
arm4rep_s3004,d155,160,0,0,0,4,157.2,157.2,1215.4,1215.4,15.8,15.8,1,1,PASS,PASS
arm4rep_s3004,d112,185,8,0,0,15,68.3,67.6,1198.2,1213.1,18.6,17.7,4,4,PASS,PASS
arm4rep_s3004,d113,175,2,0,0,14,21.2,67.4,674.5,685.5,17.4,17.3,20,20,F2 envelope,F2 envelope
arm4rep_s3004,d114,131,17,5,1,3,0.0,0.0,0.0,0.0,17.0,13.6,7,2,F1 no cavity,F1 no cavity
arm4rep_s3004,d115,90,0,13,0,29,0.0,0.0,0.0,0.0,16.4,16.4,1,0,F1 no cavity,F1 no cavity
arm4rep_s3004,d228,182,3,0,0,4,0.0,0.0,0.0,0.0,17.0,16.8,4,2,F1 no cavity,F1 no cavity
arm4rep_s3004,d229,182,0,1,0,10,0.0,0.0,0.0,0.0,17.6,17.6,1,1,F1 no cavity,F1 no cavity
arm4rep_s3004,d230,187,6,1,0,7,40.0,13.8,796.5,734.0,17.8,17.3,10,10,F2 envelope,F2 envelope
arm4rep_s3004,d231,174,0,0,0,21,0.0,0.0,0.0,0.0,17.5,17.5,29,29,F1 no cavity,F1 no cavity
arm4rep_s3004,d144,185,7,0,0,18,0.0,0.0,0.0,0.0,17.1,16.6,27,27,F1 no cavity,F1 no cavity
arm4rep_s3004,d145,190,12,0,0,14,28.7,30.2,514.8,488.4,17.6,15.9,22,22,F2 envelope,F2 envelope
arm4rep_s3004,d146,175,0,2,0,14,0.0,0.0,0.0,0.0,16.3,16.2,11,11,F1 no cavity,F1 no cavity
arm4rep_s3004,d147,195,2,1,1,2,0.0,0.0,0.0,0.0,16.4,16.2,7,7,F1 no cavity,F1 no cavity
arm4rep_s3004,d232,173,0,0,0,12,0.0,0.0,0.0,0.0,15.5,15.5,10,10,F1 no cavity,F1 no cavity
arm4rep_s3004,d233,185,7,2,0,10,0.0,0.0,0.0,0.0,18.2,17.4,8,1,F1 no cavity,F1 no cavity
arm4rep_s3004,d234,137,19,0,1,2,0.0,0.0,0.0,0.0,16.9,12.7,6,2,F1 no cavity,F1 no cavity
arm4rep_s3004,d235,190,4,1,0,16,0.0,0.0,0.0,0.0,16.3,15.9,6,6,F1 no cavity,F1 no cavity
arm4rep_s3004,d192,171,0,0,0,16,0.0,0.0,0.0,0.0,18.4,18.4,5,5,F1 no cavity,F1 no cavity
arm4rep_s3004,d193,184,2,2,1,2,0.0,0.0,0.0,0.0,15.4,15.1,1,1,F1 no cavity,F1 no cavity
arm4rep_s3004,d194,137,5,15,0,12,0.0,0.0,0.0,0.0,17.0,15.1,19,19,F1 no cavity,F1 no cavity
arm4rep_s3004,d195,166,0,0,0,21,0.0,0.0,0.0,0.0,17.7,17.7,25,25,F1 no cavity,F1 no cavity
arm4rep_s3004,d220,165,0,0,0,7,0.0,0.0,0.0,0.0,14.8,14.8,12,12,F1 no cavity,F1 no cavity
arm4rep_s3004,d221,172,0,0,0,21,0.0,0.0,0.0,0.0,16.4,16.4,20,20,F1 no cavity,F1 no cavity
arm4rep_s3004,d222,186,3,1,0,5,84.7,85.3,1339.8,1339.8,16.7,16.3,3,3,PASS,PASS
arm4rep_s3004,d223,108,11,0,1,2,0.0,0.0,0.0,0.0,15.4,13.4,4,0,F1 no cavity,F1 no cavity
arm4rep_s3004,d240,174,1,0,0,19,0.0,0.0,0.0,0.0,17.5,17.5,26,26,F1 no cavity,F1 no cavity
arm4rep_s3004,d241,118,12,2,0,4,0.0,0.0,0.0,0.0,14.8,13.6,4,2,F1 no cavity,F1 no cavity
arm4rep_s3004,d242,164,0,0,0,17,0.0,0.0,0.0,0.0,17.3,17.3,26,26,F1 no cavity,F1 no cavity
arm4rep_s3004,d243,97,21,12,0,23,0.0,0.0,0.0,0.0,21.9,15.3,9,0,F1 no cavity,F1 no cavity
arm4rep_s3004,d164,142,0,22,0,9,0.0,0.0,0.0,0.0,19.4,13.6,14,6,F1 no cavity,F1 no cavity
arm4rep_s3004,d165,193,14,1,0,9,106.7,149.9,1323.1,1323.1,19.4,16.8,4,2,PASS,PASS
arm4rep_s3004,d166,137,0,5,0,5,0.0,0.0,0.0,0.0,15.5,14.7,8,6,F1 no cavity,F1 no cavity
arm4rep_s3004,d167,120,15,4,0,12,0.0,0.0,0.0,0.0,16.1,15.4,3,3,F1 no cavity,F1 no cavity
arm4rep_s3004,d248,135,3,14,1,3,33.9,30.7,619.2,640.2,17.6,13.7,18,4,F2 envelope,F2 envelope
arm4rep_s3004,d249,186,6,0,1,3,0.0,0.0,0.0,0.0,16.4,16.0,9,9,F1 no cavity,F1 no cavity
arm4rep_s3004,d250,165,0,1,1,3,111.5,111.5,1312.8,1312.8,15.3,15.2,1,1,PASS,PASS
arm4rep_s3004,d251,104,24,14,0,7,0.0,0.0,0.0,0.0,20.7,13.2,8,1,F1 no cavity,F1 no cavity
arm4rep_s3004,d216,163,0,1,0,7,0.0,0.0,0.0,0.0,15.6,15.6,1,1,F1 no cavity,F1 no cavity
arm4rep_s3004,d217,183,1,1,0,20,0.0,0.0,0.0,0.0,18.3,18.3,32,32,F1 no cavity,F1 no cavity
arm4rep_s3004,d218,165,0,1,0,5,0.0,0.0,0.0,0.0,15.6,15.6,5,5,F1 no cavity,F1 no cavity
arm4rep_s3004,d219,182,0,0,0,14,80.1,80.1,1280.2,1280.2,18.4,18.4,8,8,F4 appendage,F4 appendage
arm4rep_s3004,d252,173,0,0,0,10,0.0,0.0,0.0,0.0,16.3,16.3,1,1,F1 no cavity,F1 no cavity
arm4rep_s3004,d253,175,0,5,0,8,0.0,9.9,0.0,501.1,14.8,14.4,8,8,F1 no cavity,F2 envelope
arm4rep_s3004,d254,193,0,0,0,17,0.0,0.0,0.0,0.0,16.3,16.3,17,17,F1 no cavity,F1 no cavity
arm4rep_s3004,d255,178,0,2,0,6,0.0,0.0,0.0,0.0,15.1,14.9,15,15,F1 no cavity,F1 no cavity
arm3b3rasa_s3003,d100,200,48,0,1,2,154.0,122.0,1048.4,1022.9,24.5,14.6,6,2,F2 envelope,F2 envelope
arm3b3rasa_s3003,d101,234,64,1,1,3,0.0,0.0,0.0,0.0,22.4,14.4,11,4,F1 no cavity,F1 no cavity
arm3b3rasa_s3003,d102,206,50,0,0,6,82.7,127.2,1357.6,1357.6,21.8,15.4,3,2,PASS,PASS
arm3b3rasa_s3003,d103,216,61,18,0,4,64.4,97.8,1330.6,1330.6,26.7,14.8,16,1,F4 appendage,PASS
arm4rep_s3004,d196,194,13,0,0,8,220.8,89.4,1314.2,1314.2,19.1,16.9,7,1,F4 appendage,PASS
arm4rep_s3004,d197,124,7,0,0,4,0.0,0.0,0.0,0.0,14.4,14.0,10,10,F1 no cavity,F1 no cavity
arm4rep_s3004,d198,191,13,1,0,8,0.0,0.0,0.0,0.0,18.5,16.6,7,7,F1 no cavity,F1 no cavity
arm4rep_s3004,d199,195,0,0,0,17,0.0,0.0,0.0,0.0,18.7,18.7,27,27,F1 no cavity,F1 no cavity
arm4rep_s3004,d204,167,0,1,0,4,0.0,0.0,0.0,0.0,16.0,15.9,1,1,F1 no cavity,F1 no cavity
arm4rep_s3004,d205,175,0,0,0,19,0.0,0.0,0.0,0.0,19.0,19.0,3,3,F1 no cavity,F1 no cavity
arm4rep_s3004,d206,183,2,0,0,18,0.0,0.0,0.0,0.0,18.0,17.9,26,26,F1 no cavity,F1 no cavity
arm4rep_s3004,d207,162,0,1,0,9,119.9,119.9,1154.4,1154.4,16.1,16.1,1,1,F2 envelope,F2 envelope
arm4rep_s3004,d180,134,12,18,1,3,5.6,7.1,658.9,658.9,18.1,13.2,7,0,F2 envelope,F2 envelope
arm4rep_s3004,d181,183,2,0,0,9,0.0,0.0,0.0,0.0,16.5,16.4,2,2,F1 no cavity,F1 no cavity
arm4rep_s3004,d182,126,0,6,0,4,0.0,0.0,0.0,0.0,14.4,13.7,7,3,F1 no cavity,F1 no cavity
arm4rep_s3004,d183,184,0,0,0,19,96.1,96.1,1326.6,1326.6,19.5,19.5,4,4,PASS,PASS
arm5long_s5001,d011,225,51,7,1,2,0.0,0.0,0.0,0.0,24.9,14.5,11,2,F1 no cavity,F1 no cavity
arm5long_s5001,d012,150,0,10,1,2,86.6,107.1,1330.2,1330.2,15.7,14.7,2,1,PASS,PASS
arm5long_s5001,d013,208,1,0,0,49,135.9,135.9,1157.6,1157.6,22.9,22.9,13,13,F2 envelope,F2 envelope
arm5long_s5001,d014,219,55,0,0,12,0.0,0.0,0.0,0.0,22.3,15.2,12,12,F1 no cavity,F1 no cavity
arm4rep_s3004,d212,174,0,2,1,2,0.0,0.0,0.0,0.0,15.0,14.9,7,7,F1 no cavity,F1 no cavity
arm4rep_s3004,d213,179,3,2,0,7,115.6,115.6,1339.9,1339.8,17.0,16.6,4,2,PASS,PASS
arm4rep_s3004,d214,126,5,21,1,2,0.0,0.0,0.0,0.0,20.7,13.0,16,1,F1 no cavity,F1 no cavity
arm4rep_s3004,d215,175,0,0,0,13,0.0,0.0,0.0,0.0,15.5,15.5,16,16,F1 no cavity,F1 no cavity
arm4rep_s3004,d172,133,0,4,1,3,0.0,0.0,0.0,0.0,13.9,13.3,6,6,F1 no cavity,F1 no cavity
arm4rep_s3004,d173,183,0,0,0,18,31.5,31.5,705.5,705.5,17.9,17.9,24,24,F2 envelope,F2 envelope
arm4rep_s3004,d174,170,0,1,1,2,49.5,49.5,935.1,935.1,16.0,16.0,1,1,F2 envelope,F2 envelope
arm4rep_s3004,d175,130,4,3,0,10,0.0,21.6,0.0,407.0,14.6,14.0,9,9,F1 no cavity,F2 envelope
arm4rep_s3004,d244,175,0,0,0,13,0.0,0.0,0.0,0.0,16.1,16.1,9,9,F1 no cavity,F1 no cavity
arm4rep_s3004,d245,180,4,0,0,6,158.5,140.8,1324.2,1324.2,17.1,16.7,1,1,PASS,PASS
arm4rep_s3004,d246,175,0,0,0,6,0.0,0.0,0.0,0.0,17.5,17.5,9,9,F1 no cavity,F1 no cavity
arm4rep_s3004,d247,194,3,10,0,21,0.0,0.0,0.0,0.0,18.4,18.0,27,27,F1 no cavity,F1 no cavity
arm4rep_s3004,d224,170,0,0,1,1,0.0,0.0,0.0,0.0,14.5,14.5,3,3,F1 no cavity,F1 no cavity
arm4rep_s3004,d225,190,1,3,0,16,0.0,0.0,0.0,0.0,17.6,17.5,11,11,F1 no cavity,F1 no cavity
arm4rep_s3004,d226,187,6,0,0,7,25.3,26.6,823.8,823.8,16.6,16.2,2,1,F2 envelope,F2 envelope
arm4rep_s3004,d227,186,1,5,0,4,129.6,148.6,1138.4,1202.1,16.5,16.2,11,7,F2 envelope,F4 appendage
arm4rep_s3004,d188,165,0,0,1,3,122.7,122.7,1119.9,1119.9,16.1,16.1,4,4,F2 envelope,F2 envelope
arm4rep_s3004,d189,184,11,0,0,5,0.0,0.0,0.0,0.0,17.7,16.0,4,4,F1 no cavity,F1 no cavity
arm4rep_s3004,d190,188,12,0,1,2,116.6,112.3,1325.2,1325.2,18.5,16.3,8,1,F4 appendage,PASS
arm4rep_s3004,d191,180,4,13,0,13,0.0,0.0,0.0,0.0,18.5,17.3,21,21,F1 no cavity,F1 no cavity
arm4rep_s3004,d200,123,25,1,0,4,5.8,4.8,821.5,924.8,18.9,12.9,11,2,F2 envelope,F2 envelope
arm4rep_s3004,d201,177,7,0,0,18,0.0,0.0,0.0,0.0,16.9,16.6,12,12,F1 no cavity,F1 no cavity
arm4rep_s3004,d202,154,16,23,1,2,0.0,0.0,0.0,0.0,20.7,13.4,17,7,F1 no cavity,F1 no cavity
arm4rep_s3004,d203,159,0,1,0,10,107.6,107.6,1330.2,1330.1,16.2,16.2,1,1,PASS,PASS
arm5long_s5001,d071,155,3,1,0,4,0.0,0.0,0.0,0.0,14.3,14.1,3,1,F1 no cavity,F1 no cavity
arm5long_s5001,d072,193,42,17,0,9,73.2,132.6,1238.9,1253.2,24.5,14.8,15,1,F4 appendage,PASS
arm5long_s5001,d073,209,45,0,0,5,0.0,0.0,0.0,0.0,24.9,15.2,11,4,F1 no cavity,F1 no cavity
arm5long_s5001,d074,227,55,15,1,2,0.0,0.0,0.0,0.0,24.1,14.5,10,10,F1 no cavity,F1 no cavity
arm5long_s5001,d015,195,47,5,0,6,0.0,0.0,0.0,0.0,24.6,14.1,21,2,F1 no cavity,F1 no cavity
arm5long_s5001,d016,211,47,5,0,4,0.0,0.0,0.0,0.0,25.0,14.5,12,1,F1 no cavity,F1 no cavity
arm5long_s5001,d017,224,65,14,1,3,0.0,0.0,0.0,0.0,24.6,13.7,9,1,F1 no cavity,F1 no cavity
arm5long_s5001,d018,239,59,14,1,2,0.0,0.0,0.0,0.0,23.8,14.4,15,6,F1 no cavity,F1 no cavity
arm5long_s5001,d083,219,52,0,0,6,0.0,0.0,0.0,0.0,20.4,14.3,8,8,F1 no cavity,F1 no cavity
arm5long_s5001,d084,185,46,1,0,4,0.0,0.0,0.0,0.0,25.1,13.7,11,2,F1 no cavity,F1 no cavity
arm5long_s5001,d085,234,62,18,1,3,0.0,0.0,0.0,0.0,28.1,14.1,10,1,F1 no cavity,F1 no cavity
arm5long_s5001,d086,222,54,8,0,9,0.0,0.0,0.0,0.0,23.4,13.9,15,15,F1 no cavity,F1 no cavity
arm5long_s5001,d035,230,65,16,1,2,0.0,0.0,0.0,0.0,24.5,13.8,6,1,F1 no cavity,F1 no cavity
arm5long_s5001,d036,210,61,1,0,4,0.0,0.0,0.0,0.0,24.3,13.7,8,2,F1 no cavity,F1 no cavity
arm5long_s5001,d037,175,9,6,0,7,0.0,0.0,0.0,0.0,15.8,14.7,9,1,F1 no cavity,F1 no cavity
arm5long_s5001,d038,222,49,0,0,6,0.0,0.0,0.0,0.0,21.8,14.8,13,6,F1 no cavity,F1 no cavity
arm4rep_s3004,d256,165,0,0,0,14,23.5,23.5,936.8,936.8,17.9,17.9,8,8,F2 envelope,F2 envelope
arm4rep_s3004,d257,166,0,1,1,3,115.8,115.8,1320.1,1320.1,15.1,15.0,1,1,PASS,PASS
arm4rep_s3004,d258,172,7,0,0,6,0.0,0.0,0.0,0.0,15.5,15.0,16,16,F1 no cavity,F1 no cavity
arm4rep_s3004,d259,179,0,3,0,9,0.0,0.0,0.0,0.0,15.6,15.5,1,1,F1 no cavity,F1 no cavity
arm3b3rasa_s3003,d060,229,59,15,1,2,186.6,187.3,1198.0,1158.4,25.4,15.1,6,2,F4 appendage,F2 envelope
arm3b3rasa_s3003,d061,214,58,0,0,9,0.0,0.0,0.0,0.0,22.2,13.8,11,8,F1 no cavity,F1 no cavity
arm3b3rasa_s3003,d062,203,42,11,1,2,90.5,96.8,1169.8,1169.8,26.8,14.9,15,1,F2 envelope,F2 envelope
arm3b3rasa_s3003,d063,196,0,8,0,49,76.0,76.0,1325.9,1325.9,25.3,25.6,15,15,F4 appendage,F4 appendage
arm4rep_s3004,d260,172,5,0,0,4,69.1,124.0,1174.0,1269.4,16.7,16.0,2,1,F2 envelope,PASS
arm5long_s5001,d000,222,63,18,1,2,0.0,0.0,0.0,0.0,22.9,13.7,16,4,F1 no cavity,F1 no cavity
arm5long_s5001,d001,218,58,0,0,4,0.0,0.0,0.0,0.0,23.5,14.9,16,3,F1 no cavity,F1 no cavity
arm5long_s5001,d002,224,63,3,1,2,78.0,75.0,1077.9,1078.0,23.3,14.9,13,6,F2 envelope,F2 envelope
arm5long_s5001,d143,184,45,0,0,6,0.0,0.0,0.0,0.0,24.9,13.8,18,1,F1 no cavity,F1 no cavity
arm5long_s5001,d144,225,56,2,0,4,0.0,0.0,0.0,0.0,24.1,15.1,18,2,F1 no cavity,F1 no cavity
arm5long_s5001,d145,226,58,16,0,4,0.0,0.0,0.0,0.0,23.3,14.3,18,4,F1 no cavity,F1 no cavity
arm5long_s5001,d146,224,64,0,1,2,0.0,0.0,0.0,0.0,22.2,14.0,9,9,F1 no cavity,F1 no cavity
arm5long_s5001,d183,217,49,6,0,4,0.0,0.0,0.0,0.0,23.8,14.6,22,12,F1 no cavity,F1 no cavity
arm5long_s5001,d184,226,40,18,1,2,0.0,0.0,0.0,0.0,26.3,14.8,13,1,F1 no cavity,F1 no cavity
arm5long_s5001,d185,212,56,13,1,3,84.5,90.9,1203.1,1203.1,22.5,15.1,18,6,F4 appendage,F4 appendage
arm5long_s5001,d186,218,37,22,1,2,0.0,0.0,0.0,0.0,24.7,14.4,18,2,F1 no cavity,F1 no cavity
arm5long_s5001,d055,205,59,17,1,2,0.0,0.0,0.0,0.0,24.2,13.4,18,1,F1 no cavity,F1 no cavity
arm5long_s5001,d056,212,49,0,0,8,0.0,0.0,0.0,0.0,22.9,14.4,43,2,F1 no cavity,F1 no cavity
arm5long_s5001,d057,200,44,12,1,2,0.0,0.0,0.0,0.0,25.3,14.1,17,5,F1 no cavity,F1 no cavity
arm5long_s5001,d058,225,57,0,0,5,0.0,0.0,0.0,0.0,24.8,14.8,11,1,F1 no cavity,F1 no cavity
arm5long_s5001,d095,178,15,17,1,2,0.0,0.0,0.0,0.0,18.5,14.0,11,11,F1 no cavity,F1 no cavity
arm5long_s5001,d096,218,50,11,1,3,106.5,103.5,1330.8,1320.4,25.2,15.3,9,4,F4 appendage,PASS
arm5long_s5001,d097,173,6,4,0,4,0.0,0.0,0.0,0.0,16.2,15.2,12,6,F1 no cavity,F1 no cavity
arm5long_s5001,d098,202,47,16,1,1,0.0,0.0,0.0,0.0,24.7,13.3,7,2,F1 no cavity,F1 no cavity
arm5long_s5001,d135,208,48,20,1,3,0.0,0.0,0.0,0.0,25.2,13.5,9,2,F1 no cavity,F1 no cavity
arm5long_s5001,d136,212,50,11,1,2,125.5,112.3,1110.6,1110.6,24.0,14.6,25,4,F2 envelope,F2 envelope
arm5long_s5001,d137,213,0,17,0,56,0.0,0.0,0.0,0.0,24.6,24.5,13,13,F1 no cavity,F1 no cavity
arm5long_s5001,d138,207,57,3,1,3,0.0,0.0,0.0,0.0,23.5,13.8,9,6,F1 no cavity,F1 no cavity
arm5long_s5001,d063,204,47,12,1,2,0.0,0.0,0.0,0.0,24.6,14.2,8,5,F1 no cavity,F1 no cavity
arm5long_s5001,d064,227,50,0,1,3,0.0,0.0,0.0,0.0,22.0,15.2,6,5,F1 no cavity,F1 no cavity
arm5long_s5001,d065,207,53,10,0,6,0.0,0.0,0.0,0.0,21.0,13.7,14,14,F1 no cavity,F1 no cavity
arm5long_s5001,d066,224,1,19,0,53,0.0,0.0,0.0,0.0,25.8,24.5,18,11,F1 no cavity,F1 no cavity
arm5long_s5001,d247,221,52,11,1,3,0.0,0.0,0.0,0.0,22.3,14.7,10,4,F1 no cavity,F1 no cavity
arm5long_s5001,d248,197,47,0,0,8,0.0,0.0,0.0,0.0,26.3,14.6,12,12,F1 no cavity,F1 no cavity
arm5long_s5001,d249,172,19,8,1,3,0.0,0.0,0.0,0.0,19.2,14.1,11,11,F1 no cavity,F1 no cavity
arm5long_s5001,d250,213,56,3,0,8,0.0,0.0,0.0,0.0,24.1,15.0,9,4,F1 no cavity,F1 no cavity
arm5long_s5001,d067,207,51,0,0,6,0.0,0.0,0.0,0.0,20.4,14.2,16,16,F1 no cavity,F1 no cavity
arm5long_s5001,d068,212,0,0,0,53,0.0,0.0,0.0,0.0,24.3,24.3,12,12,F1 no cavity,F1 no cavity
arm5long_s5001,d069,214,59,13,1,2,0.0,0.0,0.0,0.0,24.7,13.3,22,1,F1 no cavity,F1 no cavity
arm5long_s5001,d070,199,57,0,1,3,0.0,0.0,0.0,0.0,28.5,13.7,16,3,F1 no cavity,F1 no cavity
arm3b3rasa_s3003,d108,211,52,18,0,5,127.9,78.8,1279.9,1279.9,24.5,14.9,19,1,F4 appendage,PASS
arm3b3rasa_s3003,d109,214,63,0,1,3,97.4,170.9,1097.5,1097.5,25.0,14.7,8,2,F2 envelope,F2 envelope
arm3b3rasa_s3003,d110,226,52,18,0,6,116.9,97.2,1253.2,1206.9,26.6,15.4,18,3,F4 appendage,PASS
arm3b3rasa_s3003,d111,223,51,15,1,3,156.6,106.5,1221.5,1221.5,24.4,15.3,14,3,F4 appendage,PASS
arm5long_s5001,d099,223,64,3,0,17,0.0,0.0,0.0,0.0,22.6,15.5,16,8,F1 no cavity,F1 no cavity
arm5long_s5001,d100,227,57,1,1,3,0.0,0.0,0.0,0.0,24.9,14.7,12,1,F1 no cavity,F1 no cavity
arm5long_s5001,d101,225,65,7,1,2,108.9,199.8,1257.5,1252.8,24.8,14.9,24,3,F4 appendage,PASS
arm5long_s5001,d102,215,54,15,1,3,0.0,0.0,0.0,0.0,24.3,13.8,12,2,F1 no cavity,F1 no cavity
arm5long_s5001,d075,218,45,9,1,3,0.0,0.0,0.0,0.0,24.9,14.7,14,1,F1 no cavity,F1 no cavity
arm5long_s5001,d076,197,47,0,1,2,0.0,0.0,0.0,0.0,26.2,14.5,21,7,F1 no cavity,F1 no cavity
arm5long_s5001,d077,222,61,5,1,3,0.0,0.0,0.0,0.0,24.0,14.6,9,4,F1 no cavity,F1 no cavity
arm5long_s5001,d078,193,42,0,0,8,138.5,75.8,1367.2,1367.2,23.9,15.5,7,4,F4 appendage,PASS
arm5long_s5001,d039,238,67,2,0,4,0.0,0.0,0.0,0.0,26.2,14.7,19,3,F1 no cavity,F1 no cavity
arm5long_s5001,d040,229,57,15,1,2,0.0,0.0,0.0,0.0,24.1,13.8,11,5,F1 no cavity,F1 no cavity
arm5long_s5001,d041,209,57,0,1,2,119.9,98.5,1254.2,1254.2,23.6,15.0,8,1,F4 appendage,PASS
arm5long_s5001,d042,201,51,0,1,2,81.2,148.8,1276.2,1270.5,24.8,14.9,21,2,F4 appendage,PASS
arm5long_s5001,d179,206,50,0,1,2,0.0,0.0,0.0,0.0,23.0,13.8,17,8,F1 no cavity,F1 no cavity
arm5long_s5001,d180,199,15,11,0,32,151.2,64.8,1316.8,1356.2,22.5,19.7,19,15,F4 appendage,F4 appendage
arm5long_s5001,d181,223,53,16,1,3,0.0,0.0,0.0,0.0,22.3,14.0,16,3,F1 no cavity,F1 no cavity
arm5long_s5001,d182,199,47,7,1,2,0.0,0.0,0.0,0.0,22.8,13.3,26,3,F1 no cavity,F1 no cavity
arm5long_s5001,d003,234,56,0,1,2,0.0,0.0,0.0,0.0,23.7,16.3,8,5,F1 no cavity,F1 no cavity
arm5long_s5001,d004,197,38,0,1,1,82.1,161.1,1289.0,1289.0,26.0,15.1,6,2,F4 appendage,PASS
arm5long_s5001,d005,211,59,5,0,6,0.0,0.0,0.0,0.0,23.1,14.8,7,2,F1 no cavity,F1 no cavity
arm5long_s5001,d006,242,66,0,0,15,0.0,0.0,0.0,0.0,24.8,16.0,20,2,F1 no cavity,F1 no cavity
arm5long_s5001,d127,211,47,18,1,1,34.1,20.3,865.6,846.6,25.0,13.4,8,6,F2 envelope,F2 envelope
arm5long_s5001,d128,214,46,0,1,3,0.0,0.0,0.0,0.0,24.2,14.5,15,5,F1 no cavity,F1 no cavity
arm5long_s5001,d129,215,66,8,0,4,0.0,0.0,0.0,0.0,24.2,13.7,13,4,F1 no cavity,F1 no cavity
arm5long_s5001,d130,216,47,11,1,3,0.0,0.0,0.0,0.0,24.5,14.4,11,6,F1 no cavity,F1 no cavity
arm5long_s5001,d027,205,50,12,1,2,63.9,19.7,919.2,919.2,22.7,14.0,19,1,F2 envelope,F2 envelope
arm5long_s5001,d028,221,57,16,1,2,0.0,0.0,0.0,0.0,24.2,13.9,14,2,F1 no cavity,F1 no cavity
arm5long_s5001,d029,232,42,18,1,3,117.3,81.6,1262.5,1262.5,22.4,14.9,17,2,F4 appendage,PASS
arm5long_s5001,d030,214,45,14,0,15,103.5,128.5,1264.1,1264.1,22.9,15.9,18,3,F4 appendage,PASS
arm5long_s5001,d019,215,60,0,0,8,67.8,66.7,1238.0,1238.0,24.2,14.9,8,4,F4 appendage,PASS
arm5long_s5001,d020,211,48,22,1,1,0.0,0.0,0.0,0.0,24.6,13.3,11,3,F1 no cavity,F1 no cavity
arm5long_s5001,d021,221,52,0,1,3,0.0,0.0,0.0,0.0,21.5,14.6,10,3,F1 no cavity,F1 no cavity
arm5long_s5001,d022,216,62,0,1,2,188.1,107.8,1076.2,1088.1,24.9,14.9,11,2,F2 envelope,F2 envelope
arm5long_s5001,d111,225,54,16,0,5,0.0,0.0,0.0,0.0,22.2,13.9,17,3,F1 no cavity,F1 no cavity
arm5long_s5001,d112,232,65,18,1,3,0.0,0.0,0.0,0.0,24.1,13.4,10,8,F1 no cavity,F1 no cavity
arm5long_s5001,d113,237,8,13,0,50,0.0,0.0,0.0,0.0,23.8,23.8,9,6,F1 no cavity,F1 no cavity
arm5long_s5001,d114,212,51,12,1,2,150.8,120.5,1201.0,1201.0,24.3,14.7,20,4,F4 appendage,PASS
arm5long_s5001,d207,204,48,8,0,5,0.0,0.0,0.0,0.0,21.4,14.1,14,5,F1 no cavity,F1 no cavity
arm5long_s5001,d208,222,48,12,1,3,0.0,0.0,0.0,0.0,24.4,14.6,6,3,F1 no cavity,F1 no cavity
arm5long_s5001,d209,204,47,11,1,3,0.0,0.0,0.0,0.0,26.5,13.6,7,2,F1 no cavity,F1 no cavity
arm5long_s5001,d210,207,48,5,1,3,0.0,0.0,0.0,0.0,22.7,14.0,24,2,F1 no cavity,F1 no cavity
arm5long_s5001,d239,215,44,11,1,2,0.0,0.0,0.0,0.0,24.0,14.8,17,1,F1 no cavity,F1 no cavity
arm5long_s5001,d240,207,47,16,1,3,0.0,0.0,0.0,0.0,22.4,13.0,12,4,F1 no cavity,F1 no cavity
arm5long_s5001,d241,211,52,0,1,2,0.0,0.0,0.0,0.0,22.1,14.1,6,2,F1 no cavity,F1 no cavity
arm5long_s5001,d242,219,41,19,1,3,0.0,0.0,0.0,0.0,24.2,14.2,9,1,F1 no cavity,F1 no cavity
arm5long_s5001,d119,217,59,0,1,3,92.2,103.7,1359.5,1359.5,26.1,14.8,10,0,F4 appendage,PASS
arm5long_s5001,d120,215,58,3,0,4,0.0,0.0,0.0,0.0,23.7,14.2,17,1,F1 no cavity,F1 no cavity
arm5long_s5001,d121,188,43,17,0,4,84.2,125.3,1356.8,1309.8,22.8,14.2,11,2,F4 appendage,PASS
arm5long_s5001,d122,200,53,1,1,2,0.0,0.0,0.0,0.0,22.0,14.4,15,2,F1 no cavity,F1 no cavity
arm5long_s5001,d043,235,60,0,0,6,80.8,90.9,1242.4,1244.1,26.8,15.7,11,4,F4 appendage,PASS
arm5long_s5001,d044,225,54,16,1,2,0.0,0.0,0.0,0.0,25.3,14.4,9,3,F1 no cavity,F1 no cavity
arm5long_s5001,d045,231,61,22,0,4,0.0,0.0,0.0,0.0,24.1,14.3,7,4,F1 no cavity,F1 no cavity
arm5long_s5001,d046,208,50,16,1,2,0.0,0.0,0.0,0.0,24.1,13.9,15,1,F1 no cavity,F1 no cavity
arm5long_s5001,d031,208,54,7,1,3,124.6,85.5,1259.0,1259.0,25.7,14.6,16,9,F4 appendage,F4 appendage
arm5long_s5001,d032,214,50,13,1,2,227.7,101.1,1204.2,1204.2,22.4,14.7,16,2,F4 appendage,PASS
arm5long_s5001,d033,229,55,17,1,1,0.0,0.0,0.0,0.0,26.7,14.1,20,4,F1 no cavity,F1 no cavity
arm5long_s5001,d034,229,64,0,1,2,0.0,0.0,0.0,0.0,25.4,14.5,22,1,F1 no cavity,F1 no cavity
arm5long_s5001,d007,219,62,15,0,4,225.7,78.4,1209.1,1324.5,25.4,14.3,25,2,F4 appendage,PASS
arm5long_s5001,d008,216,46,11,0,6,60.5,103.5,1163.6,1132.0,24.0,15.7,15,6,F2 envelope,F2 envelope
arm5long_s5001,d009,202,47,0,1,2,0.0,0.0,0.0,0.0,27.8,14.6,18,5,F1 no cavity,F1 no cavity
arm5long_s5001,d010,220,66,22,0,6,78.0,76.2,1275.6,1275.6,25.7,14.5,9,0,F4 appendage,PASS
arm5long_s5001,d275,215,61,0,1,2,0.0,0.0,0.0,0.0,22.9,14.2,12,1,F1 no cavity,F1 no cavity
arm5long_s5001,d276,207,46,0,0,16,0.0,0.0,0.0,0.0,23.2,15.5,14,14,F1 no cavity,F1 no cavity
arm5long_s5001,d277,215,51,18,1,3,0.0,0.0,0.0,0.0,23.9,14.0,17,6,F1 no cavity,F1 no cavity
arm5long_s5001,d278,195,47,19,1,2,0.0,0.0,0.0,0.0,26.2,13.3,10,0,F1 no cavity,F1 no cavity
arm5long_s5001,d059,232,63,18,1,2,143.9,134.1,1292.0,1347.2,25.4,14.7,11,4,F4 appendage,PASS
arm5long_s5001,d060,211,50,4,1,3,6.0,19.2,618.0,459.4,24.6,14.0,16,6,F2 envelope,F2 envelope
arm5long_s5001,d061,215,48,12,1,2,0.0,0.0,0.0,0.0,23.3,14.8,19,2,F1 no cavity,F1 no cavity
arm5long_s5001,d062,215,67,0,0,5,132.8,129.2,1222.5,1222.5,22.9,14.8,10,5,F4 appendage,F4 appendage
arm5long_s5001,d079,200,51,2,0,18,221.6,161.1,1063.6,1063.6,25.0,15.4,19,5,F2 envelope,F2 envelope
arm5long_s5001,d080,245,61,15,1,3,0.0,0.0,0.0,0.0,27.6,15.4,20,2,F1 no cavity,F1 no cavity
arm5long_s5001,d081,213,0,11,0,54,0.0,0.0,0.0,0.0,24.8,25.0,14,14,F1 no cavity,F1 no cavity
arm5long_s5001,d082,219,53,5,0,17,0.0,0.0,0.0,0.0,23.0,16.2,10,7,F1 no cavity,F1 no cavity
arm5long_s5001,d235,224,2,4,0,47,0.0,0.0,0.0,0.0,19.7,19.7,13,13,F1 no cavity,F1 no cavity
arm5long_s5001,d236,166,3,3,0,4,0.0,0.0,0.0,0.0,14.4,14.1,6,6,F1 no cavity,F1 no cavity
arm5long_s5001,d237,209,61,2,1,2,0.0,0.0,0.0,0.0,23.4,13.9,7,1,F1 no cavity,F1 no cavity
arm5long_s5001,d238,197,47,0,1,1,65.4,69.8,1254.6,1254.6,24.8,14.7,8,3,F4 appendage,PASS
arm5long_s5001,d123,205,49,3,1,2,121.8,189.6,1120.2,1282.6,27.4,15.2,11,1,F2 envelope,PASS
arm5long_s5001,d124,215,46,2,1,3,0.0,0.0,0.0,0.0,27.1,14.6,10,1,F1 no cavity,F1 no cavity
arm5long_s5001,d125,216,56,20,1,2,194.6,65.0,1282.8,1282.8,27.4,14.2,16,2,F4 appendage,PASS
arm5long_s5001,d126,216,63,15,0,21,76.9,99.4,1283.8,1283.8,26.5,14.7,11,1,F4 appendage,PASS
arm5long_s5001,d203,213,57,2,0,7,0.0,0.0,0.0,0.0,23.1,14.1,13,2,F1 no cavity,F1 no cavity
arm5long_s5001,d204,222,63,0,0,6,0.0,0.0,0.0,0.0,25.1,14.8,7,1,F1 no cavity,F1 no cavity
arm5long_s5001,d205,208,47,19,1,3,0.0,0.0,0.0,0.0,23.5,13.2,22,3,F1 no cavity,F1 no cavity
arm5long_s5001,d206,229,55,16,1,3,0.0,0.0,0.0,0.0,23.8,14.9,21,1,F1 no cavity,F1 no cavity
arm5long_s5001,d271,201,50,0,1,3,0.0,0.0,0.0,0.0,24.6,14.5,26,2,F1 no cavity,F1 no cavity
arm5long_s5001,d272,224,61,2,1,2,0.0,0.0,0.0,0.0,25.0,14.9,16,2,F1 no cavity,F1 no cavity
arm5long_s5001,d273,218,52,1,0,4,0.0,0.0,0.0,0.0,29.2,14.6,10,1,F1 no cavity,F1 no cavity
arm5long_s5001,d274,221,50,20,1,3,0.0,0.0,0.0,0.0,25.6,14.4,19,1,F1 no cavity,F1 no cavity
arm5long_s5001,d139,202,47,0,1,2,74.3,86.2,1118.4,1118.4,23.9,14.7,16,2,F2 envelope,F2 envelope
arm5long_s5001,d140,208,51,4,1,3,230.0,165.7,1173.2,1173.2,23.4,14.6,15,5,F2 envelope,F2 envelope
arm5long_s5001,d141,224,53,2,1,3,0.0,0.0,0.0,0.0,21.7,15.0,10,7,F1 no cavity,F1 no cavity
arm5long_s5001,d142,229,46,17,1,3,96.3,138.0,1067.9,1041.2,23.9,15.1,24,4,F2 envelope,F2 envelope
arm5long_s5001,d255,222,51,18,0,5,0.0,0.0,0.0,0.0,27.4,14.1,19,5,F1 no cavity,F1 no cavity
arm5long_s5001,d256,215,50,3,0,6,0.0,0.0,0.0,0.0,24.4,14.4,19,7,F1 no cavity,F1 no cavity
arm5long_s5001,d257,205,52,0,0,7,0.0,0.0,0.0,0.0,23.3,14.5,15,3,F1 no cavity,F1 no cavity
arm5long_s5001,d258,213,59,8,1,2,0.0,0.0,0.0,0.0,23.8,14.8,11,4,F1 no cavity,F1 no cavity
arm5long_s5001,d131,204,49,15,1,2,0.0,0.0,0.0,0.0,25.8,13.5,17,1,F1 no cavity,F1 no cavity
arm5long_s5001,d132,197,56,0,1,2,85.1,84.0,1222.0,1222.0,25.6,14.4,16,2,F4 appendage,PASS
arm5long_s5001,d133,216,47,20,1,3,0.0,0.0,0.0,0.0,23.0,13.8,17,17,F1 no cavity,F1 no cavity
arm5long_s5001,d134,210,53,2,1,2,134.8,95.0,1286.8,1286.8,23.2,14.8,18,3,F4 appendage,PASS
arm5long_s5001,d163,213,58,10,1,2,0.0,0.0,0.0,0.0,25.2,13.7,10,3,F1 no cavity,F1 no cavity
arm5long_s5001,d164,218,62,13,0,8,86.8,67.2,1108.8,1108.8,27.2,14.5,18,5,F2 envelope,F2 envelope
arm5long_s5001,d165,215,47,17,0,5,0.0,0.0,0.0,0.0,25.1,14.5,25,2,F1 no cavity,F1 no cavity
arm5long_s5001,d166,211,44,7,0,5,0.0,0.0,0.0,0.0,22.6,14.4,20,4,F1 no cavity,F1 no cavity
arm5long_s5001,d087,216,58,0,1,2,167.4,84.9,1111.8,1111.8,26.6,15.1,7,2,F2 envelope,F2 envelope
arm5long_s5001,d088,201,52,0,0,5,199.8,157.0,1137.0,1133.0,26.3,15.2,10,4,F2 envelope,F2 envelope
arm5long_s5001,d089,224,45,10,1,3,0.0,0.0,0.0,0.0,24.4,14.6,10,2,F1 no cavity,F1 no cavity
arm5long_s5001,d090,209,46,14,1,1,0.0,0.0,0.0,0.0,22.7,13.7,10,5,F1 no cavity,F1 no cavity
arm5long_s5001,d227,218,60,16,1,2,0.0,0.0,0.0,0.0,22.8,14.0,13,6,F1 no cavity,F1 no cavity
arm5long_s5001,d228,205,53,13,1,1,0.0,0.0,0.0,0.0,23.9,13.7,32,3,F1 no cavity,F1 no cavity
arm5long_s5001,d229,199,49,12,0,5,0.0,0.0,0.0,0.0,24.2,13.5,13,4,F1 no cavity,F1 no cavity
arm5long_s5001,d230,205,51,0,1,3,113.0,138.2,1266.4,1266.4,24.8,15.2,23,3,F4 appendage,PASS
arm5long_s5001,d195,188,55,7,0,17,146.0,81.4,1272.5,1272.5,24.1,15.2,8,1,F4 appendage,PASS
arm5long_s5001,d196,229,63,21,1,2,69.1,68.3,1177.1,1177.1,24.8,14.3,19,2,F2 envelope,F2 envelope
arm5long_s5001,d197,222,65,2,1,3,0.0,0.0,0.0,0.0,23.4,14.2,7,4,F1 no cavity,F1 no cavity
arm5long_s5001,d198,229,53,11,0,9,0.0,0.0,0.0,0.0,24.1,14.9,13,2,F1 no cavity,F1 no cavity
arm5long_s5001,d047,228,56,20,1,2,18.4,0.0,644.0,0.0,25.1,14.0,20,2,F2 envelope,F1 no cavity
arm5long_s5001,d048,218,15,4,0,47,0.0,0.0,0.0,0.0,22.8,22.1,14,14,F1 no cavity,F1 no cavity
arm5long_s5001,d049,216,51,5,1,2,101.3,102.6,1241.6,1241.6,27.0,14.7,17,2,F4 appendage,PASS
arm5long_s5001,d050,206,44,0,1,3,0.0,0.0,0.0,0.0,24.1,14.4,12,2,F1 no cavity,F1 no cavity
arm5long_s5001,d259,222,57,20,0,7,0.0,0.0,0.0,0.0,26.1,14.2,12,1,F1 no cavity,F1 no cavity
arm5long_s5001,d260,212,51,17,1,1,0.0,0.0,0.0,0.0,24.3,13.6,18,1,F1 no cavity,F1 no cavity
arm5long_s5001,d261,209,54,11,0,5,0.0,0.0,0.0,0.0,25.0,13.3,12,5,F1 no cavity,F1 no cavity
arm5long_s5001,d262,215,66,14,1,2,0.0,0.0,0.0,0.0,23.8,13.7,7,4,F1 no cavity,F1 no cavity
arm5long_s5001,d219,227,45,16,0,4,101.7,86.8,1258.8,1258.8,23.6,16.0,17,5,F4 appendage,F4 appendage
arm5long_s5001,d220,191,2,0,0,45,0.0,0.0,0.0,0.0,23.5,23.6,18,18,F1 no cavity,F1 no cavity
arm5long_s5001,d221,218,63,5,0,5,0.0,0.0,0.0,0.0,23.7,14.5,11,2,F1 no cavity,F1 no cavity
arm5long_s5001,d222,210,53,17,1,2,96.6,97.4,1144.9,1099.8,23.4,14.3,19,2,F2 envelope,F2 envelope
arm5long_s5001,d211,228,58,14,1,3,0.0,0.0,0.0,0.0,26.6,14.4,10,1,F1 no cavity,F1 no cavity
arm5long_s5001,d212,187,43,0,1,3,92.4,105.2,1188.4,1112.2,21.4,14.9,17,1,F4 appendage,F2 envelope
arm5long_s5001,d213,222,59,17,1,3,0.0,0.0,0.0,0.0,24.4,14.5,17,13,F1 no cavity,F1 no cavity
arm5long_s5001,d214,224,59,11,0,4,0.0,0.0,0.0,0.0,23.0,13.8,14,4,F1 no cavity,F1 no cavity
arm5long_s5001,d279,216,59,19,1,3,154.0,106.5,1032.5,1107.4,26.3,14.4,12,3,F2 envelope,F2 envelope
arm5long_s5001,d280,216,58,11,1,2,0.0,0.0,0.0,0.0,24.8,13.8,11,3,F1 no cavity,F1 no cavity
arm5long_s5001,d281,191,18,15,1,3,0.0,0.0,0.0,0.0,19.9,13.7,9,5,F1 no cavity,F1 no cavity
arm5long_s5001,d282,212,54,1,1,2,0.0,0.0,0.0,0.0,22.3,14.3,10,2,F1 no cavity,F1 no cavity
arm5long_s5001,d051,198,58,0,1,3,84.9,176.5,1265.9,1265.9,24.5,14.6,11,1,F4 appendage,PASS
arm5long_s5001,d052,196,43,2,0,5,75.4,69.3,1260.4,1105.4,23.8,14.9,10,3,F4 appendage,F2 envelope
arm5long_s5001,d053,204,0,13,0,42,0.0,0.0,0.0,0.0,23.0,22.8,20,20,F1 no cavity,F1 no cavity
arm5long_s5001,d054,210,52,9,0,4,0.0,0.0,0.0,0.0,23.2,14.6,17,4,F1 no cavity,F1 no cavity
arm5long_s5001,d215,209,53,0,1,3,0.0,0.0,0.0,0.0,21.9,14.0,9,5,F1 no cavity,F1 no cavity
arm5long_s5001,d216,209,56,2,1,2,89.9,76.5,1239.1,1239.1,24.7,14.9,10,1,F4 appendage,PASS
arm5long_s5001,d217,201,47,20,1,1,0.0,0.0,0.0,0.0,25.2,13.3,8,0,F1 no cavity,F1 no cavity
arm5long_s5001,d218,192,44,0,0,11,141.5,81.0,1218.2,1218.2,23.4,15.3,17,4,F4 appendage,PASS
arm5long_s5001,d091,212,48,5,0,5,116.4,81.4,1247.0,1247.0,24.9,15.2,13,1,F4 appendage,PASS
arm5long_s5001,d092,225,61,18,1,2,66.7,65.0,1206.8,1193.4,23.8,14.9,11,1,F4 appendage,PASS
arm5long_s5001,d093,200,44,17,1,2,146.9,117.5,1166.8,1179.6,24.0,14.3,23,6,F2 envelope,F2 envelope
arm5long_s5001,d094,218,58,0,0,10,0.0,0.0,0.0,0.0,22.3,15.3,10,1,F1 no cavity,F1 no cavity
arm5long_s5001,d155,207,60,0,1,2,103.5,66.7,1266.1,1266.1,23.8,14.9,10,2,F4 appendage,PASS
arm5long_s5001,d156,179,48,0,0,9,86.2,107.4,1226.2,1226.2,22.3,14.4,10,1,F4 appendage,PASS
arm5long_s5001,d157,207,50,2,0,4,63.1,58.8,1243.6,1215.2,26.4,15.0,11,4,F4 appendage,PASS
arm5long_s5001,d158,225,56,15,1,3,70.8,91.2,1259.6,1259.6,25.1,15.4,10,1,F4 appendage,PASS
arm5long_s5001,d175,216,54,9,0,8,71.7,97.8,1251.9,1251.9,26.5,16.0,18,1,F4 appendage,PASS
arm5long_s5001,d176,229,59,10,1,3,80.1,92.2,1248.8,1259.6,27.1,15.0,19,9,F4 appendage,F4 appendage
arm5long_s5001,d177,215,55,20,1,3,0.0,0.0,0.0,0.0,23.6,14.0,13,6,F1 no cavity,F1 no cavity
arm5long_s5001,d178,228,59,21,0,11,80.6,99.4,1245.1,1245.1,25.3,15.6,14,9,F4 appendage,F4 appendage
arm5long_s5001,d167,207,58,0,1,3,202.4,115.1,1213.8,1213.8,23.6,14.4,17,4,F4 appendage,PASS
arm5long_s5001,d168,200,50,11,1,2,20.1,0.0,558.5,0.0,22.7,13.8,10,1,F2 envelope,F1 no cavity
arm5long_s5001,d169,237,66,4,0,4,0.0,0.0,0.0,0.0,26.1,14.6,3,3,F1 no cavity,F1 no cavity
arm5long_s5001,d170,199,52,10,1,3,0.0,0.0,0.0,0.0,27.0,13.8,6,3,F1 no cavity,F1 no cavity
arm5long_s5001,d115,217,54,4,1,2,0.0,0.0,0.0,0.0,24.0,14.6,7,1,F1 no cavity,F1 no cavity
arm5long_s5001,d116,226,60,13,1,2,0.0,0.0,0.0,0.0,23.9,13.9,10,3,F1 no cavity,F1 no cavity
arm5long_s5001,d117,201,4,4,0,44,71.1,71.1,1100.0,1100.0,23.8,23.9,18,18,F2 envelope,F2 envelope
arm5long_s5001,d118,205,49,5,1,2,0.0,0.0,0.0,0.0,23.3,13.5,8,2,F1 no cavity,F1 no cavity
arm5long_s5001,d107,197,49,0,1,3,0.0,0.0,0.0,0.0,22.9,13.9,23,2,F1 no cavity,F1 no cavity
arm5long_s5001,d108,206,56,17,0,21,123.3,131.3,1251.6,1251.6,25.5,15.8,10,2,F4 appendage,PASS
arm5long_s5001,d109,215,63,1,1,2,117.1,88.1,1053.6,1053.6,27.6,15.4,13,2,F2 envelope,F2 envelope
arm5long_s5001,d110,159,57,1,1,1,0.0,0.0,0.0,0.0,26.3,12.5,9,8,F1 no cavity,F1 no cavity
arm5long_s5001,d171,228,53,19,1,1,0.0,0.0,0.0,0.0,22.9,14.2,10,4,F1 no cavity,F1 no cavity
arm5long_s5001,d172,219,47,17,1,2,0.0,0.0,0.0,0.0,24.9,15.1,8,1,F1 no cavity,F1 no cavity
arm5long_s5001,d173,207,50,0,0,5,68.9,114.9,1269.0,1269.0,27.8,14.8,29,3,F4 appendage,PASS
arm5long_s5001,d174,207,53,10,0,7,91.4,79.1,1272.2,1272.2,23.7,14.6,8,1,F4 appendage,PASS
arm5long_s5001,d231,213,61,9,1,2,89.2,88.8,1206.1,1206.1,23.7,14.5,37,1,F4 appendage,PASS
arm5long_s5001,d232,195,55,0,0,5,66.5,98.9,1227.8,1227.8,24.1,15.2,25,3,F4 appendage,PASS
arm5long_s5001,d233,231,63,1,1,3,0.0,0.0,0.0,0.0,24.0,14.4,8,4,F1 no cavity,F1 no cavity
arm5long_s5001,d234,202,50,4,1,3,0.0,0.0,0.0,0.0,23.3,14.5,11,3,F1 no cavity,F1 no cavity
arm5long_s5001,d023,207,52,1,0,8,184.7,178.8,1263.8,1263.8,25.2,15.1,3,3,F6 Rg,PASS
arm5long_s5001,d024,217,65,2,0,4,90.3,90.3,1252.1,1252.1,24.2,15.1,10,2,F4 appendage,PASS
arm5long_s5001,d025,233,68,20,0,15,121.0,187.9,1260.8,1260.8,24.9,16.0,10,10,F4 appendage,F4 appendage
arm5long_s5001,d026,209,63,5,1,3,70.8,145.2,1282.4,1282.4,22.1,14.4,18,0,F4 appendage,PASS
arm5long_s5001,d147,220,52,0,1,2,160.5,109.7,1152.0,1301.5,27.4,15.5,11,2,F2 envelope,PASS
arm5long_s5001,d148,212,62,11,1,2,109.5,155.5,1250.6,1264.9,25.2,14.4,18,1,F4 appendage,PASS
arm5long_s5001,d149,223,47,14,0,4,0.0,0.0,0.0,0.0,26.0,14.0,9,2,F1 no cavity,F1 no cavity
arm5long_s5001,d150,206,45,0,0,11,0.0,0.0,0.0,0.0,24.6,15.0,11,4,F1 no cavity,F1 no cavity
arm5long_s5001,d243,224,52,0,0,10,0.0,0.0,0.0,0.0,25.8,15.5,9,3,F1 no cavity,F1 no cavity
arm5long_s5001,d244,211,41,12,0,6,0.0,0.0,0.0,0.0,23.6,15.3,13,2,F1 no cavity,F1 no cavity
arm5long_s5001,d245,203,47,19,0,5,210.2,117.3,1132.9,1201.9,26.6,15.0,16,2,F2 envelope,PASS
arm5long_s5001,d246,226,54,6,0,6,0.0,0.0,0.0,0.0,24.4,14.9,10,1,F1 no cavity,F1 no cavity
arm5long_s5001,d263,204,0,1,0,49,0.0,0.0,0.0,0.0,22.6,22.6,9,9,F1 no cavity,F1 no cavity
arm5long_s5001,d264,217,47,14,1,2,0.0,0.0,0.0,0.0,24.3,14.5,10,7,F1 no cavity,F1 no cavity
arm5long_s5001,d265,203,43,1,1,3,0.0,0.0,0.0,0.0,24.5,14.7,10,1,F1 no cavity,F1 no cavity
arm5long_s5001,d266,208,58,0,1,2,159.2,118.6,1047.9,1047.9,23.5,14.9,13,1,F2 envelope,F2 envelope
arm5long_s5001,d287,187,42,0,1,2,0.0,0.0,0.0,0.0,22.3,13.8,17,4,F1 no cavity,F1 no cavity
arm5long_s5001,d288,212,62,16,1,2,144.9,74.7,1284.0,1284.0,25.7,14.4,10,1,F4 appendage,PASS
arm5long_s5001,d289,213,62,9,1,2,97.0,97.8,1201.8,1200.1,28.8,14.6,8,1,F4 appendage,PASS
arm5long_s5001,d290,202,53,1,0,10,50.1,68.7,1227.4,1151.1,23.3,16.3,19,1,F4 appendage,F2 envelope
arm5long_s5001,d411,216,44,0,1,2,0.0,0.0,0.0,0.0,24.3,14.7,11,4,F1 no cavity,F1 no cavity
arm5long_s5001,d412,167,12,8,1,2,0.0,0.0,0.0,0.0,16.5,14.1,9,2,F1 no cavity,F1 no cavity
arm5long_s5001,d413,201,53,4,1,1,0.0,0.0,0.0,0.0,25.0,13.7,9,3,F1 no cavity,F1 no cavity
arm5long_s5001,d414,229,56,21,0,5,137.4,138.5,1169.5,1169.5,26.1,14.9,10,4,F2 envelope,F2 envelope
arm5long_s5001,d159,169,8,19,1,2,173.0,79.9,1258.9,1258.9,19.3,14.4,11,3,F4 appendage,PASS
arm5long_s5001,d160,209,48,2,1,1,102.6,103.2,1343.2,1324.6,29.6,14.8,18,2,F4 appendage,PASS
arm5long_s5001,d161,224,56,5,0,6,0.0,0.0,0.0,0.0,26.0,14.7,11,6,F1 no cavity,F1 no cavity
arm5long_s5001,d162,193,45,3,1,2,49.9,108.6,1352.8,1352.8,27.8,14.9,9,1,F4 appendage,PASS
arm5long_s5001,d103,214,63,0,0,7,156.4,159.8,1291.1,1291.1,25.8,15.6,21,1,F4 appendage,PASS
arm5long_s5001,d104,219,60,0,0,6,174.5,82.5,1267.5,1145.4,24.4,15.0,13,3,F4 appendage,F2 envelope
arm5long_s5001,d105,208,63,2,1,2,53.1,42.1,1223.9,1008.6,23.1,14.5,16,4,F4 appendage,F2 envelope
arm5long_s5001,d106,202,52,1,0,4,121.4,161.8,1266.5,1266.5,25.9,14.8,17,2,F4 appendage,PASS
arm5long_s5001,d267,213,54,10,0,7,141.5,129.4,1266.4,1280.1,21.4,14.9,8,3,F4 appendage,PASS
arm5long_s5001,d268,213,55,0,1,2,138.7,133.3,1248.6,1248.6,26.2,14.9,11,1,F4 appendage,PASS
arm5long_s5001,d269,207,51,15,0,5,0.0,0.0,0.0,0.0,26.4,13.8,5,2,F1 no cavity,F1 no cavity
arm5long_s5001,d270,207,46,3,0,24,0.0,0.0,0.0,0.0,24.0,17.4,13,4,F1 no cavity,F1 no cavity
arm5long_s5001,d303,223,49,13,0,4,0.0,0.0,0.0,0.0,23.2,14.9,18,6,F1 no cavity,F1 no cavity
arm5long_s5001,d304,120,49,0,0,15,0.0,0.0,0.0,0.0,26.9,11.6,11,5,F1 no cavity,F1 no cavity
arm5long_s5001,d305,207,47,6,0,11,0.0,0.0,0.0,0.0,22.9,14.5,8,8,F1 no cavity,F1 no cavity
arm5long_s5001,d306,220,50,13,1,2,0.0,0.0,0.0,0.0,21.6,14.5,18,5,F1 no cavity,F1 no cavity
arm5long_s5001,d251,209,55,2,1,2,64.6,127.0,1055.4,1072.8,28.3,14.7,10,1,F2 envelope,F2 envelope
arm5long_s5001,d252,200,58,1,1,2,0.0,0.0,0.0,0.0,25.2,13.8,11,3,F1 no cavity,F1 no cavity
arm5long_s5001,d253,204,47,19,1,2,109.9,95.5,1176.4,1185.9,23.5,14.2,8,3,F2 envelope,PASS
arm5long_s5001,d254,200,48,15,0,6,60.5,96.6,1250.6,1250.6,25.0,15.3,18,2,F4 appendage,PASS
arm5long_s5001,d367,222,54,6,1,3,0.0,0.0,0.0,0.0,21.2,14.1,9,9,F1 no cavity,F1 no cavity
arm5long_s5001,d368,227,65,14,1,1,0.0,0.0,0.0,0.0,23.9,13.2,20,6,F1 no cavity,F1 no cavity
arm5long_s5001,d369,218,52,21,1,3,105.8,126.4,1213.9,1213.9,25.8,14.5,14,3,F4 appendage,PASS
arm5long_s5001,d370,204,45,2,1,2,157.0,110.2,1242.0,1242.0,26.7,15.4,11,4,F4 appendage,PASS
arm5long_s5001,d315,198,49,0,1,2,0.0,0.0,0.0,0.0,25.1,13.9,3,3,F1 no cavity,F1 no cavity
arm5long_s5001,d316,234,61,22,0,8,0.0,0.0,0.0,0.0,25.6,14.2,13,9,F1 no cavity,F1 no cavity
arm5long_s5001,d317,220,56,0,1,1,89.2,79.9,1144.1,1221.9,24.1,15.4,13,4,F2 envelope,PASS
arm5long_s5001,d318,228,65,19,1,2,0.0,0.0,0.0,0.0,27.2,14.1,7,6,F1 no cavity,F1 no cavity
arm5long_s5001,d383,211,55,10,1,2,0.0,0.0,0.0,0.0,24.5,14.3,9,4,F1 no cavity,F1 no cavity
arm5long_s5001,d384,228,57,12,1,1,144.3,119.4,1082.0,1129.0,26.4,15.4,14,5,F2 envelope,F2 envelope
arm5long_s5001,d385,223,66,7,1,2,0.0,0.0,0.0,0.0,22.4,13.3,10,7,F1 no cavity,F1 no cavity
arm5long_s5001,d386,209,47,17,0,4,0.0,0.0,0.0,0.0,22.1,13.6,19,9,F1 no cavity,F1 no cavity
arm5long_s5001,d443,230,47,20,1,2,0.0,0.0,0.0,0.0,24.2,13.9,11,5,F1 no cavity,F1 no cavity
arm5long_s5001,d444,213,58,15,1,3,0.0,0.0,0.0,0.0,25.4,13.6,9,1,F1 no cavity,F1 no cavity
arm5long_s5001,d445,218,49,15,0,5,0.0,0.0,0.0,0.0,23.8,13.8,18,8,F1 no cavity,F1 no cavity
arm5long_s5001,d446,210,66,8,0,24,201.5,142.8,1173.8,1160.9,25.5,15.5,11,1,F2 envelope,F2 envelope
arm5long_s5001,d151,227,55,13,0,4,157.9,125.7,1111.1,1111.1,23.7,15.3,21,2,F2 envelope,F2 envelope
arm5long_s5001,d152,211,48,19,1,2,117.9,126.8,1135.4,1135.4,25.9,14.8,7,1,F2 envelope,F2 envelope
arm5long_s5001,d153,230,59,11,1,2,0.0,0.0,0.0,0.0,23.0,13.8,11,5,F1 no cavity,F1 no cavity
arm5long_s5001,d154,201,45,2,0,4,210.6,80.4,1310.6,1300.4,23.5,15.8,9,1,F4 appendage,PASS
arm5long_s5001,d187,217,49,14,1,3,94.6,53.8,1053.6,1053.6,24.5,14.8,11,1,F2 envelope,F2 envelope
arm5long_s5001,d188,212,51,19,1,3,122.9,103.2,1359.6,1359.6,23.7,14.9,11,0,F4 appendage,PASS
arm5long_s5001,d189,232,50,8,0,4,0.0,0.0,0.0,0.0,25.0,14.4,8,2,F1 no cavity,F1 no cavity
arm5long_s5001,d190,219,56,17,0,10,66.7,71.5,1207.2,1207.2,24.8,15.4,11,2,F4 appendage,PASS
arm5long_s5001,d291,218,61,0,1,2,177.3,81.9,1287.8,1276.8,23.9,15.3,17,3,F4 appendage,PASS
arm5long_s5001,d292,212,51,11,1,1,0.0,0.0,0.0,0.0,26.7,14.1,7,1,F1 no cavity,F1 no cavity
arm5long_s5001,d293,214,50,0,0,4,0.0,0.0,0.0,0.0,24.4,14.7,20,6,F1 no cavity,F1 no cavity
arm5long_s5001,d294,210,53,15,0,5,185.1,153.4,1209.1,1209.1,22.2,14.8,15,4,F4 appendage,PASS
arm5long_s5001,d319,224,50,8,0,4,0.0,0.0,0.0,0.0,23.3,15.6,13,4,F1 no cavity,F1 no cavity
arm5long_s5001,d320,221,65,3,1,3,0.0,0.0,0.0,0.0,24.9,14.3,9,4,F1 no cavity,F1 no cavity
arm5long_s5001,d321,208,58,2,0,12,100.2,114.7,1198.5,1198.5,26.0,15.6,17,2,F4 appendage,PASS
arm5long_s5001,d322,215,47,10,0,7,0.0,0.0,0.0,0.0,20.5,13.7,12,6,F1 no cavity,F1 no cavity
arm5long_s5001,d347,224,61,3,0,4,0.0,0.0,0.0,0.0,24.6,14.3,14,1,F1 no cavity,F1 no cavity
arm5long_s5001,d348,213,54,21,1,3,135.0,86.2,1268.9,1268.9,24.7,14.7,25,2,F4 appendage,PASS
arm5long_s5001,d349,228,64,17,1,1,0.0,0.0,0.0,0.0,23.4,13.6,12,3,F1 no cavity,F1 no cavity
arm5long_s5001,d350,219,60,0,1,3,123.1,130.0,1214.4,1214.4,26.9,15.0,5,3,F4 appendage,PASS
arm5long_s5001,d311,172,16,1,0,4,0.0,0.0,0.0,0.0,16.4,13.8,9,9,F1 no cavity,F1 no cavity
arm5long_s5001,d312,205,46,0,1,2,79.5,160.1,1238.6,1238.6,23.1,15.2,20,7,F4 appendage,F4 appendage
arm5long_s5001,d313,218,53,20,0,21,179.9,125.7,1159.9,1159.9,22.6,15.3,17,1,F2 envelope,F2 envelope
arm5long_s5001,d314,215,47,0,1,3,61.6,0.0,876.2,0.0,24.3,14.8,13,1,F2 envelope,F1 no cavity
arm5long_s5001,d327,225,0,14,0,54,0.0,0.0,0.0,0.0,23.6,23.5,11,11,F1 no cavity,F1 no cavity
arm5long_s5001,d328,221,64,13,1,3,0.0,0.0,0.0,0.0,21.8,13.4,15,4,F1 no cavity,F1 no cavity
arm5long_s5001,d329,219,57,12,1,1,0.0,0.0,0.0,0.0,22.2,13.9,19,1,F1 no cavity,F1 no cavity
arm5long_s5001,d330,203,48,12,0,6,77.5,87.7,1118.4,1135.2,23.0,14.9,10,1,F2 envelope,F2 envelope
arm5long_s5001,d199,197,45,0,0,7,202.4,103.7,1182.2,1182.2,27.9,15.2,12,1,F2 envelope,F2 envelope
arm5long_s5001,d200,213,39,21,1,3,125.9,130.2,1356.6,1254.1,25.5,15.0,9,2,F4 appendage,PASS
arm5long_s5001,d201,198,0,1,0,46,0.0,0.0,0.0,0.0,24.5,24.5,22,22,F1 no cavity,F1 no cavity
arm5long_s5001,d202,209,53,0,0,4,86.8,69.1,1233.2,1233.2,25.4,15.5,15,3,F4 appendage,PASS
arm5long_s5001,d355,207,53,8,0,4,129.2,158.5,1256.2,1256.2,23.7,14.7,24,2,F4 appendage,PASS
arm5long_s5001,d356,214,53,18,1,3,69.8,99.6,1035.2,1026.6,23.2,14.6,10,2,F2 envelope,F2 envelope
arm5long_s5001,d357,163,9,0,0,9,0.0,0.0,0.0,0.0,16.1,14.6,11,2,F1 no cavity,F1 no cavity
arm5long_s5001,d358,224,58,7,0,5,0.0,0.0,0.0,0.0,24.1,14.6,6,3,F1 no cavity,F1 no cavity
arm5long_s5001,d191,212,46,0,1,2,0.0,0.0,0.0,0.0,26.0,14.6,13,2,F1 no cavity,F1 no cavity
arm5long_s5001,d192,222,54,15,0,4,112.3,69.8,1031.2,1041.9,24.4,15.5,15,3,F2 envelope,F2 envelope
arm5long_s5001,d193,207,50,1,0,6,190.3,105.4,1288.1,1288.1,24.2,15.2,20,1,F4 appendage,PASS
arm5long_s5001,d194,217,5,10,0,41,193.5,193.3,1170.4,1170.5,24.1,24.3,20,20,F2 envelope,F2 envelope
arm5long_s5001,d507,225,58,20,1,2,0.0,0.0,0.0,0.0,23.7,13.9,13,8,F1 no cavity,F1 no cavity
arm5long_s5001,d508,204,53,0,0,7,0.0,0.0,0.0,0.0,22.1,14.2,23,5,F1 no cavity,F1 no cavity
arm5long_s5001,d509,204,53,2,0,5,0.0,0.0,0.0,0.0,25.4,14.0,16,4,F1 no cavity,F1 no cavity
arm5long_s5001,d510,227,57,17,1,3,76.7,88.8,1102.2,1086.4,24.9,14.8,14,3,F2 envelope,F2 envelope
arm5long_s5001,d295,220,53,0,1,2,44.1,122.5,1289.5,1289.5,24.7,15.2,13,4,F4 appendage,PASS
arm5long_s5001,d296,228,3,18,0,52,0.0,0.0,0.0,0.0,22.8,22.4,17,14,F1 no cavity,F1 no cavity
arm5long_s5001,d297,198,49,4,1,3,0.0,0.0,0.0,0.0,23.8,13.9,23,3,F1 no cavity,F1 no cavity
arm5long_s5001,d298,212,61,5,1,3,108.4,66.1,1281.8,1281.8,25.2,14.8,16,1,F4 appendage,PASS
arm5long_s5001,d223,229,65,0,0,6,0.0,0.0,0.0,0.0,24.1,15.3,16,4,F1 no cavity,F1 no cavity
arm5long_s5001,d224,213,56,0,1,2,133.1,112.3,1032.1,926.9,26.0,14.9,7,4,F2 envelope,F2 envelope
arm5long_s5001,d225,205,4,18,0,40,27.2,27.2,615.6,615.6,22.8,22.5,14,10,F2 envelope,F2 envelope
arm5long_s5001,d226,220,61,3,1,3,0.0,0.0,0.0,0.0,28.6,14.1,16,2,F1 no cavity,F1 no cavity
arm5long_s5001,d351,223,47,12,0,15,0.0,0.0,0.0,0.0,24.0,15.1,10,10,F1 no cavity,F1 no cavity
arm5long_s5001,d352,203,57,3,1,2,0.0,0.0,0.0,0.0,24.7,14.1,9,8,F1 no cavity,F1 no cavity
arm5long_s5001,d353,210,53,2,1,2,56.4,93.3,1377.5,1286.1,22.2,14.7,4,2,PASS,PASS
arm5long_s5001,d354,191,44,0,1,2,57.0,61.1,1236.2,1236.2,25.1,14.9,8,2,F4 appendage,PASS
arm5long_s5001,d427,197,37,17,1,3,0.0,0.0,0.0,0.0,21.2,13.6,11,3,F1 no cavity,F1 no cavity
arm5long_s5001,d428,189,49,10,1,2,0.0,0.0,0.0,0.0,23.0,12.9,12,3,F1 no cavity,F1 no cavity
arm5long_s5001,d429,212,44,3,0,5,0.0,0.0,0.0,0.0,21.4,14.3,15,8,F1 no cavity,F1 no cavity
arm5long_s5001,d430,195,48,2,0,7,123.8,104.5,1287.8,1287.8,27.5,15.0,5,1,F4 appendage,PASS
arm5long_s5001,d299,216,60,0,0,9,114.0,147.3,1250.2,1239.9,23.5,15.4,13,4,F4 appendage,PASS
arm5long_s5001,d300,209,57,13,1,2,97.8,148.2,1346.5,1346.5,23.0,14.3,15,1,F4 appendage,PASS
arm5long_s5001,d301,205,43,15,1,3,185.5,89.2,1247.4,1247.4,24.1,14.7,7,3,F4 appendage,PASS
arm5long_s5001,d302,211,43,15,1,2,0.0,0.0,0.0,0.0,20.7,13.9,12,8,F1 no cavity,F1 no cavity
arm5long_s5001,d323,238,58,16,1,3,0.0,0.0,0.0,0.0,24.8,14.4,8,4,F1 no cavity,F1 no cavity
arm5long_s5001,d324,205,46,20,1,2,135.2,63.3,1229.8,1229.8,25.0,14.3,13,3,F4 appendage,PASS
arm5long_s5001,d325,205,57,6,0,8,122.7,80.4,1164.6,1233.4,24.5,15.0,12,3,F2 envelope,PASS
arm5long_s5001,d326,223,61,1,0,7,0.0,0.0,0.0,0.0,24.6,14.5,12,5,F1 no cavity,F1 no cavity
arm5long_s5001,d339,217,53,10,0,12,0.0,0.0,0.0,0.0,22.8,15.2,8,5,F1 no cavity,F1 no cavity
arm5long_s5001,d340,223,62,8,0,6,0.0,0.0,0.0,0.0,24.1,14.8,19,3,F1 no cavity,F1 no cavity
arm5long_s5001,d341,194,51,0,0,5,102.8,128.7,1251.2,1251.2,25.9,14.7,13,2,F4 appendage,PASS
arm5long_s5001,d342,209,60,14,1,3,113.4,85.1,1272.8,1272.8,26.1,14.2,9,1,F4 appendage,PASS
arm5long_s5001,d391,221,65,4,0,4,0.0,0.0,0.0,0.0,24.3,14.4,15,5,F1 no cavity,F1 no cavity
arm5long_s5001,d392,211,59,12,1,1,0.0,0.0,0.0,0.0,22.6,13.1,14,1,F1 no cavity,F1 no cavity
arm5long_s5001,d393,226,58,1,1,2,0.0,0.0,0.0,0.0,26.8,13.8,18,8,F1 no cavity,F1 no cavity
arm5long_s5001,d394,222,2,15,0,50,0.0,0.0,0.0,0.0,25.6,25.9,16,16,F1 no cavity,F1 no cavity
arm5long_s5001,d331,224,54,21,1,3,0.0,0.0,0.0,0.0,27.2,14.1,8,3,F1 no cavity,F1 no cavity
arm5long_s5001,d332,220,48,1,0,4,0.0,0.0,0.0,0.0,27.4,15.1,18,2,F1 no cavity,F1 no cavity
arm5long_s5001,d333,212,56,12,0,4,0.0,0.0,0.0,0.0,28.0,13.8,6,1,F1 no cavity,F1 no cavity
arm5long_s5001,d334,203,54,0,0,4,168.9,168.0,1167.6,1167.6,23.7,15.6,8,1,F2 envelope,F2 envelope
arm5long_s5001,d503,199,40,0,1,2,0.0,0.0,0.0,0.0,20.6,14.2,10,7,F1 no cavity,F1 no cavity
arm5long_s5001,d504,231,49,20,0,5,0.0,0.0,0.0,0.0,27.7,14.4,11,4,F1 no cavity,F1 no cavity
arm5long_s5001,d505,230,58,15,1,2,86.8,53.6,1309.2,1309.2,26.0,15.0,13,1,F4 appendage,PASS
arm5long_s5001,d506,191,47,0,0,6,27.2,26.4,686.2,686.2,24.4,14.4,14,1,F2 envelope,F2 envelope
arm5long_s5001,d375,205,45,14,1,2,100.9,93.3,1294.2,1294.2,26.5,14.9,12,1,F4 appendage,PASS
arm5long_s5001,d376,200,45,5,1,3,0.0,0.0,0.0,0.0,24.2,13.8,11,1,F1 no cavity,F1 no cavity
arm5long_s5001,d377,219,0,17,0,50,0.0,0.0,0.0,0.0,22.1,21.6,10,10,F1 no cavity,F1 no cavity
arm5long_s5001,d378,215,55,0,0,4,0.0,0.0,0.0,0.0,23.7,14.5,25,1,F1 no cavity,F1 no cavity
arm5long_s5001,d431,221,68,7,0,12,0.0,0.0,0.0,0.0,22.6,14.4,9,1,F1 no cavity,F1 no cavity
arm5long_s5001,d432,202,52,5,0,4,0.0,0.0,0.0,0.0,23.2,14.1,5,1,F1 no cavity,F1 no cavity
arm5long_s5001,d433,210,49,4,0,9,0.0,0.0,0.0,0.0,23.0,14.3,9,6,F1 no cavity,F1 no cavity
arm5long_s5001,d434,224,53,16,1,2,135.0,166.1,875.0,875.0,24.5,15.0,15,1,F2 envelope,F2 envelope
arm5long_s5001,d307,205,42,0,1,2,47.7,87.5,1267.6,1267.6,23.0,16.1,14,3,F4 appendage,PASS
arm5long_s5001,d308,221,54,14,0,8,93.5,80.1,1287.6,1301.6,26.6,15.2,11,3,F4 appendage,PASS
arm5long_s5001,d309,218,58,5,1,2,65.9,65.2,1354.1,1354.1,23.8,14.7,13,2,F4 appendage,PASS
arm5long_s5001,d310,201,65,0,1,3,174.5,167.8,1073.6,1155.9,23.6,14.5,7,1,F2 envelope,F2 envelope
arm5long_s5001,d407,168,6,0,0,5,0.0,0.0,0.0,0.0,15.4,15.0,7,1,F1 no cavity,F1 no cavity
arm5long_s5001,d408,213,48,4,0,23,0.0,0.0,0.0,0.0,23.3,15.8,11,5,F1 no cavity,F1 no cavity
arm5long_s5001,d409,208,47,22,0,4,0.0,0.0,0.0,0.0,23.3,14.3,13,4,F1 no cavity,F1 no cavity
arm5long_s5001,d410,207,52,2,0,9,191.4,63.3,1045.4,1202.9,25.7,16.1,12,1,F2 envelope,PASS
arm5long_s5001,d399,205,54,11,1,1,0.0,0.0,0.0,0.0,25.4,13.4,16,1,F1 no cavity,F1 no cavity
arm5long_s5001,d400,210,53,0,0,4,0.0,0.0,0.0,0.0,25.1,14.7,16,2,F1 no cavity,F1 no cavity
arm5long_s5001,d401,231,59,13,1,3,0.0,0.0,0.0,0.0,23.9,14.4,15,3,F1 no cavity,F1 no cavity
arm5long_s5001,d402,212,5,13,0,57,68.9,68.9,1033.6,1033.6,22.3,22.1,10,10,F2 envelope,F2 envelope
arm5long_s5001,d371,207,45,1,1,2,79.5,73.9,1311.6,1311.0,27.6,14.8,17,1,F4 appendage,PASS
arm5long_s5001,d372,200,44,5,1,3,0.0,0.0,0.0,0.0,24.9,14.6,16,1,F1 no cavity,F1 no cavity
arm5long_s5001,d373,195,44,1,1,2,35.9,36.7,772.1,772.1,25.9,14.5,20,3,F2 envelope,F2 envelope
arm5long_s5001,d374,214,52,7,1,2,71.7,92.4,1251.6,1251.6,25.8,15.2,10,1,F4 appendage,PASS
arm5long_s5001,d459,224,60,1,1,2,0.0,0.0,0.0,0.0,26.4,14.3,9,1,F1 no cavity,F1 no cavity
arm5long_s5001,d460,196,50,0,1,2,0.0,0.0,0.0,0.0,24.0,13.8,12,3,F1 no cavity,F1 no cavity
arm5long_s5001,d461,221,66,1,1,2,0.0,0.0,0.0,0.0,27.3,13.7,15,5,F1 no cavity,F1 no cavity
arm5long_s5001,d462,219,63,19,0,5,159.4,71.1,1203.0,1250.0,25.7,14.4,9,2,F4 appendage,PASS
arm5long_s5001,d423,217,62,14,1,2,0.0,0.0,0.0,0.0,25.3,13.7,18,5,F1 no cavity,F1 no cavity
arm5long_s5001,d424,229,64,11,1,3,136.7,117.5,1316.8,1025.9,25.3,14.8,11,1,F4 appendage,F2 envelope
arm5long_s5001,d425,206,50,10,1,2,0.0,0.0,0.0,0.0,22.2,13.8,22,3,F1 no cavity,F1 no cavity
arm5long_s5001,d426,224,58,0,1,3,0.0,0.0,0.0,0.0,25.0,14.3,8,4,F1 no cavity,F1 no cavity
arm5long_s5001,d379,194,52,1,0,4,0.0,22.9,0.0,510.6,27.0,13.6,13,1,F1 no cavity,F2 envelope
arm5long_s5001,d380,223,0,6,0,56,0.0,0.0,0.0,0.0,23.0,23.0,15,15,F1 no cavity,F1 no cavity
arm5long_s5001,d381,231,64,17,0,13,92.7,168.5,1136.1,1131.5,26.6,15.4,18,1,F2 envelope,F2 envelope
arm5long_s5001,d382,213,47,0,1,2,0.0,0.0,0.0,0.0,22.4,14.5,12,2,F1 no cavity,F1 no cavity
arm5long_s5001,d395,220,61,13,0,17,146.7,90.7,1274.6,1274.6,24.7,15.6,8,1,F4 appendage,PASS
arm5long_s5001,d396,204,50,12,1,3,0.0,0.0,0.0,0.0,22.1,13.7,10,4,F1 no cavity,F1 no cavity
arm5long_s5001,d397,225,55,15,1,2,67.6,61.6,1297.5,1297.5,28.9,14.7,11,1,F4 appendage,PASS
arm5long_s5001,d398,225,55,1,1,2,0.0,0.0,0.0,0.0,23.1,14.4,15,2,F1 no cavity,F1 no cavity
arm5long_s5001,d387,224,56,5,1,1,0.0,0.0,0.0,0.0,24.6,14.3,20,3,F1 no cavity,F1 no cavity
arm5long_s5001,d388,214,48,0,1,3,0.0,0.0,0.0,0.0,24.6,14.4,19,3,F1 no cavity,F1 no cavity
arm5long_s5001,d389,208,52,1,1,2,0.0,0.0,0.0,0.0,26.0,14.7,4,2,F1 no cavity,F1 no cavity
arm5long_s5001,d390,207,41,15,1,2,127.9,159.8,1362.9,1315.9,26.5,15.1,13,4,F4 appendage,PASS
arm5long_s5001,d343,220,60,0,1,3,93.5,63.3,1242.4,1229.1,25.1,15.8,12,4,F4 appendage,PASS
arm5long_s5001,d344,213,54,18,1,2,134.4,83.6,1148.8,1148.6,25.9,14.8,16,1,F2 envelope,F2 envelope
arm5long_s5001,d345,116,52,0,0,9,0.0,0.0,0.0,0.0,25.4,10.8,7,4,F1 no cavity,F1 no cavity
arm5long_s5001,d346,196,45,13,1,2,200.2,119.0,1353.4,1353.4,22.8,14.4,23,1,F4 appendage,PASS
arm5long_s5001,d403,216,48,16,1,2,50.3,63.5,1261.0,1279.8,23.7,14.8,11,2,F4 appendage,PASS
arm5long_s5001,d404,220,52,17,1,2,0.0,0.0,0.0,0.0,24.1,13.8,14,3,F1 no cavity,F1 no cavity
arm5long_s5001,d405,226,49,19,1,2,0.0,0.0,0.0,0.0,22.6,14.7,50,7,F1 no cavity,F1 no cavity
arm5long_s5001,d406,216,58,1,0,11,66.5,90.1,1178.9,1178.9,22.2,15.9,5,2,F2 envelope,F2 envelope
arm5long_s5001,d447,216,50,5,1,3,0.0,0.0,0.0,0.0,22.6,14.8,21,4,F1 no cavity,F1 no cavity
arm5long_s5001,d448,204,47,11,0,4,0.0,0.0,0.0,0.0,22.4,14.8,8,4,F1 no cavity,F1 no cavity
arm5long_s5001,d449,222,56,0,0,5,133.7,54.4,1224.0,1224.0,23.2,15.8,8,1,F4 appendage,PASS
arm5long_s5001,d450,208,48,4,0,15,0.0,0.0,0.0,0.0,24.0,15.8,6,5,F1 no cavity,F1 no cavity
arm5long_s5001,d435,211,46,17,1,2,63.7,127.2,1156.9,1156.9,23.9,14.6,14,6,F2 envelope,F2 envelope
arm5long_s5001,d436,223,58,14,0,4,0.0,0.0,0.0,0.0,22.8,14.4,8,1,F1 no cavity,F1 no cavity
arm5long_s5001,d437,222,63,13,0,4,17.3,0.0,581.5,0.0,24.5,13.8,8,2,F2 envelope,F1 no cavity
arm5long_s5001,d438,236,60,17,0,10,3.2,7.3,346.0,346.9,21.8,14.7,7,3,F2 envelope,F2 envelope
arm5long_s5001,d283,214,47,0,1,3,109.3,122.9,1207.0,1254.0,25.2,15.9,10,3,F4 appendage,PASS
arm5long_s5001,d284,211,49,14,0,4,0.0,0.0,0.0,0.0,26.0,14.0,7,3,F1 no cavity,F1 no cavity
arm5long_s5001,d285,224,60,14,1,1,181.2,113.0,1166.2,1146.6,29.7,14.5,10,2,F2 envelope,F2 envelope
arm5long_s5001,d286,210,1,16,0,48,112.8,112.8,1237.8,1237.8,22.7,22.6,5,4,F4 appendage,F6 Rg
arm5long_s5001,d451,207,56,2,0,4,0.0,0.0,0.0,0.0,24.9,13.9,13,1,F1 no cavity,F1 no cavity
arm5long_s5001,d452,202,53,0,1,3,84.5,81.0,1261.2,1261.2,26.9,14.7,13,2,F4 appendage,PASS
arm5long_s5001,d453,213,63,2,1,2,97.4,147.5,1286.4,1300.4,25.6,14.9,17,2,F4 appendage,PASS
arm5long_s5001,d454,232,61,18,0,19,0.0,0.0,0.0,0.0,22.9,16.3,17,13,F1 no cavity,F1 no cavity
arm5long_s5001,d455,186,50,2,1,2,81.4,76.7,1276.1,1276.1,26.1,14.3,15,3,F4 appendage,PASS
arm5long_s5001,d456,230,49,20,0,9,0.0,0.0,0.0,0.0,22.1,15.5,9,9,F1 no cavity,F1 no cavity
arm5long_s5001,d457,228,46,15,1,2,20.3,22.5,847.2,847.2,23.4,14.5,16,2,F2 envelope,F2 envelope
arm5long_s5001,d458,219,46,21,1,1,0.0,0.0,0.0,0.0,22.7,13.4,45,5,F1 no cavity,F1 no cavity
arm5long_s5002,d022,213,57,0,1,2,85.8,116.9,1297.1,1116.8,24.6,15.4,9,3,F4 appendage,F2 envelope
arm5long_s5002,d023,220,64,3,1,3,54.2,55.5,1166.6,1166.6,26.1,14.5,11,11,F2 envelope,F2 envelope
arm5long_s5002,d024,217,54,22,1,3,0.0,0.0,0.0,0.0,24.3,13.6,7,1,F1 no cavity,F1 no cavity
arm5long_s5002,d025,205,45,10,1,2,0.0,0.0,0.0,0.0,24.8,13.8,9,8,F1 no cavity,F1 no cavity
arm5long_s5001,d475,207,45,17,1,3,101.1,105.0,1268.0,1268.0,28.0,14.8,13,3,F4 appendage,PASS
arm5long_s5001,d476,229,53,13,0,4,0.0,0.0,0.0,0.0,26.0,14.9,14,2,F1 no cavity,F1 no cavity
arm5long_s5001,d477,226,58,9,1,2,0.0,0.0,0.0,0.0,23.4,14.1,12,3,F1 no cavity,F1 no cavity
arm5long_s5001,d478,229,56,23,1,1,0.0,0.0,0.0,0.0,22.8,13.8,9,2,F1 no cavity,F1 no cavity
arm5long_s5001,d515,222,50,14,1,3,0.0,0.0,0.0,0.0,20.4,14.2,11,6,F1 no cavity,F1 no cavity
arm5long_s5001,d516,201,45,15,0,4,0.0,0.0,0.0,0.0,23.8,13.9,14,5,F1 no cavity,F1 no cavity
arm5long_s5001,d517,192,42,0,1,3,0.0,0.0,0.0,0.0,24.3,14.8,11,5,F1 no cavity,F1 no cavity
arm5long_s5001,d518,194,53,0,1,2,139.8,163.9,1059.8,1071.2,23.2,14.5,10,1,F2 envelope,F2 envelope
arm5long_s5001,d511,197,41,0,1,3,0.0,0.0,0.0,0.0,25.8,14.3,15,1,F1 no cavity,F1 no cavity
arm5long_s5001,d512,213,49,22,0,6,0.0,0.0,0.0,0.0,26.0,14.0,13,1,F1 no cavity,F1 no cavity
arm5long_s5001,d513,206,51,0,0,7,0.0,0.0,0.0,0.0,23.9,14.9,7,3,F1 no cavity,F1 no cavity
arm5long_s5001,d514,216,47,12,1,1,152.5,150.8,1092.8,1176.5,26.8,14.7,18,7,F2 envelope,F2 envelope
arm5long_s5002,d106,214,12,4,0,45,0.0,0.0,0.0,0.0,23.2,23.1,19,11,F1 no cavity,F1 no cavity
arm5long_s5002,d107,216,54,0,0,5,160.3,123.3,1261.4,1261.4,26.0,15.6,9,2,F4 appendage,PASS
arm5long_s5002,d108,224,66,3,0,6,0.0,0.0,0.0,0.0,23.1,14.1,8,2,F1 no cavity,F1 no cavity
arm5long_s5002,d109,169,12,0,0,10,0.0,0.0,0.0,0.0,16.9,15.0,14,7,F1 no cavity,F1 no cavity
arm5long_s5001,d463,204,48,7,1,2,0.0,0.0,0.0,0.0,23.5,14.0,16,5,F1 no cavity,F1 no cavity
arm5long_s5001,d464,239,59,0,0,10,122.5,62.6,1012.6,1012.5,26.3,16.7,17,4,F2 envelope,F2 envelope
arm5long_s5001,d465,217,58,12,0,4,138.2,156.4,1312.9,1301.0,25.2,14.8,13,3,F4 appendage,PASS
arm5long_s5001,d466,204,61,2,0,8,0.0,0.0,0.0,0.0,22.6,14.5,6,3,F1 no cavity,F1 no cavity
arm5long_s5001,d519,219,0,15,0,58,0.0,0.0,0.0,0.0,22.1,21.9,15,15,F1 no cavity,F1 no cavity
arm5long_s5001,d520,225,67,7,1,3,0.0,0.0,0.0,0.0,23.2,14.4,9,6,F1 no cavity,F1 no cavity
arm5long_s5002,d000,227,61,14,1,2,0.0,0.0,0.0,0.0,24.5,13.8,17,1,F1 no cavity,F1 no cavity
arm5long_s5002,d001,207,43,0,1,3,34.3,19.7,858.5,580.2,23.7,15.2,13,5,F2 envelope,F2 envelope
arm5long_s5001,d467,201,50,5,0,18,76.9,113.8,1246.1,1246.1,24.3,16.6,12,2,F4 appendage,PASS
arm5long_s5001,d468,232,66,8,0,6,16.0,0.0,520.8,0.0,26.2,14.9,9,8,F2 envelope,F1 no cavity
arm5long_s5001,d469,200,51,3,0,4,0.0,0.0,0.0,0.0,21.5,14.1,12,1,F1 no cavity,F1 no cavity
arm5long_s5001,d470,220,62,14,1,3,0.0,0.0,0.0,0.0,23.2,13.8,19,5,F1 no cavity,F1 no cavity
arm5long_s5001,d439,211,53,1,1,2,0.0,0.0,0.0,0.0,23.2,14.6,8,1,F1 no cavity,F1 no cavity
arm5long_s5001,d440,221,0,7,0,52,0.0,0.0,0.0,0.0,25.0,24.9,10,10,F1 no cavity,F1 no cavity
arm5long_s5001,d441,206,2,8,0,42,65.4,65.4,1287.0,1287.0,22.7,22.8,11,11,F4 appendage,F4 appendage
arm5long_s5001,d442,165,0,11,1,3,0.0,0.0,0.0,0.0,16.3,14.3,12,9,F1 no cavity,F1 no cavity
arm5long_s5001,d335,211,0,16,0,52,80.6,80.6,1241.1,1241.1,23.6,23.7,12,12,F4 appendage,F4 appendage
arm5long_s5001,d336,203,51,2,1,3,68.0,81.6,1236.8,1236.8,25.3,15.8,15,1,F4 appendage,PASS
arm5long_s5001,d337,207,66,4,1,3,0.0,0.0,0.0,0.0,25.1,13.0,9,3,F1 no cavity,F1 no cavity
arm5long_s5001,d338,206,56,0,0,5,132.2,73.7,1248.4,1248.4,23.6,15.4,17,2,F4 appendage,PASS
arm5long_s5001,d491,211,55,1,0,5,0.0,0.0,0.0,0.0,22.8,14.0,8,5,F1 no cavity,F1 no cavity
arm5long_s5001,d492,227,53,18,1,2,0.0,0.0,0.0,0.0,22.8,14.1,10,1,F1 no cavity,F1 no cavity
arm5long_s5001,d493,203,57,1,0,7,72.4,100.7,1080.1,1050.6,25.8,15.3,7,1,F2 envelope,F2 envelope
arm5long_s5001,d494,216,53,15,0,8,23.3,40.0,769.9,771.2,23.8,14.1,17,2,F2 envelope,F2 envelope
arm5long_s5002,d006,207,10,0,0,44,0.0,0.0,0.0,0.0,23.2,22.9,16,8,F1 no cavity,F1 no cavity
arm5long_s5002,d007,240,51,0,1,2,0.0,0.0,0.0,0.0,26.0,16.0,4,4,F1 no cavity,F1 no cavity
arm5long_s5002,d008,210,45,6,0,14,0.0,0.0,0.0,0.0,22.2,14.7,24,10,F1 no cavity,F1 no cavity
arm5long_s5002,d009,152,57,0,1,2,0.0,0.0,0.0,0.0,25.7,11.9,10,1,F1 no cavity,F1 no cavity
