log started: Thu Aug 13 17:28:17 2026

Log file: ./leap.log
>> #
>> # ----- leaprc for loading the ff19SB force field
>> # ----- NOTE: this is designed for PDB format 3!
>> #
>> #	load atom type hybridizations
>> #
>> addAtomTypes {
>> 	{ "H"   "H" "sp3" }
>> 	{ "HO"  "H" "sp3" }
>> 	{ "HS"  "H" "sp3" }
>> 	{ "H1"  "H" "sp3" }
>> 	{ "H2"  "H" "sp3" }
>> 	{ "H3"  "H" "sp3" }
>> 	{ "H4"  "H" "sp3" }
>> 	{ "H5"  "H" "sp3" }
>> 	{ "HW"  "H" "sp3" }
>> 	{ "HC"  "H" "sp3" }
>> 	{ "HA"  "H" "sp3" }
>> 	{ "HP"  "H" "sp3" }
>> 	{ "HZ"  "H" "sp3" }
>> 	{ "OH"  "O" "sp3" }
>> 	{ "OS"  "O" "sp3" }
>> 	{ "O"   "O" "sp2" }
>> 	{ "O2"  "O" "sp2" }
>> 	{ "OP"  "O" "sp2" }
>> 	{ "OW"  "O" "sp3" }
>> 	{ "CT"  "C" "sp3" }
>> 	{ "CX"  "C" "sp3" }
>> 	{ "XC"  "C" "sp3" }
>> 	{ "C8"  "C" "sp3" }
>> 	{ "2C"  "C" "sp3" }
>> 	{ "3C"  "C" "sp3" }
>> 	{ "CH"  "C" "sp3" }
>> 	{ "CS"  "C" "sp2" }
>> 	{ "C"   "C" "sp2" }
>> 	{ "CO"   "C" "sp2" }
>> 	{ "C*"  "C" "sp2" }
>> 	{ "CA"  "C" "sp2" }
>> 	{ "CB"  "C" "sp2" }
>> 	{ "CC"  "C" "sp2" }
>> 	{ "CN"  "C" "sp2" }
>> 	{ "CM"  "C" "sp2" }
>> 	{ "CK"  "C" "sp2" }
>> 	{ "CQ"  "C" "sp2" }
>> 	{ "CD"  "C" "sp2" }
>> 	{ "C5"  "C" "sp2" }
>> 	{ "C4"  "C" "sp2" }
>> 	{ "CP"  "C" "sp2" }
>> 	{ "CI"  "C" "sp3" }
>> 	{ "CJ"  "C" "sp2" }
>> 	{ "CW"  "C" "sp2" }
>> 	{ "CV"  "C" "sp2" }
>> 	{ "CR"  "C" "sp2" }
>> 	{ "CA"  "C" "sp2" }
>> 	{ "CY"  "C" "sp2" }
>> 	{ "C0"  "Ca" "sp3" }
>> 	{ "MG"  "Mg" "sp3" }
>> 	{ "N"   "N" "sp2" }
>> 	{ "NA"  "N" "sp2" }
>> 	{ "N2"  "N" "sp2" }
>> 	{ "N*"  "N" "sp2" }
>> 	{ "NP"  "N" "sp2" }
>> 	{ "NQ"  "N" "sp2" }
>> 	{ "NB"  "N" "sp2" }
>> 	{ "NC"  "N" "sp2" }
>> 	{ "NT"  "N" "sp3" }
>> 	{ "NY"  "N" "sp2" }
>> 	{ "N3"  "N" "sp3" }
>> 	{ "S"   "S" "sp3" }
>> 	{ "SH"  "S" "sp3" }
>> 	{ "P"   "P" "sp3" }
>> 	{ "LP"  ""  "sp3" }
>> 	{ "EP"  ""  "sp3" }
>> 	{ "F"   "F" "sp3" }
>> 	{ "Cl"  "Cl" "sp3" }
>> 	{ "Br"  "Br" "sp3" }
>> 	{ "I"   "I"  "sp3" }
>> }
>> #
>> #	Load the main parameter set.
>> #
>> set default cmap on
>> parm19 = loadamberparams parm19.dat
Loading parameters: /opt/linux/rocky/8.x/x86_64/pkgs/amber/amber22/dat/leap/parm/parm19.dat
Reading title:
PARM99 + frcmod.ff99SB + frcmod.parmbsc0 + OL3 for RNA + ff19SB
(UNKNOWN ATOM TYPE: Zn)
(UNKNOWN ATOM TYPE: EP)
>> frcmod19SB = loadamberparams frcmod.ff19SB
Loading parameters: /opt/linux/rocky/8.x/x86_64/pkgs/amber/amber22/dat/leap/parm/frcmod.ff19SB
Reading force field modification type file (frcmod)
Reading title:
ff19SB AA-specific backbone CMAPs for protein 07/25/2019
>> #
>> #	Load main chain and terminating amino acid libraries
>> #
>> loadOff amino19.lib
Loading library: /opt/linux/rocky/8.x/x86_64/pkgs/amber/amber22/dat/leap/lib/amino19.lib
Loading: ALA
Loading: ARG
Loading: ASH
Loading: ASN
Loading: ASP
Loading: CYM
Loading: CYS
Loading: CYX
Loading: GLH
Loading: GLN
Loading: GLU
Loading: GLY
Loading: HID
Loading: HIE
Loading: HIP
Loading: HYP
Loading: ILE
Loading: LEU
Loading: LYN
Loading: LYS
Loading: MET
Loading: PHE
Loading: PRO
Loading: SER
Loading: THR
Loading: TRP
Loading: TYR
Loading: VAL
>> loadOff aminoct12.lib
Loading library: /opt/linux/rocky/8.x/x86_64/pkgs/amber/amber22/dat/leap/lib/aminoct12.lib
Loading: CALA
Loading: CARG
Loading: CASN
Loading: CASP
Loading: CCYS
Loading: CCYX
Loading: CGLN
Loading: CGLU
Loading: CGLY
Loading: CHID
Loading: CHIE
Loading: CHIP
Loading: CHYP
Loading: CILE
Loading: CLEU
Loading: CLYS
Loading: CMET
Loading: CPHE
Loading: CPRO
Loading: CSER
Loading: CTHR
Loading: CTRP
Loading: CTYR
Loading: CVAL
Loading: NHE
Loading: NME
>> loadOff aminont12.lib
Loading library: /opt/linux/rocky/8.x/x86_64/pkgs/amber/amber22/dat/leap/lib/aminont12.lib
Loading: ACE
Loading: NALA
Loading: NARG
Loading: NASN
Loading: NASP
Loading: NCYS
Loading: NCYX
Loading: NGLN
Loading: NGLU
Loading: NGLY
Loading: NHID
Loading: NHIE
Loading: NHIP
Loading: NILE
Loading: NLEU
Loading: NLYS
Loading: NMET
Loading: NPHE
Loading: NPRO
Loading: NSER
Loading: NTHR
Loading: NTRP
Loading: NTYR
Loading: NVAL
>> 
>> #
>> #	Define the PDB name map for the amino acids
>> #
>> addPdbResMap {
>>   { 0 "HYP" "NHYP" } { 1 "HYP" "CHYP" }
>>   { 0 "ALA" "NALA" } { 1 "ALA" "CALA" }
>>   { 0 "ARG" "NARG" } { 1 "ARG" "CARG" }
>>   { 0 "ASN" "NASN" } { 1 "ASN" "CASN" }
>>   { 0 "ASP" "NASP" } { 1 "ASP" "CASP" }
>>   { 0 "CYS" "NCYS" } { 1 "CYS" "CCYS" }
>>   { 0 "CYX" "NCYX" } { 1 "CYX" "CCYX" }
>>   { 0 "GLN" "NGLN" } { 1 "GLN" "CGLN" }
>>   { 0 "GLU" "NGLU" } { 1 "GLU" "CGLU" }
>>   { 0 "GLY" "NGLY" } { 1 "GLY" "CGLY" }
>>   { 0 "HID" "NHID" } { 1 "HID" "CHID" }
>>   { 0 "HIE" "NHIE" } { 1 "HIE" "CHIE" }
>>   { 0 "HIP" "NHIP" } { 1 "HIP" "CHIP" }
>>   { 0 "ILE" "NILE" } { 1 "ILE" "CILE" }
>>   { 0 "LEU" "NLEU" } { 1 "LEU" "CLEU" }
>>   { 0 "LYS" "NLYS" } { 1 "LYS" "CLYS" }
>>   { 0 "MET" "NMET" } { 1 "MET" "CMET" }
>>   { 0 "PHE" "NPHE" } { 1 "PHE" "CPHE" }
>>   { 0 "PRO" "NPRO" } { 1 "PRO" "CPRO" }
>>   { 0 "SER" "NSER" } { 1 "SER" "CSER" }
>>   { 0 "THR" "NTHR" } { 1 "THR" "CTHR" }
>>   { 0 "TRP" "NTRP" } { 1 "TRP" "CTRP" }
>>   { 0 "TYR" "NTYR" } { 1 "TYR" "CTYR" }
>>   { 0 "VAL" "NVAL" } { 1 "VAL" "CVAL" }
>>   { 0 "HIS" "NHIS" } { 1 "HIS" "CHIS" }
>> }
>> 
>> #
>> # assume that most often proteins use HIE
>> #
>> NHIS = NHIE
>> HIS = HIE
>> CHIS = CHIE
> 
> source leaprc.water.opc
----- Source: /opt/linux/rocky/8.x/x86_64/pkgs/amber/amber22/dat/leap/cmd/leaprc.water.opc
----- Source of /opt/linux/rocky/8.x/x86_64/pkgs/amber/amber22/dat/leap/cmd/leaprc.water.opc done
>> #
>> #  Load OPC water model and ions for OPC + Li/Merz ion parameters
>> #  (-1 to +4, 12-6 normal usage set)
>> # 
>> addAtomTypes {
>> 	{ "F-"   "F" "sp3" }
>> 	{ "Cl-"  "Cl" "sp3" }
>> 	{ "Br-"  "Br" "sp3" }
>> 	{ "I-"   "I"  "sp3" }
>> 	{ "Li+"  "Li"  "sp3" }
>> 	{ "Na+"  "Na"  "sp3" }
>> 	{ "K+"  "K"  "sp3" }
>> 	{ "Rb+"  "Rb"  "sp3" }
>> 	{ "Cs+"  "Cs"  "sp3" }
>> 	{ "Mg+"  "Mg"  "sp3" }
>>     { "Tl+"  "Tl"  "sp3" }
>>     { "Cu+"  "Cu"  "sp3" }
>>     { "Ag+"  "Ag"  "sp3" }
>>     { "Be2+" "Be"  "sp3" }
>>     { "Cu2+" "Cu"  "sp3" }
>>     { "Ni2+" "Ni"  "sp3" }
>>     { "Pt2+" "Pt"  "sp3" }
>>     { "Zn2+" "Zn"  "sp3" }
>>     { "Co2+" "Co"  "sp3" }
>>     { "Pd2+" "Pd"  "sp3" }
>>     { "Ag2+" "Ag"  "sp3" }
>>     { "Cr2+" "Cr"  "sp3" }
>>     { "Fe2+" "Fe"  "sp3" }
>>     { "Mg2+" "Mg"  "sp3" }
>>     { "V2+"  "V"   "sp3" }
>>     { "Mn2+" "Mn"  "sp3" }
>>     { "Hg2+" "Hg"  "sp3" }
>>     { "Cd2+" "Cd"  "sp3" }
>>     { "Yb2+" "Yb"  "sp3" }
>>     { "Ca2+" "Ca"  "sp3" }
>>     { "Sn2+" "Sn"  "sp3" }
>>     { "Pb2+" "Pb"  "sp3" }
>>     { "Eu2+" "Eu"  "sp3" }
>>     { "Sr2+" "Sr"  "sp3" }
>>     { "Sm2+" "Sm"  "sp3" }
>>     { "Ba2+" "Ba"  "sp3" }
>>     { "Ra2+" "Ra"  "sp3" }
>>     { "Al3+" "Al"  "sp3" }
>>     { "Fe3+" "Fe"  "sp3" }
>>     { "Cr3+" "Cr"  "sp3" }
>>     { "In3+" "In"  "sp3" }
>>     { "Tl3+" "Tl"  "sp3" }
>>     { "Y3+"  "Y"   "sp3" }
>>     { "La3+" "La"  "sp3" }
>>     { "Ce3+" "Ce"  "sp3" }
>>     { "Pr3+" "Pr"  "sp3" }
>>     { "Nd3+" "Nd"  "sp3" }
>>     { "Sm3+" "Sm"  "sp3" }
>>     { "Eu3+" "Eu"  "sp3" }
>>     { "Gd3+" "Gd"  "sp3" }
>>     { "Tb3+" "Tb"  "sp3" }
>>     { "Dy3+" "Dy"  "sp3" }
>>     { "Er3+" "Er"  "sp3" }
>>     { "Tm3+" "Tm"  "sp3" }
>>     { "Lu3+" "Lu"  "sp3" }
>>     { "Hf4+" "Hf"  "sp3" }
>>     { "Zr4+" "Zr"  "sp3" }
>>     { "Ce4+" "Ce"  "sp3" }
>>     { "U4+"  "U"   "sp3" }
>>     { "Pu4+" "Pu"  "sp3" }
>>     { "Th4+" "Th"  "sp3" }
>>     { "OW"   "O"   "sp3" }
>>     { "HW"   "H"   "sp3" }
>>     { "EP"   ""    "sp3" }
>> }
>> loadOff atomic_ions.lib
Loading library: /opt/linux/rocky/8.x/x86_64/pkgs/amber/amber22/dat/leap/lib/atomic_ions.lib
Loading: AG
Loading: AL
Loading: Ag
Loading: BA
Loading: BR
Loading: Be
Loading: CA
Loading: CD
Loading: CE
Loading: CL
Loading: CO
Loading: CR
Loading: CS
Loading: CU
Loading: CU1
Loading: Ce
Loading: Cl-
Loading: Cr
Loading: Dy
Loading: EU
Loading: EU3
Loading: Er
Loading: F
Loading: FE
Loading: FE2
Loading: GD3
Loading: H3O+
Loading: HE+
Loading: HG
Loading: HZ+
Loading: Hf
Loading: IN
Loading: IOD
Loading: K
Loading: K+
Loading: LA
Loading: LI
Loading: LU
Loading: MG
Loading: MN
Loading: NA
Loading: NH4
Loading: NI
Loading: Na+
Loading: Nd
Loading: PB
Loading: PD
Loading: PR
Loading: PT
Loading: Pu
Loading: RB
Loading: Ra
Loading: SM
Loading: SR
Loading: Sm
Loading: Sn
Loading: TB
Loading: TL
Loading: Th
Loading: Tl
Loading: Tm
Loading: U4+
Loading: V2+
Loading: Y
Loading: YB2
Loading: ZN
Loading: Zr
>> loadOff solvents.lib
Loading library: /opt/linux/rocky/8.x/x86_64/pkgs/amber/amber22/dat/leap/lib/solvents.lib
Loading: CHCL3BOX
Loading: DC4
Loading: FB3
Loading: FB3BOX
Loading: FB4
Loading: FB4BOX
Loading: MEOHBOX
Loading: NMABOX
Loading: O3P
Loading: OP3
Loading: OPC
Loading: OPC3BOX
Loading: OPCBOX
Loading: PL3
Loading: POL3BOX
Loading: QSPCFWBOX
Loading: SPC
Loading: SPCBOX
Loading: SPCFWBOX
Loading: SPF
Loading: SPG
Loading: T4E
Loading: TIP3PBOX
Loading: TIP3PFBOX
Loading: TIP4PBOX
Loading: TIP4PEWBOX
Loading: TIP5PBOX
Loading: TP3
Loading: TP4
Loading: TP5
Loading: TPF
>> HOH = OPC
>> WAT = OPC
>> loadAmberParams frcmod.opc
Loading parameters: /opt/linux/rocky/8.x/x86_64/pkgs/amber/amber22/dat/leap/parm/frcmod.opc
Reading force field modification type file (frcmod)
Reading title:
Parameters for OPC water (JPCL, 2014, 5 (21), pp 3863-3871)
(UNKNOWN ATOM TYPE: EP)
>> loadAmberParams frcmod.ionslm_126_opc
Loading parameters: /opt/linux/rocky/8.x/x86_64/pkgs/amber/amber22/dat/leap/parm/frcmod.ionslm_126_opc
Reading force field modification type file (frcmod)
Reading title:
Li/Merz ion parameters of atomic ions for the OPC water model (12-6 set)
>> 
> 
> source leaprc.gaff2
----- Source: /opt/linux/rocky/8.x/x86_64/pkgs/amber/amber22/dat/leap/cmd/leaprc.gaff2
----- Source of /opt/linux/rocky/8.x/x86_64/pkgs/amber/amber22/dat/leap/cmd/leaprc.gaff2 done
>> logFile leap.log
log started: Thu Aug 13 17:28:17 2026

Log file: ./leap.log
>> #
>> # ----- leaprc for loading the general Amber Force field.
>> #       This file is mostly for use with Antechamber
>> #
>> #	load atom type hybridizations
>> #
>> addAtomTypes {
>> 	{ "h1"  "H" "sp3" }
>> 	{ "h2"  "H" "sp3" }
>> 	{ "h3"  "H" "sp3" }
>> 	{ "h4"  "H" "sp3" }
>> 	{ "h5"  "H" "sp3" }
>> 	{ "ha"  "H" "sp3" }
>> 	{ "hc"  "H" "sp3" }
>> 	{ "hn"  "H" "sp3" }
>> 	{ "ho"  "H" "sp3" }
>> 	{ "hp"  "H" "sp3" }
>> 	{ "hs"  "H" "sp3" }
>> 	{ "hw"  "H" "sp3" }
>> 	{ "hx"  "H" "sp3" }
>> 	{ "o"  "O" "sp2" }
>> 	{ "o2"  "O" "sp2" }
>> 	{ "oh"  "O" "sp3" }
>> 	{ "op"  "O" "sp3" }
>> 	{ "oq"  "O" "sp3" }
>> 	{ "os"  "O" "sp3" }
>> 	{ "ow"  "O" "sp3" }
>> 	{ "c"  "C" "sp2" }
>> 	{ "c1"  "C" "sp2" }
>> 	{ "c2"  "C" "sp2" }
>> 	{ "c3"  "C" "sp3" }
>> 	{ "ca"  "C" "sp2" }
>> 	{ "cc"  "C" "sp2" }
>> 	{ "cd"  "C" "sp2" }
>> 	{ "ce"  "C" "sp2" }
>> 	{ "cf"  "C" "sp2" }
>> 	{ "cg"  "C" "sp2" }
>> 	{ "ch"  "C" "sp2" }
>> 	{ "cp"  "C" "sp2" }
>> 	{ "cs"  "C" "sp2" }
>> 	{ "cq"  "C" "sp2" }
>> 	{ "cu"  "C" "sp2" }
>> 	{ "cv"  "C" "sp2" }
>> 	{ "cx"  "C" "sp2" }
>> 	{ "cy"  "C" "sp2" }
>> 	{ "cz"  "C" "sp2" }
>> 	{ "n"   "N" "sp2" }
>> 	{ "n1"  "N" "sp2" }
>> 	{ "n2"  "N" "sp2" }
>> 	{ "n3"  "N" "sp3" }
>> 	{ "n4"  "N" "sp3" }
>> 	{ "n5"  "N" "sp3" }
>> 	{ "n6"  "N" "sp3" }
>> 	{ "n7"  "N" "sp3" }
>> 	{ "n8"  "N" "sp3" }
>> 	{ "n9"  "N" "sp3" }
>> 	{ "na"  "N" "sp2" }
>> 	{ "nb"  "N" "sp2" }
>> 	{ "nc"  "N" "sp2" }
>> 	{ "nd"  "N" "sp2" }
>> 	{ "ne"  "N" "sp2" }
>> 	{ "nf"  "N" "sp2" }
>> 	{ "nh"  "N" "sp2" }
>> 	{ "ni"  "N" "sp2" }
>> 	{ "nj"  "N" "sp2" }
>> 	{ "nk"  "N" "sp3" }
>> 	{ "nl"  "N" "sp3" }
>> 	{ "nm"  "N" "sp2" }
>> 	{ "nn"  "N" "sp2" }
>> 	{ "no"  "N" "sp2" }
>> 	{ "np"  "N" "sp3" }
>> 	{ "nq"  "N" "sp3" }
>> 	{ "ns"  "N" "sp2" }
>> 	{ "nt"  "N" "sp2" }
>> 	{ "nu"  "N" "sp2" }
>> 	{ "nv"  "N" "sp2" }
>> 	{ "nx"  "N" "sp3" }
>> 	{ "ny"  "N" "sp3" }
>> 	{ "nz"  "N" "sp3" }
>> 	{ "n+"  "N" "sp3" }
>> 	{ "s"   "S" "sp2" }
>> 	{ "s2"   "S" "sp2" }
>> 	{ "s3"   "S" "sp3" }
>> 	{ "s4"   "S" "sp3" }
>> 	{ "s6"   "S" "sp3" }
>> 	{ "sh"   "S" "sp3" }
>> 	{ "sp"   "S" "sp3" }
>> 	{ "sq"   "S" "sp3" }
>> 	{ "ss"   "S" "sp3" }
>> 	{ "sx"   "S" "sp3" }
>> 	{ "sy"   "S" "sp3" }
>> 	{ "p2"   "P" "sp2" }
>> 	{ "p3"   "P" "sp3" }
>> 	{ "p4"   "P" "sp3" }
>> 	{ "p5"   "P" "sp3" }
>> 	{ "pb"   "P" "sp3" }
>> 	{ "pc"   "P" "sp3" }
>> 	{ "pd"   "P" "sp3" }
>> 	{ "pe"   "P" "sp3" }
>> 	{ "pf"   "P" "sp3" }
>> 	{ "px"   "P" "sp3" }
>> 	{ "py"   "P" "sp3" }
>> 	{ "f"   "F" "sp3" }
>> 	{ "cl"  "Cl" "sp3" }
>> 	{ "br"  "Br" "sp3" }
>> 	{ "i"   "I"  "sp3" }
>> }
>> #
>> #	Load the general force field parameter set.
>> #
>> gaff = loadamberparams gaff2.dat
Loading parameters: /opt/linux/rocky/8.x/x86_64/pkgs/amber/amber22/dat/leap/parm/gaff2.dat
Reading title:
AMBER General Force Field for organic molecules (Version 2.11, May 2016)
> 
> loadamberparams frcmod.ions234lm_126_opc

/opt/linux/rocky/8.x/x86_64/pkgs/amber/amber22/bin/teLeap: Fatal Error!
Could not open file frcmod.ions234lm_126_opc: not found

Exiting LEaP: Errors = 1; Warnings = 0; Notes = 0.
log started: Thu Aug 13 17:28:41 2026

Log file: ./leap.log
>> #
>> # ----- leaprc for loading the ff19SB force field
>> # ----- NOTE: this is designed for PDB format 3!
>> #
>> #	load atom type hybridizations
>> #
>> addAtomTypes {
>> 	{ "H"   "H" "sp3" }
>> 	{ "HO"  "H" "sp3" }
>> 	{ "HS"  "H" "sp3" }
>> 	{ "H1"  "H" "sp3" }
>> 	{ "H2"  "H" "sp3" }
>> 	{ "H3"  "H" "sp3" }
>> 	{ "H4"  "H" "sp3" }
>> 	{ "H5"  "H" "sp3" }
>> 	{ "HW"  "H" "sp3" }
>> 	{ "HC"  "H" "sp3" }
>> 	{ "HA"  "H" "sp3" }
>> 	{ "HP"  "H" "sp3" }
>> 	{ "HZ"  "H" "sp3" }
>> 	{ "OH"  "O" "sp3" }
>> 	{ "OS"  "O" "sp3" }
>> 	{ "O"   "O" "sp2" }
>> 	{ "O2"  "O" "sp2" }
>> 	{ "OP"  "O" "sp2" }
>> 	{ "OW"  "O" "sp3" }
>> 	{ "CT"  "C" "sp3" }
>> 	{ "CX"  "C" "sp3" }
>> 	{ "XC"  "C" "sp3" }
>> 	{ "C8"  "C" "sp3" }
>> 	{ "2C"  "C" "sp3" }
>> 	{ "3C"  "C" "sp3" }
>> 	{ "CH"  "C" "sp3" }
>> 	{ "CS"  "C" "sp2" }
>> 	{ "C"   "C" "sp2" }
>> 	{ "CO"   "C" "sp2" }
>> 	{ "C*"  "C" "sp2" }
>> 	{ "CA"  "C" "sp2" }
>> 	{ "CB"  "C" "sp2" }
>> 	{ "CC"  "C" "sp2" }
>> 	{ "CN"  "C" "sp2" }
>> 	{ "CM"  "C" "sp2" }
>> 	{ "CK"  "C" "sp2" }
>> 	{ "CQ"  "C" "sp2" }
>> 	{ "CD"  "C" "sp2" }
>> 	{ "C5"  "C" "sp2" }
>> 	{ "C4"  "C" "sp2" }
>> 	{ "CP"  "C" "sp2" }
>> 	{ "CI"  "C" "sp3" }
>> 	{ "CJ"  "C" "sp2" }
>> 	{ "CW"  "C" "sp2" }
>> 	{ "CV"  "C" "sp2" }
>> 	{ "CR"  "C" "sp2" }
>> 	{ "CA"  "C" "sp2" }
>> 	{ "CY"  "C" "sp2" }
>> 	{ "C0"  "Ca" "sp3" }
>> 	{ "MG"  "Mg" "sp3" }
>> 	{ "N"   "N" "sp2" }
>> 	{ "NA"  "N" "sp2" }
>> 	{ "N2"  "N" "sp2" }
>> 	{ "N*"  "N" "sp2" }
>> 	{ "NP"  "N" "sp2" }
>> 	{ "NQ"  "N" "sp2" }
>> 	{ "NB"  "N" "sp2" }
>> 	{ "NC"  "N" "sp2" }
>> 	{ "NT"  "N" "sp3" }
>> 	{ "NY"  "N" "sp2" }
>> 	{ "N3"  "N" "sp3" }
>> 	{ "S"   "S" "sp3" }
>> 	{ "SH"  "S" "sp3" }
>> 	{ "P"   "P" "sp3" }
>> 	{ "LP"  ""  "sp3" }
>> 	{ "EP"  ""  "sp3" }
>> 	{ "F"   "F" "sp3" }
>> 	{ "Cl"  "Cl" "sp3" }
>> 	{ "Br"  "Br" "sp3" }
>> 	{ "I"   "I"  "sp3" }
>> }
>> #
>> #	Load the main parameter set.
>> #
>> set default cmap on
>> parm19 = loadamberparams parm19.dat
Loading parameters: /opt/linux/rocky/8.x/x86_64/pkgs/amber/amber22/dat/leap/parm/parm19.dat
Reading title:
PARM99 + frcmod.ff99SB + frcmod.parmbsc0 + OL3 for RNA + ff19SB
(UNKNOWN ATOM TYPE: Zn)
(UNKNOWN ATOM TYPE: EP)
>> frcmod19SB = loadamberparams frcmod.ff19SB
Loading parameters: /opt/linux/rocky/8.x/x86_64/pkgs/amber/amber22/dat/leap/parm/frcmod.ff19SB
Reading force field modification type file (frcmod)
Reading title:
ff19SB AA-specific backbone CMAPs for protein 07/25/2019
>> #
>> #	Load main chain and terminating amino acid libraries
>> #
>> loadOff amino19.lib
Loading library: /opt/linux/rocky/8.x/x86_64/pkgs/amber/amber22/dat/leap/lib/amino19.lib
Loading: ALA
Loading: ARG
Loading: ASH
Loading: ASN
Loading: ASP
Loading: CYM
Loading: CYS
Loading: CYX
Loading: GLH
Loading: GLN
Loading: GLU
Loading: GLY
Loading: HID
Loading: HIE
Loading: HIP
Loading: HYP
Loading: ILE
Loading: LEU
Loading: LYN
Loading: LYS
Loading: MET
Loading: PHE
Loading: PRO
Loading: SER
Loading: THR
Loading: TRP
Loading: TYR
Loading: VAL
>> loadOff aminoct12.lib
Loading library: /opt/linux/rocky/8.x/x86_64/pkgs/amber/amber22/dat/leap/lib/aminoct12.lib
Loading: CALA
Loading: CARG
Loading: CASN
Loading: CASP
Loading: CCYS
Loading: CCYX
Loading: CGLN
Loading: CGLU
Loading: CGLY
Loading: CHID
Loading: CHIE
Loading: CHIP
Loading: CHYP
Loading: CILE
Loading: CLEU
Loading: CLYS
Loading: CMET
Loading: CPHE
Loading: CPRO
Loading: CSER
Loading: CTHR
Loading: CTRP
Loading: CTYR
Loading: CVAL
Loading: NHE
Loading: NME
>> loadOff aminont12.lib
Loading library: /opt/linux/rocky/8.x/x86_64/pkgs/amber/amber22/dat/leap/lib/aminont12.lib
Loading: ACE
Loading: NALA
Loading: NARG
Loading: NASN
Loading: NASP
Loading: NCYS
Loading: NCYX
Loading: NGLN
Loading: NGLU
Loading: NGLY
Loading: NHID
Loading: NHIE
Loading: NHIP
Loading: NILE
Loading: NLEU
Loading: NLYS
Loading: NMET
Loading: NPHE
Loading: NPRO
Loading: NSER
Loading: NTHR
Loading: NTRP
Loading: NTYR
Loading: NVAL
>> 
>> #
>> #	Define the PDB name map for the amino acids
>> #
>> addPdbResMap {
>>   { 0 "HYP" "NHYP" } { 1 "HYP" "CHYP" }
>>   { 0 "ALA" "NALA" } { 1 "ALA" "CALA" }
>>   { 0 "ARG" "NARG" } { 1 "ARG" "CARG" }
>>   { 0 "ASN" "NASN" } { 1 "ASN" "CASN" }
>>   { 0 "ASP" "NASP" } { 1 "ASP" "CASP" }
>>   { 0 "CYS" "NCYS" } { 1 "CYS" "CCYS" }
>>   { 0 "CYX" "NCYX" } { 1 "CYX" "CCYX" }
>>   { 0 "GLN" "NGLN" } { 1 "GLN" "CGLN" }
>>   { 0 "GLU" "NGLU" } { 1 "GLU" "CGLU" }
>>   { 0 "GLY" "NGLY" } { 1 "GLY" "CGLY" }
>>   { 0 "HID" "NHID" } { 1 "HID" "CHID" }
>>   { 0 "HIE" "NHIE" } { 1 "HIE" "CHIE" }
>>   { 0 "HIP" "NHIP" } { 1 "HIP" "CHIP" }
>>   { 0 "ILE" "NILE" } { 1 "ILE" "CILE" }
>>   { 0 "LEU" "NLEU" } { 1 "LEU" "CLEU" }
>>   { 0 "LYS" "NLYS" } { 1 "LYS" "CLYS" }
>>   { 0 "MET" "NMET" } { 1 "MET" "CMET" }
>>   { 0 "PHE" "NPHE" } { 1 "PHE" "CPHE" }
>>   { 0 "PRO" "NPRO" } { 1 "PRO" "CPRO" }
>>   { 0 "SER" "NSER" } { 1 "SER" "CSER" }
>>   { 0 "THR" "NTHR" } { 1 "THR" "CTHR" }
>>   { 0 "TRP" "NTRP" } { 1 "TRP" "CTRP" }
>>   { 0 "TYR" "NTYR" } { 1 "TYR" "CTYR" }
>>   { 0 "VAL" "NVAL" } { 1 "VAL" "CVAL" }
>>   { 0 "HIS" "NHIS" } { 1 "HIS" "CHIS" }
>> }
>> 
>> #
>> # assume that most often proteins use HIE
>> #
>> NHIS = NHIE
>> HIS = HIE
>> CHIS = CHIE
> 
> source leaprc.water.opc
----- Source: /opt/linux/rocky/8.x/x86_64/pkgs/amber/amber22/dat/leap/cmd/leaprc.water.opc
----- Source of /opt/linux/rocky/8.x/x86_64/pkgs/amber/amber22/dat/leap/cmd/leaprc.water.opc done
>> #
>> #  Load OPC water model and ions for OPC + Li/Merz ion parameters
>> #  (-1 to +4, 12-6 normal usage set)
>> # 
>> addAtomTypes {
>> 	{ "F-"   "F" "sp3" }
>> 	{ "Cl-"  "Cl" "sp3" }
>> 	{ "Br-"  "Br" "sp3" }
>> 	{ "I-"   "I"  "sp3" }
>> 	{ "Li+"  "Li"  "sp3" }
>> 	{ "Na+"  "Na"  "sp3" }
>> 	{ "K+"  "K"  "sp3" }
>> 	{ "Rb+"  "Rb"  "sp3" }
>> 	{ "Cs+"  "Cs"  "sp3" }
>> 	{ "Mg+"  "Mg"  "sp3" }
>>     { "Tl+"  "Tl"  "sp3" }
>>     { "Cu+"  "Cu"  "sp3" }
>>     { "Ag+"  "Ag"  "sp3" }
>>     { "Be2+" "Be"  "sp3" }
>>     { "Cu2+" "Cu"  "sp3" }
>>     { "Ni2+" "Ni"  "sp3" }
>>     { "Pt2+" "Pt"  "sp3" }
>>     { "Zn2+" "Zn"  "sp3" }
>>     { "Co2+" "Co"  "sp3" }
>>     { "Pd2+" "Pd"  "sp3" }
>>     { "Ag2+" "Ag"  "sp3" }
>>     { "Cr2+" "Cr"  "sp3" }
>>     { "Fe2+" "Fe"  "sp3" }
>>     { "Mg2+" "Mg"  "sp3" }
>>     { "V2+"  "V"   "sp3" }
>>     { "Mn2+" "Mn"  "sp3" }
>>     { "Hg2+" "Hg"  "sp3" }
>>     { "Cd2+" "Cd"  "sp3" }
>>     { "Yb2+" "Yb"  "sp3" }
>>     { "Ca2+" "Ca"  "sp3" }
>>     { "Sn2+" "Sn"  "sp3" }
>>     { "Pb2+" "Pb"  "sp3" }
>>     { "Eu2+" "Eu"  "sp3" }
>>     { "Sr2+" "Sr"  "sp3" }
>>     { "Sm2+" "Sm"  "sp3" }
>>     { "Ba2+" "Ba"  "sp3" }
>>     { "Ra2+" "Ra"  "sp3" }
>>     { "Al3+" "Al"  "sp3" }
>>     { "Fe3+" "Fe"  "sp3" }
>>     { "Cr3+" "Cr"  "sp3" }
>>     { "In3+" "In"  "sp3" }
>>     { "Tl3+" "Tl"  "sp3" }
>>     { "Y3+"  "Y"   "sp3" }
>>     { "La3+" "La"  "sp3" }
>>     { "Ce3+" "Ce"  "sp3" }
>>     { "Pr3+" "Pr"  "sp3" }
>>     { "Nd3+" "Nd"  "sp3" }
>>     { "Sm3+" "Sm"  "sp3" }
>>     { "Eu3+" "Eu"  "sp3" }
>>     { "Gd3+" "Gd"  "sp3" }
>>     { "Tb3+" "Tb"  "sp3" }
>>     { "Dy3+" "Dy"  "sp3" }
>>     { "Er3+" "Er"  "sp3" }
>>     { "Tm3+" "Tm"  "sp3" }
>>     { "Lu3+" "Lu"  "sp3" }
>>     { "Hf4+" "Hf"  "sp3" }
>>     { "Zr4+" "Zr"  "sp3" }
>>     { "Ce4+" "Ce"  "sp3" }
>>     { "U4+"  "U"   "sp3" }
>>     { "Pu4+" "Pu"  "sp3" }
>>     { "Th4+" "Th"  "sp3" }
>>     { "OW"   "O"   "sp3" }
>>     { "HW"   "H"   "sp3" }
>>     { "EP"   ""    "sp3" }
>> }
>> loadOff atomic_ions.lib
Loading library: /opt/linux/rocky/8.x/x86_64/pkgs/amber/amber22/dat/leap/lib/atomic_ions.lib
Loading: AG
Loading: AL
Loading: Ag
Loading: BA
Loading: BR
Loading: Be
Loading: CA
Loading: CD
Loading: CE
Loading: CL
Loading: CO
Loading: CR
Loading: CS
Loading: CU
Loading: CU1
Loading: Ce
Loading: Cl-
Loading: Cr
Loading: Dy
Loading: EU
Loading: EU3
Loading: Er
Loading: F
Loading: FE
Loading: FE2
Loading: GD3
Loading: H3O+
Loading: HE+
Loading: HG
Loading: HZ+
Loading: Hf
Loading: IN
Loading: IOD
Loading: K
Loading: K+
Loading: LA
Loading: LI
Loading: LU
Loading: MG
Loading: MN
Loading: NA
Loading: NH4
Loading: NI
Loading: Na+
Loading: Nd
Loading: PB
Loading: PD
Loading: PR
Loading: PT
Loading: Pu
Loading: RB
Loading: Ra
Loading: SM
Loading: SR
Loading: Sm
Loading: Sn
Loading: TB
Loading: TL
Loading: Th
Loading: Tl
Loading: Tm
Loading: U4+
Loading: V2+
Loading: Y
Loading: YB2
Loading: ZN
Loading: Zr
>> loadOff solvents.lib
Loading library: /opt/linux/rocky/8.x/x86_64/pkgs/amber/amber22/dat/leap/lib/solvents.lib
Loading: CHCL3BOX
Loading: DC4
Loading: FB3
Loading: FB3BOX
Loading: FB4
Loading: FB4BOX
Loading: MEOHBOX
Loading: NMABOX
Loading: O3P
Loading: OP3
Loading: OPC
Loading: OPC3BOX
Loading: OPCBOX
Loading: PL3
Loading: POL3BOX
Loading: QSPCFWBOX
Loading: SPC
Loading: SPCBOX
Loading: SPCFWBOX
Loading: SPF
Loading: SPG
Loading: T4E
Loading: TIP3PBOX
Loading: TIP3PFBOX
Loading: TIP4PBOX
Loading: TIP4PEWBOX
Loading: TIP5PBOX
Loading: TP3
Loading: TP4
Loading: TP5
Loading: TPF
>> HOH = OPC
>> WAT = OPC
>> loadAmberParams frcmod.opc
Loading parameters: /opt/linux/rocky/8.x/x86_64/pkgs/amber/amber22/dat/leap/parm/frcmod.opc
Reading force field modification type file (frcmod)
Reading title:
Parameters for OPC water (JPCL, 2014, 5 (21), pp 3863-3871)
(UNKNOWN ATOM TYPE: EP)
>> loadAmberParams frcmod.ionslm_126_opc
Loading parameters: /opt/linux/rocky/8.x/x86_64/pkgs/amber/amber22/dat/leap/parm/frcmod.ionslm_126_opc
Reading force field modification type file (frcmod)
Reading title:
Li/Merz ion parameters of atomic ions for the OPC water model (12-6 set)
>> 
> 
> source leaprc.gaff2
----- Source: /opt/linux/rocky/8.x/x86_64/pkgs/amber/amber22/dat/leap/cmd/leaprc.gaff2
----- Source of /opt/linux/rocky/8.x/x86_64/pkgs/amber/amber22/dat/leap/cmd/leaprc.gaff2 done
>> logFile leap.log
log started: Thu Aug 13 17:28:41 2026

Log file: ./leap.log
>> #
>> # ----- leaprc for loading the general Amber Force field.
>> #       This file is mostly for use with Antechamber
>> #
>> #	load atom type hybridizations
>> #
>> addAtomTypes {
>> 	{ "h1"  "H" "sp3" }
>> 	{ "h2"  "H" "sp3" }
>> 	{ "h3"  "H" "sp3" }
>> 	{ "h4"  "H" "sp3" }
>> 	{ "h5"  "H" "sp3" }
>> 	{ "ha"  "H" "sp3" }
>> 	{ "hc"  "H" "sp3" }
>> 	{ "hn"  "H" "sp3" }
>> 	{ "ho"  "H" "sp3" }
>> 	{ "hp"  "H" "sp3" }
>> 	{ "hs"  "H" "sp3" }
>> 	{ "hw"  "H" "sp3" }
>> 	{ "hx"  "H" "sp3" }
>> 	{ "o"  "O" "sp2" }
>> 	{ "o2"  "O" "sp2" }
>> 	{ "oh"  "O" "sp3" }
>> 	{ "op"  "O" "sp3" }
>> 	{ "oq"  "O" "sp3" }
>> 	{ "os"  "O" "sp3" }
>> 	{ "ow"  "O" "sp3" }
>> 	{ "c"  "C" "sp2" }
>> 	{ "c1"  "C" "sp2" }
>> 	{ "c2"  "C" "sp2" }
>> 	{ "c3"  "C" "sp3" }
>> 	{ "ca"  "C" "sp2" }
>> 	{ "cc"  "C" "sp2" }
>> 	{ "cd"  "C" "sp2" }
>> 	{ "ce"  "C" "sp2" }
>> 	{ "cf"  "C" "sp2" }
>> 	{ "cg"  "C" "sp2" }
>> 	{ "ch"  "C" "sp2" }
>> 	{ "cp"  "C" "sp2" }
>> 	{ "cs"  "C" "sp2" }
>> 	{ "cq"  "C" "sp2" }
>> 	{ "cu"  "C" "sp2" }
>> 	{ "cv"  "C" "sp2" }
>> 	{ "cx"  "C" "sp2" }
>> 	{ "cy"  "C" "sp2" }
>> 	{ "cz"  "C" "sp2" }
>> 	{ "n"   "N" "sp2" }
>> 	{ "n1"  "N" "sp2" }
>> 	{ "n2"  "N" "sp2" }
>> 	{ "n3"  "N" "sp3" }
>> 	{ "n4"  "N" "sp3" }
>> 	{ "n5"  "N" "sp3" }
>> 	{ "n6"  "N" "sp3" }
>> 	{ "n7"  "N" "sp3" }
>> 	{ "n8"  "N" "sp3" }
>> 	{ "n9"  "N" "sp3" }
>> 	{ "na"  "N" "sp2" }
>> 	{ "nb"  "N" "sp2" }
>> 	{ "nc"  "N" "sp2" }
>> 	{ "nd"  "N" "sp2" }
>> 	{ "ne"  "N" "sp2" }
>> 	{ "nf"  "N" "sp2" }
>> 	{ "nh"  "N" "sp2" }
>> 	{ "ni"  "N" "sp2" }
>> 	{ "nj"  "N" "sp2" }
>> 	{ "nk"  "N" "sp3" }
>> 	{ "nl"  "N" "sp3" }
>> 	{ "nm"  "N" "sp2" }
>> 	{ "nn"  "N" "sp2" }
>> 	{ "no"  "N" "sp2" }
>> 	{ "np"  "N" "sp3" }
>> 	{ "nq"  "N" "sp3" }
>> 	{ "ns"  "N" "sp2" }
>> 	{ "nt"  "N" "sp2" }
>> 	{ "nu"  "N" "sp2" }
>> 	{ "nv"  "N" "sp2" }
>> 	{ "nx"  "N" "sp3" }
>> 	{ "ny"  "N" "sp3" }
>> 	{ "nz"  "N" "sp3" }
>> 	{ "n+"  "N" "sp3" }
>> 	{ "s"   "S" "sp2" }
>> 	{ "s2"   "S" "sp2" }
>> 	{ "s3"   "S" "sp3" }
>> 	{ "s4"   "S" "sp3" }
>> 	{ "s6"   "S" "sp3" }
>> 	{ "sh"   "S" "sp3" }
>> 	{ "sp"   "S" "sp3" }
>> 	{ "sq"   "S" "sp3" }
>> 	{ "ss"   "S" "sp3" }
>> 	{ "sx"   "S" "sp3" }
>> 	{ "sy"   "S" "sp3" }
>> 	{ "p2"   "P" "sp2" }
>> 	{ "p3"   "P" "sp3" }
>> 	{ "p4"   "P" "sp3" }
>> 	{ "p5"   "P" "sp3" }
>> 	{ "pb"   "P" "sp3" }
>> 	{ "pc"   "P" "sp3" }
>> 	{ "pd"   "P" "sp3" }
>> 	{ "pe"   "P" "sp3" }
>> 	{ "pf"   "P" "sp3" }
>> 	{ "px"   "P" "sp3" }
>> 	{ "py"   "P" "sp3" }
>> 	{ "f"   "F" "sp3" }
>> 	{ "cl"  "Cl" "sp3" }
>> 	{ "br"  "Br" "sp3" }
>> 	{ "i"   "I"  "sp3" }
>> }
>> #
>> #	Load the general force field parameter set.
>> #
>> gaff = loadamberparams gaff2.dat
Loading parameters: /opt/linux/rocky/8.x/x86_64/pkgs/amber/amber22/dat/leap/parm/gaff2.dat
Reading title:
AMBER General Force Field for organic molecules (Version 2.11, May 2016)
> 
> # NO `loadamberparams frcmod.ions234lm_126_opc` here. That is TIP3P-era naming, no
> # such file ships for OPC, and tleap exits "Could not open file". leaprc.water.opc
> # has already loaded frcmod.ionslm_126_opc. The template inside 38_md_prep.py still
> # carries the bad line; S4's working tleap.in does not, because 38b rewrote it.
> loadamberparams ../A8S.frcmod
Loading parameters: ../A8S.frcmod
Reading force field modification type file (frcmod)
Reading title:
Remark line goes here
> loadoff ../A8S.lib
Loading library: ../A8S.lib
Loading: A8S
> lig = loadpdb aba.pdb
Loading PDB file: ./aba.pdb
Matching PDB residue names to LEaP variables.

/opt/linux/rocky/8.x/x86_64/pkgs/amber/amber22/bin/teLeap: Warning!
Unknown residue: 8S   number: 0   type: Terminal/last
..relaxing end constraints to try for a dbase match

/opt/linux/rocky/8.x/x86_64/pkgs/amber/amber22/bin/teLeap: Warning!
  -no luck
Creating new UNIT for residue: 8S sequence: 1
Created a new atom named: C1 within residue: .R<8S 1>
Created a new atom named: C2 within residue: .R<8S 1>
Created a new atom named: C3 within residue: .R<8S 1>
Created a new atom named: C4 within residue: .R<8S 1>
Created a new atom named: C5 within residue: .R<8S 1>
Created a new atom named: C6 within residue: .R<8S 1>
Created a new atom named: C7 within residue: .R<8S 1>
Created a new atom named: O1 within residue: .R<8S 1>
Created a new atom named: C8 within residue: .R<8S 1>
Created a new atom named: C9 within residue: .R<8S 1>
Created a new atom named: C10 within residue: .R<8S 1>
Created a new atom named: O2 within residue: .R<8S 1>
Created a new atom named: C11 within residue: .R<8S 1>
Created a new atom named: O3 within residue: .R<8S 1>
Created a new atom named: C12 within residue: .R<8S 1>
Created a new atom named: O4 within residue: .R<8S 1>
Created a new atom named: C13 within residue: .R<8S 1>
Created a new atom named: C14 within residue: .R<8S 1>
Created a new atom named: C15 within residue: .R<8S 1>
  total atoms in file: 19
  The file contained 19 atoms not in residue templates
> prot = loadpdb protein.pdb
Loading PDB file: ./protein.pdb
Matching PDB residue names to LEaP variables.
Mapped residue GLY, term: Terminal/beginning, seq. number: 0 to: NGLY.
Mapped residue THR, term: Terminal/last, seq. number: 192 to: CTHR.
Mapped residue MET, term: Terminal/beginning, seq. number: 193 to: NMET.
Mapped residue ALA, term: Terminal/last, seq. number: 335 to: CALA.
  Added missing heavy atom: .R<CTHR 193>.A<OXT 15>
  Added missing heavy atom: .R<CALA 336>.A<OXT 11>
  total atoms in file: 2609
  Leap added 2644 missing atoms according to residue templates:
       2 Heavy
       2642 H / lone pairs
> sys = combine { prot lig }
  Sequence: default_name
  Sequence: default_name
> addions sys Na+ 0
14 Na+ ions required to neutralize.
Adding 14 counter ions to "sys" using 1A grid
Used default radius  1.50 for 19 atoms
Total solute charge:  -14.00  Max atom radius:   1.98
Grid extends from solute vdw + 3.62  to  9.60
Box:
   enclosing:  -34.60 -37.59 -29.95   40.08 52.00 40.96
   sized:			      93.40 90.41 98.05
   edge:        128.00
Resolution:      1.00 Angstrom.
Tree depth: 7
Volume =  3.64% of box, grid points 76359
 (no solvent present)
Calculating grid charges
Placed Na+ in sys at (19.40, -18.59, 11.05).
Placed Na+ in sys at (-27.60, -0.59, -6.95).
Placed Na+ in sys at (-12.60, -24.59, 4.05).
Placed Na+ in sys at (20.40, 16.41, 13.05).
Placed Na+ in sys at (6.40, -2.59, 27.05).
Placed Na+ in sys at (2.40, -26.59, -9.95).
Placed Na+ in sys at (-15.60, 26.41, -6.95).
Placed Na+ in sys at (17.40, 19.41, -10.95).
Placed Na+ in sys at (17.40, -18.59, -6.95).
Placed Na+ in sys at (-14.60, 42.41, -11.95).
Placed Na+ in sys at (0.40, 2.41, -13.95).
Placed Na+ in sys at (28.40, -7.59, 9.05).
Placed Na+ in sys at (-2.60, -18.59, -18.95).
Placed Na+ in sys at (9.40, -28.59, 14.05).

Done adding ions.
> addions sys Cl- 0
 0.000000 0 1 0
0 Cl- ion required to neutralize.
Adding 0 counter ions to "sys" using 1A grid
> solvateoct sys OPCBOX 12.0
 (using default radius 1.500000 for C15)
 (using default radius 1.500000 for C14)
 (using default radius 1.500000 for C13)
 (using default radius 1.500000 for O4)
 (using default radius 1.500000 for C12)
 (using default radius 1.500000 for O3)
 (using default radius 1.500000 for C11)
 (using default radius 1.500000 for O2)
 (using default radius 1.500000 for C10)
 (using default radius 1.500000 for C9)
 (using default radius 1.500000 for C8)
 (using default radius 1.500000 for O1)
 (using default radius 1.500000 for C7)
 (using default radius 1.500000 for C6)
 (using default radius 1.500000 for C5)
 (using default radius 1.500000 for C4)
 (using default radius 1.500000 for C3)
 (using default radius 1.500000 for C2)
 (using default radius 1.500000 for C1)
Scaling up box by a factor of 1.414224 to meet diagonal cut criterion
  Solute vdw bounding box:              74.181 61.604 56.357
  Total bounding box for atom centers:  108.122 108.122 108.122
      (box expansion for 'iso' is  35.5%)
  Solvent unit box:                     18.865 18.478 19.006
The number of boxes:  x= 6  y= 6  z= 6
 (using default radius 1.500000 for C15)
 (using default radius 1.500000 for C14)
 (using default radius 1.500000 for C13)
 (using default radius 1.500000 for O4)
 (using default radius 1.500000 for C12)
 (using default radius 1.500000 for O3)
 (using default radius 1.500000 for C11)
 (using default radius 1.500000 for O2)
 (using default radius 1.500000 for C10)
 (using default radius 1.500000 for C9)
 (using default radius 1.500000 for C8)
 (using default radius 1.500000 for O1)
 (using default radius 1.500000 for C7)
 (using default radius 1.500000 for C6)
 (using default radius 1.500000 for C5)
 (using default radius 1.500000 for C4)
 (using default radius 1.500000 for C3)
 (using default radius 1.500000 for C2)
 (using default radius 1.500000 for C1)
  Volume: 649691.402 A^3 (oct)
  Mass > 355414.858 amu,  Density > 0.908 g/cc
      (type - hence mass - of one or more atoms could not be found)
  Added 17647 residues.
> addionsrand sys Na+ 0 Cl- 0

/opt/linux/rocky/8.x/x86_64/pkgs/amber/amber22/bin/teLeap: Fatal Error!
addIonsRand: '0' is not allowed as the value for the second ion.


    addIonsRand unit ion1 #ion1 [ion2 #ion2] [separation]

        UNIT      _unit_
        UNIT      _ion1_
        NUMBER    _#ion1_
        UNIT      _ion2_
        NUMBER    _#ion2_
        NUMBER    _separation_

Adds counterions in a shell around _unit_ by replacing random solvent
molecules. If _#ion1_ is 0, the _unit_ is neutralized (_ion1_ must be
opposite in charge to _unit_, and _ion2_ cannot be specified). Otherwise,
the specified numbers of _ion1_ [_ion2_] are added [in alternating order].
If _separation_ is specified, ions will be guaranteed to be more than that
distance apart in Angstroms.

Ions must be monoatomic. This procedure is much faster than addIons, as
it does not calculate charges. Solvent must be present. It must be possible
to position the requested number of ions with the given separation in the
solvent.




Exiting LEaP: Errors = 1; Warnings = 2; Notes = 0.
log started: Thu Aug 13 17:28:46 2026

Log file: ./leap.log
>> #
>> # ----- leaprc for loading the ff19SB force field
>> # ----- NOTE: this is designed for PDB format 3!
>> #
>> #	load atom type hybridizations
>> #
>> addAtomTypes {
>> 	{ "H"   "H" "sp3" }
>> 	{ "HO"  "H" "sp3" }
>> 	{ "HS"  "H" "sp3" }
>> 	{ "H1"  "H" "sp3" }
>> 	{ "H2"  "H" "sp3" }
>> 	{ "H3"  "H" "sp3" }
>> 	{ "H4"  "H" "sp3" }
>> 	{ "H5"  "H" "sp3" }
>> 	{ "HW"  "H" "sp3" }
>> 	{ "HC"  "H" "sp3" }
>> 	{ "HA"  "H" "sp3" }
>> 	{ "HP"  "H" "sp3" }
>> 	{ "HZ"  "H" "sp3" }
>> 	{ "OH"  "O" "sp3" }
>> 	{ "OS"  "O" "sp3" }
>> 	{ "O"   "O" "sp2" }
>> 	{ "O2"  "O" "sp2" }
>> 	{ "OP"  "O" "sp2" }
>> 	{ "OW"  "O" "sp3" }
>> 	{ "CT"  "C" "sp3" }
>> 	{ "CX"  "C" "sp3" }
>> 	{ "XC"  "C" "sp3" }
>> 	{ "C8"  "C" "sp3" }
>> 	{ "2C"  "C" "sp3" }
>> 	{ "3C"  "C" "sp3" }
>> 	{ "CH"  "C" "sp3" }
>> 	{ "CS"  "C" "sp2" }
>> 	{ "C"   "C" "sp2" }
>> 	{ "CO"   "C" "sp2" }
>> 	{ "C*"  "C" "sp2" }
>> 	{ "CA"  "C" "sp2" }
>> 	{ "CB"  "C" "sp2" }
>> 	{ "CC"  "C" "sp2" }
>> 	{ "CN"  "C" "sp2" }
>> 	{ "CM"  "C" "sp2" }
>> 	{ "CK"  "C" "sp2" }
>> 	{ "CQ"  "C" "sp2" }
>> 	{ "CD"  "C" "sp2" }
>> 	{ "C5"  "C" "sp2" }
>> 	{ "C4"  "C" "sp2" }
>> 	{ "CP"  "C" "sp2" }
>> 	{ "CI"  "C" "sp3" }
>> 	{ "CJ"  "C" "sp2" }
>> 	{ "CW"  "C" "sp2" }
>> 	{ "CV"  "C" "sp2" }
>> 	{ "CR"  "C" "sp2" }
>> 	{ "CA"  "C" "sp2" }
>> 	{ "CY"  "C" "sp2" }
>> 	{ "C0"  "Ca" "sp3" }
>> 	{ "MG"  "Mg" "sp3" }
>> 	{ "N"   "N" "sp2" }
>> 	{ "NA"  "N" "sp2" }
>> 	{ "N2"  "N" "sp2" }
>> 	{ "N*"  "N" "sp2" }
>> 	{ "NP"  "N" "sp2" }
>> 	{ "NQ"  "N" "sp2" }
>> 	{ "NB"  "N" "sp2" }
>> 	{ "NC"  "N" "sp2" }
>> 	{ "NT"  "N" "sp3" }
>> 	{ "NY"  "N" "sp2" }
>> 	{ "N3"  "N" "sp3" }
>> 	{ "S"   "S" "sp3" }
>> 	{ "SH"  "S" "sp3" }
>> 	{ "P"   "P" "sp3" }
>> 	{ "LP"  ""  "sp3" }
>> 	{ "EP"  ""  "sp3" }
>> 	{ "F"   "F" "sp3" }
>> 	{ "Cl"  "Cl" "sp3" }
>> 	{ "Br"  "Br" "sp3" }
>> 	{ "I"   "I"  "sp3" }
>> }
>> #
>> #	Load the main parameter set.
>> #
>> set default cmap on
>> parm19 = loadamberparams parm19.dat
Loading parameters: /opt/linux/rocky/8.x/x86_64/pkgs/amber/amber22/dat/leap/parm/parm19.dat
Reading title:
PARM99 + frcmod.ff99SB + frcmod.parmbsc0 + OL3 for RNA + ff19SB
(UNKNOWN ATOM TYPE: Zn)
(UNKNOWN ATOM TYPE: EP)
>> frcmod19SB = loadamberparams frcmod.ff19SB
Loading parameters: /opt/linux/rocky/8.x/x86_64/pkgs/amber/amber22/dat/leap/parm/frcmod.ff19SB
Reading force field modification type file (frcmod)
Reading title:
ff19SB AA-specific backbone CMAPs for protein 07/25/2019
>> #
>> #	Load main chain and terminating amino acid libraries
>> #
>> loadOff amino19.lib
Loading library: /opt/linux/rocky/8.x/x86_64/pkgs/amber/amber22/dat/leap/lib/amino19.lib
Loading: ALA
Loading: ARG
Loading: ASH
Loading: ASN
Loading: ASP
Loading: CYM
Loading: CYS
Loading: CYX
Loading: GLH
Loading: GLN
Loading: GLU
Loading: GLY
Loading: HID
Loading: HIE
Loading: HIP
Loading: HYP
Loading: ILE
Loading: LEU
Loading: LYN
Loading: LYS
Loading: MET
Loading: PHE
Loading: PRO
Loading: SER
Loading: THR
Loading: TRP
Loading: TYR
Loading: VAL
>> loadOff aminoct12.lib
Loading library: /opt/linux/rocky/8.x/x86_64/pkgs/amber/amber22/dat/leap/lib/aminoct12.lib
Loading: CALA
Loading: CARG
Loading: CASN
Loading: CASP
Loading: CCYS
Loading: CCYX
Loading: CGLN
Loading: CGLU
Loading: CGLY
Loading: CHID
Loading: CHIE
Loading: CHIP
Loading: CHYP
Loading: CILE
Loading: CLEU
Loading: CLYS
Loading: CMET
Loading: CPHE
Loading: CPRO
Loading: CSER
Loading: CTHR
Loading: CTRP
Loading: CTYR
Loading: CVAL
Loading: NHE
Loading: NME
>> loadOff aminont12.lib
Loading library: /opt/linux/rocky/8.x/x86_64/pkgs/amber/amber22/dat/leap/lib/aminont12.lib
Loading: ACE
Loading: NALA
Loading: NARG
Loading: NASN
Loading: NASP
Loading: NCYS
Loading: NCYX
Loading: NGLN
Loading: NGLU
Loading: NGLY
Loading: NHID
Loading: NHIE
Loading: NHIP
Loading: NILE
Loading: NLEU
Loading: NLYS
Loading: NMET
Loading: NPHE
Loading: NPRO
Loading: NSER
Loading: NTHR
Loading: NTRP
Loading: NTYR
Loading: NVAL
>> 
>> #
>> #	Define the PDB name map for the amino acids
>> #
>> addPdbResMap {
>>   { 0 "HYP" "NHYP" } { 1 "HYP" "CHYP" }
>>   { 0 "ALA" "NALA" } { 1 "ALA" "CALA" }
>>   { 0 "ARG" "NARG" } { 1 "ARG" "CARG" }
>>   { 0 "ASN" "NASN" } { 1 "ASN" "CASN" }
>>   { 0 "ASP" "NASP" } { 1 "ASP" "CASP" }
>>   { 0 "CYS" "NCYS" } { 1 "CYS" "CCYS" }
>>   { 0 "CYX" "NCYX" } { 1 "CYX" "CCYX" }
>>   { 0 "GLN" "NGLN" } { 1 "GLN" "CGLN" }
>>   { 0 "GLU" "NGLU" } { 1 "GLU" "CGLU" }
>>   { 0 "GLY" "NGLY" } { 1 "GLY" "CGLY" }
>>   { 0 "HID" "NHID" } { 1 "HID" "CHID" }
>>   { 0 "HIE" "NHIE" } { 1 "HIE" "CHIE" }
>>   { 0 "HIP" "NHIP" } { 1 "HIP" "CHIP" }
>>   { 0 "ILE" "NILE" } { 1 "ILE" "CILE" }
>>   { 0 "LEU" "NLEU" } { 1 "LEU" "CLEU" }
>>   { 0 "LYS" "NLYS" } { 1 "LYS" "CLYS" }
>>   { 0 "MET" "NMET" } { 1 "MET" "CMET" }
>>   { 0 "PHE" "NPHE" } { 1 "PHE" "CPHE" }
>>   { 0 "PRO" "NPRO" } { 1 "PRO" "CPRO" }
>>   { 0 "SER" "NSER" } { 1 "SER" "CSER" }
>>   { 0 "THR" "NTHR" } { 1 "THR" "CTHR" }
>>   { 0 "TRP" "NTRP" } { 1 "TRP" "CTRP" }
>>   { 0 "TYR" "NTYR" } { 1 "TYR" "CTYR" }
>>   { 0 "VAL" "NVAL" } { 1 "VAL" "CVAL" }
>>   { 0 "HIS" "NHIS" } { 1 "HIS" "CHIS" }
>> }
>> 
>> #
>> # assume that most often proteins use HIE
>> #
>> NHIS = NHIE
>> HIS = HIE
>> CHIS = CHIE
> 
> source leaprc.water.opc
----- Source: /opt/linux/rocky/8.x/x86_64/pkgs/amber/amber22/dat/leap/cmd/leaprc.water.opc
----- Source of /opt/linux/rocky/8.x/x86_64/pkgs/amber/amber22/dat/leap/cmd/leaprc.water.opc done
>> #
>> #  Load OPC water model and ions for OPC + Li/Merz ion parameters
>> #  (-1 to +4, 12-6 normal usage set)
>> # 
>> addAtomTypes {
>> 	{ "F-"   "F" "sp3" }
>> 	{ "Cl-"  "Cl" "sp3" }
>> 	{ "Br-"  "Br" "sp3" }
>> 	{ "I-"   "I"  "sp3" }
>> 	{ "Li+"  "Li"  "sp3" }
>> 	{ "Na+"  "Na"  "sp3" }
>> 	{ "K+"  "K"  "sp3" }
>> 	{ "Rb+"  "Rb"  "sp3" }
>> 	{ "Cs+"  "Cs"  "sp3" }
>> 	{ "Mg+"  "Mg"  "sp3" }
>>     { "Tl+"  "Tl"  "sp3" }
>>     { "Cu+"  "Cu"  "sp3" }
>>     { "Ag+"  "Ag"  "sp3" }
>>     { "Be2+" "Be"  "sp3" }
>>     { "Cu2+" "Cu"  "sp3" }
>>     { "Ni2+" "Ni"  "sp3" }
>>     { "Pt2+" "Pt"  "sp3" }
>>     { "Zn2+" "Zn"  "sp3" }
>>     { "Co2+" "Co"  "sp3" }
>>     { "Pd2+" "Pd"  "sp3" }
>>     { "Ag2+" "Ag"  "sp3" }
>>     { "Cr2+" "Cr"  "sp3" }
>>     { "Fe2+" "Fe"  "sp3" }
>>     { "Mg2+" "Mg"  "sp3" }
>>     { "V2+"  "V"   "sp3" }
>>     { "Mn2+" "Mn"  "sp3" }
>>     { "Hg2+" "Hg"  "sp3" }
>>     { "Cd2+" "Cd"  "sp3" }
>>     { "Yb2+" "Yb"  "sp3" }
>>     { "Ca2+" "Ca"  "sp3" }
>>     { "Sn2+" "Sn"  "sp3" }
>>     { "Pb2+" "Pb"  "sp3" }
>>     { "Eu2+" "Eu"  "sp3" }
>>     { "Sr2+" "Sr"  "sp3" }
>>     { "Sm2+" "Sm"  "sp3" }
>>     { "Ba2+" "Ba"  "sp3" }
>>     { "Ra2+" "Ra"  "sp3" }
>>     { "Al3+" "Al"  "sp3" }
>>     { "Fe3+" "Fe"  "sp3" }
>>     { "Cr3+" "Cr"  "sp3" }
>>     { "In3+" "In"  "sp3" }
>>     { "Tl3+" "Tl"  "sp3" }
>>     { "Y3+"  "Y"   "sp3" }
>>     { "La3+" "La"  "sp3" }
>>     { "Ce3+" "Ce"  "sp3" }
>>     { "Pr3+" "Pr"  "sp3" }
>>     { "Nd3+" "Nd"  "sp3" }
>>     { "Sm3+" "Sm"  "sp3" }
>>     { "Eu3+" "Eu"  "sp3" }
>>     { "Gd3+" "Gd"  "sp3" }
>>     { "Tb3+" "Tb"  "sp3" }
>>     { "Dy3+" "Dy"  "sp3" }
>>     { "Er3+" "Er"  "sp3" }
>>     { "Tm3+" "Tm"  "sp3" }
>>     { "Lu3+" "Lu"  "sp3" }
>>     { "Hf4+" "Hf"  "sp3" }
>>     { "Zr4+" "Zr"  "sp3" }
>>     { "Ce4+" "Ce"  "sp3" }
>>     { "U4+"  "U"   "sp3" }
>>     { "Pu4+" "Pu"  "sp3" }
>>     { "Th4+" "Th"  "sp3" }
>>     { "OW"   "O"   "sp3" }
>>     { "HW"   "H"   "sp3" }
>>     { "EP"   ""    "sp3" }
>> }
>> loadOff atomic_ions.lib
Loading library: /opt/linux/rocky/8.x/x86_64/pkgs/amber/amber22/dat/leap/lib/atomic_ions.lib
Loading: AG
Loading: AL
Loading: Ag
Loading: BA
Loading: BR
Loading: Be
Loading: CA
Loading: CD
Loading: CE
Loading: CL
Loading: CO
Loading: CR
Loading: CS
Loading: CU
Loading: CU1
Loading: Ce
Loading: Cl-
Loading: Cr
Loading: Dy
Loading: EU
Loading: EU3
Loading: Er
Loading: F
Loading: FE
Loading: FE2
Loading: GD3
Loading: H3O+
Loading: HE+
Loading: HG
Loading: HZ+
Loading: Hf
Loading: IN
Loading: IOD
Loading: K
Loading: K+
Loading: LA
Loading: LI
Loading: LU
Loading: MG
Loading: MN
Loading: NA
Loading: NH4
Loading: NI
Loading: Na+
Loading: Nd
Loading: PB
Loading: PD
Loading: PR
Loading: PT
Loading: Pu
Loading: RB
Loading: Ra
Loading: SM
Loading: SR
Loading: Sm
Loading: Sn
Loading: TB
Loading: TL
Loading: Th
Loading: Tl
Loading: Tm
Loading: U4+
Loading: V2+
Loading: Y
Loading: YB2
Loading: ZN
Loading: Zr
>> loadOff solvents.lib
Loading library: /opt/linux/rocky/8.x/x86_64/pkgs/amber/amber22/dat/leap/lib/solvents.lib
Loading: CHCL3BOX
Loading: DC4
Loading: FB3
Loading: FB3BOX
Loading: FB4
Loading: FB4BOX
Loading: MEOHBOX
Loading: NMABOX
Loading: O3P
Loading: OP3
Loading: OPC
Loading: OPC3BOX
Loading: OPCBOX
Loading: PL3
Loading: POL3BOX
Loading: QSPCFWBOX
Loading: SPC
Loading: SPCBOX
Loading: SPCFWBOX
Loading: SPF
Loading: SPG
Loading: T4E
Loading: TIP3PBOX
Loading: TIP3PFBOX
Loading: TIP4PBOX
Loading: TIP4PEWBOX
Loading: TIP5PBOX
Loading: TP3
Loading: TP4
Loading: TP5
Loading: TPF
>> HOH = OPC
>> WAT = OPC
>> loadAmberParams frcmod.opc
Loading parameters: /opt/linux/rocky/8.x/x86_64/pkgs/amber/amber22/dat/leap/parm/frcmod.opc
Reading force field modification type file (frcmod)
Reading title:
Parameters for OPC water (JPCL, 2014, 5 (21), pp 3863-3871)
(UNKNOWN ATOM TYPE: EP)
>> loadAmberParams frcmod.ionslm_126_opc
Loading parameters: /opt/linux/rocky/8.x/x86_64/pkgs/amber/amber22/dat/leap/parm/frcmod.ionslm_126_opc
Reading force field modification type file (frcmod)
Reading title:
Li/Merz ion parameters of atomic ions for the OPC water model (12-6 set)
>> 
> 
> source leaprc.gaff2
----- Source: /opt/linux/rocky/8.x/x86_64/pkgs/amber/amber22/dat/leap/cmd/leaprc.gaff2
----- Source of /opt/linux/rocky/8.x/x86_64/pkgs/amber/amber22/dat/leap/cmd/leaprc.gaff2 done
>> logFile leap.log
log started: Thu Aug 13 17:28:46 2026

Log file: ./leap.log
>> #
>> # ----- leaprc for loading the general Amber Force field.
>> #       This file is mostly for use with Antechamber
>> #
>> #	load atom type hybridizations
>> #
>> addAtomTypes {
>> 	{ "h1"  "H" "sp3" }
>> 	{ "h2"  "H" "sp3" }
>> 	{ "h3"  "H" "sp3" }
>> 	{ "h4"  "H" "sp3" }
>> 	{ "h5"  "H" "sp3" }
>> 	{ "ha"  "H" "sp3" }
>> 	{ "hc"  "H" "sp3" }
>> 	{ "hn"  "H" "sp3" }
>> 	{ "ho"  "H" "sp3" }
>> 	{ "hp"  "H" "sp3" }
>> 	{ "hs"  "H" "sp3" }
>> 	{ "hw"  "H" "sp3" }
>> 	{ "hx"  "H" "sp3" }
>> 	{ "o"  "O" "sp2" }
>> 	{ "o2"  "O" "sp2" }
>> 	{ "oh"  "O" "sp3" }
>> 	{ "op"  "O" "sp3" }
>> 	{ "oq"  "O" "sp3" }
>> 	{ "os"  "O" "sp3" }
>> 	{ "ow"  "O" "sp3" }
>> 	{ "c"  "C" "sp2" }
>> 	{ "c1"  "C" "sp2" }
>> 	{ "c2"  "C" "sp2" }
>> 	{ "c3"  "C" "sp3" }
>> 	{ "ca"  "C" "sp2" }
>> 	{ "cc"  "C" "sp2" }
>> 	{ "cd"  "C" "sp2" }
>> 	{ "ce"  "C" "sp2" }
>> 	{ "cf"  "C" "sp2" }
>> 	{ "cg"  "C" "sp2" }
>> 	{ "ch"  "C" "sp2" }
>> 	{ "cp"  "C" "sp2" }
>> 	{ "cs"  "C" "sp2" }
>> 	{ "cq"  "C" "sp2" }
>> 	{ "cu"  "C" "sp2" }
>> 	{ "cv"  "C" "sp2" }
>> 	{ "cx"  "C" "sp2" }
>> 	{ "cy"  "C" "sp2" }
>> 	{ "cz"  "C" "sp2" }
>> 	{ "n"   "N" "sp2" }
>> 	{ "n1"  "N" "sp2" }
>> 	{ "n2"  "N" "sp2" }
>> 	{ "n3"  "N" "sp3" }
>> 	{ "n4"  "N" "sp3" }
>> 	{ "n5"  "N" "sp3" }
>> 	{ "n6"  "N" "sp3" }
>> 	{ "n7"  "N" "sp3" }
>> 	{ "n8"  "N" "sp3" }
>> 	{ "n9"  "N" "sp3" }
>> 	{ "na"  "N" "sp2" }
>> 	{ "nb"  "N" "sp2" }
>> 	{ "nc"  "N" "sp2" }
>> 	{ "nd"  "N" "sp2" }
>> 	{ "ne"  "N" "sp2" }
>> 	{ "nf"  "N" "sp2" }
>> 	{ "nh"  "N" "sp2" }
>> 	{ "ni"  "N" "sp2" }
>> 	{ "nj"  "N" "sp2" }
>> 	{ "nk"  "N" "sp3" }
>> 	{ "nl"  "N" "sp3" }
>> 	{ "nm"  "N" "sp2" }
>> 	{ "nn"  "N" "sp2" }
>> 	{ "no"  "N" "sp2" }
>> 	{ "np"  "N" "sp3" }
>> 	{ "nq"  "N" "sp3" }
>> 	{ "ns"  "N" "sp2" }
>> 	{ "nt"  "N" "sp2" }
>> 	{ "nu"  "N" "sp2" }
>> 	{ "nv"  "N" "sp2" }
>> 	{ "nx"  "N" "sp3" }
>> 	{ "ny"  "N" "sp3" }
>> 	{ "nz"  "N" "sp3" }
>> 	{ "n+"  "N" "sp3" }
>> 	{ "s"   "S" "sp2" }
>> 	{ "s2"   "S" "sp2" }
>> 	{ "s3"   "S" "sp3" }
>> 	{ "s4"   "S" "sp3" }
>> 	{ "s6"   "S" "sp3" }
>> 	{ "sh"   "S" "sp3" }
>> 	{ "sp"   "S" "sp3" }
>> 	{ "sq"   "S" "sp3" }
>> 	{ "ss"   "S" "sp3" }
>> 	{ "sx"   "S" "sp3" }
>> 	{ "sy"   "S" "sp3" }
>> 	{ "p2"   "P" "sp2" }
>> 	{ "p3"   "P" "sp3" }
>> 	{ "p4"   "P" "sp3" }
>> 	{ "p5"   "P" "sp3" }
>> 	{ "pb"   "P" "sp3" }
>> 	{ "pc"   "P" "sp3" }
>> 	{ "pd"   "P" "sp3" }
>> 	{ "pe"   "P" "sp3" }
>> 	{ "pf"   "P" "sp3" }
>> 	{ "px"   "P" "sp3" }
>> 	{ "py"   "P" "sp3" }
>> 	{ "f"   "F" "sp3" }
>> 	{ "cl"  "Cl" "sp3" }
>> 	{ "br"  "Br" "sp3" }
>> 	{ "i"   "I"  "sp3" }
>> }
>> #
>> #	Load the general force field parameter set.
>> #
>> gaff = loadamberparams gaff2.dat
Loading parameters: /opt/linux/rocky/8.x/x86_64/pkgs/amber/amber22/dat/leap/parm/gaff2.dat
Reading title:
AMBER General Force Field for organic molecules (Version 2.11, May 2016)
> 
> # NO `loadamberparams frcmod.ions234lm_126_opc` here. That is TIP3P-era naming, no
> # such file ships for OPC, and tleap exits "Could not open file". leaprc.water.opc
> # has already loaded frcmod.ionslm_126_opc. The template inside 38_md_prep.py still
> # carries the bad line; S4's working tleap.in does not, because 38b rewrote it.
> loadamberparams ../A8S.frcmod
Loading parameters: ../A8S.frcmod
Reading force field modification type file (frcmod)
Reading title:
Remark line goes here
> loadoff ../A8S.lib
Loading library: ../A8S.lib
Loading: A8S
> lig = loadpdb aba.pdb
Loading PDB file: ./aba.pdb
Matching PDB residue names to LEaP variables.

/opt/linux/rocky/8.x/x86_64/pkgs/amber/amber22/bin/teLeap: Warning!
Unknown residue: 8S   number: 0   type: Terminal/last
..relaxing end constraints to try for a dbase match

/opt/linux/rocky/8.x/x86_64/pkgs/amber/amber22/bin/teLeap: Warning!
  -no luck
Creating new UNIT for residue: 8S sequence: 1
Created a new atom named: C1 within residue: .R<8S 1>
Created a new atom named: C2 within residue: .R<8S 1>
Created a new atom named: C3 within residue: .R<8S 1>
Created a new atom named: C4 within residue: .R<8S 1>
Created a new atom named: C5 within residue: .R<8S 1>
Created a new atom named: C6 within residue: .R<8S 1>
Created a new atom named: C7 within residue: .R<8S 1>
Created a new atom named: O1 within residue: .R<8S 1>
Created a new atom named: C8 within residue: .R<8S 1>
Created a new atom named: C9 within residue: .R<8S 1>
Created a new atom named: C10 within residue: .R<8S 1>
Created a new atom named: O2 within residue: .R<8S 1>
Created a new atom named: C11 within residue: .R<8S 1>
Created a new atom named: O3 within residue: .R<8S 1>
Created a new atom named: C12 within residue: .R<8S 1>
Created a new atom named: O4 within residue: .R<8S 1>
Created a new atom named: C13 within residue: .R<8S 1>
Created a new atom named: C14 within residue: .R<8S 1>
Created a new atom named: C15 within residue: .R<8S 1>
  total atoms in file: 19
  The file contained 19 atoms not in residue templates
> prot = loadpdb protein.pdb
Loading PDB file: ./protein.pdb
Matching PDB residue names to LEaP variables.
Mapped residue GLY, term: Terminal/beginning, seq. number: 0 to: NGLY.
Mapped residue THR, term: Terminal/last, seq. number: 192 to: CTHR.
Mapped residue MET, term: Terminal/beginning, seq. number: 193 to: NMET.
Mapped residue ALA, term: Terminal/last, seq. number: 335 to: CALA.
  Added missing heavy atom: .R<CTHR 193>.A<OXT 15>
  Added missing heavy atom: .R<CALA 336>.A<OXT 11>
  total atoms in file: 2609
  Leap added 2644 missing atoms according to residue templates:
       2 Heavy
       2642 H / lone pairs
> sys = combine { prot lig }
  Sequence: default_name
  Sequence: default_name
> addions sys Na+ 0
14 Na+ ions required to neutralize.
Adding 14 counter ions to "sys" using 1A grid
Used default radius  1.50 for 19 atoms
Total solute charge:  -14.00  Max atom radius:   1.98
Grid extends from solute vdw + 3.62  to  9.60
Box:
   enclosing:  -34.60 -37.59 -29.95   40.08 52.00 40.96
   sized:			      93.40 90.41 98.05
   edge:        128.00
Resolution:      1.00 Angstrom.
Tree depth: 7
Volume =  3.64% of box, grid points 76359
 (no solvent present)
Calculating grid charges
Placed Na+ in sys at (19.40, -18.59, 11.05).
Placed Na+ in sys at (-27.60, -0.59, -6.95).
Placed Na+ in sys at (-12.60, -24.59, 4.05).
Placed Na+ in sys at (20.40, 16.41, 13.05).
Placed Na+ in sys at (6.40, -2.59, 27.05).
Placed Na+ in sys at (2.40, -26.59, -9.95).
Placed Na+ in sys at (-15.60, 26.41, -6.95).
Placed Na+ in sys at (17.40, 19.41, -10.95).
Placed Na+ in sys at (17.40, -18.59, -6.95).
Placed Na+ in sys at (-14.60, 42.41, -11.95).
Placed Na+ in sys at (0.40, 2.41, -13.95).
Placed Na+ in sys at (28.40, -7.59, 9.05).
Placed Na+ in sys at (-2.60, -18.59, -18.95).
Placed Na+ in sys at (9.40, -28.59, 14.05).

Done adding ions.
> addions sys Cl- 0
 0.000000 0 1 0
0 Cl- ion required to neutralize.
Adding 0 counter ions to "sys" using 1A grid
> solvateoct sys OPCBOX 12.0
 (using default radius 1.500000 for C15)
 (using default radius 1.500000 for C14)
 (using default radius 1.500000 for C13)
 (using default radius 1.500000 for O4)
 (using default radius 1.500000 for C12)
 (using default radius 1.500000 for O3)
 (using default radius 1.500000 for C11)
 (using default radius 1.500000 for O2)
 (using default radius 1.500000 for C10)
 (using default radius 1.500000 for C9)
 (using default radius 1.500000 for C8)
 (using default radius 1.500000 for O1)
 (using default radius 1.500000 for C7)
 (using default radius 1.500000 for C6)
 (using default radius 1.500000 for C5)
 (using default radius 1.500000 for C4)
 (using default radius 1.500000 for C3)
 (using default radius 1.500000 for C2)
 (using default radius 1.500000 for C1)
Scaling up box by a factor of 1.414224 to meet diagonal cut criterion
  Solute vdw bounding box:              74.181 61.604 56.357
  Total bounding box for atom centers:  108.122 108.122 108.122
      (box expansion for 'iso' is  35.5%)
  Solvent unit box:                     18.865 18.478 19.006
The number of boxes:  x= 6  y= 6  z= 6
 (using default radius 1.500000 for C15)
 (using default radius 1.500000 for C14)
 (using default radius 1.500000 for C13)
 (using default radius 1.500000 for O4)
 (using default radius 1.500000 for C12)
 (using default radius 1.500000 for O3)
 (using default radius 1.500000 for C11)
 (using default radius 1.500000 for O2)
 (using default radius 1.500000 for C10)
 (using default radius 1.500000 for C9)
 (using default radius 1.500000 for C8)
 (using default radius 1.500000 for O1)
 (using default radius 1.500000 for C7)
 (using default radius 1.500000 for C6)
 (using default radius 1.500000 for C5)
 (using default radius 1.500000 for C4)
 (using default radius 1.500000 for C3)
 (using default radius 1.500000 for C2)
 (using default radius 1.500000 for C1)
  Volume: 649691.402 A^3 (oct)
  Mass > 355414.858 amu,  Density > 0.908 g/cc
      (type - hence mass - of one or more atoms could not be found)
  Added 17647 residues.
> addionsrand sys Na+ 48 Cl- 48
Adding 96 counter ions to "sys". 17551 solvent molecules will remain.
0: Placed Na+ in sys at (-34.31, 26.75, 7.65).
Placed Cl- in sys at (-21.91, -21.80, -17.27).
0: Placed Na+ in sys at (25.97, 12.00, 17.01).
Placed Cl- in sys at (38.12, -22.10, 8.11).
0: Placed Na+ in sys at (-29.24, 1.18, 30.21).
Placed Cl- in sys at (4.52, 44.91, -12.17).
0: Placed Na+ in sys at (37.18, -31.37, 19.97).
Placed Cl- in sys at (-14.75, -11.20, -26.70).
0: Placed Na+ in sys at (35.87, -26.72, 9.12).
Placed Cl- in sys at (2.90, 43.35, -0.96).
0: Placed Na+ in sys at (-20.56, 41.30, 31.43).
Placed Cl- in sys at (31.50, -6.39, 28.85).
0: Placed Na+ in sys at (-30.15, -24.93, 3.80).
Placed Cl- in sys at (-22.44, -23.95, 31.37).
0: Placed Na+ in sys at (32.04, 7.36, 31.65).
Placed Cl- in sys at (-11.04, -48.41, -10.29).
0: Placed Na+ in sys at (20.82, -16.72, -32.14).
Placed Cl- in sys at (-18.52, -6.63, -38.80).
0: Placed Na+ in sys at (-13.36, -34.62, -18.21).
Placed Cl- in sys at (-17.05, 20.85, 39.47).
0: Placed Na+ in sys at (-2.77, 27.14, -23.74).
Placed Cl- in sys at (36.30, -13.36, 35.67).
0: Placed Na+ in sys at (-33.30, -32.51, 19.34).
Placed Cl- in sys at (22.31, 43.89, -0.97).
0: Placed Na+ in sys at (21.59, -7.10, -38.45).
Placed Cl- in sys at (-10.82, -48.56, 16.11).
0: Placed Na+ in sys at (44.17, 9.42, 6.74).
Placed Cl- in sys at (-16.66, 0.03, -48.80).
0: Placed Na+ in sys at (-36.38, -0.69, -29.98).
Placed Cl- in sys at (-0.15, 13.88, 45.75).
0: Placed Na+ in sys at (-16.95, 4.13, 35.89).
Placed Cl- in sys at (38.14, -19.08, -33.62).
0: Placed Na+ in sys at (12.66, -34.57, 19.87).
Placed Cl- in sys at (-24.87, -8.62, -32.41).
0: Placed Na+ in sys at (12.29, -11.03, -46.28).
Placed Cl- in sys at (-17.23, 12.12, -41.44).
0: Placed Na+ in sys at (13.16, 17.73, -5.67).
Placed Cl- in sys at (-13.07, -18.71, 31.78).
0: Placed Na+ in sys at (11.78, -14.23, 46.21).
Placed Cl- in sys at (-44.76, -0.21, -24.43).
0: Placed Na+ in sys at (-24.41, -2.66, 17.71).
Placed Cl- in sys at (17.63, -38.88, -16.09).
0: Placed Na+ in sys at (-3.90, -0.06, 30.54).
Placed Cl- in sys at (27.44, 36.00, -9.42).
0: Placed Na+ in sys at (35.22, 4.19, -29.44).
Placed Cl- in sys at (33.88, -32.89, 28.57).
0: Placed Na+ in sys at (31.18, 38.37, -13.49).
Placed Cl- in sys at (-26.07, -30.94, 4.14).
0: Placed Na+ in sys at (8.36, 30.26, 14.19).
Placed Cl- in sys at (-15.68, -43.50, -14.82).
0: Placed Na+ in sys at (27.70, 42.56, 7.82).
Placed Cl- in sys at (-12.72, -45.33, -19.28).
0: Placed Na+ in sys at (21.95, -28.46, 25.66).
Placed Cl- in sys at (9.03, -38.25, -36.95).
0: Placed Na+ in sys at (37.14, 31.85, 15.33).
Placed Cl- in sys at (10.89, 26.06, -37.31).
0: Placed Na+ in sys at (-10.86, 16.94, -30.61).
Placed Cl- in sys at (6.83, -25.75, 23.19).
0: Placed Na+ in sys at (-13.39, 13.47, -54.24).
Placed Cl- in sys at (-31.65, -6.80, 32.60).
0: Placed Na+ in sys at (12.99, -28.71, 21.01).
Placed Cl- in sys at (-18.45, -39.20, 1.42).
0: Placed Na+ in sys at (22.19, 41.20, -14.35).
Placed Cl- in sys at (-44.03, -17.42, -6.29).
0: Placed Na+ in sys at (-8.25, 14.55, -49.90).
Placed Cl- in sys at (38.61, 13.06, -8.53).
0: Placed Na+ in sys at (24.95, 0.86, -19.41).
Placed Cl- in sys at (-7.78, -19.13, -30.90).
0: Placed Na+ in sys at (-23.97, 3.55, -44.07).
Placed Cl- in sys at (28.07, -9.51, 46.24).
0: Placed Na+ in sys at (-36.25, 10.45, -0.43).
Placed Cl- in sys at (13.42, 7.82, -28.49).
0: Placed Na+ in sys at (30.12, -11.42, -43.53).
Placed Cl- in sys at (-1.78, -29.41, -37.30).
0: Placed Na+ in sys at (25.52, 32.07, 0.94).
Placed Cl- in sys at (9.73, -0.14, -34.50).
0: Placed Na+ in sys at (37.13, -11.76, -7.73).
Placed Cl- in sys at (-28.79, 17.82, -41.12).
0: Placed Na+ in sys at (13.78, -20.76, -17.38).
Placed Cl- in sys at (2.96, -3.25, 52.12).
0: Placed Na+ in sys at (10.99, -32.53, 31.72).
Placed Cl- in sys at (-15.13, -22.01, 5.18).
0: Placed Na+ in sys at (31.37, -16.97, 38.27).
Placed Cl- in sys at (-11.98, -2.83, 29.20).
0: Placed Na+ in sys at (-44.54, -0.37, 1.98).
Placed Cl- in sys at (-42.81, -12.80, 18.37).
0: Placed Na+ in sys at (-31.91, 36.18, 2.23).
Placed Cl- in sys at (0.57, 44.67, 4.77).
0: Placed Na+ in sys at (12.45, 10.22, 23.12).
Placed Cl- in sys at (6.99, -7.76, 43.88).
0: Placed Na+ in sys at (-26.70, -19.79, -7.76).
Placed Cl- in sys at (35.84, 33.62, 1.96).
0: Placed Na+ in sys at (-2.04, 15.95, 38.28).
Placed Cl- in sys at (15.41, 6.46, -34.18).
0: Placed Na+ in sys at (19.56, -17.49, 45.38).
Placed Cl- in sys at (25.72, 34.46, 15.08).
> charge sys
Total unperturbed charge:   0.000000
Total perturbed charge:     0.000000
> check sys
Checking 'sys'....
FATAL:  Atom .R<8S 337>.A<C15 19> does not have a type.
FATAL:  Atom .R<8S 337>.A<C14 18> does not have a type.
FATAL:  Atom .R<8S 337>.A<C13 17> does not have a type.
FATAL:  Atom .R<8S 337>.A<O4 16> does not have a type.
FATAL:  Atom .R<8S 337>.A<C12 15> does not have a type.
FATAL:  Atom .R<8S 337>.A<O3 14> does not have a type.
FATAL:  Atom .R<8S 337>.A<C11 13> does not have a type.
FATAL:  Atom .R<8S 337>.A<O2 12> does not have a type.
FATAL:  Atom .R<8S 337>.A<C10 11> does not have a type.
FATAL:  Atom .R<8S 337>.A<C9 10> does not have a type.
FATAL:  Atom .R<8S 337>.A<C8 9> does not have a type.
FATAL:  Atom .R<8S 337>.A<O1 8> does not have a type.
FATAL:  Atom .R<8S 337>.A<C7 7> does not have a type.
FATAL:  Atom .R<8S 337>.A<C6 6> does not have a type.
FATAL:  Atom .R<8S 337>.A<C5 5> does not have a type.
FATAL:  Atom .R<8S 337>.A<C4 4> does not have a type.
FATAL:  Atom .R<8S 337>.A<C3 3> does not have a type.
FATAL:  Atom .R<8S 337>.A<C2 2> does not have a type.
FATAL:  Atom .R<8S 337>.A<C1 1> does not have a type.

/opt/linux/rocky/8.x/x86_64/pkgs/amber/amber22/bin/teLeap: Warning!
Close contact of 1.046 angstroms between nonbonded atoms HD23 and HH21
-------  .R<LEU 324>.A<HD23 17> and .R<ARG 198>.A<HH21 21>

/opt/linux/rocky/8.x/x86_64/pkgs/amber/amber22/bin/teLeap: Warning!
Close contact of 1.487 angstroms between nonbonded atoms HZ1 and O
-------  .R<LYS 312>.A<HZ1 18> and .R<LYS 268>.A<O 22>

/opt/linux/rocky/8.x/x86_64/pkgs/amber/amber22/bin/teLeap: Warning!
Close contact of 1.423 angstroms between nonbonded atoms HB3 and HG1
-------  .R<PHE 291>.A<HB3 7> and .R<THR 164>.A<HG1 12>

/opt/linux/rocky/8.x/x86_64/pkgs/amber/amber22/bin/teLeap: Warning!
Close contact of 1.064 angstroms between nonbonded atoms HD3 and HE2
-------  .R<LYS 281>.A<HD3 13> and .R<MET 160>.A<HE2 14>

/opt/linux/rocky/8.x/x86_64/pkgs/amber/amber22/bin/teLeap: Warning!
Close contact of 1.282 angstroms between nonbonded atoms HG1 and HE1
-------  .R<THR 243>.A<HG1 12> and .R<HIE 62>.A<HE1 11>

/opt/linux/rocky/8.x/x86_64/pkgs/amber/amber22/bin/teLeap: Warning!
Close contact of 1.337 angstroms between nonbonded atoms HG22 and HZ2
-------  .R<THR 229>.A<HG22 9> and .R<LYS 172>.A<HZ2 19>

/opt/linux/rocky/8.x/x86_64/pkgs/amber/amber22/bin/teLeap: Warning!
Close contact of 1.390 angstroms between nonbonded atoms HD12 and HB3
-------  .R<LEU 89>.A<HD12 12> and .R<PHE 63>.A<HB3 7>

/opt/linux/rocky/8.x/x86_64/pkgs/amber/amber22/bin/teLeap: Warning!
Close contact of 1.043 angstroms between nonbonded atoms O and HG3
-------  .R<LEU 35>.A<O 19> and .R<MET 3>.A<HG3 10>

/opt/linux/rocky/8.x/x86_64/pkgs/amber/amber22/bin/teLeap: Warning!
Close contact of 1.485 angstroms between nonbonded atoms C14 and C12
-------  .R<8S 337>.A<C14 18> and .R<8S 337>.A<C12 15>

/opt/linux/rocky/8.x/x86_64/pkgs/amber/amber22/bin/teLeap: Warning!
Close contact of 1.464 angstroms between nonbonded atoms C13 and C8
-------  .R<8S 337>.A<C13 17> and .R<8S 337>.A<C8 9>

/opt/linux/rocky/8.x/x86_64/pkgs/amber/amber22/bin/teLeap: Warning!
Close contact of 1.259 angstroms between nonbonded atoms O4 and C1
-------  .R<8S 337>.A<O4 16> and .R<8S 337>.A<C1 1>

/opt/linux/rocky/8.x/x86_64/pkgs/amber/amber22/bin/teLeap: Warning!
Close contact of 1.276 angstroms between nonbonded atoms O3 and C1
-------  .R<8S 337>.A<O3 14> and .R<8S 337>.A<C1 1>

/opt/linux/rocky/8.x/x86_64/pkgs/amber/amber22/bin/teLeap: Warning!
Close contact of 1.467 angstroms between nonbonded atoms C11 and C10
-------  .R<8S 337>.A<C11 13> and .R<8S 337>.A<C10 11>

/opt/linux/rocky/8.x/x86_64/pkgs/amber/amber22/bin/teLeap: Warning!
Close contact of 1.294 angstroms between nonbonded atoms O2 and C10
-------  .R<8S 337>.A<O2 12> and .R<8S 337>.A<C10 11>

/opt/linux/rocky/8.x/x86_64/pkgs/amber/amber22/bin/teLeap: Warning!
Close contact of 1.396 angstroms between nonbonded atoms C10 and C9
-------  .R<8S 337>.A<C10 11> and .R<8S 337>.A<C9 10>

/opt/linux/rocky/8.x/x86_64/pkgs/amber/amber22/bin/teLeap: Warning!
Close contact of 1.378 angstroms between nonbonded atoms C9 and C8
-------  .R<8S 337>.A<C9 10> and .R<8S 337>.A<C8 9>

/opt/linux/rocky/8.x/x86_64/pkgs/amber/amber22/bin/teLeap: Warning!
Close contact of 1.497 angstroms between nonbonded atoms C8 and C7
-------  .R<8S 337>.A<C8 9> and .R<8S 337>.A<C7 7>

/opt/linux/rocky/8.x/x86_64/pkgs/amber/amber22/bin/teLeap: Warning!
Close contact of 1.422 angstroms between nonbonded atoms O1 and C7
-------  .R<8S 337>.A<O1 8> and .R<8S 337>.A<C7 7>

/opt/linux/rocky/8.x/x86_64/pkgs/amber/amber22/bin/teLeap: Warning!
Close contact of 1.392 angstroms between nonbonded atoms C5 and C4
-------  .R<8S 337>.A<C5 5> and .R<8S 337>.A<C4 4>

/opt/linux/rocky/8.x/x86_64/pkgs/amber/amber22/bin/teLeap: Warning!
Close contact of 1.413 angstroms between nonbonded atoms C4 and C3
-------  .R<8S 337>.A<C4 4> and .R<8S 337>.A<C3 3>

/opt/linux/rocky/8.x/x86_64/pkgs/amber/amber22/bin/teLeap: Warning!
Close contact of 1.363 angstroms between nonbonded atoms C3 and C2
-------  .R<8S 337>.A<C3 3> and .R<8S 337>.A<C2 2>

/opt/linux/rocky/8.x/x86_64/pkgs/amber/amber22/bin/teLeap: Warning!
Close contact of 1.474 angstroms between nonbonded atoms C2 and C1
-------  .R<8S 337>.A<C2 2> and .R<8S 337>.A<C1 1>
Checking parameters for unit 'sys'.
Checking for bond parameters.
Checking for angle parameters.
check:  Errors:  19   Warnings: 52675
> saveamberparm sys system.prmtop system.inpcrd
Checking Unit.
FATAL:  Atom .R<8S 337>.A<C15 19> does not have a type.
FATAL:  Atom .R<8S 337>.A<C14 18> does not have a type.
FATAL:  Atom .R<8S 337>.A<C13 17> does not have a type.
FATAL:  Atom .R<8S 337>.A<O4 16> does not have a type.
FATAL:  Atom .R<8S 337>.A<C12 15> does not have a type.
FATAL:  Atom .R<8S 337>.A<O3 14> does not have a type.
FATAL:  Atom .R<8S 337>.A<C11 13> does not have a type.
FATAL:  Atom .R<8S 337>.A<O2 12> does not have a type.
FATAL:  Atom .R<8S 337>.A<C10 11> does not have a type.
FATAL:  Atom .R<8S 337>.A<C9 10> does not have a type.
FATAL:  Atom .R<8S 337>.A<C8 9> does not have a type.
FATAL:  Atom .R<8S 337>.A<O1 8> does not have a type.
FATAL:  Atom .R<8S 337>.A<C7 7> does not have a type.
FATAL:  Atom .R<8S 337>.A<C6 6> does not have a type.
FATAL:  Atom .R<8S 337>.A<C5 5> does not have a type.
FATAL:  Atom .R<8S 337>.A<C4 4> does not have a type.
FATAL:  Atom .R<8S 337>.A<C3 3> does not have a type.
FATAL:  Atom .R<8S 337>.A<C2 2> does not have a type.
FATAL:  Atom .R<8S 337>.A<C1 1> does not have a type.

/opt/linux/rocky/8.x/x86_64/pkgs/amber/amber22/bin/teLeap: Fatal Error!
Failed to generate parameters

Exiting LEaP: Errors = 1; Warnings = 24; Notes = 0.
log started: Thu Aug 13 17:33:51 2026

Log file: ./leap.log
>> #
>> # ----- leaprc for loading the ff19SB force field
>> # ----- NOTE: this is designed for PDB format 3!
>> #
>> #	load atom type hybridizations
>> #
>> addAtomTypes {
>> 	{ "H"   "H" "sp3" }
>> 	{ "HO"  "H" "sp3" }
>> 	{ "HS"  "H" "sp3" }
>> 	{ "H1"  "H" "sp3" }
>> 	{ "H2"  "H" "sp3" }
>> 	{ "H3"  "H" "sp3" }
>> 	{ "H4"  "H" "sp3" }
>> 	{ "H5"  "H" "sp3" }
>> 	{ "HW"  "H" "sp3" }
>> 	{ "HC"  "H" "sp3" }
>> 	{ "HA"  "H" "sp3" }
>> 	{ "HP"  "H" "sp3" }
>> 	{ "HZ"  "H" "sp3" }
>> 	{ "OH"  "O" "sp3" }
>> 	{ "OS"  "O" "sp3" }
>> 	{ "O"   "O" "sp2" }
>> 	{ "O2"  "O" "sp2" }
>> 	{ "OP"  "O" "sp2" }
>> 	{ "OW"  "O" "sp3" }
>> 	{ "CT"  "C" "sp3" }
>> 	{ "CX"  "C" "sp3" }
>> 	{ "XC"  "C" "sp3" }
>> 	{ "C8"  "C" "sp3" }
>> 	{ "2C"  "C" "sp3" }
>> 	{ "3C"  "C" "sp3" }
>> 	{ "CH"  "C" "sp3" }
>> 	{ "CS"  "C" "sp2" }
>> 	{ "C"   "C" "sp2" }
>> 	{ "CO"   "C" "sp2" }
>> 	{ "C*"  "C" "sp2" }
>> 	{ "CA"  "C" "sp2" }
>> 	{ "CB"  "C" "sp2" }
>> 	{ "CC"  "C" "sp2" }
>> 	{ "CN"  "C" "sp2" }
>> 	{ "CM"  "C" "sp2" }
>> 	{ "CK"  "C" "sp2" }
>> 	{ "CQ"  "C" "sp2" }
>> 	{ "CD"  "C" "sp2" }
>> 	{ "C5"  "C" "sp2" }
>> 	{ "C4"  "C" "sp2" }
>> 	{ "CP"  "C" "sp2" }
>> 	{ "CI"  "C" "sp3" }
>> 	{ "CJ"  "C" "sp2" }
>> 	{ "CW"  "C" "sp2" }
>> 	{ "CV"  "C" "sp2" }
>> 	{ "CR"  "C" "sp2" }
>> 	{ "CA"  "C" "sp2" }
>> 	{ "CY"  "C" "sp2" }
>> 	{ "C0"  "Ca" "sp3" }
>> 	{ "MG"  "Mg" "sp3" }
>> 	{ "N"   "N" "sp2" }
>> 	{ "NA"  "N" "sp2" }
>> 	{ "N2"  "N" "sp2" }
>> 	{ "N*"  "N" "sp2" }
>> 	{ "NP"  "N" "sp2" }
>> 	{ "NQ"  "N" "sp2" }
>> 	{ "NB"  "N" "sp2" }
>> 	{ "NC"  "N" "sp2" }
>> 	{ "NT"  "N" "sp3" }
>> 	{ "NY"  "N" "sp2" }
>> 	{ "N3"  "N" "sp3" }
>> 	{ "S"   "S" "sp3" }
>> 	{ "SH"  "S" "sp3" }
>> 	{ "P"   "P" "sp3" }
>> 	{ "LP"  ""  "sp3" }
>> 	{ "EP"  ""  "sp3" }
>> 	{ "F"   "F" "sp3" }
>> 	{ "Cl"  "Cl" "sp3" }
>> 	{ "Br"  "Br" "sp3" }
>> 	{ "I"   "I"  "sp3" }
>> }
>> #
>> #	Load the main parameter set.
>> #
>> set default cmap on
>> parm19 = loadamberparams parm19.dat
Loading parameters: /opt/linux/rocky/8.x/x86_64/pkgs/amber/amber22/dat/leap/parm/parm19.dat
Reading title:
PARM99 + frcmod.ff99SB + frcmod.parmbsc0 + OL3 for RNA + ff19SB
(UNKNOWN ATOM TYPE: Zn)
(UNKNOWN ATOM TYPE: EP)
>> frcmod19SB = loadamberparams frcmod.ff19SB
Loading parameters: /opt/linux/rocky/8.x/x86_64/pkgs/amber/amber22/dat/leap/parm/frcmod.ff19SB
Reading force field modification type file (frcmod)
Reading title:
ff19SB AA-specific backbone CMAPs for protein 07/25/2019
>> #
>> #	Load main chain and terminating amino acid libraries
>> #
>> loadOff amino19.lib
Loading library: /opt/linux/rocky/8.x/x86_64/pkgs/amber/amber22/dat/leap/lib/amino19.lib
Loading: ALA
Loading: ARG
Loading: ASH
Loading: ASN
Loading: ASP
Loading: CYM
Loading: CYS
Loading: CYX
Loading: GLH
Loading: GLN
Loading: GLU
Loading: GLY
Loading: HID
Loading: HIE
Loading: HIP
Loading: HYP
Loading: ILE
Loading: LEU
Loading: LYN
Loading: LYS
Loading: MET
Loading: PHE
Loading: PRO
Loading: SER
Loading: THR
Loading: TRP
Loading: TYR
Loading: VAL
>> loadOff aminoct12.lib
Loading library: /opt/linux/rocky/8.x/x86_64/pkgs/amber/amber22/dat/leap/lib/aminoct12.lib
Loading: CALA
Loading: CARG
Loading: CASN
Loading: CASP
Loading: CCYS
Loading: CCYX
Loading: CGLN
Loading: CGLU
Loading: CGLY
Loading: CHID
Loading: CHIE
Loading: CHIP
Loading: CHYP
Loading: CILE
Loading: CLEU
Loading: CLYS
Loading: CMET
Loading: CPHE
Loading: CPRO
Loading: CSER
Loading: CTHR
Loading: CTRP
Loading: CTYR
Loading: CVAL
Loading: NHE
Loading: NME
>> loadOff aminont12.lib
Loading library: /opt/linux/rocky/8.x/x86_64/pkgs/amber/amber22/dat/leap/lib/aminont12.lib
Loading: ACE
Loading: NALA
Loading: NARG
Loading: NASN
Loading: NASP
Loading: NCYS
Loading: NCYX
Loading: NGLN
Loading: NGLU
Loading: NGLY
Loading: NHID
Loading: NHIE
Loading: NHIP
Loading: NILE
Loading: NLEU
Loading: NLYS
Loading: NMET
Loading: NPHE
Loading: NPRO
Loading: NSER
Loading: NTHR
Loading: NTRP
Loading: NTYR
Loading: NVAL
>> 
>> #
>> #	Define the PDB name map for the amino acids
>> #
>> addPdbResMap {
>>   { 0 "HYP" "NHYP" } { 1 "HYP" "CHYP" }
>>   { 0 "ALA" "NALA" } { 1 "ALA" "CALA" }
>>   { 0 "ARG" "NARG" } { 1 "ARG" "CARG" }
>>   { 0 "ASN" "NASN" } { 1 "ASN" "CASN" }
>>   { 0 "ASP" "NASP" } { 1 "ASP" "CASP" }
>>   { 0 "CYS" "NCYS" } { 1 "CYS" "CCYS" }
>>   { 0 "CYX" "NCYX" } { 1 "CYX" "CCYX" }
>>   { 0 "GLN" "NGLN" } { 1 "GLN" "CGLN" }
>>   { 0 "GLU" "NGLU" } { 1 "GLU" "CGLU" }
>>   { 0 "GLY" "NGLY" } { 1 "GLY" "CGLY" }
>>   { 0 "HID" "NHID" } { 1 "HID" "CHID" }
>>   { 0 "HIE" "NHIE" } { 1 "HIE" "CHIE" }
>>   { 0 "HIP" "NHIP" } { 1 "HIP" "CHIP" }
>>   { 0 "ILE" "NILE" } { 1 "ILE" "CILE" }
>>   { 0 "LEU" "NLEU" } { 1 "LEU" "CLEU" }
>>   { 0 "LYS" "NLYS" } { 1 "LYS" "CLYS" }
>>   { 0 "MET" "NMET" } { 1 "MET" "CMET" }
>>   { 0 "PHE" "NPHE" } { 1 "PHE" "CPHE" }
>>   { 0 "PRO" "NPRO" } { 1 "PRO" "CPRO" }
>>   { 0 "SER" "NSER" } { 1 "SER" "CSER" }
>>   { 0 "THR" "NTHR" } { 1 "THR" "CTHR" }
>>   { 0 "TRP" "NTRP" } { 1 "TRP" "CTRP" }
>>   { 0 "TYR" "NTYR" } { 1 "TYR" "CTYR" }
>>   { 0 "VAL" "NVAL" } { 1 "VAL" "CVAL" }
>>   { 0 "HIS" "NHIS" } { 1 "HIS" "CHIS" }
>> }
>> 
>> #
>> # assume that most often proteins use HIE
>> #
>> NHIS = NHIE
>> HIS = HIE
>> CHIS = CHIE
> 
> source leaprc.water.opc
----- Source: /opt/linux/rocky/8.x/x86_64/pkgs/amber/amber22/dat/leap/cmd/leaprc.water.opc
----- Source of /opt/linux/rocky/8.x/x86_64/pkgs/amber/amber22/dat/leap/cmd/leaprc.water.opc done
>> #
>> #  Load OPC water model and ions for OPC + Li/Merz ion parameters
>> #  (-1 to +4, 12-6 normal usage set)
>> # 
>> addAtomTypes {
>> 	{ "F-"   "F" "sp3" }
>> 	{ "Cl-"  "Cl" "sp3" }
>> 	{ "Br-"  "Br" "sp3" }
>> 	{ "I-"   "I"  "sp3" }
>> 	{ "Li+"  "Li"  "sp3" }
>> 	{ "Na+"  "Na"  "sp3" }
>> 	{ "K+"  "K"  "sp3" }
>> 	{ "Rb+"  "Rb"  "sp3" }
>> 	{ "Cs+"  "Cs"  "sp3" }
>> 	{ "Mg+"  "Mg"  "sp3" }
>>     { "Tl+"  "Tl"  "sp3" }
>>     { "Cu+"  "Cu"  "sp3" }
>>     { "Ag+"  "Ag"  "sp3" }
>>     { "Be2+" "Be"  "sp3" }
>>     { "Cu2+" "Cu"  "sp3" }
>>     { "Ni2+" "Ni"  "sp3" }
>>     { "Pt2+" "Pt"  "sp3" }
>>     { "Zn2+" "Zn"  "sp3" }
>>     { "Co2+" "Co"  "sp3" }
>>     { "Pd2+" "Pd"  "sp3" }
>>     { "Ag2+" "Ag"  "sp3" }
>>     { "Cr2+" "Cr"  "sp3" }
>>     { "Fe2+" "Fe"  "sp3" }
>>     { "Mg2+" "Mg"  "sp3" }
>>     { "V2+"  "V"   "sp3" }
>>     { "Mn2+" "Mn"  "sp3" }
>>     { "Hg2+" "Hg"  "sp3" }
>>     { "Cd2+" "Cd"  "sp3" }
>>     { "Yb2+" "Yb"  "sp3" }
>>     { "Ca2+" "Ca"  "sp3" }
>>     { "Sn2+" "Sn"  "sp3" }
>>     { "Pb2+" "Pb"  "sp3" }
>>     { "Eu2+" "Eu"  "sp3" }
>>     { "Sr2+" "Sr"  "sp3" }
>>     { "Sm2+" "Sm"  "sp3" }
>>     { "Ba2+" "Ba"  "sp3" }
>>     { "Ra2+" "Ra"  "sp3" }
>>     { "Al3+" "Al"  "sp3" }
>>     { "Fe3+" "Fe"  "sp3" }
>>     { "Cr3+" "Cr"  "sp3" }
>>     { "In3+" "In"  "sp3" }
>>     { "Tl3+" "Tl"  "sp3" }
>>     { "Y3+"  "Y"   "sp3" }
>>     { "La3+" "La"  "sp3" }
>>     { "Ce3+" "Ce"  "sp3" }
>>     { "Pr3+" "Pr"  "sp3" }
>>     { "Nd3+" "Nd"  "sp3" }
>>     { "Sm3+" "Sm"  "sp3" }
>>     { "Eu3+" "Eu"  "sp3" }
>>     { "Gd3+" "Gd"  "sp3" }
>>     { "Tb3+" "Tb"  "sp3" }
>>     { "Dy3+" "Dy"  "sp3" }
>>     { "Er3+" "Er"  "sp3" }
>>     { "Tm3+" "Tm"  "sp3" }
>>     { "Lu3+" "Lu"  "sp3" }
>>     { "Hf4+" "Hf"  "sp3" }
>>     { "Zr4+" "Zr"  "sp3" }
>>     { "Ce4+" "Ce"  "sp3" }
>>     { "U4+"  "U"   "sp3" }
>>     { "Pu4+" "Pu"  "sp3" }
>>     { "Th4+" "Th"  "sp3" }
>>     { "OW"   "O"   "sp3" }
>>     { "HW"   "H"   "sp3" }
>>     { "EP"   ""    "sp3" }
>> }
>> loadOff atomic_ions.lib
Loading library: /opt/linux/rocky/8.x/x86_64/pkgs/amber/amber22/dat/leap/lib/atomic_ions.lib
Loading: AG
Loading: AL
Loading: Ag
Loading: BA
Loading: BR
Loading: Be
Loading: CA
Loading: CD
Loading: CE
Loading: CL
Loading: CO
Loading: CR
Loading: CS
Loading: CU
Loading: CU1
Loading: Ce
Loading: Cl-
Loading: Cr
Loading: Dy
Loading: EU
Loading: EU3
Loading: Er
Loading: F
Loading: FE
Loading: FE2
Loading: GD3
Loading: H3O+
Loading: HE+
Loading: HG
Loading: HZ+
Loading: Hf
Loading: IN
Loading: IOD
Loading: K
Loading: K+
Loading: LA
Loading: LI
Loading: LU
Loading: MG
Loading: MN
Loading: NA
Loading: NH4
Loading: NI
Loading: Na+
Loading: Nd
Loading: PB
Loading: PD
Loading: PR
Loading: PT
Loading: Pu
Loading: RB
Loading: Ra
Loading: SM
Loading: SR
Loading: Sm
Loading: Sn
Loading: TB
Loading: TL
Loading: Th
Loading: Tl
Loading: Tm
Loading: U4+
Loading: V2+
Loading: Y
Loading: YB2
Loading: ZN
Loading: Zr
>> loadOff solvents.lib
Loading library: /opt/linux/rocky/8.x/x86_64/pkgs/amber/amber22/dat/leap/lib/solvents.lib
Loading: CHCL3BOX
Loading: DC4
Loading: FB3
Loading: FB3BOX
Loading: FB4
Loading: FB4BOX
Loading: MEOHBOX
Loading: NMABOX
Loading: O3P
Loading: OP3
Loading: OPC
Loading: OPC3BOX
Loading: OPCBOX
Loading: PL3
Loading: POL3BOX
Loading: QSPCFWBOX
Loading: SPC
Loading: SPCBOX
Loading: SPCFWBOX
Loading: SPF
Loading: SPG
Loading: T4E
Loading: TIP3PBOX
Loading: TIP3PFBOX
Loading: TIP4PBOX
Loading: TIP4PEWBOX
Loading: TIP5PBOX
Loading: TP3
Loading: TP4
Loading: TP5
Loading: TPF
>> HOH = OPC
>> WAT = OPC
>> loadAmberParams frcmod.opc
Loading parameters: /opt/linux/rocky/8.x/x86_64/pkgs/amber/amber22/dat/leap/parm/frcmod.opc
Reading force field modification type file (frcmod)
Reading title:
Parameters for OPC water (JPCL, 2014, 5 (21), pp 3863-3871)
(UNKNOWN ATOM TYPE: EP)
>> loadAmberParams frcmod.ionslm_126_opc
Loading parameters: /opt/linux/rocky/8.x/x86_64/pkgs/amber/amber22/dat/leap/parm/frcmod.ionslm_126_opc
Reading force field modification type file (frcmod)
Reading title:
Li/Merz ion parameters of atomic ions for the OPC water model (12-6 set)
>> 
> 
> source leaprc.gaff2
----- Source: /opt/linux/rocky/8.x/x86_64/pkgs/amber/amber22/dat/leap/cmd/leaprc.gaff2
----- Source of /opt/linux/rocky/8.x/x86_64/pkgs/amber/amber22/dat/leap/cmd/leaprc.gaff2 done
>> logFile leap.log
log started: Thu Aug 13 17:33:52 2026

Log file: ./leap.log
>> #
>> # ----- leaprc for loading the general Amber Force field.
>> #       This file is mostly for use with Antechamber
>> #
>> #	load atom type hybridizations
>> #
>> addAtomTypes {
>> 	{ "h1"  "H" "sp3" }
>> 	{ "h2"  "H" "sp3" }
>> 	{ "h3"  "H" "sp3" }
>> 	{ "h4"  "H" "sp3" }
>> 	{ "h5"  "H" "sp3" }
>> 	{ "ha"  "H" "sp3" }
>> 	{ "hc"  "H" "sp3" }
>> 	{ "hn"  "H" "sp3" }
>> 	{ "ho"  "H" "sp3" }
>> 	{ "hp"  "H" "sp3" }
>> 	{ "hs"  "H" "sp3" }
>> 	{ "hw"  "H" "sp3" }
>> 	{ "hx"  "H" "sp3" }
>> 	{ "o"  "O" "sp2" }
>> 	{ "o2"  "O" "sp2" }
>> 	{ "oh"  "O" "sp3" }
>> 	{ "op"  "O" "sp3" }
>> 	{ "oq"  "O" "sp3" }
>> 	{ "os"  "O" "sp3" }
>> 	{ "ow"  "O" "sp3" }
>> 	{ "c"  "C" "sp2" }
>> 	{ "c1"  "C" "sp2" }
>> 	{ "c2"  "C" "sp2" }
>> 	{ "c3"  "C" "sp3" }
>> 	{ "ca"  "C" "sp2" }
>> 	{ "cc"  "C" "sp2" }
>> 	{ "cd"  "C" "sp2" }
>> 	{ "ce"  "C" "sp2" }
>> 	{ "cf"  "C" "sp2" }
>> 	{ "cg"  "C" "sp2" }
>> 	{ "ch"  "C" "sp2" }
>> 	{ "cp"  "C" "sp2" }
>> 	{ "cs"  "C" "sp2" }
>> 	{ "cq"  "C" "sp2" }
>> 	{ "cu"  "C" "sp2" }
>> 	{ "cv"  "C" "sp2" }
>> 	{ "cx"  "C" "sp2" }
>> 	{ "cy"  "C" "sp2" }
>> 	{ "cz"  "C" "sp2" }
>> 	{ "n"   "N" "sp2" }
>> 	{ "n1"  "N" "sp2" }
>> 	{ "n2"  "N" "sp2" }
>> 	{ "n3"  "N" "sp3" }
>> 	{ "n4"  "N" "sp3" }
>> 	{ "n5"  "N" "sp3" }
>> 	{ "n6"  "N" "sp3" }
>> 	{ "n7"  "N" "sp3" }
>> 	{ "n8"  "N" "sp3" }
>> 	{ "n9"  "N" "sp3" }
>> 	{ "na"  "N" "sp2" }
>> 	{ "nb"  "N" "sp2" }
>> 	{ "nc"  "N" "sp2" }
>> 	{ "nd"  "N" "sp2" }
>> 	{ "ne"  "N" "sp2" }
>> 	{ "nf"  "N" "sp2" }
>> 	{ "nh"  "N" "sp2" }
>> 	{ "ni"  "N" "sp2" }
>> 	{ "nj"  "N" "sp2" }
>> 	{ "nk"  "N" "sp3" }
>> 	{ "nl"  "N" "sp3" }
>> 	{ "nm"  "N" "sp2" }
>> 	{ "nn"  "N" "sp2" }
>> 	{ "no"  "N" "sp2" }
>> 	{ "np"  "N" "sp3" }
>> 	{ "nq"  "N" "sp3" }
>> 	{ "ns"  "N" "sp2" }
>> 	{ "nt"  "N" "sp2" }
>> 	{ "nu"  "N" "sp2" }
>> 	{ "nv"  "N" "sp2" }
>> 	{ "nx"  "N" "sp3" }
>> 	{ "ny"  "N" "sp3" }
>> 	{ "nz"  "N" "sp3" }
>> 	{ "n+"  "N" "sp3" }
>> 	{ "s"   "S" "sp2" }
>> 	{ "s2"   "S" "sp2" }
>> 	{ "s3"   "S" "sp3" }
>> 	{ "s4"   "S" "sp3" }
>> 	{ "s6"   "S" "sp3" }
>> 	{ "sh"   "S" "sp3" }
>> 	{ "sp"   "S" "sp3" }
>> 	{ "sq"   "S" "sp3" }
>> 	{ "ss"   "S" "sp3" }
>> 	{ "sx"   "S" "sp3" }
>> 	{ "sy"   "S" "sp3" }
>> 	{ "p2"   "P" "sp2" }
>> 	{ "p3"   "P" "sp3" }
>> 	{ "p4"   "P" "sp3" }
>> 	{ "p5"   "P" "sp3" }
>> 	{ "pb"   "P" "sp3" }
>> 	{ "pc"   "P" "sp3" }
>> 	{ "pd"   "P" "sp3" }
>> 	{ "pe"   "P" "sp3" }
>> 	{ "pf"   "P" "sp3" }
>> 	{ "px"   "P" "sp3" }
>> 	{ "py"   "P" "sp3" }
>> 	{ "f"   "F" "sp3" }
>> 	{ "cl"  "Cl" "sp3" }
>> 	{ "br"  "Br" "sp3" }
>> 	{ "i"   "I"  "sp3" }
>> }
>> #
>> #	Load the general force field parameter set.
>> #
>> gaff = loadamberparams gaff2.dat
Loading parameters: /opt/linux/rocky/8.x/x86_64/pkgs/amber/amber22/dat/leap/parm/gaff2.dat
Reading title:
AMBER General Force Field for organic molecules (Version 2.11, May 2016)
> 
> # NO `loadamberparams frcmod.ions234lm_126_opc` here. That is TIP3P-era naming, no
> # such file ships for OPC, and tleap exits "Could not open file". leaprc.water.opc
> # has already loaded frcmod.ionslm_126_opc. The template inside 38_md_prep.py still
> # carries the bad line; S4's working tleap.in does not, because 38b rewrote it.
> loadamberparams ../A8S.frcmod
Loading parameters: ../A8S.frcmod
Reading force field modification type file (frcmod)
Reading title:
Remark line goes here
> loadoff ../A8S.lib
Loading library: ../A8S.lib
Loading: A8S
> lig = loadpdb aba.pdb
Loading PDB file: ./aba.pdb
Matching PDB residue names to LEaP variables.
  total atoms in file: 19
  Leap added 19 missing atoms according to residue templates:
       19 H / lone pairs
> prot = loadpdb protein.pdb
Loading PDB file: ./protein.pdb
Matching PDB residue names to LEaP variables.
Mapped residue GLY, term: Terminal/beginning, seq. number: 0 to: NGLY.
Mapped residue THR, term: Terminal/last, seq. number: 192 to: CTHR.
Mapped residue MET, term: Terminal/beginning, seq. number: 193 to: NMET.
Mapped residue ALA, term: Terminal/last, seq. number: 335 to: CALA.
  Added missing heavy atom: .R<CTHR 193>.A<OXT 15>
  Added missing heavy atom: .R<CALA 336>.A<OXT 11>
  total atoms in file: 2609
  Leap added 2644 missing atoms according to residue templates:
       2 Heavy
       2642 H / lone pairs
> sys = combine { prot lig }
  Sequence: default_name
  Sequence: default_name
> addions sys Na+ 0
15 Na+ ions required to neutralize.
Adding 15 counter ions to "sys" using 1A grid
Total solute charge:  -15.00  Max atom radius:   1.98
Grid extends from solute vdw + 3.70  to  9.68
Box:
   enclosing:  -34.68 -37.67 -30.03   40.16 52.08 41.04
   sized:			      93.32 90.33 97.97
   edge:        128.00
Resolution:      1.00 Angstrom.
Tree depth: 7
Volume =  3.65% of box, grid points 76604
 (no solvent present)
Calculating grid charges
Placed Na+ in sys at (19.32, -18.67, 10.97).
Placed Na+ in sys at (6.32, -2.67, 26.97).
Placed Na+ in sys at (-27.68, -0.67, -7.03).
Placed Na+ in sys at (20.32, 16.33, 12.97).
Placed Na+ in sys at (-11.68, -24.67, 5.97).
Placed Na+ in sys at (2.32, -26.67, -10.03).
Placed Na+ in sys at (-15.68, 26.33, -7.03).
Placed Na+ in sys at (28.32, -7.67, 8.97).
Placed Na+ in sys at (0.32, 2.33, -14.03).
Placed Na+ in sys at (17.32, -18.67, -7.03).
Placed Na+ in sys at (-14.68, 44.33, -11.03).
Placed Na+ in sys at (17.32, 20.33, -9.03).
Placed Na+ in sys at (-2.68, -18.67, -19.03).
Placed Na+ in sys at (10.32, -28.67, 14.97).
Placed Na+ in sys at (-22.68, -12.67, -14.03).

Done adding ions.
> addions sys Cl- 0

/opt/linux/rocky/8.x/x86_64/pkgs/amber/amber22/bin/teLeap: Warning!
addIons: 1st Ion & target unit have charges of the same sign:
     unit charge = -0.000998; ion1 charge = -1;
     can't neutralize.
> solvateoct sys OPCBOX 12.0
Scaling up box by a factor of 1.420423 to meet diagonal cut criterion
  Solute vdw bounding box:              75.542 61.607 56.334
  Total bounding box for atom centers:  109.632 109.632 109.632
      (box expansion for 'iso' is  38.9%)
  Solvent unit box:                     18.865 18.478 19.006
The number of boxes:  x= 6  y= 6  z= 6
  Volume: 677037.565 A^3 (oct)
  Total mass 372347.934 amu,  Density 0.913 g/cc
  Added 18571 residues.
> addionsrand sys Na+ 0 Cl- 0

/opt/linux/rocky/8.x/x86_64/pkgs/amber/amber22/bin/teLeap: Fatal Error!
addIonsRand: '0' is not allowed as the value for the second ion.


    addIonsRand unit ion1 #ion1 [ion2 #ion2] [separation]

        UNIT      _unit_
        UNIT      _ion1_
        NUMBER    _#ion1_
        UNIT      _ion2_
        NUMBER    _#ion2_
        NUMBER    _separation_

Adds counterions in a shell around _unit_ by replacing random solvent
molecules. If _#ion1_ is 0, the _unit_ is neutralized (_ion1_ must be
opposite in charge to _unit_, and _ion2_ cannot be specified). Otherwise,
the specified numbers of _ion1_ [_ion2_] are added [in alternating order].
If _separation_ is specified, ions will be guaranteed to be more than that
distance apart in Angstroms.

Ions must be monoatomic. This procedure is much faster than addIons, as
it does not calculate charges. Solvent must be present. It must be possible
to position the requested number of ions with the given separation in the
solvent.




Exiting LEaP: Errors = 1; Warnings = 1; Notes = 0.
log started: Thu Aug 13 17:33:57 2026

Log file: ./leap.log
>> #
>> # ----- leaprc for loading the ff19SB force field
>> # ----- NOTE: this is designed for PDB format 3!
>> #
>> #	load atom type hybridizations
>> #
>> addAtomTypes {
>> 	{ "H"   "H" "sp3" }
>> 	{ "HO"  "H" "sp3" }
>> 	{ "HS"  "H" "sp3" }
>> 	{ "H1"  "H" "sp3" }
>> 	{ "H2"  "H" "sp3" }
>> 	{ "H3"  "H" "sp3" }
>> 	{ "H4"  "H" "sp3" }
>> 	{ "H5"  "H" "sp3" }
>> 	{ "HW"  "H" "sp3" }
>> 	{ "HC"  "H" "sp3" }
>> 	{ "HA"  "H" "sp3" }
>> 	{ "HP"  "H" "sp3" }
>> 	{ "HZ"  "H" "sp3" }
>> 	{ "OH"  "O" "sp3" }
>> 	{ "OS"  "O" "sp3" }
>> 	{ "O"   "O" "sp2" }
>> 	{ "O2"  "O" "sp2" }
>> 	{ "OP"  "O" "sp2" }
>> 	{ "OW"  "O" "sp3" }
>> 	{ "CT"  "C" "sp3" }
>> 	{ "CX"  "C" "sp3" }
>> 	{ "XC"  "C" "sp3" }
>> 	{ "C8"  "C" "sp3" }
>> 	{ "2C"  "C" "sp3" }
>> 	{ "3C"  "C" "sp3" }
>> 	{ "CH"  "C" "sp3" }
>> 	{ "CS"  "C" "sp2" }
>> 	{ "C"   "C" "sp2" }
>> 	{ "CO"   "C" "sp2" }
>> 	{ "C*"  "C" "sp2" }
>> 	{ "CA"  "C" "sp2" }
>> 	{ "CB"  "C" "sp2" }
>> 	{ "CC"  "C" "sp2" }
>> 	{ "CN"  "C" "sp2" }
>> 	{ "CM"  "C" "sp2" }
>> 	{ "CK"  "C" "sp2" }
>> 	{ "CQ"  "C" "sp2" }
>> 	{ "CD"  "C" "sp2" }
>> 	{ "C5"  "C" "sp2" }
>> 	{ "C4"  "C" "sp2" }
>> 	{ "CP"  "C" "sp2" }
>> 	{ "CI"  "C" "sp3" }
>> 	{ "CJ"  "C" "sp2" }
>> 	{ "CW"  "C" "sp2" }
>> 	{ "CV"  "C" "sp2" }
>> 	{ "CR"  "C" "sp2" }
>> 	{ "CA"  "C" "sp2" }
>> 	{ "CY"  "C" "sp2" }
>> 	{ "C0"  "Ca" "sp3" }
>> 	{ "MG"  "Mg" "sp3" }
>> 	{ "N"   "N" "sp2" }
>> 	{ "NA"  "N" "sp2" }
>> 	{ "N2"  "N" "sp2" }
>> 	{ "N*"  "N" "sp2" }
>> 	{ "NP"  "N" "sp2" }
>> 	{ "NQ"  "N" "sp2" }
>> 	{ "NB"  "N" "sp2" }
>> 	{ "NC"  "N" "sp2" }
>> 	{ "NT"  "N" "sp3" }
>> 	{ "NY"  "N" "sp2" }
>> 	{ "N3"  "N" "sp3" }
>> 	{ "S"   "S" "sp3" }
>> 	{ "SH"  "S" "sp3" }
>> 	{ "P"   "P" "sp3" }
>> 	{ "LP"  ""  "sp3" }
>> 	{ "EP"  ""  "sp3" }
>> 	{ "F"   "F" "sp3" }
>> 	{ "Cl"  "Cl" "sp3" }
>> 	{ "Br"  "Br" "sp3" }
>> 	{ "I"   "I"  "sp3" }
>> }
>> #
>> #	Load the main parameter set.
>> #
>> set default cmap on
>> parm19 = loadamberparams parm19.dat
Loading parameters: /opt/linux/rocky/8.x/x86_64/pkgs/amber/amber22/dat/leap/parm/parm19.dat
Reading title:
PARM99 + frcmod.ff99SB + frcmod.parmbsc0 + OL3 for RNA + ff19SB
(UNKNOWN ATOM TYPE: Zn)
(UNKNOWN ATOM TYPE: EP)
>> frcmod19SB = loadamberparams frcmod.ff19SB
Loading parameters: /opt/linux/rocky/8.x/x86_64/pkgs/amber/amber22/dat/leap/parm/frcmod.ff19SB
Reading force field modification type file (frcmod)
Reading title:
ff19SB AA-specific backbone CMAPs for protein 07/25/2019
>> #
>> #	Load main chain and terminating amino acid libraries
>> #
>> loadOff amino19.lib
Loading library: /opt/linux/rocky/8.x/x86_64/pkgs/amber/amber22/dat/leap/lib/amino19.lib
Loading: ALA
Loading: ARG
Loading: ASH
Loading: ASN
Loading: ASP
Loading: CYM
Loading: CYS
Loading: CYX
Loading: GLH
Loading: GLN
Loading: GLU
Loading: GLY
Loading: HID
Loading: HIE
Loading: HIP
Loading: HYP
Loading: ILE
Loading: LEU
Loading: LYN
Loading: LYS
Loading: MET
Loading: PHE
Loading: PRO
Loading: SER
Loading: THR
Loading: TRP
Loading: TYR
Loading: VAL
>> loadOff aminoct12.lib
Loading library: /opt/linux/rocky/8.x/x86_64/pkgs/amber/amber22/dat/leap/lib/aminoct12.lib
Loading: CALA
Loading: CARG
Loading: CASN
Loading: CASP
Loading: CCYS
Loading: CCYX
Loading: CGLN
Loading: CGLU
Loading: CGLY
Loading: CHID
Loading: CHIE
Loading: CHIP
Loading: CHYP
Loading: CILE
Loading: CLEU
Loading: CLYS
Loading: CMET
Loading: CPHE
Loading: CPRO
Loading: CSER
Loading: CTHR
Loading: CTRP
Loading: CTYR
Loading: CVAL
Loading: NHE
Loading: NME
>> loadOff aminont12.lib
Loading library: /opt/linux/rocky/8.x/x86_64/pkgs/amber/amber22/dat/leap/lib/aminont12.lib
Loading: ACE
Loading: NALA
Loading: NARG
Loading: NASN
Loading: NASP
Loading: NCYS
Loading: NCYX
Loading: NGLN
Loading: NGLU
Loading: NGLY
Loading: NHID
Loading: NHIE
Loading: NHIP
Loading: NILE
Loading: NLEU
Loading: NLYS
Loading: NMET
Loading: NPHE
Loading: NPRO
Loading: NSER
Loading: NTHR
Loading: NTRP
Loading: NTYR
Loading: NVAL
>> 
>> #
>> #	Define the PDB name map for the amino acids
>> #
>> addPdbResMap {
>>   { 0 "HYP" "NHYP" } { 1 "HYP" "CHYP" }
>>   { 0 "ALA" "NALA" } { 1 "ALA" "CALA" }
>>   { 0 "ARG" "NARG" } { 1 "ARG" "CARG" }
>>   { 0 "ASN" "NASN" } { 1 "ASN" "CASN" }
>>   { 0 "ASP" "NASP" } { 1 "ASP" "CASP" }
>>   { 0 "CYS" "NCYS" } { 1 "CYS" "CCYS" }
>>   { 0 "CYX" "NCYX" } { 1 "CYX" "CCYX" }
>>   { 0 "GLN" "NGLN" } { 1 "GLN" "CGLN" }
>>   { 0 "GLU" "NGLU" } { 1 "GLU" "CGLU" }
>>   { 0 "GLY" "NGLY" } { 1 "GLY" "CGLY" }
>>   { 0 "HID" "NHID" } { 1 "HID" "CHID" }
>>   { 0 "HIE" "NHIE" } { 1 "HIE" "CHIE" }
>>   { 0 "HIP" "NHIP" } { 1 "HIP" "CHIP" }
>>   { 0 "ILE" "NILE" } { 1 "ILE" "CILE" }
>>   { 0 "LEU" "NLEU" } { 1 "LEU" "CLEU" }
>>   { 0 "LYS" "NLYS" } { 1 "LYS" "CLYS" }
>>   { 0 "MET" "NMET" } { 1 "MET" "CMET" }
>>   { 0 "PHE" "NPHE" } { 1 "PHE" "CPHE" }
>>   { 0 "PRO" "NPRO" } { 1 "PRO" "CPRO" }
>>   { 0 "SER" "NSER" } { 1 "SER" "CSER" }
>>   { 0 "THR" "NTHR" } { 1 "THR" "CTHR" }
>>   { 0 "TRP" "NTRP" } { 1 "TRP" "CTRP" }
>>   { 0 "TYR" "NTYR" } { 1 "TYR" "CTYR" }
>>   { 0 "VAL" "NVAL" } { 1 "VAL" "CVAL" }
>>   { 0 "HIS" "NHIS" } { 1 "HIS" "CHIS" }
>> }
>> 
>> #
>> # assume that most often proteins use HIE
>> #
>> NHIS = NHIE
>> HIS = HIE
>> CHIS = CHIE
> 
> source leaprc.water.opc
----- Source: /opt/linux/rocky/8.x/x86_64/pkgs/amber/amber22/dat/leap/cmd/leaprc.water.opc
----- Source of /opt/linux/rocky/8.x/x86_64/pkgs/amber/amber22/dat/leap/cmd/leaprc.water.opc done
>> #
>> #  Load OPC water model and ions for OPC + Li/Merz ion parameters
>> #  (-1 to +4, 12-6 normal usage set)
>> # 
>> addAtomTypes {
>> 	{ "F-"   "F" "sp3" }
>> 	{ "Cl-"  "Cl" "sp3" }
>> 	{ "Br-"  "Br" "sp3" }
>> 	{ "I-"   "I"  "sp3" }
>> 	{ "Li+"  "Li"  "sp3" }
>> 	{ "Na+"  "Na"  "sp3" }
>> 	{ "K+"  "K"  "sp3" }
>> 	{ "Rb+"  "Rb"  "sp3" }
>> 	{ "Cs+"  "Cs"  "sp3" }
>> 	{ "Mg+"  "Mg"  "sp3" }
>>     { "Tl+"  "Tl"  "sp3" }
>>     { "Cu+"  "Cu"  "sp3" }
>>     { "Ag+"  "Ag"  "sp3" }
>>     { "Be2+" "Be"  "sp3" }
>>     { "Cu2+" "Cu"  "sp3" }
>>     { "Ni2+" "Ni"  "sp3" }
>>     { "Pt2+" "Pt"  "sp3" }
>>     { "Zn2+" "Zn"  "sp3" }
>>     { "Co2+" "Co"  "sp3" }
>>     { "Pd2+" "Pd"  "sp3" }
>>     { "Ag2+" "Ag"  "sp3" }
>>     { "Cr2+" "Cr"  "sp3" }
>>     { "Fe2+" "Fe"  "sp3" }
>>     { "Mg2+" "Mg"  "sp3" }
>>     { "V2+"  "V"   "sp3" }
>>     { "Mn2+" "Mn"  "sp3" }
>>     { "Hg2+" "Hg"  "sp3" }
>>     { "Cd2+" "Cd"  "sp3" }
>>     { "Yb2+" "Yb"  "sp3" }
>>     { "Ca2+" "Ca"  "sp3" }
>>     { "Sn2+" "Sn"  "sp3" }
>>     { "Pb2+" "Pb"  "sp3" }
>>     { "Eu2+" "Eu"  "sp3" }
>>     { "Sr2+" "Sr"  "sp3" }
>>     { "Sm2+" "Sm"  "sp3" }
>>     { "Ba2+" "Ba"  "sp3" }
>>     { "Ra2+" "Ra"  "sp3" }
>>     { "Al3+" "Al"  "sp3" }
>>     { "Fe3+" "Fe"  "sp3" }
>>     { "Cr3+" "Cr"  "sp3" }
>>     { "In3+" "In"  "sp3" }
>>     { "Tl3+" "Tl"  "sp3" }
>>     { "Y3+"  "Y"   "sp3" }
>>     { "La3+" "La"  "sp3" }
>>     { "Ce3+" "Ce"  "sp3" }
>>     { "Pr3+" "Pr"  "sp3" }
>>     { "Nd3+" "Nd"  "sp3" }
>>     { "Sm3+" "Sm"  "sp3" }
>>     { "Eu3+" "Eu"  "sp3" }
>>     { "Gd3+" "Gd"  "sp3" }
>>     { "Tb3+" "Tb"  "sp3" }
>>     { "Dy3+" "Dy"  "sp3" }
>>     { "Er3+" "Er"  "sp3" }
>>     { "Tm3+" "Tm"  "sp3" }
>>     { "Lu3+" "Lu"  "sp3" }
>>     { "Hf4+" "Hf"  "sp3" }
>>     { "Zr4+" "Zr"  "sp3" }
>>     { "Ce4+" "Ce"  "sp3" }
>>     { "U4+"  "U"   "sp3" }
>>     { "Pu4+" "Pu"  "sp3" }
>>     { "Th4+" "Th"  "sp3" }
>>     { "OW"   "O"   "sp3" }
>>     { "HW"   "H"   "sp3" }
>>     { "EP"   ""    "sp3" }
>> }
>> loadOff atomic_ions.lib
Loading library: /opt/linux/rocky/8.x/x86_64/pkgs/amber/amber22/dat/leap/lib/atomic_ions.lib
Loading: AG
Loading: AL
Loading: Ag
Loading: BA
Loading: BR
Loading: Be
Loading: CA
Loading: CD
Loading: CE
Loading: CL
Loading: CO
Loading: CR
Loading: CS
Loading: CU
Loading: CU1
Loading: Ce
Loading: Cl-
Loading: Cr
Loading: Dy
Loading: EU
Loading: EU3
Loading: Er
Loading: F
Loading: FE
Loading: FE2
Loading: GD3
Loading: H3O+
Loading: HE+
Loading: HG
Loading: HZ+
Loading: Hf
Loading: IN
Loading: IOD
Loading: K
Loading: K+
Loading: LA
Loading: LI
Loading: LU
Loading: MG
Loading: MN
Loading: NA
Loading: NH4
Loading: NI
Loading: Na+
Loading: Nd
Loading: PB
Loading: PD
Loading: PR
Loading: PT
Loading: Pu
Loading: RB
Loading: Ra
Loading: SM
Loading: SR
Loading: Sm
Loading: Sn
Loading: TB
Loading: TL
Loading: Th
Loading: Tl
Loading: Tm
Loading: U4+
Loading: V2+
Loading: Y
Loading: YB2
Loading: ZN
Loading: Zr
>> loadOff solvents.lib
Loading library: /opt/linux/rocky/8.x/x86_64/pkgs/amber/amber22/dat/leap/lib/solvents.lib
Loading: CHCL3BOX
Loading: DC4
Loading: FB3
Loading: FB3BOX
Loading: FB4
Loading: FB4BOX
Loading: MEOHBOX
Loading: NMABOX
Loading: O3P
Loading: OP3
Loading: OPC
Loading: OPC3BOX
Loading: OPCBOX
Loading: PL3
Loading: POL3BOX
Loading: QSPCFWBOX
Loading: SPC
Loading: SPCBOX
Loading: SPCFWBOX
Loading: SPF
Loading: SPG
Loading: T4E
Loading: TIP3PBOX
Loading: TIP3PFBOX
Loading: TIP4PBOX
Loading: TIP4PEWBOX
Loading: TIP5PBOX
Loading: TP3
Loading: TP4
Loading: TP5
Loading: TPF
>> HOH = OPC
>> WAT = OPC
>> loadAmberParams frcmod.opc
Loading parameters: /opt/linux/rocky/8.x/x86_64/pkgs/amber/amber22/dat/leap/parm/frcmod.opc
Reading force field modification type file (frcmod)
Reading title:
Parameters for OPC water (JPCL, 2014, 5 (21), pp 3863-3871)
(UNKNOWN ATOM TYPE: EP)
>> loadAmberParams frcmod.ionslm_126_opc
Loading parameters: /opt/linux/rocky/8.x/x86_64/pkgs/amber/amber22/dat/leap/parm/frcmod.ionslm_126_opc
Reading force field modification type file (frcmod)
Reading title:
Li/Merz ion parameters of atomic ions for the OPC water model (12-6 set)
>> 
> 
> source leaprc.gaff2
----- Source: /opt/linux/rocky/8.x/x86_64/pkgs/amber/amber22/dat/leap/cmd/leaprc.gaff2
----- Source of /opt/linux/rocky/8.x/x86_64/pkgs/amber/amber22/dat/leap/cmd/leaprc.gaff2 done
>> logFile leap.log
log started: Thu Aug 13 17:33:57 2026

Log file: ./leap.log
>> #
>> # ----- leaprc for loading the general Amber Force field.
>> #       This file is mostly for use with Antechamber
>> #
>> #	load atom type hybridizations
>> #
>> addAtomTypes {
>> 	{ "h1"  "H" "sp3" }
>> 	{ "h2"  "H" "sp3" }
>> 	{ "h3"  "H" "sp3" }
>> 	{ "h4"  "H" "sp3" }
>> 	{ "h5"  "H" "sp3" }
>> 	{ "ha"  "H" "sp3" }
>> 	{ "hc"  "H" "sp3" }
>> 	{ "hn"  "H" "sp3" }
>> 	{ "ho"  "H" "sp3" }
>> 	{ "hp"  "H" "sp3" }
>> 	{ "hs"  "H" "sp3" }
>> 	{ "hw"  "H" "sp3" }
>> 	{ "hx"  "H" "sp3" }
>> 	{ "o"  "O" "sp2" }
>> 	{ "o2"  "O" "sp2" }
>> 	{ "oh"  "O" "sp3" }
>> 	{ "op"  "O" "sp3" }
>> 	{ "oq"  "O" "sp3" }
>> 	{ "os"  "O" "sp3" }
>> 	{ "ow"  "O" "sp3" }
>> 	{ "c"  "C" "sp2" }
>> 	{ "c1"  "C" "sp2" }
>> 	{ "c2"  "C" "sp2" }
>> 	{ "c3"  "C" "sp3" }
>> 	{ "ca"  "C" "sp2" }
>> 	{ "cc"  "C" "sp2" }
>> 	{ "cd"  "C" "sp2" }
>> 	{ "ce"  "C" "sp2" }
>> 	{ "cf"  "C" "sp2" }
>> 	{ "cg"  "C" "sp2" }
>> 	{ "ch"  "C" "sp2" }
>> 	{ "cp"  "C" "sp2" }
>> 	{ "cs"  "C" "sp2" }
>> 	{ "cq"  "C" "sp2" }
>> 	{ "cu"  "C" "sp2" }
>> 	{ "cv"  "C" "sp2" }
>> 	{ "cx"  "C" "sp2" }
>> 	{ "cy"  "C" "sp2" }
>> 	{ "cz"  "C" "sp2" }
>> 	{ "n"   "N" "sp2" }
>> 	{ "n1"  "N" "sp2" }
>> 	{ "n2"  "N" "sp2" }
>> 	{ "n3"  "N" "sp3" }
>> 	{ "n4"  "N" "sp3" }
>> 	{ "n5"  "N" "sp3" }
>> 	{ "n6"  "N" "sp3" }
>> 	{ "n7"  "N" "sp3" }
>> 	{ "n8"  "N" "sp3" }
>> 	{ "n9"  "N" "sp3" }
>> 	{ "na"  "N" "sp2" }
>> 	{ "nb"  "N" "sp2" }
>> 	{ "nc"  "N" "sp2" }
>> 	{ "nd"  "N" "sp2" }
>> 	{ "ne"  "N" "sp2" }
>> 	{ "nf"  "N" "sp2" }
>> 	{ "nh"  "N" "sp2" }
>> 	{ "ni"  "N" "sp2" }
>> 	{ "nj"  "N" "sp2" }
>> 	{ "nk"  "N" "sp3" }
>> 	{ "nl"  "N" "sp3" }
>> 	{ "nm"  "N" "sp2" }
>> 	{ "nn"  "N" "sp2" }
>> 	{ "no"  "N" "sp2" }
>> 	{ "np"  "N" "sp3" }
>> 	{ "nq"  "N" "sp3" }
>> 	{ "ns"  "N" "sp2" }
>> 	{ "nt"  "N" "sp2" }
>> 	{ "nu"  "N" "sp2" }
>> 	{ "nv"  "N" "sp2" }
>> 	{ "nx"  "N" "sp3" }
>> 	{ "ny"  "N" "sp3" }
>> 	{ "nz"  "N" "sp3" }
>> 	{ "n+"  "N" "sp3" }
>> 	{ "s"   "S" "sp2" }
>> 	{ "s2"   "S" "sp2" }
>> 	{ "s3"   "S" "sp3" }
>> 	{ "s4"   "S" "sp3" }
>> 	{ "s6"   "S" "sp3" }
>> 	{ "sh"   "S" "sp3" }
>> 	{ "sp"   "S" "sp3" }
>> 	{ "sq"   "S" "sp3" }
>> 	{ "ss"   "S" "sp3" }
>> 	{ "sx"   "S" "sp3" }
>> 	{ "sy"   "S" "sp3" }
>> 	{ "p2"   "P" "sp2" }
>> 	{ "p3"   "P" "sp3" }
>> 	{ "p4"   "P" "sp3" }
>> 	{ "p5"   "P" "sp3" }
>> 	{ "pb"   "P" "sp3" }
>> 	{ "pc"   "P" "sp3" }
>> 	{ "pd"   "P" "sp3" }
>> 	{ "pe"   "P" "sp3" }
>> 	{ "pf"   "P" "sp3" }
>> 	{ "px"   "P" "sp3" }
>> 	{ "py"   "P" "sp3" }
>> 	{ "f"   "F" "sp3" }
>> 	{ "cl"  "Cl" "sp3" }
>> 	{ "br"  "Br" "sp3" }
>> 	{ "i"   "I"  "sp3" }
>> }
>> #
>> #	Load the general force field parameter set.
>> #
>> gaff = loadamberparams gaff2.dat
Loading parameters: /opt/linux/rocky/8.x/x86_64/pkgs/amber/amber22/dat/leap/parm/gaff2.dat
Reading title:
AMBER General Force Field for organic molecules (Version 2.11, May 2016)
> 
> # NO `loadamberparams frcmod.ions234lm_126_opc` here. That is TIP3P-era naming, no
> # such file ships for OPC, and tleap exits "Could not open file". leaprc.water.opc
> # has already loaded frcmod.ionslm_126_opc. The template inside 38_md_prep.py still
> # carries the bad line; S4's working tleap.in does not, because 38b rewrote it.
> loadamberparams ../A8S.frcmod
Loading parameters: ../A8S.frcmod
Reading force field modification type file (frcmod)
Reading title:
Remark line goes here
> loadoff ../A8S.lib
Loading library: ../A8S.lib
Loading: A8S
> lig = loadpdb aba.pdb
Loading PDB file: ./aba.pdb
Matching PDB residue names to LEaP variables.
  total atoms in file: 19
  Leap added 19 missing atoms according to residue templates:
       19 H / lone pairs
> prot = loadpdb protein.pdb
Loading PDB file: ./protein.pdb
Matching PDB residue names to LEaP variables.
Mapped residue GLY, term: Terminal/beginning, seq. number: 0 to: NGLY.
Mapped residue THR, term: Terminal/last, seq. number: 192 to: CTHR.
Mapped residue MET, term: Terminal/beginning, seq. number: 193 to: NMET.
Mapped residue ALA, term: Terminal/last, seq. number: 335 to: CALA.
  Added missing heavy atom: .R<CTHR 193>.A<OXT 15>
  Added missing heavy atom: .R<CALA 336>.A<OXT 11>
  total atoms in file: 2609
  Leap added 2644 missing atoms according to residue templates:
       2 Heavy
       2642 H / lone pairs
> sys = combine { prot lig }
  Sequence: default_name
  Sequence: default_name
> addions sys Na+ 0
15 Na+ ions required to neutralize.
Adding 15 counter ions to "sys" using 1A grid
Total solute charge:  -15.00  Max atom radius:   1.98
Grid extends from solute vdw + 3.70  to  9.68
Box:
   enclosing:  -34.68 -37.67 -30.03   40.16 52.08 41.04
   sized:			      93.32 90.33 97.97
   edge:        128.00
Resolution:      1.00 Angstrom.
Tree depth: 7
Volume =  3.65% of box, grid points 76604
 (no solvent present)
Calculating grid charges
Placed Na+ in sys at (19.32, -18.67, 10.97).
Placed Na+ in sys at (6.32, -2.67, 26.97).
Placed Na+ in sys at (-27.68, -0.67, -7.03).
Placed Na+ in sys at (20.32, 16.33, 12.97).
Placed Na+ in sys at (-11.68, -24.67, 5.97).
Placed Na+ in sys at (2.32, -26.67, -10.03).
Placed Na+ in sys at (-15.68, 26.33, -7.03).
Placed Na+ in sys at (28.32, -7.67, 8.97).
Placed Na+ in sys at (0.32, 2.33, -14.03).
Placed Na+ in sys at (17.32, -18.67, -7.03).
Placed Na+ in sys at (-14.68, 44.33, -11.03).
Placed Na+ in sys at (17.32, 20.33, -9.03).
Placed Na+ in sys at (-2.68, -18.67, -19.03).
Placed Na+ in sys at (10.32, -28.67, 14.97).
Placed Na+ in sys at (-22.68, -12.67, -14.03).

Done adding ions.
> addions sys Cl- 0

/opt/linux/rocky/8.x/x86_64/pkgs/amber/amber22/bin/teLeap: Warning!
addIons: 1st Ion & target unit have charges of the same sign:
     unit charge = -0.000998; ion1 charge = -1;
     can't neutralize.
> solvateoct sys OPCBOX 12.0
Scaling up box by a factor of 1.420423 to meet diagonal cut criterion
  Solute vdw bounding box:              75.542 61.607 56.334
  Total bounding box for atom centers:  109.632 109.632 109.632
      (box expansion for 'iso' is  38.9%)
  Solvent unit box:                     18.865 18.478 19.006
The number of boxes:  x= 6  y= 6  z= 6
  Volume: 677037.565 A^3 (oct)
  Total mass 372347.934 amu,  Density 0.913 g/cc
  Added 18571 residues.
> addionsrand sys Na+ 50 Cl- 50
Adding 100 counter ions to "sys". 18471 solvent molecules will remain.
0: Placed Na+ in sys at (-32.25, 0.59, 4.11).
Placed Cl- in sys at (25.10, -7.79, 31.61).
0: Placed Na+ in sys at (27.60, 19.23, 21.45).
Placed Cl- in sys at (11.46, -19.38, 34.94).
0: Placed Na+ in sys at (-22.12, -26.89, 2.89).
Placed Cl- in sys at (8.63, 15.89, -24.48).
0: Placed Na+ in sys at (-36.29, -0.39, -5.95).
Placed Cl- in sys at (3.62, 30.68, 18.00).
0: Placed Na+ in sys at (9.26, 46.34, 20.73).
Placed Cl- in sys at (16.83, 14.81, -13.81).
0: Placed Na+ in sys at (-6.31, -26.45, 39.23).
Placed Cl- in sys at (-45.80, 29.30, 14.96).
0: Placed Na+ in sys at (-9.62, 1.16, 31.82).
Placed Cl- in sys at (-45.53, 9.15, -20.41).
0: Placed Na+ in sys at (15.57, -37.40, 31.61).
Placed Cl- in sys at (-14.95, -25.49, 13.23).
0: Placed Na+ in sys at (-4.52, 25.16, -2.98).
Placed Cl- in sys at (19.74, 19.07, -17.11).
0: Placed Na+ in sys at (13.93, -14.81, -22.21).
Placed Cl- in sys at (-31.89, 27.19, 23.32).
0: Placed Na+ in sys at (-14.88, 40.27, -10.40).
Placed Cl- in sys at (11.88, -12.54, -28.77).
0: Placed Na+ in sys at (-25.49, 0.20, 32.59).
Placed Cl- in sys at (-8.78, -2.97, 40.04).
0: Placed Na+ in sys at (17.36, -20.43, 25.20).
Placed Cl- in sys at (45.59, -5.33, 8.23).
0: Placed Na+ in sys at (-36.36, -12.62, 21.07).
Placed Cl- in sys at (0.41, -29.92, 38.99).
0: Placed Na+ in sys at (4.24, 46.74, -20.04).
Placed Cl- in sys at (-20.47, -0.91, -18.30).
0: Placed Na+ in sys at (21.25, -17.14, 20.95).
Placed Cl- in sys at (-24.88, -2.45, -34.82).
0: Placed Na+ in sys at (-44.87, 22.20, -13.75).
Placed Cl- in sys at (35.12, -19.14, -15.81).
0: Placed Na+ in sys at (25.90, -16.88, 15.06).
Placed Cl- in sys at (-11.08, -10.80, -42.28).
0: Placed Na+ in sys at (-31.87, 3.62, -11.19).
Placed Cl- in sys at (-3.80, 21.89, 39.67).
0: Placed Na+ in sys at (-14.90, -20.73, 14.64).
Placed Cl- in sys at (36.07, 7.73, 31.61).
0: Placed Na+ in sys at (16.26, -27.01, -46.67).
Placed Cl- in sys at (37.56, -17.60, -31.08).
0: Placed Na+ in sys at (-27.15, -24.28, -9.60).
Placed Cl- in sys at (-20.79, -15.79, -17.41).
0: Placed Na+ in sys at (-2.46, 8.08, -45.15).
Placed Cl- in sys at (17.79, 25.98, -11.76).
0: Placed Na+ in sys at (-37.67, 24.72, 27.58).
Placed Cl- in sys at (-30.80, 22.85, 0.62).
0: Placed Na+ in sys at (13.12, -45.00, -27.28).
Placed Cl- in sys at (-45.64, 15.86, 16.18).
0: Placed Na+ in sys at (-20.10, -47.68, 11.36).
Placed Cl- in sys at (40.86, 19.44, 16.57).
0: Placed Na+ in sys at (-18.83, -13.97, -31.21).
Placed Cl- in sys at (-3.09, -17.85, -8.14).
0: Placed Na+ in sys at (6.61, -30.72, -31.81).
Placed Cl- in sys at (23.77, 33.13, -15.81).
0: Placed Na+ in sys at (-1.58, -29.68, -10.61).
Placed Cl- in sys at (36.56, 23.74, 25.54).
0: Placed Na+ in sys at (30.21, -15.03, -5.13).
Placed Cl- in sys at (-32.37, -1.99, 5.05).
0: Placed Na+ in sys at (-25.84, -20.75, -12.85).
Placed Cl- in sys at (-14.67, -25.39, -15.97).
0: Placed Na+ in sys at (-23.61, -16.12, -30.52).
Placed Cl- in sys at (-19.93, -24.57, 35.56).
0: Placed Na+ in sys at (14.90, 12.61, -23.02).
Placed Cl- in sys at (45.54, 22.01, 12.68).
0: Placed Na+ in sys at (-9.77, -15.30, -38.57).
Placed Cl- in sys at (-11.01, -45.13, -13.82).
0: Placed Na+ in sys at (20.34, -0.65, 22.56).
Placed Cl- in sys at (11.40, -17.91, 22.90).
0: Placed Na+ in sys at (-39.06, -17.53, 0.62).
Placed Cl- in sys at (35.28, 1.55, -7.82).
0: Placed Na+ in sys at (6.38, 18.85, 31.98).
Placed Cl- in sys at (-10.58, 38.80, -38.71).
0: Placed Na+ in sys at (36.61, -3.68, -19.75).
Placed Cl- in sys at (-9.82, -43.99, 10.34).
0: Placed Na+ in sys at (31.56, 38.81, -10.53).
Placed Cl- in sys at (11.09, -40.97, 9.83).
0: Placed Na+ in sys at (14.59, -10.45, -36.08).
Placed Cl- in sys at (11.72, 24.99, -0.87).
0: Placed Na+ in sys at (21.61, 6.61, 30.66).
Placed Cl- in sys at (-21.13, -7.26, 43.85).
0: Placed Na+ in sys at (-28.85, 7.79, 45.98).
Placed Cl- in sys at (-8.89, -28.45, 18.70).
0: Placed Na+ in sys at (44.12, 11.00, -24.55).
Placed Cl- in sys at (-14.22, -12.14, 34.96).
0: Placed Na+ in sys at (46.40, 19.44, -2.75).
Placed Cl- in sys at (-41.02, 11.86, 12.85).
0: Placed Na+ in sys at (-18.76, 35.26, 12.39).
Placed Cl- in sys at (33.76, 5.13, -19.07).
0: Placed Na+ in sys at (33.10, 4.51, 37.21).
Placed Cl- in sys at (45.86, -14.62, -0.98).
0: Placed Na+ in sys at (-25.03, -14.10, 3.57).
Placed Cl- in sys at (30.65, 1.84, 19.88).
0: Placed Na+ in sys at (17.87, 40.38, 16.28).
Placed Cl- in sys at (-9.45, -42.34, -19.59).
0: Placed Na+ in sys at (8.01, 33.30, 32.94).
Placed Cl- in sys at (-8.48, 43.79, -8.35).
0: Placed Na+ in sys at (-21.34, 1.81, -40.61).
Placed Cl- in sys at (32.80, 4.21, 23.78).
> charge sys
Total unperturbed charge:  -0.000998
Total perturbed charge:    -0.000998
> check sys
Checking 'sys'....

/opt/linux/rocky/8.x/x86_64/pkgs/amber/amber22/bin/teLeap: Warning!
Close contact of 1.046 angstroms between nonbonded atoms HD23 and HH21
-------  .R<LEU 324>.A<HD23 17> and .R<ARG 198>.A<HH21 21>

/opt/linux/rocky/8.x/x86_64/pkgs/amber/amber22/bin/teLeap: Warning!
Close contact of 1.487 angstroms between nonbonded atoms HZ1 and O
-------  .R<LYS 312>.A<HZ1 18> and .R<LYS 268>.A<O 22>

/opt/linux/rocky/8.x/x86_64/pkgs/amber/amber22/bin/teLeap: Warning!
Close contact of 1.423 angstroms between nonbonded atoms HB3 and HG1
-------  .R<PHE 291>.A<HB3 7> and .R<THR 164>.A<HG1 12>

/opt/linux/rocky/8.x/x86_64/pkgs/amber/amber22/bin/teLeap: Warning!
Close contact of 1.064 angstroms between nonbonded atoms HD3 and HE2
-------  .R<LYS 281>.A<HD3 13> and .R<MET 160>.A<HE2 14>

/opt/linux/rocky/8.x/x86_64/pkgs/amber/amber22/bin/teLeap: Warning!
Close contact of 1.282 angstroms between nonbonded atoms HG1 and HE1
-------  .R<THR 243>.A<HG1 12> and .R<HIE 62>.A<HE1 11>

/opt/linux/rocky/8.x/x86_64/pkgs/amber/amber22/bin/teLeap: Warning!
Close contact of 1.337 angstroms between nonbonded atoms HG22 and HZ2
-------  .R<THR 229>.A<HG22 9> and .R<LYS 172>.A<HZ2 19>

/opt/linux/rocky/8.x/x86_64/pkgs/amber/amber22/bin/teLeap: Warning!
Close contact of 1.390 angstroms between nonbonded atoms HD12 and HB3
-------  .R<LEU 89>.A<HD12 12> and .R<PHE 63>.A<HB3 7>

/opt/linux/rocky/8.x/x86_64/pkgs/amber/amber22/bin/teLeap: Warning!
Close contact of 1.043 angstroms between nonbonded atoms O and HG3
-------  .R<LEU 35>.A<O 19> and .R<MET 3>.A<HG3 10>
Checking parameters for unit 'sys'.
Checking for bond parameters.
Checking for angle parameters.
check:  Warnings: 55421
Unit is OK.
> saveamberparm sys system.prmtop system.inpcrd
Checking Unit.

/opt/linux/rocky/8.x/x86_64/pkgs/amber/amber22/bin/teLeap: Note.
Ignoring the warnings from Unit Checking.

Building topology.
Building atom parameters.
Building bond parameters.
Building angle parameters.
Building proper torsion parameters.
Building improper torsion parameters.
 total 997 improper torsions applied
Building H-Bond parameters.
Incorporating Non-Bonded adjustments.
Not Marking per-residue atom chain types.
Marking per-residue atom chain types.
  (Residues lacking connect0/connect1 - 
   these don't have chain types marked:

	res	total affected

	A8S	1
	CALA	1
	CTHR	1
	NGLY	1
	NMET	1
  )
 (no restraints)
> savepdb sys system_solvated.pdb
Writing pdb file: system_solvated.pdb
   printing CRYST1 record to PDB file with box info

/opt/linux/rocky/8.x/x86_64/pkgs/amber/amber22/bin/teLeap: Warning!
 Converting N-terminal residue name to PDB format: NGLY -> GLY

/opt/linux/rocky/8.x/x86_64/pkgs/amber/amber22/bin/teLeap: Warning!
 Converting C-terminal residue name to PDB format: CTHR -> THR

/opt/linux/rocky/8.x/x86_64/pkgs/amber/amber22/bin/teLeap: Warning!
 Converting N-terminal residue name to PDB format: NMET -> MET

/opt/linux/rocky/8.x/x86_64/pkgs/amber/amber22/bin/teLeap: Warning!
 Converting C-terminal residue name to PDB format: CALA -> ALA
> quit
	Quit

Exiting LEaP: Errors = 0; Warnings = 13; Notes = 1.
