
          -------------------------------------------------------
          Amber 22 PMEMD                              2022
          -------------------------------------------------------

| PMEMD implementation of SANDER, Release 22

|  Compiled date/time: Thu Apr 14 11:06:37 2022
| Run on 09/01/2026 at 11:46:50

|   Executable path: pmemd.cuda
| Working directory: /bigdata/cutlerlab/jjaco081/PYR1_pocket_expansion/data/posecheck/aba_crystal/rep2
|          Hostname: gpu09

  [-O]verwriting output

File Assignments:
|   MDIN: prod.in                                                               
|  MDOUT: prod.out                                                              
| INPCRD: eq2.rst7                                                              
|   PARM: /bigdata/cutlerlab/jjaco081/PYR1_pocket_expansion/data/posecheck/aba_c
| RESTRT: prod.rst7                                                             
|   REFC: refc                                                                  
|  MDVEL: mdvel                                                                 
|   MDEN: mden                                                                  
|  MDCRD: prod.nc                                                               
| MDINFO: prod.info                                                             
|  MDFRC: mdfrc                                                                 


 Here is the input file:

NPT production, 10000000 steps remaining, frames every 10 ps                   
 &cntrl                                                                        
  imin=0, irest=1, ntx=5,                                                      
  nstlim=10000000, dt=0.002,                                                   
  ntc=2, ntf=2, cut=10.0,                                                      
  ntb=2, ntp=1, barostat=2, pres0=1.0, taup=2.0,                               
  ntt=3, gamma_ln=2.0, ig=-1, temp0=300.0,                                     
  ntr=0,                                                                       
  ntpr=25000, ntwx=5000, ntwr=5000,                                            
  iwrap=1,                                                                     
 /                                                                             


Note: ig = -1. Setting random seed to   425075 based on wallclock time in 
      microseconds.
| irandom = 1, using AMBER's internal random number generator (default).
 
|--------------------- INFORMATION ----------------------
| GPU (CUDA) Version of PMEMD in use: NVIDIA GPU IN USE.
|                    Version 18.0.0
| 
|                      03/25/2018
| 
| Implementation by:
|                    Ross C. Walker     (SDSC)
|                    Scott Le Grand     (nVIDIA)
| 
| Version 18 performance extensions by:
|                    David Cerutti     (Rutgers)
| 
| Precision model in use:
|      [SPFP] - Single Precision Forces, 64-bit Fixed Point
|               Accumulation. (Default)
| 
|--------------------------------------------------------
 
|----------------- CITATION INFORMATION -----------------
|
|    When publishing work that utilized the CUDA version
|    of AMBER, please cite the following in addition to
|    the regular AMBER citations:
|
|  - Romelia Salomon-Ferrer; Andreas W. Goetz; Duncan
|    Poole; Scott Le Grand; Ross C. Walker "Routine
|    microsecond molecular dynamics simulations with
|    AMBER - Part II: Particle Mesh Ewald", J. Chem.
|    Theory Comput., 2013, 9 (9), pp3878-3888,
|    DOI: 10.1021/ct400314y.
|
|  - Andreas W. Goetz; Mark J. Williamson; Dong Xu;
|    Duncan Poole; Scott Le Grand; Ross C. Walker
|    "Routine microsecond molecular dynamics simulations
|    with AMBER - Part I: Generalized Born", J. Chem.
|    Theory Comput., 2012, 8 (5), pp1542-1555.
|
|  - Scott Le Grand; Andreas W. Goetz; Ross C. Walker
|    "SPFP: Speed without compromise - a mixed precision
|    model for GPU accelerated molecular dynamics
|    simulations.", Comp. Phys. Comm., 2013, 184
|    pp374-380, DOI: 10.1016/j.cpc.2012.09.022
|
|--------------------------------------------------------
 
|------------------- GPU DEVICE INFO --------------------
|
|            CUDA_VISIBLE_DEVICES: 0
|   CUDA Capable Devices Detected:      1
|           CUDA Device ID in use:      0
|                CUDA Device Name: NVIDIA RTX 6000 Ada Generation
|     CUDA Device Global Mem Size:  48510 MB
| CUDA Device Num Multiprocessors:    142
|           CUDA Device Core Freq:   2.50 GHz
|
|--------------------------------------------------------
 
 
| Conditional Compilation Defines Used:
| PUBFFT
| BINTRAJ
| CUDA
| EMIL

| Largest sphere to fit in unit cell has radius =    30.901

| New format PARM file being parsed.
| Version =    1.000 Date = 09/01/26 Time = 11:33:49

| Note: 1-4 EEL scale factors are being read from the topology file.

| Note: 1-4 VDW scale factors are being read from the topology file.
| INFO:    Virtual site frames will be inferred from bonding patterns.
| Duplicated    0 dihedrals

| Duplicated    0 dihedrals

--------------------------------------------------------------------------------
   1.  RESOURCE   USE: 
--------------------------------------------------------------------------------

 getting box info from netcdf restart file
 NATOM  =   43861 NTYPES =      26 NBONH =   32118 MBONA  =   11708
 NTHETH =    3249 MTHETA =    2007 NPHIH =    6624 MPHIA  =    6358
 NHPARM =       0 NPARM  =       0 NNB   =   87569 NRES   =   10470
 NBONA  =   11708 NTHETA =    2007 NPHIA =    6358 NUMBND =      92
 NUMANG =     206 NPTRA  =     217 NATYP =      50 NPHB   =       0
 IFBOX  =       2 NMXRS  =      38 IFCAP =       0 NEXTRA =   10228
 NCOPY  =       0


| Coordinate Index Table dimensions:    12   12   12
| Direct force subcell size =     6.3077    6.3077    6.3077

     BOX TYPE: TRUNCATED OCTAHEDRON

--------------------------------------------------------------------------------
   2.  CONTROL  DATA  FOR  THE  RUN
--------------------------------------------------------------------------------

default_name                                                                    

General flags:
     imin    =       0, nmropt  =       0

Nature and format of input:
     ntx     =       5, irest   =       1, ntrx    =       1

Nature and format of output:
     ntxo    =       2, ntpr    =   25000, ntrx    =       1, ntwr    =    5000
     iwrap   =       1, ntwx    =    5000, ntwv    =       0, ntwe    =       0
     ioutfm  =       1, ntwprt  =       0, idecomp =       0, rbornstat=      0

Potential function:
     ntf     =       2, ntb     =       2, igb     =       0, nsnb    =      25
     ipol    =       0, gbsa    =       0, iesp    =       0
     dielc   =   1.00000, cut     =  10.00000, intdiel =   1.00000

Frozen or restrained atoms:
     ibelly  =       0, ntr     =       0

Molecular dynamics:
     nstlim  =  10000000, nscm    =      1000, nrespa  =         1
     t       =   0.00000, dt      =   0.00200, vlimit  =  -1.00000

Langevin dynamics temperature regulation:
     ig      =  425075
     temp0   = 300.00000, tempi   =   0.00000, gamma_ln=   2.00000

Pressure regulation:
     ntp     =       1
     pres0   =   1.00000, comp    =  44.60000, taup    =   2.00000
     Monte-Carlo Barostat:
     mcbarint  =     100

SHAKE:
     ntc     =       2, jfastw  =       0
     tol     =   0.00001

| Intermolecular bonds treatment:
|     no_intermolecular_bonds =       1

| Energy averages sample interval:
|     ene_avg_sampling =   25000

Extra-points options:
     frameon =       1, chngmask=       1

Ewald parameters:
     verbose =       0, ew_type =       0, nbflag  =       1, use_pme =       1
     vdwmeth =       1, eedmeth =       1, netfrc  =       1
     Box X =   75.693   Box Y =   75.693   Box Z =   75.693
     Alpha =  109.471   Beta  =  109.471   Gamma =  109.471
     NFFT1 =   80       NFFT2 =   80       NFFT3 =   80
     Cutoff=   10.000   Tol   =0.100E-04
     Ewald Coefficient =  0.27511
     Interpolation order =    4
|      EXTRA_PTS, trim_bonds: num bonds BEFORE trim = 32118     0
|      EXTRA_PTS, trim_bonds: num bonds AFTER  trim = 32118     0
|      EXTRA_PTS, trim_bonds: num bonds BEFORE trim = 11708     0
|      EXTRA_PTS, trim_bonds: num bonds AFTER  trim =  1480     0
|      EXTRA_PTS, trim_theta: num angle BEFORE trim =  3249     0
|      EXTRA_PTS, trim_theta: num angle AFTER  trim =  3249     0
|      EXTRA_PTS, trim_theta: num angle BEFORE trim =  2007     0
|      EXTRA_PTS, trim_theta: num angle AFTER  trim =  2007     0
|      EXTRA_PTS, trim_phi:  num diheds BEFORE trim =  6624     0
|      EXTRA_PTS, trim_phi:  num diheds AFTER  trim =  6624     0
|      EXTRA_PTS, trim_phi:  num diheds BEFORE trim =  6358     0
|      EXTRA_PTS, trim_phi:  num diheds AFTER  trim =  6358     0
| MONTE CARLO BAROSTAT IMPORTANT NOTE:
|   The Monte-Carlo barostat does not require the virial to adjust the system volume.
|   Since it is an expensive calculation, it is skipped for efficiency. A side-effect
|   is that the reported pressure is always 0 because it is not calculated.

--------------------------------------------------------------------------------
   3.  ATOMIC COORDINATES AND VELOCITIES
--------------------------------------------------------------------------------

default_name                                                                    
 begin time read from input coords =  1700.000 ps

 
 Number of triangulated 3-point waters found:    10228

     Sum of charges from parm topology file =  -0.00094292
     Forcing neutrality...

| Dynamic Memory, Types Used:
| Reals             1887941
| Integers          4330408

| Nonbonded Pairs Initial Allocation:    13266855

| GPU memory information (estimate):
| KB of GPU memory in use:    388389
| KB of CPU memory in use:     97960

--------------------------------------------------------------------------------
   4.  RESULTS
--------------------------------------------------------------------------------

| MC Barostat: Decreasing size of volume moves
| MC Barostat: Decreasing size of volume moves
| MC Barostat: Decreasing size of volume moves
| MC Barostat: Decreasing size of volume moves
wrapping first mol.:      -75.72101        0.00000        0.00000
wrapping first mol.:      -75.72101        0.00000        0.00000
| MC Barostat: Decreasing size of volume moves
| MC Barostat: Decreasing size of volume moves
wrapping first mol.:      -75.71765        0.00000        0.00000
wrapping first mol.:      -75.71765        0.00000        0.00000
| MC Barostat: Decreasing size of volume moves
| MC Barostat: Decreasing size of volume moves
| MC Barostat: Decreasing size of volume moves
wrapping first mol.:      -75.76131        0.00000        0.00000
wrapping first mol.:      -75.76131        0.00000        0.00000
| MC Barostat: Decreasing size of volume moves
| MC Barostat: Decreasing size of volume moves
| MC Barostat: Decreasing size of volume moves
wrapping first mol.:      -75.62624        0.00000        0.00000
wrapping first mol.:      -75.62624        0.00000        0.00000
| MC Barostat: Decreasing size of volume moves
wrapping first mol.:      -75.57137        0.00000        0.00000
wrapping first mol.:      -75.57137        0.00000        0.00000

 NSTEP =    25000   TIME(PS) =    1750.000  TEMP(K) =   300.71  PRESS =     0.0
 Etot   =   -117027.9944  EKtot   =     20550.7656  EPtot      =   -137578.7601
 BOND   =       555.4994  ANGLE   =      1494.1971  DIHED      =      1026.2951
 UB     =         0.0000  IMP     =         0.0000  CMAP       =       142.8710
 1-4 NB =       638.9638  1-4 EEL =      5930.2817  VDWAALS    =     16380.8177
 EELEC  =   -163747.6860  EHBOND  =         0.0000  RESTRAINT  =         0.0000
 EKCMT  =         0.0000  VIRIAL  =         0.0000  VOLUME     =    332238.5570
                                                    Density    =         1.0360
 ------------------------------------------------------------------------------

wrapping first mol.:      -75.60186        0.00000        0.00000
wrapping first mol.:      -75.60186        0.00000        0.00000
wrapping first mol.:      -75.63184        0.00000        0.00000
wrapping first mol.:      -75.63184        0.00000        0.00000
wrapping first mol.:      -75.68664        0.00000        0.00000
wrapping first mol.:      -75.68664        0.00000        0.00000
wrapping first mol.:      -75.66780        0.00000        0.00000
wrapping first mol.:      -75.66780        0.00000        0.00000
wrapping first mol.:      -75.72655        0.00000        0.00000
wrapping first mol.:      -75.72655        0.00000        0.00000

 NSTEP =    50000   TIME(PS) =    1800.000  TEMP(K) =   300.34  PRESS =     0.0
 Etot   =   -117075.8037  EKtot   =     20525.3633  EPtot      =   -137601.1670
 BOND   =       542.5114  ANGLE   =      1464.0589  DIHED      =      1023.0384
 UB     =         0.0000  IMP     =         0.0000  CMAP       =       130.9885
 1-4 NB =       650.1288  1-4 EEL =      5906.5834  VDWAALS    =     16455.9703
 EELEC  =   -163774.4468  EHBOND  =         0.0000  RESTRAINT  =         0.0000
 EKCMT  =         0.0000  VIRIAL  =         0.0000  VOLUME     =    334289.3818
                                                    Density    =         1.0296
 ------------------------------------------------------------------------------

wrapping first mol.:      -75.71216        0.00000        0.00000
wrapping first mol.:      -75.71216        0.00000        0.00000
wrapping first mol.:      -75.58268        0.00000        0.00000
wrapping first mol.:      -75.58268        0.00000        0.00000
wrapping first mol.:      -75.57221        0.00000        0.00000
wrapping first mol.:      -75.57221        0.00000        0.00000
wrapping first mol.:      -75.65644        0.00000        0.00000
wrapping first mol.:      -75.65644        0.00000        0.00000
wrapping first mol.:      -75.51958        0.00000        0.00000
wrapping first mol.:      -75.51958        0.00000        0.00000

 NSTEP =    75000   TIME(PS) =    1850.000  TEMP(K) =   298.44  PRESS =     0.0
 Etot   =   -117102.1899  EKtot   =     20395.4648  EPtot      =   -137497.6547
 BOND   =       599.5513  ANGLE   =      1501.3465  DIHED      =      1008.3479
 UB     =         0.0000  IMP     =         0.0000  CMAP       =       137.6093
 1-4 NB =       648.2544  1-4 EEL =      5855.9267  VDWAALS    =     16895.7979
 EELEC  =   -164144.4886  EHBOND  =         0.0000  RESTRAINT  =         0.0000
 EKCMT  =         0.0000  VIRIAL  =         0.0000  VOLUME     =    331555.9985
                                                    Density    =         1.0381
 ------------------------------------------------------------------------------

wrapping first mol.:      -75.61662        0.00000        0.00000
wrapping first mol.:      -75.61662        0.00000        0.00000
wrapping first mol.:      -75.59768        0.00000        0.00000
wrapping first mol.:      -75.59768        0.00000        0.00000
wrapping first mol.:      -75.61154        0.00000        0.00000
wrapping first mol.:      -75.61154        0.00000        0.00000
wrapping first mol.:      -75.73990        0.00000        0.00000
wrapping first mol.:      -75.73990        0.00000        0.00000
wrapping first mol.:      -75.63655        0.00000        0.00000
wrapping first mol.:      -75.63655        0.00000        0.00000

 NSTEP =   100000   TIME(PS) =    1900.000  TEMP(K) =   299.70  PRESS =     0.0
 Etot   =   -117342.3512  EKtot   =     20481.8418  EPtot      =   -137824.1930
 BOND   =       551.3979  ANGLE   =      1512.8628  DIHED      =       992.1143
 UB     =         0.0000  IMP     =         0.0000  CMAP       =       136.5860
 1-4 NB =       628.9824  1-4 EEL =      5860.5609  VDWAALS    =     16588.8234
 EELEC  =   -164095.5207  EHBOND  =         0.0000  RESTRAINT  =         0.0000
 EKCMT  =         0.0000  VIRIAL  =         0.0000  VOLUME     =    333098.9545
                                                    Density    =         1.0333
 ------------------------------------------------------------------------------

wrapping first mol.:      -75.65112        0.00000        0.00000
wrapping first mol.:      -75.65112        0.00000        0.00000
wrapping first mol.:      -75.60093        0.00000        0.00000
wrapping first mol.:      -75.60093        0.00000        0.00000
wrapping first mol.:      -75.72422        0.00000        0.00000
wrapping first mol.:      -75.72422        0.00000        0.00000
wrapping first mol.:      -75.62886        0.00000        0.00000
wrapping first mol.:      -75.62886        0.00000        0.00000
wrapping first mol.:      -75.69558        0.00000        0.00000
wrapping first mol.:      -75.69558        0.00000        0.00000

 NSTEP =   125000   TIME(PS) =    1950.000  TEMP(K) =   304.08  PRESS =     0.0
 Etot   =   -116891.6003  EKtot   =     20780.9043  EPtot      =   -137672.5046
 BOND   =       558.4002  ANGLE   =      1544.7820  DIHED      =       991.9026
 UB     =         0.0000  IMP     =         0.0000  CMAP       =       152.7852
 1-4 NB =       642.6228  1-4 EEL =      5817.8932  VDWAALS    =     16477.3280
 EELEC  =   -163858.2185  EHBOND  =         0.0000  RESTRAINT  =         0.0000
 EKCMT  =         0.0000  VIRIAL  =         0.0000  VOLUME     =    333879.5088
                                                    Density    =         1.0309
 ------------------------------------------------------------------------------

wrapping first mol.:      -75.64977        0.00000        0.00000
wrapping first mol.:      -75.64977        0.00000        0.00000
wrapping first mol.:      -75.60708        0.00000        0.00000
wrapping first mol.:      -75.60708        0.00000        0.00000
wrapping first mol.:      -75.64282        0.00000        0.00000
wrapping first mol.:      -75.64282        0.00000        0.00000
wrapping first mol.:      -75.67827        0.00000        0.00000
wrapping first mol.:      -75.67827        0.00000        0.00000
wrapping first mol.:      -75.63400        0.00000        0.00000
wrapping first mol.:      -75.63400        0.00000        0.00000

 NSTEP =   150000   TIME(PS) =    2000.000  TEMP(K) =   302.45  PRESS =     0.0
 Etot   =   -117229.3920  EKtot   =     20669.2676  EPtot      =   -137898.6596
 BOND   =       558.2514  ANGLE   =      1509.3448  DIHED      =      1009.7598
 UB     =         0.0000  IMP     =         0.0000  CMAP       =       146.1409
 1-4 NB =       661.1701  1-4 EEL =      5870.1302  VDWAALS    =     16376.9072
 EELEC  =   -164030.3640  EHBOND  =         0.0000  RESTRAINT  =         0.0000
 EKCMT  =         0.0000  VIRIAL  =         0.0000  VOLUME     =    333065.2611
                                                    Density    =         1.0334
 ------------------------------------------------------------------------------

wrapping first mol.:      -75.66616        0.00000        0.00000
wrapping first mol.:      -75.66616        0.00000        0.00000
wrapping first mol.:      -75.74303        0.00000        0.00000
wrapping first mol.:      -75.74303        0.00000        0.00000
wrapping first mol.:      -75.65879        0.00000        0.00000
wrapping first mol.:      -75.65879        0.00000        0.00000
wrapping first mol.:      -75.76044        0.00000        0.00000
wrapping first mol.:      -75.76044        0.00000        0.00000
wrapping first mol.:      -75.73280        0.00000        0.00000
wrapping first mol.:      -75.73280        0.00000        0.00000

 NSTEP =   175000   TIME(PS) =    2050.000  TEMP(K) =   296.93  PRESS =     0.0
 Etot   =   -117388.7886  EKtot   =     20292.5508  EPtot      =   -137681.3394
 BOND   =       552.8576  ANGLE   =      1486.6362  DIHED      =      1016.8715
 UB     =         0.0000  IMP     =         0.0000  CMAP       =       143.3874
 1-4 NB =       634.5203  1-4 EEL =      5812.5381  VDWAALS    =     16190.5405
 EELEC  =   -163518.6911  EHBOND  =         0.0000  RESTRAINT  =         0.0000
 EKCMT  =         0.0000  VIRIAL  =         0.0000  VOLUME     =    334372.2325
                                                    Density    =         1.0294
 ------------------------------------------------------------------------------

wrapping first mol.:      -75.66997        0.00000        0.00000
wrapping first mol.:      -75.66997        0.00000        0.00000
wrapping first mol.:      -75.69989        0.00000        0.00000
wrapping first mol.:      -75.69989        0.00000        0.00000
wrapping first mol.:      -75.65776        0.00000        0.00000
wrapping first mol.:      -75.65776        0.00000        0.00000
wrapping first mol.:      -75.65847        0.00000        0.00000
wrapping first mol.:      -75.65847        0.00000        0.00000
wrapping first mol.:      -75.64941        0.00000        0.00000
wrapping first mol.:      -75.64941        0.00000        0.00000

 NSTEP =   200000   TIME(PS) =    2100.000  TEMP(K) =   304.61  PRESS =     0.0
 Etot   =   -116861.7896  EKtot   =     20816.9727  EPtot      =   -137678.7622
 BOND   =       574.1199  ANGLE   =      1481.5598  DIHED      =      1003.6910
 UB     =         0.0000  IMP     =         0.0000  CMAP       =       141.2746
 1-4 NB =       634.5714  1-4 EEL =      5881.7732  VDWAALS    =     16203.0398
 EELEC  =   -163598.7920  EHBOND  =         0.0000  RESTRAINT  =         0.0000
 EKCMT  =         0.0000  VIRIAL  =         0.0000  VOLUME     =    333268.8776
                                                    Density    =         1.0328
 ------------------------------------------------------------------------------

wrapping first mol.:      -75.64094        0.00000        0.00000
wrapping first mol.:      -75.64094        0.00000        0.00000
wrapping first mol.:      -75.68159        0.00000        0.00000
wrapping first mol.:      -75.68159        0.00000        0.00000
wrapping first mol.:      -75.64647        0.00000        0.00000
wrapping first mol.:      -75.64647        0.00000        0.00000
wrapping first mol.:      -75.69683        0.00000        0.00000
wrapping first mol.:      -75.69683        0.00000        0.00000
wrapping first mol.:      -75.57428        0.00000        0.00000
wrapping first mol.:      -75.57428        0.00000        0.00000

 NSTEP =   225000   TIME(PS) =    2150.000  TEMP(K) =   302.95  PRESS =     0.0
 Etot   =   -116868.9950  EKtot   =     20703.5527  EPtot      =   -137572.5477
 BOND   =       537.0375  ANGLE   =      1544.6848  DIHED      =      1042.5090
 UB     =         0.0000  IMP     =         0.0000  CMAP       =       135.7855
 1-4 NB =       667.0447  1-4 EEL =      5834.4950  VDWAALS    =     16278.6990
 EELEC  =   -163612.8032  EHBOND  =         0.0000  RESTRAINT  =         0.0000
 EKCMT  =         0.0000  VIRIAL  =         0.0000  VOLUME     =    332276.9411
                                                    Density    =         1.0359
 ------------------------------------------------------------------------------

wrapping first mol.:      -75.75776        0.00000        0.00000
wrapping first mol.:      -75.75776        0.00000        0.00000
wrapping first mol.:      -75.77528        0.00000        0.00000
wrapping first mol.:      -75.77528        0.00000        0.00000
wrapping first mol.:      -75.73794        0.00000        0.00000
wrapping first mol.:      -75.73794        0.00000        0.00000
wrapping first mol.:      -75.74398        0.00000        0.00000
wrapping first mol.:      -75.74398        0.00000        0.00000
wrapping first mol.:      -75.63644        0.00000        0.00000
wrapping first mol.:      -75.63644        0.00000        0.00000

 NSTEP =   250000   TIME(PS) =    2200.000  TEMP(K) =   301.36  PRESS =     0.0
 Etot   =   -117319.1478  EKtot   =     20595.0469  EPtot      =   -137914.1947
 BOND   =       534.6457  ANGLE   =      1498.6834  DIHED      =       980.5936
 UB     =         0.0000  IMP     =         0.0000  CMAP       =       142.8220
 1-4 NB =       662.1139  1-4 EEL =      5861.6758  VDWAALS    =     16713.1528
 EELEC  =   -164307.8818  EHBOND  =         0.0000  RESTRAINT  =         0.0000
 EKCMT  =         0.0000  VIRIAL  =         0.0000  VOLUME     =    333097.5384
                                                    Density    =         1.0333
 ------------------------------------------------------------------------------

wrapping first mol.:      -75.71690        0.00000        0.00000
wrapping first mol.:      -75.71690        0.00000        0.00000
wrapping first mol.:      -75.58963        0.00000        0.00000
wrapping first mol.:      -75.58963        0.00000        0.00000
wrapping first mol.:      -75.58054        0.00000        0.00000
wrapping first mol.:      -75.58054        0.00000        0.00000
wrapping first mol.:      -75.65147        0.00000        0.00000
wrapping first mol.:      -75.65147        0.00000        0.00000
wrapping first mol.:      -75.69299        0.00000        0.00000
wrapping first mol.:      -75.69299        0.00000        0.00000

 NSTEP =   275000   TIME(PS) =    2250.000  TEMP(K) =   298.17  PRESS =     0.0
 Etot   =   -117394.2558  EKtot   =     20377.0098  EPtot      =   -137771.2656
 BOND   =       546.5773  ANGLE   =      1553.2977  DIHED      =      1011.3896
 UB     =         0.0000  IMP     =         0.0000  CMAP       =       146.9540
 1-4 NB =       646.0827  1-4 EEL =      5895.5123  VDWAALS    =     16287.4600
 EELEC  =   -163858.5392  EHBOND  =         0.0000  RESTRAINT  =         0.0000
 EKCMT  =         0.0000  VIRIAL  =         0.0000  VOLUME     =    333845.2184
                                                    Density    =         1.0310
 ------------------------------------------------------------------------------

wrapping first mol.:      -75.60433        0.00000        0.00000
wrapping first mol.:      -75.60433        0.00000        0.00000
wrapping first mol.:      -75.74481        0.00000        0.00000
wrapping first mol.:      -75.74481        0.00000        0.00000
wrapping first mol.:      -75.62731        0.00000        0.00000
wrapping first mol.:      -75.62731        0.00000        0.00000
wrapping first mol.:      -75.66874        0.00000        0.00000
wrapping first mol.:      -75.66874        0.00000        0.00000
wrapping first mol.:      -75.70609        0.00000        0.00000
wrapping first mol.:      -75.70609        0.00000        0.00000

 NSTEP =   300000   TIME(PS) =    2300.000  TEMP(K) =   298.45  PRESS =     0.0
 Etot   =   -117323.0862  EKtot   =     20396.1641  EPtot      =   -137719.2503
 BOND   =       548.9823  ANGLE   =      1539.7524  DIHED      =      1017.2814
 UB     =         0.0000  IMP     =         0.0000  CMAP       =       136.7989
 1-4 NB =       657.2518  1-4 EEL =      5884.6656  VDWAALS    =     16438.0280
 EELEC  =   -163942.0107  EHBOND  =         0.0000  RESTRAINT  =         0.0000
 EKCMT  =         0.0000  VIRIAL  =         0.0000  VOLUME     =    334018.4923
                                                    Density    =         1.0305
 ------------------------------------------------------------------------------

wrapping first mol.:      -75.58517        0.00000        0.00000
wrapping first mol.:      -75.58517        0.00000        0.00000
wrapping first mol.:      -75.65038        0.00000        0.00000
wrapping first mol.:      -75.65038        0.00000        0.00000
wrapping first mol.:      -75.61401        0.00000        0.00000
wrapping first mol.:      -75.61401        0.00000        0.00000
wrapping first mol.:      -75.67532        0.00000        0.00000
wrapping first mol.:      -75.67532        0.00000        0.00000
wrapping first mol.:      -75.68137        0.00000        0.00000
wrapping first mol.:      -75.68137        0.00000        0.00000

 NSTEP =   325000   TIME(PS) =    2350.000  TEMP(K) =   300.00  PRESS =     0.0
 Etot   =   -117432.5695  EKtot   =     20502.0078  EPtot      =   -137934.5773
 BOND   =       554.5649  ANGLE   =      1518.4276  DIHED      =      1014.4475
 UB     =         0.0000  IMP     =         0.0000  CMAP       =       144.6855
 1-4 NB =       625.9210  1-4 EEL =      5815.7963  VDWAALS    =     16611.0928
 EELEC  =   -164219.5130  EHBOND  =         0.0000  RESTRAINT  =         0.0000
 EKCMT  =         0.0000  VIRIAL  =         0.0000  VOLUME     =    333691.5081
                                                    Density    =         1.0315
 ------------------------------------------------------------------------------

wrapping first mol.:      -75.67531        0.00000        0.00000
wrapping first mol.:      -75.67531        0.00000        0.00000
wrapping first mol.:      -75.68075        0.00000        0.00000
wrapping first mol.:      -75.68075        0.00000        0.00000
wrapping first mol.:      -75.64466        0.00000        0.00000
wrapping first mol.:      -75.64466        0.00000        0.00000
wrapping first mol.:      -75.68586        0.00000        0.00000
wrapping first mol.:      -75.68586        0.00000        0.00000
wrapping first mol.:      -75.67754        0.00000        0.00000
wrapping first mol.:      -75.67754        0.00000        0.00000

 NSTEP =   350000   TIME(PS) =    2400.000  TEMP(K) =   299.94  PRESS =     0.0
 Etot   =   -116969.3043  EKtot   =     20498.2109  EPtot      =   -137467.5152
 BOND   =       581.9124  ANGLE   =      1523.4046  DIHED      =      1020.1990
 UB     =         0.0000  IMP     =         0.0000  CMAP       =       142.7232
 1-4 NB =       654.2981  1-4 EEL =      5863.7677  VDWAALS    =     16050.5228
 EELEC  =   -163304.3431  EHBOND  =         0.0000  RESTRAINT  =         0.0000
 EKCMT  =         0.0000  VIRIAL  =         0.0000  VOLUME     =    333640.7896
                                                    Density    =         1.0317
 ------------------------------------------------------------------------------

wrapping first mol.:      -75.61799        0.00000        0.00000
wrapping first mol.:      -75.61799        0.00000        0.00000
wrapping first mol.:      -75.71427        0.00000        0.00000
wrapping first mol.:      -75.71427        0.00000        0.00000
wrapping first mol.:      -75.70716        0.00000        0.00000
wrapping first mol.:      -75.70716        0.00000        0.00000
wrapping first mol.:      -75.69808        0.00000        0.00000
wrapping first mol.:      -75.69808        0.00000        0.00000
wrapping first mol.:      -75.68944        0.00000        0.00000
wrapping first mol.:      -75.68944        0.00000        0.00000

 NSTEP =   375000   TIME(PS) =    2450.000  TEMP(K) =   302.55  PRESS =     0.0
 Etot   =   -117166.1930  EKtot   =     20676.5645  EPtot      =   -137842.7574
 BOND   =       565.6330  ANGLE   =      1507.6101  DIHED      =      1014.0278
 UB     =         0.0000  IMP     =         0.0000  CMAP       =       123.6315
 1-4 NB =       654.5639  1-4 EEL =      5951.0167  VDWAALS    =     16473.1788
 EELEC  =   -164132.4192  EHBOND  =         0.0000  RESTRAINT  =         0.0000
 EKCMT  =         0.0000  VIRIAL  =         0.0000  VOLUME     =    333798.2690
                                                    Density    =         1.0312
 ------------------------------------------------------------------------------

wrapping first mol.:      -75.65217        0.00000        0.00000
wrapping first mol.:      -75.65217        0.00000        0.00000
wrapping first mol.:      -75.72548        0.00000        0.00000
wrapping first mol.:      -75.72548        0.00000        0.00000
wrapping first mol.:      -75.75084        0.00000        0.00000
wrapping first mol.:      -75.75084        0.00000        0.00000
wrapping first mol.:      -75.75924        0.00000        0.00000
wrapping first mol.:      -75.75924        0.00000        0.00000
wrapping first mol.:      -75.67207        0.00000        0.00000
wrapping first mol.:      -75.67207        0.00000        0.00000

 NSTEP =   400000   TIME(PS) =    2500.000  TEMP(K) =   299.93  PRESS =     0.0
 Etot   =   -117277.3963  EKtot   =     20497.2227  EPtot      =   -137774.6189
 BOND   =       545.6866  ANGLE   =      1511.1820  DIHED      =      1021.5946
 UB     =         0.0000  IMP     =         0.0000  CMAP       =       141.9366
 1-4 NB =       657.0462  1-4 EEL =      5906.5951  VDWAALS    =     16504.8283
 EELEC  =   -164063.4883  EHBOND  =         0.0000  RESTRAINT  =         0.0000
 EKCMT  =         0.0000  VIRIAL  =         0.0000  VOLUME     =    333568.4124
                                                    Density    =         1.0319
 ------------------------------------------------------------------------------

wrapping first mol.:      -75.61279        0.00000        0.00000
wrapping first mol.:      -75.61279        0.00000        0.00000
wrapping first mol.:      -75.57146        0.00000        0.00000
wrapping first mol.:      -75.57146        0.00000        0.00000

 NSTEP =   425000   TIME(PS) =    2550.000  TEMP(K) =   300.90  PRESS =     0.0
 Etot   =   -117158.7438  EKtot   =     20563.8027  EPtot      =   -137722.5465
 BOND   =       524.4120  ANGLE   =      1520.0986  DIHED      =      1021.1666
 UB     =         0.0000  IMP     =         0.0000  CMAP       =       126.2252
 1-4 NB =       663.2375  1-4 EEL =      5812.7416  VDWAALS    =     16367.3515
 EELEC  =   -163757.7794  EHBOND  =         0.0000  RESTRAINT  =         0.0000
 EKCMT  =         0.0000  VIRIAL  =         0.0000  VOLUME     =    332659.2506
                                                    Density    =         1.0347
 ------------------------------------------------------------------------------

wrapping first mol.:      -75.66669        0.00000        0.00000
wrapping first mol.:      -75.66669        0.00000        0.00000
wrapping first mol.:      -75.70713        0.00000        0.00000
wrapping first mol.:      -75.70713        0.00000        0.00000
wrapping first mol.:      -75.69957        0.00000        0.00000
wrapping first mol.:      -75.69957        0.00000        0.00000
wrapping first mol.:      -75.57663        0.00000        0.00000
wrapping first mol.:      -75.57663        0.00000        0.00000

 NSTEP =   450000   TIME(PS) =    2600.000  TEMP(K) =   300.74  PRESS =     0.0
 Etot   =   -117045.1106  EKtot   =     20552.6738  EPtot      =   -137597.7844
 BOND   =       584.5739  ANGLE   =      1562.7395  DIHED      =      1012.3627
 UB     =         0.0000  IMP     =         0.0000  CMAP       =       140.1291
 1-4 NB =       660.4682  1-4 EEL =      5776.7772  VDWAALS    =     16809.1567
 EELEC  =   -164143.9917  EHBOND  =         0.0000  RESTRAINT  =         0.0000
 EKCMT  =         0.0000  VIRIAL  =         0.0000  VOLUME     =    332307.9836
                                                    Density    =         1.0358
 ------------------------------------------------------------------------------

wrapping first mol.:      -75.61577        0.00000        0.00000
wrapping first mol.:      -75.61577        0.00000        0.00000
wrapping first mol.:      -75.67452        0.00000        0.00000
wrapping first mol.:      -75.67452        0.00000        0.00000
wrapping first mol.:      -75.66932        0.00000        0.00000
wrapping first mol.:      -75.66932        0.00000        0.00000

 NSTEP =   475000   TIME(PS) =    2650.000  TEMP(K) =   301.20  PRESS =     0.0
 Etot   =   -116700.6583  EKtot   =     20584.4004  EPtot      =   -137285.0587
 BOND   =       557.5929  ANGLE   =      1523.5808  DIHED      =      1008.2507
 UB     =         0.0000  IMP     =         0.0000  CMAP       =       139.0300
 1-4 NB =       641.9154  1-4 EEL =      5788.9554  VDWAALS    =     16095.9249
 EELEC  =   -163040.3087  EHBOND  =         0.0000  RESTRAINT  =         0.0000
 EKCMT  =         0.0000  VIRIAL  =         0.0000  VOLUME     =    333629.4927
                                                    Density    =         1.0317
 ------------------------------------------------------------------------------


 NSTEP =   500000   TIME(PS) =    2700.000  TEMP(K) =   301.90  PRESS =     0.0
 Etot   =   -116706.7337  EKtot   =     20632.2305  EPtot      =   -137338.9642
 BOND   =       559.2020  ANGLE   =      1520.2244  DIHED      =      1027.9695
 UB     =         0.0000  IMP     =         0.0000  CMAP       =       144.2139
 1-4 NB =       642.9166  1-4 EEL =      5848.7180  VDWAALS    =     16445.3754
 EELEC  =   -163527.5840  EHBOND  =         0.0000  RESTRAINT  =         0.0000
 EKCMT  =         0.0000  VIRIAL  =         0.0000  VOLUME     =    333495.9957
                                                    Density    =         1.0321
 ------------------------------------------------------------------------------


 NSTEP =   525000   TIME(PS) =    2750.000  TEMP(K) =   300.28  PRESS =     0.0
 Etot   =   -117282.9468  EKtot   =     20521.3008  EPtot      =   -137804.2476
 BOND   =       604.3885  ANGLE   =      1516.1127  DIHED      =      1011.6185
 UB     =         0.0000  IMP     =         0.0000  CMAP       =       135.0501
 1-4 NB =       641.4618  1-4 EEL =      5841.9225  VDWAALS    =     16448.1058
 EELEC  =   -164002.9075  EHBOND  =         0.0000  RESTRAINT  =         0.0000
 EKCMT  =         0.0000  VIRIAL  =         0.0000  VOLUME     =    333880.0509
                                                    Density    =         1.0309
 ------------------------------------------------------------------------------


 NSTEP =   550000   TIME(PS) =    2800.000  TEMP(K) =   302.16  PRESS =     0.0
 Etot   =   -116649.4355  EKtot   =     20650.1055  EPtot      =   -137299.5410
 BOND   =       555.6909  ANGLE   =      1468.0186  DIHED      =      1002.5928
 UB     =         0.0000  IMP     =         0.0000  CMAP       =       152.5994
 1-4 NB =       630.5410  1-4 EEL =      5890.7004  VDWAALS    =     16546.4195
 EELEC  =   -163546.1037  EHBOND  =         0.0000  RESTRAINT  =         0.0000
 EKCMT  =         0.0000  VIRIAL  =         0.0000  VOLUME     =    333991.2425
                                                    Density    =         1.0306
 ------------------------------------------------------------------------------


 NSTEP =   575000   TIME(PS) =    2850.000  TEMP(K) =   298.73  PRESS =     0.0
 Etot   =   -117303.0869  EKtot   =     20415.6426  EPtot      =   -137718.7294
 BOND   =       560.0330  ANGLE   =      1554.1464  DIHED      =      1012.8875
 UB     =         0.0000  IMP     =         0.0000  CMAP       =       134.9813
 1-4 NB =       639.4826  1-4 EEL =      5833.7904  VDWAALS    =     16589.1942
 EELEC  =   -164043.2449  EHBOND  =         0.0000  RESTRAINT  =         0.0000
 EKCMT  =         0.0000  VIRIAL  =         0.0000  VOLUME     =    334079.1906
                                                    Density    =         1.0303
 ------------------------------------------------------------------------------


 NSTEP =   600000   TIME(PS) =    2900.000  TEMP(K) =   302.12  PRESS =     0.0
 Etot   =   -116877.3142  EKtot   =     20647.1855  EPtot      =   -137524.4997
 BOND   =       551.0530  ANGLE   =      1529.8076  DIHED      =       962.6834
 UB     =         0.0000  IMP     =         0.0000  CMAP       =       139.5528
 1-4 NB =       633.3022  1-4 EEL =      5864.5158  VDWAALS    =     16286.6190
 EELEC  =   -163492.0334  EHBOND  =         0.0000  RESTRAINT  =         0.0000
 EKCMT  =         0.0000  VIRIAL  =         0.0000  VOLUME     =    333783.8052
                                                    Density    =         1.0312
 ------------------------------------------------------------------------------


 NSTEP =   625000   TIME(PS) =    2950.000  TEMP(K) =   302.52  PRESS =     0.0
 Etot   =   -116797.7261  EKtot   =     20674.0586  EPtot      =   -137471.7847
 BOND   =       552.6323  ANGLE   =      1534.5355  DIHED      =       996.9237
 UB     =         0.0000  IMP     =         0.0000  CMAP       =       141.6156
 1-4 NB =       651.4019  1-4 EEL =      5805.9626  VDWAALS    =     16253.2309
 EELEC  =   -163408.0872  EHBOND  =         0.0000  RESTRAINT  =         0.0000
 EKCMT  =         0.0000  VIRIAL  =         0.0000  VOLUME     =    333566.6882
                                                    Density    =         1.0319
 ------------------------------------------------------------------------------


 NSTEP =   650000   TIME(PS) =    3000.000  TEMP(K) =   299.58  PRESS =     0.0
 Etot   =   -117223.0057  EKtot   =     20473.6348  EPtot      =   -137696.6405
 BOND   =       560.7817  ANGLE   =      1517.9522  DIHED      =       965.8963
 UB     =         0.0000  IMP     =         0.0000  CMAP       =       139.7687
 1-4 NB =       635.6094  1-4 EEL =      5804.7005  VDWAALS    =     16405.1230
 EELEC  =   -163726.4723  EHBOND  =         0.0000  RESTRAINT  =         0.0000
 EKCMT  =         0.0000  VIRIAL  =         0.0000  VOLUME     =    334025.7408
                                                    Density    =         1.0305
 ------------------------------------------------------------------------------


 NSTEP =   675000   TIME(PS) =    3050.000  TEMP(K) =   298.88  PRESS =     0.0
 Etot   =   -117235.3129  EKtot   =     20425.7891  EPtot      =   -137661.1019
 BOND   =       557.1986  ANGLE   =      1549.1217  DIHED      =       993.9387
 UB     =         0.0000  IMP     =         0.0000  CMAP       =       151.2975
 1-4 NB =       660.7704  1-4 EEL =      5834.8464  VDWAALS    =     15887.4712
 EELEC  =   -163295.7464  EHBOND  =         0.0000  RESTRAINT  =         0.0000
 EKCMT  =         0.0000  VIRIAL  =         0.0000  VOLUME     =    332264.4872
                                                    Density    =         1.0359
 ------------------------------------------------------------------------------

wrapping first mol.:      -75.64991        0.00000        0.00000
wrapping first mol.:      -75.64991        0.00000        0.00000
wrapping first mol.:      -75.69313        0.00000        0.00000
wrapping first mol.:      -75.69313        0.00000        0.00000
wrapping first mol.:      -75.71593        0.00000        0.00000
wrapping first mol.:      -75.71593        0.00000        0.00000

 NSTEP =   700000   TIME(PS) =    3100.000  TEMP(K) =   299.31  PRESS =     0.0
 Etot   =   -117171.3531  EKtot   =     20455.0098  EPtot      =   -137626.3629
 BOND   =       555.3839  ANGLE   =      1509.4589  DIHED      =       987.4185
 UB     =         0.0000  IMP     =         0.0000  CMAP       =       134.0087
 1-4 NB =       627.0298  1-4 EEL =      5810.4346  VDWAALS    =     16416.3472
 EELEC  =   -163666.4446  EHBOND  =         0.0000  RESTRAINT  =         0.0000
 EKCMT  =         0.0000  VIRIAL  =         0.0000  VOLUME     =    334148.8519
                                                    Density    =         1.0301
 ------------------------------------------------------------------------------


 NSTEP =   725000   TIME(PS) =    3150.000  TEMP(K) =   299.58  PRESS =     0.0
 Etot   =   -117381.1610  EKtot   =     20473.1680  EPtot      =   -137854.3290
 BOND   =       534.5327  ANGLE   =      1534.2482  DIHED      =      1032.6916
 UB     =         0.0000  IMP     =         0.0000  CMAP       =       136.2948
 1-4 NB =       648.1321  1-4 EEL =      5837.7061  VDWAALS    =     16151.9659
 EELEC  =   -163729.9005  EHBOND  =         0.0000  RESTRAINT  =         0.0000
 EKCMT  =         0.0000  VIRIAL  =         0.0000  VOLUME     =    333162.2328
                                                    Density    =         1.0331
 ------------------------------------------------------------------------------

wrapping first mol.:      -75.62132        0.00000        0.00000
wrapping first mol.:      -75.62132        0.00000        0.00000
wrapping first mol.:      -75.72572        0.00000        0.00000
wrapping first mol.:      -75.72572        0.00000        0.00000
wrapping first mol.:      -75.66816        0.00000        0.00000
wrapping first mol.:      -75.66816        0.00000        0.00000
wrapping first mol.:      -75.73756        0.00000        0.00000
wrapping first mol.:      -75.73756        0.00000        0.00000
wrapping first mol.:      -75.67500        0.00000        0.00000
wrapping first mol.:      -75.67500        0.00000        0.00000

 NSTEP =   750000   TIME(PS) =    3200.000  TEMP(K) =   297.30  PRESS =     0.0
 Etot   =   -117419.6277  EKtot   =     20317.3848  EPtot      =   -137737.0125
 BOND   =       559.5581  ANGLE   =      1564.4129  DIHED      =       993.8232
 UB     =         0.0000  IMP     =         0.0000  CMAP       =       138.5768
 1-4 NB =       643.0903  1-4 EEL =      5809.4245  VDWAALS    =     16479.5319
 EELEC  =   -163925.4302  EHBOND  =         0.0000  RESTRAINT  =         0.0000
 EKCMT  =         0.0000  VIRIAL  =         0.0000  VOLUME     =    333607.1432
                                                    Density    =         1.0318
 ------------------------------------------------------------------------------

wrapping first mol.:      -75.59587        0.00000        0.00000
wrapping first mol.:      -75.59587        0.00000        0.00000
wrapping first mol.:      -75.79433        0.00000        0.00000
wrapping first mol.:      -75.79433        0.00000        0.00000
wrapping first mol.:      -75.73776        0.00000        0.00000
wrapping first mol.:      -75.73776        0.00000        0.00000
wrapping first mol.:      -75.68133        0.00000        0.00000
wrapping first mol.:      -75.68133        0.00000        0.00000
wrapping first mol.:      -75.65347        0.00000        0.00000
wrapping first mol.:      -75.65347        0.00000        0.00000

 NSTEP =   775000   TIME(PS) =    3250.000  TEMP(K) =   297.89  PRESS =     0.0
 Etot   =   -117424.0826  EKtot   =     20357.9551  EPtot      =   -137782.0377
 BOND   =       527.7001  ANGLE   =      1492.2260  DIHED      =       997.1868
 UB     =         0.0000  IMP     =         0.0000  CMAP       =       142.9186
 1-4 NB =       658.2380  1-4 EEL =      5820.5310  VDWAALS    =     16404.6502
 EELEC  =   -163825.4883  EHBOND  =         0.0000  RESTRAINT  =         0.0000
 EKCMT  =         0.0000  VIRIAL  =         0.0000  VOLUME     =    333322.4949
                                                    Density    =         1.0326
 ------------------------------------------------------------------------------

wrapping first mol.:      -75.72735        0.00000        0.00000
wrapping first mol.:      -75.72735        0.00000        0.00000
wrapping first mol.:      -75.76360        0.00000        0.00000
wrapping first mol.:      -75.76360        0.00000        0.00000
wrapping first mol.:      -75.80891        0.00000        0.00000
wrapping first mol.:      -75.80891        0.00000        0.00000
wrapping first mol.:      -75.72979        0.00000        0.00000
wrapping first mol.:      -75.72979        0.00000        0.00000
wrapping first mol.:      -75.60542        0.00000        0.00000
wrapping first mol.:      -75.60542        0.00000        0.00000

 NSTEP =   800000   TIME(PS) =    3300.000  TEMP(K) =   301.00  PRESS =     0.0
 Etot   =   -117078.7863  EKtot   =     20570.8223  EPtot      =   -137649.6086
 BOND   =       581.6461  ANGLE   =      1537.6779  DIHED      =      1001.1035
 UB     =         0.0000  IMP     =         0.0000  CMAP       =       129.4687
 1-4 NB =       639.3059  1-4 EEL =      5787.3320  VDWAALS    =     16562.9796
 EELEC  =   -163889.1224  EHBOND  =         0.0000  RESTRAINT  =         0.0000
 EKCMT  =         0.0000  VIRIAL  =         0.0000  VOLUME     =    332687.8392
                                                    Density    =         1.0346
 ------------------------------------------------------------------------------

wrapping first mol.:      -75.62859        0.00000        0.00000
wrapping first mol.:      -75.62859        0.00000        0.00000

 NSTEP =   825000   TIME(PS) =    3350.000  TEMP(K) =   300.51  PRESS =     0.0
 Etot   =   -116901.3194  EKtot   =     20536.8867  EPtot      =   -137438.2061
 BOND   =       563.0229  ANGLE   =      1484.0564  DIHED      =       991.9291
 UB     =         0.0000  IMP     =         0.0000  CMAP       =       144.4239
 1-4 NB =       638.9468  1-4 EEL =      5843.6365  VDWAALS    =     16288.5176
 EELEC  =   -163392.7395  EHBOND  =         0.0000  RESTRAINT  =         0.0000
 EKCMT  =         0.0000  VIRIAL  =         0.0000  VOLUME     =    334079.5937
                                                    Density    =         1.0303
 ------------------------------------------------------------------------------


 NSTEP =   850000   TIME(PS) =    3400.000  TEMP(K) =   299.38  PRESS =     0.0
 Etot   =   -117202.9610  EKtot   =     20459.9902  EPtot      =   -137662.9512
 BOND   =       531.6538  ANGLE   =      1541.3225  DIHED      =      1002.3821
 UB     =         0.0000  IMP     =         0.0000  CMAP       =       154.4284
 1-4 NB =       648.3182  1-4 EEL =      5891.1555  VDWAALS    =     16661.0012
 EELEC  =   -164093.2129  EHBOND  =         0.0000  RESTRAINT  =         0.0000
 EKCMT  =         0.0000  VIRIAL  =         0.0000  VOLUME     =    334485.0723
                                                    Density    =         1.0290
 ------------------------------------------------------------------------------


 NSTEP =   875000   TIME(PS) =    3450.000  TEMP(K) =   300.85  PRESS =     0.0
 Etot   =   -117325.0681  EKtot   =     20559.9492  EPtot      =   -137885.0173
 BOND   =       536.7577  ANGLE   =      1505.0121  DIHED      =      1002.8669
 UB     =         0.0000  IMP     =         0.0000  CMAP       =       137.5613
 1-4 NB =       650.4550  1-4 EEL =      5826.3539  VDWAALS    =     16443.3364
 EELEC  =   -163987.3608  EHBOND  =         0.0000  RESTRAINT  =         0.0000
 EKCMT  =         0.0000  VIRIAL  =         0.0000  VOLUME     =    333565.0902
                                                    Density    =         1.0319
 ------------------------------------------------------------------------------


 NSTEP =   900000   TIME(PS) =    3500.000  TEMP(K) =   298.42  PRESS =     0.0
 Etot   =   -117386.8877  EKtot   =     20393.9414  EPtot      =   -137780.8291
 BOND   =       595.9472  ANGLE   =      1530.4520  DIHED      =      1023.6665
 UB     =         0.0000  IMP     =         0.0000  CMAP       =       132.4748
 1-4 NB =       636.1009  1-4 EEL =      5810.5854  VDWAALS    =     16452.5707
 EELEC  =   -163962.6267  EHBOND  =         0.0000  RESTRAINT  =         0.0000
 EKCMT  =         0.0000  VIRIAL  =         0.0000  VOLUME     =    333384.8573
                                                    Density    =         1.0324
 ------------------------------------------------------------------------------


 NSTEP =   925000   TIME(PS) =    3550.000  TEMP(K) =   300.19  PRESS =     0.0
 Etot   =   -116833.7008  EKtot   =     20514.9277  EPtot      =   -137348.6285
 BOND   =       573.4800  ANGLE   =      1494.6627  DIHED      =       991.5366
 UB     =         0.0000  IMP     =         0.0000  CMAP       =       152.3390
 1-4 NB =       646.0280  1-4 EEL =      5824.6929  VDWAALS    =     16077.4156
 EELEC  =   -163108.7833  EHBOND  =         0.0000  RESTRAINT  =         0.0000
 EKCMT  =         0.0000  VIRIAL  =         0.0000  VOLUME     =    333605.8023
                                                    Density    =         1.0318
 ------------------------------------------------------------------------------


 NSTEP =   950000   TIME(PS) =    3600.000  TEMP(K) =   302.16  PRESS =     0.0
 Etot   =   -116942.9201  EKtot   =     20649.7578  EPtot      =   -137592.6779
 BOND   =       556.6125  ANGLE   =      1558.7835  DIHED      =       988.5993
 UB     =         0.0000  IMP     =         0.0000  CMAP       =       141.8081
 1-4 NB =       631.7404  1-4 EEL =      5808.4261  VDWAALS    =     16566.2468
 EELEC  =   -163844.8946  EHBOND  =         0.0000  RESTRAINT  =         0.0000
 EKCMT  =         0.0000  VIRIAL  =         0.0000  VOLUME     =    332943.9532
                                                    Density    =         1.0338
 ------------------------------------------------------------------------------


 NSTEP =   975000   TIME(PS) =    3650.000  TEMP(K) =   301.41  PRESS =     0.0
 Etot   =   -116865.5716  EKtot   =     20598.6465  EPtot      =   -137464.2181
 BOND   =       555.5653  ANGLE   =      1528.5800  DIHED      =      1001.9217
 UB     =         0.0000  IMP     =         0.0000  CMAP       =       147.7375
 1-4 NB =       640.3992  1-4 EEL =      5835.6187  VDWAALS    =     16149.9756
 EELEC  =   -163324.0160  EHBOND  =         0.0000  RESTRAINT  =         0.0000
 EKCMT  =         0.0000  VIRIAL  =         0.0000  VOLUME     =    334302.3537
                                                    Density    =         1.0296
 ------------------------------------------------------------------------------


 NSTEP =  1000000   TIME(PS) =    3700.000  TEMP(K) =   299.48  PRESS =     0.0
 Etot   =   -117129.3646  EKtot   =     20466.6895  EPtot      =   -137596.0540
 BOND   =       565.3398  ANGLE   =      1495.9544  DIHED      =       995.0131
 UB     =         0.0000  IMP     =         0.0000  CMAP       =       140.3196
 1-4 NB =       638.2286  1-4 EEL =      5825.2475  VDWAALS    =     16544.9802
 EELEC  =   -163801.1373  EHBOND  =         0.0000  RESTRAINT  =         0.0000
 EKCMT  =         0.0000  VIRIAL  =         0.0000  VOLUME     =    334659.1904
                                                    Density    =         1.0285
 ------------------------------------------------------------------------------


 NSTEP =  1025000   TIME(PS) =    3750.000  TEMP(K) =   295.87  PRESS =     0.0
 Etot   =   -117300.6321  EKtot   =     20219.6152  EPtot      =   -137520.2474
 BOND   =       534.6511  ANGLE   =      1527.1592  DIHED      =       996.4853
 UB     =         0.0000  IMP     =         0.0000  CMAP       =       158.1243
 1-4 NB =       634.7003  1-4 EEL =      5908.4674  VDWAALS    =     16316.3102
 EELEC  =   -163596.1452  EHBOND  =         0.0000  RESTRAINT  =         0.0000
 EKCMT  =         0.0000  VIRIAL  =         0.0000  VOLUME     =    333672.7993
                                                    Density    =         1.0316
 ------------------------------------------------------------------------------


 NSTEP =  1050000   TIME(PS) =    3800.000  TEMP(K) =   298.71  PRESS =     0.0
 Etot   =   -117440.5369  EKtot   =     20414.2891  EPtot      =   -137854.8260
 BOND   =       551.5235  ANGLE   =      1485.0822  DIHED      =       990.9358
 UB     =         0.0000  IMP     =         0.0000  CMAP       =       138.0039
 1-4 NB =       651.6878  1-4 EEL =      5884.8058  VDWAALS    =     16856.1542
 EELEC  =   -164413.0190  EHBOND  =         0.0000  RESTRAINT  =         0.0000
 EKCMT  =         0.0000  VIRIAL  =         0.0000  VOLUME     =    332690.5394
                                                    Density    =         1.0346
 ------------------------------------------------------------------------------


 NSTEP =  1075000   TIME(PS) =    3850.000  TEMP(K) =   299.99  PRESS =     0.0
 Etot   =   -117051.5458  EKtot   =     20501.2480  EPtot      =   -137552.7938
 BOND   =       562.4678  ANGLE   =      1532.0201  DIHED      =      1000.6134
 UB     =         0.0000  IMP     =         0.0000  CMAP       =       133.1541
 1-4 NB =       638.4300  1-4 EEL =      5860.7886  VDWAALS    =     16143.1015
 EELEC  =   -163423.3693  EHBOND  =         0.0000  RESTRAINT  =         0.0000
 EKCMT  =         0.0000  VIRIAL  =         0.0000  VOLUME     =    332928.5377
                                                    Density    =         1.0339
 ------------------------------------------------------------------------------


 NSTEP =  1100000   TIME(PS) =    3900.000  TEMP(K) =   300.74  PRESS =     0.0
 Etot   =   -117328.5371  EKtot   =     20552.7285  EPtot      =   -137881.2656
 BOND   =       575.4544  ANGLE   =      1506.1438  DIHED      =       993.6919
 UB     =         0.0000  IMP     =         0.0000  CMAP       =       135.6519
 1-4 NB =       632.9290  1-4 EEL =      5831.2316  VDWAALS    =     16502.1694
 EELEC  =   -164058.5377  EHBOND  =         0.0000  RESTRAINT  =         0.0000
 EKCMT  =         0.0000  VIRIAL  =         0.0000  VOLUME     =    333894.0982
                                                    Density    =         1.0309
 ------------------------------------------------------------------------------


 NSTEP =  1125000   TIME(PS) =    3950.000  TEMP(K) =   300.32  PRESS =     0.0
 Etot   =   -117366.9236  EKtot   =     20523.8047  EPtot      =   -137890.7283
 BOND   =       557.0041  ANGLE   =      1549.8990  DIHED      =       985.8290
 UB     =         0.0000  IMP     =         0.0000  CMAP       =       138.0131
 1-4 NB =       636.0045  1-4 EEL =      5857.5916  VDWAALS    =     16656.1520
 EELEC  =   -164271.2215  EHBOND  =         0.0000  RESTRAINT  =         0.0000
 EKCMT  =         0.0000  VIRIAL  =         0.0000  VOLUME     =    332476.2879
                                                    Density    =         1.0353
 ------------------------------------------------------------------------------


 NSTEP =  1150000   TIME(PS) =    4000.000  TEMP(K) =   300.76  PRESS =     0.0
 Etot   =   -117426.3035  EKtot   =     20553.9141  EPtot      =   -137980.2176
 BOND   =       558.2665  ANGLE   =      1544.3259  DIHED      =       973.3131
 UB     =         0.0000  IMP     =         0.0000  CMAP       =       136.8751
 1-4 NB =       630.4532  1-4 EEL =      5797.2721  VDWAALS    =     16501.7794
 EELEC  =   -164122.5028  EHBOND  =         0.0000  RESTRAINT  =         0.0000
 EKCMT  =         0.0000  VIRIAL  =         0.0000  VOLUME     =    333741.4072
                                                    Density    =         1.0313
 ------------------------------------------------------------------------------


 NSTEP =  1175000   TIME(PS) =    4050.000  TEMP(K) =   301.51  PRESS =     0.0
 Etot   =   -116782.5760  EKtot   =     20605.0410  EPtot      =   -137387.6170
 BOND   =       576.6571  ANGLE   =      1565.1558  DIHED      =      1040.8546
 UB     =         0.0000  IMP     =         0.0000  CMAP       =       130.6674
 1-4 NB =       643.4750  1-4 EEL =      5828.5793  VDWAALS    =     16392.1900
 EELEC  =   -163565.1962  EHBOND  =         0.0000  RESTRAINT  =         0.0000
 EKCMT  =         0.0000  VIRIAL  =         0.0000  VOLUME     =    332753.0386
                                                    Density    =         1.0344
 ------------------------------------------------------------------------------


 NSTEP =  1200000   TIME(PS) =    4100.000  TEMP(K) =   302.11  PRESS =     0.0
 Etot   =   -116912.8609  EKtot   =     20646.1289  EPtot      =   -137558.9898
 BOND   =       554.6260  ANGLE   =      1493.1989  DIHED      =      1008.8596
 UB     =         0.0000  IMP     =         0.0000  CMAP       =       138.8921
 1-4 NB =       640.6145  1-4 EEL =      5813.8127  VDWAALS    =     16671.3896
 EELEC  =   -163880.3833  EHBOND  =         0.0000  RESTRAINT  =         0.0000
 EKCMT  =         0.0000  VIRIAL  =         0.0000  VOLUME     =    332660.6313
                                                    Density    =         1.0347
 ------------------------------------------------------------------------------


 NSTEP =  1225000   TIME(PS) =    4150.000  TEMP(K) =   301.65  PRESS =     0.0
 Etot   =   -117168.5005  EKtot   =     20614.9668  EPtot      =   -137783.4673
 BOND   =       582.8081  ANGLE   =      1542.4624  DIHED      =       979.2304
 UB     =         0.0000  IMP     =         0.0000  CMAP       =       135.8680
 1-4 NB =       645.3275  1-4 EEL =      5805.7147  VDWAALS    =     16532.6533
 EELEC  =   -164007.5318  EHBOND  =         0.0000  RESTRAINT  =         0.0000
 EKCMT  =         0.0000  VIRIAL  =         0.0000  VOLUME     =    333319.3876
                                                    Density    =         1.0326
 ------------------------------------------------------------------------------


 NSTEP =  1250000   TIME(PS) =    4200.000  TEMP(K) =   300.19  PRESS =     0.0
 Etot   =   -117172.6345  EKtot   =     20514.9434  EPtot      =   -137687.5779
 BOND   =       549.2986  ANGLE   =      1563.1600  DIHED      =      1016.8611
 UB     =         0.0000  IMP     =         0.0000  CMAP       =       142.9255
 1-4 NB =       640.9482  1-4 EEL =      5747.5597  VDWAALS    =     16424.2722
 EELEC  =   -163772.6031  EHBOND  =         0.0000  RESTRAINT  =         0.0000
 EKCMT  =         0.0000  VIRIAL  =         0.0000  VOLUME     =    333575.8831
                                                    Density    =         1.0319
 ------------------------------------------------------------------------------


 NSTEP =  1275000   TIME(PS) =    4250.000  TEMP(K) =   301.55  PRESS =     0.0
 Etot   =   -117076.6219  EKtot   =     20607.9121  EPtot      =   -137684.5340
 BOND   =       555.5535  ANGLE   =      1525.3793  DIHED      =      1009.1100
 UB     =         0.0000  IMP     =         0.0000  CMAP       =       144.2725
 1-4 NB =       627.9950  1-4 EEL =      5871.7179  VDWAALS    =     16390.0993
 EELEC  =   -163808.6615  EHBOND  =         0.0000  RESTRAINT  =         0.0000
 EKCMT  =         0.0000  VIRIAL  =         0.0000  VOLUME     =    334160.7371
                                                    Density    =         1.0300
 ------------------------------------------------------------------------------


 NSTEP =  1300000   TIME(PS) =    4300.000  TEMP(K) =   299.26  PRESS =     0.0
 Etot   =   -117045.2251  EKtot   =     20451.3379  EPtot      =   -137496.5630
 BOND   =       575.5313  ANGLE   =      1471.0343  DIHED      =       995.8416
 UB     =         0.0000  IMP     =         0.0000  CMAP       =       132.6833
 1-4 NB =       648.6528  1-4 EEL =      5846.2842  VDWAALS    =     16554.9443
 EELEC  =   -163721.5348  EHBOND  =         0.0000  RESTRAINT  =         0.0000
 EKCMT  =         0.0000  VIRIAL  =         0.0000  VOLUME     =    334157.1894
                                                    Density    =         1.0301
 ------------------------------------------------------------------------------


 NSTEP =  1325000   TIME(PS) =    4350.000  TEMP(K) =   303.45  PRESS =     0.0
 Etot   =   -117158.6522  EKtot   =     20738.2324  EPtot      =   -137896.8846
 BOND   =       560.6014  ANGLE   =      1504.6843  DIHED      =      1007.8221
 UB     =         0.0000  IMP     =         0.0000  CMAP       =       131.0012
 1-4 NB =       643.0890  1-4 EEL =      5841.0722  VDWAALS    =     16746.2587
 EELEC  =   -164331.4135  EHBOND  =         0.0000  RESTRAINT  =         0.0000
 EKCMT  =         0.0000  VIRIAL  =         0.0000  VOLUME     =    334046.4220
                                                    Density    =         1.0304
 ------------------------------------------------------------------------------


 NSTEP =  1350000   TIME(PS) =    4400.000  TEMP(K) =   298.25  PRESS =     0.0
 Etot   =   -117174.7642  EKtot   =     20382.4727  EPtot      =   -137557.2369
 BOND   =       578.7435  ANGLE   =      1518.0702  DIHED      =      1022.6924
 UB     =         0.0000  IMP     =         0.0000  CMAP       =       130.9170
 1-4 NB =       644.0434  1-4 EEL =      5836.7680  VDWAALS    =     16223.2870
 EELEC  =   -163511.7583  EHBOND  =         0.0000  RESTRAINT  =         0.0000
 EKCMT  =         0.0000  VIRIAL  =         0.0000  VOLUME     =    332399.1255
                                                    Density    =         1.0355
 ------------------------------------------------------------------------------


 NSTEP =  1375000   TIME(PS) =    4450.000  TEMP(K) =   300.13  PRESS =     0.0
 Etot   =   -117269.0988  EKtot   =     20510.9277  EPtot      =   -137780.0266
 BOND   =       560.4528  ANGLE   =      1504.5117  DIHED      =       969.1852
 UB     =         0.0000  IMP     =         0.0000  CMAP       =       141.0860
 1-4 NB =       632.7030  1-4 EEL =      5853.9896  VDWAALS    =     16241.1708
 EELEC  =   -163683.1258  EHBOND  =         0.0000  RESTRAINT  =         0.0000
 EKCMT  =         0.0000  VIRIAL  =         0.0000  VOLUME     =    334463.9681
                                                    Density    =         1.0291
 ------------------------------------------------------------------------------


 NSTEP =  1400000   TIME(PS) =    4500.000  TEMP(K) =   302.14  PRESS =     0.0
 Etot   =   -117249.1208  EKtot   =     20648.4590  EPtot      =   -137897.5798
 BOND   =       559.5725  ANGLE   =      1512.9867  DIHED      =      1008.8176
 UB     =         0.0000  IMP     =         0.0000  CMAP       =       127.8074
 1-4 NB =       644.0225  1-4 EEL =      5853.5390  VDWAALS    =     16511.1904
 EELEC  =   -164115.5159  EHBOND  =         0.0000  RESTRAINT  =         0.0000
 EKCMT  =         0.0000  VIRIAL  =         0.0000  VOLUME     =    332855.9662
                                                    Density    =         1.0341
 ------------------------------------------------------------------------------


 NSTEP =  1425000   TIME(PS) =    4550.000  TEMP(K) =   301.44  PRESS =     0.0
 Etot   =   -117282.3641  EKtot   =     20600.6562  EPtot      =   -137883.0203
 BOND   =       549.9815  ANGLE   =      1510.2257  DIHED      =      1001.5227
 UB     =         0.0000  IMP     =         0.0000  CMAP       =       136.5824
 1-4 NB =       656.2415  1-4 EEL =      5828.0308  VDWAALS    =     16195.5554
 EELEC  =   -163761.1603  EHBOND  =         0.0000  RESTRAINT  =         0.0000
 EKCMT  =         0.0000  VIRIAL  =         0.0000  VOLUME     =    332718.3554
                                                    Density    =         1.0345
 ------------------------------------------------------------------------------


 NSTEP =  1450000   TIME(PS) =    4600.000  TEMP(K) =   303.63  PRESS =     0.0
 Etot   =   -117173.5590  EKtot   =     20750.1953  EPtot      =   -137923.7543
 BOND   =       542.0234  ANGLE   =      1513.7175  DIHED      =      1019.6504
 UB     =         0.0000  IMP     =         0.0000  CMAP       =       144.5710
 1-4 NB =       628.0036  1-4 EEL =      5838.7425  VDWAALS    =     16358.8033
 EELEC  =   -163969.2661  EHBOND  =         0.0000  RESTRAINT  =         0.0000
 EKCMT  =         0.0000  VIRIAL  =         0.0000  VOLUME     =    333103.0975
                                                    Density    =         1.0333
 ------------------------------------------------------------------------------


 NSTEP =  1475000   TIME(PS) =    4650.000  TEMP(K) =   301.01  PRESS =     0.0
 Etot   =   -117050.2811  EKtot   =     20571.0664  EPtot      =   -137621.3476
 BOND   =       571.5616  ANGLE   =      1449.2492  DIHED      =       980.3850
 UB     =         0.0000  IMP     =         0.0000  CMAP       =       144.7699
 1-4 NB =       648.4922  1-4 EEL =      5853.5337  VDWAALS    =     16373.7360
 EELEC  =   -163643.0751  EHBOND  =         0.0000  RESTRAINT  =         0.0000
 EKCMT  =         0.0000  VIRIAL  =         0.0000  VOLUME     =    333568.6084
                                                    Density    =         1.0319
 ------------------------------------------------------------------------------


 NSTEP =  1500000   TIME(PS) =    4700.000  TEMP(K) =   303.37  PRESS =     0.0
 Etot   =   -117054.9298  EKtot   =     20732.5684  EPtot      =   -137787.4982
 BOND   =       551.7116  ANGLE   =      1503.6970  DIHED      =       991.4833
 UB     =         0.0000  IMP     =         0.0000  CMAP       =       134.5263
 1-4 NB =       649.0431  1-4 EEL =      5839.2522  VDWAALS    =     16425.4730
 EELEC  =   -163882.6847  EHBOND  =         0.0000  RESTRAINT  =         0.0000
 EKCMT  =         0.0000  VIRIAL  =         0.0000  VOLUME     =    333061.6865
                                                    Density    =         1.0334
 ------------------------------------------------------------------------------


 NSTEP =  1525000   TIME(PS) =    4750.000  TEMP(K) =   303.25  PRESS =     0.0
 Etot   =   -116780.4480  EKtot   =     20723.9297  EPtot      =   -137504.3777
 BOND   =       579.8834  ANGLE   =      1528.8605  DIHED      =      1006.4558
 UB     =         0.0000  IMP     =         0.0000  CMAP       =       135.3328
 1-4 NB =       626.3020  1-4 EEL =      5858.9609  VDWAALS    =     16402.4806
 EELEC  =   -163642.6536  EHBOND  =         0.0000  RESTRAINT  =         0.0000
 EKCMT  =         0.0000  VIRIAL  =         0.0000  VOLUME     =    333688.0403
                                                    Density    =         1.0315
 ------------------------------------------------------------------------------


 NSTEP =  1550000   TIME(PS) =    4800.000  TEMP(K) =   301.79  PRESS =     0.0
 Etot   =   -116932.4835  EKtot   =     20624.1758  EPtot      =   -137556.6593
 BOND   =       559.0927  ANGLE   =      1543.0482  DIHED      =      1011.1829
 UB     =         0.0000  IMP     =         0.0000  CMAP       =       120.5518
 1-4 NB =       663.0598  1-4 EEL =      5854.0944  VDWAALS    =     16625.7156
 EELEC  =   -163933.4046  EHBOND  =         0.0000  RESTRAINT  =         0.0000
 EKCMT  =         0.0000  VIRIAL  =         0.0000  VOLUME     =    334239.1633
                                                    Density    =         1.0298
 ------------------------------------------------------------------------------


 NSTEP =  1575000   TIME(PS) =    4850.000  TEMP(K) =   301.07  PRESS =     0.0
 Etot   =   -117315.5586  EKtot   =     20575.5645  EPtot      =   -137891.1230
 BOND   =       551.7901  ANGLE   =      1409.4612  DIHED      =      1014.5426
 UB     =         0.0000  IMP     =         0.0000  CMAP       =       140.0865
 1-4 NB =       628.2775  1-4 EEL =      5853.3046  VDWAALS    =     16664.0034
 EELEC  =   -164152.5890  EHBOND  =         0.0000  RESTRAINT  =         0.0000
 EKCMT  =         0.0000  VIRIAL  =         0.0000  VOLUME     =    333724.9519
                                                    Density    =         1.0314
 ------------------------------------------------------------------------------


 NSTEP =  1600000   TIME(PS) =    4900.000  TEMP(K) =   297.97  PRESS =     0.0
 Etot   =   -117328.3658  EKtot   =     20363.3457  EPtot      =   -137691.7115
 BOND   =       563.8865  ANGLE   =      1476.8147  DIHED      =       974.2361
 UB     =         0.0000  IMP     =         0.0000  CMAP       =       127.0709
 1-4 NB =       649.7785  1-4 EEL =      5863.0967  VDWAALS    =     16451.8793
 EELEC  =   -163798.4742  EHBOND  =         0.0000  RESTRAINT  =         0.0000
 EKCMT  =         0.0000  VIRIAL  =         0.0000  VOLUME     =    334502.8767
                                                    Density    =         1.0290
 ------------------------------------------------------------------------------


 NSTEP =  1625000   TIME(PS) =    4950.000  TEMP(K) =   299.80  PRESS =     0.0
 Etot   =   -117372.2698  EKtot   =     20488.3398  EPtot      =   -137860.6097
 BOND   =       575.4301  ANGLE   =      1468.3417  DIHED      =      1037.0051
 UB     =         0.0000  IMP     =         0.0000  CMAP       =       128.0081
 1-4 NB =       639.1029  1-4 EEL =      5832.6809  VDWAALS    =     16792.3360
 EELEC  =   -164333.5145  EHBOND  =         0.0000  RESTRAINT  =         0.0000
 EKCMT  =         0.0000  VIRIAL  =         0.0000  VOLUME     =    332460.4719
                                                    Density    =         1.0353
 ------------------------------------------------------------------------------


 NSTEP =  1650000   TIME(PS) =    5000.000  TEMP(K) =   299.13  PRESS =     0.0
 Etot   =   -117457.5503  EKtot   =     20442.5039  EPtot      =   -137900.0542
 BOND   =       571.1518  ANGLE   =      1542.6625  DIHED      =      1006.9669
 UB     =         0.0000  IMP     =         0.0000  CMAP       =       132.8020
 1-4 NB =       624.6879  1-4 EEL =      5819.5881  VDWAALS    =     16396.0924
 EELEC  =   -163994.0058  EHBOND  =         0.0000  RESTRAINT  =         0.0000
 EKCMT  =         0.0000  VIRIAL  =         0.0000  VOLUME     =    332717.0831
                                                    Density    =         1.0345
 ------------------------------------------------------------------------------


 NSTEP =  1675000   TIME(PS) =    5050.000  TEMP(K) =   299.41  PRESS =     0.0
 Etot   =   -117484.2555  EKtot   =     20461.8887  EPtot      =   -137946.1442
 BOND   =       609.7526  ANGLE   =      1512.9417  DIHED      =      1015.4456
 UB     =         0.0000  IMP     =         0.0000  CMAP       =       129.1191
 1-4 NB =       629.7385  1-4 EEL =      5874.2709  VDWAALS    =     16468.6325
 EELEC  =   -164186.0451  EHBOND  =         0.0000  RESTRAINT  =         0.0000
 EKCMT  =         0.0000  VIRIAL  =         0.0000  VOLUME     =    333885.6211
                                                    Density    =         1.0309
 ------------------------------------------------------------------------------


 NSTEP =  1700000   TIME(PS) =    5100.000  TEMP(K) =   297.92  PRESS =     0.0
 Etot   =   -117500.6830  EKtot   =     20360.2949  EPtot      =   -137860.9779
 BOND   =       567.2464  ANGLE   =      1567.3634  DIHED      =      1010.7886
 UB     =         0.0000  IMP     =         0.0000  CMAP       =       127.9960
 1-4 NB =       660.7180  1-4 EEL =      5834.5005  VDWAALS    =     16546.1958
 EELEC  =   -164175.7866  EHBOND  =         0.0000  RESTRAINT  =         0.0000
 EKCMT  =         0.0000  VIRIAL  =         0.0000  VOLUME     =    333761.6047
                                                    Density    =         1.0313
 ------------------------------------------------------------------------------


 NSTEP =  1725000   TIME(PS) =    5150.000  TEMP(K) =   297.87  PRESS =     0.0
 Etot   =   -117527.8665  EKtot   =     20356.3770  EPtot      =   -137884.2434
 BOND   =       557.7121  ANGLE   =      1505.3933  DIHED      =       980.9048
 UB     =         0.0000  IMP     =         0.0000  CMAP       =       141.3945
 1-4 NB =       646.0748  1-4 EEL =      5822.7126  VDWAALS    =     16425.4171
 EELEC  =   -163963.8525  EHBOND  =         0.0000  RESTRAINT  =         0.0000
 EKCMT  =         0.0000  VIRIAL  =         0.0000  VOLUME     =    333937.6674
                                                    Density    =         1.0307
 ------------------------------------------------------------------------------


 NSTEP =  1750000   TIME(PS) =    5200.000  TEMP(K) =   298.57  PRESS =     0.0
 Etot   =   -116895.0011  EKtot   =     20404.5977  EPtot      =   -137299.5988
 BOND   =       608.3046  ANGLE   =      1510.9041  DIHED      =       975.2908
 UB     =         0.0000  IMP     =         0.0000  CMAP       =       141.1551
 1-4 NB =       650.7699  1-4 EEL =      5872.5670  VDWAALS    =     16277.8249
 EELEC  =   -163336.4153  EHBOND  =         0.0000  RESTRAINT  =         0.0000
 EKCMT  =         0.0000  VIRIAL  =         0.0000  VOLUME     =    333682.0577
                                                    Density    =         1.0315
 ------------------------------------------------------------------------------


 NSTEP =  1775000   TIME(PS) =    5250.000  TEMP(K) =   299.91  PRESS =     0.0
 Etot   =   -117019.6431  EKtot   =     20496.3359  EPtot      =   -137515.9790
 BOND   =       545.4079  ANGLE   =      1529.8156  DIHED      =       997.1297
 UB     =         0.0000  IMP     =         0.0000  CMAP       =       130.7238
 1-4 NB =       646.7796  1-4 EEL =      5881.9176  VDWAALS    =     16223.7399
 EELEC  =   -163471.4932  EHBOND  =         0.0000  RESTRAINT  =         0.0000
 EKCMT  =         0.0000  VIRIAL  =         0.0000  VOLUME     =    334147.8566
                                                    Density    =         1.0301
 ------------------------------------------------------------------------------


 NSTEP =  1800000   TIME(PS) =    5300.000  TEMP(K) =   297.60  PRESS =     0.0
 Etot   =   -116874.0590  EKtot   =     20337.8008  EPtot      =   -137211.8598
 BOND   =       538.6398  ANGLE   =      1524.5028  DIHED      =      1019.3018
 UB     =         0.0000  IMP     =         0.0000  CMAP       =       139.6968
 1-4 NB =       655.9130  1-4 EEL =      5856.2724  VDWAALS    =     16512.1555
 EELEC  =   -163458.3418  EHBOND  =         0.0000  RESTRAINT  =         0.0000
 EKCMT  =         0.0000  VIRIAL  =         0.0000  VOLUME     =    334051.5336
                                                    Density    =         1.0304
 ------------------------------------------------------------------------------


 NSTEP =  1825000   TIME(PS) =    5350.000  TEMP(K) =   297.66  PRESS =     0.0
 Etot   =   -117410.7188  EKtot   =     20342.4863  EPtot      =   -137753.2051
 BOND   =       539.4950  ANGLE   =      1504.0061  DIHED      =      1037.5822
 UB     =         0.0000  IMP     =         0.0000  CMAP       =       131.3207
 1-4 NB =       653.5661  1-4 EEL =      5884.7628  VDWAALS    =     16425.7971
 EELEC  =   -163929.7350  EHBOND  =         0.0000  RESTRAINT  =         0.0000
 EKCMT  =         0.0000  VIRIAL  =         0.0000  VOLUME     =    333926.8458
                                                    Density    =         1.0308
 ------------------------------------------------------------------------------


 NSTEP =  1850000   TIME(PS) =    5400.000  TEMP(K) =   300.06  PRESS =     0.0
 Etot   =   -117603.0618  EKtot   =     20506.5469  EPtot      =   -138109.6087
 BOND   =       576.5720  ANGLE   =      1486.3608  DIHED      =      1018.0907
 UB     =         0.0000  IMP     =         0.0000  CMAP       =       147.7141
 1-4 NB =       644.8934  1-4 EEL =      5780.7832  VDWAALS    =     16903.5783
 EELEC  =   -164667.6012  EHBOND  =         0.0000  RESTRAINT  =         0.0000
 EKCMT  =         0.0000  VIRIAL  =         0.0000  VOLUME     =    333279.5395
                                                    Density    =         1.0328
 ------------------------------------------------------------------------------


 NSTEP =  1875000   TIME(PS) =    5450.000  TEMP(K) =   300.25  PRESS =     0.0
 Etot   =   -117178.4969  EKtot   =     20519.1504  EPtot      =   -137697.6473
 BOND   =       564.2053  ANGLE   =      1551.6379  DIHED      =       988.9057
 UB     =         0.0000  IMP     =         0.0000  CMAP       =       135.8674
 1-4 NB =       641.5197  1-4 EEL =      5806.7567  VDWAALS    =     15860.4686
 EELEC  =   -163247.0085  EHBOND  =         0.0000  RESTRAINT  =         0.0000
 EKCMT  =         0.0000  VIRIAL  =         0.0000  VOLUME     =    332970.2461
                                                    Density    =         1.0337
 ------------------------------------------------------------------------------


 NSTEP =  1900000   TIME(PS) =    5500.000  TEMP(K) =   299.09  PRESS =     0.0
 Etot   =   -117068.2923  EKtot   =     20440.0410  EPtot      =   -137508.3333
 BOND   =       573.5730  ANGLE   =      1543.5760  DIHED      =      1004.2996
 UB     =         0.0000  IMP     =         0.0000  CMAP       =       132.5676
 1-4 NB =       646.1107  1-4 EEL =      5916.5117  VDWAALS    =     15836.5366
 EELEC  =   -163161.5084  EHBOND  =         0.0000  RESTRAINT  =         0.0000
 EKCMT  =         0.0000  VIRIAL  =         0.0000  VOLUME     =    333829.7244
                                                    Density    =         1.0311
 ------------------------------------------------------------------------------


 NSTEP =  1925000   TIME(PS) =    5550.000  TEMP(K) =   301.44  PRESS =     0.0
 Etot   =   -117134.0855  EKtot   =     20600.3262  EPtot      =   -137734.4117
 BOND   =       576.1561  ANGLE   =      1531.6280  DIHED      =      1010.5387
 UB     =         0.0000  IMP     =         0.0000  CMAP       =       136.8263
 1-4 NB =       653.5616  1-4 EEL =      5874.3434  VDWAALS    =     16659.0938
 EELEC  =   -164176.5596  EHBOND  =         0.0000  RESTRAINT  =         0.0000
 EKCMT  =         0.0000  VIRIAL  =         0.0000  VOLUME     =    333876.5885
                                                    Density    =         1.0309
 ------------------------------------------------------------------------------


 NSTEP =  1950000   TIME(PS) =    5600.000  TEMP(K) =   301.70  PRESS =     0.0
 Etot   =   -117475.7228  EKtot   =     20618.0977  EPtot      =   -138093.8205
 BOND   =       596.5192  ANGLE   =      1476.2478  DIHED      =      1004.3058
 UB     =         0.0000  IMP     =         0.0000  CMAP       =       124.1015
 1-4 NB =       651.2084  1-4 EEL =      5892.8802  VDWAALS    =     16587.7695
 EELEC  =   -164426.8529  EHBOND  =         0.0000  RESTRAINT  =         0.0000
 EKCMT  =         0.0000  VIRIAL  =         0.0000  VOLUME     =    333006.5573
                                                    Density    =         1.0336
 ------------------------------------------------------------------------------


 NSTEP =  1975000   TIME(PS) =    5650.000  TEMP(K) =   299.92  PRESS =     0.0
 Etot   =   -117156.3781  EKtot   =     20496.7246  EPtot      =   -137653.1028
 BOND   =       556.0969  ANGLE   =      1561.4788  DIHED      =       999.8856
 UB     =         0.0000  IMP     =         0.0000  CMAP       =       137.3325
 1-4 NB =       640.8924  1-4 EEL =      5926.2512  VDWAALS    =     16381.8360
 EELEC  =   -163856.8763  EHBOND  =         0.0000  RESTRAINT  =         0.0000
 EKCMT  =         0.0000  VIRIAL  =         0.0000  VOLUME     =    334758.6031
                                                    Density    =         1.0282
 ------------------------------------------------------------------------------


 NSTEP =  2000000   TIME(PS) =    5700.000  TEMP(K) =   302.36  PRESS =     0.0
 Etot   =   -117182.5715  EKtot   =     20663.3438  EPtot      =   -137845.9152
 BOND   =       556.2948  ANGLE   =      1495.3279  DIHED      =       998.3003
 UB     =         0.0000  IMP     =         0.0000  CMAP       =       136.4735
 1-4 NB =       644.8721  1-4 EEL =      5963.2553  VDWAALS    =     16597.5181
 EELEC  =   -164237.9574  EHBOND  =         0.0000  RESTRAINT  =         0.0000
 EKCMT  =         0.0000  VIRIAL  =         0.0000  VOLUME     =    333136.1244
                                                    Density    =         1.0332
 ------------------------------------------------------------------------------

wrapping first mol.:      -75.64821        0.00000        0.00000
wrapping first mol.:      -75.64821        0.00000        0.00000
wrapping first mol.:      -75.66065        0.00000        0.00000
wrapping first mol.:      -75.66065        0.00000        0.00000

 NSTEP =  2025000   TIME(PS) =    5750.000  TEMP(K) =   301.22  PRESS =     0.0
 Etot   =   -117123.3404  EKtot   =     20585.5410  EPtot      =   -137708.8814
 BOND   =       565.9992  ANGLE   =      1525.8153  DIHED      =      1003.9573
 UB     =         0.0000  IMP     =         0.0000  CMAP       =       148.2706
 1-4 NB =       636.7575  1-4 EEL =      5900.2181  VDWAALS    =     16337.2397
 EELEC  =   -163827.1392  EHBOND  =         0.0000  RESTRAINT  =         0.0000
 EKCMT  =         0.0000  VIRIAL  =         0.0000  VOLUME     =    333417.4342
                                                    Density    =         1.0323
 ------------------------------------------------------------------------------

wrapping first mol.:      -75.66941        0.00000        0.00000
wrapping first mol.:      -75.66941        0.00000        0.00000
wrapping first mol.:      -75.72871        0.00000        0.00000
wrapping first mol.:      -75.72871        0.00000        0.00000
wrapping first mol.:      -75.67154        0.00000        0.00000
wrapping first mol.:      -75.67154        0.00000        0.00000
wrapping first mol.:      -75.63197        0.00000        0.00000
wrapping first mol.:      -75.63197        0.00000        0.00000
wrapping first mol.:      -75.66672        0.00000        0.00000
wrapping first mol.:      -75.66672        0.00000        0.00000

 NSTEP =  2050000   TIME(PS) =    5800.000  TEMP(K) =   299.17  PRESS =     0.0
 Etot   =   -117304.5393  EKtot   =     20445.6992  EPtot      =   -137750.2385
 BOND   =       537.7179  ANGLE   =      1499.2656  DIHED      =       984.2647
 UB     =         0.0000  IMP     =         0.0000  CMAP       =       141.3784
 1-4 NB =       650.9086  1-4 EEL =      5932.4026  VDWAALS    =     16337.3206
 EELEC  =   -163833.4970  EHBOND  =         0.0000  RESTRAINT  =         0.0000
 EKCMT  =         0.0000  VIRIAL  =         0.0000  VOLUME     =    333497.6705
                                                    Density    =         1.0321
 ------------------------------------------------------------------------------

wrapping first mol.:      -75.62413        0.00000        0.00000
wrapping first mol.:      -75.62413        0.00000        0.00000
wrapping first mol.:      -75.69684        0.00000        0.00000
wrapping first mol.:      -75.69684        0.00000        0.00000
wrapping first mol.:      -75.65351        0.00000        0.00000
wrapping first mol.:      -75.65351        0.00000        0.00000
wrapping first mol.:      -75.74362        0.00000        0.00000
wrapping first mol.:      -75.74362        0.00000        0.00000
wrapping first mol.:      -75.78211        0.00000        0.00000
wrapping first mol.:      -75.78211        0.00000        0.00000

 NSTEP =  2075000   TIME(PS) =    5850.000  TEMP(K) =   301.18  PRESS =     0.0
 Etot   =   -116689.1162  EKtot   =     20582.6016  EPtot      =   -137271.7178
 BOND   =       556.9916  ANGLE   =      1477.1912  DIHED      =      1017.1368
 UB     =         0.0000  IMP     =         0.0000  CMAP       =       143.6334
 1-4 NB =       652.9215  1-4 EEL =      5864.2407  VDWAALS    =     16132.6277
 EELEC  =   -163116.4606  EHBOND  =         0.0000  RESTRAINT  =         0.0000
 EKCMT  =         0.0000  VIRIAL  =         0.0000  VOLUME     =    335025.8218
                                                    Density    =         1.0274
 ------------------------------------------------------------------------------

wrapping first mol.:      -75.60552        0.00000        0.00000
wrapping first mol.:      -75.60552        0.00000        0.00000
wrapping first mol.:      -75.70617        0.00000        0.00000
wrapping first mol.:      -75.70617        0.00000        0.00000
wrapping first mol.:      -75.71154        0.00000        0.00000
wrapping first mol.:      -75.71154        0.00000        0.00000
wrapping first mol.:      -75.69589        0.00000        0.00000
wrapping first mol.:      -75.69589        0.00000        0.00000
wrapping first mol.:      -75.76733        0.00000        0.00000
wrapping first mol.:      -75.76733        0.00000        0.00000

 NSTEP =  2100000   TIME(PS) =    5900.000  TEMP(K) =   301.83  PRESS =     0.0
 Etot   =   -117070.3485  EKtot   =     20627.2129  EPtot      =   -137697.5613
 BOND   =       584.8575  ANGLE   =      1485.2493  DIHED      =      1007.3141
 UB     =         0.0000  IMP     =         0.0000  CMAP       =       138.9035
 1-4 NB =       643.8914  1-4 EEL =      5849.7786  VDWAALS    =     16628.4847
 EELEC  =   -164036.0404  EHBOND  =         0.0000  RESTRAINT  =         0.0000
 EKCMT  =         0.0000  VIRIAL  =         0.0000  VOLUME     =    334829.7384
                                                    Density    =         1.0280
 ------------------------------------------------------------------------------

wrapping first mol.:      -75.76759        0.00000        0.00000
wrapping first mol.:      -75.76759        0.00000        0.00000
wrapping first mol.:      -75.73703        0.00000        0.00000
wrapping first mol.:      -75.73703        0.00000        0.00000
wrapping first mol.:      -75.66327        0.00000        0.00000
wrapping first mol.:      -75.66327        0.00000        0.00000
wrapping first mol.:      -75.68059        0.00000        0.00000
wrapping first mol.:      -75.68059        0.00000        0.00000
wrapping first mol.:      -75.64046        0.00000        0.00000
wrapping first mol.:      -75.64046        0.00000        0.00000

 NSTEP =  2125000   TIME(PS) =    5950.000  TEMP(K) =   298.93  PRESS =     0.0
 Etot   =   -117228.7091  EKtot   =     20429.2383  EPtot      =   -137657.9474
 BOND   =       562.6214  ANGLE   =      1498.9481  DIHED      =      1029.2816
 UB     =         0.0000  IMP     =         0.0000  CMAP       =       132.4166
 1-4 NB =       639.5541  1-4 EEL =      5885.1017  VDWAALS    =     16484.2269
 EELEC  =   -163890.0978  EHBOND  =         0.0000  RESTRAINT  =         0.0000
 EKCMT  =         0.0000  VIRIAL  =         0.0000  VOLUME     =    333150.6144
                                                    Density    =         1.0332
 ------------------------------------------------------------------------------

wrapping first mol.:      -75.61230        0.00000        0.00000
wrapping first mol.:      -75.61230        0.00000        0.00000
wrapping first mol.:      -75.68268        0.00000        0.00000
wrapping first mol.:      -75.68268        0.00000        0.00000
wrapping first mol.:      -75.70113        0.00000        0.00000
wrapping first mol.:      -75.70113        0.00000        0.00000
wrapping first mol.:      -75.63988        0.00000        0.00000
wrapping first mol.:      -75.63988        0.00000        0.00000
wrapping first mol.:      -75.68809        0.00000        0.00000
wrapping first mol.:      -75.68809        0.00000        0.00000

 NSTEP =  2150000   TIME(PS) =    6000.000  TEMP(K) =   298.55  PRESS =     0.0
 Etot   =   -116897.8531  EKtot   =     20403.1797  EPtot      =   -137301.0328
 BOND   =       577.6792  ANGLE   =      1516.6005  DIHED      =      1011.3199
 UB     =         0.0000  IMP     =         0.0000  CMAP       =       138.2426
 1-4 NB =       630.8397  1-4 EEL =      5841.6040  VDWAALS    =     16181.7312
 EELEC  =   -163199.0500  EHBOND  =         0.0000  RESTRAINT  =         0.0000
 EKCMT  =         0.0000  VIRIAL  =         0.0000  VOLUME     =    333780.3030
                                                    Density    =         1.0312
 ------------------------------------------------------------------------------

wrapping first mol.:      -75.68380        0.00000        0.00000
wrapping first mol.:      -75.68380        0.00000        0.00000
wrapping first mol.:      -75.64034        0.00000        0.00000
wrapping first mol.:      -75.64034        0.00000        0.00000
wrapping first mol.:      -75.71184        0.00000        0.00000
wrapping first mol.:      -75.71184        0.00000        0.00000
wrapping first mol.:      -75.75664        0.00000        0.00000
wrapping first mol.:      -75.75664        0.00000        0.00000
wrapping first mol.:      -75.69327        0.00000        0.00000
wrapping first mol.:      -75.69327        0.00000        0.00000

 NSTEP =  2175000   TIME(PS) =    6050.000  TEMP(K) =   301.31  PRESS =     0.0
 Etot   =   -116891.1633  EKtot   =     20591.8027  EPtot      =   -137482.9660
 BOND   =       604.2434  ANGLE   =      1508.5731  DIHED      =      1029.3080
 UB     =         0.0000  IMP     =         0.0000  CMAP       =       140.1447
 1-4 NB =       649.5971  1-4 EEL =      5867.6423  VDWAALS    =     16270.9285
 EELEC  =   -163553.4031  EHBOND  =         0.0000  RESTRAINT  =         0.0000
 EKCMT  =         0.0000  VIRIAL  =         0.0000  VOLUME     =    333848.8276
                                                    Density    =         1.0310
 ------------------------------------------------------------------------------

wrapping first mol.:      -75.73506        0.00000        0.00000
wrapping first mol.:      -75.73506        0.00000        0.00000
wrapping first mol.:      -75.61141        0.00000        0.00000
wrapping first mol.:      -75.61141        0.00000        0.00000
wrapping first mol.:      -75.63648        0.00000        0.00000
wrapping first mol.:      -75.63648        0.00000        0.00000
wrapping first mol.:      -75.67638        0.00000        0.00000
wrapping first mol.:      -75.67638        0.00000        0.00000

 NSTEP =  2200000   TIME(PS) =    6100.000  TEMP(K) =   300.33  PRESS =     0.0
 Etot   =   -117127.6820  EKtot   =     20524.6816  EPtot      =   -137652.3637
 BOND   =       581.0750  ANGLE   =      1478.9532  DIHED      =      1032.8034
 UB     =         0.0000  IMP     =         0.0000  CMAP       =       140.0055
 1-4 NB =       638.7151  1-4 EEL =      5878.0835  VDWAALS    =     16672.8068
 EELEC  =   -164074.8062  EHBOND  =         0.0000  RESTRAINT  =         0.0000
 EKCMT  =         0.0000  VIRIAL  =         0.0000  VOLUME     =    332948.3014
                                                    Density    =         1.0338
 ------------------------------------------------------------------------------


 NSTEP =  2225000   TIME(PS) =    6150.000  TEMP(K) =   299.10  PRESS =     0.0
 Etot   =   -117216.0031  EKtot   =     20440.9668  EPtot      =   -137656.9699
 BOND   =       550.3354  ANGLE   =      1519.0602  DIHED      =      1033.4685
 UB     =         0.0000  IMP     =         0.0000  CMAP       =       147.5923
 1-4 NB =       634.0163  1-4 EEL =      5808.8982  VDWAALS    =     16285.8848
 EELEC  =   -163636.2256  EHBOND  =         0.0000  RESTRAINT  =         0.0000
 EKCMT  =         0.0000  VIRIAL  =         0.0000  VOLUME     =    333760.0612
                                                    Density    =         1.0313
 ------------------------------------------------------------------------------


 NSTEP =  2250000   TIME(PS) =    6200.000  TEMP(K) =   298.45  PRESS =     0.0
 Etot   =   -117074.8671  EKtot   =     20396.2305  EPtot      =   -137471.0975
 BOND   =       566.5124  ANGLE   =      1541.6007  DIHED      =      1031.5711
 UB     =         0.0000  IMP     =         0.0000  CMAP       =       144.2219
 1-4 NB =       655.3461  1-4 EEL =      5861.5371  VDWAALS    =     16334.3706
 EELEC  =   -163606.2576  EHBOND  =         0.0000  RESTRAINT  =         0.0000
 EKCMT  =         0.0000  VIRIAL  =         0.0000  VOLUME     =    334454.6182
                                                    Density    =         1.0291
 ------------------------------------------------------------------------------


 NSTEP =  2275000   TIME(PS) =    6250.000  TEMP(K) =   299.99  PRESS =     0.0
 Etot   =   -117271.9754  EKtot   =     20501.2148  EPtot      =   -137773.1903
 BOND   =       552.5368  ANGLE   =      1475.3527  DIHED      =       995.3570
 UB     =         0.0000  IMP     =         0.0000  CMAP       =       147.7329
 1-4 NB =       641.7169  1-4 EEL =      5856.5764  VDWAALS    =     16580.8106
 EELEC  =   -164023.2736  EHBOND  =         0.0000  RESTRAINT  =         0.0000
 EKCMT  =         0.0000  VIRIAL  =         0.0000  VOLUME     =    332693.8479
                                                    Density    =         1.0346
 ------------------------------------------------------------------------------


 NSTEP =  2300000   TIME(PS) =    6300.000  TEMP(K) =   299.34  PRESS =     0.0
 Etot   =   -117552.0979  EKtot   =     20457.0117  EPtot      =   -138009.1096
 BOND   =       559.3588  ANGLE   =      1522.6143  DIHED      =       972.3817
 UB     =         0.0000  IMP     =         0.0000  CMAP       =       146.2608
 1-4 NB =       643.4637  1-4 EEL =      5878.4119  VDWAALS    =     17047.3759
 EELEC  =   -164778.9767  EHBOND  =         0.0000  RESTRAINT  =         0.0000
 EKCMT  =         0.0000  VIRIAL  =         0.0000  VOLUME     =    333652.4774
                                                    Density    =         1.0316
 ------------------------------------------------------------------------------


 NSTEP =  2325000   TIME(PS) =    6350.000  TEMP(K) =   300.82  PRESS =     0.0
 Etot   =   -117182.8408  EKtot   =     20557.8594  EPtot      =   -137740.7002
 BOND   =       583.0821  ANGLE   =      1516.8676  DIHED      =      1006.1482
 UB     =         0.0000  IMP     =         0.0000  CMAP       =       139.8714
 1-4 NB =       641.6826  1-4 EEL =      5837.8425  VDWAALS    =     16387.8838
 EELEC  =   -163854.0784  EHBOND  =         0.0000  RESTRAINT  =         0.0000
 EKCMT  =         0.0000  VIRIAL  =         0.0000  VOLUME     =    332997.3557
                                                    Density    =         1.0336
 ------------------------------------------------------------------------------


 NSTEP =  2350000   TIME(PS) =    6400.000  TEMP(K) =   297.15  PRESS =     0.0
 Etot   =   -117489.4242  EKtot   =     20307.5254  EPtot      =   -137796.9496
 BOND   =       600.4620  ANGLE   =      1561.7819  DIHED      =      1010.1086
 UB     =         0.0000  IMP     =         0.0000  CMAP       =       133.6338
 1-4 NB =       640.0055  1-4 EEL =      5858.5762  VDWAALS    =     16618.1180
 EELEC  =   -164219.6356  EHBOND  =         0.0000  RESTRAINT  =         0.0000
 EKCMT  =         0.0000  VIRIAL  =         0.0000  VOLUME     =    333018.5091
                                                    Density    =         1.0336
 ------------------------------------------------------------------------------


 NSTEP =  2375000   TIME(PS) =    6450.000  TEMP(K) =   302.46  PRESS =     0.0
 Etot   =   -116621.4875  EKtot   =     20670.5742  EPtot      =   -137292.0617
 BOND   =       559.1402  ANGLE   =      1505.1492  DIHED      =      1028.1137
 UB     =         0.0000  IMP     =         0.0000  CMAP       =       134.7004
 1-4 NB =       654.2365  1-4 EEL =      5890.1873  VDWAALS    =     16456.8739
 EELEC  =   -163520.4630  EHBOND  =         0.0000  RESTRAINT  =         0.0000
 EKCMT  =         0.0000  VIRIAL  =         0.0000  VOLUME     =    334142.3641
                                                    Density    =         1.0301
 ------------------------------------------------------------------------------


 NSTEP =  2400000   TIME(PS) =    6500.000  TEMP(K) =   298.50  PRESS =     0.0
 Etot   =   -117253.8589  EKtot   =     20399.6680  EPtot      =   -137653.5269
 BOND   =       552.9731  ANGLE   =      1547.0801  DIHED      =      1041.9263
 UB     =         0.0000  IMP     =         0.0000  CMAP       =       137.9566
 1-4 NB =       665.0924  1-4 EEL =      5903.9700  VDWAALS    =     16633.5074
 EELEC  =   -164136.0328  EHBOND  =         0.0000  RESTRAINT  =         0.0000
 EKCMT  =         0.0000  VIRIAL  =         0.0000  VOLUME     =    334090.6012
                                                    Density    =         1.0303
 ------------------------------------------------------------------------------


 NSTEP =  2425000   TIME(PS) =    6550.000  TEMP(K) =   299.04  PRESS =     0.0
 Etot   =   -117632.2467  EKtot   =     20436.3730  EPtot      =   -138068.6198
 BOND   =       570.2298  ANGLE   =      1503.2886  DIHED      =       983.8012
 UB     =         0.0000  IMP     =         0.0000  CMAP       =       139.6000
 1-4 NB =       634.8726  1-4 EEL =      5870.6091  VDWAALS    =     16499.2845
 EELEC  =   -164270.3056  EHBOND  =         0.0000  RESTRAINT  =         0.0000
 EKCMT  =         0.0000  VIRIAL  =         0.0000  VOLUME     =    333363.8456
                                                    Density    =         1.0325
 ------------------------------------------------------------------------------


 NSTEP =  2450000   TIME(PS) =    6600.000  TEMP(K) =   300.44  PRESS =     0.0
 Etot   =   -117128.2440  EKtot   =     20531.9062  EPtot      =   -137660.1502
 BOND   =       559.3021  ANGLE   =      1478.4180  DIHED      =      1051.8422
 UB     =         0.0000  IMP     =         0.0000  CMAP       =       130.9377
 1-4 NB =       648.1510  1-4 EEL =      5905.7608  VDWAALS    =     16298.6021
 EELEC  =   -163733.1641  EHBOND  =         0.0000  RESTRAINT  =         0.0000
 EKCMT  =         0.0000  VIRIAL  =         0.0000  VOLUME     =    333628.8684
                                                    Density    =         1.0317
 ------------------------------------------------------------------------------


 NSTEP =  2475000   TIME(PS) =    6650.000  TEMP(K) =   301.33  PRESS =     0.0
 Etot   =   -117357.2435  EKtot   =     20593.1309  EPtot      =   -137950.3743
 BOND   =       554.4583  ANGLE   =      1547.6370  DIHED      =      1018.0434
 UB     =         0.0000  IMP     =         0.0000  CMAP       =       135.9979
 1-4 NB =       648.3727  1-4 EEL =      5846.9240  VDWAALS    =     16660.6856
 EELEC  =   -164362.4931  EHBOND  =         0.0000  RESTRAINT  =         0.0000
 EKCMT  =         0.0000  VIRIAL  =         0.0000  VOLUME     =    334976.6304
                                                    Density    =         1.0275
 ------------------------------------------------------------------------------


 NSTEP =  2500000   TIME(PS) =    6700.000  TEMP(K) =   298.98  PRESS =     0.0
 Etot   =   -117216.8397  EKtot   =     20432.5586  EPtot      =   -137649.3983
 BOND   =       553.7072  ANGLE   =      1477.8393  DIHED      =      1018.2457
 UB     =         0.0000  IMP     =         0.0000  CMAP       =       142.3188
 1-4 NB =       641.7997  1-4 EEL =      5864.0500  VDWAALS    =     16366.1779
 EELEC  =   -163713.5368  EHBOND  =         0.0000  RESTRAINT  =         0.0000
 EKCMT  =         0.0000  VIRIAL  =         0.0000  VOLUME     =    334036.4419
                                                    Density    =         1.0304
 ------------------------------------------------------------------------------

wrapping first mol.:      -75.79265        0.00000        0.00000
wrapping first mol.:      -75.79265        0.00000        0.00000
wrapping first mol.:      -75.64643        0.00000        0.00000
wrapping first mol.:      -75.64643        0.00000        0.00000
wrapping first mol.:      -75.79283        0.00000        0.00000
wrapping first mol.:      -75.79283        0.00000        0.00000

 NSTEP =  2525000   TIME(PS) =    6750.000  TEMP(K) =   300.00  PRESS =     0.0
 Etot   =   -117082.5082  EKtot   =     20502.3789  EPtot      =   -137584.8871
 BOND   =       550.7042  ANGLE   =      1533.5092  DIHED      =      1024.8036
 UB     =         0.0000  IMP     =         0.0000  CMAP       =       133.7875
 1-4 NB =       662.0016  1-4 EEL =      5830.0765  VDWAALS    =     16438.5818
 EELEC  =   -163758.3515  EHBOND  =         0.0000  RESTRAINT  =         0.0000
 EKCMT  =         0.0000  VIRIAL  =         0.0000  VOLUME     =    335168.0254
                                                    Density    =         1.0270
 ------------------------------------------------------------------------------

wrapping first mol.:      -75.76970        0.00000        0.00000
wrapping first mol.:      -75.76970        0.00000        0.00000
wrapping first mol.:      -75.52711        0.00000        0.00000
wrapping first mol.:      -75.52711        0.00000        0.00000
wrapping first mol.:      -75.66214        0.00000        0.00000
wrapping first mol.:      -75.66214        0.00000        0.00000
wrapping first mol.:      -75.61083        0.00000        0.00000
wrapping first mol.:      -75.61083        0.00000        0.00000
wrapping first mol.:      -75.68974        0.00000        0.00000
wrapping first mol.:      -75.68974        0.00000        0.00000

 NSTEP =  2550000   TIME(PS) =    6800.000  TEMP(K) =   301.04  PRESS =     0.0
 Etot   =   -117143.6198  EKtot   =     20572.9785  EPtot      =   -137716.5983
 BOND   =       555.1344  ANGLE   =      1462.2448  DIHED      =      1022.5797
 UB     =         0.0000  IMP     =         0.0000  CMAP       =       144.9952
 1-4 NB =       644.0672  1-4 EEL =      5803.1140  VDWAALS    =     16453.7870
 EELEC  =   -163802.5207  EHBOND  =         0.0000  RESTRAINT  =         0.0000
 EKCMT  =         0.0000  VIRIAL  =         0.0000  VOLUME     =    333802.2022
                                                    Density    =         1.0312
 ------------------------------------------------------------------------------

wrapping first mol.:      -75.75792        0.00000        0.00000
wrapping first mol.:      -75.75792        0.00000        0.00000
wrapping first mol.:      -75.72736        0.00000        0.00000
wrapping first mol.:      -75.72736        0.00000        0.00000
wrapping first mol.:      -75.59261        0.00000        0.00000
wrapping first mol.:      -75.59261        0.00000        0.00000
wrapping first mol.:      -75.68052        0.00000        0.00000
wrapping first mol.:      -75.68052        0.00000        0.00000
wrapping first mol.:      -75.70275        0.00000        0.00000
wrapping first mol.:      -75.70275        0.00000        0.00000

 NSTEP =  2575000   TIME(PS) =    6850.000  TEMP(K) =   302.09  PRESS =     0.0
 Etot   =   -117094.1341  EKtot   =     20644.6680  EPtot      =   -137738.8021
 BOND   =       529.3307  ANGLE   =      1557.8694  DIHED      =      1010.4921
 UB     =         0.0000  IMP     =         0.0000  CMAP       =       131.7758
 1-4 NB =       645.8500  1-4 EEL =      5877.3974  VDWAALS    =     16277.7501
 EELEC  =   -163769.2677  EHBOND  =         0.0000  RESTRAINT  =         0.0000
 EKCMT  =         0.0000  VIRIAL  =         0.0000  VOLUME     =    333974.3263
                                                    Density    =         1.0306
 ------------------------------------------------------------------------------


 NSTEP =  2600000   TIME(PS) =    6900.000  TEMP(K) =   297.76  PRESS =     0.0
 Etot   =   -117103.6831  EKtot   =     20348.7617  EPtot      =   -137452.4448
 BOND   =       554.3847  ANGLE   =      1497.6125  DIHED      =       995.7459
 UB     =         0.0000  IMP     =         0.0000  CMAP       =       132.2889
 1-4 NB =       644.1269  1-4 EEL =      5847.5430  VDWAALS    =     16291.1079
 EELEC  =   -163415.2546  EHBOND  =         0.0000  RESTRAINT  =         0.0000
 EKCMT  =         0.0000  VIRIAL  =         0.0000  VOLUME     =    333643.8039
                                                    Density    =         1.0316
 ------------------------------------------------------------------------------

wrapping first mol.:      -75.77465        0.00000        0.00000
wrapping first mol.:      -75.77465        0.00000        0.00000
wrapping first mol.:      -75.76521        0.00000        0.00000
wrapping first mol.:      -75.76521        0.00000        0.00000
wrapping first mol.:      -75.67633        0.00000        0.00000
wrapping first mol.:      -75.67633        0.00000        0.00000
wrapping first mol.:      -75.65312        0.00000        0.00000
wrapping first mol.:      -75.65312        0.00000        0.00000

 NSTEP =  2625000   TIME(PS) =    6950.000  TEMP(K) =   298.90  PRESS =     0.0
 Etot   =   -117056.7943  EKtot   =     20427.3027  EPtot      =   -137484.0970
 BOND   =       553.2915  ANGLE   =      1518.9103  DIHED      =       992.2515
 UB     =         0.0000  IMP     =         0.0000  CMAP       =       138.5876
 1-4 NB =       651.3229  1-4 EEL =      5796.4406  VDWAALS    =     16576.6256
 EELEC  =   -163711.5270  EHBOND  =         0.0000  RESTRAINT  =         0.0000
 EKCMT  =         0.0000  VIRIAL  =         0.0000  VOLUME     =    333317.9416
                                                    Density    =         1.0327
 ------------------------------------------------------------------------------

wrapping first mol.:      -75.72168        0.00000        0.00000
wrapping first mol.:      -75.72168        0.00000        0.00000
wrapping first mol.:      -75.64372        0.00000        0.00000
wrapping first mol.:      -75.64372        0.00000        0.00000
wrapping first mol.:      -75.68021        0.00000        0.00000
wrapping first mol.:      -75.68021        0.00000        0.00000
wrapping first mol.:      -75.70371        0.00000        0.00000
wrapping first mol.:      -75.70371        0.00000        0.00000
wrapping first mol.:      -75.76617        0.00000        0.00000
wrapping first mol.:      -75.76617        0.00000        0.00000

 NSTEP =  2650000   TIME(PS) =    7000.000  TEMP(K) =   299.81  PRESS =     0.0
 Etot   =   -116909.0633  EKtot   =     20489.0449  EPtot      =   -137398.1083
 BOND   =       592.7562  ANGLE   =      1523.2776  DIHED      =       984.4512
 UB     =         0.0000  IMP     =         0.0000  CMAP       =       135.1843
 1-4 NB =       636.7500  1-4 EEL =      5815.1339  VDWAALS    =     16462.2242
 EELEC  =   -163547.8857  EHBOND  =         0.0000  RESTRAINT  =         0.0000
 EKCMT  =         0.0000  VIRIAL  =         0.0000  VOLUME     =    334814.4338
                                                    Density    =         1.0280
 ------------------------------------------------------------------------------

wrapping first mol.:      -75.80003        0.00000        0.00000
wrapping first mol.:      -75.80003        0.00000        0.00000
wrapping first mol.:      -75.67527        0.00000        0.00000
wrapping first mol.:      -75.67527        0.00000        0.00000
wrapping first mol.:      -75.60950        0.00000        0.00000
wrapping first mol.:      -75.60950        0.00000        0.00000
wrapping first mol.:      -75.63419        0.00000        0.00000
wrapping first mol.:      -75.63419        0.00000        0.00000
wrapping first mol.:      -75.69328        0.00000        0.00000
wrapping first mol.:      -75.69328        0.00000        0.00000

 NSTEP =  2675000   TIME(PS) =    7050.000  TEMP(K) =   299.40  PRESS =     0.0
 Etot   =   -117527.1474  EKtot   =     20461.2695  EPtot      =   -137988.4169
 BOND   =       544.0748  ANGLE   =      1488.6891  DIHED      =       973.0975
 UB     =         0.0000  IMP     =         0.0000  CMAP       =       155.2111
 1-4 NB =       644.8751  1-4 EEL =      5901.3004  VDWAALS    =     16553.5647
 EELEC  =   -164249.2297  EHBOND  =         0.0000  RESTRAINT  =         0.0000
 EKCMT  =         0.0000  VIRIAL  =         0.0000  VOLUME     =    333849.0263
                                                    Density    =         1.0310
 ------------------------------------------------------------------------------

wrapping first mol.:      -75.70756        0.00000        0.00000
wrapping first mol.:      -75.70756        0.00000        0.00000
wrapping first mol.:      -75.77394        0.00000        0.00000
wrapping first mol.:      -75.77394        0.00000        0.00000
wrapping first mol.:      -75.73938        0.00000        0.00000
wrapping first mol.:      -75.73938        0.00000        0.00000
wrapping first mol.:      -75.66933        0.00000        0.00000
wrapping first mol.:      -75.66933        0.00000        0.00000
wrapping first mol.:      -75.67399        0.00000        0.00000
wrapping first mol.:      -75.67399        0.00000        0.00000

 NSTEP =  2700000   TIME(PS) =    7100.000  TEMP(K) =   300.59  PRESS =     0.0
 Etot   =   -116893.8603  EKtot   =     20542.5977  EPtot      =   -137436.4580
 BOND   =       544.0538  ANGLE   =      1525.3491  DIHED      =      1002.3564
 UB     =         0.0000  IMP     =         0.0000  CMAP       =       138.3241
 1-4 NB =       637.1745  1-4 EEL =      5863.6566  VDWAALS    =     16216.8197
 EELEC  =   -163364.1921  EHBOND  =         0.0000  RESTRAINT  =         0.0000
 EKCMT  =         0.0000  VIRIAL  =         0.0000  VOLUME     =    333593.8922
                                                    Density    =         1.0318
 ------------------------------------------------------------------------------

wrapping first mol.:      -75.65757        0.00000        0.00000
wrapping first mol.:      -75.65757        0.00000        0.00000
wrapping first mol.:      -75.68070        0.00000        0.00000
wrapping first mol.:      -75.68070        0.00000        0.00000
wrapping first mol.:      -75.64183        0.00000        0.00000
wrapping first mol.:      -75.64183        0.00000        0.00000
wrapping first mol.:      -75.72157        0.00000        0.00000
wrapping first mol.:      -75.72157        0.00000        0.00000
wrapping first mol.:      -75.65957        0.00000        0.00000
wrapping first mol.:      -75.65957        0.00000        0.00000

 NSTEP =  2725000   TIME(PS) =    7150.000  TEMP(K) =   301.01  PRESS =     0.0
 Etot   =   -117010.9508  EKtot   =     20571.3984  EPtot      =   -137582.3492
 BOND   =       561.7542  ANGLE   =      1530.0263  DIHED      =      1022.1043
 UB     =         0.0000  IMP     =         0.0000  CMAP       =       143.1021
 1-4 NB =       657.8617  1-4 EEL =      5883.5874  VDWAALS    =     16414.0577
 EELEC  =   -163794.8430  EHBOND  =         0.0000  RESTRAINT  =         0.0000
 EKCMT  =         0.0000  VIRIAL  =         0.0000  VOLUME     =    333403.2398
                                                    Density    =         1.0324
 ------------------------------------------------------------------------------

wrapping first mol.:      -75.67018        0.00000        0.00000
wrapping first mol.:      -75.67018        0.00000        0.00000
wrapping first mol.:      -75.59912        0.00000        0.00000
wrapping first mol.:      -75.59912        0.00000        0.00000
wrapping first mol.:      -75.72936        0.00000        0.00000
wrapping first mol.:      -75.72936        0.00000        0.00000
wrapping first mol.:      -75.66151        0.00000        0.00000
wrapping first mol.:      -75.66151        0.00000        0.00000
wrapping first mol.:      -75.69704        0.00000        0.00000
wrapping first mol.:      -75.69704        0.00000        0.00000

 NSTEP =  2750000   TIME(PS) =    7200.000  TEMP(K) =   302.73  PRESS =     0.0
 Etot   =   -116960.9108  EKtot   =     20688.4082  EPtot      =   -137649.3190
 BOND   =       566.2194  ANGLE   =      1574.3127  DIHED      =       979.3365
 UB     =         0.0000  IMP     =         0.0000  CMAP       =       151.8233
 1-4 NB =       622.8505  1-4 EEL =      5828.6304  VDWAALS    =     16212.3735
 EELEC  =   -163584.8652  EHBOND  =         0.0000  RESTRAINT  =         0.0000
 EKCMT  =         0.0000  VIRIAL  =         0.0000  VOLUME     =    333898.7397
                                                    Density    =         1.0309
 ------------------------------------------------------------------------------

wrapping first mol.:      -75.54449        0.00000        0.00000
wrapping first mol.:      -75.54449        0.00000        0.00000
wrapping first mol.:      -75.65168        0.00000        0.00000
wrapping first mol.:      -75.65168        0.00000        0.00000
wrapping first mol.:      -75.65138        0.00000        0.00000
wrapping first mol.:      -75.65138        0.00000        0.00000
wrapping first mol.:      -75.58941        0.00000        0.00000
wrapping first mol.:      -75.58941        0.00000        0.00000
wrapping first mol.:      -75.59402        0.00000        0.00000
wrapping first mol.:      -75.59402        0.00000        0.00000

 NSTEP =  2775000   TIME(PS) =    7250.000  TEMP(K) =   299.50  PRESS =     0.0
 Etot   =   -116983.5426  EKtot   =     20467.8828  EPtot      =   -137451.4254
 BOND   =       581.1292  ANGLE   =      1485.6093  DIHED      =       992.6700
 UB     =         0.0000  IMP     =         0.0000  CMAP       =       144.7002
 1-4 NB =       651.7034  1-4 EEL =      5845.1080  VDWAALS    =     16076.7858
 EELEC  =   -163229.1312  EHBOND  =         0.0000  RESTRAINT  =         0.0000
 EKCMT  =         0.0000  VIRIAL  =         0.0000  VOLUME     =    332537.3904
                                                    Density    =         1.0351
 ------------------------------------------------------------------------------

wrapping first mol.:      -75.71133        0.00000        0.00000
wrapping first mol.:      -75.71133        0.00000        0.00000
wrapping first mol.:      -75.68049        0.00000        0.00000
wrapping first mol.:      -75.68049        0.00000        0.00000
wrapping first mol.:      -75.64961        0.00000        0.00000
wrapping first mol.:      -75.64961        0.00000        0.00000
wrapping first mol.:      -75.70566        0.00000        0.00000
wrapping first mol.:      -75.70566        0.00000        0.00000
wrapping first mol.:      -75.73433        0.00000        0.00000
wrapping first mol.:      -75.73433        0.00000        0.00000

 NSTEP =  2800000   TIME(PS) =    7300.000  TEMP(K) =   302.78  PRESS =     0.0
 Etot   =   -116925.5738  EKtot   =     20691.8047  EPtot      =   -137617.3785
 BOND   =       538.1177  ANGLE   =      1558.7885  DIHED      =       984.1129
 UB     =         0.0000  IMP     =         0.0000  CMAP       =       140.2762
 1-4 NB =       633.4258  1-4 EEL =      5853.3700  VDWAALS    =     16325.4650
 EELEC  =   -163650.9345  EHBOND  =         0.0000  RESTRAINT  =         0.0000
 EKCMT  =         0.0000  VIRIAL  =         0.0000  VOLUME     =    334392.5166
                                                    Density    =         1.0293
 ------------------------------------------------------------------------------

wrapping first mol.:      -75.68896        0.00000        0.00000
wrapping first mol.:      -75.68896        0.00000        0.00000
wrapping first mol.:      -75.63840        0.00000        0.00000
wrapping first mol.:      -75.63840        0.00000        0.00000
wrapping first mol.:      -75.71584        0.00000        0.00000
wrapping first mol.:      -75.71584        0.00000        0.00000
wrapping first mol.:      -75.60780        0.00000        0.00000
wrapping first mol.:      -75.60780        0.00000        0.00000
wrapping first mol.:      -75.61105        0.00000        0.00000
wrapping first mol.:      -75.61105        0.00000        0.00000

 NSTEP =  2825000   TIME(PS) =    7350.000  TEMP(K) =   302.58  PRESS =     0.0
 Etot   =   -117301.5640  EKtot   =     20678.1992  EPtot      =   -137979.7632
 BOND   =       558.6567  ANGLE   =      1497.9181  DIHED      =      1020.2838
 UB     =         0.0000  IMP     =         0.0000  CMAP       =       134.6417
 1-4 NB =       628.9570  1-4 EEL =      5781.0601  VDWAALS    =     16639.1742
 EELEC  =   -164240.4548  EHBOND  =         0.0000  RESTRAINT  =         0.0000
 EKCMT  =         0.0000  VIRIAL  =         0.0000  VOLUME     =    332762.1104
                                                    Density    =         1.0344
 ------------------------------------------------------------------------------

wrapping first mol.:      -75.63738        0.00000        0.00000
wrapping first mol.:      -75.63738        0.00000        0.00000
wrapping first mol.:      -75.59825        0.00000        0.00000
wrapping first mol.:      -75.59825        0.00000        0.00000
wrapping first mol.:      -75.68744        0.00000        0.00000
wrapping first mol.:      -75.68744        0.00000        0.00000
wrapping first mol.:      -75.67641        0.00000        0.00000
wrapping first mol.:      -75.67641        0.00000        0.00000
wrapping first mol.:      -75.66539        0.00000        0.00000
wrapping first mol.:      -75.66539        0.00000        0.00000

 NSTEP =  2850000   TIME(PS) =    7400.000  TEMP(K) =   301.14  PRESS =     0.0
 Etot   =   -117246.7618  EKtot   =     20579.9512  EPtot      =   -137826.7130
 BOND   =       606.2032  ANGLE   =      1512.7347  DIHED      =      1015.1721
 UB     =         0.0000  IMP     =         0.0000  CMAP       =       137.1254
 1-4 NB =       622.4358  1-4 EEL =      5884.9586  VDWAALS    =     16282.8023
 EELEC  =   -163888.1450  EHBOND  =         0.0000  RESTRAINT  =         0.0000
 EKCMT  =         0.0000  VIRIAL  =         0.0000  VOLUME     =    333480.1423
                                                    Density    =         1.0321
 ------------------------------------------------------------------------------

wrapping first mol.:      -75.59965        0.00000        0.00000
wrapping first mol.:      -75.59965        0.00000        0.00000
wrapping first mol.:      -75.66463        0.00000        0.00000
wrapping first mol.:      -75.66463        0.00000        0.00000
wrapping first mol.:      -75.65886        0.00000        0.00000
wrapping first mol.:      -75.65886        0.00000        0.00000
wrapping first mol.:      -75.56361        0.00000        0.00000
wrapping first mol.:      -75.56361        0.00000        0.00000
wrapping first mol.:      -75.67748        0.00000        0.00000
wrapping first mol.:      -75.67748        0.00000        0.00000

 NSTEP =  2875000   TIME(PS) =    7450.000  TEMP(K) =   303.97  PRESS =     0.0
 Etot   =   -116596.4418  EKtot   =     20773.6777  EPtot      =   -137370.1196
 BOND   =       559.7480  ANGLE   =      1541.8658  DIHED      =      1002.2021
 UB     =         0.0000  IMP     =         0.0000  CMAP       =       146.2198
 1-4 NB =       633.1183  1-4 EEL =      5791.2136  VDWAALS    =     16511.4099
 EELEC  =   -163555.8971  EHBOND  =         0.0000  RESTRAINT  =         0.0000
 EKCMT  =         0.0000  VIRIAL  =         0.0000  VOLUME     =    333639.9939
                                                    Density    =         1.0317
 ------------------------------------------------------------------------------

wrapping first mol.:      -75.67439        0.00000        0.00000
wrapping first mol.:      -75.67439        0.00000        0.00000
wrapping first mol.:      -75.64185        0.00000        0.00000
wrapping first mol.:      -75.64185        0.00000        0.00000
wrapping first mol.:      -75.63060        0.00000        0.00000
wrapping first mol.:      -75.63060        0.00000        0.00000
wrapping first mol.:      -75.58201        0.00000        0.00000
wrapping first mol.:      -75.58201        0.00000        0.00000
wrapping first mol.:      -75.62282        0.00000        0.00000
wrapping first mol.:      -75.62282        0.00000        0.00000

 NSTEP =  2900000   TIME(PS) =    7500.000  TEMP(K) =   299.73  PRESS =     0.0
 Etot   =   -117223.0921  EKtot   =     20483.5625  EPtot      =   -137706.6546
 BOND   =       573.2590  ANGLE   =      1510.1637  DIHED      =      1014.6557
 UB     =         0.0000  IMP     =         0.0000  CMAP       =       142.1748
 1-4 NB =       631.3394  1-4 EEL =      5820.9100  VDWAALS    =     16286.3568
 EELEC  =   -163685.5141  EHBOND  =         0.0000  RESTRAINT  =         0.0000
 EKCMT  =         0.0000  VIRIAL  =         0.0000  VOLUME     =    332917.6384
                                                    Density    =         1.0339
 ------------------------------------------------------------------------------

wrapping first mol.:      -75.61293        0.00000        0.00000
wrapping first mol.:      -75.61293        0.00000        0.00000
wrapping first mol.:      -75.63333        0.00000        0.00000
wrapping first mol.:      -75.63333        0.00000        0.00000
wrapping first mol.:      -75.61249        0.00000        0.00000
wrapping first mol.:      -75.61249        0.00000        0.00000
wrapping first mol.:      -75.64723        0.00000        0.00000
wrapping first mol.:      -75.64723        0.00000        0.00000
wrapping first mol.:      -75.69026        0.00000        0.00000
wrapping first mol.:      -75.69026        0.00000        0.00000

 NSTEP =  2925000   TIME(PS) =    7550.000  TEMP(K) =   297.57  PRESS =     0.0
 Etot   =   -117237.0993  EKtot   =     20336.2285  EPtot      =   -137573.3278
 BOND   =       604.6440  ANGLE   =      1524.1275  DIHED      =       998.0914
 UB     =         0.0000  IMP     =         0.0000  CMAP       =       141.2818
 1-4 NB =       640.3706  1-4 EEL =      5783.5092  VDWAALS    =     16148.5211
 EELEC  =   -163413.8734  EHBOND  =         0.0000  RESTRAINT  =         0.0000
 EKCMT  =         0.0000  VIRIAL  =         0.0000  VOLUME     =    333809.1147
                                                    Density    =         1.0311
 ------------------------------------------------------------------------------

wrapping first mol.:      -75.67530        0.00000        0.00000
wrapping first mol.:      -75.67530        0.00000        0.00000
wrapping first mol.:      -75.60155        0.00000        0.00000
wrapping first mol.:      -75.60155        0.00000        0.00000
wrapping first mol.:      -75.58339        0.00000        0.00000
wrapping first mol.:      -75.58339        0.00000        0.00000
wrapping first mol.:      -75.68001        0.00000        0.00000
wrapping first mol.:      -75.68001        0.00000        0.00000
wrapping first mol.:      -75.80444        0.00000        0.00000
wrapping first mol.:      -75.80444        0.00000        0.00000

 NSTEP =  2950000   TIME(PS) =    7600.000  TEMP(K) =   301.45  PRESS =     0.0
 Etot   =   -116819.4002  EKtot   =     20601.3789  EPtot      =   -137420.7791
 BOND   =       535.5560  ANGLE   =      1534.8621  DIHED      =       990.6635
 UB     =         0.0000  IMP     =         0.0000  CMAP       =       147.3744
 1-4 NB =       648.9710  1-4 EEL =      5843.6425  VDWAALS    =     16549.8701
 EELEC  =   -163671.7188  EHBOND  =         0.0000  RESTRAINT  =         0.0000
 EKCMT  =         0.0000  VIRIAL  =         0.0000  VOLUME     =    335322.0185
                                                    Density    =         1.0265
 ------------------------------------------------------------------------------

wrapping first mol.:      -75.71669        0.00000        0.00000
wrapping first mol.:      -75.71669        0.00000        0.00000
wrapping first mol.:      -75.56321        0.00000        0.00000
wrapping first mol.:      -75.56321        0.00000        0.00000
wrapping first mol.:      -75.63990        0.00000        0.00000
wrapping first mol.:      -75.63990        0.00000        0.00000
wrapping first mol.:      -75.71869        0.00000        0.00000
wrapping first mol.:      -75.71869        0.00000        0.00000
wrapping first mol.:      -75.58643        0.00000        0.00000
wrapping first mol.:      -75.58643        0.00000        0.00000

 NSTEP =  2975000   TIME(PS) =    7650.000  TEMP(K) =   303.35  PRESS =     0.0
 Etot   =   -117328.3710  EKtot   =     20730.9160  EPtot      =   -138059.2870
 BOND   =       568.4275  ANGLE   =      1526.4214  DIHED      =      1003.9584
 UB     =         0.0000  IMP     =         0.0000  CMAP       =       138.8105
 1-4 NB =       630.0483  1-4 EEL =      5814.6056  VDWAALS    =     16556.1626
 EELEC  =   -164297.7214  EHBOND  =         0.0000  RESTRAINT  =         0.0000
 EKCMT  =         0.0000  VIRIAL  =         0.0000  VOLUME     =    332437.2779
                                                    Density    =         1.0354
 ------------------------------------------------------------------------------

wrapping first mol.:      -75.63901        0.00000        0.00000
wrapping first mol.:      -75.63901        0.00000        0.00000
wrapping first mol.:      -75.72286        0.00000        0.00000
wrapping first mol.:      -75.72286        0.00000        0.00000
wrapping first mol.:      -75.69747        0.00000        0.00000
wrapping first mol.:      -75.69747        0.00000        0.00000
wrapping first mol.:      -75.65591        0.00000        0.00000
wrapping first mol.:      -75.65591        0.00000        0.00000
wrapping first mol.:      -75.70000        0.00000        0.00000
wrapping first mol.:      -75.70000        0.00000        0.00000

 NSTEP =  3000000   TIME(PS) =    7700.000  TEMP(K) =   298.37  PRESS =     0.0
 Etot   =   -117170.2466  EKtot   =     20390.9746  EPtot      =   -137561.2212
 BOND   =       554.3478  ANGLE   =      1508.5911  DIHED      =      1004.6278
 UB     =         0.0000  IMP     =         0.0000  CMAP       =       147.8652
 1-4 NB =       660.8034  1-4 EEL =      5866.1642  VDWAALS    =     16457.9717
 EELEC  =   -163761.5924  EHBOND  =         0.0000  RESTRAINT  =         0.0000
 EKCMT  =         0.0000  VIRIAL  =         0.0000  VOLUME     =    333937.9452
                                                    Density    =         1.0307
 ------------------------------------------------------------------------------

wrapping first mol.:      -75.72003        0.00000        0.00000
wrapping first mol.:      -75.72003        0.00000        0.00000
wrapping first mol.:      -75.69981        0.00000        0.00000
wrapping first mol.:      -75.69981        0.00000        0.00000
wrapping first mol.:      -75.69613        0.00000        0.00000
wrapping first mol.:      -75.69613        0.00000        0.00000
wrapping first mol.:      -75.67319        0.00000        0.00000
wrapping first mol.:      -75.67319        0.00000        0.00000
wrapping first mol.:      -75.71018        0.00000        0.00000
wrapping first mol.:      -75.71018        0.00000        0.00000

 NSTEP =  3025000   TIME(PS) =    7750.000  TEMP(K) =   298.78  PRESS =     0.0
 Etot   =   -117295.2879  EKtot   =     20418.9102  EPtot      =   -137714.1980
 BOND   =       545.9423  ANGLE   =      1501.3169  DIHED      =      1005.0684
 UB     =         0.0000  IMP     =         0.0000  CMAP       =       136.3743
 1-4 NB =       632.1554  1-4 EEL =      5803.7505  VDWAALS    =     16548.6734
 EELEC  =   -163887.4793  EHBOND  =         0.0000  RESTRAINT  =         0.0000
 EKCMT  =         0.0000  VIRIAL  =         0.0000  VOLUME     =    334072.7269
                                                    Density    =         1.0303
 ------------------------------------------------------------------------------

wrapping first mol.:      -75.67211        0.00000        0.00000
wrapping first mol.:      -75.67211        0.00000        0.00000
wrapping first mol.:      -75.69219        0.00000        0.00000
wrapping first mol.:      -75.69219        0.00000        0.00000
wrapping first mol.:      -75.61778        0.00000        0.00000
wrapping first mol.:      -75.61778        0.00000        0.00000
wrapping first mol.:      -75.64133        0.00000        0.00000
wrapping first mol.:      -75.64133        0.00000        0.00000
wrapping first mol.:      -75.57404        0.00000        0.00000
wrapping first mol.:      -75.57404        0.00000        0.00000

 NSTEP =  3050000   TIME(PS) =    7800.000  TEMP(K) =   300.04  PRESS =     0.0
 Etot   =   -117171.4919  EKtot   =     20505.0938  EPtot      =   -137676.5857
 BOND   =       575.0807  ANGLE   =      1503.6815  DIHED      =       990.6608
 UB     =         0.0000  IMP     =         0.0000  CMAP       =       155.5923
 1-4 NB =       636.8198  1-4 EEL =      5755.2306  VDWAALS    =     16447.8322
 EELEC  =   -163741.4835  EHBOND  =         0.0000  RESTRAINT  =         0.0000
 EKCMT  =         0.0000  VIRIAL  =         0.0000  VOLUME     =    332273.7996
                                                    Density    =         1.0359
 ------------------------------------------------------------------------------

wrapping first mol.:      -75.71436        0.00000        0.00000
wrapping first mol.:      -75.71436        0.00000        0.00000
wrapping first mol.:      -75.66001        0.00000        0.00000
wrapping first mol.:      -75.66001        0.00000        0.00000
wrapping first mol.:      -75.72472        0.00000        0.00000
wrapping first mol.:      -75.72472        0.00000        0.00000
wrapping first mol.:      -75.71888        0.00000        0.00000
wrapping first mol.:      -75.71888        0.00000        0.00000

 NSTEP =  3075000   TIME(PS) =    7850.000  TEMP(K) =   300.62  PRESS =     0.0
 Etot   =   -116883.2678  EKtot   =     20544.4746  EPtot      =   -137427.7424
 BOND   =       551.2957  ANGLE   =      1475.3435  DIHED      =      1000.5513
 UB     =         0.0000  IMP     =         0.0000  CMAP       =       146.0451
 1-4 NB =       651.0567  1-4 EEL =      5785.4265  VDWAALS    =     15842.4730
 EELEC  =   -162879.9343  EHBOND  =         0.0000  RESTRAINT  =         0.0000
 EKCMT  =         0.0000  VIRIAL  =         0.0000  VOLUME     =    335837.6815
                                                    Density    =         1.0249
 ------------------------------------------------------------------------------

wrapping first mol.:      -75.65033        0.00000        0.00000
wrapping first mol.:      -75.65033        0.00000        0.00000
wrapping first mol.:      -75.69265        0.00000        0.00000
wrapping first mol.:      -75.69265        0.00000        0.00000
wrapping first mol.:      -75.66707        0.00000        0.00000
wrapping first mol.:      -75.66707        0.00000        0.00000
wrapping first mol.:      -75.66300        0.00000        0.00000
wrapping first mol.:      -75.66300        0.00000        0.00000

 NSTEP =  3100000   TIME(PS) =    7900.000  TEMP(K) =   297.47  PRESS =     0.0
 Etot   =   -117403.6884  EKtot   =     20329.4023  EPtot      =   -137733.0907
 BOND   =       534.1312  ANGLE   =      1493.6263  DIHED      =       982.7216
 UB     =         0.0000  IMP     =         0.0000  CMAP       =       144.7531
 1-4 NB =       650.7878  1-4 EEL =      5828.1311  VDWAALS    =     16530.5156
 EELEC  =   -163897.7576  EHBOND  =         0.0000  RESTRAINT  =         0.0000
 EKCMT  =         0.0000  VIRIAL  =         0.0000  VOLUME     =    333448.5403
                                                    Density    =         1.0322
 ------------------------------------------------------------------------------

wrapping first mol.:      -75.67093        0.00000        0.00000
wrapping first mol.:      -75.67093        0.00000        0.00000
wrapping first mol.:      -75.68331        0.00000        0.00000
wrapping first mol.:      -75.68331        0.00000        0.00000
wrapping first mol.:      -75.69027        0.00000        0.00000
wrapping first mol.:      -75.69027        0.00000        0.00000
wrapping first mol.:      -75.63652        0.00000        0.00000
wrapping first mol.:      -75.63652        0.00000        0.00000
wrapping first mol.:      -75.70256        0.00000        0.00000
wrapping first mol.:      -75.70256        0.00000        0.00000

 NSTEP =  3125000   TIME(PS) =    7950.000  TEMP(K) =   297.51  PRESS =     0.0
 Etot   =   -117371.5582  EKtot   =     20332.1426  EPtot      =   -137703.7008
 BOND   =       537.7511  ANGLE   =      1536.3668  DIHED      =       988.8360
 UB     =         0.0000  IMP     =         0.0000  CMAP       =       145.5935
 1-4 NB =       633.1355  1-4 EEL =      5771.4152  VDWAALS    =     16221.8480
 EELEC  =   -163538.6468  EHBOND  =         0.0000  RESTRAINT  =         0.0000
 EKCMT  =         0.0000  VIRIAL  =         0.0000  VOLUME     =    333971.7947
                                                    Density    =         1.0306
 ------------------------------------------------------------------------------

wrapping first mol.:      -75.64959        0.00000        0.00000
wrapping first mol.:      -75.64959        0.00000        0.00000
wrapping first mol.:      -75.66559        0.00000        0.00000
wrapping first mol.:      -75.66559        0.00000        0.00000
wrapping first mol.:      -75.73989        0.00000        0.00000
wrapping first mol.:      -75.73989        0.00000        0.00000
wrapping first mol.:      -75.56090        0.00000        0.00000
wrapping first mol.:      -75.56090        0.00000        0.00000
wrapping first mol.:      -75.73863        0.00000        0.00000
wrapping first mol.:      -75.73863        0.00000        0.00000

 NSTEP =  3150000   TIME(PS) =    8000.000  TEMP(K) =   300.28  PRESS =     0.0
 Etot   =   -116831.5658  EKtot   =     20521.1367  EPtot      =   -137352.7025
 BOND   =       554.7791  ANGLE   =      1596.0981  DIHED      =       980.3626
 UB     =         0.0000  IMP     =         0.0000  CMAP       =       148.5206
 1-4 NB =       666.7421  1-4 EEL =      5844.2284  VDWAALS    =     16186.6370
 EELEC  =   -163330.0703  EHBOND  =         0.0000  RESTRAINT  =         0.0000
 EKCMT  =         0.0000  VIRIAL  =         0.0000  VOLUME     =    334449.3999
                                                    Density    =         1.0292
 ------------------------------------------------------------------------------

wrapping first mol.:      -75.89234        0.00000        0.00000
wrapping first mol.:      -75.89234        0.00000        0.00000
wrapping first mol.:      -75.70476        0.00000        0.00000
wrapping first mol.:      -75.70476        0.00000        0.00000
wrapping first mol.:      -75.69862        0.00000        0.00000
wrapping first mol.:      -75.69862        0.00000        0.00000
wrapping first mol.:      -75.72806        0.00000        0.00000
wrapping first mol.:      -75.72806        0.00000        0.00000
wrapping first mol.:      -75.74499        0.00000        0.00000
wrapping first mol.:      -75.74499        0.00000        0.00000

 NSTEP =  3175000   TIME(PS) =    8050.000  TEMP(K) =   301.15  PRESS =     0.0
 Etot   =   -117382.7625  EKtot   =     20581.0820  EPtot      =   -137963.8445
 BOND   =       552.2368  ANGLE   =      1519.7781  DIHED      =       966.2844
 UB     =         0.0000  IMP     =         0.0000  CMAP       =       142.9108
 1-4 NB =       668.2962  1-4 EEL =      5843.7608  VDWAALS    =     16481.7232
 EELEC  =   -164138.8349  EHBOND  =         0.0000  RESTRAINT  =         0.0000
 EKCMT  =         0.0000  VIRIAL  =         0.0000  VOLUME     =    334533.6497
                                                    Density    =         1.0289
 ------------------------------------------------------------------------------

wrapping first mol.:      -75.60274        0.00000        0.00000
wrapping first mol.:      -75.60274        0.00000        0.00000
wrapping first mol.:      -75.64985        0.00000        0.00000
wrapping first mol.:      -75.64985        0.00000        0.00000
wrapping first mol.:      -75.62909        0.00000        0.00000
wrapping first mol.:      -75.62909        0.00000        0.00000
wrapping first mol.:      -75.62689        0.00000        0.00000
wrapping first mol.:      -75.62689        0.00000        0.00000
wrapping first mol.:      -75.59341        0.00000        0.00000
wrapping first mol.:      -75.59341        0.00000        0.00000

 NSTEP =  3200000   TIME(PS) =    8100.000  TEMP(K) =   302.02  PRESS =     0.0
 Etot   =   -117066.9458  EKtot   =     20640.2422  EPtot      =   -137707.1880
 BOND   =       562.6128  ANGLE   =      1542.9894  DIHED      =       981.4221
 UB     =         0.0000  IMP     =         0.0000  CMAP       =       149.5442
 1-4 NB =       640.5199  1-4 EEL =      5785.1420  VDWAALS    =     16604.7636
 EELEC  =   -163974.1820  EHBOND  =         0.0000  RESTRAINT  =         0.0000
 EKCMT  =         0.0000  VIRIAL  =         0.0000  VOLUME     =    332529.3343
                                                    Density    =         1.0351
 ------------------------------------------------------------------------------

wrapping first mol.:      -75.67371        0.00000        0.00000
wrapping first mol.:      -75.67371        0.00000        0.00000
wrapping first mol.:      -75.60030        0.00000        0.00000
wrapping first mol.:      -75.60030        0.00000        0.00000
wrapping first mol.:      -75.62575        0.00000        0.00000
wrapping first mol.:      -75.62575        0.00000        0.00000
wrapping first mol.:      -75.61191        0.00000        0.00000
wrapping first mol.:      -75.61191        0.00000        0.00000

 NSTEP =  3225000   TIME(PS) =    8150.000  TEMP(K) =   300.54  PRESS =     0.0
 Etot   =   -116875.7710  EKtot   =     20539.2617  EPtot      =   -137415.0328
 BOND   =       542.4172  ANGLE   =      1579.4308  DIHED      =       985.7092
 UB     =         0.0000  IMP     =         0.0000  CMAP       =       141.4837
 1-4 NB =       642.1000  1-4 EEL =      5761.0535  VDWAALS    =     16382.1468
 EELEC  =   -163449.3739  EHBOND  =         0.0000  RESTRAINT  =         0.0000
 EKCMT  =         0.0000  VIRIAL  =         0.0000  VOLUME     =    332773.5092
                                                    Density    =         1.0343
 ------------------------------------------------------------------------------


 NSTEP =  3250000   TIME(PS) =    8200.000  TEMP(K) =   298.71  PRESS =     0.0
 Etot   =   -117278.0860  EKtot   =     20414.2305  EPtot      =   -137692.3164
 BOND   =       535.1915  ANGLE   =      1521.8464  DIHED      =      1010.9272
 UB     =         0.0000  IMP     =         0.0000  CMAP       =       142.1179
 1-4 NB =       656.9939  1-4 EEL =      5799.3075  VDWAALS    =     16067.4048
 EELEC  =   -163426.1056  EHBOND  =         0.0000  RESTRAINT  =         0.0000
 EKCMT  =         0.0000  VIRIAL  =         0.0000  VOLUME     =    332886.1214
                                                    Density    =         1.0340
 ------------------------------------------------------------------------------

wrapping first mol.:      -75.76691        0.00000        0.00000
wrapping first mol.:      -75.76691        0.00000        0.00000

 NSTEP =  3275000   TIME(PS) =    8250.000  TEMP(K) =   300.30  PRESS =     0.0
 Etot   =   -117233.7481  EKtot   =     20522.9941  EPtot      =   -137756.7423
 BOND   =       548.4752  ANGLE   =      1486.7571  DIHED      =       998.8461
 UB     =         0.0000  IMP     =         0.0000  CMAP       =       138.4031
 1-4 NB =       652.0309  1-4 EEL =      5834.0918  VDWAALS    =     16585.0974
 EELEC  =   -164000.4438  EHBOND  =         0.0000  RESTRAINT  =         0.0000
 EKCMT  =         0.0000  VIRIAL  =         0.0000  VOLUME     =    334824.2026
                                                    Density    =         1.0280
 ------------------------------------------------------------------------------

wrapping first mol.:      -75.69097        0.00000        0.00000
wrapping first mol.:      -75.69097        0.00000        0.00000
wrapping first mol.:      -75.69022        0.00000        0.00000
wrapping first mol.:      -75.69022        0.00000        0.00000
wrapping first mol.:      -75.65783        0.00000        0.00000
wrapping first mol.:      -75.65783        0.00000        0.00000
wrapping first mol.:      -75.68776        0.00000        0.00000
wrapping first mol.:      -75.68776        0.00000        0.00000
wrapping first mol.:      -75.73071        0.00000        0.00000
wrapping first mol.:      -75.73071        0.00000        0.00000

 NSTEP =  3300000   TIME(PS) =    8300.000  TEMP(K) =   298.06  PRESS =     0.0
 Etot   =   -117457.0753  EKtot   =     20369.8750  EPtot      =   -137826.9503
 BOND   =       527.6998  ANGLE   =      1581.5487  DIHED      =       964.5235
 UB     =         0.0000  IMP     =         0.0000  CMAP       =       133.2447
 1-4 NB =       656.2138  1-4 EEL =      5772.5309  VDWAALS    =     16401.3303
 EELEC  =   -163864.0421  EHBOND  =         0.0000  RESTRAINT  =         0.0000
 EKCMT  =         0.0000  VIRIAL  =         0.0000  VOLUME     =    334344.5548
                                                    Density    =         1.0295
 ------------------------------------------------------------------------------

wrapping first mol.:      -75.67403        0.00000        0.00000
wrapping first mol.:      -75.67403        0.00000        0.00000
wrapping first mol.:      -75.70511        0.00000        0.00000
wrapping first mol.:      -75.70511        0.00000        0.00000
wrapping first mol.:      -75.67564        0.00000        0.00000
wrapping first mol.:      -75.67564        0.00000        0.00000
wrapping first mol.:      -75.68925        0.00000        0.00000
wrapping first mol.:      -75.68925        0.00000        0.00000
wrapping first mol.:      -75.72813        0.00000        0.00000
wrapping first mol.:      -75.72813        0.00000        0.00000

 NSTEP =  3325000   TIME(PS) =    8350.000  TEMP(K) =   297.81  PRESS =     0.0
 Etot   =   -117173.7602  EKtot   =     20352.4922  EPtot      =   -137526.2524
 BOND   =       588.4444  ANGLE   =      1556.0583  DIHED      =       977.8307
 UB     =         0.0000  IMP     =         0.0000  CMAP       =       131.6044
 1-4 NB =       642.9473  1-4 EEL =      5801.1743  VDWAALS    =     16509.0023
 EELEC  =   -163733.3141  EHBOND  =         0.0000  RESTRAINT  =         0.0000
 EKCMT  =         0.0000  VIRIAL  =         0.0000  VOLUME     =    334310.3425
                                                    Density    =         1.0296
 ------------------------------------------------------------------------------

wrapping first mol.:      -75.61802        0.00000        0.00000
wrapping first mol.:      -75.61802        0.00000        0.00000
wrapping first mol.:      -75.62919        0.00000        0.00000
wrapping first mol.:      -75.62919        0.00000        0.00000
wrapping first mol.:      -75.65707        0.00000        0.00000
wrapping first mol.:      -75.65707        0.00000        0.00000
wrapping first mol.:      -75.75843        0.00000        0.00000
wrapping first mol.:      -75.75843        0.00000        0.00000
wrapping first mol.:      -75.76854        0.00000        0.00000
wrapping first mol.:      -75.76854        0.00000        0.00000

 NSTEP =  3350000   TIME(PS) =    8400.000  TEMP(K) =   299.94  PRESS =     0.0
 Etot   =   -117054.5737  EKtot   =     20497.8984  EPtot      =   -137552.4721
 BOND   =       542.6178  ANGLE   =      1514.5195  DIHED      =       999.4196
 UB     =         0.0000  IMP     =         0.0000  CMAP       =       144.0365
 1-4 NB =       648.8382  1-4 EEL =      5770.8276  VDWAALS    =     16356.7303
 EELEC  =   -163529.4618  EHBOND  =         0.0000  RESTRAINT  =         0.0000
 EKCMT  =         0.0000  VIRIAL  =         0.0000  VOLUME     =    334845.8235
                                                    Density    =         1.0279
 ------------------------------------------------------------------------------

wrapping first mol.:      -75.64252        0.00000        0.00000
wrapping first mol.:      -75.64252        0.00000        0.00000
wrapping first mol.:      -75.66095        0.00000        0.00000
wrapping first mol.:      -75.66095        0.00000        0.00000
wrapping first mol.:      -75.62439        0.00000        0.00000
wrapping first mol.:      -75.62439        0.00000        0.00000
wrapping first mol.:      -75.52115        0.00000        0.00000
wrapping first mol.:      -75.52115        0.00000        0.00000
wrapping first mol.:      -75.62764        0.00000        0.00000
wrapping first mol.:      -75.62764        0.00000        0.00000

 NSTEP =  3375000   TIME(PS) =    8450.000  TEMP(K) =   298.81  PRESS =     0.0
 Etot   =   -117250.8730  EKtot   =     20420.9414  EPtot      =   -137671.8144
 BOND   =       566.6190  ANGLE   =      1482.1285  DIHED      =       988.7138
 UB     =         0.0000  IMP     =         0.0000  CMAP       =       155.1260
 1-4 NB =       643.9163  1-4 EEL =      5829.0040  VDWAALS    =     16324.7835
 EELEC  =   -163662.1054  EHBOND  =         0.0000  RESTRAINT  =         0.0000
 EKCMT  =         0.0000  VIRIAL  =         0.0000  VOLUME     =    332981.2714
                                                    Density    =         1.0337
 ------------------------------------------------------------------------------

wrapping first mol.:      -75.72999        0.00000        0.00000
wrapping first mol.:      -75.72999        0.00000        0.00000
wrapping first mol.:      -75.60595        0.00000        0.00000
wrapping first mol.:      -75.60595        0.00000        0.00000
wrapping first mol.:      -75.72324        0.00000        0.00000
wrapping first mol.:      -75.72324        0.00000        0.00000
wrapping first mol.:      -75.65743        0.00000        0.00000
wrapping first mol.:      -75.65743        0.00000        0.00000
wrapping first mol.:      -75.56067        0.00000        0.00000
wrapping first mol.:      -75.56067        0.00000        0.00000

 NSTEP =  3400000   TIME(PS) =    8500.000  TEMP(K) =   298.53  PRESS =     0.0
 Etot   =   -117328.1538  EKtot   =     20401.6270  EPtot      =   -137729.7807
 BOND   =       562.1540  ANGLE   =      1507.0405  DIHED      =      1014.2726
 UB     =         0.0000  IMP     =         0.0000  CMAP       =       144.5081
 1-4 NB =       650.9484  1-4 EEL =      5810.2433  VDWAALS    =     16233.9712
 EELEC  =   -163652.9188  EHBOND  =         0.0000  RESTRAINT  =         0.0000
 EKCMT  =         0.0000  VIRIAL  =         0.0000  VOLUME     =    332097.3988
                                                    Density    =         1.0364
 ------------------------------------------------------------------------------

wrapping first mol.:      -75.68870        0.00000        0.00000
wrapping first mol.:      -75.68870        0.00000        0.00000
wrapping first mol.:      -75.70902        0.00000        0.00000
wrapping first mol.:      -75.70902        0.00000        0.00000
wrapping first mol.:      -75.68479        0.00000        0.00000
wrapping first mol.:      -75.68479        0.00000        0.00000
wrapping first mol.:      -75.54015        0.00000        0.00000
wrapping first mol.:      -75.54015        0.00000        0.00000
wrapping first mol.:      -75.70247        0.00000        0.00000
wrapping first mol.:      -75.70247        0.00000        0.00000

 NSTEP =  3425000   TIME(PS) =    8550.000  TEMP(K) =   298.01  PRESS =     0.0
 Etot   =   -117280.2298  EKtot   =     20365.8242  EPtot      =   -137646.0540
 BOND   =       549.9462  ANGLE   =      1505.2040  DIHED      =      1017.5591
 UB     =         0.0000  IMP     =         0.0000  CMAP       =       144.4663
 1-4 NB =       661.0470  1-4 EEL =      5764.9764  VDWAALS    =     16399.7148
 EELEC  =   -163688.9677  EHBOND  =         0.0000  RESTRAINT  =         0.0000
 EKCMT  =         0.0000  VIRIAL  =         0.0000  VOLUME     =    333970.6321
                                                    Density    =         1.0306
 ------------------------------------------------------------------------------

wrapping first mol.:      -75.65895        0.00000        0.00000
wrapping first mol.:      -75.65895        0.00000        0.00000
wrapping first mol.:      -75.59332        0.00000        0.00000
wrapping first mol.:      -75.59332        0.00000        0.00000
wrapping first mol.:      -75.83683        0.00000        0.00000
wrapping first mol.:      -75.83683        0.00000        0.00000
wrapping first mol.:      -75.66106        0.00000        0.00000
wrapping first mol.:      -75.66106        0.00000        0.00000
wrapping first mol.:      -75.67536        0.00000        0.00000
wrapping first mol.:      -75.67536        0.00000        0.00000

 NSTEP =  3450000   TIME(PS) =    8600.000  TEMP(K) =   298.85  PRESS =     0.0
 Etot   =   -117105.6198  EKtot   =     20423.2344  EPtot      =   -137528.8542
 BOND   =       537.3157  ANGLE   =      1508.3264  DIHED      =       999.8085
 UB     =         0.0000  IMP     =         0.0000  CMAP       =       144.0354
 1-4 NB =       656.8268  1-4 EEL =      5789.1467  VDWAALS    =     16564.1350
 EELEC  =   -163728.4488  EHBOND  =         0.0000  RESTRAINT  =         0.0000
 EKCMT  =         0.0000  VIRIAL  =         0.0000  VOLUME     =    333611.9126
                                                    Density    =         1.0317
 ------------------------------------------------------------------------------

wrapping first mol.:      -75.65908        0.00000        0.00000
wrapping first mol.:      -75.65908        0.00000        0.00000
wrapping first mol.:      -75.71529        0.00000        0.00000
wrapping first mol.:      -75.71529        0.00000        0.00000
wrapping first mol.:      -75.67981        0.00000        0.00000
wrapping first mol.:      -75.67981        0.00000        0.00000
wrapping first mol.:      -75.65102        0.00000        0.00000
wrapping first mol.:      -75.65102        0.00000        0.00000
wrapping first mol.:      -75.75381        0.00000        0.00000
wrapping first mol.:      -75.75381        0.00000        0.00000

 NSTEP =  3475000   TIME(PS) =    8650.000  TEMP(K) =   298.85  PRESS =     0.0
 Etot   =   -117183.5043  EKtot   =     20423.7480  EPtot      =   -137607.2524
 BOND   =       576.8108  ANGLE   =      1524.7988  DIHED      =       980.4229
 UB     =         0.0000  IMP     =         0.0000  CMAP       =       143.7374
 1-4 NB =       630.0741  1-4 EEL =      5757.4459  VDWAALS    =     16026.3826
 EELEC  =   -163246.9247  EHBOND  =         0.0000  RESTRAINT  =         0.0000
 EKCMT  =         0.0000  VIRIAL  =         0.0000  VOLUME     =    334650.6256
                                                    Density    =         1.0285
 ------------------------------------------------------------------------------

wrapping first mol.:      -75.68116        0.00000        0.00000
wrapping first mol.:      -75.68116        0.00000        0.00000
wrapping first mol.:      -75.75471        0.00000        0.00000
wrapping first mol.:      -75.75471        0.00000        0.00000
wrapping first mol.:      -75.63921        0.00000        0.00000
wrapping first mol.:      -75.63921        0.00000        0.00000
wrapping first mol.:      -75.71217        0.00000        0.00000
wrapping first mol.:      -75.71217        0.00000        0.00000
wrapping first mol.:      -75.67190        0.00000        0.00000
wrapping first mol.:      -75.67190        0.00000        0.00000

 NSTEP =  3500000   TIME(PS) =    8700.000  TEMP(K) =   301.32  PRESS =     0.0
 Etot   =   -117187.4399  EKtot   =     20592.5293  EPtot      =   -137779.9692
 BOND   =       559.9194  ANGLE   =      1535.4280  DIHED      =       968.4905
 UB     =         0.0000  IMP     =         0.0000  CMAP       =       142.0675
 1-4 NB =       641.0275  1-4 EEL =      5773.9202  VDWAALS    =     16390.3745
 EELEC  =   -163791.1969  EHBOND  =         0.0000  RESTRAINT  =         0.0000
 EKCMT  =         0.0000  VIRIAL  =         0.0000  VOLUME     =    333566.2543
                                                    Density    =         1.0319
 ------------------------------------------------------------------------------

wrapping first mol.:      -75.70522        0.00000        0.00000
wrapping first mol.:      -75.70522        0.00000        0.00000
wrapping first mol.:      -75.58522        0.00000        0.00000
wrapping first mol.:      -75.58522        0.00000        0.00000
wrapping first mol.:      -75.60660        0.00000        0.00000
wrapping first mol.:      -75.60660        0.00000        0.00000
wrapping first mol.:      -75.68808        0.00000        0.00000
wrapping first mol.:      -75.68808        0.00000        0.00000
wrapping first mol.:      -75.64985        0.00000        0.00000
wrapping first mol.:      -75.64985        0.00000        0.00000

 NSTEP =  3525000   TIME(PS) =    8750.000  TEMP(K) =   299.60  PRESS =     0.0
 Etot   =   -117265.8840  EKtot   =     20474.6484  EPtot      =   -137740.5325
 BOND   =       527.9752  ANGLE   =      1517.2470  DIHED      =       989.7661
 UB     =         0.0000  IMP     =         0.0000  CMAP       =       140.5671
 1-4 NB =       652.1152  1-4 EEL =      5801.4162  VDWAALS    =     16419.2726
 EELEC  =   -163788.8919  EHBOND  =         0.0000  RESTRAINT  =         0.0000
 EKCMT  =         0.0000  VIRIAL  =         0.0000  VOLUME     =    333274.7477
                                                    Density    =         1.0328
 ------------------------------------------------------------------------------

wrapping first mol.:      -75.68077        0.00000        0.00000
wrapping first mol.:      -75.68077        0.00000        0.00000
wrapping first mol.:      -75.66353        0.00000        0.00000
wrapping first mol.:      -75.66353        0.00000        0.00000
wrapping first mol.:      -75.59156        0.00000        0.00000
wrapping first mol.:      -75.59156        0.00000        0.00000
wrapping first mol.:      -75.60528        0.00000        0.00000
wrapping first mol.:      -75.60528        0.00000        0.00000
wrapping first mol.:      -75.72539        0.00000        0.00000
wrapping first mol.:      -75.72539        0.00000        0.00000

 NSTEP =  3550000   TIME(PS) =    8800.000  TEMP(K) =   300.62  PRESS =     0.0
 Etot   =   -117338.9325  EKtot   =     20544.5703  EPtot      =   -137883.5028
 BOND   =       556.0736  ANGLE   =      1506.3942  DIHED      =       966.6542
 UB     =         0.0000  IMP     =         0.0000  CMAP       =       151.3971
 1-4 NB =       617.7314  1-4 EEL =      5779.4464  VDWAALS    =     16431.5535
 EELEC  =   -163892.7533  EHBOND  =         0.0000  RESTRAINT  =         0.0000
 EKCMT  =         0.0000  VIRIAL  =         0.0000  VOLUME     =    334274.1081
                                                    Density    =         1.0297
 ------------------------------------------------------------------------------

wrapping first mol.:      -75.75963        0.00000        0.00000
wrapping first mol.:      -75.75963        0.00000        0.00000
wrapping first mol.:      -75.74705        0.00000        0.00000
wrapping first mol.:      -75.74705        0.00000        0.00000
wrapping first mol.:      -75.67654        0.00000        0.00000
wrapping first mol.:      -75.67654        0.00000        0.00000
wrapping first mol.:      -75.64163        0.00000        0.00000
wrapping first mol.:      -75.64163        0.00000        0.00000
wrapping first mol.:      -75.65080        0.00000        0.00000
wrapping first mol.:      -75.65080        0.00000        0.00000

 NSTEP =  3575000   TIME(PS) =    8850.000  TEMP(K) =   300.34  PRESS =     0.0
 Etot   =   -117050.7301  EKtot   =     20525.5508  EPtot      =   -137576.2809
 BOND   =       566.8739  ANGLE   =      1504.0953  DIHED      =       999.9658
 UB     =         0.0000  IMP     =         0.0000  CMAP       =       135.3300
 1-4 NB =       640.4624  1-4 EEL =      5788.9567  VDWAALS    =     16322.9576
 EELEC  =   -163534.9225  EHBOND  =         0.0000  RESTRAINT  =         0.0000
 EKCMT  =         0.0000  VIRIAL  =         0.0000  VOLUME     =    333287.3042
                                                    Density    =         1.0327
 ------------------------------------------------------------------------------

wrapping first mol.:      -75.65405        0.00000        0.00000
wrapping first mol.:      -75.65405        0.00000        0.00000
wrapping first mol.:      -75.68795        0.00000        0.00000
wrapping first mol.:      -75.68795        0.00000        0.00000
wrapping first mol.:      -75.67402        0.00000        0.00000
wrapping first mol.:      -75.67402        0.00000        0.00000
wrapping first mol.:      -75.58178        0.00000        0.00000
wrapping first mol.:      -75.58178        0.00000        0.00000
wrapping first mol.:      -75.59322        0.00000        0.00000
wrapping first mol.:      -75.59322        0.00000        0.00000

 NSTEP =  3600000   TIME(PS) =    8900.000  TEMP(K) =   298.46  PRESS =     0.0
 Etot   =   -117183.8701  EKtot   =     20396.6211  EPtot      =   -137580.4912
 BOND   =       585.0649  ANGLE   =      1505.9269  DIHED      =      1003.7987
 UB     =         0.0000  IMP     =         0.0000  CMAP       =       142.7605
 1-4 NB =       635.6113  1-4 EEL =      5788.5594  VDWAALS    =     16165.0185
 EELEC  =   -163407.2313  EHBOND  =         0.0000  RESTRAINT  =         0.0000
 EKCMT  =         0.0000  VIRIAL  =         0.0000  VOLUME     =    332526.8298
                                                    Density    =         1.0351
 ------------------------------------------------------------------------------

wrapping first mol.:      -75.60802        0.00000        0.00000
wrapping first mol.:      -75.60802        0.00000        0.00000
wrapping first mol.:      -75.65869        0.00000        0.00000
wrapping first mol.:      -75.65869        0.00000        0.00000
wrapping first mol.:      -75.66829        0.00000        0.00000
wrapping first mol.:      -75.66829        0.00000        0.00000
wrapping first mol.:      -75.76181        0.00000        0.00000
wrapping first mol.:      -75.76181        0.00000        0.00000
wrapping first mol.:      -75.72537        0.00000        0.00000
wrapping first mol.:      -75.72537        0.00000        0.00000

 NSTEP =  3625000   TIME(PS) =    8950.000  TEMP(K) =   299.88  PRESS =     0.0
 Etot   =   -117419.0174  EKtot   =     20493.7344  EPtot      =   -137912.7518
 BOND   =       576.3112  ANGLE   =      1542.1547  DIHED      =      1001.2842
 UB     =         0.0000  IMP     =         0.0000  CMAP       =       139.0788
 1-4 NB =       643.3911  1-4 EEL =      5759.9742  VDWAALS    =     16675.8467
 EELEC  =   -164250.7925  EHBOND  =         0.0000  RESTRAINT  =         0.0000
 EKCMT  =         0.0000  VIRIAL  =         0.0000  VOLUME     =    334273.8610
                                                    Density    =         1.0297
 ------------------------------------------------------------------------------

wrapping first mol.:      -75.75338        0.00000        0.00000
wrapping first mol.:      -75.75338        0.00000        0.00000
wrapping first mol.:      -75.68304        0.00000        0.00000
wrapping first mol.:      -75.68304        0.00000        0.00000
wrapping first mol.:      -75.76364        0.00000        0.00000
wrapping first mol.:      -75.76364        0.00000        0.00000
wrapping first mol.:      -75.73404        0.00000        0.00000
wrapping first mol.:      -75.73404        0.00000        0.00000
wrapping first mol.:      -75.69413        0.00000        0.00000
wrapping first mol.:      -75.69413        0.00000        0.00000

 NSTEP =  3650000   TIME(PS) =    9000.000  TEMP(K) =   296.23  PRESS =     0.0
 Etot   =   -117502.6993  EKtot   =     20244.5410  EPtot      =   -137747.2403
 BOND   =       548.2911  ANGLE   =      1535.0467  DIHED      =       993.0865
 UB     =         0.0000  IMP     =         0.0000  CMAP       =       140.7399
 1-4 NB =       639.8807  1-4 EEL =      5798.3485  VDWAALS    =     16519.4481
 EELEC  =   -163922.0819  EHBOND  =         0.0000  RESTRAINT  =         0.0000
 EKCMT  =         0.0000  VIRIAL  =         0.0000  VOLUME     =    333860.2880
                                                    Density    =         1.0310
 ------------------------------------------------------------------------------

wrapping first mol.:      -75.66921        0.00000        0.00000
wrapping first mol.:      -75.66921        0.00000        0.00000
wrapping first mol.:      -75.62018        0.00000        0.00000
wrapping first mol.:      -75.62018        0.00000        0.00000
wrapping first mol.:      -75.67854        0.00000        0.00000
wrapping first mol.:      -75.67854        0.00000        0.00000
wrapping first mol.:      -75.68410        0.00000        0.00000
wrapping first mol.:      -75.68410        0.00000        0.00000
wrapping first mol.:      -75.61242        0.00000        0.00000
wrapping first mol.:      -75.61242        0.00000        0.00000

 NSTEP =  3675000   TIME(PS) =    9050.000  TEMP(K) =   299.51  PRESS =     0.0
 Etot   =   -117278.7769  EKtot   =     20468.9980  EPtot      =   -137747.7749
 BOND   =       583.6052  ANGLE   =      1500.7431  DIHED      =      1014.4542
 UB     =         0.0000  IMP     =         0.0000  CMAP       =       135.9948
 1-4 NB =       651.4680  1-4 EEL =      5789.3575  VDWAALS    =     16612.0636
 EELEC  =   -164035.4614  EHBOND  =         0.0000  RESTRAINT  =         0.0000
 EKCMT  =         0.0000  VIRIAL  =         0.0000  VOLUME     =    332780.2681
                                                    Density    =         1.0343
 ------------------------------------------------------------------------------

wrapping first mol.:      -75.60092        0.00000        0.00000
wrapping first mol.:      -75.60092        0.00000        0.00000
wrapping first mol.:      -75.69592        0.00000        0.00000
wrapping first mol.:      -75.69592        0.00000        0.00000
wrapping first mol.:      -75.66131        0.00000        0.00000
wrapping first mol.:      -75.66131        0.00000        0.00000
wrapping first mol.:      -75.72142        0.00000        0.00000
wrapping first mol.:      -75.72142        0.00000        0.00000
wrapping first mol.:      -75.58331        0.00000        0.00000
wrapping first mol.:      -75.58331        0.00000        0.00000

 NSTEP =  3700000   TIME(PS) =    9100.000  TEMP(K) =   298.26  PRESS =     0.0
 Etot   =   -117371.9960  EKtot   =     20383.3574  EPtot      =   -137755.3534
 BOND   =       578.1410  ANGLE   =      1549.4605  DIHED      =      1004.0276
 UB     =         0.0000  IMP     =         0.0000  CMAP       =       146.4088
 1-4 NB =       618.2102  1-4 EEL =      5801.7907  VDWAALS    =     16445.1646
 EELEC  =   -163898.5569  EHBOND  =         0.0000  RESTRAINT  =         0.0000
 EKCMT  =         0.0000  VIRIAL  =         0.0000  VOLUME     =    332396.0654
                                                    Density    =         1.0355
 ------------------------------------------------------------------------------

wrapping first mol.:      -75.67507        0.00000        0.00000
wrapping first mol.:      -75.67507        0.00000        0.00000
wrapping first mol.:      -75.69854        0.00000        0.00000
wrapping first mol.:      -75.69854        0.00000        0.00000
wrapping first mol.:      -75.69939        0.00000        0.00000
wrapping first mol.:      -75.69939        0.00000        0.00000
wrapping first mol.:      -75.70072        0.00000        0.00000
wrapping first mol.:      -75.70072        0.00000        0.00000
wrapping first mol.:      -75.69956        0.00000        0.00000
wrapping first mol.:      -75.69956        0.00000        0.00000

 NSTEP =  3725000   TIME(PS) =    9150.000  TEMP(K) =   299.37  PRESS =     0.0
 Etot   =   -117417.0483  EKtot   =     20459.0723  EPtot      =   -137876.1205
 BOND   =       576.0707  ANGLE   =      1480.7630  DIHED      =      1008.2159
 UB     =         0.0000  IMP     =         0.0000  CMAP       =       136.9816
 1-4 NB =       646.6852  1-4 EEL =      5830.6192  VDWAALS    =     16177.2856
 EELEC  =   -163732.7417  EHBOND  =         0.0000  RESTRAINT  =         0.0000
 EKCMT  =         0.0000  VIRIAL  =         0.0000  VOLUME     =    333932.1090
                                                    Density    =         1.0308
 ------------------------------------------------------------------------------

wrapping first mol.:      -75.63611        0.00000        0.00000
wrapping first mol.:      -75.63611        0.00000        0.00000
wrapping first mol.:      -75.64954        0.00000        0.00000
wrapping first mol.:      -75.64954        0.00000        0.00000
wrapping first mol.:      -75.64640        0.00000        0.00000
wrapping first mol.:      -75.64640        0.00000        0.00000
wrapping first mol.:      -75.73464        0.00000        0.00000
wrapping first mol.:      -75.73464        0.00000        0.00000
wrapping first mol.:      -75.61804        0.00000        0.00000
wrapping first mol.:      -75.61804        0.00000        0.00000

 NSTEP =  3750000   TIME(PS) =    9200.000  TEMP(K) =   300.64  PRESS =     0.0
 Etot   =   -117170.6599  EKtot   =     20546.0820  EPtot      =   -137716.7420
 BOND   =       543.2472  ANGLE   =      1586.9903  DIHED      =      1001.7915
 UB     =         0.0000  IMP     =         0.0000  CMAP       =       139.6035
 1-4 NB =       652.4587  1-4 EEL =      5826.9942  VDWAALS    =     16455.6231
 EELEC  =   -163923.4505  EHBOND  =         0.0000  RESTRAINT  =         0.0000
 EKCMT  =         0.0000  VIRIAL  =         0.0000  VOLUME     =    332854.4681
                                                    Density    =         1.0341
 ------------------------------------------------------------------------------

wrapping first mol.:      -75.67230        0.00000        0.00000
wrapping first mol.:      -75.67230        0.00000        0.00000
wrapping first mol.:      -75.65233        0.00000        0.00000
wrapping first mol.:      -75.65233        0.00000        0.00000
wrapping first mol.:      -75.70218        0.00000        0.00000
wrapping first mol.:      -75.70218        0.00000        0.00000
wrapping first mol.:      -75.65235        0.00000        0.00000
wrapping first mol.:      -75.65235        0.00000        0.00000
wrapping first mol.:      -75.63733        0.00000        0.00000
wrapping first mol.:      -75.63733        0.00000        0.00000

 NSTEP =  3775000   TIME(PS) =    9250.000  TEMP(K) =   295.99  PRESS =     0.0
 Etot   =   -117481.9331  EKtot   =     20228.1660  EPtot      =   -137710.0991
 BOND   =       583.3280  ANGLE   =      1535.1268  DIHED      =      1017.2649
 UB     =         0.0000  IMP     =         0.0000  CMAP       =       143.0488
 1-4 NB =       622.0858  1-4 EEL =      5849.8572  VDWAALS    =     16278.1016
 EELEC  =   -163738.9121  EHBOND  =         0.0000  RESTRAINT  =         0.0000
 EKCMT  =         0.0000  VIRIAL  =         0.0000  VOLUME     =    333109.3091
                                                    Density    =         1.0333
 ------------------------------------------------------------------------------

wrapping first mol.:      -75.69194        0.00000        0.00000
wrapping first mol.:      -75.69194        0.00000        0.00000
wrapping first mol.:      -75.68857        0.00000        0.00000
wrapping first mol.:      -75.68857        0.00000        0.00000
wrapping first mol.:      -75.69947        0.00000        0.00000
wrapping first mol.:      -75.69947        0.00000        0.00000
wrapping first mol.:      -75.69823        0.00000        0.00000
wrapping first mol.:      -75.69823        0.00000        0.00000
wrapping first mol.:      -75.77870        0.00000        0.00000
wrapping first mol.:      -75.77870        0.00000        0.00000

 NSTEP =  3800000   TIME(PS) =    9300.000  TEMP(K) =   299.02  PRESS =     0.0
 Etot   =   -116982.0612  EKtot   =     20435.3164  EPtot      =   -137417.3776
 BOND   =       554.5801  ANGLE   =      1488.6043  DIHED      =       961.8398
 UB     =         0.0000  IMP     =         0.0000  CMAP       =       143.5686
 1-4 NB =       654.4177  1-4 EEL =      5841.3371  VDWAALS    =     16430.0632
 EELEC  =   -163491.7885  EHBOND  =         0.0000  RESTRAINT  =         0.0000
 EKCMT  =         0.0000  VIRIAL  =         0.0000  VOLUME     =    334980.5475
                                                    Density    =         1.0275
 ------------------------------------------------------------------------------

wrapping first mol.:      -75.72972        0.00000        0.00000
wrapping first mol.:      -75.72972        0.00000        0.00000
wrapping first mol.:      -75.59231        0.00000        0.00000
wrapping first mol.:      -75.59231        0.00000        0.00000
wrapping first mol.:      -75.69436        0.00000        0.00000
wrapping first mol.:      -75.69436        0.00000        0.00000
wrapping first mol.:      -75.73159        0.00000        0.00000
wrapping first mol.:      -75.73159        0.00000        0.00000
wrapping first mol.:      -75.65693        0.00000        0.00000
wrapping first mol.:      -75.65693        0.00000        0.00000

 NSTEP =  3825000   TIME(PS) =    9350.000  TEMP(K) =   297.86  PRESS =     0.0
 Etot   =   -117265.8293  EKtot   =     20355.9102  EPtot      =   -137621.7394
 BOND   =       564.4996  ANGLE   =      1573.3582  DIHED      =       991.4348
 UB     =         0.0000  IMP     =         0.0000  CMAP       =       133.1833
 1-4 NB =       641.9629  1-4 EEL =      5828.9321  VDWAALS    =     16537.9352
 EELEC  =   -163893.0456  EHBOND  =         0.0000  RESTRAINT  =         0.0000
 EKCMT  =         0.0000  VIRIAL  =         0.0000  VOLUME     =    333368.2382
                                                    Density    =         1.0325
 ------------------------------------------------------------------------------

wrapping first mol.:      -75.63106        0.00000        0.00000
wrapping first mol.:      -75.63106        0.00000        0.00000
wrapping first mol.:      -75.59498        0.00000        0.00000
wrapping first mol.:      -75.59498        0.00000        0.00000
wrapping first mol.:      -75.69483        0.00000        0.00000
wrapping first mol.:      -75.69483        0.00000        0.00000
wrapping first mol.:      -75.66533        0.00000        0.00000
wrapping first mol.:      -75.66533        0.00000        0.00000
wrapping first mol.:      -75.67800        0.00000        0.00000
wrapping first mol.:      -75.67800        0.00000        0.00000

 NSTEP =  3850000   TIME(PS) =    9400.000  TEMP(K) =   299.55  PRESS =     0.0
 Etot   =   -117345.9376  EKtot   =     20471.1602  EPtot      =   -137817.0978
 BOND   =       516.6406  ANGLE   =      1515.2504  DIHED      =       999.1045
 UB     =         0.0000  IMP     =         0.0000  CMAP       =       137.8501
 1-4 NB =       646.4902  1-4 EEL =      5825.6457  VDWAALS    =     16200.0774
 EELEC  =   -163658.1567  EHBOND  =         0.0000  RESTRAINT  =         0.0000
 EKCMT  =         0.0000  VIRIAL  =         0.0000  VOLUME     =    333646.8846
                                                    Density    =         1.0316
 ------------------------------------------------------------------------------

wrapping first mol.:      -75.65058        0.00000        0.00000
wrapping first mol.:      -75.65058        0.00000        0.00000
wrapping first mol.:      -75.76558        0.00000        0.00000
wrapping first mol.:      -75.76558        0.00000        0.00000
wrapping first mol.:      -75.62434        0.00000        0.00000
wrapping first mol.:      -75.62434        0.00000        0.00000
wrapping first mol.:      -75.61770        0.00000        0.00000
wrapping first mol.:      -75.61770        0.00000        0.00000
wrapping first mol.:      -75.63817        0.00000        0.00000
wrapping first mol.:      -75.63817        0.00000        0.00000

 NSTEP =  3875000   TIME(PS) =    9450.000  TEMP(K) =   300.40  PRESS =     0.0
 Etot   =   -117339.3208  EKtot   =     20529.7422  EPtot      =   -137869.0630
 BOND   =       540.4110  ANGLE   =      1546.4906  DIHED      =       993.4219
 UB     =         0.0000  IMP     =         0.0000  CMAP       =       138.7037
 1-4 NB =       635.8085  1-4 EEL =      5746.9368  VDWAALS    =     16381.8415
 EELEC  =   -163852.6769  EHBOND  =         0.0000  RESTRAINT  =         0.0000
 EKCMT  =         0.0000  VIRIAL  =         0.0000  VOLUME     =    333120.3485
                                                    Density    =         1.0333
 ------------------------------------------------------------------------------

wrapping first mol.:      -75.62295        0.00000        0.00000
wrapping first mol.:      -75.62295        0.00000        0.00000
wrapping first mol.:      -75.72762        0.00000        0.00000
wrapping first mol.:      -75.72762        0.00000        0.00000
wrapping first mol.:      -75.70165        0.00000        0.00000
wrapping first mol.:      -75.70165        0.00000        0.00000
wrapping first mol.:      -75.76769        0.00000        0.00000
wrapping first mol.:      -75.76769        0.00000        0.00000
wrapping first mol.:      -75.52046        0.00000        0.00000
wrapping first mol.:      -75.52046        0.00000        0.00000

 NSTEP =  3900000   TIME(PS) =    9500.000  TEMP(K) =   297.22  PRESS =     0.0
 Etot   =   -117377.3045  EKtot   =     20312.2031  EPtot      =   -137689.5076
 BOND   =       559.5979  ANGLE   =      1514.7370  DIHED      =       972.3349
 UB     =         0.0000  IMP     =         0.0000  CMAP       =       130.7934
 1-4 NB =       627.8476  1-4 EEL =      5752.1461  VDWAALS    =     16046.5475
 EELEC  =   -163293.5120  EHBOND  =         0.0000  RESTRAINT  =         0.0000
 EKCMT  =         0.0000  VIRIAL  =         0.0000  VOLUME     =    331567.5837
                                                    Density    =         1.0381
 ------------------------------------------------------------------------------

wrapping first mol.:      -75.62246        0.00000        0.00000
wrapping first mol.:      -75.62246        0.00000        0.00000
wrapping first mol.:      -75.70589        0.00000        0.00000
wrapping first mol.:      -75.70589        0.00000        0.00000
wrapping first mol.:      -75.79401        0.00000        0.00000
wrapping first mol.:      -75.79401        0.00000        0.00000
wrapping first mol.:      -75.67698        0.00000        0.00000
wrapping first mol.:      -75.67698        0.00000        0.00000
wrapping first mol.:      -75.62386        0.00000        0.00000
wrapping first mol.:      -75.62386        0.00000        0.00000

 NSTEP =  3925000   TIME(PS) =    9550.000  TEMP(K) =   300.35  PRESS =     0.0
 Etot   =   -117268.0741  EKtot   =     20526.0469  EPtot      =   -137794.1209
 BOND   =       560.1845  ANGLE   =      1562.1363  DIHED      =      1020.5354
 UB     =         0.0000  IMP     =         0.0000  CMAP       =       138.5665
 1-4 NB =       635.9924  1-4 EEL =      5739.4917  VDWAALS    =     16254.0408
 EELEC  =   -163705.0685  EHBOND  =         0.0000  RESTRAINT  =         0.0000
 EKCMT  =         0.0000  VIRIAL  =         0.0000  VOLUME     =    332931.3566
                                                    Density    =         1.0338
 ------------------------------------------------------------------------------

wrapping first mol.:      -75.70805        0.00000        0.00000
wrapping first mol.:      -75.70805        0.00000        0.00000
wrapping first mol.:      -75.64602        0.00000        0.00000
wrapping first mol.:      -75.64602        0.00000        0.00000
wrapping first mol.:      -75.60713        0.00000        0.00000
wrapping first mol.:      -75.60713        0.00000        0.00000
wrapping first mol.:      -75.73501        0.00000        0.00000
wrapping first mol.:      -75.73501        0.00000        0.00000
wrapping first mol.:      -75.56352        0.00000        0.00000
wrapping first mol.:      -75.56352        0.00000        0.00000

 NSTEP =  3950000   TIME(PS) =    9600.000  TEMP(K) =   299.25  PRESS =     0.0
 Etot   =   -117138.7367  EKtot   =     20451.1582  EPtot      =   -137589.8949
 BOND   =       535.7467  ANGLE   =      1529.9082  DIHED      =       998.7234
 UB     =         0.0000  IMP     =         0.0000  CMAP       =       142.9793
 1-4 NB =       641.1454  1-4 EEL =      5821.3852  VDWAALS    =     16435.9963
 EELEC  =   -163695.7795  EHBOND  =         0.0000  RESTRAINT  =         0.0000
 EKCMT  =         0.0000  VIRIAL  =         0.0000  VOLUME     =    332135.0779
                                                    Density    =         1.0363
 ------------------------------------------------------------------------------

wrapping first mol.:      -75.75966        0.00000        0.00000
wrapping first mol.:      -75.75966        0.00000        0.00000
wrapping first mol.:      -75.65007        0.00000        0.00000
wrapping first mol.:      -75.65007        0.00000        0.00000
wrapping first mol.:      -75.64875        0.00000        0.00000
wrapping first mol.:      -75.64875        0.00000        0.00000
wrapping first mol.:      -75.70615        0.00000        0.00000
wrapping first mol.:      -75.70615        0.00000        0.00000
wrapping first mol.:      -75.55664        0.00000        0.00000
wrapping first mol.:      -75.55664        0.00000        0.00000

 NSTEP =  3975000   TIME(PS) =    9650.000  TEMP(K) =   302.63  PRESS =     0.0
 Etot   =   -117073.3133  EKtot   =     20682.0762  EPtot      =   -137755.3895
 BOND   =       558.7153  ANGLE   =      1581.2779  DIHED      =      1003.3052
 UB     =         0.0000  IMP     =         0.0000  CMAP       =       142.6352
 1-4 NB =       635.5007  1-4 EEL =      5819.5194  VDWAALS    =     16395.7866
 EELEC  =   -163892.1299  EHBOND  =         0.0000  RESTRAINT  =         0.0000
 EKCMT  =         0.0000  VIRIAL  =         0.0000  VOLUME     =    332044.3193
                                                    Density    =         1.0366
 ------------------------------------------------------------------------------

wrapping first mol.:      -75.62492        0.00000        0.00000
wrapping first mol.:      -75.62492        0.00000        0.00000
wrapping first mol.:      -75.71437        0.00000        0.00000
wrapping first mol.:      -75.71437        0.00000        0.00000
wrapping first mol.:      -75.77141        0.00000        0.00000
wrapping first mol.:      -75.77141        0.00000        0.00000
wrapping first mol.:      -75.62398        0.00000        0.00000
wrapping first mol.:      -75.62398        0.00000        0.00000
wrapping first mol.:      -75.74324        0.00000        0.00000
wrapping first mol.:      -75.74324        0.00000        0.00000

 NSTEP =  4000000   TIME(PS) =    9700.000  TEMP(K) =   296.88  PRESS =     0.0
 Etot   =   -117293.0118  EKtot   =     20288.8828  EPtot      =   -137581.8946
 BOND   =       561.8830  ANGLE   =      1512.4570  DIHED      =       998.7402
 UB     =         0.0000  IMP     =         0.0000  CMAP       =       137.8375
 1-4 NB =       635.7235  1-4 EEL =      5759.9063  VDWAALS    =     15949.7666
 EELEC  =   -163138.2088  EHBOND  =         0.0000  RESTRAINT  =         0.0000
 EKCMT  =         0.0000  VIRIAL  =         0.0000  VOLUME     =    334510.5792
                                                    Density    =         1.0290
 ------------------------------------------------------------------------------

wrapping first mol.:      -75.60703        0.00000        0.00000
wrapping first mol.:      -75.60703        0.00000        0.00000
wrapping first mol.:      -75.65647        0.00000        0.00000
wrapping first mol.:      -75.65647        0.00000        0.00000
wrapping first mol.:      -75.76474        0.00000        0.00000
wrapping first mol.:      -75.76474        0.00000        0.00000
wrapping first mol.:      -75.66829        0.00000        0.00000
wrapping first mol.:      -75.66829        0.00000        0.00000
wrapping first mol.:      -75.65860        0.00000        0.00000
wrapping first mol.:      -75.65860        0.00000        0.00000

 NSTEP =  4025000   TIME(PS) =    9750.000  TEMP(K) =   301.05  PRESS =     0.0
 Etot   =   -117174.8018  EKtot   =     20573.8301  EPtot      =   -137748.6319
 BOND   =       555.9209  ANGLE   =      1530.0744  DIHED      =      1024.6698
 UB     =         0.0000  IMP     =         0.0000  CMAP       =       153.8194
 1-4 NB =       654.6446  1-4 EEL =      5856.0471  VDWAALS    =     16296.4291
 EELEC  =   -163820.2371  EHBOND  =         0.0000  RESTRAINT  =         0.0000
 EKCMT  =         0.0000  VIRIAL  =         0.0000  VOLUME     =    333390.3638
                                                    Density    =         1.0324
 ------------------------------------------------------------------------------

wrapping first mol.:      -75.52584        0.00000        0.00000
wrapping first mol.:      -75.52584        0.00000        0.00000
wrapping first mol.:      -75.66418        0.00000        0.00000
wrapping first mol.:      -75.66418        0.00000        0.00000
wrapping first mol.:      -75.63613        0.00000        0.00000
wrapping first mol.:      -75.63613        0.00000        0.00000
wrapping first mol.:      -75.56133        0.00000        0.00000
wrapping first mol.:      -75.56133        0.00000        0.00000
wrapping first mol.:      -75.63504        0.00000        0.00000
wrapping first mol.:      -75.63504        0.00000        0.00000

 NSTEP =  4050000   TIME(PS) =    9800.000  TEMP(K) =   299.42  PRESS =     0.0
 Etot   =   -117329.1104  EKtot   =     20462.7695  EPtot      =   -137791.8799
 BOND   =       565.2695  ANGLE   =      1501.7469  DIHED      =      1001.0363
 UB     =         0.0000  IMP     =         0.0000  CMAP       =       139.4060
 1-4 NB =       650.1821  1-4 EEL =      5756.8023  VDWAALS    =     16519.2733
 EELEC  =   -163925.5962  EHBOND  =         0.0000  RESTRAINT  =         0.0000
 EKCMT  =         0.0000  VIRIAL  =         0.0000  VOLUME     =    333079.0462
                                                    Density    =         1.0334
 ------------------------------------------------------------------------------

wrapping first mol.:      -75.69688        0.00000        0.00000
wrapping first mol.:      -75.69688        0.00000        0.00000
wrapping first mol.:      -75.69071        0.00000        0.00000
wrapping first mol.:      -75.69071        0.00000        0.00000
wrapping first mol.:      -75.66181        0.00000        0.00000
wrapping first mol.:      -75.66181        0.00000        0.00000
wrapping first mol.:      -75.66753        0.00000        0.00000
wrapping first mol.:      -75.66753        0.00000        0.00000
wrapping first mol.:      -75.67544        0.00000        0.00000
wrapping first mol.:      -75.67544        0.00000        0.00000

 NSTEP =  4075000   TIME(PS) =    9850.000  TEMP(K) =   299.62  PRESS =     0.0
 Etot   =   -117080.8574  EKtot   =     20476.2578  EPtot      =   -137557.1153
 BOND   =       563.5038  ANGLE   =      1509.2859  DIHED      =      1007.5210
 UB     =         0.0000  IMP     =         0.0000  CMAP       =       142.9110
 1-4 NB =       659.7489  1-4 EEL =      5832.8281  VDWAALS    =     16136.6546
 EELEC  =   -163409.5685  EHBOND  =         0.0000  RESTRAINT  =         0.0000
 EKCMT  =         0.0000  VIRIAL  =         0.0000  VOLUME     =    333612.9652
                                                    Density    =         1.0317
 ------------------------------------------------------------------------------

wrapping first mol.:      -75.68750        0.00000        0.00000
wrapping first mol.:      -75.68750        0.00000        0.00000
wrapping first mol.:      -75.61835        0.00000        0.00000
wrapping first mol.:      -75.61835        0.00000        0.00000
wrapping first mol.:      -75.64449        0.00000        0.00000
wrapping first mol.:      -75.64449        0.00000        0.00000
wrapping first mol.:      -75.71544        0.00000        0.00000
wrapping first mol.:      -75.71544        0.00000        0.00000
wrapping first mol.:      -75.79516        0.00000        0.00000
wrapping first mol.:      -75.79516        0.00000        0.00000

 NSTEP =  4100000   TIME(PS) =    9900.000  TEMP(K) =   299.16  PRESS =     0.0
 Etot   =   -117091.3920  EKtot   =     20444.4121  EPtot      =   -137535.8041
 BOND   =       556.4922  ANGLE   =      1532.9636  DIHED      =      1003.9704
 UB     =         0.0000  IMP     =         0.0000  CMAP       =       151.0826
 1-4 NB =       629.8658  1-4 EEL =      5775.1203  VDWAALS    =     16279.3829
 EELEC  =   -163464.6819  EHBOND  =         0.0000  RESTRAINT  =         0.0000
 EKCMT  =         0.0000  VIRIAL  =         0.0000  VOLUME     =    335198.8682
                                                    Density    =         1.0269
 ------------------------------------------------------------------------------

wrapping first mol.:      -75.55814        0.00000        0.00000
wrapping first mol.:      -75.55814        0.00000        0.00000
wrapping first mol.:      -75.70356        0.00000        0.00000
wrapping first mol.:      -75.70356        0.00000        0.00000
wrapping first mol.:      -75.62571        0.00000        0.00000
wrapping first mol.:      -75.62571        0.00000        0.00000
wrapping first mol.:      -75.72790        0.00000        0.00000
wrapping first mol.:      -75.72790        0.00000        0.00000
wrapping first mol.:      -75.58283        0.00000        0.00000
wrapping first mol.:      -75.58283        0.00000        0.00000

 NSTEP =  4125000   TIME(PS) =    9950.000  TEMP(K) =   300.51  PRESS =     0.0
 Etot   =   -116715.5933  EKtot   =     20537.3359  EPtot      =   -137252.9293
 BOND   =       561.7208  ANGLE   =      1502.0937  DIHED      =      1002.2459
 UB     =         0.0000  IMP     =         0.0000  CMAP       =       139.2021
 1-4 NB =       643.1626  1-4 EEL =      5873.8258  VDWAALS    =     16121.4952
 EELEC  =   -163096.6754  EHBOND  =         0.0000  RESTRAINT  =         0.0000
 EKCMT  =         0.0000  VIRIAL  =         0.0000  VOLUME     =    332389.7252
                                                    Density    =         1.0355
 ------------------------------------------------------------------------------

wrapping first mol.:      -75.74330        0.00000        0.00000
wrapping first mol.:      -75.74330        0.00000        0.00000
wrapping first mol.:      -75.68453        0.00000        0.00000
wrapping first mol.:      -75.68453        0.00000        0.00000
wrapping first mol.:      -75.68579        0.00000        0.00000
wrapping first mol.:      -75.68579        0.00000        0.00000
wrapping first mol.:      -75.64869        0.00000        0.00000
wrapping first mol.:      -75.64869        0.00000        0.00000
wrapping first mol.:      -75.65189        0.00000        0.00000
wrapping first mol.:      -75.65189        0.00000        0.00000

 NSTEP =  4150000   TIME(PS) =   10000.000  TEMP(K) =   299.99  PRESS =     0.0
 Etot   =   -116856.3176  EKtot   =     20501.7559  EPtot      =   -137358.0735
 BOND   =       541.1788  ANGLE   =      1529.6627  DIHED      =       991.6487
 UB     =         0.0000  IMP     =         0.0000  CMAP       =       146.2535
 1-4 NB =       648.7527  1-4 EEL =      5831.0051  VDWAALS    =     16181.3441
 EELEC  =   -163227.9191  EHBOND  =         0.0000  RESTRAINT  =         0.0000
 EKCMT  =         0.0000  VIRIAL  =         0.0000  VOLUME     =    333301.6675
                                                    Density    =         1.0327
 ------------------------------------------------------------------------------

wrapping first mol.:      -75.69387        0.00000        0.00000
wrapping first mol.:      -75.69387        0.00000        0.00000
wrapping first mol.:      -75.58983        0.00000        0.00000
wrapping first mol.:      -75.58983        0.00000        0.00000
wrapping first mol.:      -75.71591        0.00000        0.00000
wrapping first mol.:      -75.71591        0.00000        0.00000
wrapping first mol.:      -75.62436        0.00000        0.00000
wrapping first mol.:      -75.62436        0.00000        0.00000
wrapping first mol.:      -75.64936        0.00000        0.00000
wrapping first mol.:      -75.64936        0.00000        0.00000

 NSTEP =  4175000   TIME(PS) =   10050.000  TEMP(K) =   300.85  PRESS =     0.0
 Etot   =   -117141.5107  EKtot   =     20560.2734  EPtot      =   -137701.7842
 BOND   =       559.6117  ANGLE   =      1527.8874  DIHED      =      1013.2555
 UB     =         0.0000  IMP     =         0.0000  CMAP       =       144.0858
 1-4 NB =       649.4009  1-4 EEL =      5823.7998  VDWAALS    =     16382.1021
 EELEC  =   -163801.9274  EHBOND  =         0.0000  RESTRAINT  =         0.0000
 EKCMT  =         0.0000  VIRIAL  =         0.0000  VOLUME     =    333268.2817
                                                    Density    =         1.0328
 ------------------------------------------------------------------------------

wrapping first mol.:      -75.64663        0.00000        0.00000
wrapping first mol.:      -75.64663        0.00000        0.00000
wrapping first mol.:      -75.68257        0.00000        0.00000
wrapping first mol.:      -75.68257        0.00000        0.00000
wrapping first mol.:      -75.65068        0.00000        0.00000
wrapping first mol.:      -75.65068        0.00000        0.00000
wrapping first mol.:      -75.63244        0.00000        0.00000
wrapping first mol.:      -75.63244        0.00000        0.00000
wrapping first mol.:      -75.61812        0.00000        0.00000
wrapping first mol.:      -75.61812        0.00000        0.00000

 NSTEP =  4200000   TIME(PS) =   10100.000  TEMP(K) =   299.96  PRESS =     0.0
 Etot   =   -117047.0244  EKtot   =     20499.4258  EPtot      =   -137546.4502
 BOND   =       544.3236  ANGLE   =      1529.4806  DIHED      =       982.8330
 UB     =         0.0000  IMP     =         0.0000  CMAP       =       139.1157
 1-4 NB =       655.1557  1-4 EEL =      5824.8509  VDWAALS    =     16160.2509
 EELEC  =   -163382.4606  EHBOND  =         0.0000  RESTRAINT  =         0.0000
 EKCMT  =         0.0000  VIRIAL  =         0.0000  VOLUME     =    332855.5686
                                                    Density    =         1.0341
 ------------------------------------------------------------------------------

wrapping first mol.:      -75.60575        0.00000        0.00000
wrapping first mol.:      -75.60575        0.00000        0.00000
wrapping first mol.:      -75.65298        0.00000        0.00000
wrapping first mol.:      -75.65298        0.00000        0.00000
wrapping first mol.:      -75.61222        0.00000        0.00000
wrapping first mol.:      -75.61222        0.00000        0.00000
wrapping first mol.:      -75.72911        0.00000        0.00000
wrapping first mol.:      -75.72911        0.00000        0.00000
wrapping first mol.:      -75.68040        0.00000        0.00000
wrapping first mol.:      -75.68040        0.00000        0.00000

 NSTEP =  4225000   TIME(PS) =   10150.000  TEMP(K) =   299.96  PRESS =     0.0
 Etot   =   -117286.1647  EKtot   =     20499.5371  EPtot      =   -137785.7018
 BOND   =       579.7358  ANGLE   =      1532.2831  DIHED      =       978.8719
 UB     =         0.0000  IMP     =         0.0000  CMAP       =       154.7047
 1-4 NB =       640.7300  1-4 EEL =      5798.6787  VDWAALS    =     16461.9733
 EELEC  =   -163932.6793  EHBOND  =         0.0000  RESTRAINT  =         0.0000
 EKCMT  =         0.0000  VIRIAL  =         0.0000  VOLUME     =    333678.6463
                                                    Density    =         1.0315
 ------------------------------------------------------------------------------

wrapping first mol.:      -75.71296        0.00000        0.00000
wrapping first mol.:      -75.71296        0.00000        0.00000
wrapping first mol.:      -75.74651        0.00000        0.00000
wrapping first mol.:      -75.74651        0.00000        0.00000
wrapping first mol.:      -75.72545        0.00000        0.00000
wrapping first mol.:      -75.72545        0.00000        0.00000
wrapping first mol.:      -75.67989        0.00000        0.00000
wrapping first mol.:      -75.67989        0.00000        0.00000
wrapping first mol.:      -75.63383        0.00000        0.00000
wrapping first mol.:      -75.63383        0.00000        0.00000

 NSTEP =  4250000   TIME(PS) =   10200.000  TEMP(K) =   298.11  PRESS =     0.0
 Etot   =   -117003.4464  EKtot   =     20372.9414  EPtot      =   -137376.3878
 BOND   =       535.5417  ANGLE   =      1548.9434  DIHED      =       963.0820
 UB     =         0.0000  IMP     =         0.0000  CMAP       =       153.6522
 1-4 NB =       634.6094  1-4 EEL =      5811.1274  VDWAALS    =     16259.4424
 EELEC  =   -163282.7863  EHBOND  =         0.0000  RESTRAINT  =         0.0000
 EKCMT  =         0.0000  VIRIAL  =         0.0000  VOLUME     =    333062.9819
                                                    Density    =         1.0334
 ------------------------------------------------------------------------------

wrapping first mol.:      -75.67858        0.00000        0.00000
wrapping first mol.:      -75.67858        0.00000        0.00000
wrapping first mol.:      -75.63971        0.00000        0.00000
wrapping first mol.:      -75.63971        0.00000        0.00000
wrapping first mol.:      -75.67379        0.00000        0.00000
wrapping first mol.:      -75.67379        0.00000        0.00000
wrapping first mol.:      -75.73191        0.00000        0.00000
wrapping first mol.:      -75.73191        0.00000        0.00000
wrapping first mol.:      -75.74059        0.00000        0.00000
wrapping first mol.:      -75.74059        0.00000        0.00000

 NSTEP =  4275000   TIME(PS) =   10250.000  TEMP(K) =   299.22  PRESS =     0.0
 Etot   =   -117379.8046  EKtot   =     20448.6719  EPtot      =   -137828.4764
 BOND   =       559.5332  ANGLE   =      1555.4687  DIHED      =      1002.6726
 UB     =         0.0000  IMP     =         0.0000  CMAP       =       150.7510
 1-4 NB =       639.7771  1-4 EEL =      5863.0393  VDWAALS    =     16467.0886
 EELEC  =   -164066.8069  EHBOND  =         0.0000  RESTRAINT  =         0.0000
 EKCMT  =         0.0000  VIRIAL  =         0.0000  VOLUME     =    334475.3745
                                                    Density    =         1.0291
 ------------------------------------------------------------------------------

wrapping first mol.:      -75.69746        0.00000        0.00000
wrapping first mol.:      -75.69746        0.00000        0.00000
wrapping first mol.:      -75.64521        0.00000        0.00000
wrapping first mol.:      -75.64521        0.00000        0.00000
wrapping first mol.:      -75.68295        0.00000        0.00000
wrapping first mol.:      -75.68295        0.00000        0.00000
wrapping first mol.:      -75.66015        0.00000        0.00000
wrapping first mol.:      -75.66015        0.00000        0.00000
wrapping first mol.:      -75.71344        0.00000        0.00000
wrapping first mol.:      -75.71344        0.00000        0.00000

 NSTEP =  4300000   TIME(PS) =   10300.000  TEMP(K) =   299.35  PRESS =     0.0
 Etot   =   -117127.2538  EKtot   =     20457.4336  EPtot      =   -137584.6874
 BOND   =       575.9021  ANGLE   =      1519.5524  DIHED      =      1000.7450
 UB     =         0.0000  IMP     =         0.0000  CMAP       =       140.9582
 1-4 NB =       648.1176  1-4 EEL =      5785.7388  VDWAALS    =     16274.2588
 EELEC  =   -163529.9603  EHBOND  =         0.0000  RESTRAINT  =         0.0000
 EKCMT  =         0.0000  VIRIAL  =         0.0000  VOLUME     =    334115.8072
                                                    Density    =         1.0302
 ------------------------------------------------------------------------------

wrapping first mol.:      -75.61106        0.00000        0.00000
wrapping first mol.:      -75.61106        0.00000        0.00000
wrapping first mol.:      -75.55141        0.00000        0.00000
wrapping first mol.:      -75.55141        0.00000        0.00000
wrapping first mol.:      -75.72222        0.00000        0.00000
wrapping first mol.:      -75.72222        0.00000        0.00000
wrapping first mol.:      -75.67074        0.00000        0.00000
wrapping first mol.:      -75.67074        0.00000        0.00000
wrapping first mol.:      -75.59391        0.00000        0.00000
wrapping first mol.:      -75.59391        0.00000        0.00000

 NSTEP =  4325000   TIME(PS) =   10350.000  TEMP(K) =   302.07  PRESS =     0.0
 Etot   =   -116936.6972  EKtot   =     20643.7852  EPtot      =   -137580.4824
 BOND   =       599.4661  ANGLE   =      1510.7626  DIHED      =      1004.1594
 UB     =         0.0000  IMP     =         0.0000  CMAP       =       125.4219
 1-4 NB =       645.2362  1-4 EEL =      5819.7462  VDWAALS    =     16486.1151
 EELEC  =   -163771.3900  EHBOND  =         0.0000  RESTRAINT  =         0.0000
 EKCMT  =         0.0000  VIRIAL  =         0.0000  VOLUME     =    332535.9763
                                                    Density    =         1.0351
 ------------------------------------------------------------------------------

wrapping first mol.:      -75.63704        0.00000        0.00000
wrapping first mol.:      -75.63704        0.00000        0.00000
wrapping first mol.:      -75.64379        0.00000        0.00000
wrapping first mol.:      -75.64379        0.00000        0.00000
wrapping first mol.:      -75.65057        0.00000        0.00000
wrapping first mol.:      -75.65057        0.00000        0.00000
wrapping first mol.:      -75.70031        0.00000        0.00000
wrapping first mol.:      -75.70031        0.00000        0.00000
wrapping first mol.:      -75.67236        0.00000        0.00000
wrapping first mol.:      -75.67236        0.00000        0.00000

 NSTEP =  4350000   TIME(PS) =   10400.000  TEMP(K) =   300.73  PRESS =     0.0
 Etot   =   -117239.4225  EKtot   =     20552.1113  EPtot      =   -137791.5339
 BOND   =       574.4487  ANGLE   =      1540.5295  DIHED      =       997.3172
 UB     =         0.0000  IMP     =         0.0000  CMAP       =       140.4276
 1-4 NB =       642.7720  1-4 EEL =      5781.4502  VDWAALS    =     16689.8699
 EELEC  =   -164158.3490  EHBOND  =         0.0000  RESTRAINT  =         0.0000
 EKCMT  =         0.0000  VIRIAL  =         0.0000  VOLUME     =    333572.2754
                                                    Density    =         1.0319
 ------------------------------------------------------------------------------

wrapping first mol.:      -75.63883        0.00000        0.00000
wrapping first mol.:      -75.63883        0.00000        0.00000
wrapping first mol.:      -75.65552        0.00000        0.00000
wrapping first mol.:      -75.65552        0.00000        0.00000
wrapping first mol.:      -75.73864        0.00000        0.00000
wrapping first mol.:      -75.73864        0.00000        0.00000
wrapping first mol.:      -75.72101        0.00000        0.00000
wrapping first mol.:      -75.72101        0.00000        0.00000
wrapping first mol.:      -75.70413        0.00000        0.00000
wrapping first mol.:      -75.70413        0.00000        0.00000

 NSTEP =  4375000   TIME(PS) =   10450.000  TEMP(K) =   298.32  PRESS =     0.0
 Etot   =   -117124.9684  EKtot   =     20387.3027  EPtot      =   -137512.2712
 BOND   =       607.4870  ANGLE   =      1508.3277  DIHED      =      1002.1471
 UB     =         0.0000  IMP     =         0.0000  CMAP       =       143.4289
 1-4 NB =       642.9577  1-4 EEL =      5867.7908  VDWAALS    =     16511.0099
 EELEC  =   -163795.4203  EHBOND  =         0.0000  RESTRAINT  =         0.0000
 EKCMT  =         0.0000  VIRIAL  =         0.0000  VOLUME     =    333992.6424
                                                    Density    =         1.0306
 ------------------------------------------------------------------------------

wrapping first mol.:      -75.70739        0.00000        0.00000
wrapping first mol.:      -75.70739        0.00000        0.00000
wrapping first mol.:      -75.73811        0.00000        0.00000
wrapping first mol.:      -75.73811        0.00000        0.00000
wrapping first mol.:      -75.61747        0.00000        0.00000
wrapping first mol.:      -75.61747        0.00000        0.00000
wrapping first mol.:      -75.75242        0.00000        0.00000
wrapping first mol.:      -75.75242        0.00000        0.00000
wrapping first mol.:      -75.63372        0.00000        0.00000
wrapping first mol.:      -75.63372        0.00000        0.00000

 NSTEP =  4400000   TIME(PS) =   10500.000  TEMP(K) =   302.26  PRESS =     0.0
 Etot   =   -117182.7183  EKtot   =     20656.3047  EPtot      =   -137839.0229
 BOND   =       553.3307  ANGLE   =      1534.6819  DIHED      =       998.8716
 UB     =         0.0000  IMP     =         0.0000  CMAP       =       128.9802
 1-4 NB =       651.7694  1-4 EEL =      5827.1775  VDWAALS    =     16421.0261
 EELEC  =   -163954.8603  EHBOND  =         0.0000  RESTRAINT  =         0.0000
 EKCMT  =         0.0000  VIRIAL  =         0.0000  VOLUME     =    333061.5978
                                                    Density    =         1.0334
 ------------------------------------------------------------------------------

wrapping first mol.:      -75.64399        0.00000        0.00000
wrapping first mol.:      -75.64399        0.00000        0.00000
wrapping first mol.:      -75.69325        0.00000        0.00000
wrapping first mol.:      -75.69325        0.00000        0.00000
wrapping first mol.:      -75.60917        0.00000        0.00000
wrapping first mol.:      -75.60917        0.00000        0.00000
wrapping first mol.:      -75.56017        0.00000        0.00000
wrapping first mol.:      -75.56017        0.00000        0.00000
wrapping first mol.:      -75.70540        0.00000        0.00000
wrapping first mol.:      -75.70540        0.00000        0.00000

 NSTEP =  4425000   TIME(PS) =   10550.000  TEMP(K) =   299.69  PRESS =     0.0
 Etot   =   -117228.6337  EKtot   =     20481.2051  EPtot      =   -137709.8388
 BOND   =       556.4588  ANGLE   =      1483.8289  DIHED      =       985.1342
 UB     =         0.0000  IMP     =         0.0000  CMAP       =       135.1491
 1-4 NB =       645.4913  1-4 EEL =      5862.1446  VDWAALS    =     16420.1215
 EELEC  =   -163798.1672  EHBOND  =         0.0000  RESTRAINT  =         0.0000
 EKCMT  =         0.0000  VIRIAL  =         0.0000  VOLUME     =    334009.4096
                                                    Density    =         1.0305
 ------------------------------------------------------------------------------

wrapping first mol.:      -75.62806        0.00000        0.00000
wrapping first mol.:      -75.62806        0.00000        0.00000
wrapping first mol.:      -75.65130        0.00000        0.00000
wrapping first mol.:      -75.65130        0.00000        0.00000
wrapping first mol.:      -75.65279        0.00000        0.00000
wrapping first mol.:      -75.65279        0.00000        0.00000
wrapping first mol.:      -75.76119        0.00000        0.00000
wrapping first mol.:      -75.76119        0.00000        0.00000
wrapping first mol.:      -75.61849        0.00000        0.00000
wrapping first mol.:      -75.61849        0.00000        0.00000

 NSTEP =  4450000   TIME(PS) =   10600.000  TEMP(K) =   301.40  PRESS =     0.0
 Etot   =   -117082.2041  EKtot   =     20597.5879  EPtot      =   -137679.7920
 BOND   =       527.8739  ANGLE   =      1581.6864  DIHED      =      1019.6729
 UB     =         0.0000  IMP     =         0.0000  CMAP       =       140.1051
 1-4 NB =       626.2154  1-4 EEL =      5831.5741  VDWAALS    =     16528.0163
 EELEC  =   -163934.9361  EHBOND  =         0.0000  RESTRAINT  =         0.0000
 EKCMT  =         0.0000  VIRIAL  =         0.0000  VOLUME     =    332860.4325
                                                    Density    =         1.0341
 ------------------------------------------------------------------------------

wrapping first mol.:      -75.70635        0.00000        0.00000
wrapping first mol.:      -75.70635        0.00000        0.00000
wrapping first mol.:      -75.63920        0.00000        0.00000
wrapping first mol.:      -75.63920        0.00000        0.00000
wrapping first mol.:      -75.65033        0.00000        0.00000
wrapping first mol.:      -75.65033        0.00000        0.00000
wrapping first mol.:      -75.63854        0.00000        0.00000
wrapping first mol.:      -75.63854        0.00000        0.00000
wrapping first mol.:      -75.69049        0.00000        0.00000
wrapping first mol.:      -75.69049        0.00000        0.00000

 NSTEP =  4475000   TIME(PS) =   10650.000  TEMP(K) =   302.28  PRESS =     0.0
 Etot   =   -116988.7540  EKtot   =     20658.0059  EPtot      =   -137646.7599
 BOND   =       555.8951  ANGLE   =      1547.6391  DIHED      =      1014.3135
 UB     =         0.0000  IMP     =         0.0000  CMAP       =       143.8876
 1-4 NB =       655.3014  1-4 EEL =      5822.7205  VDWAALS    =     16346.5681
 EELEC  =   -163733.0852  EHBOND  =         0.0000  RESTRAINT  =         0.0000
 EKCMT  =         0.0000  VIRIAL  =         0.0000  VOLUME     =    333812.1313
                                                    Density    =         1.0311
 ------------------------------------------------------------------------------

wrapping first mol.:      -75.67712        0.00000        0.00000
wrapping first mol.:      -75.67712        0.00000        0.00000
wrapping first mol.:      -75.58925        0.00000        0.00000
wrapping first mol.:      -75.58925        0.00000        0.00000
wrapping first mol.:      -75.64160        0.00000        0.00000
wrapping first mol.:      -75.64160        0.00000        0.00000
wrapping first mol.:      -75.60423        0.00000        0.00000
wrapping first mol.:      -75.60423        0.00000        0.00000

 NSTEP =  4500000   TIME(PS) =   10700.000  TEMP(K) =   296.93  PRESS =     0.0
 Etot   =   -117370.8978  EKtot   =     20292.2305  EPtot      =   -137663.1283
 BOND   =       573.7689  ANGLE   =      1512.7168  DIHED      =      1003.7774
 UB     =         0.0000  IMP     =         0.0000  CMAP       =       137.5545
 1-4 NB =       641.5931  1-4 EEL =      5870.3209  VDWAALS    =     16335.7545
 EELEC  =   -163738.6144  EHBOND  =         0.0000  RESTRAINT  =         0.0000
 EKCMT  =         0.0000  VIRIAL  =         0.0000  VOLUME     =    332672.0938
                                                    Density    =         1.0347
 ------------------------------------------------------------------------------

wrapping first mol.:      -75.61584        0.00000        0.00000
wrapping first mol.:      -75.61584        0.00000        0.00000
wrapping first mol.:      -75.65253        0.00000        0.00000
wrapping first mol.:      -75.65253        0.00000        0.00000
wrapping first mol.:      -75.65670        0.00000        0.00000
wrapping first mol.:      -75.65670        0.00000        0.00000
wrapping first mol.:      -75.62858        0.00000        0.00000
wrapping first mol.:      -75.62858        0.00000        0.00000
wrapping first mol.:      -75.71612        0.00000        0.00000
wrapping first mol.:      -75.71612        0.00000        0.00000

 NSTEP =  4525000   TIME(PS) =   10750.000  TEMP(K) =   297.87  PRESS =     0.0
 Etot   =   -117419.2352  EKtot   =     20356.9141  EPtot      =   -137776.1492
 BOND   =       568.2455  ANGLE   =      1493.5384  DIHED      =      1004.8313
 UB     =         0.0000  IMP     =         0.0000  CMAP       =       134.0705
 1-4 NB =       645.4690  1-4 EEL =      5823.5070  VDWAALS    =     16409.0660
 EELEC  =   -163854.8769  EHBOND  =         0.0000  RESTRAINT  =         0.0000
 EKCMT  =         0.0000  VIRIAL  =         0.0000  VOLUME     =    334151.3241
                                                    Density    =         1.0301
 ------------------------------------------------------------------------------

wrapping first mol.:      -75.63974        0.00000        0.00000
wrapping first mol.:      -75.63974        0.00000        0.00000
wrapping first mol.:      -75.76097        0.00000        0.00000
wrapping first mol.:      -75.76097        0.00000        0.00000
wrapping first mol.:      -75.71598        0.00000        0.00000
wrapping first mol.:      -75.71598        0.00000        0.00000
wrapping first mol.:      -75.62658        0.00000        0.00000
wrapping first mol.:      -75.62658        0.00000        0.00000
wrapping first mol.:      -75.63369        0.00000        0.00000
wrapping first mol.:      -75.63369        0.00000        0.00000

 NSTEP =  4550000   TIME(PS) =   10800.000  TEMP(K) =   299.58  PRESS =     0.0
 Etot   =   -116952.5769  EKtot   =     20473.7676  EPtot      =   -137426.3444
 BOND   =       567.5299  ANGLE   =      1516.9804  DIHED      =       994.7359
 UB     =         0.0000  IMP     =         0.0000  CMAP       =       137.6470
 1-4 NB =       661.0054  1-4 EEL =      5859.4916  VDWAALS    =     16650.2796
 EELEC  =   -163814.0141  EHBOND  =         0.0000  RESTRAINT  =         0.0000
 EKCMT  =         0.0000  VIRIAL  =         0.0000  VOLUME     =    333061.2004
                                                    Density    =         1.0334
 ------------------------------------------------------------------------------

wrapping first mol.:      -75.61902        0.00000        0.00000
wrapping first mol.:      -75.61902        0.00000        0.00000
wrapping first mol.:      -75.65318        0.00000        0.00000
wrapping first mol.:      -75.65318        0.00000        0.00000
wrapping first mol.:      -75.63639        0.00000        0.00000
wrapping first mol.:      -75.63639        0.00000        0.00000
wrapping first mol.:      -75.73428        0.00000        0.00000
wrapping first mol.:      -75.73428        0.00000        0.00000
wrapping first mol.:      -75.63852        0.00000        0.00000
wrapping first mol.:      -75.63852        0.00000        0.00000

 NSTEP =  4575000   TIME(PS) =   10850.000  TEMP(K) =   298.74  PRESS =     0.0
 Etot   =   -117431.1951  EKtot   =     20416.3691  EPtot      =   -137847.5642
 BOND   =       523.4263  ANGLE   =      1559.8485  DIHED      =      1022.4897
 UB     =         0.0000  IMP     =         0.0000  CMAP       =       125.2910
 1-4 NB =       652.5080  1-4 EEL =      5875.3028  VDWAALS    =     16434.0108
 EELEC  =   -164040.4414  EHBOND  =         0.0000  RESTRAINT  =         0.0000
 EKCMT  =         0.0000  VIRIAL  =         0.0000  VOLUME     =    333124.9895
                                                    Density    =         1.0332
 ------------------------------------------------------------------------------

wrapping first mol.:      -75.67945        0.00000        0.00000
wrapping first mol.:      -75.67945        0.00000        0.00000
wrapping first mol.:      -75.63046        0.00000        0.00000
wrapping first mol.:      -75.63046        0.00000        0.00000
wrapping first mol.:      -75.73645        0.00000        0.00000
wrapping first mol.:      -75.73645        0.00000        0.00000
wrapping first mol.:      -75.79222        0.00000        0.00000
wrapping first mol.:      -75.79222        0.00000        0.00000
wrapping first mol.:      -75.68950        0.00000        0.00000
wrapping first mol.:      -75.68950        0.00000        0.00000

 NSTEP =  4600000   TIME(PS) =   10900.000  TEMP(K) =   300.20  PRESS =     0.0
 Etot   =   -117175.7929  EKtot   =     20515.6406  EPtot      =   -137691.4335
 BOND   =       571.8095  ANGLE   =      1522.7297  DIHED      =      1004.2555
 UB     =         0.0000  IMP     =         0.0000  CMAP       =       137.7581
 1-4 NB =       667.0283  1-4 EEL =      5878.7267  VDWAALS    =     16289.4652
 EELEC  =   -163763.2065  EHBOND  =         0.0000  RESTRAINT  =         0.0000
 EKCMT  =         0.0000  VIRIAL  =         0.0000  VOLUME     =    333799.0440
                                                    Density    =         1.0312
 ------------------------------------------------------------------------------

wrapping first mol.:      -75.68951        0.00000        0.00000
wrapping first mol.:      -75.68951        0.00000        0.00000
wrapping first mol.:      -75.65969        0.00000        0.00000
wrapping first mol.:      -75.65969        0.00000        0.00000
wrapping first mol.:      -75.62784        0.00000        0.00000
wrapping first mol.:      -75.62784        0.00000        0.00000
wrapping first mol.:      -75.54819        0.00000        0.00000
wrapping first mol.:      -75.54819        0.00000        0.00000
wrapping first mol.:      -75.74291        0.00000        0.00000
wrapping first mol.:      -75.74291        0.00000        0.00000

 NSTEP =  4625000   TIME(PS) =   10950.000  TEMP(K) =   300.70  PRESS =     0.0
 Etot   =   -116762.6855  EKtot   =     20550.0430  EPtot      =   -137312.7284
 BOND   =       549.4169  ANGLE   =      1544.8088  DIHED      =       961.0612
 UB     =         0.0000  IMP     =         0.0000  CMAP       =       142.6620
 1-4 NB =       632.3610  1-4 EEL =      5859.0596  VDWAALS    =     16172.8680
 EELEC  =   -163174.9659  EHBOND  =         0.0000  RESTRAINT  =         0.0000
 EKCMT  =         0.0000  VIRIAL  =         0.0000  VOLUME     =    334506.1618
                                                    Density    =         1.0290
 ------------------------------------------------------------------------------

wrapping first mol.:      -75.56405        0.00000        0.00000
wrapping first mol.:      -75.56405        0.00000        0.00000
wrapping first mol.:      -75.68708        0.00000        0.00000
wrapping first mol.:      -75.68708        0.00000        0.00000
wrapping first mol.:      -75.69137        0.00000        0.00000
wrapping first mol.:      -75.69137        0.00000        0.00000
wrapping first mol.:      -75.66250        0.00000        0.00000
wrapping first mol.:      -75.66250        0.00000        0.00000
wrapping first mol.:      -75.68033        0.00000        0.00000
wrapping first mol.:      -75.68033        0.00000        0.00000

 NSTEP =  4650000   TIME(PS) =   11000.000  TEMP(K) =   297.38  PRESS =     0.0
 Etot   =   -117397.1959  EKtot   =     20323.3496  EPtot      =   -137720.5455
 BOND   =       532.0879  ANGLE   =      1505.2088  DIHED      =      1014.2672
 UB     =         0.0000  IMP     =         0.0000  CMAP       =       139.7754
 1-4 NB =       662.2169  1-4 EEL =      5858.2776  VDWAALS    =     16437.7382
 EELEC  =   -163870.1175  EHBOND  =         0.0000  RESTRAINT  =         0.0000
 EKCMT  =         0.0000  VIRIAL  =         0.0000  VOLUME     =    333677.6910
                                                    Density    =         1.0315
 ------------------------------------------------------------------------------

wrapping first mol.:      -75.64713        0.00000        0.00000
wrapping first mol.:      -75.64713        0.00000        0.00000
wrapping first mol.:      -75.63267        0.00000        0.00000
wrapping first mol.:      -75.63267        0.00000        0.00000

 NSTEP =  4675000   TIME(PS) =   11050.000  TEMP(K) =   300.35  PRESS =     0.0
 Etot   =   -116969.8274  EKtot   =     20525.8652  EPtot      =   -137495.6926
 BOND   =       552.8679  ANGLE   =      1514.4846  DIHED      =      1037.3776
 UB     =         0.0000  IMP     =         0.0000  CMAP       =       139.9339
 1-4 NB =       658.3616  1-4 EEL =      5803.9787  VDWAALS    =     16658.1702
 EELEC  =   -163860.8672  EHBOND  =         0.0000  RESTRAINT  =         0.0000
 EKCMT  =         0.0000  VIRIAL  =         0.0000  VOLUME     =    335061.9530
                                                    Density    =         1.0273
 ------------------------------------------------------------------------------

wrapping first mol.:      -75.63310        0.00000        0.00000
wrapping first mol.:      -75.63310        0.00000        0.00000
wrapping first mol.:      -75.58318        0.00000        0.00000
wrapping first mol.:      -75.58318        0.00000        0.00000

 NSTEP =  4700000   TIME(PS) =   11100.000  TEMP(K) =   303.09  PRESS =     0.0
 Etot   =   -116680.9234  EKtot   =     20713.5938  EPtot      =   -137394.5172
 BOND   =       545.9938  ANGLE   =      1526.5877  DIHED      =      1018.0862
 UB     =         0.0000  IMP     =         0.0000  CMAP       =       151.9863
 1-4 NB =       651.2698  1-4 EEL =      5836.4411  VDWAALS    =     16272.7156
 EELEC  =   -163397.5976  EHBOND  =         0.0000  RESTRAINT  =         0.0000
 EKCMT  =         0.0000  VIRIAL  =         0.0000  VOLUME     =    332394.2791
                                                    Density    =         1.0355
 ------------------------------------------------------------------------------

wrapping first mol.:      -75.63824        0.00000        0.00000
wrapping first mol.:      -75.63824        0.00000        0.00000
wrapping first mol.:      -75.65039        0.00000        0.00000
wrapping first mol.:      -75.65039        0.00000        0.00000
wrapping first mol.:      -75.66280        0.00000        0.00000
wrapping first mol.:      -75.66280        0.00000        0.00000
wrapping first mol.:      -75.66970        0.00000        0.00000
wrapping first mol.:      -75.66970        0.00000        0.00000
wrapping first mol.:      -75.72284        0.00000        0.00000
wrapping first mol.:      -75.72284        0.00000        0.00000

 NSTEP =  4725000   TIME(PS) =   11150.000  TEMP(K) =   299.23  PRESS =     0.0
 Etot   =   -117099.6822  EKtot   =     20449.6465  EPtot      =   -137549.3287
 BOND   =       581.9498  ANGLE   =      1509.3105  DIHED      =      1027.7259
 UB     =         0.0000  IMP     =         0.0000  CMAP       =       137.6753
 1-4 NB =       645.4523  1-4 EEL =      5839.6519  VDWAALS    =     16295.0144
 EELEC  =   -163586.1089  EHBOND  =         0.0000  RESTRAINT  =         0.0000
 EKCMT  =         0.0000  VIRIAL  =         0.0000  VOLUME     =    334240.2536
                                                    Density    =         1.0298
 ------------------------------------------------------------------------------

wrapping first mol.:      -75.65708        0.00000        0.00000
wrapping first mol.:      -75.65708        0.00000        0.00000
wrapping first mol.:      -75.59906        0.00000        0.00000
wrapping first mol.:      -75.59906        0.00000        0.00000
wrapping first mol.:      -75.67270        0.00000        0.00000
wrapping first mol.:      -75.67270        0.00000        0.00000

 NSTEP =  4750000   TIME(PS) =   11200.000  TEMP(K) =   300.33  PRESS =     0.0
 Etot   =   -116900.1421  EKtot   =     20524.6797  EPtot      =   -137424.8218
 BOND   =       542.2403  ANGLE   =      1498.0720  DIHED      =       993.7774
 UB     =         0.0000  IMP     =         0.0000  CMAP       =       146.2346
 1-4 NB =       639.7200  1-4 EEL =      5836.5722  VDWAALS    =     16229.5741
 EELEC  =   -163311.0122  EHBOND  =         0.0000  RESTRAINT  =         0.0000
 EKCMT  =         0.0000  VIRIAL  =         0.0000  VOLUME     =    332810.1571
                                                    Density    =         1.0342
 ------------------------------------------------------------------------------


 NSTEP =  4775000   TIME(PS) =   11250.000  TEMP(K) =   298.66  PRESS =     0.0
 Etot   =   -117227.7748  EKtot   =     20410.8145  EPtot      =   -137638.5892
 BOND   =       547.2444  ANGLE   =      1540.8027  DIHED      =       997.1580
 UB     =         0.0000  IMP     =         0.0000  CMAP       =       138.6006
 1-4 NB =       639.1669  1-4 EEL =      5823.5040  VDWAALS    =     16077.7543
 EELEC  =   -163402.8200  EHBOND  =         0.0000  RESTRAINT  =         0.0000
 EKCMT  =         0.0000  VIRIAL  =         0.0000  VOLUME     =    334144.8245
                                                    Density    =         1.0301
 ------------------------------------------------------------------------------

wrapping first mol.:      -75.71226        0.00000        0.00000
wrapping first mol.:      -75.71226        0.00000        0.00000

 NSTEP =  4800000   TIME(PS) =   11300.000  TEMP(K) =   301.45  PRESS =     0.0
 Etot   =   -117240.7433  EKtot   =     20601.2285  EPtot      =   -137841.9718
 BOND   =       559.5552  ANGLE   =      1501.1081  DIHED      =      1010.9413
 UB     =         0.0000  IMP     =         0.0000  CMAP       =       125.9087
 1-4 NB =       635.7915  1-4 EEL =      5836.1560  VDWAALS    =     16269.3611
 EELEC  =   -163780.7939  EHBOND  =         0.0000  RESTRAINT  =         0.0000
 EKCMT  =         0.0000  VIRIAL  =         0.0000  VOLUME     =    334100.2790
                                                    Density    =         1.0302
 ------------------------------------------------------------------------------

wrapping first mol.:      -75.65459        0.00000        0.00000
wrapping first mol.:      -75.65459        0.00000        0.00000
wrapping first mol.:      -75.76998        0.00000        0.00000
wrapping first mol.:      -75.76998        0.00000        0.00000
wrapping first mol.:      -75.59884        0.00000        0.00000
wrapping first mol.:      -75.59884        0.00000        0.00000
wrapping first mol.:      -75.67866        0.00000        0.00000
wrapping first mol.:      -75.67866        0.00000        0.00000
wrapping first mol.:      -75.75710        0.00000        0.00000
wrapping first mol.:      -75.75710        0.00000        0.00000

 NSTEP =  4825000   TIME(PS) =   11350.000  TEMP(K) =   298.41  PRESS =     0.0
 Etot   =   -117398.1319  EKtot   =     20393.5605  EPtot      =   -137791.6924
 BOND   =       560.7856  ANGLE   =      1498.5839  DIHED      =      1010.9941
 UB     =         0.0000  IMP     =         0.0000  CMAP       =       137.3440
 1-4 NB =       664.6663  1-4 EEL =      5789.1453  VDWAALS    =     16527.4413
 EELEC  =   -163980.6529  EHBOND  =         0.0000  RESTRAINT  =         0.0000
 EKCMT  =         0.0000  VIRIAL  =         0.0000  VOLUME     =    334694.2307
                                                    Density    =         1.0284
 ------------------------------------------------------------------------------

wrapping first mol.:      -75.68335        0.00000        0.00000
wrapping first mol.:      -75.68335        0.00000        0.00000
wrapping first mol.:      -75.71262        0.00000        0.00000
wrapping first mol.:      -75.71262        0.00000        0.00000
wrapping first mol.:      -75.67633        0.00000        0.00000
wrapping first mol.:      -75.67633        0.00000        0.00000
wrapping first mol.:      -75.77371        0.00000        0.00000
wrapping first mol.:      -75.77371        0.00000        0.00000
wrapping first mol.:      -75.73855        0.00000        0.00000
wrapping first mol.:      -75.73855        0.00000        0.00000

 NSTEP =  4850000   TIME(PS) =   11400.000  TEMP(K) =   300.34  PRESS =     0.0
 Etot   =   -116868.8882  EKtot   =     20525.5625  EPtot      =   -137394.4507
 BOND   =       577.6551  ANGLE   =      1537.6604  DIHED      =      1041.5834
 UB     =         0.0000  IMP     =         0.0000  CMAP       =       136.6199
 1-4 NB =       628.8404  1-4 EEL =      5814.4942  VDWAALS    =     16509.4069
 EELEC  =   -163640.7111  EHBOND  =         0.0000  RESTRAINT  =         0.0000
 EKCMT  =         0.0000  VIRIAL  =         0.0000  VOLUME     =    334448.3512
                                                    Density    =         1.0292
 ------------------------------------------------------------------------------

wrapping first mol.:      -75.69727        0.00000        0.00000
wrapping first mol.:      -75.69727        0.00000        0.00000
wrapping first mol.:      -75.59023        0.00000        0.00000
wrapping first mol.:      -75.59023        0.00000        0.00000
wrapping first mol.:      -75.62491        0.00000        0.00000
wrapping first mol.:      -75.62491        0.00000        0.00000
wrapping first mol.:      -75.63199        0.00000        0.00000
wrapping first mol.:      -75.63199        0.00000        0.00000
wrapping first mol.:      -75.60825        0.00000        0.00000
wrapping first mol.:      -75.60825        0.00000        0.00000

 NSTEP =  4875000   TIME(PS) =   11450.000  TEMP(K) =   302.16  PRESS =     0.0
 Etot   =   -117085.4325  EKtot   =     20649.8418  EPtot      =   -137735.2743
 BOND   =       568.3319  ANGLE   =      1532.9628  DIHED      =      1011.3164
 UB     =         0.0000  IMP     =         0.0000  CMAP       =       129.1254
 1-4 NB =       638.8608  1-4 EEL =      5839.5102  VDWAALS    =     16779.8876
 EELEC  =   -164235.2693  EHBOND  =         0.0000  RESTRAINT  =         0.0000
 EKCMT  =         0.0000  VIRIAL  =         0.0000  VOLUME     =    332725.2471
                                                    Density    =         1.0345
 ------------------------------------------------------------------------------

wrapping first mol.:      -75.66997        0.00000        0.00000
wrapping first mol.:      -75.66997        0.00000        0.00000
wrapping first mol.:      -75.73500        0.00000        0.00000
wrapping first mol.:      -75.73500        0.00000        0.00000
wrapping first mol.:      -75.77502        0.00000        0.00000
wrapping first mol.:      -75.77502        0.00000        0.00000
wrapping first mol.:      -75.73689        0.00000        0.00000
wrapping first mol.:      -75.73689        0.00000        0.00000

 NSTEP =  4900000   TIME(PS) =   11500.000  TEMP(K) =   298.95  PRESS =     0.0
 Etot   =   -116896.2584  EKtot   =     20430.3223  EPtot      =   -137326.5806
 BOND   =       595.3061  ANGLE   =      1534.3650  DIHED      =       999.0013
 UB     =         0.0000  IMP     =         0.0000  CMAP       =       146.5465
 1-4 NB =       631.9409  1-4 EEL =      5758.5005  VDWAALS    =     16528.9850
 EELEC  =   -163521.2260  EHBOND  =         0.0000  RESTRAINT  =         0.0000
 EKCMT  =         0.0000  VIRIAL  =         0.0000  VOLUME     =    334426.4134
                                                    Density    =         1.0292
 ------------------------------------------------------------------------------

wrapping first mol.:      -75.69781        0.00000        0.00000
wrapping first mol.:      -75.69781        0.00000        0.00000
wrapping first mol.:      -75.74627        0.00000        0.00000
wrapping first mol.:      -75.74627        0.00000        0.00000
wrapping first mol.:      -75.77046        0.00000        0.00000
wrapping first mol.:      -75.77046        0.00000        0.00000
wrapping first mol.:      -75.76225        0.00000        0.00000
wrapping first mol.:      -75.76225        0.00000        0.00000
wrapping first mol.:      -75.67378        0.00000        0.00000
wrapping first mol.:      -75.67378        0.00000        0.00000

 NSTEP =  4925000   TIME(PS) =   11550.000  TEMP(K) =   299.61  PRESS =     0.0
 Etot   =   -117276.1423  EKtot   =     20475.5703  EPtot      =   -137751.7126
 BOND   =       583.0466  ANGLE   =      1530.0557  DIHED      =       980.7449
 UB     =         0.0000  IMP     =         0.0000  CMAP       =       144.4358
 1-4 NB =       639.1946  1-4 EEL =      5797.1607  VDWAALS    =     16715.3813
 EELEC  =   -164141.7321  EHBOND  =         0.0000  RESTRAINT  =         0.0000
 EKCMT  =         0.0000  VIRIAL  =         0.0000  VOLUME     =    333591.0825
                                                    Density    =         1.0318
 ------------------------------------------------------------------------------

wrapping first mol.:      -75.70335        0.00000        0.00000
wrapping first mol.:      -75.70335        0.00000        0.00000
wrapping first mol.:      -75.67897        0.00000        0.00000
wrapping first mol.:      -75.67897        0.00000        0.00000
wrapping first mol.:      -75.57175        0.00000        0.00000
wrapping first mol.:      -75.57175        0.00000        0.00000
wrapping first mol.:      -75.75977        0.00000        0.00000
wrapping first mol.:      -75.75977        0.00000        0.00000
wrapping first mol.:      -75.73138        0.00000        0.00000
wrapping first mol.:      -75.73138        0.00000        0.00000

 NSTEP =  4950000   TIME(PS) =   11600.000  TEMP(K) =   297.31  PRESS =     0.0
 Etot   =   -117388.6086  EKtot   =     20318.4902  EPtot      =   -137707.0988
 BOND   =       602.0201  ANGLE   =      1522.4568  DIHED      =      1028.6200
 UB     =         0.0000  IMP     =         0.0000  CMAP       =       139.3408
 1-4 NB =       640.2666  1-4 EEL =      5719.4717  VDWAALS    =     16661.8640
 EELEC  =   -164021.1389  EHBOND  =         0.0000  RESTRAINT  =         0.0000
 EKCMT  =         0.0000  VIRIAL  =         0.0000  VOLUME     =    334353.3455
                                                    Density    =         1.0295
 ------------------------------------------------------------------------------

wrapping first mol.:      -75.64015        0.00000        0.00000
wrapping first mol.:      -75.64015        0.00000        0.00000
wrapping first mol.:      -75.79478        0.00000        0.00000
wrapping first mol.:      -75.79478        0.00000        0.00000
wrapping first mol.:      -75.70726        0.00000        0.00000
wrapping first mol.:      -75.70726        0.00000        0.00000
wrapping first mol.:      -75.66709        0.00000        0.00000
wrapping first mol.:      -75.66709        0.00000        0.00000
wrapping first mol.:      -75.57033        0.00000        0.00000
wrapping first mol.:      -75.57033        0.00000        0.00000

 NSTEP =  4975000   TIME(PS) =   11650.000  TEMP(K) =   300.66  PRESS =     0.0
 Etot   =   -117008.4819  EKtot   =     20547.3477  EPtot      =   -137555.8296
 BOND   =       561.8202  ANGLE   =      1553.4825  DIHED      =      1018.8162
 UB     =         0.0000  IMP     =         0.0000  CMAP       =       142.9067
 1-4 NB =       641.8351  1-4 EEL =      5779.5111  VDWAALS    =     16263.9896
 EELEC  =   -163518.1910  EHBOND  =         0.0000  RESTRAINT  =         0.0000
 EKCMT  =         0.0000  VIRIAL  =         0.0000  VOLUME     =    332224.8900
                                                    Density    =         1.0360
 ------------------------------------------------------------------------------

wrapping first mol.:      -75.79877        0.00000        0.00000
wrapping first mol.:      -75.79877        0.00000        0.00000
wrapping first mol.:      -75.66579        0.00000        0.00000
wrapping first mol.:      -75.66579        0.00000        0.00000
wrapping first mol.:      -75.70725        0.00000        0.00000
wrapping first mol.:      -75.70725        0.00000        0.00000
wrapping first mol.:      -75.73850        0.00000        0.00000
wrapping first mol.:      -75.73850        0.00000        0.00000
wrapping first mol.:      -75.68922        0.00000        0.00000
wrapping first mol.:      -75.68922        0.00000        0.00000

 NSTEP =  5000000   TIME(PS) =   11700.000  TEMP(K) =   301.90  PRESS =     0.0
 Etot   =   -116970.9811  EKtot   =     20632.0391  EPtot      =   -137603.0202
 BOND   =       578.5593  ANGLE   =      1525.1624  DIHED      =      1017.3461
 UB     =         0.0000  IMP     =         0.0000  CMAP       =       143.3392
 1-4 NB =       644.1049  1-4 EEL =      5750.9040  VDWAALS    =     16482.4104
 EELEC  =   -163744.8463  EHBOND  =         0.0000  RESTRAINT  =         0.0000
 EKCMT  =         0.0000  VIRIAL  =         0.0000  VOLUME     =    333795.3004
                                                    Density    =         1.0312
 ------------------------------------------------------------------------------

wrapping first mol.:      -75.66895        0.00000        0.00000
wrapping first mol.:      -75.66895        0.00000        0.00000
wrapping first mol.:      -75.75547        0.00000        0.00000
wrapping first mol.:      -75.75547        0.00000        0.00000
wrapping first mol.:      -75.60742        0.00000        0.00000
wrapping first mol.:      -75.60742        0.00000        0.00000
wrapping first mol.:      -75.65353        0.00000        0.00000
wrapping first mol.:      -75.65353        0.00000        0.00000
wrapping first mol.:      -75.76353        0.00000        0.00000
wrapping first mol.:      -75.76353        0.00000        0.00000

 NSTEP =  5025000   TIME(PS) =   11750.000  TEMP(K) =   300.93  PRESS =     0.0
 Etot   =   -117187.6391  EKtot   =     20565.9785  EPtot      =   -137753.6176
 BOND   =       548.4642  ANGLE   =      1545.9891  DIHED      =       996.1680
 UB     =         0.0000  IMP     =         0.0000  CMAP       =       134.8925
 1-4 NB =       625.9988  1-4 EEL =      5758.2187  VDWAALS    =     16913.0958
 EELEC  =   -164276.4446  EHBOND  =         0.0000  RESTRAINT  =         0.0000
 EKCMT  =         0.0000  VIRIAL  =         0.0000  VOLUME     =    334779.3503
                                                    Density    =         1.0281
 ------------------------------------------------------------------------------

wrapping first mol.:      -75.65754        0.00000        0.00000
wrapping first mol.:      -75.65754        0.00000        0.00000
wrapping first mol.:      -75.61069        0.00000        0.00000
wrapping first mol.:      -75.61069        0.00000        0.00000
wrapping first mol.:      -75.65513        0.00000        0.00000
wrapping first mol.:      -75.65513        0.00000        0.00000
wrapping first mol.:      -75.61047        0.00000        0.00000
wrapping first mol.:      -75.61047        0.00000        0.00000
wrapping first mol.:      -75.68936        0.00000        0.00000
wrapping first mol.:      -75.68936        0.00000        0.00000

 NSTEP =  5050000   TIME(PS) =   11800.000  TEMP(K) =   299.60  PRESS =     0.0
 Etot   =   -117081.6041  EKtot   =     20475.0586  EPtot      =   -137556.6627
 BOND   =       568.0758  ANGLE   =      1521.8353  DIHED      =       990.2154
 UB     =         0.0000  IMP     =         0.0000  CMAP       =       142.4785
 1-4 NB =       631.7478  1-4 EEL =      5798.2339  VDWAALS    =     16613.8978
 EELEC  =   -163823.1471  EHBOND  =         0.0000  RESTRAINT  =         0.0000
 EKCMT  =         0.0000  VIRIAL  =         0.0000  VOLUME     =    333797.1239
                                                    Density    =         1.0312
 ------------------------------------------------------------------------------

wrapping first mol.:      -75.65580        0.00000        0.00000
wrapping first mol.:      -75.65580        0.00000        0.00000
wrapping first mol.:      -75.64064        0.00000        0.00000
wrapping first mol.:      -75.64064        0.00000        0.00000
wrapping first mol.:      -75.75505        0.00000        0.00000
wrapping first mol.:      -75.75505        0.00000        0.00000
wrapping first mol.:      -75.68274        0.00000        0.00000
wrapping first mol.:      -75.68274        0.00000        0.00000
wrapping first mol.:      -75.67264        0.00000        0.00000
wrapping first mol.:      -75.67264        0.00000        0.00000

 NSTEP =  5075000   TIME(PS) =   11850.000  TEMP(K) =   295.91  PRESS =     0.0
 Etot   =   -117551.7484  EKtot   =     20222.6543  EPtot      =   -137774.4027
 BOND   =       555.3805  ANGLE   =      1508.6714  DIHED      =      1004.1117
 UB     =         0.0000  IMP     =         0.0000  CMAP       =       139.2551
 1-4 NB =       647.7280  1-4 EEL =      5782.6544  VDWAALS    =     16688.2399
 EELEC  =   -164100.4436  EHBOND  =         0.0000  RESTRAINT  =         0.0000
 EKCMT  =         0.0000  VIRIAL  =         0.0000  VOLUME     =    333576.0594
                                                    Density    =         1.0319
 ------------------------------------------------------------------------------

wrapping first mol.:      -75.74281        0.00000        0.00000
wrapping first mol.:      -75.74281        0.00000        0.00000
wrapping first mol.:      -75.59552        0.00000        0.00000
wrapping first mol.:      -75.59552        0.00000        0.00000
wrapping first mol.:      -75.67384        0.00000        0.00000
wrapping first mol.:      -75.67384        0.00000        0.00000
wrapping first mol.:      -75.69953        0.00000        0.00000
wrapping first mol.:      -75.69953        0.00000        0.00000
wrapping first mol.:      -75.72416        0.00000        0.00000
wrapping first mol.:      -75.72416        0.00000        0.00000

 NSTEP =  5100000   TIME(PS) =   11900.000  TEMP(K) =   297.27  PRESS =     0.0
 Etot   =   -117727.3950  EKtot   =     20315.8086  EPtot      =   -138043.2036
 BOND   =       563.1551  ANGLE   =      1502.0696  DIHED      =      1009.7170
 UB     =         0.0000  IMP     =         0.0000  CMAP       =       142.3260
 1-4 NB =       646.2788  1-4 EEL =      5784.5053  VDWAALS    =     16579.5087
 EELEC  =   -164270.7642  EHBOND  =         0.0000  RESTRAINT  =         0.0000
 EKCMT  =         0.0000  VIRIAL  =         0.0000  VOLUME     =    334257.8438
                                                    Density    =         1.0297
 ------------------------------------------------------------------------------

wrapping first mol.:      -75.78304        0.00000        0.00000
wrapping first mol.:      -75.78304        0.00000        0.00000
wrapping first mol.:      -75.64423        0.00000        0.00000
wrapping first mol.:      -75.64423        0.00000        0.00000

 NSTEP =  5125000   TIME(PS) =   11950.000  TEMP(K) =   300.74  PRESS =     0.0
 Etot   =   -117170.6898  EKtot   =     20552.8750  EPtot      =   -137723.5648
 BOND   =       561.4908  ANGLE   =      1520.8473  DIHED      =      1003.3640
 UB     =         0.0000  IMP     =         0.0000  CMAP       =       148.4308
 1-4 NB =       636.3321  1-4 EEL =      5769.6080  VDWAALS    =     16623.9098
 EELEC  =   -163987.5477  EHBOND  =         0.0000  RESTRAINT  =         0.0000
 EKCMT  =         0.0000  VIRIAL  =         0.0000  VOLUME     =    332873.7851
                                                    Density    =         1.0340
 ------------------------------------------------------------------------------


 NSTEP =  5150000   TIME(PS) =   12000.000  TEMP(K) =   302.25  PRESS =     0.0
 Etot   =   -116948.3972  EKtot   =     20656.1875  EPtot      =   -137604.5847
 BOND   =       571.2620  ANGLE   =      1523.1572  DIHED      =      1025.1776
 UB     =         0.0000  IMP     =         0.0000  CMAP       =       141.4798
 1-4 NB =       633.2407  1-4 EEL =      5746.7969  VDWAALS    =     16397.7892
 EELEC  =   -163643.4883  EHBOND  =         0.0000  RESTRAINT  =         0.0000
 EKCMT  =         0.0000  VIRIAL  =         0.0000  VOLUME     =    333614.2289
                                                    Density    =         1.0317
 ------------------------------------------------------------------------------


 NSTEP =  5175000   TIME(PS) =   12050.000  TEMP(K) =   297.60  PRESS =     0.0
 Etot   =   -117277.3184  EKtot   =     20337.8906  EPtot      =   -137615.2090
 BOND   =       571.5453  ANGLE   =      1570.6617  DIHED      =      1005.1907
 UB     =         0.0000  IMP     =         0.0000  CMAP       =       136.2084
 1-4 NB =       646.0997  1-4 EEL =      5745.3301  VDWAALS    =     16377.6161
 EELEC  =   -163667.8609  EHBOND  =         0.0000  RESTRAINT  =         0.0000
 EKCMT  =         0.0000  VIRIAL  =         0.0000  VOLUME     =    334503.7582
                                                    Density    =         1.0290
 ------------------------------------------------------------------------------


 NSTEP =  5200000   TIME(PS) =   12100.000  TEMP(K) =   301.50  PRESS =     0.0
 Etot   =   -117258.9009  EKtot   =     20604.5703  EPtot      =   -137863.4712
 BOND   =       592.3224  ANGLE   =      1544.4744  DIHED      =       977.5070
 UB     =         0.0000  IMP     =         0.0000  CMAP       =       143.8510
 1-4 NB =       633.2531  1-4 EEL =      5723.5841  VDWAALS    =     15902.3325
 EELEC  =   -163380.7958  EHBOND  =         0.0000  RESTRAINT  =         0.0000
 EKCMT  =         0.0000  VIRIAL  =         0.0000  VOLUME     =    333180.8618
                                                    Density    =         1.0331
 ------------------------------------------------------------------------------


 NSTEP =  5225000   TIME(PS) =   12150.000  TEMP(K) =   299.29  PRESS =     0.0
 Etot   =   -117498.6127  EKtot   =     20453.6621  EPtot      =   -137952.2748
 BOND   =       577.8575  ANGLE   =      1545.5371  DIHED      =      1009.2675
 UB     =         0.0000  IMP     =         0.0000  CMAP       =       149.3163
 1-4 NB =       635.7335  1-4 EEL =      5765.4043  VDWAALS    =     16553.5971
 EELEC  =   -164188.9881  EHBOND  =         0.0000  RESTRAINT  =         0.0000
 EKCMT  =         0.0000  VIRIAL  =         0.0000  VOLUME     =    331931.6219
                                                    Density    =         1.0370
 ------------------------------------------------------------------------------


 NSTEP =  5250000   TIME(PS) =   12200.000  TEMP(K) =   298.47  PRESS =     0.0
 Etot   =   -117440.1657  EKtot   =     20397.4668  EPtot      =   -137837.6325
 BOND   =       563.7689  ANGLE   =      1518.0869  DIHED      =       996.6030
 UB     =         0.0000  IMP     =         0.0000  CMAP       =       136.7865
 1-4 NB =       655.5831  1-4 EEL =      5797.5102  VDWAALS    =     16535.4576
 EELEC  =   -164041.4287  EHBOND  =         0.0000  RESTRAINT  =         0.0000
 EKCMT  =         0.0000  VIRIAL  =         0.0000  VOLUME     =    334549.7666
                                                    Density    =         1.0288
 ------------------------------------------------------------------------------


 NSTEP =  5275000   TIME(PS) =   12250.000  TEMP(K) =   300.38  PRESS =     0.0
 Etot   =   -116989.1213  EKtot   =     20527.8613  EPtot      =   -137516.9826
 BOND   =       544.4373  ANGLE   =      1511.4716  DIHED      =      1018.4466
 UB     =         0.0000  IMP     =         0.0000  CMAP       =       136.7841
 1-4 NB =       652.5337  1-4 EEL =      5844.8847  VDWAALS    =     16216.5782
 EELEC  =   -163442.1188  EHBOND  =         0.0000  RESTRAINT  =         0.0000
 EKCMT  =         0.0000  VIRIAL  =         0.0000  VOLUME     =    333711.7144
                                                    Density    =         1.0314
 ------------------------------------------------------------------------------


 NSTEP =  5300000   TIME(PS) =   12300.000  TEMP(K) =   297.93  PRESS =     0.0
 Etot   =   -117135.6342  EKtot   =     20360.6133  EPtot      =   -137496.2474
 BOND   =       545.0481  ANGLE   =      1524.2194  DIHED      =       999.1290
 UB     =         0.0000  IMP     =         0.0000  CMAP       =       129.2757
 1-4 NB =       666.1633  1-4 EEL =      5757.6465  VDWAALS    =     16176.5448
 EELEC  =   -163294.2741  EHBOND  =         0.0000  RESTRAINT  =         0.0000
 EKCMT  =         0.0000  VIRIAL  =         0.0000  VOLUME     =    332996.6305
                                                    Density    =         1.0336
 ------------------------------------------------------------------------------


 NSTEP =  5325000   TIME(PS) =   12350.000  TEMP(K) =   298.99  PRESS =     0.0
 Etot   =   -117103.4930  EKtot   =     20432.8555  EPtot      =   -137536.3484
 BOND   =       561.0320  ANGLE   =      1512.1398  DIHED      =      1012.8681
 UB     =         0.0000  IMP     =         0.0000  CMAP       =       161.4616
 1-4 NB =       649.4160  1-4 EEL =      5780.9232  VDWAALS    =     16470.4706
 EELEC  =   -163684.6598  EHBOND  =         0.0000  RESTRAINT  =         0.0000
 EKCMT  =         0.0000  VIRIAL  =         0.0000  VOLUME     =    334427.4337
                                                    Density    =         1.0292
 ------------------------------------------------------------------------------


 NSTEP =  5350000   TIME(PS) =   12400.000  TEMP(K) =   297.45  PRESS =     0.0
 Etot   =   -117324.0680  EKtot   =     20327.9492  EPtot      =   -137652.0173
 BOND   =       554.5659  ANGLE   =      1459.6022  DIHED      =       960.9288
 UB     =         0.0000  IMP     =         0.0000  CMAP       =       150.3396
 1-4 NB =       625.2472  1-4 EEL =      5802.5447  VDWAALS    =     16563.5698
 EELEC  =   -163768.8155  EHBOND  =         0.0000  RESTRAINT  =         0.0000
 EKCMT  =         0.0000  VIRIAL  =         0.0000  VOLUME     =    333449.7275
                                                    Density    =         1.0322
 ------------------------------------------------------------------------------


 NSTEP =  5375000   TIME(PS) =   12450.000  TEMP(K) =   296.82  PRESS =     0.0
 Etot   =   -117235.8217  EKtot   =     20285.0605  EPtot      =   -137520.8822
 BOND   =       562.4898  ANGLE   =      1534.5964  DIHED      =      1015.4925
 UB     =         0.0000  IMP     =         0.0000  CMAP       =       138.8877
 1-4 NB =       656.4445  1-4 EEL =      5748.3935  VDWAALS    =     16119.0008
 EELEC  =   -163296.1874  EHBOND  =         0.0000  RESTRAINT  =         0.0000
 EKCMT  =         0.0000  VIRIAL  =         0.0000  VOLUME     =    334185.3435
                                                    Density    =         1.0300
 ------------------------------------------------------------------------------


 NSTEP =  5400000   TIME(PS) =   12500.000  TEMP(K) =   302.53  PRESS =     0.0
 Etot   =   -117133.9969  EKtot   =     20675.3770  EPtot      =   -137809.3738
 BOND   =       502.3583  ANGLE   =      1495.0437  DIHED      =      1008.3861
 UB     =         0.0000  IMP     =         0.0000  CMAP       =       141.5042
 1-4 NB =       660.2593  1-4 EEL =      5825.8623  VDWAALS    =     16316.2826
 EELEC  =   -163759.0702  EHBOND  =         0.0000  RESTRAINT  =         0.0000
 EKCMT  =         0.0000  VIRIAL  =         0.0000  VOLUME     =    332490.3814
                                                    Density    =         1.0352
 ------------------------------------------------------------------------------


 NSTEP =  5425000   TIME(PS) =   12550.000  TEMP(K) =   300.65  PRESS =     0.0
 Etot   =   -116999.9990  EKtot   =     20546.5098  EPtot      =   -137546.5088
 BOND   =       581.3161  ANGLE   =      1511.8059  DIHED      =      1004.7389
 UB     =         0.0000  IMP     =         0.0000  CMAP       =       136.1066
 1-4 NB =       644.6615  1-4 EEL =      5760.6719  VDWAALS    =     16438.9422
 EELEC  =   -163624.7520  EHBOND  =         0.0000  RESTRAINT  =         0.0000
 EKCMT  =         0.0000  VIRIAL  =         0.0000  VOLUME     =    334060.5477
                                                    Density    =         1.0304
 ------------------------------------------------------------------------------


 NSTEP =  5450000   TIME(PS) =   12600.000  TEMP(K) =   299.17  PRESS =     0.0
 Etot   =   -117229.3430  EKtot   =     20445.3145  EPtot      =   -137674.6575
 BOND   =       542.8742  ANGLE   =      1488.6022  DIHED      =      1020.5447
 UB     =         0.0000  IMP     =         0.0000  CMAP       =       135.8637
 1-4 NB =       634.1576  1-4 EEL =      5789.8940  VDWAALS    =     16423.3053
 EELEC  =   -163709.8992  EHBOND  =         0.0000  RESTRAINT  =         0.0000
 EKCMT  =         0.0000  VIRIAL  =         0.0000  VOLUME     =    333080.1369
                                                    Density    =         1.0334
 ------------------------------------------------------------------------------


 NSTEP =  5475000   TIME(PS) =   12650.000  TEMP(K) =   301.30  PRESS =     0.0
 Etot   =   -116921.5060  EKtot   =     20591.1113  EPtot      =   -137512.6173
 BOND   =       574.3940  ANGLE   =      1468.0715  DIHED      =      1012.2474
 UB     =         0.0000  IMP     =         0.0000  CMAP       =       141.4599
 1-4 NB =       634.4385  1-4 EEL =      5803.7988  VDWAALS    =     16161.4057
 EELEC  =   -163308.4331  EHBOND  =         0.0000  RESTRAINT  =         0.0000
 EKCMT  =         0.0000  VIRIAL  =         0.0000  VOLUME     =    333610.2874
                                                    Density    =         1.0317
 ------------------------------------------------------------------------------


 NSTEP =  5500000   TIME(PS) =   12700.000  TEMP(K) =   296.82  PRESS =     0.0
 Etot   =   -117417.2944  EKtot   =     20284.6660  EPtot      =   -137701.9604
 BOND   =       569.6498  ANGLE   =      1573.8650  DIHED      =       984.5580
 UB     =         0.0000  IMP     =         0.0000  CMAP       =       152.9489
 1-4 NB =       639.4396  1-4 EEL =      5774.9143  VDWAALS    =     16167.7788
 EELEC  =   -163565.1148  EHBOND  =         0.0000  RESTRAINT  =         0.0000
 EKCMT  =         0.0000  VIRIAL  =         0.0000  VOLUME     =    334645.0047
                                                    Density    =         1.0286
 ------------------------------------------------------------------------------


 NSTEP =  5525000   TIME(PS) =   12750.000  TEMP(K) =   301.02  PRESS =     0.0
 Etot   =   -117068.1375  EKtot   =     20571.8438  EPtot      =   -137639.9812
 BOND   =       559.6515  ANGLE   =      1532.4112  DIHED      =       990.1627
 UB     =         0.0000  IMP     =         0.0000  CMAP       =       143.1597
 1-4 NB =       634.2542  1-4 EEL =      5747.6130  VDWAALS    =     16338.9452
 EELEC  =   -163586.1788  EHBOND  =         0.0000  RESTRAINT  =         0.0000
 EKCMT  =         0.0000  VIRIAL  =         0.0000  VOLUME     =    333401.4340
                                                    Density    =         1.0324
 ------------------------------------------------------------------------------


 NSTEP =  5550000   TIME(PS) =   12800.000  TEMP(K) =   299.25  PRESS =     0.0
 Etot   =   -116897.3662  EKtot   =     20450.6973  EPtot      =   -137348.0635
 BOND   =       588.7093  ANGLE   =      1504.8061  DIHED      =       984.6548
 UB     =         0.0000  IMP     =         0.0000  CMAP       =       150.9131
 1-4 NB =       639.2398  1-4 EEL =      5785.6195  VDWAALS    =     16083.8217
 EELEC  =   -163085.8278  EHBOND  =         0.0000  RESTRAINT  =         0.0000
 EKCMT  =         0.0000  VIRIAL  =         0.0000  VOLUME     =    332668.3399
                                                    Density    =         1.0347
 ------------------------------------------------------------------------------


 NSTEP =  5575000   TIME(PS) =   12850.000  TEMP(K) =   299.57  PRESS =     0.0
 Etot   =   -117103.0683  EKtot   =     20472.6211  EPtot      =   -137575.6893
 BOND   =       550.5449  ANGLE   =      1508.4693  DIHED      =      1004.3948
 UB     =         0.0000  IMP     =         0.0000  CMAP       =       139.5242
 1-4 NB =       644.9186  1-4 EEL =      5774.0846  VDWAALS    =     16289.2601
 EELEC  =   -163486.8858  EHBOND  =         0.0000  RESTRAINT  =         0.0000
 EKCMT  =         0.0000  VIRIAL  =         0.0000  VOLUME     =    332965.8881
                                                    Density    =         1.0337
 ------------------------------------------------------------------------------


 NSTEP =  5600000   TIME(PS) =   12900.000  TEMP(K) =   300.07  PRESS =     0.0
 Etot   =   -117120.8184  EKtot   =     20507.1465  EPtot      =   -137627.9648
 BOND   =       557.1377  ANGLE   =      1487.1603  DIHED      =       983.7201
 UB     =         0.0000  IMP     =         0.0000  CMAP       =       125.2579
 1-4 NB =       634.1837  1-4 EEL =      5805.0358  VDWAALS    =     16576.3274
 EELEC  =   -163796.7878  EHBOND  =         0.0000  RESTRAINT  =         0.0000
 EKCMT  =         0.0000  VIRIAL  =         0.0000  VOLUME     =    334060.3547
                                                    Density    =         1.0304
 ------------------------------------------------------------------------------


 NSTEP =  5625000   TIME(PS) =   12950.000  TEMP(K) =   300.82  PRESS =     0.0
 Etot   =   -117052.6935  EKtot   =     20558.0273  EPtot      =   -137610.7208
 BOND   =       549.6427  ANGLE   =      1502.1305  DIHED      =       989.2634
 UB     =         0.0000  IMP     =         0.0000  CMAP       =       138.0438
 1-4 NB =       649.6754  1-4 EEL =      5802.4400  VDWAALS    =     16177.4893
 EELEC  =   -163419.4058  EHBOND  =         0.0000  RESTRAINT  =         0.0000
 EKCMT  =         0.0000  VIRIAL  =         0.0000  VOLUME     =    334400.3273
                                                    Density    =         1.0293
 ------------------------------------------------------------------------------


 NSTEP =  5650000   TIME(PS) =   13000.000  TEMP(K) =   304.03  PRESS =     0.0
 Etot   =   -116723.0973  EKtot   =     20777.8613  EPtot      =   -137500.9586
 BOND   =       542.9276  ANGLE   =      1546.4358  DIHED      =      1008.3013
 UB     =         0.0000  IMP     =         0.0000  CMAP       =       145.9056
 1-4 NB =       655.0987  1-4 EEL =      5853.8913  VDWAALS    =     16696.8583
 EELEC  =   -163950.3772  EHBOND  =         0.0000  RESTRAINT  =         0.0000
 EKCMT  =         0.0000  VIRIAL  =         0.0000  VOLUME     =    333829.7596
                                                    Density    =         1.0311
 ------------------------------------------------------------------------------


 NSTEP =  5675000   TIME(PS) =   13050.000  TEMP(K) =   298.27  PRESS =     0.0
 Etot   =   -117688.0679  EKtot   =     20384.0234  EPtot      =   -138072.0913
 BOND   =       563.1353  ANGLE   =      1501.2139  DIHED      =      1013.6402
 UB     =         0.0000  IMP     =         0.0000  CMAP       =       144.2753
 1-4 NB =       635.0414  1-4 EEL =      5784.2756  VDWAALS    =     16679.4028
 EELEC  =   -164393.0759  EHBOND  =         0.0000  RESTRAINT  =         0.0000
 EKCMT  =         0.0000  VIRIAL  =         0.0000  VOLUME     =    333740.7054
                                                    Density    =         1.0313
 ------------------------------------------------------------------------------

wrapping first mol.:      -75.69091        0.00000        0.00000
wrapping first mol.:      -75.69091        0.00000        0.00000
wrapping first mol.:      -75.63813        0.00000        0.00000
wrapping first mol.:      -75.63813        0.00000        0.00000
wrapping first mol.:      -75.64500        0.00000        0.00000
wrapping first mol.:      -75.64500        0.00000        0.00000

 NSTEP =  5700000   TIME(PS) =   13100.000  TEMP(K) =   298.13  PRESS =     0.0
 Etot   =   -117659.1198  EKtot   =     20374.6602  EPtot      =   -138033.7799
 BOND   =       536.0360  ANGLE   =      1500.1300  DIHED      =      1009.1382
 UB     =         0.0000  IMP     =         0.0000  CMAP       =       135.1812
 1-4 NB =       661.5912  1-4 EEL =      5865.6223  VDWAALS    =     16714.7398
 EELEC  =   -164456.2186  EHBOND  =         0.0000  RESTRAINT  =         0.0000
 EKCMT  =         0.0000  VIRIAL  =         0.0000  VOLUME     =    333210.5506
                                                    Density    =         1.0330
 ------------------------------------------------------------------------------

wrapping first mol.:      -75.67535        0.00000        0.00000
wrapping first mol.:      -75.67535        0.00000        0.00000
wrapping first mol.:      -75.61782        0.00000        0.00000
wrapping first mol.:      -75.61782        0.00000        0.00000
wrapping first mol.:      -75.61242        0.00000        0.00000
wrapping first mol.:      -75.61242        0.00000        0.00000
wrapping first mol.:      -75.67295        0.00000        0.00000
wrapping first mol.:      -75.67295        0.00000        0.00000
wrapping first mol.:      -75.73580        0.00000        0.00000
wrapping first mol.:      -75.73580        0.00000        0.00000

 NSTEP =  5725000   TIME(PS) =   13150.000  TEMP(K) =   296.27  PRESS =     0.0
 Etot   =   -117510.3360  EKtot   =     20247.0039  EPtot      =   -137757.3399
 BOND   =       558.0174  ANGLE   =      1498.3276  DIHED      =      1012.5619
 UB     =         0.0000  IMP     =         0.0000  CMAP       =       134.4451
 1-4 NB =       646.9888  1-4 EEL =      5847.3776  VDWAALS    =     16551.2657
 EELEC  =   -164006.3241  EHBOND  =         0.0000  RESTRAINT  =         0.0000
 EKCMT  =         0.0000  VIRIAL  =         0.0000  VOLUME     =    334411.9667
                                                    Density    =         1.0293
 ------------------------------------------------------------------------------

wrapping first mol.:      -75.68442        0.00000        0.00000
wrapping first mol.:      -75.68442        0.00000        0.00000
wrapping first mol.:      -75.70581        0.00000        0.00000
wrapping first mol.:      -75.70581        0.00000        0.00000

 NSTEP =  5750000   TIME(PS) =   13200.000  TEMP(K) =   300.87  PRESS =     0.0
 Etot   =   -116859.4779  EKtot   =     20561.5996  EPtot      =   -137421.0775
 BOND   =       600.1650  ANGLE   =      1528.0336  DIHED      =       997.2229
 UB     =         0.0000  IMP     =         0.0000  CMAP       =       136.5826
 1-4 NB =       629.8172  1-4 EEL =      5844.4259  VDWAALS    =     16398.9070
 EELEC  =   -163556.2318  EHBOND  =         0.0000  RESTRAINT  =         0.0000
 EKCMT  =         0.0000  VIRIAL  =         0.0000  VOLUME     =    334014.8354
                                                    Density    =         1.0305
 ------------------------------------------------------------------------------

wrapping first mol.:      -75.64471        0.00000        0.00000
wrapping first mol.:      -75.64471        0.00000        0.00000
wrapping first mol.:      -75.68320        0.00000        0.00000
wrapping first mol.:      -75.68320        0.00000        0.00000
wrapping first mol.:      -75.69899        0.00000        0.00000
wrapping first mol.:      -75.69899        0.00000        0.00000
wrapping first mol.:      -75.72297        0.00000        0.00000
wrapping first mol.:      -75.72297        0.00000        0.00000
wrapping first mol.:      -75.62321        0.00000        0.00000
wrapping first mol.:      -75.62321        0.00000        0.00000

 NSTEP =  5775000   TIME(PS) =   13250.000  TEMP(K) =   298.57  PRESS =     0.0
 Etot   =   -117141.1582  EKtot   =     20404.1641  EPtot      =   -137545.3222
 BOND   =       538.8647  ANGLE   =      1553.6536  DIHED      =      1008.8524
 UB     =         0.0000  IMP     =         0.0000  CMAP       =       139.2713
 1-4 NB =       639.7074  1-4 EEL =      5825.9633  VDWAALS    =     16175.6373
 EELEC  =   -163427.2724  EHBOND  =         0.0000  RESTRAINT  =         0.0000
 EKCMT  =         0.0000  VIRIAL  =         0.0000  VOLUME     =    332922.7978
                                                    Density    =         1.0339
 ------------------------------------------------------------------------------

wrapping first mol.:      -75.61163        0.00000        0.00000
wrapping first mol.:      -75.61163        0.00000        0.00000
wrapping first mol.:      -75.69068        0.00000        0.00000
wrapping first mol.:      -75.69068        0.00000        0.00000
wrapping first mol.:      -75.65024        0.00000        0.00000
wrapping first mol.:      -75.65024        0.00000        0.00000
wrapping first mol.:      -75.67828        0.00000        0.00000
wrapping first mol.:      -75.67828        0.00000        0.00000
wrapping first mol.:      -75.64498        0.00000        0.00000
wrapping first mol.:      -75.64498        0.00000        0.00000

 NSTEP =  5800000   TIME(PS) =   13300.000  TEMP(K) =   300.07  PRESS =     0.0
 Etot   =   -117237.1433  EKtot   =     20506.9609  EPtot      =   -137744.1042
 BOND   =       561.7156  ANGLE   =      1534.7877  DIHED      =      1003.1694
 UB     =         0.0000  IMP     =         0.0000  CMAP       =       130.5227
 1-4 NB =       642.9888  1-4 EEL =      5797.2704  VDWAALS    =     16494.7634
 EELEC  =   -163909.3223  EHBOND  =         0.0000  RESTRAINT  =         0.0000
 EKCMT  =         0.0000  VIRIAL  =         0.0000  VOLUME     =    333210.3600
                                                    Density    =         1.0330
 ------------------------------------------------------------------------------

wrapping first mol.:      -75.60373        0.00000        0.00000
wrapping first mol.:      -75.60373        0.00000        0.00000
wrapping first mol.:      -75.71053        0.00000        0.00000
wrapping first mol.:      -75.71053        0.00000        0.00000
wrapping first mol.:      -75.72899        0.00000        0.00000
wrapping first mol.:      -75.72899        0.00000        0.00000
wrapping first mol.:      -75.67865        0.00000        0.00000
wrapping first mol.:      -75.67865        0.00000        0.00000
wrapping first mol.:      -75.61483        0.00000        0.00000
wrapping first mol.:      -75.61483        0.00000        0.00000

 NSTEP =  5825000   TIME(PS) =   13350.000  TEMP(K) =   299.95  PRESS =     0.0
 Etot   =   -117200.2004  EKtot   =     20498.8730  EPtot      =   -137699.0734
 BOND   =       562.9981  ANGLE   =      1540.3145  DIHED      =       996.5290
 UB     =         0.0000  IMP     =         0.0000  CMAP       =       131.7429
 1-4 NB =       651.8938  1-4 EEL =      5774.7302  VDWAALS    =     16522.0094
 EELEC  =   -163879.2914  EHBOND  =         0.0000  RESTRAINT  =         0.0000
 EKCMT  =         0.0000  VIRIAL  =         0.0000  VOLUME     =    332812.0548
                                                    Density    =         1.0342
 ------------------------------------------------------------------------------

wrapping first mol.:      -75.63596        0.00000        0.00000
wrapping first mol.:      -75.63596        0.00000        0.00000
wrapping first mol.:      -75.68638        0.00000        0.00000
wrapping first mol.:      -75.68638        0.00000        0.00000
wrapping first mol.:      -75.65326        0.00000        0.00000
wrapping first mol.:      -75.65326        0.00000        0.00000
wrapping first mol.:      -75.67772        0.00000        0.00000
wrapping first mol.:      -75.67772        0.00000        0.00000
wrapping first mol.:      -75.70760        0.00000        0.00000
wrapping first mol.:      -75.70760        0.00000        0.00000

 NSTEP =  5850000   TIME(PS) =   13400.000  TEMP(K) =   300.74  PRESS =     0.0
 Etot   =   -116993.8517  EKtot   =     20553.0645  EPtot      =   -137546.9161
 BOND   =       544.6932  ANGLE   =      1500.6565  DIHED      =      1010.8856
 UB     =         0.0000  IMP     =         0.0000  CMAP       =       142.8171
 1-4 NB =       645.0787  1-4 EEL =      5794.6184  VDWAALS    =     16283.3920
 EELEC  =   -163469.0576  EHBOND  =         0.0000  RESTRAINT  =         0.0000
 EKCMT  =         0.0000  VIRIAL  =         0.0000  VOLUME     =    334038.6008
                                                    Density    =         1.0304
 ------------------------------------------------------------------------------

wrapping first mol.:      -75.67151        0.00000        0.00000
wrapping first mol.:      -75.67151        0.00000        0.00000
wrapping first mol.:      -75.72894        0.00000        0.00000
wrapping first mol.:      -75.72894        0.00000        0.00000
wrapping first mol.:      -75.69683        0.00000        0.00000
wrapping first mol.:      -75.69683        0.00000        0.00000
wrapping first mol.:      -75.73753        0.00000        0.00000
wrapping first mol.:      -75.73753        0.00000        0.00000
wrapping first mol.:      -75.65379        0.00000        0.00000
wrapping first mol.:      -75.65379        0.00000        0.00000

 NSTEP =  5875000   TIME(PS) =   13450.000  TEMP(K) =   303.20  PRESS =     0.0
 Etot   =   -116889.0381  EKtot   =     20720.6797  EPtot      =   -137609.7178
 BOND   =       593.4043  ANGLE   =      1501.1031  DIHED      =      1011.9145
 UB     =         0.0000  IMP     =         0.0000  CMAP       =       131.4520
 1-4 NB =       656.2349  1-4 EEL =      5738.8222  VDWAALS    =     16511.3110
 EELEC  =   -163753.9598  EHBOND  =         0.0000  RESTRAINT  =         0.0000
 EKCMT  =         0.0000  VIRIAL  =         0.0000  VOLUME     =    333326.8129
                                                    Density    =         1.0326
 ------------------------------------------------------------------------------

wrapping first mol.:      -75.63770        0.00000        0.00000
wrapping first mol.:      -75.63770        0.00000        0.00000
wrapping first mol.:      -75.74790        0.00000        0.00000
wrapping first mol.:      -75.74790        0.00000        0.00000
wrapping first mol.:      -75.58356        0.00000        0.00000
wrapping first mol.:      -75.58356        0.00000        0.00000
wrapping first mol.:      -75.56379        0.00000        0.00000
wrapping first mol.:      -75.56379        0.00000        0.00000
wrapping first mol.:      -75.68135        0.00000        0.00000
wrapping first mol.:      -75.68135        0.00000        0.00000

 NSTEP =  5900000   TIME(PS) =   13500.000  TEMP(K) =   298.97  PRESS =     0.0
 Etot   =   -117242.5998  EKtot   =     20431.8105  EPtot      =   -137674.4104
 BOND   =       577.9843  ANGLE   =      1476.6896  DIHED      =       976.9465
 UB     =         0.0000  IMP     =         0.0000  CMAP       =       133.8065
 1-4 NB =       643.7121  1-4 EEL =      5762.2902  VDWAALS    =     16242.5122
 EELEC  =   -163488.3517  EHBOND  =         0.0000  RESTRAINT  =         0.0000
 EKCMT  =         0.0000  VIRIAL  =         0.0000  VOLUME     =    333691.1564
                                                    Density    =         1.0315
 ------------------------------------------------------------------------------

wrapping first mol.:      -75.68871        0.00000        0.00000
wrapping first mol.:      -75.68871        0.00000        0.00000
wrapping first mol.:      -75.65937        0.00000        0.00000
wrapping first mol.:      -75.65937        0.00000        0.00000
wrapping first mol.:      -75.65033        0.00000        0.00000
wrapping first mol.:      -75.65033        0.00000        0.00000
wrapping first mol.:      -75.68640        0.00000        0.00000
wrapping first mol.:      -75.68640        0.00000        0.00000
wrapping first mol.:      -75.81262        0.00000        0.00000
wrapping first mol.:      -75.81262        0.00000        0.00000

 NSTEP =  5925000   TIME(PS) =   13550.000  TEMP(K) =   298.29  PRESS =     0.0
 Etot   =   -117110.6907  EKtot   =     20385.1953  EPtot      =   -137495.8861
 BOND   =       550.3774  ANGLE   =      1567.1948  DIHED      =      1006.7550
 UB     =         0.0000  IMP     =         0.0000  CMAP       =       135.6261
 1-4 NB =       633.1731  1-4 EEL =      5728.6882  VDWAALS    =     16205.9957
 EELEC  =   -163323.6964  EHBOND  =         0.0000  RESTRAINT  =         0.0000
 EKCMT  =         0.0000  VIRIAL  =         0.0000  VOLUME     =    335430.5716
                                                    Density    =         1.0261
 ------------------------------------------------------------------------------

wrapping first mol.:      -75.72538        0.00000        0.00000
wrapping first mol.:      -75.72538        0.00000        0.00000
wrapping first mol.:      -75.72740        0.00000        0.00000
wrapping first mol.:      -75.72740        0.00000        0.00000
wrapping first mol.:      -75.70001        0.00000        0.00000
wrapping first mol.:      -75.70001        0.00000        0.00000
wrapping first mol.:      -75.61002        0.00000        0.00000
wrapping first mol.:      -75.61002        0.00000        0.00000
wrapping first mol.:      -75.68274        0.00000        0.00000
wrapping first mol.:      -75.68274        0.00000        0.00000

 NSTEP =  5950000   TIME(PS) =   13600.000  TEMP(K) =   296.93  PRESS =     0.0
 Etot   =   -117192.2214  EKtot   =     20292.3340  EPtot      =   -137484.5554
 BOND   =       558.4067  ANGLE   =      1550.4440  DIHED      =       970.3828
 UB     =         0.0000  IMP     =         0.0000  CMAP       =       130.5214
 1-4 NB =       654.9765  1-4 EEL =      5787.3285  VDWAALS    =     16522.9770
 EELEC  =   -163659.5922  EHBOND  =         0.0000  RESTRAINT  =         0.0000
 EKCMT  =         0.0000  VIRIAL  =         0.0000  VOLUME     =    333709.6259
                                                    Density    =         1.0314
 ------------------------------------------------------------------------------

wrapping first mol.:      -75.56756        0.00000        0.00000
wrapping first mol.:      -75.56756        0.00000        0.00000
wrapping first mol.:      -75.71225        0.00000        0.00000
wrapping first mol.:      -75.71225        0.00000        0.00000
wrapping first mol.:      -75.68128        0.00000        0.00000
wrapping first mol.:      -75.68128        0.00000        0.00000
wrapping first mol.:      -75.69115        0.00000        0.00000
wrapping first mol.:      -75.69115        0.00000        0.00000
wrapping first mol.:      -75.71350        0.00000        0.00000
wrapping first mol.:      -75.71350        0.00000        0.00000

 NSTEP =  5975000   TIME(PS) =   13650.000  TEMP(K) =   301.92  PRESS =     0.0
 Etot   =   -117098.3627  EKtot   =     20633.5391  EPtot      =   -137731.9018
 BOND   =       596.7041  ANGLE   =      1513.6056  DIHED      =       988.9802
 UB     =         0.0000  IMP     =         0.0000  CMAP       =       144.5705
 1-4 NB =       645.3289  1-4 EEL =      5731.3894  VDWAALS    =     16470.8831
 EELEC  =   -163823.3637  EHBOND  =         0.0000  RESTRAINT  =         0.0000
 EKCMT  =         0.0000  VIRIAL  =         0.0000  VOLUME     =    334116.6368
                                                    Density    =         1.0302
 ------------------------------------------------------------------------------

wrapping first mol.:      -75.59474        0.00000        0.00000
wrapping first mol.:      -75.59474        0.00000        0.00000
wrapping first mol.:      -75.61301        0.00000        0.00000
wrapping first mol.:      -75.61301        0.00000        0.00000
wrapping first mol.:      -75.68340        0.00000        0.00000
wrapping first mol.:      -75.68340        0.00000        0.00000
wrapping first mol.:      -75.69711        0.00000        0.00000
wrapping first mol.:      -75.69711        0.00000        0.00000
wrapping first mol.:      -75.79192        0.00000        0.00000
wrapping first mol.:      -75.79192        0.00000        0.00000

 NSTEP =  6000000   TIME(PS) =   13700.000  TEMP(K) =   299.30  PRESS =     0.0
 Etot   =   -117019.6022  EKtot   =     20454.3652  EPtot      =   -137473.9675
 BOND   =       589.4823  ANGLE   =      1488.6580  DIHED      =       974.1416
 UB     =         0.0000  IMP     =         0.0000  CMAP       =       142.0096
 1-4 NB =       652.0053  1-4 EEL =      5751.4194  VDWAALS    =     16177.9265
 EELEC  =   -163249.6101  EHBOND  =         0.0000  RESTRAINT  =         0.0000
 EKCMT  =         0.0000  VIRIAL  =         0.0000  VOLUME     =    335155.8391
                                                    Density    =         1.0270
 ------------------------------------------------------------------------------

wrapping first mol.:      -75.64683        0.00000        0.00000
wrapping first mol.:      -75.64683        0.00000        0.00000
wrapping first mol.:      -75.65448        0.00000        0.00000
wrapping first mol.:      -75.65448        0.00000        0.00000
wrapping first mol.:      -75.70952        0.00000        0.00000
wrapping first mol.:      -75.70952        0.00000        0.00000
wrapping first mol.:      -75.66813        0.00000        0.00000
wrapping first mol.:      -75.66813        0.00000        0.00000
wrapping first mol.:      -75.65865        0.00000        0.00000
wrapping first mol.:      -75.65865        0.00000        0.00000

 NSTEP =  6025000   TIME(PS) =   13750.000  TEMP(K) =   299.44  PRESS =     0.0
 Etot   =   -117049.6602  EKtot   =     20463.5781  EPtot      =   -137513.2383
 BOND   =       582.1917  ANGLE   =      1508.2057  DIHED      =       983.5686
 UB     =         0.0000  IMP     =         0.0000  CMAP       =       138.3569
 1-4 NB =       632.1575  1-4 EEL =      5789.5442  VDWAALS    =     16342.1918
 EELEC  =   -163489.4546  EHBOND  =         0.0000  RESTRAINT  =         0.0000
 EKCMT  =         0.0000  VIRIAL  =         0.0000  VOLUME     =    333391.0307
                                                    Density    =         1.0324
 ------------------------------------------------------------------------------

wrapping first mol.:      -75.65456        0.00000        0.00000
wrapping first mol.:      -75.65456        0.00000        0.00000
wrapping first mol.:      -75.59232        0.00000        0.00000
wrapping first mol.:      -75.59232        0.00000        0.00000
wrapping first mol.:      -75.62951        0.00000        0.00000
wrapping first mol.:      -75.62951        0.00000        0.00000
wrapping first mol.:      -75.70162        0.00000        0.00000
wrapping first mol.:      -75.70162        0.00000        0.00000
wrapping first mol.:      -75.70833        0.00000        0.00000
wrapping first mol.:      -75.70833        0.00000        0.00000

 NSTEP =  6050000   TIME(PS) =   13800.000  TEMP(K) =   295.34  PRESS =     0.0
 Etot   =   -117730.0426  EKtot   =     20183.5059  EPtot      =   -137913.5485
 BOND   =       566.3975  ANGLE   =      1510.1627  DIHED      =       980.7393
 UB     =         0.0000  IMP     =         0.0000  CMAP       =       143.5489
 1-4 NB =       616.6576  1-4 EEL =      5783.8499  VDWAALS    =     16341.0503
 EELEC  =   -163855.9546  EHBOND  =         0.0000  RESTRAINT  =         0.0000
 EKCMT  =         0.0000  VIRIAL  =         0.0000  VOLUME     =    334048.1510
                                                    Density    =         1.0304
 ------------------------------------------------------------------------------

wrapping first mol.:      -75.64362        0.00000        0.00000
wrapping first mol.:      -75.64362        0.00000        0.00000
wrapping first mol.:      -75.70452        0.00000        0.00000
wrapping first mol.:      -75.70452        0.00000        0.00000
wrapping first mol.:      -75.67542        0.00000        0.00000
wrapping first mol.:      -75.67542        0.00000        0.00000
wrapping first mol.:      -75.69156        0.00000        0.00000
wrapping first mol.:      -75.69156        0.00000        0.00000
wrapping first mol.:      -75.73116        0.00000        0.00000
wrapping first mol.:      -75.73116        0.00000        0.00000

 NSTEP =  6075000   TIME(PS) =   13850.000  TEMP(K) =   303.23  PRESS =     0.0
 Etot   =   -116916.9445  EKtot   =     20723.1133  EPtot      =   -137640.0578
 BOND   =       529.5277  ANGLE   =      1521.4687  DIHED      =      1000.3977
 UB     =         0.0000  IMP     =         0.0000  CMAP       =       126.1577
 1-4 NB =       672.5272  1-4 EEL =      5831.6986  VDWAALS    =     16401.8784
 EELEC  =   -163723.7138  EHBOND  =         0.0000  RESTRAINT  =         0.0000
 EKCMT  =         0.0000  VIRIAL  =         0.0000  VOLUME     =    334350.4853
                                                    Density    =         1.0295
 ------------------------------------------------------------------------------

wrapping first mol.:      -75.69213        0.00000        0.00000
wrapping first mol.:      -75.69213        0.00000        0.00000
wrapping first mol.:      -75.68766        0.00000        0.00000
wrapping first mol.:      -75.68766        0.00000        0.00000
wrapping first mol.:      -75.62335        0.00000        0.00000
wrapping first mol.:      -75.62335        0.00000        0.00000
wrapping first mol.:      -75.61852        0.00000        0.00000
wrapping first mol.:      -75.61852        0.00000        0.00000
wrapping first mol.:      -75.64262        0.00000        0.00000
wrapping first mol.:      -75.64262        0.00000        0.00000

 NSTEP =  6100000   TIME(PS) =   13900.000  TEMP(K) =   298.20  PRESS =     0.0
 Etot   =   -117295.2517  EKtot   =     20379.1016  EPtot      =   -137674.3532
 BOND   =       541.8478  ANGLE   =      1545.2962  DIHED      =       998.7724
 UB     =         0.0000  IMP     =         0.0000  CMAP       =       144.6453
 1-4 NB =       631.1137  1-4 EEL =      5779.3537  VDWAALS    =     16515.3562
 EELEC  =   -163830.7384  EHBOND  =         0.0000  RESTRAINT  =         0.0000
 EKCMT  =         0.0000  VIRIAL  =         0.0000  VOLUME     =    333179.1005
                                                    Density    =         1.0331
 ------------------------------------------------------------------------------

wrapping first mol.:      -75.70452        0.00000        0.00000
wrapping first mol.:      -75.70452        0.00000        0.00000
wrapping first mol.:      -75.64629        0.00000        0.00000
wrapping first mol.:      -75.64629        0.00000        0.00000
wrapping first mol.:      -75.70438        0.00000        0.00000
wrapping first mol.:      -75.70438        0.00000        0.00000
wrapping first mol.:      -75.64023        0.00000        0.00000
wrapping first mol.:      -75.64023        0.00000        0.00000
wrapping first mol.:      -75.67461        0.00000        0.00000
wrapping first mol.:      -75.67461        0.00000        0.00000

 NSTEP =  6125000   TIME(PS) =   13950.000  TEMP(K) =   300.31  PRESS =     0.0
 Etot   =   -117084.2025  EKtot   =     20523.2480  EPtot      =   -137607.4505
 BOND   =       579.3257  ANGLE   =      1586.2776  DIHED      =      1002.1350
 UB     =         0.0000  IMP     =         0.0000  CMAP       =       149.8522
 1-4 NB =       622.3825  1-4 EEL =      5721.7691  VDWAALS    =     16792.4818
 EELEC  =   -164061.6744  EHBOND  =         0.0000  RESTRAINT  =         0.0000
 EKCMT  =         0.0000  VIRIAL  =         0.0000  VOLUME     =    333601.9846
                                                    Density    =         1.0318
 ------------------------------------------------------------------------------

wrapping first mol.:      -75.66528        0.00000        0.00000
wrapping first mol.:      -75.66528        0.00000        0.00000
wrapping first mol.:      -75.67259        0.00000        0.00000
wrapping first mol.:      -75.67259        0.00000        0.00000
wrapping first mol.:      -75.74340        0.00000        0.00000
wrapping first mol.:      -75.74340        0.00000        0.00000
wrapping first mol.:      -75.64987        0.00000        0.00000
wrapping first mol.:      -75.64987        0.00000        0.00000
wrapping first mol.:      -75.66515        0.00000        0.00000
wrapping first mol.:      -75.66515        0.00000        0.00000

 NSTEP =  6150000   TIME(PS) =   14000.000  TEMP(K) =   302.15  PRESS =     0.0
 Etot   =   -117142.6898  EKtot   =     20649.1328  EPtot      =   -137791.8226
 BOND   =       572.5860  ANGLE   =      1493.3358  DIHED      =      1000.9083
 UB     =         0.0000  IMP     =         0.0000  CMAP       =       133.2995
 1-4 NB =       638.0150  1-4 EEL =      5847.6195  VDWAALS    =     16213.1656
 EELEC  =   -163690.7524  EHBOND  =         0.0000  RESTRAINT  =         0.0000
 EKCMT  =         0.0000  VIRIAL  =         0.0000  VOLUME     =    333477.0037
                                                    Density    =         1.0322
 ------------------------------------------------------------------------------

wrapping first mol.:      -75.68178        0.00000        0.00000
wrapping first mol.:      -75.68178        0.00000        0.00000
wrapping first mol.:      -75.71205        0.00000        0.00000
wrapping first mol.:      -75.71205        0.00000        0.00000
wrapping first mol.:      -75.66984        0.00000        0.00000
wrapping first mol.:      -75.66984        0.00000        0.00000
wrapping first mol.:      -75.65116        0.00000        0.00000
wrapping first mol.:      -75.65116        0.00000        0.00000
wrapping first mol.:      -75.70137        0.00000        0.00000
wrapping first mol.:      -75.70137        0.00000        0.00000

 NSTEP =  6175000   TIME(PS) =   14050.000  TEMP(K) =   302.13  PRESS =     0.0
 Etot   =   -116989.9237  EKtot   =     20647.9043  EPtot      =   -137637.8280
 BOND   =       576.5792  ANGLE   =      1499.6909  DIHED      =      1025.3400
 UB     =         0.0000  IMP     =         0.0000  CMAP       =       126.0776
 1-4 NB =       652.7944  1-4 EEL =      5802.1994  VDWAALS    =     16123.4647
 EELEC  =   -163443.9742  EHBOND  =         0.0000  RESTRAINT  =         0.0000
 EKCMT  =         0.0000  VIRIAL  =         0.0000  VOLUME     =    333956.0750
                                                    Density    =         1.0307
 ------------------------------------------------------------------------------

wrapping first mol.:      -75.61877        0.00000        0.00000
wrapping first mol.:      -75.61877        0.00000        0.00000
wrapping first mol.:      -75.58957        0.00000        0.00000
wrapping first mol.:      -75.58957        0.00000        0.00000
wrapping first mol.:      -75.73701        0.00000        0.00000
wrapping first mol.:      -75.73701        0.00000        0.00000
wrapping first mol.:      -75.66608        0.00000        0.00000
wrapping first mol.:      -75.66608        0.00000        0.00000
wrapping first mol.:      -75.80070        0.00000        0.00000
wrapping first mol.:      -75.80070        0.00000        0.00000

 NSTEP =  6200000   TIME(PS) =   14100.000  TEMP(K) =   302.62  PRESS =     0.0
 Etot   =   -116982.5352  EKtot   =     20680.9785  EPtot      =   -137663.5138
 BOND   =       536.7248  ANGLE   =      1517.5256  DIHED      =       972.2711
 UB     =         0.0000  IMP     =         0.0000  CMAP       =       134.9676
 1-4 NB =       650.7765  1-4 EEL =      5835.5908  VDWAALS    =     16310.5689
 EELEC  =   -163621.9390  EHBOND  =         0.0000  RESTRAINT  =         0.0000
 EKCMT  =         0.0000  VIRIAL  =         0.0000  VOLUME     =    335272.3192
                                                    Density    =         1.0266
 ------------------------------------------------------------------------------

wrapping first mol.:      -75.78859        0.00000        0.00000
wrapping first mol.:      -75.78859        0.00000        0.00000
wrapping first mol.:      -75.64467        0.00000        0.00000
wrapping first mol.:      -75.64467        0.00000        0.00000
wrapping first mol.:      -75.78776        0.00000        0.00000
wrapping first mol.:      -75.78776        0.00000        0.00000
wrapping first mol.:      -75.71137        0.00000        0.00000
wrapping first mol.:      -75.71137        0.00000        0.00000
wrapping first mol.:      -75.71181        0.00000        0.00000
wrapping first mol.:      -75.71181        0.00000        0.00000

 NSTEP =  6225000   TIME(PS) =   14150.000  TEMP(K) =   300.11  PRESS =     0.0
 Etot   =   -116854.7374  EKtot   =     20509.6719  EPtot      =   -137364.4093
 BOND   =       542.4205  ANGLE   =      1492.1653  DIHED      =       975.9287
 UB     =         0.0000  IMP     =         0.0000  CMAP       =       137.3299
 1-4 NB =       654.2948  1-4 EEL =      5820.0783  VDWAALS    =     16038.8613
 EELEC  =   -163025.4881  EHBOND  =         0.0000  RESTRAINT  =         0.0000
 EKCMT  =         0.0000  VIRIAL  =         0.0000  VOLUME     =    334094.2303
                                                    Density    =         1.0303
 ------------------------------------------------------------------------------

wrapping first mol.:      -75.75908        0.00000        0.00000
wrapping first mol.:      -75.75908        0.00000        0.00000
wrapping first mol.:      -75.83080        0.00000        0.00000
wrapping first mol.:      -75.83080        0.00000        0.00000
wrapping first mol.:      -75.68763        0.00000        0.00000
wrapping first mol.:      -75.68763        0.00000        0.00000
wrapping first mol.:      -75.71530        0.00000        0.00000
wrapping first mol.:      -75.71530        0.00000        0.00000
wrapping first mol.:      -75.68983        0.00000        0.00000
wrapping first mol.:      -75.68983        0.00000        0.00000

 NSTEP =  6250000   TIME(PS) =   14200.000  TEMP(K) =   301.92  PRESS =     0.0
 Etot   =   -117012.8943  EKtot   =     20633.3750  EPtot      =   -137646.2693
 BOND   =       591.7671  ANGLE   =      1587.4638  DIHED      =       979.2516
 UB     =         0.0000  IMP     =         0.0000  CMAP       =       140.9523
 1-4 NB =       622.7289  1-4 EEL =      5771.9529  VDWAALS    =     16469.0354
 EELEC  =   -163809.4214  EHBOND  =         0.0000  RESTRAINT  =         0.0000
 EKCMT  =         0.0000  VIRIAL  =         0.0000  VOLUME     =    333803.3882
                                                    Density    =         1.0311
 ------------------------------------------------------------------------------

wrapping first mol.:      -75.60179        0.00000        0.00000
wrapping first mol.:      -75.60179        0.00000        0.00000
wrapping first mol.:      -75.69319        0.00000        0.00000
wrapping first mol.:      -75.69319        0.00000        0.00000
wrapping first mol.:      -75.70832        0.00000        0.00000
wrapping first mol.:      -75.70832        0.00000        0.00000
wrapping first mol.:      -75.64196        0.00000        0.00000
wrapping first mol.:      -75.64196        0.00000        0.00000
wrapping first mol.:      -75.65904        0.00000        0.00000
wrapping first mol.:      -75.65904        0.00000        0.00000

 NSTEP =  6275000   TIME(PS) =   14250.000  TEMP(K) =   299.71  PRESS =     0.0
 Etot   =   -117176.0819  EKtot   =     20482.2383  EPtot      =   -137658.3202
 BOND   =       544.7940  ANGLE   =      1494.0146  DIHED      =      1001.8856
 UB     =         0.0000  IMP     =         0.0000  CMAP       =       136.3640
 1-4 NB =       672.8192  1-4 EEL =      5837.4953  VDWAALS    =     16343.5859
 EELEC  =   -163689.2787  EHBOND  =         0.0000  RESTRAINT  =         0.0000
 EKCMT  =         0.0000  VIRIAL  =         0.0000  VOLUME     =    333396.2061
                                                    Density    =         1.0324
 ------------------------------------------------------------------------------

wrapping first mol.:      -75.64666        0.00000        0.00000
wrapping first mol.:      -75.64666        0.00000        0.00000
wrapping first mol.:      -75.66588        0.00000        0.00000
wrapping first mol.:      -75.66588        0.00000        0.00000
wrapping first mol.:      -75.61187        0.00000        0.00000
wrapping first mol.:      -75.61187        0.00000        0.00000
wrapping first mol.:      -75.50469        0.00000        0.00000
wrapping first mol.:      -75.50469        0.00000        0.00000
wrapping first mol.:      -75.60720        0.00000        0.00000
wrapping first mol.:      -75.60720        0.00000        0.00000

 NSTEP =  6300000   TIME(PS) =   14300.000  TEMP(K) =   295.79  PRESS =     0.0
 Etot   =   -117356.6777  EKtot   =     20214.7051  EPtot      =   -137571.3828
 BOND   =       577.1595  ANGLE   =      1455.7442  DIHED      =       984.9811
 UB     =         0.0000  IMP     =         0.0000  CMAP       =       137.8835
 1-4 NB =       667.7929  1-4 EEL =      5775.0587  VDWAALS    =     16314.1096
 EELEC  =   -163484.1125  EHBOND  =         0.0000  RESTRAINT  =         0.0000
 EKCMT  =         0.0000  VIRIAL  =         0.0000  VOLUME     =    332711.2872
                                                    Density    =         1.0345
 ------------------------------------------------------------------------------

wrapping first mol.:      -75.59049        0.00000        0.00000
wrapping first mol.:      -75.59049        0.00000        0.00000
wrapping first mol.:      -75.68113        0.00000        0.00000
wrapping first mol.:      -75.68113        0.00000        0.00000
wrapping first mol.:      -75.70256        0.00000        0.00000
wrapping first mol.:      -75.70256        0.00000        0.00000
wrapping first mol.:      -75.70541        0.00000        0.00000
wrapping first mol.:      -75.70541        0.00000        0.00000
wrapping first mol.:      -75.64139        0.00000        0.00000
wrapping first mol.:      -75.64139        0.00000        0.00000

 NSTEP =  6325000   TIME(PS) =   14350.000  TEMP(K) =   301.18  PRESS =     0.0
 Etot   =   -116867.6787  EKtot   =     20582.7480  EPtot      =   -137450.4268
 BOND   =       557.1830  ANGLE   =      1564.7314  DIHED      =      1003.3869
 UB     =         0.0000  IMP     =         0.0000  CMAP       =       138.7762
 1-4 NB =       654.8464  1-4 EEL =      5795.4134  VDWAALS    =     16561.9978
 EELEC  =   -163726.7617  EHBOND  =         0.0000  RESTRAINT  =         0.0000
 EKCMT  =         0.0000  VIRIAL  =         0.0000  VOLUME     =    333162.8529
                                                    Density    =         1.0331
 ------------------------------------------------------------------------------

wrapping first mol.:      -75.64424        0.00000        0.00000
wrapping first mol.:      -75.64424        0.00000        0.00000
wrapping first mol.:      -75.59037        0.00000        0.00000
wrapping first mol.:      -75.59037        0.00000        0.00000
wrapping first mol.:      -75.65147        0.00000        0.00000
wrapping first mol.:      -75.65147        0.00000        0.00000
wrapping first mol.:      -75.63931        0.00000        0.00000
wrapping first mol.:      -75.63931        0.00000        0.00000
wrapping first mol.:      -75.71754        0.00000        0.00000
wrapping first mol.:      -75.71754        0.00000        0.00000

 NSTEP =  6350000   TIME(PS) =   14400.000  TEMP(K) =   301.67  PRESS =     0.0
 Etot   =   -116802.2083  EKtot   =     20616.3965  EPtot      =   -137418.6048
 BOND   =       573.1056  ANGLE   =      1539.7493  DIHED      =      1021.3124
 UB     =         0.0000  IMP     =         0.0000  CMAP       =       135.2339
 1-4 NB =       657.5093  1-4 EEL =      5784.7727  VDWAALS    =     16105.4453
 EELEC  =   -163235.7334  EHBOND  =         0.0000  RESTRAINT  =         0.0000
 EKCMT  =         0.0000  VIRIAL  =         0.0000  VOLUME     =    334170.1681
                                                    Density    =         1.0300
 ------------------------------------------------------------------------------

wrapping first mol.:      -75.72561        0.00000        0.00000
wrapping first mol.:      -75.72561        0.00000        0.00000
wrapping first mol.:      -75.70339        0.00000        0.00000
wrapping first mol.:      -75.70339        0.00000        0.00000
wrapping first mol.:      -75.61087        0.00000        0.00000
wrapping first mol.:      -75.61087        0.00000        0.00000
wrapping first mol.:      -75.72719        0.00000        0.00000
wrapping first mol.:      -75.72719        0.00000        0.00000
wrapping first mol.:      -75.70879        0.00000        0.00000
wrapping first mol.:      -75.70879        0.00000        0.00000

 NSTEP =  6375000   TIME(PS) =   14450.000  TEMP(K) =   301.99  PRESS =     0.0
 Etot   =   -117006.2326  EKtot   =     20638.0605  EPtot      =   -137644.2931
 BOND   =       574.9315  ANGLE   =      1529.4892  DIHED      =       969.5063
 UB     =         0.0000  IMP     =         0.0000  CMAP       =       132.3751
 1-4 NB =       627.6013  1-4 EEL =      5810.4013  VDWAALS    =     16299.9749
 EELEC  =   -163588.5727  EHBOND  =         0.0000  RESTRAINT  =         0.0000
 EKCMT  =         0.0000  VIRIAL  =         0.0000  VOLUME     =    334054.2288
                                                    Density    =         1.0304
 ------------------------------------------------------------------------------

wrapping first mol.:      -75.73214        0.00000        0.00000
wrapping first mol.:      -75.73214        0.00000        0.00000
wrapping first mol.:      -75.68975        0.00000        0.00000
wrapping first mol.:      -75.68975        0.00000        0.00000
wrapping first mol.:      -75.63263        0.00000        0.00000
wrapping first mol.:      -75.63263        0.00000        0.00000
wrapping first mol.:      -75.70567        0.00000        0.00000
wrapping first mol.:      -75.70567        0.00000        0.00000
wrapping first mol.:      -75.68735        0.00000        0.00000
wrapping first mol.:      -75.68735        0.00000        0.00000

 NSTEP =  6400000   TIME(PS) =   14500.000  TEMP(K) =   300.98  PRESS =     0.0
 Etot   =   -117386.2444  EKtot   =     20569.3613  EPtot      =   -137955.6058
 BOND   =       552.4519  ANGLE   =      1492.8858  DIHED      =      1029.5830
 UB     =         0.0000  IMP     =         0.0000  CMAP       =       127.0707
 1-4 NB =       646.8551  1-4 EEL =      5832.4390  VDWAALS    =     16548.8378
 EELEC  =   -164185.7290  EHBOND  =         0.0000  RESTRAINT  =         0.0000
 EKCMT  =         0.0000  VIRIAL  =         0.0000  VOLUME     =    333770.5292
                                                    Density    =         1.0313
 ------------------------------------------------------------------------------

wrapping first mol.:      -75.79508        0.00000        0.00000
wrapping first mol.:      -75.79508        0.00000        0.00000
wrapping first mol.:      -75.76774        0.00000        0.00000
wrapping first mol.:      -75.76774        0.00000        0.00000
wrapping first mol.:      -75.64692        0.00000        0.00000
wrapping first mol.:      -75.64692        0.00000        0.00000
wrapping first mol.:      -75.63486        0.00000        0.00000
wrapping first mol.:      -75.63486        0.00000        0.00000
wrapping first mol.:      -75.62138        0.00000        0.00000
wrapping first mol.:      -75.62138        0.00000        0.00000

 NSTEP =  6425000   TIME(PS) =   14550.000  TEMP(K) =   299.02  PRESS =     0.0
 Etot   =   -117092.4555  EKtot   =     20435.2637  EPtot      =   -137527.7192
 BOND   =       583.6780  ANGLE   =      1457.7795  DIHED      =      1024.8119
 UB     =         0.0000  IMP     =         0.0000  CMAP       =       133.4673
 1-4 NB =       642.0434  1-4 EEL =      5854.2524  VDWAALS    =     16605.0716
 EELEC  =   -163828.8234  EHBOND  =         0.0000  RESTRAINT  =         0.0000
 EKCMT  =         0.0000  VIRIAL  =         0.0000  VOLUME     =    332898.5718
                                                    Density    =         1.0340
 ------------------------------------------------------------------------------

wrapping first mol.:      -75.69786        0.00000        0.00000
wrapping first mol.:      -75.69786        0.00000        0.00000
wrapping first mol.:      -75.63969        0.00000        0.00000
wrapping first mol.:      -75.63969        0.00000        0.00000
wrapping first mol.:      -75.57456        0.00000        0.00000
wrapping first mol.:      -75.57456        0.00000        0.00000
wrapping first mol.:      -75.74641        0.00000        0.00000
wrapping first mol.:      -75.74641        0.00000        0.00000
wrapping first mol.:      -75.69075        0.00000        0.00000
wrapping first mol.:      -75.69075        0.00000        0.00000

 NSTEP =  6450000   TIME(PS) =   14600.000  TEMP(K) =   299.53  PRESS =     0.0
 Etot   =   -117061.9350  EKtot   =     20470.1680  EPtot      =   -137532.1030
 BOND   =       565.1066  ANGLE   =      1500.6038  DIHED      =      1004.8365
 UB     =         0.0000  IMP     =         0.0000  CMAP       =       135.5617
 1-4 NB =       653.3410  1-4 EEL =      5896.8205  VDWAALS    =     16216.6524
 EELEC  =   -163505.0254  EHBOND  =         0.0000  RESTRAINT  =         0.0000
 EKCMT  =         0.0000  VIRIAL  =         0.0000  VOLUME     =    333815.5858
                                                    Density    =         1.0311
 ------------------------------------------------------------------------------

wrapping first mol.:      -75.69262        0.00000        0.00000
wrapping first mol.:      -75.69262        0.00000        0.00000
wrapping first mol.:      -75.69877        0.00000        0.00000
wrapping first mol.:      -75.69877        0.00000        0.00000
wrapping first mol.:      -75.64248        0.00000        0.00000
wrapping first mol.:      -75.64248        0.00000        0.00000
wrapping first mol.:      -75.76481        0.00000        0.00000
wrapping first mol.:      -75.76481        0.00000        0.00000
wrapping first mol.:      -75.75462        0.00000        0.00000
wrapping first mol.:      -75.75462        0.00000        0.00000

 NSTEP =  6475000   TIME(PS) =   14650.000  TEMP(K) =   298.39  PRESS =     0.0
 Etot   =   -117390.0057  EKtot   =     20391.9961  EPtot      =   -137782.0018
 BOND   =       552.2994  ANGLE   =      1492.5430  DIHED      =      1031.1544
 UB     =         0.0000  IMP     =         0.0000  CMAP       =       132.3108
 1-4 NB =       654.5263  1-4 EEL =      5879.9063  VDWAALS    =     16668.8840
 EELEC  =   -164193.6260  EHBOND  =         0.0000  RESTRAINT  =         0.0000
 EKCMT  =         0.0000  VIRIAL  =         0.0000  VOLUME     =    334661.2611
                                                    Density    =         1.0285
 ------------------------------------------------------------------------------

wrapping first mol.:      -75.68353        0.00000        0.00000
wrapping first mol.:      -75.68353        0.00000        0.00000
wrapping first mol.:      -75.69322        0.00000        0.00000
wrapping first mol.:      -75.69322        0.00000        0.00000
wrapping first mol.:      -75.67726        0.00000        0.00000
wrapping first mol.:      -75.67726        0.00000        0.00000
wrapping first mol.:      -75.68070        0.00000        0.00000
wrapping first mol.:      -75.68070        0.00000        0.00000
wrapping first mol.:      -75.62524        0.00000        0.00000
wrapping first mol.:      -75.62524        0.00000        0.00000

 NSTEP =  6500000   TIME(PS) =   14700.000  TEMP(K) =   298.37  PRESS =     0.0
 Etot   =   -117434.7866  EKtot   =     20390.5918  EPtot      =   -137825.3784
 BOND   =       553.9968  ANGLE   =      1513.1139  DIHED      =       986.3804
 UB     =         0.0000  IMP     =         0.0000  CMAP       =       132.8931
 1-4 NB =       629.5345  1-4 EEL =      5886.9129  VDWAALS    =     16652.2081
 EELEC  =   -164180.4181  EHBOND  =         0.0000  RESTRAINT  =         0.0000
 EKCMT  =         0.0000  VIRIAL  =         0.0000  VOLUME     =    332949.5188
                                                    Density    =         1.0338
 ------------------------------------------------------------------------------

wrapping first mol.:      -75.65185        0.00000        0.00000
wrapping first mol.:      -75.65185        0.00000        0.00000
wrapping first mol.:      -75.64462        0.00000        0.00000
wrapping first mol.:      -75.64462        0.00000        0.00000
wrapping first mol.:      -75.74452        0.00000        0.00000
wrapping first mol.:      -75.74452        0.00000        0.00000
wrapping first mol.:      -75.66905        0.00000        0.00000
wrapping first mol.:      -75.66905        0.00000        0.00000
wrapping first mol.:      -75.68795        0.00000        0.00000
wrapping first mol.:      -75.68795        0.00000        0.00000

 NSTEP =  6525000   TIME(PS) =   14750.000  TEMP(K) =   300.67  PRESS =     0.0
 Etot   =   -117098.4108  EKtot   =     20547.6270  EPtot      =   -137646.0378
 BOND   =       553.9483  ANGLE   =      1567.9338  DIHED      =       961.0101
 UB     =         0.0000  IMP     =         0.0000  CMAP       =       135.8072
 1-4 NB =       637.7925  1-4 EEL =      5846.4769  VDWAALS    =     16674.0540
 EELEC  =   -164023.0606  EHBOND  =         0.0000  RESTRAINT  =         0.0000
 EKCMT  =         0.0000  VIRIAL  =         0.0000  VOLUME     =    333778.5146
                                                    Density    =         1.0312
 ------------------------------------------------------------------------------

wrapping first mol.:      -75.78226        0.00000        0.00000
wrapping first mol.:      -75.78226        0.00000        0.00000
wrapping first mol.:      -75.71504        0.00000        0.00000
wrapping first mol.:      -75.71504        0.00000        0.00000
wrapping first mol.:      -75.66972        0.00000        0.00000
wrapping first mol.:      -75.66972        0.00000        0.00000
wrapping first mol.:      -75.73550        0.00000        0.00000
wrapping first mol.:      -75.73550        0.00000        0.00000
wrapping first mol.:      -75.70705        0.00000        0.00000
wrapping first mol.:      -75.70705        0.00000        0.00000

 NSTEP =  6550000   TIME(PS) =   14800.000  TEMP(K) =   303.10  PRESS =     0.0
 Etot   =   -116956.1609  EKtot   =     20714.2363  EPtot      =   -137670.3972
 BOND   =       581.1972  ANGLE   =      1551.3362  DIHED      =       973.8484
 UB     =         0.0000  IMP     =         0.0000  CMAP       =       136.0438
 1-4 NB =       647.4838  1-4 EEL =      5864.0104  VDWAALS    =     16362.4258
 EELEC  =   -163786.7429  EHBOND  =         0.0000  RESTRAINT  =         0.0000
 EKCMT  =         0.0000  VIRIAL  =         0.0000  VOLUME     =    334031.2082
                                                    Density    =         1.0304
 ------------------------------------------------------------------------------

wrapping first mol.:      -75.68928        0.00000        0.00000
wrapping first mol.:      -75.68928        0.00000        0.00000
wrapping first mol.:      -75.67263        0.00000        0.00000
wrapping first mol.:      -75.67263        0.00000        0.00000
wrapping first mol.:      -75.64143        0.00000        0.00000
wrapping first mol.:      -75.64143        0.00000        0.00000
wrapping first mol.:      -75.74163        0.00000        0.00000
wrapping first mol.:      -75.74163        0.00000        0.00000
wrapping first mol.:      -75.65467        0.00000        0.00000
wrapping first mol.:      -75.65467        0.00000        0.00000

 NSTEP =  6575000   TIME(PS) =   14850.000  TEMP(K) =   298.67  PRESS =     0.0
 Etot   =   -116858.8574  EKtot   =     20410.9805  EPtot      =   -137269.8379
 BOND   =       539.0571  ANGLE   =      1484.6631  DIHED      =      1027.7119
 UB     =         0.0000  IMP     =         0.0000  CMAP       =       143.1466
 1-4 NB =       636.5353  1-4 EEL =      5871.9757  VDWAALS    =     16042.1441
 EELEC  =   -163015.0718  EHBOND  =         0.0000  RESTRAINT  =         0.0000
 EKCMT  =         0.0000  VIRIAL  =         0.0000  VOLUME     =    333338.4439
                                                    Density    =         1.0326
 ------------------------------------------------------------------------------

wrapping first mol.:      -75.63429        0.00000        0.00000
wrapping first mol.:      -75.63429        0.00000        0.00000
wrapping first mol.:      -75.68086        0.00000        0.00000
wrapping first mol.:      -75.68086        0.00000        0.00000
wrapping first mol.:      -75.59539        0.00000        0.00000
wrapping first mol.:      -75.59539        0.00000        0.00000
wrapping first mol.:      -75.79765        0.00000        0.00000
wrapping first mol.:      -75.79765        0.00000        0.00000
wrapping first mol.:      -75.69079        0.00000        0.00000
wrapping first mol.:      -75.69079        0.00000        0.00000

 NSTEP =  6600000   TIME(PS) =   14900.000  TEMP(K) =   301.83  PRESS =     0.0
 Etot   =   -117235.8850  EKtot   =     20627.2246  EPtot      =   -137863.1096
 BOND   =       555.5003  ANGLE   =      1513.4390  DIHED      =      1005.7611
 UB     =         0.0000  IMP     =         0.0000  CMAP       =       131.6197
 1-4 NB =       637.1163  1-4 EEL =      5878.5317  VDWAALS    =     16701.9825
 EELEC  =   -164287.0603  EHBOND  =         0.0000  RESTRAINT  =         0.0000
 EKCMT  =         0.0000  VIRIAL  =         0.0000  VOLUME     =    333816.0908
                                                    Density    =         1.0311
 ------------------------------------------------------------------------------

wrapping first mol.:      -75.67177        0.00000        0.00000
wrapping first mol.:      -75.67177        0.00000        0.00000
wrapping first mol.:      -75.72494        0.00000        0.00000
wrapping first mol.:      -75.72494        0.00000        0.00000
wrapping first mol.:      -75.65588        0.00000        0.00000
wrapping first mol.:      -75.65588        0.00000        0.00000
wrapping first mol.:      -75.62190        0.00000        0.00000
wrapping first mol.:      -75.62190        0.00000        0.00000
wrapping first mol.:      -75.61984        0.00000        0.00000
wrapping first mol.:      -75.61984        0.00000        0.00000

 NSTEP =  6625000   TIME(PS) =   14950.000  TEMP(K) =   295.70  PRESS =     0.0
 Etot   =   -117503.8006  EKtot   =     20208.5449  EPtot      =   -137712.3456
 BOND   =       547.5662  ANGLE   =      1539.0746  DIHED      =       989.3907
 UB     =         0.0000  IMP     =         0.0000  CMAP       =       134.3838
 1-4 NB =       640.6827  1-4 EEL =      5876.9841  VDWAALS    =     16000.4480
 EELEC  =   -163440.8756  EHBOND  =         0.0000  RESTRAINT  =         0.0000
 EKCMT  =         0.0000  VIRIAL  =         0.0000  VOLUME     =    332878.2313
                                                    Density    =         1.0340
 ------------------------------------------------------------------------------

wrapping first mol.:      -75.61983        0.00000        0.00000
wrapping first mol.:      -75.61983        0.00000        0.00000
wrapping first mol.:      -75.72083        0.00000        0.00000
wrapping first mol.:      -75.72083        0.00000        0.00000
wrapping first mol.:      -75.63530        0.00000        0.00000
wrapping first mol.:      -75.63530        0.00000        0.00000
wrapping first mol.:      -75.62355        0.00000        0.00000
wrapping first mol.:      -75.62355        0.00000        0.00000
wrapping first mol.:      -75.71622        0.00000        0.00000
wrapping first mol.:      -75.71622        0.00000        0.00000

 NSTEP =  6650000   TIME(PS) =   15000.000  TEMP(K) =   299.99  PRESS =     0.0
 Etot   =   -117114.5827  EKtot   =     20501.2676  EPtot      =   -137615.8503
 BOND   =       583.2527  ANGLE   =      1544.7849  DIHED      =       975.3498
 UB     =         0.0000  IMP     =         0.0000  CMAP       =       137.6272
 1-4 NB =       635.1282  1-4 EEL =      5911.9606  VDWAALS    =     16358.5082
 EELEC  =   -163762.4618  EHBOND  =         0.0000  RESTRAINT  =         0.0000
 EKCMT  =         0.0000  VIRIAL  =         0.0000  VOLUME     =    334152.5959
                                                    Density    =         1.0301
 ------------------------------------------------------------------------------

wrapping first mol.:      -75.71569        0.00000        0.00000
wrapping first mol.:      -75.71569        0.00000        0.00000
wrapping first mol.:      -75.71230        0.00000        0.00000
wrapping first mol.:      -75.71230        0.00000        0.00000
wrapping first mol.:      -75.69741        0.00000        0.00000
wrapping first mol.:      -75.69741        0.00000        0.00000
wrapping first mol.:      -75.71594        0.00000        0.00000
wrapping first mol.:      -75.71594        0.00000        0.00000
wrapping first mol.:      -75.69333        0.00000        0.00000
wrapping first mol.:      -75.69333        0.00000        0.00000

 NSTEP =  6675000   TIME(PS) =   15050.000  TEMP(K) =   299.58  PRESS =     0.0
 Etot   =   -116972.7442  EKtot   =     20473.5254  EPtot      =   -137446.2696
 BOND   =       601.0069  ANGLE   =      1523.7900  DIHED      =      1006.2371
 UB     =         0.0000  IMP     =         0.0000  CMAP       =       140.5324
 1-4 NB =       627.7912  1-4 EEL =      5826.6264  VDWAALS    =     15860.0442
 EELEC  =   -163032.2978  EHBOND  =         0.0000  RESTRAINT  =         0.0000
 EKCMT  =         0.0000  VIRIAL  =         0.0000  VOLUME     =    333849.6379
                                                    Density    =         1.0310
 ------------------------------------------------------------------------------

wrapping first mol.:      -75.64930        0.00000        0.00000
wrapping first mol.:      -75.64930        0.00000        0.00000
wrapping first mol.:      -75.63799        0.00000        0.00000
wrapping first mol.:      -75.63799        0.00000        0.00000
wrapping first mol.:      -75.61586        0.00000        0.00000
wrapping first mol.:      -75.61586        0.00000        0.00000
wrapping first mol.:      -75.73565        0.00000        0.00000
wrapping first mol.:      -75.73565        0.00000        0.00000
wrapping first mol.:      -75.75396        0.00000        0.00000
wrapping first mol.:      -75.75396        0.00000        0.00000

 NSTEP =  6700000   TIME(PS) =   15100.000  TEMP(K) =   301.85  PRESS =     0.0
 Etot   =   -117103.0513  EKtot   =     20628.8730  EPtot      =   -137731.9244
 BOND   =       582.3186  ANGLE   =      1538.4612  DIHED      =      1001.4369
 UB     =         0.0000  IMP     =         0.0000  CMAP       =       137.4174
 1-4 NB =       647.3979  1-4 EEL =      5860.0425  VDWAALS    =     16620.5574
 EELEC  =   -164119.5563  EHBOND  =         0.0000  RESTRAINT  =         0.0000
 EKCMT  =         0.0000  VIRIAL  =         0.0000  VOLUME     =    334652.5499
                                                    Density    =         1.0285
 ------------------------------------------------------------------------------

wrapping first mol.:      -75.72426        0.00000        0.00000
wrapping first mol.:      -75.72426        0.00000        0.00000
wrapping first mol.:      -75.70362        0.00000        0.00000
wrapping first mol.:      -75.70362        0.00000        0.00000
wrapping first mol.:      -75.61957        0.00000        0.00000
wrapping first mol.:      -75.61957        0.00000        0.00000
wrapping first mol.:      -75.70977        0.00000        0.00000
wrapping first mol.:      -75.70977        0.00000        0.00000
wrapping first mol.:      -75.64781        0.00000        0.00000
wrapping first mol.:      -75.64781        0.00000        0.00000

 NSTEP =  6725000   TIME(PS) =   15150.000  TEMP(K) =   298.93  PRESS =     0.0
 Etot   =   -117605.7982  EKtot   =     20429.2051  EPtot      =   -138035.0033
 BOND   =       600.7898  ANGLE   =      1525.3527  DIHED      =      1005.6413
 UB     =         0.0000  IMP     =         0.0000  CMAP       =       134.4765
 1-4 NB =       625.6509  1-4 EEL =      5830.7398  VDWAALS    =     16527.8829
 EELEC  =   -164285.5372  EHBOND  =         0.0000  RESTRAINT  =         0.0000
 EKCMT  =         0.0000  VIRIAL  =         0.0000  VOLUME     =    333247.7725
                                                    Density    =         1.0329
 ------------------------------------------------------------------------------

wrapping first mol.:      -75.66454        0.00000        0.00000
wrapping first mol.:      -75.66454        0.00000        0.00000
wrapping first mol.:      -75.75238        0.00000        0.00000
wrapping first mol.:      -75.75238        0.00000        0.00000
wrapping first mol.:      -75.66528        0.00000        0.00000
wrapping first mol.:      -75.66528        0.00000        0.00000
wrapping first mol.:      -75.68387        0.00000        0.00000
wrapping first mol.:      -75.68387        0.00000        0.00000
wrapping first mol.:      -75.71104        0.00000        0.00000
wrapping first mol.:      -75.71104        0.00000        0.00000

 NSTEP =  6750000   TIME(PS) =   15200.000  TEMP(K) =   298.44  PRESS =     0.0
 Etot   =   -117161.4346  EKtot   =     20395.8047  EPtot      =   -137557.2393
 BOND   =       573.0812  ANGLE   =      1518.8830  DIHED      =       982.7923
 UB     =         0.0000  IMP     =         0.0000  CMAP       =       140.2930
 1-4 NB =       651.9644  1-4 EEL =      5867.2077  VDWAALS    =     16254.9338
 EELEC  =   -163546.3946  EHBOND  =         0.0000  RESTRAINT  =         0.0000
 EKCMT  =         0.0000  VIRIAL  =         0.0000  VOLUME     =    334084.1365
                                                    Density    =         1.0303
 ------------------------------------------------------------------------------

wrapping first mol.:      -75.67500        0.00000        0.00000
wrapping first mol.:      -75.67500        0.00000        0.00000
wrapping first mol.:      -75.73514        0.00000        0.00000
wrapping first mol.:      -75.73514        0.00000        0.00000
wrapping first mol.:      -75.73729        0.00000        0.00000
wrapping first mol.:      -75.73729        0.00000        0.00000
wrapping first mol.:      -75.61996        0.00000        0.00000
wrapping first mol.:      -75.61996        0.00000        0.00000
wrapping first mol.:      -75.63955        0.00000        0.00000
wrapping first mol.:      -75.63955        0.00000        0.00000

 NSTEP =  6775000   TIME(PS) =   15250.000  TEMP(K) =   298.54  PRESS =     0.0
 Etot   =   -117363.5839  EKtot   =     20402.3613  EPtot      =   -137765.9452
 BOND   =       560.1956  ANGLE   =      1486.7359  DIHED      =      1008.3601
 UB     =         0.0000  IMP     =         0.0000  CMAP       =       144.6209
 1-4 NB =       635.4931  1-4 EEL =      5866.5115  VDWAALS    =     16180.9279
 EELEC  =   -163648.7901  EHBOND  =         0.0000  RESTRAINT  =         0.0000
 EKCMT  =         0.0000  VIRIAL  =         0.0000  VOLUME     =    333138.5536
                                                    Density    =         1.0332
 ------------------------------------------------------------------------------

wrapping first mol.:      -75.58451        0.00000        0.00000
wrapping first mol.:      -75.58451        0.00000        0.00000
wrapping first mol.:      -75.64402        0.00000        0.00000
wrapping first mol.:      -75.64402        0.00000        0.00000
wrapping first mol.:      -75.71678        0.00000        0.00000
wrapping first mol.:      -75.71678        0.00000        0.00000
wrapping first mol.:      -75.70713        0.00000        0.00000
wrapping first mol.:      -75.70713        0.00000        0.00000
wrapping first mol.:      -75.59578        0.00000        0.00000
wrapping first mol.:      -75.59578        0.00000        0.00000

 NSTEP =  6800000   TIME(PS) =   15300.000  TEMP(K) =   300.71  PRESS =     0.0
 Etot   =   -117221.6705  EKtot   =     20550.8984  EPtot      =   -137772.5690
 BOND   =       515.4912  ANGLE   =      1534.6234  DIHED      =       996.2765
 UB     =         0.0000  IMP     =         0.0000  CMAP       =       138.6807
 1-4 NB =       648.8781  1-4 EEL =      5928.9829  VDWAALS    =     16666.3738
 EELEC  =   -164201.8756  EHBOND  =         0.0000  RESTRAINT  =         0.0000
 EKCMT  =         0.0000  VIRIAL  =         0.0000  VOLUME     =    332560.6050
                                                    Density    =         1.0350
 ------------------------------------------------------------------------------

wrapping first mol.:      -75.65142        0.00000        0.00000
wrapping first mol.:      -75.65142        0.00000        0.00000
wrapping first mol.:      -75.54396        0.00000        0.00000
wrapping first mol.:      -75.54396        0.00000        0.00000
wrapping first mol.:      -75.64943        0.00000        0.00000
wrapping first mol.:      -75.64943        0.00000        0.00000
wrapping first mol.:      -75.64522        0.00000        0.00000
wrapping first mol.:      -75.64522        0.00000        0.00000
wrapping first mol.:      -75.69380        0.00000        0.00000
wrapping first mol.:      -75.69380        0.00000        0.00000

 NSTEP =  6825000   TIME(PS) =   15350.000  TEMP(K) =   298.94  PRESS =     0.0
 Etot   =   -117408.1880  EKtot   =     20429.4531  EPtot      =   -137837.6411
 BOND   =       558.0818  ANGLE   =      1464.1550  DIHED      =      1040.8426
 UB     =         0.0000  IMP     =         0.0000  CMAP       =       144.2605
 1-4 NB =       648.0671  1-4 EEL =      5922.7155  VDWAALS    =     16320.9425
 EELEC  =   -163936.7061  EHBOND  =         0.0000  RESTRAINT  =         0.0000
 EKCMT  =         0.0000  VIRIAL  =         0.0000  VOLUME     =    333855.9368
                                                    Density    =         1.0310
 ------------------------------------------------------------------------------

wrapping first mol.:      -75.81765        0.00000        0.00000
wrapping first mol.:      -75.81765        0.00000        0.00000
wrapping first mol.:      -75.71436        0.00000        0.00000
wrapping first mol.:      -75.71436        0.00000        0.00000
wrapping first mol.:      -75.65758        0.00000        0.00000
wrapping first mol.:      -75.65758        0.00000        0.00000
wrapping first mol.:      -75.64338        0.00000        0.00000
wrapping first mol.:      -75.64338        0.00000        0.00000
wrapping first mol.:      -75.70717        0.00000        0.00000
wrapping first mol.:      -75.70717        0.00000        0.00000

 NSTEP =  6850000   TIME(PS) =   15400.000  TEMP(K) =   299.75  PRESS =     0.0
 Etot   =   -117171.9388  EKtot   =     20484.8750  EPtot      =   -137656.8138
 BOND   =       564.6903  ANGLE   =      1520.1093  DIHED      =      1000.5834
 UB     =         0.0000  IMP     =         0.0000  CMAP       =       128.3440
 1-4 NB =       663.4146  1-4 EEL =      5890.7819  VDWAALS    =     16695.0391
 EELEC  =   -164119.7765  EHBOND  =         0.0000  RESTRAINT  =         0.0000
 EKCMT  =         0.0000  VIRIAL  =         0.0000  VOLUME     =    334032.8296
                                                    Density    =         1.0304
 ------------------------------------------------------------------------------

wrapping first mol.:      -75.80290        0.00000        0.00000
wrapping first mol.:      -75.80290        0.00000        0.00000
wrapping first mol.:      -75.67172        0.00000        0.00000
wrapping first mol.:      -75.67172        0.00000        0.00000
wrapping first mol.:      -75.63480        0.00000        0.00000
wrapping first mol.:      -75.63480        0.00000        0.00000
wrapping first mol.:      -75.69713        0.00000        0.00000
wrapping first mol.:      -75.69713        0.00000        0.00000
wrapping first mol.:      -75.69916        0.00000        0.00000
wrapping first mol.:      -75.69916        0.00000        0.00000

 NSTEP =  6875000   TIME(PS) =   15450.000  TEMP(K) =   298.71  PRESS =     0.0
 Etot   =   -117474.8764  EKtot   =     20413.8613  EPtot      =   -137888.7377
 BOND   =       551.8102  ANGLE   =      1536.6738  DIHED      =      1044.7661
 UB     =         0.0000  IMP     =         0.0000  CMAP       =       132.9336
 1-4 NB =       641.3093  1-4 EEL =      5879.3798  VDWAALS    =     16317.7945
 EELEC  =   -163993.4050  EHBOND  =         0.0000  RESTRAINT  =         0.0000
 EKCMT  =         0.0000  VIRIAL  =         0.0000  VOLUME     =    333926.8247
                                                    Density    =         1.0308
 ------------------------------------------------------------------------------

wrapping first mol.:      -75.60073        0.00000        0.00000
wrapping first mol.:      -75.60073        0.00000        0.00000
wrapping first mol.:      -75.65894        0.00000        0.00000
wrapping first mol.:      -75.65894        0.00000        0.00000
wrapping first mol.:      -75.72152        0.00000        0.00000
wrapping first mol.:      -75.72152        0.00000        0.00000
wrapping first mol.:      -75.70719        0.00000        0.00000
wrapping first mol.:      -75.70719        0.00000        0.00000
wrapping first mol.:      -75.76924        0.00000        0.00000
wrapping first mol.:      -75.76924        0.00000        0.00000

 NSTEP =  6900000   TIME(PS) =   15500.000  TEMP(K) =   302.01  PRESS =     0.0
 Etot   =   -117037.1060  EKtot   =     20639.7461  EPtot      =   -137676.8521
 BOND   =       545.3973  ANGLE   =      1535.0769  DIHED      =      1029.3671
 UB     =         0.0000  IMP     =         0.0000  CMAP       =       143.5007
 1-4 NB =       638.0823  1-4 EEL =      5881.9348  VDWAALS    =     16400.1544
 EELEC  =   -163850.3656  EHBOND  =         0.0000  RESTRAINT  =         0.0000
 EKCMT  =         0.0000  VIRIAL  =         0.0000  VOLUME     =    334855.0992
                                                    Density    =         1.0279
 ------------------------------------------------------------------------------

wrapping first mol.:      -75.64451        0.00000        0.00000
wrapping first mol.:      -75.64451        0.00000        0.00000
wrapping first mol.:      -75.65289        0.00000        0.00000
wrapping first mol.:      -75.65289        0.00000        0.00000
wrapping first mol.:      -75.66782        0.00000        0.00000
wrapping first mol.:      -75.66782        0.00000        0.00000
wrapping first mol.:      -75.72811        0.00000        0.00000
wrapping first mol.:      -75.72811        0.00000        0.00000
wrapping first mol.:      -75.70121        0.00000        0.00000
wrapping first mol.:      -75.70121        0.00000        0.00000

 NSTEP =  6925000   TIME(PS) =   15550.000  TEMP(K) =   300.68  PRESS =     0.0
 Etot   =   -117172.4113  EKtot   =     20548.4707  EPtot      =   -137720.8820
 BOND   =       584.6670  ANGLE   =      1554.1940  DIHED      =       998.3276
 UB     =         0.0000  IMP     =         0.0000  CMAP       =       130.7504
 1-4 NB =       634.2066  1-4 EEL =      5840.6135  VDWAALS    =     16554.6846
 EELEC  =   -164018.3256  EHBOND  =         0.0000  RESTRAINT  =         0.0000
 EKCMT  =         0.0000  VIRIAL  =         0.0000  VOLUME     =    333953.9691
                                                    Density    =         1.0307
 ------------------------------------------------------------------------------

wrapping first mol.:      -75.76822        0.00000        0.00000
wrapping first mol.:      -75.76822        0.00000        0.00000
wrapping first mol.:      -75.68956        0.00000        0.00000
wrapping first mol.:      -75.68956        0.00000        0.00000
wrapping first mol.:      -75.76447        0.00000        0.00000
wrapping first mol.:      -75.76447        0.00000        0.00000
wrapping first mol.:      -75.58909        0.00000        0.00000
wrapping first mol.:      -75.58909        0.00000        0.00000
wrapping first mol.:      -75.57277        0.00000        0.00000
wrapping first mol.:      -75.57277        0.00000        0.00000

 NSTEP =  6950000   TIME(PS) =   15600.000  TEMP(K) =   300.49  PRESS =     0.0
 Etot   =   -117276.9727  EKtot   =     20535.5488  EPtot      =   -137812.5215
 BOND   =       557.0310  ANGLE   =      1530.8736  DIHED      =      1009.8147
 UB     =         0.0000  IMP     =         0.0000  CMAP       =       142.9692
 1-4 NB =       648.8223  1-4 EEL =      5772.9139  VDWAALS    =     16596.7419
 EELEC  =   -164071.6881  EHBOND  =         0.0000  RESTRAINT  =         0.0000
 EKCMT  =         0.0000  VIRIAL  =         0.0000  VOLUME     =    332256.9571
                                                    Density    =         1.0359
 ------------------------------------------------------------------------------

wrapping first mol.:      -75.65377        0.00000        0.00000
wrapping first mol.:      -75.65377        0.00000        0.00000
wrapping first mol.:      -75.67262        0.00000        0.00000
wrapping first mol.:      -75.67262        0.00000        0.00000
wrapping first mol.:      -75.68600        0.00000        0.00000
wrapping first mol.:      -75.68600        0.00000        0.00000
wrapping first mol.:      -75.57490        0.00000        0.00000
wrapping first mol.:      -75.57490        0.00000        0.00000
wrapping first mol.:      -75.56789        0.00000        0.00000
wrapping first mol.:      -75.56789        0.00000        0.00000

 NSTEP =  6975000   TIME(PS) =   15650.000  TEMP(K) =   299.20  PRESS =     0.0
 Etot   =   -117290.2902  EKtot   =     20447.8184  EPtot      =   -137738.1085
 BOND   =       576.7103  ANGLE   =      1553.8872  DIHED      =      1009.8048
 UB     =         0.0000  IMP     =         0.0000  CMAP       =       138.2362
 1-4 NB =       652.5370  1-4 EEL =      5821.3732  VDWAALS    =     16194.7335
 EELEC  =   -163685.3907  EHBOND  =         0.0000  RESTRAINT  =         0.0000
 EKCMT  =         0.0000  VIRIAL  =         0.0000  VOLUME     =    332192.6642
                                                    Density    =         1.0361
 ------------------------------------------------------------------------------

wrapping first mol.:      -75.65483        0.00000        0.00000
wrapping first mol.:      -75.65483        0.00000        0.00000
wrapping first mol.:      -75.68929        0.00000        0.00000
wrapping first mol.:      -75.68929        0.00000        0.00000
wrapping first mol.:      -75.70858        0.00000        0.00000
wrapping first mol.:      -75.70858        0.00000        0.00000
wrapping first mol.:      -75.68895        0.00000        0.00000
wrapping first mol.:      -75.68895        0.00000        0.00000
wrapping first mol.:      -75.69192        0.00000        0.00000
wrapping first mol.:      -75.69192        0.00000        0.00000

 NSTEP =  7000000   TIME(PS) =   15700.000  TEMP(K) =   299.01  PRESS =     0.0
 Etot   =   -117268.3991  EKtot   =     20434.3184  EPtot      =   -137702.7175
 BOND   =       578.0439  ANGLE   =      1531.8769  DIHED      =       998.8644
 UB     =         0.0000  IMP     =         0.0000  CMAP       =       132.4684
 1-4 NB =       634.4295  1-4 EEL =      5813.5082  VDWAALS    =     16649.2282
 EELEC  =   -164041.1370  EHBOND  =         0.0000  RESTRAINT  =         0.0000
 EKCMT  =         0.0000  VIRIAL  =         0.0000  VOLUME     =    333831.0140
                                                    Density    =         1.0311
 ------------------------------------------------------------------------------

wrapping first mol.:      -75.59560        0.00000        0.00000
wrapping first mol.:      -75.59560        0.00000        0.00000
wrapping first mol.:      -75.67801        0.00000        0.00000
wrapping first mol.:      -75.67801        0.00000        0.00000
wrapping first mol.:      -75.59223        0.00000        0.00000
wrapping first mol.:      -75.59223        0.00000        0.00000
wrapping first mol.:      -75.83724        0.00000        0.00000
wrapping first mol.:      -75.83724        0.00000        0.00000
wrapping first mol.:      -75.70981        0.00000        0.00000
wrapping first mol.:      -75.70981        0.00000        0.00000

 NSTEP =  7025000   TIME(PS) =   15750.000  TEMP(K) =   300.43  PRESS =     0.0
 Etot   =   -117290.0278  EKtot   =     20531.5703  EPtot      =   -137821.5981
 BOND   =       574.8795  ANGLE   =      1533.2007  DIHED      =       984.3772
 UB     =         0.0000  IMP     =         0.0000  CMAP       =       131.3178
 1-4 NB =       643.7489  1-4 EEL =      5806.1066  VDWAALS    =     16455.4038
 EELEC  =   -163950.6325  EHBOND  =         0.0000  RESTRAINT  =         0.0000
 EKCMT  =         0.0000  VIRIAL  =         0.0000  VOLUME     =    334067.7447
                                                    Density    =         1.0303
 ------------------------------------------------------------------------------

wrapping first mol.:      -75.74115        0.00000        0.00000
wrapping first mol.:      -75.74115        0.00000        0.00000
wrapping first mol.:      -75.70137        0.00000        0.00000
wrapping first mol.:      -75.70137        0.00000        0.00000
wrapping first mol.:      -75.74171        0.00000        0.00000
wrapping first mol.:      -75.74171        0.00000        0.00000
wrapping first mol.:      -75.58039        0.00000        0.00000
wrapping first mol.:      -75.58039        0.00000        0.00000
wrapping first mol.:      -75.68345        0.00000        0.00000
wrapping first mol.:      -75.68345        0.00000        0.00000

 NSTEP =  7050000   TIME(PS) =   15800.000  TEMP(K) =   300.42  PRESS =     0.0
 Etot   =   -117219.5257  EKtot   =     20530.6875  EPtot      =   -137750.2132
 BOND   =       569.3568  ANGLE   =      1535.3964  DIHED      =       979.7514
 UB     =         0.0000  IMP     =         0.0000  CMAP       =       141.7212
 1-4 NB =       650.6843  1-4 EEL =      5801.0009  VDWAALS    =     16336.2108
 EELEC  =   -163764.3349  EHBOND  =         0.0000  RESTRAINT  =         0.0000
 EKCMT  =         0.0000  VIRIAL  =         0.0000  VOLUME     =    333719.0232
                                                    Density    =         1.0314
 ------------------------------------------------------------------------------

wrapping first mol.:      -75.70878        0.00000        0.00000
wrapping first mol.:      -75.70878        0.00000        0.00000
wrapping first mol.:      -75.67301        0.00000        0.00000
wrapping first mol.:      -75.67301        0.00000        0.00000
wrapping first mol.:      -75.70771        0.00000        0.00000
wrapping first mol.:      -75.70771        0.00000        0.00000
wrapping first mol.:      -75.81041        0.00000        0.00000
wrapping first mol.:      -75.81041        0.00000        0.00000
wrapping first mol.:      -75.61270        0.00000        0.00000
wrapping first mol.:      -75.61270        0.00000        0.00000

 NSTEP =  7075000   TIME(PS) =   15850.000  TEMP(K) =   302.13  PRESS =     0.0
 Etot   =   -117052.7707  EKtot   =     20647.9355  EPtot      =   -137700.7062
 BOND   =       536.1664  ANGLE   =      1535.3455  DIHED      =       999.2461
 UB     =         0.0000  IMP     =         0.0000  CMAP       =       135.4099
 1-4 NB =       662.4768  1-4 EEL =      5854.4467  VDWAALS    =     16545.2871
 EELEC  =   -163969.0847  EHBOND  =         0.0000  RESTRAINT  =         0.0000
 EKCMT  =         0.0000  VIRIAL  =         0.0000  VOLUME     =    332783.9224
                                                    Density    =         1.0343
 ------------------------------------------------------------------------------

wrapping first mol.:      -75.59911        0.00000        0.00000
wrapping first mol.:      -75.59911        0.00000        0.00000
wrapping first mol.:      -75.69306        0.00000        0.00000
wrapping first mol.:      -75.69306        0.00000        0.00000
wrapping first mol.:      -75.52356        0.00000        0.00000
wrapping first mol.:      -75.52356        0.00000        0.00000
wrapping first mol.:      -75.56543        0.00000        0.00000
wrapping first mol.:      -75.56543        0.00000        0.00000
wrapping first mol.:      -75.63932        0.00000        0.00000
wrapping first mol.:      -75.63932        0.00000        0.00000

 NSTEP =  7100000   TIME(PS) =   15900.000  TEMP(K) =   299.42  PRESS =     0.0
 Etot   =   -117549.0049  EKtot   =     20462.3711  EPtot      =   -138011.3760
 BOND   =       546.3192  ANGLE   =      1512.2680  DIHED      =      1018.1047
 UB     =         0.0000  IMP     =         0.0000  CMAP       =       132.9534
 1-4 NB =       651.2832  1-4 EEL =      5841.0187  VDWAALS    =     16618.7965
 EELEC  =   -164332.1197  EHBOND  =         0.0000  RESTRAINT  =         0.0000
 EKCMT  =         0.0000  VIRIAL  =         0.0000  VOLUME     =    333135.4945
                                                    Density    =         1.0332
 ------------------------------------------------------------------------------

wrapping first mol.:      -75.65800        0.00000        0.00000
wrapping first mol.:      -75.65800        0.00000        0.00000
wrapping first mol.:      -75.64311        0.00000        0.00000
wrapping first mol.:      -75.64311        0.00000        0.00000
wrapping first mol.:      -75.64069        0.00000        0.00000
wrapping first mol.:      -75.64069        0.00000        0.00000
wrapping first mol.:      -75.73939        0.00000        0.00000
wrapping first mol.:      -75.73939        0.00000        0.00000
wrapping first mol.:      -75.77519        0.00000        0.00000
wrapping first mol.:      -75.77519        0.00000        0.00000

 NSTEP =  7125000   TIME(PS) =   15950.000  TEMP(K) =   301.81  PRESS =     0.0
 Etot   =   -117068.0378  EKtot   =     20625.9297  EPtot      =   -137693.9675
 BOND   =       565.3500  ANGLE   =      1470.8322  DIHED      =       979.1316
 UB     =         0.0000  IMP     =         0.0000  CMAP       =       141.7813
 1-4 NB =       643.1263  1-4 EEL =      5778.0837  VDWAALS    =     16195.2161
 EELEC  =   -163467.4887  EHBOND  =         0.0000  RESTRAINT  =         0.0000
 EKCMT  =         0.0000  VIRIAL  =         0.0000  VOLUME     =    334934.0412
                                                    Density    =         1.0277
 ------------------------------------------------------------------------------

wrapping first mol.:      -75.59304        0.00000        0.00000
wrapping first mol.:      -75.59304        0.00000        0.00000
wrapping first mol.:      -75.69593        0.00000        0.00000
wrapping first mol.:      -75.69593        0.00000        0.00000
wrapping first mol.:      -75.61964        0.00000        0.00000
wrapping first mol.:      -75.61964        0.00000        0.00000
wrapping first mol.:      -75.69719        0.00000        0.00000
wrapping first mol.:      -75.69719        0.00000        0.00000
wrapping first mol.:      -75.61264        0.00000        0.00000
wrapping first mol.:      -75.61264        0.00000        0.00000

 NSTEP =  7150000   TIME(PS) =   16000.000  TEMP(K) =   300.52  PRESS =     0.0
 Etot   =   -117106.4090  EKtot   =     20537.9316  EPtot      =   -137644.3406
 BOND   =       565.3168  ANGLE   =      1474.2044  DIHED      =       992.5938
 UB     =         0.0000  IMP     =         0.0000  CMAP       =       122.2287
 1-4 NB =       647.9793  1-4 EEL =      5835.5581  VDWAALS    =     16605.7747
 EELEC  =   -163887.9965  EHBOND  =         0.0000  RESTRAINT  =         0.0000
 EKCMT  =         0.0000  VIRIAL  =         0.0000  VOLUME     =    332783.1307
                                                    Density    =         1.0343
 ------------------------------------------------------------------------------

wrapping first mol.:      -75.66304        0.00000        0.00000
wrapping first mol.:      -75.66304        0.00000        0.00000
wrapping first mol.:      -75.72184        0.00000        0.00000
wrapping first mol.:      -75.72184        0.00000        0.00000
wrapping first mol.:      -75.77111        0.00000        0.00000
wrapping first mol.:      -75.77111        0.00000        0.00000
wrapping first mol.:      -75.70007        0.00000        0.00000
wrapping first mol.:      -75.70007        0.00000        0.00000
wrapping first mol.:      -75.74090        0.00000        0.00000
wrapping first mol.:      -75.74090        0.00000        0.00000

 NSTEP =  7175000   TIME(PS) =   16050.000  TEMP(K) =   298.27  PRESS =     0.0
 Etot   =   -117105.2970  EKtot   =     20383.9688  EPtot      =   -137489.2658
 BOND   =       568.9793  ANGLE   =      1593.6765  DIHED      =       990.4128
 UB     =         0.0000  IMP     =         0.0000  CMAP       =       133.4247
 1-4 NB =       656.9596  1-4 EEL =      5832.2474  VDWAALS    =     16863.3854
 EELEC  =   -164128.3515  EHBOND  =         0.0000  RESTRAINT  =         0.0000
 EKCMT  =         0.0000  VIRIAL  =         0.0000  VOLUME     =    334479.5562
                                                    Density    =         1.0291
 ------------------------------------------------------------------------------

wrapping first mol.:      -75.67786        0.00000        0.00000
wrapping first mol.:      -75.67786        0.00000        0.00000
wrapping first mol.:      -75.65398        0.00000        0.00000
wrapping first mol.:      -75.65398        0.00000        0.00000
wrapping first mol.:      -75.73181        0.00000        0.00000
wrapping first mol.:      -75.73181        0.00000        0.00000
wrapping first mol.:      -75.72197        0.00000        0.00000
wrapping first mol.:      -75.72197        0.00000        0.00000
wrapping first mol.:      -75.68803        0.00000        0.00000
wrapping first mol.:      -75.68803        0.00000        0.00000

 NSTEP =  7200000   TIME(PS) =   16100.000  TEMP(K) =   300.57  PRESS =     0.0
 Etot   =   -117271.3192  EKtot   =     20541.2031  EPtot      =   -137812.5224
 BOND   =       555.1169  ANGLE   =      1520.9249  DIHED      =       985.4151
 UB     =         0.0000  IMP     =         0.0000  CMAP       =       134.1358
 1-4 NB =       639.4343  1-4 EEL =      5839.0649  VDWAALS    =     16700.3867
 EELEC  =   -164187.0010  EHBOND  =         0.0000  RESTRAINT  =         0.0000
 EKCMT  =         0.0000  VIRIAL  =         0.0000  VOLUME     =    333779.5181
                                                    Density    =         1.0312
 ------------------------------------------------------------------------------

wrapping first mol.:      -75.74126        0.00000        0.00000
wrapping first mol.:      -75.74126        0.00000        0.00000
wrapping first mol.:      -75.69779        0.00000        0.00000
wrapping first mol.:      -75.69779        0.00000        0.00000
wrapping first mol.:      -75.71296        0.00000        0.00000
wrapping first mol.:      -75.71296        0.00000        0.00000
wrapping first mol.:      -75.63566        0.00000        0.00000
wrapping first mol.:      -75.63566        0.00000        0.00000
wrapping first mol.:      -75.73836        0.00000        0.00000
wrapping first mol.:      -75.73836        0.00000        0.00000

 NSTEP =  7225000   TIME(PS) =   16150.000  TEMP(K) =   300.31  PRESS =     0.0
 Etot   =   -117147.8231  EKtot   =     20523.3008  EPtot      =   -137671.1239
 BOND   =       552.1223  ANGLE   =      1541.7202  DIHED      =       966.3026
 UB     =         0.0000  IMP     =         0.0000  CMAP       =       133.5321
 1-4 NB =       640.9167  1-4 EEL =      5814.9494  VDWAALS    =     16490.6314
 EELEC  =   -163811.2986  EHBOND  =         0.0000  RESTRAINT  =         0.0000
 EKCMT  =         0.0000  VIRIAL  =         0.0000  VOLUME     =    334445.8254
                                                    Density    =         1.0292
 ------------------------------------------------------------------------------

wrapping first mol.:      -75.67694        0.00000        0.00000
wrapping first mol.:      -75.67694        0.00000        0.00000
wrapping first mol.:      -75.57277        0.00000        0.00000
wrapping first mol.:      -75.57277        0.00000        0.00000
wrapping first mol.:      -75.63357        0.00000        0.00000
wrapping first mol.:      -75.63357        0.00000        0.00000
wrapping first mol.:      -75.64745        0.00000        0.00000
wrapping first mol.:      -75.64745        0.00000        0.00000
wrapping first mol.:      -75.64432        0.00000        0.00000
wrapping first mol.:      -75.64432        0.00000        0.00000

 NSTEP =  7250000   TIME(PS) =   16200.000  TEMP(K) =   301.84  PRESS =     0.0
 Etot   =   -116989.1882  EKtot   =     20627.6055  EPtot      =   -137616.7936
 BOND   =       590.0546  ANGLE   =      1586.6165  DIHED      =       988.1703
 UB     =         0.0000  IMP     =         0.0000  CMAP       =       132.6950
 1-4 NB =       635.3752  1-4 EEL =      5780.6702  VDWAALS    =     16667.6114
 EELEC  =   -163997.9869  EHBOND  =         0.0000  RESTRAINT  =         0.0000
 EKCMT  =         0.0000  VIRIAL  =         0.0000  VOLUME     =    333201.6327
                                                    Density    =         1.0330
 ------------------------------------------------------------------------------

wrapping first mol.:      -75.68108        0.00000        0.00000
wrapping first mol.:      -75.68108        0.00000        0.00000
wrapping first mol.:      -75.59873        0.00000        0.00000
wrapping first mol.:      -75.59873        0.00000        0.00000
wrapping first mol.:      -75.68922        0.00000        0.00000
wrapping first mol.:      -75.68922        0.00000        0.00000
wrapping first mol.:      -75.59805        0.00000        0.00000
wrapping first mol.:      -75.59805        0.00000        0.00000
wrapping first mol.:      -75.64319        0.00000        0.00000
wrapping first mol.:      -75.64319        0.00000        0.00000

 NSTEP =  7275000   TIME(PS) =   16250.000  TEMP(K) =   301.78  PRESS =     0.0
 Etot   =   -117020.6801  EKtot   =     20623.5664  EPtot      =   -137644.2466
 BOND   =       581.8079  ANGLE   =      1524.6623  DIHED      =       989.2468
 UB     =         0.0000  IMP     =         0.0000  CMAP       =       137.7381
 1-4 NB =       646.1043  1-4 EEL =      5805.4647  VDWAALS    =     16316.1934
 EELEC  =   -163645.4640  EHBOND  =         0.0000  RESTRAINT  =         0.0000
 EKCMT  =         0.0000  VIRIAL  =         0.0000  VOLUME     =    333186.7150
                                                    Density    =         1.0331
 ------------------------------------------------------------------------------

wrapping first mol.:      -75.65176        0.00000        0.00000
wrapping first mol.:      -75.65176        0.00000        0.00000
wrapping first mol.:      -75.72634        0.00000        0.00000
wrapping first mol.:      -75.72634        0.00000        0.00000
wrapping first mol.:      -75.69340        0.00000        0.00000
wrapping first mol.:      -75.69340        0.00000        0.00000
wrapping first mol.:      -75.71705        0.00000        0.00000
wrapping first mol.:      -75.71705        0.00000        0.00000
wrapping first mol.:      -75.59210        0.00000        0.00000
wrapping first mol.:      -75.59210        0.00000        0.00000

 NSTEP =  7300000   TIME(PS) =   16300.000  TEMP(K) =   296.95  PRESS =     0.0
 Etot   =   -117319.5779  EKtot   =     20293.5293  EPtot      =   -137613.1072
 BOND   =       583.4356  ANGLE   =      1582.4500  DIHED      =      1012.1981
 UB     =         0.0000  IMP     =         0.0000  CMAP       =       132.5872
 1-4 NB =       648.9990  1-4 EEL =      5804.4120  VDWAALS    =     16253.1329
 EELEC  =   -163630.3219  EHBOND  =         0.0000  RESTRAINT  =         0.0000
 EKCMT  =         0.0000  VIRIAL  =         0.0000  VOLUME     =    332511.9794
                                                    Density    =         1.0352
 ------------------------------------------------------------------------------

wrapping first mol.:      -75.58252        0.00000        0.00000
wrapping first mol.:      -75.58252        0.00000        0.00000
wrapping first mol.:      -75.66682        0.00000        0.00000
wrapping first mol.:      -75.66682        0.00000        0.00000
wrapping first mol.:      -75.76579        0.00000        0.00000
wrapping first mol.:      -75.76579        0.00000        0.00000
wrapping first mol.:      -75.65080        0.00000        0.00000
wrapping first mol.:      -75.65080        0.00000        0.00000
wrapping first mol.:      -75.69527        0.00000        0.00000
wrapping first mol.:      -75.69527        0.00000        0.00000

 NSTEP =  7325000   TIME(PS) =   16350.000  TEMP(K) =   299.52  PRESS =     0.0
 Etot   =   -117213.8428  EKtot   =     20469.0410  EPtot      =   -137682.8838
 BOND   =       574.0869  ANGLE   =      1526.2043  DIHED      =      1031.3238
 UB     =         0.0000  IMP     =         0.0000  CMAP       =       142.6296
 1-4 NB =       635.5311  1-4 EEL =      5835.5534  VDWAALS    =     16455.8457
 EELEC  =   -163884.0586  EHBOND  =         0.0000  RESTRAINT  =         0.0000
 EKCMT  =         0.0000  VIRIAL  =         0.0000  VOLUME     =    333875.3330
                                                    Density    =         1.0309
 ------------------------------------------------------------------------------

wrapping first mol.:      -75.81214        0.00000        0.00000
wrapping first mol.:      -75.81214        0.00000        0.00000
wrapping first mol.:      -75.70742        0.00000        0.00000
wrapping first mol.:      -75.70742        0.00000        0.00000
wrapping first mol.:      -75.64720        0.00000        0.00000
wrapping first mol.:      -75.64720        0.00000        0.00000
wrapping first mol.:      -75.61575        0.00000        0.00000
wrapping first mol.:      -75.61575        0.00000        0.00000
wrapping first mol.:      -75.69361        0.00000        0.00000
wrapping first mol.:      -75.69361        0.00000        0.00000

 NSTEP =  7350000   TIME(PS) =   16400.000  TEMP(K) =   301.06  PRESS =     0.0
 Etot   =   -116988.5275  EKtot   =     20574.4238  EPtot      =   -137562.9513
 BOND   =       542.4665  ANGLE   =      1526.3870  DIHED      =       998.5986
 UB     =         0.0000  IMP     =         0.0000  CMAP       =       138.9205
 1-4 NB =       649.8264  1-4 EEL =      5844.7983  VDWAALS    =     16368.9615
 EELEC  =   -163632.9100  EHBOND  =         0.0000  RESTRAINT  =         0.0000
 EKCMT  =         0.0000  VIRIAL  =         0.0000  VOLUME     =    333853.4198
                                                    Density    =         1.0310
 ------------------------------------------------------------------------------

wrapping first mol.:      -75.75929        0.00000        0.00000
wrapping first mol.:      -75.75929        0.00000        0.00000
wrapping first mol.:      -75.77030        0.00000        0.00000
wrapping first mol.:      -75.77030        0.00000        0.00000
wrapping first mol.:      -75.63817        0.00000        0.00000
wrapping first mol.:      -75.63817        0.00000        0.00000
wrapping first mol.:      -75.63917        0.00000        0.00000
wrapping first mol.:      -75.63917        0.00000        0.00000
wrapping first mol.:      -75.79322        0.00000        0.00000
wrapping first mol.:      -75.79322        0.00000        0.00000

 NSTEP =  7375000   TIME(PS) =   16450.000  TEMP(K) =   301.08  PRESS =     0.0
 Etot   =   -116907.0837  EKtot   =     20575.9199  EPtot      =   -137483.0037
 BOND   =       563.3850  ANGLE   =      1501.5456  DIHED      =       970.1047
 UB     =         0.0000  IMP     =         0.0000  CMAP       =       142.9911
 1-4 NB =       632.0523  1-4 EEL =      5833.9435  VDWAALS    =     16550.1475
 EELEC  =   -163677.1732  EHBOND  =         0.0000  RESTRAINT  =         0.0000
 EKCMT  =         0.0000  VIRIAL  =         0.0000  VOLUME     =    335173.0870
                                                    Density    =         1.0269
 ------------------------------------------------------------------------------

wrapping first mol.:      -75.66683        0.00000        0.00000
wrapping first mol.:      -75.66683        0.00000        0.00000
wrapping first mol.:      -75.67255        0.00000        0.00000
wrapping first mol.:      -75.67255        0.00000        0.00000
wrapping first mol.:      -75.68612        0.00000        0.00000
wrapping first mol.:      -75.68612        0.00000        0.00000
wrapping first mol.:      -75.71197        0.00000        0.00000
wrapping first mol.:      -75.71197        0.00000        0.00000
wrapping first mol.:      -75.59766        0.00000        0.00000
wrapping first mol.:      -75.59766        0.00000        0.00000

 NSTEP =  7400000   TIME(PS) =   16500.000  TEMP(K) =   300.40  PRESS =     0.0
 Etot   =   -117007.7965  EKtot   =     20529.7012  EPtot      =   -137537.4977
 BOND   =       550.4804  ANGLE   =      1526.1107  DIHED      =       982.5809
 UB     =         0.0000  IMP     =         0.0000  CMAP       =       123.2363
 1-4 NB =       643.3417  1-4 EEL =      5844.2589  VDWAALS    =     16625.9743
 EELEC  =   -163833.4809  EHBOND  =         0.0000  RESTRAINT  =         0.0000
 EKCMT  =         0.0000  VIRIAL  =         0.0000  VOLUME     =    332585.4124
                                                    Density    =         1.0349
 ------------------------------------------------------------------------------

wrapping first mol.:      -75.65053        0.00000        0.00000
wrapping first mol.:      -75.65053        0.00000        0.00000
wrapping first mol.:      -75.66560        0.00000        0.00000
wrapping first mol.:      -75.66560        0.00000        0.00000
wrapping first mol.:      -75.70064        0.00000        0.00000
wrapping first mol.:      -75.70064        0.00000        0.00000
wrapping first mol.:      -75.64983        0.00000        0.00000
wrapping first mol.:      -75.64983        0.00000        0.00000
wrapping first mol.:      -75.68260        0.00000        0.00000
wrapping first mol.:      -75.68260        0.00000        0.00000

 NSTEP =  7425000   TIME(PS) =   16550.000  TEMP(K) =   301.71  PRESS =     0.0
 Etot   =   -116925.8345  EKtot   =     20618.9395  EPtot      =   -137544.7739
 BOND   =       515.9528  ANGLE   =      1514.0197  DIHED      =       980.4688
 UB     =         0.0000  IMP     =         0.0000  CMAP       =       133.8010
 1-4 NB =       647.4674  1-4 EEL =      5856.2774  VDWAALS    =     16072.8181
 EELEC  =   -163265.5791  EHBOND  =         0.0000  RESTRAINT  =         0.0000
 EKCMT  =         0.0000  VIRIAL  =         0.0000  VOLUME     =    333707.6655
                                                    Density    =         1.0314
 ------------------------------------------------------------------------------

wrapping first mol.:      -75.76220        0.00000        0.00000
wrapping first mol.:      -75.76220        0.00000        0.00000
wrapping first mol.:      -75.73654        0.00000        0.00000
wrapping first mol.:      -75.73654        0.00000        0.00000
wrapping first mol.:      -75.62326        0.00000        0.00000
wrapping first mol.:      -75.62326        0.00000        0.00000
wrapping first mol.:      -75.72396        0.00000        0.00000
wrapping first mol.:      -75.72396        0.00000        0.00000
wrapping first mol.:      -75.59226        0.00000        0.00000
wrapping first mol.:      -75.59226        0.00000        0.00000

 NSTEP =  7450000   TIME(PS) =   16600.000  TEMP(K) =   298.61  PRESS =     0.0
 Etot   =   -117617.0776  EKtot   =     20407.3496  EPtot      =   -138024.4272
 BOND   =       563.8206  ANGLE   =      1535.5290  DIHED      =       973.9287
 UB     =         0.0000  IMP     =         0.0000  CMAP       =       149.2137
 1-4 NB =       630.0767  1-4 EEL =      5810.5590  VDWAALS    =     16663.3543
 EELEC  =   -164350.9091  EHBOND  =         0.0000  RESTRAINT  =         0.0000
 EKCMT  =         0.0000  VIRIAL  =         0.0000  VOLUME     =    332514.1195
                                                    Density    =         1.0351
 ------------------------------------------------------------------------------

wrapping first mol.:      -75.65277        0.00000        0.00000
wrapping first mol.:      -75.65277        0.00000        0.00000
wrapping first mol.:      -75.73256        0.00000        0.00000
wrapping first mol.:      -75.73256        0.00000        0.00000
wrapping first mol.:      -75.59721        0.00000        0.00000
wrapping first mol.:      -75.59721        0.00000        0.00000
wrapping first mol.:      -75.65077        0.00000        0.00000
wrapping first mol.:      -75.65077        0.00000        0.00000
wrapping first mol.:      -75.71194        0.00000        0.00000
wrapping first mol.:      -75.71194        0.00000        0.00000

 NSTEP =  7475000   TIME(PS) =   16650.000  TEMP(K) =   299.37  PRESS =     0.0
 Etot   =   -117319.6269  EKtot   =     20458.8613  EPtot      =   -137778.4882
 BOND   =       556.5420  ANGLE   =      1515.3301  DIHED      =      1028.2898
 UB     =         0.0000  IMP     =         0.0000  CMAP       =       136.3660
 1-4 NB =       645.1742  1-4 EEL =      5871.3927  VDWAALS    =     16407.0779
 EELEC  =   -163938.6610  EHBOND  =         0.0000  RESTRAINT  =         0.0000
 EKCMT  =         0.0000  VIRIAL  =         0.0000  VOLUME     =    334095.9966
                                                    Density    =         1.0302
 ------------------------------------------------------------------------------

wrapping first mol.:      -75.60761        0.00000        0.00000
wrapping first mol.:      -75.60761        0.00000        0.00000
wrapping first mol.:      -75.62042        0.00000        0.00000
wrapping first mol.:      -75.62042        0.00000        0.00000
wrapping first mol.:      -75.64527        0.00000        0.00000
wrapping first mol.:      -75.64527        0.00000        0.00000
wrapping first mol.:      -75.67139        0.00000        0.00000
wrapping first mol.:      -75.67139        0.00000        0.00000
wrapping first mol.:      -75.66139        0.00000        0.00000
wrapping first mol.:      -75.66139        0.00000        0.00000

 NSTEP =  7500000   TIME(PS) =   16700.000  TEMP(K) =   300.15  PRESS =     0.0
 Etot   =   -117038.8370  EKtot   =     20512.1172  EPtot      =   -137550.9542
 BOND   =       536.7661  ANGLE   =      1460.6610  DIHED      =       996.4892
 UB     =         0.0000  IMP     =         0.0000  CMAP       =       141.3213
 1-4 NB =       645.2944  1-4 EEL =      5960.5630  VDWAALS    =     16162.1475
 EELEC  =   -163454.1968  EHBOND  =         0.0000  RESTRAINT  =         0.0000
 EKCMT  =         0.0000  VIRIAL  =         0.0000  VOLUME     =    333427.2564
                                                    Density    =         1.0323
 ------------------------------------------------------------------------------

wrapping first mol.:      -75.70929        0.00000        0.00000
wrapping first mol.:      -75.70929        0.00000        0.00000
wrapping first mol.:      -75.68052        0.00000        0.00000
wrapping first mol.:      -75.68052        0.00000        0.00000
wrapping first mol.:      -75.68935        0.00000        0.00000
wrapping first mol.:      -75.68935        0.00000        0.00000
wrapping first mol.:      -75.61437        0.00000        0.00000
wrapping first mol.:      -75.61437        0.00000        0.00000
wrapping first mol.:      -75.67347        0.00000        0.00000
wrapping first mol.:      -75.67347        0.00000        0.00000

 NSTEP =  7525000   TIME(PS) =   16750.000  TEMP(K) =   298.89  PRESS =     0.0
 Etot   =   -117399.0790  EKtot   =     20426.0703  EPtot      =   -137825.1493
 BOND   =       597.7224  ANGLE   =      1512.7279  DIHED      =       998.9920
 UB     =         0.0000  IMP     =         0.0000  CMAP       =       138.1431
 1-4 NB =       632.2088  1-4 EEL =      5841.3742  VDWAALS    =     16514.4754
 EELEC  =   -164060.7930  EHBOND  =         0.0000  RESTRAINT  =         0.0000
 EKCMT  =         0.0000  VIRIAL  =         0.0000  VOLUME     =    333587.0089
                                                    Density    =         1.0318
 ------------------------------------------------------------------------------

wrapping first mol.:      -75.66448        0.00000        0.00000
wrapping first mol.:      -75.66448        0.00000        0.00000
wrapping first mol.:      -75.67783        0.00000        0.00000
wrapping first mol.:      -75.67783        0.00000        0.00000
wrapping first mol.:      -75.69788        0.00000        0.00000
wrapping first mol.:      -75.69788        0.00000        0.00000
wrapping first mol.:      -75.74383        0.00000        0.00000
wrapping first mol.:      -75.74383        0.00000        0.00000
wrapping first mol.:      -75.67129        0.00000        0.00000
wrapping first mol.:      -75.67129        0.00000        0.00000

 NSTEP =  7550000   TIME(PS) =   16800.000  TEMP(K) =   300.44  PRESS =     0.0
 Etot   =   -117465.1135  EKtot   =     20531.9844  EPtot      =   -137997.0978
 BOND   =       593.3389  ANGLE   =      1554.3379  DIHED      =      1012.4450
 UB     =         0.0000  IMP     =         0.0000  CMAP       =       128.6396
 1-4 NB =       629.1542  1-4 EEL =      5824.9522  VDWAALS    =     16568.0902
 EELEC  =   -164308.0558  EHBOND  =         0.0000  RESTRAINT  =         0.0000
 EKCMT  =         0.0000  VIRIAL  =         0.0000  VOLUME     =    333558.2072
                                                    Density    =         1.0319
 ------------------------------------------------------------------------------

wrapping first mol.:      -75.59669        0.00000        0.00000
wrapping first mol.:      -75.59669        0.00000        0.00000
wrapping first mol.:      -75.72836        0.00000        0.00000
wrapping first mol.:      -75.72836        0.00000        0.00000
wrapping first mol.:      -75.74244        0.00000        0.00000
wrapping first mol.:      -75.74244        0.00000        0.00000
wrapping first mol.:      -75.66352        0.00000        0.00000
wrapping first mol.:      -75.66352        0.00000        0.00000
wrapping first mol.:      -75.69558        0.00000        0.00000
wrapping first mol.:      -75.69558        0.00000        0.00000

 NSTEP =  7575000   TIME(PS) =   16850.000  TEMP(K) =   295.73  PRESS =     0.0
 Etot   =   -117299.1127  EKtot   =     20210.1543  EPtot      =   -137509.2670
 BOND   =       586.2208  ANGLE   =      1475.1450  DIHED      =      1018.4148
 UB     =         0.0000  IMP     =         0.0000  CMAP       =       144.7127
 1-4 NB =       645.4468  1-4 EEL =      5830.5506  VDWAALS    =     16363.0848
 EELEC  =   -163572.8424  EHBOND  =         0.0000  RESTRAINT  =         0.0000
 EKCMT  =         0.0000  VIRIAL  =         0.0000  VOLUME     =    333879.5114
                                                    Density    =         1.0309
 ------------------------------------------------------------------------------

wrapping first mol.:      -75.57590        0.00000        0.00000
wrapping first mol.:      -75.57590        0.00000        0.00000
wrapping first mol.:      -75.56939        0.00000        0.00000
wrapping first mol.:      -75.56939        0.00000        0.00000
wrapping first mol.:      -75.63967        0.00000        0.00000
wrapping first mol.:      -75.63967        0.00000        0.00000
wrapping first mol.:      -75.69660        0.00000        0.00000
wrapping first mol.:      -75.69660        0.00000        0.00000
wrapping first mol.:      -75.70813        0.00000        0.00000
wrapping first mol.:      -75.70813        0.00000        0.00000

 NSTEP =  7600000   TIME(PS) =   16900.000  TEMP(K) =   299.47  PRESS =     0.0
 Etot   =   -117349.2076  EKtot   =     20465.6543  EPtot      =   -137814.8619
 BOND   =       601.8611  ANGLE   =      1542.8020  DIHED      =       999.9012
 UB     =         0.0000  IMP     =         0.0000  CMAP       =       140.3877
 1-4 NB =       648.9190  1-4 EEL =      5785.9974  VDWAALS    =     16395.9507
 EELEC  =   -163930.6810  EHBOND  =         0.0000  RESTRAINT  =         0.0000
 EKCMT  =         0.0000  VIRIAL  =         0.0000  VOLUME     =    334045.5115
                                                    Density    =         1.0304
 ------------------------------------------------------------------------------

wrapping first mol.:      -75.67225        0.00000        0.00000
wrapping first mol.:      -75.67225        0.00000        0.00000
wrapping first mol.:      -75.72337        0.00000        0.00000
wrapping first mol.:      -75.72337        0.00000        0.00000
wrapping first mol.:      -75.73991        0.00000        0.00000
wrapping first mol.:      -75.73991        0.00000        0.00000
wrapping first mol.:      -75.65439        0.00000        0.00000
wrapping first mol.:      -75.65439        0.00000        0.00000
wrapping first mol.:      -75.72908        0.00000        0.00000
wrapping first mol.:      -75.72908        0.00000        0.00000

 NSTEP =  7625000   TIME(PS) =   16950.000  TEMP(K) =   300.41  PRESS =     0.0
 Etot   =   -117100.2572  EKtot   =     20530.2051  EPtot      =   -137630.4623
 BOND   =       577.9986  ANGLE   =      1581.4504  DIHED      =      1007.8226
 UB     =         0.0000  IMP     =         0.0000  CMAP       =       126.7201
 1-4 NB =       646.6357  1-4 EEL =      5825.4673  VDWAALS    =     16215.0062
 EELEC  =   -163611.5632  EHBOND  =         0.0000  RESTRAINT  =         0.0000
 EKCMT  =         0.0000  VIRIAL  =         0.0000  VOLUME     =    334322.8900
                                                    Density    =         1.0295
 ------------------------------------------------------------------------------

wrapping first mol.:      -75.65447        0.00000        0.00000
wrapping first mol.:      -75.65447        0.00000        0.00000
wrapping first mol.:      -75.69386        0.00000        0.00000
wrapping first mol.:      -75.69386        0.00000        0.00000
wrapping first mol.:      -75.69653        0.00000        0.00000
wrapping first mol.:      -75.69653        0.00000        0.00000
wrapping first mol.:      -75.65949        0.00000        0.00000
wrapping first mol.:      -75.65949        0.00000        0.00000
wrapping first mol.:      -75.70392        0.00000        0.00000
wrapping first mol.:      -75.70392        0.00000        0.00000

 NSTEP =  7650000   TIME(PS) =   17000.000  TEMP(K) =   300.21  PRESS =     0.0
 Etot   =   -117241.3538  EKtot   =     20516.7383  EPtot      =   -137758.0921
 BOND   =       529.6764  ANGLE   =      1524.5990  DIHED      =      1016.4601
 UB     =         0.0000  IMP     =         0.0000  CMAP       =       137.8483
 1-4 NB =       633.2710  1-4 EEL =      5821.1142  VDWAALS    =     16597.3774
 EELEC  =   -164018.4385  EHBOND  =         0.0000  RESTRAINT  =         0.0000
 EKCMT  =         0.0000  VIRIAL  =         0.0000  VOLUME     =    333989.8459
                                                    Density    =         1.0306
 ------------------------------------------------------------------------------

wrapping first mol.:      -75.77952        0.00000        0.00000
wrapping first mol.:      -75.77952        0.00000        0.00000
wrapping first mol.:      -75.63405        0.00000        0.00000
wrapping first mol.:      -75.63405        0.00000        0.00000
wrapping first mol.:      -75.73367        0.00000        0.00000
wrapping first mol.:      -75.73367        0.00000        0.00000
wrapping first mol.:      -75.77612        0.00000        0.00000
wrapping first mol.:      -75.77612        0.00000        0.00000
wrapping first mol.:      -75.65966        0.00000        0.00000
wrapping first mol.:      -75.65966        0.00000        0.00000

 NSTEP =  7675000   TIME(PS) =   17050.000  TEMP(K) =   298.04  PRESS =     0.0
 Etot   =   -117151.9906  EKtot   =     20367.8770  EPtot      =   -137519.8676
 BOND   =       600.7064  ANGLE   =      1571.8660  DIHED      =      1011.8805
 UB     =         0.0000  IMP     =         0.0000  CMAP       =       137.9261
 1-4 NB =       641.2851  1-4 EEL =      5857.9914  VDWAALS    =     16174.6575
 EELEC  =   -163516.1805  EHBOND  =         0.0000  RESTRAINT  =         0.0000
 EKCMT  =         0.0000  VIRIAL  =         0.0000  VOLUME     =    333404.3359
                                                    Density    =         1.0324
 ------------------------------------------------------------------------------

wrapping first mol.:      -75.72321        0.00000        0.00000
wrapping first mol.:      -75.72321        0.00000        0.00000
wrapping first mol.:      -75.76709        0.00000        0.00000
wrapping first mol.:      -75.76709        0.00000        0.00000
wrapping first mol.:      -75.68245        0.00000        0.00000
wrapping first mol.:      -75.68245        0.00000        0.00000
wrapping first mol.:      -75.75226        0.00000        0.00000
wrapping first mol.:      -75.75226        0.00000        0.00000
wrapping first mol.:      -75.67110        0.00000        0.00000
wrapping first mol.:      -75.67110        0.00000        0.00000

 NSTEP =  7700000   TIME(PS) =   17100.000  TEMP(K) =   300.02  PRESS =     0.0
 Etot   =   -117266.8487  EKtot   =     20503.7949  EPtot      =   -137770.6436
 BOND   =       580.0270  ANGLE   =      1504.8187  DIHED      =      1012.0485
 UB     =         0.0000  IMP     =         0.0000  CMAP       =       132.6803
 1-4 NB =       622.0772  1-4 EEL =      5839.6954  VDWAALS    =     16580.1572
 EELEC  =   -164042.1480  EHBOND  =         0.0000  RESTRAINT  =         0.0000
 EKCMT  =         0.0000  VIRIAL  =         0.0000  VOLUME     =    333555.6619
                                                    Density    =         1.0319
 ------------------------------------------------------------------------------

wrapping first mol.:      -75.67184        0.00000        0.00000
wrapping first mol.:      -75.67184        0.00000        0.00000
wrapping first mol.:      -75.72567        0.00000        0.00000
wrapping first mol.:      -75.72567        0.00000        0.00000
wrapping first mol.:      -75.81199        0.00000        0.00000
wrapping first mol.:      -75.81199        0.00000        0.00000
wrapping first mol.:      -75.67019        0.00000        0.00000
wrapping first mol.:      -75.67019        0.00000        0.00000
wrapping first mol.:      -75.73273        0.00000        0.00000
wrapping first mol.:      -75.73273        0.00000        0.00000

 NSTEP =  7725000   TIME(PS) =   17150.000  TEMP(K) =   300.46  PRESS =     0.0
 Etot   =   -117083.7675  EKtot   =     20533.5332  EPtot      =   -137617.3007
 BOND   =       593.7284  ANGLE   =      1484.1383  DIHED      =       994.2423
 UB     =         0.0000  IMP     =         0.0000  CMAP       =       137.2946
 1-4 NB =       653.3813  1-4 EEL =      5812.3077  VDWAALS    =     16501.7779
 EELEC  =   -163794.1712  EHBOND  =         0.0000  RESTRAINT  =         0.0000
 EKCMT  =         0.0000  VIRIAL  =         0.0000  VOLUME     =    334371.3173
                                                    Density    =         1.0294
 ------------------------------------------------------------------------------

wrapping first mol.:      -75.62535        0.00000        0.00000
wrapping first mol.:      -75.62535        0.00000        0.00000
wrapping first mol.:      -75.72522        0.00000        0.00000
wrapping first mol.:      -75.72522        0.00000        0.00000
wrapping first mol.:      -75.68334        0.00000        0.00000
wrapping first mol.:      -75.68334        0.00000        0.00000
wrapping first mol.:      -75.54895        0.00000        0.00000
wrapping first mol.:      -75.54895        0.00000        0.00000
wrapping first mol.:      -75.74284        0.00000        0.00000
wrapping first mol.:      -75.74284        0.00000        0.00000

 NSTEP =  7750000   TIME(PS) =   17200.000  TEMP(K) =   301.59  PRESS =     0.0
 Etot   =   -116954.4282  EKtot   =     20610.6562  EPtot      =   -137565.0845
 BOND   =       554.0602  ANGLE   =      1497.1660  DIHED      =       993.1347
 UB     =         0.0000  IMP     =         0.0000  CMAP       =       145.3220
 1-4 NB =       644.0012  1-4 EEL =      5832.2243  VDWAALS    =     16269.8691
 EELEC  =   -163500.8619  EHBOND  =         0.0000  RESTRAINT  =         0.0000
 EKCMT  =         0.0000  VIRIAL  =         0.0000  VOLUME     =    334505.2482
                                                    Density    =         1.0290
 ------------------------------------------------------------------------------

wrapping first mol.:      -75.70381        0.00000        0.00000
wrapping first mol.:      -75.70381        0.00000        0.00000
wrapping first mol.:      -75.74396        0.00000        0.00000
wrapping first mol.:      -75.74396        0.00000        0.00000
wrapping first mol.:      -75.66438        0.00000        0.00000
wrapping first mol.:      -75.66438        0.00000        0.00000
wrapping first mol.:      -75.59425        0.00000        0.00000
wrapping first mol.:      -75.59425        0.00000        0.00000
wrapping first mol.:      -75.56919        0.00000        0.00000
wrapping first mol.:      -75.56919        0.00000        0.00000

 NSTEP =  7775000   TIME(PS) =   17250.000  TEMP(K) =   301.48  PRESS =     0.0
 Etot   =   -117148.9820  EKtot   =     20603.3809  EPtot      =   -137752.3629
 BOND   =       562.1129  ANGLE   =      1508.9968  DIHED      =      1011.4417
 UB     =         0.0000  IMP     =         0.0000  CMAP       =       139.7685
 1-4 NB =       646.7155  1-4 EEL =      5801.3782  VDWAALS    =     15866.4473
 EELEC  =   -163289.2237  EHBOND  =         0.0000  RESTRAINT  =         0.0000
 EKCMT  =         0.0000  VIRIAL  =         0.0000  VOLUME     =    332209.8464
                                                    Density    =         1.0361
 ------------------------------------------------------------------------------

wrapping first mol.:      -75.76318        0.00000        0.00000
wrapping first mol.:      -75.76318        0.00000        0.00000
wrapping first mol.:      -75.71507        0.00000        0.00000
wrapping first mol.:      -75.71507        0.00000        0.00000
wrapping first mol.:      -75.64981        0.00000        0.00000
wrapping first mol.:      -75.64981        0.00000        0.00000
wrapping first mol.:      -75.66303        0.00000        0.00000
wrapping first mol.:      -75.66303        0.00000        0.00000
wrapping first mol.:      -75.66807        0.00000        0.00000
wrapping first mol.:      -75.66807        0.00000        0.00000

 NSTEP =  7800000   TIME(PS) =   17300.000  TEMP(K) =   299.10  PRESS =     0.0
 Etot   =   -117096.6606  EKtot   =     20440.7344  EPtot      =   -137537.3950
 BOND   =       570.9862  ANGLE   =      1525.0446  DIHED      =       992.7464
 UB     =         0.0000  IMP     =         0.0000  CMAP       =       137.1635
 1-4 NB =       653.4314  1-4 EEL =      5803.8184  VDWAALS    =     16513.3630
 EELEC  =   -163733.9485  EHBOND  =         0.0000  RESTRAINT  =         0.0000
 EKCMT  =         0.0000  VIRIAL  =         0.0000  VOLUME     =    333515.6198
                                                    Density    =         1.0320
 ------------------------------------------------------------------------------

wrapping first mol.:      -75.71191        0.00000        0.00000
wrapping first mol.:      -75.71191        0.00000        0.00000
wrapping first mol.:      -75.66536        0.00000        0.00000
wrapping first mol.:      -75.66536        0.00000        0.00000
wrapping first mol.:      -75.73475        0.00000        0.00000
wrapping first mol.:      -75.73475        0.00000        0.00000
wrapping first mol.:      -75.78395        0.00000        0.00000
wrapping first mol.:      -75.78395        0.00000        0.00000
wrapping first mol.:      -75.65640        0.00000        0.00000
wrapping first mol.:      -75.65640        0.00000        0.00000

 NSTEP =  7825000   TIME(PS) =   17350.000  TEMP(K) =   303.36  PRESS =     0.0
 Etot   =   -116941.7299  EKtot   =     20731.9629  EPtot      =   -137673.6928
 BOND   =       598.8880  ANGLE   =      1509.6683  DIHED      =       994.9601
 UB     =         0.0000  IMP     =         0.0000  CMAP       =       141.1182
 1-4 NB =       631.6323  1-4 EEL =      5797.9002  VDWAALS    =     16436.9946
 EELEC  =   -163784.8546  EHBOND  =         0.0000  RESTRAINT  =         0.0000
 EKCMT  =         0.0000  VIRIAL  =         0.0000  VOLUME     =    333361.3293
                                                    Density    =         1.0325
 ------------------------------------------------------------------------------

wrapping first mol.:      -75.69852        0.00000        0.00000
wrapping first mol.:      -75.69852        0.00000        0.00000
wrapping first mol.:      -75.76332        0.00000        0.00000
wrapping first mol.:      -75.76332        0.00000        0.00000
wrapping first mol.:      -75.67420        0.00000        0.00000
wrapping first mol.:      -75.67420        0.00000        0.00000
wrapping first mol.:      -75.67293        0.00000        0.00000
wrapping first mol.:      -75.67293        0.00000        0.00000
wrapping first mol.:      -75.70850        0.00000        0.00000
wrapping first mol.:      -75.70850        0.00000        0.00000

 NSTEP =  7850000   TIME(PS) =   17400.000  TEMP(K) =   299.70  PRESS =     0.0
 Etot   =   -117524.1409  EKtot   =     20481.5938  EPtot      =   -138005.7347
 BOND   =       575.9162  ANGLE   =      1518.0975  DIHED      =      1007.0620
 UB     =         0.0000  IMP     =         0.0000  CMAP       =       124.2462
 1-4 NB =       637.0706  1-4 EEL =      5839.2154  VDWAALS    =     16369.2555
 EELEC  =   -164076.5981  EHBOND  =         0.0000  RESTRAINT  =         0.0000
 EKCMT  =         0.0000  VIRIAL  =         0.0000  VOLUME     =    334050.4843
                                                    Density    =         1.0304
 ------------------------------------------------------------------------------

wrapping first mol.:      -75.61123        0.00000        0.00000
wrapping first mol.:      -75.61123        0.00000        0.00000
wrapping first mol.:      -75.66771        0.00000        0.00000
wrapping first mol.:      -75.66771        0.00000        0.00000
wrapping first mol.:      -75.72625        0.00000        0.00000
wrapping first mol.:      -75.72625        0.00000        0.00000
wrapping first mol.:      -75.72429        0.00000        0.00000
wrapping first mol.:      -75.72429        0.00000        0.00000
wrapping first mol.:      -75.64188        0.00000        0.00000
wrapping first mol.:      -75.64188        0.00000        0.00000

 NSTEP =  7875000   TIME(PS) =   17450.000  TEMP(K) =   300.56  PRESS =     0.0
 Etot   =   -117646.4348  EKtot   =     20540.7461  EPtot      =   -138187.1809
 BOND   =       551.2588  ANGLE   =      1524.3973  DIHED      =       994.8358
 UB     =         0.0000  IMP     =         0.0000  CMAP       =       126.6376
 1-4 NB =       645.7486  1-4 EEL =      5862.1075  VDWAALS    =     16660.2409
 EELEC  =   -164552.4074  EHBOND  =         0.0000  RESTRAINT  =         0.0000
 EKCMT  =         0.0000  VIRIAL  =         0.0000  VOLUME     =    333169.4020
                                                    Density    =         1.0331
 ------------------------------------------------------------------------------

wrapping first mol.:      -75.62919        0.00000        0.00000
wrapping first mol.:      -75.62919        0.00000        0.00000
wrapping first mol.:      -75.77452        0.00000        0.00000
wrapping first mol.:      -75.77452        0.00000        0.00000
wrapping first mol.:      -75.59841        0.00000        0.00000
wrapping first mol.:      -75.59841        0.00000        0.00000
wrapping first mol.:      -75.61803        0.00000        0.00000
wrapping first mol.:      -75.61803        0.00000        0.00000
wrapping first mol.:      -75.69402        0.00000        0.00000
wrapping first mol.:      -75.69402        0.00000        0.00000

 NSTEP =  7900000   TIME(PS) =   17500.000  TEMP(K) =   298.98  PRESS =     0.0
 Etot   =   -117135.1686  EKtot   =     20432.5977  EPtot      =   -137567.7663
 BOND   =       608.5109  ANGLE   =      1471.5642  DIHED      =      1018.6112
 UB     =         0.0000  IMP     =         0.0000  CMAP       =       145.1508
 1-4 NB =       658.9675  1-4 EEL =      5859.2821  VDWAALS    =     16328.5928
 EELEC  =   -163658.4458  EHBOND  =         0.0000  RESTRAINT  =         0.0000
 EKCMT  =         0.0000  VIRIAL  =         0.0000  VOLUME     =    333858.8599
                                                    Density    =         1.0310
 ------------------------------------------------------------------------------

wrapping first mol.:      -75.69779        0.00000        0.00000
wrapping first mol.:      -75.69779        0.00000        0.00000
wrapping first mol.:      -75.70484        0.00000        0.00000
wrapping first mol.:      -75.70484        0.00000        0.00000
wrapping first mol.:      -75.69363        0.00000        0.00000
wrapping first mol.:      -75.69363        0.00000        0.00000
wrapping first mol.:      -75.62610        0.00000        0.00000
wrapping first mol.:      -75.62610        0.00000        0.00000
wrapping first mol.:      -75.74030        0.00000        0.00000
wrapping first mol.:      -75.74030        0.00000        0.00000

 NSTEP =  7925000   TIME(PS) =   17550.000  TEMP(K) =   298.86  PRESS =     0.0
 Etot   =   -116971.7463  EKtot   =     20424.2305  EPtot      =   -137395.9767
 BOND   =       600.3405  ANGLE   =      1538.3032  DIHED      =      1003.3362
 UB     =         0.0000  IMP     =         0.0000  CMAP       =       128.0194
 1-4 NB =       640.6405  1-4 EEL =      5819.8738  VDWAALS    =     16501.7980
 EELEC  =   -163628.2884  EHBOND  =         0.0000  RESTRAINT  =         0.0000
 EKCMT  =         0.0000  VIRIAL  =         0.0000  VOLUME     =    334471.6212
                                                    Density    =         1.0291
 ------------------------------------------------------------------------------

wrapping first mol.:      -75.67381        0.00000        0.00000
wrapping first mol.:      -75.67381        0.00000        0.00000
wrapping first mol.:      -75.69685        0.00000        0.00000
wrapping first mol.:      -75.69685        0.00000        0.00000
wrapping first mol.:      -75.73403        0.00000        0.00000
wrapping first mol.:      -75.73403        0.00000        0.00000
wrapping first mol.:      -75.70966        0.00000        0.00000
wrapping first mol.:      -75.70966        0.00000        0.00000
wrapping first mol.:      -75.64447        0.00000        0.00000
wrapping first mol.:      -75.64447        0.00000        0.00000

 NSTEP =  7950000   TIME(PS) =   17600.000  TEMP(K) =   299.33  PRESS =     0.0
 Etot   =   -117307.3997  EKtot   =     20456.4258  EPtot      =   -137763.8255
 BOND   =       540.5782  ANGLE   =      1521.2483  DIHED      =      1004.9327
 UB     =         0.0000  IMP     =         0.0000  CMAP       =       136.1775
 1-4 NB =       631.0484  1-4 EEL =      5840.9255  VDWAALS    =     16234.6220
 EELEC  =   -163673.3580  EHBOND  =         0.0000  RESTRAINT  =         0.0000
 EKCMT  =         0.0000  VIRIAL  =         0.0000  VOLUME     =    333203.6630
                                                    Density    =         1.0330
 ------------------------------------------------------------------------------

wrapping first mol.:      -75.63807        0.00000        0.00000
wrapping first mol.:      -75.63807        0.00000        0.00000
wrapping first mol.:      -75.61155        0.00000        0.00000
wrapping first mol.:      -75.61155        0.00000        0.00000
wrapping first mol.:      -75.71329        0.00000        0.00000
wrapping first mol.:      -75.71329        0.00000        0.00000
wrapping first mol.:      -75.71230        0.00000        0.00000
wrapping first mol.:      -75.71230        0.00000        0.00000
wrapping first mol.:      -75.66615        0.00000        0.00000
wrapping first mol.:      -75.66615        0.00000        0.00000

 NSTEP =  7975000   TIME(PS) =   17650.000  TEMP(K) =   297.97  PRESS =     0.0
 Etot   =   -117578.8221  EKtot   =     20363.5859  EPtot      =   -137942.4080
 BOND   =       572.7337  ANGLE   =      1531.1783  DIHED      =      1003.7344
 UB     =         0.0000  IMP     =         0.0000  CMAP       =       134.8189
 1-4 NB =       642.0512  1-4 EEL =      5839.9453  VDWAALS    =     16931.0323
 EELEC  =   -164597.9021  EHBOND  =         0.0000  RESTRAINT  =         0.0000
 EKCMT  =         0.0000  VIRIAL  =         0.0000  VOLUME     =    333490.1538
                                                    Density    =         1.0321
 ------------------------------------------------------------------------------

wrapping first mol.:      -75.66642        0.00000        0.00000
wrapping first mol.:      -75.66642        0.00000        0.00000
wrapping first mol.:      -75.74701        0.00000        0.00000
wrapping first mol.:      -75.74701        0.00000        0.00000
wrapping first mol.:      -75.71258        0.00000        0.00000
wrapping first mol.:      -75.71258        0.00000        0.00000
wrapping first mol.:      -75.62691        0.00000        0.00000
wrapping first mol.:      -75.62691        0.00000        0.00000
wrapping first mol.:      -75.71487        0.00000        0.00000
wrapping first mol.:      -75.71487        0.00000        0.00000

 NSTEP =  8000000   TIME(PS) =   17700.000  TEMP(K) =   300.75  PRESS =     0.0
 Etot   =   -117168.1149  EKtot   =     20553.3613  EPtot      =   -137721.4762
 BOND   =       523.1404  ANGLE   =      1560.8897  DIHED      =       978.9466
 UB     =         0.0000  IMP     =         0.0000  CMAP       =       138.8546
 1-4 NB =       636.9055  1-4 EEL =      5810.7940  VDWAALS    =     16634.6460
 EELEC  =   -164005.6530  EHBOND  =         0.0000  RESTRAINT  =         0.0000
 EKCMT  =         0.0000  VIRIAL  =         0.0000  VOLUME     =    334134.7712
                                                    Density    =         1.0301
 ------------------------------------------------------------------------------

wrapping first mol.:      -75.68553        0.00000        0.00000
wrapping first mol.:      -75.68553        0.00000        0.00000
wrapping first mol.:      -75.64545        0.00000        0.00000
wrapping first mol.:      -75.64545        0.00000        0.00000
wrapping first mol.:      -75.66781        0.00000        0.00000
wrapping first mol.:      -75.66781        0.00000        0.00000
wrapping first mol.:      -75.66141        0.00000        0.00000
wrapping first mol.:      -75.66141        0.00000        0.00000
wrapping first mol.:      -75.56786        0.00000        0.00000
wrapping first mol.:      -75.56786        0.00000        0.00000

 NSTEP =  8025000   TIME(PS) =   17750.000  TEMP(K) =   299.49  PRESS =     0.0
 Etot   =   -117529.1703  EKtot   =     20466.9980  EPtot      =   -137996.1683
 BOND   =       589.6664  ANGLE   =      1506.4722  DIHED      =      1005.6569
 UB     =         0.0000  IMP     =         0.0000  CMAP       =       132.7153
 1-4 NB =       661.0936  1-4 EEL =      5875.3675  VDWAALS    =     16875.2452
 EELEC  =   -164642.3854  EHBOND  =         0.0000  RESTRAINT  =         0.0000
 EKCMT  =         0.0000  VIRIAL  =         0.0000  VOLUME     =    332192.3110
                                                    Density    =         1.0361
 ------------------------------------------------------------------------------

wrapping first mol.:      -75.66686        0.00000        0.00000
wrapping first mol.:      -75.66686        0.00000        0.00000
wrapping first mol.:      -75.64759        0.00000        0.00000
wrapping first mol.:      -75.64759        0.00000        0.00000
wrapping first mol.:      -75.70297        0.00000        0.00000
wrapping first mol.:      -75.70297        0.00000        0.00000
wrapping first mol.:      -75.66131        0.00000        0.00000
wrapping first mol.:      -75.66131        0.00000        0.00000
wrapping first mol.:      -75.70839        0.00000        0.00000
wrapping first mol.:      -75.70839        0.00000        0.00000

 NSTEP =  8050000   TIME(PS) =   17800.000  TEMP(K) =   299.91  PRESS =     0.0
 Etot   =   -117053.8182  EKtot   =     20496.0039  EPtot      =   -137549.8221
 BOND   =       570.5845  ANGLE   =      1547.4364  DIHED      =       984.3747
 UB     =         0.0000  IMP     =         0.0000  CMAP       =       134.3668
 1-4 NB =       649.1227  1-4 EEL =      5838.7438  VDWAALS    =     16337.1543
 EELEC  =   -163611.6053  EHBOND  =         0.0000  RESTRAINT  =         0.0000
 EKCMT  =         0.0000  VIRIAL  =         0.0000  VOLUME     =    334048.9460
                                                    Density    =         1.0304
 ------------------------------------------------------------------------------

wrapping first mol.:      -75.55869        0.00000        0.00000
wrapping first mol.:      -75.55869        0.00000        0.00000
wrapping first mol.:      -75.69382        0.00000        0.00000
wrapping first mol.:      -75.69382        0.00000        0.00000
wrapping first mol.:      -75.79527        0.00000        0.00000
wrapping first mol.:      -75.79527        0.00000        0.00000
wrapping first mol.:      -75.58806        0.00000        0.00000
wrapping first mol.:      -75.58806        0.00000        0.00000
wrapping first mol.:      -75.65632        0.00000        0.00000
wrapping first mol.:      -75.65632        0.00000        0.00000

 NSTEP =  8075000   TIME(PS) =   17850.000  TEMP(K) =   301.79  PRESS =     0.0
 Etot   =   -117117.3262  EKtot   =     20624.4277  EPtot      =   -137741.7539
 BOND   =       578.0853  ANGLE   =      1536.1799  DIHED      =       991.4353
 UB     =         0.0000  IMP     =         0.0000  CMAP       =       146.8779
 1-4 NB =       634.3838  1-4 EEL =      5864.6751  VDWAALS    =     16383.6437
 EELEC  =   -163877.0349  EHBOND  =         0.0000  RESTRAINT  =         0.0000
 EKCMT  =         0.0000  VIRIAL  =         0.0000  VOLUME     =    333360.2722
                                                    Density    =         1.0325
 ------------------------------------------------------------------------------

wrapping first mol.:      -75.83834        0.00000        0.00000
wrapping first mol.:      -75.83834        0.00000        0.00000
wrapping first mol.:      -75.79504        0.00000        0.00000
wrapping first mol.:      -75.79504        0.00000        0.00000
wrapping first mol.:      -75.59341        0.00000        0.00000
wrapping first mol.:      -75.59341        0.00000        0.00000
wrapping first mol.:      -75.61857        0.00000        0.00000
wrapping first mol.:      -75.61857        0.00000        0.00000
wrapping first mol.:      -75.70374        0.00000        0.00000
wrapping first mol.:      -75.70374        0.00000        0.00000

 NSTEP =  8100000   TIME(PS) =   17900.000  TEMP(K) =   299.12  PRESS =     0.0
 Etot   =   -117465.4162  EKtot   =     20442.0195  EPtot      =   -137907.4357
 BOND   =       579.5187  ANGLE   =      1488.1485  DIHED      =      1004.9655
 UB     =         0.0000  IMP     =         0.0000  CMAP       =       135.1644
 1-4 NB =       632.0235  1-4 EEL =      5830.9928  VDWAALS    =     16320.1144
 EELEC  =   -163898.3635  EHBOND  =         0.0000  RESTRAINT  =         0.0000
 EKCMT  =         0.0000  VIRIAL  =         0.0000  VOLUME     =    333987.4318
                                                    Density    =         1.0306
 ------------------------------------------------------------------------------

wrapping first mol.:      -75.67182        0.00000        0.00000
wrapping first mol.:      -75.67182        0.00000        0.00000
wrapping first mol.:      -75.74785        0.00000        0.00000
wrapping first mol.:      -75.74785        0.00000        0.00000
wrapping first mol.:      -75.68219        0.00000        0.00000
wrapping first mol.:      -75.68219        0.00000        0.00000
wrapping first mol.:      -75.66197        0.00000        0.00000
wrapping first mol.:      -75.66197        0.00000        0.00000
wrapping first mol.:      -75.70407        0.00000        0.00000
wrapping first mol.:      -75.70407        0.00000        0.00000

 NSTEP =  8125000   TIME(PS) =   17950.000  TEMP(K) =   301.34  PRESS =     0.0
 Etot   =   -116731.7673  EKtot   =     20593.7949  EPtot      =   -137325.5622
 BOND   =       574.0497  ANGLE   =      1562.9422  DIHED      =       982.1688
 UB     =         0.0000  IMP     =         0.0000  CMAP       =       129.7297
 1-4 NB =       636.0786  1-4 EEL =      5848.2234  VDWAALS    =     16232.0252
 EELEC  =   -163290.7796  EHBOND  =         0.0000  RESTRAINT  =         0.0000
 EKCMT  =         0.0000  VIRIAL  =         0.0000  VOLUME     =    333991.8159
                                                    Density    =         1.0306
 ------------------------------------------------------------------------------

wrapping first mol.:      -75.62885        0.00000        0.00000
wrapping first mol.:      -75.62885        0.00000        0.00000
wrapping first mol.:      -75.67846        0.00000        0.00000
wrapping first mol.:      -75.67846        0.00000        0.00000
wrapping first mol.:      -75.66389        0.00000        0.00000
wrapping first mol.:      -75.66389        0.00000        0.00000
wrapping first mol.:      -75.70649        0.00000        0.00000
wrapping first mol.:      -75.70649        0.00000        0.00000
wrapping first mol.:      -75.76189        0.00000        0.00000
wrapping first mol.:      -75.76189        0.00000        0.00000

 NSTEP =  8150000   TIME(PS) =   18000.000  TEMP(K) =   298.54  PRESS =     0.0
 Etot   =   -117369.0071  EKtot   =     20402.2988  EPtot      =   -137771.3060
 BOND   =       553.0448  ANGLE   =      1489.2874  DIHED      =      1011.2509
 UB     =         0.0000  IMP     =         0.0000  CMAP       =       130.9272
 1-4 NB =       645.6014  1-4 EEL =      5889.3964  VDWAALS    =     16610.1336
 EELEC  =   -164100.9477  EHBOND  =         0.0000  RESTRAINT  =         0.0000
 EKCMT  =         0.0000  VIRIAL  =         0.0000  VOLUME     =    334757.6346
                                                    Density    =         1.0282
 ------------------------------------------------------------------------------

wrapping first mol.:      -75.70718        0.00000        0.00000
wrapping first mol.:      -75.70718        0.00000        0.00000
wrapping first mol.:      -75.70849        0.00000        0.00000
wrapping first mol.:      -75.70849        0.00000        0.00000
wrapping first mol.:      -75.71807        0.00000        0.00000
wrapping first mol.:      -75.71807        0.00000        0.00000
wrapping first mol.:      -75.65514        0.00000        0.00000
wrapping first mol.:      -75.65514        0.00000        0.00000
wrapping first mol.:      -75.68608        0.00000        0.00000
wrapping first mol.:      -75.68608        0.00000        0.00000

 NSTEP =  8175000   TIME(PS) =   18050.000  TEMP(K) =   296.40  PRESS =     0.0
 Etot   =   -117538.5110  EKtot   =     20256.1914  EPtot      =   -137794.7024
 BOND   =       571.6188  ANGLE   =      1559.2245  DIHED      =      1024.1593
 UB     =         0.0000  IMP     =         0.0000  CMAP       =       146.0723
 1-4 NB =       642.1911  1-4 EEL =      5813.6577  VDWAALS    =     16592.4078
 EELEC  =   -164144.0340  EHBOND  =         0.0000  RESTRAINT  =         0.0000
 EKCMT  =         0.0000  VIRIAL  =         0.0000  VOLUME     =    333753.7360
                                                    Density    =         1.0313
 ------------------------------------------------------------------------------

wrapping first mol.:      -75.59461        0.00000        0.00000
wrapping first mol.:      -75.59461        0.00000        0.00000
wrapping first mol.:      -75.68016        0.00000        0.00000
wrapping first mol.:      -75.68016        0.00000        0.00000
wrapping first mol.:      -75.60995        0.00000        0.00000
wrapping first mol.:      -75.60995        0.00000        0.00000
wrapping first mol.:      -75.57986        0.00000        0.00000
wrapping first mol.:      -75.57986        0.00000        0.00000
wrapping first mol.:      -75.63774        0.00000        0.00000
wrapping first mol.:      -75.63774        0.00000        0.00000

 NSTEP =  8200000   TIME(PS) =   18100.000  TEMP(K) =   298.03  PRESS =     0.0
 Etot   =   -117544.8580  EKtot   =     20367.4434  EPtot      =   -137912.3014
 BOND   =       522.3707  ANGLE   =      1505.9616  DIHED      =      1000.8891
 UB     =         0.0000  IMP     =         0.0000  CMAP       =       144.1981
 1-4 NB =       654.1268  1-4 EEL =      5851.1934  VDWAALS    =     16486.3960
 EELEC  =   -164077.4371  EHBOND  =         0.0000  RESTRAINT  =         0.0000
 EKCMT  =         0.0000  VIRIAL  =         0.0000  VOLUME     =    333114.7010
                                                    Density    =         1.0333
 ------------------------------------------------------------------------------

wrapping first mol.:      -75.68783        0.00000        0.00000
wrapping first mol.:      -75.68783        0.00000        0.00000
wrapping first mol.:      -75.63530        0.00000        0.00000
wrapping first mol.:      -75.63530        0.00000        0.00000
wrapping first mol.:      -75.71705        0.00000        0.00000
wrapping first mol.:      -75.71705        0.00000        0.00000
wrapping first mol.:      -75.70751        0.00000        0.00000
wrapping first mol.:      -75.70751        0.00000        0.00000
wrapping first mol.:      -75.61147        0.00000        0.00000
wrapping first mol.:      -75.61147        0.00000        0.00000

 NSTEP =  8225000   TIME(PS) =   18150.000  TEMP(K) =   300.05  PRESS =     0.0
 Etot   =   -117237.2716  EKtot   =     20505.6777  EPtot      =   -137742.9494
 BOND   =       575.7002  ANGLE   =      1524.3606  DIHED      =       995.6897
 UB     =         0.0000  IMP     =         0.0000  CMAP       =       131.5119
 1-4 NB =       638.3667  1-4 EEL =      5854.4643  VDWAALS    =     16403.4068
 EELEC  =   -163866.4496  EHBOND  =         0.0000  RESTRAINT  =         0.0000
 EKCMT  =         0.0000  VIRIAL  =         0.0000  VOLUME     =    332767.7185
                                                    Density    =         1.0344
 ------------------------------------------------------------------------------

wrapping first mol.:      -75.69498        0.00000        0.00000
wrapping first mol.:      -75.69498        0.00000        0.00000
wrapping first mol.:      -75.74879        0.00000        0.00000
wrapping first mol.:      -75.74879        0.00000        0.00000
wrapping first mol.:      -75.68051        0.00000        0.00000
wrapping first mol.:      -75.68051        0.00000        0.00000
wrapping first mol.:      -75.62889        0.00000        0.00000
wrapping first mol.:      -75.62889        0.00000        0.00000
wrapping first mol.:      -75.69262        0.00000        0.00000
wrapping first mol.:      -75.69262        0.00000        0.00000

 NSTEP =  8250000   TIME(PS) =   18200.000  TEMP(K) =   301.23  PRESS =     0.0
 Etot   =   -117083.2293  EKtot   =     20586.2852  EPtot      =   -137669.5144
 BOND   =       564.8222  ANGLE   =      1526.7190  DIHED      =      1016.2799
 UB     =         0.0000  IMP     =         0.0000  CMAP       =       138.3172
 1-4 NB =       646.0271  1-4 EEL =      5851.4618  VDWAALS    =     16418.6672
 EELEC  =   -163831.8088  EHBOND  =         0.0000  RESTRAINT  =         0.0000
 EKCMT  =         0.0000  VIRIAL  =         0.0000  VOLUME     =    333840.3227
                                                    Density    =         1.0310
 ------------------------------------------------------------------------------

wrapping first mol.:      -75.81666        0.00000        0.00000
wrapping first mol.:      -75.81666        0.00000        0.00000
wrapping first mol.:      -75.78420        0.00000        0.00000
wrapping first mol.:      -75.78420        0.00000        0.00000
wrapping first mol.:      -75.73122        0.00000        0.00000
wrapping first mol.:      -75.73122        0.00000        0.00000
wrapping first mol.:      -75.62937        0.00000        0.00000
wrapping first mol.:      -75.62937        0.00000        0.00000
wrapping first mol.:      -75.58392        0.00000        0.00000
wrapping first mol.:      -75.58392        0.00000        0.00000

 NSTEP =  8275000   TIME(PS) =   18250.000  TEMP(K) =   298.66  PRESS =     0.0
 Etot   =   -117383.2309  EKtot   =     20410.8906  EPtot      =   -137794.1216
 BOND   =       606.4779  ANGLE   =      1545.5985  DIHED      =       998.0721
 UB     =         0.0000  IMP     =         0.0000  CMAP       =       131.6115
 1-4 NB =       649.9500  1-4 EEL =      5821.6896  VDWAALS    =     16656.2194
 EELEC  =   -164203.7405  EHBOND  =         0.0000  RESTRAINT  =         0.0000
 EKCMT  =         0.0000  VIRIAL  =         0.0000  VOLUME     =    332404.1612
                                                    Density    =         1.0355
 ------------------------------------------------------------------------------

wrapping first mol.:      -75.65928        0.00000        0.00000
wrapping first mol.:      -75.65928        0.00000        0.00000
wrapping first mol.:      -75.65319        0.00000        0.00000
wrapping first mol.:      -75.65319        0.00000        0.00000
wrapping first mol.:      -75.62806        0.00000        0.00000
wrapping first mol.:      -75.62806        0.00000        0.00000
wrapping first mol.:      -75.70844        0.00000        0.00000
wrapping first mol.:      -75.70844        0.00000        0.00000
wrapping first mol.:      -75.58392        0.00000        0.00000
wrapping first mol.:      -75.58392        0.00000        0.00000

 NSTEP =  8300000   TIME(PS) =   18300.000  TEMP(K) =   300.33  PRESS =     0.0
 Etot   =   -117297.9209  EKtot   =     20524.5195  EPtot      =   -137822.4404
 BOND   =       551.9359  ANGLE   =      1540.9785  DIHED      =       993.9770
 UB     =         0.0000  IMP     =         0.0000  CMAP       =       143.7356
 1-4 NB =       638.3007  1-4 EEL =      5836.4483  VDWAALS    =     16594.5480
 EELEC  =   -164122.3645  EHBOND  =         0.0000  RESTRAINT  =         0.0000
 EKCMT  =         0.0000  VIRIAL  =         0.0000  VOLUME     =    332404.1332
                                                    Density    =         1.0355
 ------------------------------------------------------------------------------

wrapping first mol.:      -75.69721        0.00000        0.00000
wrapping first mol.:      -75.69721        0.00000        0.00000
wrapping first mol.:      -75.60269        0.00000        0.00000
wrapping first mol.:      -75.60269        0.00000        0.00000
wrapping first mol.:      -75.56486        0.00000        0.00000
wrapping first mol.:      -75.56486        0.00000        0.00000
wrapping first mol.:      -75.67304        0.00000        0.00000
wrapping first mol.:      -75.67304        0.00000        0.00000
wrapping first mol.:      -75.66844        0.00000        0.00000
wrapping first mol.:      -75.66844        0.00000        0.00000

 NSTEP =  8325000   TIME(PS) =   18350.000  TEMP(K) =   297.10  PRESS =     0.0
 Etot   =   -117372.7027  EKtot   =     20304.0566  EPtot      =   -137676.7594
 BOND   =       545.6886  ANGLE   =      1529.1615  DIHED      =      1007.9760
 UB     =         0.0000  IMP     =         0.0000  CMAP       =       138.4137
 1-4 NB =       646.2363  1-4 EEL =      5826.1615  VDWAALS    =     16442.3958
 EELEC  =   -163812.7928  EHBOND  =         0.0000  RESTRAINT  =         0.0000
 EKCMT  =         0.0000  VIRIAL  =         0.0000  VOLUME     =    333520.4283
                                                    Density    =         1.0320
 ------------------------------------------------------------------------------

wrapping first mol.:      -75.64641        0.00000        0.00000
wrapping first mol.:      -75.64641        0.00000        0.00000
wrapping first mol.:      -75.75689        0.00000        0.00000
wrapping first mol.:      -75.75689        0.00000        0.00000
wrapping first mol.:      -75.70572        0.00000        0.00000
wrapping first mol.:      -75.70572        0.00000        0.00000
wrapping first mol.:      -75.69574        0.00000        0.00000
wrapping first mol.:      -75.69574        0.00000        0.00000
wrapping first mol.:      -75.72734        0.00000        0.00000
wrapping first mol.:      -75.72734        0.00000        0.00000

 NSTEP =  8350000   TIME(PS) =   18400.000  TEMP(K) =   298.28  PRESS =     0.0
 Etot   =   -117132.5440  EKtot   =     20384.3301  EPtot      =   -137516.8741
 BOND   =       565.5205  ANGLE   =      1579.8056  DIHED      =       992.4086
 UB     =         0.0000  IMP     =         0.0000  CMAP       =       145.6251
 1-4 NB =       654.2379  1-4 EEL =      5835.2070  VDWAALS    =     16515.9431
 EELEC  =   -163805.6219  EHBOND  =         0.0000  RESTRAINT  =         0.0000
 EKCMT  =         0.0000  VIRIAL  =         0.0000  VOLUME     =    334299.9195
                                                    Density    =         1.0296
 ------------------------------------------------------------------------------

wrapping first mol.:      -75.68644        0.00000        0.00000
wrapping first mol.:      -75.68644        0.00000        0.00000
wrapping first mol.:      -75.66547        0.00000        0.00000
wrapping first mol.:      -75.66547        0.00000        0.00000
wrapping first mol.:      -75.70610        0.00000        0.00000
wrapping first mol.:      -75.70610        0.00000        0.00000
wrapping first mol.:      -75.64753        0.00000        0.00000
wrapping first mol.:      -75.64753        0.00000        0.00000
wrapping first mol.:      -75.53140        0.00000        0.00000
wrapping first mol.:      -75.53140        0.00000        0.00000

 NSTEP =  8375000   TIME(PS) =   18450.000  TEMP(K) =   299.18  PRESS =     0.0
 Etot   =   -117277.6738  EKtot   =     20446.1191  EPtot      =   -137723.7930
 BOND   =       577.5828  ANGLE   =      1561.7253  DIHED      =       998.7557
 UB     =         0.0000  IMP     =         0.0000  CMAP       =       140.9146
 1-4 NB =       649.7452  1-4 EEL =      5873.5349  VDWAALS    =     16302.8755
 EELEC  =   -163828.9270  EHBOND  =         0.0000  RESTRAINT  =         0.0000
 EKCMT  =         0.0000  VIRIAL  =         0.0000  VOLUME     =    331711.7230
                                                    Density    =         1.0377
 ------------------------------------------------------------------------------

wrapping first mol.:      -75.62403        0.00000        0.00000
wrapping first mol.:      -75.62403        0.00000        0.00000
wrapping first mol.:      -75.63060        0.00000        0.00000
wrapping first mol.:      -75.63060        0.00000        0.00000
wrapping first mol.:      -75.64432        0.00000        0.00000
wrapping first mol.:      -75.64432        0.00000        0.00000
wrapping first mol.:      -75.74495        0.00000        0.00000
wrapping first mol.:      -75.74495        0.00000        0.00000
wrapping first mol.:      -75.71204        0.00000        0.00000
wrapping first mol.:      -75.71204        0.00000        0.00000

 NSTEP =  8400000   TIME(PS) =   18500.000  TEMP(K) =   297.79  PRESS =     0.0
 Etot   =   -117512.0379  EKtot   =     20351.0762  EPtot      =   -137863.1140
 BOND   =       585.3883  ANGLE   =      1544.4448  DIHED      =      1008.0761
 UB     =         0.0000  IMP     =         0.0000  CMAP       =       141.5549
 1-4 NB =       649.1770  1-4 EEL =      5796.0723  VDWAALS    =     16424.5263
 EELEC  =   -164012.3536  EHBOND  =         0.0000  RESTRAINT  =         0.0000
 EKCMT  =         0.0000  VIRIAL  =         0.0000  VOLUME     =    334097.2512
                                                    Density    =         1.0302
 ------------------------------------------------------------------------------

wrapping first mol.:      -75.69350        0.00000        0.00000
wrapping first mol.:      -75.69350        0.00000        0.00000
wrapping first mol.:      -75.64148        0.00000        0.00000
wrapping first mol.:      -75.64148        0.00000        0.00000
wrapping first mol.:      -75.64066        0.00000        0.00000
wrapping first mol.:      -75.64066        0.00000        0.00000
wrapping first mol.:      -75.69161        0.00000        0.00000
wrapping first mol.:      -75.69161        0.00000        0.00000
wrapping first mol.:      -75.67289        0.00000        0.00000
wrapping first mol.:      -75.67289        0.00000        0.00000

 NSTEP =  8425000   TIME(PS) =   18550.000  TEMP(K) =   299.19  PRESS =     0.0
 Etot   =   -116965.6095  EKtot   =     20446.6660  EPtot      =   -137412.2755
 BOND   =       537.4978  ANGLE   =      1467.2114  DIHED      =      1004.1538
 UB     =         0.0000  IMP     =         0.0000  CMAP       =       147.9456
 1-4 NB =       642.3639  1-4 EEL =      5873.6473  VDWAALS    =     16423.5036
 EELEC  =   -163508.5989  EHBOND  =         0.0000  RESTRAINT  =         0.0000
 EKCMT  =         0.0000  VIRIAL  =         0.0000  VOLUME     =    333579.2532
                                                    Density    =         1.0318
 ------------------------------------------------------------------------------

wrapping first mol.:      -75.73287        0.00000        0.00000
wrapping first mol.:      -75.73287        0.00000        0.00000
wrapping first mol.:      -75.70348        0.00000        0.00000
wrapping first mol.:      -75.70348        0.00000        0.00000
wrapping first mol.:      -75.68990        0.00000        0.00000
wrapping first mol.:      -75.68990        0.00000        0.00000
wrapping first mol.:      -75.64692        0.00000        0.00000
wrapping first mol.:      -75.64692        0.00000        0.00000
wrapping first mol.:      -75.63001        0.00000        0.00000
wrapping first mol.:      -75.63001        0.00000        0.00000

 NSTEP =  8450000   TIME(PS) =   18600.000  TEMP(K) =   300.94  PRESS =     0.0
 Etot   =   -117087.4912  EKtot   =     20566.4004  EPtot      =   -137653.8916
 BOND   =       532.5714  ANGLE   =      1561.5095  DIHED      =      1000.3754
 UB     =         0.0000  IMP     =         0.0000  CMAP       =       141.9862
 1-4 NB =       640.1541  1-4 EEL =      5840.4170  VDWAALS    =     16001.6905
 EELEC  =   -163372.5957  EHBOND  =         0.0000  RESTRAINT  =         0.0000
 EKCMT  =         0.0000  VIRIAL  =         0.0000  VOLUME     =    333012.6134
                                                    Density    =         1.0336
 ------------------------------------------------------------------------------

wrapping first mol.:      -75.59741        0.00000        0.00000
wrapping first mol.:      -75.59741        0.00000        0.00000
wrapping first mol.:      -75.54910        0.00000        0.00000
wrapping first mol.:      -75.54910        0.00000        0.00000
wrapping first mol.:      -75.64800        0.00000        0.00000
wrapping first mol.:      -75.64800        0.00000        0.00000
wrapping first mol.:      -75.80668        0.00000        0.00000
wrapping first mol.:      -75.80668        0.00000        0.00000
wrapping first mol.:      -75.71020        0.00000        0.00000
wrapping first mol.:      -75.71020        0.00000        0.00000

 NSTEP =  8475000   TIME(PS) =   18650.000  TEMP(K) =   300.05  PRESS =     0.0
 Etot   =   -117425.7412  EKtot   =     20505.8242  EPtot      =   -137931.5654
 BOND   =       548.1886  ANGLE   =      1518.6490  DIHED      =      1004.2036
 UB     =         0.0000  IMP     =         0.0000  CMAP       =       149.4943
 1-4 NB =       644.3866  1-4 EEL =      5838.2449  VDWAALS    =     16378.2249
 EELEC  =   -164012.9574  EHBOND  =         0.0000  RESTRAINT  =         0.0000
 EKCMT  =         0.0000  VIRIAL  =         0.0000  VOLUME     =    334072.9349
                                                    Density    =         1.0303
 ------------------------------------------------------------------------------

wrapping first mol.:      -75.62409        0.00000        0.00000
wrapping first mol.:      -75.62409        0.00000        0.00000
wrapping first mol.:      -75.74357        0.00000        0.00000
wrapping first mol.:      -75.74357        0.00000        0.00000
wrapping first mol.:      -75.69768        0.00000        0.00000
wrapping first mol.:      -75.69768        0.00000        0.00000
wrapping first mol.:      -75.67463        0.00000        0.00000
wrapping first mol.:      -75.67463        0.00000        0.00000
wrapping first mol.:      -75.66341        0.00000        0.00000
wrapping first mol.:      -75.66341        0.00000        0.00000

 NSTEP =  8500000   TIME(PS) =   18700.000  TEMP(K) =   300.30  PRESS =     0.0
 Etot   =   -117218.4541  EKtot   =     20522.9590  EPtot      =   -137741.4130
 BOND   =       532.1996  ANGLE   =      1497.6771  DIHED      =       997.1242
 UB     =         0.0000  IMP     =         0.0000  CMAP       =       128.7015
 1-4 NB =       657.8235  1-4 EEL =      5916.2791  VDWAALS    =     16221.2093
 EELEC  =   -163692.4272  EHBOND  =         0.0000  RESTRAINT  =         0.0000
 EKCMT  =         0.0000  VIRIAL  =         0.0000  VOLUME     =    333453.8887
                                                    Density    =         1.0322
 ------------------------------------------------------------------------------

wrapping first mol.:      -75.67391        0.00000        0.00000
wrapping first mol.:      -75.67391        0.00000        0.00000
wrapping first mol.:      -75.62485        0.00000        0.00000
wrapping first mol.:      -75.62485        0.00000        0.00000
wrapping first mol.:      -75.68094        0.00000        0.00000
wrapping first mol.:      -75.68094        0.00000        0.00000
wrapping first mol.:      -75.61981        0.00000        0.00000
wrapping first mol.:      -75.61981        0.00000        0.00000
wrapping first mol.:      -75.64655        0.00000        0.00000
wrapping first mol.:      -75.64655        0.00000        0.00000

 NSTEP =  8525000   TIME(PS) =   18750.000  TEMP(K) =   300.17  PRESS =     0.0
 Etot   =   -117096.8006  EKtot   =     20513.9219  EPtot      =   -137610.7225
 BOND   =       570.2459  ANGLE   =      1492.7007  DIHED      =      1002.7542
 UB     =         0.0000  IMP     =         0.0000  CMAP       =       142.2472
 1-4 NB =       641.7574  1-4 EEL =      5827.2251  VDWAALS    =     16350.0929
 EELEC  =   -163637.7459  EHBOND  =         0.0000  RESTRAINT  =         0.0000
 EKCMT  =         0.0000  VIRIAL  =         0.0000  VOLUME     =    333231.0586
                                                    Density    =         1.0329
 ------------------------------------------------------------------------------

wrapping first mol.:      -75.62033        0.00000        0.00000
wrapping first mol.:      -75.62033        0.00000        0.00000
wrapping first mol.:      -75.60217        0.00000        0.00000
wrapping first mol.:      -75.60217        0.00000        0.00000
wrapping first mol.:      -75.58137        0.00000        0.00000
wrapping first mol.:      -75.58137        0.00000        0.00000
wrapping first mol.:      -75.65178        0.00000        0.00000
wrapping first mol.:      -75.65178        0.00000        0.00000
wrapping first mol.:      -75.68383        0.00000        0.00000
wrapping first mol.:      -75.68383        0.00000        0.00000

 NSTEP =  8550000   TIME(PS) =   18800.000  TEMP(K) =   300.77  PRESS =     0.0
 Etot   =   -117018.0658  EKtot   =     20554.7793  EPtot      =   -137572.8451
 BOND   =       581.5805  ANGLE   =      1513.4903  DIHED      =      1023.5928
 UB     =         0.0000  IMP     =         0.0000  CMAP       =       143.4819
 1-4 NB =       647.7102  1-4 EEL =      5874.5392  VDWAALS    =     16367.7784
 EELEC  =   -163725.0184  EHBOND  =         0.0000  RESTRAINT  =         0.0000
 EKCMT  =         0.0000  VIRIAL  =         0.0000  VOLUME     =    333723.9763
                                                    Density    =         1.0314
 ------------------------------------------------------------------------------

wrapping first mol.:      -75.64639        0.00000        0.00000
wrapping first mol.:      -75.64639        0.00000        0.00000
wrapping first mol.:      -75.67959        0.00000        0.00000
wrapping first mol.:      -75.67959        0.00000        0.00000
wrapping first mol.:      -75.67700        0.00000        0.00000
wrapping first mol.:      -75.67700        0.00000        0.00000
wrapping first mol.:      -75.77260        0.00000        0.00000
wrapping first mol.:      -75.77260        0.00000        0.00000
wrapping first mol.:      -75.69590        0.00000        0.00000
wrapping first mol.:      -75.69590        0.00000        0.00000

 NSTEP =  8575000   TIME(PS) =   18850.000  TEMP(K) =   301.92  PRESS =     0.0
 Etot   =   -116840.9087  EKtot   =     20633.2734  EPtot      =   -137474.1821
 BOND   =       601.7353  ANGLE   =      1534.5885  DIHED      =       988.6284
 UB     =         0.0000  IMP     =         0.0000  CMAP       =       139.1358
 1-4 NB =       644.1771  1-4 EEL =      5843.1448  VDWAALS    =     16351.1206
 EELEC  =   -163576.7125  EHBOND  =         0.0000  RESTRAINT  =         0.0000
 EKCMT  =         0.0000  VIRIAL  =         0.0000  VOLUME     =    333883.6990
                                                    Density    =         1.0309
 ------------------------------------------------------------------------------

wrapping first mol.:      -75.63552        0.00000        0.00000
wrapping first mol.:      -75.63552        0.00000        0.00000
wrapping first mol.:      -75.70830        0.00000        0.00000
wrapping first mol.:      -75.70830        0.00000        0.00000
wrapping first mol.:      -75.72837        0.00000        0.00000
wrapping first mol.:      -75.72837        0.00000        0.00000
wrapping first mol.:      -75.71232        0.00000        0.00000
wrapping first mol.:      -75.71232        0.00000        0.00000
wrapping first mol.:      -75.52031        0.00000        0.00000
wrapping first mol.:      -75.52031        0.00000        0.00000

 NSTEP =  8600000   TIME(PS) =   18900.000  TEMP(K) =   299.78  PRESS =     0.0
 Etot   =   -117352.7392  EKtot   =     20486.9473  EPtot      =   -137839.6865
 BOND   =       564.1199  ANGLE   =      1501.3465  DIHED      =       995.1710
 UB     =         0.0000  IMP     =         0.0000  CMAP       =       124.7002
 1-4 NB =       650.6202  1-4 EEL =      5839.0038  VDWAALS    =     16595.1070
 EELEC  =   -164109.7552  EHBOND  =         0.0000  RESTRAINT  =         0.0000
 EKCMT  =         0.0000  VIRIAL  =         0.0000  VOLUME     =    331565.6191
                                                    Density    =         1.0381
 ------------------------------------------------------------------------------

wrapping first mol.:      -75.66124        0.00000        0.00000
wrapping first mol.:      -75.66124        0.00000        0.00000
wrapping first mol.:      -75.69336        0.00000        0.00000
wrapping first mol.:      -75.69336        0.00000        0.00000
wrapping first mol.:      -75.67192        0.00000        0.00000
wrapping first mol.:      -75.67192        0.00000        0.00000
wrapping first mol.:      -75.74907        0.00000        0.00000
wrapping first mol.:      -75.74907        0.00000        0.00000
wrapping first mol.:      -75.68698        0.00000        0.00000
wrapping first mol.:      -75.68698        0.00000        0.00000

 NSTEP =  8625000   TIME(PS) =   18950.000  TEMP(K) =   300.46  PRESS =     0.0
 Etot   =   -116988.4570  EKtot   =     20533.6953  EPtot      =   -137522.1523
 BOND   =       549.9900  ANGLE   =      1487.0433  DIHED      =      1000.1215
 UB     =         0.0000  IMP     =         0.0000  CMAP       =       133.9884
 1-4 NB =       645.0072  1-4 EEL =      5828.4958  VDWAALS    =     16392.2403
 EELEC  =   -163559.0388  EHBOND  =         0.0000  RESTRAINT  =         0.0000
 EKCMT  =         0.0000  VIRIAL  =         0.0000  VOLUME     =    333765.6425
                                                    Density    =         1.0313
 ------------------------------------------------------------------------------

wrapping first mol.:      -75.71467        0.00000        0.00000
wrapping first mol.:      -75.71467        0.00000        0.00000
wrapping first mol.:      -75.61382        0.00000        0.00000
wrapping first mol.:      -75.61382        0.00000        0.00000
wrapping first mol.:      -75.61999        0.00000        0.00000
wrapping first mol.:      -75.61999        0.00000        0.00000
wrapping first mol.:      -75.66275        0.00000        0.00000
wrapping first mol.:      -75.66275        0.00000        0.00000
wrapping first mol.:      -75.62617        0.00000        0.00000
wrapping first mol.:      -75.62617        0.00000        0.00000

 NSTEP =  8650000   TIME(PS) =   19000.000  TEMP(K) =   300.56  PRESS =     0.0
 Etot   =   -117129.9254  EKtot   =     20540.7168  EPtot      =   -137670.6422
 BOND   =       557.6356  ANGLE   =      1473.2338  DIHED      =       998.6599
 UB     =         0.0000  IMP     =         0.0000  CMAP       =       127.1341
 1-4 NB =       647.8798  1-4 EEL =      5836.0492  VDWAALS    =     16248.3051
 EELEC  =   -163559.5398  EHBOND  =         0.0000  RESTRAINT  =         0.0000
 EKCMT  =         0.0000  VIRIAL  =         0.0000  VOLUME     =    332961.8319
                                                    Density    =         1.0338
 ------------------------------------------------------------------------------

wrapping first mol.:      -75.70205        0.00000        0.00000
wrapping first mol.:      -75.70205        0.00000        0.00000
wrapping first mol.:      -75.61755        0.00000        0.00000
wrapping first mol.:      -75.61755        0.00000        0.00000
wrapping first mol.:      -75.74038        0.00000        0.00000
wrapping first mol.:      -75.74038        0.00000        0.00000
wrapping first mol.:      -75.60699        0.00000        0.00000
wrapping first mol.:      -75.60699        0.00000        0.00000
wrapping first mol.:      -75.73688        0.00000        0.00000
wrapping first mol.:      -75.73688        0.00000        0.00000

 NSTEP =  8675000   TIME(PS) =   19050.000  TEMP(K) =   301.70  PRESS =     0.0
 Etot   =   -117012.3726  EKtot   =     20618.3301  EPtot      =   -137630.7027
 BOND   =       575.8283  ANGLE   =      1526.0363  DIHED      =      1014.6820
 UB     =         0.0000  IMP     =         0.0000  CMAP       =       125.8240
 1-4 NB =       642.4122  1-4 EEL =      5783.1943  VDWAALS    =     16313.3225
 EELEC  =   -163612.0023  EHBOND  =         0.0000  RESTRAINT  =         0.0000
 EKCMT  =         0.0000  VIRIAL  =         0.0000  VOLUME     =    334426.2000
                                                    Density    =         1.0292
 ------------------------------------------------------------------------------

wrapping first mol.:      -75.69001        0.00000        0.00000
wrapping first mol.:      -75.69001        0.00000        0.00000
wrapping first mol.:      -75.68025        0.00000        0.00000
wrapping first mol.:      -75.68025        0.00000        0.00000
wrapping first mol.:      -75.69964        0.00000        0.00000
wrapping first mol.:      -75.69964        0.00000        0.00000
wrapping first mol.:      -75.63845        0.00000        0.00000
wrapping first mol.:      -75.63845        0.00000        0.00000
wrapping first mol.:      -75.79006        0.00000        0.00000
wrapping first mol.:      -75.79006        0.00000        0.00000

 NSTEP =  8700000   TIME(PS) =   19100.000  TEMP(K) =   298.08  PRESS =     0.0
 Etot   =   -117116.3703  EKtot   =     20371.1289  EPtot      =   -137487.4992
 BOND   =       550.7343  ANGLE   =      1437.9671  DIHED      =       992.4416
 UB     =         0.0000  IMP     =         0.0000  CMAP       =       137.6376
 1-4 NB =       662.3541  1-4 EEL =      5850.3543  VDWAALS    =     16299.1635
 EELEC  =   -163418.1519  EHBOND  =         0.0000  RESTRAINT  =         0.0000
 EKCMT  =         0.0000  VIRIAL  =         0.0000  VOLUME     =    335131.1692
                                                    Density    =         1.0271
 ------------------------------------------------------------------------------

wrapping first mol.:      -75.57571        0.00000        0.00000
wrapping first mol.:      -75.57571        0.00000        0.00000
wrapping first mol.:      -75.77311        0.00000        0.00000
wrapping first mol.:      -75.77311        0.00000        0.00000
wrapping first mol.:      -75.65155        0.00000        0.00000
wrapping first mol.:      -75.65155        0.00000        0.00000
wrapping first mol.:      -75.67668        0.00000        0.00000
wrapping first mol.:      -75.67668        0.00000        0.00000
wrapping first mol.:      -75.71165        0.00000        0.00000
wrapping first mol.:      -75.71165        0.00000        0.00000

 NSTEP =  8725000   TIME(PS) =   19150.000  TEMP(K) =   299.97  PRESS =     0.0
 Etot   =   -117237.1151  EKtot   =     20500.1914  EPtot      =   -137737.3065
 BOND   =       586.6898  ANGLE   =      1532.6876  DIHED      =      1008.0511
 UB     =         0.0000  IMP     =         0.0000  CMAP       =       139.7370
 1-4 NB =       655.1432  1-4 EEL =      5833.9264  VDWAALS    =     16544.6211
 EELEC  =   -164038.1627  EHBOND  =         0.0000  RESTRAINT  =         0.0000
 EKCMT  =         0.0000  VIRIAL  =         0.0000  VOLUME     =    334092.2010
                                                    Density    =         1.0303
 ------------------------------------------------------------------------------

wrapping first mol.:      -75.72351        0.00000        0.00000
wrapping first mol.:      -75.72351        0.00000        0.00000
wrapping first mol.:      -75.63527        0.00000        0.00000
wrapping first mol.:      -75.63527        0.00000        0.00000
wrapping first mol.:      -75.67474        0.00000        0.00000
wrapping first mol.:      -75.67474        0.00000        0.00000
wrapping first mol.:      -75.78325        0.00000        0.00000
wrapping first mol.:      -75.78325        0.00000        0.00000
wrapping first mol.:      -75.66943        0.00000        0.00000
wrapping first mol.:      -75.66943        0.00000        0.00000

 NSTEP =  8750000   TIME(PS) =   19200.000  TEMP(K) =   300.23  PRESS =     0.0
 Etot   =   -116976.7705  EKtot   =     20517.8555  EPtot      =   -137494.6260
 BOND   =       540.0818  ANGLE   =      1525.6770  DIHED      =       985.5528
 UB     =         0.0000  IMP     =         0.0000  CMAP       =       141.1989
 1-4 NB =       636.1700  1-4 EEL =      5843.2796  VDWAALS    =     16108.2710
 EELEC  =   -163274.8572  EHBOND  =         0.0000  RESTRAINT  =         0.0000
 EKCMT  =         0.0000  VIRIAL  =         0.0000  VOLUME     =    333533.6016
                                                    Density    =         1.0320
 ------------------------------------------------------------------------------

wrapping first mol.:      -75.69176        0.00000        0.00000
wrapping first mol.:      -75.69176        0.00000        0.00000
wrapping first mol.:      -75.58526        0.00000        0.00000
wrapping first mol.:      -75.58526        0.00000        0.00000
wrapping first mol.:      -75.71299        0.00000        0.00000
wrapping first mol.:      -75.71299        0.00000        0.00000
wrapping first mol.:      -75.64883        0.00000        0.00000
wrapping first mol.:      -75.64883        0.00000        0.00000
wrapping first mol.:      -75.58842        0.00000        0.00000
wrapping first mol.:      -75.58842        0.00000        0.00000

 NSTEP =  8775000   TIME(PS) =   19250.000  TEMP(K) =   303.37  PRESS =     0.0
 Etot   =   -116932.9253  EKtot   =     20732.5547  EPtot      =   -137665.4800
 BOND   =       570.0919  ANGLE   =      1460.0769  DIHED      =       989.6478
 UB     =         0.0000  IMP     =         0.0000  CMAP       =       146.2862
 1-4 NB =       631.9221  1-4 EEL =      5843.3989  VDWAALS    =     16140.9381
 EELEC  =   -163447.8420  EHBOND  =         0.0000  RESTRAINT  =         0.0000
 EKCMT  =         0.0000  VIRIAL  =         0.0000  VOLUME     =    332463.4390
                                                    Density    =         1.0353
 ------------------------------------------------------------------------------

wrapping first mol.:      -75.63887        0.00000        0.00000
wrapping first mol.:      -75.63887        0.00000        0.00000
wrapping first mol.:      -75.60992        0.00000        0.00000
wrapping first mol.:      -75.60992        0.00000        0.00000
wrapping first mol.:      -75.67902        0.00000        0.00000
wrapping first mol.:      -75.67902        0.00000        0.00000
wrapping first mol.:      -75.64149        0.00000        0.00000
wrapping first mol.:      -75.64149        0.00000        0.00000
wrapping first mol.:      -75.69679        0.00000        0.00000
wrapping first mol.:      -75.69679        0.00000        0.00000

 NSTEP =  8800000   TIME(PS) =   19300.000  TEMP(K) =   298.79  PRESS =     0.0
 Etot   =   -117470.3081  EKtot   =     20419.1875  EPtot      =   -137889.4956
 BOND   =       569.9454  ANGLE   =      1473.4761  DIHED      =       991.5227
 UB     =         0.0000  IMP     =         0.0000  CMAP       =       144.5248
 1-4 NB =       640.4951  1-4 EEL =      5797.8954  VDWAALS    =     16674.9386
 EELEC  =   -164182.2937  EHBOND  =         0.0000  RESTRAINT  =         0.0000
 EKCMT  =         0.0000  VIRIAL  =         0.0000  VOLUME     =    333895.4576
                                                    Density    =         1.0309
 ------------------------------------------------------------------------------

wrapping first mol.:      -75.75608        0.00000        0.00000
wrapping first mol.:      -75.75608        0.00000        0.00000
wrapping first mol.:      -75.74901        0.00000        0.00000
wrapping first mol.:      -75.74901        0.00000        0.00000
wrapping first mol.:      -75.72804        0.00000        0.00000
wrapping first mol.:      -75.72804        0.00000        0.00000
wrapping first mol.:      -75.70158        0.00000        0.00000
wrapping first mol.:      -75.70158        0.00000        0.00000
wrapping first mol.:      -75.75620        0.00000        0.00000
wrapping first mol.:      -75.75620        0.00000        0.00000

 NSTEP =  8825000   TIME(PS) =   19350.000  TEMP(K) =   298.10  PRESS =     0.0
 Etot   =   -117088.0753  EKtot   =     20372.0332  EPtot      =   -137460.1085
 BOND   =       536.0082  ANGLE   =      1523.0408  DIHED      =       994.5470
 UB     =         0.0000  IMP     =         0.0000  CMAP       =       136.8656
 1-4 NB =       649.1459  1-4 EEL =      5900.6062  VDWAALS    =     16490.3331
 EELEC  =   -163690.6554  EHBOND  =         0.0000  RESTRAINT  =         0.0000
 EKCMT  =         0.0000  VIRIAL  =         0.0000  VOLUME     =    334682.2644
                                                    Density    =         1.0284
 ------------------------------------------------------------------------------

wrapping first mol.:      -75.67537        0.00000        0.00000
wrapping first mol.:      -75.67537        0.00000        0.00000
wrapping first mol.:      -75.59115        0.00000        0.00000
wrapping first mol.:      -75.59115        0.00000        0.00000
wrapping first mol.:      -75.63450        0.00000        0.00000
wrapping first mol.:      -75.63450        0.00000        0.00000
wrapping first mol.:      -75.68616        0.00000        0.00000
wrapping first mol.:      -75.68616        0.00000        0.00000
wrapping first mol.:      -75.66932        0.00000        0.00000
wrapping first mol.:      -75.66932        0.00000        0.00000

 NSTEP =  8850000   TIME(PS) =   19400.000  TEMP(K) =   301.47  PRESS =     0.0
 Etot   =   -117110.6825  EKtot   =     20602.3809  EPtot      =   -137713.0634
 BOND   =       565.2580  ANGLE   =      1487.0837  DIHED      =      1011.1294
 UB     =         0.0000  IMP     =         0.0000  CMAP       =       137.5784
 1-4 NB =       634.7000  1-4 EEL =      5854.7420  VDWAALS    =     16359.1871
 EELEC  =   -163762.7420  EHBOND  =         0.0000  RESTRAINT  =         0.0000
 EKCMT  =         0.0000  VIRIAL  =         0.0000  VOLUME     =    333532.0506
                                                    Density    =         1.0320
 ------------------------------------------------------------------------------

wrapping first mol.:      -75.67687        0.00000        0.00000
wrapping first mol.:      -75.67687        0.00000        0.00000
wrapping first mol.:      -75.69571        0.00000        0.00000
wrapping first mol.:      -75.69571        0.00000        0.00000
wrapping first mol.:      -75.73353        0.00000        0.00000
wrapping first mol.:      -75.73353        0.00000        0.00000
wrapping first mol.:      -75.65839        0.00000        0.00000
wrapping first mol.:      -75.65839        0.00000        0.00000
wrapping first mol.:      -75.64767        0.00000        0.00000
wrapping first mol.:      -75.64767        0.00000        0.00000

 NSTEP =  8875000   TIME(PS) =   19450.000  TEMP(K) =   298.47  PRESS =     0.0
 Etot   =   -117469.9269  EKtot   =     20397.7266  EPtot      =   -137867.6535
 BOND   =       548.2864  ANGLE   =      1498.0553  DIHED      =       981.8944
 UB     =         0.0000  IMP     =         0.0000  CMAP       =       135.3563
 1-4 NB =       642.2029  1-4 EEL =      5831.2255  VDWAALS    =     16373.6426
 EELEC  =   -163878.3169  EHBOND  =         0.0000  RESTRAINT  =         0.0000
 EKCMT  =         0.0000  VIRIAL  =         0.0000  VOLUME     =    333245.9446
                                                    Density    =         1.0329
 ------------------------------------------------------------------------------

wrapping first mol.:      -75.67179        0.00000        0.00000
wrapping first mol.:      -75.67179        0.00000        0.00000
wrapping first mol.:      -75.65074        0.00000        0.00000
wrapping first mol.:      -75.65074        0.00000        0.00000
wrapping first mol.:      -75.65905        0.00000        0.00000
wrapping first mol.:      -75.65905        0.00000        0.00000
wrapping first mol.:      -75.70875        0.00000        0.00000
wrapping first mol.:      -75.70875        0.00000        0.00000
wrapping first mol.:      -75.63281        0.00000        0.00000
wrapping first mol.:      -75.63281        0.00000        0.00000

 NSTEP =  8900000   TIME(PS) =   19500.000  TEMP(K) =   298.76  PRESS =     0.0
 Etot   =   -117247.2662  EKtot   =     20417.2090  EPtot      =   -137664.4752
 BOND   =       580.2612  ANGLE   =      1492.2422  DIHED      =      1003.3982
 UB     =         0.0000  IMP     =         0.0000  CMAP       =       134.3497
 1-4 NB =       635.0846  1-4 EEL =      5841.7312  VDWAALS    =     16650.9512
 EELEC  =   -164002.4935  EHBOND  =         0.0000  RESTRAINT  =         0.0000
 EKCMT  =         0.0000  VIRIAL  =         0.0000  VOLUME     =    333049.5495
                                                    Density    =         1.0335
 ------------------------------------------------------------------------------

wrapping first mol.:      -75.67527        0.00000        0.00000
wrapping first mol.:      -75.67527        0.00000        0.00000
wrapping first mol.:      -75.72108        0.00000        0.00000
wrapping first mol.:      -75.72108        0.00000        0.00000
wrapping first mol.:      -75.75902        0.00000        0.00000
wrapping first mol.:      -75.75902        0.00000        0.00000
wrapping first mol.:      -75.70791        0.00000        0.00000
wrapping first mol.:      -75.70791        0.00000        0.00000
wrapping first mol.:      -75.66682        0.00000        0.00000
wrapping first mol.:      -75.66682        0.00000        0.00000

 NSTEP =  8925000   TIME(PS) =   19550.000  TEMP(K) =   300.63  PRESS =     0.0
 Etot   =   -117454.0072  EKtot   =     20545.3125  EPtot      =   -137999.3197
 BOND   =       556.6721  ANGLE   =      1496.0174  DIHED      =      1009.6880
 UB     =         0.0000  IMP     =         0.0000  CMAP       =       134.9632
 1-4 NB =       648.9797  1-4 EEL =      5796.0773  VDWAALS    =     16885.0041
 EELEC  =   -164526.7216  EHBOND  =         0.0000  RESTRAINT  =         0.0000
 EKCMT  =         0.0000  VIRIAL  =         0.0000  VOLUME     =    333499.0470
                                                    Density    =         1.0321
 ------------------------------------------------------------------------------

wrapping first mol.:      -75.60821        0.00000        0.00000
wrapping first mol.:      -75.60821        0.00000        0.00000
wrapping first mol.:      -75.61497        0.00000        0.00000
wrapping first mol.:      -75.61497        0.00000        0.00000
wrapping first mol.:      -75.66596        0.00000        0.00000
wrapping first mol.:      -75.66596        0.00000        0.00000
wrapping first mol.:      -75.64721        0.00000        0.00000
wrapping first mol.:      -75.64721        0.00000        0.00000
wrapping first mol.:      -75.62934        0.00000        0.00000
wrapping first mol.:      -75.62934        0.00000        0.00000

 NSTEP =  8950000   TIME(PS) =   19600.000  TEMP(K) =   301.56  PRESS =     0.0
 Etot   =   -117202.9616  EKtot   =     20608.6816  EPtot      =   -137811.6433
 BOND   =       568.1795  ANGLE   =      1494.9005  DIHED      =       987.3955
 UB     =         0.0000  IMP     =         0.0000  CMAP       =       137.9929
 1-4 NB =       662.5740  1-4 EEL =      5905.1003  VDWAALS    =     16251.5528
 EELEC  =   -163819.3388  EHBOND  =         0.0000  RESTRAINT  =         0.0000
 EKCMT  =         0.0000  VIRIAL  =         0.0000  VOLUME     =    333003.7176
                                                    Density    =         1.0336
 ------------------------------------------------------------------------------

wrapping first mol.:      -75.72401        0.00000        0.00000
wrapping first mol.:      -75.72401        0.00000        0.00000
wrapping first mol.:      -75.73028        0.00000        0.00000
wrapping first mol.:      -75.73028        0.00000        0.00000
wrapping first mol.:      -75.69829        0.00000        0.00000
wrapping first mol.:      -75.69829        0.00000        0.00000
wrapping first mol.:      -75.63203        0.00000        0.00000
wrapping first mol.:      -75.63203        0.00000        0.00000
wrapping first mol.:      -75.61782        0.00000        0.00000
wrapping first mol.:      -75.61782        0.00000        0.00000

 NSTEP =  8975000   TIME(PS) =   19650.000  TEMP(K) =   301.97  PRESS =     0.0
 Etot   =   -117169.9031  EKtot   =     20636.6016  EPtot      =   -137806.5047
 BOND   =       568.7867  ANGLE   =      1542.2395  DIHED      =      1002.6023
 UB     =         0.0000  IMP     =         0.0000  CMAP       =       135.5020
 1-4 NB =       642.0766  1-4 EEL =      5892.5795  VDWAALS    =     16704.1912
 EELEC  =   -164294.4823  EHBOND  =         0.0000  RESTRAINT  =         0.0000
 EKCMT  =         0.0000  VIRIAL  =         0.0000  VOLUME     =    332851.5337
                                                    Density    =         1.0341
 ------------------------------------------------------------------------------

wrapping first mol.:      -75.61548        0.00000        0.00000
wrapping first mol.:      -75.61548        0.00000        0.00000
wrapping first mol.:      -75.68682        0.00000        0.00000
wrapping first mol.:      -75.68682        0.00000        0.00000
wrapping first mol.:      -75.67964        0.00000        0.00000
wrapping first mol.:      -75.67964        0.00000        0.00000
wrapping first mol.:      -75.60723        0.00000        0.00000
wrapping first mol.:      -75.60723        0.00000        0.00000
wrapping first mol.:      -75.67287        0.00000        0.00000
wrapping first mol.:      -75.67287        0.00000        0.00000

 NSTEP =  9000000   TIME(PS) =   19700.000  TEMP(K) =   298.92  PRESS =     0.0
 Etot   =   -117515.2637  EKtot   =     20428.6543  EPtot      =   -137943.9180
 BOND   =       515.8318  ANGLE   =      1507.6328  DIHED      =      1013.9075
 UB     =         0.0000  IMP     =         0.0000  CMAP       =       147.1519
 1-4 NB =       645.1874  1-4 EEL =      5893.1689  VDWAALS    =     16695.1183
 EELEC  =   -164361.9166  EHBOND  =         0.0000  RESTRAINT  =         0.0000
 EKCMT  =         0.0000  VIRIAL  =         0.0000  VOLUME     =    333579.0436
                                                    Density    =         1.0318
 ------------------------------------------------------------------------------

wrapping first mol.:      -75.64770        0.00000        0.00000
wrapping first mol.:      -75.64770        0.00000        0.00000
wrapping first mol.:      -75.67400        0.00000        0.00000
wrapping first mol.:      -75.67400        0.00000        0.00000
wrapping first mol.:      -75.79477        0.00000        0.00000
wrapping first mol.:      -75.79477        0.00000        0.00000
wrapping first mol.:      -75.69664        0.00000        0.00000
wrapping first mol.:      -75.69664        0.00000        0.00000
wrapping first mol.:      -75.68991        0.00000        0.00000
wrapping first mol.:      -75.68991        0.00000        0.00000

 NSTEP =  9025000   TIME(PS) =   19750.000  TEMP(K) =   299.07  PRESS =     0.0
 Etot   =   -116963.1592  EKtot   =     20438.8613  EPtot      =   -137402.0205
 BOND   =       551.1470  ANGLE   =      1504.5063  DIHED      =      1001.1003
 UB     =         0.0000  IMP     =         0.0000  CMAP       =       142.3221
 1-4 NB =       638.0663  1-4 EEL =      5781.3442  VDWAALS    =     16715.2993
 EELEC  =   -163735.8061  EHBOND  =         0.0000  RESTRAINT  =         0.0000
 EKCMT  =         0.0000  VIRIAL  =         0.0000  VOLUME     =    333804.4526
                                                    Density    =         1.0311
 ------------------------------------------------------------------------------

wrapping first mol.:      -75.65242        0.00000        0.00000
wrapping first mol.:      -75.65242        0.00000        0.00000
wrapping first mol.:      -75.69504        0.00000        0.00000
wrapping first mol.:      -75.69504        0.00000        0.00000
wrapping first mol.:      -75.71514        0.00000        0.00000
wrapping first mol.:      -75.71514        0.00000        0.00000
wrapping first mol.:      -75.64332        0.00000        0.00000
wrapping first mol.:      -75.64332        0.00000        0.00000
wrapping first mol.:      -75.64802        0.00000        0.00000
wrapping first mol.:      -75.64802        0.00000        0.00000

 NSTEP =  9050000   TIME(PS) =   19800.000  TEMP(K) =   299.25  PRESS =     0.0
 Etot   =   -117200.3698  EKtot   =     20451.0566  EPtot      =   -137651.4265
 BOND   =       565.5180  ANGLE   =      1457.0216  DIHED      =       991.0919
 UB     =         0.0000  IMP     =         0.0000  CMAP       =       152.6109
 1-4 NB =       646.7688  1-4 EEL =      5886.8142  VDWAALS    =     16242.2563
 EELEC  =   -163593.5082  EHBOND  =         0.0000  RESTRAINT  =         0.0000
 EKCMT  =         0.0000  VIRIAL  =         0.0000  VOLUME     =    333250.5024
                                                    Density    =         1.0329
 ------------------------------------------------------------------------------

wrapping first mol.:      -75.65264        0.00000        0.00000
wrapping first mol.:      -75.65264        0.00000        0.00000
wrapping first mol.:      -75.56139        0.00000        0.00000
wrapping first mol.:      -75.56139        0.00000        0.00000
wrapping first mol.:      -75.65983        0.00000        0.00000
wrapping first mol.:      -75.65983        0.00000        0.00000
wrapping first mol.:      -75.54853        0.00000        0.00000
wrapping first mol.:      -75.54853        0.00000        0.00000
wrapping first mol.:      -75.67571        0.00000        0.00000
wrapping first mol.:      -75.67571        0.00000        0.00000

 NSTEP =  9075000   TIME(PS) =   19850.000  TEMP(K) =   297.58  PRESS =     0.0
 Etot   =   -117402.0794  EKtot   =     20336.7363  EPtot      =   -137738.8158
 BOND   =       575.1678  ANGLE   =      1537.0849  DIHED      =      1003.0769
 UB     =         0.0000  IMP     =         0.0000  CMAP       =       150.0163
 1-4 NB =       635.5624  1-4 EEL =      5795.8897  VDWAALS    =     16390.9935
 EELEC  =   -163826.6071  EHBOND  =         0.0000  RESTRAINT  =         0.0000
 EKCMT  =         0.0000  VIRIAL  =         0.0000  VOLUME     =    333616.5736
                                                    Density    =         1.0317
 ------------------------------------------------------------------------------

wrapping first mol.:      -75.71307        0.00000        0.00000
wrapping first mol.:      -75.71307        0.00000        0.00000
wrapping first mol.:      -75.62561        0.00000        0.00000
wrapping first mol.:      -75.62561        0.00000        0.00000
wrapping first mol.:      -75.61628        0.00000        0.00000
wrapping first mol.:      -75.61628        0.00000        0.00000
wrapping first mol.:      -75.63857        0.00000        0.00000
wrapping first mol.:      -75.63857        0.00000        0.00000
wrapping first mol.:      -75.62932        0.00000        0.00000
wrapping first mol.:      -75.62932        0.00000        0.00000

 NSTEP =  9100000   TIME(PS) =   19900.000  TEMP(K) =   299.42  PRESS =     0.0
 Etot   =   -117067.3954  EKtot   =     20462.6875  EPtot      =   -137530.0829
 BOND   =       575.9568  ANGLE   =      1521.9757  DIHED      =      1008.9354
 UB     =         0.0000  IMP     =         0.0000  CMAP       =       134.1445
 1-4 NB =       636.2943  1-4 EEL =      5830.9174  VDWAALS    =     16021.4398
 EELEC  =   -163259.7468  EHBOND  =         0.0000  RESTRAINT  =         0.0000
 EKCMT  =         0.0000  VIRIAL  =         0.0000  VOLUME     =    333003.4092
                                                    Density    =         1.0336
 ------------------------------------------------------------------------------

wrapping first mol.:      -75.62055        0.00000        0.00000
wrapping first mol.:      -75.62055        0.00000        0.00000
wrapping first mol.:      -75.64496        0.00000        0.00000
wrapping first mol.:      -75.64496        0.00000        0.00000
wrapping first mol.:      -75.68192        0.00000        0.00000
wrapping first mol.:      -75.68192        0.00000        0.00000
wrapping first mol.:      -75.69669        0.00000        0.00000
wrapping first mol.:      -75.69669        0.00000        0.00000
wrapping first mol.:      -75.66480        0.00000        0.00000
wrapping first mol.:      -75.66480        0.00000        0.00000

 NSTEP =  9125000   TIME(PS) =   19950.000  TEMP(K) =   300.49  PRESS =     0.0
 Etot   =   -117117.0677  EKtot   =     20535.4844  EPtot      =   -137652.5521
 BOND   =       555.8644  ANGLE   =      1558.3510  DIHED      =       994.5583
 UB     =         0.0000  IMP     =         0.0000  CMAP       =       143.2506
 1-4 NB =       616.9107  1-4 EEL =      5824.8307  VDWAALS    =     16014.3385
 EELEC  =   -163360.6563  EHBOND  =         0.0000  RESTRAINT  =         0.0000
 EKCMT  =         0.0000  VIRIAL  =         0.0000  VOLUME     =    333472.3557
                                                    Density    =         1.0322
 ------------------------------------------------------------------------------

wrapping first mol.:      -75.67608        0.00000        0.00000
wrapping first mol.:      -75.67608        0.00000        0.00000
wrapping first mol.:      -75.70672        0.00000        0.00000
wrapping first mol.:      -75.70672        0.00000        0.00000
wrapping first mol.:      -75.67779        0.00000        0.00000
wrapping first mol.:      -75.67779        0.00000        0.00000
wrapping first mol.:      -75.68651        0.00000        0.00000
wrapping first mol.:      -75.68651        0.00000        0.00000
wrapping first mol.:      -75.76343        0.00000        0.00000
wrapping first mol.:      -75.76343        0.00000        0.00000

 NSTEP =  9150000   TIME(PS) =   20000.000  TEMP(K) =   300.67  PRESS =     0.0
 Etot   =   -117280.4334  EKtot   =     20547.6289  EPtot      =   -137828.0623
 BOND   =       533.4370  ANGLE   =      1488.2285  DIHED      =       993.3848
 UB     =         0.0000  IMP     =         0.0000  CMAP       =       142.5986
 1-4 NB =       662.6262  1-4 EEL =      5837.8150  VDWAALS    =     16625.6223
 EELEC  =   -164111.7745  EHBOND  =         0.0000  RESTRAINT  =         0.0000
 EKCMT  =         0.0000  VIRIAL  =         0.0000  VOLUME     =    334778.0695
                                                    Density    =         1.0281
 ------------------------------------------------------------------------------

wrapping first mol.:      -75.74305        0.00000        0.00000
wrapping first mol.:      -75.74305        0.00000        0.00000
wrapping first mol.:      -75.69963        0.00000        0.00000
wrapping first mol.:      -75.69963        0.00000        0.00000
wrapping first mol.:      -75.70845        0.00000        0.00000
wrapping first mol.:      -75.70845        0.00000        0.00000
wrapping first mol.:      -75.67146        0.00000        0.00000
wrapping first mol.:      -75.67146        0.00000        0.00000
wrapping first mol.:      -75.69293        0.00000        0.00000
wrapping first mol.:      -75.69293        0.00000        0.00000

 NSTEP =  9175000   TIME(PS) =   20050.000  TEMP(K) =   299.58  PRESS =     0.0
 Etot   =   -116949.6315  EKtot   =     20473.5293  EPtot      =   -137423.1608
 BOND   =       554.6665  ANGLE   =      1521.0117  DIHED      =      1018.2832
 UB     =         0.0000  IMP     =         0.0000  CMAP       =       133.0320
 1-4 NB =       643.2260  1-4 EEL =      5843.2547  VDWAALS    =     16181.4525
 EELEC  =   -163318.0874  EHBOND  =         0.0000  RESTRAINT  =         0.0000
 EKCMT  =         0.0000  VIRIAL  =         0.0000  VOLUME     =    333844.3473
                                                    Density    =         1.0310
 ------------------------------------------------------------------------------

wrapping first mol.:      -75.68021        0.00000        0.00000
wrapping first mol.:      -75.68021        0.00000        0.00000
wrapping first mol.:      -75.70465        0.00000        0.00000
wrapping first mol.:      -75.70465        0.00000        0.00000
wrapping first mol.:      -75.67224        0.00000        0.00000
wrapping first mol.:      -75.67224        0.00000        0.00000
wrapping first mol.:      -75.61223        0.00000        0.00000
wrapping first mol.:      -75.61223        0.00000        0.00000
wrapping first mol.:      -75.71394        0.00000        0.00000
wrapping first mol.:      -75.71394        0.00000        0.00000

 NSTEP =  9200000   TIME(PS) =   20100.000  TEMP(K) =   300.80  PRESS =     0.0
 Etot   =   -117272.6226  EKtot   =     20556.5918  EPtot      =   -137829.2144
 BOND   =       577.7653  ANGLE   =      1540.0317  DIHED      =       981.8933
 UB     =         0.0000  IMP     =         0.0000  CMAP       =       130.8892
 1-4 NB =       632.5411  1-4 EEL =      5806.2072  VDWAALS    =     16468.8539
 EELEC  =   -163967.3961  EHBOND  =         0.0000  RESTRAINT  =         0.0000
 EKCMT  =         0.0000  VIRIAL  =         0.0000  VOLUME     =    334122.4732
                                                    Density    =         1.0302
 ------------------------------------------------------------------------------

wrapping first mol.:      -75.67106        0.00000        0.00000
wrapping first mol.:      -75.67106        0.00000        0.00000
wrapping first mol.:      -75.65685        0.00000        0.00000
wrapping first mol.:      -75.65685        0.00000        0.00000
wrapping first mol.:      -75.70479        0.00000        0.00000
wrapping first mol.:      -75.70479        0.00000        0.00000
wrapping first mol.:      -75.65407        0.00000        0.00000
wrapping first mol.:      -75.65407        0.00000        0.00000
wrapping first mol.:      -75.67751        0.00000        0.00000
wrapping first mol.:      -75.67751        0.00000        0.00000

 NSTEP =  9225000   TIME(PS) =   20150.000  TEMP(K) =   301.76  PRESS =     0.0
 Etot   =   -116966.1326  EKtot   =     20622.5273  EPtot      =   -137588.6599
 BOND   =       569.9293  ANGLE   =      1486.6086  DIHED      =       993.7772
 UB     =         0.0000  IMP     =         0.0000  CMAP       =       141.0722
 1-4 NB =       659.5772  1-4 EEL =      5911.2729  VDWAALS    =     16074.9257
 EELEC  =   -163425.8231  EHBOND  =         0.0000  RESTRAINT  =         0.0000
 EKCMT  =         0.0000  VIRIAL  =         0.0000  VOLUME     =    333640.3386
                                                    Density    =         1.0317
 ------------------------------------------------------------------------------

wrapping first mol.:      -75.60359        0.00000        0.00000
wrapping first mol.:      -75.60359        0.00000        0.00000
wrapping first mol.:      -75.66470        0.00000        0.00000
wrapping first mol.:      -75.66470        0.00000        0.00000
wrapping first mol.:      -75.67914        0.00000        0.00000
wrapping first mol.:      -75.67914        0.00000        0.00000
wrapping first mol.:      -75.68387        0.00000        0.00000
wrapping first mol.:      -75.68387        0.00000        0.00000
wrapping first mol.:      -75.70598        0.00000        0.00000
wrapping first mol.:      -75.70598        0.00000        0.00000

 NSTEP =  9250000   TIME(PS) =   20200.000  TEMP(K) =   301.44  PRESS =     0.0
 Etot   =   -116971.2373  EKtot   =     20600.6230  EPtot      =   -137571.8604
 BOND   =       585.8065  ANGLE   =      1529.8720  DIHED      =      1016.1769
 UB     =         0.0000  IMP     =         0.0000  CMAP       =       128.9206
 1-4 NB =       643.1223  1-4 EEL =      5843.1668  VDWAALS    =     16849.2510
 EELEC  =   -164168.1764  EHBOND  =         0.0000  RESTRAINT  =         0.0000
 EKCMT  =         0.0000  VIRIAL  =         0.0000  VOLUME     =    334017.0605
                                                    Density    =         1.0305
 ------------------------------------------------------------------------------

wrapping first mol.:      -75.68278        0.00000        0.00000
wrapping first mol.:      -75.68278        0.00000        0.00000
wrapping first mol.:      -75.77778        0.00000        0.00000
wrapping first mol.:      -75.77778        0.00000        0.00000
wrapping first mol.:      -75.69066        0.00000        0.00000
wrapping first mol.:      -75.69066        0.00000        0.00000
wrapping first mol.:      -75.68358        0.00000        0.00000
wrapping first mol.:      -75.68358        0.00000        0.00000
wrapping first mol.:      -75.75832        0.00000        0.00000
wrapping first mol.:      -75.75832        0.00000        0.00000

 NSTEP =  9275000   TIME(PS) =   20250.000  TEMP(K) =   299.10  PRESS =     0.0
 Etot   =   -117388.8847  EKtot   =     20440.7695  EPtot      =   -137829.6543
 BOND   =       561.6562  ANGLE   =      1552.3421  DIHED      =       976.0211
 UB     =         0.0000  IMP     =         0.0000  CMAP       =       141.2662
 1-4 NB =       655.2415  1-4 EEL =      5761.2858  VDWAALS    =     16413.5975
 EELEC  =   -163891.0647  EHBOND  =         0.0000  RESTRAINT  =         0.0000
 EKCMT  =         0.0000  VIRIAL  =         0.0000  VOLUME     =    334710.3704
                                                    Density    =         1.0284
 ------------------------------------------------------------------------------

wrapping first mol.:      -75.63262        0.00000        0.00000
wrapping first mol.:      -75.63262        0.00000        0.00000
wrapping first mol.:      -75.60970        0.00000        0.00000
wrapping first mol.:      -75.60970        0.00000        0.00000
wrapping first mol.:      -75.62560        0.00000        0.00000
wrapping first mol.:      -75.62560        0.00000        0.00000
wrapping first mol.:      -75.66500        0.00000        0.00000
wrapping first mol.:      -75.66500        0.00000        0.00000
wrapping first mol.:      -75.62833        0.00000        0.00000
wrapping first mol.:      -75.62833        0.00000        0.00000

 NSTEP =  9300000   TIME(PS) =   20300.000  TEMP(K) =   297.27  PRESS =     0.0
 Etot   =   -117362.3783  EKtot   =     20315.4473  EPtot      =   -137677.8256
 BOND   =       571.9017  ANGLE   =      1518.9749  DIHED      =       973.4121
 UB     =         0.0000  IMP     =         0.0000  CMAP       =       148.1961
 1-4 NB =       635.1406  1-4 EEL =      5851.5698  VDWAALS    =     16659.8255
 EELEC  =   -164036.8464  EHBOND  =         0.0000  RESTRAINT  =         0.0000
 EKCMT  =         0.0000  VIRIAL  =         0.0000  VOLUME     =    332990.4276
                                                    Density    =         1.0337
 ------------------------------------------------------------------------------

wrapping first mol.:      -75.67195        0.00000        0.00000
wrapping first mol.:      -75.67195        0.00000        0.00000
wrapping first mol.:      -75.72214        0.00000        0.00000
wrapping first mol.:      -75.72214        0.00000        0.00000
wrapping first mol.:      -75.65300        0.00000        0.00000
wrapping first mol.:      -75.65300        0.00000        0.00000
wrapping first mol.:      -75.65910        0.00000        0.00000
wrapping first mol.:      -75.65910        0.00000        0.00000
wrapping first mol.:      -75.67299        0.00000        0.00000
wrapping first mol.:      -75.67299        0.00000        0.00000

 NSTEP =  9325000   TIME(PS) =   20350.000  TEMP(K) =   301.82  PRESS =     0.0
 Etot   =   -117025.6116  EKtot   =     20626.7559  EPtot      =   -137652.3675
 BOND   =       590.5873  ANGLE   =      1488.0252  DIHED      =      1002.3355
 UB     =         0.0000  IMP     =         0.0000  CMAP       =       136.6587
 1-4 NB =       630.0634  1-4 EEL =      5791.7278  VDWAALS    =     16354.7448
 EELEC  =   -163646.5102  EHBOND  =         0.0000  RESTRAINT  =         0.0000
 EKCMT  =         0.0000  VIRIAL  =         0.0000  VOLUME     =    333580.6410
                                                    Density    =         1.0318
 ------------------------------------------------------------------------------

wrapping first mol.:      -75.65549        0.00000        0.00000
wrapping first mol.:      -75.65549        0.00000        0.00000
wrapping first mol.:      -75.62794        0.00000        0.00000
wrapping first mol.:      -75.62794        0.00000        0.00000
wrapping first mol.:      -75.66496        0.00000        0.00000
wrapping first mol.:      -75.66496        0.00000        0.00000
wrapping first mol.:      -75.63261        0.00000        0.00000
wrapping first mol.:      -75.63261        0.00000        0.00000
wrapping first mol.:      -75.58435        0.00000        0.00000
wrapping first mol.:      -75.58435        0.00000        0.00000

 NSTEP =  9350000   TIME(PS) =   20400.000  TEMP(K) =   299.15  PRESS =     0.0
 Etot   =   -117126.7542  EKtot   =     20444.2480  EPtot      =   -137571.0022
 BOND   =       519.2088  ANGLE   =      1535.0870  DIHED      =       998.5723
 UB     =         0.0000  IMP     =         0.0000  CMAP       =       132.2976
 1-4 NB =       658.4973  1-4 EEL =      5869.6238  VDWAALS    =     16383.6829
 EELEC  =   -163667.9719  EHBOND  =         0.0000  RESTRAINT  =         0.0000
 EKCMT  =         0.0000  VIRIAL  =         0.0000  VOLUME     =    332409.7612
                                                    Density    =         1.0355
 ------------------------------------------------------------------------------

wrapping first mol.:      -75.68670        0.00000        0.00000
wrapping first mol.:      -75.68670        0.00000        0.00000
wrapping first mol.:      -75.64148        0.00000        0.00000
wrapping first mol.:      -75.64148        0.00000        0.00000
wrapping first mol.:      -75.74427        0.00000        0.00000
wrapping first mol.:      -75.74427        0.00000        0.00000
wrapping first mol.:      -75.77337        0.00000        0.00000
wrapping first mol.:      -75.77337        0.00000        0.00000
wrapping first mol.:      -75.70630        0.00000        0.00000
wrapping first mol.:      -75.70630        0.00000        0.00000

 NSTEP =  9375000   TIME(PS) =   20450.000  TEMP(K) =   300.91  PRESS =     0.0
 Etot   =   -117151.1675  EKtot   =     20564.2109  EPtot      =   -137715.3784
 BOND   =       543.8853  ANGLE   =      1535.7714  DIHED      =       991.6391
 UB     =         0.0000  IMP     =         0.0000  CMAP       =       131.5601
 1-4 NB =       628.4032  1-4 EEL =      5786.3787  VDWAALS    =     16812.2660
 EELEC  =   -164145.2822  EHBOND  =         0.0000  RESTRAINT  =         0.0000
 EKCMT  =         0.0000  VIRIAL  =         0.0000  VOLUME     =    334021.3399
                                                    Density    =         1.0305
 ------------------------------------------------------------------------------

wrapping first mol.:      -75.55515        0.00000        0.00000
wrapping first mol.:      -75.55515        0.00000        0.00000
wrapping first mol.:      -75.53809        0.00000        0.00000
wrapping first mol.:      -75.53809        0.00000        0.00000
wrapping first mol.:      -75.61814        0.00000        0.00000
wrapping first mol.:      -75.61814        0.00000        0.00000
wrapping first mol.:      -75.65239        0.00000        0.00000
wrapping first mol.:      -75.65239        0.00000        0.00000
wrapping first mol.:      -75.64832        0.00000        0.00000
wrapping first mol.:      -75.64832        0.00000        0.00000

 NSTEP =  9400000   TIME(PS) =   20500.000  TEMP(K) =   301.13  PRESS =     0.0
 Etot   =   -117105.4781  EKtot   =     20579.3027  EPtot      =   -137684.7809
 BOND   =       545.9472  ANGLE   =      1548.7583  DIHED      =       995.2008
 UB     =         0.0000  IMP     =         0.0000  CMAP       =       145.9809
 1-4 NB =       649.4394  1-4 EEL =      5799.5149  VDWAALS    =     16304.9939
 EELEC  =   -163674.6163  EHBOND  =         0.0000  RESTRAINT  =         0.0000
 EKCMT  =         0.0000  VIRIAL  =         0.0000  VOLUME     =    333254.4516
                                                    Density    =         1.0328
 ------------------------------------------------------------------------------

wrapping first mol.:      -75.73455        0.00000        0.00000
wrapping first mol.:      -75.73455        0.00000        0.00000
wrapping first mol.:      -75.58001        0.00000        0.00000
wrapping first mol.:      -75.58001        0.00000        0.00000
wrapping first mol.:      -75.59189        0.00000        0.00000
wrapping first mol.:      -75.59189        0.00000        0.00000
wrapping first mol.:      -75.55467        0.00000        0.00000
wrapping first mol.:      -75.55467        0.00000        0.00000
wrapping first mol.:      -75.64655        0.00000        0.00000
wrapping first mol.:      -75.64655        0.00000        0.00000

 NSTEP =  9425000   TIME(PS) =   20550.000  TEMP(K) =   297.68  PRESS =     0.0
 Etot   =   -117457.8222  EKtot   =     20343.5527  EPtot      =   -137801.3750
 BOND   =       537.9548  ANGLE   =      1508.0669  DIHED      =      1018.6534
 UB     =         0.0000  IMP     =         0.0000  CMAP       =       141.2674
 1-4 NB =       657.6472  1-4 EEL =      5877.0921  VDWAALS    =     16755.6512
 EELEC  =   -164297.7079  EHBOND  =         0.0000  RESTRAINT  =         0.0000
 EKCMT  =         0.0000  VIRIAL  =         0.0000  VOLUME     =    333231.0681
                                                    Density    =         1.0329
 ------------------------------------------------------------------------------

wrapping first mol.:      -75.66713        0.00000        0.00000
wrapping first mol.:      -75.66713        0.00000        0.00000
wrapping first mol.:      -75.61341        0.00000        0.00000
wrapping first mol.:      -75.61341        0.00000        0.00000
wrapping first mol.:      -75.63378        0.00000        0.00000
wrapping first mol.:      -75.63378        0.00000        0.00000
wrapping first mol.:      -75.69062        0.00000        0.00000
wrapping first mol.:      -75.69062        0.00000        0.00000
wrapping first mol.:      -75.79838        0.00000        0.00000
wrapping first mol.:      -75.79838        0.00000        0.00000

 NSTEP =  9450000   TIME(PS) =   20600.000  TEMP(K) =   301.69  PRESS =     0.0
 Etot   =   -117283.7173  EKtot   =     20617.5391  EPtot      =   -137901.2563
 BOND   =       548.3295  ANGLE   =      1533.0165  DIHED      =       979.6406
 UB     =         0.0000  IMP     =         0.0000  CMAP       =       134.6199
 1-4 NB =       641.7244  1-4 EEL =      5806.5297  VDWAALS    =     16228.6617
 EELEC  =   -163773.7786  EHBOND  =         0.0000  RESTRAINT  =         0.0000
 EKCMT  =         0.0000  VIRIAL  =         0.0000  VOLUME     =    335241.6438
                                                    Density    =         1.0267
 ------------------------------------------------------------------------------

wrapping first mol.:      -75.62762        0.00000        0.00000
wrapping first mol.:      -75.62762        0.00000        0.00000
wrapping first mol.:      -75.63620        0.00000        0.00000
wrapping first mol.:      -75.63620        0.00000        0.00000
wrapping first mol.:      -75.63455        0.00000        0.00000
wrapping first mol.:      -75.63455        0.00000        0.00000
wrapping first mol.:      -75.55539        0.00000        0.00000
wrapping first mol.:      -75.55539        0.00000        0.00000
wrapping first mol.:      -75.69360        0.00000        0.00000
wrapping first mol.:      -75.69360        0.00000        0.00000

 NSTEP =  9475000   TIME(PS) =   20650.000  TEMP(K) =   298.87  PRESS =     0.0
 Etot   =   -117199.1813  EKtot   =     20424.9824  EPtot      =   -137624.1637
 BOND   =       552.3056  ANGLE   =      1523.9031  DIHED      =       991.0053
 UB     =         0.0000  IMP     =         0.0000  CMAP       =       142.5233
 1-4 NB =       654.4750  1-4 EEL =      5784.3631  VDWAALS    =     16494.3437
 EELEC  =   -163767.0829  EHBOND  =         0.0000  RESTRAINT  =         0.0000
 EKCMT  =         0.0000  VIRIAL  =         0.0000  VOLUME     =    333853.2600
                                                    Density    =         1.0310
 ------------------------------------------------------------------------------

wrapping first mol.:      -75.66937        0.00000        0.00000
wrapping first mol.:      -75.66937        0.00000        0.00000
wrapping first mol.:      -75.69489        0.00000        0.00000
wrapping first mol.:      -75.69489        0.00000        0.00000
wrapping first mol.:      -75.67921        0.00000        0.00000
wrapping first mol.:      -75.67921        0.00000        0.00000
wrapping first mol.:      -75.76541        0.00000        0.00000
wrapping first mol.:      -75.76541        0.00000        0.00000
wrapping first mol.:      -75.64507        0.00000        0.00000
wrapping first mol.:      -75.64507        0.00000        0.00000

 NSTEP =  9500000   TIME(PS) =   20700.000  TEMP(K) =   299.72  PRESS =     0.0
 Etot   =   -117443.5025  EKtot   =     20482.7168  EPtot      =   -137926.2193
 BOND   =       605.7092  ANGLE   =      1508.3237  DIHED      =       986.3554
 UB     =         0.0000  IMP     =         0.0000  CMAP       =       136.8166
 1-4 NB =       642.9585  1-4 EEL =      5802.7232  VDWAALS    =     16428.4020
 EELEC  =   -164037.5079  EHBOND  =         0.0000  RESTRAINT  =         0.0000
 EKCMT  =         0.0000  VIRIAL  =         0.0000  VOLUME     =    333211.5420
                                                    Density    =         1.0330
 ------------------------------------------------------------------------------

wrapping first mol.:      -75.65741        0.00000        0.00000
wrapping first mol.:      -75.65741        0.00000        0.00000
wrapping first mol.:      -75.78892        0.00000        0.00000
wrapping first mol.:      -75.78892        0.00000        0.00000
wrapping first mol.:      -75.67681        0.00000        0.00000
wrapping first mol.:      -75.67681        0.00000        0.00000
wrapping first mol.:      -75.60996        0.00000        0.00000
wrapping first mol.:      -75.60996        0.00000        0.00000
wrapping first mol.:      -75.61894        0.00000        0.00000
wrapping first mol.:      -75.61894        0.00000        0.00000

 NSTEP =  9525000   TIME(PS) =   20750.000  TEMP(K) =   299.92  PRESS =     0.0
 Etot   =   -117205.1161  EKtot   =     20496.3574  EPtot      =   -137701.4735
 BOND   =       561.1972  ANGLE   =      1525.8246  DIHED      =       968.9584
 UB     =         0.0000  IMP     =         0.0000  CMAP       =       138.5567
 1-4 NB =       629.0016  1-4 EEL =      5771.1989  VDWAALS    =     16061.4574
 EELEC  =   -163357.6684  EHBOND  =         0.0000  RESTRAINT  =         0.0000
 EKCMT  =         0.0000  VIRIAL  =         0.0000  VOLUME     =    332866.3154
                                                    Density    =         1.0341
 ------------------------------------------------------------------------------

wrapping first mol.:      -75.65635        0.00000        0.00000
wrapping first mol.:      -75.65635        0.00000        0.00000
wrapping first mol.:      -75.59171        0.00000        0.00000
wrapping first mol.:      -75.59171        0.00000        0.00000
wrapping first mol.:      -75.59682        0.00000        0.00000
wrapping first mol.:      -75.59682        0.00000        0.00000
wrapping first mol.:      -75.71818        0.00000        0.00000
wrapping first mol.:      -75.71818        0.00000        0.00000
wrapping first mol.:      -75.66835        0.00000        0.00000
wrapping first mol.:      -75.66835        0.00000        0.00000

 NSTEP =  9550000   TIME(PS) =   20800.000  TEMP(K) =   302.55  PRESS =     0.0
 Etot   =   -117028.7835  EKtot   =     20676.3262  EPtot      =   -137705.1096
 BOND   =       555.7962  ANGLE   =      1548.8917  DIHED      =      1002.0108
 UB     =         0.0000  IMP     =         0.0000  CMAP       =       138.4936
 1-4 NB =       638.8397  1-4 EEL =      5776.8727  VDWAALS    =     16599.9251
 EELEC  =   -163965.9394  EHBOND  =         0.0000  RESTRAINT  =         0.0000
 EKCMT  =         0.0000  VIRIAL  =         0.0000  VOLUME     =    333519.3170
                                                    Density    =         1.0320
 ------------------------------------------------------------------------------

wrapping first mol.:      -75.72726        0.00000        0.00000
wrapping first mol.:      -75.72726        0.00000        0.00000
wrapping first mol.:      -75.62985        0.00000        0.00000
wrapping first mol.:      -75.62985        0.00000        0.00000
wrapping first mol.:      -75.72645        0.00000        0.00000
wrapping first mol.:      -75.72645        0.00000        0.00000
wrapping first mol.:      -75.63678        0.00000        0.00000
wrapping first mol.:      -75.63678        0.00000        0.00000
wrapping first mol.:      -75.63758        0.00000        0.00000
wrapping first mol.:      -75.63758        0.00000        0.00000

 NSTEP =  9575000   TIME(PS) =   20850.000  TEMP(K) =   300.03  PRESS =     0.0
 Etot   =   -117364.6053  EKtot   =     20504.0840  EPtot      =   -137868.6893
 BOND   =       561.8003  ANGLE   =      1545.3156  DIHED      =       990.0871
 UB     =         0.0000  IMP     =         0.0000  CMAP       =       133.2035
 1-4 NB =       653.6258  1-4 EEL =      5795.3872  VDWAALS    =     16372.8571
 EELEC  =   -163920.9660  EHBOND  =         0.0000  RESTRAINT  =         0.0000
 EKCMT  =         0.0000  VIRIAL  =         0.0000  VOLUME     =    333112.6188
                                                    Density    =         1.0333
 ------------------------------------------------------------------------------

wrapping first mol.:      -75.70704        0.00000        0.00000
wrapping first mol.:      -75.70704        0.00000        0.00000
wrapping first mol.:      -75.70235        0.00000        0.00000
wrapping first mol.:      -75.70235        0.00000        0.00000
wrapping first mol.:      -75.68213        0.00000        0.00000
wrapping first mol.:      -75.68213        0.00000        0.00000
wrapping first mol.:      -75.76179        0.00000        0.00000
wrapping first mol.:      -75.76179        0.00000        0.00000
wrapping first mol.:      -75.76130        0.00000        0.00000
wrapping first mol.:      -75.76130        0.00000        0.00000

 NSTEP =  9600000   TIME(PS) =   20900.000  TEMP(K) =   299.91  PRESS =     0.0
 Etot   =   -117199.9678  EKtot   =     20495.8848  EPtot      =   -137695.8526
 BOND   =       565.4257  ANGLE   =      1501.8305  DIHED      =      1007.9346
 UB     =         0.0000  IMP     =         0.0000  CMAP       =       136.8072
 1-4 NB =       626.8655  1-4 EEL =      5785.1187  VDWAALS    =     16243.3812
 EELEC  =   -163563.2160  EHBOND  =         0.0000  RESTRAINT  =         0.0000
 EKCMT  =         0.0000  VIRIAL  =         0.0000  VOLUME     =    334749.9146
                                                    Density    =         1.0282
 ------------------------------------------------------------------------------

wrapping first mol.:      -75.73041        0.00000        0.00000
wrapping first mol.:      -75.73041        0.00000        0.00000
wrapping first mol.:      -75.64924        0.00000        0.00000
wrapping first mol.:      -75.64924        0.00000        0.00000
wrapping first mol.:      -75.68304        0.00000        0.00000
wrapping first mol.:      -75.68304        0.00000        0.00000
wrapping first mol.:      -75.52369        0.00000        0.00000
wrapping first mol.:      -75.52369        0.00000        0.00000
wrapping first mol.:      -75.69255        0.00000        0.00000
wrapping first mol.:      -75.69255        0.00000        0.00000

 NSTEP =  9625000   TIME(PS) =   20950.000  TEMP(K) =   300.79  PRESS =     0.0
 Etot   =   -117138.4949  EKtot   =     20556.2090  EPtot      =   -137694.7039
 BOND   =       573.4761  ANGLE   =      1526.8828  DIHED      =      1033.7019
 UB     =         0.0000  IMP     =         0.0000  CMAP       =       125.3779
 1-4 NB =       635.0289  1-4 EEL =      5766.7864  VDWAALS    =     16323.7376
 EELEC  =   -163679.6955  EHBOND  =         0.0000  RESTRAINT  =         0.0000
 EKCMT  =         0.0000  VIRIAL  =         0.0000  VOLUME     =    333839.4093
                                                    Density    =         1.0310
 ------------------------------------------------------------------------------

wrapping first mol.:      -75.62800        0.00000        0.00000
wrapping first mol.:      -75.62800        0.00000        0.00000
wrapping first mol.:      -75.65829        0.00000        0.00000
wrapping first mol.:      -75.65829        0.00000        0.00000
wrapping first mol.:      -75.70233        0.00000        0.00000
wrapping first mol.:      -75.70233        0.00000        0.00000
wrapping first mol.:      -75.76692        0.00000        0.00000
wrapping first mol.:      -75.76692        0.00000        0.00000
wrapping first mol.:      -75.74790        0.00000        0.00000
wrapping first mol.:      -75.74790        0.00000        0.00000

 NSTEP =  9650000   TIME(PS) =   21000.000  TEMP(K) =   299.11  PRESS =     0.0
 Etot   =   -117038.2114  EKtot   =     20441.5469  EPtot      =   -137479.7582
 BOND   =       546.9134  ANGLE   =      1486.6321  DIHED      =       997.4973
 UB     =         0.0000  IMP     =         0.0000  CMAP       =       135.1015
 1-4 NB =       641.7655  1-4 EEL =      5789.5590  VDWAALS    =     16425.1663
 EELEC  =   -163502.3932  EHBOND  =         0.0000  RESTRAINT  =         0.0000
 EKCMT  =         0.0000  VIRIAL  =         0.0000  VOLUME     =    334572.2984
                                                    Density    =         1.0288
 ------------------------------------------------------------------------------

wrapping first mol.:      -75.63751        0.00000        0.00000
wrapping first mol.:      -75.63751        0.00000        0.00000
wrapping first mol.:      -75.66363        0.00000        0.00000
wrapping first mol.:      -75.66363        0.00000        0.00000
wrapping first mol.:      -75.68995        0.00000        0.00000
wrapping first mol.:      -75.68995        0.00000        0.00000
wrapping first mol.:      -75.80365        0.00000        0.00000
wrapping first mol.:      -75.80365        0.00000        0.00000
wrapping first mol.:      -75.65848        0.00000        0.00000
wrapping first mol.:      -75.65848        0.00000        0.00000

 NSTEP =  9675000   TIME(PS) =   21050.000  TEMP(K) =   299.05  PRESS =     0.0
 Etot   =   -117162.8391  EKtot   =     20437.3477  EPtot      =   -137600.1868
 BOND   =       543.3651  ANGLE   =      1553.5018  DIHED      =       982.2873
 UB     =         0.0000  IMP     =         0.0000  CMAP       =       148.9661
 1-4 NB =       643.5367  1-4 EEL =      5800.5212  VDWAALS    =     16360.8495
 EELEC  =   -163633.2145  EHBOND  =         0.0000  RESTRAINT  =         0.0000
 EKCMT  =         0.0000  VIRIAL  =         0.0000  VOLUME     =    333388.7705
                                                    Density    =         1.0324
 ------------------------------------------------------------------------------

wrapping first mol.:      -75.70156        0.00000        0.00000
wrapping first mol.:      -75.70156        0.00000        0.00000
wrapping first mol.:      -75.60364        0.00000        0.00000
wrapping first mol.:      -75.60364        0.00000        0.00000
wrapping first mol.:      -75.69229        0.00000        0.00000
wrapping first mol.:      -75.69229        0.00000        0.00000
wrapping first mol.:      -75.75406        0.00000        0.00000
wrapping first mol.:      -75.75406        0.00000        0.00000
wrapping first mol.:      -75.65686        0.00000        0.00000
wrapping first mol.:      -75.65686        0.00000        0.00000

 NSTEP =  9700000   TIME(PS) =   21100.000  TEMP(K) =   298.54  PRESS =     0.0
 Etot   =   -117339.6495  EKtot   =     20402.6777  EPtot      =   -137742.3272
 BOND   =       561.0607  ANGLE   =      1569.0386  DIHED      =       989.9162
 UB     =         0.0000  IMP     =         0.0000  CMAP       =       137.4274
 1-4 NB =       646.7158  1-4 EEL =      5814.4444  VDWAALS    =     16926.3781
 EELEC  =   -164387.3084  EHBOND  =         0.0000  RESTRAINT  =         0.0000
 EKCMT  =         0.0000  VIRIAL  =         0.0000  VOLUME     =    333367.3854
                                                    Density    =         1.0325
 ------------------------------------------------------------------------------

wrapping first mol.:      -75.66741        0.00000        0.00000
wrapping first mol.:      -75.66741        0.00000        0.00000
wrapping first mol.:      -75.62936        0.00000        0.00000
wrapping first mol.:      -75.62936        0.00000        0.00000
wrapping first mol.:      -75.60107        0.00000        0.00000
wrapping first mol.:      -75.60107        0.00000        0.00000
wrapping first mol.:      -75.68090        0.00000        0.00000
wrapping first mol.:      -75.68090        0.00000        0.00000
wrapping first mol.:      -75.60300        0.00000        0.00000
wrapping first mol.:      -75.60300        0.00000        0.00000

 NSTEP =  9725000   TIME(PS) =   21150.000  TEMP(K) =   299.62  PRESS =     0.0
 Etot   =   -117242.6402  EKtot   =     20476.3652  EPtot      =   -137719.0054
 BOND   =       553.1950  ANGLE   =      1510.1503  DIHED      =       980.6943
 UB     =         0.0000  IMP     =         0.0000  CMAP       =       145.6637
 1-4 NB =       644.3214  1-4 EEL =      5781.4693  VDWAALS    =     16406.5071
 EELEC  =   -163741.0065  EHBOND  =         0.0000  RESTRAINT  =         0.0000
 EKCMT  =         0.0000  VIRIAL  =         0.0000  VOLUME     =    332655.8365
                                                    Density    =         1.0347
 ------------------------------------------------------------------------------

wrapping first mol.:      -75.69020        0.00000        0.00000
wrapping first mol.:      -75.69020        0.00000        0.00000
wrapping first mol.:      -75.64993        0.00000        0.00000
wrapping first mol.:      -75.64993        0.00000        0.00000
wrapping first mol.:      -75.65696        0.00000        0.00000
wrapping first mol.:      -75.65696        0.00000        0.00000
wrapping first mol.:      -75.69430        0.00000        0.00000
wrapping first mol.:      -75.69430        0.00000        0.00000
wrapping first mol.:      -75.66620        0.00000        0.00000
wrapping first mol.:      -75.66620        0.00000        0.00000

 NSTEP =  9750000   TIME(PS) =   21200.000  TEMP(K) =   300.09  PRESS =     0.0
 Etot   =   -117050.2839  EKtot   =     20507.9648  EPtot      =   -137558.2488
 BOND   =       571.9084  ANGLE   =      1545.5410  DIHED      =       987.5396
 UB     =         0.0000  IMP     =         0.0000  CMAP       =       137.6958
 1-4 NB =       663.5470  1-4 EEL =      5798.1447  VDWAALS    =     16449.5965
 EELEC  =   -163712.2218  EHBOND  =         0.0000  RESTRAINT  =         0.0000
 EKCMT  =         0.0000  VIRIAL  =         0.0000  VOLUME     =    333490.8259
                                                    Density    =         1.0321
 ------------------------------------------------------------------------------

wrapping first mol.:      -75.78636        0.00000        0.00000
wrapping first mol.:      -75.78636        0.00000        0.00000
wrapping first mol.:      -75.64235        0.00000        0.00000
wrapping first mol.:      -75.64235        0.00000        0.00000
wrapping first mol.:      -75.66796        0.00000        0.00000
wrapping first mol.:      -75.66796        0.00000        0.00000
wrapping first mol.:      -75.79697        0.00000        0.00000
wrapping first mol.:      -75.79697        0.00000        0.00000
wrapping first mol.:      -75.62264        0.00000        0.00000
wrapping first mol.:      -75.62264        0.00000        0.00000

 NSTEP =  9775000   TIME(PS) =   21250.000  TEMP(K) =   297.52  PRESS =     0.0
 Etot   =   -117471.8409  EKtot   =     20332.6602  EPtot      =   -137804.5011
 BOND   =       512.2648  ANGLE   =      1508.6129  DIHED      =       981.4677
 UB     =         0.0000  IMP     =         0.0000  CMAP       =       140.4464
 1-4 NB =       655.6306  1-4 EEL =      5880.9043  VDWAALS    =     16507.0553
 EELEC  =   -163990.8829  EHBOND  =         0.0000  RESTRAINT  =         0.0000
 EKCMT  =         0.0000  VIRIAL  =         0.0000  VOLUME     =    332915.1517
                                                    Density    =         1.0339
 ------------------------------------------------------------------------------

wrapping first mol.:      -75.51168        0.00000        0.00000
wrapping first mol.:      -75.51168        0.00000        0.00000
wrapping first mol.:      -75.71758        0.00000        0.00000
wrapping first mol.:      -75.71758        0.00000        0.00000
wrapping first mol.:      -75.62484        0.00000        0.00000
wrapping first mol.:      -75.62484        0.00000        0.00000
wrapping first mol.:      -75.62688        0.00000        0.00000
wrapping first mol.:      -75.62688        0.00000        0.00000
wrapping first mol.:      -75.67839        0.00000        0.00000
wrapping first mol.:      -75.67839        0.00000        0.00000

 NSTEP =  9800000   TIME(PS) =   21300.000  TEMP(K) =   301.13  PRESS =     0.0
 Etot   =   -116810.5904  EKtot   =     20579.2031  EPtot      =   -137389.7935
 BOND   =       552.6238  ANGLE   =      1543.4351  DIHED      =      1007.8108
 UB     =         0.0000  IMP     =         0.0000  CMAP       =       140.3903
 1-4 NB =       627.4277  1-4 EEL =      5783.9088  VDWAALS    =     15949.3464
 EELEC  =   -162994.7364  EHBOND  =         0.0000  RESTRAINT  =         0.0000
 EKCMT  =         0.0000  VIRIAL  =         0.0000  VOLUME     =    333651.9837
                                                    Density    =         1.0316
 ------------------------------------------------------------------------------

wrapping first mol.:      -75.61591        0.00000        0.00000
wrapping first mol.:      -75.61591        0.00000        0.00000
wrapping first mol.:      -75.74627        0.00000        0.00000
wrapping first mol.:      -75.74627        0.00000        0.00000
wrapping first mol.:      -75.67479        0.00000        0.00000
wrapping first mol.:      -75.67479        0.00000        0.00000
wrapping first mol.:      -75.62273        0.00000        0.00000
wrapping first mol.:      -75.62273        0.00000        0.00000
wrapping first mol.:      -75.65079        0.00000        0.00000
wrapping first mol.:      -75.65079        0.00000        0.00000

 NSTEP =  9825000   TIME(PS) =   21350.000  TEMP(K) =   297.48  PRESS =     0.0
 Etot   =   -117426.6860  EKtot   =     20329.6270  EPtot      =   -137756.3129
 BOND   =       566.5658  ANGLE   =      1510.0233  DIHED      =       982.0299
 UB     =         0.0000  IMP     =         0.0000  CMAP       =       137.1511
 1-4 NB =       648.1077  1-4 EEL =      5774.1766  VDWAALS    =     16352.2329
 EELEC  =   -163726.6003  EHBOND  =         0.0000  RESTRAINT  =         0.0000
 EKCMT  =         0.0000  VIRIAL  =         0.0000  VOLUME     =    333287.1722
                                                    Density    =         1.0327
 ------------------------------------------------------------------------------

wrapping first mol.:      -75.71024        0.00000        0.00000
wrapping first mol.:      -75.71024        0.00000        0.00000
wrapping first mol.:      -75.76277        0.00000        0.00000
wrapping first mol.:      -75.76277        0.00000        0.00000
wrapping first mol.:      -75.62145        0.00000        0.00000
wrapping first mol.:      -75.62145        0.00000        0.00000
wrapping first mol.:      -75.67166        0.00000        0.00000
wrapping first mol.:      -75.67166        0.00000        0.00000
wrapping first mol.:      -75.54345        0.00000        0.00000
wrapping first mol.:      -75.54345        0.00000        0.00000

 NSTEP =  9850000   TIME(PS) =   21400.000  TEMP(K) =   299.17  PRESS =     0.0
 Etot   =   -117531.1299  EKtot   =     20445.7461  EPtot      =   -137976.8760
 BOND   =       579.4163  ANGLE   =      1533.7870  DIHED      =       979.0010
 UB     =         0.0000  IMP     =         0.0000  CMAP       =       137.2225
 1-4 NB =       636.8756  1-4 EEL =      5800.6259  VDWAALS    =     16701.2915
 EELEC  =   -164345.0957  EHBOND  =         0.0000  RESTRAINT  =         0.0000
 EKCMT  =         0.0000  VIRIAL  =         0.0000  VOLUME     =    331870.4884
                                                    Density    =         1.0372
 ------------------------------------------------------------------------------

wrapping first mol.:      -75.63969        0.00000        0.00000
wrapping first mol.:      -75.63969        0.00000        0.00000
wrapping first mol.:      -75.75421        0.00000        0.00000
wrapping first mol.:      -75.75421        0.00000        0.00000
wrapping first mol.:      -75.65622        0.00000        0.00000
wrapping first mol.:      -75.65622        0.00000        0.00000
wrapping first mol.:      -75.65615        0.00000        0.00000
wrapping first mol.:      -75.65615        0.00000        0.00000
wrapping first mol.:      -75.66490        0.00000        0.00000
wrapping first mol.:      -75.66490        0.00000        0.00000

 NSTEP =  9875000   TIME(PS) =   21450.000  TEMP(K) =   299.87  PRESS =     0.0
 Etot   =   -117055.5708  EKtot   =     20493.2266  EPtot      =   -137548.7974
 BOND   =       559.0911  ANGLE   =      1521.8237  DIHED      =       986.3188
 UB     =         0.0000  IMP     =         0.0000  CMAP       =       145.6621
 1-4 NB =       647.5821  1-4 EEL =      5928.6270  VDWAALS    =     16535.3129
 EELEC  =   -163873.2150  EHBOND  =         0.0000  RESTRAINT  =         0.0000
 EKCMT  =         0.0000  VIRIAL  =         0.0000  VOLUME     =    333473.7085
                                                    Density    =         1.0322
 ------------------------------------------------------------------------------

wrapping first mol.:      -75.68477        0.00000        0.00000
wrapping first mol.:      -75.68477        0.00000        0.00000
wrapping first mol.:      -75.63893        0.00000        0.00000
wrapping first mol.:      -75.63893        0.00000        0.00000
wrapping first mol.:      -75.62702        0.00000        0.00000
wrapping first mol.:      -75.62702        0.00000        0.00000
wrapping first mol.:      -75.61739        0.00000        0.00000
wrapping first mol.:      -75.61739        0.00000        0.00000
wrapping first mol.:      -75.74830        0.00000        0.00000
wrapping first mol.:      -75.74830        0.00000        0.00000

 NSTEP =  9900000   TIME(PS) =   21500.000  TEMP(K) =   299.20  PRESS =     0.0
 Etot   =   -117273.8565  EKtot   =     20447.7422  EPtot      =   -137721.5986
 BOND   =       580.3869  ANGLE   =      1523.9878  DIHED      =       999.6350
 UB     =         0.0000  IMP     =         0.0000  CMAP       =       141.9889
 1-4 NB =       636.0882  1-4 EEL =      5796.6649  VDWAALS    =     16602.1316
 EELEC  =   -164002.4819  EHBOND  =         0.0000  RESTRAINT  =         0.0000
 EKCMT  =         0.0000  VIRIAL  =         0.0000  VOLUME     =    334577.6156
                                                    Density    =         1.0288
 ------------------------------------------------------------------------------

wrapping first mol.:      -75.65554        0.00000        0.00000
wrapping first mol.:      -75.65554        0.00000        0.00000
wrapping first mol.:      -75.66215        0.00000        0.00000
wrapping first mol.:      -75.66215        0.00000        0.00000
wrapping first mol.:      -75.53219        0.00000        0.00000
wrapping first mol.:      -75.53219        0.00000        0.00000
wrapping first mol.:      -75.57475        0.00000        0.00000
wrapping first mol.:      -75.57475        0.00000        0.00000
wrapping first mol.:      -75.72369        0.00000        0.00000
wrapping first mol.:      -75.72369        0.00000        0.00000

 NSTEP =  9925000   TIME(PS) =   21550.000  TEMP(K) =   298.83  PRESS =     0.0
 Etot   =   -117591.4821  EKtot   =     20422.1484  EPtot      =   -138013.6306
 BOND   =       583.3971  ANGLE   =      1548.4051  DIHED      =       980.4455
 UB     =         0.0000  IMP     =         0.0000  CMAP       =       132.4884
 1-4 NB =       621.2234  1-4 EEL =      5814.9879  VDWAALS    =     16520.8303
 EELEC  =   -164215.4082  EHBOND  =         0.0000  RESTRAINT  =         0.0000
 EKCMT  =         0.0000  VIRIAL  =         0.0000  VOLUME     =    334251.5868
                                                    Density    =         1.0298
 ------------------------------------------------------------------------------

wrapping first mol.:      -75.64375        0.00000        0.00000
wrapping first mol.:      -75.64375        0.00000        0.00000
wrapping first mol.:      -75.65066        0.00000        0.00000
wrapping first mol.:      -75.65066        0.00000        0.00000
wrapping first mol.:      -75.53831        0.00000        0.00000
wrapping first mol.:      -75.53831        0.00000        0.00000
wrapping first mol.:      -75.69874        0.00000        0.00000
wrapping first mol.:      -75.69874        0.00000        0.00000
wrapping first mol.:      -75.58976        0.00000        0.00000
wrapping first mol.:      -75.58976        0.00000        0.00000

 NSTEP =  9950000   TIME(PS) =   21600.000  TEMP(K) =   300.85  PRESS =     0.0
 Etot   =   -117394.9157  EKtot   =     20560.4746  EPtot      =   -137955.3903
 BOND   =       577.0294  ANGLE   =      1520.5803  DIHED      =       992.0364
 UB     =         0.0000  IMP     =         0.0000  CMAP       =       127.3796
 1-4 NB =       645.6842  1-4 EEL =      5828.4038  VDWAALS    =     16331.9955
 EELEC  =   -163978.4996  EHBOND  =         0.0000  RESTRAINT  =         0.0000
 EKCMT  =         0.0000  VIRIAL  =         0.0000  VOLUME     =    332481.1656
                                                    Density    =         1.0352
 ------------------------------------------------------------------------------

wrapping first mol.:      -75.65781        0.00000        0.00000
wrapping first mol.:      -75.65781        0.00000        0.00000
wrapping first mol.:      -75.69099        0.00000        0.00000
wrapping first mol.:      -75.69099        0.00000        0.00000
wrapping first mol.:      -75.68352        0.00000        0.00000
wrapping first mol.:      -75.68352        0.00000        0.00000
wrapping first mol.:      -75.67346        0.00000        0.00000
wrapping first mol.:      -75.67346        0.00000        0.00000
wrapping first mol.:      -75.65609        0.00000        0.00000
wrapping first mol.:      -75.65609        0.00000        0.00000

 NSTEP =  9975000   TIME(PS) =   21650.000  TEMP(K) =   299.13  PRESS =     0.0
 Etot   =   -117018.4501  EKtot   =     20442.8223  EPtot      =   -137461.2724
 BOND   =       571.8211  ANGLE   =      1527.2189  DIHED      =       977.2734
 UB     =         0.0000  IMP     =         0.0000  CMAP       =       136.8164
 1-4 NB =       630.2364  1-4 EEL =      5790.7542  VDWAALS    =     16465.3851
 EELEC  =   -163560.7780  EHBOND  =         0.0000  RESTRAINT  =         0.0000
 EKCMT  =         0.0000  VIRIAL  =         0.0000  VOLUME     =    333357.1476
                                                    Density    =         1.0325
 ------------------------------------------------------------------------------

wrapping first mol.:      -75.69007        0.00000        0.00000
wrapping first mol.:      -75.69007        0.00000        0.00000
wrapping first mol.:      -75.68729        0.00000        0.00000
wrapping first mol.:      -75.68729        0.00000        0.00000
wrapping first mol.:      -75.67064        0.00000        0.00000
wrapping first mol.:      -75.67064        0.00000        0.00000
wrapping first mol.:      -75.57707        0.00000        0.00000
wrapping first mol.:      -75.57707        0.00000        0.00000
wrapping first mol.:      -75.55842        0.00000        0.00000
wrapping first mol.:      -75.55842        0.00000        0.00000

 NSTEP = 10000000   TIME(PS) =   21700.000  TEMP(K) =   298.97  PRESS =     0.0
 Etot   =   -117775.4058  EKtot   =     20431.9512  EPtot      =   -138207.3570
 BOND   =       553.8495  ANGLE   =      1491.9805  DIHED      =       993.2843
 UB     =         0.0000  IMP     =         0.0000  CMAP       =       127.6522
 1-4 NB =       653.4280  1-4 EEL =      5882.9778  VDWAALS    =     16539.3924
 EELEC  =   -164449.9217  EHBOND  =         0.0000  RESTRAINT  =         0.0000
 EKCMT  =         0.0000  VIRIAL  =         0.0000  VOLUME     =    332067.7923
                                                    Density    =         1.0365
 ------------------------------------------------------------------------------


      A V E R A G E S   O V E R     400 S T E P S


 NSTEP = 10000000   TIME(PS) =   21700.000  TEMP(K) =   299.94  PRESS =     0.0
 Etot   =   -117179.3699  EKtot   =     20497.7654  EPtot      =   -137677.1352
 BOND   =       562.3530  ANGLE   =      1520.2753  DIHED      =      1000.7872
 UB     =         0.0000  IMP     =         0.0000  CMAP       =       138.8655
 1-4 NB =       643.7984  1-4 EEL =      5828.5253  VDWAALS    =     16415.4172
 EELEC  =   -163787.1572  EHBOND  =         0.0000  RESTRAINT  =         0.0000
 EKCMT  =         0.0000  VIRIAL  =         0.0000  VOLUME     =    333593.3624
                                                    Density    =         1.0318
 ------------------------------------------------------------------------------


      R M S  F L U C T U A T I O N S


 NSTEP = 10000000   TIME(PS) =   21700.000  TEMP(K) =     1.66  PRESS =     0.0
 Etot   =       213.1308  EKtot   =       113.5617  EPtot      =       176.7639
 BOND   =        19.3894  ANGLE   =        28.6348  DIHED      =        16.8282
 UB     =         0.0000  IMP     =         0.0000  CMAP       =         6.7482
 1-4 NB =        10.5140  1-4 EEL =        43.3330  VDWAALS    =       207.0595
 EELEC  =       323.8952  EHBOND  =         0.0000  RESTRAINT  =         0.0000
 EKCMT  =         0.0000  VIRIAL  =         0.0000  VOLUME     =       740.4996
                                                    Density    =         0.0023
 ------------------------------------------------------------------------------

| MC Barostat:     100000 volume changes attempted.
| MC Barostat:      38986 changes successful ( 38.99%)
 ------------------------------------------------------------------------------

--------------------------------------------------------------------------------
   5.  TIMINGS
--------------------------------------------------------------------------------

|  NonSetup CPU Time in Major Routines:
|
|     Routine           Sec        %
|     ------------------------------
|     Nonbond         512.81   13.22
|     Bond              0.00    0.00
|     Angle             0.00    0.00
|     Dihedral          0.00    0.00
|     Shake            47.50    1.22
|     RunMD          3226.47   83.18
|     Other            91.99    2.37
|     ------------------------------
|     Total          3878.77

|  PME Nonbond Pairlist CPU Time:
|
|     Routine              Sec        %
|     ---------------------------------
|     Set Up Cit           0.00    0.00
|     Build List           0.00    0.00
|     ---------------------------------
|     Total                0.00    0.00

|  PME Direct Force CPU Time:
|
|     Routine              Sec        %
|     ---------------------------------
|     NonBonded Calc       0.00    0.00
|     Exclude Masked       0.00    0.00
|     Other               14.60    0.38
|     ---------------------------------
|     Total               14.60    0.38

|  PME Reciprocal Force CPU Time:
|
|     Routine              Sec        %
|     ---------------------------------
|     1D bspline           0.00    0.00
|     Grid Charges         0.00    0.00
|     Scalar Sum           0.00    0.00
|     Gradient Sum         0.00    0.00
|     FFT                  0.00    0.00
|     ---------------------------------
|     Total                0.00    0.00

|  Final Performance Info:
|     -----------------------------------------------------
|     Average timings for last       1 steps:
|     Elapsed(s) =       0.00 Per Step(ms) =       4.75
|         ns/day =      36.40   seconds/ns =    2373.90
|
|     Average timings for all steps:
|     Elapsed(s) =    3891.55 Per Step(ms) =       0.39
|         ns/day =     444.04   seconds/ns =     194.58
|     -----------------------------------------------------

|  Setup CPU time:            0.52 seconds
|  NonSetup CPU time:      3878.77 seconds
|  Total CPU time:         3879.29 seconds     1.08 hours

|  Setup wall time:           1    seconds
|  NonSetup wall time:     3892    seconds
|  Total wall time:        3893    seconds     1.08 hours
