#Frame            g2o
       1      36.9932
       2      37.2375
       3      36.9859
       4      37.1165
       5      37.2663
       6      36.6662
       7      36.8487
       8      37.4741
       9      36.8340
      10      36.9724
      11      37.3353
      12      36.7920
      13      37.4577
      14      36.7648
      15      37.0022
      16      36.9287
      17      37.2125
      18      36.9401
      19      37.6042
      20      37.2718
      21      37.0438
      22      37.2006
      23      37.2434
      24      36.7224
      25      36.8686
      26      36.6457
      27      36.9863
      28      37.9652
      29      37.5515
      30      37.1786
      31      36.8736
      32      36.9422
      33      37.0532
      34      36.6380
      35      36.7799
      36      36.8661
      37      36.4936
      38      37.2950
      39      37.3084
      40      37.2406
      41      37.1367
      42      36.3180
      43      36.8564
      44      37.2241
      45      37.4128
      46      36.9932
      47      37.0926
      48      37.3177
      49      37.4769
      50      37.2178
      51      37.3417
      52      36.6389
      53      37.0529
      54      37.3085
      55      37.2398
      56      37.2189
      57      37.0136
      58      37.1919
      59      37.2019
      60      37.8730
      61      37.4202
      62      36.7127
      63      37.6163
      64      37.5300
      65      37.7003
      66      37.3468
      67      37.3925
      68      37.4161
      69      37.4384
      70      37.2813
      71      37.8352
      72      37.6630
      73      38.0605
      74      37.7530
      75      38.6828
      76      38.5338
      77      38.5483
      78      38.7782
      79      38.8489
      80      38.6785
      81      39.0662
      82      39.2070
      83      39.5029
      84      39.4112
      85      38.8418
      86      38.8972
      87      39.0367
      88      39.1151
      89      39.1903
      90      39.4172
      91      39.4867
      92      39.8810
      93      38.8840
      94      39.4916
      95      39.4176
      96      39.1727
      97      39.2611
      98      39.7351
      99      38.9404
     100      38.9260
     101      39.3206
     102      39.4230
     103      39.1435
     104      39.5213
     105      38.7719
     106      39.2538
     107      39.5253
     108      39.5492
     109      39.5500
     110      38.8859
     111      39.0576
     112      39.2996
     113      39.7202
     114      39.3953
     115      38.8193
     116      39.3197
     117      39.2534
     118      38.4674
     119      38.7101
     120      38.4852
     121      39.2257
     122      39.0905
     123      38.7413
     124      39.0322
     125      39.2330
     126      39.0029
     127      38.5647
     128      38.8590
     129      39.3379
     130      38.8737
     131      38.3521
     132      38.6862
     133      38.5699
     134      38.1501
     135      38.3648
     136      38.4319
     137      38.6997
     138      38.7378
     139      38.5516
     140      38.3875
     141      38.3662
     142      38.5521
     143      38.7418
     144      38.5339
     145      38.8138
     146      38.1102
     147      37.6767
     148      38.3075
     149      38.2735
     150      38.0020
     151      38.1438
     152      38.1894
     153      38.1656
     154      38.4652
     155      38.0739
     156      38.3152
     157      38.3836
     158      38.1401
     159      38.0820
     160      37.6287
     161      38.1413
     162      37.9523
     163      38.4801
     164      38.4498
     165      38.1178
     166      38.5349
     167      38.6776
     168      38.2850
     169      37.7830
     170      37.6840
     171      37.7554
     172      37.7127
     173      38.3921
     174      38.2879
     175      38.2137
     176      38.1316
     177      37.9540
     178      38.4797
     179      38.0608
     180      38.3704
     181      38.7511
     182      38.7390
     183      38.5756
     184      38.1926
     185      38.5459
     186      38.2934
     187      38.1326
     188      38.0666
     189      38.1042
     190      38.1727
     191      38.0781
     192      38.4454
     193      38.6641
     194      38.3707
     195      38.4234
     196      38.6806
     197      38.2701
     198      38.9179
     199      38.1904
     200      38.8376
     201      39.3218
     202      38.2087
     203      38.1420
     204      38.6153
     205      38.2539
     206      38.2506
     207      38.2829
     208      38.2568
     209      38.1983
     210      38.3319
     211      37.9928
     212      38.2862
     213      38.8403
     214      38.3852
     215      39.0525
     216      38.6723
     217      38.6640
     218      38.6381
     219      38.4343
     220      38.5589
     221      38.4668
     222      38.4227
     223      39.3031
     224      38.4615
     225      38.4829
     226      38.8519
     227      38.3822
     228      39.0378
     229      38.6690
     230      38.6196
     231      38.5517
     232      38.1811
     233      38.6130
     234      38.1767
     235      37.4917
     236      37.9462
     237      37.7498
     238      38.2950
     239      38.5824
     240      38.6211
     241      38.8182
     242      38.6866
     243      38.1975
     244      38.1474
     245      38.2016
     246      38.5757
     247      38.8355
     248      38.5677
     249      38.5307
     250      38.2577
     251      38.0123
     252      38.5041
     253      38.1758
     254      38.5189
     255      38.0291
     256      38.1938
     257      38.4453
     258      38.1578
     259      38.3924
     260      38.1242
     261      38.7109
     262      38.6135
     263      38.6245
     264      38.9462
     265      38.5674
     266      39.0459
     267      38.6021
     268      38.3467
     269      38.7861
     270      38.5076
     271      38.4246
     272      38.3795
     273      38.3470
     274      38.5368
     275      38.5891
     276      38.6914
     277      39.1032
     278      38.9254
     279      38.7497
     280      38.6617
     281      38.6080
     282      38.3689
     283      38.9464
     284      39.0385
     285      39.4067
     286      38.9530
     287      39.3236
     288      38.9164
     289      38.9306
     290      38.6628
     291      38.8752
     292      38.7535
     293      39.0763
     294      39.1769
     295      38.9459
     296      39.0764
     297      38.4070
     298      38.3864
     299      38.7256
     300      38.0573
     301      38.4585
     302      38.4487
     303      38.7492
     304      38.9626
     305      39.1932
     306      38.8128
     307      38.8206
     308      39.1366
     309      38.5698
     310      39.0903
     311      38.5753
     312      39.4019
     313      38.7495
     314      38.7198
     315      38.4433
     316      38.4559
     317      38.4306
     318      38.9230
     319      38.8290
     320      38.5159
     321      38.8908
     322      38.8870
     323      38.6246
     324      38.9599
     325      38.2127
     326      39.0422
     327      38.6191
     328      39.0899
     329      38.4899
     330      39.0384
     331      39.0069
     332      39.1925
     333      39.4477
     334      38.9633
     335      38.9071
     336      39.0131
     337      39.4228
     338      39.0526
     339      39.2416
     340      39.0038
     341      39.0217
     342      38.7794
     343      38.8355
     344      39.7795
     345      39.2967
     346      39.0552
     347      38.6779
     348      38.2254
     349      38.4380
     350      38.3779
     351      38.6089
     352      38.6987
     353      38.5115
     354      38.3977
     355      38.4832
     356      38.3071
     357      38.7010
     358      38.6536
     359      39.1048
     360      38.8188
     361      38.8187
     362      38.8940
     363      38.8354
     364      38.0843
     365      38.0810
     366      38.4712
     367      38.5909
     368      38.6452
     369      39.1125
     370      38.5925
     371      38.7400
     372      38.5298
     373      38.4163
     374      38.2923
     375      38.3340
     376      38.5524
     377      38.8546
     378      38.2468
     379      38.4991
     380      37.8855
     381      38.3554
     382      38.2700
     383      38.0246
     384      38.5895
     385      38.0034
     386      38.1287
     387      38.1113
     388      37.9470
     389      38.0646
     390      37.9052
     391      37.3973
     392      37.4677
     393      38.6092
     394      38.0530
     395      37.8567
     396      38.2410
     397      37.9896
     398      38.0927
     399      38.5371
     400      37.9780
     401      38.1411
     402      38.3197
     403      37.9487
     404      38.6749
     405      38.8211
     406      38.8533
     407      38.0230
     408      38.4156
     409      38.5018
     410      37.9242
     411      38.2052
     412      37.2978
     413      37.5864
     414      38.0712
     415      37.5486
     416      37.4511
     417      37.6515
     418      38.1156
     419      38.2261
     420      37.9684
     421      38.2884
     422      38.3351
     423      37.8667
     424      37.9513
     425      37.6969
     426      37.6382
     427      37.6244
     428      38.2938
     429      38.1945
     430      38.3997
     431      38.7805
     432      38.2529
     433      37.8668
     434      38.4314
     435      38.1893
     436      37.7477
     437      37.6629
     438      38.4470
     439      38.6232
     440      38.5617
     441      37.8074
     442      38.4661
     443      38.8365
     444      38.9825
     445      38.3903
     446      38.6029
     447      38.3298
     448      38.3098
     449      38.4866
     450      38.4899
     451      38.6532
     452      38.7985
     453      38.9100
     454      39.2862
     455      39.0690
     456      38.8782
     457      39.0230
     458      39.2630
     459      38.9770
     460      38.7255
     461      39.0793
     462      38.8712
     463      39.0637
     464      39.0663
     465      39.0538
     466      38.8537
     467      38.9118
     468      38.9001
     469      38.3830
     470      38.6815
     471      37.9467
     472      38.6022
     473      38.6792
     474      38.4025
     475      38.5917
     476      38.5840
     477      38.5209
     478      38.8883
     479      38.4760
     480      38.3336
     481      38.4450
     482      38.4762
     483      38.9427
     484      39.1086
     485      39.0950
     486      39.0092
     487      38.9758
     488      38.8802
     489      38.1101
     490      38.5326
     491      38.8142
     492      38.7567
     493      38.4748
     494      38.7215
     495      38.9463
     496      38.6084
     497      38.3810
     498      38.5254
     499      38.6975
     500      38.4153
     501      39.0839
     502      38.6372
     503      39.2582
     504      38.8767
     505      38.6912
     506      38.3988
     507      39.1087
     508      38.7623
     509      38.5346
     510      38.2613
     511      38.3366
     512      38.7745
     513      39.1250
     514      38.4575
     515      39.2649
     516      39.2805
     517      38.5706
     518      39.2459
     519      38.7080
     520      38.9651
     521      38.9099
     522      38.9285
     523      38.9251
     524      38.6247
     525      38.3278
     526      37.8472
     527      38.1364
     528      38.3096
     529      38.8391
     530      38.8716
     531      38.5245
     532      39.2619
     533      38.8355
     534      38.9907
     535      38.6851
     536      38.5929
     537      38.6949
     538      38.9680
     539      38.8401
     540      39.3198
     541      38.8455
     542      38.7886
     543      38.9056
     544      39.5180
     545      39.1771
     546      38.9278
     547      39.0211
     548      38.7055
     549      38.8818
     550      38.7280
     551      38.1877
     552      38.8988
     553      39.0452
     554      38.5898
     555      38.4434
     556      38.5742
     557      38.2718
     558      38.7069
     559      38.8800
     560      39.0337
     561      38.6463
     562      39.0228
     563      38.5371
     564      38.2782
     565      39.1548
     566      39.0484
     567      38.9362
     568      38.5522
     569      38.7778
     570      38.8161
     571      39.1339
     572      38.7074
     573      39.0908
     574      38.5813
     575      38.3455
     576      38.9607
     577      38.5938
     578      38.4540
     579      38.4970
     580      38.5663
     581      38.2623
     582      38.6351
     583      38.5230
     584      38.4468
     585      38.0836
     586      38.2864
     587      39.0011
     588      38.4572
     589      38.6247
     590      38.3101
     591      38.4527
     592      37.8650
     593      38.2683
     594      38.0725
     595      38.0643
     596      38.3747
     597      38.2626
     598      38.8406
     599      38.9244
     600      38.9586
     601      38.6768
     602      38.6946
     603      38.8604
     604      38.8032
     605      38.4125
     606      38.4216
     607      37.7370
     608      38.3608
     609      38.0360
     610      38.6033
     611      38.4002
     612      38.2654
     613      38.0468
     614      38.0806
     615      38.2006
     616      38.0724
     617      38.0546
     618      38.0419
     619      38.3727
     620      38.4992
     621      37.7780
     622      37.6315
     623      38.0635
     624      38.0859
     625      37.8917
     626      37.6478
     627      37.9595
     628      38.0550
     629      38.5766
     630      38.5931
     631      38.5703
     632      38.1090
     633      37.9032
     634      38.5569
     635      37.9757
     636      37.9236
     637      38.3043
     638      38.0062
     639      38.5358
     640      38.2105
     641      37.8464
     642      37.4091
     643      38.5143
     644      37.9008
     645      38.6059
     646      38.9268
     647      38.4371
     648      37.9394
     649      38.2619
     650      38.2621
     651      38.1761
     652      38.3219
     653      37.7912
     654      38.2838
     655      38.3534
     656      38.6480
     657      39.0553
     658      38.0899
     659      38.3817
     660      38.6858
     661      38.8087
     662      39.1888
     663      39.2097
     664      38.7826
     665      39.5630
     666      38.3398
     667      38.5418
     668      38.3889
     669      38.6356
     670      38.5020
     671      39.4409
     672      39.6064
     673      39.0586
     674      39.3754
     675      39.0587
     676      38.8928
     677      38.7669
     678      38.6429
     679      38.7319
     680      38.9844
     681      39.1662
     682      38.8976
     683      39.3514
     684      39.0458
     685      38.3694
     686      37.6606
     687      38.1020
     688      38.2612
     689      38.1132
     690      38.3697
     691      39.1140
     692      38.7053
     693      39.1341
     694      39.1629
     695      38.6139
     696      38.4516
     697      39.0101
     698      38.7276
     699      38.4724
     700      38.4905
     701      38.6001
     702      38.2802
     703      38.2544
     704      38.8773
     705      38.7056
     706      38.3119
     707      38.4969
     708      38.3059
     709      38.5796
     710      38.4998
     711      37.6645
     712      38.0538
     713      38.4430
     714      38.9743
     715      38.1217
     716      38.8562
     717      38.3042
     718      38.1358
     719      37.9561
     720      38.2556
     721      37.9808
     722      38.1695
     723      38.0163
     724      38.5448
     725      38.5752
     726      38.7236
     727      38.8541
     728      38.6235
     729      38.6436
     730      38.8844
     731      38.2670
     732      39.0038
     733      38.0195
     734      38.5868
     735      38.8084
     736      38.8995
     737      38.0453
     738      37.9380
     739      37.9666
     740      37.8494
     741      38.2215
     742      38.1702
     743      37.9564
     744      38.1291
     745      37.9739
     746      38.5288
     747      37.8946
     748      38.1324
     749      37.7844
     750      38.6510
     751      38.4160
     752      38.6545
     753      38.4124
     754      38.3463
     755      38.7048
     756      38.8883
     757      38.2247
     758      38.5195
     759      38.3897
     760      38.9329
     761      38.1977
     762      38.0154
     763      38.5543
     764      37.9624
     765      37.5289
     766      38.5642
     767      38.8911
     768      38.6476
     769      38.6709
     770      37.9444
     771      37.7841
     772      38.2081
     773      38.6427
     774      38.3865
     775      38.3967
     776      38.2579
     777      37.8232
     778      38.3579
     779      38.3912
     780      38.2412
     781      38.4412
     782      38.4687
     783      38.7694
     784      38.5312
     785      38.1158
     786      38.4610
     787      38.9732
     788      38.4374
     789      38.4071
     790      37.8705
     791      38.2574
     792      37.7514
     793      38.2708
     794      38.1020
     795      38.5257
     796      38.4284
     797      38.1201
     798      37.9451
     799      37.6132
     800      38.4211
     801      38.0149
     802      38.1039
     803      38.3079
     804      38.2894
     805      37.8989
     806      37.8951
     807      38.4754
     808      38.4416
     809      38.1165
     810      38.3543
     811      38.5320
     812      38.7466
     813      38.3224
     814      38.3875
     815      37.9581
     816      38.6374
     817      38.2768
     818      38.1076
     819      38.3808
     820      38.5808
     821      37.5865
     822      38.0947
     823      38.3874
     824      38.6281
     825      38.1867
     826      38.2874
     827      38.5159
     828      37.7899
     829      38.0505
     830      37.9849
     831      37.6868
     832      38.2332
     833      38.2543
     834      38.6065
     835      38.5791
     836      37.9097
     837      38.3296
     838      38.5927
     839      38.4189
     840      38.0803
     841      37.4840
     842      37.9637
     843      37.7702
     844      38.3618
     845      37.9910
     846      38.4727
     847      37.8964
     848      38.4302
     849      38.1695
     850      38.4694
     851      37.6167
     852      38.1845
     853      37.7024
     854      38.4001
     855      38.3289
     856      38.5892
     857      38.2906
     858      38.8836
     859      38.5058
     860      38.5255
     861      38.4758
     862      38.2165
     863      38.0962
     864      38.1213
     865      38.1712
     866      38.3234
     867      38.3257
     868      38.2964
     869      38.3111
     870      38.3838
     871      38.3530
     872      37.7479
     873      38.4512
     874      38.3245
     875      38.6586
     876      38.0683
     877      38.8266
     878      38.6285
     879      38.8912
     880      38.6278
     881      38.2820
     882      38.2180
     883      37.9280
     884      38.4284
     885      38.2504
     886      38.5739
     887      38.3245
     888      38.4241
     889      38.6899
     890      38.8096
     891      38.5604
     892      38.5960
     893      38.7758
     894      38.9880
     895      38.2518
     896      38.4563
     897      38.7054
     898      38.4556
     899      38.6665
     900      38.4452
     901      38.4745
     902      38.8742
     903      38.5463
     904      38.6319
     905      38.7177
     906      37.7219
     907      38.4201
     908      38.3550
     909      38.8838
     910      38.9954
     911      38.9922
     912      38.4283
     913      38.9901
     914      39.3171
     915      39.5138
     916      38.8024
     917      38.5947
     918      38.8587
     919      38.7848
     920      38.6662
     921      38.9842
     922      38.5555
     923      38.5522
     924      38.3052
     925      39.2624
     926      39.2810
     927      39.0080
     928      39.2976
     929      39.3841
     930      39.3298
     931      38.8850
     932      38.8466
     933      39.0443
     934      38.8529
     935      38.6649
     936      39.5217
     937      38.7865
     938      39.6223
     939      39.3599
     940      38.7364
     941      38.7100
     942      38.5654
     943      38.4250
     944      38.5289
     945      38.5544
     946      38.1642
     947      38.5992
     948      38.3259
     949      39.0537
     950      39.0893
     951      39.1441
     952      38.7531
     953      38.1808
     954      38.5391
     955      38.5210
     956      38.6319
     957      39.1191
     958      38.4584
     959      38.3072
     960      38.5579
     961      38.2330
     962      38.0746
     963      38.3810
     964      38.4248
     965      38.5789
     966      38.9913
     967      38.4452
     968      37.9419
     969      38.3625
     970      38.1191
     971      38.3556
     972      38.2718
     973      38.4508
     974      38.4625
     975      38.3699
     976      38.6345
     977      38.2573
     978      38.2526
     979      38.8572
     980      38.7223
     981      38.7521
     982      38.6615
     983      38.6961
     984      38.6064
     985      38.9120
     986      38.5472
     987      38.5099
     988      38.7791
     989      38.9227
     990      38.4387
     991      39.0975
     992      38.9062
     993      38.3634
     994      38.4555
     995      39.3319
     996      39.0400
     997      38.2747
     998      37.9049
     999      38.2192
    1000      37.7449
    1001      38.1291
    1002      38.5551
    1003      38.5354
    1004      38.5538
    1005      38.2675
    1006      38.1906
    1007      38.3839
    1008      38.2917
    1009      38.3606
    1010      38.5589
    1011      38.6349
    1012      38.5160
    1013      38.3601
    1014      38.6125
    1015      38.7931
    1016      38.5628
    1017      39.1441
    1018      38.8096
    1019      38.6020
    1020      38.9348
    1021      38.7704
    1022      38.6924
    1023      38.8553
    1024      38.5073
    1025      38.6224
    1026      38.7522
    1027      38.7719
    1028      38.5081
    1029      38.4275
    1030      38.2501
    1031      37.7758
    1032      38.3185
    1033      38.0329
    1034      38.9170
    1035      39.0986
    1036      38.6481
    1037      38.2283
    1038      38.6505
    1039      38.2762
    1040      38.1787
    1041      38.0469
    1042      38.4571
    1043      37.8320
    1044      38.3950
    1045      38.0974
    1046      38.4194
    1047      38.5026
    1048      37.8700
    1049      37.6707
    1050      37.9759
    1051      37.8307
    1052      37.7101
    1053      38.2143
    1054      37.7576
    1055      38.1310
    1056      38.5481
    1057      38.1348
    1058      37.5952
    1059      37.9452
    1060      38.0800
    1061      37.7393
    1062      37.7134
    1063      37.7428
    1064      38.2495
    1065      37.7735
    1066      38.1220
    1067      38.3641
    1068      38.2188
    1069      38.3264
    1070      38.2997
    1071      38.7920
    1072      38.2647
    1073      38.7416
    1074      38.4790
    1075      38.6619
    1076      38.7578
    1077      38.5357
    1078      38.2598
    1079      38.0785
    1080      38.5424
    1081      38.9125
    1082      38.3916
    1083      38.6715
    1084      38.3554
    1085      38.6021
    1086      39.1429
    1087      38.6840
    1088      38.5385
    1089      38.3044
    1090      38.5085
    1091      38.7735
    1092      38.9927
    1093      39.0255
    1094      39.1414
    1095      39.0487
    1096      38.8185
    1097      39.2447
    1098      38.9950
    1099      38.5545
    1100      38.4402
    1101      38.7214
    1102      38.8764
    1103      38.7790
    1104      39.3382
    1105      39.0472
    1106      39.5256
    1107      38.3630
    1108      38.7232
    1109      38.4952
    1110      37.7106
    1111      38.1428
    1112      38.5753
    1113      38.8488
    1114      38.9106
    1115      38.0422
    1116      38.1477
    1117      38.9200
    1118      38.4647
    1119      38.7238
    1120      38.1009
    1121      38.2150
    1122      38.4969
    1123      38.5061
    1124      38.8229
    1125      38.2574
    1126      38.3754
    1127      38.1346
    1128      38.3319
    1129      38.5306
    1130      37.9893
    1131      38.8927
    1132      38.3040
    1133      38.7245
    1134      39.1222
    1135      38.9995
    1136      38.8732
    1137      38.3065
    1138      39.2898
    1139      39.1994
    1140      38.5883
    1141      38.8571
    1142      39.0738
    1143      39.2097
    1144      38.7656
    1145      38.6488
    1146      38.9509
    1147      38.3838
    1148      38.3612
    1149      37.9599
    1150      38.4680
    1151      38.6309
    1152      38.3985
    1153      38.6377
    1154      38.3486
    1155      37.6221
    1156      38.1945
    1157      38.6515
    1158      38.2258
    1159      38.3356
    1160      38.0155
    1161      38.3687
    1162      38.0052
    1163      38.3966
    1164      38.7226
    1165      38.6669
    1166      38.6282
    1167      38.6731
    1168      38.4349
    1169      38.5737
    1170      38.3980
    1171      38.9208
    1172      39.1547
    1173      38.7746
    1174      38.7732
    1175      38.6188
    1176      38.4910
    1177      38.5257
    1178      38.1902
    1179      38.1565
    1180      38.5489
    1181      38.3149
    1182      37.8823
    1183      37.7236
    1184      37.8932
    1185      38.1790
    1186      37.7532
    1187      37.4732
    1188      37.7442
    1189      38.1946
    1190      37.9953
    1191      38.6958
    1192      38.4789
    1193      39.0310
    1194      38.4287
    1195      39.0015
    1196      38.6042
    1197      38.3328
    1198      38.5900
    1199      38.7550
    1200      38.5440
    1201      39.1133
    1202      38.7779
    1203      38.6516
    1204      38.2134
    1205      38.4167
    1206      38.1116
    1207      38.4807
    1208      38.3198
    1209      38.6261
    1210      38.4108
    1211      38.6490
    1212      38.3690
    1213      38.1698
    1214      37.9281
    1215      38.4509
    1216      38.8524
    1217      38.2821
    1218      38.5543
    1219      38.4425
    1220      38.8181
    1221      38.4484
    1222      38.8169
    1223      39.0081
    1224      38.2581
    1225      39.2100
    1226      39.0058
    1227      38.8656
    1228      39.1374
    1229      38.9749
    1230      39.1665
    1231      38.9042
    1232      38.6905
    1233      38.6399
    1234      38.4771
    1235      39.0607
    1236      38.3799
    1237      38.2459
    1238      38.9350
    1239      38.1726
    1240      38.9765
    1241      38.4015
    1242      38.8023
    1243      38.9774
    1244      38.6591
    1245      39.5312
    1246      38.5024
    1247      39.0821
    1248      38.7170
    1249      38.5748
    1250      38.3967
    1251      38.3385
    1252      38.6460
    1253      38.1743
    1254      39.3576
    1255      38.6764
    1256      38.5006
    1257      38.8763
    1258      38.3587
    1259      38.4499
    1260      38.6177
    1261      38.7895
    1262      39.2255
    1263      38.7793
    1264      39.5791
    1265      39.3709
    1266      39.3728
    1267      39.1393
    1268      39.9862
    1269      39.5274
    1270      39.6135
    1271      39.5360
    1272      39.6876
    1273      39.1896
    1274      39.4838
    1275      38.8860
    1276      38.3581
    1277      38.3174
    1278      39.4931
    1279      38.9648
    1280      39.0222
    1281      38.8295
    1282      38.8750
    1283      39.4164
    1284      38.6086
    1285      38.5878
    1286      38.8618
    1287      38.8869
    1288      38.2834
    1289      38.4775
    1290      38.3387
    1291      38.1346
    1292      38.0907
    1293      38.2632
    1294      39.7170
    1295      38.8797
    1296      39.4357
    1297      39.0579
    1298      38.5443
    1299      39.1114
    1300      39.4293
    1301      39.5224
    1302      38.9120
    1303      39.2115
    1304      38.7766
    1305      39.0683
    1306      39.2631
    1307      38.9475
    1308      39.0886
    1309      39.0647
    1310      39.8216
    1311      40.2788
    1312      40.0137
    1313      39.7711
    1314      39.2736
    1315      39.7926
    1316      39.4446
    1317      40.0859
    1318      39.6648
    1319      39.6600
    1320      39.7768
    1321      39.4090
    1322      38.9421
    1323      39.5861
    1324      38.9493
    1325      39.1889
    1326      39.5204
    1327      39.9223
    1328      39.3676
    1329      39.5148
    1330      40.2657
    1331      40.1399
    1332      40.2321
    1333      40.1742
    1334      40.2289
    1335      40.3586
    1336      40.3570
    1337      40.0982
    1338      40.4944
    1339      39.7749
    1340      39.6428
    1341      39.6258
    1342      39.7422
    1343      40.0033
    1344      40.0907
    1345      40.0407
    1346      40.4090
    1347      39.4782
    1348      39.6189
    1349      39.7431
    1350      39.4966
    1351      39.4388
    1352      39.6184
    1353      39.3458
    1354      39.9180
    1355      39.8192
    1356      39.7048
    1357      40.0241
    1358      39.4349
    1359      39.2211
    1360      39.7093
    1361      39.5616
    1362      39.6079
    1363      39.1777
    1364      39.6245
    1365      39.6470
    1366      39.3822
    1367      39.8388
    1368      39.6598
    1369      39.6465
    1370      39.5416
    1371      39.8225
    1372      39.5426
    1373      39.4947
    1374      40.2495
    1375      40.1117
    1376      40.3053
    1377      39.4501
    1378      39.3526
    1379      39.3550
    1380      39.4422
    1381      39.9595
    1382      39.4613
    1383      39.6879
    1384      39.9760
    1385      40.0583
    1386      39.3225
    1387      39.5578
    1388      38.8375
    1389      39.4352
    1390      37.9144
    1391      38.0404
    1392      38.3037
    1393      38.2858
    1394      38.3721
    1395      39.0251
    1396      38.4928
    1397      38.6973
    1398      39.0344
    1399      39.3745
    1400      39.3711
    1401      39.4594
    1402      38.8666
    1403      39.7577
    1404      38.7862
    1405      39.0945
    1406      39.0702
    1407      38.6885
    1408      39.1650
    1409      39.8896
    1410      39.0788
    1411      39.9378
    1412      40.1450
    1413      39.3044
    1414      39.4346
    1415      39.2910
    1416      39.2925
    1417      39.4146
    1418      39.5571
    1419      39.5267
    1420      39.2421
    1421      39.8221
    1422      38.8917
    1423      39.1880
    1424      39.2187
    1425      39.7327
    1426      39.9323
    1427      39.8934
    1428      40.1707
    1429      39.7136
    1430      39.6069
    1431      39.7957
    1432      40.0351
    1433      39.6476
    1434      39.8329
    1435      39.5193
    1436      38.8947
    1437      39.1092
    1438      39.2141
    1439      39.1661
    1440      38.9173
    1441      38.7017
    1442      39.1840
    1443      38.9892
    1444      38.9612
    1445      39.0834
    1446      39.0414
    1447      38.7334
    1448      39.3020
    1449      38.8931
    1450      39.0418
    1451      39.1025
    1452      39.0695
    1453      39.1709
    1454      39.2778
    1455      39.1559
    1456      39.7244
    1457      39.1769
    1458      39.5318
    1459      39.5138
    1460      39.4974
    1461      39.8695
    1462      39.6118
    1463      39.7191
    1464      39.8209
    1465      39.6902
    1466      40.3098
    1467      39.7621
    1468      39.9215
    1469      40.1076
    1470      39.3284
    1471      39.7203
    1472      39.7117
    1473      39.4926
    1474      39.3005
    1475      39.7282
    1476      39.9854
    1477      40.6137
    1478      39.9872
    1479      40.1409
    1480      39.5903
    1481      40.0590
    1482      40.2831
    1483      40.0705
    1484      39.6139
    1485      39.7202
    1486      40.2815
    1487      39.5271
    1488      39.6849
    1489      40.0015
    1490      39.8559
    1491      39.7470
    1492      39.9224
    1493      39.3960
    1494      40.0034
    1495      40.0748
    1496      39.9700
    1497      39.7901
    1498      40.4223
    1499      40.1815
    1500      39.3256
    1501      40.2996
    1502      40.0170
    1503      40.2822
    1504      39.6710
    1505      40.0078
    1506      39.5782
    1507      39.9745
    1508      39.9627
    1509      39.7357
    1510      39.5619
    1511      39.6415
    1512      39.5630
    1513      39.7997
    1514      39.6846
    1515      39.7775
    1516      40.0941
    1517      40.1237
    1518      39.9191
    1519      39.6200
    1520      39.7019
    1521      39.6839
    1522      40.0453
    1523      39.7259
    1524      39.6253
    1525      40.0465
    1526      40.3849
    1527      39.8950
    1528      39.2713
    1529      39.5571
    1530      39.7939
    1531      39.5603
    1532      39.2158
    1533      40.0901
    1534      39.7617
    1535      39.3209
    1536      39.5734
    1537      39.6702
    1538      40.1122
    1539      40.4667
    1540      40.3855
    1541      40.6827
    1542      41.0174
    1543      40.2532
    1544      39.8515
    1545      40.0088
    1546      39.8581
    1547      39.7048
    1548      40.4599
    1549      39.7585
    1550      39.4828
    1551      39.6726
    1552      39.7459
    1553      40.0163
    1554      40.2779
    1555      39.7109
    1556      39.6406
    1557      39.8299
    1558      39.7206
    1559      40.3681
    1560      40.6861
    1561      40.5034
    1562      40.1743
    1563      39.8613
    1564      40.0765
    1565      39.7536
    1566      39.9706
    1567      39.7933
    1568      39.5859
    1569      39.8276
    1570      39.9621
    1571      39.6369
    1572      39.5486
    1573      39.2956
    1574      39.4190
    1575      38.9489
    1576      39.0582
    1577      38.6755
    1578      39.4261
    1579      39.1706
    1580      38.9774
    1581      38.6265
    1582      38.8463
    1583      38.9073
    1584      38.6381
    1585      38.9879
    1586      39.2200
    1587      38.8841
    1588      38.9481
    1589      39.2498
    1590      38.6614
    1591      38.7449
    1592      39.0270
    1593      37.9140
    1594      37.9381
    1595      38.0161
    1596      38.4076
    1597      38.3093
    1598      38.5441
    1599      38.6458
    1600      39.0594
    1601      38.7804
    1602      38.9038
    1603      38.7738
    1604      38.8324
    1605      39.4162
    1606      39.3511
    1607      38.8593
    1608      38.9312
    1609      38.9273
    1610      39.1070
    1611      38.6579
    1612      38.9849
    1613      39.2307
    1614      38.7125
    1615      39.1980
    1616      39.0222
    1617      39.0427
    1618      39.0157
    1619      38.7354
    1620      38.6600
    1621      38.7919
    1622      38.8360
    1623      39.5043
    1624      38.7985
    1625      38.7826
    1626      38.7613
    1627      39.0140
    1628      39.0217
    1629      39.0066
    1630      39.0147
    1631      38.9653
    1632      39.3731
    1633      39.9281
    1634      40.2814
    1635      40.1013
    1636      39.9639
    1637      39.6559
    1638      39.5931
    1639      39.1970
    1640      39.6799
    1641      39.3534
    1642      39.3599
    1643      39.4362
    1644      39.2719
    1645      39.6704
    1646      39.4232
    1647      38.9843
    1648      39.1155
    1649      39.5277
    1650      39.3575
    1651      39.7082
    1652      39.7351
    1653      38.7090
    1654      38.7945
    1655      38.9628
    1656      39.2967
    1657      38.7631
    1658      38.9893
    1659      38.9010
    1660      39.5084
    1661      39.1719
    1662      39.5884
    1663      39.0657
    1664      39.0115
    1665      38.8099
    1666      38.2385
    1667      38.7814
    1668      38.1660
    1669      38.4597
    1670      38.4194
    1671      38.9078
    1672      39.2919
    1673      38.7547
    1674      38.4985
    1675      38.8953
    1676      38.7442
    1677      38.8711
    1678      38.9389
    1679      38.7830
    1680      38.8793
    1681      38.5499
    1682      38.8259
    1683      38.7488
    1684      38.8100
    1685      39.0695
    1686      39.0433
    1687      38.4685
    1688      38.8297
    1689      38.8485
    1690      39.4513
    1691      38.6028
    1692      38.4381
    1693      38.4534
    1694      38.4498
    1695      38.7108
    1696      38.4335
    1697      38.6154
    1698      39.0565
    1699      38.7140
    1700      38.6002
    1701      38.6740
    1702      38.3746
    1703      38.7571
    1704      38.7720
    1705      37.9495
    1706      38.5962
    1707      37.9406
    1708      38.2685
    1709      38.1159
    1710      38.8586
    1711      38.5093
    1712      39.0775
    1713      39.0391
    1714      38.9859
    1715      38.8546
    1716      38.4828
    1717      38.6459
    1718      38.7271
    1719      38.7868
    1720      38.9345
    1721      38.6936
    1722      38.9881
    1723      39.2948
    1724      39.0362
    1725      39.2599
    1726      38.6542
    1727      38.3078
    1728      38.9836
    1729      39.2552
    1730      38.9679
    1731      38.9986
    1732      39.1717
    1733      38.4960
    1734      38.9248
    1735      38.6971
    1736      38.4592
    1737      38.0458
    1738      38.7120
    1739      38.8013
    1740      38.7077
    1741      38.7598
    1742      38.6842
    1743      38.9123
    1744      39.4823
    1745      39.0098
    1746      39.5255
    1747      39.5285
    1748      39.0946
    1749      38.3194
    1750      39.0819
    1751      39.4182
    1752      39.3999
    1753      39.2684
    1754      39.2178
    1755      39.2367
    1756      39.1449
    1757      39.2042
    1758      39.4088
    1759      39.3535
    1760      39.1820
    1761      38.6816
    1762      38.9561
    1763      38.9910
    1764      38.5561
    1765      38.3591
    1766      38.8198
    1767      38.9182
    1768      38.8688
    1769      39.3580
    1770      38.9130
    1771      38.4805
    1772      38.8711
    1773      38.9092
    1774      38.5974
    1775      39.0650
    1776      38.1210
    1777      38.1964
    1778      38.4194
    1779      38.4041
    1780      38.6218
    1781      38.8236
    1782      39.0092
    1783      39.2370
    1784      38.5626
    1785      38.2831
    1786      38.9545
    1787      38.9630
    1788      39.2809
    1789      38.7846
    1790      39.1504
    1791      39.5753
    1792      39.3703
    1793      39.1781
    1794      39.3262
    1795      39.4013
    1796      39.4381
    1797      39.2119
    1798      39.0005
    1799      38.9827
    1800      39.0383
    1801      39.3974
    1802      39.4909
    1803      39.1776
    1804      39.5592
    1805      39.5605
    1806      39.3345
    1807      39.7176
    1808      39.0244
    1809      39.0313
    1810      39.2788
    1811      38.1629
    1812      38.8799
    1813      39.2102
    1814      39.0094
    1815      39.6430
    1816      39.0231
    1817      38.7671
    1818      38.6537
    1819      38.5297
    1820      38.7217
    1821      38.5442
    1822      39.5478
    1823      38.8044
    1824      38.7121
    1825      39.2783
    1826      39.0003
    1827      38.7495
    1828      37.7494
    1829      38.8179
    1830      38.9328
    1831      38.7819
    1832      39.0682
    1833      38.9473
    1834      39.1684
    1835      39.1000
    1836      38.5001
    1837      38.9148
    1838      39.5047
    1839      38.6044
    1840      38.8733
    1841      38.2289
    1842      38.6081
    1843      38.5784
    1844      38.6689
    1845      38.7943
    1846      38.5740
    1847      38.2937
    1848      38.4638
    1849      38.8654
    1850      39.1671
    1851      39.0433
    1852      39.4747
    1853      39.5525
    1854      39.6800
    1855      38.9235
    1856      39.3231
    1857      39.4724
    1858      39.4259
    1859      39.4894
    1860      38.9841
    1861      39.4132
    1862      39.9216
    1863      39.3233
    1864      39.6958
    1865      39.0042
    1866      39.6809
    1867      39.0538
    1868      39.6973
    1869      39.1254
    1870      39.3285
    1871      39.3218
    1872      39.5799
    1873      39.1544
    1874      38.8517
    1875      39.0343
    1876      38.9374
    1877      38.9026
    1878      39.0483
    1879      39.4494
    1880      39.4230
    1881      39.4050
    1882      38.5295
    1883      38.8291
    1884      38.8022
    1885      39.9616
    1886      39.7102
    1887      39.6206
    1888      39.5728
    1889      39.3667
    1890      39.6824
    1891      39.4666
    1892      39.2615
    1893      39.2685
    1894      39.7805
    1895      38.9455
    1896      39.6124
    1897      39.2988
    1898      39.3227
    1899      39.6611
    1900      38.8071
    1901      38.8849
    1902      38.9545
    1903      38.4174
    1904      39.4251
    1905      38.5322
    1906      38.4883
    1907      38.7414
    1908      39.1903
    1909      38.8643
    1910      38.8368
    1911      38.3957
    1912      38.5869
    1913      38.3954
    1914      38.4016
    1915      38.2950
    1916      38.1072
    1917      38.3296
    1918      38.5542
    1919      38.7752
    1920      38.1590
    1921      38.3309
    1922      38.9840
    1923      38.7924
    1924      38.2042
    1925      38.9538
    1926      39.1282
    1927      38.0955
    1928      37.9701
    1929      38.2229
    1930      37.7839
    1931      38.0853
    1932      38.4921
    1933      38.5574
    1934      38.9029
    1935      38.8193
    1936      38.7688
    1937      38.6851
    1938      38.2160
    1939      38.8146
    1940      38.2247
    1941      38.4770
    1942      38.2895
    1943      38.6969
    1944      38.3484
    1945      38.1726
    1946      38.2179
    1947      38.1229
    1948      38.0838
    1949      38.0403
    1950      38.2401
    1951      37.9725
    1952      38.2049
    1953      39.1248
    1954      38.1263
    1955      38.6209
    1956      39.4552
    1957      39.0923
    1958      39.4454
    1959      38.9774
    1960      38.8480
    1961      38.8947
    1962      39.1598
    1963      39.0604
    1964      38.6753
    1965      38.7297
    1966      38.3888
    1967      38.8479
    1968      38.7672
    1969      39.0371
    1970      38.4170
    1971      38.6668
    1972      38.8705
    1973      38.6543
    1974      39.2339
    1975      38.6740
    1976      38.9367
    1977      38.8630
    1978      38.8856
    1979      38.4623
    1980      38.1312
    1981      38.3435
    1982      38.8837
    1983      38.5528
    1984      38.6415
    1985      38.3690
    1986      38.6162
    1987      38.1929
    1988      38.4429
    1989      38.6065
    1990      38.4151
    1991      38.3334
    1992      37.7137
    1993      37.6813
    1994      37.9219
    1995      37.8665
    1996      38.0642
    1997      38.5587
    1998      38.4308
    1999      38.3469
    2000      38.5732
    2001      38.9165
    2002      38.4074
    2003      38.3780
    2004      38.2253
    2005      38.7465
    2006      38.5023
    2007      39.3618
    2008      39.4574
    2009      39.2236
    2010      39.2384
    2011      39.6901
    2012      39.3037
    2013      38.9029
    2014      38.8230
    2015      39.0259
    2016      38.6787
    2017      39.5097
    2018      38.9832
    2019      39.0407
    2020      39.4938
    2021      39.2401
    2022      39.2031
    2023      39.3522
    2024      39.1998
    2025      39.5027
    2026      39.1426
    2027      39.0057
    2028      39.0713
    2029      38.7663
    2030      39.0924
    2031      39.0530
    2032      38.9740
    2033      39.9813
    2034      40.0407
    2035      39.9100
    2036      39.8518
    2037      39.9774
    2038      40.1162
    2039      40.5260
    2040      40.2031
    2041      40.5574
    2042      40.4843
    2043      40.3122
    2044      39.8565
    2045      39.8010
    2046      40.6032
    2047      40.3826
    2048      40.3562
    2049      40.7991
    2050      40.4453
    2051      40.1287
    2052      40.0470
    2053      39.9185
    2054      40.0808
    2055      39.5381
    2056      39.5854
    2057      39.9313
    2058      39.4279
    2059      38.9808
    2060      38.9983
    2061      39.1649
    2062      38.9615
    2063      38.5365
    2064      38.9697
    2065      39.0264
    2066      39.0794
    2067      38.8357
    2068      38.9707
    2069      38.4751
    2070      38.8389
    2071      39.0160
    2072      39.1101
    2073      39.1617
    2074      38.1204
    2075      38.7718
    2076      38.4229
    2077      38.6699
    2078      39.0944
    2079      39.0699
    2080      38.7308
    2081      39.1105
    2082      39.0123
    2083      38.8747
    2084      39.2025
    2085      39.4188
    2086      39.6466
    2087      40.5703
    2088      39.5073
    2089      39.8373
    2090      40.2512
    2091      39.2325
    2092      39.3460
    2093      39.9979
    2094      40.0686
    2095      40.0592
    2096      39.9498
    2097      39.7156
    2098      39.5553
    2099      39.1059
    2100      39.2493
    2101      39.4974
    2102      39.2725
    2103      39.7662
    2104      40.0619
    2105      40.1457
    2106      39.8749
    2107      39.6973
    2108      39.4355
    2109      39.6905
    2110      39.5308
    2111      39.9264
    2112      40.0914
    2113      39.3900
    2114      39.6663
    2115      40.0045
    2116      39.8174
    2117      40.0330
    2118      39.9707
    2119      40.5203
    2120      40.4945
    2121      40.1122
    2122      39.7936
    2123      40.0556
    2124      39.9527
    2125      40.2523
    2126      40.8005
    2127      39.9833
    2128      40.4518
    2129      39.8341
    2130      40.2140
    2131      40.0235
    2132      39.6969
    2133      39.5607
    2134      39.5112
    2135      39.6216
    2136      39.2492
    2137      39.7948
    2138      39.0379
    2139      39.2102
    2140      39.6712
    2141      39.5834
    2142      39.4025
    2143      39.2400
    2144      39.4542
    2145      38.8214
    2146      39.4519
    2147      39.4127
    2148      40.2491
    2149      39.5610
    2150      39.6638
    2151      39.1743
    2152      39.7931
    2153      39.5599
    2154      39.1488
    2155      39.1671
    2156      39.3388
    2157      39.1374
    2158      38.4174
    2159      38.2776
    2160      39.0784
    2161      39.4307
    2162      38.6860
    2163      38.3689
    2164      37.7379
    2165      37.9011
    2166      38.5323
    2167      38.2941
    2168      38.5742
    2169      38.2357
    2170      37.8216
    2171      37.7335
    2172      37.6957
    2173      37.9436
    2174      38.3682
    2175      37.8795
    2176      38.4729
    2177      38.1638
    2178      37.9260
    2179      37.4746
    2180      37.6769
    2181      38.2780
    2182      38.1877
    2183      38.3694
    2184      38.5510
    2185      38.4844
    2186      38.5614
    2187      38.9664
    2188      39.7459
    2189      38.7573
    2190      38.4488
    2191      38.9819
    2192      39.0480
    2193      39.0204
    2194      39.1241
    2195      38.9039
    2196      39.2671
    2197      38.9520
    2198      38.6138
    2199      39.0633
    2200      38.6274
    2201      38.4740
    2202      38.5233
    2203      38.9756
    2204      38.0919
    2205      38.3974
    2206      38.6628
    2207      39.0906
    2208      39.2817
    2209      39.0329
    2210      39.2218
    2211      38.8216
    2212      38.2285
    2213      38.2634
    2214      38.7213
    2215      38.9503
    2216      38.8105
    2217      38.4545
    2218      39.0452
    2219      38.7207
    2220      39.1444
    2221      38.9129
    2222      38.5656
    2223      38.7585
    2224      38.4852
    2225      38.4813
    2226      38.5984
    2227      38.6794
    2228      38.2224
    2229      38.3080
    2230      38.7552
    2231      39.2047
    2232      38.3205
    2233      38.8483
    2234      39.2544
    2235      38.8494
    2236      38.8143
    2237      38.7418
    2238      38.0242
    2239      38.7407
    2240      38.7203
    2241      38.3050
    2242      38.3155
    2243      38.4420
    2244      38.5547
    2245      38.6118
    2246      39.1319
    2247      39.1859
    2248      38.6090
    2249      38.7562
    2250      38.9404
    2251      38.9136
    2252      38.7609
    2253      39.1264
    2254      39.0742
    2255      38.9507
    2256      39.4099
    2257      39.0698
    2258      39.1407
    2259      39.5886
    2260      39.3676
    2261      39.0374
    2262      38.4634
    2263      39.0705
    2264      38.7338
    2265      38.8997
    2266      38.8425
    2267      38.7708
    2268      38.6184
    2269      38.9193
    2270      38.3987
    2271      39.1370
    2272      38.6595
    2273      38.8396
    2274      38.9642
    2275      39.1295
    2276      39.0135
    2277      38.4297
    2278      38.5669
    2279      39.2740
    2280      38.7462
    2281      39.7855
    2282      39.2800
    2283      39.2150
    2284      39.5437
    2285      39.0290
    2286      39.1612
    2287      39.2482
    2288      38.6195
    2289      38.6042
    2290      38.5492
    2291      38.8810
    2292      38.7211
    2293      39.0662
    2294      38.8435
    2295      38.9704
    2296      38.4088
    2297      38.6766
    2298      38.5174
    2299      38.3420
    2300      38.3803
    2301      38.5456
    2302      39.1866
    2303      38.6202
    2304      39.0284
    2305      39.1214
    2306      39.5362
    2307      39.2645
    2308      39.1161
    2309      38.3745
    2310      38.5915
    2311      38.8150
    2312      38.9185
    2313      39.0271
    2314      39.0993
    2315      38.7535
    2316      38.8131
    2317      38.9931
    2318      39.1088
    2319      38.9574
    2320      38.7143
    2321      38.7138
    2322      38.9960
    2323      39.2182
    2324      39.0481
    2325      39.1399
    2326      39.2181
    2327      38.5041
    2328      38.8506
    2329      39.1008
    2330      38.9139
    2331      39.2032
    2332      39.1788
    2333      38.9078
    2334      38.7034
    2335      38.6593
    2336      39.1716
    2337      39.0669
    2338      38.3575
    2339      38.6818
    2340      38.7245
    2341      37.9117
    2342      38.6283
    2343      38.4939
    2344      38.2422
    2345      38.8345
    2346      38.5010
    2347      39.1707
    2348      39.1354
    2349      38.9046
    2350      39.2095
    2351      38.7139
    2352      38.9615
    2353      38.4855
    2354      38.2936
    2355      38.2678
    2356      38.3292
    2357      38.0547
    2358      38.4158
    2359      38.5992
    2360      38.4990
    2361      38.3450
    2362      38.1290
    2363      38.3631
    2364      38.5975
    2365      39.0825
    2366      38.3420
    2367      38.3182
    2368      38.3308
    2369      38.5853
    2370      38.2535
    2371      38.1750
    2372      38.2010
    2373      38.0344
    2374      38.0334
    2375      37.6121
    2376      38.7070
    2377      37.8804
    2378      37.9060
    2379      38.7498
    2380      37.9197
    2381      38.9108
    2382      38.8249
    2383      38.5035
    2384      38.6962
    2385      37.8105
    2386      37.6559
    2387      38.1378
    2388      38.3593
    2389      38.9817
    2390      38.6583
    2391      38.8891
    2392      38.4188
    2393      39.0761
    2394      38.6388
    2395      38.9750
    2396      38.6858
    2397      38.3358
    2398      38.5345
    2399      38.3439
    2400      39.0082
    2401      38.8630
    2402      39.0650
    2403      38.6465
    2404      38.4493
    2405      38.2351
    2406      38.2947
    2407      38.2660
    2408      38.2121
    2409      38.4138
    2410      38.2180
    2411      38.3952
    2412      38.3367
    2413      38.0332
    2414      38.3419
    2415      37.9537
    2416      37.7917
    2417      38.8811
    2418      39.2129
    2419      38.5696
    2420      38.2132
    2421      38.2252
    2422      38.0031
    2423      38.3486
    2424      38.8752
    2425      39.1829
    2426      38.8379
    2427      39.3296
    2428      38.3386
    2429      38.5606
    2430      38.2207
    2431      39.1420
    2432      39.0306
    2433      38.5414
    2434      38.3929
    2435      38.8535
    2436      38.0772
    2437      38.7916
    2438      38.5760
    2439      39.5030
    2440      38.7621
    2441      38.5130
    2442      38.7277
    2443      38.3251
    2444      38.7484
    2445      38.1744
    2446      38.7623
    2447      38.2237
    2448      38.3212
    2449      38.2240
    2450      37.7113
    2451      37.5416
    2452      37.7454
    2453      38.8336
    2454      37.9800
    2455      38.1216
    2456      37.7654
    2457      38.0564
    2458      37.6294
    2459      38.3627
    2460      38.0491
    2461      38.3158
    2462      38.3791
    2463      38.2190
    2464      38.1991
    2465      38.5180
    2466      38.3860
    2467      38.1538
    2468      38.7114
    2469      38.1670
    2470      38.4807
    2471      38.4113
    2472      38.5784
    2473      38.2769
    2474      38.4077
    2475      38.1470
    2476      38.4399
    2477      38.4248
    2478      38.7968
    2479      38.4645
    2480      38.0344
    2481      38.1461
    2482      38.1889
    2483      38.3080
    2484      38.4157
    2485      38.7264
    2486      38.3040
    2487      38.4152
    2488      38.9997
    2489      38.9690
    2490      39.0172
    2491      38.6087
    2492      38.4863
    2493      39.2255
    2494      39.0057
    2495      38.5288
    2496      38.5250
    2497      38.7205
    2498      38.6154
    2499      38.4353
    2500      38.6285
    2501      38.8513
    2502      39.3194
    2503      39.0449
    2504      39.0651
    2505      38.7592
    2506      38.8321
    2507      38.7073
    2508      38.1458
    2509      38.0667
    2510      37.6380
    2511      38.0910
    2512      38.0134
    2513      37.5427
    2514      37.9884
    2515      38.4876
    2516      38.7553
    2517      38.7851
    2518      38.1478
    2519      38.9888
    2520      37.5403
    2521      37.1925
    2522      37.4615
    2523      37.0036
    2524      37.2435
    2525      37.5155
    2526      37.9241
    2527      37.9262
    2528      37.3196
    2529      38.1036
    2530      37.4902
    2531      37.7224
    2532      37.9054
    2533      37.9830
    2534      38.3538
    2535      38.3024
    2536      37.7832
    2537      38.5282
    2538      38.4597
    2539      38.2089
    2540      38.7608
    2541      39.1075
    2542      38.5076
    2543      38.6005
    2544      38.5664
    2545      38.1418
    2546      38.3198
    2547      38.0119
    2548      38.4050
    2549      38.2107
    2550      38.1436
    2551      37.9524
    2552      38.5269
    2553      38.4664
    2554      38.3237
    2555      37.8920
    2556      38.3571
    2557      38.5398
    2558      38.7161
    2559      38.7407
    2560      38.7791
    2561      38.3460
    2562      38.2861
    2563      38.7133
    2564      38.1039
    2565      38.7316
    2566      38.5008
    2567      38.6935
    2568      38.7581
    2569      38.6549
    2570      38.5765
    2571      38.3872
    2572      38.0410
    2573      37.8962
    2574      38.2627
    2575      38.5461
    2576      38.8589
    2577      38.2748
    2578      38.2549
    2579      38.2177
    2580      37.9595
    2581      38.0064
    2582      38.5045
    2583      38.5706
    2584      38.6841
    2585      38.9356
    2586      38.4223
    2587      38.7429
    2588      38.4705
    2589      38.2788
    2590      38.2048
    2591      38.3938
    2592      38.5844
    2593      38.3103
    2594      38.2402
    2595      38.4517
    2596      37.8743
    2597      38.4894
    2598      37.5592
    2599      39.0338
    2600      38.1985
    2601      38.2270
    2602      37.5906
    2603      38.0766
    2604      38.7239
    2605      38.5647
    2606      39.0328
    2607      38.5760
    2608      38.3773
    2609      39.0375
    2610      38.4819
    2611      38.7183
    2612      38.9095
    2613      38.2461
    2614      37.7882
    2615      38.5676
    2616      38.1971
    2617      38.6447
    2618      38.2600
    2619      38.7465
    2620      38.7203
    2621      38.0518
    2622      38.3280
    2623      38.1100
    2624      37.9770
    2625      38.4035
    2626      38.0596
    2627      38.4299
    2628      38.4216
    2629      38.9862
    2630      38.5397
    2631      38.1906
    2632      38.3991
    2633      38.7087
    2634      38.9769
    2635      38.3597
    2636      39.0059
    2637      38.2230
    2638      38.6891
    2639      38.2313
    2640      38.4868
    2641      38.7153
    2642      38.4970
    2643      38.7883
    2644      38.3458
    2645      38.3622
    2646      38.5302
    2647      38.6611
    2648      38.6293
    2649      38.7137
    2650      38.4513
    2651      38.3924
    2652      38.2068
    2653      38.7425
    2654      38.4688
    2655      38.7390
    2656      38.3732
    2657      38.3832
    2658      38.1590
    2659      38.2133
    2660      38.2706
    2661      38.0934
    2662      38.4967
    2663      38.6984
    2664      38.6345
    2665      38.1204
    2666      38.3821
    2667      38.2774
    2668      38.4371
    2669      38.3634
    2670      38.5549
    2671      38.2902
    2672      38.4825
    2673      37.8675
    2674      38.3580
    2675      38.5731
    2676      38.3451
    2677      38.9882
    2678      38.3645
    2679      38.5229
    2680      38.1785
    2681      38.5516
    2682      38.6903
    2683      38.6918
    2684      38.8602
    2685      38.7190
    2686      38.3499
    2687      38.8002
    2688      38.1300
    2689      37.9812
    2690      38.4922
    2691      38.1701
    2692      38.2705
    2693      38.0198
    2694      38.2963
    2695      38.6643
    2696      37.6136
    2697      37.9924
    2698      38.1506
    2699      37.9772
    2700      38.2846
    2701      38.1624
    2702      38.5336
    2703      38.3129
    2704      38.3568
    2705      38.6391
    2706      38.4114
    2707      38.2551
    2708      38.3904
    2709      38.6525
    2710      38.4041
    2711      38.2310
    2712      38.0353
    2713      38.2968
    2714      38.1752
    2715      38.1366
    2716      38.5623
    2717      38.2547
    2718      38.6339
    2719      38.4134
    2720      38.5731
    2721      38.2783
    2722      38.4611
    2723      38.6630
    2724      38.2893
    2725      38.1512
    2726      38.2461
    2727      38.0862
    2728      38.2982
    2729      38.3449
    2730      37.9936
    2731      38.2712
    2732      37.9212
    2733      38.4013
    2734      37.8455
    2735      37.5513
    2736      37.8213
    2737      38.5676
    2738      38.0740
    2739      38.2473
    2740      38.4742
    2741      37.9985
    2742      38.1492
    2743      38.1511
    2744      38.1562
    2745      37.9363
    2746      38.1713
    2747      38.1070
    2748      37.6332
    2749      37.9210
    2750      37.6182
    2751      37.5458
    2752      37.7246
    2753      38.4040
    2754      38.2738
    2755      37.9980
    2756      38.0811
    2757      37.7703
    2758      38.4264
    2759      38.1840
    2760      38.1946
    2761      37.6354
    2762      37.5879
    2763      38.0857
    2764      37.7656
    2765      37.6885
    2766      38.0210
    2767      38.4563
    2768      37.8351
    2769      37.4042
    2770      38.0284
    2771      37.6677
    2772      37.8458
    2773      37.7887
    2774      37.3968
    2775      38.2517
    2776      37.5258
    2777      37.5625
    2778      37.9100
    2779      38.3876
    2780      37.9821
    2781      37.7727
    2782      37.6453
    2783      37.8656
    2784      38.1332
    2785      38.3454
    2786      37.9461
    2787      37.3161
    2788      38.1235
    2789      37.2712
    2790      37.4802
    2791      37.8918
    2792      37.7870
    2793      37.8173
    2794      37.7693
    2795      37.5381
    2796      37.8731
    2797      37.9967
    2798      38.2762
    2799      37.7466
    2800      37.8530
    2801      38.1092
    2802      38.8812
    2803      38.8598
    2804      38.4888
    2805      38.6129
    2806      38.2337
    2807      38.5842
    2808      38.6474
    2809      38.6438
    2810      38.4647
    2811      37.9602
    2812      38.6313
    2813      38.8465
    2814      38.6217
    2815      38.7409
    2816      38.0729
    2817      38.1199
    2818      38.5129
    2819      38.2431
    2820      38.8056
    2821      38.5315
    2822      38.8185
    2823      39.4025
    2824      38.7574
    2825      38.6752
    2826      38.7804
    2827      38.5794
    2828      38.9288
    2829      38.7795
    2830      37.9918
    2831      38.4723
    2832      38.9430
    2833      38.3598
    2834      38.0887
    2835      38.2371
    2836      38.2535
    2837      38.2711
    2838      38.6237
    2839      38.5864
    2840      38.3195
    2841      38.2673
    2842      38.7207
    2843      38.4379
    2844      38.4005
    2845      38.7203
    2846      38.4720
    2847      38.2528
    2848      39.0680
    2849      38.5944
    2850      38.4231
    2851      38.0654
    2852      38.3242
    2853      38.5535
    2854      38.1449
    2855      38.4841
    2856      38.0233
    2857      38.3103
    2858      38.5224
    2859      38.6830
    2860      38.7175
    2861      38.6853
    2862      38.9020
    2863      38.2943
    2864      38.3857
    2865      38.3299
    2866      38.4130
    2867      38.2278
    2868      38.3023
    2869      38.7229
    2870      38.7316
    2871      38.9752
    2872      38.9542
    2873      38.5767
    2874      38.3528
    2875      38.3792
    2876      38.3988
    2877      38.4761
    2878      38.2479
    2879      38.1867
    2880      38.3891
    2881      38.2749
    2882      38.3787
    2883      38.2065
    2884      38.3060
    2885      38.3532
    2886      38.5215
    2887      38.5503
    2888      37.8941
    2889      38.0534
    2890      38.4417
    2891      38.5588
    2892      38.5282
    2893      38.2754
    2894      37.6195
    2895      37.8192
    2896      38.3058
    2897      38.5680
    2898      38.5002
    2899      38.8348
    2900      37.9776
    2901      38.0661
    2902      38.3381
    2903      38.0191
    2904      38.0150
    2905      38.1876
    2906      38.5360
    2907      38.1519
    2908      38.4529
    2909      38.2700
    2910      38.4008
    2911      38.0860
    2912      38.3467
    2913      38.3447
    2914      38.2405
    2915      38.0220
    2916      37.9630
    2917      38.5828
    2918      39.2114
    2919      38.1678
    2920      37.9748
    2921      38.2646
    2922      38.1529
    2923      38.3886
    2924      38.3475
    2925      38.5965
    2926      38.5992
    2927      38.6731
    2928      38.4766
    2929      38.5787
    2930      38.5197
    2931      38.9046
    2932      38.6205
    2933      38.2214
    2934      38.6785
    2935      38.4328
    2936      38.8574
    2937      37.9024
    2938      38.1579
    2939      38.2456
    2940      38.2846
    2941      38.4811
    2942      38.1812
    2943      39.0085
    2944      38.9893
    2945      38.5717
    2946      38.5156
    2947      38.4732
    2948      38.5030
    2949      38.0522
    2950      38.8959
    2951      37.8961
    2952      38.5458
    2953      38.7750
    2954      38.4484
    2955      38.7000
    2956      39.0199
    2957      38.6073
    2958      38.3938
    2959      38.7921
    2960      38.7255
    2961      38.3214
    2962      37.9175
    2963      38.1851
    2964      38.2451
    2965      38.0145
    2966      38.2497
    2967      38.4429
    2968      38.4687
    2969      37.8381
    2970      38.7235
    2971      38.1846
    2972      37.8531
    2973      37.7772
    2974      38.5050
    2975      38.0203
    2976      37.9986
    2977      37.6965
    2978      38.6555
    2979      38.7126
    2980      38.2657
    2981      38.6664
    2982      38.1549
    2983      38.7092
    2984      38.2490
    2985      38.5154
    2986      37.8158
    2987      38.1269
    2988      38.0111
    2989      37.9744
    2990      38.3554
    2991      38.5062
    2992      38.6706
    2993      38.1654
    2994      38.2252
    2995      38.5609
    2996      38.9585
    2997      38.3383
    2998      38.5090
    2999      38.2083
    3000      38.3824
    3001      38.0736
    3002      38.9291
    3003      38.7717
    3004      38.8300
    3005      38.3438
    3006      38.1567
    3007      37.8685
    3008      38.5739
    3009      38.4959
    3010      38.6950
    3011      39.2213
    3012      38.9645
    3013      39.1882
    3014      39.0713
    3015      38.7914
    3016      39.0443
    3017      38.7631
    3018      39.5001
    3019      38.8573
    3020      39.1318
    3021      38.6438
    3022      38.5800
    3023      38.8587
    3024      38.4343
    3025      38.9652
    3026      38.3780
    3027      38.4874
    3028      38.6254
    3029      38.3859
    3030      37.7975
    3031      37.8781
    3032      37.5714
    3033      37.5871
    3034      38.3914
    3035      37.8991
    3036      38.2867
    3037      38.1542
    3038      38.0683
    3039      38.1242
    3040      37.7148
    3041      37.6639
    3042      37.7347
    3043      38.3018
    3044      37.7720
    3045      38.1437
    3046      38.2562
    3047      38.2720
    3048      38.2551
    3049      38.3595
    3050      38.4770
    3051      38.1145
    3052      38.3730
    3053      38.4136
    3054      38.3095
    3055      38.9319
    3056      38.4743
    3057      38.1656
    3058      38.0956
    3059      38.4658
    3060      38.2864
    3061      38.6729
    3062      39.1034
    3063      38.6137
    3064      38.2959
    3065      38.2204
    3066      38.5953
    3067      38.8125
    3068      38.8388
    3069      38.7320
    3070      38.6188
    3071      39.0656
    3072      38.7805
    3073      38.8853
    3074      38.8357
    3075      38.8131
    3076      39.2005
    3077      38.5016
    3078      38.5651
    3079      38.5911
    3080      38.1129
    3081      38.3822
    3082      38.3885
    3083      38.3755
    3084      38.4271
    3085      38.9703
    3086      38.3193
    3087      37.9700
    3088      38.2730
    3089      38.6588
    3090      38.7399
    3091      38.4626
    3092      38.8378
    3093      38.5844
    3094      38.5721
    3095      38.2334
    3096      38.0813
    3097      37.9302
    3098      37.8743
    3099      38.2091
    3100      38.3377
    3101      38.0468
    3102      37.8790
    3103      38.0743
    3104      38.0379
    3105      38.1166
    3106      38.4865
    3107      38.3797
    3108      38.2538
    3109      38.2811
    3110      38.0667
    3111      38.0033
    3112      38.2022
    3113      38.1714
    3114      38.2555
    3115      38.8866
    3116      38.1078
    3117      38.5835
    3118      38.6935
    3119      38.8429
    3120      38.4465
    3121      38.6159
    3122      38.3880
    3123      38.3016
    3124      38.7705
    3125      38.8543
    3126      38.4377
    3127      39.0058
    3128      38.6172
    3129      38.5768
    3130      38.4281
    3131      38.0964
    3132      38.4383
    3133      37.7983
    3134      39.0877
    3135      38.0433
    3136      38.2458
    3137      38.3832
    3138      38.7164
    3139      38.6422
    3140      38.9497
    3141      38.4719
    3142      38.6814
    3143      39.5534
    3144      38.7214
    3145      38.5477
    3146      38.4706
    3147      38.5350
    3148      39.0356
    3149      38.3248
    3150      38.7520
    3151      38.6113
    3152      38.9047
    3153      38.5632
    3154      38.1722
    3155      38.4009
    3156      38.8064
    3157      38.5689
    3158      38.2003
    3159      38.5812
    3160      38.2901
    3161      38.4062
    3162      38.5469
    3163      38.5052
    3164      38.6931
    3165      38.2566
    3166      38.0367
    3167      37.8685
    3168      38.3209
    3169      38.6032
    3170      38.3330
    3171      38.7793
    3172      38.4449
    3173      37.8532
    3174      37.9773
    3175      37.9676
    3176      38.0741
    3177      37.6945
    3178      38.0192
    3179      37.8581
    3180      38.4744
    3181      38.1604
    3182      37.9161
    3183      38.2479
    3184      38.0451
    3185      38.0319
    3186      38.6292
    3187      38.3270
    3188      38.4817
    3189      38.6306
    3190      38.5748
    3191      39.1429
    3192      38.4464
    3193      38.0998
    3194      38.4612
    3195      38.6327
    3196      38.2159
    3197      38.4442
    3198      38.5788
    3199      38.9734
    3200      38.9283
    3201      39.1609
    3202      39.2138
    3203      39.0774
    3204      38.7551
    3205      39.0766
    3206      38.2917
    3207      38.4658
    3208      38.3683
    3209      38.5736
    3210      38.0642
    3211      38.7343
    3212      38.5845
    3213      38.7389
    3214      38.4564
    3215      38.6987
    3216      38.0095
    3217      38.0060
    3218      37.6121
    3219      38.7578
    3220      38.2158
    3221      38.7467
    3222      38.4774
    3223      38.4945
    3224      38.2730
    3225      38.9537
    3226      38.9997
    3227      38.2765
    3228      38.4399
    3229      38.7295
    3230      38.2230
    3231      38.5574
    3232      38.4359
    3233      38.6486
    3234      38.7436
    3235      38.9615
    3236      38.7916
    3237      38.9429
    3238      38.7440
    3239      38.5093
    3240      38.5400
    3241      38.7773
    3242      38.8957
    3243      38.4622
    3244      38.2562
    3245      38.7450
    3246      38.2673
    3247      38.8318
    3248      38.6672
    3249      39.0220
    3250      38.9038
    3251      38.5101
    3252      38.5135
    3253      38.4543
    3254      38.1184
    3255      38.7946
    3256      38.9231
    3257      38.1117
    3258      38.2610
    3259      38.3011
    3260      38.0942
    3261      38.2657
    3262      38.6823
    3263      38.5635
    3264      38.4716
    3265      38.7424
    3266      38.5183
    3267      38.0938
    3268      38.4495
    3269      38.4042
    3270      38.5380
    3271      38.2345
    3272      38.6154
    3273      38.6389
    3274      38.4661
    3275      38.4127
    3276      38.1865
    3277      38.5740
    3278      37.9929
    3279      37.9639
    3280      38.8682
    3281      38.4307
    3282      38.5183
    3283      38.5661
    3284      38.4846
    3285      38.1192
    3286      38.4666
    3287      38.4946
    3288      38.7331
    3289      38.5144
    3290      38.1886
    3291      38.3277
    3292      38.8488
    3293      38.2478
    3294      38.3626
    3295      38.1109
    3296      38.2686
    3297      37.7582
    3298      38.4021
    3299      37.9772
    3300      38.0881
    3301      38.4539
    3302      38.3561
    3303      38.4228
    3304      38.4144
    3305      39.2094
    3306      38.8798
    3307      38.3067
    3308      37.9895
    3309      38.4559
    3310      38.1516
    3311      38.5857
    3312      38.9026
    3313      38.5889
    3314      38.8496
    3315      38.3768
    3316      38.8287
    3317      38.1959
    3318      38.4383
    3319      38.5888
    3320      38.5861
    3321      38.4021
    3322      38.4543
    3323      38.4801
    3324      38.1536
    3325      38.3343
    3326      38.4362
    3327      38.6764
    3328      38.5560
    3329      38.8161
    3330      38.5234
    3331      38.4651
    3332      38.7898
    3333      38.5175
    3334      38.9730
    3335      38.8888
    3336      38.6338
    3337      39.0095
    3338      38.7226
    3339      38.5405
    3340      38.5211
    3341      38.7903
    3342      38.2070
    3343      38.1292
    3344      38.9085
    3345      38.3866
    3346      38.0430
    3347      38.5855
    3348      38.6110
    3349      38.2374
    3350      38.5653
    3351      38.2285
    3352      38.5415
    3353      38.6869
    3354      39.0091
    3355      38.7545
    3356      38.6127
    3357      38.4678
    3358      38.5410
    3359      38.8745
    3360      38.2929
    3361      38.1676
    3362      38.3288
    3363      38.3431
    3364      38.6350
    3365      38.5920
    3366      38.7734
    3367      38.6690
    3368      38.5150
    3369      37.9911
    3370      38.4428
    3371      38.4611
    3372      38.8190
    3373      38.6226
    3374      38.4219
    3375      38.7492
    3376      38.3625
    3377      38.1178
    3378      38.1721
    3379      38.1962
    3380      38.4066
    3381      38.9077
    3382      38.7667
    3383      39.0842
    3384      39.1610
    3385      38.5247
    3386      37.8339
    3387      38.0008
    3388      38.8719
    3389      37.7553
    3390      38.1225
    3391      38.6754
    3392      38.8553
    3393      38.5273
    3394      38.4050
    3395      38.0310
    3396      38.3637
    3397      37.8941
    3398      37.8478
    3399      38.6905
    3400      38.1256
    3401      38.4766
    3402      38.5304
    3403      39.0511
    3404      38.7747
    3405      38.8051
    3406      38.7285
    3407      38.9302
    3408      39.4146
    3409      38.8381
    3410      39.1716
    3411      38.7150
    3412      38.1922
    3413      38.8001
    3414      38.5836
    3415      39.1623
    3416      39.0256
    3417      38.8461
    3418      39.3281
    3419      39.1935
    3420      39.1612
    3421      38.7302
    3422      39.1159
    3423      39.6193
    3424      39.0513
    3425      39.2303
    3426      38.6457
    3427      38.8806
    3428      39.2623
    3429      39.1297
    3430      38.9480
    3431      38.5413
    3432      38.9632
    3433      38.9591
    3434      39.5063
    3435      39.3176
    3436      39.1907
    3437      39.0557
    3438      38.9392
    3439      38.9608
    3440      38.8844
    3441      38.6907
    3442      38.8329
    3443      38.4849
    3444      38.7799
    3445      38.6628
    3446      38.4488
    3447      38.6313
    3448      38.4404
    3449      38.8964
    3450      38.7037
    3451      38.8743
    3452      39.1473
    3453      39.0045
    3454      38.1392
    3455      38.8503
    3456      38.9319
    3457      39.2875
    3458      39.5698
    3459      39.4801
    3460      39.6563
    3461      39.5678
    3462      39.8472
    3463      39.6909
    3464      39.5857
    3465      39.2879
    3466      39.0642
    3467      39.0708
    3468      38.9382
    3469      38.5791
    3470      39.2166
    3471      38.4264
    3472      39.2435
    3473      38.7322
    3474      38.8133
    3475      39.2710
    3476      39.1553
    3477      38.7430
    3478      38.6712
    3479      38.5716
    3480      38.9841
    3481      38.8650
    3482      38.5887
    3483      38.9983
    3484      38.7798
    3485      38.3752
    3486      38.0398
    3487      38.1962
    3488      38.8325
    3489      38.7024
    3490      37.8787
    3491      38.0973
    3492      38.4451
    3493      37.9199
    3494      38.0092
    3495      38.0021
    3496      37.7322
    3497      38.0813
    3498      38.7392
    3499      38.1488
    3500      38.4219
    3501      38.7476
    3502      38.4318
    3503      38.0957
    3504      38.8259
    3505      38.4527
    3506      38.1156
    3507      38.2762
    3508      38.6371
    3509      38.4412
    3510      38.7788
    3511      38.9055
    3512      38.7750
    3513      38.8311
    3514      38.7439
    3515      38.0907
    3516      38.4106
    3517      38.5213
    3518      38.7528
    3519      38.3461
    3520      37.4934
    3521      37.9238
    3522      38.4484
    3523      38.6158
    3524      38.5482
    3525      38.9934
    3526      39.0959
    3527      38.7241
    3528      38.6313
    3529      38.7492
    3530      39.0256
    3531      39.8249
    3532      40.0431
    3533      39.3400
    3534      39.3967
    3535      39.2293
    3536      39.0852
    3537      38.8789
    3538      38.7465
    3539      38.5761
    3540      38.0362
    3541      37.9772
    3542      37.7998
    3543      37.9037
    3544      38.4264
    3545      38.0759
    3546      37.9518
    3547      37.8461
    3548      38.5609
    3549      38.2888
    3550      38.5888
    3551      38.3728
    3552      37.9890
    3553      38.3753
    3554      37.8216
    3555      38.1995
    3556      38.6164
    3557      38.2833
    3558      38.5086
    3559      38.2810
    3560      38.3971
    3561      38.4362
    3562      38.6907
    3563      38.2671
    3564      38.4477
    3565      38.4180
    3566      38.4284
    3567      38.3454
    3568      38.7403
    3569      38.1875
    3570      38.7358
    3571      38.9867
    3572      38.1123
    3573      38.3467
    3574      38.3812
    3575      38.7429
    3576      38.3689
    3577      38.9105
    3578      38.6694
    3579      38.6297
    3580      38.3672
    3581      38.2715
    3582      38.4545
    3583      38.8802
    3584      39.0284
    3585      39.3297
    3586      39.1194
    3587      39.7745
    3588      39.1187
    3589      38.7752
    3590      39.4156
    3591      39.3777
    3592      39.2194
    3593      38.4814
    3594      38.3306
    3595      38.1782
    3596      38.6350
    3597      38.3604
    3598      38.4749
    3599      38.8355
    3600      38.1913
    3601      37.9743
    3602      38.1576
    3603      38.4327
    3604      37.9996
    3605      38.6179
    3606      38.9101
    3607      39.0234
    3608      38.7626
    3609      38.3870
    3610      38.8350
    3611      38.6200
    3612      38.6116
    3613      38.1708
    3614      38.4331
    3615      38.8345
    3616      38.4175
    3617      38.8211
    3618      38.8210
    3619      38.0408
    3620      38.2974
    3621      38.2721
    3622      37.9697
    3623      38.6932
    3624      38.1863
    3625      38.6711
    3626      38.7138
    3627      39.1052
    3628      39.1469
    3629      39.3825
    3630      39.1440
    3631      38.8323
    3632      38.8533
    3633      38.3195
    3634      38.7025
    3635      38.9365
    3636      38.3689
    3637      38.4216
    3638      38.4198
    3639      38.3610
    3640      38.1870
    3641      38.3417
    3642      38.0022
    3643      38.3365
    3644      38.9797
    3645      39.2229
    3646      38.8320
    3647      38.9292
    3648      39.3271
    3649      38.6523
    3650      38.8194
    3651      39.3552
    3652      39.1282
    3653      39.5601
    3654      39.4399
    3655      39.6065
    3656      39.7065
    3657      39.1402
    3658      38.9289
    3659      38.9986
    3660      39.6592
    3661      39.2067
    3662      38.7691
    3663      38.2046
    3664      38.6066
    3665      38.1436
    3666      38.3894
    3667      38.6769
    3668      38.1622
    3669      38.6419
    3670      38.2542
    3671      38.3632
    3672      38.3515
    3673      38.0612
    3674      38.4007
    3675      39.2422
    3676      39.2226
    3677      39.0632
    3678      38.9849
    3679      39.3559
    3680      39.3980
    3681      39.5038
    3682      38.8568
    3683      39.5543
    3684      38.9843
    3685      39.0144
    3686      39.0710
    3687      39.3218
    3688      39.0544
    3689      38.2465
    3690      38.1598
    3691      38.2940
    3692      38.5904
    3693      38.9201
    3694      38.1820
    3695      38.8943
    3696      38.8900
    3697      38.7931
    3698      38.5419
    3699      38.5601
    3700      38.3207
    3701      38.5250
    3702      39.3509
    3703      39.1263
    3704      38.9057
    3705      38.9999
    3706      39.7004
    3707      38.5051
    3708      38.3437
    3709      39.2656
    3710      39.3851
    3711      39.0901
    3712      38.6706
    3713      38.7097
    3714      39.4028
    3715      38.8030
    3716      38.0088
    3717      38.3498
    3718      38.5458
    3719      38.5204
    3720      38.2834
    3721      38.4543
    3722      38.4893
    3723      38.7286
    3724      38.8441
    3725      38.6912
    3726      38.5794
    3727      38.7746
    3728      38.7202
    3729      38.9018
    3730      38.0300
    3731      38.7480
    3732      38.4459
    3733      38.2652
    3734      38.4067
    3735      38.6551
    3736      38.5262
    3737      38.8051
    3738      38.9889
    3739      39.0102
    3740      38.5255
    3741      38.1667
    3742      38.5847
    3743      38.4349
    3744      38.2885
    3745      38.5950
    3746      38.7085
    3747      38.2623
    3748      38.6577
    3749      38.5055
    3750      37.9752
    3751      38.5232
    3752      38.4952
    3753      38.2382
    3754      38.5207
    3755      38.9457
    3756      38.1001
    3757      38.6429
    3758      38.8771
    3759      38.6174
    3760      38.9222
    3761      38.8683
    3762      38.9571
    3763      38.3941
    3764      38.5827
    3765      38.8436
    3766      38.4842
    3767      38.9614
    3768      38.1993
    3769      38.4060
    3770      38.9518
    3771      38.7949
    3772      39.2769
    3773      38.5290
    3774      38.7491
    3775      38.7283
    3776      38.9676
    3777      39.0618
    3778      38.3672
    3779      38.3483
    3780      38.2460
    3781      38.8050
    3782      38.2135
    3783      38.2893
    3784      38.4143
    3785      38.0502
    3786      38.3919
    3787      38.2651
    3788      38.8056
    3789      38.5711
    3790      38.4292
    3791      37.8095
    3792      38.2384
    3793      38.0345
    3794      37.9012
    3795      38.3375
    3796      38.6387
    3797      38.5275
    3798      38.4394
    3799      39.1869
    3800      38.8214
    3801      38.8532
    3802      38.5035
    3803      38.3698
    3804      38.1088
    3805      39.0270
    3806      38.9154
    3807      38.3219
    3808      38.2504
    3809      38.5141
    3810      38.4873
    3811      38.0989
    3812      38.5984
    3813      38.8758
    3814      38.5346
    3815      38.9079
    3816      38.9666
    3817      38.8134
    3818      38.8181
    3819      38.8477
    3820      38.6773
    3821      38.9390
    3822      38.3737
    3823      38.6057
    3824      38.4720
    3825      38.3192
    3826      38.7086
    3827      38.2909
    3828      37.9431
    3829      37.8874
    3830      38.1750
    3831      38.3087
    3832      38.7585
    3833      38.8600
    3834      38.6442
    3835      38.4135
    3836      38.2514
    3837      38.6811
    3838      38.8317
    3839      38.8634
    3840      39.5405
    3841      39.3915
    3842      39.2093
    3843      39.1750
    3844      39.0208
    3845      38.8923
    3846      39.0277
    3847      38.6797
    3848      39.0529
    3849      38.3698
    3850      38.5547
    3851      38.9514
    3852      39.1499
    3853      38.8805
    3854      38.6429
    3855      38.6748
    3856      38.5012
    3857      38.5207
    3858      38.3952
    3859      38.3682
    3860      38.5388
    3861      38.4617
    3862      38.7170
    3863      38.6568
    3864      38.8813
    3865      38.5389
    3866      38.3780
    3867      38.2715
    3868      38.1344
    3869      38.1512
    3870      37.6237
    3871      38.7877
    3872      38.8690
    3873      38.8022
    3874      38.1153
    3875      38.7619
    3876      38.4201
    3877      38.5931
    3878      38.1722
    3879      38.2428
    3880      38.5259
    3881      38.5562
    3882      38.8483
    3883      38.5867
    3884      38.6337
    3885      38.4702
    3886      38.5381
    3887      38.5086
    3888      37.9867
    3889      38.1459
    3890      38.6850
    3891      38.3623
    3892      38.3078
    3893      38.7528
    3894      38.4361
    3895      38.8661
    3896      38.7094
    3897      38.6730
    3898      38.6352
    3899      39.2510
    3900      38.6447
    3901      38.6083
    3902      38.7555
    3903      39.0353
    3904      39.1255
    3905      39.0588
    3906      38.8455
    3907      38.7193
    3908      38.7927
    3909      38.8586
    3910      38.3641
    3911      38.9782
    3912      38.7142
    3913      38.9058
    3914      38.6494
    3915      38.2374
    3916      38.8755
    3917      38.7272
    3918      38.5785
    3919      38.3696
    3920      38.0622
    3921      38.3881
    3922      38.8955
    3923      39.1322
    3924      39.0749
    3925      38.8551
    3926      38.0810
    3927      38.5925
    3928      38.2039
    3929      38.4396
    3930      38.2799
    3931      38.1128
    3932      38.3549
    3933      38.5074
    3934      38.4923
    3935      38.7365
    3936      38.1083
    3937      38.5769
    3938      38.9319
    3939      37.7276
    3940      38.1825
    3941      38.4228
    3942      38.5722
    3943      38.2703
    3944      38.2867
    3945      37.8134
    3946      37.8384
    3947      38.2306
    3948      37.9269
    3949      38.4956
    3950      38.6366
    3951      38.2740
    3952      38.4594
    3953      38.8038
    3954      38.5283
    3955      38.6080
    3956      37.5186
    3957      37.9899
    3958      38.3535
    3959      38.6702
    3960      38.5855
    3961      38.6226
    3962      38.3086
    3963      38.2718
    3964      38.2305
    3965      38.4042
    3966      37.9458
    3967      38.1628
    3968      38.4830
    3969      37.9730
    3970      38.3554
    3971      38.6477
    3972      38.5122
    3973      37.8882
    3974      38.0231
    3975      38.6596
    3976      38.2826
    3977      38.8034
    3978      38.3732
    3979      38.2876
    3980      38.5765
    3981      38.3882
    3982      38.5729
    3983      38.1692
    3984      38.1584
    3985      38.3687
    3986      38.7476
    3987      38.2967
    3988      38.2794
    3989      38.5982
    3990      38.4605
    3991      38.0198
    3992      37.9480
    3993      38.3154
    3994      38.0257
    3995      37.9162
    3996      38.3417
    3997      38.5396
    3998      38.4683
    3999      38.5254
    4000      38.7328
    4001      37.7750
    4002      38.1926
    4003      38.3707
    4004      38.1553
    4005      38.1546
    4006      37.8747
    4007      37.7556
    4008      38.1613
    4009      38.6064
    4010      38.5891
    4011      38.3892
    4012      38.1258
    4013      38.3575
    4014      38.7308
    4015      38.6878
    4016      39.0821
    4017      38.6951
    4018      38.6119
    4019      38.7770
    4020      38.1309
    4021      38.7575
    4022      38.9994
    4023      38.6657
    4024      38.6675
    4025      38.5095
    4026      38.1953
    4027      38.8312
    4028      39.4862
    4029      38.8225
    4030      38.6595
    4031      38.7441
    4032      38.7151
    4033      39.1471
    4034      38.7087
    4035      38.1757
    4036      38.4676
    4037      38.4608
    4038      38.6595
    4039      38.5555
    4040      38.9487
    4041      38.6627
    4042      38.6302
    4043      39.3246
    4044      38.6619
    4045      38.3752
    4046      39.0855
    4047      39.1861
    4048      38.6338
    4049      38.9970
    4050      39.0785
    4051      39.4179
    4052      38.6942
    4053      38.3936
    4054      38.3989
    4055      38.0213
    4056      38.5641
    4057      39.3719
    4058      39.1034
    4059      37.9016
    4060      38.5546
    4061      38.4329
    4062      38.0990
    4063      38.0474
    4064      39.0911
    4065      38.7035
    4066      38.6748
    4067      38.5837
    4068      37.9424
    4069      38.2364
    4070      38.0500
    4071      38.8912
    4072      38.0867
    4073      38.1743
    4074      38.6677
    4075      38.3468
    4076      38.1086
    4077      38.9634
    4078      38.4991
    4079      38.4394
    4080      37.8953
    4081      38.3200
    4082      38.6429
    4083      38.5927
    4084      38.4859
    4085      38.1730
    4086      38.1366
    4087      38.1495
    4088      38.2027
    4089      38.3921
    4090      38.4933
    4091      38.4506
    4092      38.0037
    4093      38.0375
    4094      38.3535
    4095      38.1560
    4096      38.5316
    4097      38.5153
    4098      38.5082
    4099      38.4546
    4100      38.3334
    4101      38.6350
    4102      38.8026
    4103      39.2710
    4104      39.0242
    4105      38.5273
    4106      38.4868
    4107      38.6306
    4108      38.8514
    4109      38.5939
    4110      38.7543
    4111      38.6264
    4112      38.4951
    4113      38.8088
    4114      38.2658
    4115      38.0236
    4116      38.4691
    4117      38.1262
    4118      38.6360
    4119      38.4747
    4120      38.0232
    4121      38.4740
    4122      38.4908
    4123      38.4129
    4124      38.5683
    4125      38.7204
    4126      38.4798
    4127      38.5701
    4128      38.3488
    4129      38.4935
    4130      38.6773
    4131      38.4565
    4132      38.6737
    4133      39.0495
    4134      38.8971
    4135      38.8488
    4136      38.5340
    4137      38.1919
    4138      38.4737
    4139      38.0709
    4140      38.6764
    4141      38.9046
    4142      38.1034
    4143      38.0813
    4144      38.7821
    4145      39.5193
    4146      39.1238
    4147      39.2702
    4148      38.2489
    4149      38.7457
    4150      37.8515
    4151      38.3815
    4152      38.6911
    4153      38.4035
    4154      38.2108
    4155      38.6164
    4156      38.7771
    4157      39.1369
    4158      38.6061
    4159      39.3342
    4160      39.2636
    4161      38.9381
    4162      38.3171
    4163      38.3036
    4164      39.1683
    4165      38.4247
    4166      38.6275
    4167      39.2141
    4168      38.5747
    4169      38.4400
    4170      38.3878
    4171      38.8803
    4172      39.1223
    4173      39.3564
    4174      39.0083
    4175      38.8943
    4176      39.7624
    4177      38.7865
    4178      38.9958
    4179      39.9988
    4180      39.1494
    4181      38.8664
    4182      38.6987
    4183      38.8860
    4184      38.6128
    4185      38.4295
    4186      39.6087
    4187      39.5313
    4188      39.2863
    4189      38.9340
    4190      38.9826
    4191      39.2577
    4192      39.3656
    4193      39.2359
    4194      39.1494
    4195      38.9583
    4196      39.3190
    4197      38.9487
    4198      39.1694
    4199      39.2863
    4200      38.9432
    4201      38.0864
    4202      38.7235
    4203      38.9717
    4204      38.8292
    4205      39.0554
    4206      39.1086
    4207      38.8359
    4208      39.2316
    4209      38.7002
    4210      38.7275
    4211      38.4763
    4212      39.2454
    4213      39.3955
    4214      39.7790
    4215      39.1049
    4216      40.2689
    4217      40.3288
    4218      40.4584
    4219      40.8338
    4220      40.3748
    4221      40.3681
    4222      40.7610
    4223      41.0534
    4224      40.5011
    4225      40.3825
    4226      40.5119
    4227      40.4674
    4228      40.4187
    4229      40.3133
    4230      40.8847
    4231      40.3833
    4232      40.2272
    4233      39.5555
    4234      40.2899
    4235      39.3927
    4236      39.2707
    4237      39.0653
    4238      39.8944
    4239      39.4431
    4240      39.6098
    4241      39.3402
    4242      39.9668
    4243      39.9875
    4244      39.6921
    4245      39.9650
    4246      39.7106
    4247      40.0199
    4248      39.7975
    4249      39.7250
    4250      39.9183
    4251      39.6328
    4252      39.9628
    4253      39.5021
    4254      40.1881
    4255      39.7137
    4256      40.0737
    4257      40.0368
    4258      39.5471
    4259      39.8603
    4260      39.4640
    4261      39.5095
    4262      40.1229
    4263      39.8989
    4264      40.0164
    4265      39.9499
    4266      39.8347
    4267      39.8404
    4268      39.4180
    4269      40.1545
    4270      39.5941
    4271      39.8927
    4272      39.7329
    4273      39.4296
    4274      39.9898
    4275      39.8035
    4276      39.8090
    4277      39.7684
    4278      40.0493
    4279      40.1191
    4280      40.3706
    4281      40.6244
    4282      39.7216
    4283      40.0139
    4284      40.0149
    4285      40.0736
    4286      40.5545
    4287      40.2510
    4288      40.5088
    4289      40.0510
    4290      40.0696
    4291      40.6899
    4292      40.4172
    4293      40.8480
    4294      40.7190
    4295      40.4409
    4296      39.8963
    4297      39.9273
    4298      40.3221
    4299      39.6455
    4300      40.0461
    4301      40.1013
    4302      40.0483
    4303      39.8826
    4304      40.1813
    4305      39.2193
    4306      39.7151
    4307      40.2012
    4308      39.6497
    4309      39.6999
    4310      39.1565
    4311      39.2546
    4312      39.5764
    4313      39.0516
    4314      39.7345
    4315      39.5911
    4316      38.9590
    4317      39.9810
    4318      39.3729
    4319      39.2248
    4320      39.1753
    4321      39.1114
    4322      39.4247
    4323      39.3843
    4324      39.0240
    4325      38.7658
    4326      39.1790
    4327      39.0921
    4328      39.2225
    4329      39.3374
    4330      39.8539
    4331      39.8266
    4332      39.6321
    4333      38.9770
    4334      38.9322
    4335      39.3842
    4336      38.8470
    4337      39.4868
    4338      39.3861
    4339      39.1310
    4340      39.0345
    4341      38.5765
    4342      38.4434
    4343      38.8568
    4344      38.5111
    4345      38.8387
    4346      39.2907
    4347      38.8443
    4348      39.1302
    4349      39.0946
    4350      39.4032
    4351      39.4157
    4352      39.4959
    4353      39.2956
    4354      38.6429
    4355      38.5579
    4356      38.9535
    4357      38.0615
    4358      39.0929
    4359      39.0312
    4360      39.0932
    4361      39.5509
    4362      39.1902
    4363      39.2800
    4364      39.3823
    4365      38.7924
    4366      39.5669
    4367      39.0692
    4368      38.7091
    4369      38.7844
    4370      39.0874
    4371      38.9664
    4372      38.7775
    4373      38.1317
    4374      38.9515
    4375      39.3444
    4376      38.5628
    4377      38.4048
    4378      38.8281
    4379      39.0025
    4380      39.3178
    4381      39.1027
    4382      39.0180
    4383      38.8107
    4384      38.8960
    4385      38.8749
    4386      38.5437
    4387      38.2252
    4388      38.5472
    4389      38.5471
    4390      38.6986
    4391      38.4533
    4392      38.6212
    4393      38.6856
    4394      38.9647
    4395      38.5949
    4396      38.5970
    4397      39.0226
    4398      39.3761
    4399      38.6487
    4400      38.4326
    4401      38.4708
    4402      37.5937
    4403      38.2125
    4404      38.7973
    4405      39.6844
    4406      38.6659
    4407      38.5605
    4408      38.8362
    4409      38.6899
    4410      38.1349
    4411      38.6507
    4412      39.6576
    4413      38.7359
    4414      39.2714
    4415      38.6578
    4416      39.3609
    4417      39.6677
    4418      39.2083
    4419      39.3459
    4420      39.2631
    4421      39.2664
    4422      39.4304
    4423      39.1846
    4424      38.6002
    4425      39.4139
    4426      38.7168
    4427      39.4831
    4428      39.1970
    4429      39.1264
    4430      39.2568
    4431      38.4157
    4432      38.4673
    4433      39.2383
    4434      38.8498
    4435      38.7023
    4436      38.7475
    4437      38.3890
    4438      38.9948
    4439      38.6525
    4440      38.2006
    4441      38.5452
    4442      38.4078
    4443      39.0182
    4444      38.6006
    4445      38.9612
    4446      38.3508
    4447      38.1043
    4448      38.2841
    4449      38.0646
    4450      37.9077
    4451      38.0707
    4452      37.6241
    4453      38.2495
    4454      37.9679
    4455      38.1193
    4456      38.0150
    4457      38.1426
    4458      38.0173
    4459      37.8213
    4460      37.1842
    4461      37.3333
    4462      37.9712
    4463      37.9806
    4464      37.3311
    4465      37.1615
    4466      37.1808
    4467      37.5534
    4468      37.6856
    4469      37.7965
    4470      37.5862
    4471      37.9705
    4472      37.7651
    4473      37.3267
    4474      37.5444
    4475      37.6956
    4476      37.6491
    4477      38.2304
    4478      38.4182
    4479      38.2339
    4480      38.1490
    4481      38.2234
    4482      37.7443
    4483      37.5819
    4484      37.5517
    4485      37.6440
    4486      37.2742
    4487      37.9124
    4488      37.9784
    4489      37.9300
    4490      37.6997
    4491      37.8608
    4492      37.9768
    4493      37.8026
    4494      37.4480
    4495      37.5587
    4496      37.5095
    4497      37.9082
    4498      37.6588
    4499      37.2396
    4500      37.6289
    4501      38.0104
    4502      37.8744
    4503      38.1548
    4504      37.2528
    4505      37.8496
    4506      37.8667
    4507      37.2233
    4508      37.5699
    4509      37.1059
    4510      37.3773
    4511      37.7022
    4512      37.5504
    4513      37.5573
    4514      37.7005
    4515      37.4415
    4516      38.1105
    4517      37.8453
    4518      37.1807
    4519      37.1957
    4520      37.1132
    4521      37.8119
    4522      37.3745
    4523      37.5402
    4524      37.4036
    4525      37.3540
    4526      37.5730
    4527      37.3995
    4528      37.5250
    4529      36.9002
    4530      37.7275
    4531      37.3341
    4532      37.9752
    4533      37.8417
    4534      37.6823
    4535      37.5724
    4536      37.5651
    4537      37.4953
    4538      37.4985
    4539      37.3933
    4540      37.1597
    4541      37.4032
    4542      38.1305
    4543      37.9300
    4544      37.7985
    4545      37.6422
    4546      38.0244
    4547      37.9084
    4548      37.9773
    4549      37.8379
    4550      38.0194
    4551      37.7137
    4552      37.3155
    4553      38.0566
    4554      38.1905
    4555      38.6605
    4556      38.7452
    4557      38.9457
    4558      39.0299
    4559      38.6927
    4560      38.9103
    4561      38.4357
    4562      38.5810
    4563      38.5553
    4564      38.9501
    4565      38.6762
    4566      38.7071
    4567      37.9384
    4568      38.3301
    4569      38.6007
    4570      38.4967
    4571      38.2873
    4572      38.6057
    4573      38.8400
    4574      38.7766
    4575      38.5429
    4576      38.7293
    4577      38.8626
    4578      38.6812
    4579      39.8219
    4580      39.0395
    4581      39.0616
    4582      38.5352
    4583      38.5088
    4584      38.5793
    4585      38.5767
    4586      38.5258
    4587      38.3817
    4588      37.9716
    4589      37.8940
    4590      37.9935
    4591      38.4843
    4592      38.4484
    4593      38.1712
    4594      38.6744
    4595      38.6336
    4596      38.4042
    4597      38.3018
    4598      38.4575
    4599      38.7746
    4600      38.5246
    4601      38.4214
    4602      38.1032
    4603      38.0151
    4604      37.8225
    4605      38.1836
    4606      38.1405
    4607      38.9456
    4608      38.5755
    4609      39.3001
    4610      39.2208
    4611      39.2388
    4612      38.9360
    4613      38.7693
    4614      39.1930
    4615      38.5621
    4616      38.8935
    4617      38.9884
    4618      39.2013
    4619      38.9036
    4620      38.5371
    4621      38.2626
    4622      38.0299
    4623      38.6550
    4624      38.6257
    4625      38.0636
    4626      39.0129
    4627      38.3406
    4628      38.1000
    4629      38.1263
    4630      38.2322
    4631      37.7029
    4632      38.1220
    4633      38.8605
    4634      38.9703
    4635      38.6182
    4636      38.1757
    4637      37.9471
    4638      38.6839
    4639      38.7036
    4640      38.1848
    4641      38.4417
    4642      38.1553
    4643      38.4045
    4644      38.8190
    4645      38.3977
    4646      38.6055
    4647      37.9785
    4648      38.1648
    4649      38.3258
    4650      38.6309
    4651      38.2856
    4652      38.3361
    4653      38.4032
    4654      38.2888
    4655      38.3948
    4656      37.7301
    4657      38.7818
    4658      38.3422
    4659      38.1854
    4660      38.2222
    4661      38.0617
    4662      38.0608
    4663      38.0444
    4664      38.4030
    4665      38.1720
    4666      38.1365
    4667      38.0296
    4668      38.5346
    4669      38.3786
    4670      39.0125
    4671      38.5908
    4672      38.2401
    4673      38.2843
    4674      38.5820
    4675      37.8969
    4676      37.9671
    4677      38.0426
    4678      38.5820
    4679      38.6217
    4680      38.2061
    4681      37.8146
    4682      38.3256
    4683      38.4826
    4684      38.5492
    4685      38.5448
    4686      38.7143
    4687      38.4587
    4688      38.3988
    4689      37.9654
    4690      38.3561
    4691      38.1627
    4692      38.3004
    4693      38.3826
    4694      38.3073
    4695      38.4508
    4696      38.6707
    4697      38.2310
    4698      38.1634
    4699      38.7372
    4700      38.5749
    4701      38.9199
    4702      38.4632
    4703      38.8267
    4704      38.7921
    4705      38.8268
    4706      38.6914
    4707      38.6640
    4708      38.6554
    4709      38.5330
    4710      38.2765
    4711      38.7308
    4712      38.7382
    4713      38.4488
    4714      38.4221
    4715      38.7801
    4716      38.9348
    4717      38.9225
    4718      39.1711
    4719      38.6253
    4720      38.6515
    4721      39.1410
    4722      38.4441
    4723      38.4424
    4724      38.4327
    4725      38.0692
    4726      38.3002
    4727      38.4565
    4728      38.3614
    4729      38.1264
    4730      38.0370
    4731      37.9620
    4732      38.4967
    4733      38.2872
    4734      38.4349
    4735      38.4084
    4736      38.5645
    4737      38.7480
    4738      38.5050
    4739      39.1472
    4740      38.1929
    4741      38.3841
    4742      38.4288
    4743      38.3803
    4744      38.3282
    4745      38.4414
    4746      38.0309
    4747      38.3532
    4748      37.8566
    4749      38.0186
    4750      38.2785
    4751      37.7434
    4752      37.9587
    4753      38.3826
    4754      37.9396
    4755      37.7549
    4756      37.7128
    4757      38.0449
    4758      37.6381
    4759      37.7610
    4760      38.2027
    4761      38.2282
    4762      38.1954
    4763      38.5631
    4764      38.2729
    4765      38.2757
    4766      37.8888
    4767      37.9902
    4768      38.0953
    4769      38.5486
    4770      38.3232
    4771      38.1470
    4772      37.9512
    4773      37.7932
    4774      38.3294
    4775      38.2334
    4776      37.7296
    4777      37.7986
    4778      37.6078
    4779      38.0705
    4780      37.7944
    4781      37.7670
    4782      37.5428
    4783      38.3138
    4784      37.8030
    4785      37.8225
    4786      38.2891
    4787      38.2461
    4788      38.2083
    4789      38.4785
    4790      39.0063
    4791      39.1220
    4792      38.7734
    4793      38.8934
    4794      38.9625
    4795      38.8667
    4796      38.8565
    4797      38.9133
    4798      38.9575
    4799      38.8946
    4800      38.2639
    4801      38.7075
    4802      38.7220
    4803      38.9388
    4804      38.7978
    4805      38.4487
    4806      38.3252
    4807      38.1946
    4808      37.8816
    4809      38.2582
    4810      38.3317
    4811      38.6762
    4812      38.7445
    4813      38.6252
    4814      38.8674
    4815      39.1387
    4816      39.2102
    4817      39.3470
    4818      39.0072
    4819      38.9688
    4820      39.7502
    4821      39.1043
    4822      39.0977
    4823      38.7264
    4824      39.0846
    4825      39.3686
    4826      39.6939
    4827      39.0539
    4828      38.7695
    4829      38.9807
    4830      38.1735
    4831      39.1446
    4832      38.7829
    4833      38.9365
    4834      38.4846
    4835      38.9535
    4836      38.9658
    4837      38.7297
    4838      38.7029
    4839      38.0880
    4840      38.3987
    4841      38.4799
    4842      39.2467
    4843      38.4342
    4844      38.6627
    4845      38.7953
    4846      38.3507
    4847      39.4020
    4848      38.4552
    4849      38.5290
    4850      39.0147
    4851      38.2394
    4852      38.4278
    4853      38.1454
    4854      38.4261
    4855      38.6742
    4856      38.7423
    4857      38.9073
    4858      38.9576
    4859      38.6497
    4860      38.6100
    4861      38.4717
    4862      38.9105
    4863      38.4706
    4864      38.7011
    4865      38.6042
    4866      38.5074
    4867      39.0840
    4868      39.1629
    4869      38.4227
    4870      38.9379
    4871      39.0068
    4872      38.8588
    4873      38.2635
    4874      38.6470
    4875      38.4198
    4876      38.5262
    4877      38.5144
    4878      39.0247
    4879      38.7431
    4880      38.1710
    4881      37.9472
    4882      38.2707
    4883      38.2381
    4884      38.6492
    4885      38.3321
    4886      37.8238
    4887      38.0724
    4888      38.2902
    4889      38.4610
    4890      38.2761
    4891      38.5138
    4892      38.5645
    4893      38.6028
    4894      38.7584
    4895      38.6909
    4896      38.9054
    4897      38.5117
    4898      38.5944
    4899      38.4552
    4900      38.5899
    4901      38.4518
    4902      37.9978
    4903      37.6628
    4904      38.2785
    4905      38.5048
    4906      38.2768
    4907      38.1160
    4908      38.5421
    4909      38.5250
    4910      38.1044
    4911      38.6482
    4912      38.7295
    4913      37.8889
    4914      38.1776
    4915      37.8403
    4916      38.2031
    4917      37.9684
    4918      38.4294
    4919      38.4020
    4920      38.6802
    4921      38.4282
    4922      37.7938
    4923      38.1362
    4924      38.2243
    4925      38.3439
    4926      38.1127
    4927      38.0072
    4928      38.3453
    4929      38.5886
    4930      38.1551
    4931      37.8439
    4932      37.7441
    4933      38.0176
    4934      38.4610
    4935      38.0442
    4936      38.5632
    4937      38.7325
    4938      38.3900
    4939      38.3360
    4940      38.5284
    4941      37.7527
    4942      38.5743
    4943      38.7718
    4944      38.5491
    4945      38.1492
    4946      37.7072
    4947      37.9199
    4948      38.3661
    4949      38.6450
    4950      38.4875
    4951      39.0939
    4952      38.1001
    4953      38.1685
    4954      38.8141
    4955      38.5557
    4956      38.5634
    4957      38.9953
    4958      38.8054
    4959      39.3571
    4960      39.0299
    4961      38.3776
    4962      39.0948
    4963      38.6396
    4964      39.0224
    4965      38.4478
    4966      38.9725
    4967      38.8367
    4968      38.6151
    4969      38.6399
    4970      38.4645
    4971      38.6620
    4972      38.5501
    4973      38.4307
    4974      38.8776
    4975      38.5299
    4976      38.6376
    4977      38.8840
    4978      38.3990
    4979      38.5636
    4980      38.3432
    4981      38.4575
    4982      38.1497
    4983      38.2539
    4984      38.3185
    4985      38.2693
    4986      38.7806
    4987      38.8711
    4988      38.7276
    4989      39.0075
    4990      39.0699
    4991      38.9065
    4992      39.1910
    4993      38.3535
    4994      38.7467
    4995      38.4982
    4996      38.6364
    4997      38.2821
    4998      38.6275
    4999      38.4040
    5000      39.2304
    5001      39.3292
    5002      38.7491
    5003      39.0482
    5004      38.6875
    5005      38.9927
    5006      38.9800
    5007      38.7117
    5008      38.5422
    5009      38.7047
    5010      38.3087
    5011      38.7557
    5012      38.4402
    5013      38.9520
    5014      38.8330
    5015      38.3817
    5016      38.2661
    5017      38.0857
    5018      38.1006
    5019      37.8749
    5020      38.5408
    5021      38.4558
    5022      39.3115
    5023      38.3765
    5024      38.9899
    5025      38.9479
    5026      38.8479
    5027      38.8468
    5028      38.8882
    5029      38.5016
    5030      38.1540
    5031      38.3698
    5032      39.0589
    5033      39.2113
    5034      39.1617
    5035      39.5193
    5036      39.1036
    5037      38.9294
    5038      39.2935
    5039      39.4053
    5040      39.4046
    5041      39.2922
    5042      39.3094
    5043      39.1566
    5044      38.9474
    5045      38.8206
    5046      38.8792
    5047      39.3251
    5048      39.5434
    5049      39.1851
    5050      38.9794
    5051      38.6315
    5052      38.4521
    5053      39.0053
    5054      38.9900
    5055      39.2738
    5056      38.8626
    5057      39.1437
    5058      38.7969
    5059      38.7918
    5060      38.8233
    5061      38.8552
    5062      39.2203
    5063      38.6538
    5064      39.2512
    5065      38.8839
    5066      38.6499
    5067      38.6510
    5068      39.4015
    5069      38.8793
    5070      38.9384
    5071      38.4389
    5072      38.2546
    5073      38.2997
    5074      38.2316
    5075      37.9210
    5076      38.1959
    5077      37.7397
    5078      37.7977
    5079      38.2041
    5080      38.0401
    5081      38.4065
    5082      37.9009
    5083      37.7944
    5084      38.1579
    5085      37.6920
    5086      37.5988
    5087      38.0109
    5088      38.4329
    5089      38.4954
    5090      38.3384
    5091      38.2444
    5092      38.6583
    5093      38.2417
    5094      38.3130
    5095      38.7196
    5096      38.2164
    5097      38.0709
    5098      38.5104
    5099      38.4956
    5100      37.9046
    5101      38.2348
    5102      37.7401
    5103      38.3069
    5104      38.7535
    5105      38.0001
    5106      38.3878
    5107      38.5115
    5108      38.9536
    5109      38.3758
    5110      38.2548
    5111      38.4079
    5112      38.3361
    5113      37.8291
    5114      37.7381
    5115      37.7735
    5116      37.3050
    5117      37.5324
    5118      37.6476
    5119      38.0022
    5120      37.9490
    5121      38.1143
    5122      37.6398
    5123      38.0315
    5124      37.6165
    5125      37.9096
    5126      37.7806
    5127      38.0046
    5128      37.9437
    5129      37.7757
    5130      37.7033
    5131      37.9017
    5132      37.4840
    5133      37.8036
    5134      38.0306
    5135      38.4273
    5136      38.5153
    5137      38.7702
    5138      38.3860
    5139      38.0898
    5140      37.9087
    5141      38.1720
    5142      38.0103
    5143      37.9166
    5144      37.9628
    5145      38.5195
    5146      37.9943
    5147      37.4702
    5148      38.0204
    5149      38.2202
    5150      37.4825
    5151      38.3489
    5152      38.5822
    5153      38.2304
    5154      38.6613
    5155      38.3454
    5156      38.2141
    5157      38.0351
    5158      37.8367
    5159      38.0190
    5160      38.3204
    5161      38.1116
    5162      38.3277
    5163      38.1336
    5164      37.7916
    5165      37.7417
    5166      37.6728
    5167      37.6544
    5168      38.0618
    5169      37.4557
    5170      37.8006
    5171      38.1187
    5172      38.5984
    5173      37.5387
    5174      38.3754
    5175      38.1546
    5176      38.6198
    5177      38.3667
    5178      38.5656
    5179      38.4442
    5180      38.2507
    5181      38.3976
    5182      38.3964
    5183      37.8006
    5184      37.7447
    5185      37.6095
    5186      37.6080
    5187      37.8636
    5188      37.9023
    5189      38.2744
    5190      38.2481
    5191      38.0616
    5192      38.0842
    5193      38.1947
    5194      38.1836
    5195      38.3424
    5196      38.3701
    5197      37.8310
    5198      38.2667
    5199      38.1340
    5200      38.1665
    5201      37.9035
    5202      38.1619
    5203      38.0784
    5204      38.5898
    5205      38.1932
    5206      38.2556
    5207      37.8486
    5208      37.8621
    5209      38.0141
    5210      38.3371
    5211      38.0249
    5212      37.8768
    5213      37.6220
    5214      37.9262
    5215      38.0304
    5216      38.0748
    5217      38.4894
    5218      38.1065
    5219      38.4802
    5220      38.4003
    5221      38.4577
    5222      38.0426
    5223      38.4294
    5224      38.1445
    5225      38.0018
    5226      37.8137
    5227      38.0890
    5228      38.2047
    5229      38.0788
    5230      38.1498
    5231      37.7229
    5232      38.2849
    5233      38.1223
    5234      38.0585
    5235      38.6499
    5236      38.2124
    5237      38.0643
    5238      37.7972
    5239      38.7409
    5240      38.0900
    5241      37.7638
    5242      38.1160
    5243      37.6717
    5244      38.3337
    5245      38.1513
    5246      37.6076
    5247      37.5724
    5248      37.8539
    5249      38.3744
    5250      37.5869
    5251      37.8598
    5252      37.9134
    5253      37.6555
    5254      37.9767
    5255      38.2692
    5256      38.8274
    5257      38.3619
    5258      38.8289
    5259      38.4198
    5260      38.4513
    5261      38.1884
    5262      37.8596
    5263      38.3631
    5264      37.9799
    5265      38.1976
    5266      38.0927
    5267      38.0372
    5268      38.0966
    5269      38.2759
    5270      37.8197
    5271      37.4380
    5272      37.5723
    5273      37.8064
    5274      37.9810
    5275      37.8405
    5276      38.5235
    5277      38.1010
    5278      38.8939
    5279      38.0983
    5280      37.8310
    5281      38.1448
    5282      38.3625
    5283      38.1775
    5284      37.9664
    5285      38.0336
    5286      37.9269
    5287      38.6253
    5288      38.2099
    5289      38.8594
    5290      38.5571
    5291      38.5845
    5292      38.7442
    5293      38.8833
    5294      38.3333
    5295      38.5181
    5296      39.0562
    5297      38.8518
    5298      38.6686
    5299      38.4702
    5300      38.3646
    5301      38.4504
    5302      37.8298
    5303      38.2821
    5304      38.5295
    5305      38.2324
    5306      37.8053
    5307      37.8860
    5308      37.7902
    5309      37.3348
    5310      37.7387
    5311      37.8252
    5312      37.8949
    5313      38.1502
    5314      38.0136
    5315      38.2918
    5316      38.9585
    5317      38.1969
    5318      38.0630
    5319      38.1603
    5320      38.4269
    5321      38.1766
    5322      38.3275
    5323      38.0124
    5324      38.2511
    5325      38.1393
    5326      37.9401
    5327      37.9279
    5328      38.3578
    5329      37.7632
    5330      37.6891
    5331      37.8492
    5332      38.1880
    5333      38.2703
    5334      38.0857
    5335      38.0874
    5336      37.9197
    5337      38.1641
    5338      38.3033
    5339      38.0087
    5340      38.0780
    5341      38.4211
    5342      38.4906
    5343      38.5996
    5344      38.8229
    5345      38.3662
    5346      38.4089
    5347      38.0152
    5348      37.8470
    5349      38.5452
    5350      37.6511
    5351      37.6761
    5352      37.8253
    5353      38.2813
    5354      38.4628
    5355      38.1580
    5356      38.1103
    5357      37.9666
    5358      38.2424
    5359      38.0335
    5360      37.7522
    5361      38.0655
    5362      38.0486
    5363      38.4436
    5364      37.9731
    5365      38.3346
    5366      37.9719
    5367      38.2115
    5368      38.0321
    5369      37.7428
    5370      37.2840
    5371      37.5629
    5372      37.7509
    5373      37.5214
    5374      37.5025
    5375      38.0915
    5376      38.2748
    5377      38.3604
    5378      38.4055
    5379      38.0673
    5380      38.5864
    5381      38.0886
    5382      38.3792
    5383      37.7879
    5384      38.0901
    5385      37.4260
    5386      38.1484
    5387      37.5875
    5388      37.9968
    5389      37.3519
    5390      37.6434
    5391      37.6069
    5392      37.3597
    5393      37.9915
    5394      38.0507
    5395      38.2539
    5396      37.6385
    5397      37.9098
    5398      37.7456
    5399      37.8026
    5400      37.7165
    5401      37.8340
    5402      37.6120
    5403      37.9823
    5404      38.3382
    5405      37.8190
    5406      38.0604
    5407      37.9626
    5408      37.9020
    5409      37.8836
    5410      38.4342
    5411      37.4190
    5412      37.4306
    5413      37.7653
    5414      37.8532
    5415      37.7564
    5416      37.5001
    5417      37.0905
    5418      37.5718
    5419      36.9546
    5420      37.8879
    5421      37.2433
    5422      37.2287
    5423      37.3125
    5424      37.8027
    5425      37.8815
    5426      38.1594
    5427      37.6646
    5428      38.1921
    5429      38.0596
    5430      38.5697
    5431      39.1709
    5432      38.7411
    5433      38.7107
    5434      38.6790
    5435      38.3663
    5436      38.2895
    5437      38.4798
    5438      38.5708
    5439      38.0847
    5440      38.6287
    5441      38.8659
    5442      38.8151
    5443      38.7519
    5444      38.7192
    5445      38.6755
    5446      38.2275
    5447      38.5651
    5448      38.4251
    5449      38.1792
    5450      38.8409
    5451      39.2202
    5452      38.9672
    5453      38.5654
    5454      38.9063
    5455      38.5826
    5456      39.1946
    5457      39.2563
    5458      38.3589
    5459      38.8354
    5460      38.3274
    5461      38.5600
    5462      39.1682
    5463      38.6866
    5464      38.7170
    5465      38.6192
    5466      38.2126
    5467      38.9683
    5468      38.3882
    5469      38.4395
    5470      38.0900
    5471      38.0057
    5472      38.3624
    5473      37.7237
    5474      38.1149
    5475      38.2839
    5476      38.0197
    5477      37.9784
    5478      37.9987
    5479      38.6945
    5480      38.1406
    5481      38.1737
    5482      38.5368
    5483      38.0722
    5484      38.0898
    5485      38.0613
    5486      38.1486
    5487      38.0069
    5488      38.0994
    5489      38.3716
    5490      38.8077
    5491      38.8077
    5492      38.1368
    5493      38.4637
    5494      38.3395
    5495      38.4513
    5496      38.7339
    5497      38.9966
    5498      38.7971
    5499      38.3860
    5500      38.3175
    5501      38.2924
    5502      38.1796
    5503      38.2554
    5504      37.8190
    5505      38.4019
    5506      37.9728
    5507      38.1389
    5508      37.8212
    5509      37.8503
    5510      38.1755
    5511      38.3428
    5512      38.1303
    5513      38.0780
    5514      37.8219
    5515      38.0430
    5516      38.1708
    5517      37.6600
    5518      37.7238
    5519      38.0315
    5520      38.4540
    5521      38.2463
    5522      38.4620
    5523      38.1208
    5524      38.0639
    5525      38.0079
    5526      38.4230
    5527      37.6563
    5528      38.0942
    5529      38.7027
    5530      38.1823
    5531      37.8101
    5532      38.1406
    5533      38.4384
    5534      38.0800
    5535      38.4339
    5536      38.6682
    5537      38.4786
    5538      38.4863
    5539      37.4338
    5540      37.8290
    5541      38.0145
    5542      37.6227
    5543      37.9889
    5544      38.2076
    5545      38.2481
    5546      37.9632
    5547      37.6921
    5548      38.1248
    5549      38.5721
    5550      38.1926
    5551      37.9593
    5552      38.1312
    5553      38.3868
    5554      38.4661
    5555      38.1762
    5556      38.1114
    5557      37.9858
    5558      38.4521
    5559      37.7755
    5560      38.1212
    5561      38.4703
    5562      38.3169
    5563      38.7798
    5564      38.3400
    5565      38.6869
    5566      38.3575
    5567      38.5226
    5568      38.4964
    5569      38.6054
    5570      38.8682
    5571      38.4818
    5572      38.6519
    5573      39.0560
    5574      38.9118
    5575      39.1135
    5576      38.9868
    5577      39.2133
    5578      39.1880
    5579      39.0367
    5580      38.9911
    5581      39.4182
    5582      39.3445
    5583      39.2304
    5584      39.1465
    5585      39.5101
    5586      39.3684
    5587      39.1802
    5588      39.5509
    5589      39.4359
    5590      39.4205
    5591      38.7446
    5592      38.6719
    5593      39.1475
    5594      39.4200
    5595      38.8878
    5596      39.0077
    5597      39.3523
    5598      38.9727
    5599      38.8421
    5600      38.5534
    5601      39.6068
    5602      39.2703
    5603      39.4046
    5604      39.5212
    5605      39.2586
    5606      38.9593
    5607      39.3623
    5608      38.9167
    5609      39.0932
    5610      38.9451
    5611      38.9746
    5612      38.8551
    5613      38.6785
    5614      38.9833
    5615      38.3955
    5616      38.7782
    5617      38.5462
    5618      39.2710
    5619      39.7579
    5620      39.2521
    5621      39.1085
    5622      39.4487
    5623      38.7851
    5624      38.9542
    5625      39.0227
    5626      38.4719
    5627      38.8937
    5628      38.5113
    5629      38.2954
    5630      38.0823
    5631      38.3340
    5632      38.6641
    5633      39.3787
    5634      38.9345
    5635      39.2472
    5636      39.2951
    5637      39.2902
    5638      39.4735
    5639      39.6830
    5640      39.1626
    5641      39.1113
    5642      39.0036
    5643      39.0055
    5644      39.0131
    5645      39.1787
    5646      38.9930
    5647      39.2949
    5648      39.1165
    5649      39.4807
    5650      39.1754
    5651      39.0292
    5652      38.6705
    5653      38.7558
    5654      38.4681
    5655      38.5133
    5656      38.9603
    5657      38.9406
    5658      38.3443
    5659      39.0917
    5660      39.1372
    5661      39.3364
    5662      39.2722
    5663      39.9541
    5664      39.8569
    5665      39.6895
    5666      39.8405
    5667      39.5894
    5668      39.7329
    5669      39.8520
    5670      39.7203
    5671      39.1066
    5672      38.4897
    5673      39.2648
    5674      39.0220
    5675      38.8294
    5676      39.3362
    5677      39.2931
    5678      39.1945
    5679      39.3963
    5680      39.0716
    5681      39.2129
    5682      39.4310
    5683      39.5344
    5684      39.3424
    5685      39.6040
    5686      39.5471
    5687      39.2614
    5688      39.2916
    5689      39.2331
    5690      39.1471
    5691      39.2495
    5692      40.0627
    5693      39.5460
    5694      39.6297
    5695      39.7358
    5696      39.6795
    5697      38.5251
    5698      39.3046
    5699      38.7949
    5700      38.9586
    5701      38.5289
    5702      38.9248
    5703      38.8549
    5704      38.7745
    5705      38.9767
    5706      39.2186
    5707      39.0773
    5708      38.3867
    5709      38.6998
    5710      39.1415
    5711      39.0102
    5712      39.0191
    5713      38.7668
    5714      39.5399
    5715      38.7852
    5716      39.0966
    5717      39.1941
    5718      38.9232
    5719      38.7274
    5720      38.2695
    5721      38.9974
    5722      39.2850
    5723      38.9325
    5724      38.8775
    5725      38.7772
    5726      38.9272
    5727      38.8438
    5728      38.9247
    5729      39.2043
    5730      39.2004
    5731      38.7004
    5732      38.9510
    5733      39.0045
    5734      38.9494
    5735      38.9800
    5736      39.2256
    5737      38.6860
    5738      38.5347
    5739      39.3138
    5740      38.6836
    5741      38.3893
    5742      38.9226
    5743      38.9903
    5744      38.4612
    5745      38.8704
    5746      38.9787
    5747      38.3306
    5748      38.9523
    5749      38.8038
    5750      38.7571
    5751      38.9550
    5752      38.7069
    5753      38.8803
    5754      38.8801
    5755      38.8888
    5756      38.9606
    5757      38.8218
    5758      39.1907
    5759      38.9436
    5760      38.8288
    5761      39.1616
    5762      39.6766
    5763      38.9392
    5764      39.1636
    5765      39.2137
    5766      39.3743
    5767      38.6272
    5768      38.6638
    5769      39.0914
    5770      38.7659
    5771      38.7371
    5772      38.8415
    5773      39.1286
    5774      38.4527
    5775      39.3174
    5776      38.6682
    5777      38.9138
    5778      38.9617
    5779      38.8303
    5780      38.9993
    5781      38.8237
    5782      39.1904
    5783      39.4559
    5784      38.9126
    5785      39.3770
    5786      39.1639
    5787      39.2905
    5788      39.0163
    5789      39.0697
    5790      39.0295
    5791      39.1707
    5792      39.1450
    5793      39.7863
    5794      38.9783
    5795      39.5009
    5796      39.6668
    5797      39.0651
    5798      38.9214
    5799      38.8209
    5800      39.4160
    5801      38.6704
    5802      38.5898
    5803      38.5866
    5804      38.9097
    5805      38.8982
    5806      38.7458
    5807      38.5932
    5808      38.5186
    5809      38.9413
    5810      38.3417
    5811      38.3177
    5812      38.7260
    5813      38.6285
    5814      38.3907
    5815      38.6422
    5816      38.3871
    5817      38.8373
    5818      38.7962
    5819      38.7112
    5820      38.7263
    5821      38.5776
    5822      38.7244
    5823      38.0551
    5824      38.0051
    5825      38.2768
    5826      38.2169
    5827      38.3633
    5828      38.2175
    5829      38.4349
    5830      38.4036
    5831      38.5276
    5832      38.6398
    5833      38.6873
    5834      38.4347
    5835      38.3494
    5836      38.8513
    5837      38.5705
    5838      39.2819
    5839      39.3697
    5840      38.7649
    5841      39.0310
    5842      38.9306
    5843      39.0414
    5844      38.5355
    5845      39.0504
    5846      38.9355
    5847      38.8665
    5848      39.2036
    5849      39.1744
    5850      39.2883
    5851      38.8088
    5852      38.9789
    5853      38.4719
    5854      38.4861
    5855      38.8528
    5856      39.2708
    5857      39.0106
    5858      39.0945
    5859      38.8336
    5860      38.8827
    5861      38.5737
    5862      38.4198
    5863      38.8535
    5864      38.4652
    5865      38.5003
    5866      38.5494
    5867      39.4468
    5868      39.4200
    5869      39.3660
    5870      39.1003
    5871      38.5938
    5872      38.9905
    5873      39.1416
    5874      38.9839
    5875      38.7935
    5876      38.7350
    5877      38.3554
    5878      38.6514
    5879      39.1509
    5880      38.7188
    5881      38.9764
    5882      39.6565
    5883      38.9569
    5884      39.1441
    5885      38.9851
    5886      39.2512
    5887      38.6604
    5888      38.3449
    5889      38.9933
    5890      38.1527
    5891      39.4866
    5892      39.3784
    5893      38.8539
    5894      38.9576
    5895      38.8681
    5896      38.9551
    5897      39.0037
    5898      39.6236
    5899      38.9017
    5900      39.0662
    5901      39.6953
    5902      39.4889
    5903      38.6339
    5904      38.9726
    5905      38.7481
    5906      39.2089
    5907      39.5077
    5908      38.8762
    5909      39.0109
    5910      39.1232
    5911      38.5169
    5912      38.6659
    5913      39.1047
    5914      38.4164
    5915      38.5711
    5916      38.6341
    5917      38.4916
    5918      38.9372
    5919      39.3180
    5920      39.1301
    5921      38.9925
    5922      39.2102
    5923      38.7746
    5924      38.6214
    5925      38.7317
    5926      38.1642
    5927      38.9170
    5928      38.9967
    5929      38.9575
    5930      39.1573
    5931      39.0167
    5932      39.1568
    5933      39.1513
    5934      39.2178
    5935      39.3552
    5936      39.3037
    5937      39.0558
    5938      39.2466
    5939      39.4338
    5940      39.1518
    5941      39.0597
    5942      39.7442
    5943      39.3620
    5944      39.3662
    5945      39.5156
    5946      39.3940
    5947      39.2429
    5948      39.2775
    5949      38.8996
    5950      38.8758
    5951      39.2558
    5952      38.8385
    5953      39.0873
    5954      39.2160
    5955      38.7631
    5956      38.6383
    5957      38.9937
    5958      38.1622
    5959      38.5545
    5960      39.0357
    5961      39.1683
    5962      38.6021
    5963      38.9863
    5964      38.5959
    5965      38.8454
    5966      38.5797
    5967      38.7084
    5968      38.3466
    5969      38.4425
    5970      38.6338
    5971      38.8618
    5972      38.8053
    5973      38.9294
    5974      38.7872
    5975      38.9658
    5976      38.7782
    5977      38.6500
    5978      38.6166
    5979      38.2524
    5980      38.7465
    5981      38.6121
    5982      38.7983
    5983      38.8292
    5984      38.6447
    5985      38.5282
    5986      38.4623
    5987      39.0632
    5988      39.5175
    5989      38.7636
    5990      38.9988
    5991      38.5239
    5992      39.0864
    5993      38.8599
    5994      38.8078
    5995      38.8581
    5996      39.0777
    5997      38.7922
    5998      38.7641
    5999      38.5069
    6000      38.1411
    6001      38.3211
    6002      38.6766
    6003      38.1936
    6004      38.6704
    6005      39.1665
    6006      38.9772
    6007      38.9592
    6008      39.1981
    6009      39.2465
    6010      38.8614
    6011      38.5862
    6012      38.9143
    6013      38.7611
    6014      38.6285
    6015      38.7050
    6016      39.0106
    6017      39.1798
    6018      38.8519
    6019      39.0350
    6020      38.7559
    6021      39.6569
    6022      39.0275
    6023      39.0807
    6024      39.1577
    6025      38.7971
    6026      39.0717
    6027      39.0742
    6028      39.0771
    6029      39.1395
    6030      39.3949
    6031      39.2417
    6032      38.8385
    6033      38.9972
    6034      39.0210
    6035      39.2722
    6036      39.3117
    6037      39.0005
    6038      39.5234
    6039      39.5931
    6040      39.7999
    6041      39.2744
    6042      39.0343
    6043      39.1323
    6044      38.7739
    6045      38.6924
    6046      38.4633
    6047      38.6220
    6048      38.8696
    6049      38.5507
    6050      38.7459
    6051      38.7559
    6052      38.5576
    6053      38.9106
    6054      38.7991
    6055      38.9891
    6056      39.2316
    6057      38.8633
    6058      38.8597
    6059      38.9623
    6060      38.8452
    6061      39.2880
    6062      39.2211
    6063      38.5734
    6064      39.5281
    6065      39.1967
    6066      39.1291
    6067      39.1465
    6068      39.3686
    6069      39.2324
    6070      39.5817
    6071      39.0752
    6072      39.2164
    6073      39.3442
    6074      38.7453
    6075      39.2393
    6076      39.3661
    6077      38.9431
    6078      39.1889
    6079      38.8897
    6080      39.3146
    6081      38.6193
    6082      38.7616
    6083      38.6087
    6084      39.0602
    6085      38.9813
    6086      39.1445
    6087      38.8819
    6088      39.6504
    6089      39.6581
    6090      38.8089
    6091      38.6277
    6092      38.7770
    6093      39.1420
    6094      38.8786
    6095      38.8751
    6096      38.9387
    6097      38.9249
    6098      38.7045
    6099      39.1488
    6100      39.4547
    6101      38.5493
    6102      38.5382
    6103      38.8803
    6104      38.7830
    6105      38.9271
    6106      39.3301
    6107      38.7896
    6108      39.4171
    6109      38.9574
    6110      38.6863
    6111      38.7134
    6112      38.6050
    6113      38.9075
    6114      38.5150
    6115      38.5080
    6116      38.7696
    6117      39.5730
    6118      39.1241
    6119      38.8693
    6120      39.2675
    6121      38.7785
    6122      38.9674
    6123      39.1963
    6124      39.0217
    6125      38.7644
    6126      38.9119
    6127      38.8337
    6128      38.9812
    6129      39.5905
    6130      38.6948
    6131      38.7463
    6132      38.9610
    6133      38.7237
    6134      38.9977
    6135      39.1448
    6136      39.2994
    6137      39.1611
    6138      39.1357
    6139      39.2617
    6140      39.1286
    6141      39.0460
    6142      38.7612
    6143      39.0994
    6144      39.1107
    6145      38.9822
    6146      38.5617
    6147      38.6094
    6148      38.9172
    6149      38.2994
    6150      38.8521
    6151      39.0410
    6152      39.1564
    6153      38.8848
    6154      39.0304
    6155      38.7867
    6156      38.8946
    6157      39.1930
    6158      38.8800
    6159      38.8835
    6160      39.1995
    6161      39.3168
    6162      39.7414
    6163      39.7533
    6164      39.5630
    6165      39.4916
    6166      39.2434
    6167      39.3267
    6168      39.4327
    6169      39.3176
    6170      38.5087
    6171      39.0839
    6172      39.3740
    6173      38.9813
    6174      39.0594
    6175      38.9238
    6176      38.9698
    6177      39.2563
    6178      39.4445
    6179      38.8245
    6180      38.9590
    6181      39.1549
    6182      39.7801
    6183      39.3169
    6184      39.4293
    6185      38.9218
    6186      38.9195
    6187      39.3575
    6188      38.9360
    6189      39.1169
    6190      38.8377
    6191      39.0936
    6192      39.1412
    6193      39.1580
    6194      39.6654
    6195      39.6029
    6196      39.8067
    6197      39.2511
    6198      39.4682
    6199      39.4539
    6200      39.1089
    6201      39.4908
    6202      39.3506
    6203      39.0907
    6204      39.5019
    6205      38.9994
    6206      38.5860
    6207      38.5641
    6208      38.7250
    6209      39.0327
    6210      38.8234
    6211      38.9894
    6212      39.2418
    6213      39.7839
    6214      39.0989
    6215      39.4310
    6216      39.0829
    6217      38.8123
    6218      38.8588
    6219      39.2693
    6220      38.9124
    6221      39.0952
    6222      38.6054
    6223      39.0259
    6224      39.4088
    6225      38.9492
    6226      38.9515
    6227      39.4524
    6228      39.0113
    6229      38.8804
    6230      39.0474
    6231      38.8338
    6232      38.9830
    6233      38.9398
    6234      39.3302
    6235      39.4612
    6236      39.0935
    6237      39.0751
    6238      39.1843
    6239      38.9859
    6240      38.7426
    6241      38.6821
    6242      38.9089
    6243      38.4129
    6244      38.4824
    6245      38.9592
    6246      38.8167
    6247      38.5157
    6248      38.1688
    6249      38.5999
    6250      38.9798
    6251      38.5599
    6252      38.4841
    6253      38.6566
    6254      38.1018
    6255      38.6099
    6256      38.5700
    6257      39.0568
    6258      38.5521
    6259      38.9697
    6260      38.4049
    6261      38.7267
    6262      38.8969
    6263      38.8379
    6264      38.7942
    6265      39.0662
    6266      38.4029
    6267      38.6416
    6268      38.8245
    6269      38.7039
    6270      38.9228
    6271      38.7691
    6272      38.6541
    6273      38.3503
    6274      38.5586
    6275      38.4103
    6276      38.4001
    6277      38.4502
    6278      38.5946
    6279      38.4841
    6280      38.4283
    6281      38.6877
    6282      38.3207
    6283      38.5618
    6284      38.2585
    6285      38.4037
    6286      38.0938
    6287      37.9333
    6288      38.2139
    6289      38.2549
    6290      38.2720
    6291      38.4186
    6292      38.1385
    6293      38.3227
    6294      38.0996
    6295      38.5705
    6296      39.2193
    6297      38.4272
    6298      38.0846
    6299      38.6225
    6300      38.2988
    6301      38.6986
    6302      39.0966
    6303      38.3894
    6304      38.6223
    6305      38.4701
    6306      38.4688
    6307      38.1991
    6308      38.7474
    6309      38.8015
    6310      38.7379
    6311      38.4639
    6312      38.6723
    6313      38.8329
    6314      39.2701
    6315      38.9047
    6316      38.7889
    6317      38.6703
    6318      38.5952
    6319      38.2760
    6320      38.4967
    6321      38.2426
    6322      38.4934
    6323      38.0184
    6324      38.4636
    6325      39.3234
    6326      38.7274
    6327      38.9649
    6328      39.1640
    6329      39.3122
    6330      39.3267
    6331      39.2575
    6332      38.9718
    6333      39.5009
    6334      38.8158
    6335      39.9225
    6336      39.5408
    6337      38.9959
    6338      39.0807
    6339      38.7051
    6340      39.3447
    6341      38.7941
    6342      38.8617
    6343      38.8134
    6344      38.9340
    6345      38.9833
    6346      39.1549
    6347      39.0286
    6348      39.1417
    6349      39.3260
    6350      39.0683
    6351      38.6927
    6352      38.8924
    6353      39.0185
    6354      38.6445
    6355      38.7853
    6356      39.1268
    6357      38.8248
    6358      39.1109
    6359      38.9578
    6360      38.8574
    6361      39.1529
    6362      39.1927
    6363      38.6888
    6364      39.1165
    6365      39.1261
    6366      38.9318
    6367      38.8130
    6368      39.0217
    6369      38.8857
    6370      39.0530
    6371      38.9235
    6372      38.8088
    6373      39.1011
    6374      38.7679
    6375      38.9686
    6376      39.0587
    6377      39.0389
    6378      39.0385
    6379      38.9390
    6380      39.2636
    6381      39.3303
    6382      38.8812
    6383      39.0195
    6384      39.6196
    6385      38.8367
    6386      38.8731
    6387      39.2609
    6388      39.0720
    6389      39.2415
    6390      38.8655
    6391      38.8649
    6392      38.9820
    6393      38.6918
    6394      38.9672
    6395      38.9279
    6396      39.0588
    6397      38.9782
    6398      39.2610
    6399      39.2427
    6400      38.9563
    6401      38.9913
    6402      38.7932
    6403      39.1784
    6404      38.8929
    6405      39.2433
    6406      39.4222
    6407      39.1693
    6408      38.9773
    6409      38.9886
    6410      39.0102
    6411      39.0946
    6412      38.6282
    6413      39.2004
    6414      38.9514
    6415      39.1024
    6416      38.6846
    6417      39.2255
    6418      38.9528
    6419      38.9891
    6420      38.8604
    6421      38.6987
    6422      38.5913
    6423      38.7709
    6424      38.4362
    6425      37.9782
    6426      38.6406
    6427      39.2193
    6428      38.6301
    6429      39.2166
    6430      38.6028
    6431      39.5788
    6432      39.2901
    6433      39.1933
    6434      39.2504
    6435      39.1081
    6436      39.1711
    6437      39.3186
    6438      38.5036
    6439      38.7092
    6440      38.3135
    6441      38.8080
    6442      38.8669
    6443      38.8229
    6444      38.4131
    6445      38.3083
    6446      38.6164
    6447      38.9458
    6448      39.0337
    6449      38.9727
    6450      39.0215
    6451      39.3938
    6452      38.9368
    6453      39.3740
    6454      38.9892
    6455      38.8875
    6456      38.3864
    6457      39.1340
    6458      38.9106
    6459      38.9114
    6460      38.5467
    6461      38.6988
    6462      39.0548
    6463      39.0779
    6464      39.1100
    6465      38.7975
    6466      38.7193
    6467      38.7253
    6468      38.3128
    6469      39.0781
    6470      38.9110
    6471      38.3930
    6472      38.8479
    6473      38.1494
    6474      38.2506
    6475      38.9200
    6476      38.9194
    6477      39.0039
    6478      38.5587
    6479      38.6975
    6480      38.7051
    6481      39.0023
    6482      38.7299
    6483      38.5950
    6484      38.6541
    6485      38.1848
    6486      38.5966
    6487      38.6538
    6488      38.4573
    6489      38.7681
    6490      38.9166
    6491      38.7046
    6492      38.7084
    6493      38.4747
    6494      38.4411
    6495      38.8929
    6496      38.6628
    6497      38.1457
    6498      38.5883
    6499      39.0644
    6500      38.7154
    6501      38.7294
    6502      39.2474
    6503      39.3973
    6504      38.7159
    6505      38.8212
    6506      39.2370
    6507      38.9318
    6508      39.3890
    6509      39.3102
    6510      38.9460
    6511      39.2283
    6512      39.1666
    6513      39.0197
    6514      38.8627
    6515      38.9502
    6516      38.9892
    6517      39.4644
    6518      39.7039
    6519      39.6905
    6520      39.9944
    6521      40.0121
    6522      39.8663
    6523      39.8527
    6524      39.2323
    6525      39.7582
    6526      39.2304
    6527      38.8515
    6528      39.3214
    6529      38.8920
    6530      39.2850
    6531      39.4084
    6532      38.9157
    6533      38.7401
    6534      38.9977
    6535      38.4698
    6536      39.3737
    6537      39.0065
    6538      39.1979
    6539      39.3896
    6540      39.3638
    6541      39.2610
    6542      39.4469
    6543      39.1228
    6544      39.3237
    6545      39.4954
    6546      39.6636
    6547      39.0578
    6548      38.6265
    6549      38.8449
    6550      39.5404
    6551      39.5620
    6552      39.4397
    6553      39.4936
    6554      38.7212
    6555      39.2168
    6556      38.7438
    6557      39.1812
    6558      38.8087
    6559      38.4879
    6560      38.5168
    6561      39.1257
    6562      38.9465
    6563      39.1045
    6564      39.3310
    6565      39.2166
    6566      38.4523
    6567      38.7833
    6568      38.6048
    6569      38.3062
    6570      38.3461
    6571      38.4313
    6572      38.7496
    6573      38.7229
    6574      39.2311
    6575      39.2467
    6576      39.1406
    6577      39.3985
    6578      39.4274
    6579      39.8875
    6580      39.5793
    6581      39.5418
    6582      39.8100
    6583      39.5695
    6584      39.5209
    6585      39.4491
    6586      39.5058
    6587      39.3418
    6588      39.3335
    6589      39.3854
    6590      39.2837
    6591      39.1397
    6592      39.0925
    6593      39.0236
    6594      39.2341
    6595      38.5281
    6596      38.6327
    6597      38.6849
    6598      38.9919
    6599      39.2509
    6600      38.5080
    6601      38.9430
    6602      38.8792
    6603      38.4352
    6604      38.8674
    6605      38.8960
    6606      38.9497
    6607      38.8913
    6608      38.5148
    6609      38.9410
    6610      39.1066
    6611      38.8394
    6612      38.6421
    6613      39.1829
    6614      38.9145
    6615      38.8422
    6616      38.3247
    6617      38.7019
    6618      39.0404
    6619      39.0604
    6620      39.0772
    6621      38.6732
    6622      39.2664
    6623      39.6672
    6624      40.2735
    6625      40.2064
    6626      39.3143
    6627      39.0858
    6628      38.8474
    6629      39.0434
    6630      38.8784
    6631      38.7031
    6632      38.2730
    6633      38.6994
    6634      38.5109
    6635      38.7579
    6636      38.8381
    6637      39.0798
    6638      38.5104
    6639      38.7402
    6640      38.3526
    6641      38.3477
    6642      38.3295
    6643      38.8802
    6644      39.1984
    6645      38.3269
    6646      38.6042
    6647      38.7466
    6648      38.9611
    6649      38.7430
    6650      38.6043
    6651      38.9097
    6652      38.9005
    6653      38.7431
    6654      38.8236
    6655      38.5341
    6656      38.2264
    6657      38.8591
    6658      38.4042
    6659      38.4107
    6660      38.9891
    6661      39.0592
    6662      39.3145
    6663      39.3725
    6664      39.0530
    6665      39.5508
    6666      39.4032
    6667      38.8008
    6668      39.5281
    6669      39.3135
    6670      39.6913
    6671      39.7591
    6672      40.1713
    6673      39.8294
    6674      39.6082
    6675      39.6281
    6676      39.4259
    6677      39.0717
    6678      39.2837
    6679      39.1877
    6680      39.3346
    6681      38.9044
    6682      39.4576
    6683      39.1407
    6684      39.1591
    6685      39.0062
    6686      38.6359
    6687      38.8123
    6688      39.2293
    6689      39.3122
    6690      38.8970
    6691      39.1740
    6692      39.7548
    6693      39.5066
    6694      39.3800
    6695      39.1833
    6696      39.5162
    6697      39.4386
    6698      39.1003
    6699      39.6050
    6700      39.5867
    6701      39.9997
    6702      39.6443
    6703      39.4185
    6704      39.8929
    6705      39.4845
    6706      39.3659
    6707      39.8831
    6708      39.2629
    6709      38.5956
    6710      39.9122
    6711      39.5763
    6712      39.8185
    6713      40.1608
    6714      39.4489
    6715      39.1743
    6716      38.8839
    6717      38.9965
    6718      39.4147
    6719      39.5082
    6720      39.2774
    6721      38.9748
    6722      38.8308
    6723      39.3032
    6724      39.1492
    6725      39.3704
    6726      39.3314
    6727      39.4180
    6728      39.6682
    6729      39.8378
    6730      39.4275
    6731      39.2024
    6732      39.1683
    6733      39.3071
    6734      39.1925
    6735      39.2997
    6736      38.9502
    6737      38.5798
    6738      38.5630
    6739      38.9642
    6740      39.1691
    6741      39.3220
    6742      39.0811
    6743      39.2569
    6744      39.3629
    6745      39.4949
    6746      39.5889
    6747      39.5880
    6748      39.6879
    6749      39.0812
    6750      39.4322
    6751      39.2271
    6752      39.3624
    6753      39.4477
    6754      39.4779
    6755      39.4371
    6756      39.2890
    6757      39.6536
    6758      38.7184
    6759      38.9114
    6760      39.3625
    6761      39.3870
    6762      39.5963
    6763      39.4485
    6764      39.8452
    6765      39.7109
    6766      39.2720
    6767      39.3695
    6768      39.0614
    6769      39.2493
    6770      39.7156
    6771      39.2984
    6772      39.5978
    6773      39.6596
    6774      39.3635
    6775      38.9194
    6776      39.2751
    6777      39.5717
    6778      39.1570
    6779      39.0052
    6780      39.3757
    6781      39.0985
    6782      38.9222
    6783      38.7771
    6784      38.8293
    6785      39.1607
    6786      39.0113
    6787      39.4789
    6788      39.0697
    6789      39.4642
    6790      38.8663
    6791      38.9504
    6792      39.2548
    6793      39.6689
    6794      39.6465
    6795      38.7510
    6796      39.1625
    6797      38.6436
    6798      38.6000
    6799      38.5543
    6800      39.0493
    6801      38.9214
    6802      39.0911
    6803      39.1514
    6804      39.1194
    6805      39.3894
    6806      39.4229
    6807      39.6243
    6808      39.5669
    6809      39.3724
    6810      39.2947
    6811      39.0665
    6812      39.5174
    6813      39.5420
    6814      39.0452
    6815      39.5295
    6816      39.4531
    6817      39.3922
    6818      39.1815
    6819      38.9903
    6820      39.3765
    6821      39.2246
    6822      39.7671
    6823      39.0535
    6824      39.3700
    6825      39.4223
    6826      39.9031
    6827      40.0069
    6828      38.9590
    6829      38.7560
    6830      38.9046
    6831      39.4341
    6832      39.3100
    6833      38.8283
    6834      39.2246
    6835      39.0599
    6836      38.9752
    6837      38.6641
    6838      39.0789
    6839      38.8034
    6840      38.8632
    6841      39.0490
    6842      39.1639
    6843      38.9634
    6844      39.3686
    6845      39.4629
    6846      39.1631
    6847      39.3677
    6848      38.5681
    6849      38.3661
    6850      38.6907
    6851      39.1884
    6852      39.1150
    6853      39.1166
    6854      38.8246
    6855      38.4923
    6856      38.9171
    6857      39.2506
    6858      39.1254
    6859      39.2457
    6860      38.7316
    6861      38.7403
    6862      38.8770
    6863      39.2554
    6864      39.5053
    6865      40.0388
    6866      39.3991
    6867      39.3153
    6868      39.1358
    6869      38.7278
    6870      38.8621
    6871      39.8144
    6872      39.3849
    6873      39.1410
    6874      39.0641
    6875      39.2109
    6876      38.7589
    6877      38.8695
    6878      38.7784
    6879      38.7596
    6880      38.7676
    6881      38.9886
    6882      39.2306
    6883      38.6035
    6884      39.3562
    6885      39.0435
    6886      39.1141
    6887      38.7999
    6888      38.6175
    6889      38.7246
    6890      38.8935
    6891      38.7473
    6892      38.6835
    6893      39.2177
    6894      38.9247
    6895      39.5354
    6896      38.7390
    6897      38.5976
    6898      39.2024
    6899      39.0704
    6900      38.8569
    6901      39.0972
    6902      38.9127
    6903      38.8476
    6904      39.0705
    6905      38.9589
    6906      39.1198
    6907      38.7554
    6908      38.9703
    6909      38.9101
    6910      38.7590
    6911      38.7612
    6912      38.8021
    6913      39.2839
    6914      38.7442
    6915      39.3548
    6916      38.6708
    6917      38.4399
    6918      38.6794
    6919      38.6892
    6920      38.1274
    6921      38.5023
    6922      38.7012
    6923      38.8531
    6924      38.6739
    6925      38.8753
    6926      39.1257
    6927      39.1649
    6928      38.5619
    6929      38.6484
    6930      38.5238
    6931      38.7018
    6932      38.2599
    6933      38.9098
    6934      38.7529
    6935      38.9827
    6936      38.4099
    6937      39.1866
    6938      38.5563
    6939      38.6168
    6940      38.4977
    6941      38.7704
    6942      38.9362
    6943      38.9397
    6944      39.0002
    6945      39.3741
    6946      39.0019
    6947      39.3243
    6948      38.9958
    6949      38.8755
    6950      38.7552
    6951      38.9792
    6952      38.9659
    6953      39.1033
    6954      39.2034
    6955      38.9829
    6956      39.4978
    6957      38.8685
    6958      39.0876
    6959      38.9692
    6960      38.8367
    6961      39.2616
    6962      38.8784
    6963      38.7079
    6964      39.0141
    6965      39.1123
    6966      38.7625
    6967      39.2517
    6968      38.8460
    6969      39.2418
    6970      39.1262
    6971      39.2860
    6972      39.2094
    6973      39.0318
    6974      39.3235
    6975      39.2732
    6976      39.3534
    6977      39.6272
    6978      39.8151
    6979      39.5494
    6980      39.4107
    6981      39.4788
    6982      39.2793
    6983      39.0831
    6984      38.9497
    6985      39.0606
    6986      38.5075
    6987      39.1049
    6988      38.9988
    6989      38.8658
    6990      38.7898
    6991      38.9224
    6992      39.0202
    6993      39.0464
    6994      38.6671
    6995      38.2892
    6996      38.5172
    6997      38.9483
    6998      38.9679
    6999      38.9826
    7000      38.8243
    7001      39.0337
    7002      39.1803
    7003      39.0474
    7004      39.2022
    7005      38.6804
    7006      38.3470
    7007      38.5884
    7008      38.6761
    7009      38.7910
    7010      39.2302
    7011      39.1036
    7012      39.0779
    7013      39.1228
    7014      39.1611
    7015      39.0040
    7016      39.1838
    7017      38.9666
    7018      38.4802
    7019      39.0397
    7020      38.9089
    7021      38.9604
    7022      38.7746
    7023      38.5390
    7024      39.1376
    7025      38.8742
    7026      38.7482
    7027      38.4782
    7028      38.7307
    7029      39.1384
    7030      39.5028
    7031      39.3769
    7032      39.3392
    7033      39.0606
    7034      38.8632
    7035      38.8858
    7036      38.9761
    7037      39.1114
    7038      39.3741
    7039      38.8402
    7040      39.0161
    7041      39.0956
    7042      39.6423
    7043      39.1381
    7044      39.3256
    7045      38.8509
    7046      38.5985
    7047      38.9100
    7048      39.0493
    7049      39.4148
    7050      38.7523
    7051      39.0213
    7052      39.3480
    7053      39.2296
    7054      38.9953
    7055      39.0199
    7056      38.7689
    7057      39.1506
    7058      39.0704
    7059      39.0366
    7060      38.5682
    7061      38.8369
    7062      38.7897
    7063      38.8952
    7064      38.9522
    7065      38.8924
    7066      39.0812
    7067      39.1749
    7068      38.9742
    7069      39.2132
    7070      39.1238
    7071      39.2998
    7072      38.9597
    7073      39.1360
    7074      39.5341
    7075      39.2654
    7076      39.2191
    7077      39.4239
    7078      38.9497
    7079      38.9309
    7080      39.0492
    7081      39.3091
    7082      38.9194
    7083      38.9884
    7084      38.9693
    7085      39.3047
    7086      39.0903
    7087      39.3583
    7088      39.5824
    7089      38.8680
    7090      39.6149
    7091      39.4148
    7092      39.1396
    7093      39.1379
    7094      39.1233
    7095      39.2296
    7096      39.4087
    7097      39.5001
    7098      39.2736
    7099      39.2499
    7100      38.8692
    7101      39.0794
    7102      38.6463
    7103      39.1852
    7104      39.3227
    7105      39.0177
    7106      39.0139
    7107      38.8060
    7108      38.9528
    7109      38.5243
    7110      38.5674
    7111      38.7007
    7112      39.0536
    7113      38.8046
    7114      38.8197
    7115      38.8563
    7116      38.7009
    7117      38.4174
    7118      38.2854
    7119      38.6772
    7120      39.1874
    7121      39.3608
    7122      39.6968
    7123      39.0290
    7124      39.2002
    7125      38.9999
    7126      39.5914
    7127      38.7635
    7128      39.0332
    7129      38.4856
    7130      38.8675
    7131      38.4228
    7132      38.8152
    7133      38.6267
    7134      38.7112
    7135      39.1562
    7136      38.8697
    7137      39.0685
    7138      38.7165
    7139      38.7459
    7140      38.5339
    7141      39.0430
    7142      38.8723
    7143      38.9974
    7144      38.9288
    7145      38.6916
    7146      39.1395
    7147      38.8009
    7148      38.6285
    7149      38.6603
    7150      38.7332
    7151      38.7747
    7152      38.7273
    7153      38.6497
    7154      38.7441
    7155      39.0917
    7156      38.7836
    7157      39.0840
    7158      39.2154
    7159      38.5422
    7160      38.8572
    7161      38.6962
    7162      38.8106
    7163      38.9222
    7164      39.1692
    7165      39.3265
    7166      38.9641
    7167      38.8890
    7168      38.3216
    7169      38.3824
    7170      38.3392
    7171      38.4768
    7172      38.7976
    7173      38.8636
    7174      39.0787
    7175      38.7287
    7176      38.5728
    7177      38.7321
    7178      38.9812
    7179      38.7676
    7180      39.2503
    7181      39.0453
    7182      38.8144
    7183      38.8952
    7184      39.2032
    7185      38.9546
    7186      39.1873
    7187      38.6907
    7188      38.9779
    7189      38.9748
    7190      38.9285
    7191      38.9240
    7192      38.8062
    7193      38.4118
    7194      38.6102
    7195      38.2679
    7196      38.6109
    7197      38.5615
    7198      38.8715
    7199      39.3700
    7200      38.6044
    7201      38.9265
    7202      39.0300
    7203      39.1839
    7204      39.0605
    7205      38.6436
    7206      38.7257
    7207      39.3001
    7208      38.9919
    7209      38.8421
    7210      38.8098
    7211      38.8834
    7212      38.6874
    7213      39.2865
    7214      38.6799
    7215      39.0818
    7216      39.1110
    7217      38.8198
    7218      39.1017
    7219      39.0722
    7220      39.2430
    7221      38.5810
    7222      38.0203
    7223      38.4557
    7224      38.2678
    7225      38.7129
    7226      38.5513
    7227      38.3217
    7228      38.4056
    7229      39.1507
    7230      39.2248
    7231      39.2641
    7232      38.8083
    7233      38.9766
    7234      38.7114
    7235      38.3509
    7236      38.5170
    7237      38.9486
    7238      38.4709
    7239      38.3551
    7240      38.4676
    7241      38.4037
    7242      38.3815
    7243      37.9659
    7244      38.4839
    7245      38.6591
    7246      38.6738
    7247      38.6726
    7248      39.1045
    7249      38.6222
    7250      39.0007
    7251      38.6178
    7252      38.3868
    7253      38.5976
    7254      38.9615
    7255      38.4914
    7256      39.0675
    7257      38.7255
    7258      39.2736
    7259      38.9011
    7260      38.7941
    7261      38.7859
    7262      38.7860
    7263      38.8563
    7264      38.3017
    7265      39.3747
    7266      38.6456
    7267      39.0991
    7268      38.9045
    7269      38.6730
    7270      38.9686
    7271      39.0587
    7272      39.0565
    7273      39.5827
    7274      38.6028
    7275      39.0332
    7276      38.8406
    7277      38.7551
    7278      38.4184
    7279      38.4085
    7280      38.3444
    7281      38.7533
    7282      38.8010
    7283      38.9698
    7284      38.8312
    7285      38.7742
    7286      38.7061
    7287      37.9282
    7288      38.6166
    7289      38.5590
    7290      38.2779
    7291      38.5233
    7292      38.4314
    7293      38.9690
    7294      39.0069
    7295      38.9504
    7296      39.0140
    7297      39.8670
    7298      39.1999
    7299      38.7480
    7300      38.8416
    7301      38.9426
    7302      38.7127
    7303      39.1840
    7304      39.1977
    7305      39.2600
    7306      38.7764
    7307      39.2518
    7308      39.0057
    7309      39.0179
    7310      38.9735
    7311      39.0030
    7312      38.7621
    7313      38.6306
    7314      38.8673
    7315      39.0611
    7316      39.3453
    7317      39.1600
    7318      39.3463
    7319      38.9174
    7320      38.9736
    7321      39.1626
    7322      38.5794
    7323      39.0339
    7324      39.3942
    7325      39.1415
    7326      39.2765
    7327      39.3531
    7328      39.1401
    7329      38.8559
    7330      39.0235
    7331      39.0112
    7332      38.7223
    7333      39.5942
    7334      39.3009
    7335      38.9176
    7336      38.9795
    7337      39.1963
    7338      39.3054
    7339      39.1777
    7340      39.2013
    7341      38.9934
    7342      39.0349
    7343      39.2268
    7344      38.9226
    7345      38.9935
    7346      38.7989
    7347      39.2894
    7348      39.0379
    7349      38.5669
    7350      39.0651
    7351      38.9090
    7352      39.3821
    7353      39.1444
    7354      38.8214
    7355      38.8846
    7356      38.8147
    7357      39.2779
    7358      38.8444
    7359      38.9350
    7360      39.5284
    7361      38.6584
    7362      38.6439
    7363      38.6607
    7364      38.8312
    7365      38.3908
    7366      38.4391
    7367      38.9682
    7368      39.0340
    7369      38.7354
    7370      38.8765
    7371      39.2184
    7372      38.8520
    7373      38.5512
    7374      38.5566
    7375      39.3536
    7376      38.9811
    7377      38.5984
    7378      38.9623
    7379      38.7197
    7380      38.8042
    7381      38.9122
    7382      38.9575
    7383      39.0640
    7384      39.5307
    7385      39.2834
    7386      39.2159
    7387      39.3942
    7388      38.5266
    7389      38.9403
    7390      38.9649
    7391      39.4578
    7392      39.3501
    7393      39.2625
    7394      38.7592
    7395      38.8881
    7396      38.7950
    7397      38.6860
    7398      38.7261
    7399      38.8708
    7400      39.5231
    7401      39.6185
    7402      39.6291
    7403      38.7867
    7404      39.3307
    7405      38.9753
    7406      39.0907
    7407      39.3279
    7408      39.6943
    7409      39.8439
    7410      39.4746
    7411      38.8656
    7412      39.4229
    7413      38.9866
    7414      39.8613
    7415      39.4635
    7416      39.3389
    7417      39.5636
    7418      39.4601
    7419      39.1829
    7420      38.9976
    7421      39.5701
    7422      39.0433
    7423      39.5110
    7424      39.6244
    7425      39.1913
    7426      39.0077
    7427      39.2732
    7428      39.2723
    7429      39.2280
    7430      38.9744
    7431      39.4517
    7432      39.5924
    7433      39.2026
    7434      39.4072
    7435      38.8117
    7436      38.8288
    7437      38.5786
    7438      39.1312
    7439      39.8904
    7440      39.2531
    7441      39.2797
    7442      38.8742
    7443      39.1988
    7444      39.0003
    7445      39.1450
    7446      39.5391
    7447      39.8961
    7448      39.6478
    7449      39.1637
    7450      39.6094
    7451      39.1641
    7452      39.5318
    7453      39.3438
    7454      39.5755
    7455      39.5403
    7456      39.7596
    7457      39.6167
    7458      39.2053
    7459      38.8389
    7460      38.7459
    7461      39.0284
    7462      39.1880
    7463      38.7933
    7464      38.6678
    7465      38.9305
    7466      39.1162
    7467      39.0652
    7468      38.7522
    7469      38.9259
    7470      38.5918
    7471      38.9648
    7472      39.1210
    7473      39.0524
    7474      39.4416
    7475      38.8582
    7476      38.8114
    7477      38.2988
    7478      38.5648
    7479      38.7962
    7480      38.7486
    7481      38.9666
    7482      38.5299
    7483      38.8524
    7484      38.8399
    7485      38.8481
    7486      38.9103
    7487      38.4367
    7488      38.5741
    7489      38.6325
    7490      38.3936
    7491      39.0456
    7492      38.5221
    7493      38.6818
    7494      38.6192
    7495      38.9343
    7496      38.8202
    7497      38.3355
    7498      38.5805
    7499      38.4516
    7500      38.4505
    7501      38.3090
    7502      39.0552
    7503      38.3834
    7504      38.5830
    7505      38.3401
    7506      38.8394
    7507      38.6813
    7508      38.9889
    7509      38.7909
    7510      38.3312
    7511      39.1357
    7512      38.0284
    7513      38.5569
    7514      39.2251
    7515      38.6535
    7516      38.8133
    7517      39.0317
    7518      38.9119
    7519      38.8551
    7520      39.1058
    7521      39.2878
    7522      39.4484
    7523      39.1715
    7524      38.4833
    7525      39.0808
    7526      39.2043
    7527      38.7052
    7528      38.9650
    7529      38.9921
    7530      39.0587
    7531      38.9510
    7532      38.7744
    7533      38.7384
    7534      39.2423
    7535      39.6177
    7536      38.4645
    7537      39.1185
    7538      38.5555
    7539      38.5239
    7540      38.6912
    7541      38.7305
    7542      38.1417
    7543      38.5799
    7544      38.7231
    7545      38.9028
    7546      38.6666
    7547      38.2180
    7548      38.6706
    7549      38.7195
    7550      38.8010
    7551      39.2119
    7552      38.4050
    7553      38.9009
    7554      38.6880
    7555      38.8189
    7556      38.4969
    7557      38.4826
    7558      38.7109
    7559      39.1044
    7560      38.5484
    7561      39.0439
    7562      38.6440
    7563      39.3033
    7564      39.2936
    7565      39.6245
    7566      39.2037
    7567      38.7089
    7568      38.8959
    7569      38.7065
    7570      39.2900
    7571      39.3682
    7572      39.1554
    7573      38.6671
    7574      38.8857
    7575      38.6625
    7576      38.9566
    7577      38.8023
    7578      38.3100
    7579      38.4056
    7580      38.5979
    7581      38.0184
    7582      38.2330
    7583      38.5561
    7584      38.5686
    7585      38.5521
    7586      38.3344
    7587      38.1208
    7588      38.1963
    7589      38.2206
    7590      38.5738
    7591      38.8714
    7592      38.5950
    7593      38.5567
    7594      38.8623
    7595      38.0821
    7596      38.1838
    7597      38.3062
    7598      38.5070
    7599      39.2563
    7600      38.9570
    7601      39.0150
    7602      38.6400
    7603      38.9478
    7604      38.9295
    7605      38.6701
    7606      38.8708
    7607      39.0027
    7608      38.7141
    7609      38.6837
    7610      38.7349
    7611      38.7818
    7612      38.6289
    7613      39.0283
    7614      39.0185
    7615      38.8391
    7616      39.0270
    7617      38.8014
    7618      39.0300
    7619      39.1842
    7620      39.4862
    7621      39.0706
    7622      39.2415
    7623      38.8462
    7624      38.9611
    7625      38.9271
    7626      38.8064
    7627      39.1532
    7628      38.6420
    7629      38.9004
    7630      38.3270
    7631      38.3794
    7632      38.4445
    7633      38.3948
    7634      38.3154
    7635      38.3991
    7636      37.8502
    7637      38.2936
    7638      38.6106
    7639      38.7629
    7640      38.5293
    7641      39.2109
    7642      38.4554
    7643      39.1288
    7644      38.7997
    7645      38.6207
    7646      38.9613
    7647      38.7655
    7648      38.9211
    7649      38.6372
    7650      38.6294
    7651      38.6974
    7652      38.9170
    7653      38.3954
    7654      38.4635
    7655      38.8541
    7656      38.6157
    7657      38.6572
    7658      38.4148
    7659      38.6782
    7660      39.2073
    7661      38.9708
    7662      38.8991
    7663      39.2343
    7664      39.0482
    7665      38.4389
    7666      38.9132
    7667      38.6751
    7668      38.9582
    7669      38.6814
    7670      38.8695
    7671      38.8536
    7672      38.7452
    7673      38.9592
    7674      38.5230
    7675      38.5167
    7676      38.5093
    7677      38.5453
    7678      38.1944
    7679      38.4668
    7680      38.3062
    7681      38.5871
    7682      38.5106
    7683      38.3458
    7684      38.9457
    7685      38.7322
    7686      38.9031
    7687      39.2368
    7688      38.6124
    7689      39.1660
    7690      38.9496
    7691      38.9432
    7692      39.1783
    7693      39.4526
    7694      38.7304
    7695      38.6207
    7696      38.7381
    7697      37.8491
    7698      38.5140
    7699      38.5852
    7700      38.1042
    7701      38.4619
    7702      38.5378
    7703      38.8977
    7704      38.6946
    7705      38.9489
    7706      38.5285
    7707      39.1293
    7708      39.3285
    7709      39.8472
    7710      39.3093
    7711      39.3099
    7712      39.8072
    7713      40.2138
    7714      39.7572
    7715      39.7418
    7716      39.6207
    7717      39.2956
    7718      39.3342
    7719      38.8910
    7720      38.9710
    7721      39.1612
    7722      39.2177
    7723      39.4266
    7724      39.1392
    7725      39.0304
    7726      39.1107
    7727      39.0215
    7728      38.9108
    7729      39.4178
    7730      39.0950
    7731      39.4100
    7732      38.8871
    7733      38.8996
    7734      38.5488
    7735      38.9240
    7736      39.1641
    7737      38.6802
    7738      39.0294
    7739      39.3062
    7740      39.2244
    7741      39.0922
    7742      39.4032
    7743      38.8181
    7744      38.9171
    7745      39.0525
    7746      39.6317
    7747      39.7546
    7748      39.6328
    7749      39.8617
    7750      39.3173
    7751      39.3349
    7752      39.0622
    7753      39.4458
    7754      39.5179
    7755      39.1011
    7756      39.2077
    7757      39.1966
    7758      39.0546
    7759      38.6786
    7760      39.4158
    7761      39.6556
    7762      39.0012
    7763      39.1500
    7764      39.4631
    7765      39.7886
    7766      40.1723
    7767      39.8435
    7768      39.7452
    7769      39.0841
    7770      38.8420
    7771      39.2705
    7772      39.6870
    7773      39.1541
    7774      38.8545
    7775      39.2870
    7776      39.6777
    7777      39.3155
    7778      39.4533
    7779      39.5498
    7780      40.0115
    7781      39.5835
    7782      38.9545
    7783      39.3141
    7784      38.8113
    7785      39.3325
    7786      38.8831
    7787      38.7462
    7788      38.3227
    7789      38.6713
    7790      38.8426
    7791      38.6140
    7792      38.7673
    7793      38.6607
    7794      38.6874
    7795      38.7536
    7796      38.2458
    7797      38.1503
    7798      38.1801
    7799      38.1277
    7800      38.5109
    7801      38.8664
    7802      38.4770
    7803      38.5519
    7804      38.7512
    7805      38.3467
    7806      38.7405
    7807      38.8891
    7808      38.3449
    7809      39.0814
    7810      38.2420
    7811      38.7701
    7812      38.7002
    7813      39.1636
    7814      39.4338
    7815      38.6277
    7816      38.8809
    7817      38.5631
    7818      38.5786
    7819      38.7881
    7820      38.6247
    7821      38.1176
    7822      38.5879
    7823      39.0592
    7824      38.8699
    7825      39.0914
    7826      38.6843
    7827      39.2386
    7828      39.3086
    7829      39.2978
    7830      39.3096
    7831      39.3498
    7832      39.4246
    7833      39.3871
    7834      38.6952
    7835      39.0035
    7836      39.2506
    7837      38.5281
    7838      38.9960
    7839      38.9518
    7840      39.2978
    7841      39.3124
    7842      38.7989
    7843      38.4155
    7844      39.0574
    7845      39.0348
    7846      38.5620
    7847      38.9029
    7848      38.2677
    7849      38.7392
    7850      38.5797
    7851      38.4309
    7852      38.7817
    7853      38.6899
    7854      38.4024
    7855      38.2456
    7856      38.8265
    7857      38.9348
    7858      38.5545
    7859      38.5797
    7860      38.4753
    7861      38.6730
    7862      38.9830
    7863      38.8623
    7864      39.2086
    7865      39.1452
    7866      39.0304
    7867      39.2467
    7868      39.0394
    7869      38.7336
    7870      39.2835
    7871      38.5751
    7872      38.4770
    7873      38.7169
    7874      38.4523
    7875      38.4153
    7876      38.2799
    7877      38.6463
    7878      38.8732
    7879      39.0382
    7880      39.0939
    7881      38.8234
    7882      38.9247
    7883      38.8416
    7884      38.9549
    7885      38.4111
    7886      38.1081
    7887      38.7213
    7888      38.9904
    7889      38.7009
    7890      38.7567
    7891      38.8711
    7892      39.1220
    7893      38.9318
    7894      38.9878
    7895      38.7658
    7896      38.8762
    7897      39.3982
    7898      38.9744
    7899      38.4760
    7900      38.8729
    7901      38.6399
    7902      38.7378
    7903      38.7400
    7904      38.9155
    7905      38.7269
    7906      38.8692
    7907      38.3213
    7908      38.1703
    7909      37.7520
    7910      38.3188
    7911      38.2885
    7912      38.5025
    7913      38.1290
    7914      39.1332
    7915      38.5588
    7916      38.8933
    7917      38.1981
    7918      38.7726
    7919      38.2330
    7920      38.3868
    7921      38.9789
    7922      38.4046
    7923      39.2589
    7924      38.6760
    7925      38.4300
    7926      38.4789
    7927      38.3822
    7928      37.7631
    7929      38.2755
    7930      39.0169
    7931      38.4823
    7932      39.0377
    7933      38.5240
    7934      38.9141
    7935      38.4581
    7936      38.8802
    7937      39.2738
    7938      39.0343
    7939      39.7070
    7940      38.9622
    7941      38.6523
    7942      39.3949
    7943      38.8555
    7944      39.0364
    7945      39.4635
    7946      39.2464
    7947      38.9730
    7948      38.3345
    7949      39.0848
    7950      38.7182
    7951      38.9951
    7952      39.0673
    7953      38.6855
    7954      38.7929
    7955      38.5098
    7956      38.6258
    7957      38.6786
    7958      39.0293
    7959      39.1595
    7960      39.4562
    7961      39.0843
    7962      39.4995
    7963      39.1968
    7964      39.1146
    7965      38.9259
    7966      38.8001
    7967      39.0254
    7968      39.5098
    7969      39.6234
    7970      39.0072
    7971      39.1825
    7972      38.8542
    7973      39.1368
    7974      39.1729
    7975      39.3852
    7976      39.6208
    7977      39.3042
    7978      39.5838
    7979      38.7834
    7980      38.9751
    7981      38.7157
    7982      38.8772
    7983      39.2826
    7984      38.9693
    7985      38.6793
    7986      38.6770
    7987      38.9869
    7988      38.9692
    7989      38.5511
    7990      38.6860
    7991      38.2285
    7992      38.6686
    7993      39.3768
    7994      38.6165
    7995      38.8079
    7996      38.6016
    7997      38.0104
    7998      39.0389
    7999      38.7853
    8000      38.4030
    8001      38.8698
    8002      38.7245
    8003      38.6887
    8004      39.0860
    8005      38.2925
    8006      39.2312
    8007      39.0530
    8008      39.1252
    8009      40.1860
    8010      39.3272
    8011      39.5372
    8012      39.5943
    8013      40.1742
    8014      39.7199
    8015      40.0021
    8016      40.2823
    8017      39.9406
    8018      39.8094
    8019      39.7698
    8020      40.0043
    8021      40.1595
    8022      40.0018
    8023      40.0613
    8024      40.0199
    8025      40.3047
    8026      40.3679
    8027      40.2144
    8028      40.1715
    8029      39.9703
    8030      40.1906
    8031      40.3041
    8032      39.8596
    8033      40.3623
    8034      40.1923
    8035      39.9915
    8036      40.3545
    8037      40.4739
    8038      39.9656
    8039      40.1762
    8040      40.2644
    8041      40.3832
    8042      40.5000
    8043      40.3114
    8044      40.2058
    8045      40.0658
    8046      39.8704
    8047      40.1045
    8048      40.2292
    8049      40.2079
    8050      40.3704
    8051      40.4385
    8052      40.1093
    8053      39.9220
    8054      39.9100
    8055      41.1518
    8056      40.6952
    8057      40.2810
    8058      40.4761
    8059      40.2519
    8060      39.9588
    8061      40.0898
    8062      39.8088
    8063      40.0058
    8064      39.6440
    8065      40.2500
    8066      40.5798
    8067      40.2724
    8068      40.6254
    8069      40.4248
    8070      39.5861
    8071      40.1775
    8072      40.3751
    8073      40.0110
    8074      39.9849
    8075      39.5426
    8076      39.9024
    8077      40.0248
    8078      39.5262
    8079      39.5519
    8080      40.0079
    8081      39.9841
    8082      40.3309
    8083      39.7413
    8084      39.7152
    8085      40.1228
    8086      39.9341
    8087      39.7995
    8088      39.8125
    8089      40.0463
    8090      40.3195
    8091      40.5235
    8092      40.5315
    8093      40.3232
    8094      40.1945
    8095      40.0733
    8096      39.9156
    8097      39.8108
    8098      40.2988
    8099      40.2739
    8100      39.9117
    8101      39.8551
    8102      40.6465
    8103      40.3710
    8104      39.8859
    8105      40.3400
    8106      40.3230
    8107      39.9193
    8108      40.0521
    8109      40.4530
    8110      40.3662
    8111      40.2492
    8112      40.6609
    8113      40.2924
    8114      40.0198
    8115      40.2515
    8116      40.0292
    8117      39.5928
    8118      40.5579
    8119      40.8762
    8120      40.5373
    8121      40.1858
    8122      40.1989
    8123      40.5885
    8124      40.3620
    8125      40.7263
    8126      40.2794
    8127      40.4650
    8128      40.1020
    8129      40.1272
    8130      40.0544
    8131      40.3824
    8132      40.5184
    8133      40.1981
    8134      40.4383
    8135      40.4496
    8136      40.6984
    8137      40.4792
    8138      40.3522
    8139      40.5601
    8140      40.4708
    8141      40.5415
    8142      40.3237
    8143      40.3322
    8144      39.9862
    8145      39.9349
    8146      40.1813
    8147      40.2281
    8148      40.2381
    8149      39.9211
    8150      40.0638
    8151      39.9633
    8152      40.0851
    8153      39.7840
    8154      40.1059
    8155      40.1566
    8156      40.3251
    8157      40.1358
    8158      40.4857
    8159      40.3811
    8160      40.6360
    8161      40.4084
    8162      40.2184
    8163      40.4673
    8164      40.5519
    8165      40.7138
    8166      40.3765
    8167      39.9305
    8168      39.7992
    8169      40.0730
    8170      40.3243
    8171      40.5052
    8172      40.1114
    8173      40.7720
    8174      40.3328
    8175      40.3963
    8176      40.3494
    8177      40.2242
    8178      40.5168
    8179      40.5557
    8180      40.6113
    8181      40.8232
    8182      41.0029
    8183      40.9103
    8184      40.5559
    8185      40.2994
    8186      40.0832
    8187      39.9962
    8188      40.2753
    8189      39.6696
    8190      40.3050
    8191      39.9393
    8192      40.1582
    8193      40.4492
    8194      39.8934
    8195      40.5295
    8196      40.1796
    8197      39.9410
    8198      40.5773
    8199      40.2352
    8200      40.3928
    8201      40.1341
    8202      40.4611
    8203      40.0222
    8204      40.0397
    8205      40.5421
    8206      40.5197
    8207      40.8747
    8208      40.4726
    8209      40.5514
    8210      39.8465
    8211      39.9329
    8212      40.0124
    8213      40.1870
    8214      40.3024
    8215      40.3486
    8216      40.4782
    8217      40.6406
    8218      40.4406
    8219      40.3338
    8220      40.3668
    8221      40.3659
    8222      40.5475
    8223      40.2378
    8224      40.5398
    8225      39.8165
    8226      39.3719
    8227      39.6362
    8228      40.2877
    8229      40.1469
    8230      40.0208
    8231      40.3051
    8232      40.1790
    8233      40.4248
    8234      40.4059
    8235      41.0713
    8236      41.0002
    8237      40.1590
    8238      40.1488
    8239      40.3643
    8240      40.2452
    8241      40.2189
    8242      40.5107
    8243      40.2808
    8244      40.9987
    8245      40.4709
    8246      40.3812
    8247      40.4965
    8248      40.8110
    8249      40.5282
    8250      40.4373
    8251      40.8712
    8252      40.4361
    8253      40.1308
    8254      40.3667
    8255      40.3129
    8256      40.5594
    8257      40.3146
    8258      39.9626
    8259      40.3589
    8260      40.2074
    8261      40.6145
    8262      40.3624
    8263      40.1751
    8264      40.0423
    8265      40.2312
    8266      39.7950
    8267      40.1907
    8268      39.9894
    8269      40.1090
    8270      40.0931
    8271      40.3737
    8272      40.4818
    8273      40.4518
    8274      40.4317
    8275      40.5784
    8276      40.0610
    8277      39.6747
    8278      40.1628
    8279      40.1990
    8280      40.4788
    8281      40.4269
    8282      40.4055
    8283      40.4360
    8284      40.0578
    8285      40.3996
    8286      40.1079
    8287      40.7345
    8288      40.8409
    8289      40.2456
    8290      40.4377
    8291      40.3702
    8292      40.2397
    8293      40.6355
    8294      40.7867
    8295      40.4740
    8296      40.2391
    8297      40.6561
    8298      40.8453
    8299      40.6505
    8300      40.5024
    8301      40.2440
    8302      40.4448
    8303      40.4180
    8304      39.9605
    8305      39.9762
    8306      40.5563
    8307      39.8969
    8308      40.0995
    8309      40.3640
    8310      40.2459
    8311      40.7220
    8312      40.3545
    8313      40.4970
    8314      40.2714
    8315      40.3936
    8316      40.1459
    8317      40.1042
    8318      39.9242
    8319      39.9589
    8320      40.1407
    8321      39.9840
    8322      40.0239
    8323      40.4470
    8324      40.1149
    8325      40.0671
    8326      40.6430
    8327      40.4638
    8328      40.9722
    8329      40.0960
    8330      39.9925
    8331      40.3135
    8332      40.0818
    8333      40.0837
    8334      40.3524
    8335      40.5412
    8336      40.4744
    8337      40.2577
    8338      40.2045
    8339      40.3125
    8340      40.2292
    8341      40.7563
    8342      40.8376
    8343      40.9509
    8344      40.3696
    8345      40.6454
    8346      40.0851
    8347      40.3809
    8348      40.4740
    8349      40.3130
    8350      40.7263
    8351      40.4485
    8352      39.7706
    8353      40.5734
    8354      40.4280
    8355      40.1693
    8356      40.8011
    8357      40.8475
    8358      40.2949
    8359      40.4012
    8360      40.3870
    8361      41.1891
    8362      40.9327
    8363      40.1730
    8364      40.5989
    8365      40.5431
    8366      40.4106
    8367      40.5955
    8368      40.6188
    8369      40.8918
    8370      40.3831
    8371      40.3593
    8372      40.4788
    8373      40.6971
    8374      40.7625
    8375      40.4815
    8376      40.4099
    8377      40.1174
    8378      40.3536
    8379      40.4734
    8380      40.3251
    8381      39.9915
    8382      40.5863
    8383      40.6028
    8384      40.2693
    8385      40.5054
    8386      40.0851
    8387      40.4289
    8388      40.3745
    8389      40.1167
    8390      40.5373
    8391      40.6529
    8392      40.3752
    8393      40.4999
    8394      40.3237
    8395      39.6129
    8396      39.9028
    8397      40.3352
    8398      40.7553
    8399      40.5515
    8400      40.6767
    8401      40.7853
    8402      41.0866
    8403      40.0849
    8404      40.3834
    8405      40.1659
    8406      39.9125
    8407      40.1594
    8408      40.2166
    8409      40.0999
    8410      40.7848
    8411      40.2081
    8412      40.3644
    8413      40.0568
    8414      40.4408
    8415      40.3553
    8416      39.7325
    8417      40.6415
    8418      40.2420
    8419      40.3708
    8420      40.2483
    8421      40.0256
    8422      40.2007
    8423      39.9654
    8424      40.2012
    8425      40.4048
    8426      40.4391
    8427      39.8275
    8428      40.2472
    8429      40.3551
    8430      40.0145
    8431      40.2193
    8432      40.3465
    8433      40.4502
    8434      41.0081
    8435      40.3635
    8436      40.0600
    8437      40.3247
    8438      40.1056
    8439      40.7496
    8440      40.6003
    8441      40.2371
    8442      40.5033
    8443      40.2673
    8444      40.6475
    8445      40.2588
    8446      40.5774
    8447      40.1613
    8448      40.4672
    8449      40.3216
    8450      40.8053
    8451      40.0468
    8452      40.2383
    8453      40.2958
    8454      40.1329
    8455      40.1238
    8456      40.0619
    8457      40.1051
    8458      40.5580
    8459      40.2309
    8460      40.6400
    8461      40.8218
    8462      40.0506
    8463      40.4858
    8464      40.6823
    8465      40.1610
    8466      40.3174
    8467      40.1370
    8468      40.2220
    8469      40.6902
    8470      40.1506
    8471      40.0750
    8472      40.5847
    8473      40.5078
    8474      41.0078
    8475      39.9003
    8476      40.4757
    8477      40.4725
    8478      40.5069
    8479      39.6376
    8480      40.1832
    8481      40.3659
    8482      40.1299
    8483      40.1980
    8484      40.4454
    8485      40.4514
    8486      40.1758
    8487      40.3381
    8488      40.3279
    8489      40.5306
    8490      40.5687
    8491      40.6638
    8492      40.6801
    8493      40.3661
    8494      40.2507
    8495      40.5102
    8496      40.3592
    8497      40.0390
    8498      40.6522
    8499      40.3025
    8500      40.7486
    8501      40.1766
    8502      40.2000
    8503      40.2437
    8504      40.3921
    8505      40.7445
    8506      40.3860
    8507      40.7823
    8508      40.3109
    8509      40.5380
    8510      40.2271
    8511      39.7661
    8512      40.8399
    8513      40.6812
    8514      40.3468
    8515      40.5012
    8516      40.7817
    8517      39.9735
    8518      40.5200
    8519      40.4248
    8520      40.4902
    8521      40.6124
    8522      40.3355
    8523      39.9077
    8524      40.6743
    8525      40.2562
    8526      40.4463
    8527      40.1124
    8528      39.8134
    8529      40.1020
    8530      40.4825
    8531      40.8901
    8532      39.9937
    8533      40.6254
    8534      40.8130
    8535      40.1337
    8536      40.2781
    8537      40.5100
    8538      40.3724
    8539      40.1814
    8540      40.0506
    8541      40.5451
    8542      40.4470
    8543      40.7292
    8544      40.0409
    8545      40.6285
    8546      40.0271
    8547      39.9393
    8548      39.6830
    8549      40.2891
    8550      40.0874
    8551      39.7097
    8552      39.7695
    8553      39.7614
    8554      40.1117
    8555      40.0692
    8556      40.1371
    8557      40.0959
    8558      39.5437
    8559      39.8204
    8560      39.8874
    8561      40.5204
    8562      39.8925
    8563      40.2503
    8564      40.3502
    8565      40.2568
    8566      39.7109
    8567      40.9994
    8568      40.2514
    8569      39.8463
    8570      40.3513
    8571      40.3954
    8572      40.2992
    8573      39.8351
    8574      39.8969
    8575      39.9940
    8576      40.2253
    8577      40.1558
    8578      40.3410
    8579      39.9299
    8580      39.9215
    8581      39.7631
    8582      39.8656
    8583      40.1635
    8584      40.5280
    8585      39.8256
    8586      40.3515
    8587      40.3490
    8588      40.1840
    8589      40.1516
    8590      40.3352
    8591      40.2549
    8592      40.3302
    8593      40.1450
    8594      39.9773
    8595      39.8131
    8596      39.8105
    8597      40.1718
    8598      40.5218
    8599      40.3733
    8600      40.0776
    8601      40.5499
    8602      40.3777
    8603      40.0461
    8604      40.2172
    8605      40.3948
    8606      40.3141
    8607      40.3924
    8608      40.3418
    8609      39.9154
    8610      40.0509
    8611      39.9101
    8612      40.2722
    8613      40.9368
    8614      40.6866
    8615      40.4667
    8616      40.5602
    8617      40.1182
    8618      39.8441
    8619      40.5343
    8620      39.8899
    8621      39.9720
    8622      40.1220
    8623      40.1199
    8624      40.1912
    8625      40.4037
    8626      40.2699
    8627      39.8528
    8628      40.3032
    8629      40.3068
    8630      40.1740
    8631      40.0134
    8632      40.0710
    8633      40.5295
    8634      40.2786
    8635      40.2050
    8636      40.4221
    8637      39.7730
    8638      40.6364
    8639      40.8299
    8640      40.0631
    8641      40.5071
    8642      39.5482
    8643      39.6802
    8644      40.0363
    8645      39.9518
    8646      39.8696
    8647      40.3774
    8648      40.5291
    8649      40.4664
    8650      40.2001
    8651      40.3272
    8652      40.4314
    8653      40.2442
    8654      40.3782
    8655      40.3254
    8656      40.7822
    8657      40.7235
    8658      40.2786
    8659      40.3092
    8660      40.4132
    8661      40.2460
    8662      40.5329
    8663      40.8027
    8664      40.6221
    8665      40.3326
    8666      40.7088
    8667      40.2609
    8668      40.6710
    8669      40.2534
    8670      40.4078
    8671      40.7172
    8672      40.7433
    8673      40.3699
    8674      40.3016
    8675      41.2358
    8676      41.1318
    8677      40.5500
    8678      40.6306
    8679      40.4771
    8680      40.1703
    8681      40.3328
    8682      40.5414
    8683      40.4396
    8684      40.3923
    8685      40.6519
    8686      40.6350
    8687      41.3054
    8688      40.5154
    8689      40.6287
    8690      40.3668
    8691      40.0611
    8692      40.3151
    8693      40.4539
    8694      40.7113
    8695      40.7308
    8696      40.5035
    8697      40.5860
    8698      40.0700
    8699      39.9643
    8700      39.4267
    8701      40.0449
    8702      40.1023
    8703      40.3567
    8704      40.2617
    8705      40.3122
    8706      40.0530
    8707      40.2560
    8708      39.9960
    8709      39.7869
    8710      40.4819
    8711      40.4201
    8712      40.7301
    8713      40.8232
    8714      39.7974
    8715      40.5068
    8716      40.4780
    8717      40.5896
    8718      40.4010
    8719      40.3410
    8720      39.9976
    8721      40.3099
    8722      40.1660
    8723      39.7812
    8724      40.0778
    8725      39.6664
    8726      40.4971
    8727      40.6511
    8728      40.1087
    8729      40.0933
    8730      40.4707
    8731      40.5588
    8732      39.6714
    8733      39.9177
    8734      40.0786
    8735      39.9909
    8736      40.5022
    8737      40.2351
    8738      40.1447
    8739      40.1139
    8740      40.2690
    8741      40.2999
    8742      40.2705
    8743      40.2386
    8744      40.3119
    8745      40.3251
    8746      40.7637
    8747      39.8243
    8748      40.1684
    8749      39.8695
    8750      39.5289
    8751      39.7823
    8752      40.6032
    8753      40.6880
    8754      39.7091
    8755      40.3326
    8756      40.4950
    8757      39.8590
    8758      39.9623
    8759      39.5979
    8760      39.9726
    8761      39.8590
    8762      40.0673
    8763      39.9482
    8764      40.1177
    8765      40.2110
    8766      40.4689
    8767      40.2701
    8768      40.5957
    8769      40.4881
    8770      40.1801
    8771      39.8936
    8772      40.3418
    8773      40.0424
    8774      40.5285
    8775      40.4275
    8776      40.0075
    8777      40.2766
    8778      40.1606
    8779      40.3628
    8780      40.2800
    8781      40.1891
    8782      40.3908
    8783      39.8391
    8784      39.7883
    8785      40.1571
    8786      40.5437
    8787      40.6625
    8788      40.2963
    8789      40.6653
    8790      40.7814
    8791      40.5772
    8792      40.0246
    8793      40.2609
    8794      40.4032
    8795      40.3007
    8796      39.7874
    8797      39.7414
    8798      39.9270
    8799      40.0191
    8800      39.9246
    8801      39.6767
    8802      39.6926
    8803      39.6226
    8804      40.0469
    8805      39.7395
    8806      39.3335
    8807      39.9412
    8808      40.0407
    8809      40.2359
    8810      40.4450
    8811      40.0164
    8812      40.0597
    8813      40.0001
    8814      39.9204
    8815      39.9674
    8816      40.2069
    8817      39.7977
    8818      39.8032
    8819      39.7212
    8820      39.2922
    8821      39.8752
    8822      39.7770
    8823      39.6521
    8824      39.4385
    8825      40.0134
    8826      40.1383
    8827      40.2081
    8828      39.8485
    8829      39.8540
    8830      40.0477
    8831      39.5554
    8832      40.0854
    8833      39.9853
    8834      40.1469
    8835      39.7685
    8836      39.7828
    8837      39.9578
    8838      40.1886
    8839      40.2936
    8840      39.5984
    8841      40.4275
    8842      40.0668
    8843      40.1392
    8844      39.5901
    8845      40.0889
    8846      40.4343
    8847      40.2266
    8848      40.3953
    8849      40.3157
    8850      40.1106
    8851      40.4644
    8852      40.2597
    8853      39.9564
    8854      40.5219
    8855      40.8192
    8856      40.6936
    8857      40.3385
    8858      40.2475
    8859      40.6659
    8860      40.0811
    8861      39.9051
    8862      40.4982
    8863      39.8144
    8864      40.3140
    8865      40.4519
    8866      40.0032
    8867      40.2440
    8868      40.2675
    8869      39.5404
    8870      39.8675
    8871      39.9633
    8872      40.1451
    8873      40.1274
    8874      39.8456
    8875      40.2961
    8876      40.3300
    8877      40.9968
    8878      40.1065
    8879      40.0940
    8880      39.9333
    8881      40.2372
    8882      39.8874
    8883      39.9510
    8884      40.1246
    8885      39.9532
    8886      40.5494
    8887      39.7731
    8888      39.6703
    8889      40.1167
    8890      39.8066
    8891      40.1267
    8892      39.0760
    8893      39.0649
    8894      39.3506
    8895      39.6655
    8896      40.1468
    8897      40.0985
    8898      40.4870
    8899      40.3179
    8900      39.8937
    8901      39.8969
    8902      40.0528
    8903      39.5856
    8904      40.1537
    8905      40.4689
    8906      39.9119
    8907      39.7844
    8908      40.0628
    8909      39.9815
    8910      40.0705
    8911      40.1351
    8912      40.3636
    8913      40.0279
    8914      39.9184
    8915      40.1885
    8916      40.1212
    8917      39.2969
    8918      39.7560
    8919      39.5331
    8920      39.6266
    8921      40.4508
    8922      40.1279
    8923      39.8447
    8924      39.7375
    8925      39.7615
    8926      39.7894
    8927      39.7886
    8928      39.9894
    8929      40.0818
    8930      39.9364
    8931      40.4345
    8932      39.5800
    8933      39.7943
    8934      39.9591
    8935      39.5388
    8936      39.5420
    8937      40.3906
    8938      40.0761
    8939      39.9770
    8940      40.3224
    8941      40.4047
    8942      39.9039
    8943      39.7067
    8944      40.1152
    8945      39.5331
    8946      39.5358
    8947      39.0277
    8948      39.8025
    8949      40.0052
    8950      39.5430
    8951      39.7209
    8952      40.0865
    8953      40.4699
    8954      39.8854
    8955      40.0276
    8956      39.7928
    8957      39.6614
    8958      39.5628
    8959      40.1668
    8960      39.5630
    8961      39.9906
    8962      39.8192
    8963      39.6502
    8964      39.8304
    8965      40.5662
    8966      39.6251
    8967      39.7475
    8968      39.8194
    8969      39.8310
    8970      40.0459
    8971      39.3364
    8972      40.0471
    8973      39.8611
    8974      39.6522
    8975      40.4270
    8976      39.9692
    8977      40.4596
    8978      39.9182
    8979      39.6338
    8980      39.7588
    8981      39.5588
    8982      39.8238
    8983      39.7855
    8984      39.6520
    8985      39.3458
    8986      39.3460
    8987      39.6904
    8988      39.5224
    8989      39.3741
    8990      39.6516
    8991      39.6160
    8992      39.3326
    8993      38.8600
    8994      39.5262
    8995      39.3295
    8996      39.2652
    8997      39.3727
    8998      38.9574
    8999      39.1220
    9000      39.3352
    9001      39.9622
    9002      39.9665
    9003      39.7829
    9004      40.0150
    9005      39.5711
    9006      39.4838
    9007      39.6477
    9008      39.8619
    9009      39.5826
    9010      39.7730
    9011      39.9311
    9012      40.2839
    9013      39.6847
    9014      39.5771
    9015      40.1275
    9016      40.2866
    9017      39.9239
    9018      40.3012
    9019      39.9590
    9020      39.6929
    9021      40.2222
    9022      40.0643
    9023      40.1760
    9024      39.6571
    9025      39.6930
    9026      39.5442
    9027      39.9970
    9028      40.2472
    9029      40.4184
    9030      40.3480
    9031      40.5159
    9032      40.1931
    9033      40.3079
    9034      39.9908
    9035      40.4927
    9036      39.6319
    9037      39.7560
    9038      39.9888
    9039      39.6109
    9040      39.7515
    9041      39.2649
    9042      39.9518
    9043      39.4848
    9044      40.0202
    9045      39.8034
    9046      39.8580
    9047      39.4376
    9048      40.3129
    9049      40.1028
    9050      39.8825
    9051      40.1135
    9052      39.7597
    9053      39.9150
    9054      39.6636
    9055      39.2108
    9056      40.0000
    9057      40.2437
    9058      40.0111
    9059      39.9437
    9060      39.8424
    9061      39.8760
    9062      39.8877
    9063      40.2069
    9064      40.0113
    9065      39.7879
    9066      39.9291
    9067      40.1258
    9068      39.3016
    9069      39.5793
    9070      39.8379
    9071      39.3926
    9072      39.4768
    9073      39.6277
    9074      39.2360
    9075      39.6230
    9076      39.6708
    9077      39.7157
    9078      39.1191
    9079      39.7869
    9080      39.7527
    9081      39.4611
    9082      39.7131
    9083      39.3309
    9084      39.8206
    9085      39.8787
    9086      39.7565
    9087      39.8723
    9088      39.7005
    9089      39.2942
    9090      39.5813
    9091      39.4468
    9092      39.9019
    9093      39.8857
    9094      39.8314
    9095      40.1355
    9096      39.5277
    9097      39.9492
    9098      40.2325
    9099      40.3879
    9100      39.6794
    9101      40.1568
    9102      40.4853
    9103      40.1947
    9104      40.2392
    9105      40.0323
    9106      40.2983
    9107      40.1506
    9108      39.8571
    9109      40.1110
    9110      39.6441
    9111      39.3982
    9112      39.4564
    9113      39.8254
    9114      39.6062
    9115      39.0791
    9116      39.5467
    9117      39.7593
    9118      39.2794
    9119      39.3379
    9120      39.3348
    9121      39.7249
    9122      39.4480
    9123      39.4352
    9124      39.5675
    9125      39.1633
    9126      39.9863
    9127      40.0982
    9128      39.9259
    9129      40.3077
    9130      40.3103
    9131      40.6256
    9132      39.5842
    9133      40.0171
    9134      39.4151
    9135      39.7281
    9136      39.8349
    9137      39.9073
    9138      39.6084
    9139      40.0898
    9140      39.8366
    9141      39.5352
    9142      39.8211
    9143      40.1183
    9144      39.4903
    9145      39.7450
    9146      39.7788
    9147      39.1808
    9148      39.4488
    9149      39.2719
    9150      39.6067
    9151      39.4315
    9152      40.1646
    9153      40.2219
    9154      39.6815
    9155      40.2492
    9156      39.9020
    9157      40.3341
    9158      39.9207
    9159      39.6768
    9160      40.1810
    9161      40.4986
    9162      40.0770
    9163      39.9105
    9164      40.2385
    9165      40.2958
    9166      40.5568
    9167      40.2752
    9168      40.2383
    9169      40.5171
    9170      41.0746
    9171      40.6216
    9172      40.6680
    9173      40.6498
    9174      40.9321
    9175      40.6320
    9176      40.4998
    9177      39.9004
    9178      40.1532
    9179      40.5771
    9180      40.2006
    9181      40.1213
    9182      40.3385
    9183      40.1086
    9184      40.2297
    9185      40.1971
    9186      40.1971
    9187      40.3611
    9188      40.4673
    9189      40.2753
    9190      40.1751
    9191      40.2158
    9192      39.9746
    9193      40.2266
    9194      39.8339
    9195      40.1660
    9196      40.5371
    9197      40.7221
    9198      40.6833
    9199      39.5795
    9200      40.3030
    9201      40.1039
    9202      40.2071
    9203      40.7566
    9204      40.6950
    9205      40.4076
    9206      40.8315
    9207      40.6432
    9208      40.6730
    9209      41.0518
    9210      40.7896
    9211      40.4947
    9212      40.8391
    9213      40.7021
    9214      40.6192
    9215      40.6743
    9216      40.1253
    9217      39.9183
    9218      39.8169
    9219      40.3324
    9220      40.3498
    9221      40.8914
    9222      40.3109
    9223      39.9472
    9224      40.5657
    9225      39.9539
    9226      40.1309
    9227      39.8552
    9228      40.5031
    9229      40.8789
    9230      40.1423
    9231      40.1503
    9232      40.5011
    9233      40.5914
    9234      40.5065
    9235      40.4076
    9236      40.5113
    9237      40.3364
    9238      40.5321
    9239      40.6796
    9240      40.3372
    9241      40.7278
    9242      40.3341
    9243      40.3378
    9244      40.5652
    9245      40.6389
    9246      40.3064
    9247      40.4966
    9248      40.4411
    9249      39.8744
    9250      40.0472
    9251      40.4123
    9252      40.5737
    9253      40.1275
    9254      40.7962
    9255      40.1891
    9256      40.3579
    9257      40.4028
    9258      40.3709
    9259      40.5332
    9260      40.3137
    9261      40.5039
    9262      40.5909
    9263      41.2748
    9264      41.2145
    9265      40.6641
    9266      40.3730
    9267      40.4892
    9268      40.7026
    9269      40.7287
    9270      41.0254
    9271      40.3482
    9272      40.8031
    9273      41.1723
    9274      41.1348
    9275      41.1682
    9276      40.9405
    9277      40.6992
    9278      40.7289
    9279      40.9937
    9280      40.5021
    9281      40.4126
    9282      40.7428
    9283      40.7183
    9284      41.6877
    9285      41.1276
    9286      41.0593
    9287      40.7216
    9288      40.4727
    9289      40.2917
    9290      40.3639
    9291      40.4725
    9292      40.6213
    9293      40.6398
    9294      40.2102
    9295      40.9098
    9296      40.7463
    9297      40.5479
    9298      40.7079
    9299      40.1835
    9300      40.3723
    9301      41.0233
    9302      40.3834
    9303      39.8298
    9304      40.1636
    9305      40.2591
    9306      40.3017
    9307      40.4494
    9308      40.5095
    9309      40.2102
    9310      40.2484
    9311      40.7874
    9312      40.4910
    9313      40.5265
    9314      39.8525
    9315      40.1626
    9316      40.6877
    9317      40.4198
    9318      40.6053
    9319      40.4691
    9320      40.5164
    9321      40.6482
    9322      40.5656
    9323      40.6718
    9324      40.7428
    9325      40.5946
    9326      40.5467
    9327      40.4427
    9328      40.9129
    9329      40.8104
    9330      40.0280
    9331      40.5875
    9332      39.9835
    9333      40.3126
    9334      41.0012
    9335      40.8706
    9336      40.3504
    9337      40.6813
    9338      40.6157
    9339      40.5384
    9340      40.5633
    9341      40.5211
    9342      39.8364
    9343      39.8986
    9344      39.6949
    9345      40.0394
    9346      40.0960
    9347      39.7568
    9348      39.6935
    9349      39.7123
    9350      39.6507
    9351      39.5756
    9352      39.8364
    9353      40.2659
    9354      40.0485
    9355      40.6281
    9356      40.7273
    9357      40.2006
    9358      41.2178
    9359      40.8935
    9360      41.2467
    9361      41.2633
    9362      40.9923
    9363      41.5098
    9364      41.1806
    9365      40.6882
    9366      40.3991
    9367      40.8628
    9368      40.8865
    9369      40.6345
    9370      40.2701
    9371      40.3015
    9372      40.9117
    9373      40.4940
    9374      40.4006
    9375      40.2927
    9376      40.2573
    9377      40.3530
    9378      40.4764
    9379      40.1397
    9380      39.9477
    9381      40.4472
    9382      39.8720
    9383      39.8771
    9384      39.8007
    9385      40.1982
    9386      39.9423
    9387      39.8424
    9388      40.0175
    9389      40.4172
    9390      40.6135
    9391      40.5233
    9392      40.7148
    9393      40.2308
    9394      40.5593
    9395      40.9637
    9396      40.4278
    9397      40.6800
    9398      40.5132
    9399      40.4087
    9400      40.8005
    9401      40.8904
    9402      40.0746
    9403      39.3915
    9404      39.9911
    9405      39.6389
    9406      40.2233
    9407      39.9129
    9408      39.6666
    9409      40.0914
    9410      40.1396
    9411      40.3394
    9412      40.1469
    9413      39.9270
    9414      40.2471
    9415      40.2304
    9416      40.0923
    9417      40.6576
    9418      40.0162
    9419      40.6337
    9420      40.5116
    9421      39.9162
    9422      40.2351
    9423      40.5503
    9424      40.0828
    9425      39.7817
    9426      40.3371
    9427      40.2243
    9428      40.5760
    9429      40.4356
    9430      40.5900
    9431      40.4203
    9432      40.0903
    9433      40.6725
    9434      40.8016
    9435      40.2536
    9436      41.0199
    9437      40.8185
    9438      40.4591
    9439      40.4459
    9440      40.1557
    9441      40.6307
    9442      40.4232
    9443      40.5266
    9444      40.5186
    9445      40.3233
    9446      40.3662
    9447      40.3855
    9448      40.1191
    9449      40.3423
    9450      40.3554
    9451      40.3828
    9452      40.5013
    9453      40.7008
    9454      40.7298
    9455      40.5976
    9456      40.8286
    9457      40.5835
    9458      40.5901
    9459      40.5754
    9460      40.9871
    9461      41.0936
    9462      40.2810
    9463      40.3813
    9464      40.2510
    9465      40.3642
    9466      40.2425
    9467      40.4414
    9468      40.6255
    9469      40.5545
    9470      40.7126
    9471      40.5523
    9472      40.1802
    9473      40.0632
    9474      40.3759
    9475      40.4059
    9476      40.6361
    9477      40.0925
    9478      39.9201
    9479      40.2178
    9480      40.4005
    9481      40.6724
    9482      40.2215
    9483      39.9788
    9484      40.7889
    9485      41.0407
    9486      41.0575
    9487      40.9008
    9488      41.2246
    9489      41.0794
    9490      40.9223
    9491      41.1375
    9492      41.2729
    9493      41.5243
    9494      41.2796
    9495      40.9304
    9496      41.1949
    9497      40.6246
    9498      40.6825
    9499      40.5921
    9500      40.2964
    9501      40.3026
    9502      40.1878
    9503      40.3446
    9504      40.7558
    9505      40.6293
    9506      40.2357
    9507      40.2609
    9508      40.2842
    9509      40.5721
    9510      40.6111
    9511      40.2100
    9512      40.4041
    9513      40.8724
    9514      40.0134
    9515      40.2774
    9516      41.0299
    9517      40.5293
    9518      40.8465
    9519      40.7765
    9520      40.4113
    9521      40.8901
    9522      40.8008
    9523      40.5747
    9524      40.6708
    9525      40.6822
    9526      40.4028
    9527      40.5061
    9528      40.5902
    9529      40.8013
    9530      40.9282
    9531      40.7912
    9532      40.6820
    9533      40.6176
    9534      40.8813
    9535      40.9499
    9536      40.5825
    9537      40.4929
    9538      40.6486
    9539      40.8647
    9540      41.1278
    9541      40.4472
    9542      40.7196
    9543      40.7750
    9544      41.2157
    9545      41.3107
    9546      40.6417
    9547      40.5714
    9548      40.6999
    9549      40.9484
    9550      40.5937
    9551      40.4518
    9552      40.3611
    9553      40.4201
    9554      40.6295
    9555      40.9063
    9556      41.0327
    9557      40.7900
    9558      40.8253
    9559      40.6320
    9560      40.7151
    9561      40.7913
    9562      40.9319
    9563      40.7941
    9564      40.5216
    9565      40.8233
    9566      40.2319
    9567      40.6057
    9568      40.4804
    9569      40.0720
    9570      40.1867
    9571      40.0693
    9572      40.4457
    9573      40.8372
    9574      40.1075
    9575      40.4501
    9576      40.0459
    9577      40.7494
    9578      40.6156
    9579      40.6768
    9580      40.3488
    9581      40.3507
    9582      40.9359
    9583      40.2042
    9584      41.0439
    9585      41.0235
    9586      40.4976
    9587      40.9588
    9588      40.9623
    9589      40.7180
    9590      40.0814
    9591      40.4780
    9592      39.9612
    9593      39.8728
    9594      40.3357
    9595      40.4491
    9596      40.7029
    9597      41.0853
    9598      40.8510
    9599      40.9164
    9600      40.6884
    9601      40.4737
    9602      40.0990
    9603      40.3732
    9604      40.3030
    9605      40.1871
    9606      40.0615
    9607      40.6817
    9608      40.7745
    9609      40.6326
    9610      40.3846
    9611      41.0740
    9612      40.5073
    9613      40.4248
    9614      40.6385
    9615      40.5550
    9616      41.1677
    9617      40.7557
    9618      40.6977
    9619      40.3394
    9620      40.5172
    9621      40.2999
    9622      40.1091
    9623      40.0029
    9624      40.2907
    9625      40.6726
    9626      40.2545
    9627      40.5443
    9628      40.3380
    9629      41.1192
    9630      40.1774
    9631      40.4458
    9632      40.1986
    9633      40.4486
    9634      40.8037
    9635      40.2508
    9636      40.6925
    9637      40.4066
    9638      40.5685
    9639      40.1484
    9640      40.8510
    9641      40.2336
    9642      40.2770
    9643      40.5766
    9644      40.6271
    9645      39.8546
    9646      40.7469
    9647      40.2841
    9648      40.6304
    9649      40.5421
    9650      39.9021
    9651      40.4529
    9652      40.3792
    9653      40.1748
    9654      39.7812
    9655      39.8522
    9656      39.7300
    9657      40.4154
    9658      39.9922
    9659      40.4113
    9660      40.2033
    9661      41.4863
    9662      40.9971
    9663      40.5051
    9664      40.1233
    9665      40.4105
    9666      41.2373
    9667      39.6936
    9668      39.6703
    9669      40.6284
    9670      40.6807
    9671      41.2737
    9672      40.9222
    9673      40.7308
    9674      40.7399
    9675      40.5980
    9676      40.8077
    9677      40.6632
    9678      40.8160
    9679      40.8958
    9680      41.2706
    9681      41.4298
    9682      41.1484
    9683      41.6188
    9684      40.5630
    9685      40.4281
    9686      40.5605
    9687      40.6359
    9688      40.6276
    9689      41.0777
    9690      40.7632
    9691      41.2405
    9692      41.2544
    9693      40.7628
    9694      40.8484
    9695      40.5865
    9696      40.6806
    9697      39.7819
    9698      39.2334
    9699      39.3731
    9700      39.6954
    9701      39.1263
    9702      39.5238
    9703      38.6813
    9704      39.0792
    9705      39.8389
    9706      39.5107
    9707      39.7555
    9708      39.8171
    9709      39.8443
    9710      40.5439
    9711      40.1538
    9712      39.7440
    9713      39.6274
    9714      39.8116
    9715      39.6434
    9716      39.5903
    9717      39.4838
    9718      38.9345
    9719      39.4268
    9720      39.3978
    9721      39.4271
    9722      39.0945
    9723      39.5837
    9724      39.4011
    9725      39.2919
    9726      39.3259
    9727      39.1420
    9728      38.8737
    9729      39.4337
    9730      39.8132
    9731      39.1509
    9732      39.6923
    9733      39.0641
    9734      38.6664
    9735      38.9319
    9736      39.3582
    9737      38.9989
    9738      38.5542
    9739      38.9213
    9740      39.4347
    9741      39.1469
    9742      38.8558
    9743      39.2371
    9744      38.8385
    9745      38.9486
    9746      38.5477
    9747      38.5539
    9748      38.5802
    9749      38.8188
    9750      38.9981
    9751      38.9636
    9752      39.4187
    9753      39.3796
    9754      39.7714
    9755      39.2475
    9756      38.6636
    9757      38.4928
    9758      38.8143
    9759      38.8850
    9760      39.0461
    9761      38.9993
    9762      39.2788
    9763      38.9367
    9764      39.0496
    9765      39.2936
    9766      39.4365
    9767      38.7330
    9768      38.9403
    9769      38.8946
    9770      39.4803
    9771      39.0364
    9772      39.1838
    9773      38.6612
    9774      38.8387
    9775      38.8690
    9776      39.3302
    9777      38.5885
    9778      38.8311
    9779      39.1436
    9780      39.3955
    9781      39.6149
    9782      39.7907
    9783      39.6924
    9784      39.2750
    9785      39.9685
    9786      40.5698
    9787      40.0268
    9788      39.9297
    9789      39.8090
    9790      39.4317
    9791      39.7149
    9792      38.9187
    9793      39.2887
    9794      38.9102
    9795      38.7946
    9796      39.1215
    9797      39.0778
    9798      38.7902
    9799      38.1745
    9800      38.6546
    9801      38.9133
    9802      39.2117
    9803      38.9975
    9804      38.8785
    9805      39.4198
    9806      39.4142
    9807      39.3716
    9808      39.2353
    9809      38.7613
    9810      39.1273
    9811      38.8067
    9812      38.9200
    9813      39.2790
    9814      39.2549
    9815      39.5045
    9816      39.2774
    9817      39.1011
    9818      38.8756
    9819      38.8451
    9820      38.8401
    9821      38.5955
    9822      38.9756
    9823      39.0514
    9824      38.9259
    9825      38.8761
    9826      38.7921
    9827      39.1139
    9828      39.2368
    9829      39.0632
    9830      39.2694
    9831      39.7211
    9832      39.3539
    9833      39.0752
    9834      39.0290
    9835      38.4339
    9836      39.0965
    9837      39.2437
    9838      39.1346
    9839      39.0075
    9840      38.6681
    9841      38.6840
    9842      38.6380
    9843      38.9423
    9844      38.8657
    9845      38.8935
    9846      39.1000
    9847      38.6971
    9848      39.1506
    9849      38.8075
    9850      39.2057
    9851      39.0269
    9852      39.1531
    9853      39.0405
    9854      39.3579
    9855      38.8522
    9856      38.3144
    9857      38.7959
    9858      38.6969
    9859      39.3154
    9860      38.5994
    9861      39.0185
    9862      39.4309
    9863      39.1058
    9864      38.7958
    9865      39.2567
    9866      39.5810
    9867      39.3814
    9868      39.8616
    9869      40.0648
    9870      39.4793
    9871      39.0518
    9872      38.9911
    9873      39.2323
    9874      39.3479
    9875      39.1369
    9876      39.3362
    9877      39.1673
    9878      38.9836
    9879      39.0011
    9880      38.2693
    9881      38.7574
    9882      39.0245
    9883      39.0788
    9884      39.1133
    9885      38.5649
    9886      38.4506
    9887      38.8740
    9888      38.8626
    9889      38.6710
    9890      38.6633
    9891      38.8589
    9892      38.9514
    9893      38.5384
    9894      39.0252
    9895      38.5507
    9896      38.2276
    9897      38.2893
    9898      38.5122
    9899      39.2627
    9900      38.6248
    9901      39.0039
    9902      39.2285
    9903      39.0341
    9904      38.9039
    9905      38.7975
    9906      38.4761
    9907      39.5713
    9908      40.0736
    9909      39.9086
    9910      39.7302
    9911      40.1693
    9912      39.7348
    9913      39.1656
    9914      38.6943
    9915      39.2667
    9916      39.1646
    9917      38.7593
    9918      39.2485
    9919      39.1316
    9920      38.6706
    9921      39.2753
    9922      39.2578
    9923      39.1382
    9924      39.3013
    9925      38.8562
    9926      39.2371
    9927      38.5946
    9928      39.4252
    9929      39.2421
    9930      38.6160
    9931      38.7599
    9932      39.1144
    9933      38.9538
    9934      39.7030
    9935      39.3471
    9936      39.4136
    9937      39.5603
    9938      39.3197
    9939      38.9691
    9940      38.7056
    9941      38.6050
    9942      38.4408
    9943      38.0839
    9944      38.6421
    9945      38.9909
    9946      39.0939
    9947      39.0553
    9948      38.6335
    9949      38.7312
    9950      38.7311
    9951      38.6989
    9952      38.9863
    9953      38.6472
    9954      38.5224
    9955      38.5746
    9956      38.3539
    9957      38.7577
    9958      38.7347
    9959      38.3220
    9960      38.2938
    9961      37.9391
    9962      38.8939
    9963      38.3336
    9964      38.7758
    9965      38.5299
    9966      38.6899
    9967      38.6126
    9968      38.9969
    9969      38.5501
    9970      38.8570
    9971      38.5462
    9972      38.1534
    9973      38.6852
    9974      38.5588
    9975      38.7065
    9976      38.7369
    9977      38.1416
    9978      38.8319
    9979      38.7565
    9980      38.9211
    9981      39.0423
    9982      39.0459
    9983      38.6333
    9984      38.7560
    9985      38.9444
    9986      39.2145
    9987      38.6556
    9988      39.0341
    9989      38.8831
    9990      38.9526
    9991      38.5870
    9992      38.6926
    9993      38.6357
    9994      38.7364
    9995      38.3717
    9996      38.7401
    9997      38.7682
    9998      38.8138
    9999      38.6188
   10000      38.3913
   10001      39.0968
   10002      38.6083
   10003      38.1744
   10004      38.1980
   10005      38.1718
   10006      37.9545
   10007      38.3294
   10008      38.3033
   10009      38.3590
   10010      38.4311
   10011      38.3735
   10012      38.3642
   10013      38.0871
   10014      38.1609
   10015      38.4791
   10016      38.2023
   10017      38.4174
   10018      38.3158
   10019      38.1392
   10020      38.2854
   10021      38.6018
   10022      38.5206
   10023      38.3020
   10024      39.0269
   10025      38.9631
   10026      38.8149
   10027      39.0348
   10028      38.0881
   10029      39.1436
   10030      38.4977
   10031      38.2706
   10032      38.4608
   10033      38.4253
   10034      38.7239
   10035      38.3624
   10036      38.3526
   10037      38.8439
   10038      38.7902
   10039      38.6053
   10040      38.7711
   10041      38.3336
   10042      38.6213
   10043      38.4879
   10044      38.7970
   10045      38.5312
   10046      38.9669
   10047      38.6322
   10048      38.8070
   10049      38.6708
   10050      38.2295
   10051      38.4498
   10052      38.3886
   10053      38.5909
   10054      38.5788
   10055      38.4152
   10056      38.4356
   10057      39.2741
   10058      38.7190
   10059      38.4531
   10060      38.8769
   10061      38.1966
   10062      38.5345
   10063      39.1869
   10064      38.8927
   10065      38.7141
   10066      39.1554
   10067      39.0781
   10068      38.9613
   10069      39.2222
   10070      39.0203
   10071      38.9420
   10072      39.4401
   10073      39.1932
   10074      39.5729
   10075      39.0332
   10076      39.2220
   10077      39.0592
   10078      38.6385
   10079      38.6529
   10080      39.0294
   10081      38.7081
   10082      38.7587
   10083      38.5995
   10084      38.7401
   10085      38.3859
   10086      38.2659
   10087      38.0798
   10088      38.6703
   10089      38.1267
   10090      37.9965
   10091      38.3708
   10092      38.7298
   10093      38.5558
   10094      38.5411
   10095      39.0811
   10096      39.2775
   10097      38.8461
   10098      39.0659
   10099      38.6578
   10100      38.7501
   10101      39.0165
   10102      38.7343
   10103      38.8263
   10104      38.7161
   10105      38.7077
   10106      38.7915
   10107      39.0125
   10108      38.4163
   10109      38.5703
   10110      38.7933
   10111      39.2279
   10112      39.2608
   10113      38.7775
   10114      38.6771
   10115      38.6537
   10116      38.5602
   10117      38.7743
   10118      38.5560
   10119      39.1256
   10120      38.2470
   10121      39.3517
   10122      38.2471
   10123      38.2778
   10124      39.0649
   10125      38.7151
   10126      38.6208
   10127      38.9186
   10128      38.5538
   10129      38.7383
   10130      38.9971
   10131      38.8768
   10132      38.6943
   10133      38.9444
   10134      38.6229
   10135      39.4719
   10136      39.1830
   10137      38.8262
   10138      38.7334
   10139      39.2076
   10140      38.8224
   10141      38.8804
   10142      38.8079
   10143      38.6530
   10144      38.6542
   10145      38.8341
   10146      38.5934
   10147      38.8697
   10148      39.1013
   10149      38.5938
   10150      39.2182
   10151      38.8784
   10152      38.7828
   10153      38.5009
   10154      38.3563
   10155      38.4517
   10156      37.8135
   10157      38.3425
   10158      38.6024
   10159      38.3943
   10160      38.0488
   10161      38.6545
   10162      38.7581
   10163      38.8485
   10164      38.6118
   10165      38.3072
   10166      38.4507
   10167      38.5757
   10168      38.6199
   10169      38.5123
   10170      38.5847
   10171      38.5280
   10172      38.6366
   10173      38.9410
   10174      38.7664
   10175      39.1724
   10176      39.0970
   10177      39.1398
   10178      38.7038
   10179      38.6223
   10180      38.8102
   10181      38.2421
   10182      38.2327
   10183      37.9328
   10184      38.3786
   10185      38.2476
   10186      38.8119
   10187      38.3423
   10188      38.3437
   10189      38.8372
   10190      38.7647
   10191      38.5766
   10192      38.9815
   10193      38.4366
   10194      38.3899
   10195      38.5495
   10196      38.3534
   10197      38.2230
   10198      38.5836
   10199      38.2971
   10200      38.8774
   10201      38.7870
   10202      38.9977
   10203      38.7704
   10204      38.8412
   10205      39.2758
   10206      39.0472
   10207      38.6213
   10208      38.3928
   10209      38.4374
   10210      38.4871
   10211      38.3766
   10212      38.5997
   10213      38.7100
   10214      38.4630
   10215      38.4334
   10216      38.8489
   10217      39.1645
   10218      38.5290
   10219      38.7274
   10220      38.7899
   10221      38.6179
   10222      38.7189
   10223      38.9143
   10224      38.5692
   10225      38.7385
   10226      38.8132
   10227      38.4612
   10228      38.6021
   10229      38.2604
   10230      38.9825
   10231      39.2770
   10232      38.4142
   10233      38.8466
   10234      38.5280
   10235      38.6671
   10236      38.8039
   10237      38.4576
   10238      38.3561
   10239      38.4537
   10240      38.5892
   10241      38.6533
   10242      38.4730
   10243      38.5301
   10244      38.6247
   10245      38.6373
   10246      38.7754
   10247      38.2741
   10248      38.2185
   10249      38.6089
   10250      38.7709
   10251      38.3375
   10252      39.1121
   10253      38.7290
   10254      39.0639
   10255      38.5890
   10256      38.3767
   10257      38.4276
   10258      38.5859
   10259      38.9027
   10260      38.4391
   10261      38.6553
   10262      39.1533
   10263      38.9210
   10264      38.8864
   10265      39.0863
   10266      39.5365
   10267      39.1774
   10268      38.7942
   10269      38.7201
   10270      38.3736
   10271      38.8860
   10272      39.3032
   10273      38.7715
   10274      39.1083
   10275      38.9004
   10276      38.6990
   10277      38.5293
   10278      38.7874
   10279      38.8924
   10280      38.7261
   10281      38.9363
   10282      39.0083
   10283      38.8380
   10284      38.7197
   10285      38.8410
   10286      38.7415
   10287      38.9078
   10288      38.9818
   10289      39.1008
   10290      38.7941
   10291      38.7285
   10292      39.0086
   10293      38.9104
   10294      38.7899
   10295      38.6523
   10296      38.9690
   10297      38.5411
   10298      38.7572
   10299      38.8287
   10300      39.2580
   10301      38.5737
   10302      38.5578
   10303      38.2384
   10304      38.6953
   10305      38.3261
   10306      38.9347
   10307      38.4754
   10308      38.8562
   10309      38.5840
   10310      38.8909
   10311      38.6479
   10312      38.4144
   10313      38.7576
   10314      38.5453
   10315      38.8393
   10316      38.7113
   10317      38.5415
   10318      38.1000
   10319      38.1742
   10320      38.2125
   10321      38.3530
   10322      38.5790
   10323      38.1215
   10324      38.1225
   10325      38.4904
   10326      38.3054
   10327      38.3114
   10328      38.2491
   10329      38.4406
   10330      38.3841
   10331      38.9513
   10332      38.5227
   10333      39.0386
   10334      38.6994
   10335      38.0752
   10336      38.5533
   10337      38.5507
   10338      38.5638
   10339      38.5715
   10340      38.0605
   10341      38.0690
   10342      38.2988
   10343      37.8081
   10344      38.0165
   10345      38.2967
   10346      38.3540
   10347      38.5031
   10348      38.6438
   10349      38.4090
   10350      38.2458
   10351      38.1480
   10352      38.0674
   10353      38.3519
   10354      38.3663
   10355      38.3965
   10356      38.0337
   10357      38.5482
   10358      37.9479
   10359      37.9205
   10360      38.0410
   10361      38.4928
   10362      37.9749
   10363      38.0461
   10364      37.5402
   10365      38.3980
   10366      37.9640
   10367      38.3546
   10368      37.9801
   10369      37.1075
   10370      38.1212
   10371      38.0294
   10372      38.2694
   10373      38.2154
   10374      38.1907
   10375      38.3308
   10376      38.3761
   10377      38.4337
   10378      38.6937
   10379      38.2360
   10380      38.5743
   10381      38.9589
   10382      38.3250
   10383      38.5040
   10384      38.4442
   10385      38.0568
   10386      37.9587
   10387      38.2881
   10388      37.9599
   10389      37.6677
   10390      38.0626
   10391      38.1726
   10392      38.2814
   10393      38.3763
   10394      38.5796
   10395      37.9420
   10396      38.5903
   10397      38.2263
   10398      38.1225
   10399      38.3593
   10400      38.3090
   10401      38.3576
   10402      38.3794
   10403      38.6936
   10404      38.5503
   10405      38.6884
   10406      38.2760
   10407      38.4440
   10408      38.5672
   10409      38.5673
   10410      38.6206
   10411      39.1197
   10412      38.9905
   10413      38.6639
   10414      38.9018
   10415      38.6397
   10416      38.3972
   10417      38.1626
   10418      38.7051
   10419      38.9051
   10420      38.4979
   10421      38.3433
   10422      38.4800
   10423      38.3834
   10424      38.5446
   10425      38.4848
   10426      37.8122
   10427      38.5521
   10428      38.6078
   10429      38.4511
   10430      38.7055
   10431      38.3635
   10432      38.2722
   10433      38.5077
   10434      38.2705
   10435      38.5263
   10436      38.4879
   10437      38.5220
   10438      38.7107
   10439      38.6979
   10440      38.1283
   10441      38.1497
   10442      38.2372
   10443      38.5513
   10444      38.3094
   10445      38.2377
   10446      38.3920
   10447      38.4031
   10448      38.0230
   10449      38.0644
   10450      38.3445
   10451      38.0209
   10452      37.7505
   10453      38.1356
   10454      38.3345
   10455      38.5006
   10456      38.8908
   10457      37.7842
   10458      38.0573
   10459      38.0759
   10460      37.6995
   10461      37.9517
   10462      38.5781
   10463      38.4544
   10464      38.1523
   10465      38.2800
   10466      38.8444
   10467      38.7867
   10468      38.6561
   10469      38.5545
   10470      38.8931
   10471      39.2417
   10472      38.7440
   10473      39.3848
   10474      38.8882
   10475      39.0591
   10476      38.7089
   10477      38.4623
   10478      38.7773
   10479      38.4373
   10480      38.5054
   10481      38.8629
   10482      38.4721
   10483      38.6447
   10484      38.7910
   10485      39.0638
   10486      39.0645
   10487      39.1707
   10488      39.2783
   10489      38.6168
   10490      39.1571
   10491      38.7536
   10492      38.6234
   10493      38.7477
   10494      38.4077
   10495      37.8947
   10496      38.2720
   10497      38.5597
   10498      38.3986
   10499      38.8180
   10500      38.6561
   10501      38.5975
   10502      38.4999
   10503      38.5812
   10504      38.5233
   10505      38.8672
   10506      38.4789
   10507      38.4384
   10508      38.5318
   10509      38.9252
   10510      38.6959
   10511      38.6367
   10512      38.9136
   10513      38.6211
   10514      38.9504
   10515      39.0085
   10516      39.1080
   10517      39.2254
   10518      39.3635
   10519      38.6925
   10520      39.5590
   10521      38.7405
   10522      38.9298
   10523      38.8124
   10524      38.6521
   10525      38.7336
   10526      38.6784
   10527      38.2669
   10528      38.2604
   10529      39.0445
   10530      38.4950
   10531      38.3450
   10532      38.5884
   10533      38.4273
   10534      38.5794
   10535      38.7050
   10536      38.5985
   10537      38.5311
   10538      37.9185
   10539      38.2742
   10540      37.8205
   10541      38.5624
   10542      38.2235
   10543      38.3780
   10544      38.8203
   10545      38.4794
   10546      39.0111
   10547      39.0171
   10548      38.4670
   10549      38.8435
   10550      39.1049
   10551      38.8735
   10552      38.8770
   10553      38.8554
   10554      38.6906
   10555      38.9019
   10556      38.8638
   10557      39.0810
   10558      38.6877
   10559      39.0481
   10560      38.9669
   10561      38.9440
   10562      38.9854
   10563      38.9646
   10564      39.2100
   10565      38.9314
   10566      38.8283
   10567      38.8170
   10568      38.3002
   10569      38.6904
   10570      38.7284
   10571      38.3483
   10572      38.4328
   10573      38.8402
   10574      38.6927
   10575      38.5973
   10576      39.0832
   10577      39.1814
   10578      39.1916
   10579      38.8807
   10580      38.6131
   10581      39.0690
   10582      38.6352
   10583      38.8228
   10584      38.6364
   10585      38.4502
   10586      38.9070
   10587      38.8454
   10588      38.8397
   10589      38.7110
   10590      38.8843
   10591      39.3421
   10592      38.3052
   10593      38.8843
   10594      38.8789
   10595      38.8314
   10596      38.8874
   10597      39.2202
   10598      38.9818
   10599      38.6342
   10600      38.8210
   10601      38.2085
   10602      39.2299
   10603      38.8223
   10604      39.2308
   10605      39.3565
   10606      38.8854
   10607      39.1862
   10608      39.1782
   10609      39.1819
   10610      38.8808
   10611      38.7494
   10612      38.8450
   10613      38.5694
   10614      38.7862
   10615      38.8472
   10616      38.6359
   10617      39.0096
   10618      38.8836
   10619      39.0910
   10620      38.9729
   10621      38.6452
   10622      38.6718
   10623      39.1700
   10624      38.5877
   10625      38.5780
   10626      38.9963
   10627      39.0637
   10628      39.0310
   10629      39.1609
   10630      39.4506
   10631      39.0650
   10632      39.1621
   10633      39.2790
   10634      38.5150
   10635      38.7580
   10636      38.3867
   10637      38.3866
   10638      38.3221
   10639      38.4994
   10640      38.4851
   10641      38.1905
   10642      38.9965
   10643      39.0693
   10644      38.7701
   10645      38.9165
   10646      38.5627
   10647      38.7863
   10648      39.2296
   10649      38.7220
   10650      38.3088
   10651      38.5217
   10652      38.8788
   10653      38.8745
   10654      39.0702
   10655      39.4371
   10656      39.1862
   10657      39.4660
   10658      39.5791
   10659      38.6293
   10660      38.9940
   10661      39.0323
   10662      38.6047
   10663      39.1638
   10664      39.2317
   10665      38.9632
   10666      38.8991
   10667      39.2770
   10668      38.8715
   10669      38.4660
   10670      39.0224
   10671      38.6920
   10672      38.6782
   10673      38.4461
   10674      38.3771
   10675      38.9636
   10676      38.8631
   10677      38.9108
   10678      38.5623
   10679      38.5088
   10680      39.1771
   10681      38.6590
   10682      38.7672
   10683      38.6338
   10684      38.9636
   10685      39.1434
   10686      38.6075
   10687      38.9138
   10688      38.6471
   10689      39.0963
   10690      39.1406
   10691      39.2773
   10692      38.9733
   10693      39.0069
   10694      39.1207
   10695      38.6882
   10696      39.0180
   10697      38.6749
   10698      38.3710
   10699      38.3898
   10700      39.0723
   10701      38.4051
   10702      38.9985
   10703      38.6142
   10704      38.7397
   10705      39.0948
   10706      39.3437
   10707      38.8559
   10708      38.3971
   10709      38.4271
   10710      38.4206
   10711      38.4431
   10712      38.0122
   10713      37.9195
   10714      37.8519
   10715      38.7661
   10716      38.5829
   10717      38.7457
   10718      39.1591
   10719      39.1245
   10720      38.9541
   10721      38.9347
   10722      39.4253
   10723      39.3936
   10724      39.2016
   10725      39.1493
   10726      38.9447
   10727      38.8693
   10728      38.6694
   10729      39.0593
   10730      38.9744
   10731      39.1729
   10732      38.7722
   10733      39.0396
   10734      38.8627
   10735      38.7777
   10736      38.9357
   10737      38.3562
   10738      38.8147
   10739      38.7482
   10740      38.2301
   10741      38.5103
   10742      38.7887
   10743      38.4944
   10744      38.8653
   10745      38.3529
   10746      39.0892
   10747      39.3599
   10748      38.9627
   10749      38.9037
   10750      39.0254
   10751      38.4347
   10752      39.2909
   10753      39.0840
   10754      38.8266
   10755      38.4573
   10756      38.5359
   10757      38.7137
   10758      39.1373
   10759      39.1852
   10760      38.6856
   10761      38.4146
   10762      38.4082
   10763      38.7251
   10764      38.9991
   10765      38.4525
   10766      38.9180
   10767      38.7169
   10768      38.8839
   10769      38.6128
   10770      39.0858
   10771      39.0262
   10772      38.8288
   10773      38.7043
   10774      38.8561
   10775      38.3460
   10776      38.9365
   10777      38.4588
   10778      38.5259
   10779      38.6271
   10780      38.3684
   10781      38.2102
   10782      38.7671
   10783      38.9596
   10784      39.2797
   10785      39.1220
   10786      38.6389
   10787      38.5884
   10788      38.6456
   10789      38.9798
   10790      38.6281
   10791      38.4711
   10792      38.6998
   10793      39.4260
   10794      38.7862
   10795      38.5267
   10796      38.3236
   10797      39.0365
   10798      38.4558
   10799      38.8324
   10800      38.7426
   10801      38.6978
   10802      38.3711
   10803      38.8665
   10804      38.8587
   10805      39.0266
   10806      39.1433
   10807      38.9729
   10808      38.7816
   10809      38.7641
   10810      39.0237
   10811      39.0987
   10812      38.7678
   10813      38.9255
   10814      38.8194
   10815      38.6636
   10816      39.1294
   10817      39.2194
   10818      38.9757
   10819      38.9859
   10820      38.6637
   10821      39.0274
   10822      39.0712
   10823      39.0894
   10824      38.8932
   10825      39.5439
   10826      38.4572
   10827      38.2590
   10828      38.9564
   10829      38.8026
   10830      39.0653
   10831      39.0567
   10832      38.5464
   10833      38.9990
   10834      38.6889
   10835      39.1742
   10836      38.5914
   10837      38.9954
   10838      39.3672
   10839      38.5634
   10840      38.7047
   10841      38.4930
   10842      38.3685
   10843      39.0285
   10844      38.7595
   10845      39.0356
   10846      38.8406
   10847      39.3269
   10848      38.8032
   10849      38.6663
   10850      38.7174
   10851      38.5768
   10852      38.5817
   10853      38.4405
   10854      37.8353
   10855      38.9315
   10856      38.8998
   10857      39.2542
   10858      39.1631
   10859      38.6753
   10860      38.6058
   10861      39.0747
   10862      38.8908
   10863      38.9904
   10864      39.3141
   10865      39.0373
   10866      38.8752
   10867      39.3230
   10868      39.0884
   10869      38.9240
   10870      38.9490
   10871      39.3177
   10872      38.8498
   10873      39.1233
   10874      38.7879
   10875      39.0497
   10876      39.1436
   10877      38.9383
   10878      38.5978
   10879      39.0575
   10880      39.0919
   10881      38.8722
   10882      39.2648
   10883      38.8537
   10884      38.6713
   10885      38.9911
   10886      39.0558
   10887      38.8220
   10888      39.3760
   10889      38.8737
   10890      39.2089
   10891      39.2774
   10892      38.7272
   10893      38.3281
   10894      38.7106
   10895      38.4867
   10896      38.6233
   10897      39.0982
   10898      38.7399
   10899      38.9573
   10900      38.9489
   10901      38.8284
   10902      39.1295
   10903      38.8302
   10904      38.9885
   10905      38.6165
   10906      38.7740
   10907      38.8278
   10908      38.5761
   10909      38.9143
   10910      38.8232
   10911      39.0015
   10912      38.8087
   10913      38.5227
   10914      38.8920
   10915      38.6259
   10916      38.6313
   10917      38.5754
   10918      38.0950
   10919      39.0190
   10920      39.0475
   10921      38.8535
   10922      38.4167
   10923      38.8215
   10924      38.9168
   10925      38.8034
   10926      38.9018
   10927      38.6523
   10928      39.0972
   10929      38.7064
   10930      38.7343
   10931      38.5865
   10932      38.0932
   10933      38.3450
   10934      38.5617
   10935      38.5673
   10936      38.2169
   10937      38.3212
   10938      38.9157
   10939      38.3975
   10940      38.2786
   10941      38.4957
   10942      38.8410
   10943      38.8751
   10944      38.7693
   10945      38.9843
   10946      38.8564
   10947      38.2656
   10948      38.5227
   10949      38.9209
   10950      38.1635
   10951      38.4659
   10952      38.6553
   10953      38.5592
   10954      38.8432
   10955      38.6459
   10956      38.5013
   10957      38.5457
   10958      38.7011
   10959      38.5440
   10960      38.7436
   10961      38.4218
   10962      38.8331
   10963      38.6184
   10964      38.2913
   10965      39.0435
   10966      38.8013
   10967      38.8830
   10968      38.6584
   10969      38.0589
   10970      38.4947
   10971      38.3575
   10972      38.6930
   10973      39.0163
   10974      38.7644
   10975      38.9266
   10976      38.6932
   10977      38.8988
   10978      38.4638
   10979      38.2674
   10980      38.2913
   10981      37.9979
   10982      38.3470
   10983      38.1473
   10984      38.5057
   10985      38.2451
   10986      38.5242
   10987      38.9077
   10988      38.3594
   10989      38.6344
   10990      38.6595
   10991      38.5488
   10992      38.9642
   10993      38.1209
   10994      38.4416
   10995      38.4789
   10996      38.9170
   10997      38.3937
   10998      38.2223
   10999      38.3871
   11000      38.0072
   11001      38.4213
   11002      38.5751
   11003      38.3206
   11004      38.6549
   11005      38.9186
   11006      38.5861
   11007      38.4545
   11008      38.5666
   11009      38.8463
   11010      38.6808
   11011      38.6262
   11012      38.6869
   11013      38.6843
   11014      39.2156
   11015      38.9281
   11016      38.4236
   11017      38.3071
   11018      38.2308
   11019      38.2172
   11020      38.6704
   11021      38.3184
   11022      38.8642
   11023      38.6866
   11024      38.5968
   11025      38.5495
   11026      38.2833
   11027      38.6901
   11028      38.9592
   11029      38.4650
   11030      38.3248
   11031      38.0733
   11032      38.1793
   11033      38.3642
   11034      38.3824
   11035      38.9541
   11036      38.7531
   11037      38.7260
   11038      38.6255
   11039      38.4999
   11040      38.2168
   11041      38.7697
   11042      38.8104
   11043      38.5636
   11044      38.5104
   11045      38.3009
   11046      38.4292
   11047      38.7579
   11048      38.9465
   11049      38.8288
   11050      38.4393
   11051      39.0374
   11052      39.0112
   11053      38.7445
   11054      38.6111
   11055      38.4508
   11056      38.4899
   11057      38.2094
   11058      38.5778
   11059      38.3846
   11060      38.6629
   11061      38.6454
   11062      38.3071
   11063      38.2227
   11064      38.4703
   11065      38.1216
   11066      38.4558
   11067      38.4475
   11068      38.9548
   11069      38.8846
   11070      38.8332
   11071      38.9309
   11072      38.8135
   11073      38.5099
   11074      38.4168
   11075      38.5950
   11076      38.8408
   11077      38.3018
   11078      38.2996
   11079      38.0184
   11080      38.3218
   11081      38.7867
   11082      38.5912
   11083      38.9713
   11084      38.4714
   11085      38.5341
   11086      39.4518
   11087      38.8145
   11088      38.2604
   11089      39.1090
   11090      38.9560
   11091      38.5019
   11092      38.7613
   11093      38.7100
   11094      38.6819
   11095      38.6655
   11096      38.8871
   11097      38.9053
   11098      38.9841
   11099      38.5224
   11100      38.8100
   11101      38.7398
   11102      38.3346
   11103      38.2460
   11104      38.5617
   11105      38.1497
   11106      38.6122
   11107      38.5413
   11108      38.7097
   11109      38.6744
   11110      38.8176
   11111      38.8351
   11112      38.5155
   11113      38.6981
   11114      38.7487
   11115      38.7641
   11116      39.1404
   11117      38.8527
   11118      38.3949
   11119      38.3854
   11120      38.7479
   11121      38.0711
   11122      38.4180
   11123      38.3332
   11124      38.6328
   11125      38.7569
   11126      38.4053
   11127      38.6872
   11128      38.5381
   11129      38.3172
   11130      38.3419
   11131      38.5532
   11132      38.7793
   11133      38.1284
   11134      38.2569
   11135      38.3155
   11136      38.5836
   11137      38.2782
   11138      38.5546
   11139      38.8720
   11140      38.7388
   11141      37.7719
   11142      37.7345
   11143      38.0061
   11144      38.2505
   11145      38.7905
   11146      39.0252
   11147      38.7799
   11148      38.6389
   11149      38.6250
   11150      38.9591
   11151      39.0282
   11152      38.7282
   11153      38.6509
   11154      38.6035
   11155      38.4763
   11156      38.5752
   11157      38.6080
   11158      39.0151
   11159      38.4518
   11160      38.9190
   11161      38.5274
   11162      38.3438
   11163      38.3128
   11164      38.6123
   11165      38.7304
   11166      38.2620
   11167      38.2201
   11168      38.8112
   11169      38.8176
   11170      38.8017
   11171      38.6184
   11172      39.0261
   11173      38.6568
   11174      38.4850
   11175      38.5228
   11176      38.8441
   11177      38.9566
   11178      38.5938
   11179      38.4691
   11180      38.1145
   11181      38.7697
   11182      38.8687
   11183      38.7169
   11184      38.7673
   11185      38.8911
   11186      39.4427
   11187      38.9998
   11188      38.9968
   11189      38.9528
   11190      39.0763
   11191      38.4175
   11192      39.3034
   11193      38.6697
   11194      38.9963
   11195      38.4717
   11196      38.7526
   11197      38.8854
   11198      38.8910
   11199      38.8088
   11200      39.1466
   11201      39.6297
   11202      38.9335
   11203      39.2032
   11204      38.9148
   11205      38.5917
   11206      38.4673
   11207      38.6531
   11208      39.0789
   11209      38.9311
   11210      39.2754
   11211      39.0187
   11212      38.7725
   11213      38.3850
   11214      38.7792
   11215      39.5090
   11216      39.3977
   11217      38.7984
   11218      38.8279
   11219      38.9186
   11220      38.8752
   11221      39.1833
   11222      39.0795
   11223      38.8341
   11224      38.7040
   11225      38.7682
   11226      39.1451
   11227      39.2174
   11228      39.2361
   11229      38.9192
   11230      38.6714
   11231      38.8371
   11232      38.5919
   11233      38.8114
   11234      38.8838
   11235      39.0532
   11236      38.4760
   11237      38.3114
   11238      39.1189
   11239      38.5014
   11240      39.0628
   11241      38.2699
   11242      38.3715
   11243      38.7005
   11244      38.9212
   11245      38.7359
   11246      38.5802
   11247      38.6356
   11248      39.1505
   11249      39.2990
   11250      38.9635
   11251      39.0901
   11252      38.8463
   11253      39.1138
   11254      39.2441
   11255      39.2657
   11256      39.0275
   11257      38.9381
   11258      38.9202
   11259      38.9705
   11260      39.1395
   11261      38.9492
   11262      38.9423
   11263      39.3512
   11264      38.8448
   11265      38.7747
   11266      38.7890
   11267      39.1670
   11268      38.5615
   11269      38.8382
   11270      38.7558
   11271      39.2063
   11272      39.0009
   11273      38.8471
   11274      38.6513
   11275      38.7451
   11276      38.3879
   11277      38.9735
   11278      39.0070
   11279      38.5441
   11280      39.1560
   11281      39.2805
   11282      38.8698
   11283      38.8752
   11284      38.9305
   11285      38.7847
   11286      39.1608
   11287      39.5908
   11288      39.1039
   11289      39.0311
   11290      38.7599
   11291      39.3633
   11292      39.3151
   11293      39.1923
   11294      38.7642
   11295      38.8561
   11296      39.1335
   11297      39.0004
   11298      39.3119
   11299      39.1268
   11300      39.2537
   11301      39.0971
   11302      39.4496
   11303      39.0727
   11304      39.2524
   11305      38.9849
   11306      39.2866
   11307      39.0465
   11308      38.8444
   11309      39.1792
   11310      39.1373
   11311      39.4647
   11312      39.1222
   11313      38.7508
   11314      39.0540
   11315      38.4511
   11316      38.6562
   11317      38.6325
   11318      38.5339
   11319      38.3539
   11320      38.3187
   11321      38.6328
   11322      38.5221
   11323      38.8006
   11324      38.5133
   11325      38.5523
   11326      38.5606
   11327      38.1700
   11328      38.7870
   11329      38.8041
   11330      38.4001
   11331      38.6291
   11332      38.5035
   11333      38.4306
   11334      38.3484
   11335      38.4589
   11336      38.7582
   11337      38.5933
   11338      38.5386
   11339      38.5952
   11340      38.7547
   11341      38.6007
   11342      38.6840
   11343      38.5888
   11344      38.7677
   11345      38.9178
   11346      38.5831
   11347      38.7392
   11348      38.8722
   11349      39.1842
   11350      38.5641
   11351      38.8643
   11352      38.4091
   11353      38.6869
   11354      39.1348
   11355      38.7734
   11356      38.8402
   11357      39.2474
   11358      39.0065
   11359      38.5452
   11360      38.9353
   11361      38.9596
   11362      39.1073
   11363      38.3950
   11364      38.2227
   11365      38.5331
   11366      38.6420
   11367      38.7123
   11368      38.9934
   11369      39.0343
   11370      38.9912
   11371      39.2360
   11372      38.8204
   11373      38.9519
   11374      38.8374
   11375      38.9840
   11376      38.8492
   11377      38.2901
   11378      38.1619
   11379      38.6429
   11380      38.6044
   11381      38.5193
   11382      38.6245
   11383      38.9181
   11384      38.3138
   11385      38.9698
   11386      39.4095
   11387      39.0568
   11388      38.8405
   11389      38.7898
   11390      39.3339
   11391      39.3104
   11392      39.4912
   11393      38.8195
   11394      39.6632
   11395      39.2174
   11396      38.7094
   11397      38.3338
   11398      38.6686
   11399      38.5849
   11400      38.5831
   11401      38.6433
   11402      38.5334
   11403      38.7076
   11404      38.5702
   11405      39.0598
   11406      38.4975
   11407      38.4755
   11408      38.8703
   11409      38.8295
   11410      38.7762
   11411      38.6804
   11412      38.5637
   11413      39.1641
   11414      39.1751
   11415      39.1063
   11416      38.5991
   11417      38.9326
   11418      38.1277
   11419      38.5846
   11420      38.6821
   11421      38.9151
   11422      38.5119
   11423      38.4209
   11424      38.8455
   11425      39.0199
   11426      38.9724
   11427      39.1855
   11428      38.7281
   11429      39.0590
   11430      38.7531
   11431      38.8180
   11432      38.8671
   11433      39.0539
   11434      38.9429
   11435      38.9678
   11436      38.8103
   11437      39.2826
   11438      39.1684
   11439      38.7949
   11440      38.5955
   11441      38.4685
   11442      38.8075
   11443      38.8887
   11444      39.0406
   11445      39.2588
   11446      38.8355
   11447      38.6030
   11448      38.7514
   11449      38.8553
   11450      38.3249
   11451      38.5574
   11452      39.2098
   11453      38.5347
   11454      38.8919
   11455      38.6015
   11456      38.3798
   11457      38.9366
   11458      39.1592
   11459      38.8194
   11460      39.0023
   11461      38.2712
   11462      38.3051
   11463      38.1373
   11464      38.0211
   11465      38.0154
   11466      38.2367
   11467      38.8509
   11468      38.3979
   11469      38.6530
   11470      38.7541
   11471      38.5236
   11472      38.2648
   11473      38.2010
   11474      38.2982
   11475      38.5517
   11476      38.7958
   11477      38.5092
   11478      38.6532
   11479      38.6692
   11480      38.2189
   11481      38.4585
   11482      38.1478
   11483      38.5161
   11484      38.8928
   11485      38.7095
   11486      39.0194
   11487      38.7317
   11488      38.8698
   11489      38.8768
   11490      38.4719
   11491      38.5414
   11492      38.7488
   11493      38.5265
   11494      38.2971
   11495      38.9644
   11496      39.1878
   11497      39.0251
   11498      38.9846
   11499      39.4035
   11500      38.5567
   11501      38.6077
   11502      38.6929
   11503      38.8390
   11504      38.4861
   11505      38.5946
   11506      39.1422
   11507      39.2249
   11508      39.0372
   11509      38.9807
   11510      38.5074
   11511      39.0553
   11512      38.6447
   11513      38.4605
   11514      38.8893
   11515      38.5864
   11516      38.6240
   11517      38.7352
   11518      38.7097
   11519      38.6025
   11520      38.9777
   11521      39.0333
   11522      39.3544
   11523      39.2188
   11524      39.5090
   11525      38.8943
   11526      39.1759
   11527      38.9257
   11528      39.1486
   11529      38.9826
   11530      38.7710
   11531      38.6634
   11532      38.6891
   11533      38.7943
   11534      39.0361
   11535      38.9582
   11536      38.8107
   11537      38.7160
   11538      38.3364
   11539      38.8536
   11540      38.9866
   11541      38.7295
   11542      38.5870
   11543      38.4421
   11544      38.8486
   11545      38.8206
   11546      39.1865
   11547      38.8340
   11548      38.6384
   11549      38.9460
   11550      38.6356
   11551      38.9731
   11552      38.2922
   11553      38.3723
   11554      38.3270
   11555      38.5333
   11556      38.6074
   11557      39.0137
   11558      38.8189
   11559      39.2358
   11560      38.7184
   11561      38.9729
   11562      39.3755
   11563      39.2383
   11564      38.9442
   11565      38.5803
   11566      38.6505
   11567      38.6926
   11568      38.9590
   11569      38.2256
   11570      38.3127
   11571      38.8096
   11572      38.6274
   11573      38.8220
   11574      38.8520
   11575      38.5984
   11576      38.7029
   11577      39.0532
   11578      38.9165
   11579      38.6180
   11580      38.4793
   11581      38.7818
   11582      38.8904
   11583      39.1642
   11584      38.5888
   11585      38.7362
   11586      38.7355
   11587      39.0276
   11588      38.5575
   11589      38.8416
   11590      38.5778
   11591      38.5465
   11592      39.2113
   11593      38.8459
   11594      39.0418
   11595      38.6369
   11596      38.7427
   11597      38.4676
   11598      38.9095
   11599      38.6982
   11600      38.7611
   11601      38.6524
   11602      39.2063
   11603      39.0868
   11604      38.8100
   11605      38.9447
   11606      38.9101
   11607      38.6178
   11608      38.8220
   11609      38.9101
   11610      38.8582
   11611      38.9567
   11612      38.6898
   11613      38.5720
   11614      38.5385
   11615      39.0840
   11616      38.9529
   11617      38.6563
   11618      38.7240
   11619      38.8937
   11620      38.5490
   11621      38.6755
   11622      39.0195
   11623      38.5742
   11624      38.9097
   11625      39.1211
   11626      38.5121
   11627      38.5991
   11628      38.7067
   11629      38.7893
   11630      38.8290
   11631      38.7417
   11632      38.8161
   11633      38.6072
   11634      38.1733
   11635      38.3274
   11636      37.9454
   11637      38.6409
   11638      38.0818
   11639      38.2071
   11640      38.4606
   11641      38.3688
   11642      38.5530
   11643      38.2739
   11644      38.4648
   11645      38.5282
   11646      38.1404
   11647      37.7314
   11648      38.0383
   11649      37.9872
   11650      38.3985
   11651      37.9475
   11652      39.0467
   11653      38.9753
   11654      38.9557
   11655      38.9823
   11656      38.8441
   11657      38.3905
   11658      38.3073
   11659      38.6790
   11660      38.2450
   11661      38.1352
   11662      38.2199
   11663      38.3212
   11664      38.5261
   11665      38.3203
   11666      38.5399
   11667      38.2352
   11668      38.1660
   11669      38.1176
   11670      38.6494
   11671      38.3564
   11672      38.1248
   11673      38.5360
   11674      38.4963
   11675      38.4240
   11676      38.5339
   11677      38.4035
   11678      38.3181
   11679      38.1648
   11680      38.4528
   11681      38.6413
   11682      38.7432
   11683      38.3305
   11684      38.3924
   11685      38.5352
   11686      38.6338
   11687      38.4312
   11688      38.4903
   11689      38.4283
   11690      38.1385
   11691      38.1902
   11692      38.2834
   11693      38.1030
   11694      38.3148
   11695      38.4608
   11696      38.0533
   11697      38.2106
   11698      38.5153
   11699      38.4774
   11700      38.4134
   11701      38.6076
   11702      38.4596
   11703      38.1424
   11704      38.5728
   11705      38.2336
   11706      37.9257
   11707      38.0335
   11708      38.4284
   11709      37.9567
   11710      38.6604
   11711      38.5626
   11712      38.5600
   11713      38.4821
   11714      38.5783
   11715      38.2919
   11716      38.4528
   11717      38.6926
   11718      38.7767
   11719      38.9103
   11720      38.7101
   11721      38.6695
   11722      38.6421
   11723      38.3283
   11724      38.2629
   11725      38.6691
   11726      38.6207
   11727      38.8188
   11728      38.2473
   11729      38.5224
   11730      38.2156
   11731      38.5943
   11732      38.5260
   11733      37.8322
   11734      38.0219
   11735      38.3264
   11736      38.8127
   11737      38.6776
   11738      38.6853
   11739      38.5842
   11740      38.2463
   11741      38.5767
   11742      38.6922
   11743      38.6440
   11744      38.6218
   11745      38.6617
   11746      38.1584
   11747      38.3180
   11748      38.2720
   11749      38.5193
   11750      38.6235
   11751      39.0512
   11752      38.1437
   11753      38.6338
   11754      38.4685
   11755      38.8777
   11756      38.9727
   11757      38.5063
   11758      39.0562
   11759      38.3865
   11760      38.5218
   11761      38.2058
   11762      38.3272
   11763      38.4855
   11764      37.9242
   11765      38.5151
   11766      38.3580
   11767      38.2742
   11768      38.3629
   11769      38.2979
   11770      38.4108
   11771      38.3576
   11772      38.5127
   11773      38.4260
   11774      38.1890
   11775      38.2699
   11776      38.3017
   11777      38.5723
   11778      38.2371
   11779      38.3085
   11780      38.4430
   11781      38.3223
   11782      38.1834
   11783      38.2646
   11784      38.1677
   11785      38.4546
   11786      38.6222
   11787      38.3005
   11788      37.9915
   11789      38.3005
   11790      38.3750
   11791      38.7337
   11792      38.4528
   11793      38.8449
   11794      38.3938
   11795      38.6041
   11796      38.6311
   11797      38.6092
   11798      38.1645
   11799      38.3359
   11800      38.5149
   11801      38.8394
   11802      38.1350
   11803      38.4809
   11804      38.4023
   11805      38.1731
   11806      38.2712
   11807      39.0956
   11808      38.1852
   11809      38.3076
   11810      37.9225
   11811      38.1953
   11812      38.2242
   11813      38.3469
   11814      38.3919
   11815      38.5453
   11816      38.6367
   11817      38.0459
   11818      38.4461
   11819      38.8048
   11820      39.0655
   11821      38.2943
   11822      38.8148
   11823      38.4173
   11824      38.5018
   11825      38.5631
   11826      38.2393
   11827      38.3566
   11828      38.3667
   11829      38.5556
   11830      38.2123
   11831      38.5464
   11832      38.3357
   11833      38.6116
   11834      38.5953
   11835      38.5250
   11836      38.0944
   11837      38.3319
   11838      38.6029
   11839      38.3880
   11840      38.2646
   11841      38.4820
   11842      38.4980
   11843      38.3144
   11844      38.5244
   11845      38.4100
   11846      38.4147
   11847      38.7587
   11848      38.3160
   11849      38.3570
   11850      38.8483
   11851      38.2732
   11852      38.6472
   11853      38.6852
   11854      38.4981
   11855      38.7547
   11856      38.6544
   11857      38.1417
   11858      38.6924
   11859      38.5410
   11860      38.6800
   11861      38.5952
   11862      39.0147
   11863      38.7697
   11864      39.1491
   11865      38.7118
   11866      38.7826
   11867      38.8774
   11868      38.3340
   11869      38.3556
   11870      38.5593
   11871      38.4435
   11872      38.3928
   11873      38.8310
   11874      38.4295
   11875      38.8337
   11876      38.6571
   11877      38.6721
   11878      38.1720
   11879      38.0689
   11880      38.6119
   11881      38.4634
   11882      38.7930
   11883      38.5150
   11884      38.3579
   11885      39.0054
   11886      39.1268
   11887      39.0714
   11888      38.4846
   11889      38.4179
   11890      38.5239
   11891      38.2694
   11892      38.3695
   11893      38.7628
   11894      38.3072
   11895      38.2653
   11896      38.5933
   11897      38.4663
   11898      38.7139
   11899      38.4942
   11900      38.5214
   11901      38.7099
   11902      38.4375
   11903      38.3096
   11904      38.3749
   11905      38.2205
   11906      38.3891
   11907      38.6687
   11908      38.5307
   11909      38.5130
   11910      38.4666
   11911      38.2696
   11912      38.3013
   11913      39.1552
   11914      38.5363
   11915      38.9566
   11916      38.3764
   11917      38.1704
   11918      38.4391
   11919      38.4560
   11920      38.3987
   11921      38.3903
   11922      38.5952
   11923      38.5984
   11924      38.7298
   11925      38.4367
   11926      38.1767
   11927      38.3050
   11928      38.7722
   11929      38.7364
   11930      38.1748
   11931      38.2589
   11932      38.1615
   11933      38.8119
   11934      38.4915
   11935      38.4997
   11936      38.5437
   11937      38.6969
   11938      38.8678
   11939      38.5301
   11940      38.4433
   11941      38.6409
   11942      38.4707
   11943      38.1916
   11944      38.1463
   11945      38.3146
   11946      37.9521
   11947      38.4105
   11948      38.2788
   11949      38.3847
   11950      38.5226
   11951      38.6961
   11952      38.6135
   11953      38.7615
   11954      38.5553
   11955      38.5726
   11956      38.4114
   11957      38.4058
   11958      38.3625
   11959      38.6001
   11960      38.5029
   11961      38.4892
   11962      38.4995
   11963      38.3612
   11964      38.7520
   11965      38.8788
   11966      39.4139
   11967      38.7326
   11968      38.7280
   11969      39.0276
   11970      38.7556
   11971      38.3938
   11972      38.2758
   11973      38.1841
   11974      38.8584
   11975      38.8148
   11976      38.3797
   11977      38.5770
   11978      38.8330
   11979      38.9183
   11980      38.4383
   11981      38.4585
   11982      38.4636
   11983      37.9220
   11984      38.2378
   11985      38.4388
   11986      38.2794
   11987      38.2601
   11988      38.3121
   11989      38.5956
   11990      38.6895
   11991      38.7439
   11992      38.1453
   11993      38.6950
   11994      38.7333
   11995      39.1271
   11996      38.9278
   11997      38.7485
   11998      38.9917
   11999      39.2561
   12000      39.1239
   12001      38.9537
   12002      39.3321
   12003      39.5928
   12004      39.6415
   12005      39.1269
   12006      39.5729
   12007      39.0084
   12008      39.2276
   12009      39.2499
   12010      38.9756
   12011      38.9374
   12012      38.9786
   12013      38.8979
   12014      38.9642
   12015      38.8255
   12016      38.5415
   12017      38.8691
   12018      39.3214
   12019      39.3820
   12020      39.1307
   12021      38.9335
   12022      38.8666
   12023      38.9133
   12024      38.9869
   12025      39.0224
   12026      38.7808
   12027      38.7121
   12028      38.6468
   12029      38.8602
   12030      38.9316
   12031      38.4471
   12032      38.9285
   12033      38.4972
   12034      39.0467
   12035      38.6759
   12036      38.7130
   12037      38.3999
   12038      38.6266
   12039      38.2544
   12040      38.7665
   12041      38.4007
   12042      39.3049
   12043      38.9935
   12044      38.7849
   12045      39.1344
   12046      38.4280
   12047      39.0125
   12048      38.9588
   12049      38.8409
   12050      39.0567
   12051      38.8147
   12052      38.6841
   12053      39.0553
   12054      38.7829
   12055      38.5453
   12056      38.8376
   12057      38.7820
   12058      39.2897
   12059      38.8488
   12060      38.6188
   12061      38.4394
   12062      38.6834
   12063      38.7769
   12064      38.9016
   12065      38.7938
   12066      39.1709
   12067      38.8395
   12068      39.1333
   12069      39.0749
   12070      39.1626
   12071      39.2094
   12072      38.9146
   12073      38.9077
   12074      38.9836
   12075      38.6300
   12076      38.7645
   12077      39.3146
   12078      39.1895
   12079      39.0500
   12080      38.9521
   12081      38.4837
   12082      38.4804
   12083      38.7793
   12084      38.9480
   12085      38.7073
   12086      38.9437
   12087      38.3782
   12088      38.8868
   12089      38.7163
   12090      38.6706
   12091      38.5221
   12092      38.6869
   12093      38.9024
   12094      39.0352
   12095      38.9555
   12096      38.7780
   12097      38.6983
   12098      38.8031
   12099      38.5596
   12100      38.8130
   12101      38.9025
   12102      38.5921
   12103      38.9609
   12104      38.7357
   12105      39.2746
   12106      38.6998
   12107      38.9298
   12108      38.6907
   12109      38.2471
   12110      38.7060
   12111      38.7081
   12112      38.5620
   12113      38.9179
   12114      38.9923
   12115      38.5510
   12116      38.4243
   12117      38.7240
   12118      38.3537
   12119      38.2576
   12120      38.9824
   12121      38.8483
   12122      38.1173
   12123      38.4861
   12124      38.8690
   12125      38.2184
   12126      38.6946
   12127      38.1079
   12128      38.5789
   12129      38.2287
   12130      38.4308
   12131      38.7951
   12132      38.4101
   12133      38.5243
   12134      38.8472
   12135      38.5405
   12136      38.4064
   12137      38.1479
   12138      38.5678
   12139      38.2108
   12140      38.0313
   12141      38.2338
   12142      38.6064
   12143      38.6242
   12144      38.8662
   12145      38.6381
   12146      38.3777
   12147      38.4997
   12148      38.6991
   12149      39.0097
   12150      38.6353
   12151      38.7460
   12152      38.5796
   12153      38.2748
   12154      38.1843
   12155      38.0654
   12156      39.0170
   12157      38.7514
   12158      38.7983
   12159      39.1109
   12160      38.6558
   12161      38.8975
   12162      38.5651
   12163      38.8632
   12164      38.8645
   12165      38.9428
   12166      38.9762
   12167      39.1059
   12168      38.7746
   12169      38.7383
   12170      38.9740
   12171      38.8788
   12172      39.5589
   12173      39.2694
   12174      39.3226
   12175      39.6802
   12176      39.0358
   12177      38.9260
   12178      39.0634
   12179      38.8939
   12180      39.2487
   12181      39.2269
   12182      39.1577
   12183      38.9209
   12184      39.3760
   12185      38.8569
   12186      39.3750
   12187      39.0576
   12188      38.7648
   12189      39.1125
   12190      39.3598
   12191      38.6906
   12192      38.7025
   12193      38.7611
   12194      38.7422
   12195      39.0944
   12196      38.5284
   12197      39.2378
   12198      39.2702
   12199      38.6310
   12200      38.9786
   12201      39.2815
   12202      39.2478
   12203      38.8069
   12204      39.3340
   12205      39.5318
   12206      39.0722
   12207      39.3726
   12208      39.0973
   12209      38.8583
   12210      38.9879
   12211      39.5071
   12212      39.1212
   12213      38.7395
   12214      38.6659
   12215      39.1641
   12216      38.7262
   12217      39.1168
   12218      38.9091
   12219      38.9887
   12220      38.8321
   12221      38.8687
   12222      38.7880
   12223      38.9922
   12224      38.7144
   12225      38.3390
   12226      38.6858
   12227      39.2063
   12228      39.0542
   12229      39.0806
   12230      38.6172
   12231      38.7048
   12232      38.9549
   12233      39.1904
   12234      38.9191
   12235      39.2377
   12236      39.2468
   12237      38.9518
   12238      38.8166
   12239      39.2025
   12240      39.4845
   12241      39.1685
   12242      39.2166
   12243      39.0190
   12244      38.9717
   12245      38.8334
   12246      38.8114
   12247      38.6992
   12248      39.2474
   12249      39.1329
   12250      38.9431
   12251      38.9301
   12252      38.9732
   12253      39.0002
   12254      38.9489
   12255      39.1929
   12256      38.6779
   12257      39.0784
   12258      38.7248
   12259      38.4259
   12260      39.0381
   12261      38.9133
   12262      38.6740
   12263      39.0337
   12264      39.4291
   12265      39.2799
   12266      38.8526
   12267      38.7996
   12268      38.9079
   12269      38.6687
   12270      38.5865
   12271      38.7148
   12272      38.6142
   12273      38.7755
   12274      38.4686
   12275      38.6679
   12276      38.1245
   12277      38.4522
   12278      38.7756
   12279      38.8640
   12280      38.6493
   12281      38.6855
   12282      38.3117
   12283      38.4648
   12284      38.7133
   12285      38.2684
   12286      38.4220
   12287      38.2457
   12288      38.1833
   12289      38.4000
   12290      38.4786
   12291      38.1638
   12292      38.6973
   12293      38.3857
   12294      38.6541
   12295      38.5838
   12296      38.5047
   12297      38.3369
   12298      38.1633
   12299      38.5066
   12300      38.6769
   12301      38.5386
   12302      38.8285
   12303      39.0647
   12304      38.9251
   12305      38.4983
   12306      38.7212
   12307      38.7348
   12308      38.8059
   12309      39.0137
   12310      38.5708
   12311      38.9207
   12312      38.9081
   12313      39.0956
   12314      38.2502
   12315      38.3214
   12316      38.1516
   12317      38.7234
   12318      38.5329
   12319      38.4483
   12320      39.2559
   12321      38.2070
   12322      38.6736
   12323      38.4690
   12324      38.8768
   12325      38.7857
   12326      38.4120
   12327      38.1834
   12328      38.4549
   12329      38.7167
   12330      38.6463
   12331      38.9878
   12332      39.1060
   12333      39.2898
   12334      38.2243
   12335      38.1720
   12336      38.3944
   12337      38.4012
   12338      38.8205
   12339      38.3774
   12340      38.5721
   12341      38.2345
   12342      38.5159
   12343      38.6743
   12344      38.6850
   12345      38.1132
   12346      38.2597
   12347      38.8513
   12348      38.8352
   12349      39.1170
   12350      39.1746
   12351      38.5132
   12352      38.7385
   12353      39.0339
   12354      39.0255
   12355      39.0396
   12356      38.8316
   12357      38.6831
   12358      38.8615
   12359      39.2067
   12360      38.2423
   12361      38.4441
   12362      38.6673
   12363      38.5896
   12364      38.6511
   12365      38.5379
   12366      38.3672
   12367      38.4479
   12368      38.5351
   12369      38.4297
   12370      38.3521
   12371      38.6161
   12372      38.6529
   12373      38.3791
   12374      38.6806
   12375      38.6159
   12376      38.7857
   12377      38.9377
   12378      38.5870
   12379      38.6618
   12380      38.5765
   12381      38.3931
   12382      38.3253
   12383      38.5014
   12384      38.5864
   12385      38.5637
   12386      38.4472
   12387      37.8311
   12388      38.2925
   12389      38.5725
   12390      38.6254
   12391      38.7448
   12392      38.5681
   12393      38.5362
   12394      38.9460
   12395      38.7076
   12396      38.8910
   12397      39.6565
   12398      38.8444
   12399      38.8186
   12400      39.0133
   12401      38.6577
   12402      38.9487
   12403      39.1097
   12404      38.5748
   12405      38.7683
   12406      39.1022
   12407      39.2407
   12408      39.2354
   12409      39.2326
   12410      38.5145
   12411      39.3050
   12412      39.1534
   12413      39.2825
   12414      38.9902
   12415      38.4617
   12416      38.6803
   12417      39.0311
   12418      38.5325
   12419      38.4714
   12420      39.2083
   12421      39.0130
   12422      38.9158
   12423      38.8474
   12424      39.1415
   12425      38.9650
   12426      39.0966
   12427      38.9985
   12428      38.9906
   12429      39.1381
   12430      39.1648
   12431      38.5611
   12432      38.9144
   12433      38.5644
   12434      38.4171
   12435      38.9612
   12436      39.5296
   12437      39.1495
   12438      38.9633
   12439      38.8721
   12440      38.9015
   12441      39.0821
   12442      38.2736
   12443      38.5366
   12444      38.3894
   12445      38.6776
   12446      38.3202
   12447      38.6927
   12448      39.2494
   12449      38.8580
   12450      38.7126
   12451      38.0176
   12452      38.6251
   12453      38.5852
   12454      38.5464
   12455      38.8492
   12456      38.5554
   12457      38.6462
   12458      38.5392
   12459      38.0437
   12460      39.0164
   12461      38.8455
   12462      38.7122
   12463      39.0029
   12464      38.8146
   12465      38.4953
   12466      38.4409
   12467      38.6712
   12468      38.7558
   12469      38.1069
   12470      38.7243
   12471      38.0621
   12472      38.7507
   12473      38.7009
   12474      38.7056
   12475      38.5891
   12476      38.4845
   12477      38.5935
   12478      38.3112
   12479      38.5112
   12480      38.3350
   12481      38.3216
   12482      38.6560
   12483      37.8721
   12484      38.1690
   12485      38.3869
   12486      38.4486
   12487      38.2159
   12488      38.3076
   12489      38.5394
   12490      38.6617
   12491      38.5723
   12492      38.3673
   12493      38.7981
   12494      38.6981
   12495      38.8902
   12496      38.7630
   12497      38.9549
   12498      38.2374
   12499      38.3002
   12500      38.6507
   12501      38.4280
   12502      38.0402
   12503      38.5933
   12504      38.5523
   12505      38.1323
   12506      38.5556
   12507      38.8502
   12508      38.6659
   12509      38.8650
   12510      38.4725
   12511      38.5779
   12512      39.3773
   12513      38.8776
   12514      38.8886
   12515      39.3337
   12516      38.8496
   12517      39.1554
   12518      38.8413
   12519      38.8788
   12520      38.6072
   12521      38.7133
   12522      38.6730
   12523      39.0241
   12524      38.7646
   12525      38.9284
   12526      39.0069
   12527      39.0441
   12528      38.8500
   12529      38.6555
   12530      38.9504
   12531      38.4541
   12532      38.7338
   12533      38.9067
   12534      39.1890
   12535      39.3774
   12536      39.2831
   12537      39.0453
   12538      38.7224
   12539      38.6773
   12540      38.5520
   12541      38.6072
   12542      38.6235
   12543      39.0938
   12544      38.7768
   12545      38.8675
   12546      38.7589
   12547      39.0501
   12548      38.7581
   12549      38.6617
   12550      39.2885
   12551      39.4767
   12552      38.9169
   12553      39.0807
   12554      38.8962
   12555      38.7179
   12556      38.8894
   12557      38.9643
   12558      38.6230
   12559      38.8963
   12560      38.9599
   12561      39.4241
   12562      38.9254
   12563      38.9530
   12564      38.6562
   12565      39.1116
   12566      38.7825
   12567      38.7656
   12568      38.7583
   12569      38.8043
   12570      38.3167
   12571      39.0222
   12572      38.5731
   12573      39.3141
   12574      39.2479
   12575      38.8000
   12576      39.3284
   12577      39.2172
   12578      38.7394
   12579      38.8840
   12580      38.9377
   12581      38.8382
   12582      38.5149
   12583      39.1879
   12584      38.5816
   12585      39.0978
   12586      39.2293
   12587      38.7533
   12588      38.9875
   12589      39.1158
   12590      38.7190
   12591      38.5364
   12592      38.2423
   12593      38.5058
   12594      38.8042
   12595      38.9590
   12596      38.8600
   12597      38.8876
   12598      38.8305
   12599      38.8913
   12600      38.9990
   12601      39.0600
   12602      39.0128
   12603      38.8694
   12604      38.9393
   12605      39.0733
   12606      39.0119
   12607      39.1683
   12608      39.1394
   12609      39.2096
   12610      39.2029
   12611      39.1228
   12612      39.1655
   12613      39.1974
   12614      38.8005
   12615      38.8149
   12616      38.7788
   12617      38.7104
   12618      38.2217
   12619      38.4749
   12620      38.2693
   12621      38.4653
   12622      38.5514
   12623      38.1424
   12624      39.0963
   12625      38.2646
   12626      38.0239
   12627      38.4078
   12628      38.4825
   12629      38.4462
   12630      38.3424
   12631      38.3499
   12632      38.3543
   12633      38.3352
   12634      38.3893
   12635      38.3612
   12636      38.2997
   12637      38.1275
   12638      38.2616
   12639      38.2827
   12640      38.2669
   12641      38.1131
   12642      38.3983
   12643      38.6130
   12644      38.3228
   12645      38.4512
   12646      38.2681
   12647      38.7469
   12648      38.6038
   12649      38.2788
   12650      38.8389
   12651      39.0125
   12652      39.1215
   12653      39.3442
   12654      39.2301
   12655      39.3048
   12656      39.5526
   12657      40.1366
   12658      40.1525
   12659      40.3887
   12660      40.4134
   12661      40.2588
   12662      40.1681
   12663      40.5616
   12664      40.4466
   12665      40.4696
   12666      40.2720
   12667      40.7865
   12668      39.9202
   12669      40.8056
   12670      40.6169
   12671      40.4735
   12672      40.8084
   12673      40.6760
   12674      40.8465
   12675      39.9434
   12676      39.9586
   12677      39.9146
   12678      40.6976
   12679      40.5935
   12680      39.9763
   12681      40.2999
   12682      39.9050
   12683      39.9043
   12684      40.3416
   12685      40.1229
   12686      40.6426
   12687      40.3483
   12688      39.7221
   12689      40.3435
   12690      40.2766
   12691      40.6612
   12692      41.0776
   12693      40.3853
   12694      40.2695
   12695      40.8717
   12696      40.8057
   12697      40.5564
   12698      40.5677
   12699      40.7249
   12700      40.5442
   12701      40.4865
   12702      40.7576
   12703      41.0138
   12704      40.8401
   12705      40.6573
   12706      40.7089
   12707      41.1467
   12708      41.3224
   12709      40.6192
   12710      41.0907
   12711      40.8389
   12712      40.5542
   12713      40.9365
   12714      40.3344
   12715      40.9780
   12716      40.6190
   12717      40.4556
   12718      40.5866
   12719      40.8179
   12720      40.8379
   12721      40.7669
   12722      40.7510
   12723      41.1553
   12724      41.0167
   12725      40.8730
   12726      41.0661
   12727      40.6727
   12728      40.4910
   12729      40.5815
   12730      40.3727
   12731      40.2120
   12732      40.2546
   12733      40.7849
   12734      40.0823
   12735      40.3187
   12736      40.4560
   12737      40.5369
   12738      40.3069
   12739      40.6114
   12740      40.3367
   12741      40.3319
   12742      40.6631
   12743      40.3275
   12744      40.3054
   12745      40.3003
   12746      40.1898
   12747      40.8369
   12748      40.3077
   12749      40.0540
   12750      40.2134
   12751      39.5419
   12752      39.7872
   12753      39.6125
   12754      39.8962
   12755      38.9733
   12756      39.5577
   12757      39.5153
   12758      39.3242
   12759      39.6815
   12760      39.9345
   12761      39.2297
   12762      40.4738
   12763      39.9718
   12764      39.9048
   12765      39.2940
   12766      39.9338
   12767      39.6053
   12768      40.3989
   12769      40.2280
   12770      40.2622
   12771      40.2497
   12772      39.9881
   12773      39.6174
   12774      40.5360
   12775      40.2314
   12776      40.3903
   12777      39.9606
   12778      39.8946
   12779      40.2380
   12780      39.6247
   12781      40.0613
   12782      39.6381
   12783      39.7226
   12784      40.0007
   12785      40.1191
   12786      39.9895
   12787      39.6382
   12788      40.6163
   12789      39.9960
   12790      40.4249
   12791      39.8468
   12792      40.2095
   12793      40.2705
   12794      39.7774
   12795      40.4165
   12796      40.1570
   12797      39.6108
   12798      39.8414
   12799      40.1765
   12800      40.5296
   12801      39.9089
   12802      40.3165
   12803      40.2347
   12804      40.1315
   12805      40.1010
   12806      40.1213
   12807      39.7543
   12808      40.1510
   12809      40.0315
   12810      40.0461
   12811      39.9489
   12812      40.4673
   12813      40.2140
   12814      40.2751
   12815      40.3731
   12816      39.7287
   12817      40.5292
   12818      40.5504
   12819      40.5227
   12820      40.2843
   12821      39.9335
   12822      39.4345
   12823      39.3687
   12824      39.7256
   12825      39.9130
   12826      39.9597
   12827      40.1723
   12828      39.9903
   12829      39.6890
   12830      39.7740
   12831      39.6269
   12832      39.6401
   12833      40.0793
   12834      40.0636
   12835      40.2873
   12836      40.1311
   12837      40.3843
   12838      40.1529
   12839      39.8598
   12840      40.8823
   12841      40.4143
   12842      40.3470
   12843      40.1252
   12844      39.7851
   12845      39.9524
   12846      40.2432
   12847      39.5080
   12848      40.1449
   12849      40.0036
   12850      40.3526
   12851      40.1549
   12852      40.1399
   12853      39.9565
   12854      40.3394
   12855      40.3083
   12856      40.1690
   12857      40.4720
   12858      40.3223
   12859      40.4084
   12860      40.4589
   12861      40.7332
   12862      40.5364
   12863      40.5252
   12864      39.9756
   12865      39.9484
   12866      39.9067
   12867      40.4081
   12868      40.2502
   12869      39.9004
   12870      40.2257
   12871      40.7242
   12872      40.4658
   12873      40.6669
   12874      40.8917
   12875      40.3900
   12876      40.6021
   12877      40.3139
   12878      40.4655
   12879      40.6636
   12880      40.2215
   12881      40.2305
   12882      39.9371
   12883      40.3539
   12884      40.3576
   12885      40.3417
   12886      40.5278
   12887      40.0769
   12888      40.2429
   12889      39.8496
   12890      40.2974
   12891      40.3548
   12892      40.8244
   12893      40.6998
   12894      40.2712
   12895      40.4045
   12896      40.6198
   12897      40.7159
   12898      40.2339
   12899      40.1064
   12900      40.2276
   12901      40.1285
   12902      40.0955
   12903      40.7382
   12904      40.4650
   12905      40.3020
   12906      40.6370
   12907      40.4055
   12908      40.2225
   12909      40.3191
   12910      40.4934
   12911      40.5048
   12912      40.5339
   12913      40.0417
   12914      40.3905
   12915      39.9426
   12916      39.7061
   12917      40.0676
   12918      40.1436
   12919      40.2916
   12920      39.8752
   12921      40.1033
   12922      39.9717
   12923      39.5930
   12924      40.2882
   12925      40.3653
   12926      39.7376
   12927      39.1013
   12928      39.7445
   12929      39.7205
   12930      39.6484
   12931      39.8342
   12932      39.7276
   12933      40.1560
   12934      40.2800
   12935      39.7193
   12936      39.5054
   12937      40.1501
   12938      39.6139
   12939      39.9137
   12940      39.9046
   12941      39.6625
   12942      40.3952
   12943      39.9477
   12944      40.1456
   12945      39.4542
   12946      39.8811
   12947      39.8415
   12948      39.3249
   12949      39.8537
   12950      39.4598
   12951      38.9698
   12952      38.5928
   12953      38.8785
   12954      38.7939
   12955      38.4763
   12956      38.8121
   12957      39.2208
   12958      39.8674
   12959      39.5448
   12960      38.3683
   12961      39.1421
   12962      39.2547
   12963      39.1199
   12964      39.3515
   12965      40.1874
   12966      39.9360
   12967      39.9085
   12968      39.7015
   12969      40.3799
   12970      39.9958
   12971      39.9553
   12972      39.4537
   12973      39.7164
   12974      39.9101
   12975      39.6692
   12976      40.0030
   12977      39.8295
   12978      39.7213
   12979      39.9546
   12980      40.0968
   12981      40.5420
   12982      40.8345
   12983      40.0522
   12984      40.4284
   12985      40.4920
   12986      40.1291
   12987      40.3772
   12988      40.2048
   12989      39.8587
   12990      39.7153
   12991      39.7149
   12992      40.1214
   12993      40.5400
   12994      40.2164
   12995      39.9648
   12996      40.3987
   12997      40.2019
   12998      40.2901
   12999      39.7318
   13000      39.7380
   13001      40.1418
   13002      40.6315
   13003      39.7820
   13004      40.0910
   13005      40.0785
   13006      40.0928
   13007      40.1652
   13008      40.0804
   13009      40.3664
   13010      39.7366
   13011      39.9598
   13012      39.0522
   13013      39.4552
   13014      39.6195
   13015      39.5599
   13016      39.3245
   13017      40.0024
   13018      39.7206
   13019      39.3966
   13020      39.2867
   13021      39.6818
   13022      40.0144
   13023      39.7074
   13024      39.6722
   13025      39.5924
   13026      39.7812
   13027      40.0646
   13028      39.8930
   13029      39.6751
   13030      39.9441
   13031      40.3458
   13032      40.4411
   13033      40.7700
   13034      40.4264
   13035      40.0548
   13036      40.4382
   13037      40.0013
   13038      40.3273
   13039      40.2804
   13040      40.1211
   13041      39.4381
   13042      39.2207
   13043      39.5686
   13044      38.7863
   13045      38.7025
   13046      38.5281
   13047      38.8389
   13048      39.0533
   13049      38.7537
   13050      38.8450
   13051      38.5801
   13052      39.8760
   13053      39.0511
   13054      39.4707
   13055      39.6822
   13056      39.7553
   13057      39.6470
   13058      38.9640
   13059      39.4800
   13060      39.8140
   13061      39.6247
   13062      39.1707
   13063      39.4967
   13064      39.7507
   13065      39.0665
   13066      39.0146
   13067      39.8644
   13068      39.0975
   13069      39.2235
   13070      39.1123
   13071      38.4840
   13072      39.5152
   13073      40.2202
   13074      39.9132
   13075      39.4529
   13076      39.6788
   13077      38.9851
   13078      39.0159
   13079      38.9400
   13080      39.1442
   13081      38.4909
   13082      39.2831
   13083      39.7614
   13084      39.4702
   13085      39.4032
   13086      39.2146
   13087      39.0542
   13088      38.9771
   13089      38.9208
   13090      38.8432
   13091      38.6942
   13092      38.6765
   13093      39.2914
   13094      38.7351
   13095      39.2462
   13096      39.6838
   13097      39.3270
   13098      39.1351
   13099      38.9209
   13100      38.3974
   13101      38.8803
   13102      39.0681
   13103      39.2500
   13104      39.4266
   13105      39.3168
   13106      38.8992
   13107      39.5059
   13108      38.6391
   13109      39.2067
   13110      38.8365
   13111      39.0664
   13112      38.9552
   13113      39.0140
   13114      39.1997
   13115      39.0090
   13116      38.9523
   13117      39.0885
   13118      38.7998
   13119      39.0459
   13120      39.0359
   13121      38.4477
   13122      38.6180
   13123      38.9066
   13124      39.3668
   13125      38.9189
   13126      39.2597
   13127      38.9266
   13128      38.5756
   13129      38.7279
   13130      38.5049
   13131      38.4169
   13132      38.8218
   13133      38.7130
   13134      38.9744
   13135      38.7855
   13136      39.3964
   13137      39.4770
   13138      39.0654
   13139      39.1052
   13140      39.4201
   13141      39.4487
   13142      39.6029
   13143      39.0721
   13144      39.1603
   13145      38.5630
   13146      39.0035
   13147      38.4891
   13148      39.0231
   13149      39.7964
   13150      39.0546
   13151      38.7682
   13152      38.8573
   13153      38.8297
   13154      39.0620
   13155      39.3034
   13156      39.0633
   13157      38.7745
   13158      39.5219
   13159      38.9551
   13160      38.9088
   13161      39.2826
   13162      38.8428
   13163      38.6608
   13164      38.8730
   13165      38.6380
   13166      38.8028
   13167      39.2995
   13168      39.1943
   13169      39.6875
   13170      39.3524
   13171      38.8237
   13172      39.6693
   13173      39.4317
   13174      39.2120
   13175      38.8812
   13176      39.0222
   13177      39.1875
   13178      39.2557
   13179      39.6806
   13180      39.5681
   13181      39.4290
   13182      38.5904
   13183      38.5012
   13184      38.5961
   13185      38.3898
   13186      38.8632
   13187      39.2863
   13188      39.2437
   13189      39.7477
   13190      39.4354
   13191      39.4691
   13192      39.6207
   13193      39.4345
   13194      39.5720
   13195      40.0886
   13196      40.1107
   13197      39.9393
   13198      39.6650
   13199      39.7464
   13200      39.7497
   13201      39.9202
   13202      39.8413
   13203      40.1504
   13204      40.0464
   13205      39.3413
   13206      39.2756
   13207      40.1681
   13208      40.1703
   13209      40.0963
   13210      39.8765
   13211      39.8106
   13212      39.7927
   13213      40.0168
   13214      39.3076
   13215      39.1778
   13216      38.9279
   13217      39.0695
   13218      38.7295
   13219      39.0061
   13220      39.2743
   13221      39.4305
   13222      39.1600
   13223      39.2856
   13224      38.8403
   13225      38.8554
   13226      39.3839
   13227      39.2530
   13228      38.5489
   13229      38.7981
   13230      38.5250
   13231      38.9090
   13232      38.8712
   13233      38.8446
   13234      38.7060
   13235      38.8012
   13236      38.7629
   13237      39.0839
   13238      38.9917
   13239      38.9305
   13240      38.9955
   13241      39.2740
   13242      39.7135
   13243      39.4485
   13244      39.4537
   13245      38.7469
   13246      38.8910
   13247      39.1503
   13248      39.3213
   13249      39.3917
   13250      39.5093
   13251      39.5237
   13252      39.4690
   13253      39.1809
   13254      38.8608
   13255      39.2186
   13256      39.4841
   13257      39.7513
   13258      39.2753
   13259      39.4874
   13260      39.1421
   13261      39.0316
   13262      38.8503
   13263      39.3329
   13264      38.9039
   13265      38.9169
   13266      38.9548
   13267      38.5487
   13268      38.9368
   13269      38.9920
   13270      39.3566
   13271      38.8057
   13272      38.9379
   13273      39.6967
   13274      39.6985
   13275      39.8229
   13276      38.9817
   13277      39.3007
   13278      39.2697
   13279      39.1514
   13280      38.7062
   13281      38.7344
   13282      38.4838
   13283      38.4060
   13284      38.5941
   13285      38.4055
   13286      38.7410
   13287      38.7031
   13288      38.7407
   13289      38.4332
   13290      39.4501
   13291      39.1625
   13292      39.2749
   13293      39.2635
   13294      38.4079
   13295      39.0661
   13296      39.1661
   13297      39.4833
   13298      38.7820
   13299      38.5961
   13300      38.9039
   13301      38.7709
   13302      38.9467
   13303      38.8284
   13304      38.7516
   13305      39.2140
   13306      38.8893
   13307      39.0428
   13308      39.0231
   13309      39.5234
   13310      38.7795
   13311      39.3540
   13312      39.3630
   13313      38.8668
   13314      39.2205
   13315      39.2930
   13316      39.1511
   13317      39.1635
   13318      39.0272
   13319      39.3081
   13320      38.9777
   13321      39.5529
   13322      39.6038
   13323      39.9344
   13324      39.4972
   13325      38.9084
   13326      38.8484
   13327      38.7871
   13328      38.7075
   13329      38.6682
   13330      38.7731
   13331      39.2870
   13332      38.8140
   13333      39.0180
   13334      39.0429
   13335      39.2792
   13336      39.2617
   13337      39.3387
   13338      39.2538
   13339      39.3167
   13340      39.3672
   13341      38.8955
   13342      39.7125
   13343      39.2512
   13344      39.6478
   13345      39.3184
   13346      39.5545
   13347      39.4472
   13348      39.2720
   13349      39.3715
   13350      39.4881
   13351      39.4401
   13352      39.5668
   13353      39.2773
   13354      39.6108
   13355      39.1744
   13356      39.1431
   13357      38.7974
   13358      39.4289
   13359      39.4203
   13360      39.9355
   13361      39.1509
   13362      39.6328
   13363      39.9193
   13364      39.6783
   13365      39.2755
   13366      39.3425
   13367      39.4675
   13368      39.3234
   13369      38.6590
   13370      38.8578
   13371      38.9935
   13372      39.2789
   13373      39.1957
   13374      39.6323
   13375      39.1083
   13376      39.2918
   13377      39.0913
   13378      39.0406
   13379      39.0949
   13380      38.8160
   13381      39.1605
   13382      39.0365
   13383      39.2581
   13384      39.0928
   13385      38.8639
   13386      38.9139
   13387      38.9973
   13388      39.0282
   13389      38.9576
   13390      39.2904
   13391      39.0555
   13392      39.2348
   13393      39.4911
   13394      39.4256
   13395      39.1816
   13396      39.9460
   13397      39.4490
   13398      38.6387
   13399      38.8838
   13400      39.0685
   13401      39.1962
   13402      39.4216
   13403      39.3035
   13404      39.0453
   13405      39.1188
   13406      39.6031
   13407      39.2190
   13408      39.0206
   13409      38.7274
   13410      39.2228
   13411      38.7785
   13412      38.1746
   13413      38.5483
   13414      38.7376
   13415      38.4094
   13416      38.1154
   13417      38.5280
   13418      38.9321
   13419      39.0338
   13420      39.1696
   13421      39.0257
   13422      39.1102
   13423      38.7861
   13424      39.2449
   13425      38.8163
   13426      39.1156
   13427      39.0699
   13428      39.2025
   13429      39.3105
   13430      38.9332
   13431      38.9791
   13432      38.9637
   13433      39.0841
   13434      38.8658
   13435      38.9840
   13436      39.0970
   13437      38.9401
   13438      39.0264
   13439      38.8335
   13440      38.6594
   13441      38.7028
   13442      38.4457
   13443      38.6041
   13444      38.7965
   13445      38.9990
   13446      39.0370
   13447      38.4704
   13448      38.7555
   13449      38.8841
   13450      38.9912
   13451      39.3974
   13452      38.5937
   13453      38.4482
   13454      39.2565
   13455      38.5452
   13456      38.8130
   13457      38.4063
   13458      38.5299
   13459      38.6980
   13460      38.0522
   13461      38.7030
   13462      39.2296
   13463      39.0143
   13464      39.1312
   13465      38.7010
   13466      39.1542
   13467      39.0065
   13468      38.9072
   13469      39.3819
   13470      39.0665
   13471      38.7979
   13472      38.9539
   13473      39.2492
   13474      38.6812
   13475      38.7645
   13476      39.1210
   13477      39.1150
   13478      39.3567
   13479      39.6247
   13480      39.3931
   13481      38.7983
   13482      39.3770
   13483      39.2075
   13484      38.7015
   13485      39.0277
   13486      39.1222
   13487      39.0164
   13488      39.1081
   13489      39.0148
   13490      39.2763
   13491      39.1127
   13492      39.1298
   13493      39.0640
   13494      39.2120
   13495      39.0858
   13496      39.1213
   13497      39.0004
   13498      38.5591
   13499      39.0422
   13500      38.7918
   13501      38.6875
   13502      38.9649
   13503      38.9502
   13504      38.3313
   13505      38.6742
   13506      38.7283
   13507      38.7792
   13508      38.9552
   13509      38.7706
   13510      38.7882
   13511      38.8703
   13512      39.4041
   13513      39.4296
   13514      39.7181
   13515      39.1464
   13516      38.9974
   13517      38.8656
   13518      39.5005
   13519      39.0755
   13520      38.9787
   13521      39.1017
   13522      39.1273
   13523      39.1395
   13524      39.0682
   13525      39.1600
   13526      39.4752
   13527      39.1279
   13528      38.7682
   13529      39.7985
   13530      38.9077
   13531      38.7786
   13532      38.6649
   13533      39.3046
   13534      39.3892
   13535      39.1645
   13536      39.4136
   13537      39.4578
   13538      39.3856
   13539      39.2240
   13540      39.3455
   13541      38.3697
   13542      39.0804
   13543      38.9377
   13544      38.7273
   13545      38.9901
   13546      38.9287
   13547      38.8581
   13548      39.2351
   13549      39.0369
   13550      39.1597
   13551      38.7651
   13552      38.2230
   13553      38.6850
   13554      38.3794
   13555      38.6860
   13556      38.6242
   13557      38.3999
   13558      39.0403
   13559      38.8204
   13560      38.8276
   13561      38.7845
   13562      38.5386
   13563      39.0132
   13564      38.9140
   13565      39.2234
   13566      38.4911
   13567      38.8573
   13568      39.3481
   13569      38.9671
   13570      39.0137
   13571      39.0691
   13572      39.0783
   13573      39.1566
   13574      39.2949
   13575      39.3241
   13576      38.7958
   13577      38.6334
   13578      38.9795
   13579      38.5900
   13580      38.9557
   13581      38.9298
   13582      38.5030
   13583      38.8760
   13584      38.9192
   13585      38.9081
   13586      38.5359
   13587      38.4262
   13588      38.5044
   13589      38.7980
   13590      38.9362
   13591      38.8117
   13592      38.9969
   13593      38.6973
   13594      38.8953
   13595      38.7603
   13596      38.7824
   13597      38.8372
   13598      38.5930
   13599      39.0770
   13600      38.9903
   13601      38.8164
   13602      38.8660
   13603      39.1138
   13604      38.8940
   13605      39.1730
   13606      38.6003
   13607      39.0605
   13608      39.3917
   13609      38.7995
   13610      38.7279
   13611      38.6548
   13612      39.2124
   13613      39.1530
   13614      38.8861
   13615      38.9300
   13616      38.7006
   13617      38.8865
   13618      38.9082
   13619      39.1270
   13620      39.2128
   13621      39.2489
   13622      39.5275
   13623      38.9304
   13624      39.1283
   13625      39.0780
   13626      39.1808
   13627      38.8389
   13628      38.7550
   13629      38.7436
   13630      38.7848
   13631      38.9557
   13632      38.9256
   13633      39.5422
   13634      39.4946
   13635      39.4573
   13636      38.9257
   13637      39.2144
   13638      39.3782
   13639      39.1192
   13640      39.2207
   13641      39.7695
   13642      39.6633
   13643      39.2034
   13644      39.2690
   13645      38.9941
   13646      39.1452
   13647      38.5384
   13648      39.0790
   13649      38.9353
   13650      39.0594
   13651      38.9809
   13652      39.6183
   13653      39.2335
   13654      39.6495
   13655      38.9443
   13656      39.0225
   13657      39.3474
   13658      39.0909
   13659      38.7661
   13660      38.8268
   13661      39.0520
   13662      39.2017
   13663      38.6260
   13664      39.0249
   13665      39.1755
   13666      38.8711
   13667      39.0392
   13668      39.0360
   13669      39.1293
   13670      39.3101
   13671      38.9502
   13672      38.9327
   13673      38.3637
   13674      38.9893
   13675      39.2079
   13676      39.2479
   13677      38.7991
   13678      38.9013
   13679      38.8516
   13680      38.5042
   13681      38.5909
   13682      38.9052
   13683      39.0851
   13684      38.9562
   13685      38.6913
   13686      38.6219
   13687      38.5129
   13688      39.0849
   13689      38.9257
   13690      38.7689
   13691      38.9727
   13692      39.0838
   13693      39.4128
   13694      39.0963
   13695      38.8599
   13696      39.0073
   13697      39.1802
   13698      39.3872
   13699      39.4854
   13700      38.8485
   13701      39.1494
   13702      38.6236
   13703      39.2117
   13704      38.5987
   13705      39.0004
   13706      38.7414
   13707      38.4338
   13708      39.2282
   13709      38.9977
   13710      39.3675
   13711      39.3313
   13712      38.7987
   13713      38.6553
   13714      38.9831
   13715      38.8455
   13716      38.4241
   13717      38.8552
   13718      38.5922
   13719      38.5836
   13720      39.0219
   13721      39.1273
   13722      38.5777
   13723      38.4697
   13724      38.9467
   13725      38.6492
   13726      38.6490
   13727      38.6087
   13728      38.8842
   13729      38.9903
   13730      38.9433
   13731      39.0603
   13732      38.8376
   13733      39.2553
   13734      39.0630
   13735      38.9112
   13736      38.4469
   13737      38.9693
   13738      38.6254
   13739      38.8355
   13740      38.8482
   13741      38.2950
   13742      38.4984
   13743      39.0023
   13744      38.5771
   13745      39.1014
   13746      38.8628
   13747      38.5252
   13748      39.0185
   13749      38.8916
   13750      38.9464
   13751      38.4355
   13752      38.6354
   13753      38.4995
   13754      38.6518
   13755      38.5108
   13756      39.0535
   13757      38.6881
   13758      39.2411
   13759      38.8063
   13760      38.9679
   13761      39.0304
   13762      39.1221
   13763      38.7168
   13764      38.6976
   13765      38.7458
   13766      39.2634
   13767      39.1250
   13768      39.2195
   13769      39.0598
   13770      38.7630
   13771      38.5790
   13772      38.4902
   13773      38.7688
   13774      38.8472
   13775      38.8175
   13776      38.7718
   13777      38.5948
   13778      38.7626
   13779      38.9329
   13780      39.6724
   13781      39.2819
   13782      38.5519
   13783      39.2618
   13784      39.1309
   13785      39.2450
   13786      39.4604
   13787      39.1066
   13788      39.4046
   13789      39.0833
   13790      38.8799
   13791      39.1921
   13792      39.2702
   13793      39.3178
   13794      38.9639
   13795      38.9363
   13796      39.2606
   13797      39.3143
   13798      38.9520
   13799      38.9906
   13800      39.6550
   13801      39.4853
   13802      39.2048
   13803      38.9696
   13804      38.6710
   13805      38.9220
   13806      39.2733
   13807      39.2830
   13808      39.2007
   13809      39.1645
   13810      39.2657
   13811      38.9508
   13812      39.2593
   13813      39.1030
   13814      39.4919
   13815      39.6112
   13816      39.5355
   13817      39.5773
   13818      39.5789
   13819      38.7411
   13820      39.2965
   13821      39.1326
   13822      39.0388
   13823      39.0562
   13824      39.3524
   13825      38.7224
   13826      38.7523
   13827      38.7191
   13828      38.7283
   13829      39.0678
   13830      38.7045
   13831      38.7357
   13832      39.1745
   13833      38.9530
   13834      39.2066
   13835      39.1434
   13836      39.7923
   13837      39.6291
   13838      39.6364
   13839      39.4216
   13840      39.3086
   13841      39.1068
   13842      38.4615
   13843      38.4783
   13844      39.3032
   13845      39.4742
   13846      38.8791
   13847      38.7108
   13848      39.1482
   13849      38.8311
   13850      39.0147
   13851      38.8326
   13852      38.7220
   13853      39.1257
   13854      38.8880
   13855      39.3744
   13856      38.9962
   13857      38.8878
   13858      38.7575
   13859      39.4328
   13860      39.1376
   13861      39.3528
   13862      38.6741
   13863      39.1160
   13864      38.8775
   13865      38.8561
   13866      38.9497
   13867      39.1311
   13868      39.2458
   13869      39.2602
   13870      39.3309
   13871      39.5379
   13872      39.3576
   13873      39.6386
   13874      39.2917
   13875      39.3004
   13876      38.8149
   13877      39.2307
   13878      39.1515
   13879      39.0164
   13880      39.0012
   13881      38.9550
   13882      39.4857
   13883      39.3304
   13884      38.5667
   13885      38.6998
   13886      38.6609
   13887      38.6733
   13888      38.7260
   13889      38.9600
   13890      38.9185
   13891      38.7637
   13892      38.8612
   13893      38.6185
   13894      38.7468
   13895      38.6630
   13896      39.0010
   13897      39.2328
   13898      39.0324
   13899      38.6081
   13900      38.8985
   13901      38.7886
   13902      38.8819
   13903      38.7540
   13904      39.1213
   13905      38.8487
   13906      39.5732
   13907      39.3034
   13908      39.0784
   13909      38.9744
   13910      39.1683
   13911      38.9755
   13912      38.6606
   13913      39.0313
   13914      39.3985
   13915      39.0628
   13916      39.1803
   13917      39.3336
   13918      39.4944
   13919      39.1253
   13920      39.0555
   13921      39.0286
   13922      39.2990
   13923      39.3205
   13924      39.5735
   13925      39.2391
   13926      38.9850
   13927      38.8887
   13928      38.9641
   13929      39.0704
   13930      39.1797
   13931      38.9579
   13932      38.9480
   13933      38.9815
   13934      39.0619
   13935      39.1128
   13936      39.2524
   13937      39.1430
   13938      39.0759
   13939      38.7543
   13940      39.2109
   13941      38.6440
   13942      39.3328
   13943      39.0729
   13944      38.9530
   13945      39.0317
   13946      39.3817
   13947      39.2008
   13948      39.8195
   13949      39.3413
   13950      38.9091
   13951      39.1290
   13952      38.8613
   13953      38.7691
   13954      38.8072
   13955      39.1832
   13956      39.0446
   13957      38.7292
   13958      38.4040
   13959      38.4234
   13960      38.5614
   13961      38.5764
   13962      38.6336
   13963      38.7718
   13964      38.9604
   13965      38.8121
   13966      38.9158
   13967      38.2977
   13968      39.0806
   13969      38.9126
   13970      38.6825
   13971      38.7585
   13972      38.5817
   13973      39.0872
   13974      39.1483
   13975      38.6125
   13976      38.3717
   13977      38.4404
   13978      38.5308
   13979      38.4607
   13980      38.1753
   13981      38.5309
   13982      38.6666
   13983      38.8462
   13984      39.0071
   13985      38.9160
   13986      39.2048
   13987      38.8923
   13988      38.6230
   13989      39.2578
   13990      39.2802
   13991      39.2609
   13992      39.1040
   13993      39.2526
   13994      39.3078
   13995      38.8041
   13996      38.6653
   13997      38.7197
   13998      38.7895
   13999      39.1672
   14000      39.0386
   14001      38.8385
   14002      38.5544
   14003      38.5723
   14004      38.9006
   14005      38.8288
   14006      38.5129
   14007      38.9302
   14008      38.8281
   14009      38.5470
   14010      38.6327
   14011      38.8567
   14012      38.4301
   14013      38.7691
   14014      38.7948
   14015      38.4113
   14016      38.0966
   14017      38.9752
   14018      38.7674
   14019      38.7842
   14020      38.7940
   14021      38.7549
   14022      38.4437
   14023      38.2799
   14024      38.3618
   14025      38.9480
   14026      38.8087
   14027      39.0078
   14028      38.8438
   14029      39.1409
   14030      38.6578
   14031      39.2155
   14032      39.1731
   14033      38.6213
   14034      38.9902
   14035      39.0777
   14036      39.2276
   14037      39.4253
   14038      39.0559
   14039      39.5496
   14040      39.4513
   14041      39.3682
   14042      39.0959
   14043      39.1029
   14044      39.0684
   14045      39.6691
   14046      39.0707
   14047      39.1712
   14048      39.2232
   14049      39.2860
   14050      39.4734
   14051      39.7897
   14052      39.7600
   14053      39.6894
   14054      39.6517
   14055      39.7309
   14056      39.4874
   14057      39.4296
   14058      39.3346
   14059      39.0466
   14060      39.4243
   14061      39.6872
   14062      39.4857
   14063      39.6109
   14064      39.5508
   14065      39.4287
   14066      39.2845
   14067      39.2319
   14068      39.1167
   14069      39.5480
   14070      38.8331
   14071      39.2172
   14072      39.0505
   14073      39.5548
   14074      39.3962
   14075      39.2186
   14076      39.0019
   14077      39.3851
   14078      39.4051
   14079      39.0831
   14080      39.0584
   14081      39.1568
   14082      39.2304
   14083      39.3283
   14084      39.0733
   14085      39.4356
   14086      39.6654
   14087      39.1747
   14088      38.8548
   14089      39.1199
   14090      39.4281
   14091      38.9993
   14092      38.9153
   14093      39.0243
   14094      38.9932
   14095      38.9701
   14096      39.0039
   14097      38.9422
   14098      38.9775
   14099      38.9102
   14100      39.2488
   14101      38.9530
   14102      38.9260
   14103      39.2463
   14104      39.0357
   14105      39.0753
   14106      38.9823
   14107      39.0227
   14108      39.0683
   14109      39.6310
   14110      38.7204
   14111      39.2542
   14112      39.6625
   14113      39.4573
   14114      39.4215
   14115      39.8160
   14116      39.5683
   14117      39.7708
   14118      39.3609
   14119      39.2831
   14120      39.5862
   14121      39.3305
   14122      39.0707
   14123      39.3624
   14124      39.3791
   14125      38.8150
   14126      39.1066
   14127      39.3471
   14128      39.3895
   14129      38.9324
   14130      38.6198
   14131      38.4983
   14132      38.9588
   14133      39.0309
   14134      39.3802
   14135      38.9319
   14136      39.6203
   14137      39.5932
   14138      39.1234
   14139      38.9770
   14140      39.2426
   14141      38.8821
   14142      38.9122
   14143      39.5831
   14144      38.9816
   14145      39.3224
   14146      39.1219
   14147      39.3718
   14148      39.3721
   14149      39.6390
   14150      39.7411
   14151      39.6186
   14152      39.5405
   14153      39.7046
   14154      39.3286
   14155      39.1972
   14156      39.5272
   14157      39.4793
   14158      39.5418
   14159      38.9287
   14160      38.9802
   14161      39.1338
   14162      38.9654
   14163      39.1476
   14164      39.2232
   14165      38.9059
   14166      38.8056
   14167      39.4859
   14168      39.3821
   14169      39.1507
   14170      38.9090
   14171      39.1049
   14172      38.9546
   14173      39.3394
   14174      38.8802
   14175      38.9822
   14176      39.0921
   14177      39.3845
   14178      39.0197
   14179      38.8856
   14180      39.3551
   14181      39.2039
   14182      39.2653
   14183      38.9823
   14184      39.4844
   14185      39.4805
   14186      39.4982
   14187      39.4588
   14188      39.5287
   14189      39.3198
   14190      39.0446
   14191      39.2842
   14192      39.2117
   14193      39.0269
   14194      38.9895
   14195      39.4243
   14196      39.0738
   14197      39.3226
   14198      39.0313
   14199      38.9462
   14200      38.8258
   14201      39.0842
   14202      39.3075
   14203      39.3979
   14204      39.7416
   14205      39.3636
   14206      39.1571
   14207      39.2752
   14208      39.1444
   14209      39.1523
   14210      39.4750
   14211      39.3204
   14212      39.4083
   14213      38.9853
   14214      39.4014
   14215      39.5978
   14216      38.9336
   14217      39.3700
   14218      38.8406
   14219      38.9199
   14220      38.9773
   14221      38.9436
   14222      39.1796
   14223      39.1748
   14224      38.9216
   14225      38.7259
   14226      38.9367
   14227      39.1440
   14228      39.3443
   14229      39.6388
   14230      38.9855
   14231      39.1422
   14232      39.6996
   14233      39.3526
   14234      39.4386
   14235      39.1059
   14236      38.8963
   14237      38.7602
   14238      38.7754
   14239      39.4650
   14240      39.1851
   14241      39.3307
   14242      39.6267
   14243      39.5073
   14244      39.2603
   14245      39.3635
   14246      39.5404
   14247      39.2872
   14248      39.1524
   14249      39.6774
   14250      39.5699
   14251      39.5567
   14252      39.2201
   14253      39.3804
   14254      39.1792
   14255      39.3282
   14256      38.9181
   14257      38.9323
   14258      39.7235
   14259      39.2335
   14260      39.1251
   14261      39.5629
   14262      39.4131
   14263      39.1812
   14264      39.1079
   14265      39.0864
   14266      38.9095
   14267      38.9356
   14268      38.7722
   14269      38.9972
   14270      38.7748
   14271      38.8509
   14272      39.0200
   14273      39.0238
   14274      39.2081
   14275      38.5918
   14276      38.8961
   14277      39.2061
   14278      39.0622
   14279      39.0632
   14280      39.0112
   14281      39.1774
   14282      38.9228
   14283      38.8980
   14284      38.7044
   14285      39.3935
   14286      38.9377
   14287      39.0345
   14288      38.8539
   14289      39.2595
   14290      39.6598
   14291      39.3948
   14292      39.5461
   14293      39.2063
   14294      39.4061
   14295      39.4474
   14296      39.8311
   14297      40.1035
   14298      39.8974
   14299      39.8569
   14300      40.0319
   14301      39.8053
   14302      39.8261
   14303      39.3551
   14304      39.7426
   14305      39.5983
   14306      39.5205
   14307      39.4566
   14308      39.2626
   14309      39.0383
   14310      39.2483
   14311      39.4494
   14312      39.3764
   14313      39.2950
   14314      39.2878
   14315      39.2918
   14316      39.1996
   14317      39.2098
   14318      39.5532
   14319      39.4424
   14320      39.6581
   14321      39.8644
   14322      39.8733
   14323      39.3211
   14324      39.5158
   14325      39.5353
   14326      39.2008
   14327      39.1238
   14328      39.7600
   14329      39.1279
   14330      39.1776
   14331      39.4872
   14332      39.3079
   14333      38.7826
   14334      39.2988
   14335      39.0623
   14336      39.4523
   14337      39.3532
   14338      39.3656
   14339      39.1238
   14340      39.4168
   14341      39.2551
   14342      39.3747
   14343      39.6187
   14344      39.6151
   14345      39.3512
   14346      39.2817
   14347      39.3342
   14348      39.7096
   14349      39.2011
   14350      39.1847
   14351      39.3654
   14352      39.1634
   14353      39.4657
   14354      39.7251
   14355      39.4361
   14356      39.7102
   14357      39.2508
   14358      39.1218
   14359      39.4087
   14360      39.5849
   14361      39.2689
   14362      39.0746
   14363      39.0023
   14364      39.2158
   14365      39.7146
   14366      39.6153
   14367      39.4862
   14368      39.4925
   14369      39.6523
   14370      39.2905
   14371      39.6524
   14372      39.2876
   14373      39.2527
   14374      38.4204
   14375      39.0751
   14376      39.4763
   14377      38.9490
   14378      39.2022
   14379      39.2424
   14380      39.6961
   14381      39.6171
   14382      39.7432
   14383      39.2317
   14384      39.2259
   14385      39.5946
   14386      39.2684
   14387      39.3404
   14388      39.5052
   14389      39.4344
   14390      39.4405
   14391      40.1026
   14392      39.4471
   14393      39.4192
   14394      38.9909
   14395      38.7768
   14396      39.3675
   14397      39.9450
   14398      39.4784
   14399      39.3960
   14400      39.1768
   14401      38.9605
   14402      38.8531
   14403      38.8749
   14404      39.0474
   14405      39.3123
   14406      39.2862
   14407      39.2856
   14408      39.5477
   14409      39.2983
   14410      39.5277
   14411      39.6528
   14412      39.7324
   14413      39.8073
   14414      39.6934
   14415      39.4067
   14416      39.6140
   14417      39.5146
   14418      39.9042
   14419      38.8240
   14420      39.2879
   14421      39.3099
   14422      39.1594
   14423      39.3960
   14424      39.2228
   14425      39.1779
   14426      39.1776
   14427      39.3544
   14428      39.2311
   14429      39.2766
   14430      39.1817
   14431      39.6636
   14432      39.1064
   14433      38.8588
   14434      39.1245
   14435      39.0435
   14436      39.0872
   14437      39.2941
   14438      39.2311
   14439      39.2516
   14440      39.5678
   14441      39.5635
   14442      39.2888
   14443      39.6729
   14444      39.2927
   14445      39.7477
   14446      39.8693
   14447      39.6392
   14448      39.4191
   14449      39.9812
   14450      39.4595
   14451      39.0526
   14452      39.1541
   14453      39.3920
   14454      39.3051
   14455      39.1628
   14456      39.3543
   14457      39.1231
   14458      38.8465
   14459      38.7400
   14460      39.2056
   14461      39.2253
   14462      39.0183
   14463      39.1125
   14464      39.0148
   14465      38.8918
   14466      38.9712
   14467      39.3127
   14468      39.7946
   14469      39.7308
   14470      39.6101
   14471      39.3666
   14472      39.0855
   14473      39.2244
   14474      39.8593
   14475      39.5159
   14476      39.5023
   14477      39.1570
   14478      39.1211
   14479      39.4501
   14480      39.6979
   14481      39.4546
   14482      39.2094
   14483      39.4386
   14484      39.1396
   14485      39.2632
   14486      39.2842
   14487      39.2715
   14488      39.0974
   14489      38.9496
   14490      39.3642
   14491      39.2927
   14492      39.3001
   14493      39.6970
   14494      39.7158
   14495      39.1080
   14496      39.6091
   14497      39.4229
   14498      39.3048
   14499      38.9831
   14500      38.9313
   14501      39.1913
   14502      39.5958
   14503      39.0826
   14504      39.0949
   14505      39.2580
   14506      39.3540
   14507      39.7593
   14508      39.4818
   14509      38.9981
   14510      39.3829
   14511      38.9817
   14512      39.0859
   14513      38.9185
   14514      38.6088
   14515      38.7440
   14516      39.3190
   14517      38.7697
   14518      39.1163
   14519      39.2643
   14520      38.7921
   14521      39.1298
   14522      39.3032
   14523      39.0339
   14524      38.8383
   14525      39.1488
   14526      39.0689
   14527      39.0180
   14528      38.7598
   14529      39.3529
   14530      38.9950
   14531      39.3062
   14532      38.9850
   14533      39.2249
   14534      39.3416
   14535      39.4828
   14536      38.6982
   14537      38.7306
   14538      38.8989
   14539      38.5683
   14540      38.8855
   14541      39.3377
   14542      39.1365
   14543      39.0635
   14544      38.5688
   14545      38.6951
   14546      39.2397
   14547      39.5666
   14548      39.3990
   14549      39.2574
   14550      38.5588
   14551      39.3328
   14552      38.6225
   14553      39.0049
   14554      39.2715
   14555      39.4392
   14556      39.0881
   14557      39.1682
   14558      39.1579
   14559      38.7383
   14560      38.6566
   14561      39.0094
   14562      38.9789
   14563      39.0245
   14564      38.9195
   14565      39.0254
   14566      39.6133
   14567      39.4246
   14568      39.0365
   14569      38.8948
   14570      38.8654
   14571      39.0238
   14572      38.7639
   14573      38.9215
   14574      38.6808
   14575      39.3546
   14576      39.5271
   14577      39.7050
   14578      39.4080
   14579      39.5467
   14580      39.4269
   14581      39.3309
   14582      39.2171
   14583      39.2116
   14584      39.0460
   14585      39.2333
   14586      39.7258
   14587      39.3811
   14588      39.0912
   14589      39.5349
   14590      38.9604
   14591      38.8779
   14592      39.1304
   14593      38.1802
   14594      38.8009
   14595      38.4945
   14596      39.2368
   14597      39.1551
   14598      38.9797
   14599      38.8099
   14600      38.6143
   14601      38.6740
   14602      38.5574
   14603      38.5823
   14604      38.7525
   14605      38.8676
   14606      39.1803
   14607      39.4583
   14608      39.4415
   14609      39.6287
   14610      39.1077
   14611      39.3135
   14612      39.2266
   14613      38.6470
   14614      39.1755
   14615      39.2454
   14616      39.1724
   14617      39.1229
   14618      38.7390
   14619      38.8673
   14620      38.5969
   14621      38.8525
   14622      39.3239
   14623      38.6840
   14624      38.6375
   14625      39.0226
   14626      39.1060
   14627      38.7420
   14628      38.7506
   14629      39.1190
   14630      38.8443
   14631      38.4667
   14632      38.7024
   14633      39.1048
   14634      38.9335
   14635      39.0848
   14636      39.3115
   14637      39.4509
   14638      39.1510
   14639      39.2998
   14640      39.2040
   14641      39.3649
   14642      39.2344
   14643      39.7657
   14644      39.6741
   14645      39.2253
   14646      39.0823
   14647      38.7178
   14648      38.9670
   14649      38.6664
   14650      38.7157
   14651      38.9287
   14652      38.8077
   14653      38.7535
   14654      38.7149
   14655      38.9267
   14656      38.7274
   14657      38.8952
   14658      38.8791
   14659      39.2008
   14660      39.2061
   14661      38.8645
   14662      39.0773
   14663      39.4035
   14664      39.3072
   14665      38.5356
   14666      38.9715
   14667      39.0224
   14668      39.6416
   14669      39.1536
   14670      39.0409
   14671      38.6035
   14672      38.3840
   14673      39.2624
   14674      38.6520
   14675      39.0684
   14676      39.3088
   14677      39.3156
   14678      39.1054
   14679      39.2828
   14680      38.9797
   14681      39.4821
   14682      39.5829
   14683      38.8514
   14684      39.1870
   14685      39.5215
   14686      38.8664
   14687      39.2940
   14688      38.9065
   14689      38.9570
   14690      38.8454
   14691      39.0445
   14692      39.3854
   14693      39.0742
   14694      39.3286
   14695      39.3834
   14696      39.5004
   14697      39.1507
   14698      38.8697
   14699      38.6173
   14700      39.1332
   14701      39.4231
   14702      39.3276
   14703      39.2562
   14704      38.8368
   14705      39.4944
   14706      39.1485
   14707      38.8217
   14708      38.9658
   14709      39.0090
   14710      38.9082
   14711      39.3848
   14712      38.9101
   14713      38.8787
   14714      38.9870
   14715      38.7403
   14716      38.9945
   14717      38.4386
   14718      38.9678
   14719      39.0701
   14720      39.1023
   14721      39.6391
   14722      39.1316
   14723      38.9828
   14724      39.1777
   14725      39.2138
   14726      38.8841
   14727      39.1403
   14728      39.1434
   14729      39.1875
   14730      39.6414
   14731      39.5788
   14732      39.3238
   14733      39.3673
   14734      39.1542
   14735      39.0665
   14736      38.7890
   14737      39.2868
   14738      38.8931
   14739      38.7153
   14740      38.8663
   14741      38.6949
   14742      38.8970
   14743      38.7342
   14744      39.0682
   14745      39.0289
   14746      39.0339
   14747      39.3984
   14748      39.3779
   14749      39.4014
   14750      39.3448
   14751      39.1034
   14752      39.2747
   14753      39.3770
   14754      39.5200
   14755      39.1025
   14756      38.8953
   14757      38.5639
   14758      38.7149
   14759      38.8840
   14760      38.8802
   14761      38.3023
   14762      39.0688
   14763      39.0932
   14764      38.9105
   14765      39.0306
   14766      38.4218
   14767      38.5562
   14768      38.7722
   14769      39.2111
   14770      38.9415
   14771      38.7390
   14772      38.9410
   14773      38.6771
   14774      38.8050
   14775      39.0939
   14776      38.7186
   14777      38.9513
   14778      38.6300
   14779      38.4747
   14780      38.3032
   14781      38.4377
   14782      38.4845
   14783      38.9434
   14784      39.1225
   14785      39.0141
   14786      38.5967
   14787      39.1251
   14788      38.8745
   14789      39.6698
   14790      38.9051
   14791      39.1494
   14792      39.3175
   14793      38.7807
   14794      39.2322
   14795      39.2838
   14796      39.4450
   14797      39.2243
   14798      39.2805
   14799      38.8268
   14800      39.4651
   14801      39.2973
   14802      39.3386
   14803      39.8002
   14804      39.5134
   14805      39.1033
   14806      38.6544
   14807      38.5063
   14808      38.7303
   14809      38.9675
   14810      39.0687
   14811      38.5531
   14812      39.0861
   14813      39.1331
   14814      38.4746
   14815      38.7562
   14816      38.8845
   14817      39.2068
   14818      39.3217
   14819      39.0206
   14820      39.0943
   14821      39.4462
   14822      39.2644
   14823      39.3554
   14824      39.4111
   14825      39.2954
   14826      39.4781
   14827      39.3502
   14828      39.1476
   14829      39.6886
   14830      39.1226
   14831      39.1331
   14832      39.3522
   14833      39.1312
   14834      39.4775
   14835      39.3566
   14836      39.5621
   14837      39.4982
   14838      38.9233
   14839      39.0990
   14840      39.1344
   14841      39.1459
   14842      38.9793
   14843      39.4710
   14844      39.4056
   14845      39.3158
   14846      39.4380
   14847      38.9844
   14848      38.9433
   14849      39.0480
   14850      38.9347
   14851      39.0244
   14852      38.9180
   14853      38.7136
   14854      39.1034
   14855      38.8780
   14856      38.8850
   14857      38.8692
   14858      39.4352
   14859      39.0656
   14860      39.2295
   14861      38.8320
   14862      39.3368
   14863      38.5733
   14864      38.8432
   14865      38.8519
   14866      38.7076
   14867      39.2296
   14868      39.1937
   14869      39.0974
   14870      39.3709
   14871      39.5288
   14872      39.4462
   14873      38.9623
   14874      39.1742
   14875      38.6882
   14876      39.3961
   14877      38.8428
   14878      38.2902
   14879      39.0003
   14880      38.9568
   14881      39.1260
   14882      39.2780
   14883      39.3731
   14884      39.1853
   14885      39.1905
   14886      39.2488
   14887      39.1995
   14888      39.0038
   14889      38.9529
   14890      39.0642
   14891      38.9289
   14892      38.5219
   14893      38.8241
   14894      39.4422
   14895      39.5405
   14896      39.6260
   14897      39.6046
   14898      39.2762
   14899      39.2950
   14900      39.5279
   14901      39.2768
   14902      39.3814
   14903      39.3623
   14904      39.3658
   14905      39.1756
   14906      38.8578
   14907      39.0583
   14908      39.3966
   14909      39.2605
   14910      39.1328
   14911      39.0543
   14912      39.2511
   14913      39.3442
   14914      38.8283
   14915      38.9035
   14916      38.7016
   14917      39.3193
   14918      39.1068
   14919      38.9104
   14920      38.7038
   14921      38.2242
   14922      38.5761
   14923      38.1710
   14924      38.5148
   14925      38.6513
   14926      38.7893
   14927      38.8407
   14928      38.8062
   14929      38.9914
   14930      38.6280
   14931      39.0155
   14932      38.9331
   14933      39.2380
   14934      39.5461
   14935      38.8825
   14936      39.3204
   14937      38.6206
   14938      38.8847
   14939      39.1201
   14940      38.5598
   14941      39.1807
   14942      38.9868
   14943      39.6536
   14944      38.6564
   14945      38.9974
   14946      39.0558
   14947      38.7850
   14948      38.8394
   14949      38.9468
   14950      38.7568
   14951      39.5864
   14952      39.0354
   14953      38.7771
   14954      38.7368
   14955      38.6345
   14956      39.0340
   14957      38.4720
   14958      38.3240
   14959      38.6750
   14960      38.9184
   14961      39.0204
   14962      39.1359
   14963      38.3604
   14964      38.9613
   14965      39.1569
   14966      38.8182
   14967      39.0878
   14968      39.2853
   14969      39.4029
   14970      39.1777
   14971      38.9159
   14972      39.1286
   14973      39.3935
   14974      39.0905
   14975      38.8630
   14976      39.6111
   14977      38.3523
   14978      38.6571
   14979      39.4694
   14980      38.6899
   14981      38.8572
   14982      39.0064
   14983      39.1816
   14984      39.4639
   14985      39.6559
   14986      39.2456
   14987      39.7561
   14988      39.1050
   14989      38.8724
   14990      39.1544
   14991      39.0081
   14992      39.2409
   14993      39.2303
   14994      39.0453
   14995      39.3548
   14996      39.2091
   14997      39.4041
   14998      39.6711
   14999      39.1702
   15000      39.7953
   15001      39.5154
   15002      39.0538
   15003      39.2907
   15004      39.1484
   15005      38.9502
   15006      39.4281
   15007      38.8921
   15008      39.2461
   15009      39.3735
   15010      39.4977
   15011      39.2670
   15012      39.6876
   15013      40.1074
   15014      39.3395
   15015      39.1585
   15016      39.6436
   15017      39.4898
   15018      38.8627
   15019      39.1997
   15020      39.5904
   15021      39.4003
   15022      39.0002
   15023      38.5525
   15024      38.9219
   15025      38.8108
   15026      39.4791
   15027      39.0024
   15028      38.7587
   15029      39.0532
   15030      39.3052
   15031      38.6158
   15032      38.5861
   15033      38.6298
   15034      38.4571
   15035      38.4725
   15036      38.9616
   15037      39.1707
   15038      38.6721
   15039      38.6408
   15040      38.8786
   15041      38.9971
   15042      38.9540
   15043      38.9895
   15044      38.7931
   15045      39.1361
   15046      39.1286
   15047      38.8925
   15048      39.0635
   15049      39.0146
   15050      38.8837
   15051      39.1510
   15052      38.9655
   15053      38.7564
   15054      39.0144
   15055      39.1118
   15056      39.2449
   15057      38.7424
   15058      39.1201
   15059      39.0395
   15060      39.6321
   15061      39.4056
   15062      38.8491
   15063      38.9288
   15064      39.3375
   15065      39.3204
   15066      39.4035
   15067      38.9682
   15068      38.7698
   15069      38.7773
   15070      38.9813
   15071      38.4219
   15072      38.5252
   15073      39.0913
   15074      38.9753
   15075      38.6154
   15076      38.6995
   15077      38.7728
   15078      38.7798
   15079      39.1910
   15080      38.8757
   15081      38.9103
   15082      38.6552
   15083      38.4090
   15084      39.2905
   15085      38.9087
   15086      39.0528
   15087      38.8651
   15088      39.1231
   15089      38.9584
   15090      39.3662
   15091      38.9453
   15092      39.1955
   15093      38.8961
   15094      39.0522
   15095      39.0796
   15096      38.8384
   15097      39.3567
   15098      39.0962
   15099      38.4204
   15100      38.3660
   15101      38.6172
   15102      39.0168
   15103      39.3429
   15104      39.2703
   15105      38.8521
   15106      39.1563
   15107      38.8340
   15108      39.3194
   15109      39.5441
   15110      39.7409
   15111      39.5541
   15112      39.9347
   15113      39.1493
   15114      39.2239
   15115      39.7183
   15116      39.1327
   15117      39.3687
   15118      39.6290
   15119      38.9242
   15120      38.9075
   15121      38.9335
   15122      39.5045
   15123      39.5471
   15124      39.2484
   15125      39.2129
   15126      39.2478
   15127      38.8350
   15128      39.1282
   15129      39.1951
   15130      39.2431
   15131      38.6535
   15132      39.1162
   15133      39.4443
   15134      39.2297
   15135      39.3040
   15136      38.9086
   15137      39.4979
   15138      39.1953
   15139      39.1502
   15140      38.5784
   15141      38.9403
   15142      38.8370
   15143      38.7792
   15144      38.9284
   15145      38.2840
   15146      39.0173
   15147      39.2094
   15148      39.3792
   15149      38.8116
   15150      39.0238
   15151      38.9950
   15152      38.4411
   15153      38.5049
   15154      38.9434
   15155      39.1308
   15156      38.5561
   15157      38.8610
   15158      39.1296
   15159      39.0021
   15160      39.0171
   15161      39.0384
   15162      39.0255
   15163      38.8750
   15164      38.8839
   15165      38.7876
   15166      38.9894
   15167      39.0608
   15168      39.0436
   15169      38.6760
   15170      38.9276
   15171      39.2060
   15172      38.9262
   15173      39.5895
   15174      39.1865
   15175      39.1080
   15176      38.9441
   15177      38.8234
   15178      39.1886
   15179      38.5749
   15180      39.4564
   15181      39.1138
   15182      38.7366
   15183      39.3059
   15184      38.4007
   15185      38.6006
   15186      38.5139
   15187      39.0665
   15188      38.7991
   15189      38.9241
   15190      38.7412
   15191      38.9184
   15192      38.6930
   15193      39.3423
   15194      38.9087
   15195      38.7964
   15196      38.5494
   15197      38.9119
   15198      38.5127
   15199      38.6259
   15200      38.6610
   15201      39.1579
   15202      38.6168
   15203      38.6095
   15204      38.7457
   15205      38.7787
   15206      39.2456
   15207      39.1770
   15208      39.0278
   15209      39.1802
   15210      38.8850
   15211      38.6086
   15212      38.8181
   15213      38.9635
   15214      38.5049
   15215      38.9357
   15216      38.7560
   15217      38.9408
   15218      38.9425
   15219      38.9072
   15220      38.8633
   15221      38.8232
   15222      38.7347
   15223      38.7962
   15224      39.1303
   15225      39.0739
   15226      39.0672
   15227      38.8637
   15228      38.8785
   15229      39.1377
   15230      39.2500
   15231      39.3131
   15232      38.5932
   15233      39.0784
   15234      38.8850
   15235      38.8131
   15236      38.8412
   15237      39.2611
   15238      39.0726
   15239      39.4942
   15240      39.0169
   15241      39.5087
   15242      39.1518
   15243      39.0714
   15244      38.9479
   15245      38.9450
   15246      38.5651
   15247      38.9074
   15248      39.0660
   15249      39.1653
   15250      39.1826
   15251      38.9279
   15252      39.8386
   15253      39.3163
   15254      39.3495
   15255      39.2637
   15256      39.3424
   15257      39.0186
   15258      39.2820
   15259      39.2077
   15260      39.1163
   15261      39.1542
   15262      39.2354
   15263      39.5397
   15264      39.1102
   15265      39.1572
   15266      39.2596
   15267      39.3573
   15268      38.9333
   15269      39.5488
   15270      38.9683
   15271      39.3606
   15272      39.3331
   15273      39.1295
   15274      39.1426
   15275      38.8277
   15276      39.1804
   15277      38.8425
   15278      39.4083
   15279      39.3523
   15280      39.3794
   15281      38.8663
   15282      38.9515
   15283      38.9982
   15284      38.9538
   15285      38.7762
   15286      39.4066
   15287      39.1956
   15288      39.0172
   15289      38.7387
   15290      38.6100
   15291      39.0694
   15292      38.5774
   15293      39.0925
   15294      38.9557
   15295      38.7623
   15296      38.8761
   15297      39.2638
   15298      39.2922
   15299      39.2668
   15300      39.1015
   15301      39.1972
   15302      38.8548
   15303      38.6501
   15304      38.8689
   15305      39.7697
   15306      39.0960
   15307      38.6241
   15308      38.8432
   15309      39.0786
   15310      39.1564
   15311      39.4863
   15312      39.4811
   15313      39.3503
   15314      39.4191
   15315      39.2540
   15316      39.0081
   15317      39.5395
   15318      39.1904
   15319      39.5276
   15320      39.3314
   15321      38.6704
   15322      38.5566
   15323      39.3703
   15324      39.1900
   15325      39.0878
   15326      38.7990
   15327      39.3513
   15328      39.2543
   15329      39.5741
   15330      39.1186
   15331      39.3846
   15332      39.2272
   15333      39.0434
   15334      39.0194
   15335      38.6740
   15336      38.8007
   15337      39.4260
   15338      39.3775
   15339      39.3433
   15340      39.1450
   15341      39.7162
   15342      39.4854
   15343      38.8042
   15344      39.0898
   15345      39.0043
   15346      38.7144
   15347      39.0697
   15348      38.9290
   15349      38.7865
   15350      39.1654
   15351      38.8767
   15352      38.8796
   15353      38.9356
   15354      38.5588
   15355      39.0319
   15356      38.2041
   15357      39.0395
   15358      39.1811
   15359      39.0272
   15360      38.7697
   15361      38.3873
   15362      38.6654
   15363      38.5882
   15364      38.4947
   15365      38.6489
   15366      38.4049
   15367      38.9242
   15368      38.4489
   15369      38.2093
   15370      38.3179
   15371      38.2098
   15372      38.3971
   15373      38.3857
   15374      39.2521
   15375      38.8149
   15376      38.8242
   15377      38.4528
   15378      38.3655
   15379      38.4781
   15380      38.1264
   15381      38.7331
   15382      38.2751
   15383      38.2781
   15384      38.1941
   15385      38.4013
   15386      38.3168
   15387      38.4718
   15388      38.3364
   15389      38.5962
   15390      38.7454
   15391      38.2931
   15392      38.3030
   15393      38.3537
   15394      38.4610
   15395      38.3341
   15396      38.7699
   15397      39.0143
   15398      38.5966
   15399      39.2197
   15400      38.4451
   15401      38.3951
   15402      38.0755
   15403      38.4061
   15404      39.1047
   15405      38.9058
   15406      38.5130
   15407      38.7182
   15408      38.5549
   15409      39.0685
   15410      38.6681
   15411      38.9210
   15412      38.6099
   15413      38.7961
   15414      38.7583
   15415      38.8612
   15416      39.0863
   15417      38.7176
   15418      38.5344
   15419      38.7117
   15420      38.7983
   15421      39.2702
   15422      39.0030
   15423      38.9465
   15424      38.6186
   15425      38.7680
   15426      38.5822
   15427      38.9840
   15428      38.6325
   15429      38.8413
   15430      38.6242
   15431      38.8478
   15432      38.8423
   15433      38.7795
   15434      38.5909
   15435      38.1932
   15436      38.4568
   15437      38.9965
   15438      39.1161
   15439      38.7741
   15440      39.2169
   15441      38.9089
   15442      39.2194
   15443      39.0173
   15444      38.9685
   15445      39.0867
   15446      38.9627
   15447      38.9694
   15448      38.8414
   15449      38.7576
   15450      38.7353
   15451      39.0960
   15452      38.8409
   15453      39.4644
   15454      39.5680
   15455      39.3776
   15456      39.9965
   15457      39.4024
   15458      39.7404
   15459      39.7709
   15460      39.5063
   15461      39.5350
   15462      39.0724
   15463      38.4973
   15464      38.6703
   15465      39.0517
   15466      39.0938
   15467      39.4041
   15468      39.0343
   15469      39.2873
   15470      39.0179
   15471      39.0246
   15472      38.9447
   15473      39.2136
   15474      39.5166
   15475      39.2431
   15476      39.3004
   15477      39.3152
   15478      39.0417
   15479      38.8450
   15480      39.2702
   15481      39.1867
   15482      39.0559
   15483      38.9349
   15484      39.0651
   15485      39.4088
   15486      38.9004
   15487      38.8201
   15488      39.2903
   15489      39.1649
   15490      39.1960
   15491      39.5199
   15492      38.8222
   15493      39.3539
   15494      39.0754
   15495      39.3058
   15496      38.6105
   15497      38.7030
   15498      39.0976
   15499      39.2000
   15500      39.0603
   15501      38.9750
   15502      38.8320
   15503      38.8680
   15504      38.6842
   15505      38.6132
   15506      38.8097
   15507      38.4923
   15508      38.5821
   15509      38.3176
   15510      38.2633
   15511      38.5191
   15512      38.9635
   15513      39.1439
   15514      39.0516
   15515      38.9709
   15516      39.5372
   15517      39.2138
   15518      39.0060
   15519      38.7840
   15520      38.7172
   15521      38.9823
   15522      39.1482
   15523      38.9897
   15524      38.6909
   15525      38.9180
   15526      39.1173
   15527      39.1112
   15528      39.1103
   15529      38.6740
   15530      39.1251
   15531      38.4912
   15532      39.0705
   15533      38.8445
   15534      38.9127
   15535      39.2476
   15536      39.4879
   15537      39.0363
   15538      38.9467
   15539      39.4295
   15540      39.2648
   15541      38.4872
   15542      38.8285
   15543      38.7159
   15544      38.3988
   15545      38.6187
   15546      38.6930
   15547      38.8273
   15548      38.5766
   15549      38.7501
   15550      39.0087
   15551      38.7711
   15552      38.6220
   15553      39.2585
   15554      38.9275
   15555      38.6829
   15556      39.5605
   15557      39.3151
   15558      39.6472
   15559      39.2376
   15560      39.5167
   15561      39.3341
   15562      39.7892
   15563      39.7346
   15564      39.2775
   15565      39.4078
   15566      39.1848
   15567      39.5398
   15568      39.4611
   15569      39.4014
   15570      39.1288
   15571      38.5883
   15572      39.0320
   15573      39.4417
   15574      39.4316
   15575      39.2786
   15576      39.4722
   15577      39.1840
   15578      38.8018
   15579      39.3810
   15580      39.3883
   15581      39.3988
   15582      39.4062
   15583      39.5430
   15584      39.6050
   15585      39.4659
   15586      39.5407
   15587      38.9742
   15588      39.3895
   15589      39.2907
   15590      38.7146
   15591      39.0689
   15592      39.3396
   15593      39.2206
   15594      39.3945
   15595      38.9485
   15596      39.2481
   15597      39.5389
   15598      39.6762
   15599      39.3421
   15600      39.0491
   15601      38.8665
   15602      39.6500
   15603      39.4823
   15604      39.1223
   15605      39.1415
   15606      39.0580
   15607      39.0960
   15608      39.0441
   15609      39.3034
   15610      39.3522
   15611      39.8610
   15612      39.7653
   15613      39.2064
   15614      39.2140
   15615      39.2152
   15616      39.5956
   15617      39.2825
   15618      38.8744
   15619      38.7200
   15620      39.4194
   15621      39.2169
   15622      39.3444
   15623      38.9270
   15624      38.9473
   15625      38.6693
   15626      38.4820
   15627      39.2716
   15628      39.1884
   15629      38.9021
   15630      39.3236
   15631      39.0359
   15632      38.8632
   15633      39.4433
   15634      38.9691
   15635      39.1701
   15636      38.8171
   15637      38.7305
   15638      38.6863
   15639      38.7183
   15640      38.4547
   15641      38.7483
   15642      38.5630
   15643      38.3874
   15644      38.8659
   15645      39.1814
   15646      39.2640
   15647      39.0954
   15648      38.6982
   15649      38.8270
   15650      39.1008
   15651      38.7133
   15652      39.1165
   15653      39.0047
   15654      39.1296
   15655      38.7729
   15656      39.2266
   15657      38.9289
   15658      38.7802
   15659      38.5131
   15660      38.5787
   15661      39.0326
   15662      38.7910
   15663      38.6357
   15664      38.5789
   15665      39.1684
   15666      38.8061
   15667      38.4814
   15668      39.0372
   15669      39.3510
   15670      38.9623
   15671      38.4532
   15672      39.0563
   15673      39.4793
   15674      39.1005
   15675      38.3528
   15676      39.0966
   15677      39.0662
   15678      38.9147
   15679      38.8043
   15680      39.1858
   15681      39.0194
   15682      38.8922
   15683      39.0124
   15684      38.9999
   15685      39.2823
   15686      39.2556
   15687      39.1816
   15688      39.4090
   15689      39.5450
   15690      39.3009
   15691      39.3200
   15692      39.1414
   15693      38.8346
   15694      38.8876
   15695      39.1550
   15696      38.9605
   15697      39.1468
   15698      39.5395
   15699      38.9709
   15700      38.7693
   15701      38.6921
   15702      39.2238
   15703      39.2948
   15704      39.0230
   15705      38.9710
   15706      38.7946
   15707      39.1420
   15708      39.3405
   15709      39.5491
   15710      38.6182
   15711      38.9111
   15712      39.5064
   15713      39.1857
   15714      38.9412
   15715      38.8763
   15716      38.9221
   15717      38.6473
   15718      38.5521
   15719      39.0002
   15720      39.3687
   15721      38.9227
   15722      38.7110
   15723      38.9138
   15724      39.2206
   15725      39.6435
   15726      39.4547
   15727      39.4928
   15728      38.9622
   15729      39.2506
   15730      38.9276
   15731      38.7639
   15732      38.5165
   15733      38.5258
   15734      38.1872
   15735      38.6268
   15736      38.8325
   15737      38.9714
   15738      39.0321
   15739      38.9142
   15740      38.9655
   15741      38.6923
   15742      38.8164
   15743      38.8613
   15744      38.8292
   15745      38.9095
   15746      38.9151
   15747      39.1516
   15748      38.7991
   15749      38.6501
   15750      38.6526
   15751      38.9044
   15752      38.9881
   15753      38.6074
   15754      38.9274
   15755      39.0416
   15756      38.7858
   15757      38.8900
   15758      39.1275
   15759      38.9043
   15760      38.6031
   15761      38.9588
   15762      38.6100
   15763      38.7599
   15764      38.7963
   15765      39.1388
   15766      39.0052
   15767      38.8408
   15768      38.8321
   15769      38.8960
   15770      38.3361
   15771      38.8431
   15772      38.9848
   15773      38.6666
   15774      38.7736
   15775      38.8497
   15776      39.2173
   15777      38.9346
   15778      39.0024
   15779      39.4336
   15780      39.4620
   15781      39.7182
   15782      39.4776
   15783      39.7257
   15784      39.3018
   15785      39.5959
   15786      39.6541
   15787      39.2226
   15788      38.8528
   15789      38.7679
   15790      39.0508
   15791      39.1336
   15792      38.6540
   15793      39.1457
   15794      39.4580
   15795      39.2048
   15796      39.1360
   15797      39.0861
   15798      39.1186
   15799      39.5803
   15800      39.2070
   15801      39.9317
   15802      39.6990
   15803      39.5687
   15804      39.4892
   15805      39.0919
   15806      39.2993
   15807      39.5337
   15808      39.3002
   15809      39.2293
   15810      39.4634
   15811      39.0845
   15812      39.3236
   15813      39.0212
   15814      39.4754
   15815      39.1048
   15816      39.4699
   15817      39.3712
   15818      39.6781
   15819      39.3608
   15820      38.7530
   15821      38.8476
   15822      39.1315
   15823      38.9650
   15824      39.1413
   15825      39.0596
   15826      39.2623
   15827      38.5847
   15828      39.0106
   15829      39.1217
   15830      38.9706
   15831      39.3252
   15832      38.6193
   15833      38.5295
   15834      38.9981
   15835      38.7231
   15836      38.3923
   15837      38.5257
   15838      39.2420
   15839      38.7538
   15840      39.1008
   15841      38.6966
   15842      38.8775
   15843      38.9585
   15844      38.7213
   15845      39.0481
   15846      38.5335
   15847      38.7396
   15848      39.3164
   15849      38.5435
   15850      38.7661
   15851      38.6454
   15852      38.8439
   15853      38.8472
   15854      38.8382
   15855      38.9222
   15856      38.7650
   15857      38.9080
   15858      39.8528
   15859      39.3575
   15860      38.8868
   15861      38.5588
   15862      38.6767
   15863      38.7894
   15864      38.5066
   15865      38.2869
   15866      39.0147
   15867      38.6407
   15868      38.9167
   15869      38.5890
   15870      39.0114
   15871      38.8007
   15872      38.8784
   15873      38.6154
   15874      39.2065
   15875      39.1335
   15876      39.1261
   15877      39.0680
   15878      39.0156
   15879      38.4118
   15880      38.4916
   15881      38.4526
   15882      38.5391
   15883      38.8920
   15884      38.9091
   15885      39.0689
   15886      39.4393
   15887      38.9239
   15888      39.2542
   15889      39.1576
   15890      38.6627
   15891      39.0203
   15892      39.0407
   15893      39.3884
   15894      39.1691
   15895      38.6694
   15896      39.0424
   15897      38.9878
   15898      39.1220
   15899      38.7716
   15900      38.8012
   15901      38.9522
   15902      38.9479
   15903      39.0788
   15904      39.9778
   15905      39.6940
   15906      39.7773
   15907      39.1665
   15908      39.0988
   15909      38.5502
   15910      38.9730
   15911      38.9627
   15912      38.9281
   15913      38.8574
   15914      38.6781
   15915      38.8712
   15916      38.7734
   15917      39.2915
   15918      39.6869
   15919      39.1858
   15920      38.9156
   15921      39.3864
   15922      38.9216
   15923      39.4957
   15924      39.6807
   15925      39.0496
   15926      39.1037
   15927      38.5635
   15928      39.0068
   15929      38.9790
   15930      39.1112
   15931      39.2590
   15932      38.7998
   15933      39.1993
   15934      39.3272
   15935      39.0328
   15936      39.0417
   15937      38.8333
   15938      38.6165
   15939      39.4878
   15940      38.5732
   15941      39.0703
   15942      39.2052
   15943      39.0087
   15944      39.6966
   15945      39.0353
   15946      38.8572
   15947      38.8225
   15948      38.6796
   15949      38.6652
   15950      39.4347
   15951      38.5955
   15952      38.6114
   15953      39.1423
   15954      39.0962
   15955      38.9516
   15956      39.4641
   15957      39.3657
   15958      38.8505
   15959      39.0558
   15960      39.0542
   15961      39.2048
   15962      39.4825
   15963      39.2710
   15964      38.9759
   15965      38.9147
   15966      39.0192
   15967      38.8545
   15968      38.8312
   15969      38.6152
   15970      38.8234
   15971      38.6366
   15972      38.9972
   15973      39.3819
   15974      39.5963
   15975      39.1641
   15976      39.2828
   15977      39.3126
   15978      39.3994
   15979      39.5153
   15980      39.2896
   15981      39.4169
   15982      39.1837
   15983      39.0338
   15984      38.7867
   15985      39.1166
   15986      38.7937
   15987      38.7727
   15988      38.6678
   15989      39.0106
   15990      38.7970
   15991      39.0447
   15992      38.9087
   15993      38.7730
   15994      38.8713
   15995      38.9734
   15996      38.9514
   15997      39.4447
   15998      39.1256
   15999      39.2660
   16000      39.1767
   16001      39.4267
   16002      38.9089
   16003      39.0515
   16004      39.2190
   16005      39.2421
   16006      39.3671
   16007      39.4752
   16008      38.9119
   16009      39.1979
   16010      39.3227
   16011      38.8637
   16012      39.4430
   16013      39.3236
   16014      38.9535
   16015      39.3641
   16016      39.0971
   16017      39.6711
   16018      39.1941
   16019      39.1818
   16020      39.4668
   16021      39.3165
   16022      39.2247
   16023      39.7695
   16024      39.3659
   16025      39.3228
   16026      39.0962
   16027      39.3158
   16028      39.3648
   16029      39.2379
   16030      39.0459
   16031      39.5120
   16032      38.8175
   16033      39.0130
   16034      39.1210
   16035      39.1472
   16036      39.1143
   16037      39.6140
   16038      39.2601
   16039      39.3894
   16040      39.2466
   16041      39.1298
   16042      39.0381
   16043      38.8743
   16044      38.4586
   16045      38.7861
   16046      38.6664
   16047      38.4175
   16048      39.3252
   16049      39.0426
   16050      39.0305
   16051      38.9817
   16052      38.5668
   16053      38.7530
   16054      38.8614
   16055      38.6147
   16056      38.7155
   16057      38.9536
   16058      39.0430
   16059      38.3831
   16060      38.6804
   16061      38.3999
   16062      38.5777
   16063      38.2344
   16064      38.7897
   16065      38.6589
   16066      38.6145
   16067      38.6359
   16068      38.6906
   16069      38.8100
   16070      38.3376
   16071      39.0304
   16072      39.1242
   16073      39.0614
   16074      38.8357
   16075      38.9940
   16076      39.1531
   16077      39.0476
   16078      38.9757
   16079      38.4358
   16080      38.8080
   16081      38.9968
   16082      38.9013
   16083      38.9486
   16084      38.5379
   16085      38.6008
   16086      39.3219
   16087      39.1619
   16088      38.7575
   16089      38.7385
   16090      38.5592
   16091      38.5604
   16092      38.5125
   16093      38.5954
   16094      39.0727
   16095      38.8895
   16096      38.3834
   16097      38.6455
   16098      38.6624
   16099      38.5136
   16100      38.9521
   16101      38.9595
   16102      38.8318
   16103      38.7512
   16104      38.6613
   16105      38.5073
   16106      39.0436
   16107      38.7227
   16108      38.4321
   16109      38.6397
   16110      38.6602
   16111      38.7164
   16112      38.7238
   16113      38.5575
   16114      38.3352
   16115      38.5193
   16116      38.6840
   16117      38.6550
   16118      39.1137
   16119      39.0889
   16120      38.2828
   16121      38.7089
   16122      38.5721
   16123      38.6461
   16124      38.7594
   16125      39.0099
   16126      39.0288
   16127      38.8569
   16128      39.1324
   16129      38.7914
   16130      38.6194
   16131      38.9929
   16132      38.6060
   16133      38.7073
   16134      38.3121
   16135      39.6433
   16136      38.7751
   16137      38.7006
   16138      38.8047
   16139      38.7757
   16140      38.5994
   16141      38.6564
   16142      38.6376
   16143      39.1596
   16144      38.6104
   16145      38.5834
   16146      38.7673
   16147      38.9541
   16148      38.9658
   16149      38.6853
   16150      38.8020
   16151      38.9697
   16152      38.9731
   16153      38.9769
   16154      38.5243
   16155      39.0295
   16156      38.6984
   16157      38.8078
   16158      38.8045
   16159      38.6861
   16160      38.7553
   16161      38.6082
   16162      38.8761
   16163      38.9299
   16164      38.9574
   16165      38.7452
   16166      38.7258
   16167      38.9470
   16168      38.7807
   16169      38.8129
   16170      38.6040
   16171      38.9542
   16172      38.3628
   16173      38.6375
   16174      38.7233
   16175      38.7062
   16176      38.2505
   16177      38.4289
   16178      38.6866
   16179      38.5750
   16180      38.7508
   16181      38.4977
   16182      38.5783
   16183      38.6301
   16184      38.9402
   16185      38.9782
   16186      39.0260
   16187      39.1580
   16188      38.6957
   16189      38.7777
   16190      39.2388
   16191      38.6881
   16192      38.6211
   16193      39.0326
   16194      38.5873
   16195      39.2888
   16196      39.3770
   16197      39.2097
   16198      39.0161
   16199      39.2906
   16200      38.7265
   16201      38.8007
   16202      39.2574
   16203      38.9837
   16204      39.2606
   16205      38.7892
   16206      38.4983
   16207      38.6527
   16208      38.2950
   16209      38.7139
   16210      38.7189
   16211      38.8902
   16212      38.9383
   16213      38.9050
   16214      38.9762
   16215      38.5865
   16216      38.6104
   16217      38.9888
   16218      39.0647
   16219      38.7623
   16220      39.1982
   16221      39.1292
   16222      39.3445
   16223      38.5285
   16224      39.2266
   16225      39.5907
   16226      39.2203
   16227      38.8208
   16228      39.4876
   16229      39.0055
   16230      39.1976
   16231      38.9229
   16232      38.7196
   16233      39.1082
   16234      38.7917
   16235      38.6806
   16236      38.8696
   16237      38.7940
   16238      38.3281
   16239      38.1055
   16240      38.2629
   16241      38.3563
   16242      38.0854
   16243      38.6449
   16244      38.6136
   16245      38.8527
   16246      38.8675
   16247      39.0290
   16248      38.9196
   16249      38.6821
   16250      38.7862
   16251      39.0811
   16252      38.8073
   16253      38.8165
   16254      39.0789
   16255      39.4532
   16256      38.9935
   16257      38.7699
   16258      38.8908
   16259      39.5070
   16260      39.0878
   16261      39.2654
   16262      38.8438
   16263      39.1750
   16264      38.6622
   16265      39.2641
   16266      38.7449
   16267      38.8348
   16268      38.3804
   16269      38.7668
   16270      39.3362
   16271      39.1220
   16272      38.5433
   16273      38.6893
   16274      38.5357
   16275      38.5114
   16276      38.8506
   16277      39.1925
   16278      38.4578
   16279      39.4666
   16280      38.9527
   16281      38.8786
   16282      38.9927
   16283      39.0325
   16284      39.0034
   16285      38.6715
   16286      39.0271
   16287      38.7010
   16288      39.3053
   16289      39.3836
   16290      38.7269
   16291      38.7624
   16292      39.2155
   16293      39.2571
   16294      38.6600
   16295      38.9949
   16296      39.0438
   16297      38.2796
   16298      38.6053
   16299      38.3157
   16300      38.9138
   16301      38.5437
   16302      38.8006
   16303      37.8788
   16304      38.1628
   16305      38.3135
   16306      38.4760
   16307      38.4435
   16308      38.3816
   16309      38.5719
   16310      37.9096
   16311      38.2742
   16312      38.5190
   16313      38.3998
   16314      37.4727
   16315      38.3983
   16316      38.8701
   16317      38.7199
   16318      38.8599
   16319      38.9872
   16320      38.5587
   16321      38.9790
   16322      39.1603
   16323      38.9680
   16324      39.1557
   16325      38.9276
   16326      39.1885
   16327      38.4253
   16328      39.1135
   16329      38.9247
   16330      39.0767
   16331      38.8609
   16332      38.8904
   16333      39.1722
   16334      39.1037
   16335      39.3237
   16336      39.5940
   16337      39.2606
   16338      39.3692
   16339      39.2781
   16340      38.8294
   16341      39.0324
   16342      39.0313
   16343      38.8475
   16344      38.7865
   16345      38.7044
   16346      38.9256
   16347      38.6895
   16348      39.4451
   16349      39.2746
   16350      39.2829
   16351      39.0509
   16352      39.1426
   16353      39.3710
   16354      39.2639
   16355      39.3026
   16356      38.9439
   16357      39.3322
   16358      38.7098
   16359      38.9642
   16360      38.6624
   16361      39.2120
   16362      38.7733
   16363      39.1676
   16364      39.3047
   16365      38.7720
   16366      39.0801
   16367      38.8635
   16368      38.4488
   16369      38.8940
   16370      39.2619
   16371      38.8307
   16372      38.9049
   16373      38.9549
   16374      39.0178
   16375      39.0075
   16376      39.3236
   16377      38.2611
   16378      38.8364
   16379      38.5370
   16380      38.5749
   16381      38.9419
   16382      38.8433
   16383      39.3297
   16384      38.9234
   16385      38.8191
   16386      38.9751
   16387      38.7320
   16388      39.2932
   16389      38.9228
   16390      38.5752
   16391      38.8366
   16392      38.7311
   16393      38.8892
   16394      38.7516
   16395      38.7155
   16396      39.0483
   16397      38.8703
   16398      38.6904
   16399      38.6404
   16400      38.6480
   16401      38.8292
   16402      38.6045
   16403      39.1907
   16404      38.8802
   16405      38.9768
   16406      38.5067
   16407      39.1187
   16408      39.0523
   16409      38.7241
   16410      38.8313
   16411      38.6925
   16412      38.8439
   16413      39.1500
   16414      38.4427
   16415      38.3889
   16416      38.3777
   16417      38.6204
   16418      39.0684
   16419      39.3495
   16420      39.1902
   16421      38.9379
   16422      39.1243
   16423      38.7032
   16424      39.4063
   16425      39.4245
   16426      39.1570
   16427      39.5294
   16428      39.0945
   16429      39.1589
   16430      38.9007
   16431      38.7296
   16432      38.9405
   16433      39.1699
   16434      39.5341
   16435      39.3537
   16436      39.2432
   16437      39.1420
   16438      38.9852
   16439      38.9838
   16440      38.8149
   16441      38.7048
   16442      38.9649
   16443      39.3007
   16444      38.9661
   16445      39.0514
   16446      38.9901
   16447      39.1157
   16448      38.7000
   16449      38.2401
   16450      38.9022
   16451      38.9559
   16452      38.7991
   16453      38.7841
   16454      38.5642
   16455      38.7936
   16456      38.9581
   16457      39.1070
   16458      39.0051
   16459      39.0893
   16460      39.0847
   16461      38.5381
   16462      39.2625
   16463      38.8453
   16464      39.6681
   16465      39.3077
   16466      39.0340
   16467      38.9664
   16468      39.1723
   16469      38.9864
   16470      38.8819
   16471      38.9897
   16472      38.7896
   16473      39.0580
   16474      38.9882
   16475      38.7499
   16476      38.8486
   16477      38.5887
   16478      39.0038
   16479      38.8157
   16480      38.9510
   16481      39.1123
   16482      38.7697
   16483      39.0061
   16484      39.0520
   16485      39.3238
   16486      39.7381
   16487      39.4287
   16488      38.9346
   16489      39.2654
   16490      39.0099
   16491      39.0256
   16492      39.4112
   16493      39.1576
   16494      39.0200
   16495      39.0161
   16496      38.9364
   16497      39.3341
   16498      39.1903
   16499      39.1112
   16500      39.1498
   16501      39.0559
   16502      38.9982
   16503      38.9703
   16504      38.9255
   16505      39.1515
   16506      38.9304
   16507      38.7205
   16508      38.7682
   16509      39.3799
   16510      39.2668
   16511      39.7600
   16512      39.0802
   16513      39.0048
   16514      39.0441
   16515      39.3117
   16516      39.0790
   16517      39.2886
   16518      39.5555
   16519      39.0572
   16520      38.6307
   16521      39.4167
   16522      39.4802
   16523      38.9297
   16524      39.2499
   16525      39.1837
   16526      38.9293
   16527      39.2559
   16528      39.1222
   16529      38.6145
   16530      38.4865
   16531      39.1022
   16532      39.1450
   16533      39.2059
   16534      39.6189
   16535      39.6056
   16536      39.0541
   16537      39.3623
   16538      38.8470
   16539      38.9259
   16540      39.1797
   16541      39.2302
   16542      39.0483
   16543      39.1534
   16544      38.8545
   16545      39.1786
   16546      39.1620
   16547      38.7479
   16548      38.4213
   16549      38.3924
   16550      38.6744
   16551      38.3768
   16552      38.3512
   16553      38.8456
   16554      38.6182
   16555      38.8223
   16556      38.9998
   16557      39.1273
   16558      38.9994
   16559      38.7562
   16560      38.6621
   16561      38.6219
   16562      38.6082
   16563      38.7165
   16564      38.8956
   16565      38.3137
   16566      38.5658
   16567      38.8018
   16568      38.9219
   16569      39.1133
   16570      38.8261
   16571      39.0427
   16572      38.5795
   16573      39.1702
   16574      38.7756
   16575      39.3551
   16576      39.2885
   16577      39.1458
   16578      39.1342
   16579      39.3781
   16580      39.1775
   16581      38.9016
   16582      39.3202
   16583      39.3133
   16584      39.3556
   16585      39.0265
   16586      38.7340
   16587      39.4589
   16588      38.9135
   16589      38.9717
   16590      38.9972
   16591      39.4227
   16592      39.1701
   16593      39.1474
   16594      38.9701
   16595      38.6661
   16596      39.0597
   16597      39.0232
   16598      39.0625
   16599      38.7335
   16600      38.7776
   16601      38.5582
   16602      39.0915
   16603      39.3085
   16604      39.5988
   16605      38.7829
   16606      38.9635
   16607      39.2892
   16608      39.0912
   16609      39.1395
   16610      39.2578
   16611      38.8261
   16612      39.3425
   16613      38.7478
   16614      39.0046
   16615      39.0009
   16616      39.1359
   16617      39.2405
   16618      38.8450
   16619      39.1399
   16620      39.2344
   16621      38.8058
   16622      38.7824
   16623      38.9709
   16624      38.8019
   16625      39.2751
   16626      38.7445
   16627      38.5837
   16628      38.6411
   16629      38.9672
   16630      38.8711
   16631      38.5996
   16632      39.4454
   16633      38.4197
   16634      38.4932
   16635      39.1102
   16636      39.0615
   16637      38.7707
   16638      38.9923
   16639      38.8788
   16640      38.6011
   16641      38.7712
   16642      38.8946
   16643      39.1715
   16644      38.9590
   16645      38.9088
   16646      39.0250
   16647      39.0894
   16648      38.9562
   16649      39.2321
   16650      38.9686
   16651      39.1184
   16652      39.1007
   16653      39.0720
   16654      39.5202
   16655      38.7944
   16656      38.8137
   16657      38.9278
   16658      38.7952
   16659      38.5667
   16660      38.5890
   16661      38.9682
   16662      39.2408
   16663      38.6026
   16664      38.7402
   16665      39.3929
   16666      38.9521
   16667      39.4663
   16668      38.9586
   16669      39.2229
   16670      39.0725
   16671      38.8992
   16672      38.7264
   16673      39.0639
   16674      38.9571
   16675      39.3415
   16676      39.2915
   16677      39.4507
   16678      38.9833
   16679      39.2171
   16680      38.7973
   16681      38.3869
   16682      38.8373
   16683      38.9461
   16684      38.9428
   16685      39.0638
   16686      39.1734
   16687      39.2436
   16688      38.9565
   16689      39.2744
   16690      38.2605
   16691      38.8060
   16692      39.0874
   16693      38.8591
   16694      38.6052
   16695      38.8827
   16696      38.8846
   16697      39.0110
   16698      38.8618
   16699      39.0455
   16700      39.1432
   16701      38.5425
   16702      38.7386
   16703      38.9778
   16704      38.8102
   16705      38.6271
   16706      38.8088
   16707      38.4041
   16708      38.7616
   16709      39.2086
   16710      39.3905
   16711      39.6457
   16712      39.5301
   16713      38.7612
   16714      38.7450
   16715      38.5288
   16716      39.0057
   16717      38.9609
   16718      38.8617
   16719      39.1109
   16720      38.7054
   16721      38.6080
   16722      38.5978
   16723      38.7946
   16724      38.9937
   16725      38.7745
   16726      39.2363
   16727      38.8908
   16728      38.9350
   16729      38.5338
   16730      38.7787
   16731      39.1682
   16732      38.8661
   16733      38.9526
   16734      39.0541
   16735      39.4376
   16736      38.6323
   16737      39.5873
   16738      38.6598
   16739      38.6890
   16740      39.1225
   16741      38.9428
   16742      39.0768
   16743      39.0582
   16744      39.2341
   16745      38.4846
   16746      38.6936
   16747      38.5139
   16748      38.5290
   16749      38.5836
   16750      38.9120
   16751      38.6660
   16752      38.2767
   16753      37.9884
   16754      38.4211
   16755      38.6685
   16756      38.1847
   16757      38.2639
   16758      38.0468
   16759      38.4348
   16760      38.6812
   16761      38.9918
   16762      39.2814
   16763      38.6785
   16764      39.2767
   16765      39.2858
   16766      38.5855
   16767      38.5990
   16768      38.6369
   16769      39.0403
   16770      38.7698
   16771      38.8049
   16772      39.0435
   16773      38.5971
   16774      38.8864
   16775      38.5363
   16776      39.0171
   16777      38.5887
   16778      38.8878
   16779      38.6063
   16780      38.6670
   16781      39.2974
   16782      38.6639
   16783      38.6840
   16784      38.9559
   16785      39.2443
   16786      39.0951
   16787      39.0042
   16788      39.0676
   16789      38.9212
   16790      39.3080
   16791      39.4675
   16792      38.9427
   16793      39.0996
   16794      39.1913
   16795      39.4232
   16796      39.0772
   16797      38.7696
   16798      39.0708
   16799      38.7478
   16800      38.8271
   16801      38.8781
   16802      39.0269
   16803      39.2422
   16804      39.1609
   16805      39.6229
   16806      39.4171
   16807      39.2610
   16808      39.2446
   16809      40.0775
   16810      39.2753
   16811      39.4144
   16812      39.1376
   16813      39.1561
   16814      39.1817
   16815      39.3918
   16816      39.4208
   16817      39.6341
   16818      39.2135
   16819      39.1182
   16820      39.0339
   16821      39.2769
   16822      38.7816
   16823      39.0581
   16824      39.1040
   16825      38.7597
   16826      39.0662
   16827      39.4751
   16828      39.2583
   16829      38.9146
   16830      39.2004
   16831      39.3595
   16832      39.2693
   16833      39.4341
   16834      38.9983
   16835      39.0206
   16836      39.5779
   16837      39.6540
   16838      39.5942
   16839      39.4004
   16840      39.8012
   16841      39.6244
   16842      39.0194
   16843      39.0065
   16844      39.5357
   16845      39.3759
   16846      39.0573
   16847      39.0963
   16848      39.0327
   16849      39.4729
   16850      39.1434
   16851      39.2511
   16852      39.7144
   16853      38.9630
   16854      39.5071
   16855      39.3335
   16856      39.1532
   16857      39.0660
   16858      39.0550
   16859      38.8942
   16860      38.9863
   16861      38.5673
   16862      38.7678
   16863      39.3907
   16864      39.1418
   16865      39.1302
   16866      39.3974
   16867      39.1302
   16868      39.3030
   16869      38.8704
   16870      38.9050
   16871      39.0897
   16872      39.2133
   16873      38.7657
   16874      39.1583
   16875      39.2641
   16876      39.2875
   16877      39.2656
   16878      38.9415
   16879      39.5739
   16880      39.4916
   16881      39.9177
   16882      39.5233
   16883      38.9469
   16884      38.6374
   16885      39.2643
   16886      38.9293
   16887      38.8219
   16888      38.7469
   16889      39.2976
   16890      38.7634
   16891      39.2428
   16892      39.0823
   16893      38.5263
   16894      38.6818
   16895      39.1769
   16896      39.2299
   16897      39.1577
   16898      38.8153
   16899      38.5004
   16900      38.6111
   16901      38.6889
   16902      38.8912
   16903      39.3835
   16904      39.0934
   16905      39.6432
   16906      39.1768
   16907      39.5327
   16908      39.1135
   16909      38.7423
   16910      38.7938
   16911      39.1970
   16912      38.8678
   16913      38.4871
   16914      39.1071
   16915      38.9133
   16916      39.1572
   16917      39.6518
   16918      39.3664
   16919      38.9159
   16920      38.9367
   16921      38.8878
   16922      39.1148
   16923      39.2143
   16924      39.1325
   16925      39.2369
   16926      39.1025
   16927      39.0658
   16928      38.8182
   16929      39.0896
   16930      39.4315
   16931      39.7054
   16932      39.0813
   16933      39.2224
   16934      39.3193
   16935      38.9786
   16936      38.8752
   16937      39.1625
   16938      39.1076
   16939      38.6471
   16940      39.0177
   16941      38.8608
   16942      38.6485
   16943      38.3553
   16944      39.1821
   16945      38.9568
   16946      38.7253
   16947      38.6776
   16948      38.8411
   16949      38.9589
   16950      38.4693
   16951      38.5867
   16952      39.1477
   16953      38.7554
   16954      38.9495
   16955      38.8447
   16956      38.7684
   16957      38.7689
   16958      38.6311
   16959      39.2572
   16960      39.2105
   16961      38.8420
   16962      39.2295
   16963      39.2182
   16964      39.3165
   16965      38.9131
   16966      39.2523
   16967      39.2162
   16968      39.0628
   16969      39.2893
   16970      38.7175
   16971      38.8871
   16972      39.0582
   16973      38.9293
   16974      39.1804
   16975      39.1706
   16976      39.1477
   16977      38.7712
   16978      38.9021
   16979      39.1449
   16980      39.0671
   16981      38.6714
   16982      38.7307
   16983      38.6244
   16984      38.7439
   16985      38.7766
   16986      38.6572
   16987      38.5608
   16988      39.0453
   16989      38.6311
   16990      39.2531
   16991      39.3195
   16992      38.7706
   16993      38.6201
   16994      39.0545
   16995      38.7972
   16996      39.0737
   16997      38.5560
   16998      39.1451
   16999      38.9379
   17000      39.0164
   17001      39.0721
   17002      39.0654
   17003      38.9072
   17004      38.8565
   17005      39.3804
   17006      39.3061
   17007      39.4794
   17008      39.1621
   17009      39.4769
   17010      39.0755
   17011      39.1534
   17012      39.6171
   17013      39.3117
   17014      38.8404
   17015      39.3777
   17016      38.8673
   17017      39.1537
   17018      38.9257
   17019      38.8721
   17020      39.1426
   17021      39.0563
   17022      38.9516
   17023      38.8040
   17024      38.6465
   17025      38.6183
   17026      38.9241
   17027      39.0951
   17028      39.2078
   17029      39.1873
   17030      39.2466
   17031      38.9557
   17032      39.1324
   17033      39.0286
   17034      39.2246
   17035      38.7605
   17036      39.3449
   17037      38.9598
   17038      39.1501
   17039      39.0099
   17040      38.8858
   17041      39.2973
   17042      39.5457
   17043      39.5416
   17044      39.0820
   17045      38.7562
   17046      39.4765
   17047      38.8820
   17048      39.3426
   17049      39.5003
   17050      39.0273
   17051      39.0628
   17052      39.6441
   17053      39.0833
   17054      39.7096
   17055      38.9753
   17056      38.6768
   17057      39.2345
   17058      39.2019
   17059      38.9414
   17060      39.0125
   17061      39.1853
   17062      39.3316
   17063      38.6669
   17064      39.2165
   17065      39.4614
   17066      39.3200
   17067      39.5368
   17068      39.0769
   17069      39.4126
   17070      39.6701
   17071      39.3373
   17072      39.1615
   17073      38.9828
   17074      39.2865
   17075      39.4361
   17076      39.5090
   17077      39.2172
   17078      39.0198
   17079      38.9143
   17080      39.4330
   17081      39.1463
   17082      39.3705
   17083      39.1361
   17084      38.8998
   17085      39.0121
   17086      39.1191
   17087      38.5630
   17088      38.9799
   17089      38.8491
   17090      39.0855
   17091      38.9706
   17092      39.1269
   17093      39.3717
   17094      39.2757
   17095      38.7504
   17096      38.7001
   17097      38.6389
   17098      38.7304
   17099      39.1504
   17100      39.0018
   17101      38.5199
   17102      38.7147
   17103      39.1928
   17104      39.6244
   17105      39.5050
   17106      39.1197
   17107      39.5010
   17108      39.2310
   17109      39.0185
   17110      38.8487
   17111      38.7702
   17112      39.7735
   17113      39.0811
   17114      38.7578
   17115      39.0075
   17116      39.2797
   17117      38.9816
   17118      39.2098
   17119      39.1124
   17120      39.3806
   17121      39.4060
   17122      39.1217
   17123      39.3393
   17124      39.5684
   17125      39.3600
   17126      39.7366
   17127      39.2272
   17128      39.1958
   17129      39.4059
   17130      39.5104
   17131      39.2556
   17132      39.6539
   17133      39.2909
   17134      39.1850
   17135      39.3367
   17136      39.7070
   17137      39.6728
   17138      39.2412
   17139      39.2082
   17140      38.6043
   17141      38.9885
   17142      38.8104
   17143      39.0404
   17144      39.3825
   17145      38.8123
   17146      38.5401
   17147      39.3476
   17148      39.6450
   17149      39.4842
   17150      39.1577
   17151      38.8152
   17152      39.1802
   17153      38.9461
   17154      38.7314
   17155      39.1670
   17156      39.2057
   17157      39.3161
   17158      38.9121
   17159      39.1405
   17160      38.9677
   17161      39.2903
   17162      38.9434
   17163      39.2725
   17164      39.6609
   17165      38.9764
   17166      38.8146
   17167      38.9160
   17168      39.0642
   17169      39.2318
   17170      39.1187
   17171      39.5363
   17172      39.3223
   17173      39.2231
   17174      39.1498
   17175      38.7562
   17176      39.1000
   17177      39.1973
   17178      39.0961
   17179      39.6236
   17180      39.2245
   17181      39.0754
   17182      39.0342
   17183      38.9227
   17184      38.8973
   17185      39.0172
   17186      38.9912
   17187      39.2234
   17188      38.9573
   17189      39.1716
   17190      39.1177
   17191      39.0212
   17192      39.2799
   17193      39.3732
   17194      39.5140
   17195      39.7021
   17196      39.1769
   17197      39.3582
   17198      39.2120
   17199      39.5232
   17200      39.3078
   17201      39.0782
   17202      39.4263
   17203      39.4304
   17204      39.5313
   17205      39.5609
   17206      39.6827
   17207      39.6148
   17208      39.5677
   17209      39.5177
   17210      39.7424
   17211      39.4555
   17212      39.4920
   17213      39.8665
   17214      39.2248
   17215      39.2233
   17216      39.5745
   17217      39.1911
   17218      39.6719
   17219      39.5777
   17220      39.7853
   17221      39.3494
   17222      39.5210
   17223      39.7225
   17224      39.4012
   17225      39.2952
   17226      39.3002
   17227      39.3857
   17228      39.4477
   17229      39.4266
   17230      39.5811
   17231      39.1520
   17232      39.2496
   17233      39.5189
   17234      39.1139
   17235      39.1358
   17236      39.2638
   17237      39.1022
   17238      38.8316
   17239      39.1246
   17240      39.5046
   17241      39.2109
   17242      38.8945
   17243      39.4620
   17244      39.7300
   17245      39.0271
   17246      39.0623
   17247      38.7867
   17248      38.8864
   17249      39.1927
   17250      39.0890
   17251      39.3413
   17252      38.7392
   17253      39.0595
   17254      38.8718
   17255      39.2369
   17256      39.1805
   17257      39.1697
   17258      39.2707
   17259      39.2237
   17260      39.4704
   17261      39.5565
   17262      39.0420
   17263      39.0450
   17264      38.8941
   17265      38.9734
   17266      39.2663
   17267      38.8701
   17268      38.6820
   17269      38.8505
   17270      39.3540
   17271      38.7296
   17272      38.8111
   17273      38.6812
   17274      39.0074
   17275      38.6413
   17276      38.6269
   17277      38.3543
   17278      38.5002
   17279      38.5232
   17280      38.9318
   17281      38.7217
   17282      38.7638
   17283      38.3998
   17284      38.3934
   17285      38.2934
   17286      38.3706
   17287      38.7195
   17288      38.6028
   17289      38.6681
   17290      38.4100
   17291      39.1468
   17292      38.8666
   17293      38.7537
   17294      38.7086
   17295      38.5689
   17296      38.9809
   17297      38.7691
   17298      38.7705
   17299      38.9265
   17300      39.2069
   17301      39.0729
   17302      38.5167
   17303      38.4700
   17304      39.1534
   17305      38.7604
   17306      39.0605
   17307      39.2474
   17308      38.9568
   17309      38.8316
   17310      38.7579
   17311      38.5399
   17312      38.9810
   17313      38.9152
   17314      38.1035
   17315      38.6024
   17316      38.7450
   17317      38.9279
   17318      39.2022
   17319      39.4374
   17320      38.9620
   17321      39.4890
   17322      39.3031
   17323      38.8260
   17324      39.4211
   17325      39.0407
   17326      38.7814
   17327      38.9756
   17328      39.6276
   17329      38.9108
   17330      39.2912
   17331      38.8256
   17332      38.7444
   17333      38.8286
   17334      39.2060
   17335      38.7942
   17336      39.7001
   17337      39.3623
   17338      39.6185
   17339      38.8654
   17340      38.7237
   17341      38.8113
   17342      38.8737
   17343      39.1642
   17344      39.0777
   17345      39.2064
   17346      38.7502
   17347      38.6833
   17348      39.1137
   17349      38.9041
   17350      38.4289
   17351      39.3949
   17352      39.2617
   17353      39.4236
   17354      38.9183
   17355      39.3561
   17356      39.1383
   17357      39.3520
   17358      38.6127
   17359      39.0015
   17360      39.2786
   17361      39.6008
   17362      39.0697
   17363      38.7772
   17364      39.0513
   17365      38.8610
   17366      39.2313
   17367      39.2706
   17368      39.2710
   17369      39.2577
   17370      39.2795
   17371      39.1533
   17372      39.4249
   17373      39.1452
   17374      38.9576
   17375      39.2651
   17376      39.2010
   17377      38.8401
   17378      38.7614
   17379      38.9786
   17380      38.9910
   17381      39.0823
   17382      38.8182
   17383      38.7342
   17384      39.0976
   17385      38.5549
   17386      38.5747
   17387      39.2447
   17388      39.2175
   17389      38.9040
   17390      39.5056
   17391      38.7103
   17392      38.9141
   17393      39.3034
   17394      39.3479
   17395      39.0888
   17396      38.6323
   17397      38.9961
   17398      39.7146
   17399      39.1834
   17400      38.9814
   17401      39.3136
   17402      39.0040
   17403      39.3189
   17404      38.8633
   17405      39.4079
   17406      39.4191
   17407      39.3655
   17408      38.8067
   17409      38.8460
   17410      39.1718
   17411      39.3139
   17412      38.6660
   17413      38.9916
   17414      39.3952
   17415      39.2244
   17416      39.4692
   17417      39.1860
   17418      39.1559
   17419      39.2990
   17420      39.2302
   17421      39.3937
   17422      39.3239
   17423      39.3290
   17424      39.5985
   17425      39.3728
   17426      38.8355
   17427      39.2680
   17428      38.9638
   17429      38.9225
   17430      39.4845
   17431      39.1124
   17432      39.8360
   17433      39.6799
   17434      39.8510
   17435      39.2992
   17436      39.2169
   17437      39.6915
   17438      39.5390
   17439      38.9932
   17440      39.0029
   17441      38.9469
   17442      39.7533
   17443      39.3240
   17444      38.9895
   17445      39.3985
   17446      39.5344
   17447      39.9199
   17448      39.5690
   17449      39.4573
   17450      39.3160
   17451      39.0581
   17452      39.1651
   17453      39.0490
   17454      38.5208
   17455      39.2583
   17456      39.4250
   17457      38.9636
   17458      39.1179
   17459      38.5900
   17460      38.5459
   17461      38.8960
   17462      38.9873
   17463      39.0934
   17464      39.0277
   17465      38.8805
   17466      39.2461
   17467      38.9608
   17468      39.1418
   17469      39.0281
   17470      39.0161
   17471      39.3444
   17472      39.0164
   17473      39.1116
   17474      39.0328
   17475      39.4453
   17476      39.3046
   17477      39.1924
   17478      39.0399
   17479      39.5146
   17480      39.2797
   17481      39.2585
   17482      38.9904
   17483      39.2663
   17484      39.6864
   17485      39.1297
   17486      39.0839
   17487      39.3726
   17488      39.1776
   17489      38.9297
   17490      39.0847
   17491      39.2456
   17492      39.2229
   17493      39.1156
   17494      38.9450
   17495      38.7997
   17496      38.7081
   17497      38.8083
   17498      39.0682
   17499      38.7488
   17500      38.9962
   17501      38.8126
   17502      39.2250
   17503      39.1075
   17504      39.2881
   17505      38.8693
   17506      38.8871
   17507      39.1421
   17508      39.0586
   17509      38.8436
   17510      39.4865
   17511      39.3249
   17512      38.7815
   17513      39.1412
   17514      39.2560
   17515      38.8692
   17516      39.0240
   17517      39.0580
   17518      38.9851
   17519      39.3884
   17520      39.3104
   17521      38.9496
   17522      39.3681
   17523      39.2957
   17524      39.0559
   17525      39.1578
   17526      39.1976
   17527      39.1560
   17528      39.0028
   17529      39.1686
   17530      39.1827
   17531      39.5669
   17532      39.1038
   17533      39.2494
   17534      39.1081
   17535      38.8453
   17536      38.7690
   17537      39.0047
   17538      38.8885
   17539      39.0328
   17540      38.9279
   17541      39.2396
   17542      39.0987
   17543      38.9697
   17544      39.1114
   17545      38.9006
   17546      38.8222
   17547      39.1821
   17548      38.6051
   17549      38.4938
   17550      38.8368
   17551      38.6873
   17552      38.7743
   17553      38.8216
   17554      38.6606
   17555      38.9784
   17556      38.4003
   17557      38.3825
   17558      39.1414
   17559      39.1323
   17560      38.9397
   17561      38.9490
   17562      39.2755
   17563      39.1968
   17564      39.3262
   17565      39.2297
   17566      39.5205
   17567      38.9202
   17568      38.8587
   17569      39.0762
   17570      39.2234
   17571      39.4005
   17572      39.4529
   17573      38.8486
   17574      38.7585
   17575      38.9646
   17576      39.0937
   17577      38.9759
   17578      38.9502
   17579      38.8713
   17580      38.9274
   17581      39.2158
   17582      38.9417
   17583      39.3478
   17584      39.1656
   17585      38.7903
   17586      38.3738
   17587      38.9089
   17588      38.9702
   17589      38.6163
   17590      38.9098
   17591      39.0114
   17592      38.9469
   17593      39.0172
   17594      39.0416
   17595      38.8598
   17596      39.0982
   17597      38.4543
   17598      39.1606
   17599      39.0930
   17600      38.5987
   17601      38.7409
   17602      38.6619
   17603      39.0067
   17604      39.3018
   17605      38.8207
   17606      38.9527
   17607      39.0226
   17608      38.9889
   17609      38.9241
   17610      39.2073
   17611      38.6758
   17612      39.2091
   17613      39.0999
   17614      38.7247
   17615      39.0659
   17616      39.0900
   17617      38.9409
   17618      39.0626
   17619      38.9891
   17620      39.6452
   17621      39.2401
   17622      39.4535
   17623      38.8491
   17624      38.9179
   17625      38.9467
   17626      38.7629
   17627      39.0228
   17628      39.7287
   17629      38.9333
   17630      39.0675
   17631      39.0609
   17632      39.0388
   17633      39.0596
   17634      39.0143
   17635      39.2098
   17636      39.0591
   17637      38.7516
   17638      38.6967
   17639      39.0886
   17640      39.0797
   17641      39.0725
   17642      38.9569
   17643      39.7954
   17644      39.2661
   17645      39.5375
   17646      39.0748
   17647      38.9056
   17648      39.0182
   17649      38.7353
   17650      38.9192
   17651      39.3782
   17652      39.5431
   17653      39.1637
   17654      39.2034
   17655      39.8128
   17656      39.5174
   17657      39.5115
   17658      39.0729
   17659      39.1618
   17660      39.3344
   17661      39.4156
   17662      39.1374
   17663      39.3277
   17664      39.0595
   17665      38.9374
   17666      39.1741
   17667      39.4977
   17668      39.2222
   17669      38.9626
   17670      38.7288
   17671      39.0933
   17672      38.9147
   17673      38.9297
   17674      39.6804
   17675      39.4356
   17676      39.2033
   17677      38.9841
   17678      39.2672
   17679      39.3430
   17680      38.8314
   17681      39.1737
   17682      39.1577
   17683      38.9734
   17684      38.9914
   17685      38.5120
   17686      38.7203
   17687      39.3164
   17688      38.9299
   17689      39.1114
   17690      38.9894
   17691      39.3563
   17692      39.2439
   17693      38.9121
   17694      39.2127
   17695      38.9538
   17696      39.0053
   17697      39.2778
   17698      39.2896
   17699      39.0653
   17700      39.7481
   17701      39.3108
   17702      39.4080
   17703      39.2548
   17704      39.6636
   17705      39.0249
   17706      39.1498
   17707      39.8308
   17708      39.5207
   17709      39.4429
   17710      39.1413
   17711      39.1701
   17712      38.8341
   17713      39.2474
   17714      38.9583
   17715      38.7213
   17716      38.8709
   17717      38.9344
   17718      38.9928
   17719      38.6913
   17720      39.2876
   17721      39.3543
   17722      38.8318
   17723      38.9753
   17724      39.2131
   17725      39.2797
   17726      39.3647
   17727      39.2851
   17728      39.0483
   17729      38.8215
   17730      38.8109
   17731      38.9447
   17732      38.7659
   17733      38.9880
   17734      38.6070
   17735      38.9704
   17736      38.8259
   17737      38.8218
   17738      39.1031
   17739      38.5735
   17740      38.8228
   17741      39.3427
   17742      39.1659
   17743      38.8620
   17744      38.9226
   17745      38.9278
   17746      38.9660
   17747      39.2312
   17748      39.7828
   17749      38.8283
   17750      39.2341
   17751      38.5705
   17752      38.7733
   17753      38.8730
   17754      38.8497
   17755      38.4703
   17756      38.5182
   17757      39.2934
   17758      39.5024
   17759      39.8939
   17760      39.2283
   17761      39.0633
   17762      39.5521
   17763      39.0054
   17764      39.0608
   17765      39.5919
   17766      39.6182
   17767      38.6708
   17768      38.8653
   17769      39.0850
   17770      39.2613
   17771      39.2028
   17772      38.9947
   17773      39.1359
   17774      39.1963
   17775      39.3352
   17776      38.9913
   17777      39.0714
   17778      38.8888
   17779      39.3517
   17780      39.0832
   17781      38.8693
   17782      38.9993
   17783      39.2837
   17784      39.2628
   17785      39.2720
   17786      39.1470
   17787      39.1149
   17788      39.0395
   17789      39.0731
   17790      39.3966
   17791      39.5201
   17792      39.3869
   17793      39.3225
   17794      39.0714
   17795      39.8155
   17796      39.6860
   17797      39.2471
   17798      38.8492
   17799      39.3377
   17800      39.1207
   17801      39.3466
   17802      39.3992
   17803      39.1801
   17804      39.2355
   17805      39.0472
   17806      39.1264
   17807      39.3453
   17808      39.6449
   17809      38.9566
   17810      39.0998
   17811      39.7505
   17812      39.6801
   17813      39.2687
   17814      38.9356
   17815      39.0444
   17816      39.2588
   17817      39.4534
   17818      39.4522
   17819      39.7356
   17820      39.3191
   17821      38.8991
   17822      38.9674
   17823      39.1517
   17824      38.8951
   17825      39.4642
   17826      39.1671
   17827      39.0508
   17828      38.6935
   17829      39.1106
   17830      38.7439
   17831      39.2661
   17832      39.4443
   17833      39.4368
   17834      39.2223
   17835      39.1576
   17836      39.4366
   17837      39.5806
   17838      38.9894
   17839      38.7645
   17840      39.1273
   17841      38.7759
   17842      38.8713
   17843      38.9765
   17844      38.7681
   17845      38.9357
   17846      38.8779
   17847      38.4655
   17848      38.3601
   17849      38.9027
   17850      39.0682
   17851      38.8889
   17852      38.6508
   17853      38.9059
   17854      38.9072
   17855      38.7926
   17856      39.1922
   17857      38.5934
   17858      38.3699
   17859      38.3734
   17860      38.3538
   17861      38.4665
   17862      38.3062
   17863      38.5615
   17864      39.0770
   17865      39.0907
   17866      39.4937
   17867      38.5563
   17868      38.8592
   17869      38.4849
   17870      38.6976
   17871      38.7210
   17872      38.7317
   17873      38.5715
   17874      38.5690
   17875      38.8895
   17876      38.7619
   17877      38.9663
   17878      38.9226
   17879      38.6963
   17880      38.9944
   17881      38.9265
   17882      39.1374
   17883      38.9239
   17884      39.0879
   17885      38.8180
   17886      38.5495
   17887      38.8405
   17888      39.0644
   17889      38.4867
   17890      38.6058
   17891      38.8711
   17892      38.6881
   17893      39.0351
   17894      38.8328
   17895      38.8498
   17896      39.3894
   17897      39.1851
   17898      38.7544
   17899      39.2154
   17900      39.0207
   17901      38.9705
   17902      39.0145
   17903      38.9776
   17904      39.2227
   17905      38.8844
   17906      38.9696
   17907      39.0460
   17908      38.8360
   17909      38.9267
   17910      38.9466
   17911      39.0700
   17912      38.7541
   17913      38.7370
   17914      38.9487
   17915      38.8165
   17916      38.8515
   17917      38.6330
   17918      38.8594
   17919      38.8577
   17920      39.0620
   17921      38.9357
   17922      38.6152
   17923      39.3621
   17924      39.5570
   17925      39.3964
   17926      39.3824
   17927      39.4282
   17928      39.1215
   17929      39.2121
   17930      39.1469
   17931      38.5580
   17932      39.1086
   17933      38.8751
   17934      38.8175
   17935      38.7929
   17936      38.7819
   17937      38.9410
   17938      38.9058
   17939      39.2603
   17940      38.9650
   17941      38.7441
   17942      38.8664
   17943      38.6208
   17944      38.6103
   17945      38.9309
   17946      39.0851
   17947      39.0825
   17948      39.0907
   17949      38.9058
   17950      39.1700
   17951      38.9976
   17952      38.9055
   17953      38.5350
   17954      38.5540
   17955      38.4836
   17956      38.4797
   17957      38.8863
   17958      38.6539
   17959      39.1581
   17960      38.8234
   17961      38.9839
   17962      38.9125
   17963      39.1263
   17964      39.2993
   17965      38.8441
   17966      38.7242
   17967      39.2764
   17968      39.3373
   17969      38.9825
   17970      39.1126
   17971      38.9935
   17972      38.8829
   17973      39.4155
   17974      39.5020
   17975      38.9725
   17976      38.9763
   17977      39.3602
   17978      39.4424
   17979      39.3993
   17980      39.1782
   17981      39.0630
   17982      38.5655
   17983      38.6067
   17984      38.8102
   17985      39.0190
   17986      38.7904
   17987      38.5816
   17988      38.6477
   17989      38.7462
   17990      39.1867
   17991      38.8963
   17992      39.1412
   17993      39.1699
   17994      39.5051
   17995      39.3849
   17996      38.7677
   17997      39.2398
   17998      38.9085
   17999      39.1431
   18000      38.8599
   18001      38.5294
   18002      38.6265
   18003      39.3710
   18004      39.0023
   18005      39.3799
   18006      39.0546
   18007      39.2482
   18008      38.8479
   18009      39.2182
   18010      39.2727
   18011      39.3431
   18012      39.1008
   18013      39.6855
   18014      39.5155
   18015      39.7436
   18016      38.9789
   18017      38.6800
   18018      38.6474
   18019      39.0163
   18020      38.8436
   18021      39.0683
   18022      38.9710
   18023      38.9254
   18024      39.0904
   18025      38.9148
   18026      38.6983
   18027      38.4056
   18028      38.9746
   18029      39.0753
   18030      39.1767
   18031      39.2191
   18032      39.1273
   18033      39.1165
   18034      39.4997
   18035      39.6401
   18036      39.3895
   18037      38.9908
   18038      39.1808
   18039      39.4825
   18040      39.0227
   18041      39.0834
   18042      39.5918
   18043      39.0946
   18044      39.2162
   18045      39.1937
   18046      39.1280
   18047      38.6589
   18048      39.0035
   18049      39.1853
   18050      39.0392
   18051      39.0545
   18052      38.8208
   18053      39.2957
   18054      39.1737
   18055      39.3130
   18056      38.8713
   18057      38.9765
   18058      39.3018
   18059      39.6205
   18060      39.1556
   18061      39.3914
   18062      39.0477
   18063      39.4746
   18064      39.4302
   18065      38.9182
   18066      38.9920
   18067      39.2371
   18068      38.2500
   18069      38.9433
   18070      38.6490
   18071      38.8703
   18072      38.8945
   18073      39.2695
   18074      39.0351
   18075      39.0585
   18076      39.3448
   18077      39.1330
   18078      38.9760
   18079      39.3799
   18080      38.9719
   18081      38.9835
   18082      39.3652
   18083      38.9915
   18084      39.2644
   18085      38.9107
   18086      39.2655
   18087      38.9491
   18088      39.1490
   18089      39.1418
   18090      39.0031
   18091      39.6033
   18092      39.2576
   18093      39.5971
   18094      39.2679
   18095      39.3089
   18096      39.2438
   18097      38.9876
   18098      38.8455
   18099      39.1279
   18100      39.0682
   18101      39.6515
   18102      39.7021
   18103      40.0578
   18104      39.0764
   18105      38.9121
   18106      39.2646
   18107      38.9711
   18108      39.2335
   18109      39.1812
   18110      38.9676
   18111      39.1510
   18112      38.4861
   18113      39.2682
   18114      39.2327
   18115      39.4955
   18116      39.6775
   18117      39.7343
   18118      39.4920
   18119      39.3558
   18120      39.0268
   18121      39.1688
   18122      39.3933
   18123      39.1383
   18124      39.6415
   18125      39.0220
   18126      39.3509
   18127      39.5582
   18128      39.4081
   18129      39.1585
   18130      39.1447
   18131      39.0162
   18132      39.1124
   18133      39.1062
   18134      39.3749
   18135      39.5013
   18136      39.0151
   18137      38.7556
   18138      39.1062
   18139      38.7926
   18140      39.1484
   18141      39.2494
   18142      39.4452
   18143      39.9521
   18144      39.4163
   18145      39.1920
   18146      39.0994
   18147      39.3703
   18148      39.2136
   18149      39.1576
   18150      39.2216
   18151      39.6034
   18152      38.7461
   18153      38.8471
   18154      38.9238
   18155      39.4891
   18156      39.1346
   18157      39.2130
   18158      39.3878
   18159      39.0580
   18160      39.1851
   18161      39.1094
   18162      39.0094
   18163      39.3062
   18164      39.3065
   18165      39.4684
   18166      39.3388
   18167      39.1780
   18168      39.0688
   18169      38.8186
   18170      38.7838
   18171      38.5005
   18172      39.5182
   18173      39.6991
   18174      39.2874
   18175      39.0858
   18176      39.5669
   18177      39.0071
   18178      39.2476
   18179      39.2116
   18180      39.3509
   18181      39.1841
   18182      38.9561
   18183      38.9478
   18184      38.8298
   18185      38.4391
   18186      39.0326
   18187      38.8218
   18188      39.1248
   18189      39.2565
   18190      39.1864
   18191      38.6678
   18192      39.0678
   18193      39.1696
   18194      39.3326
   18195      39.2287
   18196      39.3078
   18197      39.0494
   18198      38.7452
   18199      39.0392
   18200      38.8023
   18201      38.9399
   18202      39.1854
   18203      38.7143
   18204      38.7671
   18205      38.9083
   18206      39.1173
   18207      39.2062
   18208      39.0161
   18209      39.1898
   18210      38.5313
   18211      39.0241
   18212      39.1263
   18213      39.4583
   18214      39.5729
   18215      39.4761
   18216      39.1341
   18217      39.1777
   18218      39.2144
   18219      39.1967
   18220      38.9317
   18221      39.1423
   18222      38.9133
   18223      38.8547
   18224      39.2888
   18225      39.0636
   18226      38.7377
   18227      39.4073
   18228      38.8007
   18229      39.1612
   18230      38.7388
   18231      39.0411
   18232      38.8001
   18233      38.9849
   18234      38.6437
   18235      38.5971
   18236      38.7925
   18237      38.5033
   18238      38.4992
   18239      38.5455
   18240      38.8813
   18241      38.7865
   18242      39.2319
   18243      39.0923
   18244      38.9230
   18245      39.1635
   18246      39.2462
   18247      39.1856
   18248      38.5235
   18249      38.7122
   18250      39.3866
   18251      38.7511
   18252      39.2921
   18253      38.9216
   18254      38.8084
   18255      38.8317
   18256      39.0066
   18257      39.2297
   18258      39.0120
   18259      38.9852
   18260      38.8468
   18261      39.2687
   18262      38.8304
   18263      39.3542
   18264      39.2101
   18265      38.8844
   18266      39.2586
   18267      39.1018
   18268      38.9059
   18269      38.9021
   18270      39.0975
   18271      38.9863
   18272      38.9262
   18273      39.1024
   18274      39.1187
   18275      38.9179
   18276      38.9064
   18277      38.8711
   18278      38.9046
   18279      38.8902
   18280      39.1067
   18281      39.0531
   18282      39.5494
   18283      39.5607
   18284      39.2328
   18285      39.2628
   18286      39.1860
   18287      39.3870
   18288      39.2530
   18289      39.0285
   18290      39.5366
   18291      39.4297
   18292      39.1423
   18293      38.8434
   18294      39.0193
   18295      38.8861
   18296      39.5974
   18297      39.3806
   18298      39.2620
   18299      39.3541
   18300      39.1232
   18301      39.1362
   18302      39.3235
   18303      39.1593
   18304      39.5833
   18305      39.3188
   18306      39.1721
   18307      39.2931
   18308      39.4602
   18309      38.8226
   18310      39.2520
   18311      39.1603
   18312      39.2343
   18313      39.1635
   18314      39.1553
   18315      39.0576
   18316      38.8422
   18317      38.9388
   18318      39.0559
   18319      39.0313
   18320      39.2818
   18321      39.3164
   18322      39.2374
   18323      39.2057
   18324      39.3071
   18325      39.4024
   18326      39.2188
   18327      39.2950
   18328      39.0475
   18329      38.9496
   18330      38.8845
   18331      38.9180
   18332      39.2038
   18333      39.4485
   18334      38.7895
   18335      39.1258
   18336      39.5794
   18337      39.0829
   18338      39.1590
   18339      39.0957
   18340      39.1075
   18341      39.0460
   18342      38.4201
   18343      38.9798
   18344      38.4174
   18345      38.4697
   18346      38.6503
   18347      38.5131
   18348      38.8427
   18349      38.5929
   18350      39.0361
   18351      39.3053
   18352      39.0963
   18353      39.4599
   18354      39.5426
   18355      39.8478
   18356      39.2143
   18357      39.2925
   18358      39.4610
   18359      39.3228
   18360      39.8759
   18361      39.4024
   18362      39.2711
   18363      39.2558
   18364      39.3151
   18365      39.2108
   18366      39.1341
   18367      39.2201
   18368      39.4430
   18369      39.3797
   18370      39.2200
   18371      39.4763
   18372      39.0574
   18373      39.2002
   18374      38.7671
   18375      39.0834
   18376      38.6499
   18377      39.0431
   18378      38.7128
   18379      39.0669
   18380      39.0521
   18381      38.9314
   18382      39.2338
   18383      39.2951
   18384      39.8740
   18385      39.2344
   18386      39.1673
   18387      39.2176
   18388      38.6537
   18389      38.9802
   18390      39.2117
   18391      38.7570
   18392      38.6221
   18393      39.0745
   18394      38.6768
   18395      38.5977
   18396      38.9667
   18397      38.7211
   18398      38.6272
   18399      38.5418
   18400      38.7764
   18401      38.9673
   18402      38.8487
   18403      39.0428
   18404      39.0689
   18405      39.0181
   18406      38.6247
   18407      39.2528
   18408      39.1736
   18409      38.9360
   18410      38.5038
   18411      39.2784
   18412      39.3900
   18413      38.7917
   18414      38.8879
   18415      39.0454
   18416      39.1773
   18417      38.9974
   18418      38.8543
   18419      39.0190
   18420      38.6669
   18421      38.9095
   18422      39.3093
   18423      39.0001
   18424      38.9340
   18425      39.1444
   18426      39.0465
   18427      38.7189
   18428      38.8238
   18429      39.1997
   18430      38.7197
   18431      38.7879
   18432      39.0611
   18433      39.2328
   18434      39.3744
   18435      38.9932
   18436      39.2810
   18437      39.0066
   18438      39.3227
   18439      39.3141
   18440      39.1237
   18441      39.0704
   18442      39.2482
   18443      39.1269
   18444      39.0139
   18445      38.7090
   18446      38.7441
   18447      38.8214
   18448      38.7611
   18449      39.1200
   18450      39.3844
   18451      39.2149
   18452      39.2521
   18453      39.2974
   18454      39.2957
   18455      39.4067
   18456      39.1872
   18457      39.3628
   18458      39.3812
   18459      38.8886
   18460      38.9502
   18461      38.9100
   18462      39.1086
   18463      39.1777
   18464      39.2768
   18465      39.2141
   18466      39.2166
   18467      39.8499
   18468      39.0025
   18469      39.0872
   18470      38.6102
   18471      38.9402
   18472      39.3832
   18473      38.9624
   18474      39.3323
   18475      39.6019
   18476      39.5196
   18477      39.4095
   18478      39.6311
   18479      39.0487
   18480      39.0621
   18481      38.9183
   18482      39.1282
   18483      39.0805
   18484      39.5228
   18485      39.5025
   18486      38.9672
   18487      38.8178
   18488      39.0477
   18489      38.9687
   18490      38.9220
   18491      38.9561
   18492      39.2478
   18493      39.1430
   18494      39.0844
   18495      39.2257
   18496      38.6303
   18497      38.7421
   18498      39.0169
   18499      39.1073
   18500      38.9166
   18501      39.2547
   18502      39.4256
   18503      39.4229
   18504      39.6768
   18505      39.0520
   18506      39.1872
   18507      39.3430
   18508      39.0507
   18509      39.2639
   18510      39.0263
   18511      39.1314
   18512      38.9092
   18513      39.2111
   18514      39.1485
   18515      39.2259
   18516      39.1461
   18517      39.1629
   18518      39.0364
   18519      38.8718
   18520      38.9686
   18521      39.0855
   18522      39.1719
   18523      39.0713
   18524      39.3511
   18525      39.3852
   18526      40.0646
   18527      40.0792
   18528      39.9125
   18529      38.8261
   18530      39.1453
   18531      38.6187
   18532      38.8153
   18533      39.1808
   18534      39.4630
   18535      39.0039
   18536      39.2632
   18537      38.9104
   18538      38.5634
   18539      38.8262
   18540      39.0469
   18541      38.8117
   18542      38.7622
   18543      39.0169
   18544      39.2955
   18545      39.2372
   18546      39.3663
   18547      39.5050
   18548      39.0045
   18549      39.0665
   18550      38.9824
   18551      39.0228
   18552      38.9740
   18553      38.9094
   18554      39.2002
   18555      38.9440
   18556      39.2266
   18557      39.1774
   18558      38.9853
   18559      39.1011
   18560      39.3954
   18561      39.5639
   18562      39.3181
   18563      39.1330
   18564      39.4273
   18565      39.0970
   18566      39.0533
   18567      39.2588
   18568      38.4908
   18569      39.2526
   18570      39.3420
   18571      39.0642
   18572      39.1476
   18573      39.2373
   18574      39.1543
   18575      39.1851
   18576      38.7524
   18577      38.7380
   18578      39.5168
   18579      39.4642
   18580      39.0869
   18581      38.6529
   18582      39.0845
   18583      38.8183
   18584      38.6985
   18585      39.0413
   18586      38.9908
   18587      38.6576
   18588      38.6225
   18589      38.7479
   18590      38.6119
   18591      38.7476
   18592      38.9995
   18593      39.0114
   18594      38.7651
   18595      39.3345
   18596      38.9181
   18597      39.2069
   18598      39.7365
   18599      39.1522
   18600      39.3029
   18601      39.2416
   18602      39.3494
   18603      39.5634
   18604      39.1064
   18605      38.7775
   18606      39.1011
   18607      39.3825
   18608      38.8916
   18609      38.9634
   18610      39.2629
   18611      38.8824
   18612      38.9012
   18613      38.8368
   18614      38.9784
   18615      38.8194
   18616      38.8574
   18617      38.9165
   18618      39.0230
   18619      38.7183
   18620      38.6179
   18621      39.0430
   18622      39.3257
   18623      38.8890
   18624      39.2057
   18625      38.7651
   18626      38.2290
   18627      38.9370
   18628      39.1036
   18629      39.0942
   18630      38.9491
   18631      39.1051
   18632      39.0227
   18633      38.3034
   18634      38.8427
   18635      39.0917
   18636      38.9574
   18637      38.9227
   18638      39.2851
   18639      39.4059
   18640      39.3553
   18641      39.3321
   18642      39.4517
   18643      39.0214
   18644      39.4876
   18645      39.3773
   18646      39.1654
   18647      38.9095
   18648      39.1382
   18649      39.1582
   18650      38.8573
   18651      39.2439
   18652      38.6648
   18653      38.7221
   18654      39.3096
   18655      39.1056
   18656      39.1251
   18657      39.0726
   18658      38.7721
   18659      38.9446
   18660      38.9470
   18661      39.2554
   18662      38.9347
   18663      39.2750
   18664      38.9976
   18665      38.8262
   18666      39.2535
   18667      39.2853
   18668      39.0127
   18669      39.1757
   18670      39.0659
   18671      38.5387
   18672      39.0053
   18673      39.2220
   18674      39.0903
   18675      39.1789
   18676      38.7382
   18677      39.0357
   18678      38.8152
   18679      39.0612
   18680      39.1230
   18681      39.1711
   18682      38.6245
   18683      38.8006
   18684      38.7084
   18685      38.7165
   18686      38.8279
   18687      39.0248
   18688      38.9677
   18689      39.4489
   18690      39.2373
   18691      39.2163
   18692      38.6495
   18693      39.0797
   18694      38.5002
   18695      38.7149
   18696      38.7094
   18697      38.4994
   18698      38.7076
   18699      38.9913
   18700      38.9902
   18701      38.4360
   18702      38.7015
   18703      39.0813
   18704      38.8254
   18705      38.6443
   18706      38.8418
   18707      38.6488
   18708      38.3614
   18709      38.7097
   18710      38.8537
   18711      38.9928
   18712      39.0829
   18713      39.0598
   18714      39.1365
   18715      38.9448
   18716      39.5044
   18717      39.1769
   18718      39.0380
   18719      39.3056
   18720      39.2854
   18721      39.3604
   18722      38.9646
   18723      38.8547
   18724      39.0065
   18725      38.7818
   18726      38.7864
   18727      38.5901
   18728      38.9170
   18729      39.1896
   18730      39.2816
   18731      39.2551
   18732      38.9945
   18733      38.6912
   18734      38.7947
   18735      38.6993
   18736      39.2156
   18737      38.4250
   18738      38.5631
   18739      39.3106
   18740      38.7486
   18741      38.9448
   18742      38.9277
   18743      39.0525
   18744      39.0235
   18745      38.9189
   18746      39.0964
   18747      38.9422
   18748      39.0935
   18749      38.9083
   18750      38.8735
   18751      38.9098
   18752      38.8734
   18753      39.2584
   18754      39.1049
   18755      38.6725
   18756      39.0435
   18757      39.3628
   18758      39.4148
   18759      39.0568
   18760      38.9342
   18761      38.9760
   18762      38.8485
   18763      39.0020
   18764      38.9841
   18765      39.1685
   18766      39.5457
   18767      39.5537
   18768      39.1394
   18769      39.2594
   18770      39.3576
   18771      39.1287
   18772      39.6812
   18773      38.8223
   18774      39.2762
   18775      38.8361
   18776      39.6998
   18777      39.1835
   18778      39.4693
   18779      39.0717
   18780      38.8329
   18781      39.0761
   18782      38.9286
   18783      39.2524
   18784      39.5262
   18785      39.1137
   18786      39.1251
   18787      38.9604
   18788      39.1572
   18789      38.4951
   18790      38.8891
   18791      39.5782
   18792      39.1503
   18793      39.5799
   18794      39.7586
   18795      39.2379
   18796      39.3299
   18797      39.1608
   18798      39.2667
   18799      39.1832
   18800      39.2831
   18801      39.1668
   18802      39.3653
   18803      39.1583
   18804      39.2018
   18805      39.5111
   18806      39.4297
   18807      39.6651
   18808      39.4096
   18809      39.5275
   18810      39.0447
   18811      39.2727
   18812      39.5488
   18813      39.3578
   18814      39.5825
   18815      39.3809
   18816      39.6394
   18817      39.2642
   18818      39.1534
   18819      39.2692
   18820      39.2118
   18821      39.1673
   18822      39.2873
   18823      39.4484
   18824      38.9504
   18825      39.1517
   18826      39.0819
   18827      39.4677
   18828      39.5350
   18829      39.1591
   18830      39.3542
   18831      39.1544
   18832      39.6683
   18833      39.5145
   18834      39.2126
   18835      39.2478
   18836      39.2987
   18837      39.1912
   18838      38.9032
   18839      39.4460
   18840      38.9719
   18841      39.4552
   18842      39.2667
   18843      39.4896
   18844      39.5395
   18845      39.5258
   18846      39.1162
   18847      39.1117
   18848      39.0930
   18849      39.0203
   18850      38.9299
   18851      39.0066
   18852      39.4703
   18853      39.2443
   18854      38.9642
   18855      39.2415
   18856      38.9130
   18857      39.2648
   18858      39.0888
   18859      39.0970
   18860      39.1284
   18861      39.5939
   18862      39.0243
   18863      39.1243
   18864      39.5383
   18865      39.6257
   18866      39.6843
   18867      39.1243
   18868      39.5015
   18869      38.8535
   18870      39.1313
   18871      38.5421
   18872      38.5273
   18873      38.8511
   18874      38.9518
   18875      39.2740
   18876      39.0294
   18877      39.1461
   18878      39.0735
   18879      38.7174
   18880      38.9376
   18881      39.1745
   18882      39.1478
   18883      38.8290
   18884      38.8369
   18885      39.1544
   18886      38.9557
   18887      38.8830
   18888      38.9245
   18889      38.8259
   18890      39.0161
   18891      38.9604
   18892      39.4172
   18893      39.3972
   18894      39.1777
   18895      39.3024
   18896      39.2445
   18897      39.2470
   18898      38.9872
   18899      38.8246
   18900      38.7458
   18901      38.8356
   18902      38.7647
   18903      38.7696
   18904      38.5674
   18905      39.1097
   18906      39.3723
   18907      39.3781
   18908      39.2623
   18909      38.5339
   18910      38.6127
   18911      38.4357
   18912      38.6453
   18913      38.6344
   18914      39.4642
   18915      38.9769
   18916      38.9478
   18917      39.1468
   18918      38.7155
   18919      38.9166
   18920      39.0330
   18921      38.2055
   18922      38.7464
   18923      39.2962
   18924      39.1800
   18925      38.7669
   18926      38.9158
   18927      39.0225
   18928      39.3823
   18929      39.3349
   18930      39.3868
   18931      39.0842
   18932      39.0370
   18933      39.7343
   18934      39.0580
   18935      39.3921
   18936      38.7890
   18937      39.1721
   18938      39.0066
   18939      39.2851
   18940      39.0236
   18941      39.2684
   18942      39.4610
   18943      38.8799
   18944      39.3999
   18945      38.9343
   18946      39.0043
   18947      38.9623
   18948      39.6097
   18949      39.2638
   18950      39.5420
   18951      39.1321
   18952      38.8978
   18953      39.0304
   18954      39.0293
   18955      39.0273
   18956      39.0448
   18957      38.8802
   18958      39.2402
   18959      39.2775
   18960      38.7882
   18961      38.6747
   18962      39.0510
   18963      39.2635
   18964      38.9380
   18965      38.9711
   18966      38.6982
   18967      39.3026
   18968      39.2347
   18969      39.0914
   18970      38.7246
   18971      39.0997
   18972      38.6258
   18973      39.1024
   18974      39.0856
   18975      39.3352
   18976      39.1522
   18977      39.4111
   18978      39.2219
   18979      39.1699
   18980      39.1481
   18981      39.1278
   18982      39.1066
   18983      39.5424
   18984      39.0191
   18985      39.2682
   18986      39.8592
   18987      39.6878
   18988      39.2201
   18989      39.5593
   18990      39.0332
   18991      39.3897
   18992      39.1442
   18993      38.8664
   18994      39.3817
   18995      39.1940
   18996      38.9804
   18997      38.5162
   18998      39.1738
   18999      39.0865
   19000      39.0550
   19001      39.5396
   19002      39.2202
   19003      39.9045
   19004      39.2210
   19005      39.1695
   19006      39.1177
   19007      39.0316
   19008      39.0547
   19009      39.1271
   19010      39.3330
   19011      39.2815
   19012      39.2124
   19013      38.8287
   19014      39.0208
   19015      38.7270
   19016      39.4134
   19017      38.7505
   19018      38.7612
   19019      38.8344
   19020      38.9404
   19021      38.8900
   19022      38.7640
   19023      39.2910
   19024      39.3672
   19025      39.4641
   19026      38.9655
   19027      39.1101
   19028      39.1738
   19029      38.8708
   19030      38.9593
   19031      38.2763
   19032      38.2513
   19033      38.6422
   19034      38.6670
   19035      39.0269
   19036      38.9396
   19037      39.4141
   19038      39.5018
   19039      38.7965
   19040      39.3025
   19041      39.3539
   19042      39.2773
   19043      39.4592
   19044      39.9668
   19045      39.1286
   19046      39.3511
   19047      39.4905
   19048      39.3227
   19049      39.4868
   19050      39.0643
   19051      39.0306
   19052      39.1952
   19053      39.3014
   19054      39.2055
   19055      38.9656
   19056      39.1247
   19057      39.3113
   19058      39.4276
   19059      39.3792
   19060      39.3663
   19061      39.6578
   19062      39.1340
   19063      39.6165
   19064      39.4193
   19065      38.7881
   19066      38.9232
   19067      38.6569
   19068      39.2940
   19069      38.9760
   19070      39.1293
   19071      38.6640
   19072      38.4880
   19073      38.8681
   19074      38.8159
   19075      39.0833
   19076      38.7970
   19077      39.0828
   19078      38.7766
   19079      38.2401
   19080      38.1120
   19081      38.5436
   19082      39.0324
   19083      38.7727
   19084      38.6064
   19085      38.7885
   19086      39.0698
   19087      39.3424
   19088      39.1892
   19089      39.2161
   19090      39.3802
   19091      39.2943
   19092      39.0177
   19093      39.1394
   19094      39.1655
   19095      39.3323
   19096      38.8876
   19097      39.2571
   19098      39.2464
   19099      39.3578
   19100      39.2026
   19101      39.3107
   19102      39.3955
   19103      39.0424
   19104      38.9325
   19105      39.2275
   19106      39.2168
   19107      39.2065
   19108      39.2382
   19109      39.2967
   19110      38.8702
   19111      38.8416
   19112      38.5699
   19113      39.1175
   19114      39.5644
   19115      39.4061
   19116      39.4168
   19117      39.3743
   19118      38.9294
   19119      38.9763
   19120      39.1025
   19121      38.9121
   19122      39.0095
   19123      38.7675
   19124      38.7004
   19125      38.8167
   19126      39.1498
   19127      38.9973
   19128      38.7768
   19129      38.8938
   19130      38.4347
   19131      38.5992
   19132      38.6477
   19133      39.1359
   19134      38.6396
   19135      38.8145
   19136      39.0573
   19137      39.3962
   19138      39.0365
   19139      38.9504
   19140      39.4726
   19141      39.1127
   19142      39.2013
   19143      39.0818
   19144      39.4526
   19145      39.6732
   19146      39.5725
   19147      39.0286
   19148      39.2566
   19149      39.3730
   19150      39.2710
   19151      39.1814
   19152      38.8140
   19153      39.1433
   19154      39.1836
   19155      38.9394
   19156      39.8822
   19157      39.3537
   19158      38.9490
   19159      39.3144
   19160      39.0016
   19161      39.3508
   19162      39.1299
   19163      39.0725
   19164      39.2872
   19165      39.3421
   19166      38.8386
   19167      39.4521
   19168      39.3787
   19169      38.9701
   19170      39.3653
   19171      39.3895
   19172      39.3515
   19173      38.8916
   19174      39.2254
   19175      38.8386
   19176      39.1071
   19177      39.0604
   19178      39.4163
   19179      39.5036
   19180      39.7300
   19181      39.2611
   19182      39.1308
   19183      39.5938
   19184      39.1247
   19185      39.1270
   19186      39.3773
   19187      39.4093
   19188      39.7885
   19189      39.0085
   19190      39.2551
   19191      39.0093
   19192      39.4253
   19193      39.1643
   19194      39.3641
   19195      38.8826
   19196      38.9667
   19197      39.5529
   19198      39.4292
   19199      39.1808
   19200      39.3119
   19201      39.3340
   19202      38.8388
   19203      39.5943
   19204      39.4145
   19205      38.9047
   19206      39.4995
   19207      39.1358
   19208      39.3092
   19209      39.4307
   19210      39.7387
   19211      39.5602
   19212      39.1724
   19213      39.2964
   19214      39.3998
   19215      40.0353
   19216      39.2362
   19217      39.3082
   19218      38.2559
   19219      38.5090
   19220      38.7765
   19221      38.8258
   19222      39.2786
   19223      39.1417
   19224      38.9263
   19225      38.8942
   19226      38.8727
   19227      38.8987
   19228      38.8382
   19229      38.5241
   19230      38.6942
   19231      38.7932
   19232      39.0162
   19233      39.0106
   19234      38.8536
   19235      38.9065
   19236      39.1754
   19237      38.8528
   19238      38.8715
   19239      39.1568
   19240      39.1142
   19241      38.7097
   19242      39.2325
   19243      39.0189
   19244      39.0115
   19245      39.2130
   19246      39.0885
   19247      39.0520
   19248      39.1774
   19249      38.8522
   19250      38.9837
   19251      39.1548
   19252      39.4156
   19253      39.1377
   19254      39.2366
   19255      39.2746
   19256      38.9989
   19257      39.1641
   19258      39.5370
   19259      39.5004
   19260      39.3946
   19261      39.2082
   19262      39.0301
   19263      38.9737
   19264      38.8587
   19265      39.1706
   19266      39.4043
   19267      39.4713
   19268      39.0464
   19269      39.2383
   19270      39.2864
   19271      39.0815
   19272      38.8460
   19273      38.7068
   19274      38.9019
   19275      38.9655
   19276      39.5691
   19277      39.2951
   19278      38.9489
   19279      39.1615
   19280      39.0486
   19281      38.8930
   19282      39.3827
   19283      39.4023
   19284      39.4904
   19285      39.2937
   19286      38.9407
   19287      38.8953
   19288      39.1317
   19289      39.6392
   19290      39.3600
   19291      39.3787
   19292      39.2343
   19293      39.0164
   19294      38.8533
   19295      39.0317
   19296      38.9718
   19297      38.7784
   19298      38.7007
   19299      38.5935
   19300      38.9017
   19301      38.6795
   19302      38.3360
   19303      38.7308
   19304      39.0773
   19305      38.6809
   19306      39.1300
   19307      38.9687
   19308      39.0415
   19309      39.1653
   19310      39.1431
   19311      39.2355
   19312      39.6074
   19313      39.2626
   19314      39.4748
   19315      39.0263
   19316      39.0205
   19317      39.1202
   19318      39.3467
   19319      38.8423
   19320      38.9331
   19321      39.0775
   19322      39.2068
   19323      39.0787
   19324      38.9459
   19325      38.4167
   19326      38.6572
   19327      38.8974
   19328      39.1554
   19329      39.0608
   19330      39.4785
   19331      39.1883
   19332      39.3840
   19333      39.2069
   19334      39.2461
   19335      39.0931
   19336      38.8107
   19337      39.1916
   19338      39.0611
   19339      38.9484
   19340      39.1744
   19341      39.0291
   19342      38.9388
   19343      39.0051
   19344      38.9233
   19345      39.2245
   19346      39.3044
   19347      39.1141
   19348      39.2020
   19349      39.2992
   19350      39.2402
   19351      38.9222
   19352      39.5206
   19353      38.9976
   19354      39.3525
   19355      39.0392
   19356      39.0644
   19357      39.3592
   19358      39.0348
   19359      38.9839
   19360      39.5674
   19361      39.0874
   19362      39.0973
   19363      38.7571
   19364      38.9040
   19365      38.7660
   19366      38.8630
   19367      38.8398
   19368      39.0007
   19369      38.9160
   19370      38.9651
   19371      39.0382
   19372      38.7088
   19373      38.7896
   19374      38.8775
   19375      39.4128
   19376      39.4799
   19377      38.9634
   19378      38.5283
   19379      39.3622
   19380      39.2699
   19381      39.0065
   19382      39.2524
   19383      39.1443
   19384      39.3484
   19385      39.3261
   19386      39.3378
   19387      39.1341
   19388      39.5193
   19389      39.3459
   19390      38.9211
   19391      39.2458
   19392      39.1684
   19393      39.1671
   19394      38.7737
   19395      39.1363
   19396      38.6791
   19397      38.7428
   19398      39.5640
   19399      39.3374
   19400      39.8595
   19401      39.7142
   19402      39.4511
   19403      39.5584
   19404      39.3028
   19405      39.4374
   19406      39.6818
   19407      39.3242
   19408      39.5084
   19409      38.9294
   19410      38.8368
   19411      39.0720
   19412      38.9246
   19413      38.9382
   19414      39.1658
   19415      39.1979
   19416      39.1922
   19417      39.2038
   19418      38.9765
   19419      39.1262
   19420      39.1211
   19421      38.8275
   19422      38.7844
   19423      39.1201
   19424      39.1459
   19425      39.2460
   19426      39.0192
   19427      38.9167
   19428      39.1644
   19429      38.9421
   19430      38.9188
   19431      38.7182
   19432      39.7631
   19433      39.3767
   19434      39.2795
   19435      39.8019
   19436      39.6864
   19437      39.2095
   19438      39.4900
   19439      39.2225
   19440      38.4873
   19441      38.9758
   19442      39.3183
   19443      39.0864
   19444      39.1002
   19445      39.0598
   19446      38.9485
   19447      39.3994
   19448      39.3986
   19449      39.2319
   19450      39.2255
   19451      39.1979
   19452      39.3473
   19453      39.6130
   19454      39.6538
   19455      39.3987
   19456      39.3639
   19457      39.6010
   19458      39.2408
   19459      39.0715
   19460      38.7941
   19461      39.4412
   19462      39.3157
   19463      39.2868
   19464      39.1500
   19465      39.1983
   19466      39.5402
   19467      39.1364
   19468      38.8147
   19469      39.4106
   19470      38.8035
   19471      39.0012
   19472      39.0670
   19473      39.3599
   19474      38.8096
   19475      39.0848
   19476      39.4272
   19477      39.0386
   19478      39.3154
   19479      39.1436
   19480      38.9326
   19481      38.9754
   19482      39.8932
   19483      39.5790
   19484      38.7429
   19485      39.3138
   19486      38.8986
   19487      39.4175
   19488      39.0474
   19489      39.7800
   19490      39.2343
   19491      39.4020
   19492      39.3742
   19493      39.4112
   19494      39.2201
   19495      39.4426
   19496      39.0284
   19497      38.9285
   19498      38.9360
   19499      38.7419
   19500      38.9316
   19501      38.5807
   19502      38.7675
   19503      38.9906
   19504      38.9996
   19505      38.7012
   19506      38.7446
   19507      38.7877
   19508      38.3194
   19509      38.6735
   19510      38.9275
   19511      39.0079
   19512      39.1862
   19513      39.1702
   19514      39.2163
   19515      39.3783
   19516      39.4673
   19517      39.4289
   19518      39.7826
   19519      39.2199
   19520      38.5696
   19521      39.2747
   19522      39.5408
   19523      39.1623
   19524      38.6888
   19525      39.1781
   19526      39.4663
   19527      39.3662
   19528      39.0255
   19529      39.8161
   19530      39.3858
   19531      39.1205
   19532      38.7428
   19533      39.0002
   19534      38.6403
   19535      39.2934
   19536      38.9316
   19537      38.8765
   19538      38.7658
   19539      39.2061
   19540      39.2918
   19541      39.6393
   19542      39.5738
   19543      39.3194
   19544      39.4647
   19545      39.4607
   19546      39.5316
   19547      39.4458
   19548      39.6447
   19549      39.7718
   19550      39.4251
   19551      39.5271
   19552      39.9501
   19553      39.3608
   19554      39.2680
   19555      39.5320
   19556      39.3586
   19557      39.9432
   19558      39.2721
   19559      39.3338
   19560      39.5013
   19561      39.1458
   19562      39.3239
   19563      39.7777
   19564      39.8678
   19565      39.3278
   19566      39.6217
   19567      39.5172
   19568      39.6553
   19569      39.5730
   19570      38.8726
   19571      38.7653
   19572      39.6576
   19573      39.2530
   19574      39.0887
   19575      39.4675
   19576      38.8109
   19577      39.4649
   19578      39.1893
   19579      39.4713
   19580      39.2661
   19581      39.2173
   19582      39.3178
   19583      39.1266
   19584      38.9947
   19585      39.0241
   19586      38.5821
   19587      38.7924
   19588      39.0390
   19589      38.7868
   19590      39.2115
   19591      39.0297
   19592      38.6892
   19593      38.9875
   19594      38.8602
   19595      39.1527
   19596      38.7195
   19597      39.1137
   19598      39.2839
   19599      39.2420
   19600      39.3665
   19601      39.4110
   19602      39.4475
   19603      39.5171
   19604      39.2042
   19605      39.0487
   19606      39.5669
   19607      39.5047
   19608      39.3766
   19609      38.8839
   19610      38.5523
   19611      38.9149
   19612      38.8275
   19613      39.1793
   19614      39.4091
   19615      39.2375
   19616      38.9588
   19617      39.5634
   19618      39.6436
   19619      39.3415
   19620      39.2354
   19621      39.5522
   19622      39.6675
   19623      39.1045
   19624      39.1414
   19625      39.4919
   19626      39.4965
   19627      38.7877
   19628      39.0522
   19629      39.3595
   19630      38.7303
   19631      39.2414
   19632      38.9389
   19633      38.7725
   19634      38.6639
   19635      38.5999
   19636      38.3982
   19637      38.0623
   19638      38.6295
   19639      38.3633
   19640      38.8217
   19641      38.9874
   19642      38.8034
   19643      38.4867
   19644      39.0166
   19645      39.3290
   19646      39.0512
   19647      38.9397
   19648      39.0509
   19649      38.7797
   19650      38.7558
   19651      38.5490
   19652      39.0824
   19653      38.9593
   19654      39.1208
   19655      38.7460
   19656      39.0288
   19657      39.1274
   19658      38.6129
   19659      38.9064
   19660      38.7649
   19661      38.7192
   19662      38.8459
   19663      38.9551
   19664      39.3759
   19665      39.2551
   19666      39.1961
   19667      39.3543
   19668      39.3083
   19669      39.4887
   19670      39.1936
   19671      39.9834
   19672      39.5696
   19673      39.3727
   19674      39.3738
   19675      39.1848
   19676      39.3444
   19677      39.7232
   19678      39.6944
   19679      39.3442
   19680      39.3620
   19681      39.8554
   19682      39.3498
   19683      39.9536
   19684      39.6196
   19685      39.0771
   19686      39.2184
   19687      39.3281
   19688      38.9838
   19689      38.7402
   19690      38.9337
   19691      38.6790
   19692      38.8457
   19693      39.2448
   19694      39.2942
   19695      39.2062
   19696      38.9660
   19697      39.4649
   19698      39.5426
   19699      40.0991
   19700      39.2785
   19701      39.7201
   19702      39.7402
   19703      39.3675
   19704      38.9350
   19705      40.0391
   19706      39.7773
   19707      39.5023
   19708      39.2103
   19709      39.1083
   19710      38.9704
   19711      39.0293
   19712      38.8439
   19713      38.1008
   19714      38.1558
   19715      38.6938
   19716      39.0143
   19717      38.3688
   19718      38.8478
   19719      39.0653
   19720      38.8898
   19721      39.2302
   19722      38.9840
   19723      38.8502
   19724      39.3018
   19725      39.4855
   19726      38.9291
   19727      38.9379
   19728      39.5241
   19729      39.0718
   19730      38.8203
   19731      38.5473
   19732      39.0047
   19733      38.8987
   19734      38.5945
   19735      38.4784
   19736      38.5362
   19737      39.0184
   19738      38.7824
   19739      39.7694
   19740      39.2934
   19741      39.3153
   19742      38.7875
   19743      38.6534
   19744      39.0395
   19745      39.1878
   19746      39.5112
   19747      39.3462
   19748      39.1427
   19749      39.0699
   19750      38.8453
   19751      39.2788
   19752      39.0730
   19753      39.0768
   19754      39.0055
   19755      39.0032
   19756      38.5888
   19757      39.2171
   19758      39.0632
   19759      39.0328
   19760      38.6214
   19761      38.9944
   19762      38.6518
   19763      39.1544
   19764      38.9716
   19765      38.9605
   19766      39.1127
   19767      38.9903
   19768      38.6533
   19769      38.8970
   19770      39.0836
   19771      38.6483
   19772      38.6944
   19773      38.6450
   19774      38.8258
   19775      38.6625
   19776      38.8909
   19777      38.2530
   19778      38.3724
   19779      38.5039
   19780      38.7755
   19781      38.7155
   19782      38.5407
   19783      38.6745
   19784      38.7499
   19785      38.8506
   19786      39.2536
   19787      38.9763
   19788      38.6248
   19789      38.2458
   19790      38.7616
   19791      38.9290
   19792      38.4115
   19793      37.9350
   19794      38.5224
   19795      38.2502
   19796      38.9901
   19797      38.7292
   19798      38.4790
   19799      38.9382
   19800      38.6152
   19801      38.9095
   19802      38.9954
   19803      39.2763
   19804      39.2089
   19805      38.9698
   19806      39.8603
   19807      39.3015
   19808      39.2184
   19809      39.1047
   19810      38.9714
   19811      38.7763
   19812      38.7835
   19813      38.8934
   19814      38.5941
   19815      38.5513
   19816      38.3836
   19817      38.6468
   19818      38.6053
   19819      39.1327
   19820      39.2281
   19821      39.1491
   19822      39.3452
   19823      39.0291
   19824      39.0940
   19825      39.0024
   19826      38.9442
   19827      38.9982
   19828      38.9703
   19829      39.2217
   19830      39.3372
   19831      39.0300
   19832      38.8788
   19833      39.7409
   19834      39.3368
   19835      39.6657
   19836      39.0677
   19837      38.9922
   19838      39.1606
   19839      39.5571
   19840      39.1750
   19841      39.3120
   19842      39.1845
   19843      39.6077
   19844      39.5868
   19845      39.0133
   19846      39.4329
   19847      39.8190
   19848      39.1213
   19849      38.7286
   19850      39.1425
   19851      39.1197
   19852      39.1615
   19853      39.1248
   19854      39.4833
   19855      39.6499
   19856      39.8313
   19857      38.7890
   19858      39.5441
   19859      39.2387
   19860      39.6203
   19861      39.3126
   19862      39.3954
   19863      39.4552
   19864      39.3018
   19865      39.3785
   19866      39.7059
   19867      39.5757
   19868      39.2343
   19869      39.0820
   19870      38.8186
   19871      38.9254
   19872      39.0639
   19873      39.0949
   19874      39.0816
   19875      39.1761
   19876      39.0455
   19877      39.3547
   19878      38.8089
   19879      39.2162
   19880      39.4088
   19881      39.5596
   19882      38.9187
   19883      39.0568
   19884      38.4722
   19885      39.3204
   19886      39.5947
   19887      39.4260
   19888      39.3221
   19889      38.9811
   19890      38.6387
   19891      38.8207
   19892      39.1773
   19893      38.9057
   19894      39.1583
   19895      39.2456
   19896      39.1775
   19897      39.5828
   19898      39.2319
   19899      39.3714
   19900      39.2607
   19901      39.3007
   19902      39.3193
   19903      39.0320
   19904      39.2609
   19905      39.1602
   19906      39.0105
   19907      38.8607
   19908      39.0161
   19909      39.1190
   19910      39.0211
   19911      39.1312
   19912      39.0584
   19913      39.1180
   19914      38.6840
   19915      39.2020
   19916      39.0950
   19917      39.3626
   19918      39.2741
   19919      39.1815
   19920      39.4093
   19921      39.2990
   19922      39.4237
   19923      39.3970
   19924      39.1805
   19925      38.7567
   19926      38.4682
   19927      38.5973
   19928      39.2121
   19929      39.7498
   19930      39.4730
   19931      39.7197
   19932      38.8428
   19933      38.9911
   19934      39.0115
   19935      39.2849
   19936      39.2646
   19937      38.8624
   19938      38.9637
   19939      38.6989
   19940      38.9457
   19941      39.0296
   19942      38.8464
   19943      38.7826
   19944      39.4099
   19945      38.6995
   19946      39.0970
   19947      39.2336
   19948      38.8955
   19949      39.1556
   19950      39.1603
   19951      39.2088
   19952      38.9293
   19953      38.8841
   19954      38.3595
   19955      38.4073
   19956      38.9820
   19957      38.8212
   19958      39.0583
   19959      38.8777
   19960      38.9203
   19961      39.1808
   19962      38.8646
   19963      38.9469
   19964      39.4283
   19965      38.7063
   19966      38.7980
   19967      39.0652
   19968      39.2422
   19969      39.0695
   19970      38.9337
   19971      39.3597
   19972      39.5464
   19973      39.3130
   19974      39.4856
   19975      39.3484
   19976      39.2719
   19977      38.8057
   19978      39.2404
   19979      38.9422
   19980      39.0688
   19981      38.8566
   19982      38.8778
   19983      38.8947
   19984      39.0553
   19985      39.0137
   19986      38.9576
   19987      39.2905
   19988      39.3132
   19989      39.2774
   19990      39.0304
   19991      39.1024
   19992      38.9749
   19993      38.9763
   19994      39.0845
   19995      39.2794
   19996      39.0382
   19997      39.2730
   19998      39.9143
   19999      39.2980
   20000      39.2436
   20001      38.9921
   20002      38.9242
   20003      39.0547
   20004      38.7964
   20005      38.7946
   20006      38.8076
   20007      38.7897
   20008      38.7993
   20009      39.0110
   20010      39.4966
   20011      39.1244
   20012      38.9794
   20013      38.8147
   20014      38.9197
   20015      38.6082
   20016      39.4126
   20017      39.2449
   20018      39.3214
   20019      39.2246
   20020      39.2586
   20021      39.5640
   20022      39.0832
   20023      39.1668
   20024      39.1069
   20025      38.9852
   20026      39.2944
   20027      38.9463
   20028      39.3336
   20029      39.0240
   20030      39.0897
   20031      38.6704
   20032      38.4268
   20033      38.9752
   20034      39.1945
   20035      39.1147
   20036      39.2535
   20037      39.5190
   20038      39.6124
   20039      38.9778
   20040      39.1548
   20041      38.9593
   20042      38.7120
   20043      39.2474
   20044      39.1085
   20045      39.1957
   20046      39.0231
   20047      39.2179
   20048      39.4271
   20049      39.1204
   20050      39.2570
   20051      39.2484
   20052      38.8432
   20053      39.3775
   20054      39.0434
   20055      39.3052
   20056      39.3492
   20057      39.4788
   20058      39.2594
   20059      39.0377
   20060      38.7930
   20061      39.1196
   20062      39.5050
   20063      39.2068
   20064      39.3020
   20065      38.5596
   20066      39.1044
   20067      39.3010
   20068      38.9097
   20069      39.1590
   20070      39.4002
   20071      39.7173
   20072      38.9814
   20073      39.0230
   20074      39.0508
   20075      38.9760
   20076      38.9337
   20077      38.4879
   20078      39.1762
   20079      39.1847
   20080      39.6255
   20081      39.3806
   20082      39.2860
   20083      39.4885
   20084      39.2228
   20085      39.4168
   20086      39.4497
   20087      39.2415
   20088      38.6122
   20089      39.6766
   20090      39.4972
   20091      38.9678
   20092      39.0283
   20093      39.1909
   20094      38.7840
   20095      38.9532
   20096      38.9099
   20097      38.7218
   20098      38.4465
   20099      38.9441
   20100      39.2103
   20101      39.0092
   20102      39.3346
   20103      39.9144
   20104      39.4522
   20105      38.6940
   20106      38.8615
   20107      39.2169
   20108      38.9443
   20109      38.7633
   20110      39.0333
   20111      39.1228
   20112      38.9644
   20113      38.5993
   20114      38.9090
   20115      39.5329
   20116      39.1388
   20117      38.8776
   20118      38.9298
   20119      38.7958
   20120      39.0806
   20121      39.2755
   20122      39.3011
   20123      39.4368
   20124      38.9478
   20125      39.0176
   20126      38.6222
   20127      39.4310
   20128      39.0690
   20129      38.7286
   20130      38.7619
   20131      39.0294
   20132      39.0355
   20133      38.6388
   20134      38.9436
   20135      39.1540
   20136      38.7499
   20137      38.6256
   20138      38.4530
   20139      38.7170
   20140      38.6247
   20141      38.6772
   20142      38.8540
   20143      38.9705
   20144      39.1061
   20145      38.7723
   20146      39.1879
   20147      38.8247
   20148      38.6381
   20149      38.9720
   20150      38.4466
   20151      38.7283
   20152      38.5532
   20153      38.6907
   20154      38.6397
   20155      38.8402
   20156      39.4849
   20157      39.0033
   20158      39.0447
   20159      38.8306
   20160      38.8697
   20161      38.3159
   20162      38.6296
   20163      38.7071
   20164      38.7918
   20165      38.6122
   20166      38.6824
   20167      39.2705
   20168      39.0214
   20169      38.8746
   20170      38.9721
   20171      39.3044
   20172      39.3232
   20173      38.9458
   20174      38.7673
   20175      38.4744
   20176      38.5759
   20177      38.9166
   20178      39.1031
   20179      38.6609
   20180      39.0715
   20181      38.9013
   20182      38.9379
   20183      38.9760
   20184      38.7903
   20185      39.2530
   20186      39.1303
   20187      39.1829
   20188      39.1213
   20189      39.1221
   20190      39.6798
   20191      39.3017
   20192      39.2650
   20193      39.1330
   20194      38.7956
   20195      39.1924
   20196      38.9981
   20197      38.7362
   20198      39.1507
   20199      38.9023
   20200      39.1034
   20201      38.9153
   20202      38.8234
   20203      39.1261
   20204      38.9301
   20205      38.9440
   20206      38.9062
   20207      39.0078
   20208      38.9026
   20209      38.7094
   20210      38.7785
   20211      39.2597
   20212      39.4248
   20213      39.1151
   20214      38.7921
   20215      39.1636
   20216      38.6891
   20217      39.5521
   20218      39.7001
   20219      39.1390
   20220      38.8829
   20221      39.3449
   20222      38.8960
   20223      38.7888
   20224      38.9476
   20225      38.9017
   20226      39.2863
   20227      39.3862
   20228      39.2808
   20229      39.2041
   20230      39.1010
   20231      38.9394
   20232      38.6969
   20233      38.7527
   20234      39.1384
   20235      39.1273
   20236      38.9820
   20237      39.1444
   20238      39.5250
   20239      39.3174
   20240      39.0691
   20241      38.8865
   20242      39.2039
   20243      39.0070
   20244      38.9972
   20245      39.1330
   20246      38.7062
   20247      39.1343
   20248      39.3005
   20249      39.4816
   20250      39.5639
   20251      39.5127
   20252      39.3292
   20253      39.6601
   20254      39.0851
   20255      39.4942
   20256      39.7302
   20257      39.0485
   20258      39.2133
   20259      39.2857
   20260      39.3140
   20261      38.8396
   20262      39.4294
   20263      39.5254
   20264      39.8106
   20265      38.9638
   20266      39.2946
   20267      39.1236
   20268      39.3076
   20269      39.1934
   20270      39.5015
   20271      39.0597
   20272      39.4397
   20273      39.4147
   20274      39.0265
   20275      38.7185
   20276      39.4249
   20277      39.3693
   20278      39.4748
   20279      38.8271
   20280      38.8296
   20281      39.0770
   20282      38.9847
   20283      38.7933
   20284      38.9610
   20285      38.5535
   20286      38.9412
   20287      38.7503
   20288      38.7644
   20289      39.1554
   20290      39.0391
   20291      39.2251
   20292      38.8877
   20293      39.3796
   20294      38.8791
   20295      39.0674
   20296      39.9094
   20297      39.2592
   20298      39.0827
   20299      39.3682
   20300      39.1909
   20301      38.9732
   20302      38.7972
   20303      39.0752
   20304      39.0534
   20305      39.2419
   20306      39.0441
   20307      39.2512
   20308      39.0736
   20309      39.4861
   20310      39.2814
   20311      39.2179
   20312      38.9093
   20313      39.3042
   20314      39.0510
   20315      39.2625
   20316      39.4309
   20317      39.5974
   20318      39.1047
   20319      39.4142
   20320      39.1606
   20321      38.9979
   20322      39.2755
   20323      39.5832
   20324      39.2120
   20325      39.4172
   20326      39.1937
   20327      39.8718
   20328      39.3093
   20329      39.4657
   20330      39.1517
   20331      39.4808
   20332      39.5846
   20333      39.0372
   20334      39.1155
   20335      39.5798
   20336      39.0315
   20337      39.5459
   20338      39.0751
   20339      39.5665
   20340      39.1066
   20341      39.0281
   20342      39.1331
   20343      38.9715
   20344      39.2247
   20345      39.0351
   20346      39.2670
   20347      38.9240
   20348      39.1926
   20349      39.2421
   20350      39.3109
   20351      39.0005
   20352      38.9794
   20353      38.5538
   20354      38.7499
   20355      39.1666
   20356      39.2867
   20357      38.9695
   20358      38.8540
   20359      39.3049
   20360      38.7768
   20361      38.7035
   20362      39.1657
   20363      39.1359
   20364      38.9576
   20365      38.6263
   20366      38.8597
   20367      38.8558
   20368      38.7180
   20369      38.9081
   20370      38.5860
   20371      39.0648
   20372      39.6400
   20373      38.9117
   20374      39.1573
   20375      38.9787
   20376      38.8499
   20377      39.0452
   20378      38.8175
   20379      39.2295
   20380      39.3953
   20381      39.1927
   20382      39.5260
   20383      39.2737
   20384      39.0143
   20385      39.2804
   20386      39.5298
   20387      39.6677
   20388      39.6367
   20389      39.6919
   20390      39.4579
   20391      39.0397
   20392      39.6168
   20393      39.5482
   20394      39.3453
   20395      39.0198
   20396      39.1984
   20397      39.6287
   20398      39.6601
   20399      39.7057
   20400      39.5574
   20401      39.1561
   20402      39.7354
   20403      39.6503
   20404      39.5642
   20405      39.9611
   20406      39.5583
   20407      39.1460
   20408      39.1454
   20409      39.2987
   20410      39.2264
   20411      39.4180
   20412      39.0520
   20413      38.6648
   20414      39.0164
   20415      39.4985
   20416      39.3472
   20417      39.4085
   20418      39.1738
   20419      39.5040
   20420      39.5308
   20421      39.3370
   20422      39.2083
   20423      39.0239
   20424      39.7358
   20425      39.0176
   20426      39.0545
   20427      39.5933
   20428      39.2489
   20429      39.2698
   20430      39.2043
   20431      39.0489
   20432      39.2210
   20433      38.9650
   20434      39.0421
   20435      39.0710
   20436      38.8741
   20437      39.2635
   20438      39.2617
   20439      38.9461
   20440      38.9131
   20441      39.5733
   20442      39.2696
   20443      39.0922
   20444      39.2207
   20445      39.1391
   20446      39.2066
   20447      39.3167
   20448      39.3308
   20449      39.0724
   20450      39.1035
   20451      38.6307
   20452      39.3934
   20453      39.5711
   20454      39.5612
   20455      39.0956
   20456      38.9014
   20457      38.9513
   20458      38.8548
   20459      39.3389
   20460      38.7822
   20461      38.9436
   20462      39.1764
   20463      39.4357
   20464      39.3209
   20465      38.5526
   20466      38.9804
   20467      39.1667
   20468      39.0538
   20469      39.3309
   20470      38.9784
   20471      38.9475
   20472      39.4699
   20473      39.4266
   20474      38.8027
   20475      38.3809
   20476      39.0817
   20477      38.7475
   20478      38.4814
   20479      38.7115
   20480      39.0575
   20481      38.7158
   20482      38.9120
   20483      38.8305
   20484      39.2457
   20485      38.6979
   20486      38.9158
   20487      38.8332
   20488      38.9262
   20489      38.8506
   20490      39.0199
   20491      39.4746
   20492      39.3532
   20493      38.6912
   20494      39.0932
   20495      39.2173
   20496      39.5311
   20497      39.3510
   20498      39.2893
   20499      39.2763
   20500      38.7507
   20501      39.2245
   20502      38.9032
   20503      38.8455
   20504      38.6431
   20505      38.8708
   20506      38.9744
   20507      39.3030
   20508      38.8851
   20509      39.0875
   20510      39.5793
   20511      39.3645
   20512      39.2055
   20513      39.6352
   20514      39.2348
   20515      39.6800
   20516      39.2201
   20517      38.9368
   20518      38.5627
   20519      38.8105
   20520      38.3769
   20521      38.9377
   20522      38.8802
   20523      39.3102
   20524      39.2750
   20525      39.3703
   20526      39.2858
   20527      39.4379
   20528      39.3285
   20529      39.1523
   20530      39.4526
   20531      39.5618
   20532      39.4594
   20533      39.4186
   20534      39.0795
   20535      39.3885
   20536      39.4926
   20537      39.5188
   20538      39.1799
   20539      38.4442
   20540      38.9503
   20541      39.4731
   20542      38.6744
   20543      38.7052
   20544      39.0704
   20545      38.7354
   20546      38.8562
   20547      39.4429
   20548      38.9226
   20549      39.1811
   20550      39.0169
   20551      38.4428
   20552      39.1549
   20553      38.9437
   20554      38.8021
   20555      39.2323
   20556      38.9253
   20557      38.9780
   20558      38.9812
   20559      39.3097
   20560      39.1483
   20561      39.1117
   20562      39.3209
   20563      39.1649
   20564      39.1399
   20565      39.1470
   20566      39.0794
   20567      38.7482
   20568      38.5931
   20569      39.0722
   20570      39.2450
   20571      39.4065
   20572      38.9804
   20573      38.9959
   20574      38.9925
   20575      38.7031
   20576      38.7156
   20577      38.7510
   20578      38.8291
   20579      39.1463
   20580      39.0342
   20581      39.0179
   20582      39.4186
   20583      39.2235
   20584      39.0802
   20585      38.7820
   20586      39.0637
   20587      38.9634
   20588      38.8415
   20589      38.8912
   20590      38.8781
   20591      38.9015
   20592      39.3193
   20593      39.5868
   20594      39.3788
   20595      39.3469
   20596      39.3626
   20597      39.2722
   20598      39.1480
   20599      39.1016
   20600      39.1220
   20601      39.0982
   20602      39.1390
   20603      39.0523
   20604      39.0357
   20605      39.0190
   20606      39.0118
   20607      39.0661
   20608      39.3359
   20609      39.4360
   20610      39.5270
   20611      38.9618
   20612      39.0506
   20613      39.5425
   20614      39.0135
   20615      38.8255
   20616      38.7314
   20617      38.9974
   20618      38.9549
   20619      38.7366
   20620      38.6761
   20621      39.0583
   20622      38.7917
   20623      38.8084
   20624      38.8532
   20625      38.7120
   20626      39.0256
   20627      39.0535
   20628      38.7767
   20629      39.5506
   20630      38.8266
   20631      39.1675
   20632      39.5245
   20633      39.4935
   20634      39.0127
   20635      38.8278
   20636      39.2440
   20637      39.2848
   20638      38.7532
   20639      39.3130
   20640      39.5850
   20641      39.4476
   20642      39.1017
   20643      39.0797
   20644      38.9798
   20645      38.9392
   20646      38.8711
   20647      39.3490
   20648      39.1136
   20649      39.1400
   20650      39.2430
   20651      39.1141
   20652      39.2826
   20653      39.3008
   20654      39.0927
   20655      39.4177
   20656      38.7429
   20657      39.0318
   20658      39.0712
   20659      39.1768
   20660      39.2808
   20661      39.1904
   20662      39.3041
   20663      39.3058
   20664      38.8815
   20665      38.6565
   20666      38.8060
   20667      39.1079
   20668      38.9453
   20669      38.9195
   20670      38.6330
   20671      39.0598
   20672      39.2409
   20673      39.3334
   20674      38.9808
   20675      38.8585
   20676      38.6706
   20677      39.0327
   20678      38.7624
   20679      38.9255
   20680      39.1885
   20681      38.8949
   20682      38.9323
   20683      38.7369
   20684      39.2319
   20685      38.8218
   20686      38.7859
   20687      38.8314
   20688      38.7224
   20689      38.8660
   20690      39.3942
   20691      38.9968
   20692      39.0756
   20693      39.4381
   20694      39.4937
   20695      39.2727
   20696      38.8671
   20697      39.3519
   20698      38.6148
   20699      38.9083
   20700      39.1707
   20701      39.0589
   20702      39.0266
   20703      39.0453
   20704      39.5603
   20705      39.3726
   20706      39.7001
   20707      39.2951
   20708      39.0499
   20709      39.0953
   20710      38.8362
   20711      39.0484
   20712      38.7892
   20713      39.3106
   20714      38.7145
   20715      39.0656
   20716      39.0088
   20717      38.9220
   20718      38.7479
   20719      38.7387
   20720      39.4901
   20721      39.0337
   20722      39.2007
   20723      38.9641
   20724      38.9515
   20725      39.0916
   20726      38.8581
   20727      38.9564
   20728      39.4845
   20729      38.9950
   20730      38.6799
   20731      39.4565
   20732      38.7437
   20733      38.9155
   20734      39.2697
   20735      39.1377
   20736      39.0778
   20737      39.1532
   20738      38.7127
   20739      38.7456
   20740      38.5980
   20741      38.6065
   20742      38.7782
   20743      38.6828
   20744      38.8177
   20745      39.4096
   20746      38.4844
   20747      38.7170
   20748      38.9164
   20749      38.6905
   20750      39.0595
   20751      39.4342
   20752      39.0810
   20753      39.4127
   20754      39.0086
   20755      38.8624
   20756      39.4331
   20757      38.9423
   20758      38.9764
   20759      39.4961
   20760      39.5729
   20761      39.6126
   20762      39.1188
   20763      39.3410
   20764      38.8791
   20765      38.9028
   20766      38.7723
   20767      38.6847
   20768      38.7683
   20769      39.2438
   20770      39.2744
   20771      39.1232
   20772      39.8964
   20773      38.8496
   20774      39.4895
   20775      39.3226
   20776      39.3467
   20777      39.2104
   20778      39.8570
   20779      39.1766
   20780      38.7378
   20781      39.0942
   20782      38.9392
   20783      38.6329
   20784      38.8355
   20785      39.2954
   20786      38.9456
   20787      39.2482
   20788      39.3189
   20789      39.3694
   20790      39.1870
   20791      38.8927
   20792      39.2405
   20793      38.6878
   20794      39.0894
   20795      38.9746
   20796      39.2239
   20797      39.4430
   20798      38.9906
   20799      38.8426
   20800      38.9394
   20801      38.8726
   20802      39.0408
   20803      39.0367
   20804      39.0779
   20805      39.3309
   20806      39.0703
   20807      39.3010
   20808      38.7571
   20809      39.3109
   20810      38.7856
   20811      39.3571
   20812      38.8777
   20813      38.7151
   20814      38.6025
   20815      38.3753
   20816      38.3778
   20817      38.4905
   20818      38.5808
   20819      38.3096
   20820      38.4093
   20821      38.6439
   20822      38.5226
   20823      38.5049
   20824      38.7280
   20825      38.5928
   20826      38.4432
   20827      38.6808
   20828      38.4697
   20829      38.3413
   20830      38.8624
   20831      38.7907
   20832      39.3398
   20833      38.7455
   20834      39.2060
   20835      38.9782
   20836      39.1638
   20837      39.3373
   20838      38.9799
   20839      38.7739
   20840      38.5368
   20841      38.8681
   20842      38.6849
   20843      39.4288
   20844      38.7837
   20845      39.2989
   20846      39.5514
   20847      39.6857
   20848      39.2989
   20849      39.2470
   20850      38.7357
   20851      39.0755
   20852      39.1273
   20853      39.2923
   20854      39.0209
   20855      39.4669
   20856      38.7134
   20857      39.0063
   20858      38.7053
   20859      38.8466
   20860      39.0067
   20861      38.9630
   20862      39.2140
   20863      38.9895
   20864      39.4717
   20865      39.2771
   20866      38.7332
   20867      38.6838
   20868      38.7311
   20869      38.2990
   20870      38.7009
   20871      39.2524
   20872      39.2227
   20873      39.2482
   20874      39.0549
   20875      39.3982
   20876      39.7759
   20877      39.0618
   20878      39.1092
   20879      39.1007
   20880      39.4453
   20881      38.6856
   20882      38.5744
   20883      38.7557
   20884      38.6407
   20885      37.8314
   20886      38.3900
   20887      38.7246
   20888      38.9948
   20889      39.2327
   20890      39.4075
   20891      39.6923
   20892      39.4592
   20893      39.3480
   20894      39.9142
   20895      38.6478
   20896      38.8801
   20897      39.0080
   20898      38.5914
   20899      38.7261
   20900      38.9451
   20901      38.7535
   20902      38.5670
   20903      39.0797
   20904      38.8606
   20905      39.0126
   20906      38.7793
   20907      39.4056
   20908      39.2423
   20909      39.2518
   20910      39.1667
   20911      39.1697
   20912      39.3096
   20913      39.5131
   20914      39.3943
   20915      38.9717
   20916      38.9802
   20917      39.0725
   20918      39.5814
   20919      39.2726
   20920      39.1016
   20921      39.4191
   20922      39.4971
   20923      39.7398
   20924      39.6968
   20925      39.1291
   20926      39.0681
   20927      39.0780
   20928      39.6884
   20929      39.8258
   20930      39.4485
   20931      39.5875
   20932      39.1680
   20933      39.3316
   20934      39.1532
   20935      39.8347
   20936      39.2133
   20937      39.2321
   20938      38.6933
   20939      38.7405
   20940      38.9183
   20941      39.0045
   20942      39.3266
   20943      39.4750
   20944      39.2301
   20945      38.9609
   20946      39.4601
   20947      39.5188
   20948      39.2195
   20949      39.1951
   20950      39.1501
   20951      39.2489
   20952      39.0858
   20953      39.4412
   20954      39.0749
   20955      39.1367
   20956      38.8262
   20957      39.7539
   20958      39.1521
   20959      38.9489
   20960      38.9998
   20961      39.3091
   20962      39.5647
   20963      38.8405
   20964      39.2875
   20965      39.6083
   20966      39.3264
   20967      39.7556
   20968      39.2435
   20969      38.9891
   20970      38.9982
   20971      39.1744
   20972      39.2549
   20973      38.9637
   20974      38.9327
   20975      38.9115
   20976      39.0181
   20977      39.3145
   20978      39.2889
   20979      38.5087
   20980      39.1556
   20981      38.8850
   20982      39.2010
   20983      39.0619
   20984      39.4299
   20985      39.4395
   20986      39.0030
   20987      39.3826
   20988      39.6132
   20989      39.7918
   20990      39.6498
   20991      39.5262
   20992      39.4803
   20993      39.5817
   20994      39.1062
   20995      39.4190
   20996      38.9206
   20997      39.1636
   20998      38.9716
   20999      39.2633
   21000      39.4929
   21001      39.3548
   21002      38.8420
   21003      38.5437
   21004      38.6220
   21005      38.7893
   21006      39.3580
   21007      39.6682
   21008      39.3357
   21009      39.2568
   21010      39.1048
   21011      39.0507
   21012      38.4572
   21013      38.6450
   21014      38.9323
   21015      38.8124
   21016      39.1829
   21017      39.4874
   21018      39.1913
   21019      39.0280
   21020      38.7853
   21021      38.8372
   21022      39.1987
   21023      38.9646
   21024      39.1561
   21025      38.8778
   21026      38.9387
   21027      39.0099
   21028      39.2371
   21029      39.5169
   21030      39.4839
   21031      39.3295
   21032      38.7361
   21033      38.6191
   21034      39.4772
   21035      39.3599
   21036      39.3346
   21037      39.5367
   21038      39.2686
   21039      39.1705
   21040      39.2163
   21041      39.1149
   21042      39.2647
   21043      39.3357
   21044      39.1792
   21045      39.3262
   21046      38.6333
   21047      39.4807
   21048      39.1265
   21049      39.0959
   21050      39.2223
   21051      38.8371
   21052      38.8765
   21053      38.9652
   21054      39.2396
   21055      39.2681
   21056      39.0227
   21057      39.2918
   21058      39.5740
   21059      39.6631
   21060      39.4310
   21061      39.2583
   21062      39.3254
   21063      39.1188
   21064      39.1885
   21065      39.2053
   21066      38.9931
   21067      39.5290
   21068      39.0834
   21069      39.1469
   21070      38.8329
   21071      39.3686
   21072      39.3591
   21073      39.4592
   21074      39.4276
   21075      39.2731
   21076      39.1892
   21077      39.4168
   21078      39.1216
   21079      39.0963
   21080      39.5713
   21081      39.0994
   21082      39.4387
   21083      39.1898
   21084      39.6103
   21085      39.5961
   21086      39.4992
   21087      39.4052
   21088      39.4180
   21089      39.4442
   21090      39.5145
   21091      39.8097
   21092      39.5519
   21093      39.7145
   21094      39.5577
   21095      40.0103
   21096      39.6841
   21097      39.8195
   21098      39.5667
   21099      39.4210
   21100      39.5228
   21101      39.3450
   21102      39.0434
   21103      39.5635
   21104      39.2082
   21105      39.2642
   21106      39.0874
   21107      39.6409
   21108      39.7003
   21109      39.8805
   21110      39.8538
   21111      39.4016
   21112      38.9524
   21113      38.9258
   21114      39.1772
   21115      39.1398
   21116      39.3111
   21117      39.6122
   21118      39.5863
   21119      39.7237
   21120      38.9518
   21121      39.6174
   21122      39.4567
   21123      39.5569
   21124      40.1714
   21125      39.6310
   21126      39.5661
   21127      39.7132
   21128      39.7827
   21129      39.5612
   21130      39.6689
   21131      39.5102
   21132      39.3044
   21133      39.6762
   21134      40.0339
   21135      39.6476
   21136      39.2607
   21137      39.1735
   21138      39.3289
   21139      39.2071
   21140      39.6844
   21141      39.3685
   21142      40.3006
   21143      40.0361
   21144      40.0737
   21145      39.8211
   21146      39.9066
   21147      39.9779
   21148      39.7161
   21149      39.4348
   21150      39.0410
   21151      39.6223
   21152      39.0606
   21153      39.7717
   21154      39.6437
   21155      39.4460
   21156      39.8960
   21157      39.2317
   21158      40.1763
   21159      39.5382
   21160      40.3444
   21161      39.7493
   21162      39.5436
   21163      39.7008
   21164      39.3137
   21165      39.2054
   21166      39.5351
   21167      39.4243
   21168      39.5004
   21169      39.9343
   21170      40.2832
   21171      39.6239
   21172      39.6089
   21173      39.7220
   21174      39.5815
   21175      39.4010
   21176      39.1212
   21177      39.5875
   21178      39.5970
   21179      39.4782
   21180      39.7030
   21181      39.7821
   21182      39.6999
   21183      39.5216
   21184      39.3083
   21185      39.1537
   21186      39.2845
   21187      39.1659
   21188      39.8153
   21189      39.7558
   21190      39.4778
   21191      39.5579
   21192      39.8039
   21193      39.4678
   21194      39.7743
   21195      39.8242
   21196      39.9636
   21197      40.0382
   21198      39.9612
   21199      39.9685
   21200      39.6136
   21201      39.8322
   21202      39.6890
   21203      39.8115
   21204      39.6152
   21205      39.8446
   21206      39.7566
   21207      39.6954
   21208      40.3298
   21209      40.1468
   21210      40.2117
   21211      39.6520
   21212      39.2066
   21213      39.7188
   21214      39.9442
   21215      39.8551
   21216      39.7104
   21217      39.4962
   21218      39.5465
   21219      39.3914
   21220      39.5217
   21221      39.5478
   21222      39.4515
   21223      39.7297
   21224      39.4842
   21225      39.1402
   21226      39.5375
   21227      39.4938
   21228      39.5862
   21229      39.4052
   21230      40.0194
   21231      39.6934
   21232      39.8304
   21233      40.0399
   21234      39.6316
   21235      40.0974
   21236      40.1403
   21237      40.1892
   21238      39.8761
   21239      40.0068
   21240      39.6371
   21241      39.4389
   21242      39.8361
   21243      39.3129
   21244      39.7351
   21245      39.4429
   21246      39.5577
   21247      39.6996
   21248      39.2230
   21249      39.6584
   21250      39.5628
   21251      39.3955
   21252      39.1179
   21253      39.2397
   21254      39.7339
   21255      39.5953
   21256      39.9773
   21257      39.7393
   21258      39.4963
   21259      40.0082
   21260      39.7091
   21261      39.9372
   21262      39.1832
   21263      39.3596
   21264      39.6265
   21265      39.4252
   21266      39.2839
   21267      39.3419
   21268      39.4057
   21269      39.6092
   21270      39.6035
   21271      39.4340
   21272      39.0916
   21273      39.3785
   21274      38.9431
   21275      38.8893
   21276      38.5059
   21277      38.7959
   21278      38.1257
   21279      38.0187
   21280      38.5118
   21281      38.8055
   21282      38.3477
   21283      38.7082
   21284      38.8109
   21285      39.0613
   21286      39.2515
   21287      39.0931
   21288      39.0023
   21289      38.7935
   21290      39.1965
   21291      39.0889
   21292      39.0399
   21293      39.6378
   21294      39.1314
   21295      39.4082
   21296      39.4701
   21297      39.1214
   21298      39.3664
   21299      38.9502
   21300      39.2641
   21301      39.1326
   21302      39.2916
   21303      39.6926
   21304      38.8198
   21305      39.8161
   21306      39.1650
   21307      39.0485
   21308      39.4037
   21309      38.9595
   21310      38.7148
   21311      39.0021
   21312      39.4570
   21313      38.9794
   21314      39.5287
   21315      38.9423
   21316      39.3172
   21317      39.4202
   21318      38.9907
   21319      39.4615
   21320      39.3216
   21321      39.2745
   21322      39.5056
   21323      39.4491
   21324      39.5281
   21325      39.1129
   21326      39.3680
   21327      39.0883
   21328      39.2066
   21329      39.1652
   21330      39.1110
   21331      39.5456
   21332      39.4679
   21333      39.5924
   21334      39.4571
   21335      39.0028
   21336      39.0327
   21337      38.9059
   21338      39.2860
   21339      39.4905
   21340      38.8870
   21341      38.9442
   21342      38.9627
   21343      39.0640
   21344      38.7932
   21345      39.3997
   21346      39.6326
   21347      39.4585
   21348      39.4886
   21349      39.7717
   21350      39.5844
   21351      39.9306
   21352      40.0055
   21353      39.9339
   21354      39.6509
   21355      39.2940
   21356      39.5166
   21357      39.2759
   21358      39.6629
   21359      39.3588
   21360      39.6919
   21361      39.6119
   21362      39.6912
   21363      39.3109
   21364      39.7110
   21365      39.5835
   21366      39.6263
   21367      39.8095
   21368      39.7458
   21369      39.8358
   21370      39.7280
   21371      39.5151
   21372      39.6968
   21373      40.4994
   21374      40.3985
   21375      39.8259
   21376      40.0513
   21377      40.0105
   21378      39.5608
   21379      39.2153
   21380      40.0800
   21381      39.8021
   21382      39.8593
   21383      39.9717
   21384      39.8009
   21385      39.5063
   21386      39.8489
   21387      39.6995
   21388      39.3605
   21389      39.8226
   21390      39.6666
   21391      39.3912
   21392      39.2711
   21393      39.5573
   21394      39.5093
   21395      39.6731
   21396      39.5712
   21397      39.5393
   21398      39.1976
   21399      39.5284
   21400      39.2557
   21401      39.1361
   21402      39.5759
   21403      39.3616
   21404      39.4919
   21405      39.1355
   21406      39.0440
   21407      39.4628
   21408      39.2308
   21409      39.0753
   21410      39.3369
   21411      39.2174
   21412      39.6173
   21413      39.4196
   21414      39.3448
   21415      39.2799
   21416      39.2897
   21417      39.6872
   21418      39.5946
   21419      39.7217
   21420      39.7536
   21421      39.5763
   21422      39.8812
   21423      39.8171
   21424      39.4594
   21425      40.2709
   21426      39.6588
   21427      39.5405
   21428      39.7571
   21429      40.1852
   21430      39.6687
   21431      40.0070
   21432      39.6352
   21433      39.3663
   21434      39.6564
   21435      39.7114
   21436      40.2190
   21437      40.0187
   21438      40.1260
   21439      39.9227
   21440      39.9197
   21441      39.8033
   21442      39.9248
   21443      39.8812
   21444      39.7909
   21445      39.3437
   21446      40.0998
   21447      40.0182
   21448      40.0081
   21449      40.3017
   21450      39.7678
   21451      39.9243
   21452      39.8257
   21453      39.9201
   21454      39.4722
   21455      39.7991
   21456      40.1157
   21457      39.5383
   21458      39.2769
   21459      38.7815
   21460      38.9454
   21461      38.8881
   21462      39.1762
   21463      38.8613
   21464      38.9767
   21465      39.3018
   21466      39.3254
   21467      39.8538
   21468      39.4827
   21469      39.4780
   21470      39.2584
   21471      39.0694
   21472      38.7226
   21473      39.1469
   21474      39.1160
   21475      39.2682
   21476      39.1429
   21477      39.3852
   21478      38.9738
   21479      39.1075
   21480      39.3869
   21481      39.4938
   21482      39.4249
   21483      39.0639
   21484      38.7316
   21485      38.9275
   21486      38.9317
   21487      39.0850
   21488      38.9459
   21489      38.9662
   21490      39.0958
   21491      38.7515
   21492      38.8564
   21493      39.3971
   21494      38.9636
   21495      39.2122
   21496      38.7864
   21497      39.0826
   21498      38.5122
   21499      38.7601
   21500      38.6863
   21501      38.8775
   21502      38.6396
   21503      38.9105
   21504      38.5870
   21505      38.8516
   21506      38.4822
   21507      39.2025
   21508      38.9892
   21509      38.5960
   21510      38.5617
   21511      39.5973
   21512      39.1749
   21513      39.5100
   21514      39.4400
   21515      39.2115
   21516      39.0590
   21517      38.7685
   21518      38.8021
   21519      39.2454
   21520      38.9354
   21521      38.4936
   21522      38.6843
   21523      38.4392
   21524      38.4603
   21525      38.2505
   21526      38.2576
   21527      38.5945
   21528      38.6020
   21529      38.9204
   21530      38.4104
   21531      38.6070
   21532      38.6077
   21533      38.5527
   21534      38.7927
   21535      38.5927
   21536      38.4933
   21537      38.2323
   21538      38.6910
   21539      38.7815
   21540      39.1587
   21541      39.7097
   21542      39.1613
   21543      38.9155
   21544      39.0321
   21545      38.7202
   21546      38.4731
   21547      39.1110
   21548      39.0121
   21549      39.0703
   21550      39.1891
   21551      39.0018
   21552      39.0472
   21553      38.6941
   21554      39.1402
   21555      39.3892
   21556      39.2506
   21557      39.3071
   21558      39.1141
   21559      39.0025
   21560      38.7802
   21561      38.6963
   21562      39.1594
   21563      39.1078
   21564      39.2343
   21565      39.4771
   21566      39.5228
   21567      39.2541
   21568      38.8711
   21569      38.9445
   21570      39.7960
   21571      38.8985
   21572      39.2204
   21573      38.9530
   21574      39.0685
   21575      39.0605
   21576      38.7697
   21577      38.6067
   21578      38.8155
   21579      39.0189
   21580      39.3382
   21581      39.0038
   21582      39.0257
   21583      39.1443
   21584      38.6910
   21585      38.9432
   21586      39.0921
   21587      38.5640
   21588      39.0114
   21589      39.1170
   21590      38.9516
   21591      38.5066
   21592      39.0293
   21593      38.9796
   21594      38.9442
   21595      39.5199
   21596      39.2789
   21597      39.2353
   21598      39.2003
   21599      39.0844
   21600      38.8665
   21601      38.9775
   21602      38.9923
   21603      39.1062
   21604      38.8290
   21605      38.8456
   21606      39.1496
   21607      39.2949
   21608      39.0690
   21609      39.1324
   21610      38.8655
   21611      39.3712
   21612      38.8875
   21613      39.6791
   21614      39.4151
   21615      39.6962
   21616      39.1747
   21617      39.0571
   21618      39.3191
   21619      39.0117
   21620      38.6068
   21621      38.6910
   21622      38.7633
   21623      38.9577
   21624      38.9008
   21625      39.0283
   21626      39.2335
   21627      39.1303
   21628      39.1070
   21629      39.3284
   21630      39.5006
   21631      38.9273
   21632      38.7748
   21633      39.1108
   21634      38.9784
   21635      38.3842
   21636      38.9940
   21637      39.0376
   21638      39.0846
   21639      39.5914
   21640      39.3601
   21641      39.0961
   21642      39.2826
   21643      39.3641
   21644      39.3821
   21645      39.4480
   21646      38.6601
   21647      39.2532
   21648      39.8341
   21649      39.5718
   21650      39.3897
   21651      39.0797
   21652      38.5252
   21653      39.1185
   21654      39.2813
   21655      38.9511
   21656      38.4559
   21657      38.5498
   21658      38.9426
   21659      38.8699
   21660      39.0240
   21661      39.1472
   21662      38.7568
   21663      38.8666
   21664      38.5247
   21665      39.0783
   21666      38.5809
   21667      38.5840
   21668      38.7976
   21669      39.1793
   21670      39.2089
   21671      39.0965
   21672      38.7746
   21673      38.9014
   21674      38.6923
   21675      38.6481
   21676      38.1782
   21677      38.5700
   21678      38.2306
   21679      38.3923
   21680      38.4913
   21681      38.5846
   21682      38.6733
   21683      38.6062
   21684      38.8697
   21685      38.7660
   21686      38.8370
   21687      39.0709
   21688      39.3753
   21689      38.9940
   21690      39.0790
   21691      38.7332
   21692      39.0797
   21693      38.8215
   21694      38.8426
   21695      38.9403
   21696      38.4991
   21697      39.1264
   21698      38.6875
   21699      38.8653
   21700      38.7802
   21701      38.8393
   21702      39.1348
   21703      38.6647
   21704      38.4106
   21705      38.9149
   21706      39.0096
   21707      38.8908
   21708      38.4102
   21709      38.3267
   21710      38.9099
   21711      38.3608
   21712      38.2668
   21713      38.5961
   21714      38.6059
   21715      38.4581
   21716      38.6166
   21717      38.6089
   21718      39.2018
   21719      38.9265
   21720      39.3147
   21721      38.4890
   21722      39.3423
   21723      39.1834
   21724      39.2324
   21725      38.9818
   21726      38.5433
   21727      39.0290
   21728      38.8999
   21729      38.4889
   21730      38.6953
   21731      38.6110
   21732      39.0328
   21733      39.2115
   21734      39.0964
   21735      38.8171
   21736      39.2015
   21737      38.7775
   21738      38.9020
   21739      38.7795
   21740      39.1344
   21741      38.8458
   21742      38.8244
   21743      38.8491
   21744      39.0227
   21745      38.9401
   21746      39.0885
   21747      38.9429
   21748      38.8015
   21749      38.8325
   21750      38.9896
   21751      38.9266
   21752      38.8122
   21753      38.7901
   21754      39.0330
   21755      38.4075
   21756      38.9013
   21757      38.5876
   21758      38.4719
   21759      38.5249
   21760      38.3088
   21761      38.7888
   21762      38.6752
   21763      38.6932
   21764      39.0193
   21765      38.3387
   21766      38.7271
   21767      38.7220
   21768      38.3103
   21769      38.3390
   21770      38.2822
   21771      38.6470
   21772      38.8217
   21773      38.9446
   21774      39.3694
   21775      38.3230
   21776      38.6051
   21777      38.6594
   21778      38.8637
   21779      38.4935
   21780      38.2847
   21781      38.8462
   21782      38.6216
   21783      38.6682
   21784      38.1308
   21785      38.2551
   21786      38.3915
   21787      39.3670
   21788      39.5511
   21789      38.9574
   21790      39.3241
   21791      39.3554
   21792      39.1470
   21793      38.8000
   21794      38.6697
   21795      39.3538
   21796      38.4918
   21797      38.7708
   21798      38.8359
   21799      38.5336
   21800      38.3991
   21801      38.4605
   21802      38.5882
   21803      38.5752
   21804      38.0757
   21805      38.5908
   21806      39.2668
   21807      38.9628
   21808      38.6719
   21809      39.3037
   21810      39.1218
   21811      39.2019
   21812      39.3532
   21813      38.9710
   21814      38.9618
   21815      39.4075
   21816      38.2825
   21817      38.7271
   21818      38.9500
   21819      38.4032
   21820      38.5126
   21821      38.5186
   21822      38.8140
   21823      38.9292
   21824      38.8889
   21825      39.3067
   21826      38.9562
   21827      38.7879
   21828      38.7004
   21829      38.7586
   21830      38.9143
   21831      38.9309
   21832      39.1616
   21833      39.2452
   21834      38.5287
   21835      39.9836
   21836      39.7871
   21837      39.8494
   21838      39.5953
   21839      39.8180
   21840      39.3806
   21841      39.1791
   21842      39.7320
   21843      39.0531
   21844      39.0929
   21845      38.9453
   21846      38.9467
   21847      38.7370
   21848      39.1794
   21849      39.2618
   21850      39.8567
   21851      40.1690
   21852      39.9795
   21853      39.6084
   21854      39.3254
   21855      39.2932
   21856      38.9642
   21857      39.0104
   21858      39.4231
   21859      39.4936
   21860      39.5440
   21861      38.9573
   21862      38.8635
   21863      39.0347
   21864      38.7988
   21865      39.0919
   21866      38.8390
   21867      39.5889
   21868      39.4563
   21869      39.6156
   21870      39.3889
   21871      39.1070
   21872      39.1486
   21873      39.3029
   21874      39.3190
   21875      39.3741
   21876      39.3897
   21877      39.4635
   21878      39.3972
   21879      39.1873
   21880      39.5458
   21881      38.9928
   21882      39.1619
   21883      39.0938
   21884      39.1460
   21885      39.6564
   21886      39.2518
   21887      39.2780
   21888      38.6204
   21889      38.9864
   21890      39.3175
   21891      38.9409
   21892      38.6434
   21893      39.1118
   21894      39.3017
   21895      39.1876
   21896      39.3663
   21897      39.0805
   21898      39.4664
   21899      39.4875
   21900      38.8509
   21901      39.4178
   21902      39.4170
   21903      39.2822
   21904      39.4524
   21905      39.3069
   21906      39.4115
   21907      39.4658
   21908      39.0964
   21909      39.1830
   21910      39.4346
   21911      39.4651
   21912      39.2602
   21913      39.3443
   21914      39.1365
   21915      38.8374
   21916      39.6459
   21917      39.2576
   21918      39.0243
   21919      39.4153
   21920      39.1239
   21921      38.9020
   21922      39.4469
   21923      39.2559
   21924      39.1005
   21925      39.1147
   21926      39.0816
   21927      39.2194
   21928      39.1381
   21929      38.8335
   21930      39.2463
   21931      39.6535
   21932      39.1695
   21933      39.3781
   21934      39.3816
   21935      39.6538
   21936      39.7150
   21937      38.8700
   21938      38.9632
   21939      38.8810
   21940      39.0295
   21941      38.9823
   21942      39.2663
   21943      38.8829
   21944      38.7578
   21945      39.2650
   21946      39.2460
   21947      38.9185
   21948      39.1103
   21949      39.2410
   21950      39.1956
   21951      38.7266
   21952      39.0162
   21953      39.0999
   21954      39.4043
   21955      39.1935
   21956      39.5412
   21957      39.1994
   21958      39.3199
   21959      39.6812
   21960      39.5200
   21961      39.3762
   21962      39.0758
   21963      38.9380
   21964      39.2147
   21965      39.5212
   21966      39.3688
   21967      39.3410
   21968      38.9473
   21969      38.8257
   21970      39.0212
   21971      39.2111
   21972      39.2922
   21973      38.6915
   21974      38.7544
   21975      38.8289
   21976      39.2988
   21977      39.2838
   21978      39.1016
   21979      39.3674
   21980      39.4829
   21981      39.1489
   21982      39.3792
   21983      39.4253
   21984      39.6314
   21985      39.6383
   21986      39.3301
   21987      39.6147
   21988      39.5102
   21989      39.3908
   21990      39.0519
   21991      39.1732
   21992      39.3224
   21993      39.4207
   21994      39.8176
   21995      39.4909
   21996      39.2309
   21997      39.4613
   21998      39.5051
   21999      39.4205
   22000      39.5219
   22001      39.0869
   22002      39.3774
   22003      39.4091
   22004      38.9761
   22005      39.1326
   22006      39.2945
   22007      39.4280
   22008      39.5503
   22009      39.6558
   22010      39.6043
   22011      39.4539
   22012      39.0072
   22013      39.4922
   22014      38.7332
   22015      38.8918
   22016      39.4394
   22017      39.3400
   22018      39.2350
   22019      39.2541
   22020      39.1490
   22021      39.7257
   22022      39.8018
   22023      39.6796
   22024      39.4417
   22025      39.4397
   22026      39.1507
   22027      39.7708
   22028      39.5514
   22029      39.3690
   22030      39.0734
   22031      39.3868
   22032      39.5214
   22033      39.3287
   22034      39.2223
   22035      39.6096
   22036      39.3515
   22037      39.1520
   22038      39.2404
   22039      39.5586
   22040      39.6428
   22041      39.2315
   22042      39.6089
   22043      39.8374
   22044      39.8361
   22045      39.6421
   22046      39.3241
   22047      39.4487
   22048      39.2609
   22049      39.2160
   22050      39.6106
   22051      39.9284
   22052      39.2728
   22053      39.5216
   22054      39.0165
   22055      39.1677
   22056      38.8210
   22057      39.1796
   22058      38.8201
   22059      38.9528
   22060      38.6833
   22061      38.6389
   22062      38.8469
   22063      38.8154
   22064      39.2803
   22065      39.0361
   22066      39.1905
   22067      38.6338
   22068      38.8804
   22069      39.0560
   22070      39.3568
   22071      39.2860
   22072      39.4612
   22073      39.4007
   22074      39.3713
   22075      39.3338
   22076      39.0502
   22077      39.0446
   22078      39.7081
   22079      39.6300
   22080      39.7302
   22081      39.3976
   22082      39.5884
   22083      39.9852
   22084      39.7406
   22085      39.3874
   22086      39.7698
   22087      39.6082
   22088      39.5626
   22089      39.5667
   22090      39.7470
   22091      39.6160
   22092      39.6382
   22093      39.6368
   22094      39.2519
   22095      39.4544
   22096      39.7976
   22097      39.6604
   22098      39.3750
   22099      39.4430
   22100      39.1269
   22101      39.5253
   22102      39.7626
   22103      39.4808
   22104      39.6062
   22105      39.4674
   22106      39.6326
   22107      39.4765
   22108      39.4425
   22109      39.6174
   22110      39.4238
   22111      39.4035
   22112      39.5978
   22113      39.5259
   22114      39.4695
   22115      39.2154
   22116      38.9609
   22117      39.5183
   22118      39.5374
   22119      39.2192
   22120      39.4074
   22121      39.4213
   22122      39.5567
   22123      39.8472
   22124      39.7189
   22125      39.8541
   22126      39.6560
   22127      39.3189
   22128      39.1511
   22129      39.6748
   22130      39.1601
   22131      39.2650
   22132      39.2255
   22133      39.0758
   22134      38.8532
   22135      39.1988
   22136      39.8718
   22137      39.4085
   22138      39.5612
   22139      38.7900
   22140      39.0320
   22141      39.4988
   22142      39.8186
   22143      39.7655
   22144      39.4525
   22145      39.6885
   22146      39.3725
   22147      39.3452
   22148      38.9692
   22149      39.2938
   22150      39.4984
   22151      39.4821
   22152      39.4366
   22153      39.2305
   22154      39.5606
   22155      39.4433
   22156      39.3489
   22157      39.3158
   22158      39.1276
   22159      39.1024
   22160      38.6624
   22161      39.1703
   22162      39.1059
   22163      39.2425
   22164      39.4119
   22165      39.9109
   22166      39.6624
   22167      39.6498
   22168      39.4118
   22169      39.2922
   22170      39.4141
   22171      39.2871
   22172      39.3529
   22173      39.6311
   22174      39.5194
   22175      39.8002
   22176      39.3281
   22177      39.4812
   22178      39.4095
   22179      39.3702
   22180      39.4960
   22181      39.7624
   22182      39.3149
   22183      39.1058
   22184      39.3888
   22185      39.6762
   22186      39.7408
   22187      39.5041
   22188      39.5670
   22189      39.5342
   22190      39.3420
   22191      39.3855
   22192      39.1661
   22193      39.3949
   22194      38.9994
   22195      39.5376
   22196      39.4645
   22197      39.5662
   22198      39.6438
   22199      39.6205
   22200      39.3680
   22201      39.3383
   22202      39.1478
   22203      39.2350
   22204      39.3046
   22205      39.2743
   22206      39.7683
   22207      39.1208
   22208      38.7798
   22209      39.3307
   22210      39.4989
   22211      39.4372
   22212      39.5792
   22213      39.7562
   22214      39.6076
   22215      39.1555
   22216      39.2880
   22217      39.3236
   22218      39.2454
   22219      39.4737
   22220      39.7925
   22221      39.5074
   22222      40.1630
   22223      39.9389
   22224      39.8925
   22225      39.4598
   22226      39.4929
   22227      39.2734
   22228      39.5432
   22229      39.0044
   22230      39.0266
   22231      39.2528
   22232      39.3849
   22233      39.3756
   22234      39.2808
   22235      38.9846
   22236      39.2088
   22237      39.1356
   22238      38.6790
   22239      38.5441
   22240      39.0595
   22241      39.4077
   22242      39.0253
   22243      39.1386
   22244      39.0216
   22245      38.7588
   22246      39.0756
   22247      39.2191
   22248      38.4146
   22249      38.9672
   22250      39.1230
   22251      39.0693
   22252      39.1214
   22253      39.3998
   22254      39.2476
   22255      39.6086
   22256      39.4143
   22257      39.7123
   22258      39.2616
   22259      39.6425
   22260      39.4973
   22261      39.3056
   22262      39.5088
   22263      39.3919
   22264      39.7482
   22265      39.5002
   22266      39.5628
   22267      39.6315
   22268      39.5179
   22269      39.8240
   22270      39.4256
   22271      39.2390
   22272      39.2989
   22273      39.3146
   22274      39.7500
   22275      39.5880
   22276      39.1910
   22277      39.3634
   22278      38.9125
   22279      39.3673
   22280      39.4271
   22281      39.5415
   22282      39.7623
   22283      39.1741
   22284      39.1014
   22285      39.4095
   22286      39.6415
   22287      39.1983
   22288      39.2150
   22289      39.0193
   22290      39.3538
   22291      38.9861
   22292      39.0892
   22293      39.6786
   22294      39.2888
   22295      39.4705
   22296      39.5535
   22297      39.1662
   22298      39.5310
   22299      39.4298
   22300      40.0000
   22301      39.5477
   22302      39.8507
   22303      39.4487
   22304      39.1165
   22305      39.6252
   22306      39.2344
   22307      39.0726
   22308      39.3226
   22309      39.5806
   22310      39.1263
   22311      38.9466
   22312      39.3955
   22313      40.0098
   22314      39.3777
   22315      39.5243
   22316      39.6536
   22317      39.4513
   22318      39.3536
   22319      39.5311
   22320      39.5151
   22321      39.7740
   22322      39.6946
   22323      39.4595
   22324      39.5091
   22325      38.9452
   22326      39.8718
   22327      39.1630
   22328      39.2463
   22329      39.5333
   22330      39.0082
   22331      38.9643
   22332      39.4255
   22333      39.1840
   22334      39.2695
   22335      39.5945
   22336      39.5885
   22337      39.4504
   22338      39.3964
   22339      39.6221
   22340      39.6014
   22341      39.6696
   22342      39.1136
   22343      39.3217
   22344      39.5539
   22345      39.3359
   22346      39.2484
   22347      38.9407
   22348      39.4091
   22349      39.0377
   22350      39.1727
   22351      39.0960
   22352      39.4015
   22353      38.9612
   22354      39.6379
   22355      39.4770
   22356      39.4068
   22357      39.7032
   22358      39.2041
   22359      39.5321
   22360      39.8662
   22361      39.6583
   22362      39.7187
   22363      39.5357
   22364      40.4903
   22365      39.8198
   22366      40.3488
   22367      39.6701
   22368      39.9511
   22369      39.6587
   22370      39.3463
   22371      39.4182
   22372      39.8398
   22373      39.5435
   22374      39.8652
   22375      39.7840
   22376      39.3075
   22377      40.2581
   22378      39.7500
   22379      39.9102
   22380      39.8031
   22381      39.4584
   22382      39.1606
   22383      39.5680
   22384      39.6197
   22385      39.6848
   22386      39.7515
   22387      39.4486
   22388      39.8774
   22389      39.9508
   22390      39.9527
   22391      39.5563
   22392      39.7358
   22393      39.5226
   22394      39.9557
   22395      39.7743
   22396      40.0756
   22397      40.0609
   22398      39.5654
   22399      39.7610
   22400      39.4561
   22401      39.6470
   22402      39.8284
   22403      39.8983
   22404      39.3792
   22405      39.5985
   22406      39.7046
   22407      39.7624
   22408      39.6233
   22409      39.1954
   22410      39.4949
   22411      39.2023
   22412      39.3972
   22413      39.7292
   22414      39.5448
   22415      39.7554
   22416      40.1025
   22417      39.7404
   22418      39.9238
   22419      39.2760
   22420      39.1430
   22421      39.5830
   22422      39.5490
   22423      39.3701
   22424      39.8531
   22425      39.4089
   22426      39.9438
   22427      39.6324
   22428      39.4150
   22429      39.5094
   22430      39.7157
   22431      39.3208
   22432      39.2979
   22433      39.4740
   22434      39.0417
   22435      39.5459
   22436      39.1537
   22437      39.7939
   22438      39.0368
   22439      39.1054
   22440      39.3327
   22441      39.1619
   22442      39.4671
   22443      39.9098
   22444      39.3570
   22445      39.6544
   22446      39.5333
   22447      39.6319
   22448      39.5244
   22449      39.2411
   22450      39.4326
   22451      39.2133
   22452      39.5282
   22453      39.0635
   22454      39.2816
   22455      39.5535
   22456      39.2152
   22457      39.3986
   22458      39.2787
   22459      39.2706
   22460      38.9201
   22461      39.0953
   22462      38.9132
   22463      39.0725
   22464      39.1704
   22465      38.8555
   22466      39.3411
   22467      39.1756
   22468      39.5829
   22469      39.3901
   22470      39.3092
   22471      39.4415
   22472      39.6029
   22473      39.5349
   22474      39.4235
   22475      39.4000
   22476      39.4615
   22477      38.9872
   22478      39.1197
   22479      39.0231
   22480      39.1859
   22481      39.0033
   22482      39.0327
   22483      38.9309
   22484      39.5703
   22485      39.2740
   22486      38.9690
   22487      39.1670
   22488      39.6752
   22489      39.3670
   22490      38.9406
   22491      39.1067
   22492      38.9494
   22493      39.1092
   22494      39.1160
   22495      39.2515
   22496      38.7941
   22497      39.1285
   22498      39.4515
   22499      39.6521
   22500      39.4772
   22501      39.2342
   22502      39.4106
   22503      39.8628
   22504      39.1974
   22505      39.3090
   22506      39.2939
   22507      39.6973
   22508      39.9575
   22509      39.1140
   22510      39.7383
   22511      39.9158
   22512      39.3667
   22513      39.2673
   22514      39.7414
   22515      39.3742
   22516      39.4323
   22517      39.0791
   22518      39.0995
   22519      38.9653
   22520      38.9605
   22521      39.3040
   22522      39.4496
   22523      39.8662
   22524      40.1419
   22525      38.9992
   22526      38.6718
   22527      38.7600
   22528      38.6982
   22529      39.4340
   22530      39.2923
   22531      39.7984
   22532      39.2157
   22533      39.0438
   22534      39.3977
   22535      39.1500
   22536      39.8482
   22537      39.7871
   22538      39.5052
   22539      39.1343
   22540      39.0128
   22541      39.4214
   22542      39.6562
   22543      39.1602
   22544      39.2079
   22545      39.2412
   22546      39.4314
   22547      39.4951
   22548      39.4061
   22549      39.3204
   22550      39.6561
   22551      39.5418
   22552      38.8364
   22553      39.1659
   22554      38.9290
   22555      39.1589
   22556      39.2373
   22557      39.1659
   22558      39.2014
   22559      39.1106
   22560      39.1937
   22561      39.5425
   22562      38.9177
   22563      38.7606
   22564      38.9211
   22565      39.4132
   22566      39.9069
   22567      39.5455
   22568      39.7662
   22569      39.8016
   22570      39.5414
   22571      39.0244
   22572      39.1559
   22573      38.7971
   22574      39.4715
   22575      39.1415
   22576      39.0344
   22577      39.0103
   22578      38.9604
   22579      39.1186
   22580      39.4423
   22581      39.1021
   22582      39.0287
   22583      39.1198
   22584      38.8967
   22585      38.7786
   22586      38.7455
   22587      38.5825
   22588      39.2040
   22589      38.6678
   22590      38.8324
   22591      38.7394
   22592      38.7854
   22593      38.9934
   22594      39.1920
   22595      39.3010
   22596      39.0125
   22597      38.9678
   22598      38.6713
   22599      39.1193
   22600      39.2787
   22601      39.3660
   22602      39.1547
   22603      38.8662
   22604      39.1364
   22605      38.6536
   22606      39.1156
   22607      39.0633
   22608      39.0225
   22609      38.7932
   22610      39.1074
   22611      39.4644
   22612      38.8213
   22613      38.9335
   22614      39.1546
   22615      38.9354
   22616      39.2929
   22617      39.1172
   22618      39.1841
   22619      39.3505
   22620      39.3364
   22621      39.1853
   22622      39.3570
   22623      39.2794
   22624      39.4855
   22625      39.2160
   22626      39.3573
   22627      39.1463
   22628      38.8593
   22629      38.9697
   22630      39.0564
   22631      38.6391
   22632      39.1333
   22633      39.3300
   22634      39.5793
   22635      39.3991
   22636      38.8749
   22637      38.7434
   22638      38.8594
   22639      38.7442
   22640      38.9040
   22641      39.0974
   22642      39.1816
   22643      38.9751
   22644      39.0952
   22645      39.0511
   22646      39.3311
   22647      39.1686
   22648      38.8780
   22649      39.2472
   22650      39.0977
   22651      39.4665
   22652      39.5081
   22653      39.4029
   22654      39.6203
   22655      39.7848
   22656      39.1829
   22657      39.3083
   22658      38.9882
   22659      39.2219
   22660      38.9583
   22661      39.0897
   22662      39.7190
   22663      39.4494
   22664      39.5654
   22665      39.1563
   22666      39.5881
   22667      39.2502
   22668      39.1994
   22669      38.9965
   22670      39.3022
   22671      39.2878
   22672      39.3187
   22673      39.4680
   22674      38.9865
   22675      39.6136
   22676      39.3190
   22677      39.3399
   22678      38.6694
   22679      38.8765
   22680      39.0338
   22681      39.3695
   22682      39.1198
   22683      39.3330
   22684      39.3427
   22685      38.9025
   22686      39.0999
   22687      39.3149
   22688      39.0597
   22689      38.9563
   22690      38.5498
   22691      39.0046
   22692      38.9401
   22693      38.6939
   22694      38.6993
   22695      39.2106
   22696      39.2273
   22697      39.3719
   22698      38.8817
   22699      39.4404
   22700      38.9798
   22701      39.2333
   22702      39.0331
   22703      39.1121
   22704      39.3097
   22705      39.1552
   22706      39.7089
   22707      39.7855
   22708      39.4704
   22709      38.9643
   22710      39.0606
   22711      39.2241
   22712      38.9848
   22713      39.1134
   22714      38.9292
   22715      38.9579
   22716      39.2484
   22717      39.5651
   22718      39.0409
   22719      39.2070
   22720      38.9749
   22721      38.8778
   22722      38.7070
   22723      38.9785
   22724      39.2608
   22725      38.7634
   22726      39.2530
   22727      39.2501
   22728      39.6330
   22729      39.4917
   22730      39.5627
   22731      39.4056
   22732      39.5885
   22733      39.4958
   22734      38.9818
   22735      39.4288
   22736      39.4324
   22737      39.3860
   22738      39.4317
   22739      39.2264
   22740      38.8585
   22741      39.0518
   22742      38.7150
   22743      38.8507
   22744      39.3506
   22745      39.7390
   22746      39.1931
   22747      39.0094
   22748      38.7666
   22749      39.1154
   22750      39.1485
   22751      38.7401
   22752      39.1955
   22753      38.7868
   22754      39.0991
   22755      38.9924
   22756      39.1495
   22757      39.0245
   22758      39.2088
   22759      39.0160
   22760      38.6875
   22761      38.9255
   22762      39.3881
   22763      38.9479
   22764      39.3928
   22765      39.5878
   22766      39.1269
   22767      39.6856
   22768      39.5058
   22769      39.4905
   22770      39.2950
   22771      39.5029
   22772      39.2169
   22773      39.4919
   22774      39.3229
   22775      39.3356
   22776      39.4635
   22777      39.2921
   22778      39.7102
   22779      39.4442
   22780      39.1206
   22781      39.2872
   22782      39.0776
   22783      39.0719
   22784      38.9208
   22785      38.8430
   22786      38.8085
   22787      38.9904
   22788      39.0108
   22789      39.2183
   22790      38.9944
   22791      38.5976
   22792      38.8091
   22793      38.6933
   22794      39.5270
   22795      38.6680
   22796      38.9767
   22797      39.1365
   22798      39.3044
   22799      39.3100
   22800      39.0294
   22801      38.6615
   22802      38.9995
   22803      39.4566
   22804      39.2818
   22805      38.7093
   22806      38.8316
   22807      38.4987
   22808      38.8082
   22809      39.2072
   22810      38.8650
   22811      38.8387
   22812      38.8235
   22813      38.6794
   22814      38.8063
   22815      39.0323
   22816      39.5580
   22817      39.3582
   22818      38.8615
   22819      39.2164
   22820      39.7514
   22821      39.1204
   22822      39.8459
   22823      39.4927
   22824      39.3710
   22825      39.1387
   22826      39.1500
   22827      38.7550
   22828      38.7842
   22829      38.5474
   22830      39.3435
   22831      38.8641
   22832      38.5055
   22833      39.2079
   22834      39.0712
   22835      39.0803
   22836      38.7727
   22837      38.9128
   22838      38.4884
   22839      39.1561
   22840      39.2039
   22841      39.1512
   22842      39.0400
   22843      39.4945
   22844      39.2966
   22845      39.5808
   22846      39.2176
   22847      39.2884
   22848      39.5491
   22849      39.2495
   22850      39.1621
   22851      39.1413
   22852      39.1770
   22853      39.2821
   22854      39.3979
   22855      39.0600
   22856      39.1953
   22857      39.3263
   22858      39.2771
   22859      39.3842
   22860      39.4752
   22861      39.3116
   22862      39.8176
   22863      39.5958
   22864      39.6218
   22865      39.6979
   22866      39.4480
   22867      39.2949
   22868      39.6849
   22869      39.4221
   22870      39.7862
   22871      39.8901
   22872      39.8535
   22873      39.4607
   22874      39.4792
   22875      39.9019
   22876      39.6375
   22877      39.6329
   22878      39.4671
   22879      39.8804
   22880      39.4939
   22881      39.1449
   22882      39.3957
   22883      39.8008
   22884      39.4350
   22885      39.5258
   22886      39.2435
   22887      39.3065
   22888      39.4808
   22889      39.3565
   22890      39.4393
   22891      39.3510
   22892      40.0422
   22893      40.0263
   22894      39.7909
   22895      39.9264
   22896      39.9460
   22897      39.5675
   22898      39.4545
   22899      39.7478
   22900      39.5892
   22901      39.7971
   22902      40.0639
   22903      39.2121
   22904      39.4814
   22905      38.8889
   22906      39.2554
   22907      39.2197
   22908      39.2285
   22909      39.5039
   22910      39.2155
   22911      39.3720
   22912      39.5026
   22913      39.2119
   22914      39.0385
   22915      39.7255
   22916      39.5622
   22917      39.3421
   22918      38.7878
   22919      39.0853
   22920      38.7803
   22921      39.0998
   22922      38.7979
   22923      38.5262
   22924      38.7232
   22925      39.2969
   22926      39.0804
   22927      38.9469
   22928      38.7820
   22929      38.9071
   22930      38.9092
   22931      38.9525
   22932      38.6664
   22933      38.7032
   22934      38.2511
   22935      39.0422
   22936      38.6216
   22937      38.7274
   22938      38.7583
   22939      38.9097
   22940      38.9175
   22941      39.4840
   22942      38.8884
   22943      38.7526
   22944      38.9743
   22945      38.9019
   22946      38.9413
   22947      39.1137
   22948      39.3020
   22949      39.0185
   22950      39.0766
   22951      39.1052
   22952      38.9164
   22953      39.0691
   22954      39.5177
   22955      39.4640
   22956      39.4010
   22957      39.0961
   22958      38.5186
   22959      38.6792
   22960      38.8053
   22961      39.1218
   22962      39.3757
   22963      38.7043
   22964      38.6229
   22965      38.6215
   22966      38.4490
   22967      38.6928
   22968      38.6059
   22969      38.7240
   22970      39.0381
   22971      38.9427
   22972      38.5768
   22973      38.5047
   22974      38.7195
   22975      38.9303
   22976      39.1270
   22977      38.9788
   22978      39.0358
   22979      38.5503
   22980      38.5655
   22981      38.4598
   22982      38.6828
   22983      38.5732
   22984      38.8636
   22985      39.0709
   22986      38.7531
   22987      39.0413
   22988      39.1339
   22989      39.0107
   22990      38.7887
   22991      38.7258
   22992      38.8696
   22993      38.8156
   22994      38.5272
   22995      39.2614
   22996      39.0243
   22997      39.0177
   22998      38.9726
   22999      39.1775
   23000      38.9978
   23001      39.4702
   23002      39.2200
   23003      39.0208
   23004      38.8869
   23005      39.1534
   23006      38.5243
   23007      39.1573
   23008      39.2094
   23009      39.7052
   23010      39.5382
   23011      39.0015
   23012      39.2288
   23013      39.4348
   23014      39.8183
   23015      39.0904
   23016      38.7466
   23017      38.2437
   23018      38.9936
   23019      38.5568
   23020      38.6906
   23021      38.4212
   23022      38.7464
   23023      39.1677
   23024      39.4140
   23025      38.7377
   23026      38.9020
   23027      39.0124
   23028      39.5215
   23029      39.5309
   23030      38.8237
   23031      39.0145
   23032      39.2251
   23033      38.6764
   23034      38.5827
   23035      38.3777
   23036      38.7692
   23037      38.6788
   23038      38.9273
   23039      39.0264
   23040      38.9921
   23041      38.5087
   23042      39.0518
   23043      39.1935
   23044      38.7452
   23045      38.6774
   23046      38.8177
   23047      38.9267
   23048      38.9770
   23049      39.4243
   23050      39.1019
   23051      39.1793
   23052      39.6032
   23053      39.5507
   23054      39.2248
   23055      39.3001
   23056      39.3846
   23057      39.1337
   23058      39.3987
   23059      39.5614
   23060      38.6604
   23061      39.4702
   23062      39.3380
   23063      39.6909
   23064      39.4436
   23065      39.4747
   23066      38.6661
   23067      38.9147
   23068      39.0316
   23069      39.1088
   23070      39.1676
   23071      39.0299
   23072      39.1617
   23073      39.0985
   23074      39.1554
   23075      39.0687
   23076      39.2766
   23077      39.1363
   23078      38.9867
   23079      39.1689
   23080      39.1916
   23081      39.1813
   23082      38.8456
   23083      38.9466
   23084      38.6330
   23085      38.5873
   23086      39.0185
   23087      39.1998
   23088      38.8211
   23089      38.9979
   23090      38.8793
   23091      39.2335
   23092      39.4004
   23093      39.4572
   23094      39.3745
   23095      39.4090
   23096      39.3998
   23097      38.9502
   23098      39.2359
   23099      39.0915
   23100      38.8068
   23101      38.9974
   23102      38.6974
   23103      38.8284
   23104      39.0241
   23105      38.9914
   23106      38.8144
   23107      39.0674
   23108      39.4889
   23109      39.1581
   23110      39.1954
   23111      38.9003
   23112      39.1557
   23113      39.0800
   23114      39.4641
   23115      38.8225
   23116      39.2015
   23117      39.1290
   23118      39.1571
   23119      39.3805
   23120      39.1871
   23121      38.9710
   23122      39.1427
   23123      38.9794
   23124      38.5847
   23125      38.4064
   23126      38.7014
   23127      38.7203
   23128      38.8616
   23129      39.1686
   23130      38.6442
   23131      38.8342
   23132      38.6374
   23133      38.7979
   23134      38.5973
   23135      38.6428
   23136      38.5037
   23137      38.7612
   23138      38.5103
   23139      38.8798
   23140      38.8241
   23141      39.0998
   23142      38.9841
   23143      38.4534
   23144      38.9490
   23145      38.9375
   23146      38.9758
   23147      38.7797
   23148      39.2249
   23149      38.8226
   23150      38.6533
   23151      39.0548
   23152      38.3192
   23153      39.1287
   23154      38.6501
   23155      38.8221
   23156      38.5135
   23157      38.5603
   23158      38.6046
   23159      38.8393
   23160      38.5815
   23161      38.8708
   23162      38.9262
   23163      39.1343
   23164      39.1261
   23165      38.7165
   23166      39.0016
   23167      39.5863
   23168      38.9126
   23169      38.9141
   23170      38.9800
   23171      39.1452
   23172      39.2122
   23173      39.2268
   23174      39.1307
   23175      39.3693
   23176      39.2052
   23177      38.9294
   23178      38.8024
   23179      38.8433
   23180      38.7188
   23181      39.3398
   23182      39.1588
   23183      39.0709
   23184      39.0690
   23185      39.4155
   23186      39.1475
   23187      38.9692
   23188      39.3475
   23189      39.2832
   23190      39.2877
   23191      39.3626
   23192      38.8423
   23193      39.0240
   23194      38.5563
   23195      38.5615
   23196      38.9530
   23197      39.1344
   23198      39.0556
   23199      38.7037
   23200      38.8960
   23201      38.3804
   23202      38.8279
   23203      38.9726
   23204      38.9202
   23205      38.8105
   23206      38.6758
   23207      38.6873
   23208      38.7052
   23209      38.6866
   23210      38.6731
   23211      38.8909
   23212      38.8005
   23213      38.8214
   23214      38.9199
   23215      38.7255
   23216      38.2799
   23217      38.3113
   23218      38.4628
   23219      38.5785
   23220      38.8358
   23221      38.8311
   23222      38.9266
   23223      38.4401
   23224      38.4875
   23225      38.5082
   23226      38.3471
   23227      38.4737
   23228      38.6938
   23229      38.3484
   23230      38.6815
   23231      38.7309
   23232      38.5581
   23233      38.7312
   23234      38.5677
   23235      38.5769
   23236      38.6698
   23237      38.7925
   23238      39.0006
   23239      38.6433
   23240      38.8572
   23241      38.5929
   23242      38.6341
   23243      38.8522
   23244      38.7586
   23245      38.4028
   23246      38.7779
   23247      38.7856
   23248      38.9465
   23249      39.1838
   23250      39.6462
   23251      39.1851
   23252      39.4845
   23253      39.3888
   23254      39.1614
   23255      39.5002
   23256      38.8432
   23257      39.3834
   23258      39.2690
   23259      38.9630
   23260      38.8495
   23261      39.1071
   23262      39.1787
   23263      39.3021
   23264      39.1753
   23265      39.3909
   23266      39.2174
   23267      39.2463
   23268      39.2091
   23269      39.1936
   23270      38.7439
   23271      38.8223
   23272      39.1304
   23273      39.3332
   23274      38.7718
   23275      38.8686
   23276      38.9933
   23277      38.7453
   23278      39.0582
   23279      38.6813
   23280      38.7026
   23281      39.1146
   23282      38.8252
   23283      38.9608
   23284      38.8403
   23285      38.7169
   23286      38.9881
   23287      39.0941
   23288      39.3980
   23289      39.1112
   23290      38.9192
   23291      39.2262
   23292      39.1085
   23293      39.1267
   23294      39.0979
   23295      39.2599
   23296      38.7580
   23297      38.8936
   23298      38.8499
   23299      38.9665
   23300      38.5564
   23301      38.9514
   23302      38.9341
   23303      38.8842
   23304      38.9848
   23305      38.4837
   23306      38.7826
   23307      38.8181
   23308      38.8425
   23309      38.3205
   23310      38.5105
   23311      38.2261
   23312      39.2819
   23313      38.5828
   23314      38.4678
   23315      38.5201
   23316      38.0310
   23317      38.3626
   23318      38.6648
   23319      38.4965
   23320      38.9851
   23321      38.6726
   23322      38.7058
   23323      38.7595
   23324      38.8583
   23325      38.5388
   23326      38.3379
   23327      38.8915
   23328      38.6599
   23329      38.7380
   23330      38.7951
   23331      38.6660
   23332      38.1457
   23333      38.2514
   23334      38.7036
   23335      38.7913
   23336      39.4041
   23337      38.7073
   23338      38.5467
   23339      38.7266
   23340      38.6395
   23341      38.5604
   23342      38.4414
   23343      38.8781
   23344      38.6405
   23345      38.4108
   23346      38.5725
   23347      38.5965
   23348      38.4298
   23349      38.5807
   23350      38.7012
   23351      38.8865
   23352      38.4629
   23353      39.0693
   23354      38.4787
   23355      38.5507
   23356      38.6584
   23357      38.7350
   23358      38.4666
   23359      39.6273
   23360      38.5514
   23361      38.4985
   23362      38.6615
   23363      38.6326
   23364      38.6701
   23365      38.5795
   23366      38.7240
   23367      38.8910
   23368      38.4384
   23369      38.5157
   23370      39.0124
   23371      38.9641
   23372      38.3162
   23373      38.5303
   23374      38.2020
   23375      38.4591
   23376      38.5185
   23377      38.5707
   23378      38.3231
   23379      38.9290
   23380      38.8005
   23381      38.8710
   23382      38.4272
   23383      38.8157
   23384      38.7947
   23385      38.9481
   23386      38.6941
   23387      38.6168
   23388      38.6750
   23389      38.7987
   23390      38.9424
   23391      38.7544
   23392      38.6764
   23393      38.9062
   23394      39.0967
   23395      38.9674
   23396      38.5459
   23397      39.1675
   23398      38.7679
   23399      38.8088
   23400      38.8939
   23401      39.3437
   23402      39.0630
   23403      38.6856
   23404      38.8188
   23405      38.2973
   23406      38.4127
   23407      38.4304
   23408      38.5728
   23409      38.3473
   23410      38.7126
   23411      38.5163
   23412      38.2016
   23413      38.8353
   23414      38.7246
   23415      38.3530
   23416      38.7875
   23417      38.7241
   23418      39.0116
   23419      38.9359
   23420      38.6798
   23421      39.3330
   23422      38.7393
   23423      38.7713
   23424      38.6965
   23425      38.4772
   23426      38.4746
   23427      38.7398
   23428      38.5778
   23429      39.0902
   23430      38.7298
   23431      38.5591
   23432      38.5122
   23433      38.2276
   23434      38.4749
   23435      38.5249
   23436      38.7102
   23437      38.3539
   23438      38.4016
   23439      38.6798
   23440      38.8239
   23441      39.0692
   23442      39.3267
   23443      39.0474
   23444      38.4683
   23445      38.7307
   23446      38.6907
   23447      38.3440
   23448      38.3703
   23449      38.3514
   23450      38.4199
   23451      38.1673
   23452      38.0745
   23453      38.1970
   23454      38.4262
   23455      38.2114
   23456      38.2565
   23457      38.2531
   23458      38.6583
   23459      38.5414
   23460      38.5162
   23461      38.3837
   23462      38.7963
   23463      38.7898
   23464      38.0960
   23465      38.4083
   23466      38.6727
   23467      38.7936
   23468      38.7544
   23469      38.5807
   23470      38.7459
   23471      38.4859
   23472      38.5807
   23473      38.7167
   23474      38.7926
   23475      38.8016
   23476      38.8195
   23477      38.6458
   23478      38.6142
   23479      38.6263
   23480      38.2774
   23481      38.4113
   23482      38.7854
   23483      38.8618
   23484      38.5837
   23485      38.6979
   23486      38.9088
   23487      38.8790
   23488      38.7162
   23489      38.7221
   23490      38.4264
   23491      38.8045
   23492      38.4227
   23493      38.9355
   23494      38.6828
   23495      38.7507
   23496      38.6101
   23497      38.9727
   23498      39.0164
   23499      38.4614
   23500      38.2952
   23501      38.5456
   23502      38.3985
   23503      38.7421
   23504      38.7372
   23505      38.6289
   23506      38.3913
   23507      38.5168
   23508      38.2549
   23509      37.6944
   23510      38.2234
   23511      38.4039
   23512      38.4205
   23513      38.6887
   23514      38.6440
   23515      38.8497
   23516      38.2491
   23517      38.6545
   23518      38.5261
   23519      38.5480
   23520      38.2457
   23521      38.7239
   23522      39.0153
   23523      38.3986
   23524      38.3788
   23525      38.1650
   23526      38.2991
   23527      38.0073
   23528      38.9236
   23529      38.4829
   23530      38.8781
   23531      38.1682
   23532      38.7301
   23533      38.3556
   23534      38.5457
   23535      38.8791
   23536      38.7972
   23537      38.8450
   23538      38.6840
   23539      38.5315
   23540      39.0936
   23541      38.8154
   23542      38.5499
   23543      38.7818
   23544      38.3094
   23545      38.4830
   23546      38.5333
   23547      38.3551
   23548      38.1669
   23549      38.6333
   23550      38.0470
   23551      38.3900
   23552      38.4438
   23553      38.2150
   23554      38.3183
   23555      38.0714
   23556      38.4365
   23557      37.8633
   23558      38.4561
   23559      38.0333
   23560      38.4179
   23561      38.5204
   23562      38.3202
   23563      38.5239
   23564      38.6930
   23565      38.8316
   23566      38.8037
   23567      38.6251
   23568      38.4550
   23569      38.7906
   23570      38.9147
   23571      38.4845
   23572      38.2602
   23573      37.7981
   23574      37.9570
   23575      38.2621
   23576      38.1942
   23577      38.3538
   23578      38.2102
   23579      38.0288
   23580      38.3349
   23581      38.4771
   23582      38.1796
   23583      38.6496
   23584      38.0006
   23585      38.4126
   23586      38.2455
   23587      38.2119
   23588      38.2877
   23589      38.7430
   23590      38.2416
   23591      38.6262
   23592      38.2452
   23593      38.1962
   23594      38.4766
   23595      38.3764
   23596      38.1830
   23597      38.7914
   23598      38.7591
   23599      38.6294
   23600      38.6517
   23601      38.3077
   23602      38.2981
   23603      38.1810
   23604      37.8598
   23605      38.3552
   23606      38.3664
   23607      38.3335
   23608      38.3503
   23609      38.2118
   23610      38.3094
   23611      38.2313
   23612      38.7366
   23613      38.5046
   23614      38.5297
   23615      38.8290
   23616      39.1817
   23617      38.9263
   23618      39.2028
   23619      38.9014
   23620      38.7600
   23621      38.8182
   23622      38.9301
   23623      38.6226
   23624      38.4692
   23625      39.2549
   23626      38.8925
   23627      38.6024
   23628      39.0996
   23629      38.7405
   23630      38.5501
   23631      38.9827
   23632      38.8087
   23633      38.0998
   23634      38.2746
   23635      38.3018
   23636      38.8815
   23637      38.5826
   23638      38.3698
   23639      38.6172
   23640      38.4858
   23641      38.5791
   23642      38.4281
   23643      38.9891
   23644      39.2512
   23645      38.9301
   23646      38.5853
   23647      39.0983
   23648      38.9713
   23649      38.4829
   23650      38.4663
   23651      38.8080
   23652      38.7102
   23653      38.5786
   23654      38.7216
   23655      38.9784
   23656      38.5748
   23657      38.3041
   23658      38.3038
   23659      39.1299
   23660      38.5624
   23661      38.7104
   23662      38.7815
   23663      38.8471
   23664      38.7073
   23665      38.7592
   23666      39.1351
   23667      38.9989
   23668      38.8139
   23669      39.0625
   23670      39.0183
   23671      38.5865
   23672      38.7114
   23673      39.2647
   23674      38.6190
   23675      38.6110
   23676      38.2466
   23677      39.0250
   23678      38.8382
   23679      38.5717
   23680      38.3500
   23681      38.6270
   23682      38.2431
   23683      38.5788
   23684      38.6997
   23685      38.9338
   23686      39.3052
   23687      38.9315
   23688      38.7490
   23689      38.8821
   23690      38.5124
   23691      38.7013
   23692      38.7521
   23693      38.9609
   23694      38.7345
   23695      38.5839
   23696      38.8177
   23697      39.2350
   23698      38.8391
   23699      39.0251
   23700      38.6148
   23701      39.1279
   23702      39.4195
   23703      38.9844
   23704      39.5301
   23705      39.1766
   23706      39.2307
   23707      39.2604
   23708      38.9785
   23709      39.5592
   23710      38.9910
   23711      39.0046
   23712      39.2277
   23713      39.0549
   23714      38.5494
   23715      38.7037
   23716      38.9636
   23717      38.8710
   23718      38.5576
   23719      39.1118
   23720      38.6475
   23721      38.2782
   23722      38.8861
   23723      38.7612
   23724      38.8068
   23725      39.0439
   23726      38.3516
   23727      38.7282
   23728      38.8414
   23729      39.0568
   23730      38.5959
   23731      38.4465
   23732      38.1591
   23733      39.0158
   23734      38.5712
   23735      38.5392
   23736      38.9196
   23737      38.8360
   23738      38.2719
   23739      38.5610
   23740      38.6228
   23741      38.6164
   23742      39.0031
   23743      38.6540
   23744      39.1656
   23745      39.1387
   23746      38.4233
   23747      38.3894
   23748      38.6241
   23749      38.8179
   23750      38.6442
   23751      38.5141
   23752      38.5150
   23753      38.3340
   23754      38.4094
   23755      38.7842
   23756      38.7419
   23757      38.8952
   23758      38.2018
   23759      38.5750
   23760      38.6950
   23761      38.6287
   23762      38.5321
   23763      38.5225
   23764      38.6958
   23765      38.4500
   23766      38.4250
   23767      38.4214
   23768      38.2464
   23769      38.6242
   23770      38.5859
   23771      38.3230
   23772      38.7009
   23773      38.3938
   23774      38.4440
   23775      38.4377
   23776      38.1058
   23777      37.9788
   23778      38.6121
   23779      38.6006
   23780      38.6295
   23781      38.6774
   23782      38.5296
   23783      37.9991
   23784      38.1784
   23785      39.0541
   23786      38.4594
   23787      38.5284
   23788      38.8607
   23789      38.7594
   23790      38.5248
   23791      38.7897
   23792      38.5622
   23793      38.4425
   23794      38.8302
   23795      38.4870
   23796      38.6948
   23797      38.5592
   23798      38.3430
   23799      38.3407
   23800      38.7474
   23801      38.5343
   23802      38.5164
   23803      38.5517
   23804      38.2512
   23805      38.5365
   23806      38.4439
   23807      38.7141
   23808      38.5814
   23809      38.9247
   23810      38.6687
   23811      38.8490
   23812      38.5975
   23813      38.6668
   23814      38.6522
   23815      38.4712
   23816      38.4416
   23817      38.4583
   23818      38.2834
   23819      38.2629
   23820      38.6162
   23821      38.6620
   23822      38.4666
   23823      38.2761
   23824      38.4574
   23825      38.5658
   23826      38.3805
   23827      38.3375
   23828      38.4772
   23829      38.6321
   23830      39.4303
   23831      38.4401
   23832      38.5734
   23833      38.7246
   23834      39.1148
   23835      38.6220
   23836      38.5864
   23837      38.2530
   23838      37.8709
   23839      38.4009
   23840      38.9506
   23841      38.4574
   23842      38.8218
   23843      38.6374
   23844      38.1084
   23845      38.8718
   23846      39.1440
   23847      38.5598
   23848      39.1317
   23849      38.7378
   23850      38.3683
   23851      38.3297
   23852      38.7666
   23853      38.6460
   23854      38.5519
   23855      38.4668
   23856      39.0536
   23857      38.5291
   23858      38.4996
   23859      38.5002
   23860      38.8747
   23861      38.8320
   23862      38.6999
   23863      38.4468
   23864      38.6680
   23865      38.6894
   23866      38.9757
   23867      38.6252
   23868      38.6248
   23869      38.4442
   23870      39.0386
   23871      39.0048
   23872      38.3424
   23873      38.4106
   23874      38.4558
   23875      38.6118
   23876      38.4023
   23877      38.3890
   23878      38.1158
   23879      38.5886
   23880      38.3621
   23881      38.6442
   23882      38.9097
   23883      39.1467
   23884      38.7842
   23885      38.9024
   23886      38.5731
   23887      38.6989
   23888      39.0172
   23889      39.3648
   23890      38.7661
   23891      38.5060
   23892      38.8738
   23893      39.1454
   23894      38.9574
   23895      38.4836
   23896      39.4972
   23897      38.7875
   23898      38.7719
   23899      39.1701
   23900      39.0014
   23901      38.9654
   23902      38.8293
   23903      38.9357
   23904      39.1755
   23905      39.1136
   23906      39.3369
   23907      38.8344
   23908      39.0749
   23909      38.6437
   23910      38.7036
   23911      38.8917
   23912      39.0337
   23913      38.8224
   23914      39.1474
   23915      39.3003
   23916      39.0944
   23917      38.7522
   23918      38.4786
   23919      38.5727
   23920      38.7063
   23921      38.2938
   23922      38.4892
   23923      38.9745
   23924      39.1150
   23925      38.8010
   23926      38.8900
   23927      38.9177
   23928      38.4240
   23929      38.4989
   23930      38.7750
   23931      38.6281
   23932      38.7547
   23933      39.0004
   23934      38.8267
   23935      38.4429
   23936      39.0352
   23937      38.9194
   23938      39.1837
   23939      38.6928
   23940      38.7871
   23941      38.5353
   23942      38.6977
   23943      38.9029
   23944      39.0342
   23945      39.0137
   23946      39.0852
   23947      38.6484
   23948      38.6381
   23949      38.8113
   23950      39.0790
   23951      38.2287
   23952      38.4173
   23953      39.3428
   23954      38.9831
   23955      39.1188
   23956      38.9556
   23957      38.6009
   23958      39.2895
   23959      38.8520
   23960      39.0369
   23961      38.9797
   23962      39.1050
   23963      39.3265
   23964      39.2069
   23965      39.0131
   23966      39.0631
   23967      38.6031
   23968      38.5625
   23969      38.8493
   23970      38.8280
   23971      39.3439
   23972      39.0363
   23973      38.6108
   23974      38.8004
   23975      39.0005
   23976      39.2949
   23977      38.9313
   23978      39.0613
   23979      38.9137
   23980      39.1215
   23981      39.3399
   23982      39.4144
   23983      39.3666
   23984      39.5749
   23985      39.0456
   23986      39.2986
   23987      39.2778
   23988      39.1824
   23989      39.1698
   23990      39.1288
   23991      39.1741
   23992      38.8794
   23993      39.5292
   23994      38.8669
   23995      38.3624
   23996      38.7262
   23997      38.5927
   23998      38.6535
   23999      38.8675
   24000      38.5753
   24001      38.6781
   24002      38.8202
   24003      38.7982
   24004      38.7746
   24005      38.8319
   24006      38.8628
   24007      39.5754
   24008      39.3662
   24009      39.1232
   24010      39.0192
   24011      38.7103
   24012      38.8295
   24013      39.1369
   24014      39.3349
   24015      38.8226
   24016      38.8913
   24017      39.2540
   24018      39.1188
   24019      38.9555
   24020      38.9447
   24021      38.9603
   24022      38.7580
   24023      38.9417
   24024      38.9277
   24025      39.2915
   24026      39.0344
   24027      38.8608
   24028      39.0301
   24029      39.0469
   24030      39.1383
   24031      39.1455
   24032      38.8823
   24033      38.8125
   24034      38.9598
   24035      38.8633
   24036      38.8561
   24037      39.0942
   24038      38.8600
   24039      39.2438
   24040      39.3071
   24041      39.2438
   24042      39.3285
   24043      38.7653
   24044      38.6724
   24045      38.8040
   24046      38.9245
   24047      39.0864
   24048      39.1016
   24049      39.3252
   24050      38.8449
   24051      38.7266
   24052      38.7793
   24053      38.6139
   24054      38.6310
   24055      39.5674
   24056      38.7268
   24057      39.1019
   24058      39.4117
   24059      39.0417
   24060      38.8492
   24061      39.0968
   24062      38.4403
   24063      38.6949
   24064      38.7483
   24065      38.7249
   24066      39.4431
   24067      38.8041
   24068      39.0046
   24069      38.7532
   24070      38.8677
   24071      38.9120
   24072      38.9514
   24073      39.2804
   24074      38.9963
   24075      38.4106
   24076      38.8864
   24077      38.9599
   24078      39.4708
   24079      38.9904
   24080      39.1637
   24081      39.1276
   24082      38.6364
   24083      38.9423
   24084      39.2796
   24085      38.8150
   24086      39.2280
   24087      39.0577
   24088      39.0408
   24089      39.3034
   24090      38.6984
   24091      39.1707
   24092      39.2068
   24093      38.6907
   24094      38.8956
   24095      38.7025
   24096      38.8478
   24097      39.0074
   24098      38.8943
   24099      38.2723
   24100      38.4950
   24101      39.0402
   24102      39.4555
   24103      39.3655
   24104      39.2655
   24105      39.1586
   24106      38.9244
   24107      38.9264
   24108      38.7589
   24109      38.7471
   24110      38.8805
   24111      38.5991
   24112      38.7998
   24113      38.9343
   24114      38.9922
   24115      38.6554
   24116      39.0779
   24117      39.0021
   24118      39.2232
   24119      38.9592
   24120      39.3406
   24121      39.3563
   24122      38.8322
   24123      38.7744
   24124      38.8846
   24125      38.8172
   24126      38.6948
   24127      38.7929
   24128      38.4345
   24129      38.6558
   24130      39.2397
   24131      38.7357
   24132      38.7537
   24133      38.4273
   24134      38.7451
   24135      38.7123
   24136      38.7293
   24137      38.7893
   24138      38.7666
   24139      38.1404
   24140      38.2688
   24141      38.7312
   24142      38.4416
   24143      38.6401
   24144      38.6184
   24145      38.6144
   24146      38.7690
   24147      38.4301
   24148      38.6277
   24149      38.9679
   24150      38.7470
   24151      38.8464
   24152      38.7429
   24153      39.3446
   24154      38.7062
   24155      39.2312
   24156      38.8499
   24157      38.9528
   24158      38.4724
   24159      38.8113
   24160      38.7482
   24161      39.1748
   24162      38.6481
   24163      38.5883
   24164      38.4456
   24165      39.2967
   24166      38.6170
   24167      38.9606
   24168      38.9198
   24169      39.0314
   24170      39.1690
   24171      38.6808
   24172      39.2029
   24173      39.1006
   24174      39.2630
   24175      39.0544
   24176      38.6186
   24177      38.6443
   24178      38.1624
   24179      38.3885
   24180      38.7008
   24181      38.5059
   24182      38.8597
   24183      38.8172
   24184      38.8508
   24185      38.7758
   24186      39.1491
   24187      39.0423
   24188      38.7734
   24189      38.7797
   24190      38.7502
   24191      38.7329
   24192      38.7814
   24193      37.9964
   24194      38.7506
   24195      38.5866
   24196      38.6044
   24197      38.7523
   24198      38.4134
   24199      38.5934
   24200      38.9776
   24201      38.8029
   24202      38.6106
   24203      38.9194
   24204      38.6640
   24205      38.9320
   24206      38.8209
   24207      39.2680
   24208      38.8894
   24209      38.7324
   24210      38.8886
   24211      38.5623
   24212      38.8946
   24213      38.7735
   24214      38.4841
   24215      39.0303
   24216      39.0550
   24217      39.4667
   24218      39.0466
   24219      38.9257
   24220      39.1028
   24221      38.9393
   24222      38.5963
   24223      38.8213
   24224      38.6063
   24225      38.4291
   24226      38.6342
   24227      38.7609
   24228      38.4714
   24229      38.7513
   24230      38.7621
   24231      38.4982
   24232      38.6870
   24233      39.1113
   24234      38.7431
   24235      38.6762
   24236      38.5536
   24237      38.6839
   24238      38.6836
   24239      38.6705
   24240      38.6862
   24241      38.9797
   24242      38.7206
   24243      38.4793
   24244      38.8195
   24245      38.9633
   24246      38.9087
   24247      39.0435
   24248      38.6697
   24249      39.1849
   24250      39.2004
   24251      38.8538
   24252      38.4285
   24253      38.3420
   24254      38.6270
   24255      38.8663
   24256      39.0364
   24257      38.9327
   24258      38.4743
   24259      38.6270
   24260      38.7537
   24261      38.8470
   24262      38.9085
   24263      38.9520
   24264      39.0128
   24265      38.8136
   24266      38.1414
   24267      39.1153
   24268      38.8694
   24269      39.1933
   24270      38.9112
   24271      39.0273
   24272      38.7424
   24273      38.2692
   24274      38.5662
   24275      38.4423
   24276      38.4577
   24277      38.7703
   24278      39.0728
   24279      38.8067
   24280      39.1645
   24281      39.2683
   24282      39.2875
   24283      38.7084
   24284      39.0719
   24285      40.0214
   24286      38.8908
   24287      38.9122
   24288      39.3217
   24289      38.8767
   24290      38.7395
   24291      39.3887
   24292      39.1776
   24293      39.4345
   24294      39.3357
   24295      39.1299
   24296      39.1802
   24297      39.0716
   24298      39.0911
   24299      38.6750
   24300      38.9600
   24301      39.1245
   24302      39.1674
   24303      39.5477
   24304      39.1330
   24305      39.1554
   24306      38.8780
   24307      38.8409
   24308      38.8702
   24309      38.9809
   24310      39.1562
   24311      38.9379
   24312      39.2157
   24313      39.0738
   24314      38.9621
   24315      39.1063
   24316      39.6936
   24317      38.5047
   24318      39.0176
   24319      38.4586
   24320      39.0141
   24321      38.7248
   24322      39.2058
   24323      39.0857
   24324      38.8866
   24325      38.8653
   24326      39.0839
   24327      39.1917
   24328      39.0963
   24329      38.9566
   24330      39.4558
   24331      39.1875
   24332      38.9038
   24333      38.4911
   24334      39.1924
   24335      39.1761
   24336      38.9217
   24337      38.9140
   24338      39.1573
   24339      38.6847
   24340      38.8594
   24341      39.4087
   24342      38.6716
   24343      38.8939
   24344      38.8556
   24345      39.3677
   24346      39.3662
   24347      38.4827
   24348      38.8574
   24349      39.3348
   24350      39.2799
   24351      39.0574
   24352      39.0307
   24353      38.6729
   24354      38.8595
   24355      38.8301
   24356      38.3188
   24357      38.6744
   24358      38.6237
   24359      38.7595
   24360      38.4408
   24361      38.7224
   24362      39.3339
   24363      38.7394
   24364      38.4964
   24365      38.7800
   24366      38.3548
   24367      38.3059
   24368      38.5415
   24369      38.3586
   24370      38.6316
   24371      38.3570
   24372      38.7411
   24373      38.6094
   24374      38.7659
   24375      38.7132
   24376      38.4105
   24377      38.3396
   24378      39.0237
   24379      38.9041
   24380      38.5908
   24381      39.0548
   24382      38.6047
   24383      38.8980
   24384      39.2938
   24385      39.2259
   24386      39.1220
   24387      38.8667
   24388      39.0651
   24389      38.6861
   24390      39.1591
   24391      38.7729
   24392      39.1730
   24393      38.8503
   24394      39.0638
   24395      39.1994
   24396      39.7037
   24397      39.3004
   24398      38.9528
   24399      38.7853
   24400      38.9558
   24401      38.9663
   24402      38.5183
   24403      38.5502
   24404      39.2454
   24405      38.3921
   24406      39.0199
   24407      39.0866
   24408      38.8242
   24409      39.3138
   24410      39.1162
   24411      38.7503
   24412      38.5717
   24413      38.5331
   24414      38.1380
   24415      38.6462
   24416      39.1910
   24417      38.9240
   24418      38.8360
   24419      39.2617
   24420      39.1156
   24421      39.2975
   24422      39.2405
   24423      38.5273
   24424      39.0218
   24425      38.6060
   24426      39.0309
   24427      39.1308
   24428      39.0813
   24429      38.7034
   24430      38.8219
   24431      38.9397
   24432      39.7436
   24433      39.1349
   24434      39.6591
   24435      39.5729
   24436      39.6094
   24437      38.6223
   24438      38.6595
   24439      39.0879
   24440      38.7348
   24441      39.1719
   24442      38.9770
   24443      39.2481
   24444      38.8745
   24445      39.2881
   24446      38.9341
   24447      39.2879
   24448      39.6592
   24449      39.0559
   24450      38.5575
   24451      38.9309
   24452      38.5888
   24453      38.4811
   24454      38.6876
   24455      38.6334
   24456      38.2991
   24457      38.6503
   24458      38.9383
   24459      38.7846
   24460      38.9291
   24461      38.7697
   24462      38.7731
   24463      38.7939
   24464      39.0251
   24465      39.0263
   24466      38.7865
   24467      38.9188
   24468      38.7751
   24469      39.0035
   24470      39.4198
   24471      39.2246
   24472      38.7216
   24473      38.8651
   24474      38.8583
   24475      38.8612
   24476      39.0944
   24477      38.4858
   24478      38.6864
   24479      38.7331
   24480      38.5484
   24481      39.0758
   24482      39.0993
   24483      38.9144
   24484      38.9409
   24485      38.9331
   24486      38.4129
   24487      38.7772
   24488      38.6243
   24489      38.7634
   24490      39.0838
   24491      38.9705
   24492      38.8458
   24493      38.8545
   24494      39.0321
   24495      39.3602
   24496      38.5172
   24497      38.6559
   24498      38.9636
   24499      38.8463
   24500      39.2954
   24501      38.7413
   24502      38.6555
   24503      38.8179
   24504      39.0007
   24505      38.9662
   24506      39.1015
   24507      38.6232
   24508      38.6951
   24509      38.7348
   24510      38.4065
   24511      38.5818
   24512      38.2725
   24513      39.0055
   24514      38.9719
   24515      38.5187
   24516      38.4087
   24517      38.8339
   24518      38.4915
   24519      38.4028
   24520      38.6894
   24521      38.8371
   24522      38.6055
   24523      39.2534
   24524      38.7163
   24525      38.8594
   24526      38.9767
   24527      38.8162
   24528      38.8339
   24529      38.5364
   24530      38.4727
   24531      38.1807
   24532      38.4133
   24533      38.8132
   24534      38.9987
   24535      38.6379
   24536      38.4112
   24537      38.2658
   24538      38.4320
   24539      38.7438
   24540      38.8277
   24541      39.3951
   24542      38.3817
   24543      38.4944
   24544      38.3978
   24545      38.6192
   24546      38.1670
   24547      38.9139
   24548      38.1889
   24549      38.5683
   24550      38.3103
   24551      38.1862
   24552      38.3289
   24553      38.3411
   24554      37.8557
   24555      38.2003
   24556      37.9338
   24557      38.4492
   24558      38.8344
   24559      38.1927
   24560      38.3057
   24561      38.2196
   24562      38.0155
   24563      38.2566
   24564      38.3000
   24565      39.0617
   24566      38.8659
   24567      38.3529
   24568      38.3892
   24569      38.4046
   24570      38.7464
   24571      39.1633
   24572      38.5913
   24573      39.0671
   24574      38.4377
   24575      38.5419
   24576      38.3876
   24577      39.0539
   24578      39.6597
   24579      39.1969
   24580      39.5169
   24581      39.0467
   24582      39.4126
   24583      39.4266
   24584      39.7378
   24585      39.5516
   24586      39.7501
   24587      39.3366
   24588      39.5496
   24589      39.3245
   24590      38.8773
   24591      38.7512
   24592      39.3272
   24593      39.4877
   24594      38.7187
   24595      38.3935
   24596      38.4766
   24597      38.4049
   24598      38.7522
   24599      38.4884
   24600      38.4400
   24601      38.6897
   24602      38.2035
   24603      38.6563
   24604      38.2176
   24605      38.0236
   24606      38.3497
   24607      37.9086
   24608      37.9023
   24609      38.0262
   24610      38.0346
   24611      38.5969
   24612      38.1992
   24613      38.2634
   24614      38.3032
   24615      38.2424
   24616      38.0768
   24617      37.8943
   24618      38.0059
   24619      38.4641
   24620      38.6030
   24621      38.5924
   24622      38.1749
   24623      38.3111
   24624      38.4983
   24625      38.2389
   24626      37.7429
   24627      37.8162
   24628      37.7686
   24629      37.7401
   24630      37.9393
   24631      37.7299
   24632      38.5433
   24633      38.4681
   24634      38.8381
   24635      38.2359
   24636      37.8845
   24637      38.3937
   24638      38.3075
   24639      38.3257
   24640      37.4097
   24641      38.0621
   24642      38.5626
   24643      38.8444
   24644      38.4773
   24645      38.5992
   24646      38.5739
   24647      38.6654
   24648      38.1402
   24649      38.7116
   24650      38.4421
   24651      38.7652
   24652      38.8131
   24653      38.7389
   24654      38.5380
   24655      38.9541
   24656      38.4452
   24657      38.6946
   24658      38.4247
   24659      38.5085
   24660      39.1314
   24661      38.4474
   24662      38.8327
   24663      38.0114
   24664      38.6764
   24665      38.5524
   24666      38.6931
   24667      38.5360
   24668      38.4503
   24669      38.2757
   24670      38.5619
   24671      38.0673
   24672      38.4510
   24673      38.3494
   24674      38.5036
   24675      38.6807
   24676      38.5228
   24677      38.1022
   24678      38.1095
   24679      38.4488
   24680      38.6944
   24681      38.9326
   24682      38.7017
   24683      38.5027
   24684      38.1725
   24685      38.5443
   24686      38.6094
   24687      38.8220
   24688      38.4923
   24689      38.3937
   24690      38.3933
   24691      38.3462
   24692      38.2306
   24693      38.1657
   24694      38.0205
   24695      38.2134
   24696      38.9541
   24697      38.1992
   24698      38.5979
   24699      38.8163
   24700      38.7968
   24701      38.5348
   24702      38.3730
   24703      38.3929
   24704      38.5186
   24705      38.8165
   24706      38.1063
   24707      38.2932
   24708      38.4089
   24709      38.0301
   24710      39.0013
   24711      38.0653
   24712      38.2815
   24713      38.5820
   24714      38.3880
   24715      38.4667
   24716      38.5257
   24717      38.7184
   24718      38.1922
   24719      38.4441
   24720      38.3637
   24721      37.8365
   24722      38.1258
   24723      38.3036
   24724      38.1850
   24725      38.0801
   24726      38.8312
   24727      38.4793
   24728      38.4755
   24729      38.3693
   24730      38.2972
   24731      38.4136
   24732      38.1682
   24733      37.9719
   24734      38.2957
   24735      38.4042
   24736      38.9491
   24737      38.3927
   24738      38.6733
   24739      39.0271
   24740      38.2998
   24741      38.2724
   24742      38.6873
   24743      38.5464
   24744      38.9524
   24745      38.6887
   24746      38.6035
   24747      38.3972
   24748      38.8299
   24749      38.6572
   24750      38.2026
   24751      38.1887
   24752      38.0997
   24753      38.6153
   24754      38.9280
   24755      38.8886
   24756      39.3564
   24757      38.8262
   24758      39.0998
   24759      38.4080
   24760      38.4735
   24761      38.8055
   24762      38.4219
   24763      38.7507
   24764      38.3974
   24765      38.5247
   24766      38.6223
   24767      38.6677
   24768      38.7387
   24769      39.3881
   24770      38.6440
   24771      38.9474
   24772      39.3416
   24773      38.6087
   24774      38.9251
   24775      39.0733
   24776      39.0186
   24777      38.6360
   24778      38.5912
   24779      38.9008
   24780      39.0325
   24781      39.2985
   24782      39.2066
   24783      38.6699
   24784      38.3409
   24785      38.8820
   24786      38.9299
   24787      38.7349
   24788      39.1612
   24789      38.6530
   24790      38.8132
   24791      38.4876
   24792      38.6352
   24793      38.8953
   24794      38.1657
   24795      38.8468
   24796      38.9050
   24797      39.2068
   24798      39.0291
   24799      39.0178
   24800      38.9030
   24801      39.5368
   24802      38.8914
   24803      39.1909
   24804      39.3547
   24805      38.6637
   24806      39.0249
   24807      39.2506
   24808      39.9202
   24809      39.1424
   24810      39.0112
   24811      39.3652
   24812      38.9912
   24813      39.0744
   24814      39.4884
   24815      39.0665
   24816      38.8364
   24817      38.3504
   24818      38.3173
   24819      38.4348
   24820      38.3561
   24821      38.5874
   24822      38.2215
   24823      38.2821
   24824      38.0594
   24825      38.0299
   24826      37.8704
   24827      38.3390
   24828      38.4420
   24829      38.5625
   24830      38.2097
   24831      38.3488
   24832      38.3335
   24833      38.2939
   24834      38.5136
   24835      38.2995
   24836      38.2891
   24837      37.9374
   24838      38.5609
   24839      38.3684
   24840      37.7527
   24841      38.0894
   24842      38.0678
   24843      38.2921
   24844      38.3604
   24845      38.1122
   24846      38.3703
   24847      38.3204
   24848      38.2737
   24849      38.2756
   24850      38.2387
   24851      38.2874
   24852      38.4034
   24853      38.5886
   24854      38.2688
   24855      38.4972
   24856      38.4267
   24857      38.1863
   24858      38.0620
   24859      38.5190
   24860      38.7095
   24861      38.8080
   24862      38.5255
   24863      38.1871
   24864      38.4753
   24865      38.1990
   24866      38.0203
   24867      38.0847
   24868      37.9281
   24869      38.1307
   24870      38.2919
   24871      38.6988
   24872      38.6636
   24873      38.2762
   24874      38.6419
   24875      38.3540
   24876      39.1717
   24877      38.7714
   24878      38.4260
   24879      39.0169
   24880      38.3383
   24881      38.9059
   24882      38.9272
   24883      38.7937
   24884      38.6712
   24885      38.8799
   24886      38.9157
   24887      38.8872
   24888      38.8333
   24889      38.8349
   24890      38.9065
   24891      38.6032
   24892      38.4814
   24893      38.5340
   24894      38.3885
   24895      38.0493
   24896      38.5039
   24897      38.7215
   24898      38.8107
   24899      38.6568
   24900      39.1021
   24901      38.8540
   24902      38.5381
   24903      38.5738
   24904      39.0037
   24905      39.2815
   24906      39.2860
   24907      38.9463
   24908      39.3355
   24909      38.6966
   24910      38.6487
   24911      38.4639
   24912      38.9126
   24913      38.9779
   24914      38.6299
   24915      38.7985
   24916      38.9015
   24917      39.0258
   24918      38.8140
   24919      38.6291
   24920      38.8230
   24921      38.8538
   24922      38.2601
   24923      39.1989
   24924      38.9297
   24925      39.2782
   24926      38.5630
   24927      38.2095
   24928      38.7347
   24929      38.3536
   24930      38.4706
   24931      38.8003
   24932      38.8233
   24933      39.1570
   24934      39.3887
   24935      39.5426
   24936      39.0300
   24937      38.7509
   24938      38.9881
   24939      39.1283
   24940      39.2143
   24941      39.3114
   24942      39.0565
   24943      38.7054
   24944      38.9844
   24945      39.0218
   24946      38.9217
   24947      38.8733
   24948      39.2450
   24949      38.8505
   24950      38.9988
   24951      38.6865
   24952      38.4011
   24953      38.5546
   24954      38.4037
   24955      38.7978
   24956      38.9679
   24957      39.0334
   24958      38.5760
   24959      38.8560
   24960      38.8678
   24961      38.8292
   24962      38.7783
   24963      38.8448
   24964      38.9486
   24965      38.6501
   24966      38.6732
   24967      39.1300
   24968      38.7904
   24969      39.0788
   24970      38.6553
   24971      38.6671
   24972      38.8257
   24973      38.3949
   24974      38.8068
   24975      38.7896
   24976      38.8628
   24977      38.9210
   24978      38.7301
   24979      38.9867
   24980      38.8438
   24981      38.5684
   24982      39.2694
   24983      38.6562
   24984      38.9893
   24985      38.8955
   24986      38.9398
   24987      38.6627
   24988      38.7305
   24989      39.1916
   24990      39.2024
   24991      39.0636
   24992      39.0328
   24993      38.5824
   24994      38.8401
   24995      39.0321
   24996      38.8308
   24997      38.9965
   24998      38.8379
   24999      38.6789
   25000      38.7133
   25001      38.8018
   25002      38.4975
   25003      38.3095
   25004      38.6046
   25005      38.5031
   25006      39.0876
   25007      38.6164
   25008      38.7897
   25009      38.7707
   25010      38.8080
   25011      38.9822
   25012      38.3573
   25013      38.5051
   25014      38.9919
   25015      39.4251
   25016      38.8921
   25017      38.9535
   25018      38.8053
   25019      38.9476
   25020      38.9751
   25021      39.3295
   25022      38.5666
   25023      38.8760
   25024      38.7886
   25025      39.0185
   25026      38.9955
   25027      38.9642
   25028      38.9763
   25029      38.6501
   25030      38.8615
   25031      38.7259
   25032      38.6818
   25033      38.8473
   25034      38.2261
   25035      39.0448
   25036      39.3434
   25037      38.5281
   25038      38.9992
   25039      38.9456
   25040      38.8734
   25041      38.6935
   25042      38.7575
   25043      38.6628
   25044      38.4782
   25045      38.8186
   25046      38.6026
   25047      38.6311
   25048      38.9702
   25049      38.8409
   25050      38.4670
   25051      39.0957
   25052      38.9580
   25053      38.5170
   25054      38.5516
   25055      39.2645
   25056      38.6917
   25057      38.2680
   25058      38.6721
   25059      39.0598
   25060      39.0886
   25061      38.6988
   25062      38.9556
   25063      38.7695
   25064      39.0611
   25065      39.0698
   25066      38.6068
   25067      38.8734
   25068      38.9710
   25069      38.5927
   25070      38.8704
   25071      38.8078
   25072      38.6637
   25073      38.5877
   25074      38.5158
   25075      38.9160
   25076      38.5941
   25077      38.3160
   25078      38.8039
   25079      38.6103
   25080      38.7229
   25081      38.8920
   25082      38.5987
   25083      38.5693
   25084      38.9108
   25085      38.7936
   25086      38.5876
   25087      38.7403
   25088      38.5597
   25089      39.0642
   25090      38.6812
   25091      39.2290
   25092      39.0622
   25093      39.1349
   25094      38.6572
   25095      38.8517
   25096      39.0929
   25097      38.8177
   25098      38.7842
   25099      38.7282
   25100      38.6741
   25101      39.1218
   25102      38.6330
   25103      38.5406
   25104      38.5971
   25105      38.6464
   25106      38.5953
   25107      38.6550
   25108      38.8726
   25109      38.4445
   25110      38.4652
   25111      38.4779
   25112      38.9845
   25113      38.9481
   25114      38.7182
   25115      38.6844
   25116      38.8489
   25117      38.4190
   25118      38.6779
   25119      38.6242
   25120      38.8585
   25121      38.7097
   25122      38.6962
   25123      38.8749
   25124      38.7635
   25125      38.9528
   25126      38.3697
   25127      38.5402
   25128      38.8076
   25129      38.4389
   25130      38.5783
   25131      38.4070
   25132      38.6557
   25133      38.3163
   25134      38.7350
   25135      38.7879
   25136      39.0685
   25137      39.3518
   25138      39.0100
   25139      39.1317
   25140      39.3616
   25141      38.5363
   25142      38.5174
   25143      38.5883
   25144      38.9953
   25145      38.7351
   25146      38.8556
   25147      39.1543
   25148      38.6648
   25149      38.5938
   25150      38.9617
   25151      38.8062
   25152      38.9563
   25153      38.6028
   25154      39.0964
   25155      38.6342
   25156      38.8039
   25157      38.5294
   25158      38.6698
   25159      38.5910
   25160      38.9249
   25161      38.3594
   25162      38.2576
   25163      38.7180
   25164      38.7732
   25165      38.6613
   25166      38.5135
   25167      38.8655
   25168      38.6599
   25169      38.6983
   25170      38.7517
   25171      38.5949
   25172      38.7738
   25173      39.0733
   25174      38.5673
   25175      38.7412
   25176      38.6156
   25177      38.8008
   25178      38.8715
   25179      38.8839
   25180      39.1321
   25181      39.2573
   25182      38.8912
   25183      38.8937
   25184      38.9676
   25185      38.9481
   25186      39.0157
   25187      39.2606
   25188      39.2347
   25189      38.9864
   25190      39.1860
   25191      39.2640
   25192      38.9908
   25193      38.8986
   25194      38.8359
   25195      38.9199
   25196      39.0405
   25197      38.9613
   25198      39.0734
   25199      39.4102
   25200      39.0163
   25201      39.3163
   25202      38.8571
   25203      38.4697
   25204      38.6236
   25205      38.8299
   25206      38.4916
   25207      38.9455
   25208      38.7554
   25209      38.6210
   25210      38.5842
   25211      38.9005
   25212      38.8985
   25213      38.2038
   25214      38.1835
   25215      38.3209
   25216      38.3574
   25217      38.5163
   25218      38.1130
   25219      38.7352
   25220      38.4297
   25221      38.1873
   25222      38.6733
   25223      38.4198
   25224      38.4920
   25225      38.3653
   25226      37.9827
   25227      38.2244
   25228      37.8136
   25229      38.1540
   25230      38.4452
   25231      38.1029
   25232      38.2797
   25233      38.2929
   25234      38.6069
   25235      38.2344
   25236      38.3079
   25237      38.5870
   25238      38.1886
   25239      38.6666
   25240      38.5331
   25241      38.6383
   25242      38.9294
   25243      39.0266
   25244      39.1678
   25245      38.7884
   25246      38.8295
   25247      38.3437
   25248      38.2231
   25249      38.4035
   25250      38.7386
   25251      39.0716
   25252      38.5891
   25253      38.7104
   25254      38.5138
   25255      38.4524
   25256      38.7627
   25257      38.5276
   25258      38.7287
   25259      39.0939
   25260      39.0534
   25261      38.7760
   25262      38.5557
   25263      38.7999
   25264      38.5933
   25265      38.1737
   25266      38.3687
   25267      38.6901
   25268      38.4698
   25269      38.4181
   25270      38.2952
   25271      38.0214
   25272      38.5433
   25273      38.8222
   25274      38.4157
   25275      38.8953
   25276      38.7227
   25277      38.5251
   25278      38.7040
   25279      38.5440
   25280      38.9191
   25281      38.6873
   25282      38.8345
   25283      38.6414
   25284      38.8622
   25285      38.8284
   25286      38.9251
   25287      38.8007
   25288      38.6996
   25289      38.6096
   25290      38.8973
   25291      38.9927
   25292      38.8852
   25293      38.7295
   25294      39.0493
   25295      38.6852
   25296      38.2644
   25297      38.8955
   25298      38.8997
   25299      38.7693
   25300      38.9704
   25301      38.4509
   25302      38.4602
   25303      38.1222
   25304      38.3569
   25305      38.0239
   25306      38.3108
   25307      38.7138
   25308      38.4023
   25309      38.5174
   25310      38.6840
   25311      38.7625
   25312      38.7383
   25313      38.5328
   25314      38.3687
   25315      38.1569
   25316      38.3158
   25317      38.2287
   25318      38.3468
   25319      38.2458
   25320      38.7835
   25321      38.5955
   25322      38.9353
   25323      38.3332
   25324      38.3822
   25325      38.5420
   25326      38.6022
   25327      38.7100
   25328      38.8282
   25329      38.3331
   25330      38.8262
   25331      38.8151
   25332      38.7546
   25333      38.6309
   25334      38.6277
   25335      38.6927
   25336      38.4391
   25337      38.9597
   25338      38.6819
   25339      38.6612
   25340      38.5082
   25341      38.5958
   25342      38.2559
   25343      38.2210
   25344      38.4661
   25345      38.5369
   25346      38.7008
   25347      38.5276
   25348      38.5411
   25349      38.5261
   25350      38.4432
   25351      38.8230
   25352      39.3285
   25353      39.1123
   25354      39.0556
   25355      39.0889
   25356      39.1384
   25357      38.6136
   25358      38.9868
   25359      39.5025
   25360      39.2629
   25361      39.4493
   25362      39.1702
   25363      38.6174
   25364      38.6551
   25365      38.2295
   25366      38.5337
   25367      38.7057
   25368      38.4766
   25369      38.5424
   25370      39.0752
   25371      38.7564
   25372      38.8641
   25373      38.3269
   25374      38.0352
   25375      38.5932
   25376      38.3265
   25377      38.5006
   25378      38.7666
   25379      38.7302
   25380      38.4748
   25381      38.5997
   25382      38.9546
   25383      38.5842
   25384      38.5801
   25385      38.6017
   25386      38.7719
   25387      38.4504
   25388      38.3046
   25389      37.9348
   25390      38.0449
   25391      38.5787
   25392      38.2996
   25393      38.2543
   25394      38.3078
   25395      38.6785
   25396      38.3062
   25397      38.9063
   25398      38.6477
   25399      38.4162
   25400      38.5916
   25401      38.8353
   25402      38.8981
   25403      38.6926
   25404      39.0906
   25405      38.7853
   25406      38.0009
   25407      38.3915
   25408      38.5761
   25409      38.7942
   25410      38.9157
   25411      38.4098
   25412      38.2326
   25413      38.3750
   25414      38.7880
   25415      38.6594
   25416      38.8193
   25417      38.8394
   25418      38.4442
   25419      38.5831
   25420      38.7343
   25421      38.9819
   25422      38.3145
   25423      38.6156
   25424      38.5724
   25425      38.5499
   25426      38.7732
   25427      38.6063
   25428      38.3940
   25429      38.4077
   25430      38.8592
   25431      38.8704
   25432      38.8838
   25433      38.0822
   25434      38.4538
   25435      38.5110
   25436      38.5116
   25437      38.8421
   25438      38.6179
   25439      38.7560
   25440      38.8928
   25441      39.0185
   25442      38.4701
   25443      38.3962
   25444      38.9355
   25445      39.1026
   25446      38.9286
   25447      38.6538
   25448      38.4030
   25449      38.6933
   25450      39.0723
   25451      38.6014
   25452      38.7246
   25453      38.8380
   25454      38.5089
   25455      39.0291
   25456      39.2012
   25457      38.8680
   25458      38.6976
   25459      39.0179
   25460      38.5470
   25461      38.8843
   25462      38.3498
   25463      38.6707
   25464      38.6752
   25465      38.4962
   25466      38.5362
   25467      38.7474
   25468      38.7826
   25469      38.1198
   25470      39.0649
   25471      38.4310
   25472      39.0985
   25473      38.3227
   25474      38.6138
   25475      38.2788
   25476      38.4896
   25477      38.9596
   25478      38.7923
   25479      38.8534
   25480      38.2546
   25481      38.8118
   25482      38.8108
   25483      38.8328
   25484      39.0370
   25485      38.6791
   25486      38.7574
   25487      38.6497
   25488      39.3060
   25489      38.9285
   25490      38.6448
   25491      38.7571
   25492      39.0545
   25493      39.0583
   25494      39.1665
   25495      38.9073
   25496      38.7980
   25497      38.7045
   25498      38.4656
   25499      38.3942
   25500      38.5008
   25501      38.0962
   25502      38.0636
   25503      38.7266
   25504      38.3385
   25505      38.2714
   25506      38.2745
   25507      38.2705
   25508      38.4581
   25509      38.4965
   25510      38.3740
   25511      38.6569
   25512      38.6179
   25513      38.3627
   25514      39.0140
   25515      38.6597
   25516      38.3039
   25517      38.3232
   25518      38.7551
   25519      38.8164
   25520      38.1514
   25521      38.4483
   25522      38.1786
   25523      38.1490
   25524      37.8453
   25525      38.5452
   25526      38.5442
   25527      38.1589
   25528      38.4856
   25529      38.3852
   25530      38.2284
   25531      38.0487
   25532      38.3772
   25533      38.4668
   25534      38.8066
   25535      38.8476
   25536      38.5462
   25537      38.6652
   25538      38.7200
   25539      38.6063
   25540      39.0373
   25541      38.7339
   25542      38.7755
   25543      38.3738
   25544      38.5785
   25545      38.7270
   25546      38.7608
   25547      38.7191
   25548      38.8226
   25549      38.7557
   25550      38.0041
   25551      38.7042
   25552      38.6664
   25553      38.7444
   25554      38.8393
   25555      38.8318
   25556      38.7428
   25557      38.8334
   25558      38.6327
   25559      38.6995
   25560      38.4862
   25561      38.6780
   25562      38.4845
   25563      38.5927
   25564      38.5847
   25565      39.0260
   25566      38.7244
   25567      38.4550
   25568      38.5379
   25569      38.5472
   25570      38.7432
   25571      38.0093
   25572      38.5374
   25573      38.4668
   25574      38.6534
   25575      37.9640
   25576      38.1187
   25577      38.6429
   25578      38.3057
   25579      38.3678
   25580      38.3847
   25581      38.6009
   25582      38.5016
   25583      38.9437
   25584      38.4125
   25585      38.8941
   25586      38.8702
   25587      38.5089
   25588      38.7184
   25589      38.2628
   25590      38.8145
   25591      38.9271
   25592      38.7319
   25593      39.0609
   25594      38.8470
   25595      38.9790
   25596      38.8286
   25597      38.9300
   25598      38.9355
   25599      39.3610
   25600      38.9266
   25601      39.3542
   25602      39.1974
   25603      39.1794
   25604      39.2069
   25605      39.1083
   25606      39.1503
   25607      38.7007
   25608      38.5839
   25609      38.7313
   25610      38.9286
   25611      39.4398
   25612      38.7204
   25613      38.6984
   25614      39.1360
   25615      38.8793
   25616      38.8528
   25617      38.5161
   25618      38.8115
   25619      38.7318
   25620      38.6301
   25621      38.3912
   25622      38.5083
   25623      38.6765
   25624      38.9166
   25625      39.0419
   25626      38.5487
   25627      39.1517
   25628      38.8302
   25629      38.7152
   25630      38.8336
   25631      38.8530
   25632      38.4699
   25633      38.9259
   25634      38.7441
   25635      38.6952
   25636      38.2200
   25637      38.1887
   25638      38.7913
   25639      38.6756
   25640      39.1840
   25641      38.7336
   25642      38.8459
   25643      38.4625
   25644      38.8135
   25645      38.4682
   25646      38.5268
   25647      38.3476
   25648      38.8069
   25649      38.5287
   25650      39.0434
   25651      38.3073
   25652      38.7612
   25653      38.3461
   25654      38.7836
   25655      38.6133
   25656      38.7074
   25657      38.8942
   25658      38.5419
   25659      38.7382
   25660      38.6306
   25661      38.9212
   25662      38.8489
   25663      39.0097
   25664      38.9836
   25665      38.6182
   25666      38.8901
   25667      38.9070
   25668      39.1827
   25669      39.3969
   25670      39.7126
   25671      39.3426
   25672      39.4483
   25673      39.3608
   25674      39.5445
   25675      39.0634
   25676      39.6584
   25677      39.5500
   25678      39.8542
   25679      39.4526
   25680      39.3283
   25681      39.7151
   25682      39.4596
   25683      39.2330
   25684      39.4040
   25685      39.3940
   25686      39.3794
   25687      39.1560
   25688      39.1290
   25689      39.2348
   25690      38.8643
   25691      38.7776
   25692      38.9743
   25693      38.5621
   25694      38.9981
   25695      38.8056
   25696      38.8858
   25697      38.7583
   25698      39.4643
   25699      38.9423
   25700      39.0809
   25701      39.0764
   25702      39.0906
   25703      39.1069
   25704      39.3328
   25705      38.6122
   25706      39.1599
   25707      39.1062
   25708      38.8753
   25709      38.6330
   25710      38.4556
   25711      38.9127
   25712      38.9610
   25713      38.3555
   25714      38.6835
   25715      39.0198
   25716      39.1883
   25717      39.1381
   25718      39.1972
   25719      39.2828
   25720      38.9060
   25721      39.1752
   25722      39.0257
   25723      38.9415
   25724      38.9074
   25725      38.6904
   25726      38.3955
   25727      38.3775
   25728      38.8343
   25729      38.7829
   25730      38.6264
   25731      38.7736
   25732      38.8736
   25733      38.8799
   25734      39.2705
   25735      38.9846
   25736      38.5767
   25737      38.8722
   25738      39.2150
   25739      39.0306
   25740      38.7952
   25741      38.5095
   25742      38.6363
   25743      39.4508
   25744      39.4274
   25745      39.2989
   25746      39.0646
   25747      39.3790
   25748      38.6181
   25749      39.0997
   25750      38.7055
   25751      38.9452
   25752      38.7745
   25753      38.7264
   25754      38.6286
   25755      38.7523
   25756      39.2423
   25757      38.9561
   25758      39.1132
   25759      39.2668
   25760      39.6129
   25761      38.8911
   25762      39.0862
   25763      38.7712
   25764      39.0967
   25765      38.7136
   25766      38.6254
   25767      38.8001
   25768      38.7723
   25769      38.4034
   25770      39.1715
   25771      38.4943
   25772      38.5377
   25773      38.3491
   25774      38.3278
   25775      38.6262
   25776      38.6648
   25777      39.0392
   25778      39.0581
   25779      38.5540
   25780      39.3668
   25781      39.3322
   25782      39.1863
   25783      39.1353
   25784      39.1122
   25785      38.9354
   25786      39.1343
   25787      38.9805
   25788      39.1673
   25789      38.4947
   25790      38.9303
   25791      39.2770
   25792      39.0216
   25793      39.3962
   25794      38.9682
   25795      39.0848
   25796      38.9181
   25797      38.7992
   25798      39.0294
   25799      38.6839
   25800      38.6657
   25801      39.0599
   25802      39.5696
   25803      39.1234
   25804      38.6157
   25805      39.5382
   25806      38.7744
   25807      38.8762
   25808      39.0451
   25809      38.9500
   25810      39.2569
   25811      38.8439
   25812      39.1013
   25813      38.4299
   25814      38.6965
   25815      39.0660
   25816      38.2968
   25817      38.4133
   25818      38.6088
   25819      39.0616
   25820      38.4601
   25821      38.8557
   25822      38.2490
   25823      39.0149
   25824      38.3484
   25825      38.7001
   25826      38.5088
   25827      38.8270
   25828      39.0822
   25829      38.9927
   25830      38.7114
   25831      39.1157
   25832      38.9499
   25833      38.6786
   25834      38.5810
   25835      39.1409
   25836      38.9419
   25837      39.1439
   25838      39.2885
   25839      38.8462
   25840      39.1118
   25841      39.2294
   25842      38.8768
   25843      39.0947
   25844      39.2667
   25845      38.9378
   25846      39.4075
   25847      39.0360
   25848      39.2089
   25849      38.9284
   25850      38.6058
   25851      38.6294
   25852      38.5674
   25853      38.4813
   25854      38.6460
   25855      38.4190
   25856      38.5157
   25857      38.6219
   25858      38.8296
   25859      38.5943
   25860      39.3687
   25861      39.0737
   25862      38.2983
   25863      39.0087
   25864      38.9368
   25865      39.1701
   25866      39.3509
   25867      38.5361
   25868      38.8136
   25869      38.9683
   25870      38.9928
   25871      39.1102
   25872      38.7161
   25873      38.5568
   25874      38.2462
   25875      38.3055
   25876      38.2592
   25877      38.8059
   25878      38.6456
   25879      39.0572
   25880      38.4417
   25881      38.7169
   25882      38.9101
   25883      38.7781
   25884      39.1045
   25885      39.5600
   25886      39.2440
   25887      39.0516
   25888      39.4031
   25889      39.2190
   25890      39.4463
   25891      39.1609
   25892      39.4699
   25893      39.6819
   25894      39.3519
   25895      39.2629
   25896      39.2973
   25897      39.1097
   25898      39.5624
   25899      39.6351
   25900      39.3628
   25901      39.2690
   25902      39.4183
   25903      39.4392
   25904      38.7430
   25905      38.8790
   25906      39.6459
   25907      38.7176
   25908      39.3519
   25909      39.0164
   25910      38.7794
   25911      38.5809
   25912      38.2169
   25913      38.2867
   25914      38.3853
   25915      38.4463
   25916      38.6696
   25917      38.6957
   25918      38.9829
   25919      39.0874
   25920      38.4914
   25921      38.4567
   25922      38.6753
   25923      38.7637
   25924      38.9582
   25925      39.2603
   25926      39.0228
   25927      39.3588
   25928      39.3219
   25929      39.1778
   25930      39.4097
   25931      39.0010
   25932      38.7428
   25933      38.7008
   25934      38.5687
   25935      38.8135
   25936      39.0732
   25937      38.8737
   25938      38.8516
   25939      38.7318
   25940      38.3732
   25941      38.6570
   25942      38.5837
   25943      38.7464
   25944      39.0653
   25945      39.3556
   25946      39.1202
   25947      39.3405
   25948      39.2098
   25949      39.4822
   25950      38.9690
   25951      39.3921
   25952      39.4442
   25953      39.6655
   25954      39.5485
   25955      39.3978
   25956      39.3811
   25957      39.7304
   25958      39.5256
   25959      39.1228
   25960      39.2912
   25961      39.6428
   25962      38.8920
   25963      39.2773
   25964      39.0798
   25965      39.2838
   25966      39.4538
   25967      39.3251
   25968      39.1660
   25969      39.2052
   25970      39.1133
   25971      39.0516
   25972      39.0813
   25973      38.8066
   25974      38.9175
   25975      38.9955
   25976      38.9570
   25977      39.1305
   25978      39.6093
   25979      39.6769
   25980      39.4027
   25981      39.2952
   25982      39.1119
   25983      38.5797
   25984      38.5288
   25985      38.5517
   25986      38.5553
   25987      38.8973
   25988      39.0793
   25989      38.9571
   25990      39.1469
   25991      38.6784
   25992      38.5407
   25993      38.8916
   25994      38.8617
   25995      39.1245
   25996      39.1411
   25997      38.8248
   25998      38.8993
   25999      38.7019
   26000      38.5671
   26001      39.2681
   26002      38.9114
   26003      39.0339
   26004      39.4249
   26005      39.2542
   26006      39.6774
   26007      39.4013
   26008      38.9199
   26009      39.0069
   26010      38.8775
   26011      38.4547
   26012      38.6715
   26013      38.6823
   26014      38.4699
   26015      38.5880
   26016      39.4021
   26017      38.8396
   26018      38.5226
   26019      38.4953
   26020      38.9457
   26021      38.5173
   26022      38.9129
   26023      38.4282
   26024      37.7008
   26025      37.9086
   26026      38.1227
   26027      37.9865
   26028      38.2964
   26029      38.5847
   26030      38.3554
   26031      38.7785
   26032      38.5135
   26033      38.4033
   26034      38.5094
   26035      39.3667
   26036      38.3284
   26037      38.9301
   26038      38.6692
   26039      38.9594
   26040      38.6698
   26041      39.0295
   26042      39.1217
   26043      38.8211
   26044      39.1581
   26045      38.9964
   26046      38.9787
   26047      39.2542
   26048      38.8742
   26049      39.0008
   26050      38.8987
   26051      38.4938
   26052      38.7612
   26053      38.9727
   26054      38.3262
   26055      38.9204
   26056      38.2399
   26057      38.7332
   26058      39.2484
   26059      38.5357
   26060      38.7535
   26061      38.6735
   26062      38.5560
   26063      38.7462
   26064      38.9229
   26065      38.6077
   26066      38.8858
   26067      39.0944
   26068      38.6148
   26069      38.7108
   26070      38.9894
   26071      38.7712
   26072      38.3449
   26073      38.6563
   26074      38.8292
   26075      38.8210
   26076      38.8634
   26077      38.8991
   26078      38.6524
   26079      38.3963
   26080      38.8801
   26081      39.1907
   26082      39.1648
   26083      38.8796
   26084      39.2176
   26085      39.0951
   26086      38.7657
   26087      39.4711
   26088      39.1074
   26089      39.0996
   26090      39.0508
   26091      38.9304
   26092      39.1932
   26093      39.7357
   26094      38.9653
   26095      39.1966
   26096      39.1818
   26097      39.1900
   26098      38.8562
   26099      39.0075
   26100      38.6659
   26101      38.8449
   26102      38.8297
   26103      38.2810
   26104      38.7115
   26105      39.0548
   26106      39.0801
   26107      39.0098
   26108      39.0679
   26109      39.1907
   26110      39.2895
   26111      39.0965
   26112      39.1817
   26113      39.2440
   26114      38.9178
   26115      38.6650
   26116      39.2000
   26117      38.4467
   26118      39.2325
   26119      39.1670
   26120      39.7341
   26121      39.0726
   26122      39.2004
   26123      39.4500
   26124      39.4946
   26125      39.3629
   26126      39.3708
   26127      38.8434
   26128      38.8569
   26129      39.0998
   26130      39.0788
   26131      38.9260
   26132      39.0342
   26133      38.7141
   26134      38.9537
   26135      39.2470
   26136      39.0909
   26137      39.1949
   26138      39.1759
   26139      39.4114
   26140      39.7074
   26141      39.2535
   26142      39.0630
   26143      38.9937
   26144      39.0994
   26145      39.5812
   26146      38.6870
   26147      38.7671
   26148      38.9178
   26149      38.7835
   26150      38.9140
   26151      38.9549
   26152      38.4361
   26153      39.0154
   26154      39.3158
   26155      38.8550
   26156      39.8881
   26157      39.2989
   26158      39.2036
   26159      39.1083
   26160      38.8763
   26161      39.2760
   26162      39.9759
   26163      39.2720
   26164      38.4938
   26165      39.0355
   26166      38.7480
   26167      38.8609
   26168      39.0572
   26169      39.0443
   26170      39.1269
   26171      38.9007
   26172      39.1491
   26173      39.2469
   26174      40.0682
   26175      39.6734
   26176      39.5300
   26177      39.9901
   26178      39.2340
   26179      39.2114
   26180      38.8527
   26181      38.8149
   26182      39.7948
   26183      38.9776
   26184      38.9031
   26185      38.9629
   26186      38.9020
   26187      38.8475
   26188      38.6533
   26189      38.7493
   26190      39.2962
   26191      38.9013
   26192      38.7800
   26193      38.5256
   26194      38.2470
   26195      38.5579
   26196      38.8183
   26197      38.5487
   26198      38.8801
   26199      38.9331
   26200      39.0328
   26201      38.9902
   26202      39.1413
   26203      38.6194
   26204      38.9688
   26205      39.1762
   26206      38.4871
   26207      38.6972
   26208      38.4262
   26209      38.6419
   26210      38.6368
   26211      39.1370
   26212      39.1314
   26213      38.1429
   26214      38.5299
   26215      38.8059
   26216      38.3829
   26217      38.4509
   26218      38.8462
   26219      38.7202
   26220      38.3878
   26221      38.5054
   26222      38.6670
   26223      38.7736
   26224      38.6125
   26225      38.6180
   26226      38.7573
   26227      38.1979
   26228      38.5181
   26229      38.9881
   26230      39.0272
   26231      38.9160
   26232      39.2621
   26233      39.1475
   26234      38.7329
   26235      38.8348
   26236      38.9435
   26237      38.5912
   26238      38.4341
   26239      38.4895
   26240      39.1533
   26241      38.8639
   26242      38.9450
   26243      39.0418
   26244      38.4658
   26245      38.4166
   26246      38.5721
   26247      37.8788
   26248      38.6713
   26249      38.3351
   26250      38.0464
   26251      38.1815
   26252      38.3191
   26253      38.3127
   26254      38.3879
   26255      38.5248
   26256      38.4576
   26257      38.4875
   26258      38.1827
   26259      38.4086
   26260      38.1472
   26261      38.7547
   26262      38.4776
   26263      39.0810
   26264      38.6451
   26265      38.6321
   26266      38.7176
   26267      38.6264
   26268      38.8328
   26269      38.1986
   26270      38.5118
   26271      38.5958
   26272      38.1877
   26273      38.5966
   26274      38.6612
   26275      38.9694
   26276      38.3894
   26277      39.0208
   26278      38.7716
   26279      38.7000
   26280      38.4584
   26281      38.6919
   26282      38.5703
   26283      38.9238
   26284      38.6968
   26285      38.6143
   26286      38.7574
   26287      38.4698
   26288      39.0179
   26289      38.7909
   26290      38.6963
   26291      38.8862
   26292      39.1119
   26293      38.4390
   26294      38.4203
   26295      38.5139
   26296      38.0772
   26297      38.3489
   26298      38.3460
   26299      37.8890
   26300      38.6247
   26301      39.1100
   26302      39.0565
   26303      38.9522
   26304      38.5785
   26305      38.7240
   26306      38.9124
   26307      38.9840
   26308      38.6550
   26309      38.6555
   26310      38.4240
   26311      38.1666
   26312      38.6571
   26313      38.5701
   26314      38.4282
   26315      38.7521
   26316      38.6480
   26317      38.1953
   26318      38.9621
   26319      38.6206
   26320      38.4719
   26321      39.0717
   26322      38.6741
   26323      38.1029
   26324      38.1118
   26325      38.1619
   26326      38.2868
   26327      38.4195
   26328      38.3604
   26329      38.0854
   26330      38.0696
   26331      38.5720
   26332      38.2358
   26333      38.6626
   26334      38.1013
   26335      38.6523
   26336      38.7854
   26337      38.5419
   26338      38.1324
   26339      37.7335
   26340      38.3129
   26341      38.3275
   26342      38.7402
   26343      38.5443
   26344      38.9334
   26345      38.5976
   26346      38.7447
   26347      38.6734
   26348      38.6625
   26349      38.7615
   26350      38.4712
   26351      38.7662
   26352      38.4458
   26353      38.9560
   26354      38.7818
   26355      38.8006
   26356      38.2053
   26357      38.6742
   26358      39.1055
   26359      38.9272
   26360      39.0167
   26361      38.8605
   26362      38.7702
   26363      38.8381
   26364      38.8133
   26365      39.2900
   26366      39.0166
   26367      38.9916
   26368      38.6560
   26369      38.9899
   26370      38.3641
   26371      38.9493
   26372      38.9788
   26373      38.5843
   26374      39.2457
   26375      38.6221
   26376      39.0672
   26377      38.6772
   26378      39.0403
   26379      38.5330
   26380      38.4645
   26381      38.3719
   26382      38.8618
   26383      39.0484
   26384      38.7087
   26385      38.4491
   26386      38.9737
   26387      38.6638
   26388      38.4494
   26389      37.9996
   26390      38.1923
   26391      38.4805
   26392      38.5476
   26393      38.3346
   26394      38.6454
   26395      38.3010
   26396      38.4261
   26397      38.2335
   26398      37.7645
   26399      37.7319
   26400      37.8604
   26401      37.8596
   26402      38.3983
   26403      38.4403
   26404      38.3755
   26405      38.3897
   26406      38.8771
   26407      39.1335
   26408      38.6662
   26409      38.3611
   26410      38.4052
   26411      38.3484
   26412      38.2351
   26413      38.8209
   26414      38.4548
   26415      38.7356
   26416      38.5293
   26417      38.5444
   26418      38.0077
   26419      38.1508
   26420      38.1610
   26421      37.9513
   26422      38.2038
   26423      38.0961
   26424      37.9158
   26425      38.2084
   26426      38.1348
   26427      38.2464
   26428      38.4194
   26429      38.5164
   26430      38.7529
   26431      38.1407
   26432      38.1364
   26433      38.5804
   26434      39.0437
   26435      38.6523
   26436      38.8213
   26437      38.0522
   26438      38.1797
   26439      38.1661
   26440      38.2808
   26441      38.1572
   26442      37.9238
   26443      38.2588
   26444      38.2330
   26445      38.0506
   26446      38.1065
   26447      37.8006
   26448      38.1128
   26449      37.9381
   26450      38.3385
   26451      38.0434
   26452      38.1898
   26453      38.3247
   26454      37.7451
   26455      38.2391
   26456      38.4946
   26457      38.2118
   26458      38.6803
   26459      38.0732
   26460      38.5325
   26461      37.9899
   26462      38.4634
   26463      38.1505
   26464      37.8664
   26465      38.1116
   26466      38.4924
   26467      37.9251
   26468      38.1842
   26469      38.0431
   26470      38.2713
   26471      38.0262
   26472      37.6799
   26473      38.0220
   26474      37.5069
   26475      38.0947
   26476      37.9790
   26477      37.6711
   26478      38.0149
   26479      38.0236
   26480      38.2820
   26481      38.4321
   26482      37.9035
   26483      38.0243
   26484      37.8303
   26485      37.9986
   26486      37.7214
   26487      37.8534
   26488      37.5939
   26489      37.7898
   26490      38.0012
   26491      38.0675
   26492      37.7946
   26493      38.2103
   26494      37.8816
   26495      38.0356
   26496      38.4757
   26497      38.4192
   26498      37.9779
   26499      37.9382
   26500      37.7605
   26501      37.9188
   26502      38.0770
   26503      38.4194
   26504      38.2929
   26505      38.5174
   26506      38.0009
   26507      37.6045
   26508      38.0077
   26509      38.0307
   26510      38.1720
   26511      38.2794
   26512      38.1852
   26513      38.2730
   26514      38.6174
   26515      38.1207
   26516      38.4446
   26517      38.3293
   26518      38.2777
   26519      38.0694
   26520      38.3692
   26521      38.5402
   26522      38.2062
   26523      38.1417
   26524      38.6278
   26525      38.2079
   26526      38.2961
   26527      38.1473
   26528      38.0651
   26529      38.3161
   26530      38.4706
   26531      38.1600
   26532      38.2254
   26533      38.3664
   26534      38.5821
   26535      37.8973
   26536      38.2048
   26537      38.0478
   26538      37.6505
   26539      38.0209
   26540      38.0656
   26541      38.0775
   26542      38.0931
   26543      38.1172
   26544      38.3795
   26545      38.0185
   26546      38.1712
   26547      38.2500
   26548      38.8945
   26549      38.6651
   26550      39.0719
   26551      38.6565
   26552      39.0045
   26553      38.9307
   26554      39.3301
   26555      38.9853
   26556      39.1835
   26557      38.5918
   26558      39.1214
   26559      39.2301
   26560      39.6401
   26561      39.1073
   26562      39.2349
   26563      38.6947
   26564      38.7282
   26565      38.8645
   26566      38.2940
   26567      38.5689
   26568      38.6046
   26569      38.5697
   26570      38.7250
   26571      38.5527
   26572      38.5701
   26573      38.8127
   26574      38.6859
   26575      38.4861
   26576      38.7451
   26577      38.7602
   26578      39.0464
   26579      38.7933
   26580      38.7203
   26581      39.2100
   26582      38.5728
   26583      38.8745
   26584      38.7133
   26585      38.7250
   26586      38.4354
   26587      38.9130
   26588      38.5145
   26589      38.5168
   26590      38.5995
   26591      38.4461
   26592      38.3842
   26593      38.3968
   26594      38.7909
   26595      38.7913
   26596      38.7684
   26597      38.6055
   26598      38.5295
   26599      38.5657
   26600      38.6534
   26601      38.5880
   26602      38.4950
   26603      38.1997
   26604      38.2536
   26605      38.6249
   26606      38.4746
   26607      38.3364
   26608      37.9935
   26609      38.2670
   26610      38.2129
   26611      38.3052
   26612      38.0501
   26613      38.2351
   26614      38.2916
   26615      38.7355
   26616      38.2729
   26617      38.0459
   26618      38.4148
   26619      38.1800
   26620      38.3456
   26621      38.6657
   26622      38.4820
   26623      38.2835
   26624      38.0343
   26625      38.3906
   26626      38.5463
   26627      38.4428
   26628      38.1963
   26629      38.1021
   26630      37.8546
   26631      37.9855
   26632      37.7922
   26633      37.9944
   26634      37.8063
   26635      38.1237
   26636      38.1911
   26637      38.2901
   26638      38.6882
   26639      38.7366
   26640      38.3623
   26641      38.3239
   26642      38.5415
   26643      38.2436
   26644      37.6006
   26645      38.2902
   26646      37.9435
   26647      38.5509
   26648      38.6433
   26649      38.0821
   26650      38.2294
   26651      38.2460
   26652      38.3781
   26653      38.5021
   26654      38.4592
   26655      38.6465
   26656      38.3517
   26657      38.5663
   26658      38.4800
   26659      38.6634
   26660      38.2983
   26661      38.1979
   26662      38.4230
   26663      38.3250
   26664      38.0601
   26665      38.6970
   26666      38.1675
   26667      38.5112
   26668      38.3081
   26669      37.6676
   26670      38.0973
   26671      37.9844
   26672      38.5240
   26673      38.5254
   26674      38.2457
   26675      37.8655
   26676      38.1032
   26677      38.1701
   26678      38.8113
   26679      38.0731
   26680      38.4640
   26681      38.6977
   26682      38.2936
   26683      38.4816
   26684      38.3637
   26685      38.3560
   26686      38.2415
   26687      38.2695
   26688      38.2048
   26689      38.2679
   26690      38.1398
   26691      38.2852
   26692      38.4747
   26693      38.3701
   26694      38.5541
   26695      38.2784
   26696      38.1255
   26697      38.2617
   26698      38.2555
   26699      38.2596
   26700      38.0776
   26701      38.2201
   26702      38.5117
   26703      38.1554
   26704      38.3480
   26705      38.3980
   26706      38.1327
   26707      38.3799
   26708      38.1981
   26709      37.9580
   26710      38.5224
   26711      38.8223
   26712      38.9838
   26713      38.2670
   26714      38.2785
   26715      38.4929
   26716      38.2393
   26717      38.6528
   26718      38.2647
   26719      38.4029
   26720      38.0719
   26721      38.2008
   26722      38.3500
   26723      38.3750
   26724      38.0682
   26725      38.5159
   26726      38.9394
   26727      39.0147
   26728      38.8193
   26729      38.4947
   26730      38.4549
   26731      38.2390
   26732      38.7084
   26733      38.3432
   26734      38.3806
   26735      38.5794
   26736      37.9736
   26737      37.6753
   26738      38.5156
   26739      38.5735
   26740      38.7928
   26741      39.0214
   26742      38.3270
   26743      38.3077
   26744      38.1018
   26745      38.2383
   26746      38.6847
   26747      38.9750
   26748      38.8486
   26749      38.8796
   26750      38.6807
   26751      38.6292
   26752      38.7470
   26753      38.4676
   26754      38.3509
   26755      38.6033
   26756      39.0386
   26757      38.5382
   26758      39.2298
   26759      38.6399
   26760      38.8331
   26761      38.3352
   26762      38.7056
   26763      38.8155
   26764      38.6231
   26765      38.3465
   26766      38.7317
   26767      38.7037
   26768      38.5689
   26769      38.6632
   26770      38.5866
   26771      39.0944
   26772      38.6091
   26773      38.4245
   26774      38.6807
   26775      38.5572
   26776      39.0901
   26777      38.7095
   26778      38.7952
   26779      38.4567
   26780      38.5991
   26781      38.8180
   26782      38.5770
   26783      38.4411
   26784      38.6503
   26785      38.6594
   26786      38.3171
   26787      37.8437
   26788      38.1413
   26789      38.3830
   26790      38.6605
   26791      38.1529
   26792      37.9553
   26793      38.1071
   26794      38.2633
   26795      38.0837
   26796      38.0042
   26797      37.9817
   26798      37.9168
   26799      38.1243
   26800      38.0400
   26801      37.7893
   26802      37.8879
   26803      38.1386
   26804      38.3085
   26805      38.3742
   26806      38.6673
   26807      38.4997
   26808      38.5850
   26809      37.8893
   26810      38.7114
   26811      39.1553
   26812      39.1480
   26813      39.1625
   26814      38.4550
   26815      38.1730
   26816      38.1161
   26817      39.1437
   26818      38.9285
   26819      38.4396
   26820      38.9659
   26821      38.5933
   26822      38.6215
   26823      38.6536
   26824      38.4438
   26825      38.5092
   26826      38.7690
   26827      38.8598
   26828      38.3017
   26829      38.4643
   26830      38.2858
   26831      37.8474
   26832      37.8313
   26833      37.9446
   26834      37.9741
   26835      38.0168
   26836      37.7510
   26837      38.5300
   26838      38.3743
   26839      38.3962
   26840      38.1665
   26841      38.6017
   26842      38.7133
   26843      38.2058
   26844      38.6249
   26845      38.7595
   26846      38.0456
   26847      38.2741
   26848      38.7762
   26849      38.5451
   26850      38.3720
   26851      38.8271
   26852      38.5511
   26853      38.0358
   26854      38.3363
   26855      38.1431
   26856      38.5712
   26857      38.4047
   26858      38.3167
   26859      38.3104
   26860      38.9967
   26861      38.6032
   26862      38.6205
   26863      38.6190
   26864      38.9001
   26865      38.9425
   26866      38.7370
   26867      38.9549
   26868      38.7597
   26869      38.6830
   26870      38.5409
   26871      38.8665
   26872      37.9768
   26873      38.5500
   26874      38.2285
   26875      38.5540
   26876      38.8275
   26877      38.6169
   26878      38.2272
   26879      38.7982
   26880      38.3868
   26881      38.3935
   26882      38.3496
   26883      38.5250
   26884      38.3378
   26885      38.3677
   26886      38.3468
   26887      38.2379
   26888      38.4759
   26889      38.4443
   26890      38.5125
   26891      38.8257
   26892      39.1888
   26893      38.6314
   26894      38.8093
   26895      38.5469
   26896      38.8386
   26897      38.4919
   26898      38.5584
   26899      38.6723
   26900      38.7864
   26901      38.6394
   26902      38.7959
   26903      38.7916
   26904      38.7768
   26905      38.5887
   26906      38.4649
   26907      38.5148
   26908      38.6438
   26909      38.1710
   26910      38.2362
   26911      38.4002
   26912      37.9045
   26913      38.3866
   26914      38.3473
   26915      38.3514
   26916      38.5455
   26917      38.7477
   26918      38.5113
   26919      38.7602
   26920      38.5010
   26921      38.7844
   26922      38.7095
   26923      38.5057
   26924      38.4555
   26925      38.1165
   26926      37.8260
   26927      38.1680
   26928      38.2032
   26929      38.2638
   26930      37.7475
   26931      38.5215
   26932      38.2840
   26933      38.3272
   26934      38.3966
   26935      38.4068
   26936      38.3449
   26937      38.2245
   26938      38.4163
   26939      39.1543
   26940      39.0038
   26941      38.3521
   26942      38.7272
   26943      38.8014
   26944      38.3792
   26945      38.3124
   26946      38.5038
   26947      38.5807
   26948      38.2471
   26949      38.3950
   26950      38.8076
   26951      38.9204
   26952      38.6874
   26953      38.9691
   26954      39.2199
   26955      38.5863
   26956      38.6946
   26957      38.6192
   26958      38.8530
   26959      38.7917
   26960      38.6286
   26961      38.9620
   26962      38.3452
   26963      38.4774
   26964      38.3737
   26965      38.7708
   26966      38.6269
   26967      38.8367
   26968      38.3912
   26969      38.7872
   26970      38.9213
   26971      38.6840
   26972      39.0080
   26973      38.7752
   26974      38.6372
   26975      38.9091
   26976      38.9369
   26977      38.7959
   26978      38.6118
   26979      38.2791
   26980      37.9487
   26981      38.2114
   26982      38.4572
   26983      38.5870
   26984      38.7183
   26985      38.6942
   26986      38.4157
   26987      38.7852
   26988      39.2650
   26989      39.0691
   26990      38.7808
   26991      38.9016
   26992      38.7146
   26993      38.6827
   26994      38.5877
   26995      39.3730
   26996      39.0491
   26997      38.8467
   26998      38.8824
   26999      38.9280
   27000      39.0166
   27001      38.9516
   27002      38.8389
   27003      38.6073
   27004      38.6486
   27005      38.7044
   27006      38.8002
   27007      38.6945
   27008      38.4099
   27009      38.6257
   27010      38.2814
   27011      38.2949
   27012      38.5348
   27013      38.8240
   27014      39.1628
   27015      39.1888
   27016      38.6699
   27017      38.4537
   27018      38.3966
   27019      38.6303
   27020      38.5345
   27021      39.0223
   27022      39.2788
   27023      38.8492
   27024      38.9074
   27025      38.6535
   27026      38.8481
   27027      38.5797
   27028      38.9732
   27029      38.9793
   27030      39.1210
   27031      38.9961
   27032      38.9333
   27033      38.5302
   27034      39.0570
   27035      38.7573
   27036      38.8353
   27037      38.8581
   27038      38.8772
   27039      38.8383
   27040      38.9091
   27041      38.3418
   27042      38.5791
   27043      38.3625
   27044      38.3292
   27045      38.7574
   27046      38.5811
   27047      39.2522
   27048      38.5628
   27049      38.6829
   27050      39.1461
   27051      38.6067
   27052      38.3891
   27053      38.3904
   27054      38.5820
   27055      38.7989
   27056      39.0950
   27057      38.4382
   27058      38.4791
   27059      38.2161
   27060      38.3658
   27061      38.4180
   27062      38.2866
   27063      38.1324
   27064      38.8174
   27065      38.2341
   27066      38.3372
   27067      38.3767
   27068      38.7806
   27069      38.2374
   27070      38.6407
   27071      39.1186
   27072      38.9632
   27073      38.9721
   27074      39.0994
   27075      39.1516
   27076      39.3157
   27077      39.2057
   27078      38.8323
   27079      39.1536
   27080      38.7817
   27081      38.7184
   27082      38.8708
   27083      38.8665
   27084      38.6552
   27085      38.6789
   27086      38.8095
   27087      39.0767
   27088      39.3900
   27089      38.8068
   27090      39.1191
   27091      38.8740
   27092      39.0551
   27093      38.7887
   27094      38.9950
   27095      38.8898
   27096      38.7072
   27097      38.4284
   27098      38.5539
   27099      38.8621
   27100      38.3744
   27101      38.1152
   27102      38.2715
   27103      38.8891
   27104      38.9423
   27105      39.1505
   27106      39.1013
   27107      38.8373
   27108      39.0676
   27109      38.3667
   27110      39.0163
   27111      38.8462
   27112      38.6717
   27113      38.9219
   27114      38.8229
   27115      38.7613
   27116      38.7616
   27117      38.8444
   27118      38.5846
   27119      38.5010
   27120      38.4846
   27121      38.3726
   27122      38.2089
   27123      39.0743
   27124      38.8388
   27125      38.7461
   27126      39.0395
   27127      39.0453
   27128      38.5205
   27129      38.7290
   27130      39.2594
   27131      39.0238
   27132      38.7704
   27133      38.8979
   27134      38.8616
   27135      38.7873
   27136      38.8149
   27137      38.8373
   27138      38.9534
   27139      39.3089
   27140      38.7292
   27141      38.7633
   27142      39.0048
   27143      38.6627
   27144      38.6675
   27145      38.5272
   27146      38.6415
   27147      38.4568
   27148      38.7143
   27149      38.7827
   27150      38.3680
   27151      38.0326
   27152      38.2922
   27153      38.1318
   27154      38.1242
   27155      38.7117
   27156      38.4186
   27157      38.7046
   27158      38.7035
   27159      39.1831
   27160      38.7335
   27161      38.6741
   27162      38.7813
   27163      38.6707
   27164      38.7219
   27165      38.8282
   27166      38.4496
   27167      38.7133
   27168      38.9749
   27169      38.6186
   27170      38.6016
   27171      38.6905
   27172      39.0277
   27173      38.7320
   27174      39.0399
   27175      38.8381
   27176      38.4240
   27177      38.2536
   27178      38.7363
   27179      38.9449
   27180      38.5186
   27181      39.0816
   27182      38.9533
   27183      38.3851
   27184      38.5886
   27185      38.5513
   27186      38.4030
   27187      38.5922
   27188      38.5623
   27189      38.5303
   27190      39.0432
   27191      38.5764
   27192      38.5545
   27193      38.2743
   27194      38.2935
   27195      38.2141
   27196      38.6604
   27197      38.6627
   27198      38.6807
   27199      38.3253
   27200      38.4612
   27201      38.6891
   27202      39.1371
   27203      39.4102
   27204      38.7752
   27205      38.4528
   27206      38.3200
   27207      38.2150
   27208      38.3085
   27209      39.1703
   27210      38.6423
   27211      38.4484
   27212      38.4707
   27213      38.7226
   27214      38.5468
   27215      38.1192
   27216      38.2009
   27217      38.4548
   27218      38.7189
   27219      38.8714
   27220      38.3295
   27221      38.7857
   27222      38.4607
   27223      38.8937
   27224      38.8551
   27225      38.5552
   27226      38.9494
   27227      39.0703
   27228      38.9134
   27229      38.9129
   27230      38.9575
   27231      38.8369
   27232      38.8415
   27233      38.6239
   27234      38.8472
   27235      39.0658
   27236      39.2263
   27237      38.7824
   27238      38.8915
   27239      38.7921
   27240      38.8431
   27241      39.2354
   27242      39.4923
   27243      39.2573
   27244      38.7438
   27245      38.6363
   27246      38.6884
   27247      38.8574
   27248      38.6539
   27249      39.1309
   27250      38.8266
   27251      38.7128
   27252      38.6305
   27253      38.8135
   27254      38.4942
   27255      38.0216
   27256      38.0048
   27257      38.2242
   27258      37.7829
   27259      38.2989
   27260      38.4573
   27261      39.0101
   27262      38.3383
   27263      38.9017
   27264      39.0580
   27265      39.6551
   27266      39.4944
   27267      38.8665
   27268      39.5489
   27269      39.0234
   27270      39.3539
   27271      39.2195
   27272      38.7106
   27273      38.8827
   27274      38.9330
   27275      38.5753
   27276      39.4102
   27277      39.2294
   27278      39.0782
   27279      38.9268
   27280      38.6926
   27281      38.3602
   27282      38.2342
   27283      38.5814
   27284      39.0974
   27285      38.7371
   27286      38.1288
   27287      38.6348
   27288      38.8849
   27289      38.8877
   27290      39.1291
   27291      38.8846
   27292      38.3563
   27293      39.0155
   27294      38.7649
   27295      39.1888
   27296      39.0862
   27297      39.0774
   27298      39.4508
   27299      39.6690
   27300      38.6625
   27301      38.9316
   27302      38.3760
   27303      38.5981
   27304      39.0167
   27305      38.6544
   27306      38.8028
   27307      39.2844
   27308      39.0243
   27309      38.7912
   27310      38.8486
   27311      38.2148
   27312      38.9358
   27313      39.2137
   27314      38.8776
   27315      38.4571
   27316      38.6663
   27317      38.6572
   27318      38.5129
   27319      38.9030
   27320      38.4530
   27321      38.6592
   27322      38.2780
   27323      38.7265
   27324      38.3964
   27325      38.1796
   27326      38.9616
   27327      38.9238
   27328      39.0919
   27329      38.9752
   27330      39.6192
   27331      39.6034
   27332      39.4662
   27333      39.4422
   27334      39.0367
   27335      38.4926
   27336      38.7733
   27337      39.1467
   27338      39.3317
   27339      39.0906
   27340      38.9454
   27341      38.8787
   27342      39.0540
   27343      38.8562
   27344      38.8117
   27345      39.2362
   27346      39.3569
   27347      39.3303
   27348      39.1516
   27349      38.7387
   27350      39.1372
   27351      38.7888
   27352      39.0689
   27353      38.7895
   27354      38.6853
   27355      38.5501
   27356      38.7085
   27357      38.4848
   27358      39.0525
   27359      38.9321
   27360      38.7539
   27361      38.3736
   27362      38.8556
   27363      38.8741
   27364      38.2918
   27365      38.8002
   27366      38.5764
   27367      38.3628
   27368      39.1425
   27369      38.9437
   27370      38.9224
   27371      38.4054
   27372      38.1639
   27373      38.4890
   27374      39.0450
   27375      38.9124
   27376      38.4038
   27377      38.5640
   27378      38.4322
   27379      38.4913
   27380      38.4376
   27381      38.5153
   27382      38.4113
   27383      38.1244
   27384      38.7399
   27385      37.8814
   27386      38.6327
   27387      38.5764
   27388      38.6173
   27389      38.5312
   27390      38.6048
   27391      39.0404
   27392      38.7537
   27393      38.6410
   27394      38.4059
   27395      38.6159
   27396      38.7526
   27397      38.3607
   27398      38.1891
   27399      38.0262
   27400      38.4575
   27401      38.4955
   27402      37.6508
   27403      38.4694
   27404      38.4696
   27405      38.8286
   27406      38.8901
   27407      38.8405
   27408      39.0345
   27409      38.6931
   27410      39.3157
   27411      39.3995
   27412      39.3748
   27413      39.0397
   27414      39.1958
   27415      39.1556
   27416      39.0131
   27417      39.2218
   27418      39.0553
   27419      39.1242
   27420      39.0764
   27421      38.7565
   27422      38.7217
   27423      39.0346
   27424      38.7919
   27425      39.3403
   27426      38.7381
   27427      38.5517
   27428      38.2809
   27429      38.5538
   27430      38.5420
   27431      38.6959
   27432      39.0439
   27433      39.0085
   27434      38.6213
   27435      38.6612
   27436      38.5755
   27437      38.3893
   27438      38.4637
   27439      38.6878
   27440      38.5616
   27441      38.6987
   27442      38.8082
   27443      38.6124
   27444      38.3821
   27445      38.5391
   27446      38.1913
   27447      38.3287
   27448      37.8301
   27449      38.4630
   27450      38.6781
   27451      38.7136
   27452      38.9456
   27453      38.8939
   27454      38.8498
   27455      38.7035
   27456      38.2153
   27457      38.1547
   27458      38.1998
   27459      38.5823
   27460      39.0561
   27461      38.9149
   27462      39.0755
   27463      38.8318
   27464      39.1053
   27465      39.1241
   27466      38.3245
   27467      38.4535
   27468      38.6611
   27469      38.7137
   27470      38.9488
   27471      38.6242
   27472      38.9631
   27473      38.6303
   27474      38.4206
   27475      38.5151
   27476      38.5403
   27477      38.4379
   27478      38.5590
   27479      38.1388
   27480      38.8661
   27481      38.7888
   27482      38.0201
   27483      38.2315
   27484      38.4957
   27485      38.7009
   27486      38.8346
   27487      37.9597
   27488      38.5189
   27489      38.2887
   27490      38.2467
   27491      38.8092
   27492      38.3911
   27493      38.7863
   27494      38.4407
   27495      38.5393
   27496      38.4823
   27497      38.5442
   27498      38.4200
   27499      38.6194
   27500      38.4758
   27501      38.1814
   27502      37.8900
   27503      38.0471
   27504      38.3214
   27505      38.3894
   27506      38.1672
   27507      38.4840
   27508      38.3350
   27509      38.6701
   27510      38.2893
   27511      38.8003
   27512      38.7823
   27513      38.7405
   27514      38.4640
   27515      38.5234
   27516      38.8877
   27517      38.5433
   27518      38.7464
   27519      38.8915
   27520      38.1056
   27521      38.2483
   27522      38.4700
   27523      38.6635
   27524      38.9216
   27525      38.9632
   27526      39.1007
   27527      39.1084
   27528      38.7370
   27529      39.0389
   27530      38.9312
   27531      38.8894
   27532      38.8108
   27533      38.9123
   27534      39.3933
   27535      39.1153
   27536      39.1107
   27537      38.5425
   27538      38.5401
   27539      38.7117
   27540      38.8314
   27541      38.3550
   27542      37.8419
   27543      38.3849
   27544      38.5205
   27545      38.0917
   27546      38.6008
   27547      38.4029
   27548      38.4951
   27549      38.5326
   27550      38.3320
   27551      38.4732
   27552      38.5871
   27553      38.8205
   27554      38.5789
   27555      38.8886
   27556      39.2105
   27557      38.9261
   27558      38.6635
   27559      39.0115
   27560      38.8374
   27561      39.0941
   27562      38.8120
   27563      38.8158
   27564      38.5973
   27565      38.4785
   27566      38.4588
   27567      38.0202
   27568      38.3195
   27569      38.6196
   27570      38.3999
   27571      38.7055
   27572      38.1780
   27573      38.0826
   27574      38.2534
   27575      38.7217
   27576      38.3488
   27577      38.1069
   27578      37.9806
   27579      38.2669
   27580      38.2205
   27581      38.1059
   27582      38.2806
   27583      38.5908
   27584      38.6199
   27585      38.6222
   27586      38.3459
   27587      38.3939
   27588      38.6585
   27589      38.7593
   27590      38.5833
   27591      38.4021
   27592      38.4232
   27593      38.0798
   27594      38.2617
   27595      38.1904
   27596      37.6716
   27597      38.1613
   27598      38.2588
   27599      38.5901
   27600      38.4503
   27601      38.8895
   27602      38.5230
   27603      38.6036
   27604      38.3525
   27605      38.3869
   27606      38.6976
   27607      38.7272
   27608      38.6290
   27609      38.8080
   27610      38.5340
   27611      38.4671
   27612      38.7718
   27613      38.8693
   27614      38.6246
   27615      38.4865
   27616      38.7651
   27617      38.7011
   27618      38.4974
   27619      38.5578
   27620      38.3937
   27621      38.4278
   27622      38.9204
   27623      38.8530
   27624      38.5891
   27625      38.4573
   27626      39.0978
   27627      38.7340
   27628      38.6842
   27629      39.1275
   27630      39.4236
   27631      39.3362
   27632      39.2364
   27633      39.1416
   27634      39.0164
   27635      39.0181
   27636      39.1283
   27637      38.7839
   27638      39.1135
   27639      38.4979
   27640      38.6535
   27641      38.6430
   27642      38.6251
   27643      38.9659
   27644      38.8981
   27645      38.8641
   27646      38.7361
   27647      38.7354
   27648      38.3660
   27649      38.5091
   27650      39.0201
   27651      38.9074
   27652      39.0438
   27653      39.4137
   27654      39.1400
   27655      39.0573
   27656      38.9420
   27657      38.3289
   27658      38.7057
   27659      39.2639
   27660      38.4574
   27661      38.7643
   27662      38.4492
   27663      38.5413
   27664      38.3884
   27665      39.0789
   27666      38.7485
   27667      39.0388
   27668      38.8425
   27669      39.1863
   27670      39.2510
   27671      38.9828
   27672      38.8374
   27673      38.8845
   27674      39.0590
   27675      39.0316
   27676      39.2027
   27677      38.3521
   27678      38.3964
   27679      38.8343
   27680      38.6844
   27681      38.5807
   27682      38.7458
   27683      38.6993
   27684      38.2200
   27685      38.1748
   27686      37.8538
   27687      38.3622
   27688      38.4865
   27689      38.5597
   27690      38.8281
   27691      38.5601
   27692      38.7896
   27693      38.5993
   27694      38.5954
   27695      38.5992
   27696      38.2415
   27697      39.0007
   27698      38.6040
   27699      38.4941
   27700      38.3891
   27701      38.3956
   27702      38.2016
   27703      38.0560
   27704      38.1418
   27705      38.4822
   27706      38.1974
   27707      38.6033
   27708      38.5967
   27709      38.6926
   27710      38.8449
   27711      38.5032
   27712      38.1867
   27713      38.5384
   27714      38.5061
   27715      38.6770
   27716      38.6866
   27717      38.6027
   27718      38.4513
   27719      38.3413
   27720      38.6012
   27721      38.3231
   27722      38.5355
   27723      38.7699
   27724      38.3924
   27725      38.2508
   27726      38.5140
   27727      38.5919
   27728      38.1819
   27729      38.0836
   27730      38.8072
   27731      38.4281
   27732      38.2221
   27733      38.4357
   27734      38.3901
   27735      38.3206
   27736      38.6964
   27737      39.2497
   27738      38.6659
   27739      38.8892
   27740      38.5803
   27741      38.8300
   27742      38.7022
   27743      38.7749
   27744      38.6251
   27745      38.4696
   27746      39.0570
   27747      39.3589
   27748      39.4483
   27749      39.6024
   27750      38.9227
   27751      39.0497
   27752      39.3547
   27753      38.9785
   27754      38.8211
   27755      38.5400
   27756      38.1618
   27757      38.3939
   27758      38.7146
   27759      38.9582
   27760      38.7736
   27761      38.5488
   27762      38.6829
   27763      38.7555
   27764      38.8167
   27765      38.8368
   27766      38.5624
   27767      38.7205
   27768      38.9513
   27769      38.7898
   27770      38.4829
   27771      38.2900
   27772      38.2933
   27773      38.4894
   27774      38.5403
   27775      38.5435
   27776      38.6964
   27777      38.5182
   27778      38.6065
   27779      38.1054
   27780      38.6192
   27781      38.5122
   27782      39.2131
   27783      38.5475
   27784      38.6280
   27785      38.8686
   27786      38.5943
   27787      38.7046
   27788      38.4612
   27789      38.6720
   27790      38.7521
   27791      39.0374
   27792      38.4011
   27793      38.1257
   27794      38.1338
   27795      38.1059
   27796      38.5679
   27797      38.2939
   27798      38.4619
   27799      38.7883
   27800      38.7434
   27801      38.7067
   27802      38.9868
   27803      38.8895
   27804      38.8105
   27805      39.0368
   27806      38.8734
   27807      38.5404
   27808      38.7495
   27809      38.7304
   27810      38.3447
   27811      38.3235
   27812      38.5307
   27813      38.1004
   27814      38.3073
   27815      38.1923
   27816      38.0294
   27817      38.3891
   27818      38.1655
   27819      38.6084
   27820      38.5482
   27821      38.4316
   27822      38.7489
   27823      38.6204
   27824      38.5948
   27825      38.3374
   27826      38.0794
   27827      38.1600
   27828      38.6017
   27829      38.2802
   27830      38.1825
   27831      38.5592
   27832      38.3274
   27833      38.6420
   27834      37.7789
   27835      38.1359
   27836      37.6387
   27837      37.6890
   27838      37.7771
   27839      38.3961
   27840      38.3842
   27841      38.0878
   27842      38.1907
   27843      38.3970
   27844      38.3759
   27845      38.7400
   27846      38.5166
   27847      38.3582
   27848      38.7002
   27849      38.5739
   27850      38.5136
   27851      38.0644
   27852      38.3662
   27853      38.3835
   27854      38.3731
   27855      38.3806
   27856      37.5170
   27857      37.9203
   27858      37.8086
   27859      37.5061
   27860      38.0079
   27861      37.9233
   27862      37.6545
   27863      37.6808
   27864      37.9431
   27865      37.8395
   27866      37.8435
   27867      37.8828
   27868      38.1276
   27869      38.0823
   27870      38.5048
   27871      38.0054
   27872      38.3512
   27873      38.1050
   27874      38.1286
   27875      38.0896
   27876      38.0119
   27877      37.6834
   27878      37.8590
   27879      38.3573
   27880      38.6897
   27881      38.4416
   27882      38.6930
   27883      38.7024
   27884      38.1517
   27885      38.5639
   27886      39.0508
   27887      38.6515
   27888      38.4687
   27889      38.1593
   27890      38.6003
   27891      38.2846
   27892      38.0792
   27893      37.7407
   27894      38.2724
   27895      38.3426
   27896      37.8942
   27897      38.7576
   27898      38.9771
   27899      38.4509
   27900      38.4943
   27901      38.3506
   27902      38.1843
   27903      38.3587
   27904      38.4420
   27905      38.4714
   27906      38.1674
   27907      38.6852
   27908      38.5733
   27909      38.6284
   27910      38.6093
   27911      39.0546
   27912      39.1093
   27913      38.9150
   27914      39.0688
   27915      39.0716
   27916      38.3487
   27917      38.8191
   27918      38.8233
   27919      38.5591
   27920      38.5732
   27921      38.6082
   27922      38.7213
   27923      38.4874
   27924      38.6456
   27925      38.3963
   27926      38.9566
   27927      38.9136
   27928      38.7760
   27929      38.8634
   27930      39.1106
   27931      39.5261
   27932      39.3148
   27933      38.7312
   27934      39.0613
   27935      38.8371
   27936      38.9493
   27937      38.8197
   27938      38.5199
   27939      38.5754
   27940      38.3925
   27941      38.8031
   27942      38.5629
   27943      38.6298
   27944      39.2164
   27945      38.3046
   27946      38.6343
   27947      38.5706
   27948      38.6021
   27949      38.3576
   27950      38.0933
   27951      38.1459
   27952      38.3728
   27953      38.1710
   27954      38.3599
   27955      38.5453
   27956      38.9577
   27957      38.5541
   27958      38.3508
   27959      38.5614
   27960      38.6830
   27961      38.5349
   27962      38.3551
   27963      38.6495
   27964      38.6073
   27965      38.6694
   27966      38.6567
   27967      38.6627
   27968      38.2285
   27969      38.0417
   27970      38.1741
   27971      38.4606
   27972      38.8478
   27973      38.4857
   27974      38.9007
   27975      38.7082
   27976      38.4295
   27977      38.3580
   27978      38.8737
   27979      38.6470
   27980      39.2642
   27981      38.2942
   27982      38.4853
   27983      38.7114
   27984      38.2498
   27985      38.5369
   27986      38.3224
   27987      38.2782
   27988      38.2877
   27989      38.7318
   27990      38.4021
   27991      38.0677
   27992      38.4934
   27993      38.5760
   27994      38.2864
   27995      38.1700
   27996      38.4375
   27997      38.0668
   27998      38.3160
   27999      38.2372
   28000      38.1416
   28001      38.3017
   28002      38.1451
   28003      38.8177
   28004      38.6001
   28005      38.3994
   28006      38.2647
   28007      38.4267
   28008      38.0826
   28009      38.1338
   28010      38.5850
   28011      38.5361
   28012      38.3874
   28013      38.6818
   28014      38.0795
   28015      38.3404
   28016      38.7879
   28017      38.3565
   28018      38.8116
   28019      38.5582
   28020      38.8977
   28021      38.6258
   28022      38.4171
   28023      38.0878
   28024      38.8281
   28025      39.0006
   28026      38.7976
   28027      38.5233
   28028      39.0937
   28029      38.4260
   28030      38.3992
   28031      38.4144
   28032      38.5052
   28033      39.0462
   28034      38.8072
   28035      38.6868
   28036      38.8779
   28037      38.6282
   28038      38.6774
   28039      38.7389
   28040      38.6518
   28041      38.1216
   28042      38.1077
   28043      38.0978
   28044      37.8240
   28045      37.8269
   28046      38.5739
   28047      39.0939
   28048      38.1879
   28049      37.7665
   28050      38.4866
   28051      38.4220
   28052      38.1526
   28053      38.5579
   28054      38.8629
   28055      38.4835
   28056      38.4954
   28057      38.5387
   28058      38.7673
   28059      39.0066
   28060      38.6936
   28061      38.6943
   28062      38.5162
   28063      38.5285
   28064      38.5975
   28065      38.1432
   28066      38.0903
   28067      38.6135
   28068      38.7744
   28069      39.0595
   28070      39.1477
   28071      38.7847
   28072      38.6684
   28073      38.8134
   28074      38.9839
   28075      38.5645
   28076      38.6819
   28077      38.6060
   28078      38.6417
   28079      38.6127
   28080      38.3703
   28081      38.5247
   28082      38.9546
   28083      38.6440
   28084      38.7558
   28085      38.5104
   28086      38.4609
   28087      38.5589
   28088      38.3653
   28089      38.2776
   28090      38.4185
   28091      38.6267
   28092      38.5378
   28093      38.7992
   28094      38.4739
   28095      38.8086
   28096      38.5523
   28097      38.5842
   28098      38.9092
   28099      38.4071
   28100      38.0838
   28101      38.7220
   28102      38.5941
   28103      38.6526
   28104      38.8486
   28105      38.3817
   28106      38.5406
   28107      39.0436
   28108      38.5828
   28109      38.3630
   28110      38.0827
   28111      38.1706
   28112      38.5138
   28113      38.4915
   28114      38.7233
   28115      39.0813
   28116      38.4922
   28117      38.6673
   28118      38.5862
   28119      38.7947
   28120      38.6188
   28121      39.0742
   28122      38.8276
   28123      38.6119
   28124      38.7351
   28125      38.7351
   28126      39.3509
   28127      38.7989
   28128      38.6882
   28129      38.6577
   28130      38.8843
   28131      38.4147
   28132      38.3849
   28133      38.0175
   28134      38.5035
   28135      38.6204
   28136      39.0651
   28137      38.6060
   28138      38.6821
   28139      38.4878
   28140      38.5866
   28141      38.4881
   28142      38.7898
   28143      39.2126
   28144      39.2118
   28145      38.9456
   28146      38.9943
   28147      38.8582
   28148      38.8540
   28149      38.6209
   28150      38.8109
   28151      39.0148
   28152      39.1661
   28153      39.3816
   28154      38.9507
   28155      39.3741
   28156      39.2611
   28157      38.5320
   28158      39.0247
   28159      38.6495
   28160      39.0546
   28161      38.7564
   28162      39.0153
   28163      38.9559
   28164      38.7239
   28165      38.6384
   28166      38.3975
   28167      38.5822
   28168      38.8650
   28169      38.7075
   28170      38.3122
   28171      38.7612
   28172      38.2856
   28173      39.1073
   28174      38.6430
   28175      38.9125
   28176      38.5849
   28177      38.3998
   28178      38.5144
   28179      38.5759
   28180      38.8064
   28181      39.0624
   28182      38.5175
   28183      39.0271
   28184      38.5779
   28185      38.9498
   28186      38.6323
   28187      38.4160
   28188      38.3707
   28189      38.6273
   28190      37.9769
   28191      38.2879
   28192      38.0412
   28193      38.2461
   28194      37.8519
   28195      38.0369
   28196      38.3087
   28197      38.4164
   28198      38.5114
   28199      38.5308
   28200      38.3242
   28201      37.8633
   28202      38.1418
   28203      38.5005
   28204      38.2070
   28205      38.3251
   28206      38.5758
   28207      38.2018
   28208      38.6046
   28209      38.4510
   28210      38.4286
   28211      38.6448
   28212      38.8249
   28213      38.7943
   28214      38.5664
   28215      38.7107
   28216      38.2005
   28217      38.5328
   28218      38.8111
   28219      38.7118
   28220      38.4423
   28221      38.2952
   28222      38.8689
   28223      38.4409
   28224      39.1219
   28225      38.5308
   28226      38.5290
   28227      38.6643
   28228      38.4945
   28229      38.4536
   28230      38.9785
   28231      38.8368
   28232      38.6035
   28233      38.8245
   28234      39.2802
   28235      37.9428
   28236      38.2863
   28237      38.6404
   28238      38.8812
   28239      39.2238
   28240      38.6704
   28241      38.5266
   28242      38.5276
   28243      38.2034
   28244      38.3314
   28245      38.3816
   28246      38.3407
   28247      38.8749
   28248      38.1531
   28249      38.5193
   28250      38.3749
   28251      38.2099
   28252      38.0345
   28253      38.2534
   28254      38.0404
   28255      38.2582
   28256      38.2113
   28257      38.3935
   28258      38.7382
   28259      38.6105
   28260      38.3419
   28261      38.8025
   28262      38.8039
   28263      38.6824
   28264      38.9090
   28265      39.0175
   28266      38.4249
   28267      38.4567
   28268      38.6158
   28269      38.1117
   28270      38.0761
   28271      38.1235
   28272      38.5880
   28273      38.5907
   28274      38.6963
   28275      38.7698
   28276      38.2592
   28277      38.2562
   28278      38.7063
   28279      38.4663
   28280      39.0190
   28281      38.8954
   28282      38.3900
   28283      38.0595
   28284      38.2075
   28285      38.4530
   28286      38.7025
   28287      38.6571
   28288      38.7980
   28289      38.5396
   28290      38.7063
   28291      38.2451
   28292      38.0841
   28293      38.3664
   28294      38.0712
   28295      38.1914
   28296      38.1067
   28297      38.2183
   28298      38.4314
   28299      37.7571
   28300      38.1350
   28301      38.3002
   28302      38.7924
   28303      38.3571
   28304      37.9223
   28305      38.3349
   28306      38.1419
   28307      37.8105
   28308      37.9136
   28309      37.8749
   28310      38.0472
   28311      38.1491
   28312      38.2293
   28313      38.4342
   28314      38.4228
   28315      38.5540
   28316      38.5614
   28317      38.3806
   28318      38.3763
   28319      38.4084
   28320      38.0726
   28321      38.1367
   28322      38.0500
   28323      37.9002
   28324      38.5528
   28325      38.2254
   28326      38.3582
   28327      38.3338
   28328      37.6462
   28329      37.8731
   28330      38.0392
   28331      38.1416
   28332      38.2801
   28333      38.4053
   28334      38.7271
   28335      39.0301
   28336      38.5699
   28337      38.5858
   28338      38.5599
   28339      38.5293
   28340      38.3907
   28341      38.2172
   28342      38.5709
   28343      38.5283
   28344      38.4511
   28345      38.1685
   28346      38.2878
   28347      38.6233
   28348      38.1024
   28349      38.0550
   28350      37.9523
   28351      38.1982
   28352      38.0633
   28353      38.2940
   28354      38.3703
   28355      38.0458
   28356      38.6847
   28357      38.7795
   28358      38.2714
   28359      38.3688
   28360      38.4151
   28361      38.4437
   28362      38.8862
   28363      38.4880
   28364      38.5544
   28365      38.5376
   28366      38.2149
   28367      38.6456
   28368      38.7094
   28369      38.1821
   28370      38.0632
   28371      38.4921
   28372      38.2642
   28373      38.5488
   28374      38.7807
   28375      38.6226
   28376      38.3657
   28377      39.2209
   28378      38.9740
   28379      39.2121
   28380      38.4897
   28381      38.5072
   28382      38.8361
   28383      38.8264
   28384      38.1390
   28385      37.8337
   28386      38.1278
   28387      38.1564
   28388      38.2157
   28389      38.5009
   28390      38.4872
   28391      38.3563
   28392      38.5072
   28393      38.6151
   28394      38.6581
   28395      38.6185
   28396      38.7173
   28397      38.3515
   28398      38.8108
   28399      38.1108
   28400      38.7033
   28401      38.5576
   28402      38.1312
   28403      38.1363
   28404      38.2702
   28405      38.0677
   28406      38.5458
   28407      38.6492
   28408      38.5107
   28409      38.4767
   28410      38.6568
   28411      38.3230
   28412      38.4781
   28413      38.1323
   28414      38.4448
   28415      38.4706
   28416      38.6511
   28417      38.6412
   28418      38.4138
   28419      38.7142
   28420      38.0318
   28421      38.2838
   28422      38.3156
   28423      38.5325
   28424      38.1734
   28425      38.4130
   28426      38.4737
   28427      37.9960
   28428      37.9795
   28429      38.2899
   28430      38.6383
   28431      38.1672
   28432      38.2279
   28433      38.0671
   28434      37.8624
   28435      38.5455
   28436      38.2123
   28437      38.0767
   28438      38.3109
   28439      38.0005
   28440      38.4789
   28441      38.4884
   28442      38.2978
   28443      38.1102
   28444      38.5859
   28445      38.5071
   28446      38.5469
   28447      39.0881
   28448      38.5299
   28449      38.5228
   28450      38.5703
   28451      38.7422
   28452      38.4202
   28453      38.0088
   28454      38.3745
   28455      38.5556
   28456      38.1445
   28457      38.5292
   28458      38.0651
   28459      38.6244
   28460      38.6841
   28461      38.5433
   28462      38.7605
   28463      38.4063
   28464      38.4418
   28465      38.7294
   28466      38.6440
   28467      38.7251
   28468      38.5984
   28469      38.5546
   28470      38.6952
   28471      38.6062
   28472      38.2435
   28473      38.0358
   28474      38.6081
   28475      38.5637
   28476      38.5114
   28477      38.6082
   28478      38.6281
   28479      38.6175
   28480      38.2089
   28481      38.5214
   28482      38.0705
   28483      37.7775
   28484      38.6115
   28485      37.9781
   28486      38.5340
   28487      38.4050
   28488      38.9874
   28489      38.4284
   28490      38.7327
   28491      38.9637
   28492      38.6490
   28493      38.3821
   28494      38.4595
   28495      38.4035
   28496      38.6641
   28497      38.5051
   28498      38.4349
   28499      38.2643
   28500      39.0444
   28501      38.6447
   28502      38.4997
   28503      38.6323
   28504      38.6701
   28505      38.1745
   28506      38.2750
   28507      38.8444
   28508      38.1661
   28509      38.3185
   28510      38.0680
   28511      38.4942
   28512      37.9748
   28513      38.1067
   28514      38.7073
   28515      38.1988
   28516      37.8717
   28517      38.2660
   28518      38.1343
   28519      38.2542
   28520      38.0605
   28521      38.2332
   28522      38.2659
   28523      38.1515
   28524      37.9551
   28525      38.0640
   28526      37.8917
   28527      38.6288
   28528      38.6051
   28529      38.0512
   28530      37.9330
   28531      38.1936
   28532      37.6961
   28533      37.9139
   28534      37.7543
   28535      38.0912
   28536      38.0527
   28537      38.6472
   28538      38.5679
   28539      38.3790
   28540      38.2021
   28541      38.2607
   28542      38.6265
   28543      38.0705
   28544      38.4863
   28545      38.2648
   28546      38.4622
   28547      38.5355
   28548      38.0769
   28549      38.4600
   28550      38.1908
   28551      38.1583
   28552      38.3214
   28553      38.3346
   28554      38.4785
   28555      38.0546
   28556      38.1522
   28557      38.3736
   28558      38.4156
   28559      38.0231
   28560      38.3662
   28561      38.2077
   28562      38.1860
   28563      38.1871
   28564      38.4145
   28565      38.2220
   28566      38.2848
   28567      37.9875
   28568      38.4462
   28569      38.1795
   28570      38.4533
   28571      39.0386
   28572      38.5155
   28573      38.2820
   28574      38.1649
   28575      38.4848
   28576      38.4388
   28577      38.8109
   28578      38.5043
   28579      38.0968
   28580      38.2073
   28581      37.8256
   28582      37.9648
   28583      38.0236
   28584      38.4904
   28585      38.2714
   28586      38.5370
   28587      38.2588
   28588      38.4590
   28589      38.3998
   28590      38.5966
   28591      38.1452
   28592      38.5635
   28593      38.5314
   28594      38.2046
   28595      37.9537
   28596      38.5658
   28597      38.4964
   28598      38.6535
   28599      38.7073
   28600      37.9550
   28601      38.0691
   28602      38.5325
   28603      38.4289
   28604      38.0655
   28605      38.2804
   28606      38.1520
   28607      37.9461
   28608      37.9089
   28609      37.5766
   28610      37.8347
   28611      38.4632
   28612      37.7962
   28613      38.4690
   28614      38.1889
   28615      37.7866
   28616      38.0389
   28617      37.8731
   28618      37.6683
   28619      37.7247
   28620      37.6349
   28621      37.6182
   28622      37.8327
   28623      38.0432
   28624      38.3671
   28625      38.1090
   28626      38.0411
   28627      38.2368
   28628      37.9566
   28629      38.0328
   28630      37.9451
   28631      38.2068
   28632      38.3621
   28633      37.7277
   28634      38.2851
   28635      37.8968
   28636      38.1466
   28637      38.1550
   28638      37.6093
   28639      37.3108
   28640      37.7833
   28641      38.0791
   28642      38.3609
   28643      38.0623
   28644      38.6392
   28645      38.0253
   28646      38.3102
   28647      38.4350
   28648      38.4427
   28649      38.1563
   28650      38.0992
   28651      38.6820
   28652      38.1928
   28653      38.3192
   28654      38.5419
   28655      38.5826
   28656      38.1689
   28657      38.2700
   28658      38.6744
   28659      38.3254
   28660      38.0778
   28661      38.0472
   28662      38.1348
   28663      38.0632
   28664      37.9619
   28665      38.5566
   28666      38.2402
   28667      38.0087
   28668      38.3031
   28669      38.7239
   28670      38.5363
   28671      38.3599
   28672      37.9988
   28673      38.8151
   28674      38.4859
   28675      38.4264
   28676      38.2581
   28677      38.0961
   28678      37.9805
   28679      37.9139
   28680      38.2489
   28681      37.7744
   28682      38.5879
   28683      38.0659
   28684      38.2717
   28685      38.3715
   28686      38.0583
   28687      38.0137
   28688      38.2521
   28689      38.2290
   28690      38.4379
   28691      38.0482
   28692      38.0374
   28693      38.0918
   28694      37.8849
   28695      37.8892
   28696      38.1037
   28697      38.5296
   28698      38.2759
   28699      38.1637
   28700      37.7087
   28701      37.2980
   28702      38.1041
   28703      37.9803
   28704      37.7208
   28705      38.4398
   28706      38.1996
   28707      37.7625
   28708      37.8626
   28709      37.8772
   28710      37.6422
   28711      37.2867
   28712      38.1770
   28713      37.8546
   28714      37.8421
   28715      37.6693
   28716      37.7819
   28717      37.2078
   28718      38.0197
   28719      37.5975
   28720      37.9815
   28721      37.8306
   28722      38.0391
   28723      37.8883
   28724      38.1268
   28725      37.7805
   28726      37.8589
   28727      37.8436
   28728      37.8445
   28729      37.6809
   28730      37.9897
   28731      37.8749
   28732      37.7623
   28733      37.9465
   28734      37.8707
   28735      37.7828
   28736      38.1378
   28737      37.4620
   28738      37.5689
   28739      37.6990
   28740      38.3441
   28741      38.3438
   28742      38.7018
   28743      38.1216
   28744      38.2193
   28745      38.5866
   28746      38.6836
   28747      38.8087
   28748      38.3973
   28749      37.9271
   28750      38.1892
   28751      37.8253
   28752      37.8969
   28753      37.9755
   28754      38.0816
   28755      38.1264
   28756      38.3144
   28757      38.5300
   28758      38.3382
   28759      37.6896
   28760      38.0188
   28761      37.9762
   28762      38.5350
   28763      38.0608
   28764      38.0347
   28765      37.8443
   28766      37.6476
   28767      38.2755
   28768      38.3427
   28769      38.3495
   28770      38.3378
   28771      38.6770
   28772      38.0700
   28773      38.4532
   28774      37.8480
   28775      38.1489
   28776      38.0930
   28777      38.2952
   28778      38.0821
   28779      38.0375
   28780      37.9789
   28781      38.4307
   28782      38.0102
   28783      38.1965
   28784      38.2063
   28785      38.0554
   28786      37.9053
   28787      37.7271
   28788      38.1263
   28789      38.1112
   28790      38.1066
   28791      37.7942
   28792      38.3102
   28793      37.7670
   28794      37.4546
   28795      37.6839
   28796      37.7820
   28797      37.9291
   28798      38.0788
   28799      37.7956
   28800      37.7206
   28801      38.0332
   28802      37.9420
   28803      37.7307
   28804      37.9565
   28805      38.2907
   28806      38.1328
   28807      37.8956
   28808      37.9992
   28809      37.8272
   28810      37.8893
   28811      37.4908
   28812      37.9761
   28813      37.9320
   28814      38.0574
   28815      38.2840
   28816      38.1597
   28817      37.8106
   28818      37.8844
   28819      37.8388
   28820      37.7407
   28821      37.6932
   28822      37.7796
   28823      37.5551
   28824      38.1300
   28825      38.0430
   28826      37.9138
   28827      37.8312
   28828      37.5578
   28829      37.5859
   28830      37.5421
   28831      37.7097
   28832      37.8579
   28833      38.1938
   28834      37.7215
   28835      37.8172
   28836      38.0097
   28837      38.1738
   28838      38.3818
   28839      38.0538
   28840      38.1906
   28841      38.5453
   28842      38.1707
   28843      37.8302
   28844      38.0240
   28845      38.0010
   28846      38.2286
   28847      37.6437
   28848      37.9031
   28849      37.9851
   28850      37.8852
   28851      38.1576
   28852      37.8265
   28853      37.9499
   28854      38.3078
   28855      37.9605
   28856      38.0103
   28857      37.7903
   28858      37.7610
   28859      37.5267
   28860      37.6113
   28861      37.8507
   28862      37.6568
   28863      38.0019
   28864      37.4071
   28865      37.9158
   28866      37.9263
   28867      37.6012
   28868      37.6568
   28869      37.7303
   28870      37.8613
   28871      37.8268
   28872      37.4035
   28873      37.6562
   28874      37.4759
   28875      37.4946
   28876      37.8769
   28877      37.7211
   28878      37.9345
   28879      38.1970
   28880      37.8166
   28881      38.0882
   28882      38.1850
   28883      37.7905
   28884      37.8853
   28885      37.9858
   28886      38.2323
   28887      37.8525
   28888      37.9307
   28889      37.7727
   28890      37.8849
   28891      37.8842
   28892      38.1701
   28893      38.5558
   28894      37.7548
   28895      37.6626
   28896      37.8149
   28897      37.5001
   28898      37.7928
   28899      37.7308
   28900      37.6758
   28901      37.8038
   28902      37.7751
   28903      38.1162
   28904      38.2476
   28905      38.3926
   28906      38.2425
   28907      38.1085
   28908      38.4751
   28909      38.0176
   28910      38.0888
   28911      37.5689
   28912      38.2594
   28913      38.1123
   28914      37.9324
   28915      37.8744
   28916      37.4519
   28917      38.0591
   28918      38.0462
   28919      37.5187
   28920      37.9704
   28921      37.8224
   28922      37.6987
   28923      37.9252
   28924      37.5536
   28925      37.5675
   28926      37.2491
   28927      37.5992
   28928      37.6799
   28929      37.7183
   28930      37.7453
   28931      37.8069
   28932      37.7954
   28933      37.8039
   28934      37.5447
   28935      37.5629
   28936      37.8290
   28937      38.2237
   28938      38.2197
   28939      38.2029
   28940      37.8690
   28941      37.7263
   28942      37.8691
   28943      38.2091
   28944      38.1926
   28945      38.4163
   28946      37.8467
   28947      38.1605
   28948      38.2175
   28949      37.6718
   28950      37.5904
   28951      38.2875
   28952      37.6151
   28953      37.8063
   28954      37.7832
   28955      37.6651
   28956      37.4547
   28957      37.3044
   28958      37.7097
   28959      37.6160
   28960      37.4853
   28961      37.6403
   28962      37.8393
   28963      37.9487
   28964      37.7254
   28965      38.0585
   28966      37.7575
   28967      37.8499
   28968      37.6154
   28969      37.8681
   28970      37.4124
   28971      37.8270
   28972      37.4693
   28973      37.7745
   28974      37.9565
   28975      37.6789
   28976      37.4441
   28977      37.9846
   28978      37.8436
   28979      37.8417
   28980      37.6311
   28981      38.0544
   28982      37.9742
   28983      37.5027
   28984      38.1817
   28985      38.0292
   28986      38.0539
   28987      37.7175
   28988      37.6386
   28989      37.8116
   28990      37.8583
   28991      37.8988
   28992      38.4546
   28993      37.5725
   28994      38.0824
   28995      37.6481
   28996      37.8898
   28997      37.2649
   28998      37.7274
   28999      37.7486
   29000      37.8757
   29001      38.0526
   29002      37.4256
   29003      37.4877
   29004      37.6111
   29005      37.6536
   29006      37.4161
   29007      37.5368
   29008      37.9095
   29009      37.4279
   29010      37.7719
   29011      37.7165
   29012      37.5006
   29013      37.3547
   29014      37.6896
   29015      37.3214
   29016      37.7152
   29017      37.3698
   29018      37.3057
   29019      37.4400
   29020      37.3853
   29021      37.4429
   29022      38.0988
   29023      37.8182
   29024      37.7747
   29025      37.9521
   29026      38.0407
   29027      37.7159
   29028      37.3245
   29029      37.1635
   29030      37.7129
   29031      37.4323
   29032      37.5974
   29033      37.4783
   29034      37.5940
   29035      37.5274
   29036      37.6565
   29037      38.1577
   29038      38.1009
   29039      38.1643
   29040      37.8963
   29041      37.7559
   29042      37.6573
   29043      37.9436
   29044      37.7194
   29045      37.7221
   29046      37.7664
   29047      37.9312
   29048      37.5249
   29049      37.7163
   29050      38.1288
   29051      38.0528
   29052      38.1035
   29053      37.8838
   29054      38.0994
   29055      37.4012
   29056      37.5127
   29057      37.7109
   29058      37.5703
   29059      37.6663
   29060      37.5378
   29061      37.5556
   29062      37.5154
   29063      37.9140
   29064      37.9583
   29065      37.8467
   29066      37.7127
   29067      37.4922
   29068      37.6820
   29069      37.2157
   29070      37.6463
   29071      38.0928
   29072      38.0626
   29073      38.1334
   29074      37.6024
   29075      38.0059
   29076      37.7466
   29077      38.1526
   29078      37.8058
   29079      37.8315
   29080      37.3717
   29081      37.9520
   29082      37.8057
   29083      37.8726
   29084      37.5984
   29085      37.5073
   29086      37.8635
   29087      37.6361
   29088      37.7377
   29089      38.0432
   29090      37.5507
   29091      37.6461
   29092      37.8815
   29093      37.3775
   29094      37.6992
   29095      37.5612
   29096      37.8914
   29097      37.5546
   29098      37.4548
   29099      37.5815
   29100      37.5915
   29101      37.6802
   29102      37.6610
   29103      37.9857
   29104      38.1648
   29105      37.9190
   29106      37.3189
   29107      37.7720
   29108      37.8800
   29109      38.1149
   29110      38.0190
   29111      37.6924
   29112      37.5797
   29113      37.6236
   29114      37.5588
   29115      37.3094
   29116      37.8274
   29117      37.7118
   29118      37.7257
   29119      37.5509
   29120      37.9166
   29121      37.9797
   29122      38.0910
   29123      37.7547
   29124      37.5350
   29125      37.5773
   29126      37.2994
   29127      37.5905
   29128      37.5633
   29129      37.4559
   29130      37.6469
   29131      37.6736
   29132      37.5236
   29133      37.8962
   29134      37.3369
   29135      37.6266
   29136      37.2451
   29137      37.3755
   29138      37.6315
   29139      37.6304
   29140      38.0547
   29141      37.5301
   29142      37.6977
   29143      37.3730
   29144      37.1837
   29145      37.6969
   29146      38.1355
   29147      37.6652
   29148      37.8484
   29149      37.6276
   29150      37.7605
   29151      38.0765
   29152      37.9716
   29153      38.1176
   29154      37.7183
   29155      38.4714
   29156      38.4451
   29157      38.0567
   29158      38.3512
   29159      38.4508
   29160      37.6940
   29161      37.5718
   29162      37.9126
   29163      37.9546
   29164      38.0139
   29165      37.8521
   29166      38.0147
   29167      38.2138
   29168      38.0410
   29169      38.3253
   29170      37.9989
   29171      38.1480
   29172      37.8714
   29173      37.9244
   29174      37.9079
   29175      38.3776
   29176      37.8700
   29177      37.9420
   29178      38.4407
   29179      38.2911
   29180      38.1013
   29181      38.3559
   29182      37.6729
   29183      38.2088
   29184      37.8884
   29185      37.8353
   29186      37.9194
   29187      38.2930
   29188      38.0104
   29189      37.7564
   29190      38.6428
   29191      38.4491
   29192      38.2363
   29193      37.9720
   29194      38.1215
   29195      37.7903
   29196      38.3899
   29197      37.9885
   29198      38.1590
   29199      37.5797
   29200      38.0453
   29201      38.1511
   29202      38.4437
   29203      38.2124
   29204      37.9418
   29205      37.8883
   29206      38.0433
   29207      38.5924
   29208      38.2914
   29209      38.1377
   29210      38.3259
   29211      38.2942
   29212      38.5543
   29213      37.9738
   29214      37.9606
   29215      38.1772
   29216      38.5569
   29217      37.9929
   29218      38.0064
   29219      38.4248
   29220      37.9754
   29221      38.1918
   29222      38.7218
   29223      38.1835
   29224      37.8238
   29225      37.9234
   29226      38.0825
   29227      37.9250
   29228      37.9448
   29229      37.9506
   29230      37.6194
   29231      37.5649
   29232      37.8704
   29233      37.4351
   29234      37.6481
   29235      37.8308
   29236      37.7885
   29237      38.1813
   29238      38.3598
   29239      38.5478
   29240      38.0437
   29241      38.6217
   29242      38.3723
   29243      38.0965
   29244      38.0009
   29245      38.4195
   29246      38.5175
   29247      38.1235
   29248      38.3171
   29249      38.2274
   29250      38.2574
   29251      38.0218
   29252      38.0110
   29253      38.3928
   29254      38.9998
   29255      37.9992
   29256      38.1331
   29257      38.3813
   29258      37.9457
   29259      38.3389
   29260      38.3529
   29261      38.4078
   29262      37.9795
   29263      38.0226
   29264      38.8442
   29265      38.4743
   29266      38.4969
   29267      38.1348
   29268      38.6810
   29269      38.6308
   29270      38.3256
   29271      38.3899
   29272      38.3151
   29273      38.5403
   29274      38.5583
   29275      38.3906
   29276      38.9323
   29277      39.0964
   29278      38.4273
   29279      38.5685
   29280      38.6176
   29281      38.3712
   29282      38.3540
   29283      38.1018
   29284      38.2472
   29285      38.3833
   29286      38.3631
   29287      37.9927
   29288      38.1517
   29289      38.1017
   29290      38.4306
   29291      38.4110
   29292      38.1399
   29293      37.8797
   29294      38.6541
   29295      38.4860
   29296      37.9720
   29297      38.4682
   29298      38.2597
   29299      38.1740
   29300      38.0158
   29301      38.0980
   29302      37.7951
   29303      38.0893
   29304      38.2602
   29305      38.2689
   29306      38.5450
   29307      38.0509
   29308      37.9648
   29309      38.1265
   29310      38.5080
   29311      38.2456
   29312      38.1385
   29313      38.1220
   29314      38.2047
   29315      38.1847
   29316      38.1079
   29317      38.4774
   29318      38.4370
   29319      38.1284
   29320      38.2452
   29321      37.9474
   29322      38.0965
   29323      38.3474
   29324      38.4266
   29325      38.1816
   29326      38.6025
   29327      38.4616
   29328      38.0787
   29329      38.0133
   29330      37.6840
   29331      37.8755
   29332      38.2625
   29333      37.9827
   29334      38.2928
   29335      38.4129
   29336      38.1617
   29337      38.1756
   29338      39.0322
   29339      37.9229
   29340      38.1041
   29341      38.4396
   29342      38.6085
   29343      38.4963
   29344      38.5364
   29345      38.0119
   29346      38.6419
   29347      38.5280
   29348      38.1799
   29349      37.8949
   29350      38.0415
   29351      37.7403
   29352      38.1362
   29353      37.9782
   29354      38.2286
   29355      38.3562
   29356      38.0763
   29357      37.3447
   29358      37.9434
   29359      38.1397
   29360      38.1922
   29361      38.0989
   29362      38.3581
   29363      38.2454
   29364      38.4090
   29365      38.2492
   29366      38.0395
   29367      38.3928
   29368      38.6521
   29369      38.7861
   29370      38.6841
   29371      38.6632
   29372      38.0489
   29373      38.2493
   29374      38.0699
   29375      38.0155
   29376      38.2523
   29377      38.0134
   29378      38.3243
   29379      38.7418
   29380      37.9477
   29381      38.2802
   29382      38.3573
   29383      38.3567
   29384      38.1165
   29385      38.0880
   29386      37.7251
   29387      38.2893
   29388      38.0521
   29389      38.0915
   29390      38.2938
   29391      37.7902
   29392      37.5985
   29393      37.5698
   29394      37.7326
   29395      38.0802
   29396      38.1853
   29397      38.5536
   29398      38.7684
   29399      38.1550
   29400      38.4152
   29401      38.6208
   29402      37.6683
   29403      37.1262
   29404      38.0195
   29405      38.0022
   29406      38.0916
   29407      37.8833
   29408      38.3349
   29409      37.5775
   29410      37.7607
   29411      37.7932
   29412      37.8866
   29413      37.6530
   29414      37.1956
   29415      37.8038
   29416      37.3840
   29417      37.6942
   29418      37.7491
   29419      37.6727
   29420      37.5397
   29421      37.7918
   29422      37.7025
   29423      37.8026
   29424      37.9338
   29425      37.7031
   29426      37.9954
   29427      38.3680
   29428      38.1209
   29429      37.9802
   29430      38.3167
   29431      37.9307
   29432      37.8296
   29433      38.2757
   29434      38.1770
   29435      37.5017
   29436      37.6837
   29437      37.8189
   29438      37.8972
   29439      38.0585
   29440      38.7017
   29441      37.6379
   29442      37.9237
   29443      37.5805
   29444      37.4203
   29445      37.8325
   29446      37.8947
   29447      37.8987
   29448      38.6291
   29449      37.9892
   29450      38.1735
   29451      38.1853
   29452      38.4285
   29453      38.2158
   29454      37.9479
   29455      38.2166
   29456      38.4561
   29457      38.4657
   29458      38.3380
   29459      37.8965
   29460      38.2625
   29461      37.8223
   29462      38.2403
   29463      37.9845
   29464      38.2245
   29465      38.3738
   29466      38.0810
   29467      38.0035
   29468      37.9000
   29469      38.3291
   29470      38.0903
   29471      37.8120
   29472      38.5131
   29473      38.0137
   29474      38.1186
   29475      38.3194
   29476      38.5262
   29477      38.2552
   29478      38.5759
   29479      38.2718
   29480      38.5238
   29481      38.3334
   29482      38.6952
   29483      38.2223
   29484      38.2693
   29485      38.1719
   29486      38.2149
   29487      38.4390
   29488      37.9972
   29489      38.5917
   29490      38.2383
   29491      38.1282
   29492      37.8552
   29493      38.0424
   29494      38.0098
   29495      37.8182
   29496      38.1555
   29497      38.1416
   29498      38.1498
   29499      38.1456
   29500      37.9823
   29501      38.3820
   29502      37.9152
   29503      38.3040
   29504      38.0307
   29505      37.8194
   29506      37.8437
   29507      38.0568
   29508      37.7859
   29509      37.7405
   29510      38.0154
   29511      38.0233
   29512      38.0695
   29513      37.8576
   29514      37.9836
   29515      37.5821
   29516      37.9694
   29517      38.0586
   29518      38.2838
   29519      38.4105
   29520      38.7098
   29521      38.7068
   29522      38.2755
   29523      37.9292
   29524      38.6570
   29525      38.2274
   29526      38.1753
   29527      38.7228
   29528      37.8726
   29529      38.1059
   29530      38.1440
   29531      37.1494
   29532      37.4986
   29533      38.1181
   29534      37.7328
   29535      37.9938
   29536      37.7328
   29537      38.2853
   29538      38.0066
   29539      38.3296
   29540      37.8449
   29541      38.3008
   29542      38.0392
   29543      38.2208
   29544      38.6642
   29545      38.0655
   29546      38.0120
   29547      38.0440
   29548      38.0592
   29549      38.5310
   29550      37.8347
   29551      38.1647
   29552      38.3611
   29553      37.6002
   29554      37.8176
   29555      37.9541
   29556      37.9157
   29557      37.4064
   29558      37.8553
   29559      38.0199
   29560      37.8231
   29561      37.9723
   29562      37.7006
   29563      37.6787
   29564      38.0030
   29565      38.2423
   29566      38.1068
   29567      38.4849
   29568      38.1562
   29569      37.7591
   29570      37.8197
   29571      37.9542
   29572      37.5230
   29573      38.0257
   29574      37.5507
   29575      37.6819
   29576      37.6411
   29577      37.2107
   29578      37.8339
   29579      37.4846
   29580      37.3788
   29581      37.8766
   29582      37.5040
   29583      37.6020
   29584      37.5054
   29585      38.1777
   29586      38.0811
   29587      38.1370
   29588      37.9477
   29589      38.1611
   29590      38.1645
   29591      38.0621
   29592      38.3456
   29593      38.2605
   29594      38.2931
   29595      38.4141
   29596      38.2240
   29597      38.6966
   29598      38.6251
   29599      38.2626
   29600      38.7084
   29601      38.3533
   29602      38.2861
   29603      38.5322
   29604      38.2246
   29605      38.3783
   29606      38.4876
   29607      38.4139
   29608      38.0322
   29609      38.0012
   29610      38.1221
   29611      38.0344
   29612      37.9658
   29613      38.0604
   29614      37.9850
   29615      37.9998
   29616      38.2197
   29617      38.0227
   29618      38.6133
   29619      37.9932
   29620      38.2148
   29621      37.8369
   29622      37.9986
   29623      38.1722
   29624      38.3131
   29625      38.2155
   29626      38.3962
   29627      38.0423
   29628      37.9777
   29629      38.4617
   29630      38.1970
   29631      38.5205
   29632      37.9156
   29633      38.2133
   29634      38.7954
   29635      38.3207
   29636      38.3351
   29637      38.1996
   29638      38.1119
   29639      38.4454
   29640      38.4767
   29641      38.3872
   29642      38.1742
   29643      38.3065
   29644      38.0679
   29645      38.2916
   29646      38.1657
   29647      38.3243
   29648      38.2747
   29649      38.1493
   29650      38.1976
   29651      38.5857
   29652      38.3056
   29653      38.5324
   29654      38.5347
   29655      38.1833
   29656      38.5823
   29657      38.5719
   29658      38.0993
   29659      38.3690
   29660      38.0693
   29661      38.1039
   29662      38.4636
   29663      38.2387
   29664      38.3608
   29665      38.0427
   29666      37.8632
   29667      38.0741
   29668      39.0881
   29669      38.5735
   29670      38.2867
   29671      38.6252
   29672      38.8766
   29673      38.4347
   29674      38.3040
   29675      38.8212
   29676      38.4699
   29677      38.8160
   29678      39.2930
   29679      38.3203
   29680      38.3601
   29681      38.8898
   29682      38.1851
   29683      37.8322
   29684      38.1948
   29685      38.3920
   29686      38.2026
   29687      38.2087
   29688      38.1704
   29689      38.6772
   29690      38.5365
   29691      38.5489
   29692      38.5874
   29693      38.5970
   29694      38.3582
   29695      38.3885
   29696      38.4256
   29697      38.3100
   29698      38.2210
   29699      38.1614
   29700      38.1665
   29701      38.6154
   29702      38.7111
   29703      38.2524
   29704      37.9730
   29705      38.1376
   29706      38.1814
   29707      38.3524
   29708      38.3861
   29709      38.1154
   29710      38.3617
   29711      38.1534
   29712      38.0685
   29713      38.1429
   29714      38.3502
   29715      38.1708
   29716      38.0677
   29717      38.5293
   29718      38.3053
   29719      38.0234
   29720      38.3799
   29721      38.4257
   29722      38.2783
   29723      38.3426
   29724      38.4223
   29725      38.1874
   29726      38.2410
   29727      38.0880
   29728      37.9027
   29729      38.3065
   29730      38.5334
   29731      38.3242
   29732      38.8050
   29733      37.8127
   29734      37.9076
   29735      38.0042
   29736      38.2706
   29737      38.2458
   29738      38.6459
   29739      38.0902
   29740      38.3082
   29741      38.4539
   29742      38.3814
   29743      38.3919
   29744      38.5229
   29745      38.3911
   29746      38.1205
   29747      38.1131
   29748      38.2710
   29749      38.6965
   29750      38.0493
   29751      38.1229
   29752      38.7112
   29753      38.3496
   29754      38.6110
   29755      38.5676
   29756      38.7321
   29757      38.5070
   29758      38.5186
   29759      38.3897
   29760      38.7872
   29761      38.6217
   29762      38.7075
   29763      38.5510
   29764      38.5099
   29765      38.0146
   29766      37.9524
   29767      38.1950
   29768      38.6818
   29769      38.2360
   29770      38.6209
   29771      38.4584
   29772      38.2480
   29773      38.2065
   29774      38.2406
   29775      38.2273
   29776      37.9777
   29777      38.4616
   29778      38.5159
   29779      38.0568
   29780      38.9031
   29781      38.3664
   29782      38.5746
   29783      38.5613
   29784      38.4943
   29785      38.9977
   29786      38.6865
   29787      38.3078
   29788      38.3538
   29789      38.2605
   29790      38.3653
   29791      38.7546
   29792      38.2668
   29793      38.8346
   29794      38.7042
   29795      38.7374
   29796      38.6348
   29797      38.9290
   29798      38.5032
   29799      38.6059
   29800      38.6556
   29801      38.4777
   29802      38.2680
   29803      38.2848
   29804      38.7434
   29805      38.9803
   29806      38.7688
   29807      38.4315
   29808      38.6508
   29809      38.7028
   29810      38.5113
   29811      38.7588
   29812      38.9268
   29813      38.6942
   29814      38.7407
   29815      38.3827
   29816      38.4007
   29817      38.3800
   29818      38.6543
   29819      38.5335
   29820      38.7277
   29821      38.5208
   29822      38.1447
   29823      38.4895
   29824      38.1461
   29825      38.6411
   29826      38.0458
   29827      37.9402
   29828      38.2405
   29829      38.2696
   29830      38.3387
   29831      38.8219
   29832      38.7887
   29833      38.5928
   29834      38.3811
   29835      38.4014
   29836      38.4070
   29837      38.3363
   29838      38.4231
   29839      38.4689
   29840      37.8402
   29841      38.0460
   29842      38.5426
   29843      38.8032
   29844      38.9566
   29845      38.6541
   29846      38.7975
   29847      38.8068
   29848      38.5862
   29849      38.2756
   29850      38.7954
   29851      38.5290
   29852      38.5910
   29853      38.0513
   29854      38.0571
   29855      38.3038
   29856      38.5740
   29857      38.5395
   29858      39.0143
   29859      38.7130
   29860      38.3281
   29861      38.8445
   29862      38.2908
   29863      38.1843
   29864      38.8391
   29865      38.7981
   29866      38.5517
   29867      38.6598
   29868      38.6221
   29869      38.5337
   29870      38.7420
   29871      38.8872
   29872      38.4752
   29873      38.5860
   29874      38.9769
   29875      38.6606
   29876      38.8692
   29877      38.5155
   29878      38.7102
   29879      38.7368
   29880      38.9839
   29881      38.5310
   29882      38.5565
   29883      38.4387
   29884      38.5543
   29885      38.6558
   29886      38.3702
   29887      38.8196
   29888      38.4926
   29889      38.2859
   29890      38.1230
   29891      38.3706
   29892      38.7941
   29893      38.7258
   29894      38.6345
   29895      38.2161
   29896      38.6964
   29897      38.7295
   29898      39.0001
   29899      38.4452
   29900      38.3092
   29901      37.9751
   29902      38.5124
   29903      38.3125
   29904      38.4462
   29905      38.2145
   29906      38.3676
   29907      38.0381
   29908      38.2386
   29909      38.1702
   29910      38.0147
   29911      38.3002
   29912      38.3861
   29913      37.8558
   29914      37.8377
   29915      37.9366
   29916      38.4139
   29917      38.3457
   29918      38.0129
   29919      38.0223
   29920      38.0097
   29921      38.3881
   29922      38.3293
   29923      38.1267
   29924      37.7303
   29925      37.9575
   29926      38.1296
   29927      38.0745
   29928      38.2220
   29929      38.3739
   29930      38.5065
   29931      38.3849
   29932      38.0823
   29933      38.5960
   29934      38.0362
   29935      38.0568
   29936      38.0571
   29937      38.0286
   29938      38.4143
   29939      38.5099
   29940      38.0063
   29941      38.0534
   29942      37.8412
   29943      38.0540
   29944      37.6375
   29945      38.2448
   29946      38.4383
   29947      38.3259
   29948      38.2382
   29949      37.8567
   29950      37.7811
   29951      38.0707
   29952      37.6882
   29953      37.9740
   29954      38.0093
   29955      38.0617
   29956      37.5302
   29957      38.2710
   29958      38.2833
   29959      38.1623
   29960      37.7940
   29961      38.1412
   29962      38.3063
   29963      38.1469
   29964      38.5097
   29965      37.7588
   29966      38.0554
   29967      37.8522
   29968      37.8993
   29969      38.0270
   29970      38.0684
   29971      38.1065
   29972      38.2475
   29973      38.6910
   29974      38.4149
   29975      38.0278
   29976      37.7042
   29977      37.3113
   29978      37.4450
   29979      38.2796
   29980      37.8464
   29981      38.0465
   29982      37.6379
   29983      38.2682
   29984      37.5392
   29985      37.8741
   29986      37.4779
   29987      37.9506
   29988      38.2083
   29989      37.5974
   29990      37.8809
   29991      38.0220
   29992      38.4402
   29993      38.7866
   29994      38.8978
   29995      37.8888
   29996      37.9989
   29997      38.1440
   29998      38.0376
   29999      37.9952
   30000      38.8933
