#Frame            g2c
       1      38.9872
       2      39.2315
       3      38.9836
       4      39.0818
       5      39.2305
       6      38.6622
       7      38.8346
       8      39.4576
       9      38.7864
      10      38.9021
      11      39.2756
      12      38.7425
      13      39.4098
      14      38.7098
      15      38.9412
      16      38.8740
      17      39.1749
      18      38.9056
      19      39.5548
      20      39.2304
      21      39.0131
      22      39.1829
      23      39.2084
      24      38.6983
      25      38.8270
      26      38.6076
      27      38.9434
      28      39.9127
      29      39.4992
      30      39.1555
      31      38.8468
      32      38.9267
      33      39.0136
      34      38.5971
      35      38.7460
      36      38.8304
      37      38.4664
      38      39.2747
      39      39.2838
      40      39.2199
      41      39.1055
      42      38.2712
      43      38.8287
      44      39.2107
      45      39.3791
      46      38.9661
      47      39.0593
      48      39.2859
      49      39.4418
      50      39.1704
      51      39.3022
      52      38.6259
      53      39.0194
      54      39.2765
      55      39.2039
      56      39.1817
      57      38.9700
      58      39.1304
      59      39.1696
      60      39.8280
      61      39.3795
      62      38.6794
      63      39.5753
      64      39.4904
      65      39.6607
      66      39.3026
      67      39.3646
      68      39.3680
      69      39.3896
      70      39.2326
      71      39.7909
      72      39.6169
      73      40.0223
      74      39.7254
      75      40.6540
      76      40.5003
      77      40.5177
      78      40.7527
      79      40.8141
      80      40.6579
      81      41.0391
      82      41.1762
      83      41.4515
      84      41.3702
      85      40.8211
      86      40.8775
      87      41.0103
      88      41.1021
      89      41.1762
      90      41.3910
      91      41.4525
      92      41.8397
      93      40.8703
      94      41.4622
      95      41.3942
      96      41.1382
      97      41.2302
      98      41.6915
      99      40.9315
     100      40.9090
     101      41.2924
     102      41.3960
     103      41.1165
     104      41.4816
     105      40.7542
     106      41.2182
     107      41.4917
     108      41.5130
     109      41.5322
     110      40.8557
     111      41.0349
     112      41.2619
     113      41.6821
     114      41.3702
     115      40.8008
     116      41.3017
     117      41.2214
     118      40.4390
     119      40.6910
     120      40.4677
     121      41.2106
     122      41.0834
     123      40.7011
     124      41.0108
     125      41.1849
     126      40.9623
     127      40.5443
     128      40.8321
     129      41.3054
     130      40.8523
     131      40.3177
     132      40.6595
     133      40.5371
     134      40.1402
     135      40.3394
     136      40.4075
     137      40.6592
     138      40.7022
     139      40.5256
     140      40.3788
     141      40.3403
     142      40.5151
     143      40.7164
     144      40.4973
     145      40.7835
     146      40.0780
     147      39.6484
     148      40.2900
     149      40.2509
     150      39.9836
     151      40.1238
     152      40.1685
     153      40.1385
     154      40.4324
     155      40.0559
     156      40.3036
     157      40.3669
     158      40.1206
     159      40.0428
     160      39.6109
     161      40.1302
     162      39.9306
     163      40.4632
     164      40.4182
     165      40.0928
     166      40.5219
     167      40.6452
     168      40.2690
     169      39.7852
     170      39.6684
     171      39.7389
     172      39.6980
     173      40.3703
     174      40.2707
     175      40.2088
     176      40.1112
     177      39.9320
     178      40.4451
     179      40.0395
     180      40.3465
     181      40.7281
     182      40.7089
     183      40.5522
     184      40.1737
     185      40.5216
     186      40.2716
     187      40.1199
     188      40.0514
     189      40.0779
     190      40.1408
     191      40.0463
     192      40.4300
     193      40.6332
     194      40.3594
     195      40.4077
     196      40.6592
     197      40.2559
     198      40.8889
     199      40.1618
     200      40.8010
     201      41.2791
     202      40.1753
     203      40.1180
     204      40.5739
     205      40.2381
     206      40.2193
     207      40.2702
     208      40.2271
     209      40.1728
     210      40.2822
     211      39.9671
     212      40.2577
     213      40.8131
     214      40.3664
     215      41.0271
     216      40.6445
     217      40.6348
     218      40.5965
     219      40.4102
     220      40.5254
     221      40.4473
     222      40.3859
     223      41.2570
     224      40.4293
     225      40.4555
     226      40.8119
     227      40.3513
     228      41.0056
     229      40.6623
     230      40.5930
     231      40.5271
     232      40.1605
     233      40.5943
     234      40.1641
     235      39.4652
     236      39.9219
     237      39.7347
     238      40.2753
     239      40.5768
     240      40.5958
     241      40.7838
     242      40.6603
     243      40.1648
     244      40.1233
     245      40.1766
     246      40.5423
     247      40.8189
     248      40.5404
     249      40.5061
     250      40.2361
     251      39.9983
     252      40.4647
     253      40.1530
     254      40.4974
     255      40.0114
     256      40.1698
     257      40.4163
     258      40.1427
     259      40.3751
     260      40.1077
     261      40.6895
     262      40.5772
     263      40.5998
     264      40.9133
     265      40.5381
     266      41.0037
     267      40.5680
     268      40.3327
     269      40.7700
     270      40.4802
     271      40.4110
     272      40.3624
     273      40.3370
     274      40.5197
     275      40.5696
     276      40.6674
     277      41.0806
     278      40.9093
     279      40.7349
     280      40.6329
     281      40.5892
     282      40.3433
     283      40.9252
     284      41.0028
     285      41.3710
     286      40.9304
     287      41.2880
     288      40.8816
     289      40.8986
     290      40.6420
     291      40.8499
     292      40.7187
     293      41.0555
     294      41.1389
     295      40.9103
     296      41.0392
     297      40.3890
     298      40.3561
     299      40.6981
     300      40.0396
     301      40.4344
     302      40.4337
     303      40.7391
     304      40.9374
     305      41.1733
     306      40.7850
     307      40.8044
     308      41.1067
     309      40.5480
     310      41.0535
     311      40.5450
     312      41.3496
     313      40.7273
     314      40.7053
     315      40.4286
     316      40.4475
     317      40.4153
     318      40.8961
     319      40.8032
     320      40.4923
     321      40.8683
     322      40.8537
     323      40.6040
     324      40.9329
     325      40.1875
     326      40.9957
     327      40.5934
     328      41.0653
     329      40.4727
     330      41.0128
     331      40.9772
     332      41.1617
     333      41.4099
     334      40.9238
     335      40.8674
     336      40.9732
     337      41.3850
     338      41.0269
     339      41.2043
     340      40.9721
     341      40.9884
     342      40.7452
     343      40.7960
     344      41.7420
     345      41.2537
     346      41.0060
     347      40.6467
     348      40.1970
     349      40.4031
     350      40.3445
     351      40.5759
     352      40.6789
     353      40.4843
     354      40.3677
     355      40.4657
     356      40.2780
     357      40.6791
     358      40.6308
     359      41.0741
     360      40.7870
     361      40.7788
     362      40.8651
     363      40.7980
     364      40.0707
     365      40.0611
     366      40.4531
     367      40.5603
     368      40.6252
     369      41.0835
     370      40.5673
     371      40.7054
     372      40.5100
     373      40.3853
     374      40.2789
     375      40.3178
     376      40.5335
     377      40.8101
     378      40.2199
     379      40.4573
     380      39.8563
     381      40.3187
     382      40.2406
     383      39.9954
     384      40.5446
     385      39.9862
     386      40.1111
     387      40.0815
     388      39.9098
     389      40.0334
     390      39.8676
     391      39.3791
     392      39.4516
     393      40.5667
     394      40.0108
     395      39.8262
     396      40.2065
     397      39.9701
     398      40.0682
     399      40.5064
     400      39.9632
     401      40.1054
     402      40.2898
     403      39.9300
     404      40.6491
     405      40.7818
     406      40.8195
     407      40.0036
     408      40.3979
     409      40.4688
     410      39.8985
     411      40.1742
     412      39.2797
     413      39.5814
     414      40.0446
     415      39.5418
     416      39.4401
     417      39.6271
     418      40.0893
     419      40.2004
     420      39.9401
     421      40.2587
     422      40.3119
     423      39.8381
     424      39.9351
     425      39.6824
     426      39.6202
     427      39.5995
     428      40.2745
     429      40.1712
     430      40.3814
     431      40.7493
     432      40.2248
     433      39.8378
     434      40.3979
     435      40.1711
     436      39.7194
     437      39.6424
     438      40.4181
     439      40.5897
     440      40.5246
     441      39.7893
     442      40.4234
     443      40.7969
     444      40.9352
     445      40.3674
     446      40.5677
     447      40.3039
     448      40.2866
     449      40.4659
     450      40.4549
     451      40.6297
     452      40.7653
     453      40.8849
     454      41.2561
     455      41.0347
     456      40.8306
     457      40.9891
     458      41.2214
     459      40.9341
     460      40.6871
     461      41.0395
     462      40.8380
     463      41.0340
     464      41.0256
     465      41.0267
     466      40.8183
     467      40.8774
     468      40.8628
     469      40.3367
     470      40.6537
     471      39.9134
     472      40.5734
     473      40.6543
     474      40.3765
     475      40.5513
     476      40.5643
     477      40.4931
     478      40.8502
     479      40.4395
     480      40.3106
     481      40.4201
     482      40.4440
     483      40.9167
     484      41.0815
     485      41.0542
     486      40.9671
     487      40.9504
     488      40.8448
     489      40.0832
     490      40.5016
     491      40.7877
     492      40.7376
     493      40.4638
     494      40.7014
     495      40.9104
     496      40.5774
     497      40.3476
     498      40.4971
     499      40.6706
     500      40.3880
     501      41.0412
     502      40.6139
     503      41.2271
     504      40.8425
     505      40.6597
     506      40.3742
     507      41.0758
     508      40.7360
     509      40.5078
     510      40.2372
     511      40.3043
     512      40.7291
     513      41.0880
     514      40.4350
     515      41.2224
     516      41.2377
     517      40.5539
     518      41.2055
     519      40.6782
     520      40.9244
     521      40.8713
     522      40.9007
     523      40.8868
     524      40.5920
     525      40.3100
     526      39.8337
     527      40.1136
     528      40.2893
     529      40.8098
     530      40.8314
     531      40.4829
     532      41.2257
     533      40.8045
     534      40.9495
     535      40.6570
     536      40.5557
     537      40.6620
     538      40.9240
     539      40.8124
     540      41.2799
     541      40.8099
     542      40.7729
     543      40.8658
     544      41.4792
     545      41.1409
     546      40.8915
     547      40.9884
     548      40.6680
     549      40.8521
     550      40.6869
     551      40.1544
     552      40.8545
     553      40.9959
     554      40.5448
     555      40.4077
     556      40.5473
     557      40.2516
     558      40.6805
     559      40.8536
     560      40.9963
     561      40.6071
     562      40.9869
     563      40.5154
     564      40.2479
     565      41.1229
     566      41.0072
     567      40.9102
     568      40.5142
     569      40.7472
     570      40.7864
     571      41.1087
     572      40.6710
     573      41.0499
     574      40.5683
     575      40.3071
     576      40.9229
     577      40.5477
     578      40.4187
     579      40.4751
     580      40.5455
     581      40.2451
     582      40.6048
     583      40.5013
     584      40.4213
     585      40.0834
     586      40.2586
     587      40.9604
     588      40.4313
     589      40.5863
     590      40.2688
     591      40.4155
     592      39.8253
     593      40.2436
     594      40.0310
     595      40.0295
     596      40.3462
     597      40.2258
     598      40.8001
     599      40.8804
     600      40.9158
     601      40.6469
     602      40.6675
     603      40.8236
     604      40.7759
     605      40.3726
     606      40.3859
     607      39.7098
     608      40.3282
     609      40.0244
     610      40.5754
     611      40.3540
     612      40.2294
     613      40.0230
     614      40.0697
     615      40.1746
     616      40.0546
     617      40.0423
     618      40.0253
     619      40.3397
     620      40.4605
     621      39.7632
     622      39.6184
     623      40.0375
     624      40.0748
     625      39.8844
     626      39.6342
     627      39.9505
     628      40.0282
     629      40.5503
     630      40.5677
     631      40.5408
     632      40.0850
     633      39.8654
     634      40.5165
     635      39.9651
     636      39.9060
     637      40.2853
     638      39.9889
     639      40.5149
     640      40.1838
     641      39.8257
     642      39.3923
     643      40.4886
     644      39.8780
     645      40.5714
     646      40.8873
     647      40.4083
     648      39.9165
     649      40.2224
     650      40.2391
     651      40.1436
     652      40.3008
     653      39.7866
     654      40.2505
     655      40.3193
     656      40.6257
     657      41.0231
     658      40.1009
     659      40.3646
     660      40.6554
     661      40.7854
     662      41.1633
     663      41.1766
     664      40.7615
     665      41.5252
     666      40.3349
     667      40.5345
     668      40.3820
     669      40.6148
     670      40.4926
     671      41.4002
     672      41.5796
     673      41.0208
     674      41.3452
     675      41.0443
     676      40.8655
     677      40.7604
     678      40.6289
     679      40.7185
     680      40.9462
     681      41.1349
     682      40.8596
     683      41.3152
     684      41.0062
     685      40.3504
     686      39.6474
     687      40.0743
     688      40.2414
     689      40.0751
     690      40.3393
     691      41.0662
     692      40.6874
     693      41.1054
     694      41.1324
     695      40.5863
     696      40.4421
     697      40.9835
     698      40.6978
     699      40.4346
     700      40.4591
     701      40.5670
     702      40.2576
     703      40.2280
     704      40.8358
     705      40.6697
     706      40.2854
     707      40.4682
     708      40.2809
     709      40.5542
     710      40.4802
     711      39.6491
     712      40.0389
     713      40.4111
     714      40.9354
     715      40.0917
     716      40.8273
     717      40.2890
     718      40.1084
     719      39.9376
     720      40.2239
     721      39.9658
     722      40.1485
     723      39.9966
     724      40.5197
     725      40.5506
     726      40.7098
     727      40.8312
     728      40.6177
     729      40.6237
     730      40.8543
     731      40.2433
     732      40.9641
     733      40.0082
     734      40.5363
     735      40.7875
     736      40.8731
     737      40.0233
     738      39.9177
     739      39.9474
     740      39.8377
     741      40.2116
     742      40.1550
     743      39.9477
     744      40.1113
     745      39.9577
     746      40.5000
     747      39.8764
     748      40.1123
     749      39.7670
     750      40.6263
     751      40.3878
     752      40.6527
     753      40.3996
     754      40.3339
     755      40.6831
     756      40.8546
     757      40.1901
     758      40.4821
     759      40.3547
     760      40.8965
     761      40.1631
     762      39.9889
     763      40.5222
     764      39.9467
     765      39.4976
     766      40.5318
     767      40.8643
     768      40.6173
     769      40.6182
     770      39.9164
     771      39.7673
     772      40.1722
     773      40.6067
     774      40.3541
     775      40.3793
     776      40.2400
     777      39.7887
     778      40.3280
     779      40.3655
     780      40.2100
     781      40.4116
     782      40.4345
     783      40.7234
     784      40.5007
     785      40.0868
     786      40.4437
     787      40.9509
     788      40.4252
     789      40.3903
     790      39.8570
     791      40.2393
     792      39.7480
     793      40.2441
     794      40.0876
     795      40.5019
     796      40.4017
     797      40.1033
     798      39.9393
     799      39.6115
     800      40.4038
     801      40.0075
     802      40.1005
     803      40.2925
     804      40.2725
     805      39.8847
     806      39.8797
     807      40.4382
     808      40.4120
     809      40.0985
     810      40.3473
     811      40.5127
     812      40.7292
     813      40.3195
     814      40.3614
     815      39.9428
     816      40.6086
     817      40.2516
     818      40.0901
     819      40.3553
     820      40.5665
     821      39.5597
     822      40.0711
     823      40.3677
     824      40.6091
     825      40.1675
     826      40.2666
     827      40.4855
     828      39.7641
     829      40.0300
     830      39.9726
     831      39.6703
     832      40.2071
     833      40.2309
     834      40.5720
     835      40.5389
     836      39.8805
     837      40.3024
     838      40.5611
     839      40.3974
     840      40.0486
     841      39.4658
     842      39.9517
     843      39.7681
     844      40.3510
     845      39.9627
     846      40.4567
     847      39.8638
     848      40.4032
     849      40.1458
     850      40.4456
     851      39.6031
     852      40.1803
     853      39.7003
     854      40.3725
     855      40.3008
     856      40.5666
     857      40.2674
     858      40.8444
     859      40.4788
     860      40.5021
     861      40.4606
     862      40.1966
     863      40.0856
     864      40.0993
     865      40.1498
     866      40.2887
     867      40.2921
     868      40.2879
     869      40.2865
     870      40.3573
     871      40.3310
     872      39.7232
     873      40.4302
     874      40.3102
     875      40.6343
     876      40.0527
     877      40.7877
     878      40.5823
     879      40.8455
     880      40.5981
     881      40.2474
     882      40.1873
     883      39.8909
     884      40.4040
     885      40.2334
     886      40.5413
     887      40.2924
     888      40.3912
     889      40.6599
     890      40.7767
     891      40.5323
     892      40.5666
     893      40.7415
     894      40.9445
     895      40.2126
     896      40.4165
     897      40.6692
     898      40.4266
     899      40.6223
     900      40.4121
     901      40.4362
     902      40.8524
     903      40.5146
     904      40.6012
     905      40.6788
     906      39.6951
     907      40.3863
     908      40.3299
     909      40.8684
     910      40.9717
     911      40.9601
     912      40.4046
     913      40.9485
     914      41.2659
     915      41.4646
     916      40.7582
     917      40.5581
     918      40.8231
     919      40.7648
     920      40.6409
     921      40.9544
     922      40.5411
     923      40.5343
     924      40.2910
     925      41.2180
     926      41.2372
     927      40.9799
     928      41.2474
     929      41.3452
     930      41.3019
     931      40.8629
     932      40.8200
     933      41.0182
     934      40.8098
     935      40.6381
     936      41.4766
     937      40.7410
     938      41.5674
     939      41.3179
     940      40.6862
     941      40.6785
     942      40.5342
     943      40.3920
     944      40.5022
     945      40.5168
     946      40.1370
     947      40.5770
     948      40.2976
     949      41.0154
     950      41.0558
     951      41.1118
     952      40.7209
     953      40.1637
     954      40.5125
     955      40.5083
     956      40.6063
     957      41.0899
     958      40.4294
     959      40.2923
     960      40.5208
     961      40.2057
     962      40.0590
     963      40.3527
     964      40.3906
     965      40.5395
     966      40.9582
     967      40.4054
     968      39.9225
     969      40.3313
     970      40.0886
     971      40.3424
     972      40.2551
     973      40.4243
     974      40.4318
     975      40.3488
     976      40.6120
     977      40.2440
     978      40.2335
     979      40.8206
     980      40.6848
     981      40.7110
     982      40.6249
     983      40.6632
     984      40.5733
     985      40.8801
     986      40.5051
     987      40.4840
     988      40.7592
     989      40.8845
     990      40.4206
     991      41.0673
     992      40.8720
     993      40.3229
     994      40.4133
     995      41.2937
     996      40.9937
     997      40.2531
     998      39.8890
     999      40.1986
    1000      39.7338
    1001      40.1065
    1002      40.5264
    1003      40.5036
    1004      40.5257
    1005      40.2445
    1006      40.1526
    1007      40.3580
    1008      40.2615
    1009      40.3266
    1010      40.5260
    1011      40.6010
    1012      40.4874
    1013      40.3591
    1014      40.5842
    1015      40.7560
    1016      40.5359
    1017      41.1109
    1018      40.7840
    1019      40.5744
    1020      40.9043
    1021      40.7452
    1022      40.6602
    1023      40.8245
    1024      40.4759
    1025      40.5896
    1026      40.7272
    1027      40.7344
    1028      40.4665
    1029      40.3887
    1030      40.2186
    1031      39.7578
    1032      40.2986
    1033      40.0083
    1034      40.8766
    1035      41.0589
    1036      40.6149
    1037      40.2157
    1038      40.6245
    1039      40.2697
    1040      40.1446
    1041      40.0262
    1042      40.4382
    1043      39.8187
    1044      40.3698
    1045      40.0780
    1046      40.3835
    1047      40.4474
    1048      39.8315
    1049      39.6497
    1050      39.9509
    1051      39.8021
    1052      39.6777
    1053      40.1909
    1054      39.7367
    1055      40.1008
    1056      40.5179
    1057      40.1178
    1058      39.5816
    1059      39.9187
    1060      40.0387
    1061      39.7217
    1062      39.7020
    1063      39.7159
    1064      40.2254
    1065      39.7496
    1066      40.1015
    1067      40.3285
    1068      40.1870
    1069      40.2962
    1070      40.2730
    1071      40.7547
    1072      40.2415
    1073      40.7114
    1074      40.4431
    1075      40.6329
    1076      40.7337
    1077      40.5176
    1078      40.2344
    1079      40.0548
    1080      40.5082
    1081      40.8675
    1082      40.3700
    1083      40.6460
    1084      40.3356
    1085      40.5813
    1086      41.1209
    1087      40.6593
    1088      40.5193
    1089      40.2780
    1090      40.4855
    1091      40.7481
    1092      40.9671
    1093      40.9897
    1094      41.1072
    1095      41.0095
    1096      40.7892
    1097      41.2151
    1098      40.9398
    1099      40.5082
    1100      40.4178
    1101      40.6850
    1102      40.8493
    1103      40.7555
    1104      41.3046
    1105      41.0115
    1106      41.4865
    1107      40.3441
    1108      40.6914
    1109      40.4680
    1110      39.7007
    1111      40.1120
    1112      40.5463
    1113      40.8188
    1114      40.8669
    1115      40.0041
    1116      40.1338
    1117      40.8716
    1118      40.4463
    1119      40.7034
    1120      40.0708
    1121      40.1791
    1122      40.4632
    1123      40.4695
    1124      40.7940
    1125      40.2417
    1126      40.3643
    1127      40.1093
    1128      40.3016
    1129      40.4882
    1130      39.9644
    1131      40.8749
    1132      40.2701
    1133      40.6895
    1134      41.0876
    1135      40.9704
    1136      40.8664
    1137      40.2971
    1138      41.2655
    1139      41.1617
    1140      40.5645
    1141      40.8419
    1142      41.0416
    1143      41.1781
    1144      40.7389
    1145      40.6186
    1146      40.9279
    1147      40.3682
    1148      40.3492
    1149      39.9492
    1150      40.4566
    1151      40.6099
    1152      40.3780
    1153      40.6159
    1154      40.3243
    1155      39.6050
    1156      40.1753
    1157      40.6266
    1158      40.2072
    1159      40.2992
    1160      39.9982
    1161      40.3422
    1162      39.9775
    1163      40.3706
    1164      40.7001
    1165      40.6400
    1166      40.6121
    1167      40.6418
    1168      40.4134
    1169      40.5512
    1170      40.3708
    1171      40.8941
    1172      41.1114
    1173      40.7433
    1174      40.7341
    1175      40.5882
    1176      40.4474
    1177      40.5037
    1178      40.1706
    1179      40.1369
    1180      40.5217
    1181      40.2890
    1182      39.8586
    1183      39.7062
    1184      39.8840
    1185      40.1451
    1186      39.7372
    1187      39.4548
    1188      39.7279
    1189      40.1691
    1190      39.9654
    1191      40.6771
    1192      40.4464
    1193      40.9935
    1194      40.3939
    1195      40.9547
    1196      40.5767
    1197      40.2951
    1198      40.5672
    1199      40.7105
    1200      40.5148
    1201      41.1027
    1202      40.7491
    1203      40.6028
    1204      40.1866
    1205      40.3915
    1206      40.0811
    1207      40.4526
    1208      40.2970
    1209      40.6160
    1210      40.3948
    1211      40.6177
    1212      40.3347
    1213      40.1454
    1214      39.9029
    1215      40.4320
    1216      40.8322
    1217      40.2560
    1218      40.5190
    1219      40.4102
    1220      40.7788
    1221      40.4035
    1222      40.7718
    1223      40.9655
    1224      40.2379
    1225      41.1655
    1226      40.9697
    1227      40.8315
    1228      41.1036
    1229      40.9526
    1230      41.1218
    1231      40.8633
    1232      40.6431
    1233      40.6017
    1234      40.4460
    1235      41.0175
    1236      40.3626
    1237      40.2166
    1238      40.8984
    1239      40.1572
    1240      40.9671
    1241      40.3939
    1242      40.7669
    1243      40.9550
    1244      40.6387
    1245      41.4891
    1246      40.4819
    1247      41.0496
    1248      40.6924
    1249      40.5494
    1250      40.3655
    1251      40.3116
    1252      40.6111
    1253      40.1464
    1254      41.3191
    1255      40.6399
    1256      40.4603
    1257      40.8365
    1258      40.3223
    1259      40.4099
    1260      40.5772
    1261      40.7510
    1262      41.1967
    1263      40.7405
    1264      41.5339
    1265      41.3200
    1266      41.3366
    1267      41.0868
    1268      41.9374
    1269      41.4879
    1270      41.5781
    1271      41.5063
    1272      41.6497
    1273      41.1594
    1274      41.4538
    1275      40.8548
    1276      40.3335
    1277      40.2975
    1278      41.4643
    1279      40.9230
    1280      40.9863
    1281      40.7942
    1282      40.8395
    1283      41.3686
    1284      40.5665
    1285      40.5495
    1286      40.8206
    1287      40.8566
    1288      40.2570
    1289      40.4478
    1290      40.3129
    1291      40.1014
    1292      40.0737
    1293      40.2392
    1294      41.6725
    1295      40.8524
    1296      41.4090
    1297      41.0297
    1298      40.5116
    1299      41.0807
    1300      41.3902
    1301      41.4861
    1302      40.8907
    1303      41.1800
    1304      40.7423
    1305      41.0415
    1306      41.2221
    1307      40.9317
    1308      41.0593
    1309      41.0553
    1310      41.7919
    1311      42.2328
    1312      41.9707
    1313      41.7495
    1314      41.2618
    1315      41.7634
    1316      41.4157
    1317      42.0520
    1318      41.6270
    1319      41.6420
    1320      41.7449
    1321      41.3871
    1322      40.9307
    1323      41.5620
    1324      40.9430
    1325      41.1600
    1326      41.4799
    1327      41.8875
    1328      41.3405
    1329      41.4787
    1330      42.2339
    1331      42.1124
    1332      42.1831
    1333      42.1307
    1334      42.1981
    1335      42.3090
    1336      42.3140
    1337      42.0697
    1338      42.4520
    1339      41.7385
    1340      41.6140
    1341      41.6006
    1342      41.7138
    1343      41.9723
    1344      42.0603
    1345      42.0078
    1346      42.3768
    1347      41.4551
    1348      41.5936
    1349      41.7122
    1350      41.4717
    1351      41.3968
    1352      41.5781
    1353      41.3119
    1354      41.8726
    1355      41.7941
    1356      41.6824
    1357      41.9778
    1358      41.3985
    1359      41.1921
    1360      41.6807
    1361      41.5343
    1362      41.5816
    1363      41.1560
    1364      41.6090
    1365      41.6130
    1366      41.3388
    1367      41.8241
    1368      41.6239
    1369      41.6163
    1370      41.5152
    1371      41.7713
    1372      41.5128
    1373      41.4543
    1374      42.1983
    1375      42.0516
    1376      42.2678
    1377      41.4173
    1378      41.3133
    1379      41.3178
    1380      41.4059
    1381      41.9221
    1382      41.4409
    1383      41.6578
    1384      41.9247
    1385      42.0153
    1386      41.2979
    1387      41.5238
    1388      40.8084
    1389      41.4103
    1390      39.8878
    1391      40.0243
    1392      40.2858
    1393      40.2440
    1394      40.3442
    1395      41.0001
    1396      40.4794
    1397      40.6757
    1398      40.9984
    1399      41.3405
    1400      41.3242
    1401      41.4256
    1402      40.8305
    1403      41.7167
    1404      40.7565
    1405      41.0729
    1406      41.0466
    1407      40.6666
    1408      41.1294
    1409      41.8544
    1410      41.0629
    1411      41.9059
    1412      42.1067
    1413      41.2813
    1414      41.4005
    1415      41.2596
    1416      41.2614
    1417      41.3919
    1418      41.5246
    1419      41.4932
    1420      41.2011
    1421      41.7792
    1422      40.8694
    1423      41.1845
    1424      41.2033
    1425      41.7072
    1426      41.9044
    1427      41.8672
    1428      42.1302
    1429      41.6667
    1430      41.5729
    1431      41.7609
    1432      42.0100
    1433      41.6213
    1434      41.7832
    1435      41.4862
    1436      40.8611
    1437      41.0858
    1438      41.1955
    1439      41.1399
    1440      40.8833
    1441      40.6863
    1442      41.1677
    1443      40.9666
    1444      40.9469
    1445      41.0651
    1446      41.0248
    1447      40.7124
    1448      41.2799
    1449      40.8843
    1450      41.0291
    1451      41.0758
    1452      41.0450
    1453      41.1478
    1454      41.2427
    1455      41.1190
    1456      41.6855
    1457      41.1436
    1458      41.4919
    1459      41.4893
    1460      41.4641
    1461      41.8211
    1462      41.5746
    1463      41.6884
    1464      41.7714
    1465      41.6612
    1466      42.2638
    1467      41.7387
    1468      41.8985
    1469      42.0982
    1470      41.3173
    1471      41.7102
    1472      41.6798
    1473      41.4602
    1474      41.2740
    1475      41.7199
    1476      41.9620
    1477      42.5801
    1478      41.9835
    1479      42.1155
    1480      41.5797
    1481      42.0295
    1482      42.2512
    1483      42.0459
    1484      41.5888
    1485      41.6949
    1486      42.2548
    1487      41.5020
    1488      41.6584
    1489      41.9644
    1490      41.8176
    1491      41.7156
    1492      41.8916
    1493      41.3774
    1494      41.9684
    1495      42.0522
    1496      41.9268
    1497      41.7585
    1498      42.3899
    1499      42.1504
    1500      41.2937
    1501      42.2682
    1502      42.0085
    1503      42.2373
    1504      41.6343
    1505      41.9612
    1506      41.5432
    1507      41.9208
    1508      41.9294
    1509      41.6917
    1510      41.5200
    1511      41.6085
    1512      41.5379
    1513      41.7799
    1514      41.6704
    1515      41.7536
    1516      42.0663
    1517      42.0818
    1518      41.8889
    1519      41.5974
    1520      41.6780
    1521      41.6672
    1522      42.0048
    1523      41.6995
    1524      41.5831
    1525      42.0094
    1526      42.3363
    1527      41.8585
    1528      41.2546
    1529      41.5356
    1530      41.7458
    1531      41.5301
    1532      41.1857
    1533      42.0524
    1534      41.7308
    1535      41.2998
    1536      41.5561
    1537      41.6543
    1538      42.0810
    1539      42.4311
    1540      42.3358
    1541      42.6426
    1542      42.9703
    1543      42.2253
    1544      41.8285
    1545      41.9724
    1546      41.8030
    1547      41.6620
    1548      42.4255
    1549      41.7242
    1550      41.4371
    1551      41.6325
    1552      41.6946
    1553      41.9815
    1554      42.2384
    1555      41.6714
    1556      41.5962
    1557      41.7929
    1558      41.6906
    1559      42.3295
    1560      42.6311
    1561      42.4598
    1562      42.1452
    1563      41.8344
    1564      42.0410
    1565      41.7233
    1566      41.9177
    1567      41.7413
    1568      41.5561
    1569      41.7829
    1570      41.9300
    1571      41.6143
    1572      41.5172
    1573      41.2610
    1574      41.3908
    1575      40.9187
    1576      41.0323
    1577      40.6635
    1578      41.3902
    1579      41.1312
    1580      40.9457
    1581      40.6126
    1582      40.8202
    1583      40.8861
    1584      40.5966
    1585      40.9520
    1586      41.1891
    1587      40.8571
    1588      40.9177
    1589      41.2203
    1590      40.6543
    1591      40.7076
    1592      41.0152
    1593      39.9079
    1594      39.9179
    1595      40.0137
    1596      40.3836
    1597      40.2940
    1598      40.5196
    1599      40.6326
    1600      41.0485
    1601      40.7702
    1602      40.9043
    1603      40.7612
    1604      40.8262
    1605      41.3873
    1606      41.3023
    1607      40.8507
    1608      40.9208
    1609      40.9054
    1610      41.0766
    1611      40.6183
    1612      40.9605
    1613      41.2020
    1614      40.6783
    1615      41.1678
    1616      40.9847
    1617      41.0169
    1618      40.9789
    1619      40.7107
    1620      40.6145
    1621      40.7654
    1622      40.8176
    1623      41.4693
    1624      40.7556
    1625      40.7453
    1626      40.7337
    1627      40.9713
    1628      40.9959
    1629      40.9842
    1630      40.9962
    1631      40.9478
    1632      41.3468
    1633      41.8860
    1634      42.2521
    1635      42.0534
    1636      41.9116
    1637      41.6169
    1638      41.5420
    1639      41.1737
    1640      41.6623
    1641      41.3139
    1642      41.3235
    1643      41.3990
    1644      41.2570
    1645      41.6273
    1646      41.3980
    1647      40.9480
    1648      41.0931
    1649      41.4863
    1650      41.3215
    1651      41.6825
    1652      41.6884
    1653      40.6763
    1654      40.7761
    1655      40.9362
    1656      41.2710
    1657      40.7344
    1658      40.9644
    1659      40.8776
    1660      41.4680
    1661      41.1367
    1662      41.5666
    1663      41.0285
    1664      40.9743
    1665      40.7867
    1666      40.2202
    1667      40.7576
    1668      40.1497
    1669      40.4422
    1670      40.3930
    1671      40.8855
    1672      41.2631
    1673      40.7309
    1674      40.4687
    1675      40.8688
    1676      40.7223
    1677      40.8463
    1678      40.9134
    1679      40.7633
    1680      40.8409
    1681      40.5339
    1682      40.8005
    1683      40.7197
    1684      40.7779
    1685      41.0491
    1686      41.0146
    1687      40.4623
    1688      40.7978
    1689      40.8153
    1690      41.4173
    1691      40.5855
    1692      40.4167
    1693      40.4412
    1694      40.4201
    1695      40.6821
    1696      40.3994
    1697      40.5814
    1698      41.0225
    1699      40.6925
    1700      40.5775
    1701      40.6453
    1702      40.3466
    1703      40.7125
    1704      40.7407
    1705      39.9235
    1706      40.5522
    1707      39.9337
    1708      40.2487
    1709      40.0981
    1710      40.8211
    1711      40.4712
    1712      41.0310
    1713      41.0015
    1714      40.9568
    1715      40.8270
    1716      40.4607
    1717      40.6153
    1718      40.7094
    1719      40.7592
    1720      40.8999
    1721      40.6703
    1722      40.9640
    1723      41.2688
    1724      41.0072
    1725      41.2205
    1726      40.6321
    1727      40.2863
    1728      40.9447
    1729      41.2231
    1730      40.9318
    1731      40.9724
    1732      41.1469
    1733      40.4807
    1734      40.8875
    1735      40.6729
    1736      40.4328
    1737      40.0321
    1738      40.6776
    1739      40.7649
    1740      40.6822
    1741      40.7324
    1742      40.6633
    1743      40.8702
    1744      41.4532
    1745      40.9673
    1746      41.4774
    1747      41.4905
    1748      41.0499
    1749      40.3016
    1750      41.0503
    1751      41.3747
    1752      41.3589
    1753      41.2310
    1754      41.1885
    1755      41.2013
    1756      41.1096
    1757      41.1716
    1758      41.3751
    1759      41.3101
    1760      41.1545
    1761      40.6541
    1762      40.9139
    1763      40.9595
    1764      40.5262
    1765      40.3203
    1766      40.7956
    1767      40.8885
    1768      40.8270
    1769      41.3223
    1770      40.8875
    1771      40.4595
    1772      40.8466
    1773      40.8679
    1774      40.5833
    1775      41.0502
    1776      40.1146
    1777      40.1763
    1778      40.3972
    1779      40.3779
    1780      40.5953
    1781      40.8060
    1782      40.9897
    1783      41.1972
    1784      40.5365
    1785      40.2627
    1786      40.9195
    1787      40.9422
    1788      41.2561
    1789      40.7485
    1790      41.1206
    1791      41.5516
    1792      41.3355
    1793      41.1430
    1794      41.2830
    1795      41.3787
    1796      41.4031
    1797      41.1869
    1798      40.9784
    1799      40.9555
    1800      41.0126
    1801      41.3690
    1802      41.4570
    1803      41.1595
    1804      41.5375
    1805      41.5214
    1806      41.3124
    1807      41.6764
    1808      41.0131
    1809      41.0079
    1810      41.2620
    1811      40.1445
    1812      40.8638
    1813      41.1877
    1814      40.9818
    1815      41.5889
    1816      40.9957
    1817      40.7416
    1818      40.6336
    1819      40.5135
    1820      40.6917
    1821      40.5216
    1822      41.5205
    1823      40.7722
    1824      40.6756
    1825      41.2309
    1826      40.9683
    1827      40.7197
    1828      39.7286
    1829      40.7892
    1830      40.9161
    1831      40.7566
    1832      41.0546
    1833      40.9338
    1834      41.1410
    1835      41.0844
    1836      40.4917
    1837      40.8993
    1838      41.4832
    1839      40.5861
    1840      40.8543
    1841      40.2157
    1842      40.5943
    1843      40.5574
    1844      40.6414
    1845      40.7778
    1846      40.5667
    1847      40.2749
    1848      40.4485
    1849      40.8319
    1850      41.1499
    1851      41.0183
    1852      41.4323
    1853      41.5199
    1854      41.6514
    1855      40.9031
    1856      41.2966
    1857      41.4464
    1858      41.3875
    1859      41.4620
    1860      40.9477
    1861      41.3941
    1862      41.8892
    1863      41.3033
    1864      41.6602
    1865      40.9748
    1866      41.6417
    1867      41.0240
    1868      41.6609
    1869      41.0913
    1870      41.2994
    1871      41.2853
    1872      41.5283
    1873      41.1184
    1874      40.8226
    1875      41.0115
    1876      40.9084
    1877      40.8662
    1878      41.0152
    1879      41.4049
    1880      41.3767
    1881      41.3622
    1882      40.5076
    1883      40.8061
    1884      40.7799
    1885      41.9199
    1886      41.6662
    1887      41.5859
    1888      41.5253
    1889      41.3173
    1890      41.6407
    1891      41.4314
    1892      41.2347
    1893      41.2404
    1894      41.7417
    1895      40.9234
    1896      41.5718
    1897      41.2679
    1898      41.2896
    1899      41.6226
    1900      40.7826
    1901      40.8608
    1902      40.9255
    1903      40.3888
    1904      41.3848
    1905      40.5205
    1906      40.4678
    1907      40.7111
    1908      41.1552
    1909      40.8315
    1910      40.8106
    1911      40.3725
    1912      40.5674
    1913      40.3845
    1914      40.3814
    1915      40.2820
    1916      40.0938
    1917      40.3172
    1918      40.5347
    1919      40.7654
    1920      40.1491
    1921      40.3208
    1922      40.9669
    1923      40.7823
    1924      40.1873
    1925      40.9247
    1926      41.0949
    1927      40.0780
    1928      39.9598
    1929      40.2182
    1930      39.7684
    1931      40.0671
    1932      40.4673
    1933      40.5345
    1934      40.8716
    1935      40.7906
    1936      40.7472
    1937      40.6588
    1938      40.1912
    1939      40.7982
    1940      40.1982
    1941      40.4669
    1942      40.2603
    1943      40.6828
    1944      40.3316
    1945      40.1542
    1946      40.1995
    1947      40.1082
    1948      40.0718
    1949      40.0128
    1950      40.2217
    1951      39.9588
    1952      40.1984
    1953      41.1064
    1954      40.1180
    1955      40.6040
    1956      41.4227
    1957      41.0616
    1958      41.4143
    1959      40.9699
    1960      40.8302
    1961      40.8678
    1962      41.1367
    1963      41.0420
    1964      40.6571
    1965      40.7082
    1966      40.3759
    1967      40.8309
    1968      40.7554
    1969      41.0181
    1970      40.3975
    1971      40.6586
    1972      40.8356
    1973      40.6401
    1974      41.2052
    1975      40.6473
    1976      40.9172
    1977      40.8430
    1978      40.8575
    1979      40.4524
    1980      40.1107
    1981      40.3207
    1982      40.8635
    1983      40.5190
    1984      40.6226
    1985      40.3522
    1986      40.5829
    1987      40.1564
    1988      40.4211
    1989      40.5806
    1990      40.3733
    1991      40.3082
    1992      39.6838
    1993      39.6605
    1994      39.9172
    1995      39.8611
    1996      40.0575
    1997      40.5405
    1998      40.4078
    1999      40.3356
    2000      40.5496
    2001      40.8880
    2002      40.3776
    2003      40.3603
    2004      40.2031
    2005      40.7223
    2006      40.4664
    2007      41.3326
    2008      41.4351
    2009      41.1871
    2010      41.2019
    2011      41.6549
    2012      41.2766
    2013      40.8869
    2014      40.7998
    2015      40.9974
    2016      40.6562
    2017      41.4904
    2018      40.9547
    2019      41.0273
    2020      41.4591
    2021      41.2153
    2022      41.1644
    2023      41.3287
    2024      41.1714
    2025      41.4650
    2026      41.1156
    2027      40.9821
    2028      41.0351
    2029      40.7286
    2030      41.0661
    2031      41.0138
    2032      40.9525
    2033      41.9410
    2034      41.9939
    2035      41.8729
    2036      41.8133
    2037      41.9426
    2038      42.0703
    2039      42.4638
    2040      42.1624
    2041      42.5239
    2042      42.4346
    2043      42.2638
    2044      41.8251
    2045      41.7791
    2046      42.5645
    2047      42.3529
    2048      42.3200
    2049      42.7519
    2050      42.3981
    2051      42.0799
    2052      42.0099
    2053      41.8703
    2054      42.0532
    2055      41.5035
    2056      41.5468
    2057      41.8870
    2058      41.4051
    2059      40.9539
    2060      40.9810
    2061      41.1320
    2062      40.9218
    2063      40.5030
    2064      40.9447
    2065      41.0138
    2066      41.0440
    2067      40.8166
    2068      40.9445
    2069      40.4578
    2070      40.8241
    2071      40.9861
    2072      41.0728
    2073      41.1488
    2074      40.1128
    2075      40.7596
    2076      40.4073
    2077      40.6545
    2078      41.0538
    2079      41.0417
    2080      40.7105
    2081      41.0808
    2082      40.9736
    2083      40.8357
    2084      41.1594
    2085      41.3764
    2086      41.6045
    2087      42.5178
    2088      41.4774
    2089      41.8008
    2090      42.2088
    2091      41.1941
    2092      41.3089
    2093      41.9498
    2094      42.0360
    2095      42.0041
    2096      41.9065
    2097      41.6782
    2098      41.5224
    2099      41.0662
    2100      41.2155
    2101      41.4638
    2102      41.2406
    2103      41.7277
    2104      42.0280
    2105      42.1295
    2106      41.8488
    2107      41.6651
    2108      41.4068
    2109      41.6630
    2110      41.5133
    2111      41.9060
    2112      42.0609
    2113      41.3533
    2114      41.6111
    2115      41.9664
    2116      41.7787
    2117      41.9952
    2118      41.9359
    2119      42.4739
    2120      42.4598
    2121      42.0800
    2122      41.7514
    2123      42.0228
    2124      41.9096
    2125      42.2162
    2126      42.7539
    2127      41.9568
    2128      42.4301
    2129      41.8099
    2130      42.1851
    2131      41.9874
    2132      41.6632
    2133      41.5448
    2134      41.4896
    2135      41.5941
    2136      41.2405
    2137      41.7749
    2138      41.0133
    2139      41.1760
    2140      41.6367
    2141      41.5526
    2142      41.3878
    2143      41.2190
    2144      41.4306
    2145      40.8055
    2146      41.4238
    2147      41.3795
    2148      42.1975
    2149      41.5093
    2150      41.6295
    2151      41.1532
    2152      41.7705
    2153      41.5404
    2154      41.1321
    2155      41.1438
    2156      41.3175
    2157      41.1058
    2158      40.4088
    2159      40.2621
    2160      41.0522
    2161      41.4080
    2162      40.6503
    2163      40.3598
    2164      39.7297
    2165      39.8793
    2166      40.5211
    2167      40.2677
    2168      40.5594
    2169      40.2034
    2170      39.8083
    2171      39.7223
    2172      39.6776
    2173      39.9381
    2174      40.3439
    2175      39.8600
    2176      40.4491
    2177      40.1362
    2178      39.8939
    2179      39.4613
    2180      39.6542
    2181      40.2596
    2182      40.1692
    2183      40.3554
    2184      40.5166
    2185      40.4536
    2186      40.5413
    2187      40.9390
    2188      41.6898
    2189      40.7372
    2190      40.4219
    2191      40.9467
    2192      40.9968
    2193      40.9908
    2194      41.0818
    2195      40.8672
    2196      41.2399
    2197      40.9182
    2198      40.5981
    2199      41.0293
    2200      40.6173
    2201      40.4622
    2202      40.4812
    2203      40.9477
    2204      40.0850
    2205      40.3784
    2206      40.6485
    2207      41.0468
    2208      41.2518
    2209      41.0034
    2210      41.1839
    2211      40.7840
    2212      40.2036
    2213      40.2462
    2214      40.6930
    2215      40.9185
    2216      40.7753
    2217      40.4237
    2218      41.0166
    2219      40.6891
    2220      41.1170
    2221      40.8837
    2222      40.5360
    2223      40.7225
    2224      40.4478
    2225      40.4474
    2226      40.5873
    2227      40.6389
    2228      40.1893
    2229      40.2859
    2230      40.7310
    2231      41.1656
    2232      40.2888
    2233      40.8071
    2234      41.2172
    2235      40.8130
    2236      40.7870
    2237      40.7170
    2238      40.0056
    2239      40.7145
    2240      40.6830
    2241      40.2830
    2242      40.2822
    2243      40.4118
    2244      40.5149
    2245      40.5724
    2246      41.0916
    2247      41.1488
    2248      40.5878
    2249      40.7339
    2250      40.9019
    2251      40.8835
    2252      40.7240
    2253      41.0861
    2254      41.0333
    2255      40.9123
    2256      41.3747
    2257      41.0391
    2258      41.0811
    2259      41.5355
    2260      41.3196
    2261      41.0005
    2262      40.4298
    2263      41.0267
    2264      40.7165
    2265      40.8721
    2266      40.7921
    2267      40.7230
    2268      40.5956
    2269      40.8827
    2270      40.3732
    2271      41.1159
    2272      40.6332
    2273      40.8109
    2274      40.9333
    2275      41.1045
    2276      40.9887
    2277      40.4093
    2278      40.5416
    2279      41.2481
    2280      40.7219
    2281      41.7398
    2282      41.2288
    2283      41.1786
    2284      41.4931
    2285      41.0087
    2286      41.1303
    2287      41.2122
    2288      40.5958
    2289      40.5810
    2290      40.5050
    2291      40.8501
    2292      40.7016
    2293      41.0348
    2294      40.8015
    2295      40.9390
    2296      40.3765
    2297      40.6507
    2298      40.4914
    2299      40.3214
    2300      40.3514
    2301      40.5165
    2302      41.1371
    2303      40.5765
    2304      40.9745
    2305      41.0694
    2306      41.5033
    2307      41.2190
    2308      41.0716
    2309      40.3396
    2310      40.5428
    2311      40.7881
    2312      40.8774
    2313      40.9805
    2314      41.0599
    2315      40.7026
    2316      40.7750
    2317      40.9498
    2318      41.0798
    2319      40.9151
    2320      40.6764
    2321      40.6771
    2322      40.9711
    2323      41.1864
    2324      41.0130
    2325      41.0954
    2326      41.1816
    2327      40.4704
    2328      40.8082
    2329      41.0607
    2330      40.8769
    2331      41.1508
    2332      41.1243
    2333      40.8754
    2334      40.6796
    2335      40.6281
    2336      41.1285
    2337      41.0263
    2338      40.3202
    2339      40.6575
    2340      40.6991
    2341      39.8841
    2342      40.6131
    2343      40.4574
    2344      40.2187
    2345      40.8113
    2346      40.4744
    2347      41.1311
    2348      41.1028
    2349      40.8749
    2350      41.1763
    2351      40.6764
    2352      40.9249
    2353      40.4553
    2354      40.2690
    2355      40.2394
    2356      40.2996
    2357      40.0354
    2358      40.3837
    2359      40.5746
    2360      40.4670
    2361      40.2956
    2362      40.1021
    2363      40.3438
    2364      40.5685
    2365      41.0407
    2366      40.3194
    2367      40.2926
    2368      40.3130
    2369      40.5520
    2370      40.2267
    2371      40.1459
    2372      40.1622
    2373      40.0013
    2374      40.0052
    2375      39.5817
    2376      40.6831
    2377      39.8670
    2378      39.8797
    2379      40.7177
    2380      39.8797
    2381      40.8831
    2382      40.7849
    2383      40.4686
    2384      40.6639
    2385      39.7689
    2386      39.6260
    2387      40.1087
    2388      40.3254
    2389      40.9398
    2390      40.6175
    2391      40.8582
    2392      40.3906
    2393      41.0339
    2394      40.6007
    2395      40.9356
    2396      40.6592
    2397      40.3100
    2398      40.4987
    2399      40.3100
    2400      40.9830
    2401      40.8385
    2402      41.0377
    2403      40.6197
    2404      40.4235
    2405      40.2054
    2406      40.2573
    2407      40.2415
    2408      40.1933
    2409      40.3725
    2410      40.1779
    2411      40.3576
    2412      40.3004
    2413      40.0164
    2414      40.3184
    2415      39.9252
    2416      39.7627
    2417      40.8610
    2418      41.1838
    2419      40.5406
    2420      40.1871
    2421      40.2125
    2422      39.9820
    2423      40.3159
    2424      40.8451
    2425      41.1445
    2426      40.8164
    2427      41.2983
    2428      40.3218
    2429      40.5278
    2430      40.1902
    2431      41.1067
    2432      40.9998
    2433      40.5123
    2434      40.3549
    2435      40.8274
    2436      40.0586
    2437      40.7734
    2438      40.5601
    2439      41.4610
    2440      40.7371
    2441      40.4822
    2442      40.6897
    2443      40.2995
    2444      40.7201
    2445      40.1508
    2446      40.7356
    2447      40.2068
    2448      40.2932
    2449      40.2039
    2450      39.6826
    2451      39.5147
    2452      39.7086
    2453      40.7991
    2454      39.9661
    2455      40.1026
    2456      39.7253
    2457      40.0312
    2458      39.6000
    2459      40.3213
    2460      40.0174
    2461      40.2869
    2462      40.3491
    2463      40.1973
    2464      40.1687
    2465      40.4841
    2466      40.3617
    2467      40.1195
    2468      40.6717
    2469      40.1215
    2470      40.4460
    2471      40.3637
    2472      40.5531
    2473      40.2569
    2474      40.3747
    2475      40.1207
    2476      40.4064
    2477      40.3878
    2478      40.7524
    2479      40.4384
    2480      40.0143
    2481      40.1172
    2482      40.1551
    2483      40.2750
    2484      40.3920
    2485      40.6809
    2486      40.2794
    2487      40.3987
    2488      40.9705
    2489      40.9353
    2490      40.9833
    2491      40.5691
    2492      40.4443
    2493      41.1911
    2494      40.9597
    2495      40.4999
    2496      40.5023
    2497      40.6792
    2498      40.5788
    2499      40.4083
    2500      40.5934
    2501      40.8201
    2502      41.2779
    2503      41.0030
    2504      41.0311
    2505      40.7216
    2506      40.7944
    2507      40.6629
    2508      40.1189
    2509      40.0328
    2510      39.6032
    2511      40.0545
    2512      40.0009
    2513      39.5196
    2514      39.9644
    2515      40.4511
    2516      40.7156
    2517      40.7566
    2518      40.1173
    2519      40.9386
    2520      39.5359
    2521      39.1925
    2522      39.4434
    2523      38.9917
    2524      39.2342
    2525      39.5074
    2526      39.9054
    2527      39.9189
    2528      39.2950
    2529      40.0733
    2530      39.4649
    2531      39.7074
    2532      39.8932
    2533      39.9581
    2534      40.3251
    2535      40.2701
    2536      39.7546
    2537      40.4914
    2538      40.4249
    2539      40.1802
    2540      40.7274
    2541      41.0642
    2542      40.4612
    2543      40.5735
    2544      40.5268
    2545      40.0985
    2546      40.2875
    2547      39.9749
    2548      40.3674
    2549      40.1698
    2550      40.1155
    2551      39.9169
    2552      40.4858
    2553      40.4423
    2554      40.2921
    2555      39.8821
    2556      40.3371
    2557      40.5023
    2558      40.6834
    2559      40.7011
    2560      40.7570
    2561      40.3191
    2562      40.2564
    2563      40.6798
    2564      40.0773
    2565      40.7141
    2566      40.4903
    2567      40.6679
    2568      40.7183
    2569      40.6175
    2570      40.5527
    2571      40.3627
    2572      40.0261
    2573      39.8815
    2574      40.2340
    2575      40.5245
    2576      40.8114
    2577      40.2477
    2578      40.2180
    2579      40.1839
    2580      39.9214
    2581      39.9811
    2582      40.4804
    2583      40.5459
    2584      40.6646
    2585      40.9015
    2586      40.3863
    2587      40.6978
    2588      40.4420
    2589      40.2582
    2590      40.1844
    2591      40.3665
    2592      40.5545
    2593      40.2684
    2594      40.2145
    2595      40.4215
    2596      39.8443
    2597      40.4515
    2598      39.5395
    2599      40.9957
    2600      40.1713
    2601      40.1871
    2602      39.5675
    2603      40.0536
    2604      40.6866
    2605      40.5291
    2606      41.0111
    2607      40.5537
    2608      40.3448
    2609      41.0117
    2610      40.4506
    2611      40.6712
    2612      40.8691
    2613      40.2092
    2614      39.7566
    2615      40.5316
    2616      40.1637
    2617      40.6206
    2618      40.2392
    2619      40.7042
    2620      40.6872
    2621      40.0118
    2622      40.3003
    2623      40.0796
    2624      39.9395
    2625      40.3654
    2626      40.0396
    2627      40.3925
    2628      40.3756
    2629      40.9469
    2630      40.5050
    2631      40.1668
    2632      40.3641
    2633      40.6704
    2634      40.9438
    2635      40.3270
    2636      40.9787
    2637      40.1924
    2638      40.6659
    2639      40.2003
    2640      40.4615
    2641      40.6895
    2642      40.4673
    2643      40.7593
    2644      40.3240
    2645      40.3368
    2646      40.4921
    2647      40.6218
    2648      40.5890
    2649      40.6870
    2650      40.4221
    2651      40.3664
    2652      40.1845
    2653      40.6895
    2654      40.4410
    2655      40.7158
    2656      40.3394
    2657      40.3648
    2658      40.1248
    2659      40.1921
    2660      40.2385
    2661      40.0712
    2662      40.4656
    2663      40.6470
    2664      40.6076
    2665      40.1003
    2666      40.3627
    2667      40.2575
    2668      40.4113
    2669      40.3357
    2670      40.5138
    2671      40.2640
    2672      40.4406
    2673      39.8559
    2674      40.3279
    2675      40.5396
    2676      40.3289
    2677      40.9590
    2678      40.3256
    2679      40.4836
    2680      40.1291
    2681      40.5097
    2682      40.6390
    2683      40.6570
    2684      40.8178
    2685      40.6764
    2686      40.3261
    2687      40.7639
    2688      40.0992
    2689      39.9525
    2690      40.4623
    2691      40.1479
    2692      40.2485
    2693      39.9964
    2694      40.2690
    2695      40.6515
    2696      39.5889
    2697      39.9771
    2698      40.1238
    2699      39.9473
    2700      40.2558
    2701      40.1443
    2702      40.5014
    2703      40.2917
    2704      40.3305
    2705      40.6032
    2706      40.3858
    2707      40.2316
    2708      40.3522
    2709      40.6133
    2710      40.3807
    2711      40.2097
    2712      40.0043
    2713      40.2738
    2714      40.1440
    2715      40.0965
    2716      40.5371
    2717      40.2199
    2718      40.5880
    2719      40.3772
    2720      40.5348
    2721      40.2371
    2722      40.4279
    2723      40.6278
    2724      40.2542
    2725      40.1211
    2726      40.2257
    2727      40.0672
    2728      40.2610
    2729      40.3159
    2730      39.9560
    2731      40.2363
    2732      39.8900
    2733      40.3803
    2734      39.8227
    2735      39.5362
    2736      39.7838
    2737      40.5329
    2738      40.0437
    2739      40.2184
    2740      40.4444
    2741      39.9731
    2742      40.1174
    2743      40.1210
    2744      40.1240
    2745      39.9003
    2746      40.1379
    2747      40.0804
    2748      39.6075
    2749      39.8958
    2750      39.5962
    2751      39.5295
    2752      39.6961
    2753      40.3658
    2754      40.2363
    2755      39.9688
    2756      40.0473
    2757      39.7412
    2758      40.4030
    2759      40.1655
    2760      40.1650
    2761      39.6130
    2762      39.5640
    2763      40.0551
    2764      39.7373
    2765      39.6588
    2766      39.9917
    2767      40.4098
    2768      39.8039
    2769      39.3891
    2770      39.9914
    2771      39.6332
    2772      39.8169
    2773      39.7714
    2774      39.3917
    2775      40.2247
    2776      39.5000
    2777      39.5526
    2778      39.8945
    2779      40.3521
    2780      39.9580
    2781      39.7489
    2782      39.6194
    2783      39.8413
    2784      40.0976
    2785      40.3024
    2786      39.9211
    2787      39.2958
    2788      40.1013
    2789      39.2630
    2790      39.4645
    2791      39.8695
    2792      39.7477
    2793      39.8008
    2794      39.7554
    2795      39.5162
    2796      39.8449
    2797      39.9677
    2798      40.2513
    2799      39.7233
    2800      39.8113
    2801      40.0833
    2802      40.8450
    2803      40.8297
    2804      40.4706
    2805      40.5778
    2806      40.2071
    2807      40.5386
    2808      40.6075
    2809      40.6121
    2810      40.4404
    2811      39.9359
    2812      40.5875
    2813      40.8114
    2814      40.5883
    2815      40.6984
    2816      40.0444
    2817      40.0903
    2818      40.4717
    2819      40.2158
    2820      40.7706
    2821      40.4882
    2822      40.7717
    2823      41.3608
    2824      40.7260
    2825      40.6508
    2826      40.7414
    2827      40.5571
    2828      40.9024
    2829      40.7514
    2830      39.9657
    2831      40.4363
    2832      40.9254
    2833      40.3345
    2834      40.0611
    2835      40.2080
    2836      40.2206
    2837      40.2279
    2838      40.5833
    2839      40.5579
    2840      40.2753
    2841      40.2317
    2842      40.6704
    2843      40.3939
    2844      40.3613
    2845      40.6809
    2846      40.4450
    2847      40.2373
    2848      41.0319
    2849      40.5549
    2850      40.3913
    2851      40.0309
    2852      40.2971
    2853      40.5145
    2854      40.0989
    2855      40.4519
    2856      39.9897
    2857      40.2780
    2858      40.4774
    2859      40.6468
    2860      40.6740
    2861      40.6385
    2862      40.8606
    2863      40.2625
    2864      40.3578
    2865      40.3023
    2866      40.3806
    2867      40.1900
    2868      40.2761
    2869      40.6858
    2870      40.6898
    2871      40.9307
    2872      40.9167
    2873      40.5316
    2874      40.3159
    2875      40.3414
    2876      40.3655
    2877      40.4282
    2878      40.2114
    2879      40.1318
    2880      40.3583
    2881      40.2347
    2882      40.3444
    2883      40.1695
    2884      40.2793
    2885      40.3115
    2886      40.5046
    2887      40.5135
    2888      39.8683
    2889      40.0195
    2890      40.4046
    2891      40.5216
    2892      40.4919
    2893      40.2474
    2894      39.5904
    2895      39.7871
    2896      40.2726
    2897      40.5459
    2898      40.4603
    2899      40.7968
    2900      39.9431
    2901      40.0480
    2902      40.3136
    2903      40.0012
    2904      39.9952
    2905      40.1606
    2906      40.4979
    2907      40.1334
    2908      40.4252
    2909      40.2533
    2910      40.3670
    2911      40.0496
    2912      40.3093
    2913      40.3145
    2914      40.2073
    2915      39.9880
    2916      39.9320
    2917      40.5466
    2918      41.1666
    2919      40.1386
    2920      39.9495
    2921      40.2230
    2922      40.1188
    2923      40.3620
    2924      40.3304
    2925      40.5672
    2926      40.5610
    2927      40.6329
    2928      40.4319
    2929      40.5356
    2930      40.4814
    2931      40.8714
    2932      40.5824
    2933      40.1992
    2934      40.6456
    2935      40.3973
    2936      40.8164
    2937      39.8818
    2938      40.1322
    2939      40.2356
    2940      40.2730
    2941      40.4416
    2942      40.1531
    2943      40.9467
    2944      40.9629
    2945      40.5440
    2946      40.4865
    2947      40.4539
    2948      40.4848
    2949      40.0266
    2950      40.8535
    2951      39.8554
    2952      40.5061
    2953      40.7329
    2954      40.4093
    2955      40.6636
    2956      40.9617
    2957      40.5498
    2958      40.3518
    2959      40.7565
    2960      40.6974
    2961      40.3035
    2962      39.9251
    2963      40.1796
    2964      40.2284
    2965      39.9890
    2966      40.2172
    2967      40.4063
    2968      40.4403
    2969      39.8216
    2970      40.6891
    2971      40.1580
    2972      39.8244
    2973      39.7392
    2974      40.4670
    2975      39.9878
    2976      39.9701
    2977      39.6743
    2978      40.6217
    2979      40.6765
    2980      40.2360
    2981      40.6446
    2982      40.1416
    2983      40.6880
    2984      40.2314
    2985      40.4907
    2986      39.7843
    2987      40.1066
    2988      40.0021
    2989      39.9525
    2990      40.3220
    2991      40.4743
    2992      40.6354
    2993      40.1375
    2994      40.2012
    2995      40.5370
    2996      40.9090
    2997      40.3006
    2998      40.4684
    2999      40.1821
    3000      40.3537
    3001      40.0312
    3002      40.8711
    3003      40.7195
    3004      40.7977
    3005      40.3029
    3006      40.1481
    3007      39.8285
    3008      40.5330
    3009      40.4642
    3010      40.6660
    3011      41.1808
    3012      40.9322
    3013      41.1422
    3014      41.0279
    3015      40.7551
    3016      41.0042
    3017      40.7204
    3018      41.4609
    3019      40.8044
    3020      41.0964
    3021      40.6071
    3022      40.5362
    3023      40.8280
    3024      40.4145
    3025      40.9321
    3026      40.3534
    3027      40.4297
    3028      40.5838
    3029      40.3591
    3030      39.7559
    3031      39.8460
    3032      39.5571
    3033      39.5614
    3034      40.3557
    3035      39.8829
    3036      40.2683
    3037      40.1163
    3038      40.0410
    3039      40.0958
    3040      39.7041
    3041      39.6378
    3042      39.7041
    3043      40.2618
    3044      39.7344
    3045      40.1270
    3046      40.2271
    3047      40.2412
    3048      40.2309
    3049      40.3373
    3050      40.4433
    3051      40.0818
    3052      40.3291
    3053      40.3946
    3054      40.2773
    3055      40.9051
    3056      40.4461
    3057      40.1355
    3058      40.0682
    3059      40.4325
    3060      40.2658
    3061      40.6397
    3062      41.0676
    3063      40.5758
    3064      40.2622
    3065      40.1889
    3066      40.5483
    3067      40.7623
    3068      40.8086
    3069      40.6727
    3070      40.5753
    3071      41.0169
    3072      40.7381
    3073      40.8418
    3074      40.7832
    3075      40.7698
    3076      41.1549
    3077      40.4800
    3078      40.5344
    3079      40.5454
    3080      40.0853
    3081      40.3513
    3082      40.3648
    3083      40.3561
    3084      40.4041
    3085      40.9395
    3086      40.2886
    3087      39.9359
    3088      40.2413
    3089      40.6088
    3090      40.6980
    3091      40.4192
    3092      40.7981
    3093      40.5479
    3094      40.5373
    3095      40.2043
    3096      40.0487
    3097      39.9036
    3098      39.8512
    3099      40.1808
    3100      40.3057
    3101      40.0100
    3102      39.8422
    3103      40.0333
    3104      40.0098
    3105      40.0841
    3106      40.4325
    3107      40.3330
    3108      40.2240
    3109      40.2543
    3110      40.0386
    3111      39.9781
    3112      40.1679
    3113      40.1242
    3114      40.2269
    3115      40.8453
    3116      40.0784
    3117      40.5410
    3118      40.6612
    3119      40.8191
    3120      40.4267
    3121      40.5973
    3122      40.3643
    3123      40.2687
    3124      40.7324
    3125      40.8161
    3126      40.4096
    3127      40.9810
    3128      40.5965
    3129      40.5413
    3130      40.3924
    3131      40.0708
    3132      40.3988
    3133      39.7758
    3134      41.0525
    3135      40.0203
    3136      40.2188
    3137      40.3601
    3138      40.6678
    3139      40.6082
    3140      40.9078
    3141      40.4480
    3142      40.6439
    3143      41.5132
    3144      40.6823
    3145      40.5273
    3146      40.4469
    3147      40.4939
    3148      40.9883
    3149      40.2926
    3150      40.7041
    3151      40.5760
    3152      40.8676
    3153      40.5261
    3154      40.1467
    3155      40.3643
    3156      40.7544
    3157      40.5247
    3158      40.1647
    3159      40.5276
    3160      40.2442
    3161      40.3886
    3162      40.5127
    3163      40.4653
    3164      40.6648
    3165      40.2246
    3166      40.0129
    3167      39.8587
    3168      40.2986
    3169      40.5558
    3170      40.3014
    3171      40.7413
    3172      40.4244
    3173      39.8231
    3174      39.9472
    3175      39.9367
    3176      40.0457
    3177      39.6799
    3178      39.9942
    3179      39.8461
    3180      40.4405
    3181      40.1356
    3182      39.8833
    3183      40.2129
    3184      40.0279
    3185      40.0110
    3186      40.6044
    3187      40.2934
    3188      40.4489
    3189      40.5998
    3190      40.5472
    3191      41.1088
    3192      40.4105
    3193      40.0863
    3194      40.4319
    3195      40.5949
    3196      40.1802
    3197      40.4109
    3198      40.5235
    3199      40.9381
    3200      40.8872
    3201      41.1050
    3202      41.1580
    3203      41.0297
    3204      40.7224
    3205      41.0326
    3206      40.2622
    3207      40.4200
    3208      40.3386
    3209      40.5459
    3210      40.0351
    3211      40.6942
    3212      40.5520
    3213      40.6961
    3214      40.4331
    3215      40.6681
    3216      39.9849
    3217      39.9843
    3218      39.5976
    3219      40.7342
    3220      40.1901
    3221      40.7133
    3222      40.4425
    3223      40.4779
    3224      40.2595
    3225      40.9170
    3226      40.9632
    3227      40.2479
    3228      40.4084
    3229      40.7079
    3230      40.1894
    3231      40.5305
    3232      40.3847
    3233      40.6131
    3234      40.7198
    3235      40.9211
    3236      40.7510
    3237      40.8920
    3238      40.7046
    3239      40.4813
    3240      40.5028
    3241      40.7469
    3242      40.8563
    3243      40.4236
    3244      40.2237
    3245      40.6995
    3246      40.2384
    3247      40.8037
    3248      40.6387
    3249      40.9901
    3250      40.8540
    3251      40.4784
    3252      40.4704
    3253      40.4367
    3254      40.0903
    3255      40.7464
    3256      40.9014
    3257      40.0936
    3258      40.2476
    3259      40.2773
    3260      40.0716
    3261      40.2410
    3262      40.6412
    3263      40.5304
    3264      40.4393
    3265      40.7059
    3266      40.4836
    3267      40.0687
    3268      40.4012
    3269      40.3700
    3270      40.5082
    3271      40.2015
    3272      40.5766
    3273      40.6067
    3274      40.4357
    3275      40.4033
    3276      40.1591
    3277      40.5493
    3278      39.9835
    3279      39.9437
    3280      40.8253
    3281      40.4068
    3282      40.4915
    3283      40.5245
    3284      40.4615
    3285      40.0920
    3286      40.4439
    3287      40.4609
    3288      40.6980
    3289      40.4733
    3290      40.1592
    3291      40.2921
    3292      40.8185
    3293      40.2284
    3294      40.3393
    3295      40.0866
    3296      40.2583
    3297      39.7385
    3298      40.3888
    3299      39.9414
    3300      40.0575
    3301      40.4135
    3302      40.3336
    3303      40.3970
    3304      40.3894
    3305      41.1533
    3306      40.8404
    3307      40.2859
    3308      39.9556
    3309      40.4237
    3310      40.1328
    3311      40.5602
    3312      40.8832
    3313      40.5665
    3314      40.8180
    3315      40.3524
    3316      40.8044
    3317      40.1664
    3318      40.4127
    3319      40.5644
    3320      40.5632
    3321      40.3927
    3322      40.4420
    3323      40.4638
    3324      40.1463
    3325      40.3098
    3326      40.4152
    3327      40.6590
    3328      40.5226
    3329      40.7886
    3330      40.4860
    3331      40.4272
    3332      40.7492
    3333      40.4802
    3334      40.9335
    3335      40.8602
    3336      40.6024
    3337      40.9858
    3338      40.6909
    3339      40.5175
    3340      40.5010
    3341      40.7645
    3342      40.1726
    3343      40.1205
    3344      40.8891
    3345      40.3564
    3346      40.0069
    3347      40.5494
    3348      40.5770
    3349      40.2063
    3350      40.5302
    3351      40.1990
    3352      40.5091
    3353      40.6659
    3354      40.9756
    3355      40.7133
    3356      40.5893
    3357      40.4295
    3358      40.5125
    3359      40.8319
    3360      40.2640
    3361      40.1292
    3362      40.2930
    3363      40.3126
    3364      40.5885
    3365      40.5584
    3366      40.7405
    3367      40.6282
    3368      40.4848
    3369      39.9786
    3370      40.4266
    3371      40.4308
    3372      40.7833
    3373      40.5854
    3374      40.3812
    3375      40.7275
    3376      40.3577
    3377      40.0841
    3378      40.1482
    3379      40.1679
    3380      40.3732
    3381      40.8781
    3382      40.7328
    3383      41.0423
    3384      41.1314
    3385      40.4926
    3386      39.7950
    3387      39.9689
    3388      40.8455
    3389      39.7261
    3390      40.1064
    3391      40.6518
    3392      40.8293
    3393      40.5044
    3394      40.3804
    3395      40.0076
    3396      40.3439
    3397      39.8761
    3398      39.8163
    3399      40.6459
    3400      40.0896
    3401      40.4547
    3402      40.5007
    3403      40.9992
    3404      40.7417
    3405      40.7763
    3406      40.6824
    3407      40.8887
    3408      41.3829
    3409      40.8054
    3410      41.1321
    3411      40.6821
    3412      40.1530
    3413      40.7651
    3414      40.5441
    3415      41.1189
    3416      40.9815
    3417      40.8109
    3418      41.2919
    3419      41.1698
    3420      41.1246
    3421      40.6925
    3422      41.0770
    3423      41.5725
    3424      41.0153
    3425      41.1884
    3426      40.6094
    3427      40.8187
    3428      41.2119
    3429      41.0812
    3430      40.9075
    3431      40.5038
    3432      40.9323
    3433      40.9304
    3434      41.4737
    3435      41.2764
    3436      41.1535
    3437      41.0031
    3438      40.9040
    3439      40.9371
    3440      40.8412
    3441      40.6661
    3442      40.8007
    3443      40.4489
    3444      40.7402
    3445      40.6288
    3446      40.4226
    3447      40.6145
    3448      40.4176
    3449      40.8732
    3450      40.6782
    3451      40.8502
    3452      41.1260
    3453      40.9605
    3454      40.1094
    3455      40.8065
    3456      40.8923
    3457      41.2329
    3458      41.5261
    3459      41.4387
    3460      41.6093
    3461      41.5265
    3462      41.8049
    3463      41.6514
    3464      41.5428
    3465      41.2616
    3466      41.0328
    3467      41.0540
    3468      40.9059
    3469      40.5564
    3470      41.1952
    3471      40.3956
    3472      41.2055
    3473      40.7082
    3474      40.7811
    3475      41.2225
    3476      41.1366
    3477      40.7163
    3478      40.6377
    3479      40.5440
    3480      40.9543
    3481      40.8442
    3482      40.5608
    3483      40.9649
    3484      40.7407
    3485      40.3480
    3486      40.0095
    3487      40.1792
    3488      40.7975
    3489      40.6591
    3490      39.8570
    3491      40.0592
    3492      40.4171
    3493      39.8908
    3494      39.9892
    3495      39.9710
    3496      39.7264
    3497      40.0798
    3498      40.7025
    3499      40.1242
    3500      40.3997
    3501      40.7291
    3502      40.4107
    3503      40.0790
    3504      40.7890
    3505      40.4201
    3506      40.0898
    3507      40.2568
    3508      40.6249
    3509      40.4089
    3510      40.7402
    3511      40.8557
    3512      40.7336
    3513      40.7910
    3514      40.7098
    3515      40.0556
    3516      40.3743
    3517      40.4759
    3518      40.7268
    3519      40.3188
    3520      39.4611
    3521      39.8986
    3522      40.4046
    3523      40.5819
    3524      40.5408
    3525      40.9678
    3526      41.0594
    3527      40.6966
    3528      40.6043
    3529      40.7131
    3530      41.0014
    3531      41.7826
    3532      41.9934
    3533      41.3109
    3534      41.3537
    3535      41.1719
    3536      41.0395
    3537      40.8334
    3538      40.7096
    3539      40.5492
    3540      40.0135
    3541      39.9375
    3542      39.7718
    3543      39.8802
    3544      40.4078
    3545      40.0545
    3546      39.9265
    3547      39.8253
    3548      40.5255
    3549      40.2642
    3550      40.5475
    3551      40.3440
    3552      39.9710
    3553      40.3649
    3554      39.7952
    3555      40.1747
    3556      40.5727
    3557      40.2568
    3558      40.4740
    3559      40.2490
    3560      40.3594
    3561      40.4113
    3562      40.6535
    3563      40.2423
    3564      40.3988
    3565      40.3938
    3566      40.3953
    3567      40.3220
    3568      40.7056
    3569      40.1689
    3570      40.7000
    3571      40.9462
    3572      40.0773
    3573      40.3107
    3574      40.3419
    3575      40.7063
    3576      40.3538
    3577      40.8669
    3578      40.6206
    3579      40.5946
    3580      40.3357
    3581      40.2454
    3582      40.4100
    3583      40.8369
    3584      40.9915
    3585      41.2826
    3586      41.0866
    3587      41.7249
    3588      41.0794
    3589      40.7351
    3590      41.3864
    3591      41.3439
    3592      41.1925
    3593      40.4565
    3594      40.3035
    3595      40.1594
    3596      40.6107
    3597      40.3345
    3598      40.4483
    3599      40.8069
    3600      40.1726
    3601      39.9629
    3602      40.1270
    3603      40.4100
    3604      39.9810
    3605      40.5980
    3606      40.8862
    3607      40.9786
    3608      40.7341
    3609      40.3650
    3610      40.7864
    3611      40.5925
    3612      40.5834
    3613      40.1395
    3614      40.4166
    3615      40.8094
    3616      40.3857
    3617      40.7806
    3618      40.7911
    3619      40.0120
    3620      40.2759
    3621      40.2408
    3622      39.9369
    3623      40.6537
    3624      40.1626
    3625      40.6581
    3626      40.6838
    3627      41.0677
    3628      41.1006
    3629      41.3394
    3630      41.1019
    3631      40.7892
    3632      40.8265
    3633      40.3042
    3634      40.6764
    3635      40.8992
    3636      40.3441
    3637      40.3796
    3638      40.3808
    3639      40.3437
    3640      40.1739
    3641      40.2996
    3642      39.9648
    3643      40.3019
    3644      40.9370
    3645      41.1835
    3646      40.7927
    3647      40.8846
    3648      41.2964
    3649      40.6293
    3650      40.7926
    3651      41.3265
    3652      41.0854
    3653      41.5097
    3654      41.4001
    3655      41.5560
    3656      41.6499
    3657      41.0976
    3658      40.8842
    3659      40.9628
    3660      41.6253
    3661      41.1794
    3662      40.7416
    3663      40.1724
    3664      40.5677
    3665      40.1304
    3666      40.3545
    3667      40.6445
    3668      40.1388
    3669      40.6116
    3670      40.2337
    3671      40.3375
    3672      40.3145
    3673      40.0244
    3674      40.3661
    3675      41.2017
    3676      41.1792
    3677      41.0400
    3678      40.9425
    3679      41.3183
    3680      41.3453
    3681      41.4672
    3682      40.8141
    3683      41.4988
    3684      40.9531
    3685      40.9823
    3686      41.0382
    3687      41.2855
    3688      41.0031
    3689      40.2149
    3690      40.1354
    3691      40.2646
    3692      40.5592
    3693      40.8811
    3694      40.1600
    3695      40.8619
    3696      40.8607
    3697      40.7659
    3698      40.5122
    3699      40.5188
    3700      40.2860
    3701      40.4853
    3702      41.3021
    3703      41.0914
    3704      40.8776
    3705      40.9773
    3706      41.6598
    3707      40.4860
    3708      40.3140
    3709      41.2552
    3710      41.3425
    3711      41.0533
    3712      40.6453
    3713      40.6776
    3714      41.3570
    3715      40.7789
    3716      39.9896
    3717      40.3250
    3718      40.5228
    3719      40.5063
    3720      40.2507
    3721      40.4432
    3722      40.4678
    3723      40.6980
    3724      40.8100
    3725      40.6634
    3726      40.5488
    3727      40.7319
    3728      40.6789
    3729      40.8789
    3730      40.0092
    3731      40.7084
    3732      40.4079
    3733      40.2355
    3734      40.3897
    3735      40.6148
    3736      40.5041
    3737      40.7537
    3738      40.9514
    3739      40.9922
    3740      40.5029
    3741      40.1433
    3742      40.5483
    3743      40.4074
    3744      40.2628
    3745      40.5609
    3746      40.6852
    3747      40.2487
    3748      40.6217
    3749      40.4705
    3750      39.9593
    3751      40.4841
    3752      40.4665
    3753      40.2126
    3754      40.4887
    3755      40.9073
    3756      40.0814
    3757      40.6032
    3758      40.8376
    3759      40.5862
    3760      40.8905
    3761      40.8357
    3762      40.9204
    3763      40.3663
    3764      40.5591
    3765      40.7981
    3766      40.4587
    3767      40.9208
    3768      40.1596
    3769      40.3748
    3770      40.9154
    3771      40.7603
    3772      41.2386
    3773      40.4832
    3774      40.7195
    3775      40.6870
    3776      40.9230
    3777      41.0161
    3778      40.3279
    3779      40.3115
    3780      40.2073
    3781      40.7734
    3782      40.1766
    3783      40.2670
    3784      40.3964
    3785      40.0442
    3786      40.3575
    3787      40.2383
    3788      40.7746
    3789      40.5396
    3790      40.4026
    3791      39.7787
    3792      40.2129
    3793      40.0017
    3794      39.8797
    3795      40.3042
    3796      40.6007
    3797      40.4971
    3798      40.4174
    3799      41.1656
    3800      40.7833
    3801      40.8221
    3802      40.4765
    3803      40.3511
    3804      40.0895
    3805      41.0016
    3806      40.8860
    3807      40.3111
    3808      40.2304
    3809      40.4839
    3810      40.4589
    3811      40.0676
    3812      40.5627
    3813      40.8378
    3814      40.4989
    3815      40.8748
    3816      40.9401
    3817      40.7713
    3818      40.7721
    3819      40.8085
    3820      40.6369
    3821      40.8990
    3822      40.3177
    3823      40.5674
    3824      40.4311
    3825      40.2882
    3826      40.6668
    3827      40.2563
    3828      39.9192
    3829      39.8630
    3830      40.1608
    3831      40.2907
    3832      40.7319
    3833      40.8357
    3834      40.6145
    3835      40.3852
    3836      40.2264
    3837      40.6560
    3838      40.8131
    3839      40.8347
    3840      41.5074
    3841      41.3468
    3842      41.1744
    3843      41.1360
    3844      40.9907
    3845      40.8501
    3846      40.9890
    3847      40.6473
    3848      41.0179
    3849      40.3393
    3850      40.5247
    3851      40.9227
    3852      41.1166
    3853      40.8519
    3854      40.6252
    3855      40.6412
    3856      40.4851
    3857      40.4958
    3858      40.3607
    3859      40.3323
    3860      40.5135
    3861      40.4376
    3862      40.7016
    3863      40.6123
    3864      40.8383
    3865      40.5188
    3866      40.3470
    3867      40.2441
    3868      40.1114
    3869      40.1267
    3870      39.5958
    3871      40.7400
    3872      40.8289
    3873      40.7758
    3874      40.0818
    3875      40.7226
    3876      40.3954
    3877      40.5625
    3878      40.1424
    3879      40.2019
    3880      40.4862
    3881      40.5253
    3882      40.8165
    3883      40.5405
    3884      40.6002
    3885      40.4441
    3886      40.4942
    3887      40.4809
    3888      39.9681
    3889      40.1031
    3890      40.6436
    3891      40.3342
    3892      40.2910
    3893      40.7150
    3894      40.3982
    3895      40.8319
    3896      40.6687
    3897      40.6305
    3898      40.6040
    3899      41.2082
    3900      40.6176
    3901      40.5740
    3902      40.7315
    3903      41.0096
    3904      41.1035
    3905      41.0361
    3906      40.8256
    3907      40.6872
    3908      40.7619
    3909      40.8224
    3910      40.3456
    3911      40.9628
    3912      40.6904
    3913      40.8728
    3914      40.6131
    3915      40.2253
    3916      40.8389
    3917      40.6979
    3918      40.5521
    3919      40.3495
    3920      40.0286
    3921      40.3661
    3922      40.8642
    3923      41.0838
    3924      41.0442
    3925      40.8131
    3926      40.0535
    3927      40.5647
    3928      40.1823
    3929      40.4093
    3930      40.2409
    3931      40.0856
    3932      40.3133
    3933      40.4896
    3934      40.4682
    3935      40.7081
    3936      40.0777
    3937      40.5391
    3938      40.8961
    3939      39.7015
    3940      40.1565
    3941      40.3958
    3942      40.5230
    3943      40.2349
    3944      40.2447
    3945      39.7884
    3946      39.8246
    3947      40.2113
    3948      39.8970
    3949      40.4605
    3950      40.6040
    3951      40.2566
    3952      40.4417
    3953      40.7810
    3954      40.5046
    3955      40.5744
    3956      39.5013
    3957      39.9727
    3958      40.3247
    3959      40.6347
    3960      40.5694
    3961      40.5899
    3962      40.2762
    3963      40.2575
    3964      40.2064
    3965      40.3703
    3966      39.9209
    3967      40.1527
    3968      40.4645
    3969      39.9575
    3970      40.3111
    3971      40.6233
    3972      40.4972
    3973      39.8736
    3974      39.9969
    3975      40.6226
    3976      40.2490
    3977      40.7682
    3978      40.3561
    3979      40.2560
    3980      40.5520
    3981      40.3432
    3982      40.5502
    3983      40.1363
    3984      40.1283
    3985      40.3341
    3986      40.7237
    3987      40.2651
    3988      40.2448
    3989      40.5675
    3990      40.4238
    3991      39.9853
    3992      39.9207
    3993      40.3027
    3994      39.9997
    3995      39.8904
    3996      40.3075
    3997      40.4989
    3998      40.4376
    3999      40.4977
    4000      40.6919
    4001      39.7589
    4002      40.1792
    4003      40.3309
    4004      40.1315
    4005      40.1225
    4006      39.8449
    4007      39.7344
    4008      40.1392
    4009      40.5848
    4010      40.5415
    4011      40.3482
    4012      40.1004
    4013      40.3361
    4014      40.6912
    4015      40.6524
    4016      41.0432
    4017      40.6550
    4018      40.5717
    4019      40.7512
    4020      40.0996
    4021      40.7221
    4022      40.9619
    4023      40.6249
    4024      40.6355
    4025      40.4792
    4026      40.1723
    4027      40.8070
    4028      41.4445
    4029      40.7927
    4030      40.6257
    4031      40.7190
    4032      40.6847
    4033      41.1092
    4034      40.6910
    4035      40.1507
    4036      40.4421
    4037      40.4313
    4038      40.6369
    4039      40.5325
    4040      40.9281
    4041      40.6365
    4042      40.5967
    4043      41.2753
    4044      40.6457
    4045      40.3375
    4046      41.0520
    4047      41.1393
    4048      40.5891
    4049      40.9534
    4050      41.0393
    4051      41.3781
    4052      40.6767
    4053      40.3595
    4054      40.3745
    4055      39.9853
    4056      40.5300
    4057      41.3232
    4058      41.0502
    4059      39.8678
    4060      40.5271
    4061      40.3996
    4062      40.0730
    4063      40.0289
    4064      41.0496
    4065      40.6722
    4066      40.6457
    4067      40.5544
    4068      39.9232
    4069      40.2160
    4070      40.0186
    4071      40.8643
    4072      40.0648
    4073      40.1509
    4074      40.6399
    4075      40.3148
    4076      40.0835
    4077      40.9252
    4078      40.4600
    4079      40.4010
    4080      39.8756
    4081      40.2971
    4082      40.6022
    4083      40.5623
    4084      40.4675
    4085      40.1539
    4086      40.1022
    4087      40.1260
    4088      40.1802
    4089      40.3705
    4090      40.4656
    4091      40.4210
    4092      39.9888
    4093      40.0074
    4094      40.3405
    4095      40.1211
    4096      40.5064
    4097      40.4892
    4098      40.4812
    4099      40.4324
    4100      40.3051
    4101      40.6068
    4102      40.7755
    4103      41.2292
    4104      40.9919
    4105      40.5010
    4106      40.4568
    4107      40.5970
    4108      40.8241
    4109      40.5599
    4110      40.7253
    4111      40.6128
    4112      40.4775
    4113      40.7753
    4114      40.2461
    4115      40.0022
    4116      40.4353
    4117      40.1083
    4118      40.5905
    4119      40.4338
    4120      39.9920
    4121      40.4440
    4122      40.4728
    4123      40.3682
    4124      40.5245
    4125      40.6823
    4126      40.4530
    4127      40.5385
    4128      40.3165
    4129      40.4565
    4130      40.6259
    4131      40.4217
    4132      40.6418
    4133      41.0071
    4134      40.8405
    4135      40.7938
    4136      40.4884
    4137      40.1620
    4138      40.4329
    4139      40.0495
    4140      40.6325
    4141      40.8656
    4142      40.0789
    4143      40.0533
    4144      40.7532
    4145      41.4801
    4146      41.0760
    4147      41.2143
    4148      40.2166
    4149      40.7284
    4150      39.8367
    4151      40.3519
    4152      40.6688
    4153      40.3812
    4154      40.1846
    4155      40.5745
    4156      40.7439
    4157      41.1105
    4158      40.5686
    4159      41.3016
    4160      41.2018
    4161      40.8984
    4162      40.2941
    4163      40.2676
    4164      41.1171
    4165      40.4089
    4166      40.5997
    4167      41.1697
    4168      40.5574
    4169      40.4136
    4170      40.3631
    4171      40.8668
    4172      41.0875
    4173      41.3179
    4174      40.9787
    4175      40.8552
    4176      41.7298
    4177      40.7698
    4178      40.9785
    4179      41.9719
    4180      41.1130
    4181      40.8447
    4182      40.6803
    4183      40.8756
    4184      40.5979
    4185      40.4069
    4186      41.5761
    4187      41.5152
    4188      41.2558
    4189      40.9130
    4190      40.9558
    4191      41.2300
    4192      41.3293
    4193      41.2025
    4194      41.1422
    4195      40.9379
    4196      41.2892
    4197      40.9178
    4198      41.1385
    4199      41.2694
    4200      40.9233
    4201      40.0814
    4202      40.7019
    4203      40.9492
    4204      40.8083
    4205      41.0197
    4206      41.0928
    4207      40.8119
    4208      41.1926
    4209      40.6822
    4210      40.7064
    4211      40.4448
    4212      41.2301
    4213      41.3670
    4214      41.7378
    4215      41.0706
    4216      42.2270
    4217      42.2635
    4218      42.4107
    4219      42.7964
    4220      42.3100
    4221      42.3005
    4222      42.6897
    4223      42.9976
    4224      42.4382
    4225      42.3243
    4226      42.4680
    4227      42.4246
    4228      42.3754
    4229      42.2769
    4230      42.8247
    4231      42.3451
    4232      42.1939
    4233      41.5261
    4234      42.2429
    4235      41.3625
    4236      41.2314
    4237      41.0365
    4238      41.8444
    4239      41.4094
    4240      41.5589
    4241      41.3059
    4242      41.9280
    4243      41.9554
    4244      41.6678
    4245      41.9232
    4246      41.6849
    4247      41.9812
    4248      41.7688
    4249      41.6954
    4250      41.8862
    4251      41.5927
    4252      41.9236
    4253      41.4742
    4254      42.1350
    4255      41.6856
    4256      42.0362
    4257      42.0023
    4258      41.5133
    4259      41.8183
    4260      41.4494
    4261      41.4925
    4262      42.0840
    4263      41.8545
    4264      41.9750
    4265      41.9032
    4266      41.8080
    4267      41.8190
    4268      41.3914
    4269      42.1017
    4270      41.5513
    4271      41.8580
    4272      41.7033
    4273      41.4134
    4274      41.9578
    4275      41.7649
    4276      41.7835
    4277      41.7496
    4278      42.0214
    4279      42.0694
    4280      42.3254
    4281      42.5827
    4282      41.6808
    4283      41.9784
    4284      41.9802
    4285      42.0216
    4286      42.5023
    4287      42.2110
    4288      42.4611
    4289      42.0138
    4290      42.0452
    4291      42.6469
    4292      42.3692
    4293      42.7932
    4294      42.6575
    4295      42.3896
    4296      41.8481
    4297      41.8900
    4298      42.2788
    4299      41.6167
    4300      42.0124
    4301      42.0630
    4302      42.0257
    4303      41.8543
    4304      42.1313
    4305      41.1883
    4306      41.6803
    4307      42.1566
    4308      41.6199
    4309      41.6879
    4310      41.1281
    4311      41.2148
    4312      41.5559
    4313      41.0387
    4314      41.6915
    4315      41.5487
    4316      40.9327
    4317      41.9432
    4318      41.3463
    4319      41.2003
    4320      41.1522
    4321      41.0684
    4322      41.3864
    4323      41.3465
    4324      41.0059
    4325      40.7392
    4326      41.1458
    4327      41.0583
    4328      41.1812
    4329      41.2968
    4330      41.8280
    4331      41.7762
    4332      41.5965
    4333      40.9414
    4334      40.9165
    4335      41.3484
    4336      40.8232
    4337      41.4463
    4338      41.3507
    4339      41.0998
    4340      41.0018
    4341      40.5627
    4342      40.4147
    4343      40.8349
    4344      40.4890
    4345      40.8100
    4346      41.2399
    4347      40.8156
    4348      41.0896
    4349      41.0624
    4350      41.3693
    4351      41.3747
    4352      41.4647
    4353      41.2740
    4354      40.6173
    4355      40.5347
    4356      40.9337
    4357      40.0207
    4358      41.0579
    4359      40.9910
    4360      41.0498
    4361      41.5077
    4362      41.1550
    4363      41.2422
    4364      41.3578
    4365      40.7691
    4366      41.5274
    4367      41.0305
    4368      40.6805
    4369      40.7659
    4370      41.0561
    4371      40.9313
    4372      40.7468
    4373      40.1026
    4374      40.9116
    4375      41.2958
    4376      40.5287
    4377      40.3723
    4378      40.8014
    4379      40.9664
    4380      41.2851
    4381      41.0772
    4382      40.9896
    4383      40.7790
    4384      40.8659
    4385      40.8457
    4386      40.5111
    4387      40.2116
    4388      40.5331
    4389      40.5176
    4390      40.6755
    4391      40.4286
    4392      40.5916
    4393      40.6580
    4394      40.9290
    4395      40.5645
    4396      40.5735
    4397      40.9923
    4398      41.3471
    4399      40.6100
    4400      40.4151
    4401      40.4468
    4402      39.5848
    4403      40.1952
    4404      40.7706
    4405      41.6193
    4406      40.6309
    4407      40.5444
    4408      40.8101
    4409      40.6629
    4410      40.1259
    4411      40.6332
    4412      41.6285
    4413      40.7092
    4414      41.2320
    4415      40.6384
    4416      41.3056
    4417      41.6188
    4418      41.1832
    4419      41.3102
    4420      41.2152
    4421      41.2189
    4422      41.4006
    4423      41.1381
    4424      40.5783
    4425      41.3920
    4426      40.6901
    4427      41.4533
    4428      41.1818
    4429      41.0949
    4430      41.2141
    4431      40.3703
    4432      40.4357
    4433      41.2023
    4434      40.8135
    4435      40.6635
    4436      40.7166
    4437      40.3600
    4438      40.9597
    4439      40.6099
    4440      40.1807
    4441      40.5190
    4442      40.3772
    4443      41.0016
    4444      40.5507
    4445      40.9282
    4446      40.3135
    4447      40.0720
    4448      40.2556
    4449      40.0285
    4450      39.8790
    4451      40.0294
    4452      39.5839
    4453      40.1973
    4454      39.9178
    4455      40.0817
    4456      39.9812
    4457      40.0914
    4458      39.9823
    4459      39.7750
    4460      39.1467
    4461      39.2960
    4462      39.9437
    4463      39.9319
    4464      39.2980
    4465      39.1328
    4466      39.1491
    4467      39.4984
    4468      39.6426
    4469      39.7393
    4470      39.5355
    4471      39.9131
    4472      39.6987
    4473      39.2693
    4474      39.4676
    4475      39.6400
    4476      39.5828
    4477      40.1793
    4478      40.3574
    4479      40.1788
    4480      40.1019
    4481      40.1656
    4482      39.7088
    4483      39.5438
    4484      39.5158
    4485      39.6024
    4486      39.2211
    4487      39.8489
    4488      39.9123
    4489      39.8628
    4490      39.6504
    4491      39.8041
    4492      39.9102
    4493      39.7481
    4494      39.4086
    4495      39.5223
    4496      39.4595
    4497      39.8548
    4498      39.6272
    4499      39.2054
    4500      39.5855
    4501      39.9621
    4502      39.8352
    4503      40.1176
    4504      39.2092
    4505      39.7954
    4506      39.8249
    4507      39.1951
    4508      39.5471
    4509      39.0871
    4510      39.3399
    4511      39.6621
    4512      39.5063
    4513      39.5265
    4514      39.6442
    4515      39.3958
    4516      40.0724
    4517      39.8110
    4518      39.1468
    4519      39.1583
    4520      39.0716
    4521      39.7821
    4522      39.3206
    4523      39.5008
    4524      39.3675
    4525      39.3131
    4526      39.5324
    4527      39.3798
    4528      39.4973
    4529      38.8705
    4530      39.7024
    4531      39.2999
    4532      39.9314
    4533      39.7820
    4534      39.6304
    4535      39.5195
    4536      39.5155
    4537      39.4682
    4538      39.4718
    4539      39.3616
    4540      39.1327
    4541      39.3796
    4542      40.1014
    4543      39.8836
    4544      39.7514
    4545      39.5856
    4546      39.9641
    4547      39.8595
    4548      39.9461
    4549      39.8011
    4550      39.9744
    4551      39.6559
    4552      39.2799
    4553      40.0341
    4554      40.1588
    4555      40.6434
    4556      40.7088
    4557      40.9203
    4558      40.9957
    4559      40.6467
    4560      40.8769
    4561      40.3904
    4562      40.5552
    4563      40.5224
    4564      40.9112
    4565      40.6392
    4566      40.6839
    4567      39.9104
    4568      40.2923
    4569      40.5670
    4570      40.4693
    4571      40.2664
    4572      40.5899
    4573      40.8011
    4574      40.7446
    4575      40.4926
    4576      40.6722
    4577      40.8164
    4578      40.6356
    4579      41.7780
    4580      41.0161
    4581      41.0069
    4582      40.4848
    4583      40.4921
    4584      40.5395
    4585      40.5365
    4586      40.4959
    4587      40.3491
    4588      39.9404
    4589      39.8581
    4590      39.9781
    4591      40.4680
    4592      40.4314
    4593      40.1438
    4594      40.6431
    4595      40.6104
    4596      40.3810
    4597      40.2773
    4598      40.4307
    4599      40.7401
    4600      40.4824
    4601      40.3866
    4602      40.0811
    4603      39.9815
    4604      39.7982
    4605      40.1457
    4606      40.0965
    4607      40.9063
    4608      40.5271
    4609      41.2451
    4610      41.1879
    4611      41.2115
    4612      40.9006
    4613      40.7213
    4614      41.1500
    4615      40.5254
    4616      40.8532
    4617      40.9474
    4618      41.1538
    4619      40.8645
    4620      40.5149
    4621      40.2364
    4622      40.0105
    4623      40.6315
    4624      40.5937
    4625      40.0367
    4626      40.9750
    4627      40.3024
    4628      40.0761
    4629      40.0900
    4630      40.2195
    4631      39.6829
    4632      40.1010
    4633      40.8209
    4634      40.9305
    4635      40.5981
    4636      40.1526
    4637      39.9155
    4638      40.6497
    4639      40.6749
    4640      40.1481
    4641      40.4080
    4642      40.1266
    4643      40.3750
    4644      40.7840
    4645      40.3651
    4646      40.5672
    4647      39.9527
    4648      40.1519
    4649      40.3024
    4650      40.5971
    4651      40.2566
    4652      40.2930
    4653      40.3773
    4654      40.2701
    4655      40.3546
    4656      39.7236
    4657      40.7433
    4658      40.3130
    4659      40.1632
    4660      40.2059
    4661      40.0398
    4662      40.0361
    4663      40.0257
    4664      40.3799
    4665      40.1487
    4666      40.1078
    4667      40.0109
    4668      40.4912
    4669      40.3565
    4670      40.9905
    4671      40.5654
    4672      40.2125
    4673      40.2510
    4674      40.5425
    4675      39.8827
    4676      39.9355
    4677      40.0113
    4678      40.5450
    4679      40.5808
    4680      40.1825
    4681      39.7956
    4682      40.2806
    4683      40.4377
    4684      40.5120
    4685      40.4997
    4686      40.6725
    4687      40.4079
    4688      40.3604
    4689      39.9467
    4690      40.3376
    4691      40.1368
    4692      40.2831
    4693      40.3392
    4694      40.2656
    4695      40.4029
    4696      40.6342
    4697      40.2186
    4698      40.1437
    4699      40.7055
    4700      40.5410
    4701      40.8886
    4702      40.4200
    4703      40.7877
    4704      40.7650
    4705      40.7933
    4706      40.6598
    4707      40.6271
    4708      40.6224
    4709      40.4954
    4710      40.2281
    4711      40.6880
    4712      40.6997
    4713      40.4106
    4714      40.3866
    4715      40.7563
    4716      40.8934
    4717      40.8873
    4718      41.1281
    4719      40.5910
    4720      40.6026
    4721      41.0844
    4722      40.4180
    4723      40.4038
    4724      40.4031
    4725      40.0395
    4726      40.2841
    4727      40.4156
    4728      40.3256
    4729      40.0856
    4730      39.9898
    4731      39.9295
    4732      40.4601
    4733      40.2605
    4734      40.4015
    4735      40.3699
    4736      40.5334
    4737      40.7037
    4738      40.4659
    4739      41.0914
    4740      40.1705
    4741      40.3411
    4742      40.3913
    4743      40.3480
    4744      40.2901
    4745      40.4132
    4746      39.9987
    4747      40.3174
    4748      39.8294
    4749      39.9862
    4750      40.2387
    4751      39.7123
    4752      39.9369
    4753      40.3394
    4754      39.9064
    4755      39.7184
    4756      39.6815
    4757      40.0184
    4758      39.6217
    4759      39.7366
    4760      40.1647
    4761      40.1939
    4762      40.1589
    4763      40.5362
    4764      40.2364
    4765      40.2438
    4766      39.8576
    4767      39.9764
    4768      40.0672
    4769      40.5154
    4770      40.3010
    4771      40.1306
    4772      39.9087
    4773      39.7628
    4774      40.3022
    4775      40.1975
    4776      39.7016
    4777      39.7761
    4778      39.5806
    4779      40.0379
    4780      39.7557
    4781      39.7453
    4782      39.5152
    4783      40.2755
    4784      39.7732
    4785      39.7881
    4786      40.2666
    4787      40.1998
    4788      40.1905
    4789      40.4564
    4790      40.9828
    4791      41.0960
    4792      40.7247
    4793      40.8479
    4794      40.9268
    4795      40.8227
    4796      40.8071
    4797      40.8772
    4798      40.8994
    4799      40.8539
    4800      40.2303
    4801      40.6727
    4802      40.6938
    4803      40.8951
    4804      40.7556
    4805      40.4189
    4806      40.2966
    4807      40.1494
    4808      39.8494
    4809      40.2390
    4810      40.3075
    4811      40.6382
    4812      40.7272
    4813      40.6054
    4814      40.8360
    4815      41.1127
    4816      41.1771
    4817      41.3194
    4818      40.9820
    4819      40.9354
    4820      41.7183
    4821      41.0699
    4822      41.0640
    4823      40.7052
    4824      41.0540
    4825      41.3230
    4826      41.6562
    4827      41.0309
    4828      40.7403
    4829      40.9533
    4830      40.1599
    4831      41.1027
    4832      40.7467
    4833      40.8865
    4834      40.4454
    4835      40.9030
    4836      40.9214
    4837      40.6970
    4838      40.6644
    4839      40.0588
    4840      40.3634
    4841      40.4346
    4842      41.1984
    4843      40.3965
    4844      40.6450
    4845      40.7678
    4846      40.3157
    4847      41.3576
    4848      40.4448
    4849      40.5006
    4850      40.9825
    4851      40.2018
    4852      40.3962
    4853      40.1160
    4854      40.4037
    4855      40.6546
    4856      40.7131
    4857      40.8675
    4858      40.9143
    4859      40.6307
    4860      40.5781
    4861      40.4524
    4862      40.8597
    4863      40.4449
    4864      40.6562
    4865      40.5862
    4866      40.4704
    4867      41.0458
    4868      41.1266
    4869      40.3952
    4870      40.9022
    4871      40.9746
    4872      40.8315
    4873      40.2508
    4874      40.6201
    4875      40.3981
    4876      40.4897
    4877      40.4825
    4878      40.9942
    4879      40.7111
    4880      40.1354
    4881      39.9125
    4882      40.2368
    4883      40.2137
    4884      40.6095
    4885      40.3064
    4886      39.7998
    4887      40.0491
    4888      40.2625
    4889      40.4153
    4890      40.2482
    4891      40.4718
    4892      40.5249
    4893      40.5630
    4894      40.7204
    4895      40.6547
    4896      40.8640
    4897      40.4693
    4898      40.5443
    4899      40.4106
    4900      40.5521
    4901      40.4249
    4902      39.9614
    4903      39.6385
    4904      40.2458
    4905      40.4583
    4906      40.2397
    4907      40.0890
    4908      40.5032
    4909      40.4877
    4910      40.0809
    4911      40.6145
    4912      40.7028
    4913      39.8616
    4914      40.1614
    4915      39.8190
    4916      40.1795
    4917      39.9457
    4918      40.3955
    4919      40.3715
    4920      40.6437
    4921      40.3953
    4922      39.7690
    4923      40.1075
    4924      40.1950
    4925      40.3076
    4926      40.0775
    4927      39.9742
    4928      40.3028
    4929      40.5641
    4930      40.1064
    4931      39.8176
    4932      39.7191
    4933      39.9833
    4934      40.4326
    4935      40.0268
    4936      40.5242
    4937      40.7036
    4938      40.3677
    4939      40.3160
    4940      40.4791
    4941      39.7299
    4942      40.5447
    4943      40.7329
    4944      40.5215
    4945      40.1314
    4946      39.6852
    4947      39.8917
    4948      40.3404
    4949      40.6059
    4950      40.4499
    4951      41.0677
    4952      40.0818
    4953      40.1489
    4954      40.7742
    4955      40.5199
    4956      40.5279
    4957      40.9644
    4958      40.7679
    4959      41.3216
    4960      40.9881
    4961      40.3503
    4962      41.0608
    4963      40.5984
    4964      40.9793
    4965      40.4367
    4966      40.9471
    4967      40.8059
    4968      40.5841
    4969      40.6125
    4970      40.4257
    4971      40.6272
    4972      40.5167
    4973      40.3975
    4974      40.8498
    4975      40.4970
    4976      40.6040
    4977      40.8564
    4978      40.3738
    4979      40.5369
    4980      40.3204
    4981      40.4117
    4982      40.1160
    4983      40.2236
    4984      40.3000
    4985      40.2384
    4986      40.7482
    4987      40.8171
    4988      40.6809
    4989      40.9751
    4990      41.0238
    4991      40.8639
    4992      41.1550
    4993      40.3218
    4994      40.7159
    4995      40.4654
    4996      40.6036
    4997      40.2520
    4998      40.5970
    4999      40.3550
    5000      41.1684
    5001      41.2817
    5002      40.7165
    5003      41.0123
    5004      40.6404
    5005      40.9519
    5006      40.9334
    5007      40.6710
    5008      40.5040
    5009      40.6602
    5010      40.2772
    5011      40.7203
    5012      40.4032
    5013      40.8994
    5014      40.7974
    5015      40.3712
    5016      40.2393
    5017      40.0442
    5018      40.0724
    5019      39.8497
    5020      40.5100
    5021      40.4258
    5022      41.2724
    5023      40.3429
    5024      40.9318
    5025      40.9055
    5026      40.8145
    5027      40.8081
    5028      40.8512
    5029      40.4629
    5030      40.1286
    5031      40.3400
    5032      41.0197
    5033      41.1733
    5034      41.1282
    5035      41.4800
    5036      41.0677
    5037      40.8978
    5038      41.2563
    5039      41.3705
    5040      41.3713
    5041      41.2543
    5042      41.2755
    5043      41.1158
    5044      40.9220
    5045      40.7928
    5046      40.8588
    5047      41.2885
    5048      41.5210
    5049      41.1486
    5050      40.9618
    5051      40.6105
    5052      40.4246
    5053      40.9772
    5054      40.9475
    5055      41.2400
    5056      40.8464
    5057      41.1113
    5058      40.7674
    5059      40.7581
    5060      40.7901
    5061      40.8312
    5062      41.1824
    5063      40.6370
    5064      41.2134
    5065      40.8418
    5066      40.6094
    5067      40.6136
    5068      41.3600
    5069      40.8523
    5070      40.9201
    5071      40.4350
    5072      40.2226
    5073      40.2719
    5074      40.1765
    5075      39.8655
    5076      40.1539
    5077      39.7011
    5078      39.7792
    5079      40.1696
    5080      40.0032
    5081      40.3733
    5082      39.8830
    5083      39.7648
    5084      40.1413
    5085      39.6766
    5086      39.5600
    5087      39.9710
    5088      40.4121
    5089      40.4621
    5090      40.3182
    5091      40.2205
    5092      40.6392
    5093      40.2143
    5094      40.2831
    5095      40.6847
    5096      40.1874
    5097      40.0673
    5098      40.4834
    5099      40.4677
    5100      39.8848
    5101      40.2059
    5102      39.7110
    5103      40.2594
    5104      40.7287
    5105      39.9657
    5106      40.3605
    5107      40.4895
    5108      40.9254
    5109      40.3542
    5110      40.2330
    5111      40.3830
    5112      40.3064
    5113      39.8098
    5114      39.7204
    5115      39.7659
    5116      39.2958
    5117      39.5212
    5118      39.6300
    5119      39.9736
    5120      39.9509
    5121      40.1055
    5122      39.6154
    5123      40.0170
    5124      39.6052
    5125      39.8966
    5126      39.7638
    5127      39.9746
    5128      39.9204
    5129      39.7471
    5130      39.6830
    5131      39.8771
    5132      39.4696
    5133      39.7682
    5134      40.0113
    5135      40.3896
    5136      40.4818
    5137      40.7253
    5138      40.3649
    5139      40.0702
    5140      39.8895
    5141      40.1441
    5142      39.9786
    5143      39.8993
    5144      39.9345
    5145      40.4895
    5146      39.9710
    5147      39.4544
    5148      39.9919
    5149      40.1842
    5150      39.4624
    5151      40.3289
    5152      40.5597
    5153      40.2145
    5154      40.6383
    5155      40.3176
    5156      40.1882
    5157      40.0044
    5158      39.8212
    5159      39.9901
    5160      40.2838
    5161      40.0869
    5162      40.3153
    5163      40.1026
    5164      39.7601
    5165      39.7144
    5166      39.6616
    5167      39.6341
    5168      40.0351
    5169      39.4391
    5170      39.7802
    5171      40.1019
    5172      40.5713
    5173      39.5227
    5174      40.3495
    5175      40.1364
    5176      40.5817
    5177      40.3221
    5178      40.5440
    5179      40.4266
    5180      40.2251
    5181      40.3795
    5182      40.3658
    5183      39.7811
    5184      39.7129
    5185      39.5935
    5186      39.5942
    5187      39.8236
    5188      39.8919
    5189      40.2453
    5190      40.2233
    5191      40.0484
    5192      40.0551
    5193      40.1712
    5194      40.1601
    5195      40.3058
    5196      40.3555
    5197      39.8057
    5198      40.2336
    5199      40.0990
    5200      40.1414
    5201      39.8714
    5202      40.1369
    5203      40.0481
    5204      40.5650
    5205      40.1733
    5206      40.2340
    5207      39.8166
    5208      39.8482
    5209      39.9900
    5210      40.2939
    5211      39.9920
    5212      39.8566
    5213      39.6120
    5214      39.9120
    5215      40.0212
    5216      40.0549
    5217      40.4545
    5218      40.0871
    5219      40.4498
    5220      40.3700
    5221      40.4315
    5222      40.0102
    5223      40.4060
    5224      40.1106
    5225      39.9808
    5226      39.7873
    5227      40.0553
    5228      40.1697
    5229      40.0481
    5230      40.1315
    5231      39.6963
    5232      40.2463
    5233      40.0933
    5234      40.0341
    5235      40.6116
    5236      40.1852
    5237      40.0406
    5238      39.7760
    5239      40.7115
    5240      40.0655
    5241      39.7299
    5242      40.0924
    5243      39.6481
    5244      40.3123
    5245      40.1309
    5246      39.5898
    5247      39.5663
    5248      39.8282
    5249      40.3464
    5250      39.5697
    5251      39.8443
    5252      39.8830
    5253      39.6304
    5254      39.9425
    5255      40.2331
    5256      40.7914
    5257      40.3346
    5258      40.7890
    5259      40.3884
    5260      40.4260
    5261      40.1675
    5262      39.8403
    5263      40.3181
    5264      39.9511
    5265      40.1565
    5266      40.0487
    5267      40.0095
    5268      40.0505
    5269      40.2518
    5270      39.8100
    5271      39.4191
    5272      39.5463
    5273      39.7772
    5274      39.9498
    5275      39.8185
    5276      40.4830
    5277      40.0615
    5278      40.8546
    5279      40.0733
    5280      39.8017
    5281      40.1191
    5282      40.3267
    5283      40.1587
    5284      39.9381
    5285      40.0049
    5286      39.8902
    5287      40.5998
    5288      40.1843
    5289      40.8352
    5290      40.5285
    5291      40.5581
    5292      40.7157
    5293      40.8568
    5294      40.3285
    5295      40.4992
    5296      41.0291
    5297      40.8205
    5298      40.6440
    5299      40.4520
    5300      40.3453
    5301      40.4237
    5302      39.7999
    5303      40.2690
    5304      40.5019
    5305      40.2130
    5306      39.7726
    5307      39.8513
    5308      39.7754
    5309      39.3121
    5310      39.7135
    5311      39.8113
    5312      39.8630
    5313      40.1202
    5314      39.9893
    5315      40.2629
    5316      40.9244
    5317      40.1802
    5318      40.0195
    5319      40.1229
    5320      40.3932
    5321      40.1451
    5322      40.3019
    5323      39.9886
    5324      40.2340
    5325      40.1062
    5326      39.9201
    5327      39.9083
    5328      40.3149
    5329      39.7154
    5330      39.6645
    5331      39.8084
    5332      40.1471
    5333      40.2341
    5334      40.0438
    5335      40.0604
    5336      39.9045
    5337      40.1415
    5338      40.2748
    5339      39.9910
    5340      40.0539
    5341      40.3917
    5342      40.4582
    5343      40.5637
    5344      40.7866
    5345      40.3335
    5346      40.3591
    5347      39.9942
    5348      39.8076
    5349      40.5138
    5350      39.6197
    5351      39.6465
    5352      39.8005
    5353      40.2512
    5354      40.4274
    5355      40.1232
    5356      40.0984
    5357      39.9461
    5358      40.2125
    5359      40.0087
    5360      39.7385
    5361      40.0296
    5362      40.0454
    5363      40.4218
    5364      39.9404
    5365      40.2932
    5366      39.9445
    5367      40.1660
    5368      39.9998
    5369      39.7082
    5370      39.2525
    5371      39.5264
    5372      39.7266
    5373      39.5120
    5374      39.4838
    5375      40.0698
    5376      40.2476
    5377      40.3186
    5378      40.3728
    5379      40.0298
    5380      40.5660
    5381      40.0751
    5382      40.3635
    5383      39.7640
    5384      40.0583
    5385      39.4010
    5386      40.1045
    5387      39.5714
    5388      39.9670
    5389      39.3314
    5390      39.6345
    5391      39.5771
    5392      39.3468
    5393      39.9667
    5394      40.0204
    5395      40.2260
    5396      39.6054
    5397      39.8809
    5398      39.7186
    5399      39.7762
    5400      39.6992
    5401      39.8241
    5402      39.6024
    5403      39.9644
    5404      40.3068
    5405      39.7930
    5406      40.0312
    5407      39.9388
    5408      39.8781
    5409      39.8454
    5410      40.3979
    5411      39.4007
    5412      39.4049
    5413      39.7500
    5414      39.8355
    5415      39.7318
    5416      39.4811
    5417      39.0756
    5418      39.5481
    5419      38.9305
    5420      39.8631
    5421      39.2411
    5422      39.2085
    5423      39.3166
    5424      39.7884
    5425      39.8566
    5426      40.1489
    5427      39.6402
    5428      40.1647
    5429      40.0471
    5430      40.5510
    5431      41.1454
    5432      40.7156
    5433      40.6876
    5434      40.6577
    5435      40.3470
    5436      40.2571
    5437      40.4564
    5438      40.5494
    5439      40.0792
    5440      40.6008
    5441      40.8343
    5442      40.8127
    5443      40.7218
    5444      40.6939
    5445      40.6448
    5446      40.2061
    5447      40.5377
    5448      40.4017
    5449      40.1506
    5450      40.8009
    5451      41.1775
    5452      40.9345
    5453      40.5317
    5454      40.8730
    5455      40.5321
    5456      41.1469
    5457      41.2174
    5458      40.3330
    5459      40.7937
    5460      40.2686
    5461      40.5211
    5462      41.1221
    5463      40.6298
    5464      40.6764
    5465      40.5718
    5466      40.1850
    5467      40.9282
    5468      40.3604
    5469      40.4118
    5470      40.0754
    5471      39.9867
    5472      40.3286
    5473      39.7160
    5474      40.0916
    5475      40.2708
    5476      40.0023
    5477      39.9588
    5478      39.9865
    5479      40.6696
    5480      40.1212
    5481      40.1402
    5482      40.5120
    5483      40.0435
    5484      40.0667
    5485      40.0369
    5486      40.1388
    5487      39.9947
    5488      40.0691
    5489      40.3353
    5490      40.7683
    5491      40.7889
    5492      40.1116
    5493      40.4290
    5494      40.3207
    5495      40.4245
    5496      40.6977
    5497      40.9770
    5498      40.7544
    5499      40.3486
    5500      40.2958
    5501      40.2491
    5502      40.1379
    5503      40.2355
    5504      39.7887
    5505      40.3694
    5506      39.9531
    5507      40.0964
    5508      39.7790
    5509      39.8088
    5510      40.1339
    5511      40.2994
    5512      40.1014
    5513      40.0474
    5514      39.8074
    5515      40.0068
    5516      40.1504
    5517      39.6452
    5518      39.6991
    5519      40.0162
    5520      40.4288
    5521      40.2269
    5522      40.4318
    5523      40.0932
    5524      40.0394
    5525      39.9951
    5526      40.3884
    5527      39.6391
    5528      40.0702
    5529      40.6755
    5530      40.1444
    5531      39.7894
    5532      40.1100
    5533      40.4236
    5534      40.0799
    5535      40.4224
    5536      40.6381
    5537      40.4565
    5538      40.4677
    5539      39.4103
    5540      39.7958
    5541      40.0001
    5542      39.6067
    5543      39.9505
    5544      40.1828
    5545      40.2297
    5546      39.9314
    5547      39.6742
    5548      40.1116
    5549      40.5684
    5550      40.1748
    5551      39.9483
    5552      40.1198
    5553      40.3736
    5554      40.4485
    5555      40.1502
    5556      40.0875
    5557      39.9648
    5558      40.4148
    5559      39.7627
    5560      40.1128
    5561      40.4437
    5562      40.2965
    5563      40.7436
    5564      40.3172
    5565      40.6518
    5566      40.3408
    5567      40.5066
    5568      40.4559
    5569      40.5809
    5570      40.8218
    5571      40.4437
    5572      40.6109
    5573      41.0159
    5574      40.8757
    5575      41.0874
    5576      40.9275
    5577      41.1660
    5578      41.1382
    5579      40.9966
    5580      40.9516
    5581      41.3861
    5582      41.3029
    5583      41.1753
    5584      41.0976
    5585      41.4590
    5586      41.3164
    5587      41.1404
    5588      41.4930
    5589      41.3749
    5590      41.3753
    5591      40.7036
    5592      40.6116
    5593      41.0860
    5594      41.3745
    5595      40.8448
    5596      40.9658
    5597      41.2994
    5598      40.9209
    5599      40.8001
    5600      40.5265
    5601      41.5514
    5602      41.2180
    5603      41.3435
    5604      41.4713
    5605      41.2094
    5606      40.9116
    5607      41.3064
    5608      40.8699
    5609      41.0495
    5610      40.8987
    5611      40.9353
    5612      40.8096
    5613      40.6286
    5614      40.9383
    5615      40.3524
    5616      40.7340
    5617      40.5115
    5618      41.2254
    5619      41.7078
    5620      41.2183
    5621      41.0615
    5622      41.3959
    5623      40.7421
    5624      40.8946
    5625      40.9876
    5626      40.4293
    5627      40.8468
    5628      40.4760
    5629      40.2816
    5630      40.0531
    5631      40.3054
    5632      40.6213
    5633      41.3301
    5634      40.8832
    5635      41.2039
    5636      41.2475
    5637      41.2307
    5638      41.4308
    5639      41.6134
    5640      41.1069
    5641      41.0512
    5642      40.9612
    5643      40.9759
    5644      40.9675
    5645      41.1433
    5646      40.9327
    5647      41.2386
    5648      41.0540
    5649      41.4320
    5650      41.1341
    5651      40.9818
    5652      40.6375
    5653      40.7205
    5654      40.4428
    5655      40.4665
    5656      40.9247
    5657      40.8902
    5658      40.3100
    5659      41.0527
    5660      41.0840
    5661      41.2869
    5662      41.2139
    5663      41.8946
    5664      41.7947
    5665      41.6242
    5666      41.7909
    5667      41.5225
    5668      41.6768
    5669      41.8051
    5670      41.6542
    5671      41.0518
    5672      40.4673
    5673      41.2078
    5674      40.9793
    5675      40.7809
    5676      41.2872
    5677      41.2317
    5678      41.1417
    5679      41.3341
    5680      40.9975
    5681      41.1522
    5682      41.3709
    5683      41.4799
    5684      41.2907
    5685      41.5484
    5686      41.4917
    5687      41.1926
    5688      41.2414
    5689      41.1888
    5690      41.0818
    5691      41.1960
    5692      42.0013
    5693      41.4991
    5694      41.5683
    5695      41.6777
    5696      41.6192
    5697      40.4798
    5698      41.2556
    5699      40.7478
    5700      40.9065
    5701      40.4823
    5702      40.8759
    5703      40.8106
    5704      40.7357
    5705      40.9332
    5706      41.1668
    5707      41.0289
    5708      40.3380
    5709      40.6630
    5710      41.0963
    5711      40.9678
    5712      40.9655
    5713      40.7104
    5714      41.4761
    5715      40.7416
    5716      41.0471
    5717      41.1656
    5718      40.8741
    5719      40.6761
    5720      40.2356
    5721      40.9581
    5722      41.2353
    5723      40.8898
    5724      40.8230
    5725      40.7133
    5726      40.8736
    5727      40.8090
    5728      40.8765
    5729      41.1603
    5730      41.1442
    5731      40.6716
    5732      40.9017
    5733      40.9534
    5734      40.8958
    5735      40.9284
    5736      41.1704
    5737      40.6363
    5738      40.4906
    5739      41.2688
    5740      40.6298
    5741      40.3470
    5742      40.8747
    5743      40.9388
    5744      40.4213
    5745      40.8363
    5746      40.9509
    5747      40.2997
    5748      40.9097
    5749      40.7577
    5750      40.7158
    5751      40.9000
    5752      40.6621
    5753      40.8290
    5754      40.8303
    5755      40.8434
    5756      40.9108
    5757      40.7777
    5758      41.1240
    5759      40.8850
    5760      40.7786
    5761      41.1108
    5762      41.6301
    5763      40.8963
    5764      41.1025
    5765      41.1631
    5766      41.3299
    5767      40.5869
    5768      40.6214
    5769      41.0310
    5770      40.7113
    5771      40.6815
    5772      40.8018
    5773      41.0736
    5774      40.4189
    5775      41.2619
    5776      40.6240
    5777      40.8500
    5778      40.9132
    5779      40.7818
    5780      40.9530
    5781      40.7817
    5782      41.1362
    5783      41.3854
    5784      40.8740
    5785      41.3250
    5786      41.1256
    5787      41.2365
    5788      40.9807
    5789      41.0293
    5790      40.9774
    5791      41.1167
    5792      41.1024
    5793      41.7176
    5794      40.9321
    5795      41.4340
    5796      41.6155
    5797      41.0155
    5798      40.8760
    5799      40.7715
    5800      41.3792
    5801      40.6371
    5802      40.5416
    5803      40.5338
    5804      40.8604
    5805      40.8609
    5806      40.7019
    5807      40.5520
    5808      40.4802
    5809      40.9019
    5810      40.2979
    5811      40.2887
    5812      40.6829
    5813      40.5869
    5814      40.3570
    5815      40.5929
    5816      40.3222
    5817      40.7775
    5818      40.7399
    5819      40.6776
    5820      40.6673
    5821      40.5249
    5822      40.6792
    5823      40.0120
    5824      39.9750
    5825      40.2375
    5826      40.1700
    5827      40.3123
    5828      40.1838
    5829      40.3919
    5830      40.3718
    5831      40.4841
    5832      40.5942
    5833      40.6461
    5834      40.3994
    5835      40.3079
    5836      40.7954
    5837      40.5240
    5838      41.2445
    5839      41.3130
    5840      40.7190
    5841      40.9793
    5842      40.8916
    5843      40.9941
    5844      40.4843
    5845      41.0100
    5846      40.8980
    5847      40.8122
    5848      41.1444
    5849      41.1263
    5850      41.2418
    5851      40.7615
    5852      40.9453
    5853      40.4352
    5854      40.4489
    5855      40.8034
    5856      41.2179
    5857      40.9639
    5858      41.0398
    5859      40.8015
    5860      40.8389
    5861      40.5390
    5862      40.3805
    5863      40.8029
    5864      40.4247
    5865      40.4677
    5866      40.5061
    5867      41.4044
    5868      41.3627
    5869      41.3073
    5870      41.0524
    5871      40.5444
    5872      40.9307
    5873      41.0969
    5874      40.9419
    5875      40.7532
    5876      40.6975
    5877      40.3158
    5878      40.6079
    5879      41.1094
    5880      40.6787
    5881      40.9389
    5882      41.6005
    5883      40.9071
    5884      41.0937
    5885      40.9361
    5886      41.1924
    5887      40.6152
    5888      40.2965
    5889      40.9608
    5890      40.1128
    5891      41.4203
    5892      41.3328
    5893      40.8035
    5894      40.9172
    5895      40.8114
    5896      40.9006
    5897      40.9515
    5898      41.5592
    5899      40.8554
    5900      41.0116
    5901      41.6222
    5902      41.4305
    5903      40.5836
    5904      40.9309
    5905      40.7065
    5906      41.1608
    5907      41.4636
    5908      40.8373
    5909      40.9766
    5910      41.0619
    5911      40.4791
    5912      40.6212
    5913      41.0641
    5914      40.3720
    5915      40.5231
    5916      40.5801
    5917      40.4378
    5918      40.8901
    5919      41.2724
    5920      41.0992
    5921      40.9575
    5922      41.1640
    5923      40.7263
    5924      40.5930
    5925      40.6835
    5926      40.1267
    5927      40.8727
    5928      40.9359
    5929      40.8962
    5930      41.1005
    5931      40.9621
    5932      41.0974
    5933      41.1046
    5934      41.1600
    5935      41.2966
    5936      41.2398
    5937      41.0202
    5938      41.1857
    5939      41.3774
    5940      41.1010
    5941      41.0047
    5942      41.6849
    5943      41.3095
    5944      41.3066
    5945      41.4438
    5946      41.3397
    5947      41.1923
    5948      41.2236
    5949      40.8458
    5950      40.8244
    5951      41.2017
    5952      40.7960
    5953      41.0354
    5954      41.1710
    5955      40.7143
    5956      40.5893
    5957      40.9478
    5958      40.1350
    5959      40.5119
    5960      40.9797
    5961      41.1187
    5962      40.5595
    5963      40.9322
    5964      40.5544
    5965      40.8025
    5966      40.5367
    5967      40.6643
    5968      40.3012
    5969      40.4093
    5970      40.5934
    5971      40.8111
    5972      40.7480
    5973      40.8806
    5974      40.7410
    5975      40.9136
    5976      40.7203
    5977      40.5869
    5978      40.5696
    5979      40.2042
    5980      40.7111
    5981      40.5569
    5982      40.7305
    5983      40.7817
    5984      40.6003
    5985      40.4848
    5986      40.4229
    5987      41.0133
    5988      41.4654
    5989      40.7162
    5990      40.9460
    5991      40.4765
    5992      41.0326
    5993      40.8084
    5994      40.7622
    5995      40.8087
    5996      41.0199
    5997      40.7362
    5998      40.7254
    5999      40.4536
    6000      40.1088
    6001      40.2787
    6002      40.6308
    6003      40.1558
    6004      40.6094
    6005      41.1124
    6006      40.9096
    6007      40.8991
    6008      41.1324
    6009      41.1900
    6010      40.8214
    6011      40.5522
    6012      40.8623
    6013      40.7194
    6014      40.5762
    6015      40.6543
    6016      40.9681
    6017      41.1243
    6018      40.7920
    6019      40.9801
    6020      40.7024
    6021      41.5978
    6022      40.9811
    6023      41.0300
    6024      41.1034
    6025      40.7322
    6026      41.0146
    6027      41.0145
    6028      41.0283
    6029      41.0723
    6030      41.3327
    6031      41.1754
    6032      40.7931
    6033      40.9415
    6034      40.9667
    6035      41.2237
    6036      41.2510
    6037      40.9344
    6038      41.4550
    6039      41.5343
    6040      41.7244
    6041      41.2149
    6042      40.9609
    6043      41.0673
    6044      40.7387
    6045      40.6551
    6046      40.4209
    6047      40.5752
    6048      40.8194
    6049      40.5048
    6050      40.7002
    6051      40.7152
    6052      40.5163
    6053      40.8531
    6054      40.7305
    6055      40.9312
    6056      41.1700
    6057      40.8061
    6058      40.8132
    6059      40.8918
    6060      40.7800
    6061      41.2339
    6062      41.1714
    6063      40.5248
    6064      41.4749
    6065      41.1522
    6066      41.0833
    6067      41.1014
    6068      41.3128
    6069      41.1873
    6070      41.5347
    6071      41.0298
    6072      41.1644
    6073      41.2774
    6074      40.6953
    6075      41.1710
    6076      41.3111
    6077      40.8925
    6078      41.1322
    6079      40.8414
    6080      41.2457
    6081      40.5692
    6082      40.7152
    6083      40.5407
    6084      41.0148
    6085      40.9323
    6086      41.0894
    6087      40.8322
    6088      41.6004
    6089      41.6021
    6090      40.7441
    6091      40.5729
    6092      40.7311
    6093      41.0865
    6094      40.8155
    6095      40.8216
    6096      40.8975
    6097      40.8693
    6098      40.6366
    6099      41.0939
    6100      41.3927
    6101      40.5077
    6102      40.4777
    6103      40.8386
    6104      40.7271
    6105      40.8762
    6106      41.2617
    6107      40.7319
    6108      41.3439
    6109      40.8784
    6110      40.6342
    6111      40.6713
    6112      40.5601
    6113      40.8589
    6114      40.4731
    6115      40.4547
    6116      40.7100
    6117      41.5105
    6118      41.0665
    6119      40.8074
    6120      41.2089
    6121      40.7319
    6122      40.9170
    6123      41.1355
    6124      40.9651
    6125      40.7101
    6126      40.8603
    6127      40.7781
    6128      40.9235
    6129      41.5165
    6130      40.6292
    6131      40.6915
    6132      40.9083
    6133      40.6798
    6134      40.9292
    6135      41.0836
    6136      41.2337
    6137      41.1108
    6138      41.0786
    6139      41.1983
    6140      41.0808
    6141      40.9888
    6142      40.7063
    6143      41.0347
    6144      41.0608
    6145      40.9357
    6146      40.5005
    6147      40.5472
    6148      40.8574
    6149      40.2387
    6150      40.7927
    6151      40.9889
    6152      41.0830
    6153      40.8303
    6154      40.9615
    6155      40.7355
    6156      40.8381
    6157      41.1442
    6158      40.8177
    6159      40.8342
    6160      41.1296
    6161      41.2507
    6162      41.6823
    6163      41.6814
    6164      41.4860
    6165      41.4287
    6166      41.1831
    6167      41.2792
    6168      41.3794
    6169      41.2562
    6170      40.4499
    6171      41.0105
    6172      41.3349
    6173      40.9288
    6174      40.9864
    6175      40.8485
    6176      40.9207
    6177      41.1995
    6178      41.3870
    6179      40.7673
    6180      40.8979
    6181      41.0936
    6182      41.7073
    6183      41.2562
    6184      41.3633
    6185      40.8541
    6186      40.8585
    6187      41.2824
    6188      40.8827
    6189      41.0504
    6190      40.7776
    6191      41.0311
    6192      41.0862
    6193      41.1019
    6194      41.6144
    6195      41.5320
    6196      41.7274
    6197      41.1587
    6198      41.4008
    6199      41.3957
    6200      41.0550
    6201      41.4228
    6202      41.2774
    6203      41.0252
    6204      41.4345
    6205      40.9213
    6206      40.5104
    6207      40.5187
    6208      40.6820
    6209      40.9825
    6210      40.7779
    6211      40.9348
    6212      41.1765
    6213      41.7367
    6214      41.0408
    6215      41.3509
    6216      41.0253
    6217      40.7505
    6218      40.8080
    6219      41.2213
    6220      40.8562
    6221      41.0296
    6222      40.5508
    6223      40.9666
    6224      41.3383
    6225      40.8813
    6226      40.8971
    6227      41.3712
    6228      40.9506
    6229      40.8243
    6230      40.9869
    6231      40.7790
    6232      40.9337
    6233      40.8810
    6234      41.2715
    6235      41.4036
    6236      41.0273
    6237      41.0200
    6238      41.1350
    6239      40.9367
    6240      40.6963
    6241      40.6389
    6242      40.8533
    6243      40.3682
    6244      40.4399
    6245      40.9075
    6246      40.7639
    6247      40.4641
    6248      40.1278
    6249      40.5542
    6250      40.9260
    6251      40.5097
    6252      40.4200
    6253      40.6064
    6254      40.0597
    6255      40.5600
    6256      40.5267
    6257      41.0151
    6258      40.4995
    6259      40.9170
    6260      40.3650
    6261      40.6917
    6262      40.8502
    6263      40.7972
    6264      40.7598
    6265      41.0050
    6266      40.3503
    6267      40.5952
    6268      40.7795
    6269      40.6540
    6270      40.8761
    6271      40.7131
    6272      40.6166
    6273      40.3190
    6274      40.5026
    6275      40.3754
    6276      40.3598
    6277      40.4127
    6278      40.5360
    6279      40.4380
    6280      40.3871
    6281      40.6427
    6282      40.2801
    6283      40.5191
    6284      40.2111
    6285      40.3695
    6286      40.0552
    6287      39.8998
    6288      40.1757
    6289      40.2318
    6290      40.2289
    6291      40.3791
    6292      40.1027
    6293      40.2857
    6294      40.0581
    6295      40.5344
    6296      41.1642
    6297      40.3966
    6298      40.0531
    6299      40.5747
    6300      40.2733
    6301      40.6563
    6302      41.0642
    6303      40.3711
    6304      40.5890
    6305      40.4383
    6306      40.4466
    6307      40.1725
    6308      40.7147
    6309      40.7837
    6310      40.7072
    6311      40.4353
    6312      40.6441
    6313      40.7869
    6314      41.2208
    6315      40.8673
    6316      40.7266
    6317      40.6316
    6318      40.5560
    6319      40.2264
    6320      40.4674
    6321      40.2213
    6322      40.4706
    6323      40.0002
    6324      40.4266
    6325      41.2908
    6326      40.6979
    6327      40.9300
    6328      41.1391
    6329      41.2678
    6330      41.2885
    6331      41.2287
    6332      40.9291
    6333      41.4503
    6334      40.7769
    6335      41.8804
    6336      41.4919
    6337      40.9698
    6338      41.0644
    6339      40.6894
    6340      41.3094
    6341      40.7667
    6342      40.8328
    6343      40.7838
    6344      40.8882
    6345      40.9501
    6346      41.1015
    6347      40.9948
    6348      41.0926
    6349      41.2835
    6350      41.0293
    6351      40.6592
    6352      40.8471
    6353      40.9907
    6354      40.6121
    6355      40.7532
    6356      41.0858
    6357      40.7930
    6358      41.0689
    6359      40.9149
    6360      40.8161
    6361      41.1278
    6362      41.1687
    6363      40.6564
    6364      41.0686
    6365      41.1045
    6366      40.8933
    6367      40.7834
    6368      40.9825
    6369      40.8450
    6370      41.0022
    6371      40.8816
    6372      40.7818
    6373      41.0454
    6374      40.7206
    6375      40.9300
    6376      40.9986
    6377      41.0019
    6378      40.9918
    6379      40.8871
    6380      41.2208
    6381      41.2758
    6382      40.8368
    6383      40.9670
    6384      41.5661
    6385      40.7826
    6386      40.8317
    6387      41.2061
    6388      41.0269
    6389      41.1817
    6390      40.8320
    6391      40.8194
    6392      40.9434
    6393      40.6435
    6394      40.9300
    6395      40.8924
    6396      41.0153
    6397      40.9328
    6398      41.2158
    6399      41.1815
    6400      40.9105
    6401      40.9505
    6402      40.7531
    6403      41.1279
    6404      40.8494
    6405      41.1979
    6406      41.3721
    6407      41.1172
    6408      40.9478
    6409      40.9548
    6410      40.9567
    6411      41.0450
    6412      40.6046
    6413      41.1515
    6414      40.9064
    6415      41.0472
    6416      40.6382
    6417      41.1635
    6418      40.8972
    6419      40.9355
    6420      40.8122
    6421      40.6636
    6422      40.5475
    6423      40.7185
    6424      40.3929
    6425      39.9392
    6426      40.6112
    6427      41.1663
    6428      40.5850
    6429      41.1708
    6430      40.5613
    6431      41.5307
    6432      41.2405
    6433      41.1441
    6434      41.2031
    6435      41.0574
    6436      41.0963
    6437      41.2509
    6438      40.4496
    6439      40.6639
    6440      40.2756
    6441      40.7589
    6442      40.8254
    6443      40.7680
    6444      40.3667
    6445      40.2794
    6446      40.5672
    6447      40.8930
    6448      40.9902
    6449      40.9268
    6450      40.9784
    6451      41.3508
    6452      40.8820
    6453      41.3262
    6454      40.9310
    6455      40.8469
    6456      40.3357
    6457      41.0713
    6458      40.8632
    6459      40.8812
    6460      40.5139
    6461      40.6625
    6462      41.0159
    6463      41.0303
    6464      41.0631
    6465      40.7530
    6466      40.6833
    6467      40.6739
    6468      40.2791
    6469      41.0375
    6470      40.8695
    6471      40.3550
    6472      40.7912
    6473      40.1119
    6474      40.2043
    6475      40.8622
    6476      40.8686
    6477      40.9516
    6478      40.5194
    6479      40.6570
    6480      40.6636
    6481      40.9523
    6482      40.6934
    6483      40.5544
    6484      40.5988
    6485      40.1545
    6486      40.5532
    6487      40.6198
    6488      40.4115
    6489      40.7223
    6490      40.8707
    6491      40.6661
    6492      40.6682
    6493      40.4324
    6494      40.3925
    6495      40.8618
    6496      40.6149
    6497      40.1121
    6498      40.5426
    6499      41.0319
    6500      40.6742
    6501      40.6822
    6502      41.1893
    6503      41.3557
    6504      40.6775
    6505      40.7746
    6506      41.1859
    6507      40.8872
    6508      41.3369
    6509      41.2427
    6510      40.8978
    6511      41.1888
    6512      41.1111
    6513      40.9603
    6514      40.8135
    6515      40.8948
    6516      40.9337
    6517      41.4184
    6518      41.6465
    6519      41.6353
    6520      41.9201
    6521      41.9279
    6522      41.7934
    6523      41.7913
    6524      41.1851
    6525      41.6922
    6526      41.1731
    6527      40.7965
    6528      41.2736
    6529      40.8431
    6530      41.2262
    6531      41.3661
    6532      40.8676
    6533      40.7083
    6534      40.9655
    6535      40.4318
    6536      41.3133
    6537      40.9598
    6538      41.1461
    6539      41.3257
    6540      41.3089
    6541      41.1961
    6542      41.3699
    6543      41.0653
    6544      41.2599
    6545      41.4461
    6546      41.6072
    6547      41.0153
    6548      40.5840
    6549      40.7958
    6550      41.4874
    6551      41.5138
    6552      41.3957
    6553      41.4345
    6554      40.6836
    6555      41.1530
    6556      40.6882
    6557      41.1455
    6558      40.7625
    6559      40.4602
    6560      40.4858
    6561      41.0751
    6562      40.8987
    6563      41.0497
    6564      41.2799
    6565      41.1584
    6566      40.3970
    6567      40.7244
    6568      40.5555
    6569      40.2617
    6570      40.3114
    6571      40.3989
    6572      40.7055
    6573      40.6787
    6574      41.1741
    6575      41.2023
    6576      41.0955
    6577      41.3499
    6578      41.3760
    6579      41.8255
    6580      41.5248
    6581      41.4823
    6582      41.7550
    6583      41.5166
    6584      41.4719
    6585      41.3891
    6586      41.4426
    6587      41.2809
    6588      41.2659
    6589      41.3376
    6590      41.2319
    6591      41.0925
    6592      41.0343
    6593      40.9860
    6594      41.1949
    6595      40.4841
    6596      40.5894
    6597      40.6400
    6598      40.9465
    6599      41.2073
    6600      40.4697
    6601      40.9115
    6602      40.8424
    6603      40.3965
    6604      40.8429
    6605      40.8492
    6606      40.9076
    6607      40.8603
    6608      40.4789
    6609      40.8914
    6610      41.0431
    6611      40.7877
    6612      40.6076
    6613      41.1540
    6614      40.8750
    6615      40.7992
    6616      40.2871
    6617      40.6634
    6618      40.9931
    6619      41.0046
    6620      41.0387
    6621      40.6219
    6622      41.2189
    6623      41.6035
    6624      42.2216
    6625      42.1419
    6626      41.2791
    6627      41.0368
    6628      40.8167
    6629      41.0087
    6630      40.8401
    6631      40.6623
    6632      40.2326
    6633      40.6472
    6634      40.4688
    6635      40.7276
    6636      40.7876
    6637      41.0270
    6638      40.4631
    6639      40.6916
    6640      40.3227
    6641      40.3019
    6642      40.2995
    6643      40.8313
    6644      41.1394
    6645      40.2864
    6646      40.5760
    6647      40.6818
    6648      40.9065
    6649      40.7045
    6650      40.5620
    6651      40.8598
    6652      40.8436
    6653      40.6933
    6654      40.7639
    6655      40.4953
    6656      40.1922
    6657      40.8127
    6658      40.3719
    6659      40.3655
    6660      40.9400
    6661      41.0100
    6662      41.2512
    6663      41.3040
    6664      41.0120
    6665      41.4915
    6666      41.3482
    6667      40.7595
    6668      41.4850
    6669      41.2743
    6670      41.6414
    6671      41.7065
    6672      42.1160
    6673      41.7713
    6674      41.5542
    6675      41.5800
    6676      41.3805
    6677      41.0307
    6678      41.2419
    6679      41.1525
    6680      41.2916
    6681      40.8564
    6682      41.4109
    6683      41.0985
    6684      41.1189
    6685      40.9618
    6686      40.6028
    6687      40.7771
    6688      41.1844
    6689      41.2704
    6690      40.8685
    6691      41.1204
    6692      41.7140
    6693      41.4607
    6694      41.3348
    6695      41.1444
    6696      41.4714
    6697      41.3875
    6698      41.0501
    6699      41.5482
    6700      41.5265
    6701      41.9271
    6702      41.5837
    6703      41.3689
    6704      41.8404
    6705      41.4358
    6706      41.3225
    6707      41.8342
    6708      41.2239
    6709      40.5376
    6710      41.8317
    6711      41.5161
    6712      41.7558
    6713      42.1132
    6714      41.3947
    6715      41.1323
    6716      40.8515
    6717      40.9571
    6718      41.3649
    6719      41.4500
    6720      41.2258
    6721      40.9271
    6722      40.7935
    6723      41.2541
    6724      41.1050
    6725      41.3152
    6726      41.2801
    6727      41.3722
    6728      41.6155
    6729      41.7805
    6730      41.3807
    6731      41.1507
    6732      41.1166
    6733      41.2571
    6734      41.1535
    6735      41.2511
    6736      40.9076
    6737      40.5391
    6738      40.5218
    6739      40.9284
    6740      41.1398
    6741      41.2752
    6742      41.0429
    6743      41.2116
    6744      41.3056
    6745      41.4410
    6746      41.5436
    6747      41.5440
    6748      41.6378
    6749      41.0278
    6750      41.3820
    6751      41.1806
    6752      41.3100
    6753      41.4044
    6754      41.4243
    6755      41.3855
    6756      41.2225
    6757      41.6074
    6758      40.6723
    6759      40.8759
    6760      41.2942
    6761      41.3311
    6762      41.5369
    6763      41.3950
    6764      41.7781
    6765      41.6537
    6766      41.2235
    6767      41.3223
    6768      41.0150
    6769      41.1987
    6770      41.6665
    6771      41.2446
    6772      41.5364
    6773      41.5883
    6774      41.3151
    6775      40.8672
    6776      41.2232
    6777      41.5208
    6778      41.0986
    6779      40.9652
    6780      41.3311
    6781      41.0621
    6782      40.8718
    6783      40.7249
    6784      40.7806
    6785      41.1138
    6786      40.9486
    6787      41.4238
    6788      41.0274
    6789      41.4285
    6790      40.8244
    6791      40.9118
    6792      41.2148
    6793      41.6303
    6794      41.6029
    6795      40.7139
    6796      41.1282
    6797      40.6180
    6798      40.5570
    6799      40.5121
    6800      41.0007
    6801      40.8788
    6802      41.0532
    6803      41.1007
    6804      41.0606
    6805      41.3311
    6806      41.3745
    6807      41.5705
    6808      41.5096
    6809      41.3048
    6810      41.2491
    6811      41.0007
    6812      41.4718
    6813      41.4992
    6814      40.9801
    6815      41.4725
    6816      41.3968
    6817      41.3402
    6818      41.1395
    6819      40.9372
    6820      41.3307
    6821      41.1626
    6822      41.7045
    6823      41.0116
    6824      41.3204
    6825      41.3649
    6826      41.8582
    6827      41.9538
    6828      40.9191
    6829      40.7102
    6830      40.8635
    6831      41.3804
    6832      41.2575
    6833      40.7897
    6834      41.1741
    6835      41.0130
    6836      40.9347
    6837      40.6252
    6838      41.0385
    6839      40.7636
    6840      40.8233
    6841      40.9964
    6842      41.1115
    6843      40.8970
    6844      41.3164
    6845      41.4064
    6846      41.1240
    6847      41.3044
    6848      40.5186
    6849      40.3270
    6850      40.6493
    6851      41.1383
    6852      41.0565
    6853      41.0757
    6854      40.7859
    6855      40.4637
    6856      40.8583
    6857      41.1991
    6858      41.0747
    6859      41.2015
    6860      40.6845
    6861      40.6973
    6862      40.8401
    6863      41.2127
    6864      41.4449
    6865      41.9699
    6866      41.3526
    6867      41.2844
    6868      41.0893
    6869      40.6784
    6870      40.8261
    6871      41.7501
    6872      41.3295
    6873      41.0944
    6874      41.0216
    6875      41.1576
    6876      40.7349
    6877      40.8200
    6878      40.7336
    6879      40.7208
    6880      40.7216
    6881      40.9533
    6882      41.1983
    6883      40.5783
    6884      41.3021
    6885      40.9926
    6886      41.0729
    6887      40.7609
    6888      40.5795
    6889      40.6755
    6890      40.8433
    6891      40.7067
    6892      40.6650
    6893      41.1613
    6894      40.8976
    6895      41.4849
    6896      40.7116
    6897      40.5666
    6898      41.1500
    6899      41.0278
    6900      40.8036
    6901      41.0445
    6902      40.8564
    6903      40.8013
    6904      41.0321
    6905      40.9143
    6906      41.0762
    6907      40.7083
    6908      40.9275
    6909      40.8631
    6910      40.7157
    6911      40.7142
    6912      40.7645
    6913      41.2342
    6914      40.7135
    6915      41.3139
    6916      40.6165
    6917      40.3996
    6918      40.6381
    6919      40.6605
    6920      40.0831
    6921      40.4647
    6922      40.6518
    6923      40.8033
    6924      40.6228
    6925      40.8306
    6926      41.0807
    6927      41.1268
    6928      40.5279
    6929      40.6038
    6930      40.4982
    6931      40.6636
    6932      40.2395
    6933      40.8546
    6934      40.7226
    6935      40.9338
    6936      40.3703
    6937      41.1383
    6938      40.5070
    6939      40.5690
    6940      40.4514
    6941      40.7315
    6942      40.8775
    6943      40.8807
    6944      40.9436
    6945      41.3200
    6946      40.9501
    6947      41.2767
    6948      40.9473
    6949      40.8237
    6950      40.7032
    6951      40.9466
    6952      40.9307
    6953      41.0567
    6954      41.1452
    6955      40.9261
    6956      41.4441
    6957      40.8136
    6958      41.0454
    6959      40.9123
    6960      40.7737
    6961      41.2014
    6962      40.8318
    6963      40.6759
    6964      40.9675
    6965      41.0666
    6966      40.7072
    6967      41.1997
    6968      40.7987
    6969      41.1761
    6970      41.0708
    6971      41.2333
    6972      41.1659
    6973      40.9663
    6974      41.2725
    6975      41.2169
    6976      41.3092
    6977      41.5721
    6978      41.7663
    6979      41.4956
    6980      41.3568
    6981      41.4295
    6982      41.2431
    6983      41.0302
    6984      40.9114
    6985      41.0113
    6986      40.4579
    6987      41.0570
    6988      40.9479
    6989      40.8028
    6990      40.7505
    6991      40.8766
    6992      40.9835
    6993      41.0018
    6994      40.6236
    6995      40.2447
    6996      40.4806
    6997      40.9123
    6998      40.9397
    6999      40.9500
    7000      40.7801
    7001      40.9995
    7002      41.1303
    7003      41.0145
    7004      41.1470
    7005      40.6371
    7006      40.3162
    7007      40.5449
    7008      40.6310
    7009      40.7495
    7010      41.1794
    7011      41.0628
    7012      41.0227
    7013      41.0699
    7014      41.1141
    7015      40.9673
    7016      41.1406
    7017      40.9190
    7018      40.4440
    7019      40.9949
    7020      40.8710
    7021      40.9124
    7022      40.7345
    7023      40.5050
    7024      41.0784
    7025      40.8339
    7026      40.6947
    7027      40.4384
    7028      40.6893
    7029      41.0938
    7030      41.4609
    7031      41.3275
    7032      41.2803
    7033      41.0182
    7034      40.8228
    7035      40.8272
    7036      40.9397
    7037      41.0833
    7038      41.3262
    7039      40.7931
    7040      40.9709
    7041      41.0406
    7042      41.5868
    7043      41.0662
    7044      41.2726
    7045      40.7967
    7046      40.5693
    7047      40.8615
    7048      41.0002
    7049      41.3573
    7050      40.6952
    7051      40.9557
    7052      41.2853
    7053      41.1709
    7054      40.9352
    7055      40.9691
    7056      40.7238
    7057      41.1045
    7058      41.0115
    7059      40.9864
    7060      40.5343
    7061      40.7827
    7062      40.7453
    7063      40.8415
    7064      40.8884
    7065      40.8413
    7066      41.0142
    7067      41.1104
    7068      40.9202
    7069      41.1650
    7070      41.0649
    7071      41.2433
    7072      40.9136
    7073      41.0895
    7074      41.4778
    7075      41.2054
    7076      41.1613
    7077      41.3751
    7078      40.8909
    7079      40.8808
    7080      40.9962
    7081      41.2509
    7082      40.8642
    7083      40.9352
    7084      40.9159
    7085      41.2488
    7086      41.0407
    7087      41.2962
    7088      41.5150
    7089      40.8183
    7090      41.5627
    7091      41.3659
    7092      41.0809
    7093      41.0872
    7094      41.0694
    7095      41.1758
    7096      41.3632
    7097      41.4474
    7098      41.2293
    7099      41.2063
    7100      40.8273
    7101      41.0353
    7102      40.6011
    7103      41.1331
    7104      41.2630
    7105      40.9718
    7106      40.9606
    7107      40.7663
    7108      40.8946
    7109      40.4852
    7110      40.5129
    7111      40.6463
    7112      40.9947
    7113      40.7391
    7114      40.7669
    7115      40.7963
    7116      40.6422
    7117      40.3803
    7118      40.2571
    7119      40.6346
    7120      41.1368
    7121      41.3052
    7122      41.6446
    7123      40.9937
    7124      41.1555
    7125      40.9511
    7126      41.5360
    7127      40.7192
    7128      41.0053
    7129      40.4371
    7130      40.8363
    7131      40.3721
    7132      40.7798
    7133      40.5809
    7134      40.6672
    7135      41.1145
    7136      40.8263
    7137      41.0332
    7138      40.6793
    7139      40.6922
    7140      40.4875
    7141      40.9942
    7142      40.8284
    7143      40.9467
    7144      40.8926
    7145      40.6429
    7146      41.1071
    7147      40.7659
    7148      40.5876
    7149      40.6090
    7150      40.6925
    7151      40.7282
    7152      40.6821
    7153      40.6030
    7154      40.7116
    7155      41.0362
    7156      40.7457
    7157      41.0364
    7158      41.1635
    7159      40.4880
    7160      40.8026
    7161      40.6564
    7162      40.7845
    7163      40.8651
    7164      41.1246
    7165      41.2885
    7166      40.9047
    7167      40.8404
    7168      40.2830
    7169      40.3433
    7170      40.3057
    7171      40.4357
    7172      40.7509
    7173      40.8172
    7174      41.0349
    7175      40.6778
    7176      40.5346
    7177      40.7124
    7178      40.9325
    7179      40.7231
    7180      41.1885
    7181      40.9865
    7182      40.7610
    7183      40.8461
    7184      41.1525
    7185      40.8943
    7186      41.1413
    7187      40.6485
    7188      40.9219
    7189      40.9347
    7190      40.8785
    7191      40.8888
    7192      40.7767
    7193      40.3865
    7194      40.5854
    7195      40.2354
    7196      40.5742
    7197      40.5179
    7198      40.8191
    7199      41.3227
    7200      40.5655
    7201      40.8733
    7202      40.9886
    7203      41.1429
    7204      41.0050
    7205      40.6043
    7206      40.6702
    7207      41.2412
    7208      40.9412
    7209      40.7848
    7210      40.7657
    7211      40.8362
    7212      40.6214
    7213      41.2438
    7214      40.6289
    7215      41.0345
    7216      41.0646
    7217      40.7653
    7218      41.0524
    7219      41.0228
    7220      41.1998
    7221      40.5320
    7222      39.9790
    7223      40.4079
    7224      40.2368
    7225      40.6798
    7226      40.5173
    7227      40.2855
    7228      40.3712
    7229      41.0935
    7230      41.1894
    7231      41.2209
    7232      40.7619
    7233      40.9201
    7234      40.6734
    7235      40.3023
    7236      40.4711
    7237      40.8947
    7238      40.4198
    7239      40.3064
    7240      40.4214
    7241      40.3574
    7242      40.3360
    7243      39.9234
    7244      40.4457
    7245      40.6072
    7246      40.6333
    7247      40.6273
    7248      41.0516
    7249      40.5820
    7250      40.9516
    7251      40.5927
    7252      40.3578
    7253      40.5588
    7254      40.9210
    7255      40.4592
    7256      41.0207
    7257      40.6825
    7258      41.2252
    7259      40.8649
    7260      40.7596
    7261      40.7491
    7262      40.7414
    7263      40.8177
    7264      40.2514
    7265      41.3393
    7266      40.6077
    7267      41.0650
    7268      40.8390
    7269      40.6231
    7270      40.9310
    7271      41.0204
    7272      40.9983
    7273      41.5146
    7274      40.5516
    7275      40.9828
    7276      40.7967
    7277      40.7097
    7278      40.3784
    7279      40.3707
    7280      40.3057
    7281      40.7167
    7282      40.7597
    7283      40.9207
    7284      40.7895
    7285      40.7312
    7286      40.6515
    7287      39.9029
    7288      40.5741
    7289      40.5160
    7290      40.2451
    7291      40.4713
    7292      40.3884
    7293      40.9246
    7294      40.9680
    7295      40.9038
    7296      40.9703
    7297      41.8082
    7298      41.1542
    7299      40.7150
    7300      40.8158
    7301      40.8835
    7302      40.6693
    7303      41.1350
    7304      41.1567
    7305      41.2069
    7306      40.7166
    7307      41.1940
    7308      40.9628
    7309      40.9744
    7310      40.9233
    7311      40.9558
    7312      40.7102
    7313      40.5891
    7314      40.8226
    7315      41.0294
    7316      41.2995
    7317      41.1105
    7318      41.2974
    7319      40.8669
    7320      40.9367
    7321      41.1117
    7322      40.5331
    7323      41.0001
    7324      41.3371
    7325      41.0873
    7326      41.2363
    7327      41.2940
    7328      41.0862
    7329      40.7991
    7330      40.9691
    7331      40.9526
    7332      40.6701
    7333      41.5367
    7334      41.2477
    7335      40.8638
    7336      40.9252
    7337      41.1353
    7338      41.2572
    7339      41.1259
    7340      41.1547
    7341      40.9477
    7342      41.0063
    7343      41.1877
    7344      40.8967
    7345      40.9711
    7346      40.7604
    7347      41.2452
    7348      40.9905
    7349      40.5343
    7350      41.0238
    7351      40.8454
    7352      41.3183
    7353      41.0876
    7354      40.7769
    7355      40.8424
    7356      40.7569
    7357      41.2358
    7358      40.7945
    7359      40.8653
    7360      41.4791
    7361      40.6149
    7362      40.6058
    7363      40.6176
    7364      40.7798
    7365      40.3477
    7366      40.3960
    7367      40.9325
    7368      40.9595
    7369      40.6944
    7370      40.8442
    7371      41.1697
    7372      40.8070
    7373      40.4972
    7374      40.5094
    7375      41.2799
    7376      40.9449
    7377      40.5676
    7378      40.9033
    7379      40.6716
    7380      40.7549
    7381      40.8631
    7382      40.9132
    7383      41.0119
    7384      41.4660
    7385      41.2269
    7386      41.1597
    7387      41.3374
    7388      40.4859
    7389      40.8921
    7390      40.9083
    7391      41.4100
    7392      41.3093
    7393      41.2061
    7394      40.7213
    7395      40.8468
    7396      40.7536
    7397      40.6571
    7398      40.6877
    7399      40.8342
    7400      41.4760
    7401      41.5800
    7402      41.5828
    7403      40.7619
    7404      41.2678
    7405      40.9167
    7406      41.0422
    7407      41.2762
    7408      41.6513
    7409      41.7884
    7410      41.4201
    7411      40.8254
    7412      41.3858
    7413      40.9435
    7414      41.8100
    7415      41.4056
    7416      41.2895
    7417      41.5180
    7418      41.4226
    7419      41.1280
    7420      40.9580
    7421      41.5152
    7422      40.9794
    7423      41.4565
    7424      41.5645
    7425      41.1360
    7426      40.9339
    7427      41.2106
    7428      41.2157
    7429      41.1724
    7430      40.9202
    7431      41.4013
    7432      41.5484
    7433      41.1497
    7434      41.3721
    7435      40.7760
    7436      40.7687
    7437      40.5332
    7438      41.0785
    7439      41.8338
    7440      41.2154
    7441      41.2281
    7442      40.8342
    7443      41.1476
    7444      40.9575
    7445      41.0741
    7446      41.4726
    7447      41.8279
    7448      41.6016
    7449      41.1084
    7450      41.5517
    7451      41.1019
    7452      41.4709
    7453      41.2884
    7454      41.5279
    7455      41.4867
    7456      41.6902
    7457      41.5659
    7458      41.1575
    7459      40.7904
    7460      40.7020
    7461      40.9933
    7462      41.1374
    7463      40.7494
    7464      40.6395
    7465      40.8881
    7466      41.0654
    7467      41.0151
    7468      40.7082
    7469      40.8848
    7470      40.5406
    7471      40.9249
    7472      41.1003
    7473      41.0116
    7474      41.4013
    7475      40.8291
    7476      40.7666
    7477      40.2639
    7478      40.5319
    7479      40.7507
    7480      40.7319
    7481      40.9309
    7482      40.4844
    7483      40.8090
    7484      40.8136
    7485      40.8153
    7486      40.8828
    7487      40.4017
    7488      40.5355
    7489      40.5885
    7490      40.3479
    7491      41.0067
    7492      40.4878
    7493      40.6446
    7494      40.5718
    7495      40.9059
    7496      40.7912
    7497      40.2942
    7498      40.5360
    7499      40.4121
    7500      40.4144
    7501      40.2862
    7502      41.0097
    7503      40.3516
    7504      40.5488
    7505      40.3076
    7506      40.8001
    7507      40.6310
    7508      40.9412
    7509      40.7591
    7510      40.2958
    7511      41.0924
    7512      39.9970
    7513      40.5241
    7514      41.1798
    7515      40.6115
    7516      40.7616
    7517      40.9758
    7518      40.8724
    7519      40.8079
    7520      41.0440
    7521      41.2589
    7522      41.3885
    7523      41.1302
    7524      40.4329
    7525      41.0343
    7526      41.1550
    7527      40.6649
    7528      40.9167
    7529      40.9301
    7530      41.0000
    7531      40.9090
    7532      40.7158
    7533      40.6950
    7534      41.1676
    7535      41.5534
    7536      40.4240
    7537      41.0664
    7538      40.5110
    7539      40.4670
    7540      40.6492
    7541      40.6818
    7542      40.1067
    7543      40.5417
    7544      40.6795
    7545      40.8470
    7546      40.6231
    7547      40.1906
    7548      40.6294
    7549      40.6799
    7550      40.7483
    7551      41.1615
    7552      40.3615
    7553      40.8518
    7554      40.6420
    7555      40.7513
    7556      40.4664
    7557      40.4480
    7558      40.6627
    7559      41.0644
    7560      40.5163
    7561      40.9912
    7562      40.6067
    7563      41.2662
    7564      41.2364
    7565      41.5792
    7566      41.1499
    7567      40.6630
    7568      40.8552
    7569      40.6495
    7570      41.2395
    7571      41.3238
    7572      41.1022
    7573      40.6073
    7574      40.8469
    7575      40.6173
    7576      40.9112
    7577      40.7450
    7578      40.2609
    7579      40.3672
    7580      40.5532
    7581      39.9837
    7582      40.1844
    7583      40.5046
    7584      40.5095
    7585      40.5119
    7586      40.2954
    7587      40.0782
    7588      40.1593
    7589      40.1906
    7590      40.5193
    7591      40.8308
    7592      40.5547
    7593      40.5170
    7594      40.8037
    7595      40.0468
    7596      40.1453
    7597      40.2603
    7598      40.4628
    7599      41.1926
    7600      40.9099
    7601      40.9719
    7602      40.5970
    7603      40.8963
    7604      40.8790
    7605      40.6255
    7606      40.8235
    7607      40.9492
    7608      40.6672
    7609      40.6396
    7610      40.6898
    7611      40.7455
    7612      40.5929
    7613      40.9794
    7614      40.9876
    7615      40.7840
    7616      40.9841
    7617      40.7688
    7618      40.9822
    7619      41.1253
    7620      41.4402
    7621      41.0175
    7622      41.1778
    7623      40.7854
    7624      40.9081
    7625      40.8852
    7626      40.7581
    7627      41.1050
    7628      40.5959
    7629      40.8413
    7630      40.2779
    7631      40.3395
    7632      40.4163
    7633      40.3455
    7634      40.2746
    7635      40.3508
    7636      39.8091
    7637      40.2710
    7638      40.5677
    7639      40.7212
    7640      40.4874
    7641      41.1789
    7642      40.4085
    7643      41.0812
    7644      40.7556
    7645      40.5862
    7646      40.9092
    7647      40.7122
    7648      40.8756
    7649      40.5875
    7650      40.5903
    7651      40.6541
    7652      40.8541
    7653      40.3518
    7654      40.4134
    7655      40.7883
    7656      40.5515
    7657      40.6205
    7658      40.3635
    7659      40.6333
    7660      41.1579
    7661      40.9250
    7662      40.8463
    7663      41.1784
    7664      40.9963
    7665      40.3975
    7666      40.8791
    7667      40.6244
    7668      40.9090
    7669      40.6425
    7670      40.8097
    7671      40.8069
    7672      40.6958
    7673      40.8953
    7674      40.4850
    7675      40.4696
    7676      40.4689
    7677      40.5092
    7678      40.1568
    7679      40.4305
    7680      40.2832
    7681      40.5502
    7682      40.4779
    7683      40.2944
    7684      40.9063
    7685      40.6914
    7686      40.8538
    7687      41.1905
    7688      40.5718
    7689      41.1365
    7690      40.8940
    7691      40.8781
    7692      41.1168
    7693      41.3978
    7694      40.6662
    7695      40.5861
    7696      40.7062
    7697      39.8271
    7698      40.4725
    7699      40.5449
    7700      40.0696
    7701      40.4254
    7702      40.5019
    7703      40.8449
    7704      40.6495
    7705      40.8999
    7706      40.4910
    7707      41.0670
    7708      41.2710
    7709      41.7653
    7710      41.2581
    7711      41.2531
    7712      41.7438
    7713      42.1396
    7714      41.7164
    7715      41.6826
    7716      41.5441
    7717      41.2288
    7718      41.2781
    7719      40.8452
    7720      40.9194
    7721      41.1145
    7722      41.1710
    7723      41.3759
    7724      41.0889
    7725      40.9723
    7726      41.0585
    7727      40.9805
    7728      40.8798
    7729      41.3589
    7730      41.0475
    7731      41.3494
    7732      40.8355
    7733      40.8555
    7734      40.5101
    7735      40.8563
    7736      41.1276
    7737      40.6312
    7738      40.9706
    7739      41.2618
    7740      41.1816
    7741      41.0453
    7742      41.3544
    7743      40.7678
    7744      40.8707
    7745      41.0091
    7746      41.5956
    7747      41.7106
    7748      41.5834
    7749      41.7925
    7750      41.2516
    7751      41.2705
    7752      41.0139
    7753      41.3844
    7754      41.4527
    7755      41.0356
    7756      41.1609
    7757      41.1503
    7758      41.0179
    7759      40.6298
    7760      41.3496
    7761      41.5942
    7762      40.9630
    7763      41.0999
    7764      41.3995
    7765      41.7537
    7766      42.1206
    7767      41.7824
    7768      41.6709
    7769      41.0357
    7770      40.7917
    7771      41.2129
    7772      41.6292
    7773      41.1087
    7774      40.7990
    7775      41.2372
    7776      41.6154
    7777      41.2632
    7778      41.4009
    7779      41.4903
    7780      41.9517
    7781      41.5268
    7782      40.8989
    7783      41.2556
    7784      40.7793
    7785      41.2866
    7786      40.8352
    7787      40.7138
    7788      40.2938
    7789      40.6316
    7790      40.8057
    7791      40.5881
    7792      40.7143
    7793      40.6316
    7794      40.6474
    7795      40.7144
    7796      40.1974
    7797      40.1198
    7798      40.1410
    7799      40.0838
    7800      40.4682
    7801      40.8043
    7802      40.4243
    7803      40.5239
    7804      40.7142
    7805      40.3158
    7806      40.7037
    7807      40.8471
    7808      40.3031
    7809      41.0275
    7810      40.2069
    7811      40.7319
    7812      40.6425
    7813      41.1345
    7814      41.3883
    7815      40.5779
    7816      40.8457
    7817      40.5079
    7818      40.5396
    7819      40.7535
    7820      40.5836
    7821      40.0785
    7822      40.5455
    7823      41.0178
    7824      40.8180
    7825      41.0301
    7826      40.6370
    7827      41.1835
    7828      41.2430
    7829      41.2524
    7830      41.2632
    7831      41.2987
    7832      41.3726
    7833      41.3299
    7834      40.6470
    7835      40.9453
    7836      41.1908
    7837      40.4739
    7838      40.9482
    7839      40.9037
    7840      41.2401
    7841      41.2679
    7842      40.7506
    7843      40.3833
    7844      41.0121
    7845      40.9975
    7846      40.5296
    7847      40.8578
    7848      40.2379
    7849      40.6859
    7850      40.5304
    7851      40.3847
    7852      40.7375
    7853      40.6584
    7854      40.3717
    7855      40.2066
    7856      40.7804
    7857      40.8928
    7858      40.5112
    7859      40.5497
    7860      40.4465
    7861      40.6397
    7862      40.9241
    7863      40.8273
    7864      41.1693
    7865      41.0836
    7866      40.9807
    7867      41.2042
    7868      40.9904
    7869      40.7011
    7870      41.2399
    7871      40.5378
    7872      40.4437
    7873      40.6752
    7874      40.4187
    7875      40.3764
    7876      40.2526
    7877      40.6025
    7878      40.8138
    7879      41.0004
    7880      41.0535
    7881      40.7648
    7882      40.8591
    7883      40.8016
    7884      40.9057
    7885      40.3830
    7886      40.0773
    7887      40.6782
    7888      40.9363
    7889      40.6573
    7890      40.7167
    7891      40.8279
    7892      41.0805
    7893      40.8796
    7894      40.9280
    7895      40.7052
    7896      40.8373
    7897      41.3367
    7898      40.9328
    7899      40.4254
    7900      40.8200
    7901      40.5930
    7902      40.7017
    7903      40.7060
    7904      40.8844
    7905      40.6886
    7906      40.8287
    7907      40.2885
    7908      40.1331
    7909      39.7233
    7910      40.2723
    7911      40.2465
    7912      40.4572
    7913      40.0928
    7914      41.0939
    7915      40.5260
    7916      40.8418
    7917      40.1563
    7918      40.7324
    7919      40.1838
    7920      40.3527
    7921      40.9141
    7922      40.3649
    7923      41.2102
    7924      40.6182
    7925      40.3910
    7926      40.4414
    7927      40.3449
    7928      39.7207
    7929      40.2363
    7930      40.9746
    7931      40.4526
    7932      41.0028
    7933      40.4823
    7934      40.8592
    7935      40.4165
    7936      40.8418
    7937      41.2221
    7938      40.9991
    7939      41.6410
    7940      40.9133
    7941      40.6036
    7942      41.3302
    7943      40.8081
    7944      40.9979
    7945      41.4089
    7946      41.1958
    7947      40.9446
    7948      40.2919
    7949      41.0414
    7950      40.6686
    7951      40.9558
    7952      41.0199
    7953      40.6436
    7954      40.7561
    7955      40.4750
    7956      40.5937
    7957      40.6436
    7958      40.9836
    7959      41.1065
    7960      41.3965
    7961      41.0214
    7962      41.4388
    7963      41.1355
    7964      41.0783
    7965      40.8801
    7966      40.7461
    7967      40.9738
    7968      41.4488
    7969      41.5619
    7970      40.9655
    7971      41.1474
    7972      40.8058
    7973      41.0924
    7974      41.1268
    7975      41.3355
    7976      41.5700
    7977      41.2461
    7978      41.5295
    7979      40.7230
    7980      40.9098
    7981      40.6727
    7982      40.8377
    7983      41.2247
    7984      40.9103
    7985      40.6207
    7986      40.6209
    7987      40.9436
    7988      40.9157
    7989      40.5089
    7990      40.6439
    7991      40.1877
    7992      40.6325
    7993      41.3163
    7994      40.5682
    7995      40.7557
    7996      40.5637
    7997      39.9722
    7998      40.9951
    7999      40.7355
    8000      40.3605
    8001      40.8132
    8002      40.6685
    8003      40.6329
    8004      41.0317
    8005      40.2547
    8006      41.1859
    8007      41.0155
    8008      41.0705
    8009      42.1174
    8010      41.2744
    8011      41.4899
    8012      41.5389
    8013      42.1377
    8014      41.6797
    8015      41.9508
    8016      42.2350
    8017      41.8970
    8018      41.7584
    8019      41.7301
    8020      41.9448
    8021      42.1047
    8022      41.9511
    8023      42.0110
    8024      41.9646
    8025      42.2466
    8026      42.3404
    8027      42.1575
    8028      42.1294
    8029      41.9220
    8030      42.1567
    8031      42.2631
    8032      41.8047
    8033      42.3083
    8034      42.1456
    8035      41.9317
    8036      42.2899
    8037      42.4352
    8038      41.9132
    8039      42.1310
    8040      42.1911
    8041      42.3214
    8042      42.4589
    8043      42.2556
    8044      42.1504
    8045      42.0319
    8046      41.8109
    8047      42.0498
    8048      42.1792
    8049      42.1478
    8050      42.3184
    8051      42.3817
    8052      42.0409
    8053      41.8742
    8054      41.8543
    8055      43.0710
    8056      42.6400
    8057      42.2332
    8058      42.4228
    8059      42.2079
    8060      41.9062
    8061      42.0399
    8062      41.7445
    8063      41.9560
    8064      41.6073
    8065      42.1824
    8066      42.5236
    8067      42.2227
    8068      42.5568
    8069      42.3497
    8070      41.5403
    8071      42.1223
    8072      42.3315
    8073      41.9643
    8074      41.9460
    8075      41.5087
    8076      41.8543
    8077      41.9767
    8078      41.4875
    8079      41.5013
    8080      41.9618
    8081      41.9404
    8082      42.2998
    8083      41.6896
    8084      41.6800
    8085      42.0733
    8086      41.8805
    8087      41.7782
    8088      41.7753
    8089      41.9914
    8090      42.2642
    8091      42.4658
    8092      42.4851
    8093      42.2811
    8094      42.1419
    8095      42.0162
    8096      41.8697
    8097      41.7772
    8098      42.2593
    8099      42.2323
    8100      41.8729
    8101      41.8067
    8102      42.5891
    8103      42.3129
    8104      41.8317
    8105      42.2961
    8106      42.2672
    8107      41.8722
    8108      42.0016
    8109      42.3946
    8110      42.3235
    8111      42.2015
    8112      42.6088
    8113      42.2282
    8114      41.9604
    8115      42.2086
    8116      41.9799
    8117      41.5516
    8118      42.4969
    8119      42.8036
    8120      42.4755
    8121      42.1358
    8122      42.1373
    8123      42.5468
    8124      42.3169
    8125      42.6684
    8126      42.2285
    8127      42.4035
    8128      42.0600
    8129      42.0805
    8130      42.0166
    8131      42.3390
    8132      42.4646
    8133      42.1356
    8134      42.3550
    8135      42.4029
    8136      42.6234
    8137      42.4254
    8138      42.2907
    8139      42.4975
    8140      42.4270
    8141      42.4846
    8142      42.2802
    8143      42.2827
    8144      41.9522
    8145      41.9126
    8146      42.1504
    8147      42.1911
    8148      42.1858
    8149      41.8688
    8150      42.0230
    8151      41.9152
    8152      42.0260
    8153      41.7451
    8154      42.0488
    8155      42.1030
    8156      42.2734
    8157      42.0810
    8158      42.4484
    8159      42.3257
    8160      42.6094
    8161      42.3528
    8162      42.1701
    8163      42.4065
    8164      42.4988
    8165      42.6702
    8166      42.3172
    8167      41.8813
    8168      41.7481
    8169      42.0037
    8170      42.2612
    8171      42.4512
    8172      42.0672
    8173      42.7112
    8174      42.2868
    8175      42.3663
    8176      42.2832
    8177      42.1658
    8178      42.4553
    8179      42.4928
    8180      42.5560
    8181      42.7532
    8182      42.9416
    8183      42.8297
    8184      42.4944
    8185      42.2454
    8186      42.0294
    8187      41.9413
    8188      42.2284
    8189      41.6146
    8190      42.2573
    8191      41.9162
    8192      42.1260
    8193      42.3876
    8194      41.8408
    8195      42.4701
    8196      42.1181
    8197      41.8830
    8198      42.5103
    8199      42.1782
    8200      42.3360
    8201      42.0795
    8202      42.3885
    8203      41.9730
    8204      41.9804
    8205      42.5002
    8206      42.4731
    8207      42.8192
    8208      42.4148
    8209      42.5091
    8210      41.7932
    8211      41.8757
    8212      41.9624
    8213      42.1329
    8214      42.2444
    8215      42.2846
    8216      42.4195
    8217      42.5912
    8218      42.3769
    8219      42.2779
    8220      42.3173
    8221      42.3032
    8222      42.4830
    8223      42.1810
    8224      42.4866
    8225      41.7729
    8226      41.3344
    8227      41.5997
    8228      42.2349
    8229      42.1055
    8230      41.9679
    8231      42.2509
    8232      42.1240
    8233      42.3713
    8234      42.3530
    8235      42.9977
    8236      42.9271
    8237      42.1161
    8238      42.0974
    8239      42.3039
    8240      42.1867
    8241      42.1691
    8242      42.4635
    8243      42.2366
    8244      42.9533
    8245      42.4148
    8246      42.3120
    8247      42.4343
    8248      42.7571
    8249      42.4640
    8250      42.3911
    8251      42.8271
    8252      42.3771
    8253      42.0779
    8254      42.3058
    8255      42.2493
    8256      42.5113
    8257      42.2629
    8258      41.9354
    8259      42.3022
    8260      42.1546
    8261      42.5733
    8262      42.3024
    8263      42.1408
    8264      41.9922
    8265      42.1849
    8266      41.7576
    8267      42.1559
    8268      41.9442
    8269      42.0684
    8270      42.0529
    8271      42.3362
    8272      42.4338
    8273      42.4069
    8274      42.3821
    8275      42.5237
    8276      42.0197
    8277      41.6406
    8278      42.1183
    8279      42.1634
    8280      42.4135
    8281      42.3818
    8282      42.3647
    8283      42.3868
    8284      42.0070
    8285      42.3349
    8286      42.0704
    8287      42.6742
    8288      42.7662
    8289      42.1936
    8290      42.3763
    8291      42.3246
    8292      42.1726
    8293      42.5784
    8294      42.7268
    8295      42.4345
    8296      42.1874
    8297      42.6020
    8298      42.7862
    8299      42.5968
    8300      42.4475
    8301      42.1992
    8302      42.3907
    8303      42.3756
    8304      41.9139
    8305      41.9184
    8306      42.5052
    8307      41.8394
    8308      42.0406
    8309      42.2978
    8310      42.1736
    8311      42.6675
    8312      42.2986
    8313      42.4433
    8314      42.2160
    8315      42.3297
    8316      42.0881
    8317      42.0596
    8318      41.8622
    8319      41.9035
    8320      42.0795
    8321      41.9226
    8322      41.9734
    8323      42.3886
    8324      42.0725
    8325      42.0267
    8326      42.5857
    8327      42.3953
    8328      42.9107
    8329      42.0372
    8330      41.9343
    8331      42.2655
    8332      42.0160
    8333      42.0102
    8334      42.2944
    8335      42.4608
    8336      42.4211
    8337      42.2123
    8338      42.1703
    8339      42.2578
    8340      42.1833
    8341      42.6835
    8342      42.7679
    8343      42.8941
    8344      42.3080
    8345      42.5871
    8346      42.0363
    8347      42.3199
    8348      42.4116
    8349      42.2510
    8350      42.6787
    8351      42.3938
    8352      41.7351
    8353      42.5138
    8354      42.3917
    8355      42.1141
    8356      42.7443
    8357      42.7798
    8358      42.2324
    8359      42.3558
    8360      42.3317
    8361      43.1250
    8362      42.8649
    8363      42.1303
    8364      42.5389
    8365      42.4919
    8366      42.3391
    8367      42.5489
    8368      42.5619
    8369      42.8544
    8370      42.3509
    8371      42.3020
    8372      42.4278
    8373      42.6506
    8374      42.7102
    8375      42.4153
    8376      42.3467
    8377      42.0634
    8378      42.2987
    8379      42.4314
    8380      42.2664
    8381      41.9433
    8382      42.5311
    8383      42.5445
    8384      42.2051
    8385      42.4451
    8386      42.0262
    8387      42.3759
    8388      42.3254
    8389      42.0643
    8390      42.4877
    8391      42.6083
    8392      42.3382
    8393      42.4383
    8394      42.2645
    8395      41.5655
    8396      41.8517
    8397      42.2965
    8398      42.7021
    8399      42.4957
    8400      42.6168
    8401      42.7314
    8402      43.0218
    8403      42.0248
    8404      42.3268
    8405      42.1126
    8406      41.8583
    8407      42.1090
    8408      42.1686
    8409      42.0460
    8410      42.7261
    8411      42.1591
    8412      42.3168
    8413      42.0087
    8414      42.3994
    8415      42.2999
    8416      41.6947
    8417      42.5883
    8418      42.1887
    8419      42.3291
    8420      42.2080
    8421      41.9699
    8422      42.1485
    8423      41.9120
    8424      42.1483
    8425      42.3680
    8426      42.4078
    8427      41.7846
    8428      42.2166
    8429      42.3053
    8430      41.9798
    8431      42.1795
    8432      42.2973
    8433      42.3922
    8434      42.9607
    8435      42.3149
    8436      42.0118
    8437      42.2848
    8438      42.0677
    8439      42.6921
    8440      42.5549
    8441      42.1947
    8442      42.4360
    8443      42.2097
    8444      42.5993
    8445      42.2090
    8446      42.5198
    8447      42.1018
    8448      42.3983
    8449      42.2649
    8450      42.7309
    8451      42.0061
    8452      42.1792
    8453      42.2405
    8454      42.0790
    8455      42.0741
    8456      42.0148
    8457      42.0634
    8458      42.5029
    8459      42.1734
    8460      42.5855
    8461      42.7634
    8462      42.0189
    8463      42.4316
    8464      42.6065
    8465      42.1088
    8466      42.2713
    8467      42.0870
    8468      42.1759
    8469      42.6217
    8470      42.0997
    8471      42.0311
    8472      42.5307
    8473      42.4434
    8474      42.9520
    8475      41.8659
    8476      42.4183
    8477      42.4356
    8478      42.4773
    8479      41.6035
    8480      42.1307
    8481      42.3117
    8482      42.0706
    8483      42.1580
    8484      42.3890
    8485      42.4073
    8486      42.1329
    8487      42.2804
    8488      42.2856
    8489      42.4679
    8490      42.5180
    8491      42.6009
    8492      42.6280
    8493      42.3253
    8494      42.2067
    8495      42.4710
    8496      42.3050
    8497      41.9991
    8498      42.6013
    8499      42.2467
    8500      42.6848
    8501      42.1313
    8502      42.1294
    8503      42.1964
    8504      42.3424
    8505      42.6819
    8506      42.3399
    8507      42.7207
    8508      42.2529
    8509      42.5025
    8510      42.1836
    8511      41.7439
    8512      42.7736
    8513      42.6289
    8514      42.3031
    8515      42.4586
    8516      42.7273
    8517      41.9401
    8518      42.4684
    8519      42.3706
    8520      42.4332
    8521      42.5566
    8522      42.2778
    8523      41.8557
    8524      42.6135
    8525      42.2137
    8526      42.3858
    8527      42.0608
    8528      41.7646
    8529      42.0544
    8530      42.4191
    8531      42.8248
    8532      41.9603
    8533      42.5620
    8534      42.7642
    8535      42.0879
    8536      42.2180
    8537      42.4513
    8538      42.3235
    8539      42.1268
    8540      41.9967
    8541      42.4953
    8542      42.3825
    8543      42.6576
    8544      41.9914
    8545      42.5868
    8546      41.9821
    8547      41.8992
    8548      41.6353
    8549      42.2266
    8550      42.0330
    8551      41.6529
    8552      41.7206
    8553      41.7098
    8554      42.0528
    8555      42.0268
    8556      42.0765
    8557      42.0556
    8558      41.4994
    8559      41.7683
    8560      41.8391
    8561      42.4615
    8562      41.8448
    8563      42.1840
    8564      42.2901
    8565      42.2030
    8566      41.6661
    8567      42.9230
    8568      42.2079
    8569      41.7861
    8570      42.3009
    8571      42.3322
    8572      42.2315
    8573      41.7809
    8574      41.8418
    8575      41.9452
    8576      42.1706
    8577      42.0968
    8578      42.2926
    8579      41.8791
    8580      41.8827
    8581      41.7215
    8582      41.8250
    8583      42.1150
    8584      42.4799
    8585      41.7654
    8586      42.2900
    8587      42.2917
    8588      42.1371
    8589      42.0907
    8590      42.2877
    8591      42.2117
    8592      42.2831
    8593      42.0911
    8594      41.9272
    8595      41.7705
    8596      41.7662
    8597      42.1395
    8598      42.4773
    8599      42.3344
    8600      42.0390
    8601      42.4959
    8602      42.3283
    8603      42.0162
    8604      42.1727
    8605      42.3293
    8606      42.2665
    8607      42.3390
    8608      42.2899
    8609      41.8652
    8610      42.0007
    8611      41.8363
    8612      42.2210
    8613      42.8855
    8614      42.6148
    8615      42.4074
    8616      42.4885
    8617      42.0729
    8618      41.8121
    8619      42.4840
    8620      41.8492
    8621      41.9208
    8622      42.0744
    8623      42.0865
    8624      42.1431
    8625      42.3463
    8626      42.2056
    8627      41.8066
    8628      42.2572
    8629      42.2467
    8630      42.1159
    8631      41.9517
    8632      42.0120
    8633      42.4679
    8634      42.2447
    8635      42.1600
    8636      42.3576
    8637      41.7205
    8638      42.5725
    8639      42.7616
    8640      42.0129
    8641      42.4442
    8642      41.5031
    8643      41.6138
    8644      41.9769
    8645      41.8940
    8646      41.8137
    8647      42.3353
    8648      42.4749
    8649      42.4123
    8650      42.1543
    8651      42.2808
    8652      42.3801
    8653      42.2093
    8654      42.3316
    8655      42.2867
    8656      42.7365
    8657      42.6695
    8658      42.2219
    8659      42.2680
    8660      42.3475
    8661      42.1939
    8662      42.4608
    8663      42.7548
    8664      42.5649
    8665      42.2763
    8666      42.6503
    8667      42.1931
    8668      42.6044
    8669      42.1992
    8670      42.3509
    8671      42.6515
    8672      42.6931
    8673      42.3170
    8674      42.2504
    8675      43.1793
    8676      43.0649
    8677      42.5005
    8678      42.5922
    8679      42.4307
    8680      42.1190
    8681      42.2807
    8682      42.4852
    8683      42.4033
    8684      42.3625
    8685      42.6111
    8686      42.5776
    8687      43.2454
    8688      42.4610
    8689      42.5585
    8690      42.3115
    8691      42.0192
    8692      42.2693
    8693      42.4017
    8694      42.6606
    8695      42.6759
    8696      42.4403
    8697      42.5103
    8698      42.0097
    8699      41.9152
    8700      41.3880
    8701      41.9931
    8702      42.0521
    8703      42.2803
    8704      42.2085
    8705      42.2550
    8706      41.9989
    8707      42.1902
    8708      41.9383
    8709      41.7208
    8710      42.4233
    8711      42.3608
    8712      42.6542
    8713      42.7588
    8714      41.7430
    8715      42.4470
    8716      42.4014
    8717      42.5111
    8718      42.3320
    8719      42.2685
    8720      41.9469
    8721      42.2509
    8722      42.1074
    8723      41.7465
    8724      42.0154
    8725      41.6286
    8726      42.4370
    8727      42.5737
    8728      42.0517
    8729      42.0452
    8730      42.4151
    8731      42.4904
    8732      41.6252
    8733      41.8522
    8734      42.0161
    8735      41.9143
    8736      42.4467
    8737      42.1853
    8738      42.0850
    8739      42.0504
    8740      42.2185
    8741      42.2394
    8742      42.2036
    8743      42.1747
    8744      42.2515
    8745      42.2737
    8746      42.7137
    8747      41.7806
    8748      42.1174
    8749      41.8211
    8750      41.4951
    8751      41.7340
    8752      42.5501
    8753      42.6330
    8754      41.6594
    8755      42.2589
    8756      42.4458
    8757      41.8064
    8758      41.9139
    8759      41.5520
    8760      41.9165
    8761      41.8163
    8762      42.0255
    8763      41.8896
    8764      42.0525
    8765      42.1628
    8766      42.4023
    8767      42.2019
    8768      42.5232
    8769      42.4341
    8770      42.1215
    8771      41.8433
    8772      42.2965
    8773      41.9936
    8774      42.4672
    8775      42.3708
    8776      41.9597
    8777      42.2300
    8778      42.1045
    8779      42.3029
    8780      42.2183
    8781      42.1512
    8782      42.3475
    8783      41.7895
    8784      41.7460
    8785      42.1011
    8786      42.4822
    8787      42.6078
    8788      42.2449
    8789      42.6077
    8790      42.7270
    8791      42.5311
    8792      41.9636
    8793      42.2002
    8794      42.3332
    8795      42.2427
    8796      41.7411
    8797      41.6950
    8798      41.8795
    8799      41.9670
    8800      41.8735
    8801      41.6197
    8802      41.6418
    8803      41.5689
    8804      42.0125
    8805      41.6987
    8806      41.2877
    8807      41.8789
    8808      41.9843
    8809      42.1756
    8810      42.3837
    8811      41.9568
    8812      41.9979
    8813      41.9441
    8814      41.8685
    8815      41.9203
    8816      42.1485
    8817      41.7473
    8818      41.7599
    8819      41.6814
    8820      41.2470
    8821      41.8340
    8822      41.7346
    8823      41.6245
    8824      41.3985
    8825      41.9810
    8826      42.0737
    8827      42.1646
    8828      41.8162
    8829      41.8292
    8830      42.0037
    8831      41.5199
    8832      42.0489
    8833      41.9555
    8834      42.1058
    8835      41.7430
    8836      41.7407
    8837      41.9074
    8838      42.1365
    8839      42.2554
    8840      41.5761
    8841      42.3805
    8842      42.0272
    8843      42.0763
    8844      41.5517
    8845      42.0414
    8846      42.3780
    8847      42.1889
    8848      42.3515
    8849      42.2800
    8850      42.0748
    8851      42.4214
    8852      42.2186
    8853      41.9027
    8854      42.4675
    8855      42.7729
    8856      42.6346
    8857      42.2939
    8858      42.2019
    8859      42.6141
    8860      42.0383
    8861      41.8730
    8862      42.4425
    8863      41.7762
    8864      42.2568
    8865      42.4156
    8866      41.9654
    8867      42.1973
    8868      42.2073
    8869      41.4909
    8870      41.8284
    8871      41.9306
    8872      42.0982
    8873      42.0727
    8874      41.8109
    8875      42.2565
    8876      42.2794
    8877      42.9427
    8878      42.0618
    8879      42.0398
    8880      41.8815
    8881      42.1860
    8882      41.8229
    8883      41.8906
    8884      42.0653
    8885      41.9080
    8886      42.4907
    8887      41.7288
    8888      41.6216
    8889      42.0594
    8890      41.7453
    8891      42.0788
    8892      41.0399
    8893      41.0484
    8894      41.2995
    8895      41.6403
    8896      42.1015
    8897      42.0446
    8898      42.4338
    8899      42.2730
    8900      41.8474
    8901      41.8404
    8902      41.9803
    8903      41.5471
    8904      42.0972
    8905      42.4141
    8906      41.8676
    8907      41.7428
    8908      42.0165
    8909      41.9365
    8910      42.0287
    8911      42.0797
    8912      42.2969
    8913      41.9819
    8914      41.8744
    8915      42.1335
    8916      42.0861
    8917      41.2473
    8918      41.7128
    8919      41.5021
    8920      41.5934
    8921      42.4049
    8922      42.0718
    8923      41.8012
    8924      41.6933
    8925      41.7302
    8926      41.7593
    8927      41.7395
    8928      41.9193
    8929      42.0137
    8930      41.8771
    8931      42.3903
    8932      41.5325
    8933      41.7462
    8934      41.9273
    8935      41.4955
    8936      41.5064
    8937      42.3386
    8938      42.0226
    8939      41.9276
    8940      42.2659
    8941      42.3510
    8942      41.8583
    8943      41.6661
    8944      42.0610
    8945      41.4730
    8946      41.4861
    8947      40.9867
    8948      41.7748
    8949      41.9436
    8950      41.4943
    8951      41.6813
    8952      42.0377
    8953      42.4192
    8954      41.8318
    8955      41.9929
    8956      41.7416
    8957      41.6074
    8958      41.5132
    8959      42.1096
    8960      41.5209
    8961      41.9360
    8962      41.7647
    8963      41.6004
    8964      41.7737
    8965      42.5074
    8966      41.5767
    8967      41.7024
    8968      41.7673
    8969      41.7646
    8970      41.9924
    8971      41.2944
    8972      42.0071
    8973      41.8156
    8974      41.6219
    8975      42.3867
    8976      41.9135
    8977      42.4071
    8978      41.8734
    8979      41.5920
    8980      41.7148
    8981      41.5285
    8982      41.7717
    8983      41.7478
    8984      41.6126
    8985      41.3068
    8986      41.3233
    8987      41.6446
    8988      41.4911
    8989      41.3394
    8990      41.6045
    8991      41.5713
    8992      41.2963
    8993      40.8302
    8994      41.4980
    8995      41.2892
    8996      41.2423
    8997      41.3382
    8998      40.9220
    8999      41.0776
    9000      41.2857
    9001      41.9120
    9002      41.9258
    9003      41.7413
    9004      41.9785
    9005      41.5173
    9006      41.4325
    9007      41.6058
    9008      41.8090
    9009      41.5402
    9010      41.7327
    9011      41.8971
    9012      42.2432
    9013      41.6348
    9014      41.5232
    9015      42.0596
    9016      42.2409
    9017      41.8725
    9018      42.2210
    9019      41.9080
    9020      41.6489
    9021      42.1524
    9022      42.0033
    9023      42.1154
    9024      41.6084
    9025      41.6314
    9026      41.4832
    9027      41.9384
    9028      42.1767
    9029      42.3412
    9030      42.2724
    9031      42.4357
    9032      42.1153
    9033      42.2361
    9034      41.9393
    9035      42.4399
    9036      41.5857
    9037      41.7086
    9038      41.9448
    9039      41.5703
    9040      41.6919
    9041      41.2249
    9042      41.9199
    9043      41.4335
    9044      41.9691
    9045      41.7484
    9046      41.8143
    9047      41.3837
    9048      42.2638
    9049      42.0583
    9050      41.8388
    9051      42.0612
    9052      41.7208
    9053      41.8557
    9054      41.6202
    9055      41.1744
    9056      41.9609
    9057      42.1921
    9058      41.9459
    9059      41.8729
    9060      41.7864
    9061      41.8283
    9062      41.8404
    9063      42.1563
    9064      41.9613
    9065      41.7441
    9066      41.8786
    9067      42.0786
    9068      41.2598
    9069      41.5355
    9070      41.7824
    9071      41.3622
    9072      41.4372
    9073      41.5932
    9074      41.1985
    9075      41.5679
    9076      41.6212
    9077      41.6648
    9078      41.0762
    9079      41.7357
    9080      41.7030
    9081      41.4338
    9082      41.6598
    9083      41.2895
    9084      41.7630
    9085      41.8268
    9086      41.7020
    9087      41.8300
    9088      41.6467
    9089      41.2341
    9090      41.5384
    9091      41.4089
    9092      41.8564
    9093      41.8235
    9094      41.7612
    9095      42.0651
    9096      41.4810
    9097      41.8999
    9098      42.1863
    9099      42.3303
    9100      41.6216
    9101      42.0974
    9102      42.4326
    9103      42.1530
    9104      42.1861
    9105      41.9637
    9106      42.2429
    9107      42.0963
    9108      41.8037
    9109      42.0643
    9110      41.6009
    9111      41.3608
    9112      41.4151
    9113      41.7680
    9114      41.5723
    9115      41.0397
    9116      41.5114
    9117      41.7025
    9118      41.2375
    9119      41.2796
    9120      41.2943
    9121      41.6761
    9122      41.3964
    9123      41.3808
    9124      41.5248
    9125      41.1183
    9126      41.9281
    9127      42.0360
    9128      41.8663
    9129      42.2528
    9130      42.2493
    9131      42.5714
    9132      41.5364
    9133      41.9625
    9134      41.3741
    9135      41.6716
    9136      41.7728
    9137      41.8469
    9138      41.5718
    9139      42.0204
    9140      41.7862
    9141      41.4958
    9142      41.7750
    9143      42.0534
    9144      41.4452
    9145      41.6997
    9146      41.7277
    9147      41.1357
    9148      41.4126
    9149      41.2443
    9150      41.5796
    9151      41.3785
    9152      42.1077
    9153      42.1733
    9154      41.6395
    9155      42.2020
    9156      41.8486
    9157      42.2657
    9158      41.8585
    9159      41.6224
    9160      42.1167
    9161      42.4206
    9162      42.0285
    9163      41.8534
    9164      42.1792
    9165      42.2444
    9166      42.4808
    9167      42.1992
    9168      42.1798
    9169      42.4622
    9170      43.0149
    9171      42.5543
    9172      42.5958
    9173      42.5810
    9174      42.8632
    9175      42.5684
    9176      42.4250
    9177      41.8423
    9178      42.0980
    9179      42.5225
    9180      42.1473
    9181      42.0648
    9182      42.2804
    9183      42.0467
    9184      42.1708
    9185      42.1439
    9186      42.1405
    9187      42.2906
    9188      42.4054
    9189      42.2058
    9190      42.0984
    9191      42.1638
    9192      41.8982
    9193      42.1716
    9194      41.7952
    9195      42.1113
    9196      42.4832
    9197      42.6561
    9198      42.6372
    9199      41.5307
    9200      42.2425
    9201      42.0411
    9202      42.1400
    9203      42.6906
    9204      42.6213
    9205      42.3457
    9206      42.7649
    9207      42.5804
    9208      42.6010
    9209      42.9848
    9210      42.7245
    9211      42.4086
    9212      42.7738
    9213      42.6494
    9214      42.5489
    9215      42.6092
    9216      42.0656
    9217      41.8726
    9218      41.7552
    9219      42.2752
    9220      42.2888
    9221      42.8065
    9222      42.2592
    9223      41.8859
    9224      42.5017
    9225      41.9040
    9226      42.0677
    9227      41.7901
    9228      42.4403
    9229      42.8103
    9230      42.0715
    9231      42.0870
    9232      42.4337
    9233      42.5283
    9234      42.4350
    9235      42.3459
    9236      42.4378
    9237      42.2738
    9238      42.4724
    9239      42.6195
    9240      42.2793
    9241      42.6642
    9242      42.2760
    9243      42.2804
    9244      42.5057
    9245      42.5731
    9246      42.2634
    9247      42.4437
    9248      42.3871
    9249      41.8074
    9250      41.9969
    9251      42.3572
    9252      42.5073
    9253      42.0704
    9254      42.7390
    9255      42.1516
    9256      42.3130
    9257      42.3386
    9258      42.3154
    9259      42.4619
    9260      42.2586
    9261      42.4468
    9262      42.5170
    9263      43.1945
    9264      43.1333
    9265      42.5879
    9266      42.3059
    9267      42.4326
    9268      42.6446
    9269      42.6654
    9270      42.9601
    9271      42.2925
    9272      42.7263
    9273      43.1048
    9274      43.0598
    9275      43.1046
    9276      42.8712
    9277      42.6312
    9278      42.6515
    9279      42.9140
    9280      42.4395
    9281      42.3570
    9282      42.6792
    9283      42.6540
    9284      43.6201
    9285      43.0620
    9286      42.9899
    9287      42.6759
    9288      42.4221
    9289      42.2280
    9290      42.3118
    9291      42.3959
    9292      42.5488
    9293      42.5650
    9294      42.1410
    9295      42.8330
    9296      42.6670
    9297      42.4885
    9298      42.6439
    9299      42.1166
    9300      42.2918
    9301      42.9462
    9302      42.3048
    9303      41.7677
    9304      42.1103
    9305      42.1894
    9306      42.2477
    9307      42.3877
    9308      42.4349
    9309      42.1515
    9310      42.1793
    9311      42.7045
    9312      42.4208
    9313      42.4577
    9314      41.7971
    9315      42.1014
    9316      42.6145
    9317      42.3467
    9318      42.5579
    9319      42.3840
    9320      42.4604
    9321      42.5908
    9322      42.4971
    9323      42.6094
    9324      42.6752
    9325      42.5101
    9326      42.4719
    9327      42.3980
    9328      42.8474
    9329      42.7537
    9330      41.9720
    9331      42.5151
    9332      41.9343
    9333      42.2431
    9334      42.9257
    9335      42.7975
    9336      42.2830
    9337      42.6442
    9338      42.5546
    9339      42.4873
    9340      42.5146
    9341      42.4597
    9342      41.7915
    9343      41.8404
    9344      41.6573
    9345      41.9846
    9346      42.0627
    9347      41.7116
    9348      41.6333
    9349      41.6658
    9350      41.5977
    9351      41.5275
    9352      41.7726
    9353      42.2241
    9354      42.0073
    9355      42.5696
    9356      42.6500
    9357      42.1271
    9358      43.1255
    9359      42.8222
    9360      43.1664
    9361      43.1736
    9362      42.9219
    9363      43.4425
    9364      43.1014
    9365      42.6180
    9366      42.3398
    9367      42.8007
    9368      42.8048
    9369      42.5675
    9370      42.2024
    9371      42.2582
    9372      42.8521
    9373      42.4381
    9374      42.3080
    9375      42.2316
    9376      42.1841
    9377      42.3043
    9378      42.4114
    9379      42.0809
    9380      41.8743
    9381      42.3926
    9382      41.8167
    9383      41.8265
    9384      41.7422
    9385      42.1745
    9386      41.9072
    9387      41.8223
    9388      41.9654
    9389      42.3499
    9390      42.5559
    9391      42.4585
    9392      42.6453
    9393      42.1773
    9394      42.5114
    9395      42.8960
    9396      42.3720
    9397      42.6163
    9398      42.4555
    9399      42.3660
    9400      42.7499
    9401      42.8230
    9402      42.0326
    9403      41.3540
    9404      41.9551
    9405      41.5996
    9406      42.1760
    9407      41.8711
    9408      41.6271
    9409      42.0363
    9410      42.0909
    9411      42.2831
    9412      42.1108
    9413      41.8872
    9414      42.1811
    9415      42.1798
    9416      42.0323
    9417      42.6033
    9418      41.9759
    9419      42.5783
    9420      42.4663
    9421      41.8738
    9422      42.1898
    9423      42.4913
    9424      42.0421
    9425      41.7370
    9426      42.2933
    9427      42.1624
    9428      42.5055
    9429      42.3697
    9430      42.5206
    9431      42.3569
    9432      42.0373
    9433      42.6117
    9434      42.7537
    9435      42.2037
    9436      42.9712
    9437      42.7561
    9438      42.4187
    9439      42.3961
    9440      42.0941
    9441      42.5737
    9442      42.3779
    9443      42.4712
    9444      42.4692
    9445      42.2711
    9446      42.3072
    9447      42.3455
    9448      42.0750
    9449      42.3046
    9450      42.3183
    9451      42.3284
    9452      42.4487
    9453      42.6522
    9454      42.6792
    9455      42.5370
    9456      42.7737
    9457      42.5294
    9458      42.5377
    9459      42.5337
    9460      42.9186
    9461      43.0296
    9462      42.2414
    9463      42.3301
    9464      42.2013
    9465      42.3192
    9466      42.1984
    9467      42.3909
    9468      42.5648
    9469      42.4907
    9470      42.6562
    9471      42.4994
    9472      42.1398
    9473      42.0181
    9474      42.3229
    9475      42.3535
    9476      42.5836
    9477      42.0295
    9478      41.8838
    9479      42.1641
    9480      42.3555
    9481      42.6193
    9482      42.1695
    9483      41.9492
    9484      42.7228
    9485      42.9722
    9486      43.0032
    9487      42.8386
    9488      43.1543
    9489      43.0025
    9490      42.8445
    9491      43.0578
    9492      43.2053
    9493      43.4452
    9494      43.2083
    9495      42.8718
    9496      43.1255
    9497      42.5774
    9498      42.6338
    9499      42.5329
    9500      42.2390
    9501      42.2655
    9502      42.1384
    9503      42.2833
    9504      42.6867
    9505      42.5778
    9506      42.1904
    9507      42.1997
    9508      42.2332
    9509      42.5046
    9510      42.5574
    9511      42.1417
    9512      42.3315
    9513      42.8140
    9514      41.9621
    9515      42.2324
    9516      42.9718
    9517      42.4744
    9518      42.7895
    9519      42.7146
    9520      42.3514
    9521      42.8326
    9522      42.7453
    9523      42.5113
    9524      42.5944
    9525      42.6156
    9526      42.3474
    9527      42.4445
    9528      42.5206
    9529      42.7498
    9530      42.8639
    9531      42.7204
    9532      42.6040
    9533      42.5462
    9534      42.8163
    9535      42.8908
    9536      42.5221
    9537      42.4250
    9538      42.5782
    9539      42.7984
    9540      43.0575
    9541      42.3885
    9542      42.6298
    9543      42.7060
    9544      43.1431
    9545      43.2209
    9546      42.5672
    9547      42.5047
    9548      42.6369
    9549      42.8681
    9550      42.5164
    9551      42.3683
    9552      42.3162
    9553      42.3605
    9554      42.5670
    9555      42.8573
    9556      42.9642
    9557      42.7234
    9558      42.7800
    9559      42.5701
    9560      42.6572
    9561      42.7195
    9562      42.8640
    9563      42.7278
    9564      42.4650
    9565      42.7585
    9566      42.1793
    9567      42.5311
    9568      42.4153
    9569      42.0249
    9570      42.1306
    9571      42.0267
    9572      42.4031
    9573      42.7670
    9574      42.0682
    9575      42.3956
    9576      42.0014
    9577      42.6741
    9578      42.5516
    9579      42.6101
    9580      42.2940
    9581      42.2959
    9582      42.8849
    9583      42.1634
    9584      42.9812
    9585      42.9551
    9586      42.4372
    9587      42.8977
    9588      42.9200
    9589      42.6583
    9590      42.0267
    9591      42.4066
    9592      41.8900
    9593      41.8218
    9594      42.2793
    9595      42.3876
    9596      42.6573
    9597      43.0192
    9598      42.7866
    9599      42.8559
    9600      42.6222
    9601      42.4053
    9602      42.0394
    9603      42.3218
    9604      42.2354
    9605      42.1270
    9606      42.0022
    9607      42.6255
    9608      42.7121
    9609      42.5484
    9610      42.3098
    9611      42.9920
    9612      42.4481
    9613      42.3749
    9614      42.5939
    9615      42.4984
    9616      43.0993
    9617      42.7065
    9618      42.6388
    9619      42.2915
    9620      42.4699
    9621      42.2587
    9622      42.0700
    9623      41.9476
    9624      42.2271
    9625      42.6065
    9626      42.2020
    9627      42.4993
    9628      42.2757
    9629      43.0668
    9630      42.1158
    9631      42.4006
    9632      42.1469
    9633      42.3895
    9634      42.7490
    9635      42.2095
    9636      42.6324
    9637      42.3729
    9638      42.5079
    9639      42.1047
    9640      42.7850
    9641      42.1906
    9642      42.2255
    9643      42.5313
    9644      42.5697
    9645      41.8226
    9646      42.7061
    9647      42.2394
    9648      42.5830
    9649      42.5038
    9650      41.8608
    9651      42.3937
    9652      42.3247
    9653      42.1224
    9654      41.7040
    9655      41.7995
    9656      41.6756
    9657      42.3368
    9658      41.9283
    9659      42.3385
    9660      42.1414
    9661      43.4089
    9662      42.9080
    9663      42.4328
    9664      42.0548
    9665      42.3525
    9666      43.1673
    9667      41.6330
    9668      41.6122
    9669      42.5639
    9670      42.6100
    9671      43.1905
    9672      42.8372
    9673      42.6611
    9674      42.6650
    9675      42.5367
    9676      42.7376
    9677      42.6088
    9678      42.7572
    9679      42.8108
    9680      43.1787
    9681      43.3531
    9682      43.0687
    9683      43.5326
    9684      42.4960
    9685      42.3544
    9686      42.4983
    9687      42.5686
    9688      42.5594
    9689      43.0001
    9690      42.6848
    9691      43.1561
    9692      43.1666
    9693      42.7050
    9694      42.7768
    9695      42.5209
    9696      42.6039
    9697      41.7408
    9698      41.1842
    9699      41.3213
    9700      41.6430
    9701      41.0823
    9702      41.4814
    9703      40.6572
    9704      41.0372
    9705      41.7921
    9706      41.4607
    9707      41.7106
    9708      41.7754
    9709      41.8034
    9710      42.4835
    9711      42.0965
    9712      41.7093
    9713      41.5791
    9714      41.7544
    9715      41.5695
    9716      41.5284
    9717      41.4210
    9718      40.8962
    9719      41.3838
    9720      41.3321
    9721      41.3770
    9722      41.0443
    9723      41.5296
    9724      41.3511
    9725      41.2393
    9726      41.2755
    9727      41.0880
    9728      40.8205
    9729      41.3848
    9730      41.7467
    9731      41.0997
    9732      41.6178
    9733      41.0206
    9734      40.6299
    9735      40.8818
    9736      41.3100
    9737      40.9527
    9738      40.5100
    9739      40.8857
    9740      41.3839
    9741      41.1021
    9742      40.7880
    9743      41.1828
    9744      40.7929
    9745      40.9070
    9746      40.5084
    9747      40.5132
    9748      40.5428
    9749      40.7718
    9750      40.9499
    9751      40.9133
    9752      41.3621
    9753      41.3247
    9754      41.7141
    9755      41.1886
    9756      40.6207
    9757      40.4593
    9758      40.7857
    9759      40.8413
    9760      41.0048
    9761      40.9550
    9762      41.2415
    9763      40.8955
    9764      40.9935
    9765      41.2461
    9766      41.3892
    9767      40.6742
    9768      40.8922
    9769      40.8384
    9770      41.4226
    9771      40.9767
    9772      41.1292
    9773      40.6122
    9774      40.7940
    9775      40.8290
    9776      41.2854
    9777      40.5466
    9778      40.7882
    9779      41.0967
    9780      41.3262
    9781      41.5566
    9782      41.7427
    9783      41.6371
    9784      41.2288
    9785      41.9017
    9786      42.5079
    9787      41.9727
    9788      41.8776
    9789      41.7625
    9790      41.3900
    9791      41.6582
    9792      40.8698
    9793      41.2165
    9794      40.8596
    9795      40.7497
    9796      41.0562
    9797      41.0094
    9798      40.7411
    9799      40.1342
    9800      40.5933
    9801      40.8459
    9802      41.1562
    9803      40.9446
    9804      40.8305
    9805      41.3530
    9806      41.3564
    9807      41.2988
    9808      41.1721
    9809      40.7068
    9810      41.0779
    9811      40.7610
    9812      40.8709
    9813      41.2338
    9814      41.2108
    9815      41.4470
    9816      41.2291
    9817      41.0484
    9818      40.8301
    9819      40.7894
    9820      40.7850
    9821      40.5519
    9822      40.9441
    9823      40.9991
    9824      40.8790
    9825      40.8310
    9826      40.7381
    9827      41.0711
    9828      41.1942
    9829      41.0085
    9830      41.2104
    9831      41.6600
    9832      41.2861
    9833      41.0137
    9834      40.9723
    9835      40.3956
    9836      41.0460
    9837      41.1919
    9838      41.0679
    9839      40.9492
    9840      40.6139
    9841      40.6452
    9842      40.5858
    9843      40.8920
    9844      40.8216
    9845      40.8377
    9846      41.0490
    9847      40.6469
    9848      41.1050
    9849      40.7686
    9850      41.1481
    9851      40.9828
    9852      41.1033
    9853      40.9825
    9854      41.2943
    9855      40.8014
    9856      40.2623
    9857      40.7641
    9858      40.6649
    9859      41.2720
    9860      40.5446
    9861      40.9469
    9862      41.3696
    9863      41.0510
    9864      40.7530
    9865      41.2064
    9866      41.5187
    9867      41.3338
    9868      41.8069
    9869      42.0254
    9870      41.4334
    9871      41.0037
    9872      40.9351
    9873      41.1714
    9874      41.2954
    9875      41.0798
    9876      41.2732
    9877      41.1049
    9878      40.9196
    9879      40.9465
    9880      40.2120
    9881      40.7041
    9882      40.9640
    9883      41.0260
    9884      41.0539
    9885      40.5122
    9886      40.4068
    9887      40.8170
    9888      40.8172
    9889      40.6210
    9890      40.6198
    9891      40.8135
    9892      40.9019
    9893      40.5086
    9894      40.9840
    9895      40.5161
    9896      40.1930
    9897      40.2413
    9898      40.4793
    9899      41.2112
    9900      40.5799
    9901      40.9624
    9902      41.1805
    9903      40.9897
    9904      40.8622
    9905      40.7536
    9906      40.4332
    9907      41.5212
    9908      41.9991
    9909      41.8373
    9910      41.6569
    9911      42.0984
    9912      41.6656
    9913      41.1285
    9914      40.6320
    9915      41.2052
    9916      41.1085
    9917      40.7110
    9918      41.1946
    9919      41.0726
    9920      40.6250
    9921      41.2351
    9922      41.2032
    9923      41.0932
    9924      41.2369
    9925      40.8061
    9926      41.1723
    9927      40.5419
    9928      41.3735
    9929      41.1947
    9930      40.5844
    9931      40.7103
    9932      41.0630
    9933      40.9096
    9934      41.6342
    9935      41.3002
    9936      41.3632
    9937      41.4880
    9938      41.2521
    9939      40.9244
    9940      40.6536
    9941      40.5551
    9942      40.4012
    9943      40.0382
    9944      40.5864
    9945      40.9346
    9946      41.0349
    9947      40.9848
    9948      40.5939
    9949      40.6960
    9950      40.6761
    9951      40.6451
    9952      40.9298
    9953      40.5982
    9954      40.4708
    9955      40.5220
    9956      40.2921
    9957      40.7109
    9958      40.6847
    9959      40.2753
    9960      40.2553
    9961      39.9077
    9962      40.8508
    9963      40.2932
    9964      40.7397
    9965      40.4855
    9966      40.6439
    9967      40.5561
    9968      40.9437
    9969      40.5036
    9970      40.8106
    9971      40.4980
    9972      40.1011
    9973      40.6457
    9974      40.4976
    9975      40.6304
    9976      40.6680
    9977      40.1033
    9978      40.7725
    9979      40.7110
    9980      40.8776
    9981      40.9855
    9982      40.9869
    9983      40.5793
    9984      40.7244
    9985      40.9020
    9986      41.1534
    9987      40.6043
    9988      40.9728
    9989      40.8278
    9990      40.9042
    9991      40.5556
    9992      40.6663
    9993      40.5815
    9994      40.6926
    9995      40.3468
    9996      40.6967
    9997      40.7192
    9998      40.7668
    9999      40.5719
   10000      40.3505
   10001      41.0551
   10002      40.5521
   10003      40.1259
   10004      40.1680
   10005      40.1262
   10006      39.9104
   10007      40.2979
   10008      40.2487
   10009      40.3208
   10010      40.3832
   10011      40.3388
   10012      40.3121
   10013      40.0429
   10014      40.1147
   10015      40.4512
   10016      40.1542
   10017      40.3761
   10018      40.2791
   10019      40.1033
   10020      40.2388
   10021      40.5530
   10022      40.4877
   10023      40.2610
   10024      40.9817
   10025      40.9190
   10026      40.7589
   10027      40.9942
   10028      40.0556
   10029      41.0895
   10030      40.4634
   10031      40.2306
   10032      40.4231
   10033      40.3929
   10034      40.6681
   10035      40.3284
   10036      40.3130
   10037      40.8004
   10038      40.7481
   10039      40.5629
   10040      40.7349
   10041      40.2943
   10042      40.5743
   10043      40.4532
   10044      40.7390
   10045      40.4827
   10046      40.9171
   10047      40.5925
   10048      40.7686
   10049      40.6275
   10050      40.1980
   10051      40.4084
   10052      40.3678
   10053      40.5440
   10054      40.5430
   10055      40.3767
   10056      40.3958
   10057      41.2105
   10058      40.6772
   10059      40.4195
   10060      40.8406
   10061      40.1656
   10062      40.4890
   10063      41.1467
   10064      40.8488
   10065      40.6671
   10066      41.0945
   10067      41.0249
   10068      40.9262
   10069      41.1740
   10070      40.9821
   10071      40.9049
   10072      41.3888
   10073      41.1444
   10074      41.5159
   10075      40.9931
   10076      41.1752
   10077      41.0144
   10078      40.5939
   10079      40.6048
   10080      40.9964
   10081      40.6726
   10082      40.7256
   10083      40.5614
   10084      40.7072
   10085      40.3492
   10086      40.2370
   10087      40.0471
   10088      40.6259
   10089      40.1048
   10090      39.9793
   10091      40.3224
   10092      40.6853
   10093      40.5074
   10094      40.4961
   10095      41.0152
   10096      41.2241
   10097      40.8109
   10098      41.0226
   10099      40.6176
   10100      40.7126
   10101      40.9673
   10102      40.6810
   10103      40.7736
   10104      40.6625
   10105      40.6703
   10106      40.7395
   10107      40.9585
   10108      40.3642
   10109      40.5434
   10110      40.7540
   10111      41.1722
   10112      41.1988
   10113      40.7425
   10114      40.6370
   10115      40.6178
   10116      40.5084
   10117      40.7402
   10118      40.5174
   10119      41.0709
   10120      40.2046
   10121      41.3023
   10122      40.2071
   10123      40.2281
   10124      41.0257
   10125      40.6833
   10126      40.5791
   10127      40.8653
   10128      40.5124
   10129      40.6945
   10130      40.9542
   10131      40.8362
   10132      40.6566
   10133      40.9003
   10134      40.5742
   10135      41.4076
   10136      41.1172
   10137      40.7576
   10138      40.6827
   10139      41.1605
   10140      40.7735
   10141      40.8345
   10142      40.7482
   10143      40.6088
   10144      40.6138
   10145      40.7889
   10146      40.5379
   10147      40.8241
   10148      41.0292
   10149      40.5585
   10150      41.1712
   10151      40.8266
   10152      40.7262
   10153      40.4406
   10154      40.3220
   10155      40.4045
   10156      39.7869
   10157      40.3015
   10158      40.5588
   10159      40.3690
   10160      40.0182
   10161      40.6163
   10162      40.7138
   10163      40.8054
   10164      40.5650
   10165      40.2554
   10166      40.4135
   10167      40.5334
   10168      40.5695
   10169      40.4667
   10170      40.5344
   10171      40.4936
   10172      40.5897
   10173      40.8928
   10174      40.7196
   10175      41.1170
   10176      41.0382
   10177      41.0822
   10178      40.6469
   10179      40.5904
   10180      40.7563
   10181      40.2111
   10182      40.1993
   10183      39.8969
   10184      40.3361
   10185      40.2075
   10186      40.7589
   10187      40.2846
   10188      40.2955
   10189      40.7980
   10190      40.7150
   10191      40.5261
   10192      40.9243
   10193      40.3902
   10194      40.3450
   10195      40.4851
   10196      40.3163
   10197      40.1750
   10198      40.5601
   10199      40.2554
   10200      40.8462
   10201      40.7337
   10202      40.9461
   10203      40.7296
   10204      40.7971
   10205      41.2181
   10206      40.9947
   10207      40.5774
   10208      40.3464
   10209      40.4020
   10210      40.4315
   10211      40.3227
   10212      40.5445
   10213      40.6632
   10214      40.4172
   10215      40.3882
   10216      40.7954
   10217      41.1009
   10218      40.4698
   10219      40.6915
   10220      40.7287
   10221      40.5558
   10222      40.6571
   10223      40.8520
   10224      40.5216
   10225      40.6891
   10226      40.7531
   10227      40.4286
   10228      40.5508
   10229      40.2184
   10230      40.9266
   10231      41.2161
   10232      40.3703
   10233      40.7974
   10234      40.4800
   10235      40.6176
   10236      40.7595
   10237      40.4068
   10238      40.3023
   10239      40.4119
   10240      40.5544
   10241      40.5972
   10242      40.4256
   10243      40.4967
   10244      40.5774
   10245      40.5792
   10246      40.7258
   10247      40.2303
   10248      40.1708
   10249      40.5578
   10250      40.7283
   10251      40.3034
   10252      41.0660
   10253      40.6741
   10254      41.0255
   10255      40.5374
   10256      40.3306
   10257      40.3810
   10258      40.5307
   10259      40.8544
   10260      40.3918
   10261      40.6002
   10262      41.0844
   10263      40.8650
   10264      40.8264
   10265      41.0174
   10266      41.4788
   10267      41.1253
   10268      40.7549
   10269      40.6734
   10270      40.3375
   10271      40.8463
   10272      41.2502
   10273      40.7267
   10274      41.0512
   10275      40.8630
   10276      40.6467
   10277      40.4911
   10278      40.7414
   10279      40.8373
   10280      40.6688
   10281      40.8835
   10282      40.9508
   10283      40.7732
   10284      40.6603
   10285      40.7975
   10286      40.6907
   10287      40.8557
   10288      40.9327
   10289      41.0545
   10290      40.7481
   10291      40.6799
   10292      40.9683
   10293      40.8482
   10294      40.7378
   10295      40.6101
   10296      40.9320
   10297      40.5048
   10298      40.7046
   10299      40.7777
   10300      41.1998
   10301      40.5269
   10302      40.5041
   10303      40.2140
   10304      40.6388
   10305      40.2783
   10306      40.8851
   10307      40.4212
   10308      40.7946
   10309      40.5339
   10310      40.8351
   10311      40.6061
   10312      40.3723
   10313      40.7067
   10314      40.4907
   10315      40.7801
   10316      40.6531
   10317      40.4982
   10318      40.0606
   10319      40.1267
   10320      40.1709
   10321      40.3105
   10322      40.5344
   10323      40.0856
   10324      40.0946
   10325      40.4715
   10326      40.2718
   10327      40.2754
   10328      40.2147
   10329      40.4016
   10330      40.3490
   10331      40.9101
   10332      40.4845
   10333      40.9857
   10334      40.6600
   10335      40.0332
   10336      40.5229
   10337      40.5190
   10338      40.5256
   10339      40.5274
   10340      40.0146
   10341      40.0319
   10342      40.2605
   10343      39.7759
   10344      39.9903
   10345      40.2477
   10346      40.3143
   10347      40.4696
   10348      40.6153
   10349      40.3834
   10350      40.2242
   10351      40.1124
   10352      40.0389
   10353      40.3011
   10354      40.3214
   10355      40.3563
   10356      39.9779
   10357      40.4868
   10358      39.9175
   10359      39.8783
   10360      39.9846
   10361      40.4374
   10362      39.9275
   10363      39.9983
   10364      39.5233
   10365      40.3566
   10366      39.9125
   10367      40.3171
   10368      39.9473
   10369      39.0922
   10370      40.0935
   10371      39.9945
   10372      40.2501
   10373      40.1710
   10374      40.1426
   10375      40.2952
   10376      40.3442
   10377      40.4053
   10378      40.6520
   10379      40.1926
   10380      40.5279
   10381      40.9180
   10382      40.2803
   10383      40.4626
   10384      40.3892
   10385      40.0057
   10386      39.9298
   10387      40.2480
   10388      39.9133
   10389      39.6322
   10390      40.0255
   10391      40.1260
   10392      40.2362
   10393      40.3392
   10394      40.5438
   10395      39.9020
   10396      40.5548
   10397      40.1721
   10398      40.0715
   10399      40.3099
   10400      40.2617
   10401      40.3141
   10402      40.3328
   10403      40.6363
   10404      40.4961
   10405      40.6455
   10406      40.2388
   10407      40.4157
   10408      40.5198
   10409      40.5118
   10410      40.5529
   10411      41.0689
   10412      40.9393
   10413      40.6202
   10414      40.8496
   10415      40.5920
   10416      40.3571
   10417      40.1210
   10418      40.6538
   10419      40.8616
   10420      40.4635
   10421      40.3001
   10422      40.4453
   10423      40.3333
   10424      40.5001
   10425      40.4344
   10426      39.7818
   10427      40.5080
   10428      40.5623
   10429      40.3958
   10430      40.6594
   10431      40.3301
   10432      40.2332
   10433      40.4766
   10434      40.2395
   10435      40.4843
   10436      40.4466
   10437      40.4735
   10438      40.6526
   10439      40.6463
   10440      40.0688
   10441      40.1089
   10442      40.1949
   10443      40.5179
   10444      40.2689
   10445      40.2044
   10446      40.3440
   10447      40.3574
   10448      39.9700
   10449      40.0212
   10450      40.3077
   10451      39.9791
   10452      39.7161
   10453      40.1038
   10454      40.3043
   10455      40.4545
   10456      40.8544
   10457      39.7605
   10458      40.0186
   10459      40.0401
   10460      39.6704
   10461      39.9078
   10462      40.5319
   10463      40.4036
   10464      40.1021
   10465      40.2357
   10466      40.7964
   10467      40.7185
   10468      40.6031
   10469      40.5136
   10470      40.8346
   10471      41.1831
   10472      40.6996
   10473      41.3167
   10474      40.8314
   10475      41.0036
   10476      40.6579
   10477      40.4188
   10478      40.7225
   10479      40.3860
   10480      40.4673
   10481      40.8173
   10482      40.4311
   10483      40.5920
   10484      40.7487
   10485      41.0135
   10486      41.0157
   10487      41.1128
   10488      41.2243
   10489      40.5725
   10490      41.1012
   10491      40.7054
   10492      40.5912
   10493      40.7013
   10494      40.3732
   10495      39.8586
   10496      40.2333
   10497      40.5088
   10498      40.3470
   10499      40.7643
   10500      40.6053
   10501      40.5470
   10502      40.4561
   10503      40.5214
   10504      40.4881
   10505      40.8288
   10506      40.4489
   10507      40.3824
   10508      40.4852
   10509      40.8888
   10510      40.6379
   10511      40.5883
   10512      40.8751
   10513      40.5741
   10514      40.8970
   10515      40.9433
   10516      41.0530
   10517      41.1587
   10518      41.2967
   10519      40.6478
   10520      41.4942
   10521      40.6898
   10522      40.8949
   10523      40.7688
   10524      40.5904
   10525      40.6801
   10526      40.6303
   10527      40.2178
   10528      40.2203
   10529      40.9876
   10530      40.4377
   10531      40.2955
   10532      40.5350
   10533      40.3855
   10534      40.5219
   10535      40.6536
   10536      40.5798
   10537      40.4967
   10538      39.8984
   10539      40.2386
   10540      39.7680
   10541      40.5198
   10542      40.1753
   10543      40.3372
   10544      40.7738
   10545      40.4292
   10546      40.9725
   10547      40.9474
   10548      40.4256
   10549      40.7992
   10550      41.0475
   10551      40.8196
   10552      40.8201
   10553      40.8015
   10554      40.6372
   10555      40.8297
   10556      40.8091
   10557      41.0058
   10558      40.6357
   10559      40.9804
   10560      40.8953
   10561      40.9053
   10562      40.9333
   10563      40.9366
   10564      41.1577
   10565      40.8675
   10566      40.7721
   10567      40.7651
   10568      40.2474
   10569      40.6522
   10570      40.6894
   10571      40.3078
   10572      40.3846
   10573      40.7979
   10574      40.6475
   10575      40.5438
   10576      41.0215
   10577      41.1169
   10578      41.1376
   10579      40.8290
   10580      40.5565
   10581      41.0158
   10582      40.5866
   10583      40.7844
   10584      40.5891
   10585      40.3990
   10586      40.8576
   10587      40.8117
   10588      40.7718
   10589      40.6601
   10590      40.8319
   10591      41.2669
   10592      40.2529
   10593      40.8288
   10594      40.8027
   10595      40.7826
   10596      40.8319
   10597      41.1716
   10598      40.9288
   10599      40.5938
   10600      40.7583
   10601      40.1746
   10602      41.1821
   10603      40.7757
   10604      41.1834
   10605      41.3063
   10606      40.8259
   10607      41.1149
   10608      41.1218
   10609      41.1188
   10610      40.8164
   10611      40.6941
   10612      40.7794
   10613      40.5178
   10614      40.7363
   10615      40.7958
   10616      40.5772
   10617      40.9584
   10618      40.8417
   10619      41.0262
   10620      40.9201
   10621      40.5858
   10622      40.6253
   10623      41.1243
   10624      40.5345
   10625      40.5297
   10626      40.9389
   10627      41.0177
   10628      40.9825
   10629      41.1085
   10630      41.3815
   10631      41.0102
   10632      41.1116
   10633      41.2296
   10634      40.4727
   10635      40.7314
   10636      40.3360
   10637      40.3368
   10638      40.2596
   10639      40.4595
   10640      40.4390
   10641      40.1367
   10642      40.9410
   10643      41.0135
   10644      40.7118
   10645      40.8736
   10646      40.5093
   10647      40.7444
   10648      41.1684
   10649      40.6691
   10650      40.2747
   10651      40.4813
   10652      40.8243
   10653      40.8263
   10654      41.0195
   10655      41.3821
   10656      41.1341
   10657      41.4012
   10658      41.5112
   10659      40.5758
   10660      40.9535
   10661      40.9913
   10662      40.5575
   10663      41.1090
   10664      41.1706
   10665      40.9159
   10666      40.8537
   10667      41.2359
   10668      40.8103
   10669      40.4080
   10670      40.9688
   10671      40.6331
   10672      40.6319
   10673      40.4054
   10674      40.3179
   10675      40.9226
   10676      40.7990
   10677      40.8595
   10678      40.5157
   10679      40.4634
   10680      41.1212
   10681      40.6057
   10682      40.7229
   10683      40.5831
   10684      40.9278
   10685      41.0946
   10686      40.5721
   10687      40.8626
   10688      40.5978
   10689      41.0302
   10690      41.0853
   10691      41.2180
   10692      40.9213
   10693      40.9532
   10694      41.0654
   10695      40.6378
   10696      40.9732
   10697      40.6299
   10698      40.3372
   10699      40.3433
   10700      41.0250
   10701      40.3593
   10702      40.9591
   10703      40.5572
   10704      40.6950
   10705      41.0313
   10706      41.2775
   10707      40.8020
   10708      40.3653
   10709      40.3948
   10710      40.3667
   10711      40.4137
   10712      39.9719
   10713      39.8972
   10714      39.8209
   10715      40.7185
   10716      40.5307
   10717      40.6932
   10718      41.1031
   10719      41.0671
   10720      40.9021
   10721      40.8767
   10722      41.3537
   10723      41.3395
   10724      41.1309
   10725      41.0887
   10726      40.8906
   10727      40.8125
   10728      40.6079
   10729      40.9950
   10730      40.9196
   10731      41.1210
   10732      40.7275
   10733      40.9811
   10734      40.8108
   10735      40.7230
   10736      40.8800
   10737      40.3187
   10738      40.7680
   10739      40.7162
   10740      40.1941
   10741      40.4636
   10742      40.7370
   10743      40.4459
   10744      40.8241
   10745      40.2908
   10746      41.0269
   10747      41.2834
   10748      40.9101
   10749      40.8473
   10750      40.9682
   10751      40.3829
   10752      41.2301
   10753      41.0276
   10754      40.7758
   10755      40.4108
   10756      40.4831
   10757      40.6646
   10758      41.0794
   10759      41.1154
   10760      40.6442
   10761      40.3546
   10762      40.3562
   10763      40.6543
   10764      40.9332
   10765      40.3958
   10766      40.8596
   10767      40.6477
   10768      40.8262
   10769      40.5478
   10770      41.0157
   10771      40.9635
   10772      40.7672
   10773      40.6346
   10774      40.7849
   10775      40.2866
   10776      40.9033
   10777      40.4063
   10778      40.4819
   10779      40.5719
   10780      40.3140
   10781      40.1548
   10782      40.7062
   10783      40.9018
   10784      41.2140
   10785      41.0530
   10786      40.5712
   10787      40.5192
   10788      40.5763
   10789      40.9074
   10790      40.5765
   10791      40.4151
   10792      40.6556
   10793      41.3478
   10794      40.7181
   10795      40.4633
   10796      40.2564
   10797      40.9671
   10798      40.4028
   10799      40.7775
   10800      40.6934
   10801      40.6423
   10802      40.3225
   10803      40.8209
   10804      40.8012
   10805      40.9663
   10806      41.0903
   10807      40.9196
   10808      40.7402
   10809      40.7301
   10810      40.9600
   10811      41.0443
   10812      40.7117
   10813      40.8671
   10814      40.7608
   10815      40.6173
   10816      41.0623
   10817      41.1510
   10818      40.9161
   10819      40.9189
   10820      40.6061
   10821      40.9680
   10822      41.0135
   10823      41.0449
   10824      40.8431
   10825      41.4886
   10826      40.4062
   10827      40.2174
   10828      40.8988
   10829      40.7572
   10830      41.0205
   10831      40.9971
   10832      40.4969
   10833      40.9428
   10834      40.6261
   10835      41.1048
   10836      40.5333
   10837      40.9303
   10838      41.3047
   10839      40.4964
   10840      40.6625
   10841      40.4392
   10842      40.3251
   10843      40.9529
   10844      40.7035
   10845      40.9627
   10846      40.7707
   10847      41.2754
   10848      40.7519
   10849      40.6036
   10850      40.6643
   10851      40.5269
   10852      40.5315
   10853      40.3931
   10854      39.8050
   10855      40.8690
   10856      40.8334
   10857      41.1899
   10858      41.0955
   10859      40.6276
   10860      40.5665
   10861      41.0160
   10862      40.8125
   10863      40.9297
   10864      41.2373
   10865      40.9693
   10866      40.8270
   10867      41.2690
   10868      41.0317
   10869      40.8559
   10870      40.8772
   10871      41.2487
   10872      40.8045
   10873      41.0497
   10874      40.7411
   10875      40.9902
   10876      41.0907
   10877      40.8664
   10878      40.5489
   10879      41.0017
   10880      41.0326
   10881      40.8152
   10882      41.2200
   10883      40.7945
   10884      40.6113
   10885      40.9407
   10886      40.9976
   10887      40.7720
   10888      41.3097
   10889      40.8332
   10890      41.1463
   10891      41.1915
   10892      40.6511
   10893      40.2642
   10894      40.6519
   10895      40.4246
   10896      40.5830
   10897      41.0506
   10898      40.6748
   10899      40.8864
   10900      40.8912
   10901      40.7752
   10902      41.0736
   10903      40.7759
   10904      40.9200
   10905      40.5618
   10906      40.6975
   10907      40.7692
   10908      40.5139
   10909      40.8484
   10910      40.7814
   10911      40.9486
   10912      40.7477
   10913      40.4709
   10914      40.8413
   10915      40.5688
   10916      40.5669
   10917      40.5234
   10918      40.0592
   10919      40.9677
   10920      40.9904
   10921      40.7863
   10922      40.3729
   10923      40.7646
   10924      40.8422
   10925      40.7429
   10926      40.8419
   10927      40.6038
   10928      41.0250
   10929      40.6348
   10930      40.6683
   10931      40.5295
   10932      40.0515
   10933      40.2785
   10934      40.5153
   10935      40.5194
   10936      40.1564
   10937      40.2738
   10938      40.8442
   10939      40.3390
   10940      40.2241
   10941      40.4485
   10942      40.7886
   10943      40.8199
   10944      40.7165
   10945      40.9239
   10946      40.8092
   10947      40.2133
   10948      40.4825
   10949      40.8560
   10950      40.1087
   10951      40.4182
   10952      40.6013
   10953      40.5084
   10954      40.7857
   10955      40.5937
   10956      40.4511
   10957      40.5074
   10958      40.6543
   10959      40.4808
   10960      40.6841
   10961      40.3649
   10962      40.7782
   10963      40.5803
   10964      40.2334
   10965      41.0037
   10966      40.7459
   10967      40.8274
   10968      40.6147
   10969      40.0171
   10970      40.4446
   10971      40.3137
   10972      40.6372
   10973      40.9584
   10974      40.7130
   10975      40.8699
   10976      40.6495
   10977      40.8477
   10978      40.4092
   10979      40.2065
   10980      40.2332
   10981      39.9614
   10982      40.3021
   10983      40.1161
   10984      40.4591
   10985      40.1839
   10986      40.4635
   10987      40.8556
   10988      40.3123
   10989      40.5742
   10990      40.5902
   10991      40.4900
   10992      40.9090
   10993      40.0742
   10994      40.4033
   10995      40.4214
   10996      40.8639
   10997      40.3501
   10998      40.1718
   10999      40.3368
   11000      39.9532
   11001      40.3757
   11002      40.5394
   11003      40.2744
   11004      40.6117
   11005      40.8671
   11006      40.5295
   11007      40.4176
   11008      40.5192
   11009      40.7907
   11010      40.6253
   11011      40.5791
   11012      40.6317
   11013      40.6334
   11014      41.1516
   11015      40.8893
   11016      40.3793
   11017      40.2596
   11018      40.1808
   11019      40.1819
   11020      40.6171
   11021      40.2784
   11022      40.8178
   11023      40.6343
   11024      40.5411
   11025      40.5001
   11026      40.2465
   11027      40.6380
   11028      40.9112
   11029      40.4186
   11030      40.2829
   11031      40.0321
   11032      40.1262
   11033      40.3209
   11034      40.3311
   11035      40.9067
   11036      40.7045
   11037      40.6769
   11038      40.5737
   11039      40.4571
   11040      40.1796
   11041      40.7273
   11042      40.7604
   11043      40.5132
   11044      40.4634
   11045      40.2589
   11046      40.3928
   11047      40.7051
   11048      40.8971
   11049      40.7717
   11050      40.3880
   11051      40.9779
   11052      40.9539
   11053      40.6976
   11054      40.5754
   11055      40.4235
   11056      40.4337
   11057      40.1713
   11058      40.5309
   11059      40.3324
   11060      40.6094
   11061      40.5800
   11062      40.2629
   11063      40.1833
   11064      40.4149
   11065      40.0902
   11066      40.4163
   11067      40.3960
   11068      40.9161
   11069      40.8328
   11070      40.7655
   11071      40.8806
   11072      40.7584
   11073      40.4537
   11074      40.3673
   11075      40.5399
   11076      40.7883
   11077      40.2539
   11078      40.2524
   11079      39.9785
   11080      40.2729
   11081      40.7563
   11082      40.5351
   11083      40.9191
   11084      40.4268
   11085      40.4923
   11086      41.3896
   11087      40.7611
   11088      40.2292
   11089      41.0581
   11090      40.9158
   11091      40.4491
   11092      40.7152
   11093      40.6425
   11094      40.6302
   11095      40.6203
   11096      40.8457
   11097      40.8423
   11098      40.9277
   11099      40.4790
   11100      40.7614
   11101      40.6887
   11102      40.2673
   11103      40.1999
   11104      40.5098
   11105      40.1072
   11106      40.5591
   11107      40.4952
   11108      40.6540
   11109      40.6297
   11110      40.7617
   11111      40.7819
   11112      40.4579
   11113      40.6445
   11114      40.6971
   11115      40.7115
   11116      41.0897
   11117      40.8149
   11118      40.3452
   11119      40.3360
   11120      40.7042
   11121      40.0318
   11122      40.3935
   11123      40.2934
   11124      40.5865
   11125      40.6986
   11126      40.3522
   11127      40.6438
   11128      40.4887
   11129      40.2725
   11130      40.3009
   11131      40.4962
   11132      40.7338
   11133      40.0823
   11134      40.2118
   11135      40.2693
   11136      40.5353
   11137      40.2320
   11138      40.5005
   11139      40.8214
   11140      40.6812
   11141      39.7378
   11142      39.6984
   11143      39.9592
   11144      40.1979
   11145      40.7343
   11146      40.9795
   11147      40.7184
   11148      40.5953
   11149      40.5753
   11150      40.9069
   11151      40.9711
   11152      40.6777
   11153      40.6005
   11154      40.5581
   11155      40.4330
   11156      40.5238
   11157      40.5698
   11158      40.9584
   11159      40.4090
   11160      40.8563
   11161      40.4758
   11162      40.2911
   11163      40.2691
   11164      40.5777
   11165      40.6751
   11166      40.2305
   11167      40.1720
   11168      40.7615
   11169      40.7572
   11170      40.7518
   11171      40.5781
   11172      40.9642
   11173      40.6076
   11174      40.4339
   11175      40.4800
   11176      40.7938
   11177      40.9007
   11178      40.5447
   11179      40.4240
   11180      40.0719
   11181      40.7206
   11182      40.8169
   11183      40.6671
   11184      40.6969
   11185      40.8314
   11186      41.3778
   11187      40.9347
   11188      40.9354
   11189      40.9050
   11190      41.0335
   11191      40.3607
   11192      41.2475
   11193      40.6031
   11194      40.9489
   11195      40.4264
   11196      40.7072
   11197      40.8386
   11198      40.8332
   11199      40.7692
   11200      41.0807
   11201      41.5562
   11202      40.8794
   11203      41.1457
   11204      40.8696
   11205      40.5364
   11206      40.4216
   11207      40.5961
   11208      41.0197
   11209      40.8811
   11210      41.2148
   11211      40.9674
   11212      40.7115
   11213      40.3282
   11214      40.7210
   11215      41.4722
   11216      41.3425
   11217      40.7380
   11218      40.7788
   11219      40.8541
   11220      40.8361
   11221      41.1265
   11222      41.0219
   11223      40.7678
   11224      40.6628
   11225      40.7223
   11226      41.0838
   11227      41.1466
   11228      41.1744
   11229      40.8580
   11230      40.6139
   11231      40.7822
   11232      40.5270
   11233      40.7639
   11234      40.8212
   11235      40.9889
   11236      40.4288
   11237      40.2658
   11238      41.0905
   11239      40.4614
   11240      41.0101
   11241      40.2122
   11242      40.3305
   11243      40.6508
   11244      40.8592
   11245      40.6898
   11246      40.5384
   11247      40.5785
   11248      41.0945
   11249      41.2379
   11250      40.9142
   11251      41.0225
   11252      40.7925
   11253      41.0479
   11254      41.1766
   11255      41.1911
   11256      40.9635
   11257      40.8844
   11258      40.8668
   11259      40.9238
   11260      41.0858
   11261      40.9034
   11262      40.8866
   11263      41.2797
   11264      40.7813
   11265      40.7159
   11266      40.7273
   11267      41.0854
   11268      40.5182
   11269      40.7747
   11270      40.6988
   11271      41.1457
   11272      40.9370
   11273      40.7849
   11274      40.5956
   11275      40.7072
   11276      40.3466
   11277      40.9311
   11278      40.9447
   11279      40.5120
   11280      41.0837
   11281      41.2278
   11282      40.8049
   11283      40.8245
   11284      40.8709
   11285      40.7274
   11286      41.0991
   11287      41.5220
   11288      41.0415
   11289      40.9604
   11290      40.7149
   11291      41.3119
   11292      41.2642
   11293      41.1373
   11294      40.7116
   11295      40.8147
   11296      41.0790
   11297      40.9440
   11298      41.2411
   11299      41.0609
   11300      41.1929
   11301      41.0410
   11302      41.3981
   11303      41.0143
   11304      41.2071
   11305      40.9412
   11306      41.2292
   11307      40.9790
   11308      40.7778
   11309      41.1136
   11310      41.0731
   11311      41.4072
   11312      41.0661
   11313      40.6887
   11314      41.0016
   11315      40.3975
   11316      40.5997
   11317      40.5742
   11318      40.4880
   11319      40.3112
   11320      40.2729
   11321      40.5841
   11322      40.4655
   11323      40.7362
   11324      40.4737
   11325      40.5078
   11326      40.5094
   11327      40.1326
   11328      40.7427
   11329      40.7548
   11330      40.3449
   11331      40.5731
   11332      40.4425
   11333      40.3818
   11334      40.3236
   11335      40.4231
   11336      40.7250
   11337      40.5494
   11338      40.5054
   11339      40.5581
   11340      40.7116
   11341      40.5529
   11342      40.6433
   11343      40.5482
   11344      40.7029
   11345      40.8568
   11346      40.5343
   11347      40.6900
   11348      40.8203
   11349      41.1312
   11350      40.5031
   11351      40.7998
   11352      40.3604
   11353      40.6299
   11354      41.0779
   11355      40.7381
   11356      40.7833
   11357      41.2002
   11358      40.9676
   11359      40.5078
   11360      40.8679
   11361      40.9139
   11362      41.0542
   11363      40.3527
   11364      40.1954
   11365      40.4891
   11366      40.6005
   11367      40.6658
   11368      40.9461
   11369      40.9759
   11370      40.9286
   11371      41.1659
   11372      40.7657
   11373      40.8960
   11374      40.7863
   11375      40.9361
   11376      40.7919
   11377      40.2407
   11378      40.1165
   11379      40.5885
   11380      40.5551
   11381      40.4629
   11382      40.5800
   11383      40.8555
   11384      40.2683
   11385      40.9170
   11386      41.3465
   11387      41.0033
   11388      40.8013
   11389      40.7382
   11390      41.2697
   11391      41.2422
   11392      41.4305
   11393      40.7623
   11394      41.6120
   11395      41.1596
   11396      40.6495
   11397      40.2774
   11398      40.6221
   11399      40.5314
   11400      40.5391
   11401      40.5932
   11402      40.4914
   11403      40.6455
   11404      40.5194
   11405      40.9969
   11406      40.4560
   11407      40.4261
   11408      40.8188
   11409      40.7907
   11410      40.7217
   11411      40.6287
   11412      40.5149
   11413      41.1177
   11414      41.1243
   11415      41.0466
   11416      40.5413
   11417      40.8858
   11418      40.0832
   11419      40.5474
   11420      40.6336
   11421      40.8598
   11422      40.4601
   11423      40.3684
   11424      40.7901
   11425      40.9701
   11426      40.9361
   11427      41.1372
   11428      40.6827
   11429      41.0040
   11430      40.7017
   11431      40.7641
   11432      40.8161
   11433      40.9937
   11434      40.8931
   11435      40.8936
   11436      40.7564
   11437      41.2249
   11438      41.1152
   11439      40.7443
   11440      40.5569
   11441      40.4192
   11442      40.7551
   11443      40.8272
   11444      40.9864
   11445      41.2001
   11446      40.7800
   11447      40.5655
   11448      40.6859
   11449      40.8022
   11450      40.2784
   11451      40.5085
   11452      41.1570
   11453      40.4876
   11454      40.8432
   11455      40.5455
   11456      40.3288
   11457      40.8847
   11458      41.1060
   11459      40.7721
   11460      40.9559
   11461      40.2316
   11462      40.2492
   11463      40.1026
   11464      39.9704
   11465      39.9739
   11466      40.1993
   11467      40.7855
   11468      40.3427
   11469      40.6101
   11470      40.7103
   11471      40.4734
   11472      40.2162
   11473      40.1763
   11474      40.2510
   11475      40.5054
   11476      40.7398
   11477      40.4614
   11478      40.6191
   11479      40.6285
   11480      40.1823
   11481      40.4088
   11482      40.1114
   11483      40.4815
   11484      40.8412
   11485      40.6663
   11486      40.9725
   11487      40.6816
   11488      40.8199
   11489      40.8307
   11490      40.4250
   11491      40.4952
   11492      40.6891
   11493      40.4871
   11494      40.2515
   11495      40.9113
   11496      41.1353
   11497      40.9701
   11498      40.9399
   11499      41.3488
   11500      40.5129
   11501      40.5648
   11502      40.6465
   11503      40.7933
   11504      40.4425
   11505      40.5438
   11506      41.1021
   11507      41.1727
   11508      40.9688
   11509      40.9242
   11510      40.4577
   11511      41.0054
   11512      40.5937
   11513      40.4146
   11514      40.8438
   11515      40.5413
   11516      40.5786
   11517      40.6948
   11518      40.6663
   11519      40.5623
   11520      40.9452
   11521      40.9966
   11522      41.3124
   11523      41.1670
   11524      41.4466
   11525      40.8295
   11526      41.1153
   11527      40.8704
   11528      41.0985
   11529      40.9331
   11530      40.7132
   11531      40.6208
   11532      40.6366
   11533      40.7451
   11534      40.9864
   11535      40.9324
   11536      40.7394
   11537      40.6731
   11538      40.3098
   11539      40.8035
   11540      40.9223
   11541      40.6801
   11542      40.5394
   11543      40.3965
   11544      40.8020
   11545      40.7678
   11546      41.1260
   11547      40.7910
   11548      40.5794
   11549      40.8763
   11550      40.5884
   11551      40.9319
   11552      40.2502
   11553      40.3270
   11554      40.2797
   11555      40.4971
   11556      40.5577
   11557      40.9444
   11558      40.7794
   11559      41.1845
   11560      40.6686
   11561      40.9157
   11562      41.3094
   11563      41.1725
   11564      40.8792
   11565      40.5211
   11566      40.6087
   11567      40.6388
   11568      40.9090
   11569      40.1775
   11570      40.2711
   11571      40.7611
   11572      40.5847
   11573      40.7703
   11574      40.8002
   11575      40.5608
   11576      40.6567
   11577      40.9993
   11578      40.8779
   11579      40.5735
   11580      40.4345
   11581      40.7213
   11582      40.8398
   11583      41.1066
   11584      40.5367
   11585      40.6861
   11586      40.6891
   11587      40.9729
   11588      40.5133
   11589      40.7953
   11590      40.5344
   11591      40.4951
   11592      41.1550
   11593      40.7915
   11594      40.9870
   11595      40.5795
   11596      40.6851
   11597      40.4173
   11598      40.8480
   11599      40.6514
   11600      40.7097
   11601      40.5856
   11602      41.1486
   11603      41.0255
   11604      40.7541
   11605      40.8867
   11606      40.8515
   11607      40.5664
   11608      40.7717
   11609      40.8641
   11610      40.7902
   11611      40.8980
   11612      40.6427
   11613      40.5267
   11614      40.4852
   11615      41.0232
   11616      40.8931
   11617      40.6036
   11618      40.6813
   11619      40.8409
   11620      40.4919
   11621      40.6258
   11622      40.9671
   11623      40.5257
   11624      40.8567
   11625      41.0666
   11626      40.4667
   11627      40.5592
   11628      40.6634
   11629      40.7434
   11630      40.7822
   11631      40.7013
   11632      40.7744
   11633      40.5680
   11634      40.1342
   11635      40.2842
   11636      39.9146
   11637      40.5983
   11638      40.0487
   11639      40.1733
   11640      40.4184
   11641      40.3242
   11642      40.5034
   11643      40.2363
   11644      40.4183
   11645      40.4916
   11646      40.0992
   11647      39.6975
   11648      40.0040
   11649      39.9561
   11650      40.3572
   11651      39.9165
   11652      40.9831
   11653      40.9244
   11654      40.9074
   11655      40.9356
   11656      40.8093
   11657      40.3456
   11658      40.2607
   11659      40.6407
   11660      40.2115
   11661      40.1004
   11662      40.1858
   11663      40.2741
   11664      40.4859
   11665      40.2901
   11666      40.4931
   11667      40.2076
   11668      40.1295
   11669      40.0804
   11670      40.5999
   11671      40.3144
   11672      40.0889
   11673      40.5034
   11674      40.4476
   11675      40.3905
   11676      40.5001
   11677      40.3568
   11678      40.2745
   11679      40.1303
   11680      40.4093
   11681      40.6002
   11682      40.7023
   11683      40.2920
   11684      40.3563
   11685      40.4878
   11686      40.5840
   11687      40.3953
   11688      40.4469
   11689      40.3881
   11690      40.0946
   11691      40.1612
   11692      40.2418
   11693      40.0540
   11694      40.2705
   11695      40.4044
   11696      40.0201
   11697      40.1658
   11698      40.4725
   11699      40.4259
   11700      40.3649
   11701      40.5627
   11702      40.4005
   11703      40.1066
   11704      40.5251
   11705      40.2012
   11706      39.8927
   11707      39.9915
   11708      40.3734
   11709      39.9157
   11710      40.6057
   11711      40.5147
   11712      40.4966
   11713      40.4395
   11714      40.5298
   11715      40.2481
   11716      40.3987
   11717      40.6383
   11718      40.7258
   11719      40.8375
   11720      40.6432
   11721      40.6118
   11722      40.5912
   11723      40.2887
   11724      40.2054
   11725      40.6077
   11726      40.5691
   11727      40.7728
   11728      40.2080
   11729      40.4863
   11730      40.1829
   11731      40.5473
   11732      40.4858
   11733      39.7905
   11734      39.9838
   11735      40.2860
   11736      40.7625
   11737      40.6205
   11738      40.6425
   11739      40.5434
   11740      40.2004
   11741      40.5380
   11742      40.6485
   11743      40.5965
   11744      40.5778
   11745      40.6119
   11746      40.1168
   11747      40.2847
   11748      40.2385
   11749      40.4734
   11750      40.5768
   11751      41.0007
   11752      40.1175
   11753      40.5978
   11754      40.4134
   11755      40.8180
   11756      40.9058
   11757      40.4578
   11758      40.9998
   11759      40.3359
   11760      40.4731
   11761      40.1607
   11762      40.2773
   11763      40.4384
   11764      39.8997
   11765      40.4818
   11766      40.3134
   11767      40.2356
   11768      40.3190
   11769      40.2668
   11770      40.3708
   11771      40.3046
   11772      40.4698
   11773      40.3945
   11774      40.1527
   11775      40.2316
   11776      40.2669
   11777      40.5271
   11778      40.1983
   11779      40.2677
   11780      40.4036
   11781      40.3009
   11782      40.1375
   11783      40.2326
   11784      40.1283
   11785      40.4118
   11786      40.5914
   11787      40.2558
   11788      39.9534
   11789      40.2503
   11790      40.3266
   11791      40.6998
   11792      40.4191
   11793      40.7974
   11794      40.3600
   11795      40.5554
   11796      40.5816
   11797      40.5692
   11798      40.1285
   11799      40.2797
   11800      40.4741
   11801      40.7870
   11802      40.0888
   11803      40.4355
   11804      40.3398
   11805      40.1135
   11806      40.2352
   11807      41.0446
   11808      40.1553
   11809      40.2563
   11810      39.8849
   11811      40.1579
   11812      40.1851
   11813      40.3069
   11814      40.3538
   11815      40.5003
   11816      40.5713
   11817      40.0074
   11818      40.3989
   11819      40.7422
   11820      41.0101
   11821      40.2414
   11822      40.7535
   11823      40.3641
   11824      40.4522
   11825      40.5028
   11826      40.1810
   11827      40.3060
   11828      40.3323
   11829      40.5170
   11830      40.1775
   11831      40.5226
   11832      40.2769
   11833      40.5574
   11834      40.5451
   11835      40.4847
   11836      40.0529
   11837      40.2944
   11838      40.5573
   11839      40.3436
   11840      40.2301
   11841      40.4330
   11842      40.4455
   11843      40.2732
   11844      40.4757
   11845      40.3618
   11846      40.3712
   11847      40.7162
   11848      40.2759
   11849      40.3276
   11850      40.7974
   11851      40.2328
   11852      40.5915
   11853      40.6309
   11854      40.4692
   11855      40.7115
   11856      40.6153
   11857      40.0970
   11858      40.6470
   11859      40.5026
   11860      40.6407
   11861      40.5534
   11862      40.9577
   11863      40.7193
   11864      41.0936
   11865      40.6710
   11866      40.7268
   11867      40.8212
   11868      40.2833
   11869      40.3089
   11870      40.5062
   11871      40.4062
   11872      40.3548
   11873      40.7783
   11874      40.3868
   11875      40.7782
   11876      40.6178
   11877      40.6357
   11878      40.1301
   11879      40.0399
   11880      40.5654
   11881      40.4073
   11882      40.7441
   11883      40.4609
   11884      40.3100
   11885      40.9453
   11886      41.0761
   11887      41.0405
   11888      40.4494
   11889      40.3774
   11890      40.4775
   11891      40.2146
   11892      40.3291
   11893      40.7180
   11894      40.2598
   11895      40.2043
   11896      40.5405
   11897      40.4086
   11898      40.6636
   11899      40.4551
   11900      40.4735
   11901      40.6643
   11902      40.3903
   11903      40.2561
   11904      40.3240
   11905      40.1935
   11906      40.3550
   11907      40.6374
   11908      40.4886
   11909      40.4598
   11910      40.4226
   11911      40.2194
   11912      40.2420
   11913      41.0952
   11914      40.4886
   11915      40.8984
   11916      40.3213
   11917      40.1367
   11918      40.3972
   11919      40.4114
   11920      40.3531
   11921      40.3423
   11922      40.5542
   11923      40.5541
   11924      40.6763
   11925      40.3830
   11926      40.1392
   11927      40.2610
   11928      40.7399
   11929      40.6890
   11930      40.1354
   11931      40.2206
   11932      40.1260
   11933      40.7646
   11934      40.4468
   11935      40.4678
   11936      40.4771
   11937      40.6472
   11938      40.8207
   11939      40.4846
   11940      40.4137
   11941      40.5920
   11942      40.4297
   11943      40.1557
   11944      40.1095
   11945      40.2775
   11946      39.9219
   11947      40.3695
   11948      40.2369
   11949      40.3571
   11950      40.4811
   11951      40.6434
   11952      40.5673
   11953      40.7069
   11954      40.5229
   11955      40.5270
   11956      40.3809
   11957      40.3809
   11958      40.3241
   11959      40.5666
   11960      40.4522
   11961      40.4467
   11962      40.4696
   11963      40.3095
   11964      40.7148
   11965      40.8398
   11966      41.3664
   11967      40.6852
   11968      40.6788
   11969      40.9792
   11970      40.7241
   11971      40.3475
   11972      40.2245
   11973      40.1421
   11974      40.8081
   11975      40.7513
   11976      40.3312
   11977      40.5287
   11978      40.7868
   11979      40.8722
   11980      40.4018
   11981      40.4132
   11982      40.4136
   11983      39.8897
   11984      40.1899
   11985      40.4089
   11986      40.2315
   11987      40.2284
   11988      40.2644
   11989      40.5618
   11990      40.6496
   11991      40.6895
   11992      40.1052
   11993      40.6467
   11994      40.6871
   11995      41.0738
   11996      40.8716
   11997      40.7003
   11998      40.9491
   11999      41.1952
   12000      41.0642
   12001      40.8977
   12002      41.2748
   12003      41.5246
   12004      41.5728
   12005      41.0694
   12006      41.5255
   12007      40.9686
   12008      41.1815
   12009      41.2029
   12010      40.9205
   12011      40.8822
   12012      40.9189
   12013      40.8520
   12014      40.9191
   12015      40.7864
   12016      40.4985
   12017      40.8253
   12018      41.2761
   12019      41.3226
   12020      41.0698
   12021      40.8703
   12022      40.8218
   12023      40.8495
   12024      40.9475
   12025      40.9696
   12026      40.7247
   12027      40.6580
   12028      40.6102
   12029      40.8142
   12030      40.8763
   12031      40.3965
   12032      40.8701
   12033      40.4534
   12034      41.0012
   12035      40.6319
   12036      40.6641
   12037      40.3497
   12038      40.5764
   12039      40.2082
   12040      40.7275
   12041      40.3480
   12042      41.2427
   12043      40.9539
   12044      40.7420
   12045      41.0959
   12046      40.3851
   12047      40.9533
   12048      40.9169
   12049      40.7937
   12050      41.0100
   12051      40.7756
   12052      40.6435
   12053      41.0003
   12054      40.7390
   12055      40.4913
   12056      40.8010
   12057      40.7512
   12058      41.2326
   12059      40.7917
   12060      40.5753
   12061      40.3958
   12062      40.6411
   12063      40.7306
   12064      40.8544
   12065      40.7545
   12066      41.1162
   12067      40.7982
   12068      41.0714
   12069      41.0153
   12070      41.1060
   12071      41.1714
   12072      40.8809
   12073      40.8626
   12074      40.9286
   12075      40.5882
   12076      40.7157
   12077      41.2557
   12078      41.1389
   12079      40.9998
   12080      40.9196
   12081      40.4420
   12082      40.4325
   12083      40.7461
   12084      40.9000
   12085      40.6516
   12086      40.8947
   12087      40.3228
   12088      40.8446
   12089      40.6774
   12090      40.6294
   12091      40.4830
   12092      40.6387
   12093      40.8581
   12094      40.9838
   12095      40.9014
   12096      40.7387
   12097      40.6537
   12098      40.7494
   12099      40.5177
   12100      40.7771
   12101      40.8656
   12102      40.5502
   12103      40.9127
   12104      40.6801
   12105      41.2242
   12106      40.6544
   12107      40.8799
   12108      40.6408
   12109      40.2004
   12110      40.6578
   12111      40.6597
   12112      40.5299
   12113      40.8676
   12114      40.9524
   12115      40.4986
   12116      40.3963
   12117      40.6791
   12118      40.3255
   12119      40.2278
   12120      40.9189
   12121      40.8108
   12122      40.0826
   12123      40.4384
   12124      40.8145
   12125      40.1823
   12126      40.6503
   12127      40.0629
   12128      40.5621
   12129      40.2020
   12130      40.4113
   12131      40.7583
   12132      40.3772
   12133      40.5090
   12134      40.7990
   12135      40.5157
   12136      40.3643
   12137      40.1151
   12138      40.5269
   12139      40.1684
   12140      39.9893
   12141      40.1981
   12142      40.5758
   12143      40.5828
   12144      40.8215
   12145      40.5984
   12146      40.3548
   12147      40.4649
   12148      40.6477
   12149      40.9560
   12150      40.5955
   12151      40.6925
   12152      40.5345
   12153      40.2326
   12154      40.1497
   12155      40.0307
   12156      40.9789
   12157      40.7144
   12158      40.7540
   12159      41.0665
   12160      40.6207
   12161      40.8547
   12162      40.5336
   12163      40.8102
   12164      40.8175
   12165      40.9035
   12166      40.9390
   12167      41.0604
   12168      40.7342
   12169      40.7049
   12170      40.9345
   12171      40.8318
   12172      41.5115
   12173      41.2150
   12174      41.2723
   12175      41.6257
   12176      40.9861
   12177      40.8869
   12178      41.0383
   12179      40.8545
   12180      41.2068
   12181      41.1821
   12182      41.1082
   12183      40.8791
   12184      41.3262
   12185      40.8099
   12186      41.3240
   12187      41.0174
   12188      40.7347
   12189      41.0650
   12190      41.3032
   12191      40.6496
   12192      40.6715
   12193      40.7259
   12194      40.7243
   12195      41.0620
   12196      40.4901
   12197      41.1837
   12198      41.2221
   12199      40.5904
   12200      40.9168
   12201      41.2164
   12202      41.2040
   12203      40.7486
   12204      41.2767
   12205      41.4638
   12206      41.0128
   12207      41.3094
   12208      41.0474
   12209      40.8042
   12210      40.9386
   12211      41.4463
   12212      41.0777
   12213      40.6992
   12214      40.6265
   12215      41.1121
   12216      40.6800
   12217      41.0729
   12218      40.8687
   12219      40.9450
   12220      40.7902
   12221      40.8246
   12222      40.7449
   12223      40.9491
   12224      40.6724
   12225      40.3153
   12226      40.6428
   12227      41.1551
   12228      40.9943
   12229      41.0365
   12230      40.5774
   12231      40.6576
   12232      40.9071
   12233      41.1285
   12234      40.8746
   12235      41.1880
   12236      41.2027
   12237      40.9011
   12238      40.7599
   12239      41.1577
   12240      41.4363
   12241      41.1257
   12242      41.1848
   12243      40.9809
   12244      40.9299
   12245      40.7944
   12246      40.7619
   12247      40.6517
   12248      41.1970
   12249      41.0799
   12250      40.8951
   12251      40.8892
   12252      40.9176
   12253      40.9560
   12254      40.8977
   12255      41.1328
   12256      40.6434
   12257      41.0240
   12258      40.6737
   12259      40.3722
   12260      40.9771
   12261      40.8705
   12262      40.6136
   12263      40.9769
   12264      41.3707
   12265      41.2179
   12266      40.7967
   12267      40.7258
   12268      40.8427
   12269      40.6053
   12270      40.5346
   12271      40.6481
   12272      40.5756
   12273      40.7301
   12274      40.4304
   12275      40.6151
   12276      40.0853
   12277      40.3987
   12278      40.7244
   12279      40.8145
   12280      40.6005
   12281      40.6431
   12282      40.2783
   12283      40.4266
   12284      40.6686
   12285      40.2451
   12286      40.3841
   12287      40.2016
   12288      40.1372
   12289      40.3621
   12290      40.4323
   12291      40.1226
   12292      40.6441
   12293      40.3433
   12294      40.6153
   12295      40.5393
   12296      40.4553
   12297      40.2996
   12298      40.1207
   12299      40.4661
   12300      40.6232
   12301      40.4937
   12302      40.7975
   12303      41.0159
   12304      40.8586
   12305      40.4487
   12306      40.6629
   12307      40.6930
   12308      40.7580
   12309      40.9601
   12310      40.5358
   12311      40.8778
   12312      40.8449
   12313      41.0340
   12314      40.2158
   12315      40.2888
   12316      40.1179
   12317      40.6823
   12318      40.5057
   12319      40.4144
   12320      41.2026
   12321      40.1724
   12322      40.6519
   12323      40.4247
   12324      40.8303
   12325      40.7394
   12326      40.3606
   12327      40.1379
   12328      40.4055
   12329      40.6608
   12330      40.5984
   12331      40.9391
   12332      41.0536
   12333      41.2424
   12334      40.1751
   12335      40.1211
   12336      40.3628
   12337      40.3429
   12338      40.7728
   12339      40.3332
   12340      40.5262
   12341      40.1887
   12342      40.4760
   12343      40.6249
   12344      40.6524
   12345      40.0747
   12346      40.2084
   12347      40.7908
   12348      40.7813
   12349      41.0541
   12350      41.1139
   12351      40.4702
   12352      40.6961
   12353      40.9763
   12354      40.9688
   12355      40.9946
   12356      40.7825
   12357      40.6474
   12358      40.8093
   12359      41.1543
   12360      40.2119
   12361      40.3968
   12362      40.6291
   12363      40.5428
   12364      40.6007
   12365      40.5016
   12366      40.3209
   12367      40.3930
   12368      40.4795
   12369      40.3796
   12370      40.3071
   12371      40.5607
   12372      40.6139
   12373      40.3416
   12374      40.6147
   12375      40.5687
   12376      40.7235
   12377      40.8989
   12378      40.5376
   12379      40.6043
   12380      40.5334
   12381      40.3339
   12382      40.2999
   12383      40.4563
   12384      40.5423
   12385      40.5034
   12386      40.4041
   12387      39.7889
   12388      40.2330
   12389      40.5357
   12390      40.5803
   12391      40.7040
   12392      40.5188
   12393      40.4948
   12394      40.9081
   12395      40.6636
   12396      40.8346
   12397      41.5960
   12398      40.7923
   12399      40.7686
   12400      40.9576
   12401      40.6034
   12402      40.9008
   12403      41.0548
   12404      40.5304
   12405      40.7178
   12406      41.0399
   12407      41.1876
   12408      41.1850
   12409      41.1814
   12410      40.4605
   12411      41.2455
   12412      41.0882
   12413      41.2291
   12414      40.9476
   12415      40.3919
   12416      40.6332
   12417      40.9793
   12418      40.4909
   12419      40.4408
   12420      41.1590
   12421      40.9633
   12422      40.8623
   12423      40.8093
   12424      41.0829
   12425      40.9100
   12426      41.0480
   12427      40.9418
   12428      40.9338
   12429      41.0853
   12430      41.1228
   12431      40.5061
   12432      40.8661
   12433      40.5286
   12434      40.3769
   12435      40.9122
   12436      41.4781
   12437      41.0956
   12438      40.9113
   12439      40.8097
   12440      40.8339
   12441      41.0276
   12442      40.2113
   12443      40.5016
   12444      40.3385
   12445      40.6323
   12446      40.2744
   12447      40.6411
   12448      41.1912
   12449      40.8091
   12450      40.6599
   12451      39.9779
   12452      40.5669
   12453      40.5417
   12454      40.5013
   12455      40.7943
   12456      40.4907
   12457      40.5891
   12458      40.5049
   12459      39.9985
   12460      40.9659
   12461      40.7922
   12462      40.6561
   12463      40.9500
   12464      40.7698
   12465      40.4405
   12466      40.3973
   12467      40.6250
   12468      40.7086
   12469      40.0433
   12470      40.6832
   12471      40.0192
   12472      40.6929
   12473      40.6594
   12474      40.6728
   12475      40.5444
   12476      40.4499
   12477      40.5604
   12478      40.2720
   12479      40.4695
   12480      40.2915
   12481      40.2689
   12482      40.5995
   12483      39.8361
   12484      40.1189
   12485      40.3454
   12486      40.4058
   12487      40.1726
   12488      40.2517
   12489      40.4848
   12490      40.6124
   12491      40.5269
   12492      40.3198
   12493      40.7561
   12494      40.6353
   12495      40.8331
   12496      40.7105
   12497      40.9038
   12498      40.2012
   12499      40.2453
   12500      40.5944
   12501      40.3746
   12502      39.9929
   12503      40.5420
   12504      40.5148
   12505      40.0824
   12506      40.5104
   12507      40.7910
   12508      40.6073
   12509      40.8122
   12510      40.4173
   12511      40.5258
   12512      41.3279
   12513      40.8216
   12514      40.8199
   12515      41.2801
   12516      40.7901
   12517      41.1039
   12518      40.7921
   12519      40.8387
   12520      40.5561
   12521      40.6586
   12522      40.6339
   12523      40.9630
   12524      40.7194
   12525      40.8719
   12526      40.9504
   12527      40.9976
   12528      40.8002
   12529      40.6149
   12530      40.8890
   12531      40.4116
   12532      40.6859
   12533      40.8709
   12534      41.1338
   12535      41.3188
   12536      41.2192
   12537      40.9985
   12538      40.6667
   12539      40.6213
   12540      40.5022
   12541      40.5571
   12542      40.5674
   12543      41.0415
   12544      40.7204
   12545      40.8167
   12546      40.7238
   12547      40.9975
   12548      40.7000
   12549      40.6105
   12550      41.2377
   12551      41.4221
   12552      40.8580
   12553      41.0396
   12554      40.8647
   12555      40.6652
   12556      40.8312
   12557      40.9192
   12558      40.5836
   12559      40.8410
   12560      40.9095
   12561      41.3678
   12562      40.8516
   12563      40.9117
   12564      40.6075
   12565      41.0639
   12566      40.7210
   12567      40.7059
   12568      40.7008
   12569      40.7597
   12570      40.2877
   12571      40.9713
   12572      40.5405
   12573      41.2639
   12574      41.1959
   12575      40.7530
   12576      41.2745
   12577      41.1594
   12578      40.6797
   12579      40.8384
   12580      40.8855
   12581      40.7741
   12582      40.4654
   12583      41.1359
   12584      40.5387
   12585      41.0370
   12586      41.1737
   12587      40.7057
   12588      40.9533
   12589      41.0583
   12590      40.6928
   12591      40.5085
   12592      40.2041
   12593      40.4671
   12594      40.7575
   12595      40.9045
   12596      40.8244
   12597      40.8412
   12598      40.7844
   12599      40.8395
   12600      40.9498
   12601      41.0031
   12602      40.9637
   12603      40.8275
   12604      40.8873
   12605      41.0276
   12606      40.9575
   12607      41.1137
   12608      41.0964
   12609      41.1537
   12610      41.1605
   12611      41.0778
   12612      41.1096
   12613      41.1654
   12614      40.7599
   12615      40.7796
   12616      40.7374
   12617      40.6703
   12618      40.1791
   12619      40.4244
   12620      40.2277
   12621      40.4173
   12622      40.5161
   12623      40.1005
   12624      41.0471
   12625      40.2349
   12626      39.9858
   12627      40.3628
   12628      40.4412
   12629      40.4122
   12630      40.3077
   12631      40.3113
   12632      40.3128
   12633      40.2834
   12634      40.3531
   12635      40.3265
   12636      40.2623
   12637      40.0892
   12638      40.2314
   12639      40.2531
   12640      40.2211
   12641      40.0699
   12642      40.3457
   12643      40.5638
   12644      40.2678
   12645      40.3980
   12646      40.2259
   12647      40.7007
   12648      40.5503
   12649      40.2265
   12650      40.7902
   12651      40.9720
   12652      41.0699
   12653      41.3082
   12654      41.1941
   12655      41.2486
   12656      41.4887
   12657      42.0815
   12658      42.1021
   12659      42.3225
   12660      42.3586
   12661      42.2008
   12662      42.1120
   12663      42.4892
   12664      42.3894
   12665      42.3959
   12666      42.2096
   12667      42.7067
   12668      41.8687
   12669      42.7357
   12670      42.5466
   12671      42.3985
   12672      42.7416
   12673      42.6015
   12674      42.7914
   12675      41.8929
   12676      41.9090
   12677      41.8576
   12678      42.6310
   12679      42.5191
   12680      41.9434
   12681      42.2441
   12682      41.8583
   12683      41.8601
   12684      42.2927
   12685      42.0657
   12686      42.5857
   12687      42.2764
   12688      41.6644
   12689      42.2854
   12690      42.2182
   12691      42.6000
   12692      43.0088
   12693      42.3347
   12694      42.2171
   12695      42.8108
   12696      42.7528
   12697      42.4862
   12698      42.5162
   12699      42.6626
   12700      42.4678
   12701      42.4273
   12702      42.6811
   12703      42.9353
   12704      42.7643
   12705      42.5951
   12706      42.6245
   12707      43.0796
   12708      43.2640
   12709      42.5555
   12710      43.0132
   12711      42.7678
   12712      42.5002
   12713      42.8749
   12714      42.2881
   12715      42.9313
   12716      42.5567
   12717      42.3962
   12718      42.5298
   12719      42.7549
   12720      42.7908
   12721      42.6912
   12722      42.6956
   12723      43.1034
   12724      42.9558
   12725      42.8024
   12726      43.0137
   12727      42.6138
   12728      42.4360
   12729      42.5300
   12730      42.3488
   12731      42.1598
   12732      42.1997
   12733      42.7268
   12734      42.0300
   12735      42.2527
   12736      42.3986
   12737      42.4749
   12738      42.2293
   12739      42.5414
   12740      42.2815
   12741      42.2634
   12742      42.5950
   12743      42.2678
   12744      42.2518
   12745      42.2389
   12746      42.1279
   12747      42.7594
   12748      42.2507
   12749      41.9917
   12750      42.1479
   12751      41.4762
   12752      41.7418
   12753      41.5757
   12754      41.8476
   12755      40.9591
   12756      41.5129
   12757      41.4736
   12758      41.2801
   12759      41.6206
   12760      41.8800
   12761      41.1821
   12762      42.4114
   12763      41.9243
   12764      41.8634
   12765      41.2482
   12766      41.8860
   12767      41.5435
   12768      42.3461
   12769      42.1707
   12770      42.1911
   12771      42.1912
   12772      41.9340
   12773      41.5600
   12774      42.4607
   12775      42.1837
   12776      42.3356
   12777      41.9023
   12778      41.8314
   12779      42.1959
   12780      41.5900
   12781      41.9934
   12782      41.5915
   12783      41.6703
   12784      41.9569
   12785      42.0807
   12786      41.9302
   12787      41.5886
   12788      42.5603
   12789      41.9552
   12790      42.3943
   12791      41.8062
   12792      42.1717
   12793      42.2274
   12794      41.7233
   12795      42.3636
   12796      42.1070
   12797      41.5649
   12798      41.7687
   12799      42.1023
   12800      42.4543
   12801      41.8598
   12802      42.2632
   12803      42.1701
   12804      42.0714
   12805      42.0381
   12806      42.0683
   12807      41.7037
   12808      42.0914
   12809      41.9866
   12810      41.9982
   12811      41.9055
   12812      42.3951
   12813      42.1275
   12814      42.2009
   12815      42.2970
   12816      41.6844
   12817      42.4573
   12818      42.4734
   12819      42.4581
   12820      42.2211
   12821      41.8678
   12822      41.4014
   12823      41.3236
   12824      41.6599
   12825      41.8487
   12826      41.9142
   12827      42.1038
   12828      41.9367
   12829      41.6366
   12830      41.7153
   12831      41.5745
   12832      41.5943
   12833      42.0213
   12834      42.0103
   12835      42.2291
   12836      42.0905
   12837      42.3199
   12838      42.0873
   12839      41.8035
   12840      42.8223
   12841      42.3516
   12842      42.2949
   12843      42.0740
   12844      41.7412
   12845      41.8908
   12846      42.1877
   12847      41.4618
   12848      42.0819
   12849      41.9394
   12850      42.2913
   12851      42.0915
   12852      42.0717
   12853      41.9074
   12854      42.2875
   12855      42.2439
   12856      42.1287
   12857      42.4232
   12858      42.2838
   12859      42.3759
   12860      42.3971
   12861      42.6565
   12862      42.4657
   12863      42.4740
   12864      41.9267
   12865      41.8985
   12866      41.8713
   12867      42.3454
   12868      42.2041
   12869      41.8458
   12870      42.1602
   12871      42.6594
   12872      42.3924
   12873      42.5894
   12874      42.8149
   12875      42.3264
   12876      42.5444
   12877      42.2624
   12878      42.4216
   12879      42.6275
   12880      42.1483
   12881      42.1696
   12882      41.8947
   12883      42.2877
   12884      42.3022
   12885      42.2910
   12886      42.4562
   12887      42.0195
   12888      42.1916
   12889      41.7999
   12890      42.2484
   12891      42.2939
   12892      42.7638
   12893      42.6412
   12894      42.2175
   12895      42.3584
   12896      42.5647
   12897      42.6561
   12898      42.1920
   12899      42.0567
   12900      42.1637
   12901      42.0858
   12902      42.0522
   12903      42.6703
   12904      42.4128
   12905      42.2484
   12906      42.5730
   12907      42.3423
   12908      42.1621
   12909      42.2726
   12910      42.4427
   12911      42.4527
   12912      42.4775
   12913      42.0011
   12914      42.3401
   12915      41.8893
   12916      41.6550
   12917      42.0106
   12918      42.0908
   12919      42.2428
   12920      41.8228
   12921      42.0465
   12922      41.9277
   12923      41.5321
   12924      42.2318
   12925      42.3012
   12926      41.6767
   12927      41.0553
   12928      41.7147
   12929      41.6864
   12930      41.5912
   12931      41.7878
   12932      41.6810
   12933      42.1055
   12934      42.2320
   12935      41.6635
   12936      41.4548
   12937      42.0823
   12938      41.5610
   12939      41.8492
   12940      41.8642
   12941      41.6134
   12942      42.3230
   12943      41.8819
   12944      42.0844
   12945      41.4190
   12946      41.8423
   12947      41.7987
   12948      41.2936
   12949      41.8097
   12950      41.4099
   12951      40.9328
   12952      40.5685
   12953      40.8517
   12954      40.7668
   12955      40.4346
   12956      40.7604
   12957      41.1745
   12958      41.8317
   12959      41.4911
   12960      40.3327
   12961      41.1056
   12962      41.1920
   12963      41.0707
   12964      41.3128
   12965      42.1307
   12966      41.8912
   12967      41.8536
   12968      41.6533
   12969      42.3202
   12970      41.9358
   12971      41.9020
   12972      41.4061
   12973      41.6717
   12974      41.8675
   12975      41.6254
   12976      41.9595
   12977      41.7798
   12978      41.6871
   12979      41.9131
   12980      42.0522
   12981      42.4839
   12982      42.7813
   12983      42.0015
   12984      42.3713
   12985      42.4417
   12986      42.0716
   12987      42.3427
   12988      42.1538
   12989      41.8094
   12990      41.6762
   12991      41.6805
   12992      42.0697
   12993      42.4823
   12994      42.1650
   12995      41.9112
   12996      42.3492
   12997      42.1541
   12998      42.2400
   12999      41.6932
   13000      41.6868
   13001      42.0876
   13002      42.5699
   13003      41.7528
   13004      42.0387
   13005      42.0203
   13006      42.0529
   13007      42.0950
   13008      42.0312
   13009      42.3109
   13010      41.6869
   13011      41.9048
   13012      41.0014
   13013      41.4151
   13014      41.5577
   13015      41.5047
   13016      41.2592
   13017      41.9479
   13018      41.6566
   13019      41.3472
   13020      41.2550
   13021      41.6284
   13022      41.9621
   13023      41.6520
   13024      41.6200
   13025      41.5343
   13026      41.7128
   13027      42.0116
   13028      41.8428
   13029      41.6303
   13030      41.8851
   13031      42.2990
   13032      42.3854
   13033      42.7170
   13034      42.3705
   13035      41.9966
   13036      42.3864
   13037      41.9544
   13038      42.2623
   13039      42.2192
   13040      42.0500
   13041      41.3952
   13042      41.1735
   13043      41.5280
   13044      40.7415
   13045      40.6570
   13046      40.4978
   13047      40.7844
   13048      41.0071
   13049      40.7059
   13050      40.7866
   13051      40.5312
   13052      41.8076
   13053      40.9885
   13054      41.4186
   13055      41.6340
   13056      41.6945
   13057      41.5878
   13058      40.9207
   13059      41.4170
   13060      41.7514
   13061      41.5705
   13062      41.1154
   13063      41.4341
   13064      41.6908
   13065      41.0213
   13066      40.9661
   13067      41.7978
   13068      41.0285
   13069      41.1753
   13070      41.0509
   13071      40.4249
   13072      41.4586
   13073      42.1479
   13074      41.8392
   13075      41.3770
   13076      41.6179
   13077      40.9348
   13078      40.9533
   13079      40.8787
   13080      41.0789
   13081      40.4466
   13082      41.2234
   13083      41.6897
   13084      41.4161
   13085      41.3447
   13086      41.1605
   13087      40.9998
   13088      40.9182
   13089      40.8660
   13090      40.8022
   13091      40.6541
   13092      40.6368
   13093      41.2465
   13094      40.6803
   13095      41.1760
   13096      41.6179
   13097      41.2724
   13098      41.0813
   13099      40.8754
   13100      40.3412
   13101      40.8259
   13102      41.0259
   13103      41.1744
   13104      41.3871
   13105      41.2621
   13106      40.8422
   13107      41.4503
   13108      40.5860
   13109      41.1485
   13110      40.7838
   13111      41.0028
   13112      40.9197
   13113      40.9655
   13114      41.1555
   13115      40.9748
   13116      40.8989
   13117      41.0263
   13118      40.7660
   13119      41.0011
   13120      40.9950
   13121      40.4171
   13122      40.5685
   13123      40.8522
   13124      41.3140
   13125      40.8756
   13126      41.2100
   13127      40.8872
   13128      40.5283
   13129      40.6894
   13130      40.4495
   13131      40.3619
   13132      40.7813
   13133      40.6824
   13134      40.9286
   13135      40.7443
   13136      41.3446
   13137      41.4322
   13138      41.0181
   13139      41.0627
   13140      41.3793
   13141      41.3983
   13142      41.5511
   13143      41.0155
   13144      41.1054
   13145      40.5214
   13146      40.9495
   13147      40.4459
   13148      40.9530
   13149      41.7239
   13150      41.0062
   13151      40.7194
   13152      40.8103
   13153      40.7689
   13154      41.0100
   13155      41.2509
   13156      41.0162
   13157      40.7315
   13158      41.4501
   13159      40.9049
   13160      40.8557
   13161      41.2161
   13162      40.7992
   13163      40.6334
   13164      40.8368
   13165      40.5782
   13166      40.7587
   13167      41.2451
   13168      41.1279
   13169      41.6242
   13170      41.2967
   13171      40.7716
   13172      41.6039
   13173      41.3833
   13174      41.1554
   13175      40.8239
   13176      40.9693
   13177      41.1272
   13178      41.1942
   13179      41.6165
   13180      41.5146
   13181      41.3916
   13182      40.5522
   13183      40.4478
   13184      40.5575
   13185      40.3520
   13186      40.8091
   13187      41.2347
   13188      41.1941
   13189      41.6855
   13190      41.3848
   13191      41.4179
   13192      41.5519
   13193      41.3649
   13194      41.5194
   13195      42.0215
   13196      42.0324
   13197      41.8861
   13198      41.6120
   13199      41.6870
   13200      41.6813
   13201      41.8674
   13202      41.7871
   13203      42.0673
   13204      41.9731
   13205      41.2911
   13206      41.2319
   13207      42.0963
   13208      42.1043
   13209      42.0272
   13210      41.8208
   13211      41.7479
   13212      41.7349
   13213      41.9445
   13214      41.2708
   13215      41.1151
   13216      40.8726
   13217      41.0271
   13218      40.6900
   13219      40.9574
   13220      41.2052
   13221      41.3725
   13222      41.0942
   13223      41.2363
   13224      40.7922
   13225      40.8065
   13226      41.3303
   13227      41.2130
   13228      40.4977
   13229      40.7466
   13230      40.4861
   13231      40.8540
   13232      40.8171
   13233      40.7977
   13234      40.6579
   13235      40.7490
   13236      40.7255
   13237      41.0272
   13238      40.9424
   13239      40.8780
   13240      40.9490
   13241      41.2193
   13242      41.6756
   13243      41.4032
   13244      41.4049
   13245      40.7043
   13246      40.8533
   13247      41.0990
   13248      41.2734
   13249      41.3403
   13250      41.4388
   13251      41.4655
   13252      41.4102
   13253      41.1163
   13254      40.8053
   13255      41.1484
   13256      41.4233
   13257      41.6879
   13258      41.2151
   13259      41.4297
   13260      41.0940
   13261      40.9665
   13262      40.7981
   13263      41.2907
   13264      40.8625
   13265      40.8604
   13266      40.9027
   13267      40.5120
   13268      40.8816
   13269      40.9298
   13270      41.3026
   13271      40.7616
   13272      40.8860
   13273      41.6330
   13274      41.6333
   13275      41.7591
   13276      40.9399
   13277      41.2494
   13278      41.2256
   13279      41.1079
   13280      40.6647
   13281      40.6902
   13282      40.4419
   13283      40.3555
   13284      40.5583
   13285      40.3592
   13286      40.6848
   13287      40.6630
   13288      40.7033
   13289      40.3915
   13290      41.3870
   13291      41.1056
   13292      41.2192
   13293      41.2196
   13294      40.3654
   13295      41.0284
   13296      41.1345
   13297      41.4327
   13298      40.7371
   13299      40.5600
   13300      40.8649
   13301      40.7198
   13302      40.8891
   13303      40.7699
   13304      40.6970
   13305      41.1567
   13306      40.8309
   13307      40.9881
   13308      40.9633
   13309      41.4454
   13310      40.7333
   13311      41.2977
   13312      41.2991
   13313      40.7969
   13314      41.1758
   13315      41.2362
   13316      41.1035
   13317      41.0995
   13318      40.9785
   13319      41.2470
   13320      40.9228
   13321      41.4856
   13322      41.5272
   13323      41.8795
   13324      41.4364
   13325      40.8589
   13326      40.7982
   13327      40.7386
   13328      40.6580
   13329      40.6217
   13330      40.7338
   13331      41.2377
   13332      40.7682
   13333      40.9660
   13334      40.9950
   13335      41.2333
   13336      41.1998
   13337      41.2656
   13338      41.2024
   13339      41.2573
   13340      41.3028
   13341      40.8506
   13342      41.6556
   13343      41.1912
   13344      41.5839
   13345      41.2528
   13346      41.5079
   13347      41.3805
   13348      41.2136
   13349      41.3192
   13350      41.4279
   13351      41.3857
   13352      41.5008
   13353      41.2193
   13354      41.5559
   13355      41.1166
   13356      41.0769
   13357      40.7705
   13358      41.3724
   13359      41.3699
   13360      41.8686
   13361      41.0928
   13362      41.5698
   13363      41.8428
   13364      41.6161
   13365      41.2107
   13366      41.2718
   13367      41.4107
   13368      41.2539
   13369      40.6157
   13370      40.8030
   13371      40.9301
   13372      41.2173
   13373      41.1369
   13374      41.5559
   13375      41.0451
   13376      41.2350
   13377      41.0235
   13378      40.9760
   13379      41.0319
   13380      40.7465
   13381      41.0957
   13382      40.9816
   13383      41.2111
   13384      41.0204
   13385      40.8117
   13386      40.8541
   13387      40.9278
   13388      40.9684
   13389      40.8910
   13390      41.2297
   13391      41.0171
   13392      41.1795
   13393      41.4156
   13394      41.3552
   13395      41.1097
   13396      41.8929
   13397      41.3898
   13398      40.5981
   13399      40.8391
   13400      41.0133
   13401      41.1344
   13402      41.3711
   13403      41.2409
   13404      40.9920
   13405      41.0781
   13406      41.5447
   13407      41.1654
   13408      40.9559
   13409      40.6895
   13410      41.1661
   13411      40.7388
   13412      40.1376
   13413      40.5182
   13414      40.6901
   13415      40.3602
   13416      40.0742
   13417      40.4805
   13418      40.8911
   13419      40.9835
   13420      41.1134
   13421      40.9701
   13422      41.0674
   13423      40.7487
   13424      41.2049
   13425      40.7600
   13426      41.0515
   13427      41.0272
   13428      41.1657
   13429      41.2533
   13430      40.8836
   13431      40.9304
   13432      40.9057
   13433      41.0286
   13434      40.7962
   13435      40.9407
   13436      41.0560
   13437      40.8896
   13438      40.9743
   13439      40.7886
   13440      40.6169
   13441      40.6467
   13442      40.3851
   13443      40.5476
   13444      40.7487
   13445      40.9414
   13446      40.9869
   13447      40.4293
   13448      40.7108
   13449      40.8579
   13450      40.9393
   13451      41.3388
   13452      40.5574
   13453      40.4088
   13454      41.1955
   13455      40.4957
   13456      40.7677
   13457      40.3710
   13458      40.4849
   13459      40.6467
   13460      40.0093
   13461      40.6480
   13462      41.1789
   13463      40.9593
   13464      41.0688
   13465      40.6604
   13466      41.0939
   13467      40.9495
   13468      40.8402
   13469      41.3319
   13470      41.0060
   13471      40.7337
   13472      40.9042
   13473      41.1936
   13474      40.6431
   13475      40.7275
   13476      41.0769
   13477      41.0658
   13478      41.2847
   13479      41.5592
   13480      41.3471
   13481      40.7561
   13482      41.3383
   13483      41.1700
   13484      40.6623
   13485      40.9742
   13486      41.0770
   13487      40.9643
   13488      41.0524
   13489      40.9688
   13490      41.2254
   13491      41.0640
   13492      41.0814
   13493      41.0147
   13494      41.1683
   13495      41.0405
   13496      41.0622
   13497      40.9531
   13498      40.5175
   13499      40.9923
   13500      40.7444
   13501      40.6541
   13502      40.9259
   13503      40.9044
   13504      40.2851
   13505      40.6346
   13506      40.6855
   13507      40.7339
   13508      40.9012
   13509      40.7279
   13510      40.7357
   13511      40.8197
   13512      41.3357
   13513      41.3705
   13514      41.6454
   13515      41.0920
   13516      40.9389
   13517      40.8238
   13518      41.4244
   13519      41.0134
   13520      40.9130
   13521      41.0500
   13522      41.0629
   13523      41.0945
   13524      41.0106
   13525      41.0986
   13526      41.4198
   13527      41.0565
   13528      40.7239
   13529      41.7343
   13530      40.8683
   13531      40.7293
   13532      40.6200
   13533      41.2569
   13534      41.3388
   13535      41.1089
   13536      41.3461
   13537      41.3867
   13538      41.3180
   13539      41.1625
   13540      41.2940
   13541      40.3199
   13542      41.0251
   13543      40.8808
   13544      40.6726
   13545      40.9383
   13546      40.8764
   13547      40.8113
   13548      41.1804
   13549      40.9974
   13550      41.1013
   13551      40.7090
   13552      40.1828
   13553      40.6542
   13554      40.3369
   13555      40.6326
   13556      40.5874
   13557      40.3596
   13558      40.9906
   13559      40.7842
   13560      40.7878
   13561      40.7397
   13562      40.4961
   13563      40.9644
   13564      40.8555
   13565      41.1614
   13566      40.4523
   13567      40.8014
   13568      41.2835
   13569      40.9172
   13570      40.9659
   13571      41.0155
   13572      41.0221
   13573      41.1078
   13574      41.2397
   13575      41.2761
   13576      40.7384
   13577      40.5721
   13578      40.9282
   13579      40.5426
   13580      40.8982
   13581      40.8729
   13582      40.4547
   13583      40.8226
   13584      40.8699
   13585      40.8538
   13586      40.5036
   13587      40.3835
   13588      40.4807
   13589      40.7563
   13590      40.9004
   13591      40.7598
   13592      40.9479
   13593      40.6530
   13594      40.8497
   13595      40.7046
   13596      40.7544
   13597      40.7850
   13598      40.5484
   13599      41.0269
   13600      40.9447
   13601      40.7718
   13602      40.8434
   13603      41.0651
   13604      40.8547
   13605      41.1140
   13606      40.5629
   13607      41.0050
   13608      41.3415
   13609      40.7604
   13610      40.7036
   13611      40.6035
   13612      41.1608
   13613      41.1004
   13614      40.8429
   13615      40.8691
   13616      40.6614
   13617      40.8402
   13618      40.8609
   13619      41.0745
   13620      41.1527
   13621      41.1894
   13622      41.4561
   13623      40.8763
   13624      41.0701
   13625      41.0311
   13626      41.1124
   13627      40.7850
   13628      40.7218
   13629      40.6952
   13630      40.7346
   13631      40.9187
   13632      40.8807
   13633      41.4871
   13634      41.4127
   13635      41.3869
   13636      40.8629
   13637      41.1513
   13638      41.3058
   13639      41.0592
   13640      41.1503
   13641      41.6982
   13642      41.5989
   13643      41.1446
   13644      41.2180
   13645      40.9368
   13646      41.0918
   13647      40.4914
   13648      41.0318
   13649      40.8766
   13650      41.0084
   13651      40.9190
   13652      41.5575
   13653      41.1820
   13654      41.5876
   13655      40.9018
   13656      40.9627
   13657      41.2853
   13658      41.0452
   13659      40.7267
   13660      40.7675
   13661      40.9898
   13662      41.1381
   13663      40.5745
   13664      40.9748
   13665      41.1178
   13666      40.8230
   13667      40.9883
   13668      40.9951
   13669      41.0747
   13670      41.2543
   13671      40.9032
   13672      40.8953
   13673      40.3243
   13674      40.9477
   13675      41.1502
   13676      41.1780
   13677      40.7369
   13678      40.8427
   13679      40.7866
   13680      40.4519
   13681      40.5541
   13682      40.8713
   13683      41.0270
   13684      40.9159
   13685      40.6520
   13686      40.5873
   13687      40.4863
   13688      41.0399
   13689      40.8778
   13690      40.7201
   13691      40.9178
   13692      41.0350
   13693      41.3509
   13694      41.0631
   13695      40.7909
   13696      40.9535
   13697      41.1286
   13698      41.3403
   13699      41.4374
   13700      40.8030
   13701      41.0735
   13702      40.5864
   13703      41.1578
   13704      40.5608
   13705      40.9484
   13706      40.6951
   13707      40.3922
   13708      41.1780
   13709      40.9565
   13710      41.3101
   13711      41.2625
   13712      40.7648
   13713      40.6166
   13714      40.9338
   13715      40.8029
   13716      40.3963
   13717      40.8101
   13718      40.5321
   13719      40.5485
   13720      40.9801
   13721      41.0810
   13722      40.5278
   13723      40.4261
   13724      40.9162
   13725      40.5986
   13726      40.5977
   13727      40.5694
   13728      40.8372
   13729      40.9344
   13730      40.9130
   13731      41.0149
   13732      40.8006
   13733      41.2015
   13734      41.0263
   13735      40.8725
   13736      40.4174
   13737      40.9236
   13738      40.5737
   13739      40.7923
   13740      40.7884
   13741      40.2573
   13742      40.4554
   13743      40.9618
   13744      40.5301
   13745      41.0494
   13746      40.8263
   13747      40.4646
   13748      40.9616
   13749      40.8423
   13750      40.9052
   13751      40.3839
   13752      40.5875
   13753      40.4535
   13754      40.6105
   13755      40.4773
   13756      41.0023
   13757      40.6505
   13758      41.1873
   13759      40.7615
   13760      40.9243
   13761      40.9795
   13762      41.0577
   13763      40.6666
   13764      40.6465
   13765      40.6921
   13766      41.2125
   13767      41.0657
   13768      41.1690
   13769      41.0020
   13770      40.7114
   13771      40.5351
   13772      40.4426
   13773      40.7113
   13774      40.7787
   13775      40.7653
   13776      40.7284
   13777      40.5455
   13778      40.7030
   13779      40.8667
   13780      41.5942
   13781      41.2292
   13782      40.5009
   13783      41.2112
   13784      41.0768
   13785      41.1768
   13786      41.3986
   13787      41.0518
   13788      41.3448
   13789      41.0336
   13790      40.8215
   13791      41.1323
   13792      41.2134
   13793      41.2644
   13794      40.9093
   13795      40.8770
   13796      41.2042
   13797      41.2455
   13798      40.8929
   13799      40.9427
   13800      41.6053
   13801      41.4252
   13802      41.1489
   13803      40.9246
   13804      40.6201
   13805      40.8544
   13806      41.2180
   13807      41.2198
   13808      41.1527
   13809      41.1083
   13810      41.2059
   13811      40.8984
   13812      41.2072
   13813      41.0443
   13814      41.4227
   13815      41.5387
   13816      41.4505
   13817      41.5150
   13818      41.5220
   13819      40.6985
   13820      41.2321
   13821      41.0632
   13822      40.9844
   13823      41.0004
   13824      41.2916
   13825      40.6691
   13826      40.7144
   13827      40.6802
   13828      40.6912
   13829      41.0178
   13830      40.6569
   13831      40.6963
   13832      41.1088
   13833      40.9016
   13834      41.1432
   13835      41.0775
   13836      41.7350
   13837      41.5595
   13838      41.5748
   13839      41.3571
   13840      41.2535
   13841      41.0455
   13842      40.4221
   13843      40.4281
   13844      41.2546
   13845      41.4180
   13846      40.8303
   13847      40.6587
   13848      41.1082
   13849      40.7787
   13850      40.9522
   13851      40.7688
   13852      40.6760
   13853      41.0717
   13854      40.8204
   13855      41.3094
   13856      40.9360
   13857      40.8308
   13858      40.6812
   13859      41.3724
   13860      41.0855
   13861      41.2874
   13862      40.6209
   13863      41.0679
   13864      40.8305
   13865      40.8094
   13866      40.9106
   13867      41.0843
   13868      41.1967
   13869      41.2025
   13870      41.2799
   13871      41.4868
   13872      41.3047
   13873      41.5748
   13874      41.2287
   13875      41.2405
   13876      40.7676
   13877      41.1690
   13878      41.0982
   13879      40.9554
   13880      40.9536
   13881      40.9084
   13882      41.4290
   13883      41.2691
   13884      40.5152
   13885      40.6423
   13886      40.6062
   13887      40.6356
   13888      40.6854
   13889      40.9148
   13890      40.8565
   13891      40.7241
   13892      40.8166
   13893      40.5730
   13894      40.6926
   13895      40.5993
   13896      40.9487
   13897      41.1777
   13898      40.9891
   13899      40.5618
   13900      40.8548
   13901      40.7476
   13902      40.8402
   13903      40.6962
   13904      41.0622
   13905      40.7963
   13906      41.5109
   13907      41.2575
   13908      41.0459
   13909      40.9193
   13910      41.1267
   13911      40.9323
   13912      40.6272
   13913      40.9844
   13914      41.3356
   13915      41.0094
   13916      41.1376
   13917      41.2978
   13918      41.4222
   13919      41.0590
   13920      40.9953
   13921      40.9789
   13922      41.2285
   13923      41.2646
   13924      41.5135
   13925      41.1902
   13926      40.9306
   13927      40.8400
   13928      40.9186
   13929      41.0217
   13930      41.1356
   13931      40.8978
   13932      40.8872
   13933      40.9227
   13934      41.0112
   13935      41.0489
   13936      41.1920
   13937      41.0864
   13938      41.0223
   13939      40.7013
   13940      41.1497
   13941      40.5927
   13942      41.2720
   13943      41.0177
   13944      40.8961
   13945      40.9731
   13946      41.3132
   13947      41.1251
   13948      41.7531
   13949      41.2820
   13950      40.8506
   13951      41.0722
   13952      40.7929
   13953      40.7241
   13954      40.7672
   13955      41.1181
   13956      41.0011
   13957      40.6735
   13958      40.3638
   13959      40.3793
   13960      40.5103
   13961      40.5338
   13962      40.5813
   13963      40.7286
   13964      40.8990
   13965      40.7564
   13966      40.8547
   13967      40.2532
   13968      41.0331
   13969      40.8688
   13970      40.6222
   13971      40.7017
   13972      40.5403
   13973      41.0285
   13974      41.0883
   13975      40.5666
   13976      40.3269
   13977      40.4008
   13978      40.4960
   13979      40.4187
   13980      40.1370
   13981      40.4825
   13982      40.6282
   13983      40.8156
   13984      40.9471
   13985      40.8706
   13986      41.1346
   13987      40.8294
   13988      40.5799
   13989      41.1980
   13990      41.2163
   13991      41.2014
   13992      41.0412
   13993      41.2008
   13994      41.2531
   13995      40.7480
   13996      40.6081
   13997      40.6579
   13998      40.7377
   13999      41.0985
   14000      40.9914
   14001      40.7821
   14002      40.4922
   14003      40.5276
   14004      40.8541
   14005      40.7963
   14006      40.4587
   14007      40.8812
   14008      40.7890
   14009      40.5143
   14010      40.5840
   14011      40.8041
   14012      40.3912
   14013      40.7238
   14014      40.7565
   14015      40.3662
   14016      40.0661
   14017      40.9363
   14018      40.7389
   14019      40.7514
   14020      40.7590
   14021      40.6960
   14022      40.3956
   14023      40.2364
   14024      40.3148
   14025      40.9083
   14026      40.7637
   14027      40.9508
   14028      40.7867
   14029      41.0968
   14030      40.6218
   14031      41.1587
   14032      41.1188
   14033      40.5767
   14034      40.9322
   14035      41.0392
   14036      41.1669
   14037      41.3581
   14038      40.9908
   14039      41.4892
   14040      41.3807
   14041      41.3126
   14042      41.0483
   14043      41.0493
   14044      41.0213
   14045      41.6096
   14046      41.0202
   14047      41.1082
   14048      41.1655
   14049      41.2185
   14050      41.3884
   14051      41.7063
   14052      41.6880
   14053      41.6081
   14054      41.5821
   14055      41.6598
   14056      41.4175
   14057      41.3586
   14058      41.2598
   14059      40.9679
   14060      41.3514
   14061      41.6183
   14062      41.4062
   14063      41.5268
   14064      41.4951
   14065      41.3409
   14066      41.2186
   14067      41.1544
   14068      41.0488
   14069      41.4926
   14070      40.7624
   14071      41.1451
   14072      40.9886
   14073      41.4836
   14074      41.3252
   14075      41.1592
   14076      40.9624
   14077      41.3234
   14078      41.3548
   14079      41.0255
   14080      41.0108
   14081      41.1016
   14082      41.1758
   14083      41.2612
   14084      41.0053
   14085      41.3735
   14086      41.6046
   14087      41.1058
   14088      40.7846
   14089      41.0419
   14090      41.3752
   14091      40.9368
   14092      40.8740
   14093      40.9536
   14094      40.9409
   14095      40.9051
   14096      40.9361
   14097      40.8881
   14098      40.9251
   14099      40.8447
   14100      41.1798
   14101      40.9050
   14102      40.8771
   14103      41.1720
   14104      40.9671
   14105      41.0075
   14106      40.9265
   14107      40.9680
   14108      41.0127
   14109      41.5641
   14110      40.6729
   14111      41.1865
   14112      41.5847
   14113      41.3863
   14114      41.3648
   14115      41.7368
   14116      41.4911
   14117      41.6965
   14118      41.2982
   14119      41.2104
   14120      41.5049
   14121      41.2629
   14122      41.0152
   14123      41.3056
   14124      41.3235
   14125      40.7692
   14126      41.0400
   14127      41.2852
   14128      41.3213
   14129      40.8724
   14130      40.5546
   14131      40.4471
   14132      40.9049
   14133      40.9557
   14134      41.3073
   14135      40.8766
   14136      41.5464
   14137      41.5292
   14138      41.0767
   14139      40.9131
   14140      41.1912
   14141      40.8235
   14142      40.8512
   14143      41.5315
   14144      40.9271
   14145      41.2574
   14146      41.0496
   14147      41.3221
   14148      41.3050
   14149      41.5764
   14150      41.6644
   14151      41.5548
   14152      41.4805
   14153      41.6596
   14154      41.2739
   14155      41.1460
   14156      41.4824
   14157      41.4429
   14158      41.4836
   14159      40.8863
   14160      40.9192
   14161      41.0764
   14162      40.9171
   14163      41.0930
   14164      41.1510
   14165      40.8497
   14166      40.7561
   14167      41.4180
   14168      41.3303
   14169      41.0866
   14170      40.8348
   14171      41.0657
   14172      40.9073
   14173      41.2855
   14174      40.8264
   14175      40.9245
   14176      41.0378
   14177      41.3365
   14178      40.9768
   14179      40.8213
   14180      41.2822
   14181      41.1465
   14182      41.1969
   14183      40.9324
   14184      41.4299
   14185      41.4156
   14186      41.4444
   14187      41.3953
   14188      41.4669
   14189      41.2597
   14190      40.9847
   14191      41.2275
   14192      41.1402
   14193      40.9603
   14194      40.9249
   14195      41.3599
   14196      41.0089
   14197      41.2576
   14198      40.9616
   14199      40.8843
   14200      40.7720
   14201      41.0313
   14202      41.2413
   14203      41.3410
   14204      41.6770
   14205      41.2979
   14206      41.0700
   14207      41.2124
   14208      41.0802
   14209      41.1067
   14210      41.4123
   14211      41.2673
   14212      41.3497
   14213      40.9210
   14214      41.3422
   14215      41.5253
   14216      40.8839
   14217      41.3010
   14218      40.7770
   14219      40.8614
   14220      40.9331
   14221      40.8950
   14222      41.1266
   14223      41.1185
   14224      40.8794
   14225      40.6794
   14226      40.8911
   14227      41.0884
   14228      41.2983
   14229      41.5760
   14230      40.9311
   14231      41.0677
   14232      41.6223
   14233      41.2885
   14234      41.3828
   14235      41.0461
   14236      40.8348
   14237      40.7028
   14238      40.7211
   14239      41.3997
   14240      41.1424
   14241      41.2659
   14242      41.5620
   14243      41.4335
   14244      41.2082
   14245      41.2999
   14246      41.4736
   14247      41.2179
   14248      41.1027
   14249      41.6047
   14250      41.4989
   14251      41.5031
   14252      41.1535
   14253      41.3106
   14254      41.1191
   14255      41.2752
   14256      40.8585
   14257      40.8674
   14258      41.6462
   14259      41.1712
   14260      41.0801
   14261      41.5028
   14262      41.3566
   14263      41.1158
   14264      41.0468
   14265      41.0216
   14266      40.8537
   14267      40.8816
   14268      40.7165
   14269      40.9450
   14270      40.7301
   14271      40.8015
   14272      40.9703
   14273      40.9693
   14274      41.1609
   14275      40.5469
   14276      40.8597
   14277      41.1617
   14278      41.0128
   14279      41.0130
   14280      40.9680
   14281      41.1241
   14282      40.8718
   14283      40.8503
   14284      40.6571
   14285      41.3446
   14286      40.8880
   14287      40.9946
   14288      40.8172
   14289      41.2042
   14290      41.6141
   14291      41.3365
   14292      41.4805
   14293      41.1526
   14294      41.3528
   14295      41.3836
   14296      41.7753
   14297      42.0385
   14298      41.8294
   14299      41.7924
   14300      41.9595
   14301      41.7422
   14302      41.7615
   14303      41.2887
   14304      41.6822
   14305      41.5287
   14306      41.4426
   14307      41.3930
   14308      41.1999
   14309      40.9752
   14310      41.1858
   14311      41.3983
   14312      41.3318
   14313      41.2602
   14314      41.2227
   14315      41.2434
   14316      41.1491
   14317      41.1688
   14318      41.4919
   14319      41.3873
   14320      41.6031
   14321      41.8011
   14322      41.8130
   14323      41.2740
   14324      41.4572
   14325      41.4836
   14326      41.1451
   14327      41.0811
   14328      41.7027
   14329      41.0753
   14330      41.1186
   14331      41.4346
   14332      41.2659
   14333      40.7491
   14334      41.2564
   14335      41.0148
   14336      41.3893
   14337      41.2810
   14338      41.3045
   14339      41.0816
   14340      41.3671
   14341      41.1935
   14342      41.3185
   14343      41.5598
   14344      41.5611
   14345      41.2991
   14346      41.2183
   14347      41.2664
   14348      41.6361
   14349      41.1365
   14350      41.1225
   14351      41.3177
   14352      41.1145
   14353      41.4051
   14354      41.6609
   14355      41.3686
   14356      41.6535
   14357      41.1827
   14358      41.0623
   14359      41.3544
   14360      41.5324
   14361      41.2289
   14362      41.0285
   14363      40.9445
   14364      41.1605
   14365      41.6451
   14366      41.5534
   14367      41.4221
   14368      41.4240
   14369      41.5957
   14370      41.2435
   14371      41.5890
   14372      41.2356
   14373      41.1977
   14374      40.3680
   14375      41.0339
   14376      41.4175
   14377      40.9025
   14378      41.1456
   14379      41.1810
   14380      41.6335
   14381      41.5571
   14382      41.6871
   14383      41.1715
   14384      41.1740
   14385      41.5318
   14386      41.2067
   14387      41.2815
   14388      41.4365
   14389      41.3665
   14390      41.3785
   14391      42.0391
   14392      41.3877
   14393      41.3640
   14394      40.9471
   14395      40.7244
   14396      41.3116
   14397      41.8817
   14398      41.4246
   14399      41.3393
   14400      41.1299
   14401      40.9206
   14402      40.8201
   14403      40.8330
   14404      41.0070
   14405      41.2596
   14406      41.2351
   14407      41.2398
   14408      41.4883
   14409      41.2626
   14410      41.4893
   14411      41.6097
   14412      41.6793
   14413      41.7381
   14414      41.6288
   14415      41.3587
   14416      41.5592
   14417      41.4508
   14418      41.8344
   14419      40.7706
   14420      41.2220
   14421      41.2375
   14422      41.1089
   14423      41.3335
   14424      41.1756
   14425      41.1166
   14426      41.1179
   14427      41.2920
   14428      41.1785
   14429      41.2249
   14430      41.1330
   14431      41.5932
   14432      41.0518
   14433      40.8089
   14434      41.0705
   14435      40.9941
   14436      41.0482
   14437      41.2217
   14438      41.1770
   14439      41.1991
   14440      41.5052
   14441      41.4983
   14442      41.2311
   14443      41.6082
   14444      41.2433
   14445      41.6937
   14446      41.8173
   14447      41.5802
   14448      41.3637
   14449      41.9307
   14450      41.4145
   14451      41.0101
   14452      41.0885
   14453      41.3338
   14454      41.2501
   14455      41.1152
   14456      41.3051
   14457      41.0679
   14458      40.7926
   14459      40.6952
   14460      41.1671
   14461      41.1683
   14462      40.9832
   14463      41.0648
   14464      40.9665
   14465      40.8423
   14466      40.9287
   14467      41.2466
   14468      41.7360
   14469      41.6615
   14470      41.5521
   14471      41.3015
   14472      41.0306
   14473      41.1611
   14474      41.7903
   14475      41.4521
   14476      41.4524
   14477      41.0845
   14478      41.0674
   14479      41.3905
   14480      41.6411
   14481      41.3992
   14482      41.1728
   14483      41.3739
   14484      41.0942
   14485      41.2018
   14486      41.2243
   14487      41.2198
   14488      41.0451
   14489      40.8960
   14490      41.3084
   14491      41.2362
   14492      41.2316
   14493      41.6385
   14494      41.6560
   14495      41.0595
   14496      41.5534
   14497      41.3703
   14498      41.2623
   14499      40.9292
   14500      40.8829
   14501      41.1323
   14502      41.5406
   14503      41.0277
   14504      41.0538
   14505      41.1966
   14506      41.2919
   14507      41.6969
   14508      41.4212
   14509      40.9498
   14510      41.3258
   14511      40.9383
   14512      41.0447
   14513      40.8642
   14514      40.5704
   14515      40.7089
   14516      41.2722
   14517      40.7279
   14518      41.0614
   14519      41.2231
   14520      40.7497
   14521      41.0904
   14522      41.2601
   14523      40.9884
   14524      40.8016
   14525      41.1080
   14526      41.0289
   14527      40.9771
   14528      40.7063
   14529      41.2821
   14530      40.9383
   14531      41.2379
   14532      40.9300
   14533      41.1735
   14534      41.2827
   14535      41.4224
   14536      40.6569
   14537      40.6684
   14538      40.8378
   14539      40.5054
   14540      40.8256
   14541      41.2790
   14542      41.0881
   14543      41.0002
   14544      40.4976
   14545      40.6469
   14546      41.1726
   14547      41.5035
   14548      41.3333
   14549      41.1782
   14550      40.5036
   14551      41.2804
   14552      40.5745
   14553      40.9535
   14554      41.2157
   14555      41.3752
   14556      41.0377
   14557      41.1278
   14558      41.1118
   14559      40.6882
   14560      40.5994
   14561      40.9587
   14562      40.9303
   14563      40.9719
   14564      40.8754
   14565      40.9834
   14566      41.5649
   14567      41.3786
   14568      40.9919
   14569      40.8491
   14570      40.8208
   14571      40.9708
   14572      40.7247
   14573      40.8621
   14574      40.6221
   14575      41.2948
   14576      41.4706
   14577      41.6435
   14578      41.3416
   14579      41.4786
   14580      41.3725
   14581      41.2891
   14582      41.1633
   14583      41.1571
   14584      40.9805
   14585      41.1707
   14586      41.6535
   14587      41.3190
   14588      41.0352
   14589      41.4792
   14590      40.9072
   14591      40.8087
   14592      41.0627
   14593      40.1303
   14594      40.7446
   14595      40.4443
   14596      41.1636
   14597      41.0887
   14598      40.9471
   14599      40.7559
   14600      40.5672
   14601      40.6280
   14602      40.5309
   14603      40.5455
   14604      40.7154
   14605      40.8245
   14606      41.1451
   14607      41.3999
   14608      41.3767
   14609      41.5722
   14610      41.0551
   14611      41.2448
   14612      41.1686
   14613      40.5929
   14614      41.1322
   14615      41.1984
   14616      41.1086
   14617      41.0647
   14618      40.6894
   14619      40.8138
   14620      40.5425
   14621      40.8035
   14622      41.2626
   14623      40.6408
   14624      40.5885
   14625      40.9604
   14626      41.0567
   14627      40.7033
   14628      40.6891
   14629      41.0645
   14630      40.7958
   14631      40.4114
   14632      40.6552
   14633      41.0536
   14634      40.8844
   14635      41.0240
   14636      41.2597
   14637      41.3863
   14638      41.0959
   14639      41.2366
   14640      41.1373
   14641      41.3074
   14642      41.1785
   14643      41.6993
   14644      41.6237
   14645      41.1726
   14646      41.0397
   14647      40.6727
   14648      40.9178
   14649      40.6180
   14650      40.6522
   14651      40.8892
   14652      40.7736
   14653      40.7057
   14654      40.6614
   14655      40.8699
   14656      40.6770
   14657      40.8500
   14658      40.8332
   14659      41.1486
   14660      41.1410
   14661      40.8195
   14662      41.0313
   14663      41.3445
   14664      41.2548
   14665      40.4991
   14666      40.9147
   14667      40.9677
   14668      41.5805
   14669      41.0940
   14670      40.9808
   14671      40.5494
   14672      40.3373
   14673      41.2084
   14674      40.6051
   14675      41.0071
   14676      41.2462
   14677      41.2621
   14678      41.0473
   14679      41.2046
   14680      40.9231
   14681      41.4172
   14682      41.5168
   14683      40.7966
   14684      41.1236
   14685      41.4689
   14686      40.8025
   14687      41.2259
   14688      40.8454
   14689      40.8989
   14690      40.7815
   14691      40.9700
   14692      41.3201
   14693      41.0076
   14694      41.2732
   14695      41.3137
   14696      41.4323
   14697      41.1009
   14698      40.8107
   14699      40.5574
   14700      41.0693
   14701      41.3435
   14702      41.2578
   14703      41.1886
   14704      40.7957
   14705      41.4442
   14706      41.0872
   14707      40.7751
   14708      40.9082
   14709      40.9516
   14710      40.8515
   14711      41.3173
   14712      40.8628
   14713      40.8399
   14714      40.9297
   14715      40.6935
   14716      40.9394
   14717      40.3960
   14718      40.9152
   14719      41.0175
   14720      41.0607
   14721      41.5798
   14722      41.0720
   14723      40.9252
   14724      41.1332
   14725      41.1607
   14726      40.8385
   14727      41.0760
   14728      41.0798
   14729      41.1223
   14730      41.5906
   14731      41.5092
   14732      41.2675
   14733      41.3110
   14734      41.0869
   14735      41.0267
   14736      40.7397
   14737      41.2280
   14738      40.8384
   14739      40.6664
   14740      40.8209
   14741      40.6516
   14742      40.8489
   14743      40.7006
   14744      41.0203
   14745      40.9825
   14746      40.9689
   14747      41.3428
   14748      41.3254
   14749      41.3402
   14750      41.2896
   14751      41.0493
   14752      41.2031
   14753      41.3213
   14754      41.4774
   14755      41.0521
   14756      40.8573
   14757      40.5242
   14758      40.6813
   14759      40.8397
   14760      40.8389
   14761      40.2788
   14762      41.0215
   14763      41.0418
   14764      40.8651
   14765      40.9841
   14766      40.3885
   14767      40.5089
   14768      40.7221
   14769      41.1795
   14770      40.8994
   14771      40.6827
   14772      40.8983
   14773      40.6234
   14774      40.7660
   14775      41.0299
   14776      40.6770
   14777      40.9079
   14778      40.5857
   14779      40.4356
   14780      40.2647
   14781      40.3986
   14782      40.4402
   14783      40.8925
   14784      41.0628
   14785      40.9603
   14786      40.5272
   14787      41.0654
   14788      40.8175
   14789      41.6268
   14790      40.8556
   14791      41.1035
   14792      41.2614
   14793      40.7363
   14794      41.1719
   14795      41.2361
   14796      41.3996
   14797      41.1713
   14798      41.2229
   14799      40.7821
   14800      41.4158
   14801      41.2405
   14802      41.2820
   14803      41.7438
   14804      41.4590
   14805      41.0497
   14806      40.6163
   14807      40.4848
   14808      40.6897
   14809      40.9249
   14810      41.0155
   14811      40.5138
   14812      41.0291
   14813      41.0873
   14814      40.4319
   14815      40.6898
   14816      40.8283
   14817      41.1470
   14818      41.2717
   14819      40.9560
   14820      41.0412
   14821      41.3995
   14822      41.2092
   14823      41.2975
   14824      41.3556
   14825      41.2452
   14826      41.4170
   14827      41.2902
   14828      41.0892
   14829      41.6316
   14830      41.0685
   14831      41.0684
   14832      41.2877
   14833      41.0896
   14834      41.4182
   14835      41.2800
   14836      41.5130
   14837      41.4388
   14838      40.8828
   14839      41.0505
   14840      41.0936
   14841      41.1010
   14842      40.9339
   14843      41.4165
   14844      41.3430
   14845      41.2453
   14846      41.3788
   14847      40.9186
   14848      40.8912
   14849      41.0015
   14850      40.8854
   14851      40.9721
   14852      40.8741
   14853      40.6779
   14854      41.0533
   14855      40.8382
   14856      40.8430
   14857      40.8122
   14858      41.3744
   14859      41.0122
   14860      41.1738
   14861      40.7790
   14862      41.2851
   14863      40.5173
   14864      40.7838
   14865      40.7912
   14866      40.6594
   14867      41.1733
   14868      41.1351
   14869      41.0585
   14870      41.3157
   14871      41.4823
   14872      41.3926
   14873      40.9034
   14874      41.1138
   14875      40.6454
   14876      41.3493
   14877      40.7894
   14878      40.2606
   14879      40.9461
   14880      40.9076
   14881      41.0611
   14882      41.2222
   14883      41.3121
   14884      41.1393
   14885      41.1324
   14886      41.1805
   14887      41.1551
   14888      40.9586
   14889      40.8995
   14890      41.0045
   14891      40.8796
   14892      40.4766
   14893      40.7905
   14894      41.3829
   14895      41.4808
   14896      41.5683
   14897      41.5488
   14898      41.2217
   14899      41.2353
   14900      41.4795
   14901      41.2286
   14902      41.3364
   14903      41.3136
   14904      41.3158
   14905      41.1318
   14906      40.8193
   14907      41.0177
   14908      41.3417
   14909      41.2052
   14910      41.0833
   14911      41.0216
   14912      41.1939
   14913      41.2892
   14914      40.7720
   14915      40.8604
   14916      40.6575
   14917      41.2658
   14918      41.0573
   14919      40.8660
   14920      40.6613
   14921      40.1825
   14922      40.5383
   14923      40.1304
   14924      40.4739
   14925      40.6153
   14926      40.7513
   14927      40.8033
   14928      40.7535
   14929      40.9465
   14930      40.5961
   14931      40.9611
   14932      40.8840
   14933      41.1898
   14934      41.4957
   14935      40.8372
   14936      41.2738
   14937      40.5905
   14938      40.8339
   14939      41.0714
   14940      40.5176
   14941      41.1271
   14942      40.9361
   14943      41.6121
   14944      40.6202
   14945      40.9471
   14946      41.0059
   14947      40.7476
   14948      40.7903
   14949      40.9004
   14950      40.7065
   14951      41.5402
   14952      40.9900
   14953      40.7388
   14954      40.6943
   14955      40.5951
   14956      40.9823
   14957      40.4246
   14958      40.2741
   14959      40.6321
   14960      40.8789
   14961      40.9788
   14962      41.1027
   14963      40.3088
   14964      40.9267
   14965      41.1079
   14966      40.7764
   14967      41.0537
   14968      41.2380
   14969      41.3559
   14970      41.1249
   14971      40.8601
   14972      41.0807
   14973      41.3349
   14974      41.0467
   14975      40.8132
   14976      41.5566
   14977      40.2999
   14978      40.6092
   14979      41.3986
   14980      40.6493
   14981      40.8072
   14982      40.9515
   14983      41.1258
   14984      41.4001
   14985      41.5868
   14986      41.1867
   14987      41.7025
   14988      41.0509
   14989      40.8276
   14990      41.0923
   14991      40.9563
   14992      41.1846
   14993      41.1814
   14994      41.0033
   14995      41.3012
   14996      41.1493
   14997      41.3454
   14998      41.6121
   14999      41.1118
   15000      41.7410
   15001      41.4588
   15002      40.9964
   15003      41.2347
   15004      41.1080
   15005      40.9022
   15006      41.3744
   15007      40.8484
   15008      41.1924
   15009      41.3236
   15010      41.4438
   15011      41.2100
   15012      41.6340
   15013      42.0382
   15014      41.2904
   15015      41.1091
   15016      41.5863
   15017      41.4278
   15018      40.8105
   15019      41.1399
   15020      41.5431
   15021      41.3356
   15022      40.9514
   15023      40.5087
   15024      40.8962
   15025      40.7646
   15026      41.4454
   15027      40.9702
   15028      40.7347
   15029      41.0099
   15030      41.2607
   15031      40.5933
   15032      40.5496
   15033      40.5944
   15034      40.4134
   15035      40.4292
   15036      40.9299
   15037      41.1275
   15038      40.6416
   15039      40.6003
   15040      40.8447
   15041      40.9504
   15042      40.9066
   15043      40.9442
   15044      40.7547
   15045      41.0800
   15046      41.0857
   15047      40.8333
   15048      41.0184
   15049      40.9608
   15050      40.8276
   15051      41.0788
   15052      40.9038
   15053      40.7153
   15054      40.9664
   15055      41.0465
   15056      41.1808
   15057      40.7086
   15058      41.0630
   15059      40.9793
   15060      41.5774
   15061      41.3336
   15062      40.8092
   15063      40.8732
   15064      41.2863
   15065      41.2625
   15066      41.3365
   15067      40.9150
   15068      40.7246
   15069      40.7353
   15070      40.9393
   15071      40.3812
   15072      40.4785
   15073      41.0373
   15074      40.9473
   15075      40.5698
   15076      40.6730
   15077      40.7353
   15078      40.7347
   15079      41.1319
   15080      40.8315
   15081      40.8692
   15082      40.6200
   15083      40.3713
   15084      41.2291
   15085      40.8377
   15086      40.9972
   15087      40.8336
   15088      41.0688
   15089      40.9172
   15090      41.3310
   15091      40.9006
   15092      41.1283
   15093      40.8381
   15094      40.9869
   15095      41.0050
   15096      40.7728
   15097      41.2935
   15098      41.0451
   15099      40.3682
   15100      40.3226
   15101      40.5802
   15102      40.9736
   15103      41.2908
   15104      41.2306
   15105      40.7990
   15106      41.0993
   15107      40.7851
   15108      41.2667
   15109      41.5025
   15110      41.6847
   15111      41.4983
   15112      41.8614
   15113      41.1123
   15114      41.1808
   15115      41.6724
   15116      41.0896
   15117      41.3182
   15118      41.5531
   15119      40.8768
   15120      40.8622
   15121      40.8760
   15122      41.4429
   15123      41.4863
   15124      41.1887
   15125      41.1659
   15126      41.1790
   15127      40.7759
   15128      41.0689
   15129      41.1487
   15130      41.1942
   15131      40.6134
   15132      41.0662
   15133      41.4021
   15134      41.1788
   15135      41.2370
   15136      40.8649
   15137      41.4472
   15138      41.1426
   15139      41.1192
   15140      40.5349
   15141      40.9008
   15142      40.7976
   15143      40.7245
   15144      40.8954
   15145      40.2417
   15146      40.9641
   15147      41.1509
   15148      41.3171
   15149      40.7704
   15150      40.9803
   15151      40.9380
   15152      40.3883
   15153      40.4729
   15154      40.9032
   15155      41.0765
   15156      40.5207
   15157      40.8102
   15158      41.0738
   15159      40.9635
   15160      40.9564
   15161      40.9850
   15162      40.9801
   15163      40.8326
   15164      40.8342
   15165      40.7404
   15166      40.9398
   15167      41.0166
   15168      40.9905
   15169      40.6442
   15170      40.8826
   15171      41.1538
   15172      40.8546
   15173      41.5190
   15174      41.1360
   15175      41.0498
   15176      40.8909
   15177      40.7856
   15178      41.1460
   15179      40.5378
   15180      41.4134
   15181      41.0635
   15182      40.7176
   15183      41.2670
   15184      40.3808
   15185      40.5688
   15186      40.4499
   15187      41.0199
   15188      40.7665
   15189      40.8727
   15190      40.7055
   15191      40.8675
   15192      40.6553
   15193      41.2902
   15194      40.8674
   15195      40.7624
   15196      40.5038
   15197      40.8624
   15198      40.4679
   15199      40.5813
   15200      40.6365
   15201      41.1060
   15202      40.5838
   15203      40.5632
   15204      40.7016
   15205      40.7189
   15206      41.1991
   15207      41.1334
   15208      40.9836
   15209      41.1397
   15210      40.8569
   15211      40.5725
   15212      40.7571
   15213      40.9219
   15214      40.4596
   15215      40.9039
   15216      40.7157
   15217      40.8840
   15218      40.9067
   15219      40.8633
   15220      40.8230
   15221      40.7928
   15222      40.6852
   15223      40.7548
   15224      41.0680
   15225      41.0143
   15226      41.0166
   15227      40.8137
   15228      40.8307
   15229      41.0689
   15230      41.1803
   15231      41.2661
   15232      40.5460
   15233      41.0180
   15234      40.8204
   15235      40.7636
   15236      40.7869
   15237      41.2226
   15238      41.0261
   15239      41.4343
   15240      40.9585
   15241      41.4438
   15242      41.1049
   15243      41.0295
   15244      40.9107
   15245      40.8971
   15246      40.5132
   15247      40.8635
   15248      41.0109
   15249      41.1176
   15250      41.1233
   15251      40.8887
   15252      41.7802
   15253      41.2562
   15254      41.2945
   15255      41.2079
   15256      41.2887
   15257      40.9799
   15258      41.2243
   15259      41.1508
   15260      41.0581
   15261      41.1029
   15262      41.1824
   15263      41.4717
   15264      41.0653
   15265      41.1040
   15266      41.2152
   15267      41.3012
   15268      40.8792
   15269      41.5003
   15270      40.9202
   15271      41.3107
   15272      41.2746
   15273      41.0784
   15274      41.0953
   15275      40.7761
   15276      41.1326
   15277      40.7853
   15278      41.3348
   15279      41.3053
   15280      41.3144
   15281      40.8193
   15282      40.9058
   15283      40.9594
   15284      40.9142
   15285      40.7374
   15286      41.3571
   15287      41.1460
   15288      40.9799
   15289      40.7017
   15290      40.5753
   15291      41.0167
   15292      40.5285
   15293      41.0461
   15294      40.9070
   15295      40.7170
   15296      40.8301
   15297      41.2072
   15298      41.2509
   15299      41.2069
   15300      41.0518
   15301      41.1362
   15302      40.8048
   15303      40.6072
   15304      40.8352
   15305      41.7062
   15306      41.0632
   15307      40.5867
   15308      40.8046
   15309      41.0308
   15310      41.1095
   15311      41.4338
   15312      41.4209
   15313      41.3060
   15314      41.3734
   15315      41.2043
   15316      40.9627
   15317      41.4970
   15318      41.1287
   15319      41.4612
   15320      41.2875
   15321      40.6289
   15322      40.5144
   15323      41.3025
   15324      41.1444
   15325      41.0479
   15326      40.7548
   15327      41.2984
   15328      41.2090
   15329      41.5040
   15330      41.0711
   15331      41.3256
   15332      41.1608
   15333      40.9767
   15334      40.9725
   15335      40.6177
   15336      40.7445
   15337      41.3752
   15338      41.3220
   15339      41.2872
   15340      41.1000
   15341      41.6668
   15342      41.4233
   15343      40.7566
   15344      41.0415
   15345      40.9463
   15346      40.6637
   15347      41.0154
   15348      40.8755
   15349      40.7336
   15350      41.1049
   15351      40.8211
   15352      40.8197
   15353      40.8764
   15354      40.5087
   15355      40.9700
   15356      40.1746
   15357      40.9861
   15358      41.1223
   15359      40.9857
   15360      40.7319
   15361      40.3554
   15362      40.6344
   15363      40.5383
   15364      40.4429
   15365      40.5914
   15366      40.3604
   15367      40.8569
   15368      40.4040
   15369      40.1590
   15370      40.2745
   15371      40.1678
   15372      40.3537
   15373      40.3494
   15374      41.2011
   15375      40.7694
   15376      40.7885
   15377      40.4139
   15378      40.3244
   15379      40.4487
   15380      40.0955
   15381      40.6864
   15382      40.2514
   15383      40.2424
   15384      40.1598
   15385      40.3620
   15386      40.2742
   15387      40.4279
   15388      40.3127
   15389      40.5600
   15390      40.7048
   15391      40.2607
   15392      40.2640
   15393      40.3235
   15394      40.4166
   15395      40.3086
   15396      40.7221
   15397      40.9596
   15398      40.5390
   15399      41.1691
   15400      40.4065
   15401      40.3526
   15402      40.0389
   15403      40.3606
   15404      41.0465
   15405      40.8622
   15406      40.4720
   15407      40.6643
   15408      40.5065
   15409      41.0180
   15410      40.6220
   15411      40.8599
   15412      40.5566
   15413      40.7483
   15414      40.7250
   15415      40.8073
   15416      41.0373
   15417      40.6736
   15418      40.4923
   15419      40.6569
   15420      40.7494
   15421      41.2104
   15422      40.9560
   15423      40.8941
   15424      40.5595
   15425      40.7192
   15426      40.5453
   15427      40.9364
   15428      40.5904
   15429      40.7963
   15430      40.5768
   15431      40.7920
   15432      40.7958
   15433      40.7264
   15434      40.5463
   15435      40.1408
   15436      40.4155
   15437      40.9423
   15438      41.0645
   15439      40.7245
   15440      41.1576
   15441      40.8487
   15442      41.1778
   15443      40.9732
   15444      40.9160
   15445      41.0333
   15446      40.9201
   15447      40.9030
   15448      40.7969
   15449      40.7072
   15450      40.6776
   15451      41.0427
   15452      40.7868
   15453      41.4071
   15454      41.5053
   15455      41.3297
   15456      41.9311
   15457      41.3598
   15458      41.6809
   15459      41.7033
   15460      41.4623
   15461      41.4884
   15462      41.0254
   15463      40.4497
   15464      40.6224
   15465      41.0118
   15466      41.0254
   15467      41.3422
   15468      40.9938
   15469      41.2355
   15470      40.9616
   15471      40.9654
   15472      40.8878
   15473      41.1526
   15474      41.4713
   15475      41.1973
   15476      41.2421
   15477      41.2624
   15478      40.9857
   15479      40.7974
   15480      41.2116
   15481      41.1451
   15482      41.0118
   15483      40.9097
   15484      41.0019
   15485      41.3573
   15486      40.8521
   15487      40.7722
   15488      41.2461
   15489      41.1237
   15490      41.1393
   15491      41.4665
   15492      40.7800
   15493      41.3061
   15494      41.0370
   15495      41.2514
   15496      40.5678
   15497      40.6592
   15498      41.0499
   15499      41.1524
   15500      41.0057
   15501      40.9358
   15502      40.7822
   15503      40.8264
   15504      40.6573
   15505      40.5692
   15506      40.7747
   15507      40.4571
   15508      40.5554
   15509      40.2926
   15510      40.2401
   15511      40.4720
   15512      40.9300
   15513      41.0818
   15514      40.9850
   15515      40.9238
   15516      41.4755
   15517      41.1630
   15518      40.9692
   15519      40.7427
   15520      40.6779
   15521      40.9393
   15522      41.1027
   15523      40.9268
   15524      40.6563
   15525      40.8645
   15526      41.0720
   15527      41.0599
   15528      41.0343
   15529      40.6308
   15530      41.0891
   15531      40.4613
   15532      41.0193
   15533      40.8018
   15534      40.8667
   15535      41.2004
   15536      41.4296
   15537      40.9879
   15538      40.9165
   15539      41.3723
   15540      41.2084
   15541      40.4415
   15542      40.7913
   15543      40.6710
   15544      40.3771
   15545      40.5886
   15546      40.6541
   15547      40.7770
   15548      40.5305
   15549      40.7240
   15550      40.9540
   15551      40.7277
   15552      40.5849
   15553      41.2194
   15554      40.8731
   15555      40.6377
   15556      41.5055
   15557      41.2694
   15558      41.5858
   15559      41.1830
   15560      41.4792
   15561      41.2871
   15562      41.7292
   15563      41.6801
   15564      41.2276
   15565      41.3710
   15566      41.1428
   15567      41.4858
   15568      41.4168
   15569      41.3378
   15570      41.0844
   15571      40.5444
   15572      40.9737
   15573      41.3734
   15574      41.3683
   15575      41.2179
   15576      41.4115
   15577      41.1283
   15578      40.7437
   15579      41.3390
   15580      41.3370
   15581      41.3505
   15582      41.3545
   15583      41.4783
   15584      41.5532
   15585      41.4219
   15586      41.4862
   15587      40.9192
   15588      41.3329
   15589      41.2276
   15590      40.6683
   15591      41.0054
   15592      41.2852
   15593      41.1680
   15594      41.3368
   15595      40.9063
   15596      41.2019
   15597      41.4688
   15598      41.6256
   15599      41.2919
   15600      41.0092
   15601      40.8094
   15602      41.5829
   15603      41.4111
   15604      41.0690
   15605      41.0957
   15606      41.0254
   15607      41.0464
   15608      41.0002
   15609      41.2530
   15610      41.2895
   15611      41.8049
   15612      41.7034
   15613      41.1526
   15614      41.1552
   15615      41.1622
   15616      41.5326
   15617      41.2365
   15618      40.8279
   15619      40.6813
   15620      41.3705
   15621      41.1819
   15622      41.2982
   15623      40.8717
   15624      40.8958
   15625      40.6258
   15626      40.4323
   15627      41.2244
   15628      41.1348
   15629      40.8516
   15630      41.2797
   15631      40.9875
   15632      40.8185
   15633      41.3807
   15634      40.9078
   15635      41.1195
   15636      40.7732
   15637      40.6968
   15638      40.6433
   15639      40.6757
   15640      40.4067
   15641      40.6952
   15642      40.5227
   15643      40.3621
   15644      40.8154
   15645      41.1257
   15646      41.2153
   15647      41.0406
   15648      40.6471
   15649      40.7827
   15650      41.0338
   15651      40.6753
   15652      41.0791
   15653      40.9615
   15654      41.0755
   15655      40.7269
   15656      41.1902
   15657      40.8993
   15658      40.7317
   15659      40.4709
   15660      40.5435
   15661      40.9837
   15662      40.7526
   15663      40.6000
   15664      40.5280
   15665      41.1243
   15666      40.7606
   15667      40.4251
   15668      40.9878
   15669      41.3007
   15670      40.9354
   15671      40.4151
   15672      41.0198
   15673      41.4158
   15674      41.0523
   15675      40.3179
   15676      41.0448
   15677      41.0071
   15678      40.8762
   15679      40.7801
   15680      41.1351
   15681      40.9725
   15682      40.8588
   15683      40.9747
   15684      40.9607
   15685      41.2515
   15686      41.2094
   15687      41.1606
   15688      41.3601
   15689      41.4973
   15690      41.2500
   15691      41.2765
   15692      41.0965
   15693      40.7996
   15694      40.8470
   15695      41.1048
   15696      40.9159
   15697      41.1104
   15698      41.4870
   15699      40.9300
   15700      40.7151
   15701      40.6493
   15702      41.1670
   15703      41.2504
   15704      40.9691
   15705      40.9166
   15706      40.7578
   15707      41.0910
   15708      41.2929
   15709      41.5158
   15710      40.5796
   15711      40.8624
   15712      41.4422
   15713      41.1289
   15714      40.8918
   15715      40.8272
   15716      40.8661
   15717      40.6007
   15718      40.5029
   15719      40.9451
   15720      41.3238
   15721      40.8625
   15722      40.6519
   15723      40.8615
   15724      41.1685
   15725      41.5917
   15726      41.3902
   15727      41.4296
   15728      40.8992
   15729      41.2055
   15730      40.8769
   15731      40.7228
   15732      40.4680
   15733      40.4820
   15734      40.1467
   15735      40.5839
   15736      40.7842
   15737      40.9124
   15738      40.9807
   15739      40.8707
   15740      40.9167
   15741      40.6460
   15742      40.7642
   15743      40.8212
   15744      40.7866
   15745      40.8803
   15746      40.8738
   15747      41.1165
   15748      40.7607
   15749      40.6214
   15750      40.6105
   15751      40.8660
   15752      40.9482
   15753      40.5622
   15754      40.8864
   15755      40.9872
   15756      40.7506
   15757      40.8292
   15758      41.0748
   15759      40.8678
   15760      40.5503
   15761      40.9095
   15762      40.5612
   15763      40.7259
   15764      40.7665
   15765      41.0977
   15766      40.9482
   15767      40.7949
   15768      40.7898
   15769      40.8419
   15770      40.2883
   15771      40.8011
   15772      40.9446
   15773      40.6224
   15774      40.7213
   15775      40.7985
   15776      41.1740
   15777      40.8955
   15778      40.9637
   15779      41.3810
   15780      41.4191
   15781      41.6804
   15782      41.4407
   15783      41.6781
   15784      41.2741
   15785      41.5593
   15786      41.6198
   15787      41.1959
   15788      40.8172
   15789      40.7259
   15790      41.0058
   15791      41.1073
   15792      40.6133
   15793      41.1203
   15794      41.4268
   15795      41.1638
   15796      41.0903
   15797      41.0498
   15798      41.0826
   15799      41.5384
   15800      41.1706
   15801      41.8794
   15802      41.6448
   15803      41.5322
   15804      41.4413
   15805      41.0431
   15806      41.2479
   15807      41.4785
   15808      41.2369
   15809      41.1802
   15810      41.4070
   15811      41.0331
   15812      41.2812
   15813      40.9693
   15814      41.4244
   15815      41.0447
   15816      41.4139
   15817      41.3176
   15818      41.6177
   15819      41.3192
   15820      40.7023
   15821      40.7979
   15822      41.0952
   15823      40.9220
   15824      41.0792
   15825      41.0186
   15826      41.2125
   15827      40.5288
   15828      40.9663
   15829      41.0879
   15830      40.9237
   15831      41.2862
   15832      40.5857
   15833      40.4804
   15834      40.9590
   15835      40.6704
   15836      40.3503
   15837      40.4996
   15838      41.1866
   15839      40.7013
   15840      41.0479
   15841      40.6549
   15842      40.8183
   15843      40.8997
   15844      40.6702
   15845      40.9952
   15846      40.4912
   15847      40.6926
   15848      41.2587
   15849      40.4967
   15850      40.7173
   15851      40.5923
   15852      40.7839
   15853      40.7876
   15854      40.7948
   15855      40.8656
   15856      40.6996
   15857      40.8568
   15858      41.7850
   15859      41.3072
   15860      40.8466
   15861      40.5020
   15862      40.6199
   15863      40.7335
   15864      40.4658
   15865      40.2361
   15866      40.9702
   15867      40.5794
   15868      40.8725
   15869      40.5392
   15870      40.9644
   15871      40.7415
   15872      40.8183
   15873      40.5681
   15874      41.1605
   15875      41.0677
   15876      41.0718
   15877      41.0033
   15878      40.9603
   15879      40.3646
   15880      40.4633
   15881      40.4248
   15882      40.4881
   15883      40.8356
   15884      40.8645
   15885      41.0134
   15886      41.3780
   15887      40.8755
   15888      41.1944
   15889      41.0918
   15890      40.6127
   15891      40.9619
   15892      40.9953
   15893      41.3465
   15894      41.1215
   15895      40.6347
   15896      40.9774
   15897      40.9200
   15898      41.0575
   15899      40.7080
   15900      40.7606
   15901      40.9046
   15902      40.8981
   15903      41.0400
   15904      41.9296
   15905      41.6405
   15906      41.7170
   15907      41.1190
   15908      41.0439
   15909      40.5165
   15910      40.9377
   15911      40.9133
   15912      40.8763
   15913      40.8063
   15914      40.6353
   15915      40.8191
   15916      40.7091
   15917      41.2329
   15918      41.6262
   15919      41.1270
   15920      40.8536
   15921      41.3241
   15922      40.8637
   15923      41.4354
   15924      41.6120
   15925      40.9997
   15926      41.0578
   15927      40.5172
   15928      40.9574
   15929      40.9383
   15930      41.0600
   15931      41.2051
   15932      40.7557
   15933      41.1642
   15934      41.2756
   15935      40.9875
   15936      41.0083
   15937      40.8012
   15938      40.5809
   15939      41.4369
   15940      40.5401
   15941      41.0180
   15942      41.1534
   15943      40.9704
   15944      41.6493
   15945      40.9827
   15946      40.8188
   15947      40.7799
   15948      40.6498
   15949      40.6207
   15950      41.3899
   15951      40.5473
   15952      40.5759
   15953      41.0876
   15954      41.0437
   15955      40.9063
   15956      41.4218
   15957      41.3049
   15958      40.8008
   15959      41.0107
   15960      41.0003
   15961      41.1567
   15962      41.4283
   15963      41.2257
   15964      40.9207
   15965      40.8700
   15966      40.9843
   15967      40.8143
   15968      40.7838
   15969      40.5678
   15970      40.7722
   15971      40.5934
   15972      40.9565
   15973      41.3142
   15974      41.5414
   15975      41.1129
   15976      41.2238
   15977      41.2792
   15978      41.3388
   15979      41.4650
   15980      41.2386
   15981      41.3665
   15982      41.1141
   15983      40.9700
   15984      40.7430
   15985      41.0798
   15986      40.7373
   15987      40.7368
   15988      40.6210
   15989      40.9537
   15990      40.7559
   15991      40.9937
   15992      40.8611
   15993      40.7186
   15994      40.8200
   15995      40.9135
   15996      40.8974
   15997      41.3909
   15998      41.0768
   15999      41.2372
   16000      41.1332
   16001      41.3757
   16002      40.8679
   16003      41.0072
   16004      41.1678
   16005      41.1781
   16006      41.3065
   16007      41.4113
   16008      40.8565
   16009      41.1408
   16010      41.2809
   16011      40.8053
   16012      41.3806
   16013      41.2714
   16014      40.9149
   16015      41.3137
   16016      41.0432
   16017      41.6155
   16018      41.1315
   16019      41.1280
   16020      41.4160
   16021      41.2755
   16022      41.1700
   16023      41.7074
   16024      41.3194
   16025      41.2747
   16026      41.0553
   16027      41.2708
   16028      41.3185
   16029      41.1909
   16030      40.9922
   16031      41.4494
   16032      40.7866
   16033      40.9714
   16034      41.0617
   16035      41.0835
   16036      41.0529
   16037      41.5527
   16038      41.2076
   16039      41.3508
   16040      41.2033
   16041      41.0850
   16042      40.9881
   16043      40.8406
   16044      40.4201
   16045      40.7390
   16046      40.6261
   16047      40.3805
   16048      41.2663
   16049      40.9932
   16050      40.9730
   16051      40.9191
   16052      40.5304
   16053      40.6981
   16054      40.8191
   16055      40.5698
   16056      40.6687
   16057      40.9147
   16058      40.9994
   16059      40.3410
   16060      40.6278
   16061      40.3590
   16062      40.5539
   16063      40.2158
   16064      40.7395
   16065      40.6283
   16066      40.5666
   16067      40.6022
   16068      40.6485
   16069      40.7650
   16070      40.2966
   16071      40.9858
   16072      41.0688
   16073      41.0129
   16074      40.7873
   16075      40.9495
   16076      41.1038
   16077      41.0043
   16078      40.9340
   16079      40.3922
   16080      40.7556
   16081      40.9622
   16082      40.8494
   16083      40.8964
   16084      40.4849
   16085      40.5694
   16086      41.2621
   16087      41.1174
   16088      40.7237
   16089      40.6884
   16090      40.5100
   16091      40.5106
   16092      40.4577
   16093      40.5324
   16094      41.0065
   16095      40.8298
   16096      40.3363
   16097      40.5846
   16098      40.5971
   16099      40.4830
   16100      40.9070
   16101      40.9108
   16102      40.7715
   16103      40.7060
   16104      40.6072
   16105      40.4627
   16106      40.9839
   16107      40.6825
   16108      40.3881
   16109      40.5925
   16110      40.6255
   16111      40.6701
   16112      40.6689
   16113      40.5056
   16114      40.2902
   16115      40.4722
   16116      40.6299
   16117      40.5980
   16118      41.0552
   16119      41.0408
   16120      40.2264
   16121      40.6586
   16122      40.5197
   16123      40.5984
   16124      40.7052
   16125      40.9503
   16126      40.9803
   16127      40.7892
   16128      41.0683
   16129      40.7173
   16130      40.5616
   16131      40.9347
   16132      40.5705
   16133      40.6454
   16134      40.2611
   16135      41.5931
   16136      40.7171
   16137      40.6508
   16138      40.7645
   16139      40.7388
   16140      40.5521
   16141      40.6169
   16142      40.5950
   16143      41.1015
   16144      40.5557
   16145      40.5422
   16146      40.7326
   16147      40.9043
   16148      40.9147
   16149      40.6304
   16150      40.7502
   16151      40.9134
   16152      40.9271
   16153      40.9405
   16154      40.4873
   16155      40.9769
   16156      40.6583
   16157      40.7499
   16158      40.7701
   16159      40.6446
   16160      40.7106
   16161      40.5680
   16162      40.8396
   16163      40.8724
   16164      40.9123
   16165      40.6975
   16166      40.6844
   16167      40.8999
   16168      40.7434
   16169      40.7702
   16170      40.5681
   16171      40.9218
   16172      40.3184
   16173      40.5853
   16174      40.6737
   16175      40.6682
   16176      40.1993
   16177      40.3771
   16178      40.6477
   16179      40.5397
   16180      40.6989
   16181      40.4410
   16182      40.5424
   16183      40.5664
   16184      40.8756
   16185      40.9253
   16186      40.9622
   16187      41.0875
   16188      40.6464
   16189      40.7483
   16190      41.1996
   16191      40.6465
   16192      40.5643
   16193      40.9797
   16194      40.5476
   16195      41.2369
   16196      41.3239
   16197      41.1596
   16198      40.9627
   16199      41.2480
   16200      40.6907
   16201      40.7562
   16202      41.2046
   16203      40.9281
   16204      41.2001
   16205      40.7416
   16206      40.4682
   16207      40.6101
   16208      40.2488
   16209      40.6865
   16210      40.6803
   16211      40.8443
   16212      40.8949
   16213      40.8551
   16214      40.9236
   16215      40.5391
   16216      40.5660
   16217      40.9406
   16218      41.0215
   16219      40.7133
   16220      41.1378
   16221      41.0642
   16222      41.3011
   16223      40.4934
   16224      41.1652
   16225      41.5303
   16226      41.1550
   16227      40.7594
   16228      41.4272
   16229      40.9650
   16230      41.1471
   16231      40.8714
   16232      40.6829
   16233      41.0439
   16234      40.7629
   16235      40.6456
   16236      40.8227
   16237      40.7499
   16238      40.2987
   16239      40.0765
   16240      40.2246
   16241      40.3239
   16242      40.0528
   16243      40.6020
   16244      40.5781
   16245      40.8040
   16246      40.8254
   16247      40.9749
   16248      40.8756
   16249      40.6375
   16250      40.7439
   16251      41.0239
   16252      40.7542
   16253      40.7665
   16254      41.0408
   16255      41.3992
   16256      40.9518
   16257      40.7290
   16258      40.8520
   16259      41.4459
   16260      41.0359
   16261      41.1982
   16262      40.7941
   16263      41.1184
   16264      40.6224
   16265      41.2160
   16266      40.6883
   16267      40.7809
   16268      40.3378
   16269      40.7150
   16270      41.2959
   16271      41.0558
   16272      40.4947
   16273      40.6370
   16274      40.4886
   16275      40.4608
   16276      40.7950
   16277      41.1314
   16278      40.4038
   16279      41.3828
   16280      40.8987
   16281      40.8311
   16282      40.9476
   16283      40.9856
   16284      40.9492
   16285      40.6197
   16286      40.9948
   16287      40.6517
   16288      41.2437
   16289      41.3311
   16290      40.6750
   16291      40.7250
   16292      41.1655
   16293      41.2021
   16294      40.6238
   16295      40.9284
   16296      40.9889
   16297      40.2345
   16298      40.5761
   16299      40.2721
   16300      40.8558
   16301      40.4931
   16302      40.7615
   16303      39.8346
   16304      40.1277
   16305      40.2666
   16306      40.4232
   16307      40.4073
   16308      40.3359
   16309      40.5378
   16310      39.8804
   16311      40.2485
   16312      40.4820
   16313      40.3612
   16314      39.4426
   16315      40.3429
   16316      40.8099
   16317      40.6763
   16318      40.8073
   16319      40.9197
   16320      40.5096
   16321      40.9222
   16322      41.1132
   16323      40.9120
   16324      41.0847
   16325      40.8663
   16326      41.1343
   16327      40.3723
   16328      41.0580
   16329      40.8597
   16330      41.0245
   16331      40.8148
   16332      40.8185
   16333      41.1124
   16334      41.0415
   16335      41.2639
   16336      41.5430
   16337      41.1957
   16338      41.3144
   16339      41.2230
   16340      40.7755
   16341      40.9813
   16342      40.9877
   16343      40.7881
   16344      40.7427
   16345      40.6633
   16346      40.8940
   16347      40.6473
   16348      41.3896
   16349      41.2072
   16350      41.2286
   16351      40.9889
   16352      41.0910
   16353      41.3120
   16354      41.1913
   16355      41.2287
   16356      40.8964
   16357      41.2575
   16358      40.6389
   16359      40.8963
   16360      40.5952
   16361      41.1653
   16362      40.7443
   16363      41.1014
   16364      41.2526
   16365      40.7418
   16366      41.0314
   16367      40.8145
   16368      40.4081
   16369      40.8583
   16370      41.2101
   16371      40.7826
   16372      40.8532
   16373      40.9020
   16374      40.9699
   16375      40.9590
   16376      41.2663
   16377      40.2226
   16378      40.7937
   16379      40.4874
   16380      40.5202
   16381      40.8992
   16382      40.7832
   16383      41.2924
   16384      40.8779
   16385      40.7692
   16386      40.9300
   16387      40.7018
   16388      41.2467
   16389      40.8762
   16390      40.5319
   16391      40.7913
   16392      40.6792
   16393      40.8373
   16394      40.7112
   16395      40.6704
   16396      40.9924
   16397      40.8167
   16398      40.6645
   16399      40.6048
   16400      40.6103
   16401      40.8049
   16402      40.5578
   16403      41.1386
   16404      40.8256
   16405      40.9322
   16406      40.4760
   16407      41.0653
   16408      40.9839
   16409      40.6801
   16410      40.7820
   16411      40.6430
   16412      40.7817
   16413      41.0959
   16414      40.3957
   16415      40.3494
   16416      40.3287
   16417      40.5744
   16418      41.0053
   16419      41.3030
   16420      41.1314
   16421      40.8835
   16422      41.0697
   16423      40.6420
   16424      41.3321
   16425      41.3564
   16426      41.0976
   16427      41.4775
   16428      41.0442
   16429      41.1103
   16430      40.8430
   16431      40.6785
   16432      40.8908
   16433      41.1165
   16434      41.4792
   16435      41.2957
   16436      41.1842
   16437      41.0818
   16438      40.9429
   16439      40.9414
   16440      40.7681
   16441      40.6592
   16442      40.9165
   16443      41.2429
   16444      40.9147
   16445      41.0016
   16446      40.9404
   16447      41.0585
   16448      40.6505
   16449      40.1942
   16450      40.8501
   16451      40.9071
   16452      40.7334
   16453      40.7385
   16454      40.5240
   16455      40.7482
   16456      40.8919
   16457      41.0409
   16458      40.9485
   16459      41.0237
   16460      41.0240
   16461      40.5005
   16462      41.2170
   16463      40.7915
   16464      41.6018
   16465      41.2522
   16466      40.9829
   16467      40.9092
   16468      41.1089
   16469      40.9295
   16470      40.8304
   16471      40.9460
   16472      40.7233
   16473      40.9994
   16474      40.9323
   16475      40.7001
   16476      40.8032
   16477      40.5403
   16478      40.9574
   16479      40.7608
   16480      40.9094
   16481      41.0689
   16482      40.7153
   16483      40.9550
   16484      40.9849
   16485      41.2676
   16486      41.6656
   16487      41.3592
   16488      40.8805
   16489      41.2076
   16490      40.9628
   16491      40.9714
   16492      41.3526
   16493      41.1101
   16494      40.9561
   16495      40.9494
   16496      40.8809
   16497      41.2844
   16498      41.1421
   16499      41.0664
   16500      41.0982
   16501      40.9896
   16502      40.9454
   16503      40.9311
   16504      40.8738
   16505      41.0911
   16506      40.8882
   16507      40.6592
   16508      40.7152
   16509      41.3027
   16510      41.2163
   16511      41.6788
   16512      41.0209
   16513      40.9611
   16514      40.9925
   16515      41.2454
   16516      41.0288
   16517      41.2208
   16518      41.4935
   16519      41.0057
   16520      40.5628
   16521      41.3382
   16522      41.4199
   16523      40.8811
   16524      41.1804
   16525      41.1225
   16526      40.8736
   16527      41.2050
   16528      41.0676
   16529      40.5763
   16530      40.4531
   16531      41.0471
   16532      41.0842
   16533      41.1506
   16534      41.5730
   16535      41.5419
   16536      41.0036
   16537      41.2933
   16538      40.7803
   16539      40.8716
   16540      41.1220
   16541      41.1692
   16542      41.0023
   16543      41.1081
   16544      40.8086
   16545      41.1198
   16546      41.1076
   16547      40.7010
   16548      40.3834
   16549      40.3615
   16550      40.6361
   16551      40.3449
   16552      40.3257
   16553      40.8021
   16554      40.5782
   16555      40.7675
   16556      40.9487
   16557      41.0753
   16558      40.9491
   16559      40.7174
   16560      40.6065
   16561      40.5828
   16562      40.5799
   16563      40.6689
   16564      40.8583
   16565      40.2658
   16566      40.5191
   16567      40.7407
   16568      40.8548
   16569      41.0665
   16570      40.7731
   16571      40.9848
   16572      40.5285
   16573      41.1087
   16574      40.7285
   16575      41.2887
   16576      41.2146
   16577      41.0975
   16578      41.0698
   16579      41.3089
   16580      41.1110
   16581      40.8520
   16582      41.2480
   16583      41.2543
   16584      41.2963
   16585      40.9705
   16586      40.6890
   16587      41.3940
   16588      40.8626
   16589      40.9230
   16590      40.9454
   16591      41.3612
   16592      41.1089
   16593      41.0954
   16594      40.9196
   16595      40.6177
   16596      41.0019
   16597      40.9610
   16598      41.0190
   16599      40.6845
   16600      40.7400
   16601      40.5111
   16602      41.0307
   16603      41.2601
   16604      41.5519
   16605      40.7352
   16606      40.9084
   16607      41.2259
   16608      41.0245
   16609      41.0787
   16610      41.2071
   16611      40.7708
   16612      41.2857
   16613      40.6845
   16614      40.9338
   16615      40.9446
   16616      41.0811
   16617      41.1732
   16618      40.7859
   16619      41.0772
   16620      41.1758
   16621      40.7498
   16622      40.7199
   16623      40.9168
   16624      40.7484
   16625      41.2153
   16626      40.6805
   16627      40.5430
   16628      40.5739
   16629      40.9174
   16630      40.8194
   16631      40.5403
   16632      41.3766
   16633      40.3709
   16634      40.4360
   16635      41.0472
   16636      41.0014
   16637      40.7252
   16638      40.9305
   16639      40.8249
   16640      40.5561
   16641      40.7190
   16642      40.8500
   16643      41.1195
   16644      40.9109
   16645      40.8585
   16646      40.9617
   16647      41.0344
   16648      40.9031
   16649      41.1873
   16650      40.9116
   16651      41.0662
   16652      41.0487
   16653      41.0332
   16654      41.4779
   16655      40.7423
   16656      40.7621
   16657      40.8804
   16658      40.7647
   16659      40.5371
   16660      40.5537
   16661      40.9243
   16662      41.1906
   16663      40.5468
   16664      40.6753
   16665      41.3306
   16666      40.8960
   16667      41.3938
   16668      40.9055
   16669      41.1602
   16670      41.0124
   16671      40.8421
   16672      40.6734
   16673      40.9991
   16674      40.9041
   16675      41.2806
   16676      41.2301
   16677      41.3936
   16678      40.9229
   16679      41.1601
   16680      40.7556
   16681      40.3470
   16682      40.7803
   16683      40.8928
   16684      40.8946
   16685      41.0215
   16686      41.1229
   16687      41.1839
   16688      40.8998
   16689      41.2160
   16690      40.2158
   16691      40.7660
   16692      41.0415
   16693      40.8174
   16694      40.5491
   16695      40.8325
   16696      40.8462
   16697      40.9722
   16698      40.8162
   16699      40.9945
   16700      41.0921
   16701      40.5073
   16702      40.6918
   16703      40.9424
   16704      40.7691
   16705      40.5837
   16706      40.7564
   16707      40.3615
   16708      40.7122
   16709      41.1647
   16710      41.3313
   16711      41.5953
   16712      41.4680
   16713      40.7112
   16714      40.7026
   16715      40.4851
   16716      40.9458
   16717      40.9148
   16718      40.7900
   16719      41.0582
   16720      40.6632
   16721      40.5642
   16722      40.5598
   16723      40.7475
   16724      40.9360
   16725      40.7175
   16726      41.1808
   16727      40.8370
   16728      40.8883
   16729      40.4806
   16730      40.7220
   16731      41.1045
   16732      40.8113
   16733      40.8867
   16734      40.9970
   16735      41.3761
   16736      40.5873
   16737      41.5292
   16738      40.6115
   16739      40.6368
   16740      41.0735
   16741      40.8788
   16742      41.0352
   16743      41.0011
   16744      41.1712
   16745      40.4470
   16746      40.6338
   16747      40.4650
   16748      40.4789
   16749      40.5253
   16750      40.8531
   16751      40.6046
   16752      40.2334
   16753      39.9412
   16754      40.3848
   16755      40.6152
   16756      40.1344
   16757      40.2232
   16758      40.0135
   16759      40.3773
   16760      40.6230
   16761      40.9382
   16762      41.2285
   16763      40.6254
   16764      41.2217
   16765      41.2193
   16766      40.5386
   16767      40.5461
   16768      40.5715
   16769      40.9781
   16770      40.7296
   16771      40.7513
   16772      40.9870
   16773      40.5723
   16774      40.8454
   16775      40.4849
   16776      40.9689
   16777      40.5405
   16778      40.8404
   16779      40.5637
   16780      40.6129
   16781      41.2321
   16782      40.6214
   16783      40.6387
   16784      40.8866
   16785      41.1840
   16786      41.0353
   16787      40.9363
   16788      41.0054
   16789      40.8596
   16790      41.2573
   16791      41.4147
   16792      40.8960
   16793      41.0487
   16794      41.1348
   16795      41.3411
   16796      41.0163
   16797      40.7083
   16798      41.0143
   16799      40.6919
   16800      40.7692
   16801      40.8350
   16802      40.9783
   16803      41.1992
   16804      41.0954
   16805      41.5439
   16806      41.3490
   16807      41.1975
   16808      41.1791
   16809      41.9927
   16810      41.2085
   16811      41.3494
   16812      41.0793
   16813      41.0795
   16814      41.1156
   16815      41.3227
   16816      41.3506
   16817      41.5692
   16818      41.1583
   16819      41.0596
   16820      40.9680
   16821      41.2222
   16822      40.7367
   16823      41.0043
   16824      41.0397
   16825      40.7187
   16826      41.0083
   16827      41.4128
   16828      41.2034
   16829      40.8604
   16830      41.1462
   16831      41.3017
   16832      41.2076
   16833      41.3635
   16834      40.9525
   16835      40.9694
   16836      41.5129
   16837      41.5860
   16838      41.5402
   16839      41.3206
   16840      41.7395
   16841      41.5373
   16842      40.9611
   16843      40.9499
   16844      41.4811
   16845      41.3059
   16846      41.0046
   16847      41.0424
   16848      40.9749
   16849      41.4251
   16850      41.0941
   16851      41.2065
   16852      41.6525
   16853      40.9052
   16854      41.4472
   16855      41.2768
   16856      41.0922
   16857      40.9986
   16858      40.9994
   16859      40.8337
   16860      40.9182
   16861      40.5256
   16862      40.7177
   16863      41.3288
   16864      41.0883
   16865      41.0694
   16866      41.3340
   16867      41.0739
   16868      41.2528
   16869      40.8145
   16870      40.8544
   16871      41.0352
   16872      41.1492
   16873      40.7028
   16874      41.1070
   16875      41.1986
   16876      41.2204
   16877      41.2105
   16878      40.8951
   16879      41.5052
   16880      41.4266
   16881      41.8514
   16882      41.4645
   16883      40.8939
   16884      40.5839
   16885      41.2197
   16886      40.8588
   16887      40.7734
   16888      40.6793
   16889      41.2281
   16890      40.7017
   16891      41.1873
   16892      41.0234
   16893      40.4731
   16894      40.6249
   16895      41.1187
   16896      41.1607
   16897      41.1039
   16898      40.7596
   16899      40.4559
   16900      40.5632
   16901      40.6390
   16902      40.8510
   16903      41.3311
   16904      41.0439
   16905      41.5823
   16906      41.1088
   16907      41.4680
   16908      41.0632
   16909      40.6966
   16910      40.7398
   16911      41.1374
   16912      40.8127
   16913      40.4400
   16914      41.0434
   16915      40.8607
   16916      41.0951
   16917      41.5861
   16918      41.3002
   16919      40.8586
   16920      40.8812
   16921      40.8194
   16922      41.0573
   16923      41.1459
   16924      41.0864
   16925      41.1901
   16926      41.0478
   16927      41.0072
   16928      40.7560
   16929      41.0323
   16930      41.3747
   16931      41.6444
   16932      41.0219
   16933      41.1494
   16934      41.2515
   16935      40.9136
   16936      40.8118
   16937      41.1197
   16938      41.0623
   16939      40.6066
   16940      40.9617
   16941      40.8084
   16942      40.6024
   16943      40.3251
   16944      41.1252
   16945      40.9042
   16946      40.6825
   16947      40.6373
   16948      40.7834
   16949      40.9005
   16950      40.4220
   16951      40.5335
   16952      41.0971
   16953      40.6968
   16954      40.8895
   16955      40.7768
   16956      40.7081
   16957      40.7221
   16958      40.5771
   16959      41.1991
   16960      41.1425
   16961      40.7859
   16962      41.1563
   16963      41.1564
   16964      41.2593
   16965      40.8565
   16966      41.1972
   16967      41.1523
   16968      41.0042
   16969      41.2267
   16970      40.6719
   16971      40.8332
   16972      40.9985
   16973      40.8698
   16974      41.1109
   16975      41.1037
   16976      41.1059
   16977      40.7274
   16978      40.8580
   16979      41.0975
   16980      40.9977
   16981      40.6173
   16982      40.6922
   16983      40.5814
   16984      40.6854
   16985      40.7347
   16986      40.5990
   16987      40.5103
   16988      41.0022
   16989      40.5802
   16990      41.1941
   16991      41.2698
   16992      40.7173
   16993      40.5526
   16994      41.0023
   16995      40.7513
   16996      41.0184
   16997      40.5095
   16998      41.1071
   16999      40.8856
   17000      40.9531
   17001      41.0242
   17002      41.0113
   17003      40.8650
   17004      40.7960
   17005      41.3168
   17006      41.2500
   17007      41.4262
   17008      41.0958
   17009      41.4200
   17010      41.0274
   17011      41.0941
   17012      41.5465
   17013      41.2510
   17014      40.7770
   17015      41.3201
   17016      40.8122
   17017      41.1079
   17018      40.8694
   17019      40.8352
   17020      41.0848
   17021      41.0025
   17022      40.9094
   17023      40.7496
   17024      40.5940
   17025      40.5593
   17026      40.8652
   17027      41.0253
   17028      41.1369
   17029      41.1219
   17030      41.1975
   17031      40.8983
   17032      41.0696
   17033      40.9761
   17034      41.1681
   17035      40.6935
   17036      41.2879
   17037      40.8925
   17038      41.0777
   17039      40.9515
   17040      40.8426
   17041      41.2296
   17042      41.4778
   17043      41.4904
   17044      41.0200
   17045      40.6979
   17046      41.4111
   17047      40.8387
   17048      41.2804
   17049      41.4369
   17050      40.9648
   17051      41.0078
   17052      41.5921
   17053      41.0413
   17054      41.6486
   17055      40.9239
   17056      40.6551
   17057      41.1779
   17058      41.1483
   17059      40.8885
   17060      40.9575
   17061      41.1246
   17062      41.2751
   17063      40.6208
   17064      41.1611
   17065      41.3967
   17066      41.2463
   17067      41.4739
   17068      41.0078
   17069      41.3421
   17070      41.6113
   17071      41.2761
   17072      41.1020
   17073      40.9222
   17074      41.2162
   17075      41.3639
   17076      41.4488
   17077      41.1567
   17078      40.9605
   17079      40.8735
   17080      41.3786
   17081      41.0865
   17082      41.2990
   17083      41.0856
   17084      40.8465
   17085      40.9631
   17086      41.0605
   17087      40.5188
   17088      40.9208
   17089      40.7931
   17090      41.0232
   17091      40.9104
   17092      41.0885
   17093      41.3113
   17094      41.2118
   17095      40.7001
   17096      40.6558
   17097      40.6065
   17098      40.6871
   17099      41.0934
   17100      40.9518
   17101      40.4813
   17102      40.6455
   17103      41.1235
   17104      41.5793
   17105      41.4380
   17106      41.0647
   17107      41.4376
   17108      41.1722
   17109      40.9529
   17110      40.7984
   17111      40.7192
   17112      41.7070
   17113      41.0142
   17114      40.7039
   17115      40.9503
   17116      41.2156
   17117      40.9322
   17118      41.1526
   17119      41.0446
   17120      41.3143
   17121      41.3261
   17122      41.0556
   17123      41.2727
   17124      41.4992
   17125      41.3016
   17126      41.6709
   17127      41.1703
   17128      41.1379
   17129      41.3333
   17130      41.4426
   17131      41.1883
   17132      41.5737
   17133      41.2290
   17134      41.1322
   17135      41.2726
   17136      41.6328
   17137      41.6064
   17138      41.1810
   17139      41.1456
   17140      40.5808
   17141      40.9337
   17142      40.7658
   17143      40.9935
   17144      41.3173
   17145      40.7524
   17146      40.4951
   17147      41.2854
   17148      41.5674
   17149      41.4178
   17150      41.0952
   17151      40.7612
   17152      41.1327
   17153      40.8985
   17154      40.6742
   17155      41.1227
   17156      41.1482
   17157      41.2471
   17158      40.8666
   17159      41.0654
   17160      40.9111
   17161      41.2243
   17162      40.8861
   17163      41.2194
   17164      41.5991
   17165      40.9317
   17166      40.7654
   17167      40.8574
   17168      41.0160
   17169      41.1633
   17170      41.0475
   17171      41.4614
   17172      41.2612
   17173      41.1610
   17174      41.0864
   17175      40.6868
   17176      41.0439
   17177      41.1465
   17178      41.0269
   17179      41.5523
   17180      41.1418
   17181      41.0159
   17182      40.9816
   17183      40.8603
   17184      40.8431
   17185      40.9640
   17186      40.9314
   17187      41.1796
   17188      40.8979
   17189      41.1082
   17190      41.0681
   17191      40.9700
   17192      41.2146
   17193      41.3122
   17194      41.4536
   17195      41.6270
   17196      41.1162
   17197      41.2911
   17198      41.1379
   17199      41.4607
   17200      41.2599
   17201      41.0270
   17202      41.3606
   17203      41.3708
   17204      41.4612
   17205      41.4857
   17206      41.6067
   17207      41.5557
   17208      41.5064
   17209      41.4569
   17210      41.6682
   17211      41.3921
   17212      41.4207
   17213      41.8031
   17214      41.1740
   17215      41.1622
   17216      41.5142
   17217      41.1327
   17218      41.6009
   17219      41.4982
   17220      41.7127
   17221      41.2939
   17222      41.4526
   17223      41.6507
   17224      41.3460
   17225      41.2406
   17226      41.2362
   17227      41.3383
   17228      41.3960
   17229      41.3598
   17230      41.5084
   17231      41.0976
   17232      41.1835
   17233      41.4522
   17234      41.0452
   17235      41.0801
   17236      41.2122
   17237      41.0627
   17238      40.7739
   17239      41.0749
   17240      41.4446
   17241      41.1607
   17242      40.8522
   17243      41.4140
   17244      41.6644
   17245      40.9691
   17246      40.9994
   17247      40.7394
   17248      40.8150
   17249      41.1369
   17250      41.0335
   17251      41.2829
   17252      40.6923
   17253      41.0020
   17254      40.8172
   17255      41.1731
   17256      41.1162
   17257      41.1213
   17258      41.2208
   17259      41.1638
   17260      41.4152
   17261      41.5005
   17262      40.9988
   17263      40.9783
   17264      40.8334
   17265      40.9190
   17266      41.2098
   17267      40.8225
   17268      40.6261
   17269      40.7998
   17270      41.3007
   17271      40.6798
   17272      40.7542
   17273      40.6332
   17274      40.9523
   17275      40.5860
   17276      40.5862
   17277      40.3071
   17278      40.4633
   17279      40.4835
   17280      40.8840
   17281      40.6941
   17282      40.7351
   17283      40.3480
   17284      40.3629
   17285      40.2532
   17286      40.3269
   17287      40.6894
   17288      40.5560
   17289      40.6168
   17290      40.3613
   17291      41.0779
   17292      40.8127
   17293      40.7109
   17294      40.6556
   17295      40.5236
   17296      40.9274
   17297      40.7141
   17298      40.7230
   17299      40.8737
   17300      41.1604
   17301      41.0189
   17302      40.4707
   17303      40.4212
   17304      41.1089
   17305      40.7115
   17306      41.0184
   17307      41.1940
   17308      40.9018
   17309      40.7972
   17310      40.7135
   17311      40.4862
   17312      40.9314
   17313      40.8589
   17314      40.0609
   17315      40.5330
   17316      40.6833
   17317      40.8756
   17318      41.1455
   17319      41.3781
   17320      40.9026
   17321      41.4150
   17322      41.2255
   17323      40.7591
   17324      41.3473
   17325      40.9780
   17326      40.7259
   17327      40.9033
   17328      41.5692
   17329      40.8561
   17330      41.2325
   17331      40.7765
   17332      40.6943
   17333      40.7822
   17334      41.1587
   17335      40.7343
   17336      41.6304
   17337      41.2929
   17338      41.5532
   17339      40.8186
   17340      40.6605
   17341      40.7653
   17342      40.8187
   17343      41.0991
   17344      41.0352
   17345      41.1615
   17346      40.6975
   17347      40.6298
   17348      41.0628
   17349      40.8577
   17350      40.3865
   17351      41.3322
   17352      41.2151
   17353      41.3694
   17354      40.8663
   17355      41.2996
   17356      41.0806
   17357      41.2880
   17358      40.5691
   17359      40.9563
   17360      41.2304
   17361      41.5337
   17362      41.0162
   17363      40.7317
   17364      40.9980
   17365      40.8198
   17366      41.1785
   17367      41.2128
   17368      41.1993
   17369      41.1875
   17370      41.2399
   17371      41.0952
   17372      41.3686
   17373      41.1017
   17374      40.9080
   17375      41.2183
   17376      41.1551
   17377      40.7752
   17378      40.7282
   17379      40.9343
   17380      40.9441
   17381      41.0498
   17382      40.7637
   17383      40.6815
   17384      41.0442
   17385      40.5008
   17386      40.5178
   17387      41.1801
   17388      41.1628
   17389      40.8462
   17390      41.4397
   17391      40.6514
   17392      40.8632
   17393      41.2319
   17394      41.2952
   17395      41.0319
   17396      40.5917
   17397      40.9167
   17398      41.6436
   17399      41.1124
   17400      40.9183
   17401      41.2440
   17402      40.9573
   17403      41.2678
   17404      40.8212
   17405      41.3440
   17406      41.3645
   17407      41.3124
   17408      40.7681
   17409      40.7970
   17410      41.1116
   17411      41.2512
   17412      40.6033
   17413      40.9329
   17414      41.3235
   17415      41.1657
   17416      41.4127
   17417      41.1285
   17418      41.1046
   17419      41.2397
   17420      41.1602
   17421      41.3180
   17422      41.2571
   17423      41.2788
   17424      41.5351
   17425      41.3150
   17426      40.7844
   17427      41.1980
   17428      40.9176
   17429      40.8675
   17430      41.4271
   17431      41.0504
   17432      41.7719
   17433      41.6250
   17434      41.7868
   17435      41.2341
   17436      41.1500
   17437      41.6239
   17438      41.4742
   17439      40.9581
   17440      40.9415
   17441      40.9116
   17442      41.6855
   17443      41.2773
   17444      40.9307
   17445      41.3443
   17446      41.4756
   17447      41.8441
   17448      41.4959
   17449      41.3932
   17450      41.2666
   17451      41.0081
   17452      41.1119
   17453      40.9956
   17454      40.4572
   17455      41.2100
   17456      41.3666
   17457      40.9069
   17458      41.0616
   17459      40.5474
   17460      40.4980
   17461      40.8418
   17462      40.9507
   17463      41.0490
   17464      40.9807
   17465      40.8331
   17466      41.1927
   17467      40.9016
   17468      41.0961
   17469      40.9704
   17470      40.9795
   17471      41.3009
   17472      40.9640
   17473      41.0474
   17474      40.9849
   17475      41.3898
   17476      41.2510
   17477      41.1443
   17478      40.9888
   17479      41.4580
   17480      41.2251
   17481      41.2015
   17482      40.9310
   17483      41.2220
   17484      41.6267
   17485      41.0870
   17486      41.0387
   17487      41.3302
   17488      41.1284
   17489      40.8797
   17490      41.0337
   17491      41.1892
   17492      41.1719
   17493      41.0630
   17494      40.8870
   17495      40.7484
   17496      40.6686
   17497      40.7597
   17498      41.0279
   17499      40.6967
   17500      40.9517
   17501      40.7576
   17502      41.1674
   17503      41.0537
   17504      41.2442
   17505      40.8292
   17506      40.8313
   17507      41.0777
   17508      41.0245
   17509      40.7950
   17510      41.4235
   17511      41.2674
   17512      40.7334
   17513      41.0785
   17514      41.1942
   17515      40.8155
   17516      40.9706
   17517      40.9942
   17518      40.9109
   17519      41.3261
   17520      41.2530
   17521      40.8882
   17522      41.3075
   17523      41.2416
   17524      40.9804
   17525      41.0959
   17526      41.1306
   17527      41.0874
   17528      40.9442
   17529      41.1159
   17530      41.1238
   17531      41.5048
   17532      41.0415
   17533      41.1971
   17534      41.0515
   17535      40.7883
   17536      40.7003
   17537      40.9559
   17538      40.8362
   17539      40.9747
   17540      40.8748
   17541      41.1828
   17542      41.0474
   17543      40.9174
   17544      41.0515
   17545      40.8489
   17546      40.7773
   17547      41.1328
   17548      40.5573
   17549      40.4490
   17550      40.7772
   17551      40.6305
   17552      40.7193
   17553      40.7857
   17554      40.6131
   17555      40.9421
   17556      40.3434
   17557      40.3358
   17558      41.0913
   17559      41.0753
   17560      40.8880
   17561      40.8912
   17562      41.2220
   17563      41.1435
   17564      41.2625
   17565      41.1576
   17566      41.4523
   17567      40.8513
   17568      40.7876
   17569      41.0236
   17570      41.1549
   17571      41.3375
   17572      41.3729
   17573      40.7832
   17574      40.7025
   17575      40.8997
   17576      41.0318
   17577      40.9265
   17578      40.9131
   17579      40.8034
   17580      40.8749
   17581      41.1464
   17582      40.9018
   17583      41.2891
   17584      41.1107
   17585      40.7356
   17586      40.3411
   17587      40.8643
   17588      40.9264
   17589      40.5547
   17590      40.8461
   17591      40.9489
   17592      40.8875
   17593      40.9640
   17594      40.9901
   17595      40.8067
   17596      41.0538
   17597      40.4199
   17598      41.1128
   17599      41.0248
   17600      40.5540
   17601      40.6806
   17602      40.6195
   17603      40.9572
   17604      41.2435
   17605      40.7645
   17606      40.8981
   17607      40.9670
   17608      40.9406
   17609      40.8741
   17610      41.1588
   17611      40.6230
   17612      41.1576
   17613      41.0479
   17614      40.6862
   17615      41.0305
   17616      41.0296
   17617      40.8829
   17618      41.0238
   17619      40.9401
   17620      41.5616
   17621      41.1902
   17622      41.3891
   17623      40.8002
   17624      40.8648
   17625      40.8910
   17626      40.7041
   17627      40.9698
   17628      41.6558
   17629      40.8934
   17630      41.0103
   17631      41.0079
   17632      40.9925
   17633      41.0050
   17634      40.9645
   17635      41.1549
   17636      41.0066
   17637      40.7101
   17638      40.6623
   17639      41.0407
   17640      41.0247
   17641      41.0221
   17642      40.9122
   17643      41.7382
   17644      41.2039
   17645      41.4932
   17646      41.0358
   17647      40.8554
   17648      40.9801
   17649      40.6844
   17650      40.8752
   17651      41.3146
   17652      41.4729
   17653      41.1174
   17654      41.1537
   17655      41.7491
   17656      41.4461
   17657      41.4479
   17658      41.0190
   17659      41.0936
   17660      41.2698
   17661      41.3560
   17662      41.0777
   17663      41.2638
   17664      40.9875
   17665      40.8861
   17666      41.1136
   17667      41.4307
   17668      41.1615
   17669      40.9030
   17670      40.6844
   17671      41.0442
   17672      40.8807
   17673      40.8794
   17674      41.6050
   17675      41.3795
   17676      41.1444
   17677      40.9237
   17678      41.2159
   17679      41.2805
   17680      40.7716
   17681      41.1233
   17682      41.1015
   17683      40.9221
   17684      40.9217
   17685      40.4698
   17686      40.6678
   17687      41.2512
   17688      40.8707
   17689      41.0472
   17690      40.9433
   17691      41.2884
   17692      41.1925
   17693      40.8565
   17694      41.1614
   17695      40.8832
   17696      40.9480
   17697      41.2124
   17698      41.2313
   17699      41.0048
   17700      41.6870
   17701      41.2470
   17702      41.3380
   17703      41.1963
   17704      41.6003
   17705      40.9568
   17706      41.0727
   17707      41.7510
   17708      41.4588
   17709      41.3820
   17710      41.0864
   17711      41.1105
   17712      40.7899
   17713      41.2034
   17714      40.9034
   17715      40.6855
   17716      40.8280
   17717      40.8806
   17718      40.9356
   17719      40.6407
   17720      41.2374
   17721      41.3051
   17722      40.7815
   17723      40.9276
   17724      41.1486
   17725      41.2249
   17726      41.3137
   17727      41.2401
   17728      40.9976
   17729      40.7825
   17730      40.7627
   17731      40.8899
   17732      40.7175
   17733      40.9371
   17734      40.5709
   17735      40.9134
   17736      40.7679
   17737      40.7663
   17738      41.0607
   17739      40.5163
   17740      40.7790
   17741      41.2783
   17742      41.1024
   17743      40.8051
   17744      40.8867
   17745      40.8892
   17746      40.9219
   17747      41.1842
   17748      41.7278
   17749      40.7683
   17750      41.1726
   17751      40.5167
   17752      40.7188
   17753      40.8135
   17754      40.8105
   17755      40.4511
   17756      40.4794
   17757      41.2308
   17758      41.4376
   17759      41.8328
   17760      41.1642
   17761      41.0060
   17762      41.5014
   17763      40.9589
   17764      41.0104
   17765      41.5259
   17766      41.5584
   17767      40.6275
   17768      40.8144
   17769      41.0374
   17770      41.1986
   17771      41.1471
   17772      40.9516
   17773      41.0697
   17774      41.1417
   17775      41.2821
   17776      40.9311
   17777      41.0197
   17778      40.8427
   17779      41.2913
   17780      41.0302
   17781      40.8117
   17782      40.9423
   17783      41.2320
   17784      41.2067
   17785      41.2261
   17786      41.1007
   17787      41.0569
   17788      40.9822
   17789      41.0197
   17790      41.3376
   17791      41.4565
   17792      41.3252
   17793      41.2714
   17794      41.0284
   17795      41.7586
   17796      41.6264
   17797      41.1884
   17798      40.7977
   17799      41.2950
   17800      41.0720
   17801      41.2773
   17802      41.3367
   17803      41.1301
   17804      41.1867
   17805      40.9870
   17806      41.0830
   17807      41.2851
   17808      41.5770
   17809      40.8934
   17810      41.0245
   17811      41.6735
   17812      41.6187
   17813      41.2111
   17814      40.8879
   17815      40.9787
   17816      41.1828
   17817      41.4014
   17818      41.3979
   17819      41.6728
   17820      41.2735
   17821      40.8499
   17822      40.9125
   17823      41.0964
   17824      40.8426
   17825      41.4047
   17826      41.1206
   17827      41.0001
   17828      40.6399
   17829      41.0308
   17830      40.7007
   17831      41.2079
   17832      41.3664
   17833      41.3713
   17834      41.1686
   17835      41.0989
   17836      41.3800
   17837      41.5196
   17838      40.9305
   17839      40.7153
   17840      41.0723
   17841      40.7153
   17842      40.8276
   17843      40.9263
   17844      40.7443
   17845      40.8752
   17846      40.8352
   17847      40.4297
   17848      40.3429
   17849      40.8529
   17850      41.0256
   17851      40.8449
   17852      40.6090
   17853      40.8566
   17854      40.8509
   17855      40.7524
   17856      41.1352
   17857      40.5579
   17858      40.3383
   17859      40.3393
   17860      40.3145
   17861      40.4337
   17862      40.2778
   17863      40.5220
   17864      41.0220
   17865      41.0261
   17866      41.4416
   17867      40.5207
   17868      40.8165
   17869      40.4399
   17870      40.6520
   17871      40.6716
   17872      40.6998
   17873      40.5297
   17874      40.5144
   17875      40.8208
   17876      40.6933
   17877      40.9000
   17878      40.8481
   17879      40.6401
   17880      40.9382
   17881      40.8852
   17882      41.0808
   17883      40.8577
   17884      41.0310
   17885      40.7537
   17886      40.5054
   17887      40.7996
   17888      41.0193
   17889      40.4378
   17890      40.5553
   17891      40.8315
   17892      40.6398
   17893      40.9840
   17894      40.7713
   17895      40.8016
   17896      41.3264
   17897      41.1429
   17898      40.7105
   17899      41.1624
   17900      40.9589
   17901      40.9130
   17902      40.9735
   17903      40.9277
   17904      41.1645
   17905      40.8203
   17906      40.9162
   17907      41.0062
   17908      40.7968
   17909      40.8724
   17910      40.8963
   17911      41.0085
   17912      40.7126
   17913      40.6874
   17914      40.8935
   17915      40.7655
   17916      40.7933
   17917      40.5729
   17918      40.8144
   17919      40.7968
   17920      40.9971
   17921      40.8885
   17922      40.5725
   17923      41.3256
   17924      41.5023
   17925      41.3407
   17926      41.3358
   17927      41.3685
   17928      41.0508
   17929      41.1594
   17930      41.0901
   17931      40.5075
   17932      41.0602
   17933      40.8352
   17934      40.7696
   17935      40.7541
   17936      40.7304
   17937      40.8811
   17938      40.8376
   17939      41.2093
   17940      40.9183
   17941      40.6787
   17942      40.8200
   17943      40.5664
   17944      40.5521
   17945      40.8823
   17946      41.0289
   17947      41.0316
   17948      41.0381
   17949      40.8586
   17950      41.1107
   17951      40.9493
   17952      40.8700
   17953      40.4875
   17954      40.5033
   17955      40.4375
   17956      40.4447
   17957      40.8250
   17958      40.5948
   17959      41.1023
   17960      40.7823
   17961      40.9123
   17962      40.8526
   17963      41.0759
   17964      41.2445
   17965      40.7973
   17966      40.6677
   17967      41.2087
   17968      41.2741
   17969      40.9222
   17970      41.0732
   17971      40.9479
   17972      40.8295
   17973      41.3521
   17974      41.4444
   17975      40.9231
   17976      40.9178
   17977      41.2939
   17978      41.3769
   17979      41.3408
   17980      41.1276
   17981      40.9983
   17982      40.5240
   17983      40.5492
   17984      40.7729
   17985      40.9650
   17986      40.7439
   17987      40.5432
   17988      40.5965
   17989      40.6979
   17990      41.1368
   17991      40.8621
   17992      41.0870
   17993      41.1097
   17994      41.4595
   17995      41.3370
   17996      40.7262
   17997      41.1957
   17998      40.8532
   17999      41.1043
   18000      40.8200
   18001      40.4851
   18002      40.5728
   18003      41.3111
   18004      40.9466
   18005      41.3234
   18006      40.9930
   18007      41.2085
   18008      40.7957
   18009      41.1502
   18010      41.2110
   18011      41.2784
   18012      41.0510
   18013      41.6219
   18014      41.4509
   18015      41.6739
   18016      40.9182
   18017      40.6289
   18018      40.5951
   18019      40.9680
   18020      40.7972
   18021      41.0260
   18022      40.9124
   18023      40.8856
   18024      41.0413
   18025      40.8605
   18026      40.6589
   18027      40.3630
   18028      40.9233
   18029      41.0220
   18030      41.1171
   18031      41.1598
   18032      41.0668
   18033      41.0546
   18034      41.4294
   18035      41.5634
   18036      41.3215
   18037      40.9293
   18038      41.1276
   18039      41.4184
   18040      40.9523
   18041      41.0257
   18042      41.5223
   18043      41.0185
   18044      41.1517
   18045      41.1215
   18046      41.0672
   18047      40.6058
   18048      40.9519
   18049      41.1345
   18050      40.9901
   18051      40.9986
   18052      40.7613
   18053      41.2404
   18054      41.1192
   18055      41.2497
   18056      40.8073
   18057      40.9300
   18058      41.2361
   18059      41.5556
   18060      41.1001
   18061      41.3360
   18062      40.9993
   18063      41.4256
   18064      41.3679
   18065      40.8717
   18066      40.9355
   18067      41.1831
   18068      40.2156
   18069      40.8747
   18070      40.5834
   18071      40.8278
   18072      40.8352
   18073      41.2090
   18074      40.9762
   18075      40.9862
   18076      41.2852
   18077      41.0704
   18078      40.9220
   18079      41.3249
   18080      40.9082
   18081      40.9131
   18082      41.2981
   18083      40.9308
   18084      41.2218
   18085      40.8596
   18086      41.2140
   18087      40.8915
   18088      41.0764
   18089      41.0780
   18090      40.9470
   18091      41.5450
   18092      41.2008
   18093      41.5378
   18094      41.1982
   18095      41.2413
   18096      41.1822
   18097      40.9365
   18098      40.7958
   18099      41.0613
   18100      40.9969
   18101      41.5901
   18102      41.6285
   18103      41.9822
   18104      41.0186
   18105      40.8554
   18106      41.2087
   18107      40.9243
   18108      41.1611
   18109      41.1289
   18110      40.9105
   18111      41.0997
   18112      40.4415
   18113      41.1996
   18114      41.1841
   18115      41.4182
   18116      41.6230
   18117      41.6534
   18118      41.4225
   18119      41.2884
   18120      40.9683
   18121      41.1148
   18122      41.3196
   18123      41.0667
   18124      41.5707
   18125      40.9798
   18126      41.2977
   18127      41.5002
   18128      41.3433
   18129      41.0873
   18130      41.0741
   18131      40.9521
   18132      41.0616
   18133      41.0368
   18134      41.3154
   18135      41.4551
   18136      40.9661
   18137      40.7247
   18138      41.0616
   18139      40.7425
   18140      41.1098
   18141      41.1932
   18142      41.3885
   18143      41.8804
   18144      41.3590
   18145      41.1336
   18146      41.0467
   18147      41.3169
   18148      41.1444
   18149      41.0975
   18150      41.1644
   18151      41.5257
   18152      40.6909
   18153      40.7977
   18154      40.8687
   18155      41.4191
   18156      41.0632
   18157      41.1380
   18158      41.3066
   18159      40.9877
   18160      41.1301
   18161      41.0520
   18162      40.9640
   18163      41.2458
   18164      41.2265
   18165      41.4071
   18166      41.2746
   18167      41.1181
   18168      41.0138
   18169      40.7616
   18170      40.7291
   18171      40.4460
   18172      41.4630
   18173      41.6385
   18174      41.2381
   18175      41.0411
   18176      41.5004
   18177      40.9695
   18178      41.1909
   18179      41.1517
   18180      41.2983
   18181      41.1278
   18182      40.9054
   18183      40.8863
   18184      40.7885
   18185      40.3903
   18186      40.9840
   18187      40.7659
   18188      41.0644
   18189      41.1922
   18190      41.1304
   18191      40.6182
   18192      41.0203
   18193      41.1286
   18194      41.2833
   18195      41.1673
   18196      41.2559
   18197      40.9865
   18198      40.6954
   18199      40.9901
   18200      40.7600
   18201      40.8817
   18202      41.1218
   18203      40.6617
   18204      40.7033
   18205      40.8592
   18206      41.0569
   18207      41.1367
   18208      40.9567
   18209      41.1238
   18210      40.4798
   18211      40.9660
   18212      41.0596
   18213      41.3882
   18214      41.5122
   18215      41.4033
   18216      41.0926
   18217      41.1497
   18218      41.1679
   18219      41.1522
   18220      40.8931
   18221      41.0893
   18222      40.8559
   18223      40.8048
   18224      41.2377
   18225      41.0225
   18226      40.6957
   18227      41.3484
   18228      40.7367
   18229      41.0955
   18230      40.6929
   18231      41.0019
   18232      40.7647
   18233      40.9476
   18234      40.6056
   18235      40.5665
   18236      40.7440
   18237      40.4606
   18238      40.4451
   18239      40.5041
   18240      40.8233
   18241      40.7342
   18242      41.1751
   18243      41.0506
   18244      40.8717
   18245      41.0953
   18246      41.2067
   18247      41.1419
   18248      40.4761
   18249      40.6620
   18250      41.3263
   18251      40.7044
   18252      41.2249
   18253      40.8652
   18254      40.7492
   18255      40.7800
   18256      40.9599
   18257      41.1732
   18258      40.9608
   18259      40.9369
   18260      40.7880
   18261      41.2121
   18262      40.7754
   18263      41.2697
   18264      41.1518
   18265      40.8355
   18266      41.2013
   18267      41.0413
   18268      40.8538
   18269      40.8558
   18270      41.0394
   18271      40.9455
   18272      40.8610
   18273      41.0502
   18274      41.0622
   18275      40.8741
   18276      40.8584
   18277      40.8037
   18278      40.8608
   18279      40.8388
   18280      41.0458
   18281      40.9931
   18282      41.4870
   18283      41.4930
   18284      41.1871
   18285      41.2094
   18286      41.1278
   18287      41.3405
   18288      41.1994
   18289      40.9694
   18290      41.4723
   18291      41.3677
   18292      41.0768
   18293      40.7913
   18294      40.9709
   18295      40.8412
   18296      41.5380
   18297      41.3182
   18298      41.1966
   18299      41.2840
   18300      41.0457
   18301      41.0806
   18302      41.2422
   18303      41.0877
   18304      41.5286
   18305      41.2535
   18306      41.1248
   18307      41.2412
   18308      41.4033
   18309      40.7721
   18310      41.1992
   18311      41.0998
   18312      41.1828
   18313      41.0756
   18314      41.0982
   18315      40.9866
   18316      40.7827
   18317      40.8752
   18318      41.0094
   18319      40.9757
   18320      41.2190
   18321      41.2630
   18322      41.1680
   18323      41.1517
   18324      41.2401
   18325      41.3390
   18326      41.1661
   18327      41.2470
   18328      41.0039
   18329      40.8876
   18330      40.8216
   18331      40.8637
   18332      41.1385
   18333      41.3896
   18334      40.7276
   18335      41.0718
   18336      41.5233
   18337      41.0309
   18338      41.1040
   18339      41.0463
   18340      41.0450
   18341      40.9984
   18342      40.3770
   18343      40.9407
   18344      40.3705
   18345      40.4272
   18346      40.6067
   18347      40.4609
   18348      40.8018
   18349      40.5372
   18350      40.9854
   18351      41.2403
   18352      41.0496
   18353      41.4025
   18354      41.4689
   18355      41.7808
   18356      41.1582
   18357      41.2428
   18358      41.3989
   18359      41.2606
   18360      41.8121
   18361      41.3398
   18362      41.2087
   18363      41.2034
   18364      41.2475
   18365      41.1635
   18366      41.0699
   18367      41.1695
   18368      41.3797
   18369      41.3288
   18370      41.1522
   18371      41.4246
   18372      40.9866
   18373      41.1463
   18374      40.7098
   18375      41.0232
   18376      40.6037
   18377      40.9901
   18378      40.6620
   18379      41.0215
   18380      40.9971
   18381      40.8763
   18382      41.1850
   18383      41.2330
   18384      41.8123
   18385      41.1741
   18386      41.1200
   18387      41.1571
   18388      40.6206
   18389      40.9253
   18390      41.1670
   18391      40.6994
   18392      40.5755
   18393      41.0297
   18394      40.6191
   18395      40.5428
   18396      40.9117
   18397      40.6665
   18398      40.5848
   18399      40.4955
   18400      40.7225
   18401      40.9194
   18402      40.7929
   18403      40.9898
   18404      41.0166
   18405      40.9635
   18406      40.5732
   18407      41.1950
   18408      41.1154
   18409      40.8811
   18410      40.4566
   18411      41.2174
   18412      41.3356
   18413      40.7342
   18414      40.8316
   18415      40.9949
   18416      41.1235
   18417      40.9388
   18418      40.7913
   18419      40.9630
   18420      40.6138
   18421      40.8614
   18422      41.2588
   18423      40.9557
   18424      40.8933
   18425      41.1060
   18426      40.9920
   18427      40.6633
   18428      40.7816
   18429      41.1572
   18430      40.6685
   18431      40.7331
   18432      41.0072
   18433      41.1757
   18434      41.3316
   18435      40.9271
   18436      41.2342
   18437      40.9571
   18438      41.2732
   18439      41.2701
   18440      41.0689
   18441      41.0119
   18442      41.1965
   18443      41.0762
   18444      40.9566
   18445      40.6554
   18446      40.6960
   18447      40.7585
   18448      40.7158
   18449      41.0621
   18450      41.3396
   18451      41.1642
   18452      41.2057
   18453      41.2370
   18454      41.2311
   18455      41.3524
   18456      41.1343
   18457      41.3174
   18458      41.3172
   18459      40.8343
   18460      40.8923
   18461      40.8618
   18462      41.0574
   18463      41.1219
   18464      41.2031
   18465      41.1564
   18466      41.1572
   18467      41.7798
   18468      40.9786
   18469      41.0518
   18470      40.5637
   18471      40.8985
   18472      41.3252
   18473      40.9087
   18474      41.2700
   18475      41.5311
   18476      41.4491
   18477      41.3606
   18478      41.5715
   18479      40.9989
   18480      41.0173
   18481      40.8626
   18482      41.0825
   18483      40.9993
   18484      41.4535
   18485      41.4417
   18486      40.9284
   18487      40.7583
   18488      40.9913
   18489      40.9163
   18490      40.8709
   18491      40.8974
   18492      41.1936
   18493      41.0871
   18494      41.0186
   18495      41.1651
   18496      40.5908
   18497      40.6854
   18498      40.9705
   18499      41.0508
   18500      40.8720
   18501      41.1906
   18502      41.3682
   18503      41.3633
   18504      41.6129
   18505      40.9959
   18506      41.1267
   18507      41.2951
   18508      40.9881
   18509      41.2076
   18510      40.9681
   18511      41.0692
   18512      40.8547
   18513      41.1505
   18514      41.1020
   18515      41.1690
   18516      41.0988
   18517      41.1098
   18518      40.9744
   18519      40.8009
   18520      40.9190
   18521      41.0317
   18522      41.1167
   18523      41.0212
   18524      41.2927
   18525      41.3244
   18526      42.0042
   18527      42.0031
   18528      41.8549
   18529      40.7620
   18530      41.0862
   18531      40.5877
   18532      40.7759
   18533      41.1210
   18534      41.4125
   18535      40.9497
   18536      41.2075
   18537      40.8511
   18538      40.5251
   18539      40.7692
   18540      40.9835
   18541      40.7563
   18542      40.7172
   18543      40.9629
   18544      41.2292
   18545      41.1812
   18546      41.3043
   18547      41.4408
   18548      40.9611
   18549      41.0161
   18550      40.9448
   18551      40.9570
   18552      40.9280
   18553      40.8387
   18554      41.1329
   18555      40.8839
   18556      41.1672
   18557      41.1412
   18558      40.9180
   18559      41.0443
   18560      41.3369
   18561      41.4964
   18562      41.2536
   18563      41.0668
   18564      41.3675
   18565      41.0299
   18566      41.0121
   18567      41.2047
   18568      40.4395
   18569      41.2000
   18570      41.2949
   18571      41.0138
   18572      41.1003
   18573      41.1865
   18574      41.1126
   18575      41.1237
   18576      40.7109
   18577      40.6865
   18578      41.4579
   18579      41.4039
   18580      41.0313
   18581      40.6273
   18582      41.0360
   18583      40.7795
   18584      40.6517
   18585      41.0064
   18586      40.9462
   18587      40.6233
   18588      40.5989
   18589      40.7182
   18590      40.5807
   18591      40.7088
   18592      40.9461
   18593      40.9609
   18594      40.7183
   18595      41.2747
   18596      40.8663
   18597      41.1599
   18598      41.6757
   18599      41.0883
   18600      41.2568
   18601      41.2007
   18602      41.2981
   18603      41.5037
   18604      41.0695
   18605      40.7238
   18606      41.0335
   18607      41.3270
   18608      40.8389
   18609      40.9000
   18610      41.1945
   18611      40.8323
   18612      40.8558
   18613      40.7966
   18614      40.9292
   18615      40.7564
   18616      40.7913
   18617      40.8803
   18618      40.9687
   18619      40.6637
   18620      40.5584
   18621      40.9878
   18622      41.2633
   18623      40.8223
   18624      41.1565
   18625      40.7125
   18626      40.1902
   18627      40.8796
   18628      41.0533
   18629      41.0588
   18630      40.9049
   18631      41.0530
   18632      40.9623
   18633      40.2700
   18634      40.8007
   18635      41.0401
   18636      40.8977
   18637      40.8650
   18638      41.2170
   18639      41.3402
   18640      41.2958
   18641      41.2797
   18642      41.3921
   18643      40.9688
   18644      41.4324
   18645      41.3190
   18646      41.1140
   18647      40.8454
   18648      41.0728
   18649      41.0950
   18650      40.8153
   18651      41.1967
   18652      40.6188
   18653      40.6661
   18654      41.2455
   18655      41.0428
   18656      41.0824
   18657      41.0260
   18658      40.7317
   18659      40.8990
   18660      40.8965
   18661      41.1861
   18662      40.8711
   18663      41.2106
   18664      40.9360
   18665      40.7685
   18666      41.1977
   18667      41.2259
   18668      40.9595
   18669      41.1333
   18670      41.0103
   18671      40.4867
   18672      40.9546
   18673      41.1770
   18674      41.0472
   18675      41.1192
   18676      40.6901
   18677      40.9833
   18678      40.7900
   18679      41.0153
   18680      41.0762
   18681      41.1126
   18682      40.5792
   18683      40.7623
   18684      40.6754
   18685      40.6690
   18686      40.7744
   18687      40.9666
   18688      40.9094
   18689      41.3903
   18690      41.1739
   18691      41.1649
   18692      40.5920
   18693      41.0198
   18694      40.4598
   18695      40.6769
   18696      40.6709
   18697      40.4582
   18698      40.6649
   18699      40.9307
   18700      40.9523
   18701      40.4041
   18702      40.6469
   18703      41.0263
   18704      40.7695
   18705      40.5821
   18706      40.7890
   18707      40.6141
   18708      40.3305
   18709      40.6538
   18710      40.8041
   18711      40.9417
   18712      41.0290
   18713      40.9961
   18714      41.0837
   18715      40.8913
   18716      41.4553
   18717      41.1164
   18718      40.9907
   18719      41.2436
   18720      41.2258
   18721      41.3066
   18722      40.9126
   18723      40.8128
   18724      40.9668
   18725      40.7368
   18726      40.7344
   18727      40.5284
   18728      40.8659
   18729      41.1521
   18730      41.2164
   18731      41.2056
   18732      40.9373
   18733      40.6295
   18734      40.7334
   18735      40.6385
   18736      41.1474
   18737      40.3853
   18738      40.5146
   18739      41.2639
   18740      40.7040
   18741      40.8826
   18742      40.8647
   18743      40.9864
   18744      40.9722
   18745      40.8695
   18746      41.0328
   18747      40.8861
   18748      41.0254
   18749      40.8618
   18750      40.8210
   18751      40.8625
   18752      40.8189
   18753      41.2107
   18754      41.0531
   18755      40.6009
   18756      40.9851
   18757      41.2990
   18758      41.3495
   18759      40.9952
   18760      40.8592
   18761      40.9252
   18762      40.7927
   18763      40.9592
   18764      40.9232
   18765      41.1131
   18766      41.4933
   18767      41.4977
   18768      41.0896
   18769      41.2026
   18770      41.2915
   18771      41.0738
   18772      41.6169
   18773      40.7606
   18774      41.2173
   18775      40.7966
   18776      41.6518
   18777      41.1219
   18778      41.4141
   18779      41.0271
   18780      40.7845
   18781      41.0161
   18782      40.8814
   18783      41.1991
   18784      41.4630
   18785      41.0528
   18786      41.0715
   18787      40.8990
   18788      41.0887
   18789      40.4391
   18790      40.8421
   18791      41.5149
   18792      41.0814
   18793      41.5078
   18794      41.6654
   18795      41.1828
   18796      41.2653
   18797      41.0907
   18798      41.2079
   18799      41.1239
   18800      41.2209
   18801      41.1134
   18802      41.3131
   18803      41.1041
   18804      41.1390
   18805      41.4592
   18806      41.3764
   18807      41.6157
   18808      41.3578
   18809      41.4646
   18810      40.9959
   18811      41.2169
   18812      41.5015
   18813      41.3124
   18814      41.5233
   18815      41.3177
   18816      41.5808
   18817      41.2215
   18818      41.0977
   18819      41.2027
   18820      41.1535
   18821      41.1054
   18822      41.2407
   18823      41.3837
   18824      40.8941
   18825      41.0896
   18826      41.0205
   18827      41.4033
   18828      41.4706
   18829      41.0999
   18830      41.2825
   18831      41.0873
   18832      41.5956
   18833      41.4512
   18834      41.1551
   18835      41.1924
   18836      41.2389
   18837      41.1196
   18838      40.8548
   18839      41.3766
   18840      40.9116
   18841      41.3781
   18842      41.1936
   18843      41.4165
   18844      41.4652
   18845      41.4569
   18846      41.0733
   18847      41.0547
   18848      41.0406
   18849      40.9596
   18850      40.8688
   18851      40.9468
   18852      41.4047
   18853      41.1761
   18854      40.9084
   18855      41.1776
   18856      40.8494
   18857      41.2072
   18858      41.0370
   18859      41.0396
   18860      41.0823
   18861      41.5302
   18862      40.9774
   18863      41.0614
   18864      41.4760
   18865      41.5538
   18866      41.6229
   18867      41.0527
   18868      41.4442
   18869      40.7957
   18870      41.0832
   18871      40.5040
   18872      40.4852
   18873      40.8105
   18874      40.9028
   18875      41.2135
   18876      40.9648
   18877      41.0855
   18878      41.0116
   18879      40.6717
   18880      40.8914
   18881      41.1182
   18882      41.0887
   18883      40.7825
   18884      40.7752
   18885      41.0970
   18886      40.9026
   18887      40.8284
   18888      40.8711
   18889      40.7700
   18890      40.9509
   18891      40.9017
   18892      41.3684
   18893      41.3562
   18894      41.1143
   18895      41.2442
   18896      41.1870
   18897      41.1922
   18898      40.9381
   18899      40.7685
   18900      40.7001
   18901      40.7841
   18902      40.7061
   18903      40.7203
   18904      40.5133
   18905      41.0464
   18906      41.3221
   18907      41.3146
   18908      41.2226
   18909      40.4899
   18910      40.5559
   18911      40.3832
   18912      40.5955
   18913      40.5708
   18914      41.3924
   18915      40.9147
   18916      40.8975
   18917      41.0934
   18918      40.6821
   18919      40.8585
   18920      40.9870
   18921      40.1725
   18922      40.7041
   18923      41.2243
   18924      41.1153
   18925      40.7153
   18926      40.8481
   18927      40.9652
   18928      41.3100
   18929      41.2779
   18930      41.3084
   18931      41.0319
   18932      40.9854
   18933      41.6935
   18934      40.9999
   18935      41.3452
   18936      40.7412
   18937      41.1071
   18938      40.9416
   18939      41.2347
   18940      40.9688
   18941      41.2137
   18942      41.4011
   18943      40.8186
   18944      41.3526
   18945      40.8678
   18946      40.9419
   18947      40.9112
   18948      41.5597
   18949      41.2054
   18950      41.4746
   18951      41.0728
   18952      40.8471
   18953      40.9862
   18954      40.9657
   18955      40.9747
   18956      40.9873
   18957      40.8273
   18958      41.1650
   18959      41.2198
   18960      40.7549
   18961      40.6259
   18962      41.0175
   18963      41.2066
   18964      40.8878
   18965      40.9045
   18966      40.6441
   18967      41.2380
   18968      41.1799
   18969      41.0377
   18970      40.6661
   18971      41.0310
   18972      40.5712
   18973      41.0300
   18974      41.0237
   18975      41.2872
   18976      41.0938
   18977      41.3520
   18978      41.1677
   18979      41.1145
   18980      41.0906
   18981      41.0753
   18982      41.0399
   18983      41.4691
   18984      40.9634
   18985      41.1995
   18986      41.7948
   18987      41.6112
   18988      41.1487
   18989      41.4942
   18990      40.9655
   18991      41.3149
   18992      41.0915
   18993      40.8116
   18994      41.3260
   18995      41.1298
   18996      40.9143
   18997      40.4747
   18998      41.1143
   18999      41.0369
   19000      41.0101
   19001      41.4930
   19002      41.1595
   19003      41.8343
   19004      41.1605
   19005      41.1168
   19006      41.0711
   19007      40.9800
   19008      41.0051
   19009      41.0748
   19010      41.2887
   19011      41.2270
   19012      41.1560
   19013      40.7655
   19014      40.9730
   19015      40.6734
   19016      41.3507
   19017      40.7002
   19018      40.7155
   19019      40.7832
   19020      40.8799
   19021      40.8412
   19022      40.6979
   19023      41.2309
   19024      41.3047
   19025      41.4050
   19026      40.9206
   19027      41.0612
   19028      41.1135
   19029      40.8169
   19030      40.9074
   19031      40.2244
   19032      40.2111
   19033      40.5785
   19034      40.6132
   19035      40.9660
   19036      40.8912
   19037      41.3728
   19038      41.4392
   19039      40.7493
   19040      41.2488
   19041      41.2856
   19042      41.2219
   19043      41.3883
   19044      41.9022
   19045      41.0704
   19046      41.2973
   19047      41.4174
   19048      41.2645
   19049      41.4309
   19050      41.0178
   19051      40.9889
   19052      41.1435
   19053      41.2470
   19054      41.1435
   19055      40.9150
   19056      41.0797
   19057      41.2481
   19058      41.3672
   19059      41.3256
   19060      41.3075
   19061      41.5985
   19062      41.0812
   19063      41.5554
   19064      41.3649
   19065      40.7330
   19066      40.8763
   19067      40.6235
   19068      41.2392
   19069      40.9368
   19070      41.0733
   19071      40.6193
   19072      40.4475
   19073      40.8252
   19074      40.7639
   19075      41.0355
   19076      40.7484
   19077      41.0306
   19078      40.7288
   19079      40.1993
   19080      40.0762
   19081      40.5083
   19082      40.9832
   19083      40.7256
   19084      40.5607
   19085      40.7384
   19086      41.0264
   19087      41.2996
   19088      41.1434
   19089      41.1561
   19090      41.3137
   19091      41.2387
   19092      40.9578
   19093      41.0681
   19094      41.1039
   19095      41.2767
   19096      40.8332
   19097      41.1821
   19098      41.1760
   19099      41.2958
   19100      41.1375
   19101      41.2516
   19102      41.3321
   19103      40.9818
   19104      40.8729
   19105      41.1542
   19106      41.1572
   19107      41.1491
   19108      41.1751
   19109      41.2420
   19110      40.8132
   19111      40.7927
   19112      40.5148
   19113      41.0653
   19114      41.5176
   19115      41.3421
   19116      41.3612
   19117      41.3062
   19118      40.8682
   19119      40.9208
   19120      41.0223
   19121      40.8541
   19122      40.9538
   19123      40.7364
   19124      40.6494
   19125      40.7690
   19126      41.0993
   19127      40.9514
   19128      40.7457
   19129      40.8506
   19130      40.3952
   19131      40.5534
   19132      40.6023
   19133      41.0893
   19134      40.5969
   19135      40.7583
   19136      40.9915
   19137      41.3360
   19138      40.9881
   19139      40.8981
   19140      41.4145
   19141      41.0661
   19142      41.1510
   19143      41.0242
   19144      41.3976
   19145      41.6267
   19146      41.4968
   19147      40.9769
   19148      41.1885
   19149      41.3208
   19150      41.2287
   19151      41.1286
   19152      40.7707
   19153      41.0980
   19154      41.1241
   19155      40.8983
   19156      41.8198
   19157      41.3015
   19158      40.9043
   19159      41.2523
   19160      40.9574
   19161      41.2995
   19162      41.0914
   19163      41.0336
   19164      41.2473
   19165      41.2928
   19166      40.7959
   19167      41.3918
   19168      41.3232
   19169      40.9205
   19170      41.3118
   19171      41.3484
   19172      41.2895
   19173      40.8294
   19174      41.1740
   19175      40.8047
   19176      41.0626
   19177      41.0027
   19178      41.3507
   19179      41.4485
   19180      41.6689
   19181      41.2135
   19182      41.0781
   19183      41.5349
   19184      41.0600
   19185      41.0647
   19186      41.3193
   19187      41.3433
   19188      41.7313
   19189      40.9458
   19190      41.2062
   19191      40.9464
   19192      41.3628
   19193      41.1025
   19194      41.3000
   19195      40.8296
   19196      40.9168
   19197      41.5023
   19198      41.3712
   19199      41.1299
   19200      41.2535
   19201      41.2879
   19202      40.7835
   19203      41.5277
   19204      41.3637
   19205      40.8490
   19206      41.4302
   19207      41.0685
   19208      41.2466
   19209      41.3821
   19210      41.6675
   19211      41.4918
   19212      41.1199
   19213      41.2519
   19214      41.3317
   19215      41.9555
   19216      41.1676
   19217      41.2349
   19218      40.1985
   19219      40.4598
   19220      40.7192
   19221      40.7680
   19222      41.2209
   19223      41.0938
   19224      40.8725
   19225      40.8324
   19226      40.8222
   19227      40.8541
   19228      40.7971
   19229      40.4715
   19230      40.6380
   19231      40.7419
   19232      40.9779
   19233      40.9576
   19234      40.7916
   19235      40.8673
   19236      41.1232
   19237      40.8115
   19238      40.8234
   19239      41.0986
   19240      41.0583
   19241      40.6648
   19242      41.1724
   19243      40.9691
   19244      40.9690
   19245      41.1622
   19246      41.0447
   19247      40.9946
   19248      41.1306
   19249      40.7801
   19250      40.9174
   19251      41.0934
   19252      41.3566
   19253      41.0692
   19254      41.1822
   19255      41.2167
   19256      40.9527
   19257      41.1154
   19258      41.4771
   19259      41.4351
   19260      41.3475
   19261      41.1477
   19262      40.9670
   19263      40.9188
   19264      40.7996
   19265      41.1056
   19266      41.3393
   19267      41.4039
   19268      40.9795
   19269      41.1726
   19270      41.2182
   19271      41.0161
   19272      40.7954
   19273      40.6537
   19274      40.8387
   19275      40.9013
   19276      41.4984
   19277      41.2319
   19278      40.8947
   19279      41.0992
   19280      40.9845
   19281      40.8407
   19282      41.3285
   19283      41.3396
   19284      41.4462
   19285      41.2353
   19286      40.8778
   19287      40.8301
   19288      41.0732
   19289      41.5725
   19290      41.2894
   19291      41.3224
   19292      41.1803
   19293      40.9548
   19294      40.7936
   19295      40.9812
   19296      40.9086
   19297      40.7285
   19298      40.6612
   19299      40.5355
   19300      40.8465
   19301      40.6401
   19302      40.2795
   19303      40.6904
   19304      41.0252
   19305      40.6350
   19306      41.0766
   19307      40.9109
   19308      40.9834
   19309      41.1215
   19310      41.1018
   19311      41.1873
   19312      41.5424
   19313      41.1880
   19314      41.4109
   19315      40.9648
   19316      40.9619
   19317      41.0566
   19318      41.2897
   19319      40.7743
   19320      40.8704
   19321      41.0196
   19322      41.1650
   19323      41.0430
   19324      40.8955
   19325      40.3663
   19326      40.5937
   19327      40.8471
   19328      41.1013
   19329      40.9942
   19330      41.4129
   19331      41.1442
   19332      41.3284
   19333      41.1410
   19334      41.1958
   19335      41.0404
   19336      40.7391
   19337      41.1404
   19338      41.0075
   19339      40.8866
   19340      41.1188
   19341      40.9658
   19342      40.8742
   19343      40.9430
   19344      40.8740
   19345      41.1637
   19346      41.2430
   19347      41.0602
   19348      41.1447
   19349      41.2321
   19350      41.1896
   19351      40.8664
   19352      41.4554
   19353      40.9637
   19354      41.2922
   19355      40.9727
   19356      40.9965
   19357      41.3049
   19358      40.9881
   19359      40.9298
   19360      41.5126
   19361      41.0371
   19362      41.0570
   19363      40.7054
   19364      40.8532
   19365      40.7107
   19366      40.8181
   19367      40.7929
   19368      40.9442
   19369      40.8619
   19370      40.9078
   19371      40.9936
   19372      40.6432
   19373      40.7353
   19374      40.8268
   19375      41.3485
   19376      41.4092
   19377      40.9130
   19378      40.4649
   19379      41.3074
   19380      41.2022
   19381      40.9389
   19382      41.2066
   19383      41.0813
   19384      41.2858
   19385      41.2671
   19386      41.2871
   19387      41.0655
   19388      41.4558
   19389      41.3102
   19390      40.8798
   19391      41.2073
   19392      41.1242
   19393      41.1330
   19394      40.7373
   19395      41.0910
   19396      40.6411
   19397      40.6987
   19398      41.5143
   19399      41.2807
   19400      41.8086
   19401      41.6410
   19402      41.3956
   19403      41.4920
   19404      41.2494
   19405      41.3812
   19406      41.6181
   19407      41.2675
   19408      41.4606
   19409      40.8798
   19410      40.7705
   19411      41.0087
   19412      40.8811
   19413      40.8776
   19414      41.1102
   19415      41.1548
   19416      41.1546
   19417      41.1451
   19418      40.9252
   19419      41.0693
   19420      41.0762
   19421      40.7876
   19422      40.7487
   19423      41.0676
   19424      41.0980
   19425      41.1939
   19426      40.9662
   19427      40.8768
   19428      41.1123
   19429      40.8957
   19430      40.8695
   19431      40.6561
   19432      41.6914
   19433      41.3217
   19434      41.2140
   19435      41.7250
   19436      41.6129
   19437      41.1494
   19438      41.4369
   19439      41.1716
   19440      40.4471
   19441      40.9264
   19442      41.2699
   19443      41.0222
   19444      41.0433
   19445      41.0147
   19446      40.8897
   19447      41.3527
   19448      41.3320
   19449      41.1628
   19450      41.1613
   19451      41.1478
   19452      41.2900
   19453      41.5557
   19454      41.6085
   19455      41.3469
   19456      41.3086
   19457      41.5404
   19458      41.1724
   19459      41.0110
   19460      40.7345
   19461      41.3846
   19462      41.2700
   19463      41.2268
   19464      41.0893
   19465      41.1288
   19466      41.4768
   19467      41.0780
   19468      40.7538
   19469      41.3610
   19470      40.7650
   19471      40.9446
   19472      41.0239
   19473      41.2911
   19474      40.7612
   19475      41.0271
   19476      41.3518
   19477      40.9828
   19478      41.2561
   19479      41.0925
   19480      40.8821
   19481      40.9264
   19482      41.8434
   19483      41.5204
   19484      40.6810
   19485      41.2688
   19486      40.8438
   19487      41.3679
   19488      41.0012
   19489      41.7184
   19490      41.1728
   19491      41.3527
   19492      41.3164
   19493      41.3614
   19494      41.1753
   19495      41.3730
   19496      40.9789
   19497      40.8873
   19498      40.8925
   19499      40.6916
   19500      40.8879
   19501      40.5360
   19502      40.7259
   19503      40.9315
   19504      40.9574
   19505      40.6528
   19506      40.6893
   19507      40.7430
   19508      40.2831
   19509      40.6386
   19510      40.8798
   19511      40.9583
   19512      41.1220
   19513      41.1232
   19514      41.1632
   19515      41.3339
   19516      41.4040
   19517      41.3808
   19518      41.7187
   19519      41.1775
   19520      40.5273
   19521      41.2185
   19522      41.4756
   19523      41.1006
   19524      40.6290
   19525      41.1134
   19526      41.3904
   19527      41.2972
   19528      40.9652
   19529      41.7433
   19530      41.3176
   19531      41.0611
   19532      40.7006
   19533      40.9624
   19534      40.5892
   19535      41.2331
   19536      40.8714
   19537      40.8240
   19538      40.7188
   19539      41.1408
   19540      41.2318
   19541      41.5670
   19542      41.5074
   19543      41.2594
   19544      41.3926
   19545      41.3907
   19546      41.4675
   19547      41.3903
   19548      41.6014
   19549      41.7136
   19550      41.3690
   19551      41.4697
   19552      41.8745
   19553      41.2987
   19554      41.2134
   19555      41.4757
   19556      41.3080
   19557      41.8819
   19558      41.2159
   19559      41.2675
   19560      41.4467
   19561      41.0863
   19562      41.2832
   19563      41.7268
   19564      41.8114
   19565      41.2753
   19566      41.5655
   19567      41.4490
   19568      41.5865
   19569      41.5154
   19570      40.8193
   19571      40.7181
   19572      41.5983
   19573      41.2002
   19574      41.0404
   19575      41.4020
   19576      40.7739
   19577      41.3941
   19578      41.1270
   19579      41.4186
   19580      41.2103
   19581      41.1608
   19582      41.2590
   19583      41.0822
   19584      40.9376
   19585      40.9628
   19586      40.5371
   19587      40.7391
   19588      40.9911
   19589      40.7433
   19590      41.1537
   19591      40.9678
   19592      40.6448
   19593      40.9413
   19594      40.8188
   19595      41.0944
   19596      40.6691
   19597      41.0555
   19598      41.2073
   19599      41.1854
   19600      41.3082
   19601      41.3502
   19602      41.3967
   19603      41.4640
   19604      41.1410
   19605      40.9891
   19606      41.5138
   19607      41.4411
   19608      41.3312
   19609      40.8416
   19610      40.4988
   19611      40.8489
   19612      40.7612
   19613      41.1215
   19614      41.3410
   19615      41.1956
   19616      40.8924
   19617      41.4942
   19618      41.5626
   19619      41.2761
   19620      41.1832
   19621      41.4911
   19622      41.5914
   19623      41.0518
   19624      41.0824
   19625      41.4327
   19626      41.4371
   19627      40.7309
   19628      41.0020
   19629      41.3017
   19630      40.6959
   19631      41.2025
   19632      40.8954
   19633      40.7263
   19634      40.6162
   19635      40.5535
   19636      40.3596
   19637      40.0250
   19638      40.5825
   19639      40.3089
   19640      40.7691
   19641      40.9346
   19642      40.7491
   19643      40.4477
   19644      40.9705
   19645      41.2856
   19646      40.9946
   19647      40.8950
   19648      41.0065
   19649      40.7299
   19650      40.7118
   19651      40.4877
   19652      41.0284
   19653      40.9020
   19654      41.0618
   19655      40.7066
   19656      40.9938
   19657      41.0905
   19658      40.5611
   19659      40.8471
   19660      40.7018
   19661      40.6689
   19662      40.7961
   19663      40.9050
   19664      41.3055
   19665      41.1889
   19666      41.1124
   19667      41.2869
   19668      41.2419
   19669      41.4217
   19670      41.1196
   19671      41.9031
   19672      41.5039
   19673      41.3157
   19674      41.3132
   19675      41.1310
   19676      41.2875
   19677      41.6525
   19678      41.6362
   19679      41.2927
   19680      41.2893
   19681      41.7821
   19682      41.2944
   19683      41.8836
   19684      41.5418
   19685      41.0147
   19686      41.1626
   19687      41.2603
   19688      40.9250
   19689      40.6789
   19690      40.8821
   19691      40.6373
   19692      40.7861
   19693      41.1852
   19694      41.2242
   19695      41.1385
   19696      40.9090
   19697      41.3935
   19698      41.4851
   19699      42.0406
   19700      41.2071
   19701      41.6657
   19702      41.6751
   19703      41.2984
   19704      40.8846
   19705      41.9734
   19706      41.7205
   19707      41.4310
   19708      41.1663
   19709      41.0551
   19710      40.9082
   19711      40.9772
   19712      40.7870
   19713      40.0420
   19714      40.1134
   19715      40.6620
   19716      40.9692
   19717      40.3316
   19718      40.7960
   19719      41.0077
   19720      40.8484
   19721      41.1724
   19722      40.9298
   19723      40.8064
   19724      41.2452
   19725      41.4302
   19726      40.8576
   19727      40.8952
   19728      41.4627
   19729      41.0102
   19730      40.7694
   19731      40.4952
   19732      40.9587
   19733      40.8425
   19734      40.5567
   19735      40.4303
   19736      40.5049
   19737      40.9588
   19738      40.7192
   19739      41.7113
   19740      41.2275
   19741      41.2593
   19742      40.7389
   19743      40.6019
   19744      40.9956
   19745      41.1454
   19746      41.4585
   19747      41.2914
   19748      41.0856
   19749      41.0155
   19750      40.7932
   19751      41.2111
   19752      41.0244
   19753      41.0196
   19754      40.9530
   19755      40.9482
   19756      40.5427
   19757      41.1550
   19758      41.0089
   19759      40.9757
   19760      40.5775
   19761      40.9374
   19762      40.5969
   19763      41.0926
   19764      40.9183
   19765      40.9072
   19766      41.0598
   19767      40.9322
   19768      40.6039
   19769      40.8438
   19770      41.0439
   19771      40.5934
   19772      40.6302
   19773      40.5952
   19774      40.7689
   19775      40.6115
   19776      40.8345
   19777      40.1990
   19778      40.3177
   19779      40.4546
   19780      40.7180
   19781      40.6501
   19782      40.4725
   19783      40.6096
   19784      40.6965
   19785      40.8044
   19786      41.1996
   19787      40.9173
   19788      40.5796
   19789      40.1817
   19790      40.7127
   19791      40.8806
   19792      40.3532
   19793      39.8880
   19794      40.4680
   19795      40.2088
   19796      40.9350
   19797      40.6939
   19798      40.4503
   19799      40.8943
   19800      40.5679
   19801      40.8603
   19802      40.9588
   19803      41.2107
   19804      41.1665
   19805      40.9301
   19806      41.8017
   19807      41.2459
   19808      41.1644
   19809      41.0453
   19810      40.9070
   19811      40.7199
   19812      40.7329
   19813      40.8472
   19814      40.5544
   19815      40.5084
   19816      40.3331
   19817      40.6045
   19818      40.5499
   19819      41.0791
   19820      41.1759
   19821      41.0889
   19822      41.2867
   19823      40.9607
   19824      41.0334
   19825      40.9452
   19826      40.8837
   19827      40.9381
   19828      40.9245
   19829      41.1593
   19830      41.2669
   19831      40.9694
   19832      40.8180
   19833      41.6876
   19834      41.2726
   19835      41.5967
   19836      41.0016
   19837      40.9325
   19838      41.1024
   19839      41.4901
   19840      41.1175
   19841      41.2373
   19842      41.1154
   19843      41.5350
   19844      41.5212
   19845      40.9435
   19846      41.3738
   19847      41.7473
   19848      41.0633
   19849      40.6734
   19850      41.0869
   19851      41.0602
   19852      41.1036
   19853      41.0695
   19854      41.4236
   19855      41.5952
   19856      41.7430
   19857      40.7281
   19858      41.4716
   19859      41.1886
   19860      41.5440
   19861      41.2447
   19862      41.3176
   19863      41.4002
   19864      41.2320
   19865      41.3141
   19866      41.6267
   19867      41.5016
   19868      41.1680
   19869      41.0215
   19870      40.7652
   19871      40.8810
   19872      41.0089
   19873      41.0273
   19874      41.0283
   19875      41.1213
   19876      40.9854
   19877      41.2997
   19878      40.7547
   19879      41.1459
   19880      41.3408
   19881      41.4865
   19882      40.8599
   19883      40.9933
   19884      40.4166
   19885      41.2569
   19886      41.5234
   19887      41.3499
   19888      41.2667
   19889      40.9227
   19890      40.5940
   19891      40.7677
   19892      41.1275
   19893      40.8609
   19894      41.1051
   19895      41.1886
   19896      41.1194
   19897      41.5164
   19898      41.1736
   19899      41.3101
   19900      41.2031
   19901      41.2519
   19902      41.2682
   19903      40.9758
   19904      41.2072
   19905      41.0971
   19906      40.9551
   19907      40.7979
   19908      40.9525
   19909      41.0448
   19910      40.9525
   19911      41.0663
   19912      40.9918
   19913      41.0584
   19914      40.6251
   19915      41.1316
   19916      41.0258
   19917      41.2826
   19918      41.2143
   19919      41.1066
   19920      41.3348
   19921      41.2359
   19922      41.3630
   19923      41.3261
   19924      41.1214
   19925      40.6949
   19926      40.4313
   19927      40.5484
   19928      41.1472
   19929      41.6849
   19930      41.4053
   19931      41.6512
   19932      40.7830
   19933      40.9375
   19934      40.9593
   19935      41.2257
   19936      41.2038
   19937      40.8248
   19938      40.9232
   19939      40.6542
   19940      40.8925
   19941      40.9845
   19942      40.8160
   19943      40.7417
   19944      41.3560
   19945      40.6416
   19946      41.0363
   19947      41.1734
   19948      40.8345
   19949      41.0852
   19950      41.1034
   19951      41.1617
   19952      40.8762
   19953      40.8331
   19954      40.3168
   19955      40.3362
   19956      40.9278
   19957      40.7568
   19958      40.9971
   19959      40.8100
   19960      40.8502
   19961      41.1126
   19962      40.8031
   19963      40.8785
   19964      41.3683
   19965      40.6520
   19966      40.7359
   19967      41.0038
   19968      41.1834
   19969      41.0005
   19970      40.8771
   19971      41.3002
   19972      41.4760
   19973      41.2617
   19974      41.4067
   19975      41.2839
   19976      41.1890
   19977      40.7348
   19978      41.1615
   19979      40.8795
   19980      41.0032
   19981      40.8061
   19982      40.8166
   19983      40.8443
   19984      40.9952
   19985      40.9505
   19986      40.9064
   19987      41.2364
   19988      41.2508
   19989      41.2187
   19990      40.9723
   19991      41.0380
   19992      40.9102
   19993      40.9161
   19994      41.0263
   19995      41.2126
   19996      40.9935
   19997      41.2128
   19998      41.8526
   19999      41.2433
   20000      41.1721
   20001      40.9265
   20002      40.8698
   20003      40.9964
   20004      40.7355
   20005      40.7343
   20006      40.7541
   20007      40.7370
   20008      40.7441
   20009      40.9554
   20010      41.4270
   20011      41.0533
   20012      40.9220
   20013      40.7609
   20014      40.8612
   20015      40.5629
   20016      41.3295
   20017      41.1831
   20018      41.2452
   20019      41.1576
   20020      41.1974
   20021      41.4992
   20022      41.0224
   20023      41.0964
   20024      41.0464
   20025      40.9251
   20026      41.2295
   20027      40.8839
   20028      41.2663
   20029      40.9637
   20030      41.0443
   20031      40.6150
   20032      40.3770
   20033      40.9234
   20034      41.1385
   20035      41.0538
   20036      41.2049
   20037      41.4526
   20038      41.5368
   20039      40.9216
   20040      41.0999
   20041      40.9006
   20042      40.6632
   20043      41.1852
   20044      41.0511
   20045      41.1396
   20046      40.9547
   20047      41.1545
   20048      41.3586
   20049      41.0632
   20050      41.2040
   20051      41.1961
   20052      40.7759
   20053      41.3086
   20054      40.9856
   20055      41.2324
   20056      41.2850
   20057      41.4173
   20058      41.2119
   20059      40.9661
   20060      40.7236
   20061      41.0411
   20062      41.4351
   20063      41.1396
   20064      41.2364
   20065      40.5032
   20066      41.0495
   20067      41.2352
   20068      40.8487
   20069      41.0803
   20070      41.3255
   20071      41.6389
   20072      40.9149
   20073      40.9542
   20074      40.9864
   20075      40.9128
   20076      40.8846
   20077      40.4151
   20078      41.1107
   20079      41.1192
   20080      41.5492
   20081      41.3081
   20082      41.2248
   20083      41.4299
   20084      41.1599
   20085      41.3455
   20086      41.3817
   20087      41.1706
   20088      40.5568
   20089      41.6181
   20090      41.4174
   20091      40.9050
   20092      40.9552
   20093      41.1227
   20094      40.7339
   20095      40.9004
   20096      40.8466
   20097      40.6763
   20098      40.3879
   20099      40.9033
   20100      41.1558
   20101      40.9477
   20102      41.2684
   20103      41.8372
   20104      41.3853
   20105      40.6331
   20106      40.7896
   20107      41.1619
   20108      40.8887
   20109      40.7179
   20110      40.9746
   20111      41.0649
   20112      40.8978
   20113      40.5381
   20114      40.8513
   20115      41.4599
   20116      41.0691
   20117      40.8158
   20118      40.8609
   20119      40.7449
   20120      41.0223
   20121      41.2128
   20122      41.2362
   20123      41.3709
   20124      40.8737
   20125      40.9509
   20126      40.5912
   20127      41.3735
   20128      41.0100
   20129      40.6681
   20130      40.7089
   20131      40.9758
   20132      40.9657
   20133      40.5790
   20134      40.8718
   20135      41.0922
   20136      40.6900
   20137      40.5800
   20138      40.4033
   20139      40.6740
   20140      40.5693
   20141      40.6349
   20142      40.8127
   20143      40.9173
   20144      41.0439
   20145      40.7204
   20146      41.1368
   20147      40.7648
   20148      40.5924
   20149      40.9315
   20150      40.4100
   20151      40.6737
   20152      40.5075
   20153      40.6464
   20154      40.6046
   20155      40.7962
   20156      41.4215
   20157      40.9475
   20158      40.9918
   20159      40.7724
   20160      40.8338
   20161      40.2745
   20162      40.5820
   20163      40.6458
   20164      40.7429
   20165      40.5680
   20166      40.6440
   20167      41.2129
   20168      40.9626
   20169      40.8106
   20170      40.9189
   20171      41.2452
   20172      41.2721
   20173      40.8851
   20174      40.7129
   20175      40.4267
   20176      40.5284
   20177      40.8660
   20178      41.0354
   20179      40.6044
   20180      41.0146
   20181      40.8527
   20182      40.8684
   20183      40.9180
   20184      40.7270
   20185      41.1855
   20186      41.0594
   20187      41.1084
   20188      41.0608
   20189      41.0539
   20190      41.6070
   20191      41.2386
   20192      41.2013
   20193      41.0735
   20194      40.7476
   20195      41.1435
   20196      40.9327
   20197      40.6883
   20198      41.0945
   20199      40.8316
   20200      41.0381
   20201      40.8579
   20202      40.7799
   20203      41.0745
   20204      40.8721
   20205      40.8813
   20206      40.8413
   20207      40.9625
   20208      40.8495
   20209      40.6496
   20210      40.7284
   20211      41.2012
   20212      41.3514
   20213      41.0321
   20214      40.7354
   20215      41.1019
   20216      40.6256
   20217      41.4834
   20218      41.6315
   20219      41.0832
   20220      40.8169
   20221      41.2600
   20222      40.8271
   20223      40.7349
   20224      40.8848
   20225      40.8283
   20226      41.2227
   20227      41.3129
   20228      41.1978
   20229      41.1174
   20230      41.0255
   20231      40.8756
   20232      40.6370
   20233      40.6965
   20234      41.0859
   20235      41.0660
   20236      40.9205
   20237      41.0928
   20238      41.4597
   20239      41.2476
   20240      40.9981
   20241      40.8077
   20242      41.1389
   20243      40.9459
   20244      40.9422
   20245      41.0662
   20246      40.6435
   20247      41.0793
   20248      41.2370
   20249      41.4091
   20250      41.4885
   20251      41.4461
   20252      41.2681
   20253      41.5795
   20254      41.0154
   20255      41.4301
   20256      41.6774
   20257      40.9850
   20258      41.1470
   20259      41.2231
   20260      41.2526
   20261      40.7670
   20262      41.3631
   20263      41.4587
   20264      41.7328
   20265      40.9016
   20266      41.2404
   20267      41.0700
   20268      41.2494
   20269      41.1444
   20270      41.4495
   20271      41.0148
   20272      41.3736
   20273      41.3544
   20274      40.9643
   20275      40.6601
   20276      41.3679
   20277      41.3221
   20278      41.4114
   20279      40.7691
   20280      40.7861
   20281      41.0211
   20282      40.9416
   20283      40.7534
   20284      40.8998
   20285      40.4981
   20286      40.9053
   20287      40.7014
   20288      40.7236
   20289      41.0905
   20290      40.9756
   20291      41.1714
   20292      40.8243
   20293      41.3224
   20294      40.8284
   20295      41.0055
   20296      41.8589
   20297      41.2063
   20298      41.0340
   20299      41.3049
   20300      41.1335
   20301      40.9139
   20302      40.7490
   20303      41.0130
   20304      40.9959
   20305      41.1798
   20306      40.9856
   20307      41.1947
   20308      41.0111
   20309      41.4166
   20310      41.2286
   20311      41.1589
   20312      40.8563
   20313      41.2333
   20314      40.9876
   20315      41.1935
   20316      41.3611
   20317      41.5340
   20318      41.0461
   20319      41.3547
   20320      41.0868
   20321      40.9253
   20322      41.2009
   20323      41.4995
   20324      41.1313
   20325      41.3540
   20326      41.1094
   20327      41.8033
   20328      41.2277
   20329      41.3938
   20330      41.0795
   20331      41.4001
   20332      41.5097
   20333      40.9636
   20334      41.0492
   20335      41.5101
   20336      40.9619
   20337      41.4476
   20338      40.9985
   20339      41.5026
   20340      41.0418
   20341      40.9555
   20342      41.0665
   20343      40.9039
   20344      41.1500
   20345      40.9713
   20346      41.1934
   20347      40.8669
   20348      41.1309
   20349      41.1832
   20350      41.2472
   20351      40.9485
   20352      40.9250
   20353      40.4975
   20354      40.7055
   20355      41.1038
   20356      41.2343
   20357      40.9050
   20358      40.7932
   20359      41.2463
   20360      40.7256
   20361      40.6391
   20362      41.1065
   20363      41.0645
   20364      40.8991
   20365      40.5615
   20366      40.7906
   20367      40.7971
   20368      40.6582
   20369      40.8503
   20370      40.5433
   20371      41.0070
   20372      41.5745
   20373      40.8454
   20374      41.0956
   20375      40.9165
   20376      40.7902
   20377      40.9860
   20378      40.7473
   20379      41.1678
   20380      41.3270
   20381      41.1096
   20382      41.4556
   20383      41.2052
   20384      40.9386
   20385      41.2042
   20386      41.4594
   20387      41.5820
   20388      41.5535
   20389      41.6170
   20390      41.3865
   20391      40.9652
   20392      41.5270
   20393      41.4689
   20394      41.2784
   20395      40.9727
   20396      41.1306
   20397      41.5565
   20398      41.5861
   20399      41.6165
   20400      41.4898
   20401      41.0944
   20402      41.6662
   20403      41.5805
   20404      41.4895
   20405      41.8734
   20406      41.4930
   20407      41.0734
   20408      41.0852
   20409      41.2312
   20410      41.1692
   20411      41.3595
   20412      41.0008
   20413      40.5971
   20414      40.9557
   20415      41.4404
   20416      41.2882
   20417      41.3438
   20418      41.1186
   20419      41.4474
   20420      41.4616
   20421      41.2554
   20422      41.1497
   20423      40.9571
   20424      41.6620
   20425      40.9728
   20426      41.0012
   20427      41.5285
   20428      41.1812
   20429      41.1992
   20430      41.1448
   20431      40.9859
   20432      41.1534
   20433      40.9102
   20434      40.9689
   20435      41.0073
   20436      40.8224
   20437      41.2050
   20438      41.2078
   20439      40.8798
   20440      40.8499
   20441      41.5129
   20442      41.2034
   20443      41.0325
   20444      41.1654
   20445      41.0658
   20446      41.1397
   20447      41.2431
   20448      41.2809
   20449      41.0085
   20450      41.0473
   20451      40.5994
   20452      41.3376
   20453      41.4995
   20454      41.5076
   20455      41.0458
   20456      40.8416
   20457      40.8960
   20458      40.8102
   20459      41.2790
   20460      40.7180
   20461      40.8986
   20462      41.1238
   20463      41.3779
   20464      41.2750
   20465      40.5091
   20466      40.9175
   20467      41.1202
   20468      41.0042
   20469      41.2775
   20470      40.9396
   20471      40.9026
   20472      41.4101
   20473      41.3722
   20474      40.7545
   20475      40.3405
   20476      41.0266
   20477      40.7008
   20478      40.4423
   20479      40.6566
   20480      41.0051
   20481      40.6842
   20482      40.8596
   20483      40.7858
   20484      41.2093
   20485      40.6592
   20486      40.8822
   20487      40.7790
   20488      40.8631
   20489      40.8108
   20490      40.9773
   20491      41.4195
   20492      41.2966
   20493      40.6347
   20494      41.0333
   20495      41.1530
   20496      41.4610
   20497      41.2801
   20498      41.2345
   20499      41.2127
   20500      40.6796
   20501      41.1699
   20502      40.8521
   20503      40.8038
   20504      40.5958
   20505      40.8335
   20506      40.9280
   20507      41.2452
   20508      40.8276
   20509      41.0390
   20510      41.5143
   20511      41.3116
   20512      41.1569
   20513      41.5820
   20514      41.1778
   20515      41.6265
   20516      41.1668
   20517      40.8777
   20518      40.5127
   20519      40.7543
   20520      40.3339
   20521      40.8930
   20522      40.8249
   20523      41.2620
   20524      41.2211
   20525      41.3008
   20526      41.2261
   20527      41.3779
   20528      41.2596
   20529      41.0882
   20530      41.3981
   20531      41.4932
   20532      41.4071
   20533      41.3495
   20534      41.0196
   20535      41.3218
   20536      41.4280
   20537      41.4704
   20538      41.1222
   20539      40.3960
   20540      40.8933
   20541      41.4270
   20542      40.6297
   20543      40.6568
   20544      41.0229
   20545      40.6850
   20546      40.7885
   20547      41.3989
   20548      40.8600
   20549      41.1161
   20550      40.9749
   20551      40.4128
   20552      41.0994
   20553      40.8841
   20554      40.7606
   20555      41.1718
   20556      40.8657
   20557      40.9233
   20558      40.9252
   20559      41.2542
   20560      41.1023
   20561      41.0605
   20562      41.2556
   20563      41.1096
   20564      41.0873
   20565      41.0994
   20566      41.0363
   20567      40.6900
   20568      40.5589
   20569      41.0262
   20570      41.1896
   20571      41.3423
   20572      40.9191
   20573      40.9329
   20574      40.9306
   20575      40.6483
   20576      40.6617
   20577      40.6928
   20578      40.7762
   20579      41.0949
   20580      40.9788
   20581      40.9732
   20582      41.3652
   20583      41.1774
   20584      41.0375
   20585      40.7427
   20586      41.0105
   20587      40.9139
   20588      40.8034
   20589      40.8451
   20590      40.8294
   20591      40.8496
   20592      41.2636
   20593      41.5294
   20594      41.3077
   20595      41.2824
   20596      41.3013
   20597      41.2014
   20598      41.0970
   20599      41.0611
   20600      41.0625
   20601      41.0342
   20602      41.0846
   20603      40.9955
   20604      40.9960
   20605      40.9749
   20606      40.9636
   20607      41.0094
   20608      41.2672
   20609      41.3769
   20610      41.4586
   20611      40.9091
   20612      40.9924
   20613      41.4928
   20614      40.9664
   20615      40.7629
   20616      40.6878
   20617      40.9493
   20618      40.8959
   20619      40.6957
   20620      40.6414
   20621      41.0153
   20622      40.7509
   20623      40.7498
   20624      40.8072
   20625      40.6575
   20626      40.9694
   20627      40.9987
   20628      40.7044
   20629      41.4881
   20630      40.7796
   20631      41.1172
   20632      41.4691
   20633      41.4280
   20634      40.9620
   20635      40.7818
   20636      41.1936
   20637      41.2296
   20638      40.7205
   20639      41.2579
   20640      41.5229
   20641      41.3835
   20642      41.0393
   20643      41.0252
   20644      40.9215
   20645      40.8723
   20646      40.8083
   20647      41.2837
   20648      41.0568
   20649      41.0592
   20650      41.1736
   20651      41.0454
   20652      41.2070
   20653      41.2283
   20654      41.0350
   20655      41.3477
   20656      40.6788
   20657      40.9701
   20658      41.0177
   20659      41.1187
   20660      41.2307
   20661      41.1385
   20662      41.2424
   20663      41.2496
   20664      40.8443
   20665      40.6187
   20666      40.7563
   20667      41.0615
   20668      40.9029
   20669      40.8832
   20670      40.5901
   20671      41.0089
   20672      41.1828
   20673      41.2640
   20674      40.9135
   20675      40.7999
   20676      40.6233
   20677      40.9928
   20678      40.7206
   20679      40.8827
   20680      41.1363
   20681      40.8442
   20682      40.8815
   20683      40.6910
   20684      41.1620
   20685      40.7695
   20686      40.7338
   20687      40.7900
   20688      40.6937
   20689      40.8163
   20690      41.3508
   20691      40.9394
   20692      41.0343
   20693      41.3655
   20694      41.4382
   20695      41.2279
   20696      40.8189
   20697      41.2832
   20698      40.5627
   20699      40.8475
   20700      41.1092
   20701      41.0167
   20702      40.9841
   20703      41.0046
   20704      41.5044
   20705      41.3075
   20706      41.6345
   20707      41.2413
   20708      40.9876
   20709      41.0400
   20710      40.7959
   20711      41.0077
   20712      40.7293
   20713      41.2654
   20714      40.6537
   20715      41.0042
   20716      40.9613
   20717      40.8585
   20718      40.7006
   20719      40.6911
   20720      41.4288
   20721      40.9738
   20722      41.1435
   20723      40.9132
   20724      40.8959
   20725      41.0416
   20726      40.8070
   20727      40.9105
   20728      41.4123
   20729      40.9331
   20730      40.6462
   20731      41.3974
   20732      40.6911
   20733      40.8566
   20734      41.1986
   20735      41.1068
   20736      41.0129
   20737      41.1156
   20738      40.6634
   20739      40.6932
   20740      40.5499
   20741      40.5736
   20742      40.7224
   20743      40.6323
   20744      40.7790
   20745      41.3505
   20746      40.4360
   20747      40.6712
   20748      40.8765
   20749      40.6311
   20750      41.0143
   20751      41.3729
   20752      41.0311
   20753      41.3492
   20754      40.9619
   20755      40.8164
   20756      41.3729
   20757      40.8815
   20758      40.9190
   20759      41.4268
   20760      41.5129
   20761      41.5539
   20762      41.0678
   20763      41.2940
   20764      40.8338
   20765      40.8648
   20766      40.7084
   20767      40.6317
   20768      40.7161
   20769      41.1857
   20770      41.2201
   20771      41.0626
   20772      41.8290
   20773      40.7901
   20774      41.4338
   20775      41.2657
   20776      41.2879
   20777      41.1593
   20778      41.7988
   20779      41.1264
   20780      40.6887
   20781      41.0462
   20782      40.8988
   20783      40.5874
   20784      40.7867
   20785      41.2386
   20786      40.8763
   20787      41.1767
   20788      41.2683
   20789      41.3237
   20790      41.1363
   20791      40.8469
   20792      41.1917
   20793      40.6394
   20794      41.0342
   20795      40.9282
   20796      41.1797
   20797      41.3913
   20798      40.9478
   20799      40.8026
   20800      40.8897
   20801      40.8085
   20802      40.9751
   20803      40.9888
   20804      41.0297
   20805      41.2762
   20806      41.0115
   20807      41.2580
   20808      40.6975
   20809      41.2711
   20810      40.7352
   20811      41.3039
   20812      40.8414
   20813      40.6577
   20814      40.5521
   20815      40.3405
   20816      40.3472
   20817      40.4578
   20818      40.5362
   20819      40.2638
   20820      40.3747
   20821      40.6032
   20822      40.4920
   20823      40.4723
   20824      40.6926
   20825      40.5463
   20826      40.4039
   20827      40.6290
   20828      40.4216
   20829      40.2971
   20830      40.8059
   20831      40.7376
   20832      41.2817
   20833      40.6856
   20834      41.1567
   20835      40.9408
   20836      41.1118
   20837      41.2791
   20838      40.9377
   20839      40.7281
   20840      40.4945
   20841      40.8221
   20842      40.6389
   20843      41.3771
   20844      40.7309
   20845      41.2552
   20846      41.5033
   20847      41.6278
   20848      41.2544
   20849      41.2100
   20850      40.7009
   20851      41.0292
   20852      41.0900
   20853      41.2537
   20854      40.9759
   20855      41.4068
   20856      40.6831
   20857      40.9747
   20858      40.6765
   20859      40.8052
   20860      40.9655
   20861      40.9226
   20862      41.1737
   20863      40.9411
   20864      41.4276
   20865      41.2360
   20866      40.6882
   20867      40.6489
   20868      40.6999
   20869      40.2776
   20870      40.6760
   20871      41.2056
   20872      41.1701
   20873      41.1907
   20874      40.9988
   20875      41.3696
   20876      41.7240
   20877      41.0060
   20878      41.0597
   20879      41.0490
   20880      41.3863
   20881      40.6408
   20882      40.5416
   20883      40.7118
   20884      40.6047
   20885      39.8109
   20886      40.3575
   20887      40.6960
   20888      40.9686
   20889      41.1903
   20890      41.3562
   20891      41.6424
   20892      41.4014
   20893      41.2916
   20894      41.8649
   20895      40.6099
   20896      40.8272
   20897      40.9605
   20898      40.5512
   20899      40.6794
   20900      40.8876
   20901      40.7124
   20902      40.5320
   20903      41.0334
   20904      40.8374
   20905      40.9877
   20906      40.7426
   20907      41.3469
   20908      41.1855
   20909      41.2066
   20910      41.1124
   20911      41.1311
   20912      41.2649
   20913      41.4535
   20914      41.3295
   20915      40.9248
   20916      40.9272
   20917      41.0119
   20918      41.5299
   20919      41.2267
   20920      41.0575
   20921      41.3671
   20922      41.4444
   20923      41.6710
   20924      41.6416
   20925      41.0703
   20926      41.0190
   20927      41.0082
   20928      41.6226
   20929      41.7655
   20930      41.3824
   20931      41.5392
   20932      41.1110
   20933      41.2830
   20934      41.1122
   20935      41.7861
   20936      41.1556
   20937      41.1770
   20938      40.6658
   20939      40.6897
   20940      40.8815
   20941      40.9593
   20942      41.2818
   20943      41.4218
   20944      41.1966
   20945      40.9158
   20946      41.4128
   20947      41.4854
   20948      41.1727
   20949      41.1407
   20950      41.1029
   20951      41.1928
   20952      41.0390
   20953      41.3773
   20954      41.0172
   20955      41.0884
   20956      40.7808
   20957      41.7001
   20958      41.0979
   20959      40.8940
   20960      40.9401
   20961      41.2629
   20962      41.5090
   20963      40.7864
   20964      41.2180
   20965      41.5389
   20966      41.2583
   20967      41.6833
   20968      41.1788
   20969      40.9241
   20970      40.9310
   20971      41.1133
   20972      41.1864
   20973      40.9055
   20974      40.8728
   20975      40.8387
   20976      40.9438
   20977      41.2394
   20978      41.2286
   20979      40.4503
   20980      41.0841
   20981      40.8234
   20982      41.1368
   20983      41.0012
   20984      41.3427
   20985      41.3627
   20986      40.9480
   20987      41.3157
   20988      41.5399
   20989      41.7296
   20990      41.5793
   20991      41.4595
   20992      41.4073
   20993      41.5118
   20994      41.0502
   20995      41.3335
   20996      40.8648
   20997      41.0992
   20998      40.9255
   20999      41.2018
   21000      41.4279
   21001      41.2878
   21002      40.7800
   21003      40.4869
   21004      40.5624
   21005      40.7305
   21006      41.2770
   21007      41.5907
   21008      41.2754
   21009      41.1943
   21010      41.0524
   21011      40.9962
   21012      40.3944
   21013      40.5919
   21014      40.8946
   21015      40.7580
   21016      41.1146
   21017      41.4122
   21018      41.1350
   21019      40.9663
   21020      40.7266
   21021      40.7733
   21022      41.1355
   21023      40.9086
   21024      41.1008
   21025      40.8026
   21026      40.8690
   21027      40.9443
   21028      41.1679
   21029      41.4433
   21030      41.3969
   21031      41.2601
   21032      40.6843
   21033      40.5689
   21034      41.4053
   21035      41.2917
   21036      41.2637
   21037      41.4650
   21038      41.2086
   21039      41.1064
   21040      41.1529
   21041      41.0655
   21042      41.1993
   21043      41.2738
   21044      41.1200
   21045      41.2663
   21046      40.5799
   21047      41.4212
   21048      41.0494
   21049      41.0266
   21050      41.1620
   21051      40.7804
   21052      40.8146
   21053      40.8972
   21054      41.1787
   21055      41.2017
   21056      40.9485
   21057      41.2295
   21058      41.4948
   21059      41.5875
   21060      41.3659
   21061      41.2037
   21062      41.2648
   21063      41.0637
   21064      41.1351
   21065      41.1616
   21066      40.9296
   21067      41.4590
   21068      41.0247
   21069      41.0792
   21070      40.7796
   21071      41.3049
   21072      41.3011
   21073      41.3865
   21074      41.3595
   21075      41.1956
   21076      41.1159
   21077      41.3412
   21078      41.0564
   21079      41.0266
   21080      41.5031
   21081      41.0329
   21082      41.3606
   21083      41.1254
   21084      41.5407
   21085      41.5366
   21086      41.4326
   21087      41.3240
   21088      41.3359
   21089      41.3757
   21090      41.4438
   21091      41.7171
   21092      41.4827
   21093      41.6416
   21094      41.4832
   21095      41.9307
   21096      41.6236
   21097      41.7579
   21098      41.5049
   21099      41.3512
   21100      41.4509
   21101      41.2726
   21102      40.9871
   21103      41.5000
   21104      41.1292
   21105      41.2029
   21106      41.0240
   21107      41.5773
   21108      41.6329
   21109      41.8053
   21110      41.7967
   21111      41.3367
   21112      40.8903
   21113      40.8536
   21114      41.1138
   21115      41.0690
   21116      41.2436
   21117      41.5249
   21118      41.5148
   21119      41.6537
   21120      40.8897
   21121      41.5384
   21122      41.3820
   21123      41.4799
   21124      42.0988
   21125      41.5602
   21126      41.4988
   21127      41.6436
   21128      41.7178
   21129      41.5063
   21130      41.6087
   21131      41.4498
   21132      41.2391
   21133      41.5906
   21134      41.9623
   21135      41.5908
   21136      41.1834
   21137      41.1136
   21138      41.2806
   21139      41.1442
   21140      41.6069
   21141      41.3027
   21142      42.2249
   21143      41.9659
   21144      42.0098
   21145      41.7448
   21146      41.8292
   21147      41.8844
   21148      41.6481
   21149      41.3525
   21150      40.9819
   21151      41.5584
   21152      40.9959
   21153      41.6964
   21154      41.5724
   21155      41.3720
   21156      41.8238
   21157      41.1733
   21158      42.1099
   21159      41.4664
   21160      42.2679
   21161      41.6709
   21162      41.4844
   21163      41.6088
   21164      41.2405
   21165      41.1309
   21166      41.4587
   21167      41.3502
   21168      41.4328
   21169      41.8670
   21170      42.1969
   21171      41.5601
   21172      41.5604
   21173      41.6646
   21174      41.5190
   21175      41.3397
   21176      41.0663
   21177      41.5209
   21178      41.5293
   21179      41.4237
   21180      41.6390
   21181      41.7248
   21182      41.6289
   21183      41.4588
   21184      41.2658
   21185      41.0997
   21186      41.2325
   21187      41.1245
   21188      41.7547
   21189      41.6827
   21190      41.4059
   21191      41.4916
   21192      41.7374
   21193      41.4010
   21194      41.7204
   21195      41.7558
   21196      41.8751
   21197      41.9578
   21198      41.8908
   21199      41.8889
   21200      41.5504
   21201      41.7499
   21202      41.6042
   21203      41.7444
   21204      41.5446
   21205      41.7684
   21206      41.6646
   21207      41.6271
   21208      42.2435
   21209      42.0566
   21210      42.1260
   21211      41.5930
   21212      41.1496
   21213      41.6498
   21214      41.8747
   21215      41.7779
   21216      41.6319
   21217      41.4231
   21218      41.4719
   21219      41.3276
   21220      41.4453
   21221      41.4792
   21222      41.3971
   21223      41.6669
   21224      41.4264
   21225      41.0755
   21226      41.4683
   21227      41.4288
   21228      41.5146
   21229      41.3417
   21230      41.9507
   21231      41.6238
   21232      41.7696
   21233      41.9593
   21234      41.5573
   21235      42.0285
   21236      42.0527
   21237      42.1156
   21238      41.7915
   21239      41.9246
   21240      41.5765
   21241      41.3754
   21242      41.7646
   21243      41.2416
   21244      41.6521
   21245      41.3785
   21246      41.4917
   21247      41.6335
   21248      41.1682
   21249      41.5852
   21250      41.4975
   21251      41.3380
   21252      41.0747
   21253      41.1845
   21254      41.6715
   21255      41.5315
   21256      41.9073
   21257      41.6758
   21258      41.4406
   21259      41.9290
   21260      41.6391
   21261      41.8674
   21262      41.1390
   21263      41.3052
   21264      41.5559
   21265      41.3625
   21266      41.2307
   21267      41.2885
   21268      41.3344
   21269      41.5454
   21270      41.5364
   21271      41.3624
   21272      41.0363
   21273      41.3153
   21274      40.8785
   21275      40.8309
   21276      40.4477
   21277      40.7403
   21278      40.0763
   21279      39.9752
   21280      40.4656
   21281      40.7538
   21282      40.3008
   21283      40.6571
   21284      40.7482
   21285      40.9972
   21286      41.1795
   21287      41.0416
   21288      40.9530
   21289      40.7323
   21290      41.1332
   21291      41.0237
   21292      40.9834
   21293      41.5698
   21294      41.0695
   21295      41.3345
   21296      41.3710
   21297      41.0432
   21298      41.3123
   21299      40.8949
   21300      41.1894
   21301      41.0734
   21302      41.2164
   21303      41.6223
   21304      40.7639
   21305      41.7442
   21306      41.1002
   21307      40.9880
   21308      41.3291
   21309      40.9049
   21310      40.6520
   21311      40.9275
   21312      41.3918
   21313      40.9251
   21314      41.4675
   21315      40.8864
   21316      41.2382
   21317      41.3471
   21318      40.9098
   21319      41.3845
   21320      41.2391
   21321      41.1930
   21322      41.4370
   21323      41.3671
   21324      41.4569
   21325      41.0477
   21326      41.2930
   21327      41.0285
   21328      41.1419
   21329      41.1037
   21330      41.0481
   21331      41.4810
   21332      41.3938
   21333      41.5210
   21334      41.3960
   21335      40.9320
   21336      40.9688
   21337      40.8401
   21338      41.2175
   21339      41.4193
   21340      40.8252
   21341      40.9134
   21342      40.9172
   21343      41.0043
   21344      40.7357
   21345      41.3274
   21346      41.5620
   21347      41.4083
   21348      41.4191
   21349      41.7004
   21350      41.4989
   21351      41.8527
   21352      41.9405
   21353      41.8571
   21354      41.5912
   21355      41.2352
   21356      41.4630
   21357      41.2185
   21358      41.5957
   21359      41.2994
   21360      41.6187
   21361      41.5346
   21362      41.6179
   21363      41.2550
   21364      41.6438
   21365      41.5110
   21366      41.5475
   21367      41.7390
   21368      41.6760
   21369      41.7540
   21370      41.6594
   21371      41.4611
   21372      41.6323
   21373      42.4054
   21374      42.3393
   21375      41.7610
   21376      41.9695
   21377      41.9354
   21378      41.4897
   21379      41.1579
   21380      42.0085
   21381      41.7388
   21382      41.7803
   21383      41.8877
   21384      41.7315
   21385      41.4426
   21386      41.7933
   21387      41.6348
   21388      41.2828
   21389      41.7652
   21390      41.5994
   21391      41.3228
   21392      41.2167
   21393      41.4952
   21394      41.4327
   21395      41.6084
   21396      41.4998
   21397      41.4682
   21398      41.1226
   21399      41.4495
   21400      41.1909
   21401      41.0874
   21402      41.5155
   21403      41.3012
   21404      41.4284
   21405      41.0778
   21406      40.9859
   21407      41.4006
   21408      41.1636
   21409      41.0275
   21410      41.2682
   21411      41.1446
   21412      41.5585
   21413      41.3659
   21414      41.2771
   21415      41.2220
   21416      41.2224
   21417      41.6158
   21418      41.5215
   21419      41.6479
   21420      41.6709
   21421      41.4950
   21422      41.8086
   21423      41.7451
   21424      41.3808
   21425      42.1997
   21426      41.5954
   21427      41.4887
   21428      41.7056
   21429      42.1154
   21430      41.6022
   21431      41.9243
   21432      41.5682
   21433      41.3189
   21434      41.5873
   21435      41.6438
   21436      42.1338
   21437      41.9448
   21438      42.0645
   21439      41.8561
   21440      41.8500
   21441      41.7269
   21442      41.8645
   21443      41.8165
   21444      41.7343
   21445      41.2853
   21446      42.0180
   21447      41.9391
   21448      41.9396
   21449      42.2339
   21450      41.6887
   21451      41.8520
   21452      41.7562
   21453      41.8582
   21454      41.4024
   21455      41.7307
   21456      42.0334
   21457      41.4548
   21458      41.2063
   21459      40.7281
   21460      40.8835
   21461      40.8144
   21462      41.1021
   21463      40.8026
   21464      40.9223
   21465      41.2252
   21466      41.2575
   21467      41.7717
   21468      41.4103
   21469      41.4066
   21470      41.1947
   21471      41.0078
   21472      40.6723
   21473      41.0903
   21474      41.0606
   21475      41.1987
   21476      41.0933
   21477      41.3183
   21478      40.9140
   21479      41.0551
   21480      41.3255
   21481      41.4412
   21482      41.3637
   21483      41.0058
   21484      40.6796
   21485      40.8590
   21486      40.8680
   21487      41.0266
   21488      40.8659
   21489      40.9023
   21490      41.0422
   21491      40.6796
   21492      40.8038
   21493      41.3335
   21494      40.8979
   21495      41.1463
   21496      40.7324
   21497      41.0187
   21498      40.4538
   21499      40.6999
   21500      40.6226
   21501      40.8234
   21502      40.5742
   21503      40.8448
   21504      40.5250
   21505      40.7909
   21506      40.4223
   21507      41.1320
   21508      40.9211
   21509      40.5476
   21510      40.5137
   21511      41.5437
   21512      41.1116
   21513      41.4542
   21514      41.3765
   21515      41.1358
   21516      40.9891
   21517      40.7010
   21518      40.7557
   21519      41.1855
   21520      40.8754
   21521      40.4425
   21522      40.6402
   21523      40.3976
   21524      40.4280
   21525      40.2144
   21526      40.2255
   21527      40.5677
   21528      40.5490
   21529      40.8692
   21530      40.3654
   21531      40.5586
   21532      40.5738
   21533      40.5168
   21534      40.7425
   21535      40.5345
   21536      40.4458
   21537      40.1781
   21538      40.6451
   21539      40.7238
   21540      41.1126
   21541      41.6249
   21542      41.0947
   21543      40.8515
   21544      40.9565
   21545      40.6772
   21546      40.4130
   21547      41.0570
   21548      40.9722
   21549      41.0059
   21550      41.1333
   21551      40.9558
   21552      40.9821
   21553      40.6409
   21554      41.0918
   21555      41.3332
   21556      41.1968
   21557      41.2452
   21558      41.0634
   21559      40.9311
   21560      40.7269
   21561      40.6453
   21562      41.0903
   21563      41.0370
   21564      41.1693
   21565      41.4233
   21566      41.4484
   21567      41.1873
   21568      40.8166
   21569      40.8793
   21570      41.7304
   21571      40.8506
   21572      41.1689
   21573      40.8837
   21574      41.0093
   21575      41.0074
   21576      40.7136
   21577      40.5567
   21578      40.7575
   21579      40.9574
   21580      41.2944
   21581      40.9481
   21582      40.9837
   21583      41.0921
   21584      40.6407
   21585      40.8782
   21586      41.0219
   21587      40.4975
   21588      40.9337
   21589      41.0401
   21590      40.8697
   21591      40.4427
   21592      40.9719
   21593      40.9207
   21594      40.8663
   21595      41.4469
   21596      41.2111
   21597      41.1564
   21598      41.1330
   21599      41.0340
   21600      40.7821
   21601      40.9049
   21602      40.9296
   21603      41.0414
   21604      40.7688
   21605      40.7850
   21606      41.0966
   21607      41.2148
   21608      40.9990
   21609      41.0816
   21610      40.8046
   21611      41.2997
   21612      40.8173
   21613      41.6123
   21614      41.3435
   21615      41.6174
   21616      41.1185
   21617      40.9849
   21618      41.2433
   21619      40.9391
   21620      40.5573
   21621      40.6366
   21622      40.6938
   21623      40.9013
   21624      40.8429
   21625      40.9716
   21626      41.1779
   21627      41.0637
   21628      41.0358
   21629      41.2628
   21630      41.4303
   21631      40.8559
   21632      40.7116
   21633      41.0372
   21634      40.9220
   21635      40.3262
   21636      40.9425
   21637      40.9706
   21638      41.0202
   21639      41.5236
   21640      41.2940
   21641      41.0424
   21642      41.2222
   21643      41.2880
   21644      41.3229
   21645      41.3874
   21646      40.6167
   21647      41.1987
   21648      41.7777
   21649      41.5140
   21650      41.3292
   21651      41.0219
   21652      40.4703
   21653      41.0590
   21654      41.2299
   21655      40.9023
   21656      40.4098
   21657      40.4993
   21658      40.8722
   21659      40.8057
   21660      40.9607
   21661      41.0975
   21662      40.7158
   21663      40.7993
   21664      40.4723
   21665      41.0209
   21666      40.5379
   21667      40.5335
   21668      40.7542
   21669      41.1249
   21670      41.1437
   21671      41.0148
   21672      40.7145
   21673      40.8281
   21674      40.6337
   21675      40.5845
   21676      40.1143
   21677      40.5059
   21678      40.1874
   21679      40.3385
   21680      40.4370
   21681      40.5195
   21682      40.6085
   21683      40.5614
   21684      40.8270
   21685      40.7067
   21686      40.7770
   21687      41.0141
   21688      41.3263
   21689      40.9311
   21690      41.0290
   21691      40.6766
   21692      41.0239
   21693      40.7695
   21694      40.7938
   21695      40.8820
   21696      40.4538
   21697      41.0823
   21698      40.6530
   21699      40.8065
   21700      40.7333
   21701      40.7987
   21702      41.0727
   21703      40.6152
   21704      40.3690
   21705      40.8698
   21706      40.9514
   21707      40.8393
   21708      40.3609
   21709      40.2778
   21710      40.8552
   21711      40.3159
   21712      40.2325
   21713      40.5397
   21714      40.5594
   21715      40.4156
   21716      40.5679
   21717      40.5577
   21718      41.1533
   21719      40.8704
   21720      41.2612
   21721      40.4423
   21722      41.2899
   21723      41.1169
   21724      41.1785
   21725      40.9167
   21726      40.4913
   21727      40.9695
   21728      40.8480
   21729      40.4531
   21730      40.6478
   21731      40.5604
   21732      40.9662
   21733      41.1484
   21734      41.0211
   21735      40.7511
   21736      41.1472
   21737      40.7201
   21738      40.8394
   21739      40.7271
   21740      41.0779
   21741      40.7836
   21742      40.7727
   21743      40.7975
   21744      40.9637
   21745      40.8903
   21746      41.0199
   21747      40.8854
   21748      40.7418
   21749      40.7734
   21750      40.9203
   21751      40.8641
   21752      40.7524
   21753      40.7276
   21754      40.9697
   21755      40.3575
   21756      40.8408
   21757      40.5338
   21758      40.4012
   21759      40.4797
   21760      40.2577
   21761      40.7442
   21762      40.6219
   21763      40.6380
   21764      40.9603
   21765      40.2846
   21766      40.6800
   21767      40.6608
   21768      40.2720
   21769      40.2888
   21770      40.2242
   21771      40.5805
   21772      40.7673
   21773      40.8907
   21774      41.3041
   21775      40.2700
   21776      40.5553
   21777      40.6158
   21778      40.8062
   21779      40.4513
   21780      40.2369
   21781      40.8007
   21782      40.5874
   21783      40.6260
   21784      40.0980
   21785      40.2171
   21786      40.3562
   21787      41.2937
   21788      41.4670
   21789      40.8887
   21790      41.2701
   21791      41.2829
   21792      41.0726
   21793      40.7497
   21794      40.6126
   21795      41.2991
   21796      40.4414
   21797      40.7159
   21798      40.7849
   21799      40.4731
   21800      40.3539
   21801      40.3978
   21802      40.5394
   21803      40.5316
   21804      40.0278
   21805      40.5411
   21806      41.2017
   21807      40.9001
   21808      40.5987
   21809      41.2431
   21810      41.0587
   21811      41.1211
   21812      41.2884
   21813      40.9029
   21814      40.8967
   21815      41.3528
   21816      40.2498
   21817      40.6717
   21818      40.8944
   21819      40.3487
   21820      40.4725
   21821      40.4826
   21822      40.7514
   21823      40.8516
   21824      40.8129
   21825      41.2396
   21826      40.8969
   21827      40.7372
   21828      40.6506
   21829      40.7095
   21830      40.8527
   21831      40.8710
   21832      41.0979
   21833      41.1969
   21834      40.4775
   21835      41.8963
   21836      41.6977
   21837      41.7558
   21838      41.5281
   21839      41.7402
   21840      41.3081
   21841      41.0970
   21842      41.6530
   21843      40.9805
   21844      41.0274
   21845      40.8809
   21846      40.8796
   21847      40.6911
   21848      41.1207
   21849      41.1936
   21850      41.7705
   21851      42.0834
   21852      41.8934
   21853      41.5230
   21854      41.2453
   21855      41.2154
   21856      40.8930
   21857      40.9414
   21858      41.3391
   21859      41.4149
   21860      41.4600
   21861      40.8954
   21862      40.8100
   21863      40.9705
   21864      40.7458
   21865      41.0248
   21866      40.7815
   21867      41.5370
   21868      41.3878
   21869      41.5135
   21870      41.3289
   21871      41.0359
   21872      41.0610
   21873      41.2238
   21874      41.2435
   21875      41.2910
   21876      41.3137
   21877      41.3798
   21878      41.3152
   21879      41.1183
   21880      41.4861
   21881      40.9296
   21882      41.0917
   21883      41.0389
   21884      41.0665
   21885      41.5793
   21886      41.1823
   21887      41.2023
   21888      40.5695
   21889      40.9284
   21890      41.2447
   21891      40.8738
   21892      40.5771
   21893      41.0567
   21894      41.2398
   21895      41.1241
   21896      41.2970
   21897      41.0130
   21898      41.3976
   21899      41.4238
   21900      40.7868
   21901      41.3409
   21902      41.3539
   21903      41.2222
   21904      41.3906
   21905      41.2397
   21906      41.3252
   21907      41.3838
   21908      41.0264
   21909      41.1160
   21910      41.3615
   21911      41.3938
   21912      41.1812
   21913      41.2795
   21914      41.0787
   21915      40.7854
   21916      41.5855
   21917      41.1998
   21918      40.9795
   21919      41.3633
   21920      41.0683
   21921      40.8408
   21922      41.3901
   21923      41.2002
   21924      41.0385
   21925      41.0532
   21926      41.0048
   21927      41.1462
   21928      41.0691
   21929      40.7852
   21930      41.1885
   21931      41.5863
   21932      41.1137
   21933      41.3005
   21934      41.3167
   21935      41.6062
   21936      41.6574
   21937      40.8130
   21938      40.9193
   21939      40.8256
   21940      40.9680
   21941      40.9231
   21942      41.2053
   21943      40.8396
   21944      40.7077
   21945      41.2107
   21946      41.1971
   21947      40.8638
   21948      41.0536
   21949      41.1812
   21950      41.1367
   21951      40.6757
   21952      40.9533
   21953      41.0396
   21954      41.3380
   21955      41.1321
   21956      41.4689
   21957      41.1477
   21958      41.2554
   21959      41.6190
   21960      41.4644
   21961      41.3269
   21962      41.0196
   21963      40.8892
   21964      41.1727
   21965      41.4636
   21966      41.3033
   21967      41.2617
   21968      40.8786
   21969      40.7678
   21970      40.9509
   21971      41.1555
   21972      41.2260
   21973      40.6420
   21974      40.6983
   21975      40.7670
   21976      41.2333
   21977      41.2352
   21978      41.0504
   21979      41.3073
   21980      41.4176
   21981      41.0874
   21982      41.3137
   21983      41.3698
   21984      41.5651
   21985      41.5609
   21986      41.2593
   21987      41.5474
   21988      41.4514
   21989      41.3346
   21990      40.9973
   21991      41.1100
   21992      41.2572
   21993      41.3706
   21994      41.7484
   21995      41.4186
   21996      41.1605
   21997      41.3877
   21998      41.4264
   21999      41.3588
   22000      41.4346
   22001      41.0286
   22002      41.3085
   22003      41.3448
   22004      40.9267
   22005      41.0597
   22006      41.2239
   22007      41.3656
   22008      41.4753
   22009      41.5849
   22010      41.5283
   22011      41.3827
   22012      40.9528
   22013      41.4274
   22014      40.6804
   22015      40.8219
   22016      41.3704
   22017      41.2740
   22018      41.1860
   22019      41.1941
   22020      41.0847
   22021      41.6558
   22022      41.7361
   22023      41.6159
   22024      41.3848
   22025      41.3737
   22026      41.0947
   22027      41.7064
   22028      41.4720
   22029      41.2887
   22030      41.0211
   22031      41.3379
   22032      41.4568
   22033      41.2549
   22034      41.1568
   22035      41.5444
   22036      41.2828
   22037      41.0936
   22038      41.1796
   22039      41.5061
   22040      41.5800
   22041      41.1675
   22042      41.5522
   22043      41.7614
   22044      41.7718
   22045      41.5814
   22046      41.2635
   22047      41.3788
   22048      41.1994
   22049      41.1675
   22050      41.5387
   22051      41.8586
   22052      41.2210
   22053      41.4631
   22054      40.9720
   22055      41.0972
   22056      40.7618
   22057      41.1403
   22058      40.7673
   22059      40.9131
   22060      40.6282
   22061      40.5993
   22062      40.7954
   22063      40.7631
   22064      41.2203
   22065      40.9775
   22066      41.1350
   22067      40.5807
   22068      40.8358
   22069      41.0109
   22070      41.2927
   22071      41.2398
   22072      41.3905
   22073      41.3314
   22074      41.3242
   22075      41.2853
   22076      40.9897
   22077      40.9814
   22078      41.6525
   22079      41.5709
   22080      41.6668
   22081      41.3343
   22082      41.5137
   22083      41.9115
   22084      41.6834
   22085      41.3135
   22086      41.7106
   22087      41.5376
   22088      41.5013
   22089      41.5098
   22090      41.6782
   22091      41.5621
   22092      41.5679
   22093      41.5748
   22094      41.1907
   22095      41.4048
   22096      41.7267
   22097      41.5910
   22098      41.3142
   22099      41.3766
   22100      41.0708
   22101      41.4780
   22102      41.6835
   22103      41.4114
   22104      41.5396
   22105      41.4133
   22106      41.5807
   22107      41.4207
   22108      41.3853
   22109      41.5513
   22110      41.3620
   22111      41.3360
   22112      41.5255
   22113      41.4645
   22114      41.4081
   22115      41.1460
   22116      40.9133
   22117      41.4536
   22118      41.4715
   22119      41.1551
   22120      41.3417
   22121      41.3592
   22122      41.4770
   22123      41.7769
   22124      41.6313
   22125      41.7862
   22126      41.5950
   22127      41.2536
   22128      41.0979
   22129      41.6227
   22130      41.1067
   22131      41.2040
   22132      41.1702
   22133      41.0264
   22134      40.8017
   22135      41.1307
   22136      41.8199
   22137      41.3549
   22138      41.5074
   22139      40.7373
   22140      40.9833
   22141      41.4184
   22142      41.7488
   22143      41.7002
   22144      41.3940
   22145      41.6248
   22146      41.3024
   22147      41.2839
   22148      40.9158
   22149      41.2365
   22150      41.4328
   22151      41.4231
   22152      41.3665
   22153      41.1710
   22154      41.5021
   22155      41.3963
   22156      41.2989
   22157      41.2460
   22158      41.0619
   22159      41.0509
   22160      40.6162
   22161      41.1094
   22162      41.0474
   22163      41.1785
   22164      41.3695
   22165      41.8631
   22166      41.6015
   22167      41.5844
   22168      41.3528
   22169      41.2253
   22170      41.3467
   22171      41.2057
   22172      41.2840
   22173      41.5546
   22174      41.4455
   22175      41.7309
   22176      41.2517
   22177      41.4150
   22178      41.3309
   22179      41.2923
   22180      41.4244
   22181      41.6845
   22182      41.2517
   22183      41.0434
   22184      41.3322
   22185      41.6035
   22186      41.6654
   22187      41.4266
   22188      41.4944
   22189      41.4647
   22190      41.2822
   22191      41.3068
   22192      41.1041
   22193      41.3254
   22194      40.9266
   22195      41.4548
   22196      41.3836
   22197      41.4852
   22198      41.5748
   22199      41.5475
   22200      41.3009
   22201      41.2689
   22202      41.0978
   22203      41.1878
   22204      41.2529
   22205      41.2074
   22206      41.6964
   22207      41.0480
   22208      40.7191
   22209      41.2664
   22210      41.4314
   22211      41.3651
   22212      41.5140
   22213      41.6873
   22214      41.5468
   22215      41.0893
   22216      41.2296
   22217      41.2659
   22218      41.1791
   22219      41.4013
   22220      41.7039
   22221      41.4330
   22222      42.0766
   22223      41.8599
   22224      41.8177
   22225      41.3960
   22226      41.4277
   22227      41.2094
   22228      41.4730
   22229      40.9468
   22230      40.9854
   22231      41.1938
   22232      41.3238
   22233      41.3189
   22234      41.2228
   22235      40.9148
   22236      41.1359
   22237      41.0671
   22238      40.6160
   22239      40.4827
   22240      40.9916
   22241      41.3560
   22242      40.9715
   22243      41.0602
   22244      40.9546
   22245      40.7098
   22246      41.0340
   22247      41.1743
   22248      40.3738
   22249      40.9021
   22250      41.0638
   22251      41.0110
   22252      41.0544
   22253      41.3489
   22254      41.1899
   22255      41.5400
   22256      41.3545
   22257      41.6492
   22258      41.1996
   22259      41.5691
   22260      41.4390
   22261      41.2312
   22262      41.4255
   22263      41.3203
   22264      41.6801
   22265      41.4330
   22266      41.4921
   22267      41.5487
   22268      41.4542
   22269      41.7529
   22270      41.3587
   22271      41.1893
   22272      41.2520
   22273      41.2421
   22274      41.6885
   22275      41.5180
   22276      41.1234
   22277      41.2981
   22278      40.8487
   22279      41.2938
   22280      41.3486
   22281      41.4686
   22282      41.6684
   22283      41.1096
   22284      41.0473
   22285      41.3483
   22286      41.5787
   22287      41.1347
   22288      41.1693
   22289      40.9678
   22290      41.2949
   22291      40.9338
   22292      41.0443
   22293      41.6126
   22294      41.2266
   22295      41.3980
   22296      41.4666
   22297      41.0889
   22298      41.4645
   22299      41.3472
   22300      41.9110
   22301      41.4696
   22302      41.7764
   22303      41.3950
   22304      41.0525
   22305      41.5538
   22306      41.1670
   22307      41.0119
   22308      41.2561
   22309      41.5183
   22310      41.0539
   22311      40.8892
   22312      41.3324
   22313      41.9238
   22314      41.3039
   22315      41.4554
   22316      41.5972
   22317      41.3700
   22318      41.2860
   22319      41.4530
   22320      41.4338
   22321      41.6921
   22322      41.6117
   22323      41.3889
   22324      41.4399
   22325      40.8851
   22326      41.8009
   22327      41.1172
   22328      41.1948
   22329      41.4806
   22330      40.9471
   22331      40.9032
   22332      41.3691
   22333      41.1214
   22334      41.2169
   22335      41.5363
   22336      41.5202
   22337      41.3871
   22338      41.3335
   22339      41.5613
   22340      41.5250
   22341      41.5977
   22342      41.0488
   22343      41.2490
   22344      41.4749
   22345      41.2560
   22346      41.1839
   22347      40.8769
   22348      41.3440
   22349      40.9770
   22350      41.1105
   22351      41.0488
   22352      41.3382
   22353      40.8987
   22354      41.5642
   22355      41.4091
   22356      41.3209
   22357      41.6363
   22358      41.1457
   22359      41.4556
   22360      41.7807
   22361      41.5780
   22362      41.6388
   22363      41.4533
   22364      42.3812
   22365      41.7492
   22366      42.2659
   22367      41.5908
   22368      41.8668
   22369      41.5792
   22370      41.2598
   22371      41.3404
   22372      41.7652
   22373      41.4580
   22374      41.7893
   22375      41.7129
   22376      41.2266
   22377      42.1799
   22378      41.6763
   22379      41.8266
   22380      41.7075
   22381      41.3750
   22382      41.0782
   22383      41.4662
   22384      41.5404
   22385      41.6085
   22386      41.6668
   22387      41.3697
   22388      41.7996
   22389      41.8743
   22390      41.8752
   22391      41.4810
   22392      41.6704
   22393      41.4409
   22394      41.8730
   22395      41.6979
   22396      41.9997
   22397      41.9784
   22398      41.4959
   22399      41.6875
   22400      41.3854
   22401      41.5720
   22402      41.7600
   22403      41.8129
   22404      41.3215
   22405      41.5223
   22406      41.6235
   22407      41.6960
   22408      41.5551
   22409      41.1331
   22410      41.4178
   22411      41.1347
   22412      41.3435
   22413      41.6565
   22414      41.4655
   22415      41.6774
   22416      42.0402
   22417      41.6622
   22418      41.8438
   22419      41.2165
   22420      41.0842
   22421      41.5130
   22422      41.4710
   22423      41.2990
   22424      41.7846
   22425      41.3407
   22426      41.8779
   22427      41.5658
   22428      41.3496
   22429      41.4423
   22430      41.6550
   22431      41.2614
   22432      41.2384
   22433      41.4115
   22434      40.9815
   22435      41.4833
   22436      41.0918
   22437      41.7344
   22438      40.9770
   22439      41.0406
   22440      41.2663
   22441      41.0822
   22442      41.4021
   22443      41.8516
   22444      41.3077
   22445      41.6033
   22446      41.4561
   22447      41.5492
   22448      41.4556
   22449      41.1790
   22450      41.3671
   22451      41.1589
   22452      41.4557
   22453      41.0059
   22454      41.2363
   22455      41.4827
   22456      41.1536
   22457      41.3380
   22458      41.2242
   22459      41.2178
   22460      40.8695
   22461      41.0390
   22462      40.8584
   22463      41.0232
   22464      41.1148
   22465      40.8085
   22466      41.2833
   22467      41.1079
   22468      41.5211
   22469      41.3308
   22470      41.2382
   22471      41.3875
   22472      41.5344
   22473      41.4713
   22474      41.3418
   22475      41.3200
   22476      41.4003
   22477      40.9280
   22478      41.0620
   22479      40.9799
   22480      41.1261
   22481      40.9505
   22482      40.9783
   22483      40.8780
   22484      41.5146
   22485      41.2118
   22486      40.9054
   22487      41.1274
   22488      41.6248
   22489      41.3167
   22490      40.8926
   22491      41.0541
   22492      40.8881
   22493      41.0636
   22494      41.0644
   22495      41.1944
   22496      40.7311
   22497      41.0625
   22498      41.4005
   22499      41.5848
   22500      41.4158
   22501      41.1768
   22502      41.3407
   22503      41.7779
   22504      41.1326
   22505      41.2404
   22506      41.2373
   22507      41.6335
   22508      41.8872
   22509      41.0614
   22510      41.6701
   22511      41.8390
   22512      41.3036
   22513      41.2088
   22514      41.6713
   22515      41.3151
   22516      41.3760
   22517      41.0280
   22518      41.0537
   22519      40.9149
   22520      40.8875
   22521      41.2461
   22522      41.3990
   22523      41.8085
   22524      42.0884
   22525      40.9348
   22526      40.6211
   22527      40.7145
   22528      40.6405
   22529      41.3718
   22530      41.2361
   22531      41.7310
   22532      41.1458
   22533      40.9823
   22534      41.3463
   22535      41.1037
   22536      41.7711
   22537      41.7289
   22538      41.4417
   22539      41.0834
   22540      40.9651
   22541      41.3588
   22542      41.5825
   22543      41.0956
   22544      41.1523
   22545      41.1721
   22546      41.3724
   22547      41.4341
   22548      41.3432
   22549      41.2593
   22550      41.5913
   22551      41.4687
   22552      40.7711
   22553      41.1098
   22554      40.8777
   22555      41.1077
   22556      41.1726
   22557      41.1015
   22558      41.1339
   22559      41.0560
   22560      41.1376
   22561      41.4851
   22562      40.8525
   22563      40.7229
   22564      40.8618
   22565      41.3453
   22566      41.8332
   22567      41.4720
   22568      41.7046
   22569      41.7352
   22570      41.4620
   22571      40.9514
   22572      41.1107
   22573      40.7410
   22574      41.4052
   22575      41.0902
   22576      40.9859
   22577      40.9811
   22578      40.9081
   22579      41.0482
   22580      41.3680
   22581      41.0419
   22582      40.9563
   22583      41.0593
   22584      40.8561
   22585      40.7467
   22586      40.7129
   22587      40.5328
   22588      41.1571
   22589      40.6219
   22590      40.7783
   22591      40.6821
   22592      40.7395
   22593      40.9388
   22594      41.1340
   22595      41.2411
   22596      40.9582
   22597      40.9248
   22598      40.6363
   22599      41.0702
   22600      41.2228
   22601      41.3294
   22602      41.0991
   22603      40.8122
   22604      41.0776
   22605      40.6029
   22606      41.0673
   22607      41.0082
   22608      40.9804
   22609      40.7454
   22610      41.0463
   22611      41.4064
   22612      40.7708
   22613      40.8798
   22614      41.1076
   22615      40.8709
   22616      41.2400
   22617      41.0571
   22618      41.1322
   22619      41.2805
   22620      41.2675
   22621      41.1248
   22622      41.2973
   22623      41.2274
   22624      41.4395
   22625      41.1464
   22626      41.3034
   22627      41.0937
   22628      40.8098
   22629      40.9135
   22630      41.0112
   22631      40.5952
   22632      41.0906
   22633      41.2616
   22634      41.5201
   22635      41.3480
   22636      40.8266
   22637      40.6946
   22638      40.8071
   22639      40.6894
   22640      40.8600
   22641      41.0478
   22642      41.1366
   22643      40.9048
   22644      41.0461
   22645      40.9851
   22646      41.2720
   22647      41.1151
   22648      40.8205
   22649      41.1852
   22650      41.0383
   22651      41.4122
   22652      41.4463
   22653      41.3623
   22654      41.5690
   22655      41.7212
   22656      41.1274
   22657      41.2632
   22658      40.9269
   22659      41.1641
   22660      40.9032
   22661      41.0350
   22662      41.6535
   22663      41.3884
   22664      41.4944
   22665      41.0859
   22666      41.5287
   22667      41.1827
   22668      41.1447
   22669      40.9340
   22670      41.2290
   22671      41.2145
   22672      41.2391
   22673      41.3840
   22674      40.9238
   22675      41.5495
   22676      41.2573
   22677      41.2717
   22678      40.6245
   22679      40.8296
   22680      40.9816
   22681      41.3095
   22682      41.0588
   22683      41.2904
   22684      41.2786
   22685      40.8434
   22686      41.0618
   22687      41.2589
   22688      41.0103
   22689      40.8968
   22690      40.4982
   22691      40.9624
   22692      40.8825
   22693      40.6496
   22694      40.6562
   22695      41.1528
   22696      41.1789
   22697      41.3159
   22698      40.8308
   22699      41.3850
   22700      40.9363
   22701      41.1694
   22702      40.9807
   22703      41.0613
   22704      41.2554
   22705      41.0939
   22706      41.6407
   22707      41.7189
   22708      41.4164
   22709      40.9025
   22710      41.0079
   22711      41.1693
   22712      40.9366
   22713      41.0693
   22714      40.8970
   22715      40.9050
   22716      41.2062
   22717      41.5269
   22718      40.9936
   22719      41.1540
   22720      40.9287
   22721      40.8179
   22722      40.6599
   22723      40.9194
   22724      41.1988
   22725      40.7074
   22726      41.1865
   22727      41.1909
   22728      41.5669
   22729      41.4300
   22730      41.4986
   22731      41.3423
   22732      41.5358
   22733      41.4498
   22734      40.9205
   22735      41.3692
   22736      41.3748
   22737      41.3211
   22738      41.3551
   22739      41.1674
   22740      40.8066
   22741      40.9947
   22742      40.6784
   22743      40.7968
   22744      41.2880
   22745      41.6654
   22746      41.1228
   22747      40.9542
   22748      40.7360
   22749      41.0550
   22750      41.0821
   22751      40.6900
   22752      41.1359
   22753      40.7430
   22754      41.0358
   22755      40.9261
   22756      41.0846
   22757      40.9637
   22758      41.1501
   22759      40.9478
   22760      40.6235
   22761      40.8495
   22762      41.3240
   22763      40.8986
   22764      41.3395
   22765      41.5292
   22766      41.0710
   22767      41.6115
   22768      41.4376
   22769      41.4111
   22770      41.2332
   22771      41.4418
   22772      41.1531
   22773      41.4366
   22774      41.2541
   22775      41.2761
   22776      41.4019
   22777      41.2279
   22778      41.6527
   22779      41.3738
   22780      41.0624
   22781      41.2415
   22782      41.0207
   22783      41.0087
   22784      40.8681
   22785      40.7733
   22786      40.7615
   22787      40.9578
   22788      40.9546
   22789      41.1627
   22790      40.9503
   22791      40.5574
   22792      40.7490
   22793      40.6502
   22794      41.4706
   22795      40.6130
   22796      40.9427
   22797      41.0822
   22798      41.2555
   22799      41.2492
   22800      40.9781
   22801      40.6023
   22802      40.9569
   22803      41.4220
   22804      41.2291
   22805      40.6540
   22806      40.7948
   22807      40.4520
   22808      40.7687
   22809      41.1502
   22810      40.8243
   22811      40.7826
   22812      40.7722
   22813      40.6233
   22814      40.7548
   22815      40.9701
   22816      41.4963
   22817      41.3074
   22818      40.7994
   22819      41.1471
   22820      41.6865
   22821      41.0672
   22822      41.7846
   22823      41.4293
   22824      41.3039
   22825      41.0733
   22826      41.1001
   22827      40.7107
   22828      40.7251
   22829      40.5076
   22830      41.2815
   22831      40.8023
   22832      40.4714
   22833      41.1682
   22834      41.0322
   22835      41.0280
   22836      40.7323
   22837      40.8647
   22838      40.4432
   22839      41.1008
   22840      41.1474
   22841      41.0869
   22842      40.9849
   22843      41.4314
   22844      41.2315
   22845      41.5119
   22846      41.1631
   22847      41.2275
   22848      41.4943
   22849      41.1791
   22850      41.1076
   22851      41.0769
   22852      41.1187
   22853      41.2327
   22854      41.3321
   22855      40.9947
   22856      41.1335
   22857      41.2593
   22858      41.2187
   22859      41.3247
   22860      41.4282
   22861      41.2428
   22862      41.7482
   22863      41.5112
   22864      41.5371
   22865      41.6303
   22866      41.3884
   22867      41.2314
   22868      41.6250
   22869      41.3589
   22870      41.7138
   22871      41.8218
   22872      41.7798
   22873      41.3932
   22874      41.4171
   22875      41.8277
   22876      41.5608
   22877      41.5395
   22878      41.3953
   22879      41.7984
   22880      41.4144
   22881      41.0812
   22882      41.3256
   22883      41.7082
   22884      41.3698
   22885      41.4541
   22886      41.1718
   22887      41.2528
   22888      41.4105
   22889      41.2826
   22890      41.3650
   22891      41.2794
   22892      41.9694
   22893      41.9450
   22894      41.7279
   22895      41.8560
   22896      41.8551
   22897      41.5035
   22898      41.3785
   22899      41.6786
   22900      41.5309
   22901      41.7197
   22902      41.9906
   22903      41.1482
   22904      41.4085
   22905      40.8226
   22906      41.2001
   22907      41.1494
   22908      41.1594
   22909      41.4392
   22910      41.1411
   22911      41.3055
   22912      41.4274
   22913      41.1460
   22914      40.9672
   22915      41.6528
   22916      41.4962
   22917      41.2684
   22918      40.7385
   22919      41.0308
   22920      40.7301
   22921      41.0284
   22922      40.7339
   22923      40.4695
   22924      40.6656
   22925      41.2395
   22926      41.0202
   22927      40.8881
   22928      40.7322
   22929      40.8476
   22930      40.8395
   22931      40.9055
   22932      40.6121
   22933      40.6602
   22934      40.2213
   22935      40.9849
   22936      40.5742
   22937      40.6559
   22938      40.6881
   22939      40.8619
   22940      40.8643
   22941      41.4172
   22942      40.8229
   22943      40.6732
   22944      40.9034
   22945      40.8416
   22946      40.8876
   22947      41.0615
   22948      41.2299
   22949      40.9550
   22950      41.0077
   22951      41.0505
   22952      40.8454
   22953      41.0011
   22954      41.4434
   22955      41.3916
   22956      41.3297
   22957      41.0468
   22958      40.4624
   22959      40.6152
   22960      40.7539
   22961      41.0643
   22962      41.3152
   22963      40.6481
   22964      40.5779
   22965      40.5566
   22966      40.3952
   22967      40.6402
   22968      40.5497
   22969      40.6537
   22970      40.9901
   22971      40.8848
   22972      40.5394
   22973      40.4653
   22974      40.6643
   22975      40.8613
   22976      41.0678
   22977      40.9323
   22978      40.9754
   22979      40.4890
   22980      40.5073
   22981      40.3987
   22982      40.6164
   22983      40.5066
   22984      40.7998
   22985      41.0198
   22986      40.6970
   22987      40.9898
   22988      41.0669
   22989      40.9475
   22990      40.7322
   22991      40.6599
   22992      40.8190
   22993      40.7647
   22994      40.4838
   22995      41.1991
   22996      40.9572
   22997      40.9534
   22998      40.9036
   22999      41.1272
   23000      40.9430
   23001      41.4025
   23002      41.1641
   23003      40.9619
   23004      40.8340
   23005      41.1028
   23006      40.4685
   23007      41.0910
   23008      41.1565
   23009      41.6503
   23010      41.4751
   23011      40.9454
   23012      41.1747
   23013      41.3842
   23014      41.7554
   23015      41.0464
   23016      40.7008
   23017      40.1876
   23018      40.9370
   23019      40.5031
   23020      40.6408
   23021      40.3638
   23022      40.6620
   23023      41.1229
   23024      41.3649
   23025      40.6880
   23026      40.8643
   23027      40.9487
   23028      41.4487
   23029      41.4797
   23030      40.7718
   23031      40.9629
   23032      41.1672
   23033      40.6112
   23034      40.5284
   23035      40.3329
   23036      40.6929
   23037      40.6216
   23038      40.8702
   23039      40.9666
   23040      40.9260
   23041      40.4605
   23042      41.0022
   23043      41.1294
   23044      40.6883
   23045      40.6284
   23046      40.7617
   23047      40.8719
   23048      40.9231
   23049      41.3610
   23050      41.0403
   23051      41.1273
   23052      41.5308
   23053      41.4927
   23054      41.1563
   23055      41.2315
   23056      41.3145
   23057      41.0776
   23058      41.3365
   23059      41.4913
   23060      40.5967
   23061      41.3995
   23062      41.2718
   23063      41.6321
   23064      41.3886
   23065      41.4024
   23066      40.6084
   23067      40.8510
   23068      40.9731
   23069      41.0381
   23070      41.1174
   23071      40.9697
   23072      41.0975
   23073      41.0308
   23074      41.0832
   23075      41.0036
   23076      41.2186
   23077      41.0713
   23078      40.9234
   23079      41.1004
   23080      41.1202
   23081      41.1247
   23082      40.7744
   23083      40.8909
   23084      40.5504
   23085      40.5440
   23086      40.9621
   23087      41.1370
   23088      40.7759
   23089      40.9312
   23090      40.8268
   23091      41.1741
   23092      41.3329
   23093      41.4013
   23094      41.2986
   23095      41.3501
   23096      41.3379
   23097      40.8802
   23098      41.1815
   23099      41.0222
   23100      40.7348
   23101      40.9413
   23102      40.6474
   23103      40.7759
   23104      40.9571
   23105      40.9267
   23106      40.7598
   23107      41.0013
   23108      41.4197
   23109      41.1083
   23110      41.1455
   23111      40.8455
   23112      41.1051
   23113      41.0194
   23114      41.3999
   23115      40.7738
   23116      41.1536
   23117      41.0682
   23118      41.0983
   23119      41.3212
   23120      41.1455
   23121      40.9064
   23122      41.0737
   23123      40.9248
   23124      40.5463
   23125      40.3538
   23126      40.6548
   23127      40.6645
   23128      40.8045
   23129      41.1201
   23130      40.6006
   23131      40.7799
   23132      40.5861
   23133      40.7468
   23134      40.5371
   23135      40.5883
   23136      40.4570
   23137      40.6829
   23138      40.4519
   23139      40.8221
   23140      40.7664
   23141      41.0496
   23142      40.9322
   23143      40.4090
   23144      40.8856
   23145      40.8812
   23146      40.9178
   23147      40.7277
   23148      41.1539
   23149      40.7718
   23150      40.5876
   23151      41.0058
   23152      40.2758
   23153      41.0784
   23154      40.5964
   23155      40.7719
   23156      40.4690
   23157      40.5032
   23158      40.5637
   23159      40.7798
   23160      40.5217
   23161      40.8120
   23162      40.8704
   23163      41.0788
   23164      41.0681
   23165      40.6706
   23166      40.9471
   23167      41.5147
   23168      40.8452
   23169      40.8465
   23170      40.9240
   23171      41.0803
   23172      41.1462
   23173      41.1817
   23174      41.0722
   23175      41.3186
   23176      41.1411
   23177      40.8783
   23178      40.7437
   23179      40.7819
   23180      40.6661
   23181      41.2711
   23182      41.1073
   23183      41.0229
   23184      41.0162
   23185      41.3625
   23186      41.0807
   23187      40.9209
   23188      41.2964
   23189      41.2290
   23190      41.2322
   23191      41.3028
   23192      40.7862
   23193      40.9608
   23194      40.5014
   23195      40.5124
   23196      40.8925
   23197      41.0716
   23198      41.0058
   23199      40.6523
   23200      40.8591
   23201      40.3522
   23202      40.7885
   23203      40.9214
   23204      40.8697
   23205      40.7517
   23206      40.6226
   23207      40.6154
   23208      40.6475
   23209      40.6257
   23210      40.6116
   23211      40.8361
   23212      40.7517
   23213      40.7596
   23214      40.8609
   23215      40.6772
   23216      40.2326
   23217      40.2615
   23218      40.4186
   23219      40.5312
   23220      40.7821
   23221      40.7756
   23222      40.8658
   23223      40.4035
   23224      40.4342
   23225      40.4557
   23226      40.3041
   23227      40.4354
   23228      40.6331
   23229      40.2987
   23230      40.6348
   23231      40.6955
   23232      40.4996
   23233      40.6870
   23234      40.5218
   23235      40.5217
   23236      40.6266
   23237      40.7296
   23238      40.9423
   23239      40.5898
   23240      40.8216
   23241      40.5306
   23242      40.5876
   23243      40.7857
   23244      40.7112
   23245      40.3659
   23246      40.7243
   23247      40.7362
   23248      40.8911
   23249      41.1162
   23250      41.5831
   23251      41.1255
   23252      41.4186
   23253      41.3371
   23254      41.1026
   23255      41.4387
   23256      40.7902
   23257      41.3191
   23258      41.1953
   23259      40.8940
   23260      40.7892
   23261      41.0409
   23262      41.1271
   23263      41.2356
   23264      41.1053
   23265      41.3425
   23266      41.1525
   23267      41.1867
   23268      41.1512
   23269      41.1405
   23270      40.6995
   23271      40.7611
   23272      41.0718
   23273      41.2622
   23274      40.7008
   23275      40.8245
   23276      40.9333
   23277      40.6948
   23278      41.0015
   23279      40.6193
   23280      40.6460
   23281      41.0514
   23282      40.7656
   23283      40.8938
   23284      40.7798
   23285      40.6580
   23286      40.9180
   23287      41.0352
   23288      41.3306
   23289      41.0398
   23290      40.8551
   23291      41.1590
   23292      41.0501
   23293      41.0762
   23294      41.0396
   23295      41.1955
   23296      40.7050
   23297      40.8516
   23298      40.8047
   23299      40.9096
   23300      40.5029
   23301      40.8896
   23302      40.8654
   23303      40.8216
   23304      40.9193
   23305      40.4423
   23306      40.7330
   23307      40.7493
   23308      40.7917
   23309      40.2688
   23310      40.4623
   23311      40.1774
   23312      41.2370
   23313      40.5459
   23314      40.4287
   23315      40.4844
   23316      39.9799
   23317      40.3249
   23318      40.6099
   23319      40.4628
   23320      40.9416
   23321      40.6181
   23322      40.6405
   23323      40.7020
   23324      40.7975
   23325      40.5021
   23326      40.2901
   23327      40.8322
   23328      40.6070
   23329      40.6959
   23330      40.7295
   23331      40.6134
   23332      40.0983
   23333      40.1935
   23334      40.6532
   23335      40.7448
   23336      41.3465
   23337      40.6681
   23338      40.5115
   23339      40.6826
   23340      40.5958
   23341      40.5128
   23342      40.3981
   23343      40.8284
   23344      40.5879
   23345      40.3888
   23346      40.5223
   23347      40.5470
   23348      40.3823
   23349      40.5333
   23350      40.6581
   23351      40.8353
   23352      40.4303
   23353      41.0286
   23354      40.4455
   23355      40.5003
   23356      40.6192
   23357      40.6894
   23358      40.4037
   23359      41.5695
   23360      40.5112
   23361      40.4538
   23362      40.6233
   23363      40.5857
   23364      40.6183
   23365      40.5368
   23366      40.6736
   23367      40.8316
   23368      40.3930
   23369      40.4700
   23370      40.9582
   23371      40.9130
   23372      40.2799
   23373      40.4923
   23374      40.1547
   23375      40.4141
   23376      40.4756
   23377      40.5259
   23378      40.2908
   23379      40.8916
   23380      40.7454
   23381      40.8342
   23382      40.3806
   23383      40.7698
   23384      40.7473
   23385      40.8996
   23386      40.6503
   23387      40.5759
   23388      40.6368
   23389      40.7520
   23390      40.8916
   23391      40.7017
   23392      40.6278
   23393      40.8480
   23394      41.0462
   23395      40.9171
   23396      40.4940
   23397      41.1183
   23398      40.7268
   23399      40.7562
   23400      40.8360
   23401      41.2907
   23402      41.0075
   23403      40.6393
   23404      40.7785
   23405      40.2572
   23406      40.3604
   23407      40.3906
   23408      40.5266
   23409      40.2973
   23410      40.6518
   23411      40.4710
   23412      40.1648
   23413      40.7793
   23414      40.6643
   23415      40.2960
   23416      40.7325
   23417      40.6669
   23418      40.9601
   23419      40.8771
   23420      40.6353
   23421      41.2878
   23422      40.6881
   23423      40.7173
   23424      40.6293
   23425      40.4305
   23426      40.4257
   23427      40.6832
   23428      40.5215
   23429      41.0312
   23430      40.6937
   23431      40.5014
   23432      40.4532
   23433      40.1861
   23434      40.4215
   23435      40.4765
   23436      40.6550
   23437      40.3096
   23438      40.3588
   23439      40.6264
   23440      40.7625
   23441      41.0217
   23442      41.2710
   23443      40.9892
   23444      40.4221
   23445      40.6668
   23446      40.6289
   23447      40.2928
   23448      40.3285
   23449      40.3099
   23450      40.3750
   23451      40.1195
   23452      40.0398
   23453      40.1663
   23454      40.3873
   23455      40.1796
   23456      40.2139
   23457      40.2163
   23458      40.6229
   23459      40.4894
   23460      40.4660
   23461      40.3421
   23462      40.7583
   23463      40.7593
   23464      40.0614
   23465      40.3592
   23466      40.6244
   23467      40.7380
   23468      40.7053
   23469      40.5443
   23470      40.6946
   23471      40.4325
   23472      40.5152
   23473      40.6586
   23474      40.7424
   23475      40.7652
   23476      40.7635
   23477      40.6090
   23478      40.5675
   23479      40.5897
   23480      40.2479
   23481      40.3751
   23482      40.7350
   23483      40.8138
   23484      40.5528
   23485      40.6548
   23486      40.8573
   23487      40.8219
   23488      40.6579
   23489      40.6726
   23490      40.3936
   23491      40.7715
   23492      40.3703
   23493      40.9005
   23494      40.6504
   23495      40.6992
   23496      40.5534
   23497      40.9289
   23498      40.9736
   23499      40.4219
   23500      40.2517
   23501      40.4929
   23502      40.3531
   23503      40.6864
   23504      40.6975
   23505      40.5650
   23506      40.3733
   23507      40.4828
   23508      40.2256
   23509      39.6742
   23510      40.1737
   23511      40.3672
   23512      40.3655
   23513      40.6347
   23514      40.5864
   23515      40.8062
   23516      40.2054
   23517      40.6140
   23518      40.4980
   23519      40.5052
   23520      40.2065
   23521      40.6792
   23522      40.9697
   23523      40.3749
   23524      40.3354
   23525      40.1170
   23526      40.2420
   23527      39.9684
   23528      40.8850
   23529      40.4377
   23530      40.8262
   23531      40.1086
   23532      40.6706
   23533      40.3237
   23534      40.4927
   23535      40.8388
   23536      40.7506
   23537      40.7912
   23538      40.6144
   23539      40.4889
   23540      41.0454
   23541      40.7727
   23542      40.5137
   23543      40.7305
   23544      40.2617
   23545      40.4453
   23546      40.4850
   23547      40.3165
   23548      40.1170
   23549      40.5847
   23550      40.0101
   23551      40.3488
   23552      40.4136
   23553      40.1778
   23554      40.2883
   23555      40.0492
   23556      40.4038
   23557      39.8328
   23558      40.4256
   23559      39.9995
   23560      40.3874
   23561      40.4907
   23562      40.2780
   23563      40.4681
   23564      40.6550
   23565      40.7872
   23566      40.7669
   23567      40.5854
   23568      40.4112
   23569      40.7327
   23570      40.8767
   23571      40.4368
   23572      40.2268
   23573      39.7630
   23574      39.9111
   23575      40.2209
   23576      40.1722
   23577      40.3024
   23578      40.1662
   23579      39.9966
   23580      40.2953
   23581      40.4317
   23582      40.1343
   23583      40.5940
   23584      39.9688
   23585      40.3757
   23586      40.2001
   23587      40.1804
   23588      40.2454
   23589      40.7045
   23590      40.1946
   23591      40.5843
   23592      40.1993
   23593      40.1640
   23594      40.4341
   23595      40.3247
   23596      40.1545
   23597      40.7582
   23598      40.7221
   23599      40.6012
   23600      40.6102
   23601      40.2668
   23602      40.2519
   23603      40.1405
   23604      39.8270
   23605      40.3206
   23606      40.3239
   23607      40.2932
   23608      40.3192
   23609      40.1773
   23610      40.2554
   23611      40.1745
   23612      40.6792
   23613      40.4574
   23614      40.4868
   23615      40.7764
   23616      41.1192
   23617      40.8729
   23618      41.1422
   23619      40.8330
   23620      40.7010
   23621      40.7608
   23622      40.8782
   23623      40.5773
   23624      40.4276
   23625      41.1906
   23626      40.8369
   23627      40.5532
   23628      41.0428
   23629      40.6950
   23630      40.5105
   23631      40.9269
   23632      40.7565
   23633      40.0456
   23634      40.2284
   23635      40.2474
   23636      40.8318
   23637      40.5170
   23638      40.3251
   23639      40.5773
   23640      40.4440
   23641      40.5287
   23642      40.3779
   23643      40.9315
   23644      41.1985
   23645      40.8672
   23646      40.5283
   23647      41.0338
   23648      40.9230
   23649      40.4485
   23650      40.4187
   23651      40.7474
   23652      40.6444
   23653      40.5317
   23654      40.6655
   23655      40.9317
   23656      40.5110
   23657      40.2807
   23658      40.2678
   23659      41.0806
   23660      40.5262
   23661      40.6767
   23662      40.7494
   23663      40.7956
   23664      40.6701
   23665      40.7120
   23666      41.0853
   23667      40.9490
   23668      40.7682
   23669      41.0069
   23670      40.9695
   23671      40.5454
   23672      40.6560
   23673      41.2106
   23674      40.5695
   23675      40.5627
   23676      40.2094
   23677      40.9816
   23678      40.8016
   23679      40.5469
   23680      40.2955
   23681      40.5837
   23682      40.2045
   23683      40.5373
   23684      40.6447
   23685      40.8902
   23686      41.2717
   23687      40.8813
   23688      40.6843
   23689      40.8387
   23690      40.4559
   23691      40.6437
   23692      40.6975
   23693      40.8985
   23694      40.7062
   23695      40.5393
   23696      40.7726
   23697      41.1916
   23698      40.8032
   23699      40.9778
   23700      40.5814
   23701      41.0757
   23702      41.3594
   23703      40.9315
   23704      41.4693
   23705      41.1235
   23706      41.1763
   23707      41.2202
   23708      40.9359
   23709      41.4989
   23710      40.9363
   23711      40.9383
   23712      41.1866
   23713      41.0093
   23714      40.5016
   23715      40.6590
   23716      40.9133
   23717      40.8269
   23718      40.4898
   23719      41.0591
   23720      40.6025
   23721      40.2466
   23722      40.8353
   23723      40.7173
   23724      40.7579
   23725      40.9903
   23726      40.3141
   23727      40.6913
   23728      40.7938
   23729      40.9990
   23730      40.5589
   23731      40.3924
   23732      40.1178
   23733      40.9731
   23734      40.5228
   23735      40.4988
   23736      40.8745
   23737      40.7816
   23738      40.2268
   23739      40.5090
   23740      40.5801
   23741      40.5516
   23742      40.9568
   23743      40.6073
   23744      41.1135
   23745      41.0886
   23746      40.3958
   23747      40.3367
   23748      40.5767
   23749      40.7637
   23750      40.5902
   23751      40.4645
   23752      40.4699
   23753      40.2910
   23754      40.3549
   23755      40.7307
   23756      40.6995
   23757      40.8405
   23758      40.1559
   23759      40.5239
   23760      40.6390
   23761      40.5592
   23762      40.4852
   23763      40.4665
   23764      40.6354
   23765      40.3918
   23766      40.3906
   23767      40.3540
   23768      40.1943
   23769      40.5549
   23770      40.5291
   23771      40.2792
   23772      40.6458
   23773      40.3513
   23774      40.4025
   23775      40.3875
   23776      40.0541
   23777      39.9558
   23778      40.5519
   23779      40.5405
   23780      40.5746
   23781      40.6220
   23782      40.4648
   23783      39.9585
   23784      40.1232
   23785      40.9849
   23786      40.4106
   23787      40.4748
   23788      40.8091
   23789      40.7068
   23790      40.4694
   23791      40.7479
   23792      40.5153
   23793      40.3877
   23794      40.7806
   23795      40.4478
   23796      40.6441
   23797      40.5245
   23798      40.2981
   23799      40.2990
   23800      40.7066
   23801      40.4791
   23802      40.4691
   23803      40.4990
   23804      40.2030
   23805      40.4959
   23806      40.3894
   23807      40.6659
   23808      40.5356
   23809      40.8845
   23810      40.6175
   23811      40.7938
   23812      40.5406
   23813      40.6207
   23814      40.6119
   23815      40.4262
   23816      40.3823
   23817      40.4006
   23818      40.2385
   23819      40.2149
   23820      40.5719
   23821      40.6228
   23822      40.4231
   23823      40.2231
   23824      40.4104
   23825      40.5104
   23826      40.3249
   23827      40.2892
   23828      40.4289
   23829      40.5822
   23830      41.3769
   23831      40.4028
   23832      40.5400
   23833      40.6908
   23834      41.0634
   23835      40.5726
   23836      40.5278
   23837      40.2060
   23838      39.8341
   23839      40.3342
   23840      40.8794
   23841      40.3919
   23842      40.7742
   23843      40.5863
   23844      40.0649
   23845      40.8123
   23846      41.0807
   23847      40.5089
   23848      41.0723
   23849      40.6916
   23850      40.3187
   23851      40.2747
   23852      40.7192
   23853      40.6012
   23854      40.5110
   23855      40.4243
   23856      41.0024
   23857      40.4850
   23858      40.4506
   23859      40.4503
   23860      40.8257
   23861      40.7843
   23862      40.6429
   23863      40.4060
   23864      40.6105
   23865      40.6395
   23866      40.9126
   23867      40.5729
   23868      40.5758
   23869      40.3817
   23870      40.9835
   23871      40.9450
   23872      40.2888
   23873      40.3712
   23874      40.4142
   23875      40.5762
   23876      40.3712
   23877      40.3512
   23878      40.0857
   23879      40.5525
   23880      40.3183
   23881      40.5897
   23882      40.8652
   23883      41.1034
   23884      40.7513
   23885      40.8496
   23886      40.5261
   23887      40.6459
   23888      40.9670
   23889      41.2998
   23890      40.7126
   23891      40.4630
   23892      40.8252
   23893      41.0933
   23894      40.9156
   23895      40.4424
   23896      41.4480
   23897      40.7319
   23898      40.7150
   23899      41.1065
   23900      40.9609
   23901      40.9249
   23902      40.7761
   23903      40.8858
   23904      41.1285
   23905      41.0610
   23906      41.2701
   23907      40.7803
   23908      41.0138
   23909      40.5871
   23910      40.6495
   23911      40.8277
   23912      40.9704
   23913      40.7642
   23914      41.0917
   23915      41.2429
   23916      41.0480
   23917      40.7005
   23918      40.4364
   23919      40.5252
   23920      40.6456
   23921      40.2518
   23922      40.4346
   23923      40.9212
   23924      41.0498
   23925      40.7487
   23926      40.8294
   23927      40.8695
   23928      40.3744
   23929      40.4378
   23930      40.7363
   23931      40.5928
   23932      40.7111
   23933      40.9570
   23934      40.7697
   23935      40.3902
   23936      40.9827
   23937      40.8671
   23938      41.1227
   23939      40.6374
   23940      40.7318
   23941      40.4876
   23942      40.6455
   23943      40.8388
   23944      40.9674
   23945      40.9487
   23946      41.0152
   23947      40.5901
   23948      40.5847
   23949      40.7643
   23950      41.0307
   23951      40.1826
   23952      40.3859
   23953      41.2979
   23954      40.9065
   23955      41.0334
   23956      40.8947
   23957      40.5374
   23958      41.2287
   23959      40.8079
   23960      40.9680
   23961      40.9311
   23962      41.0389
   23963      41.2483
   23964      41.1426
   23965      40.9577
   23966      40.9988
   23967      40.5678
   23968      40.5047
   23969      40.7901
   23970      40.7546
   23971      41.2797
   23972      40.9633
   23973      40.5575
   23974      40.7330
   23975      40.9272
   23976      41.2471
   23977      40.8704
   23978      41.0033
   23979      40.8470
   23980      41.0690
   23981      41.2638
   23982      41.3494
   23983      41.3051
   23984      41.5151
   23985      41.0020
   23986      41.2225
   23987      41.2077
   23988      41.1157
   23989      41.1024
   23990      41.0596
   23991      41.1130
   23992      40.8206
   23993      41.4832
   23994      40.8159
   23995      40.3003
   23996      40.6692
   23997      40.5462
   23998      40.6021
   23999      40.7988
   24000      40.5174
   24001      40.6191
   24002      40.7597
   24003      40.7446
   24004      40.7335
   24005      40.7636
   24006      40.7936
   24007      41.5015
   24008      41.3084
   24009      41.0490
   24010      40.9508
   24011      40.6471
   24012      40.7686
   24013      41.0696
   24014      41.2681
   24015      40.7653
   24016      40.8478
   24017      41.1890
   24018      41.0511
   24019      40.8949
   24020      40.8741
   24021      40.9078
   24022      40.7069
   24023      40.8775
   24024      40.8680
   24025      41.2206
   24026      40.9773
   24027      40.8141
   24028      40.9764
   24029      40.9767
   24030      41.0871
   24031      41.0577
   24032      40.8173
   24033      40.7483
   24034      40.9018
   24035      40.7915
   24036      40.7890
   24037      41.0297
   24038      40.7946
   24039      41.1813
   24040      41.2353
   24041      41.1670
   24042      41.2490
   24043      40.7190
   24044      40.6213
   24045      40.7445
   24046      40.8599
   24047      41.0155
   24048      41.0512
   24049      41.2532
   24050      40.7889
   24051      40.6674
   24052      40.7494
   24053      40.5658
   24054      40.5796
   24055      41.5042
   24056      40.6623
   24057      41.0395
   24058      41.3492
   24059      40.9768
   24060      40.7817
   24061      41.0245
   24062      40.3829
   24063      40.6319
   24064      40.6732
   24065      40.6700
   24066      41.3719
   24067      40.7438
   24068      40.9327
   24069      40.6804
   24070      40.8119
   24071      40.8557
   24072      40.8877
   24073      41.2306
   24074      40.9170
   24075      40.3544
   24076      40.8340
   24077      40.9008
   24078      41.4036
   24079      40.9249
   24080      41.0974
   24081      41.0805
   24082      40.5893
   24083      40.8891
   24084      41.2336
   24085      40.7458
   24086      41.1640
   24087      40.9972
   24088      40.9908
   24089      41.2304
   24090      40.6461
   24091      41.1056
   24092      41.1401
   24093      40.6303
   24094      40.8376
   24095      40.6479
   24096      40.7907
   24097      40.9375
   24098      40.8269
   24099      40.2237
   24100      40.4361
   24101      40.9785
   24102      41.3887
   24103      41.2912
   24104      41.1939
   24105      41.0920
   24106      40.8683
   24107      40.8684
   24108      40.7053
   24109      40.6923
   24110      40.8186
   24111      40.5397
   24112      40.7450
   24113      40.8589
   24114      40.9514
   24115      40.6101
   24116      41.0136
   24117      40.9426
   24118      41.1606
   24119      40.9030
   24120      41.2857
   24121      41.2943
   24122      40.7735
   24123      40.7082
   24124      40.8293
   24125      40.7468
   24126      40.6514
   24127      40.7186
   24128      40.3852
   24129      40.5966
   24130      41.1965
   24131      40.6867
   24132      40.7045
   24133      40.3744
   24134      40.7035
   24135      40.6563
   24136      40.6664
   24137      40.7301
   24138      40.7144
   24139      40.1011
   24140      40.2142
   24141      40.6907
   24142      40.3929
   24143      40.5829
   24144      40.5650
   24145      40.5525
   24146      40.7111
   24147      40.3854
   24148      40.5747
   24149      40.9080
   24150      40.6949
   24151      40.7938
   24152      40.6797
   24153      41.2902
   24154      40.6686
   24155      41.1815
   24156      40.8176
   24157      40.9029
   24158      40.4207
   24159      40.7595
   24160      40.6982
   24161      41.1263
   24162      40.5926
   24163      40.5370
   24164      40.4043
   24165      41.2347
   24166      40.5559
   24167      40.9008
   24168      40.8798
   24169      40.9622
   24170      41.1237
   24171      40.6196
   24172      41.1375
   24173      41.0433
   24174      41.2072
   24175      40.9906
   24176      40.5782
   24177      40.5894
   24178      40.1243
   24179      40.3262
   24180      40.6444
   24181      40.4623
   24182      40.8072
   24183      40.7648
   24184      40.7872
   24185      40.7168
   24186      41.0848
   24187      40.9804
   24188      40.7287
   24189      40.7223
   24190      40.7021
   24191      40.6915
   24192      40.7278
   24193      39.9680
   24194      40.7026
   24195      40.5410
   24196      40.5558
   24197      40.7004
   24198      40.3833
   24199      40.5517
   24200      40.9255
   24201      40.7631
   24202      40.5480
   24203      40.8690
   24204      40.6161
   24205      40.8845
   24206      40.7679
   24207      41.2162
   24208      40.8356
   24209      40.6823
   24210      40.8302
   24211      40.5078
   24212      40.8388
   24213      40.7239
   24214      40.4465
   24215      40.9756
   24216      40.9923
   24217      41.3902
   24218      40.9856
   24219      40.8710
   24220      41.0489
   24221      40.8813
   24222      40.5424
   24223      40.7831
   24224      40.5478
   24225      40.3859
   24226      40.5909
   24227      40.7135
   24228      40.4358
   24229      40.7043
   24230      40.7087
   24231      40.4539
   24232      40.6279
   24233      41.0659
   24234      40.6896
   24235      40.6294
   24236      40.5181
   24237      40.6427
   24238      40.6299
   24239      40.6237
   24240      40.6446
   24241      40.9233
   24242      40.6725
   24243      40.4355
   24244      40.7709
   24245      40.9096
   24246      40.8571
   24247      40.9761
   24248      40.6313
   24249      41.1297
   24250      41.1326
   24251      40.7974
   24252      40.3615
   24253      40.3017
   24254      40.5846
   24255      40.8148
   24256      40.9790
   24257      40.8794
   24258      40.4252
   24259      40.5720
   24260      40.6998
   24261      40.7911
   24262      40.8561
   24263      40.9087
   24264      40.9544
   24265      40.7518
   24266      40.1031
   24267      41.0635
   24268      40.8162
   24269      41.1445
   24270      40.8762
   24271      40.9785
   24272      40.6824
   24273      40.2338
   24274      40.5183
   24275      40.4085
   24276      40.4087
   24277      40.7056
   24278      41.0341
   24279      40.7530
   24280      41.1190
   24281      41.2075
   24282      41.2277
   24283      40.6828
   24284      41.0140
   24285      41.9505
   24286      40.8302
   24287      40.8626
   24288      41.2514
   24289      40.8171
   24290      40.6936
   24291      41.3211
   24292      41.1093
   24293      41.3694
   24294      41.2749
   24295      41.0659
   24296      41.1242
   24297      41.0147
   24298      41.0446
   24299      40.6133
   24300      40.9043
   24301      41.0576
   24302      41.1031
   24303      41.4828
   24304      41.0695
   24305      41.0945
   24306      40.8216
   24307      40.7842
   24308      40.8130
   24309      40.9108
   24310      41.1005
   24311      40.8818
   24312      41.1610
   24313      41.0224
   24314      40.9029
   24315      41.0471
   24316      41.6314
   24317      40.4582
   24318      40.9690
   24319      40.4133
   24320      40.9643
   24321      40.6649
   24322      41.1564
   24323      41.0337
   24324      40.8304
   24325      40.8181
   24326      41.0254
   24327      41.1392
   24328      41.0337
   24329      40.9038
   24330      41.3877
   24331      41.1229
   24332      40.8494
   24333      40.4474
   24334      41.1496
   24335      41.1181
   24336      40.8692
   24337      40.8575
   24338      41.0924
   24339      40.6204
   24340      40.7980
   24341      41.3482
   24342      40.6128
   24343      40.8385
   24344      40.7982
   24345      41.3097
   24346      41.2883
   24347      40.4272
   24348      40.7986
   24349      41.2834
   24350      41.2285
   24351      41.0133
   24352      40.9776
   24353      40.6302
   24354      40.8095
   24355      40.7900
   24356      40.2868
   24357      40.6208
   24358      40.5755
   24359      40.7005
   24360      40.4000
   24361      40.6802
   24362      41.2762
   24363      40.6914
   24364      40.4516
   24365      40.7222
   24366      40.3004
   24367      40.2639
   24368      40.4876
   24369      40.3103
   24370      40.6029
   24371      40.3074
   24372      40.6860
   24373      40.5564
   24374      40.7179
   24375      40.6618
   24376      40.3521
   24377      40.3112
   24378      40.9625
   24379      40.8611
   24380      40.5569
   24381      41.0098
   24382      40.5555
   24383      40.8459
   24384      41.2216
   24385      41.1533
   24386      41.0581
   24387      40.8019
   24388      41.0097
   24389      40.6146
   24390      41.0958
   24391      40.7227
   24392      41.1140
   24393      40.7874
   24394      40.9953
   24395      41.1358
   24396      41.6275
   24397      41.2381
   24398      40.8857
   24399      40.7289
   24400      40.9039
   24401      40.9041
   24402      40.4692
   24403      40.5026
   24404      41.1831
   24405      40.3298
   24406      40.9385
   24407      41.0252
   24408      40.7603
   24409      41.2510
   24410      41.0716
   24411      40.6930
   24412      40.5268
   24413      40.4843
   24414      40.0963
   24415      40.5978
   24416      41.1316
   24417      40.8714
   24418      40.7757
   24419      41.2042
   24420      41.0537
   24421      41.2386
   24422      41.1595
   24423      40.4638
   24424      40.9577
   24425      40.5483
   24426      40.9891
   24427      41.0696
   24428      41.0244
   24429      40.6548
   24430      40.7615
   24431      40.8917
   24432      41.6819
   24433      41.0820
   24434      41.6103
   24435      41.5103
   24436      41.5465
   24437      40.5723
   24438      40.6098
   24439      41.0317
   24440      40.6840
   24441      41.1209
   24442      40.9258
   24443      41.1905
   24444      40.7999
   24445      41.2166
   24446      40.8713
   24447      41.2288
   24448      41.5913
   24449      41.0062
   24450      40.5077
   24451      40.8880
   24452      40.5302
   24453      40.4360
   24454      40.6401
   24455      40.5754
   24456      40.2362
   24457      40.6058
   24458      40.8697
   24459      40.7385
   24460      40.8702
   24461      40.7156
   24462      40.7158
   24463      40.7417
   24464      40.9708
   24465      40.9761
   24466      40.7373
   24467      40.8503
   24468      40.7208
   24469      40.9538
   24470      41.3613
   24471      41.1645
   24472      40.6785
   24473      40.8110
   24474      40.8112
   24475      40.8103
   24476      41.0303
   24477      40.4318
   24478      40.6465
   24479      40.6770
   24480      40.4935
   24481      41.0247
   24482      41.0280
   24483      40.8505
   24484      40.8947
   24485      40.8704
   24486      40.3686
   24487      40.7201
   24488      40.5755
   24489      40.7048
   24490      41.0377
   24491      40.9146
   24492      40.7960
   24493      40.7930
   24494      40.9709
   24495      41.3084
   24496      40.4714
   24497      40.6078
   24498      40.9146
   24499      40.7906
   24500      41.2357
   24501      40.6875
   24502      40.5992
   24503      40.7510
   24504      40.9339
   24505      40.9182
   24506      41.0570
   24507      40.5740
   24508      40.6539
   24509      40.6885
   24510      40.3595
   24511      40.5317
   24512      40.2237
   24513      40.9422
   24514      40.9300
   24515      40.4726
   24516      40.3730
   24517      40.7809
   24518      40.4396
   24519      40.3516
   24520      40.6354
   24521      40.7846
   24522      40.5564
   24523      41.2011
   24524      40.6632
   24525      40.8241
   24526      40.9436
   24527      40.7706
   24528      40.7898
   24529      40.4987
   24530      40.4213
   24531      40.1623
   24532      40.3647
   24533      40.7571
   24534      40.9542
   24535      40.5878
   24536      40.3558
   24537      40.2344
   24538      40.3927
   24539      40.7176
   24540      40.7911
   24541      41.3476
   24542      40.3371
   24543      40.4407
   24544      40.3516
   24545      40.5728
   24546      40.1164
   24547      40.8547
   24548      40.1519
   24549      40.5214
   24550      40.2615
   24551      40.1539
   24552      40.2890
   24553      40.3065
   24554      39.8298
   24555      40.1663
   24556      39.8987
   24557      40.3994
   24558      40.8032
   24559      40.1492
   24560      40.2717
   24561      40.1908
   24562      39.9698
   24563      40.2108
   24564      40.2501
   24565      41.0113
   24566      40.8189
   24567      40.3194
   24568      40.3511
   24569      40.3859
   24570      40.6986
   24571      41.1169
   24572      40.5716
   24573      41.0312
   24574      40.3924
   24575      40.4894
   24576      40.3480
   24577      41.0177
   24578      41.5950
   24579      41.1334
   24580      41.4695
   24581      40.9944
   24582      41.3605
   24583      41.3669
   24584      41.6762
   24585      41.4996
   24586      41.7004
   24587      41.2658
   24588      41.4894
   24589      41.2794
   24590      40.8419
   24591      40.7000
   24592      41.2555
   24593      41.4170
   24594      40.6708
   24595      40.3465
   24596      40.4253
   24597      40.3509
   24598      40.6890
   24599      40.4500
   24600      40.4041
   24601      40.6374
   24602      40.1536
   24603      40.6002
   24604      40.1839
   24605      39.9889
   24606      40.3017
   24607      39.8682
   24608      39.8728
   24609      40.0066
   24610      40.0124
   24611      40.5563
   24612      40.1649
   24613      40.2218
   24614      40.2776
   24615      40.2039
   24616      40.0366
   24617      39.8683
   24618      39.9688
   24619      40.4110
   24620      40.5530
   24621      40.5500
   24622      40.1540
   24623      40.2710
   24624      40.4575
   24625      40.2062
   24626      39.7053
   24627      39.7895
   24628      39.7381
   24629      39.7180
   24630      39.9027
   24631      39.6961
   24632      40.4889
   24633      40.4303
   24634      40.7842
   24635      40.2009
   24636      39.8383
   24637      40.3393
   24638      40.2574
   24639      40.2954
   24640      39.3878
   24641      40.0220
   24642      40.5127
   24643      40.8069
   24644      40.4277
   24645      40.5544
   24646      40.5327
   24647      40.6177
   24648      40.1030
   24649      40.6689
   24650      40.4005
   24651      40.7195
   24652      40.7573
   24653      40.6977
   24654      40.4945
   24655      40.9002
   24656      40.3944
   24657      40.6409
   24658      40.3720
   24659      40.4661
   24660      41.0806
   24661      40.3944
   24662      40.7882
   24663      39.9781
   24664      40.6326
   24665      40.4988
   24666      40.6479
   24667      40.4915
   24668      40.3948
   24669      40.2335
   24670      40.5182
   24671      40.0293
   24672      40.4206
   24673      40.3024
   24674      40.4609
   24675      40.6313
   24676      40.4773
   24677      40.0603
   24678      40.0617
   24679      40.4190
   24680      40.6387
   24681      40.8900
   24682      40.6433
   24683      40.4764
   24684      40.1311
   24685      40.5149
   24686      40.5728
   24687      40.7910
   24688      40.4491
   24689      40.3472
   24690      40.3480
   24691      40.3236
   24692      40.1895
   24693      40.1216
   24694      39.9889
   24695      40.1644
   24696      40.9224
   24697      40.1583
   24698      40.5477
   24699      40.7734
   24700      40.7610
   24701      40.5053
   24702      40.3640
   24703      40.3556
   24704      40.4768
   24705      40.7696
   24706      40.0774
   24707      40.2591
   24708      40.3612
   24709      40.0060
   24710      40.9498
   24711      40.0304
   24712      40.2494
   24713      40.5282
   24714      40.3349
   24715      40.4361
   24716      40.4867
   24717      40.6748
   24718      40.1529
   24719      40.4115
   24720      40.3320
   24721      39.8120
   24722      40.0845
   24723      40.2705
   24724      40.1518
   24725      40.0549
   24726      40.7764
   24727      40.4277
   24728      40.4513
   24729      40.3281
   24730      40.2572
   24731      40.3668
   24732      40.1222
   24733      39.9301
   24734      40.2635
   24735      40.3589
   24736      40.9113
   24737      40.3502
   24738      40.6273
   24739      40.9710
   24740      40.2592
   24741      40.2339
   24742      40.6320
   24743      40.5027
   24744      40.9141
   24745      40.6325
   24746      40.5541
   24747      40.3515
   24748      40.7839
   24749      40.6178
   24750      40.1667
   24751      40.1455
   24752      40.0444
   24753      40.5600
   24754      40.8768
   24755      40.8412
   24756      41.3074
   24757      40.7880
   24758      41.0489
   24759      40.3634
   24760      40.4353
   24761      40.7660
   24762      40.4073
   24763      40.7073
   24764      40.3423
   24765      40.4869
   24766      40.5755
   24767      40.6168
   24768      40.6953
   24769      41.3422
   24770      40.6016
   24771      40.9098
   24772      41.2855
   24773      40.5664
   24774      40.8645
   24775      41.0197
   24776      40.9638
   24777      40.5764
   24778      40.5345
   24779      40.8613
   24780      40.9633
   24781      41.2459
   24782      41.1441
   24783      40.6378
   24784      40.2982
   24785      40.8203
   24786      40.8811
   24787      40.6871
   24788      41.0926
   24789      40.6055
   24790      40.7683
   24791      40.4478
   24792      40.6026
   24793      40.8581
   24794      40.1426
   24795      40.7969
   24796      40.8710
   24797      41.1551
   24798      40.9904
   24799      40.9746
   24800      40.8587
   24801      41.4879
   24802      40.8362
   24803      41.1384
   24804      41.3009
   24805      40.6253
   24806      40.9820
   24807      41.1993
   24808      41.8644
   24809      41.0987
   24810      40.9719
   24811      41.3137
   24812      40.9696
   24813      41.0507
   24814      41.4483
   24815      41.0292
   24816      40.7985
   24817      40.3248
   24818      40.2903
   24819      40.4002
   24820      40.3154
   24821      40.5509
   24822      40.1898
   24823      40.2428
   24824      40.0198
   24825      40.0063
   24826      39.8450
   24827      40.3028
   24828      40.4079
   24829      40.5179
   24830      40.1747
   24831      40.3231
   24832      40.2999
   24833      40.2658
   24834      40.4693
   24835      40.2602
   24836      40.2467
   24837      39.8943
   24838      40.5162
   24839      40.3289
   24840      39.7230
   24841      40.0414
   24842      40.0411
   24843      40.2499
   24844      40.3244
   24845      40.0919
   24846      40.3366
   24847      40.2759
   24848      40.2466
   24849      40.2382
   24850      40.2105
   24851      40.2443
   24852      40.3609
   24853      40.5374
   24854      40.2224
   24855      40.4569
   24856      40.3899
   24857      40.1414
   24858      40.0322
   24859      40.4737
   24860      40.6625
   24861      40.7630
   24862      40.4825
   24863      40.1554
   24864      40.4277
   24865      40.1759
   24866      39.9798
   24867      40.0608
   24868      39.8981
   24869      40.0898
   24870      40.2491
   24871      40.6613
   24872      40.6340
   24873      40.2371
   24874      40.5819
   24875      40.3092
   24876      41.1217
   24877      40.7222
   24878      40.3796
   24879      40.9797
   24880      40.2901
   24881      40.8592
   24882      40.8843
   24883      40.7523
   24884      40.6196
   24885      40.8220
   24886      40.8735
   24887      40.8296
   24888      40.8040
   24889      40.8033
   24890      40.8534
   24891      40.5632
   24892      40.4479
   24893      40.4921
   24894      40.3564
   24895      40.0230
   24896      40.4745
   24897      40.6852
   24898      40.7776
   24899      40.6235
   24900      41.0540
   24901      40.8239
   24902      40.5032
   24903      40.5238
   24904      40.9623
   24905      41.2295
   24906      41.2455
   24907      40.9102
   24908      41.2893
   24909      40.6564
   24910      40.5964
   24911      40.4333
   24912      40.8783
   24913      40.9338
   24914      40.5811
   24915      40.7390
   24916      40.8571
   24917      40.9760
   24918      40.7648
   24919      40.5889
   24920      40.7755
   24921      40.8113
   24922      40.2275
   24923      41.1401
   24924      40.8782
   24925      41.2312
   24926      40.5183
   24927      40.1770
   24928      40.6882
   24929      40.2878
   24930      40.4291
   24931      40.7582
   24932      40.7954
   24933      41.1118
   24934      41.3350
   24935      41.4944
   24936      40.9759
   24937      40.7109
   24938      40.9352
   24939      41.0756
   24940      41.1549
   24941      41.2539
   24942      41.0007
   24943      40.6601
   24944      40.9219
   24945      40.9658
   24946      40.8995
   24947      40.8237
   24948      41.1886
   24949      40.7991
   24950      40.9504
   24951      40.6411
   24952      40.3513
   24953      40.5056
   24954      40.3509
   24955      40.7617
   24956      40.9160
   24957      40.9737
   24958      40.5175
   24959      40.8138
   24960      40.8227
   24961      40.7794
   24962      40.7353
   24963      40.7911
   24964      40.8858
   24965      40.5952
   24966      40.6214
   24967      41.0791
   24968      40.7418
   24969      41.0245
   24970      40.6128
   24971      40.6228
   24972      40.7709
   24973      40.3409
   24974      40.7592
   24975      40.7386
   24976      40.7968
   24977      40.8606
   24978      40.6736
   24979      40.9267
   24980      40.7818
   24981      40.5269
   24982      41.2277
   24983      40.6154
   24984      40.9318
   24985      40.8416
   24986      40.8883
   24987      40.6083
   24988      40.6946
   24989      41.1603
   24990      41.1427
   24991      41.0051
   24992      40.9796
   24993      40.5379
   24994      40.7763
   24995      40.9809
   24996      40.7935
   24997      40.9435
   24998      40.7969
   24999      40.6386
   25000      40.6606
   25001      40.7527
   25002      40.4459
   25003      40.2639
   25004      40.5627
   25005      40.4660
   25006      41.0446
   25007      40.5983
   25008      40.7520
   25009      40.7419
   25010      40.7752
   25011      40.9543
   25012      40.3331
   25013      40.4852
   25014      40.9477
   25015      41.3787
   25016      40.8584
   25017      40.9262
   25018      40.7642
   25019      40.9203
   25020      40.9304
   25021      41.2860
   25022      40.5427
   25023      40.8484
   25024      40.7354
   25025      40.9846
   25026      40.9685
   25027      40.9238
   25028      40.9316
   25029      40.6086
   25030      40.8206
   25031      40.6934
   25032      40.6488
   25033      40.8017
   25034      40.1891
   25035      41.0113
   25036      41.2915
   25037      40.4767
   25038      40.9574
   25039      40.9173
   25040      40.8358
   25041      40.6432
   25042      40.7103
   25043      40.6212
   25044      40.4332
   25045      40.7771
   25046      40.5626
   25047      40.5858
   25048      40.9217
   25049      40.7954
   25050      40.4316
   25051      41.0488
   25052      40.9134
   25053      40.4868
   25054      40.5185
   25055      41.2159
   25056      40.6474
   25057      40.2272
   25058      40.6253
   25059      41.0224
   25060      41.0374
   25061      40.6625
   25062      40.9135
   25063      40.7253
   25064      41.0081
   25065      41.0178
   25066      40.5683
   25067      40.8251
   25068      40.9284
   25069      40.5513
   25070      40.8274
   25071      40.7658
   25072      40.6137
   25073      40.5669
   25074      40.4648
   25075      40.8675
   25076      40.5455
   25077      40.2745
   25078      40.7567
   25079      40.5768
   25080      40.6761
   25081      40.8385
   25082      40.5545
   25083      40.5393
   25084      40.8812
   25085      40.7508
   25086      40.5519
   25087      40.6995
   25088      40.5210
   25089      41.0220
   25090      40.6340
   25091      41.1837
   25092      41.0076
   25093      41.0875
   25094      40.6150
   25095      40.8101
   25096      41.0352
   25097      40.7793
   25098      40.7442
   25099      40.6902
   25100      40.6341
   25101      41.0739
   25102      40.5826
   25103      40.4953
   25104      40.5635
   25105      40.5970
   25106      40.5607
   25107      40.6193
   25108      40.8318
   25109      40.4075
   25110      40.4355
   25111      40.4296
   25112      40.9399
   25113      40.9001
   25114      40.6761
   25115      40.6450
   25116      40.8042
   25117      40.3873
   25118      40.6429
   25119      40.5897
   25120      40.8000
   25121      40.6715
   25122      40.6548
   25123      40.8181
   25124      40.7232
   25125      40.9020
   25126      40.3196
   25127      40.4893
   25128      40.7635
   25129      40.3968
   25130      40.5496
   25131      40.3791
   25132      40.6029
   25133      40.2943
   25134      40.6923
   25135      40.7383
   25136      41.0128
   25137      41.2966
   25138      40.9555
   25139      41.0879
   25140      41.3063
   25141      40.5025
   25142      40.4753
   25143      40.5491
   25144      40.9419
   25145      40.7054
   25146      40.8149
   25147      41.0989
   25148      40.6225
   25149      40.5504
   25150      40.9104
   25151      40.7810
   25152      40.8974
   25153      40.5662
   25154      41.0496
   25155      40.5958
   25156      40.7570
   25157      40.4833
   25158      40.6209
   25159      40.5459
   25160      40.8872
   25161      40.3076
   25162      40.2227
   25163      40.6714
   25164      40.7202
   25165      40.6183
   25166      40.4752
   25167      40.8152
   25168      40.6211
   25169      40.6463
   25170      40.7066
   25171      40.5475
   25172      40.7179
   25173      41.0240
   25174      40.5234
   25175      40.6706
   25176      40.5865
   25177      40.7618
   25178      40.8221
   25179      40.8429
   25180      41.0893
   25181      41.2115
   25182      40.8527
   25183      40.8347
   25184      40.9130
   25185      40.8979
   25186      40.9645
   25187      41.2128
   25188      41.1969
   25189      40.9390
   25190      41.1435
   25191      41.2189
   25192      40.9455
   25193      40.8528
   25194      40.7902
   25195      40.8680
   25196      40.9931
   25197      40.9031
   25198      41.0201
   25199      41.3682
   25200      40.9664
   25201      41.2780
   25202      40.8143
   25203      40.4124
   25204      40.5875
   25205      40.7798
   25206      40.4398
   25207      40.8906
   25208      40.7073
   25209      40.5747
   25210      40.5505
   25211      40.8606
   25212      40.8524
   25213      40.1785
   25214      40.1477
   25215      40.2898
   25216      40.3219
   25217      40.4810
   25218      40.0681
   25219      40.6949
   25220      40.3983
   25221      40.1494
   25222      40.6303
   25223      40.3681
   25224      40.4695
   25225      40.3306
   25226      39.9483
   25227      40.1797
   25228      39.7826
   25229      40.1083
   25230      40.4164
   25231      40.0799
   25232      40.2459
   25233      40.2642
   25234      40.5676
   25235      40.1953
   25236      40.2767
   25237      40.5537
   25238      40.1443
   25239      40.6547
   25240      40.4911
   25241      40.6062
   25242      40.8867
   25243      40.9834
   25244      41.1251
   25245      40.7375
   25246      40.7882
   25247      40.3085
   25248      40.1872
   25249      40.3640
   25250      40.6848
   25251      41.0068
   25252      40.5404
   25253      40.6687
   25254      40.4671
   25255      40.4194
   25256      40.7065
   25257      40.4817
   25258      40.6900
   25259      41.0578
   25260      41.0088
   25261      40.7491
   25262      40.5235
   25263      40.7478
   25264      40.5497
   25265      40.1447
   25266      40.3294
   25267      40.6449
   25268      40.4268
   25269      40.3821
   25270      40.2575
   25271      39.9914
   25272      40.4968
   25273      40.7799
   25274      40.3776
   25275      40.8586
   25276      40.6747
   25277      40.4816
   25278      40.6623
   25279      40.5060
   25280      40.8654
   25281      40.6530
   25282      40.7862
   25283      40.5937
   25284      40.8108
   25285      40.7652
   25286      40.8599
   25287      40.7516
   25288      40.6543
   25289      40.5697
   25290      40.8417
   25291      40.9354
   25292      40.8341
   25293      40.6766
   25294      40.9956
   25295      40.6214
   25296      40.2149
   25297      40.8408
   25298      40.8488
   25299      40.7217
   25300      40.9278
   25301      40.4259
   25302      40.4135
   25303      40.0888
   25304      40.3182
   25305      39.9944
   25306      40.2746
   25307      40.6738
   25308      40.3520
   25309      40.4517
   25310      40.6363
   25311      40.7082
   25312      40.6861
   25313      40.4859
   25314      40.3192
   25315      40.1243
   25316      40.2675
   25317      40.1842
   25318      40.2941
   25319      40.2053
   25320      40.7157
   25321      40.5343
   25322      40.9014
   25323      40.2769
   25324      40.3251
   25325      40.4872
   25326      40.5570
   25327      40.6818
   25328      40.7622
   25329      40.2987
   25330      40.7895
   25331      40.7511
   25332      40.6972
   25333      40.5756
   25334      40.5808
   25335      40.6485
   25336      40.3942
   25337      40.9127
   25338      40.6389
   25339      40.6106
   25340      40.4593
   25341      40.5560
   25342      40.2088
   25343      40.1846
   25344      40.4001
   25345      40.4959
   25346      40.6491
   25347      40.4631
   25348      40.4848
   25349      40.4817
   25350      40.3928
   25351      40.7600
   25352      41.2600
   25353      41.0636
   25354      40.9997
   25355      41.0347
   25356      41.0787
   25357      40.5785
   25358      40.9294
   25359      41.4502
   25360      41.2229
   25361      41.3995
   25362      41.1124
   25363      40.5682
   25364      40.6227
   25365      40.1918
   25366      40.4787
   25367      40.6390
   25368      40.4248
   25369      40.4851
   25370      41.0315
   25371      40.7103
   25372      40.7962
   25373      40.2813
   25374      39.9796
   25375      40.5454
   25376      40.2748
   25377      40.4507
   25378      40.7178
   25379      40.6768
   25380      40.4349
   25381      40.5561
   25382      40.8884
   25383      40.5324
   25384      40.5478
   25385      40.5608
   25386      40.7301
   25387      40.4073
   25388      40.2661
   25389      39.8857
   25390      39.9948
   25391      40.5319
   25392      40.2659
   25393      40.2240
   25394      40.2685
   25395      40.6233
   25396      40.2584
   25397      40.8463
   25398      40.6006
   25399      40.3576
   25400      40.5337
   25401      40.7766
   25402      40.8365
   25403      40.6330
   25404      41.0453
   25405      40.7361
   25406      39.9516
   25407      40.3448
   25408      40.5442
   25409      40.7475
   25410      40.8614
   25411      40.3804
   25412      40.1969
   25413      40.3278
   25414      40.7542
   25415      40.5958
   25416      40.7626
   25417      40.8004
   25418      40.4114
   25419      40.5381
   25420      40.6802
   25421      40.9258
   25422      40.2702
   25423      40.5575
   25424      40.5209
   25425      40.5004
   25426      40.7168
   25427      40.5622
   25428      40.3484
   25429      40.3666
   25430      40.8064
   25431      40.8260
   25432      40.8245
   25433      40.0422
   25434      40.4106
   25435      40.4726
   25436      40.4596
   25437      40.7925
   25438      40.5696
   25439      40.7011
   25440      40.8418
   25441      40.9886
   25442      40.4182
   25443      40.3491
   25444      40.8761
   25445      41.0523
   25446      40.8765
   25447      40.6115
   25448      40.3611
   25449      40.6442
   25450      41.0279
   25451      40.5555
   25452      40.6609
   25453      40.7983
   25454      40.4577
   25455      40.9528
   25456      41.1390
   25457      40.8056
   25458      40.6449
   25459      40.9607
   25460      40.4984
   25461      40.8279
   25462      40.3036
   25463      40.6191
   25464      40.6199
   25465      40.4402
   25466      40.4953
   25467      40.7012
   25468      40.7288
   25469      40.0832
   25470      41.0241
   25471      40.4041
   25472      41.0424
   25473      40.2797
   25474      40.5788
   25475      40.2522
   25476      40.4377
   25477      40.9079
   25478      40.7512
   25479      40.8147
   25480      40.2147
   25481      40.7687
   25482      40.7702
   25483      40.7779
   25484      40.9955
   25485      40.6290
   25486      40.7135
   25487      40.5932
   25488      41.2499
   25489      40.8762
   25490      40.5847
   25491      40.6982
   25492      40.9909
   25493      40.9833
   25494      41.1063
   25495      40.8558
   25496      40.7440
   25497      40.6562
   25498      40.4218
   25499      40.3578
   25500      40.4561
   25501      40.0441
   25502      40.0145
   25503      40.6657
   25504      40.2830
   25505      40.2314
   25506      40.2241
   25507      40.2304
   25508      40.4086
   25509      40.4500
   25510      40.3243
   25511      40.5969
   25512      40.5733
   25513      40.3090
   25514      40.9633
   25515      40.6132
   25516      40.2600
   25517      40.2803
   25518      40.6941
   25519      40.7645
   25520      40.1142
   25521      40.4029
   25522      40.1344
   25523      40.1109
   25524      39.7996
   25525      40.5006
   25526      40.5024
   25527      40.1298
   25528      40.4253
   25529      40.3254
   25530      40.1764
   25531      39.9995
   25532      40.3192
   25533      40.4196
   25534      40.7478
   25535      40.7900
   25536      40.5015
   25537      40.6030
   25538      40.6686
   25539      40.5683
   25540      40.9956
   25541      40.6710
   25542      40.7126
   25543      40.3282
   25544      40.5296
   25545      40.6704
   25546      40.7003
   25547      40.6664
   25548      40.7596
   25549      40.6958
   25550      39.9665
   25551      40.6545
   25552      40.6105
   25553      40.7097
   25554      40.7974
   25555      40.7769
   25556      40.6925
   25557      40.7757
   25558      40.5876
   25559      40.6425
   25560      40.4319
   25561      40.6395
   25562      40.4414
   25563      40.5374
   25564      40.5135
   25565      40.9595
   25566      40.6602
   25567      40.3876
   25568      40.4843
   25569      40.4969
   25570      40.6869
   25571      39.9584
   25572      40.4825
   25573      40.4239
   25574      40.6012
   25575      39.9184
   25576      40.0737
   25577      40.5953
   25578      40.2456
   25579      40.3146
   25580      40.3137
   25581      40.5514
   25582      40.4529
   25583      40.8866
   25584      40.3605
   25585      40.8386
   25586      40.8293
   25587      40.4651
   25588      40.6635
   25589      40.2039
   25590      40.7590
   25591      40.8694
   25592      40.6659
   25593      41.0070
   25594      40.7912
   25595      40.9242
   25596      40.7735
   25597      40.8841
   25598      40.8757
   25599      41.2872
   25600      40.8654
   25601      41.2820
   25602      41.1385
   25603      41.1268
   25604      41.1380
   25605      41.0414
   25606      41.0950
   25607      40.6516
   25608      40.5342
   25609      40.6761
   25610      40.8853
   25611      41.3853
   25612      40.6728
   25613      40.6491
   25614      41.0819
   25615      40.8269
   25616      40.8005
   25617      40.4863
   25618      40.7649
   25619      40.7044
   25620      40.5889
   25621      40.3409
   25622      40.4558
   25623      40.6259
   25624      40.8559
   25625      40.9899
   25626      40.5025
   25627      41.0873
   25628      40.7633
   25629      40.6661
   25630      40.7801
   25631      40.8003
   25632      40.4181
   25633      40.8696
   25634      40.7029
   25635      40.6591
   25636      40.1869
   25637      40.1598
   25638      40.7384
   25639      40.6163
   25640      41.1328
   25641      40.6829
   25642      40.7969
   25643      40.4094
   25644      40.7500
   25645      40.4103
   25646      40.4823
   25647      40.2960
   25648      40.7479
   25649      40.4758
   25650      40.9962
   25651      40.2605
   25652      40.7070
   25653      40.2998
   25654      40.7314
   25655      40.5563
   25656      40.6527
   25657      40.8294
   25658      40.4814
   25659      40.6899
   25660      40.5882
   25661      40.8537
   25662      40.7992
   25663      40.9546
   25664      40.9127
   25665      40.5646
   25666      40.8372
   25667      40.8568
   25668      41.1173
   25669      41.3322
   25670      41.6410
   25671      41.2808
   25672      41.3695
   25673      41.2966
   25674      41.4697
   25675      40.9992
   25676      41.5903
   25677      41.4799
   25678      41.7849
   25679      41.3892
   25680      41.2547
   25681      41.6375
   25682      41.4021
   25683      41.1729
   25684      41.3425
   25685      41.3300
   25686      41.3137
   25687      41.0967
   25688      41.0584
   25689      41.1708
   25690      40.8072
   25691      40.7160
   25692      40.9135
   25693      40.5166
   25694      40.9523
   25695      40.7396
   25696      40.8348
   25697      40.7035
   25698      41.4084
   25699      40.8798
   25700      41.0104
   25701      41.0200
   25702      41.0327
   25703      41.0453
   25704      41.2437
   25705      40.5579
   25706      41.0939
   25707      41.0538
   25708      40.8150
   25709      40.5863
   25710      40.4097
   25711      40.8700
   25712      40.9027
   25713      40.3036
   25714      40.6254
   25715      40.9619
   25716      41.1359
   25717      41.0705
   25718      41.1305
   25719      41.2294
   25720      40.8491
   25721      41.1330
   25722      40.9685
   25723      40.8791
   25724      40.8433
   25725      40.6463
   25726      40.3564
   25727      40.3250
   25728      40.7851
   25729      40.7357
   25730      40.5798
   25731      40.7310
   25732      40.8363
   25733      40.8147
   25734      41.2136
   25735      40.9296
   25736      40.5258
   25737      40.8346
   25738      41.1713
   25739      40.9746
   25740      40.7586
   25741      40.4658
   25742      40.5912
   25743      41.3970
   25744      41.3913
   25745      41.2508
   25746      41.0173
   25747      41.3230
   25748      40.5824
   25749      41.0531
   25750      40.6760
   25751      40.9080
   25752      40.7200
   25753      40.6852
   25754      40.6048
   25755      40.7113
   25756      41.1970
   25757      40.9121
   25758      41.0471
   25759      41.2127
   25760      41.5612
   25761      40.8629
   25762      41.0330
   25763      40.7301
   25764      41.0600
   25765      40.6669
   25766      40.5894
   25767      40.7732
   25768      40.7355
   25769      40.3860
   25770      41.1282
   25771      40.4666
   25772      40.4955
   25773      40.3280
   25774      40.3073
   25775      40.5904
   25776      40.6319
   25777      41.0153
   25778      41.0301
   25779      40.5248
   25780      41.3297
   25781      41.2930
   25782      41.1329
   25783      41.0815
   25784      41.0720
   25785      40.9061
   25786      41.1011
   25787      40.9354
   25788      41.1362
   25789      40.4677
   25790      40.8913
   25791      41.2350
   25792      40.9963
   25793      41.3571
   25794      40.9271
   25795      41.0575
   25796      40.8779
   25797      40.7685
   25798      40.9906
   25799      40.6353
   25800      40.6237
   25801      41.0167
   25802      41.5198
   25803      41.0805
   25804      40.5770
   25805      41.4935
   25806      40.7310
   25807      40.8394
   25808      40.9966
   25809      40.8982
   25810      41.2068
   25811      40.8073
   25812      41.0512
   25813      40.3850
   25814      40.6586
   25815      41.0174
   25816      40.2604
   25817      40.3664
   25818      40.5691
   25819      41.0302
   25820      40.4158
   25821      40.8263
   25822      40.2186
   25823      40.9683
   25824      40.3131
   25825      40.6520
   25826      40.4757
   25827      40.7871
   25828      41.0508
   25829      40.9493
   25830      40.6641
   25831      41.0634
   25832      40.9036
   25833      40.6374
   25834      40.5398
   25835      41.0952
   25836      40.8992
   25837      41.0949
   25838      41.2426
   25839      40.8110
   25840      41.0610
   25841      41.1753
   25842      40.8502
   25843      41.0591
   25844      41.2178
   25845      40.8942
   25846      41.3568
   25847      40.9962
   25848      41.1597
   25849      40.8932
   25850      40.5801
   25851      40.6024
   25852      40.5434
   25853      40.4383
   25854      40.6097
   25855      40.3913
   25856      40.4858
   25857      40.5938
   25858      40.7969
   25859      40.5690
   25860      41.3420
   25861      41.0282
   25862      40.2809
   25863      40.9710
   25864      40.8971
   25865      41.1254
   25866      41.3083
   25867      40.5086
   25868      40.7800
   25869      40.9179
   25870      40.9281
   25871      41.0638
   25872      40.6971
   25873      40.5054
   25874      40.2102
   25875      40.2648
   25876      40.2263
   25877      40.7665
   25878      40.6163
   25879      41.0152
   25880      40.4015
   25881      40.6897
   25882      40.8726
   25883      40.7367
   25884      41.0598
   25885      41.5101
   25886      41.1952
   25887      40.9995
   25888      41.3517
   25889      41.1694
   25890      41.3882
   25891      41.1138
   25892      41.4260
   25893      41.6278
   25894      41.3171
   25895      41.2106
   25896      41.2328
   25897      41.0720
   25898      41.5106
   25899      41.5984
   25900      41.3172
   25901      41.2338
   25902      41.3757
   25903      41.3865
   25904      40.6972
   25905      40.8318
   25906      41.5857
   25907      40.6816
   25908      41.3186
   25909      40.9774
   25910      40.7455
   25911      40.5553
   25912      40.1958
   25913      40.2555
   25914      40.3732
   25915      40.4118
   25916      40.6416
   25917      40.6520
   25918      40.9474
   25919      41.0432
   25920      40.4593
   25921      40.4208
   25922      40.6515
   25923      40.7292
   25924      40.9220
   25925      41.2202
   25926      40.9850
   25927      41.3279
   25928      41.2756
   25929      41.1364
   25930      41.3707
   25931      40.9600
   25932      40.7072
   25933      40.6642
   25934      40.5332
   25935      40.7776
   25936      41.0255
   25937      40.8276
   25938      40.8237
   25939      40.6907
   25940      40.3330
   25941      40.6196
   25942      40.5383
   25943      40.7135
   25944      41.0134
   25945      41.2943
   25946      41.0670
   25947      41.2917
   25948      41.1505
   25949      41.4246
   25950      40.9178
   25951      41.3489
   25952      41.3782
   25953      41.5951
   25954      41.4987
   25955      41.3467
   25956      41.3251
   25957      41.6807
   25958      41.4642
   25959      41.0637
   25960      41.2484
   25961      41.5769
   25962      40.8446
   25963      41.2223
   25964      41.0110
   25965      41.2237
   25966      41.4046
   25967      41.2736
   25968      41.1111
   25969      41.1547
   25970      41.0466
   25971      40.9890
   25972      41.0318
   25973      40.7649
   25974      40.8688
   25975      40.9337
   25976      40.9001
   25977      41.0838
   25978      41.5530
   25979      41.6265
   25980      41.3564
   25981      41.2365
   25982      41.0719
   25983      40.5540
   25984      40.4969
   25985      40.5162
   25986      40.5393
   25987      40.8506
   25988      41.0349
   25989      40.9028
   25990      41.0968
   25991      40.6439
   25992      40.4950
   25993      40.8471
   25994      40.8322
   25995      41.0932
   25996      41.1060
   25997      40.7947
   25998      40.8622
   25999      40.6549
   26000      40.5231
   26001      41.2136
   26002      40.8765
   26003      40.9983
   26004      41.3754
   26005      41.2106
   26006      41.6259
   26007      41.3500
   26008      40.8764
   26009      40.9725
   26010      40.8341
   26011      40.4320
   26012      40.6545
   26013      40.6450
   26014      40.4398
   26015      40.5547
   26016      41.3598
   26017      40.8094
   26018      40.4993
   26019      40.4622
   26020      40.9036
   26021      40.4837
   26022      40.8614
   26023      40.3943
   26024      39.6881
   26025      39.8985
   26026      40.0977
   26027      39.9595
   26028      40.2481
   26029      40.5471
   26030      40.3297
   26031      40.7393
   26032      40.4835
   26033      40.3852
   26034      40.4851
   26035      41.3259
   26036      40.3125
   26037      40.8894
   26038      40.6317
   26039      40.9297
   26040      40.6472
   26041      41.0055
   26042      41.0807
   26043      40.7841
   26044      41.1135
   26045      40.9629
   26046      40.9318
   26047      41.2033
   26048      40.8230
   26049      40.9591
   26050      40.8602
   26051      40.4527
   26052      40.7131
   26053      40.9290
   26054      40.2862
   26055      40.8752
   26056      40.2120
   26057      40.6877
   26058      41.2095
   26059      40.4976
   26060      40.7050
   26061      40.6387
   26062      40.5230
   26063      40.7147
   26064      40.8789
   26065      40.5642
   26066      40.8334
   26067      41.0389
   26068      40.5668
   26069      40.6748
   26070      40.9356
   26071      40.7327
   26072      40.3139
   26073      40.6351
   26074      40.8041
   26075      40.7825
   26076      40.8300
   26077      40.8698
   26078      40.6059
   26079      40.3599
   26080      40.8417
   26081      41.1259
   26082      41.1053
   26083      40.8374
   26084      41.1539
   26085      41.0488
   26086      40.7109
   26087      41.4227
   26088      41.0560
   26089      41.0453
   26090      40.9923
   26091      40.8787
   26092      41.1307
   26093      41.6972
   26094      40.9113
   26095      41.1388
   26096      41.1363
   26097      41.1341
   26098      40.8145
   26099      40.9657
   26100      40.6238
   26101      40.8102
   26102      40.7949
   26103      40.2542
   26104      40.6779
   26105      41.0120
   26106      41.0431
   26107      40.9727
   26108      41.0167
   26109      41.1434
   26110      41.2372
   26111      41.0578
   26112      41.1403
   26113      41.1952
   26114      40.8705
   26115      40.6119
   26116      41.1625
   26117      40.4026
   26118      41.1894
   26119      41.1237
   26120      41.6788
   26121      41.0275
   26122      41.1610
   26123      41.4030
   26124      41.4317
   26125      41.3176
   26126      41.3170
   26127      40.8021
   26128      40.8213
   26129      41.0616
   26130      41.0307
   26131      40.8823
   26132      40.9931
   26133      40.6707
   26134      40.9039
   26135      41.1976
   26136      41.0552
   26137      41.1663
   26138      41.1480
   26139      41.3684
   26140      41.6590
   26141      41.2142
   26142      41.0243
   26143      40.9596
   26144      41.0657
   26145      41.5354
   26146      40.6550
   26147      40.7299
   26148      40.8777
   26149      40.7446
   26150      40.8643
   26151      40.9111
   26152      40.4070
   26153      40.9805
   26154      41.2587
   26155      40.8042
   26156      41.8270
   26157      41.2531
   26158      41.1380
   26159      41.0703
   26160      40.8397
   26161      41.2290
   26162      41.9159
   26163      41.2289
   26164      40.4486
   26165      40.9860
   26166      40.7146
   26167      40.8017
   26168      41.0221
   26169      40.9946
   26170      41.0754
   26171      40.8464
   26172      41.1162
   26173      41.1982
   26174      42.0136
   26175      41.6174
   26176      41.4681
   26177      41.9247
   26178      41.1912
   26179      41.1521
   26180      40.8056
   26181      40.7673
   26182      41.7426
   26183      40.9376
   26184      40.8422
   26185      40.9271
   26186      40.8678
   26187      40.8086
   26188      40.6103
   26189      40.7252
   26190      41.2486
   26191      40.8703
   26192      40.7514
   26193      40.4921
   26194      40.2076
   26195      40.5180
   26196      40.7817
   26197      40.5038
   26198      40.8547
   26199      40.8901
   26200      40.9860
   26201      40.9432
   26202      41.1094
   26203      40.5740
   26204      40.9245
   26205      41.1285
   26206      40.4513
   26207      40.6540
   26208      40.4082
   26209      40.6160
   26210      40.6132
   26211      41.0904
   26212      41.0920
   26213      40.1177
   26214      40.4950
   26215      40.7735
   26216      40.3448
   26217      40.4083
   26218      40.8105
   26219      40.6806
   26220      40.3526
   26221      40.4719
   26222      40.6219
   26223      40.7289
   26224      40.5728
   26225      40.5915
   26226      40.7159
   26227      40.1779
   26228      40.4868
   26229      40.9567
   26230      40.9875
   26231      40.8764
   26232      41.2268
   26233      41.1061
   26234      40.6963
   26235      40.7973
   26236      40.8962
   26237      40.5512
   26238      40.3945
   26239      40.4347
   26240      41.1098
   26241      40.8173
   26242      40.9061
   26243      41.0101
   26244      40.4336
   26245      40.3829
   26246      40.5342
   26247      39.8419
   26248      40.6357
   26249      40.3104
   26250      40.0003
   26251      40.1403
   26252      40.2889
   26253      40.2762
   26254      40.3564
   26255      40.4975
   26256      40.4283
   26257      40.4598
   26258      40.1527
   26259      40.3664
   26260      40.1109
   26261      40.7317
   26262      40.4400
   26263      41.0482
   26264      40.6081
   26265      40.5737
   26266      40.6763
   26267      40.5748
   26268      40.7827
   26269      40.1676
   26270      40.4905
   26271      40.5666
   26272      40.1617
   26273      40.5738
   26274      40.6252
   26275      40.9277
   26276      40.3535
   26277      40.9757
   26278      40.7218
   26279      40.6546
   26280      40.4199
   26281      40.6630
   26282      40.5347
   26283      40.8864
   26284      40.6525
   26285      40.5770
   26286      40.7315
   26287      40.4176
   26288      40.9724
   26289      40.7473
   26290      40.6501
   26291      40.8255
   26292      41.0694
   26293      40.3987
   26294      40.3878
   26295      40.4696
   26296      40.0487
   26297      40.3210
   26298      40.3127
   26299      39.8537
   26300      40.5721
   26301      41.0723
   26302      41.0109
   26303      40.9033
   26304      40.5430
   26305      40.6857
   26306      40.8684
   26307      40.9416
   26308      40.6157
   26309      40.6152
   26310      40.3827
   26311      40.1274
   26312      40.6033
   26313      40.5215
   26314      40.3891
   26315      40.6954
   26316      40.6079
   26317      40.1639
   26318      40.9199
   26319      40.5738
   26320      40.4250
   26321      41.0268
   26322      40.6390
   26323      40.0642
   26324      40.0854
   26325      40.1279
   26326      40.2545
   26327      40.3753
   26328      40.3236
   26329      40.0467
   26330      40.0388
   26331      40.5267
   26332      40.1957
   26333      40.6216
   26334      40.0722
   26335      40.6036
   26336      40.7364
   26337      40.5039
   26338      40.1025
   26339      39.7086
   26340      40.2767
   26341      40.2872
   26342      40.7122
   26343      40.5125
   26344      40.8817
   26345      40.5585
   26346      40.6907
   26347      40.6195
   26348      40.6293
   26349      40.7137
   26350      40.4219
   26351      40.7138
   26352      40.4163
   26353      40.8943
   26354      40.7344
   26355      40.7530
   26356      40.1695
   26357      40.6223
   26358      41.0514
   26359      40.8804
   26360      40.9555
   26361      40.8093
   26362      40.7293
   26363      40.7855
   26364      40.7607
   26365      41.2497
   26366      40.9603
   26367      40.9251
   26368      40.6144
   26369      40.9314
   26370      40.3144
   26371      40.8997
   26372      40.9164
   26373      40.5370
   26374      41.1853
   26375      40.5872
   26376      41.0120
   26377      40.6272
   26378      40.9824
   26379      40.4973
   26380      40.4098
   26381      40.3111
   26382      40.8177
   26383      41.0048
   26384      40.6625
   26385      40.3916
   26386      40.9374
   26387      40.6145
   26388      40.4157
   26389      39.9676
   26390      40.1585
   26391      40.4449
   26392      40.5007
   26393      40.3045
   26394      40.5953
   26395      40.2725
   26396      40.3920
   26397      40.2042
   26398      39.7491
   26399      39.7204
   26400      39.8418
   26401      39.8292
   26402      40.3547
   26403      40.3872
   26404      40.3255
   26405      40.3648
   26406      40.8386
   26407      41.0774
   26408      40.6183
   26409      40.3198
   26410      40.3610
   26411      40.2902
   26412      40.2059
   26413      40.7749
   26414      40.4131
   26415      40.6849
   26416      40.4982
   26417      40.4950
   26418      39.9734
   26419      40.1206
   26420      40.1288
   26421      39.9049
   26422      40.1651
   26423      40.0459
   26424      39.8746
   26425      40.1570
   26426      40.0909
   26427      40.2112
   26428      40.3830
   26429      40.4735
   26430      40.7014
   26431      40.0960
   26432      40.0986
   26433      40.5233
   26434      40.9866
   26435      40.6100
   26436      40.7895
   26437      40.0247
   26438      40.1507
   26439      40.1334
   26440      40.2376
   26441      40.1272
   26442      39.8846
   26443      40.2294
   26444      40.2008
   26445      40.0127
   26446      40.0788
   26447      39.7636
   26448      40.0838
   26449      39.8978
   26450      40.2736
   26451      40.0024
   26452      40.1576
   26453      40.2814
   26454      39.7149
   26455      40.2020
   26456      40.4436
   26457      40.1691
   26458      40.6319
   26459      40.0199
   26460      40.4842
   26461      39.9833
   26462      40.4366
   26463      40.1197
   26464      39.8447
   26465      40.0806
   26466      40.4617
   26467      39.8890
   26468      40.1461
   26469      40.0036
   26470      40.2289
   26471      39.9997
   26472      39.6423
   26473      39.9883
   26474      39.4739
   26475      40.0798
   26476      39.9508
   26477      39.6479
   26478      39.9720
   26479      39.9848
   26480      40.2630
   26481      40.4046
   26482      39.8710
   26483      40.0169
   26484      39.8008
   26485      39.9731
   26486      39.7156
   26487      39.8315
   26488      39.5661
   26489      39.7766
   26490      39.9703
   26491      40.0610
   26492      39.7623
   26493      40.1913
   26494      39.8645
   26495      40.0240
   26496      40.4282
   26497      40.3802
   26498      39.9545
   26499      39.9187
   26500      39.7370
   26501      39.8889
   26502      40.0558
   26503      40.3878
   26504      40.2558
   26505      40.4898
   26506      39.9740
   26507      39.5708
   26508      39.9828
   26509      40.0152
   26510      40.1557
   26511      40.2600
   26512      40.1471
   26513      40.2458
   26514      40.5652
   26515      40.0846
   26516      40.4009
   26517      40.2785
   26518      40.2333
   26519      40.0182
   26520      40.3235
   26521      40.5045
   26522      40.1675
   26523      40.1221
   26524      40.5873
   26525      40.1751
   26526      40.2472
   26527      40.1067
   26528      40.0296
   26529      40.2813
   26530      40.4264
   26531      40.1277
   26532      40.1847
   26533      40.3147
   26534      40.5537
   26535      39.8672
   26536      40.1549
   26537      40.0110
   26538      39.6121
   26539      39.9738
   26540      40.0299
   26541      40.0401
   26542      40.0412
   26543      40.0704
   26544      40.3301
   26545      39.9903
   26546      40.1400
   26547      40.2192
   26548      40.8358
   26549      40.6104
   26550      41.0068
   26551      40.6252
   26552      40.9624
   26553      40.8777
   26554      41.2753
   26555      40.9288
   26556      41.1314
   26557      40.5338
   26558      41.0749
   26559      41.1702
   26560      41.5795
   26561      41.0494
   26562      41.1748
   26563      40.6518
   26564      40.6774
   26565      40.8070
   26566      40.2404
   26567      40.5115
   26568      40.5628
   26569      40.5046
   26570      40.6823
   26571      40.5099
   26572      40.5357
   26573      40.7667
   26574      40.6170
   26575      40.4388
   26576      40.7046
   26577      40.7130
   26578      40.9884
   26579      40.7488
   26580      40.6790
   26581      41.1507
   26582      40.5190
   26583      40.8253
   26584      40.6653
   26585      40.6751
   26586      40.3939
   26587      40.8688
   26588      40.4800
   26589      40.4623
   26590      40.5551
   26591      40.4020
   26592      40.3386
   26593      40.3587
   26594      40.7319
   26595      40.7431
   26596      40.7268
   26597      40.5735
   26598      40.4781
   26599      40.5235
   26600      40.6087
   26601      40.5287
   26602      40.4655
   26603      40.1524
   26604      40.2078
   26605      40.5607
   26606      40.4264
   26607      40.2895
   26608      39.9668
   26609      40.2117
   26610      40.1725
   26611      40.2746
   26612      40.0160
   26613      40.1998
   26614      40.2557
   26615      40.6860
   26616      40.2525
   26617      40.0114
   26618      40.3765
   26619      40.1365
   26620      40.2864
   26621      40.6157
   26622      40.4377
   26623      40.2478
   26624      39.9996
   26625      40.3484
   26626      40.4933
   26627      40.4024
   26628      40.1559
   26629      40.0777
   26630      39.8260
   26631      39.9461
   26632      39.7673
   26633      39.9679
   26634      39.7700
   26635      40.0901
   26636      40.1554
   26637      40.2503
   26638      40.6563
   26639      40.6938
   26640      40.3267
   26641      40.2787
   26642      40.4879
   26643      40.2054
   26644      39.5669
   26645      40.2505
   26646      39.9223
   26647      40.5210
   26648      40.6051
   26649      40.0644
   26650      40.1855
   26651      40.2047
   26652      40.3405
   26653      40.4609
   26654      40.4203
   26655      40.6000
   26656      40.3105
   26657      40.5230
   26658      40.4431
   26659      40.6293
   26660      40.2696
   26661      40.1770
   26662      40.3836
   26663      40.2821
   26664      40.0284
   26665      40.6572
   26666      40.1303
   26667      40.4789
   26668      40.2736
   26669      39.6496
   26670      40.0672
   26671      39.9466
   26672      40.5046
   26673      40.4974
   26674      40.2173
   26675      39.8372
   26676      40.0754
   26677      40.1429
   26678      40.7758
   26679      40.0376
   26680      40.4396
   26681      40.6531
   26682      40.2598
   26683      40.4560
   26684      40.3272
   26685      40.3302
   26686      40.2057
   26687      40.2219
   26688      40.1785
   26689      40.2307
   26690      40.1113
   26691      40.2509
   26692      40.4292
   26693      40.3323
   26694      40.5080
   26695      40.2506
   26696      40.0919
   26697      40.2170
   26698      40.2265
   26699      40.2375
   26700      40.0595
   26701      40.1997
   26702      40.4837
   26703      40.1311
   26704      40.3142
   26705      40.3746
   26706      40.1012
   26707      40.3611
   26708      40.1661
   26709      39.9273
   26710      40.4916
   26711      40.7814
   26712      40.9413
   26713      40.2258
   26714      40.2428
   26715      40.4540
   26716      40.2123
   26717      40.6105
   26718      40.2312
   26719      40.3655
   26720      40.0496
   26721      40.1614
   26722      40.3270
   26723      40.3228
   26724      40.0235
   26725      40.4668
   26726      40.9004
   26727      40.9636
   26728      40.7694
   26729      40.4453
   26730      40.4049
   26731      40.1932
   26732      40.6647
   26733      40.3066
   26734      40.3485
   26735      40.5376
   26736      39.9426
   26737      39.6548
   26738      40.4824
   26739      40.5353
   26740      40.7469
   26741      40.9850
   26742      40.2895
   26743      40.2718
   26744      40.0656
   26745      40.2035
   26746      40.6597
   26747      40.9440
   26748      40.8050
   26749      40.8463
   26750      40.6544
   26751      40.5782
   26752      40.7110
   26753      40.4238
   26754      40.3034
   26755      40.5560
   26756      41.0006
   26757      40.4950
   26758      41.1752
   26759      40.5886
   26760      40.7940
   26761      40.2930
   26762      40.6605
   26763      40.7755
   26764      40.5814
   26765      40.3349
   26766      40.6986
   26767      40.6635
   26768      40.5315
   26769      40.6265
   26770      40.5406
   26771      41.0396
   26772      40.5658
   26773      40.3852
   26774      40.6367
   26775      40.5051
   26776      41.0297
   26777      40.6629
   26778      40.7540
   26779      40.4132
   26780      40.5487
   26781      40.7653
   26782      40.5236
   26783      40.3939
   26784      40.6066
   26785      40.6266
   26786      40.2800
   26787      39.8129
   26788      40.1104
   26789      40.3562
   26790      40.6338
   26791      40.1419
   26792      39.9420
   26793      40.0818
   26794      40.2531
   26795      40.0663
   26796      39.9922
   26797      39.9617
   26798      39.8946
   26799      40.0996
   26800      40.0163
   26801      39.7666
   26802      39.8808
   26803      40.1143
   26804      40.2764
   26805      40.3407
   26806      40.6548
   26807      40.4793
   26808      40.5727
   26809      39.8791
   26810      40.6945
   26811      41.1225
   26812      41.1153
   26813      41.1276
   26814      40.4306
   26815      40.1619
   26816      40.1026
   26817      41.1149
   26818      40.8977
   26819      40.4202
   26820      40.9219
   26821      40.5561
   26822      40.5736
   26823      40.6363
   26824      40.4032
   26825      40.4739
   26826      40.7161
   26827      40.8159
   26828      40.2733
   26829      40.4236
   26830      40.2517
   26831      39.8261
   26832      39.8041
   26833      39.9205
   26834      39.9388
   26835      39.9971
   26836      39.7296
   26837      40.4943
   26838      40.3443
   26839      40.3722
   26840      40.1367
   26841      40.5736
   26842      40.6904
   26843      40.1640
   26844      40.5873
   26845      40.7347
   26846      40.0056
   26847      40.2376
   26848      40.7525
   26849      40.5166
   26850      40.3424
   26851      40.7958
   26852      40.5238
   26853      39.9944
   26854      40.2881
   26855      40.1029
   26856      40.5395
   26857      40.3727
   26858      40.2856
   26859      40.2751
   26860      40.9481
   26861      40.5595
   26862      40.5789
   26863      40.5760
   26864      40.8568
   26865      40.8928
   26866      40.6949
   26867      40.9050
   26868      40.7250
   26869      40.6464
   26870      40.4948
   26871      40.8214
   26872      39.9500
   26873      40.5241
   26874      40.1990
   26875      40.5110
   26876      40.7731
   26877      40.5766
   26878      40.2020
   26879      40.7703
   26880      40.3514
   26881      40.3511
   26882      40.3126
   26883      40.4782
   26884      40.2910
   26885      40.3285
   26886      40.3076
   26887      40.2032
   26888      40.4387
   26889      40.4065
   26890      40.4686
   26891      40.7859
   26892      41.1517
   26893      40.5916
   26894      40.7606
   26895      40.4969
   26896      40.7930
   26897      40.4287
   26898      40.5211
   26899      40.6215
   26900      40.7563
   26901      40.6021
   26902      40.7410
   26903      40.7333
   26904      40.7280
   26905      40.5469
   26906      40.4242
   26907      40.4743
   26908      40.6030
   26909      40.1226
   26910      40.2072
   26911      40.3797
   26912      39.8763
   26913      40.3635
   26914      40.3076
   26915      40.3149
   26916      40.5144
   26917      40.7081
   26918      40.4593
   26919      40.7204
   26920      40.4718
   26921      40.7446
   26922      40.6574
   26923      40.4779
   26924      40.4238
   26925      40.0867
   26926      39.7900
   26927      40.1297
   26928      40.1665
   26929      40.2199
   26930      39.7184
   26931      40.4770
   26932      40.2472
   26933      40.2818
   26934      40.3516
   26935      40.3611
   26936      40.3112
   26937      40.1961
   26938      40.3829
   26939      41.1121
   26940      40.9616
   26941      40.3208
   26942      40.6802
   26943      40.7617
   26944      40.3424
   26945      40.2697
   26946      40.4578
   26947      40.5341
   26948      40.2070
   26949      40.3465
   26950      40.7606
   26951      40.8785
   26952      40.6534
   26953      40.9199
   26954      41.1840
   26955      40.5445
   26956      40.6523
   26957      40.5842
   26958      40.8096
   26959      40.7345
   26960      40.5960
   26961      40.9021
   26962      40.3076
   26963      40.4418
   26964      40.3457
   26965      40.7136
   26966      40.5870
   26967      40.7874
   26968      40.3579
   26969      40.7345
   26970      40.8709
   26971      40.6360
   26972      40.9803
   26973      40.7258
   26974      40.6049
   26975      40.8766
   26976      40.8884
   26977      40.7554
   26978      40.5670
   26979      40.2458
   26980      39.9307
   26981      40.1841
   26982      40.4329
   26983      40.5441
   26984      40.6869
   26985      40.6593
   26986      40.3799
   26987      40.7510
   26988      41.2024
   26989      41.0290
   26990      40.7358
   26991      40.8657
   26992      40.6860
   26993      40.6633
   26994      40.5533
   26995      41.3272
   26996      41.0098
   26997      40.8091
   26998      40.8687
   26999      40.9063
   27000      40.9978
   27001      40.9145
   27002      40.8075
   27003      40.5606
   27004      40.5981
   27005      40.6714
   27006      40.7600
   27007      40.6673
   27008      40.3844
   27009      40.5856
   27010      40.2403
   27011      40.2418
   27012      40.4978
   27013      40.7631
   27014      41.1182
   27015      41.1426
   27016      40.6299
   27017      40.4051
   27018      40.3500
   27019      40.5966
   27020      40.5066
   27021      40.9691
   27022      41.2191
   27023      40.8007
   27024      40.8719
   27025      40.6151
   27026      40.8059
   27027      40.5349
   27028      40.9413
   27029      40.9307
   27030      41.0644
   27031      40.9548
   27032      40.8960
   27033      40.4901
   27034      41.0168
   27035      40.7167
   27036      40.7853
   27037      40.8075
   27038      40.8514
   27039      40.7975
   27040      40.8554
   27041      40.2971
   27042      40.5388
   27043      40.3263
   27044      40.2877
   27045      40.7127
   27046      40.5294
   27047      41.1961
   27048      40.5245
   27049      40.6530
   27050      41.0967
   27051      40.5678
   27052      40.3533
   27053      40.3524
   27054      40.5398
   27055      40.7560
   27056      41.0624
   27057      40.3991
   27058      40.4403
   27059      40.1791
   27060      40.3107
   27061      40.3749
   27062      40.2536
   27063      40.0939
   27064      40.7654
   27065      40.1926
   27066      40.3020
   27067      40.3338
   27068      40.7138
   27069      40.1890
   27070      40.6003
   27071      41.0667
   27072      40.9143
   27073      40.9279
   27074      41.0597
   27075      41.1107
   27076      41.2637
   27077      41.1637
   27078      40.7866
   27079      41.0991
   27080      40.7371
   27081      40.6842
   27082      40.8127
   27083      40.8120
   27084      40.6099
   27085      40.6568
   27086      40.7670
   27087      41.0246
   27088      41.3490
   27089      40.7593
   27090      41.0627
   27091      40.8356
   27092      40.9892
   27093      40.7460
   27094      40.9337
   27095      40.8353
   27096      40.6617
   27097      40.3910
   27098      40.5011
   27099      40.8179
   27100      40.3275
   27101      40.0859
   27102      40.2422
   27103      40.8385
   27104      40.8954
   27105      41.1042
   27106      41.0488
   27107      40.8036
   27108      41.0105
   27109      40.3251
   27110      40.9744
   27111      40.8139
   27112      40.6320
   27113      40.8692
   27114      40.7766
   27115      40.6997
   27116      40.7248
   27117      40.7872
   27118      40.5430
   27119      40.4686
   27120      40.4471
   27121      40.3306
   27122      40.1722
   27123      41.0347
   27124      40.7973
   27125      40.7122
   27126      40.9864
   27127      40.9922
   27128      40.4870
   27129      40.6820
   27130      41.2086
   27131      40.9759
   27132      40.7159
   27133      40.8356
   27134      40.8048
   27135      40.7391
   27136      40.7681
   27137      40.7816
   27138      40.9014
   27139      41.2671
   27140      40.6973
   27141      40.7262
   27142      40.9651
   27143      40.6117
   27144      40.6382
   27145      40.4863
   27146      40.6056
   27147      40.4070
   27148      40.6703
   27149      40.7382
   27150      40.3472
   27151      40.0062
   27152      40.2491
   27153      40.1065
   27154      40.0976
   27155      40.6677
   27156      40.3922
   27157      40.6699
   27158      40.6525
   27159      41.1524
   27160      40.7008
   27161      40.6336
   27162      40.7522
   27163      40.6240
   27164      40.6829
   27165      40.7961
   27166      40.4087
   27167      40.6892
   27168      40.9283
   27169      40.5622
   27170      40.5715
   27171      40.6314
   27172      40.9865
   27173      40.6827
   27174      40.9922
   27175      40.7878
   27176      40.3794
   27177      40.2185
   27178      40.6895
   27179      40.8886
   27180      40.4793
   27181      41.0513
   27182      40.9134
   27183      40.3482
   27184      40.5537
   27185      40.5084
   27186      40.3676
   27187      40.5485
   27188      40.5185
   27189      40.4976
   27190      41.0005
   27191      40.5333
   27192      40.5164
   27193      40.2278
   27194      40.2615
   27195      40.1752
   27196      40.6188
   27197      40.6231
   27198      40.6473
   27199      40.3034
   27200      40.4310
   27201      40.6353
   27202      41.0722
   27203      41.3648
   27204      40.7419
   27205      40.4200
   27206      40.2933
   27207      40.1858
   27208      40.3003
   27209      41.1304
   27210      40.6292
   27211      40.4202
   27212      40.4396
   27213      40.6818
   27214      40.5166
   27215      40.1002
   27216      40.1759
   27217      40.4214
   27218      40.6845
   27219      40.8308
   27220      40.2939
   27221      40.7385
   27222      40.4085
   27223      40.8537
   27224      40.8114
   27225      40.5227
   27226      40.9089
   27227      41.0152
   27228      40.8703
   27229      40.8642
   27230      40.9090
   27231      40.7940
   27232      40.7996
   27233      40.5747
   27234      40.7897
   27235      41.0124
   27236      41.1624
   27237      40.7355
   27238      40.8551
   27239      40.7615
   27240      40.8240
   27241      41.1865
   27242      41.4440
   27243      41.2359
   27244      40.7098
   27245      40.6040
   27246      40.6630
   27247      40.8224
   27248      40.6236
   27249      41.1021
   27250      40.7776
   27251      40.6650
   27252      40.5867
   27253      40.7671
   27254      40.4472
   27255      39.9893
   27256      39.9754
   27257      40.1910
   27258      39.7558
   27259      40.2554
   27260      40.4354
   27261      40.9810
   27262      40.3146
   27263      40.8664
   27264      41.0224
   27265      41.6075
   27266      41.4517
   27267      40.8167
   27268      41.5047
   27269      40.9552
   27270      41.2843
   27271      41.1775
   27272      40.6822
   27273      40.8534
   27274      40.8924
   27275      40.5505
   27276      41.3611
   27277      41.1734
   27278      41.0211
   27279      40.8668
   27280      40.6403
   27281      40.3173
   27282      40.1891
   27283      40.5461
   27284      41.0599
   27285      40.7068
   27286      40.0903
   27287      40.5766
   27288      40.8316
   27289      40.8439
   27290      41.0746
   27291      40.8352
   27292      40.3235
   27293      40.9659
   27294      40.7087
   27295      41.1376
   27296      41.0313
   27297      41.0266
   27298      41.4099
   27299      41.6125
   27300      40.6295
   27301      40.9019
   27302      40.3549
   27303      40.5651
   27304      40.9891
   27305      40.6192
   27306      40.7619
   27307      41.2229
   27308      40.9773
   27309      40.7434
   27310      40.8056
   27311      40.1786
   27312      40.8899
   27313      41.1688
   27314      40.8296
   27315      40.4206
   27316      40.6320
   27317      40.6063
   27318      40.4638
   27319      40.8484
   27320      40.4211
   27321      40.6170
   27322      40.2415
   27323      40.6912
   27324      40.3590
   27325      40.1460
   27326      40.9174
   27327      40.8715
   27328      41.0337
   27329      40.9390
   27330      41.5641
   27331      41.5565
   27332      41.4352
   27333      41.4148
   27334      41.0065
   27335      40.4607
   27336      40.7442
   27337      41.1133
   27338      41.2856
   27339      41.0448
   27340      40.9029
   27341      40.8497
   27342      41.0100
   27343      40.8285
   27344      40.7801
   27345      41.1992
   27346      41.3123
   27347      41.2980
   27348      41.1062
   27349      40.6974
   27350      41.1000
   27351      40.7467
   27352      41.0329
   27353      40.7455
   27354      40.6476
   27355      40.5218
   27356      40.6647
   27357      40.4526
   27358      41.0209
   27359      40.8984
   27360      40.7161
   27361      40.3230
   27362      40.8083
   27363      40.8233
   27364      40.2576
   27365      40.7549
   27366      40.5385
   27367      40.3174
   27368      41.1158
   27369      40.8988
   27370      40.8804
   27371      40.3696
   27372      40.1468
   27373      40.4499
   27374      40.9943
   27375      40.8762
   27376      40.3729
   27377      40.5165
   27378      40.3887
   27379      40.4600
   27380      40.4027
   27381      40.4741
   27382      40.3704
   27383      40.0739
   27384      40.7031
   27385      39.8560
   27386      40.5926
   27387      40.5403
   27388      40.5679
   27389      40.4853
   27390      40.5644
   27391      41.0061
   27392      40.7033
   27393      40.5903
   27394      40.3669
   27395      40.5807
   27396      40.7198
   27397      40.3183
   27398      40.1591
   27399      40.0048
   27400      40.4112
   27401      40.4560
   27402      39.6322
   27403      40.4279
   27404      40.4173
   27405      40.7774
   27406      40.8409
   27407      40.7951
   27408      40.9859
   27409      40.6543
   27410      41.2741
   27411      41.3413
   27412      41.3010
   27413      40.9929
   27414      41.1558
   27415      41.1103
   27416      40.9485
   27417      41.1678
   27418      41.0298
   27419      41.0883
   27420      41.0217
   27421      40.7132
   27422      40.6803
   27423      40.9895
   27424      40.7473
   27425      41.2911
   27426      40.6885
   27427      40.5191
   27428      40.2266
   27429      40.4962
   27430      40.5033
   27431      40.6464
   27432      40.9846
   27433      40.9555
   27434      40.5780
   27435      40.6327
   27436      40.5441
   27437      40.3626
   27438      40.4352
   27439      40.6652
   27440      40.5388
   27441      40.6652
   27442      40.7824
   27443      40.5800
   27444      40.3604
   27445      40.5196
   27446      40.1696
   27447      40.3140
   27448      39.7944
   27449      40.4210
   27450      40.6506
   27451      40.6930
   27452      40.8903
   27453      40.8422
   27454      40.7986
   27455      40.6382
   27456      40.1715
   27457      40.1310
   27458      40.1655
   27459      40.5324
   27460      41.0076
   27461      40.8763
   27462      41.0287
   27463      40.7853
   27464      41.0483
   27465      41.0706
   27466      40.2779
   27467      40.4044
   27468      40.6099
   27469      40.6738
   27470      40.9114
   27471      40.5841
   27472      40.9049
   27473      40.5754
   27474      40.3675
   27475      40.4773
   27476      40.4979
   27477      40.3940
   27478      40.5119
   27479      40.1093
   27480      40.8318
   27481      40.7468
   27482      39.9881
   27483      40.1941
   27484      40.4473
   27485      40.6765
   27486      40.7918
   27487      39.9344
   27488      40.4962
   27489      40.2448
   27490      40.2164
   27491      40.7640
   27492      40.3421
   27493      40.7514
   27494      40.3939
   27495      40.4924
   27496      40.4323
   27497      40.4999
   27498      40.3575
   27499      40.5691
   27500      40.4469
   27501      40.1526
   27502      39.8554
   27503      40.0115
   27504      40.2833
   27505      40.3485
   27506      40.1256
   27507      40.4274
   27508      40.2887
   27509      40.6410
   27510      40.2504
   27511      40.7609
   27512      40.7455
   27513      40.6835
   27514      40.4258
   27515      40.4670
   27516      40.8444
   27517      40.5093
   27518      40.7092
   27519      40.8439
   27520      40.0699
   27521      40.1943
   27522      40.4390
   27523      40.6112
   27524      40.8784
   27525      40.9217
   27526      41.0591
   27527      41.0581
   27528      40.6891
   27529      40.9952
   27530      40.8658
   27531      40.8354
   27532      40.7466
   27533      40.8622
   27534      41.3393
   27535      41.0753
   27536      41.0505
   27537      40.4988
   27538      40.5045
   27539      40.6654
   27540      40.7851
   27541      40.3205
   27542      39.8107
   27543      40.3599
   27544      40.4976
   27545      40.0562
   27546      40.5640
   27547      40.3644
   27548      40.4461
   27549      40.4976
   27550      40.2917
   27551      40.4373
   27552      40.5595
   27553      40.7635
   27554      40.5365
   27555      40.8461
   27556      41.1629
   27557      40.8792
   27558      40.6078
   27559      40.9636
   27560      40.7870
   27561      41.0409
   27562      40.7754
   27563      40.7589
   27564      40.5557
   27565      40.4365
   27566      40.4367
   27567      39.9939
   27568      40.2899
   27569      40.5913
   27570      40.3716
   27571      40.6727
   27572      40.1283
   27573      40.0505
   27574      40.2118
   27575      40.6638
   27576      40.3038
   27577      40.0573
   27578      39.9331
   27579      40.2223
   27580      40.1720
   27581      40.0602
   27582      40.2430
   27583      40.5437
   27584      40.5842
   27585      40.5888
   27586      40.3100
   27587      40.3552
   27588      40.6101
   27589      40.7011
   27590      40.5356
   27591      40.3513
   27592      40.3709
   27593      40.0285
   27594      40.2136
   27595      40.1415
   27596      39.6321
   27597      40.1405
   27598      40.2315
   27599      40.5386
   27600      40.4074
   27601      40.8438
   27602      40.4961
   27603      40.5835
   27604      40.3339
   27605      40.3496
   27606      40.6582
   27607      40.6920
   27608      40.5910
   27609      40.7616
   27610      40.5017
   27611      40.4301
   27612      40.7238
   27613      40.8183
   27614      40.6000
   27615      40.4474
   27616      40.7158
   27617      40.6725
   27618      40.4660
   27619      40.5093
   27620      40.3585
   27621      40.3831
   27622      40.8537
   27623      40.7974
   27624      40.5288
   27625      40.4056
   27626      41.0401
   27627      40.6762
   27628      40.6251
   27629      41.0843
   27630      41.3606
   27631      41.2758
   27632      41.1778
   27633      41.0795
   27634      40.9616
   27635      40.9823
   27636      41.0850
   27637      40.7470
   27638      41.0518
   27639      40.4471
   27640      40.6061
   27641      40.6000
   27642      40.5760
   27643      40.9309
   27644      40.8535
   27645      40.8185
   27646      40.6949
   27647      40.6874
   27648      40.3264
   27649      40.4685
   27650      40.9898
   27651      40.8701
   27652      41.0075
   27653      41.3714
   27654      41.1026
   27655      40.9954
   27656      40.8970
   27657      40.2945
   27658      40.6596
   27659      41.2384
   27660      40.4010
   27661      40.7153
   27662      40.4042
   27663      40.4869
   27664      40.3440
   27665      41.0287
   27666      40.6929
   27667      40.9807
   27668      40.8006
   27669      41.1064
   27670      41.1806
   27671      40.9421
   27672      40.7771
   27673      40.8222
   27674      41.0042
   27675      40.9814
   27676      41.1550
   27677      40.3205
   27678      40.3678
   27679      40.7919
   27680      40.6353
   27681      40.5364
   27682      40.7063
   27683      40.6494
   27684      40.1863
   27685      40.1400
   27686      39.8393
   27687      40.3396
   27688      40.4456
   27689      40.5247
   27690      40.7845
   27691      40.5117
   27692      40.7562
   27693      40.5470
   27694      40.5627
   27695      40.5706
   27696      40.2054
   27697      40.9633
   27698      40.5612
   27699      40.4632
   27700      40.3563
   27701      40.3586
   27702      40.1671
   27703      40.0189
   27704      40.1119
   27705      40.4396
   27706      40.1677
   27707      40.5616
   27708      40.5412
   27709      40.6585
   27710      40.7956
   27711      40.4601
   27712      40.1439
   27713      40.4993
   27714      40.4633
   27715      40.6416
   27716      40.6406
   27717      40.5652
   27718      40.4023
   27719      40.2855
   27720      40.5614
   27721      40.2937
   27722      40.4909
   27723      40.7264
   27724      40.3597
   27725      40.2100
   27726      40.4695
   27727      40.5484
   27728      40.1432
   27729      40.0694
   27730      40.7596
   27731      40.4027
   27732      40.1874
   27733      40.4105
   27734      40.3719
   27735      40.2961
   27736      40.6670
   27737      41.2078
   27738      40.6383
   27739      40.8656
   27740      40.5558
   27741      40.8058
   27742      40.6793
   27743      40.7447
   27744      40.5960
   27745      40.4197
   27746      41.0144
   27747      41.3184
   27748      41.4124
   27749      41.5332
   27750      40.8695
   27751      41.0046
   27752      41.3057
   27753      40.9363
   27754      40.7594
   27755      40.5113
   27756      40.1268
   27757      40.3667
   27758      40.6717
   27759      40.9235
   27760      40.7215
   27761      40.5084
   27762      40.6472
   27763      40.7144
   27764      40.7827
   27765      40.7949
   27766      40.5309
   27767      40.6866
   27768      40.9152
   27769      40.7443
   27770      40.4482
   27771      40.2643
   27772      40.2595
   27773      40.4520
   27774      40.5074
   27775      40.5032
   27776      40.6603
   27777      40.4806
   27778      40.5666
   27779      40.0797
   27780      40.5760
   27781      40.4812
   27782      41.1573
   27783      40.4984
   27784      40.5900
   27785      40.8291
   27786      40.5512
   27787      40.6586
   27788      40.4209
   27789      40.6420
   27790      40.7043
   27791      40.9925
   27792      40.3641
   27793      40.0854
   27794      40.0878
   27795      40.0745
   27796      40.5419
   27797      40.2404
   27798      40.4298
   27799      40.7442
   27800      40.7021
   27801      40.6584
   27802      40.9406
   27803      40.8453
   27804      40.7683
   27805      40.9986
   27806      40.8452
   27807      40.5168
   27808      40.7064
   27809      40.6728
   27810      40.2978
   27811      40.2861
   27812      40.5039
   27813      40.0699
   27814      40.2853
   27815      40.1605
   27816      39.9885
   27817      40.3602
   27818      40.1419
   27819      40.5738
   27820      40.5214
   27821      40.3885
   27822      40.7072
   27823      40.5882
   27824      40.5530
   27825      40.3201
   27826      40.0452
   27827      40.1258
   27828      40.5687
   27829      40.2433
   27830      40.1463
   27831      40.5241
   27832      40.2912
   27833      40.5966
   27834      39.7447
   27835      40.1177
   27836      39.6397
   27837      39.6663
   27838      39.7542
   27839      40.3709
   27840      40.3510
   27841      40.0647
   27842      40.1453
   27843      40.3605
   27844      40.3400
   27845      40.7122
   27846      40.4798
   27847      40.3178
   27848      40.6644
   27849      40.5369
   27850      40.4992
   27851      40.0386
   27852      40.3360
   27853      40.3612
   27854      40.3357
   27855      40.3462
   27856      39.4979
   27857      39.8975
   27858      39.7888
   27859      39.4772
   27860      39.9633
   27861      39.8849
   27862      39.6344
   27863      39.6597
   27864      39.9264
   27865      39.8074
   27866      39.8307
   27867      39.8707
   27868      40.0915
   27869      40.0642
   27870      40.4561
   27871      39.9710
   27872      40.3075
   27873      40.0666
   27874      40.0903
   27875      40.0545
   27876      39.9844
   27877      39.6653
   27878      39.8355
   27879      40.3241
   27880      40.6469
   27881      40.4214
   27882      40.6644
   27883      40.6739
   27884      40.1228
   27885      40.5313
   27886      40.9989
   27887      40.6109
   27888      40.4246
   27889      40.1271
   27890      40.5675
   27891      40.2440
   27892      40.0442
   27893      39.7001
   27894      40.2231
   27895      40.2889
   27896      39.8576
   27897      40.7151
   27898      40.9354
   27899      40.4124
   27900      40.4448
   27901      40.3125
   27902      40.1401
   27903      40.3061
   27904      40.3964
   27905      40.4325
   27906      40.1338
   27907      40.6633
   27908      40.5463
   27909      40.5814
   27910      40.5666
   27911      41.0185
   27912      41.0685
   27913      40.8662
   27914      41.0152
   27915      41.0298
   27916      40.3171
   27917      40.7889
   27918      40.7699
   27919      40.5121
   27920      40.5320
   27921      40.5613
   27922      40.6708
   27923      40.4555
   27924      40.6073
   27925      40.3580
   27926      40.9077
   27927      40.8723
   27928      40.7330
   27929      40.8208
   27930      41.0543
   27931      41.4607
   27932      41.2578
   27933      40.6922
   27934      41.0124
   27935      40.7872
   27936      40.9082
   27937      40.7780
   27938      40.4860
   27939      40.5427
   27940      40.3503
   27941      40.7727
   27942      40.5275
   27943      40.5915
   27944      41.1732
   27945      40.2650
   27946      40.5974
   27947      40.5213
   27948      40.5611
   27949      40.3145
   27950      40.0456
   27951      40.1100
   27952      40.3249
   27953      40.1265
   27954      40.3188
   27955      40.4929
   27956      40.9187
   27957      40.5201
   27958      40.3184
   27959      40.5262
   27960      40.6445
   27961      40.4952
   27962      40.3140
   27963      40.6209
   27964      40.5917
   27965      40.6375
   27966      40.6032
   27967      40.6099
   27968      40.1915
   27969      39.9949
   27970      40.1434
   27971      40.4145
   27972      40.8104
   27973      40.4334
   27974      40.8476
   27975      40.6607
   27976      40.3900
   27977      40.3127
   27978      40.8364
   27979      40.6004
   27980      41.2149
   27981      40.2590
   27982      40.4302
   27983      40.6699
   27984      40.2071
   27985      40.5035
   27986      40.2921
   27987      40.2443
   27988      40.2563
   27989      40.6986
   27990      40.3671
   27991      40.0238
   27992      40.4510
   27993      40.5324
   27994      40.2488
   27995      40.1340
   27996      40.3916
   27997      40.0312
   27998      40.2803
   27999      40.2135
   28000      40.1109
   28001      40.2592
   28002      40.1084
   28003      40.7469
   28004      40.5760
   28005      40.3702
   28006      40.2292
   28007      40.3798
   28008      40.0485
   28009      40.0920
   28010      40.5382
   28011      40.4864
   28012      40.3427
   28013      40.6438
   28014      40.0459
   28015      40.3088
   28016      40.7459
   28017      40.3200
   28018      40.7665
   28019      40.5081
   28020      40.8372
   28021      40.5749
   28022      40.3655
   28023      40.0687
   28024      40.7771
   28025      40.9491
   28026      40.7471
   28027      40.4709
   28028      41.0366
   28029      40.3766
   28030      40.3431
   28031      40.3964
   28032      40.4785
   28033      40.9954
   28034      40.7555
   28035      40.6640
   28036      40.8213
   28037      40.5960
   28038      40.6309
   28039      40.6960
   28040      40.6044
   28041      40.0713
   28042      40.0687
   28043      40.0534
   28044      39.7817
   28045      39.7877
   28046      40.5348
   28047      41.0403
   28048      40.1406
   28049      39.7295
   28050      40.4417
   28051      40.3827
   28052      40.1129
   28053      40.5127
   28054      40.8153
   28055      40.4386
   28056      40.4470
   28057      40.4970
   28058      40.7148
   28059      40.9558
   28060      40.6476
   28061      40.6398
   28062      40.4652
   28063      40.4668
   28064      40.5574
   28065      40.1026
   28066      40.0510
   28067      40.5650
   28068      40.7348
   28069      41.0025
   28070      41.0777
   28071      40.7428
   28072      40.6072
   28073      40.7628
   28074      40.9433
   28075      40.5333
   28076      40.6430
   28077      40.5596
   28078      40.5912
   28079      40.5599
   28080      40.3302
   28081      40.4810
   28082      40.8921
   28083      40.6111
   28084      40.7020
   28085      40.4622
   28086      40.3973
   28087      40.5039
   28088      40.3231
   28089      40.2391
   28090      40.3750
   28091      40.5869
   28092      40.4879
   28093      40.7412
   28094      40.4282
   28095      40.7643
   28096      40.5064
   28097      40.5385
   28098      40.8799
   28099      40.3667
   28100      40.0518
   28101      40.6678
   28102      40.5577
   28103      40.5983
   28104      40.8013
   28105      40.3437
   28106      40.5011
   28107      40.9959
   28108      40.5509
   28109      40.3046
   28110      40.0390
   28111      40.1223
   28112      40.4661
   28113      40.4384
   28114      40.6655
   28115      41.0379
   28116      40.4495
   28117      40.6291
   28118      40.5570
   28119      40.7368
   28120      40.5431
   28121      41.0146
   28122      40.7663
   28123      40.5660
   28124      40.6958
   28125      40.6840
   28126      41.2759
   28127      40.7472
   28128      40.6304
   28129      40.6070
   28130      40.8421
   28131      40.3885
   28132      40.3254
   28133      39.9894
   28134      40.4599
   28135      40.5642
   28136      41.0105
   28137      40.5604
   28138      40.6426
   28139      40.4451
   28140      40.5585
   28141      40.4370
   28142      40.7569
   28143      41.1775
   28144      41.1606
   28145      40.9027
   28146      40.9532
   28147      40.8010
   28148      40.8052
   28149      40.5784
   28150      40.7695
   28151      40.9710
   28152      41.1021
   28153      41.3308
   28154      40.8917
   28155      41.3223
   28156      41.2052
   28157      40.4840
   28158      40.9624
   28159      40.5888
   28160      41.0098
   28161      40.7044
   28162      40.9687
   28163      40.9079
   28164      40.6756
   28165      40.5980
   28166      40.3569
   28167      40.5283
   28168      40.8354
   28169      40.6484
   28170      40.2657
   28171      40.6929
   28172      40.2333
   28173      41.0512
   28174      40.5941
   28175      40.8573
   28176      40.5414
   28177      40.3591
   28178      40.4700
   28179      40.5274
   28180      40.7498
   28181      41.0218
   28182      40.4616
   28183      40.9691
   28184      40.5512
   28185      40.8993
   28186      40.6081
   28187      40.3858
   28188      40.3351
   28189      40.5928
   28190      39.9479
   28191      40.2437
   28192      40.0013
   28193      40.2009
   28194      39.8122
   28195      40.0014
   28196      40.2690
   28197      40.3869
   28198      40.4748
   28199      40.5003
   28200      40.2929
   28201      39.8270
   28202      40.1000
   28203      40.4500
   28204      40.1610
   28205      40.2777
   28206      40.5201
   28207      40.1530
   28208      40.5738
   28209      40.4082
   28210      40.3980
   28211      40.6194
   28212      40.7794
   28213      40.7329
   28214      40.5080
   28215      40.6568
   28216      40.1427
   28217      40.4806
   28218      40.7638
   28219      40.6607
   28220      40.3950
   28221      40.2522
   28222      40.8194
   28223      40.4010
   28224      41.0708
   28225      40.4939
   28226      40.4822
   28227      40.6325
   28228      40.4489
   28229      40.4052
   28230      40.9227
   28231      40.7763
   28232      40.5561
   28233      40.7738
   28234      41.2409
   28235      39.9071
   28236      40.2398
   28237      40.5990
   28238      40.8388
   28239      41.1594
   28240      40.6118
   28241      40.4767
   28242      40.4904
   28243      40.1714
   28244      40.2987
   28245      40.3546
   28246      40.3167
   28247      40.8281
   28248      40.1101
   28249      40.4638
   28250      40.3287
   28251      40.1739
   28252      40.0030
   28253      40.2054
   28254      40.0055
   28255      40.2234
   28256      40.1693
   28257      40.3452
   28258      40.6770
   28259      40.5643
   28260      40.2936
   28261      40.7429
   28262      40.7539
   28263      40.6395
   28264      40.8617
   28265      40.9667
   28266      40.3870
   28267      40.4134
   28268      40.5704
   28269      40.0864
   28270      40.0391
   28271      40.0855
   28272      40.5510
   28273      40.5324
   28274      40.6555
   28275      40.7284
   28276      40.2046
   28277      40.2223
   28278      40.6653
   28279      40.4246
   28280      40.9761
   28281      40.8446
   28282      40.3433
   28283      40.0176
   28284      40.1719
   28285      40.4166
   28286      40.6421
   28287      40.6135
   28288      40.7661
   28289      40.4810
   28290      40.6704
   28291      40.2053
   28292      40.0499
   28293      40.3178
   28294      40.0345
   28295      40.1480
   28296      40.0661
   28297      40.1672
   28298      40.3916
   28299      39.7185
   28300      40.0981
   28301      40.2563
   28302      40.7364
   28303      40.3033
   28304      39.8878
   28305      40.2864
   28306      40.1015
   28307      39.7755
   28308      39.8895
   28309      39.8552
   28310      40.0079
   28311      40.1148
   28312      40.1762
   28313      40.3799
   28314      40.3725
   28315      40.4960
   28316      40.5065
   28317      40.3369
   28318      40.3198
   28319      40.3629
   28320      40.0546
   28321      40.1010
   28322      40.0197
   28323      39.8762
   28324      40.5145
   28325      40.1879
   28326      40.3277
   28327      40.3064
   28328      39.6293
   28329      39.8397
   28330      40.0100
   28331      40.1070
   28332      40.2408
   28333      40.3643
   28334      40.6839
   28335      40.9795
   28336      40.5309
   28337      40.5354
   28338      40.4983
   28339      40.4860
   28340      40.3406
   28341      40.1708
   28342      40.5177
   28343      40.4889
   28344      40.4125
   28345      40.1342
   28346      40.2380
   28347      40.5707
   28348      40.0647
   28349      40.0224
   28350      39.9070
   28351      40.1644
   28352      40.0503
   28353      40.2714
   28354      40.3330
   28355      39.9978
   28356      40.6463
   28357      40.7372
   28358      40.2292
   28359      40.3400
   28360      40.3623
   28361      40.3847
   28362      40.8521
   28363      40.4415
   28364      40.5175
   28365      40.4903
   28366      40.1576
   28367      40.6047
   28368      40.6609
   28369      40.1483
   28370      40.0217
   28371      40.4551
   28372      40.2285
   28373      40.5214
   28374      40.7322
   28375      40.5834
   28376      40.3256
   28377      41.1708
   28378      40.9141
   28379      41.1549
   28380      40.4511
   28381      40.4693
   28382      40.8008
   28383      40.7943
   28384      40.1006
   28385      39.7994
   28386      40.0885
   28387      40.1139
   28388      40.1770
   28389      40.4424
   28390      40.4423
   28391      40.3292
   28392      40.4734
   28393      40.5704
   28394      40.6091
   28395      40.5659
   28396      40.6642
   28397      40.3043
   28398      40.7744
   28399      40.0901
   28400      40.6578
   28401      40.4976
   28402      40.0996
   28403      40.0975
   28404      40.2355
   28405      40.0230
   28406      40.5028
   28407      40.6017
   28408      40.4659
   28409      40.4223
   28410      40.6209
   28411      40.2855
   28412      40.4362
   28413      40.0897
   28414      40.3960
   28415      40.4324
   28416      40.6018
   28417      40.5807
   28418      40.3696
   28419      40.6812
   28420      39.9865
   28421      40.2395
   28422      40.2719
   28423      40.4918
   28424      40.1273
   28425      40.3791
   28426      40.4446
   28427      39.9601
   28428      39.9463
   28429      40.2457
   28430      40.6052
   28431      40.1519
   28432      40.2075
   28433      40.0306
   28434      39.8313
   28435      40.5060
   28436      40.1830
   28437      40.0406
   28438      40.2689
   28439      39.9664
   28440      40.4272
   28441      40.4372
   28442      40.2457
   28443      40.0676
   28444      40.5331
   28445      40.4453
   28446      40.4983
   28447      41.0435
   28448      40.4911
   28449      40.4790
   28450      40.4996
   28451      40.6877
   28452      40.3705
   28453      39.9834
   28454      40.3263
   28455      40.5112
   28456      40.1125
   28457      40.4746
   28458      40.0290
   28459      40.5757
   28460      40.6326
   28461      40.5073
   28462      40.7259
   28463      40.3721
   28464      40.4075
   28465      40.6670
   28466      40.6174
   28467      40.6760
   28468      40.5576
   28469      40.5129
   28470      40.6523
   28471      40.5506
   28472      40.2051
   28473      40.0097
   28474      40.5605
   28475      40.5240
   28476      40.4594
   28477      40.5591
   28478      40.5721
   28479      40.5706
   28480      40.1774
   28481      40.4770
   28482      40.0266
   28483      39.7293
   28484      40.5632
   28485      39.9260
   28486      40.4835
   28487      40.3518
   28488      40.9396
   28489      40.3875
   28490      40.6911
   28491      40.9081
   28492      40.6021
   28493      40.3336
   28494      40.4077
   28495      40.3641
   28496      40.6101
   28497      40.4523
   28498      40.3900
   28499      40.2107
   28500      41.0060
   28501      40.6026
   28502      40.4550
   28503      40.5883
   28504      40.6215
   28505      40.1326
   28506      40.2236
   28507      40.7830
   28508      40.1369
   28509      40.2754
   28510      40.0394
   28511      40.4559
   28512      39.9317
   28513      40.0743
   28514      40.6691
   28515      40.1445
   28516      39.8421
   28517      40.2281
   28518      40.0977
   28519      40.2123
   28520      40.0268
   28521      40.1873
   28522      40.2365
   28523      40.1328
   28524      39.9181
   28525      40.0274
   28526      39.8531
   28527      40.5872
   28528      40.5618
   28529      40.0199
   28530      39.8999
   28531      40.1679
   28532      39.6582
   28533      39.8782
   28534      39.7430
   28535      40.0740
   28536      40.0116
   28537      40.6092
   28538      40.5203
   28539      40.3212
   28540      40.1647
   28541      40.2278
   28542      40.5748
   28543      40.0431
   28544      40.4352
   28545      40.2289
   28546      40.4109
   28547      40.5062
   28548      40.0415
   28549      40.4172
   28550      40.1547
   28551      40.1306
   28552      40.2857
   28553      40.3041
   28554      40.4372
   28555      40.0338
   28556      40.1021
   28557      40.3366
   28558      40.3631
   28559      39.9970
   28560      40.3204
   28561      40.1528
   28562      40.1440
   28563      40.1566
   28564      40.3786
   28565      40.1854
   28566      40.2453
   28567      39.9499
   28568      40.4011
   28569      40.1376
   28570      40.4083
   28571      40.9999
   28572      40.4726
   28573      40.2351
   28574      40.1179
   28575      40.4492
   28576      40.4068
   28577      40.7628
   28578      40.4626
   28579      40.0746
   28580      40.1864
   28581      39.8144
   28582      39.9403
   28583      40.0026
   28584      40.4522
   28585      40.2217
   28586      40.4798
   28587      40.2266
   28588      40.4246
   28589      40.3585
   28590      40.5474
   28591      40.0938
   28592      40.5124
   28593      40.4734
   28594      40.1815
   28595      39.9208
   28596      40.5344
   28597      40.4484
   28598      40.5999
   28599      40.6542
   28600      39.9113
   28601      40.0240
   28602      40.4780
   28603      40.4029
   28604      40.0381
   28605      40.2498
   28606      40.1281
   28607      39.9319
   28608      39.8741
   28609      39.5635
   28610      39.8039
   28611      40.4367
   28612      39.7727
   28613      40.4580
   28614      40.1661
   28615      39.7624
   28616      40.0085
   28617      39.8461
   28618      39.6610
   28619      39.6980
   28620      39.6047
   28621      39.6068
   28622      39.8223
   28623      40.0264
   28624      40.3438
   28625      40.0965
   28626      40.0253
   28627      40.2136
   28628      39.9352
   28629      40.0074
   28630      39.9112
   28631      40.1895
   28632      40.3296
   28633      39.6972
   28634      40.2613
   28635      39.8719
   28636      40.1056
   28637      40.1289
   28638      39.5918
   28639      39.3104
   28640      39.7634
   28641      40.0608
   28642      40.3382
   28643      40.0365
   28644      40.5987
   28645      39.9971
   28646      40.2724
   28647      40.4017
   28648      40.4206
   28649      40.1345
   28650      40.0608
   28651      40.6475
   28652      40.1635
   28653      40.2907
   28654      40.5066
   28655      40.5643
   28656      40.1469
   28657      40.2400
   28658      40.6429
   28659      40.3039
   28660      40.0633
   28661      40.0254
   28662      40.1052
   28663      40.0458
   28664      39.9316
   28665      40.5193
   28666      40.1875
   28667      39.9864
   28668      40.2756
   28669      40.6997
   28670      40.5103
   28671      40.3383
   28672      39.9652
   28673      40.7842
   28674      40.4543
   28675      40.3941
   28676      40.2312
   28677      40.0692
   28678      39.9580
   28679      39.8921
   28680      40.2236
   28681      39.7489
   28682      40.5653
   28683      40.0438
   28684      40.2637
   28685      40.3415
   28686      40.0382
   28687      39.9808
   28688      40.2364
   28689      40.2083
   28690      40.4090
   28691      40.0185
   28692      40.0230
   28693      40.0757
   28694      39.8680
   28695      39.8676
   28696      40.0909
   28697      40.5064
   28698      40.2493
   28699      40.1467
   28700      39.6797
   28701      39.2723
   28702      40.0743
   28703      39.9604
   28704      39.6915
   28705      40.3980
   28706      40.1880
   28707      39.7486
   28708      39.8382
   28709      39.8644
   28710      39.6238
   28711      39.2765
   28712      40.1573
   28713      39.8336
   28714      39.8279
   28715      39.6664
   28716      39.7529
   28717      39.1861
   28718      39.9997
   28719      39.5749
   28720      39.9525
   28721      39.8197
   28722      40.0118
   28723      39.8562
   28724      40.1006
   28725      39.7541
   28726      39.8392
   28727      39.8091
   28728      39.8300
   28729      39.6593
   28730      39.9602
   28731      39.8555
   28732      39.7384
   28733      39.9195
   28734      39.8309
   28735      39.7555
   28736      40.1136
   28737      39.4667
   28738      39.5597
   28739      39.6735
   28740      40.3444
   28741      40.3154
   28742      40.6801
   28743      40.1182
   28744      40.1973
   28745      40.5585
   28746      40.6440
   28747      40.7754
   28748      40.3653
   28749      39.9165
   28750      40.1554
   28751      39.7925
   28752      39.8831
   28753      39.9439
   28754      40.0512
   28755      40.1096
   28756      40.2853
   28757      40.5063
   28758      40.3162
   28759      39.6743
   28760      39.9963
   28761      39.9578
   28762      40.5072
   28763      40.0437
   28764      40.0158
   28765      39.8326
   28766      39.6257
   28767      40.2487
   28768      40.3136
   28769      40.3198
   28770      40.3112
   28771      40.6502
   28772      40.0481
   28773      40.4363
   28774      39.8284
   28775      40.1350
   28776      40.0570
   28777      40.2833
   28778      40.0459
   28779      40.0038
   28780      39.9458
   28781      40.3924
   28782      39.9806
   28783      40.1583
   28784      40.1811
   28785      40.0409
   28786      39.8771
   28787      39.7113
   28788      40.1010
   28789      40.0985
   28790      40.0791
   28791      39.7604
   28792      40.2971
   28793      39.7667
   28794      39.4400
   28795      39.6725
   28796      39.7823
   28797      39.9101
   28798      40.0747
   28799      39.7758
   28800      39.7076
   28801      40.0136
   28802      39.9141
   28803      39.7078
   28804      39.9361
   28805      40.2655
   28806      40.1162
   28807      39.8773
   28808      39.9868
   28809      39.8149
   28810      39.8796
   28811      39.4859
   28812      39.9459
   28813      39.9054
   28814      40.0313
   28815      40.2532
   28816      40.1207
   28817      39.7799
   28818      39.8563
   28819      39.8322
   28820      39.7266
   28821      39.6779
   28822      39.7679
   28823      39.5378
   28824      40.1117
   28825      40.0282
   28826      39.8902
   28827      39.8299
   28828      39.5533
   28829      39.5735
   28830      39.5225
   28831      39.6950
   28832      39.8304
   28833      40.1906
   28834      39.6992
   28835      39.7940
   28836      39.9892
   28837      40.1439
   28838      40.3475
   28839      40.0324
   28840      40.1644
   28841      40.5174
   28842      40.1511
   28843      39.8133
   28844      39.9958
   28845      39.9721
   28846      40.2100
   28847      39.6307
   28848      39.8866
   28849      39.9593
   28850      39.8596
   28851      40.1293
   28852      39.8145
   28853      39.9436
   28854      40.2730
   28855      39.9461
   28856      39.9927
   28857      39.7713
   28858      39.7342
   28859      39.5009
   28860      39.5883
   28861      39.8241
   28862      39.6409
   28863      39.9725
   28864      39.3855
   28865      39.8894
   28866      39.9034
   28867      39.5796
   28868      39.6228
   28869      39.7137
   28870      39.8444
   28871      39.8051
   28872      39.3877
   28873      39.6350
   28874      39.4644
   28875      39.4673
   28876      39.8562
   28877      39.6932
   28878      39.9243
   28879      40.1585
   28880      39.7902
   28881      40.0675
   28882      40.1599
   28883      39.7666
   28884      39.8624
   28885      39.9570
   28886      40.2157
   28887      39.8283
   28888      39.9094
   28889      39.7530
   28890      39.8734
   28891      39.8695
   28892      40.1494
   28893      40.5398
   28894      39.7445
   28895      39.6489
   28896      39.7975
   28897      39.5019
   28898      39.7833
   28899      39.7115
   28900      39.6701
   28901      39.7813
   28902      39.7698
   28903      40.1108
   28904      40.2215
   28905      40.3703
   28906      40.2073
   28907      40.0889
   28908      40.4485
   28909      39.9857
   28910      40.0459
   28911      39.5543
   28912      40.2328
   28913      40.0782
   28914      39.9085
   28915      39.8508
   28916      39.4445
   28917      40.0344
   28918      40.0400
   28919      39.5197
   28920      39.9559
   28921      39.8011
   28922      39.6756
   28923      39.9173
   28924      39.5524
   28925      39.5641
   28926      39.2510
   28927      39.5940
   28928      39.6656
   28929      39.7041
   28930      39.7243
   28931      39.7829
   28932      39.7783
   28933      39.7956
   28934      39.5209
   28935      39.5453
   28936      39.8059
   28937      40.2036
   28938      40.2010
   28939      40.1717
   28940      39.8399
   28941      39.6919
   28942      39.8352
   28943      40.1816
   28944      40.1682
   28945      40.3714
   28946      39.8184
   28947      40.1119
   28948      40.1902
   28949      39.6363
   28950      39.5681
   28951      40.2428
   28952      39.5815
   28953      39.7842
   28954      39.7485
   28955      39.6319
   28956      39.4543
   28957      39.2948
   28958      39.6804
   28959      39.6052
   28960      39.4696
   28961      39.6270
   28962      39.8302
   28963      39.9218
   28964      39.7058
   28965      40.0402
   28966      39.7500
   28967      39.8279
   28968      39.6032
   28969      39.8418
   28970      39.3963
   28971      39.8231
   28972      39.4552
   28973      39.7597
   28974      39.9451
   28975      39.6515
   28976      39.4345
   28977      39.9697
   28978      39.8234
   28979      39.8308
   28980      39.6131
   28981      40.0273
   28982      39.9590
   28983      39.4783
   28984      40.1435
   28985      39.9972
   28986      40.0298
   28987      39.7135
   28988      39.6261
   28989      39.7881
   28990      39.8381
   28991      39.8729
   28992      40.4263
   28993      39.5509
   28994      40.0664
   28995      39.6209
   28996      39.8669
   28997      39.2297
   28998      39.7061
   28999      39.7382
   29000      39.8468
   29001      40.0288
   29002      39.4088
   29003      39.4654
   29004      39.5864
   29005      39.6406
   29006      39.3825
   29007      39.5207
   29008      39.8999
   29009      39.4093
   29010      39.7547
   29011      39.7168
   29012      39.4761
   29013      39.3430
   29014      39.6624
   29015      39.2977
   29016      39.7002
   29017      39.3606
   29018      39.3023
   29019      39.4321
   29020      39.3758
   29021      39.4283
   29022      40.0870
   29023      39.7925
   29024      39.7523
   29025      39.9242
   29026      40.0222
   29027      39.6928
   29028      39.3079
   29029      39.1579
   29030      39.6885
   29031      39.4061
   29032      39.5738
   29033      39.4460
   29034      39.5706
   29035      39.5090
   29036      39.6370
   29037      40.1334
   29038      40.0701
   29039      40.1290
   29040      39.8680
   29041      39.7538
   29042      39.6427
   29043      39.9250
   29044      39.6993
   29045      39.7062
   29046      39.7411
   29047      39.9068
   29048      39.5176
   29049      39.7105
   29050      40.1174
   29051      40.0377
   29052      40.0903
   29053      39.8636
   29054      40.0767
   29055      39.3989
   29056      39.4891
   29057      39.6908
   29058      39.5499
   29059      39.6503
   29060      39.5235
   29061      39.5394
   29062      39.4995
   29063      39.8874
   29064      39.9409
   29065      39.8331
   29066      39.6957
   29067      39.4852
   29068      39.6576
   29069      39.2051
   29070      39.6286
   29071      40.0843
   29072      40.0565
   29073      40.1094
   29074      39.5871
   29075      39.9824
   29076      39.7157
   29077      40.1415
   29078      39.7818
   29079      39.8073
   29080      39.3526
   29081      39.9189
   29082      39.7785
   29083      39.8474
   29084      39.5801
   29085      39.4882
   29086      39.8295
   29087      39.6165
   29088      39.7278
   29089      40.0151
   29090      39.5218
   29091      39.6300
   29092      39.8676
   29093      39.3734
   29094      39.6890
   29095      39.5447
   29096      39.8721
   29097      39.5489
   29098      39.4415
   29099      39.5675
   29100      39.5679
   29101      39.6619
   29102      39.6357
   29103      39.9666
   29104      40.1425
   29105      39.8929
   29106      39.3087
   29107      39.7664
   29108      39.8599
   29109      40.0978
   29110      40.0018
   29111      39.6711
   29112      39.5713
   29113      39.5986
   29114      39.5412
   29115      39.3055
   29116      39.8188
   29117      39.6963
   29118      39.7067
   29119      39.5372
   29120      39.8945
   29121      39.9587
   29122      40.0737
   29123      39.7348
   29124      39.5179
   29125      39.5543
   29126      39.2763
   29127      39.5623
   29128      39.5473
   29129      39.4394
   29130      39.6293
   29131      39.6451
   29132      39.4995
   29133      39.8882
   29134      39.3376
   29135      39.6234
   29136      39.2419
   29137      39.3742
   29138      39.6138
   29139      39.6134
   29140      40.0362
   29141      39.5161
   29142      39.6821
   29143      39.3547
   29144      39.1575
   29145      39.6879
   29146      40.1006
   29147      39.6455
   29148      39.8338
   29149      39.6197
   29150      39.7417
   29151      40.0620
   29152      39.9353
   29153      40.0886
   29154      39.6934
   29155      40.4475
   29156      40.4258
   29157      40.0369
   29158      40.3223
   29159      40.4479
   29160      39.6737
   29161      39.5498
   29162      39.8974
   29163      39.9357
   29164      39.9927
   29165      39.8317
   29166      39.9855
   29167      40.1859
   29168      40.0084
   29169      40.3119
   29170      39.9746
   29171      40.1294
   29172      39.8600
   29173      39.9166
   29174      39.8929
   29175      40.3676
   29176      39.8721
   29177      39.9373
   29178      40.4309
   29179      40.2693
   29180      40.0822
   29181      40.3455
   29182      39.6627
   29183      40.2029
   29184      39.8555
   29185      39.8184
   29186      39.8912
   29187      40.2621
   29188      39.9885
   29189      39.7396
   29190      40.6132
   29191      40.4274
   29192      40.1901
   29193      39.9451
   29194      40.0826
   29195      39.7643
   29196      40.3598
   29197      39.9621
   29198      40.1282
   29199      39.5589
   29200      40.0017
   29201      40.1243
   29202      40.4088
   29203      40.1757
   29204      39.9082
   29205      39.8594
   29206      39.9945
   29207      40.5425
   29208      40.2418
   29209      40.0839
   29210      40.2838
   29211      40.2563
   29212      40.5237
   29213      39.9451
   29214      39.9319
   29215      40.1537
   29216      40.5026
   29217      39.9597
   29218      39.9735
   29219      40.3832
   29220      39.9492
   29221      40.1538
   29222      40.6812
   29223      40.1441
   29224      39.7930
   29225      39.8874
   29226      40.0528
   29227      39.9073
   29228      39.9194
   29229      39.9233
   29230      39.5976
   29231      39.5351
   29232      39.8345
   29233      39.3946
   29234      39.6163
   29235      39.7933
   29236      39.7665
   29237      40.1521
   29238      40.3044
   29239      40.4984
   29240      40.0210
   29241      40.5860
   29242      40.3228
   29243      40.0514
   29244      39.9559
   29245      40.3810
   29246      40.4653
   29247      40.0906
   29248      40.2832
   29249      40.1984
   29250      40.2202
   29251      39.9846
   29252      39.9784
   29253      40.3636
   29254      40.9531
   29255      39.9637
   29256      40.0951
   29257      40.3355
   29258      39.9193
   29259      40.3080
   29260      40.3289
   29261      40.3678
   29262      39.9476
   29263      39.9907
   29264      40.7925
   29265      40.4310
   29266      40.4360
   29267      40.0970
   29268      40.6313
   29269      40.5872
   29270      40.2867
   29271      40.3371
   29272      40.2918
   29273      40.4919
   29274      40.5214
   29275      40.3430
   29276      40.8849
   29277      41.0513
   29278      40.3924
   29279      40.5322
   29280      40.5663
   29281      40.3348
   29282      40.3116
   29283      40.0628
   29284      40.2201
   29285      40.3344
   29286      40.3294
   29287      39.9577
   29288      40.1191
   29289      40.0630
   29290      40.3888
   29291      40.3592
   29292      40.1023
   29293      39.8434
   29294      40.6213
   29295      40.4534
   29296      39.9475
   29297      40.4345
   29298      40.2217
   29299      40.1469
   29300      39.9894
   29301      40.0595
   29302      39.7580
   29303      40.0669
   29304      40.2123
   29305      40.2321
   29306      40.4949
   29307      40.0240
   29308      39.9409
   29309      40.1040
   29310      40.4637
   29311      40.2117
   29312      40.0871
   29313      40.0871
   29314      40.1647
   29315      40.1535
   29316      40.0822
   29317      40.4360
   29318      40.3996
   29319      40.1021
   29320      40.2141
   29321      39.9078
   29322      40.0659
   29323      40.3085
   29324      40.3811
   29325      40.1419
   29326      40.5540
   29327      40.4260
   29328      40.0285
   29329      39.9741
   29330      39.6546
   29331      39.8412
   29332      40.2350
   29333      39.9394
   29334      40.2457
   29335      40.3570
   29336      40.1253
   29337      40.1358
   29338      40.9655
   29339      39.8756
   29340      40.0600
   29341      40.3809
   29342      40.5529
   29343      40.4472
   29344      40.5084
   29345      39.9709
   29346      40.6016
   29347      40.4827
   29348      40.1334
   29349      39.8619
   29350      40.0112
   29351      39.7055
   29352      40.1157
   29353      39.9519
   29354      40.1872
   29355      40.3083
   29356      40.0384
   29357      39.3170
   29358      39.9175
   29359      40.1039
   29360      40.1670
   29361      40.0688
   29362      40.3334
   29363      40.2112
   29364      40.3703
   29365      40.1965
   29366      40.0074
   29367      40.3521
   29368      40.6012
   29369      40.7299
   29370      40.6344
   29371      40.6153
   29372      40.0126
   29373      40.2195
   29374      40.0329
   29375      39.9830
   29376      40.2238
   29377      39.9753
   29378      40.2852
   29379      40.7049
   29380      39.9204
   29381      40.2381
   29382      40.3194
   29383      40.3212
   29384      40.0850
   29385      40.0442
   29386      39.7032
   29387      40.2491
   29388      40.0182
   29389      40.0503
   29390      40.2537
   29391      39.7583
   29392      39.5738
   29393      39.5375
   29394      39.6933
   29395      40.0560
   29396      40.1542
   29397      40.5093
   29398      40.7254
   29399      40.1275
   29400      40.3970
   29401      40.5814
   29402      39.6441
   29403      39.1035
   29404      40.0008
   29405      39.9752
   29406      40.0634
   29407      39.8668
   29408      40.3089
   29409      39.5659
   29410      39.7473
   29411      39.7748
   29412      39.8658
   29413      39.6337
   29414      39.1821
   29415      39.7940
   29416      39.3827
   29417      39.6804
   29418      39.7290
   29419      39.6500
   29420      39.5186
   29421      39.7761
   29422      39.6777
   29423      39.7879
   29424      39.9062
   29425      39.6935
   29426      39.9866
   29427      40.3426
   29428      40.0863
   29429      39.9477
   29430      40.2855
   29431      39.9157
   29432      39.8132
   29433      40.2404
   29434      40.1329
   29435      39.4783
   29436      39.6443
   29437      39.7797
   29438      39.8628
   29439      40.0162
   29440      40.6565
   29441      39.6102
   29442      39.8932
   29443      39.5553
   29444      39.4073
   29445      39.7932
   29446      39.8707
   29447      39.8644
   29448      40.5791
   29449      39.9543
   29450      40.1252
   29451      40.1498
   29452      40.3786
   29453      40.1697
   29454      39.9008
   29455      40.1771
   29456      40.4112
   29457      40.4261
   29458      40.3123
   29459      39.8742
   29460      40.2385
   29461      39.8052
   29462      40.2130
   29463      39.9438
   29464      40.1985
   29465      40.3484
   29466      40.0527
   29467      39.9797
   29468      39.8710
   29469      40.3200
   29470      40.0662
   29471      39.7932
   29472      40.4759
   29473      40.0020
   29474      40.0741
   29475      40.3045
   29476      40.4826
   29477      40.2330
   29478      40.5349
   29479      40.2264
   29480      40.4834
   29481      40.3132
   29482      40.6458
   29483      40.1959
   29484      40.2412
   29485      40.1482
   29486      40.1683
   29487      40.4071
   29488      39.9643
   29489      40.5412
   29490      40.1932
   29491      40.0975
   29492      39.8209
   29493      40.0120
   29494      39.9768
   29495      39.7944
   29496      40.1177
   29497      40.0956
   29498      40.1165
   29499      40.1010
   29500      39.9559
   29501      40.3619
   29502      39.9009
   29503      40.2796
   29504      39.9963
   29505      39.7899
   29506      39.8344
   29507      40.0359
   29508      39.7661
   29509      39.7169
   29510      39.9878
   29511      39.9748
   29512      40.0341
   29513      39.8198
   29514      39.9598
   29515      39.5394
   29516      39.9443
   29517      40.0182
   29518      40.2656
   29519      40.3741
   29520      40.6697
   29521      40.6795
   29522      40.2343
   29523      39.9067
   29524      40.6331
   29525      40.2026
   29526      40.1471
   29527      40.7003
   29528      39.8509
   29529      40.0700
   29530      40.1117
   29531      39.1391
   29532      39.4856
   29533      40.0883
   29534      39.6993
   29535      39.9634
   29536      39.6991
   29537      40.2589
   29538      39.9731
   29539      40.2934
   29540      39.8112
   29541      40.2772
   29542      40.0150
   29543      40.1885
   29544      40.6325
   29545      40.0229
   29546      39.9668
   29547      39.9989
   29548      40.0317
   29549      40.4909
   29550      39.7860
   29551      40.1363
   29552      40.3235
   29553      39.5662
   29554      39.7875
   29555      39.9269
   29556      39.8986
   29557      39.3816
   29558      39.8308
   29559      39.9830
   29560      39.8087
   29561      39.9436
   29562      39.6633
   29563      39.6513
   29564      39.9438
   29565      40.1914
   29566      40.0691
   29567      40.4420
   29568      40.1169
   29569      39.7258
   29570      39.8028
   29571      39.9340
   29572      39.5089
   29573      40.0154
   29574      39.5402
   29575      39.6499
   29576      39.6155
   29577      39.2027
   29578      39.8084
   29579      39.4571
   29580      39.3504
   29581      39.8646
   29582      39.4715
   29583      39.5741
   29584      39.4847
   29585      40.1316
   29586      40.0430
   29587      40.1059
   29588      39.9007
   29589      40.1261
   29590      40.1146
   29591      40.0200
   29592      40.3001
   29593      40.2086
   29594      40.2584
   29595      40.3702
   29596      40.1826
   29597      40.6564
   29598      40.5627
   29599      40.2172
   29600      40.6588
   29601      40.2978
   29602      40.2522
   29603      40.4802
   29604      40.1821
   29605      40.3242
   29606      40.4354
   29607      40.3792
   29608      39.9905
   29609      39.9708
   29610      40.0894
   29611      40.0057
   29612      39.9179
   29613      40.0229
   29614      39.9514
   29615      39.9572
   29616      40.1847
   29617      39.9772
   29618      40.5716
   29619      39.9480
   29620      40.1578
   29621      39.8127
   29622      39.9674
   29623      40.1285
   29624      40.2670
   29625      40.1711
   29626      40.3504
   29627      40.0173
   29628      39.9522
   29629      40.4137
   29630      40.1603
   29631      40.4832
   29632      39.8776
   29633      40.1704
   29634      40.7448
   29635      40.2701
   29636      40.2918
   29637      40.1538
   29638      40.0723
   29639      40.4062
   29640      40.4254
   29641      40.3368
   29642      40.1165
   29643      40.2624
   29644      40.0300
   29645      40.2591
   29646      40.1307
   29647      40.2845
   29648      40.2282
   29649      40.0962
   29650      40.1558
   29651      40.5414
   29652      40.2612
   29653      40.5054
   29654      40.4867
   29655      40.1440
   29656      40.5401
   29657      40.5272
   29658      40.0716
   29659      40.3215
   29660      40.0286
   29661      40.0723
   29662      40.4224
   29663      40.1970
   29664      40.3012
   29665      39.9999
   29666      39.8232
   29667      40.0347
   29668      41.0397
   29669      40.5284
   29670      40.2364
   29671      40.5873
   29672      40.8200
   29673      40.3924
   29674      40.2768
   29675      40.7819
   29676      40.4220
   29677      40.7766
   29678      41.2354
   29679      40.2828
   29680      40.3118
   29681      40.8381
   29682      40.1480
   29683      39.8011
   29684      40.1523
   29685      40.3590
   29686      40.1618
   29687      40.1640
   29688      40.1411
   29689      40.6392
   29690      40.4929
   29691      40.4991
   29692      40.5317
   29693      40.5601
   29694      40.3294
   29695      40.3361
   29696      40.3970
   29697      40.2726
   29698      40.1784
   29699      40.1195
   29700      40.1177
   29701      40.5766
   29702      40.6831
   29703      40.2234
   29704      39.9514
   29705      40.1086
   29706      40.1558
   29707      40.3068
   29708      40.3553
   29709      40.0720
   29710      40.3169
   29711      40.1089
   29712      40.0223
   29713      40.1160
   29714      40.3158
   29715      40.1441
   29716      40.0488
   29717      40.4854
   29718      40.2736
   29719      39.9908
   29720      40.3322
   29721      40.3969
   29722      40.2355
   29723      40.3004
   29724      40.3862
   29725      40.1534
   29726      40.1993
   29727      40.0552
   29728      39.8740
   29729      40.2616
   29730      40.4926
   29731      40.2760
   29732      40.7616
   29733      39.7896
   29734      39.8726
   29735      39.9707
   29736      40.2298
   29737      40.1985
   29738      40.5944
   29739      40.0602
   29740      40.2708
   29741      40.4135
   29742      40.3351
   29743      40.3553
   29744      40.4882
   29745      40.3437
   29746      40.0940
   29747      40.0752
   29748      40.2203
   29749      40.6490
   29750      39.9931
   29751      40.0786
   29752      40.6685
   29753      40.3197
   29754      40.5652
   29755      40.5160
   29756      40.6897
   29757      40.4585
   29758      40.4750
   29759      40.3435
   29760      40.7394
   29761      40.5759
   29762      40.6605
   29763      40.5051
   29764      40.4686
   29765      39.9742
   29766      39.9177
   29767      40.1607
   29768      40.6386
   29769      40.2124
   29770      40.5705
   29771      40.4376
   29772      40.2251
   29773      40.1742
   29774      40.2102
   29775      40.1808
   29776      39.9382
   29777      40.4214
   29778      40.4705
   29779      40.0128
   29780      40.8702
   29781      40.3433
   29782      40.5404
   29783      40.5198
   29784      40.4366
   29785      40.9490
   29786      40.6400
   29787      40.2739
   29788      40.3288
   29789      40.2268
   29790      40.3247
   29791      40.7098
   29792      40.2303
   29793      40.7899
   29794      40.6550
   29795      40.7076
   29796      40.5847
   29797      40.8860
   29798      40.4630
   29799      40.5606
   29800      40.6087
   29801      40.4506
   29802      40.2254
   29803      40.2631
   29804      40.7057
   29805      40.9424
   29806      40.7305
   29807      40.3876
   29808      40.6092
   29809      40.6583
   29810      40.4752
   29811      40.7215
   29812      40.8727
   29813      40.6620
   29814      40.6992
   29815      40.3404
   29816      40.3421
   29817      40.3282
   29818      40.6011
   29819      40.4934
   29820      40.6859
   29821      40.4850
   29822      40.1035
   29823      40.4596
   29824      40.1159
   29825      40.5997
   29826      40.0059
   29827      39.8973
   29828      40.2009
   29829      40.2492
   29830      40.2885
   29831      40.7685
   29832      40.7480
   29833      40.5471
   29834      40.3304
   29835      40.3561
   29836      40.3653
   29837      40.2927
   29838      40.3802
   29839      40.4305
   29840      39.8043
   29841      39.9990
   29842      40.5107
   29843      40.7484
   29844      40.9159
   29845      40.6222
   29846      40.7562
   29847      40.7657
   29848      40.5440
   29849      40.2351
   29850      40.7441
   29851      40.4995
   29852      40.5486
   29853      40.0227
   29854      40.0214
   29855      40.2628
   29856      40.5260
   29857      40.5008
   29858      40.9528
   29859      40.6764
   29860      40.2997
   29861      40.8030
   29862      40.2377
   29863      40.1336
   29864      40.7742
   29865      40.7346
   29866      40.5008
   29867      40.6126
   29868      40.5887
   29869      40.4813
   29870      40.7029
   29871      40.8366
   29872      40.4221
   29873      40.5401
   29874      40.9225
   29875      40.6244
   29876      40.8207
   29877      40.4861
   29878      40.6776
   29879      40.6953
   29880      40.9397
   29881      40.4900
   29882      40.5140
   29883      40.3890
   29884      40.5045
   29885      40.6187
   29886      40.3355
   29887      40.7789
   29888      40.4707
   29889      40.2502
   29890      40.0949
   29891      40.3379
   29892      40.7582
   29893      40.6829
   29894      40.5824
   29895      40.1827
   29896      40.6530
   29897      40.6909
   29898      40.9666
   29899      40.4038
   29900      40.2906
   29901      39.9567
   29902      40.4522
   29903      40.2697
   29904      40.3923
   29905      40.1707
   29906      40.3273
   29907      39.9970
   29908      40.1971
   29909      40.1326
   29910      39.9801
   29911      40.2551
   29912      40.3639
   29913      39.8021
   29914      39.8085
   29915      39.8942
   29916      40.3693
   29917      40.2892
   29918      39.9761
   29919      39.9878
   29920      39.9767
   29921      40.3712
   29922      40.2847
   29923      40.0870
   29924      39.6965
   29925      39.9199
   29926      40.1008
   29927      40.0436
   29928      40.1844
   29929      40.3273
   29930      40.4546
   29931      40.3498
   29932      40.0366
   29933      40.5409
   29934      39.9841
   29935      40.0205
   29936      40.0237
   29937      40.0002
   29938      40.3672
   29939      40.4765
   29940      39.9596
   29941      40.0080
   29942      39.8064
   29943      39.9943
   29944      39.5929
   29945      40.1989
   29946      40.3816
   29947      40.2766
   29948      40.1915
   29949      39.8123
   29950      39.7408
   29951      40.0112
   29952      39.6504
   29953      39.9297
   29954      39.9551
   29955      40.0392
   29956      39.4994
   29957      40.2411
   29958      40.2415
   29959      40.1275
   29960      39.7613
   29961      40.1084
   29962      40.2722
   29963      40.1091
   29964      40.4695
   29965      39.7294
   29966      40.0223
   29967      39.8151
   29968      39.8589
   29969      39.9948
   29970      40.0469
   29971      40.0836
   29972      40.2271
   29973      40.6455
   29974      40.3772
   29975      39.9927
   29976      39.6817
   29977      39.3064
   29978      39.4283
   29979      40.2245
   29980      39.8157
   29981      40.0133
   29982      39.6097
   29983      40.2475
   29984      39.5148
   29985      39.8362
   29986      39.4536
   29987      39.9230
   29988      40.1757
   29989      39.5571
   29990      39.8444
   29991      39.9800
   29992      40.3755
   29993      40.7322
   29994      40.8440
   29995      39.8427
   29996      39.9591
   29997      40.1118
   29998      39.9966
   29999      39.9649
   30000      40.8438
