
          -------------------------------------------------------
          Amber 22 PMEMD                              2022
          -------------------------------------------------------

| PMEMD implementation of SANDER, Release 22

|  Compiled date/time: Thu Apr 14 11:06:37 2022
| Run on 09/01/2026 at 11:46:51

|   Executable path: pmemd.cuda
| Working directory: /bigdata/cutlerlab/jjaco081/PYR1_pocket_expansion/data/posecheck/aba_crystal/rep1
|          Hostname: gpu09

  [-O]verwriting output

File Assignments:
|   MDIN: prod.in                                                               
|  MDOUT: prod.out                                                              
| INPCRD: eq2.rst7                                                              
|   PARM: /bigdata/cutlerlab/jjaco081/PYR1_pocket_expansion/data/posecheck/aba_c
| RESTRT: prod.rst7                                                             
|   REFC: refc                                                                  
|  MDVEL: mdvel                                                                 
|   MDEN: mden                                                                  
|  MDCRD: prod.nc                                                               
| MDINFO: prod.info                                                             
|  MDFRC: mdfrc                                                                 


 Here is the input file:

NPT production, 10000000 steps remaining, frames every 10 ps                   
 &cntrl                                                                        
  imin=0, irest=1, ntx=5,                                                      
  nstlim=10000000, dt=0.002,                                                   
  ntc=2, ntf=2, cut=10.0,                                                      
  ntb=2, ntp=1, barostat=2, pres0=1.0, taup=2.0,                               
  ntt=3, gamma_ln=2.0, ig=-1, temp0=300.0,                                     
  ntr=0,                                                                       
  ntpr=25000, ntwx=5000, ntwr=5000,                                            
  iwrap=1,                                                                     
 /                                                                             


Note: ig = -1. Setting random seed to   172075 based on wallclock time in 
      microseconds.
| irandom = 1, using AMBER's internal random number generator (default).
 
|--------------------- INFORMATION ----------------------
| GPU (CUDA) Version of PMEMD in use: NVIDIA GPU IN USE.
|                    Version 18.0.0
| 
|                      03/25/2018
| 
| Implementation by:
|                    Ross C. Walker     (SDSC)
|                    Scott Le Grand     (nVIDIA)
| 
| Version 18 performance extensions by:
|                    David Cerutti     (Rutgers)
| 
| Precision model in use:
|      [SPFP] - Single Precision Forces, 64-bit Fixed Point
|               Accumulation. (Default)
| 
|--------------------------------------------------------
 
|----------------- CITATION INFORMATION -----------------
|
|    When publishing work that utilized the CUDA version
|    of AMBER, please cite the following in addition to
|    the regular AMBER citations:
|
|  - Romelia Salomon-Ferrer; Andreas W. Goetz; Duncan
|    Poole; Scott Le Grand; Ross C. Walker "Routine
|    microsecond molecular dynamics simulations with
|    AMBER - Part II: Particle Mesh Ewald", J. Chem.
|    Theory Comput., 2013, 9 (9), pp3878-3888,
|    DOI: 10.1021/ct400314y.
|
|  - Andreas W. Goetz; Mark J. Williamson; Dong Xu;
|    Duncan Poole; Scott Le Grand; Ross C. Walker
|    "Routine microsecond molecular dynamics simulations
|    with AMBER - Part I: Generalized Born", J. Chem.
|    Theory Comput., 2012, 8 (5), pp1542-1555.
|
|  - Scott Le Grand; Andreas W. Goetz; Ross C. Walker
|    "SPFP: Speed without compromise - a mixed precision
|    model for GPU accelerated molecular dynamics
|    simulations.", Comp. Phys. Comm., 2013, 184
|    pp374-380, DOI: 10.1016/j.cpc.2012.09.022
|
|--------------------------------------------------------
 
|------------------- GPU DEVICE INFO --------------------
|
|            CUDA_VISIBLE_DEVICES: 0
|   CUDA Capable Devices Detected:      1
|           CUDA Device ID in use:      0
|                CUDA Device Name: NVIDIA RTX 6000 Ada Generation
|     CUDA Device Global Mem Size:  48510 MB
| CUDA Device Num Multiprocessors:    142
|           CUDA Device Core Freq:   2.50 GHz
|
|--------------------------------------------------------
 
 
| Conditional Compilation Defines Used:
| PUBFFT
| BINTRAJ
| CUDA
| EMIL

| Largest sphere to fit in unit cell has radius =    30.874

| New format PARM file being parsed.
| Version =    1.000 Date = 09/01/26 Time = 11:33:49

| Note: 1-4 EEL scale factors are being read from the topology file.

| Note: 1-4 VDW scale factors are being read from the topology file.
| INFO:    Virtual site frames will be inferred from bonding patterns.
| Duplicated    0 dihedrals

| Duplicated    0 dihedrals

--------------------------------------------------------------------------------
   1.  RESOURCE   USE: 
--------------------------------------------------------------------------------

 getting box info from netcdf restart file
 NATOM  =   43861 NTYPES =      26 NBONH =   32118 MBONA  =   11708
 NTHETH =    3249 MTHETA =    2007 NPHIH =    6624 MPHIA  =    6358
 NHPARM =       0 NPARM  =       0 NNB   =   87569 NRES   =   10470
 NBONA  =   11708 NTHETA =    2007 NPHIA =    6358 NUMBND =      92
 NUMANG =     206 NPTRA  =     217 NATYP =      50 NPHB   =       0
 IFBOX  =       2 NMXRS  =      38 IFCAP =       0 NEXTRA =   10228
 NCOPY  =       0


| Coordinate Index Table dimensions:    12   12   12
| Direct force subcell size =     6.3021    6.3021    6.3021

     BOX TYPE: TRUNCATED OCTAHEDRON

--------------------------------------------------------------------------------
   2.  CONTROL  DATA  FOR  THE  RUN
--------------------------------------------------------------------------------

default_name                                                                    

General flags:
     imin    =       0, nmropt  =       0

Nature and format of input:
     ntx     =       5, irest   =       1, ntrx    =       1

Nature and format of output:
     ntxo    =       2, ntpr    =   25000, ntrx    =       1, ntwr    =    5000
     iwrap   =       1, ntwx    =    5000, ntwv    =       0, ntwe    =       0
     ioutfm  =       1, ntwprt  =       0, idecomp =       0, rbornstat=      0

Potential function:
     ntf     =       2, ntb     =       2, igb     =       0, nsnb    =      25
     ipol    =       0, gbsa    =       0, iesp    =       0
     dielc   =   1.00000, cut     =  10.00000, intdiel =   1.00000

Frozen or restrained atoms:
     ibelly  =       0, ntr     =       0

Molecular dynamics:
     nstlim  =  10000000, nscm    =      1000, nrespa  =         1
     t       =   0.00000, dt      =   0.00200, vlimit  =  -1.00000

Langevin dynamics temperature regulation:
     ig      =  172075
     temp0   = 300.00000, tempi   =   0.00000, gamma_ln=   2.00000

Pressure regulation:
     ntp     =       1
     pres0   =   1.00000, comp    =  44.60000, taup    =   2.00000
     Monte-Carlo Barostat:
     mcbarint  =     100

SHAKE:
     ntc     =       2, jfastw  =       0
     tol     =   0.00001

| Intermolecular bonds treatment:
|     no_intermolecular_bonds =       1

| Energy averages sample interval:
|     ene_avg_sampling =   25000

Extra-points options:
     frameon =       1, chngmask=       1

Ewald parameters:
     verbose =       0, ew_type =       0, nbflag  =       1, use_pme =       1
     vdwmeth =       1, eedmeth =       1, netfrc  =       1
     Box X =   75.625   Box Y =   75.625   Box Z =   75.625
     Alpha =  109.471   Beta  =  109.471   Gamma =  109.471
     NFFT1 =   80       NFFT2 =   80       NFFT3 =   80
     Cutoff=   10.000   Tol   =0.100E-04
     Ewald Coefficient =  0.27511
     Interpolation order =    4
|      EXTRA_PTS, trim_bonds: num bonds BEFORE trim = 32118     0
|      EXTRA_PTS, trim_bonds: num bonds AFTER  trim = 32118     0
|      EXTRA_PTS, trim_bonds: num bonds BEFORE trim = 11708     0
|      EXTRA_PTS, trim_bonds: num bonds AFTER  trim =  1480     0
|      EXTRA_PTS, trim_theta: num angle BEFORE trim =  3249     0
|      EXTRA_PTS, trim_theta: num angle AFTER  trim =  3249     0
|      EXTRA_PTS, trim_theta: num angle BEFORE trim =  2007     0
|      EXTRA_PTS, trim_theta: num angle AFTER  trim =  2007     0
|      EXTRA_PTS, trim_phi:  num diheds BEFORE trim =  6624     0
|      EXTRA_PTS, trim_phi:  num diheds AFTER  trim =  6624     0
|      EXTRA_PTS, trim_phi:  num diheds BEFORE trim =  6358     0
|      EXTRA_PTS, trim_phi:  num diheds AFTER  trim =  6358     0
| MONTE CARLO BAROSTAT IMPORTANT NOTE:
|   The Monte-Carlo barostat does not require the virial to adjust the system volume.
|   Since it is an expensive calculation, it is skipped for efficiency. A side-effect
|   is that the reported pressure is always 0 because it is not calculated.

--------------------------------------------------------------------------------
   3.  ATOMIC COORDINATES AND VELOCITIES
--------------------------------------------------------------------------------

default_name                                                                    
 begin time read from input coords =  1700.000 ps

 
 Number of triangulated 3-point waters found:    10228

     Sum of charges from parm topology file =  -0.00094292
     Forcing neutrality...

| Dynamic Memory, Types Used:
| Reals             1887941
| Integers          4330408

| Nonbonded Pairs Initial Allocation:    13266855

| GPU memory information (estimate):
| KB of GPU memory in use:    388389
| KB of CPU memory in use:     97960

--------------------------------------------------------------------------------
   4.  RESULTS
--------------------------------------------------------------------------------

| MC Barostat: Decreasing size of volume moves
| MC Barostat: Decreasing size of volume moves
| MC Barostat: Decreasing size of volume moves
| MC Barostat: Decreasing size of volume moves
| MC Barostat: Decreasing size of volume moves
wrapping first mol.:      -75.58691        0.00000        0.00000
wrapping first mol.:      -75.58691        0.00000        0.00000
| MC Barostat: Decreasing size of volume moves
wrapping first mol.:      -75.68356        0.00000        0.00000
wrapping first mol.:      -75.68356        0.00000        0.00000
| MC Barostat: Decreasing size of volume moves
| MC Barostat: Decreasing size of volume moves
| MC Barostat: Decreasing size of volume moves
| MC Barostat: Decreasing size of volume moves
wrapping first mol.:      -75.63426        0.00000        0.00000
wrapping first mol.:      -75.63426        0.00000        0.00000
wrapping first mol.:      -75.69666        0.00000        0.00000
wrapping first mol.:      -75.69666        0.00000        0.00000
wrapping first mol.:      -75.75653        0.00000        0.00000
wrapping first mol.:      -75.75653        0.00000        0.00000

 NSTEP =    25000   TIME(PS) =    1750.000  TEMP(K) =   298.82  PRESS =     0.0
 Etot   =   -117160.0562  EKtot   =     20421.1992  EPtot      =   -137581.2555
 BOND   =       545.5397  ANGLE   =      1530.0397  DIHED      =      1023.0011
 UB     =         0.0000  IMP     =         0.0000  CMAP       =       145.6928
 1-4 NB =       624.2561  1-4 EEL =      5903.1148  VDWAALS    =     16109.2192
 EELEC  =   -163462.1189  EHBOND  =         0.0000  RESTRAINT  =         0.0000
 EKCMT  =         0.0000  VIRIAL  =         0.0000  VOLUME     =    334686.6851
                                                    Density    =         1.0284
 ------------------------------------------------------------------------------

wrapping first mol.:      -75.67403        0.00000        0.00000
wrapping first mol.:      -75.67403        0.00000        0.00000
wrapping first mol.:      -75.66918        0.00000        0.00000
wrapping first mol.:      -75.66918        0.00000        0.00000
wrapping first mol.:      -75.61090        0.00000        0.00000
wrapping first mol.:      -75.61090        0.00000        0.00000
wrapping first mol.:      -75.60087        0.00000        0.00000
wrapping first mol.:      -75.60087        0.00000        0.00000
wrapping first mol.:      -75.67191        0.00000        0.00000
wrapping first mol.:      -75.67191        0.00000        0.00000

 NSTEP =    50000   TIME(PS) =    1800.000  TEMP(K) =   301.29  PRESS =     0.0
 Etot   =   -117215.8667  EKtot   =     20590.2188  EPtot      =   -137806.0855
 BOND   =       563.0760  ANGLE   =      1539.6300  DIHED      =      1010.7923
 UB     =         0.0000  IMP     =         0.0000  CMAP       =       146.1709
 1-4 NB =       664.7991  1-4 EEL =      5875.2574  VDWAALS    =     16259.9688
 EELEC  =   -163865.7800  EHBOND  =         0.0000  RESTRAINT  =         0.0000
 EKCMT  =         0.0000  VIRIAL  =         0.0000  VOLUME     =    333566.3596
                                                    Density    =         1.0319
 ------------------------------------------------------------------------------

wrapping first mol.:      -75.69847        0.00000        0.00000
wrapping first mol.:      -75.69847        0.00000        0.00000
wrapping first mol.:      -75.65776        0.00000        0.00000
wrapping first mol.:      -75.65776        0.00000        0.00000
wrapping first mol.:      -75.62714        0.00000        0.00000
wrapping first mol.:      -75.62714        0.00000        0.00000
wrapping first mol.:      -75.67876        0.00000        0.00000
wrapping first mol.:      -75.67876        0.00000        0.00000
wrapping first mol.:      -75.71008        0.00000        0.00000
wrapping first mol.:      -75.71008        0.00000        0.00000

 NSTEP =    75000   TIME(PS) =    1850.000  TEMP(K) =   298.16  PRESS =     0.0
 Etot   =   -117386.6920  EKtot   =     20376.1719  EPtot      =   -137762.8639
 BOND   =       532.6425  ANGLE   =      1534.0377  DIHED      =      1024.9133
 UB     =         0.0000  IMP     =         0.0000  CMAP       =       138.1412
 1-4 NB =       649.6658  1-4 EEL =      5853.8458  VDWAALS    =     16139.9855
 EELEC  =   -163636.0958  EHBOND  =         0.0000  RESTRAINT  =         0.0000
 EKCMT  =         0.0000  VIRIAL  =         0.0000  VOLUME     =    334071.3866
                                                    Density    =         1.0303
 ------------------------------------------------------------------------------

wrapping first mol.:      -75.62428        0.00000        0.00000
wrapping first mol.:      -75.62428        0.00000        0.00000
wrapping first mol.:      -75.55137        0.00000        0.00000
wrapping first mol.:      -75.55137        0.00000        0.00000
wrapping first mol.:      -75.62797        0.00000        0.00000
wrapping first mol.:      -75.62797        0.00000        0.00000
wrapping first mol.:      -75.64034        0.00000        0.00000
wrapping first mol.:      -75.64034        0.00000        0.00000
wrapping first mol.:      -75.70473        0.00000        0.00000
wrapping first mol.:      -75.70473        0.00000        0.00000

 NSTEP =   100000   TIME(PS) =    1900.000  TEMP(K) =   302.25  PRESS =     0.0
 Etot   =   -117101.4431  EKtot   =     20655.8164  EPtot      =   -137757.2595
 BOND   =       558.6145  ANGLE   =      1510.0559  DIHED      =      1027.2551
 UB     =         0.0000  IMP     =         0.0000  CMAP       =       145.7940
 1-4 NB =       639.1724  1-4 EEL =      5867.0383  VDWAALS    =     16610.0024
 EELEC  =   -164115.1921  EHBOND  =         0.0000  RESTRAINT  =         0.0000
 EKCMT  =         0.0000  VIRIAL  =         0.0000  VOLUME     =    334000.5398
                                                    Density    =         1.0305
 ------------------------------------------------------------------------------

wrapping first mol.:      -75.72038        0.00000        0.00000
wrapping first mol.:      -75.72038        0.00000        0.00000
wrapping first mol.:      -75.69964        0.00000        0.00000
wrapping first mol.:      -75.69964        0.00000        0.00000
wrapping first mol.:      -75.66103        0.00000        0.00000
wrapping first mol.:      -75.66103        0.00000        0.00000
wrapping first mol.:      -75.67049        0.00000        0.00000
wrapping first mol.:      -75.67049        0.00000        0.00000
wrapping first mol.:      -75.48305        0.00000        0.00000
wrapping first mol.:      -75.48305        0.00000        0.00000

 NSTEP =   125000   TIME(PS) =    1950.000  TEMP(K) =   298.46  PRESS =     0.0
 Etot   =   -117179.5862  EKtot   =     20397.0938  EPtot      =   -137576.6799
 BOND   =       580.1244  ANGLE   =      1495.4435  DIHED      =      1018.6780
 UB     =         0.0000  IMP     =         0.0000  CMAP       =       139.7381
 1-4 NB =       639.2164  1-4 EEL =      5908.5118  VDWAALS    =     16338.1256
 EELEC  =   -163696.5178  EHBOND  =         0.0000  RESTRAINT  =         0.0000
 EKCMT  =         0.0000  VIRIAL  =         0.0000  VOLUME     =    331075.1125
                                                    Density    =         1.0396
 ------------------------------------------------------------------------------

wrapping first mol.:      -75.49546        0.00000        0.00000
wrapping first mol.:      -75.49546        0.00000        0.00000
wrapping first mol.:      -75.67694        0.00000        0.00000
wrapping first mol.:      -75.67694        0.00000        0.00000
wrapping first mol.:      -75.75473        0.00000        0.00000
wrapping first mol.:      -75.75473        0.00000        0.00000
wrapping first mol.:      -75.68479        0.00000        0.00000
wrapping first mol.:      -75.68479        0.00000        0.00000
wrapping first mol.:      -75.62925        0.00000        0.00000
wrapping first mol.:      -75.62925        0.00000        0.00000

 NSTEP =   150000   TIME(PS) =    2000.000  TEMP(K) =   298.68  PRESS =     0.0
 Etot   =   -116890.6052  EKtot   =     20412.1250  EPtot      =   -137302.7302
 BOND   =       571.9534  ANGLE   =      1568.5976  DIHED      =       992.6107
 UB     =         0.0000  IMP     =         0.0000  CMAP       =       138.9998
 1-4 NB =       650.0469  1-4 EEL =      5845.0091  VDWAALS    =     16394.6200
 EELEC  =   -163464.5678  EHBOND  =         0.0000  RESTRAINT  =         0.0000
 EKCMT  =         0.0000  VIRIAL  =         0.0000  VOLUME     =    333002.5194
                                                    Density    =         1.0336
 ------------------------------------------------------------------------------

wrapping first mol.:      -75.74779        0.00000        0.00000
wrapping first mol.:      -75.74779        0.00000        0.00000
wrapping first mol.:      -75.65686        0.00000        0.00000
wrapping first mol.:      -75.65686        0.00000        0.00000
wrapping first mol.:      -75.67068        0.00000        0.00000
wrapping first mol.:      -75.67068        0.00000        0.00000
wrapping first mol.:      -75.71420        0.00000        0.00000
wrapping first mol.:      -75.71420        0.00000        0.00000
wrapping first mol.:      -75.56547        0.00000        0.00000
wrapping first mol.:      -75.56547        0.00000        0.00000

 NSTEP =   175000   TIME(PS) =    2050.000  TEMP(K) =   297.72  PRESS =     0.0
 Etot   =   -117403.5698  EKtot   =     20346.3555  EPtot      =   -137749.9253
 BOND   =       509.6929  ANGLE   =      1505.1984  DIHED      =       992.6015
 UB     =         0.0000  IMP     =         0.0000  CMAP       =       139.6788
 1-4 NB =       635.4986  1-4 EEL =      5898.4427  VDWAALS    =     16492.9178
 EELEC  =   -163923.9561  EHBOND  =         0.0000  RESTRAINT  =         0.0000
 EKCMT  =         0.0000  VIRIAL  =         0.0000  VOLUME     =    332160.7014
                                                    Density    =         1.0362
 ------------------------------------------------------------------------------

wrapping first mol.:      -75.54310        0.00000        0.00000
wrapping first mol.:      -75.54310        0.00000        0.00000
wrapping first mol.:      -75.66907        0.00000        0.00000
wrapping first mol.:      -75.66907        0.00000        0.00000
wrapping first mol.:      -75.67867        0.00000        0.00000
wrapping first mol.:      -75.67867        0.00000        0.00000
wrapping first mol.:      -75.71621        0.00000        0.00000
wrapping first mol.:      -75.71621        0.00000        0.00000
wrapping first mol.:      -75.81229        0.00000        0.00000
wrapping first mol.:      -75.81229        0.00000        0.00000

 NSTEP =   200000   TIME(PS) =    2100.000  TEMP(K) =   300.19  PRESS =     0.0
 Etot   =   -116957.8508  EKtot   =     20515.3516  EPtot      =   -137473.2023
 BOND   =       576.0294  ANGLE   =      1554.2655  DIHED      =      1017.4842
 UB     =         0.0000  IMP     =         0.0000  CMAP       =       146.0885
 1-4 NB =       640.4902  1-4 EEL =      5865.9302  VDWAALS    =     16316.6836
 EELEC  =   -163590.1739  EHBOND  =         0.0000  RESTRAINT  =         0.0000
 EKCMT  =         0.0000  VIRIAL  =         0.0000  VOLUME     =    335426.1573
                                                    Density    =         1.0262
 ------------------------------------------------------------------------------

wrapping first mol.:      -75.78577        0.00000        0.00000
wrapping first mol.:      -75.78577        0.00000        0.00000
wrapping first mol.:      -75.65190        0.00000        0.00000
wrapping first mol.:      -75.65190        0.00000        0.00000
wrapping first mol.:      -75.63425        0.00000        0.00000
wrapping first mol.:      -75.63425        0.00000        0.00000
wrapping first mol.:      -75.55829        0.00000        0.00000
wrapping first mol.:      -75.55829        0.00000        0.00000
wrapping first mol.:      -75.65983        0.00000        0.00000
wrapping first mol.:      -75.65983        0.00000        0.00000

 NSTEP =   225000   TIME(PS) =    2150.000  TEMP(K) =   298.69  PRESS =     0.0
 Etot   =   -117246.7862  EKtot   =     20412.9434  EPtot      =   -137659.7295
 BOND   =       543.5295  ANGLE   =      1524.9121  DIHED      =      1019.2863
 UB     =         0.0000  IMP     =         0.0000  CMAP       =       144.3028
 1-4 NB =       641.7221  1-4 EEL =      5856.7872  VDWAALS    =     16322.7023
 EELEC  =   -163712.9719  EHBOND  =         0.0000  RESTRAINT  =         0.0000
 EKCMT  =         0.0000  VIRIAL  =         0.0000  VOLUME     =    333406.6090
                                                    Density    =         1.0324
 ------------------------------------------------------------------------------

wrapping first mol.:      -75.64959        0.00000        0.00000
wrapping first mol.:      -75.64959        0.00000        0.00000
wrapping first mol.:      -75.67576        0.00000        0.00000
wrapping first mol.:      -75.67576        0.00000        0.00000
wrapping first mol.:      -75.62184        0.00000        0.00000
wrapping first mol.:      -75.62184        0.00000        0.00000
wrapping first mol.:      -75.71120        0.00000        0.00000
wrapping first mol.:      -75.71120        0.00000        0.00000
wrapping first mol.:      -75.68223        0.00000        0.00000
wrapping first mol.:      -75.68223        0.00000        0.00000

 NSTEP =   250000   TIME(PS) =    2200.000  TEMP(K) =   299.77  PRESS =     0.0
 Etot   =   -117099.9012  EKtot   =     20486.7168  EPtot      =   -137586.6180
 BOND   =       559.4306  ANGLE   =      1546.6828  DIHED      =      1005.4885
 UB     =         0.0000  IMP     =         0.0000  CMAP       =       145.1088
 1-4 NB =       627.9111  1-4 EEL =      5855.1959  VDWAALS    =     16201.6092
 EELEC  =   -163528.0448  EHBOND  =         0.0000  RESTRAINT  =         0.0000
 EKCMT  =         0.0000  VIRIAL  =         0.0000  VOLUME     =    333702.8912
                                                    Density    =         1.0315
 ------------------------------------------------------------------------------

wrapping first mol.:      -75.71046        0.00000        0.00000
wrapping first mol.:      -75.71046        0.00000        0.00000
wrapping first mol.:      -75.71340        0.00000        0.00000
wrapping first mol.:      -75.71340        0.00000        0.00000
wrapping first mol.:      -75.74575        0.00000        0.00000
wrapping first mol.:      -75.74575        0.00000        0.00000
wrapping first mol.:      -75.70542        0.00000        0.00000
wrapping first mol.:      -75.70542        0.00000        0.00000
wrapping first mol.:      -75.55613        0.00000        0.00000
wrapping first mol.:      -75.55613        0.00000        0.00000

 NSTEP =   275000   TIME(PS) =    2250.000  TEMP(K) =   302.11  PRESS =     0.0
 Etot   =   -117329.3172  EKtot   =     20646.3809  EPtot      =   -137975.6981
 BOND   =       529.8001  ANGLE   =      1483.0083  DIHED      =      1004.8430
 UB     =         0.0000  IMP     =         0.0000  CMAP       =       142.2975
 1-4 NB =       653.4239  1-4 EEL =      5882.2124  VDWAALS    =     16401.1209
 EELEC  =   -164072.4042  EHBOND  =         0.0000  RESTRAINT  =         0.0000
 EKCMT  =         0.0000  VIRIAL  =         0.0000  VOLUME     =    332037.5761
                                                    Density    =         1.0366
 ------------------------------------------------------------------------------

wrapping first mol.:      -75.65374        0.00000        0.00000
wrapping first mol.:      -75.65374        0.00000        0.00000
wrapping first mol.:      -75.74431        0.00000        0.00000
wrapping first mol.:      -75.74431        0.00000        0.00000
wrapping first mol.:      -75.70745        0.00000        0.00000
wrapping first mol.:      -75.70745        0.00000        0.00000
wrapping first mol.:      -75.62475        0.00000        0.00000
wrapping first mol.:      -75.62475        0.00000        0.00000
wrapping first mol.:      -75.73488        0.00000        0.00000
wrapping first mol.:      -75.73488        0.00000        0.00000

 NSTEP =   300000   TIME(PS) =    2300.000  TEMP(K) =   302.98  PRESS =     0.0
 Etot   =   -116961.5958  EKtot   =     20705.7168  EPtot      =   -137667.3126
 BOND   =       541.9784  ANGLE   =      1501.3282  DIHED      =       997.4323
 UB     =         0.0000  IMP     =         0.0000  CMAP       =       146.8266
 1-4 NB =       656.5265  1-4 EEL =      5848.3947  VDWAALS    =     16179.2191
 EELEC  =   -163539.0185  EHBOND  =         0.0000  RESTRAINT  =         0.0000
 EKCMT  =         0.0000  VIRIAL  =         0.0000  VOLUME     =    334399.8286
                                                    Density    =         1.0293
 ------------------------------------------------------------------------------

wrapping first mol.:      -75.71371        0.00000        0.00000
wrapping first mol.:      -75.71371        0.00000        0.00000
wrapping first mol.:      -75.84324        0.00000        0.00000
wrapping first mol.:      -75.84324        0.00000        0.00000
wrapping first mol.:      -75.73631        0.00000        0.00000
wrapping first mol.:      -75.73631        0.00000        0.00000
wrapping first mol.:      -75.69082        0.00000        0.00000
wrapping first mol.:      -75.69082        0.00000        0.00000
wrapping first mol.:      -75.65394        0.00000        0.00000
wrapping first mol.:      -75.65394        0.00000        0.00000

 NSTEP =   325000   TIME(PS) =    2350.000  TEMP(K) =   299.28  PRESS =     0.0
 Etot   =   -117507.9662  EKtot   =     20453.2754  EPtot      =   -137961.2416
 BOND   =       586.0469  ANGLE   =      1524.0052  DIHED      =      1017.3302
 UB     =         0.0000  IMP     =         0.0000  CMAP       =       151.3117
 1-4 NB =       631.6537  1-4 EEL =      5867.0081  VDWAALS    =     16662.5331
 EELEC  =   -164401.1303  EHBOND  =         0.0000  RESTRAINT  =         0.0000
 EKCMT  =         0.0000  VIRIAL  =         0.0000  VOLUME     =    333328.7840
                                                    Density    =         1.0326
 ------------------------------------------------------------------------------

wrapping first mol.:      -75.61184        0.00000        0.00000
wrapping first mol.:      -75.61184        0.00000        0.00000
wrapping first mol.:      -75.63026        0.00000        0.00000
wrapping first mol.:      -75.63026        0.00000        0.00000
wrapping first mol.:      -75.65002        0.00000        0.00000
wrapping first mol.:      -75.65002        0.00000        0.00000
wrapping first mol.:      -75.67241        0.00000        0.00000
wrapping first mol.:      -75.67241        0.00000        0.00000
wrapping first mol.:      -75.67766        0.00000        0.00000
wrapping first mol.:      -75.67766        0.00000        0.00000

 NSTEP =   350000   TIME(PS) =    2400.000  TEMP(K) =   302.02  PRESS =     0.0
 Etot   =   -116907.0317  EKtot   =     20640.4570  EPtot      =   -137547.4888
 BOND   =       551.0385  ANGLE   =      1529.9354  DIHED      =      1015.9958
 UB     =         0.0000  IMP     =         0.0000  CMAP       =       142.6187
 1-4 NB =       631.9303  1-4 EEL =      5797.9777  VDWAALS    =     16371.5718
 EELEC  =   -163588.5571  EHBOND  =         0.0000  RESTRAINT  =         0.0000
 EKCMT  =         0.0000  VIRIAL  =         0.0000  VOLUME     =    333642.3994
                                                    Density    =         1.0316
 ------------------------------------------------------------------------------

wrapping first mol.:      -75.67737        0.00000        0.00000
wrapping first mol.:      -75.67737        0.00000        0.00000
wrapping first mol.:      -75.60071        0.00000        0.00000
wrapping first mol.:      -75.60071        0.00000        0.00000
wrapping first mol.:      -75.78454        0.00000        0.00000
wrapping first mol.:      -75.78454        0.00000        0.00000
wrapping first mol.:      -75.64697        0.00000        0.00000
wrapping first mol.:      -75.64697        0.00000        0.00000
wrapping first mol.:      -75.77477        0.00000        0.00000
wrapping first mol.:      -75.77477        0.00000        0.00000

 NSTEP =   375000   TIME(PS) =    2450.000  TEMP(K) =   301.24  PRESS =     0.0
 Etot   =   -117126.5045  EKtot   =     20586.9531  EPtot      =   -137713.4576
 BOND   =       562.8837  ANGLE   =      1537.4797  DIHED      =       995.4997
 UB     =         0.0000  IMP     =         0.0000  CMAP       =       147.1001
 1-4 NB =       635.0072  1-4 EEL =      5806.4193  VDWAALS    =     16088.5182
 EELEC  =   -163486.3655  EHBOND  =         0.0000  RESTRAINT  =         0.0000
 EKCMT  =         0.0000  VIRIAL  =         0.0000  VOLUME     =    334928.3989
                                                    Density    =         1.0277
 ------------------------------------------------------------------------------

wrapping first mol.:      -75.63176        0.00000        0.00000
wrapping first mol.:      -75.63176        0.00000        0.00000
wrapping first mol.:      -75.68404        0.00000        0.00000
wrapping first mol.:      -75.68404        0.00000        0.00000
wrapping first mol.:      -75.68274        0.00000        0.00000
wrapping first mol.:      -75.68274        0.00000        0.00000
wrapping first mol.:      -75.57125        0.00000        0.00000
wrapping first mol.:      -75.57125        0.00000        0.00000
wrapping first mol.:      -75.68604        0.00000        0.00000
wrapping first mol.:      -75.68604        0.00000        0.00000

 NSTEP =   400000   TIME(PS) =    2500.000  TEMP(K) =   300.28  PRESS =     0.0
 Etot   =   -117062.9017  EKtot   =     20521.1016  EPtot      =   -137584.0033
 BOND   =       560.3446  ANGLE   =      1517.8339  DIHED      =      1032.1490
 UB     =         0.0000  IMP     =         0.0000  CMAP       =       148.8315
 1-4 NB =       626.8984  1-4 EEL =      5808.0846  VDWAALS    =     16280.0637
 EELEC  =   -163558.2089  EHBOND  =         0.0000  RESTRAINT  =         0.0000
 EKCMT  =         0.0000  VIRIAL  =         0.0000  VOLUME     =    333753.2511
                                                    Density    =         1.0313
 ------------------------------------------------------------------------------

wrapping first mol.:      -75.70862        0.00000        0.00000
wrapping first mol.:      -75.70862        0.00000        0.00000
wrapping first mol.:      -75.64495        0.00000        0.00000
wrapping first mol.:      -75.64495        0.00000        0.00000
wrapping first mol.:      -75.53481        0.00000        0.00000
wrapping first mol.:      -75.53481        0.00000        0.00000
wrapping first mol.:      -75.63637        0.00000        0.00000
wrapping first mol.:      -75.63637        0.00000        0.00000
wrapping first mol.:      -75.55618        0.00000        0.00000
wrapping first mol.:      -75.55618        0.00000        0.00000

 NSTEP =   425000   TIME(PS) =    2550.000  TEMP(K) =   299.84  PRESS =     0.0
 Etot   =   -117399.6536  EKtot   =     20491.2031  EPtot      =   -137890.8568
 BOND   =       569.6140  ANGLE   =      1554.5929  DIHED      =       973.2641
 UB     =         0.0000  IMP     =         0.0000  CMAP       =       152.1530
 1-4 NB =       638.0556  1-4 EEL =      5825.9685  VDWAALS    =     16784.4597
 EELEC  =   -164388.9646  EHBOND  =         0.0000  RESTRAINT  =         0.0000
 EKCMT  =         0.0000  VIRIAL  =         0.0000  VOLUME     =    332038.3036
                                                    Density    =         1.0366
 ------------------------------------------------------------------------------

wrapping first mol.:      -75.62841        0.00000        0.00000
wrapping first mol.:      -75.62841        0.00000        0.00000
wrapping first mol.:      -75.61057        0.00000        0.00000
wrapping first mol.:      -75.61057        0.00000        0.00000
wrapping first mol.:      -75.73262        0.00000        0.00000
wrapping first mol.:      -75.73262        0.00000        0.00000
wrapping first mol.:      -75.62783        0.00000        0.00000
wrapping first mol.:      -75.62783        0.00000        0.00000
wrapping first mol.:      -75.62646        0.00000        0.00000
wrapping first mol.:      -75.62646        0.00000        0.00000

 NSTEP =   450000   TIME(PS) =    2600.000  TEMP(K) =   299.32  PRESS =     0.0
 Etot   =   -117589.9084  EKtot   =     20455.4688  EPtot      =   -138045.3772
 BOND   =       583.3107  ANGLE   =      1507.8400  DIHED      =       989.2195
 UB     =         0.0000  IMP     =         0.0000  CMAP       =       147.6915
 1-4 NB =       641.4189  1-4 EEL =      5831.2139  VDWAALS    =     16525.8950
 EELEC  =   -164271.9667  EHBOND  =         0.0000  RESTRAINT  =         0.0000
 EKCMT  =         0.0000  VIRIAL  =         0.0000  VOLUME     =    332965.6883
                                                    Density    =         1.0337
 ------------------------------------------------------------------------------

wrapping first mol.:      -75.70807        0.00000        0.00000
wrapping first mol.:      -75.70807        0.00000        0.00000
wrapping first mol.:      -75.73740        0.00000        0.00000
wrapping first mol.:      -75.73740        0.00000        0.00000
wrapping first mol.:      -75.59301        0.00000        0.00000
wrapping first mol.:      -75.59301        0.00000        0.00000
wrapping first mol.:      -75.57861        0.00000        0.00000
wrapping first mol.:      -75.57861        0.00000        0.00000
wrapping first mol.:      -75.61761        0.00000        0.00000
wrapping first mol.:      -75.61761        0.00000        0.00000

 NSTEP =   475000   TIME(PS) =    2650.000  TEMP(K) =   302.47  PRESS =     0.0
 Etot   =   -117437.1084  EKtot   =     20671.2305  EPtot      =   -138108.3389
 BOND   =       560.7046  ANGLE   =      1470.9661  DIHED      =       984.8791
 UB     =         0.0000  IMP     =         0.0000  CMAP       =       140.4814
 1-4 NB =       647.9241  1-4 EEL =      5862.5062  VDWAALS    =     16397.0758
 EELEC  =   -164172.8761  EHBOND  =         0.0000  RESTRAINT  =         0.0000
 EKCMT  =         0.0000  VIRIAL  =         0.0000  VOLUME     =    332848.7831
                                                    Density    =         1.0341
 ------------------------------------------------------------------------------

wrapping first mol.:      -75.60483        0.00000        0.00000
wrapping first mol.:      -75.60483        0.00000        0.00000
wrapping first mol.:      -75.62859        0.00000        0.00000
wrapping first mol.:      -75.62859        0.00000        0.00000
wrapping first mol.:      -75.74131        0.00000        0.00000
wrapping first mol.:      -75.74131        0.00000        0.00000
wrapping first mol.:      -75.68312        0.00000        0.00000
wrapping first mol.:      -75.68312        0.00000        0.00000
wrapping first mol.:      -75.62914        0.00000        0.00000
wrapping first mol.:      -75.62914        0.00000        0.00000

 NSTEP =   500000   TIME(PS) =    2700.000  TEMP(K) =   300.37  PRESS =     0.0
 Etot   =   -117314.4292  EKtot   =     20527.6133  EPtot      =   -137842.0424
 BOND   =       554.3282  ANGLE   =      1529.5842  DIHED      =      1009.8763
 UB     =         0.0000  IMP     =         0.0000  CMAP       =       161.3719
 1-4 NB =       635.1332  1-4 EEL =      5847.3516  VDWAALS    =     16440.5297
 EELEC  =   -164020.2176  EHBOND  =         0.0000  RESTRAINT  =         0.0000
 EKCMT  =         0.0000  VIRIAL  =         0.0000  VOLUME     =    333001.0133
                                                    Density    =         1.0336
 ------------------------------------------------------------------------------

wrapping first mol.:      -75.58733        0.00000        0.00000
wrapping first mol.:      -75.58733        0.00000        0.00000
wrapping first mol.:      -75.69779        0.00000        0.00000
wrapping first mol.:      -75.69779        0.00000        0.00000
wrapping first mol.:      -75.68801        0.00000        0.00000
wrapping first mol.:      -75.68801        0.00000        0.00000
wrapping first mol.:      -75.78029        0.00000        0.00000
wrapping first mol.:      -75.78029        0.00000        0.00000
wrapping first mol.:      -75.58460        0.00000        0.00000
wrapping first mol.:      -75.58460        0.00000        0.00000

 NSTEP =   525000   TIME(PS) =    2750.000  TEMP(K) =   300.98  PRESS =     0.0
 Etot   =   -117243.5294  EKtot   =     20569.3828  EPtot      =   -137812.9122
 BOND   =       594.8836  ANGLE   =      1467.6566  DIHED      =       999.9596
 UB     =         0.0000  IMP     =         0.0000  CMAP       =       134.5115
 1-4 NB =       647.4969  1-4 EEL =      5853.0413  VDWAALS    =     16583.1399
 EELEC  =   -164093.6016  EHBOND  =         0.0000  RESTRAINT  =         0.0000
 EKCMT  =         0.0000  VIRIAL  =         0.0000  VOLUME     =    332413.0186
                                                    Density    =         1.0355
 ------------------------------------------------------------------------------

wrapping first mol.:      -75.52960        0.00000        0.00000
wrapping first mol.:      -75.52960        0.00000        0.00000
wrapping first mol.:      -75.60942        0.00000        0.00000
wrapping first mol.:      -75.60942        0.00000        0.00000
wrapping first mol.:      -75.71249        0.00000        0.00000
wrapping first mol.:      -75.71249        0.00000        0.00000
wrapping first mol.:      -75.68154        0.00000        0.00000
wrapping first mol.:      -75.68154        0.00000        0.00000
wrapping first mol.:      -75.69829        0.00000        0.00000
wrapping first mol.:      -75.69829        0.00000        0.00000

 NSTEP =   550000   TIME(PS) =    2800.000  TEMP(K) =   297.47  PRESS =     0.0
 Etot   =   -117338.8627  EKtot   =     20329.0391  EPtot      =   -137667.9018
 BOND   =       588.6201  ANGLE   =      1499.3577  DIHED      =       998.1270
 UB     =         0.0000  IMP     =         0.0000  CMAP       =       145.5112
 1-4 NB =       630.7947  1-4 EEL =      5853.0873  VDWAALS    =     16224.0526
 EELEC  =   -163607.4524  EHBOND  =         0.0000  RESTRAINT  =         0.0000
 EKCMT  =         0.0000  VIRIAL  =         0.0000  VOLUME     =    333915.3816
                                                    Density    =         1.0308
 ------------------------------------------------------------------------------

wrapping first mol.:      -75.65657        0.00000        0.00000
wrapping first mol.:      -75.65657        0.00000        0.00000
wrapping first mol.:      -75.59085        0.00000        0.00000
wrapping first mol.:      -75.59085        0.00000        0.00000
wrapping first mol.:      -75.71315        0.00000        0.00000
wrapping first mol.:      -75.71315        0.00000        0.00000
wrapping first mol.:      -75.71197        0.00000        0.00000
wrapping first mol.:      -75.71197        0.00000        0.00000
wrapping first mol.:      -75.72837        0.00000        0.00000
wrapping first mol.:      -75.72837        0.00000        0.00000

 NSTEP =   575000   TIME(PS) =    2850.000  TEMP(K) =   299.05  PRESS =     0.0
 Etot   =   -117187.0992  EKtot   =     20437.4902  EPtot      =   -137624.5895
 BOND   =       525.5113  ANGLE   =      1508.6688  DIHED      =       983.8046
 UB     =         0.0000  IMP     =         0.0000  CMAP       =       147.2941
 1-4 NB =       642.6680  1-4 EEL =      5824.7203  VDWAALS    =     16299.1663
 EELEC  =   -163556.4228  EHBOND  =         0.0000  RESTRAINT  =         0.0000
 EKCMT  =         0.0000  VIRIAL  =         0.0000  VOLUME     =    334313.5297
                                                    Density    =         1.0296
 ------------------------------------------------------------------------------

wrapping first mol.:      -75.71588        0.00000        0.00000
wrapping first mol.:      -75.71588        0.00000        0.00000
wrapping first mol.:      -75.77114        0.00000        0.00000
wrapping first mol.:      -75.77114        0.00000        0.00000
wrapping first mol.:      -75.69562        0.00000        0.00000
wrapping first mol.:      -75.69562        0.00000        0.00000
wrapping first mol.:      -75.65645        0.00000        0.00000
wrapping first mol.:      -75.65645        0.00000        0.00000
wrapping first mol.:      -75.71629        0.00000        0.00000
wrapping first mol.:      -75.71629        0.00000        0.00000

 NSTEP =   600000   TIME(PS) =    2900.000  TEMP(K) =   299.20  PRESS =     0.0
 Etot   =   -117268.2493  EKtot   =     20447.2012  EPtot      =   -137715.4505
 BOND   =       552.8367  ANGLE   =      1467.4993  DIHED      =       994.3770
 UB     =         0.0000  IMP     =         0.0000  CMAP       =       131.0874
 1-4 NB =       663.9819  1-4 EEL =      5862.8055  VDWAALS    =     16292.0543
 EELEC  =   -163680.0926  EHBOND  =         0.0000  RESTRAINT  =         0.0000
 EKCMT  =         0.0000  VIRIAL  =         0.0000  VOLUME     =    334153.6421
                                                    Density    =         1.0301
 ------------------------------------------------------------------------------

wrapping first mol.:      -75.64740        0.00000        0.00000
wrapping first mol.:      -75.64740        0.00000        0.00000
wrapping first mol.:      -75.64672        0.00000        0.00000
wrapping first mol.:      -75.64672        0.00000        0.00000
wrapping first mol.:      -75.77914        0.00000        0.00000
wrapping first mol.:      -75.77914        0.00000        0.00000
wrapping first mol.:      -75.67727        0.00000        0.00000
wrapping first mol.:      -75.67727        0.00000        0.00000
wrapping first mol.:      -75.74603        0.00000        0.00000
wrapping first mol.:      -75.74603        0.00000        0.00000

 NSTEP =   625000   TIME(PS) =    2950.000  TEMP(K) =   299.02  PRESS =     0.0
 Etot   =   -117118.3201  EKtot   =     20434.9160  EPtot      =   -137553.2362
 BOND   =       549.3228  ANGLE   =      1531.9206  DIHED      =       975.9179
 UB     =         0.0000  IMP     =         0.0000  CMAP       =       147.2485
 1-4 NB =       633.8765  1-4 EEL =      5913.2930  VDWAALS    =     16245.7787
 EELEC  =   -163550.5942  EHBOND  =         0.0000  RESTRAINT  =         0.0000
 EKCMT  =         0.0000  VIRIAL  =         0.0000  VOLUME     =    334547.4135
                                                    Density    =         1.0289
 ------------------------------------------------------------------------------

wrapping first mol.:      -75.69559        0.00000        0.00000
wrapping first mol.:      -75.69559        0.00000        0.00000
wrapping first mol.:      -75.63328        0.00000        0.00000
wrapping first mol.:      -75.63328        0.00000        0.00000
wrapping first mol.:      -75.72063        0.00000        0.00000
wrapping first mol.:      -75.72063        0.00000        0.00000
wrapping first mol.:      -75.68098        0.00000        0.00000
wrapping first mol.:      -75.68098        0.00000        0.00000
wrapping first mol.:      -75.70623        0.00000        0.00000
wrapping first mol.:      -75.70623        0.00000        0.00000

 NSTEP =   650000   TIME(PS) =    3000.000  TEMP(K) =   300.24  PRESS =     0.0
 Etot   =   -117111.8422  EKtot   =     20518.3105  EPtot      =   -137630.1527
 BOND   =       547.4985  ANGLE   =      1550.3098  DIHED      =       976.2462
 UB     =         0.0000  IMP     =         0.0000  CMAP       =       138.8068
 1-4 NB =       639.9350  1-4 EEL =      5801.1047  VDWAALS    =     16522.0220
 EELEC  =   -163806.0756  EHBOND  =         0.0000  RESTRAINT  =         0.0000
 EKCMT  =         0.0000  VIRIAL  =         0.0000  VOLUME     =    334020.4148
                                                    Density    =         1.0305
 ------------------------------------------------------------------------------

wrapping first mol.:      -75.73844        0.00000        0.00000
wrapping first mol.:      -75.73844        0.00000        0.00000
wrapping first mol.:      -75.66244        0.00000        0.00000
wrapping first mol.:      -75.66244        0.00000        0.00000
wrapping first mol.:      -75.67951        0.00000        0.00000
wrapping first mol.:      -75.67951        0.00000        0.00000
wrapping first mol.:      -75.69239        0.00000        0.00000
wrapping first mol.:      -75.69239        0.00000        0.00000
wrapping first mol.:      -75.71310        0.00000        0.00000
wrapping first mol.:      -75.71310        0.00000        0.00000

 NSTEP =   675000   TIME(PS) =    3050.000  TEMP(K) =   299.50  PRESS =     0.0
 Etot   =   -117156.5804  EKtot   =     20467.7578  EPtot      =   -137624.3382
 BOND   =       627.0196  ANGLE   =      1515.4955  DIHED      =      1008.0749
 UB     =         0.0000  IMP     =         0.0000  CMAP       =       140.0784
 1-4 NB =       615.5359  1-4 EEL =      5810.3864  VDWAALS    =     16401.4496
 EELEC  =   -163742.3786  EHBOND  =         0.0000  RESTRAINT  =         0.0000
 EKCMT  =         0.0000  VIRIAL  =         0.0000  VOLUME     =    334111.3143
                                                    Density    =         1.0302
 ------------------------------------------------------------------------------

wrapping first mol.:      -75.67199        0.00000        0.00000
wrapping first mol.:      -75.67199        0.00000        0.00000
wrapping first mol.:      -75.68123        0.00000        0.00000
wrapping first mol.:      -75.68123        0.00000        0.00000
wrapping first mol.:      -75.68822        0.00000        0.00000
wrapping first mol.:      -75.68822        0.00000        0.00000
wrapping first mol.:      -75.63080        0.00000        0.00000
wrapping first mol.:      -75.63080        0.00000        0.00000
wrapping first mol.:      -75.73764        0.00000        0.00000
wrapping first mol.:      -75.73764        0.00000        0.00000

 NSTEP =   700000   TIME(PS) =    3100.000  TEMP(K) =   298.43  PRESS =     0.0
 Etot   =   -117193.6641  EKtot   =     20394.6523  EPtot      =   -137588.3164
 BOND   =       570.0486  ANGLE   =      1485.0191  DIHED      =      1007.0163
 UB     =         0.0000  IMP     =         0.0000  CMAP       =       133.5545
 1-4 NB =       649.2677  1-4 EEL =      5827.3521  VDWAALS    =     16408.3143
 EELEC  =   -163668.8889  EHBOND  =         0.0000  RESTRAINT  =         0.0000
 EKCMT  =         0.0000  VIRIAL  =         0.0000  VOLUME     =    334436.2665
                                                    Density    =         1.0292
 ------------------------------------------------------------------------------

wrapping first mol.:      -75.57998        0.00000        0.00000
wrapping first mol.:      -75.57998        0.00000        0.00000
wrapping first mol.:      -75.65886        0.00000        0.00000
wrapping first mol.:      -75.65886        0.00000        0.00000
wrapping first mol.:      -75.75753        0.00000        0.00000
wrapping first mol.:      -75.75753        0.00000        0.00000
wrapping first mol.:      -75.77612        0.00000        0.00000
wrapping first mol.:      -75.77612        0.00000        0.00000
wrapping first mol.:      -75.70491        0.00000        0.00000
wrapping first mol.:      -75.70491        0.00000        0.00000

 NSTEP =   725000   TIME(PS) =    3150.000  TEMP(K) =   298.48  PRESS =     0.0
 Etot   =   -117286.9730  EKtot   =     20398.0488  EPtot      =   -137685.0219
 BOND   =       586.9659  ANGLE   =      1511.0463  DIHED      =      1035.0978
 UB     =         0.0000  IMP     =         0.0000  CMAP       =       141.5848
 1-4 NB =       632.8697  1-4 EEL =      5865.1731  VDWAALS    =     16459.0836
 EELEC  =   -163916.8430  EHBOND  =         0.0000  RESTRAINT  =         0.0000
 EKCMT  =         0.0000  VIRIAL  =         0.0000  VOLUME     =    334002.8849
                                                    Density    =         1.0305
 ------------------------------------------------------------------------------

wrapping first mol.:      -75.61538        0.00000        0.00000
wrapping first mol.:      -75.61538        0.00000        0.00000
wrapping first mol.:      -75.65218        0.00000        0.00000
wrapping first mol.:      -75.65218        0.00000        0.00000
wrapping first mol.:      -75.62759        0.00000        0.00000
wrapping first mol.:      -75.62759        0.00000        0.00000
wrapping first mol.:      -75.75939        0.00000        0.00000
wrapping first mol.:      -75.75939        0.00000        0.00000
wrapping first mol.:      -75.70125        0.00000        0.00000
wrapping first mol.:      -75.70125        0.00000        0.00000

 NSTEP =   750000   TIME(PS) =    3200.000  TEMP(K) =   298.55  PRESS =     0.0
 Etot   =   -117166.1265  EKtot   =     20403.3281  EPtot      =   -137569.4546
 BOND   =       571.7717  ANGLE   =      1520.6851  DIHED      =      1011.7077
 UB     =         0.0000  IMP     =         0.0000  CMAP       =       132.1393
 1-4 NB =       636.3978  1-4 EEL =      5813.8441  VDWAALS    =     16299.6866
 EELEC  =   -163555.6869  EHBOND  =         0.0000  RESTRAINT  =         0.0000
 EKCMT  =         0.0000  VIRIAL  =         0.0000  VOLUME     =    333954.5308
                                                    Density    =         1.0307
 ------------------------------------------------------------------------------

wrapping first mol.:      -75.62509        0.00000        0.00000
wrapping first mol.:      -75.62509        0.00000        0.00000
wrapping first mol.:      -75.64555        0.00000        0.00000
wrapping first mol.:      -75.64555        0.00000        0.00000
wrapping first mol.:      -75.64700        0.00000        0.00000
wrapping first mol.:      -75.64700        0.00000        0.00000
wrapping first mol.:      -75.64827        0.00000        0.00000
wrapping first mol.:      -75.64827        0.00000        0.00000
wrapping first mol.:      -75.54155        0.00000        0.00000
wrapping first mol.:      -75.54155        0.00000        0.00000

 NSTEP =   775000   TIME(PS) =    3250.000  TEMP(K) =   300.19  PRESS =     0.0
 Etot   =   -117316.6210  EKtot   =     20515.3457  EPtot      =   -137831.9667
 BOND   =       564.6894  ANGLE   =      1554.2368  DIHED      =      1026.4956
 UB     =         0.0000  IMP     =         0.0000  CMAP       =       146.0895
 1-4 NB =       628.8698  1-4 EEL =      5831.1924  VDWAALS    =     16508.0371
 EELEC  =   -164091.5774  EHBOND  =         0.0000  RESTRAINT  =         0.0000
 EKCMT  =         0.0000  VIRIAL  =         0.0000  VOLUME     =    331845.3871
                                                    Density    =         1.0372
 ------------------------------------------------------------------------------

wrapping first mol.:      -75.54506        0.00000        0.00000
wrapping first mol.:      -75.54506        0.00000        0.00000
wrapping first mol.:      -75.73058        0.00000        0.00000
wrapping first mol.:      -75.73058        0.00000        0.00000
wrapping first mol.:      -75.66406        0.00000        0.00000
wrapping first mol.:      -75.66406        0.00000        0.00000
wrapping first mol.:      -75.71248        0.00000        0.00000
wrapping first mol.:      -75.71248        0.00000        0.00000
wrapping first mol.:      -75.65575        0.00000        0.00000
wrapping first mol.:      -75.65575        0.00000        0.00000

 NSTEP =   800000   TIME(PS) =    3300.000  TEMP(K) =   301.01  PRESS =     0.0
 Etot   =   -117097.2486  EKtot   =     20571.1191  EPtot      =   -137668.3678
 BOND   =       576.1138  ANGLE   =      1487.8552  DIHED      =       998.5177
 UB     =         0.0000  IMP     =         0.0000  CMAP       =       147.5620
 1-4 NB =       630.3388  1-4 EEL =      5829.8952  VDWAALS    =     16301.8129
 EELEC  =   -163640.4633  EHBOND  =         0.0000  RESTRAINT  =         0.0000
 EKCMT  =         0.0000  VIRIAL  =         0.0000  VOLUME     =    333352.7000
                                                    Density    =         1.0325
 ------------------------------------------------------------------------------

wrapping first mol.:      -75.68819        0.00000        0.00000
wrapping first mol.:      -75.68819        0.00000        0.00000
wrapping first mol.:      -75.60661        0.00000        0.00000
wrapping first mol.:      -75.60661        0.00000        0.00000
wrapping first mol.:      -75.62175        0.00000        0.00000
wrapping first mol.:      -75.62175        0.00000        0.00000
wrapping first mol.:      -75.71965        0.00000        0.00000
wrapping first mol.:      -75.71965        0.00000        0.00000
wrapping first mol.:      -75.67210        0.00000        0.00000
wrapping first mol.:      -75.67210        0.00000        0.00000

 NSTEP =   825000   TIME(PS) =    3350.000  TEMP(K) =   299.74  PRESS =     0.0
 Etot   =   -117081.3082  EKtot   =     20484.1836  EPtot      =   -137565.4918
 BOND   =       565.4375  ANGLE   =      1550.9606  DIHED      =       987.0054
 UB     =         0.0000  IMP     =         0.0000  CMAP       =       144.4575
 1-4 NB =       636.7038  1-4 EEL =      5844.2365  VDWAALS    =     16242.5908
 EELEC  =   -163536.8841  EHBOND  =         0.0000  RESTRAINT  =         0.0000
 EKCMT  =         0.0000  VIRIAL  =         0.0000  VOLUME     =    333568.8745
                                                    Density    =         1.0319
 ------------------------------------------------------------------------------

wrapping first mol.:      -75.62636        0.00000        0.00000
wrapping first mol.:      -75.62636        0.00000        0.00000
wrapping first mol.:      -75.69670        0.00000        0.00000
wrapping first mol.:      -75.69670        0.00000        0.00000
wrapping first mol.:      -75.58648        0.00000        0.00000
wrapping first mol.:      -75.58648        0.00000        0.00000
wrapping first mol.:      -75.64521        0.00000        0.00000
wrapping first mol.:      -75.64521        0.00000        0.00000
wrapping first mol.:      -75.61375        0.00000        0.00000
wrapping first mol.:      -75.61375        0.00000        0.00000

 NSTEP =   850000   TIME(PS) =    3400.000  TEMP(K) =   299.89  PRESS =     0.0
 Etot   =   -117512.6248  EKtot   =     20494.7227  EPtot      =   -138007.3475
 BOND   =       569.3874  ANGLE   =      1547.7140  DIHED      =       982.1125
 UB     =         0.0000  IMP     =         0.0000  CMAP       =       139.1966
 1-4 NB =       634.9156  1-4 EEL =      5781.0684  VDWAALS    =     15939.0462
 EELEC  =   -163600.7881  EHBOND  =         0.0000  RESTRAINT  =         0.0000
 EKCMT  =         0.0000  VIRIAL  =         0.0000  VOLUME     =    332797.8721
                                                    Density    =         1.0343
 ------------------------------------------------------------------------------

wrapping first mol.:      -75.71093        0.00000        0.00000
wrapping first mol.:      -75.71093        0.00000        0.00000
wrapping first mol.:      -75.68909        0.00000        0.00000
wrapping first mol.:      -75.68909        0.00000        0.00000
wrapping first mol.:      -75.69954        0.00000        0.00000
wrapping first mol.:      -75.69954        0.00000        0.00000
wrapping first mol.:      -75.68118        0.00000        0.00000
wrapping first mol.:      -75.68118        0.00000        0.00000
wrapping first mol.:      -75.69785        0.00000        0.00000
wrapping first mol.:      -75.69785        0.00000        0.00000

 NSTEP =   875000   TIME(PS) =    3450.000  TEMP(K) =   301.41  PRESS =     0.0
 Etot   =   -117089.2871  EKtot   =     20598.4453  EPtot      =   -137687.7324
 BOND   =       577.0301  ANGLE   =      1513.5509  DIHED      =       987.1878
 UB     =         0.0000  IMP     =         0.0000  CMAP       =       153.9152
 1-4 NB =       643.7741  1-4 EEL =      5838.2608  VDWAALS    =     16548.6967
 EELEC  =   -163950.1479  EHBOND  =         0.0000  RESTRAINT  =         0.0000
 EKCMT  =         0.0000  VIRIAL  =         0.0000  VOLUME     =    333909.4407
                                                    Density    =         1.0308
 ------------------------------------------------------------------------------

wrapping first mol.:      -75.69261        0.00000        0.00000
wrapping first mol.:      -75.69261        0.00000        0.00000
wrapping first mol.:      -75.70704        0.00000        0.00000
wrapping first mol.:      -75.70704        0.00000        0.00000
wrapping first mol.:      -75.62864        0.00000        0.00000
wrapping first mol.:      -75.62864        0.00000        0.00000
wrapping first mol.:      -75.69900        0.00000        0.00000
wrapping first mol.:      -75.69900        0.00000        0.00000
wrapping first mol.:      -75.75493        0.00000        0.00000
wrapping first mol.:      -75.75493        0.00000        0.00000

 NSTEP =   900000   TIME(PS) =    3500.000  TEMP(K) =   301.28  PRESS =     0.0
 Etot   =   -117143.6599  EKtot   =     20589.7715  EPtot      =   -137733.4314
 BOND   =       518.6252  ANGLE   =      1569.3630  DIHED      =       975.1253
 UB     =         0.0000  IMP     =         0.0000  CMAP       =       149.4192
 1-4 NB =       656.4721  1-4 EEL =      5841.2196  VDWAALS    =     16421.8456
 EELEC  =   -163865.5015  EHBOND  =         0.0000  RESTRAINT  =         0.0000
 EKCMT  =         0.0000  VIRIAL  =         0.0000  VOLUME     =    334665.4128
                                                    Density    =         1.0285
 ------------------------------------------------------------------------------

wrapping first mol.:      -75.69123        0.00000        0.00000
wrapping first mol.:      -75.69123        0.00000        0.00000
wrapping first mol.:      -75.64464        0.00000        0.00000
wrapping first mol.:      -75.64464        0.00000        0.00000
wrapping first mol.:      -75.62509        0.00000        0.00000
wrapping first mol.:      -75.62509        0.00000        0.00000
wrapping first mol.:      -75.56629        0.00000        0.00000
wrapping first mol.:      -75.56629        0.00000        0.00000
wrapping first mol.:      -75.66825        0.00000        0.00000
wrapping first mol.:      -75.66825        0.00000        0.00000

 NSTEP =   925000   TIME(PS) =    3550.000  TEMP(K) =   297.72  PRESS =     0.0
 Etot   =   -117238.8427  EKtot   =     20346.4785  EPtot      =   -137585.3212
 BOND   =       557.8072  ANGLE   =      1542.3331  DIHED      =       981.1006
 UB     =         0.0000  IMP     =         0.0000  CMAP       =       147.2258
 1-4 NB =       632.4869  1-4 EEL =      5881.5499  VDWAALS    =     16178.8328
 EELEC  =   -163506.6575  EHBOND  =         0.0000  RESTRAINT  =         0.0000
 EKCMT  =         0.0000  VIRIAL  =         0.0000  VOLUME     =    333517.9157
                                                    Density    =         1.0320
 ------------------------------------------------------------------------------

wrapping first mol.:      -75.60840        0.00000        0.00000
wrapping first mol.:      -75.60840        0.00000        0.00000
wrapping first mol.:      -75.63999        0.00000        0.00000
wrapping first mol.:      -75.63999        0.00000        0.00000
wrapping first mol.:      -75.62407        0.00000        0.00000
wrapping first mol.:      -75.62407        0.00000        0.00000
wrapping first mol.:      -75.61194        0.00000        0.00000
wrapping first mol.:      -75.61194        0.00000        0.00000
wrapping first mol.:      -75.60847        0.00000        0.00000
wrapping first mol.:      -75.60847        0.00000        0.00000

 NSTEP =   950000   TIME(PS) =    3600.000  TEMP(K) =   298.89  PRESS =     0.0
 Etot   =   -117037.0506  EKtot   =     20426.3652  EPtot      =   -137463.4158
 BOND   =       546.8905  ANGLE   =      1598.5406  DIHED      =       997.1227
 UB     =         0.0000  IMP     =         0.0000  CMAP       =       141.8585
 1-4 NB =       648.8786  1-4 EEL =      5865.3644  VDWAALS    =     16287.9204
 EELEC  =   -163549.9915  EHBOND  =         0.0000  RESTRAINT  =         0.0000
 EKCMT  =         0.0000  VIRIAL  =         0.0000  VOLUME     =    332728.1243
                                                    Density    =         1.0345
 ------------------------------------------------------------------------------

wrapping first mol.:      -75.61230        0.00000        0.00000
wrapping first mol.:      -75.61230        0.00000        0.00000
wrapping first mol.:      -75.72362        0.00000        0.00000
wrapping first mol.:      -75.72362        0.00000        0.00000
wrapping first mol.:      -75.70247        0.00000        0.00000
wrapping first mol.:      -75.70247        0.00000        0.00000
wrapping first mol.:      -75.68250        0.00000        0.00000
wrapping first mol.:      -75.68250        0.00000        0.00000
wrapping first mol.:      -75.65197        0.00000        0.00000
wrapping first mol.:      -75.65197        0.00000        0.00000

 NSTEP =   975000   TIME(PS) =    3650.000  TEMP(K) =   300.49  PRESS =     0.0
 Etot   =   -116962.4596  EKtot   =     20535.4727  EPtot      =   -137497.9323
 BOND   =       538.7690  ANGLE   =      1494.5778  DIHED      =      1009.0558
 UB     =         0.0000  IMP     =         0.0000  CMAP       =       147.0568
 1-4 NB =       648.7351  1-4 EEL =      5843.0400  VDWAALS    =     16230.6558
 EELEC  =   -163409.8226  EHBOND  =         0.0000  RESTRAINT  =         0.0000
 EKCMT  =         0.0000  VIRIAL  =         0.0000  VOLUME     =    333302.7209
                                                    Density    =         1.0327
 ------------------------------------------------------------------------------

wrapping first mol.:      -75.59970        0.00000        0.00000
wrapping first mol.:      -75.59970        0.00000        0.00000
wrapping first mol.:      -75.76508        0.00000        0.00000
wrapping first mol.:      -75.76508        0.00000        0.00000
wrapping first mol.:      -75.65911        0.00000        0.00000
wrapping first mol.:      -75.65911        0.00000        0.00000
wrapping first mol.:      -75.64469        0.00000        0.00000
wrapping first mol.:      -75.64469        0.00000        0.00000
wrapping first mol.:      -75.70978        0.00000        0.00000
wrapping first mol.:      -75.70978        0.00000        0.00000

 NSTEP =  1000000   TIME(PS) =    3700.000  TEMP(K) =   299.95  PRESS =     0.0
 Etot   =   -116872.5729  EKtot   =     20498.4961  EPtot      =   -137371.0690
 BOND   =       576.0526  ANGLE   =      1535.5752  DIHED      =       991.9218
 UB     =         0.0000  IMP     =         0.0000  CMAP       =       138.0227
 1-4 NB =       631.7548  1-4 EEL =      5862.3169  VDWAALS    =     16060.0626
 EELEC  =   -163166.7756  EHBOND  =         0.0000  RESTRAINT  =         0.0000
 EKCMT  =         0.0000  VIRIAL  =         0.0000  VOLUME     =    334067.3571
                                                    Density    =         1.0303
 ------------------------------------------------------------------------------

wrapping first mol.:      -75.61459        0.00000        0.00000
wrapping first mol.:      -75.61459        0.00000        0.00000
wrapping first mol.:      -75.73564        0.00000        0.00000
wrapping first mol.:      -75.73564        0.00000        0.00000
wrapping first mol.:      -75.72652        0.00000        0.00000
wrapping first mol.:      -75.72652        0.00000        0.00000
wrapping first mol.:      -75.74387        0.00000        0.00000
wrapping first mol.:      -75.74387        0.00000        0.00000
wrapping first mol.:      -75.62233        0.00000        0.00000
wrapping first mol.:      -75.62233        0.00000        0.00000

 NSTEP =  1025000   TIME(PS) =    3750.000  TEMP(K) =   297.86  PRESS =     0.0
 Etot   =   -117137.3970  EKtot   =     20355.8828  EPtot      =   -137493.2798
 BOND   =       560.6900  ANGLE   =      1516.2489  DIHED      =       999.4294
 UB     =         0.0000  IMP     =         0.0000  CMAP       =       140.7152
 1-4 NB =       655.1544  1-4 EEL =      5825.6313  VDWAALS    =     16466.8105
 EELEC  =   -163657.9594  EHBOND  =         0.0000  RESTRAINT  =         0.0000
 EKCMT  =         0.0000  VIRIAL  =         0.0000  VOLUME     =    332911.1475
                                                    Density    =         1.0339
 ------------------------------------------------------------------------------

wrapping first mol.:      -75.67433        0.00000        0.00000
wrapping first mol.:      -75.67433        0.00000        0.00000
wrapping first mol.:      -75.73647        0.00000        0.00000
wrapping first mol.:      -75.73647        0.00000        0.00000
wrapping first mol.:      -75.66805        0.00000        0.00000
wrapping first mol.:      -75.66805        0.00000        0.00000
wrapping first mol.:      -75.67045        0.00000        0.00000
wrapping first mol.:      -75.67045        0.00000        0.00000
wrapping first mol.:      -75.76478        0.00000        0.00000
wrapping first mol.:      -75.76478        0.00000        0.00000

 NSTEP =  1050000   TIME(PS) =    3800.000  TEMP(K) =   299.14  PRESS =     0.0
 Etot   =   -117253.2908  EKtot   =     20443.2520  EPtot      =   -137696.5428
 BOND   =       579.0158  ANGLE   =      1540.5359  DIHED      =      1016.5816
 UB     =         0.0000  IMP     =         0.0000  CMAP       =       148.7832
 1-4 NB =       640.1223  1-4 EEL =      5801.2668  VDWAALS    =     16446.2125
 EELEC  =   -163869.0608  EHBOND  =         0.0000  RESTRAINT  =         0.0000
 EKCMT  =         0.0000  VIRIAL  =         0.0000  VOLUME     =    334795.9754
                                                    Density    =         1.0281
 ------------------------------------------------------------------------------

wrapping first mol.:      -75.72815        0.00000        0.00000
wrapping first mol.:      -75.72815        0.00000        0.00000
wrapping first mol.:      -75.72846        0.00000        0.00000
wrapping first mol.:      -75.72846        0.00000        0.00000
wrapping first mol.:      -75.71719        0.00000        0.00000
wrapping first mol.:      -75.71719        0.00000        0.00000
wrapping first mol.:      -75.66795        0.00000        0.00000
wrapping first mol.:      -75.66795        0.00000        0.00000
wrapping first mol.:      -75.77938        0.00000        0.00000
wrapping first mol.:      -75.77938        0.00000        0.00000

 NSTEP =  1075000   TIME(PS) =    3850.000  TEMP(K) =   299.19  PRESS =     0.0
 Etot   =   -117093.7332  EKtot   =     20447.0977  EPtot      =   -137540.8308
 BOND   =       522.9061  ANGLE   =      1538.0910  DIHED      =       981.1605
 UB     =         0.0000  IMP     =         0.0000  CMAP       =       145.0577
 1-4 NB =       662.4410  1-4 EEL =      5783.1090  VDWAALS    =     16782.1042
 EELEC  =   -163955.7003  EHBOND  =         0.0000  RESTRAINT  =         0.0000
 EKCMT  =         0.0000  VIRIAL  =         0.0000  VOLUME     =    334989.6268
                                                    Density    =         1.0275
 ------------------------------------------------------------------------------

wrapping first mol.:      -75.61522        0.00000        0.00000
wrapping first mol.:      -75.61522        0.00000        0.00000
wrapping first mol.:      -75.81337        0.00000        0.00000
wrapping first mol.:      -75.81337        0.00000        0.00000
wrapping first mol.:      -75.60566        0.00000        0.00000
wrapping first mol.:      -75.60566        0.00000        0.00000
wrapping first mol.:      -75.69811        0.00000        0.00000
wrapping first mol.:      -75.69811        0.00000        0.00000
wrapping first mol.:      -75.67806        0.00000        0.00000
wrapping first mol.:      -75.67806        0.00000        0.00000

 NSTEP =  1100000   TIME(PS) =    3900.000  TEMP(K) =   300.36  PRESS =     0.0
 Etot   =   -117092.1725  EKtot   =     20526.8555  EPtot      =   -137619.0279
 BOND   =       577.2973  ANGLE   =      1556.3845  DIHED      =      1003.2918
 UB     =         0.0000  IMP     =         0.0000  CMAP       =       138.7472
 1-4 NB =       630.2794  1-4 EEL =      5758.8195  VDWAALS    =     16532.0819
 EELEC  =   -163815.9296  EHBOND  =         0.0000  RESTRAINT  =         0.0000
 EKCMT  =         0.0000  VIRIAL  =         0.0000  VOLUME     =    333647.6773
                                                    Density    =         1.0316
 ------------------------------------------------------------------------------

wrapping first mol.:      -75.70665        0.00000        0.00000
wrapping first mol.:      -75.70665        0.00000        0.00000
wrapping first mol.:      -75.53370        0.00000        0.00000
wrapping first mol.:      -75.53370        0.00000        0.00000
wrapping first mol.:      -75.63321        0.00000        0.00000
wrapping first mol.:      -75.63321        0.00000        0.00000
wrapping first mol.:      -75.61401        0.00000        0.00000
wrapping first mol.:      -75.61401        0.00000        0.00000
wrapping first mol.:      -75.67815        0.00000        0.00000
wrapping first mol.:      -75.67815        0.00000        0.00000

 NSTEP =  1125000   TIME(PS) =    3950.000  TEMP(K) =   298.68  PRESS =     0.0
 Etot   =   -117470.4185  EKtot   =     20412.1641  EPtot      =   -137882.5826
 BOND   =       568.1516  ANGLE   =      1513.5047  DIHED      =      1013.3790
 UB     =         0.0000  IMP     =         0.0000  CMAP       =       135.1626
 1-4 NB =       635.2464  1-4 EEL =      5793.1565  VDWAALS    =     16355.2680
 EELEC  =   -163896.4515  EHBOND  =         0.0000  RESTRAINT  =         0.0000
 EKCMT  =         0.0000  VIRIAL  =         0.0000  VOLUME     =    333648.9136
                                                    Density    =         1.0316
 ------------------------------------------------------------------------------

wrapping first mol.:      -75.65575        0.00000        0.00000
wrapping first mol.:      -75.65575        0.00000        0.00000
wrapping first mol.:      -75.64155        0.00000        0.00000
wrapping first mol.:      -75.64155        0.00000        0.00000
wrapping first mol.:      -75.71584        0.00000        0.00000
wrapping first mol.:      -75.71584        0.00000        0.00000
wrapping first mol.:      -75.72242        0.00000        0.00000
wrapping first mol.:      -75.72242        0.00000        0.00000
wrapping first mol.:      -75.63373        0.00000        0.00000
wrapping first mol.:      -75.63373        0.00000        0.00000

 NSTEP =  1150000   TIME(PS) =    4000.000  TEMP(K) =   300.80  PRESS =     0.0
 Etot   =   -116964.5042  EKtot   =     20557.0234  EPtot      =   -137521.5276
 BOND   =       562.7090  ANGLE   =      1533.8506  DIHED      =      1020.4876
 UB     =         0.0000  IMP     =         0.0000  CMAP       =       142.1605
 1-4 NB =       630.4199  1-4 EEL =      5823.4528  VDWAALS    =     16534.5451
 EELEC  =   -163769.1531  EHBOND  =         0.0000  RESTRAINT  =         0.0000
 EKCMT  =         0.0000  VIRIAL  =         0.0000  VOLUME     =    333061.7358
                                                    Density    =         1.0334
 ------------------------------------------------------------------------------

wrapping first mol.:      -75.71288        0.00000        0.00000
wrapping first mol.:      -75.71288        0.00000        0.00000
wrapping first mol.:      -75.62043        0.00000        0.00000
wrapping first mol.:      -75.62043        0.00000        0.00000
wrapping first mol.:      -75.63032        0.00000        0.00000
wrapping first mol.:      -75.63032        0.00000        0.00000
wrapping first mol.:      -75.65232        0.00000        0.00000
wrapping first mol.:      -75.65232        0.00000        0.00000
wrapping first mol.:      -75.66195        0.00000        0.00000
wrapping first mol.:      -75.66195        0.00000        0.00000

 NSTEP =  1175000   TIME(PS) =    4050.000  TEMP(K) =   296.63  PRESS =     0.0
 Etot   =   -117763.4379  EKtot   =     20271.8320  EPtot      =   -138035.2700
 BOND   =       560.9134  ANGLE   =      1543.0419  DIHED      =       980.4084
 UB     =         0.0000  IMP     =         0.0000  CMAP       =       142.4254
 1-4 NB =       626.7799  1-4 EEL =      5834.8554  VDWAALS    =     16818.0066
 EELEC  =   -164541.7010  EHBOND  =         0.0000  RESTRAINT  =         0.0000
 EKCMT  =         0.0000  VIRIAL  =         0.0000  VOLUME     =    333434.6956
                                                    Density    =         1.0323
 ------------------------------------------------------------------------------

wrapping first mol.:      -75.60929        0.00000        0.00000
wrapping first mol.:      -75.60929        0.00000        0.00000
wrapping first mol.:      -75.69024        0.00000        0.00000
wrapping first mol.:      -75.69024        0.00000        0.00000
wrapping first mol.:      -75.70960        0.00000        0.00000
wrapping first mol.:      -75.70960        0.00000        0.00000
wrapping first mol.:      -75.71930        0.00000        0.00000
wrapping first mol.:      -75.71930        0.00000        0.00000
wrapping first mol.:      -75.57747        0.00000        0.00000
wrapping first mol.:      -75.57747        0.00000        0.00000

 NSTEP =  1200000   TIME(PS) =    4100.000  TEMP(K) =   301.02  PRESS =     0.0
 Etot   =   -117060.9221  EKtot   =     20572.1895  EPtot      =   -137633.1115
 BOND   =       548.8636  ANGLE   =      1543.6677  DIHED      =       996.1008
 UB     =         0.0000  IMP     =         0.0000  CMAP       =       153.9361
 1-4 NB =       637.3263  1-4 EEL =      5847.4792  VDWAALS    =     16290.2998
 EELEC  =   -163650.7851  EHBOND  =         0.0000  RESTRAINT  =         0.0000
 EKCMT  =         0.0000  VIRIAL  =         0.0000  VOLUME     =    332318.9519
                                                    Density    =         1.0358
 ------------------------------------------------------------------------------

wrapping first mol.:      -75.63246        0.00000        0.00000
wrapping first mol.:      -75.63246        0.00000        0.00000
wrapping first mol.:      -75.67336        0.00000        0.00000
wrapping first mol.:      -75.67336        0.00000        0.00000
wrapping first mol.:      -75.81649        0.00000        0.00000
wrapping first mol.:      -75.81649        0.00000        0.00000
wrapping first mol.:      -75.63174        0.00000        0.00000
wrapping first mol.:      -75.63174        0.00000        0.00000
wrapping first mol.:      -75.61066        0.00000        0.00000
wrapping first mol.:      -75.61066        0.00000        0.00000

 NSTEP =  1225000   TIME(PS) =    4150.000  TEMP(K) =   300.19  PRESS =     0.0
 Etot   =   -116958.5250  EKtot   =     20514.9473  EPtot      =   -137473.4723
 BOND   =       604.4228  ANGLE   =      1528.9073  DIHED      =       989.9765
 UB     =         0.0000  IMP     =         0.0000  CMAP       =       150.0059
 1-4 NB =       624.0602  1-4 EEL =      5811.7016  VDWAALS    =     16383.9765
 EELEC  =   -163566.5231  EHBOND  =         0.0000  RESTRAINT  =         0.0000
 EKCMT  =         0.0000  VIRIAL  =         0.0000  VOLUME     =    332757.0807
                                                    Density    =         1.0344
 ------------------------------------------------------------------------------

wrapping first mol.:      -75.62834        0.00000        0.00000
wrapping first mol.:      -75.62834        0.00000        0.00000
wrapping first mol.:      -75.74508        0.00000        0.00000
wrapping first mol.:      -75.74508        0.00000        0.00000
wrapping first mol.:      -75.64640        0.00000        0.00000
wrapping first mol.:      -75.64640        0.00000        0.00000
wrapping first mol.:      -75.63225        0.00000        0.00000
wrapping first mol.:      -75.63225        0.00000        0.00000
wrapping first mol.:      -75.70860        0.00000        0.00000
wrapping first mol.:      -75.70860        0.00000        0.00000

 NSTEP =  1250000   TIME(PS) =    4200.000  TEMP(K) =   298.46  PRESS =     0.0
 Etot   =   -117350.5327  EKtot   =     20397.0156  EPtot      =   -137747.5483
 BOND   =       545.8901  ANGLE   =      1502.7193  DIHED      =      1013.5936
 UB     =         0.0000  IMP     =         0.0000  CMAP       =       138.8995
 1-4 NB =       646.9384  1-4 EEL =      5881.9770  VDWAALS    =     16129.0571
 EELEC  =   -163606.6233  EHBOND  =         0.0000  RESTRAINT  =         0.0000
 EKCMT  =         0.0000  VIRIAL  =         0.0000  VOLUME     =    334051.7554
                                                    Density    =         1.0304
 ------------------------------------------------------------------------------

wrapping first mol.:      -75.69988        0.00000        0.00000
wrapping first mol.:      -75.69988        0.00000        0.00000
wrapping first mol.:      -75.69289        0.00000        0.00000
wrapping first mol.:      -75.69289        0.00000        0.00000
wrapping first mol.:      -75.70607        0.00000        0.00000
wrapping first mol.:      -75.70607        0.00000        0.00000
wrapping first mol.:      -75.74972        0.00000        0.00000
wrapping first mol.:      -75.74972        0.00000        0.00000
wrapping first mol.:      -75.74683        0.00000        0.00000
wrapping first mol.:      -75.74683        0.00000        0.00000

 NSTEP =  1275000   TIME(PS) =    4250.000  TEMP(K) =   299.91  PRESS =     0.0
 Etot   =   -117181.4608  EKtot   =     20495.7520  EPtot      =   -137677.2128
 BOND   =       564.2244  ANGLE   =      1486.9431  DIHED      =      1025.5792
 UB     =         0.0000  IMP     =         0.0000  CMAP       =       155.7741
 1-4 NB =       659.0160  1-4 EEL =      5851.4529  VDWAALS    =     16465.0799
 EELEC  =   -163885.2824  EHBOND  =         0.0000  RESTRAINT  =         0.0000
 EKCMT  =         0.0000  VIRIAL  =         0.0000  VOLUME     =    334558.0269
                                                    Density    =         1.0288
 ------------------------------------------------------------------------------

wrapping first mol.:      -75.66697        0.00000        0.00000
wrapping first mol.:      -75.66697        0.00000        0.00000
wrapping first mol.:      -75.65937        0.00000        0.00000
wrapping first mol.:      -75.65937        0.00000        0.00000
wrapping first mol.:      -75.67053        0.00000        0.00000
wrapping first mol.:      -75.67053        0.00000        0.00000
wrapping first mol.:      -75.70771        0.00000        0.00000
wrapping first mol.:      -75.70771        0.00000        0.00000
wrapping first mol.:      -75.66910        0.00000        0.00000
wrapping first mol.:      -75.66910        0.00000        0.00000

 NSTEP =  1300000   TIME(PS) =    4300.000  TEMP(K) =   298.89  PRESS =     0.0
 Etot   =   -117121.6863  EKtot   =     20426.3340  EPtot      =   -137548.0202
 BOND   =       579.6548  ANGLE   =      1529.5423  DIHED      =      1002.4862
 UB     =         0.0000  IMP     =         0.0000  CMAP       =       142.9727
 1-4 NB =       633.4596  1-4 EEL =      5870.9118  VDWAALS    =     16241.3394
 EELEC  =   -163548.3871  EHBOND  =         0.0000  RESTRAINT  =         0.0000
 EKCMT  =         0.0000  VIRIAL  =         0.0000  VOLUME     =    333529.1605
                                                    Density    =         1.0320
 ------------------------------------------------------------------------------

wrapping first mol.:      -75.65028        0.00000        0.00000
wrapping first mol.:      -75.65028        0.00000        0.00000
wrapping first mol.:      -75.64810        0.00000        0.00000
wrapping first mol.:      -75.64810        0.00000        0.00000
wrapping first mol.:      -75.63942        0.00000        0.00000
wrapping first mol.:      -75.63942        0.00000        0.00000
wrapping first mol.:      -75.68976        0.00000        0.00000
wrapping first mol.:      -75.68976        0.00000        0.00000
wrapping first mol.:      -75.63352        0.00000        0.00000
wrapping first mol.:      -75.63352        0.00000        0.00000

 NSTEP =  1325000   TIME(PS) =    4350.000  TEMP(K) =   300.08  PRESS =     0.0
 Etot   =   -117289.5968  EKtot   =     20507.8516  EPtot      =   -137797.4484
 BOND   =       583.0477  ANGLE   =      1521.4878  DIHED      =      1005.8656
 UB     =         0.0000  IMP     =         0.0000  CMAP       =       151.5959
 1-4 NB =       650.8436  1-4 EEL =      5861.4106  VDWAALS    =     16722.0907
 EELEC  =   -164293.7900  EHBOND  =         0.0000  RESTRAINT  =         0.0000
 EKCMT  =         0.0000  VIRIAL  =         0.0000  VOLUME     =    333058.9179
                                                    Density    =         1.0335
 ------------------------------------------------------------------------------

wrapping first mol.:      -75.68040        0.00000        0.00000
wrapping first mol.:      -75.68040        0.00000        0.00000
wrapping first mol.:      -75.69651        0.00000        0.00000
wrapping first mol.:      -75.69651        0.00000        0.00000
wrapping first mol.:      -75.70031        0.00000        0.00000
wrapping first mol.:      -75.70031        0.00000        0.00000
wrapping first mol.:      -75.72321        0.00000        0.00000
wrapping first mol.:      -75.72321        0.00000        0.00000
wrapping first mol.:      -75.70931        0.00000        0.00000
wrapping first mol.:      -75.70931        0.00000        0.00000

 NSTEP =  1350000   TIME(PS) =    4400.000  TEMP(K) =   298.67  PRESS =     0.0
 Etot   =   -117411.5741  EKtot   =     20411.1582  EPtot      =   -137822.7323
 BOND   =       612.4074  ANGLE   =      1502.7232  DIHED      =      1023.1292
 UB     =         0.0000  IMP     =         0.0000  CMAP       =       153.7726
 1-4 NB =       627.2939  1-4 EEL =      5843.4952  VDWAALS    =     16273.1586
 EELEC  =   -163858.7123  EHBOND  =         0.0000  RESTRAINT  =         0.0000
 EKCMT  =         0.0000  VIRIAL  =         0.0000  VOLUME     =    334061.1382
                                                    Density    =         1.0304
 ------------------------------------------------------------------------------

wrapping first mol.:      -75.55363        0.00000        0.00000
wrapping first mol.:      -75.55363        0.00000        0.00000
wrapping first mol.:      -75.59650        0.00000        0.00000
wrapping first mol.:      -75.59650        0.00000        0.00000
wrapping first mol.:      -75.64363        0.00000        0.00000
wrapping first mol.:      -75.64363        0.00000        0.00000
wrapping first mol.:      -75.73213        0.00000        0.00000
wrapping first mol.:      -75.73213        0.00000        0.00000
wrapping first mol.:      -75.74994        0.00000        0.00000
wrapping first mol.:      -75.74994        0.00000        0.00000

 NSTEP =  1375000   TIME(PS) =    4450.000  TEMP(K) =   299.95  PRESS =     0.0
 Etot   =   -117398.3261  EKtot   =     20498.8223  EPtot      =   -137897.1484
 BOND   =       539.3660  ANGLE   =      1494.1887  DIHED      =      1020.1269
 UB     =         0.0000  IMP     =         0.0000  CMAP       =       141.3500
 1-4 NB =       657.5437  1-4 EEL =      5886.9224  VDWAALS    =     16434.8709
 EELEC  =   -164071.5170  EHBOND  =         0.0000  RESTRAINT  =         0.0000
 EKCMT  =         0.0000  VIRIAL  =         0.0000  VOLUME     =    334599.2811
                                                    Density    =         1.0287
 ------------------------------------------------------------------------------

wrapping first mol.:      -75.73683        0.00000        0.00000
wrapping first mol.:      -75.73683        0.00000        0.00000
wrapping first mol.:      -75.70445        0.00000        0.00000
wrapping first mol.:      -75.70445        0.00000        0.00000
wrapping first mol.:      -75.62807        0.00000        0.00000
wrapping first mol.:      -75.62807        0.00000        0.00000
wrapping first mol.:      -75.63063        0.00000        0.00000
wrapping first mol.:      -75.63063        0.00000        0.00000
wrapping first mol.:      -75.60431        0.00000        0.00000
wrapping first mol.:      -75.60431        0.00000        0.00000

 NSTEP =  1400000   TIME(PS) =    4500.000  TEMP(K) =   302.54  PRESS =     0.0
 Etot   =   -117038.9282  EKtot   =     20675.9531  EPtot      =   -137714.8813
 BOND   =       548.7322  ANGLE   =      1499.4668  DIHED      =      1020.8191
 UB     =         0.0000  IMP     =         0.0000  CMAP       =       147.3735
 1-4 NB =       653.5314  1-4 EEL =      5874.1253  VDWAALS    =     16628.6260
 EELEC  =   -164087.5556  EHBOND  =         0.0000  RESTRAINT  =         0.0000
 EKCMT  =         0.0000  VIRIAL  =         0.0000  VOLUME     =    332673.1819
                                                    Density    =         1.0347
 ------------------------------------------------------------------------------

wrapping first mol.:      -75.71425        0.00000        0.00000
wrapping first mol.:      -75.71425        0.00000        0.00000
wrapping first mol.:      -75.78453        0.00000        0.00000
wrapping first mol.:      -75.78453        0.00000        0.00000
wrapping first mol.:      -75.73802        0.00000        0.00000
wrapping first mol.:      -75.73802        0.00000        0.00000
wrapping first mol.:      -75.72037        0.00000        0.00000
wrapping first mol.:      -75.72037        0.00000        0.00000
wrapping first mol.:      -75.64294        0.00000        0.00000
wrapping first mol.:      -75.64294        0.00000        0.00000

 NSTEP =  1425000   TIME(PS) =    4550.000  TEMP(K) =   300.95  PRESS =     0.0
 Etot   =   -117201.3739  EKtot   =     20566.7402  EPtot      =   -137768.1142
 BOND   =       534.9219  ANGLE   =      1476.2078  DIHED      =      1003.0764
 UB     =         0.0000  IMP     =         0.0000  CMAP       =       152.8736
 1-4 NB =       648.3063  1-4 EEL =      5829.7048  VDWAALS    =     16466.7774
 EELEC  =   -163879.9823  EHBOND  =         0.0000  RESTRAINT  =         0.0000
 EKCMT  =         0.0000  VIRIAL  =         0.0000  VOLUME     =    333183.3588
                                                    Density    =         1.0331
 ------------------------------------------------------------------------------

wrapping first mol.:      -75.64487        0.00000        0.00000
wrapping first mol.:      -75.64487        0.00000        0.00000
wrapping first mol.:      -75.65886        0.00000        0.00000
wrapping first mol.:      -75.65886        0.00000        0.00000
wrapping first mol.:      -75.61384        0.00000        0.00000
wrapping first mol.:      -75.61384        0.00000        0.00000
wrapping first mol.:      -75.67621        0.00000        0.00000
wrapping first mol.:      -75.67621        0.00000        0.00000
wrapping first mol.:      -75.76122        0.00000        0.00000
wrapping first mol.:      -75.76122        0.00000        0.00000

 NSTEP =  1450000   TIME(PS) =    4600.000  TEMP(K) =   297.82  PRESS =     0.0
 Etot   =   -117128.6580  EKtot   =     20352.9844  EPtot      =   -137481.6424
 BOND   =       561.3543  ANGLE   =      1487.8554  DIHED      =      1029.1215
 UB     =         0.0000  IMP     =         0.0000  CMAP       =       148.6649
 1-4 NB =       664.4487  1-4 EEL =      5894.2899  VDWAALS    =     15979.9074
 EELEC  =   -163247.2845  EHBOND  =         0.0000  RESTRAINT  =         0.0000
 EKCMT  =         0.0000  VIRIAL  =         0.0000  VOLUME     =    334748.8240
                                                    Density    =         1.0282
 ------------------------------------------------------------------------------

wrapping first mol.:      -75.73897        0.00000        0.00000
wrapping first mol.:      -75.73897        0.00000        0.00000
wrapping first mol.:      -75.68347        0.00000        0.00000
wrapping first mol.:      -75.68347        0.00000        0.00000
wrapping first mol.:      -75.75673        0.00000        0.00000
wrapping first mol.:      -75.75673        0.00000        0.00000
wrapping first mol.:      -75.71045        0.00000        0.00000
wrapping first mol.:      -75.71045        0.00000        0.00000
wrapping first mol.:      -75.69379        0.00000        0.00000
wrapping first mol.:      -75.69379        0.00000        0.00000

 NSTEP =  1475000   TIME(PS) =    4650.000  TEMP(K) =   297.76  PRESS =     0.0
 Etot   =   -117421.9485  EKtot   =     20348.8730  EPtot      =   -137770.8215
 BOND   =       562.4937  ANGLE   =      1523.5704  DIHED      =       984.7054
 UB     =         0.0000  IMP     =         0.0000  CMAP       =       149.8073
 1-4 NB =       640.5990  1-4 EEL =      5812.6276  VDWAALS    =     16616.0950
 EELEC  =   -164060.7199  EHBOND  =         0.0000  RESTRAINT  =         0.0000
 EKCMT  =         0.0000  VIRIAL  =         0.0000  VOLUME     =    333855.7884
                                                    Density    =         1.0310
 ------------------------------------------------------------------------------

wrapping first mol.:      -75.64317        0.00000        0.00000
wrapping first mol.:      -75.64317        0.00000        0.00000
wrapping first mol.:      -75.61665        0.00000        0.00000
wrapping first mol.:      -75.61665        0.00000        0.00000
wrapping first mol.:      -75.66073        0.00000        0.00000
wrapping first mol.:      -75.66073        0.00000        0.00000
wrapping first mol.:      -75.69965        0.00000        0.00000
wrapping first mol.:      -75.69965        0.00000        0.00000
wrapping first mol.:      -75.71122        0.00000        0.00000
wrapping first mol.:      -75.71122        0.00000        0.00000

 NSTEP =  1500000   TIME(PS) =    4700.000  TEMP(K) =   298.93  PRESS =     0.0
 Etot   =   -116727.7016  EKtot   =     20429.2285  EPtot      =   -137156.9302
 BOND   =       598.7037  ANGLE   =      1513.4495  DIHED      =      1023.0593
 UB     =         0.0000  IMP     =         0.0000  CMAP       =       154.3719
 1-4 NB =       625.8732  1-4 EEL =      5823.6291  VDWAALS    =     16213.8804
 EELEC  =   -163109.8973  EHBOND  =         0.0000  RESTRAINT  =         0.0000
 EKCMT  =         0.0000  VIRIAL  =         0.0000  VOLUME     =    334086.4711
                                                    Density    =         1.0303
 ------------------------------------------------------------------------------

wrapping first mol.:      -75.66618        0.00000        0.00000
wrapping first mol.:      -75.66618        0.00000        0.00000
wrapping first mol.:      -75.63295        0.00000        0.00000
wrapping first mol.:      -75.63295        0.00000        0.00000
wrapping first mol.:      -75.53387        0.00000        0.00000
wrapping first mol.:      -75.53387        0.00000        0.00000
wrapping first mol.:      -75.59053        0.00000        0.00000
wrapping first mol.:      -75.59053        0.00000        0.00000
wrapping first mol.:      -75.67743        0.00000        0.00000
wrapping first mol.:      -75.67743        0.00000        0.00000

 NSTEP =  1525000   TIME(PS) =    4750.000  TEMP(K) =   298.77  PRESS =     0.0
 Etot   =   -117229.6106  EKtot   =     20418.2676  EPtot      =   -137647.8782
 BOND   =       593.3396  ANGLE   =      1510.0445  DIHED      =       996.1539
 UB     =         0.0000  IMP     =         0.0000  CMAP       =       145.6421
 1-4 NB =       612.6091  1-4 EEL =      5838.1616  VDWAALS    =     16152.7631
 EELEC  =   -163496.5921  EHBOND  =         0.0000  RESTRAINT  =         0.0000
 EKCMT  =         0.0000  VIRIAL  =         0.0000  VOLUME     =    333639.3919
                                                    Density    =         1.0317
 ------------------------------------------------------------------------------

wrapping first mol.:      -75.66779        0.00000        0.00000
wrapping first mol.:      -75.66779        0.00000        0.00000
wrapping first mol.:      -75.66047        0.00000        0.00000
wrapping first mol.:      -75.66047        0.00000        0.00000
wrapping first mol.:      -75.57822        0.00000        0.00000
wrapping first mol.:      -75.57822        0.00000        0.00000
wrapping first mol.:      -75.69896        0.00000        0.00000
wrapping first mol.:      -75.69896        0.00000        0.00000
wrapping first mol.:      -75.75015        0.00000        0.00000
wrapping first mol.:      -75.75015        0.00000        0.00000

 NSTEP =  1550000   TIME(PS) =    4800.000  TEMP(K) =   301.69  PRESS =     0.0
 Etot   =   -117443.9951  EKtot   =     20617.8516  EPtot      =   -138061.8467
 BOND   =       588.4804  ANGLE   =      1513.7071  DIHED      =      1002.4692
 UB     =         0.0000  IMP     =         0.0000  CMAP       =       145.9890
 1-4 NB =       643.9587  1-4 EEL =      5822.1127  VDWAALS    =     16364.9630
 EELEC  =   -164143.5268  EHBOND  =         0.0000  RESTRAINT  =         0.0000
 EKCMT  =         0.0000  VIRIAL  =         0.0000  VOLUME     =    334602.0301
                                                    Density    =         1.0287
 ------------------------------------------------------------------------------

wrapping first mol.:      -75.59927        0.00000        0.00000
wrapping first mol.:      -75.59927        0.00000        0.00000
wrapping first mol.:      -75.63622        0.00000        0.00000
wrapping first mol.:      -75.63622        0.00000        0.00000
wrapping first mol.:      -75.62026        0.00000        0.00000
wrapping first mol.:      -75.62026        0.00000        0.00000
wrapping first mol.:      -75.70216        0.00000        0.00000
wrapping first mol.:      -75.70216        0.00000        0.00000
wrapping first mol.:      -75.73978        0.00000        0.00000
wrapping first mol.:      -75.73978        0.00000        0.00000

 NSTEP =  1575000   TIME(PS) =    4850.000  TEMP(K) =   300.10  PRESS =     0.0
 Etot   =   -117083.3490  EKtot   =     20509.2969  EPtot      =   -137592.6458
 BOND   =       559.0710  ANGLE   =      1500.9508  DIHED      =      1002.2476
 UB     =         0.0000  IMP     =         0.0000  CMAP       =       148.1454
 1-4 NB =       637.7281  1-4 EEL =      5843.6851  VDWAALS    =     16208.3059
 EELEC  =   -163492.7797  EHBOND  =         0.0000  RESTRAINT  =         0.0000
 EKCMT  =         0.0000  VIRIAL  =         0.0000  VOLUME     =    334464.7043
                                                    Density    =         1.0291
 ------------------------------------------------------------------------------

wrapping first mol.:      -75.67809        0.00000        0.00000
wrapping first mol.:      -75.67809        0.00000        0.00000
wrapping first mol.:      -75.64692        0.00000        0.00000
wrapping first mol.:      -75.64692        0.00000        0.00000
wrapping first mol.:      -75.70882        0.00000        0.00000
wrapping first mol.:      -75.70882        0.00000        0.00000
wrapping first mol.:      -75.68521        0.00000        0.00000
wrapping first mol.:      -75.68521        0.00000        0.00000
wrapping first mol.:      -75.71966        0.00000        0.00000
wrapping first mol.:      -75.71966        0.00000        0.00000

 NSTEP =  1600000   TIME(PS) =    4900.000  TEMP(K) =   300.91  PRESS =     0.0
 Etot   =   -117005.2222  EKtot   =     20564.1953  EPtot      =   -137569.4175
 BOND   =       594.8608  ANGLE   =      1498.5325  DIHED      =       982.0050
 UB     =         0.0000  IMP     =         0.0000  CMAP       =       150.3288
 1-4 NB =       637.3472  1-4 EEL =      5823.2495  VDWAALS    =     16538.0264
 EELEC  =   -163793.7677  EHBOND  =         0.0000  RESTRAINT  =         0.0000
 EKCMT  =         0.0000  VIRIAL  =         0.0000  VOLUME     =    334198.1309
                                                    Density    =         1.0299
 ------------------------------------------------------------------------------

wrapping first mol.:      -75.70958        0.00000        0.00000
wrapping first mol.:      -75.70958        0.00000        0.00000
wrapping first mol.:      -75.65246        0.00000        0.00000
wrapping first mol.:      -75.65246        0.00000        0.00000
wrapping first mol.:      -75.60805        0.00000        0.00000
wrapping first mol.:      -75.60805        0.00000        0.00000
wrapping first mol.:      -75.66395        0.00000        0.00000
wrapping first mol.:      -75.66395        0.00000        0.00000
wrapping first mol.:      -75.61705        0.00000        0.00000
wrapping first mol.:      -75.61705        0.00000        0.00000

 NSTEP =  1625000   TIME(PS) =    4950.000  TEMP(K) =   301.46  PRESS =     0.0
 Etot   =   -117331.4930  EKtot   =     20602.0996  EPtot      =   -137933.5926
 BOND   =       575.9144  ANGLE   =      1497.0236  DIHED      =      1023.4545
 UB     =         0.0000  IMP     =         0.0000  CMAP       =       148.5037
 1-4 NB =       651.4959  1-4 EEL =      5856.8743  VDWAALS    =     16573.4094
 EELEC  =   -164260.2683  EHBOND  =         0.0000  RESTRAINT  =         0.0000
 EKCMT  =         0.0000  VIRIAL  =         0.0000  VOLUME     =    332841.3373
                                                    Density    =         1.0341
 ------------------------------------------------------------------------------

wrapping first mol.:      -75.66827        0.00000        0.00000
wrapping first mol.:      -75.66827        0.00000        0.00000
wrapping first mol.:      -75.61187        0.00000        0.00000
wrapping first mol.:      -75.61187        0.00000        0.00000
wrapping first mol.:      -75.57550        0.00000        0.00000
wrapping first mol.:      -75.57550        0.00000        0.00000
wrapping first mol.:      -75.55380        0.00000        0.00000
wrapping first mol.:      -75.55380        0.00000        0.00000
wrapping first mol.:      -75.64619        0.00000        0.00000
wrapping first mol.:      -75.64619        0.00000        0.00000

 NSTEP =  1650000   TIME(PS) =    5000.000  TEMP(K) =   300.75  PRESS =     0.0
 Etot   =   -117233.6259  EKtot   =     20553.5957  EPtot      =   -137787.2216
 BOND   =       526.8664  ANGLE   =      1531.2783  DIHED      =      1019.5309
 UB     =         0.0000  IMP     =         0.0000  CMAP       =       137.9548
 1-4 NB =       644.8561  1-4 EEL =      5916.1462  VDWAALS    =     16511.8655
 EELEC  =   -164075.7199  EHBOND  =         0.0000  RESTRAINT  =         0.0000
 EKCMT  =         0.0000  VIRIAL  =         0.0000  VOLUME     =    333226.2795
                                                    Density    =         1.0329
 ------------------------------------------------------------------------------

wrapping first mol.:      -75.71809        0.00000        0.00000
wrapping first mol.:      -75.71809        0.00000        0.00000
wrapping first mol.:      -75.68516        0.00000        0.00000
wrapping first mol.:      -75.68516        0.00000        0.00000
wrapping first mol.:      -75.63628        0.00000        0.00000
wrapping first mol.:      -75.63628        0.00000        0.00000
wrapping first mol.:      -75.67451        0.00000        0.00000
wrapping first mol.:      -75.67451        0.00000        0.00000
wrapping first mol.:      -75.75506        0.00000        0.00000
wrapping first mol.:      -75.75506        0.00000        0.00000

 NSTEP =  1675000   TIME(PS) =    5050.000  TEMP(K) =   300.14  PRESS =     0.0
 Etot   =   -116964.7015  EKtot   =     20511.9141  EPtot      =   -137476.6156
 BOND   =       536.2578  ANGLE   =      1538.3515  DIHED      =      1018.0232
 UB     =         0.0000  IMP     =         0.0000  CMAP       =       142.9086
 1-4 NB =       646.7016  1-4 EEL =      5836.8698  VDWAALS    =     16435.8565
 EELEC  =   -163631.5844  EHBOND  =         0.0000  RESTRAINT  =         0.0000
 EKCMT  =         0.0000  VIRIAL  =         0.0000  VOLUME     =    334667.1323
                                                    Density    =         1.0285
 ------------------------------------------------------------------------------

wrapping first mol.:      -75.73395        0.00000        0.00000
wrapping first mol.:      -75.73395        0.00000        0.00000
wrapping first mol.:      -75.73680        0.00000        0.00000
wrapping first mol.:      -75.73680        0.00000        0.00000
wrapping first mol.:      -75.63193        0.00000        0.00000
wrapping first mol.:      -75.63193        0.00000        0.00000
wrapping first mol.:      -75.67824        0.00000        0.00000
wrapping first mol.:      -75.67824        0.00000        0.00000
wrapping first mol.:      -75.62598        0.00000        0.00000
wrapping first mol.:      -75.62598        0.00000        0.00000

 NSTEP =  1700000   TIME(PS) =    5100.000  TEMP(K) =   301.93  PRESS =     0.0
 Etot   =   -117008.7718  EKtot   =     20634.1270  EPtot      =   -137642.8987
 BOND   =       573.9429  ANGLE   =      1510.5715  DIHED      =      1010.5151
 UB     =         0.0000  IMP     =         0.0000  CMAP       =       144.2757
 1-4 NB =       652.0559  1-4 EEL =      5863.2937  VDWAALS    =     16657.3962
 EELEC  =   -164054.9497  EHBOND  =         0.0000  RESTRAINT  =         0.0000
 EKCMT  =         0.0000  VIRIAL  =         0.0000  VOLUME     =    332959.3582
                                                    Density    =         1.0338
 ------------------------------------------------------------------------------

wrapping first mol.:      -75.66268        0.00000        0.00000
wrapping first mol.:      -75.66268        0.00000        0.00000
wrapping first mol.:      -75.69599        0.00000        0.00000
wrapping first mol.:      -75.69599        0.00000        0.00000
wrapping first mol.:      -75.70313        0.00000        0.00000
wrapping first mol.:      -75.70313        0.00000        0.00000
wrapping first mol.:      -75.70365        0.00000        0.00000
wrapping first mol.:      -75.70365        0.00000        0.00000
wrapping first mol.:      -75.67368        0.00000        0.00000
wrapping first mol.:      -75.67368        0.00000        0.00000

 NSTEP =  1725000   TIME(PS) =    5150.000  TEMP(K) =   298.30  PRESS =     0.0
 Etot   =   -117511.8232  EKtot   =     20385.8262  EPtot      =   -137897.6494
 BOND   =       564.1838  ANGLE   =      1509.3935  DIHED      =      1038.7275
 UB     =         0.0000  IMP     =         0.0000  CMAP       =       144.6538
 1-4 NB =       642.7644  1-4 EEL =      5837.0714  VDWAALS    =     16411.8491
 EELEC  =   -164046.2929  EHBOND  =         0.0000  RESTRAINT  =         0.0000
 EKCMT  =         0.0000  VIRIAL  =         0.0000  VOLUME     =    333589.8006
                                                    Density    =         1.0318
 ------------------------------------------------------------------------------

wrapping first mol.:      -75.73003        0.00000        0.00000
wrapping first mol.:      -75.73003        0.00000        0.00000
wrapping first mol.:      -75.71356        0.00000        0.00000
wrapping first mol.:      -75.71356        0.00000        0.00000
wrapping first mol.:      -75.66710        0.00000        0.00000
wrapping first mol.:      -75.66710        0.00000        0.00000
wrapping first mol.:      -75.55967        0.00000        0.00000
wrapping first mol.:      -75.55967        0.00000        0.00000
wrapping first mol.:      -75.63625        0.00000        0.00000
wrapping first mol.:      -75.63625        0.00000        0.00000

 NSTEP =  1750000   TIME(PS) =    5200.000  TEMP(K) =   299.84  PRESS =     0.0
 Etot   =   -117028.8596  EKtot   =     20491.4121  EPtot      =   -137520.2717
 BOND   =       565.1429  ANGLE   =      1500.9249  DIHED      =       982.6864
 UB     =         0.0000  IMP     =         0.0000  CMAP       =       144.0934
 1-4 NB =       657.7499  1-4 EEL =      5893.8452  VDWAALS    =     16395.3937
 EELEC  =   -163660.1081  EHBOND  =         0.0000  RESTRAINT  =         0.0000
 EKCMT  =         0.0000  VIRIAL  =         0.0000  VOLUME     =    333094.9705
                                                    Density    =         1.0333
 ------------------------------------------------------------------------------

wrapping first mol.:      -75.75268        0.00000        0.00000
wrapping first mol.:      -75.75268        0.00000        0.00000
wrapping first mol.:      -75.76137        0.00000        0.00000
wrapping first mol.:      -75.76137        0.00000        0.00000
wrapping first mol.:      -75.56196        0.00000        0.00000
wrapping first mol.:      -75.56196        0.00000        0.00000
wrapping first mol.:      -75.68252        0.00000        0.00000
wrapping first mol.:      -75.68252        0.00000        0.00000
wrapping first mol.:      -75.66285        0.00000        0.00000
wrapping first mol.:      -75.66285        0.00000        0.00000

 NSTEP =  1775000   TIME(PS) =    5250.000  TEMP(K) =   297.86  PRESS =     0.0
 Etot   =   -117640.1807  EKtot   =     20356.1406  EPtot      =   -137996.3213
 BOND   =       553.6478  ANGLE   =      1536.2989  DIHED      =      1004.3048
 UB     =         0.0000  IMP     =         0.0000  CMAP       =       153.5782
 1-4 NB =       630.5743  1-4 EEL =      5857.6434  VDWAALS    =     16774.5777
 EELEC  =   -164506.9464  EHBOND  =         0.0000  RESTRAINT  =         0.0000
 EKCMT  =         0.0000  VIRIAL  =         0.0000  VOLUME     =    333446.5368
                                                    Density    =         1.0323
 ------------------------------------------------------------------------------

wrapping first mol.:      -75.61472        0.00000        0.00000
wrapping first mol.:      -75.61472        0.00000        0.00000
wrapping first mol.:      -75.64491        0.00000        0.00000
wrapping first mol.:      -75.64491        0.00000        0.00000
wrapping first mol.:      -75.59150        0.00000        0.00000
wrapping first mol.:      -75.59150        0.00000        0.00000
wrapping first mol.:      -75.68439        0.00000        0.00000
wrapping first mol.:      -75.68439        0.00000        0.00000
wrapping first mol.:      -75.70828        0.00000        0.00000
wrapping first mol.:      -75.70828        0.00000        0.00000

 NSTEP =  1800000   TIME(PS) =    5300.000  TEMP(K) =   299.74  PRESS =     0.0
 Etot   =   -117099.1508  EKtot   =     20484.2812  EPtot      =   -137583.4320
 BOND   =       561.4086  ANGLE   =      1587.0079  DIHED      =       994.1848
 UB     =         0.0000  IMP     =         0.0000  CMAP       =       133.7773
 1-4 NB =       646.6511  1-4 EEL =      5851.3102  VDWAALS    =     16447.1169
 EELEC  =   -163804.8888  EHBOND  =         0.0000  RESTRAINT  =         0.0000
 EKCMT  =         0.0000  VIRIAL  =         0.0000  VOLUME     =    334047.5699
                                                    Density    =         1.0304
 ------------------------------------------------------------------------------

wrapping first mol.:      -75.61327        0.00000        0.00000
wrapping first mol.:      -75.61327        0.00000        0.00000
wrapping first mol.:      -75.64963        0.00000        0.00000
wrapping first mol.:      -75.64963        0.00000        0.00000
wrapping first mol.:      -75.62473        0.00000        0.00000
wrapping first mol.:      -75.62473        0.00000        0.00000
wrapping first mol.:      -75.58023        0.00000        0.00000
wrapping first mol.:      -75.58023        0.00000        0.00000
wrapping first mol.:      -75.65607        0.00000        0.00000
wrapping first mol.:      -75.65607        0.00000        0.00000

 NSTEP =  1825000   TIME(PS) =    5350.000  TEMP(K) =   298.54  PRESS =     0.0
 Etot   =   -117446.9083  EKtot   =     20402.5059  EPtot      =   -137849.4141
 BOND   =       555.0447  ANGLE   =      1488.8541  DIHED      =      1014.9139
 UB     =         0.0000  IMP     =         0.0000  CMAP       =       151.6357
 1-4 NB =       646.5817  1-4 EEL =      5904.4471  VDWAALS    =     16283.7947
 EELEC  =   -163894.6860  EHBOND  =         0.0000  RESTRAINT  =         0.0000
 EKCMT  =         0.0000  VIRIAL  =         0.0000  VOLUME     =    333356.9688
                                                    Density    =         1.0325
 ------------------------------------------------------------------------------

wrapping first mol.:      -75.66884        0.00000        0.00000
wrapping first mol.:      -75.66884        0.00000        0.00000
wrapping first mol.:      -75.72527        0.00000        0.00000
wrapping first mol.:      -75.72527        0.00000        0.00000
wrapping first mol.:      -75.63145        0.00000        0.00000
wrapping first mol.:      -75.63145        0.00000        0.00000
wrapping first mol.:      -75.65126        0.00000        0.00000
wrapping first mol.:      -75.65126        0.00000        0.00000
wrapping first mol.:      -75.63737        0.00000        0.00000
wrapping first mol.:      -75.63737        0.00000        0.00000

 NSTEP =  1850000   TIME(PS) =    5400.000  TEMP(K) =   300.12  PRESS =     0.0
 Etot   =   -117320.1667  EKtot   =     20510.4395  EPtot      =   -137830.6062
 BOND   =       572.0387  ANGLE   =      1505.6694  DIHED      =       987.3213
 UB     =         0.0000  IMP     =         0.0000  CMAP       =       143.4705
 1-4 NB =       660.0376  1-4 EEL =      5829.9671  VDWAALS    =     16384.7000
 EELEC  =   -163913.8108  EHBOND  =         0.0000  RESTRAINT  =         0.0000
 EKCMT  =         0.0000  VIRIAL  =         0.0000  VOLUME     =    333109.7227
                                                    Density    =         1.0333
 ------------------------------------------------------------------------------

wrapping first mol.:      -75.65934        0.00000        0.00000
wrapping first mol.:      -75.65934        0.00000        0.00000
wrapping first mol.:      -75.73355        0.00000        0.00000
wrapping first mol.:      -75.73355        0.00000        0.00000
wrapping first mol.:      -75.72348        0.00000        0.00000
wrapping first mol.:      -75.72348        0.00000        0.00000
wrapping first mol.:      -75.77114        0.00000        0.00000
wrapping first mol.:      -75.77114        0.00000        0.00000
wrapping first mol.:      -75.73065        0.00000        0.00000
wrapping first mol.:      -75.73065        0.00000        0.00000

 NSTEP =  1875000   TIME(PS) =    5450.000  TEMP(K) =   302.80  PRESS =     0.0
 Etot   =   -116901.7403  EKtot   =     20693.3711  EPtot      =   -137595.1114
 BOND   =       600.7444  ANGLE   =      1507.3138  DIHED      =      1008.7571
 UB     =         0.0000  IMP     =         0.0000  CMAP       =       155.7886
 1-4 NB =       634.5062  1-4 EEL =      5810.4571  VDWAALS    =     16212.7100
 EELEC  =   -163525.3885  EHBOND  =         0.0000  RESTRAINT  =         0.0000
 EKCMT  =         0.0000  VIRIAL  =         0.0000  VOLUME     =    334343.7218
                                                    Density    =         1.0295
 ------------------------------------------------------------------------------

wrapping first mol.:      -75.58221        0.00000        0.00000
wrapping first mol.:      -75.58221        0.00000        0.00000
wrapping first mol.:      -75.67973        0.00000        0.00000
wrapping first mol.:      -75.67973        0.00000        0.00000
wrapping first mol.:      -75.62335        0.00000        0.00000
wrapping first mol.:      -75.62335        0.00000        0.00000
wrapping first mol.:      -75.76818        0.00000        0.00000
wrapping first mol.:      -75.76818        0.00000        0.00000
wrapping first mol.:      -75.65462        0.00000        0.00000
wrapping first mol.:      -75.65462        0.00000        0.00000

 NSTEP =  1900000   TIME(PS) =    5500.000  TEMP(K) =   297.95  PRESS =     0.0
 Etot   =   -117591.4670  EKtot   =     20362.3965  EPtot      =   -137953.8635
 BOND   =       546.9954  ANGLE   =      1474.5978  DIHED      =      1024.1796
 UB     =         0.0000  IMP     =         0.0000  CMAP       =       149.3272
 1-4 NB =       653.5548  1-4 EEL =      5886.4408  VDWAALS    =     16334.7850
 EELEC  =   -164023.7441  EHBOND  =         0.0000  RESTRAINT  =         0.0000
 EKCMT  =         0.0000  VIRIAL  =         0.0000  VOLUME     =    333337.7032
                                                    Density    =         1.0326
 ------------------------------------------------------------------------------

wrapping first mol.:      -75.66577        0.00000        0.00000
wrapping first mol.:      -75.66577        0.00000        0.00000
wrapping first mol.:      -75.72780        0.00000        0.00000
wrapping first mol.:      -75.72780        0.00000        0.00000
wrapping first mol.:      -75.74650        0.00000        0.00000
wrapping first mol.:      -75.74650        0.00000        0.00000
wrapping first mol.:      -75.65724        0.00000        0.00000
wrapping first mol.:      -75.65724        0.00000        0.00000
wrapping first mol.:      -75.71443        0.00000        0.00000
wrapping first mol.:      -75.71443        0.00000        0.00000

 NSTEP =  1925000   TIME(PS) =    5550.000  TEMP(K) =   300.67  PRESS =     0.0
 Etot   =   -117102.4261  EKtot   =     20547.7402  EPtot      =   -137650.1664
 BOND   =       571.6444  ANGLE   =      1520.1260  DIHED      =      1026.5404
 UB     =         0.0000  IMP     =         0.0000  CMAP       =       157.5956
 1-4 NB =       640.2933  1-4 EEL =      5912.5336  VDWAALS    =     16054.5713
 EELEC  =   -163533.4710  EHBOND  =         0.0000  RESTRAINT  =         0.0000
 EKCMT  =         0.0000  VIRIAL  =         0.0000  VOLUME     =    334128.9594
                                                    Density    =         1.0301
 ------------------------------------------------------------------------------

wrapping first mol.:      -75.73477        0.00000        0.00000
wrapping first mol.:      -75.73477        0.00000        0.00000
wrapping first mol.:      -75.74759        0.00000        0.00000
wrapping first mol.:      -75.74759        0.00000        0.00000
wrapping first mol.:      -75.75233        0.00000        0.00000
wrapping first mol.:      -75.75233        0.00000        0.00000
wrapping first mol.:      -75.67788        0.00000        0.00000
wrapping first mol.:      -75.67788        0.00000        0.00000
wrapping first mol.:      -75.65635        0.00000        0.00000
wrapping first mol.:      -75.65635        0.00000        0.00000

 NSTEP =  1950000   TIME(PS) =    5600.000  TEMP(K) =   298.24  PRESS =     0.0
 Etot   =   -117440.0356  EKtot   =     20381.7188  EPtot      =   -137821.7544
 BOND   =       562.9798  ANGLE   =      1526.4935  DIHED      =       982.2535
 UB     =         0.0000  IMP     =         0.0000  CMAP       =       146.6642
 1-4 NB =       647.9705  1-4 EEL =      5917.2976  VDWAALS    =     16559.0690
 EELEC  =   -164164.4824  EHBOND  =         0.0000  RESTRAINT  =         0.0000
 EKCMT  =         0.0000  VIRIAL  =         0.0000  VOLUME     =    333360.6211
                                                    Density    =         1.0325
 ------------------------------------------------------------------------------

wrapping first mol.:      -75.60449        0.00000        0.00000
wrapping first mol.:      -75.60449        0.00000        0.00000
wrapping first mol.:      -75.78220        0.00000        0.00000
wrapping first mol.:      -75.78220        0.00000        0.00000
wrapping first mol.:      -75.72946        0.00000        0.00000
wrapping first mol.:      -75.72946        0.00000        0.00000
wrapping first mol.:      -75.59997        0.00000        0.00000
wrapping first mol.:      -75.59997        0.00000        0.00000
wrapping first mol.:      -75.65909        0.00000        0.00000
wrapping first mol.:      -75.65909        0.00000        0.00000

 NSTEP =  1975000   TIME(PS) =    5650.000  TEMP(K) =   300.23  PRESS =     0.0
 Etot   =   -117393.0956  EKtot   =     20518.0078  EPtot      =   -137911.1034
 BOND   =       529.5841  ANGLE   =      1580.1919  DIHED      =       999.7373
 UB     =         0.0000  IMP     =         0.0000  CMAP       =       151.1706
 1-4 NB =       636.5799  1-4 EEL =      5872.8053  VDWAALS    =     16558.3262
 EELEC  =   -164239.4987  EHBOND  =         0.0000  RESTRAINT  =         0.0000
 EKCMT  =         0.0000  VIRIAL  =         0.0000  VOLUME     =    333396.8370
                                                    Density    =         1.0324
 ------------------------------------------------------------------------------

wrapping first mol.:      -75.71444        0.00000        0.00000
wrapping first mol.:      -75.71444        0.00000        0.00000
wrapping first mol.:      -75.63616        0.00000        0.00000
wrapping first mol.:      -75.63616        0.00000        0.00000
wrapping first mol.:      -75.55626        0.00000        0.00000
wrapping first mol.:      -75.55626        0.00000        0.00000
wrapping first mol.:      -75.62426        0.00000        0.00000
wrapping first mol.:      -75.62426        0.00000        0.00000
wrapping first mol.:      -75.65778        0.00000        0.00000
wrapping first mol.:      -75.65778        0.00000        0.00000

 NSTEP =  2000000   TIME(PS) =    5700.000  TEMP(K) =   301.46  PRESS =     0.0
 Etot   =   -117121.6031  EKtot   =     20601.9180  EPtot      =   -137723.5211
 BOND   =       579.7359  ANGLE   =      1503.7089  DIHED      =       999.1828
 UB     =         0.0000  IMP     =         0.0000  CMAP       =       146.1246
 1-4 NB =       643.1766  1-4 EEL =      5838.0806  VDWAALS    =     16498.0677
 EELEC  =   -163931.5982  EHBOND  =         0.0000  RESTRAINT  =         0.0000
 EKCMT  =         0.0000  VIRIAL  =         0.0000  VOLUME     =    333379.5394
                                                    Density    =         1.0325
 ------------------------------------------------------------------------------

wrapping first mol.:      -75.67880        0.00000        0.00000
wrapping first mol.:      -75.67880        0.00000        0.00000
wrapping first mol.:      -75.70187        0.00000        0.00000
wrapping first mol.:      -75.70187        0.00000        0.00000
wrapping first mol.:      -75.68503        0.00000        0.00000
wrapping first mol.:      -75.68503        0.00000        0.00000
wrapping first mol.:      -75.61774        0.00000        0.00000
wrapping first mol.:      -75.61774        0.00000        0.00000
wrapping first mol.:      -75.68325        0.00000        0.00000
wrapping first mol.:      -75.68325        0.00000        0.00000

 NSTEP =  2025000   TIME(PS) =    5750.000  TEMP(K) =   301.80  PRESS =     0.0
 Etot   =   -117013.2545  EKtot   =     20624.8477  EPtot      =   -137638.1021
 BOND   =       579.0423  ANGLE   =      1523.1110  DIHED      =      1025.0145
 UB     =         0.0000  IMP     =         0.0000  CMAP       =       145.3584
 1-4 NB =       660.5260  1-4 EEL =      5921.0476  VDWAALS    =     16148.5087
 EELEC  =   -163640.7106  EHBOND  =         0.0000  RESTRAINT  =         0.0000
 EKCMT  =         0.0000  VIRIAL  =         0.0000  VOLUME     =    333716.3924
                                                    Density    =         1.0314
 ------------------------------------------------------------------------------

wrapping first mol.:      -75.67677        0.00000        0.00000
wrapping first mol.:      -75.67677        0.00000        0.00000
wrapping first mol.:      -75.77396        0.00000        0.00000
wrapping first mol.:      -75.77396        0.00000        0.00000
wrapping first mol.:      -75.73653        0.00000        0.00000
wrapping first mol.:      -75.73653        0.00000        0.00000
wrapping first mol.:      -75.72761        0.00000        0.00000
wrapping first mol.:      -75.72761        0.00000        0.00000
wrapping first mol.:      -75.63176        0.00000        0.00000
wrapping first mol.:      -75.63176        0.00000        0.00000

 NSTEP =  2050000   TIME(PS) =    5800.000  TEMP(K) =   299.09  PRESS =     0.0
 Etot   =   -117561.2613  EKtot   =     20439.8711  EPtot      =   -138001.1324
 BOND   =       568.7226  ANGLE   =      1471.8024  DIHED      =       995.9424
 UB     =         0.0000  IMP     =         0.0000  CMAP       =       130.3150
 1-4 NB =       644.3004  1-4 EEL =      5836.2222  VDWAALS    =     16433.9644
 EELEC  =   -164082.4018  EHBOND  =         0.0000  RESTRAINT  =         0.0000
 EKCMT  =         0.0000  VIRIAL  =         0.0000  VOLUME     =    333035.6856
                                                    Density    =         1.0335
 ------------------------------------------------------------------------------

wrapping first mol.:      -75.71502        0.00000        0.00000
wrapping first mol.:      -75.71502        0.00000        0.00000
wrapping first mol.:      -75.69897        0.00000        0.00000
wrapping first mol.:      -75.69897        0.00000        0.00000
wrapping first mol.:      -75.75975        0.00000        0.00000
wrapping first mol.:      -75.75975        0.00000        0.00000
wrapping first mol.:      -75.70915        0.00000        0.00000
wrapping first mol.:      -75.70915        0.00000        0.00000
wrapping first mol.:      -75.70393        0.00000        0.00000
wrapping first mol.:      -75.70393        0.00000        0.00000

 NSTEP =  2075000   TIME(PS) =    5850.000  TEMP(K) =   300.89  PRESS =     0.0
 Etot   =   -116986.4146  EKtot   =     20563.1152  EPtot      =   -137549.5298
 BOND   =       569.8926  ANGLE   =      1491.6870  DIHED      =      1019.7680
 UB     =         0.0000  IMP     =         0.0000  CMAP       =       137.8047
 1-4 NB =       655.6112  1-4 EEL =      5853.5196  VDWAALS    =     16515.9233
 EELEC  =   -163793.7363  EHBOND  =         0.0000  RESTRAINT  =         0.0000
 EKCMT  =         0.0000  VIRIAL  =         0.0000  VOLUME     =    333989.9036
                                                    Density    =         1.0306
 ------------------------------------------------------------------------------

wrapping first mol.:      -75.68381        0.00000        0.00000
wrapping first mol.:      -75.68381        0.00000        0.00000
wrapping first mol.:      -75.61833        0.00000        0.00000
wrapping first mol.:      -75.61833        0.00000        0.00000
wrapping first mol.:      -75.65409        0.00000        0.00000
wrapping first mol.:      -75.65409        0.00000        0.00000
wrapping first mol.:      -75.64338        0.00000        0.00000
wrapping first mol.:      -75.64338        0.00000        0.00000
wrapping first mol.:      -75.67004        0.00000        0.00000
wrapping first mol.:      -75.67004        0.00000        0.00000

 NSTEP =  2100000   TIME(PS) =    5900.000  TEMP(K) =   300.79  PRESS =     0.0
 Etot   =   -117015.8767  EKtot   =     20556.0898  EPtot      =   -137571.9666
 BOND   =       510.4996  ANGLE   =      1566.1535  DIHED      =      1018.1013
 UB     =         0.0000  IMP     =         0.0000  CMAP       =       146.5454
 1-4 NB =       631.5102  1-4 EEL =      5893.6961  VDWAALS    =     16485.7246
 EELEC  =   -163824.1972  EHBOND  =         0.0000  RESTRAINT  =         0.0000
 EKCMT  =         0.0000  VIRIAL  =         0.0000  VOLUME     =    333541.6681
                                                    Density    =         1.0320
 ------------------------------------------------------------------------------

wrapping first mol.:      -75.69627        0.00000        0.00000
wrapping first mol.:      -75.69627        0.00000        0.00000
wrapping first mol.:      -75.74099        0.00000        0.00000
wrapping first mol.:      -75.74099        0.00000        0.00000
wrapping first mol.:      -75.77641        0.00000        0.00000
wrapping first mol.:      -75.77641        0.00000        0.00000
wrapping first mol.:      -75.71725        0.00000        0.00000
wrapping first mol.:      -75.71725        0.00000        0.00000
wrapping first mol.:      -75.60341        0.00000        0.00000
wrapping first mol.:      -75.60341        0.00000        0.00000

 NSTEP =  2125000   TIME(PS) =    5950.000  TEMP(K) =   299.83  PRESS =     0.0
 Etot   =   -117117.2111  EKtot   =     20490.7852  EPtot      =   -137607.9962
 BOND   =       572.1227  ANGLE   =      1541.1028  DIHED      =       980.6703
 UB     =         0.0000  IMP     =         0.0000  CMAP       =       141.7757
 1-4 NB =       647.6688  1-4 EEL =      5848.8064  VDWAALS    =     16137.6059
 EELEC  =   -163477.7487  EHBOND  =         0.0000  RESTRAINT  =         0.0000
 EKCMT  =         0.0000  VIRIAL  =         0.0000  VOLUME     =    332661.2763
                                                    Density    =         1.0347
 ------------------------------------------------------------------------------

wrapping first mol.:      -75.55010        0.00000        0.00000
wrapping first mol.:      -75.55010        0.00000        0.00000
wrapping first mol.:      -75.72653        0.00000        0.00000
wrapping first mol.:      -75.72653        0.00000        0.00000
wrapping first mol.:      -75.63053        0.00000        0.00000
wrapping first mol.:      -75.63053        0.00000        0.00000
wrapping first mol.:      -75.64550        0.00000        0.00000
wrapping first mol.:      -75.64550        0.00000        0.00000
wrapping first mol.:      -75.74203        0.00000        0.00000
wrapping first mol.:      -75.74203        0.00000        0.00000

 NSTEP =  2150000   TIME(PS) =    6000.000  TEMP(K) =   299.28  PRESS =     0.0
 Etot   =   -117308.3954  EKtot   =     20453.0234  EPtot      =   -137761.4188
 BOND   =       536.0949  ANGLE   =      1521.9954  DIHED      =      1010.2665
 UB     =         0.0000  IMP     =         0.0000  CMAP       =       155.4585
 1-4 NB =       647.5926  1-4 EEL =      5814.0319  VDWAALS    =     16250.5389
 EELEC  =   -163697.3974  EHBOND  =         0.0000  RESTRAINT  =         0.0000
 EKCMT  =         0.0000  VIRIAL  =         0.0000  VOLUME     =    334494.4401
                                                    Density    =         1.0290
 ------------------------------------------------------------------------------

wrapping first mol.:      -75.68692        0.00000        0.00000
wrapping first mol.:      -75.68692        0.00000        0.00000
wrapping first mol.:      -75.71566        0.00000        0.00000
wrapping first mol.:      -75.71566        0.00000        0.00000
wrapping first mol.:      -75.64298        0.00000        0.00000
wrapping first mol.:      -75.64298        0.00000        0.00000
wrapping first mol.:      -75.71927        0.00000        0.00000
wrapping first mol.:      -75.71927        0.00000        0.00000
wrapping first mol.:      -75.70856        0.00000        0.00000
wrapping first mol.:      -75.70856        0.00000        0.00000

 NSTEP =  2175000   TIME(PS) =    6050.000  TEMP(K) =   301.69  PRESS =     0.0
 Etot   =   -117140.9038  EKtot   =     20617.3262  EPtot      =   -137758.2299
 BOND   =       580.9561  ANGLE   =      1507.8671  DIHED      =      1015.0180
 UB     =         0.0000  IMP     =         0.0000  CMAP       =       147.0017
 1-4 NB =       646.1560  1-4 EEL =      5818.7408  VDWAALS    =     16499.3894
 EELEC  =   -163973.3590  EHBOND  =         0.0000  RESTRAINT  =         0.0000
 EKCMT  =         0.0000  VIRIAL  =         0.0000  VOLUME     =    334051.2227
                                                    Density    =         1.0304
 ------------------------------------------------------------------------------

wrapping first mol.:      -75.71942        0.00000        0.00000
wrapping first mol.:      -75.71942        0.00000        0.00000
wrapping first mol.:      -75.61611        0.00000        0.00000
wrapping first mol.:      -75.61611        0.00000        0.00000
wrapping first mol.:      -75.61526        0.00000        0.00000
wrapping first mol.:      -75.61526        0.00000        0.00000
wrapping first mol.:      -75.71391        0.00000        0.00000
wrapping first mol.:      -75.71391        0.00000        0.00000
wrapping first mol.:      -75.72920        0.00000        0.00000
wrapping first mol.:      -75.72920        0.00000        0.00000

 NSTEP =  2200000   TIME(PS) =    6100.000  TEMP(K) =   301.05  PRESS =     0.0
 Etot   =   -117237.2998  EKtot   =     20573.7812  EPtot      =   -137811.0811
 BOND   =       567.3271  ANGLE   =      1525.0313  DIHED      =       995.5359
 UB     =         0.0000  IMP     =         0.0000  CMAP       =       140.1982
 1-4 NB =       635.9617  1-4 EEL =      5846.3710  VDWAALS    =     16749.4728
 EELEC  =   -164270.9792  EHBOND  =         0.0000  RESTRAINT  =         0.0000
 EKCMT  =         0.0000  VIRIAL  =         0.0000  VOLUME     =    334324.5262
                                                    Density    =         1.0295
 ------------------------------------------------------------------------------

wrapping first mol.:      -75.65800        0.00000        0.00000
wrapping first mol.:      -75.65800        0.00000        0.00000
wrapping first mol.:      -75.66021        0.00000        0.00000
wrapping first mol.:      -75.66021        0.00000        0.00000
wrapping first mol.:      -75.63563        0.00000        0.00000
wrapping first mol.:      -75.63563        0.00000        0.00000
wrapping first mol.:      -75.63820        0.00000        0.00000
wrapping first mol.:      -75.63820        0.00000        0.00000
wrapping first mol.:      -75.60203        0.00000        0.00000
wrapping first mol.:      -75.60203        0.00000        0.00000

 NSTEP =  2225000   TIME(PS) =    6150.000  TEMP(K) =   298.94  PRESS =     0.0
 Etot   =   -117275.1345  EKtot   =     20429.6094  EPtot      =   -137704.7439
 BOND   =       580.1179  ANGLE   =      1550.4926  DIHED      =       994.3062
 UB     =         0.0000  IMP     =         0.0000  CMAP       =       156.4594
 1-4 NB =       645.4548  1-4 EEL =      5886.6335  VDWAALS    =     16271.5199
 EELEC  =   -163789.7282  EHBOND  =         0.0000  RESTRAINT  =         0.0000
 EKCMT  =         0.0000  VIRIAL  =         0.0000  VOLUME     =    332643.0686
                                                    Density    =         1.0347
 ------------------------------------------------------------------------------

wrapping first mol.:      -75.72818        0.00000        0.00000
wrapping first mol.:      -75.72818        0.00000        0.00000
wrapping first mol.:      -75.68041        0.00000        0.00000
wrapping first mol.:      -75.68041        0.00000        0.00000
wrapping first mol.:      -75.67900        0.00000        0.00000
wrapping first mol.:      -75.67900        0.00000        0.00000
wrapping first mol.:      -75.80477        0.00000        0.00000
wrapping first mol.:      -75.80477        0.00000        0.00000
wrapping first mol.:      -75.65850        0.00000        0.00000
wrapping first mol.:      -75.65850        0.00000        0.00000

 NSTEP =  2250000   TIME(PS) =    6200.000  TEMP(K) =   300.00  PRESS =     0.0
 Etot   =   -117322.9654  EKtot   =     20502.1895  EPtot      =   -137825.1548
 BOND   =       567.4624  ANGLE   =      1481.1776  DIHED      =      1043.5754
 UB     =         0.0000  IMP     =         0.0000  CMAP       =       137.9635
 1-4 NB =       643.7838  1-4 EEL =      5930.3033  VDWAALS    =     16505.6335
 EELEC  =   -164135.0544  EHBOND  =         0.0000  RESTRAINT  =         0.0000
 EKCMT  =         0.0000  VIRIAL  =         0.0000  VOLUME     =    333388.9995
                                                    Density    =         1.0324
 ------------------------------------------------------------------------------

wrapping first mol.:      -75.62783        0.00000        0.00000
wrapping first mol.:      -75.62783        0.00000        0.00000
wrapping first mol.:      -75.68144        0.00000        0.00000
wrapping first mol.:      -75.68144        0.00000        0.00000
wrapping first mol.:      -75.69672        0.00000        0.00000
wrapping first mol.:      -75.69672        0.00000        0.00000
wrapping first mol.:      -75.68389        0.00000        0.00000
wrapping first mol.:      -75.68389        0.00000        0.00000
wrapping first mol.:      -75.65654        0.00000        0.00000
wrapping first mol.:      -75.65654        0.00000        0.00000

 NSTEP =  2275000   TIME(PS) =    6250.000  TEMP(K) =   296.76  PRESS =     0.0
 Etot   =   -117425.0678  EKtot   =     20280.4688  EPtot      =   -137705.5366
 BOND   =       557.7027  ANGLE   =      1507.6646  DIHED      =      1024.1090
 UB     =         0.0000  IMP     =         0.0000  CMAP       =       158.6079
 1-4 NB =       651.4392  1-4 EEL =      5878.2697  VDWAALS    =     16362.5445
 EELEC  =   -163845.8742  EHBOND  =         0.0000  RESTRAINT  =         0.0000
 EKCMT  =         0.0000  VIRIAL  =         0.0000  VOLUME     =    333363.1449
                                                    Density    =         1.0325
 ------------------------------------------------------------------------------

wrapping first mol.:      -75.71127        0.00000        0.00000
wrapping first mol.:      -75.71127        0.00000        0.00000
wrapping first mol.:      -75.64180        0.00000        0.00000
wrapping first mol.:      -75.64180        0.00000        0.00000
wrapping first mol.:      -75.65819        0.00000        0.00000
wrapping first mol.:      -75.65819        0.00000        0.00000
wrapping first mol.:      -75.70866        0.00000        0.00000
wrapping first mol.:      -75.70866        0.00000        0.00000
wrapping first mol.:      -75.75999        0.00000        0.00000
wrapping first mol.:      -75.75999        0.00000        0.00000

 NSTEP =  2300000   TIME(PS) =    6300.000  TEMP(K) =   300.68  PRESS =     0.0
 Etot   =   -117407.4526  EKtot   =     20548.6836  EPtot      =   -137956.1362
 BOND   =       534.0435  ANGLE   =      1519.1582  DIHED      =      1013.7518
 UB     =         0.0000  IMP     =         0.0000  CMAP       =       151.7468
 1-4 NB =       656.4352  1-4 EEL =      5892.5753  VDWAALS    =     16371.7305
 EELEC  =   -164095.5776  EHBOND  =         0.0000  RESTRAINT  =         0.0000
 EKCMT  =         0.0000  VIRIAL  =         0.0000  VOLUME     =    334732.5410
                                                    Density    =         1.0283
 ------------------------------------------------------------------------------

wrapping first mol.:      -75.76241        0.00000        0.00000
wrapping first mol.:      -75.76241        0.00000        0.00000
wrapping first mol.:      -75.66430        0.00000        0.00000
wrapping first mol.:      -75.66430        0.00000        0.00000
wrapping first mol.:      -75.70828        0.00000        0.00000
wrapping first mol.:      -75.70828        0.00000        0.00000
wrapping first mol.:      -75.67441        0.00000        0.00000
wrapping first mol.:      -75.67441        0.00000        0.00000
wrapping first mol.:      -75.71503        0.00000        0.00000
wrapping first mol.:      -75.71503        0.00000        0.00000

 NSTEP =  2325000   TIME(PS) =    6350.000  TEMP(K) =   300.59  PRESS =     0.0
 Etot   =   -117117.4077  EKtot   =     20542.6133  EPtot      =   -137660.0210
 BOND   =       560.3496  ANGLE   =      1541.6836  DIHED      =       989.2743
 UB     =         0.0000  IMP     =         0.0000  CMAP       =       142.0057
 1-4 NB =       645.1552  1-4 EEL =      5819.5960  VDWAALS    =     16870.1297
 EELEC  =   -164228.2150  EHBOND  =         0.0000  RESTRAINT  =         0.0000
 EKCMT  =         0.0000  VIRIAL  =         0.0000  VOLUME     =    334136.8640
                                                    Density    =         1.0301
 ------------------------------------------------------------------------------

wrapping first mol.:      -75.71286        0.00000        0.00000
wrapping first mol.:      -75.71286        0.00000        0.00000
wrapping first mol.:      -75.65106        0.00000        0.00000
wrapping first mol.:      -75.65106        0.00000        0.00000
wrapping first mol.:      -75.68010        0.00000        0.00000
wrapping first mol.:      -75.68010        0.00000        0.00000
wrapping first mol.:      -75.65397        0.00000        0.00000
wrapping first mol.:      -75.65397        0.00000        0.00000
wrapping first mol.:      -75.61107        0.00000        0.00000
wrapping first mol.:      -75.61107        0.00000        0.00000

 NSTEP =  2350000   TIME(PS) =    6400.000  TEMP(K) =   298.47  PRESS =     0.0
 Etot   =   -117408.0530  EKtot   =     20397.9160  EPtot      =   -137805.9690
 BOND   =       581.3854  ANGLE   =      1476.6340  DIHED      =      1000.2663
 UB     =         0.0000  IMP     =         0.0000  CMAP       =       149.8519
 1-4 NB =       650.7382  1-4 EEL =      5865.1537  VDWAALS    =     16543.8195
 EELEC  =   -164073.8180  EHBOND  =         0.0000  RESTRAINT  =         0.0000
 EKCMT  =         0.0000  VIRIAL  =         0.0000  VOLUME     =    332762.4954
                                                    Density    =         1.0344
 ------------------------------------------------------------------------------

wrapping first mol.:      -75.68169        0.00000        0.00000
wrapping first mol.:      -75.68169        0.00000        0.00000
wrapping first mol.:      -75.65785        0.00000        0.00000
wrapping first mol.:      -75.65785        0.00000        0.00000
wrapping first mol.:      -75.67123        0.00000        0.00000
wrapping first mol.:      -75.67123        0.00000        0.00000
wrapping first mol.:      -75.63055        0.00000        0.00000
wrapping first mol.:      -75.63055        0.00000        0.00000
wrapping first mol.:      -75.64361        0.00000        0.00000
wrapping first mol.:      -75.64361        0.00000        0.00000

 NSTEP =  2375000   TIME(PS) =    6450.000  TEMP(K) =   301.17  PRESS =     0.0
 Etot   =   -117360.5683  EKtot   =     20582.0918  EPtot      =   -137942.6600
 BOND   =       535.9293  ANGLE   =      1514.3181  DIHED      =       971.8048
 UB     =         0.0000  IMP     =         0.0000  CMAP       =       146.6774
 1-4 NB =       652.3593  1-4 EEL =      5841.1497  VDWAALS    =     16391.0243
 EELEC  =   -163995.9229  EHBOND  =         0.0000  RESTRAINT  =         0.0000
 EKCMT  =         0.0000  VIRIAL  =         0.0000  VOLUME     =    333192.1784
                                                    Density    =         1.0330
 ------------------------------------------------------------------------------

wrapping first mol.:      -75.60163        0.00000        0.00000
wrapping first mol.:      -75.60163        0.00000        0.00000
wrapping first mol.:      -75.65927        0.00000        0.00000
wrapping first mol.:      -75.65927        0.00000        0.00000
wrapping first mol.:      -75.73715        0.00000        0.00000
wrapping first mol.:      -75.73715        0.00000        0.00000
wrapping first mol.:      -75.72977        0.00000        0.00000
wrapping first mol.:      -75.72977        0.00000        0.00000
wrapping first mol.:      -75.81434        0.00000        0.00000
wrapping first mol.:      -75.81434        0.00000        0.00000

 NSTEP =  2400000   TIME(PS) =    6500.000  TEMP(K) =   299.56  PRESS =     0.0
 Etot   =   -117371.0153  EKtot   =     20471.7461  EPtot      =   -137842.7614
 BOND   =       534.2890  ANGLE   =      1545.2264  DIHED      =       973.1837
 UB     =         0.0000  IMP     =         0.0000  CMAP       =       143.9076
 1-4 NB =       631.2112  1-4 EEL =      5857.3673  VDWAALS    =     16539.4682
 EELEC  =   -164067.4146  EHBOND  =         0.0000  RESTRAINT  =         0.0000
 EKCMT  =         0.0000  VIRIAL  =         0.0000  VOLUME     =    335453.4654
                                                    Density    =         1.0261
 ------------------------------------------------------------------------------

wrapping first mol.:      -75.60565        0.00000        0.00000
wrapping first mol.:      -75.60565        0.00000        0.00000
wrapping first mol.:      -75.70884        0.00000        0.00000
wrapping first mol.:      -75.70884        0.00000        0.00000
wrapping first mol.:      -75.78391        0.00000        0.00000
wrapping first mol.:      -75.78391        0.00000        0.00000
wrapping first mol.:      -75.69660        0.00000        0.00000
wrapping first mol.:      -75.69660        0.00000        0.00000
wrapping first mol.:      -75.62595        0.00000        0.00000
wrapping first mol.:      -75.62595        0.00000        0.00000

 NSTEP =  2425000   TIME(PS) =    6550.000  TEMP(K) =   299.69  PRESS =     0.0
 Etot   =   -117147.2791  EKtot   =     20480.7617  EPtot      =   -137628.0408
 BOND   =       555.8886  ANGLE   =      1500.5401  DIHED      =       994.8816
 UB     =         0.0000  IMP     =         0.0000  CMAP       =       145.5163
 1-4 NB =       635.5862  1-4 EEL =      5906.1642  VDWAALS    =     16392.6775
 EELEC  =   -163759.2953  EHBOND  =         0.0000  RESTRAINT  =         0.0000
 EKCMT  =         0.0000  VIRIAL  =         0.0000  VOLUME     =    332958.9561
                                                    Density    =         1.0338
 ------------------------------------------------------------------------------

wrapping first mol.:      -75.75826        0.00000        0.00000
wrapping first mol.:      -75.75826        0.00000        0.00000
wrapping first mol.:      -75.76755        0.00000        0.00000
wrapping first mol.:      -75.76755        0.00000        0.00000
wrapping first mol.:      -75.61251        0.00000        0.00000
wrapping first mol.:      -75.61251        0.00000        0.00000
wrapping first mol.:      -75.73392        0.00000        0.00000
wrapping first mol.:      -75.73392        0.00000        0.00000
wrapping first mol.:      -75.71078        0.00000        0.00000
wrapping first mol.:      -75.71078        0.00000        0.00000

 NSTEP =  2450000   TIME(PS) =    6600.000  TEMP(K) =   299.64  PRESS =     0.0
 Etot   =   -117099.0871  EKtot   =     20477.4883  EPtot      =   -137576.5754
 BOND   =       543.6966  ANGLE   =      1500.3292  DIHED      =       998.6638
 UB     =         0.0000  IMP     =         0.0000  CMAP       =       154.2141
 1-4 NB =       643.3032  1-4 EEL =      5887.8543  VDWAALS    =     16467.6692
 EELEC  =   -163772.3057  EHBOND  =         0.0000  RESTRAINT  =         0.0000
 EKCMT  =         0.0000  VIRIAL  =         0.0000  VOLUME     =    334080.6775
                                                    Density    =         1.0303
 ------------------------------------------------------------------------------

wrapping first mol.:      -75.57487        0.00000        0.00000
wrapping first mol.:      -75.57487        0.00000        0.00000
wrapping first mol.:      -75.65087        0.00000        0.00000
wrapping first mol.:      -75.65087        0.00000        0.00000
wrapping first mol.:      -75.72531        0.00000        0.00000
wrapping first mol.:      -75.72531        0.00000        0.00000
wrapping first mol.:      -75.66877        0.00000        0.00000
wrapping first mol.:      -75.66877        0.00000        0.00000
wrapping first mol.:      -75.64709        0.00000        0.00000
wrapping first mol.:      -75.64709        0.00000        0.00000

 NSTEP =  2475000   TIME(PS) =    6650.000  TEMP(K) =   298.68  PRESS =     0.0
 Etot   =   -117190.3864  EKtot   =     20412.0645  EPtot      =   -137602.4509
 BOND   =       613.9461  ANGLE   =      1505.9323  DIHED      =      1011.7840
 UB     =         0.0000  IMP     =         0.0000  CMAP       =       132.1426
 1-4 NB =       625.5288  1-4 EEL =      5808.0541  VDWAALS    =     16300.9149
 EELEC  =   -163600.7537  EHBOND  =         0.0000  RESTRAINT  =         0.0000
 EKCMT  =         0.0000  VIRIAL  =         0.0000  VOLUME     =    333238.1640
                                                    Density    =         1.0329
 ------------------------------------------------------------------------------

wrapping first mol.:      -75.72192        0.00000        0.00000
wrapping first mol.:      -75.72192        0.00000        0.00000
wrapping first mol.:      -75.70582        0.00000        0.00000
wrapping first mol.:      -75.70582        0.00000        0.00000
wrapping first mol.:      -75.74115        0.00000        0.00000
wrapping first mol.:      -75.74115        0.00000        0.00000
wrapping first mol.:      -75.56504        0.00000        0.00000
wrapping first mol.:      -75.56504        0.00000        0.00000
wrapping first mol.:      -75.66444        0.00000        0.00000
wrapping first mol.:      -75.66444        0.00000        0.00000

 NSTEP =  2500000   TIME(PS) =    6700.000  TEMP(K) =   299.90  PRESS =     0.0
 Etot   =   -117208.3005  EKtot   =     20495.6328  EPtot      =   -137703.9333
 BOND   =       583.5074  ANGLE   =      1508.1844  DIHED      =       988.1489
 UB     =         0.0000  IMP     =         0.0000  CMAP       =       134.2652
 1-4 NB =       635.0170  1-4 EEL =      5889.0647  VDWAALS    =     16618.9302
 EELEC  =   -164061.0512  EHBOND  =         0.0000  RESTRAINT  =         0.0000
 EKCMT  =         0.0000  VIRIAL  =         0.0000  VOLUME     =    333467.6176
                                                    Density    =         1.0322
 ------------------------------------------------------------------------------

wrapping first mol.:      -75.77057        0.00000        0.00000
wrapping first mol.:      -75.77057        0.00000        0.00000
wrapping first mol.:      -75.72189        0.00000        0.00000
wrapping first mol.:      -75.72189        0.00000        0.00000
wrapping first mol.:      -75.62231        0.00000        0.00000
wrapping first mol.:      -75.62231        0.00000        0.00000
wrapping first mol.:      -75.74289        0.00000        0.00000
wrapping first mol.:      -75.74289        0.00000        0.00000
wrapping first mol.:      -75.62865        0.00000        0.00000
wrapping first mol.:      -75.62865        0.00000        0.00000

 NSTEP =  2525000   TIME(PS) =    6750.000  TEMP(K) =   304.08  PRESS =     0.0
 Etot   =   -117069.2630  EKtot   =     20781.2305  EPtot      =   -137850.4935
 BOND   =       550.7697  ANGLE   =      1547.5084  DIHED      =      1017.8975
 UB     =         0.0000  IMP     =         0.0000  CMAP       =       145.0186
 1-4 NB =       637.8433  1-4 EEL =      5903.2090  VDWAALS    =     16702.4191
 EELEC  =   -164355.1590  EHBOND  =         0.0000  RESTRAINT  =         0.0000
 EKCMT  =         0.0000  VIRIAL  =         0.0000  VOLUME     =    332994.6105
                                                    Density    =         1.0337
 ------------------------------------------------------------------------------

wrapping first mol.:      -75.64069        0.00000        0.00000
wrapping first mol.:      -75.64069        0.00000        0.00000
wrapping first mol.:      -75.71562        0.00000        0.00000
wrapping first mol.:      -75.71562        0.00000        0.00000
wrapping first mol.:      -75.69605        0.00000        0.00000
wrapping first mol.:      -75.69605        0.00000        0.00000
wrapping first mol.:      -75.72528        0.00000        0.00000
wrapping first mol.:      -75.72528        0.00000        0.00000
wrapping first mol.:      -75.65632        0.00000        0.00000
wrapping first mol.:      -75.65632        0.00000        0.00000

 NSTEP =  2550000   TIME(PS) =    6800.000  TEMP(K) =   302.59  PRESS =     0.0
 Etot   =   -116488.4322  EKtot   =     20679.4199  EPtot      =   -137167.8521
 BOND   =       583.8673  ANGLE   =      1497.1655  DIHED      =      1017.7437
 UB     =         0.0000  IMP     =         0.0000  CMAP       =       147.8473
 1-4 NB =       645.8048  1-4 EEL =      5889.7139  VDWAALS    =     16343.3912
 EELEC  =   -163293.3857  EHBOND  =         0.0000  RESTRAINT  =         0.0000
 EKCMT  =         0.0000  VIRIAL  =         0.0000  VOLUME     =    333360.1574
                                                    Density    =         1.0325
 ------------------------------------------------------------------------------

wrapping first mol.:      -75.66532        0.00000        0.00000
wrapping first mol.:      -75.66532        0.00000        0.00000
wrapping first mol.:      -75.64512        0.00000        0.00000
wrapping first mol.:      -75.64512        0.00000        0.00000
wrapping first mol.:      -75.71671        0.00000        0.00000
wrapping first mol.:      -75.71671        0.00000        0.00000
wrapping first mol.:      -75.65906        0.00000        0.00000
wrapping first mol.:      -75.65906        0.00000        0.00000
wrapping first mol.:      -75.70556        0.00000        0.00000
wrapping first mol.:      -75.70556        0.00000        0.00000

 NSTEP =  2575000   TIME(PS) =    6850.000  TEMP(K) =   302.23  PRESS =     0.0
 Etot   =   -116850.4092  EKtot   =     20654.5586  EPtot      =   -137504.9678
 BOND   =       564.1716  ANGLE   =      1538.8083  DIHED      =       981.7563
 UB     =         0.0000  IMP     =         0.0000  CMAP       =       154.6451
 1-4 NB =       623.5009  1-4 EEL =      5828.3409  VDWAALS    =     16189.7283
 EELEC  =   -163385.9193  EHBOND  =         0.0000  RESTRAINT  =         0.0000
 EKCMT  =         0.0000  VIRIAL  =         0.0000  VOLUME     =    334011.4812
                                                    Density    =         1.0305
 ------------------------------------------------------------------------------

wrapping first mol.:      -75.65071        0.00000        0.00000
wrapping first mol.:      -75.65071        0.00000        0.00000
wrapping first mol.:      -75.68835        0.00000        0.00000
wrapping first mol.:      -75.68835        0.00000        0.00000
wrapping first mol.:      -75.74925        0.00000        0.00000
wrapping first mol.:      -75.74925        0.00000        0.00000
wrapping first mol.:      -75.62070        0.00000        0.00000
wrapping first mol.:      -75.62070        0.00000        0.00000
wrapping first mol.:      -75.68761        0.00000        0.00000
wrapping first mol.:      -75.68761        0.00000        0.00000

 NSTEP =  2600000   TIME(PS) =    6900.000  TEMP(K) =   300.93  PRESS =     0.0
 Etot   =   -117225.7563  EKtot   =     20565.6543  EPtot      =   -137791.4106
 BOND   =       593.9828  ANGLE   =      1470.2426  DIHED      =       979.5382
 UB     =         0.0000  IMP     =         0.0000  CMAP       =       138.8139
 1-4 NB =       647.1346  1-4 EEL =      5858.2331  VDWAALS    =     16351.7251
 EELEC  =   -163831.0809  EHBOND  =         0.0000  RESTRAINT  =         0.0000
 EKCMT  =         0.0000  VIRIAL  =         0.0000  VOLUME     =    333773.9763
                                                    Density    =         1.0312
 ------------------------------------------------------------------------------

wrapping first mol.:      -75.74837        0.00000        0.00000
wrapping first mol.:      -75.74837        0.00000        0.00000
wrapping first mol.:      -75.62184        0.00000        0.00000
wrapping first mol.:      -75.62184        0.00000        0.00000
wrapping first mol.:      -75.67782        0.00000        0.00000
wrapping first mol.:      -75.67782        0.00000        0.00000
wrapping first mol.:      -75.80350        0.00000        0.00000
wrapping first mol.:      -75.80350        0.00000        0.00000
wrapping first mol.:      -75.78770        0.00000        0.00000
wrapping first mol.:      -75.78770        0.00000        0.00000

 NSTEP =  2625000   TIME(PS) =    6950.000  TEMP(K) =   301.14  PRESS =     0.0
 Etot   =   -117123.9060  EKtot   =     20580.2383  EPtot      =   -137704.1443
 BOND   =       603.9870  ANGLE   =      1538.1251  DIHED      =      1010.8326
 UB     =         0.0000  IMP     =         0.0000  CMAP       =       148.0747
 1-4 NB =       635.8766  1-4 EEL =      5859.0178  VDWAALS    =     16483.4191
 EELEC  =   -163983.4772  EHBOND  =         0.0000  RESTRAINT  =         0.0000
 EKCMT  =         0.0000  VIRIAL  =         0.0000  VOLUME     =    335099.9492
                                                    Density    =         1.0272
 ------------------------------------------------------------------------------

wrapping first mol.:      -75.66958        0.00000        0.00000
wrapping first mol.:      -75.66958        0.00000        0.00000
wrapping first mol.:      -75.63429        0.00000        0.00000
wrapping first mol.:      -75.63429        0.00000        0.00000
wrapping first mol.:      -75.70181        0.00000        0.00000
wrapping first mol.:      -75.70181        0.00000        0.00000
wrapping first mol.:      -75.72449        0.00000        0.00000
wrapping first mol.:      -75.72449        0.00000        0.00000
wrapping first mol.:      -75.63828        0.00000        0.00000
wrapping first mol.:      -75.63828        0.00000        0.00000

 NSTEP =  2650000   TIME(PS) =    7000.000  TEMP(K) =   300.45  PRESS =     0.0
 Etot   =   -117348.7528  EKtot   =     20533.2266  EPtot      =   -137881.9794
 BOND   =       536.9393  ANGLE   =      1533.5612  DIHED      =      1010.0498
 UB     =         0.0000  IMP     =         0.0000  CMAP       =       139.2242
 1-4 NB =       645.0161  1-4 EEL =      5858.0002  VDWAALS    =     16928.8914
 EELEC  =   -164533.6617  EHBOND  =         0.0000  RESTRAINT  =         0.0000
 EKCMT  =         0.0000  VIRIAL  =         0.0000  VOLUME     =    333121.8418
                                                    Density    =         1.0333
 ------------------------------------------------------------------------------

wrapping first mol.:      -75.71798        0.00000        0.00000
wrapping first mol.:      -75.71798        0.00000        0.00000
wrapping first mol.:      -75.61055        0.00000        0.00000
wrapping first mol.:      -75.61055        0.00000        0.00000
wrapping first mol.:      -75.62051        0.00000        0.00000
wrapping first mol.:      -75.62051        0.00000        0.00000
wrapping first mol.:      -75.74987        0.00000        0.00000
wrapping first mol.:      -75.74987        0.00000        0.00000
wrapping first mol.:      -75.70080        0.00000        0.00000
wrapping first mol.:      -75.70080        0.00000        0.00000

 NSTEP =  2675000   TIME(PS) =    7050.000  TEMP(K) =   300.33  PRESS =     0.0
 Etot   =   -116951.6698  EKtot   =     20524.4570  EPtot      =   -137476.1269
 BOND   =       593.1264  ANGLE   =      1558.4530  DIHED      =      1030.8177
 UB     =         0.0000  IMP     =         0.0000  CMAP       =       148.2852
 1-4 NB =       638.8687  1-4 EEL =      5832.1392  VDWAALS    =     16341.3758
 EELEC  =   -163619.1929  EHBOND  =         0.0000  RESTRAINT  =         0.0000
 EKCMT  =         0.0000  VIRIAL  =         0.0000  VOLUME     =    333948.5222
                                                    Density    =         1.0307
 ------------------------------------------------------------------------------

wrapping first mol.:      -75.74308        0.00000        0.00000
wrapping first mol.:      -75.74308        0.00000        0.00000
wrapping first mol.:      -75.74430        0.00000        0.00000
wrapping first mol.:      -75.74430        0.00000        0.00000
wrapping first mol.:      -75.70739        0.00000        0.00000
wrapping first mol.:      -75.70739        0.00000        0.00000
wrapping first mol.:      -75.69819        0.00000        0.00000
wrapping first mol.:      -75.69819        0.00000        0.00000
wrapping first mol.:      -75.72598        0.00000        0.00000
wrapping first mol.:      -75.72598        0.00000        0.00000

 NSTEP =  2700000   TIME(PS) =    7100.000  TEMP(K) =   299.69  PRESS =     0.0
 Etot   =   -117030.9900  EKtot   =     20480.7324  EPtot      =   -137511.7225
 BOND   =       550.7587  ANGLE   =      1511.1533  DIHED      =       987.1541
 UB     =         0.0000  IMP     =         0.0000  CMAP       =       150.7545
 1-4 NB =       642.7868  1-4 EEL =      5925.7767  VDWAALS    =     16401.9803
 EELEC  =   -163682.0869  EHBOND  =         0.0000  RESTRAINT  =         0.0000
 EKCMT  =         0.0000  VIRIAL  =         0.0000  VOLUME     =    334281.8248
                                                    Density    =         1.0297
 ------------------------------------------------------------------------------

wrapping first mol.:      -75.76057        0.00000        0.00000
wrapping first mol.:      -75.76057        0.00000        0.00000
wrapping first mol.:      -75.69889        0.00000        0.00000
wrapping first mol.:      -75.69889        0.00000        0.00000
wrapping first mol.:      -75.68431        0.00000        0.00000
wrapping first mol.:      -75.68431        0.00000        0.00000
wrapping first mol.:      -75.68412        0.00000        0.00000
wrapping first mol.:      -75.68412        0.00000        0.00000
wrapping first mol.:      -75.64954        0.00000        0.00000
wrapping first mol.:      -75.64954        0.00000        0.00000

 NSTEP =  2725000   TIME(PS) =    7150.000  TEMP(K) =   299.66  PRESS =     0.0
 Etot   =   -117076.2805  EKtot   =     20479.1230  EPtot      =   -137555.4036
 BOND   =       586.6182  ANGLE   =      1494.4055  DIHED      =      1005.8952
 UB     =         0.0000  IMP     =         0.0000  CMAP       =       137.8122
 1-4 NB =       636.5364  1-4 EEL =      5858.6219  VDWAALS    =     16122.8326
 EELEC  =   -163398.1255  EHBOND  =         0.0000  RESTRAINT  =         0.0000
 EKCMT  =         0.0000  VIRIAL  =         0.0000  VOLUME     =    333270.6313
                                                    Density    =         1.0328
 ------------------------------------------------------------------------------

wrapping first mol.:      -75.63794        0.00000        0.00000
wrapping first mol.:      -75.63794        0.00000        0.00000
wrapping first mol.:      -75.66428        0.00000        0.00000
wrapping first mol.:      -75.66428        0.00000        0.00000
wrapping first mol.:      -75.66849        0.00000        0.00000
wrapping first mol.:      -75.66849        0.00000        0.00000
wrapping first mol.:      -75.72506        0.00000        0.00000
wrapping first mol.:      -75.72506        0.00000        0.00000
wrapping first mol.:      -75.71047        0.00000        0.00000
wrapping first mol.:      -75.71047        0.00000        0.00000

 NSTEP =  2750000   TIME(PS) =    7200.000  TEMP(K) =   298.57  PRESS =     0.0
 Etot   =   -117416.2210  EKtot   =     20404.3066  EPtot      =   -137820.5276
 BOND   =       540.9592  ANGLE   =      1508.2396  DIHED      =      1000.4518
 UB     =         0.0000  IMP     =         0.0000  CMAP       =       146.5553
 1-4 NB =       661.5550  1-4 EEL =      5841.1031  VDWAALS    =     16311.4918
 EELEC  =   -163830.8836  EHBOND  =         0.0000  RESTRAINT  =         0.0000
 EKCMT  =         0.0000  VIRIAL  =         0.0000  VOLUME     =    334076.5413
                                                    Density    =         1.0303
 ------------------------------------------------------------------------------

wrapping first mol.:      -75.64820        0.00000        0.00000
wrapping first mol.:      -75.64820        0.00000        0.00000
wrapping first mol.:      -75.71645        0.00000        0.00000
wrapping first mol.:      -75.71645        0.00000        0.00000
wrapping first mol.:      -75.70207        0.00000        0.00000
wrapping first mol.:      -75.70207        0.00000        0.00000
wrapping first mol.:      -75.64817        0.00000        0.00000
wrapping first mol.:      -75.64817        0.00000        0.00000
wrapping first mol.:      -75.71364        0.00000        0.00000
wrapping first mol.:      -75.71364        0.00000        0.00000

 NSTEP =  2775000   TIME(PS) =    7250.000  TEMP(K) =   300.35  PRESS =     0.0
 Etot   =   -117158.2584  EKtot   =     20525.8984  EPtot      =   -137684.1568
 BOND   =       539.7174  ANGLE   =      1553.4625  DIHED      =       970.8137
 UB     =         0.0000  IMP     =         0.0000  CMAP       =       142.5373
 1-4 NB =       635.9608  1-4 EEL =      5884.5793  VDWAALS    =     16280.7895
 EELEC  =   -163692.0172  EHBOND  =         0.0000  RESTRAINT  =         0.0000
 EKCMT  =         0.0000  VIRIAL  =         0.0000  VOLUME     =    334118.4598
                                                    Density    =         1.0302
 ------------------------------------------------------------------------------

wrapping first mol.:      -75.68012        0.00000        0.00000
wrapping first mol.:      -75.68012        0.00000        0.00000
wrapping first mol.:      -75.70504        0.00000        0.00000
wrapping first mol.:      -75.70504        0.00000        0.00000
wrapping first mol.:      -75.68906        0.00000        0.00000
wrapping first mol.:      -75.68906        0.00000        0.00000
wrapping first mol.:      -75.67361        0.00000        0.00000
wrapping first mol.:      -75.67361        0.00000        0.00000
wrapping first mol.:      -75.73975        0.00000        0.00000
wrapping first mol.:      -75.73975        0.00000        0.00000

 NSTEP =  2800000   TIME(PS) =    7300.000  TEMP(K) =   297.08  PRESS =     0.0
 Etot   =   -116979.0089  EKtot   =     20302.3652  EPtot      =   -137281.3741
 BOND   =       580.4038  ANGLE   =      1464.5895  DIHED      =       991.7251
 UB     =         0.0000  IMP     =         0.0000  CMAP       =       139.5013
 1-4 NB =       642.4850  1-4 EEL =      5859.4393  VDWAALS    =     16212.7065
 EELEC  =   -163172.2245  EHBOND  =         0.0000  RESTRAINT  =         0.0000
 EKCMT  =         0.0000  VIRIAL  =         0.0000  VOLUME     =    334464.3298
                                                    Density    =         1.0291
 ------------------------------------------------------------------------------

wrapping first mol.:      -75.67268        0.00000        0.00000
wrapping first mol.:      -75.67268        0.00000        0.00000
wrapping first mol.:      -75.68145        0.00000        0.00000
wrapping first mol.:      -75.68145        0.00000        0.00000
wrapping first mol.:      -75.71155        0.00000        0.00000
wrapping first mol.:      -75.71155        0.00000        0.00000
wrapping first mol.:      -75.66262        0.00000        0.00000
wrapping first mol.:      -75.66262        0.00000        0.00000
wrapping first mol.:      -75.61388        0.00000        0.00000
wrapping first mol.:      -75.61388        0.00000        0.00000

 NSTEP =  2825000   TIME(PS) =    7350.000  TEMP(K) =   298.65  PRESS =     0.0
 Etot   =   -117427.8765  EKtot   =     20409.8164  EPtot      =   -137837.6929
 BOND   =       558.3874  ANGLE   =      1520.7800  DIHED      =      1003.3034
 UB     =         0.0000  IMP     =         0.0000  CMAP       =       142.1684
 1-4 NB =       646.7960  1-4 EEL =      5931.6666  VDWAALS    =     16762.9776
 EELEC  =   -164403.7723  EHBOND  =         0.0000  RESTRAINT  =         0.0000
 EKCMT  =         0.0000  VIRIAL  =         0.0000  VOLUME     =    332799.5244
                                                    Density    =         1.0343
 ------------------------------------------------------------------------------

wrapping first mol.:      -75.59538        0.00000        0.00000
wrapping first mol.:      -75.59538        0.00000        0.00000
wrapping first mol.:      -75.63417        0.00000        0.00000
wrapping first mol.:      -75.63417        0.00000        0.00000
wrapping first mol.:      -75.66216        0.00000        0.00000
wrapping first mol.:      -75.66216        0.00000        0.00000
wrapping first mol.:      -75.57049        0.00000        0.00000
wrapping first mol.:      -75.57049        0.00000        0.00000
wrapping first mol.:      -75.63355        0.00000        0.00000
wrapping first mol.:      -75.63355        0.00000        0.00000

 NSTEP =  2850000   TIME(PS) =    7400.000  TEMP(K) =   298.37  PRESS =     0.0
 Etot   =   -117252.4508  EKtot   =     20390.7793  EPtot      =   -137643.2300
 BOND   =       576.4015  ANGLE   =      1452.2622  DIHED      =      1005.2575
 UB     =         0.0000  IMP     =         0.0000  CMAP       =       137.1814
 1-4 NB =       628.1117  1-4 EEL =      5863.9386  VDWAALS    =     16386.7912
 EELEC  =   -163693.1741  EHBOND  =         0.0000  RESTRAINT  =         0.0000
 EKCMT  =         0.0000  VIRIAL  =         0.0000  VOLUME     =    333059.3129
                                                    Density    =         1.0335
 ------------------------------------------------------------------------------

wrapping first mol.:      -75.64104        0.00000        0.00000
wrapping first mol.:      -75.64104        0.00000        0.00000
wrapping first mol.:      -75.60335        0.00000        0.00000
wrapping first mol.:      -75.60335        0.00000        0.00000
wrapping first mol.:      -75.65651        0.00000        0.00000
wrapping first mol.:      -75.65651        0.00000        0.00000
wrapping first mol.:      -75.66036        0.00000        0.00000
wrapping first mol.:      -75.66036        0.00000        0.00000
wrapping first mol.:      -75.62237        0.00000        0.00000
wrapping first mol.:      -75.62237        0.00000        0.00000

 NSTEP =  2875000   TIME(PS) =    7450.000  TEMP(K) =   302.18  PRESS =     0.0
 Etot   =   -117144.8604  EKtot   =     20650.8848  EPtot      =   -137795.7451
 BOND   =       586.6792  ANGLE   =      1518.0663  DIHED      =       997.1550
 UB     =         0.0000  IMP     =         0.0000  CMAP       =       147.8985
 1-4 NB =       638.6862  1-4 EEL =      5890.4350  VDWAALS    =     16640.5791
 EELEC  =   -164215.2444  EHBOND  =         0.0000  RESTRAINT  =         0.0000
 EKCMT  =         0.0000  VIRIAL  =         0.0000  VOLUME     =    332911.6535
                                                    Density    =         1.0339
 ------------------------------------------------------------------------------

wrapping first mol.:      -75.70009        0.00000        0.00000
wrapping first mol.:      -75.70009        0.00000        0.00000
wrapping first mol.:      -75.56994        0.00000        0.00000
wrapping first mol.:      -75.56994        0.00000        0.00000
wrapping first mol.:      -75.68358        0.00000        0.00000
wrapping first mol.:      -75.68358        0.00000        0.00000
wrapping first mol.:      -75.72079        0.00000        0.00000
wrapping first mol.:      -75.72079        0.00000        0.00000
wrapping first mol.:      -75.67205        0.00000        0.00000
wrapping first mol.:      -75.67205        0.00000        0.00000

 NSTEP =  2900000   TIME(PS) =    7500.000  TEMP(K) =   300.28  PRESS =     0.0
 Etot   =   -117142.5345  EKtot   =     20521.2227  EPtot      =   -137663.7571
 BOND   =       550.2301  ANGLE   =      1462.5253  DIHED      =       988.4964
 UB     =         0.0000  IMP     =         0.0000  CMAP       =       145.9837
 1-4 NB =       648.0903  1-4 EEL =      5883.9796  VDWAALS    =     16196.4388
 EELEC  =   -163539.5013  EHBOND  =         0.0000  RESTRAINT  =         0.0000
 EKCMT  =         0.0000  VIRIAL  =         0.0000  VOLUME     =    333568.1811
                                                    Density    =         1.0319
 ------------------------------------------------------------------------------

wrapping first mol.:      -75.74669        0.00000        0.00000
wrapping first mol.:      -75.74669        0.00000        0.00000
wrapping first mol.:      -75.67532        0.00000        0.00000
wrapping first mol.:      -75.67532        0.00000        0.00000
wrapping first mol.:      -75.66268        0.00000        0.00000
wrapping first mol.:      -75.66268        0.00000        0.00000
wrapping first mol.:      -75.69870        0.00000        0.00000
wrapping first mol.:      -75.69870        0.00000        0.00000
wrapping first mol.:      -75.69831        0.00000        0.00000
wrapping first mol.:      -75.69831        0.00000        0.00000

 NSTEP =  2925000   TIME(PS) =    7550.000  TEMP(K) =   302.11  PRESS =     0.0
 Etot   =   -116981.4910  EKtot   =     20646.3145  EPtot      =   -137627.8055
 BOND   =       594.2056  ANGLE   =      1507.0349  DIHED      =      1020.7589
 UB     =         0.0000  IMP     =         0.0000  CMAP       =       140.8098
 1-4 NB =       636.6157  1-4 EEL =      5765.5697  VDWAALS    =     16601.6410
 EELEC  =   -163894.4412  EHBOND  =         0.0000  RESTRAINT  =         0.0000
 EKCMT  =         0.0000  VIRIAL  =         0.0000  VOLUME     =    333915.5206
                                                    Density    =         1.0308
 ------------------------------------------------------------------------------

wrapping first mol.:      -75.63019        0.00000        0.00000
wrapping first mol.:      -75.63019        0.00000        0.00000
wrapping first mol.:      -75.68552        0.00000        0.00000
wrapping first mol.:      -75.68552        0.00000        0.00000
wrapping first mol.:      -75.67518        0.00000        0.00000
wrapping first mol.:      -75.67518        0.00000        0.00000
wrapping first mol.:      -75.65002        0.00000        0.00000
wrapping first mol.:      -75.65002        0.00000        0.00000
wrapping first mol.:      -75.74592        0.00000        0.00000
wrapping first mol.:      -75.74592        0.00000        0.00000

 NSTEP =  2950000   TIME(PS) =    7600.000  TEMP(K) =   296.86  PRESS =     0.0
 Etot   =   -117475.1488  EKtot   =     20287.5078  EPtot      =   -137762.6566
 BOND   =       573.9827  ANGLE   =      1471.1135  DIHED      =       997.1308
 UB     =         0.0000  IMP     =         0.0000  CMAP       =       144.7343
 1-4 NB =       644.7366  1-4 EEL =      5810.2080  VDWAALS    =     16745.2930
 EELEC  =   -164149.8556  EHBOND  =         0.0000  RESTRAINT  =         0.0000
 EKCMT  =         0.0000  VIRIAL  =         0.0000  VOLUME     =    334545.9685
                                                    Density    =         1.0289
 ------------------------------------------------------------------------------

wrapping first mol.:      -75.69963        0.00000        0.00000
wrapping first mol.:      -75.69963        0.00000        0.00000
wrapping first mol.:      -75.64317        0.00000        0.00000
wrapping first mol.:      -75.64317        0.00000        0.00000
wrapping first mol.:      -75.64432        0.00000        0.00000
wrapping first mol.:      -75.64432        0.00000        0.00000
wrapping first mol.:      -75.66193        0.00000        0.00000
wrapping first mol.:      -75.66193        0.00000        0.00000
wrapping first mol.:      -75.65174        0.00000        0.00000
wrapping first mol.:      -75.65174        0.00000        0.00000

 NSTEP =  2975000   TIME(PS) =    7650.000  TEMP(K) =   296.74  PRESS =     0.0
 Etot   =   -117519.1722  EKtot   =     20279.5762  EPtot      =   -137798.7484
 BOND   =       560.4700  ANGLE   =      1488.7374  DIHED      =       987.2031
 UB     =         0.0000  IMP     =         0.0000  CMAP       =       148.5579
 1-4 NB =       641.3012  1-4 EEL =      5845.0587  VDWAALS    =     16186.2637
 EELEC  =   -163656.3405  EHBOND  =         0.0000  RESTRAINT  =         0.0000
 EKCMT  =         0.0000  VIRIAL  =         0.0000  VOLUME     =    333299.6335
                                                    Density    =         1.0327
 ------------------------------------------------------------------------------

wrapping first mol.:      -75.71079        0.00000        0.00000
wrapping first mol.:      -75.71079        0.00000        0.00000
wrapping first mol.:      -75.61660        0.00000        0.00000
wrapping first mol.:      -75.61660        0.00000        0.00000
wrapping first mol.:      -75.63302        0.00000        0.00000
wrapping first mol.:      -75.63302        0.00000        0.00000
wrapping first mol.:      -75.72201        0.00000        0.00000
wrapping first mol.:      -75.72201        0.00000        0.00000
wrapping first mol.:      -75.64974        0.00000        0.00000
wrapping first mol.:      -75.64974        0.00000        0.00000

 NSTEP =  3000000   TIME(PS) =    7700.000  TEMP(K) =   300.84  PRESS =     0.0
 Etot   =   -117007.7067  EKtot   =     20559.7930  EPtot      =   -137567.4997
 BOND   =       626.3477  ANGLE   =      1480.7138  DIHED      =      1000.0655
 UB     =         0.0000  IMP     =         0.0000  CMAP       =       149.2446
 1-4 NB =       633.1354  1-4 EEL =      5795.4113  VDWAALS    =     16076.8622
 EELEC  =   -163329.2801  EHBOND  =         0.0000  RESTRAINT  =         0.0000
 EKCMT  =         0.0000  VIRIAL  =         0.0000  VOLUME     =    333273.2260
                                                    Density    =         1.0328
 ------------------------------------------------------------------------------

wrapping first mol.:      -75.64729        0.00000        0.00000
wrapping first mol.:      -75.64729        0.00000        0.00000
wrapping first mol.:      -75.70125        0.00000        0.00000
wrapping first mol.:      -75.70125        0.00000        0.00000
wrapping first mol.:      -75.74826        0.00000        0.00000
wrapping first mol.:      -75.74826        0.00000        0.00000
wrapping first mol.:      -75.77250        0.00000        0.00000
wrapping first mol.:      -75.77250        0.00000        0.00000
wrapping first mol.:      -75.71688        0.00000        0.00000
wrapping first mol.:      -75.71688        0.00000        0.00000

 NSTEP =  3025000   TIME(PS) =    7750.000  TEMP(K) =   302.08  PRESS =     0.0
 Etot   =   -116934.3636  EKtot   =     20644.5156  EPtot      =   -137578.8792
 BOND   =       570.2471  ANGLE   =      1513.2414  DIHED      =      1000.4403
 UB     =         0.0000  IMP     =         0.0000  CMAP       =       138.8628
 1-4 NB =       636.0197  1-4 EEL =      5804.8492  VDWAALS    =     16580.4528
 EELEC  =   -163822.9925  EHBOND  =         0.0000  RESTRAINT  =         0.0000
 EKCMT  =         0.0000  VIRIAL  =         0.0000  VOLUME     =    334161.3825
                                                    Density    =         1.0300
 ------------------------------------------------------------------------------

wrapping first mol.:      -75.78928        0.00000        0.00000
wrapping first mol.:      -75.78928        0.00000        0.00000
wrapping first mol.:      -75.72604        0.00000        0.00000
wrapping first mol.:      -75.72604        0.00000        0.00000
wrapping first mol.:      -75.75246        0.00000        0.00000
wrapping first mol.:      -75.75246        0.00000        0.00000
wrapping first mol.:      -75.70815        0.00000        0.00000
wrapping first mol.:      -75.70815        0.00000        0.00000
wrapping first mol.:      -75.62270        0.00000        0.00000
wrapping first mol.:      -75.62270        0.00000        0.00000

 NSTEP =  3050000   TIME(PS) =    7800.000  TEMP(K) =   298.30  PRESS =     0.0
 Etot   =   -117404.4422  EKtot   =     20386.0547  EPtot      =   -137790.4969
 BOND   =       586.3045  ANGLE   =      1519.1572  DIHED      =      1002.6325
 UB     =         0.0000  IMP     =         0.0000  CMAP       =       147.8904
 1-4 NB =       642.4158  1-4 EEL =      5828.8554  VDWAALS    =     16582.7350
 EELEC  =   -164100.4877  EHBOND  =         0.0000  RESTRAINT  =         0.0000
 EKCMT  =         0.0000  VIRIAL  =         0.0000  VOLUME     =    332915.9521
                                                    Density    =         1.0339
 ------------------------------------------------------------------------------

wrapping first mol.:      -75.61740        0.00000        0.00000
wrapping first mol.:      -75.61740        0.00000        0.00000
wrapping first mol.:      -75.62952        0.00000        0.00000
wrapping first mol.:      -75.62952        0.00000        0.00000
wrapping first mol.:      -75.61409        0.00000        0.00000
wrapping first mol.:      -75.61409        0.00000        0.00000
wrapping first mol.:      -75.60430        0.00000        0.00000
wrapping first mol.:      -75.60430        0.00000        0.00000
wrapping first mol.:      -75.73866        0.00000        0.00000
wrapping first mol.:      -75.73866        0.00000        0.00000

 NSTEP =  3075000   TIME(PS) =    7850.000  TEMP(K) =   300.76  PRESS =     0.0
 Etot   =   -117255.0186  EKtot   =     20553.7715  EPtot      =   -137808.7901
 BOND   =       526.5381  ANGLE   =      1533.5009  DIHED      =       972.0313
 UB     =         0.0000  IMP     =         0.0000  CMAP       =       150.5096
 1-4 NB =       644.0443  1-4 EEL =      5825.4060  VDWAALS    =     16629.4561
 EELEC  =   -164090.2764  EHBOND  =         0.0000  RESTRAINT  =         0.0000
 EKCMT  =         0.0000  VIRIAL  =         0.0000  VOLUME     =    334449.8840
                                                    Density    =         1.0292
 ------------------------------------------------------------------------------

wrapping first mol.:      -75.67800        0.00000        0.00000
wrapping first mol.:      -75.67800        0.00000        0.00000
wrapping first mol.:      -75.62831        0.00000        0.00000
wrapping first mol.:      -75.62831        0.00000        0.00000
wrapping first mol.:      -75.59896        0.00000        0.00000
wrapping first mol.:      -75.59896        0.00000        0.00000
wrapping first mol.:      -75.64820        0.00000        0.00000
wrapping first mol.:      -75.64820        0.00000        0.00000
wrapping first mol.:      -75.64323        0.00000        0.00000
wrapping first mol.:      -75.64323        0.00000        0.00000

 NSTEP =  3100000   TIME(PS) =    7900.000  TEMP(K) =   302.44  PRESS =     0.0
 Etot   =   -116871.6347  EKtot   =     20668.8359  EPtot      =   -137540.4707
 BOND   =       546.6401  ANGLE   =      1538.4630  DIHED      =       970.3252
 UB     =         0.0000  IMP     =         0.0000  CMAP       =       138.4916
 1-4 NB =       638.6223  1-4 EEL =      5916.5736  VDWAALS    =     16394.8541
 EELEC  =   -163684.4404  EHBOND  =         0.0000  RESTRAINT  =         0.0000
 EKCMT  =         0.0000  VIRIAL  =         0.0000  VOLUME     =    333187.2132
                                                    Density    =         1.0331
 ------------------------------------------------------------------------------

wrapping first mol.:      -75.68230        0.00000        0.00000
wrapping first mol.:      -75.68230        0.00000        0.00000
wrapping first mol.:      -75.67117        0.00000        0.00000
wrapping first mol.:      -75.67117        0.00000        0.00000
wrapping first mol.:      -75.58834        0.00000        0.00000
wrapping first mol.:      -75.58834        0.00000        0.00000
wrapping first mol.:      -75.56636        0.00000        0.00000
wrapping first mol.:      -75.56636        0.00000        0.00000
wrapping first mol.:      -75.59424        0.00000        0.00000
wrapping first mol.:      -75.59424        0.00000        0.00000

 NSTEP =  3125000   TIME(PS) =    7950.000  TEMP(K) =   298.17  PRESS =     0.0
 Etot   =   -116939.8729  EKtot   =     20377.1777  EPtot      =   -137317.0506
 BOND   =       576.8618  ANGLE   =      1513.1649  DIHED      =       981.6917
 UB     =         0.0000  IMP     =         0.0000  CMAP       =       151.5752
 1-4 NB =       635.8949  1-4 EEL =      5811.4024  VDWAALS    =     16315.4185
 EELEC  =   -163303.0601  EHBOND  =         0.0000  RESTRAINT  =         0.0000
 EKCMT  =         0.0000  VIRIAL  =         0.0000  VOLUME     =    332540.2183
                                                    Density    =         1.0351
 ------------------------------------------------------------------------------

wrapping first mol.:      -75.65200        0.00000        0.00000
wrapping first mol.:      -75.65200        0.00000        0.00000
wrapping first mol.:      -75.70986        0.00000        0.00000
wrapping first mol.:      -75.70986        0.00000        0.00000
wrapping first mol.:      -75.64004        0.00000        0.00000
wrapping first mol.:      -75.64004        0.00000        0.00000
wrapping first mol.:      -75.65764        0.00000        0.00000
wrapping first mol.:      -75.65764        0.00000        0.00000
wrapping first mol.:      -75.58729        0.00000        0.00000
wrapping first mol.:      -75.58729        0.00000        0.00000

 NSTEP =  3150000   TIME(PS) =    8000.000  TEMP(K) =   298.97  PRESS =     0.0
 Etot   =   -117291.7972  EKtot   =     20431.4551  EPtot      =   -137723.2523
 BOND   =       553.1452  ANGLE   =      1524.0863  DIHED      =       999.4437
 UB     =         0.0000  IMP     =         0.0000  CMAP       =       138.8523
 1-4 NB =       642.1339  1-4 EEL =      5891.4422  VDWAALS    =     16832.6729
 EELEC  =   -164305.0287  EHBOND  =         0.0000  RESTRAINT  =         0.0000
 EKCMT  =         0.0000  VIRIAL  =         0.0000  VOLUME     =    332448.5062
                                                    Density    =         1.0354
 ------------------------------------------------------------------------------

wrapping first mol.:      -75.63443        0.00000        0.00000
wrapping first mol.:      -75.63443        0.00000        0.00000
wrapping first mol.:      -75.64849        0.00000        0.00000
wrapping first mol.:      -75.64849        0.00000        0.00000
wrapping first mol.:      -75.65984        0.00000        0.00000
wrapping first mol.:      -75.65984        0.00000        0.00000
wrapping first mol.:      -75.62783        0.00000        0.00000
wrapping first mol.:      -75.62783        0.00000        0.00000
wrapping first mol.:      -75.66102        0.00000        0.00000
wrapping first mol.:      -75.66102        0.00000        0.00000

 NSTEP =  3175000   TIME(PS) =    8050.000  TEMP(K) =   300.83  PRESS =     0.0
 Etot   =   -116830.2019  EKtot   =     20558.7734  EPtot      =   -137388.9753
 BOND   =       562.1425  ANGLE   =      1569.7166  DIHED      =       990.1926
 UB     =         0.0000  IMP     =         0.0000  CMAP       =       156.2832
 1-4 NB =       636.3581  1-4 EEL =      5892.7779  VDWAALS    =     16635.0267
 EELEC  =   -163831.4730  EHBOND  =         0.0000  RESTRAINT  =         0.0000
 EKCMT  =         0.0000  VIRIAL  =         0.0000  VOLUME     =    333422.4028
                                                    Density    =         1.0323
 ------------------------------------------------------------------------------

wrapping first mol.:      -75.70606        0.00000        0.00000
wrapping first mol.:      -75.70606        0.00000        0.00000
wrapping first mol.:      -75.61004        0.00000        0.00000
wrapping first mol.:      -75.61004        0.00000        0.00000
wrapping first mol.:      -75.68835        0.00000        0.00000
wrapping first mol.:      -75.68835        0.00000        0.00000
wrapping first mol.:      -75.63518        0.00000        0.00000
wrapping first mol.:      -75.63518        0.00000        0.00000
wrapping first mol.:      -75.67086        0.00000        0.00000
wrapping first mol.:      -75.67086        0.00000        0.00000

 NSTEP =  3200000   TIME(PS) =    8100.000  TEMP(K) =   295.98  PRESS =     0.0
 Etot   =   -117285.5420  EKtot   =     20227.1621  EPtot      =   -137512.7041
 BOND   =       539.2149  ANGLE   =      1539.8461  DIHED      =       991.6343
 UB     =         0.0000  IMP     =         0.0000  CMAP       =       148.6236
 1-4 NB =       650.0954  1-4 EEL =      5857.7570  VDWAALS    =     16251.1495
 EELEC  =   -163491.0250  EHBOND  =         0.0000  RESTRAINT  =         0.0000
 EKCMT  =         0.0000  VIRIAL  =         0.0000  VOLUME     =    333552.4755
                                                    Density    =         1.0319
 ------------------------------------------------------------------------------

wrapping first mol.:      -75.68062        0.00000        0.00000
wrapping first mol.:      -75.68062        0.00000        0.00000
wrapping first mol.:      -75.68490        0.00000        0.00000
wrapping first mol.:      -75.68490        0.00000        0.00000
wrapping first mol.:      -75.60433        0.00000        0.00000
wrapping first mol.:      -75.60433        0.00000        0.00000
wrapping first mol.:      -75.70742        0.00000        0.00000
wrapping first mol.:      -75.70742        0.00000        0.00000
wrapping first mol.:      -75.51411        0.00000        0.00000
wrapping first mol.:      -75.51411        0.00000        0.00000

 NSTEP =  3225000   TIME(PS) =    8150.000  TEMP(K) =   298.31  PRESS =     0.0
 Etot   =   -117583.0497  EKtot   =     20386.5117  EPtot      =   -137969.5614
 BOND   =       580.8133  ANGLE   =      1519.0378  DIHED      =      1004.6884
 UB     =         0.0000  IMP     =         0.0000  CMAP       =       145.6187
 1-4 NB =       629.3674  1-4 EEL =      5846.3218  VDWAALS    =     16559.8624
 EELEC  =   -164255.2713  EHBOND  =         0.0000  RESTRAINT  =         0.0000
 EKCMT  =         0.0000  VIRIAL  =         0.0000  VOLUME     =    331483.8995
                                                    Density    =         1.0384
 ------------------------------------------------------------------------------

wrapping first mol.:      -75.53914        0.00000        0.00000
wrapping first mol.:      -75.53914        0.00000        0.00000
wrapping first mol.:      -75.68443        0.00000        0.00000
wrapping first mol.:      -75.68443        0.00000        0.00000
wrapping first mol.:      -75.74739        0.00000        0.00000
wrapping first mol.:      -75.74739        0.00000        0.00000
wrapping first mol.:      -75.63705        0.00000        0.00000
wrapping first mol.:      -75.63705        0.00000        0.00000
wrapping first mol.:      -75.77309        0.00000        0.00000
wrapping first mol.:      -75.77309        0.00000        0.00000

 NSTEP =  3250000   TIME(PS) =    8200.000  TEMP(K) =   299.80  PRESS =     0.0
 Etot   =   -116934.9270  EKtot   =     20488.2930  EPtot      =   -137423.2199
 BOND   =       568.7123  ANGLE   =      1565.2950  DIHED      =      1002.3914
 UB     =         0.0000  IMP     =         0.0000  CMAP       =       148.4582
 1-4 NB =       636.7446  1-4 EEL =      5838.6334  VDWAALS    =     16362.2921
 EELEC  =   -163545.7470  EHBOND  =         0.0000  RESTRAINT  =         0.0000
 EKCMT  =         0.0000  VIRIAL  =         0.0000  VOLUME     =    334906.1954
                                                    Density    =         1.0278
 ------------------------------------------------------------------------------

wrapping first mol.:      -75.73028        0.00000        0.00000
wrapping first mol.:      -75.73028        0.00000        0.00000
wrapping first mol.:      -75.72780        0.00000        0.00000
wrapping first mol.:      -75.72780        0.00000        0.00000
wrapping first mol.:      -75.64566        0.00000        0.00000
wrapping first mol.:      -75.64566        0.00000        0.00000
wrapping first mol.:      -75.72177        0.00000        0.00000
wrapping first mol.:      -75.72177        0.00000        0.00000
wrapping first mol.:      -75.62294        0.00000        0.00000
wrapping first mol.:      -75.62294        0.00000        0.00000

 NSTEP =  3275000   TIME(PS) =    8250.000  TEMP(K) =   300.97  PRESS =     0.0
 Etot   =   -117099.5129  EKtot   =     20568.5488  EPtot      =   -137668.0617
 BOND   =       544.6145  ANGLE   =      1523.3564  DIHED      =       996.3345
 UB     =         0.0000  IMP     =         0.0000  CMAP       =       130.6747
 1-4 NB =       656.1059  1-4 EEL =      5910.5262  VDWAALS    =     16254.5405
 EELEC  =   -163684.2144  EHBOND  =         0.0000  RESTRAINT  =         0.0000
 EKCMT  =         0.0000  VIRIAL  =         0.0000  VOLUME     =    332919.1635
                                                    Density    =         1.0339
 ------------------------------------------------------------------------------

wrapping first mol.:      -75.64397        0.00000        0.00000
wrapping first mol.:      -75.64397        0.00000        0.00000
wrapping first mol.:      -75.77345        0.00000        0.00000
wrapping first mol.:      -75.77345        0.00000        0.00000
wrapping first mol.:      -75.70492        0.00000        0.00000
wrapping first mol.:      -75.70492        0.00000        0.00000
wrapping first mol.:      -75.76328        0.00000        0.00000
wrapping first mol.:      -75.76328        0.00000        0.00000
wrapping first mol.:      -75.79044        0.00000        0.00000
wrapping first mol.:      -75.79044        0.00000        0.00000

 NSTEP =  3300000   TIME(PS) =    8300.000  TEMP(K) =   300.28  PRESS =     0.0
 Etot   =   -116905.0472  EKtot   =     20521.3008  EPtot      =   -137426.3480
 BOND   =       571.4369  ANGLE   =      1496.0448  DIHED      =      1008.8332
 UB     =         0.0000  IMP     =         0.0000  CMAP       =       127.8472
 1-4 NB =       644.9021  1-4 EEL =      5860.9543  VDWAALS    =     16382.4156
 EELEC  =   -163518.7822  EHBOND  =         0.0000  RESTRAINT  =         0.0000
 EKCMT  =         0.0000  VIRIAL  =         0.0000  VOLUME     =    335136.2928
                                                    Density    =         1.0270
 ------------------------------------------------------------------------------

wrapping first mol.:      -75.61525        0.00000        0.00000
wrapping first mol.:      -75.61525        0.00000        0.00000
wrapping first mol.:      -75.69349        0.00000        0.00000
wrapping first mol.:      -75.69349        0.00000        0.00000
wrapping first mol.:      -75.57932        0.00000        0.00000
wrapping first mol.:      -75.57932        0.00000        0.00000
wrapping first mol.:      -75.71929        0.00000        0.00000
wrapping first mol.:      -75.71929        0.00000        0.00000
wrapping first mol.:      -75.60541        0.00000        0.00000
wrapping first mol.:      -75.60541        0.00000        0.00000

 NSTEP =  3325000   TIME(PS) =    8350.000  TEMP(K) =   299.86  PRESS =     0.0
 Etot   =   -117164.1301  EKtot   =     20492.4141  EPtot      =   -137656.5442
 BOND   =       590.1151  ANGLE   =      1524.8658  DIHED      =       989.1873
 UB     =         0.0000  IMP     =         0.0000  CMAP       =       144.5037
 1-4 NB =       641.1375  1-4 EEL =      5820.2605  VDWAALS    =     16470.5459
 EELEC  =   -163837.1599  EHBOND  =         0.0000  RESTRAINT  =         0.0000
 EKCMT  =         0.0000  VIRIAL  =         0.0000  VOLUME     =    332687.6440
                                                    Density    =         1.0346
 ------------------------------------------------------------------------------

wrapping first mol.:      -75.68707        0.00000        0.00000
wrapping first mol.:      -75.68707        0.00000        0.00000
wrapping first mol.:      -75.60041        0.00000        0.00000
wrapping first mol.:      -75.60041        0.00000        0.00000
wrapping first mol.:      -75.66817        0.00000        0.00000
wrapping first mol.:      -75.66817        0.00000        0.00000
wrapping first mol.:      -75.62995        0.00000        0.00000
wrapping first mol.:      -75.62995        0.00000        0.00000
wrapping first mol.:      -75.70061        0.00000        0.00000
wrapping first mol.:      -75.70061        0.00000        0.00000

 NSTEP =  3350000   TIME(PS) =    8400.000  TEMP(K) =   299.75  PRESS =     0.0
 Etot   =   -117275.9736  EKtot   =     20485.2715  EPtot      =   -137761.2451
 BOND   =       529.0538  ANGLE   =      1554.6960  DIHED      =       968.6036
 UB     =         0.0000  IMP     =         0.0000  CMAP       =       141.1721
 1-4 NB =       639.7460  1-4 EEL =      5811.6249  VDWAALS    =     16474.2537
 EELEC  =   -163880.3952  EHBOND  =         0.0000  RESTRAINT  =         0.0000
 EKCMT  =         0.0000  VIRIAL  =         0.0000  VOLUME     =    333945.9710
                                                    Density    =         1.0307
 ------------------------------------------------------------------------------

wrapping first mol.:      -75.76399        0.00000        0.00000
wrapping first mol.:      -75.76399        0.00000        0.00000
wrapping first mol.:      -75.66721        0.00000        0.00000
wrapping first mol.:      -75.66721        0.00000        0.00000
wrapping first mol.:      -75.70106        0.00000        0.00000
wrapping first mol.:      -75.70106        0.00000        0.00000
wrapping first mol.:      -75.63439        0.00000        0.00000
wrapping first mol.:      -75.63439        0.00000        0.00000
wrapping first mol.:      -75.70619        0.00000        0.00000
wrapping first mol.:      -75.70619        0.00000        0.00000

 NSTEP =  3375000   TIME(PS) =    8450.000  TEMP(K) =   304.08  PRESS =     0.0
 Etot   =   -116972.5577  EKtot   =     20781.1270  EPtot      =   -137753.6846
 BOND   =       581.3895  ANGLE   =      1517.4454  DIHED      =      1021.6139
 UB     =         0.0000  IMP     =         0.0000  CMAP       =       141.3219
 1-4 NB =       641.6012  1-4 EEL =      5807.5623  VDWAALS    =     16542.6482
 EELEC  =   -164007.2669  EHBOND  =         0.0000  RESTRAINT  =         0.0000
 EKCMT  =         0.0000  VIRIAL  =         0.0000  VOLUME     =    334019.9179
                                                    Density    =         1.0305
 ------------------------------------------------------------------------------

wrapping first mol.:      -75.70990        0.00000        0.00000
wrapping first mol.:      -75.70990        0.00000        0.00000
wrapping first mol.:      -75.67778        0.00000        0.00000
wrapping first mol.:      -75.67778        0.00000        0.00000
wrapping first mol.:      -75.63659        0.00000        0.00000
wrapping first mol.:      -75.63659        0.00000        0.00000
wrapping first mol.:      -75.74726        0.00000        0.00000
wrapping first mol.:      -75.74726        0.00000        0.00000
wrapping first mol.:      -75.68063        0.00000        0.00000
wrapping first mol.:      -75.68063        0.00000        0.00000

 NSTEP =  3400000   TIME(PS) =    8500.000  TEMP(K) =   299.68  PRESS =     0.0
 Etot   =   -117216.4774  EKtot   =     20480.4160  EPtot      =   -137696.8934
 BOND   =       572.1651  ANGLE   =      1536.9014  DIHED      =      1005.4371
 UB     =         0.0000  IMP     =         0.0000  CMAP       =       133.7525
 1-4 NB =       659.4120  1-4 EEL =      5868.1189  VDWAALS    =     16403.4864
 EELEC  =   -163876.1667  EHBOND  =         0.0000  RESTRAINT  =         0.0000
 EKCMT  =         0.0000  VIRIAL  =         0.0000  VOLUME     =    333681.6994
                                                    Density    =         1.0315
 ------------------------------------------------------------------------------

wrapping first mol.:      -75.69912        0.00000        0.00000
wrapping first mol.:      -75.69912        0.00000        0.00000
wrapping first mol.:      -75.63199        0.00000        0.00000
wrapping first mol.:      -75.63199        0.00000        0.00000
wrapping first mol.:      -75.67893        0.00000        0.00000
wrapping first mol.:      -75.67893        0.00000        0.00000
wrapping first mol.:      -75.70032        0.00000        0.00000
wrapping first mol.:      -75.70032        0.00000        0.00000
wrapping first mol.:      -75.75949        0.00000        0.00000
wrapping first mol.:      -75.75949        0.00000        0.00000

 NSTEP =  3425000   TIME(PS) =    8550.000  TEMP(K) =   297.09  PRESS =     0.0
 Etot   =   -117118.4489  EKtot   =     20303.1836  EPtot      =   -137421.6325
 BOND   =       560.4494  ANGLE   =      1486.3896  DIHED      =      1026.2365
 UB     =         0.0000  IMP     =         0.0000  CMAP       =       127.6284
 1-4 NB =       640.3964  1-4 EEL =      5859.7818  VDWAALS    =     16225.6672
 EELEC  =   -163348.1818  EHBOND  =         0.0000  RESTRAINT  =         0.0000
 EKCMT  =         0.0000  VIRIAL  =         0.0000  VOLUME     =    334725.8361
                                                    Density    =         1.0283
 ------------------------------------------------------------------------------

wrapping first mol.:      -75.73753        0.00000        0.00000
wrapping first mol.:      -75.73753        0.00000        0.00000
wrapping first mol.:      -75.65151        0.00000        0.00000
wrapping first mol.:      -75.65151        0.00000        0.00000
wrapping first mol.:      -75.74330        0.00000        0.00000
wrapping first mol.:      -75.74330        0.00000        0.00000
wrapping first mol.:      -75.71091        0.00000        0.00000
wrapping first mol.:      -75.71091        0.00000        0.00000
wrapping first mol.:      -75.74568        0.00000        0.00000
wrapping first mol.:      -75.74568        0.00000        0.00000

 NSTEP =  3450000   TIME(PS) =    8600.000  TEMP(K) =   302.32  PRESS =     0.0
 Etot   =   -116497.4281  EKtot   =     20660.5879  EPtot      =   -137158.0160
 BOND   =       585.9738  ANGLE   =      1496.8416  DIHED      =       997.7954
 UB     =         0.0000  IMP     =         0.0000  CMAP       =       153.4589
 1-4 NB =       643.7862  1-4 EEL =      5814.7826  VDWAALS    =     16258.1669
 EELEC  =   -163108.8213  EHBOND  =         0.0000  RESTRAINT  =         0.0000
 EKCMT  =         0.0000  VIRIAL  =         0.0000  VOLUME     =    334542.8038
                                                    Density    =         1.0289
 ------------------------------------------------------------------------------

wrapping first mol.:      -75.68844        0.00000        0.00000
wrapping first mol.:      -75.68844        0.00000        0.00000
wrapping first mol.:      -75.76100        0.00000        0.00000
wrapping first mol.:      -75.76100        0.00000        0.00000
wrapping first mol.:      -75.73749        0.00000        0.00000
wrapping first mol.:      -75.73749        0.00000        0.00000
wrapping first mol.:      -75.64558        0.00000        0.00000
wrapping first mol.:      -75.64558        0.00000        0.00000
wrapping first mol.:      -75.65992        0.00000        0.00000
wrapping first mol.:      -75.65992        0.00000        0.00000

 NSTEP =  3475000   TIME(PS) =    8650.000  TEMP(K) =   299.24  PRESS =     0.0
 Etot   =   -117511.2577  EKtot   =     20450.3301  EPtot      =   -137961.5878
 BOND   =       549.0536  ANGLE   =      1452.1674  DIHED      =       985.2768
 UB     =         0.0000  IMP     =         0.0000  CMAP       =       137.6904
 1-4 NB =       662.7648  1-4 EEL =      5816.4565  VDWAALS    =     16630.2895
 EELEC  =   -164195.2869  EHBOND  =         0.0000  RESTRAINT  =         0.0000
 EKCMT  =         0.0000  VIRIAL  =         0.0000  VOLUME     =    333407.8242
                                                    Density    =         1.0324
 ------------------------------------------------------------------------------

wrapping first mol.:      -75.58979        0.00000        0.00000
wrapping first mol.:      -75.58979        0.00000        0.00000
wrapping first mol.:      -75.66145        0.00000        0.00000
wrapping first mol.:      -75.66145        0.00000        0.00000
wrapping first mol.:      -75.68345        0.00000        0.00000
wrapping first mol.:      -75.68345        0.00000        0.00000
wrapping first mol.:      -75.63595        0.00000        0.00000
wrapping first mol.:      -75.63595        0.00000        0.00000
wrapping first mol.:      -75.74690        0.00000        0.00000
wrapping first mol.:      -75.74690        0.00000        0.00000

 NSTEP =  3500000   TIME(PS) =    8700.000  TEMP(K) =   300.31  PRESS =     0.0
 Etot   =   -117102.3456  EKtot   =     20523.2754  EPtot      =   -137625.6210
 BOND   =       568.6828  ANGLE   =      1564.9014  DIHED      =       991.3043
 UB     =         0.0000  IMP     =         0.0000  CMAP       =       129.5914
 1-4 NB =       639.4699  1-4 EEL =      5841.4692  VDWAALS    =     16525.4141
 EELEC  =   -163886.4542  EHBOND  =         0.0000  RESTRAINT  =         0.0000
 EKCMT  =         0.0000  VIRIAL  =         0.0000  VOLUME     =    334559.0633
                                                    Density    =         1.0288
 ------------------------------------------------------------------------------

wrapping first mol.:      -75.78359        0.00000        0.00000
wrapping first mol.:      -75.78359        0.00000        0.00000
wrapping first mol.:      -75.70533        0.00000        0.00000
wrapping first mol.:      -75.70533        0.00000        0.00000
wrapping first mol.:      -75.54274        0.00000        0.00000
wrapping first mol.:      -75.54274        0.00000        0.00000
wrapping first mol.:      -75.65877        0.00000        0.00000
wrapping first mol.:      -75.65877        0.00000        0.00000
wrapping first mol.:      -75.55741        0.00000        0.00000
wrapping first mol.:      -75.55741        0.00000        0.00000

 NSTEP =  3525000   TIME(PS) =    8750.000  TEMP(K) =   300.23  PRESS =     0.0
 Etot   =   -117332.3680  EKtot   =     20518.0684  EPtot      =   -137850.4364
 BOND   =       583.7960  ANGLE   =      1479.7622  DIHED      =       995.2316
 UB     =         0.0000  IMP     =         0.0000  CMAP       =       143.0367
 1-4 NB =       622.4695  1-4 EEL =      5785.9221  VDWAALS    =     16443.8187
 EELEC  =   -163904.4732  EHBOND  =         0.0000  RESTRAINT  =         0.0000
 EKCMT  =         0.0000  VIRIAL  =         0.0000  VOLUME     =    332054.4021
                                                    Density    =         1.0366
 ------------------------------------------------------------------------------

wrapping first mol.:      -75.74510        0.00000        0.00000
wrapping first mol.:      -75.74510        0.00000        0.00000
wrapping first mol.:      -75.66773        0.00000        0.00000
wrapping first mol.:      -75.66773        0.00000        0.00000
wrapping first mol.:      -75.65867        0.00000        0.00000
wrapping first mol.:      -75.65867        0.00000        0.00000
wrapping first mol.:      -75.69393        0.00000        0.00000
wrapping first mol.:      -75.69393        0.00000        0.00000
wrapping first mol.:      -75.59340        0.00000        0.00000
wrapping first mol.:      -75.59340        0.00000        0.00000

 NSTEP =  3550000   TIME(PS) =    8800.000  TEMP(K) =   299.79  PRESS =     0.0
 Etot   =   -116933.4583  EKtot   =     20487.7070  EPtot      =   -137421.1653
 BOND   =       563.3764  ANGLE   =      1555.2166  DIHED      =       982.2556
 UB     =         0.0000  IMP     =         0.0000  CMAP       =       156.6387
 1-4 NB =       636.1164  1-4 EEL =      5828.7061  VDWAALS    =     15976.6479
 EELEC  =   -163120.1230  EHBOND  =         0.0000  RESTRAINT  =         0.0000
 EKCMT  =         0.0000  VIRIAL  =         0.0000  VOLUME     =    332529.2359
                                                    Density    =         1.0351
 ------------------------------------------------------------------------------

wrapping first mol.:      -75.67425        0.00000        0.00000
wrapping first mol.:      -75.67425        0.00000        0.00000
wrapping first mol.:      -75.66421        0.00000        0.00000
wrapping first mol.:      -75.66421        0.00000        0.00000
wrapping first mol.:      -75.65866        0.00000        0.00000
wrapping first mol.:      -75.65866        0.00000        0.00000
wrapping first mol.:      -75.70418        0.00000        0.00000
wrapping first mol.:      -75.70418        0.00000        0.00000
wrapping first mol.:      -75.68128        0.00000        0.00000
wrapping first mol.:      -75.68128        0.00000        0.00000

 NSTEP =  3575000   TIME(PS) =    8850.000  TEMP(K) =   297.10  PRESS =     0.0
 Etot   =   -117198.9065  EKtot   =     20303.9453  EPtot      =   -137502.8519
 BOND   =       553.8920  ANGLE   =      1481.6625  DIHED      =       970.3611
 UB     =         0.0000  IMP     =         0.0000  CMAP       =       136.5705
 1-4 NB =       641.4622  1-4 EEL =      5835.6127  VDWAALS    =     16411.6571
 EELEC  =   -163534.0699  EHBOND  =         0.0000  RESTRAINT  =         0.0000
 EKCMT  =         0.0000  VIRIAL  =         0.0000  VOLUME     =    333690.2294
                                                    Density    =         1.0315
 ------------------------------------------------------------------------------

wrapping first mol.:      -75.68747        0.00000        0.00000
wrapping first mol.:      -75.68747        0.00000        0.00000
wrapping first mol.:      -75.67996        0.00000        0.00000
wrapping first mol.:      -75.67996        0.00000        0.00000
wrapping first mol.:      -75.78105        0.00000        0.00000
wrapping first mol.:      -75.78105        0.00000        0.00000
wrapping first mol.:      -75.70836        0.00000        0.00000
wrapping first mol.:      -75.70836        0.00000        0.00000
wrapping first mol.:      -75.73693        0.00000        0.00000
wrapping first mol.:      -75.73693        0.00000        0.00000

 NSTEP =  3600000   TIME(PS) =    8900.000  TEMP(K) =   301.61  PRESS =     0.0
 Etot   =   -117249.7649  EKtot   =     20612.4141  EPtot      =   -137862.1790
 BOND   =       561.9825  ANGLE   =      1517.4634  DIHED      =       973.8186
 UB     =         0.0000  IMP     =         0.0000  CMAP       =       136.9981
 1-4 NB =       654.6365  1-4 EEL =      5832.6651  VDWAALS    =     16757.4794
 EELEC  =   -164297.2226  EHBOND  =         0.0000  RESTRAINT  =         0.0000
 EKCMT  =         0.0000  VIRIAL  =         0.0000  VOLUME     =    334426.8934
                                                    Density    =         1.0292
 ------------------------------------------------------------------------------

wrapping first mol.:      -75.73974        0.00000        0.00000
wrapping first mol.:      -75.73974        0.00000        0.00000
wrapping first mol.:      -75.65655        0.00000        0.00000
wrapping first mol.:      -75.65655        0.00000        0.00000
wrapping first mol.:      -75.60791        0.00000        0.00000
wrapping first mol.:      -75.60791        0.00000        0.00000
wrapping first mol.:      -75.74712        0.00000        0.00000
wrapping first mol.:      -75.74712        0.00000        0.00000
wrapping first mol.:      -75.68203        0.00000        0.00000
wrapping first mol.:      -75.68203        0.00000        0.00000

 NSTEP =  3625000   TIME(PS) =    8950.000  TEMP(K) =   299.17  PRESS =     0.0
 Etot   =   -117387.3076  EKtot   =     20445.1523  EPtot      =   -137832.4600
 BOND   =       605.4154  ANGLE   =      1489.5679  DIHED      =       986.0564
 UB     =         0.0000  IMP     =         0.0000  CMAP       =       143.1261
 1-4 NB =       621.1175  1-4 EEL =      5776.3879  VDWAALS    =     16447.9609
 EELEC  =   -163902.0922  EHBOND  =         0.0000  RESTRAINT  =         0.0000
 EKCMT  =         0.0000  VIRIAL  =         0.0000  VOLUME     =    333700.2321
                                                    Density    =         1.0315
 ------------------------------------------------------------------------------

wrapping first mol.:      -75.67855        0.00000        0.00000
wrapping first mol.:      -75.67855        0.00000        0.00000
wrapping first mol.:      -75.71621        0.00000        0.00000
wrapping first mol.:      -75.71621        0.00000        0.00000
wrapping first mol.:      -75.72533        0.00000        0.00000
wrapping first mol.:      -75.72533        0.00000        0.00000
wrapping first mol.:      -75.64962        0.00000        0.00000
wrapping first mol.:      -75.64962        0.00000        0.00000
wrapping first mol.:      -75.63239        0.00000        0.00000
wrapping first mol.:      -75.63239        0.00000        0.00000

 NSTEP =  3650000   TIME(PS) =    9000.000  TEMP(K) =   299.45  PRESS =     0.0
 Etot   =   -117237.4594  EKtot   =     20464.4004  EPtot      =   -137701.8597
 BOND   =       536.0938  ANGLE   =      1508.3190  DIHED      =       969.0104
 UB     =         0.0000  IMP     =         0.0000  CMAP       =       151.1977
 1-4 NB =       643.3950  1-4 EEL =      5840.9506  VDWAALS    =     16630.5150
 EELEC  =   -163981.3413  EHBOND  =         0.0000  RESTRAINT  =         0.0000
 EKCMT  =         0.0000  VIRIAL  =         0.0000  VOLUME     =    333044.0294
                                                    Density    =         1.0335
 ------------------------------------------------------------------------------

wrapping first mol.:      -75.57454        0.00000        0.00000
wrapping first mol.:      -75.57454        0.00000        0.00000
wrapping first mol.:      -75.70752        0.00000        0.00000
wrapping first mol.:      -75.70752        0.00000        0.00000
wrapping first mol.:      -75.73951        0.00000        0.00000
wrapping first mol.:      -75.73951        0.00000        0.00000
wrapping first mol.:      -75.66702        0.00000        0.00000
wrapping first mol.:      -75.66702        0.00000        0.00000
wrapping first mol.:      -75.74111        0.00000        0.00000
wrapping first mol.:      -75.74111        0.00000        0.00000

 NSTEP =  3675000   TIME(PS) =    9050.000  TEMP(K) =   300.05  PRESS =     0.0
 Etot   =   -116864.4559  EKtot   =     20505.3301  EPtot      =   -137369.7860
 BOND   =       530.3319  ANGLE   =      1520.0461  DIHED      =       981.9129
 UB     =         0.0000  IMP     =         0.0000  CMAP       =       140.6886
 1-4 NB =       657.4222  1-4 EEL =      5777.7694  VDWAALS    =     16171.4426
 EELEC  =   -163149.3997  EHBOND  =         0.0000  RESTRAINT  =         0.0000
 EKCMT  =         0.0000  VIRIAL  =         0.0000  VOLUME     =    334482.3504
                                                    Density    =         1.0291
 ------------------------------------------------------------------------------

wrapping first mol.:      -75.72322        0.00000        0.00000
wrapping first mol.:      -75.72322        0.00000        0.00000
wrapping first mol.:      -75.71615        0.00000        0.00000
wrapping first mol.:      -75.71615        0.00000        0.00000
wrapping first mol.:      -75.67799        0.00000        0.00000
wrapping first mol.:      -75.67799        0.00000        0.00000
wrapping first mol.:      -75.68276        0.00000        0.00000
wrapping first mol.:      -75.68276        0.00000        0.00000
wrapping first mol.:      -75.68783        0.00000        0.00000
wrapping first mol.:      -75.68783        0.00000        0.00000

 NSTEP =  3700000   TIME(PS) =    9100.000  TEMP(K) =   300.76  PRESS =     0.0
 Etot   =   -117218.2484  EKtot   =     20554.2539  EPtot      =   -137772.5023
 BOND   =       549.5862  ANGLE   =      1474.2829  DIHED      =       993.8835
 UB     =         0.0000  IMP     =         0.0000  CMAP       =       142.9270
 1-4 NB =       636.0921  1-4 EEL =      5818.8792  VDWAALS    =     16335.2079
 EELEC  =   -163723.3610  EHBOND  =         0.0000  RESTRAINT  =         0.0000
 EKCMT  =         0.0000  VIRIAL  =         0.0000  VOLUME     =    333776.8537
                                                    Density    =         1.0312
 ------------------------------------------------------------------------------

wrapping first mol.:      -75.58489        0.00000        0.00000
wrapping first mol.:      -75.58489        0.00000        0.00000
wrapping first mol.:      -75.61704        0.00000        0.00000
wrapping first mol.:      -75.61704        0.00000        0.00000
wrapping first mol.:      -75.68238        0.00000        0.00000
wrapping first mol.:      -75.68238        0.00000        0.00000
wrapping first mol.:      -75.60038        0.00000        0.00000
wrapping first mol.:      -75.60038        0.00000        0.00000
wrapping first mol.:      -75.59870        0.00000        0.00000
wrapping first mol.:      -75.59870        0.00000        0.00000

 NSTEP =  3725000   TIME(PS) =    9150.000  TEMP(K) =   299.50  PRESS =     0.0
 Etot   =   -117404.5060  EKtot   =     20467.7188  EPtot      =   -137872.2247
 BOND   =       547.4179  ANGLE   =      1505.4866  DIHED      =      1001.1290
 UB     =         0.0000  IMP     =         0.0000  CMAP       =       139.4076
 1-4 NB =       637.6028  1-4 EEL =      5858.1909  VDWAALS    =     16733.6469
 EELEC  =   -164295.1064  EHBOND  =         0.0000  RESTRAINT  =         0.0000
 EKCMT  =         0.0000  VIRIAL  =         0.0000  VOLUME     =    332599.0751
                                                    Density    =         1.0349
 ------------------------------------------------------------------------------

wrapping first mol.:      -75.74035        0.00000        0.00000
wrapping first mol.:      -75.74035        0.00000        0.00000
wrapping first mol.:      -75.70859        0.00000        0.00000
wrapping first mol.:      -75.70859        0.00000        0.00000
wrapping first mol.:      -75.69380        0.00000        0.00000
wrapping first mol.:      -75.69380        0.00000        0.00000
wrapping first mol.:      -75.65378        0.00000        0.00000
wrapping first mol.:      -75.65378        0.00000        0.00000
wrapping first mol.:      -75.53170        0.00000        0.00000
wrapping first mol.:      -75.53170        0.00000        0.00000

 NSTEP =  3750000   TIME(PS) =    9200.000  TEMP(K) =   300.59  PRESS =     0.0
 Etot   =   -117275.5058  EKtot   =     20542.3711  EPtot      =   -137817.8769
 BOND   =       554.9264  ANGLE   =      1524.7040  DIHED      =       980.6799
 UB     =         0.0000  IMP     =         0.0000  CMAP       =       141.1094
 1-4 NB =       640.8744  1-4 EEL =      5843.5149  VDWAALS    =     16353.3326
 EELEC  =   -163857.0185  EHBOND  =         0.0000  RESTRAINT  =         0.0000
 EKCMT  =         0.0000  VIRIAL  =         0.0000  VOLUME     =    331715.5917
                                                    Density    =         1.0376
 ------------------------------------------------------------------------------

wrapping first mol.:      -75.70653        0.00000        0.00000
wrapping first mol.:      -75.70653        0.00000        0.00000
wrapping first mol.:      -75.71782        0.00000        0.00000
wrapping first mol.:      -75.71782        0.00000        0.00000
wrapping first mol.:      -75.67112        0.00000        0.00000
wrapping first mol.:      -75.67112        0.00000        0.00000
wrapping first mol.:      -75.63794        0.00000        0.00000
wrapping first mol.:      -75.63794        0.00000        0.00000
wrapping first mol.:      -75.57824        0.00000        0.00000
wrapping first mol.:      -75.57824        0.00000        0.00000

 NSTEP =  3775000   TIME(PS) =    9250.000  TEMP(K) =   303.08  PRESS =     0.0
 Etot   =   -117310.0375  EKtot   =     20712.4355  EPtot      =   -138022.4731
 BOND   =       589.2858  ANGLE   =      1487.0721  DIHED      =       979.6458
 UB     =         0.0000  IMP     =         0.0000  CMAP       =       143.9759
 1-4 NB =       632.0095  1-4 EEL =      5846.9349  VDWAALS    =     16443.9069
 EELEC  =   -164145.3039  EHBOND  =         0.0000  RESTRAINT  =         0.0000
 EKCMT  =         0.0000  VIRIAL  =         0.0000  VOLUME     =    332329.1769
                                                    Density    =         1.0357
 ------------------------------------------------------------------------------

wrapping first mol.:      -75.63438        0.00000        0.00000
wrapping first mol.:      -75.63438        0.00000        0.00000
wrapping first mol.:      -75.73622        0.00000        0.00000
wrapping first mol.:      -75.73622        0.00000        0.00000
wrapping first mol.:      -75.67776        0.00000        0.00000
wrapping first mol.:      -75.67776        0.00000        0.00000
wrapping first mol.:      -75.63736        0.00000        0.00000
wrapping first mol.:      -75.63736        0.00000        0.00000
wrapping first mol.:      -75.65438        0.00000        0.00000
wrapping first mol.:      -75.65438        0.00000        0.00000

 NSTEP =  3800000   TIME(PS) =    9300.000  TEMP(K) =   297.34  PRESS =     0.0
 Etot   =   -117531.0794  EKtot   =     20320.6641  EPtot      =   -137851.7435
 BOND   =       586.3752  ANGLE   =      1574.5742  DIHED      =       989.3600
 UB     =         0.0000  IMP     =         0.0000  CMAP       =       131.9076
 1-4 NB =       620.4539  1-4 EEL =      5803.5616  VDWAALS    =     16483.2677
 EELEC  =   -164041.2437  EHBOND  =         0.0000  RESTRAINT  =         0.0000
 EKCMT  =         0.0000  VIRIAL  =         0.0000  VOLUME     =    333334.5913
                                                    Density    =         1.0326
 ------------------------------------------------------------------------------

wrapping first mol.:      -75.65127        0.00000        0.00000
wrapping first mol.:      -75.65127        0.00000        0.00000
wrapping first mol.:      -75.66075        0.00000        0.00000
wrapping first mol.:      -75.66075        0.00000        0.00000
wrapping first mol.:      -75.71374        0.00000        0.00000
wrapping first mol.:      -75.71374        0.00000        0.00000
wrapping first mol.:      -75.64492        0.00000        0.00000
wrapping first mol.:      -75.64492        0.00000        0.00000
wrapping first mol.:      -75.75170        0.00000        0.00000
wrapping first mol.:      -75.75170        0.00000        0.00000

 NSTEP =  3825000   TIME(PS) =    9350.000  TEMP(K) =   301.87  PRESS =     0.0
 Etot   =   -116792.3724  EKtot   =     20629.9492  EPtot      =   -137422.3217
 BOND   =       577.5748  ANGLE   =      1527.3939  DIHED      =       992.8671
 UB     =         0.0000  IMP     =         0.0000  CMAP       =       146.6561
 1-4 NB =       644.2167  1-4 EEL =      5819.9590  VDWAALS    =     16725.8172
 EELEC  =   -163856.8065  EHBOND  =         0.0000  RESTRAINT  =         0.0000
 EKCMT  =         0.0000  VIRIAL  =         0.0000  VOLUME     =    334622.5608
                                                    Density    =         1.0286
 ------------------------------------------------------------------------------

wrapping first mol.:      -75.72054        0.00000        0.00000
wrapping first mol.:      -75.72054        0.00000        0.00000
wrapping first mol.:      -75.64586        0.00000        0.00000
wrapping first mol.:      -75.64586        0.00000        0.00000
wrapping first mol.:      -75.69781        0.00000        0.00000
wrapping first mol.:      -75.69781        0.00000        0.00000
wrapping first mol.:      -75.68533        0.00000        0.00000
wrapping first mol.:      -75.68533        0.00000        0.00000
wrapping first mol.:      -75.73794        0.00000        0.00000
wrapping first mol.:      -75.73794        0.00000        0.00000

 NSTEP =  3850000   TIME(PS) =    9400.000  TEMP(K) =   301.53  PRESS =     0.0
 Etot   =   -117140.2617  EKtot   =     20606.9844  EPtot      =   -137747.2461
 BOND   =       573.3108  ANGLE   =      1548.2674  DIHED      =       974.0710
 UB     =         0.0000  IMP     =         0.0000  CMAP       =       147.4236
 1-4 NB =       638.8771  1-4 EEL =      5765.8133  VDWAALS    =     16404.4025
 EELEC  =   -163799.4118  EHBOND  =         0.0000  RESTRAINT  =         0.0000
 EKCMT  =         0.0000  VIRIAL  =         0.0000  VOLUME     =    334440.3038
                                                    Density    =         1.0292
 ------------------------------------------------------------------------------

wrapping first mol.:      -75.64385        0.00000        0.00000
wrapping first mol.:      -75.64385        0.00000        0.00000
wrapping first mol.:      -75.62177        0.00000        0.00000
wrapping first mol.:      -75.62177        0.00000        0.00000
wrapping first mol.:      -75.69315        0.00000        0.00000
wrapping first mol.:      -75.69315        0.00000        0.00000
wrapping first mol.:      -75.72743        0.00000        0.00000
wrapping first mol.:      -75.72743        0.00000        0.00000
wrapping first mol.:      -75.68587        0.00000        0.00000
wrapping first mol.:      -75.68587        0.00000        0.00000

 NSTEP =  3875000   TIME(PS) =    9450.000  TEMP(K) =   298.85  PRESS =     0.0
 Etot   =   -117364.4145  EKtot   =     20423.2539  EPtot      =   -137787.6684
 BOND   =       572.6132  ANGLE   =      1506.8285  DIHED      =      1001.6870
 UB     =         0.0000  IMP     =         0.0000  CMAP       =       154.9425
 1-4 NB =       639.9215  1-4 EEL =      5831.9828  VDWAALS    =     16492.1505
 EELEC  =   -163987.7944  EHBOND  =         0.0000  RESTRAINT  =         0.0000
 EKCMT  =         0.0000  VIRIAL  =         0.0000  VOLUME     =    333750.9396
                                                    Density    =         1.0313
 ------------------------------------------------------------------------------

wrapping first mol.:      -75.78170        0.00000        0.00000
wrapping first mol.:      -75.78170        0.00000        0.00000
wrapping first mol.:      -75.73376        0.00000        0.00000
wrapping first mol.:      -75.73376        0.00000        0.00000
wrapping first mol.:      -75.69979        0.00000        0.00000
wrapping first mol.:      -75.69979        0.00000        0.00000
wrapping first mol.:      -75.61209        0.00000        0.00000
wrapping first mol.:      -75.61209        0.00000        0.00000
wrapping first mol.:      -75.64620        0.00000        0.00000
wrapping first mol.:      -75.64620        0.00000        0.00000

 NSTEP =  3900000   TIME(PS) =    9500.000  TEMP(K) =   300.54  PRESS =     0.0
 Etot   =   -117326.5857  EKtot   =     20538.9199  EPtot      =   -137865.5057
 BOND   =       583.7390  ANGLE   =      1579.7159  DIHED      =       985.3195
 UB     =         0.0000  IMP     =         0.0000  CMAP       =       136.1750
 1-4 NB =       639.0875  1-4 EEL =      5832.0369  VDWAALS    =     16528.3829
 EELEC  =   -164149.9623  EHBOND  =         0.0000  RESTRAINT  =         0.0000
 EKCMT  =         0.0000  VIRIAL  =         0.0000  VOLUME     =    333226.5258
                                                    Density    =         1.0329
 ------------------------------------------------------------------------------

wrapping first mol.:      -75.61851        0.00000        0.00000
wrapping first mol.:      -75.61851        0.00000        0.00000
wrapping first mol.:      -75.70662        0.00000        0.00000
wrapping first mol.:      -75.70662        0.00000        0.00000
wrapping first mol.:      -75.67251        0.00000        0.00000
wrapping first mol.:      -75.67251        0.00000        0.00000
wrapping first mol.:      -75.68023        0.00000        0.00000
wrapping first mol.:      -75.68023        0.00000        0.00000
wrapping first mol.:      -75.65511        0.00000        0.00000
wrapping first mol.:      -75.65511        0.00000        0.00000

 NSTEP =  3925000   TIME(PS) =    9550.000  TEMP(K) =   302.16  PRESS =     0.0
 Etot   =   -117170.9261  EKtot   =     20649.9297  EPtot      =   -137820.8558
 BOND   =       542.1533  ANGLE   =      1549.5371  DIHED      =       998.7735
 UB     =         0.0000  IMP     =         0.0000  CMAP       =       142.0945
 1-4 NB =       660.9610  1-4 EEL =      5831.9440  VDWAALS    =     16510.6954
 EELEC  =   -164057.0147  EHBOND  =         0.0000  RESTRAINT  =         0.0000
 EKCMT  =         0.0000  VIRIAL  =         0.0000  VOLUME     =    333344.2499
                                                    Density    =         1.0326
 ------------------------------------------------------------------------------

wrapping first mol.:      -75.61113        0.00000        0.00000
wrapping first mol.:      -75.61113        0.00000        0.00000
wrapping first mol.:      -75.67365        0.00000        0.00000
wrapping first mol.:      -75.67365        0.00000        0.00000
wrapping first mol.:      -75.62945        0.00000        0.00000
wrapping first mol.:      -75.62945        0.00000        0.00000
wrapping first mol.:      -75.67920        0.00000        0.00000
wrapping first mol.:      -75.67920        0.00000        0.00000
wrapping first mol.:      -75.63438        0.00000        0.00000
wrapping first mol.:      -75.63438        0.00000        0.00000

 NSTEP =  3950000   TIME(PS) =    9600.000  TEMP(K) =   299.87  PRESS =     0.0
 Etot   =   -117419.0957  EKtot   =     20493.2383  EPtot      =   -137912.3339
 BOND   =       559.8677  ANGLE   =      1479.6323  DIHED      =       972.4348
 UB     =         0.0000  IMP     =         0.0000  CMAP       =       132.6975
 1-4 NB =       651.4273  1-4 EEL =      5829.3778  VDWAALS    =     16462.4619
 EELEC  =   -164000.2333  EHBOND  =         0.0000  RESTRAINT  =         0.0000
 EKCMT  =         0.0000  VIRIAL  =         0.0000  VOLUME     =    333070.2877
                                                    Density    =         1.0334
 ------------------------------------------------------------------------------

wrapping first mol.:      -75.72811        0.00000        0.00000
wrapping first mol.:      -75.72811        0.00000        0.00000
wrapping first mol.:      -75.69936        0.00000        0.00000
wrapping first mol.:      -75.69936        0.00000        0.00000
wrapping first mol.:      -75.64487        0.00000        0.00000
wrapping first mol.:      -75.64487        0.00000        0.00000
wrapping first mol.:      -75.65662        0.00000        0.00000
wrapping first mol.:      -75.65662        0.00000        0.00000
wrapping first mol.:      -75.52840        0.00000        0.00000
wrapping first mol.:      -75.52840        0.00000        0.00000

 NSTEP =  3975000   TIME(PS) =    9650.000  TEMP(K) =   301.80  PRESS =     0.0
 Etot   =   -117050.2072  EKtot   =     20625.4414  EPtot      =   -137675.6486
 BOND   =       600.1254  ANGLE   =      1503.5714  DIHED      =      1004.7891
 UB     =         0.0000  IMP     =         0.0000  CMAP       =       146.2001
 1-4 NB =       638.4923  1-4 EEL =      5816.1688  VDWAALS    =     16278.5310
 EELEC  =   -163663.5268  EHBOND  =         0.0000  RESTRAINT  =         0.0000
 EKCMT  =         0.0000  VIRIAL  =         0.0000  VOLUME     =    331672.1710
                                                    Density    =         1.0378
 ------------------------------------------------------------------------------

wrapping first mol.:      -75.59968        0.00000        0.00000
wrapping first mol.:      -75.59968        0.00000        0.00000
wrapping first mol.:      -75.63276        0.00000        0.00000
wrapping first mol.:      -75.63276        0.00000        0.00000
wrapping first mol.:      -75.63987        0.00000        0.00000
wrapping first mol.:      -75.63987        0.00000        0.00000
wrapping first mol.:      -75.71805        0.00000        0.00000
wrapping first mol.:      -75.71805        0.00000        0.00000
wrapping first mol.:      -75.70945        0.00000        0.00000
wrapping first mol.:      -75.70945        0.00000        0.00000

 NSTEP =  4000000   TIME(PS) =    9700.000  TEMP(K) =   301.76  PRESS =     0.0
 Etot   =   -116932.2374  EKtot   =     20622.5996  EPtot      =   -137554.8370
 BOND   =       568.0968  ANGLE   =      1497.2361  DIHED      =       983.3341
 UB     =         0.0000  IMP     =         0.0000  CMAP       =       140.5450
 1-4 NB =       646.1488  1-4 EEL =      5807.3584  VDWAALS    =     16454.5591
 EELEC  =   -163652.1154  EHBOND  =         0.0000  RESTRAINT  =         0.0000
 EKCMT  =         0.0000  VIRIAL  =         0.0000  VOLUME     =    334063.0419
                                                    Density    =         1.0303
 ------------------------------------------------------------------------------

wrapping first mol.:      -75.50795        0.00000        0.00000
wrapping first mol.:      -75.50795        0.00000        0.00000
wrapping first mol.:      -75.67710        0.00000        0.00000
wrapping first mol.:      -75.67710        0.00000        0.00000
wrapping first mol.:      -75.60833        0.00000        0.00000
wrapping first mol.:      -75.60833        0.00000        0.00000
wrapping first mol.:      -75.67764        0.00000        0.00000
wrapping first mol.:      -75.67764        0.00000        0.00000
wrapping first mol.:      -75.66501        0.00000        0.00000
wrapping first mol.:      -75.66501        0.00000        0.00000

 NSTEP =  4025000   TIME(PS) =    9750.000  TEMP(K) =   299.27  PRESS =     0.0
 Etot   =   -117736.5440  EKtot   =     20452.5996  EPtot      =   -138189.1436
 BOND   =       565.3104  ANGLE   =      1498.1718  DIHED      =       944.8926
 UB     =         0.0000  IMP     =         0.0000  CMAP       =       140.2608
 1-4 NB =       627.9640  1-4 EEL =      5787.1765  VDWAALS    =     16987.8528
 EELEC  =   -164740.7726  EHBOND  =         0.0000  RESTRAINT  =         0.0000
 EKCMT  =         0.0000  VIRIAL  =         0.0000  VOLUME     =    333475.1206
                                                    Density    =         1.0322
 ------------------------------------------------------------------------------

wrapping first mol.:      -75.65838        0.00000        0.00000
wrapping first mol.:      -75.65838        0.00000        0.00000
wrapping first mol.:      -75.65403        0.00000        0.00000
wrapping first mol.:      -75.65403        0.00000        0.00000
wrapping first mol.:      -75.57820        0.00000        0.00000
wrapping first mol.:      -75.57820        0.00000        0.00000
wrapping first mol.:      -75.69269        0.00000        0.00000
wrapping first mol.:      -75.69269        0.00000        0.00000
wrapping first mol.:      -75.61632        0.00000        0.00000
wrapping first mol.:      -75.61632        0.00000        0.00000

 NSTEP =  4050000   TIME(PS) =    9800.000  TEMP(K) =   301.14  PRESS =     0.0
 Etot   =   -117070.9925  EKtot   =     20579.8613  EPtot      =   -137650.8539
 BOND   =       559.7155  ANGLE   =      1542.9187  DIHED      =       982.7582
 UB     =         0.0000  IMP     =         0.0000  CMAP       =       133.1633
 1-4 NB =       640.4325  1-4 EEL =      5744.3258  VDWAALS    =     16215.6760
 EELEC  =   -163469.8439  EHBOND  =         0.0000  RESTRAINT  =         0.0000
 EKCMT  =         0.0000  VIRIAL  =         0.0000  VOLUME     =    332831.8010
                                                    Density    =         1.0342
 ------------------------------------------------------------------------------

wrapping first mol.:      -75.63416        0.00000        0.00000
wrapping first mol.:      -75.63416        0.00000        0.00000
wrapping first mol.:      -75.65661        0.00000        0.00000
wrapping first mol.:      -75.65661        0.00000        0.00000
wrapping first mol.:      -75.74935        0.00000        0.00000
wrapping first mol.:      -75.74935        0.00000        0.00000
wrapping first mol.:      -75.71392        0.00000        0.00000
wrapping first mol.:      -75.71392        0.00000        0.00000
wrapping first mol.:      -75.64116        0.00000        0.00000
wrapping first mol.:      -75.64116        0.00000        0.00000

 NSTEP =  4075000   TIME(PS) =    9850.000  TEMP(K) =   301.14  PRESS =     0.0
 Etot   =   -117039.8341  EKtot   =     20580.0918  EPtot      =   -137619.9259
 BOND   =       561.0345  ANGLE   =      1493.0977  DIHED      =      1009.5232
 UB     =         0.0000  IMP     =         0.0000  CMAP       =       144.5805
 1-4 NB =       624.0496  1-4 EEL =      5756.2946  VDWAALS    =     16537.6290
 EELEC  =   -163746.1350  EHBOND  =         0.0000  RESTRAINT  =         0.0000
 EKCMT  =         0.0000  VIRIAL  =         0.0000  VOLUME     =    333159.9128
                                                    Density    =         1.0331
 ------------------------------------------------------------------------------

wrapping first mol.:      -75.74577        0.00000        0.00000
wrapping first mol.:      -75.74577        0.00000        0.00000
wrapping first mol.:      -75.64473        0.00000        0.00000
wrapping first mol.:      -75.64473        0.00000        0.00000
wrapping first mol.:      -75.72767        0.00000        0.00000
wrapping first mol.:      -75.72767        0.00000        0.00000
wrapping first mol.:      -75.59319        0.00000        0.00000
wrapping first mol.:      -75.59319        0.00000        0.00000
wrapping first mol.:      -75.69927        0.00000        0.00000
wrapping first mol.:      -75.69927        0.00000        0.00000

 NSTEP =  4100000   TIME(PS) =    9900.000  TEMP(K) =   299.46  PRESS =     0.0
 Etot   =   -117268.2655  EKtot   =     20465.4277  EPtot      =   -137733.6932
 BOND   =       550.0402  ANGLE   =      1471.5112  DIHED      =       983.8358
 UB     =         0.0000  IMP     =         0.0000  CMAP       =       148.7018
 1-4 NB =       649.1397  1-4 EEL =      5793.1655  VDWAALS    =     16518.8258
 EELEC  =   -163848.9132  EHBOND  =         0.0000  RESTRAINT  =         0.0000
 EKCMT  =         0.0000  VIRIAL  =         0.0000  VOLUME     =    333928.2616
                                                    Density    =         1.0308
 ------------------------------------------------------------------------------

wrapping first mol.:      -75.71857        0.00000        0.00000
wrapping first mol.:      -75.71857        0.00000        0.00000
wrapping first mol.:      -75.68650        0.00000        0.00000
wrapping first mol.:      -75.68650        0.00000        0.00000
wrapping first mol.:      -75.64356        0.00000        0.00000
wrapping first mol.:      -75.64356        0.00000        0.00000
wrapping first mol.:      -75.65174        0.00000        0.00000
wrapping first mol.:      -75.65174        0.00000        0.00000
wrapping first mol.:      -75.65885        0.00000        0.00000
wrapping first mol.:      -75.65885        0.00000        0.00000

 NSTEP =  4125000   TIME(PS) =    9950.000  TEMP(K) =   299.72  PRESS =     0.0
 Etot   =   -116728.0400  EKtot   =     20483.2324  EPtot      =   -137211.2724
 BOND   =       552.7177  ANGLE   =      1575.9291  DIHED      =      1016.3875
 UB     =         0.0000  IMP     =         0.0000  CMAP       =       144.2152
 1-4 NB =       662.6805  1-4 EEL =      5834.3529  VDWAALS    =     16384.6184
 EELEC  =   -163382.1737  EHBOND  =         0.0000  RESTRAINT  =         0.0000
 EKCMT  =         0.0000  VIRIAL  =         0.0000  VOLUME     =    333393.6228
                                                    Density    =         1.0324
 ------------------------------------------------------------------------------

wrapping first mol.:      -75.60207        0.00000        0.00000
wrapping first mol.:      -75.60207        0.00000        0.00000
wrapping first mol.:      -75.60272        0.00000        0.00000
wrapping first mol.:      -75.60272        0.00000        0.00000
wrapping first mol.:      -75.69988        0.00000        0.00000
wrapping first mol.:      -75.69988        0.00000        0.00000
wrapping first mol.:      -75.60659        0.00000        0.00000
wrapping first mol.:      -75.60659        0.00000        0.00000
wrapping first mol.:      -75.71782        0.00000        0.00000
wrapping first mol.:      -75.71782        0.00000        0.00000

 NSTEP =  4150000   TIME(PS) =   10000.000  TEMP(K) =   303.94  PRESS =     0.0
 Etot   =   -116826.1405  EKtot   =     20771.3711  EPtot      =   -137597.5116
 BOND   =       573.9609  ANGLE   =      1511.5955  DIHED      =      1016.2920
 UB     =         0.0000  IMP     =         0.0000  CMAP       =       149.0338
 1-4 NB =       661.0945  1-4 EEL =      5793.1150  VDWAALS    =     16261.4907
 EELEC  =   -163564.0940  EHBOND  =         0.0000  RESTRAINT  =         0.0000
 EKCMT  =         0.0000  VIRIAL  =         0.0000  VOLUME     =    334173.7731
                                                    Density    =         1.0300
 ------------------------------------------------------------------------------

wrapping first mol.:      -75.66857        0.00000        0.00000
wrapping first mol.:      -75.66857        0.00000        0.00000
wrapping first mol.:      -75.70790        0.00000        0.00000
wrapping first mol.:      -75.70790        0.00000        0.00000
wrapping first mol.:      -75.78156        0.00000        0.00000
wrapping first mol.:      -75.78156        0.00000        0.00000
wrapping first mol.:      -75.68421        0.00000        0.00000
wrapping first mol.:      -75.68421        0.00000        0.00000
wrapping first mol.:      -75.58278        0.00000        0.00000
wrapping first mol.:      -75.58278        0.00000        0.00000

 NSTEP =  4175000   TIME(PS) =   10050.000  TEMP(K) =   299.36  PRESS =     0.0
 Etot   =   -117288.8921  EKtot   =     20458.6699  EPtot      =   -137747.5620
 BOND   =       582.6901  ANGLE   =      1526.8384  DIHED      =      1016.2983
 UB     =         0.0000  IMP     =         0.0000  CMAP       =       137.9296
 1-4 NB =       633.6703  1-4 EEL =      5800.7521  VDWAALS    =     16219.0707
 EELEC  =   -163664.8115  EHBOND  =         0.0000  RESTRAINT  =         0.0000
 EKCMT  =         0.0000  VIRIAL  =         0.0000  VOLUME     =    332389.1197
                                                    Density    =         1.0355
 ------------------------------------------------------------------------------

wrapping first mol.:      -75.70381        0.00000        0.00000
wrapping first mol.:      -75.70381        0.00000        0.00000
wrapping first mol.:      -75.68596        0.00000        0.00000
wrapping first mol.:      -75.68596        0.00000        0.00000
wrapping first mol.:      -75.60561        0.00000        0.00000
wrapping first mol.:      -75.60561        0.00000        0.00000
wrapping first mol.:      -75.67263        0.00000        0.00000
wrapping first mol.:      -75.67263        0.00000        0.00000
wrapping first mol.:      -75.66100        0.00000        0.00000
wrapping first mol.:      -75.66100        0.00000        0.00000

 NSTEP =  4200000   TIME(PS) =   10100.000  TEMP(K) =   298.96  PRESS =     0.0
 Etot   =   -117070.9583  EKtot   =     20431.2012  EPtot      =   -137502.1594
 BOND   =       572.7384  ANGLE   =      1480.2387  DIHED      =      1010.4236
 UB     =         0.0000  IMP     =         0.0000  CMAP       =       139.6179
 1-4 NB =       657.2167  1-4 EEL =      5842.4712  VDWAALS    =     16369.4016
 EELEC  =   -163574.2676  EHBOND  =         0.0000  RESTRAINT  =         0.0000
 EKCMT  =         0.0000  VIRIAL  =         0.0000  VOLUME     =    333422.1253
                                                    Density    =         1.0323
 ------------------------------------------------------------------------------

wrapping first mol.:      -75.68591        0.00000        0.00000
wrapping first mol.:      -75.68591        0.00000        0.00000
wrapping first mol.:      -75.62780        0.00000        0.00000
wrapping first mol.:      -75.62780        0.00000        0.00000
wrapping first mol.:      -75.70717        0.00000        0.00000
wrapping first mol.:      -75.70717        0.00000        0.00000
wrapping first mol.:      -75.71093        0.00000        0.00000
wrapping first mol.:      -75.71093        0.00000        0.00000
wrapping first mol.:      -75.77631        0.00000        0.00000
wrapping first mol.:      -75.77631        0.00000        0.00000

 NSTEP =  4225000   TIME(PS) =   10150.000  TEMP(K) =   300.91  PRESS =     0.0
 Etot   =   -117381.6650  EKtot   =     20564.5586  EPtot      =   -137946.2236
 BOND   =       543.9704  ANGLE   =      1467.4518  DIHED      =      1019.7008
 UB     =         0.0000  IMP     =         0.0000  CMAP       =       135.1799
 1-4 NB =       648.2412  1-4 EEL =      5842.8835  VDWAALS    =     16365.9047
 EELEC  =   -163969.5560  EHBOND  =         0.0000  RESTRAINT  =         0.0000
 EKCMT  =         0.0000  VIRIAL  =         0.0000  VOLUME     =    334948.9133
                                                    Density    =         1.0276
 ------------------------------------------------------------------------------

wrapping first mol.:      -75.64627        0.00000        0.00000
wrapping first mol.:      -75.64627        0.00000        0.00000
wrapping first mol.:      -75.71167        0.00000        0.00000
wrapping first mol.:      -75.71167        0.00000        0.00000
wrapping first mol.:      -75.74265        0.00000        0.00000
wrapping first mol.:      -75.74265        0.00000        0.00000
wrapping first mol.:      -75.62273        0.00000        0.00000
wrapping first mol.:      -75.62273        0.00000        0.00000
wrapping first mol.:      -75.77046        0.00000        0.00000
wrapping first mol.:      -75.77046        0.00000        0.00000

 NSTEP =  4250000   TIME(PS) =   10200.000  TEMP(K) =   299.84  PRESS =     0.0
 Etot   =   -117161.0563  EKtot   =     20491.2051  EPtot      =   -137652.2614
 BOND   =       553.8270  ANGLE   =      1570.1666  DIHED      =      1009.3760
 UB     =         0.0000  IMP     =         0.0000  CMAP       =       130.0860
 1-4 NB =       658.6362  1-4 EEL =      5829.5723  VDWAALS    =     16454.2907
 EELEC  =   -163858.2162  EHBOND  =         0.0000  RESTRAINT  =         0.0000
 EKCMT  =         0.0000  VIRIAL  =         0.0000  VOLUME     =    334871.2456
                                                    Density    =         1.0279
 ------------------------------------------------------------------------------

wrapping first mol.:      -75.70293        0.00000        0.00000
wrapping first mol.:      -75.70293        0.00000        0.00000
wrapping first mol.:      -75.68504        0.00000        0.00000
wrapping first mol.:      -75.68504        0.00000        0.00000
wrapping first mol.:      -75.70450        0.00000        0.00000
wrapping first mol.:      -75.70450        0.00000        0.00000
wrapping first mol.:      -75.60166        0.00000        0.00000
wrapping first mol.:      -75.60166        0.00000        0.00000
wrapping first mol.:      -75.74219        0.00000        0.00000
wrapping first mol.:      -75.74219        0.00000        0.00000

 NSTEP =  4275000   TIME(PS) =   10250.000  TEMP(K) =   300.15  PRESS =     0.0
 Etot   =   -117372.1908  EKtot   =     20512.7305  EPtot      =   -137884.9212
 BOND   =       562.6879  ANGLE   =      1487.5584  DIHED      =      1003.7677
 UB     =         0.0000  IMP     =         0.0000  CMAP       =       136.0797
 1-4 NB =       652.0886  1-4 EEL =      5792.3210  VDWAALS    =     16188.7602
 EELEC  =   -163708.1847  EHBOND  =         0.0000  RESTRAINT  =         0.0000
 EKCMT  =         0.0000  VIRIAL  =         0.0000  VOLUME     =    334496.5600
                                                    Density    =         1.0290
 ------------------------------------------------------------------------------

wrapping first mol.:      -75.75007        0.00000        0.00000
wrapping first mol.:      -75.75007        0.00000        0.00000
wrapping first mol.:      -75.67588        0.00000        0.00000
wrapping first mol.:      -75.67588        0.00000        0.00000
wrapping first mol.:      -75.69493        0.00000        0.00000
wrapping first mol.:      -75.69493        0.00000        0.00000
wrapping first mol.:      -75.68593        0.00000        0.00000
wrapping first mol.:      -75.68593        0.00000        0.00000
wrapping first mol.:      -75.67040        0.00000        0.00000
wrapping first mol.:      -75.67040        0.00000        0.00000

 NSTEP =  4300000   TIME(PS) =   10300.000  TEMP(K) =   298.98  PRESS =     0.0
 Etot   =   -117294.0018  EKtot   =     20432.7500  EPtot      =   -137726.7518
 BOND   =       564.9490  ANGLE   =      1537.0836  DIHED      =       982.7238
 UB     =         0.0000  IMP     =         0.0000  CMAP       =       147.6631
 1-4 NB =       641.8163  1-4 EEL =      5761.9077  VDWAALS    =     16179.7763
 EELEC  =   -163542.6717  EHBOND  =         0.0000  RESTRAINT  =         0.0000
 EKCMT  =         0.0000  VIRIAL  =         0.0000  VOLUME     =    333546.3278
                                                    Density    =         1.0319
 ------------------------------------------------------------------------------

wrapping first mol.:      -75.66646        0.00000        0.00000
wrapping first mol.:      -75.66646        0.00000        0.00000
wrapping first mol.:      -75.64298        0.00000        0.00000
wrapping first mol.:      -75.64298        0.00000        0.00000
wrapping first mol.:      -75.57844        0.00000        0.00000
wrapping first mol.:      -75.57844        0.00000        0.00000
wrapping first mol.:      -75.63962        0.00000        0.00000
wrapping first mol.:      -75.63962        0.00000        0.00000
wrapping first mol.:      -75.75142        0.00000        0.00000
wrapping first mol.:      -75.75142        0.00000        0.00000

 NSTEP =  4325000   TIME(PS) =   10350.000  TEMP(K) =   297.58  PRESS =     0.0
 Etot   =   -117310.4872  EKtot   =     20336.8496  EPtot      =   -137647.3368
 BOND   =       544.2975  ANGLE   =      1537.4498  DIHED      =      1010.4301
 UB     =         0.0000  IMP     =         0.0000  CMAP       =       140.1960
 1-4 NB =       650.5394  1-4 EEL =      5801.0479  VDWAALS    =     16372.1055
 EELEC  =   -163703.4030  EHBOND  =         0.0000  RESTRAINT  =         0.0000
 EKCMT  =         0.0000  VIRIAL  =         0.0000  VOLUME     =    334618.8873
                                                    Density    =         1.0286
 ------------------------------------------------------------------------------

wrapping first mol.:      -75.56237        0.00000        0.00000
wrapping first mol.:      -75.56237        0.00000        0.00000
wrapping first mol.:      -75.66399        0.00000        0.00000
wrapping first mol.:      -75.66399        0.00000        0.00000
wrapping first mol.:      -75.70303        0.00000        0.00000
wrapping first mol.:      -75.70303        0.00000        0.00000
wrapping first mol.:      -75.68566        0.00000        0.00000
wrapping first mol.:      -75.68566        0.00000        0.00000
wrapping first mol.:      -75.74077        0.00000        0.00000
wrapping first mol.:      -75.74077        0.00000        0.00000

 NSTEP =  4350000   TIME(PS) =   10400.000  TEMP(K) =   302.52  PRESS =     0.0
 Etot   =   -116738.3388  EKtot   =     20674.0938  EPtot      =   -137412.4326
 BOND   =       539.5237  ANGLE   =      1495.0665  DIHED      =      1018.5343
 UB     =         0.0000  IMP     =         0.0000  CMAP       =       137.8171
 1-4 NB =       651.8275  1-4 EEL =      5842.7104  VDWAALS    =     16595.9620
 EELEC  =   -163693.8742  EHBOND  =         0.0000  RESTRAINT  =         0.0000
 EKCMT  =         0.0000  VIRIAL  =         0.0000  VOLUME     =    334477.8016
                                                    Density    =         1.0291
 ------------------------------------------------------------------------------

wrapping first mol.:      -75.67184        0.00000        0.00000
wrapping first mol.:      -75.67184        0.00000        0.00000
wrapping first mol.:      -75.74886        0.00000        0.00000
wrapping first mol.:      -75.74886        0.00000        0.00000
wrapping first mol.:      -75.72612        0.00000        0.00000
wrapping first mol.:      -75.72612        0.00000        0.00000
wrapping first mol.:      -75.63316        0.00000        0.00000
wrapping first mol.:      -75.63316        0.00000        0.00000
wrapping first mol.:      -75.74794        0.00000        0.00000
wrapping first mol.:      -75.74794        0.00000        0.00000

 NSTEP =  4375000   TIME(PS) =   10450.000  TEMP(K) =   300.17  PRESS =     0.0
 Etot   =   -116978.6309  EKtot   =     20513.7910  EPtot      =   -137492.4219
 BOND   =       574.9395  ANGLE   =      1472.2109  DIHED      =       968.8345
 UB     =         0.0000  IMP     =         0.0000  CMAP       =       139.0916
 1-4 NB =       643.6360  1-4 EEL =      5790.7822  VDWAALS    =     16367.7590
 EELEC  =   -163449.6756  EHBOND  =         0.0000  RESTRAINT  =         0.0000
 EKCMT  =         0.0000  VIRIAL  =         0.0000  VOLUME     =    334572.8006
                                                    Density    =         1.0288
 ------------------------------------------------------------------------------

wrapping first mol.:      -75.74984        0.00000        0.00000
wrapping first mol.:      -75.74984        0.00000        0.00000
wrapping first mol.:      -75.71844        0.00000        0.00000
wrapping first mol.:      -75.71844        0.00000        0.00000
wrapping first mol.:      -75.72167        0.00000        0.00000
wrapping first mol.:      -75.72167        0.00000        0.00000
wrapping first mol.:      -75.68197        0.00000        0.00000
wrapping first mol.:      -75.68197        0.00000        0.00000
wrapping first mol.:      -75.56079        0.00000        0.00000
wrapping first mol.:      -75.56079        0.00000        0.00000

 NSTEP =  4400000   TIME(PS) =   10500.000  TEMP(K) =   296.65  PRESS =     0.0
 Etot   =   -117627.6083  EKtot   =     20273.1191  EPtot      =   -137900.7274
 BOND   =       601.4052  ANGLE   =      1469.4254  DIHED      =      1000.5487
 UB     =         0.0000  IMP     =         0.0000  CMAP       =       151.1160
 1-4 NB =       635.2505  1-4 EEL =      5837.6825  VDWAALS    =     16600.6436
 EELEC  =   -164196.7993  EHBOND  =         0.0000  RESTRAINT  =         0.0000
 EKCMT  =         0.0000  VIRIAL  =         0.0000  VOLUME     =    332099.0451
                                                    Density    =         1.0364
 ------------------------------------------------------------------------------

wrapping first mol.:      -75.71770        0.00000        0.00000
wrapping first mol.:      -75.71770        0.00000        0.00000
wrapping first mol.:      -75.72350        0.00000        0.00000
wrapping first mol.:      -75.72350        0.00000        0.00000
wrapping first mol.:      -75.67774        0.00000        0.00000
wrapping first mol.:      -75.67774        0.00000        0.00000
wrapping first mol.:      -75.60089        0.00000        0.00000
wrapping first mol.:      -75.60089        0.00000        0.00000
wrapping first mol.:      -75.73124        0.00000        0.00000
wrapping first mol.:      -75.73124        0.00000        0.00000

 NSTEP =  4425000   TIME(PS) =   10550.000  TEMP(K) =   300.86  PRESS =     0.0
 Etot   =   -117017.5471  EKtot   =     20561.0332  EPtot      =   -137578.5803
 BOND   =       534.8079  ANGLE   =      1497.2897  DIHED      =       985.9210
 UB     =         0.0000  IMP     =         0.0000  CMAP       =       155.7937
 1-4 NB =       652.6029  1-4 EEL =      5836.8826  VDWAALS    =     16296.6321
 EELEC  =   -163538.5101  EHBOND  =         0.0000  RESTRAINT  =         0.0000
 EKCMT  =         0.0000  VIRIAL  =         0.0000  VOLUME     =    334351.5614
                                                    Density    =         1.0295
 ------------------------------------------------------------------------------

wrapping first mol.:      -75.70146        0.00000        0.00000
wrapping first mol.:      -75.70146        0.00000        0.00000
wrapping first mol.:      -75.75569        0.00000        0.00000
wrapping first mol.:      -75.75569        0.00000        0.00000
wrapping first mol.:      -75.67174        0.00000        0.00000
wrapping first mol.:      -75.67174        0.00000        0.00000
wrapping first mol.:      -75.58547        0.00000        0.00000
wrapping first mol.:      -75.58547        0.00000        0.00000
wrapping first mol.:      -75.76576        0.00000        0.00000
wrapping first mol.:      -75.76576        0.00000        0.00000

 NSTEP =  4450000   TIME(PS) =   10600.000  TEMP(K) =   299.58  PRESS =     0.0
 Etot   =   -117214.3973  EKtot   =     20473.5605  EPtot      =   -137687.9579
 BOND   =       549.7289  ANGLE   =      1503.3784  DIHED      =       993.0446
 UB     =         0.0000  IMP     =         0.0000  CMAP       =       143.7127
 1-4 NB =       642.3439  1-4 EEL =      5876.1433  VDWAALS    =     16363.9830
 EELEC  =   -163760.2927  EHBOND  =         0.0000  RESTRAINT  =         0.0000
 EKCMT  =         0.0000  VIRIAL  =         0.0000  VOLUME     =    334808.9062
                                                    Density    =         1.0281
 ------------------------------------------------------------------------------

wrapping first mol.:      -75.64776        0.00000        0.00000
wrapping first mol.:      -75.64776        0.00000        0.00000
wrapping first mol.:      -75.67237        0.00000        0.00000
wrapping first mol.:      -75.67237        0.00000        0.00000
wrapping first mol.:      -75.61899        0.00000        0.00000
wrapping first mol.:      -75.61899        0.00000        0.00000
wrapping first mol.:      -75.77455        0.00000        0.00000
wrapping first mol.:      -75.77455        0.00000        0.00000
wrapping first mol.:      -75.63870        0.00000        0.00000
wrapping first mol.:      -75.63870        0.00000        0.00000

 NSTEP =  4475000   TIME(PS) =   10650.000  TEMP(K) =   301.95  PRESS =     0.0
 Etot   =   -117126.7847  EKtot   =     20635.5039  EPtot      =   -137762.2886
 BOND   =       571.7882  ANGLE   =      1510.9007  DIHED      =      1008.9000
 UB     =         0.0000  IMP     =         0.0000  CMAP       =       144.7496
 1-4 NB =       655.7783  1-4 EEL =      5834.4560  VDWAALS    =     16333.0377
 EELEC  =   -163821.8992  EHBOND  =         0.0000  RESTRAINT  =         0.0000
 EKCMT  =         0.0000  VIRIAL  =         0.0000  VOLUME     =    333127.3377
                                                    Density    =         1.0332
 ------------------------------------------------------------------------------

wrapping first mol.:      -75.68819        0.00000        0.00000
wrapping first mol.:      -75.68819        0.00000        0.00000
wrapping first mol.:      -75.61862        0.00000        0.00000
wrapping first mol.:      -75.61862        0.00000        0.00000
wrapping first mol.:      -75.71396        0.00000        0.00000
wrapping first mol.:      -75.71396        0.00000        0.00000
wrapping first mol.:      -75.68407        0.00000        0.00000
wrapping first mol.:      -75.68407        0.00000        0.00000
wrapping first mol.:      -75.73543        0.00000        0.00000
wrapping first mol.:      -75.73543        0.00000        0.00000

 NSTEP =  4500000   TIME(PS) =   10700.000  TEMP(K) =   302.59  PRESS =     0.0
 Etot   =   -117095.6835  EKtot   =     20679.0449  EPtot      =   -137774.7285
 BOND   =       565.5625  ANGLE   =      1539.5197  DIHED      =       997.1537
 UB     =         0.0000  IMP     =         0.0000  CMAP       =       145.6576
 1-4 NB =       640.5617  1-4 EEL =      5863.3285  VDWAALS    =     16407.5399
 EELEC  =   -163934.0521  EHBOND  =         0.0000  RESTRAINT  =         0.0000
 EKCMT  =         0.0000  VIRIAL  =         0.0000  VOLUME     =    334407.1129
                                                    Density    =         1.0293
 ------------------------------------------------------------------------------

wrapping first mol.:      -75.66558        0.00000        0.00000
wrapping first mol.:      -75.66558        0.00000        0.00000
wrapping first mol.:      -75.74672        0.00000        0.00000
wrapping first mol.:      -75.74672        0.00000        0.00000
wrapping first mol.:      -75.73825        0.00000        0.00000
wrapping first mol.:      -75.73825        0.00000        0.00000
wrapping first mol.:      -75.69838        0.00000        0.00000
wrapping first mol.:      -75.69838        0.00000        0.00000
wrapping first mol.:      -75.55705        0.00000        0.00000
wrapping first mol.:      -75.55705        0.00000        0.00000

 NSTEP =  4525000   TIME(PS) =   10750.000  TEMP(K) =   302.91  PRESS =     0.0
 Etot   =   -116860.2570  EKtot   =     20701.0645  EPtot      =   -137561.3214
 BOND   =       588.0687  ANGLE   =      1493.6263  DIHED      =       997.9946
 UB     =         0.0000  IMP     =         0.0000  CMAP       =       147.2879
 1-4 NB =       626.2384  1-4 EEL =      5845.9050  VDWAALS    =     16366.3220
 EELEC  =   -163626.7644  EHBOND  =         0.0000  RESTRAINT  =         0.0000
 EKCMT  =         0.0000  VIRIAL  =         0.0000  VOLUME     =    332049.7004
                                                    Density    =         1.0366
 ------------------------------------------------------------------------------

wrapping first mol.:      -75.64666        0.00000        0.00000
wrapping first mol.:      -75.64666        0.00000        0.00000
wrapping first mol.:      -75.74978        0.00000        0.00000
wrapping first mol.:      -75.74978        0.00000        0.00000
wrapping first mol.:      -75.68536        0.00000        0.00000
wrapping first mol.:      -75.68536        0.00000        0.00000
wrapping first mol.:      -75.68710        0.00000        0.00000
wrapping first mol.:      -75.68710        0.00000        0.00000
wrapping first mol.:      -75.62193        0.00000        0.00000
wrapping first mol.:      -75.62193        0.00000        0.00000

 NSTEP =  4550000   TIME(PS) =   10800.000  TEMP(K) =   298.80  PRESS =     0.0
 Etot   =   -117528.5539  EKtot   =     20420.1191  EPtot      =   -137948.6731
 BOND   =       551.8133  ANGLE   =      1468.3739  DIHED      =       997.8978
 UB     =         0.0000  IMP     =         0.0000  CMAP       =       137.6805
 1-4 NB =       642.5654  1-4 EEL =      5850.5437  VDWAALS    =     16253.4368
 EELEC  =   -163850.9847  EHBOND  =         0.0000  RESTRAINT  =         0.0000
 EKCMT  =         0.0000  VIRIAL  =         0.0000  VOLUME     =    332905.8065
                                                    Density    =         1.0339
 ------------------------------------------------------------------------------

wrapping first mol.:      -75.62851        0.00000        0.00000
wrapping first mol.:      -75.62851        0.00000        0.00000
wrapping first mol.:      -75.65562        0.00000        0.00000
wrapping first mol.:      -75.65562        0.00000        0.00000
wrapping first mol.:      -75.64884        0.00000        0.00000
wrapping first mol.:      -75.64884        0.00000        0.00000
wrapping first mol.:      -75.68835        0.00000        0.00000
wrapping first mol.:      -75.68835        0.00000        0.00000
wrapping first mol.:      -75.62013        0.00000        0.00000
wrapping first mol.:      -75.62013        0.00000        0.00000

 NSTEP =  4575000   TIME(PS) =   10850.000  TEMP(K) =   297.87  PRESS =     0.0
 Etot   =   -117363.9609  EKtot   =     20356.4922  EPtot      =   -137720.4530
 BOND   =       555.7726  ANGLE   =      1546.5809  DIHED      =      1004.3725
 UB     =         0.0000  IMP     =         0.0000  CMAP       =       133.7693
 1-4 NB =       639.3148  1-4 EEL =      5845.8946  VDWAALS    =     16756.8570
 EELEC  =   -164203.0148  EHBOND  =         0.0000  RESTRAINT  =         0.0000
 EKCMT  =         0.0000  VIRIAL  =         0.0000  VOLUME     =    332882.0466
                                                    Density    =         1.0340
 ------------------------------------------------------------------------------

wrapping first mol.:      -75.67080        0.00000        0.00000
wrapping first mol.:      -75.67080        0.00000        0.00000
wrapping first mol.:      -75.71673        0.00000        0.00000
wrapping first mol.:      -75.71673        0.00000        0.00000
wrapping first mol.:      -75.65923        0.00000        0.00000
wrapping first mol.:      -75.65923        0.00000        0.00000
wrapping first mol.:      -75.79599        0.00000        0.00000
wrapping first mol.:      -75.79599        0.00000        0.00000
wrapping first mol.:      -75.69074        0.00000        0.00000
wrapping first mol.:      -75.69074        0.00000        0.00000

 NSTEP =  4600000   TIME(PS) =   10900.000  TEMP(K) =   301.07  PRESS =     0.0
 Etot   =   -117008.9349  EKtot   =     20575.3086  EPtot      =   -137584.2435
 BOND   =       557.3568  ANGLE   =      1512.5901  DIHED      =      1028.9758
 UB     =         0.0000  IMP     =         0.0000  CMAP       =       140.1552
 1-4 NB =       650.4701  1-4 EEL =      5857.3701  VDWAALS    =     16682.5949
 EELEC  =   -164013.7565  EHBOND  =         0.0000  RESTRAINT  =         0.0000
 EKCMT  =         0.0000  VIRIAL  =         0.0000  VOLUME     =    333815.4790
                                                    Density    =         1.0311
 ------------------------------------------------------------------------------

wrapping first mol.:      -75.79297        0.00000        0.00000
wrapping first mol.:      -75.79297        0.00000        0.00000
wrapping first mol.:      -75.69655        0.00000        0.00000
wrapping first mol.:      -75.69655        0.00000        0.00000
wrapping first mol.:      -75.69507        0.00000        0.00000
wrapping first mol.:      -75.69507        0.00000        0.00000
wrapping first mol.:      -75.65336        0.00000        0.00000
wrapping first mol.:      -75.65336        0.00000        0.00000
wrapping first mol.:      -75.69269        0.00000        0.00000
wrapping first mol.:      -75.69269        0.00000        0.00000

 NSTEP =  4625000   TIME(PS) =   10950.000  TEMP(K) =   298.64  PRESS =     0.0
 Etot   =   -116884.3621  EKtot   =     20409.2539  EPtot      =   -137293.6160
 BOND   =       573.5927  ANGLE   =      1522.0655  DIHED      =       983.1386
 UB     =         0.0000  IMP     =         0.0000  CMAP       =       140.8632
 1-4 NB =       644.9299  1-4 EEL =      5833.1408  VDWAALS    =     16214.5036
 EELEC  =   -163205.8504  EHBOND  =         0.0000  RESTRAINT  =         0.0000
 EKCMT  =         0.0000  VIRIAL  =         0.0000  VOLUME     =    333841.2675
                                                    Density    =         1.0310
 ------------------------------------------------------------------------------

wrapping first mol.:      -75.67814        0.00000        0.00000
wrapping first mol.:      -75.67814        0.00000        0.00000
wrapping first mol.:      -75.67850        0.00000        0.00000
wrapping first mol.:      -75.67850        0.00000        0.00000
wrapping first mol.:      -75.71057        0.00000        0.00000
wrapping first mol.:      -75.71057        0.00000        0.00000
wrapping first mol.:      -75.64824        0.00000        0.00000
wrapping first mol.:      -75.64824        0.00000        0.00000
wrapping first mol.:      -75.61023        0.00000        0.00000
wrapping first mol.:      -75.61023        0.00000        0.00000

 NSTEP =  4650000   TIME(PS) =   11000.000  TEMP(K) =   300.59  PRESS =     0.0
 Etot   =   -117023.6506  EKtot   =     20542.7500  EPtot      =   -137566.4006
 BOND   =       534.1292  ANGLE   =      1515.9457  DIHED      =       982.3341
 UB     =         0.0000  IMP     =         0.0000  CMAP       =       142.7558
 1-4 NB =       640.4683  1-4 EEL =      5907.2788  VDWAALS    =     16330.7290
 EELEC  =   -163620.0415  EHBOND  =         0.0000  RESTRAINT  =         0.0000
 EKCMT  =         0.0000  VIRIAL  =         0.0000  VOLUME     =    332751.3066
                                                    Density    =         1.0344
 ------------------------------------------------------------------------------

wrapping first mol.:      -75.65464        0.00000        0.00000
wrapping first mol.:      -75.65464        0.00000        0.00000
wrapping first mol.:      -75.62706        0.00000        0.00000
wrapping first mol.:      -75.62706        0.00000        0.00000
wrapping first mol.:      -75.67080        0.00000        0.00000
wrapping first mol.:      -75.67080        0.00000        0.00000
wrapping first mol.:      -75.60327        0.00000        0.00000
wrapping first mol.:      -75.60327        0.00000        0.00000
wrapping first mol.:      -75.66710        0.00000        0.00000
wrapping first mol.:      -75.66710        0.00000        0.00000

 NSTEP =  4675000   TIME(PS) =   11050.000  TEMP(K) =   300.67  PRESS =     0.0
 Etot   =   -116974.7253  EKtot   =     20548.2676  EPtot      =   -137522.9929
 BOND   =       599.7139  ANGLE   =      1516.2934  DIHED      =       989.9258
 UB     =         0.0000  IMP     =         0.0000  CMAP       =       139.7005
 1-4 NB =       647.5887  1-4 EEL =      5820.2034  VDWAALS    =     16114.4170
 EELEC  =   -163350.8356  EHBOND  =         0.0000  RESTRAINT  =         0.0000
 EKCMT  =         0.0000  VIRIAL  =         0.0000  VOLUME     =    333502.7011
                                                    Density    =         1.0321
 ------------------------------------------------------------------------------

wrapping first mol.:      -75.69183        0.00000        0.00000
wrapping first mol.:      -75.69183        0.00000        0.00000
wrapping first mol.:      -75.63202        0.00000        0.00000
wrapping first mol.:      -75.63202        0.00000        0.00000
wrapping first mol.:      -75.68149        0.00000        0.00000
wrapping first mol.:      -75.68149        0.00000        0.00000
wrapping first mol.:      -75.70055        0.00000        0.00000
wrapping first mol.:      -75.70055        0.00000        0.00000
wrapping first mol.:      -75.66185        0.00000        0.00000
wrapping first mol.:      -75.66185        0.00000        0.00000

 NSTEP =  4700000   TIME(PS) =   11100.000  TEMP(K) =   300.63  PRESS =     0.0
 Etot   =   -117141.5843  EKtot   =     20545.1172  EPtot      =   -137686.7015
 BOND   =       569.0713  ANGLE   =      1539.5609  DIHED      =       988.8012
 UB     =         0.0000  IMP     =         0.0000  CMAP       =       135.6030
 1-4 NB =       655.8906  1-4 EEL =      5834.3518  VDWAALS    =     16499.6813
 EELEC  =   -163909.6617  EHBOND  =         0.0000  RESTRAINT  =         0.0000
 EKCMT  =         0.0000  VIRIAL  =         0.0000  VOLUME     =    333433.2789
                                                    Density    =         1.0323
 ------------------------------------------------------------------------------

wrapping first mol.:      -75.66395        0.00000        0.00000
wrapping first mol.:      -75.66395        0.00000        0.00000
wrapping first mol.:      -75.76461        0.00000        0.00000
wrapping first mol.:      -75.76461        0.00000        0.00000
wrapping first mol.:      -75.70630        0.00000        0.00000
wrapping first mol.:      -75.70630        0.00000        0.00000
wrapping first mol.:      -75.77705        0.00000        0.00000
wrapping first mol.:      -75.77705        0.00000        0.00000
wrapping first mol.:      -75.66630        0.00000        0.00000
wrapping first mol.:      -75.66630        0.00000        0.00000

 NSTEP =  4725000   TIME(PS) =   11150.000  TEMP(K) =   300.74  PRESS =     0.0
 Etot   =   -117121.6366  EKtot   =     20552.6406  EPtot      =   -137674.2772
 BOND   =       548.6318  ANGLE   =      1561.1101  DIHED      =      1008.1042
 UB     =         0.0000  IMP     =         0.0000  CMAP       =       129.6854
 1-4 NB =       653.4461  1-4 EEL =      5861.8679  VDWAALS    =     16137.7909
 EELEC  =   -163574.9136  EHBOND  =         0.0000  RESTRAINT  =         0.0000
 EKCMT  =         0.0000  VIRIAL  =         0.0000  VOLUME     =    333492.1547
                                                    Density    =         1.0321
 ------------------------------------------------------------------------------

wrapping first mol.:      -75.72848        0.00000        0.00000
wrapping first mol.:      -75.72848        0.00000        0.00000
wrapping first mol.:      -75.73041        0.00000        0.00000
wrapping first mol.:      -75.73041        0.00000        0.00000
wrapping first mol.:      -75.69574        0.00000        0.00000
wrapping first mol.:      -75.69574        0.00000        0.00000
wrapping first mol.:      -75.75577        0.00000        0.00000
wrapping first mol.:      -75.75577        0.00000        0.00000
wrapping first mol.:      -75.65519        0.00000        0.00000
wrapping first mol.:      -75.65519        0.00000        0.00000

 NSTEP =  4750000   TIME(PS) =   11200.000  TEMP(K) =   299.06  PRESS =     0.0
 Etot   =   -117126.1437  EKtot   =     20437.5859  EPtot      =   -137563.7296
 BOND   =       584.3348  ANGLE   =      1445.0654  DIHED      =      1008.3762
 UB     =         0.0000  IMP     =         0.0000  CMAP       =       132.2160
 1-4 NB =       640.3309  1-4 EEL =      5848.4758  VDWAALS    =     16328.4648
 EELEC  =   -163550.9936  EHBOND  =         0.0000  RESTRAINT  =         0.0000
 EKCMT  =         0.0000  VIRIAL  =         0.0000  VOLUME     =    333345.2342
                                                    Density    =         1.0326
 ------------------------------------------------------------------------------

wrapping first mol.:      -75.67606        0.00000        0.00000
wrapping first mol.:      -75.67606        0.00000        0.00000
wrapping first mol.:      -75.61776        0.00000        0.00000
wrapping first mol.:      -75.61776        0.00000        0.00000
wrapping first mol.:      -75.61633        0.00000        0.00000
wrapping first mol.:      -75.61633        0.00000        0.00000
wrapping first mol.:      -75.59357        0.00000        0.00000
wrapping first mol.:      -75.59357        0.00000        0.00000
wrapping first mol.:      -75.73892        0.00000        0.00000
wrapping first mol.:      -75.73892        0.00000        0.00000

 NSTEP =  4775000   TIME(PS) =   11250.000  TEMP(K) =   298.91  PRESS =     0.0
 Etot   =   -117134.5699  EKtot   =     20428.0020  EPtot      =   -137562.5718
 BOND   =       576.2689  ANGLE   =      1491.9272  DIHED      =      1011.3001
 UB     =         0.0000  IMP     =         0.0000  CMAP       =       147.3040
 1-4 NB =       640.5207  1-4 EEL =      5833.8738  VDWAALS    =     16386.4603
 EELEC  =   -163650.2268  EHBOND  =         0.0000  RESTRAINT  =         0.0000
 EKCMT  =         0.0000  VIRIAL  =         0.0000  VOLUME     =    334453.2628
                                                    Density    =         1.0291
 ------------------------------------------------------------------------------

wrapping first mol.:      -75.63562        0.00000        0.00000
wrapping first mol.:      -75.63562        0.00000        0.00000
wrapping first mol.:      -75.66545        0.00000        0.00000
wrapping first mol.:      -75.66545        0.00000        0.00000
wrapping first mol.:      -75.58534        0.00000        0.00000
wrapping first mol.:      -75.58534        0.00000        0.00000
wrapping first mol.:      -75.60695        0.00000        0.00000
wrapping first mol.:      -75.60695        0.00000        0.00000
wrapping first mol.:      -75.62939        0.00000        0.00000
wrapping first mol.:      -75.62939        0.00000        0.00000

 NSTEP =  4800000   TIME(PS) =   11300.000  TEMP(K) =   302.70  PRESS =     0.0
 Etot   =   -117207.9716  EKtot   =     20686.7070  EPtot      =   -137894.6787
 BOND   =       555.0681  ANGLE   =      1554.4346  DIHED      =       998.8066
 UB     =         0.0000  IMP     =         0.0000  CMAP       =       145.9859
 1-4 NB =       647.9776  1-4 EEL =      5805.8426  VDWAALS    =     16592.3821
 EELEC  =   -164195.1762  EHBOND  =         0.0000  RESTRAINT  =         0.0000
 EKCMT  =         0.0000  VIRIAL  =         0.0000  VOLUME     =    333004.3293
                                                    Density    =         1.0336
 ------------------------------------------------------------------------------

wrapping first mol.:      -75.56322        0.00000        0.00000
wrapping first mol.:      -75.56322        0.00000        0.00000
wrapping first mol.:      -75.73808        0.00000        0.00000
wrapping first mol.:      -75.73808        0.00000        0.00000
wrapping first mol.:      -75.76415        0.00000        0.00000
wrapping first mol.:      -75.76415        0.00000        0.00000
wrapping first mol.:      -75.79681        0.00000        0.00000
wrapping first mol.:      -75.79681        0.00000        0.00000
wrapping first mol.:      -75.65521        0.00000        0.00000
wrapping first mol.:      -75.65521        0.00000        0.00000

 NSTEP =  4825000   TIME(PS) =   11350.000  TEMP(K) =   299.12  PRESS =     0.0
 Etot   =   -117003.2962  EKtot   =     20441.7910  EPtot      =   -137445.0872
 BOND   =       597.6335  ANGLE   =      1508.4581  DIHED      =      1001.9296
 UB     =         0.0000  IMP     =         0.0000  CMAP       =       144.1056
 1-4 NB =       635.4492  1-4 EEL =      5826.7691  VDWAALS    =     16526.6258
 EELEC  =   -163686.0581  EHBOND  =         0.0000  RESTRAINT  =         0.0000
 EKCMT  =         0.0000  VIRIAL  =         0.0000  VOLUME     =    333345.5786
                                                    Density    =         1.0326
 ------------------------------------------------------------------------------

wrapping first mol.:      -75.69691        0.00000        0.00000
wrapping first mol.:      -75.69691        0.00000        0.00000
wrapping first mol.:      -75.67055        0.00000        0.00000
wrapping first mol.:      -75.67055        0.00000        0.00000
wrapping first mol.:      -75.60381        0.00000        0.00000
wrapping first mol.:      -75.60381        0.00000        0.00000
wrapping first mol.:      -75.64495        0.00000        0.00000
wrapping first mol.:      -75.64495        0.00000        0.00000
wrapping first mol.:      -75.76837        0.00000        0.00000
wrapping first mol.:      -75.76837        0.00000        0.00000

 NSTEP =  4850000   TIME(PS) =   11400.000  TEMP(K) =   300.95  PRESS =     0.0
 Etot   =   -117061.2872  EKtot   =     20566.7734  EPtot      =   -137628.0607
 BOND   =       570.9332  ANGLE   =      1550.8387  DIHED      =       991.5756
 UB     =         0.0000  IMP     =         0.0000  CMAP       =       140.7874
 1-4 NB =       631.7113  1-4 EEL =      5864.6364  VDWAALS    =     16699.5539
 EELEC  =   -164078.0972  EHBOND  =         0.0000  RESTRAINT  =         0.0000
 EKCMT  =         0.0000  VIRIAL  =         0.0000  VOLUME     =    334843.5170
                                                    Density    =         1.0279
 ------------------------------------------------------------------------------

wrapping first mol.:      -75.73528        0.00000        0.00000
wrapping first mol.:      -75.73528        0.00000        0.00000
wrapping first mol.:      -75.65445        0.00000        0.00000
wrapping first mol.:      -75.65445        0.00000        0.00000
wrapping first mol.:      -75.71223        0.00000        0.00000
wrapping first mol.:      -75.71223        0.00000        0.00000
wrapping first mol.:      -75.61234        0.00000        0.00000
wrapping first mol.:      -75.61234        0.00000        0.00000
wrapping first mol.:      -75.71524        0.00000        0.00000
wrapping first mol.:      -75.71524        0.00000        0.00000

 NSTEP =  4875000   TIME(PS) =   11450.000  TEMP(K) =   299.75  PRESS =     0.0
 Etot   =   -116958.6030  EKtot   =     20485.2109  EPtot      =   -137443.8140
 BOND   =       589.6515  ANGLE   =      1550.2266  DIHED      =       993.9727
 UB     =         0.0000  IMP     =         0.0000  CMAP       =       140.0476
 1-4 NB =       620.2142  1-4 EEL =      5800.3665  VDWAALS    =     16326.7247
 EELEC  =   -163465.0176  EHBOND  =         0.0000  RESTRAINT  =         0.0000
 EKCMT  =         0.0000  VIRIAL  =         0.0000  VOLUME     =    334139.6148
                                                    Density    =         1.0301
 ------------------------------------------------------------------------------

wrapping first mol.:      -75.73386        0.00000        0.00000
wrapping first mol.:      -75.73386        0.00000        0.00000
wrapping first mol.:      -75.81226        0.00000        0.00000
wrapping first mol.:      -75.81226        0.00000        0.00000
wrapping first mol.:      -75.73929        0.00000        0.00000
wrapping first mol.:      -75.73929        0.00000        0.00000
wrapping first mol.:      -75.72131        0.00000        0.00000
wrapping first mol.:      -75.72131        0.00000        0.00000
wrapping first mol.:      -75.50621        0.00000        0.00000
wrapping first mol.:      -75.50621        0.00000        0.00000

 NSTEP =  4900000   TIME(PS) =   11500.000  TEMP(K) =   301.68  PRESS =     0.0
 Etot   =   -117195.9957  EKtot   =     20616.7305  EPtot      =   -137812.7262
 BOND   =       533.3226  ANGLE   =      1485.4661  DIHED      =      1013.4847
 UB     =         0.0000  IMP     =         0.0000  CMAP       =       141.8963
 1-4 NB =       635.0134  1-4 EEL =      5891.8545  VDWAALS    =     16747.6810
 EELEC  =   -164261.4449  EHBOND  =         0.0000  RESTRAINT  =         0.0000
 EKCMT  =         0.0000  VIRIAL  =         0.0000  VOLUME     =    331379.8922
                                                    Density    =         1.0387
 ------------------------------------------------------------------------------

wrapping first mol.:      -75.66785        0.00000        0.00000
wrapping first mol.:      -75.66785        0.00000        0.00000
wrapping first mol.:      -75.62797        0.00000        0.00000
wrapping first mol.:      -75.62797        0.00000        0.00000
wrapping first mol.:      -75.73889        0.00000        0.00000
wrapping first mol.:      -75.73889        0.00000        0.00000
wrapping first mol.:      -75.69100        0.00000        0.00000
wrapping first mol.:      -75.69100        0.00000        0.00000
wrapping first mol.:      -75.64642        0.00000        0.00000
wrapping first mol.:      -75.64642        0.00000        0.00000

 NSTEP =  4925000   TIME(PS) =   11550.000  TEMP(K) =   297.19  PRESS =     0.0
 Etot   =   -117444.6038  EKtot   =     20310.3184  EPtot      =   -137754.9222
 BOND   =       577.3057  ANGLE   =      1506.4602  DIHED      =      1042.6446
 UB     =         0.0000  IMP     =         0.0000  CMAP       =       136.0342
 1-4 NB =       615.8807  1-4 EEL =      5840.2219  VDWAALS    =     16263.2026
 EELEC  =   -163736.6720  EHBOND  =         0.0000  RESTRAINT  =         0.0000
 EKCMT  =         0.0000  VIRIAL  =         0.0000  VOLUME     =    333229.4129
                                                    Density    =         1.0329
 ------------------------------------------------------------------------------

wrapping first mol.:      -75.72477        0.00000        0.00000
wrapping first mol.:      -75.72477        0.00000        0.00000
wrapping first mol.:      -75.67999        0.00000        0.00000
wrapping first mol.:      -75.67999        0.00000        0.00000
wrapping first mol.:      -75.70784        0.00000        0.00000
wrapping first mol.:      -75.70784        0.00000        0.00000
wrapping first mol.:      -75.65085        0.00000        0.00000
wrapping first mol.:      -75.65085        0.00000        0.00000
wrapping first mol.:      -75.64514        0.00000        0.00000
wrapping first mol.:      -75.64514        0.00000        0.00000

 NSTEP =  4950000   TIME(PS) =   11600.000  TEMP(K) =   299.51  PRESS =     0.0
 Etot   =   -117224.2721  EKtot   =     20468.3379  EPtot      =   -137692.6100
 BOND   =       578.9487  ANGLE   =      1500.5985  DIHED      =      1024.3292
 UB     =         0.0000  IMP     =         0.0000  CMAP       =       149.4795
 1-4 NB =       634.6806  1-4 EEL =      5848.0931  VDWAALS    =     16166.1316
 EELEC  =   -163594.8711  EHBOND  =         0.0000  RESTRAINT  =         0.0000
 EKCMT  =         0.0000  VIRIAL  =         0.0000  VOLUME     =    333212.5140
                                                    Density    =         1.0330
 ------------------------------------------------------------------------------

wrapping first mol.:      -75.72896        0.00000        0.00000
wrapping first mol.:      -75.72896        0.00000        0.00000
wrapping first mol.:      -75.70175        0.00000        0.00000
wrapping first mol.:      -75.70175        0.00000        0.00000
wrapping first mol.:      -75.60970        0.00000        0.00000
wrapping first mol.:      -75.60970        0.00000        0.00000
wrapping first mol.:      -75.62676        0.00000        0.00000
wrapping first mol.:      -75.62676        0.00000        0.00000
wrapping first mol.:      -75.67456        0.00000        0.00000
wrapping first mol.:      -75.67456        0.00000        0.00000

 NSTEP =  4975000   TIME(PS) =   11650.000  TEMP(K) =   300.82  PRESS =     0.0
 Etot   =   -117209.3672  EKtot   =     20557.9375  EPtot      =   -137767.3047
 BOND   =       532.2855  ANGLE   =      1553.0260  DIHED      =      1018.9879
 UB     =         0.0000  IMP     =         0.0000  CMAP       =       131.2651
 1-4 NB =       636.5635  1-4 EEL =      5823.2569  VDWAALS    =     16299.4546
 EELEC  =   -163762.1442  EHBOND  =         0.0000  RESTRAINT  =         0.0000
 EKCMT  =         0.0000  VIRIAL  =         0.0000  VOLUME     =    333601.3824
                                                    Density    =         1.0318
 ------------------------------------------------------------------------------

wrapping first mol.:      -75.64531        0.00000        0.00000
wrapping first mol.:      -75.64531        0.00000        0.00000
wrapping first mol.:      -75.69673        0.00000        0.00000
wrapping first mol.:      -75.69673        0.00000        0.00000
wrapping first mol.:      -75.57844        0.00000        0.00000
wrapping first mol.:      -75.57844        0.00000        0.00000
wrapping first mol.:      -75.60199        0.00000        0.00000
wrapping first mol.:      -75.60199        0.00000        0.00000
wrapping first mol.:      -75.72047        0.00000        0.00000
wrapping first mol.:      -75.72047        0.00000        0.00000

 NSTEP =  5000000   TIME(PS) =   11700.000  TEMP(K) =   301.66  PRESS =     0.0
 Etot   =   -116919.7372  EKtot   =     20615.6016  EPtot      =   -137535.3387
 BOND   =       599.0309  ANGLE   =      1519.0662  DIHED      =       993.2288
 UB     =         0.0000  IMP     =         0.0000  CMAP       =       137.5450
 1-4 NB =       639.5033  1-4 EEL =      5881.4033  VDWAALS    =     16032.8042
 EELEC  =   -163337.9204  EHBOND  =         0.0000  RESTRAINT  =         0.0000
 EKCMT  =         0.0000  VIRIAL  =         0.0000  VOLUME     =    334208.9052
                                                    Density    =         1.0299
 ------------------------------------------------------------------------------

wrapping first mol.:      -75.70455        0.00000        0.00000
wrapping first mol.:      -75.70455        0.00000        0.00000
wrapping first mol.:      -75.85313        0.00000        0.00000
wrapping first mol.:      -75.85313        0.00000        0.00000
wrapping first mol.:      -75.64260        0.00000        0.00000
wrapping first mol.:      -75.64260        0.00000        0.00000
wrapping first mol.:      -75.73762        0.00000        0.00000
wrapping first mol.:      -75.73762        0.00000        0.00000
wrapping first mol.:      -75.71987        0.00000        0.00000
wrapping first mol.:      -75.71987        0.00000        0.00000

 NSTEP =  5025000   TIME(PS) =   11750.000  TEMP(K) =   299.36  PRESS =     0.0
 Etot   =   -117102.6948  EKtot   =     20458.6445  EPtot      =   -137561.3394
 BOND   =       546.8311  ANGLE   =      1524.1716  DIHED      =      1004.1909
 UB     =         0.0000  IMP     =         0.0000  CMAP       =       143.5723
 1-4 NB =       648.5634  1-4 EEL =      5881.1038  VDWAALS    =     16128.2519
 EELEC  =   -163438.0243  EHBOND  =         0.0000  RESTRAINT  =         0.0000
 EKCMT  =         0.0000  VIRIAL  =         0.0000  VOLUME     =    334200.9931
                                                    Density    =         1.0299
 ------------------------------------------------------------------------------

wrapping first mol.:      -75.73677        0.00000        0.00000
wrapping first mol.:      -75.73677        0.00000        0.00000
wrapping first mol.:      -75.58526        0.00000        0.00000
wrapping first mol.:      -75.58526        0.00000        0.00000
wrapping first mol.:      -75.67245        0.00000        0.00000
wrapping first mol.:      -75.67245        0.00000        0.00000
wrapping first mol.:      -75.70758        0.00000        0.00000
wrapping first mol.:      -75.70758        0.00000        0.00000
wrapping first mol.:      -75.75977        0.00000        0.00000
wrapping first mol.:      -75.75977        0.00000        0.00000

 NSTEP =  5050000   TIME(PS) =   11800.000  TEMP(K) =   299.46  PRESS =     0.0
 Etot   =   -117093.1482  EKtot   =     20465.4746  EPtot      =   -137558.6228
 BOND   =       572.6850  ANGLE   =      1561.0905  DIHED      =      1003.5704
 UB     =         0.0000  IMP     =         0.0000  CMAP       =       147.5611
 1-4 NB =       646.1079  1-4 EEL =      5857.9430  VDWAALS    =     16454.3455
 EELEC  =   -163801.9263  EHBOND  =         0.0000  RESTRAINT  =         0.0000
 EKCMT  =         0.0000  VIRIAL  =         0.0000  VOLUME     =    334729.5842
                                                    Density    =         1.0283
 ------------------------------------------------------------------------------

wrapping first mol.:      -75.71968        0.00000        0.00000
wrapping first mol.:      -75.71968        0.00000        0.00000
wrapping first mol.:      -75.68306        0.00000        0.00000
wrapping first mol.:      -75.68306        0.00000        0.00000
wrapping first mol.:      -75.76910        0.00000        0.00000
wrapping first mol.:      -75.76910        0.00000        0.00000
wrapping first mol.:      -75.68632        0.00000        0.00000
wrapping first mol.:      -75.68632        0.00000        0.00000
wrapping first mol.:      -75.77970        0.00000        0.00000
wrapping first mol.:      -75.77970        0.00000        0.00000

 NSTEP =  5075000   TIME(PS) =   11850.000  TEMP(K) =   299.63  PRESS =     0.0
 Etot   =   -117078.9861  EKtot   =     20476.7363  EPtot      =   -137555.7224
 BOND   =       562.6106  ANGLE   =      1561.6823  DIHED      =      1008.0299
 UB     =         0.0000  IMP     =         0.0000  CMAP       =       143.3566
 1-4 NB =       645.1185  1-4 EEL =      5778.9773  VDWAALS    =     16258.3740
 EELEC  =   -163513.8717  EHBOND  =         0.0000  RESTRAINT  =         0.0000
 EKCMT  =         0.0000  VIRIAL  =         0.0000  VOLUME     =    334993.8588
                                                    Density    =         1.0275
 ------------------------------------------------------------------------------

wrapping first mol.:      -75.68398        0.00000        0.00000
wrapping first mol.:      -75.68398        0.00000        0.00000
wrapping first mol.:      -75.68235        0.00000        0.00000
wrapping first mol.:      -75.68235        0.00000        0.00000
wrapping first mol.:      -75.69216        0.00000        0.00000
wrapping first mol.:      -75.69216        0.00000        0.00000
wrapping first mol.:      -75.56894        0.00000        0.00000
wrapping first mol.:      -75.56894        0.00000        0.00000
wrapping first mol.:      -75.63282        0.00000        0.00000
wrapping first mol.:      -75.63282        0.00000        0.00000

 NSTEP =  5100000   TIME(PS) =   11900.000  TEMP(K) =   298.34  PRESS =     0.0
 Etot   =   -117357.6109  EKtot   =     20388.4980  EPtot      =   -137746.1090
 BOND   =       569.1720  ANGLE   =      1477.1971  DIHED      =      1011.6196
 UB     =         0.0000  IMP     =         0.0000  CMAP       =       138.8297
 1-4 NB =       639.6268  1-4 EEL =      5828.9194  VDWAALS    =     15974.0449
 EELEC  =   -163385.5185  EHBOND  =         0.0000  RESTRAINT  =         0.0000
 EKCMT  =         0.0000  VIRIAL  =         0.0000  VOLUME     =    333049.7299
                                                    Density    =         1.0335
 ------------------------------------------------------------------------------

wrapping first mol.:      -75.66647        0.00000        0.00000
wrapping first mol.:      -75.66647        0.00000        0.00000
wrapping first mol.:      -75.72232        0.00000        0.00000
wrapping first mol.:      -75.72232        0.00000        0.00000
wrapping first mol.:      -75.64613        0.00000        0.00000
wrapping first mol.:      -75.64613        0.00000        0.00000
wrapping first mol.:      -75.63050        0.00000        0.00000
wrapping first mol.:      -75.63050        0.00000        0.00000
wrapping first mol.:      -75.60318        0.00000        0.00000
wrapping first mol.:      -75.60318        0.00000        0.00000

 NSTEP =  5125000   TIME(PS) =   11950.000  TEMP(K) =   300.45  PRESS =     0.0
 Etot   =   -117236.3462  EKtot   =     20532.6777  EPtot      =   -137769.0239
 BOND   =       573.6548  ANGLE   =      1557.7354  DIHED      =      1015.3201
 UB     =         0.0000  IMP     =         0.0000  CMAP       =       151.9025
 1-4 NB =       638.5055  1-4 EEL =      5828.0688  VDWAALS    =     16352.8835
 EELEC  =   -163887.0946  EHBOND  =         0.0000  RESTRAINT  =         0.0000
 EKCMT  =         0.0000  VIRIAL  =         0.0000  VOLUME     =    332658.3112
                                                    Density    =         1.0347
 ------------------------------------------------------------------------------

wrapping first mol.:      -75.65497        0.00000        0.00000
wrapping first mol.:      -75.65497        0.00000        0.00000
wrapping first mol.:      -75.67962        0.00000        0.00000
wrapping first mol.:      -75.67962        0.00000        0.00000
wrapping first mol.:      -75.67729        0.00000        0.00000
wrapping first mol.:      -75.67729        0.00000        0.00000
wrapping first mol.:      -75.73206        0.00000        0.00000
wrapping first mol.:      -75.73206        0.00000        0.00000
wrapping first mol.:      -75.77748        0.00000        0.00000
wrapping first mol.:      -75.77748        0.00000        0.00000

 NSTEP =  5150000   TIME(PS) =   12000.000  TEMP(K) =   299.26  PRESS =     0.0
 Etot   =   -117291.9920  EKtot   =     20451.3984  EPtot      =   -137743.3904
 BOND   =       542.3185  ANGLE   =      1484.8153  DIHED      =      1006.1063
 UB     =         0.0000  IMP     =         0.0000  CMAP       =       150.1525
 1-4 NB =       639.8369  1-4 EEL =      5833.4570  VDWAALS    =     16568.7478
 EELEC  =   -163968.8247  EHBOND  =         0.0000  RESTRAINT  =         0.0000
 EKCMT  =         0.0000  VIRIAL  =         0.0000  VOLUME     =    334964.3752
                                                    Density    =         1.0276
 ------------------------------------------------------------------------------

wrapping first mol.:      -75.75052        0.00000        0.00000
wrapping first mol.:      -75.75052        0.00000        0.00000
wrapping first mol.:      -75.68698        0.00000        0.00000
wrapping first mol.:      -75.68698        0.00000        0.00000
wrapping first mol.:      -75.64934        0.00000        0.00000
wrapping first mol.:      -75.64934        0.00000        0.00000
wrapping first mol.:      -75.80612        0.00000        0.00000
wrapping first mol.:      -75.80612        0.00000        0.00000
wrapping first mol.:      -75.64462        0.00000        0.00000
wrapping first mol.:      -75.64462        0.00000        0.00000

 NSTEP =  5175000   TIME(PS) =   12050.000  TEMP(K) =   299.41  PRESS =     0.0
 Etot   =   -117275.5049  EKtot   =     20461.9609  EPtot      =   -137737.4658
 BOND   =       569.8709  ANGLE   =      1513.6054  DIHED      =       998.4520
 UB     =         0.0000  IMP     =         0.0000  CMAP       =       132.6724
 1-4 NB =       622.3626  1-4 EEL =      5752.5823  VDWAALS    =     16002.4359
 EELEC  =   -163329.4474  EHBOND  =         0.0000  RESTRAINT  =         0.0000
 EKCMT  =         0.0000  VIRIAL  =         0.0000  VOLUME     =    333205.6486
                                                    Density    =         1.0330
 ------------------------------------------------------------------------------

wrapping first mol.:      -75.72896        0.00000        0.00000
wrapping first mol.:      -75.72896        0.00000        0.00000
wrapping first mol.:      -75.73777        0.00000        0.00000
wrapping first mol.:      -75.73777        0.00000        0.00000
wrapping first mol.:      -75.62008        0.00000        0.00000
wrapping first mol.:      -75.62008        0.00000        0.00000
wrapping first mol.:      -75.65138        0.00000        0.00000
wrapping first mol.:      -75.65138        0.00000        0.00000
wrapping first mol.:      -75.75268        0.00000        0.00000
wrapping first mol.:      -75.75268        0.00000        0.00000

 NSTEP =  5200000   TIME(PS) =   12100.000  TEMP(K) =   301.13  PRESS =     0.0
 Etot   =   -117068.5219  EKtot   =     20579.1641  EPtot      =   -137647.6859
 BOND   =       574.1975  ANGLE   =      1526.0003  DIHED      =      1005.0628
 UB     =         0.0000  IMP     =         0.0000  CMAP       =       139.0014
 1-4 NB =       638.6012  1-4 EEL =      5861.9579  VDWAALS    =     15998.9543
 EELEC  =   -163391.4612  EHBOND  =         0.0000  RESTRAINT  =         0.0000
 EKCMT  =         0.0000  VIRIAL  =         0.0000  VOLUME     =    334635.5755
                                                    Density    =         1.0286
 ------------------------------------------------------------------------------

wrapping first mol.:      -75.69834        0.00000        0.00000
wrapping first mol.:      -75.69834        0.00000        0.00000
wrapping first mol.:      -75.61741        0.00000        0.00000
wrapping first mol.:      -75.61741        0.00000        0.00000
wrapping first mol.:      -75.63789        0.00000        0.00000
wrapping first mol.:      -75.63789        0.00000        0.00000
wrapping first mol.:      -75.56794        0.00000        0.00000
wrapping first mol.:      -75.56794        0.00000        0.00000
wrapping first mol.:      -75.70404        0.00000        0.00000
wrapping first mol.:      -75.70404        0.00000        0.00000

 NSTEP =  5225000   TIME(PS) =   12150.000  TEMP(K) =   302.46  PRESS =     0.0
 Etot   =   -117271.5779  EKtot   =     20670.1016  EPtot      =   -137941.6795
 BOND   =       528.5652  ANGLE   =      1503.1998  DIHED      =       995.4624
 UB     =         0.0000  IMP     =         0.0000  CMAP       =       134.9839
 1-4 NB =       643.9232  1-4 EEL =      5842.2313  VDWAALS    =     16625.8284
 EELEC  =   -164215.8736  EHBOND  =         0.0000  RESTRAINT  =         0.0000
 EKCMT  =         0.0000  VIRIAL  =         0.0000  VOLUME     =    333991.4698
                                                    Density    =         1.0306
 ------------------------------------------------------------------------------

wrapping first mol.:      -75.57228        0.00000        0.00000
wrapping first mol.:      -75.57228        0.00000        0.00000
wrapping first mol.:      -75.62130        0.00000        0.00000
wrapping first mol.:      -75.62130        0.00000        0.00000
wrapping first mol.:      -75.66659        0.00000        0.00000
wrapping first mol.:      -75.66659        0.00000        0.00000
wrapping first mol.:      -75.65129        0.00000        0.00000
wrapping first mol.:      -75.65129        0.00000        0.00000
wrapping first mol.:      -75.64012        0.00000        0.00000
wrapping first mol.:      -75.64012        0.00000        0.00000

 NSTEP =  5250000   TIME(PS) =   12200.000  TEMP(K) =   300.62  PRESS =     0.0
 Etot   =   -116991.9396  EKtot   =     20544.5957  EPtot      =   -137536.5353
 BOND   =       564.2702  ANGLE   =      1535.5912  DIHED      =      1003.3041
 UB     =         0.0000  IMP     =         0.0000  CMAP       =       135.9880
 1-4 NB =       653.3349  1-4 EEL =      5856.4570  VDWAALS    =     16671.0237
 EELEC  =   -163956.5043  EHBOND  =         0.0000  RESTRAINT  =         0.0000
 EKCMT  =         0.0000  VIRIAL  =         0.0000  VOLUME     =    333146.0933
                                                    Density    =         1.0332
 ------------------------------------------------------------------------------

wrapping first mol.:      -75.62017        0.00000        0.00000
wrapping first mol.:      -75.62017        0.00000        0.00000
wrapping first mol.:      -75.61380        0.00000        0.00000
wrapping first mol.:      -75.61380        0.00000        0.00000
wrapping first mol.:      -75.64284        0.00000        0.00000
wrapping first mol.:      -75.64284        0.00000        0.00000
wrapping first mol.:      -75.74829        0.00000        0.00000
wrapping first mol.:      -75.74829        0.00000        0.00000
wrapping first mol.:      -75.69021        0.00000        0.00000
wrapping first mol.:      -75.69021        0.00000        0.00000

 NSTEP =  5275000   TIME(PS) =   12250.000  TEMP(K) =   302.58  PRESS =     0.0
 Etot   =   -116673.6418  EKtot   =     20678.5977  EPtot      =   -137352.2395
 BOND   =       560.5671  ANGLE   =      1531.8935  DIHED      =      1006.8916
 UB     =         0.0000  IMP     =         0.0000  CMAP       =       145.4188
 1-4 NB =       639.6782  1-4 EEL =      5846.9725  VDWAALS    =     16110.1229
 EELEC  =   -163193.7842  EHBOND  =         0.0000  RESTRAINT  =         0.0000
 EKCMT  =         0.0000  VIRIAL  =         0.0000  VOLUME     =    333808.3947
                                                    Density    =         1.0311
 ------------------------------------------------------------------------------

wrapping first mol.:      -75.62081        0.00000        0.00000
wrapping first mol.:      -75.62081        0.00000        0.00000
wrapping first mol.:      -75.67704        0.00000        0.00000
wrapping first mol.:      -75.67704        0.00000        0.00000
wrapping first mol.:      -75.59336        0.00000        0.00000
wrapping first mol.:      -75.59336        0.00000        0.00000
wrapping first mol.:      -75.68469        0.00000        0.00000
wrapping first mol.:      -75.68469        0.00000        0.00000
wrapping first mol.:      -75.66243        0.00000        0.00000
wrapping first mol.:      -75.66243        0.00000        0.00000

 NSTEP =  5300000   TIME(PS) =   12300.000  TEMP(K) =   298.22  PRESS =     0.0
 Etot   =   -117122.2701  EKtot   =     20380.7500  EPtot      =   -137503.0201
 BOND   =       580.4158  ANGLE   =      1520.3546  DIHED      =      1008.1522
 UB     =         0.0000  IMP     =         0.0000  CMAP       =       140.2160
 1-4 NB =       657.3126  1-4 EEL =      5836.0207  VDWAALS    =     16476.9796
 EELEC  =   -163722.4715  EHBOND  =         0.0000  RESTRAINT  =         0.0000
 EKCMT  =         0.0000  VIRIAL  =         0.0000  VOLUME     =    333441.0083
                                                    Density    =         1.0323
 ------------------------------------------------------------------------------

wrapping first mol.:      -75.82748        0.00000        0.00000
wrapping first mol.:      -75.82748        0.00000        0.00000
wrapping first mol.:      -75.69913        0.00000        0.00000
wrapping first mol.:      -75.69913        0.00000        0.00000
wrapping first mol.:      -75.70002        0.00000        0.00000
wrapping first mol.:      -75.70002        0.00000        0.00000
wrapping first mol.:      -75.75853        0.00000        0.00000
wrapping first mol.:      -75.75853        0.00000        0.00000
wrapping first mol.:      -75.66491        0.00000        0.00000
wrapping first mol.:      -75.66491        0.00000        0.00000

 NSTEP =  5325000   TIME(PS) =   12350.000  TEMP(K) =   301.75  PRESS =     0.0
 Etot   =   -117426.2889  EKtot   =     20621.6035  EPtot      =   -138047.8924
 BOND   =       551.7434  ANGLE   =      1479.5538  DIHED      =      1020.1455
 UB     =         0.0000  IMP     =         0.0000  CMAP       =       133.7756
 1-4 NB =       669.8804  1-4 EEL =      5848.9059  VDWAALS    =     16831.4152
 EELEC  =   -164583.3123  EHBOND  =         0.0000  RESTRAINT  =         0.0000
 EKCMT  =         0.0000  VIRIAL  =         0.0000  VOLUME     =    333473.8137
                                                    Density    =         1.0322
 ------------------------------------------------------------------------------

wrapping first mol.:      -75.66633        0.00000        0.00000
wrapping first mol.:      -75.66633        0.00000        0.00000
wrapping first mol.:      -75.68531        0.00000        0.00000
wrapping first mol.:      -75.68531        0.00000        0.00000
wrapping first mol.:      -75.68387        0.00000        0.00000
wrapping first mol.:      -75.68387        0.00000        0.00000
wrapping first mol.:      -75.63775        0.00000        0.00000
wrapping first mol.:      -75.63775        0.00000        0.00000
wrapping first mol.:      -75.70906        0.00000        0.00000
wrapping first mol.:      -75.70906        0.00000        0.00000

 NSTEP =  5350000   TIME(PS) =   12400.000  TEMP(K) =   298.29  PRESS =     0.0
 Etot   =   -117539.1214  EKtot   =     20385.4336  EPtot      =   -137924.5550
 BOND   =       578.1411  ANGLE   =      1493.1826  DIHED      =      1005.1204
 UB     =         0.0000  IMP     =         0.0000  CMAP       =       143.8003
 1-4 NB =       628.2302  1-4 EEL =      5795.7221  VDWAALS    =     16300.0330
 EELEC  =   -163868.7847  EHBOND  =         0.0000  RESTRAINT  =         0.0000
 EKCMT  =         0.0000  VIRIAL  =         0.0000  VOLUME     =    334057.9218
                                                    Density    =         1.0304
 ------------------------------------------------------------------------------

wrapping first mol.:      -75.69209        0.00000        0.00000
wrapping first mol.:      -75.69209        0.00000        0.00000
wrapping first mol.:      -75.71578        0.00000        0.00000
wrapping first mol.:      -75.71578        0.00000        0.00000
wrapping first mol.:      -75.66770        0.00000        0.00000
wrapping first mol.:      -75.66770        0.00000        0.00000
wrapping first mol.:      -75.67670        0.00000        0.00000
wrapping first mol.:      -75.67670        0.00000        0.00000
wrapping first mol.:      -75.62591        0.00000        0.00000
wrapping first mol.:      -75.62591        0.00000        0.00000

 NSTEP =  5375000   TIME(PS) =   12450.000  TEMP(K) =   301.14  PRESS =     0.0
 Etot   =   -116998.1644  EKtot   =     20580.1328  EPtot      =   -137578.2973
 BOND   =       588.6076  ANGLE   =      1516.4261  DIHED      =      1011.9383
 UB     =         0.0000  IMP     =         0.0000  CMAP       =       137.6725
 1-4 NB =       629.4940  1-4 EEL =      5860.1512  VDWAALS    =     16429.9107
 EELEC  =   -163752.4976  EHBOND  =         0.0000  RESTRAINT  =         0.0000
 EKCMT  =         0.0000  VIRIAL  =         0.0000  VOLUME     =    332958.3450
                                                    Density    =         1.0338
 ------------------------------------------------------------------------------

wrapping first mol.:      -75.65422        0.00000        0.00000
wrapping first mol.:      -75.65422        0.00000        0.00000
wrapping first mol.:      -75.65057        0.00000        0.00000
wrapping first mol.:      -75.65057        0.00000        0.00000
wrapping first mol.:      -75.64810        0.00000        0.00000
wrapping first mol.:      -75.64810        0.00000        0.00000
wrapping first mol.:      -75.70321        0.00000        0.00000
wrapping first mol.:      -75.70321        0.00000        0.00000
wrapping first mol.:      -75.62905        0.00000        0.00000
wrapping first mol.:      -75.62905        0.00000        0.00000

 NSTEP =  5400000   TIME(PS) =   12500.000  TEMP(K) =   299.67  PRESS =     0.0
 Etot   =   -117220.3644  EKtot   =     20479.9180  EPtot      =   -137700.2823
 BOND   =       558.1960  ANGLE   =      1488.8297  DIHED      =      1013.1271
 UB     =         0.0000  IMP     =         0.0000  CMAP       =       147.3750
 1-4 NB =       655.9684  1-4 EEL =      5876.4771  VDWAALS    =     16497.4175
 EELEC  =   -163937.6729  EHBOND  =         0.0000  RESTRAINT  =         0.0000
 EKCMT  =         0.0000  VIRIAL  =         0.0000  VOLUME     =    332999.9037
                                                    Density    =         1.0336
 ------------------------------------------------------------------------------

wrapping first mol.:      -75.62099        0.00000        0.00000
wrapping first mol.:      -75.62099        0.00000        0.00000
wrapping first mol.:      -75.61532        0.00000        0.00000
wrapping first mol.:      -75.61532        0.00000        0.00000
wrapping first mol.:      -75.66524        0.00000        0.00000
wrapping first mol.:      -75.66524        0.00000        0.00000
wrapping first mol.:      -75.69656        0.00000        0.00000
wrapping first mol.:      -75.69656        0.00000        0.00000
wrapping first mol.:      -75.67879        0.00000        0.00000
wrapping first mol.:      -75.67879        0.00000        0.00000

 NSTEP =  5425000   TIME(PS) =   12550.000  TEMP(K) =   300.56  PRESS =     0.0
 Etot   =   -117204.9877  EKtot   =     20540.3125  EPtot      =   -137745.3002
 BOND   =       531.9253  ANGLE   =      1483.3668  DIHED      =      1011.8097
 UB     =         0.0000  IMP     =         0.0000  CMAP       =       149.5381
 1-4 NB =       630.4580  1-4 EEL =      5886.2848  VDWAALS    =     16280.8650
 EELEC  =   -163719.5478  EHBOND  =         0.0000  RESTRAINT  =         0.0000
 EKCMT  =         0.0000  VIRIAL  =         0.0000  VOLUME     =    333657.3971
                                                    Density    =         1.0316
 ------------------------------------------------------------------------------

wrapping first mol.:      -75.66426        0.00000        0.00000
wrapping first mol.:      -75.66426        0.00000        0.00000
wrapping first mol.:      -75.72122        0.00000        0.00000
wrapping first mol.:      -75.72122        0.00000        0.00000
wrapping first mol.:      -75.65554        0.00000        0.00000
wrapping first mol.:      -75.65554        0.00000        0.00000
wrapping first mol.:      -75.65957        0.00000        0.00000
wrapping first mol.:      -75.65957        0.00000        0.00000
wrapping first mol.:      -75.65796        0.00000        0.00000
wrapping first mol.:      -75.65796        0.00000        0.00000

 NSTEP =  5450000   TIME(PS) =   12600.000  TEMP(K) =   298.98  PRESS =     0.0
 Etot   =   -117381.6191  EKtot   =     20432.5098  EPtot      =   -137814.1288
 BOND   =       551.8913  ANGLE   =      1514.2081  DIHED      =       995.5433
 UB     =         0.0000  IMP     =         0.0000  CMAP       =       155.5828
 1-4 NB =       640.6243  1-4 EEL =      5837.4565  VDWAALS    =     16524.7691
 EELEC  =   -164034.2043  EHBOND  =         0.0000  RESTRAINT  =         0.0000
 EKCMT  =         0.0000  VIRIAL  =         0.0000  VOLUME     =    333381.8800
                                                    Density    =         1.0325
 ------------------------------------------------------------------------------

wrapping first mol.:      -75.67581        0.00000        0.00000
wrapping first mol.:      -75.67581        0.00000        0.00000
wrapping first mol.:      -75.67241        0.00000        0.00000
wrapping first mol.:      -75.67241        0.00000        0.00000
wrapping first mol.:      -75.69059        0.00000        0.00000
wrapping first mol.:      -75.69059        0.00000        0.00000
wrapping first mol.:      -75.79455        0.00000        0.00000
wrapping first mol.:      -75.79455        0.00000        0.00000
wrapping first mol.:      -75.68267        0.00000        0.00000
wrapping first mol.:      -75.68267        0.00000        0.00000

 NSTEP =  5475000   TIME(PS) =   12650.000  TEMP(K) =   296.23  PRESS =     0.0
 Etot   =   -117337.3897  EKtot   =     20244.3848  EPtot      =   -137581.7745
 BOND   =       611.8655  ANGLE   =      1533.9263  DIHED      =       986.2975
 UB     =         0.0000  IMP     =         0.0000  CMAP       =       127.6567
 1-4 NB =       651.6900  1-4 EEL =      5863.9063  VDWAALS    =     16228.3530
 EELEC  =   -163585.4697  EHBOND  =         0.0000  RESTRAINT  =         0.0000
 EKCMT  =         0.0000  VIRIAL  =         0.0000  VOLUME     =    333708.6633
                                                    Density    =         1.0314
 ------------------------------------------------------------------------------

wrapping first mol.:      -75.59896        0.00000        0.00000
wrapping first mol.:      -75.59896        0.00000        0.00000
wrapping first mol.:      -75.57614        0.00000        0.00000
wrapping first mol.:      -75.57614        0.00000        0.00000
wrapping first mol.:      -75.70464        0.00000        0.00000
wrapping first mol.:      -75.70464        0.00000        0.00000
wrapping first mol.:      -75.68911        0.00000        0.00000
wrapping first mol.:      -75.68911        0.00000        0.00000
wrapping first mol.:      -75.69413        0.00000        0.00000
wrapping first mol.:      -75.69413        0.00000        0.00000

 NSTEP =  5500000   TIME(PS) =   12700.000  TEMP(K) =   301.33  PRESS =     0.0
 Etot   =   -116956.1255  EKtot   =     20593.0723  EPtot      =   -137549.1978
 BOND   =       574.2593  ANGLE   =      1527.4293  DIHED      =       997.8406
 UB     =         0.0000  IMP     =         0.0000  CMAP       =       138.7761
 1-4 NB =       635.1821  1-4 EEL =      5826.8537  VDWAALS    =     16386.4423
 EELEC  =   -163635.9812  EHBOND  =         0.0000  RESTRAINT  =         0.0000
 EKCMT  =         0.0000  VIRIAL  =         0.0000  VOLUME     =    333860.2322
                                                    Density    =         1.0310
 ------------------------------------------------------------------------------

wrapping first mol.:      -75.78330        0.00000        0.00000
wrapping first mol.:      -75.78330        0.00000        0.00000
wrapping first mol.:      -75.64920        0.00000        0.00000
wrapping first mol.:      -75.64920        0.00000        0.00000
wrapping first mol.:      -75.69020        0.00000        0.00000
wrapping first mol.:      -75.69020        0.00000        0.00000
wrapping first mol.:      -75.72676        0.00000        0.00000
wrapping first mol.:      -75.72676        0.00000        0.00000
wrapping first mol.:      -75.76878        0.00000        0.00000
wrapping first mol.:      -75.76878        0.00000        0.00000

 NSTEP =  5525000   TIME(PS) =   12750.000  TEMP(K) =   298.00  PRESS =     0.0
 Etot   =   -117108.1956  EKtot   =     20365.8105  EPtot      =   -137474.0061
 BOND   =       583.5269  ANGLE   =      1527.4359  DIHED      =      1018.3011
 UB     =         0.0000  IMP     =         0.0000  CMAP       =       143.4201
 1-4 NB =       622.2692  1-4 EEL =      5834.3544  VDWAALS    =     16480.9607
 EELEC  =   -163684.2744  EHBOND  =         0.0000  RESTRAINT  =         0.0000
 EKCMT  =         0.0000  VIRIAL  =         0.0000  VOLUME     =    334849.0271
                                                    Density    =         1.0279
 ------------------------------------------------------------------------------

wrapping first mol.:      -75.77351        0.00000        0.00000
wrapping first mol.:      -75.77351        0.00000        0.00000
wrapping first mol.:      -75.66717        0.00000        0.00000
wrapping first mol.:      -75.66717        0.00000        0.00000
wrapping first mol.:      -75.66403        0.00000        0.00000
wrapping first mol.:      -75.66403        0.00000        0.00000
wrapping first mol.:      -75.67146        0.00000        0.00000
wrapping first mol.:      -75.67146        0.00000        0.00000
wrapping first mol.:      -75.69060        0.00000        0.00000
wrapping first mol.:      -75.69060        0.00000        0.00000

 NSTEP =  5550000   TIME(PS) =   12800.000  TEMP(K) =   299.79  PRESS =     0.0
 Etot   =   -117590.2354  EKtot   =     20488.0469  EPtot      =   -138078.2823
 BOND   =       554.0692  ANGLE   =      1537.4145  DIHED      =      1011.8253
 UB     =         0.0000  IMP     =         0.0000  CMAP       =       141.0028
 1-4 NB =       642.3900  1-4 EEL =      5839.9956  VDWAALS    =     16625.2676
 EELEC  =   -164430.2472  EHBOND  =         0.0000  RESTRAINT  =         0.0000
 EKCMT  =         0.0000  VIRIAL  =         0.0000  VOLUME     =    333813.5742
                                                    Density    =         1.0311
 ------------------------------------------------------------------------------

wrapping first mol.:      -75.60652        0.00000        0.00000
wrapping first mol.:      -75.60652        0.00000        0.00000
wrapping first mol.:      -75.57976        0.00000        0.00000
wrapping first mol.:      -75.57976        0.00000        0.00000
wrapping first mol.:      -75.69688        0.00000        0.00000
wrapping first mol.:      -75.69688        0.00000        0.00000
wrapping first mol.:      -75.74837        0.00000        0.00000
wrapping first mol.:      -75.74837        0.00000        0.00000
wrapping first mol.:      -75.68654        0.00000        0.00000
wrapping first mol.:      -75.68654        0.00000        0.00000

 NSTEP =  5575000   TIME(PS) =   12850.000  TEMP(K) =   299.24  PRESS =     0.0
 Etot   =   -117347.5014  EKtot   =     20450.5195  EPtot      =   -137798.0210
 BOND   =       572.1152  ANGLE   =      1503.0478  DIHED      =      1040.9200
 UB     =         0.0000  IMP     =         0.0000  CMAP       =       136.9606
 1-4 NB =       642.1333  1-4 EEL =      5845.3488  VDWAALS    =     16683.9747
 EELEC  =   -164222.5212  EHBOND  =         0.0000  RESTRAINT  =         0.0000
 EKCMT  =         0.0000  VIRIAL  =         0.0000  VOLUME     =    333759.7841
                                                    Density    =         1.0313
 ------------------------------------------------------------------------------

wrapping first mol.:      -75.64549        0.00000        0.00000
wrapping first mol.:      -75.64549        0.00000        0.00000
wrapping first mol.:      -75.70135        0.00000        0.00000
wrapping first mol.:      -75.70135        0.00000        0.00000
wrapping first mol.:      -75.64953        0.00000        0.00000
wrapping first mol.:      -75.64953        0.00000        0.00000
wrapping first mol.:      -75.75296        0.00000        0.00000
wrapping first mol.:      -75.75296        0.00000        0.00000
wrapping first mol.:      -75.74220        0.00000        0.00000
wrapping first mol.:      -75.74220        0.00000        0.00000

 NSTEP =  5600000   TIME(PS) =   12900.000  TEMP(K) =   301.14  PRESS =     0.0
 Etot   =   -116786.7440  EKtot   =     20580.3633  EPtot      =   -137367.1072
 BOND   =       557.0821  ANGLE   =      1517.0454  DIHED      =       994.4735
 UB     =         0.0000  IMP     =         0.0000  CMAP       =       131.0173
 1-4 NB =       654.0895  1-4 EEL =      5843.7460  VDWAALS    =     16447.2222
 EELEC  =   -163511.7833  EHBOND  =         0.0000  RESTRAINT  =         0.0000
 EKCMT  =         0.0000  VIRIAL  =         0.0000  VOLUME     =    334496.7888
                                                    Density    =         1.0290
 ------------------------------------------------------------------------------

wrapping first mol.:      -75.74067        0.00000        0.00000
wrapping first mol.:      -75.74067        0.00000        0.00000
wrapping first mol.:      -75.69324        0.00000        0.00000
wrapping first mol.:      -75.69324        0.00000        0.00000
wrapping first mol.:      -75.59829        0.00000        0.00000
wrapping first mol.:      -75.59829        0.00000        0.00000
wrapping first mol.:      -75.68471        0.00000        0.00000
wrapping first mol.:      -75.68471        0.00000        0.00000
wrapping first mol.:      -75.66125        0.00000        0.00000
wrapping first mol.:      -75.66125        0.00000        0.00000

 NSTEP =  5625000   TIME(PS) =   12950.000  TEMP(K) =   298.85  PRESS =     0.0
 Etot   =   -117324.3601  EKtot   =     20423.6426  EPtot      =   -137748.0027
 BOND   =       562.7794  ANGLE   =      1532.8038  DIHED      =       992.3677
 UB     =         0.0000  IMP     =         0.0000  CMAP       =       153.0306
 1-4 NB =       639.4375  1-4 EEL =      5812.5181  VDWAALS    =     16444.8355
 EELEC  =   -163885.7753  EHBOND  =         0.0000  RESTRAINT  =         0.0000
 EKCMT  =         0.0000  VIRIAL  =         0.0000  VOLUME     =    333425.4276
                                                    Density    =         1.0323
 ------------------------------------------------------------------------------

wrapping first mol.:      -75.61133        0.00000        0.00000
wrapping first mol.:      -75.61133        0.00000        0.00000
wrapping first mol.:      -75.65163        0.00000        0.00000
wrapping first mol.:      -75.65163        0.00000        0.00000
wrapping first mol.:      -75.67665        0.00000        0.00000
wrapping first mol.:      -75.67665        0.00000        0.00000
wrapping first mol.:      -75.62814        0.00000        0.00000
wrapping first mol.:      -75.62814        0.00000        0.00000
wrapping first mol.:      -75.65233        0.00000        0.00000
wrapping first mol.:      -75.65233        0.00000        0.00000

 NSTEP =  5650000   TIME(PS) =   13000.000  TEMP(K) =   300.42  PRESS =     0.0
 Etot   =   -117042.9926  EKtot   =     20530.5293  EPtot      =   -137573.5219
 BOND   =       584.2388  ANGLE   =      1483.1804  DIHED      =      1007.1811
 UB     =         0.0000  IMP     =         0.0000  CMAP       =       130.3649
 1-4 NB =       662.2088  1-4 EEL =      5822.5558  VDWAALS    =     16308.9049
 EELEC  =   -163572.1565  EHBOND  =         0.0000  RESTRAINT  =         0.0000
 EKCMT  =         0.0000  VIRIAL  =         0.0000  VOLUME     =    333307.5403
                                                    Density    =         1.0327
 ------------------------------------------------------------------------------

wrapping first mol.:      -75.62706        0.00000        0.00000
wrapping first mol.:      -75.62706        0.00000        0.00000
wrapping first mol.:      -75.59811        0.00000        0.00000
wrapping first mol.:      -75.59811        0.00000        0.00000
wrapping first mol.:      -75.59191        0.00000        0.00000
wrapping first mol.:      -75.59191        0.00000        0.00000
wrapping first mol.:      -75.57031        0.00000        0.00000
wrapping first mol.:      -75.57031        0.00000        0.00000
wrapping first mol.:      -75.65349        0.00000        0.00000
wrapping first mol.:      -75.65349        0.00000        0.00000

 NSTEP =  5675000   TIME(PS) =   13050.000  TEMP(K) =   301.94  PRESS =     0.0
 Etot   =   -117018.4315  EKtot   =     20634.5605  EPtot      =   -137652.9921
 BOND   =       567.2756  ANGLE   =      1546.4550  DIHED      =      1001.8197
 UB     =         0.0000  IMP     =         0.0000  CMAP       =       131.2153
 1-4 NB =       636.3120  1-4 EEL =      5808.7999  VDWAALS    =     16852.5346
 EELEC  =   -164197.4042  EHBOND  =         0.0000  RESTRAINT  =         0.0000
 EKCMT  =         0.0000  VIRIAL  =         0.0000  VOLUME     =    333322.7718
                                                    Density    =         1.0326
 ------------------------------------------------------------------------------

wrapping first mol.:      -75.75534        0.00000        0.00000
wrapping first mol.:      -75.75534        0.00000        0.00000
wrapping first mol.:      -75.58523        0.00000        0.00000
wrapping first mol.:      -75.58523        0.00000        0.00000
wrapping first mol.:      -75.71561        0.00000        0.00000
wrapping first mol.:      -75.71561        0.00000        0.00000
wrapping first mol.:      -75.72656        0.00000        0.00000
wrapping first mol.:      -75.72656        0.00000        0.00000
wrapping first mol.:      -75.72219        0.00000        0.00000
wrapping first mol.:      -75.72219        0.00000        0.00000

 NSTEP =  5700000   TIME(PS) =   13100.000  TEMP(K) =   303.19  PRESS =     0.0
 Etot   =   -116807.4602  EKtot   =     20720.2070  EPtot      =   -137527.6672
 BOND   =       533.3448  ANGLE   =      1506.0493  DIHED      =       994.6075
 UB     =         0.0000  IMP     =         0.0000  CMAP       =       137.4708
 1-4 NB =       634.9554  1-4 EEL =      5872.3333  VDWAALS    =     16902.8949
 EELEC  =   -164109.3232  EHBOND  =         0.0000  RESTRAINT  =         0.0000
 EKCMT  =         0.0000  VIRIAL  =         0.0000  VOLUME     =    334231.7201
                                                    Density    =         1.0298
 ------------------------------------------------------------------------------

wrapping first mol.:      -75.72916        0.00000        0.00000
wrapping first mol.:      -75.72916        0.00000        0.00000
wrapping first mol.:      -75.60790        0.00000        0.00000
wrapping first mol.:      -75.60790        0.00000        0.00000
wrapping first mol.:      -75.65105        0.00000        0.00000
wrapping first mol.:      -75.65105        0.00000        0.00000
wrapping first mol.:      -75.70347        0.00000        0.00000
wrapping first mol.:      -75.70347        0.00000        0.00000
wrapping first mol.:      -75.65447        0.00000        0.00000
wrapping first mol.:      -75.65447        0.00000        0.00000

 NSTEP =  5725000   TIME(PS) =   13150.000  TEMP(K) =   298.89  PRESS =     0.0
 Etot   =   -117286.5087  EKtot   =     20426.4609  EPtot      =   -137712.9697
 BOND   =       560.8050  ANGLE   =      1573.4141  DIHED      =      1005.4867
 UB     =         0.0000  IMP     =         0.0000  CMAP       =       142.2587
 1-4 NB =       629.6787  1-4 EEL =      5848.1167  VDWAALS    =     16591.2472
 EELEC  =   -164063.9767  EHBOND  =         0.0000  RESTRAINT  =         0.0000
 EKCMT  =         0.0000  VIRIAL  =         0.0000  VOLUME     =    333335.7613
                                                    Density    =         1.0326
 ------------------------------------------------------------------------------

wrapping first mol.:      -75.61196        0.00000        0.00000
wrapping first mol.:      -75.61196        0.00000        0.00000
wrapping first mol.:      -75.66361        0.00000        0.00000
wrapping first mol.:      -75.66361        0.00000        0.00000
wrapping first mol.:      -75.66295        0.00000        0.00000
wrapping first mol.:      -75.66295        0.00000        0.00000
wrapping first mol.:      -75.62498        0.00000        0.00000
wrapping first mol.:      -75.62498        0.00000        0.00000
wrapping first mol.:      -75.66223        0.00000        0.00000
wrapping first mol.:      -75.66223        0.00000        0.00000

 NSTEP =  5750000   TIME(PS) =   13200.000  TEMP(K) =   301.41  PRESS =     0.0
 Etot   =   -117125.9660  EKtot   =     20598.6074  EPtot      =   -137724.5734
 BOND   =       561.3493  ANGLE   =      1445.2746  DIHED      =       985.6761
 UB     =         0.0000  IMP     =         0.0000  CMAP       =       142.2181
 1-4 NB =       642.3348  1-4 EEL =      5834.6417  VDWAALS    =     16411.9440
 EELEC  =   -163748.0121  EHBOND  =         0.0000  RESTRAINT  =         0.0000
 EKCMT  =         0.0000  VIRIAL  =         0.0000  VOLUME     =    333438.2906
                                                    Density    =         1.0323
 ------------------------------------------------------------------------------

wrapping first mol.:      -75.67620        0.00000        0.00000
wrapping first mol.:      -75.67620        0.00000        0.00000
wrapping first mol.:      -75.65916        0.00000        0.00000
wrapping first mol.:      -75.65916        0.00000        0.00000
wrapping first mol.:      -75.69064        0.00000        0.00000
wrapping first mol.:      -75.69064        0.00000        0.00000
wrapping first mol.:      -75.67612        0.00000        0.00000
wrapping first mol.:      -75.67612        0.00000        0.00000
wrapping first mol.:      -75.69723        0.00000        0.00000
wrapping first mol.:      -75.69723        0.00000        0.00000

 NSTEP =  5775000   TIME(PS) =   13250.000  TEMP(K) =   297.50  PRESS =     0.0
 Etot   =   -117434.5440  EKtot   =     20331.2188  EPtot      =   -137765.7628
 BOND   =       563.3545  ANGLE   =      1490.7752  DIHED      =      1014.5638
 UB     =         0.0000  IMP     =         0.0000  CMAP       =       151.0657
 1-4 NB =       640.6556  1-4 EEL =      5822.5596  VDWAALS    =     16428.7983
 EELEC  =   -163877.5355  EHBOND  =         0.0000  RESTRAINT  =         0.0000
 EKCMT  =         0.0000  VIRIAL  =         0.0000  VOLUME     =    333901.2718
                                                    Density    =         1.0308
 ------------------------------------------------------------------------------

wrapping first mol.:      -75.59014        0.00000        0.00000
wrapping first mol.:      -75.59014        0.00000        0.00000
wrapping first mol.:      -75.59242        0.00000        0.00000
wrapping first mol.:      -75.59242        0.00000        0.00000
wrapping first mol.:      -75.56325        0.00000        0.00000
wrapping first mol.:      -75.56325        0.00000        0.00000
wrapping first mol.:      -75.61684        0.00000        0.00000
wrapping first mol.:      -75.61684        0.00000        0.00000
wrapping first mol.:      -75.64751        0.00000        0.00000
wrapping first mol.:      -75.64751        0.00000        0.00000

 NSTEP =  5800000   TIME(PS) =   13300.000  TEMP(K) =   300.54  PRESS =     0.0
 Etot   =   -117238.4973  EKtot   =     20538.7227  EPtot      =   -137777.2199
 BOND   =       545.2733  ANGLE   =      1576.6931  DIHED      =       981.2888
 UB     =         0.0000  IMP     =         0.0000  CMAP       =       143.8947
 1-4 NB =       640.5921  1-4 EEL =      5784.1850  VDWAALS    =     16243.4096
 EELEC  =   -163692.5566  EHBOND  =         0.0000  RESTRAINT  =         0.0000
 EKCMT  =         0.0000  VIRIAL  =         0.0000  VOLUME     =    333243.8031
                                                    Density    =         1.0329
 ------------------------------------------------------------------------------

wrapping first mol.:      -75.63666        0.00000        0.00000
wrapping first mol.:      -75.63666        0.00000        0.00000
wrapping first mol.:      -75.69552        0.00000        0.00000
wrapping first mol.:      -75.69552        0.00000        0.00000
wrapping first mol.:      -75.74109        0.00000        0.00000
wrapping first mol.:      -75.74109        0.00000        0.00000
wrapping first mol.:      -75.78341        0.00000        0.00000
wrapping first mol.:      -75.78341        0.00000        0.00000
wrapping first mol.:      -75.78544        0.00000        0.00000
wrapping first mol.:      -75.78544        0.00000        0.00000

 NSTEP =  5825000   TIME(PS) =   13350.000  TEMP(K) =   301.30  PRESS =     0.0
 Etot   =   -116936.8469  EKtot   =     20591.0527  EPtot      =   -137527.8997
 BOND   =       558.5567  ANGLE   =      1488.6833  DIHED      =       991.3803
 UB     =         0.0000  IMP     =         0.0000  CMAP       =       149.7053
 1-4 NB =       668.4377  1-4 EEL =      5821.6833  VDWAALS    =     16369.5793
 EELEC  =   -163575.9254  EHBOND  =         0.0000  RESTRAINT  =         0.0000
 EKCMT  =         0.0000  VIRIAL  =         0.0000  VOLUME     =    335069.9703
                                                    Density    =         1.0273
 ------------------------------------------------------------------------------

wrapping first mol.:      -75.76190        0.00000        0.00000
wrapping first mol.:      -75.76190        0.00000        0.00000
wrapping first mol.:      -75.68702        0.00000        0.00000
wrapping first mol.:      -75.68702        0.00000        0.00000
wrapping first mol.:      -75.74080        0.00000        0.00000
wrapping first mol.:      -75.74080        0.00000        0.00000
wrapping first mol.:      -75.63806        0.00000        0.00000
wrapping first mol.:      -75.63806        0.00000        0.00000
wrapping first mol.:      -75.70982        0.00000        0.00000
wrapping first mol.:      -75.70982        0.00000        0.00000

 NSTEP =  5850000   TIME(PS) =   13400.000  TEMP(K) =   299.24  PRESS =     0.0
 Etot   =   -117089.1456  EKtot   =     20449.9980  EPtot      =   -137539.1436
 BOND   =       556.2779  ANGLE   =      1507.4005  DIHED      =       981.6437
 UB     =         0.0000  IMP     =         0.0000  CMAP       =       145.2516
 1-4 NB =       644.8473  1-4 EEL =      5851.9942  VDWAALS    =     16400.0383
 EELEC  =   -163626.5971  EHBOND  =         0.0000  RESTRAINT  =         0.0000
 EKCMT  =         0.0000  VIRIAL  =         0.0000  VOLUME     =    334067.9534
                                                    Density    =         1.0303
 ------------------------------------------------------------------------------

wrapping first mol.:      -75.72684        0.00000        0.00000
wrapping first mol.:      -75.72684        0.00000        0.00000
wrapping first mol.:      -75.61173        0.00000        0.00000
wrapping first mol.:      -75.61173        0.00000        0.00000
wrapping first mol.:      -75.70142        0.00000        0.00000
wrapping first mol.:      -75.70142        0.00000        0.00000
wrapping first mol.:      -75.75561        0.00000        0.00000
wrapping first mol.:      -75.75561        0.00000        0.00000
wrapping first mol.:      -75.76863        0.00000        0.00000
wrapping first mol.:      -75.76863        0.00000        0.00000

 NSTEP =  5875000   TIME(PS) =   13450.000  TEMP(K) =   298.89  PRESS =     0.0
 Etot   =   -117124.5872  EKtot   =     20426.1387  EPtot      =   -137550.7259
 BOND   =       551.0957  ANGLE   =      1531.6931  DIHED      =      1014.9464
 UB     =         0.0000  IMP     =         0.0000  CMAP       =       134.0535
 1-4 NB =       648.2262  1-4 EEL =      5830.2849  VDWAALS    =     16231.1518
 EELEC  =   -163492.1774  EHBOND  =         0.0000  RESTRAINT  =         0.0000
 EKCMT  =         0.0000  VIRIAL  =         0.0000  VOLUME     =    334847.0370
                                                    Density    =         1.0279
 ------------------------------------------------------------------------------

wrapping first mol.:      -75.75130        0.00000        0.00000
wrapping first mol.:      -75.75130        0.00000        0.00000
wrapping first mol.:      -75.65547        0.00000        0.00000
wrapping first mol.:      -75.65547        0.00000        0.00000
wrapping first mol.:      -75.63914        0.00000        0.00000
wrapping first mol.:      -75.63914        0.00000        0.00000
wrapping first mol.:      -75.65936        0.00000        0.00000
wrapping first mol.:      -75.65936        0.00000        0.00000
wrapping first mol.:      -75.64269        0.00000        0.00000
wrapping first mol.:      -75.64269        0.00000        0.00000

 NSTEP =  5900000   TIME(PS) =   13500.000  TEMP(K) =   301.55  PRESS =     0.0
 Etot   =   -117182.7287  EKtot   =     20608.2246  EPtot      =   -137790.9533
 BOND   =       578.0513  ANGLE   =      1535.5801  DIHED      =       972.7767
 UB     =         0.0000  IMP     =         0.0000  CMAP       =       133.6718
 1-4 NB =       653.7943  1-4 EEL =      5789.3836  VDWAALS    =     16479.0166
 EELEC  =   -163933.2277  EHBOND  =         0.0000  RESTRAINT  =         0.0000
 EKCMT  =         0.0000  VIRIAL  =         0.0000  VOLUME     =    333180.1251
                                                    Density    =         1.0331
 ------------------------------------------------------------------------------

wrapping first mol.:      -75.61260        0.00000        0.00000
wrapping first mol.:      -75.61260        0.00000        0.00000
wrapping first mol.:      -75.66165        0.00000        0.00000
wrapping first mol.:      -75.66165        0.00000        0.00000
wrapping first mol.:      -75.64940        0.00000        0.00000
wrapping first mol.:      -75.64940        0.00000        0.00000
wrapping first mol.:      -75.68784        0.00000        0.00000
wrapping first mol.:      -75.68784        0.00000        0.00000
wrapping first mol.:      -75.58775        0.00000        0.00000
wrapping first mol.:      -75.58775        0.00000        0.00000

 NSTEP =  5925000   TIME(PS) =   13550.000  TEMP(K) =   298.44  PRESS =     0.0
 Etot   =   -117459.9555  EKtot   =     20395.2441  EPtot      =   -137855.1996
 BOND   =       599.8489  ANGLE   =      1504.2529  DIHED      =       994.6445
 UB     =         0.0000  IMP     =         0.0000  CMAP       =       143.9262
 1-4 NB =       661.3285  1-4 EEL =      5777.2184  VDWAALS    =     16357.5673
 EELEC  =   -163893.9865  EHBOND  =         0.0000  RESTRAINT  =         0.0000
 EKCMT  =         0.0000  VIRIAL  =         0.0000  VOLUME     =    332454.6207
                                                    Density    =         1.0353
 ------------------------------------------------------------------------------

wrapping first mol.:      -75.61236        0.00000        0.00000
wrapping first mol.:      -75.61236        0.00000        0.00000
wrapping first mol.:      -75.69644        0.00000        0.00000
wrapping first mol.:      -75.69644        0.00000        0.00000
wrapping first mol.:      -75.60957        0.00000        0.00000
wrapping first mol.:      -75.60957        0.00000        0.00000
wrapping first mol.:      -75.54487        0.00000        0.00000
wrapping first mol.:      -75.54487        0.00000        0.00000
wrapping first mol.:      -75.67966        0.00000        0.00000
wrapping first mol.:      -75.67966        0.00000        0.00000

 NSTEP =  5950000   TIME(PS) =   13600.000  TEMP(K) =   299.25  PRESS =     0.0
 Etot   =   -117454.6569  EKtot   =     20450.9277  EPtot      =   -137905.5846
 BOND   =       544.5522  ANGLE   =      1522.2077  DIHED      =       994.8616
 UB     =         0.0000  IMP     =         0.0000  CMAP       =       138.3969
 1-4 NB =       640.3072  1-4 EEL =      5835.3457  VDWAALS    =     16478.2651
 EELEC  =   -164059.5209  EHBOND  =         0.0000  RESTRAINT  =         0.0000
 EKCMT  =         0.0000  VIRIAL  =         0.0000  VOLUME     =    333668.8561
                                                    Density    =         1.0316
 ------------------------------------------------------------------------------

wrapping first mol.:      -75.56726        0.00000        0.00000
wrapping first mol.:      -75.56726        0.00000        0.00000
wrapping first mol.:      -75.61832        0.00000        0.00000
wrapping first mol.:      -75.61832        0.00000        0.00000
wrapping first mol.:      -75.71233        0.00000        0.00000
wrapping first mol.:      -75.71233        0.00000        0.00000
wrapping first mol.:      -75.63500        0.00000        0.00000
wrapping first mol.:      -75.63500        0.00000        0.00000
wrapping first mol.:      -75.72841        0.00000        0.00000
wrapping first mol.:      -75.72841        0.00000        0.00000

 NSTEP =  5975000   TIME(PS) =   13650.000  TEMP(K) =   302.70  PRESS =     0.0
 Etot   =   -117046.4153  EKtot   =     20686.8691  EPtot      =   -137733.2844
 BOND   =       559.3741  ANGLE   =      1516.5789  DIHED      =       988.3553
 UB     =         0.0000  IMP     =         0.0000  CMAP       =       138.0220
 1-4 NB =       646.2291  1-4 EEL =      5799.3683  VDWAALS    =     16384.3063
 EELEC  =   -163765.5186  EHBOND  =         0.0000  RESTRAINT  =         0.0000
 EKCMT  =         0.0000  VIRIAL  =         0.0000  VOLUME     =    334314.0575
                                                    Density    =         1.0296
 ------------------------------------------------------------------------------

wrapping first mol.:      -75.62334        0.00000        0.00000
wrapping first mol.:      -75.62334        0.00000        0.00000
wrapping first mol.:      -75.57591        0.00000        0.00000
wrapping first mol.:      -75.57591        0.00000        0.00000
wrapping first mol.:      -75.65718        0.00000        0.00000
wrapping first mol.:      -75.65718        0.00000        0.00000
wrapping first mol.:      -75.69509        0.00000        0.00000
wrapping first mol.:      -75.69509        0.00000        0.00000
wrapping first mol.:      -75.67783        0.00000        0.00000
wrapping first mol.:      -75.67783        0.00000        0.00000

 NSTEP =  6000000   TIME(PS) =   13700.000  TEMP(K) =   301.66  PRESS =     0.0
 Etot   =   -117121.3723  EKtot   =     20615.6543  EPtot      =   -137737.0266
 BOND   =       559.2582  ANGLE   =      1568.5031  DIHED      =      1042.3670
 UB     =         0.0000  IMP     =         0.0000  CMAP       =       122.2655
 1-4 NB =       649.0492  1-4 EEL =      5762.0042  VDWAALS    =     16225.7762
 EELEC  =   -163666.2500  EHBOND  =         0.0000  RESTRAINT  =         0.0000
 EKCMT  =         0.0000  VIRIAL  =         0.0000  VOLUME     =    333644.6289
                                                    Density    =         1.0316
 ------------------------------------------------------------------------------

wrapping first mol.:      -75.61869        0.00000        0.00000
wrapping first mol.:      -75.61869        0.00000        0.00000
wrapping first mol.:      -75.63414        0.00000        0.00000
wrapping first mol.:      -75.63414        0.00000        0.00000
wrapping first mol.:      -75.64484        0.00000        0.00000
wrapping first mol.:      -75.64484        0.00000        0.00000
wrapping first mol.:      -75.68750        0.00000        0.00000
wrapping first mol.:      -75.68750        0.00000        0.00000
wrapping first mol.:      -75.70884        0.00000        0.00000
wrapping first mol.:      -75.70884        0.00000        0.00000

 NSTEP =  6025000   TIME(PS) =   13750.000  TEMP(K) =   301.62  PRESS =     0.0
 Etot   =   -116684.4364  EKtot   =     20612.6992  EPtot      =   -137297.1356
 BOND   =       579.4624  ANGLE   =      1508.2972  DIHED      =       989.1636
 UB     =         0.0000  IMP     =         0.0000  CMAP       =       136.9340
 1-4 NB =       631.3942  1-4 EEL =      5816.4814  VDWAALS    =     16377.8066
 EELEC  =   -163336.6750  EHBOND  =         0.0000  RESTRAINT  =         0.0000
 EKCMT  =         0.0000  VIRIAL  =         0.0000  VOLUME     =    334054.9312
                                                    Density    =         1.0304
 ------------------------------------------------------------------------------

wrapping first mol.:      -75.63361        0.00000        0.00000
wrapping first mol.:      -75.63361        0.00000        0.00000
wrapping first mol.:      -75.67493        0.00000        0.00000
wrapping first mol.:      -75.67493        0.00000        0.00000
wrapping first mol.:      -75.68945        0.00000        0.00000
wrapping first mol.:      -75.68945        0.00000        0.00000
wrapping first mol.:      -75.71879        0.00000        0.00000
wrapping first mol.:      -75.71879        0.00000        0.00000
wrapping first mol.:      -75.72599        0.00000        0.00000
wrapping first mol.:      -75.72599        0.00000        0.00000

 NSTEP =  6050000   TIME(PS) =   13800.000  TEMP(K) =   301.36  PRESS =     0.0
 Etot   =   -117105.3886  EKtot   =     20595.2344  EPtot      =   -137700.6229
 BOND   =       577.2384  ANGLE   =      1518.5667  DIHED      =       992.2725
 UB     =         0.0000  IMP     =         0.0000  CMAP       =       133.9039
 1-4 NB =       645.1448  1-4 EEL =      5826.2643  VDWAALS    =     16434.7574
 EELEC  =   -163828.7710  EHBOND  =         0.0000  RESTRAINT  =         0.0000
 EKCMT  =         0.0000  VIRIAL  =         0.0000  VOLUME     =    334281.9979
                                                    Density    =         1.0297
 ------------------------------------------------------------------------------

wrapping first mol.:      -75.66918        0.00000        0.00000
wrapping first mol.:      -75.66918        0.00000        0.00000
wrapping first mol.:      -75.79773        0.00000        0.00000
wrapping first mol.:      -75.79773        0.00000        0.00000
wrapping first mol.:      -75.73221        0.00000        0.00000
wrapping first mol.:      -75.73221        0.00000        0.00000
wrapping first mol.:      -75.70519        0.00000        0.00000
wrapping first mol.:      -75.70519        0.00000        0.00000
wrapping first mol.:      -75.62832        0.00000        0.00000
wrapping first mol.:      -75.62832        0.00000        0.00000

 NSTEP =  6075000   TIME(PS) =   13850.000  TEMP(K) =   296.62  PRESS =     0.0
 Etot   =   -117377.7426  EKtot   =     20271.3145  EPtot      =   -137649.0571
 BOND   =       572.6836  ANGLE   =      1550.3876  DIHED      =      1002.0204
 UB     =         0.0000  IMP     =         0.0000  CMAP       =       139.9285
 1-4 NB =       624.6974  1-4 EEL =      5773.9855  VDWAALS    =     16316.4803
 EELEC  =   -163629.2405  EHBOND  =         0.0000  RESTRAINT  =         0.0000
 EKCMT  =         0.0000  VIRIAL  =         0.0000  VOLUME     =    332990.2846
                                                    Density    =         1.0337
 ------------------------------------------------------------------------------

wrapping first mol.:      -75.62874        0.00000        0.00000
wrapping first mol.:      -75.62874        0.00000        0.00000
wrapping first mol.:      -75.75202        0.00000        0.00000
wrapping first mol.:      -75.75202        0.00000        0.00000
wrapping first mol.:      -75.60164        0.00000        0.00000
wrapping first mol.:      -75.60164        0.00000        0.00000
wrapping first mol.:      -75.63317        0.00000        0.00000
wrapping first mol.:      -75.63317        0.00000        0.00000
wrapping first mol.:      -75.71075        0.00000        0.00000
wrapping first mol.:      -75.71075        0.00000        0.00000

 NSTEP =  6100000   TIME(PS) =   13900.000  TEMP(K) =   298.01  PRESS =     0.0
 Etot   =   -117451.6243  EKtot   =     20366.3047  EPtot      =   -137817.9289
 BOND   =       559.0547  ANGLE   =      1475.7497  DIHED      =       983.2031
 UB     =         0.0000  IMP     =         0.0000  CMAP       =       140.6523
 1-4 NB =       619.4633  1-4 EEL =      5813.8039  VDWAALS    =     16082.9721
 EELEC  =   -163492.8281  EHBOND  =         0.0000  RESTRAINT  =         0.0000
 EKCMT  =         0.0000  VIRIAL  =         0.0000  VOLUME     =    334080.1879
                                                    Density    =         1.0303
 ------------------------------------------------------------------------------

wrapping first mol.:      -75.69526        0.00000        0.00000
wrapping first mol.:      -75.69526        0.00000        0.00000
wrapping first mol.:      -75.56286        0.00000        0.00000
wrapping first mol.:      -75.56286        0.00000        0.00000
wrapping first mol.:      -75.60714        0.00000        0.00000
wrapping first mol.:      -75.60714        0.00000        0.00000
wrapping first mol.:      -75.70830        0.00000        0.00000
wrapping first mol.:      -75.70830        0.00000        0.00000
wrapping first mol.:      -75.69782        0.00000        0.00000
wrapping first mol.:      -75.69782        0.00000        0.00000

 NSTEP =  6125000   TIME(PS) =   13950.000  TEMP(K) =   300.80  PRESS =     0.0
 Etot   =   -117148.5271  EKtot   =     20557.0918  EPtot      =   -137705.6189
 BOND   =       570.5870  ANGLE   =      1521.9652  DIHED      =       971.9617
 UB     =         0.0000  IMP     =         0.0000  CMAP       =       138.3886
 1-4 NB =       634.0862  1-4 EEL =      5789.4076  VDWAALS    =     16408.7755
 EELEC  =   -163740.7907  EHBOND  =         0.0000  RESTRAINT  =         0.0000
 EKCMT  =         0.0000  VIRIAL  =         0.0000  VOLUME     =    333909.0416
                                                    Density    =         1.0308
 ------------------------------------------------------------------------------

wrapping first mol.:      -75.70644        0.00000        0.00000
wrapping first mol.:      -75.70644        0.00000        0.00000
wrapping first mol.:      -75.67194        0.00000        0.00000
wrapping first mol.:      -75.67194        0.00000        0.00000
wrapping first mol.:      -75.62283        0.00000        0.00000
wrapping first mol.:      -75.62283        0.00000        0.00000
wrapping first mol.:      -75.63890        0.00000        0.00000
wrapping first mol.:      -75.63890        0.00000        0.00000
wrapping first mol.:      -75.66154        0.00000        0.00000
wrapping first mol.:      -75.66154        0.00000        0.00000

 NSTEP =  6150000   TIME(PS) =   14000.000  TEMP(K) =   302.60  PRESS =     0.0
 Etot   =   -117257.5164  EKtot   =     20679.7422  EPtot      =   -137937.2586
 BOND   =       534.1970  ANGLE   =      1504.5008  DIHED      =       985.8178
 UB     =         0.0000  IMP     =         0.0000  CMAP       =       132.7000
 1-4 NB =       648.9461  1-4 EEL =      5804.5023  VDWAALS    =     16569.4097
 EELEC  =   -164117.3322  EHBOND  =         0.0000  RESTRAINT  =         0.0000
 EKCMT  =         0.0000  VIRIAL  =         0.0000  VOLUME     =    333429.2592
                                                    Density    =         1.0323
 ------------------------------------------------------------------------------

wrapping first mol.:      -75.67222        0.00000        0.00000
wrapping first mol.:      -75.67222        0.00000        0.00000
wrapping first mol.:      -75.68735        0.00000        0.00000
wrapping first mol.:      -75.68735        0.00000        0.00000
wrapping first mol.:      -75.80413        0.00000        0.00000
wrapping first mol.:      -75.80413        0.00000        0.00000
wrapping first mol.:      -75.71159        0.00000        0.00000
wrapping first mol.:      -75.71159        0.00000        0.00000
wrapping first mol.:      -75.60767        0.00000        0.00000
wrapping first mol.:      -75.60767        0.00000        0.00000

 NSTEP =  6175000   TIME(PS) =   14050.000  TEMP(K) =   301.10  PRESS =     0.0
 Etot   =   -117214.4686  EKtot   =     20577.3105  EPtot      =   -137791.7791
 BOND   =       591.3338  ANGLE   =      1546.4938  DIHED      =      1005.9910
 UB     =         0.0000  IMP     =         0.0000  CMAP       =       143.6433
 1-4 NB =       638.5204  1-4 EEL =      5804.3384  VDWAALS    =     16650.3469
 EELEC  =   -164172.4468  EHBOND  =         0.0000  RESTRAINT  =         0.0000
 EKCMT  =         0.0000  VIRIAL  =         0.0000  VOLUME     =    332717.4951
                                                    Density    =         1.0345
 ------------------------------------------------------------------------------

wrapping first mol.:      -75.66807        0.00000        0.00000
wrapping first mol.:      -75.66807        0.00000        0.00000
wrapping first mol.:      -75.67662        0.00000        0.00000
wrapping first mol.:      -75.67662        0.00000        0.00000
wrapping first mol.:      -75.71324        0.00000        0.00000
wrapping first mol.:      -75.71324        0.00000        0.00000
wrapping first mol.:      -75.64071        0.00000        0.00000
wrapping first mol.:      -75.64071        0.00000        0.00000
wrapping first mol.:      -75.66429        0.00000        0.00000
wrapping first mol.:      -75.66429        0.00000        0.00000

 NSTEP =  6200000   TIME(PS) =   14100.000  TEMP(K) =   299.65  PRESS =     0.0
 Etot   =   -117231.4442  EKtot   =     20478.3301  EPtot      =   -137709.7743
 BOND   =       581.9340  ANGLE   =      1518.2866  DIHED      =      1002.7543
 UB     =         0.0000  IMP     =         0.0000  CMAP       =       147.3613
 1-4 NB =       635.2894  1-4 EEL =      5773.8030  VDWAALS    =     16405.0008
 EELEC  =   -163774.2037  EHBOND  =         0.0000  RESTRAINT  =         0.0000
 EKCMT  =         0.0000  VIRIAL  =         0.0000  VOLUME     =    333465.5551
                                                    Density    =         1.0322
 ------------------------------------------------------------------------------

wrapping first mol.:      -75.67208        0.00000        0.00000
wrapping first mol.:      -75.67208        0.00000        0.00000
wrapping first mol.:      -75.72123        0.00000        0.00000
wrapping first mol.:      -75.72123        0.00000        0.00000
wrapping first mol.:      -75.65680        0.00000        0.00000
wrapping first mol.:      -75.65680        0.00000        0.00000
wrapping first mol.:      -75.71512        0.00000        0.00000
wrapping first mol.:      -75.71512        0.00000        0.00000
wrapping first mol.:      -75.67806        0.00000        0.00000
wrapping first mol.:      -75.67806        0.00000        0.00000

 NSTEP =  6225000   TIME(PS) =   14150.000  TEMP(K) =   301.72  PRESS =     0.0
 Etot   =   -117084.9035  EKtot   =     20619.6172  EPtot      =   -137704.5207
 BOND   =       554.2120  ANGLE   =      1526.6086  DIHED      =      1002.3256
 UB     =         0.0000  IMP     =         0.0000  CMAP       =       133.0896
 1-4 NB =       647.6608  1-4 EEL =      5790.9630  VDWAALS    =     16347.8610
 EELEC  =   -163707.2414  EHBOND  =         0.0000  RESTRAINT  =         0.0000
 EKCMT  =         0.0000  VIRIAL  =         0.0000  VOLUME     =    333647.6524
                                                    Density    =         1.0316
 ------------------------------------------------------------------------------

wrapping first mol.:      -75.60408        0.00000        0.00000
wrapping first mol.:      -75.60408        0.00000        0.00000
wrapping first mol.:      -75.71532        0.00000        0.00000
wrapping first mol.:      -75.71532        0.00000        0.00000
wrapping first mol.:      -75.74031        0.00000        0.00000
wrapping first mol.:      -75.74031        0.00000        0.00000
wrapping first mol.:      -75.61531        0.00000        0.00000
wrapping first mol.:      -75.61531        0.00000        0.00000
wrapping first mol.:      -75.67785        0.00000        0.00000
wrapping first mol.:      -75.67785        0.00000        0.00000

 NSTEP =  6250000   TIME(PS) =   14200.000  TEMP(K) =   298.40  PRESS =     0.0
 Etot   =   -117407.9525  EKtot   =     20393.0195  EPtot      =   -137800.9720
 BOND   =       548.8923  ANGLE   =      1515.9914  DIHED      =      1013.9008
 UB     =         0.0000  IMP     =         0.0000  CMAP       =       141.5613
 1-4 NB =       644.9143  1-4 EEL =      5841.9200  VDWAALS    =     16389.2234
 EELEC  =   -163897.3754  EHBOND  =         0.0000  RESTRAINT  =         0.0000
 EKCMT  =         0.0000  VIRIAL  =         0.0000  VOLUME     =    333644.8495
                                                    Density    =         1.0316
 ------------------------------------------------------------------------------

wrapping first mol.:      -75.60516        0.00000        0.00000
wrapping first mol.:      -75.60516        0.00000        0.00000
wrapping first mol.:      -75.63732        0.00000        0.00000
wrapping first mol.:      -75.63732        0.00000        0.00000
wrapping first mol.:      -75.57417        0.00000        0.00000
wrapping first mol.:      -75.57417        0.00000        0.00000
wrapping first mol.:      -75.68250        0.00000        0.00000
wrapping first mol.:      -75.68250        0.00000        0.00000
wrapping first mol.:      -75.73190        0.00000        0.00000
wrapping first mol.:      -75.73190        0.00000        0.00000

 NSTEP =  6275000   TIME(PS) =   14250.000  TEMP(K) =   303.15  PRESS =     0.0
 Etot   =   -117195.9239  EKtot   =     20717.2832  EPtot      =   -137913.2071
 BOND   =       527.0910  ANGLE   =      1544.9364  DIHED      =      1004.4528
 UB     =         0.0000  IMP     =         0.0000  CMAP       =       134.1007
 1-4 NB =       644.1513  1-4 EEL =      5813.7786  VDWAALS    =     16404.8134
 EELEC  =   -163986.5312  EHBOND  =         0.0000  RESTRAINT  =         0.0000
 EKCMT  =         0.0000  VIRIAL  =         0.0000  VOLUME     =    334360.3376
                                                    Density    =         1.0294
 ------------------------------------------------------------------------------

wrapping first mol.:      -75.64950        0.00000        0.00000
wrapping first mol.:      -75.64950        0.00000        0.00000
wrapping first mol.:      -75.64200        0.00000        0.00000
wrapping first mol.:      -75.64200        0.00000        0.00000
wrapping first mol.:      -75.73613        0.00000        0.00000
wrapping first mol.:      -75.73613        0.00000        0.00000
wrapping first mol.:      -75.63847        0.00000        0.00000
wrapping first mol.:      -75.63847        0.00000        0.00000
wrapping first mol.:      -75.69173        0.00000        0.00000
wrapping first mol.:      -75.69173        0.00000        0.00000

 NSTEP =  6300000   TIME(PS) =   14300.000  TEMP(K) =   299.23  PRESS =     0.0
 Etot   =   -116990.6729  EKtot   =     20449.2520  EPtot      =   -137439.9248
 BOND   =       553.3947  ANGLE   =      1536.8892  DIHED      =       992.0064
 UB     =         0.0000  IMP     =         0.0000  CMAP       =       137.7399
 1-4 NB =       651.0054  1-4 EEL =      5775.4105  VDWAALS    =     16259.3503
 EELEC  =   -163345.7213  EHBOND  =         0.0000  RESTRAINT  =         0.0000
 EKCMT  =         0.0000  VIRIAL  =         0.0000  VOLUME     =    333828.4659
                                                    Density    =         1.0311
 ------------------------------------------------------------------------------

wrapping first mol.:      -75.69221        0.00000        0.00000
wrapping first mol.:      -75.69221        0.00000        0.00000
wrapping first mol.:      -75.70692        0.00000        0.00000
wrapping first mol.:      -75.70692        0.00000        0.00000
wrapping first mol.:      -75.74454        0.00000        0.00000
wrapping first mol.:      -75.74454        0.00000        0.00000
wrapping first mol.:      -75.73101        0.00000        0.00000
wrapping first mol.:      -75.73101        0.00000        0.00000
wrapping first mol.:      -75.67755        0.00000        0.00000
wrapping first mol.:      -75.67755        0.00000        0.00000

 NSTEP =  6325000   TIME(PS) =   14350.000  TEMP(K) =   300.84  PRESS =     0.0
 Etot   =   -116974.2433  EKtot   =     20559.2852  EPtot      =   -137533.5285
 BOND   =       572.1880  ANGLE   =      1532.7656  DIHED      =       999.4844
 UB     =         0.0000  IMP     =         0.0000  CMAP       =       142.5405
 1-4 NB =       650.3217  1-4 EEL =      5827.1277  VDWAALS    =     16314.1329
 EELEC  =   -163572.0892  EHBOND  =         0.0000  RESTRAINT  =         0.0000
 EKCMT  =         0.0000  VIRIAL  =         0.0000  VOLUME     =    333640.9490
                                                    Density    =         1.0317
 ------------------------------------------------------------------------------

wrapping first mol.:      -75.70269        0.00000        0.00000
wrapping first mol.:      -75.70269        0.00000        0.00000
wrapping first mol.:      -75.64575        0.00000        0.00000
wrapping first mol.:      -75.64575        0.00000        0.00000
wrapping first mol.:      -75.81088        0.00000        0.00000
wrapping first mol.:      -75.81088        0.00000        0.00000
wrapping first mol.:      -75.63971        0.00000        0.00000
wrapping first mol.:      -75.63971        0.00000        0.00000
wrapping first mol.:      -75.69082        0.00000        0.00000
wrapping first mol.:      -75.69082        0.00000        0.00000

 NSTEP =  6350000   TIME(PS) =   14400.000  TEMP(K) =   300.52  PRESS =     0.0
 Etot   =   -117134.4476  EKtot   =     20537.6543  EPtot      =   -137672.1019
 BOND   =       592.0572  ANGLE   =      1532.3176  DIHED      =       975.7184
 UB     =         0.0000  IMP     =         0.0000  CMAP       =       145.3094
 1-4 NB =       640.0171  1-4 EEL =      5777.1778  VDWAALS    =     16759.0738
 EELEC  =   -164093.7732  EHBOND  =         0.0000  RESTRAINT  =         0.0000
 EKCMT  =         0.0000  VIRIAL  =         0.0000  VOLUME     =    333816.4672
                                                    Density    =         1.0311
 ------------------------------------------------------------------------------

wrapping first mol.:      -75.63004        0.00000        0.00000
wrapping first mol.:      -75.63004        0.00000        0.00000
wrapping first mol.:      -75.71808        0.00000        0.00000
wrapping first mol.:      -75.71808        0.00000        0.00000
wrapping first mol.:      -75.52490        0.00000        0.00000
wrapping first mol.:      -75.52490        0.00000        0.00000
wrapping first mol.:      -75.77921        0.00000        0.00000
wrapping first mol.:      -75.77921        0.00000        0.00000
wrapping first mol.:      -75.63297        0.00000        0.00000
wrapping first mol.:      -75.63297        0.00000        0.00000

 NSTEP =  6375000   TIME(PS) =   14450.000  TEMP(K) =   303.63  PRESS =     0.0
 Etot   =   -116831.9215  EKtot   =     20750.3496  EPtot      =   -137582.2711
 BOND   =       567.0663  ANGLE   =      1519.3554  DIHED      =       970.6603
 UB     =         0.0000  IMP     =         0.0000  CMAP       =       147.7783
 1-4 NB =       623.7204  1-4 EEL =      5769.6646  VDWAALS    =     16238.9639
 EELEC  =   -163419.4802  EHBOND  =         0.0000  RESTRAINT  =         0.0000
 EKCMT  =         0.0000  VIRIAL  =         0.0000  VOLUME     =    333051.6508
                                                    Density    =         1.0335
 ------------------------------------------------------------------------------

wrapping first mol.:      -75.63195        0.00000        0.00000
wrapping first mol.:      -75.63195        0.00000        0.00000
wrapping first mol.:      -75.54941        0.00000        0.00000
wrapping first mol.:      -75.54941        0.00000        0.00000
wrapping first mol.:      -75.79355        0.00000        0.00000
wrapping first mol.:      -75.79355        0.00000        0.00000
wrapping first mol.:      -75.72095        0.00000        0.00000
wrapping first mol.:      -75.72095        0.00000        0.00000
wrapping first mol.:      -75.67596        0.00000        0.00000
wrapping first mol.:      -75.67596        0.00000        0.00000

 NSTEP =  6400000   TIME(PS) =   14500.000  TEMP(K) =   297.56  PRESS =     0.0
 Etot   =   -117582.8120  EKtot   =     20335.3887  EPtot      =   -137918.2007
 BOND   =       561.0829  ANGLE   =      1487.5148  DIHED      =      1005.5603
 UB     =         0.0000  IMP     =         0.0000  CMAP       =       138.5281
 1-4 NB =       638.2328  1-4 EEL =      5821.3059  VDWAALS    =     16685.2541
 EELEC  =   -164255.6795  EHBOND  =         0.0000  RESTRAINT  =         0.0000
 EKCMT  =         0.0000  VIRIAL  =         0.0000  VOLUME     =    333619.8956
                                                    Density    =         1.0317
 ------------------------------------------------------------------------------

wrapping first mol.:      -75.76123        0.00000        0.00000
wrapping first mol.:      -75.76123        0.00000        0.00000
wrapping first mol.:      -75.68606        0.00000        0.00000
wrapping first mol.:      -75.68606        0.00000        0.00000
wrapping first mol.:      -75.55999        0.00000        0.00000
wrapping first mol.:      -75.55999        0.00000        0.00000
wrapping first mol.:      -75.66085        0.00000        0.00000
wrapping first mol.:      -75.66085        0.00000        0.00000
wrapping first mol.:      -75.72286        0.00000        0.00000
wrapping first mol.:      -75.72286        0.00000        0.00000

 NSTEP =  6425000   TIME(PS) =   14550.000  TEMP(K) =   301.90  PRESS =     0.0
 Etot   =   -117019.0198  EKtot   =     20632.1367  EPtot      =   -137651.1565
 BOND   =       595.8731  ANGLE   =      1505.5224  DIHED      =       974.2902
 UB     =         0.0000  IMP     =         0.0000  CMAP       =       135.5561
 1-4 NB =       656.6162  1-4 EEL =      5841.4857  VDWAALS    =     16349.3947
 EELEC  =   -163709.8949  EHBOND  =         0.0000  RESTRAINT  =         0.0000
 EKCMT  =         0.0000  VIRIAL  =         0.0000  VOLUME     =    334240.5727
                                                    Density    =         1.0298
 ------------------------------------------------------------------------------

wrapping first mol.:      -75.77564        0.00000        0.00000
wrapping first mol.:      -75.77564        0.00000        0.00000
wrapping first mol.:      -75.70148        0.00000        0.00000
wrapping first mol.:      -75.70148        0.00000        0.00000
wrapping first mol.:      -75.70157        0.00000        0.00000
wrapping first mol.:      -75.70157        0.00000        0.00000
wrapping first mol.:      -75.65510        0.00000        0.00000
wrapping first mol.:      -75.65510        0.00000        0.00000
wrapping first mol.:      -75.63219        0.00000        0.00000
wrapping first mol.:      -75.63219        0.00000        0.00000

 NSTEP =  6450000   TIME(PS) =   14600.000  TEMP(K) =   300.93  PRESS =     0.0
 Etot   =   -117055.5765  EKtot   =     20565.8867  EPtot      =   -137621.4632
 BOND   =       589.1674  ANGLE   =      1484.0874  DIHED      =      1009.4660
 UB     =         0.0000  IMP     =         0.0000  CMAP       =       136.4882
 1-4 NB =       639.2454  1-4 EEL =      5822.6087  VDWAALS    =     16431.5780
 EELEC  =   -163734.1043  EHBOND  =         0.0000  RESTRAINT  =         0.0000
 EKCMT  =         0.0000  VIRIAL  =         0.0000  VOLUME     =    333041.3665
                                                    Density    =         1.0335
 ------------------------------------------------------------------------------

wrapping first mol.:      -75.65898        0.00000        0.00000
wrapping first mol.:      -75.65898        0.00000        0.00000
wrapping first mol.:      -75.72687        0.00000        0.00000
wrapping first mol.:      -75.72687        0.00000        0.00000
wrapping first mol.:      -75.66748        0.00000        0.00000
wrapping first mol.:      -75.66748        0.00000        0.00000
wrapping first mol.:      -75.70400        0.00000        0.00000
wrapping first mol.:      -75.70400        0.00000        0.00000
wrapping first mol.:      -75.66753        0.00000        0.00000
wrapping first mol.:      -75.66753        0.00000        0.00000

 NSTEP =  6475000   TIME(PS) =   14650.000  TEMP(K) =   299.70  PRESS =     0.0
 Etot   =   -117204.3765  EKtot   =     20481.5332  EPtot      =   -137685.9097
 BOND   =       545.2390  ANGLE   =      1476.0199  DIHED      =      1001.9140
 UB     =         0.0000  IMP     =         0.0000  CMAP       =       139.9703
 1-4 NB =       644.6571  1-4 EEL =      5854.6414  VDWAALS    =     16089.9119
 EELEC  =   -163438.2633  EHBOND  =         0.0000  RESTRAINT  =         0.0000
 EKCMT  =         0.0000  VIRIAL  =         0.0000  VOLUME     =    333508.4586
                                                    Density    =         1.0321
 ------------------------------------------------------------------------------

wrapping first mol.:      -75.69214        0.00000        0.00000
wrapping first mol.:      -75.69214        0.00000        0.00000
wrapping first mol.:      -75.71738        0.00000        0.00000
wrapping first mol.:      -75.71738        0.00000        0.00000
wrapping first mol.:      -75.77182        0.00000        0.00000
wrapping first mol.:      -75.77182        0.00000        0.00000
wrapping first mol.:      -75.67942        0.00000        0.00000
wrapping first mol.:      -75.67942        0.00000        0.00000
wrapping first mol.:      -75.65360        0.00000        0.00000
wrapping first mol.:      -75.65360        0.00000        0.00000

 NSTEP =  6500000   TIME(PS) =   14700.000  TEMP(K) =   300.32  PRESS =     0.0
 Etot   =   -117020.8545  EKtot   =     20523.9316  EPtot      =   -137544.7862
 BOND   =       584.0192  ANGLE   =      1515.0627  DIHED      =      1028.9261
 UB     =         0.0000  IMP     =         0.0000  CMAP       =       142.3162
 1-4 NB =       666.9114  1-4 EEL =      5856.4945  VDWAALS    =     16582.4830
 EELEC  =   -163920.9993  EHBOND  =         0.0000  RESTRAINT  =         0.0000
 EKCMT  =         0.0000  VIRIAL  =         0.0000  VOLUME     =    333324.2415
                                                    Density    =         1.0326
 ------------------------------------------------------------------------------

wrapping first mol.:      -75.68303        0.00000        0.00000
wrapping first mol.:      -75.68303        0.00000        0.00000
wrapping first mol.:      -75.69344        0.00000        0.00000
wrapping first mol.:      -75.69344        0.00000        0.00000
wrapping first mol.:      -75.66267        0.00000        0.00000
wrapping first mol.:      -75.66267        0.00000        0.00000
wrapping first mol.:      -75.74110        0.00000        0.00000
wrapping first mol.:      -75.74110        0.00000        0.00000
wrapping first mol.:      -75.54276        0.00000        0.00000
wrapping first mol.:      -75.54276        0.00000        0.00000

 NSTEP =  6525000   TIME(PS) =   14750.000  TEMP(K) =   297.57  PRESS =     0.0
 Etot   =   -117567.1421  EKtot   =     20335.7617  EPtot      =   -137902.9038
 BOND   =       550.3225  ANGLE   =      1499.2603  DIHED      =      1010.5585
 UB     =         0.0000  IMP     =         0.0000  CMAP       =       143.2435
 1-4 NB =       657.5616  1-4 EEL =      5862.6398  VDWAALS    =     16685.1308
 EELEC  =   -164311.6208  EHBOND  =         0.0000  RESTRAINT  =         0.0000
 EKCMT  =         0.0000  VIRIAL  =         0.0000  VOLUME     =    331861.3377
                                                    Density    =         1.0372
 ------------------------------------------------------------------------------

wrapping first mol.:      -75.61782        0.00000        0.00000
wrapping first mol.:      -75.61782        0.00000        0.00000
wrapping first mol.:      -75.60982        0.00000        0.00000
wrapping first mol.:      -75.60982        0.00000        0.00000
wrapping first mol.:      -75.63742        0.00000        0.00000
wrapping first mol.:      -75.63742        0.00000        0.00000
wrapping first mol.:      -75.66527        0.00000        0.00000
wrapping first mol.:      -75.66527        0.00000        0.00000
wrapping first mol.:      -75.57270        0.00000        0.00000
wrapping first mol.:      -75.57270        0.00000        0.00000

 NSTEP =  6550000   TIME(PS) =   14800.000  TEMP(K) =   299.64  PRESS =     0.0
 Etot   =   -117227.8486  EKtot   =     20477.5410  EPtot      =   -137705.3896
 BOND   =       561.6078  ANGLE   =      1538.9351  DIHED      =      1007.4787
 UB     =         0.0000  IMP     =         0.0000  CMAP       =       137.6030
 1-4 NB =       661.7871  1-4 EEL =      5882.4928  VDWAALS    =     16378.9256
 EELEC  =   -163874.2196  EHBOND  =         0.0000  RESTRAINT  =         0.0000
 EKCMT  =         0.0000  VIRIAL  =         0.0000  VOLUME     =    332256.0354
                                                    Density    =         1.0360
 ------------------------------------------------------------------------------

wrapping first mol.:      -75.63561        0.00000        0.00000
wrapping first mol.:      -75.63561        0.00000        0.00000
wrapping first mol.:      -75.66281        0.00000        0.00000
wrapping first mol.:      -75.66281        0.00000        0.00000
wrapping first mol.:      -75.63339        0.00000        0.00000
wrapping first mol.:      -75.63339        0.00000        0.00000
wrapping first mol.:      -75.67617        0.00000        0.00000
wrapping first mol.:      -75.67617        0.00000        0.00000
wrapping first mol.:      -75.67292        0.00000        0.00000
wrapping first mol.:      -75.67292        0.00000        0.00000

 NSTEP =  6575000   TIME(PS) =   14850.000  TEMP(K) =   298.02  PRESS =     0.0
 Etot   =   -117252.1075  EKtot   =     20366.6641  EPtot      =   -137618.7716
 BOND   =       565.4321  ANGLE   =      1497.9304  DIHED      =       994.0211
 UB     =         0.0000  IMP     =         0.0000  CMAP       =       143.3417
 1-4 NB =       641.7806  1-4 EEL =      5856.1249  VDWAALS    =     16084.0637
 EELEC  =   -163401.4662  EHBOND  =         0.0000  RESTRAINT  =         0.0000
 EKCMT  =         0.0000  VIRIAL  =         0.0000  VOLUME     =    333579.7567
                                                    Density    =         1.0318
 ------------------------------------------------------------------------------

wrapping first mol.:      -75.68009        0.00000        0.00000
wrapping first mol.:      -75.68009        0.00000        0.00000
wrapping first mol.:      -75.73420        0.00000        0.00000
wrapping first mol.:      -75.73420        0.00000        0.00000
wrapping first mol.:      -75.67451        0.00000        0.00000
wrapping first mol.:      -75.67451        0.00000        0.00000
wrapping first mol.:      -75.64312        0.00000        0.00000
wrapping first mol.:      -75.64312        0.00000        0.00000
wrapping first mol.:      -75.60511        0.00000        0.00000
wrapping first mol.:      -75.60511        0.00000        0.00000

 NSTEP =  6600000   TIME(PS) =   14900.000  TEMP(K) =   300.49  PRESS =     0.0
 Etot   =   -117072.4423  EKtot   =     20535.8027  EPtot      =   -137608.2450
 BOND   =       559.4643  ANGLE   =      1541.8712  DIHED      =      1022.7184
 UB     =         0.0000  IMP     =         0.0000  CMAP       =       141.0748
 1-4 NB =       646.9700  1-4 EEL =      5823.0187  VDWAALS    =     16401.1909
 EELEC  =   -163744.5533  EHBOND  =         0.0000  RESTRAINT  =         0.0000
 EKCMT  =         0.0000  VIRIAL  =         0.0000  VOLUME     =    332683.7704
                                                    Density    =         1.0346
 ------------------------------------------------------------------------------

wrapping first mol.:      -75.67493        0.00000        0.00000
wrapping first mol.:      -75.67493        0.00000        0.00000
wrapping first mol.:      -75.67662        0.00000        0.00000
wrapping first mol.:      -75.67662        0.00000        0.00000
wrapping first mol.:      -75.59257        0.00000        0.00000
wrapping first mol.:      -75.59257        0.00000        0.00000
wrapping first mol.:      -75.60442        0.00000        0.00000
wrapping first mol.:      -75.60442        0.00000        0.00000
wrapping first mol.:      -75.64442        0.00000        0.00000
wrapping first mol.:      -75.64442        0.00000        0.00000

 NSTEP =  6625000   TIME(PS) =   14950.000  TEMP(K) =   299.90  PRESS =     0.0
 Etot   =   -116915.4191  EKtot   =     20495.6113  EPtot      =   -137411.0304
 BOND   =       593.5333  ANGLE   =      1588.6617  DIHED      =      1013.5060
 UB     =         0.0000  IMP     =         0.0000  CMAP       =       139.7360
 1-4 NB =       637.8865  1-4 EEL =      5829.5047  VDWAALS    =     16422.5193
 EELEC  =   -163636.3780  EHBOND  =         0.0000  RESTRAINT  =         0.0000
 EKCMT  =         0.0000  VIRIAL  =         0.0000  VOLUME     =    333202.9720
                                                    Density    =         1.0330
 ------------------------------------------------------------------------------

wrapping first mol.:      -75.66465        0.00000        0.00000
wrapping first mol.:      -75.66465        0.00000        0.00000
wrapping first mol.:      -75.72092        0.00000        0.00000
wrapping first mol.:      -75.72092        0.00000        0.00000
wrapping first mol.:      -75.71287        0.00000        0.00000
wrapping first mol.:      -75.71287        0.00000        0.00000
wrapping first mol.:      -75.60470        0.00000        0.00000
wrapping first mol.:      -75.60470        0.00000        0.00000
wrapping first mol.:      -75.69483        0.00000        0.00000
wrapping first mol.:      -75.69483        0.00000        0.00000

 NSTEP =  6650000   TIME(PS) =   15000.000  TEMP(K) =   300.70  PRESS =     0.0
 Etot   =   -117168.8478  EKtot   =     20549.8418  EPtot      =   -137718.6896
 BOND   =       543.7152  ANGLE   =      1496.2110  DIHED      =       991.3903
 UB     =         0.0000  IMP     =         0.0000  CMAP       =       147.1540
 1-4 NB =       642.0921  1-4 EEL =      5852.8500  VDWAALS    =     16540.6002
 EELEC  =   -163932.7024  EHBOND  =         0.0000  RESTRAINT  =         0.0000
 EKCMT  =         0.0000  VIRIAL  =         0.0000  VOLUME     =    333869.5651
                                                    Density    =         1.0309
 ------------------------------------------------------------------------------

wrapping first mol.:      -75.67580        0.00000        0.00000
wrapping first mol.:      -75.67580        0.00000        0.00000
wrapping first mol.:      -75.65498        0.00000        0.00000
wrapping first mol.:      -75.65498        0.00000        0.00000
wrapping first mol.:      -75.68252        0.00000        0.00000
wrapping first mol.:      -75.68252        0.00000        0.00000
wrapping first mol.:      -75.69115        0.00000        0.00000
wrapping first mol.:      -75.69115        0.00000        0.00000
wrapping first mol.:      -75.65176        0.00000        0.00000
wrapping first mol.:      -75.65176        0.00000        0.00000

 NSTEP =  6675000   TIME(PS) =   15050.000  TEMP(K) =   300.35  PRESS =     0.0
 Etot   =   -117192.3475  EKtot   =     20526.2734  EPtot      =   -137718.6210
 BOND   =       555.3230  ANGLE   =      1546.7514  DIHED      =      1027.0923
 UB     =         0.0000  IMP     =         0.0000  CMAP       =       133.4560
 1-4 NB =       657.7312  1-4 EEL =      5810.3753  VDWAALS    =     16540.7348
 EELEC  =   -163990.0850  EHBOND  =         0.0000  RESTRAINT  =         0.0000
 EKCMT  =         0.0000  VIRIAL  =         0.0000  VOLUME     =    333299.8886
                                                    Density    =         1.0327
 ------------------------------------------------------------------------------

wrapping first mol.:      -75.68410        0.00000        0.00000
wrapping first mol.:      -75.68410        0.00000        0.00000
wrapping first mol.:      -75.62918        0.00000        0.00000
wrapping first mol.:      -75.62918        0.00000        0.00000
wrapping first mol.:      -75.62682        0.00000        0.00000
wrapping first mol.:      -75.62682        0.00000        0.00000
wrapping first mol.:      -75.65165        0.00000        0.00000
wrapping first mol.:      -75.65165        0.00000        0.00000
wrapping first mol.:      -75.58861        0.00000        0.00000
wrapping first mol.:      -75.58861        0.00000        0.00000

 NSTEP =  6700000   TIME(PS) =   15100.000  TEMP(K) =   297.57  PRESS =     0.0
 Etot   =   -117214.9079  EKtot   =     20336.2754  EPtot      =   -137551.1833
 BOND   =       546.2286  ANGLE   =      1610.2126  DIHED      =      1005.6306
 UB     =         0.0000  IMP     =         0.0000  CMAP       =       134.2131
 1-4 NB =       664.7387  1-4 EEL =      5816.7638  VDWAALS    =     16039.7197
 EELEC  =   -163368.6904  EHBOND  =         0.0000  RESTRAINT  =         0.0000
 EKCMT  =         0.0000  VIRIAL  =         0.0000  VOLUME     =    332465.9444
                                                    Density    =         1.0353
 ------------------------------------------------------------------------------

wrapping first mol.:      -75.63373        0.00000        0.00000
wrapping first mol.:      -75.63373        0.00000        0.00000
wrapping first mol.:      -75.72348        0.00000        0.00000
wrapping first mol.:      -75.72348        0.00000        0.00000
wrapping first mol.:      -75.63659        0.00000        0.00000
wrapping first mol.:      -75.63659        0.00000        0.00000
wrapping first mol.:      -75.65667        0.00000        0.00000
wrapping first mol.:      -75.65667        0.00000        0.00000
wrapping first mol.:      -75.65399        0.00000        0.00000
wrapping first mol.:      -75.65399        0.00000        0.00000

 NSTEP =  6725000   TIME(PS) =   15150.000  TEMP(K) =   297.89  PRESS =     0.0
 Etot   =   -117480.4725  EKtot   =     20357.7109  EPtot      =   -137838.1835
 BOND   =       561.4923  ANGLE   =      1511.2078  DIHED      =      1027.4122
 UB     =         0.0000  IMP     =         0.0000  CMAP       =       133.6277
 1-4 NB =       655.9957  1-4 EEL =      5839.6656  VDWAALS    =     16438.1823
 EELEC  =   -164005.7671  EHBOND  =         0.0000  RESTRAINT  =         0.0000
 EKCMT  =         0.0000  VIRIAL  =         0.0000  VOLUME     =    333329.3596
                                                    Density    =         1.0326
 ------------------------------------------------------------------------------

wrapping first mol.:      -75.62186        0.00000        0.00000
wrapping first mol.:      -75.62186        0.00000        0.00000
wrapping first mol.:      -75.69838        0.00000        0.00000
wrapping first mol.:      -75.69838        0.00000        0.00000
wrapping first mol.:      -75.69374        0.00000        0.00000
wrapping first mol.:      -75.69374        0.00000        0.00000
wrapping first mol.:      -75.58476        0.00000        0.00000
wrapping first mol.:      -75.58476        0.00000        0.00000
wrapping first mol.:      -75.65782        0.00000        0.00000
wrapping first mol.:      -75.65782        0.00000        0.00000

 NSTEP =  6750000   TIME(PS) =   15200.000  TEMP(K) =   299.14  PRESS =     0.0
 Etot   =   -117299.8430  EKtot   =     20443.2949  EPtot      =   -137743.1379
 BOND   =       549.8041  ANGLE   =      1474.9767  DIHED      =       981.8713
 UB     =         0.0000  IMP     =         0.0000  CMAP       =       143.4879
 1-4 NB =       644.9013  1-4 EEL =      5888.5800  VDWAALS    =     16383.7772
 EELEC  =   -163810.5364  EHBOND  =         0.0000  RESTRAINT  =         0.0000
 EKCMT  =         0.0000  VIRIAL  =         0.0000  VOLUME     =    333380.0330
                                                    Density    =         1.0325
 ------------------------------------------------------------------------------

wrapping first mol.:      -75.70172        0.00000        0.00000
wrapping first mol.:      -75.70172        0.00000        0.00000
wrapping first mol.:      -75.61211        0.00000        0.00000
wrapping first mol.:      -75.61211        0.00000        0.00000
wrapping first mol.:      -75.66450        0.00000        0.00000
wrapping first mol.:      -75.66450        0.00000        0.00000
wrapping first mol.:      -75.65420        0.00000        0.00000
wrapping first mol.:      -75.65420        0.00000        0.00000
wrapping first mol.:      -75.72983        0.00000        0.00000
wrapping first mol.:      -75.72983        0.00000        0.00000

 NSTEP =  6775000   TIME(PS) =   15250.000  TEMP(K) =   297.26  PRESS =     0.0
 Etot   =   -117232.8249  EKtot   =     20314.9688  EPtot      =   -137547.7937
 BOND   =       579.8513  ANGLE   =      1518.7538  DIHED      =      1011.4374
 UB     =         0.0000  IMP     =         0.0000  CMAP       =       138.2547
 1-4 NB =       640.4704  1-4 EEL =      5787.5682  VDWAALS    =     16462.0353
 EELEC  =   -163686.1648  EHBOND  =         0.0000  RESTRAINT  =         0.0000
 EKCMT  =         0.0000  VIRIAL  =         0.0000  VOLUME     =    334332.8218
                                                    Density    =         1.0295
 ------------------------------------------------------------------------------

wrapping first mol.:      -75.66756        0.00000        0.00000
wrapping first mol.:      -75.66756        0.00000        0.00000
wrapping first mol.:      -75.64256        0.00000        0.00000
wrapping first mol.:      -75.64256        0.00000        0.00000
wrapping first mol.:      -75.80342        0.00000        0.00000
wrapping first mol.:      -75.80342        0.00000        0.00000
wrapping first mol.:      -75.74387        0.00000        0.00000
wrapping first mol.:      -75.74387        0.00000        0.00000
wrapping first mol.:      -75.78901        0.00000        0.00000
wrapping first mol.:      -75.78901        0.00000        0.00000

 NSTEP =  6800000   TIME(PS) =   15300.000  TEMP(K) =   299.52  PRESS =     0.0
 Etot   =   -117111.9812  EKtot   =     20469.3867  EPtot      =   -137581.3679
 BOND   =       560.9083  ANGLE   =      1552.3107  DIHED      =      1037.8614
 UB     =         0.0000  IMP     =         0.0000  CMAP       =       141.0710
 1-4 NB =       631.9093  1-4 EEL =      5862.9295  VDWAALS    =     16371.3696
 EELEC  =   -163739.7277  EHBOND  =         0.0000  RESTRAINT  =         0.0000
 EKCMT  =         0.0000  VIRIAL  =         0.0000  VOLUME     =    335117.3435
                                                    Density    =         1.0271
 ------------------------------------------------------------------------------

wrapping first mol.:      -75.69131        0.00000        0.00000
wrapping first mol.:      -75.69131        0.00000        0.00000
wrapping first mol.:      -75.73249        0.00000        0.00000
wrapping first mol.:      -75.73249        0.00000        0.00000
wrapping first mol.:      -75.68133        0.00000        0.00000
wrapping first mol.:      -75.68133        0.00000        0.00000
wrapping first mol.:      -75.64382        0.00000        0.00000
wrapping first mol.:      -75.64382        0.00000        0.00000
wrapping first mol.:      -75.52833        0.00000        0.00000
wrapping first mol.:      -75.52833        0.00000        0.00000

 NSTEP =  6825000   TIME(PS) =   15350.000  TEMP(K) =   301.02  PRESS =     0.0
 Etot   =   -117287.7419  EKtot   =     20571.8164  EPtot      =   -137859.5583
 BOND   =       580.2006  ANGLE   =      1501.2644  DIHED      =      1015.8876
 UB     =         0.0000  IMP     =         0.0000  CMAP       =       131.0207
 1-4 NB =       632.5856  1-4 EEL =      5831.7368  VDWAALS    =     16349.8127
 EELEC  =   -163902.0666  EHBOND  =         0.0000  RESTRAINT  =         0.0000
 EKCMT  =         0.0000  VIRIAL  =         0.0000  VOLUME     =    331671.2352
                                                    Density    =         1.0378
 ------------------------------------------------------------------------------

wrapping first mol.:      -75.70637        0.00000        0.00000
wrapping first mol.:      -75.70637        0.00000        0.00000
wrapping first mol.:      -75.64788        0.00000        0.00000
wrapping first mol.:      -75.64788        0.00000        0.00000
wrapping first mol.:      -75.58414        0.00000        0.00000
wrapping first mol.:      -75.58414        0.00000        0.00000
wrapping first mol.:      -75.58953        0.00000        0.00000
wrapping first mol.:      -75.58953        0.00000        0.00000
wrapping first mol.:      -75.67205        0.00000        0.00000
wrapping first mol.:      -75.67205        0.00000        0.00000

 NSTEP =  6850000   TIME(PS) =   15400.000  TEMP(K) =   301.52  PRESS =     0.0
 Etot   =   -117131.6408  EKtot   =     20605.9102  EPtot      =   -137737.5510
 BOND   =       532.9959  ANGLE   =      1555.1843  DIHED      =      1008.1544
 UB     =         0.0000  IMP     =         0.0000  CMAP       =       138.7020
 1-4 NB =       645.5799  1-4 EEL =      5787.8086  VDWAALS    =     16477.1092
 EELEC  =   -163883.0852  EHBOND  =         0.0000  RESTRAINT  =         0.0000
 EKCMT  =         0.0000  VIRIAL  =         0.0000  VOLUME     =    333568.1919
                                                    Density    =         1.0319
 ------------------------------------------------------------------------------

wrapping first mol.:      -75.58410        0.00000        0.00000
wrapping first mol.:      -75.58410        0.00000        0.00000
wrapping first mol.:      -75.73896        0.00000        0.00000
wrapping first mol.:      -75.73896        0.00000        0.00000
wrapping first mol.:      -75.72968        0.00000        0.00000
wrapping first mol.:      -75.72968        0.00000        0.00000
wrapping first mol.:      -75.66180        0.00000        0.00000
wrapping first mol.:      -75.66180        0.00000        0.00000
wrapping first mol.:      -75.65443        0.00000        0.00000
wrapping first mol.:      -75.65443        0.00000        0.00000

 NSTEP =  6875000   TIME(PS) =   15450.000  TEMP(K) =   302.02  PRESS =     0.0
 Etot   =   -116926.6386  EKtot   =     20640.4629  EPtot      =   -137567.1015
 BOND   =       528.5745  ANGLE   =      1539.5391  DIHED      =       993.7030
 UB     =         0.0000  IMP     =         0.0000  CMAP       =       140.7622
 1-4 NB =       653.2071  1-4 EEL =      5838.2018  VDWAALS    =     16354.4311
 EELEC  =   -163615.5204  EHBOND  =         0.0000  RESTRAINT  =         0.0000
 EKCMT  =         0.0000  VIRIAL  =         0.0000  VOLUME     =    333335.1722
                                                    Density    =         1.0326
 ------------------------------------------------------------------------------

wrapping first mol.:      -75.66723        0.00000        0.00000
wrapping first mol.:      -75.66723        0.00000        0.00000
wrapping first mol.:      -75.73230        0.00000        0.00000
wrapping first mol.:      -75.73230        0.00000        0.00000
wrapping first mol.:      -75.63909        0.00000        0.00000
wrapping first mol.:      -75.63909        0.00000        0.00000
wrapping first mol.:      -75.63253        0.00000        0.00000
wrapping first mol.:      -75.63253        0.00000        0.00000
wrapping first mol.:      -75.73339        0.00000        0.00000
wrapping first mol.:      -75.73339        0.00000        0.00000

 NSTEP =  6900000   TIME(PS) =   15500.000  TEMP(K) =   298.31  PRESS =     0.0
 Etot   =   -116995.6767  EKtot   =     20386.9531  EPtot      =   -137382.6298
 BOND   =       561.8904  ANGLE   =      1515.4600  DIHED      =       997.5463
 UB     =         0.0000  IMP     =         0.0000  CMAP       =       147.3746
 1-4 NB =       634.5643  1-4 EEL =      5817.9880  VDWAALS    =     16321.4154
 EELEC  =   -163378.8687  EHBOND  =         0.0000  RESTRAINT  =         0.0000
 EKCMT  =         0.0000  VIRIAL  =         0.0000  VOLUME     =    334380.0920
                                                    Density    =         1.0294
 ------------------------------------------------------------------------------

wrapping first mol.:      -75.59193        0.00000        0.00000
wrapping first mol.:      -75.59193        0.00000        0.00000
wrapping first mol.:      -75.58876        0.00000        0.00000
wrapping first mol.:      -75.58876        0.00000        0.00000
wrapping first mol.:      -75.55604        0.00000        0.00000
wrapping first mol.:      -75.55604        0.00000        0.00000
wrapping first mol.:      -75.66885        0.00000        0.00000
wrapping first mol.:      -75.66885        0.00000        0.00000
wrapping first mol.:      -75.68321        0.00000        0.00000
wrapping first mol.:      -75.68321        0.00000        0.00000

 NSTEP =  6925000   TIME(PS) =   15550.000  TEMP(K) =   299.03  PRESS =     0.0
 Etot   =   -117616.1087  EKtot   =     20436.1230  EPtot      =   -138052.2317
 BOND   =       553.4311  ANGLE   =      1514.0450  DIHED      =       984.0611
 UB     =         0.0000  IMP     =         0.0000  CMAP       =       139.6083
 1-4 NB =       626.5055  1-4 EEL =      5818.0711  VDWAALS    =     16655.3891
 EELEC  =   -164343.3430  EHBOND  =         0.0000  RESTRAINT  =         0.0000
 EKCMT  =         0.0000  VIRIAL  =         0.0000  VOLUME     =    333715.7797
                                                    Density    =         1.0314
 ------------------------------------------------------------------------------

wrapping first mol.:      -75.73711        0.00000        0.00000
wrapping first mol.:      -75.73711        0.00000        0.00000
wrapping first mol.:      -75.73280        0.00000        0.00000
wrapping first mol.:      -75.73280        0.00000        0.00000
wrapping first mol.:      -75.61572        0.00000        0.00000
wrapping first mol.:      -75.61572        0.00000        0.00000
wrapping first mol.:      -75.73734        0.00000        0.00000
wrapping first mol.:      -75.73734        0.00000        0.00000
wrapping first mol.:      -75.67991        0.00000        0.00000
wrapping first mol.:      -75.67991        0.00000        0.00000

 NSTEP =  6950000   TIME(PS) =   15600.000  TEMP(K) =   299.94  PRESS =     0.0
 Etot   =   -117333.6053  EKtot   =     20498.0039  EPtot      =   -137831.6093
 BOND   =       539.0251  ANGLE   =      1523.5714  DIHED      =       983.2891
 UB     =         0.0000  IMP     =         0.0000  CMAP       =       134.9000
 1-4 NB =       656.0636  1-4 EEL =      5788.0410  VDWAALS    =     16361.3237
 EELEC  =   -163817.8232  EHBOND  =         0.0000  RESTRAINT  =         0.0000
 EKCMT  =         0.0000  VIRIAL  =         0.0000  VOLUME     =    333672.1894
                                                    Density    =         1.0316
 ------------------------------------------------------------------------------

wrapping first mol.:      -75.61915        0.00000        0.00000
wrapping first mol.:      -75.61915        0.00000        0.00000
wrapping first mol.:      -75.59543        0.00000        0.00000
wrapping first mol.:      -75.59543        0.00000        0.00000
wrapping first mol.:      -75.69058        0.00000        0.00000
wrapping first mol.:      -75.69058        0.00000        0.00000
wrapping first mol.:      -75.59873        0.00000        0.00000
wrapping first mol.:      -75.59873        0.00000        0.00000
wrapping first mol.:      -75.65269        0.00000        0.00000
wrapping first mol.:      -75.65269        0.00000        0.00000

 NSTEP =  6975000   TIME(PS) =   15650.000  TEMP(K) =   303.37  PRESS =     0.0
 Etot   =   -117034.7849  EKtot   =     20732.1738  EPtot      =   -137766.9587
 BOND   =       582.8304  ANGLE   =      1543.1104  DIHED      =       986.2091
 UB     =         0.0000  IMP     =         0.0000  CMAP       =       145.2951
 1-4 NB =       630.7632  1-4 EEL =      5827.1162  VDWAALS    =     16288.7915
 EELEC  =   -163771.0745  EHBOND  =         0.0000  RESTRAINT  =         0.0000
 EKCMT  =         0.0000  VIRIAL  =         0.0000  VOLUME     =    333312.1855
                                                    Density    =         1.0327
 ------------------------------------------------------------------------------

wrapping first mol.:      -75.64134        0.00000        0.00000
wrapping first mol.:      -75.64134        0.00000        0.00000
wrapping first mol.:      -75.58936        0.00000        0.00000
wrapping first mol.:      -75.58936        0.00000        0.00000
wrapping first mol.:      -75.71074        0.00000        0.00000
wrapping first mol.:      -75.71074        0.00000        0.00000
wrapping first mol.:      -75.64936        0.00000        0.00000
wrapping first mol.:      -75.64936        0.00000        0.00000
wrapping first mol.:      -75.62793        0.00000        0.00000
wrapping first mol.:      -75.62793        0.00000        0.00000

 NSTEP =  7000000   TIME(PS) =   15700.000  TEMP(K) =   298.44  PRESS =     0.0
 Etot   =   -117179.7103  EKtot   =     20395.2988  EPtot      =   -137575.0091
 BOND   =       557.4982  ANGLE   =      1544.2181  DIHED      =       987.0340
 UB     =         0.0000  IMP     =         0.0000  CMAP       =       134.4328
 1-4 NB =       648.1700  1-4 EEL =      5798.6858  VDWAALS    =     16163.6768
 EELEC  =   -163408.7248  EHBOND  =         0.0000  RESTRAINT  =         0.0000
 EKCMT  =         0.0000  VIRIAL  =         0.0000  VOLUME     =    332985.0319
                                                    Density    =         1.0337
 ------------------------------------------------------------------------------

wrapping first mol.:      -75.66616        0.00000        0.00000
wrapping first mol.:      -75.66616        0.00000        0.00000
wrapping first mol.:      -75.68994        0.00000        0.00000
wrapping first mol.:      -75.68994        0.00000        0.00000
wrapping first mol.:      -75.64274        0.00000        0.00000
wrapping first mol.:      -75.64274        0.00000        0.00000
wrapping first mol.:      -75.70559        0.00000        0.00000
wrapping first mol.:      -75.70559        0.00000        0.00000
wrapping first mol.:      -75.58575        0.00000        0.00000
wrapping first mol.:      -75.58575        0.00000        0.00000

 NSTEP =  7025000   TIME(PS) =   15750.000  TEMP(K) =   300.66  PRESS =     0.0
 Etot   =   -117072.1026  EKtot   =     20547.5215  EPtot      =   -137619.6241
 BOND   =       551.6369  ANGLE   =      1494.4608  DIHED      =       986.5788
 UB     =         0.0000  IMP     =         0.0000  CMAP       =       147.5001
 1-4 NB =       623.5967  1-4 EEL =      5783.8321  VDWAALS    =     16517.8532
 EELEC  =   -163725.0827  EHBOND  =         0.0000  RESTRAINT  =         0.0000
 EKCMT  =         0.0000  VIRIAL  =         0.0000  VOLUME     =    332428.2925
                                                    Density    =         1.0354
 ------------------------------------------------------------------------------

wrapping first mol.:      -75.68408        0.00000        0.00000
wrapping first mol.:      -75.68408        0.00000        0.00000
wrapping first mol.:      -75.49569        0.00000        0.00000
wrapping first mol.:      -75.49569        0.00000        0.00000
wrapping first mol.:      -75.53883        0.00000        0.00000
wrapping first mol.:      -75.53883        0.00000        0.00000
wrapping first mol.:      -75.70212        0.00000        0.00000
wrapping first mol.:      -75.70212        0.00000        0.00000
wrapping first mol.:      -75.73465        0.00000        0.00000
wrapping first mol.:      -75.73465        0.00000        0.00000

 NSTEP =  7050000   TIME(PS) =   15800.000  TEMP(K) =   301.54  PRESS =     0.0
 Etot   =   -117119.8211  EKtot   =     20607.1895  EPtot      =   -137727.0105
 BOND   =       574.1664  ANGLE   =      1538.8783  DIHED      =      1012.7250
 UB     =         0.0000  IMP     =         0.0000  CMAP       =       138.0496
 1-4 NB =       649.9386  1-4 EEL =      5772.9715  VDWAALS    =     16721.4964
 EELEC  =   -164135.2362  EHBOND  =         0.0000  RESTRAINT  =         0.0000
 EKCMT  =         0.0000  VIRIAL  =         0.0000  VOLUME     =    334396.6771
                                                    Density    =         1.0293
 ------------------------------------------------------------------------------

wrapping first mol.:      -75.63703        0.00000        0.00000
wrapping first mol.:      -75.63703        0.00000        0.00000
wrapping first mol.:      -75.75247        0.00000        0.00000
wrapping first mol.:      -75.75247        0.00000        0.00000
wrapping first mol.:      -75.77455        0.00000        0.00000
wrapping first mol.:      -75.77455        0.00000        0.00000
wrapping first mol.:      -75.72527        0.00000        0.00000
wrapping first mol.:      -75.72527        0.00000        0.00000
wrapping first mol.:      -75.70000        0.00000        0.00000
wrapping first mol.:      -75.70000        0.00000        0.00000

 NSTEP =  7075000   TIME(PS) =   15850.000  TEMP(K) =   297.97  PRESS =     0.0
 Etot   =   -117319.7940  EKtot   =     20363.3008  EPtot      =   -137683.0948
 BOND   =       553.3965  ANGLE   =      1510.9897  DIHED      =       973.2534
 UB     =         0.0000  IMP     =         0.0000  CMAP       =       144.4611
 1-4 NB =       637.0707  1-4 EEL =      5742.2120  VDWAALS    =     16306.3509
 EELEC  =   -163550.8291  EHBOND  =         0.0000  RESTRAINT  =         0.0000
 EKCMT  =         0.0000  VIRIAL  =         0.0000  VOLUME     =    333937.9742
                                                    Density    =         1.0307
 ------------------------------------------------------------------------------

wrapping first mol.:      -75.66282        0.00000        0.00000
wrapping first mol.:      -75.66282        0.00000        0.00000
wrapping first mol.:      -75.74689        0.00000        0.00000
wrapping first mol.:      -75.74689        0.00000        0.00000
wrapping first mol.:      -75.66921        0.00000        0.00000
wrapping first mol.:      -75.66921        0.00000        0.00000
wrapping first mol.:      -75.67371        0.00000        0.00000
wrapping first mol.:      -75.67371        0.00000        0.00000
wrapping first mol.:      -75.70736        0.00000        0.00000
wrapping first mol.:      -75.70736        0.00000        0.00000

 NSTEP =  7100000   TIME(PS) =   15900.000  TEMP(K) =   300.43  PRESS =     0.0
 Etot   =   -116908.0463  EKtot   =     20531.5156  EPtot      =   -137439.5620
 BOND   =       578.2564  ANGLE   =      1590.2248  DIHED      =      1002.8938
 UB     =         0.0000  IMP     =         0.0000  CMAP       =       114.8240
 1-4 NB =       642.2589  1-4 EEL =      5770.3434  VDWAALS    =     16428.1971
 EELEC  =   -163566.5603  EHBOND  =         0.0000  RESTRAINT  =         0.0000
 EKCMT  =         0.0000  VIRIAL  =         0.0000  VOLUME     =    334035.3017
                                                    Density    =         1.0304
 ------------------------------------------------------------------------------

wrapping first mol.:      -75.66298        0.00000        0.00000
wrapping first mol.:      -75.66298        0.00000        0.00000
wrapping first mol.:      -75.69037        0.00000        0.00000
wrapping first mol.:      -75.69037        0.00000        0.00000
wrapping first mol.:      -75.64652        0.00000        0.00000
wrapping first mol.:      -75.64652        0.00000        0.00000
wrapping first mol.:      -75.70504        0.00000        0.00000
wrapping first mol.:      -75.70504        0.00000        0.00000
wrapping first mol.:      -75.60965        0.00000        0.00000
wrapping first mol.:      -75.60965        0.00000        0.00000

 NSTEP =  7125000   TIME(PS) =   15950.000  TEMP(K) =   298.05  PRESS =     0.0
 Etot   =   -117028.8479  EKtot   =     20368.9121  EPtot      =   -137397.7600
 BOND   =       584.0771  ANGLE   =      1524.2685  DIHED      =       994.3752
 UB     =         0.0000  IMP     =         0.0000  CMAP       =       135.4047
 1-4 NB =       645.3420  1-4 EEL =      5799.4492  VDWAALS    =     16036.5719
 EELEC  =   -163117.2487  EHBOND  =         0.0000  RESTRAINT  =         0.0000
 EKCMT  =         0.0000  VIRIAL  =         0.0000  VOLUME     =    332743.7245
                                                    Density    =         1.0344
 ------------------------------------------------------------------------------

wrapping first mol.:      -75.63789        0.00000        0.00000
wrapping first mol.:      -75.63789        0.00000        0.00000
wrapping first mol.:      -75.61421        0.00000        0.00000
wrapping first mol.:      -75.61421        0.00000        0.00000
wrapping first mol.:      -75.62599        0.00000        0.00000
wrapping first mol.:      -75.62599        0.00000        0.00000
wrapping first mol.:      -75.50800        0.00000        0.00000
wrapping first mol.:      -75.50800        0.00000        0.00000
wrapping first mol.:      -75.69954        0.00000        0.00000
wrapping first mol.:      -75.69954        0.00000        0.00000

 NSTEP =  7150000   TIME(PS) =   16000.000  TEMP(K) =   301.91  PRESS =     0.0
 Etot   =   -117072.8330  EKtot   =     20632.7949  EPtot      =   -137705.6280
 BOND   =       597.0161  ANGLE   =      1517.8541  DIHED      =       979.3010
 UB     =         0.0000  IMP     =         0.0000  CMAP       =       145.6806
 1-4 NB =       661.4889  1-4 EEL =      5829.9782  VDWAALS    =     16323.7976
 EELEC  =   -163760.7443  EHBOND  =         0.0000  RESTRAINT  =         0.0000
 EKCMT  =         0.0000  VIRIAL  =         0.0000  VOLUME     =    333931.8628
                                                    Density    =         1.0308
 ------------------------------------------------------------------------------

wrapping first mol.:      -75.67768        0.00000        0.00000
wrapping first mol.:      -75.67768        0.00000        0.00000
wrapping first mol.:      -75.70911        0.00000        0.00000
wrapping first mol.:      -75.70911        0.00000        0.00000
wrapping first mol.:      -75.70573        0.00000        0.00000
wrapping first mol.:      -75.70573        0.00000        0.00000
wrapping first mol.:      -75.66207        0.00000        0.00000
wrapping first mol.:      -75.66207        0.00000        0.00000
wrapping first mol.:      -75.52642        0.00000        0.00000
wrapping first mol.:      -75.52642        0.00000        0.00000

 NSTEP =  7175000   TIME(PS) =   16050.000  TEMP(K) =   301.43  PRESS =     0.0
 Etot   =   -117461.3890  EKtot   =     20599.7793  EPtot      =   -138061.1683
 BOND   =       604.3568  ANGLE   =      1510.0499  DIHED      =       980.0826
 UB     =         0.0000  IMP     =         0.0000  CMAP       =       145.1839
 1-4 NB =       631.2615  1-4 EEL =      5744.9317  VDWAALS    =     16019.7810
 EELEC  =   -163696.8159  EHBOND  =         0.0000  RESTRAINT  =         0.0000
 EKCMT  =         0.0000  VIRIAL  =         0.0000  VOLUME     =    331646.0501
                                                    Density    =         1.0379
 ------------------------------------------------------------------------------

wrapping first mol.:      -75.61758        0.00000        0.00000
wrapping first mol.:      -75.61758        0.00000        0.00000
wrapping first mol.:      -75.64704        0.00000        0.00000
wrapping first mol.:      -75.64704        0.00000        0.00000
wrapping first mol.:      -75.59958        0.00000        0.00000
wrapping first mol.:      -75.59958        0.00000        0.00000
wrapping first mol.:      -75.73499        0.00000        0.00000
wrapping first mol.:      -75.73499        0.00000        0.00000
wrapping first mol.:      -75.76726        0.00000        0.00000
wrapping first mol.:      -75.76726        0.00000        0.00000

 NSTEP =  7200000   TIME(PS) =   16100.000  TEMP(K) =   297.81  PRESS =     0.0
 Etot   =   -117237.5954  EKtot   =     20352.1523  EPtot      =   -137589.7477
 BOND   =       546.0691  ANGLE   =      1545.3568  DIHED      =      1007.2382
 UB     =         0.0000  IMP     =         0.0000  CMAP       =       128.8506
 1-4 NB =       655.1412  1-4 EEL =      5855.0419  VDWAALS    =     16500.9722
 EELEC  =   -163828.4177  EHBOND  =         0.0000  RESTRAINT  =         0.0000
 EKCMT  =         0.0000  VIRIAL  =         0.0000  VOLUME     =    334828.8729
                                                    Density    =         1.0280
 ------------------------------------------------------------------------------

wrapping first mol.:      -75.70186        0.00000        0.00000
wrapping first mol.:      -75.70186        0.00000        0.00000
wrapping first mol.:      -75.67994        0.00000        0.00000
wrapping first mol.:      -75.67994        0.00000        0.00000
wrapping first mol.:      -75.62398        0.00000        0.00000
wrapping first mol.:      -75.62398        0.00000        0.00000
wrapping first mol.:      -75.74247        0.00000        0.00000
wrapping first mol.:      -75.74247        0.00000        0.00000
wrapping first mol.:      -75.70109        0.00000        0.00000
wrapping first mol.:      -75.70109        0.00000        0.00000

 NSTEP =  7225000   TIME(PS) =   16150.000  TEMP(K) =   300.40  PRESS =     0.0
 Etot   =   -117330.4334  EKtot   =     20529.6562  EPtot      =   -137860.0896
 BOND   =       541.5445  ANGLE   =      1544.1422  DIHED      =       997.8313
 UB     =         0.0000  IMP     =         0.0000  CMAP       =       149.3430
 1-4 NB =       640.7232  1-4 EEL =      5812.2851  VDWAALS    =     16749.2726
 EELEC  =   -164295.2315  EHBOND  =         0.0000  RESTRAINT  =         0.0000
 EKCMT  =         0.0000  VIRIAL  =         0.0000  VOLUME     =    333952.3566
                                                    Density    =         1.0307
 ------------------------------------------------------------------------------

wrapping first mol.:      -75.61883        0.00000        0.00000
wrapping first mol.:      -75.61883        0.00000        0.00000
wrapping first mol.:      -75.58255        0.00000        0.00000
wrapping first mol.:      -75.58255        0.00000        0.00000
wrapping first mol.:      -75.54790        0.00000        0.00000
wrapping first mol.:      -75.54790        0.00000        0.00000
wrapping first mol.:      -75.65832        0.00000        0.00000
wrapping first mol.:      -75.65832        0.00000        0.00000
wrapping first mol.:      -75.70966        0.00000        0.00000
wrapping first mol.:      -75.70966        0.00000        0.00000

 NSTEP =  7250000   TIME(PS) =   16200.000  TEMP(K) =   297.43  PRESS =     0.0
 Etot   =   -117085.0740  EKtot   =     20326.7402  EPtot      =   -137411.8143
 BOND   =       591.0957  ANGLE   =      1525.5122  DIHED      =       990.2763
 UB     =         0.0000  IMP     =         0.0000  CMAP       =       135.4878
 1-4 NB =       635.7451  1-4 EEL =      5795.6196  VDWAALS    =     15950.2063
 EELEC  =   -163035.7572  EHBOND  =         0.0000  RESTRAINT  =         0.0000
 EKCMT  =         0.0000  VIRIAL  =         0.0000  VOLUME     =    334065.8274
                                                    Density    =         1.0303
 ------------------------------------------------------------------------------

wrapping first mol.:      -75.65549        0.00000        0.00000
wrapping first mol.:      -75.65549        0.00000        0.00000
wrapping first mol.:      -75.66563        0.00000        0.00000
wrapping first mol.:      -75.66563        0.00000        0.00000
wrapping first mol.:      -75.66492        0.00000        0.00000
wrapping first mol.:      -75.66492        0.00000        0.00000
wrapping first mol.:      -75.69994        0.00000        0.00000
wrapping first mol.:      -75.69994        0.00000        0.00000
wrapping first mol.:      -75.60169        0.00000        0.00000
wrapping first mol.:      -75.60169        0.00000        0.00000

 NSTEP =  7275000   TIME(PS) =   16250.000  TEMP(K) =   301.87  PRESS =     0.0
 Etot   =   -116981.9047  EKtot   =     20629.8906  EPtot      =   -137611.7953
 BOND   =       572.2888  ANGLE   =      1529.9888  DIHED      =      1001.1524
 UB     =         0.0000  IMP     =         0.0000  CMAP       =       143.0232
 1-4 NB =       650.1654  1-4 EEL =      5854.5351  VDWAALS    =     16399.7774
 EELEC  =   -163762.7264  EHBOND  =         0.0000  RESTRAINT  =         0.0000
 EKCMT  =         0.0000  VIRIAL  =         0.0000  VOLUME     =    332638.6642
                                                    Density    =         1.0348
 ------------------------------------------------------------------------------

wrapping first mol.:      -75.68440        0.00000        0.00000
wrapping first mol.:      -75.68440        0.00000        0.00000
wrapping first mol.:      -75.64693        0.00000        0.00000
wrapping first mol.:      -75.64693        0.00000        0.00000
wrapping first mol.:      -75.70036        0.00000        0.00000
wrapping first mol.:      -75.70036        0.00000        0.00000
wrapping first mol.:      -75.82771        0.00000        0.00000
wrapping first mol.:      -75.82771        0.00000        0.00000
wrapping first mol.:      -75.71056        0.00000        0.00000
wrapping first mol.:      -75.71056        0.00000        0.00000

 NSTEP =  7300000   TIME(PS) =   16300.000  TEMP(K) =   299.82  PRESS =     0.0
 Etot   =   -117249.0548  EKtot   =     20490.0742  EPtot      =   -137739.1290
 BOND   =       568.3136  ANGLE   =      1542.3239  DIHED      =       980.4686
 UB     =         0.0000  IMP     =         0.0000  CMAP       =       126.4816
 1-4 NB =       645.1608  1-4 EEL =      5788.2782  VDWAALS    =     16276.9629
 EELEC  =   -163667.1186  EHBOND  =         0.0000  RESTRAINT  =         0.0000
 EKCMT  =         0.0000  VIRIAL  =         0.0000  VOLUME     =    334077.6844
                                                    Density    =         1.0303
 ------------------------------------------------------------------------------

wrapping first mol.:      -75.68472        0.00000        0.00000
wrapping first mol.:      -75.68472        0.00000        0.00000
wrapping first mol.:      -75.71001        0.00000        0.00000
wrapping first mol.:      -75.71001        0.00000        0.00000
wrapping first mol.:      -75.67328        0.00000        0.00000
wrapping first mol.:      -75.67328        0.00000        0.00000
wrapping first mol.:      -75.64278        0.00000        0.00000
wrapping first mol.:      -75.64278        0.00000        0.00000
wrapping first mol.:      -75.68213        0.00000        0.00000
wrapping first mol.:      -75.68213        0.00000        0.00000

 NSTEP =  7325000   TIME(PS) =   16350.000  TEMP(K) =   304.07  PRESS =     0.0
 Etot   =   -117087.1829  EKtot   =     20780.1484  EPtot      =   -137867.3314
 BOND   =       549.0572  ANGLE   =      1500.8515  DIHED      =       989.1224
 UB     =         0.0000  IMP     =         0.0000  CMAP       =       141.9850
 1-4 NB =       634.0789  1-4 EEL =      5773.7023  VDWAALS    =     16605.9329
 EELEC  =   -164062.0617  EHBOND  =         0.0000  RESTRAINT  =         0.0000
 EKCMT  =         0.0000  VIRIAL  =         0.0000  VOLUME     =    333701.5661
                                                    Density    =         1.0315
 ------------------------------------------------------------------------------

wrapping first mol.:      -75.81293        0.00000        0.00000
wrapping first mol.:      -75.81293        0.00000        0.00000
wrapping first mol.:      -75.74560        0.00000        0.00000
wrapping first mol.:      -75.74560        0.00000        0.00000
wrapping first mol.:      -75.72633        0.00000        0.00000
wrapping first mol.:      -75.72633        0.00000        0.00000
wrapping first mol.:      -75.69243        0.00000        0.00000
wrapping first mol.:      -75.69243        0.00000        0.00000
wrapping first mol.:      -75.72632        0.00000        0.00000
wrapping first mol.:      -75.72632        0.00000        0.00000

 NSTEP =  7350000   TIME(PS) =   16400.000  TEMP(K) =   297.85  PRESS =     0.0
 Etot   =   -117204.6826  EKtot   =     20355.3809  EPtot      =   -137560.0635
 BOND   =       544.5242  ANGLE   =      1563.4232  DIHED      =      1015.1611
 UB     =         0.0000  IMP     =         0.0000  CMAP       =       132.3766
 1-4 NB =       631.5580  1-4 EEL =      5773.7214  VDWAALS    =     16576.7437
 EELEC  =   -163797.5716  EHBOND  =         0.0000  RESTRAINT  =         0.0000
 EKCMT  =         0.0000  VIRIAL  =         0.0000  VOLUME     =    334286.3450
                                                    Density    =         1.0297
 ------------------------------------------------------------------------------

wrapping first mol.:      -75.70490        0.00000        0.00000
wrapping first mol.:      -75.70490        0.00000        0.00000
wrapping first mol.:      -75.62529        0.00000        0.00000
wrapping first mol.:      -75.62529        0.00000        0.00000
wrapping first mol.:      -75.62631        0.00000        0.00000
wrapping first mol.:      -75.62631        0.00000        0.00000
wrapping first mol.:      -75.65990        0.00000        0.00000
wrapping first mol.:      -75.65990        0.00000        0.00000
wrapping first mol.:      -75.65674        0.00000        0.00000
wrapping first mol.:      -75.65674        0.00000        0.00000

 NSTEP =  7375000   TIME(PS) =   16450.000  TEMP(K) =   300.00  PRESS =     0.0
 Etot   =   -117248.5316  EKtot   =     20502.2480  EPtot      =   -137750.7796
 BOND   =       602.2871  ANGLE   =      1563.7987  DIHED      =       994.2870
 UB     =         0.0000  IMP     =         0.0000  CMAP       =       141.8001
 1-4 NB =       629.3515  1-4 EEL =      5771.5592  VDWAALS    =     16520.6279
 EELEC  =   -163974.4911  EHBOND  =         0.0000  RESTRAINT  =         0.0000
 EKCMT  =         0.0000  VIRIAL  =         0.0000  VOLUME     =    333365.7773
                                                    Density    =         1.0325
 ------------------------------------------------------------------------------

wrapping first mol.:      -75.60952        0.00000        0.00000
wrapping first mol.:      -75.60952        0.00000        0.00000
wrapping first mol.:      -75.69460        0.00000        0.00000
wrapping first mol.:      -75.69460        0.00000        0.00000
wrapping first mol.:      -75.67785        0.00000        0.00000
wrapping first mol.:      -75.67785        0.00000        0.00000
wrapping first mol.:      -75.76896        0.00000        0.00000
wrapping first mol.:      -75.76896        0.00000        0.00000
wrapping first mol.:      -75.67476        0.00000        0.00000
wrapping first mol.:      -75.67476        0.00000        0.00000

 NSTEP =  7400000   TIME(PS) =   16500.000  TEMP(K) =   300.65  PRESS =     0.0
 Etot   =   -117245.4139  EKtot   =     20546.6523  EPtot      =   -137792.0662
 BOND   =       560.3063  ANGLE   =      1523.5489  DIHED      =      1003.1056
 UB     =         0.0000  IMP     =         0.0000  CMAP       =       152.4022
 1-4 NB =       641.0357  1-4 EEL =      5797.8326  VDWAALS    =     16421.6223
 EELEC  =   -163891.9199  EHBOND  =         0.0000  RESTRAINT  =         0.0000
 EKCMT  =         0.0000  VIRIAL  =         0.0000  VOLUME     =    333604.0684
                                                    Density    =         1.0318
 ------------------------------------------------------------------------------

wrapping first mol.:      -75.62685        0.00000        0.00000
wrapping first mol.:      -75.62685        0.00000        0.00000
wrapping first mol.:      -75.67111        0.00000        0.00000
wrapping first mol.:      -75.67111        0.00000        0.00000
wrapping first mol.:      -75.69366        0.00000        0.00000
wrapping first mol.:      -75.69366        0.00000        0.00000
wrapping first mol.:      -75.72376        0.00000        0.00000
wrapping first mol.:      -75.72376        0.00000        0.00000
wrapping first mol.:      -75.69193        0.00000        0.00000
wrapping first mol.:      -75.69193        0.00000        0.00000

 NSTEP =  7425000   TIME(PS) =   16550.000  TEMP(K) =   301.18  PRESS =     0.0
 Etot   =   -116975.1363  EKtot   =     20582.5605  EPtot      =   -137557.6968
 BOND   =       543.3399  ANGLE   =      1545.3230  DIHED      =      1013.8861
 UB     =         0.0000  IMP     =         0.0000  CMAP       =       131.2398
 1-4 NB =       616.2203  1-4 EEL =      5803.5417  VDWAALS    =     16452.0218
 EELEC  =   -163663.2693  EHBOND  =         0.0000  RESTRAINT  =         0.0000
 EKCMT  =         0.0000  VIRIAL  =         0.0000  VOLUME     =    333831.1145
                                                    Density    =         1.0311
 ------------------------------------------------------------------------------

wrapping first mol.:      -75.65774        0.00000        0.00000
wrapping first mol.:      -75.65774        0.00000        0.00000
wrapping first mol.:      -75.69145        0.00000        0.00000
wrapping first mol.:      -75.69145        0.00000        0.00000
wrapping first mol.:      -75.60626        0.00000        0.00000
wrapping first mol.:      -75.60626        0.00000        0.00000
wrapping first mol.:      -75.71577        0.00000        0.00000
wrapping first mol.:      -75.71577        0.00000        0.00000
wrapping first mol.:      -75.66747        0.00000        0.00000
wrapping first mol.:      -75.66747        0.00000        0.00000

 NSTEP =  7450000   TIME(PS) =   16600.000  TEMP(K) =   298.24  PRESS =     0.0
 Etot   =   -117653.2321  EKtot   =     20382.1934  EPtot      =   -138035.4255
 BOND   =       583.9666  ANGLE   =      1531.5535  DIHED      =      1003.9513
 UB     =         0.0000  IMP     =         0.0000  CMAP       =       125.8808
 1-4 NB =       655.0078  1-4 EEL =      5802.0825  VDWAALS    =     16317.8331
 EELEC  =   -164055.7011  EHBOND  =         0.0000  RESTRAINT  =         0.0000
 EKCMT  =         0.0000  VIRIAL  =         0.0000  VOLUME     =    333507.6433
                                                    Density    =         1.0321
 ------------------------------------------------------------------------------

wrapping first mol.:      -75.61209        0.00000        0.00000
wrapping first mol.:      -75.61209        0.00000        0.00000
wrapping first mol.:      -75.62434        0.00000        0.00000
wrapping first mol.:      -75.62434        0.00000        0.00000
wrapping first mol.:      -75.63220        0.00000        0.00000
wrapping first mol.:      -75.63220        0.00000        0.00000
wrapping first mol.:      -75.74058        0.00000        0.00000
wrapping first mol.:      -75.74058        0.00000        0.00000
wrapping first mol.:      -75.78554        0.00000        0.00000
wrapping first mol.:      -75.78554        0.00000        0.00000

 NSTEP =  7475000   TIME(PS) =   16650.000  TEMP(K) =   299.21  PRESS =     0.0
 Etot   =   -117381.6579  EKtot   =     20448.2070  EPtot      =   -137829.8649
 BOND   =       581.5332  ANGLE   =      1504.4208  DIHED      =       969.0718
 UB     =         0.0000  IMP     =         0.0000  CMAP       =       139.5413
 1-4 NB =       639.0171  1-4 EEL =      5836.2659  VDWAALS    =     16206.4560
 EELEC  =   -163706.1711  EHBOND  =         0.0000  RESTRAINT  =         0.0000
 EKCMT  =         0.0000  VIRIAL  =         0.0000  VOLUME     =    335071.2831
                                                    Density    =         1.0272
 ------------------------------------------------------------------------------

wrapping first mol.:      -75.56429        0.00000        0.00000
wrapping first mol.:      -75.56429        0.00000        0.00000
wrapping first mol.:      -75.68650        0.00000        0.00000
wrapping first mol.:      -75.68650        0.00000        0.00000
wrapping first mol.:      -75.66246        0.00000        0.00000
wrapping first mol.:      -75.66246        0.00000        0.00000
wrapping first mol.:      -75.76028        0.00000        0.00000
wrapping first mol.:      -75.76028        0.00000        0.00000
wrapping first mol.:      -75.70945        0.00000        0.00000
wrapping first mol.:      -75.70945        0.00000        0.00000

 NSTEP =  7500000   TIME(PS) =   16700.000  TEMP(K) =   296.33  PRESS =     0.0
 Etot   =   -117153.4460  EKtot   =     20251.0352  EPtot      =   -137404.4811
 BOND   =       558.2503  ANGLE   =      1551.2408  DIHED      =       999.4628
 UB     =         0.0000  IMP     =         0.0000  CMAP       =       144.5703
 1-4 NB =       642.4747  1-4 EEL =      5814.9533  VDWAALS    =     16297.9374
 EELEC  =   -163413.3708  EHBOND  =         0.0000  RESTRAINT  =         0.0000
 EKCMT  =         0.0000  VIRIAL  =         0.0000  VOLUME     =    334063.0404
                                                    Density    =         1.0303
 ------------------------------------------------------------------------------

wrapping first mol.:      -75.62580        0.00000        0.00000
wrapping first mol.:      -75.62580        0.00000        0.00000
wrapping first mol.:      -75.64129        0.00000        0.00000
wrapping first mol.:      -75.64129        0.00000        0.00000
wrapping first mol.:      -75.78828        0.00000        0.00000
wrapping first mol.:      -75.78828        0.00000        0.00000
wrapping first mol.:      -75.85638        0.00000        0.00000
wrapping first mol.:      -75.85638        0.00000        0.00000
wrapping first mol.:      -75.61204        0.00000        0.00000
wrapping first mol.:      -75.61204        0.00000        0.00000

 NSTEP =  7525000   TIME(PS) =   16750.000  TEMP(K) =   303.61  PRESS =     0.0
 Etot   =   -117008.8890  EKtot   =     20749.0645  EPtot      =   -137757.9535
 BOND   =       566.5281  ANGLE   =      1528.6806  DIHED      =      1004.6221
 UB     =         0.0000  IMP     =         0.0000  CMAP       =       141.5761
 1-4 NB =       626.1844  1-4 EEL =      5856.6727  VDWAALS    =     16450.5759
 EELEC  =   -163932.7932  EHBOND  =         0.0000  RESTRAINT  =         0.0000
 EKCMT  =         0.0000  VIRIAL  =         0.0000  VOLUME     =    332775.2691
                                                    Density    =         1.0343
 ------------------------------------------------------------------------------

wrapping first mol.:      -75.65327        0.00000        0.00000
wrapping first mol.:      -75.65327        0.00000        0.00000
wrapping first mol.:      -75.68200        0.00000        0.00000
wrapping first mol.:      -75.68200        0.00000        0.00000
wrapping first mol.:      -75.64561        0.00000        0.00000
wrapping first mol.:      -75.64561        0.00000        0.00000
wrapping first mol.:      -75.59292        0.00000        0.00000
wrapping first mol.:      -75.59292        0.00000        0.00000
wrapping first mol.:      -75.72093        0.00000        0.00000
wrapping first mol.:      -75.72093        0.00000        0.00000

 NSTEP =  7550000   TIME(PS) =   16800.000  TEMP(K) =   301.59  PRESS =     0.0
 Etot   =   -116671.8621  EKtot   =     20610.9473  EPtot      =   -137282.8093
 BOND   =       557.9369  ANGLE   =      1569.6356  DIHED      =       977.4148
 UB     =         0.0000  IMP     =         0.0000  CMAP       =       143.7038
 1-4 NB =       647.3204  1-4 EEL =      5837.7103  VDWAALS    =     16356.4020
 EELEC  =   -163372.9331  EHBOND  =         0.0000  RESTRAINT  =         0.0000
 EKCMT  =         0.0000  VIRIAL  =         0.0000  VOLUME     =    334215.0398
                                                    Density    =         1.0299
 ------------------------------------------------------------------------------

wrapping first mol.:      -75.69624        0.00000        0.00000
wrapping first mol.:      -75.69624        0.00000        0.00000
wrapping first mol.:      -75.66843        0.00000        0.00000
wrapping first mol.:      -75.66843        0.00000        0.00000
wrapping first mol.:      -75.56462        0.00000        0.00000
wrapping first mol.:      -75.56462        0.00000        0.00000
wrapping first mol.:      -75.74119        0.00000        0.00000
wrapping first mol.:      -75.74119        0.00000        0.00000
wrapping first mol.:      -75.63325        0.00000        0.00000
wrapping first mol.:      -75.63325        0.00000        0.00000

 NSTEP =  7575000   TIME(PS) =   16850.000  TEMP(K) =   298.81  PRESS =     0.0
 Etot   =   -117445.7602  EKtot   =     20420.5918  EPtot      =   -137866.3520
 BOND   =       591.7786  ANGLE   =      1495.7366  DIHED      =      1006.4590
 UB     =         0.0000  IMP     =         0.0000  CMAP       =       138.9712
 1-4 NB =       626.1923  1-4 EEL =      5768.7357  VDWAALS    =     16405.3974
 EELEC  =   -163899.6228  EHBOND  =         0.0000  RESTRAINT  =         0.0000
 EKCMT  =         0.0000  VIRIAL  =         0.0000  VOLUME     =    333055.3266
                                                    Density    =         1.0335
 ------------------------------------------------------------------------------

wrapping first mol.:      -75.66480        0.00000        0.00000
wrapping first mol.:      -75.66480        0.00000        0.00000
wrapping first mol.:      -75.68744        0.00000        0.00000
wrapping first mol.:      -75.68744        0.00000        0.00000
wrapping first mol.:      -75.61623        0.00000        0.00000
wrapping first mol.:      -75.61623        0.00000        0.00000
wrapping first mol.:      -75.64962        0.00000        0.00000
wrapping first mol.:      -75.64962        0.00000        0.00000
wrapping first mol.:      -75.73412        0.00000        0.00000
wrapping first mol.:      -75.73412        0.00000        0.00000

 NSTEP =  7600000   TIME(PS) =   16900.000  TEMP(K) =   300.62  PRESS =     0.0
 Etot   =   -117074.9711  EKtot   =     20544.8633  EPtot      =   -137619.8344
 BOND   =       579.9353  ANGLE   =      1506.0008  DIHED      =       993.2587
 UB     =         0.0000  IMP     =         0.0000  CMAP       =       125.3848
 1-4 NB =       636.5056  1-4 EEL =      5820.8566  VDWAALS    =     16295.5966
 EELEC  =   -163577.3728  EHBOND  =         0.0000  RESTRAINT  =         0.0000
 EKCMT  =         0.0000  VIRIAL  =         0.0000  VOLUME     =    334389.7205
                                                    Density    =         1.0293
 ------------------------------------------------------------------------------

wrapping first mol.:      -75.65037        0.00000        0.00000
wrapping first mol.:      -75.65037        0.00000        0.00000
wrapping first mol.:      -75.62755        0.00000        0.00000
wrapping first mol.:      -75.62755        0.00000        0.00000
wrapping first mol.:      -75.66638        0.00000        0.00000
wrapping first mol.:      -75.66638        0.00000        0.00000
wrapping first mol.:      -75.73891        0.00000        0.00000
wrapping first mol.:      -75.73891        0.00000        0.00000
wrapping first mol.:      -75.64674        0.00000        0.00000
wrapping first mol.:      -75.64674        0.00000        0.00000

 NSTEP =  7625000   TIME(PS) =   16950.000  TEMP(K) =   298.82  PRESS =     0.0
 Etot   =   -117253.4149  EKtot   =     20421.5039  EPtot      =   -137674.9188
 BOND   =       590.7517  ANGLE   =      1529.5655  DIHED      =       985.3040
 UB     =         0.0000  IMP     =         0.0000  CMAP       =       146.4331
 1-4 NB =       638.3623  1-4 EEL =      5845.7813  VDWAALS    =     16181.8584
 EELEC  =   -163592.9750  EHBOND  =         0.0000  RESTRAINT  =         0.0000
 EKCMT  =         0.0000  VIRIAL  =         0.0000  VOLUME     =    333233.5675
                                                    Density    =         1.0329
 ------------------------------------------------------------------------------

wrapping first mol.:      -75.65502        0.00000        0.00000
wrapping first mol.:      -75.65502        0.00000        0.00000
wrapping first mol.:      -75.71292        0.00000        0.00000
wrapping first mol.:      -75.71292        0.00000        0.00000
wrapping first mol.:      -75.74117        0.00000        0.00000
wrapping first mol.:      -75.74117        0.00000        0.00000
wrapping first mol.:      -75.61821        0.00000        0.00000
wrapping first mol.:      -75.61821        0.00000        0.00000
wrapping first mol.:      -75.68456        0.00000        0.00000
wrapping first mol.:      -75.68456        0.00000        0.00000

 NSTEP =  7650000   TIME(PS) =   17000.000  TEMP(K) =   298.77  PRESS =     0.0
 Etot   =   -117284.3090  EKtot   =     20418.1953  EPtot      =   -137702.5043
 BOND   =       566.1437  ANGLE   =      1516.6204  DIHED      =      1023.5057
 UB     =         0.0000  IMP     =         0.0000  CMAP       =       137.8743
 1-4 NB =       656.5050  1-4 EEL =      5819.3795  VDWAALS    =     16755.5009
 EELEC  =   -164178.0338  EHBOND  =         0.0000  RESTRAINT  =         0.0000
 EKCMT  =         0.0000  VIRIAL  =         0.0000  VOLUME     =    333733.6845
                                                    Density    =         1.0314
 ------------------------------------------------------------------------------

wrapping first mol.:      -75.70915        0.00000        0.00000
wrapping first mol.:      -75.70915        0.00000        0.00000
wrapping first mol.:      -75.69343        0.00000        0.00000
wrapping first mol.:      -75.69343        0.00000        0.00000
wrapping first mol.:      -75.61248        0.00000        0.00000
wrapping first mol.:      -75.61248        0.00000        0.00000
wrapping first mol.:      -75.75603        0.00000        0.00000
wrapping first mol.:      -75.75603        0.00000        0.00000
wrapping first mol.:      -75.71705        0.00000        0.00000
wrapping first mol.:      -75.71705        0.00000        0.00000

 NSTEP =  7675000   TIME(PS) =   17050.000  TEMP(K) =   300.80  PRESS =     0.0
 Etot   =   -116809.6321  EKtot   =     20556.7344  EPtot      =   -137366.3665
 BOND   =       568.9567  ANGLE   =      1571.0440  DIHED      =       995.3928
 UB     =         0.0000  IMP     =         0.0000  CMAP       =       138.8595
 1-4 NB =       649.3460  1-4 EEL =      5850.8332  VDWAALS    =     15899.9690
 EELEC  =   -163040.7677  EHBOND  =         0.0000  RESTRAINT  =         0.0000
 EKCMT  =         0.0000  VIRIAL  =         0.0000  VOLUME     =    334163.6307
                                                    Density    =         1.0300
 ------------------------------------------------------------------------------

wrapping first mol.:      -75.69545        0.00000        0.00000
wrapping first mol.:      -75.69545        0.00000        0.00000
wrapping first mol.:      -75.67226        0.00000        0.00000
wrapping first mol.:      -75.67226        0.00000        0.00000
wrapping first mol.:      -75.61778        0.00000        0.00000
wrapping first mol.:      -75.61778        0.00000        0.00000
wrapping first mol.:      -75.60010        0.00000        0.00000
wrapping first mol.:      -75.60010        0.00000        0.00000
wrapping first mol.:      -75.64555        0.00000        0.00000
wrapping first mol.:      -75.64555        0.00000        0.00000

 NSTEP =  7700000   TIME(PS) =   17100.000  TEMP(K) =   299.49  PRESS =     0.0
 Etot   =   -117387.0206  EKtot   =     20467.0371  EPtot      =   -137854.0577
 BOND   =       556.4156  ANGLE   =      1524.1710  DIHED      =      1005.1737
 UB     =         0.0000  IMP     =         0.0000  CMAP       =       140.3696
 1-4 NB =       632.6414  1-4 EEL =      5829.7714  VDWAALS    =     16357.3835
 EELEC  =   -163899.9838  EHBOND  =         0.0000  RESTRAINT  =         0.0000
 EKCMT  =         0.0000  VIRIAL  =         0.0000  VOLUME     =    333217.8314
                                                    Density    =         1.0330
 ------------------------------------------------------------------------------

wrapping first mol.:      -75.66406        0.00000        0.00000
wrapping first mol.:      -75.66406        0.00000        0.00000
wrapping first mol.:      -75.70543        0.00000        0.00000
wrapping first mol.:      -75.70543        0.00000        0.00000
wrapping first mol.:      -75.67299        0.00000        0.00000
wrapping first mol.:      -75.67299        0.00000        0.00000
wrapping first mol.:      -75.76535        0.00000        0.00000
wrapping first mol.:      -75.76535        0.00000        0.00000
wrapping first mol.:      -75.72306        0.00000        0.00000
wrapping first mol.:      -75.72306        0.00000        0.00000

 NSTEP =  7725000   TIME(PS) =   17150.000  TEMP(K) =   299.50  PRESS =     0.0
 Etot   =   -116919.3985  EKtot   =     20468.0488  EPtot      =   -137387.4474
 BOND   =       572.1832  ANGLE   =      1516.1242  DIHED      =       976.6183
 UB     =         0.0000  IMP     =         0.0000  CMAP       =       146.0251
 1-4 NB =       650.8066  1-4 EEL =      5756.3147  VDWAALS    =     16185.4328
 EELEC  =   -163190.9523  EHBOND  =         0.0000  RESTRAINT  =         0.0000
 EKCMT  =         0.0000  VIRIAL  =         0.0000  VOLUME     =    334243.2260
                                                    Density    =         1.0298
 ------------------------------------------------------------------------------

wrapping first mol.:      -75.79957        0.00000        0.00000
wrapping first mol.:      -75.79957        0.00000        0.00000
wrapping first mol.:      -75.67000        0.00000        0.00000
wrapping first mol.:      -75.67000        0.00000        0.00000
wrapping first mol.:      -75.78482        0.00000        0.00000
wrapping first mol.:      -75.78482        0.00000        0.00000
wrapping first mol.:      -75.73320        0.00000        0.00000
wrapping first mol.:      -75.73320        0.00000        0.00000
wrapping first mol.:      -75.65386        0.00000        0.00000
wrapping first mol.:      -75.65386        0.00000        0.00000

 NSTEP =  7750000   TIME(PS) =   17200.000  TEMP(K) =   298.61  PRESS =     0.0
 Etot   =   -116934.5844  EKtot   =     20407.0469  EPtot      =   -137341.6312
 BOND   =       560.3025  ANGLE   =      1578.7122  DIHED      =       998.2595
 UB     =         0.0000  IMP     =         0.0000  CMAP       =       132.6099
 1-4 NB =       647.3574  1-4 EEL =      5776.5735  VDWAALS    =     16505.1206
 EELEC  =   -163540.5668  EHBOND  =         0.0000  RESTRAINT  =         0.0000
 EKCMT  =         0.0000  VIRIAL  =         0.0000  VOLUME     =    333327.7063
                                                    Density    =         1.0326
 ------------------------------------------------------------------------------

wrapping first mol.:      -75.54357        0.00000        0.00000
wrapping first mol.:      -75.54357        0.00000        0.00000
wrapping first mol.:      -75.57260        0.00000        0.00000
wrapping first mol.:      -75.57260        0.00000        0.00000
wrapping first mol.:      -75.66900        0.00000        0.00000
wrapping first mol.:      -75.66900        0.00000        0.00000
wrapping first mol.:      -75.60323        0.00000        0.00000
wrapping first mol.:      -75.60323        0.00000        0.00000
wrapping first mol.:      -75.64724        0.00000        0.00000
wrapping first mol.:      -75.64724        0.00000        0.00000

 NSTEP =  7775000   TIME(PS) =   17250.000  TEMP(K) =   301.25  PRESS =     0.0
 Etot   =   -117139.0919  EKtot   =     20587.6094  EPtot      =   -137726.7013
 BOND   =       553.0796  ANGLE   =      1476.0641  DIHED      =       990.3156
 UB     =         0.0000  IMP     =         0.0000  CMAP       =       139.8965
 1-4 NB =       637.7662  1-4 EEL =      5843.5439  VDWAALS    =     16486.7557
 EELEC  =   -163854.1229  EHBOND  =         0.0000  RESTRAINT  =         0.0000
 EKCMT  =         0.0000  VIRIAL  =         0.0000  VOLUME     =    333240.2496
                                                    Density    =         1.0329
 ------------------------------------------------------------------------------

wrapping first mol.:      -75.70334        0.00000        0.00000
wrapping first mol.:      -75.70334        0.00000        0.00000
wrapping first mol.:      -75.70067        0.00000        0.00000
wrapping first mol.:      -75.70067        0.00000        0.00000
wrapping first mol.:      -75.68645        0.00000        0.00000
wrapping first mol.:      -75.68645        0.00000        0.00000
wrapping first mol.:      -75.61813        0.00000        0.00000
wrapping first mol.:      -75.61813        0.00000        0.00000
wrapping first mol.:      -75.61452        0.00000        0.00000
wrapping first mol.:      -75.61452        0.00000        0.00000

 NSTEP =  7800000   TIME(PS) =   17300.000  TEMP(K) =   300.27  PRESS =     0.0
 Etot   =   -117120.2516  EKtot   =     20520.2754  EPtot      =   -137640.5270
 BOND   =       561.1493  ANGLE   =      1484.4863  DIHED      =       994.2208
 UB     =         0.0000  IMP     =         0.0000  CMAP       =       124.7701
 1-4 NB =       641.6089  1-4 EEL =      5861.5376  VDWAALS    =     16111.3714
 EELEC  =   -163419.6713  EHBOND  =         0.0000  RESTRAINT  =         0.0000
 EKCMT  =         0.0000  VIRIAL  =         0.0000  VOLUME     =    332808.0456
                                                    Density    =         1.0342
 ------------------------------------------------------------------------------

wrapping first mol.:      -75.53237        0.00000        0.00000
wrapping first mol.:      -75.53237        0.00000        0.00000
wrapping first mol.:      -75.65775        0.00000        0.00000
wrapping first mol.:      -75.65775        0.00000        0.00000
wrapping first mol.:      -75.73479        0.00000        0.00000
wrapping first mol.:      -75.73479        0.00000        0.00000
wrapping first mol.:      -75.65537        0.00000        0.00000
wrapping first mol.:      -75.65537        0.00000        0.00000
wrapping first mol.:      -75.72007        0.00000        0.00000
wrapping first mol.:      -75.72007        0.00000        0.00000

 NSTEP =  7825000   TIME(PS) =   17350.000  TEMP(K) =   301.61  PRESS =     0.0
 Etot   =   -117115.1589  EKtot   =     20612.4766  EPtot      =   -137727.6354
 BOND   =       556.7298  ANGLE   =      1524.2469  DIHED      =      1003.3994
 UB     =         0.0000  IMP     =         0.0000  CMAP       =       128.7102
 1-4 NB =       635.2425  1-4 EEL =      5817.0547  VDWAALS    =     16690.6267
 EELEC  =   -164083.6456  EHBOND  =         0.0000  RESTRAINT  =         0.0000
 EKCMT  =         0.0000  VIRIAL  =         0.0000  VOLUME     =    334203.6834
                                                    Density    =         1.0299
 ------------------------------------------------------------------------------

wrapping first mol.:      -75.69005        0.00000        0.00000
wrapping first mol.:      -75.69005        0.00000        0.00000
wrapping first mol.:      -75.66749        0.00000        0.00000
wrapping first mol.:      -75.66749        0.00000        0.00000
wrapping first mol.:      -75.73371        0.00000        0.00000
wrapping first mol.:      -75.73371        0.00000        0.00000
wrapping first mol.:      -75.68895        0.00000        0.00000
wrapping first mol.:      -75.68895        0.00000        0.00000
wrapping first mol.:      -75.78695        0.00000        0.00000
wrapping first mol.:      -75.78695        0.00000        0.00000

 NSTEP =  7850000   TIME(PS) =   17400.000  TEMP(K) =   299.66  PRESS =     0.0
 Etot   =   -117060.6398  EKtot   =     20478.9668  EPtot      =   -137539.6066
 BOND   =       583.3826  ANGLE   =      1467.0218  DIHED      =      1000.2793
 UB     =         0.0000  IMP     =         0.0000  CMAP       =       135.6032
 1-4 NB =       628.2639  1-4 EEL =      5822.1979  VDWAALS    =     16660.7277
 EELEC  =   -163837.0831  EHBOND  =         0.0000  RESTRAINT  =         0.0000
 EKCMT  =         0.0000  VIRIAL  =         0.0000  VOLUME     =    335089.9175
                                                    Density    =         1.0272
 ------------------------------------------------------------------------------

wrapping first mol.:      -75.64367        0.00000        0.00000
wrapping first mol.:      -75.64367        0.00000        0.00000
wrapping first mol.:      -75.72853        0.00000        0.00000
wrapping first mol.:      -75.72853        0.00000        0.00000
wrapping first mol.:      -75.68055        0.00000        0.00000
wrapping first mol.:      -75.68055        0.00000        0.00000
wrapping first mol.:      -75.80777        0.00000        0.00000
wrapping first mol.:      -75.80777        0.00000        0.00000
wrapping first mol.:      -75.72964        0.00000        0.00000
wrapping first mol.:      -75.72964        0.00000        0.00000

 NSTEP =  7875000   TIME(PS) =   17450.000  TEMP(K) =   300.56  PRESS =     0.0
 Etot   =   -117142.3870  EKtot   =     20540.3438  EPtot      =   -137682.7307
 BOND   =       591.1624  ANGLE   =      1513.0811  DIHED      =      1010.9759
 UB     =         0.0000  IMP     =         0.0000  CMAP       =       132.7900
 1-4 NB =       639.9660  1-4 EEL =      5745.2339  VDWAALS    =     16478.5921
 EELEC  =   -163794.5321  EHBOND  =         0.0000  RESTRAINT  =         0.0000
 EKCMT  =         0.0000  VIRIAL  =         0.0000  VOLUME     =    334330.3258
                                                    Density    =         1.0295
 ------------------------------------------------------------------------------

wrapping first mol.:      -75.72507        0.00000        0.00000
wrapping first mol.:      -75.72507        0.00000        0.00000
wrapping first mol.:      -75.66559        0.00000        0.00000
wrapping first mol.:      -75.66559        0.00000        0.00000
wrapping first mol.:      -75.69580        0.00000        0.00000
wrapping first mol.:      -75.69580        0.00000        0.00000
wrapping first mol.:      -75.80098        0.00000        0.00000
wrapping first mol.:      -75.80098        0.00000        0.00000
wrapping first mol.:      -75.58603        0.00000        0.00000
wrapping first mol.:      -75.58603        0.00000        0.00000

 NSTEP =  7900000   TIME(PS) =   17500.000  TEMP(K) =   299.59  PRESS =     0.0
 Etot   =   -117332.1808  EKtot   =     20474.4609  EPtot      =   -137806.6417
 BOND   =       587.4691  ANGLE   =      1517.7952  DIHED      =       983.8189
 UB     =         0.0000  IMP     =         0.0000  CMAP       =       135.1163
 1-4 NB =       631.5439  1-4 EEL =      5759.2713  VDWAALS    =     16453.2435
 EELEC  =   -163874.8998  EHBOND  =         0.0000  RESTRAINT  =         0.0000
 EKCMT  =         0.0000  VIRIAL  =         0.0000  VOLUME     =    332431.9241
                                                    Density    =         1.0354
 ------------------------------------------------------------------------------

wrapping first mol.:      -75.61160        0.00000        0.00000
wrapping first mol.:      -75.61160        0.00000        0.00000
wrapping first mol.:      -75.67533        0.00000        0.00000
wrapping first mol.:      -75.67533        0.00000        0.00000
wrapping first mol.:      -75.65599        0.00000        0.00000
wrapping first mol.:      -75.65599        0.00000        0.00000
wrapping first mol.:      -75.70650        0.00000        0.00000
wrapping first mol.:      -75.70650        0.00000        0.00000
wrapping first mol.:      -75.70849        0.00000        0.00000
wrapping first mol.:      -75.70849        0.00000        0.00000

 NSTEP =  7925000   TIME(PS) =   17550.000  TEMP(K) =   301.85  PRESS =     0.0
 Etot   =   -117217.5764  EKtot   =     20628.2500  EPtot      =   -137845.8264
 BOND   =       556.5768  ANGLE   =      1540.4184  DIHED      =       999.0142
 UB     =         0.0000  IMP     =         0.0000  CMAP       =       146.6210
 1-4 NB =       638.4735  1-4 EEL =      5842.6001  VDWAALS    =     16371.1535
 EELEC  =   -163940.6838  EHBOND  =         0.0000  RESTRAINT  =         0.0000
 EKCMT  =         0.0000  VIRIAL  =         0.0000  VOLUME     =    334050.3434
                                                    Density    =         1.0304
 ------------------------------------------------------------------------------

wrapping first mol.:      -75.61090        0.00000        0.00000
wrapping first mol.:      -75.61090        0.00000        0.00000
wrapping first mol.:      -75.65614        0.00000        0.00000
wrapping first mol.:      -75.65614        0.00000        0.00000
wrapping first mol.:      -75.74589        0.00000        0.00000
wrapping first mol.:      -75.74589        0.00000        0.00000
wrapping first mol.:      -75.64730        0.00000        0.00000
wrapping first mol.:      -75.64730        0.00000        0.00000
wrapping first mol.:      -75.76046        0.00000        0.00000
wrapping first mol.:      -75.76046        0.00000        0.00000

 NSTEP =  7950000   TIME(PS) =   17600.000  TEMP(K) =   301.01  PRESS =     0.0
 Etot   =   -117061.9879  EKtot   =     20571.1113  EPtot      =   -137633.0992
 BOND   =       546.2694  ANGLE   =      1565.6545  DIHED      =       980.5256
 UB     =         0.0000  IMP     =         0.0000  CMAP       =       138.7085
 1-4 NB =       646.7169  1-4 EEL =      5785.6215  VDWAALS    =     16114.8076
 EELEC  =   -163411.4029  EHBOND  =         0.0000  RESTRAINT  =         0.0000
 EKCMT  =         0.0000  VIRIAL  =         0.0000  VOLUME     =    334738.7781
                                                    Density    =         1.0283
 ------------------------------------------------------------------------------

wrapping first mol.:      -75.73525        0.00000        0.00000
wrapping first mol.:      -75.73525        0.00000        0.00000
wrapping first mol.:      -75.74333        0.00000        0.00000
wrapping first mol.:      -75.74333        0.00000        0.00000
wrapping first mol.:      -75.70208        0.00000        0.00000
wrapping first mol.:      -75.70208        0.00000        0.00000
wrapping first mol.:      -75.62552        0.00000        0.00000
wrapping first mol.:      -75.62552        0.00000        0.00000
wrapping first mol.:      -75.69701        0.00000        0.00000
wrapping first mol.:      -75.69701        0.00000        0.00000

 NSTEP =  7975000   TIME(PS) =   17650.000  TEMP(K) =   298.67  PRESS =     0.0
 Etot   =   -117011.9080  EKtot   =     20410.9727  EPtot      =   -137422.8806
 BOND   =       544.2332  ANGLE   =      1574.7737  DIHED      =       986.9397
 UB     =         0.0000  IMP     =         0.0000  CMAP       =       138.7978
 1-4 NB =       640.0027  1-4 EEL =      5779.9054  VDWAALS    =     15912.5798
 EELEC  =   -163000.1129  EHBOND  =         0.0000  RESTRAINT  =         0.0000
 EKCMT  =         0.0000  VIRIAL  =         0.0000  VOLUME     =    333898.3330
                                                    Density    =         1.0309
 ------------------------------------------------------------------------------

wrapping first mol.:      -75.73182        0.00000        0.00000
wrapping first mol.:      -75.73182        0.00000        0.00000
wrapping first mol.:      -75.73930        0.00000        0.00000
wrapping first mol.:      -75.73930        0.00000        0.00000
wrapping first mol.:      -75.75949        0.00000        0.00000
wrapping first mol.:      -75.75949        0.00000        0.00000
wrapping first mol.:      -75.73054        0.00000        0.00000
wrapping first mol.:      -75.73054        0.00000        0.00000
wrapping first mol.:      -75.69185        0.00000        0.00000
wrapping first mol.:      -75.69185        0.00000        0.00000

 NSTEP =  8000000   TIME(PS) =   17700.000  TEMP(K) =   299.37  PRESS =     0.0
 Etot   =   -117378.4095  EKtot   =     20459.1582  EPtot      =   -137837.5677
 BOND   =       563.4692  ANGLE   =      1524.9036  DIHED      =      1027.7176
 UB     =         0.0000  IMP     =         0.0000  CMAP       =       129.1674
 1-4 NB =       651.7918  1-4 EEL =      5799.0959  VDWAALS    =     16723.4517
 EELEC  =   -164257.1650  EHBOND  =         0.0000  RESTRAINT  =         0.0000
 EKCMT  =         0.0000  VIRIAL  =         0.0000  VOLUME     =    333830.1135
                                                    Density    =         1.0311
 ------------------------------------------------------------------------------

wrapping first mol.:      -75.64145        0.00000        0.00000
wrapping first mol.:      -75.64145        0.00000        0.00000
wrapping first mol.:      -75.62944        0.00000        0.00000
wrapping first mol.:      -75.62944        0.00000        0.00000
wrapping first mol.:      -75.63232        0.00000        0.00000
wrapping first mol.:      -75.63232        0.00000        0.00000
wrapping first mol.:      -75.56351        0.00000        0.00000
wrapping first mol.:      -75.56351        0.00000        0.00000
wrapping first mol.:      -75.71085        0.00000        0.00000
wrapping first mol.:      -75.71085        0.00000        0.00000

 NSTEP =  8025000   TIME(PS) =   17750.000  TEMP(K) =   299.95  PRESS =     0.0
 Etot   =   -117141.7203  EKtot   =     20498.8496  EPtot      =   -137640.5699
 BOND   =       573.6795  ANGLE   =      1554.9402  DIHED      =       969.9912
 UB     =         0.0000  IMP     =         0.0000  CMAP       =       141.7235
 1-4 NB =       642.4069  1-4 EEL =      5829.3857  VDWAALS    =     16489.7915
 EELEC  =   -163842.4885  EHBOND  =         0.0000  RESTRAINT  =         0.0000
 EKCMT  =         0.0000  VIRIAL  =         0.0000  VOLUME     =    334081.5217
                                                    Density    =         1.0303
 ------------------------------------------------------------------------------

wrapping first mol.:      -75.61854        0.00000        0.00000
wrapping first mol.:      -75.61854        0.00000        0.00000
wrapping first mol.:      -75.60809        0.00000        0.00000
wrapping first mol.:      -75.60809        0.00000        0.00000
wrapping first mol.:      -75.68326        0.00000        0.00000
wrapping first mol.:      -75.68326        0.00000        0.00000
wrapping first mol.:      -75.72226        0.00000        0.00000
wrapping first mol.:      -75.72226        0.00000        0.00000
wrapping first mol.:      -75.70888        0.00000        0.00000
wrapping first mol.:      -75.70888        0.00000        0.00000

 NSTEP =  8050000   TIME(PS) =   17800.000  TEMP(K) =   300.58  PRESS =     0.0
 Etot   =   -117150.5700  EKtot   =     20541.9219  EPtot      =   -137692.4918
 BOND   =       553.3121  ANGLE   =      1489.8009  DIHED      =       987.2030
 UB     =         0.0000  IMP     =         0.0000  CMAP       =       147.4138
 1-4 NB =       646.3214  1-4 EEL =      5763.9921  VDWAALS    =     16111.0751
 EELEC  =   -163391.6104  EHBOND  =         0.0000  RESTRAINT  =         0.0000
 EKCMT  =         0.0000  VIRIAL  =         0.0000  VOLUME     =    334055.4824
                                                    Density    =         1.0304
 ------------------------------------------------------------------------------

wrapping first mol.:      -75.59174        0.00000        0.00000
wrapping first mol.:      -75.59174        0.00000        0.00000
wrapping first mol.:      -75.62331        0.00000        0.00000
wrapping first mol.:      -75.62331        0.00000        0.00000
wrapping first mol.:      -75.64881        0.00000        0.00000
wrapping first mol.:      -75.64881        0.00000        0.00000
wrapping first mol.:      -75.73805        0.00000        0.00000
wrapping first mol.:      -75.73805        0.00000        0.00000
wrapping first mol.:      -75.61884        0.00000        0.00000
wrapping first mol.:      -75.61884        0.00000        0.00000

 NSTEP =  8075000   TIME(PS) =   17850.000  TEMP(K) =   302.00  PRESS =     0.0
 Etot   =   -116850.6706  EKtot   =     20638.6992  EPtot      =   -137489.3698
 BOND   =       583.3483  ANGLE   =      1537.5084  DIHED      =       992.2926
 UB     =         0.0000  IMP     =         0.0000  CMAP       =       133.9038
 1-4 NB =       623.0816  1-4 EEL =      5809.3727  VDWAALS    =     16234.8214
 EELEC  =   -163403.6986  EHBOND  =         0.0000  RESTRAINT  =         0.0000
 EKCMT  =         0.0000  VIRIAL  =         0.0000  VOLUME     =    332865.0637
                                                    Density    =         1.0341
 ------------------------------------------------------------------------------

wrapping first mol.:      -75.52277        0.00000        0.00000
wrapping first mol.:      -75.52277        0.00000        0.00000
wrapping first mol.:      -75.75334        0.00000        0.00000
wrapping first mol.:      -75.75334        0.00000        0.00000
wrapping first mol.:      -75.67358        0.00000        0.00000
wrapping first mol.:      -75.67358        0.00000        0.00000
wrapping first mol.:      -75.65244        0.00000        0.00000
wrapping first mol.:      -75.65244        0.00000        0.00000
wrapping first mol.:      -75.67740        0.00000        0.00000
wrapping first mol.:      -75.67740        0.00000        0.00000

 NSTEP =  8100000   TIME(PS) =   17900.000  TEMP(K) =   300.58  PRESS =     0.0
 Etot   =   -117494.3185  EKtot   =     20542.0000  EPtot      =   -138036.3185
 BOND   =       553.6054  ANGLE   =      1479.3337  DIHED      =      1019.8799
 UB     =         0.0000  IMP     =         0.0000  CMAP       =       151.3871
 1-4 NB =       641.5171  1-4 EEL =      5805.3121  VDWAALS    =     16545.9503
 EELEC  =   -164233.3040  EHBOND  =         0.0000  RESTRAINT  =         0.0000
 EKCMT  =         0.0000  VIRIAL  =         0.0000  VOLUME     =    333638.9216
                                                    Density    =         1.0317
 ------------------------------------------------------------------------------

wrapping first mol.:      -75.66369        0.00000        0.00000
wrapping first mol.:      -75.66369        0.00000        0.00000
wrapping first mol.:      -75.75608        0.00000        0.00000
wrapping first mol.:      -75.75608        0.00000        0.00000
wrapping first mol.:      -75.65709        0.00000        0.00000
wrapping first mol.:      -75.65709        0.00000        0.00000
wrapping first mol.:      -75.64753        0.00000        0.00000
wrapping first mol.:      -75.64753        0.00000        0.00000
wrapping first mol.:      -75.61834        0.00000        0.00000
wrapping first mol.:      -75.61834        0.00000        0.00000

 NSTEP =  8125000   TIME(PS) =   17950.000  TEMP(K) =   301.02  PRESS =     0.0
 Etot   =   -117256.8772  EKtot   =     20572.0293  EPtot      =   -137828.9065
 BOND   =       548.6565  ANGLE   =      1477.3399  DIHED      =      1001.8722
 UB     =         0.0000  IMP     =         0.0000  CMAP       =       136.4154
 1-4 NB =       638.7263  1-4 EEL =      5806.6877  VDWAALS    =     16869.1970
 EELEC  =   -164307.8015  EHBOND  =         0.0000  RESTRAINT  =         0.0000
 EKCMT  =         0.0000  VIRIAL  =         0.0000  VOLUME     =    332858.4191
                                                    Density    =         1.0341
 ------------------------------------------------------------------------------

wrapping first mol.:      -75.60098        0.00000        0.00000
wrapping first mol.:      -75.60098        0.00000        0.00000
wrapping first mol.:      -75.65736        0.00000        0.00000
wrapping first mol.:      -75.65736        0.00000        0.00000
wrapping first mol.:      -75.65335        0.00000        0.00000
wrapping first mol.:      -75.65335        0.00000        0.00000
wrapping first mol.:      -75.72463        0.00000        0.00000
wrapping first mol.:      -75.72463        0.00000        0.00000
wrapping first mol.:      -75.70379        0.00000        0.00000
wrapping first mol.:      -75.70379        0.00000        0.00000

 NSTEP =  8150000   TIME(PS) =   18000.000  TEMP(K) =   298.63  PRESS =     0.0
 Etot   =   -117484.3041  EKtot   =     20408.4355  EPtot      =   -137892.7397
 BOND   =       605.0821  ANGLE   =      1498.5065  DIHED      =      1001.6558
 UB     =         0.0000  IMP     =         0.0000  CMAP       =       137.8382
 1-4 NB =       635.4641  1-4 EEL =      5750.8117  VDWAALS    =     16300.5944
 EELEC  =   -163822.6925  EHBOND  =         0.0000  RESTRAINT  =         0.0000
 EKCMT  =         0.0000  VIRIAL  =         0.0000  VOLUME     =    333988.0730
                                                    Density    =         1.0306
 ------------------------------------------------------------------------------

wrapping first mol.:      -75.72520        0.00000        0.00000
wrapping first mol.:      -75.72520        0.00000        0.00000
wrapping first mol.:      -75.66589        0.00000        0.00000
wrapping first mol.:      -75.66589        0.00000        0.00000
wrapping first mol.:      -75.72593        0.00000        0.00000
wrapping first mol.:      -75.72593        0.00000        0.00000
wrapping first mol.:      -75.62889        0.00000        0.00000
wrapping first mol.:      -75.62889        0.00000        0.00000
wrapping first mol.:      -75.79245        0.00000        0.00000
wrapping first mol.:      -75.79245        0.00000        0.00000

 NSTEP =  8175000   TIME(PS) =   18050.000  TEMP(K) =   298.34  PRESS =     0.0
 Etot   =   -117478.9494  EKtot   =     20389.0195  EPtot      =   -137867.9689
 BOND   =       587.9650  ANGLE   =      1472.7251  DIHED      =      1003.0935
 UB     =         0.0000  IMP     =         0.0000  CMAP       =       138.4472
 1-4 NB =       658.4889  1-4 EEL =      5796.4227  VDWAALS    =     16743.5575
 EELEC  =   -164268.6688  EHBOND  =         0.0000  RESTRAINT  =         0.0000
 EKCMT  =         0.0000  VIRIAL  =         0.0000  VOLUME     =    335162.9741
                                                    Density    =         1.0270
 ------------------------------------------------------------------------------

wrapping first mol.:      -75.71274        0.00000        0.00000
wrapping first mol.:      -75.71274        0.00000        0.00000
wrapping first mol.:      -75.59856        0.00000        0.00000
wrapping first mol.:      -75.59856        0.00000        0.00000
wrapping first mol.:      -75.76669        0.00000        0.00000
wrapping first mol.:      -75.76669        0.00000        0.00000
wrapping first mol.:      -75.63487        0.00000        0.00000
wrapping first mol.:      -75.63487        0.00000        0.00000
wrapping first mol.:      -75.66482        0.00000        0.00000
wrapping first mol.:      -75.66482        0.00000        0.00000

 NSTEP =  8200000   TIME(PS) =   18100.000  TEMP(K) =   298.77  PRESS =     0.0
 Etot   =   -117167.5050  EKtot   =     20418.2598  EPtot      =   -137585.7647
 BOND   =       567.6478  ANGLE   =      1520.4331  DIHED      =       992.3642
 UB     =         0.0000  IMP     =         0.0000  CMAP       =       136.3751
 1-4 NB =       652.9823  1-4 EEL =      5835.9305  VDWAALS    =     16508.1768
 EELEC  =   -163799.6746  EHBOND  =         0.0000  RESTRAINT  =         0.0000
 EKCMT  =         0.0000  VIRIAL  =         0.0000  VOLUME     =    333472.5408
                                                    Density    =         1.0322
 ------------------------------------------------------------------------------

wrapping first mol.:      -75.72677        0.00000        0.00000
wrapping first mol.:      -75.72677        0.00000        0.00000
wrapping first mol.:      -75.64833        0.00000        0.00000
wrapping first mol.:      -75.64833        0.00000        0.00000
wrapping first mol.:      -75.65972        0.00000        0.00000
wrapping first mol.:      -75.65972        0.00000        0.00000
wrapping first mol.:      -75.73395        0.00000        0.00000
wrapping first mol.:      -75.73395        0.00000        0.00000
wrapping first mol.:      -75.65043        0.00000        0.00000
wrapping first mol.:      -75.65043        0.00000        0.00000

 NSTEP =  8225000   TIME(PS) =   18150.000  TEMP(K) =   300.07  PRESS =     0.0
 Etot   =   -117208.1761  EKtot   =     20506.9336  EPtot      =   -137715.1097
 BOND   =       559.7885  ANGLE   =      1475.6715  DIHED      =       998.1155
 UB     =         0.0000  IMP     =         0.0000  CMAP       =       143.1181
 1-4 NB =       648.5348  1-4 EEL =      5816.5166  VDWAALS    =     16431.5790
 EELEC  =   -163788.4337  EHBOND  =         0.0000  RESTRAINT  =         0.0000
 EKCMT  =         0.0000  VIRIAL  =         0.0000  VOLUME     =    333282.4168
                                                    Density    =         1.0328
 ------------------------------------------------------------------------------

wrapping first mol.:      -75.59647        0.00000        0.00000
wrapping first mol.:      -75.59647        0.00000        0.00000
wrapping first mol.:      -75.67694        0.00000        0.00000
wrapping first mol.:      -75.67694        0.00000        0.00000
wrapping first mol.:      -75.61981        0.00000        0.00000
wrapping first mol.:      -75.61981        0.00000        0.00000
wrapping first mol.:      -75.69014        0.00000        0.00000
wrapping first mol.:      -75.69014        0.00000        0.00000
wrapping first mol.:      -75.71855        0.00000        0.00000
wrapping first mol.:      -75.71855        0.00000        0.00000

 NSTEP =  8250000   TIME(PS) =   18200.000  TEMP(K) =   300.12  PRESS =     0.0
 Etot   =   -117077.1514  EKtot   =     20510.1797  EPtot      =   -137587.3311
 BOND   =       543.5679  ANGLE   =      1556.4012  DIHED      =      1002.8830
 UB     =         0.0000  IMP     =         0.0000  CMAP       =       135.0140
 1-4 NB =       628.1036  1-4 EEL =      5771.6209  VDWAALS    =     16257.7490
 EELEC  =   -163482.6707  EHBOND  =         0.0000  RESTRAINT  =         0.0000
 EKCMT  =         0.0000  VIRIAL  =         0.0000  VOLUME     =    334183.5176
                                                    Density    =         1.0300
 ------------------------------------------------------------------------------

wrapping first mol.:      -75.73220        0.00000        0.00000
wrapping first mol.:      -75.73220        0.00000        0.00000
wrapping first mol.:      -75.70665        0.00000        0.00000
wrapping first mol.:      -75.70665        0.00000        0.00000
wrapping first mol.:      -75.76440        0.00000        0.00000
wrapping first mol.:      -75.76440        0.00000        0.00000
wrapping first mol.:      -75.69987        0.00000        0.00000
wrapping first mol.:      -75.69987        0.00000        0.00000
wrapping first mol.:      -75.78376        0.00000        0.00000
wrapping first mol.:      -75.78376        0.00000        0.00000

 NSTEP =  8275000   TIME(PS) =   18250.000  TEMP(K) =   300.73  PRESS =     0.0
 Etot   =   -117041.7607  EKtot   =     20551.9238  EPtot      =   -137593.6845
 BOND   =       556.5578  ANGLE   =      1545.6553  DIHED      =       975.3039
 UB     =         0.0000  IMP     =         0.0000  CMAP       =       142.4345
 1-4 NB =       636.7641  1-4 EEL =      5834.1742  VDWAALS    =     16371.3765
 EELEC  =   -163655.9508  EHBOND  =         0.0000  RESTRAINT  =         0.0000
 EKCMT  =         0.0000  VIRIAL  =         0.0000  VOLUME     =    335047.6703
                                                    Density    =         1.0273
 ------------------------------------------------------------------------------

wrapping first mol.:      -75.79492        0.00000        0.00000
wrapping first mol.:      -75.79492        0.00000        0.00000
wrapping first mol.:      -75.61269        0.00000        0.00000
wrapping first mol.:      -75.61269        0.00000        0.00000
wrapping first mol.:      -75.70748        0.00000        0.00000
wrapping first mol.:      -75.70748        0.00000        0.00000
wrapping first mol.:      -75.63895        0.00000        0.00000
wrapping first mol.:      -75.63895        0.00000        0.00000
wrapping first mol.:      -75.68849        0.00000        0.00000
wrapping first mol.:      -75.68849        0.00000        0.00000

 NSTEP =  8300000   TIME(PS) =   18300.000  TEMP(K) =   300.46  PRESS =     0.0
 Etot   =   -117212.6719  EKtot   =     20533.9043  EPtot      =   -137746.5762
 BOND   =       576.3663  ANGLE   =      1519.4974  DIHED      =       990.0968
 UB     =         0.0000  IMP     =         0.0000  CMAP       =       133.3968
 1-4 NB =       661.1635  1-4 EEL =      5881.5163  VDWAALS    =     16633.2542
 EELEC  =   -164141.8676  EHBOND  =         0.0000  RESTRAINT  =         0.0000
 EKCMT  =         0.0000  VIRIAL  =         0.0000  VOLUME     =    333785.6237
                                                    Density    =         1.0312
 ------------------------------------------------------------------------------

wrapping first mol.:      -75.67605        0.00000        0.00000
wrapping first mol.:      -75.67605        0.00000        0.00000
wrapping first mol.:      -75.71194        0.00000        0.00000
wrapping first mol.:      -75.71194        0.00000        0.00000
wrapping first mol.:      -75.76422        0.00000        0.00000
wrapping first mol.:      -75.76422        0.00000        0.00000
wrapping first mol.:      -75.75371        0.00000        0.00000
wrapping first mol.:      -75.75371        0.00000        0.00000
wrapping first mol.:      -75.61273        0.00000        0.00000
wrapping first mol.:      -75.61273        0.00000        0.00000

 NSTEP =  8325000   TIME(PS) =   18350.000  TEMP(K) =   297.34  PRESS =     0.0
 Etot   =   -117518.9855  EKtot   =     20320.3516  EPtot      =   -137839.3370
 BOND   =       572.9300  ANGLE   =      1458.8082  DIHED      =       995.4778
 UB     =         0.0000  IMP     =         0.0000  CMAP       =       145.4785
 1-4 NB =       641.4776  1-4 EEL =      5855.6348  VDWAALS    =     16718.4675
 EELEC  =   -164227.6114  EHBOND  =         0.0000  RESTRAINT  =         0.0000
 EKCMT  =         0.0000  VIRIAL  =         0.0000  VOLUME     =    332784.3167
                                                    Density    =         1.0343
 ------------------------------------------------------------------------------

wrapping first mol.:      -75.67099        0.00000        0.00000
wrapping first mol.:      -75.67099        0.00000        0.00000
wrapping first mol.:      -75.64847        0.00000        0.00000
wrapping first mol.:      -75.64847        0.00000        0.00000
wrapping first mol.:      -75.72321        0.00000        0.00000
wrapping first mol.:      -75.72321        0.00000        0.00000
wrapping first mol.:      -75.67359        0.00000        0.00000
wrapping first mol.:      -75.67359        0.00000        0.00000
wrapping first mol.:      -75.67759        0.00000        0.00000
wrapping first mol.:      -75.67759        0.00000        0.00000

 NSTEP =  8350000   TIME(PS) =   18400.000  TEMP(K) =   301.79  PRESS =     0.0
 Etot   =   -116955.4926  EKtot   =     20624.3008  EPtot      =   -137579.7934
 BOND   =       588.8581  ANGLE   =      1565.6069  DIHED      =       985.4645
 UB     =         0.0000  IMP     =         0.0000  CMAP       =       136.4940
 1-4 NB =       656.6185  1-4 EEL =      5871.2946  VDWAALS    =     16336.2907
 EELEC  =   -163720.4207  EHBOND  =         0.0000  RESTRAINT  =         0.0000
 EKCMT  =         0.0000  VIRIAL  =         0.0000  VOLUME     =    333641.5040
                                                    Density    =         1.0316
 ------------------------------------------------------------------------------

wrapping first mol.:      -75.66822        0.00000        0.00000
wrapping first mol.:      -75.66822        0.00000        0.00000
wrapping first mol.:      -75.70956        0.00000        0.00000
wrapping first mol.:      -75.70956        0.00000        0.00000
wrapping first mol.:      -75.59786        0.00000        0.00000
wrapping first mol.:      -75.59786        0.00000        0.00000
wrapping first mol.:      -75.57573        0.00000        0.00000
wrapping first mol.:      -75.57573        0.00000        0.00000
wrapping first mol.:      -75.68129        0.00000        0.00000
wrapping first mol.:      -75.68129        0.00000        0.00000

 NSTEP =  8375000   TIME(PS) =   18450.000  TEMP(K) =   302.82  PRESS =     0.0
 Etot   =   -117102.4124  EKtot   =     20694.9492  EPtot      =   -137797.3616
 BOND   =       580.0346  ANGLE   =      1509.7529  DIHED      =      1006.3072
 UB     =         0.0000  IMP     =         0.0000  CMAP       =       137.9154
 1-4 NB =       644.7226  1-4 EEL =      5807.1163  VDWAALS    =     16578.2785
 EELEC  =   -164061.4891  EHBOND  =         0.0000  RESTRAINT  =         0.0000
 EKCMT  =         0.0000  VIRIAL  =         0.0000  VOLUME     =    333690.4201
                                                    Density    =         1.0315
 ------------------------------------------------------------------------------

wrapping first mol.:      -75.64827        0.00000        0.00000
wrapping first mol.:      -75.64827        0.00000        0.00000
wrapping first mol.:      -75.70145        0.00000        0.00000
wrapping first mol.:      -75.70145        0.00000        0.00000
wrapping first mol.:      -75.70960        0.00000        0.00000
wrapping first mol.:      -75.70960        0.00000        0.00000
wrapping first mol.:      -75.69774        0.00000        0.00000
wrapping first mol.:      -75.69774        0.00000        0.00000
wrapping first mol.:      -75.66825        0.00000        0.00000
wrapping first mol.:      -75.66825        0.00000        0.00000

 NSTEP =  8400000   TIME(PS) =   18500.000  TEMP(K) =   301.06  PRESS =     0.0
 Etot   =   -116950.8802  EKtot   =     20574.5996  EPtot      =   -137525.4798
 BOND   =       562.2241  ANGLE   =      1553.8219  DIHED      =      1018.6796
 UB     =         0.0000  IMP     =         0.0000  CMAP       =       140.3577
 1-4 NB =       640.1647  1-4 EEL =      5758.8885  VDWAALS    =     16357.4412
 EELEC  =   -163557.0575  EHBOND  =         0.0000  RESTRAINT  =         0.0000
 EKCMT  =         0.0000  VIRIAL  =         0.0000  VOLUME     =    333517.9452
                                                    Density    =         1.0320
 ------------------------------------------------------------------------------

wrapping first mol.:      -75.75009        0.00000        0.00000
wrapping first mol.:      -75.75009        0.00000        0.00000
wrapping first mol.:      -75.64455        0.00000        0.00000
wrapping first mol.:      -75.64455        0.00000        0.00000
wrapping first mol.:      -75.59239        0.00000        0.00000
wrapping first mol.:      -75.59239        0.00000        0.00000
wrapping first mol.:      -75.55772        0.00000        0.00000
wrapping first mol.:      -75.55772        0.00000        0.00000
wrapping first mol.:      -75.78422        0.00000        0.00000
wrapping first mol.:      -75.78422        0.00000        0.00000

 NSTEP =  8425000   TIME(PS) =   18550.000  TEMP(K) =   301.91  PRESS =     0.0
 Etot   =   -116877.2257  EKtot   =     20632.4375  EPtot      =   -137509.6632
 BOND   =       539.2961  ANGLE   =      1563.8733  DIHED      =      1008.8885
 UB     =         0.0000  IMP     =         0.0000  CMAP       =       147.1314
 1-4 NB =       652.7300  1-4 EEL =      5845.6692  VDWAALS    =     16488.9021
 EELEC  =   -163756.1538  EHBOND  =         0.0000  RESTRAINT  =         0.0000
 EKCMT  =         0.0000  VIRIAL  =         0.0000  VOLUME     =    335053.7910
                                                    Density    =         1.0273
 ------------------------------------------------------------------------------

wrapping first mol.:      -75.62659        0.00000        0.00000
wrapping first mol.:      -75.62659        0.00000        0.00000
wrapping first mol.:      -75.58293        0.00000        0.00000
wrapping first mol.:      -75.58293        0.00000        0.00000
wrapping first mol.:      -75.63935        0.00000        0.00000
wrapping first mol.:      -75.63935        0.00000        0.00000
wrapping first mol.:      -75.66997        0.00000        0.00000
wrapping first mol.:      -75.66997        0.00000        0.00000
wrapping first mol.:      -75.69932        0.00000        0.00000
wrapping first mol.:      -75.69932        0.00000        0.00000

 NSTEP =  8450000   TIME(PS) =   18600.000  TEMP(K) =   298.09  PRESS =     0.0
 Etot   =   -116971.1432  EKtot   =     20371.9512  EPtot      =   -137343.0944
 BOND   =       577.6619  ANGLE   =      1549.4375  DIHED      =       980.2447
 UB     =         0.0000  IMP     =         0.0000  CMAP       =       141.5533
 1-4 NB =       644.3054  1-4 EEL =      5783.6433  VDWAALS    =     16255.1876
 EELEC  =   -163275.1280  EHBOND  =         0.0000  RESTRAINT  =         0.0000
 EKCMT  =         0.0000  VIRIAL  =         0.0000  VOLUME     =    333928.9234
                                                    Density    =         1.0308
 ------------------------------------------------------------------------------

wrapping first mol.:      -75.70531        0.00000        0.00000
wrapping first mol.:      -75.70531        0.00000        0.00000
wrapping first mol.:      -75.74926        0.00000        0.00000
wrapping first mol.:      -75.74926        0.00000        0.00000
wrapping first mol.:      -75.70704        0.00000        0.00000
wrapping first mol.:      -75.70704        0.00000        0.00000
wrapping first mol.:      -75.62147        0.00000        0.00000
wrapping first mol.:      -75.62147        0.00000        0.00000
wrapping first mol.:      -75.60965        0.00000        0.00000
wrapping first mol.:      -75.60965        0.00000        0.00000

 NSTEP =  8475000   TIME(PS) =   18650.000  TEMP(K) =   298.94  PRESS =     0.0
 Etot   =   -117161.3364  EKtot   =     20429.8730  EPtot      =   -137591.2095
 BOND   =       588.4538  ANGLE   =      1515.7688  DIHED      =       983.8300
 UB     =         0.0000  IMP     =         0.0000  CMAP       =       132.2600
 1-4 NB =       661.1222  1-4 EEL =      5826.7488  VDWAALS    =     16195.3406
 EELEC  =   -163494.7337  EHBOND  =         0.0000  RESTRAINT  =         0.0000
 EKCMT  =         0.0000  VIRIAL  =         0.0000  VOLUME     =    332743.6697
                                                    Density    =         1.0344
 ------------------------------------------------------------------------------

wrapping first mol.:      -75.63115        0.00000        0.00000
wrapping first mol.:      -75.63115        0.00000        0.00000
wrapping first mol.:      -75.68775        0.00000        0.00000
wrapping first mol.:      -75.68775        0.00000        0.00000
wrapping first mol.:      -75.66209        0.00000        0.00000
wrapping first mol.:      -75.66209        0.00000        0.00000
wrapping first mol.:      -75.73047        0.00000        0.00000
wrapping first mol.:      -75.73047        0.00000        0.00000
wrapping first mol.:      -75.70994        0.00000        0.00000
wrapping first mol.:      -75.70994        0.00000        0.00000

 NSTEP =  8500000   TIME(PS) =   18700.000  TEMP(K) =   299.30  PRESS =     0.0
 Etot   =   -117167.7562  EKtot   =     20454.4570  EPtot      =   -137622.2133
 BOND   =       533.4747  ANGLE   =      1532.2208  DIHED      =      1023.4684
 UB     =         0.0000  IMP     =         0.0000  CMAP       =       141.0355
 1-4 NB =       638.3253  1-4 EEL =      5766.6617  VDWAALS    =     16410.6399
 EELEC  =   -163668.0394  EHBOND  =         0.0000  RESTRAINT  =         0.0000
 EKCMT  =         0.0000  VIRIAL  =         0.0000  VOLUME     =    334069.4871
                                                    Density    =         1.0303
 ------------------------------------------------------------------------------

wrapping first mol.:      -75.67066        0.00000        0.00000
wrapping first mol.:      -75.67066        0.00000        0.00000
wrapping first mol.:      -75.71326        0.00000        0.00000
wrapping first mol.:      -75.71326        0.00000        0.00000
wrapping first mol.:      -75.67238        0.00000        0.00000
wrapping first mol.:      -75.67238        0.00000        0.00000
wrapping first mol.:      -75.69184        0.00000        0.00000
wrapping first mol.:      -75.69184        0.00000        0.00000
wrapping first mol.:      -75.64714        0.00000        0.00000
wrapping first mol.:      -75.64714        0.00000        0.00000

 NSTEP =  8525000   TIME(PS) =   18750.000  TEMP(K) =   299.08  PRESS =     0.0
 Etot   =   -117130.2005  EKtot   =     20439.2949  EPtot      =   -137569.4955
 BOND   =       531.3040  ANGLE   =      1533.6534  DIHED      =      1012.5805
 UB     =         0.0000  IMP     =         0.0000  CMAP       =       143.7177
 1-4 NB =       647.5448  1-4 EEL =      5811.4941  VDWAALS    =     16366.9100
 EELEC  =   -163616.6998  EHBOND  =         0.0000  RESTRAINT  =         0.0000
 EKCMT  =         0.0000  VIRIAL  =         0.0000  VOLUME     =    333238.8794
                                                    Density    =         1.0329
 ------------------------------------------------------------------------------

wrapping first mol.:      -75.70116        0.00000        0.00000
wrapping first mol.:      -75.70116        0.00000        0.00000
wrapping first mol.:      -75.76836        0.00000        0.00000
wrapping first mol.:      -75.76836        0.00000        0.00000
wrapping first mol.:      -75.71540        0.00000        0.00000
wrapping first mol.:      -75.71540        0.00000        0.00000
wrapping first mol.:      -75.68133        0.00000        0.00000
wrapping first mol.:      -75.68133        0.00000        0.00000
wrapping first mol.:      -75.67065        0.00000        0.00000
wrapping first mol.:      -75.67065        0.00000        0.00000

 NSTEP =  8550000   TIME(PS) =   18800.000  TEMP(K) =   301.23  PRESS =     0.0
 Etot   =   -117252.2949  EKtot   =     20585.8945  EPtot      =   -137838.1895
 BOND   =       574.2841  ANGLE   =      1570.7193  DIHED      =       987.3779
 UB     =         0.0000  IMP     =         0.0000  CMAP       =       138.4297
 1-4 NB =       644.4528  1-4 EEL =      5766.9953  VDWAALS    =     16575.6697
 EELEC  =   -164096.1181  EHBOND  =         0.0000  RESTRAINT  =         0.0000
 EKCMT  =         0.0000  VIRIAL  =         0.0000  VOLUME     =    333549.6956
                                                    Density    =         1.0319
 ------------------------------------------------------------------------------

wrapping first mol.:      -75.65127        0.00000        0.00000
wrapping first mol.:      -75.65127        0.00000        0.00000
wrapping first mol.:      -75.71647        0.00000        0.00000
wrapping first mol.:      -75.71647        0.00000        0.00000
wrapping first mol.:      -75.64359        0.00000        0.00000
wrapping first mol.:      -75.64359        0.00000        0.00000
wrapping first mol.:      -75.71395        0.00000        0.00000
wrapping first mol.:      -75.71395        0.00000        0.00000
wrapping first mol.:      -75.67712        0.00000        0.00000
wrapping first mol.:      -75.67712        0.00000        0.00000

 NSTEP =  8575000   TIME(PS) =   18850.000  TEMP(K) =   298.79  PRESS =     0.0
 Etot   =   -117456.2468  EKtot   =     20419.3086  EPtot      =   -137875.5554
 BOND   =       552.1533  ANGLE   =      1530.9937  DIHED      =       988.9450
 UB     =         0.0000  IMP     =         0.0000  CMAP       =       135.5971
 1-4 NB =       635.1537  1-4 EEL =      5837.8468  VDWAALS    =     16534.8980
 EELEC  =   -164091.1432  EHBOND  =         0.0000  RESTRAINT  =         0.0000
 EKCMT  =         0.0000  VIRIAL  =         0.0000  VOLUME     =    333635.2910
                                                    Density    =         1.0317
 ------------------------------------------------------------------------------

wrapping first mol.:      -75.68923        0.00000        0.00000
wrapping first mol.:      -75.68923        0.00000        0.00000
wrapping first mol.:      -75.67180        0.00000        0.00000
wrapping first mol.:      -75.67180        0.00000        0.00000
wrapping first mol.:      -75.65647        0.00000        0.00000
wrapping first mol.:      -75.65647        0.00000        0.00000
wrapping first mol.:      -75.67568        0.00000        0.00000
wrapping first mol.:      -75.67568        0.00000        0.00000
wrapping first mol.:      -75.67922        0.00000        0.00000
wrapping first mol.:      -75.67922        0.00000        0.00000

 NSTEP =  8600000   TIME(PS) =   18900.000  TEMP(K) =   300.31  PRESS =     0.0
 Etot   =   -117193.3297  EKtot   =     20523.2422  EPtot      =   -137716.5718
 BOND   =       583.7898  ANGLE   =      1510.3645  DIHED      =      1017.8245
 UB     =         0.0000  IMP     =         0.0000  CMAP       =       140.8164
 1-4 NB =       654.0660  1-4 EEL =      5757.1189  VDWAALS    =     16330.6453
 EELEC  =   -163711.1974  EHBOND  =         0.0000  RESTRAINT  =         0.0000
 EKCMT  =         0.0000  VIRIAL  =         0.0000  VOLUME     =    333663.0139
                                                    Density    =         1.0316
 ------------------------------------------------------------------------------

wrapping first mol.:      -75.79380        0.00000        0.00000
wrapping first mol.:      -75.79380        0.00000        0.00000
wrapping first mol.:      -75.66379        0.00000        0.00000
wrapping first mol.:      -75.66379        0.00000        0.00000
wrapping first mol.:      -75.60878        0.00000        0.00000
wrapping first mol.:      -75.60878        0.00000        0.00000
wrapping first mol.:      -75.70852        0.00000        0.00000
wrapping first mol.:      -75.70852        0.00000        0.00000
wrapping first mol.:      -75.74309        0.00000        0.00000
wrapping first mol.:      -75.74309        0.00000        0.00000

 NSTEP =  8625000   TIME(PS) =   18950.000  TEMP(K) =   299.20  PRESS =     0.0
 Etot   =   -117479.3254  EKtot   =     20447.5801  EPtot      =   -137926.9055
 BOND   =       599.4627  ANGLE   =      1505.0283  DIHED      =      1003.0808
 UB     =         0.0000  IMP     =         0.0000  CMAP       =       142.4789
 1-4 NB =       635.5886  1-4 EEL =      5744.4402  VDWAALS    =     16194.5650
 EELEC  =   -163751.5500  EHBOND  =         0.0000  RESTRAINT  =         0.0000
 EKCMT  =         0.0000  VIRIAL  =         0.0000  VOLUME     =    334508.5596
                                                    Density    =         1.0290
 ------------------------------------------------------------------------------

wrapping first mol.:      -75.67908        0.00000        0.00000
wrapping first mol.:      -75.67908        0.00000        0.00000
wrapping first mol.:      -75.83387        0.00000        0.00000
wrapping first mol.:      -75.83387        0.00000        0.00000
wrapping first mol.:      -75.70740        0.00000        0.00000
wrapping first mol.:      -75.70740        0.00000        0.00000
wrapping first mol.:      -75.69532        0.00000        0.00000
wrapping first mol.:      -75.69532        0.00000        0.00000
wrapping first mol.:      -75.62526        0.00000        0.00000
wrapping first mol.:      -75.62526        0.00000        0.00000

 NSTEP =  8650000   TIME(PS) =   19000.000  TEMP(K) =   301.46  PRESS =     0.0
 Etot   =   -116940.5157  EKtot   =     20601.6289  EPtot      =   -137542.1446
 BOND   =       560.2797  ANGLE   =      1584.4314  DIHED      =       980.1155
 UB     =         0.0000  IMP     =         0.0000  CMAP       =       165.3113
 1-4 NB =       625.2940  1-4 EEL =      5773.3179  VDWAALS    =     16259.4996
 EELEC  =   -163490.3941  EHBOND  =         0.0000  RESTRAINT  =         0.0000
 EKCMT  =         0.0000  VIRIAL  =         0.0000  VOLUME     =    332949.8560
                                                    Density    =         1.0338
 ------------------------------------------------------------------------------

wrapping first mol.:      -75.73111        0.00000        0.00000
wrapping first mol.:      -75.73111        0.00000        0.00000
wrapping first mol.:      -75.74819        0.00000        0.00000
wrapping first mol.:      -75.74819        0.00000        0.00000
wrapping first mol.:      -75.66422        0.00000        0.00000
wrapping first mol.:      -75.66422        0.00000        0.00000
wrapping first mol.:      -75.66953        0.00000        0.00000
wrapping first mol.:      -75.66953        0.00000        0.00000
wrapping first mol.:      -75.66857        0.00000        0.00000
wrapping first mol.:      -75.66857        0.00000        0.00000

 NSTEP =  8675000   TIME(PS) =   19050.000  TEMP(K) =   301.69  PRESS =     0.0
 Etot   =   -116923.9239  EKtot   =     20617.6797  EPtot      =   -137541.6036
 BOND   =       574.5644  ANGLE   =      1522.9554  DIHED      =      1001.6230
 UB     =         0.0000  IMP     =         0.0000  CMAP       =       143.4232
 1-4 NB =       648.7643  1-4 EEL =      5772.7366  VDWAALS    =     16506.2335
 EELEC  =   -163711.9040  EHBOND  =         0.0000  RESTRAINT  =         0.0000
 EKCMT  =         0.0000  VIRIAL  =         0.0000  VOLUME     =    333522.1128
                                                    Density    =         1.0320
 ------------------------------------------------------------------------------

wrapping first mol.:      -75.64333        0.00000        0.00000
wrapping first mol.:      -75.64333        0.00000        0.00000
wrapping first mol.:      -75.73831        0.00000        0.00000
wrapping first mol.:      -75.73831        0.00000        0.00000
wrapping first mol.:      -75.71359        0.00000        0.00000
wrapping first mol.:      -75.71359        0.00000        0.00000
wrapping first mol.:      -75.68756        0.00000        0.00000
wrapping first mol.:      -75.68756        0.00000        0.00000
wrapping first mol.:      -75.76281        0.00000        0.00000
wrapping first mol.:      -75.76281        0.00000        0.00000

 NSTEP =  8700000   TIME(PS) =   19100.000  TEMP(K) =   299.80  PRESS =     0.0
 Etot   =   -117275.7077  EKtot   =     20488.4219  EPtot      =   -137764.1296
 BOND   =       603.0993  ANGLE   =      1481.5990  DIHED      =       967.1228
 UB     =         0.0000  IMP     =         0.0000  CMAP       =       137.7503
 1-4 NB =       639.5516  1-4 EEL =      5754.0744  VDWAALS    =     16144.1799
 EELEC  =   -163491.5068  EHBOND  =         0.0000  RESTRAINT  =         0.0000
 EKCMT  =         0.0000  VIRIAL  =         0.0000  VOLUME     =    334769.8088
                                                    Density    =         1.0282
 ------------------------------------------------------------------------------

wrapping first mol.:      -75.57798        0.00000        0.00000
wrapping first mol.:      -75.57798        0.00000        0.00000
wrapping first mol.:      -75.63412        0.00000        0.00000
wrapping first mol.:      -75.63412        0.00000        0.00000
wrapping first mol.:      -75.69593        0.00000        0.00000
wrapping first mol.:      -75.69593        0.00000        0.00000
wrapping first mol.:      -75.72128        0.00000        0.00000
wrapping first mol.:      -75.72128        0.00000        0.00000
wrapping first mol.:      -75.62013        0.00000        0.00000
wrapping first mol.:      -75.62013        0.00000        0.00000

 NSTEP =  8725000   TIME(PS) =   19150.000  TEMP(K) =   300.54  PRESS =     0.0
 Etot   =   -117407.8288  EKtot   =     20539.1836  EPtot      =   -137947.0124
 BOND   =       547.7674  ANGLE   =      1536.1352  DIHED      =       991.0578
 UB     =         0.0000  IMP     =         0.0000  CMAP       =       149.5363
 1-4 NB =       636.8512  1-4 EEL =      5761.3961  VDWAALS    =     16261.2614
 EELEC  =   -163831.0178  EHBOND  =         0.0000  RESTRAINT  =         0.0000
 EKCMT  =         0.0000  VIRIAL  =         0.0000  VOLUME     =    332882.0439
                                                    Density    =         1.0340
 ------------------------------------------------------------------------------

wrapping first mol.:      -75.64905        0.00000        0.00000
wrapping first mol.:      -75.64905        0.00000        0.00000
wrapping first mol.:      -75.67721        0.00000        0.00000
wrapping first mol.:      -75.67721        0.00000        0.00000
wrapping first mol.:      -75.60287        0.00000        0.00000
wrapping first mol.:      -75.60287        0.00000        0.00000
wrapping first mol.:      -75.64245        0.00000        0.00000
wrapping first mol.:      -75.64245        0.00000        0.00000
wrapping first mol.:      -75.61843        0.00000        0.00000
wrapping first mol.:      -75.61843        0.00000        0.00000

 NSTEP =  8750000   TIME(PS) =   19200.000  TEMP(K) =   299.92  PRESS =     0.0
 Etot   =   -116943.2845  EKtot   =     20496.6055  EPtot      =   -137439.8900
 BOND   =       558.6414  ANGLE   =      1538.4579  DIHED      =       973.0849
 UB     =         0.0000  IMP     =         0.0000  CMAP       =       136.7269
 1-4 NB =       650.1767  1-4 EEL =      5782.1012  VDWAALS    =     16448.7284
 EELEC  =   -163527.8074  EHBOND  =         0.0000  RESTRAINT  =         0.0000
 EKCMT  =         0.0000  VIRIAL  =         0.0000  VOLUME     =    332859.6781
                                                    Density    =         1.0341
 ------------------------------------------------------------------------------

wrapping first mol.:      -75.70815        0.00000        0.00000
wrapping first mol.:      -75.70815        0.00000        0.00000
wrapping first mol.:      -75.70290        0.00000        0.00000
wrapping first mol.:      -75.70290        0.00000        0.00000
wrapping first mol.:      -75.65308        0.00000        0.00000
wrapping first mol.:      -75.65308        0.00000        0.00000
wrapping first mol.:      -75.65639        0.00000        0.00000
wrapping first mol.:      -75.65639        0.00000        0.00000
wrapping first mol.:      -75.65051        0.00000        0.00000
wrapping first mol.:      -75.65051        0.00000        0.00000

 NSTEP =  8775000   TIME(PS) =   19250.000  TEMP(K) =   299.65  PRESS =     0.0
 Etot   =   -117151.2643  EKtot   =     20477.9512  EPtot      =   -137629.2155
 BOND   =       574.5142  ANGLE   =      1511.5813  DIHED      =       974.5433
 UB     =         0.0000  IMP     =         0.0000  CMAP       =       125.1656
 1-4 NB =       641.9153  1-4 EEL =      5771.4266  VDWAALS    =     16415.3375
 EELEC  =   -163643.6992  EHBOND  =         0.0000  RESTRAINT  =         0.0000
 EKCMT  =         0.0000  VIRIAL  =         0.0000  VOLUME     =    333283.4607
                                                    Density    =         1.0328
 ------------------------------------------------------------------------------

wrapping first mol.:      -75.63084        0.00000        0.00000
wrapping first mol.:      -75.63084        0.00000        0.00000
wrapping first mol.:      -75.72393        0.00000        0.00000
wrapping first mol.:      -75.72393        0.00000        0.00000
wrapping first mol.:      -75.75406        0.00000        0.00000
wrapping first mol.:      -75.75406        0.00000        0.00000
wrapping first mol.:      -75.67391        0.00000        0.00000
wrapping first mol.:      -75.67391        0.00000        0.00000
wrapping first mol.:      -75.66483        0.00000        0.00000
wrapping first mol.:      -75.66483        0.00000        0.00000

 NSTEP =  8800000   TIME(PS) =   19300.000  TEMP(K) =   299.96  PRESS =     0.0
 Etot   =   -117294.2599  EKtot   =     20499.2930  EPtot      =   -137793.5529
 BOND   =       571.9353  ANGLE   =      1473.4045  DIHED      =       988.2824
 UB     =         0.0000  IMP     =         0.0000  CMAP       =       143.3994
 1-4 NB =       641.0172  1-4 EEL =      5804.4629  VDWAALS    =     16315.4278
 EELEC  =   -163731.4825  EHBOND  =         0.0000  RESTRAINT  =         0.0000
 EKCMT  =         0.0000  VIRIAL  =         0.0000  VOLUME     =    333472.6824
                                                    Density    =         1.0322
 ------------------------------------------------------------------------------

wrapping first mol.:      -75.70782        0.00000        0.00000
wrapping first mol.:      -75.70782        0.00000        0.00000
wrapping first mol.:      -75.64010        0.00000        0.00000
wrapping first mol.:      -75.64010        0.00000        0.00000
wrapping first mol.:      -75.60087        0.00000        0.00000
wrapping first mol.:      -75.60087        0.00000        0.00000
wrapping first mol.:      -75.61838        0.00000        0.00000
wrapping first mol.:      -75.61838        0.00000        0.00000
wrapping first mol.:      -75.77610        0.00000        0.00000
wrapping first mol.:      -75.77610        0.00000        0.00000

 NSTEP =  8825000   TIME(PS) =   19350.000  TEMP(K) =   303.56  PRESS =     0.0
 Etot   =   -116725.8579  EKtot   =     20745.7500  EPtot      =   -137471.6079
 BOND   =       560.3099  ANGLE   =      1575.8288  DIHED      =      1016.8794
 UB     =         0.0000  IMP     =         0.0000  CMAP       =       135.5699
 1-4 NB =       650.8175  1-4 EEL =      5773.3604  VDWAALS    =     16488.9988
 EELEC  =   -163673.3726  EHBOND  =         0.0000  RESTRAINT  =         0.0000
 EKCMT  =         0.0000  VIRIAL  =         0.0000  VOLUME     =    334946.0561
                                                    Density    =         1.0276
 ------------------------------------------------------------------------------

wrapping first mol.:      -75.75789        0.00000        0.00000
wrapping first mol.:      -75.75789        0.00000        0.00000
wrapping first mol.:      -75.63856        0.00000        0.00000
wrapping first mol.:      -75.63856        0.00000        0.00000
wrapping first mol.:      -75.61775        0.00000        0.00000
wrapping first mol.:      -75.61775        0.00000        0.00000
wrapping first mol.:      -75.70363        0.00000        0.00000
wrapping first mol.:      -75.70363        0.00000        0.00000
wrapping first mol.:      -75.62309        0.00000        0.00000
wrapping first mol.:      -75.62309        0.00000        0.00000

 NSTEP =  8850000   TIME(PS) =   19400.000  TEMP(K) =   299.34  PRESS =     0.0
 Etot   =   -117154.6492  EKtot   =     20456.7578  EPtot      =   -137611.4070
 BOND   =       599.6044  ANGLE   =      1498.2075  DIHED      =      1029.4628
 UB     =         0.0000  IMP     =         0.0000  CMAP       =       126.1466
 1-4 NB =       635.8015  1-4 EEL =      5780.2705  VDWAALS    =     16628.0936
 EELEC  =   -163908.9939  EHBOND  =         0.0000  RESTRAINT  =         0.0000
 EKCMT  =         0.0000  VIRIAL  =         0.0000  VOLUME     =    332921.0963
                                                    Density    =         1.0339
 ------------------------------------------------------------------------------

wrapping first mol.:      -75.64058        0.00000        0.00000
wrapping first mol.:      -75.64058        0.00000        0.00000
wrapping first mol.:      -75.70998        0.00000        0.00000
wrapping first mol.:      -75.70998        0.00000        0.00000
wrapping first mol.:      -75.66763        0.00000        0.00000
wrapping first mol.:      -75.66763        0.00000        0.00000
wrapping first mol.:      -75.63342        0.00000        0.00000
wrapping first mol.:      -75.63342        0.00000        0.00000
wrapping first mol.:      -75.66318        0.00000        0.00000
wrapping first mol.:      -75.66318        0.00000        0.00000

 NSTEP =  8875000   TIME(PS) =   19450.000  TEMP(K) =   298.14  PRESS =     0.0
 Etot   =   -117263.6423  EKtot   =     20375.2031  EPtot      =   -137638.8454
 BOND   =       557.7484  ANGLE   =      1506.1817  DIHED      =       992.5907
 UB     =         0.0000  IMP     =         0.0000  CMAP       =       141.2329
 1-4 NB =       652.7057  1-4 EEL =      5777.5090  VDWAALS    =     16587.9025
 EELEC  =   -163854.7164  EHBOND  =         0.0000  RESTRAINT  =         0.0000
 EKCMT  =         0.0000  VIRIAL  =         0.0000  VOLUME     =    333450.9449
                                                    Density    =         1.0322
 ------------------------------------------------------------------------------

wrapping first mol.:      -75.67172        0.00000        0.00000
wrapping first mol.:      -75.67172        0.00000        0.00000
wrapping first mol.:      -75.67076        0.00000        0.00000
wrapping first mol.:      -75.67076        0.00000        0.00000
wrapping first mol.:      -75.60046        0.00000        0.00000
wrapping first mol.:      -75.60046        0.00000        0.00000
wrapping first mol.:      -75.67205        0.00000        0.00000
wrapping first mol.:      -75.67205        0.00000        0.00000
wrapping first mol.:      -75.69522        0.00000        0.00000
wrapping first mol.:      -75.69522        0.00000        0.00000

 NSTEP =  8900000   TIME(PS) =   19500.000  TEMP(K) =   301.33  PRESS =     0.0
 Etot   =   -117049.2395  EKtot   =     20593.0371  EPtot      =   -137642.2766
 BOND   =       559.1792  ANGLE   =      1512.9242  DIHED      =      1015.8531
 UB     =         0.0000  IMP     =         0.0000  CMAP       =       141.9822
 1-4 NB =       657.0756  1-4 EEL =      5803.6157  VDWAALS    =     16380.8872
 EELEC  =   -163713.7939  EHBOND  =         0.0000  RESTRAINT  =         0.0000
 EKCMT  =         0.0000  VIRIAL  =         0.0000  VOLUME     =    333874.6773
                                                    Density    =         1.0309
 ------------------------------------------------------------------------------

wrapping first mol.:      -75.74249        0.00000        0.00000
wrapping first mol.:      -75.74249        0.00000        0.00000
wrapping first mol.:      -75.72563        0.00000        0.00000
wrapping first mol.:      -75.72563        0.00000        0.00000
wrapping first mol.:      -75.68345        0.00000        0.00000
wrapping first mol.:      -75.68345        0.00000        0.00000
wrapping first mol.:      -75.67007        0.00000        0.00000
wrapping first mol.:      -75.67007        0.00000        0.00000
wrapping first mol.:      -50.36115      -71.22142        0.00000
wrapping first mol.:      -50.36115      -71.22142        0.00000

 NSTEP =  8925000   TIME(PS) =   19550.000  TEMP(K) =   300.81  PRESS =     0.0
 Etot   =   -117073.4459  EKtot   =     20557.6211  EPtot      =   -137631.0670
 BOND   =       569.8318  ANGLE   =      1492.9672  DIHED      =       983.8308
 UB     =         0.0000  IMP     =         0.0000  CMAP       =       118.3025
 1-4 NB =       672.0906  1-4 EEL =      5849.2875  VDWAALS    =     16403.0916
 EELEC  =   -163720.4689  EHBOND  =         0.0000  RESTRAINT  =         0.0000
 EKCMT  =         0.0000  VIRIAL  =         0.0000  VOLUME     =    331847.6414
                                                    Density    =         1.0372
 ------------------------------------------------------------------------------

wrapping first mol.:      -75.63287        0.00000        0.00000
wrapping first mol.:      -75.63287        0.00000        0.00000
wrapping first mol.:      -75.66342        0.00000        0.00000
wrapping first mol.:      -75.66342        0.00000        0.00000
wrapping first mol.:      -75.62923        0.00000        0.00000
wrapping first mol.:      -75.62923        0.00000        0.00000
wrapping first mol.:      -75.71137        0.00000        0.00000
wrapping first mol.:      -75.71137        0.00000        0.00000
wrapping first mol.:      -50.46595      -71.36963        0.00000
wrapping first mol.:      -50.46595      -71.36963        0.00000

 NSTEP =  8950000   TIME(PS) =   19600.000  TEMP(K) =   302.13  PRESS =     0.0
 Etot   =   -116964.2889  EKtot   =     20648.0605  EPtot      =   -137612.3494
 BOND   =       556.7444  ANGLE   =      1522.2094  DIHED      =       977.6393
 UB     =         0.0000  IMP     =         0.0000  CMAP       =       151.0140
 1-4 NB =       623.9446  1-4 EEL =      5780.1072  VDWAALS    =     16393.1789
 EELEC  =   -163617.1873  EHBOND  =         0.0000  RESTRAINT  =         0.0000
 EKCMT  =         0.0000  VIRIAL  =         0.0000  VOLUME     =    333923.7065
                                                    Density    =         1.0308
 ------------------------------------------------------------------------------

wrapping first mol.:      -50.46857      -71.37333        0.00000
wrapping first mol.:      -50.46857      -71.37333        0.00000
wrapping first mol.:      -50.47864      -71.38758        0.00000
wrapping first mol.:      -50.47864      -71.38758        0.00000
wrapping first mol.:      -50.47761      -71.38612        0.00000
wrapping first mol.:      -50.47761      -71.38612        0.00000
wrapping first mol.:      -75.70136        0.00000        0.00000
wrapping first mol.:      -75.70136        0.00000        0.00000
wrapping first mol.:      -75.67830        0.00000        0.00000
wrapping first mol.:      -75.67830        0.00000        0.00000

 NSTEP =  8975000   TIME(PS) =   19650.000  TEMP(K) =   298.69  PRESS =     0.0
 Etot   =   -117346.2454  EKtot   =     20412.4375  EPtot      =   -137758.6829
 BOND   =       607.3113  ANGLE   =      1542.7679  DIHED      =       952.0319
 UB     =         0.0000  IMP     =         0.0000  CMAP       =       149.6994
 1-4 NB =       627.3220  1-4 EEL =      5792.0384  VDWAALS    =     16385.4379
 EELEC  =   -163815.2917  EHBOND  =         0.0000  RESTRAINT  =         0.0000
 EKCMT  =         0.0000  VIRIAL  =         0.0000  VOLUME     =    333650.8378
                                                    Density    =         1.0316
 ------------------------------------------------------------------------------

wrapping first mol.:      -75.63059        0.00000        0.00000
wrapping first mol.:      -75.63059        0.00000        0.00000
wrapping first mol.:      -50.44364      -71.33808        0.00000
wrapping first mol.:      -50.44364      -71.33808        0.00000
wrapping first mol.:      -50.46816      -71.37275        0.00000
wrapping first mol.:      -50.46816      -71.37275        0.00000
wrapping first mol.:      -50.44996      -71.34702        0.00000
wrapping first mol.:      -50.44996      -71.34702        0.00000
wrapping first mol.:      -75.75002        0.00000        0.00000
wrapping first mol.:      -75.75002        0.00000        0.00000

 NSTEP =  9000000   TIME(PS) =   19700.000  TEMP(K) =   299.35  PRESS =     0.0
 Etot   =   -117068.9770  EKtot   =     20457.5156  EPtot      =   -137526.4926
 BOND   =       546.3931  ANGLE   =      1564.2200  DIHED      =       985.1760
 UB     =         0.0000  IMP     =         0.0000  CMAP       =       142.9238
 1-4 NB =       643.3887  1-4 EEL =      5773.6762  VDWAALS    =     16371.8846
 EELEC  =   -163554.1550  EHBOND  =         0.0000  RESTRAINT  =         0.0000
 EKCMT  =         0.0000  VIRIAL  =         0.0000  VOLUME     =    334600.2975
                                                    Density    =         1.0287
 ------------------------------------------------------------------------------

wrapping first mol.:      -75.67530        0.00000        0.00000
wrapping first mol.:      -75.67530        0.00000        0.00000
wrapping first mol.:      -75.69165        0.00000        0.00000
wrapping first mol.:      -75.69165        0.00000        0.00000
wrapping first mol.:      -50.43446      -71.32509        0.00000
wrapping first mol.:      -50.43446      -71.32509        0.00000
wrapping first mol.:      -75.68862        0.00000        0.00000
wrapping first mol.:      -75.68862        0.00000        0.00000
wrapping first mol.:      -75.68466        0.00000        0.00000
wrapping first mol.:      -75.68466        0.00000        0.00000

 NSTEP =  9025000   TIME(PS) =   19750.000  TEMP(K) =   299.87  PRESS =     0.0
 Etot   =   -117144.5714  EKtot   =     20493.1777  EPtot      =   -137637.7491
 BOND   =       520.7502  ANGLE   =      1557.6259  DIHED      =       957.7277
 UB     =         0.0000  IMP     =         0.0000  CMAP       =       135.3826
 1-4 NB =       641.0227  1-4 EEL =      5757.9609  VDWAALS    =     16506.1728
 EELEC  =   -163714.3918  EHBOND  =         0.0000  RESTRAINT  =         0.0000
 EKCMT  =         0.0000  VIRIAL  =         0.0000  VOLUME     =    333735.0251
                                                    Density    =         1.0314
 ------------------------------------------------------------------------------

wrapping first mol.:      -75.64619        0.00000        0.00000
wrapping first mol.:      -75.64619        0.00000        0.00000
wrapping first mol.:      -75.67772        0.00000        0.00000
wrapping first mol.:      -75.67772        0.00000        0.00000
wrapping first mol.:      -75.71681        0.00000        0.00000
wrapping first mol.:      -75.71681        0.00000        0.00000
wrapping first mol.:      -75.72965        0.00000        0.00000
wrapping first mol.:      -75.72965        0.00000        0.00000
wrapping first mol.:      -75.66395        0.00000        0.00000
wrapping first mol.:      -75.66395        0.00000        0.00000

 NSTEP =  9050000   TIME(PS) =   19800.000  TEMP(K) =   300.14  PRESS =     0.0
 Etot   =   -117085.6844  EKtot   =     20511.8730  EPtot      =   -137597.5574
 BOND   =       561.6390  ANGLE   =      1553.5603  DIHED      =      1009.0391
 UB     =         0.0000  IMP     =         0.0000  CMAP       =       124.4879
 1-4 NB =       650.8974  1-4 EEL =      5816.6757  VDWAALS    =     16550.4006
 EELEC  =   -163864.2575  EHBOND  =         0.0000  RESTRAINT  =         0.0000
 EKCMT  =         0.0000  VIRIAL  =         0.0000  VOLUME     =    333461.1393
                                                    Density    =         1.0322
 ------------------------------------------------------------------------------

wrapping first mol.:      -75.71743        0.00000        0.00000
wrapping first mol.:      -75.71743        0.00000        0.00000
wrapping first mol.:      -75.64628        0.00000        0.00000
wrapping first mol.:      -75.64628        0.00000        0.00000
wrapping first mol.:      -75.60598        0.00000        0.00000
wrapping first mol.:      -75.60598        0.00000        0.00000
wrapping first mol.:      -75.62623        0.00000        0.00000
wrapping first mol.:      -75.62623        0.00000        0.00000
wrapping first mol.:      -75.63326        0.00000        0.00000
wrapping first mol.:      -75.63326        0.00000        0.00000

 NSTEP =  9075000   TIME(PS) =   19850.000  TEMP(K) =   299.59  PRESS =     0.0
 Etot   =   -117488.6592  EKtot   =     20473.9766  EPtot      =   -137962.6357
 BOND   =       592.6390  ANGLE   =      1479.6010  DIHED      =      1008.0694
 UB     =         0.0000  IMP     =         0.0000  CMAP       =       141.9131
 1-4 NB =       625.4932  1-4 EEL =      5762.1688  VDWAALS    =     16611.7979
 EELEC  =   -164184.3180  EHBOND  =         0.0000  RESTRAINT  =         0.0000
 EKCMT  =         0.0000  VIRIAL  =         0.0000  VOLUME     =    333055.4888
                                                    Density    =         1.0335
 ------------------------------------------------------------------------------

wrapping first mol.:      -75.54871        0.00000        0.00000
wrapping first mol.:      -75.54871        0.00000        0.00000
wrapping first mol.:      -75.68983        0.00000        0.00000
wrapping first mol.:      -75.68983        0.00000        0.00000
wrapping first mol.:      -75.68879        0.00000        0.00000
wrapping first mol.:      -75.68879        0.00000        0.00000
wrapping first mol.:      -75.80381        0.00000        0.00000
wrapping first mol.:      -75.80381        0.00000        0.00000
wrapping first mol.:      -75.73163        0.00000        0.00000
wrapping first mol.:      -75.73163        0.00000        0.00000

 NSTEP =  9100000   TIME(PS) =   19900.000  TEMP(K) =   299.93  PRESS =     0.0
 Etot   =   -117299.2694  EKtot   =     20497.5527  EPtot      =   -137796.8221
 BOND   =       534.0846  ANGLE   =      1501.6548  DIHED      =       966.7021
 UB     =         0.0000  IMP     =         0.0000  CMAP       =       144.1209
 1-4 NB =       647.7678  1-4 EEL =      5795.8924  VDWAALS    =     16393.5373
 EELEC  =   -163780.5821  EHBOND  =         0.0000  RESTRAINT  =         0.0000
 EKCMT  =         0.0000  VIRIAL  =         0.0000  VOLUME     =    334356.7697
                                                    Density    =         1.0294
 ------------------------------------------------------------------------------

wrapping first mol.:      -50.48867      -71.40177        0.00000
wrapping first mol.:      -50.48867      -71.40177        0.00000
wrapping first mol.:      -75.67091        0.00000        0.00000
wrapping first mol.:      -75.67091        0.00000        0.00000
wrapping first mol.:      -50.43510      -71.32600        0.00000
wrapping first mol.:      -50.43510      -71.32600        0.00000
wrapping first mol.:      -75.68978        0.00000        0.00000
wrapping first mol.:      -75.68978        0.00000        0.00000
wrapping first mol.:      -75.65683        0.00000        0.00000
wrapping first mol.:      -75.65683        0.00000        0.00000

 NSTEP =  9125000   TIME(PS) =   19950.000  TEMP(K) =   302.57  PRESS =     0.0
 Etot   =   -117095.5184  EKtot   =     20677.5293  EPtot      =   -137773.0477
 BOND   =       606.2960  ANGLE   =      1538.4700  DIHED      =       967.0211
 UB     =         0.0000  IMP     =         0.0000  CMAP       =       138.4234
 1-4 NB =       630.8896  1-4 EEL =      5757.5562  VDWAALS    =     16621.0601
 EELEC  =   -164032.7640  EHBOND  =         0.0000  RESTRAINT  =         0.0000
 EKCMT  =         0.0000  VIRIAL  =         0.0000  VOLUME     =    333367.0086
                                                    Density    =         1.0325
 ------------------------------------------------------------------------------

wrapping first mol.:      -75.74501        0.00000        0.00000
wrapping first mol.:      -75.74501        0.00000        0.00000
wrapping first mol.:      -75.75269        0.00000        0.00000
wrapping first mol.:      -75.75269        0.00000        0.00000
wrapping first mol.:      -75.65081        0.00000        0.00000
wrapping first mol.:      -75.65081        0.00000        0.00000
wrapping first mol.:      -75.59482        0.00000        0.00000
wrapping first mol.:      -75.59482        0.00000        0.00000
wrapping first mol.:      -75.74512        0.00000        0.00000
wrapping first mol.:      -75.74512        0.00000        0.00000

 NSTEP =  9150000   TIME(PS) =   20000.000  TEMP(K) =   299.38  PRESS =     0.0
 Etot   =   -117395.8547  EKtot   =     20459.9609  EPtot      =   -137855.8157
 BOND   =       544.4392  ANGLE   =      1528.2353  DIHED      =       967.1579
 UB     =         0.0000  IMP     =         0.0000  CMAP       =       143.7891
 1-4 NB =       632.5690  1-4 EEL =      5780.2585  VDWAALS    =     16564.1340
 EELEC  =   -164016.3986  EHBOND  =         0.0000  RESTRAINT  =         0.0000
 EKCMT  =         0.0000  VIRIAL  =         0.0000  VOLUME     =    334535.4446
                                                    Density    =         1.0289
 ------------------------------------------------------------------------------

wrapping first mol.:      -75.71718        0.00000        0.00000
wrapping first mol.:      -75.71718        0.00000        0.00000
wrapping first mol.:      -75.61460        0.00000        0.00000
wrapping first mol.:      -75.61460        0.00000        0.00000
wrapping first mol.:      -75.64053        0.00000        0.00000
wrapping first mol.:      -75.64053        0.00000        0.00000
wrapping first mol.:      -75.47985        0.00000        0.00000
wrapping first mol.:      -75.47985        0.00000        0.00000
wrapping first mol.:      -75.67927        0.00000        0.00000
wrapping first mol.:      -75.67927        0.00000        0.00000

 NSTEP =  9175000   TIME(PS) =   20050.000  TEMP(K) =   296.29  PRESS =     0.0
 Etot   =   -117388.5906  EKtot   =     20248.5957  EPtot      =   -137637.1863
 BOND   =       542.8872  ANGLE   =      1516.0267  DIHED      =       980.3536
 UB     =         0.0000  IMP     =         0.0000  CMAP       =       140.9317
 1-4 NB =       642.8388  1-4 EEL =      5826.0859  VDWAALS    =     16462.7534
 EELEC  =   -163749.0635  EHBOND  =         0.0000  RESTRAINT  =         0.0000
 EKCMT  =         0.0000  VIRIAL  =         0.0000  VOLUME     =    333663.6559
                                                    Density    =         1.0316
 ------------------------------------------------------------------------------

wrapping first mol.:      -75.63294        0.00000        0.00000
wrapping first mol.:      -75.63294        0.00000        0.00000
wrapping first mol.:      -75.63471        0.00000        0.00000
wrapping first mol.:      -75.63471        0.00000        0.00000
wrapping first mol.:      -75.64513        0.00000        0.00000
wrapping first mol.:      -75.64513        0.00000        0.00000
wrapping first mol.:      -75.68634        0.00000        0.00000
wrapping first mol.:      -75.68634        0.00000        0.00000
wrapping first mol.:      -75.69193        0.00000        0.00000
wrapping first mol.:      -75.69193        0.00000        0.00000

 NSTEP =  9200000   TIME(PS) =   20100.000  TEMP(K) =   300.08  PRESS =     0.0
 Etot   =   -117175.5615  EKtot   =     20507.6309  EPtot      =   -137683.1924
 BOND   =       557.7671  ANGLE   =      1510.2826  DIHED      =      1008.6015
 UB     =         0.0000  IMP     =         0.0000  CMAP       =       137.9883
 1-4 NB =       650.7137  1-4 EEL =      5768.1400  VDWAALS    =     16300.5331
 EELEC  =   -163617.2186  EHBOND  =         0.0000  RESTRAINT  =         0.0000
 EKCMT  =         0.0000  VIRIAL  =         0.0000  VOLUME     =    333831.1324
                                                    Density    =         1.0311
 ------------------------------------------------------------------------------

wrapping first mol.:      -75.58598        0.00000        0.00000
wrapping first mol.:      -75.58598        0.00000        0.00000
wrapping first mol.:      -75.70325        0.00000        0.00000
wrapping first mol.:      -75.70325        0.00000        0.00000
wrapping first mol.:      -75.57194        0.00000        0.00000
wrapping first mol.:      -75.57194        0.00000        0.00000
wrapping first mol.:      -75.76655        0.00000        0.00000
wrapping first mol.:      -75.76655        0.00000        0.00000
wrapping first mol.:      -75.70781        0.00000        0.00000
wrapping first mol.:      -75.70781        0.00000        0.00000

 NSTEP =  9225000   TIME(PS) =   20150.000  TEMP(K) =   299.43  PRESS =     0.0
 Etot   =   -117393.8599  EKtot   =     20463.2773  EPtot      =   -137857.1372
 BOND   =       552.6342  ANGLE   =      1527.3502  DIHED      =      1002.1902
 UB     =         0.0000  IMP     =         0.0000  CMAP       =       143.5813
 1-4 NB =       637.6677  1-4 EEL =      5792.4787  VDWAALS    =     16707.1777
 EELEC  =   -164220.2172  EHBOND  =         0.0000  RESTRAINT  =         0.0000
 EKCMT  =         0.0000  VIRIAL  =         0.0000  VOLUME     =    334041.3551
                                                    Density    =         1.0304
 ------------------------------------------------------------------------------

wrapping first mol.:      -75.72018        0.00000        0.00000
wrapping first mol.:      -75.72018        0.00000        0.00000
wrapping first mol.:      -75.79277        0.00000        0.00000
wrapping first mol.:      -75.79277        0.00000        0.00000
wrapping first mol.:      -75.68059        0.00000        0.00000
wrapping first mol.:      -75.68059        0.00000        0.00000
wrapping first mol.:      -75.69193        0.00000        0.00000
wrapping first mol.:      -75.69193        0.00000        0.00000
wrapping first mol.:      -75.72026        0.00000        0.00000
wrapping first mol.:      -75.72026        0.00000        0.00000

 NSTEP =  9250000   TIME(PS) =   20200.000  TEMP(K) =   300.05  PRESS =     0.0
 Etot   =   -117141.7095  EKtot   =     20505.5723  EPtot      =   -137647.2818
 BOND   =       559.5213  ANGLE   =      1561.9286  DIHED      =       984.1980
 UB     =         0.0000  IMP     =         0.0000  CMAP       =       151.2365
 1-4 NB =       630.0646  1-4 EEL =      5794.9517  VDWAALS    =     16605.1835
 EELEC  =   -163934.3660  EHBOND  =         0.0000  RESTRAINT  =         0.0000
 EKCMT  =         0.0000  VIRIAL  =         0.0000  VOLUME     =    334206.0778
                                                    Density    =         1.0299
 ------------------------------------------------------------------------------

wrapping first mol.:      -75.66245        0.00000        0.00000
wrapping first mol.:      -75.66245        0.00000        0.00000
wrapping first mol.:      -75.73766        0.00000        0.00000
wrapping first mol.:      -75.73766        0.00000        0.00000
wrapping first mol.:      -75.61683        0.00000        0.00000
wrapping first mol.:      -75.61683        0.00000        0.00000
wrapping first mol.:      -75.59088        0.00000        0.00000
wrapping first mol.:      -75.59088        0.00000        0.00000
wrapping first mol.:      -75.72908        0.00000        0.00000
wrapping first mol.:      -75.72908        0.00000        0.00000

 NSTEP =  9275000   TIME(PS) =   20250.000  TEMP(K) =   300.15  PRESS =     0.0
 Etot   =   -117000.5837  EKtot   =     20512.7070  EPtot      =   -137513.2908
 BOND   =       583.4952  ANGLE   =      1540.3556  DIHED      =       978.0022
 UB     =         0.0000  IMP     =         0.0000  CMAP       =       146.9010
 1-4 NB =       623.6960  1-4 EEL =      5743.7918  VDWAALS    =     16234.8689
 EELEC  =   -163364.4013  EHBOND  =         0.0000  RESTRAINT  =         0.0000
 EKCMT  =         0.0000  VIRIAL  =         0.0000  VOLUME     =    334322.9960
                                                    Density    =         1.0295
 ------------------------------------------------------------------------------

wrapping first mol.:      -75.71736        0.00000        0.00000
wrapping first mol.:      -75.71736        0.00000        0.00000
wrapping first mol.:      -75.66290        0.00000        0.00000
wrapping first mol.:      -75.66290        0.00000        0.00000
wrapping first mol.:      -75.74255        0.00000        0.00000
wrapping first mol.:      -75.74255        0.00000        0.00000
wrapping first mol.:      -75.65391        0.00000        0.00000
wrapping first mol.:      -75.65391        0.00000        0.00000
wrapping first mol.:      -75.72094        0.00000        0.00000
wrapping first mol.:      -75.72094        0.00000        0.00000

 NSTEP =  9300000   TIME(PS) =   20300.000  TEMP(K) =   301.72  PRESS =     0.0
 Etot   =   -117144.5002  EKtot   =     20619.9668  EPtot      =   -137764.4670
 BOND   =       530.4301  ANGLE   =      1525.2215  DIHED      =       980.6722
 UB     =         0.0000  IMP     =         0.0000  CMAP       =       139.8580
 1-4 NB =       633.9752  1-4 EEL =      5837.4524  VDWAALS    =     16612.3719
 EELEC  =   -164024.4483  EHBOND  =         0.0000  RESTRAINT  =         0.0000
 EKCMT  =         0.0000  VIRIAL  =         0.0000  VOLUME     =    334215.1297
                                                    Density    =         1.0299
 ------------------------------------------------------------------------------

wrapping first mol.:      -75.72074        0.00000        0.00000
wrapping first mol.:      -75.72074        0.00000        0.00000
wrapping first mol.:      -75.73779        0.00000        0.00000
wrapping first mol.:      -75.73779        0.00000        0.00000
wrapping first mol.:      -75.67207        0.00000        0.00000
wrapping first mol.:      -75.67207        0.00000        0.00000
wrapping first mol.:      -75.73395        0.00000        0.00000
wrapping first mol.:      -75.73395        0.00000        0.00000
wrapping first mol.:      -75.60991        0.00000        0.00000
wrapping first mol.:      -75.60991        0.00000        0.00000

 NSTEP =  9325000   TIME(PS) =   20350.000  TEMP(K) =   302.85  PRESS =     0.0
 Etot   =   -116651.7035  EKtot   =     20696.6152  EPtot      =   -137348.3187
 BOND   =       565.3348  ANGLE   =      1529.6961  DIHED      =      1009.0672
 UB     =         0.0000  IMP     =         0.0000  CMAP       =       147.6941
 1-4 NB =       645.5730  1-4 EEL =      5818.2155  VDWAALS    =     16400.4969
 EELEC  =   -163464.3963  EHBOND  =         0.0000  RESTRAINT  =         0.0000
 EKCMT  =         0.0000  VIRIAL  =         0.0000  VOLUME     =    332747.1409
                                                    Density    =         1.0344
 ------------------------------------------------------------------------------

wrapping first mol.:      -75.64943        0.00000        0.00000
wrapping first mol.:      -75.64943        0.00000        0.00000
wrapping first mol.:      -75.66274        0.00000        0.00000
wrapping first mol.:      -75.66274        0.00000        0.00000
wrapping first mol.:      -75.69832        0.00000        0.00000
wrapping first mol.:      -75.69832        0.00000        0.00000
wrapping first mol.:      -75.66590        0.00000        0.00000
wrapping first mol.:      -75.66590        0.00000        0.00000
wrapping first mol.:      -75.70281        0.00000        0.00000
wrapping first mol.:      -75.70281        0.00000        0.00000

 NSTEP =  9350000   TIME(PS) =   20400.000  TEMP(K) =   300.90  PRESS =     0.0
 Etot   =   -117384.8292  EKtot   =     20563.5137  EPtot      =   -137948.3428
 BOND   =       568.3730  ANGLE   =      1477.3194  DIHED      =       989.7955
 UB     =         0.0000  IMP     =         0.0000  CMAP       =       124.8768
 1-4 NB =       629.3685  1-4 EEL =      5787.5321  VDWAALS    =     16659.2479
 EELEC  =   -164184.8560  EHBOND  =         0.0000  RESTRAINT  =         0.0000
 EKCMT  =         0.0000  VIRIAL  =         0.0000  VOLUME     =    333975.1566
                                                    Density    =         1.0306
 ------------------------------------------------------------------------------

wrapping first mol.:      -75.66551        0.00000        0.00000
wrapping first mol.:      -75.66551        0.00000        0.00000
wrapping first mol.:      -75.77795        0.00000        0.00000
wrapping first mol.:      -75.77795        0.00000        0.00000
wrapping first mol.:      -75.58612        0.00000        0.00000
wrapping first mol.:      -75.58612        0.00000        0.00000
wrapping first mol.:      -75.65802        0.00000        0.00000
wrapping first mol.:      -75.65802        0.00000        0.00000
wrapping first mol.:      -75.65006        0.00000        0.00000
wrapping first mol.:      -75.65006        0.00000        0.00000

 NSTEP =  9375000   TIME(PS) =   20450.000  TEMP(K) =   299.49  PRESS =     0.0
 Etot   =   -117331.2549  EKtot   =     20467.0586  EPtot      =   -137798.3135
 BOND   =       552.2453  ANGLE   =      1542.7978  DIHED      =      1007.7564
 UB     =         0.0000  IMP     =         0.0000  CMAP       =       141.5254
 1-4 NB =       627.8973  1-4 EEL =      5821.2794  VDWAALS    =     16634.6341
 EELEC  =   -164126.4492  EHBOND  =         0.0000  RESTRAINT  =         0.0000
 EKCMT  =         0.0000  VIRIAL  =         0.0000  VOLUME     =    333277.4662
                                                    Density    =         1.0328
 ------------------------------------------------------------------------------

wrapping first mol.:      -75.69461        0.00000        0.00000
wrapping first mol.:      -75.69461        0.00000        0.00000
wrapping first mol.:      -75.75708        0.00000        0.00000
wrapping first mol.:      -75.75708        0.00000        0.00000
wrapping first mol.:      -75.79397        0.00000        0.00000
wrapping first mol.:      -75.79397        0.00000        0.00000
wrapping first mol.:      -75.59874        0.00000        0.00000
wrapping first mol.:      -75.59874        0.00000        0.00000
wrapping first mol.:      -75.59904        0.00000        0.00000
wrapping first mol.:      -75.59904        0.00000        0.00000

 NSTEP =  9400000   TIME(PS) =   20500.000  TEMP(K) =   301.59  PRESS =     0.0
 Etot   =   -117009.9430  EKtot   =     20610.5371  EPtot      =   -137620.4801
 BOND   =       565.9983  ANGLE   =      1566.0304  DIHED      =       984.3914
 UB     =         0.0000  IMP     =         0.0000  CMAP       =       125.9000
 1-4 NB =       646.5901  1-4 EEL =      5774.4331  VDWAALS    =     16395.3340
 EELEC  =   -163679.1574  EHBOND  =         0.0000  RESTRAINT  =         0.0000
 EKCMT  =         0.0000  VIRIAL  =         0.0000  VOLUME     =    332603.6739
                                                    Density    =         1.0349
 ------------------------------------------------------------------------------

wrapping first mol.:      -75.76065        0.00000        0.00000
wrapping first mol.:      -75.76065        0.00000        0.00000
wrapping first mol.:      -75.71774        0.00000        0.00000
wrapping first mol.:      -75.71774        0.00000        0.00000
wrapping first mol.:      -75.65813        0.00000        0.00000
wrapping first mol.:      -75.65813        0.00000        0.00000
wrapping first mol.:      -75.68027        0.00000        0.00000
wrapping first mol.:      -75.68027        0.00000        0.00000
wrapping first mol.:      -75.58719        0.00000        0.00000
wrapping first mol.:      -75.58719        0.00000        0.00000

 NSTEP =  9425000   TIME(PS) =   20550.000  TEMP(K) =   299.19  PRESS =     0.0
 Etot   =   -117513.3340  EKtot   =     20446.6504  EPtot      =   -137959.9844
 BOND   =       552.8366  ANGLE   =      1485.2258  DIHED      =      1014.8730
 UB     =         0.0000  IMP     =         0.0000  CMAP       =       131.8354
 1-4 NB =       640.9709  1-4 EEL =      5795.4963  VDWAALS    =     16672.2807
 EELEC  =   -164253.5031  EHBOND  =         0.0000  RESTRAINT  =         0.0000
 EKCMT  =         0.0000  VIRIAL  =         0.0000  VOLUME     =    332447.1899
                                                    Density    =         1.0354
 ------------------------------------------------------------------------------

wrapping first mol.:      -75.77101        0.00000        0.00000
wrapping first mol.:      -75.77101        0.00000        0.00000
wrapping first mol.:      -75.58908        0.00000        0.00000
wrapping first mol.:      -75.58908        0.00000        0.00000
wrapping first mol.:      -75.70023        0.00000        0.00000
wrapping first mol.:      -75.70023        0.00000        0.00000
wrapping first mol.:      -75.61493        0.00000        0.00000
wrapping first mol.:      -75.61493        0.00000        0.00000
wrapping first mol.:      -75.66627        0.00000        0.00000
wrapping first mol.:      -75.66627        0.00000        0.00000

 NSTEP =  9450000   TIME(PS) =   20600.000  TEMP(K) =   299.62  PRESS =     0.0
 Etot   =   -117267.8547  EKtot   =     20475.9766  EPtot      =   -137743.8313
 BOND   =       553.9656  ANGLE   =      1535.5455  DIHED      =       986.8667
 UB     =         0.0000  IMP     =         0.0000  CMAP       =       143.0275
 1-4 NB =       642.2805  1-4 EEL =      5784.7411  VDWAALS    =     16634.8387
 EELEC  =   -164025.0970  EHBOND  =         0.0000  RESTRAINT  =         0.0000
 EKCMT  =         0.0000  VIRIAL  =         0.0000  VOLUME     =    333491.8269
                                                    Density    =         1.0321
 ------------------------------------------------------------------------------

wrapping first mol.:      -75.79067        0.00000        0.00000
wrapping first mol.:      -75.79067        0.00000        0.00000
wrapping first mol.:      -75.61862        0.00000        0.00000
wrapping first mol.:      -75.61862        0.00000        0.00000
wrapping first mol.:      -75.74942        0.00000        0.00000
wrapping first mol.:      -75.74942        0.00000        0.00000
wrapping first mol.:      -75.78263        0.00000        0.00000
wrapping first mol.:      -75.78263        0.00000        0.00000
wrapping first mol.:      -75.64344        0.00000        0.00000
wrapping first mol.:      -75.64344        0.00000        0.00000

 NSTEP =  9475000   TIME(PS) =   20650.000  TEMP(K) =   302.30  PRESS =     0.0
 Etot   =   -116868.1491  EKtot   =     20659.6113  EPtot      =   -137527.7605
 BOND   =       586.5961  ANGLE   =      1507.6686  DIHED      =      1006.8223
 UB     =         0.0000  IMP     =         0.0000  CMAP       =       141.2355
 1-4 NB =       640.2922  1-4 EEL =      5801.8267  VDWAALS    =     16124.5679
 EELEC  =   -163336.7697  EHBOND  =         0.0000  RESTRAINT  =         0.0000
 EKCMT  =         0.0000  VIRIAL  =         0.0000  VOLUME     =    333189.9698
                                                    Density    =         1.0330
 ------------------------------------------------------------------------------

wrapping first mol.:      -75.64592        0.00000        0.00000
wrapping first mol.:      -75.64592        0.00000        0.00000
wrapping first mol.:      -75.60912        0.00000        0.00000
wrapping first mol.:      -75.60912        0.00000        0.00000
wrapping first mol.:      -75.79683        0.00000        0.00000
wrapping first mol.:      -75.79683        0.00000        0.00000
wrapping first mol.:      -75.71756        0.00000        0.00000
wrapping first mol.:      -75.71756        0.00000        0.00000
wrapping first mol.:      -75.68227        0.00000        0.00000
wrapping first mol.:      -75.68227        0.00000        0.00000

 NSTEP =  9500000   TIME(PS) =   20700.000  TEMP(K) =   299.05  PRESS =     0.0
 Etot   =   -117230.8688  EKtot   =     20437.2598  EPtot      =   -137668.1286
 BOND   =       585.6907  ANGLE   =      1564.3004  DIHED      =       991.4850
 UB     =         0.0000  IMP     =         0.0000  CMAP       =       140.6116
 1-4 NB =       637.4165  1-4 EEL =      5752.1827  VDWAALS    =     16463.0613
 EELEC  =   -163802.8767  EHBOND  =         0.0000  RESTRAINT  =         0.0000
 EKCMT  =         0.0000  VIRIAL  =         0.0000  VOLUME     =    333703.3188
                                                    Density    =         1.0315
 ------------------------------------------------------------------------------

wrapping first mol.:      -75.68856        0.00000        0.00000
wrapping first mol.:      -75.68856        0.00000        0.00000
wrapping first mol.:      -75.63069        0.00000        0.00000
wrapping first mol.:      -75.63069        0.00000        0.00000
wrapping first mol.:      -75.70471        0.00000        0.00000
wrapping first mol.:      -75.70471        0.00000        0.00000
wrapping first mol.:      -75.60018        0.00000        0.00000
wrapping first mol.:      -75.60018        0.00000        0.00000
wrapping first mol.:      -75.71484        0.00000        0.00000
wrapping first mol.:      -75.71484        0.00000        0.00000

 NSTEP =  9525000   TIME(PS) =   20750.000  TEMP(K) =   299.69  PRESS =     0.0
 Etot   =   -117387.6313  EKtot   =     20481.2520  EPtot      =   -137868.8832
 BOND   =       591.1047  ANGLE   =      1511.6815  DIHED      =       980.5485
 UB     =         0.0000  IMP     =         0.0000  CMAP       =       138.1464
 1-4 NB =       638.6421  1-4 EEL =      5795.5020  VDWAALS    =     16614.7459
 EELEC  =   -164139.2544  EHBOND  =         0.0000  RESTRAINT  =         0.0000
 EKCMT  =         0.0000  VIRIAL  =         0.0000  VOLUME     =    334134.4195
                                                    Density    =         1.0301
 ------------------------------------------------------------------------------

wrapping first mol.:      -75.69759        0.00000        0.00000
wrapping first mol.:      -75.69759        0.00000        0.00000
wrapping first mol.:      -75.64533        0.00000        0.00000
wrapping first mol.:      -75.64533        0.00000        0.00000
wrapping first mol.:      -75.70768        0.00000        0.00000
wrapping first mol.:      -75.70768        0.00000        0.00000
wrapping first mol.:      -75.61825        0.00000        0.00000
wrapping first mol.:      -75.61825        0.00000        0.00000
wrapping first mol.:      -75.68243        0.00000        0.00000
wrapping first mol.:      -75.68243        0.00000        0.00000

 NSTEP =  9550000   TIME(PS) =   20800.000  TEMP(K) =   299.03  PRESS =     0.0
 Etot   =   -117518.5427  EKtot   =     20435.7188  EPtot      =   -137954.2615
 BOND   =       541.9982  ANGLE   =      1522.4737  DIHED      =      1003.0703
 UB     =         0.0000  IMP     =         0.0000  CMAP       =       136.8192
 1-4 NB =       640.3017  1-4 EEL =      5784.3063  VDWAALS    =     16698.9651
 EELEC  =   -164282.1959  EHBOND  =         0.0000  RESTRAINT  =         0.0000
 EKCMT  =         0.0000  VIRIAL  =         0.0000  VOLUME     =    333705.5003
                                                    Density    =         1.0315
 ------------------------------------------------------------------------------

wrapping first mol.:      -75.61759        0.00000        0.00000
wrapping first mol.:      -75.61759        0.00000        0.00000
wrapping first mol.:      -75.70480        0.00000        0.00000
wrapping first mol.:      -75.70480        0.00000        0.00000
wrapping first mol.:      -75.74018        0.00000        0.00000
wrapping first mol.:      -75.74018        0.00000        0.00000
wrapping first mol.:      -75.73752        0.00000        0.00000
wrapping first mol.:      -75.73752        0.00000        0.00000
wrapping first mol.:      -75.67359        0.00000        0.00000
wrapping first mol.:      -75.67359        0.00000        0.00000

 NSTEP =  9575000   TIME(PS) =   20850.000  TEMP(K) =   302.55  PRESS =     0.0
 Etot   =   -117088.4054  EKtot   =     20676.5469  EPtot      =   -137764.9523
 BOND   =       541.4818  ANGLE   =      1562.5390  DIHED      =       997.1477
 UB     =         0.0000  IMP     =         0.0000  CMAP       =       126.9975
 1-4 NB =       640.0239  1-4 EEL =      5765.1731  VDWAALS    =     16385.5902
 EELEC  =   -163783.9055  EHBOND  =         0.0000  RESTRAINT  =         0.0000
 EKCMT  =         0.0000  VIRIAL  =         0.0000  VOLUME     =    333588.5475
                                                    Density    =         1.0318
 ------------------------------------------------------------------------------

wrapping first mol.:      -75.63440        0.00000        0.00000
wrapping first mol.:      -75.63440        0.00000        0.00000
wrapping first mol.:      -75.67579        0.00000        0.00000
wrapping first mol.:      -75.67579        0.00000        0.00000
wrapping first mol.:      -75.60417        0.00000        0.00000
wrapping first mol.:      -75.60417        0.00000        0.00000
wrapping first mol.:      -75.73533        0.00000        0.00000
wrapping first mol.:      -75.73533        0.00000        0.00000
wrapping first mol.:      -75.60354        0.00000        0.00000
wrapping first mol.:      -75.60354        0.00000        0.00000

 NSTEP =  9600000   TIME(PS) =   20900.000  TEMP(K) =   296.84  PRESS =     0.0
 Etot   =   -117607.9624  EKtot   =     20285.9297  EPtot      =   -137893.8921
 BOND   =       578.1885  ANGLE   =      1526.7119  DIHED      =       983.4469
 UB     =         0.0000  IMP     =         0.0000  CMAP       =       142.9156
 1-4 NB =       621.7238  1-4 EEL =      5802.1851  VDWAALS    =     16493.8050
 EELEC  =   -164042.8689  EHBOND  =         0.0000  RESTRAINT  =         0.0000
 EKCMT  =         0.0000  VIRIAL  =         0.0000  VOLUME     =    332663.0866
                                                    Density    =         1.0347
 ------------------------------------------------------------------------------

wrapping first mol.:      -75.65678        0.00000        0.00000
wrapping first mol.:      -75.65678        0.00000        0.00000
wrapping first mol.:      -75.61064        0.00000        0.00000
wrapping first mol.:      -75.61064        0.00000        0.00000
wrapping first mol.:      -75.57219        0.00000        0.00000
wrapping first mol.:      -75.57219        0.00000        0.00000
wrapping first mol.:      -75.70340        0.00000        0.00000
wrapping first mol.:      -75.70340        0.00000        0.00000
wrapping first mol.:      -75.70903        0.00000        0.00000
wrapping first mol.:      -75.70903        0.00000        0.00000

 NSTEP =  9625000   TIME(PS) =   20950.000  TEMP(K) =   298.97  PRESS =     0.0
 Etot   =   -117030.2728  EKtot   =     20431.5977  EPtot      =   -137461.8704
 BOND   =       586.0796  ANGLE   =      1475.0647  DIHED      =      1013.8924
 UB     =         0.0000  IMP     =         0.0000  CMAP       =       137.9159
 1-4 NB =       646.0413  1-4 EEL =      5845.9935  VDWAALS    =     16670.6393
 EELEC  =   -163837.4973  EHBOND  =         0.0000  RESTRAINT  =         0.0000
 EKCMT  =         0.0000  VIRIAL  =         0.0000  VOLUME     =    334057.4673
                                                    Density    =         1.0304
 ------------------------------------------------------------------------------

wrapping first mol.:      -75.66060        0.00000        0.00000
wrapping first mol.:      -75.66060        0.00000        0.00000
wrapping first mol.:      -75.52072        0.00000        0.00000
wrapping first mol.:      -75.52072        0.00000        0.00000
wrapping first mol.:      -75.58728        0.00000        0.00000
wrapping first mol.:      -75.58728        0.00000        0.00000
wrapping first mol.:      -75.84930        0.00000        0.00000
wrapping first mol.:      -75.84930        0.00000        0.00000
wrapping first mol.:      -75.66215        0.00000        0.00000
wrapping first mol.:      -75.66215        0.00000        0.00000

 NSTEP =  9650000   TIME(PS) =   21000.000  TEMP(K) =   298.71  PRESS =     0.0
 Etot   =   -117189.3588  EKtot   =     20414.2441  EPtot      =   -137603.6030
 BOND   =       572.1927  ANGLE   =      1554.1264  DIHED      =       976.4850
 UB     =         0.0000  IMP     =         0.0000  CMAP       =       147.0964
 1-4 NB =       625.0063  1-4 EEL =      5796.4726  VDWAALS    =     16398.4874
 EELEC  =   -163673.4698  EHBOND  =         0.0000  RESTRAINT  =         0.0000
 EKCMT  =         0.0000  VIRIAL  =         0.0000  VOLUME     =    333437.2424
                                                    Density    =         1.0323
 ------------------------------------------------------------------------------

wrapping first mol.:      -75.66610        0.00000        0.00000
wrapping first mol.:      -75.66610        0.00000        0.00000
wrapping first mol.:      -75.66028        0.00000        0.00000
wrapping first mol.:      -75.66028        0.00000        0.00000
wrapping first mol.:      -75.62528        0.00000        0.00000
wrapping first mol.:      -75.62528        0.00000        0.00000
wrapping first mol.:      -75.76242        0.00000        0.00000
wrapping first mol.:      -75.76242        0.00000        0.00000
wrapping first mol.:      -75.68453        0.00000        0.00000
wrapping first mol.:      -75.68453        0.00000        0.00000

 NSTEP =  9675000   TIME(PS) =   21050.000  TEMP(K) =   297.08  PRESS =     0.0
 Etot   =   -117465.4093  EKtot   =     20302.8008  EPtot      =   -137768.2101
 BOND   =       569.2624  ANGLE   =      1546.8447  DIHED      =       985.6279
 UB     =         0.0000  IMP     =         0.0000  CMAP       =       139.2013
 1-4 NB =       636.7932  1-4 EEL =      5809.4857  VDWAALS    =     15983.2342
 EELEC  =   -163438.6594  EHBOND  =         0.0000  RESTRAINT  =         0.0000
 EKCMT  =         0.0000  VIRIAL  =         0.0000  VOLUME     =    333733.2416
                                                    Density    =         1.0314
 ------------------------------------------------------------------------------

wrapping first mol.:      -75.68144        0.00000        0.00000
wrapping first mol.:      -75.68144        0.00000        0.00000
wrapping first mol.:      -75.68155        0.00000        0.00000
wrapping first mol.:      -75.68155        0.00000        0.00000
wrapping first mol.:      -75.63515        0.00000        0.00000
wrapping first mol.:      -75.63515        0.00000        0.00000
wrapping first mol.:      -75.72813        0.00000        0.00000
wrapping first mol.:      -75.72813        0.00000        0.00000
wrapping first mol.:      -75.75165        0.00000        0.00000
wrapping first mol.:      -75.75165        0.00000        0.00000

 NSTEP =  9700000   TIME(PS) =   21100.000  TEMP(K) =   300.66  PRESS =     0.0
 Etot   =   -116901.5350  EKtot   =     20547.1738  EPtot      =   -137448.7088
 BOND   =       583.2441  ANGLE   =      1562.6632  DIHED      =       989.6459
 UB     =         0.0000  IMP     =         0.0000  CMAP       =       142.3769
 1-4 NB =       634.4691  1-4 EEL =      5754.4898  VDWAALS    =     16306.4677
 EELEC  =   -163422.0655  EHBOND  =         0.0000  RESTRAINT  =         0.0000
 EKCMT  =         0.0000  VIRIAL  =         0.0000  VOLUME     =    334621.9264
                                                    Density    =         1.0286
 ------------------------------------------------------------------------------

wrapping first mol.:      -75.73912        0.00000        0.00000
wrapping first mol.:      -75.73912        0.00000        0.00000
wrapping first mol.:      -75.66782        0.00000        0.00000
wrapping first mol.:      -75.66782        0.00000        0.00000
wrapping first mol.:      -75.70205        0.00000        0.00000
wrapping first mol.:      -75.70205        0.00000        0.00000
wrapping first mol.:      -75.60408        0.00000        0.00000
wrapping first mol.:      -75.60408        0.00000        0.00000
wrapping first mol.:      -75.57319        0.00000        0.00000
wrapping first mol.:      -75.57319        0.00000        0.00000

 NSTEP =  9725000   TIME(PS) =   21150.000  TEMP(K) =   299.24  PRESS =     0.0
 Etot   =   -117636.2975  EKtot   =     20450.1934  EPtot      =   -138086.4908
 BOND   =       549.2097  ANGLE   =      1504.8048  DIHED      =      1022.9752
 UB     =         0.0000  IMP     =         0.0000  CMAP       =       135.7129
 1-4 NB =       665.9152  1-4 EEL =      5831.2205  VDWAALS    =     16755.1149
 EELEC  =   -164551.4440  EHBOND  =         0.0000  RESTRAINT  =         0.0000
 EKCMT  =         0.0000  VIRIAL  =         0.0000  VOLUME     =    332262.5284
                                                    Density    =         1.0359
 ------------------------------------------------------------------------------

wrapping first mol.:      -75.60454        0.00000        0.00000
wrapping first mol.:      -75.60454        0.00000        0.00000
wrapping first mol.:      -75.68136        0.00000        0.00000
wrapping first mol.:      -75.68136        0.00000        0.00000
wrapping first mol.:      -75.61435        0.00000        0.00000
wrapping first mol.:      -75.61435        0.00000        0.00000
wrapping first mol.:      -75.67815        0.00000        0.00000
wrapping first mol.:      -75.67815        0.00000        0.00000
wrapping first mol.:      -75.63936        0.00000        0.00000
wrapping first mol.:      -75.63936        0.00000        0.00000

 NSTEP =  9750000   TIME(PS) =   21200.000  TEMP(K) =   300.08  PRESS =     0.0
 Etot   =   -117111.3411  EKtot   =     20507.9551  EPtot      =   -137619.2962
 BOND   =       561.1204  ANGLE   =      1563.1623  DIHED      =       995.7393
 UB     =         0.0000  IMP     =         0.0000  CMAP       =       142.5075
 1-4 NB =       653.0750  1-4 EEL =      5777.5373  VDWAALS    =     16596.1268
 EELEC  =   -163908.5649  EHBOND  =         0.0000  RESTRAINT  =         0.0000
 EKCMT  =         0.0000  VIRIAL  =         0.0000  VOLUME     =    333136.0928
                                                    Density    =         1.0332
 ------------------------------------------------------------------------------

wrapping first mol.:      -75.63606        0.00000        0.00000
wrapping first mol.:      -75.63606        0.00000        0.00000
wrapping first mol.:      -75.66838        0.00000        0.00000
wrapping first mol.:      -75.66838        0.00000        0.00000
wrapping first mol.:      -75.69139        0.00000        0.00000
wrapping first mol.:      -75.69139        0.00000        0.00000
wrapping first mol.:      -75.63287        0.00000        0.00000
wrapping first mol.:      -75.63287        0.00000        0.00000
wrapping first mol.:      -75.57561        0.00000        0.00000
wrapping first mol.:      -75.57561        0.00000        0.00000

 NSTEP =  9775000   TIME(PS) =   21250.000  TEMP(K) =   299.10  PRESS =     0.0
 Etot   =   -117370.6732  EKtot   =     20440.7871  EPtot      =   -137811.4603
 BOND   =       599.7165  ANGLE   =      1531.4654  DIHED      =       994.8242
 UB     =         0.0000  IMP     =         0.0000  CMAP       =       135.4936
 1-4 NB =       651.3946  1-4 EEL =      5836.8403  VDWAALS    =     16267.7303
 EELEC  =   -163828.9253  EHBOND  =         0.0000  RESTRAINT  =         0.0000
 EKCMT  =         0.0000  VIRIAL  =         0.0000  VOLUME     =    332294.4612
                                                    Density    =         1.0358
 ------------------------------------------------------------------------------

wrapping first mol.:      -75.51980        0.00000        0.00000
wrapping first mol.:      -75.51980        0.00000        0.00000
wrapping first mol.:      -75.58349        0.00000        0.00000
wrapping first mol.:      -75.58349        0.00000        0.00000
wrapping first mol.:      -75.59633        0.00000        0.00000
wrapping first mol.:      -75.59633        0.00000        0.00000
wrapping first mol.:      -75.72542        0.00000        0.00000
wrapping first mol.:      -75.72542        0.00000        0.00000
wrapping first mol.:      -75.70686        0.00000        0.00000
wrapping first mol.:      -75.70686        0.00000        0.00000

 NSTEP =  9800000   TIME(PS) =   21300.000  TEMP(K) =   300.72  PRESS =     0.0
 Etot   =   -117049.1278  EKtot   =     20551.2617  EPtot      =   -137600.3895
 BOND   =       563.1567  ANGLE   =      1517.0070  DIHED      =      1008.4337
 UB     =         0.0000  IMP     =         0.0000  CMAP       =       130.5244
 1-4 NB =       632.7869  1-4 EEL =      5815.5420  VDWAALS    =     16670.6329
 EELEC  =   -163938.4730  EHBOND  =         0.0000  RESTRAINT  =         0.0000
 EKCMT  =         0.0000  VIRIAL  =         0.0000  VOLUME     =    334028.8037
                                                    Density    =         1.0305
 ------------------------------------------------------------------------------

wrapping first mol.:      -75.70540        0.00000        0.00000
wrapping first mol.:      -75.70540        0.00000        0.00000
wrapping first mol.:      -75.61594        0.00000        0.00000
wrapping first mol.:      -75.61594        0.00000        0.00000
wrapping first mol.:      -75.57807        0.00000        0.00000
wrapping first mol.:      -75.57807        0.00000        0.00000
wrapping first mol.:      -75.57713        0.00000        0.00000
wrapping first mol.:      -75.57713        0.00000        0.00000
wrapping first mol.:      -75.66729        0.00000        0.00000
wrapping first mol.:      -75.66729        0.00000        0.00000

 NSTEP =  9825000   TIME(PS) =   21350.000  TEMP(K) =   301.69  PRESS =     0.0
 Etot   =   -116912.3798  EKtot   =     20617.5605  EPtot      =   -137529.9404
 BOND   =       502.8182  ANGLE   =      1510.6794  DIHED      =       997.5666
 UB     =         0.0000  IMP     =         0.0000  CMAP       =       156.8880
 1-4 NB =       655.0599  1-4 EEL =      5827.1709  VDWAALS    =     16178.4541
 EELEC  =   -163358.5775  EHBOND  =         0.0000  RESTRAINT  =         0.0000
 EKCMT  =         0.0000  VIRIAL  =         0.0000  VOLUME     =    333505.2351
                                                    Density    =         1.0321
 ------------------------------------------------------------------------------

wrapping first mol.:      -75.70324        0.00000        0.00000
wrapping first mol.:      -75.70324        0.00000        0.00000
wrapping first mol.:      -75.63239        0.00000        0.00000
wrapping first mol.:      -75.63239        0.00000        0.00000
wrapping first mol.:      -75.75327        0.00000        0.00000
wrapping first mol.:      -75.75327        0.00000        0.00000
wrapping first mol.:      -75.60646        0.00000        0.00000
wrapping first mol.:      -75.60646        0.00000        0.00000
wrapping first mol.:      -75.74580        0.00000        0.00000
wrapping first mol.:      -75.74580        0.00000        0.00000

 NSTEP =  9850000   TIME(PS) =   21400.000  TEMP(K) =   298.88  PRESS =     0.0
 Etot   =   -117038.8817  EKtot   =     20425.8379  EPtot      =   -137464.7195
 BOND   =       572.3367  ANGLE   =      1528.7846  DIHED      =       962.9485
 UB     =         0.0000  IMP     =         0.0000  CMAP       =       136.4377
 1-4 NB =       643.7831  1-4 EEL =      5835.9436  VDWAALS    =     16512.6671
 EELEC  =   -163657.6209  EHBOND  =         0.0000  RESTRAINT  =         0.0000
 EKCMT  =         0.0000  VIRIAL  =         0.0000  VOLUME     =    334544.4591
                                                    Density    =         1.0289
 ------------------------------------------------------------------------------

wrapping first mol.:      -75.72532        0.00000        0.00000
wrapping first mol.:      -75.72532        0.00000        0.00000
wrapping first mol.:      -75.71177        0.00000        0.00000
wrapping first mol.:      -75.71177        0.00000        0.00000
wrapping first mol.:      -75.69258        0.00000        0.00000
wrapping first mol.:      -75.69258        0.00000        0.00000
wrapping first mol.:      -75.71623        0.00000        0.00000
wrapping first mol.:      -75.71623        0.00000        0.00000
wrapping first mol.:      -75.64163        0.00000        0.00000
wrapping first mol.:      -75.64163        0.00000        0.00000

 NSTEP =  9875000   TIME(PS) =   21450.000  TEMP(K) =   296.75  PRESS =     0.0
 Etot   =   -117161.6919  EKtot   =     20280.2070  EPtot      =   -137441.8989
 BOND   =       595.8879  ANGLE   =      1538.2477  DIHED      =       986.3831
 UB     =         0.0000  IMP     =         0.0000  CMAP       =       139.1951
 1-4 NB =       625.3697  1-4 EEL =      5768.0716  VDWAALS    =     16224.4079
 EELEC  =   -163319.4619  EHBOND  =         0.0000  RESTRAINT  =         0.0000
 EKCMT  =         0.0000  VIRIAL  =         0.0000  VOLUME     =    333166.0801
                                                    Density    =         1.0331
 ------------------------------------------------------------------------------

wrapping first mol.:      -75.70491        0.00000        0.00000
wrapping first mol.:      -75.70491        0.00000        0.00000
wrapping first mol.:      -75.74154        0.00000        0.00000
wrapping first mol.:      -75.74154        0.00000        0.00000
wrapping first mol.:      -75.77743        0.00000        0.00000
wrapping first mol.:      -75.77743        0.00000        0.00000
wrapping first mol.:      -75.74335        0.00000        0.00000
wrapping first mol.:      -75.74335        0.00000        0.00000
wrapping first mol.:      -75.72629        0.00000        0.00000
wrapping first mol.:      -75.72629        0.00000        0.00000

 NSTEP =  9900000   TIME(PS) =   21500.000  TEMP(K) =   301.62  PRESS =     0.0
 Etot   =   -117244.7870  EKtot   =     20612.9980  EPtot      =   -137857.7850
 BOND   =       535.5938  ANGLE   =      1536.3171  DIHED      =      1014.1010
 UB     =         0.0000  IMP     =         0.0000  CMAP       =       140.2237
 1-4 NB =       639.7999  1-4 EEL =      5842.4063  VDWAALS    =     16405.0900
 EELEC  =   -163971.3168  EHBOND  =         0.0000  RESTRAINT  =         0.0000
 EKCMT  =         0.0000  VIRIAL  =         0.0000  VOLUME     =    334286.0222
                                                    Density    =         1.0297
 ------------------------------------------------------------------------------

wrapping first mol.:      -75.69911        0.00000        0.00000
wrapping first mol.:      -75.69911        0.00000        0.00000
wrapping first mol.:      -75.68798        0.00000        0.00000
wrapping first mol.:      -75.68798        0.00000        0.00000
wrapping first mol.:      -75.69057        0.00000        0.00000
wrapping first mol.:      -75.69057        0.00000        0.00000
wrapping first mol.:      -75.65780        0.00000        0.00000
wrapping first mol.:      -75.65780        0.00000        0.00000
wrapping first mol.:      -75.64586        0.00000        0.00000
wrapping first mol.:      -75.64586        0.00000        0.00000

 NSTEP =  9925000   TIME(PS) =   21550.000  TEMP(K) =   300.07  PRESS =     0.0
 Etot   =   -117120.9068  EKtot   =     20506.7129  EPtot      =   -137627.6197
 BOND   =       557.9677  ANGLE   =      1522.5364  DIHED      =       999.8899
 UB     =         0.0000  IMP     =         0.0000  CMAP       =       141.3598
 1-4 NB =       627.8474  1-4 EEL =      5814.1278  VDWAALS    =     16395.4828
 EELEC  =   -163686.8315  EHBOND  =         0.0000  RESTRAINT  =         0.0000
 EKCMT  =         0.0000  VIRIAL  =         0.0000  VOLUME     =    333221.9159
                                                    Density    =         1.0329
 ------------------------------------------------------------------------------

wrapping first mol.:      -75.74026        0.00000        0.00000
wrapping first mol.:      -75.74026        0.00000        0.00000
wrapping first mol.:      -75.68953        0.00000        0.00000
wrapping first mol.:      -75.68953        0.00000        0.00000
wrapping first mol.:      -75.64701        0.00000        0.00000
wrapping first mol.:      -75.64701        0.00000        0.00000
wrapping first mol.:      -75.60417        0.00000        0.00000
wrapping first mol.:      -75.60417        0.00000        0.00000
wrapping first mol.:      -75.65885        0.00000        0.00000
wrapping first mol.:      -75.65885        0.00000        0.00000

 NSTEP =  9950000   TIME(PS) =   21600.000  TEMP(K) =   294.42  PRESS =     0.0
 Etot   =   -117481.6267  EKtot   =     20120.6074  EPtot      =   -137602.2341
 BOND   =       565.2764  ANGLE   =      1514.1404  DIHED      =      1015.6151
 UB     =         0.0000  IMP     =         0.0000  CMAP       =       138.9433
 1-4 NB =       663.2126  1-4 EEL =      5842.8681  VDWAALS    =     16292.2576
 EELEC  =   -163634.5476  EHBOND  =         0.0000  RESTRAINT  =         0.0000
 EKCMT  =         0.0000  VIRIAL  =         0.0000  VOLUME     =    333393.7037
                                                    Density    =         1.0324
 ------------------------------------------------------------------------------

wrapping first mol.:      -75.65277        0.00000        0.00000
wrapping first mol.:      -75.65277        0.00000        0.00000
wrapping first mol.:      -75.62613        0.00000        0.00000
wrapping first mol.:      -75.62613        0.00000        0.00000
wrapping first mol.:      -75.68871        0.00000        0.00000
wrapping first mol.:      -75.68871        0.00000        0.00000
wrapping first mol.:      -75.62215        0.00000        0.00000
wrapping first mol.:      -75.62215        0.00000        0.00000
wrapping first mol.:      -75.63449        0.00000        0.00000
wrapping first mol.:      -75.63449        0.00000        0.00000

 NSTEP =  9975000   TIME(PS) =   21650.000  TEMP(K) =   298.34  PRESS =     0.0
 Etot   =   -117008.7883  EKtot   =     20389.0293  EPtot      =   -137397.8176
 BOND   =       573.2205  ANGLE   =      1531.7221  DIHED      =      1003.7454
 UB     =         0.0000  IMP     =         0.0000  CMAP       =       144.3794
 1-4 NB =       631.9315  1-4 EEL =      5818.3532  VDWAALS    =     16051.2237
 EELEC  =   -163152.3934  EHBOND  =         0.0000  RESTRAINT  =         0.0000
 EKCMT  =         0.0000  VIRIAL  =         0.0000  VOLUME     =    333071.7577
                                                    Density    =         1.0334
 ------------------------------------------------------------------------------

wrapping first mol.:      -75.77466        0.00000        0.00000
wrapping first mol.:      -75.77466        0.00000        0.00000
wrapping first mol.:      -75.78970        0.00000        0.00000
wrapping first mol.:      -75.78970        0.00000        0.00000
wrapping first mol.:      -75.60004        0.00000        0.00000
wrapping first mol.:      -75.60004        0.00000        0.00000
wrapping first mol.:      -75.60713        0.00000        0.00000
wrapping first mol.:      -75.60713        0.00000        0.00000
wrapping first mol.:      -75.68136        0.00000        0.00000
wrapping first mol.:      -75.68136        0.00000        0.00000

 NSTEP = 10000000   TIME(PS) =   21700.000  TEMP(K) =   301.49  PRESS =     0.0
 Etot   =   -117071.9011  EKtot   =     20603.9414  EPtot      =   -137675.8425
 BOND   =       535.5038  ANGLE   =      1585.4695  DIHED      =      1003.0222
 UB     =         0.0000  IMP     =         0.0000  CMAP       =       132.6414
 1-4 NB =       642.0584  1-4 EEL =      5807.3285  VDWAALS    =     16078.5578
 EELEC  =   -163460.4241  EHBOND  =         0.0000  RESTRAINT  =         0.0000
 EKCMT  =         0.0000  VIRIAL  =         0.0000  VOLUME     =    333691.3650
                                                    Density    =         1.0315
 ------------------------------------------------------------------------------


      A V E R A G E S   O V E R     400 S T E P S


 NSTEP = 10000000   TIME(PS) =   21700.000  TEMP(K) =   300.01  PRESS =     0.0
 Etot   =   -117178.6392  EKtot   =     20502.8081  EPtot      =   -137681.4473
 BOND   =       565.0000  ANGLE   =      1520.7770  DIHED      =       998.9607
 UB     =         0.0000  IMP     =         0.0000  CMAP       =       141.6062
 1-4 NB =       642.0268  1-4 EEL =      5827.1537  VDWAALS    =     16410.9897
 EELEC  =   -163787.9614  EHBOND  =         0.0000  RESTRAINT  =         0.0000
 EKCMT  =         0.0000  VIRIAL  =         0.0000  VOLUME     =    333620.7410
                                                    Density    =         1.0317
 ------------------------------------------------------------------------------


      R M S  F L U C T U A T I O N S


 NSTEP = 10000000   TIME(PS) =   21700.000  TEMP(K) =     1.60  PRESS =     0.0
 Etot   =       206.8404  EKtot   =       109.0530  EPtot      =       176.2239
 BOND   =        20.3292  ANGLE   =        29.3244  DIHED      =        16.4586
 UB     =         0.0000  IMP     =         0.0000  CMAP       =         7.2072
 1-4 NB =        10.6032  1-4 EEL =        39.3985  VDWAALS    =       195.3229
 EELEC  =       301.7169  EHBOND  =         0.0000  RESTRAINT  =         0.0000
 EKCMT  =         0.0000  VIRIAL  =         0.0000  VOLUME     =       757.1186
                                                    Density    =         0.0023
 ------------------------------------------------------------------------------

| MC Barostat:     100000 volume changes attempted.
| MC Barostat:      29922 changes successful ( 29.92%)
 ------------------------------------------------------------------------------

--------------------------------------------------------------------------------
   5.  TIMINGS
--------------------------------------------------------------------------------

|  NonSetup CPU Time in Major Routines:
|
|     Routine           Sec        %
|     ------------------------------
|     Nonbond         515.38   13.22
|     Bond              0.00    0.00
|     Angle             0.00    0.00
|     Dihedral          0.00    0.00
|     Shake            48.30    1.24
|     RunMD          3241.13   83.13
|     Other            94.04    2.41
|     ------------------------------
|     Total          3898.84

|  PME Nonbond Pairlist CPU Time:
|
|     Routine              Sec        %
|     ---------------------------------
|     Set Up Cit           0.00    0.00
|     Build List           0.00    0.00
|     ---------------------------------
|     Total                0.00    0.00

|  PME Direct Force CPU Time:
|
|     Routine              Sec        %
|     ---------------------------------
|     NonBonded Calc       0.00    0.00
|     Exclude Masked       0.00    0.00
|     Other               15.29    0.39
|     ---------------------------------
|     Total               15.29    0.39

|  PME Reciprocal Force CPU Time:
|
|     Routine              Sec        %
|     ---------------------------------
|     1D bspline           0.00    0.00
|     Grid Charges         0.00    0.00
|     Scalar Sum           0.00    0.00
|     Gradient Sum         0.00    0.00
|     FFT                  0.00    0.00
|     ---------------------------------
|     Total                0.00    0.00

|  Final Performance Info:
|     -----------------------------------------------------
|     Average timings for last       1 steps:
|     Elapsed(s) =       0.01 Per Step(ms) =       5.23
|         ns/day =      33.01   seconds/ns =    2617.07
|
|     Average timings for all steps:
|     Elapsed(s) =    3911.42 Per Step(ms) =       0.39
|         ns/day =     441.78   seconds/ns =     195.57
|     -----------------------------------------------------

|  Setup CPU time:            0.53 seconds
|  NonSetup CPU time:      3898.84 seconds
|  Total CPU time:         3899.37 seconds     1.08 hours

|  Setup wall time:           1    seconds
|  NonSetup wall time:     3911    seconds
|  Total wall time:        3912    seconds     1.09 hours
