#Frame             rc
       1      18.7679
       2      17.5955
       3      18.1312
       4      17.6620
       5      18.2354
       6      18.5203
       7      17.9930
       8      18.0206
       9      18.1618
      10      18.9495
      11      18.0896
      12      18.5115
      13      18.7369
      14      18.5989
      15      18.4402
      16      18.8819
      17      17.8543
      18      18.3668
      19      18.3939
      20      18.7753
      21      18.6831
      22      18.4616
      23      18.1996
      24      19.0116
      25      18.8416
      26      18.6041
      27      18.9936
      28      18.9357
      29      18.5849
      30      18.7246
      31      18.5239
      32      19.1200
      33      18.6765
      34      17.8690
      35      18.8078
      36      18.9181
      37      18.0923
      38      18.5308
      39      18.5454
      40      19.0825
      41      19.3929
      42      18.1368
      43      18.1473
      44      18.4460
      45      18.9107
      46      18.9963
      47      18.2964
      48      19.1328
      49      18.5406
      50      17.9361
      51      18.7719
      52      18.3585
      53      18.4531
      54      18.7056
      55      17.9605
      56      17.7752
      57      17.6815
      58      17.2741
      59      17.8904
      60      17.5718
      61      17.5386
      62      17.9220
      63      17.8654
      64      16.9664
      65      17.3626
      66      17.6396
      67      17.3448
      68      17.8256
      69      18.0545
      70      16.9822
      71      17.6675
      72      18.0718
      73      17.3936
      74      17.3521
      75      16.9704
      76      17.1513
      77      17.7171
      78      17.3461
      79      16.9825
      80      16.8827
      81      17.6599
      82      18.2385
      83      17.9394
      84      17.1377
      85      16.5993
      86      17.0321
      87      17.0304
      88      17.2403
      89      17.9901
      90      17.2635
      91      18.4133
      92      17.6398
      93      17.6075
      94      17.0455
      95      17.8810
      96      17.9094
      97      17.7084
      98      17.8822
      99      17.2017
     100      17.2166
     101      16.9628
     102      16.9951
     103      18.0307
     104      17.3187
     105      17.3460
     106      17.7848
     107      17.2793
     108      17.5406
     109      16.9343
     110      16.9315
     111      17.0924
     112      16.6287
     113      16.9490
     114      17.3556
     115      17.5896
     116      17.7092
     117      17.4418
     118      17.9253
     119      16.9728
     120      17.0781
     121      17.3611
     122      17.3646
     123      16.7827
     124      16.8507
     125      17.4393
     126      17.4708
     127      17.6109
     128      17.4252
     129      17.2904
     130      17.5531
     131      16.5948
     132      17.5233
     133      17.9593
     134      16.6200
     135      17.1056
     136      16.4471
     137      16.9367
     138      16.2515
     139      16.6929
     140      16.2383
     141      16.8312
     142      16.6318
     143      17.1411
     144      16.1968
     145      16.1753
     146      16.2481
     147      16.4072
     148      16.1295
     149      15.8721
     150      15.7342
     151      15.2395
     152      15.8176
     153      16.5028
     154      16.0218
     155      16.1641
     156      16.7197
     157      17.0157
     158      17.7622
     159      17.3169
     160      17.1975
     161      17.4036
     162      16.1896
     163      16.8095
     164      16.8258
     165      16.7228
     166      16.2847
     167      17.0509
     168      16.4867
     169      16.5384
     170      16.5741
     171      16.9071
     172      17.2330
     173      17.2169
     174      17.1407
     175      16.6189
     176      17.1085
     177      18.0619
     178      17.4594
     179      17.3263
     180      16.5692
     181      16.1104
     182      16.0034
     183      15.7393
     184      16.1428
     185      16.4617
     186      16.0610
     187      16.0215
     188      16.0320
     189      16.9207
     190      16.6469
     191      17.5415
     192      17.5770
     193      17.4058
     194      17.4754
     195      17.6910
     196      17.1784
     197      17.8136
     198      17.6260
     199      18.2713
     200      18.0561
     201      17.9045
     202      17.4828
     203      17.3452
     204      17.5627
     205      17.4876
     206      17.4309
     207      16.8738
     208      17.2650
     209      17.8545
     210      17.1082
     211      17.8462
     212      17.3984
     213      17.8123
     214      18.1382
     215      17.9117
     216      18.5064
     217      18.4146
     218      18.1927
     219      18.2856
     220      17.9651
     221      18.2810
     222      18.3116
     223      17.9074
     224      17.9075
     225      17.9008
     226      17.7483
     227      17.4928
     228      17.6070
     229      17.1575
     230      18.0167
     231      17.9754
     232      17.7500
     233      18.1674
     234      18.3035
     235      17.8890
     236      18.1443
     237      18.4479
     238      18.7971
     239      17.3912
     240      17.3312
     241      17.0451
     242      17.7309
     243      17.6728
     244      17.9045
     245      17.1095
     246      17.4384
     247      17.0098
     248      17.5814
     249      18.5348
     250      18.4141
     251      17.5265
     252      18.3170
     253      18.0134
     254      18.0946
     255      18.7784
     256      18.1107
     257      17.4867
     258      17.7577
     259      17.1397
     260      18.3203
     261      17.5701
     262      17.4358
     263      18.0978
     264      17.2994
     265      17.4693
     266      17.5343
     267      18.2097
     268      17.3287
     269      17.3543
     270      17.5257
     271      17.9752
     272      17.5491
     273      18.4494
     274      18.3609
     275      18.1983
     276      18.0544
     277      17.7122
     278      17.9648
     279      18.0534
     280      19.0158
     281      18.8784
     282      18.0875
     283      17.7222
     284      17.7253
     285      18.1251
     286      18.6583
     287      17.9070
     288      18.1475
     289      17.7415
     290      18.3241
     291      17.7875
     292      18.3909
     293      18.2780
     294      17.9515
     295      17.7089
     296      17.7100
     297      19.0868
     298      18.3022
     299      17.7675
     300      17.6906
     301      17.8794
     302      18.1391
     303      17.3493
     304      17.5542
     305      17.6659
     306      17.4699
     307      17.7620
     308      17.5239
     309      18.1844
     310      17.8591
     311      17.7812
     312      17.6832
     313      17.1651
     314      17.7713
     315      17.6371
     316      18.4027
     317      18.3311
     318      18.6091
     319      18.8731
     320      19.0973
     321      18.2846
     322      18.1175
     323      18.5678
     324      18.2291
     325      18.5424
     326      18.3603
     327      18.2794
     328      17.7903
     329      17.9264
     330      18.0673
     331      18.1965
     332      17.5867
     333      16.9400
     334      17.5476
     335      17.9183
     336      17.8838
     337      17.8040
     338      18.5713
     339      17.8762
     340      17.5528
     341      17.6798
     342      17.6499
     343      17.4863
     344      18.0746
     345      18.2903
     346      18.2553
     347      17.5334
     348      18.5820
     349      18.4966
     350      18.3643
     351      17.9100
     352      17.7207
     353      17.6651
     354      17.3182
     355      17.0073
     356      17.2318
     357      17.6788
     358      17.4313
     359      17.5993
     360      18.3196
     361      17.7322
     362      17.8077
     363      17.3620
     364      16.9638
     365      16.7944
     366      17.5817
     367      17.3864
     368      17.3253
     369      17.5159
     370      16.8641
     371      17.6553
     372      17.6145
     373      17.4987
     374      18.2117
     375      18.1160
     376      18.0872
     377      18.4443
     378      18.2562
     379      17.6277
     380      17.0466
     381      17.3794
     382      17.0201
     383      17.0108
     384      17.3988
     385      17.7481
     386      16.9770
     387      17.0686
     388      16.6961
     389      17.9007
     390      17.7861
     391      17.8314
     392      17.8549
     393      18.0573
     394      17.7409
     395      17.7369
     396      16.8231
     397      17.5974
     398      17.6575
     399      17.9109
     400      17.5467
     401      16.9371
     402      17.7076
     403      17.6350
     404      17.7118
     405      17.1461
     406      18.0106
     407      18.5927
     408      18.4366
     409      17.8854
     410      17.9571
     411      18.3450
     412      17.9534
     413      18.2954
     414      17.3727
     415      17.3213
     416      17.4080
     417      17.6247
     418      17.5475
     419      17.3435
     420      16.8196
     421      17.6243
     422      17.4204
     423      17.3761
     424      16.8503
     425      17.2210
     426      17.1794
     427      17.2312
     428      15.9484
     429      17.4500
     430      16.6435
     431      16.5431
     432      16.6552
     433      16.8335
     434      16.6653
     435      16.9688
     436      16.7521
     437      17.0655
     438      17.1314
     439      17.2354
     440      16.8988
     441      16.6432
     442      17.7089
     443      17.6499
     444      17.8974
     445      18.1677
     446      18.4084
     447      17.9717
     448      17.7782
     449      17.4605
     450      17.8647
     451      17.6855
     452      18.2315
     453      17.8116
     454      17.7680
     455      17.6320
     456      17.5162
     457      18.4167
     458      17.9487
     459      16.5373
     460      16.7332
     461      16.8552
     462      16.3635
     463      16.7418
     464      16.7246
     465      16.3352
     466      16.1582
     467      16.9450
     468      17.1811
     469      18.0568
     470      18.0338
     471      18.6879
     472      18.7296
     473      18.3695
     474      18.4638
     475      18.6539
     476      18.6565
     477      18.5230
     478      18.8338
     479      18.2491
     480      18.7716
     481      17.9694
     482      17.6518
     483      17.5850
     484      18.3300
     485      18.2635
     486      18.3548
     487      18.6637
     488      18.1641
     489      18.3468
     490      18.1948
     491      18.0455
     492      18.3632
     493      18.2115
     494      17.5484
     495      17.8657
     496      16.9027
     497      16.6085
     498      16.6085
     499      17.2957
     500      16.9620
     501      16.5409
     502      16.2900
     503      16.6711
     504      16.8854
     505      16.0561
     506      16.0392
     507      15.7952
     508      15.9615
     509      16.4180
     510      16.9639
     511      16.2081
     512      16.2646
     513      16.6233
     514      16.1568
     515      16.4535
     516      16.0441
     517      15.5470
     518      15.9326
     519      16.4288
     520      16.4837
     521      17.0562
     522      16.1235
     523      16.5447
     524      17.0634
     525      16.7008
     526      16.9711
     527      16.6365
     528      16.8926
     529      17.0843
     530      17.4008
     531      17.0606
     532      16.5311
     533      16.9257
     534      16.4846
     535      16.9776
     536      16.7036
     537      16.2918
     538      17.0988
     539      16.6983
     540      17.2095
     541      16.2512
     542      15.7562
     543      15.6332
     544      15.7215
     545      15.6202
     546      16.9967
     547      16.2927
     548      16.6121
     549      16.2683
     550      16.8115
     551      16.4495
     552      16.4837
     553      16.8878
     554      16.5547
     555      16.0497
     556      16.6425
     557      16.9019
     558      16.6374
     559      16.2631
     560      16.7289
     561      17.2624
     562      16.7288
     563      16.9727
     564      17.5609
     565      16.5870
     566      17.1970
     567      18.0201
     568      16.7179
     569      16.3037
     570      16.5784
     571      17.0073
     572      16.6297
     573      17.6705
     574      17.9752
     575      17.6770
     576      16.8771
     577      15.7779
     578      16.1150
     579      16.5039
     580      16.3598
     581      16.7556
     582      16.2895
     583      16.3587
     584      16.2030
     585      16.6743
     586      16.8223
     587      15.4407
     588      16.5101
     589      16.5201
     590      16.8236
     591      16.4384
     592      16.7406
     593      16.6153
     594      16.5607
     595      16.5284
     596      17.2403
     597      16.5790
     598      16.5272
     599      16.1260
     600      16.2667
     601      15.6645
     602      16.1506
     603      16.3132
     604      15.9101
     605      15.9286
     606      15.9782
     607      17.2481
     608      16.2225
     609      16.0397
     610      16.3515
     611      16.1984
     612      16.0762
     613      16.1337
     614      16.0865
     615      16.5261
     616      15.9025
     617      15.4806
     618      15.6622
     619      15.7218
     620      15.8133
     621      15.4593
     622      15.5512
     623      15.4296
     624      15.6895
     625      15.8655
     626      16.7954
     627      16.4513
     628      16.7120
     629      15.6740
     630      16.5993
     631      17.2906
     632      17.6354
     633      17.3142
     634      16.1494
     635      17.5423
     636      17.6645
     637      17.4262
     638      17.5275
     639      17.4920
     640      18.0489
     641      17.4704
     642      17.8215
     643      17.4401
     644      17.2305
     645      17.5760
     646      16.9407
     647      16.4343
     648      16.1389
     649      16.8556
     650      16.6029
     651      16.8706
     652      17.3939
     653      16.5265
     654      16.8394
     655      16.4875
     656      16.7439
     657      16.8318
     658      17.4852
     659      17.1476
     660      16.4177
     661      15.8339
     662      16.4302
     663      16.3696
     664      17.7285
     665      17.8930
     666      17.3075
     667      17.2429
     668      17.0211
     669      17.5092
     670      17.7830
     671      17.2805
     672      17.2350
     673      18.4566
     674      17.8920
     675      18.1270
     676      18.5819
     677      18.9135
     678      18.6360
     679      18.8648
     680      19.1014
     681      17.9396
     682      17.7351
     683      18.3234
     684      17.4898
     685      18.2747
     686      18.7250
     687      17.7691
     688      17.5599
     689      18.0370
     690      17.4041
     691      17.5632
     692      17.9167
     693      17.2149
     694      17.5888
     695      16.3699
     696      17.0098
     697      17.1178
     698      17.3478
     699      17.2828
     700      17.5869
     701      17.4331
     702      17.9573
     703      18.0678
     704      17.5123
     705      18.3162
     706      18.1976
     707      17.9841
     708      17.0892
     709      17.2359
     710      17.2986
     711      17.4370
     712      17.2134
     713      17.3075
     714      17.3720
     715      18.3700
     716      18.2393
     717      17.4016
     718      17.8522
     719      17.0232
     720      17.2670
     721      16.3559
     722      16.9945
     723      16.5210
     724      17.1170
     725      17.2192
     726      17.1653
     727      17.5048
     728      17.6136
     729      17.6777
     730      17.8861
     731      17.1745
     732      17.5917
     733      18.0024
     734      18.9003
     735      18.4819
     736      17.8208
     737      17.0038
     738      17.7417
     739      18.3663
     740      17.6871
     741      17.5209
     742      17.4464
     743      17.3721
     744      17.8597
     745      18.1705
     746      18.1361
     747      18.0743
     748      17.8429
     749      17.7210
     750      18.2280
     751      17.4393
     752      17.9131
     753      17.6233
     754      17.3508
     755      17.7275
     756      17.0388
     757      17.0627
     758      16.8980
     759      17.1373
     760      16.9877
     761      16.9741
     762      17.2409
     763      16.8050
     764      16.3892
     765      16.6590
     766      15.9309
     767      15.4574
     768      16.3960
     769      16.9053
     770      17.2159
     771      16.4716
     772      16.7825
     773      16.4419
     774      16.4560
     775      15.8575
     776      16.9123
     777      16.2656
     778      16.5180
     779      16.1295
     780      16.2003
     781      16.7961
     782      17.5068
     783      16.3847
     784      16.0488
     785      16.0924
     786      16.0350
     787      16.6437
     788      16.0975
     789      16.4735
     790      16.1486
     791      16.4727
     792      16.7141
     793      16.7829
     794      16.5160
     795      16.7298
     796      16.8058
     797      16.5962
     798      16.8108
     799      16.6641
     800      17.5578
     801      17.6648
     802      16.4888
     803      16.7877
     804      16.7737
     805      17.1289
     806      17.0479
     807      16.6997
     808      15.8951
     809      16.0782
     810      16.9644
     811      16.5920
     812      16.9392
     813      16.8921
     814      17.0575
     815      16.7844
     816      16.8861
     817      16.2500
     818      16.9064
     819      16.3882
     820      16.6386
     821      16.6945
     822      16.5895
     823      16.6504
     824      16.5380
     825      15.8850
     826      16.2719
     827      16.3830
     828      16.8571
     829      17.0523
     830      16.1218
     831      16.4594
     832      17.5317
     833      16.9601
     834      17.2326
     835      17.2486
     836      16.4841
     837      17.0082
     838      16.7743
     839      17.2948
     840      16.8911
     841      17.0573
     842      17.1081
     843      16.8039
     844      17.0359
     845      17.0300
     846      17.8589
     847      18.1466
     848      17.4392
     849      17.4477
     850      17.8032
     851      17.9319
     852      17.8411
     853      17.3560
     854      17.7223
     855      17.5087
     856      18.3931
     857      17.5370
     858      17.4174
     859      17.7522
     860      17.4019
     861      17.6639
     862      17.5766
     863      17.7857
     864      17.6207
     865      17.2938
     866      16.8258
     867      17.1539
     868      17.3681
     869      17.7857
     870      17.4691
     871      16.6351
     872      16.4301
     873      16.4919
     874      16.7849
     875      16.7804
     876      16.9398
     877      17.5553
     878      17.3421
     879      16.7118
     880      16.6042
     881      17.0198
     882      16.6763
     883      16.8069
     884      16.7990
     885      16.3283
     886      16.7758
     887      16.6291
     888      15.3906
     889      15.8713
     890      16.5244
     891      17.1297
     892      16.7093
     893      15.8125
     894      15.9999
     895      16.1262
     896      16.5141
     897      16.3513
     898      16.5375
     899      16.9122
     900      16.9404
     901      17.6494
     902      15.9064
     903      16.1942
     904      16.1806
     905      15.9876
     906      15.9247
     907      15.9323
     908      16.6252
     909      17.0783
     910      16.8268
     911      17.0282
     912      17.2207
     913      16.5605
     914      17.1509
     915      16.3206
     916      16.7238
     917      17.1879
     918      16.1633
     919      16.2004
     920      16.7316
     921      16.8841
     922      16.4065
     923      16.4655
     924      16.3851
     925      15.9635
     926      16.1710
     927      16.0442
     928      16.1054
     929      16.4709
     930      15.5536
     931      16.3274
     932      15.9811
     933      15.3464
     934      15.9335
     935      16.3061
     936      16.5541
     937      16.5620
     938      16.7566
     939      16.8031
     940      16.5988
     941      16.5833
     942      17.4710
     943      16.8199
     944      15.8081
     945      16.2411
     946      15.9977
     947      16.2025
     948      15.5861
     949      15.8142
     950      15.3080
     951      16.3597
     952      15.9079
     953      17.2735
     954      16.5011
     955      16.6263
     956      16.9224
     957      16.8288
     958      16.6082
     959      16.7108
     960      17.4475
     961      17.1791
     962      16.6409
     963      16.8165
     964      16.5361
     965      15.7652
     966      16.2732
     967      16.7023
     968      16.3072
     969      16.9761
     970      16.9213
     971      17.6183
     972      17.5401
     973      18.0584
     974      17.4763
     975      17.7566
     976      17.5458
     977      16.6449
     978      17.0401
     979      17.0864
     980      16.6126
     981      16.5936
     982      16.5889
     983      16.7695
     984      17.0019
     985      16.3777
     986      15.9412
     987      15.6902
     988      16.3452
     989      16.5674
     990      15.9101
     991      16.1161
     992      16.5620
     993      16.7913
     994      16.5982
     995      16.3262
     996      16.8167
     997      16.5720
     998      16.1650
     999      15.9487
    1000      15.8990
    1001      15.3612
    1002      15.7736
    1003      16.1701
    1004      15.0617
    1005      15.8886
    1006      16.7784
    1007      17.0191
    1008      16.1832
    1009      16.6577
    1010      17.2025
    1011      16.7708
    1012      16.7349
    1013      16.8556
    1014      16.5997
    1015      17.7594
    1016      17.2732
    1017      16.7899
    1018      17.5727
    1019      17.4266
    1020      17.6905
    1021      17.1813
    1022      17.3511
    1023      17.0700
    1024      17.4094
    1025      16.8352
    1026      16.4974
    1027      17.0938
    1028      17.2765
    1029      17.2702
    1030      17.1085
    1031      17.0036
    1032      16.6457
    1033      17.0366
    1034      16.6893
    1035      17.0069
    1036      17.2356
    1037      17.2861
    1038      16.6650
    1039      16.7467
    1040      16.5424
    1041      16.6583
    1042      16.6176
    1043      16.8631
    1044      16.6587
    1045      17.2184
    1046      16.6962
    1047      17.0732
    1048      16.6650
    1049      17.2315
    1050      17.0516
    1051      16.4638
    1052      16.5871
    1053      16.3834
    1054      17.1904
    1055      16.4430
    1056      17.0271
    1057      17.2004
    1058      17.5410
    1059      17.5030
    1060      17.0848
    1061      17.5979
    1062      17.2535
    1063      16.7408
    1064      17.4446
    1065      17.2400
    1066      16.9404
    1067      16.8427
    1068      17.5058
    1069      17.2078
    1070      17.2791
    1071      17.3443
    1072      17.6382
    1073      17.0610
    1074      17.5063
    1075      17.0448
    1076      16.8889
    1077      16.9839
    1078      16.4722
    1079      16.4078
    1080      16.3979
    1081      16.8548
    1082      17.0880
    1083      17.0281
    1084      16.6372
    1085      16.7881
    1086      17.1619
    1087      16.9920
    1088      16.9624
    1089      17.0718
    1090      17.2220
    1091      17.5597
    1092      17.0310
    1093      18.1973
    1094      17.7166
    1095      17.1812
    1096      16.2171
    1097      16.3732
    1098      16.8189
    1099      16.7533
    1100      16.3553
    1101      16.0567
    1102      16.3611
    1103      17.2025
    1104      16.3770
    1105      16.8377
    1106      17.1766
    1107      17.1663
    1108      17.3927
    1109      16.5187
    1110      16.4496
    1111      16.2120
    1112      16.6347
    1113      16.5969
    1114      16.9803
    1115      16.9711
    1116      16.8149
    1117      17.3311
    1118      17.1886
    1119      17.5363
    1120      16.9092
    1121      17.8416
    1122      17.7945
    1123      17.5528
    1124      17.4330
    1125      18.1891
    1126      17.1452
    1127      17.4238
    1128      17.0627
    1129      16.7761
    1130      17.2878
    1131      17.8292
    1132      17.9319
    1133      17.3237
    1134      17.2186
    1135      17.3208
    1136      16.8761
    1137      17.5703
    1138      17.4071
    1139      17.1213
    1140      17.5910
    1141      17.9428
    1142      17.1087
    1143      16.8193
    1144      16.5201
    1145      17.0921
    1146      18.1275
    1147      17.8850
    1148      17.8215
    1149      18.1566
    1150      18.0562
    1151      17.1018
    1152      16.7202
    1153      16.8685
    1154      17.4670
    1155      17.1711
    1156      17.2253
    1157      17.1739
    1158      17.2095
    1159      16.4939
    1160      17.4671
    1161      17.5679
    1162      17.3955
    1163      17.7203
    1164      17.1152
    1165      16.9420
    1166      16.3283
    1167      17.3095
    1168      17.5182
    1169      16.7696
    1170      16.5948
    1171      16.7095
    1172      17.5086
    1173      16.5740
    1174      16.3008
    1175      17.0356
    1176      16.2970
    1177      16.7091
    1178      16.5013
    1179      16.1159
    1180      16.4265
    1181      16.2813
    1182      15.5200
    1183      15.8528
    1184      16.5177
    1185      16.1034
    1186      16.6360
    1187      16.8105
    1188      16.7833
    1189      16.2150
    1190      16.0149
    1191      16.2621
    1192      15.8834
    1193      15.3448
    1194      15.7507
    1195      15.9891
    1196      15.3976
    1197      16.2764
    1198      16.7876
    1199      17.1884
    1200      16.7839
    1201      16.1924
    1202      16.8048
    1203      16.0705
    1204      16.2043
    1205      16.8506
    1206      16.3289
    1207      16.7931
    1208      16.1981
    1209      16.1850
    1210      16.3753
    1211      16.6308
    1212      16.8146
    1213      16.2226
    1214      17.2037
    1215      16.7105
    1216      16.2008
    1217      15.8877
    1218      16.4142
    1219      15.7411
    1220      16.0096
    1221      17.0152
    1222      17.0419
    1223      17.0917
    1224      17.3014
    1225      17.4576
    1226      17.5959
    1227      17.1447
    1228      17.6330
    1229      17.4989
    1230      17.0918
    1231      16.6370
    1232      16.3752
    1233      16.6851
    1234      16.3880
    1235      16.8783
    1236      16.9521
    1237      17.8411
    1238      17.3726
    1239      17.6149
    1240      17.4351
    1241      17.3073
    1242      17.2450
    1243      17.3547
    1244      17.8318
    1245      17.5657
    1246      17.1657
    1247      17.0631
    1248      16.4291
    1249      16.8458
    1250      16.3356
    1251      17.7003
    1252      16.3046
    1253      16.6399
    1254      16.5280
    1255      16.6320
    1256      16.8107
    1257      17.2871
    1258      17.1807
    1259      16.9721
    1260      16.5855
    1261      16.4525
    1262      16.9423
    1263      17.3924
    1264      17.4134
    1265      17.3605
    1266      17.5075
    1267      17.1302
    1268      16.9424
    1269      17.5521
    1270      17.0942
    1271      17.4349
    1272      17.6799
    1273      16.9171
    1274      16.6647
    1275      16.8909
    1276      16.3263
    1277      16.9246
    1278      16.8708
    1279      17.0362
    1280      17.5927
    1281      17.6681
    1282      17.0496
    1283      17.9102
    1284      18.0868
    1285      17.4558
    1286      17.4107
    1287      17.0874
    1288      17.6853
    1289      17.7931
    1290      17.3533
    1291      16.9479
    1292      16.0173
    1293      16.7027
    1294      16.5189
    1295      17.5875
    1296      16.5778
    1297      17.0244
    1298      16.9440
    1299      17.0231
    1300      17.5334
    1301      17.2767
    1302      16.9780
    1303      16.3128
    1304      15.7791
    1305      15.5851
    1306      17.0025
    1307      17.8212
    1308      17.9073
    1309      17.8020
    1310      17.0970
    1311      17.5985
    1312      18.6605
    1313      17.7340
    1314      17.0495
    1315      17.0883
    1316      17.5331
    1317      17.8159
    1318      17.6334
    1319      17.5045
    1320      18.2747
    1321      17.9533
    1322      17.7904
    1323      17.3314
    1324      17.6167
    1325      16.8884
    1326      16.4974
    1327      17.1907
    1328      18.5897
    1329      18.4924
    1330      18.0622
    1331      18.0823
    1332      18.3531
    1333      17.9623
    1334      17.5279
    1335      18.3609
    1336      18.1538
    1337      18.1434
    1338      17.6749
    1339      17.5429
    1340      18.2128
    1341      17.6847
    1342      17.7369
    1343      17.3806
    1344      17.6392
    1345      17.4103
    1346      17.3842
    1347      17.7332
    1348      17.8679
    1349      16.9172
    1350      17.0613
    1351      17.5599
    1352      17.2335
    1353      16.5586
    1354      16.9469
    1355      16.8103
    1356      16.8164
    1357      16.3896
    1358      16.6596
    1359      16.2712
    1360      16.3889
    1361      16.4337
    1362      17.5197
    1363      16.9456
    1364      17.0893
    1365      17.0322
    1366      17.1086
    1367      17.5873
    1368      17.7197
    1369      18.0358
    1370      17.2298
    1371      17.6639
    1372      17.7679
    1373      17.7597
    1374      17.6445
    1375      16.5261
    1376      15.9655
    1377      15.7695
    1378      15.2019
    1379      16.0963
    1380      15.3986
    1381      17.1138
    1382      16.5803
    1383      16.3974
    1384      15.8774
    1385      14.9250
    1386      15.7371
    1387      15.5252
    1388      16.0915
    1389      15.4725
    1390      15.8305
    1391      16.4185
    1392      15.6317
    1393      15.9907
    1394      15.8470
    1395      15.3032
    1396      15.9196
    1397      16.0300
    1398      16.2905
    1399      16.4116
    1400      15.3326
    1401      16.2071
    1402      16.6053
    1403      17.1558
    1404      17.4731
    1405      17.3724
    1406      16.8168
    1407      16.4190
    1408      16.8387
    1409      16.6934
    1410      17.0580
    1411      16.4319
    1412      16.2419
    1413      16.0303
    1414      15.8739
    1415      15.7493
    1416      15.5666
    1417      16.1445
    1418      16.5578
    1419      16.1559
    1420      15.8602
    1421      16.1875
    1422      16.9678
    1423      17.0010
    1424      15.8520
    1425      16.6917
    1426      16.3447
    1427      16.5085
    1428      16.0406
    1429      15.6174
    1430      16.7558
    1431      16.6327
    1432      17.1212
    1433      16.4291
    1434      16.3168
    1435      16.1352
    1436      16.7360
    1437      15.8806
    1438      15.5618
    1439      15.9239
    1440      15.5693
    1441      16.5896
    1442      17.0538
    1443      16.8722
    1444      17.4457
    1445      17.5121
    1446      17.2139
    1447      16.6013
    1448      16.1557
    1449      16.0804
    1450      16.5225
    1451      16.5496
    1452      16.7607
    1453      16.5997
    1454      16.5387
    1455      16.6510
    1456      16.0436
    1457      17.2962
    1458      17.3415
    1459      17.4700
    1460      16.9397
    1461      16.9829
    1462      17.6212
    1463      17.2055
    1464      17.4402
    1465      17.1975
    1466      17.6697
    1467      17.5244
    1468      17.4770
    1469      17.3121
    1470      17.6096
    1471      17.0165
    1472      17.1315
    1473      16.7474
    1474      15.9875
    1475      16.2974
    1476      16.0106
    1477      16.4070
    1478      16.8268
    1479      16.1591
    1480      16.4464
    1481      16.5309
    1482      17.1290
    1483      17.1053
    1484      17.4528
    1485      17.7181
    1486      17.6884
    1487      17.4399
    1488      17.4355
    1489      17.1372
    1490      17.5005
    1491      16.9469
    1492      17.4064
    1493      16.9530
    1494      16.4726
    1495      16.8674
    1496      17.4580
    1497      16.9059
    1498      17.6017
    1499      17.5434
    1500      16.6813
    1501      16.8336
    1502      17.5496
    1503      17.5593
    1504      17.5457
    1505      17.5947
    1506      17.4137
    1507      17.4883
    1508      17.2038
    1509      17.5845
    1510      17.5325
    1511      17.4196
    1512      17.3955
    1513      17.3041
    1514      17.0631
    1515      17.8206
    1516      17.0040
    1517      17.5841
    1518      17.3981
    1519      17.3837
    1520      17.3254
    1521      16.5857
    1522      16.9836
    1523      16.7832
    1524      17.3209
    1525      17.3340
    1526      16.9174
    1527      17.1260
    1528      17.5134
    1529      17.1737
    1530      16.2493
    1531      17.3436
    1532      16.4174
    1533      16.9180
    1534      17.5986
    1535      17.7259
    1536      18.0850
    1537      17.7026
    1538      18.0549
    1539      18.0105
    1540      17.4036
    1541      16.7251
    1542      16.5390
    1543      15.8652
    1544      16.9470
    1545      16.8743
    1546      16.7577
    1547      16.4933
    1548      16.1804
    1549      16.2953
    1550      16.7049
    1551      16.7526
    1552      16.3899
    1553      16.0488
    1554      16.0058
    1555      16.3632
    1556      16.5071
    1557      16.4885
    1558      17.1167
    1559      16.0459
    1560      16.5246
    1561      15.7526
    1562      16.2108
    1563      16.2073
    1564      17.2699
    1565      16.8752
    1566      16.0287
    1567      16.1384
    1568      16.2810
    1569      16.4673
    1570      17.3573
    1571      16.8177
    1572      17.5553
    1573      17.5166
    1574      17.9950
    1575      17.0752
    1576      16.8146
    1577      16.7880
    1578      16.7947
    1579      17.3907
    1580      17.2192
    1581      16.4147
    1582      16.6783
    1583      17.0659
    1584      16.5800
    1585      17.8637
    1586      17.1889
    1587      17.5306
    1588      17.4294
    1589      18.1193
    1590      17.5195
    1591      17.1644
    1592      17.2281
    1593      17.7930
    1594      16.8124
    1595      16.0933
    1596      16.9396
    1597      16.0853
    1598      17.6596
    1599      17.7382
    1600      17.9377
    1601      17.8533
    1602      17.1083
    1603      17.1257
    1604      17.4511
    1605      17.5858
    1606      17.6133
    1607      18.2852
    1608      18.1439
    1609      18.0698
    1610      17.2801
    1611      17.4597
    1612      16.8930
    1613      17.7072
    1614      16.4694
    1615      16.9614
    1616      17.2538
    1617      17.1352
    1618      17.2386
    1619      17.9228
    1620      18.1829
    1621      17.7348
    1622      18.2178
    1623      17.1505
    1624      17.2508
    1625      17.5593
    1626      17.8115
    1627      17.9453
    1628      17.9191
    1629      17.6277
    1630      17.0728
    1631      17.3441
    1632      17.9695
    1633      17.6943
    1634      17.6727
    1635      17.6975
    1636      17.6664
    1637      17.3271
    1638      17.4524
    1639      17.4872
    1640      17.8524
    1641      18.2971
    1642      18.2961
    1643      18.6309
    1644      17.9044
    1645      17.4132
    1646      17.7526
    1647      17.1226
    1648      17.5336
    1649      16.9117
    1650      17.8014
    1651      18.6570
    1652      17.8608
    1653      18.5857
    1654      19.0137
    1655      17.7174
    1656      17.9275
    1657      17.7446
    1658      17.7425
    1659      18.2398
    1660      17.8312
    1661      17.6638
    1662      16.7496
    1663      17.4631
    1664      17.2921
    1665      16.8616
    1666      17.1199
    1667      16.9252
    1668      18.0260
    1669      17.7503
    1670      17.4826
    1671      17.3985
    1672      17.8700
    1673      17.5038
    1674      17.8045
    1675      17.4410
    1676      17.7230
    1677      18.3628
    1678      17.7991
    1679      18.3081
    1680      17.3909
    1681      17.4206
    1682      17.6342
    1683      17.3394
    1684      17.5271
    1685      17.1348
    1686      17.5425
    1687      18.0277
    1688      17.6100
    1689      18.1204
    1690      16.8382
    1691      17.1124
    1692      16.3420
    1693      16.7986
    1694      16.4910
    1695      16.8320
    1696      17.0610
    1697      17.6741
    1698      17.8549
    1699      17.6266
    1700      17.2492
    1701      17.6151
    1702      17.6880
    1703      17.6788
    1704      17.5047
    1705      17.3617
    1706      16.7831
    1707      16.2497
    1708      16.6754
    1709      16.4654
    1710      16.7015
    1711      15.9493
    1712      16.8385
    1713      17.5862
    1714      17.0696
    1715      17.2020
    1716      17.2368
    1717      17.5856
    1718      16.9117
    1719      17.6730
    1720      17.5552
    1721      18.0320
    1722      17.3799
    1723      17.0387
    1724      17.4840
    1725      17.8864
    1726      17.7775
    1727      16.9190
    1728      16.7762
    1729      17.2298
    1730      17.9728
    1731      17.5151
    1732      16.4192
    1733      17.2065
    1734      16.9082
    1735      17.6268
    1736      17.7333
    1737      17.2492
    1738      17.2643
    1739      17.1866
    1740      17.7816
    1741      17.3124
    1742      17.4854
    1743      17.4381
    1744      17.8929
    1745      17.2791
    1746      17.1826
    1747      17.6855
    1748      17.7637
    1749      17.4913
    1750      17.1191
    1751      17.2619
    1752      17.2661
    1753      17.4638
    1754      16.9302
    1755      18.0683
    1756      17.6370
    1757      17.3063
    1758      17.9454
    1759      17.6920
    1760      17.2555
    1761      17.0008
    1762      17.5999
    1763      17.5149
    1764      17.5440
    1765      17.0026
    1766      17.8216
    1767      16.8367
    1768      16.6219
    1769      16.6125
    1770      17.5484
    1771      17.1116
    1772      18.1783
    1773      18.3624
    1774      17.9357
    1775      17.8445
    1776      18.0601
    1777      17.6502
    1778      17.6178
    1779      18.3980
    1780      17.5314
    1781      17.3300
    1782      17.0921
    1783      17.1694
    1784      17.4031
    1785      17.2973
    1786      17.3555
    1787      17.0861
    1788      16.4629
    1789      16.9162
    1790      16.5938
    1791      17.9960
    1792      18.1634
    1793      17.8101
    1794      18.2645
    1795      17.3383
    1796      17.6974
    1797      17.1699
    1798      17.9171
    1799      17.8065
    1800      17.8260
    1801      18.3488
    1802      18.0680
    1803      17.8095
    1804      18.5246
    1805      18.0964
    1806      17.6729
    1807      18.5423
    1808      17.3203
    1809      17.3332
    1810      17.5600
    1811      17.6682
    1812      17.9693
    1813      18.0121
    1814      17.7154
    1815      17.5299
    1816      17.8603
    1817      18.0574
    1818      18.4718
    1819      18.3274
    1820      18.3034
    1821      18.5647
    1822      18.1651
    1823      17.4085
    1824      17.4905
    1825      16.8517
    1826      17.5675
    1827      17.8246
    1828      17.8855
    1829      17.9580
    1830      17.8293
    1831      17.3876
    1832      18.1816
    1833      17.7108
    1834      17.0417
    1835      17.2194
    1836      17.4327
    1837      18.0658
    1838      17.8085
    1839      18.0615
    1840      18.1109
    1841      16.9468
    1842      17.8714
    1843      17.8163
    1844      17.3742
    1845      17.3936
    1846      17.1592
    1847      17.1344
    1848      17.8939
    1849      18.2808
    1850      18.0541
    1851      16.8086
    1852      16.8343
    1853      16.1212
    1854      16.1627
    1855      16.3381
    1856      15.8230
    1857      16.6501
    1858      16.8393
    1859      15.7478
    1860      15.4793
    1861      16.9999
    1862      17.2739
    1863      16.6873
    1864      16.6476
    1865      16.9831
    1866      16.7593
    1867      16.9602
    1868      16.3879
    1869      16.8902
    1870      17.0624
    1871      16.9053
    1872      17.1481
    1873      17.3165
    1874      17.6837
    1875      16.8987
    1876      17.2406
    1877      17.3886
    1878      16.9109
    1879      17.0993
    1880      16.8976
    1881      16.7383
    1882      16.5134
    1883      16.7518
    1884      17.3547
    1885      17.1534
    1886      16.9951
    1887      17.5298
    1888      16.6216
    1889      17.1943
    1890      17.6104
    1891      16.8999
    1892      16.7025
    1893      17.0837
    1894      17.7520
    1895      16.8217
    1896      16.4144
    1897      17.4195
    1898      17.1830
    1899      17.2650
    1900      16.3798
    1901      17.6556
    1902      17.9979
    1903      17.7899
    1904      17.5435
    1905      18.0889
    1906      17.8868
    1907      18.1378
    1908      18.5819
    1909      18.5722
    1910      18.1145
    1911      17.6048
    1912      17.1941
    1913      17.2347
    1914      16.9271
    1915      17.1858
    1916      17.1875
    1917      17.6324
    1918      17.0514
    1919      16.5589
    1920      17.6101
    1921      17.9240
    1922      17.4072
    1923      18.0589
    1924      17.7640
    1925      17.7001
    1926      17.7228
    1927      17.7817
    1928      17.9953
    1929      17.5898
    1930      17.4263
    1931      17.6853
    1932      17.2626
    1933      17.1287
    1934      17.5309
    1935      17.0271
    1936      16.9349
    1937      17.6297
    1938      17.6024
    1939      17.7069
    1940      17.4937
    1941      17.8240
    1942      17.7515
    1943      18.1906
    1944      16.8276
    1945      17.5813
    1946      17.8761
    1947      17.1698
    1948      16.9407
    1949      17.1532
    1950      17.3973
    1951      16.8586
    1952      17.3687
    1953      17.5190
    1954      17.1544
    1955      17.3227
    1956      17.2086
    1957      17.4340
    1958      17.2685
    1959      17.3650
    1960      18.1028
    1961      17.9762
    1962      17.7121
    1963      17.3274
    1964      17.2316
    1965      17.0439
    1966      17.2741
    1967      17.7329
    1968      17.2686
    1969      17.9740
    1970      17.5076
    1971      17.4113
    1972      17.1908
    1973      17.0583
    1974      16.8878
    1975      18.2008
    1976      17.4096
    1977      16.9921
    1978      17.2104
    1979      18.3199
    1980      17.2973
    1981      16.8969
    1982      17.2872
    1983      17.4140
    1984      17.3219
    1985      16.3674
    1986      16.4953
    1987      16.2648
    1988      16.5475
    1989      16.3463
    1990      16.7364
    1991      16.9182
    1992      16.3998
    1993      16.8105
    1994      16.5244
    1995      17.2184
    1996      16.6758
    1997      16.7147
    1998      16.5195
    1999      16.0817
    2000      16.6025
    2001      16.7511
    2002      16.8557
    2003      17.0912
    2004      16.3732
    2005      16.8647
    2006      16.1713
    2007      16.9504
    2008      16.9959
    2009      16.8757
    2010      16.6705
    2011      17.2666
    2012      16.7477
    2013      17.6692
    2014      17.1687
    2015      16.7770
    2016      16.9716
    2017      17.2953
    2018      17.7547
    2019      18.2287
    2020      17.7316
    2021      18.2454
    2022      18.1133
    2023      17.5009
    2024      17.3701
    2025      17.7082
    2026      18.0102
    2027      17.1971
    2028      17.4386
    2029      17.2850
    2030      17.9563
    2031      16.8243
    2032      17.4754
    2033      17.5434
    2034      17.8705
    2035      17.8076
    2036      17.3089
    2037      17.1792
    2038      17.7099
    2039      17.7641
    2040      17.3037
    2041      17.2682
    2042      17.0745
    2043      16.9401
    2044      15.5259
    2045      16.6412
    2046      16.6047
    2047      15.8945
    2048      16.2436
    2049      16.4519
    2050      16.1489
    2051      16.9374
    2052      16.7006
    2053      16.5816
    2054      16.3497
    2055      16.8711
    2056      17.0126
    2057      17.6576
    2058      17.5207
    2059      17.7081
    2060      17.6588
    2061      17.3395
    2062      17.0677
    2063      17.1295
    2064      17.4690
    2065      16.9697
    2066      17.3061
    2067      16.4978
    2068      16.9280
    2069      16.8561
    2070      16.6519
    2071      16.8966
    2072      17.3001
    2073      17.1763
    2074      16.5910
    2075      16.1563
    2076      16.8024
    2077      16.1197
    2078      16.3740
    2079      16.0152
    2080      16.8462
    2081      16.8116
    2082      17.1508
    2083      17.2325
    2084      17.2382
    2085      17.5038
    2086      17.3577
    2087      16.2694
    2088      16.6771
    2089      16.9561
    2090      16.6267
    2091      17.0936
    2092      16.6394
    2093      16.6085
    2094      17.2182
    2095      17.4914
    2096      17.4470
    2097      17.3496
    2098      17.7254
    2099      17.8673
    2100      18.3406
    2101      17.6988
    2102      18.1536
    2103      17.8427
    2104      17.1502
    2105      17.2220
    2106      17.5983
    2107      17.7950
    2108      16.6699
    2109      16.9525
    2110      16.9182
    2111      17.6598
    2112      17.2523
    2113      16.7577
    2114      17.4849
    2115      17.7122
    2116      17.6225
    2117      17.0068
    2118      17.4138
    2119      17.2918
    2120      17.4733
    2121      17.3466
    2122      17.3241
    2123      17.6068
    2124      17.7237
    2125      17.1349
    2126      17.0947
    2127      17.5013
    2128      17.3609
    2129      16.7228
    2130      16.4901
    2131      17.3392
    2132      17.5859
    2133      17.4989
    2134      17.0174
    2135      17.3138
    2136      17.1023
    2137      16.8131
    2138      17.1490
    2139      17.2691
    2140      16.8519
    2141      17.3433
    2142      17.0459
    2143      17.7520
    2144      17.1765
    2145      17.8013
    2146      17.7554
    2147      17.7603
    2148      17.2505
    2149      17.0642
    2150      17.5014
    2151      18.0370
    2152      16.5101
    2153      16.8806
    2154      16.3169
    2155      16.6625
    2156      16.9536
    2157      17.8885
    2158      18.0313
    2159      17.2689
    2160      16.7182
    2161      17.1405
    2162      16.6352
    2163      17.4973
    2164      17.1985
    2165      16.7598
    2166      17.2261
    2167      17.5754
    2168      17.5040
    2169      17.9051
    2170      17.0262
    2171      17.6864
    2172      17.3380
    2173      17.3771
    2174      16.8560
    2175      16.3776
    2176      17.5174
    2177      17.2664
    2178      17.2988
    2179      17.2345
    2180      16.6852
    2181      16.8772
    2182      17.3593
    2183      17.0738
    2184      17.4345
    2185      17.5240
    2186      17.2938
    2187      16.7663
    2188      16.7853
    2189      16.9939
    2190      16.5977
    2191      17.2864
    2192      17.7866
    2193      16.9765
    2194      17.1123
    2195      16.8685
    2196      17.4690
    2197      17.0885
    2198      17.6449
    2199      17.0547
    2200      17.0177
    2201      15.9539
    2202      16.6808
    2203      16.4294
    2204      16.0339
    2205      16.7269
    2206      16.6893
    2207      16.7168
    2208      16.4980
    2209      16.2673
    2210      16.2215
    2211      16.5948
    2212      16.8447
    2213      17.3032
    2214      16.1358
    2215      16.1156
    2216      16.4764
    2217      16.4020
    2218      15.6719
    2219      17.4445
    2220      17.6668
    2221      17.8409
    2222      17.2123
    2223      17.1456
    2224      16.9757
    2225      18.0750
    2226      17.1688
    2227      17.7412
    2228      17.2352
    2229      17.1714
    2230      17.1305
    2231      17.4221
    2232      18.3813
    2233      17.5504
    2234      17.4226
    2235      16.9268
    2236      16.4313
    2237      17.1500
    2238      16.6525
    2239      16.9639
    2240      17.1772
    2241      17.1795
    2242      17.0861
    2243      17.3206
    2244      16.8231
    2245      16.9413
    2246      17.1332
    2247      17.3379
    2248      17.0092
    2249      17.2314
    2250      17.2678
    2251      17.2630
    2252      17.5315
    2253      16.8751
    2254      16.7522
    2255      17.5708
    2256      17.8379
    2257      17.3497
    2258      17.6106
    2259      17.3385
    2260      17.6549
    2261      17.6280
    2262      17.9266
    2263      17.2670
    2264      17.6498
    2265      17.0135
    2266      17.5711
    2267      17.9051
    2268      17.2738
    2269      17.1128
    2270      17.1407
    2271      17.2081
    2272      17.5790
    2273      17.9847
    2274      18.1770
    2275      18.3230
    2276      17.7936
    2277      17.9373
    2278      17.8245
    2279      18.2262
    2280      18.2786
    2281      17.6190
    2282      17.7372
    2283      17.4014
    2284      17.8702
    2285      17.8917
    2286      17.4627
    2287      17.6551
    2288      17.3627
    2289      17.8012
    2290      17.4790
    2291      17.6031
    2292      17.3315
    2293      17.6557
    2294      17.0469
    2295      16.6102
    2296      17.3295
    2297      17.2096
    2298      17.2400
    2299      16.9361
    2300      17.2300
    2301      17.1649
    2302      17.4997
    2303      16.8091
    2304      17.2957
    2305      17.0413
    2306      16.8328
    2307      16.9140
    2308      17.1115
    2309      17.8384
    2310      17.0226
    2311      17.1706
    2312      16.9508
    2313      16.7648
    2314      16.8186
    2315      16.9857
    2316      17.1601
    2317      17.8369
    2318      17.7461
    2319      18.0440
    2320      17.0331
    2321      17.3428
    2322      16.9941
    2323      17.1031
    2324      17.8627
    2325      17.1793
    2326      17.1321
    2327      17.9998
    2328      16.4946
    2329      17.4309
    2330      17.2134
    2331      17.7212
    2332      17.2992
    2333      17.3633
    2334      17.5883
    2335      17.0957
    2336      16.3794
    2337      16.3787
    2338      16.3040
    2339      16.7935
    2340      17.0622
    2341      17.0666
    2342      16.7079
    2343      17.5174
    2344      17.3717
    2345      17.8084
    2346      17.5763
    2347      17.6536
    2348      17.9207
    2349      17.6127
    2350      17.3087
    2351      17.3442
    2352      17.0337
    2353      17.3461
    2354      17.2306
    2355      17.0256
    2356      16.9192
    2357      16.8451
    2358      16.6397
    2359      17.0741
    2360      16.8766
    2361      16.7304
    2362      17.2160
    2363      17.5388
    2364      16.8109
    2365      16.8615
    2366      17.5244
    2367      17.0289
    2368      17.0873
    2369      17.2379
    2370      17.4631
    2371      17.5413
    2372      16.9776
    2373      17.1814
    2374      17.4192
    2375      16.9767
    2376      17.6401
    2377      17.8339
    2378      16.6404
    2379      16.9145
    2380      17.3958
    2381      17.0140
    2382      16.5876
    2383      17.1964
    2384      17.6871
    2385      17.1162
    2386      17.2294
    2387      17.5607
    2388      17.2166
    2389      17.2524
    2390      17.6480
    2391      17.3081
    2392      17.0934
    2393      16.7924
    2394      17.0302
    2395      17.4670
    2396      17.9926
    2397      16.7494
    2398      17.1422
    2399      16.6383
    2400      17.5970
    2401      17.1161
    2402      16.9240
    2403      17.8203
    2404      17.9967
    2405      17.6416
    2406      18.7608
    2407      18.0230
    2408      17.5453
    2409      17.3597
    2410      17.3699
    2411      16.9654
    2412      17.8814
    2413      18.1181
    2414      17.3526
    2415      17.5871
    2416      17.9659
    2417      17.4633
    2418      17.3346
    2419      16.2439
    2420      17.1472
    2421      17.8458
    2422      16.9959
    2423      17.3486
    2424      17.5399
    2425      17.0358
    2426      16.5927
    2427      16.9430
    2428      17.0934
    2429      17.2737
    2430      17.8493
    2431      17.9137
    2432      18.0660
    2433      17.5430
    2434      17.2496
    2435      17.5360
    2436      17.2542
    2437      17.1510
    2438      17.3541
    2439      17.8097
    2440      17.6084
    2441      17.9743
    2442      18.0610
    2443      17.8668
    2444      17.2899
    2445      17.3602
    2446      17.2915
    2447      18.0793
    2448      17.5861
    2449      17.3084
    2450      16.5173
    2451      16.9626
    2452      17.1538
    2453      17.2988
    2454      17.0360
    2455      17.3046
    2456      17.5399
    2457      17.3360
    2458      17.8798
    2459      18.4821
    2460      18.5400
    2461      18.6578
    2462      18.1536
    2463      17.8027
    2464      18.1567
    2465      17.2217
    2466      17.5863
    2467      17.9300
    2468      17.6023
    2469      18.5467
    2470      17.8046
    2471      17.6403
    2472      17.9378
    2473      17.5560
    2474      17.7836
    2475      18.2783
    2476      17.5089
    2477      18.2497
    2478      18.4514
    2479      18.4990
    2480      18.2001
    2481      18.0239
    2482      18.6738
    2483      17.7205
    2484      18.0232
    2485      18.2230
    2486      17.4593
    2487      18.2130
    2488      17.8364
    2489      17.6552
    2490      16.4759
    2491      17.5478
    2492      16.9648
    2493      17.6395
    2494      17.6764
    2495      17.6022
    2496      17.5587
    2497      17.5591
    2498      17.8059
    2499      17.6417
    2500      17.1058
    2501      17.1574
    2502      17.2581
    2503      16.9921
    2504      17.7776
    2505      16.8203
    2506      16.5522
    2507      17.5961
    2508      17.5046
    2509      17.4384
    2510      17.0684
    2511      17.7728
    2512      17.6796
    2513      17.8050
    2514      17.7270
    2515      17.2519
    2516      17.3725
    2517      17.9908
    2518      18.1409
    2519      17.3145
    2520      17.7663
    2521      17.7362
    2522      17.6451
    2523      18.0186
    2524      17.8329
    2525      17.7668
    2526      17.1983
    2527      17.9006
    2528      17.6805
    2529      17.3202
    2530      17.3551
    2531      16.5629
    2532      17.4875
    2533      17.0969
    2534      16.8941
    2535      17.0990
    2536      16.8262
    2537      17.4472
    2538      17.7002
    2539      17.6103
    2540      17.4129
    2541      16.9058
    2542      17.5193
    2543      17.1707
    2544      17.2430
    2545      16.9705
    2546      17.0652
    2547      17.4770
    2548      17.4493
    2549      16.9938
    2550      17.8277
    2551      17.5270
    2552      17.2979
    2553      17.0294
    2554      17.3449
    2555      17.8181
    2556      17.0551
    2557      17.4594
    2558      17.4887
    2559      18.2514
    2560      17.5680
    2561      17.8670
    2562      17.2332
    2563      17.4010
    2564      17.6020
    2565      17.6857
    2566      17.5682
    2567      17.1409
    2568      17.2224
    2569      17.5250
    2570      17.6048
    2571      16.7717
    2572      17.1535
    2573      16.4921
    2574      16.5095
    2575      16.8914
    2576      16.8536
    2577      16.6172
    2578      16.3759
    2579      17.0432
    2580      17.1371
    2581      16.7594
    2582      17.0064
    2583      16.5411
    2584      16.6010
    2585      16.9854
    2586      17.4661
    2587      16.3633
    2588      16.0692
    2589      16.6114
    2590      16.9929
    2591      16.6969
    2592      16.7353
    2593      17.0474
    2594      17.2380
    2595      16.9980
    2596      16.5725
    2597      16.2847
    2598      16.1555
    2599      15.9505
    2600      17.1441
    2601      16.1407
    2602      16.4495
    2603      16.2426
    2604      16.6797
    2605      15.8091
    2606      16.6852
    2607      16.2158
    2608      15.7797
    2609      16.8093
    2610      16.6690
    2611      17.2172
    2612      16.9863
    2613      17.3229
    2614      17.1342
    2615      17.5719
    2616      16.9732
    2617      16.5707
    2618      17.6069
    2619      16.9606
    2620      17.4206
    2621      18.0630
    2622      17.3195
    2623      18.2314
    2624      17.9345
    2625      18.0950
    2626      17.8545
    2627      17.9199
    2628      17.1832
    2629      17.8296
    2630      17.3385
    2631      17.8516
    2632      17.9950
    2633      17.6593
    2634      17.6725
    2635      17.6295
    2636      16.9325
    2637      16.7840
    2638      16.9925
    2639      17.4189
    2640      17.8924
    2641      17.8121
    2642      17.6892
    2643      17.7757
    2644      16.4144
    2645      16.7482
    2646      17.7255
    2647      18.2452
    2648      18.0328
    2649      18.2708
    2650      17.9627
    2651      17.7308
    2652      18.0569
    2653      18.1639
    2654      17.9811
    2655      17.8235
    2656      17.8614
    2657      17.6731
    2658      18.4184
    2659      16.9368
    2660      17.8708
    2661      17.7352
    2662      17.5747
    2663      17.9758
    2664      18.0743
    2665      18.6946
    2666      18.0831
    2667      18.2731
    2668      18.6116
    2669      17.8882
    2670      17.5698
    2671      17.6177
    2672      18.0594
    2673      18.3460
    2674      18.2574
    2675      17.9726
    2676      18.4527
    2677      17.7250
    2678      17.7748
    2679      17.8002
    2680      17.9046
    2681      17.7019
    2682      18.1963
    2683      18.4426
    2684      18.5433
    2685      18.0934
    2686      18.0262
    2687      17.6504
    2688      17.8576
    2689      18.2379
    2690      18.9585
    2691      17.5109
    2692      18.0573
    2693      16.5797
    2694      17.6291
    2695      17.8608
    2696      18.0437
    2697      18.4303
    2698      18.0067
    2699      17.8223
    2700      18.1356
    2701      17.6843
    2702      17.7435
    2703      17.9376
    2704      17.7462
    2705      17.9999
    2706      17.5270
    2707      17.9375
    2708      18.1882
    2709      18.5497
    2710      18.4015
    2711      17.8698
    2712      18.1513
    2713      17.7987
    2714      17.8258
    2715      17.2386
    2716      18.2702
    2717      18.1044
    2718      17.7302
    2719      17.1880
    2720      18.0405
    2721      17.7255
    2722      18.2521
    2723      18.3455
    2724      17.5875
    2725      17.8677
    2726      18.0550
    2727      17.9940
    2728      17.1092
    2729      17.2065
    2730      17.8708
    2731      18.3991
    2732      18.5140
    2733      17.5810
    2734      18.2706
    2735      17.3437
    2736      17.0938
    2737      17.1314
    2738      17.5808
    2739      17.6609
    2740      16.7819
    2741      16.9383
    2742      17.0306
    2743      18.0203
    2744      17.2767
    2745      18.1745
    2746      18.3744
    2747      18.0372
    2748      17.8634
    2749      18.2673
    2750      18.1438
    2751      17.8099
    2752      18.6432
    2753      17.7902
    2754      17.7881
    2755      17.7135
    2756      18.3525
    2757      18.5420
    2758      18.4515
    2759      17.7211
    2760      18.2941
    2761      17.6079
    2762      17.0242
    2763      17.5525
    2764      17.4115
    2765      17.4945
    2766      16.6775
    2767      17.0398
    2768      16.9042
    2769      17.6429
    2770      17.3241
    2771      17.6409
    2772      17.8198
    2773      18.1005
    2774      18.2263
    2775      16.6207
    2776      17.5054
    2777      17.7837
    2778      16.6855
    2779      16.4564
    2780      17.0269
    2781      17.6737
    2782      17.1204
    2783      16.4260
    2784      16.4150
    2785      17.3777
    2786      18.0528
    2787      16.3554
    2788      17.4739
    2789      17.6931
    2790      17.1906
    2791      16.6130
    2792      16.8078
    2793      16.8367
    2794      16.8166
    2795      16.7763
    2796      17.4198
    2797      16.4389
    2798      16.4815
    2799      16.7985
    2800      17.1443
    2801      17.5421
    2802      16.7274
    2803      17.0581
    2804      17.4435
    2805      17.4363
    2806      17.5025
    2807      17.7161
    2808      17.1205
    2809      17.5392
    2810      17.4016
    2811      17.6667
    2812      17.5783
    2813      16.8566
    2814      16.1148
    2815      17.5170
    2816      17.6626
    2817      17.3383
    2818      17.7325
    2819      17.8970
    2820      18.4198
    2821      17.9394
    2822      17.8615
    2823      18.9863
    2824      18.6718
    2825      18.2228
    2826      18.1316
    2827      18.1083
    2828      18.6361
    2829      18.5671
    2830      17.8597
    2831      18.2553
    2832      17.9960
    2833      18.2036
    2834      18.6443
    2835      18.3681
    2836      18.5937
    2837      19.2724
    2838      19.4574
    2839      18.8412
    2840      18.0179
    2841      18.0918
    2842      17.2642
    2843      18.4426
    2844      18.3610
    2845      18.0974
    2846      18.3214
    2847      18.4573
    2848      18.0144
    2849      18.1635
    2850      19.0555
    2851      18.5040
    2852      18.4609
    2853      19.7231
    2854      17.8747
    2855      18.0763
    2856      18.7651
    2857      18.7173
    2858      19.5355
    2859      18.6759
    2860      17.9362
    2861      17.3621
    2862      17.5657
    2863      18.0304
    2864      18.3399
    2865      17.8426
    2866      18.0588
    2867      18.4963
    2868      18.7744
    2869      17.8500
    2870      18.1972
    2871      19.2537
    2872      18.3333
    2873      18.4480
    2874      18.4324
    2875      18.6671
    2876      17.7616
    2877      18.5863
    2878      18.8344
    2879      18.7475
    2880      17.8325
    2881      18.7978
    2882      18.6771
    2883      18.7030
    2884      18.9672
    2885      17.7970
    2886      18.1897
    2887      18.2044
    2888      17.9869
    2889      18.8128
    2890      18.2718
    2891      18.9821
    2892      18.4656
    2893      18.2126
    2894      18.0262
    2895      17.8818
    2896      18.6334
    2897      19.0854
    2898      18.5053
    2899      19.3446
    2900      18.5278
    2901      19.3659
    2902      19.4937
    2903      19.2555
    2904      19.4912
    2905      18.9211
    2906      19.0697
    2907      18.7680
    2908      19.3592
    2909      19.4314
    2910      19.1566
    2911      18.6712
    2912      19.0152
    2913      19.7117
    2914      19.5961
    2915      19.3711
    2916      18.8295
    2917      18.8911
    2918      19.1845
    2919      19.7581
    2920      19.1464
    2921      19.0496
    2922      18.5797
    2923      19.0089
    2924      18.3316
    2925      18.7434
    2926      19.1551
    2927      19.1525
    2928      19.0393
    2929      18.2086
    2930      18.5759
    2931      18.1290
    2932      17.8626
    2933      18.8425
    2934      18.7597
    2935      18.7851
    2936      18.5843
    2937      18.4197
    2938      18.8102
    2939      18.2142
    2940      19.0785
    2941      18.7206
    2942      18.0706
    2943      17.7884
    2944      19.0583
    2945      17.6741
    2946      17.6712
    2947      18.2241
    2948      18.2856
    2949      17.3514
    2950      17.7571
    2951      19.0263
    2952      19.1411
    2953      17.9655
    2954      18.2216
    2955      18.7880
    2956      18.9643
    2957      18.0677
    2958      17.9826
    2959      17.5954
    2960      17.5070
    2961      18.0108
    2962      18.0048
    2963      17.7665
    2964      17.4674
    2965      17.7117
    2966      18.0383
    2967      18.8441
    2968      17.9338
    2969      18.6006
    2970      18.7049
    2971      18.9312
    2972      18.8699
    2973      18.4705
    2974      18.5237
    2975      18.7517
    2976      18.3869
    2977      18.4478
    2978      19.0282
    2979      18.9019
    2980      18.3526
    2981      18.4422
    2982      18.2316
    2983      17.8700
    2984      18.0681
    2985      18.0719
    2986      18.3872
    2987      17.7437
    2988      18.1264
    2989      17.7260
    2990      18.3064
    2991      18.1664
    2992      18.1072
    2993      18.5847
    2994      18.2964
    2995      18.5176
    2996      17.7807
    2997      18.0598
    2998      17.4522
    2999      17.8641
    3000      17.7989
    3001      17.6692
    3002      17.6144
    3003      18.5866
    3004      19.1264
    3005      18.9530
    3006      18.8931
    3007      18.8152
    3008      19.0090
    3009      19.0639
    3010      18.7171
    3011      18.8247
    3012      18.3589
    3013      17.9594
    3014      18.4371
    3015      18.3488
    3016      18.5901
    3017      18.3203
    3018      19.0161
    3019      18.7860
    3020      19.1546
    3021      19.7655
    3022      18.7363
    3023      18.5278
    3024      18.8794
    3025      18.8721
    3026      19.0953
    3027      18.9044
    3028      17.8901
    3029      18.1547
    3030      18.6257
    3031      17.8297
    3032      18.0804
    3033      17.6715
    3034      18.0117
    3035      17.8455
    3036      18.2405
    3037      18.8120
    3038      19.7994
    3039      19.2143
    3040      19.5173
    3041      19.4042
    3042      19.3810
    3043      19.1432
    3044      19.1931
    3045      19.2944
    3046      19.1160
    3047      19.0175
    3048      19.0057
    3049      19.3756
    3050      19.3840
    3051      18.5234
    3052      18.5962
    3053      18.4453
    3054      18.2491
    3055      18.6728
    3056      18.1149
    3057      18.7122
    3058      19.3980
    3059      19.4484
    3060      18.9320
    3061      19.4339
    3062      19.5262
    3063      19.2840
    3064      19.1609
    3065      19.6267
    3066      19.4745
    3067      19.0517
    3068      18.2350
    3069      19.1706
    3070      18.4769
    3071      17.9371
    3072      17.9704
    3073      18.3696
    3074      19.2402
    3075      18.8342
    3076      18.7377
    3077      18.0653
    3078      18.6090
    3079      18.2003
    3080      18.0654
    3081      18.5859
    3082      17.9819
    3083      18.9785
    3084      18.3538
    3085      18.8199
    3086      18.7999
    3087      18.6716
    3088      18.4969
    3089      18.1017
    3090      18.4277
    3091      18.4543
    3092      18.3033
    3093      18.3116
    3094      18.4553
    3095      18.0719
    3096      18.5650
    3097      18.3312
    3098      18.4900
    3099      17.7180
    3100      18.7168
    3101      18.4285
    3102      18.5959
    3103      18.3322
    3104      18.2123
    3105      17.9656
    3106      18.3903
    3107      17.1661
    3108      17.6850
    3109      17.6561
    3110      17.1603
    3111      17.8871
    3112      17.4331
    3113      17.9170
    3114      17.4883
    3115      17.8656
    3116      17.7898
    3117      18.1603
    3118      18.9676
    3119      18.4022
    3120      18.0857
    3121      17.6693
    3122      17.3101
    3123      17.6610
    3124      17.3937
    3125      17.5028
    3126      16.9605
    3127      17.5501
    3128      17.4977
    3129      17.4966
    3130      15.9762
    3131      16.6091
    3132      16.7646
    3133      17.1348
    3134      17.8081
    3135      17.8011
    3136      17.3439
    3137      17.3412
    3138      18.1359
    3139      17.8235
    3140      18.5327
    3141      18.0963
    3142      18.4418
    3143      19.0714
    3144      18.7688
    3145      18.9209
    3146      19.1127
    3147      18.4351
    3148      18.0387
    3149      17.7535
    3150      18.1137
    3151      18.3519
    3152      18.7363
    3153      18.5612
    3154      18.5120
    3155      19.5558
    3156      19.0504
    3157      18.6565
    3158      18.5868
    3159      18.3713
    3160      18.4740
    3161      18.8821
    3162      18.9622
    3163      19.3812
    3164      18.3040
    3165      19.1436
    3166      18.6856
    3167      18.5369
    3168      18.6197
    3169      18.8329
    3170      18.6516
    3171      17.7268
    3172      18.2487
    3173      18.9109
    3174      18.5983
    3175      17.6437
    3176      18.3098
    3177      18.0913
    3178      18.2655
    3179      17.3290
    3180      17.6163
    3181      18.3896
    3182      18.9370
    3183      18.7961
    3184      18.4343
    3185      18.2362
    3186      17.9045
    3187      19.4479
    3188      17.9458
    3189      18.5210
    3190      18.4981
    3191      17.8168
    3192      18.5715
    3193      18.5182
    3194      17.7921
    3195      18.0809
    3196      17.5232
    3197      17.9996
    3198      17.4231
    3199      17.6170
    3200      18.1839
    3201      18.3089
    3202      17.9163
    3203      18.3209
    3204      17.3382
    3205      17.7214
    3206      17.5647
    3207      17.4609
    3208      17.8010
    3209      17.3455
    3210      16.7724
    3211      17.0831
    3212      17.3409
    3213      18.2078
    3214      18.1925
    3215      18.2939
    3216      17.5574
    3217      17.5978
    3218      17.2098
    3219      16.9320
    3220      17.1481
    3221      17.0308
    3222      17.2792
    3223      17.0956
    3224      17.0302
    3225      16.5417
    3226      16.9878
    3227      17.0061
    3228      16.7383
    3229      17.8370
    3230      18.3537
    3231      18.3482
    3232      18.3151
    3233      18.2072
    3234      18.0084
    3235      18.3568
    3236      18.0580
    3237      18.1000
    3238      18.2670
    3239      17.8638
    3240      18.2940
    3241      17.8919
    3242      17.9719
    3243      17.0259
    3244      17.2663
    3245      18.0526
    3246      17.3602
    3247      17.7191
    3248      18.2917
    3249      17.2902
    3250      18.3576
    3251      18.6731
    3252      18.5182
    3253      18.1036
    3254      18.0403
    3255      17.5682
    3256      17.6013
    3257      16.9926
    3258      16.8991
    3259      17.1307
    3260      17.8404
    3261      17.6377
    3262      18.2121
    3263      17.5759
    3264      17.7686
    3265      17.6845
    3266      17.6652
    3267      16.9410
    3268      17.6453
    3269      18.1901
    3270      17.5071
    3271      17.2825
    3272      17.9071
    3273      18.6231
    3274      18.4400
    3275      17.9635
    3276      18.9353
    3277      19.0986
    3278      18.8727
    3279      18.0313
    3280      18.4103
    3281      18.2010
    3282      17.7971
    3283      17.7127
    3284      17.8742
    3285      17.4021
    3286      17.8848
    3287      17.3454
    3288      17.4756
    3289      17.7097
    3290      17.7797
    3291      17.4323
    3292      18.2815
    3293      17.6223
    3294      18.4682
    3295      18.8441
    3296      19.5392
    3297      18.8511
    3298      18.1148
    3299      18.6647
    3300      18.6885
    3301      18.0839
    3302      17.7855
    3303      17.6547
    3304      18.4436
    3305      19.0167
    3306      19.1280
    3307      19.3322
    3308      19.2146
    3309      19.0954
    3310      19.3753
    3311      19.4720
    3312      19.2195
    3313      19.8933
    3314      20.2834
    3315      18.8732
    3316      19.2102
    3317      18.8508
    3318      19.0141
    3319      19.3334
    3320      19.4366
    3321      20.2766
    3322      19.0909
    3323      19.5513
    3324      18.7531
    3325      18.8226
    3326      18.8961
    3327      18.8211
    3328      18.8637
    3329      17.8615
    3330      18.6046
    3331      19.0410
    3332      18.9044
    3333      20.1655
    3334      19.7151
    3335      19.3586
    3336      18.5673
    3337      18.5234
    3338      17.7356
    3339      18.5353
    3340      19.0866
    3341      18.7403
    3342      19.2037
    3343      19.0034
    3344      18.9111
    3345      19.5715
    3346      19.3145
    3347      18.5156
    3348      19.8302
    3349      18.8242
    3350      18.7381
    3351      18.0576
    3352      18.7629
    3353      18.4359
    3354      19.3585
    3355      19.2408
    3356      19.5184
    3357      19.3046
    3358      19.0304
    3359      19.2823
    3360      19.5070
    3361      18.9491
    3362      18.4442
    3363      19.0563
    3364      18.4561
    3365      18.6339
    3366      18.6043
    3367      17.9646
    3368      18.0046
    3369      17.6273
    3370      18.4050
    3371      18.3135
    3372      17.6591
    3373      18.3086
    3374      18.1368
    3375      18.5786
    3376      18.8419
    3377      18.3890
    3378      18.2075
    3379      18.4514
    3380      17.9963
    3381      18.7501
    3382      18.3247
    3383      18.4978
    3384      18.6185
    3385      18.6673
    3386      19.1979
    3387      18.3421
    3388      18.9782
    3389      18.9087
    3390      18.5126
    3391      18.4987
    3392      18.7085
    3393      18.2170
    3394      18.8276
    3395      19.5411
    3396      18.6978
    3397      18.8181
    3398      19.4704
    3399      19.8904
    3400      19.0088
    3401      18.4342
    3402      18.5472
    3403      18.7995
    3404      18.7546
    3405      18.4199
    3406      19.2815
    3407      18.8136
    3408      19.2256
    3409      17.5694
    3410      17.9940
    3411      18.2000
    3412      18.9549
    3413      18.6790
    3414      18.8539
    3415      19.0885
    3416      19.3061
    3417      18.7349
    3418      17.7848
    3419      18.7572
    3420      18.2368
    3421      19.0261
    3422      19.0644
    3423      18.0755
    3424      18.7547
    3425      17.3813
    3426      17.9706
    3427      18.3026
    3428      18.7011
    3429      18.4041
    3430      18.9771
    3431      17.9218
    3432      18.4065
    3433      18.1709
    3434      18.2133
    3435      18.3939
    3436      18.7011
    3437      18.6064
    3438      17.8254
    3439      18.6458
    3440      18.4967
    3441      18.2300
    3442      19.2488
    3443      18.8610
    3444      18.3365
    3445      18.0719
    3446      17.6091
    3447      18.0023
    3448      18.4307
    3449      18.9225
    3450      19.5327
    3451      17.9426
    3452      18.4511
    3453      17.8652
    3454      17.5435
    3455      17.8015
    3456      17.6884
    3457      17.9628
    3458      16.9844
    3459      17.4238
    3460      18.0285
    3461      18.0615
    3462      18.0155
    3463      18.1536
    3464      17.9254
    3465      17.3232
    3466      18.1457
    3467      18.3807
    3468      17.6207
    3469      17.2510
    3470      17.1034
    3471      17.6958
    3472      17.6953
    3473      17.9549
    3474      16.7944
    3475      17.1931
    3476      17.1698
    3477      18.3154
    3478      17.4200
    3479      17.7589
    3480      17.3414
    3481      18.5914
    3482      18.3743
    3483      17.3416
    3484      17.9243
    3485      17.8914
    3486      18.4243
    3487      17.9757
    3488      18.4423
    3489      18.6892
    3490      19.0777
    3491      18.7319
    3492      19.3234
    3493      17.8350
    3494      18.8595
    3495      19.1455
    3496      18.7169
    3497      19.2191
    3498      18.6174
    3499      18.4357
    3500      18.7785
    3501      17.9118
    3502      17.5685
    3503      18.5185
    3504      17.1000
    3505      16.9193
    3506      17.1934
    3507      17.7773
    3508      17.0670
    3509      17.7652
    3510      17.9887
    3511      18.1197
    3512      17.9478
    3513      18.0999
    3514      18.0103
    3515      18.2659
    3516      19.7418
    3517      18.8041
    3518      18.1980
    3519      17.7531
    3520      17.2472
    3521      18.2908
    3522      17.2105
    3523      17.8685
    3524      18.3946
    3525      17.7061
    3526      17.5758
    3527      17.5128
    3528      17.9746
    3529      16.9694
    3530      17.5520
    3531      18.0457
    3532      18.0776
    3533      17.3817
    3534      17.5144
    3535      17.4720
    3536      18.3598
    3537      19.0451
    3538      18.4860
    3539      17.9195
    3540      18.6182
    3541      18.1855
    3542      17.9596
    3543      17.4904
    3544      17.7019
    3545      17.8906
    3546      17.5765
    3547      17.8841
    3548      17.6318
    3549      16.5091
    3550      17.5086
    3551      17.7641
    3552      17.4410
    3553      17.4789
    3554      18.0220
    3555      17.7091
    3556      18.9676
    3557      19.0166
    3558      19.4523
    3559      18.9317
    3560      19.0152
    3561      18.2192
    3562      18.1359
    3563      18.9475
    3564      18.7015
    3565      18.4069
    3566      18.1180
    3567      18.4422
    3568      18.2765
    3569      18.1225
    3570      18.0634
    3571      18.5172
    3572      17.7958
    3573      17.8663
    3574      18.9350
    3575      19.6323
    3576      18.3029
    3577      19.3276
    3578      18.5752
    3579      17.7154
    3580      17.6903
    3581      17.4807
    3582      17.9019
    3583      17.7801
    3584      17.8576
    3585      17.3618
    3586      17.3325
    3587      18.1798
    3588      18.0766
    3589      18.6180
    3590      17.9281
    3591      18.1170
    3592      18.6448
    3593      18.4155
    3594      18.4999
    3595      18.0903
    3596      18.8166
    3597      17.7058
    3598      17.8347
    3599      18.6196
    3600      17.8384
    3601      18.2108
    3602      17.8387
    3603      17.6966
    3604      18.0888
    3605      18.2242
    3606      17.8761
    3607      17.7538
    3608      17.7029
    3609      18.4421
    3610      18.4291
    3611      18.5974
    3612      18.4272
    3613      18.6700
    3614      17.9381
    3615      17.9753
    3616      18.9079
    3617      17.9083
    3618      17.8762
    3619      18.2995
    3620      17.7375
    3621      18.4668
    3622      17.9902
    3623      18.1484
    3624      18.4472
    3625      18.9088
    3626      20.1088
    3627      18.9282
    3628      18.6037
    3629      18.4209
    3630      18.8393
    3631      19.4313
    3632      19.3836
    3633      18.9024
    3634      17.4200
    3635      17.6349
    3636      17.5338
    3637      17.3155
    3638      18.0409
    3639      17.5704
    3640      17.6300
    3641      18.1133
    3642      17.9314
    3643      17.3733
    3644      17.4568
    3645      17.4602
    3646      16.6792
    3647      18.0598
    3648      18.1205
    3649      17.4432
    3650      17.8051
    3651      17.2910
    3652      17.5840
    3653      17.7894
    3654      17.1754
    3655      18.5896
    3656      19.3018
    3657      18.0692
    3658      18.0655
    3659      18.1246
    3660      16.9921
    3661      17.0269
    3662      17.9554
    3663      17.6965
    3664      18.0133
    3665      17.7077
    3666      16.9386
    3667      17.9869
    3668      17.6324
    3669      18.3949
    3670      18.0937
    3671      17.9120
    3672      17.4312
    3673      17.9560
    3674      18.0658
    3675      17.7197
    3676      18.6246
    3677      18.1247
    3678      18.1970
    3679      17.6340
    3680      17.7166
    3681      17.5476
    3682      18.5934
    3683      17.9312
    3684      17.8912
    3685      18.4105
    3686      18.6126
    3687      18.4161
    3688      17.8899
    3689      18.9150
    3690      18.6233
    3691      18.9149
    3692      18.1103
    3693      19.1504
    3694      18.7891
    3695      19.5304
    3696      18.8513
    3697      18.6176
    3698      18.1357
    3699      17.9090
    3700      17.2569
    3701      17.4594
    3702      17.9434
    3703      17.5196
    3704      17.3910
    3705      18.0294
    3706      18.1802
    3707      18.9201
    3708      17.8152
    3709      18.1543
    3710      18.2767
    3711      18.2428
    3712      19.1420
    3713      18.6203
    3714      18.7705
    3715      18.3074
    3716      18.2243
    3717      18.5822
    3718      17.7858
    3719      17.5055
    3720      17.6497
    3721      17.9825
    3722      18.1974
    3723      18.5524
    3724      18.5043
    3725      18.1326
    3726      17.9298
    3727      19.5204
    3728      18.4607
    3729      18.2174
    3730      18.4170
    3731      17.9987
    3732      18.6334
    3733      17.8742
    3734      18.0241
    3735      18.1809
    3736      17.7990
    3737      17.9939
    3738      17.7788
    3739      18.1107
    3740      18.2175
    3741      18.5050
    3742      18.6086
    3743      19.3147
    3744      19.2360
    3745      18.7731
    3746      19.2135
    3747      19.0156
    3748      19.3709
    3749      18.6401
    3750      18.3013
    3751      18.9531
    3752      18.1159
    3753      17.8899
    3754      18.2231
    3755      18.2805
    3756      18.5938
    3757      18.5933
    3758      19.0757
    3759      18.6299
    3760      19.0566
    3761      18.3049
    3762      18.3374
    3763      18.4921
    3764      18.6081
    3765      18.9984
    3766      18.6382
    3767      18.4190
    3768      18.5233
    3769      18.6219
    3770      18.5757
    3771      18.3171
    3772      17.7613
    3773      17.7337
    3774      17.9056
    3775      18.5634
    3776      18.6439
    3777      19.4758
    3778      18.5877
    3779      18.2437
    3780      18.6096
    3781      18.4497
    3782      18.8026
    3783      18.6822
    3784      18.5952
    3785      18.2242
    3786      18.1263
    3787      18.0589
    3788      18.5712
    3789      18.7932
    3790      19.0114
    3791      18.7825
    3792      19.6882
    3793      18.3303
    3794      19.2457
    3795      18.9134
    3796      17.4600
    3797      18.3638
    3798      18.4208
    3799      17.8980
    3800      18.0302
    3801      17.5175
    3802      17.9705
    3803      18.3586
    3804      18.2655
    3805      17.9613
    3806      18.6261
    3807      18.6585
    3808      18.9937
    3809      19.3154
    3810      18.9436
    3811      19.3867
    3812      18.3089
    3813      18.2978
    3814      18.8354
    3815      18.1426
    3816      18.8399
    3817      18.8623
    3818      19.3407
    3819      19.0239
    3820      18.6442
    3821      19.4496
    3822      18.9756
    3823      19.0112
    3824      18.0754
    3825      18.6546
    3826      18.8280
    3827      18.4421
    3828      18.6252
    3829      18.9350
    3830      19.5732
    3831      18.4317
    3832      18.7647
    3833      18.7439
    3834      18.5606
    3835      18.3278
    3836      17.6580
    3837      17.5681
    3838      18.2767
    3839      18.1001
    3840      17.6681
    3841      19.1627
    3842      18.3339
    3843      17.7130
    3844      18.3751
    3845      18.3773
    3846      18.3963
    3847      18.4173
    3848      19.4402
    3849      17.7666
    3850      18.4277
    3851      18.5520
    3852      18.4002
    3853      18.4871
    3854      18.3233
    3855      18.0905
    3856      18.2294
    3857      18.5966
    3858      18.4842
    3859      18.0411
    3860      18.3244
    3861      17.6059
    3862      18.1810
    3863      18.5224
    3864      18.8247
    3865      19.2935
    3866      18.8847
    3867      18.1763
    3868      18.8082
    3869      17.3176
    3870      18.1163
    3871      18.0302
    3872      18.5396
    3873      18.2162
    3874      18.9774
    3875      18.9103
    3876      17.9259
    3877      18.3773
    3878      17.7997
    3879      17.7459
    3880      18.7212
    3881      18.2919
    3882      18.1971
    3883      17.0189
    3884      18.3194
    3885      18.2125
    3886      18.1467
    3887      17.7568
    3888      19.1717
    3889      18.5591
    3890      18.4836
    3891      18.5254
    3892      18.5754
    3893      17.7040
    3894      18.2401
    3895      18.2499
    3896      18.8166
    3897      17.7780
    3898      18.0665
    3899      18.9620
    3900      19.1026
    3901      18.5295
    3902      18.6211
    3903      18.3695
    3904      18.5942
    3905      18.9346
    3906      18.3266
    3907      17.4011
    3908      18.7411
    3909      18.2628
    3910      18.6002
    3911      19.6819
    3912      17.6336
    3913      17.8589
    3914      18.5271
    3915      18.2945
    3916      17.9420
    3917      18.6932
    3918      18.6685
    3919      18.0853
    3920      18.2588
    3921      18.8639
    3922      18.8292
    3923      19.4073
    3924      19.8717
    3925      19.6934
    3926      19.0615
    3927      18.6085
    3928      18.0042
    3929      19.3757
    3930      18.9916
    3931      19.1223
    3932      18.2017
    3933      17.9548
    3934      19.3690
    3935      18.9556
    3936      18.0712
    3937      17.7111
    3938      18.5542
    3939      18.2969
    3940      18.6063
    3941      18.2481
    3942      19.2974
    3943      19.0118
    3944      18.4904
    3945      18.9141
    3946      18.3274
    3947      18.1865
    3948      19.2440
    3949      18.4167
    3950      17.3479
    3951      18.5443
    3952      17.2486
    3953      17.4537
    3954      18.5135
    3955      18.1404
    3956      18.0486
    3957      18.5433
    3958      18.0061
    3959      18.4618
    3960      18.0475
    3961      18.6642
    3962      18.7487
    3963      18.2207
    3964      17.7484
    3965      18.1169
    3966      18.6765
    3967      18.9930
    3968      18.3855
    3969      18.3288
    3970      18.9072
    3971      18.6152
    3972      18.0251
    3973      19.0657
    3974      18.3431
    3975      17.8104
    3976      18.6515
    3977      17.8186
    3978      19.1419
    3979      17.8811
    3980      18.0885
    3981      17.6115
    3982      17.6153
    3983      17.5238
    3984      18.7265
    3985      17.9931
    3986      18.0279
    3987      18.4401
    3988      19.0159
    3989      19.3821
    3990      18.7382
    3991      18.6109
    3992      18.5045
    3993      17.7843
    3994      17.7790
    3995      18.2107
    3996      18.1124
    3997      18.0614
    3998      18.1067
    3999      18.5994
    4000      17.4338
    4001      17.8266
    4002      18.2811
    4003      18.1969
    4004      18.2125
    4005      18.4540
    4006      17.8081
    4007      17.7735
    4008      18.0176
    4009      17.8084
    4010      17.8996
    4011      17.0948
    4012      18.3407
    4013      17.6667
    4014      17.6189
    4015      16.9578
    4016      16.8466
    4017      17.2689
    4018      16.1949
    4019      16.2106
    4020      17.7697
    4021      17.8268
    4022      17.4073
    4023      16.9002
    4024      18.0742
    4025      18.5820
    4026      17.9562
    4027      18.9960
    4028      18.8182
    4029      17.9366
    4030      17.0690
    4031      17.3376
    4032      17.7188
    4033      18.6794
    4034      19.3088
    4035      19.1463
    4036      18.6234
    4037      19.0173
    4038      19.1526
    4039      18.8348
    4040      19.0591
    4041      18.6672
    4042      17.8962
    4043      17.8321
    4044      18.3109
    4045      19.1908
    4046      18.9939
    4047      18.7898
    4048      19.2060
    4049      18.0847
    4050      18.6203
    4051      18.0765
    4052      18.8007
    4053      18.2495
    4054      17.9471
    4055      17.6113
    4056      18.4700
    4057      18.7625
    4058      18.4678
    4059      18.6360
    4060      18.8970
    4061      17.9485
    4062      18.2542
    4063      19.1965
    4064      18.4279
    4065      18.7732
    4066      18.2001
    4067      18.7595
    4068      18.2726
    4069      18.3682
    4070      19.0104
    4071      18.9719
    4072      19.4294
    4073      19.2861
    4074      18.6560
    4075      18.6057
    4076      19.1810
    4077      18.4132
    4078      18.8613
    4079      19.1917
    4080      18.9491
    4081      19.4438
    4082      19.0045
    4083      19.4275
    4084      18.9350
    4085      18.5699
    4086      18.1718
    4087      19.4454
    4088      18.3429
    4089      19.6643
    4090      18.9402
    4091      18.5307
    4092      18.5578
    4093      18.0310
    4094      18.4952
    4095      18.4081
    4096      18.0362
    4097      18.5179
    4098      18.6096
    4099      17.1266
    4100      17.7747
    4101      17.3404
    4102      17.9098
    4103      18.2094
    4104      18.7697
    4105      18.5445
    4106      17.6624
    4107      18.8725
    4108      17.2562
    4109      17.9360
    4110      18.4728
    4111      18.2960
    4112      18.4645
    4113      18.6824
    4114      17.8155
    4115      17.9070
    4116      18.1039
    4117      17.5381
    4118      18.8953
    4119      18.4714
    4120      17.8606
    4121      18.8132
    4122      17.8616
    4123      18.3094
    4124      18.5041
    4125      19.1378
    4126      19.1018
    4127      18.0855
    4128      19.1858
    4129      17.5679
    4130      17.6427
    4131      17.9748
    4132      18.2380
    4133      18.6283
    4134      19.0516
    4135      19.1952
    4136      19.2945
    4137      19.4521
    4138      19.1409
    4139      18.7033
    4140      18.4101
    4141      18.8001
    4142      18.6702
    4143      18.6437
    4144      18.5044
    4145      18.4421
    4146      17.6307
    4147      18.8157
    4148      18.4432
    4149      19.2277
    4150      18.2264
    4151      19.5253
    4152      18.5887
    4153      18.6854
    4154      17.4794
    4155      17.3735
    4156      17.2113
    4157      17.7405
    4158      18.2342
    4159      18.0841
    4160      17.2434
    4161      17.1515
    4162      18.0671
    4163      17.4836
    4164      18.1647
    4165      18.4836
    4166      19.7536
    4167      18.9740
    4168      18.5992
    4169      19.2702
    4170      18.3940
    4171      18.1562
    4172      19.0035
    4173      19.0656
    4174      18.8581
    4175      18.3332
    4176      17.9496
    4177      18.3974
    4178      18.6499
    4179      18.6920
    4180      17.8439
    4181      16.7273
    4182      17.2622
    4183      18.1904
    4184      17.8091
    4185      17.7689
    4186      18.1099
    4187      17.0949
    4188      17.2243
    4189      16.7220
    4190      17.1063
    4191      17.7347
    4192      17.5788
    4193      17.1691
    4194      17.4746
    4195      16.8469
    4196      16.9005
    4197      16.6777
    4198      17.5570
    4199      17.0556
    4200      17.4471
    4201      17.6252
    4202      16.3568
    4203      15.3954
    4204      16.3019
    4205      16.8013
    4206      16.0750
    4207      17.0177
    4208      15.9893
    4209      16.4803
    4210      16.3518
    4211      15.3976
    4212      15.7338
    4213      16.7599
    4214      15.9504
    4215      15.5977
    4216      16.5609
    4217      16.9306
    4218      16.6314
    4219      17.7827
    4220      16.9284
    4221      17.3220
    4222      17.3262
    4223      17.4178
    4224      17.3107
    4225      17.9264
    4226      17.3740
    4227      17.2886
    4228      17.7493
    4229      17.6108
    4230      17.0574
    4231      17.2503
    4232      17.2214
    4233      16.7384
    4234      16.6528
    4235      17.3330
    4236      17.1965
    4237      17.4161
    4238      16.4723
    4239      17.6196
    4240      17.0893
    4241      18.3239
    4242      18.9364
    4243      18.3573
    4244      18.0022
    4245      18.5156
    4246      18.5258
    4247      18.0008
    4248      18.4206
    4249      17.9247
    4250      18.2388
    4251      17.9483
    4252      18.6475
    4253      18.7830
    4254      18.8239
    4255      17.6083
    4256      17.7798
    4257      17.4680
    4258      17.8593
    4259      18.2048
    4260      18.5337
    4261      19.2999
    4262      18.5521
    4263      18.7875
    4264      18.1263
    4265      18.3338
    4266      18.0122
    4267      18.4937
    4268      17.8641
    4269      18.0470
    4270      17.5724
    4271      18.5618
    4272      19.1106
    4273      18.8302
    4274      18.7607
    4275      18.6579
    4276      18.7917
    4277      18.7260
    4278      18.1589
    4279      17.4026
    4280      17.5341
    4281      17.6763
    4282      18.2351
    4283      17.5660
    4284      17.5906
    4285      17.2833
    4286      18.2291
    4287      17.2660
    4288      17.4512
    4289      17.4442
    4290      17.3117
    4291      18.1984
    4292      18.4268
    4293      18.2960
    4294      18.0805
    4295      18.6486
    4296      18.2603
    4297      17.6911
    4298      18.0885
    4299      17.7381
    4300      17.9126
    4301      17.4411
    4302      17.9420
    4303      17.8536
    4304      18.1379
    4305      17.7228
    4306      17.7880
    4307      19.0151
    4308      18.6478
    4309      18.6986
    4310      18.7704
    4311      18.3055
    4312      17.8416
    4313      18.0455
    4314      18.0692
    4315      18.2361
    4316      18.0867
    4317      18.1564
    4318      18.2082
    4319      17.4689
    4320      17.7260
    4321      18.3948
    4322      18.1150
    4323      17.8996
    4324      17.9843
    4325      18.4753
    4326      17.4390
    4327      17.3700
    4328      17.9925
    4329      17.5427
    4330      17.9399
    4331      17.4367
    4332      18.1926
    4333      18.4971
    4334      18.3846
    4335      18.6726
    4336      17.5862
    4337      18.2201
    4338      19.4326
    4339      18.5100
    4340      18.0955
    4341      18.2019
    4342      18.4528
    4343      18.4210
    4344      18.0953
    4345      18.8238
    4346      18.2750
    4347      18.2384
    4348      18.5313
    4349      17.9356
    4350      18.1619
    4351      18.0253
    4352      17.4800
    4353      17.7428
    4354      18.2056
    4355      18.2643
    4356      18.7314
    4357      18.6856
    4358      17.8584
    4359      17.8396
    4360      17.7721
    4361      17.9582
    4362      18.6660
    4363      18.5922
    4364      19.0660
    4365      18.5824
    4366      17.7055
    4367      18.3250
    4368      18.2879
    4369      18.4374
    4370      18.4887
    4371      18.4149
    4372      17.5908
    4373      18.1924
    4374      18.0832
    4375      17.7000
    4376      18.1944
    4377      18.0124
    4378      18.5757
    4379      17.7339
    4380      18.6960
    4381      19.0789
    4382      18.8501
    4383      19.1769
    4384      18.9275
    4385      18.4926
    4386      18.3048
    4387      18.2799
    4388      18.5261
    4389      18.7060
    4390      18.6610
    4391      17.9193
    4392      18.7653
    4393      18.6152
    4394      18.3006
    4395      17.4715
    4396      16.7889
    4397      17.3219
    4398      17.4216
    4399      17.4815
    4400      17.6592
    4401      17.3896
    4402      17.5488
    4403      17.7161
    4404      17.5121
    4405      18.1500
    4406      18.3034
    4407      18.2905
    4408      18.1375
    4409      17.5686
    4410      17.8372
    4411      17.7807
    4412      17.5608
    4413      18.0701
    4414      18.0170
    4415      17.2899
    4416      17.4469
    4417      18.0031
    4418      17.2526
    4419      17.2326
    4420      17.1868
    4421      18.0188
    4422      17.8025
    4423      17.9721
    4424      17.5871
    4425      17.8279
    4426      17.7963
    4427      17.4083
    4428      17.2354
    4429      17.6904
    4430      17.7035
    4431      17.8496
    4432      17.9287
    4433      18.1035
    4434      18.1178
    4435      17.8153
    4436      18.6128
    4437      18.9242
    4438      18.9077
    4439      19.2746
    4440      18.6883
    4441      18.4699
    4442      18.7928
    4443      18.8869
    4444      18.1616
    4445      18.6746
    4446      18.7986
    4447      18.1997
    4448      17.8081
    4449      18.5937
    4450      18.7847
    4451      19.1300
    4452      18.1991
    4453      18.7633
    4454      18.5096
    4455      18.3552
    4456      18.7358
    4457      18.8101
    4458      19.4071
    4459      18.9251
    4460      17.8890
    4461      18.5397
    4462      18.0958
    4463      16.9748
    4464      16.9788
    4465      18.2933
    4466      17.7670
    4467      18.6001
    4468      18.6196
    4469      18.4294
    4470      19.1163
    4471      19.0205
    4472      18.5492
    4473      19.0223
    4474      18.7639
    4475      18.4342
    4476      17.7270
    4477      17.8783
    4478      18.0589
    4479      18.3373
    4480      18.3712
    4481      17.9522
    4482      17.7095
    4483      17.7931
    4484      18.1581
    4485      17.7390
    4486      17.6727
    4487      18.1403
    4488      17.6819
    4489      18.1718
    4490      18.6491
    4491      18.2896
    4492      18.5102
    4493      18.9723
    4494      18.8667
    4495      18.0470
    4496      18.7077
    4497      18.4583
    4498      18.0197
    4499      17.5268
    4500      17.2777
    4501      17.3599
    4502      18.1086
    4503      17.5694
    4504      17.4234
    4505      18.2915
    4506      17.7547
    4507      17.4427
    4508      18.2683
    4509      18.1100
    4510      17.3288
    4511      17.6411
    4512      18.1239
    4513      18.6141
    4514      18.0069
    4515      17.8266
    4516      17.9955
    4517      18.9562
    4518      18.6731
    4519      18.5004
    4520      18.6698
    4521      18.2515
    4522      18.4682
    4523      18.3195
    4524      18.5432
    4525      17.8492
    4526      17.9459
    4527      18.4406
    4528      19.2529
    4529      18.4934
    4530      18.6495
    4531      18.4113
    4532      18.1618
    4533      18.5089
    4534      18.4824
    4535      18.2121
    4536      18.6089
    4537      17.6756
    4538      18.7097
    4539      18.0997
    4540      18.2123
    4541      17.9365
    4542      18.7083
    4543      18.3711
    4544      18.8675
    4545      18.6534
    4546      19.4523
    4547      18.9054
    4548      17.8688
    4549      18.7089
    4550      18.5170
    4551      17.9458
    4552      18.7436
    4553      17.9625
    4554      18.1963
    4555      18.2410
    4556      18.5488
    4557      17.9404
    4558      18.4063
    4559      18.5215
    4560      17.7437
    4561      17.9953
    4562      17.8053
    4563      18.3165
    4564      18.8930
    4565      19.1169
    4566      18.4704
    4567      18.7692
    4568      18.5112
    4569      17.6442
    4570      18.5170
    4571      18.2551
    4572      18.3839
    4573      18.0365
    4574      18.8570
    4575      18.8746
    4576      18.2398
    4577      18.6217
    4578      18.5604
    4579      17.8179
    4580      17.4986
    4581      17.6154
    4582      17.6290
    4583      18.1864
    4584      18.0429
    4585      17.6844
    4586      17.8464
    4587      18.8401
    4588      17.7697
    4589      19.1185
    4590      19.0020
    4591      18.3795
    4592      18.7189
    4593      18.4061
    4594      18.9269
    4595      18.5259
    4596      18.9428
    4597      18.1528
    4598      18.3983
    4599      18.3693
    4600      18.5810
    4601      18.5298
    4602      18.3967
    4603      18.3315
    4604      18.2982
    4605      18.6129
    4606      18.8894
    4607      18.1744
    4608      17.9113
    4609      18.4428
    4610      18.3338
    4611      18.3715
    4612      17.4368
    4613      17.8872
    4614      18.8665
    4615      18.2907
    4616      18.4067
    4617      17.8780
    4618      18.3656
    4619      18.1479
    4620      18.6086
    4621      18.6936
    4622      17.8853
    4623      18.4408
    4624      18.5019
    4625      19.3446
    4626      18.5631
    4627      19.7626
    4628      19.4110
    4629      19.2775
    4630      18.3251
    4631      17.6383
    4632      18.0562
    4633      19.0304
    4634      19.0650
    4635      18.9305
    4636      18.4262
    4637      17.8584
    4638      17.8264
    4639      17.4122
    4640      17.4642
    4641      17.9682
    4642      17.9277
    4643      18.0866
    4644      17.6243
    4645      17.6555
    4646      18.3181
    4647      18.4056
    4648      17.8045
    4649      18.4305
    4650      19.1625
    4651      18.6641
    4652      18.5306
    4653      18.6920
    4654      17.7351
    4655      18.8933
    4656      18.4091
    4657      18.9510
    4658      19.2986
    4659      19.0948
    4660      18.7626
    4661      19.1728
    4662      18.5174
    4663      19.1442
    4664      18.5154
    4665      18.2726
    4666      18.0019
    4667      17.2842
    4668      18.4981
    4669      17.6600
    4670      16.5781
    4671      17.4410
    4672      16.5276
    4673      16.6175
    4674      17.6891
    4675      17.5491
    4676      17.3968
    4677      16.8219
    4678      17.5048
    4679      17.7559
    4680      17.6709
    4681      17.9596
    4682      18.1610
    4683      18.5436
    4684      18.3520
    4685      18.3749
    4686      17.8416
    4687      18.0729
    4688      17.5432
    4689      18.7981
    4690      18.2646
    4691      18.4102
    4692      17.6762
    4693      18.4143
    4694      18.2422
    4695      18.5187
    4696      17.3668
    4697      17.8374
    4698      16.5438
    4699      16.4177
    4700      16.4787
    4701      16.9038
    4702      17.8361
    4703      17.1190
    4704      16.4733
    4705      16.9504
    4706      17.2089
    4707      17.0146
    4708      17.3578
    4709      17.7643
    4710      18.1727
    4711      17.5353
    4712      17.2734
    4713      16.4807
    4714      16.4384
    4715      17.3549
    4716      17.2418
    4717      16.4023
    4718      16.3495
    4719      16.8813
    4720      16.7978
    4721      16.9510
    4722      16.3778
    4723      16.1722
    4724      16.9665
    4725      17.0037
    4726      17.1641
    4727      16.8768
    4728      17.2178
    4729      17.2800
    4730      16.9122
    4731      17.9231
    4732      17.5631
    4733      17.8847
    4734      17.5349
    4735      16.7943
    4736      16.5930
    4737      16.5993
    4738      17.3134
    4739      15.7285
    4740      15.4519
    4741      16.2850
    4742      16.8697
    4743      16.7219
    4744      16.0029
    4745      15.4693
    4746      16.0669
    4747      16.5594
    4748      16.5977
    4749      15.8441
    4750      16.9354
    4751      16.9540
    4752      16.7975
    4753      16.6923
    4754      17.2735
    4755      17.9607
    4756      18.0807
    4757      17.4034
    4758      17.2707
    4759      17.2671
    4760      16.8346
    4761      17.0951
    4762      17.0385
    4763      17.0689
    4764      16.9782
    4765      16.8414
    4766      17.3431
    4767      17.6458
    4768      17.4861
    4769      18.4127
    4770      18.2295
    4771      18.3163
    4772      18.4008
    4773      17.1030
    4774      17.9703
    4775      17.8938
    4776      18.4886
    4777      18.0600
    4778      17.8881
    4779      18.6253
    4780      18.3187
    4781      18.5985
    4782      18.7920
    4783      18.5911
    4784      18.4134
    4785      18.0327
    4786      18.5540
    4787      18.6644
    4788      18.6560
    4789      19.1788
    4790      18.4679
    4791      18.1813
    4792      18.5275
    4793      18.9528
    4794      18.4085
    4795      18.2062
    4796      19.0471
    4797      18.0854
    4798      18.0441
    4799      19.0447
    4800      19.0820
    4801      19.1703
    4802      19.2514
    4803      17.5545
    4804      18.3460
    4805      17.5444
    4806      17.6497
    4807      16.8742
    4808      17.2279
    4809      17.5967
    4810      17.5470
    4811      17.6734
    4812      17.1032
    4813      18.1374
    4814      17.9095
    4815      17.7449
    4816      17.4641
    4817      17.2858
    4818      17.9190
    4819      17.9712
    4820      17.9501
    4821      18.1367
    4822      18.1093
    4823      18.1045
    4824      18.4987
    4825      18.4084
    4826      17.8826
    4827      17.8892
    4828      18.6110
    4829      17.9184
    4830      17.7942
    4831      17.8689
    4832      18.2873
    4833      18.8783
    4834      18.9299
    4835      17.7214
    4836      18.5203
    4837      18.3460
    4838      18.0730
    4839      18.4492
    4840      18.6382
    4841      18.2241
    4842      18.1403
    4843      17.7512
    4844      18.3646
    4845      17.4682
    4846      17.9741
    4847      17.9673
    4848      18.0645
    4849      17.6582
    4850      17.2085
    4851      16.8139
    4852      17.8497
    4853      17.0911
    4854      17.2707
    4855      17.1954
    4856      17.4963
    4857      17.3049
    4858      17.5950
    4859      18.2816
    4860      17.5877
    4861      17.5336
    4862      17.8746
    4863      18.4961
    4864      18.2387
    4865      17.7675
    4866      17.6989
    4867      17.8964
    4868      17.9889
    4869      17.8041
    4870      18.5511
    4871      18.4172
    4872      18.9883
    4873      18.1326
    4874      18.1132
    4875      18.4070
    4876      17.9135
    4877      18.8635
    4878      18.8703
    4879      18.8670
    4880      18.5905
    4881      18.1639
    4882      18.1483
    4883      17.2250
    4884      18.3286
    4885      17.7647
    4886      18.1010
    4887      17.9531
    4888      18.5050
    4889      18.7915
    4890      18.5081
    4891      18.7863
    4892      18.2110
    4893      18.7982
    4894      19.1699
    4895      18.9093
    4896      18.7295
    4897      18.4204
    4898      18.3038
    4899      18.5451
    4900      18.6662
    4901      18.5721
    4902      18.4475
    4903      18.2911
    4904      17.5942
    4905      17.0278
    4906      17.6249
    4907      17.7013
    4908      17.5273
    4909      17.6053
    4910      18.2749
    4911      17.6351
    4912      17.6527
    4913      17.2556
    4914      18.6002
    4915      17.9168
    4916      17.8333
    4917      18.0229
    4918      18.3901
    4919      18.2391
    4920      17.7880
    4921      18.6014
    4922      17.8498
    4923      17.5654
    4924      17.8241
    4925      17.8266
    4926      18.4121
    4927      17.1139
    4928      18.2776
    4929      18.3971
    4930      18.8426
    4931      18.6091
    4932      18.9204
    4933      19.4693
    4934      18.8925
    4935      18.6861
    4936      18.0542
    4937      18.4730
    4938      18.4553
    4939      18.7036
    4940      18.0074
    4941      18.5825
    4942      18.6241
    4943      18.0203
    4944      18.9895
    4945      18.9240
    4946      18.7138
    4947      18.7889
    4948      19.0938
    4949      18.3556
    4950      18.4327
    4951      18.3750
    4952      18.6874
    4953      18.3203
    4954      17.8571
    4955      18.1487
    4956      17.7594
    4957      18.6057
    4958      18.7693
    4959      18.2862
    4960      19.0452
    4961      18.7880
    4962      18.2245
    4963      19.1615
    4964      18.5698
    4965      18.8403
    4966      18.9910
    4967      18.5488
    4968      17.9240
    4969      18.1834
    4970      18.2273
    4971      17.5692
    4972      17.8420
    4973      17.8299
    4974      17.8249
    4975      18.0980
    4976      18.1566
    4977      18.5305
    4978      18.2813
    4979      18.5300
    4980      16.8714
    4981      16.8525
    4982      17.3247
    4983      18.1282
    4984      18.2153
    4985      19.2271
    4986      18.9063
    4987      17.3892
    4988      17.5011
    4989      17.3395
    4990      17.5256
    4991      17.8730
    4992      17.4256
    4993      17.6594
    4994      16.2786
    4995      16.7477
    4996      17.8625
    4997      18.4047
    4998      18.9803
    4999      18.2232
    5000      17.9716
    5001      18.1402
    5002      17.8765
    5003      17.6576
    5004      17.2140
    5005      17.3867
    5006      16.9353
    5007      17.3460
    5008      17.5413
    5009      17.9707
    5010      17.0543
    5011      17.3468
    5012      17.9376
    5013      17.8486
    5014      17.3245
    5015      18.0593
    5016      17.5422
    5017      18.0391
    5018      17.2896
    5019      17.2003
    5020      16.6469
    5021      17.2526
    5022      16.6545
    5023      16.1277
    5024      17.0620
    5025      16.5044
    5026      16.5907
    5027      17.1376
    5028      17.1788
    5029      16.8495
    5030      16.9824
    5031      17.4583
    5032      17.7224
    5033      17.8049
    5034      17.5497
    5035      17.8844
    5036      17.9492
    5037      17.8149
    5038      17.8529
    5039      18.2635
    5040      18.3292
    5041      17.9542
    5042      18.1981
    5043      18.5294
    5044      18.4056
    5045      17.9254
    5046      18.2819
    5047      17.3497
    5048      18.0667
    5049      17.8831
    5050      18.5240
    5051      18.6220
    5052      17.9501
    5053      18.6024
    5054      18.6511
    5055      18.6912
    5056      18.6674
    5057      18.2753
    5058      19.1400
    5059      18.8340
    5060      18.2971
    5061      18.4114
    5062      18.7650
    5063      18.7548
    5064      19.0395
    5065      18.8922
    5066      17.9658
    5067      18.5047
    5068      17.7983
    5069      18.2164
    5070      18.8280
    5071      18.7041
    5072      18.5004
    5073      18.0975
    5074      18.2739
    5075      18.3531
    5076      17.7264
    5077      17.9540
    5078      17.2390
    5079      17.4150
    5080      17.4219
    5081      17.3257
    5082      17.4774
    5083      18.7681
    5084      17.8684
    5085      17.3502
    5086      16.7987
    5087      17.6648
    5088      17.7589
    5089      17.8202
    5090      17.6111
    5091      18.4288
    5092      17.2883
    5093      17.5920
    5094      18.2871
    5095      17.5784
    5096      17.8793
    5097      18.4847
    5098      18.4869
    5099      18.6398
    5100      19.2136
    5101      18.3190
    5102      17.7370
    5103      18.0182
    5104      18.3478
    5105      17.7019
    5106      17.7752
    5107      18.7140
    5108      18.5675
    5109      18.7370
    5110      18.7970
    5111      18.3301
    5112      19.0880
    5113      18.5986
    5114      18.5503
    5115      18.3364
    5116      19.3888
    5117      18.9117
    5118      18.7624
    5119      19.1287
    5120      18.1420
    5121      17.6450
    5122      19.4906
    5123      18.7844
    5124      17.9654
    5125      18.6382
    5126      18.7123
    5127      19.1474
    5128      19.3933
    5129      18.5581
    5130      18.7082
    5131      18.8209
    5132      18.3733
    5133      18.4178
    5134      18.5850
    5135      18.4374
    5136      17.5255
    5137      17.9662
    5138      18.4633
    5139      18.4249
    5140      18.8926
    5141      18.2324
    5142      17.3574
    5143      17.7186
    5144      17.5039
    5145      17.7425
    5146      17.4774
    5147      17.4923
    5148      17.8482
    5149      17.6304
    5150      17.8329
    5151      16.9486
    5152      17.6464
    5153      16.8772
    5154      17.3012
    5155      17.6998
    5156      16.8856
    5157      16.8054
    5158      17.0981
    5159      16.9120
    5160      17.9917
    5161      17.2448
    5162      17.5165
    5163      17.4280
    5164      17.8782
    5165      16.9953
    5166      17.0946
    5167      17.9092
    5168      17.7368
    5169      16.9931
    5170      16.4542
    5171      17.4511
    5172      17.0823
    5173      17.2351
    5174      17.0541
    5175      16.3857
    5176      18.4190
    5177      18.4111
    5178      18.3852
    5179      18.7289
    5180      18.1599
    5181      18.2246
    5182      18.0754
    5183      17.8682
    5184      17.7518
    5185      18.4828
    5186      18.8946
    5187      18.8747
    5188      18.4441
    5189      17.9602
    5190      18.3611
    5191      18.3096
    5192      18.5326
    5193      18.1820
    5194      17.6722
    5195      17.3810
    5196      17.6732
    5197      18.8288
    5198      18.3190
    5199      16.9444
    5200      18.0322
    5201      18.0053
    5202      16.9508
    5203      17.2461
    5204      17.4815
    5205      18.2591
    5206      17.1988
    5207      18.3556
    5208      18.0185
    5209      17.3502
    5210      17.8984
    5211      18.2379
    5212      17.2786
    5213      16.7363
    5214      16.8654
    5215      16.4564
    5216      17.3179
    5217      17.3206
    5218      17.8492
    5219      17.7392
    5220      18.4752
    5221      18.4021
    5222      17.8561
    5223      17.8183
    5224      18.6610
    5225      18.1281
    5226      18.0676
    5227      18.1608
    5228      18.5829
    5229      18.7033
    5230      19.2069
    5231      18.5886
    5232      18.6132
    5233      19.0102
    5234      18.7047
    5235      18.8767
    5236      18.8339
    5237      18.8980
    5238      17.7048
    5239      18.8838
    5240      18.6114
    5241      19.1348
    5242      18.5663
    5243      19.2463
    5244      19.5683
    5245      18.9829
    5246      18.7099
    5247      18.7110
    5248      18.0318
    5249      18.0694
    5250      17.4915
    5251      18.0330
    5252      18.2744
    5253      18.3602
    5254      17.8695
    5255      17.9096
    5256      18.7591
    5257      18.6792
    5258      18.4217
    5259      18.8395
    5260      19.1222
    5261      18.4922
    5262      18.4612
    5263      18.8005
    5264      18.4307
    5265      18.6446
    5266      18.8973
    5267      18.8055
    5268      18.7765
    5269      17.7556
    5270      17.7107
    5271      17.2678
    5272      17.2251
    5273      18.1610
    5274      18.0593
    5275      17.5319
    5276      17.8957
    5277      18.5709
    5278      17.9935
    5279      17.9614
    5280      18.3447
    5281      17.5756
    5282      18.3375
    5283      18.0479
    5284      17.5597
    5285      18.7017
    5286      17.8237
    5287      18.4005
    5288      18.3501
    5289      18.7035
    5290      18.4424
    5291      19.5437
    5292      19.0918
    5293      18.6464
    5294      18.8660
    5295      19.3634
    5296      18.9145
    5297      19.1148
    5298      19.1571
    5299      19.3572
    5300      19.8670
    5301      19.2752
    5302      18.5940
    5303      18.8601
    5304      18.8679
    5305      19.0540
    5306      19.7897
    5307      19.7907
    5308      19.9670
    5309      19.3786
    5310      18.9009
    5311      18.2880
    5312      16.6913
    5313      18.4006
    5314      17.8303
    5315      18.7765
    5316      19.1555
    5317      19.6032
    5318      18.7145
    5319      19.5780
    5320      19.2081
    5321      18.7973
    5322      18.7907
    5323      18.5857
    5324      18.2963
    5325      19.2752
    5326      18.8895
    5327      19.0408
    5328      19.0528
    5329      19.8620
    5330      19.9706
    5331      19.2002
    5332      18.9819
    5333      19.6493
    5334      19.3327
    5335      18.3264
    5336      18.6090
    5337      18.3276
    5338      18.2711
    5339      19.5677
    5340      20.2460
    5341      19.6842
    5342      19.8522
    5343      19.4671
    5344      19.0873
    5345      19.3727
    5346      19.5130
    5347      19.0568
    5348      18.7715
    5349      18.7894
    5350      18.7382
    5351      18.2421
    5352      18.0504
    5353      18.0100
    5354      17.9880
    5355      18.5883
    5356      18.3882
    5357      17.6404
    5358      17.9192
    5359      17.8773
    5360      18.5296
    5361      17.6776
    5362      17.7141
    5363      17.7748
    5364      17.2191
    5365      17.1956
    5366      17.4800
    5367      18.0079
    5368      17.9529
    5369      18.0508
    5370      17.0926
    5371      17.0232
    5372      18.1608
    5373      17.7443
    5374      18.3306
    5375      18.1321
    5376      18.2198
    5377      17.7694
    5378      18.1017
    5379      17.9237
    5380      18.1035
    5381      17.5622
    5382      17.9152
    5383      18.5579
    5384      17.9631
    5385      18.2502
    5386      18.8438
    5387      17.5993
    5388      18.7341
    5389      18.0820
    5390      17.4592
    5391      17.8745
    5392      17.8738
    5393      18.1060
    5394      18.4037
    5395      18.5265
    5396      18.5425
    5397      19.1211
    5398      18.3049
    5399      18.2101
    5400      17.8788
    5401      18.2695
    5402      18.5157
    5403      18.2732
    5404      18.1461
    5405      17.5537
    5406      17.6220
    5407      17.6554
    5408      17.9059
    5409      18.3768
    5410      17.9378
    5411      17.9155
    5412      18.5723
    5413      17.4379
    5414      17.4916
    5415      17.2851
    5416      17.9219
    5417      17.8830
    5418      17.4227
    5419      17.1631
    5420      17.0193
    5421      16.6272
    5422      17.7202
    5423      17.6612
    5424      17.8287
    5425      17.8333
    5426      17.7244
    5427      18.5064
    5428      17.7052
    5429      18.3191
    5430      18.4770
    5431      17.9564
    5432      17.7310
    5433      17.1854
    5434      17.9923
    5435      17.6904
    5436      17.3433
    5437      16.9556
    5438      17.4037
    5439      17.0225
    5440      18.1749
    5441      17.0735
    5442      17.3408
    5443      17.0282
    5444      17.8244
    5445      17.9034
    5446      17.9793
    5447      18.4487
    5448      17.6743
    5449      18.1457
    5450      17.6460
    5451      18.2203
    5452      17.6979
    5453      17.9046
    5454      17.7669
    5455      18.2556
    5456      18.4409
    5457      18.3266
    5458      18.7991
    5459      17.7980
    5460      18.2797
    5461      18.0579
    5462      18.0904
    5463      17.7251
    5464      17.6251
    5465      17.6534
    5466      17.8318
    5467      17.9476
    5468      17.7790
    5469      17.1011
    5470      17.3555
    5471      17.6136
    5472      17.3772
    5473      17.5301
    5474      18.0516
    5475      18.0846
    5476      17.5350
    5477      18.3130
    5478      18.1098
    5479      16.9556
    5480      17.6455
    5481      17.5889
    5482      17.8848
    5483      17.8247
    5484      17.3189
    5485      17.0037
    5486      17.7404
    5487      17.7649
    5488      17.2183
    5489      17.8749
    5490      18.1748
    5491      17.3423
    5492      16.9122
    5493      17.0435
    5494      16.7966
    5495      16.8471
    5496      16.3251
    5497      15.8861
    5498      16.5722
    5499      17.4814
    5500      18.1513
    5501      17.5679
    5502      17.7659
    5503      17.7576
    5504      17.2055
    5505      17.0589
    5506      17.1638
    5507      17.6758
    5508      17.8841
    5509      17.6155
    5510      18.5787
    5511      17.7066
    5512      16.9152
    5513      17.1953
    5514      17.3762
    5515      17.6668
    5516      18.1582
    5517      17.9644
    5518      17.9028
    5519      18.4836
    5520      17.5411
    5521      16.5041
    5522      16.8788
    5523      17.9204
    5524      17.9318
    5525      17.3189
    5526      17.2247
    5527      16.9977
    5528      16.6920
    5529      17.0959
    5530      17.3091
    5531      17.7488
    5532      17.1150
    5533      17.4471
    5534      18.6126
    5535      17.9784
    5536      17.7986
    5537      18.6787
    5538      17.9144
    5539      18.1954
    5540      17.8548
    5541      17.9475
    5542      18.4402
    5543      18.0339
    5544      17.8578
    5545      17.7818
    5546      19.0837
    5547      17.8851
    5548      18.2178
    5549      17.8761
    5550      18.6375
    5551      18.1209
    5552      17.9941
    5553      18.2386
    5554      17.9400
    5555      18.1134
    5556      17.8763
    5557      18.6536
    5558      18.9467
    5559      18.0090
    5560      17.2745
    5561      18.3235
    5562      18.5926
    5563      19.4460
    5564      19.5433
    5565      19.4925
    5566      18.9797
    5567      19.5047
    5568      18.8422
    5569      18.8960
    5570      18.3411
    5571      17.5347
    5572      18.2634
    5573      17.5621
    5574      17.7459
    5575      17.5251
    5576      17.7898
    5577      19.0080
    5578      18.2402
    5579      17.9529
    5580      17.9270
    5581      17.1894
    5582      18.0001
    5583      17.6800
    5584      17.3939
    5585      18.4172
    5586      18.4476
    5587      18.9658
    5588      19.6220
    5589      19.2442
    5590      18.8698
    5591      18.7012
    5592      18.6984
    5593      18.6081
    5594      19.3903
    5595      18.9863
    5596      18.7615
    5597      19.0889
    5598      19.4907
    5599      19.1847
    5600      19.4178
    5601      19.6047
    5602      19.3041
    5603      18.3272
    5604      19.7000
    5605      19.2146
    5606      19.4486
    5607      19.3499
    5608      18.5856
    5609      19.0658
    5610      19.6188
    5611      19.5068
    5612      18.9407
    5613      19.2672
    5614      19.4203
    5615      19.6676
    5616      19.7908
    5617      18.5042
    5618      19.3149
    5619      18.4016
    5620      18.6983
    5621      18.8262
    5622      17.8562
    5623      17.9295
    5624      18.1302
    5625      17.9442
    5626      17.7978
    5627      16.7000
    5628      17.4597
    5629      17.7628
    5630      17.6644
    5631      18.2732
    5632      17.4807
    5633      17.4749
    5634      16.9896
    5635      17.5088
    5636      17.4084
    5637      17.6448
    5638      17.3759
    5639      18.0457
    5640      17.7152
    5641      17.9245
    5642      17.2774
    5643      17.8244
    5644      18.1070
    5645      18.1325
    5646      18.6003
    5647      18.5757
    5648      18.6237
    5649      19.5217
    5650      19.0759
    5651      19.1404
    5652      18.3961
    5653      18.0538
    5654      17.7542
    5655      18.4755
    5656      18.6304
    5657      18.4155
    5658      17.5764
    5659      18.6320
    5660      18.1641
    5661      18.5035
    5662      18.3633
    5663      18.3643
    5664      18.6196
    5665      18.7275
    5666      17.9124
    5667      17.6031
    5668      17.6747
    5669      16.0123
    5670      16.7350
    5671      16.6906
    5672      17.9635
    5673      18.2998
    5674      18.0936
    5675      17.9838
    5676      17.7423
    5677      18.2811
    5678      17.7460
    5679      18.5548
    5680      17.9165
    5681      18.4468
    5682      18.9113
    5683      18.6428
    5684      17.8494
    5685      17.8047
    5686      18.1379
    5687      18.4866
    5688      18.5614
    5689      17.7343
    5690      17.8847
    5691      18.4512
    5692      18.0048
    5693      19.1711
    5694      18.8771
    5695      18.3005
    5696      18.1452
    5697      18.0180
    5698      17.8362
    5699      17.6442
    5700      17.4574
    5701      18.1961
    5702      17.9701
    5703      18.3668
    5704      18.9890
    5705      18.4831
    5706      18.0990
    5707      17.8173
    5708      18.8644
    5709      18.0044
    5710      18.7175
    5711      19.0348
    5712      18.4758
    5713      17.9679
    5714      18.1021
    5715      17.9264
    5716      17.8803
    5717      17.9805
    5718      17.8064
    5719      17.9822
    5720      17.5971
    5721      17.8902
    5722      18.3035
    5723      17.8785
    5724      18.6594
    5725      18.8620
    5726      18.3405
    5727      18.6294
    5728      18.4002
    5729      19.1029
    5730      18.7470
    5731      18.7262
    5732      17.6889
    5733      18.7904
    5734      18.5354
    5735      18.4901
    5736      17.6843
    5737      18.5942
    5738      18.3959
    5739      17.8997
    5740      18.3855
    5741      18.5644
    5742      18.1598
    5743      18.6144
    5744      17.9506
    5745      17.8791
    5746      18.5925
    5747      18.0566
    5748      17.8119
    5749      18.7293
    5750      18.7722
    5751      18.4299
    5752      18.3241
    5753      18.2091
    5754      18.7153
    5755      18.8631
    5756      18.5453
    5757      18.3776
    5758      18.9193
    5759      18.6733
    5760      18.9592
    5761      18.1320
    5762      17.2018
    5763      16.7116
    5764      17.4150
    5765      17.7840
    5766      17.8067
    5767      17.9491
    5768      17.7860
    5769      18.0573
    5770      18.3534
    5771      17.6290
    5772      17.6770
    5773      17.4555
    5774      17.7631
    5775      17.1381
    5776      17.2622
    5777      17.9261
    5778      17.8825
    5779      17.9496
    5780      18.9137
    5781      18.4794
    5782      18.2048
    5783      17.6989
    5784      17.7029
    5785      17.8966
    5786      17.7701
    5787      17.8217
    5788      17.6614
    5789      17.2799
    5790      18.0377
    5791      17.9549
    5792      17.6136
    5793      17.4101
    5794      17.4631
    5795      18.1723
    5796      18.1346
    5797      17.2630
    5798      18.2151
    5799      18.6376
    5800      18.9329
    5801      18.8137
    5802      18.0693
    5803      18.8278
    5804      18.1401
    5805      17.4349
    5806      17.4480
    5807      17.6772
    5808      17.3012
    5809      17.3124
    5810      17.7846
    5811      18.0271
    5812      18.3294
    5813      18.5942
    5814      17.9589
    5815      18.4656
    5816      18.5985
    5817      18.1494
    5818      18.3411
    5819      18.0174
    5820      17.9181
    5821      18.1784
    5822      18.1179
    5823      17.6108
    5824      18.3250
    5825      18.5498
    5826      18.2104
    5827      17.8712
    5828      17.7359
    5829      17.5723
    5830      18.6853
    5831      18.4152
    5832      18.8766
    5833      18.0560
    5834      17.9988
    5835      17.4828
    5836      18.0688
    5837      17.1074
    5838      17.1587
    5839      17.0370
    5840      17.3087
    5841      17.0257
    5842      17.3120
    5843      17.4090
    5844      16.7771
    5845      16.9863
    5846      16.8087
    5847      17.0320
    5848      16.8614
    5849      17.2272
    5850      18.4560
    5851      18.0714
    5852      17.9950
    5853      18.8702
    5854      18.1749
    5855      17.6021
    5856      16.8762
    5857      17.3679
    5858      18.0283
    5859      17.4891
    5860      18.2978
    5861      18.2815
    5862      18.6080
    5863      18.1288
    5864      18.0994
    5865      17.5034
    5866      18.1969
    5867      17.9393
    5868      17.9027
    5869      18.6547
    5870      19.1507
    5871      19.3224
    5872      18.8024
    5873      18.6924
    5874      18.3443
    5875      18.6963
    5876      19.0708
    5877      19.1269
    5878      18.3909
    5879      19.2085
    5880      19.3212
    5881      18.6390
    5882      19.5286
    5883      19.6279
    5884      19.2651
    5885      18.6166
    5886      19.1695
    5887      19.7465
    5888      19.8541
    5889      19.1113
    5890      19.0369
    5891      18.5309
    5892      18.0716
    5893      17.8119
    5894      17.9996
    5895      18.6616
    5896      18.7906
    5897      19.1245
    5898      18.6188
    5899      18.5763
    5900      18.4405
    5901      19.8230
    5902      18.1802
    5903      19.0481
    5904      19.8312
    5905      20.0944
    5906      18.6011
    5907      18.7389
    5908      18.7460
    5909      19.2728
    5910      19.7593
    5911      19.7234
    5912      20.0042
    5913      20.1428
    5914      19.4146
    5915      20.2114
    5916      19.5790
    5917      19.2357
    5918      19.3899
    5919      18.9727
    5920      19.1760
    5921      19.2248
    5922      19.5485
    5923      19.6633
    5924      19.4146
    5925      19.1594
    5926      18.7748
    5927      18.5071
    5928      18.9718
    5929      18.5033
    5930      19.0613
    5931      19.0841
    5932      19.4461
    5933      19.6768
    5934      19.6051
    5935      19.5679
    5936      19.3233
    5937      19.0338
    5938      18.9271
    5939      19.0049
    5940      18.6780
    5941      18.3257
    5942      18.4634
    5943      18.7978
    5944      18.5642
    5945      18.9522
    5946      19.7470
    5947      18.9815
    5948      19.3067
    5949      18.3851
    5950      18.9223
    5951      18.7386
    5952      18.4977
    5953      18.5076
    5954      18.9231
    5955      18.9636
    5956      19.1409
    5957      19.7791
    5958      19.9559
    5959      20.2333
    5960      20.5901
    5961      18.9503
    5962      19.9992
    5963      19.4444
    5964      18.4501
    5965      17.2814
    5966      18.0668
    5967      18.3078
    5968      18.0881
    5969      17.5953
    5970      17.8617
    5971      17.9286
    5972      17.7040
    5973      18.1373
    5974      18.3482
    5975      18.2632
    5976      17.3619
    5977      17.2722
    5978      18.0331
    5979      18.0233
    5980      17.3611
    5981      16.9877
    5982      17.6749
    5983      18.4763
    5984      17.9752
    5985      18.4235
    5986      18.2250
    5987      18.8372
    5988      18.3493
    5989      19.1276
    5990      18.8374
    5991      18.9777
    5992      18.9715
    5993      19.0739
    5994      18.8052
    5995      17.8305
    5996      17.8653
    5997      17.6292
    5998      16.6883
    5999      17.2130
    6000      17.6317
    6001      17.5155
    6002      16.3891
    6003      17.7601
    6004      18.1953
    6005      18.1601
    6006      18.5869
    6007      17.1307
    6008      17.4866
    6009      17.5703
    6010      17.2085
    6011      17.3793
    6012      17.8060
    6013      17.1718
    6014      17.5453
    6015      16.6816
    6016      17.4701
    6017      17.1721
    6018      17.1004
    6019      17.3903
    6020      18.3003
    6021      17.1961
    6022      17.0796
    6023      17.9216
    6024      17.1947
    6025      18.3060
    6026      18.0641
    6027      18.4125
    6028      18.1449
    6029      17.7410
    6030      17.9248
    6031      17.7782
    6032      17.8315
    6033      18.8802
    6034      17.3666
    6035      17.1162
    6036      17.2948
    6037      17.7317
    6038      17.2511
    6039      17.1031
    6040      17.9661
    6041      17.7913
    6042      17.4975
    6043      16.8656
    6044      17.1285
    6045      17.5636
    6046      17.2214
    6047      17.2120
    6048      17.3217
    6049      16.8687
    6050      18.0867
    6051      18.2957
    6052      18.0497
    6053      18.1789
    6054      17.2473
    6055      17.2861
    6056      17.3549
    6057      17.6925
    6058      17.6718
    6059      18.4327
    6060      17.2309
    6061      17.3227
    6062      18.0056
    6063      17.7292
    6064      17.5412
    6065      18.6105
    6066      18.8061
    6067      19.1551
    6068      19.2039
    6069      19.5201
    6070      19.9304
    6071      19.7120
    6072      19.5607
    6073      18.6582
    6074      18.8779
    6075      19.8167
    6076      19.1687
    6077      19.3102
    6078      18.7924
    6079      18.2695
    6080      17.6769
    6081      18.5033
    6082      18.0973
    6083      18.5771
    6084      18.6407
    6085      19.1906
    6086      18.2717
    6087      19.5112
    6088      19.2475
    6089      20.0646
    6090      19.6336
    6091      19.3747
    6092      19.6399
    6093      19.7985
    6094      20.1006
    6095      19.5138
    6096      19.3644
    6097      20.2432
    6098      20.3772
    6099      19.8744
    6100      18.9338
    6101      19.2622
    6102      18.9865
    6103      18.9025
    6104      18.2131
    6105      18.6425
    6106      18.9771
    6107      19.1675
    6108      18.7288
    6109      18.8950
    6110      19.2438
    6111      19.8722
    6112      19.4014
    6113      19.0826
    6114      19.0718
    6115      19.7132
    6116      19.4598
    6117      19.2557
    6118      19.1275
    6119      18.2697
    6120      18.2722
    6121      19.1688
    6122      18.6890
    6123      19.6981
    6124      19.3262
    6125      20.0084
    6126      19.2218
    6127      19.0845
    6128      19.6087
    6129      19.6203
    6130      19.1403
    6131      19.1027
    6132      19.5685
    6133      18.5364
    6134      18.4030
    6135      18.5855
    6136      18.8113
    6137      19.0137
    6138      19.4281
    6139      19.4438
    6140      19.6051
    6141      19.5354
    6142      19.4423
    6143      19.5725
    6144      18.9378
    6145      19.6193
    6146      18.2643
    6147      18.8788
    6148      18.4810
    6149      18.4133
    6150      18.4997
    6151      18.5856
    6152      17.8185
    6153      17.8242
    6154      18.0527
    6155      18.6435
    6156      18.3495
    6157      18.6853
    6158      19.0840
    6159      19.8171
    6160      19.7188
    6161      19.0695
    6162      18.4223
    6163      19.2593
    6164      18.7377
    6165      19.3622
    6166      17.5258
    6167      17.5066
    6168      17.8723
    6169      18.0853
    6170      17.7671
    6171      18.4681
    6172      17.7442
    6173      17.4212
    6174      17.8130
    6175      18.7458
    6176      17.3973
    6177      17.9922
    6178      17.4398
    6179      17.1442
    6180      18.3644
    6181      18.0802
    6182      17.2636
    6183      17.6663
    6184      18.3351
    6185      17.7317
    6186      17.9215
    6187      17.7065
    6188      17.8373
    6189      17.5939
    6190      17.8505
    6191      17.9041
    6192      17.8881
    6193      18.1670
    6194      18.7488
    6195      18.1232
    6196      19.1059
    6197      18.0781
    6198      18.7418
    6199      18.9803
    6200      18.4600
    6201      17.6712
    6202      18.0114
    6203      19.0168
    6204      19.1290
    6205      18.9918
    6206      18.9571
    6207      19.0983
    6208      18.5186
    6209      18.2575
    6210      17.4340
    6211      19.2721
    6212      19.1179
    6213      19.1048
    6214      19.0901
    6215      18.1896
    6216      18.3432
    6217      18.3487
    6218      18.5196
    6219      18.4428
    6220      18.1615
    6221      18.4045
    6222      18.4899
    6223      18.4012
    6224      18.8954
    6225      18.9743
    6226      19.3577
    6227      18.1280
    6228      17.7188
    6229      18.6655
    6230      18.5640
    6231      17.8275
    6232      18.2636
    6233      18.8026
    6234      18.2644
    6235      18.0671
    6236      17.6801
    6237      16.9363
    6238      16.6108
    6239      17.9021
    6240      17.6416
    6241      17.2666
    6242      16.9345
    6243      17.2381
    6244      17.2245
    6245      17.4962
    6246      17.9669
    6247      16.7950
    6248      16.8291
    6249      17.5574
    6250      17.4217
    6251      18.2998
    6252      17.8017
    6253      18.0625
    6254      17.9682
    6255      17.3198
    6256      17.4661
    6257      17.0297
    6258      17.7482
    6259      17.5767
    6260      17.8554
    6261      17.6694
    6262      18.6569
    6263      18.4793
    6264      18.6480
    6265      18.3325
    6266      17.6261
    6267      18.2029
    6268      18.0171
    6269      18.1545
    6270      18.6391
    6271      18.5497
    6272      17.8642
    6273      17.8013
    6274      17.7918
    6275      18.2054
    6276      16.7606
    6277      17.6095
    6278      17.2268
    6279      17.1903
    6280      17.7676
    6281      17.4097
    6282      17.7402
    6283      17.6115
    6284      18.2305
    6285      17.8728
    6286      17.4786
    6287      17.4878
    6288      17.3488
    6289      17.2025
    6290      17.8028
    6291      18.4047
    6292      18.1476
    6293      18.1878
    6294      17.2582
    6295      17.6061
    6296      17.5010
    6297      17.8116
    6298      17.7217
    6299      16.7258
    6300      17.7525
    6301      17.2536
    6302      17.5483
    6303      17.4150
    6304      17.8580
    6305      17.6057
    6306      17.9160
    6307      17.5784
    6308      16.9538
    6309      17.8774
    6310      17.5676
    6311      17.7878
    6312      17.7137
    6313      17.3560
    6314      17.7386
    6315      18.2231
    6316      17.2846
    6317      16.8662
    6318      18.0267
    6319      16.9338
    6320      17.2936
    6321      17.5739
    6322      17.0988
    6323      16.9712
    6324      15.9289
    6325      16.6172
    6326      17.3119
    6327      16.6742
    6328      16.8595
    6329      16.9504
    6330      16.9048
    6331      17.3731
    6332      16.8204
    6333      16.6961
    6334      17.5184
    6335      17.2797
    6336      17.9668
    6337      17.4095
    6338      18.3826
    6339      17.4404
    6340      18.0494
    6341      17.5994
    6342      17.5069
    6343      17.8936
    6344      17.3292
    6345      17.4683
    6346      17.3290
    6347      17.4325
    6348      17.8353
    6349      17.4125
    6350      17.5705
    6351      17.5520
    6352      17.3267
    6353      17.4260
    6354      17.2987
    6355      17.4069
    6356      16.8461
    6357      17.3213
    6358      17.1516
    6359      17.0437
    6360      17.5315
    6361      17.5673
    6362      17.5618
    6363      17.0521
    6364      16.6893
    6365      16.6627
    6366      16.9258
    6367      17.5600
    6368      16.9570
    6369      17.0547
    6370      16.6972
    6371      15.7900
    6372      17.2032
    6373      16.3449
    6374      16.8225
    6375      16.2538
    6376      16.0807
    6377      16.4606
    6378      16.1185
    6379      17.0967
    6380      16.4050
    6381      16.9052
    6382      16.8484
    6383      17.3287
    6384      17.6689
    6385      17.6489
    6386      17.2705
    6387      17.2569
    6388      17.1693
    6389      17.7180
    6390      17.7149
    6391      18.0915
    6392      18.1776
    6393      17.9216
    6394      17.6874
    6395      18.3572
    6396      17.6212
    6397      17.6049
    6398      18.4065
    6399      17.9037
    6400      17.6699
    6401      18.0976
    6402      17.9263
    6403      17.9416
    6404      18.0682
    6405      18.1028
    6406      17.9750
    6407      17.8592
    6408      17.5609
    6409      17.1139
    6410      17.2250
    6411      18.0845
    6412      17.7975
    6413      18.5955
    6414      19.2276
    6415      18.9295
    6416      18.9025
    6417      18.1868
    6418      17.8488
    6419      18.6266
    6420      17.9703
    6421      17.1469
    6422      18.8065
    6423      16.9962
    6424      17.5346
    6425      18.2430
    6426      17.6109
    6427      17.6383
    6428      17.5972
    6429      17.6116
    6430      17.5759
    6431      17.3322
    6432      17.3823
    6433      18.3597
    6434      18.4811
    6435      19.0931
    6436      18.3481
    6437      18.3305
    6438      17.9464
    6439      18.1503
    6440      17.7545
    6441      17.7068
    6442      17.3731
    6443      17.0918
    6444      17.8396
    6445      18.2604
    6446      18.1998
    6447      17.6054
    6448      18.0132
    6449      18.3528
    6450      17.5454
    6451      17.8623
    6452      18.1462
    6453      18.7764
    6454      18.6618
    6455      17.6883
    6456      17.3227
    6457      17.8157
    6458      17.6990
    6459      18.2699
    6460      19.4058
    6461      18.3801
    6462      18.1633
    6463      18.3954
    6464      18.0842
    6465      17.9866
    6466      17.0820
    6467      16.7156
    6468      17.0050
    6469      17.0680
    6470      17.3390
    6471      17.4169
    6472      17.4476
    6473      17.3132
    6474      18.3755
    6475      18.0639
    6476      18.1321
    6477      18.1572
    6478      18.8391
    6479      17.7926
    6480      18.7908
    6481      18.7332
    6482      18.4818
    6483      18.8091
    6484      18.2775
    6485      18.2067
    6486      18.0243
    6487      18.2091
    6488      18.6164
    6489      17.9760
    6490      18.3594
    6491      17.7970
    6492      17.3122
    6493      17.8840
    6494      17.9253
    6495      16.7532
    6496      17.6281
    6497      17.7568
    6498      17.3331
    6499      17.1925
    6500      17.8013
    6501      17.7050
    6502      18.0869
    6503      18.1803
    6504      17.8940
    6505      18.0093
    6506      18.1006
    6507      18.3515
    6508      17.4287
    6509      17.7219
    6510      18.1773
    6511      18.2019
    6512      17.3810
    6513      17.6339
    6514      17.3664
    6515      18.0964
    6516      16.9965
    6517      17.6801
    6518      17.4212
    6519      17.5351
    6520      17.3287
    6521      17.2013
    6522      17.5258
    6523      16.9645
    6524      17.9742
    6525      17.5463
    6526      17.8426
    6527      17.2003
    6528      17.5072
    6529      17.0613
    6530      17.3806
    6531      17.6382
    6532      17.2362
    6533      17.4976
    6534      17.6492
    6535      17.0058
    6536      18.2004
    6537      17.8785
    6538      17.8996
    6539      17.6514
    6540      17.2122
    6541      17.1587
    6542      17.6091
    6543      17.9913
    6544      18.3028
    6545      18.2067
    6546      17.5616
    6547      18.6689
    6548      17.9570
    6549      18.1757
    6550      17.8337
    6551      17.7653
    6552      17.9202
    6553      17.6545
    6554      17.8955
    6555      18.0243
    6556      17.6686
    6557      18.1083
    6558      17.6424
    6559      17.7578
    6560      17.8822
    6561      17.4242
    6562      18.2036
    6563      17.5365
    6564      18.4861
    6565      18.5219
    6566      18.3619
    6567      17.6376
    6568      18.2638
    6569      18.4775
    6570      18.0230
    6571      18.1955
    6572      17.8908
    6573      17.8770
    6574      17.5727
    6575      17.9432
    6576      17.5889
    6577      16.7510
    6578      17.4363
    6579      17.8728
    6580      18.0592
    6581      17.5208
    6582      17.8684
    6583      17.9275
    6584      17.3715
    6585      17.2537
    6586      17.7356
    6587      17.2738
    6588      17.3894
    6589      17.2993
    6590      17.4207
    6591      18.4205
    6592      17.2711
    6593      16.8946
    6594      17.0226
    6595      17.1598
    6596      17.5579
    6597      17.8402
    6598      18.0853
    6599      17.5879
    6600      17.0760
    6601      17.2950
    6602      18.1125
    6603      18.2503
    6604      18.3024
    6605      18.2524
    6606      18.3555
    6607      17.9467
    6608      17.2307
    6609      17.2297
    6610      17.1983
    6611      17.3471
    6612      18.6079
    6613      18.4412
    6614      17.9371
    6615      17.4279
    6616      16.8787
    6617      17.0455
    6618      16.4827
    6619      17.2171
    6620      17.5036
    6621      17.5034
    6622      17.1071
    6623      16.4241
    6624      17.1232
    6625      18.1773
    6626      17.1717
    6627      18.1689
    6628      16.9406
    6629      17.7870
    6630      16.6993
    6631      17.2373
    6632      17.4138
    6633      17.0294
    6634      16.9077
    6635      16.7369
    6636      16.7496
    6637      17.3312
    6638      17.6009
    6639      17.3426
    6640      17.9693
    6641      17.4645
    6642      16.9422
    6643      16.4590
    6644      16.8036
    6645      16.7007
    6646      17.3055
    6647      17.2476
    6648      16.0825
    6649      17.0854
    6650      16.8481
    6651      16.5240
    6652      17.0040
    6653      16.3858
    6654      17.0054
    6655      16.9196
    6656      17.3836
    6657      17.5172
    6658      17.6580
    6659      17.1816
    6660      17.0607
    6661      17.8231
    6662      18.2490
    6663      18.4254
    6664      18.4063
    6665      17.7396
    6666      17.2460
    6667      17.8799
    6668      17.3625
    6669      17.6839
    6670      17.8934
    6671      17.3965
    6672      17.0611
    6673      17.4967
    6674      18.2193
    6675      17.8935
    6676      18.1134
    6677      17.7209
    6678      16.8795
    6679      17.0785
    6680      17.6898
    6681      17.4648
    6682      17.8770
    6683      17.4294
    6684      17.2024
    6685      17.9970
    6686      17.6138
    6687      17.0013
    6688      17.1332
    6689      17.7819
    6690      17.9380
    6691      17.2554
    6692      17.5009
    6693      17.8644
    6694      18.3400
    6695      18.0301
    6696      18.1551
    6697      18.5298
    6698      18.4921
    6699      18.2558
    6700      17.5707
    6701      17.7753
    6702      18.0327
    6703      17.6792
    6704      16.7098
    6705      16.6403
    6706      16.8627
    6707      16.5838
    6708      17.2506
    6709      16.9810
    6710      16.8083
    6711      17.5997
    6712      17.3621
    6713      17.1183
    6714      17.0174
    6715      17.8273
    6716      17.7795
    6717      17.4941
    6718      17.5665
    6719      17.1265
    6720      18.0348
    6721      17.7662
    6722      17.1534
    6723      17.5686
    6724      18.2790
    6725      18.1691
    6726      18.2433
    6727      17.9500
    6728      17.1966
    6729      17.5351
    6730      17.6439
    6731      17.2981
    6732      16.0143
    6733      16.2578
    6734      16.6880
    6735      16.1960
    6736      16.4813
    6737      16.9530
    6738      17.3841
    6739      17.4847
    6740      16.9456
    6741      16.9268
    6742      17.1817
    6743      17.1847
    6744      18.4296
    6745      17.4160
    6746      18.6875
    6747      18.0931
    6748      18.2453
    6749      17.5990
    6750      18.0005
    6751      17.6273
    6752      18.3942
    6753      18.6240
    6754      17.9024
    6755      17.6991
    6756      18.2890
    6757      17.9562
    6758      17.8916
    6759      17.6497
    6760      18.2718
    6761      17.4764
    6762      18.1010
    6763      18.2867
    6764      18.7577
    6765      18.0674
    6766      18.6224
    6767      18.3049
    6768      17.6913
    6769      17.9172
    6770      17.9203
    6771      18.1745
    6772      18.0078
    6773      17.8456
    6774      17.7168
    6775      17.7566
    6776      17.4985
    6777      16.7952
    6778      16.6177
    6779      17.2245
    6780      16.9982
    6781      17.6980
    6782      17.4153
    6783      18.0460
    6784      17.4054
    6785      17.3027
    6786      17.2744
    6787      17.6291
    6788      17.3408
    6789      17.9767
    6790      17.7343
    6791      17.7575
    6792      17.5037
    6793      17.2746
    6794      17.2333
    6795      17.4591
    6796      16.6925
    6797      17.6946
    6798      17.3154
    6799      17.1343
    6800      16.6357
    6801      17.2526
    6802      17.8532
    6803      17.7977
    6804      17.4582
    6805      18.1906
    6806      18.0728
    6807      17.8652
    6808      17.9380
    6809      17.6235
    6810      17.7554
    6811      17.9956
    6812      17.4116
    6813      17.3273
    6814      16.7876
    6815      16.9361
    6816      16.8599
    6817      17.0683
    6818      17.0361
    6819      17.4506
    6820      18.5335
    6821      18.0309
    6822      17.6930
    6823      17.2209
    6824      17.2987
    6825      17.2247
    6826      16.3718
    6827      16.4133
    6828      17.2432
    6829      17.1002
    6830      17.0183
    6831      17.1120
    6832      17.7126
    6833      17.8532
    6834      17.8459
    6835      17.6692
    6836      16.6289
    6837      15.8471
    6838      16.5844
    6839      16.5829
    6840      16.8301
    6841      16.9826
    6842      18.3709
    6843      18.6030
    6844      17.6136
    6845      18.4831
    6846      18.6571
    6847      17.8463
    6848      18.0831
    6849      17.9834
    6850      17.1850
    6851      17.3879
    6852      16.7559
    6853      17.3964
    6854      17.2137
    6855      17.7609
    6856      17.8924
    6857      17.6332
    6858      17.1456
    6859      17.6576
    6860      17.3833
    6861      17.3233
    6862      18.1704
    6863      17.6516
    6864      17.4398
    6865      17.8769
    6866      17.7894
    6867      17.8996
    6868      17.6018
    6869      17.9469
    6870      17.9645
    6871      18.2508
    6872      18.0713
    6873      18.1106
    6874      17.4479
    6875      17.6392
    6876      18.0123
    6877      17.4866
    6878      17.7583
    6879      17.7997
    6880      17.8936
    6881      17.6533
    6882      17.7390
    6883      17.6793
    6884      17.5713
    6885      18.1471
    6886      17.6636
    6887      17.1982
    6888      17.2424
    6889      17.6499
    6890      17.1392
    6891      17.4260
    6892      17.0437
    6893      17.5206
    6894      17.7762
    6895      17.6507
    6896      18.3264
    6897      18.1441
    6898      17.5502
    6899      17.1937
    6900      17.8110
    6901      17.6210
    6902      17.9699
    6903      17.6819
    6904      17.5855
    6905      17.6604
    6906      17.7115
    6907      17.2278
    6908      17.1288
    6909      17.3647
    6910      18.3474
    6911      18.2136
    6912      18.4213
    6913      18.1174
    6914      17.0981
    6915      17.4605
    6916      17.9061
    6917      18.6355
    6918      17.1791
    6919      17.9069
    6920      17.9063
    6921      18.3104
    6922      17.3385
    6923      17.7995
    6924      17.4705
    6925      18.0088
    6926      18.6704
    6927      17.5865
    6928      18.3641
    6929      18.3159
    6930      18.3950
    6931      18.0217
    6932      17.9865
    6933      17.4632
    6934      18.0813
    6935      18.1784
    6936      17.9647
    6937      17.4850
    6938      17.8155
    6939      17.9533
    6940      17.3675
    6941      18.1294
    6942      17.7480
    6943      18.5913
    6944      18.0136
    6945      18.2341
    6946      18.3589
    6947      17.8292
    6948      18.1669
    6949      17.6518
    6950      17.3193
    6951      17.4538
    6952      17.0395
    6953      17.5432
    6954      17.1579
    6955      17.2441
    6956      17.6767
    6957      18.3727
    6958      18.1919
    6959      17.6043
    6960      17.6504
    6961      17.8507
    6962      17.8864
    6963      17.7664
    6964      18.6417
    6965      17.9114
    6966      17.8991
    6967      17.7458
    6968      17.5397
    6969      18.0661
    6970      18.1530
    6971      17.4643
    6972      17.8397
    6973      17.9093
    6974      18.3983
    6975      17.7883
    6976      17.6621
    6977      17.8698
    6978      17.7911
    6979      17.7564
    6980      17.4821
    6981      17.5767
    6982      17.3535
    6983      17.2657
    6984      18.5656
    6985      18.2821
    6986      18.1050
    6987      18.0726
    6988      17.7159
    6989      17.7198
    6990      17.6685
    6991      17.8675
    6992      16.9399
    6993      17.5317
    6994      18.3972
    6995      18.4357
    6996      18.8576
    6997      18.6132
    6998      18.9464
    6999      18.1351
    7000      18.4194
    7001      18.3968
    7002      18.6395
    7003      18.6171
    7004      18.5221
    7005      18.1960
    7006      17.5980
    7007      18.1108
    7008      17.3936
    7009      17.8605
    7010      18.4601
    7011      18.6096
    7012      19.0403
    7013      18.6102
    7014      18.1957
    7015      17.9164
    7016      17.7739
    7017      17.6492
    7018      17.4013
    7019      17.5371
    7020      17.1714
    7021      17.7476
    7022      17.6690
    7023      18.4028
    7024      18.4624
    7025      18.4701
    7026      18.1862
    7027      18.6191
    7028      18.8109
    7029      17.9127
    7030      17.6966
    7031      17.6405
    7032      17.5037
    7033      18.0426
    7034      17.4105
    7035      18.0252
    7036      17.1804
    7037      17.6842
    7038      17.9835
    7039      18.4087
    7040      17.9678
    7041      17.4961
    7042      17.1803
    7043      17.7089
    7044      17.7449
    7045      16.9728
    7046      17.5900
    7047      18.1865
    7048      17.2501
    7049      17.5114
    7050      16.6029
    7051      17.3642
    7052      17.7266
    7053      17.6456
    7054      17.6233
    7055      17.3602
    7056      17.4881
    7057      17.4321
    7058      17.0748
    7059      17.9393
    7060      18.6245
    7061      18.1903
    7062      17.4351
    7063      17.4925
    7064      18.3633
    7065      17.6193
    7066      17.1740
    7067      17.3664
    7068      17.3885
    7069      17.3735
    7070      17.2427
    7071      17.2660
    7072      17.8420
    7073      17.6848
    7074      17.0997
    7075      16.9349
    7076      17.0925
    7077      17.0496
    7078      17.8305
    7079      17.4275
    7080      17.2839
    7081      17.7556
    7082      17.9725
    7083      17.6275
    7084      17.5937
    7085      17.4794
    7086      17.9165
    7087      17.9360
    7088      18.8451
    7089      18.2275
    7090      18.1306
    7091      17.7761
    7092      18.1499
    7093      17.2150
    7094      17.0779
    7095      17.6180
    7096      16.9932
    7097      17.6823
    7098      17.5299
    7099      17.5333
    7100      18.1058
    7101      17.1563
    7102      18.3865
    7103      17.8486
    7104      17.7971
    7105      17.9672
    7106      17.7937
    7107      18.4065
    7108      18.7793
    7109      18.6748
    7110      18.0150
    7111      17.2884
    7112      16.7513
    7113      16.9679
    7114      16.7809
    7115      17.1261
    7116      18.4156
    7117      18.0975
    7118      19.3396
    7119      17.7268
    7120      17.8464
    7121      17.6549
    7122      17.6151
    7123      17.3397
    7124      17.9125
    7125      17.6361
    7126      17.4354
    7127      17.1566
    7128      17.0215
    7129      17.7648
    7130      17.6733
    7131      17.5765
    7132      17.2207
    7133      16.8800
    7134      17.5516
    7135      17.5517
    7136      17.2884
    7137      17.2937
    7138      17.8391
    7139      17.6070
    7140      17.7187
    7141      17.0988
    7142      17.6346
    7143      18.2482
    7144      18.1584
    7145      17.8380
    7146      17.8886
    7147      17.4369
    7148      18.2588
    7149      17.9449
    7150      18.7271
    7151      18.4420
    7152      18.1300
    7153      17.7830
    7154      17.6940
    7155      17.2921
    7156      17.8721
    7157      17.8480
    7158      17.3180
    7159      17.9044
    7160      17.1308
    7161      17.2509
    7162      17.0707
    7163      16.9700
    7164      17.2737
    7165      16.1266
    7166      17.6845
    7167      17.7003
    7168      17.5547
    7169      18.0490
    7170      17.7237
    7171      17.6534
    7172      18.2343
    7173      17.5585
    7174      18.5123
    7175      17.8005
    7176      18.1086
    7177      17.6463
    7178      17.7084
    7179      16.9078
    7180      16.6064
    7181      16.3493
    7182      16.7294
    7183      16.9425
    7184      17.3059
    7185      17.1160
    7186      17.4862
    7187      17.8971
    7188      17.3589
    7189      17.4214
    7190      17.8680
    7191      17.2187
    7192      17.7113
    7193      17.6240
    7194      18.3734
    7195      17.5385
    7196      17.5046
    7197      16.8253
    7198      17.0988
    7199      17.4768
    7200      17.9062
    7201      18.0677
    7202      17.8674
    7203      18.8109
    7204      17.9447
    7205      18.0770
    7206      17.8049
    7207      16.8543
    7208      17.5817
    7209      17.5837
    7210      17.4064
    7211      17.7794
    7212      18.1133
    7213      18.3628
    7214      17.9557
    7215      18.1313
    7216      18.2818
    7217      17.9554
    7218      17.7683
    7219      18.0176
    7220      18.3292
    7221      18.3702
    7222      18.0573
    7223      19.1586
    7224      18.4542
    7225      18.6245
    7226      17.3528
    7227      17.6466
    7228      17.3797
    7229      18.4729
    7230      18.1617
    7231      18.0704
    7232      18.0368
    7233      17.6721
    7234      17.2672
    7235      17.3776
    7236      17.3078
    7237      17.2505
    7238      17.1107
    7239      16.8837
    7240      17.3140
    7241      17.7956
    7242      17.9076
    7243      17.3293
    7244      17.8161
    7245      17.6370
    7246      17.8531
    7247      16.9026
    7248      16.2343
    7249      16.4546
    7250      17.5232
    7251      17.1550
    7252      17.3680
    7253      16.9837
    7254      17.5887
    7255      17.6902
    7256      17.9149
    7257      17.0206
    7258      16.2944
    7259      16.9571
    7260      18.0173
    7261      16.9962
    7262      17.4970
    7263      17.5092
    7264      17.2008
    7265      16.8309
    7266      17.6532
    7267      18.0159
    7268      17.7669
    7269      17.4744
    7270      17.8449
    7271      17.9590
    7272      17.6962
    7273      18.0935
    7274      17.7593
    7275      17.9401
    7276      17.8396
    7277      17.8474
    7278      17.7686
    7279      17.4761
    7280      17.6935
    7281      17.2082
    7282      17.1699
    7283      18.2581
    7284      17.6170
    7285      17.4026
    7286      17.1772
    7287      16.7731
    7288      17.8249
    7289      17.5208
    7290      17.9086
    7291      17.7049
    7292      18.0814
    7293      17.6904
    7294      18.0261
    7295      18.2144
    7296      17.7029
    7297      17.4696
    7298      16.9474
    7299      17.2141
    7300      17.3355
    7301      17.9595
    7302      17.7859
    7303      18.6202
    7304      18.1718
    7305      17.8838
    7306      18.6889
    7307      18.1011
    7308      17.8337
    7309      17.7498
    7310      18.3524
    7311      18.5929
    7312      17.9603
    7313      17.4453
    7314      18.0298
    7315      18.2407
    7316      17.7082
    7317      18.0075
    7318      18.7447
    7319      17.9494
    7320      17.8727
    7321      17.5759
    7322      18.1741
    7323      17.9395
    7324      18.7845
    7325      18.1385
    7326      18.8888
    7327      18.3756
    7328      18.7711
    7329      18.4350
    7330      19.3135
    7331      18.7038
    7332      19.1744
    7333      18.7273
    7334      18.1876
    7335      17.4630
    7336      18.3922
    7337      18.1710
    7338      18.0598
    7339      17.9139
    7340      17.7972
    7341      17.9527
    7342      18.0258
    7343      17.8483
    7344      17.5136
    7345      18.0539
    7346      17.9070
    7347      17.3249
    7348      17.6054
    7349      17.6748
    7350      17.8545
    7351      17.2175
    7352      18.6335
    7353      17.9392
    7354      17.3360
    7355      17.6758
    7356      17.6897
    7357      17.4035
    7358      18.1872
    7359      17.8946
    7360      17.9740
    7361      17.7910
    7362      17.0786
    7363      17.4282
    7364      17.1289
    7365      17.3122
    7366      17.8887
    7367      18.1069
    7368      17.7624
    7369      17.5187
    7370      17.4201
    7371      18.9536
    7372      17.5994
    7373      18.4914
    7374      18.2457
    7375      18.4678
    7376      17.2261
    7377      18.1556
    7378      18.4243
    7379      17.8846
    7380      17.6626
    7381      17.5839
    7382      18.3564
    7383      17.6029
    7384      18.2198
    7385      18.0639
    7386      17.9699
    7387      18.1149
    7388      18.3468
    7389      18.7054
    7390      18.2085
    7391      18.2077
    7392      18.0797
    7393      18.5661
    7394      18.6417
    7395      18.8487
    7396      18.3434
    7397      17.8405
    7398      17.5637
    7399      17.5637
    7400      17.3679
    7401      17.8469
    7402      18.3880
    7403      18.7895
    7404      18.1019
    7405      18.2566
    7406      18.2798
    7407      17.6908
    7408      17.5731
    7409      18.9625
    7410      18.1403
    7411      17.4854
    7412      16.7845
    7413      16.9486
    7414      16.9924
    7415      17.6888
    7416      17.5829
    7417      17.4367
    7418      17.8036
    7419      17.7641
    7420      17.6312
    7421      17.4038
    7422      16.6896
    7423      16.7229
    7424      17.0206
    7425      16.5866
    7426      17.1588
    7427      16.7980
    7428      16.9744
    7429      16.6849
    7430      16.8902
    7431      17.0483
    7432      17.3634
    7433      17.9045
    7434      17.8788
    7435      16.8702
    7436      17.3035
    7437      17.5291
    7438      17.8704
    7439      17.5537
    7440      18.6146
    7441      17.2016
    7442      17.5318
    7443      17.9832
    7444      17.9630
    7445      17.7816
    7446      17.0050
    7447      17.6039
    7448      17.8307
    7449      17.9683
    7450      17.6195
    7451      17.7061
    7452      17.7439
    7453      19.0429
    7454      17.8567
    7455      18.5497
    7456      17.7830
    7457      17.7122
    7458      17.4412
    7459      16.9848
    7460      16.2407
    7461      16.2630
    7462      16.8569
    7463      17.6146
    7464      17.4841
    7465      17.6537
    7466      17.4079
    7467      17.1635
    7468      17.0306
    7469      17.3019
    7470      17.8767
    7471      16.9892
    7472      17.4323
    7473      17.7521
    7474      17.5060
    7475      17.5176
    7476      17.3429
    7477      17.1656
    7478      17.6997
    7479      17.4592
    7480      16.8378
    7481      17.8219
    7482      17.9722
    7483      17.7443
    7484      17.7317
    7485      17.6274
    7486      17.0456
    7487      17.2278
    7488      17.1945
    7489      17.0909
    7490      17.9140
    7491      17.4798
    7492      16.6980
    7493      16.8493
    7494      17.0111
    7495      18.3720
    7496      17.2051
    7497      17.9201
    7498      17.4545
    7499      17.6093
    7500      17.8124
    7501      17.0880
    7502      17.6863
    7503      16.3974
    7504      17.3418
    7505      16.9859
    7506      17.0221
    7507      16.9736
    7508      17.0547
    7509      17.4677
    7510      17.0494
    7511      17.0584
    7512      17.0811
    7513      17.4047
    7514      17.6360
    7515      17.1962
    7516      17.0804
    7517      17.3444
    7518      17.8267
    7519      17.5356
    7520      17.6074
    7521      17.6334
    7522      17.5884
    7523      17.2592
    7524      17.7816
    7525      17.2539
    7526      17.1718
    7527      17.1431
    7528      17.7632
    7529      17.0719
    7530      18.1635
    7531      17.2784
    7532      17.7587
    7533      16.8642
    7534      17.1358
    7535      17.3037
    7536      17.2866
    7537      17.5851
    7538      18.4506
    7539      17.4602
    7540      17.1593
    7541      17.2166
    7542      17.9797
    7543      17.8989
    7544      18.1092
    7545      18.2078
    7546      18.0813
    7547      17.9981
    7548      17.8320
    7549      17.7552
    7550      18.1154
    7551      17.4038
    7552      17.8736
    7553      17.8636
    7554      17.0903
    7555      17.7977
    7556      17.1665
    7557      17.0256
    7558      17.6033
    7559      16.9614
    7560      17.5624
    7561      17.8792
    7562      18.1391
    7563      17.7267
    7564      17.6279
    7565      17.7014
    7566      17.1323
    7567      17.6900
    7568      17.5633
    7569      16.9974
    7570      17.2898
    7571      17.4234
    7572      16.7028
    7573      17.5058
    7574      17.5683
    7575      18.0280
    7576      18.1044
    7577      17.2431
    7578      17.3962
    7579      17.5221
    7580      17.4261
    7581      17.1120
    7582      17.9507
    7583      17.7790
    7584      16.6472
    7585      16.7669
    7586      16.9183
    7587      17.1675
    7588      17.5594
    7589      16.7814
    7590      16.3439
    7591      17.1071
    7592      17.7051
    7593      17.2985
    7594      17.5540
    7595      17.1663
    7596      17.0950
    7597      17.0478
    7598      18.2120
    7599      17.4290
    7600      17.9020
    7601      17.5604
    7602      17.1642
    7603      17.7734
    7604      17.4504
    7605      17.8506
    7606      17.4895
    7607      17.4116
    7608      17.1968
    7609      18.0178
    7610      17.8562
    7611      17.0208
    7612      17.7641
    7613      17.0844
    7614      17.5741
    7615      16.8679
    7616      17.1259
    7617      18.0191
    7618      18.0067
    7619      18.8045
    7620      18.1840
    7621      18.2594
    7622      17.5458
    7623      18.1780
    7624      17.0576
    7625      16.5215
    7626      16.7637
    7627      16.4003
    7628      18.2844
    7629      17.7975
    7630      16.8333
    7631      17.0629
    7632      17.3427
    7633      17.3280
    7634      17.6927
    7635      17.1935
    7636      17.4813
    7637      17.1276
    7638      17.7859
    7639      17.2354
    7640      17.2966
    7641      17.5921
    7642      17.6441
    7643      16.9803
    7644      16.9343
    7645      17.5641
    7646      17.4343
    7647      17.1018
    7648      17.1732
    7649      18.2181
    7650      17.4067
    7651      17.6373
    7652      16.9615
    7653      17.5533
    7654      16.9702
    7655      17.3791
    7656      17.7693
    7657      17.7027
    7658      17.8960
    7659      18.0163
    7660      17.6715
    7661      17.2605
    7662      17.7548
    7663      18.0174
    7664      17.6875
    7665      17.3775
    7666      16.6569
    7667      17.2797
    7668      17.7799
    7669      17.4308
    7670      17.1903
    7671      16.4964
    7672      17.4908
    7673      17.7862
    7674      17.4467
    7675      17.6878
    7676      17.7855
    7677      17.0328
    7678      17.1832
    7679      17.4664
    7680      16.8326
    7681      17.0296
    7682      16.9654
    7683      17.4198
    7684      16.6097
    7685      16.8891
    7686      17.0288
    7687      16.3720
    7688      16.1750
    7689      17.3591
    7690      17.7892
    7691      17.1719
    7692      17.9340
    7693      17.3999
    7694      18.4174
    7695      17.6934
    7696      17.3712
    7697      16.9151
    7698      17.1328
    7699      16.5465
    7700      16.8524
    7701      16.8301
    7702      16.5971
    7703      16.9627
    7704      17.7419
    7705      17.4727
    7706      17.9527
    7707      17.3933
    7708      16.7386
    7709      17.3004
    7710      16.8412
    7711      16.8584
    7712      17.2304
    7713      17.1292
    7714      17.7976
    7715      17.3033
    7716      17.1777
    7717      17.5399
    7718      17.0278
    7719      16.8408
    7720      17.2673
    7721      16.9036
    7722      17.8907
    7723      18.1415
    7724      17.6652
    7725      17.3181
    7726      17.9350
    7727      18.1734
    7728      17.0670
    7729      17.8009
    7730      17.3676
    7731      17.3162
    7732      17.5240
    7733      18.1075
    7734      17.9214
    7735      17.8760
    7736      17.7975
    7737      17.9048
    7738      16.8192
    7739      17.6293
    7740      17.6553
    7741      17.8217
    7742      18.6650
    7743      17.1321
    7744      17.4056
    7745      17.3405
    7746      18.0933
    7747      17.5112
    7748      17.9429
    7749      17.7201
    7750      17.1626
    7751      17.4992
    7752      17.1464
    7753      17.8178
    7754      17.9497
    7755      18.3957
    7756      18.5293
    7757      17.3715
    7758      17.3222
    7759      16.8987
    7760      17.4500
    7761      18.4528
    7762      17.9444
    7763      17.6326
    7764      17.8120
    7765      17.9862
    7766      18.0299
    7767      18.0720
    7768      17.6773
    7769      18.4835
    7770      18.0390
    7771      18.8915
    7772      18.7939
    7773      18.6433
    7774      17.9585
    7775      17.9641
    7776      18.2272
    7777      18.3792
    7778      18.0202
    7779      17.9425
    7780      17.4626
    7781      18.5163
    7782      18.1332
    7783      18.5086
    7784      18.0631
    7785      18.0883
    7786      18.0878
    7787      17.9073
    7788      17.7804
    7789      18.1793
    7790      17.9968
    7791      18.5093
    7792      19.0744
    7793      17.7214
    7794      17.6384
    7795      17.6159
    7796      17.4082
    7797      17.5825
    7798      16.9171
    7799      17.0925
    7800      17.4844
    7801      16.9467
    7802      17.5732
    7803      16.8755
    7804      17.5097
    7805      17.6126
    7806      17.4750
    7807      17.5813
    7808      17.2236
    7809      17.3226
    7810      17.1093
    7811      17.1128
    7812      16.9648
    7813      17.4275
    7814      17.2707
    7815      17.3116
    7816      17.7733
    7817      17.3266
    7818      18.0352
    7819      17.7413
    7820      17.7811
    7821      17.9210
    7822      17.2441
    7823      17.6553
    7824      17.2235
    7825      17.4430
    7826      17.7529
    7827      17.6355
    7828      17.6869
    7829      17.5619
    7830      17.3757
    7831      17.8175
    7832      17.9033
    7833      17.4403
    7834      17.2588
    7835      17.8292
    7836      18.0674
    7837      18.6233
    7838      17.0270
    7839      16.9954
    7840      16.7936
    7841      16.6701
    7842      17.3831
    7843      17.0202
    7844      17.6589
    7845      17.5490
    7846      17.6410
    7847      17.4870
    7848      17.7253
    7849      17.5625
    7850      17.1686
    7851      17.8195
    7852      17.4665
    7853      17.4025
    7854      17.5594
    7855      17.7088
    7856      17.8200
    7857      17.6934
    7858      18.1136
    7859      18.6048
    7860      17.8534
    7861      17.7949
    7862      17.8859
    7863      17.0744
    7864      17.4717
    7865      17.4368
    7866      17.2734
    7867      17.9474
    7868      16.9946
    7869      16.7944
    7870      17.7382
    7871      17.4387
    7872      18.0258
    7873      18.1016
    7874      18.6500
    7875      18.0453
    7876      17.8026
    7877      17.7516
    7878      17.4357
    7879      17.5206
    7880      17.1654
    7881      17.4910
    7882      17.0736
    7883      17.2376
    7884      17.7318
    7885      17.2166
    7886      17.0867
    7887      16.3846
    7888      16.6954
    7889      17.3008
    7890      17.4936
    7891      17.4408
    7892      17.1131
    7893      17.7228
    7894      17.0955
    7895      17.3634
    7896      16.9230
    7897      17.6062
    7898      17.1057
    7899      16.3980
    7900      17.0069
    7901      17.4842
    7902      17.6314
    7903      16.6679
    7904      17.1719
    7905      17.1727
    7906      16.5108
    7907      17.2601
    7908      16.5740
    7909      17.7833
    7910      17.5997
    7911      17.0906
    7912      16.9229
    7913      16.9647
    7914      17.9236
    7915      17.1586
    7916      17.3258
    7917      17.6612
    7918      17.5731
    7919      17.2318
    7920      17.5170
    7921      17.5407
    7922      17.0523
    7923      18.0082
    7924      17.2663
    7925      17.5137
    7926      17.8182
    7927      17.6295
    7928      16.9637
    7929      17.1458
    7930      17.0110
    7931      17.5240
    7932      17.4254
    7933      17.2292
    7934      17.7374
    7935      16.9503
    7936      17.0912
    7937      17.4145
    7938      18.0676
    7939      17.3608
    7940      17.2767
    7941      16.9621
    7942      17.1167
    7943      17.4343
    7944      17.0878
    7945      17.1938
    7946      16.9155
    7947      16.9774
    7948      16.9689
    7949      16.6887
    7950      17.1548
    7951      17.7110
    7952      17.9360
    7953      17.6687
    7954      17.5630
    7955      17.2991
    7956      17.0199
    7957      17.4183
    7958      17.4988
    7959      17.1761
    7960      16.8190
    7961      16.7857
    7962      17.5810
    7963      16.5110
    7964      17.2989
    7965      17.5147
    7966      17.5666
    7967      17.6237
    7968      17.4205
    7969      17.3388
    7970      17.6011
    7971      17.2852
    7972      16.5842
    7973      17.0497
    7974      16.8390
    7975      16.5712
    7976      16.7802
    7977      17.2019
    7978      17.1428
    7979      17.6391
    7980      17.1408
    7981      16.9134
    7982      17.7309
    7983      17.5301
    7984      17.7812
    7985      17.3767
    7986      17.9981
    7987      18.0090
    7988      17.9839
    7989      16.9713
    7990      17.3736
    7991      17.3212
    7992      16.9705
    7993      18.0570
    7994      17.7971
    7995      17.3128
    7996      17.7805
    7997      17.5401
    7998      17.2160
    7999      17.3229
    8000      17.4983
    8001      17.2813
    8002      16.6593
    8003      17.7093
    8004      17.3472
    8005      17.6578
    8006      17.4407
    8007      17.1315
    8008      17.3405
    8009      17.9570
    8010      17.9646
    8011      18.5671
    8012      18.0363
    8013      17.8163
    8014      18.1972
    8015      18.0245
    8016      18.0870
    8017      18.3174
    8018      17.8296
    8019      17.8308
    8020      18.0397
    8021      18.4373
    8022      17.4998
    8023      17.7032
    8024      17.8966
    8025      17.9688
    8026      17.6648
    8027      17.8837
    8028      17.8427
    8029      17.7411
    8030      17.5932
    8031      17.3712
    8032      16.9716
    8033      17.8377
    8034      16.9139
    8035      17.4617
    8036      17.9216
    8037      17.9014
    8038      17.5710
    8039      17.1575
    8040      17.0417
    8041      17.6431
    8042      17.2650
    8043      17.7949
    8044      17.9538
    8045      18.1120
    8046      18.3543
    8047      17.2920
    8048      17.6193
    8049      17.8178
    8050      17.7059
    8051      17.3636
    8052      17.2155
    8053      17.6195
    8054      17.3207
    8055      16.7628
    8056      16.6008
    8057      16.6341
    8058      17.0802
    8059      17.4491
    8060      17.6766
    8061      17.3678
    8062      16.8252
    8063      17.9164
    8064      17.4507
    8065      17.4229
    8066      17.3438
    8067      17.4366
    8068      17.4173
    8069      16.5506
    8070      16.9118
    8071      16.8652
    8072      17.6585
    8073      17.4939
    8074      17.4324
    8075      16.6375
    8076      17.3535
    8077      17.4813
    8078      16.8176
    8079      17.1193
    8080      16.8777
    8081      16.7951
    8082      17.1091
    8083      17.8101
    8084      16.6550
    8085      17.1785
    8086      17.1906
    8087      17.9256
    8088      17.8677
    8089      17.6743
    8090      17.4673
    8091      17.0043
    8092      17.2145
    8093      16.0082
    8094      16.4638
    8095      16.0329
    8096      15.7911
    8097      15.9139
    8098      16.1436
    8099      15.5594
    8100      16.5485
    8101      17.3347
    8102      17.4031
    8103      18.1139
    8104      17.5944
    8105      17.2139
    8106      17.1544
    8107      16.8017
    8108      16.9671
    8109      17.7871
    8110      16.9427
    8111      16.9137
    8112      17.1251
    8113      17.1455
    8114      16.7017
    8115      16.8873
    8116      16.9580
    8117      17.0516
    8118      17.2131
    8119      17.1417
    8120      17.8560
    8121      18.2888
    8122      18.2194
    8123      17.3453
    8124      17.6907
    8125      17.6657
    8126      16.7314
    8127      17.1264
    8128      17.1851
    8129      16.8804
    8130      17.1783
    8131      16.6507
    8132      16.3839
    8133      16.3380
    8134      16.3719
    8135      17.0747
    8136      17.2082
    8137      17.1018
    8138      16.7541
    8139      16.9632
    8140      16.8600
    8141      16.9301
    8142      17.0510
    8143      17.5088
    8144      17.7477
    8145      17.8441
    8146      17.3324
    8147      17.7918
    8148      16.9947
    8149      17.2809
    8150      15.8850
    8151      17.5002
    8152      16.9604
    8153      16.8900
    8154      17.0992
    8155      16.8154
    8156      16.4362
    8157      16.8514
    8158      17.5927
    8159      17.4326
    8160      17.5627
    8161      17.3424
    8162      17.1051
    8163      17.4507
    8164      17.1652
    8165      17.5078
    8166      16.9193
    8167      16.7441
    8168      16.7967
    8169      17.0545
    8170      18.1581
    8171      16.9969
    8172      16.9238
    8173      17.4299
    8174      17.8567
    8175      18.1455
    8176      16.8813
    8177      17.2900
    8178      16.9788
    8179      16.9550
    8180      16.7564
    8181      16.6444
    8182      18.0208
    8183      16.9512
    8184      17.2919
    8185      16.9229
    8186      16.8512
    8187      17.2880
    8188      17.8938
    8189      17.3476
    8190      17.2789
    8191      17.7971
    8192      16.8473
    8193      17.5410
    8194      16.5210
    8195      16.9656
    8196      16.9133
    8197      17.3155
    8198      17.1785
    8199      17.2755
    8200      17.2595
    8201      17.9962
    8202      18.1098
    8203      16.7671
    8204      18.1278
    8205      17.2213
    8206      17.6094
    8207      17.0982
    8208      17.6786
    8209      17.7769
    8210      17.5150
    8211      17.4256
    8212      16.8883
    8213      17.3999
    8214      17.8830
    8215      17.1915
    8216      17.0680
    8217      17.0008
    8218      17.4333
    8219      17.5379
    8220      17.4507
    8221      17.0523
    8222      17.1937
    8223      18.0954
    8224      17.6570
    8225      17.6880
    8226      17.5318
    8227      17.0189
    8228      16.9285
    8229      17.9388
    8230      17.9875
    8231      17.6917
    8232      18.0063
    8233      18.4952
    8234      19.1837
    8235      18.0822
    8236      18.4856
    8237      18.1965
    8238      18.3838
    8239      17.9334
    8240      18.0647
    8241      17.6321
    8242      17.1556
    8243      17.4358
    8244      16.4797
    8245      17.0346
    8246      16.6256
    8247      17.2014
    8248      17.6216
    8249      17.1775
    8250      17.2796
    8251      16.5979
    8252      16.9732
    8253      17.3693
    8254      17.9237
    8255      17.6052
    8256      18.5844
    8257      17.9053
    8258      17.1133
    8259      17.9157
    8260      17.7847
    8261      17.4917
    8262      17.8605
    8263      18.0389
    8264      18.1513
    8265      18.2268
    8266      17.5923
    8267      17.0631
    8268      17.0320
    8269      17.9757
    8270      17.2388
    8271      17.2901
    8272      17.0987
    8273      17.4331
    8274      18.0540
    8275      16.5123
    8276      17.5031
    8277      17.4634
    8278      17.0266
    8279      17.7855
    8280      17.2525
    8281      17.9272
    8282      18.0605
    8283      18.3121
    8284      17.7802
    8285      17.2825
    8286      17.0830
    8287      16.9673
    8288      16.6239
    8289      16.6466
    8290      17.5599
    8291      18.6355
    8292      17.9512
    8293      18.2953
    8294      17.9915
    8295      17.6771
    8296      17.8603
    8297      17.8145
    8298      17.6575
    8299      18.3389
    8300      17.7155
    8301      17.3411
    8302      17.3995
    8303      17.8698
    8304      17.7970
    8305      17.7251
    8306      18.0778
    8307      18.3752
    8308      18.7234
    8309      18.6091
    8310      17.7867
    8311      17.4173
    8312      18.0082
    8313      18.1629
    8314      18.1305
    8315      18.4207
    8316      18.2462
    8317      17.2465
    8318      17.4850
    8319      17.6663
    8320      17.3479
    8321      17.1959
    8322      18.1782
    8323      18.0143
    8324      17.6062
    8325      17.4367
    8326      17.5100
    8327      17.6011
    8328      17.6539
    8329      16.9089
    8330      16.6961
    8331      17.5010
    8332      18.2089
    8333      17.3533
    8334      18.0265
    8335      18.0674
    8336      17.9099
    8337      17.5317
    8338      17.8122
    8339      18.6927
    8340      17.8276
    8341      18.2818
    8342      18.0145
    8343      17.9139
    8344      17.6558
    8345      17.7622
    8346      17.5858
    8347      18.3985
    8348      17.6215
    8349      16.9343
    8350      17.1627
    8351      17.3140
    8352      17.4159
    8353      17.1310
    8354      16.8044
    8355      17.5097
    8356      17.7119
    8357      17.1700
    8358      17.0968
    8359      17.5704
    8360      17.3488
    8361      17.7015
    8362      17.2655
    8363      17.5435
    8364      17.4475
    8365      17.3608
    8366      17.4038
    8367      16.9095
    8368      17.5146
    8369      17.9149
    8370      17.7870
    8371      17.6519
    8372      17.6455
    8373      17.8049
    8374      18.8592
    8375      18.2380
    8376      17.8714
    8377      17.4989
    8378      17.2524
    8379      18.1626
    8380      18.2013
    8381      17.8500
    8382      17.9300
    8383      17.7089
    8384      18.1338
    8385      18.0976
    8386      17.1789
    8387      17.9737
    8388      18.0867
    8389      18.2689
    8390      18.3501
    8391      18.3770
    8392      18.0965
    8393      17.3066
    8394      16.9451
    8395      17.0774
    8396      17.9566
    8397      17.5883
    8398      17.5081
    8399      17.2389
    8400      18.0231
    8401      17.3062
    8402      18.2236
    8403      17.8961
    8404      17.8148
    8405      17.7230
    8406      17.6588
    8407      17.9231
    8408      17.8931
    8409      18.1922
    8410      18.0937
    8411      17.1312
    8412      17.6158
    8413      17.3672
    8414      17.8775
    8415      17.8368
    8416      17.5084
    8417      17.0856
    8418      17.6961
    8419      17.3849
    8420      17.8730
    8421      18.0627
    8422      17.8490
    8423      19.0655
    8424      18.4481
    8425      18.1304
    8426      18.2373
    8427      18.3079
    8428      18.2402
    8429      18.3954
    8430      17.7800
    8431      17.2886
    8432      17.6901
    8433      17.9688
    8434      17.6035
    8435      17.9523
    8436      17.4868
    8437      17.8695
    8438      18.0282
    8439      17.5495
    8440      17.7489
    8441      18.0043
    8442      17.4182
    8443      17.9917
    8444      17.1895
    8445      17.2243
    8446      17.3801
    8447      17.4845
    8448      17.2601
    8449      17.8595
    8450      17.9932
    8451      17.6450
    8452      17.5444
    8453      17.5218
    8454      17.8509
    8455      18.1001
    8456      17.8142
    8457      18.0141
    8458      17.3037
    8459      17.4371
    8460      17.9836
    8461      16.7388
    8462      17.6836
    8463      17.0868
    8464      17.2711
    8465      17.0887
    8466      17.2656
    8467      17.4340
    8468      17.2576
    8469      18.1132
    8470      17.5059
    8471      17.9064
    8472      17.8446
    8473      16.8410
    8474      17.4523
    8475      16.5153
    8476      17.4106
    8477      18.2264
    8478      17.5619
    8479      17.8126
    8480      17.6257
    8481      17.4754
    8482      17.5314
    8483      17.5753
    8484      17.2342
    8485      17.0615
    8486      17.1779
    8487      17.0009
    8488      17.2721
    8489      17.2906
    8490      16.8413
    8491      16.2701
    8492      15.9874
    8493      16.0716
    8494      16.2651
    8495      16.1006
    8496      16.3196
    8497      16.0283
    8498      16.2221
    8499      16.0426
    8500      16.5602
    8501      16.6509
    8502      17.1318
    8503      16.6267
    8504      16.4876
    8505      16.4504
    8506      16.4201
    8507      16.4300
    8508      16.7989
    8509      16.2422
    8510      16.6006
    8511      16.6804
    8512      16.7608
    8513      16.3876
    8514      16.2347
    8515      16.4316
    8516      16.5816
    8517      15.9951
    8518      16.2246
    8519      16.2115
    8520      16.1478
    8521      15.6675
    8522      15.4579
    8523      15.8318
    8524      15.6485
    8525      15.8473
    8526      16.0439
    8527      16.2736
    8528      15.3137
    8529      16.0144
    8530      16.4507
    8531      16.2565
    8532      16.7331
    8533      16.6057
    8534      16.7240
    8535      16.3733
    8536      16.2276
    8537      16.2486
    8538      16.1163
    8539      15.8869
    8540      15.8186
    8541      16.2418
    8542      16.4603
    8543      16.4108
    8544      16.0330
    8545      15.8917
    8546      16.2257
    8547      16.5144
    8548      15.9528
    8549      17.3680
    8550      17.1020
    8551      16.3501
    8552      16.3742
    8553      16.6422
    8554      16.7129
    8555      17.0788
    8556      16.6965
    8557      16.6948
    8558      16.0028
    8559      16.4224
    8560      15.5977
    8561      15.8415
    8562      15.7689
    8563      15.8504
    8564      15.8890
    8565      15.7311
    8566      16.0183
    8567      16.2201
    8568      15.7650
    8569      15.9225
    8570      16.2297
    8571      15.8889
    8572      16.1125
    8573      16.3814
    8574      16.7051
    8575      16.1590
    8576      16.2907
    8577      16.8419
    8578      17.4179
    8579      16.1092
    8580      16.2960
    8581      15.6640
    8582      15.8684
    8583      15.5734
    8584      15.8272
    8585      16.2690
    8586      15.9270
    8587      15.7294
    8588      16.3647
    8589      16.3957
    8590      17.1470
    8591      17.2465
    8592      17.5116
    8593      17.4487
    8594      17.0232
    8595      17.6734
    8596      17.3842
    8597      17.5308
    8598      16.9853
    8599      16.8266
    8600      16.3500
    8601      16.6511
    8602      17.6738
    8603      17.0277
    8604      16.4097
    8605      16.3771
    8606      16.7814
    8607      16.1866
    8608      16.0931
    8609      16.7774
    8610      16.4422
    8611      16.5494
    8612      16.4095
    8613      16.7330
    8614      17.5283
    8615      17.3923
    8616      17.4955
    8617      17.5782
    8618      17.3456
    8619      17.1295
    8620      16.8415
    8621      17.3516
    8622      16.7163
    8623      16.4709
    8624      16.6311
    8625      16.9174
    8626      16.5825
    8627      16.1830
    8628      16.9969
    8629      17.3250
    8630      16.3943
    8631      16.8755
    8632      16.6545
    8633      17.1808
    8634      16.6355
    8635      16.8960
    8636      16.9910
    8637      17.2260
    8638      16.8559
    8639      16.9113
    8640      17.2712
    8641      16.9622
    8642      17.1667
    8643      17.5060
    8644      17.0373
    8645      17.0773
    8646      17.6256
    8647      17.9000
    8648      17.6042
    8649      18.1283
    8650      17.7117
    8651      17.1426
    8652      16.9787
    8653      17.0182
    8654      17.4310
    8655      17.0992
    8656      17.5031
    8657      17.7001
    8658      16.8635
    8659      16.9602
    8660      17.4160
    8661      17.6272
    8662      17.6254
    8663      16.9686
    8664      17.2844
    8665      17.3447
    8666      17.3153
    8667      17.3327
    8668      17.8325
    8669      17.3254
    8670      17.8578
    8671      17.4662
    8672      17.4556
    8673      17.6672
    8674      18.0018
    8675      18.0382
    8676      17.1954
    8677      16.6980
    8678      17.5219
    8679      17.1089
    8680      17.1069
    8681      17.1030
    8682      17.1895
    8683      17.5015
    8684      17.1464
    8685      16.6971
    8686      16.7644
    8687      16.8249
    8688      16.1172
    8689      16.5775
    8690      16.6493
    8691      16.7616
    8692      16.5160
    8693      16.3742
    8694      17.2457
    8695      16.1861
    8696      17.3310
    8697      16.8734
    8698      16.6635
    8699      16.6819
    8700      17.5054
    8701      16.6707
    8702      17.1887
    8703      16.3761
    8704      17.5775
    8705      17.3022
    8706      17.8084
    8707      16.9341
    8708      16.7164
    8709      16.6653
    8710      16.8214
    8711      16.6195
    8712      16.8134
    8713      16.8370
    8714      16.9664
    8715      17.4265
    8716      16.9223
    8717      17.1472
    8718      17.5774
    8719      17.7000
    8720      17.0221
    8721      17.0630
    8722      16.8761
    8723      16.5233
    8724      16.8707
    8725      17.5007
    8726      17.1954
    8727      16.7820
    8728      16.4968
    8729      15.6931
    8730      16.4281
    8731      16.7927
    8732      16.9532
    8733      17.4059
    8734      16.9496
    8735      17.0657
    8736      16.9053
    8737      17.0849
    8738      16.4923
    8739      16.6108
    8740      16.6166
    8741      17.3747
    8742      17.4798
    8743      17.6259
    8744      17.4019
    8745      17.4566
    8746      17.5046
    8747      17.2047
    8748      17.3377
    8749      17.3090
    8750      17.6702
    8751      17.2198
    8752      17.2198
    8753      17.2017
    8754      17.2668
    8755      17.4471
    8756      17.3459
    8757      17.6083
    8758      18.2100
    8759      17.1503
    8760      17.0713
    8761      16.8535
    8762      16.8043
    8763      16.6739
    8764      17.2337
    8765      17.6052
    8766      17.4874
    8767      18.5196
    8768      17.4756
    8769      17.5152
    8770      16.9615
    8771      16.8644
    8772      17.2023
    8773      17.7096
    8774      16.9973
    8775      16.9194
    8776      17.7091
    8777      16.8716
    8778      16.9518
    8779      17.3956
    8780      17.0988
    8781      16.9754
    8782      17.2615
    8783      16.1047
    8784      16.5869
    8785      16.5049
    8786      16.9661
    8787      16.3137
    8788      16.4932
    8789      16.7638
    8790      16.4652
    8791      15.8254
    8792      16.6303
    8793      17.3363
    8794      17.1287
    8795      17.4221
    8796      16.6971
    8797      16.8557
    8798      15.7866
    8799      16.1858
    8800      17.3846
    8801      16.5179
    8802      15.8589
    8803      16.0799
    8804      16.2093
    8805      16.9278
    8806      16.9731
    8807      16.3508
    8808      17.2562
    8809      16.5235
    8810      17.0555
    8811      16.9692
    8812      16.6847
    8813      16.4696
    8814      17.0909
    8815      17.6138
    8816      16.7710
    8817      16.6120
    8818      16.8505
    8819      16.7695
    8820      17.3429
    8821      16.6747
    8822      17.1498
    8823      16.9254
    8824      16.6156
    8825      18.1182
    8826      17.6761
    8827      16.4469
    8828      17.2379
    8829      17.6728
    8830      18.1341
    8831      17.5933
    8832      16.5323
    8833      16.5764
    8834      16.3705
    8835      16.5202
    8836      17.1539
    8837      15.7736
    8838      15.5356
    8839      15.7785
    8840      16.1383
    8841      16.0353
    8842      15.6570
    8843      16.9776
    8844      16.7975
    8845      16.7906
    8846      16.7730
    8847      16.0323
    8848      16.5038
    8849      16.3085
    8850      16.4358
    8851      17.2350
    8852      16.8937
    8853      16.7222
    8854      16.5197
    8855      17.0243
    8856      16.8296
    8857      16.8082
    8858      16.7627
    8859      16.4598
    8860      16.7873
    8861      16.5528
    8862      16.8200
    8863      16.6285
    8864      17.4071
    8865      16.7168
    8866      16.5057
    8867      16.8269
    8868      16.3900
    8869      16.4167
    8870      17.1696
    8871      17.0638
    8872      16.4702
    8873      17.1996
    8874      17.1420
    8875      16.8862
    8876      17.6729
    8877      16.9973
    8878      16.8581
    8879      17.2882
    8880      17.2633
    8881      16.4542
    8882      16.9517
    8883      17.3028
    8884      16.0223
    8885      16.8345
    8886      17.3047
    8887      16.2914
    8888      16.6902
    8889      16.4896
    8890      16.8251
    8891      17.1252
    8892      16.5605
    8893      16.9352
    8894      15.6809
    8895      16.2754
    8896      16.4833
    8897      16.0130
    8898      16.3081
    8899      16.5007
    8900      15.5733
    8901      16.0723
    8902      15.5450
    8903      15.4945
    8904      15.2013
    8905      16.0258
    8906      15.8837
    8907      15.5821
    8908      16.0887
    8909      15.5014
    8910      15.3196
    8911      16.2409
    8912      15.9819
    8913      15.2589
    8914      16.1363
    8915      15.5832
    8916      16.1112
    8917      16.1181
    8918      15.7794
    8919      15.5821
    8920      15.6641
    8921      16.2041
    8922      16.2275
    8923      15.8338
    8924      15.7059
    8925      16.3444
    8926      15.7737
    8927      16.0318
    8928      16.2902
    8929      15.1121
    8930      15.9418
    8931      16.4458
    8932      16.3208
    8933      16.2216
    8934      16.2908
    8935      16.3058
    8936      16.0161
    8937      16.0509
    8938      16.8150
    8939      16.7325
    8940      17.4635
    8941      16.8795
    8942      17.0347
    8943      16.6480
    8944      17.0613
    8945      16.9770
    8946      16.7384
    8947      17.0020
    8948      17.7391
    8949      17.4753
    8950      16.7862
    8951      16.8358
    8952      17.5530
    8953      17.1086
    8954      17.0546
    8955      16.9288
    8956      17.4010
    8957      17.9027
    8958      17.0816
    8959      17.0394
    8960      17.4031
    8961      16.6068
    8962      16.2330
    8963      17.2821
    8964      16.9125
    8965      16.7699
    8966      16.8506
    8967      16.3628
    8968      17.0602
    8969      17.0023
    8970      16.2348
    8971      16.3886
    8972      16.8065
    8973      17.1196
    8974      15.9675
    8975      16.3099
    8976      16.5984
    8977      16.5391
    8978      16.3823
    8979      16.0701
    8980      16.1656
    8981      15.2175
    8982      15.5261
    8983      14.9065
    8984      15.3524
    8985      15.4736
    8986      16.2628
    8987      16.4509
    8988      16.3627
    8989      17.1234
    8990      16.8863
    8991      16.9700
    8992      16.7467
    8993      16.6839
    8994      16.7681
    8995      16.5277
    8996      16.9818
    8997      17.4011
    8998      17.2506
    8999      16.9251
    9000      16.7085
    9001      16.5673
    9002      16.9551
    9003      17.8717
    9004      17.3406
    9005      16.9884
    9006      16.5694
    9007      17.0369
    9008      16.7107
    9009      17.6816
    9010      16.9361
    9011      16.9051
    9012      16.9292
    9013      16.3839
    9014      17.0494
    9015      16.5597
    9016      16.8483
    9017      16.7487
    9018      17.0676
    9019      16.6273
    9020      16.8495
    9021      17.3674
    9022      17.3778
    9023      16.8694
    9024      16.5097
    9025      16.0872
    9026      16.9090
    9027      16.7102
    9028      16.5768
    9029      17.3250
    9030      16.1564
    9031      16.3242
    9032      16.1651
    9033      16.9737
    9034      16.5720
    9035      16.0555
    9036      16.5300
    9037      16.7082
    9038      16.6296
    9039      16.8674
    9040      16.9330
    9041      16.6985
    9042      17.2534
    9043      16.6289
    9044      15.9463
    9045      16.7930
    9046      16.8352
    9047      17.1658
    9048      16.0965
    9049      15.7947
    9050      16.3072
    9051      17.1669
    9052      17.3161
    9053      17.0721
    9054      16.8326
    9055      16.4088
    9056      16.1084
    9057      16.9917
    9058      16.9561
    9059      17.0750
    9060      16.8207
    9061      16.8951
    9062      16.9007
    9063      17.3116
    9064      17.0872
    9065      16.8404
    9066      17.3936
    9067      17.3381
    9068      16.2347
    9069      16.7750
    9070      16.7038
    9071      16.8768
    9072      17.2572
    9073      17.3582
    9074      17.3349
    9075      16.8465
    9076      17.3900
    9077      16.6506
    9078      16.6087
    9079      16.7252
    9080      16.2179
    9081      16.3628
    9082      16.4525
    9083      16.2448
    9084      16.2929
    9085      16.6239
    9086      16.2720
    9087      16.1366
    9088      16.9875
    9089      16.0015
    9090      16.3723
    9091      16.6795
    9092      16.3491
    9093      16.3525
    9094      16.3078
    9095      16.7489
    9096      16.3319
    9097      16.8143
    9098      16.6871
    9099      16.2358
    9100      16.5277
    9101      16.2149
    9102      16.0776
    9103      16.8128
    9104      16.3920
    9105      16.2010
    9106      16.3190
    9107      16.5530
    9108      16.9683
    9109      16.8765
    9110      16.0342
    9111      16.8942
    9112      16.9221
    9113      16.3378
    9114      16.9718
    9115      16.8293
    9116      16.9074
    9117      16.9457
    9118      16.1225
    9119      15.7935
    9120      17.0098
    9121      16.7123
    9122      16.9756
    9123      17.3544
    9124      16.4996
    9125      16.7448
    9126      16.3913
    9127      16.6171
    9128      16.2955
    9129      16.7252
    9130      16.9857
    9131      17.6041
    9132      17.0107
    9133      17.2067
    9134      16.3587
    9135      16.5148
    9136      16.1795
    9137      15.4286
    9138      16.1794
    9139      16.5869
    9140      16.1595
    9141      16.2644
    9142      16.1418
    9143      17.1774
    9144      16.8301
    9145      16.8272
    9146      17.4066
    9147      17.8356
    9148      17.3508
    9149      17.3490
    9150      17.3670
    9151      16.2628
    9152      17.5585
    9153      17.4772
    9154      17.6624
    9155      17.8240
    9156      17.9093
    9157      17.6480
    9158      17.4011
    9159      17.7179
    9160      17.1091
    9161      17.3806
    9162      17.8157
    9163      17.4028
    9164      16.9772
    9165      17.6281
    9166      16.6168
    9167      16.0539
    9168      16.8645
    9169      16.8138
    9170      16.9800
    9171      17.5656
    9172      17.3166
    9173      17.2074
    9174      16.6747
    9175      16.9464
    9176      16.6853
    9177      16.4802
    9178      16.6421
    9179      16.7187
    9180      17.6310
    9181      16.7665
    9182      15.9948
    9183      17.5013
    9184      17.4159
    9185      17.4112
    9186      18.1018
    9187      16.9945
    9188      17.2979
    9189      17.2628
    9190      16.4308
    9191      16.3392
    9192      16.9917
    9193      16.8350
    9194      16.7242
    9195      17.3944
    9196      16.7588
    9197      16.3985
    9198      16.3394
    9199      16.8679
    9200      16.3970
    9201      15.3778
    9202      16.5779
    9203      16.6076
    9204      16.3209
    9205      16.9011
    9206      17.0294
    9207      17.0796
    9208      16.8445
    9209      17.9779
    9210      17.7528
    9211      16.8022
    9212      17.1834
    9213      17.1424
    9214      17.3258
    9215      17.2155
    9216      16.3201
    9217      16.4223
    9218      15.5760
    9219      16.3087
    9220      17.0177
    9221      17.0437
    9222      16.6974
    9223      17.7714
    9224      16.6071
    9225      16.9552
    9226      16.8570
    9227      17.3415
    9228      17.5859
    9229      16.8666
    9230      17.3407
    9231      17.4012
    9232      17.1767
    9233      16.9537
    9234      17.2859
    9235      16.5655
    9236      17.1791
    9237      17.1608
    9238      17.0676
    9239      17.3632
    9240      16.7650
    9241      16.9990
    9242      17.2764
    9243      17.0655
    9244      16.6940
    9245      17.0209
    9246      16.9888
    9247      17.8122
    9248      16.6976
    9249      17.4612
    9250      17.2627
    9251      16.2356
    9252      17.7668
    9253      17.1349
    9254      17.0627
    9255      17.1220
    9256      17.2193
    9257      17.3747
    9258      17.2324
    9259      16.7977
    9260      17.0935
    9261      17.3432
    9262      17.4323
    9263      16.7343
    9264      16.5433
    9265      17.1449
    9266      16.2389
    9267      16.3800
    9268      16.2695
    9269      17.5676
    9270      17.0483
    9271      17.3979
    9272      16.7459
    9273      15.9905
    9274      16.8264
    9275      16.8150
    9276      16.9033
    9277      17.3738
    9278      17.0550
    9279      16.9374
    9280      16.2805
    9281      16.7363
    9282      16.5054
    9283      16.7082
    9284      16.9784
    9285      16.5688
    9286      17.5613
    9287      17.5673
    9288      17.6808
    9289      17.3817
    9290      17.0853
    9291      17.5703
    9292      17.0994
    9293      17.8528
    9294      16.9151
    9295      16.6764
    9296      17.5989
    9297      16.9203
    9298      17.1288
    9299      17.1853
    9300      16.9243
    9301      16.8481
    9302      17.3385
    9303      17.9139
    9304      17.1642
    9305      16.8899
    9306      17.0996
    9307      17.7285
    9308      17.9028
    9309      17.4102
    9310      16.9378
    9311      17.4091
    9312      16.8012
    9313      18.3104
    9314      17.4331
    9315      16.8027
    9316      18.1048
    9317      17.4741
    9318      17.0400
    9319      17.1329
    9320      17.2525
    9321      16.9508
    9322      17.4113
    9323      16.7205
    9324      17.2518
    9325      16.6692
    9326      16.5303
    9327      16.7067
    9328      16.5834
    9329      17.1592
    9330      16.8095
    9331      17.1793
    9332      16.2297
    9333      17.2466
    9334      17.4389
    9335      16.9891
    9336      16.4884
    9337      15.9918
    9338      16.2094
    9339      16.4806
    9340      16.1702
    9341      16.6688
    9342      16.4360
    9343      16.7256
    9344      16.5945
    9345      16.9406
    9346      16.7612
    9347      17.0561
    9348      16.7604
    9349      17.1890
    9350      16.4815
    9351      16.1207
    9352      16.3262
    9353      16.1351
    9354      16.7422
    9355      16.4825
    9356      16.5922
    9357      16.8847
    9358      16.8654
    9359      16.2897
    9360      16.4848
    9361      16.4035
    9362      16.3098
    9363      16.4587
    9364      16.1562
    9365      15.8577
    9366      16.6172
    9367      16.5299
    9368      16.8826
    9369      15.8934
    9370      15.6160
    9371      15.4870
    9372      16.2089
    9373      16.3005
    9374      16.5675
    9375      16.7171
    9376      16.4322
    9377      15.7578
    9378      15.8960
    9379      16.0225
    9380      16.5565
    9381      16.5400
    9382      16.7550
    9383      16.8898
    9384      16.5315
    9385      16.6011
    9386      16.4456
    9387      16.8832
    9388      16.3003
    9389      17.0343
    9390      16.8670
    9391      15.9715
    9392      16.8540
    9393      16.1293
    9394      16.8448
    9395      16.7617
    9396      16.8194
    9397      17.6986
    9398      17.6117
    9399      16.6756
    9400      17.4032
    9401      17.4344
    9402      16.5685
    9403      16.9897
    9404      17.0907
    9405      17.8513
    9406      17.1393
    9407      17.6281
    9408      18.1433
    9409      17.6875
    9410      17.2129
    9411      17.6224
    9412      18.0433
    9413      18.1620
    9414      17.6043
    9415      17.1332
    9416      17.2373
    9417      18.4106
    9418      17.5751
    9419      17.4330
    9420      17.9622
    9421      17.5276
    9422      17.1482
    9423      16.6784
    9424      17.0620
    9425      16.4276
    9426      16.7069
    9427      17.7160
    9428      17.1387
    9429      16.8570
    9430      16.0401
    9431      15.6055
    9432      17.4061
    9433      16.4960
    9434      17.3421
    9435      15.7433
    9436      16.6479
    9437      16.8198
    9438      16.8206
    9439      16.9097
    9440      16.9074
    9441      17.4652
    9442      17.4841
    9443      16.7701
    9444      16.1170
    9445      16.3335
    9446      16.7001
    9447      16.5035
    9448      16.9531
    9449      17.1972
    9450      16.9260
    9451      16.8999
    9452      16.8795
    9453      17.0653
    9454      17.0792
    9455      17.8936
    9456      17.4087
    9457      17.4781
    9458      17.3275
    9459      18.0259
    9460      17.6890
    9461      17.7278
    9462      17.3388
    9463      17.5543
    9464      17.4251
    9465      17.5793
    9466      17.6299
    9467      18.2272
    9468      18.3409
    9469      18.5457
    9470      19.5968
    9471      18.2568
    9472      17.1806
    9473      17.4986
    9474      17.6208
    9475      17.4612
    9476      18.0153
    9477      17.6619
    9478      17.8542
    9479      17.1397
    9480      17.3676
    9481      16.8611
    9482      17.0738
    9483      16.5462
    9484      17.5586
    9485      17.3792
    9486      16.6078
    9487      16.8878
    9488      16.8008
    9489      16.1798
    9490      16.8672
    9491      16.4686
    9492      15.9173
    9493      17.0474
    9494      16.7373
    9495      16.6865
    9496      16.7874
    9497      16.7483
    9498      16.8256
    9499      16.4760
    9500      16.3356
    9501      16.1052
    9502      15.9460
    9503      16.3024
    9504      16.0923
    9505      15.9470
    9506      16.8762
    9507      16.2801
    9508      15.9607
    9509      16.1795
    9510      16.5747
    9511      15.8737
    9512      16.2771
    9513      16.0331
    9514      16.5142
    9515      17.0402
    9516      16.5990
    9517      16.5858
    9518      16.4951
    9519      15.7216
    9520      15.7643
    9521      15.9746
    9522      16.3551
    9523      16.3266
    9524      16.2925
    9525      16.5660
    9526      16.2933
    9527      16.1582
    9528      15.9026
    9529      15.7531
    9530      15.9061
    9531      16.1075
    9532      15.9285
    9533      15.5190
    9534      16.0786
    9535      16.0650
    9536      16.4648
    9537      16.6942
    9538      16.7472
    9539      16.9916
    9540      17.4679
    9541      17.6158
    9542      16.4766
    9543      16.8596
    9544      16.9135
    9545      16.5072
    9546      17.1285
    9547      16.7932
    9548      17.0895
    9549      16.5250
    9550      17.0945
    9551      17.0968
    9552      17.2463
    9553      16.7568
    9554      16.4447
    9555      16.6614
    9556      16.7843
    9557      16.0059
    9558      15.7616
    9559      16.7585
    9560      17.4361
    9561      17.6033
    9562      17.1704
    9563      17.6320
    9564      17.9618
    9565      16.9019
    9566      16.8849
    9567      17.0136
    9568      17.2157
    9569      17.2001
    9570      17.6610
    9571      17.8420
    9572      17.0307
    9573      17.1882
    9574      16.8454
    9575      17.3564
    9576      17.1292
    9577      17.7729
    9578      17.8522
    9579      17.9917
    9580      17.8206
    9581      16.7697
    9582      17.2976
    9583      17.0999
    9584      17.2340
    9585      16.9920
    9586      16.5943
    9587      16.4317
    9588      16.6994
    9589      15.6316
    9590      16.1773
    9591      16.0977
    9592      17.0033
    9593      17.0997
    9594      17.2938
    9595      17.7454
    9596      17.6231
    9597      17.0707
    9598      16.8357
    9599      16.3978
    9600      16.8016
    9601      17.1561
    9602      17.2563
    9603      17.5615
    9604      17.0392
    9605      17.2655
    9606      17.3813
    9607      17.5451
    9608      17.4974
    9609      17.7696
    9610      17.5762
    9611      17.7332
    9612      17.3727
    9613      17.1923
    9614      17.3911
    9615      17.3001
    9616      17.9546
    9617      17.6317
    9618      17.4284
    9619      17.2313
    9620      17.1771
    9621      17.1584
    9622      17.6691
    9623      17.5399
    9624      17.3390
    9625      17.3164
    9626      17.9787
    9627      17.7821
    9628      16.8407
    9629      17.3879
    9630      17.1138
    9631      17.2472
    9632      17.5927
    9633      16.5560
    9634      16.9170
    9635      17.3740
    9636      17.2086
    9637      17.4015
    9638      16.9009
    9639      17.0878
    9640      17.1947
    9641      17.6158
    9642      16.6645
    9643      16.9769
    9644      17.0463
    9645      17.2169
    9646      17.2429
    9647      16.3000
    9648      17.3761
    9649      16.8518
    9650      16.6643
    9651      16.5687
    9652      17.3682
    9653      17.2807
    9654      16.9611
    9655      17.0620
    9656      18.1364
    9657      17.9644
    9658      18.5056
    9659      18.0727
    9660      17.8079
    9661      17.7420
    9662      18.4676
    9663      17.9639
    9664      18.4311
    9665      18.6000
    9666      18.0011
    9667      17.8194
    9668      17.7801
    9669      17.8721
    9670      18.1827
    9671      18.4009
    9672      18.5210
    9673      17.8500
    9674      17.9556
    9675      18.1894
    9676      17.7665
    9677      17.0448
    9678      18.0642
    9679      17.4826
    9680      17.3981
    9681      17.3050
    9682      17.3432
    9683      17.4650
    9684      17.6097
    9685      17.4905
    9686      17.6398
    9687      17.1630
    9688      17.0631
    9689      16.8149
    9690      16.7452
    9691      17.1702
    9692      17.0524
    9693      16.2942
    9694      16.9999
    9695      17.4030
    9696      17.2629
    9697      17.7317
    9698      17.1714
    9699      17.2503
    9700      17.9468
    9701      17.7314
    9702      17.4973
    9703      17.5922
    9704      18.5512
    9705      19.0438
    9706      17.9559
    9707      17.8477
    9708      17.6766
    9709      18.4119
    9710      18.6663
    9711      18.6804
    9712      18.0528
    9713      18.0772
    9714      18.4236
    9715      18.2420
    9716      18.3373
    9717      17.9465
    9718      18.4305
    9719      17.7480
    9720      18.1686
    9721      17.8631
    9722      17.4867
    9723      17.2054
    9724      17.4550
    9725      17.2861
    9726      17.9461
    9727      17.1364
    9728      17.3756
    9729      17.5150
    9730      17.9305
    9731      17.1720
    9732      17.2395
    9733      17.5433
    9734      17.7751
    9735      18.0039
    9736      17.7860
    9737      18.1028
    9738      18.2550
    9739      18.7427
    9740      19.4062
    9741      17.7467
    9742      17.9318
    9743      18.1753
    9744      18.1407
    9745      18.2696
    9746      17.8934
    9747      17.5491
    9748      17.7900
    9749      17.8569
    9750      17.5666
    9751      17.5778
    9752      18.1594
    9753      18.8553
    9754      17.2258
    9755      17.5573
    9756      18.1736
    9757      17.9594
    9758      17.2330
    9759      18.1065
    9760      18.3079
    9761      18.1050
    9762      18.7423
    9763      18.0216
    9764      17.9709
    9765      18.0803
    9766      18.2170
    9767      18.0785
    9768      18.3587
    9769      18.5765
    9770      18.6965
    9771      18.3817
    9772      19.0426
    9773      18.7954
    9774      18.6441
    9775      18.6554
    9776      19.1244
    9777      18.0104
    9778      17.8164
    9779      18.0919
    9780      18.0428
    9781      18.0325
    9782      17.8562
    9783      17.5462
    9784      17.5760
    9785      17.8071
    9786      18.1124
    9787      17.8226
    9788      18.2560
    9789      17.0038
    9790      17.7528
    9791      17.7690
    9792      17.8264
    9793      18.4471
    9794      18.2372
    9795      18.5440
    9796      18.5916
    9797      18.6151
    9798      18.2253
    9799      18.4278
    9800      18.8069
    9801      18.0363
    9802      17.3640
    9803      16.7741
    9804      16.8536
    9805      16.8132
    9806      16.9712
    9807      16.3372
    9808      16.3005
    9809      16.4839
    9810      16.5137
    9811      16.5437
    9812      17.1360
    9813      17.0636
    9814      16.8883
    9815      16.8749
    9816      16.9321
    9817      16.6201
    9818      16.2516
    9819      15.9139
    9820      16.5137
    9821      16.6936
    9822      16.6734
    9823      17.4671
    9824      16.4829
    9825      16.8177
    9826      16.6531
    9827      16.4288
    9828      17.5277
    9829      16.5266
    9830      17.3910
    9831      17.0745
    9832      17.6664
    9833      17.0249
    9834      17.7128
    9835      17.3674
    9836      17.4424
    9837      16.6358
    9838      17.2072
    9839      17.3103
    9840      17.0181
    9841      17.1370
    9842      18.0092
    9843      17.2872
    9844      16.8081
    9845      16.7665
    9846      17.2890
    9847      17.5915
    9848      17.0695
    9849      17.6032
    9850      17.8036
    9851      17.2411
    9852      16.7131
    9853      17.3384
    9854      17.3323
    9855      17.4482
    9856      17.5106
    9857      17.1766
    9858      16.7108
    9859      16.9057
    9860      16.7047
    9861      16.6702
    9862      16.5408
    9863      16.3861
    9864      16.4355
    9865      16.2557
    9866      16.0731
    9867      16.6351
    9868      16.8793
    9869      17.0528
    9870      16.5150
    9871      16.8109
    9872      16.9077
    9873      16.9913
    9874      17.3373
    9875      17.6602
    9876      17.7027
    9877      17.6162
    9878      17.3706
    9879      16.6319
    9880      17.5564
    9881      17.6324
    9882      17.4300
    9883      17.3285
    9884      17.0821
    9885      16.5246
    9886      16.8180
    9887      17.2067
    9888      17.4166
    9889      17.2337
    9890      17.4703
    9891      17.8409
    9892      17.5214
    9893      17.8765
    9894      17.5721
    9895      17.9961
    9896      17.9729
    9897      17.6046
    9898      17.3770
    9899      17.2067
    9900      17.3722
    9901      17.8409
    9902      17.6083
    9903      17.6744
    9904      17.5211
    9905      17.7955
    9906      17.2685
    9907      17.1764
    9908      16.6249
    9909      17.0890
    9910      16.6043
    9911      17.2647
    9912      16.2682
    9913      16.5770
    9914      16.3703
    9915      17.0765
    9916      16.7009
    9917      16.1517
    9918      15.9746
    9919      16.5862
    9920      17.0678
    9921      16.3985
    9922      16.6527
    9923      16.6860
    9924      16.5223
    9925      16.4377
    9926      16.0747
    9927      16.4345
    9928      16.4437
    9929      16.9440
    9930      16.6558
    9931      16.9344
    9932      16.6968
    9933      16.9892
    9934      16.3917
    9935      16.8565
    9936      17.6555
    9937      17.5031
    9938      17.2263
    9939      16.3152
    9940      16.4761
    9941      16.1015
    9942      16.4228
    9943      16.9107
    9944      16.5205
    9945      16.4539
    9946      17.0356
    9947      17.8781
    9948      16.9064
    9949      16.4325
    9950      17.0948
    9951      17.1014
    9952      16.2809
    9953      16.6181
    9954      16.1572
    9955      16.7224
    9956      16.8663
    9957      17.0386
    9958      17.1175
    9959      17.3599
    9960      16.2598
    9961      16.7675
    9962      16.0434
    9963      16.6593
    9964      16.9812
    9965      17.4314
    9966      16.9981
    9967      17.7378
    9968      16.9750
    9969      17.1057
    9970      17.8178
    9971      17.2990
    9972      17.2910
    9973      16.6878
    9974      17.4481
    9975      17.5704
    9976      16.6490
    9977      17.0763
    9978      15.8920
    9979      15.5111
    9980      15.7845
    9981      15.4182
    9982      16.9660
    9983      16.9086
    9984      16.0173
    9985      16.6671
    9986      17.1545
    9987      17.8083
    9988      17.3227
    9989      17.2609
    9990      16.7528
    9991      17.3164
    9992      17.4165
    9993      16.8865
    9994      17.0936
    9995      17.0863
    9996      16.9206
    9997      16.4391
    9998      17.0032
    9999      16.3709
   10000      17.3809
   10001      17.9477
   10002      16.6011
   10003      17.5199
   10004      16.2535
   10005      15.9316
   10006      16.8336
   10007      15.5657
   10008      16.2440
   10009      16.5798
   10010      16.3781
   10011      16.8202
   10012      16.7364
   10013      15.9230
   10014      16.2285
   10015      16.5890
   10016      16.0983
   10017      16.1930
   10018      16.4306
   10019      16.5475
   10020      16.3819
   10021      15.6933
   10022      16.6105
   10023      16.0290
   10024      16.5212
   10025      16.6246
   10026      17.1269
   10027      16.5935
   10028      15.7711
   10029      16.9432
   10030      16.8293
   10031      16.5194
   10032      16.2988
   10033      15.7180
   10034      16.0315
   10035      16.5327
   10036      16.8249
   10037      16.5466
   10038      16.7660
   10039      17.7125
   10040      17.8433
   10041      17.5036
   10042      15.8582
   10043      16.8487
   10044      16.2231
   10045      15.4245
   10046      16.5839
   10047      16.9926
   10048      15.8525
   10049      16.3041
   10050      16.8753
   10051      17.3959
   10052      16.1768
   10053      16.5465
   10054      17.0344
   10055      17.1489
   10056      17.9462
   10057      17.4696
   10058      17.4739
   10059      16.5099
   10060      17.4084
   10061      17.4450
   10062      16.9724
   10063      16.3979
   10064      17.0877
   10065      16.9504
   10066      17.1007
   10067      17.7378
   10068      17.5916
   10069      17.9885
   10070      17.3401
   10071      17.1659
   10072      18.0770
   10073      17.4725
   10074      17.1921
   10075      17.8175
   10076      18.1196
   10077      17.2042
   10078      16.7714
   10079      16.7318
   10080      17.2039
   10081      17.3504
   10082      17.4373
   10083      17.0912
   10084      17.5328
   10085      17.0853
   10086      17.0571
   10087      17.3122
   10088      17.1787
   10089      17.3301
   10090      17.3375
   10091      16.4244
   10092      15.9233
   10093      16.2164
   10094      16.6800
   10095      16.1903
   10096      17.1362
   10097      17.6132
   10098      16.8671
   10099      16.2040
   10100      16.5888
   10101      16.6524
   10102      16.6696
   10103      16.3805
   10104      16.3806
   10105      16.8019
   10106      16.4316
   10107      17.9601
   10108      18.2838
   10109      17.8209
   10110      16.7962
   10111      16.3803
   10112      17.9317
   10113      17.4634
   10114      17.6352
   10115      17.5115
   10116      17.0312
   10117      17.1513
   10118      17.0302
   10119      17.0155
   10120      17.0303
   10121      16.7216
   10122      17.2788
   10123      17.2424
   10124      17.3992
   10125      16.4951
   10126      17.0405
   10127      16.5056
   10128      16.5556
   10129      17.3373
   10130      17.2608
   10131      17.1334
   10132      16.4472
   10133      16.5191
   10134      16.9059
   10135      17.2504
   10136      16.8589
   10137      16.6633
   10138      16.7867
   10139      17.1128
   10140      16.8006
   10141      17.5815
   10142      16.5195
   10143      17.4073
   10144      17.3896
   10145      16.7006
   10146      17.3392
   10147      16.7447
   10148      16.8335
   10149      16.8443
   10150      17.4338
   10151      17.0552
   10152      17.0788
   10153      16.5845
   10154      16.5724
   10155      16.6816
   10156      15.8938
   10157      16.3375
   10158      16.7700
   10159      17.1586
   10160      16.2410
   10161      16.4014
   10162      16.7458
   10163      16.4747
   10164      16.4758
   10165      16.2639
   10166      16.8311
   10167      16.5638
   10168      16.4324
   10169      16.8613
   10170      17.2314
   10171      16.7314
   10172      16.9980
   10173      16.1773
   10174      16.1239
   10175      16.2890
   10176      16.1739
   10177      16.6406
   10178      16.8699
   10179      17.1204
   10180      16.7213
   10181      17.2352
   10182      16.8376
   10183      16.1848
   10184      16.6331
   10185      16.9435
   10186      16.7081
   10187      17.0279
   10188      16.4585
   10189      16.4085
   10190      17.2488
   10191      17.2591
   10192      16.9556
   10193      16.9845
   10194      17.0392
   10195      17.1980
   10196      16.3309
   10197      16.8039
   10198      16.6349
   10199      17.2224
   10200      17.3772
   10201      17.0995
   10202      17.0324
   10203      17.1307
   10204      16.4636
   10205      16.5985
   10206      16.6995
   10207      16.6008
   10208      17.0044
   10209      17.6345
   10210      16.8752
   10211      16.5765
   10212      17.1241
   10213      17.3760
   10214      17.4700
   10215      17.7401
   10216      17.4128
   10217      17.5969
   10218      17.8749
   10219      18.0662
   10220      17.4468
   10221      17.3893
   10222      17.4233
   10223      16.2451
   10224      17.2324
   10225      17.3461
   10226      16.7540
   10227      17.5665
   10228      17.4816
   10229      17.1004
   10230      17.3754
   10231      16.9623
   10232      16.5186
   10233      15.5596
   10234      16.7235
   10235      16.4440
   10236      16.7267
   10237      16.7691
   10238      16.6916
   10239      17.0695
   10240      16.9769
   10241      17.1109
   10242      16.9231
   10243      16.8421
   10244      16.8277
   10245      16.7952
   10246      16.7535
   10247      17.1917
   10248      16.1629
   10249      16.0573
   10250      16.4698
   10251      16.5516
   10252      16.2499
   10253      15.9837
   10254      16.7225
   10255      16.1106
   10256      17.2428
   10257      17.3914
   10258      16.0016
   10259      16.9104
   10260      16.2759
   10261      16.3740
   10262      16.2481
   10263      16.7098
   10264      16.9003
   10265      17.0588
   10266      18.5958
   10267      16.9966
   10268      17.0661
   10269      16.8547
   10270      17.0820
   10271      16.9423
   10272      17.1996
   10273      17.2223
   10274      17.4044
   10275      17.2435
   10276      18.4952
   10277      18.5222
   10278      18.2421
   10279      17.3814
   10280      18.3232
   10281      17.9147
   10282      18.0538
   10283      17.5493
   10284      17.4509
   10285      17.9245
   10286      16.9705
   10287      16.9594
   10288      17.3255
   10289      17.6044
   10290      17.5548
   10291      17.2083
   10292      16.9295
   10293      16.5437
   10294      16.0151
   10295      16.7615
   10296      17.0666
   10297      16.9915
   10298      16.6887
   10299      17.4104
   10300      17.8954
   10301      16.9701
   10302      17.4456
   10303      17.5092
   10304      17.2158
   10305      17.7432
   10306      17.6916
   10307      17.8198
   10308      17.4663
   10309      17.5935
   10310      17.6382
   10311      17.0726
   10312      17.3754
   10313      17.5454
   10314      17.4634
   10315      16.9099
   10316      16.5228
   10317      17.1613
   10318      17.5016
   10319      16.8361
   10320      17.4199
   10321      17.0522
   10322      16.8777
   10323      17.5462
   10324      17.8511
   10325      16.7707
   10326      16.7997
   10327      16.9093
   10328      16.9771
   10329      17.0358
   10330      17.1586
   10331      17.5885
   10332      17.7580
   10333      16.8586
   10334      16.9318
   10335      17.2405
   10336      16.9314
   10337      17.0604
   10338      16.8589
   10339      17.4123
   10340      17.8219
   10341      17.8013
   10342      17.3557
   10343      17.6621
   10344      17.5685
   10345      17.1295
   10346      17.2486
   10347      16.9730
   10348      16.4699
   10349      17.1271
   10350      16.9646
   10351      18.2435
   10352      17.5837
   10353      17.1336
   10354      16.3615
   10355      16.9064
   10356      17.0772
   10357      17.1644
   10358      16.2760
   10359      17.0074
   10360      16.2370
   10361      16.8190
   10362      16.9405
   10363      17.3290
   10364      17.5296
   10365      17.1772
   10366      16.7663
   10367      16.8370
   10368      16.9118
   10369      17.2676
   10370      17.8964
   10371      17.9441
   10372      17.5281
   10373      17.6293
   10374      17.4518
   10375      17.3950
   10376      17.4859
   10377      16.7430
   10378      16.9710
   10379      17.1029
   10380      16.8406
   10381      16.6750
   10382      17.0524
   10383      17.1588
   10384      16.0038
   10385      16.5608
   10386      16.3087
   10387      15.8959
   10388      16.3489
   10389      16.0007
   10390      16.2921
   10391      16.5504
   10392      16.6399
   10393      16.5148
   10394      15.8880
   10395      16.5664
   10396      16.7121
   10397      16.5945
   10398      16.2952
   10399      16.6292
   10400      16.5869
   10401      16.4114
   10402      15.7059
   10403      16.0087
   10404      16.3472
   10405      16.0187
   10406      16.2701
   10407      16.7467
   10408      17.5088
   10409      16.9766
   10410      16.6643
   10411      17.6485
   10412      16.8503
   10413      16.2303
   10414      16.4817
   10415      16.7108
   10416      17.4145
   10417      16.3950
   10418      15.9854
   10419      16.6761
   10420      17.8752
   10421      17.9827
   10422      18.1004
   10423      16.5598
   10424      16.9580
   10425      17.5588
   10426      17.0275
   10427      16.8746
   10428      17.2448
   10429      17.1963
   10430      17.0513
   10431      16.7599
   10432      16.3931
   10433      16.6385
   10434      18.0908
   10435      16.5934
   10436      16.6697
   10437      16.3344
   10438      15.8623
   10439      16.1696
   10440      16.9081
   10441      16.2701
   10442      16.4532
   10443      16.3662
   10444      16.9426
   10445      16.5300
   10446      17.1663
   10447      16.8505
   10448      16.7492
   10449      16.4737
   10450      17.2784
   10451      17.8854
   10452      17.7935
   10453      17.9939
   10454      17.1066
   10455      16.3828
   10456      17.0572
   10457      16.5779
   10458      17.3127
   10459      17.8468
   10460      17.2086
   10461      17.5734
   10462      16.8217
   10463      16.5165
   10464      17.3912
   10465      16.7989
   10466      16.7880
   10467      16.1536
   10468      16.3989
   10469      16.5446
   10470      16.9130
   10471      16.8577
   10472      16.9492
   10473      16.3045
   10474      16.7552
   10475      15.9915
   10476      16.7341
   10477      16.9740
   10478      16.9160
   10479      16.9023
   10480      17.0163
   10481      17.1679
   10482      16.7191
   10483      16.8862
   10484      16.7245
   10485      16.1177
   10486      15.9565
   10487      15.9390
   10488      16.6036
   10489      17.0324
   10490      16.7103
   10491      16.1362
   10492      16.6649
   10493      16.2571
   10494      16.9522
   10495      16.4690
   10496      16.3693
   10497      16.7017
   10498      16.7376
   10499      16.2293
   10500      16.0715
   10501      16.5226
   10502      16.5909
   10503      16.1343
   10504      16.5703
   10505      16.2936
   10506      16.4648
   10507      16.6021
   10508      16.8096
   10509      17.3051
   10510      16.9409
   10511      16.7706
   10512      16.6939
   10513      16.5565
   10514      16.7160
   10515      16.5565
   10516      17.1013
   10517      16.2583
   10518      16.0328
   10519      16.5037
   10520      16.7396
   10521      16.9073
   10522      16.7569
   10523      17.2956
   10524      17.4582
   10525      17.1020
   10526      16.4162
   10527      16.3422
   10528      16.5993
   10529      17.3069
   10530      17.6773
   10531      16.3756
   10532      16.0373
   10533      16.2921
   10534      15.6218
   10535      16.0304
   10536      16.2143
   10537      15.9170
   10538      16.2935
   10539      16.7703
   10540      16.4426
   10541      16.3555
   10542      16.3480
   10543      16.1509
   10544      16.2905
   10545      16.8280
   10546      16.7454
   10547      17.2780
   10548      16.1346
   10549      16.2388
   10550      16.5362
   10551      15.8720
   10552      16.1373
   10553      15.9976
   10554      16.4729
   10555      16.3615
   10556      16.1610
   10557      16.2917
   10558      16.6588
   10559      16.2978
   10560      16.1167
   10561      16.0446
   10562      17.1226
   10563      16.8815
   10564      16.4587
   10565      17.1102
   10566      17.0823
   10567      16.8438
   10568      16.2140
   10569      16.3705
   10570      17.3992
   10571      16.7164
   10572      17.1144
   10573      17.6643
   10574      17.4085
   10575      16.3127
   10576      17.1406
   10577      17.2344
   10578      16.8855
   10579      17.4734
   10580      16.3126
   10581      16.3261
   10582      16.9266
   10583      15.9328
   10584      16.5008
   10585      16.2787
   10586      16.4444
   10587      15.7334
   10588      17.2528
   10589      16.8435
   10590      16.7461
   10591      16.8995
   10592      16.5052
   10593      15.8482
   10594      16.4566
   10595      17.1093
   10596      17.7505
   10597      16.9149
   10598      17.3449
   10599      17.2179
   10600      16.9329
   10601      16.3774
   10602      17.6360
   10603      16.7852
   10604      16.5336
   10605      16.0359
   10606      16.3560
   10607      16.1221
   10608      17.0257
   10609      16.7333
   10610      16.7761
   10611      17.0431
   10612      16.8880
   10613      16.6939
   10614      17.1522
   10615      16.4954
   10616      16.1362
   10617      17.6475
   10618      16.8216
   10619      17.3653
   10620      17.8476
   10621      17.8048
   10622      17.4347
   10623      16.9409
   10624      17.4379
   10625      17.3021
   10626      17.3794
   10627      17.5389
   10628      16.4781
   10629      16.0454
   10630      16.3549
   10631      16.8091
   10632      16.0882
   10633      16.3462
   10634      17.0541
   10635      16.9150
   10636      16.7977
   10637      16.6860
   10638      16.8547
   10639      16.0210
   10640      16.4986
   10641      16.8703
   10642      16.5583
   10643      17.2287
   10644      16.9746
   10645      16.9975
   10646      17.0122
   10647      17.2698
   10648      17.5236
   10649      16.9505
   10650      16.7854
   10651      17.0357
   10652      17.3470
   10653      17.5681
   10654      17.1839
   10655      16.6651
   10656      16.8822
   10657      17.2248
   10658      17.3624
   10659      17.2714
   10660      16.7700
   10661      15.9994
   10662      16.5222
   10663      16.2348
   10664      16.7047
   10665      17.0714
   10666      16.8060
   10667      17.1906
   10668      17.2158
   10669      17.2542
   10670      16.8767
   10671      16.9139
   10672      17.1337
   10673      16.8068
   10674      16.8416
   10675      17.0752
   10676      17.1533
   10677      16.9555
   10678      15.9609
   10679      16.8031
   10680      17.3283
   10681      16.1463
   10682      16.3758
   10683      16.3471
   10684      16.9120
   10685      17.2264
   10686      16.8076
   10687      16.8915
   10688      16.7951
   10689      17.3730
   10690      16.8280
   10691      16.0662
   10692      16.2463
   10693      15.7008
   10694      15.8234
   10695      16.5415
   10696      16.7351
   10697      16.4818
   10698      16.5507
   10699      16.6148
   10700      17.2984
   10701      16.5686
   10702      16.7596
   10703      16.8439
   10704      17.0932
   10705      17.2042
   10706      17.4821
   10707      17.1568
   10708      17.2978
   10709      17.7289
   10710      17.6127
   10711      17.5359
   10712      16.8418
   10713      17.0801
   10714      16.8983
   10715      17.1389
   10716      16.1535
   10717      16.7338
   10718      16.2888
   10719      16.2974
   10720      16.9653
   10721      17.0974
   10722      17.1821
   10723      16.8233
   10724      16.6395
   10725      16.6677
   10726      17.8476
   10727      16.7492
   10728      17.0492
   10729      17.0485
   10730      17.1893
   10731      16.5541
   10732      16.5419
   10733      16.7312
   10734      16.6295
   10735      17.0294
   10736      16.1863
   10737      16.9603
   10738      16.7991
   10739      16.3614
   10740      16.7818
   10741      16.7868
   10742      16.8567
   10743      16.2342
   10744      17.7432
   10745      16.4916
   10746      16.0268
   10747      16.6761
   10748      16.4902
   10749      17.0192
   10750      16.8026
   10751      16.9450
   10752      17.4130
   10753      16.5568
   10754      17.1830
   10755      16.5760
   10756      16.8340
   10757      16.9763
   10758      16.9832
   10759      15.5869
   10760      16.8642
   10761      16.1296
   10762      16.5126
   10763      16.7690
   10764      17.4881
   10765      16.2083
   10766      16.1128
   10767      16.4458
   10768      16.1716
   10769      16.4904
   10770      16.0322
   10771      16.6328
   10772      16.5712
   10773      16.3547
   10774      16.0213
   10775      16.5130
   10776      16.6458
   10777      16.0950
   10778      16.1707
   10779      16.3866
   10780      16.5648
   10781      16.2137
   10782      15.8634
   10783      16.4340
   10784      15.9555
   10785      17.0811
   10786      17.3980
   10787      17.2876
   10788      17.3782
   10789      17.6306
   10790      17.8559
   10791      17.2506
   10792      17.6605
   10793      17.3653
   10794      17.7327
   10795      17.0073
   10796      17.7388
   10797      16.9264
   10798      17.0012
   10799      16.8137
   10800      17.3325
   10801      16.5817
   10802      15.9535
   10803      16.3039
   10804      16.6244
   10805      16.6555
   10806      16.7489
   10807      17.0329
   10808      16.5073
   10809      15.8728
   10810      16.6752
   10811      17.5820
   10812      16.7339
   10813      16.8872
   10814      17.2018
   10815      16.9718
   10816      17.3083
   10817      18.2146
   10818      17.5921
   10819      17.8139
   10820      17.8602
   10821      17.5664
   10822      18.2751
   10823      17.8718
   10824      17.1809
   10825      17.1922
   10826      17.6306
   10827      17.6982
   10828      17.4169
   10829      17.3114
   10830      17.1399
   10831      16.6498
   10832      16.7304
   10833      16.5505
   10834      16.1486
   10835      16.4371
   10836      16.7902
   10837      16.6767
   10838      17.1770
   10839      17.0651
   10840      16.0826
   10841      15.7646
   10842      16.3617
   10843      17.1219
   10844      16.7245
   10845      16.9185
   10846      17.0381
   10847      16.8024
   10848      16.7048
   10849      17.0156
   10850      16.8291
   10851      16.8964
   10852      17.3666
   10853      16.9230
   10854      16.7913
   10855      16.5260
   10856      17.1503
   10857      17.1074
   10858      17.6059
   10859      17.8377
   10860      17.1023
   10861      17.8934
   10862      17.3437
   10863      16.8585
   10864      17.4323
   10865      16.3704
   10866      17.0139
   10867      16.8986
   10868      16.7708
   10869      16.1595
   10870      16.4525
   10871      16.9929
   10872      16.0362
   10873      16.6734
   10874      17.0410
   10875      16.8172
   10876      17.0343
   10877      16.4944
   10878      16.0454
   10879      16.8608
   10880      16.3324
   10881      16.5306
   10882      16.6807
   10883      17.3197
   10884      17.3100
   10885      17.0616
   10886      16.4649
   10887      16.9653
   10888      16.5334
   10889      17.1691
   10890      17.2055
   10891      17.7102
   10892      17.5629
   10893      16.6707
   10894      16.4357
   10895      17.8982
   10896      17.2602
   10897      16.1239
   10898      16.9743
   10899      17.5695
   10900      17.8217
   10901      17.4651
   10902      17.7639
   10903      17.9446
   10904      17.2957
   10905      17.0403
   10906      17.3995
   10907      17.3564
   10908      17.8140
   10909      17.3946
   10910      16.9509
   10911      17.0752
   10912      17.0019
   10913      16.6904
   10914      16.1647
   10915      16.3096
   10916      16.6156
   10917      17.5567
   10918      17.3649
   10919      17.0704
   10920      16.7680
   10921      16.6832
   10922      16.8485
   10923      16.8126
   10924      16.7312
   10925      16.6436
   10926      16.8851
   10927      16.1879
   10928      16.6244
   10929      16.8212
   10930      16.5319
   10931      16.2110
   10932      16.2803
   10933      16.3798
   10934      16.7014
   10935      15.8843
   10936      16.7393
   10937      16.2225
   10938      16.4186
   10939      16.1916
   10940      16.4155
   10941      16.0728
   10942      16.0231
   10943      15.7581
   10944      16.4543
   10945      16.3279
   10946      16.4199
   10947      16.2579
   10948      16.2626
   10949      16.0176
   10950      16.6188
   10951      16.8767
   10952      16.3136
   10953      16.9255
   10954      16.5997
   10955      16.9540
   10956      16.7584
   10957      16.6985
   10958      16.3663
   10959      16.9858
   10960      16.2892
   10961      16.6016
   10962      16.2311
   10963      16.3101
   10964      16.5159
   10965      16.7394
   10966      16.4780
   10967      16.9797
   10968      16.6675
   10969      16.1575
   10970      16.6026
   10971      16.8674
   10972      17.3220
   10973      17.0012
   10974      17.7703
   10975      17.4417
   10976      16.8914
   10977      16.8174
   10978      17.2047
   10979      17.0263
   10980      16.8665
   10981      17.2675
   10982      17.6537
   10983      17.2693
   10984      17.4801
   10985      17.2660
   10986      16.8099
   10987      16.3388
   10988      17.0977
   10989      17.1012
   10990      17.5193
   10991      16.8741
   10992      16.9675
   10993      17.3664
   10994      17.1896
   10995      17.0699
   10996      17.0783
   10997      17.4146
   10998      17.0096
   10999      17.9058
   11000      17.7401
   11001      17.0319
   11002      17.8805
   11003      17.7803
   11004      17.0344
   11005      16.7493
   11006      17.4369
   11007      17.1547
   11008      17.6947
   11009      17.8014
   11010      17.6902
   11011      17.1322
   11012      17.4492
   11013      17.2023
   11014      17.5424
   11015      17.4552
   11016      17.4818
   11017      17.0481
   11018      16.8666
   11019      17.5080
   11020      17.1488
   11021      17.6152
   11022      17.0038
   11023      17.4127
   11024      17.1976
   11025      17.5844
   11026      17.6735
   11027      16.7302
   11028      16.9230
   11029      16.9774
   11030      17.0750
   11031      17.2031
   11032      17.7156
   11033      17.4168
   11034      17.7556
   11035      17.7059
   11036      17.8544
   11037      17.5061
   11038      16.9220
   11039      16.7362
   11040      16.7544
   11041      16.8305
   11042      17.0546
   11043      16.5305
   11044      16.1418
   11045      16.8274
   11046      17.3843
   11047      17.7040
   11048      16.9276
   11049      16.2576
   11050      16.0546
   11051      16.5812
   11052      16.8056
   11053      16.8399
   11054      17.3164
   11055      16.8259
   11056      17.2048
   11057      17.4493
   11058      16.9923
   11059      16.3894
   11060      16.8368
   11061      16.8376
   11062      16.7376
   11063      17.0418
   11064      17.0193
   11065      17.3686
   11066      17.3413
   11067      17.3411
   11068      17.6641
   11069      17.8764
   11070      17.0380
   11071      17.4050
   11072      18.0010
   11073      16.6835
   11074      16.8542
   11075      16.9176
   11076      16.4755
   11077      16.9118
   11078      17.0405
   11079      17.0534
   11080      16.5964
   11081      16.4347
   11082      17.2922
   11083      15.9960
   11084      15.8923
   11085      16.8918
   11086      16.7607
   11087      16.7040
   11088      16.8551
   11089      17.2304
   11090      17.3809
   11091      16.8111
   11092      16.3501
   11093      16.4982
   11094      17.4279
   11095      16.8513
   11096      15.9102
   11097      16.4184
   11098      16.7400
   11099      15.8812
   11100      16.3753
   11101      16.0022
   11102      16.2125
   11103      16.2455
   11104      16.6389
   11105      16.1735
   11106      17.0298
   11107      17.4491
   11108      16.6448
   11109      16.5720
   11110      16.7882
   11111      16.7710
   11112      16.1467
   11113      16.3464
   11114      16.1437
   11115      16.6139
   11116      16.3349
   11117      16.6031
   11118      16.8468
   11119      16.7548
   11120      16.3695
   11121      16.0775
   11122      17.1292
   11123      15.6838
   11124      16.5801
   11125      16.4126
   11126      17.0628
   11127      17.0590
   11128      16.9511
   11129      16.0280
   11130      17.0965
   11131      17.3152
   11132      17.3263
   11133      17.1551
   11134      17.1274
   11135      17.4157
   11136      17.4226
   11137      17.1382
   11138      16.9314
   11139      17.1621
   11140      17.3557
   11141      16.8341
   11142      16.6497
   11143      16.2947
   11144      16.8857
   11145      17.3165
   11146      16.9797
   11147      15.5510
   11148      16.6884
   11149      16.8636
   11150      16.8689
   11151      17.3435
   11152      16.6595
   11153      17.4035
   11154      18.1297
   11155      17.1509
   11156      17.2237
   11157      17.0447
   11158      16.8633
   11159      17.4503
   11160      17.2619
   11161      17.3055
   11162      17.5981
   11163      17.8381
   11164      17.2653
   11165      17.4804
   11166      16.7043
   11167      17.1909
   11168      17.4975
   11169      17.5673
   11170      16.6155
   11171      17.0940
   11172      17.1256
   11173      16.9229
   11174      17.4619
   11175      17.9239
   11176      17.1325
   11177      17.0600
   11178      17.0814
   11179      17.0648
   11180      17.6400
   11181      17.6828
   11182      17.3535
   11183      18.0220
   11184      17.9091
   11185      17.8444
   11186      18.0784
   11187      17.5133
   11188      17.4543
   11189      17.1873
   11190      16.4456
   11191      16.5403
   11192      17.1035
   11193      17.6906
   11194      17.1571
   11195      16.7652
   11196      17.5311
   11197      16.6387
   11198      16.0395
   11199      16.2507
   11200      16.6367
   11201      17.1615
   11202      16.7357
   11203      16.1902
   11204      16.7305
   11205      16.3020
   11206      15.6316
   11207      16.3812
   11208      16.7331
   11209      16.4424
   11210      15.7203
   11211      16.7666
   11212      16.5117
   11213      17.4691
   11214      16.5271
   11215      17.2937
   11216      17.2933
   11217      17.3496
   11218      16.1616
   11219      16.8465
   11220      16.7905
   11221      16.7448
   11222      17.1360
   11223      16.5240
   11224      17.1791
   11225      16.7404
   11226      16.4819
   11227      16.5851
   11228      16.4742
   11229      16.2221
   11230      16.1557
   11231      16.4810
   11232      16.9276
   11233      17.0796
   11234      17.8100
   11235      17.5158
   11236      17.2543
   11237      16.8452
   11238      17.7649
   11239      17.1910
   11240      17.0368
   11241      16.5174
   11242      17.1201
   11243      16.9451
   11244      16.7757
   11245      16.7084
   11246      16.4908
   11247      17.1416
   11248      17.5538
   11249      17.6837
   11250      17.4757
   11251      16.2470
   11252      16.5549
   11253      16.6366
   11254      16.4977
   11255      16.3331
   11256      16.5008
   11257      16.2313
   11258      16.4134
   11259      16.4419
   11260      16.9255
   11261      16.6057
   11262      16.4054
   11263      16.0032
   11264      16.8014
   11265      16.6672
   11266      16.4229
   11267      16.6836
   11268      16.4656
   11269      16.5344
   11270      17.2188
   11271      17.1022
   11272      17.0135
   11273      17.3527
   11274      16.9702
   11275      17.0740
   11276      17.0338
   11277      17.5474
   11278      17.3598
   11279      17.4585
   11280      16.0137
   11281      16.8817
   11282      17.8526
   11283      17.7646
   11284      17.3021
   11285      17.0947
   11286      17.3800
   11287      16.8671
   11288      16.3423
   11289      17.0732
   11290      16.5686
   11291      16.7648
   11292      17.1249
   11293      17.4378
   11294      16.6412
   11295      16.8702
   11296      16.6434
   11297      16.4970
   11298      16.5430
   11299      16.2506
   11300      16.6622
   11301      15.9837
   11302      17.0735
   11303      16.2055
   11304      16.0134
   11305      16.5739
   11306      16.9447
   11307      16.2515
   11308      16.8332
   11309      16.8347
   11310      17.3238
   11311      16.2499
   11312      16.3221
   11313      16.9088
   11314      16.4940
   11315      16.4802
   11316      16.2987
   11317      16.4590
   11318      16.5139
   11319      16.8882
   11320      16.9100
   11321      16.8644
   11322      17.3328
   11323      17.3759
   11324      17.3644
   11325      17.8382
   11326      17.3388
   11327      16.7511
   11328      17.5074
   11329      17.0937
   11330      16.9691
   11331      16.7535
   11332      17.1726
   11333      16.7307
   11334      16.9820
   11335      16.5520
   11336      17.1328
   11337      16.6598
   11338      16.2158
   11339      16.5430
   11340      17.0908
   11341      16.4717
   11342      16.8077
   11343      16.9591
   11344      16.3434
   11345      16.6734
   11346      16.6306
   11347      16.1103
   11348      16.9450
   11349      16.7262
   11350      17.0020
   11351      16.6566
   11352      16.9758
   11353      16.7644
   11354      16.3812
   11355      16.5951
   11356      16.3446
   11357      16.6816
   11358      16.3724
   11359      15.9242
   11360      15.6308
   11361      16.1078
   11362      16.8985
   11363      17.0977
   11364      17.0401
   11365      16.1259
   11366      16.7369
   11367      17.4091
   11368      17.1480
   11369      16.5605
   11370      17.6551
   11371      17.6387
   11372      17.4310
   11373      16.6123
   11374      16.5024
   11375      17.0286
   11376      17.6186
   11377      16.6235
   11378      16.4114
   11379      16.7422
   11380      17.4942
   11381      17.4035
   11382      17.1343
   11383      16.8626
   11384      17.3917
   11385      16.7172
   11386      16.2046
   11387      17.1639
   11388      16.3340
   11389      16.2996
   11390      16.8713
   11391      16.5890
   11392      16.5136
   11393      16.4491
   11394      16.9297
   11395      16.5781
   11396      16.4946
   11397      16.3529
   11398      16.9887
   11399      17.1851
   11400      16.1931
   11401      16.3254
   11402      16.6615
   11403      16.4759
   11404      16.9672
   11405      16.8005
   11406      16.3611
   11407      16.3949
   11408      16.5788
   11409      16.9768
   11410      17.5037
   11411      17.0281
   11412      16.6780
   11413      16.1993
   11414      16.7214
   11415      17.1832
   11416      16.8969
   11417      17.5302
   11418      17.2445
   11419      16.2475
   11420      16.9608
   11421      16.1870
   11422      17.0178
   11423      17.2925
   11424      17.6142
   11425      17.0057
   11426      17.8551
   11427      17.2260
   11428      17.6130
   11429      16.9643
   11430      17.0410
   11431      17.0224
   11432      17.0762
   11433      17.0424
   11434      17.0450
   11435      17.2963
   11436      16.6217
   11437      16.5477
   11438      17.2130
   11439      17.0592
   11440      16.4861
   11441      16.7539
   11442      17.1243
   11443      16.6085
   11444      16.9686
   11445      17.4346
   11446      16.9042
   11447      16.8883
   11448      17.1127
   11449      16.4131
   11450      17.1592
   11451      17.1150
   11452      17.3701
   11453      18.0893
   11454      17.9776
   11455      17.0155
   11456      16.9402
   11457      16.8900
   11458      16.6079
   11459      16.9736
   11460      17.1237
   11461      16.1986
   11462      16.8341
   11463      16.3006
   11464      16.2298
   11465      16.6786
   11466      16.7479
   11467      16.7607
   11468      16.4741
   11469      17.7003
   11470      17.7578
   11471      17.3331
   11472      16.6613
   11473      17.1972
   11474      16.8086
   11475      17.0028
   11476      17.1832
   11477      17.2511
   11478      16.5708
   11479      17.4835
   11480      17.4288
   11481      17.2870
   11482      16.7305
   11483      16.4652
   11484      16.8651
   11485      16.5561
   11486      16.7561
   11487      17.1778
   11488      16.2347
   11489      16.1682
   11490      16.9025
   11491      16.7190
   11492      16.7277
   11493      16.6716
   11494      17.4531
   11495      16.7526
   11496      16.9317
   11497      17.0262
   11498      16.6083
   11499      16.8383
   11500      16.9206
   11501      17.0540
   11502      16.9715
   11503      17.7996
   11504      17.2670
   11505      17.1781
   11506      17.2858
   11507      16.7455
   11508      16.8529
   11509      16.7210
   11510      16.7368
   11511      16.8990
   11512      16.9593
   11513      17.0606
   11514      17.2252
   11515      17.0572
   11516      17.9198
   11517      17.1267
   11518      16.3939
   11519      17.1401
   11520      17.1205
   11521      16.4194
   11522      17.0850
   11523      16.8884
   11524      17.7997
   11525      16.9355
   11526      17.1548
   11527      16.9372
   11528      17.0744
   11529      16.9765
   11530      16.7442
   11531      16.3458
   11532      16.3127
   11533      16.9309
   11534      16.6074
   11535      16.9745
   11536      16.0176
   11537      16.9240
   11538      16.9468
   11539      17.5969
   11540      17.2694
   11541      17.3911
   11542      16.9683
   11543      17.6016
   11544      17.6301
   11545      17.3137
   11546      17.2547
   11547      17.0935
   11548      16.8685
   11549      17.2761
   11550      17.3495
   11551      17.1680
   11552      16.6626
   11553      16.4104
   11554      16.5364
   11555      16.3029
   11556      15.9502
   11557      16.2671
   11558      16.4304
   11559      17.0017
   11560      17.1450
   11561      16.9823
   11562      17.3671
   11563      16.9595
   11564      17.4665
   11565      17.7334
   11566      17.5953
   11567      17.7180
   11568      18.0773
   11569      17.9000
   11570      17.8367
   11571      18.1945
   11572      17.2075
   11573      17.8345
   11574      17.4710
   11575      17.0493
   11576      16.9083
   11577      17.1236
   11578      17.8490
   11579      17.2937
   11580      17.7661
   11581      18.2111
   11582      18.2013
   11583      17.3532
   11584      17.9768
   11585      17.3462
   11586      17.8258
   11587      17.5886
   11588      18.2284
   11589      17.0957
   11590      17.0187
   11591      17.2939
   11592      17.3411
   11593      17.1814
   11594      17.1641
   11595      17.3677
   11596      17.2304
   11597      17.2461
   11598      17.0677
   11599      17.2474
   11600      17.2161
   11601      17.2305
   11602      17.1855
   11603      17.3463
   11604      17.3700
   11605      17.2016
   11606      16.5754
   11607      17.6302
   11608      16.7164
   11609      17.0674
   11610      17.5440
   11611      17.1141
   11612      16.6774
   11613      17.0635
   11614      17.5630
   11615      16.6990
   11616      17.0504
   11617      16.9449
   11618      16.8479
   11619      16.4704
   11620      16.4875
   11621      16.7895
   11622      17.0265
   11623      16.8348
   11624      16.0772
   11625      16.3952
   11626      15.9060
   11627      16.4305
   11628      16.3095
   11629      16.8171
   11630      16.8757
   11631      15.7899
   11632      16.7825
   11633      16.6005
   11634      15.9618
   11635      16.6069
   11636      16.5834
   11637      17.0992
   11638      16.8168
   11639      16.1362
   11640      16.4165
   11641      16.4422
   11642      16.5612
   11643      16.1341
   11644      16.9783
   11645      16.7960
   11646      17.4200
   11647      16.4566
   11648      17.1254
   11649      17.6507
   11650      17.4522
   11651      17.0640
   11652      17.0678
   11653      17.5094
   11654      17.3554
   11655      16.6849
   11656      16.8182
   11657      17.4739
   11658      17.3239
   11659      16.7066
   11660      16.9830
   11661      17.5448
   11662      17.7070
   11663      17.6970
   11664      17.3120
   11665      17.0715
   11666      17.6653
   11667      18.1520
   11668      17.4062
   11669      16.6480
   11670      17.0777
   11671      16.2542
   11672      16.4032
   11673      16.7936
   11674      16.4486
   11675      16.4029
   11676      16.2257
   11677      16.1847
   11678      17.0470
   11679      17.4370
   11680      17.1351
   11681      15.7149
   11682      17.3064
   11683      16.8238
   11684      16.6459
   11685      17.0028
   11686      16.6609
   11687      16.8925
   11688      16.7410
   11689      16.2993
   11690      16.6660
   11691      17.1479
   11692      17.0208
   11693      16.9116
   11694      16.2095
   11695      15.7049
   11696      16.9679
   11697      16.6097
   11698      16.0227
   11699      15.7909
   11700      16.4784
   11701      16.5050
   11702      16.2827
   11703      16.9004
   11704      16.0888
   11705      16.0573
   11706      16.4265
   11707      16.4516
   11708      16.9666
   11709      17.2371
   11710      16.9448
   11711      16.8290
   11712      16.6350
   11713      16.4083
   11714      16.5555
   11715      16.6204
   11716      16.3626
   11717      16.6787
   11718      16.7321
   11719      16.1895
   11720      17.2759
   11721      16.6886
   11722      16.1715
   11723      16.8767
   11724      16.1768
   11725      16.7493
   11726      16.4886
   11727      17.2010
   11728      16.4691
   11729      16.0312
   11730      16.2539
   11731      16.4412
   11732      16.7294
   11733      16.9366
   11734      16.5651
   11735      16.6058
   11736      16.5104
   11737      16.5138
   11738      16.6656
   11739      16.8613
   11740      16.4995
   11741      16.2065
   11742      16.9521
   11743      16.4512
   11744      16.7371
   11745      17.0964
   11746      16.1211
   11747      16.4806
   11748      17.7526
   11749      16.7115
   11750      16.7098
   11751      16.8081
   11752      16.4084
   11753      16.6457
   11754      15.9121
   11755      17.1665
   11756      17.2518
   11757      17.4071
   11758      16.4664
   11759      17.5469
   11760      17.3949
   11761      16.9745
   11762      17.1940
   11763      17.1901
   11764      16.9037
   11765      16.6368
   11766      16.6451
   11767      17.0804
   11768      16.8736
   11769      16.5144
   11770      16.5223
   11771      17.5816
   11772      17.5181
   11773      17.4949
   11774      16.8581
   11775      17.0649
   11776      16.3947
   11777      16.7938
   11778      17.1939
   11779      16.1877
   11780      16.1926
   11781      16.9194
   11782      17.0574
   11783      16.6247
   11784      17.3080
   11785      17.2245
   11786      16.5446
   11787      16.7841
   11788      16.5316
   11789      16.3393
   11790      16.6885
   11791      16.5521
   11792      16.4617
   11793      17.0110
   11794      16.8140
   11795      16.8974
   11796      16.4698
   11797      16.6000
   11798      16.7437
   11799      16.4412
   11800      16.3620
   11801      17.3126
   11802      16.3986
   11803      16.0810
   11804      17.1412
   11805      16.2613
   11806      16.8220
   11807      17.1070
   11808      16.4385
   11809      16.4912
   11810      16.2039
   11811      17.0620
   11812      17.0674
   11813      16.5625
   11814      16.4967
   11815      17.0042
   11816      17.6633
   11817      17.6322
   11818      17.5850
   11819      17.0356
   11820      17.2671
   11821      16.6826
   11822      16.7985
   11823      16.5692
   11824      16.9771
   11825      16.6942
   11826      16.5457
   11827      16.7519
   11828      16.7805
   11829      16.8016
   11830      17.4235
   11831      16.6631
   11832      17.9088
   11833      17.5141
   11834      17.3301
   11835      16.6282
   11836      17.3536
   11837      16.9235
   11838      17.2587
   11839      17.7568
   11840      16.2159
   11841      16.5371
   11842      16.0862
   11843      16.7159
   11844      16.3391
   11845      16.6993
   11846      16.7582
   11847      17.7195
   11848      17.0713
   11849      16.1582
   11850      16.5024
   11851      16.6062
   11852      16.7042
   11853      17.0890
   11854      16.7581
   11855      16.4300
   11856      16.9507
   11857      16.4620
   11858      17.1612
   11859      17.1341
   11860      17.4756
   11861      16.8846
   11862      16.8220
   11863      16.4285
   11864      16.3768
   11865      16.1216
   11866      16.4002
   11867      16.8524
   11868      17.0709
   11869      17.6697
   11870      17.6843
   11871      17.5126
   11872      17.3437
   11873      17.8592
   11874      17.4861
   11875      17.7562
   11876      17.8177
   11877      17.6882
   11878      17.8417
   11879      17.6581
   11880      16.7950
   11881      16.6004
   11882      16.7106
   11883      16.9913
   11884      16.4204
   11885      17.2587
   11886      16.5014
   11887      17.6502
   11888      17.8963
   11889      18.1859
   11890      17.8762
   11891      17.4787
   11892      17.9980
   11893      17.0580
   11894      17.6387
   11895      17.3081
   11896      17.4630
   11897      16.9870
   11898      17.3699
   11899      17.0620
   11900      16.7834
   11901      16.9758
   11902      16.4562
   11903      17.4242
   11904      17.4287
   11905      17.1535
   11906      16.7744
   11907      17.7031
   11908      17.8393
   11909      17.6011
   11910      17.2118
   11911      16.5500
   11912      17.4310
   11913      17.5650
   11914      17.0413
   11915      17.6089
   11916      17.8562
   11917      17.2531
   11918      17.2704
   11919      16.8298
   11920      17.4498
   11921      17.5671
   11922      17.3175
   11923      16.7305
   11924      16.4274
   11925      16.4431
   11926      17.2079
   11927      16.9546
   11928      16.8016
   11929      17.3561
   11930      16.7366
   11931      16.3140
   11932      15.9551
   11933      15.8022
   11934      16.0223
   11935      16.2688
   11936      17.0961
   11937      16.8390
   11938      16.8495
   11939      16.5055
   11940      17.0212
   11941      16.7379
   11942      16.4920
   11943      16.6140
   11944      17.0086
   11945      16.3337
   11946      16.7617
   11947      16.5598
   11948      16.5230
   11949      16.9243
   11950      16.0995
   11951      16.2196
   11952      17.1371
   11953      16.8224
   11954      16.9990
   11955      17.5944
   11956      16.7593
   11957      16.7995
   11958      16.4611
   11959      17.0324
   11960      17.6105
   11961      16.8146
   11962      16.4734
   11963      17.6992
   11964      15.7871
   11965      16.9017
   11966      16.4483
   11967      17.2111
   11968      17.0078
   11969      17.2332
   11970      16.7203
   11971      16.5781
   11972      16.9875
   11973      17.0966
   11974      16.5834
   11975      16.9061
   11976      16.8198
   11977      16.6927
   11978      17.7138
   11979      16.6459
   11980      16.9908
   11981      17.7750
   11982      16.7580
   11983      17.0661
   11984      16.7399
   11985      16.7470
   11986      16.5803
   11987      16.4619
   11988      16.7752
   11989      16.2080
   11990      17.0006
   11991      17.1252
   11992      16.5568
   11993      17.2359
   11994      17.0983
   11995      16.6222
   11996      16.6840
   11997      16.8894
   11998      16.5157
   11999      16.9449
   12000      17.1916
   12001      16.7315
   12002      17.0230
   12003      16.6330
   12004      17.1712
   12005      17.7304
   12006      16.6151
   12007      16.8774
   12008      16.4730
   12009      17.0961
   12010      17.1435
   12011      17.3427
   12012      17.0036
   12013      16.5528
   12014      16.0321
   12015      16.4851
   12016      16.8552
   12017      16.1995
   12018      16.6762
   12019      16.9555
   12020      16.3299
   12021      16.2153
   12022      16.8362
   12023      16.8735
   12024      16.8624
   12025      16.3736
   12026      16.3923
   12027      16.4445
   12028      16.2732
   12029      18.3589
   12030      17.1437
   12031      17.0987
   12032      17.2217
   12033      17.0193
   12034      17.3897
   12035      17.0243
   12036      17.0711
   12037      16.5610
   12038      17.0579
   12039      17.2632
   12040      17.5345
   12041      17.5044
   12042      17.1189
   12043      17.0218
   12044      17.5590
   12045      17.2642
   12046      17.0010
   12047      17.1338
   12048      17.2756
   12049      17.4282
   12050      17.0177
   12051      17.0474
   12052      17.0025
   12053      17.0868
   12054      16.9557
   12055      17.4439
   12056      17.3603
   12057      16.3735
   12058      16.7882
   12059      16.8195
   12060      17.3150
   12061      17.1479
   12062      17.5782
   12063      17.0670
   12064      17.4957
   12065      17.6079
   12066      17.6421
   12067      17.5672
   12068      17.6172
   12069      17.3519
   12070      16.8977
   12071      17.4485
   12072      16.8987
   12073      16.7770
   12074      16.7745
   12075      16.5108
   12076      16.2258
   12077      16.5833
   12078      16.7150
   12079      16.7603
   12080      16.2664
   12081      16.8603
   12082      17.5912
   12083      17.4504
   12084      18.0006
   12085      17.6696
   12086      16.5775
   12087      16.8284
   12088      17.0101
   12089      16.5707
   12090      16.7558
   12091      16.4233
   12092      16.2665
   12093      16.0344
   12094      16.6822
   12095      16.7116
   12096      17.0757
   12097      17.2207
   12098      16.7807
   12099      16.7647
   12100      16.6010
   12101      17.3070
   12102      16.6594
   12103      17.2958
   12104      17.1601
   12105      16.5932
   12106      16.8022
   12107      16.4871
   12108      17.4331
   12109      17.7108
   12110      17.0483
   12111      17.5829
   12112      17.1142
   12113      16.9323
   12114      17.2064
   12115      16.4758
   12116      15.9787
   12117      16.4064
   12118      16.3709
   12119      16.8165
   12120      16.8752
   12121      16.8753
   12122      16.0465
   12123      16.5103
   12124      16.8448
   12125      16.7605
   12126      16.6423
   12127      16.7456
   12128      16.6110
   12129      16.5091
   12130      16.6175
   12131      17.0924
   12132      16.6986
   12133      17.1645
   12134      16.8204
   12135      16.3773
   12136      15.8307
   12137      16.9094
   12138      16.4643
   12139      16.4886
   12140      16.0060
   12141      16.6622
   12142      17.2561
   12143      16.6802
   12144      16.9302
   12145      17.3033
   12146      16.9877
   12147      16.6193
   12148      17.3873
   12149      16.2192
   12150      16.9786
   12151      17.1004
   12152      17.5597
   12153      16.9933
   12154      16.4600
   12155      16.9529
   12156      16.5018
   12157      16.8573
   12158      17.0005
   12159      17.2196
   12160      16.8618
   12161      17.0744
   12162      16.8038
   12163      16.2641
   12164      16.6424
   12165      16.2995
   12166      16.4191
   12167      17.3542
   12168      16.8568
   12169      16.7706
   12170      17.2052
   12171      16.2287
   12172      16.7994
   12173      17.0340
   12174      16.6530
   12175      16.3502
   12176      16.8680
   12177      16.2051
   12178      17.1566
   12179      16.5189
   12180      16.6205
   12181      17.3429
   12182      16.8977
   12183      16.5576
   12184      16.2244
   12185      17.2413
   12186      16.6670
   12187      16.8876
   12188      16.0131
   12189      17.2563
   12190      16.5004
   12191      16.6573
   12192      16.1841
   12193      16.4009
   12194      16.8376
   12195      16.9314
   12196      17.0387
   12197      16.9479
   12198      16.6188
   12199      17.4355
   12200      18.1997
   12201      17.1180
   12202      16.1750
   12203      16.4641
   12204      16.5263
   12205      16.7034
   12206      15.7234
   12207      16.0435
   12208      16.0049
   12209      16.6745
   12210      16.1498
   12211      16.1437
   12212      16.6604
   12213      17.1241
   12214      15.8169
   12215      16.6888
   12216      16.5546
   12217      15.9811
   12218      15.8266
   12219      16.6434
   12220      16.3006
   12221      16.3970
   12222      16.1759
   12223      16.4706
   12224      16.5881
   12225      16.1446
   12226      16.5625
   12227      15.9926
   12228      16.6891
   12229      16.5058
   12230      16.6914
   12231      16.8009
   12232      15.9653
   12233      15.7485
   12234      15.8802
   12235      15.9141
   12236      16.6224
   12237      16.5459
   12238      16.6465
   12239      16.6972
   12240      16.7343
   12241      16.4915
   12242      16.9398
   12243      16.4997
   12244      16.9277
   12245      16.7767
   12246      17.8599
   12247      17.0255
   12248      16.8228
   12249      16.9734
   12250      15.9287
   12251      15.9198
   12252      17.1045
   12253      17.1062
   12254      17.1758
   12255      16.6147
   12256      17.1685
   12257      16.3555
   12258      17.0523
   12259      16.8290
   12260      16.8876
   12261      16.4394
   12262      17.1135
   12263      17.4667
   12264      16.2865
   12265      16.2375
   12266      16.6704
   12267      16.1635
   12268      16.3001
   12269      16.5968
   12270      17.2179
   12271      17.6498
   12272      17.4167
   12273      17.0501
   12274      17.3932
   12275      17.1021
   12276      17.3141
   12277      17.3938
   12278      17.5890
   12279      17.1484
   12280      17.4796
   12281      17.2304
   12282      17.2810
   12283      16.9905
   12284      17.3543
   12285      17.5725
   12286      16.9735
   12287      17.0418
   12288      17.3593
   12289      17.6596
   12290      17.7953
   12291      17.0113
   12292      17.9096
   12293      17.1474
   12294      17.0606
   12295      17.4773
   12296      16.8400
   12297      16.6370
   12298      16.8844
   12299      17.0725
   12300      16.8712
   12301      16.5370
   12302      17.0371
   12303      17.1620
   12304      16.7541
   12305      17.0355
   12306      17.1273
   12307      16.1789
   12308      16.9361
   12309      16.7677
   12310      17.1023
   12311      17.3470
   12312      16.8814
   12313      17.0412
   12314      17.1121
   12315      17.2659
   12316      17.3232
   12317      16.6452
   12318      16.7892
   12319      16.4280
   12320      16.7933
   12321      16.6311
   12322      16.4746
   12323      16.2131
   12324      16.6184
   12325      16.9590
   12326      15.6168
   12327      16.0674
   12328      16.3062
   12329      16.1529
   12330      16.7716
   12331      16.4906
   12332      16.0933
   12333      15.7393
   12334      16.8241
   12335      16.4905
   12336      15.9133
   12337      15.8614
   12338      15.9052
   12339      16.6673
   12340      16.6877
   12341      17.4733
   12342      17.5156
   12343      16.9031
   12344      16.4806
   12345      16.9925
   12346      17.1537
   12347      17.3586
   12348      16.6728
   12349      16.9697
   12350      17.3756
   12351      15.4641
   12352      16.8108
   12353      17.0037
   12354      16.4608
   12355      17.4828
   12356      16.8438
   12357      17.4364
   12358      16.3959
   12359      16.5558
   12360      16.8255
   12361      17.1529
   12362      16.5837
   12363      16.9621
   12364      16.6805
   12365      16.7498
   12366      16.9787
   12367      17.3758
   12368      17.0467
   12369      15.9446
   12370      16.8986
   12371      16.2986
   12372      16.2040
   12373      16.3520
   12374      16.3739
   12375      16.7243
   12376      17.0559
   12377      16.7617
   12378      16.0512
   12379      16.6401
   12380      16.6102
   12381      16.4529
   12382      16.7368
   12383      17.3769
   12384      16.9801
   12385      17.3920
   12386      17.0894
   12387      16.5039
   12388      16.7334
   12389      16.6863
   12390      17.0669
   12391      16.4402
   12392      17.1667
   12393      16.7877
   12394      17.1664
   12395      16.5053
   12396      16.3480
   12397      16.4944
   12398      15.9997
   12399      16.8810
   12400      17.3161
   12401      16.6359
   12402      16.7588
   12403      17.7753
   12404      17.3095
   12405      16.1898
   12406      16.7844
   12407      16.7037
   12408      16.8282
   12409      16.9732
   12410      16.2723
   12411      17.9207
   12412      16.9528
   12413      16.2993
   12414      16.3271
   12415      16.6479
   12416      16.6985
   12417      17.4649
   12418      16.8537
   12419      17.2400
   12420      16.8537
   12421      15.9132
   12422      17.4950
   12423      17.4827
   12424      16.5967
   12425      18.1227
   12426      17.3952
   12427      16.4044
   12428      17.3825
   12429      16.7053
   12430      15.5501
   12431      16.4800
   12432      16.9828
   12433      17.2142
   12434      16.2219
   12435      16.0280
   12436      16.6195
   12437      17.3699
   12438      15.9217
   12439      15.5364
   12440      16.2195
   12441      16.5245
   12442      16.3905
   12443      16.7059
   12444      16.6122
   12445      16.3490
   12446      17.1163
   12447      17.5994
   12448      17.3883
   12449      16.7008
   12450      17.0382
   12451      16.2732
   12452      16.8182
   12453      16.9195
   12454      16.5756
   12455      17.3465
   12456      16.9144
   12457      17.1924
   12458      16.4229
   12459      16.3280
   12460      17.8508
   12461      17.0165
   12462      17.0629
   12463      17.3544
   12464      17.0038
   12465      16.9333
   12466      16.4837
   12467      16.4209
   12468      16.9322
   12469      16.7804
   12470      17.6185
   12471      17.9426
   12472      17.0966
   12473      16.6286
   12474      16.6704
   12475      16.6098
   12476      17.5677
   12477      17.2213
   12478      17.0897
   12479      16.0784
   12480      16.2980
   12481      15.8528
   12482      16.5252
   12483      15.8049
   12484      16.3241
   12485      16.8442
   12486      16.8991
   12487      16.4441
   12488      16.2218
   12489      16.4187
   12490      16.7126
   12491      16.8397
   12492      17.1441
   12493      16.4072
   12494      16.3890
   12495      16.4670
   12496      16.1844
   12497      16.7384
   12498      16.6419
   12499      16.6187
   12500      17.4861
   12501      16.9337
   12502      17.1435
   12503      16.3957
   12504      17.0507
   12505      16.7910
   12506      16.4443
   12507      18.0228
   12508      17.1720
   12509      16.7537
   12510      16.8451
   12511      16.9531
   12512      17.3188
   12513      17.2099
   12514      16.8582
   12515      17.2662
   12516      16.7137
   12517      16.5442
   12518      16.8982
   12519      17.1560
   12520      17.1024
   12521      17.4021
   12522      17.0718
   12523      16.5891
   12524      17.1637
   12525      17.3011
   12526      16.8243
   12527      16.3359
   12528      16.1775
   12529      16.7919
   12530      16.4543
   12531      16.6711
   12532      16.6134
   12533      17.0161
   12534      16.6379
   12535      16.7067
   12536      16.3759
   12537      16.9027
   12538      16.9495
   12539      17.0556
   12540      16.1525
   12541      16.8656
   12542      16.7470
   12543      16.6638
   12544      16.2226
   12545      16.8301
   12546      17.4249
   12547      16.4138
   12548      16.6729
   12549      17.0718
   12550      16.3235
   12551      16.3272
   12552      16.0852
   12553      16.5131
   12554      16.7730
   12555      17.0635
   12556      16.8397
   12557      16.5375
   12558      16.6723
   12559      17.3652
   12560      17.3882
   12561      17.6768
   12562      16.8136
   12563      17.2880
   12564      16.9703
   12565      17.1656
   12566      16.9365
   12567      17.0566
   12568      16.4990
   12569      16.7349
   12570      16.2895
   12571      17.6825
   12572      17.3191
   12573      17.4234
   12574      16.3704
   12575      17.9502
   12576      16.3816
   12577      17.1532
   12578      17.1027
   12579      16.2939
   12580      16.9925
   12581      16.9568
   12582      17.1947
   12583      17.2123
   12584      17.1242
   12585      17.9319
   12586      18.4311
   12587      18.0437
   12588      17.0070
   12589      17.2307
   12590      17.1058
   12591      17.0568
   12592      17.1817
   12593      17.8605
   12594      17.7709
   12595      17.5029
   12596      17.1162
   12597      17.1427
   12598      16.4620
   12599      16.7349
   12600      16.2797
   12601      16.8226
   12602      16.8380
   12603      17.1805
   12604      16.4948
   12605      16.4431
   12606      16.3334
   12607      15.9215
   12608      16.4686
   12609      16.8099
   12610      16.4818
   12611      16.7234
   12612      16.7412
   12613      16.4397
   12614      16.8906
   12615      16.7642
   12616      17.1145
   12617      16.6574
   12618      16.6476
   12619      16.4049
   12620      16.5292
   12621      16.5648
   12622      16.9604
   12623      16.7229
   12624      16.5530
   12625      16.5698
   12626      17.0168
   12627      16.9590
   12628      16.6889
   12629      17.3368
   12630      16.9408
   12631      16.8524
   12632      16.5238
   12633      16.8187
   12634      16.4080
   12635      17.3128
   12636      17.0234
   12637      16.9615
   12638      16.6175
   12639      16.7217
   12640      17.3867
   12641      17.3694
   12642      16.5839
   12643      16.7976
   12644      17.0982
   12645      16.9577
   12646      16.7585
   12647      16.5719
   12648      17.3208
   12649      17.2800
   12650      16.8194
   12651      16.7123
   12652      16.5219
   12653      16.7237
   12654      16.5290
   12655      16.9590
   12656      16.5264
   12657      16.1928
   12658      16.2350
   12659      16.4116
   12660      16.0011
   12661      16.6664
   12662      16.2679
   12663      16.6402
   12664      16.4456
   12665      16.7746
   12666      16.1308
   12667      16.2521
   12668      16.1747
   12669      16.7217
   12670      16.5222
   12671      16.6399
   12672      16.3086
   12673      16.8790
   12674      16.7815
   12675      16.7248
   12676      16.4643
   12677      16.3746
   12678      16.1653
   12679      16.7422
   12680      17.2925
   12681      17.1115
   12682      17.0704
   12683      17.0331
   12684      17.3364
   12685      17.1484
   12686      16.8182
   12687      16.6321
   12688      16.8590
   12689      16.7558
   12690      16.6967
   12691      17.1267
   12692      16.9686
   12693      16.9456
   12694      17.1081
   12695      16.0193
   12696      16.0495
   12697      16.0184
   12698      15.9569
   12699      16.1016
   12700      16.1984
   12701      15.8651
   12702      16.7440
   12703      16.6759
   12704      16.8635
   12705      16.8138
   12706      16.6588
   12707      16.6915
   12708      16.1730
   12709      16.9000
   12710      16.4433
   12711      16.6493
   12712      16.3084
   12713      16.3214
   12714      16.7397
   12715      17.2084
   12716      16.3808
   12717      16.9866
   12718      16.2013
   12719      16.8585
   12720      16.4858
   12721      15.9137
   12722      16.0855
   12723      16.6327
   12724      16.3685
   12725      16.2686
   12726      16.2158
   12727      16.5574
   12728      16.6913
   12729      16.4695
   12730      16.4863
   12731      17.3615
   12732      16.9657
   12733      17.4952
   12734      17.7050
   12735      17.5579
   12736      17.5688
   12737      17.9056
   12738      16.3450
   12739      16.1376
   12740      16.7470
   12741      16.6622
   12742      16.6966
   12743      16.1447
   12744      16.1887
   12745      16.0663
   12746      16.6895
   12747      16.9006
   12748      16.2024
   12749      15.7825
   12750      16.2333
   12751      16.0886
   12752      15.9457
   12753      16.1878
   12754      16.7963
   12755      16.4714
   12756      16.5770
   12757      16.7621
   12758      16.8349
   12759      16.5371
   12760      16.2696
   12761      16.5440
   12762      17.3262
   12763      16.7871
   12764      16.6202
   12765      16.7797
   12766      16.6150
   12767      16.4789
   12768      17.0120
   12769      16.5799
   12770      16.6528
   12771      16.9644
   12772      16.3799
   12773      17.6293
   12774      16.6867
   12775      16.6442
   12776      17.4809
   12777      17.0692
   12778      17.3263
   12779      16.1378
   12780      16.3411
   12781      16.2893
   12782      16.4022
   12783      16.2595
   12784      16.6431
   12785      16.3602
   12786      16.3431
   12787      16.7857
   12788      16.5139
   12789      16.3921
   12790      16.2383
   12791      16.4155
   12792      16.4024
   12793      16.6677
   12794      16.2317
   12795      15.9265
   12796      16.0319
   12797      16.8581
   12798      17.1358
   12799      16.6481
   12800      16.4765
   12801      15.6624
   12802      15.8674
   12803      16.3935
   12804      16.4346
   12805      17.3592
   12806      16.2098
   12807      16.4366
   12808      15.7732
   12809      16.3505
   12810      16.5395
   12811      16.1096
   12812      16.4566
   12813      16.0459
   12814      16.6609
   12815      16.6986
   12816      15.9856
   12817      16.1621
   12818      17.5812
   12819      16.3928
   12820      16.7014
   12821      16.7019
   12822      16.3072
   12823      16.8859
   12824      16.8599
   12825      16.3722
   12826      17.1432
   12827      17.0512
   12828      16.7469
   12829      16.7275
   12830      17.0447
   12831      16.4950
   12832      16.8741
   12833      15.9357
   12834      16.6485
   12835      16.8359
   12836      16.8043
   12837      16.7930
   12838      17.4994
   12839      16.9872
   12840      17.1741
   12841      16.2980
   12842      17.3173
   12843      17.0186
   12844      16.7179
   12845      16.6073
   12846      16.6994
   12847      16.7349
   12848      17.1603
   12849      17.3538
   12850      17.0856
   12851      16.9808
   12852      17.0019
   12853      17.5703
   12854      16.7107
   12855      17.3147
   12856      16.8244
   12857      17.3603
   12858      17.6149
   12859      16.5643
   12860      16.5163
   12861      17.1430
   12862      16.5662
   12863      17.0772
   12864      16.6801
   12865      16.6050
   12866      16.8833
   12867      17.2522
   12868      16.8159
   12869      16.5339
   12870      17.0752
   12871      16.5670
   12872      16.7815
   12873      16.7028
   12874      17.0751
   12875      17.2325
   12876      16.9960
   12877      17.3634
   12878      17.0705
   12879      16.9185
   12880      17.0950
   12881      16.7076
   12882      16.5192
   12883      16.7872
   12884      17.1711
   12885      17.0113
   12886      17.1866
   12887      17.0004
   12888      17.3171
   12889      16.6704
   12890      17.8910
   12891      16.6695
   12892      16.7182
   12893      17.0896
   12894      16.9814
   12895      17.6773
   12896      17.2578
   12897      16.4926
   12898      16.3352
   12899      17.3451
   12900      16.6180
   12901      17.6926
   12902      17.3541
   12903      16.8302
   12904      16.6117
   12905      17.0461
   12906      17.1071
   12907      16.9194
   12908      16.8182
   12909      16.6264
   12910      16.6172
   12911      16.4971
   12912      17.2239
   12913      16.4778
   12914      16.9630
   12915      16.8836
   12916      17.3908
   12917      17.1897
   12918      17.0459
   12919      17.2786
   12920      17.6445
   12921      17.0605
   12922      17.0142
   12923      16.4243
   12924      16.7852
   12925      17.0756
   12926      17.3350
   12927      16.6262
   12928      16.7173
   12929      17.3281
   12930      16.7222
   12931      16.8309
   12932      17.3453
   12933      17.0090
   12934      16.5014
   12935      17.7165
   12936      17.2463
   12937      16.9422
   12938      17.4447
   12939      16.7724
   12940      17.0079
   12941      17.5463
   12942      17.2847
   12943      17.1508
   12944      17.1775
   12945      16.1666
   12946      16.3206
   12947      16.6649
   12948      16.3610
   12949      16.2360
   12950      16.2473
   12951      16.4418
   12952      16.8214
   12953      17.1328
   12954      16.8370
   12955      16.3131
   12956      17.0542
   12957      17.5359
   12958      16.9573
   12959      16.5487
   12960      17.3516
   12961      17.0025
   12962      16.9139
   12963      17.4906
   12964      17.6736
   12965      17.4022
   12966      17.2625
   12967      16.4207
   12968      17.1731
   12969      17.3872
   12970      16.2506
   12971      17.0777
   12972      17.4641
   12973      17.0686
   12974      18.1536
   12975      17.4049
   12976      16.5838
   12977      16.5995
   12978      17.1758
   12979      16.5441
   12980      17.1605
   12981      17.2881
   12982      16.6526
   12983      17.0806
   12984      17.3871
   12985      16.7099
   12986      16.4295
   12987      17.1162
   12988      16.6727
   12989      16.8591
   12990      17.0897
   12991      16.9928
   12992      17.1692
   12993      16.4587
   12994      16.4958
   12995      16.9408
   12996      16.2035
   12997      16.6363
   12998      16.9426
   12999      16.6827
   13000      16.7634
   13001      16.4433
   13002      16.5392
   13003      17.3211
   13004      17.2242
   13005      17.4417
   13006      17.2262
   13007      16.6466
   13008      16.0819
   13009      16.9809
   13010      16.5298
   13011      16.9055
   13012      16.8148
   13013      17.1936
   13014      17.8163
   13015      17.0500
   13016      16.6725
   13017      16.8579
   13018      17.1436
   13019      16.8445
   13020      16.7140
   13021      16.5457
   13022      16.6474
   13023      16.6138
   13024      16.8998
   13025      16.9392
   13026      16.5724
   13027      16.6108
   13028      16.9808
   13029      16.6943
   13030      16.6076
   13031      16.3958
   13032      16.6081
   13033      17.2416
   13034      17.2533
   13035      17.2706
   13036      17.0645
   13037      16.7234
   13038      16.6645
   13039      16.7751
   13040      17.3923
   13041      17.1855
   13042      16.7781
   13043      17.1863
   13044      16.9270
   13045      16.9150
   13046      16.7704
   13047      16.4690
   13048      16.8920
   13049      16.9090
   13050      17.0144
   13051      16.4654
   13052      16.8195
   13053      16.8612
   13054      16.4819
   13055      16.6730
   13056      16.7854
   13057      16.8437
   13058      17.9212
   13059      17.4152
   13060      17.1829
   13061      16.6195
   13062      16.5309
   13063      16.2946
   13064      16.1081
   13065      16.9076
   13066      16.5637
   13067      16.4134
   13068      17.0091
   13069      16.5766
   13070      16.1228
   13071      16.2368
   13072      16.5250
   13073      16.9535
   13074      16.5213
   13075      16.4204
   13076      16.4680
   13077      16.1364
   13078      16.1493
   13079      16.5590
   13080      16.3183
   13081      17.0703
   13082      17.0639
   13083      16.0031
   13084      16.3395
   13085      16.6118
   13086      17.0022
   13087      17.3803
   13088      17.0434
   13089      16.9042
   13090      16.7833
   13091      16.5220
   13092      17.3788
   13093      16.9523
   13094      17.1172
   13095      17.5275
   13096      16.5580
   13097      16.9236
   13098      17.2098
   13099      16.9242
   13100      16.9955
   13101      16.6682
   13102      16.0546
   13103      16.7960
   13104      16.3533
   13105      15.8552
   13106      15.7646
   13107      15.5738
   13108      15.9377
   13109      16.5220
   13110      16.2293
   13111      16.3665
   13112      16.8722
   13113      16.5779
   13114      16.1949
   13115      16.1882
   13116      17.1134
   13117      17.2010
   13118      16.5341
   13119      17.2660
   13120      17.3865
   13121      17.2608
   13122      16.6098
   13123      16.5627
   13124      16.8990
   13125      16.4075
   13126      17.0602
   13127      16.8860
   13128      16.9997
   13129      17.3733
   13130      17.3044
   13131      16.1199
   13132      16.7129
   13133      17.1636
   13134      17.0465
   13135      16.6550
   13136      17.1794
   13137      17.0409
   13138      17.0358
   13139      17.1709
   13140      17.4894
   13141      17.1095
   13142      17.1095
   13143      16.2130
   13144      16.6297
   13145      16.5163
   13146      16.8394
   13147      16.8889
   13148      16.0544
   13149      16.6859
   13150      17.2246
   13151      17.4205
   13152      16.9258
   13153      16.2909
   13154      16.8510
   13155      17.5301
   13156      16.7246
   13157      16.9677
   13158      16.3204
   13159      16.5242
   13160      16.7550
   13161      16.6520
   13162      16.1194
   13163      16.3591
   13164      16.3541
   13165      16.5808
   13166      16.9451
   13167      17.4783
   13168      16.9782
   13169      17.2193
   13170      16.7659
   13171      17.2589
   13172      16.2780
   13173      16.7552
   13174      15.8774
   13175      16.2051
   13176      16.9269
   13177      16.7616
   13178      15.9052
   13179      16.7354
   13180      15.9817
   13181      16.4678
   13182      17.0043
   13183      16.7048
   13184      16.9758
   13185      16.8237
   13186      17.0150
   13187      16.7723
   13188      16.8897
   13189      16.1193
   13190      16.3325
   13191      16.7044
   13192      16.2789
   13193      16.4364
   13194      16.3686
   13195      16.4535
   13196      16.4795
   13197      16.9348
   13198      16.7257
   13199      16.6072
   13200      16.4685
   13201      15.8462
   13202      16.3052
   13203      16.2344
   13204      17.2841
   13205      17.1375
   13206      17.1859
   13207      17.4755
   13208      17.6114
   13209      16.0192
   13210      16.9049
   13211      17.4178
   13212      17.5834
   13213      17.1612
   13214      16.9553
   13215      17.3442
   13216      17.0218
   13217      17.4530
   13218      16.9879
   13219      16.9621
   13220      17.0215
   13221      16.6791
   13222      16.3856
   13223      17.0387
   13224      16.6425
   13225      16.8468
   13226      17.1232
   13227      16.5650
   13228      15.9305
   13229      16.3867
   13230      16.3916
   13231      16.3494
   13232      15.8648
   13233      15.8954
   13234      16.4552
   13235      16.3544
   13236      16.5266
   13237      16.5629
   13238      16.4534
   13239      16.2340
   13240      16.2042
   13241      16.0942
   13242      16.9218
   13243      15.9593
   13244      16.6393
   13245      16.8019
   13246      17.2997
   13247      16.3379
   13248      16.9640
   13249      17.4003
   13250      16.8352
   13251      16.1983
   13252      16.5094
   13253      16.4502
   13254      16.6799
   13255      16.2128
   13256      16.4492
   13257      16.7784
   13258      16.8947
   13259      16.3999
   13260      16.9345
   13261      16.8475
   13262      16.7642
   13263      16.5349
   13264      17.0188
   13265      16.3839
   13266      17.9860
   13267      17.0445
   13268      17.6601
   13269      17.2664
   13270      17.2127
   13271      16.7474
   13272      17.0253
   13273      16.9383
   13274      16.0067
   13275      16.5918
   13276      16.1769
   13277      16.5786
   13278      16.7323
   13279      17.1206
   13280      16.9049
   13281      17.2780
   13282      16.6660
   13283      17.0430
   13284      16.9370
   13285      16.4534
   13286      16.7855
   13287      16.0918
   13288      17.1888
   13289      16.3610
   13290      16.6199
   13291      17.0169
   13292      16.8642
   13293      17.2307
   13294      16.1282
   13295      16.0073
   13296      16.8631
   13297      16.2637
   13298      16.1411
   13299      17.0046
   13300      16.8037
   13301      17.1282
   13302      16.4494
   13303      16.7330
   13304      17.2069
   13305      17.6033
   13306      17.0770
   13307      17.0520
   13308      17.3926
   13309      17.7076
   13310      18.1074
   13311      18.0150
   13312      18.5008
   13313      16.9547
   13314      17.0408
   13315      17.9769
   13316      17.5546
   13317      17.2575
   13318      18.0889
   13319      17.7921
   13320      18.2745
   13321      17.8138
   13322      17.8111
   13323      17.4943
   13324      17.0322
   13325      16.7563
   13326      17.6574
   13327      16.7917
   13328      16.9008
   13329      16.5582
   13330      17.4158
   13331      17.1821
   13332      16.9337
   13333      17.6202
   13334      17.6946
   13335      17.8279
   13336      17.1723
   13337      17.0761
   13338      17.4462
   13339      17.0659
   13340      16.8326
   13341      17.7474
   13342      17.4077
   13343      17.5528
   13344      17.0610
   13345      17.3641
   13346      17.2138
   13347      17.5813
   13348      18.0237
   13349      17.5151
   13350      18.2919
   13351      18.1502
   13352      18.0717
   13353      18.4129
   13354      18.0905
   13355      18.0439
   13356      17.8147
   13357      17.6773
   13358      17.0400
   13359      17.7357
   13360      17.0852
   13361      17.3164
   13362      17.4065
   13363      17.2609
   13364      17.6542
   13365      17.4519
   13366      17.4052
   13367      17.6383
   13368      16.7391
   13369      16.5500
   13370      16.9632
   13371      16.7872
   13372      16.8755
   13373      16.9243
   13374      16.3736
   13375      16.3564
   13376      16.4768
   13377      17.1296
   13378      17.0875
   13379      16.5594
   13380      16.6143
   13381      16.6321
   13382      16.3166
   13383      17.0939
   13384      17.2280
   13385      17.1973
   13386      17.0130
   13387      16.6262
   13388      16.8248
   13389      16.5886
   13390      16.6309
   13391      16.9793
   13392      17.2459
   13393      16.8404
   13394      17.0266
   13395      16.5483
   13396      16.3084
   13397      16.6020
   13398      16.4363
   13399      15.6766
   13400      16.7771
   13401      16.2568
   13402      16.2411
   13403      16.0575
   13404      16.0897
   13405      15.7003
   13406      16.2212
   13407      15.7930
   13408      16.1633
   13409      16.3486
   13410      16.6731
   13411      16.6784
   13412      17.4634
   13413      17.3905
   13414      16.9624
   13415      16.6064
   13416      16.6819
   13417      17.2673
   13418      16.8426
   13419      17.4917
   13420      17.0942
   13421      16.8305
   13422      17.2944
   13423      17.5713
   13424      16.6206
   13425      17.1077
   13426      17.3884
   13427      17.1885
   13428      16.9966
   13429      16.8457
   13430      16.8745
   13431      16.6714
   13432      17.2202
   13433      16.7338
   13434      16.6426
   13435      17.4795
   13436      17.0659
   13437      17.2092
   13438      16.8772
   13439      17.6352
   13440      16.9140
   13441      16.8653
   13442      17.0972
   13443      17.2112
   13444      17.1889
   13445      16.4359
   13446      16.8619
   13447      17.0510
   13448      16.5302
   13449      17.1006
   13450      16.9088
   13451      17.0440
   13452      16.8289
   13453      17.3370
   13454      17.3434
   13455      17.6908
   13456      17.4286
   13457      16.8795
   13458      17.3749
   13459      17.5503
   13460      17.3026
   13461      17.0235
   13462      17.1910
   13463      16.9869
   13464      16.9926
   13465      17.2802
   13466      17.9872
   13467      18.1712
   13468      17.3130
   13469      17.1009
   13470      16.7280
   13471      17.1529
   13472      17.0878
   13473      17.3764
   13474      16.6769
   13475      17.4106
   13476      16.5861
   13477      16.9983
   13478      17.2315
   13479      17.0466
   13480      17.6203
   13481      16.9995
   13482      17.3586
   13483      16.9051
   13484      16.9703
   13485      16.7925
   13486      17.0934
   13487      17.1987
   13488      17.1539
   13489      17.4268
   13490      17.2689
   13491      17.4108
   13492      17.3208
   13493      16.8499
   13494      17.1780
   13495      16.9475
   13496      17.0321
   13497      16.8797
   13498      16.3721
   13499      16.9943
   13500      17.0118
   13501      16.5913
   13502      16.9489
   13503      16.0514
   13504      17.2780
   13505      16.2972
   13506      16.4305
   13507      16.5338
   13508      16.5289
   13509      16.7438
   13510      16.7374
   13511      16.3845
   13512      17.1420
   13513      16.2883
   13514      17.1136
   13515      16.6351
   13516      16.9735
   13517      17.1017
   13518      16.9248
   13519      16.7568
   13520      17.3886
   13521      17.7171
   13522      17.7308
   13523      18.2773
   13524      18.4018
   13525      17.8505
   13526      18.2899
   13527      17.8373
   13528      17.7984
   13529      18.4185
   13530      18.1447
   13531      18.0382
   13532      17.9546
   13533      17.4118
   13534      17.4935
   13535      16.8084
   13536      17.5684
   13537      17.4296
   13538      16.9550
   13539      17.2488
   13540      16.7961
   13541      16.4883
   13542      16.8404
   13543      16.7747
   13544      16.4695
   13545      17.3946
   13546      16.4190
   13547      16.7058
   13548      16.2418
   13549      16.2460
   13550      16.0929
   13551      16.5921
   13552      16.7049
   13553      16.8756
   13554      16.9858
   13555      17.2277
   13556      17.2239
   13557      17.6280
   13558      17.4904
   13559      16.9830
   13560      16.8089
   13561      16.7609
   13562      16.4991
   13563      16.6778
   13564      16.6847
   13565      16.7613
   13566      16.6646
   13567      16.3907
   13568      16.9140
   13569      17.2600
   13570      17.5828
   13571      17.3077
   13572      17.2239
   13573      17.1573
   13574      16.7600
   13575      16.1815
   13576      16.2134
   13577      16.4012
   13578      16.7578
   13579      16.7471
   13580      16.7698
   13581      17.0225
   13582      16.4878
   13583      16.7219
   13584      16.9062
   13585      16.9986
   13586      17.2931
   13587      17.8152
   13588      16.6080
   13589      16.2014
   13590      16.0460
   13591      16.2391
   13592      15.6282
   13593      15.8843
   13594      16.6188
   13595      15.6155
   13596      16.2100
   13597      16.9471
   13598      16.0207
   13599      16.4380
   13600      16.5217
   13601      16.5142
   13602      17.1363
   13603      16.8604
   13604      17.0483
   13605      16.8037
   13606      16.7205
   13607      17.1260
   13608      16.7714
   13609      17.7151
   13610      17.2444
   13611      17.5112
   13612      16.8698
   13613      17.0666
   13614      16.5643
   13615      16.9380
   13616      16.8205
   13617      16.9413
   13618      17.4071
   13619      16.8439
   13620      17.8752
   13621      17.2545
   13622      17.1592
   13623      17.3744
   13624      17.4269
   13625      17.2408
   13626      17.1997
   13627      17.2399
   13628      17.0341
   13629      17.3450
   13630      17.3069
   13631      16.8560
   13632      17.0278
   13633      16.9392
   13634      16.5042
   13635      16.8973
   13636      17.6257
   13637      17.5171
   13638      17.3792
   13639      16.8544
   13640      17.1426
   13641      17.0391
   13642      16.8179
   13643      17.2720
   13644      16.3137
   13645      16.8082
   13646      17.3084
   13647      17.3708
   13648      16.6446
   13649      17.1697
   13650      17.2508
   13651      17.2463
   13652      17.6848
   13653      17.4189
   13654      16.5057
   13655      16.2837
   13656      17.0796
   13657      17.2166
   13658      17.3055
   13659      16.8253
   13660      16.8101
   13661      16.5494
   13662      17.1701
   13663      16.6402
   13664      16.9449
   13665      17.3343
   13666      16.8881
   13667      16.7851
   13668      17.1037
   13669      18.1290
   13670      18.0420
   13671      17.4188
   13672      17.8654
   13673      17.2399
   13674      16.6359
   13675      16.5930
   13676      16.7501
   13677      16.8432
   13678      17.0205
   13679      17.0929
   13680      16.7809
   13681      17.2805
   13682      17.5653
   13683      17.5275
   13684      17.2779
   13685      17.6893
   13686      17.3266
   13687      16.3430
   13688      17.0073
   13689      17.4476
   13690      17.1458
   13691      16.6160
   13692      16.7737
   13693      16.4770
   13694      16.3858
   13695      16.4661
   13696      16.1154
   13697      16.5105
   13698      17.0798
   13699      16.7482
   13700      17.0101
   13701      17.5677
   13702      17.4267
   13703      16.7043
   13704      17.2948
   13705      17.0801
   13706      17.0671
   13707      17.3304
   13708      16.9590
   13709      16.9412
   13710      17.0807
   13711      16.8904
   13712      16.4032
   13713      16.9374
   13714      16.3965
   13715      17.0556
   13716      16.7855
   13717      16.3214
   13718      17.5528
   13719      17.0772
   13720      17.5626
   13721      18.1297
   13722      17.3980
   13723      17.4560
   13724      18.1083
   13725      17.5173
   13726      17.2273
   13727      17.8431
   13728      17.8008
   13729      17.8999
   13730      17.4420
   13731      17.3464
   13732      16.8254
   13733      16.7468
   13734      16.4698
   13735      16.7872
   13736      17.5098
   13737      17.1263
   13738      16.6625
   13739      16.4397
   13740      16.1584
   13741      16.6075
   13742      17.0540
   13743      17.2692
   13744      16.6143
   13745      16.9949
   13746      17.2806
   13747      17.2835
   13748      18.2260
   13749      17.7884
   13750      17.8633
   13751      17.2717
   13752      18.0144
   13753      17.8393
   13754      17.2380
   13755      16.5450
   13756      17.2557
   13757      16.8460
   13758      17.2080
   13759      17.1897
   13760      16.8026
   13761      17.2999
   13762      16.6906
   13763      17.1553
   13764      17.6281
   13765      17.0295
   13766      16.5407
   13767      17.6427
   13768      16.8757
   13769      16.4535
   13770      16.7389
   13771      16.5367
   13772      16.4899
   13773      17.1107
   13774      17.1443
   13775      17.1528
   13776      16.9622
   13777      16.6875
   13778      16.6980
   13779      17.1427
   13780      17.4485
   13781      17.2789
   13782      17.0679
   13783      16.8804
   13784      16.8354
   13785      17.1875
   13786      16.7989
   13787      16.2961
   13788      16.5117
   13789      16.2119
   13790      16.2310
   13791      16.4297
   13792      16.5753
   13793      17.1577
   13794      16.6765
   13795      16.4645
   13796      16.5081
   13797      16.4234
   13798      17.2048
   13799      16.7483
   13800      16.0237
   13801      16.8245
   13802      17.5818
   13803      16.8336
   13804      17.4153
   13805      17.0012
   13806      16.6199
   13807      16.9190
   13808      17.9305
   13809      17.4559
   13810      16.6341
   13811      16.6821
   13812      17.5222
   13813      17.6706
   13814      16.7384
   13815      17.5455
   13816      17.9525
   13817      17.6805
   13818      17.2530
   13819      16.2468
   13820      16.7087
   13821      16.6837
   13822      17.3632
   13823      17.3389
   13824      16.5191
   13825      17.5641
   13826      16.9057
   13827      17.8053
   13828      17.4050
   13829      17.2541
   13830      16.8869
   13831      16.3388
   13832      16.6375
   13833      16.7690
   13834      16.6780
   13835      17.5058
   13836      17.1034
   13837      16.7437
   13838      17.7291
   13839      17.4519
   13840      16.4611
   13841      16.7508
   13842      17.6113
   13843      18.2392
   13844      17.8023
   13845      16.9734
   13846      17.3428
   13847      18.0148
   13848      16.8145
   13849      17.8481
   13850      17.4899
   13851      16.7243
   13852      17.6122
   13853      17.2220
   13854      16.9899
   13855      16.3350
   13856      16.8805
   13857      16.6080
   13858      16.3022
   13859      17.1910
   13860      16.8978
   13861      17.2839
   13862      17.3021
   13863      17.2308
   13864      17.7572
   13865      17.1177
   13866      17.7966
   13867      17.8048
   13868      18.6800
   13869      18.1602
   13870      17.6191
   13871      17.8070
   13872      17.4656
   13873      17.0793
   13874      16.9568
   13875      17.0912
   13876      16.8402
   13877      16.6920
   13878      16.7414
   13879      16.0655
   13880      16.5881
   13881      16.3638
   13882      17.1127
   13883      16.7757
   13884      17.1642
   13885      16.6449
   13886      17.1549
   13887      16.6935
   13888      17.1335
   13889      17.1637
   13890      17.3165
   13891      17.4254
   13892      16.8142
   13893      17.0066
   13894      17.7556
   13895      17.1649
   13896      17.0783
   13897      17.3569
   13898      17.1888
   13899      17.4674
   13900      16.8009
   13901      16.9058
   13902      17.1335
   13903      17.0932
   13904      16.7148
   13905      17.2352
   13906      16.6855
   13907      16.8730
   13908      16.2350
   13909      16.6828
   13910      17.2141
   13911      17.0973
   13912      17.0050
   13913      16.8918
   13914      16.8460
   13915      16.8298
   13916      17.5647
   13917      16.8649
   13918      16.9659
   13919      16.9322
   13920      16.9438
   13921      17.5856
   13922      16.7576
   13923      16.5627
   13924      16.3048
   13925      16.3642
   13926      17.3199
   13927      16.8709
   13928      17.4238
   13929      17.7507
   13930      17.8314
   13931      17.4400
   13932      16.8683
   13933      16.7681
   13934      16.6455
   13935      16.1585
   13936      17.0959
   13937      17.4172
   13938      17.2127
   13939      17.2263
   13940      16.4533
   13941      17.4181
   13942      17.4167
   13943      17.8558
   13944      17.1472
   13945      17.8826
   13946      17.1367
   13947      17.7268
   13948      17.7333
   13949      16.9945
   13950      17.9284
   13951      17.1135
   13952      16.6299
   13953      17.3606
   13954      16.6135
   13955      16.7911
   13956      17.1768
   13957      17.2569
   13958      16.6981
   13959      16.1751
   13960      16.8829
   13961      18.0998
   13962      17.4649
   13963      18.2845
   13964      17.2362
   13965      17.2384
   13966      17.6376
   13967      17.2664
   13968      16.3743
   13969      16.8782
   13970      16.9903
   13971      16.5296
   13972      17.1346
   13973      16.7676
   13974      16.9542
   13975      17.2299
   13976      16.9937
   13977      16.5376
   13978      16.9969
   13979      17.1074
   13980      15.9629
   13981      17.2902
   13982      16.4625
   13983      16.4461
   13984      16.6783
   13985      16.6414
   13986      16.7159
   13987      16.5610
   13988      16.6244
   13989      17.1318
   13990      16.9362
   13991      16.4664
   13992      16.5397
   13993      16.3669
   13994      15.8348
   13995      16.6963
   13996      17.3786
   13997      17.0660
   13998      16.8610
   13999      16.4832
   14000      17.2527
   14001      17.1631
   14002      16.8132
   14003      17.8363
   14004      17.6282
   14005      16.4061
   14006      17.1590
   14007      16.0206
   14008      16.9246
   14009      16.9692
   14010      16.6578
   14011      17.4448
   14012      17.6381
   14013      17.3966
   14014      16.7964
   14015      16.2640
   14016      15.7863
   14017      16.3505
   14018      16.6550
   14019      16.6714
   14020      16.7900
   14021      17.2930
   14022      17.5170
   14023      16.6167
   14024      17.2026
   14025      16.9506
   14026      16.6398
   14027      17.0329
   14028      17.0125
   14029      16.7729
   14030      17.6275
   14031      16.2196
   14032      17.0360
   14033      17.3391
   14034      17.4396
   14035      18.2208
   14036      17.7424
   14037      17.1858
   14038      17.6984
   14039      17.2025
   14040      17.2579
   14041      16.7434
   14042      16.7989
   14043      17.2178
   14044      16.9459
   14045      16.0413
   14046      16.2302
   14047      16.9408
   14048      16.6912
   14049      16.8569
   14050      17.5464
   14051      16.1410
   14052      16.2674
   14053      17.0434
   14054      16.4794
   14055      15.9590
   14056      16.4856
   14057      16.7665
   14058      16.8531
   14059      17.6099
   14060      17.1997
   14061      16.7822
   14062      17.7334
   14063      17.4698
   14064      17.2986
   14065      16.9964
   14066      17.4713
   14067      17.4255
   14068      16.9579
   14069      16.8375
   14070      17.0710
   14071      17.7150
   14072      17.1373
   14073      16.9344
   14074      16.4243
   14075      16.8702
   14076      16.5839
   14077      16.5344
   14078      17.0212
   14079      17.1554
   14080      17.5951
   14081      17.3348
   14082      17.0952
   14083      17.3111
   14084      17.2425
   14085      16.7872
   14086      16.7788
   14087      16.8091
   14088      16.8552
   14089      17.4878
   14090      17.1629
   14091      16.9944
   14092      16.8577
   14093      17.0543
   14094      16.7690
   14095      17.2307
   14096      18.0183
   14097      17.7782
   14098      18.3702
   14099      17.1535
   14100      17.3451
   14101      17.1409
   14102      17.3014
   14103      17.3248
   14104      17.0998
   14105      16.7240
   14106      17.3995
   14107      16.5194
   14108      16.8167
   14109      17.4589
   14110      17.2521
   14111      17.1511
   14112      17.5205
   14113      17.0288
   14114      16.9535
   14115      16.9750
   14116      17.7439
   14117      17.7842
   14118      17.3279
   14119      17.0392
   14120      17.8665
   14121      17.6097
   14122      17.3463
   14123      17.6427
   14124      17.2850
   14125      17.5036
   14126      17.4558
   14127      17.8077
   14128      17.2098
   14129      17.4008
   14130      17.6246
   14131      17.0959
   14132      17.6144
   14133      16.8092
   14134      16.6219
   14135      17.0156
   14136      17.5260
   14137      17.8820
   14138      18.0708
   14139      18.2547
   14140      17.9965
   14141      17.6918
   14142      17.2440
   14143      17.0822
   14144      17.3264
   14145      18.0127
   14146      17.3647
   14147      17.4585
   14148      17.8152
   14149      17.9179
   14150      17.2670
   14151      17.4016
   14152      17.4544
   14153      17.6006
   14154      16.5399
   14155      17.5016
   14156      17.2341
   14157      16.6020
   14158      17.5563
   14159      17.3259
   14160      18.0442
   14161      18.5008
   14162      17.3018
   14163      17.6867
   14164      17.8459
   14165      18.0038
   14166      17.6413
   14167      17.2034
   14168      17.4005
   14169      17.5779
   14170      16.9925
   14171      17.4115
   14172      17.3660
   14173      17.1886
   14174      17.5948
   14175      16.7205
   14176      16.1678
   14177      16.8337
   14178      16.8493
   14179      16.2361
   14180      16.5926
   14181      16.2446
   14182      17.3334
   14183      17.0773
   14184      16.8413
   14185      16.9908
   14186      17.0504
   14187      17.5435
   14188      16.8148
   14189      17.8864
   14190      16.9503
   14191      17.0662
   14192      17.7231
   14193      17.1021
   14194      17.4418
   14195      17.5435
   14196      17.3881
   14197      17.6030
   14198      16.7816
   14199      17.2279
   14200      16.7208
   14201      17.6640
   14202      16.3738
   14203      16.5758
   14204      16.4339
   14205      16.5726
   14206      17.0690
   14207      16.9918
   14208      17.0318
   14209      16.7856
   14210      16.5032
   14211      16.2938
   14212      16.2428
   14213      16.2956
   14214      16.1171
   14215      17.2920
   14216      17.2517
   14217      17.2208
   14218      16.5477
   14219      16.4821
   14220      16.7835
   14221      16.6024
   14222      16.2519
   14223      16.7902
   14224      17.1729
   14225      16.3079
   14226      16.7184
   14227      16.7647
   14228      17.2721
   14229      16.1194
   14230      17.5266
   14231      17.0654
   14232      17.5955
   14233      17.2694
   14234      17.8926
   14235      18.0792
   14236      18.0483
   14237      17.5147
   14238      17.5713
   14239      18.6815
   14240      17.3560
   14241      17.6595
   14242      17.4755
   14243      16.4975
   14244      16.7275
   14245      16.9645
   14246      16.3398
   14247      16.7471
   14248      17.4897
   14249      16.8044
   14250      17.4714
   14251      17.1915
   14252      17.3506
   14253      16.9305
   14254      17.0019
   14255      16.6179
   14256      16.6646
   14257      16.8121
   14258      17.8290
   14259      17.1866
   14260      17.0200
   14261      16.3458
   14262      16.7954
   14263      16.1872
   14264      16.5408
   14265      16.0591
   14266      16.8029
   14267      16.7146
   14268      17.3457
   14269      16.8887
   14270      16.7559
   14271      17.2167
   14272      17.7210
   14273      17.2983
   14274      16.5511
   14275      16.8791
   14276      17.1767
   14277      16.7186
   14278      17.6250
   14279      17.1612
   14280      16.4385
   14281      16.7528
   14282      16.6595
   14283      16.3876
   14284      17.4824
   14285      17.4808
   14286      17.1887
   14287      17.0186
   14288      17.8747
   14289      17.5588
   14290      17.7174
   14291      16.9828
   14292      16.6488
   14293      16.3185
   14294      17.0543
   14295      16.3775
   14296      17.0772
   14297      17.6377
   14298      17.7252
   14299      18.1768
   14300      17.7641
   14301      17.9553
   14302      17.3613
   14303      17.8826
   14304      17.8998
   14305      18.1233
   14306      18.0166
   14307      17.6131
   14308      17.9286
   14309      17.4537
   14310      17.7966
   14311      17.7743
   14312      17.7708
   14313      17.6672
   14314      17.2689
   14315      18.3143
   14316      17.8082
   14317      17.6554
   14318      17.1097
   14319      17.5742
   14320      17.3465
   14321      17.4345
   14322      16.9314
   14323      17.2526
   14324      17.1802
   14325      16.4338
   14326      17.5854
   14327      17.3170
   14328      16.8510
   14329      16.7182
   14330      17.2209
   14331      17.4759
   14332      17.1550
   14333      17.6274
   14334      17.8896
   14335      17.4555
   14336      17.1646
   14337      17.3308
   14338      17.6451
   14339      17.4124
   14340      17.7727
   14341      17.5493
   14342      18.0595
   14343      17.5188
   14344      16.9998
   14345      16.7741
   14346      17.5247
   14347      18.1595
   14348      17.8803
   14349      17.2339
   14350      18.0606
   14351      17.8146
   14352      17.8621
   14353      17.3575
   14354      17.8208
   14355      17.6839
   14356      17.8106
   14357      17.3915
   14358      17.2422
   14359      16.9407
   14360      17.1640
   14361      17.4402
   14362      16.8789
   14363      16.9269
   14364      16.7501
   14365      17.5859
   14366      17.5981
   14367      17.1648
   14368      17.3504
   14369      17.3153
   14370      16.9042
   14371      17.1028
   14372      16.4433
   14373      17.2668
   14374      16.7821
   14375      17.8502
   14376      17.0785
   14377      17.7090
   14378      17.1823
   14379      17.2740
   14380      16.6778
   14381      16.7593
   14382      17.1100
   14383      17.0393
   14384      17.4268
   14385      16.8560
   14386      17.1546
   14387      17.4994
   14388      17.5708
   14389      17.7540
   14390      17.2354
   14391      17.4004
   14392      17.1597
   14393      17.0673
   14394      17.0380
   14395      17.4898
   14396      16.9566
   14397      17.1950
   14398      17.2785
   14399      16.6665
   14400      17.3341
   14401      16.3708
   14402      17.0940
   14403      17.0606
   14404      16.7789
   14405      16.9793
   14406      17.0563
   14407      16.9658
   14408      17.1290
   14409      16.6300
   14410      16.5582
   14411      16.7302
   14412      16.3079
   14413      17.3750
   14414      16.7920
   14415      17.1837
   14416      17.1436
   14417      17.4338
   14418      16.7600
   14419      16.9088
   14420      17.0395
   14421      16.3604
   14422      17.1836
   14423      16.5908
   14424      17.2942
   14425      16.9869
   14426      17.1041
   14427      17.4023
   14428      17.4933
   14429      17.1674
   14430      17.1314
   14431      17.3347
   14432      17.0979
   14433      17.3156
   14434      16.8942
   14435      17.7289
   14436      17.3689
   14437      17.1316
   14438      17.6002
   14439      16.9134
   14440      17.2623
   14441      16.6407
   14442      17.1627
   14443      16.8520
   14444      16.6951
   14445      17.4915
   14446      16.6589
   14447      17.0361
   14448      16.5356
   14449      17.4166
   14450      16.6961
   14451      17.2630
   14452      16.2636
   14453      16.4064
   14454      16.2640
   14455      16.7572
   14456      16.9087
   14457      16.6495
   14458      16.5656
   14459      16.2638
   14460      17.3492
   14461      17.5408
   14462      17.2717
   14463      16.8327
   14464      16.5972
   14465      16.9836
   14466      17.0707
   14467      16.9424
   14468      17.5166
   14469      17.1851
   14470      16.9560
   14471      17.3704
   14472      17.5519
   14473      17.6580
   14474      17.3975
   14475      17.1364
   14476      17.8934
   14477      18.1332
   14478      17.9182
   14479      17.6794
   14480      17.3102
   14481      18.2711
   14482      17.5712
   14483      17.6656
   14484      17.5279
   14485      17.7621
   14486      17.5901
   14487      16.7353
   14488      17.3891
   14489      17.5425
   14490      17.1982
   14491      17.4152
   14492      17.2314
   14493      16.8466
   14494      17.7749
   14495      18.2032
   14496      17.3269
   14497      17.5264
   14498      17.5687
   14499      17.2429
   14500      16.6472
   14501      17.3288
   14502      17.5315
   14503      17.1072
   14504      17.1095
   14505      17.9454
   14506      17.3594
   14507      17.6381
   14508      17.3921
   14509      17.0079
   14510      17.4056
   14511      16.8363
   14512      17.5371
   14513      17.5324
   14514      17.2039
   14515      17.2939
   14516      17.1790
   14517      17.1242
   14518      17.7280
   14519      17.4575
   14520      17.3213
   14521      16.9851
   14522      16.9295
   14523      16.5776
   14524      17.1436
   14525      17.3085
   14526      17.5636
   14527      17.1639
   14528      17.1032
   14529      17.4620
   14530      17.2736
   14531      17.5969
   14532      17.8980
   14533      16.8461
   14534      16.7101
   14535      17.6077
   14536      17.0804
   14537      17.2945
   14538      16.8677
   14539      17.4486
   14540      17.1390
   14541      17.0738
   14542      17.7003
   14543      17.4595
   14544      17.4131
   14545      16.6864
   14546      17.0739
   14547      16.9904
   14548      17.3086
   14549      16.7278
   14550      17.1479
   14551      17.9571
   14552      17.9817
   14553      18.5572
   14554      17.6118
   14555      17.6456
   14556      18.3874
   14557      17.8522
   14558      18.0007
   14559      17.7307
   14560      16.8640
   14561      17.0522
   14562      16.5615
   14563      16.9801
   14564      17.0152
   14565      17.6593
   14566      16.5516
   14567      16.9932
   14568      16.5451
   14569      16.6282
   14570      16.8648
   14571      16.7636
   14572      16.9580
   14573      16.0414
   14574      16.9106
   14575      16.9273
   14576      16.7424
   14577      17.3476
   14578      16.9531
   14579      16.9890
   14580      17.1610
   14581      17.0308
   14582      17.4725
   14583      16.1850
   14584      16.6947
   14585      16.7385
   14586      16.4983
   14587      16.8176
   14588      16.9750
   14589      16.9775
   14590      17.4210
   14591      17.1817
   14592      16.9559
   14593      17.3981
   14594      17.2261
   14595      17.3859
   14596      16.7513
   14597      17.3836
   14598      16.9492
   14599      16.7127
   14600      16.9639
   14601      16.7043
   14602      16.9030
   14603      17.4025
   14604      16.5643
   14605      16.8692
   14606      17.2995
   14607      17.3817
   14608      16.9675
   14609      16.7477
   14610      17.3832
   14611      17.0371
   14612      16.8340
   14613      16.5439
   14614      16.6590
   14615      16.4741
   14616      16.8670
   14617      17.7242
   14618      17.9488
   14619      17.4323
   14620      17.5615
   14621      16.5100
   14622      17.1763
   14623      17.6552
   14624      17.0705
   14625      17.3182
   14626      16.5433
   14627      16.7403
   14628      16.7429
   14629      16.7253
   14630      17.3577
   14631      17.2040
   14632      17.1632
   14633      16.7743
   14634      16.9820
   14635      16.8605
   14636      16.7809
   14637      16.8934
   14638      16.8624
   14639      17.3245
   14640      17.0826
   14641      16.9363
   14642      17.4988
   14643      17.7045
   14644      17.3417
   14645      16.9950
   14646      16.8437
   14647      18.1040
   14648      17.8215
   14649      18.0543
   14650      17.7557
   14651      17.0261
   14652      17.1402
   14653      16.9462
   14654      16.9767
   14655      16.7442
   14656      16.6772
   14657      16.8303
   14658      16.8630
   14659      17.0667
   14660      16.9021
   14661      17.1392
   14662      17.0139
   14663      17.5736
   14664      17.2871
   14665      17.1111
   14666      17.1353
   14667      16.7959
   14668      16.8975
   14669      16.4223
   14670      17.5361
   14671      18.1511
   14672      17.0566
   14673      16.6572
   14674      17.1335
   14675      17.2236
   14676      16.6663
   14677      16.8508
   14678      16.3835
   14679      16.6335
   14680      16.5136
   14681      15.9328
   14682      16.2702
   14683      16.9639
   14684      16.4172
   14685      16.9711
   14686      17.2008
   14687      16.8191
   14688      16.4207
   14689      17.0240
   14690      16.9282
   14691      16.8741
   14692      16.7917
   14693      16.9485
   14694      16.9180
   14695      16.9063
   14696      16.6789
   14697      16.2559
   14698      16.8936
   14699      16.8115
   14700      16.8931
   14701      16.6164
   14702      17.0426
   14703      16.7095
   14704      16.4937
   14705      16.5087
   14706      16.8706
   14707      16.8067
   14708      16.6785
   14709      16.8815
   14710      16.8323
   14711      17.1401
   14712      16.7152
   14713      16.3185
   14714      17.2062
   14715      16.7843
   14716      17.4762
   14717      17.4350
   14718      17.7135
   14719      16.8025
   14720      16.8073
   14721      16.8928
   14722      16.5901
   14723      16.5400
   14724      16.9479
   14725      17.7601
   14726      17.5483
   14727      17.1640
   14728      17.2617
   14729      17.2283
   14730      17.4446
   14731      17.5523
   14732      17.5834
   14733      17.1232
   14734      17.3551
   14735      17.1128
   14736      16.9980
   14737      16.5872
   14738      16.7897
   14739      16.4962
   14740      16.6193
   14741      16.4066
   14742      15.9748
   14743      16.8666
   14744      17.2129
   14745      17.4472
   14746      16.7385
   14747      17.0356
   14748      17.2941
   14749      17.5067
   14750      18.4476
   14751      17.9450
   14752      17.5921
   14753      17.1810
   14754      17.2118
   14755      16.7232
   14756      17.3583
   14757      17.2828
   14758      17.2478
   14759      17.3387
   14760      17.2497
   14761      17.4000
   14762      16.8623
   14763      17.4611
   14764      16.7219
   14765      16.0845
   14766      16.7950
   14767      16.5514
   14768      16.9282
   14769      16.9937
   14770      17.0426
   14771      17.1758
   14772      16.8237
   14773      17.5386
   14774      16.7683
   14775      18.0019
   14776      17.7505
   14777      18.0167
   14778      17.4941
   14779      17.1661
   14780      16.7436
   14781      16.6081
   14782      16.4876
   14783      16.3406
   14784      16.5202
   14785      16.6942
   14786      16.8185
   14787      17.4108
   14788      16.8639
   14789      17.4077
   14790      17.4299
   14791      16.8925
   14792      16.9895
   14793      17.3482
   14794      16.6829
   14795      17.7642
   14796      17.7094
   14797      17.3524
   14798      18.1258
   14799      17.6045
   14800      16.9648
   14801      16.7788
   14802      16.9472
   14803      17.5905
   14804      17.6276
   14805      17.2427
   14806      17.8001
   14807      17.0717
   14808      17.5665
   14809      16.5100
   14810      16.7570
   14811      17.1353
   14812      17.1451
   14813      17.4877
   14814      17.2821
   14815      17.7160
   14816      16.8859
   14817      16.4794
   14818      17.4547
   14819      17.4367
   14820      17.3983
   14821      16.9563
   14822      17.1601
   14823      16.7075
   14824      17.6083
   14825      17.3091
   14826      17.2869
   14827      17.9093
   14828      17.9752
   14829      17.7532
   14830      17.5991
   14831      17.0208
   14832      17.3565
   14833      17.0961
   14834      16.5443
   14835      16.4859
   14836      16.8475
   14837      17.2307
   14838      17.0289
   14839      17.6888
   14840      17.1509
   14841      17.4986
   14842      17.0573
   14843      17.7013
   14844      16.9401
   14845      17.6608
   14846      17.5494
   14847      17.5531
   14848      17.4635
   14849      17.0863
   14850      17.2343
   14851      16.9405
   14852      17.7648
   14853      17.1200
   14854      17.6732
   14855      17.2931
   14856      17.1392
   14857      17.4090
   14858      17.8843
   14859      17.9563
   14860      17.7457
   14861      17.4454
   14862      17.2198
   14863      17.2929
   14864      17.4034
   14865      17.8101
   14866      16.7168
   14867      16.6113
   14868      17.2304
   14869      16.7328
   14870      16.7773
   14871      17.5494
   14872      17.0667
   14873      17.3014
   14874      17.5724
   14875      17.1954
   14876      17.4405
   14877      17.3351
   14878      17.5041
   14879      17.4756
   14880      17.9071
   14881      17.0693
   14882      17.4277
   14883      16.7014
   14884      16.8758
   14885      16.6052
   14886      17.5818
   14887      17.5056
   14888      17.4121
   14889      17.4782
   14890      18.1226
   14891      17.1926
   14892      17.5697
   14893      17.2917
   14894      17.7698
   14895      16.8748
   14896      17.0293
   14897      17.2931
   14898      16.7881
   14899      16.5717
   14900      16.0884
   14901      16.1874
   14902      15.5698
   14903      15.3584
   14904      17.4602
   14905      16.8270
   14906      16.9524
   14907      17.2810
   14908      17.4069
   14909      17.2676
   14910      17.4317
   14911      16.9103
   14912      17.0862
   14913      16.6556
   14914      16.5849
   14915      16.8692
   14916      17.0553
   14917      16.6178
   14918      16.4985
   14919      16.7783
   14920      16.8543
   14921      17.1528
   14922      17.2727
   14923      17.4045
   14924      17.3192
   14925      16.7944
   14926      17.1138
   14927      17.4052
   14928      16.9199
   14929      17.5289
   14930      17.7097
   14931      17.9031
   14932      17.8128
   14933      18.1290
   14934      17.5890
   14935      17.9445
   14936      18.0112
   14937      17.7539
   14938      17.0857
   14939      17.3070
   14940      16.8904
   14941      17.0427
   14942      17.5696
   14943      16.9717
   14944      16.6770
   14945      17.1147
   14946      16.4057
   14947      16.6964
   14948      17.1041
   14949      16.8537
   14950      17.3825
   14951      17.4628
   14952      17.6094
   14953      17.3571
   14954      18.1585
   14955      17.6563
   14956      17.9720
   14957      18.0608
   14958      18.0377
   14959      17.5774
   14960      17.6638
   14961      17.6893
   14962      17.2192
   14963      17.8285
   14964      17.5379
   14965      17.5760
   14966      16.7237
   14967      17.1404
   14968      17.7328
   14969      17.8045
   14970      17.7834
   14971      17.5288
   14972      17.4143
   14973      17.4481
   14974      17.1267
   14975      17.2348
   14976      17.1249
   14977      17.0509
   14978      17.2477
   14979      18.0306
   14980      17.7108
   14981      17.3064
   14982      17.1775
   14983      17.6990
   14984      17.6788
   14985      17.6688
   14986      17.7671
   14987      18.1029
   14988      17.7279
   14989      17.9841
   14990      17.6566
   14991      17.7594
   14992      18.3438
   14993      18.0416
   14994      17.8252
   14995      17.5778
   14996      17.8089
   14997      17.5827
   14998      17.7403
   14999      17.6075
   15000      17.3925
   15001      17.3743
   15002      17.4079
   15003      17.1837
   15004      17.2060
   15005      17.7986
   15006      18.1752
   15007      17.3099
   15008      18.5102
   15009      17.8374
   15010      18.1778
   15011      18.1237
   15012      17.8799
   15013      17.8845
   15014      17.7823
   15015      17.9788
   15016      17.7221
   15017      17.7738
   15018      17.2120
   15019      17.5484
   15020      17.0718
   15021      18.0141
   15022      17.4342
   15023      17.3623
   15024      17.7298
   15025      18.1276
   15026      17.4705
   15027      18.5539
   15028      17.9023
   15029      17.7447
   15030      18.3385
   15031      17.3679
   15032      17.3958
   15033      17.5244
   15034      17.4176
   15035      18.2916
   15036      18.5437
   15037      18.1442
   15038      17.7531
   15039      17.3821
   15040      16.8901
   15041      18.0483
   15042      18.5279
   15043      17.8575
   15044      16.8827
   15045      16.7872
   15046      17.1595
   15047      16.8118
   15048      18.0947
   15049      17.3715
   15050      18.1186
   15051      17.1236
   15052      17.6044
   15053      17.3675
   15054      17.6205
   15055      18.7363
   15056      17.5892
   15057      18.0205
   15058      17.5650
   15059      17.7622
   15060      17.0063
   15061      17.5627
   15062      17.0012
   15063      17.0907
   15064      17.1629
   15065      17.1684
   15066      17.5398
   15067      16.8968
   15068      17.0843
   15069      16.9773
   15070      16.8798
   15071      17.1575
   15072      17.6998
   15073      17.2157
   15074      16.9999
   15075      17.6695
   15076      18.1564
   15077      18.0214
   15078      17.9932
   15079      17.7835
   15080      17.9049
   15081      17.8869
   15082      18.1348
   15083      17.4439
   15084      17.0335
   15085      17.2789
   15086      17.3593
   15087      17.4147
   15088      17.2789
   15089      17.8003
   15090      16.8700
   15091      17.4728
   15092      18.3286
   15093      18.1202
   15094      18.2152
   15095      18.4255
   15096      18.0980
   15097      17.0463
   15098      17.5652
   15099      17.1801
   15100      16.7304
   15101      17.5056
   15102      17.5980
   15103      16.9762
   15104      16.9882
   15105      16.2624
   15106      16.6529
   15107      16.4485
   15108      17.0330
   15109      15.9800
   15110      16.1262
   15111      16.4091
   15112      16.3831
   15113      16.5345
   15114      16.4248
   15115      16.6375
   15116      16.6806
   15117      16.6860
   15118      17.3534
   15119      16.3529
   15120      16.5590
   15121      16.4152
   15122      17.2209
   15123      17.6431
   15124      18.5337
   15125      18.9670
   15126      18.7251
   15127      19.1046
   15128      18.6318
   15129      18.1588
   15130      17.8024
   15131      18.0428
   15132      17.8627
   15133      17.5599
   15134      17.6203
   15135      17.8246
   15136      17.3065
   15137      16.8410
   15138      17.5619
   15139      16.8579
   15140      17.0962
   15141      17.2587
   15142      17.5855
   15143      17.6559
   15144      18.1447
   15145      17.8252
   15146      17.5310
   15147      18.1168
   15148      18.0696
   15149      18.4032
   15150      17.8344
   15151      18.5679
   15152      18.7780
   15153      19.3325
   15154      18.1515
   15155      17.6982
   15156      17.8808
   15157      17.8570
   15158      17.9208
   15159      17.6260
   15160      18.4470
   15161      17.9678
   15162      17.3109
   15163      18.0611
   15164      17.4816
   15165      17.6816
   15166      17.3504
   15167      17.5401
   15168      16.7910
   15169      17.2487
   15170      17.8588
   15171      18.2715
   15172      18.5085
   15173      18.2784
   15174      17.8330
   15175      17.6829
   15176      17.6532
   15177      17.5188
   15178      17.5189
   15179      17.8906
   15180      16.6344
   15181      17.4735
   15182      17.2765
   15183      18.1005
   15184      17.8695
   15185      16.6278
   15186      17.3511
   15187      17.7294
   15188      18.2483
   15189      17.3608
   15190      16.7093
   15191      17.5182
   15192      17.0881
   15193      17.1121
   15194      17.2007
   15195      17.8001
   15196      17.4738
   15197      16.7460
   15198      16.3408
   15199      17.7142
   15200      17.9564
   15201      17.5228
   15202      17.6152
   15203      17.3558
   15204      17.4754
   15205      17.6695
   15206      18.0633
   15207      17.5571
   15208      17.6973
   15209      18.2641
   15210      17.7953
   15211      18.0770
   15212      17.4097
   15213      17.7045
   15214      17.3937
   15215      17.9947
   15216      17.2798
   15217      17.6984
   15218      17.6369
   15219      16.8867
   15220      17.0460
   15221      17.6963
   15222      17.7768
   15223      17.7401
   15224      18.2589
   15225      17.1398
   15226      17.2002
   15227      17.9723
   15228      18.2566
   15229      18.6663
   15230      17.8465
   15231      17.7809
   15232      17.6740
   15233      17.2278
   15234      17.2817
   15235      16.8648
   15236      17.5238
   15237      18.1007
   15238      17.6565
   15239      17.6537
   15240      16.9687
   15241      17.1424
   15242      17.3141
   15243      17.2977
   15244      17.5145
   15245      17.1573
   15246      16.9145
   15247      18.2266
   15248      17.4602
   15249      18.4868
   15250      17.8802
   15251      17.7865
   15252      17.5925
   15253      17.1687
   15254      17.4138
   15255      17.1758
   15256      17.5927
   15257      17.7151
   15258      17.4683
   15259      16.9255
   15260      17.5030
   15261      17.6113
   15262      17.7035
   15263      17.6239
   15264      18.2410
   15265      17.5807
   15266      17.4786
   15267      18.1170
   15268      17.5404
   15269      17.1672
   15270      16.9864
   15271      17.6744
   15272      17.3563
   15273      17.0768
   15274      16.9711
   15275      17.4197
   15276      17.0666
   15277      17.0122
   15278      17.0156
   15279      17.3356
   15280      17.6387
   15281      17.7308
   15282      17.5005
   15283      17.3443
   15284      17.2686
   15285      16.1296
   15286      16.0835
   15287      17.7349
   15288      17.3074
   15289      17.3403
   15290      17.4075
   15291      17.8803
   15292      17.7772
   15293      17.6105
   15294      18.1692
   15295      17.4123
   15296      18.1617
   15297      17.2295
   15298      17.6665
   15299      17.2567
   15300      16.7974
   15301      17.5849
   15302      17.7054
   15303      17.0351
   15304      16.5584
   15305      16.9813
   15306      16.7943
   15307      16.8128
   15308      17.0443
   15309      16.5842
   15310      16.6981
   15311      16.3965
   15312      17.0428
   15313      17.3159
   15314      17.5515
   15315      17.0412
   15316      17.0613
   15317      17.0593
   15318      16.5670
   15319      17.0456
   15320      16.9185
   15321      16.9660
   15322      16.9282
   15323      16.5589
   15324      17.3703
   15325      16.7235
   15326      16.2020
   15327      16.7649
   15328      16.2941
   15329      16.1055
   15330      15.8493
   15331      16.4765
   15332      16.2029
   15333      16.0857
   15334      15.8273
   15335      17.1097
   15336      17.0044
   15337      16.9223
   15338      16.5265
   15339      16.7185
   15340      16.6241
   15341      16.9509
   15342      17.3676
   15343      17.4884
   15344      17.3422
   15345      17.2099
   15346      16.8130
   15347      16.7594
   15348      16.9720
   15349      17.3632
   15350      16.9908
   15351      16.8231
   15352      16.5124
   15353      16.8667
   15354      16.4335
   15355      15.9934
   15356      16.1637
   15357      16.3755
   15358      16.4031
   15359      16.3115
   15360      16.6454
   15361      16.5004
   15362      16.2509
   15363      16.4742
   15364      16.5499
   15365      16.3297
   15366      16.7506
   15367      16.9263
   15368      16.4933
   15369      16.3980
   15370      17.1297
   15371      16.3954
   15372      16.6958
   15373      16.5933
   15374      16.1907
   15375      16.5478
   15376      16.9726
   15377      17.2991
   15378      16.3547
   15379      16.7294
   15380      17.0029
   15381      16.8580
   15382      17.2838
   15383      17.0393
   15384      16.8255
   15385      16.8769
   15386      16.5356
   15387      16.4822
   15388      16.0504
   15389      16.5704
   15390      17.0802
   15391      17.0474
   15392      16.5739
   15393      17.6079
   15394      16.9940
   15395      16.3338
   15396      15.9492
   15397      15.7547
   15398      16.1414
   15399      16.7729
   15400      16.3988
   15401      16.8633
   15402      16.3011
   15403      16.2695
   15404      16.5434
   15405      15.9868
   15406      16.4455
   15407      16.5829
   15408      17.4074
   15409      16.4361
   15410      16.7292
   15411      17.0288
   15412      16.0810
   15413      16.7895
   15414      16.0287
   15415      17.2110
   15416      16.4209
   15417      16.5050
   15418      15.3511
   15419      15.7164
   15420      15.8731
   15421      16.2739
   15422      15.8370
   15423      17.0806
   15424      16.9652
   15425      17.0358
   15426      16.8156
   15427      17.5536
   15428      17.4551
   15429      17.3325
   15430      17.6019
   15431      17.4823
   15432      16.8059
   15433      16.9257
   15434      16.7171
   15435      16.5307
   15436      16.9411
   15437      16.9994
   15438      17.1680
   15439      17.1593
   15440      16.3399
   15441      17.8265
   15442      17.2379
   15443      16.6438
   15444      16.9350
   15445      16.9409
   15446      16.4255
   15447      16.6995
   15448      15.9191
   15449      15.5899
   15450      15.8773
   15451      15.6436
   15452      16.3730
   15453      16.8043
   15454      16.2214
   15455      15.4516
   15456      16.1466
   15457      16.3861
   15458      16.3463
   15459      16.3466
   15460      16.3773
   15461      16.4078
   15462      16.5170
   15463      15.6064
   15464      15.6290
   15465      16.7014
   15466      16.5173
   15467      17.3806
   15468      16.9243
   15469      16.9380
   15470      17.1164
   15471      16.8739
   15472      16.2272
   15473      16.9655
   15474      17.0710
   15475      17.1625
   15476      16.9463
   15477      17.0941
   15478      17.0970
   15479      17.0613
   15480      17.1107
   15481      16.6460
   15482      16.9814
   15483      17.0733
   15484      16.3874
   15485      16.5661
   15486      16.1899
   15487      16.6715
   15488      16.0625
   15489      16.9769
   15490      16.4935
   15491      17.7536
   15492      16.4121
   15493      16.4713
   15494      16.4993
   15495      16.6867
   15496      16.6500
   15497      16.9407
   15498      17.0194
   15499      16.8495
   15500      16.7570
   15501      17.0186
   15502      16.3218
   15503      17.7554
   15504      16.7604
   15505      17.1266
   15506      17.0159
   15507      17.3047
   15508      17.6928
   15509      16.9194
   15510      17.1534
   15511      17.0242
   15512      17.1165
   15513      17.6863
   15514      17.4712
   15515      17.4524
   15516      17.2686
   15517      16.7669
   15518      17.1509
   15519      17.0558
   15520      17.3029
   15521      17.2541
   15522      16.8118
   15523      17.2605
   15524      18.3334
   15525      16.9236
   15526      17.5836
   15527      16.3115
   15528      17.4383
   15529      17.3929
   15530      16.7952
   15531      16.3870
   15532      17.0166
   15533      16.8472
   15534      16.6924
   15535      16.8267
   15536      17.1288
   15537      16.4361
   15538      16.0825
   15539      16.4276
   15540      16.6689
   15541      16.6510
   15542      15.9704
   15543      16.9215
   15544      17.1599
   15545      16.7285
   15546      16.7767
   15547      16.0301
   15548      16.6946
   15549      16.8863
   15550      16.8749
   15551      16.1911
   15552      16.4125
   15553      16.4258
   15554      16.4365
   15555      16.4580
   15556      16.9077
   15557      17.4022
   15558      16.5543
   15559      16.6464
   15560      16.6529
   15561      16.9723
   15562      16.4842
   15563      17.0328
   15564      16.1234
   15565      15.5814
   15566      15.7843
   15567      16.0361
   15568      16.2242
   15569      16.4341
   15570      16.1998
   15571      17.2738
   15572      17.2058
   15573      16.7821
   15574      16.3213
   15575      16.3011
   15576      16.7064
   15577      16.6776
   15578      16.3707
   15579      16.3759
   15580      16.7579
   15581      16.5420
   15582      16.3007
   15583      17.4793
   15584      17.6658
   15585      17.2338
   15586      16.8134
   15587      17.4170
   15588      17.0054
   15589      17.2641
   15590      17.7725
   15591      17.6471
   15592      17.6467
   15593      17.3987
   15594      17.0578
   15595      18.0114
   15596      17.2482
   15597      16.8802
   15598      17.7768
   15599      17.5197
   15600      17.6438
   15601      17.8501
   15602      17.7510
   15603      16.9837
   15604      17.4335
   15605      16.9797
   15606      17.1376
   15607      17.4921
   15608      16.9086
   15609      17.2371
   15610      18.0679
   15611      17.3452
   15612      17.5840
   15613      17.5346
   15614      17.4616
   15615      17.5215
   15616      17.8148
   15617      17.8855
   15618      17.5661
   15619      17.5758
   15620      17.7675
   15621      17.5416
   15622      17.0122
   15623      17.1114
   15624      17.5265
   15625      17.6431
   15626      17.1499
   15627      17.1632
   15628      17.4835
   15629      16.8342
   15630      17.3884
   15631      16.9624
   15632      16.9258
   15633      17.5630
   15634      17.5132
   15635      17.5072
   15636      17.5021
   15637      17.2237
   15638      17.6943
   15639      17.6340
   15640      17.8059
   15641      17.5859
   15642      17.5940
   15643      17.2975
   15644      17.1539
   15645      17.6281
   15646      16.9543
   15647      17.3518
   15648      17.2181
   15649      17.1405
   15650      17.2874
   15651      16.9145
   15652      17.6595
   15653      17.9887
   15654      17.3887
   15655      16.5528
   15656      17.5341
   15657      17.3958
   15658      17.3254
   15659      17.0648
   15660      17.5910
   15661      17.3176
   15662      17.5539
   15663      17.5145
   15664      17.9792
   15665      17.3938
   15666      17.1791
   15667      16.8356
   15668      17.0418
   15669      16.5862
   15670      17.8407
   15671      17.6902
   15672      17.4970
   15673      17.5794
   15674      17.7245
   15675      17.9610
   15676      17.6433
   15677      17.5714
   15678      17.9410
   15679      17.4861
   15680      17.3876
   15681      17.4993
   15682      17.4052
   15683      17.3610
   15684      17.7121
   15685      17.6364
   15686      17.5671
   15687      16.7805
   15688      17.7537
   15689      17.7393
   15690      17.5510
   15691      17.3298
   15692      17.1428
   15693      17.2266
   15694      17.1554
   15695      16.6354
   15696      16.9256
   15697      16.7992
   15698      16.5208
   15699      17.0690
   15700      17.4018
   15701      16.7134
   15702      16.5321
   15703      16.4046
   15704      16.9011
   15705      17.0786
   15706      16.8267
   15707      16.6342
   15708      17.0336
   15709      16.6807
   15710      17.1623
   15711      17.1148
   15712      17.3424
   15713      16.6112
   15714      16.8636
   15715      16.2646
   15716      16.4937
   15717      16.3640
   15718      16.8305
   15719      17.4521
   15720      16.4973
   15721      16.8937
   15722      16.5267
   15723      16.5155
   15724      16.3893
   15725      16.7849
   15726      16.7531
   15727      16.4733
   15728      16.5186
   15729      16.9402
   15730      16.3266
   15731      17.2254
   15732      16.9504
   15733      17.4529
   15734      17.5576
   15735      17.3577
   15736      16.8559
   15737      17.1038
   15738      16.3422
   15739      16.5870
   15740      16.7528
   15741      16.7344
   15742      15.5584
   15743      15.5978
   15744      16.2567
   15745      16.5042
   15746      15.9023
   15747      16.4940
   15748      16.2731
   15749      17.3210
   15750      16.3184
   15751      16.2469
   15752      16.7055
   15753      17.3765
   15754      17.4538
   15755      16.6959
   15756      16.7271
   15757      17.0946
   15758      16.5767
   15759      16.6666
   15760      16.2334
   15761      15.9811
   15762      16.3875
   15763      16.3525
   15764      16.6358
   15765      15.9798
   15766      16.5718
   15767      16.6433
   15768      16.8763
   15769      16.7857
   15770      17.1569
   15771      16.3115
   15772      16.4367
   15773      16.2662
   15774      16.5065
   15775      16.0327
   15776      16.1387
   15777      16.5675
   15778      17.1218
   15779      17.3203
   15780      16.5110
   15781      16.2311
   15782      16.3714
   15783      16.2681
   15784      16.8077
   15785      16.8826
   15786      16.8922
   15787      16.3150
   15788      16.7938
   15789      16.4514
   15790      16.6797
   15791      16.7511
   15792      16.2498
   15793      16.0761
   15794      17.1554
   15795      16.7830
   15796      16.8830
   15797      17.1485
   15798      17.1246
   15799      17.3910
   15800      16.7782
   15801      16.8944
   15802      17.0334
   15803      16.4236
   15804      16.8737
   15805      16.3130
   15806      16.1932
   15807      16.2652
   15808      17.0206
   15809      16.6936
   15810      16.6558
   15811      16.3587
   15812      16.5299
   15813      16.5784
   15814      16.4457
   15815      16.4344
   15816      16.4606
   15817      16.1432
   15818      15.7347
   15819      16.6912
   15820      16.1506
   15821      16.6898
   15822      17.0803
   15823      16.8791
   15824      16.1017
   15825      16.5916
   15826      16.3490
   15827      15.8171
   15828      16.4587
   15829      16.1694
   15830      16.5108
   15831      16.7126
   15832      16.7597
   15833      16.8654
   15834      16.8092
   15835      16.8323
   15836      16.6346
   15837      16.5076
   15838      16.9021
   15839      16.7520
   15840      15.3949
   15841      16.8531
   15842      16.3068
   15843      16.1530
   15844      17.0841
   15845      16.5966
   15846      16.0517
   15847      16.4726
   15848      16.7465
   15849      17.5144
   15850      18.2671
   15851      17.9472
   15852      17.8541
   15853      17.7163
   15854      18.0331
   15855      18.3068
   15856      17.6881
   15857      17.4477
   15858      17.1315
   15859      17.4494
   15860      17.0955
   15861      16.9660
   15862      17.3171
   15863      17.1726
   15864      17.4930
   15865      16.7378
   15866      17.1744
   15867      17.2359
   15868      17.2138
   15869      16.9422
   15870      16.8151
   15871      17.1124
   15872      17.3388
   15873      17.3486
   15874      17.1748
   15875      16.9898
   15876      16.6524
   15877      16.4471
   15878      16.8886
   15879      17.2149
   15880      16.8180
   15881      16.9905
   15882      16.5710
   15883      16.4597
   15884      16.7708
   15885      16.4953
   15886      16.6825
   15887      16.9318
   15888      17.2529
   15889      16.9274
   15890      16.5449
   15891      17.0933
   15892      16.8063
   15893      16.6202
   15894      16.5601
   15895      16.1590
   15896      15.6643
   15897      15.9066
   15898      15.8314
   15899      16.7458
   15900      16.9766
   15901      17.2834
   15902      17.2742
   15903      17.4084
   15904      17.5291
   15905      17.0850
   15906      16.9328
   15907      16.2706
   15908      16.5833
   15909      16.7100
   15910      17.0500
   15911      16.6529
   15912      16.9370
   15913      16.9929
   15914      16.5188
   15915      17.2159
   15916      16.7890
   15917      17.3692
   15918      16.6881
   15919      16.6936
   15920      16.5850
   15921      16.7413
   15922      17.2579
   15923      16.5129
   15924      16.8614
   15925      17.3853
   15926      16.8006
   15927      17.1472
   15928      16.6163
   15929      16.5574
   15930      16.9345
   15931      16.7492
   15932      17.3070
   15933      17.0785
   15934      17.5632
   15935      16.5629
   15936      16.0624
   15937      16.5269
   15938      16.6841
   15939      17.8775
   15940      16.9187
   15941      16.9077
   15942      16.8034
   15943      16.8936
   15944      16.9532
   15945      16.1717
   15946      16.8873
   15947      16.4245
   15948      17.1502
   15949      17.0244
   15950      16.5446
   15951      17.1479
   15952      16.9026
   15953      17.2153
   15954      16.6534
   15955      16.6171
   15956      16.3760
   15957      17.7054
   15958      16.8682
   15959      16.9011
   15960      17.1352
   15961      16.9509
   15962      16.7456
   15963      17.0542
   15964      16.4644
   15965      17.2626
   15966      16.9985
   15967      17.0482
   15968      17.1364
   15969      17.4060
   15970      17.0377
   15971      15.7322
   15972      16.2807
   15973      16.4086
   15974      16.3823
   15975      15.5553
   15976      16.5484
   15977      16.5228
   15978      16.6858
   15979      16.6894
   15980      16.4916
   15981      16.6593
   15982      17.0113
   15983      17.4900
   15984      16.8694
   15985      16.3655
   15986      16.4861
   15987      16.9462
   15988      16.9982
   15989      16.2795
   15990      16.3356
   15991      17.2974
   15992      17.8485
   15993      16.8188
   15994      17.3231
   15995      17.0503
   15996      17.1302
   15997      17.0084
   15998      16.3830
   15999      16.7044
   16000      16.5144
   16001      16.6041
   16002      16.7939
   16003      16.5356
   16004      17.2252
   16005      16.8913
   16006      16.8303
   16007      16.9193
   16008      17.1743
   16009      17.6573
   16010      17.0253
   16011      17.1512
   16012      16.0223
   16013      16.9270
   16014      16.6610
   16015      16.5430
   16016      16.3192
   16017      16.7155
   16018      16.8861
   16019      17.2708
   16020      17.2264
   16021      17.0884
   16022      17.1382
   16023      17.7315
   16024      16.8560
   16025      16.7530
   16026      17.3843
   16027      17.2488
   16028      16.7743
   16029      16.1633
   16030      17.0455
   16031      16.8587
   16032      16.9960
   16033      17.1831
   16034      16.9534
   16035      16.9169
   16036      16.7314
   16037      15.9111
   16038      17.1691
   16039      16.5874
   16040      16.8210
   16041      16.6384
   16042      17.2898
   16043      17.2565
   16044      17.5533
   16045      17.4619
   16046      17.9413
   16047      17.3277
   16048      16.7248
   16049      17.2683
   16050      16.8485
   16051      17.0249
   16052      17.5682
   16053      17.1375
   16054      17.2444
   16055      17.0539
   16056      17.2444
   16057      17.4938
   16058      17.6856
   16059      16.8857
   16060      17.2428
   16061      17.2269
   16062      17.0713
   16063      17.6802
   16064      18.0013
   16065      17.8172
   16066      17.8141
   16067      17.5056
   16068      17.0805
   16069      16.5570
   16070      17.3069
   16071      17.4586
   16072      17.8478
   16073      17.0400
   16074      17.1996
   16075      17.8079
   16076      16.6389
   16077      16.8108
   16078      17.0913
   16079      17.3956
   16080      17.5426
   16081      17.3162
   16082      17.1122
   16083      16.8197
   16084      16.5198
   16085      16.9374
   16086      16.8544
   16087      16.4335
   16088      16.7541
   16089      17.0343
   16090      16.8433
   16091      16.6577
   16092      17.0993
   16093      16.8166
   16094      17.5908
   16095      16.8450
   16096      17.3367
   16097      17.4002
   16098      16.8927
   16099      17.0371
   16100      17.0125
   16101      16.9111
   16102      17.2950
   16103      17.2429
   16104      16.7114
   16105      16.7024
   16106      17.0064
   16107      16.6708
   16108      16.1322
   16109      16.4334
   16110      16.3127
   16111      15.9849
   16112      16.5543
   16113      17.1266
   16114      16.9825
   16115      17.3025
   16116      17.1449
   16117      17.4823
   16118      17.1588
   16119      17.1052
   16120      17.7278
   16121      17.1350
   16122      17.0386
   16123      15.9689
   16124      16.8662
   16125      16.2912
   16126      17.3207
   16127      17.1936
   16128      17.4307
   16129      16.8571
   16130      16.8625
   16131      17.7284
   16132      17.2854
   16133      17.7845
   16134      18.0737
   16135      17.5680
   16136      17.6332
   16137      17.5214
   16138      17.5127
   16139      18.0347
   16140      17.3212
   16141      17.3418
   16142      17.7908
   16143      17.7518
   16144      17.5424
   16145      17.4633
   16146      17.8381
   16147      16.8096
   16148      16.9122
   16149      17.6561
   16150      17.8422
   16151      16.7020
   16152      17.1897
   16153      17.2190
   16154      17.5489
   16155      17.2252
   16156      17.1146
   16157      16.8087
   16158      17.0183
   16159      16.6449
   16160      16.8065
   16161      17.2676
   16162      17.1495
   16163      17.0027
   16164      17.7955
   16165      17.4473
   16166      16.9128
   16167      17.6948
   16168      17.2571
   16169      16.9955
   16170      16.2351
   16171      16.1902
   16172      15.7265
   16173      15.9241
   16174      15.5864
   16175      16.1442
   16176      16.2257
   16177      16.5530
   16178      16.8244
   16179      17.0040
   16180      17.2981
   16181      16.8419
   16182      17.2226
   16183      16.7244
   16184      17.3445
   16185      17.3880
   16186      17.3501
   16187      16.9276
   16188      16.3905
   16189      16.0740
   16190      16.6652
   16191      17.1971
   16192      17.0076
   16193      16.8471
   16194      17.3529
   16195      16.9652
   16196      16.7759
   16197      16.2813
   16198      16.7875
   16199      17.2229
   16200      17.2632
   16201      16.3531
   16202      16.7075
   16203      17.0108
   16204      16.7553
   16205      16.4717
   16206      16.5105
   16207      16.7543
   16208      17.1354
   16209      17.3732
   16210      16.8913
   16211      16.6917
   16212      17.0582
   16213      16.0435
   16214      16.2288
   16215      16.5536
   16216      16.8640
   16217      15.9486
   16218      16.3753
   16219      16.1483
   16220      16.0583
   16221      16.3261
   16222      16.1228
   16223      16.4390
   16224      16.5814
   16225      16.4878
   16226      16.3457
   16227      15.9216
   16228      16.8277
   16229      17.2127
   16230      17.2941
   16231      17.1713
   16232      16.8839
   16233      16.6970
   16234      17.0178
   16235      16.9600
   16236      17.4707
   16237      17.0088
   16238      16.9277
   16239      16.8068
   16240      16.4543
   16241      17.1365
   16242      16.4746
   16243      16.9687
   16244      17.3297
   16245      17.4248
   16246      17.1370
   16247      17.0803
   16248      16.8306
   16249      16.6464
   16250      17.3957
   16251      16.9482
   16252      16.7506
   16253      16.1506
   16254      16.6822
   16255      16.3447
   16256      16.4294
   16257      16.8116
   16258      16.2081
   16259      16.6029
   16260      17.2618
   16261      17.2493
   16262      17.6522
   16263      17.6498
   16264      16.6233
   16265      17.1909
   16266      16.6893
   16267      17.1755
   16268      17.6552
   16269      17.6286
   16270      18.1060
   16271      17.7158
   16272      18.0564
   16273      17.6463
   16274      17.6680
   16275      17.7724
   16276      17.8178
   16277      17.4754
   16278      17.3441
   16279      17.2955
   16280      17.2434
   16281      17.9417
   16282      17.2608
   16283      17.7168
   16284      18.1276
   16285      17.7056
   16286      17.0565
   16287      17.2593
   16288      16.8413
   16289      16.8206
   16290      16.4796
   16291      17.1540
   16292      17.6547
   16293      17.8036
   16294      17.0817
   16295      16.0235
   16296      16.4760
   16297      16.3147
   16298      16.4027
   16299      16.5265
   16300      16.5676
   16301      16.5926
   16302      16.8988
   16303      17.0379
   16304      16.6124
   16305      16.6975
   16306      17.8577
   16307      17.8123
   16308      17.7759
   16309      17.2325
   16310      17.1911
   16311      17.7935
   16312      17.0765
   16313      17.2742
   16314      16.2951
   16315      16.7173
   16316      17.5205
   16317      16.9780
   16318      16.6595
   16319      17.2628
   16320      17.0571
   16321      17.4839
   16322      17.1553
   16323      17.0762
   16324      17.1985
   16325      17.0072
   16326      16.6644
   16327      16.8126
   16328      17.0543
   16329      17.6746
   16330      17.1566
   16331      17.0416
   16332      16.2315
   16333      16.9111
   16334      17.1221
   16335      17.5020
   16336      17.3674
   16337      18.5677
   16338      17.8232
   16339      17.9306
   16340      17.8244
   16341      17.6241
   16342      16.9360
   16343      17.4904
   16344      16.9371
   16345      17.8524
   16346      16.9831
   16347      15.6231
   16348      16.9495
   16349      16.4732
   16350      16.5388
   16351      16.2385
   16352      15.2894
   16353      16.0750
   16354      16.3754
   16355      16.0145
   16356      15.7837
   16357      16.3629
   16358      16.4277
   16359      16.6862
   16360      17.2461
   16361      17.0246
   16362      17.3236
   16363      17.2008
   16364      16.7238
   16365      16.6860
   16366      16.2470
   16367      16.6198
   16368      16.1398
   16369      16.6952
   16370      16.7356
   16371      17.1137
   16372      17.6074
   16373      16.6471
   16374      16.6674
   16375      16.5157
   16376      16.4761
   16377      16.2831
   16378      16.6423
   16379      16.9297
   16380      17.0717
   16381      16.9633
   16382      16.8194
   16383      16.5500
   16384      16.7217
   16385      16.3211
   16386      16.0242
   16387      17.1020
   16388      17.3697
   16389      17.3956
   16390      16.6136
   16391      16.9158
   16392      15.7110
   16393      15.9391
   16394      16.1920
   16395      16.1379
   16396      16.0204
   16397      16.7735
   16398      16.5167
   16399      16.3922
   16400      16.9325
   16401      16.5981
   16402      16.8223
   16403      16.8109
   16404      16.8309
   16405      16.5478
   16406      16.8219
   16407      16.4587
   16408      16.4121
   16409      16.0312
   16410      17.1942
   16411      17.5611
   16412      17.0763
   16413      16.7529
   16414      17.0055
   16415      17.0998
   16416      17.4273
   16417      17.2483
   16418      17.5294
   16419      16.8965
   16420      16.9977
   16421      16.5307
   16422      16.8052
   16423      16.6199
   16424      17.2165
   16425      16.9732
   16426      17.1804
   16427      17.4298
   16428      17.1402
   16429      17.2139
   16430      16.9402
   16431      16.8593
   16432      17.0539
   16433      17.4297
   16434      16.7273
   16435      17.0114
   16436      17.2658
   16437      17.4998
   16438      17.1522
   16439      17.2331
   16440      16.5476
   16441      16.9435
   16442      17.2685
   16443      17.1379
   16444      17.1800
   16445      17.5805
   16446      17.2805
   16447      16.9212
   16448      17.0489
   16449      17.7342
   16450      17.7871
   16451      17.4667
   16452      16.8638
   16453      17.4186
   16454      17.0494
   16455      17.2190
   16456      17.2941
   16457      17.5797
   16458      16.6263
   16459      16.5386
   16460      16.6672
   16461      17.1886
   16462      17.0779
   16463      16.9920
   16464      17.1379
   16465      17.1636
   16466      17.1562
   16467      16.4447
   16468      16.9993
   16469      16.2690
   16470      16.3443
   16471      15.9861
   16472      16.6610
   16473      16.4129
   16474      17.2000
   16475      16.7015
   16476      16.1587
   16477      16.6614
   16478      16.9551
   16479      16.8154
   16480      16.4875
   16481      17.2429
   16482      16.6895
   16483      16.7603
   16484      16.8871
   16485      16.6594
   16486      17.3747
   16487      17.3686
   16488      17.0913
   16489      16.2404
   16490      16.1076
   16491      15.8276
   16492      15.8044
   16493      16.8197
   16494      16.3482
   16495      15.5040
   16496      16.8594
   16497      16.2571
   16498      16.0449
   16499      15.8880
   16500      15.6750
   16501      16.3333
   16502      15.9890
   16503      16.1041
   16504      15.8449
   16505      16.4433
   16506      16.2842
   16507      15.4491
   16508      16.8201
   16509      16.4976
   16510      16.7483
   16511      16.7442
   16512      16.6144
   16513      16.4236
   16514      16.9060
   16515      17.3387
   16516      17.1002
   16517      17.0682
   16518      17.3008
   16519      17.5759
   16520      17.5932
   16521      17.4660
   16522      16.6807
   16523      16.9634
   16524      17.0835
   16525      17.3985
   16526      17.0209
   16527      17.6705
   16528      16.8967
   16529      17.2128
   16530      16.9948
   16531      17.2128
   16532      16.7077
   16533      16.7400
   16534      17.1352
   16535      16.4922
   16536      16.2307
   16537      16.4972
   16538      16.5788
   16539      16.5741
   16540      16.4881
   16541      16.6619
   16542      17.2120
   16543      17.2157
   16544      16.6420
   16545      16.6243
   16546      17.0667
   16547      17.0096
   16548      16.5873
   16549      15.4815
   16550      16.8091
   16551      16.6018
   16552      16.3052
   16553      17.4201
   16554      16.8715
   16555      16.8613
   16556      17.1065
   16557      17.5242
   16558      16.6534
   16559      16.4322
   16560      16.5427
   16561      16.0208
   16562      16.2064
   16563      16.0943
   16564      16.8945
   16565      16.6704
   16566      16.2258
   16567      16.7646
   16568      17.1119
   16569      16.7093
   16570      16.5277
   16571      16.5983
   16572      15.9147
   16573      17.1322
   16574      17.0093
   16575      16.8079
   16576      16.9683
   16577      15.7469
   16578      16.5714
   16579      16.0190
   16580      16.1821
   16581      15.6291
   16582      15.8967
   16583      15.4973
   16584      15.8181
   16585      15.5774
   16586      16.5141
   16587      16.7783
   16588      16.9290
   16589      17.4048
   16590      16.6332
   16591      16.9760
   16592      17.0558
   16593      16.9024
   16594      16.8039
   16595      17.3318
   16596      17.2826
   16597      16.7823
   16598      16.9489
   16599      15.9680
   16600      17.0157
   16601      16.6097
   16602      16.6548
   16603      16.7487
   16604      16.1264
   16605      17.0514
   16606      16.9509
   16607      17.1332
   16608      17.3520
   16609      17.1431
   16610      17.0324
   16611      17.6183
   16612      17.6132
   16613      17.1140
   16614      17.1142
   16615      16.7991
   16616      18.0835
   16617      17.1167
   16618      17.1302
   16619      17.2663
   16620      16.7552
   16621      16.8332
   16622      16.1755
   16623      16.1863
   16624      16.7246
   16625      16.3205
   16626      16.2371
   16627      16.0609
   16628      16.6094
   16629      16.1493
   16630      16.7329
   16631      16.9304
   16632      17.4134
   16633      17.4418
   16634      17.1775
   16635      17.0704
   16636      17.2430
   16637      16.8483
   16638      16.8999
   16639      17.3814
   16640      17.5906
   16641      16.9168
   16642      16.8967
   16643      17.1311
   16644      17.5067
   16645      17.1718
   16646      17.2685
   16647      18.1186
   16648      17.2483
   16649      16.8179
   16650      17.1896
   16651      17.1318
   16652      17.7141
   16653      17.4837
   16654      17.4346
   16655      17.8234
   16656      16.7811
   16657      17.7027
   16658      17.1943
   16659      17.2804
   16660      17.7585
   16661      17.9208
   16662      17.0344
   16663      17.7456
   16664      17.6341
   16665      17.1544
   16666      17.1852
   16667      17.1809
   16668      16.8872
   16669      17.6128
   16670      16.8020
   16671      16.8577
   16672      17.4651
   16673      17.1854
   16674      16.9463
   16675      17.4012
   16676      17.0820
   16677      17.2515
   16678      16.7944
   16679      17.1995
   16680      16.8523
   16681      16.9831
   16682      16.4033
   16683      17.0309
   16684      16.8575
   16685      16.2860
   16686      15.9109
   16687      17.0172
   16688      17.6292
   16689      17.3487
   16690      16.6338
   16691      16.8038
   16692      16.5753
   16693      17.0151
   16694      17.0222
   16695      16.8481
   16696      17.1381
   16697      16.4545
   16698      16.9195
   16699      17.6095
   16700      17.0221
   16701      17.2131
   16702      17.0912
   16703      17.2766
   16704      15.8176
   16705      16.4685
   16706      16.7421
   16707      16.2882
   16708      16.4865
   16709      17.3819
   16710      17.0170
   16711      16.6919
   16712      16.8315
   16713      16.6604
   16714      16.7371
   16715      17.5828
   16716      16.7283
   16717      16.9504
   16718      16.9669
   16719      16.5183
   16720      16.0955
   16721      16.6722
   16722      16.4067
   16723      17.1308
   16724      17.1163
   16725      16.8300
   16726      16.4447
   16727      16.3694
   16728      16.1454
   16729      16.5065
   16730      16.5225
   16731      15.9461
   16732      16.8810
   16733      16.8663
   16734      17.6265
   16735      16.6100
   16736      17.2114
   16737      17.0063
   16738      17.2108
   16739      16.9185
   16740      16.8179
   16741      17.0950
   16742      16.6832
   16743      16.8647
   16744      16.7191
   16745      17.0573
   16746      16.9212
   16747      16.9173
   16748      16.7242
   16749      16.9378
   16750      16.4579
   16751      17.1237
   16752      17.1531
   16753      16.6059
   16754      16.7737
   16755      16.7730
   16756      16.6225
   16757      16.4304
   16758      17.0389
   16759      16.5661
   16760      17.0570
   16761      16.4412
   16762      16.4995
   16763      15.8638
   16764      16.3713
   16765      16.3404
   16766      16.4962
   16767      17.0325
   16768      16.5397
   16769      16.9470
   16770      17.1679
   16771      16.8284
   16772      16.9981
   16773      17.3932
   16774      16.8830
   16775      16.9959
   16776      17.8722
   16777      17.2132
   16778      17.6230
   16779      17.2253
   16780      17.0562
   16781      16.9720
   16782      17.6374
   16783      16.8691
   16784      17.2962
   16785      17.6809
   16786      16.8359
   16787      16.8590
   16788      17.0985
   16789      17.1860
   16790      16.9490
   16791      17.6174
   16792      17.1410
   16793      17.3322
   16794      16.7578
   16795      16.3611
   16796      16.5953
   16797      17.4163
   16798      17.0851
   16799      17.0084
   16800      17.1306
   16801      16.6648
   16802      16.5725
   16803      17.7563
   16804      17.5713
   16805      17.1655
   16806      17.0984
   16807      16.2729
   16808      17.0550
   16809      17.5294
   16810      16.8284
   16811      17.0496
   16812      17.1411
   16813      17.0635
   16814      17.3535
   16815      17.0401
   16816      16.9477
   16817      17.0764
   16818      17.5081
   16819      17.2623
   16820      16.8017
   16821      16.7771
   16822      17.2463
   16823      17.1458
   16824      16.6693
   16825      16.6819
   16826      17.1813
   16827      16.9569
   16828      17.6160
   16829      16.7058
   16830      16.8820
   16831      17.5271
   16832      16.9740
   16833      16.6762
   16834      16.8350
   16835      16.8830
   16836      17.0140
   16837      17.3774
   16838      17.2163
   16839      17.3522
   16840      17.2044
   16841      17.6078
   16842      17.2071
   16843      17.1159
   16844      16.2924
   16845      17.2856
   16846      16.9253
   16847      16.8044
   16848      17.4055
   16849      16.9750
   16850      16.6111
   16851      16.6703
   16852      17.3754
   16853      17.1141
   16854      16.5626
   16855      17.0322
   16856      16.5096
   16857      16.3141
   16858      16.5529
   16859      17.2033
   16860      16.7898
   16861      17.0530
   16862      16.4230
   16863      16.3118
   16864      17.0011
   16865      17.2240
   16866      16.9359
   16867      17.3183
   16868      16.3334
   16869      16.8480
   16870      16.1220
   16871      16.6285
   16872      16.3899
   16873      17.1350
   16874      16.3479
   16875      15.3715
   16876      16.2875
   16877      16.3625
   16878      16.3761
   16879      16.5454
   16880      16.0660
   16881      16.0130
   16882      16.8005
   16883      17.0578
   16884      17.4355
   16885      16.9236
   16886      17.3558
   16887      16.8794
   16888      17.3586
   16889      16.5310
   16890      17.2565
   16891      16.7432
   16892      17.2905
   16893      16.9942
   16894      16.9041
   16895      17.3804
   16896      17.1010
   16897      17.3621
   16898      16.9723
   16899      17.4938
   16900      16.5557
   16901      16.2906
   16902      16.6399
   16903      16.8966
   16904      16.4490
   16905      17.7833
   16906      17.2677
   16907      17.1129
   16908      17.5827
   16909      16.6643
   16910      17.2220
   16911      16.1121
   16912      17.3316
   16913      16.7831
   16914      17.2623
   16915      17.0855
   16916      16.7706
   16917      17.2531
   16918      16.7923
   16919      16.7784
   16920      17.0446
   16921      17.6063
   16922      17.3621
   16923      17.1494
   16924      17.1201
   16925      17.0261
   16926      16.9242
   16927      17.2604
   16928      16.4690
   16929      16.8752
   16930      16.7716
   16931      16.7727
   16932      17.3204
   16933      16.9191
   16934      17.2159
   16935      17.2800
   16936      18.1981
   16937      17.0176
   16938      17.3962
   16939      17.2054
   16940      16.8688
   16941      17.2224
   16942      17.5297
   16943      17.6669
   16944      17.3468
   16945      18.5269
   16946      17.1793
   16947      17.3724
   16948      17.5528
   16949      17.7700
   16950      17.1178
   16951      17.2698
   16952      17.0868
   16953      16.9060
   16954      16.8448
   16955      16.7884
   16956      17.3894
   16957      17.0697
   16958      17.4557
   16959      17.0939
   16960      17.0058
   16961      16.6656
   16962      16.5986
   16963      16.7311
   16964      17.3449
   16965      17.0976
   16966      17.5915
   16967      17.4483
   16968      17.4510
   16969      18.1550
   16970      17.8323
   16971      17.1057
   16972      16.7885
   16973      17.0600
   16974      16.5246
   16975      17.2429
   16976      16.3876
   16977      16.8024
   16978      16.8573
   16979      16.6717
   16980      17.1310
   16981      16.3611
   16982      16.1271
   16983      16.8058
   16984      16.9575
   16985      16.9102
   16986      16.9154
   16987      17.2074
   16988      17.1500
   16989      17.1743
   16990      16.9786
   16991      17.7189
   16992      17.3278
   16993      16.7232
   16994      17.4759
   16995      16.8171
   16996      17.0685
   16997      16.8245
   16998      16.4024
   16999      16.2297
   17000      15.7754
   17001      16.2789
   17002      16.5348
   17003      17.2608
   17004      17.2975
   17005      17.2440
   17006      17.7855
   17007      17.4933
   17008      16.8307
   17009      16.5915
   17010      16.8361
   17011      17.2206
   17012      16.6511
   17013      16.1045
   17014      16.4867
   17015      16.5511
   17016      17.0098
   17017      17.1186
   17018      17.5021
   17019      16.9663
   17020      17.3306
   17021      16.4257
   17022      16.3506
   17023      16.7172
   17024      16.4515
   17025      16.2722
   17026      15.8770
   17027      16.8495
   17028      16.5847
   17029      16.8892
   17030      16.9657
   17031      17.5832
   17032      17.1084
   17033      16.8830
   17034      16.6584
   17035      17.4200
   17036      16.4965
   17037      16.9006
   17038      17.1088
   17039      16.7201
   17040      16.8754
   17041      16.8983
   17042      16.8875
   17043      16.7499
   17044      17.0270
   17045      16.6141
   17046      16.5309
   17047      16.6911
   17048      16.7139
   17049      16.4844
   17050      17.1665
   17051      16.2446
   17052      16.2877
   17053      17.3613
   17054      16.8421
   17055      16.9463
   17056      16.3676
   17057      16.0347
   17058      16.4789
   17059      16.3080
   17060      15.9893
   17061      16.6991
   17062      17.0423
   17063      16.6717
   17064      17.5968
   17065      16.4631
   17066      16.9819
   17067      16.9693
   17068      15.9280
   17069      15.7806
   17070      16.5775
   17071      16.1993
   17072      16.4996
   17073      17.0580
   17074      15.8575
   17075      15.4917
   17076      15.9276
   17077      15.7688
   17078      16.6628
   17079      16.1749
   17080      16.4659
   17081      16.1765
   17082      16.0391
   17083      16.3317
   17084      15.8963
   17085      17.0995
   17086      15.4508
   17087      16.5884
   17088      16.5415
   17089      16.4247
   17090      16.0836
   17091      16.3827
   17092      16.5714
   17093      16.0991
   17094      17.0422
   17095      16.8224
   17096      16.8084
   17097      17.0445
   17098      17.3320
   17099      17.5070
   17100      16.8097
   17101      17.1877
   17102      16.7834
   17103      16.8426
   17104      16.8098
   17105      16.3144
   17106      15.7915
   17107      15.8001
   17108      16.4579
   17109      15.4715
   17110      16.4414
   17111      17.0948
   17112      15.9437
   17113      16.5739
   17114      16.1424
   17115      16.5088
   17116      16.6594
   17117      17.2767
   17118      16.5731
   17119      17.1064
   17120      16.9513
   17121      17.2487
   17122      17.0157
   17123      17.5004
   17124      17.2449
   17125      16.5155
   17126      16.4459
   17127      15.8431
   17128      16.5151
   17129      16.1943
   17130      16.3433
   17131      16.2912
   17132      16.8408
   17133      16.1295
   17134      16.4927
   17135      16.0034
   17136      16.5925
   17137      16.6948
   17138      16.3181
   17139      15.9716
   17140      16.6492
   17141      16.8304
   17142      16.0333
   17143      16.4641
   17144      16.5969
   17145      16.3906
   17146      16.9515
   17147      16.3985
   17148      16.7968
   17149      16.6218
   17150      16.8133
   17151      17.3216
   17152      17.6564
   17153      17.2389
   17154      17.2774
   17155      16.7812
   17156      17.1467
   17157      15.9844
   17158      16.5197
   17159      17.1340
   17160      16.4549
   17161      17.2662
   17162      16.9147
   17163      17.0332
   17164      16.7659
   17165      16.5759
   17166      16.5049
   17167      17.0028
   17168      17.1282
   17169      17.3944
   17170      17.5638
   17171      17.2529
   17172      16.7829
   17173      16.1178
   17174      16.4478
   17175      16.6138
   17176      16.5762
   17177      16.4091
   17178      17.4758
   17179      17.2586
   17180      17.1079
   17181      17.0124
   17182      17.2988
   17183      17.4729
   17184      17.0169
   17185      16.8031
   17186      16.4081
   17187      16.9957
   17188      16.7917
   17189      16.4382
   17190      16.3996
   17191      16.4705
   17192      17.6420
   17193      16.7443
   17194      16.2638
   17195      16.9035
   17196      16.8471
   17197      17.4839
   17198      16.7392
   17199      16.8814
   17200      16.2040
   17201      16.9256
   17202      16.6406
   17203      16.6373
   17204      17.0286
   17205      17.1617
   17206      17.0482
   17207      17.3868
   17208      16.9932
   17209      16.7751
   17210      16.5538
   17211      16.4069
   17212      16.4490
   17213      17.3554
   17214      16.5775
   17215      17.3643
   17216      17.5966
   17217      17.0949
   17218      16.8128
   17219      16.8717
   17220      17.6703
   17221      17.4952
   17222      17.1725
   17223      16.7398
   17224      17.0567
   17225      17.0104
   17226      17.6144
   17227      17.1589
   17228      17.2239
   17229      16.1596
   17230      16.8780
   17231      16.9977
   17232      17.1114
   17233      17.1669
   17234      16.8173
   17235      17.1297
   17236      17.0401
   17237      17.2983
   17238      16.5073
   17239      16.2437
   17240      16.5818
   17241      17.0608
   17242      17.3418
   17243      17.6108
   17244      17.6100
   17245      17.1166
   17246      17.7936
   17247      17.7877
   17248      17.1968
   17249      16.8555
   17250      16.8275
   17251      17.4400
   17252      16.9221
   17253      16.8184
   17254      16.5443
   17255      16.7780
   17256      17.1359
   17257      16.2266
   17258      16.5633
   17259      17.3161
   17260      16.9175
   17261      16.5803
   17262      16.7255
   17263      16.6232
   17264      16.8175
   17265      16.4865
   17266      17.3932
   17267      17.4924
   17268      17.1619
   17269      16.1239
   17270      16.1744
   17271      16.6790
   17272      17.8108
   17273      17.6526
   17274      17.5102
   17275      17.5053
   17276      17.0522
   17277      17.7142
   17278      17.2010
   17279      17.5670
   17280      17.2865
   17281      17.0210
   17282      17.0571
   17283      17.2814
   17284      17.6137
   17285      17.7325
   17286      17.8396
   17287      17.2678
   17288      17.4299
   17289      17.4749
   17290      17.9421
   17291      17.5125
   17292      17.7853
   17293      17.6536
   17294      17.5986
   17295      16.7850
   17296      17.3232
   17297      17.4347
   17298      17.5511
   17299      17.8452
   17300      16.8129
   17301      17.3854
   17302      18.1064
   17303      17.5149
   17304      16.8067
   17305      16.6259
   17306      16.4492
   17307      16.6472
   17308      16.0530
   17309      16.7713
   17310      16.8804
   17311      17.1089
   17312      17.3682
   17313      17.5518
   17314      16.6533
   17315      17.5037
   17316      17.1385
   17317      17.2360
   17318      17.9703
   17319      17.7419
   17320      17.3130
   17321      18.0821
   17322      17.3047
   17323      17.7089
   17324      17.2271
   17325      17.2785
   17326      17.5178
   17327      17.1486
   17328      17.0700
   17329      16.9383
   17330      16.5334
   17331      16.8120
   17332      16.8193
   17333      16.4660
   17334      17.1843
   17335      17.0734
   17336      17.0975
   17337      16.7908
   17338      17.3283
   17339      16.9942
   17340      17.0984
   17341      16.0973
   17342      16.1227
   17343      15.9793
   17344      16.0475
   17345      16.3843
   17346      16.1273
   17347      16.1674
   17348      16.2448
   17349      15.3832
   17350      16.3792
   17351      15.8715
   17352      16.2667
   17353      15.4908
   17354      16.0036
   17355      15.9395
   17356      16.0247
   17357      16.8921
   17358      15.8574
   17359      16.4752
   17360      16.0988
   17361      16.5846
   17362      15.6978
   17363      15.8860
   17364      16.0907
   17365      16.4373
   17366      16.5709
   17367      16.7126
   17368      16.4214
   17369      15.8324
   17370      16.5822
   17371      16.6900
   17372      16.4360
   17373      17.0353
   17374      16.9157
   17375      16.6666
   17376      17.0785
   17377      16.7464
   17378      16.4166
   17379      16.3290
   17380      17.0006
   17381      17.8488
   17382      17.0120
   17383      17.5018
   17384      17.1721
   17385      16.5121
   17386      16.5026
   17387      16.8489
   17388      16.8916
   17389      16.4417
   17390      16.3023
   17391      16.5561
   17392      16.4848
   17393      16.2133
   17394      16.2532
   17395      16.5572
   17396      16.2293
   17397      16.2108
   17398      16.9418
   17399      16.6541
   17400      17.0479
   17401      16.4341
   17402      16.1908
   17403      16.4106
   17404      16.4030
   17405      16.1961
   17406      16.6845
   17407      16.1094
   17408      16.3264
   17409      15.8318
   17410      16.5681
   17411      16.4709
   17412      16.7388
   17413      16.4845
   17414      17.2878
   17415      16.5990
   17416      15.8335
   17417      16.0490
   17418      16.5027
   17419      15.7619
   17420      16.5083
   17421      16.4379
   17422      16.6413
   17423      16.9898
   17424      16.7946
   17425      16.7674
   17426      16.4116
   17427      16.8201
   17428      16.6815
   17429      16.8381
   17430      16.8435
   17431      16.9698
   17432      16.9534
   17433      16.1102
   17434      16.3916
   17435      16.4552
   17436      17.0550
   17437      17.9009
   17438      17.4966
   17439      17.4731
   17440      17.2540
   17441      17.6951
   17442      18.0207
   17443      17.6093
   17444      17.3739
   17445      17.6976
   17446      17.5135
   17447      17.1304
   17448      16.9407
   17449      17.3285
   17450      17.3976
   17451      17.2811
   17452      17.7661
   17453      16.7625
   17454      16.6728
   17455      16.8116
   17456      17.0014
   17457      16.7035
   17458      16.6720
   17459      17.2218
   17460      16.6892
   17461      16.6885
   17462      16.1101
   17463      16.4449
   17464      16.1276
   17465      15.9217
   17466      15.9363
   17467      15.5659
   17468      15.5172
   17469      15.8696
   17470      16.0379
   17471      16.2646
   17472      16.6523
   17473      16.5617
   17474      15.9435
   17475      15.7505
   17476      15.6003
   17477      16.4456
   17478      16.6991
   17479      16.1722
   17480      16.2175
   17481      16.3991
   17482      16.2937
   17483      16.6781
   17484      17.0928
   17485      16.9691
   17486      16.5923
   17487      16.5131
   17488      17.1996
   17489      16.4606
   17490      16.0217
   17491      16.1072
   17492      16.9078
   17493      17.1600
   17494      16.7203
   17495      16.6228
   17496      16.4842
   17497      16.5386
   17498      16.6136
   17499      16.9906
   17500      16.7801
   17501      17.2155
   17502      17.4733
   17503      16.3287
   17504      16.3626
   17505      16.4021
   17506      17.0781
   17507      15.9722
   17508      17.2579
   17509      16.3867
   17510      16.6478
   17511      17.3059
   17512      16.5169
   17513      16.9869
   17514      16.8874
   17515      16.7388
   17516      16.2020
   17517      17.0929
   17518      17.0262
   17519      17.2810
   17520      16.8298
   17521      16.3345
   17522      16.7459
   17523      16.7543
   17524      16.9658
   17525      17.2086
   17526      17.1659
   17527      17.1508
   17528      16.7008
   17529      16.8300
   17530      16.8093
   17531      17.1791
   17532      17.4543
   17533      17.7044
   17534      16.5104
   17535      17.6309
   17536      17.6608
   17537      17.0485
   17538      16.9100
   17539      16.9395
   17540      17.2186
   17541      17.1667
   17542      17.1935
   17543      17.0552
   17544      17.3512
   17545      17.0211
   17546      17.2398
   17547      16.9263
   17548      17.3681
   17549      16.5745
   17550      16.8517
   17551      16.2576
   17552      16.8769
   17553      16.6525
   17554      17.2648
   17555      17.0339
   17556      16.4514
   17557      16.7955
   17558      17.2179
   17559      17.0710
   17560      16.4791
   17561      16.7084
   17562      16.6540
   17563      16.3554
   17564      16.3393
   17565      17.1412
   17566      16.6757
   17567      16.5165
   17568      16.9963
   17569      17.2270
   17570      17.1698
   17571      17.4586
   17572      16.5795
   17573      16.8448
   17574      16.7389
   17575      16.3496
   17576      16.6000
   17577      16.6251
   17578      16.8095
   17579      16.9152
   17580      16.7067
   17581      16.6828
   17582      16.8760
   17583      16.5305
   17584      17.7404
   17585      17.0947
   17586      16.2429
   17587      16.7981
   17588      16.9934
   17589      16.5991
   17590      15.9844
   17591      16.0987
   17592      15.8513
   17593      15.6656
   17594      16.2293
   17595      16.4955
   17596      16.7912
   17597      16.0482
   17598      16.0375
   17599      16.4854
   17600      16.5031
   17601      16.8747
   17602      16.6206
   17603      17.0455
   17604      16.4534
   17605      17.0957
   17606      17.2738
   17607      16.7382
   17608      17.4775
   17609      16.9734
   17610      17.2017
   17611      17.1052
   17612      17.3884
   17613      16.8817
   17614      16.9828
   17615      17.0672
   17616      17.4384
   17617      17.7845
   17618      17.5300
   17619      16.6942
   17620      17.1586
   17621      17.3293
   17622      16.8636
   17623      16.7768
   17624      17.0030
   17625      17.5026
   17626      17.7795
   17627      16.7749
   17628      16.7776
   17629      16.7370
   17630      16.7112
   17631      16.6311
   17632      17.5094
   17633      17.0917
   17634      17.4423
   17635      17.7729
   17636      18.0986
   17637      17.2445
   17638      17.5179
   17639      16.4916
   17640      17.1143
   17641      16.7382
   17642      16.3526
   17643      17.1327
   17644      17.2389
   17645      17.1035
   17646      17.1853
   17647      17.0550
   17648      17.0762
   17649      17.4005
   17650      17.1756
   17651      17.0317
   17652      17.9518
   17653      17.7990
   17654      18.3349
   17655      16.5250
   17656      16.4523
   17657      16.3612
   17658      16.9357
   17659      16.8272
   17660      16.7906
   17661      16.3684
   17662      16.6569
   17663      16.6371
   17664      16.6461
   17665      16.8782
   17666      16.6580
   17667      16.9544
   17668      16.4853
   17669      16.9210
   17670      17.3209
   17671      17.4510
   17672      17.5672
   17673      17.2049
   17674      16.8308
   17675      16.9046
   17676      16.7113
   17677      16.9686
   17678      16.5629
   17679      17.3716
   17680      16.4940
   17681      17.1486
   17682      17.1194
   17683      16.7522
   17684      16.7871
   17685      16.4273
   17686      16.9713
   17687      16.8981
   17688      16.8880
   17689      17.1791
   17690      16.6245
   17691      16.4170
   17692      16.1625
   17693      16.1036
   17694      16.6670
   17695      17.0661
   17696      16.5564
   17697      16.8569
   17698      17.1775
   17699      17.2518
   17700      17.5948
   17701      17.2661
   17702      16.9567
   17703      17.1152
   17704      17.2535
   17705      17.2551
   17706      17.0482
   17707      16.2471
   17708      16.8709
   17709      16.8765
   17710      16.6132
   17711      16.7002
   17712      17.2176
   17713      17.3208
   17714      17.1154
   17715      16.7826
   17716      16.6179
   17717      17.2206
   17718      15.9695
   17719      15.7949
   17720      17.2159
   17721      16.8823
   17722      17.1422
   17723      17.3295
   17724      17.5250
   17725      16.9145
   17726      16.6392
   17727      16.3699
   17728      16.8102
   17729      17.4002
   17730      17.0577
   17731      17.0566
   17732      17.0206
   17733      16.8503
   17734      16.4397
   17735      16.1171
   17736      16.7801
   17737      17.2883
   17738      17.5103
   17739      17.8552
   17740      17.0737
   17741      16.4059
   17742      17.1745
   17743      16.8953
   17744      16.9960
   17745      17.0834
   17746      17.5757
   17747      16.5178
   17748      17.1415
   17749      16.8626
   17750      17.0731
   17751      16.4276
   17752      16.5381
   17753      16.6422
   17754      16.4633
   17755      15.9618
   17756      16.1291
   17757      16.9290
   17758      16.5701
   17759      16.2648
   17760      16.0024
   17761      16.6962
   17762      16.0574
   17763      16.5310
   17764      16.0489
   17765      16.5028
   17766      16.3619
   17767      15.7790
   17768      15.8518
   17769      16.5677
   17770      16.7720
   17771      16.7126
   17772      16.1705
   17773      16.2874
   17774      16.6986
   17775      16.7793
   17776      17.3442
   17777      16.3630
   17778      16.7292
   17779      16.7199
   17780      16.1888
   17781      16.0861
   17782      16.1780
   17783      15.9909
   17784      15.6812
   17785      16.1611
   17786      15.9048
   17787      16.7573
   17788      16.8183
   17789      16.4297
   17790      15.8236
   17791      15.8137
   17792      16.0495
   17793      16.5513
   17794      16.5195
   17795      16.2234
   17796      16.7454
   17797      16.3760
   17798      16.7454
   17799      16.8874
   17800      16.4007
   17801      16.5583
   17802      16.4800
   17803      16.7029
   17804      16.0967
   17805      17.0794
   17806      16.9301
   17807      16.5214
   17808      16.9569
   17809      16.9659
   17810      16.7762
   17811      16.8510
   17812      16.8298
   17813      17.4409
   17814      17.0052
   17815      17.2527
   17816      17.0794
   17817      16.8196
   17818      16.5764
   17819      16.9851
   17820      17.2308
   17821      16.7897
   17822      16.4268
   17823      15.8544
   17824      17.2667
   17825      17.1918
   17826      16.6420
   17827      16.6584
   17828      16.6779
   17829      16.6880
   17830      16.9457
   17831      15.7991
   17832      16.2126
   17833      16.7786
   17834      16.3451
   17835      16.5119
   17836      16.5848
   17837      16.5328
   17838      17.2348
   17839      17.0785
   17840      17.0979
   17841      16.7650
   17842      17.6468
   17843      16.9768
   17844      17.3528
   17845      16.9088
   17846      16.9011
   17847      17.5487
   17848      17.1077
   17849      17.0219
   17850      16.0195
   17851      16.7157
   17852      17.1561
   17853      15.7132
   17854      16.8753
   17855      16.5205
   17856      16.2679
   17857      16.0516
   17858      16.0084
   17859      16.6421
   17860      16.6824
   17861      15.4352
   17862      15.4179
   17863      15.9594
   17864      16.3326
   17865      15.9770
   17866      16.2607
   17867      16.0737
   17868      16.0647
   17869      16.1394
   17870      16.1902
   17871      16.1187
   17872      16.4174
   17873      15.7649
   17874      15.7835
   17875      16.6572
   17876      16.5350
   17877      16.2343
   17878      16.3055
   17879      16.6321
   17880      16.6272
   17881      17.0892
   17882      16.6804
   17883      16.5860
   17884      17.2548
   17885      17.1697
   17886      16.7978
   17887      16.4977
   17888      16.8163
   17889      16.3590
   17890      16.0132
   17891      16.6086
   17892      16.4786
   17893      16.4959
   17894      17.2931
   17895      16.6705
   17896      16.7150
   17897      16.6658
   17898      16.5716
   17899      16.8385
   17900      16.4713
   17901      16.5983
   17902      16.6107
   17903      16.4387
   17904      16.4952
   17905      17.0114
   17906      16.5041
   17907      17.2100
   17908      16.5115
   17909      16.1489
   17910      16.4362
   17911      15.9760
   17912      17.1823
   17913      17.0631
   17914      16.4769
   17915      16.1004
   17916      16.1460
   17917      16.6751
   17918      16.3302
   17919      16.6529
   17920      17.1701
   17921      17.1167
   17922      16.9157
   17923      17.0166
   17924      16.8401
   17925      17.0186
   17926      16.9593
   17927      16.5912
   17928      17.0239
   17929      16.6083
   17930      16.8424
   17931      16.4949
   17932      17.4302
   17933      16.7623
   17934      17.1330
   17935      17.0717
   17936      16.8709
   17937      16.6424
   17938      16.6608
   17939      16.4936
   17940      16.4923
   17941      16.6488
   17942      16.6494
   17943      17.6429
   17944      16.4165
   17945      16.9071
   17946      15.8196
   17947      16.6067
   17948      16.6654
   17949      16.3596
   17950      16.2247
   17951      15.4856
   17952      15.6750
   17953      15.7364
   17954      16.9414
   17955      17.0497
   17956      16.5384
   17957      16.9420
   17958      17.2890
   17959      17.2015
   17960      17.2343
   17961      15.8294
   17962      16.3416
   17963      17.0226
   17964      16.8001
   17965      16.6015
   17966      16.9928
   17967      17.5805
   17968      16.8294
   17969      17.2900
   17970      16.8784
   17971      17.0205
   17972      16.2624
   17973      16.6254
   17974      16.4862
   17975      16.4098
   17976      16.5582
   17977      16.5985
   17978      16.8876
   17979      16.7674
   17980      16.7728
   17981      17.4075
   17982      17.1604
   17983      17.1283
   17984      17.0604
   17985      16.5277
   17986      16.1820
   17987      16.2789
   17988      16.3327
   17989      16.7249
   17990      16.1376
   17991      16.5053
   17992      16.6005
   17993      16.8281
   17994      16.6748
   17995      17.3894
   17996      17.2333
   17997      16.8597
   17998      16.9700
   17999      17.2658
   18000      17.2978
   18001      17.2481
   18002      16.5630
   18003      17.2913
   18004      17.2200
   18005      17.5020
   18006      17.5343
   18007      17.9459
   18008      17.2459
   18009      16.3910
   18010      16.3104
   18011      16.9083
   18012      16.9861
   18013      17.0039
   18014      16.3758
   18015      17.0021
   18016      16.7741
   18017      16.5831
   18018      16.9843
   18019      16.9058
   18020      16.5304
   18021      17.0405
   18022      17.1058
   18023      17.2615
   18024      16.7468
   18025      17.6203
   18026      17.5603
   18027      17.4224
   18028      16.9876
   18029      17.1550
   18030      17.0927
   18031      17.7982
   18032      17.6473
   18033      18.0464
   18034      16.7595
   18035      16.7274
   18036      16.9363
   18037      17.5792
   18038      17.3839
   18039      17.0983
   18040      16.9559
   18041      17.2387
   18042      16.6980
   18043      16.2236
   18044      16.2946
   18045      16.1405
   18046      16.6485
   18047      17.2519
   18048      16.7012
   18049      16.6585
   18050      16.4538
   18051      17.7712
   18052      16.8805
   18053      17.2670
   18054      17.1679
   18055      16.6684
   18056      17.4581
   18057      17.4123
   18058      17.0572
   18059      17.3821
   18060      17.0428
   18061      16.9313
   18062      17.2212
   18063      17.0677
   18064      17.3242
   18065      17.3344
   18066      16.1824
   18067      17.0439
   18068      17.3738
   18069      16.3413
   18070      16.3684
   18071      17.1776
   18072      17.0029
   18073      17.0769
   18074      17.5183
   18075      16.1502
   18076      16.0664
   18077      16.8125
   18078      17.2924
   18079      17.2416
   18080      16.6555
   18081      17.7217
   18082      17.3926
   18083      16.9746
   18084      16.8851
   18085      17.4431
   18086      16.2625
   18087      16.8034
   18088      16.8863
   18089      17.2343
   18090      16.8050
   18091      16.3709
   18092      16.6472
   18093      16.4324
   18094      16.4938
   18095      16.4047
   18096      17.3126
   18097      16.9249
   18098      17.0083
   18099      16.7962
   18100      17.2269
   18101      17.4355
   18102      17.3210
   18103      17.4814
   18104      16.8240
   18105      16.9215
   18106      16.8197
   18107      16.6646
   18108      17.0292
   18109      16.5946
   18110      16.2802
   18111      16.7662
   18112      16.4919
   18113      15.9018
   18114      17.2639
   18115      16.1165
   18116      16.7661
   18117      16.4968
   18118      16.9837
   18119      17.2246
   18120      17.2313
   18121      16.9310
   18122      17.2218
   18123      16.6013
   18124      16.9349
   18125      16.9245
   18126      16.7832
   18127      16.2411
   18128      17.0669
   18129      17.1063
   18130      17.1087
   18131      15.5612
   18132      16.1147
   18133      15.7923
   18134      17.2477
   18135      17.0691
   18136      16.5393
   18137      16.5661
   18138      17.3068
   18139      17.3338
   18140      17.2018
   18141      17.0513
   18142      17.0874
   18143      17.0651
   18144      16.8587
   18145      16.7249
   18146      17.9424
   18147      17.2089
   18148      16.6867
   18149      17.2102
   18150      17.3853
   18151      17.3283
   18152      16.9020
   18153      16.9554
   18154      16.8908
   18155      17.4181
   18156      16.8708
   18157      16.9350
   18158      17.3562
   18159      17.8271
   18160      16.8816
   18161      16.5526
   18162      17.3862
   18163      16.3590
   18164      16.8483
   18165      16.5909
   18166      17.6698
   18167      17.5711
   18168      16.9222
   18169      16.9232
   18170      16.7966
   18171      16.2069
   18172      16.9165
   18173      16.5942
   18174      16.3381
   18175      16.5087
   18176      16.9972
   18177      16.8717
   18178      16.6540
   18179      17.0351
   18180      17.3465
   18181      16.7253
   18182      16.6700
   18183      16.9214
   18184      17.1639
   18185      16.5930
   18186      17.1960
   18187      16.4452
   18188      16.5416
   18189      17.2282
   18190      16.4444
   18191      16.2054
   18192      16.6082
   18193      17.2545
   18194      17.2081
   18195      16.6803
   18196      17.3681
   18197      17.1925
   18198      16.7662
   18199      16.5630
   18200      17.1236
   18201      16.4449
   18202      17.2182
   18203      16.9306
   18204      17.1206
   18205      17.7688
   18206      16.6734
   18207      17.3945
   18208      16.4589
   18209      17.2338
   18210      17.0569
   18211      17.1584
   18212      17.1252
   18213      17.4415
   18214      17.2125
   18215      17.0946
   18216      16.7497
   18217      17.3100
   18218      16.5381
   18219      17.4117
   18220      17.0629
   18221      17.4029
   18222      17.0297
   18223      16.6307
   18224      16.5631
   18225      16.7763
   18226      16.8754
   18227      17.0110
   18228      17.3691
   18229      17.6582
   18230      17.6135
   18231      17.0122
   18232      16.8800
   18233      17.0346
   18234      16.9028
   18235      17.6979
   18236      16.4756
   18237      17.5933
   18238      17.1331
   18239      17.2392
   18240      17.4203
   18241      16.7638
   18242      16.9622
   18243      16.4156
   18244      16.5512
   18245      17.2560
   18246      16.4672
   18247      16.5531
   18248      16.5137
   18249      16.7252
   18250      15.9715
   18251      16.7396
   18252      16.3797
   18253      16.4964
   18254      16.4298
   18255      16.2497
   18256      16.0426
   18257      16.1595
   18258      16.4446
   18259      16.3017
   18260      16.3636
   18261      16.7190
   18262      16.6762
   18263      16.9627
   18264      16.8837
   18265      16.6977
   18266      16.3978
   18267      17.3945
   18268      16.9369
   18269      16.5869
   18270      16.6116
   18271      16.8677
   18272      16.5305
   18273      17.5318
   18274      17.1578
   18275      16.7795
   18276      16.8557
   18277      17.3514
   18278      16.5645
   18279      16.5483
   18280      17.4843
   18281      16.9450
   18282      16.6272
   18283      16.7742
   18284      17.3560
   18285      17.5738
   18286      17.6824
   18287      17.7492
   18288      16.9073
   18289      17.6144
   18290      17.7005
   18291      16.9165
   18292      17.2637
   18293      17.0099
   18294      16.9826
   18295      17.1731
   18296      17.2385
   18297      16.9778
   18298      16.7979
   18299      16.2298
   18300      17.1531
   18301      17.1329
   18302      17.5306
   18303      16.8408
   18304      16.9060
   18305      16.8189
   18306      16.9536
   18307      16.8309
   18308      16.8140
   18309      16.9881
   18310      17.2756
   18311      16.4313
   18312      17.0855
   18313      16.3167
   18314      16.3678
   18315      16.7601
   18316      16.6451
   18317      16.3559
   18318      15.9706
   18319      15.9514
   18320      15.9558
   18321      17.3116
   18322      16.9820
   18323      17.5483
   18324      17.4484
   18325      16.7357
   18326      16.8688
   18327      17.2474
   18328      16.9787
   18329      16.8206
   18330      17.1638
   18331      17.1902
   18332      17.2958
   18333      17.1515
   18334      17.3998
   18335      17.5989
   18336      16.5534
   18337      17.1681
   18338      16.6443
   18339      17.0791
   18340      17.3455
   18341      16.7260
   18342      16.4990
   18343      16.9047
   18344      15.9637
   18345      16.3763
   18346      16.6624
   18347      16.5242
   18348      17.0204
   18349      16.8681
   18350      16.5912
   18351      16.7310
   18352      16.9427
   18353      17.2264
   18354      17.3180
   18355      17.2932
   18356      16.4570
   18357      17.1353
   18358      16.8100
   18359      16.6292
   18360      16.1689
   18361      16.7117
   18362      16.2902
   18363      15.9520
   18364      16.1590
   18365      16.9770
   18366      17.0101
   18367      16.9844
   18368      15.9692
   18369      16.7941
   18370      16.8215
   18371      17.1190
   18372      16.5261
   18373      16.5398
   18374      16.7044
   18375      16.6974
   18376      17.2153
   18377      16.7709
   18378      16.8003
   18379      16.9482
   18380      17.1243
   18381      16.1556
   18382      16.6963
   18383      16.4084
   18384      16.6118
   18385      16.7005
   18386      16.7294
   18387      17.0844
   18388      17.6754
   18389      17.4300
   18390      17.1395
   18391      17.2793
   18392      16.9557
   18393      17.4989
   18394      17.1440
   18395      16.5075
   18396      16.8286
   18397      16.9789
   18398      17.0134
   18399      18.0148
   18400      17.5859
   18401      17.7042
   18402      17.4736
   18403      17.0219
   18404      17.0206
   18405      16.8416
   18406      16.5596
   18407      16.8004
   18408      17.2113
   18409      16.8846
   18410      17.1524
   18411      16.7513
   18412      16.8397
   18413      16.9529
   18414      16.6463
   18415      16.8516
   18416      16.0242
   18417      17.0535
   18418      16.9500
   18419      16.3607
   18420      16.3994
   18421      16.7282
   18422      16.9011
   18423      16.1530
   18424      16.8824
   18425      16.8347
   18426      16.9228
   18427      16.9258
   18428      16.8151
   18429      16.9516
   18430      17.0047
   18431      16.5737
   18432      17.1783
   18433      16.5388
   18434      16.8323
   18435      16.8533
   18436      16.6955
   18437      17.0869
   18438      17.0448
   18439      17.1419
   18440      16.3778
   18441      16.3898
   18442      15.6287
   18443      15.9685
   18444      16.0890
   18445      16.4333
   18446      16.3627
   18447      16.6014
   18448      16.8773
   18449      17.2467
   18450      17.3746
   18451      17.1595
   18452      16.7270
   18453      16.5936
   18454      16.5370
   18455      16.8318
   18456      16.3555
   18457      16.8786
   18458      16.3957
   18459      16.8350
   18460      16.4060
   18461      16.2831
   18462      17.1138
   18463      17.0005
   18464      16.5846
   18465      16.5460
   18466      16.6982
   18467      17.0458
   18468      16.3423
   18469      17.1164
   18470      16.8133
   18471      16.8589
   18472      17.1553
   18473      17.1976
   18474      16.5837
   18475      16.5451
   18476      16.9509
   18477      16.0827
   18478      17.0011
   18479      16.2823
   18480      16.7124
   18481      17.3358
   18482      16.8191
   18483      16.1005
   18484      17.3641
   18485      16.9850
   18486      17.1619
   18487      17.5056
   18488      16.5908
   18489      15.9080
   18490      16.3660
   18491      16.3420
   18492      16.3899
   18493      16.7249
   18494      16.8952
   18495      17.0361
   18496      17.4688
   18497      17.1155
   18498      16.6738
   18499      17.0276
   18500      17.4045
   18501      17.1380
   18502      16.9953
   18503      16.2224
   18504      16.8894
   18505      16.8494
   18506      16.9329
   18507      16.9045
   18508      17.2986
   18509      16.7824
   18510      16.8198
   18511      17.1824
   18512      17.1323
   18513      17.2220
   18514      16.7089
   18515      16.8889
   18516      17.2061
   18517      16.9033
   18518      17.1935
   18519      16.3601
   18520      16.8298
   18521      16.2540
   18522      16.5845
   18523      16.5749
   18524      16.7297
   18525      16.5300
   18526      16.5818
   18527      16.0216
   18528      16.6456
   18529      16.7839
   18530      17.0463
   18531      16.6988
   18532      17.0728
   18533      16.5443
   18534      16.4210
   18535      16.1666
   18536      16.2486
   18537      16.2097
   18538      16.0559
   18539      16.6708
   18540      16.6968
   18541      16.3845
   18542      16.8105
   18543      16.0801
   18544      16.3993
   18545      16.6835
   18546      16.1080
   18547      16.4913
   18548      16.1241
   18549      15.4329
   18550      16.2414
   18551      16.3523
   18552      16.3757
   18553      16.1491
   18554      15.7935
   18555      15.9964
   18556      16.4949
   18557      16.6581
   18558      16.8475
   18559      16.3415
   18560      16.2594
   18561      16.0965
   18562      16.0865
   18563      16.5197
   18564      17.2178
   18565      16.9298
   18566      17.1154
   18567      17.3135
   18568      17.2755
   18569      17.4882
   18570      17.3533
   18571      17.4657
   18572      17.5543
   18573      17.6914
   18574      17.4966
   18575      17.3413
   18576      16.9418
   18577      17.1764
   18578      17.2056
   18579      17.4904
   18580      17.1829
   18581      17.1811
   18582      17.6481
   18583      16.4111
   18584      16.7193
   18585      16.7464
   18586      16.6372
   18587      16.4481
   18588      17.3794
   18589      16.5112
   18590      16.4534
   18591      17.1055
   18592      17.0936
   18593      17.1053
   18594      16.8443
   18595      16.9199
   18596      16.9951
   18597      16.7093
   18598      16.8121
   18599      16.3260
   18600      16.4564
   18601      16.9734
   18602      16.3764
   18603      16.5999
   18604      17.1801
   18605      17.3313
   18606      16.3218
   18607      17.3325
   18608      17.4887
   18609      17.5359
   18610      16.9095
   18611      17.3080
   18612      17.0862
   18613      17.2020
   18614      17.0474
   18615      16.6551
   18616      16.6799
   18617      16.5805
   18618      16.8291
   18619      16.9818
   18620      17.3387
   18621      16.8702
   18622      17.7011
   18623      17.1048
   18624      16.7930
   18625      17.2496
   18626      17.0710
   18627      17.3076
   18628      18.0732
   18629      17.0975
   18630      16.8852
   18631      16.8489
   18632      17.1483
   18633      16.9737
   18634      17.2404
   18635      17.0958
   18636      17.0461
   18637      17.2367
   18638      16.4468
   18639      16.7202
   18640      16.8608
   18641      16.6810
   18642      17.1978
   18643      17.4398
   18644      17.2106
   18645      17.0567
   18646      17.1076
   18647      17.5094
   18648      17.2365
   18649      16.3360
   18650      16.7994
   18651      16.4310
   18652      16.6427
   18653      16.9585
   18654      16.6134
   18655      16.7511
   18656      16.9630
   18657      16.9096
   18658      16.2920
   18659      16.6205
   18660      16.5001
   18661      15.9461
   18662      16.4104
   18663      16.4320
   18664      16.5724
   18665      16.0362
   18666      16.3985
   18667      16.4875
   18668      16.8191
   18669      17.1330
   18670      16.8245
   18671      16.9216
   18672      16.7908
   18673      16.9643
   18674      16.4278
   18675      15.9724
   18676      16.5836
   18677      16.8228
   18678      16.8919
   18679      16.9064
   18680      16.6355
   18681      16.4327
   18682      17.0117
   18683      16.9898
   18684      16.9923
   18685      17.0656
   18686      16.2520
   18687      16.4830
   18688      17.8761
   18689      17.3963
   18690      17.1854
   18691      17.0580
   18692      16.9500
   18693      17.2216
   18694      17.1806
   18695      17.7052
   18696      17.2983
   18697      16.9760
   18698      17.2228
   18699      17.1433
   18700      17.3051
   18701      17.3533
   18702      16.9313
   18703      17.2068
   18704      17.6959
   18705      16.8444
   18706      17.7482
   18707      17.6856
   18708      16.3004
   18709      17.3615
   18710      16.9734
   18711      16.9796
   18712      17.7410
   18713      17.2118
   18714      17.2950
   18715      17.4099
   18716      17.3070
   18717      17.1447
   18718      16.8310
   18719      17.4249
   18720      17.5216
   18721      17.8799
   18722      17.1320
   18723      17.2468
   18724      16.9984
   18725      16.8707
   18726      16.6976
   18727      16.4027
   18728      16.5739
   18729      17.3853
   18730      17.4621
   18731      16.8320
   18732      16.8274
   18733      17.1419
   18734      16.0408
   18735      17.1778
   18736      17.2061
   18737      17.0908
   18738      17.1218
   18739      17.0526
   18740      16.4300
   18741      15.9596
   18742      16.4996
   18743      16.7310
   18744      17.3713
   18745      16.7835
   18746      16.6511
   18747      17.6393
   18748      16.4930
   18749      16.2936
   18750      16.5800
   18751      17.1576
   18752      16.8896
   18753      16.8060
   18754      16.9128
   18755      17.1725
   18756      16.9573
   18757      16.8607
   18758      16.8371
   18759      16.4569
   18760      16.8420
   18761      16.5643
   18762      16.7432
   18763      16.3272
   18764      16.2558
   18765      15.9066
   18766      16.3488
   18767      16.3955
   18768      16.6556
   18769      16.3119
   18770      15.7542
   18771      16.9082
   18772      16.1066
   18773      16.5369
   18774      15.9821
   18775      16.0799
   18776      16.5999
   18777      16.5755
   18778      16.9253
   18779      17.0371
   18780      16.7609
   18781      17.2874
   18782      17.4851
   18783      16.7581
   18784      16.6560
   18785      17.2410
   18786      16.5051
   18787      17.3597
   18788      16.3282
   18789      16.6187
   18790      16.6075
   18791      16.8892
   18792      16.7534
   18793      16.9030
   18794      16.6154
   18795      16.7253
   18796      16.9467
   18797      16.3573
   18798      17.0050
   18799      16.4969
   18800      16.4886
   18801      16.7138
   18802      16.8544
   18803      17.0528
   18804      16.3323
   18805      16.6133
   18806      16.8302
   18807      16.8465
   18808      16.2785
   18809      17.0966
   18810      17.1360
   18811      17.0261
   18812      17.5977
   18813      16.9188
   18814      16.9580
   18815      16.8666
   18816      16.3017
   18817      16.3372
   18818      16.7162
   18819      17.2184
   18820      16.4484
   18821      16.7946
   18822      16.3730
   18823      16.7946
   18824      16.4431
   18825      16.2377
   18826      17.1478
   18827      16.8147
   18828      15.9398
   18829      16.1089
   18830      15.6468
   18831      16.3815
   18832      16.8488
   18833      16.7346
   18834      17.0834
   18835      16.9958
   18836      17.7114
   18837      16.5423
   18838      16.9602
   18839      17.3813
   18840      17.2784
   18841      17.5756
   18842      17.1316
   18843      17.1611
   18844      16.6964
   18845      17.5541
   18846      17.6607
   18847      16.7059
   18848      16.8815
   18849      17.2040
   18850      16.6768
   18851      16.6048
   18852      17.0260
   18853      17.0912
   18854      17.3892
   18855      16.0219
   18856      16.9650
   18857      16.2861
   18858      16.1290
   18859      16.6098
   18860      16.7127
   18861      17.5222
   18862      16.6741
   18863      16.4179
   18864      16.7981
   18865      17.4336
   18866      17.8413
   18867      17.1226
   18868      17.1741
   18869      16.3303
   18870      17.1192
   18871      16.9208
   18872      17.4232
   18873      17.2556
   18874      16.8379
   18875      17.2919
   18876      17.3624
   18877      17.5468
   18878      17.1313
   18879      16.8242
   18880      16.8716
   18881      16.3361
   18882      15.7570
   18883      16.6683
   18884      16.8523
   18885      16.7054
   18886      16.9827
   18887      16.4421
   18888      16.4197
   18889      16.9156
   18890      16.9997
   18891      16.5385
   18892      16.7579
   18893      16.8054
   18894      17.0204
   18895      17.7116
   18896      17.1763
   18897      17.4018
   18898      17.3465
   18899      16.5007
   18900      17.1081
   18901      16.8387
   18902      16.6955
   18903      16.4576
   18904      16.5127
   18905      16.2008
   18906      17.1220
   18907      16.8894
   18908      16.8580
   18909      17.0597
   18910      16.4518
   18911      16.9028
   18912      17.0822
   18913      16.8367
   18914      16.7434
   18915      16.2352
   18916      16.6980
   18917      16.7602
   18918      16.7511
   18919      16.9777
   18920      17.6564
   18921      16.7452
   18922      16.0737
   18923      16.5935
   18924      16.8598
   18925      17.0299
   18926      16.6783
   18927      16.8705
   18928      16.8646
   18929      17.4931
   18930      17.3845
   18931      16.9267
   18932      16.9451
   18933      17.5444
   18934      16.9575
   18935      16.8484
   18936      16.9677
   18937      16.5506
   18938      16.8049
   18939      16.8547
   18940      16.9983
   18941      16.5832
   18942      16.6232
   18943      16.7465
   18944      18.2324
   18945      17.3414
   18946      16.9432
   18947      17.3596
   18948      17.0126
   18949      17.1205
   18950      17.4628
   18951      17.5940
   18952      17.7973
   18953      17.0725
   18954      17.8693
   18955      17.4030
   18956      16.4955
   18957      16.7776
   18958      16.8319
   18959      17.3359
   18960      17.3652
   18961      16.7278
   18962      17.4016
   18963      17.3533
   18964      17.5124
   18965      17.0388
   18966      17.0694
   18967      16.8603
   18968      16.5565
   18969      16.8010
   18970      16.3452
   18971      16.9470
   18972      16.9309
   18973      17.0153
   18974      16.5750
   18975      16.7535
   18976      17.3966
   18977      17.3214
   18978      16.4687
   18979      16.1464
   18980      17.0669
   18981      17.4021
   18982      17.5869
   18983      17.1122
   18984      17.2836
   18985      17.1915
   18986      17.0974
   18987      17.4084
   18988      16.7678
   18989      16.5539
   18990      16.7921
   18991      17.1280
   18992      16.6194
   18993      16.6389
   18994      17.5398
   18995      16.6011
   18996      17.1574
   18997      16.9407
   18998      17.2760
   18999      16.9409
   19000      16.5248
   19001      16.3508
   19002      16.6427
   19003      16.4015
   19004      16.8456
   19005      16.8028
   19006      16.9504
   19007      16.8750
   19008      16.5954
   19009      16.6591
   19010      16.4482
   19011      16.7550
   19012      17.0988
   19013      17.2258
   19014      16.9537
   19015      16.8968
   19016      17.2856
   19017      18.1063
   19018      17.5399
   19019      17.7378
   19020      16.9762
   19021      16.1924
   19022      16.3203
   19023      16.4571
   19024      16.1990
   19025      16.8694
   19026      16.6590
   19027      17.1764
   19028      17.2593
   19029      17.1811
   19030      17.1074
   19031      17.1187
   19032      16.6755
   19033      16.9509
   19034      17.1798
   19035      16.9951
   19036      16.8165
   19037      17.2459
   19038      16.9361
   19039      16.6040
   19040      16.5399
   19041      17.1401
   19042      16.7990
   19043      16.9133
   19044      16.7430
   19045      16.8993
   19046      16.8581
   19047      16.9450
   19048      16.6926
   19049      16.8317
   19050      17.3439
   19051      17.3402
   19052      17.2943
   19053      17.1315
   19054      16.8316
   19055      17.0959
   19056      16.8620
   19057      17.7236
   19058      16.6680
   19059      16.2305
   19060      16.4278
   19061      16.8861
   19062      17.2016
   19063      17.1451
   19064      17.1442
   19065      16.3750
   19066      15.8942
   19067      16.8040
   19068      16.6487
   19069      16.7895
   19070      17.4468
   19071      16.9911
   19072      16.4158
   19073      16.7357
   19074      17.1454
   19075      16.5219
   19076      17.1601
   19077      17.3511
   19078      17.5603
   19079      16.8951
   19080      16.5623
   19081      16.7904
   19082      17.4151
   19083      16.9236
   19084      15.3119
   19085      16.2123
   19086      15.5207
   19087      15.9444
   19088      16.5899
   19089      16.5710
   19090      15.9924
   19091      16.7236
   19092      16.5673
   19093      16.5762
   19094      15.9041
   19095      16.1270
   19096      16.9969
   19097      16.9790
   19098      16.5402
   19099      16.5448
   19100      17.1441
   19101      16.0919
   19102      17.0750
   19103      16.5038
   19104      17.0925
   19105      16.8296
   19106      16.5333
   19107      15.9892
   19108      16.9544
   19109      16.7817
   19110      16.7789
   19111      17.3333
   19112      16.7829
   19113      16.8959
   19114      17.1165
   19115      15.9171
   19116      16.3707
   19117      16.2046
   19118      16.9517
   19119      17.1892
   19120      16.5892
   19121      16.7138
   19122      17.0072
   19123      17.1460
   19124      16.8515
   19125      16.3285
   19126      16.2327
   19127      16.2612
   19128      16.5777
   19129      16.6903
   19130      16.3043
   19131      16.5431
   19132      17.0327
   19133      16.9523
   19134      16.2622
   19135      16.3145
   19136      16.1847
   19137      16.7499
   19138      16.8614
   19139      16.7624
   19140      16.0145
   19141      15.8979
   19142      16.0214
   19143      16.1124
   19144      15.9629
   19145      15.7916
   19146      16.2441
   19147      16.7299
   19148      16.7863
   19149      16.1094
   19150      17.0254
   19151      16.8701
   19152      17.0333
   19153      16.4762
   19154      17.0615
   19155      17.0874
   19156      16.3294
   19157      16.0164
   19158      16.5412
   19159      17.1564
   19160      16.8493
   19161      16.7513
   19162      16.5625
   19163      16.6121
   19164      16.7657
   19165      16.8011
   19166      16.6623
   19167      15.8399
   19168      16.5751
   19169      16.3437
   19170      16.9747
   19171      17.2081
   19172      17.3369
   19173      17.2767
   19174      17.2855
   19175      17.2171
   19176      16.7331
   19177      16.8963
   19178      17.2886
   19179      16.7863
   19180      16.5967
   19181      16.3592
   19182      16.4363
   19183      16.3635
   19184      16.7482
   19185      16.6981
   19186      16.4874
   19187      16.5725
   19188      17.1158
   19189      16.9530
   19190      17.0352
   19191      16.9244
   19192      16.6235
   19193      16.0495
   19194      16.7717
   19195      16.3171
   19196      16.2793
   19197      15.8296
   19198      16.2981
   19199      15.9298
   19200      16.8065
   19201      16.9528
   19202      17.5075
   19203      17.2892
   19204      17.1774
   19205      16.3974
   19206      17.0769
   19207      16.1305
   19208      16.5547
   19209      17.1865
   19210      16.3475
   19211      16.8169
   19212      17.0739
   19213      16.4331
   19214      16.8324
   19215      16.7472
   19216      16.3872
   19217      16.4035
   19218      16.6687
   19219      16.3195
   19220      16.8889
   19221      16.2545
   19222      16.3846
   19223      17.4105
   19224      16.5089
   19225      16.9344
   19226      16.8066
   19227      16.3290
   19228      16.6997
   19229      16.7710
   19230      16.0367
   19231      17.1776
   19232      16.9004
   19233      16.8593
   19234      16.8681
   19235      16.5837
   19236      16.5723
   19237      16.6781
   19238      16.8507
   19239      16.9230
   19240      16.7588
   19241      16.4452
   19242      16.5291
   19243      16.4035
   19244      16.8286
   19245      16.5231
   19246      16.3960
   19247      17.0328
   19248      16.3963
   19249      16.3729
   19250      17.8302
   19251      17.0838
   19252      16.6802
   19253      16.7933
   19254      17.0142
   19255      16.8460
   19256      16.6074
   19257      16.7955
   19258      17.0536
   19259      17.5383
   19260      17.2661
   19261      17.6900
   19262      17.0447
   19263      17.6931
   19264      16.4871
   19265      17.2747
   19266      17.1741
   19267      17.5184
   19268      17.6489
   19269      16.9926
   19270      16.5231
   19271      16.8175
   19272      16.4145
   19273      16.9438
   19274      16.2300
   19275      16.2489
   19276      16.9816
   19277      16.4531
   19278      15.5786
   19279      16.6607
   19280      16.2166
   19281      15.9515
   19282      16.8294
   19283      16.1722
   19284      16.6514
   19285      16.6544
   19286      17.1331
   19287      16.4544
   19288      16.1956
   19289      15.8477
   19290      17.0359
   19291      16.5144
   19292      16.5774
   19293      16.2088
   19294      16.5970
   19295      16.9898
   19296      16.2038
   19297      16.5286
   19298      16.6173
   19299      16.7811
   19300      17.0444
   19301      17.7655
   19302      17.0674
   19303      16.8204
   19304      17.3538
   19305      16.9343
   19306      17.1893
   19307      17.2676
   19308      17.0340
   19309      16.0069
   19310      17.1038
   19311      16.7499
   19312      16.8124
   19313      17.3727
   19314      17.4128
   19315      17.3617
   19316      17.0217
   19317      17.1141
   19318      16.5329
   19319      17.7475
   19320      17.2281
   19321      16.7702
   19322      16.8419
   19323      17.2551
   19324      17.4373
   19325      17.3480
   19326      16.7965
   19327      17.4220
   19328      16.2373
   19329      17.5114
   19330      16.7204
   19331      17.2641
   19332      17.4316
   19333      17.3054
   19334      17.5428
   19335      17.5362
   19336      17.4763
   19337      17.4764
   19338      16.9051
   19339      17.4933
   19340      17.4884
   19341      16.8490
   19342      16.7043
   19343      16.7170
   19344      16.8055
   19345      16.1876
   19346      17.1257
   19347      16.8934
   19348      17.0342
   19349      16.2457
   19350      17.2613
   19351      16.3857
   19352      18.0139
   19353      17.3092
   19354      18.1597
   19355      17.4126
   19356      17.4556
   19357      17.1476
   19358      17.0948
   19359      17.0145
   19360      17.3500
   19361      16.4490
   19362      17.5001
   19363      17.2059
   19364      17.3157
   19365      16.8332
   19366      16.4163
   19367      16.7396
   19368      16.6648
   19369      16.4385
   19370      16.7300
   19371      16.4838
   19372      16.5074
   19373      16.3307
   19374      16.3428
   19375      16.9449
   19376      17.1679
   19377      17.0759
   19378      16.7628
   19379      16.1340
   19380      16.9575
   19381      16.6678
   19382      16.1428
   19383      16.1011
   19384      15.9371
   19385      16.9794
   19386      17.1115
   19387      17.2525
   19388      17.3676
   19389      16.6225
   19390      16.7815
   19391      16.9582
   19392      16.1759
   19393      16.8987
   19394      16.8210
   19395      16.9373
   19396      15.8579
   19397      15.7299
   19398      16.2356
   19399      16.0130
   19400      16.4519
   19401      16.4575
   19402      16.4690
   19403      16.7586
   19404      16.2997
   19405      16.9107
   19406      16.4887
   19407      16.7427
   19408      17.5519
   19409      16.4535
   19410      16.7329
   19411      16.4673
   19412      17.0577
   19413      16.5042
   19414      16.6583
   19415      16.3526
   19416      16.6835
   19417      15.9496
   19418      17.1932
   19419      17.2813
   19420      16.6851
   19421      16.9459
   19422      17.6724
   19423      17.7662
   19424      17.5795
   19425      17.8807
   19426      17.1375
   19427      17.2078
   19428      16.5400
   19429      17.2111
   19430      17.0919
   19431      17.3292
   19432      16.8445
   19433      16.0717
   19434      16.6498
   19435      16.1890
   19436      16.7238
   19437      16.5736
   19438      16.9623
   19439      16.5544
   19440      16.5856
   19441      16.5439
   19442      16.7152
   19443      17.1018
   19444      16.4302
   19445      17.0310
   19446      17.1581
   19447      16.6662
   19448      17.2152
   19449      17.5866
   19450      18.5247
   19451      17.5907
   19452      17.5353
   19453      17.2823
   19454      17.5952
   19455      17.8554
   19456      17.8915
   19457      17.9540
   19458      17.7902
   19459      17.4956
   19460      16.9553
   19461      17.2852
   19462      16.9606
   19463      16.6748
   19464      17.4426
   19465      17.3947
   19466      16.9228
   19467      16.9595
   19468      17.3677
   19469      16.8731
   19470      17.2218
   19471      17.1573
   19472      17.3318
   19473      16.8484
   19474      17.2434
   19475      17.4735
   19476      17.0833
   19477      17.6578
   19478      17.7845
   19479      17.1989
   19480      17.5665
   19481      17.3486
   19482      17.4204
   19483      17.1941
   19484      17.2528
   19485      17.6163
   19486      17.8307
   19487      17.0770
   19488      16.9991
   19489      17.4575
   19490      16.8305
   19491      17.1524
   19492      16.1400
   19493      17.2095
   19494      17.8131
   19495      17.3740
   19496      17.8335
   19497      17.5750
   19498      17.3126
   19499      17.9158
   19500      17.3670
   19501      17.0387
   19502      17.3083
   19503      17.4891
   19504      17.4541
   19505      17.3303
   19506      16.7297
   19507      17.1968
   19508      17.1990
   19509      16.9870
   19510      17.7805
   19511      17.4664
   19512      17.2791
   19513      17.2817
   19514      17.6019
   19515      17.9541
   19516      17.5265
   19517      17.4832
   19518      17.4856
   19519      17.1494
   19520      17.5569
   19521      17.2633
   19522      17.3852
   19523      16.6671
   19524      17.1852
   19525      17.1911
   19526      17.1238
   19527      17.4334
   19528      17.6930
   19529      17.5024
   19530      17.2334
   19531      16.9031
   19532      17.3330
   19533      17.8328
   19534      18.0110
   19535      17.6825
   19536      17.6870
   19537      17.3590
   19538      17.5254
   19539      17.2460
   19540      17.1218
   19541      16.5544
   19542      17.2082
   19543      17.7177
   19544      17.3737
   19545      16.2869
   19546      17.4467
   19547      17.4141
   19548      17.9456
   19549      16.9421
   19550      16.7430
   19551      16.9655
   19552      17.2145
   19553      17.1575
   19554      17.1572
   19555      17.8662
   19556      17.6164
   19557      17.6438
   19558      17.5750
   19559      17.4232
   19560      17.6056
   19561      17.0519
   19562      16.4701
   19563      16.5714
   19564      16.9466
   19565      16.9281
   19566      17.2242
   19567      17.0828
   19568      17.0062
   19569      17.1331
   19570      17.3551
   19571      17.0799
   19572      16.0471
   19573      16.4380
   19574      17.1657
   19575      16.6005
   19576      17.1656
   19577      17.3978
   19578      16.8134
   19579      17.4814
   19580      16.7367
   19581      18.0453
   19582      16.9408
   19583      17.3562
   19584      16.7269
   19585      16.8385
   19586      16.7471
   19587      16.9760
   19588      17.1679
   19589      17.1802
   19590      17.0707
   19591      17.3502
   19592      17.1210
   19593      17.9058
   19594      17.0403
   19595      17.6041
   19596      17.0710
   19597      17.0966
   19598      16.0948
   19599      16.8434
   19600      17.2942
   19601      16.2188
   19602      16.7440
   19603      16.8887
   19604      16.7924
   19605      16.8236
   19606      16.3391
   19607      16.9000
   19608      16.7092
   19609      16.4521
   19610      15.7921
   19611      16.4072
   19612      16.2781
   19613      17.1280
   19614      17.2536
   19615      17.5398
   19616      17.5674
   19617      17.8629
   19618      17.6149
   19619      17.2952
   19620      17.6982
   19621      17.7465
   19622      17.3293
   19623      17.8671
   19624      17.6603
   19625      17.6709
   19626      17.2039
   19627      17.9342
   19628      17.7128
   19629      17.6219
   19630      17.4680
   19631      17.5475
   19632      17.5805
   19633      17.4466
   19634      17.6194
   19635      17.5490
   19636      17.0764
   19637      17.2738
   19638      17.7451
   19639      17.9750
   19640      17.1074
   19641      17.6795
   19642      17.0799
   19643      17.6231
   19644      17.8131
   19645      18.1708
   19646      17.2729
   19647      18.2549
   19648      17.9932
   19649      17.7542
   19650      17.7528
   19651      17.7182
   19652      17.0372
   19653      17.9956
   19654      17.4517
   19655      16.8492
   19656      16.7722
   19657      16.7960
   19658      17.4410
   19659      16.9103
   19660      16.5727
   19661      16.4093
   19662      16.2213
   19663      16.1160
   19664      16.3584
   19665      16.9009
   19666      16.9094
   19667      17.2774
   19668      17.0753
   19669      17.1866
   19670      16.5631
   19671      15.5649
   19672      15.9890
   19673      16.0249
   19674      16.4189
   19675      17.0361
   19676      16.3372
   19677      17.1249
   19678      16.8662
   19679      17.0257
   19680      16.8011
   19681      16.9135
   19682      18.2019
   19683      17.5497
   19684      17.3708
   19685      17.5925
   19686      18.1712
   19687      17.3556
   19688      17.3004
   19689      18.0722
   19690      17.6662
   19691      17.3814
   19692      17.8504
   19693      17.6772
   19694      17.2786
   19695      17.6064
   19696      17.4748
   19697      17.9189
   19698      17.8539
   19699      17.8252
   19700      17.9799
   19701      18.2331
   19702      16.8139
   19703      17.5702
   19704      17.5181
   19705      17.4403
   19706      16.6418
   19707      17.5385
   19708      16.9606
   19709      16.7389
   19710      17.2196
   19711      17.4094
   19712      17.4322
   19713      17.2482
   19714      17.2484
   19715      17.7536
   19716      17.0880
   19717      18.1628
   19718      17.7610
   19719      17.4139
   19720      17.0453
   19721      16.4474
   19722      16.8722
   19723      16.7131
   19724      16.6438
   19725      16.9190
   19726      16.9385
   19727      17.6320
   19728      17.2708
   19729      17.2409
   19730      17.8728
   19731      18.0788
   19732      17.9947
   19733      17.4016
   19734      17.5054
   19735      17.3600
   19736      17.1485
   19737      16.9116
   19738      17.8944
   19739      17.6549
   19740      17.4572
   19741      17.7765
   19742      17.4255
   19743      17.3879
   19744      17.2684
   19745      17.4877
   19746      16.9179
   19747      17.1851
   19748      17.2301
   19749      17.6675
   19750      17.3057
   19751      17.4102
   19752      17.0145
   19753      17.3617
   19754      16.9720
   19755      17.2867
   19756      17.5662
   19757      17.8321
   19758      17.3162
   19759      17.6688
   19760      17.7685
   19761      16.8944
   19762      17.2269
   19763      17.2789
   19764      17.4132
   19765      17.3462
   19766      17.3629
   19767      18.1973
   19768      17.7577
   19769      17.5995
   19770      17.5688
   19771      16.4222
   19772      18.1658
   19773      17.0941
   19774      17.3963
   19775      16.8182
   19776      17.3887
   19777      17.1546
   19778      17.4231
   19779      17.3814
   19780      17.2528
   19781      17.1324
   19782      17.3240
   19783      17.1340
   19784      17.3641
   19785      17.3816
   19786      17.1115
   19787      16.9174
   19788      16.9459
   19789      17.2167
   19790      17.8754
   19791      17.3898
   19792      17.2477
   19793      17.5928
   19794      17.7886
   19795      17.5837
   19796      16.2393
   19797      17.3695
   19798      16.7944
   19799      16.3846
   19800      16.2190
   19801      16.4951
   19802      16.6347
   19803      17.1413
   19804      16.6801
   19805      17.7418
   19806      17.1291
   19807      17.5231
   19808      16.9290
   19809      17.3524
   19810      17.5928
   19811      17.8511
   19812      17.8701
   19813      17.5255
   19814      18.0885
   19815      17.5255
   19816      17.8845
   19817      17.6547
   19818      16.9623
   19819      16.7217
   19820      16.6070
   19821      17.7442
   19822      17.2570
   19823      17.3006
   19824      17.4360
   19825      17.4741
   19826      17.8715
   19827      17.6058
   19828      17.8381
   19829      17.6209
   19830      18.3091
   19831      18.2654
   19832      17.3576
   19833      17.8918
   19834      17.5651
   19835      17.2466
   19836      16.9073
   19837      17.4503
   19838      17.2513
   19839      17.1268
   19840      16.9029
   19841      17.1508
   19842      16.9447
   19843      16.6247
   19844      17.1302
   19845      17.6857
   19846      17.3282
   19847      17.8357
   19848      17.5469
   19849      17.9282
   19850      17.5150
   19851      17.5577
   19852      17.6744
   19853      18.0175
   19854      17.5381
   19855      17.5296
   19856      17.3099
   19857      17.3755
   19858      17.1552
   19859      17.3457
   19860      17.1104
   19861      16.8784
   19862      16.3537
   19863      17.2760
   19864      17.1693
   19865      17.4373
   19866      17.9393
   19867      17.2110
   19868      16.6084
   19869      17.2040
   19870      17.9782
   19871      17.0218
   19872      17.2053
   19873      17.2271
   19874      16.6590
   19875      17.6996
   19876      17.3117
   19877      17.6302
   19878      17.3894
   19879      16.5307
   19880      17.1759
   19881      17.5336
   19882      17.2175
   19883      17.0124
   19884      17.1271
   19885      16.6950
   19886      17.1752
   19887      16.9270
   19888      16.7532
   19889      16.9324
   19890      17.7520
   19891      17.3435
   19892      18.0439
   19893      17.4331
   19894      17.1672
   19895      17.1645
   19896      16.4057
   19897      17.3312
   19898      17.3239
   19899      17.4902
   19900      17.7214
   19901      17.6301
   19902      17.4158
   19903      17.6797
   19904      17.0460
   19905      18.1459
   19906      17.3907
   19907      17.3677
   19908      17.7692
   19909      17.6730
   19910      17.5494
   19911      17.9955
   19912      17.5563
   19913      16.9628
   19914      17.1863
   19915      18.2328
   19916      17.6418
   19917      17.4140
   19918      17.7951
   19919      17.6882
   19920      16.4480
   19921      16.2947
   19922      16.2550
   19923      17.5446
   19924      17.1159
   19925      16.8217
   19926      17.2685
   19927      16.7592
   19928      17.1965
   19929      17.5579
   19930      17.4418
   19931      17.5844
   19932      17.2285
   19933      17.2023
   19934      17.4351
   19935      17.7613
   19936      17.2512
   19937      17.3913
   19938      17.4400
   19939      17.5806
   19940      17.7752
   19941      18.0477
   19942      18.2408
   19943      17.6930
   19944      17.2062
   19945      17.8339
   19946      17.8838
   19947      17.8264
   19948      17.0260
   19949      17.5570
   19950      17.6311
   19951      17.6313
   19952      17.8360
   19953      17.2876
   19954      17.6812
   19955      17.9572
   19956      17.2641
   19957      17.4763
   19958      17.1223
   19959      16.9091
   19960      17.0062
   19961      16.6892
   19962      16.1819
   19963      15.9114
   19964      16.8076
   19965      16.1358
   19966      16.7529
   19967      16.1315
   19968      15.8266
   19969      15.5074
   19970      16.4632
   19971      16.3698
   19972      15.9681
   19973      15.9912
   19974      17.1148
   19975      16.2188
   19976      15.4180
   19977      15.7251
   19978      15.5173
   19979      15.2273
   19980      15.2842
   19981      15.0762
   19982      15.7229
   19983      15.5189
   19984      15.6078
   19985      16.1933
   19986      16.2424
   19987      16.3025
   19988      17.1784
   19989      15.8757
   19990      16.6360
   19991      16.3766
   19992      17.7584
   19993      17.0934
   19994      17.2757
   19995      17.6045
   19996      16.8828
   19997      16.7917
   19998      17.7977
   19999      17.2744
   20000      18.3387
   20001      17.5809
   20002      17.1665
   20003      17.1806
   20004      17.5637
   20005      17.6591
   20006      18.3166
   20007      18.0922
   20008      18.1153
   20009      17.1659
   20010      17.8070
   20011      18.2283
   20012      17.5320
   20013      17.9431
   20014      17.2331
   20015      17.7262
   20016      17.8930
   20017      17.9599
   20018      17.9153
   20019      17.5542
   20020      16.5322
   20021      16.8198
   20022      17.0439
   20023      17.4238
   20024      17.1070
   20025      17.5458
   20026      17.5498
   20027      16.9286
   20028      17.3612
   20029      16.9800
   20030      17.1915
   20031      17.4113
   20032      16.5375
   20033      16.8809
   20034      16.6254
   20035      17.2158
   20036      17.1980
   20037      16.9788
   20038      17.5893
   20039      16.6970
   20040      16.3690
   20041      16.2822
   20042      16.0029
   20043      16.7094
   20044      16.3715
   20045      16.9858
   20046      17.0599
   20047      16.5900
   20048      16.6464
   20049      16.6732
   20050      16.5181
   20051      16.2865
   20052      16.0762
   20053      16.3396
   20054      16.8807
   20055      17.1199
   20056      18.1204
   20057      16.6938
   20058      17.1353
   20059      16.9975
   20060      17.8318
   20061      17.8082
   20062      17.8359
   20063      17.2551
   20064      17.8383
   20065      16.7251
   20066      16.2940
   20067      16.6145
   20068      16.8427
   20069      15.6798
   20070      16.1986
   20071      16.6492
   20072      17.0313
   20073      17.3226
   20074      17.2797
   20075      17.1947
   20076      17.3664
   20077      16.9524
   20078      17.0721
   20079      16.2161
   20080      16.4937
   20081      16.6146
   20082      16.7586
   20083      16.9109
   20084      16.7845
   20085      16.4374
   20086      16.8144
   20087      16.6395
   20088      17.1237
   20089      16.7925
   20090      17.0825
   20091      17.0351
   20092      16.7015
   20093      17.7087
   20094      17.3926
   20095      16.8646
   20096      16.7513
   20097      16.6049
   20098      16.7381
   20099      16.5345
   20100      17.2217
   20101      17.3018
   20102      17.2814
   20103      17.4376
   20104      16.6223
   20105      17.2848
   20106      16.6784
   20107      17.0468
   20108      16.4787
   20109      16.2006
   20110      16.7879
   20111      16.9683
   20112      16.3359
   20113      16.7973
   20114      16.7466
   20115      17.1360
   20116      16.6813
   20117      16.6482
   20118      16.2156
   20119      16.0765
   20120      16.1951
   20121      15.9778
   20122      16.8894
   20123      16.8239
   20124      16.9336
   20125      16.7029
   20126      16.6465
   20127      17.1854
   20128      16.4609
   20129      16.2394
   20130      17.0708
   20131      16.9564
   20132      17.4255
   20133      16.4696
   20134      17.0494
   20135      17.5794
   20136      17.0519
   20137      16.9255
   20138      17.4937
   20139      16.7142
   20140      16.6848
   20141      17.1599
   20142      17.2510
   20143      16.4812
   20144      17.2915
   20145      17.1550
   20146      16.8601
   20147      16.9437
   20148      16.7087
   20149      17.2478
   20150      16.5344
   20151      16.6694
   20152      16.8587
   20153      16.1070
   20154      17.0906
   20155      15.9974
   20156      15.8976
   20157      16.3888
   20158      16.4956
   20159      16.5820
   20160      16.5026
   20161      16.4481
   20162      16.4321
   20163      16.7439
   20164      17.1386
   20165      17.3220
   20166      17.1092
   20167      16.8590
   20168      17.2312
   20169      17.5560
   20170      16.6888
   20171      16.9670
   20172      16.7780
   20173      17.3274
   20174      17.3498
   20175      17.7538
   20176      17.1665
   20177      16.8316
   20178      17.0023
   20179      17.3261
   20180      17.2079
   20181      17.5021
   20182      16.8203
   20183      17.2131
   20184      16.4170
   20185      16.8921
   20186      17.5898
   20187      16.8856
   20188      16.6025
   20189      17.6928
   20190      16.6702
   20191      17.5178
   20192      16.6612
   20193      16.5050
   20194      16.4136
   20195      16.5542
   20196      16.6010
   20197      17.5296
   20198      17.2680
   20199      17.4280
   20200      17.1037
   20201      17.1996
   20202      16.9849
   20203      16.8492
   20204      16.7822
   20205      16.9233
   20206      17.1992
   20207      17.3975
   20208      17.4016
   20209      17.9440
   20210      17.8009
   20211      17.6047
   20212      17.8502
   20213      16.9551
   20214      16.9139
   20215      17.2505
   20216      17.4312
   20217      17.4634
   20218      17.2964
   20219      16.9904
   20220      16.9425
   20221      16.2118
   20222      17.0044
   20223      16.5888
   20224      16.8615
   20225      16.9164
   20226      16.7186
   20227      16.7651
   20228      17.0972
   20229      16.7792
   20230      15.9363
   20231      16.5404
   20232      16.8031
   20233      16.6788
   20234      17.1272
   20235      17.5344
   20236      16.8224
   20237      16.9809
   20238      16.6515
   20239      16.6576
   20240      16.6476
   20241      16.2711
   20242      16.7124
   20243      16.7950
   20244      17.4676
   20245      17.8921
   20246      17.5303
   20247      16.8285
   20248      16.9362
   20249      16.7758
   20250      16.3498
   20251      17.5836
   20252      16.8499
   20253      17.2405
   20254      16.7777
   20255      17.3687
   20256      17.2553
   20257      16.3155
   20258      16.5882
   20259      17.0278
   20260      18.0021
   20261      17.6059
   20262      17.0813
   20263      17.3212
   20264      17.4116
   20265      17.1103
   20266      17.0149
   20267      17.3248
   20268      17.0897
   20269      17.7006
   20270      18.3178
   20271      18.0220
   20272      17.7622
   20273      17.8254
   20274      17.4370
   20275      16.7192
   20276      17.3117
   20277      17.1217
   20278      17.1173
   20279      17.0584
   20280      16.5059
   20281      17.1244
   20282      17.2575
   20283      17.2094
   20284      17.4293
   20285      17.3930
   20286      16.8790
   20287      17.4447
   20288      17.5631
   20289      17.9832
   20290      17.9933
   20291      17.0976
   20292      17.7287
   20293      17.7706
   20294      17.6392
   20295      16.6223
   20296      16.7499
   20297      16.5006
   20298      16.9041
   20299      16.6119
   20300      16.4550
   20301      16.4448
   20302      17.0161
   20303      17.3919
   20304      16.9625
   20305      17.2076
   20306      17.0001
   20307      16.8899
   20308      16.7324
   20309      17.1896
   20310      17.2645
   20311      16.9468
   20312      16.6751
   20313      17.5135
   20314      17.1649
   20315      17.5134
   20316      17.4353
   20317      17.2352
   20318      17.5680
   20319      17.2400
   20320      16.5099
   20321      17.2191
   20322      17.4575
   20323      16.9220
   20324      17.1040
   20325      16.4073
   20326      17.0371
   20327      17.2623
   20328      16.2988
   20329      16.4157
   20330      17.3280
   20331      16.5801
   20332      16.1571
   20333      17.2810
   20334      16.7934
   20335      16.8046
   20336      17.0017
   20337      16.2719
   20338      16.3276
   20339      16.4922
   20340      16.8835
   20341      16.6564
   20342      16.5001
   20343      16.7188
   20344      16.6323
   20345      17.5811
   20346      16.6433
   20347      16.7760
   20348      17.0061
   20349      16.2662
   20350      16.4074
   20351      16.3242
   20352      17.1741
   20353      17.0859
   20354      16.2989
   20355      16.6782
   20356      17.1326
   20357      16.2275
   20358      16.1228
   20359      16.1967
   20360      15.7917
   20361      16.4603
   20362      16.4458
   20363      15.8346
   20364      16.3612
   20365      17.1406
   20366      17.0209
   20367      16.7629
   20368      17.1595
   20369      16.8498
   20370      17.2003
   20371      16.9004
   20372      17.7671
   20373      16.8907
   20374      16.5121
   20375      16.7310
   20376      15.9627
   20377      16.9477
   20378      16.5857
   20379      17.0223
   20380      16.9160
   20381      17.2528
   20382      16.5820
   20383      17.1445
   20384      17.3493
   20385      16.6760
   20386      16.7406
   20387      17.3755
   20388      17.3767
   20389      16.6526
   20390      16.9265
   20391      17.2755
   20392      16.6875
   20393      17.5828
   20394      16.6189
   20395      16.5329
   20396      16.9537
   20397      16.9016
   20398      16.7451
   20399      16.6292
   20400      17.5476
   20401      16.8937
   20402      16.1122
   20403      17.3929
   20404      17.1278
   20405      17.5878
   20406      17.5424
   20407      16.7803
   20408      17.1406
   20409      17.2277
   20410      17.2135
   20411      16.9794
   20412      16.6826
   20413      16.4067
   20414      15.8354
   20415      16.7563
   20416      16.2519
   20417      16.7140
   20418      16.5303
   20419      15.6966
   20420      15.9116
   20421      16.8454
   20422      17.4844
   20423      17.5369
   20424      17.2355
   20425      17.3744
   20426      17.2527
   20427      16.9007
   20428      16.8316
   20429      16.9099
   20430      17.1933
   20431      16.9288
   20432      17.6857
   20433      17.7780
   20434      17.1226
   20435      17.5483
   20436      17.8619
   20437      17.7074
   20438      17.6580
   20439      17.5218
   20440      17.6732
   20441      18.2441
   20442      17.8694
   20443      17.7374
   20444      17.1709
   20445      17.2601
   20446      17.2331
   20447      17.2719
   20448      17.1282
   20449      17.1105
   20450      16.6486
   20451      17.3029
   20452      17.4304
   20453      16.6729
   20454      16.4940
   20455      17.1042
   20456      16.4416
   20457      16.6599
   20458      17.1878
   20459      16.9745
   20460      16.7398
   20461      16.7613
   20462      17.4410
   20463      17.0652
   20464      17.5369
   20465      16.7979
   20466      17.1195
   20467      17.3337
   20468      17.6780
   20469      17.5938
   20470      17.5136
   20471      16.7114
   20472      16.7900
   20473      17.2156
   20474      16.5582
   20475      16.5781
   20476      16.6876
   20477      16.3344
   20478      17.1173
   20479      17.0709
   20480      17.2068
   20481      16.6059
   20482      16.4369
   20483      17.2826
   20484      17.5007
   20485      16.9874
   20486      17.3114
   20487      16.9098
   20488      16.7864
   20489      16.5871
   20490      17.2609
   20491      17.1719
   20492      16.4090
   20493      16.5505
   20494      15.9527
   20495      16.5967
   20496      15.7942
   20497      16.0899
   20498      16.3418
   20499      16.5316
   20500      16.5685
   20501      16.1993
   20502      16.9998
   20503      16.8667
   20504      16.5811
   20505      16.2799
   20506      17.1097
   20507      17.0077
   20508      16.8611
   20509      17.3868
   20510      17.3898
   20511      17.5876
   20512      17.6740
   20513      17.3845
   20514      16.4680
   20515      16.5574
   20516      16.1817
   20517      17.1963
   20518      16.7833
   20519      16.7083
   20520      16.8432
   20521      15.8740
   20522      16.2493
   20523      16.8753
   20524      17.1067
   20525      17.5512
   20526      16.8245
   20527      15.9555
   20528      16.6208
   20529      16.2013
   20530      17.1480
   20531      16.9981
   20532      17.2845
   20533      17.3759
   20534      17.3088
   20535      17.6690
   20536      17.1129
   20537      17.2813
   20538      16.8550
   20539      17.2778
   20540      17.1157
   20541      17.4999
   20542      17.7103
   20543      17.4935
   20544      17.2958
   20545      16.4223
   20546      16.8103
   20547      16.4809
   20548      16.4824
   20549      16.2570
   20550      16.8840
   20551      17.1804
   20552      16.8714
   20553      17.7650
   20554      16.4413
   20555      17.4344
   20556      16.4615
   20557      17.8504
   20558      17.4540
   20559      17.5981
   20560      17.1892
   20561      17.0536
   20562      17.4297
   20563      17.4998
   20564      17.1447
   20565      17.4469
   20566      17.2615
   20567      17.9167
   20568      17.1652
   20569      17.2128
   20570      17.9945
   20571      17.9106
   20572      17.3072
   20573      17.3740
   20574      17.6164
   20575      17.6988
   20576      17.9637
   20577      18.2385
   20578      17.8782
   20579      17.4599
   20580      17.0938
   20581      18.5818
   20582      17.6120
   20583      16.9131
   20584      17.3973
   20585      17.5997
   20586      17.1676
   20587      17.1617
   20588      17.7787
   20589      17.7228
   20590      17.3337
   20591      17.1779
   20592      17.4216
   20593      17.5357
   20594      17.1870
   20595      15.7474
   20596      17.3978
   20597      17.3715
   20598      17.1163
   20599      16.8921
   20600      16.4799
   20601      17.2894
   20602      17.8261
   20603      17.2834
   20604      16.9342
   20605      17.4577
   20606      17.7191
   20607      17.5330
   20608      17.4024
   20609      17.6311
   20610      17.2117
   20611      16.4210
   20612      17.3801
   20613      17.2909
   20614      17.2874
   20615      17.0180
   20616      17.0002
   20617      17.5608
   20618      17.6702
   20619      18.0221
   20620      17.2515
   20621      17.4277
   20622      17.2425
   20623      17.6653
   20624      17.5775
   20625      17.7477
   20626      17.5059
   20627      17.4412
   20628      17.3522
   20629      17.7754
   20630      17.7026
   20631      17.2397
   20632      17.2668
   20633      17.9216
   20634      17.5069
   20635      17.5601
   20636      17.1467
   20637      16.8552
   20638      16.4631
   20639      17.1349
   20640      18.0561
   20641      17.5723
   20642      17.1922
   20643      17.8838
   20644      17.3584
   20645      17.6934
   20646      17.4696
   20647      17.7309
   20648      17.2235
   20649      17.0227
   20650      17.3044
   20651      17.3259
   20652      17.6872
   20653      17.1608
   20654      17.7124
   20655      17.3828
   20656      17.3929
   20657      17.0474
   20658      17.5356
   20659      17.4584
   20660      17.3080
   20661      16.8422
   20662      16.5002
   20663      17.2057
   20664      17.0010
   20665      16.9113
   20666      17.7706
   20667      17.9809
   20668      17.0275
   20669      17.2936
   20670      16.9629
   20671      16.7036
   20672      17.6054
   20673      17.4310
   20674      17.6992
   20675      17.6054
   20676      17.5690
   20677      17.2674
   20678      17.2240
   20679      16.8273
   20680      17.5510
   20681      17.0577
   20682      17.2118
   20683      17.5852
   20684      16.9151
   20685      16.8731
   20686      17.1598
   20687      17.5676
   20688      17.8996
   20689      17.8873
   20690      17.4167
   20691      17.0030
   20692      17.1434
   20693      17.6276
   20694      17.2118
   20695      17.5642
   20696      17.4528
   20697      17.2583
   20698      17.4544
   20699      17.2860
   20700      17.6213
   20701      17.8594
   20702      16.9687
   20703      17.4908
   20704      17.6398
   20705      17.8200
   20706      17.9639
   20707      17.8568
   20708      17.6875
   20709      17.0290
   20710      17.1145
   20711      17.8532
   20712      17.8554
   20713      17.5896
   20714      16.9199
   20715      17.2088
   20716      17.1555
   20717      16.5391
   20718      16.7397
   20719      16.7836
   20720      17.0956
   20721      17.2592
   20722      17.3285
   20723      16.6944
   20724      16.8167
   20725      17.0946
   20726      16.2755
   20727      15.2550
   20728      14.9591
   20729      16.2562
   20730      15.7289
   20731      15.6217
   20732      16.2502
   20733      16.3299
   20734      16.0549
   20735      16.2391
   20736      17.0579
   20737      17.3252
   20738      16.9207
   20739      16.7653
   20740      16.5153
   20741      16.6315
   20742      16.3629
   20743      16.6284
   20744      16.5285
   20745      16.7323
   20746      16.1271
   20747      16.4615
   20748      15.9137
   20749      15.2928
   20750      15.6319
   20751      16.0064
   20752      15.5461
   20753      15.8308
   20754      16.0236
   20755      15.6888
   20756      15.7204
   20757      16.7250
   20758      16.5255
   20759      16.3035
   20760      16.3769
   20761      16.1681
   20762      16.2086
   20763      16.0454
   20764      15.6076
   20765      15.5879
   20766      16.4928
   20767      16.1487
   20768      16.2756
   20769      15.8261
   20770      16.1960
   20771      15.3063
   20772      15.8680
   20773      16.3734
   20774      15.9346
   20775      15.8596
   20776      16.5857
   20777      16.1233
   20778      16.4406
   20779      16.0434
   20780      15.7924
   20781      15.8442
   20782      15.4902
   20783      15.1837
   20784      15.5353
   20785      15.2417
   20786      15.3682
   20787      15.4189
   20788      15.9449
   20789      15.1913
   20790      16.1505
   20791      15.5223
   20792      16.3172
   20793      16.2129
   20794      16.1443
   20795      15.9054
   20796      15.2532
   20797      15.5839
   20798      16.1132
   20799      15.5425
   20800      15.1200
   20801      15.1989
   20802      15.5045
   20803      15.2781
   20804      15.2778
   20805      15.9354
   20806      16.3017
   20807      16.0107
   20808      16.1593
   20809      16.1595
   20810      16.3418
   20811      16.2589
   20812      16.1217
   20813      16.5952
   20814      16.3040
   20815      15.8116
   20816      15.7572
   20817      15.8290
   20818      16.6494
   20819      16.1084
   20820      15.8574
   20821      15.6751
   20822      17.0092
   20823      16.3955
   20824      16.1739
   20825      16.0572
   20826      16.3883
   20827      16.1135
   20828      15.8804
   20829      15.9986
   20830      15.6647
   20831      16.2107
   20832      16.8110
   20833      16.4135
   20834      16.7452
   20835      16.3216
   20836      15.9713
   20837      16.3315
   20838      16.1206
   20839      16.1839
   20840      16.7797
   20841      16.1976
   20842      16.2580
   20843      16.0881
   20844      16.5989
   20845      16.4722
   20846      15.8410
   20847      16.3720
   20848      16.2819
   20849      16.3207
   20850      16.3276
   20851      16.1079
   20852      16.3179
   20853      16.1249
   20854      16.1030
   20855      16.5168
   20856      16.3208
   20857      16.2673
   20858      16.5546
   20859      16.1838
   20860      16.2790
   20861      15.8193
   20862      15.5491
   20863      16.2112
   20864      15.9663
   20865      15.6562
   20866      15.7876
   20867      15.8477
   20868      15.3840
   20869      16.2195
   20870      16.2549
   20871      15.8155
   20872      16.0307
   20873      15.5606
   20874      15.6412
   20875      15.6365
   20876      16.4751
   20877      16.1952
   20878      16.1006
   20879      15.7904
   20880      15.8949
   20881      15.6225
   20882      15.3435
   20883      15.3876
   20884      15.2699
   20885      15.8701
   20886      15.9218
   20887      15.5661
   20888      16.1521
   20889      15.8841
   20890      16.0491
   20891      15.6565
   20892      16.1165
   20893      15.7071
   20894      16.4001
   20895      15.8932
   20896      16.4440
   20897      16.0355
   20898      16.9069
   20899      16.7921
   20900      15.4664
   20901      16.3158
   20902      16.5861
   20903      15.7934
   20904      15.6821
   20905      15.7472
   20906      15.7989
   20907      16.0156
   20908      15.2077
   20909      15.2024
   20910      14.8698
   20911      15.2467
   20912      16.0535
   20913      16.4288
   20914      16.6793
   20915      16.6195
   20916      16.4114
   20917      17.3121
   20918      16.4727
   20919      16.9678
   20920      17.1518
   20921      17.3693
   20922      16.6171
   20923      15.8145
   20924      16.0707
   20925      15.3832
   20926      15.8959
   20927      16.7410
   20928      16.0383
   20929      16.1464
   20930      16.1146
   20931      16.6579
   20932      16.5475
   20933      17.4770
   20934      16.3554
   20935      16.8605
   20936      17.0380
   20937      16.4845
   20938      16.5161
   20939      16.4191
   20940      15.9167
   20941      16.1710
   20942      15.8229
   20943      16.5725
   20944      15.8591
   20945      15.4298
   20946      15.2842
   20947      15.9348
   20948      16.1290
   20949      15.9787
   20950      15.6113
   20951      15.9909
   20952      15.5796
   20953      16.1006
   20954      16.5686
   20955      16.8627
   20956      16.4206
   20957      16.7147
   20958      16.2858
   20959      16.2182
   20960      15.6282
   20961      15.8414
   20962      16.7568
   20963      16.2948
   20964      16.0020
   20965      15.6173
   20966      16.6327
   20967      16.2506
   20968      16.3618
   20969      16.4379
   20970      16.6030
   20971      16.3202
   20972      16.0082
   20973      15.8317
   20974      16.0112
   20975      16.1288
   20976      15.8193
   20977      15.9379
   20978      16.0885
   20979      15.7926
   20980      16.2739
   20981      16.1192
   20982      15.8881
   20983      16.3723
   20984      15.6648
   20985      15.9144
   20986      16.2011
   20987      16.4620
   20988      15.9175
   20989      16.0594
   20990      15.1530
   20991      15.8885
   20992      15.9496
   20993      16.1035
   20994      15.8116
   20995      15.5210
   20996      16.4038
   20997      15.9875
   20998      15.9561
   20999      16.1363
   21000      16.7430
   21001      16.5306
   21002      16.0571
   21003      15.5630
   21004      15.4786
   21005      15.9717
   21006      16.7131
   21007      16.1974
   21008      16.4172
   21009      16.0659
   21010      16.0448
   21011      16.7057
   21012      16.4930
   21013      16.2719
   21014      15.9427
   21015      16.3846
   21016      16.3748
   21017      16.6977
   21018      16.1289
   21019      16.6059
   21020      16.7610
   21021      16.4981
   21022      16.8382
   21023      16.2744
   21024      16.3815
   21025      15.9831
   21026      15.8385
   21027      15.2402
   21028      14.9279
   21029      15.3920
   21030      14.7355
   21031      15.0722
   21032      15.0901
   21033      16.2325
   21034      16.0878
   21035      16.2482
   21036      15.3433
   21037      15.0299
   21038      15.2500
   21039      15.2048
   21040      15.6157
   21041      16.0474
   21042      15.7805
   21043      15.6034
   21044      15.5189
   21045      15.6725
   21046      16.4811
   21047      16.8711
   21048      16.0507
   21049      15.4267
   21050      16.4658
   21051      16.2129
   21052      16.3309
   21053      16.1587
   21054      16.2127
   21055      16.4721
   21056      16.1095
   21057      16.3565
   21058      15.6344
   21059      15.9450
   21060      15.7532
   21061      16.5816
   21062      16.6148
   21063      16.7953
   21064      16.1671
   21065      16.1703
   21066      15.9972
   21067      15.8584
   21068      16.4571
   21069      16.4970
   21070      15.9642
   21071      16.0060
   21072      16.0553
   21073      16.4724
   21074      15.7772
   21075      15.9853
   21076      15.9413
   21077      15.3496
   21078      15.7947
   21079      15.9020
   21080      16.1213
   21081      15.7714
   21082      15.7581
   21083      14.9897
   21084      14.9885
   21085      15.7796
   21086      15.7384
   21087      16.1636
   21088      16.3999
   21089      15.8339
   21090      15.5530
   21091      15.7828
   21092      16.5061
   21093      15.5052
   21094      15.8812
   21095      16.4225
   21096      16.2286
   21097      16.0941
   21098      16.1281
   21099      15.9520
   21100      15.6395
   21101      15.2022
   21102      15.8757
   21103      15.4283
   21104      16.0547
   21105      16.1811
   21106      15.9002
   21107      16.1087
   21108      16.1046
   21109      16.3020
   21110      15.6818
   21111      15.7508
   21112      15.2416
   21113      15.4926
   21114      15.4888
   21115      14.7398
   21116      15.3643
   21117      15.6458
   21118      15.4980
   21119      16.1867
   21120      15.5553
   21121      15.6553
   21122      15.7950
   21123      15.5872
   21124      15.8962
   21125      15.7924
   21126      16.0651
   21127      16.1641
   21128      16.4697
   21129      16.5028
   21130      16.5192
   21131      16.4982
   21132      15.8493
   21133      15.4582
   21134      16.2027
   21135      15.9363
   21136      15.4891
   21137      15.0717
   21138      15.8307
   21139      15.9840
   21140      15.7678
   21141      15.8376
   21142      16.0842
   21143      16.6450
   21144      16.1727
   21145      15.7828
   21146      15.5422
   21147      15.2803
   21148      15.6019
   21149      15.7533
   21150      16.0591
   21151      16.2476
   21152      16.2194
   21153      16.3754
   21154      16.4369
   21155      15.4957
   21156      16.1712
   21157      16.4505
   21158      16.7018
   21159      16.5393
   21160      15.4766
   21161      15.5860
   21162      15.6984
   21163      15.7519
   21164      16.2139
   21165      16.1107
   21166      15.9822
   21167      15.7870
   21168      16.2604
   21169      15.8251
   21170      16.3529
   21171      16.1569
   21172      16.3177
   21173      15.5209
   21174      15.6345
   21175      15.6928
   21176      16.0170
   21177      15.5169
   21178      15.1585
   21179      15.4766
   21180      15.8486
   21181      15.5247
   21182      15.8528
   21183      16.1111
   21184      15.7538
   21185      15.8515
   21186      16.1477
   21187      15.7077
   21188      15.7572
   21189      15.8024
   21190      14.8622
   21191      15.9915
   21192      16.0286
   21193      14.7743
   21194      15.3055
   21195      15.2248
   21196      15.3262
   21197      15.4391
   21198      15.3481
   21199      15.5845
   21200      15.9237
   21201      16.4161
   21202      16.0223
   21203      15.7339
   21204      15.8634
   21205      16.0435
   21206      16.0674
   21207      15.4827
   21208      15.7247
   21209      15.8468
   21210      16.9882
   21211      17.0253
   21212      16.1128
   21213      15.5967
   21214      16.6634
   21215      16.1999
   21216      15.8597
   21217      15.7682
   21218      16.1041
   21219      15.8549
   21220      15.8202
   21221      15.5312
   21222      15.9874
   21223      16.0022
   21224      15.4434
   21225      16.6931
   21226      16.2577
   21227      16.2122
   21228      16.5033
   21229      16.5004
   21230      16.2763
   21231      15.8085
   21232      15.6242
   21233      15.9649
   21234      15.0782
   21235      15.7482
   21236      15.8899
   21237      15.7187
   21238      15.5522
   21239      15.6878
   21240      15.8532
   21241      15.9439
   21242      15.1185
   21243      14.7504
   21244      15.6220
   21245      16.1633
   21246      16.6219
   21247      16.4853
   21248      16.6901
   21249      16.2759
   21250      15.2473
   21251      15.6220
   21252      15.8733
   21253      14.5644
   21254      15.6023
   21255      15.8274
   21256      15.4949
   21257      15.7534
   21258      16.0708
   21259      16.1250
   21260      16.1254
   21261      16.1709
   21262      16.0802
   21263      15.8435
   21264      15.6785
   21265      16.3119
   21266      16.5889
   21267      16.3910
   21268      16.4124
   21269      15.8846
   21270      16.5022
   21271      15.9282
   21272      15.4708
   21273      15.7541
   21274      15.3543
   21275      15.7689
   21276      15.7490
   21277      15.2853
   21278      15.5726
   21279      15.2847
   21280      15.8126
   21281      15.0804
   21282      16.1852
   21283      15.7682
   21284      15.4212
   21285      15.8024
   21286      15.4219
   21287      15.2756
   21288      15.4863
   21289      14.9884
   21290      15.3238
   21291      15.5820
   21292      15.0068
   21293      15.4474
   21294      14.6171
   21295      15.4328
   21296      15.3974
   21297      16.2828
   21298      16.0035
   21299      15.6183
   21300      16.2994
   21301      15.9817
   21302      16.7257
   21303      15.6669
   21304      15.2205
   21305      14.8990
   21306      15.2625
   21307      15.2754
   21308      15.5195
   21309      15.8431
   21310      15.8486
   21311      15.6770
   21312      15.8342
   21313      15.5110
   21314      15.3843
   21315      15.3997
   21316      15.1444
   21317      15.4018
   21318      15.3724
   21319      15.2530
   21320      15.0990
   21321      15.7570
   21322      15.2353
   21323      15.0638
   21324      15.5002
   21325      15.5497
   21326      15.6981
   21327      15.4679
   21328      15.3842
   21329      15.5940
   21330      15.4445
   21331      15.7919
   21332      16.2020
   21333      16.4725
   21334      16.0493
   21335      15.9972
   21336      15.8869
   21337      15.6061
   21338      15.9615
   21339      15.2730
   21340      15.6994
   21341      15.1010
   21342      15.0768
   21343      15.3320
   21344      15.9721
   21345      15.1826
   21346      15.4770
   21347      15.1261
   21348      15.3900
   21349      15.6369
   21350      16.5782
   21351      15.5168
   21352      16.2932
   21353      15.9332
   21354      16.5128
   21355      15.9555
   21356      15.6910
   21357      16.0236
   21358      16.0504
   21359      15.5104
   21360      15.7969
   21361      15.8816
   21362      16.1534
   21363      16.6050
   21364      16.4512
   21365      15.3157
   21366      15.9387
   21367      15.8486
   21368      15.5700
   21369      15.8417
   21370      15.2670
   21371      14.3336
   21372      14.8952
   21373      15.8764
   21374      15.5884
   21375      15.8472
   21376      15.8130
   21377      16.2496
   21378      16.2830
   21379      16.6955
   21380      16.1533
   21381      16.2331
   21382      16.7096
   21383      16.6097
   21384      17.0798
   21385      16.2933
   21386      16.1480
   21387      15.9231
   21388      16.1318
   21389      16.4286
   21390      15.7680
   21391      15.9148
   21392      15.6241
   21393      16.1981
   21394      16.0760
   21395      16.2011
   21396      16.0496
   21397      16.4250
   21398      16.8409
   21399      16.9079
   21400      16.8752
   21401      16.6459
   21402      17.1025
   21403      16.9158
   21404      16.6644
   21405      17.1632
   21406      17.1412
   21407      16.9721
   21408      16.2959
   21409      16.0625
   21410      15.8291
   21411      15.8539
   21412      15.2922
   21413      15.1074
   21414      15.4721
   21415      15.7968
   21416      15.7421
   21417      16.0183
   21418      16.4743
   21419      16.0091
   21420      15.4836
   21421      16.8246
   21422      15.3680
   21423      15.5822
   21424      15.6925
   21425      15.6836
   21426      15.9980
   21427      16.1505
   21428      15.6460
   21429      15.9444
   21430      15.4842
   21431      16.1708
   21432      16.3017
   21433      16.0121
   21434      16.3563
   21435      16.8805
   21436      16.6323
   21437      15.5261
   21438      16.0993
   21439      15.7459
   21440      15.6133
   21441      16.1529
   21442      15.8229
   21443      16.5242
   21444      15.6759
   21445      16.1910
   21446      15.1234
   21447      15.2991
   21448      14.9292
   21449      16.2357
   21450      15.9952
   21451      16.4967
   21452      15.9779
   21453      16.2840
   21454      16.0856
   21455      16.4201
   21456      16.2822
   21457      15.7469
   21458      15.7335
   21459      15.3167
   21460      16.0243
   21461      15.3233
   21462      14.7992
   21463      14.8456
   21464      15.3514
   21465      15.0430
   21466      15.3988
   21467      15.5119
   21468      15.7668
   21469      15.5045
   21470      15.2937
   21471      15.5367
   21472      15.8990
   21473      15.4340
   21474      15.8786
   21475      15.4891
   21476      15.1244
   21477      15.2069
   21478      15.8503
   21479      15.7799
   21480      15.4000
   21481      15.9087
   21482      15.6296
   21483      15.5590
   21484      15.6379
   21485      15.5806
   21486      16.2955
   21487      15.8351
   21488      15.9286
   21489      14.8918
   21490      15.5412
   21491      15.1899
   21492      15.2902
   21493      15.9996
   21494      15.4098
   21495      15.9127
   21496      15.6067
   21497      15.4495
   21498      15.5580
   21499      15.4762
   21500      15.4305
   21501      15.4956
   21502      15.1092
   21503      15.4858
   21504      15.6968
   21505      15.5991
   21506      15.0049
   21507      15.6046
   21508      15.7403
   21509      15.9192
   21510      15.5762
   21511      15.7012
   21512      15.4634
   21513      14.8876
   21514      15.4844
   21515      16.2049
   21516      15.8390
   21517      15.3319
   21518      15.3604
   21519      15.3574
   21520      15.7735
   21521      15.6209
   21522      15.5341
   21523      15.5199
   21524      15.7466
   21525      15.3448
   21526      15.4751
   21527      15.9131
   21528      15.9794
   21529      16.2082
   21530      16.6576
   21531      16.1435
   21532      15.8977
   21533      15.9558
   21534      15.6631
   21535      15.8687
   21536      15.6498
   21537      15.2846
   21538      16.1451
   21539      16.0105
   21540      15.5323
   21541      16.1078
   21542      15.7540
   21543      15.2256
   21544      15.8262
   21545      15.7746
   21546      15.6502
   21547      15.3247
   21548      15.4900
   21549      15.8916
   21550      15.5829
   21551      15.7664
   21552      16.5197
   21553      15.8623
   21554      15.1013
   21555      14.9156
   21556      15.3549
   21557      14.9881
   21558      14.9888
   21559      15.1296
   21560      15.7226
   21561      16.2560
   21562      15.5374
   21563      15.4405
   21564      15.6206
   21565      15.0283
   21566      15.5140
   21567      15.8716
   21568      15.6911
   21569      15.4202
   21570      15.8262
   21571      15.3273
   21572      15.9566
   21573      16.2333
   21574      15.8341
   21575      15.5801
   21576      15.4142
   21577      14.8963
   21578      15.1118
   21579      15.4298
   21580      15.3555
   21581      14.7512
   21582      15.0842
   21583      15.5686
   21584      16.2501
   21585      15.3260
   21586      15.7940
   21587      15.7761
   21588      15.7683
   21589      15.6233
   21590      15.6463
   21591      15.8618
   21592      16.0179
   21593      16.2407
   21594      15.6213
   21595      15.9732
   21596      16.6177
   21597      16.8407
   21598      15.9836
   21599      15.6371
   21600      15.9676
   21601      16.5360
   21602      16.3922
   21603      16.7763
   21604      16.4544
   21605      16.1091
   21606      16.1252
   21607      15.9639
   21608      15.6915
   21609      15.8738
   21610      15.4808
   21611      15.4709
   21612      15.2926
   21613      15.9496
   21614      15.7932
   21615      16.4054
   21616      16.2902
   21617      16.1676
   21618      15.9944
   21619      15.5915
   21620      15.7622
   21621      16.5946
   21622      17.0988
   21623      16.8343
   21624      17.3118
   21625      16.3821
   21626      16.8144
   21627      16.3164
   21628      16.8736
   21629      17.2523
   21630      16.9279
   21631      16.6626
   21632      17.1272
   21633      16.4255
   21634      17.0292
   21635      16.2586
   21636      16.8986
   21637      16.8619
   21638      17.4532
   21639      17.2155
   21640      17.5431
   21641      17.6238
   21642      17.4203
   21643      17.7599
   21644      17.4914
   21645      17.3212
   21646      16.6986
   21647      16.7354
   21648      16.4990
   21649      16.4218
   21650      17.0827
   21651      17.0247
   21652      16.7779
   21653      16.7593
   21654      17.2491
   21655      16.8634
   21656      16.9354
   21657      16.0045
   21658      16.9120
   21659      17.2872
   21660      17.4240
   21661      17.3867
   21662      17.1753
   21663      17.0517
   21664      16.9897
   21665      17.0023
   21666      17.0181
   21667      17.3030
   21668      17.4681
   21669      17.3229
   21670      16.8689
   21671      16.7159
   21672      17.4251
   21673      16.7820
   21674      17.3686
   21675      17.8397
   21676      17.1721
   21677      17.5867
   21678      17.1053
   21679      17.2555
   21680      17.4519
   21681      17.4230
   21682      17.6248
   21683      17.1175
   21684      17.6158
   21685      16.9431
   21686      17.5918
   21687      17.5078
   21688      17.8681
   21689      17.4511
   21690      17.2635
   21691      16.9523
   21692      17.5266
   21693      17.9371
   21694      18.2246
   21695      17.9965
   21696      17.2972
   21697      17.4110
   21698      17.4061
   21699      17.2835
   21700      17.2684
   21701      17.5841
   21702      17.4598
   21703      18.2712
   21704      17.7651
   21705      18.3003
   21706      18.1594
   21707      17.7462
   21708      17.4245
   21709      16.8527
   21710      17.6307
   21711      18.4572
   21712      18.4294
   21713      18.8626
   21714      17.5867
   21715      17.4546
   21716      17.2774
   21717      17.1266
   21718      17.4026
   21719      16.9807
   21720      17.5890
   21721      17.7288
   21722      17.7284
   21723      17.3266
   21724      17.7504
   21725      18.7723
   21726      17.9378
   21727      17.1126
   21728      17.5113
   21729      17.2650
   21730      17.8720
   21731      18.5345
   21732      18.5634
   21733      18.0502
   21734      17.8964
   21735      18.0170
   21736      18.5272
   21737      18.3747
   21738      18.1846
   21739      17.8460
   21740      17.8292
   21741      18.5212
   21742      18.5034
   21743      18.5553
   21744      18.9460
   21745      18.3210
   21746      18.4010
   21747      18.2985
   21748      17.9889
   21749      17.5948
   21750      17.2817
   21751      17.4602
   21752      17.1771
   21753      17.0928
   21754      17.1806
   21755      17.7510
   21756      17.1940
   21757      17.8320
   21758      16.9624
   21759      17.0794
   21760      17.6421
   21761      17.8951
   21762      17.6080
   21763      18.0833
   21764      17.9719
   21765      18.0945
   21766      17.2200
   21767      17.4682
   21768      17.5640
   21769      17.9919
   21770      18.2262
   21771      18.3293
   21772      18.1738
   21773      17.8357
   21774      17.6827
   21775      17.7182
   21776      18.0178
   21777      18.3937
   21778      17.9989
   21779      17.9553
   21780      17.9489
   21781      16.7593
   21782      17.9504
   21783      17.0210
   21784      17.5521
   21785      17.8353
   21786      17.4559
   21787      17.1317
   21788      17.0161
   21789      17.0273
   21790      16.7954
   21791      17.4616
   21792      17.1486
   21793      17.5370
   21794      18.3852
   21795      18.9375
   21796      18.2694
   21797      17.7795
   21798      18.2666
   21799      17.5195
   21800      18.1020
   21801      18.6182
   21802      18.4122
   21803      18.4587
   21804      18.1536
   21805      18.2867
   21806      18.1425
   21807      17.3801
   21808      17.9417
   21809      18.6698
   21810      17.9763
   21811      18.2373
   21812      18.4453
   21813      18.8297
   21814      18.4810
   21815      18.8883
   21816      18.5251
   21817      18.3306
   21818      18.4058
   21819      18.0736
   21820      17.9860
   21821      17.7842
   21822      17.7692
   21823      17.9922
   21824      18.2919
   21825      17.3356
   21826      17.2690
   21827      17.8112
   21828      18.0279
   21829      18.0250
   21830      17.9898
   21831      18.2997
   21832      17.5100
   21833      18.0453
   21834      18.5008
   21835      17.4181
   21836      17.4168
   21837      18.2529
   21838      18.0376
   21839      18.4154
   21840      18.0212
   21841      18.6303
   21842      18.8494
   21843      17.9161
   21844      17.9239
   21845      18.1603
   21846      17.8911
   21847      18.1717
   21848      17.9520
   21849      18.3672
   21850      17.8582
   21851      17.8494
   21852      18.1264
   21853      18.1900
   21854      18.3464
   21855      18.1386
   21856      18.1029
   21857      17.9558
   21858      17.6950
   21859      17.6305
   21860      18.2085
   21861      17.8052
   21862      17.7521
   21863      17.5398
   21864      17.5010
   21865      17.3773
   21866      17.7766
   21867      18.0862
   21868      17.4148
   21869      17.9279
   21870      17.8362
   21871      17.9917
   21872      17.7568
   21873      17.3983
   21874      17.7861
   21875      17.8592
   21876      17.2054
   21877      16.8384
   21878      17.4648
   21879      17.2418
   21880      17.8935
   21881      16.9936
   21882      17.3333
   21883      17.2341
   21884      17.1255
   21885      17.1603
   21886      17.5650
   21887      17.3426
   21888      17.5166
   21889      16.9937
   21890      16.9807
   21891      17.4911
   21892      17.1573
   21893      18.1213
   21894      17.6240
   21895      17.4797
   21896      17.5801
   21897      17.5208
   21898      17.6185
   21899      18.3213
   21900      17.8909
   21901      17.7042
   21902      17.9470
   21903      17.1329
   21904      17.3514
   21905      17.2103
   21906      17.0818
   21907      16.9232
   21908      17.5432
   21909      17.4752
   21910      17.4146
   21911      16.9958
   21912      17.3874
   21913      17.2867
   21914      17.5645
   21915      17.5573
   21916      16.7514
   21917      17.3384
   21918      17.4726
   21919      16.9489
   21920      17.2324
   21921      17.3696
   21922      17.8990
   21923      16.8990
   21924      16.5458
   21925      17.2424
   21926      17.2541
   21927      17.2868
   21928      17.4231
   21929      17.1152
   21930      17.1840
   21931      17.2700
   21932      18.0847
   21933      17.3059
   21934      17.1102
   21935      17.3399
   21936      17.1786
   21937      17.4052
   21938      17.8298
   21939      17.4839
   21940      17.4829
   21941      17.4831
   21942      17.3234
   21943      17.6597
   21944      17.3485
   21945      17.8934
   21946      17.8636
   21947      17.9037
   21948      17.3495
   21949      17.9548
   21950      17.0907
   21951      17.1527
   21952      16.7577
   21953      16.7367
   21954      17.3091
   21955      17.4036
   21956      17.3740
   21957      16.9809
   21958      16.7063
   21959      17.4424
   21960      17.2296
   21961      17.2359
   21962      16.7738
   21963      16.8240
   21964      17.1918
   21965      16.8394
   21966      17.3531
   21967      17.2154
   21968      17.6273
   21969      17.6697
   21970      17.7365
   21971      17.7298
   21972      17.4639
   21973      17.3052
   21974      17.1149
   21975      17.5909
   21976      17.1513
   21977      17.0992
   21978      17.1829
   21979      17.1523
   21980      16.5603
   21981      17.5781
   21982      17.7889
   21983      17.2663
   21984      17.6666
   21985      17.4749
   21986      17.2759
   21987      16.1171
   21988      17.4604
   21989      16.7306
   21990      16.8803
   21991      17.4786
   21992      16.7525
   21993      16.8824
   21994      16.9296
   21995      16.2826
   21996      15.6717
   21997      16.2975
   21998      15.9432
   21999      16.5425
   22000      16.6978
   22001      16.3230
   22002      16.1419
   22003      16.3120
   22004      15.9955
   22005      16.1768
   22006      16.9933
   22007      16.8669
   22008      17.4160
   22009      16.8583
   22010      15.8676
   22011      16.4791
   22012      16.4180
   22013      16.8922
   22014      16.5451
   22015      17.1885
   22016      17.3323
   22017      17.0259
   22018      16.9603
   22019      16.7573
   22020      16.6097
   22021      16.6443
   22022      16.9296
   22023      16.3049
   22024      16.2959
   22025      16.2056
   22026      15.2297
   22027      15.8078
   22028      15.9917
   22029      17.3563
   22030      16.1889
   22031      16.0840
   22032      16.8786
   22033      15.7997
   22034      15.7972
   22035      17.0116
   22036      16.9960
   22037      17.3611
   22038      17.4882
   22039      18.9134
   22040      18.1428
   22041      17.3350
   22042      18.1955
   22043      18.5168
   22044      18.1426
   22045      18.4797
   22046      18.4747
   22047      17.7010
   22048      17.0737
   22049      17.2284
   22050      17.5850
   22051      17.1350
   22052      17.2105
   22053      17.1083
   22054      16.8486
   22055      16.3253
   22056      16.9854
   22057      16.5378
   22058      16.2532
   22059      16.4726
   22060      16.8072
   22061      16.9758
   22062      16.9799
   22063      16.3751
   22064      16.0907
   22065      16.5218
   22066      16.8599
   22067      16.6394
   22068      17.7943
   22069      17.6451
   22070      18.5053
   22071      18.7057
   22072      17.8840
   22073      17.3685
   22074      17.1294
   22075      17.3779
   22076      16.7166
   22077      16.6270
   22078      17.0851
   22079      17.3762
   22080      16.1449
   22081      16.3300
   22082      17.0783
   22083      17.5400
   22084      16.7362
   22085      17.4995
   22086      16.7051
   22087      15.8967
   22088      16.8477
   22089      16.8708
   22090      16.0704
   22091      16.5847
   22092      16.1713
   22093      15.3624
   22094      16.2187
   22095      16.3054
   22096      15.6172
   22097      15.8782
   22098      16.2158
   22099      16.0326
   22100      15.7428
   22101      16.1533
   22102      16.3751
   22103      15.8239
   22104      16.1061
   22105      16.0346
   22106      15.1803
   22107      15.4633
   22108      15.8189
   22109      15.7257
   22110      15.8718
   22111      16.5353
   22112      16.3911
   22113      17.1328
   22114      16.1682
   22115      16.6633
   22116      16.6380
   22117      16.8813
   22118      16.6417
   22119      16.2923
   22120      16.1028
   22121      17.1256
   22122      17.3222
   22123      17.4028
   22124      17.5025
   22125      16.8560
   22126      16.4948
   22127      16.7388
   22128      17.2600
   22129      17.4309
   22130      17.5283
   22131      17.4267
   22132      17.3756
   22133      17.2277
   22134      17.1414
   22135      17.2268
   22136      17.0175
   22137      17.5185
   22138      17.3554
   22139      17.5618
   22140      17.9419
   22141      17.6854
   22142      17.7669
   22143      18.2931
   22144      17.8001
   22145      17.2788
   22146      17.0522
   22147      16.5581
   22148      17.3724
   22149      16.7979
   22150      16.7243
   22151      16.7826
   22152      16.8832
   22153      16.0437
   22154      17.2625
   22155      16.7248
   22156      17.4609
   22157      17.3924
   22158      16.7201
   22159      16.9108
   22160      16.6624
   22161      16.3865
   22162      16.3954
   22163      16.7278
   22164      16.8064
   22165      16.8207
   22166      17.6485
   22167      16.6739
   22168      17.4296
   22169      17.6358
   22170      17.3239
   22171      17.1591
   22172      16.2834
   22173      16.6030
   22174      16.6514
   22175      17.5575
   22176      17.5213
   22177      16.7607
   22178      16.9819
   22179      17.1564
   22180      17.1283
   22181      15.9493
   22182      16.6585
   22183      16.7991
   22184      17.4404
   22185      17.2152
   22186      17.3060
   22187      17.4765
   22188      17.2077
   22189      17.0294
   22190      16.9486
   22191      16.8036
   22192      16.6794
   22193      17.1936
   22194      17.4167
   22195      17.5085
   22196      17.5261
   22197      17.5797
   22198      17.5630
   22199      17.8496
   22200      17.4311
   22201      17.1463
   22202      17.4363
   22203      17.1060
   22204      17.0509
   22205      16.5482
   22206      16.7196
   22207      16.8341
   22208      17.0907
   22209      16.6791
   22210      16.9032
   22211      17.1872
   22212      18.3929
   22213      17.6594
   22214      18.0416
   22215      17.8202
   22216      17.5167
   22217      18.1761
   22218      17.2891
   22219      17.6635
   22220      17.7137
   22221      16.6618
   22222      16.7115
   22223      16.6273
   22224      16.5573
   22225      17.1354
   22226      17.3273
   22227      17.2837
   22228      17.7208
   22229      17.1796
   22230      17.4091
   22231      17.1390
   22232      17.2867
   22233      18.0072
   22234      17.9998
   22235      18.0312
   22236      17.8691
   22237      17.7381
   22238      17.3511
   22239      17.9569
   22240      18.1189
   22241      17.9094
   22242      17.9393
   22243      17.8133
   22244      17.7977
   22245      18.3137
   22246      17.6201
   22247      17.5507
   22248      17.4230
   22249      17.0291
   22250      16.9846
   22251      17.2853
   22252      17.1783
   22253      18.0427
   22254      18.0711
   22255      17.8354
   22256      18.3076
   22257      17.7282
   22258      18.5643
   22259      18.0212
   22260      17.8926
   22261      18.0549
   22262      17.6967
   22263      17.5934
   22264      17.1419
   22265      17.8470
   22266      17.6203
   22267      17.8771
   22268      17.1707
   22269      18.0188
   22270      17.4248
   22271      17.9643
   22272      17.5066
   22273      17.5394
   22274      17.3782
   22275      17.0254
   22276      17.6156
   22277      17.5741
   22278      17.9693
   22279      17.5027
   22280      17.7630
   22281      17.6499
   22282      17.1382
   22283      17.9642
   22284      18.0283
   22285      17.2694
   22286      17.6433
   22287      16.7325
   22288      17.2343
   22289      17.0156
   22290      16.9040
   22291      16.9847
   22292      16.6633
   22293      16.9112
   22294      16.3876
   22295      16.8632
   22296      17.0786
   22297      17.7258
   22298      18.1919
   22299      17.6425
   22300      17.8141
   22301      17.6408
   22302      17.5042
   22303      17.4943
   22304      17.1400
   22305      17.2911
   22306      16.5104
   22307      16.4891
   22308      16.4130
   22309      16.3840
   22310      16.2494
   22311      16.4402
   22312      16.8858
   22313      16.7906
   22314      17.5920
   22315      16.8862
   22316      17.2188
   22317      17.1694
   22318      17.8178
   22319      17.3506
   22320      17.3523
   22321      16.6286
   22322      18.0696
   22323      18.1923
   22324      17.9816
   22325      17.8885
   22326      17.7025
   22327      17.7450
   22328      17.7205
   22329      17.8121
   22330      18.0517
   22331      17.8751
   22332      18.0486
   22333      18.0032
   22334      17.9347
   22335      18.6592
   22336      18.3908
   22337      18.0330
   22338      17.5839
   22339      17.3925
   22340      17.9918
   22341      17.2331
   22342      16.9689
   22343      17.3185
   22344      17.7106
   22345      17.6602
   22346      17.5002
   22347      17.4723
   22348      17.8837
   22349      18.4045
   22350      18.2920
   22351      17.5887
   22352      17.9843
   22353      17.1753
   22354      17.6334
   22355      17.8672
   22356      17.3826
   22357      18.0137
   22358      18.1758
   22359      17.6764
   22360      18.0826
   22361      18.1495
   22362      17.8325
   22363      17.2768
   22364      17.7994
   22365      17.6580
   22366      17.4245
   22367      17.7425
   22368      17.2851
   22369      17.8510
   22370      17.3664
   22371      17.1585
   22372      17.3663
   22373      17.0270
   22374      17.9891
   22375      17.6245
   22376      17.7558
   22377      17.9742
   22378      18.4708
   22379      17.3709
   22380      17.8899
   22381      17.8826
   22382      17.3573
   22383      17.8490
   22384      17.4071
   22385      17.2657
   22386      17.1914
   22387      18.1506
   22388      18.1631
   22389      18.2468
   22390      17.4084
   22391      18.1640
   22392      18.0575
   22393      17.9054
   22394      17.8057
   22395      18.1631
   22396      17.5726
   22397      17.9999
   22398      17.7422
   22399      17.6295
   22400      17.7198
   22401      18.0072
   22402      17.7080
   22403      17.2941
   22404      17.6069
   22405      17.4778
   22406      17.2755
   22407      16.5733
   22408      16.8987
   22409      17.4745
   22410      18.2005
   22411      17.5394
   22412      17.1234
   22413      17.2829
   22414      16.9384
   22415      17.4304
   22416      17.1016
   22417      18.3362
   22418      17.3504
   22419      17.7405
   22420      17.8244
   22421      17.2383
   22422      17.5681
   22423      17.2140
   22424      17.6076
   22425      17.6788
   22426      17.3577
   22427      17.6265
   22428      17.7602
   22429      17.7398
   22430      17.2978
   22431      17.1298
   22432      17.1499
   22433      17.9064
   22434      16.9460
   22435      17.2977
   22436      17.3775
   22437      17.4374
   22438      17.8468
   22439      17.6072
   22440      17.5017
   22441      17.8747
   22442      17.1332
   22443      18.0187
   22444      17.4866
   22445      17.6710
   22446      17.3788
   22447      17.5179
   22448      18.0216
   22449      18.0246
   22450      18.1162
   22451      17.1607
   22452      18.0425
   22453      17.4241
   22454      17.4241
   22455      17.9504
   22456      17.5103
   22457      17.5433
   22458      17.3494
   22459      17.5032
   22460      17.4046
   22461      17.6986
   22462      17.6718
   22463      17.1669
   22464      17.4347
   22465      17.5967
   22466      17.4469
   22467      17.4939
   22468      17.4952
   22469      18.0690
   22470      18.2005
   22471      17.9602
   22472      17.0772
   22473      17.4052
   22474      17.1693
   22475      17.0861
   22476      17.5648
   22477      17.6942
   22478      17.0323
   22479      16.7979
   22480      17.2682
   22481      17.0736
   22482      17.2020
   22483      17.6044
   22484      17.2502
   22485      17.5602
   22486      17.8269
   22487      17.7426
   22488      18.0142
   22489      17.3016
   22490      16.7900
   22491      17.2855
   22492      17.3048
   22493      17.7515
   22494      17.4752
   22495      17.9056
   22496      17.8782
   22497      17.6464
   22498      17.8876
   22499      17.1962
   22500      17.3231
   22501      17.1890
   22502      17.6681
   22503      17.6636
   22504      17.5829
   22505      17.8358
   22506      16.4612
   22507      17.6367
   22508      17.4226
   22509      17.7485
   22510      17.8669
   22511      17.3954
   22512      17.8011
   22513      17.5285
   22514      17.3944
   22515      18.2295
   22516      18.4318
   22517      17.8913
   22518      17.7957
   22519      17.4657
   22520      17.9014
   22521      17.7504
   22522      18.3595
   22523      17.8472
   22524      17.5374
   22525      17.4513
   22526      17.6701
   22527      18.3020
   22528      18.2172
   22529      17.4608
   22530      17.2183
   22531      17.3831
   22532      17.2114
   22533      17.7641
   22534      17.7693
   22535      17.3693
   22536      17.5058
   22537      17.1423
   22538      17.4989
   22539      17.6606
   22540      17.6032
   22541      17.7857
   22542      17.6972
   22543      16.6412
   22544      18.0730
   22545      17.7070
   22546      17.3724
   22547      17.1038
   22548      16.9913
   22549      16.9045
   22550      17.4208
   22551      18.2050
   22552      17.9520
   22553      17.8597
   22554      17.5843
   22555      17.3978
   22556      17.4315
   22557      17.3386
   22558      17.8346
   22559      17.5517
   22560      17.3079
   22561      17.6419
   22562      17.7772
   22563      17.6463
   22564      17.3751
   22565      17.2292
   22566      16.8686
   22567      16.6929
   22568      17.1574
   22569      17.6919
   22570      17.4003
   22571      17.8621
   22572      17.8275
   22573      17.9959
   22574      18.1431
   22575      17.3117
   22576      17.7021
   22577      17.8542
   22578      17.3842
   22579      17.7450
   22580      17.5361
   22581      16.9943
   22582      17.5319
   22583      16.9516
   22584      17.0838
   22585      17.0199
   22586      17.0116
   22587      16.5334
   22588      16.7189
   22589      16.9261
   22590      16.6824
   22591      17.6163
   22592      17.1908
   22593      17.1466
   22594      17.2951
   22595      16.9945
   22596      16.9472
   22597      17.4005
   22598      17.2245
   22599      16.6926
   22600      17.5775
   22601      17.0860
   22602      17.7314
   22603      17.1442
   22604      17.4474
   22605      18.0358
   22606      17.7726
   22607      17.2020
   22608      17.2778
   22609      17.3032
   22610      17.3023
   22611      17.1251
   22612      17.5552
   22613      17.7223
   22614      17.6308
   22615      18.2105
   22616      17.8940
   22617      17.7687
   22618      17.4315
   22619      18.3465
   22620      17.0174
   22621      17.7652
   22622      17.9911
   22623      18.0868
   22624      17.3835
   22625      17.5975
   22626      17.5481
   22627      17.9330
   22628      17.7194
   22629      17.9751
   22630      17.4545
   22631      17.5420
   22632      17.9650
   22633      18.7501
   22634      17.7272
   22635      18.0302
   22636      18.2736
   22637      17.9837
   22638      17.7015
   22639      18.4348
   22640      17.9673
   22641      17.4564
   22642      17.5845
   22643      17.7931
   22644      17.2265
   22645      17.7334
   22646      17.8314
   22647      17.4618
   22648      18.3050
   22649      17.8370
   22650      17.4455
   22651      17.8187
   22652      17.7309
   22653      17.1263
   22654      17.0445
   22655      16.8782
   22656      17.3461
   22657      17.3559
   22658      17.4921
   22659      18.0655
   22660      17.7640
   22661      17.9509
   22662      18.1311
   22663      17.7664
   22664      17.2599
   22665      17.7733
   22666      17.6257
   22667      16.9164
   22668      17.4828
   22669      17.4854
   22670      17.7715
   22671      17.6382
   22672      17.9360
   22673      17.7197
   22674      17.5007
   22675      17.8283
   22676      17.8009
   22677      17.7059
   22678      17.1477
   22679      18.0420
   22680      17.7179
   22681      17.3791
   22682      17.6796
   22683      17.6691
   22684      18.0473
   22685      17.4489
   22686      18.0671
   22687      17.0871
   22688      16.9188
   22689      16.8570
   22690      17.5794
   22691      18.0011
   22692      18.0267
   22693      17.9608
   22694      17.7681
   22695      17.5698
   22696      17.3650
   22697      17.8945
   22698      18.1782
   22699      18.0214
   22700      17.6622
   22701      17.6540
   22702      18.2881
   22703      17.9341
   22704      17.8149
   22705      18.0316
   22706      18.0621
   22707      17.4161
   22708      17.3774
   22709      17.7972
   22710      17.6861
   22711      18.3346
   22712      18.0610
   22713      17.5922
   22714      16.9811
   22715      17.7429
   22716      17.9956
   22717      18.0994
   22718      17.4675
   22719      17.6762
   22720      17.7219
   22721      17.3126
   22722      17.8450
   22723      17.2686
   22724      18.4185
   22725      17.4099
   22726      17.9226
   22727      17.1731
   22728      17.7450
   22729      17.5888
   22730      17.8815
   22731      17.5053
   22732      18.2805
   22733      17.2807
   22734      17.3173
   22735      17.9215
   22736      17.4083
   22737      17.3086
   22738      17.4992
   22739      17.6316
   22740      17.3661
   22741      17.6353
   22742      17.2758
   22743      17.4455
   22744      17.0776
   22745      17.1474
   22746      17.6667
   22747      17.8681
   22748      16.3252
   22749      17.3346
   22750      17.0294
   22751      17.4476
   22752      17.3872
   22753      17.3395
   22754      17.8852
   22755      16.8181
   22756      17.3718
   22757      17.4924
   22758      16.2703
   22759      15.9838
   22760      15.6357
   22761      15.6919
   22762      16.1732
   22763      16.2500
   22764      16.3211
   22765      16.8331
   22766      16.9093
   22767      16.2526
   22768      16.3125
   22769      16.8621
   22770      16.1994
   22771      17.4678
   22772      17.3584
   22773      17.2651
   22774      16.9649
   22775      16.7074
   22776      17.2223
   22777      16.7040
   22778      16.3226
   22779      16.9374
   22780      16.7033
   22781      16.6908
   22782      16.4891
   22783      16.1840
   22784      16.5483
   22785      17.4565
   22786      17.6506
   22787      17.6490
   22788      17.0425
   22789      17.0543
   22790      16.3830
   22791      16.8073
   22792      16.3120
   22793      16.7546
   22794      16.9865
   22795      16.4088
   22796      17.7942
   22797      17.2544
   22798      17.4703
   22799      17.6566
   22800      17.3956
   22801      17.2394
   22802      17.1447
   22803      17.3381
   22804      16.5303
   22805      16.8030
   22806      17.0812
   22807      16.6166
   22808      17.0523
   22809      17.2127
   22810      17.4915
   22811      17.6192
   22812      17.3100
   22813      17.6553
   22814      16.9895
   22815      17.6591
   22816      17.3503
   22817      17.4967
   22818      17.3229
   22819      17.5679
   22820      17.7880
   22821      17.8004
   22822      17.9044
   22823      17.9766
   22824      17.8231
   22825      17.7645
   22826      17.5400
   22827      17.8197
   22828      17.1645
   22829      17.8090
   22830      17.7649
   22831      17.3605
   22832      16.5409
   22833      17.5485
   22834      18.2324
   22835      17.5490
   22836      17.5657
   22837      16.7345
   22838      16.5405
   22839      17.6049
   22840      17.1170
   22841      17.1764
   22842      17.6843
   22843      17.5076
   22844      17.2356
   22845      16.8959
   22846      17.1930
   22847      17.6089
   22848      16.9450
   22849      17.1972
   22850      17.7017
   22851      17.4389
   22852      17.0568
   22853      16.8610
   22854      17.8064
   22855      17.4009
   22856      17.4700
   22857      17.5184
   22858      17.7435
   22859      18.0531
   22860      17.7146
   22861      17.0653
   22862      16.7896
   22863      16.6353
   22864      17.7857
   22865      17.5787
   22866      17.5441
   22867      18.0790
   22868      17.7331
   22869      17.7461
   22870      17.9913
   22871      17.6229
   22872      17.9800
   22873      17.9237
   22874      17.9965
   22875      17.3732
   22876      17.7849
   22877      17.6113
   22878      17.8123
   22879      18.0692
   22880      18.4632
   22881      17.4735
   22882      17.9787
   22883      17.7885
   22884      18.3261
   22885      18.1836
   22886      18.2242
   22887      17.9880
   22888      18.2534
   22889      17.6217
   22890      17.7088
   22891      17.7158
   22892      17.7179
   22893      17.0156
   22894      17.8888
   22895      17.7298
   22896      17.8932
   22897      18.0931
   22898      18.2224
   22899      18.4317
   22900      18.6387
   22901      18.3304
   22902      18.4689
   22903      17.9582
   22904      18.3004
   22905      18.3312
   22906      18.1688
   22907      17.8711
   22908      18.1091
   22909      18.1487
   22910      18.2228
   22911      18.9708
   22912      18.2945
   22913      18.3353
   22914      18.4987
   22915      17.7603
   22916      17.9552
   22917      17.9107
   22918      17.4961
   22919      17.9825
   22920      17.7494
   22921      17.6874
   22922      17.9216
   22923      18.3939
   22924      18.3532
   22925      17.9077
   22926      17.1022
   22927      18.1371
   22928      17.9601
   22929      17.7572
   22930      17.4262
   22931      17.7206
   22932      17.8019
   22933      17.5423
   22934      17.4465
   22935      17.8922
   22936      17.2289
   22937      17.3187
   22938      18.0689
   22939      17.5904
   22940      17.6235
   22941      17.7858
   22942      17.6014
   22943      16.9024
   22944      17.6995
   22945      17.8242
   22946      17.7195
   22947      17.9441
   22948      17.5201
   22949      17.4076
   22950      17.4501
   22951      17.6395
   22952      17.3732
   22953      18.3156
   22954      17.8798
   22955      17.2378
   22956      17.8056
   22957      17.4153
   22958      17.5021
   22959      17.6478
   22960      17.7644
   22961      17.5179
   22962      17.5453
   22963      17.5740
   22964      17.4358
   22965      18.2538
   22966      17.3095
   22967      17.1915
   22968      17.7781
   22969      17.6247
   22970      16.8319
   22971      17.4186
   22972      17.0310
   22973      17.2489
   22974      17.1161
   22975      16.0367
   22976      16.7886
   22977      16.1746
   22978      16.8731
   22979      16.9710
   22980      17.4750
   22981      17.3135
   22982      17.7515
   22983      17.9721
   22984      17.5469
   22985      17.0603
   22986      17.8882
   22987      17.5942
   22988      17.6307
   22989      17.8320
   22990      17.3682
   22991      17.7857
   22992      17.2450
   22993      17.6251
   22994      17.8379
   22995      17.8525
   22996      17.7305
   22997      17.4964
   22998      17.4001
   22999      16.6755
   23000      17.9717
   23001      17.9505
   23002      17.9233
   23003      17.8945
   23004      18.2098
   23005      17.5772
   23006      17.8850
   23007      17.7637
   23008      17.8386
   23009      17.6392
   23010      18.7118
   23011      17.4825
   23012      17.2100
   23013      17.8584
   23014      17.2417
   23015      17.1762
   23016      17.5144
   23017      17.5680
   23018      17.2726
   23019      17.3527
   23020      18.1727
   23021      18.1969
   23022      18.1916
   23023      17.4820
   23024      17.8955
   23025      17.4749
   23026      17.9291
   23027      18.1617
   23028      17.9258
   23029      17.9254
   23030      18.0510
   23031      17.7447
   23032      17.6551
   23033      17.6303
   23034      17.5210
   23035      17.2369
   23036      17.3056
   23037      17.7185
   23038      17.4300
   23039      17.4339
   23040      17.3423
   23041      17.8398
   23042      17.7834
   23043      18.4951
   23044      17.8280
   23045      18.1560
   23046      17.6502
   23047      18.1508
   23048      18.1163
   23049      17.5984
   23050      17.1836
   23051      17.2656
   23052      17.8663
   23053      17.4293
   23054      18.0993
   23055      17.0505
   23056      17.5019
   23057      17.5746
   23058      17.6470
   23059      17.2905
   23060      17.3162
   23061      17.5465
   23062      17.6822
   23063      17.7009
   23064      17.3257
   23065      17.8968
   23066      18.1386
   23067      17.8523
   23068      17.6286
   23069      17.8938
   23070      17.6506
   23071      17.3033
   23072      17.5652
   23073      16.9545
   23074      16.9342
   23075      17.4734
   23076      17.0880
   23077      17.2537
   23078      17.4291
   23079      16.9655
   23080      16.8120
   23081      16.6356
   23082      16.4874
   23083      16.6268
   23084      16.8395
   23085      17.1317
   23086      16.7479
   23087      16.6586
   23088      16.0249
   23089      16.5124
   23090      16.9739
   23091      16.4497
   23092      16.6314
   23093      17.2412
   23094      17.5306
   23095      17.3169
   23096      16.8367
   23097      17.2965
   23098      17.3949
   23099      16.8137
   23100      16.7337
   23101      16.6724
   23102      17.3294
   23103      17.3426
   23104      17.0674
   23105      17.3475
   23106      17.8808
   23107      17.3738
   23108      16.8252
   23109      16.3207
   23110      16.4753
   23111      16.6523
   23112      16.8650
   23113      16.8768
   23114      16.9262
   23115      16.6839
   23116      17.3995
   23117      17.6016
   23118      17.0026
   23119      16.5288
   23120      16.9255
   23121      17.0042
   23122      17.9240
   23123      17.6145
   23124      17.4238
   23125      17.6981
   23126      16.4975
   23127      16.8223
   23128      16.0291
   23129      16.9461
   23130      16.7430
   23131      17.3576
   23132      17.2393
   23133      16.8957
   23134      16.8121
   23135      17.1538
   23136      17.1582
   23137      17.6071
   23138      17.0549
   23139      17.8490
   23140      17.4480
   23141      17.5853
   23142      17.0961
   23143      17.0602
   23144      17.2373
   23145      17.4268
   23146      16.6941
   23147      16.1045
   23148      16.5707
   23149      17.0859
   23150      16.7251
   23151      17.4126
   23152      17.2317
   23153      17.0912
   23154      17.1934
   23155      17.4534
   23156      18.0598
   23157      17.6729
   23158      17.0772
   23159      17.2818
   23160      16.8689
   23161      17.0814
   23162      16.8922
   23163      17.2320
   23164      17.6045
   23165      16.8095
   23166      18.0117
   23167      17.0945
   23168      17.1332
   23169      16.8636
   23170      16.8820
   23171      16.2582
   23172      16.8812
   23173      16.5439
   23174      16.8568
   23175      16.4699
   23176      16.6282
   23177      17.3563
   23178      17.0014
   23179      16.4688
   23180      17.4303
   23181      17.8483
   23182      17.4345
   23183      16.9582
   23184      17.1441
   23185      16.4573
   23186      16.4641
   23187      16.7228
   23188      16.9124
   23189      16.8863
   23190      16.8262
   23191      17.4607
   23192      16.7039
   23193      16.8786
   23194      16.8956
   23195      16.8628
   23196      17.4587
   23197      17.1983
   23198      16.9416
   23199      16.3632
   23200      16.5669
   23201      17.2763
   23202      17.3161
   23203      16.9229
   23204      16.6024
   23205      17.5174
   23206      16.5646
   23207      16.9128
   23208      17.4113
   23209      17.0738
   23210      17.1814
   23211      16.5708
   23212      17.2217
   23213      16.9208
   23214      17.4802
   23215      17.0489
   23216      17.3963
   23217      17.8883
   23218      16.6983
   23219      17.0587
   23220      16.7255
   23221      15.9529
   23222      16.3888
   23223      15.6858
   23224      15.7425
   23225      16.0193
   23226      15.6024
   23227      16.8426
   23228      16.9556
   23229      16.9816
   23230      16.9627
   23231      16.8773
   23232      17.0100
   23233      17.0499
   23234      16.5551
   23235      16.4765
   23236      16.5878
   23237      15.7346
   23238      15.7015
   23239      16.3075
   23240      16.1656
   23241      15.5384
   23242      16.3279
   23243      16.6522
   23244      15.8741
   23245      15.8801
   23246      17.1006
   23247      16.6736
   23248      17.0680
   23249      17.6302
   23250      16.5835
   23251      16.4417
   23252      16.2673
   23253      16.4151
   23254      16.8555
   23255      16.7182
   23256      17.2597
   23257      16.8145
   23258      17.0390
   23259      16.5736
   23260      16.0232
   23261      16.7476
   23262      16.7290
   23263      17.1830
   23264      16.5433
   23265      17.3160
   23266      16.8111
   23267      16.5665
   23268      16.5628
   23269      16.2715
   23270      16.2825
   23271      16.0480
   23272      16.7610
   23273      15.9889
   23274      16.0974
   23275      16.4470
   23276      16.3069
   23277      16.1683
   23278      16.4608
   23279      17.3245
   23280      17.4152
   23281      17.1367
   23282      16.5253
   23283      16.7243
   23284      16.3125
   23285      16.5963
   23286      16.6519
   23287      17.0921
   23288      16.2606
   23289      15.8033
   23290      16.5430
   23291      16.7122
   23292      16.3549
   23293      15.7467
   23294      16.5494
   23295      16.2788
   23296      16.7684
   23297      16.2103
   23298      16.1649
   23299      17.1637
   23300      17.1019
   23301      17.4791
   23302      18.1781
   23303      18.6858
   23304      18.1055
   23305      18.6391
   23306      18.0163
   23307      16.6914
   23308      17.2095
   23309      17.6077
   23310      16.7774
   23311      16.9699
   23312      15.9619
   23313      16.5549
   23314      16.2663
   23315      16.3603
   23316      16.1606
   23317      16.2992
   23318      16.2873
   23319      16.6462
   23320      16.5534
   23321      17.7897
   23322      16.9048
   23323      16.5763
   23324      17.2972
   23325      17.4171
   23326      17.1941
   23327      17.0892
   23328      16.9813
   23329      17.1711
   23330      17.9436
   23331      18.3995
   23332      17.6386
   23333      18.1570
   23334      18.9310
   23335      18.3931
   23336      17.8554
   23337      17.9811
   23338      17.9757
   23339      18.1874
   23340      18.1623
   23341      17.9597
   23342      17.7985
   23343      17.8064
   23344      18.0732
   23345      18.5743
   23346      19.5655
   23347      18.6979
   23348      17.8988
   23349      17.7754
   23350      18.8108
   23351      18.2480
   23352      18.7604
   23353      18.4363
   23354      18.6176
   23355      18.0645
   23356      17.5255
   23357      16.1530
   23358      16.8841
   23359      16.5501
   23360      16.3306
   23361      16.7925
   23362      16.1690
   23363      16.3050
   23364      16.7303
   23365      16.6443
   23366      16.7990
   23367      17.0667
   23368      17.2301
   23369      17.4513
   23370      17.2737
   23371      16.8328
   23372      16.2318
   23373      16.4565
   23374      15.9949
   23375      16.6919
   23376      16.4804
   23377      17.0279
   23378      18.0163
   23379      18.5576
   23380      17.9363
   23381      17.9694
   23382      17.3853
   23383      17.4685
   23384      17.3941
   23385      16.6369
   23386      17.3579
   23387      16.3676
   23388      17.6891
   23389      16.4996
   23390      16.4724
   23391      16.0571
   23392      16.1858
   23393      16.5174
   23394      16.4102
   23395      16.2257
   23396      16.2528
   23397      16.0817
   23398      16.2816
   23399      17.1622
   23400      16.3438
   23401      16.3003
   23402      15.9954
   23403      16.2929
   23404      16.2831
   23405      16.4713
   23406      16.6759
   23407      15.7862
   23408      15.6580
   23409      15.6465
   23410      14.3192
   23411      15.6258
   23412      15.9050
   23413      16.9405
   23414      17.1240
   23415      17.5447
   23416      16.6688
   23417      16.1720
   23418      17.1058
   23419      17.1794
   23420      17.6149
   23421      17.5872
   23422      17.7830
   23423      18.3154
   23424      18.4546
   23425      17.7711
   23426      17.9483
   23427      18.4118
   23428      17.6317
   23429      17.6002
   23430      17.3844
   23431      17.4330
   23432      18.2907
   23433      17.7077
   23434      18.0442
   23435      18.2341
   23436      18.7209
   23437      17.9254
   23438      18.4302
   23439      18.6299
   23440      18.1746
   23441      18.1451
   23442      17.3399
   23443      16.1135
   23444      16.9505
   23445      16.9178
   23446      16.5421
   23447      15.9615
   23448      16.3404
   23449      15.5275
   23450      15.8568
   23451      16.2628
   23452      15.6995
   23453      16.3529
   23454      16.1319
   23455      15.9877
   23456      16.0650
   23457      16.4594
   23458      15.3608
   23459      15.8576
   23460      16.0483
   23461      16.5727
   23462      16.3195
   23463      15.8736
   23464      16.3007
   23465      16.6068
   23466      16.7818
   23467      16.2160
   23468      16.3549
   23469      16.4710
   23470      17.0105
   23471      16.4636
   23472      15.9026
   23473      15.6696
   23474      15.9370
   23475      16.2221
   23476      16.6014
   23477      16.9396
   23478      16.6241
   23479      16.4925
   23480      16.6316
   23481      16.6696
   23482      16.8010
   23483      16.0081
   23484      15.7730
   23485      16.5546
   23486      15.8047
   23487      15.9906
   23488      15.4787
   23489      15.9726
   23490      16.4951
   23491      16.0926
   23492      16.3408
   23493      16.9693
   23494      16.2346
   23495      16.0820
   23496      16.3901
   23497      16.3905
   23498      17.5240
   23499      16.8151
   23500      16.2969
   23501      16.2230
   23502      17.1615
   23503      17.4343
   23504      17.0131
   23505      16.6515
   23506      16.6019
   23507      16.5470
   23508      16.5762
   23509      17.0822
   23510      16.5896
   23511      16.1482
   23512      16.1582
   23513      15.7163
   23514      16.2266
   23515      16.3686
   23516      15.6449
   23517      16.0960
   23518      16.5748
   23519      17.0665
   23520      16.6348
   23521      17.6531
   23522      18.5007
   23523      17.8357
   23524      17.5857
   23525      18.1384
   23526      18.0829
   23527      18.1296
   23528      18.2971
   23529      18.2362
   23530      18.3579
   23531      18.4959
   23532      17.2331
   23533      18.2388
   23534      17.9106
   23535      18.9529
   23536      19.3594
   23537      18.7681
   23538      17.5808
   23539      16.5297
   23540      16.3919
   23541      17.2611
   23542      17.6582
   23543      17.5666
   23544      18.0337
   23545      18.3608
   23546      17.2571
   23547      17.5748
   23548      17.7466
   23549      17.6620
   23550      17.3999
   23551      17.6271
   23552      17.4502
   23553      16.6923
   23554      17.1934
   23555      16.5413
   23556      15.6926
   23557      15.4953
   23558      15.0009
   23559      15.4241
   23560      16.4230
   23561      15.9739
   23562      15.8493
   23563      15.8226
   23564      16.0862
   23565      15.5283
   23566      16.8381
   23567      16.9789
   23568      16.7006
   23569      15.7103
   23570      16.9480
   23571      16.7731
   23572      16.2315
   23573      16.5812
   23574      15.8324
   23575      17.3005
   23576      16.4035
   23577      16.8742
   23578      16.5735
   23579      17.6566
   23580      17.9661
   23581      16.4829
   23582      17.2559
   23583      17.6642
   23584      17.7654
   23585      17.3242
   23586      17.7957
   23587      17.6201
   23588      17.7717
   23589      17.1143
   23590      16.4406
   23591      15.7137
   23592      15.9551
   23593      15.9604
   23594      15.8418
   23595      17.1822
   23596      17.9260
   23597      17.0600
   23598      17.5851
   23599      17.1157
   23600      16.6434
   23601      17.1667
   23602      16.2949
   23603      17.2340
   23604      16.9005
   23605      17.1524
   23606      17.6403
   23607      17.0492
   23608      17.7175
   23609      16.8737
   23610      17.1864
   23611      15.9015
   23612      16.3858
   23613      16.8760
   23614      16.5236
   23615      16.3053
   23616      17.1894
   23617      15.6844
   23618      15.9959
   23619      16.3744
   23620      16.5477
   23621      16.8696
   23622      17.1552
   23623      16.4594
   23624      16.6132
   23625      16.8446
   23626      17.2222
   23627      16.6070
   23628      16.2709
   23629      16.8607
   23630      16.5758
   23631      16.6257
   23632      16.6495
   23633      16.2990
   23634      16.7714
   23635      16.6152
   23636      17.0017
   23637      17.8343
   23638      17.5242
   23639      16.9292
   23640      17.0278
   23641      16.8223
   23642      17.4419
   23643      17.2100
   23644      16.8346
   23645      16.9396
   23646      16.6228
   23647      17.6271
   23648      17.1501
   23649      17.0248
   23650      16.6325
   23651      16.7771
   23652      17.8654
   23653      16.5913
   23654      16.9228
   23655      16.9592
   23656      17.3356
   23657      17.0548
   23658      16.3705
   23659      16.8581
   23660      16.6359
   23661      16.4128
   23662      16.8887
   23663      16.2468
   23664      16.5190
   23665      16.3785
   23666      16.5642
   23667      16.8339
   23668      17.3459
   23669      17.1110
   23670      17.7349
   23671      16.8663
   23672      16.3536
   23673      16.5513
   23674      15.5880
   23675      15.1484
   23676      16.5622
   23677      16.0380
   23678      17.2002
   23679      17.2718
   23680      16.8410
   23681      16.6366
   23682      16.2709
   23683      16.3097
   23684      16.1824
   23685      16.4293
   23686      15.9484
   23687      15.9871
   23688      15.4595
   23689      15.1400
   23690      15.6989
   23691      15.6978
   23692      15.9795
   23693      16.5266
   23694      16.6739
   23695      16.8440
   23696      17.0247
   23697      17.2824
   23698      17.2835
   23699      16.7078
   23700      17.4915
   23701      16.8589
   23702      16.7971
   23703      17.3433
   23704      17.1095
   23705      16.2496
   23706      15.9813
   23707      16.1590
   23708      15.5570
   23709      16.9926
   23710      17.8092
   23711      17.9082
   23712      16.9824
   23713      17.0894
   23714      16.9087
   23715      17.2988
   23716      17.1337
   23717      17.1860
   23718      16.7795
   23719      17.5568
   23720      17.0616
   23721      16.7626
   23722      16.2004
   23723      16.6264
   23724      16.4516
   23725      16.7467
   23726      16.1604
   23727      15.9619
   23728      16.6331
   23729      15.8935
   23730      15.8013
   23731      16.2959
   23732      17.1867
   23733      17.2448
   23734      16.9864
   23735      16.3807
   23736      15.3156
   23737      16.2718
   23738      14.4882
   23739      14.7654
   23740      14.7340
   23741      14.1678
   23742      14.0711
   23743      14.4819
   23744      13.7942
   23745      13.0740
   23746      13.9164
   23747      13.7989
   23748      14.4023
   23749      14.8144
   23750      14.0231
   23751      14.6686
   23752      14.7125
   23753      14.8347
   23754      13.0391
   23755      13.2898
   23756      13.2445
   23757      13.8423
   23758      13.9082
   23759      14.1081
   23760      14.4720
   23761      14.1084
   23762      14.4483
   23763      14.1140
   23764      15.1642
   23765      15.2162
   23766      15.3477
   23767      14.3131
   23768      14.7258
   23769      15.1359
   23770      14.6825
   23771      14.5651
   23772      14.7540
   23773      14.2902
   23774      15.3048
   23775      15.7505
   23776      15.2150
   23777      15.2541
   23778      14.9106
   23779      14.6608
   23780      15.2585
   23781      15.1053
   23782      14.4556
   23783      14.2227
   23784      15.0865
   23785      15.0532
   23786      15.6758
   23787      15.3535
   23788      15.5469
   23789      15.5671
   23790      15.5230
   23791      14.8729
   23792      15.8199
   23793      15.4308
   23794      14.8875
   23795      15.6014
   23796      15.6066
   23797      14.9856
   23798      15.4104
   23799      15.7315
   23800      15.2417
   23801      15.3751
   23802      15.7817
   23803      15.4323
   23804      16.0259
   23805      15.5489
   23806      15.7400
   23807      16.1159
   23808      15.5046
   23809      15.6851
   23810      15.7530
   23811      15.7515
   23812      16.3504
   23813      16.4776
   23814      16.0532
   23815      16.7412
   23816      17.0281
   23817      16.8997
   23818      16.6226
   23819      16.1516
   23820      16.4683
   23821      16.2580
   23822      16.0542
   23823      16.0704
   23824      15.6556
   23825      15.7732
   23826      15.7789
   23827      16.0627
   23828      16.2021
   23829      15.7054
   23830      16.1884
   23831      16.4094
   23832      15.8196
   23833      16.3404
   23834      16.3214
   23835      16.2337
   23836      16.2099
   23837      16.5589
   23838      16.6823
   23839      16.7211
   23840      16.7287
   23841      16.7691
   23842      16.1928
   23843      16.3983
   23844      16.2234
   23845      15.5740
   23846      16.2244
   23847      15.9333
   23848      16.3108
   23849      16.1347
   23850      15.9131
   23851      14.9952
   23852      14.9485
   23853      15.6355
   23854      16.2307
   23855      15.4882
   23856      15.7896
   23857      15.7802
   23858      15.6883
   23859      15.5213
   23860      15.9540
   23861      15.5639
   23862      16.4507
   23863      16.1163
   23864      16.1347
   23865      15.5843
   23866      15.7099
   23867      16.4288
   23868      15.9076
   23869      16.2715
   23870      15.9533
   23871      15.8383
   23872      15.8125
   23873      16.3513
   23874      16.4371
   23875      16.8359
   23876      16.9737
   23877      16.1132
   23878      16.4169
   23879      16.0206
   23880      15.7142
   23881      15.4928
   23882      16.0181
   23883      15.5868
   23884      15.6952
   23885      16.0194
   23886      15.6552
   23887      15.5482
   23888      15.7181
   23889      15.6966
   23890      15.5050
   23891      15.5632
   23892      16.1098
   23893      15.3768
   23894      14.6727
   23895      15.8635
   23896      15.6080
   23897      15.4700
   23898      15.3645
   23899      15.3640
   23900      15.2019
   23901      16.1290
   23902      16.6423
   23903      16.0786
   23904      16.8204
   23905      16.0452
   23906      15.6181
   23907      15.6292
   23908      15.7106
   23909      15.5558
   23910      14.8008
   23911      15.3201
   23912      14.9479
   23913      15.0816
   23914      14.9705
   23915      14.9748
   23916      15.4734
   23917      16.0746
   23918      16.4616
   23919      16.8623
   23920      16.9034
   23921      16.4908
   23922      17.0275
   23923      16.7160
   23924      16.8303
   23925      16.6970
   23926      15.6824
   23927      17.0480
   23928      16.4034
   23929      16.9131
   23930      16.7994
   23931      17.0645
   23932      17.6341
   23933      17.0891
   23934      17.4547
   23935      16.9481
   23936      16.6766
   23937      17.5436
   23938      16.3880
   23939      16.0765
   23940      16.2816
   23941      15.9259
   23942      16.4759
   23943      16.2465
   23944      16.6801
   23945      15.7948
   23946      16.6739
   23947      15.6726
   23948      16.2045
   23949      15.4259
   23950      15.3140
   23951      15.0417
   23952      15.2173
   23953      15.2202
   23954      15.4462
   23955      15.3765
   23956      15.7341
   23957      15.7285
   23958      15.0811
   23959      16.2021
   23960      15.8894
   23961      16.1556
   23962      15.8325
   23963      15.3291
   23964      15.9507
   23965      15.8834
   23966      15.8974
   23967      14.9607
   23968      15.6921
   23969      15.1043
   23970      14.9372
   23971      16.5146
   23972      15.6703
   23973      15.3923
   23974      16.1389
   23975      15.0299
   23976      16.3683
   23977      16.1858
   23978      16.7190
   23979      16.8144
   23980      16.7816
   23981      16.6831
   23982      16.2044
   23983      16.3647
   23984      16.2293
   23985      16.7964
   23986      15.7665
   23987      15.8186
   23988      15.3508
   23989      15.8315
   23990      16.2082
   23991      15.0624
   23992      15.2625
   23993      16.1755
   23994      15.7377
   23995      15.6615
   23996      15.3662
   23997      15.9743
   23998      15.5711
   23999      15.6471
   24000      15.8869
   24001      16.0830
   24002      15.8128
   24003      15.0373
   24004      15.0467
   24005      15.2637
   24006      15.3892
   24007      15.6839
   24008      14.9118
   24009      15.0058
   24010      16.2702
   24011      16.1253
   24012      16.0993
   24013      15.8358
   24014      16.3119
   24015      15.2025
   24016      15.0419
   24017      16.3499
   24018      16.4161
   24019      16.5733
   24020      16.1609
   24021      15.9693
   24022      15.9414
   24023      16.6815
   24024      16.3170
   24025      16.1860
   24026      16.3258
   24027      16.4974
   24028      16.4116
   24029      15.6675
   24030      16.0012
   24031      15.3401
   24032      15.8104
   24033      15.5107
   24034      15.9633
   24035      15.7385
   24036      16.1626
   24037      16.2216
   24038      16.4161
   24039      15.6792
   24040      15.8695
   24041      15.6204
   24042      15.6792
   24043      15.0544
   24044      15.6298
   24045      15.3545
   24046      15.2711
   24047      15.8497
   24048      15.9981
   24049      15.4803
   24050      14.9388
   24051      14.5164
   24052      14.8528
   24053      15.0017
   24054      15.0607
   24055      15.7493
   24056      16.1842
   24057      15.9796
   24058      15.6272
   24059      15.5123
   24060      16.0848
   24061      14.8009
   24062      15.3730
   24063      15.4616
   24064      15.4066
   24065      15.3957
   24066      15.1134
   24067      15.3322
   24068      15.4547
   24069      15.3989
   24070      15.5647
   24071      15.4458
   24072      15.4755
   24073      15.5545
   24074      15.2269
   24075      15.0862
   24076      14.8380
   24077      16.4115
   24078      15.8714
   24079      15.5906
   24080      15.7039
   24081      15.1812
   24082      15.3109
   24083      15.6450
   24084      15.2662
   24085      15.1842
   24086      16.1199
   24087      15.9462
   24088      15.3849
   24089      15.3532
   24090      15.2081
   24091      15.2325
   24092      15.5111
   24093      15.1983
   24094      15.2710
   24095      15.9465
   24096      16.5839
   24097      15.9726
   24098      15.7660
   24099      15.2992
   24100      14.7889
   24101      15.9293
   24102      15.7600
   24103      16.0208
   24104      15.9248
   24105      15.9198
   24106      15.8690
   24107      16.4345
   24108      15.2749
   24109      15.1673
   24110      15.4565
   24111      14.9188
   24112      14.7178
   24113      15.4327
   24114      15.4807
   24115      15.1529
   24116      15.9383
   24117      16.2692
   24118      15.1425
   24119      15.4247
   24120      15.3894
   24121      15.0379
   24122      14.6984
   24123      16.1688
   24124      15.3172
   24125      15.4889
   24126      15.0693
   24127      15.6047
   24128      15.7970
   24129      15.6831
   24130      15.4759
   24131      15.0430
   24132      15.0444
   24133      15.7529
   24134      15.8461
   24135      15.5819
   24136      15.8978
   24137      15.6040
   24138      15.7731
   24139      15.1140
   24140      15.8571
   24141      15.3535
   24142      16.0527
   24143      15.3274
   24144      14.4212
   24145      15.1167
   24146      15.3542
   24147      15.6648
   24148      15.6581
   24149      15.5463
   24150      15.0410
   24151      16.6260
   24152      15.8754
   24153      15.9653
   24154      15.6424
   24155      15.9786
   24156      15.9026
   24157      15.8859
   24158      15.6993
   24159      14.7145
   24160      14.9317
   24161      14.9816
   24162      14.4734
   24163      14.8793
   24164      15.2237
   24165      15.5824
   24166      15.2458
   24167      14.7904
   24168      14.7250
   24169      14.8513
   24170      15.2220
   24171      15.2729
   24172      15.2287
   24173      16.1222
   24174      15.3322
   24175      14.9178
   24176      15.2922
   24177      14.8417
   24178      15.0068
   24179      15.8378
   24180      15.4784
   24181      15.6514
   24182      15.2631
   24183      15.7004
   24184      15.4450
   24185      16.0086
   24186      15.9921
   24187      15.3638
   24188      15.0539
   24189      14.9691
   24190      15.5586
   24191      14.8067
   24192      15.3238
   24193      16.1159
   24194      15.6556
   24195      15.7935
   24196      15.6274
   24197      16.0355
   24198      16.3949
   24199      16.2482
   24200      15.9008
   24201      15.1668
   24202      15.4941
   24203      15.7614
   24204      15.9415
   24205      15.7824
   24206      16.0664
   24207      16.1335
   24208      16.3635
   24209      15.9850
   24210      16.0601
   24211      15.5898
   24212      15.4453
   24213      16.2583
   24214      15.3429
   24215      16.3860
   24216      15.7706
   24217      15.8480
   24218      15.1906
   24219      16.3397
   24220      16.4618
   24221      16.0382
   24222      16.4402
   24223      15.7767
   24224      16.3832
   24225      15.3659
   24226      15.7291
   24227      15.4686
   24228      15.3757
   24229      15.5965
   24230      14.9808
   24231      15.0758
   24232      15.9388
   24233      16.0762
   24234      15.4989
   24235      16.2962
   24236      16.4574
   24237      16.9882
   24238      15.9396
   24239      16.5332
   24240      15.9800
   24241      16.1170
   24242      15.6265
   24243      15.4829
   24244      15.4465
   24245      15.2957
   24246      16.2594
   24247      16.6262
   24248      15.5845
   24249      15.7059
   24250      15.9718
   24251      15.7018
   24252      16.2326
   24253      15.5354
   24254      15.0225
   24255      15.0466
   24256      14.7269
   24257      15.1810
   24258      14.6506
   24259      15.4026
   24260      15.5461
   24261      16.5503
   24262      16.5681
   24263      15.8051
   24264      16.2335
   24265      15.5207
   24266      16.3223
   24267      16.1165
   24268      16.1410
   24269      16.3139
   24270      15.7310
   24271      15.9662
   24272      15.4419
   24273      16.0566
   24274      16.2797
   24275      15.7418
   24276      15.5561
   24277      15.0195
   24278      15.0026
   24279      15.4340
   24280      15.6225
   24281      15.0768
   24282      16.7220
   24283      15.8281
   24284      16.4029
   24285      15.9279
   24286      15.4506
   24287      15.8397
   24288      16.0294
   24289      15.4603
   24290      15.3085
   24291      15.4680
   24292      15.6195
   24293      16.0966
   24294      16.1269
   24295      16.0260
   24296      16.2288
   24297      16.3265
   24298      15.7716
   24299      15.9059
   24300      16.2208
   24301      15.6410
   24302      15.6366
   24303      15.4465
   24304      15.7058
   24305      15.9056
   24306      15.8179
   24307      15.5550
   24308      15.1749
   24309      15.2554
   24310      15.3863
   24311      16.0870
   24312      15.1508
   24313      16.6139
   24314      15.7742
   24315      16.6945
   24316      16.9253
   24317      15.8875
   24318      15.9926
   24319      15.7955
   24320      15.6597
   24321      15.7771
   24322      16.0456
   24323      16.1195
   24324      16.5708
   24325      16.6435
   24326      15.9518
   24327      16.2107
   24328      16.1008
   24329      16.3318
   24330      15.3068
   24331      15.7317
   24332      16.3506
   24333      14.9424
   24334      14.7592
   24335      14.9425
   24336      15.2803
   24337      15.1877
   24338      15.3658
   24339      15.4511
   24340      15.9005
   24341      16.1568
   24342      16.8263
   24343      17.1551
   24344      16.0496
   24345      15.5233
   24346      16.1295
   24347      16.5539
   24348      16.2488
   24349      16.5860
   24350      17.4806
   24351      17.3862
   24352      16.2860
   24353      15.5274
   24354      16.2821
   24355      15.7633
   24356      16.2577
   24357      16.2254
   24358      16.8998
   24359      16.7744
   24360      15.9487
   24361      15.7486
   24362      15.3356
   24363      16.4047
   24364      16.4852
   24365      16.6990
   24366      17.0221
   24367      16.9648
   24368      17.7186
   24369      17.0777
   24370      16.5848
   24371      15.6503
   24372      15.6727
   24373      16.3690
   24374      16.2051
   24375      16.5095
   24376      15.6733
   24377      16.0714
   24378      16.2915
   24379      16.1760
   24380      15.7934
   24381      16.3786
   24382      15.9601
   24383      15.8313
   24384      15.6103
   24385      15.8051
   24386      15.7178
   24387      16.2503
   24388      15.5202
   24389      16.0145
   24390      15.9263
   24391      15.5259
   24392      15.9661
   24393      15.8146
   24394      15.4866
   24395      15.7592
   24396      16.0952
   24397      16.1644
   24398      16.5175
   24399      15.9341
   24400      15.7062
   24401      15.9018
   24402      16.3548
   24403      16.1133
   24404      15.3771
   24405      15.7279
   24406      15.6511
   24407      15.5842
   24408      16.6575
   24409      15.4136
   24410      15.5182
   24411      15.7420
   24412      15.4904
   24413      16.2511
   24414      15.7039
   24415      15.5501
   24416      15.3527
   24417      15.2888
   24418      15.6655
   24419      15.1990
   24420      15.2747
   24421      14.9384
   24422      15.3903
   24423      14.9396
   24424      14.9384
   24425      15.2395
   24426      15.4130
   24427      16.1437
   24428      14.9357
   24429      15.1872
   24430      15.5875
   24431      15.0683
   24432      15.6019
   24433      15.2438
   24434      15.3030
   24435      15.9399
   24436      15.7673
   24437      15.8747
   24438      14.7448
   24439      15.1735
   24440      15.0894
   24441      14.9303
   24442      14.8854
   24443      14.6108
   24444      13.9321
   24445      13.4247
   24446      13.1440
   24447      13.2946
   24448      14.2445
   24449      13.3262
   24450      13.9783
   24451      13.8958
   24452      13.1211
   24453      13.5847
   24454      13.5618
   24455      13.1135
   24456      12.8204
   24457      13.3642
   24458      13.6685
   24459      14.7226
   24460      13.3683
   24461      13.1351
   24462      13.5420
   24463      13.1474
   24464      13.3959
   24465      13.2235
   24466      14.5129
   24467      14.5511
   24468      15.2608
   24469      15.2278
   24470      14.8755
   24471      15.2319
   24472      15.9063
   24473      14.3989
   24474      15.4389
   24475      15.6173
   24476      15.3733
   24477      14.9982
   24478      14.9644
   24479      14.9056
   24480      14.7795
   24481      15.1374
   24482      15.1718
   24483      15.0239
   24484      14.6180
   24485      15.3130
   24486      14.5779
   24487      15.3230
   24488      14.9981
   24489      15.3636
   24490      14.2420
   24491      14.9040
   24492      14.9507
   24493      14.3707
   24494      14.9634
   24495      15.4577
   24496      15.8305
   24497      16.4340
   24498      16.4230
   24499      15.1091
   24500      16.2418
   24501      16.7675
   24502      16.5152
   24503      15.6430
   24504      16.2418
   24505      15.8851
   24506      15.4551
   24507      16.0786
   24508      16.4988
   24509      15.4003
   24510      15.6873
   24511      16.7837
   24512      16.3274
   24513      16.5352
   24514      15.8996
   24515      16.3869
   24516      15.8929
   24517      16.7185
   24518      15.5736
   24519      15.5918
   24520      15.9684
   24521      14.8562
   24522      14.7557
   24523      14.9881
   24524      14.5486
   24525      15.2883
   24526      14.8310
   24527      14.7273
   24528      14.4775
   24529      13.9912
   24530      14.7471
   24531      15.5854
   24532      14.6482
   24533      15.6200
   24534      14.8177
   24535      15.0248
   24536      15.8770
   24537      15.3453
   24538      15.1675
   24539      13.9074
   24540      14.3072
   24541      14.3173
   24542      14.0904
   24543      14.3326
   24544      14.0035
   24545      14.8883
   24546      14.2596
   24547      13.7104
   24548      13.0418
   24549      13.8171
   24550      14.4024
   24551      14.8949
   24552      14.5519
   24553      14.5614
   24554      14.6921
   24555      14.5482
   24556      13.6210
   24557      13.7148
   24558      14.3173
   24559      14.6735
   24560      14.6236
   24561      14.1534
   24562      14.9927
   24563      14.9788
   24564      14.0682
   24565      15.0276
   24566      15.1946
   24567      15.2019
   24568      15.2186
   24569      13.8236
   24570      13.8838
   24571      13.6278
   24572      13.5317
   24573      13.5695
   24574      13.5928
   24575      13.8131
   24576      13.8557
   24577      13.5520
   24578      13.2356
   24579      13.7689
   24580      13.8713
   24581      14.1733
   24582      13.7473
   24583      14.1867
   24584      14.8478
   24585      14.3486
   24586      14.1271
   24587      13.4948
   24588      13.7330
   24589      13.6314
   24590      12.9919
   24591      13.4111
   24592      13.0015
   24593      13.6035
   24594      13.2301
   24595      13.3824
   24596      13.4631
   24597      13.5487
   24598      13.9363
   24599      14.0872
   24600      13.5812
   24601      13.5965
   24602      13.7508
   24603      14.2386
   24604      13.8858
   24605      13.9672
   24606      13.4500
   24607      13.1821
   24608      13.8857
   24609      14.4939
   24610      14.3579
   24611      14.1874
   24612      13.8224
   24613      13.8208
   24614      13.0596
   24615      13.4202
   24616      12.6545
   24617      13.3809
   24618      12.8320
   24619      13.0523
   24620      13.5305
   24621      13.6189
   24622      13.0490
   24623      13.3852
   24624      13.7597
   24625      13.9825
   24626      13.5389
   24627      13.4075
   24628      13.2762
   24629      12.8938
   24630      12.8710
   24631      12.6896
   24632      12.3664
   24633      12.3848
   24634      11.9097
   24635      12.1291
   24636      12.7092
   24637      13.1962
   24638      13.1338
   24639      12.1950
   24640      13.7283
   24641      12.6080
   24642      12.8062
   24643      13.3241
   24644      13.1898
   24645      13.0150
   24646      13.6764
   24647      13.6647
   24648      13.4600
   24649      13.4185
   24650      12.8920
   24651      13.0327
   24652      13.5847
   24653      13.1235
   24654      13.2759
   24655      12.9498
   24656      13.4055
   24657      13.6999
   24658      12.5287
   24659      12.1588
   24660      13.1234
   24661      13.1306
   24662      13.4994
   24663      13.6127
   24664      13.6443
   24665      13.4191
   24666      13.1128
   24667      12.7314
   24668      11.9799
   24669      12.7656
   24670      13.8691
   24671      13.6625
   24672      13.6048
   24673      12.9232
   24674      13.8935
   24675      13.0025
   24676      13.3286
   24677      13.5738
   24678      13.7970
   24679      13.6471
   24680      13.9017
   24681      14.7512
   24682      13.8642
   24683      13.7708
   24684      13.3475
   24685      13.3984
   24686      13.2299
   24687      14.0778
   24688      14.2816
   24689      13.7733
   24690      14.3774
   24691      14.1603
   24692      13.9476
   24693      14.6829
   24694      13.9226
   24695      14.5186
   24696      13.6874
   24697      14.6207
   24698      13.8625
   24699      13.5429
   24700      14.5787
   24701      14.4037
   24702      13.4832
   24703      14.1054
   24704      13.4876
   24705      13.8905
   24706      13.5836
   24707      13.6995
   24708      14.1133
   24709      13.8160
   24710      14.1211
   24711      13.9080
   24712      13.9335
   24713      13.5068
   24714      14.2290
   24715      14.7212
   24716      14.6983
   24717      14.5823
   24718      14.5371
   24719      14.9257
   24720      14.6175
   24721      14.7669
   24722      14.4771
   24723      14.4202
   24724      14.2180
   24725      14.2966
   24726      14.3095
   24727      14.7379
   24728      15.1816
   24729      15.7888
   24730      15.2940
   24731      15.1221
   24732      14.9900
   24733      15.9713
   24734      15.6003
   24735      15.3516
   24736      16.0519
   24737      15.4935
   24738      15.3592
   24739      15.3188
   24740      15.4228
   24741      14.7158
   24742      15.0836
   24743      15.6872
   24744      16.0938
   24745      15.6576
   24746      14.4270
   24747      15.1849
   24748      14.8933
   24749      14.8893
   24750      15.7594
   24751      14.9663
   24752      15.2615
   24753      15.4911
   24754      14.4860
   24755      15.5166
   24756      15.0609
   24757      14.8436
   24758      15.1990
   24759      15.3419
   24760      15.5204
   24761      14.6902
   24762      15.3208
   24763      15.1340
   24764      14.2478
   24765      15.6979
   24766      15.4598
   24767      15.3281
   24768      15.8865
   24769      15.1854
   24770      14.7372
   24771      14.2519
   24772      14.6242
   24773      14.8912
   24774      14.1914
   24775      13.9960
   24776      15.0793
   24777      15.1119
   24778      15.0098
   24779      14.5861
   24780      14.8491
   24781      14.8515
   24782      15.1236
   24783      15.1409
   24784      14.3150
   24785      14.9085
   24786      14.3006
   24787      14.5498
   24788      14.9950
   24789      15.0287
   24790      14.4461
   24791      14.7677
   24792      14.7511
   24793      14.8188
   24794      15.0050
   24795      14.7906
   24796      14.3436
   24797      14.6575
   24798      14.8836
   24799      14.8557
   24800      15.2979
   24801      13.8559
   24802      14.2275
   24803      14.2624
   24804      14.4690
   24805      14.2042
   24806      14.3978
   24807      13.7432
   24808      13.1647
   24809      12.4833
   24810      13.1649
   24811      11.4867
   24812      12.8183
   24813      12.4830
   24814      12.1517
   24815      12.3736
   24816      12.1379
   24817      12.3636
   24818      13.2916
   24819      12.6322
   24820      12.8926
   24821      12.6419
   24822      13.3425
   24823      12.7687
   24824      12.9053
   24825      12.6885
   24826      13.4007
   24827      14.0129
   24828      12.9889
   24829      13.6910
   24830      14.2458
   24831      13.5731
   24832      13.9353
   24833      13.6648
   24834      14.3187
   24835      13.2931
   24836      13.4170
   24837      12.6980
   24838      13.1820
   24839      13.7473
   24840      13.5746
   24841      14.2445
   24842      13.1355
   24843      12.4526
   24844      12.8848
   24845      13.3717
   24846      12.9055
   24847      13.1406
   24848      13.5409
   24849      14.1493
   24850      13.8103
   24851      14.0303
   24852      14.6374
   24853      14.0366
   24854      13.8169
   24855      12.9173
   24856      13.4556
   24857      13.1177
   24858      12.9820
   24859      13.1883
   24860      13.2987
   24861      12.7772
   24862      13.0978
   24863      13.6984
   24864      12.8311
   24865      13.6945
   24866      13.7384
   24867      13.5118
   24868      13.3229
   24869      13.6838
   24870      13.8670
   24871      13.9189
   24872      13.0776
   24873      13.4296
   24874      14.5067
   24875      13.8559
   24876      13.2899
   24877      14.2180
   24878      13.5086
   24879      14.3615
   24880      14.6736
   24881      14.8918
   24882      14.6117
   24883      14.3682
   24884      13.7019
   24885      13.2733
   24886      13.8940
   24887      14.0847
   24888      13.6696
   24889      13.0020
   24890      14.1012
   24891      14.0846
   24892      13.7775
   24893      14.6810
   24894      13.8956
   24895      13.5310
   24896      15.4659
   24897      15.1363
   24898      14.3743
   24899      14.4220
   24900      13.8713
   24901      14.0487
   24902      14.2679
   24903      14.3362
   24904      13.0418
   24905      13.4261
   24906      13.0652
   24907      13.2955
   24908      12.8634
   24909      13.4647
   24910      13.2106
   24911      11.6533
   24912      13.2831
   24913      11.9601
   24914      11.7160
   24915      11.9303
   24916      12.0234
   24917      12.9859
   24918      13.5250
   24919      12.9578
   24920      12.5021
   24921      12.4228
   24922      12.5822
   24923      12.5001
   24924      12.0948
   24925      12.0751
   24926      12.4910
   24927      12.2946
   24928      12.3076
   24929      11.9489
   24930      12.5829
   24931      13.2656
   24932      12.9879
   24933      12.6436
   24934      13.6664
   24935      13.1581
   24936      11.9801
   24937      12.3351
   24938      12.3949
   24939      13.2674
   24940      12.7051
   24941      12.7020
   24942      12.9936
   24943      13.2738
   24944      12.7876
   24945      12.9086
   24946      12.0992
   24947      12.7472
   24948      12.1727
   24949      11.9152
   24950      11.3636
   24951      12.5341
   24952      12.6899
   24953      12.6333
   24954      12.4590
   24955      13.0470
   24956      12.9499
   24957      13.0627
   24958      13.4459
   24959      13.0697
   24960      12.4852
   24961      12.7061
   24962      12.4672
   24963      12.9745
   24964      12.2383
   24965      12.4419
   24966      12.4330
   24967      12.6417
   24968      12.6817
   24969      12.1926
   24970      12.8059
   24971      12.1897
   24972      12.0374
   24973      12.2680
   24974      12.3453
   24975      12.7536
   24976      12.0130
   24977      12.4842
   24978      13.0610
   24979      12.4664
   24980      12.9778
   24981      12.5875
   24982      12.7256
   24983      12.8341
   24984      12.3524
   24985      12.1728
   24986      12.1887
   24987      12.6680
   24988      12.7922
   24989      12.4150
   24990      12.7535
   24991      12.8197
   24992      13.2981
   24993      13.3924
   24994      13.4381
   24995      14.0322
   24996      13.4974
   24997      13.7122
   24998      13.6806
   24999      13.2669
   25000      13.6333
   25001      14.0597
   25002      12.7180
   25003      12.3136
   25004      12.3802
   25005      12.5369
   25006      12.3603
   25007      12.5570
   25008      12.3328
   25009      12.5073
   25010      12.9929
   25011      12.4638
   25012      12.8195
   25013      11.8673
   25014      12.3348
   25015      12.1449
   25016      12.1247
   25017      12.8199
   25018      13.1683
   25019      12.9753
   25020      12.6483
   25021      13.0866
   25022      12.8189
   25023      13.4368
   25024      13.1018
   25025      13.3099
   25026      12.3802
   25027      12.7448
   25028      12.3253
   25029      12.1199
   25030      12.2899
   25031      11.9601
   25032      12.6175
   25033      11.9286
   25034      11.5169
   25035      12.4807
   25036      12.5900
   25037      13.3082
   25038      13.1938
   25039      12.2065
   25040      13.1637
   25041      12.3131
   25042      12.9863
   25043      13.2303
   25044      12.2386
   25045      12.5717
   25046      12.4159
   25047      12.3150
   25048      12.0326
   25049      12.9094
   25050      12.6812
   25051      12.5307
   25052      13.1859
   25053      11.9421
   25054      11.9808
   25055      12.1227
   25056      12.5480
   25057      12.3300
   25058      12.5084
   25059      12.9395
   25060      12.6694
   25061      12.5154
   25062      12.0010
   25063      12.2313
   25064      12.6750
   25065      13.4554
   25066      13.3867
   25067      14.0604
   25068      13.8114
   25069      13.3407
   25070      13.1861
   25071      12.4890
   25072      12.0729
   25073      12.4014
   25074      12.0184
   25075      12.1936
   25076      12.3742
   25077      11.9156
   25078      12.4333
   25079      12.4291
   25080      11.9008
   25081      12.6335
   25082      11.9183
   25083      12.7081
   25084      11.5393
   25085      12.7299
   25086      12.9613
   25087      12.8143
   25088      12.5877
   25089      12.5589
   25090      12.2927
   25091      12.3996
   25092      12.6675
   25093      12.9031
   25094      13.6649
   25095      13.1548
   25096      13.6770
   25097      13.9556
   25098      13.4477
   25099      14.4600
   25100      13.7365
   25101      13.6643
   25102      14.2400
   25103      13.8725
   25104      14.2476
   25105      13.5274
   25106      14.3172
   25107      13.3085
   25108      13.3726
   25109      13.5515
   25110      14.4207
   25111      14.2969
   25112      15.0137
   25113      14.4396
   25114      13.6057
   25115      13.9598
   25116      13.4509
   25117      13.6997
   25118      14.5385
   25119      14.0206
   25120      13.5034
   25121      12.9359
   25122      14.4368
   25123      13.7314
   25124      14.2903
   25125      14.7049
   25126      13.9097
   25127      13.8437
   25128      13.8210
   25129      14.2432
   25130      13.7230
   25131      13.5813
   25132      14.4527
   25133      14.5242
   25134      14.3407
   25135      14.4843
   25136      14.5463
   25137      13.7040
   25138      13.9658
   25139      14.4958
   25140      14.7479
   25141      14.0988
   25142      14.6517
   25143      14.4119
   25144      14.3200
   25145      14.4321
   25146      14.7000
   25147      14.8147
   25148      14.6532
   25149      14.4679
   25150      14.9564
   25151      14.6982
   25152      14.6457
   25153      14.8697
   25154      14.0554
   25155      14.5216
   25156      14.6610
   25157      14.5914
   25158      14.6008
   25159      14.7767
   25160      15.3165
   25161      15.2312
   25162      14.4600
   25163      14.8761
   25164      14.6995
   25165      15.2649
   25166      15.0293
   25167      14.1360
   25168      14.9049
   25169      15.3388
   25170      15.0873
   25171      14.7171
   25172      15.3662
   25173      14.8730
   25174      15.2056
   25175      15.3328
   25176      15.4780
   25177      15.1231
   25178      14.5388
   25179      14.6898
   25180      14.1727
   25181      14.2531
   25182      14.5206
   25183      14.6582
   25184      15.3071
   25185      14.3737
   25186      14.7575
   25187      14.9265
   25188      14.8275
   25189      15.5915
   25190      15.8810
   25191      16.1069
   25192      15.8329
   25193      15.6116
   25194      15.4334
   25195      15.7612
   25196      15.2677
   25197      14.8199
   25198      15.3916
   25199      14.8971
   25200      14.0913
   25201      14.4677
   25202      14.3759
   25203      14.5580
   25204      14.7511
   25205      14.9300
   25206      14.7577
   25207      14.5575
   25208      13.8448
   25209      14.3568
   25210      13.0887
   25211      14.0490
   25212      14.5429
   25213      14.1953
   25214      15.4085
   25215      14.4757
   25216      15.1060
   25217      14.6108
   25218      14.0237
   25219      14.4902
   25220      14.6001
   25221      14.9453
   25222      14.0589
   25223      14.2389
   25224      14.8355
   25225      14.0094
   25226      14.6440
   25227      14.5194
   25228      14.8239
   25229      14.1377
   25230      14.3860
   25231      14.5467
   25232      14.0826
   25233      14.7077
   25234      14.8140
   25235      14.0464
   25236      14.6060
   25237      14.6543
   25238      14.8045
   25239      14.1478
   25240      14.3806
   25241      14.0332
   25242      15.5209
   25243      15.6962
   25244      15.2946
   25245      15.6500
   25246      15.3670
   25247      15.2245
   25248      14.6751
   25249      15.4725
   25250      15.2337
   25251      15.9510
   25252      15.4801
   25253      14.4198
   25254      15.0756
   25255      15.0383
   25256      15.3582
   25257      15.5681
   25258      15.0296
   25259      14.5668
   25260      14.5692
   25261      15.5760
   25262      15.4252
   25263      15.9314
   25264      16.0184
   25265      15.5995
   25266      15.4178
   25267      15.9592
   25268      16.3578
   25269      15.7451
   25270      16.1496
   25271      15.7146
   25272      15.6607
   25273      16.2184
   25274      16.3016
   25275      15.9726
   25276      15.9087
   25277      15.4494
   25278      16.1355
   25279      15.9944
   25280      16.0481
   25281      15.9523
   25282      15.5907
   25283      15.5738
   25284      15.3255
   25285      14.7538
   25286      14.6698
   25287      13.5856
   25288      14.3138
   25289      14.4917
   25290      14.1849
   25291      13.3605
   25292      12.5989
   25293      12.6036
   25294      12.2448
   25295      11.9809
   25296      12.1300
   25297      12.8296
   25298      12.7017
   25299      12.6189
   25300      12.3166
   25301      14.0876
   25302      13.7714
   25303      13.3089
   25304      13.5500
   25305      14.2003
   25306      14.1294
   25307      14.0147
   25308      14.0333
   25309      14.4050
   25310      14.2576
   25311      14.3818
   25312      14.3525
   25313      14.3096
   25314      14.3848
   25315      14.1450
   25316      14.6527
   25317      14.9874
   25318      15.5579
   25319      15.4203
   25320      14.8602
   25321      14.6188
   25322      14.8235
   25323      14.6875
   25324      14.1370
   25325      14.8834
   25326      14.8039
   25327      15.0626
   25328      14.3795
   25329      14.7080
   25330      14.2175
   25331      14.9504
   25332      14.8357
   25333      14.6252
   25334      14.5836
   25335      15.0437
   25336      15.4641
   25337      13.7307
   25338      14.7573
   25339      14.6096
   25340      13.6510
   25341      14.1464
   25342      13.9378
   25343      14.1870
   25344      14.7127
   25345      14.3077
   25346      14.5387
   25347      14.4884
   25348      14.8556
   25349      14.3320
   25350      13.9590
   25351      14.8395
   25352      14.8602
   25353      13.8206
   25354      13.4280
   25355      14.5288
   25356      13.9333
   25357      15.1684
   25358      14.5383
   25359      14.4640
   25360      14.4431
   25361      14.5918
   25362      14.3187
   25363      13.6360
   25364      14.4772
   25365      14.0727
   25366      13.5910
   25367      12.8235
   25368      13.1823
   25369      12.9126
   25370      13.7196
   25371      13.2965
   25372      13.5471
   25373      13.5289
   25374      12.3039
   25375      11.6495
   25376      12.8004
   25377      12.7477
   25378      12.1778
   25379      12.5719
   25380      11.5985
   25381      12.0898
   25382      12.7481
   25383      12.7280
   25384      12.5136
   25385      12.9213
   25386      12.9396
   25387      13.5508
   25388      12.6189
   25389      12.7976
   25390      12.4624
   25391      12.4449
   25392      12.7970
   25393      12.2638
   25394      13.2212
   25395      13.7157
   25396      13.6442
   25397      12.8712
   25398      12.6041
   25399      12.8618
   25400      13.9985
   25401      12.8539
   25402      13.5655
   25403      13.3335
   25404      12.6979
   25405      12.4869
   25406      12.6378
   25407      13.5237
   25408      12.1711
   25409      12.0140
   25410      12.4324
   25411      12.8358
   25412      12.6362
   25413      12.3825
   25414      12.3015
   25415      12.1970
   25416      12.1503
   25417      12.4798
   25418      12.9329
   25419      12.6299
   25420      12.2573
   25421      12.3147
   25422      12.3816
   25423      12.4153
   25424      12.5243
   25425      12.5960
   25426      11.9896
   25427      12.6399
   25428      12.4008
   25429      12.2183
   25430      12.5699
   25431      12.0667
   25432      12.8114
   25433      12.4350
   25434      12.4762
   25435      12.8336
   25436      12.2249
   25437      11.9240
   25438      12.1519
   25439      12.5173
   25440      12.9104
   25441      12.9003
   25442      12.0782
   25443      12.3319
   25444      12.0890
   25445      12.1163
   25446      11.3079
   25447      11.7934
   25448      12.3636
   25449      12.6405
   25450      13.5991
   25451      12.6778
   25452      12.4067
   25453      12.3982
   25454      12.1376
   25455      12.6591
   25456      12.5117
   25457      12.8985
   25458      12.3900
   25459      12.3992
   25460      12.4849
   25461      12.1496
   25462      12.1759
   25463      12.1536
   25464      11.7850
   25465      11.6692
   25466      12.5123
   25467      12.0967
   25468      12.2865
   25469      12.1509
   25470      12.1203
   25471      12.3767
   25472      12.3389
   25473      12.0769
   25474      11.9854
   25475      11.8176
   25476      12.2009
   25477      12.5547
   25478      12.3207
   25479      12.6533
   25480      12.5188
   25481      12.7490
   25482      12.7764
   25483      12.9688
   25484      12.8208
   25485      13.0591
   25486      13.0056
   25487      13.1598
   25488      13.2296
   25489      13.1645
   25490      12.3601
   25491      11.9605
   25492      12.6722
   25493      12.1269
   25494      12.4640
   25495      12.4222
   25496      11.5351
   25497      13.5028
   25498      12.3212
   25499      12.4203
   25500      12.8189
   25501      13.1713
   25502      12.8954
   25503      13.0925
   25504      13.9131
   25505      12.9435
   25506      12.7785
   25507      13.6111
   25508      12.7879
   25509      12.5670
   25510      13.8577
   25511      13.1365
   25512      13.5515
   25513      13.2571
   25514      12.9021
   25515      12.8161
   25516      13.3688
   25517      13.6241
   25518      12.3540
   25519      13.7035
   25520      12.9621
   25521      14.4945
   25522      13.2208
   25523      12.5409
   25524      12.6504
   25525      12.9126
   25526      13.0685
   25527      13.0778
   25528      12.9030
   25529      12.7811
   25530      13.6419
   25531      14.1427
   25532      14.3882
   25533      13.4364
   25534      14.3470
   25535      14.3599
   25536      13.9844
   25537      14.0608
   25538      14.3786
   25539      14.6988
   25540      15.2956
   25541      15.2625
   25542      14.4951
   25543      15.6509
   25544      15.5238
   25545      14.7866
   25546      14.3567
   25547      15.4257
   25548      15.7469
   25549      15.4602
   25550      15.4817
   25551      15.8506
   25552      15.3868
   25553      15.1968
   25554      15.2294
   25555      15.9008
   25556      15.9415
   25557      15.6717
   25558      15.2527
   25559      14.7083
   25560      14.6484
   25561      14.9921
   25562      14.5361
   25563      15.8363
   25564      15.6652
   25565      15.5027
   25566      15.1045
   25567      14.9887
   25568      15.5109
   25569      15.5927
   25570      15.6747
   25571      14.6766
   25572      14.3441
   25573      15.3969
   25574      14.8884
   25575      15.0822
   25576      15.1729
   25577      15.9729
   25578      15.5165
   25579      15.4425
   25580      15.6970
   25581      15.4858
   25582      15.5614
   25583      15.9171
   25584      15.3605
   25585      15.6724
   25586      15.3991
   25587      15.5798
   25588      15.0998
   25589      15.0700
   25590      14.7768
   25591      14.1099
   25592      14.0284
   25593      14.2615
   25594      15.0163
   25595      13.8700
   25596      14.7460
   25597      15.2139
   25598      15.7133
   25599      15.3510
   25600      15.3698
   25601      16.4478
   25602      16.1759
   25603      16.4640
   25604      15.7446
   25605      15.7574
   25606      15.1799
   25607      15.7913
   25608      15.8421
   25609      16.3445
   25610      16.3538
   25611      16.0497
   25612      16.0075
   25613      15.3932
   25614      16.1072
   25615      15.5954
   25616      15.8573
   25617      15.9456
   25618      15.6059
   25619      15.8762
   25620      16.0014
   25621      15.5479
   25622      15.5875
   25623      15.4893
   25624      15.7281
   25625      15.8923
   25626      15.9982
   25627      15.4584
   25628      15.5476
   25629      15.3101
   25630      14.4898
   25631      14.9758
   25632      13.9492
   25633      14.8791
   25634      14.5467
   25635      14.4703
   25636      14.9568
   25637      15.3316
   25638      15.7995
   25639      15.8581
   25640      15.4832
   25641      15.4577
   25642      15.3555
   25643      15.3943
   25644      15.3698
   25645      15.3753
   25646      14.8041
   25647      15.6735
   25648      15.3391
   25649      16.1251
   25650      15.5524
   25651      15.5797
   25652      15.6329
   25653      16.4316
   25654      14.6974
   25655      15.0903
   25656      15.2382
   25657      16.0250
   25658      16.6411
   25659      15.8762
   25660      15.3307
   25661      15.8988
   25662      15.7554
   25663      15.6369
   25664      15.3314
   25665      15.5787
   25666      15.1968
   25667      15.0977
   25668      15.6334
   25669      15.9241
   25670      15.7069
   25671      15.3243
   25672      15.7761
   25673      15.2456
   25674      15.5208
   25675      15.4896
   25676      15.8572
   25677      15.9258
   25678      15.2175
   25679      15.1296
   25680      15.4735
   25681      15.5815
   25682      16.1063
   25683      16.1299
   25684      16.9421
   25685      16.7321
   25686      16.9053
   25687      15.6490
   25688      17.0138
   25689      15.9428
   25690      16.0729
   25691      15.3462
   25692      15.1121
   25693      14.5989
   25694      14.6403
   25695      14.8750
   25696      14.6999
   25697      15.6800
   25698      16.4233
   25699      15.8146
   25700      15.2542
   25701      15.4286
   25702      15.7643
   25703      15.0849
   25704      15.7113
   25705      15.9319
   25706      15.7782
   25707      15.7427
   25708      15.4442
   25709      16.0018
   25710      15.5236
   25711      15.2271
   25712      15.4796
   25713      15.5480
   25714      14.9193
   25715      15.5188
   25716      15.3421
   25717      16.3362
   25718      15.4299
   25719      15.1133
   25720      14.8847
   25721      14.6551
   25722      15.4491
   25723      16.1994
   25724      15.3601
   25725      15.8031
   25726      15.6064
   25727      14.4238
   25728      15.4794
   25729      15.2261
   25730      15.3115
   25731      15.8664
   25732      15.6815
   25733      15.2268
   25734      15.3613
   25735      15.3607
   25736      15.0480
   25737      14.8647
   25738      15.3717
   25739      14.8698
   25740      15.3202
   25741      15.5841
   25742      15.8943
   25743      14.6239
   25744      14.3770
   25745      13.7137
   25746      14.2916
   25747      13.4407
   25748      13.3278
   25749      13.5280
   25750      13.2935
   25751      14.4481
   25752      13.5448
   25753      13.1977
   25754      13.6957
   25755      13.9261
   25756      13.0195
   25757      13.7993
   25758      13.5728
   25759      13.7988
   25760      14.1624
   25761      14.1801
   25762      13.9949
   25763      13.8106
   25764      13.1616
   25765      14.3224
   25766      14.3779
   25767      14.0203
   25768      13.1429
   25769      14.2615
   25770      13.3914
   25771      13.1654
   25772      13.5123
   25773      14.2362
   25774      14.8092
   25775      14.8862
   25776      14.8703
   25777      14.6536
   25778      13.5207
   25779      13.8761
   25780      13.0683
   25781      13.7019
   25782      13.3067
   25783      13.5209
   25784      12.3286
   25785      13.2939
   25786      13.0499
   25787      12.4968
   25788      12.5816
   25789      13.1250
   25790      13.3937
   25791      12.7479
   25792      14.0765
   25793      12.6145
   25794      12.1595
   25795      13.3652
   25796      12.9273
   25797      13.0069
   25798      12.5940
   25799      13.3732
   25800      12.7996
   25801      13.7775
   25802      13.8488
   25803      13.6073
   25804      13.6873
   25805      13.7764
   25806      13.3316
   25807      12.8750
   25808      14.3960
   25809      14.7942
   25810      14.8532
   25811      14.1343
   25812      13.6070
   25813      13.4882
   25814      14.3687
   25815      12.9045
   25816      13.3850
   25817      12.9170
   25818      13.8547
   25819      14.0335
   25820      14.2423
   25821      14.1217
   25822      14.8176
   25823      14.4510
   25824      15.0262
   25825      14.8788
   25826      15.6849
   25827      15.7390
   25828      16.2972
   25829      15.9110
   25830      15.4143
   25831      15.0580
   25832      15.9180
   25833      14.7386
   25834      15.0302
   25835      16.7463
   25836      15.3982
   25837      15.2512
   25838      15.8521
   25839      15.8022
   25840      14.9368
   25841      14.7242
   25842      14.6042
   25843      14.6141
   25844      15.4877
   25845      15.5505
   25846      16.3617
   25847      16.2702
   25848      16.7767
   25849      16.6167
   25850      16.1930
   25851      16.9788
   25852      16.2852
   25853      15.6532
   25854      14.9930
   25855      14.9690
   25856      15.5232
   25857      15.2274
   25858      14.7625
   25859      15.3548
   25860      14.9608
   25861      15.2002
   25862      15.1181
   25863      15.1585
   25864      15.0253
   25865      14.7512
   25866      15.0220
   25867      15.0553
   25868      15.7679
   25869      14.6960
   25870      14.6367
   25871      14.3542
   25872      15.2111
   25873      15.1653
   25874      16.0439
   25875      15.3996
   25876      15.0585
   25877      14.9907
   25878      16.0236
   25879      15.9706
   25880      15.1575
   25881      15.2981
   25882      15.0910
   25883      15.2092
   25884      14.8797
   25885      15.3213
   25886      15.9815
   25887      15.3003
   25888      15.1934
   25889      15.2727
   25890      14.3158
   25891      15.1831
   25892      15.2173
   25893      14.5678
   25894      14.7459
   25895      15.3262
   25896      14.8189
   25897      15.6288
   25898      14.8718
   25899      15.5411
   25900      16.2149
   25901      15.4985
   25902      16.1226
   25903      15.4105
   25904      15.3639
   25905      15.4226
   25906      15.2837
   25907      15.4537
   25908      15.2745
   25909      15.6196
   25910      15.4374
   25911      15.5608
   25912      15.8997
   25913      15.7875
   25914      16.1157
   25915      16.2627
   25916      16.8878
   25917      15.8158
   25918      15.8635
   25919      15.2701
   25920      15.7102
   25921      14.8295
   25922      15.9537
   25923      15.6866
   25924      15.9059
   25925      15.4071
   25926      16.0657
   25927      15.9945
   25928      15.8591
   25929      15.3133
   25930      14.7697
   25931      14.6997
   25932      14.8613
   25933      14.9403
   25934      15.0239
   25935      14.9204
   25936      15.6275
   25937      15.7241
   25938      15.8596
   25939      16.4532
   25940      14.4203
   25941      14.7583
   25942      15.2715
   25943      16.0228
   25944      15.9404
   25945      15.8747
   25946      15.2264
   25947      15.3965
   25948      14.8049
   25949      15.8897
   25950      15.6644
   25951      15.1696
   25952      15.4093
   25953      15.4736
   25954      16.2806
   25955      16.2743
   25956      16.1857
   25957      15.5136
   25958      15.7928
   25959      16.1382
   25960      14.8970
   25961      15.5568
   25962      15.6465
   25963      16.0087
   25964      15.8776
   25965      15.8165
   25966      15.5821
   25967      14.9749
   25968      15.2479
   25969      15.9012
   25970      15.5733
   25971      14.8118
   25972      15.4376
   25973      15.7148
   25974      16.4782
   25975      15.9920
   25976      16.1864
   25977      15.8540
   25978      15.4808
   25979      15.5796
   25980      15.3141
   25981      15.6996
   25982      15.0629
   25983      15.5171
   25984      15.5791
   25985      15.8114
   25986      15.7636
   25987      15.3082
   25988      15.4057
   25989      15.3949
   25990      15.5220
   25991      14.4311
   25992      15.3028
   25993      14.8936
   25994      15.0451
   25995      15.3674
   25996      15.8388
   25997      15.3955
   25998      14.9059
   25999      15.5849
   26000      15.2521
   26001      15.8700
   26002      15.5817
   26003      14.9079
   26004      15.0932
   26005      13.4155
   26006      13.8792
   26007      14.1819
   26008      13.9529
   26009      14.4648
   26010      14.4880
   26011      14.3606
   26012      14.4365
   26013      14.2367
   26014      13.4819
   26015      14.0263
   26016      14.1255
   26017      13.5307
   26018      13.8855
   26019      13.7443
   26020      14.2397
   26021      14.5720
   26022      14.2791
   26023      14.2762
   26024      14.1601
   26025      14.3587
   26026      14.2325
   26027      15.7541
   26028      15.6974
   26029      15.4748
   26030      15.3611
   26031      13.9422
   26032      14.5809
   26033      14.7390
   26034      15.6821
   26035      15.5241
   26036      15.0221
   26037      15.5283
   26038      15.8016
   26039      15.5948
   26040      15.1257
   26041      14.8109
   26042      14.4844
   26043      14.4302
   26044      14.7873
   26045      14.5886
   26046      14.6588
   26047      15.9852
   26048      14.8335
   26049      15.6186
   26050      15.0663
   26051      16.7294
   26052      16.2039
   26053      16.8705
   26054      15.7739
   26055      15.5255
   26056      16.0660
   26057      15.9677
   26058      15.6180
   26059      15.7282
   26060      15.2558
   26061      15.1578
   26062      15.0412
   26063      15.8341
   26064      16.2752
   26065      15.9961
   26066      15.5454
   26067      15.3584
   26068      15.1116
   26069      15.2588
   26070      15.8130
   26071      15.6691
   26072      14.8386
   26073      14.8495
   26074      15.8189
   26075      16.0721
   26076      15.8131
   26077      15.5924
   26078      15.3621
   26079      16.0719
   26080      16.4465
   26081      15.6879
   26082      15.3060
   26083      14.7541
   26084      15.5077
   26085      16.1720
   26086      14.9213
   26087      16.6328
   26088      15.7999
   26089      15.6780
   26090      15.0567
   26091      14.9955
   26092      15.0628
   26093      14.2814
   26094      14.4614
   26095      15.4205
   26096      15.7152
   26097      15.4669
   26098      15.0163
   26099      14.9909
   26100      15.0156
   26101      15.5500
   26102      15.2836
   26103      15.7987
   26104      15.5957
   26105      15.8080
   26106      15.5319
   26107      15.8319
   26108      15.6744
   26109      15.4571
   26110      15.6046
   26111      16.1359
   26112      15.3476
   26113      15.4090
   26114      15.4646
   26115      14.9807
   26116      14.7769
   26117      14.9293
   26118      13.9587
   26119      14.5244
   26120      15.5203
   26121      15.6695
   26122      15.9533
   26123      15.0569
   26124      15.0253
   26125      15.9503
   26126      15.5005
   26127      15.9628
   26128      15.8426
   26129      15.3035
   26130      15.5961
   26131      14.8118
   26132      15.6415
   26133      15.4784
   26134      15.2314
   26135      14.6167
   26136      15.4068
   26137      15.9071
   26138      15.2410
   26139      15.0911
   26140      15.7074
   26141      15.5261
   26142      15.2266
   26143      14.8645
   26144      15.4684
   26145      15.4194
   26146      15.3439
   26147      15.4565
   26148      15.4937
   26149      16.1211
   26150      16.3293
   26151      16.0423
   26152      16.3867
   26153      15.4965
   26154      15.4204
   26155      16.5916
   26156      15.5738
   26157      16.3512
   26158      15.6236
   26159      15.6498
   26160      14.9299
   26161      15.7839
   26162      15.9744
   26163      15.3760
   26164      15.7329
   26165      15.6255
   26166      14.3140
   26167      14.7832
   26168      15.2196
   26169      15.5658
   26170      15.8869
   26171      15.7184
   26172      14.9316
   26173      15.0662
   26174      15.7588
   26175      15.3869
   26176      15.2609
   26177      15.3960
   26178      15.0618
   26179      15.0422
   26180      15.0441
   26181      15.3346
   26182      15.0618
   26183      14.7030
   26184      15.1123
   26185      14.5431
   26186      15.2141
   26187      16.0136
   26188      15.1876
   26189      15.7745
   26190      15.1192
   26191      15.9151
   26192      15.3883
   26193      15.8670
   26194      15.3024
   26195      15.5165
   26196      15.8604
   26197      15.3991
   26198      15.7828
   26199      16.0503
   26200      16.0469
   26201      15.8443
   26202      16.0470
   26203      15.3819
   26204      15.5105
   26205      15.7353
   26206      15.5409
   26207      15.7086
   26208      16.1672
   26209      16.4244
   26210      14.6901
   26211      16.0790
   26212      16.0120
   26213      15.8209
   26214      16.1174
   26215      15.2338
   26216      15.8773
   26217      16.0008
   26218      15.1244
   26219      14.9171
   26220      15.5303
   26221      15.3249
   26222      15.2245
   26223      15.5120
   26224      15.6128
   26225      16.3430
   26226      15.9107
   26227      15.1279
   26228      15.6256
   26229      15.3803
   26230      15.0929
   26231      14.9944
   26232      15.8666
   26233      15.3978
   26234      16.2549
   26235      16.1853
   26236      14.8299
   26237      15.6074
   26238      15.2729
   26239      15.8658
   26240      16.1234
   26241      16.0626
   26242      15.5505
   26243      15.6208
   26244      14.9364
   26245      15.3175
   26246      15.3660
   26247      15.9033
   26248      16.5310
   26249      17.0395
   26250      15.5750
   26251      16.3596
   26252      15.7153
   26253      15.3940
   26254      15.5888
   26255      15.9529
   26256      15.7568
   26257      15.7796
   26258      15.1886
   26259      15.6016
   26260      15.1620
   26261      15.7197
   26262      16.1852
   26263      15.6996
   26264      15.7669
   26265      15.6061
   26266      16.1193
   26267      15.8357
   26268      15.3951
   26269      15.5153
   26270      16.0179
   26271      15.8435
   26272      15.7042
   26273      15.2696
   26274      15.8299
   26275      15.9043
   26276      16.2708
   26277      16.0232
   26278      15.9913
   26279      15.6728
   26280      15.8328
   26281      15.4566
   26282      16.7541
   26283      15.2897
   26284      16.4681
   26285      15.8261
   26286      15.5128
   26287      16.6540
   26288      16.2654
   26289      16.2069
   26290      16.4651
   26291      16.1120
   26292      16.4896
   26293      16.6789
   26294      15.8815
   26295      16.3762
   26296      16.0958
   26297      16.1318
   26298      16.2500
   26299      15.7309
   26300      16.0869
   26301      15.6862
   26302      15.2207
   26303      15.4681
   26304      15.4016
   26305      15.3633
   26306      14.8962
   26307      15.1082
   26308      14.8056
   26309      15.2794
   26310      15.9829
   26311      16.5898
   26312      15.2493
   26313      15.5110
   26314      15.8907
   26315      15.6323
   26316      14.9112
   26317      15.3851
   26318      15.2296
   26319      15.3392
   26320      15.6800
   26321      15.2209
   26322      15.1931
   26323      15.5830
   26324      15.0101
   26325      16.1064
   26326      16.3592
   26327      16.2081
   26328      16.5250
   26329      15.5517
   26330      15.1842
   26331      15.5696
   26332      15.2305
   26333      15.6996
   26334      16.0089
   26335      15.6422
   26336      15.9723
   26337      15.5265
   26338      15.7977
   26339      15.4482
   26340      15.5932
   26341      16.1044
   26342      16.4175
   26343      16.4682
   26344      15.9847
   26345      16.5462
   26346      16.2424
   26347      16.7172
   26348      16.7797
   26349      16.1075
   26350      16.2138
   26351      16.4857
   26352      16.8196
   26353      16.3893
   26354      16.5418
   26355      15.5458
   26356      15.8050
   26357      16.3553
   26358      17.0915
   26359      16.5273
   26360      16.5056
   26361      15.9704
   26362      16.5870
   26363      16.2774
   26364      17.3176
   26365      16.6294
   26366      16.1246
   26367      16.1937
   26368      16.6802
   26369      16.3308
   26370      15.8555
   26371      15.3334
   26372      15.9810
   26373      15.3625
   26374      15.9351
   26375      15.9332
   26376      16.1789
   26377      15.6634
   26378      15.6223
   26379      16.2458
   26380      16.4970
   26381      16.0748
   26382      15.6538
   26383      15.8247
   26384      15.2930
   26385      15.0111
   26386      15.0237
   26387      14.6927
   26388      14.5748
   26389      13.8816
   26390      14.2008
   26391      13.4454
   26392      14.1329
   26393      14.5855
   26394      14.4217
   26395      16.0456
   26396      15.1898
   26397      16.0643
   26398      15.2606
   26399      16.6273
   26400      16.2294
   26401      16.4554
   26402      15.0111
   26403      15.5035
   26404      14.9607
   26405      15.0356
   26406      15.9340
   26407      15.7298
   26408      15.5163
   26409      15.7425
   26410      16.3061
   26411      15.8063
   26412      16.0241
   26413      15.9019
   26414      16.0920
   26415      15.7434
   26416      15.8907
   26417      15.2909
   26418      15.9444
   26419      15.3597
   26420      16.0080
   26421      15.5687
   26422      16.4249
   26423      16.3323
   26424      16.1997
   26425      15.8107
   26426      15.1585
   26427      15.1486
   26428      15.6820
   26429      14.5083
   26430      14.2481
   26431      15.6258
   26432      15.8476
   26433      15.9174
   26434      15.9072
   26435      16.2032
   26436      16.5585
   26437      16.5901
   26438      15.0745
   26439      15.3757
   26440      15.6064
   26441      15.0939
   26442      16.0799
   26443      15.7212
   26444      16.1828
   26445      15.8988
   26446      15.5032
   26447      16.0440
   26448      15.1321
   26449      15.6702
   26450      15.2635
   26451      15.5235
   26452      14.7380
   26453      15.3156
   26454      15.0558
   26455      15.0690
   26456      14.3445
   26457      14.2655
   26458      13.8759
   26459      13.4385
   26460      12.8695
   26461      13.0376
   26462      13.8835
   26463      14.0285
   26464      13.6156
   26465      14.0283
   26466      13.9446
   26467      13.2808
   26468      13.3453
   26469      13.6647
   26470      13.2191
   26471      13.2910
   26472      13.5395
   26473      13.7337
   26474      13.9546
   26475      14.5934
   26476      13.8641
   26477      13.6471
   26478      13.7909
   26479      13.7570
   26480      13.8378
   26481      14.2768
   26482      13.8491
   26483      13.7819
   26484      14.1392
   26485      14.1787
   26486      14.0028
   26487      14.2743
   26488      14.0189
   26489      13.3972
   26490      13.7002
   26491      14.0794
   26492      13.7375
   26493      13.9195
   26494      13.8806
   26495      14.1909
   26496      15.2742
   26497      13.6478
   26498      14.1733
   26499      13.5116
   26500      14.3047
   26501      13.7315
   26502      13.5449
   26503      13.8617
   26504      14.3124
   26505      13.8413
   26506      14.0168
   26507      13.9197
   26508      13.5757
   26509      14.2277
   26510      13.6133
   26511      13.9410
   26512      13.8641
   26513      14.0672
   26514      14.4301
   26515      14.7033
   26516      14.6098
   26517      15.1569
   26518      15.8724
   26519      15.3666
   26520      14.0150
   26521      14.0084
   26522      14.5483
   26523      13.7279
   26524      14.8813
   26525      13.7740
   26526      13.1620
   26527      13.4364
   26528      13.2711
   26529      14.1668
   26530      14.5463
   26531      14.1970
   26532      13.7487
   26533      14.4342
   26534      14.0470
   26535      14.1215
   26536      13.9287
   26537      13.3901
   26538      13.6413
   26539      14.5639
   26540      13.9862
   26541      14.0366
   26542      13.9718
   26543      14.8929
   26544      14.9359
   26545      15.2847
   26546      14.8063
   26547      16.2066
   26548      15.4702
   26549      15.7264
   26550      15.6841
   26551      15.7725
   26552      15.9373
   26553      16.2995
   26554      16.3181
   26555      15.6962
   26556      16.1314
   26557      16.2879
   26558      16.2599
   26559      15.6523
   26560      15.4000
   26561      15.7713
   26562      15.9581
   26563      15.4474
   26564      15.5296
   26565      15.3621
   26566      15.6259
   26567      15.1216
   26568      16.1842
   26569      15.8620
   26570      15.6111
   26571      16.4724
   26572      16.0878
   26573      16.2209
   26574      16.2460
   26575      15.8510
   26576      16.0025
   26577      15.8492
   26578      16.1184
   26579      16.6272
   26580      15.7739
   26581      16.0606
   26582      15.8567
   26583      15.7470
   26584      16.0659
   26585      15.0824
   26586      16.1600
   26587      16.3702
   26588      16.8480
   26589      15.7626
   26590      15.6577
   26591      15.4059
   26592      14.7400
   26593      15.3398
   26594      15.6903
   26595      15.5448
   26596      15.3303
   26597      14.9165
   26598      15.2048
   26599      14.8100
   26600      15.2653
   26601      14.5269
   26602      15.2033
   26603      14.5201
   26604      15.1125
   26605      15.8231
   26606      16.1414
   26607      16.3536
   26608      16.2644
   26609      16.3741
   26610      15.3473
   26611      16.2473
   26612      16.3828
   26613      16.2673
   26614      15.5304
   26615      15.2679
   26616      15.7256
   26617      15.6405
   26618      16.0240
   26619      15.6835
   26620      15.5317
   26621      15.5910
   26622      15.3119
   26623      15.4116
   26624      16.1139
   26625      15.9588
   26626      16.6006
   26627      15.7525
   26628      15.8086
   26629      16.1718
   26630      16.4346
   26631      15.7476
   26632      15.9670
   26633      15.0429
   26634      14.8624
   26635      14.8170
   26636      15.3231
   26637      14.9072
   26638      14.7196
   26639      14.0889
   26640      14.1084
   26641      14.0365
   26642      13.4530
   26643      14.1630
   26644      13.3082
   26645      14.0037
   26646      14.8837
   26647      14.9682
   26648      14.0838
   26649      14.3638
   26650      14.5746
   26651      14.1503
   26652      14.2026
   26653      13.6483
   26654      14.1661
   26655      14.6562
   26656      14.9874
   26657      15.3323
   26658      14.8067
   26659      15.5524
   26660      15.1047
   26661      15.0799
   26662      14.8075
   26663      15.3190
   26664      16.4901
   26665      15.6372
   26666      15.8148
   26667      15.5597
   26668      15.4980
   26669      15.0941
   26670      15.1827
   26671      14.9974
   26672      15.2087
   26673      15.5744
   26674      15.4364
   26675      15.8111
   26676      15.7238
   26677      15.8866
   26678      15.9734
   26679      15.9304
   26680      15.8030
   26681      15.5200
   26682      15.9671
   26683      16.5849
   26684      15.5807
   26685      16.0690
   26686      15.5974
   26687      15.5682
   26688      15.6475
   26689      15.4438
   26690      15.1532
   26691      14.5269
   26692      14.3568
   26693      14.8632
   26694      14.7531
   26695      14.4975
   26696      14.4854
   26697      14.4530
   26698      14.7324
   26699      14.2660
   26700      14.3680
   26701      14.5343
   26702      14.6830
   26703      14.8755
   26704      14.3493
   26705      15.2274
   26706      14.3743
   26707      14.4412
   26708      14.7008
   26709      15.1800
   26710      15.2572
   26711      15.2484
   26712      16.8533
   26713      15.9080
   26714      15.1809
   26715      15.4220
   26716      14.8468
   26717      14.9677
   26718      14.2633
   26719      14.4321
   26720      14.3983
   26721      14.0214
   26722      13.8573
   26723      13.8224
   26724      14.3002
   26725      14.1053
   26726      13.4223
   26727      13.2399
   26728      12.3495
   26729      12.9107
   26730      12.4566
   26731      12.3985
   26732      12.9853
   26733      12.9352
   26734      12.8107
   26735      12.9150
   26736      13.1422
   26737      13.0000
   26738      12.8337
   26739      13.2195
   26740      12.9543
   26741      13.2096
   26742      12.4038
   26743      13.5494
   26744      13.9327
   26745      13.9221
   26746      13.2360
   26747      14.0073
   26748      13.7973
   26749      13.5923
   26750      14.9310
   26751      14.4240
   26752      14.6083
   26753      14.9924
   26754      15.1232
   26755      15.4872
   26756      15.5308
   26757      14.9117
   26758      15.6703
   26759      15.5014
   26760      14.9693
   26761      15.8318
   26762      15.3867
   26763      15.3262
   26764      15.3965
   26765      15.7747
   26766      15.8329
   26767      15.8687
   26768      15.6958
   26769      15.2995
   26770      15.4749
   26771      15.4636
   26772      14.3142
   26773      15.0551
   26774      14.6858
   26775      14.3788
   26776      13.1432
   26777      13.3361
   26778      14.3262
   26779      14.9657
   26780      14.2408
   26781      14.7334
   26782      14.9764
   26783      14.0381
   26784      13.5549
   26785      13.8704
   26786      14.1203
   26787      14.6224
   26788      14.0439
   26789      14.8975
   26790      14.3543
   26791      14.3344
   26792      14.0391
   26793      14.4082
   26794      14.3287
   26795      14.5656
   26796      14.5538
   26797      15.0837
   26798      15.8267
   26799      16.4920
   26800      16.1745
   26801      15.9700
   26802      16.0660
   26803      16.0446
   26804      15.6799
   26805      15.6838
   26806      16.2012
   26807      15.9196
   26808      15.4315
   26809      16.2200
   26810      15.9888
   26811      15.4853
   26812      15.7665
   26813      15.4654
   26814      15.4251
   26815      14.9816
   26816      14.7983
   26817      14.9119
   26818      15.5759
   26819      14.8262
   26820      14.5467
   26821      14.6132
   26822      14.9421
   26823      14.7789
   26824      15.3885
   26825      14.8638
   26826      14.7987
   26827      14.8874
   26828      14.8332
   26829      14.3047
   26830      14.3754
   26831      13.9348
   26832      14.0435
   26833      14.2405
   26834      14.1227
   26835      13.3919
   26836      13.1565
   26837      13.3862
   26838      13.7178
   26839      15.0706
   26840      14.1662
   26841      14.1574
   26842      14.1682
   26843      14.4809
   26844      14.4309
   26845      14.5276
   26846      15.0488
   26847      13.2221
   26848      14.5263
   26849      14.9198
   26850      14.0976
   26851      14.7451
   26852      14.7663
   26853      14.9844
   26854      14.8788
   26855      15.1362
   26856      15.0055
   26857      14.8629
   26858      14.5303
   26859      15.0502
   26860      14.5098
   26861      14.1227
   26862      14.5592
   26863      15.3792
   26864      14.9809
   26865      14.6497
   26866      14.3855
   26867      14.4824
   26868      15.1933
   26869      15.0020
   26870      16.0763
   26871      15.6791
   26872      15.3448
   26873      15.9874
   26874      15.7347
   26875      15.5435
   26876      15.5247
   26877      16.3553
   26878      15.5396
   26879      15.2397
   26880      15.6810
   26881      15.9114
   26882      16.2368
   26883      15.8056
   26884      15.8897
   26885      15.9855
   26886      15.9239
   26887      16.2185
   26888      16.2082
   26889      15.4415
   26890      15.0327
   26891      14.5698
   26892      15.2109
   26893      14.5197
   26894      14.2280
   26895      14.6410
   26896      14.2515
   26897      14.8339
   26898      13.9666
   26899      14.4128
   26900      15.4579
   26901      15.4360
   26902      15.6974
   26903      15.2461
   26904      15.2963
   26905      14.2155
   26906      14.4527
   26907      14.5689
   26908      14.9898
   26909      14.5303
   26910      15.3981
   26911      14.4192
   26912      14.5169
   26913      14.1726
   26914      14.4248
   26915      14.6501
   26916      14.9271
   26917      14.3426
   26918      14.8477
   26919      14.8368
   26920      14.6632
   26921      14.9771
   26922      14.8198
   26923      14.3233
   26924      13.9200
   26925      14.3339
   26926      14.5599
   26927      14.4335
   26928      14.4019
   26929      13.8119
   26930      12.6068
   26931      13.0408
   26932      12.6608
   26933      13.3667
   26934      13.4586
   26935      13.6286
   26936      13.4186
   26937      14.2411
   26938      14.2590
   26939      13.8165
   26940      14.0969
   26941      13.9156
   26942      15.0604
   26943      15.7387
   26944      16.1367
   26945      14.9597
   26946      14.5880
   26947      14.7727
   26948      13.9717
   26949      13.8879
   26950      14.1949
   26951      13.9399
   26952      14.9505
   26953      14.8761
   26954      14.4585
   26955      14.9946
   26956      14.8357
   26957      14.3679
   26958      14.0352
   26959      14.1153
   26960      14.3355
   26961      13.5683
   26962      13.5629
   26963      13.8556
   26964      13.6382
   26965      13.8508
   26966      12.8177
   26967      12.9308
   26968      13.7289
   26969      14.7008
   26970      13.9537
   26971      13.8816
   26972      14.4504
   26973      13.9576
   26974      14.1240
   26975      13.7071
   26976      14.3461
   26977      15.1380
   26978      14.6218
   26979      14.0909
   26980      14.2106
   26981      14.8306
   26982      14.1844
   26983      14.1214
   26984      13.6454
   26985      13.9953
   26986      14.3625
   26987      14.7199
   26988      14.6023
   26989      14.6794
   26990      14.6101
   26991      14.4559
   26992      14.4913
   26993      15.1981
   26994      15.7162
   26995      15.0757
   26996      15.1209
   26997      15.6045
   26998      14.4682
   26999      14.6498
   27000      14.7762
   27001      14.5658
   27002      15.1293
   27003      14.0030
   27004      13.8096
   27005      13.9082
   27006      12.7552
   27007      13.1342
   27008      14.1640
   27009      13.3146
   27010      13.2201
   27011      12.1297
   27012      12.2358
   27013      12.9370
   27014      13.0981
   27015      13.0649
   27016      12.5679
   27017      12.2392
   27018      13.3243
   27019      13.2047
   27020      12.6115
   27021      13.0781
   27022      12.4069
   27023      12.8241
   27024      12.0803
   27025      12.0960
   27026      12.4940
   27027      12.5200
   27028      12.4811
   27029      12.4603
   27030      12.5109
   27031      11.9503
   27032      12.1721
   27033      11.8462
   27034      11.9445
   27035      11.8413
   27036      12.3074
   27037      11.9820
   27038      12.3726
   27039      13.2513
   27040      12.6512
   27041      12.1162
   27042      12.9152
   27043      12.4183
   27044      12.4563
   27045      11.9055
   27046      12.3408
   27047      12.4344
   27048      12.2513
   27049      12.9484
   27050      12.3451
   27051      12.7687
   27052      12.6392
   27053      12.7895
   27054      12.0266
   27055      12.4573
   27056      12.5052
   27057      12.4129
   27058      12.8276
   27059      12.6586
   27060      13.2084
   27061      12.4056
   27062      12.6369
   27063      12.5697
   27064      11.6216
   27065      12.1902
   27066      12.0929
   27067      12.7707
   27068      12.4852
   27069      12.3435
   27070      13.1572
   27071      12.6926
   27072      12.6634
   27073      11.9107
   27074      12.1128
   27075      11.9741
   27076      12.2673
   27077      12.8653
   27078      12.4485
   27079      12.3038
   27080      12.7182
   27081      12.3586
   27082      12.0902
   27083      12.5570
   27084      12.3565
   27085      11.7156
   27086      12.5473
   27087      12.0643
   27088      13.2080
   27089      13.1041
   27090      11.9727
   27091      12.2169
   27092      13.1756
   27093      12.5567
   27094      12.5380
   27095      12.5667
   27096      11.7553
   27097      12.5547
   27098      13.4983
   27099      12.5696
   27100      12.6414
   27101      12.7803
   27102      13.0515
   27103      12.0208
   27104      12.2589
   27105      12.1109
   27106      11.9860
   27107      13.0890
   27108      12.4888
   27109      12.3322
   27110      12.4082
   27111      12.5635
   27112      12.3371
   27113      12.3162
   27114      12.5623
   27115      12.4660
   27116      12.0365
   27117      11.9166
   27118      12.9764
   27119      12.5049
   27120      12.4824
   27121      12.9535
   27122      13.0728
   27123      12.4361
   27124      12.3900
   27125      12.6647
   27126      12.4466
   27127      11.9169
   27128      12.4903
   27129      12.7624
   27130      12.5499
   27131      12.5893
   27132      12.4073
   27133      12.6444
   27134      12.5473
   27135      12.1477
   27136      12.5455
   27137      12.8918
   27138      11.8993
   27139      12.2060
   27140      12.4272
   27141      13.3698
   27142      12.2082
   27143      12.7280
   27144      12.1048
   27145      11.7825
   27146      12.3958
   27147      12.5482
   27148      11.9779
   27149      12.5744
   27150      12.2453
   27151      12.4335
   27152      12.6002
   27153      13.1003
   27154      12.7400
   27155      12.1887
   27156      11.8701
   27157      12.7270
   27158      11.9593
   27159      12.4756
   27160      12.5667
   27161      12.5747
   27162      13.0101
   27163      12.3587
   27164      14.0310
   27165      13.5132
   27166      13.2076
   27167      13.8950
   27168      14.2461
   27169      14.1677
   27170      14.2696
   27171      13.4569
   27172      13.3420
   27173      13.8225
   27174      13.9949
   27175      14.2102
   27176      13.7735
   27177      13.1823
   27178      12.4845
   27179      12.3036
   27180      12.0394
   27181      12.1286
   27182      13.3642
   27183      14.2243
   27184      14.1444
   27185      13.8825
   27186      14.0424
   27187      14.7713
   27188      15.2196
   27189      15.2022
   27190      14.5921
   27191      14.5744
   27192      14.6709
   27193      13.9267
   27194      14.1629
   27195      14.1540
   27196      14.3911
   27197      14.5957
   27198      13.9953
   27199      13.0187
   27200      13.3808
   27201      13.4590
   27202      13.2020
   27203      13.6515
   27204      14.2862
   27205      14.8489
   27206      14.3673
   27207      15.1285
   27208      14.3866
   27209      14.2343
   27210      14.4683
   27211      14.4539
   27212      14.1559
   27213      14.1370
   27214      15.1704
   27215      14.5739
   27216      14.5364
   27217      14.2541
   27218      15.6523
   27219      15.7141
   27220      15.3857
   27221      15.9950
   27222      15.3654
   27223      15.6819
   27224      14.8977
   27225      15.3591
   27226      14.8842
   27227      14.5005
   27228      15.4936
   27229      15.0985
   27230      14.7752
   27231      14.7412
   27232      14.3646
   27233      13.2317
   27234      13.7801
   27235      13.9382
   27236      14.0065
   27237      14.7921
   27238      14.1769
   27239      13.7763
   27240      14.2383
   27241      14.0251
   27242      14.0679
   27243      14.8516
   27244      14.8618
   27245      14.7839
   27246      14.0974
   27247      14.3154
   27248      13.8320
   27249      14.2090
   27250      14.1546
   27251      13.9113
   27252      14.8273
   27253      14.0159
   27254      14.9019
   27255      14.2868
   27256      14.0092
   27257      14.7300
   27258      14.3995
   27259      15.6000
   27260      15.2947
   27261      15.0797
   27262      14.1334
   27263      14.5384
   27264      14.0732
   27265      13.2062
   27266      13.6971
   27267      14.4711
   27268      14.3010
   27269      14.4986
   27270      14.5042
   27271      14.4244
   27272      14.4815
   27273      14.7331
   27274      14.2671
   27275      14.8494
   27276      14.7796
   27277      14.0929
   27278      14.2794
   27279      16.1469
   27280      15.1183
   27281      15.3050
   27282      15.2643
   27283      15.4099
   27284      15.3435
   27285      15.6682
   27286      16.1638
   27287      16.2860
   27288      15.7359
   27289      16.0609
   27290      15.0189
   27291      14.5284
   27292      14.9631
   27293      14.3231
   27294      14.9737
   27295      14.7827
   27296      14.6238
   27297      15.0641
   27298      15.3247
   27299      15.3380
   27300      14.7665
   27301      14.4772
   27302      14.8255
   27303      15.2186
   27304      14.7502
   27305      15.9967
   27306      16.0903
   27307      15.3423
   27308      16.0108
   27309      15.6491
   27310      16.2924
   27311      16.0108
   27312      15.8345
   27313      16.0457
   27314      15.4889
   27315      16.1488
   27316      16.7589
   27317      16.3531
   27318      15.9718
   27319      16.1317
   27320      16.4090
   27321      16.0457
   27322      15.4497
   27323      15.5374
   27324      15.6350
   27325      14.6054
   27326      14.3098
   27327      14.2389
   27328      13.8919
   27329      15.0056
   27330      15.3464
   27331      15.1050
   27332      14.9244
   27333      14.4048
   27334      13.9541
   27335      14.2626
   27336      14.2862
   27337      13.4351
   27338      14.4279
   27339      14.3208
   27340      14.9201
   27341      14.6613
   27342      14.1941
   27343      14.6277
   27344      14.1625
   27345      13.4715
   27346      13.6010
   27347      13.3508
   27348      12.9274
   27349      13.3362
   27350      13.6922
   27351      14.5920
   27352      14.2422
   27353      14.2043
   27354      14.2281
   27355      14.7691
   27356      14.1809
   27357      14.8368
   27358      14.6856
   27359      15.0977
   27360      14.8923
   27361      14.8603
   27362      13.7830
   27363      13.9840
   27364      14.4725
   27365      13.5703
   27366      14.2021
   27367      14.7693
   27368      14.5609
   27369      14.0735
   27370      15.2088
   27371      14.9546
   27372      15.5262
   27373      14.9883
   27374      14.9125
   27375      14.3624
   27376      15.3681
   27377      15.3216
   27378      15.1398
   27379      15.1467
   27380      15.2156
   27381      15.0515
   27382      14.9721
   27383      15.2211
   27384      15.8327
   27385      14.8444
   27386      15.5706
   27387      16.0997
   27388      15.4249
   27389      15.2313
   27390      14.7852
   27391      16.2951
   27392      15.6704
   27393      14.7716
   27394      15.0146
   27395      15.2671
   27396      15.8950
   27397      15.9294
   27398      16.8354
   27399      16.6339
   27400      15.7146
   27401      15.5042
   27402      15.7525
   27403      15.4896
   27404      14.8505
   27405      15.0537
   27406      15.4515
   27407      14.8003
   27408      15.0754
   27409      15.1557
   27410      15.2967
   27411      15.2170
   27412      15.5187
   27413      15.9709
   27414      15.9911
   27415      15.9640
   27416      15.8983
   27417      16.3718
   27418      15.4403
   27419      16.4019
   27420      16.1544
   27421      16.5383
   27422      15.8863
   27423      16.0226
   27424      15.5867
   27425      16.2202
   27426      15.2535
   27427      15.6027
   27428      15.1316
   27429      15.2336
   27430      14.6837
   27431      15.3150
   27432      14.7473
   27433      14.2460
   27434      14.5550
   27435      14.2463
   27436      14.0926
   27437      14.3544
   27438      14.6243
   27439      13.4358
   27440      14.7822
   27441      14.2530
   27442      14.8756
   27443      14.4772
   27444      14.5538
   27445      14.0225
   27446      13.7779
   27447      13.6614
   27448      14.2368
   27449      14.1948
   27450      13.3433
   27451      13.0376
   27452      14.3704
   27453      14.8508
   27454      14.2475
   27455      13.5590
   27456      14.4967
   27457      14.5986
   27458      13.8714
   27459      13.8538
   27460      13.9469
   27461      14.6683
   27462      14.3826
   27463      14.4716
   27464      14.4291
   27465      14.1591
   27466      14.7786
   27467      14.5583
   27468      14.3794
   27469      13.3546
   27470      13.4391
   27471      13.9914
   27472      14.4448
   27473      13.9537
   27474      14.4778
   27475      13.7157
   27476      14.2841
   27477      14.0694
   27478      14.1751
   27479      14.4182
   27480      14.7067
   27481      14.4825
   27482      14.3631
   27483      13.9948
   27484      14.7742
   27485      14.5620
   27486      14.4053
   27487      13.7789
   27488      13.6781
   27489      13.3345
   27490      13.0255
   27491      12.9709
   27492      13.1294
   27493      13.5535
   27494      12.6133
   27495      13.0648
   27496      13.3132
   27497      12.4197
   27498      14.0195
   27499      13.8120
   27500      13.6967
   27501      14.1063
   27502      12.6726
   27503      13.2863
   27504      13.0970
   27505      13.4950
   27506      12.8250
   27507      13.0005
   27508      12.9091
   27509      13.6724
   27510      14.0647
   27511      12.7486
   27512      12.9100
   27513      12.6406
   27514      12.2208
   27515      13.5311
   27516      12.9227
   27517      12.4566
   27518      12.5852
   27519      12.4166
   27520      11.8492
   27521      12.0630
   27522      12.7132
   27523      12.3366
   27524      12.5475
   27525      13.0974
   27526      13.6630
   27527      14.2940
   27528      14.5283
   27529      14.1610
   27530      13.1287
   27531      12.7182
   27532      12.4563
   27533      12.8740
   27534      12.2552
   27535      12.6486
   27536      12.8470
   27537      12.5372
   27538      12.4890
   27539      13.0536
   27540      13.2216
   27541      13.4694
   27542      13.7092
   27543      14.4059
   27544      13.8090
   27545      15.0040
   27546      14.8573
   27547      14.1315
   27548      14.0574
   27549      14.0452
   27550      13.6966
   27551      14.0073
   27552      14.2876
   27553      14.3496
   27554      14.8240
   27555      14.0976
   27556      14.5152
   27557      13.7245
   27558      14.9033
   27559      14.6854
   27560      14.6850
   27561      14.6737
   27562      13.8345
   27563      14.0900
   27564      13.7893
   27565      14.0667
   27566      14.0905
   27567      14.6829
   27568      13.8044
   27569      14.2515
   27570      14.2402
   27571      14.3256
   27572      13.8490
   27573      14.2958
   27574      14.2255
   27575      14.5261
   27576      14.4877
   27577      14.2092
   27578      15.0503
   27579      14.9741
   27580      15.3979
   27581      15.3610
   27582      14.9025
   27583      15.5677
   27584      14.3345
   27585      13.5066
   27586      13.9330
   27587      13.6659
   27588      13.4877
   27589      14.5708
   27590      15.5050
   27591      15.5283
   27592      15.7929
   27593      16.2822
   27594      15.1976
   27595      14.3925
   27596      14.8426
   27597      14.9314
   27598      14.2548
   27599      14.1273
   27600      14.5385
   27601      13.6055
   27602      13.9810
   27603      14.3560
   27604      14.5997
   27605      13.9468
   27606      14.5179
   27607      13.9809
   27608      14.4341
   27609      13.7890
   27610      14.3615
   27611      14.0963
   27612      14.0127
   27613      14.0029
   27614      14.1023
   27615      14.7471
   27616      14.9413
   27617      14.7524
   27618      13.9372
   27619      14.8143
   27620      14.7795
   27621      14.8905
   27622      14.4787
   27623      14.9541
   27624      14.9682
   27625      14.3223
   27626      14.4735
   27627      14.8741
   27628      14.3495
   27629      14.6792
   27630      14.6810
   27631      14.1008
   27632      14.4138
   27633      15.1103
   27634      14.1204
   27635      14.1784
   27636      13.8702
   27637      14.6465
   27638      14.8171
   27639      14.4047
   27640      14.4027
   27641      14.9764
   27642      14.4396
   27643      15.2355
   27644      14.4959
   27645      13.2863
   27646      12.1817
   27647      13.3163
   27648      13.4845
   27649      13.3160
   27650      12.4863
   27651      13.1401
   27652      12.9940
   27653      13.3373
   27654      12.6619
   27655      12.2504
   27656      13.0468
   27657      13.1891
   27658      12.1533
   27659      12.7309
   27660      13.1272
   27661      12.8006
   27662      12.5785
   27663      12.0936
   27664      12.2018
   27665      12.8205
   27666      12.4428
   27667      12.3548
   27668      12.3783
   27669      12.1865
   27670      12.8493
   27671      13.6573
   27672      13.3502
   27673      13.4014
   27674      12.7112
   27675      13.3533
   27676      13.4888
   27677      12.3209
   27678      12.5803
   27679      13.6681
   27680      13.3522
   27681      13.2923
   27682      14.4505
   27683      14.8401
   27684      14.3675
   27685      14.3168
   27686      14.1598
   27687      14.6880
   27688      14.5743
   27689      14.2967
   27690      14.4422
   27691      14.3706
   27692      14.9383
   27693      14.6729
   27694      14.4977
   27695      14.2145
   27696      13.7404
   27697      14.2060
   27698      13.7201
   27699      14.2202
   27700      14.6924
   27701      14.4219
   27702      14.4455
   27703      14.1717
   27704      14.8384
   27705      15.3878
   27706      15.2412
   27707      14.8488
   27708      15.2925
   27709      13.8467
   27710      15.9897
   27711      15.5380
   27712      14.5947
   27713      14.5346
   27714      15.4719
   27715      15.4956
   27716      15.0404
   27717      15.4773
   27718      15.1950
   27719      15.6340
   27720      16.8427
   27721      16.4036
   27722      16.5604
   27723      16.4790
   27724      16.4341
   27725      16.6565
   27726      16.2067
   27727      16.6256
   27728      16.3519
   27729      15.8127
   27730      16.3516
   27731      15.6325
   27732      15.3013
   27733      15.4687
   27734      15.2528
   27735      14.6172
   27736      14.4518
   27737      14.9724
   27738      14.0690
   27739      13.7628
   27740      13.6335
   27741      13.9142
   27742      13.7424
   27743      14.2991
   27744      13.4860
   27745      12.6758
   27746      12.9720
   27747      13.2854
   27748      13.0541
   27749      13.0183
   27750      12.0176
   27751      12.4369
   27752      11.9228
   27753      12.0958
   27754      12.0983
   27755      12.2100
   27756      12.4014
   27757      11.9489
   27758      12.3625
   27759      12.3002
   27760      13.5031
   27761      12.5822
   27762      12.3119
   27763      12.7888
   27764      13.1986
   27765      12.6372
   27766      12.8418
   27767      12.1585
   27768      12.2671
   27769      12.4487
   27770      12.6733
   27771      12.5393
   27772      12.7276
   27773      12.3028
   27774      12.6105
   27775      12.5328
   27776      12.7550
   27777      12.6726
   27778      12.5191
   27779      12.5497
   27780      12.5039
   27781      12.9469
   27782      12.5891
   27783      13.4083
   27784      12.9460
   27785      12.7496
   27786      13.3043
   27787      12.9156
   27788      12.3449
   27789      12.2568
   27790      12.3800
   27791      12.8203
   27792      13.0691
   27793      12.7683
   27794      12.5055
   27795      12.5028
   27796      12.5375
   27797      13.3786
   27798      13.8567
   27799      13.4952
   27800      13.8451
   27801      13.9986
   27802      12.8698
   27803      13.0269
   27804      12.7148
   27805      12.1713
   27806      13.0923
   27807      13.2572
   27808      13.2197
   27809      14.2786
   27810      13.9596
   27811      14.3963
   27812      14.8433
   27813      14.5931
   27814      15.1721
   27815      14.6169
   27816      14.0488
   27817      14.5365
   27818      13.6971
   27819      14.3492
   27820      13.5894
   27821      13.8029
   27822      13.5365
   27823      14.7448
   27824      14.0627
   27825      14.2261
   27826      14.5779
   27827      14.4665
   27828      13.7001
   27829      13.6167
   27830      12.7342
   27831      12.4942
   27832      13.0732
   27833      13.5896
   27834      14.4554
   27835      14.5544
   27836      14.7381
   27837      14.5737
   27838      15.2161
   27839      14.1653
   27840      15.3349
   27841      15.5632
   27842      15.5789
   27843      15.7422
   27844      14.8874
   27845      14.6094
   27846      15.2942
   27847      14.4291
   27848      14.6656
   27849      13.6521
   27850      14.7056
   27851      14.3209
   27852      14.5002
   27853      14.4221
   27854      14.2882
   27855      14.3118
   27856      14.5608
   27857      13.8318
   27858      14.3006
   27859      14.7354
   27860      16.0362
   27861      15.8392
   27862      15.1603
   27863      14.6621
   27864      14.6507
   27865      15.4372
   27866      16.1660
   27867      15.2760
   27868      15.6106
   27869      15.5513
   27870      15.2245
   27871      16.3250
   27872      16.0183
   27873      16.0476
   27874      16.5472
   27875      15.9762
   27876      16.3781
   27877      15.8440
   27878      16.0334
   27879      16.5442
   27880      16.1745
   27881      16.2287
   27882      15.8699
   27883      15.4345
   27884      15.4601
   27885      15.1469
   27886      15.6874
   27887      15.4563
   27888      15.6836
   27889      15.5331
   27890      15.6124
   27891      15.0463
   27892      15.4757
   27893      14.9803
   27894      15.3895
   27895      14.6666
   27896      14.9414
   27897      15.6349
   27898      14.9100
   27899      14.5624
   27900      13.7014
   27901      14.1659
   27902      14.6216
   27903      14.2846
   27904      14.1656
   27905      13.9692
   27906      13.9348
   27907      14.5514
   27908      13.5624
   27909      12.8473
   27910      12.9408
   27911      13.6999
   27912      12.8121
   27913      13.3102
   27914      12.0911
   27915      12.0490
   27916      12.3741
   27917      12.4996
   27918      11.8829
   27919      12.1667
   27920      12.2663
   27921      12.3700
   27922      12.3670
   27923      12.6656
   27924      12.0924
   27925      12.3036
   27926      13.0362
   27927      13.3771
   27928      12.6889
   27929      13.9618
   27930      13.3327
   27931      13.2901
   27932      14.5382
   27933      13.9874
   27934      13.0093
   27935      13.6813
   27936      13.4370
   27937      13.4862
   27938      14.1554
   27939      13.9535
   27940      13.0235
   27941      13.7900
   27942      13.8707
   27943      14.3533
   27944      14.3018
   27945      13.9756
   27946      14.0790
   27947      14.4986
   27948      14.6434
   27949      14.4417
   27950      14.5440
   27951      13.7125
   27952      14.4900
   27953      13.0227
   27954      14.1470
   27955      14.2976
   27956      14.5298
   27957      14.4811
   27958      14.4413
   27959      14.6265
   27960      14.6145
   27961      15.3835
   27962      15.4115
   27963      15.8332
   27964      16.4981
   27965      15.5933
   27966      15.6684
   27967      15.4248
   27968      15.5386
   27969      15.5760
   27970      15.5102
   27971      15.6239
   27972      15.3792
   27973      15.3725
   27974      15.8423
   27975      15.6694
   27976      15.4133
   27977      15.2802
   27978      14.7041
   27979      15.1683
   27980      15.1359
   27981      14.5754
   27982      15.3644
   27983      14.3767
   27984      14.9131
   27985      14.4813
   27986      15.2944
   27987      15.0105
   27988      14.6689
   27989      14.5179
   27990      13.2681
   27991      14.5761
   27992      14.2376
   27993      14.6858
   27994      13.9816
   27995      13.7981
   27996      13.5575
   27997      13.1914
   27998      13.7398
   27999      13.4552
   28000      13.4726
   28001      13.6301
   28002      13.4617
   28003      13.6882
   28004      13.0361
   28005      13.8322
   28006      13.7633
   28007      13.4792
   28008      13.3317
   28009      13.7456
   28010      13.6007
   28011      13.3363
   28012      13.1641
   28013      12.4896
   28014      13.1294
   28015      13.3140
   28016      13.2311
   28017      13.6406
   28018      13.8548
   28019      13.7676
   28020      13.4289
   28021      13.4739
   28022      12.4149
   28023      13.0284
   28024      13.4307
   28025      13.5875
   28026      13.6149
   28027      13.7054
   28028      13.6076
   28029      13.8087
   28030      15.0498
   28031      14.9741
   28032      15.7329
   28033      15.5049
   28034      15.4842
   28035      15.1185
   28036      15.4158
   28037      15.9405
   28038      15.5592
   28039      15.6713
   28040      15.6619
   28041      15.7135
   28042      16.0535
   28043      15.8631
   28044      15.3739
   28045      14.6330
   28046      14.3364
   28047      14.3147
   28048      14.7357
   28049      15.2410
   28050      14.8022
   28051      14.4873
   28052      14.9508
   28053      14.9902
   28054      15.2844
   28055      15.5453
   28056      15.2309
   28057      14.9224
   28058      15.4954
   28059      15.1695
   28060      15.1697
   28061      15.7533
   28062      14.9432
   28063      16.2865
   28064      16.1302
   28065      15.6840
   28066      16.2325
   28067      15.7795
   28068      15.6043
   28069      15.7909
   28070      15.2978
   28071      15.9261
   28072      16.0550
   28073      15.9056
   28074      15.8676
   28075      15.0225
   28076      15.7717
   28077      16.2353
   28078      16.7135
   28079      15.5601
   28080      15.8389
   28081      15.8524
   28082      16.2839
   28083      15.8567
   28084      15.9456
   28085      15.9076
   28086      15.9142
   28087      15.7870
   28088      14.5792
   28089      15.1292
   28090      15.7707
   28091      16.1569
   28092      14.8794
   28093      15.1037
   28094      15.8437
   28095      15.7043
   28096      16.0476
   28097      16.0473
   28098      15.9825
   28099      15.5615
   28100      15.4499
   28101      15.9084
   28102      16.1405
   28103      16.0788
   28104      15.7709
   28105      15.4189
   28106      15.2993
   28107      16.0187
   28108      15.6571
   28109      15.8581
   28110      15.6419
   28111      15.1476
   28112      15.8470
   28113      15.1828
   28114      15.8560
   28115      15.6839
   28116      15.0361
   28117      15.7100
   28118      15.4287
   28119      14.6726
   28120      15.6119
   28121      15.7388
   28122      15.3740
   28123      14.9894
   28124      15.3305
   28125      15.5284
   28126      15.4563
   28127      15.8534
   28128      15.3313
   28129      15.1663
   28130      15.5736
   28131      15.6826
   28132      16.0345
   28133      15.9719
   28134      17.3578
   28135      16.6716
   28136      16.1216
   28137      16.1207
   28138      16.4565
   28139      16.5087
   28140      16.7113
   28141      16.6131
   28142      17.1023
   28143      16.6269
   28144      15.7014
   28145      15.6782
   28146      15.3865
   28147      15.6858
   28148      15.3386
   28149      14.6026
   28150      15.1497
   28151      15.1887
   28152      15.4792
   28153      15.3248
   28154      14.8356
   28155      14.4627
   28156      15.0054
   28157      15.0327
   28158      15.1154
   28159      14.9952
   28160      14.4013
   28161      14.8105
   28162      14.6598
   28163      14.3848
   28164      15.7247
   28165      14.3835
   28166      15.4221
   28167      15.5429
   28168      15.3779
   28169      15.7624
   28170      15.5038
   28171      14.8456
   28172      14.8316
   28173      15.0928
   28174      14.6130
   28175      15.6018
   28176      15.5642
   28177      15.2466
   28178      15.7387
   28179      14.9251
   28180      15.4445
   28181      15.8234
   28182      15.9676
   28183      15.4491
   28184      16.0013
   28185      14.9897
   28186      15.2793
   28187      15.1527
   28188      15.5619
   28189      15.8209
   28190      15.4078
   28191      15.7932
   28192      15.9151
   28193      15.7467
   28194      15.7734
   28195      16.2943
   28196      16.3617
   28197      15.7647
   28198      15.6741
   28199      15.4667
   28200      15.9032
   28201      15.2285
   28202      15.2241
   28203      15.3399
   28204      15.9723
   28205      15.9064
   28206      14.8755
   28207      15.7388
   28208      15.4191
   28209      15.2343
   28210      15.5641
   28211      16.3166
   28212      15.8630
   28213      15.5189
   28214      15.6836
   28215      15.9389
   28216      14.9961
   28217      16.2479
   28218      14.9744
   28219      15.3073
   28220      15.8463
   28221      16.2231
   28222      15.7134
   28223      15.7128
   28224      15.7998
   28225      15.7760
   28226      15.7484
   28227      15.8658
   28228      15.5452
   28229      16.8537
   28230      17.0793
   28231      16.0601
   28232      16.3220
   28233      16.5266
   28234      16.4917
   28235      15.3164
   28236      14.3304
   28237      14.2436
   28238      14.1763
   28239      13.9836
   28240      13.3647
   28241      13.9860
   28242      13.9926
   28243      14.7275
   28244      15.7904
   28245      15.8187
   28246      15.6132
   28247      15.3546
   28248      16.3141
   28249      15.5451
   28250      15.4020
   28251      16.3102
   28252      15.2384
   28253      15.6160
   28254      15.8451
   28255      15.3812
   28256      16.0684
   28257      15.7423
   28258      15.8644
   28259      15.6267
   28260      15.9149
   28261      14.7022
   28262      15.6209
   28263      14.7864
   28264      15.1071
   28265      14.8448
   28266      15.3152
   28267      15.3505
   28268      15.0080
   28269      14.8680
   28270      15.5729
   28271      15.1838
   28272      15.8092
   28273      15.1773
   28274      15.3244
   28275      15.3309
   28276      15.9135
   28277      15.8914
   28278      15.9617
   28279      15.0926
   28280      15.8570
   28281      15.2966
   28282      15.4510
   28283      16.0258
   28284      16.8544
   28285      15.7714
   28286      16.2908
   28287      16.1372
   28288      16.3534
   28289      15.7387
   28290      15.2694
   28291      16.0010
   28292      16.0554
   28293      15.4601
   28294      15.3492
   28295      14.8507
   28296      14.5504
   28297      15.8196
   28298      15.6805
   28299      15.4348
   28300      15.4344
   28301      15.8394
   28302      15.7940
   28303      15.6111
   28304      16.3802
   28305      15.9797
   28306      15.1900
   28307      15.7008
   28308      15.7818
   28309      15.4593
   28310      15.6165
   28311      16.0060
   28312      15.4397
   28313      15.8760
   28314      15.9474
   28315      16.4311
   28316      16.0758
   28317      15.9192
   28318      16.5889
   28319      15.2912
   28320      15.9355
   28321      15.5678
   28322      14.9612
   28323      15.8258
   28324      15.2996
   28325      15.3615
   28326      16.0927
   28327      15.0827
   28328      15.1651
   28329      15.1170
   28330      15.4326
   28331      15.4508
   28332      15.2647
   28333      15.1794
   28334      15.4465
   28335      14.8496
   28336      15.1201
   28337      16.2329
   28338      15.2696
   28339      14.5475
   28340      15.1143
   28341      15.1180
   28342      14.6260
   28343      15.4400
   28344      14.9912
   28345      14.8761
   28346      14.8079
   28347      13.9883
   28348      14.5331
   28349      13.7904
   28350      13.7422
   28351      13.9437
   28352      13.8395
   28353      14.6831
   28354      14.6447
   28355      15.3429
   28356      15.3956
   28357      14.9447
   28358      15.5582
   28359      15.1822
   28360      14.9726
   28361      14.7486
   28362      14.6280
   28363      15.2839
   28364      15.1366
   28365      15.1829
   28366      15.4215
   28367      15.1529
   28368      14.4761
   28369      14.5742
   28370      15.0856
   28371      15.3905
   28372      14.1555
   28373      14.3960
   28374      15.1194
   28375      15.5230
   28376      15.8688
   28377      15.6513
   28378      14.7747
   28379      14.6834
   28380      15.3916
   28381      15.4942
   28382      15.7013
   28383      16.0780
   28384      15.7316
   28385      14.8586
   28386      14.5773
   28387      14.2219
   28388      14.0529
   28389      14.2351
   28390      14.6297
   28391      13.7397
   28392      14.0322
   28393      14.5448
   28394      14.5617
   28395      13.6247
   28396      14.2652
   28397      15.5907
   28398      16.2504
   28399      15.8908
   28400      15.3154
   28401      15.8977
   28402      15.3816
   28403      15.6356
   28404      15.4889
   28405      15.9090
   28406      16.0218
   28407      16.3347
   28408      15.3426
   28409      15.6660
   28410      16.0108
   28411      15.4962
   28412      15.8922
   28413      15.1167
   28414      15.7715
   28415      16.0896
   28416      15.5031
   28417      15.1051
   28418      14.7866
   28419      15.0716
   28420      15.8691
   28421      15.9496
   28422      15.3362
   28423      15.9884
   28424      15.6286
   28425      15.1805
   28426      15.7436
   28427      15.5832
   28428      16.6941
   28429      15.4916
   28430      15.6887
   28431      15.6491
   28432      15.5502
   28433      15.5148
   28434      15.3338
   28435      14.7110
   28436      15.4083
   28437      15.0674
   28438      15.4319
   28439      15.6696
   28440      15.1399
   28441      15.3765
   28442      16.2892
   28443      15.6739
   28444      15.2604
   28445      14.8211
   28446      15.2607
   28447      15.2313
   28448      15.9671
   28449      15.9356
   28450      16.1875
   28451      15.7213
   28452      15.4384
   28453      15.2798
   28454      15.6628
   28455      15.7764
   28456      15.3816
   28457      15.1935
   28458      15.2407
   28459      15.3065
   28460      14.7614
   28461      15.4604
   28462      15.7203
   28463      16.2845
   28464      15.5732
   28465      15.8397
   28466      15.8056
   28467      15.2361
   28468      15.4993
   28469      15.4482
   28470      15.6902
   28471      15.5133
   28472      15.0089
   28473      14.2801
   28474      15.4916
   28475      15.5091
   28476      15.5218
   28477      15.5297
   28478      15.3969
   28479      15.4483
   28480      15.3467
   28481      15.9359
   28482      15.3976
   28483      15.3704
   28484      15.6459
   28485      15.2191
   28486      14.5223
   28487      14.8983
   28488      15.1476
   28489      15.5894
   28490      15.3440
   28491      15.3389
   28492      15.5347
   28493      14.4264
   28494      14.8976
   28495      15.0190
   28496      14.8178
   28497      14.8304
   28498      14.8869
   28499      14.5505
   28500      15.2368
   28501      15.3809
   28502      15.7847
   28503      15.5659
   28504      16.1054
   28505      16.0784
   28506      15.3145
   28507      16.0076
   28508      16.4185
   28509      15.2139
   28510      15.5724
   28511      15.7481
   28512      16.1125
   28513      15.7139
   28514      15.1261
   28515      15.5606
   28516      15.5918
   28517      15.2542
   28518      15.6245
   28519      15.5916
   28520      15.1389
   28521      15.5960
   28522      15.1512
   28523      15.6369
   28524      14.6655
   28525      15.7250
   28526      14.8495
   28527      14.7953
   28528      14.8554
   28529      14.4902
   28530      15.3035
   28531      14.7195
   28532      14.6556
   28533      15.3875
   28534      14.9608
   28535      15.0613
   28536      14.6116
   28537      15.8268
   28538      15.6643
   28539      15.1633
   28540      15.5810
   28541      15.3604
   28542      15.7899
   28543      15.1481
   28544      15.5974
   28545      15.7808
   28546      16.0467
   28547      15.2705
   28548      15.7620
   28549      15.3554
   28550      15.6184
   28551      15.1379
   28552      15.9970
   28553      15.1862
   28554      15.7073
   28555      14.9433
   28556      15.7704
   28557      15.5108
   28558      14.7336
   28559      15.0605
   28560      15.7226
   28561      15.3642
   28562      15.2946
   28563      15.2166
   28564      15.4428
   28565      15.5625
   28566      16.0346
   28567      15.6786
   28568      15.8611
   28569      15.5122
   28570      15.4452
   28571      15.1844
   28572      14.6518
   28573      15.3609
   28574      14.9355
   28575      14.9061
   28576      14.6047
   28577      15.1678
   28578      15.0719
   28579      14.8443
   28580      14.7935
   28581      14.9791
   28582      15.0963
   28583      14.0627
   28584      14.7952
   28585      15.0999
   28586      14.9770
   28587      15.3180
   28588      15.4518
   28589      15.9332
   28590      14.7351
   28591      15.2247
   28592      14.8883
   28593      16.3074
   28594      15.7283
   28595      15.4156
   28596      15.7666
   28597      15.4707
   28598      15.4146
   28599      15.2264
   28600      15.8652
   28601      15.2856
   28602      15.3864
   28603      15.1527
   28604      14.9466
   28605      15.0831
   28606      14.5632
   28607      14.9647
   28608      14.3120
   28609      14.2394
   28610      14.9976
   28611      14.8772
   28612      15.3684
   28613      15.1743
   28614      15.9755
   28615      15.3590
   28616      14.9844
   28617      15.0631
   28618      15.1229
   28619      14.9219
   28620      14.3817
   28621      14.9470
   28622      14.7391
   28623      14.8730
   28624      15.1003
   28625      15.0083
   28626      15.0393
   28627      15.2131
   28628      14.6880
   28629      14.3777
   28630      14.7777
   28631      14.4319
   28632      14.2670
   28633      14.4301
   28634      14.8970
   28635      14.3989
   28636      14.1677
   28637      13.8396
   28638      14.3449
   28639      15.0974
   28640      14.5370
   28641      14.6362
   28642      13.9551
   28643      13.4835
   28644      13.1188
   28645      13.2069
   28646      13.0719
   28647      13.3152
   28648      13.6872
   28649      14.7032
   28650      14.1987
   28651      14.6047
   28652      15.6406
   28653      15.6093
   28654      15.5525
   28655      14.9145
   28656      14.6981
   28657      15.3363
   28658      15.6156
   28659      14.1255
   28660      14.9953
   28661      14.0968
   28662      14.3688
   28663      15.0072
   28664      15.3284
   28665      15.3120
   28666      14.5298
   28667      14.3351
   28668      13.8166
   28669      13.6487
   28670      13.7397
   28671      13.7816
   28672      14.3526
   28673      15.3064
   28674      15.5301
   28675      15.7592
   28676      15.3950
   28677      16.1212
   28678      16.1106
   28679      15.5440
   28680      15.4817
   28681      16.2236
   28682      15.7930
   28683      15.6291
   28684      16.2609
   28685      15.7297
   28686      16.3267
   28687      16.2261
   28688      15.5630
   28689      15.5972
   28690      15.2514
   28691      15.4709
   28692      15.3860
   28693      15.5639
   28694      15.9553
   28695      15.5808
   28696      15.8473
   28697      15.5441
   28698      15.5943
   28699      14.3100
   28700      15.1431
   28701      15.8159
   28702      14.7852
   28703      15.3868
   28704      16.0131
   28705      15.7982
   28706      15.6782
   28707      15.3494
   28708      15.8199
   28709      15.3639
   28710      15.7777
   28711      15.9550
   28712      14.9308
   28713      15.2177
   28714      15.7593
   28715      15.2845
   28716      15.2302
   28717      15.2206
   28718      15.5589
   28719      15.6185
   28720      15.1569
   28721      15.2857
   28722      14.7556
   28723      14.8875
   28724      14.7340
   28725      14.8276
   28726      14.0157
   28727      14.9382
   28728      15.0805
   28729      15.2791
   28730      14.6464
   28731      15.4575
   28732      15.7916
   28733      15.7620
   28734      15.2549
   28735      14.9053
   28736      15.5653
   28737      15.7850
   28738      15.3089
   28739      15.1218
   28740      16.1809
   28741      15.1384
   28742      15.8616
   28743      15.5635
   28744      15.4433
   28745      15.2152
   28746      15.5684
   28747      15.1471
   28748      14.9693
   28749      15.1844
   28750      14.5564
   28751      15.5934
   28752      15.7334
   28753      16.6367
   28754      15.9276
   28755      15.8086
   28756      15.7661
   28757      15.7061
   28758      16.2847
   28759      16.1809
   28760      15.3328
   28761      15.4723
   28762      15.4554
   28763      15.7935
   28764      16.3732
   28765      15.6269
   28766      15.5616
   28767      15.4127
   28768      15.2893
   28769      15.9405
   28770      15.3230
   28771      14.5096
   28772      14.8233
   28773      14.6247
   28774      14.9796
   28775      15.0635
   28776      14.9049
   28777      15.3505
   28778      14.6778
   28779      14.6725
   28780      15.2190
   28781      15.4899
   28782      15.4619
   28783      15.9128
   28784      15.9444
   28785      16.1279
   28786      15.2901
   28787      15.3474
   28788      15.4038
   28789      14.7964
   28790      15.3438
   28791      14.9691
   28792      16.2469
   28793      16.1229
   28794      15.6479
   28795      15.2167
   28796      16.8353
   28797      16.0396
   28798      15.7932
   28799      13.9235
   28800      13.9786
   28801      14.2917
   28802      14.8299
   28803      14.3640
   28804      13.5803
   28805      13.6195
   28806      13.2523
   28807      12.8358
   28808      13.0176
   28809      13.4624
   28810      13.6886
   28811      13.9329
   28812      13.2744
   28813      13.0939
   28814      13.6271
   28815      13.5707
   28816      13.7002
   28817      14.3234
   28818      13.6648
   28819      13.0520
   28820      14.7747
   28821      13.5275
   28822      14.2164
   28823      12.6246
   28824      13.3094
   28825      13.0341
   28826      13.1003
   28827      13.8937
   28828      13.4158
   28829      13.7244
   28830      14.1001
   28831      13.0384
   28832      12.8516
   28833      13.4933
   28834      13.6239
   28835      12.8898
   28836      12.2084
   28837      11.4906
   28838      12.0073
   28839      11.0643
   28840      12.0687
   28841      12.2374
   28842      11.8928
   28843      12.5541
   28844      11.8042
   28845      12.6343
   28846      11.7935
   28847      12.9961
   28848      13.0439
   28849      12.3504
   28850      12.1874
   28851      12.1794
   28852      12.8590
   28853      12.6837
   28854      12.5650
   28855      12.8023
   28856      13.7549
   28857      13.4255
   28858      13.4269
   28859      13.4636
   28860      13.4714
   28861      13.2657
   28862      13.6686
   28863      14.1565
   28864      13.3839
   28865      13.5436
   28866      13.3187
   28867      13.4578
   28868      13.4257
   28869      13.0314
   28870      14.1048
   28871      13.2245
   28872      13.5753
   28873      13.1558
   28874      13.6526
   28875      13.2674
   28876      12.7329
   28877      12.7534
   28878      12.6368
   28879      12.2942
   28880      13.9648
   28881      13.4024
   28882      13.9489
   28883      13.6061
   28884      13.1715
   28885      13.3912
   28886      12.8183
   28887      13.3438
   28888      12.4654
   28889      12.9959
   28890      13.6771
   28891      13.7888
   28892      14.0402
   28893      13.3778
   28894      13.9956
   28895      15.0974
   28896      15.2748
   28897      14.9130
   28898      14.2378
   28899      13.9274
   28900      14.1985
   28901      13.7483
   28902      14.6648
   28903      14.6716
   28904      15.6078
   28905      15.7264
   28906      15.3862
   28907      14.7646
   28908      15.2987
   28909      16.0771
   28910      16.2428
   28911      16.0940
   28912      15.7662
   28913      15.3846
   28914      15.5675
   28915      14.6862
   28916      14.7950
   28917      15.1042
   28918      14.9616
   28919      15.1272
   28920      15.6450
   28921      16.0387
   28922      15.6590
   28923      15.8780
   28924      15.3066
   28925      15.1344
   28926      15.0789
   28927      15.5738
   28928      16.2570
   28929      15.0762
   28930      15.6454
   28931      15.8820
   28932      15.6698
   28933      15.5299
   28934      15.8695
   28935      15.7956
   28936      15.2789
   28937      15.2837
   28938      15.1279
   28939      15.5124
   28940      15.6274
   28941      16.1495
   28942      16.4305
   28943      16.0369
   28944      15.3446
   28945      14.6087
   28946      15.3749
   28947      15.5979
   28948      15.0600
   28949      14.7438
   28950      14.0407
   28951      14.4493
   28952      14.3607
   28953      13.7578
   28954      12.4905
   28955      12.8275
   28956      13.3523
   28957      12.8368
   28958      13.3925
   28959      13.0412
   28960      13.3177
   28961      12.3915
   28962      12.8637
   28963      12.7285
   28964      13.1205
   28965      13.4800
   28966      14.6144
   28967      13.7547
   28968      14.4377
   28969      14.3796
   28970      14.1746
   28971      15.2490
   28972      15.5903
   28973      14.9932
   28974      14.5455
   28975      15.0886
   28976      14.4875
   28977      15.3006
   28978      15.5076
   28979      15.1166
   28980      14.6819
   28981      14.9712
   28982      15.5356
   28983      15.4343
   28984      15.7357
   28985      15.3574
   28986      15.3203
   28987      14.8532
   28988      15.4289
   28989      15.8440
   28990      15.7667
   28991      15.3174
   28992      15.3422
   28993      14.9277
   28994      15.0408
   28995      14.8623
   28996      14.8742
   28997      15.8210
   28998      15.7884
   28999      15.6196
   29000      15.9362
   29001      14.9006
   29002      15.3486
   29003      15.7386
   29004      15.7228
   29005      15.8169
   29006      15.6645
   29007      15.9465
   29008      14.9396
   29009      15.7565
   29010      16.5506
   29011      16.0222
   29012      16.3599
   29013      15.8261
   29014      15.5074
   29015      16.2684
   29016      14.9833
   29017      15.0872
   29018      15.1508
   29019      15.8835
   29020      15.8448
   29021      16.6356
   29022      15.9202
   29023      15.8969
   29024      15.8617
   29025      16.4372
   29026      15.6259
   29027      15.6938
   29028      16.0082
   29029      16.0256
   29030      15.6648
   29031      15.3776
   29032      16.4397
   29033      16.0968
   29034      15.9293
   29035      16.4989
   29036      16.3084
   29037      16.1266
   29038      15.5374
   29039      15.2080
   29040      15.4581
   29041      15.8342
   29042      15.5451
   29043      15.2679
   29044      15.2952
   29045      15.9111
   29046      15.3654
   29047      16.0145
   29048      16.0467
   29049      15.7169
   29050      15.5405
   29051      16.3250
   29052      15.3249
   29053      14.6907
   29054      14.9963
   29055      14.9845
   29056      14.7658
   29057      15.6511
   29058      15.1748
   29059      15.6184
   29060      16.0584
   29061      15.8698
   29062      15.8568
   29063      15.9510
   29064      15.7566
   29065      16.0544
   29066      14.8189
   29067      15.5477
   29068      14.6505
   29069      14.7985
   29070      14.4002
   29071      14.6347
   29072      14.5016
   29073      14.6329
   29074      15.5643
   29075      15.8921
   29076      15.9163
   29077      15.7046
   29078      15.7409
   29079      14.4968
   29080      15.0498
   29081      14.6523
   29082      14.9731
   29083      14.2966
   29084      14.5615
   29085      13.9523
   29086      14.7173
   29087      15.2900
   29088      15.1562
   29089      15.2334
   29090      14.7824
   29091      15.7262
   29092      15.3256
   29093      15.4297
   29094      14.7845
   29095      15.3237
   29096      14.9129
   29097      14.3152
   29098      14.9586
   29099      15.1399
   29100      14.4160
   29101      14.2469
   29102      14.5372
   29103      13.7857
   29104      14.3883
   29105      14.1253
   29106      14.2001
   29107      14.6588
   29108      14.1263
   29109      14.0109
   29110      13.8224
   29111      13.3122
   29112      13.2691
   29113      13.5502
   29114      14.5134
   29115      14.5570
   29116      13.6078
   29117      14.1788
   29118      14.6728
   29119      13.9336
   29120      14.7348
   29121      14.5934
   29122      14.5064
   29123      14.4000
   29124      14.3737
   29125      14.3626
   29126      14.5981
   29127      15.5135
   29128      15.1388
   29129      15.7382
   29130      15.6669
   29131      15.9669
   29132      15.4435
   29133      15.4992
   29134      15.3314
   29135      15.0451
   29136      14.6788
   29137      15.0951
   29138      13.4978
   29139      14.0325
   29140      13.7119
   29141      13.9091
   29142      14.3581
   29143      14.7767
   29144      15.0813
   29145      14.9119
   29146      14.6202
   29147      13.5739
   29148      13.4364
   29149      12.9330
   29150      12.9901
   29151      13.5226
   29152      13.1729
   29153      13.1782
   29154      13.9158
   29155      14.5563
   29156      14.7429
   29157      14.9249
   29158      15.4638
   29159      15.3407
   29160      15.3411
   29161      15.9115
   29162      16.0161
   29163      15.3549
   29164      15.8824
   29165      15.5202
   29166      15.6617
   29167      15.9439
   29168      15.4084
   29169      15.3454
   29170      15.7090
   29171      15.8459
   29172      15.6788
   29173      15.5424
   29174      15.9970
   29175      15.8532
   29176      16.0187
   29177      16.2686
   29178      15.7814
   29179      15.6813
   29180      15.3460
   29181      14.9965
   29182      15.4948
   29183      15.8906
   29184      16.3568
   29185      15.4544
   29186      16.1363
   29187      16.1637
   29188      15.8425
   29189      16.3626
   29190      16.3728
   29191      16.2229
   29192      16.2490
   29193      15.9525
   29194      15.6254
   29195      15.2365
   29196      15.7093
   29197      16.2333
   29198      16.2361
   29199      15.6978
   29200      16.5242
   29201      16.7707
   29202      16.3618
   29203      16.1703
   29204      16.4392
   29205      16.1774
   29206      16.3951
   29207      16.8736
   29208      16.0284
   29209      15.4493
   29210      16.4583
   29211      16.2138
   29212      16.0042
   29213      16.1584
   29214      15.7178
   29215      16.5086
   29216      16.3762
   29217      16.8205
   29218      16.4090
   29219      16.6279
   29220      16.2457
   29221      15.8224
   29222      15.8033
   29223      15.6303
   29224      16.4480
   29225      15.2489
   29226      15.2403
   29227      15.8737
   29228      16.1233
   29229      16.6073
   29230      15.5479
   29231      15.4593
   29232      15.4792
   29233      15.2783
   29234      15.7122
   29235      15.6518
   29236      15.9184
   29237      16.1040
   29238      15.4670
   29239      15.9301
   29240      16.0518
   29241      15.5296
   29242      16.5931
   29243      15.9024
   29244      15.8882
   29245      15.6219
   29246      15.9408
   29247      15.8305
   29248      15.6363
   29249      15.7380
   29250      15.8839
   29251      15.6297
   29252      16.4589
   29253      15.9329
   29254      15.5031
   29255      16.0277
   29256      15.3725
   29257      15.8458
   29258      15.3232
   29259      15.9635
   29260      16.0804
   29261      15.8029
   29262      17.1035
   29263      17.2166
   29264      17.2109
   29265      17.2083
   29266      16.9108
   29267      17.0040
   29268      17.4057
   29269      16.7019
   29270      16.6736
   29271      16.2596
   29272      16.2889
   29273      15.6827
   29274      16.3703
   29275      15.5789
   29276      15.8719
   29277      15.2540
   29278      15.4635
   29279      15.5578
   29280      15.2159
   29281      15.1910
   29282      15.4131
   29283      14.5287
   29284      16.2341
   29285      15.3147
   29286      15.3925
   29287      14.3259
   29288      15.0883
   29289      13.6155
   29290      14.7445
   29291      15.0420
   29292      14.0675
   29293      14.1668
   29294      13.5477
   29295      13.8968
   29296      14.1898
   29297      13.8609
   29298      14.0990
   29299      13.3948
   29300      13.5557
   29301      13.6303
   29302      14.1964
   29303      14.5513
   29304      14.0447
   29305      14.5574
   29306      14.7052
   29307      14.3277
   29308      14.7298
   29309      14.7199
   29310      14.8512
   29311      14.0996
   29312      14.2125
   29313      13.7881
   29314      13.1559
   29315      13.7385
   29316      14.0524
   29317      14.4518
   29318      14.0810
   29319      13.9559
   29320      15.0759
   29321      14.8008
   29322      14.5844
   29323      14.2907
   29324      14.8543
   29325      13.9903
   29326      13.7383
   29327      14.2228
   29328      14.4120
   29329      14.5356
   29330      14.2850
   29331      14.5651
   29332      15.0609
   29333      15.2084
   29334      15.2780
   29335      15.0465
   29336      14.7957
   29337      14.5868
   29338      14.7458
   29339      14.1350
   29340      14.1167
   29341      13.2293
   29342      12.8053
   29343      13.1042
   29344      12.1801
   29345      12.5186
   29346      12.9186
   29347      12.5755
   29348      12.7465
   29349      13.3571
   29350      12.7230
   29351      12.9609
   29352      13.3411
   29353      12.2579
   29354      11.9760
   29355      12.6827
   29356      11.9423
   29357      12.8509
   29358      13.2815
   29359      13.6022
   29360      13.8332
   29361      13.6600
   29362      13.9384
   29363      13.4751
   29364      13.2162
   29365      13.2149
   29366      13.6965
   29367      13.3476
   29368      12.3849
   29369      11.7769
   29370      11.5469
   29371      11.6272
   29372      11.0112
   29373      12.2648
   29374      12.1110
   29375      12.1782
   29376      11.8429
   29377      12.4488
   29378      12.5388
   29379      12.7711
   29380      12.9437
   29381      13.0214
   29382      11.8528
   29383      12.5863
   29384      12.5268
   29385      13.2134
   29386      13.5392
   29387      13.5130
   29388      12.6272
   29389      11.9491
   29390      11.4004
   29391      11.4691
   29392      11.5021
   29393      11.3749
   29394      12.2351
   29395      11.9831
   29396      11.4350
   29397      12.6130
   29398      13.0100
   29399      13.0537
   29400      13.4538
   29401      13.5161
   29402      14.1419
   29403      14.0957
   29404      14.3943
   29405      14.2972
   29406      14.1537
   29407      14.2921
   29408      14.9309
   29409      14.5618
   29410      13.8206
   29411      14.4231
   29412      13.8766
   29413      14.7376
   29414      14.4777
   29415      14.3591
   29416      14.5320
   29417      15.0044
   29418      14.2315
   29419      14.9094
   29420      14.7552
   29421      14.7812
   29422      15.2159
   29423      14.7763
   29424      14.6267
   29425      14.9812
   29426      15.4276
   29427      15.1738
   29428      16.0467
   29429      15.4571
   29430      15.2219
   29431      14.9882
   29432      15.7797
   29433      16.1688
   29434      15.9641
   29435      15.6738
   29436      16.1379
   29437      15.9091
   29438      16.7120
   29439      16.2107
   29440      15.8489
   29441      15.7709
   29442      16.1412
   29443      15.3810
   29444      15.6627
   29445      15.6542
   29446      15.7287
   29447      15.8344
   29448      16.0107
   29449      16.0650
   29450      15.9140
   29451      15.4292
   29452      15.3736
   29453      15.4421
   29454      15.8472
   29455      15.6847
   29456      15.9393
   29457      16.2495
   29458      16.5433
   29459      16.5997
   29460      16.6466
   29461      15.9510
   29462      16.1034
   29463      16.3273
   29464      16.2037
   29465      16.3419
   29466      15.8150
   29467      15.9556
   29468      15.3346
   29469      16.0551
   29470      15.3847
   29471      16.0363
   29472      16.2419
   29473      15.9727
   29474      15.2169
   29475      15.4419
   29476      15.6409
   29477      15.5500
   29478      15.5855
   29479      15.4520
   29480      15.2761
   29481      16.1610
   29482      15.9378
   29483      16.2504
   29484      16.3552
   29485      16.1031
   29486      15.9857
   29487      15.8168
   29488      15.7617
   29489      16.1877
   29490      16.0099
   29491      16.6134
   29492      16.5641
   29493      16.2535
   29494      16.1333
   29495      15.6719
   29496      15.9582
   29497      15.7062
   29498      16.2239
   29499      16.4230
   29500      15.9616
   29501      15.6988
   29502      15.7555
   29503      16.1722
   29504      16.2271
   29505      15.5782
   29506      15.6865
   29507      15.9373
   29508      15.8879
   29509      15.1834
   29510      15.6605
   29511      15.6612
   29512      16.1018
   29513      16.1794
   29514      15.7433
   29515      15.8051
   29516      15.1742
   29517      14.8510
   29518      15.4624
   29519      15.2091
   29520      15.4763
   29521      14.8705
   29522      15.4163
   29523      15.7539
   29524      15.4932
   29525      14.9483
   29526      15.0470
   29527      15.4944
   29528      15.7417
   29529      16.0771
   29530      15.7285
   29531      15.7161
   29532      16.0784
   29533      15.9790
   29534      16.7574
   29535      15.7795
   29536      15.7208
   29537      15.0416
   29538      16.2978
   29539      16.2549
   29540      15.9118
   29541      15.5781
   29542      15.6565
   29543      15.8938
   29544      15.4695
   29545      15.7394
   29546      15.7912
   29547      15.3566
   29548      15.4903
   29549      15.8081
   29550      15.8819
   29551      15.7357
   29552      15.3193
   29553      14.8518
   29554      14.9803
   29555      14.6194
   29556      15.5546
   29557      14.5423
   29558      15.7234
   29559      15.7809
   29560      15.4338
   29561      15.5357
   29562      15.4560
   29563      15.3884
   29564      15.8385
   29565      15.6720
   29566      15.9625
   29567      15.6315
   29568      15.7253
   29569      15.6955
   29570      15.5650
   29571      15.6189
   29572      15.6329
   29573      16.0962
   29574      15.7901
   29575      15.7042
   29576      15.7707
   29577      15.8856
   29578      15.5881
   29579      15.0244
   29580      15.1967
   29581      15.2626
   29582      14.4287
   29583      14.8093
   29584      14.6844
   29585      14.6735
   29586      14.6181
   29587      14.8214
   29588      14.5444
   29589      14.4597
   29590      14.8771
   29591      14.8306
   29592      14.9419
   29593      15.5649
   29594      15.1570
   29595      15.6488
   29596      14.7128
   29597      15.6337
   29598      15.0767
   29599      15.6085
   29600      16.0438
   29601      15.7406
   29602      15.0856
   29603      15.6857
   29604      15.8883
   29605      15.6566
   29606      15.7017
   29607      15.7032
   29608      16.0638
   29609      15.8694
   29610      15.8016
   29611      16.5967
   29612      16.6867
   29613      16.1370
   29614      16.2670
   29615      15.8974
   29616      16.1250
   29617      16.6437
   29618      16.5171
   29619      15.9622
   29620      16.0753
   29621      15.4168
   29622      15.8812
   29623      15.5455
   29624      15.6618
   29625      16.3200
   29626      16.5117
   29627      15.1115
   29628      14.4886
   29629      14.7698
   29630      14.2727
   29631      14.2980
   29632      13.6617
   29633      13.7483
   29634      14.2245
   29635      13.7647
   29636      14.1419
   29637      14.2283
   29638      14.1054
   29639      13.9407
   29640      14.2692
   29641      14.7957
   29642      14.3424
   29643      14.7412
   29644      14.3590
   29645      14.8061
   29646      14.7911
   29647      14.2113
   29648      14.3992
   29649      14.5207
   29650      15.0596
   29651      14.8850
   29652      14.5443
   29653      15.0265
   29654      14.3937
   29655      14.1153
   29656      14.6744
   29657      14.5705
   29658      14.0041
   29659      13.5115
   29660      13.8161
   29661      14.3224
   29662      14.1270
   29663      14.2765
   29664      13.8670
   29665      14.4260
   29666      12.7598
   29667      12.4533
   29668      12.7904
   29669      13.7236
   29670      13.3493
   29671      13.4801
   29672      13.8152
   29673      12.4671
   29674      12.9681
   29675      13.9867
   29676      14.2855
   29677      13.9702
   29678      14.7787
   29679      15.2224
   29680      14.7538
   29681      14.8414
   29682      15.4110
   29683      15.4593
   29684      15.4822
   29685      15.6163
   29686      16.2377
   29687      15.8448
   29688      15.0771
   29689      14.3105
   29690      14.0989
   29691      14.3322
   29692      14.5576
   29693      15.1921
   29694      15.1187
   29695      14.4075
   29696      14.1329
   29697      14.8885
   29698      14.0749
   29699      13.8825
   29700      13.1560
   29701      13.6208
   29702      13.7059
   29703      13.2039
   29704      13.4634
   29705      12.9001
   29706      13.2255
   29707      12.9834
   29708      13.6493
   29709      13.5358
   29710      13.4850
   29711      14.3017
   29712      14.7637
   29713      16.1669
   29714      16.1071
   29715      16.3059
   29716      15.3379
   29717      16.3499
   29718      15.9828
   29719      16.1743
   29720      16.1844
   29721      15.7319
   29722      15.0656
   29723      14.2158
   29724      14.2906
   29725      15.1260
   29726      15.0914
   29727      14.3523
   29728      13.9796
   29729      15.5103
   29730      15.8366
   29731      15.8821
   29732      16.0594
   29733      15.8582
   29734      16.4829
   29735      15.7024
   29736      15.6208
   29737      15.6963
   29738      15.7693
   29739      15.6152
   29740      15.9357
   29741      16.0724
   29742      14.7666
   29743      15.0906
   29744      14.5006
   29745      14.4848
   29746      14.8934
   29747      15.0502
   29748      14.6436
   29749      15.6932
   29750      14.9838
   29751      14.4969
   29752      14.6068
   29753      15.2232
   29754      14.8999
   29755      14.5647
   29756      15.1408
   29757      15.3298
   29758      14.6835
   29759      14.8941
   29760      15.0900
   29761      14.7640
   29762      14.6205
   29763      13.8728
   29764      14.1969
   29765      14.6223
   29766      15.0804
   29767      14.5444
   29768      14.6371
   29769      13.7904
   29770      13.2603
   29771      13.9556
   29772      14.2215
   29773      14.2956
   29774      14.4918
   29775      14.9805
   29776      14.6985
   29777      14.0496
   29778      14.3310
   29779      14.0802
   29780      14.4470
   29781      14.7049
   29782      14.8078
   29783      15.0035
   29784      15.0832
   29785      15.4539
   29786      14.6369
   29787      14.9660
   29788      15.0600
   29789      14.5498
   29790      14.8749
   29791      15.0578
   29792      14.2050
   29793      13.6218
   29794      14.0059
   29795      14.3473
   29796      14.6917
   29797      14.6610
   29798      14.2613
   29799      14.3740
   29800      14.6198
   29801      13.8659
   29802      14.5030
   29803      14.5645
   29804      15.2241
   29805      15.1130
   29806      15.1868
   29807      15.3673
   29808      15.8402
   29809      15.5154
   29810      15.6777
   29811      15.6955
   29812      15.2920
   29813      15.3524
   29814      15.7074
   29815      14.4153
   29816      14.7186
   29817      15.6430
   29818      15.1685
   29819      14.5334
   29820      14.0304
   29821      15.1868
   29822      15.4186
   29823      15.1452
   29824      15.2381
   29825      15.2690
   29826      16.1520
   29827      15.1055
   29828      15.1275
   29829      15.3529
   29830      15.5570
   29831      16.0796
   29832      15.8920
   29833      15.8840
   29834      15.5428
   29835      15.3153
   29836      15.4606
   29837      14.9126
   29838      14.9901
   29839      14.7976
   29840      15.0258
   29841      15.3138
   29842      15.0005
   29843      15.2260
   29844      15.2252
   29845      15.5800
   29846      15.4996
   29847      15.0050
   29848      15.2209
   29849      14.7866
   29850      15.2155
   29851      14.7962
   29852      15.3762
   29853      15.0960
   29854      15.3993
   29855      15.1846
   29856      15.5886
   29857      15.8396
   29858      15.9243
   29859      17.0129
   29860      15.9587
   29861      15.4885
   29862      15.4189
   29863      14.0209
   29864      13.2584
   29865      13.5819
   29866      14.3046
   29867      14.5656
   29868      13.9293
   29869      13.6410
   29870      14.2797
   29871      14.4358
   29872      14.6243
   29873      14.5798
   29874      14.1099
   29875      14.7994
   29876      14.8993
   29877      15.4962
   29878      15.2543
   29879      15.3760
   29880      15.4664
   29881      15.2475
   29882      15.9948
   29883      15.0567
   29884      15.4486
   29885      15.2732
   29886      15.4305
   29887      15.0676
   29888      15.0575
   29889      14.7778
   29890      13.9956
   29891      13.8699
   29892      14.1177
   29893      14.4905
   29894      14.7864
   29895      14.8792
   29896      14.9729
   29897      14.8848
   29898      15.5694
   29899      14.5412
   29900      14.8360
   29901      15.3516
   29902      15.1881
   29903      14.9196
   29904      14.7350
   29905      14.5651
   29906      14.9028
   29907      14.9786
   29908      15.7639
   29909      15.5679
   29910      15.2317
   29911      15.2834
   29912      14.4079
   29913      15.0485
   29914      15.5070
   29915      14.5491
   29916      14.1352
   29917      14.3646
   29918      13.4122
   29919      13.5281
   29920      12.9491
   29921      13.3072
   29922      13.3733
   29923      13.3954
   29924      13.0686
   29925      13.0945
   29926      13.3026
   29927      14.5054
   29928      14.9840
   29929      14.1040
   29930      13.1330
   29931      13.0388
   29932      13.6431
   29933      13.9280
   29934      13.6466
   29935      13.5208
   29936      13.8627
   29937      14.5901
   29938      14.7320
   29939      15.0157
   29940      14.7386
   29941      14.8772
   29942      15.0179
   29943      14.4118
   29944      14.6780
   29945      14.6847
   29946      14.1004
   29947      15.2148
   29948      15.5217
   29949      14.7030
   29950      15.1681
   29951      15.1532
   29952      15.1538
   29953      15.0879
   29954      16.1001
   29955      16.0215
   29956      16.0994
   29957      16.0637
   29958      15.8385
   29959      15.3834
   29960      14.6510
   29961      15.9013
   29962      16.2804
   29963      15.7083
   29964      15.1946
   29965      16.3213
   29966      15.2416
   29967      14.6882
   29968      15.0169
   29969      15.2020
   29970      15.3953
   29971      14.7821
   29972      14.9629
   29973      14.9084
   29974      14.7971
   29975      14.5411
   29976      14.7133
   29977      14.8208
   29978      15.1885
   29979      15.6524
   29980      14.5408
   29981      15.6308
   29982      15.2735
   29983      15.1841
   29984      15.6820
   29985      15.4067
   29986      16.4103
   29987      15.9390
   29988      15.6586
   29989      15.6681
   29990      15.2144
   29991      15.4681
   29992      14.9110
   29993      14.5678
   29994      14.6352
   29995      14.5394
   29996      14.9156
   29997      14.8135
   29998      14.8980
   29999      14.5940
   30000      15.0066
