
          -------------------------------------------------------
          Amber 22 PMEMD                              2022
          -------------------------------------------------------

| PMEMD implementation of SANDER, Release 22

|  Compiled date/time: Thu Apr 14 11:06:37 2022
| Run on 09/01/2026 at 14:08:46

|   Executable path: pmemd.cuda
| Working directory: /bigdata/cutlerlab/jjaco081/PYR1_pocket_expansion/data/posecheck/win_crystal/rep1
|          Hostname: gpu09

  [-O]verwriting output

File Assignments:
|   MDIN: prod.in                                                               
|  MDOUT: prod.out                                                              
| INPCRD: eq2.rst7                                                              
|   PARM: /bigdata/cutlerlab/jjaco081/PYR1_pocket_expansion/data/posecheck/win_c
| RESTRT: prod.rst7                                                             
|   REFC: refc                                                                  
|  MDVEL: mdvel                                                                 
|   MDEN: mden                                                                  
|  MDCRD: prod.nc                                                               
| MDINFO: prod.info                                                             
|  MDFRC: mdfrc                                                                 


 Here is the input file:

NPT production, 10000000 steps remaining, frames every 10 ps                   
 &cntrl                                                                        
  imin=0, irest=1, ntx=5,                                                      
  nstlim=10000000, dt=0.002,                                                   
  ntc=2, ntf=2, cut=10.0,                                                      
  ntb=2, ntp=1, barostat=2, pres0=1.0, taup=2.0,                               
  ntt=3, gamma_ln=2.0, ig=-1, temp0=300.0,                                     
  ntr=0,                                                                       
  ntpr=25000, ntwx=5000, ntwr=5000,                                            
  iwrap=1,                                                                     
 /                                                                             


Note: ig = -1. Setting random seed to   715542 based on wallclock time in 
      microseconds.
| irandom = 1, using AMBER's internal random number generator (default).
 
|--------------------- INFORMATION ----------------------
| GPU (CUDA) Version of PMEMD in use: NVIDIA GPU IN USE.
|                    Version 18.0.0
| 
|                      03/25/2018
| 
| Implementation by:
|                    Ross C. Walker     (SDSC)
|                    Scott Le Grand     (nVIDIA)
| 
| Version 18 performance extensions by:
|                    David Cerutti     (Rutgers)
| 
| Precision model in use:
|      [SPFP] - Single Precision Forces, 64-bit Fixed Point
|               Accumulation. (Default)
| 
|--------------------------------------------------------
 
|----------------- CITATION INFORMATION -----------------
|
|    When publishing work that utilized the CUDA version
|    of AMBER, please cite the following in addition to
|    the regular AMBER citations:
|
|  - Romelia Salomon-Ferrer; Andreas W. Goetz; Duncan
|    Poole; Scott Le Grand; Ross C. Walker "Routine
|    microsecond molecular dynamics simulations with
|    AMBER - Part II: Particle Mesh Ewald", J. Chem.
|    Theory Comput., 2013, 9 (9), pp3878-3888,
|    DOI: 10.1021/ct400314y.
|
|  - Andreas W. Goetz; Mark J. Williamson; Dong Xu;
|    Duncan Poole; Scott Le Grand; Ross C. Walker
|    "Routine microsecond molecular dynamics simulations
|    with AMBER - Part I: Generalized Born", J. Chem.
|    Theory Comput., 2012, 8 (5), pp1542-1555.
|
|  - Scott Le Grand; Andreas W. Goetz; Ross C. Walker
|    "SPFP: Speed without compromise - a mixed precision
|    model for GPU accelerated molecular dynamics
|    simulations.", Comp. Phys. Comm., 2013, 184
|    pp374-380, DOI: 10.1016/j.cpc.2012.09.022
|
|--------------------------------------------------------
 
|------------------- GPU DEVICE INFO --------------------
|
|            CUDA_VISIBLE_DEVICES: 0
|   CUDA Capable Devices Detected:      1
|           CUDA Device ID in use:      0
|                CUDA Device Name: NVIDIA RTX 6000 Ada Generation
|     CUDA Device Global Mem Size:  48510 MB
| CUDA Device Num Multiprocessors:    142
|           CUDA Device Core Freq:   2.50 GHz
|
|--------------------------------------------------------
 
 
| Conditional Compilation Defines Used:
| PUBFFT
| BINTRAJ
| CUDA
| EMIL

| Largest sphere to fit in unit cell has radius =    29.830

| New format PARM file being parsed.
| Version =    1.000 Date = 09/01/26 Time = 11:34:17

| Note: 1-4 EEL scale factors are being read from the topology file.

| Note: 1-4 VDW scale factors are being read from the topology file.
| INFO:    Virtual site frames will be inferred from bonding patterns.
| Duplicated    0 dihedrals

| Duplicated    0 dihedrals

--------------------------------------------------------------------------------
   1.  RESOURCE   USE: 
--------------------------------------------------------------------------------

 getting box info from netcdf restart file
 NATOM  =   39507 NTYPES =      28 NBONH =   28861 MBONA  =   10622
 NTHETH =    3275 MTHETA =    2018 NPHIH =    6664 MPHIA  =    6408
 NHPARM =       0 NPARM  =       0 NNB   =   80055 NRES   =    9376
 NBONA  =   10622 NTHETA =    2018 NPHIA =    6408 NUMBND =      90
 NUMANG =     199 NPTRA  =     208 NATYP =      51 NPHB   =       0
 IFBOX  =       2 NMXRS  =      58 IFCAP =       0 NEXTRA =    9140
 NCOPY  =       0


| Coordinate Index Table dimensions:    11   11   11
| Direct force subcell size =     6.6426    6.6426    6.6426

     BOX TYPE: TRUNCATED OCTAHEDRON

--------------------------------------------------------------------------------
   2.  CONTROL  DATA  FOR  THE  RUN
--------------------------------------------------------------------------------

default_name                                                                    

General flags:
     imin    =       0, nmropt  =       0

Nature and format of input:
     ntx     =       5, irest   =       1, ntrx    =       1

Nature and format of output:
     ntxo    =       2, ntpr    =   25000, ntrx    =       1, ntwr    =    5000
     iwrap   =       1, ntwx    =    5000, ntwv    =       0, ntwe    =       0
     ioutfm  =       1, ntwprt  =       0, idecomp =       0, rbornstat=      0

Potential function:
     ntf     =       2, ntb     =       2, igb     =       0, nsnb    =      25
     ipol    =       0, gbsa    =       0, iesp    =       0
     dielc   =   1.00000, cut     =  10.00000, intdiel =   1.00000

Frozen or restrained atoms:
     ibelly  =       0, ntr     =       0

Molecular dynamics:
     nstlim  =  10000000, nscm    =      1000, nrespa  =         1
     t       =   0.00000, dt      =   0.00200, vlimit  =  -1.00000

Langevin dynamics temperature regulation:
     ig      =  715542
     temp0   = 300.00000, tempi   =   0.00000, gamma_ln=   2.00000

Pressure regulation:
     ntp     =       1
     pres0   =   1.00000, comp    =  44.60000, taup    =   2.00000
     Monte-Carlo Barostat:
     mcbarint  =     100

SHAKE:
     ntc     =       2, jfastw  =       0
     tol     =   0.00001

| Intermolecular bonds treatment:
|     no_intermolecular_bonds =       1

| Energy averages sample interval:
|     ene_avg_sampling =   25000

Extra-points options:
     frameon =       1, chngmask=       1

Ewald parameters:
     verbose =       0, ew_type =       0, nbflag  =       1, use_pme =       1
     vdwmeth =       1, eedmeth =       1, netfrc  =       1
     Box X =   73.069   Box Y =   73.069   Box Z =   73.069
     Alpha =  109.471   Beta  =  109.471   Gamma =  109.471
     NFFT1 =   80       NFFT2 =   80       NFFT3 =   80
     Cutoff=   10.000   Tol   =0.100E-04
     Ewald Coefficient =  0.27511
     Interpolation order =    4
|      EXTRA_PTS, trim_bonds: num bonds BEFORE trim = 28861     0
|      EXTRA_PTS, trim_bonds: num bonds AFTER  trim = 28861     0
|      EXTRA_PTS, trim_bonds: num bonds BEFORE trim = 10622     0
|      EXTRA_PTS, trim_bonds: num bonds AFTER  trim =  1482     0
|      EXTRA_PTS, trim_theta: num angle BEFORE trim =  3275     0
|      EXTRA_PTS, trim_theta: num angle AFTER  trim =  3275     0
|      EXTRA_PTS, trim_theta: num angle BEFORE trim =  2018     0
|      EXTRA_PTS, trim_theta: num angle AFTER  trim =  2018     0
|      EXTRA_PTS, trim_phi:  num diheds BEFORE trim =  6664     0
|      EXTRA_PTS, trim_phi:  num diheds AFTER  trim =  6664     0
|      EXTRA_PTS, trim_phi:  num diheds BEFORE trim =  6408     0
|      EXTRA_PTS, trim_phi:  num diheds AFTER  trim =  6408     0
| MONTE CARLO BAROSTAT IMPORTANT NOTE:
|   The Monte-Carlo barostat does not require the virial to adjust the system volume.
|   Since it is an expensive calculation, it is skipped for efficiency. A side-effect
|   is that the reported pressure is always 0 because it is not calculated.

--------------------------------------------------------------------------------
   3.  ATOMIC COORDINATES AND VELOCITIES
--------------------------------------------------------------------------------

default_name                                                                    
 begin time read from input coords =  1700.000 ps

 
 Number of triangulated 3-point waters found:     9140

     Sum of charges from parm topology file =   0.00104909
     Forcing neutrality...

| Dynamic Memory, Types Used:
| Reals             1717026
| Integers          3993720

| Nonbonded Pairs Initial Allocation:    11949879

| GPU memory information (estimate):
| KB of GPU memory in use:    340217
| KB of CPU memory in use:     90407

--------------------------------------------------------------------------------
   4.  RESULTS
--------------------------------------------------------------------------------

| MC Barostat: Decreasing size of volume moves
| MC Barostat: Decreasing size of volume moves
| MC Barostat: Decreasing size of volume moves
| MC Barostat: Decreasing size of volume moves
| MC Barostat: Decreasing size of volume moves
wrapping first mol.:      -73.11106        0.00000        0.00000
wrapping first mol.:      -73.11106        0.00000        0.00000
| MC Barostat: Decreasing size of volume moves
| MC Barostat: Decreasing size of volume moves
| MC Barostat: Decreasing size of volume moves
wrapping first mol.:      -73.09272        0.00000        0.00000
wrapping first mol.:      -73.09272        0.00000        0.00000
wrapping first mol.:      -73.23639        0.00000        0.00000
wrapping first mol.:      -73.23639        0.00000        0.00000
wrapping first mol.:      -73.14968        0.00000        0.00000
wrapping first mol.:      -73.14968        0.00000        0.00000
wrapping first mol.:      -73.18255        0.00000        0.00000
wrapping first mol.:      -73.18255        0.00000        0.00000

 NSTEP =    25000   TIME(PS) =    1750.000  TEMP(K) =   299.46  PRESS =     0.0
 Etot   =   -104509.8247  EKtot   =     18519.0195  EPtot      =   -123028.8442
 BOND   =       608.6991  ANGLE   =      1501.7974  DIHED      =      1014.5361
 UB     =         0.0000  IMP     =         0.0000  CMAP       =       131.9555
 1-4 NB =       653.1707  1-4 EEL =      6208.0714  VDWAALS    =     14108.5640
 EELEC  =   -147255.6385  EHBOND  =         0.0000  RESTRAINT  =         0.0000
 EKCMT  =         0.0000  VIRIAL  =         0.0000  VOLUME     =    301717.6727
                                                    Density    =         1.0309
 ------------------------------------------------------------------------------

wrapping first mol.:      -73.08554        0.00000        0.00000
wrapping first mol.:      -73.08554        0.00000        0.00000
| MC Barostat: Decreasing size of volume moves
wrapping first mol.:      -73.10447        0.00000        0.00000
wrapping first mol.:      -73.10447        0.00000        0.00000
wrapping first mol.:      -73.07214        0.00000        0.00000
wrapping first mol.:      -73.07214        0.00000        0.00000
wrapping first mol.:      -73.15436        0.00000        0.00000
wrapping first mol.:      -73.15436        0.00000        0.00000
wrapping first mol.:      -73.09894        0.00000        0.00000
wrapping first mol.:      -73.09894        0.00000        0.00000

 NSTEP =    50000   TIME(PS) =    1800.000  TEMP(K) =   302.42  PRESS =     0.0
 Etot   =   -104626.9210  EKtot   =     18702.2109  EPtot      =   -123329.1320
 BOND   =       577.3695  ANGLE   =      1493.3500  DIHED      =      1034.7761
 UB     =         0.0000  IMP     =         0.0000  CMAP       =       137.8366
 1-4 NB =       671.0337  1-4 EEL =      6202.6138  VDWAALS    =     14181.8649
 EELEC  =   -147627.9767  EHBOND  =         0.0000  RESTRAINT  =         0.0000
 EKCMT  =         0.0000  VIRIAL  =         0.0000  VOLUME     =    300684.7700
                                                    Density    =         1.0344
 ------------------------------------------------------------------------------

wrapping first mol.:      -73.07614        0.00000        0.00000
wrapping first mol.:      -73.07614        0.00000        0.00000
wrapping first mol.:      -73.15374        0.00000        0.00000
wrapping first mol.:      -73.15374        0.00000        0.00000
wrapping first mol.:      -73.13381        0.00000        0.00000
wrapping first mol.:      -73.13381        0.00000        0.00000
wrapping first mol.:      -73.01496        0.00000        0.00000
wrapping first mol.:      -73.01496        0.00000        0.00000
wrapping first mol.:      -73.17565        0.00000        0.00000
wrapping first mol.:      -73.17565        0.00000        0.00000

 NSTEP =    75000   TIME(PS) =    1850.000  TEMP(K) =   298.97  PRESS =     0.0
 Etot   =   -104925.5480  EKtot   =     18488.7852  EPtot      =   -123414.3332
 BOND   =       586.4761  ANGLE   =      1514.7571  DIHED      =      1026.0916
 UB     =         0.0000  IMP     =         0.0000  CMAP       =       133.7490
 1-4 NB =       668.4854  1-4 EEL =      6199.3327  VDWAALS    =     14475.9168
 EELEC  =   -148019.1419  EHBOND  =         0.0000  RESTRAINT  =         0.0000
 EKCMT  =         0.0000  VIRIAL  =         0.0000  VOLUME     =    301632.2927
                                                    Density    =         1.0312
 ------------------------------------------------------------------------------

wrapping first mol.:      -73.20436        0.00000        0.00000
wrapping first mol.:      -73.20436        0.00000        0.00000
wrapping first mol.:      -73.14243        0.00000        0.00000
wrapping first mol.:      -73.14243        0.00000        0.00000
wrapping first mol.:      -73.16161        0.00000        0.00000
wrapping first mol.:      -73.16161        0.00000        0.00000
wrapping first mol.:      -73.15039        0.00000        0.00000
wrapping first mol.:      -73.15039        0.00000        0.00000
wrapping first mol.:      -73.11795        0.00000        0.00000
wrapping first mol.:      -73.11795        0.00000        0.00000

 NSTEP =   100000   TIME(PS) =    1900.000  TEMP(K) =   300.05  PRESS =     0.0
 Etot   =   -104894.3077  EKtot   =     18555.7656  EPtot      =   -123450.0734
 BOND   =       572.4670  ANGLE   =      1531.7789  DIHED      =      1019.0362
 UB     =         0.0000  IMP     =         0.0000  CMAP       =       122.9947
 1-4 NB =       647.7599  1-4 EEL =      6168.0104  VDWAALS    =     14427.7553
 EELEC  =   -147939.8758  EHBOND  =         0.0000  RESTRAINT  =         0.0000
 EKCMT  =         0.0000  VIRIAL  =         0.0000  VOLUME     =    300919.3205
                                                    Density    =         1.0336
 ------------------------------------------------------------------------------

wrapping first mol.:      -73.15562        0.00000        0.00000
wrapping first mol.:      -73.15562        0.00000        0.00000
wrapping first mol.:      -73.11300        0.00000        0.00000
wrapping first mol.:      -73.11300        0.00000        0.00000
wrapping first mol.:      -73.11763        0.00000        0.00000
wrapping first mol.:      -73.11763        0.00000        0.00000
wrapping first mol.:      -73.06588        0.00000        0.00000
wrapping first mol.:      -73.06588        0.00000        0.00000
wrapping first mol.:      -73.02642        0.00000        0.00000
wrapping first mol.:      -73.02642        0.00000        0.00000

 NSTEP =   125000   TIME(PS) =    1950.000  TEMP(K) =   300.93  PRESS =     0.0
 Etot   =   -104751.9568  EKtot   =     18610.0352  EPtot      =   -123361.9920
 BOND   =       554.1164  ANGLE   =      1544.5653  DIHED      =      1035.8204
 UB     =         0.0000  IMP     =         0.0000  CMAP       =       151.0731
 1-4 NB =       646.0124  1-4 EEL =      6232.5612  VDWAALS    =     14576.2284
 EELEC  =   -148102.3691  EHBOND  =         0.0000  RESTRAINT  =         0.0000
 EKCMT  =         0.0000  VIRIAL  =         0.0000  VOLUME     =    299790.6582
                                                    Density    =         1.0375
 ------------------------------------------------------------------------------

wrapping first mol.:      -73.16246        0.00000        0.00000
wrapping first mol.:      -73.16246        0.00000        0.00000
wrapping first mol.:      -73.11246        0.00000        0.00000
wrapping first mol.:      -73.11246        0.00000        0.00000
wrapping first mol.:      -73.13345        0.00000        0.00000
wrapping first mol.:      -73.13345        0.00000        0.00000
wrapping first mol.:      -73.08605        0.00000        0.00000
wrapping first mol.:      -73.08605        0.00000        0.00000
wrapping first mol.:      -73.15729        0.00000        0.00000
wrapping first mol.:      -73.15729        0.00000        0.00000

 NSTEP =   150000   TIME(PS) =    2000.000  TEMP(K) =   301.05  PRESS =     0.0
 Etot   =   -105023.2701  EKtot   =     18617.3281  EPtot      =   -123640.5982
 BOND   =       578.2753  ANGLE   =      1510.2132  DIHED      =      1027.4136
 UB     =         0.0000  IMP     =         0.0000  CMAP       =       147.4269
 1-4 NB =       639.4316  1-4 EEL =      6155.1581  VDWAALS    =     14485.5652
 EELEC  =   -148184.0820  EHBOND  =         0.0000  RESTRAINT  =         0.0000
 EKCMT  =         0.0000  VIRIAL  =         0.0000  VOLUME     =    301405.4001
                                                    Density    =         1.0320
 ------------------------------------------------------------------------------

wrapping first mol.:      -73.18252        0.00000        0.00000
wrapping first mol.:      -73.18252        0.00000        0.00000
wrapping first mol.:      -73.06036        0.00000        0.00000
wrapping first mol.:      -73.06036        0.00000        0.00000
wrapping first mol.:      -73.13438        0.00000        0.00000
wrapping first mol.:      -73.13438        0.00000        0.00000
wrapping first mol.:      -73.12441        0.00000        0.00000
wrapping first mol.:      -73.12441        0.00000        0.00000
wrapping first mol.:      -73.19442        0.00000        0.00000
wrapping first mol.:      -73.19442        0.00000        0.00000

 NSTEP =   175000   TIME(PS) =    2050.000  TEMP(K) =   297.71  PRESS =     0.0
 Etot   =   -104870.7149  EKtot   =     18410.5352  EPtot      =   -123281.2501
 BOND   =       599.4298  ANGLE   =      1494.2743  DIHED      =      1004.2007
 UB     =         0.0000  IMP     =         0.0000  CMAP       =       134.0265
 1-4 NB =       657.0778  1-4 EEL =      6187.3371  VDWAALS    =     14213.8344
 EELEC  =   -147571.4308  EHBOND  =         0.0000  RESTRAINT  =         0.0000
 EKCMT  =         0.0000  VIRIAL  =         0.0000  VOLUME     =    301864.5285
                                                    Density    =         1.0304
 ------------------------------------------------------------------------------

wrapping first mol.:      -73.14259        0.00000        0.00000
wrapping first mol.:      -73.14259        0.00000        0.00000
wrapping first mol.:      -73.15342        0.00000        0.00000
wrapping first mol.:      -73.15342        0.00000        0.00000
wrapping first mol.:      -73.10728        0.00000        0.00000
wrapping first mol.:      -73.10728        0.00000        0.00000
wrapping first mol.:      -73.01103        0.00000        0.00000
wrapping first mol.:      -73.01103        0.00000        0.00000
wrapping first mol.:      -73.03698        0.00000        0.00000
wrapping first mol.:      -73.03698        0.00000        0.00000

 NSTEP =   200000   TIME(PS) =    2100.000  TEMP(K) =   300.18  PRESS =     0.0
 Etot   =   -105009.8954  EKtot   =     18563.5195  EPtot      =   -123573.4150
 BOND   =       555.6269  ANGLE   =      1464.6030  DIHED      =      1026.7139
 UB     =         0.0000  IMP     =         0.0000  CMAP       =       151.9288
 1-4 NB =       658.0436  1-4 EEL =      6229.3135  VDWAALS    =     14677.7649
 EELEC  =   -148337.4096  EHBOND  =         0.0000  RESTRAINT  =         0.0000
 EKCMT  =         0.0000  VIRIAL  =         0.0000  VOLUME     =    299920.8231
                                                    Density    =         1.0371
 ------------------------------------------------------------------------------

wrapping first mol.:      -73.15264        0.00000        0.00000
wrapping first mol.:      -73.15264        0.00000        0.00000
wrapping first mol.:      -73.19120        0.00000        0.00000
wrapping first mol.:      -73.19120        0.00000        0.00000
wrapping first mol.:      -73.17169        0.00000        0.00000
wrapping first mol.:      -73.17169        0.00000        0.00000
wrapping first mol.:      -73.06695        0.00000        0.00000
wrapping first mol.:      -73.06695        0.00000        0.00000
wrapping first mol.:      -73.03271        0.00000        0.00000
wrapping first mol.:      -73.03271        0.00000        0.00000

 NSTEP =   225000   TIME(PS) =    2150.000  TEMP(K) =   299.26  PRESS =     0.0
 Etot   =   -104902.3293  EKtot   =     18506.5625  EPtot      =   -123408.8918
 BOND   =       559.0392  ANGLE   =      1493.6421  DIHED      =      1025.4846
 UB     =         0.0000  IMP     =         0.0000  CMAP       =       146.1767
 1-4 NB =       667.5078  1-4 EEL =      6171.2591  VDWAALS    =     14693.8442
 EELEC  =   -148165.8456  EHBOND  =         0.0000  RESTRAINT  =         0.0000
 EKCMT  =         0.0000  VIRIAL  =         0.0000  VOLUME     =    299868.2034
                                                    Density    =         1.0373
 ------------------------------------------------------------------------------

wrapping first mol.:      -73.15261        0.00000        0.00000
wrapping first mol.:      -73.15261        0.00000        0.00000
wrapping first mol.:      -73.24382        0.00000        0.00000
wrapping first mol.:      -73.24382        0.00000        0.00000
wrapping first mol.:      -73.08315        0.00000        0.00000
wrapping first mol.:      -73.08315        0.00000        0.00000
wrapping first mol.:      -73.11173        0.00000        0.00000
wrapping first mol.:      -73.11173        0.00000        0.00000
wrapping first mol.:      -73.09915        0.00000        0.00000
wrapping first mol.:      -73.09915        0.00000        0.00000

 NSTEP =   250000   TIME(PS) =    2200.000  TEMP(K) =   300.97  PRESS =     0.0
 Etot   =   -105042.7747  EKtot   =     18612.2715  EPtot      =   -123655.0462
 BOND   =       528.7347  ANGLE   =      1484.9545  DIHED      =       979.3480
 UB     =         0.0000  IMP     =         0.0000  CMAP       =       146.8905
 1-4 NB =       659.1871  1-4 EEL =      6182.6023  VDWAALS    =     14571.1026
 EELEC  =   -148207.8659  EHBOND  =         0.0000  RESTRAINT  =         0.0000
 EKCMT  =         0.0000  VIRIAL  =         0.0000  VOLUME     =    300687.2738
                                                    Density    =         1.0344
 ------------------------------------------------------------------------------

wrapping first mol.:      -73.15466        0.00000        0.00000
wrapping first mol.:      -73.15466        0.00000        0.00000
wrapping first mol.:      -73.15330        0.00000        0.00000
wrapping first mol.:      -73.15330        0.00000        0.00000
wrapping first mol.:      -73.06507        0.00000        0.00000
wrapping first mol.:      -73.06507        0.00000        0.00000
wrapping first mol.:      -73.09249        0.00000        0.00000
wrapping first mol.:      -73.09249        0.00000        0.00000
wrapping first mol.:      -73.19217        0.00000        0.00000
wrapping first mol.:      -73.19217        0.00000        0.00000

 NSTEP =   275000   TIME(PS) =    2250.000  TEMP(K) =   301.09  PRESS =     0.0
 Etot   =   -104784.2562  EKtot   =     18619.6406  EPtot      =   -123403.8968
 BOND   =       570.7001  ANGLE   =      1550.3242  DIHED      =      1012.6861
 UB     =         0.0000  IMP     =         0.0000  CMAP       =       139.3885
 1-4 NB =       644.2051  1-4 EEL =      6183.1814  VDWAALS    =     14618.0331
 EELEC  =   -148122.4153  EHBOND  =         0.0000  RESTRAINT  =         0.0000
 EKCMT  =         0.0000  VIRIAL  =         0.0000  VOLUME     =    301836.6122
                                                    Density    =         1.0305
 ------------------------------------------------------------------------------

wrapping first mol.:      -73.20887        0.00000        0.00000
wrapping first mol.:      -73.20887        0.00000        0.00000
wrapping first mol.:      -73.12329        0.00000        0.00000
wrapping first mol.:      -73.12329        0.00000        0.00000
wrapping first mol.:      -73.20901        0.00000        0.00000
wrapping first mol.:      -73.20901        0.00000        0.00000
wrapping first mol.:      -73.17490        0.00000        0.00000
wrapping first mol.:      -73.17490        0.00000        0.00000
wrapping first mol.:      -73.14287        0.00000        0.00000
wrapping first mol.:      -73.14287        0.00000        0.00000

 NSTEP =   300000   TIME(PS) =    2300.000  TEMP(K) =   296.33  PRESS =     0.0
 Etot   =   -105000.8106  EKtot   =     18325.6426  EPtot      =   -123326.4532
 BOND   =       540.1516  ANGLE   =      1529.4985  DIHED      =      1012.4396
 UB     =         0.0000  IMP     =         0.0000  CMAP       =       136.4238
 1-4 NB =       661.3456  1-4 EEL =      6162.1798  VDWAALS    =     14485.5653
 EELEC  =   -147854.0574  EHBOND  =         0.0000  RESTRAINT  =         0.0000
 EKCMT  =         0.0000  VIRIAL  =         0.0000  VOLUME     =    301227.2038
                                                    Density    =         1.0326
 ------------------------------------------------------------------------------

wrapping first mol.:      -73.04368        0.00000        0.00000
wrapping first mol.:      -73.04368        0.00000        0.00000
wrapping first mol.:      -73.13475        0.00000        0.00000
wrapping first mol.:      -73.13475        0.00000        0.00000
wrapping first mol.:      -73.14612        0.00000        0.00000
wrapping first mol.:      -73.14612        0.00000        0.00000
wrapping first mol.:      -73.05762        0.00000        0.00000
wrapping first mol.:      -73.05762        0.00000        0.00000
wrapping first mol.:      -73.12627        0.00000        0.00000
wrapping first mol.:      -73.12627        0.00000        0.00000

 NSTEP =   325000   TIME(PS) =    2350.000  TEMP(K) =   298.17  PRESS =     0.0
 Etot   =   -105131.3039  EKtot   =     18439.4512  EPtot      =   -123570.7551
 BOND   =       545.5296  ANGLE   =      1457.8294  DIHED      =       999.3210
 UB     =         0.0000  IMP     =         0.0000  CMAP       =       132.2768
 1-4 NB =       666.0663  1-4 EEL =      6191.1874  VDWAALS    =     14186.8594
 EELEC  =   -147749.8250  EHBOND  =         0.0000  RESTRAINT  =         0.0000
 EKCMT  =         0.0000  VIRIAL  =         0.0000  VOLUME     =    301022.1726
                                                    Density    =         1.0333
 ------------------------------------------------------------------------------

wrapping first mol.:      -73.16532        0.00000        0.00000
wrapping first mol.:      -73.16532        0.00000        0.00000
wrapping first mol.:      -73.06071        0.00000        0.00000
wrapping first mol.:      -73.06071        0.00000        0.00000
wrapping first mol.:      -73.08014        0.00000        0.00000
wrapping first mol.:      -73.08014        0.00000        0.00000
wrapping first mol.:      -73.04408        0.00000        0.00000
wrapping first mol.:      -73.04408        0.00000        0.00000
wrapping first mol.:      -73.03580        0.00000        0.00000
wrapping first mol.:      -73.03580        0.00000        0.00000

 NSTEP =   350000   TIME(PS) =    2400.000  TEMP(K) =   299.87  PRESS =     0.0
 Etot   =   -105017.6749  EKtot   =     18544.1367  EPtot      =   -123561.8116
 BOND   =       530.5865  ANGLE   =      1479.5678  DIHED      =      1021.1109
 UB     =         0.0000  IMP     =         0.0000  CMAP       =       129.5356
 1-4 NB =       655.9786  1-4 EEL =      6203.3519  VDWAALS    =     14506.4553
 EELEC  =   -148088.3982  EHBOND  =         0.0000  RESTRAINT  =         0.0000
 EKCMT  =         0.0000  VIRIAL  =         0.0000  VOLUME     =    299906.2963
                                                    Density    =         1.0371
 ------------------------------------------------------------------------------

wrapping first mol.:      -73.13163        0.00000        0.00000
wrapping first mol.:      -73.13163        0.00000        0.00000
wrapping first mol.:      -73.02408        0.00000        0.00000
wrapping first mol.:      -73.02408        0.00000        0.00000
wrapping first mol.:      -73.11349        0.00000        0.00000
wrapping first mol.:      -73.11349        0.00000        0.00000
wrapping first mol.:      -73.05772        0.00000        0.00000
wrapping first mol.:      -73.05772        0.00000        0.00000
wrapping first mol.:      -73.14449        0.00000        0.00000
wrapping first mol.:      -73.14449        0.00000        0.00000

 NSTEP =   375000   TIME(PS) =    2450.000  TEMP(K) =   299.38  PRESS =     0.0
 Etot   =   -104718.4681  EKtot   =     18514.1445  EPtot      =   -123232.6127
 BOND   =       526.0025  ANGLE   =      1544.4366  DIHED      =      1009.9308
 UB     =         0.0000  IMP     =         0.0000  CMAP       =       140.2975
 1-4 NB =       666.6220  1-4 EEL =      6202.2522  VDWAALS    =     14305.3614
 EELEC  =   -147627.5157  EHBOND  =         0.0000  RESTRAINT  =         0.0000
 EKCMT  =         0.0000  VIRIAL  =         0.0000  VOLUME     =    301247.2135
                                                    Density    =         1.0325
 ------------------------------------------------------------------------------

wrapping first mol.:      -73.13920        0.00000        0.00000
wrapping first mol.:      -73.13920        0.00000        0.00000
wrapping first mol.:      -73.09896        0.00000        0.00000
wrapping first mol.:      -73.09896        0.00000        0.00000
wrapping first mol.:      -73.06052        0.00000        0.00000
wrapping first mol.:      -73.06052        0.00000        0.00000
wrapping first mol.:      -73.20379        0.00000        0.00000
wrapping first mol.:      -73.20379        0.00000        0.00000
wrapping first mol.:      -73.10896        0.00000        0.00000
wrapping first mol.:      -73.10896        0.00000        0.00000

 NSTEP =   400000   TIME(PS) =    2500.000  TEMP(K) =   301.50  PRESS =     0.0
 Etot   =   -104885.0576  EKtot   =     18644.9238  EPtot      =   -123529.9815
 BOND   =       556.2284  ANGLE   =      1504.1247  DIHED      =      1006.9642
 UB     =         0.0000  IMP     =         0.0000  CMAP       =       133.3192
 1-4 NB =       654.1974  1-4 EEL =      6177.6065  VDWAALS    =     14675.0453
 EELEC  =   -148237.4671  EHBOND  =         0.0000  RESTRAINT  =         0.0000
 EKCMT  =         0.0000  VIRIAL  =         0.0000  VOLUME     =    300808.3911
                                                    Density    =         1.0340
 ------------------------------------------------------------------------------

wrapping first mol.:      -73.16405        0.00000        0.00000
wrapping first mol.:      -73.16405        0.00000        0.00000
wrapping first mol.:      -73.16316        0.00000        0.00000
wrapping first mol.:      -73.16316        0.00000        0.00000
wrapping first mol.:      -73.12488        0.00000        0.00000
wrapping first mol.:      -73.12488        0.00000        0.00000
wrapping first mol.:      -73.12664        0.00000        0.00000
wrapping first mol.:      -73.12664        0.00000        0.00000
wrapping first mol.:      -73.02224        0.00000        0.00000
wrapping first mol.:      -73.02224        0.00000        0.00000

 NSTEP =   425000   TIME(PS) =    2550.000  TEMP(K) =   297.98  PRESS =     0.0
 Etot   =   -105043.5471  EKtot   =     18427.2148  EPtot      =   -123470.7620
 BOND   =       565.3987  ANGLE   =      1483.4342  DIHED      =      1028.3597
 UB     =         0.0000  IMP     =         0.0000  CMAP       =       132.5240
 1-4 NB =       674.4067  1-4 EEL =      6250.0758  VDWAALS    =     14351.3105
 EELEC  =   -147956.2715  EHBOND  =         0.0000  RESTRAINT  =         0.0000
 EKCMT  =         0.0000  VIRIAL  =         0.0000  VOLUME     =    299739.1789
                                                    Density    =         1.0377
 ------------------------------------------------------------------------------

wrapping first mol.:      -73.08450        0.00000        0.00000
wrapping first mol.:      -73.08450        0.00000        0.00000
wrapping first mol.:      -73.14093        0.00000        0.00000
wrapping first mol.:      -73.14093        0.00000        0.00000
wrapping first mol.:      -73.04661        0.00000        0.00000
wrapping first mol.:      -73.04661        0.00000        0.00000
wrapping first mol.:      -73.16184        0.00000        0.00000
wrapping first mol.:      -73.16184        0.00000        0.00000
wrapping first mol.:      -73.12644        0.00000        0.00000
wrapping first mol.:      -73.12644        0.00000        0.00000

 NSTEP =   450000   TIME(PS) =    2600.000  TEMP(K) =   301.43  PRESS =     0.0
 Etot   =   -104822.5707  EKtot   =     18640.7891  EPtot      =   -123463.3597
 BOND   =       570.8574  ANGLE   =      1500.4987  DIHED      =      1032.3867
 UB     =         0.0000  IMP     =         0.0000  CMAP       =       147.5891
 1-4 NB =       674.3782  1-4 EEL =      6172.5686  VDWAALS    =     14510.2014
 EELEC  =   -148071.8397  EHBOND  =         0.0000  RESTRAINT  =         0.0000
 EKCMT  =         0.0000  VIRIAL  =         0.0000  VOLUME     =    301024.2467
                                                    Density    =         1.0333
 ------------------------------------------------------------------------------

wrapping first mol.:      -73.15539        0.00000        0.00000
wrapping first mol.:      -73.15539        0.00000        0.00000
wrapping first mol.:      -73.16130        0.00000        0.00000
wrapping first mol.:      -73.16130        0.00000        0.00000
wrapping first mol.:      -73.08992        0.00000        0.00000
wrapping first mol.:      -73.08992        0.00000        0.00000
wrapping first mol.:      -73.08134        0.00000        0.00000
wrapping first mol.:      -73.08134        0.00000        0.00000
wrapping first mol.:      -73.19004        0.00000        0.00000
wrapping first mol.:      -73.19004        0.00000        0.00000

 NSTEP =   475000   TIME(PS) =    2650.000  TEMP(K) =   296.88  PRESS =     0.0
 Etot   =   -105058.7570  EKtot   =     18359.2051  EPtot      =   -123417.9621
 BOND   =       564.5699  ANGLE   =      1491.6650  DIHED      =       994.7447
 UB     =         0.0000  IMP     =         0.0000  CMAP       =       132.9402
 1-4 NB =       653.5406  1-4 EEL =      6184.4317  VDWAALS    =     14663.1253
 EELEC  =   -148102.9794  EHBOND  =         0.0000  RESTRAINT  =         0.0000
 EKCMT  =         0.0000  VIRIAL  =         0.0000  VOLUME     =    301810.3478
                                                    Density    =         1.0306
 ------------------------------------------------------------------------------

wrapping first mol.:      -73.12982        0.00000        0.00000
wrapping first mol.:      -73.12982        0.00000        0.00000
wrapping first mol.:      -73.10765        0.00000        0.00000
wrapping first mol.:      -73.10765        0.00000        0.00000
wrapping first mol.:      -73.13312        0.00000        0.00000
wrapping first mol.:      -73.13312        0.00000        0.00000
wrapping first mol.:      -73.17239        0.00000        0.00000
wrapping first mol.:      -73.17239        0.00000        0.00000
wrapping first mol.:      -73.09011        0.00000        0.00000
wrapping first mol.:      -73.09011        0.00000        0.00000

 NSTEP =   500000   TIME(PS) =    2700.000  TEMP(K) =   300.74  PRESS =     0.0
 Etot   =   -104761.6511  EKtot   =     18598.2090  EPtot      =   -123359.8601
 BOND   =       563.7099  ANGLE   =      1533.4553  DIHED      =      1027.0465
 UB     =         0.0000  IMP     =         0.0000  CMAP       =       136.5620
 1-4 NB =       658.3613  1-4 EEL =      6176.3744  VDWAALS    =     14545.3355
 EELEC  =   -148000.7051  EHBOND  =         0.0000  RESTRAINT  =         0.0000
 EKCMT  =         0.0000  VIRIAL  =         0.0000  VOLUME     =    300575.8015
                                                    Density    =         1.0348
 ------------------------------------------------------------------------------

wrapping first mol.:      -73.07661        0.00000        0.00000
wrapping first mol.:      -73.07661        0.00000        0.00000
wrapping first mol.:      -73.22176        0.00000        0.00000
wrapping first mol.:      -73.22176        0.00000        0.00000
wrapping first mol.:      -73.14836        0.00000        0.00000
wrapping first mol.:      -73.14836        0.00000        0.00000
wrapping first mol.:      -73.09672        0.00000        0.00000
wrapping first mol.:      -73.09672        0.00000        0.00000
wrapping first mol.:      -73.10456        0.00000        0.00000
wrapping first mol.:      -73.10456        0.00000        0.00000

 NSTEP =   525000   TIME(PS) =    2750.000  TEMP(K) =   300.71  PRESS =     0.0
 Etot   =   -104739.1028  EKtot   =     18596.1016  EPtot      =   -123335.2043
 BOND   =       539.3391  ANGLE   =      1528.1765  DIHED      =      1029.7090
 UB     =         0.0000  IMP     =         0.0000  CMAP       =       122.0656
 1-4 NB =       668.3863  1-4 EEL =      6206.9133  VDWAALS    =     14424.0894
 EELEC  =   -147853.8836  EHBOND  =         0.0000  RESTRAINT  =         0.0000
 EKCMT  =         0.0000  VIRIAL  =         0.0000  VOLUME     =    300754.1433
                                                    Density    =         1.0342
 ------------------------------------------------------------------------------

wrapping first mol.:      -73.15561        0.00000        0.00000
wrapping first mol.:      -73.15561        0.00000        0.00000
wrapping first mol.:      -73.12503        0.00000        0.00000
wrapping first mol.:      -73.12503        0.00000        0.00000
wrapping first mol.:      -73.18251        0.00000        0.00000
wrapping first mol.:      -73.18251        0.00000        0.00000
wrapping first mol.:      -73.20156        0.00000        0.00000
wrapping first mol.:      -73.20156        0.00000        0.00000
wrapping first mol.:      -73.19704        0.00000        0.00000
wrapping first mol.:      -73.19704        0.00000        0.00000

 NSTEP =   550000   TIME(PS) =    2800.000  TEMP(K) =   297.44  PRESS =     0.0
 Etot   =   -104751.8132  EKtot   =     18393.8828  EPtot      =   -123145.6960
 BOND   =       562.3430  ANGLE   =      1505.7058  DIHED      =      1003.8390
 UB     =         0.0000  IMP     =         0.0000  CMAP       =       130.7810
 1-4 NB =       655.5608  1-4 EEL =      6199.0414  VDWAALS    =     14236.0517
 EELEC  =   -147439.0188  EHBOND  =         0.0000  RESTRAINT  =         0.0000
 EKCMT  =         0.0000  VIRIAL  =         0.0000  VOLUME     =    301896.8867
                                                    Density    =         1.0303
 ------------------------------------------------------------------------------

wrapping first mol.:      -73.11768        0.00000        0.00000
wrapping first mol.:      -73.11768        0.00000        0.00000
wrapping first mol.:      -73.09718        0.00000        0.00000
wrapping first mol.:      -73.09718        0.00000        0.00000
wrapping first mol.:      -73.19565        0.00000        0.00000
wrapping first mol.:      -73.19565        0.00000        0.00000
wrapping first mol.:      -73.15559        0.00000        0.00000
wrapping first mol.:      -73.15559        0.00000        0.00000
wrapping first mol.:      -73.02844        0.00000        0.00000
wrapping first mol.:      -73.02844        0.00000        0.00000

 NSTEP =   575000   TIME(PS) =    2850.000  TEMP(K) =   300.08  PRESS =     0.0
 Etot   =   -104756.3505  EKtot   =     18557.0762  EPtot      =   -123313.4267
 BOND   =       569.9133  ANGLE   =      1520.5827  DIHED      =      1003.3711
 UB     =         0.0000  IMP     =         0.0000  CMAP       =       129.4188
 1-4 NB =       664.5202  1-4 EEL =      6143.3459  VDWAALS    =     14571.3097
 EELEC  =   -147915.8883  EHBOND  =         0.0000  RESTRAINT  =         0.0000
 EKCMT  =         0.0000  VIRIAL  =         0.0000  VOLUME     =    299815.5453
                                                    Density    =         1.0374
 ------------------------------------------------------------------------------

wrapping first mol.:      -73.12664        0.00000        0.00000
wrapping first mol.:      -73.12664        0.00000        0.00000
wrapping first mol.:      -73.14903        0.00000        0.00000
wrapping first mol.:      -73.14903        0.00000        0.00000
wrapping first mol.:      -73.07599        0.00000        0.00000
wrapping first mol.:      -73.07599        0.00000        0.00000
wrapping first mol.:      -73.10809        0.00000        0.00000
wrapping first mol.:      -73.10809        0.00000        0.00000
wrapping first mol.:      -73.07902        0.00000        0.00000
wrapping first mol.:      -73.07902        0.00000        0.00000

 NSTEP =   600000   TIME(PS) =    2900.000  TEMP(K) =   299.92  PRESS =     0.0
 Etot   =   -105054.9802  EKtot   =     18547.4355  EPtot      =   -123602.4158
 BOND   =       533.7125  ANGLE   =      1496.6754  DIHED      =      1013.3377
 UB     =         0.0000  IMP     =         0.0000  CMAP       =       142.8275
 1-4 NB =       662.3549  1-4 EEL =      6231.8602  VDWAALS    =     14449.0864
 EELEC  =   -148132.2704  EHBOND  =         0.0000  RESTRAINT  =         0.0000
 EKCMT  =         0.0000  VIRIAL  =         0.0000  VOLUME     =    300439.0371
                                                    Density    =         1.0353
 ------------------------------------------------------------------------------

wrapping first mol.:      -73.08330        0.00000        0.00000
wrapping first mol.:      -73.08330        0.00000        0.00000
wrapping first mol.:      -73.08868        0.00000        0.00000
wrapping first mol.:      -73.08868        0.00000        0.00000
wrapping first mol.:      -73.00526        0.00000        0.00000
wrapping first mol.:      -73.00526        0.00000        0.00000
wrapping first mol.:      -73.16169        0.00000        0.00000
wrapping first mol.:      -73.16169        0.00000        0.00000
wrapping first mol.:      -73.14978        0.00000        0.00000
wrapping first mol.:      -73.14978        0.00000        0.00000

 NSTEP =   625000   TIME(PS) =    2950.000  TEMP(K) =   300.58  PRESS =     0.0
 Etot   =   -104625.8203  EKtot   =     18588.4805  EPtot      =   -123214.3008
 BOND   =       572.7393  ANGLE   =      1517.8254  DIHED      =      1027.5006
 UB     =         0.0000  IMP     =         0.0000  CMAP       =       138.7197
 1-4 NB =       669.4073  1-4 EEL =      6227.3753  VDWAALS    =     14232.0318
 EELEC  =   -147599.9002  EHBOND  =         0.0000  RESTRAINT  =         0.0000
 EKCMT  =         0.0000  VIRIAL  =         0.0000  VOLUME     =    301312.4947
                                                    Density    =         1.0323
 ------------------------------------------------------------------------------

wrapping first mol.:      -73.00843        0.00000        0.00000
wrapping first mol.:      -73.00843        0.00000        0.00000
wrapping first mol.:      -73.14621        0.00000        0.00000
wrapping first mol.:      -73.14621        0.00000        0.00000
wrapping first mol.:      -73.22936        0.00000        0.00000
wrapping first mol.:      -73.22936        0.00000        0.00000
wrapping first mol.:      -73.10413        0.00000        0.00000
wrapping first mol.:      -73.10413        0.00000        0.00000
wrapping first mol.:      -73.15064        0.00000        0.00000
wrapping first mol.:      -73.15064        0.00000        0.00000

 NSTEP =   650000   TIME(PS) =    3000.000  TEMP(K) =   302.19  PRESS =     0.0
 Etot   =   -104737.5011  EKtot   =     18687.7344  EPtot      =   -123425.2355
 BOND   =       556.9016  ANGLE   =      1482.2661  DIHED      =      1021.6489
 UB     =         0.0000  IMP     =         0.0000  CMAP       =       143.2023
 1-4 NB =       656.4662  1-4 EEL =      6258.0616  VDWAALS    =     14647.9905
 EELEC  =   -148191.7727  EHBOND  =         0.0000  RESTRAINT  =         0.0000
 EKCMT  =         0.0000  VIRIAL  =         0.0000  VOLUME     =    301323.1453
                                                    Density    =         1.0322
 ------------------------------------------------------------------------------

wrapping first mol.:      -73.13300        0.00000        0.00000
wrapping first mol.:      -73.13300        0.00000        0.00000
wrapping first mol.:      -73.14139        0.00000        0.00000
wrapping first mol.:      -73.14139        0.00000        0.00000
wrapping first mol.:      -73.08234        0.00000        0.00000
wrapping first mol.:      -73.08234        0.00000        0.00000
wrapping first mol.:      -73.15818        0.00000        0.00000
wrapping first mol.:      -73.15818        0.00000        0.00000
wrapping first mol.:      -73.17840        0.00000        0.00000
wrapping first mol.:      -73.17840        0.00000        0.00000

 NSTEP =   675000   TIME(PS) =    3050.000  TEMP(K) =   298.17  PRESS =     0.0
 Etot   =   -104823.2857  EKtot   =     18438.9688  EPtot      =   -123262.2544
 BOND   =       525.2435  ANGLE   =      1508.1001  DIHED      =       995.9526
 UB     =         0.0000  IMP     =         0.0000  CMAP       =       139.4440
 1-4 NB =       670.4327  1-4 EEL =      6255.2024  VDWAALS    =     14431.8794
 EELEC  =   -147788.5093  EHBOND  =         0.0000  RESTRAINT  =         0.0000
 EKCMT  =         0.0000  VIRIAL  =         0.0000  VOLUME     =    301666.3905
                                                    Density    =         1.0311
 ------------------------------------------------------------------------------

wrapping first mol.:      -72.96640        0.00000        0.00000
wrapping first mol.:      -72.96640        0.00000        0.00000
wrapping first mol.:      -72.99786        0.00000        0.00000
wrapping first mol.:      -72.99786        0.00000        0.00000
wrapping first mol.:      -73.13829        0.00000        0.00000
wrapping first mol.:      -73.13829        0.00000        0.00000
wrapping first mol.:      -73.11117        0.00000        0.00000
wrapping first mol.:      -73.11117        0.00000        0.00000
wrapping first mol.:      -73.11648        0.00000        0.00000
wrapping first mol.:      -73.11648        0.00000        0.00000

 NSTEP =   700000   TIME(PS) =    3100.000  TEMP(K) =   297.44  PRESS =     0.0
 Etot   =   -105088.1551  EKtot   =     18394.2012  EPtot      =   -123482.3563
 BOND   =       572.4076  ANGLE   =      1523.0836  DIHED      =      1013.5493
 UB     =         0.0000  IMP     =         0.0000  CMAP       =       143.9247
 1-4 NB =       665.3287  1-4 EEL =      6212.6336  VDWAALS    =     14811.9444
 EELEC  =   -148425.2281  EHBOND  =         0.0000  RESTRAINT  =         0.0000
 EKCMT  =         0.0000  VIRIAL  =         0.0000  VOLUME     =    300901.1687
                                                    Density    =         1.0337
 ------------------------------------------------------------------------------

wrapping first mol.:      -73.11345        0.00000        0.00000
wrapping first mol.:      -73.11345        0.00000        0.00000
wrapping first mol.:      -73.18383        0.00000        0.00000
wrapping first mol.:      -73.18383        0.00000        0.00000
wrapping first mol.:      -73.01967        0.00000        0.00000
wrapping first mol.:      -73.01967        0.00000        0.00000
wrapping first mol.:      -73.00879        0.00000        0.00000
wrapping first mol.:      -73.00879        0.00000        0.00000
wrapping first mol.:      -73.08666        0.00000        0.00000
wrapping first mol.:      -73.08666        0.00000        0.00000

 NSTEP =   725000   TIME(PS) =    3150.000  TEMP(K) =   300.06  PRESS =     0.0
 Etot   =   -104912.7943  EKtot   =     18555.8340  EPtot      =   -123468.6283
 BOND   =       567.4809  ANGLE   =      1508.7803  DIHED      =       997.0930
 UB     =         0.0000  IMP     =         0.0000  CMAP       =       132.1267
 1-4 NB =       657.2399  1-4 EEL =      6177.9668  VDWAALS    =     14415.4360
 EELEC  =   -147924.7518  EHBOND  =         0.0000  RESTRAINT  =         0.0000
 EKCMT  =         0.0000  VIRIAL  =         0.0000  VOLUME     =    300533.2446
                                                    Density    =         1.0350
 ------------------------------------------------------------------------------

wrapping first mol.:      -73.10337        0.00000        0.00000
wrapping first mol.:      -73.10337        0.00000        0.00000
wrapping first mol.:      -73.18721        0.00000        0.00000
wrapping first mol.:      -73.18721        0.00000        0.00000
wrapping first mol.:      -73.19124        0.00000        0.00000
wrapping first mol.:      -73.19124        0.00000        0.00000
wrapping first mol.:      -72.98554        0.00000        0.00000
wrapping first mol.:      -72.98554        0.00000        0.00000
wrapping first mol.:      -73.06552        0.00000        0.00000
wrapping first mol.:      -73.06552        0.00000        0.00000

 NSTEP =   750000   TIME(PS) =    3200.000  TEMP(K) =   299.90  PRESS =     0.0
 Etot   =   -104933.4716  EKtot   =     18546.2441  EPtot      =   -123479.7158
 BOND   =       540.2309  ANGLE   =      1539.9294  DIHED      =      1011.9530
 UB     =         0.0000  IMP     =         0.0000  CMAP       =       123.3801
 1-4 NB =       658.5003  1-4 EEL =      6216.4957  VDWAALS    =     14363.1954
 EELEC  =   -147933.4006  EHBOND  =         0.0000  RESTRAINT  =         0.0000
 EKCMT  =         0.0000  VIRIAL  =         0.0000  VOLUME     =    300272.5300
                                                    Density    =         1.0359
 ------------------------------------------------------------------------------

wrapping first mol.:      -73.10424        0.00000        0.00000
wrapping first mol.:      -73.10424        0.00000        0.00000
wrapping first mol.:      -73.18104        0.00000        0.00000
wrapping first mol.:      -73.18104        0.00000        0.00000
wrapping first mol.:      -73.09829        0.00000        0.00000
wrapping first mol.:      -73.09829        0.00000        0.00000
wrapping first mol.:      -73.23732        0.00000        0.00000
wrapping first mol.:      -73.23732        0.00000        0.00000
wrapping first mol.:      -73.18044        0.00000        0.00000
wrapping first mol.:      -73.18044        0.00000        0.00000

 NSTEP =   775000   TIME(PS) =    3250.000  TEMP(K) =   297.92  PRESS =     0.0
 Etot   =   -104910.7014  EKtot   =     18423.6309  EPtot      =   -123334.3322
 BOND   =       554.0885  ANGLE   =      1551.3428  DIHED      =      1033.4741
 UB     =         0.0000  IMP     =         0.0000  CMAP       =       133.3797
 1-4 NB =       646.4923  1-4 EEL =      6183.0747  VDWAALS    =     14495.6557
 EELEC  =   -147931.8401  EHBOND  =         0.0000  RESTRAINT  =         0.0000
 EKCMT  =         0.0000  VIRIAL  =         0.0000  VOLUME     =    301691.6114
                                                    Density    =         1.0310
 ------------------------------------------------------------------------------

wrapping first mol.:      -73.21663        0.00000        0.00000
wrapping first mol.:      -73.21663        0.00000        0.00000
wrapping first mol.:      -73.11188        0.00000        0.00000
wrapping first mol.:      -73.11188        0.00000        0.00000
wrapping first mol.:      -73.11007        0.00000        0.00000
wrapping first mol.:      -73.11007        0.00000        0.00000
wrapping first mol.:      -73.17531        0.00000        0.00000
wrapping first mol.:      -73.17531        0.00000        0.00000
wrapping first mol.:      -73.10923        0.00000        0.00000
wrapping first mol.:      -73.10923        0.00000        0.00000

 NSTEP =   800000   TIME(PS) =    3300.000  TEMP(K) =   301.96  PRESS =     0.0
 Etot   =   -104835.9431  EKtot   =     18673.6641  EPtot      =   -123509.6072
 BOND   =       576.1915  ANGLE   =      1602.2040  DIHED      =      1007.3176
 UB     =         0.0000  IMP     =         0.0000  CMAP       =       139.3445
 1-4 NB =       646.0209  1-4 EEL =      6142.2460  VDWAALS    =     14429.4522
 EELEC  =   -148052.3841  EHBOND  =         0.0000  RESTRAINT  =         0.0000
 EKCMT  =         0.0000  VIRIAL  =         0.0000  VOLUME     =    300811.7085
                                                    Density    =         1.0340
 ------------------------------------------------------------------------------

wrapping first mol.:      -73.22560        0.00000        0.00000
wrapping first mol.:      -73.22560        0.00000        0.00000
wrapping first mol.:      -73.16462        0.00000        0.00000
wrapping first mol.:      -73.16462        0.00000        0.00000
wrapping first mol.:      -73.21443        0.00000        0.00000
wrapping first mol.:      -73.21443        0.00000        0.00000
wrapping first mol.:      -73.09268        0.00000        0.00000
wrapping first mol.:      -73.09268        0.00000        0.00000
wrapping first mol.:      -73.11910        0.00000        0.00000
wrapping first mol.:      -73.11910        0.00000        0.00000

 NSTEP =   825000   TIME(PS) =    3350.000  TEMP(K) =   299.95  PRESS =     0.0
 Etot   =   -104811.8737  EKtot   =     18549.0625  EPtot      =   -123360.9362
 BOND   =       558.3472  ANGLE   =      1512.4019  DIHED      =       983.8651
 UB     =         0.0000  IMP     =         0.0000  CMAP       =       135.5846
 1-4 NB =       658.9860  1-4 EEL =      6197.5018  VDWAALS    =     13993.0396
 EELEC  =   -147400.6625  EHBOND  =         0.0000  RESTRAINT  =         0.0000
 EKCMT  =         0.0000  VIRIAL  =         0.0000  VOLUME     =    300933.5677
                                                    Density    =         1.0336
 ------------------------------------------------------------------------------

wrapping first mol.:      -73.08924        0.00000        0.00000
wrapping first mol.:      -73.08924        0.00000        0.00000
wrapping first mol.:      -73.07057        0.00000        0.00000
wrapping first mol.:      -73.07057        0.00000        0.00000
wrapping first mol.:      -73.09134        0.00000        0.00000
wrapping first mol.:      -73.09134        0.00000        0.00000
wrapping first mol.:      -73.06513        0.00000        0.00000
wrapping first mol.:      -73.06513        0.00000        0.00000
wrapping first mol.:      -73.13743        0.00000        0.00000
wrapping first mol.:      -73.13743        0.00000        0.00000

 NSTEP =   850000   TIME(PS) =    3400.000  TEMP(K) =   300.38  PRESS =     0.0
 Etot   =   -105090.1716  EKtot   =     18575.9551  EPtot      =   -123666.1267
 BOND   =       583.5910  ANGLE   =      1534.7471  DIHED      =      1011.2559
 UB     =         0.0000  IMP     =         0.0000  CMAP       =       128.7528
 1-4 NB =       645.6731  1-4 EEL =      6149.4494  VDWAALS    =     14875.4393
 EELEC  =   -148595.0352  EHBOND  =         0.0000  RESTRAINT  =         0.0000
 EKCMT  =         0.0000  VIRIAL  =         0.0000  VOLUME     =    301159.9156
                                                    Density    =         1.0328
 ------------------------------------------------------------------------------

wrapping first mol.:      -73.16748        0.00000        0.00000
wrapping first mol.:      -73.16748        0.00000        0.00000
wrapping first mol.:      -73.08919        0.00000        0.00000
wrapping first mol.:      -73.08919        0.00000        0.00000
wrapping first mol.:      -73.15606        0.00000        0.00000
wrapping first mol.:      -73.15606        0.00000        0.00000
wrapping first mol.:      -73.11245        0.00000        0.00000
wrapping first mol.:      -73.11245        0.00000        0.00000
wrapping first mol.:      -73.12377        0.00000        0.00000
wrapping first mol.:      -73.12377        0.00000        0.00000

 NSTEP =   875000   TIME(PS) =    3450.000  TEMP(K) =   301.73  PRESS =     0.0
 Etot   =   -104565.7021  EKtot   =     18659.3750  EPtot      =   -123225.0771
 BOND   =       573.8318  ANGLE   =      1537.3041  DIHED      =      1028.2527
 UB     =         0.0000  IMP     =         0.0000  CMAP       =       131.8455
 1-4 NB =       656.0375  1-4 EEL =      6165.2587  VDWAALS    =     14187.8941
 EELEC  =   -147505.5015  EHBOND  =         0.0000  RESTRAINT  =         0.0000
 EKCMT  =         0.0000  VIRIAL  =         0.0000  VOLUME     =    300991.1943
                                                    Density    =         1.0334
 ------------------------------------------------------------------------------

wrapping first mol.:      -73.10718        0.00000        0.00000
wrapping first mol.:      -73.10718        0.00000        0.00000
wrapping first mol.:      -73.18505        0.00000        0.00000
wrapping first mol.:      -73.18505        0.00000        0.00000
wrapping first mol.:      -73.13963        0.00000        0.00000
wrapping first mol.:      -73.13963        0.00000        0.00000
wrapping first mol.:      -73.06953        0.00000        0.00000
wrapping first mol.:      -73.06953        0.00000        0.00000
wrapping first mol.:      -73.18906        0.00000        0.00000
wrapping first mol.:      -73.18906        0.00000        0.00000

 NSTEP =   900000   TIME(PS) =    3500.000  TEMP(K) =   300.06  PRESS =     0.0
 Etot   =   -104472.0912  EKtot   =     18555.9004  EPtot      =   -123027.9916
 BOND   =       540.9732  ANGLE   =      1546.6770  DIHED      =      1017.1739
 UB     =         0.0000  IMP     =         0.0000  CMAP       =       136.9587
 1-4 NB =       676.3577  1-4 EEL =      6158.8552  VDWAALS    =     14564.6320
 EELEC  =   -147669.6194  EHBOND  =         0.0000  RESTRAINT  =         0.0000
 EKCMT  =         0.0000  VIRIAL  =         0.0000  VOLUME     =    301798.2330
                                                    Density    =         1.0306
 ------------------------------------------------------------------------------

wrapping first mol.:      -73.05087        0.00000        0.00000
wrapping first mol.:      -73.05087        0.00000        0.00000
wrapping first mol.:      -73.04522        0.00000        0.00000
wrapping first mol.:      -73.04522        0.00000        0.00000
wrapping first mol.:      -73.07873        0.00000        0.00000
wrapping first mol.:      -73.07873        0.00000        0.00000
wrapping first mol.:      -73.07903        0.00000        0.00000
wrapping first mol.:      -73.07903        0.00000        0.00000
wrapping first mol.:      -73.19816        0.00000        0.00000
wrapping first mol.:      -73.19816        0.00000        0.00000

 NSTEP =   925000   TIME(PS) =    3550.000  TEMP(K) =   301.98  PRESS =     0.0
 Etot   =   -104582.3741  EKtot   =     18674.7031  EPtot      =   -123257.0772
 BOND   =       578.0708  ANGLE   =      1515.8232  DIHED      =      1005.7083
 UB     =         0.0000  IMP     =         0.0000  CMAP       =       138.1260
 1-4 NB =       654.2634  1-4 EEL =      6154.3545  VDWAALS    =     14366.1455
 EELEC  =   -147669.5690  EHBOND  =         0.0000  RESTRAINT  =         0.0000
 EKCMT  =         0.0000  VIRIAL  =         0.0000  VOLUME     =    301910.8138
                                                    Density    =         1.0302
 ------------------------------------------------------------------------------

wrapping first mol.:      -73.05626        0.00000        0.00000
wrapping first mol.:      -73.05626        0.00000        0.00000
wrapping first mol.:      -73.11862        0.00000        0.00000
wrapping first mol.:      -73.11862        0.00000        0.00000
wrapping first mol.:      -73.24061        0.00000        0.00000
wrapping first mol.:      -73.24061        0.00000        0.00000
wrapping first mol.:      -73.07967        0.00000        0.00000
wrapping first mol.:      -73.07967        0.00000        0.00000
wrapping first mol.:      -73.05996        0.00000        0.00000
wrapping first mol.:      -73.05996        0.00000        0.00000

 NSTEP =   950000   TIME(PS) =    3600.000  TEMP(K) =   299.81  PRESS =     0.0
 Etot   =   -104976.0289  EKtot   =     18540.8828  EPtot      =   -123516.9117
 BOND   =       523.9514  ANGLE   =      1502.6448  DIHED      =      1019.7575
 UB     =         0.0000  IMP     =         0.0000  CMAP       =       142.7427
 1-4 NB =       648.9891  1-4 EEL =      6169.6905  VDWAALS    =     14119.4958
 EELEC  =   -147644.1835  EHBOND  =         0.0000  RESTRAINT  =         0.0000
 EKCMT  =         0.0000  VIRIAL  =         0.0000  VOLUME     =    300203.9108
                                                    Density    =         1.0361
 ------------------------------------------------------------------------------

wrapping first mol.:      -73.04597        0.00000        0.00000
wrapping first mol.:      -73.04597        0.00000        0.00000
wrapping first mol.:      -73.11781        0.00000        0.00000
wrapping first mol.:      -73.11781        0.00000        0.00000
wrapping first mol.:      -73.09655        0.00000        0.00000
wrapping first mol.:      -73.09655        0.00000        0.00000
wrapping first mol.:      -73.07093        0.00000        0.00000
wrapping first mol.:      -73.07093        0.00000        0.00000
wrapping first mol.:      -73.08472        0.00000        0.00000
wrapping first mol.:      -73.08472        0.00000        0.00000

 NSTEP =   975000   TIME(PS) =    3650.000  TEMP(K) =   299.95  PRESS =     0.0
 Etot   =   -104796.6824  EKtot   =     18549.5273  EPtot      =   -123346.2097
 BOND   =       567.8082  ANGLE   =      1513.2810  DIHED      =      1011.9809
 UB     =         0.0000  IMP     =         0.0000  CMAP       =       133.6176
 1-4 NB =       663.4754  1-4 EEL =      6166.9855  VDWAALS    =     14118.6963
 EELEC  =   -147522.0545  EHBOND  =         0.0000  RESTRAINT  =         0.0000
 EKCMT  =         0.0000  VIRIAL  =         0.0000  VOLUME     =    300509.2277
                                                    Density    =         1.0350
 ------------------------------------------------------------------------------

wrapping first mol.:      -73.19068        0.00000        0.00000
wrapping first mol.:      -73.19068        0.00000        0.00000
wrapping first mol.:      -73.14346        0.00000        0.00000
wrapping first mol.:      -73.14346        0.00000        0.00000
wrapping first mol.:      -73.15530        0.00000        0.00000
wrapping first mol.:      -73.15530        0.00000        0.00000
wrapping first mol.:      -73.14534        0.00000        0.00000
wrapping first mol.:      -73.14534        0.00000        0.00000
wrapping first mol.:      -73.11016        0.00000        0.00000
wrapping first mol.:      -73.11016        0.00000        0.00000

 NSTEP =  1000000   TIME(PS) =    3700.000  TEMP(K) =   297.48  PRESS =     0.0
 Etot   =   -104670.1726  EKtot   =     18396.6367  EPtot      =   -123066.8093
 BOND   =       566.9169  ANGLE   =      1574.9509  DIHED      =      1005.7957
 UB     =         0.0000  IMP     =         0.0000  CMAP       =       143.5247
 1-4 NB =       656.9485  1-4 EEL =      6175.3148  VDWAALS    =     14316.7142
 EELEC  =   -147506.9751  EHBOND  =         0.0000  RESTRAINT  =         0.0000
 EKCMT  =         0.0000  VIRIAL  =         0.0000  VOLUME     =    300823.2667
                                                    Density    =         1.0340
 ------------------------------------------------------------------------------

wrapping first mol.:      -73.07842        0.00000        0.00000
wrapping first mol.:      -73.07842        0.00000        0.00000
wrapping first mol.:      -73.04779        0.00000        0.00000
wrapping first mol.:      -73.04779        0.00000        0.00000
wrapping first mol.:      -73.04933        0.00000        0.00000
wrapping first mol.:      -73.04933        0.00000        0.00000
wrapping first mol.:      -73.20709        0.00000        0.00000
wrapping first mol.:      -73.20709        0.00000        0.00000
wrapping first mol.:      -73.15257        0.00000        0.00000
wrapping first mol.:      -73.15257        0.00000        0.00000

 NSTEP =  1025000   TIME(PS) =    3750.000  TEMP(K) =   301.88  PRESS =     0.0
 Etot   =   -104806.6818  EKtot   =     18668.8789  EPtot      =   -123475.5607
 BOND   =       555.8704  ANGLE   =      1570.7550  DIHED      =      1010.2295
 UB     =         0.0000  IMP     =         0.0000  CMAP       =       131.4548
 1-4 NB =       661.9805  1-4 EEL =      6158.0017  VDWAALS    =     14426.7175
 EELEC  =   -147990.5701  EHBOND  =         0.0000  RESTRAINT  =         0.0000
 EKCMT  =         0.0000  VIRIAL  =         0.0000  VOLUME     =    301346.9827
                                                    Density    =         1.0322
 ------------------------------------------------------------------------------

wrapping first mol.:      -73.09301        0.00000        0.00000
wrapping first mol.:      -73.09301        0.00000        0.00000
wrapping first mol.:      -73.08314        0.00000        0.00000
wrapping first mol.:      -73.08314        0.00000        0.00000
wrapping first mol.:      -73.16405        0.00000        0.00000
wrapping first mol.:      -73.16405        0.00000        0.00000
wrapping first mol.:      -73.17382        0.00000        0.00000
wrapping first mol.:      -73.17382        0.00000        0.00000
wrapping first mol.:      -73.13532        0.00000        0.00000
wrapping first mol.:      -73.13532        0.00000        0.00000

 NSTEP =  1050000   TIME(PS) =    3800.000  TEMP(K) =   302.04  PRESS =     0.0
 Etot   =   -104542.1521  EKtot   =     18678.6055  EPtot      =   -123220.7576
 BOND   =       523.1834  ANGLE   =      1497.3364  DIHED      =       985.5694
 UB     =         0.0000  IMP     =         0.0000  CMAP       =       143.2495
 1-4 NB =       671.3287  1-4 EEL =      6211.6751  VDWAALS    =     14578.8446
 EELEC  =   -147831.9446  EHBOND  =         0.0000  RESTRAINT  =         0.0000
 EKCMT  =         0.0000  VIRIAL  =         0.0000  VOLUME     =    301133.9277
                                                    Density    =         1.0329
 ------------------------------------------------------------------------------

wrapping first mol.:      -73.03227        0.00000        0.00000
wrapping first mol.:      -73.03227        0.00000        0.00000
wrapping first mol.:      -73.18689        0.00000        0.00000
wrapping first mol.:      -73.18689        0.00000        0.00000
wrapping first mol.:      -73.15921        0.00000        0.00000
wrapping first mol.:      -73.15921        0.00000        0.00000
wrapping first mol.:      -73.16150        0.00000        0.00000
wrapping first mol.:      -73.16150        0.00000        0.00000
wrapping first mol.:      -73.10792        0.00000        0.00000
wrapping first mol.:      -73.10792        0.00000        0.00000

 NSTEP =  1075000   TIME(PS) =    3850.000  TEMP(K) =   296.22  PRESS =     0.0
 Etot   =   -105143.9347  EKtot   =     18318.6113  EPtot      =   -123462.5460
 BOND   =       550.4330  ANGLE   =      1548.8868  DIHED      =       997.1269
 UB     =         0.0000  IMP     =         0.0000  CMAP       =       129.9128
 1-4 NB =       651.9191  1-4 EEL =      6188.7895  VDWAALS    =     14492.8295
 EELEC  =   -148022.4436  EHBOND  =         0.0000  RESTRAINT  =         0.0000
 EKCMT  =         0.0000  VIRIAL  =         0.0000  VOLUME     =    300795.5096
                                                    Density    =         1.0341
 ------------------------------------------------------------------------------

wrapping first mol.:      -73.07918        0.00000        0.00000
wrapping first mol.:      -73.07918        0.00000        0.00000
wrapping first mol.:      -73.01911        0.00000        0.00000
wrapping first mol.:      -73.01911        0.00000        0.00000
wrapping first mol.:      -73.13273        0.00000        0.00000
wrapping first mol.:      -73.13273        0.00000        0.00000
wrapping first mol.:      -73.13771        0.00000        0.00000
wrapping first mol.:      -73.13771        0.00000        0.00000
wrapping first mol.:      -73.10148        0.00000        0.00000
wrapping first mol.:      -73.10148        0.00000        0.00000

 NSTEP =  1100000   TIME(PS) =    3900.000  TEMP(K) =   298.32  PRESS =     0.0
 Etot   =   -104705.1462  EKtot   =     18448.5762  EPtot      =   -123153.7224
 BOND   =       565.7607  ANGLE   =      1504.0291  DIHED      =      1000.4564
 UB     =         0.0000  IMP     =         0.0000  CMAP       =       132.9500
 1-4 NB =       655.8541  1-4 EEL =      6200.0666  VDWAALS    =     14346.3319
 EELEC  =   -147559.1713  EHBOND  =         0.0000  RESTRAINT  =         0.0000
 EKCMT  =         0.0000  VIRIAL  =         0.0000  VOLUME     =    300716.1319
                                                    Density    =         1.0343
 ------------------------------------------------------------------------------

wrapping first mol.:      -73.08966        0.00000        0.00000
wrapping first mol.:      -73.08966        0.00000        0.00000
wrapping first mol.:      -73.06882        0.00000        0.00000
wrapping first mol.:      -73.06882        0.00000        0.00000
wrapping first mol.:      -73.03763        0.00000        0.00000
wrapping first mol.:      -73.03763        0.00000        0.00000
wrapping first mol.:      -73.10153        0.00000        0.00000
wrapping first mol.:      -73.10153        0.00000        0.00000
wrapping first mol.:      -73.11476        0.00000        0.00000
wrapping first mol.:      -73.11476        0.00000        0.00000

 NSTEP =  1125000   TIME(PS) =    3950.000  TEMP(K) =   300.73  PRESS =     0.0
 Etot   =   -104942.1787  EKtot   =     18597.8496  EPtot      =   -123540.0283
 BOND   =       540.9536  ANGLE   =      1473.4637  DIHED      =       993.9814
 UB     =         0.0000  IMP     =         0.0000  CMAP       =       121.2281
 1-4 NB =       656.5264  1-4 EEL =      6172.4410  VDWAALS    =     14364.4659
 EELEC  =   -147863.0884  EHBOND  =         0.0000  RESTRAINT  =         0.0000
 EKCMT  =         0.0000  VIRIAL  =         0.0000  VOLUME     =    300879.9643
                                                    Density    =         1.0338
 ------------------------------------------------------------------------------

wrapping first mol.:      -73.13098        0.00000        0.00000
wrapping first mol.:      -73.13098        0.00000        0.00000
wrapping first mol.:      -73.16082        0.00000        0.00000
wrapping first mol.:      -73.16082        0.00000        0.00000
wrapping first mol.:      -73.04519        0.00000        0.00000
wrapping first mol.:      -73.04519        0.00000        0.00000
wrapping first mol.:      -73.14243        0.00000        0.00000
wrapping first mol.:      -73.14243        0.00000        0.00000
wrapping first mol.:      -73.02477        0.00000        0.00000
wrapping first mol.:      -73.02477        0.00000        0.00000

 NSTEP =  1150000   TIME(PS) =    4000.000  TEMP(K) =   297.92  PRESS =     0.0
 Etot   =   -104952.2994  EKtot   =     18423.8848  EPtot      =   -123376.1841
 BOND   =       600.7602  ANGLE   =      1519.5589  DIHED      =      1034.9056
 UB     =         0.0000  IMP     =         0.0000  CMAP       =       124.0503
 1-4 NB =       663.0206  1-4 EEL =      6166.8722  VDWAALS    =     14648.3625
 EELEC  =   -148133.7145  EHBOND  =         0.0000  RESTRAINT  =         0.0000
 EKCMT  =         0.0000  VIRIAL  =         0.0000  VOLUME     =    299770.3645
                                                    Density    =         1.0376
 ------------------------------------------------------------------------------

wrapping first mol.:      -73.11195        0.00000        0.00000
wrapping first mol.:      -73.11195        0.00000        0.00000
wrapping first mol.:      -73.15047        0.00000        0.00000
wrapping first mol.:      -73.15047        0.00000        0.00000
wrapping first mol.:      -73.12558        0.00000        0.00000
wrapping first mol.:      -73.12558        0.00000        0.00000
wrapping first mol.:      -73.13823        0.00000        0.00000
wrapping first mol.:      -73.13823        0.00000        0.00000
wrapping first mol.:      -73.06901        0.00000        0.00000
wrapping first mol.:      -73.06901        0.00000        0.00000

 NSTEP =  1175000   TIME(PS) =    4050.000  TEMP(K) =   299.11  PRESS =     0.0
 Etot   =   -104921.1272  EKtot   =     18497.6426  EPtot      =   -123418.7698
 BOND   =       596.4606  ANGLE   =      1489.4469  DIHED      =      1002.1578
 UB     =         0.0000  IMP     =         0.0000  CMAP       =       132.3072
 1-4 NB =       666.0290  1-4 EEL =      6130.5398  VDWAALS    =     14547.5952
 EELEC  =   -147983.3063  EHBOND  =         0.0000  RESTRAINT  =         0.0000
 EKCMT  =         0.0000  VIRIAL  =         0.0000  VOLUME     =    300315.4930
                                                    Density    =         1.0357
 ------------------------------------------------------------------------------

wrapping first mol.:      -73.11141        0.00000        0.00000
wrapping first mol.:      -73.11141        0.00000        0.00000
wrapping first mol.:      -73.02207        0.00000        0.00000
wrapping first mol.:      -73.02207        0.00000        0.00000
wrapping first mol.:      -73.09974        0.00000        0.00000
wrapping first mol.:      -73.09974        0.00000        0.00000
wrapping first mol.:      -73.09416        0.00000        0.00000
wrapping first mol.:      -73.09416        0.00000        0.00000
wrapping first mol.:      -73.04059        0.00000        0.00000
wrapping first mol.:      -73.04059        0.00000        0.00000

 NSTEP =  1200000   TIME(PS) =    4100.000  TEMP(K) =   298.55  PRESS =     0.0
 Etot   =   -104894.5418  EKtot   =     18463.0156  EPtot      =   -123357.5575
 BOND   =       555.3018  ANGLE   =      1511.1027  DIHED      =       965.2801
 UB     =         0.0000  IMP     =         0.0000  CMAP       =       123.5766
 1-4 NB =       646.4449  1-4 EEL =      6179.4568  VDWAALS    =     14340.7115
 EELEC  =   -147679.4320  EHBOND  =         0.0000  RESTRAINT  =         0.0000
 EKCMT  =         0.0000  VIRIAL  =         0.0000  VOLUME     =    299965.2390
                                                    Density    =         1.0369
 ------------------------------------------------------------------------------

wrapping first mol.:      -73.12461        0.00000        0.00000
wrapping first mol.:      -73.12461        0.00000        0.00000

 NSTEP =  1225000   TIME(PS) =    4150.000  TEMP(K) =   300.74  PRESS =     0.0
 Etot   =   -104808.4894  EKtot   =     18598.1953  EPtot      =   -123406.6847
 BOND   =       553.3223  ANGLE   =      1558.9525  DIHED      =      1003.3318
 UB     =         0.0000  IMP     =         0.0000  CMAP       =       134.4154
 1-4 NB =       659.3789  1-4 EEL =      6164.7526  VDWAALS    =     14243.0430
 EELEC  =   -147723.8811  EHBOND  =         0.0000  RESTRAINT  =         0.0000
 EKCMT  =         0.0000  VIRIAL  =         0.0000  VOLUME     =    301653.3184
                                                    Density    =         1.0311
 ------------------------------------------------------------------------------


 NSTEP =  1250000   TIME(PS) =    4200.000  TEMP(K) =   300.38  PRESS =     0.0
 Etot   =   -104332.5327  EKtot   =     18575.9219  EPtot      =   -122908.4546
 BOND   =       569.0227  ANGLE   =      1546.4092  DIHED      =      1007.4066
 UB     =         0.0000  IMP     =         0.0000  CMAP       =       135.0532
 1-4 NB =       656.4392  1-4 EEL =      6203.6197  VDWAALS    =     14679.9934
 EELEC  =   -147706.3987  EHBOND  =         0.0000  RESTRAINT  =         0.0000
 EKCMT  =         0.0000  VIRIAL  =         0.0000  VOLUME     =    301267.5037
                                                    Density    =         1.0324
 ------------------------------------------------------------------------------


 NSTEP =  1275000   TIME(PS) =    4250.000  TEMP(K) =   302.26  PRESS =     0.0
 Etot   =   -104954.8523  EKtot   =     18692.3945  EPtot      =   -123647.2469
 BOND   =       568.0153  ANGLE   =      1481.8094  DIHED      =      1035.7809
 UB     =         0.0000  IMP     =         0.0000  CMAP       =       135.9256
 1-4 NB =       636.9342  1-4 EEL =      6204.7467  VDWAALS    =     14429.2525
 EELEC  =   -148139.7114  EHBOND  =         0.0000  RESTRAINT  =         0.0000
 EKCMT  =         0.0000  VIRIAL  =         0.0000  VOLUME     =    300862.2494
                                                    Density    =         1.0338
 ------------------------------------------------------------------------------


 NSTEP =  1300000   TIME(PS) =    4300.000  TEMP(K) =   298.87  PRESS =     0.0
 Etot   =   -104724.3627  EKtot   =     18482.5176  EPtot      =   -123206.8803
 BOND   =       543.7639  ANGLE   =      1545.1299  DIHED      =      1008.1560
 UB     =         0.0000  IMP     =         0.0000  CMAP       =       132.8109
 1-4 NB =       650.7642  1-4 EEL =      6178.5425  VDWAALS    =     14634.8691
 EELEC  =   -147900.9168  EHBOND  =         0.0000  RESTRAINT  =         0.0000
 EKCMT  =         0.0000  VIRIAL  =         0.0000  VOLUME     =    302159.0507
                                                    Density    =         1.0294
 ------------------------------------------------------------------------------


 NSTEP =  1325000   TIME(PS) =    4350.000  TEMP(K) =   302.73  PRESS =     0.0
 Etot   =   -104744.6358  EKtot   =     18721.3867  EPtot      =   -123466.0225
 BOND   =       571.4393  ANGLE   =      1511.9183  DIHED      =      1036.7568
 UB     =         0.0000  IMP     =         0.0000  CMAP       =       130.8121
 1-4 NB =       661.9429  1-4 EEL =      6194.3472  VDWAALS    =     14353.6024
 EELEC  =   -147926.8415  EHBOND  =         0.0000  RESTRAINT  =         0.0000
 EKCMT  =         0.0000  VIRIAL  =         0.0000  VOLUME     =    301136.2911
                                                    Density    =         1.0329
 ------------------------------------------------------------------------------


 NSTEP =  1350000   TIME(PS) =    4400.000  TEMP(K) =   300.55  PRESS =     0.0
 Etot   =   -104734.7410  EKtot   =     18586.5762  EPtot      =   -123321.3172
 BOND   =       558.3656  ANGLE   =      1508.4679  DIHED      =      1025.4812
 UB     =         0.0000  IMP     =         0.0000  CMAP       =       143.8603
 1-4 NB =       652.7533  1-4 EEL =      6209.4693  VDWAALS    =     14363.9459
 EELEC  =   -147783.6607  EHBOND  =         0.0000  RESTRAINT  =         0.0000
 EKCMT  =         0.0000  VIRIAL  =         0.0000  VOLUME     =    300524.5079
                                                    Density    =         1.0350
 ------------------------------------------------------------------------------


 NSTEP =  1375000   TIME(PS) =    4450.000  TEMP(K) =   303.09  PRESS =     0.0
 Etot   =   -104538.1589  EKtot   =     18743.2754  EPtot      =   -123281.4343
 BOND   =       543.5199  ANGLE   =      1539.6223  DIHED      =      1011.9697
 UB     =         0.0000  IMP     =         0.0000  CMAP       =       129.5956
 1-4 NB =       646.1183  1-4 EEL =      6106.2063  VDWAALS    =     14401.3577
 EELEC  =   -147659.8241  EHBOND  =         0.0000  RESTRAINT  =         0.0000
 EKCMT  =         0.0000  VIRIAL  =         0.0000  VOLUME     =    300889.2025
                                                    Density    =         1.0337
 ------------------------------------------------------------------------------


 NSTEP =  1400000   TIME(PS) =    4500.000  TEMP(K) =   302.74  PRESS =     0.0
 Etot   =   -104822.1773  EKtot   =     18721.7422  EPtot      =   -123543.9195
 BOND   =       570.4681  ANGLE   =      1501.3219  DIHED      =      1012.4147
 UB     =         0.0000  IMP     =         0.0000  CMAP       =       140.5182
 1-4 NB =       662.6840  1-4 EEL =      6211.1922  VDWAALS    =     14509.6287
 EELEC  =   -148152.1473  EHBOND  =         0.0000  RESTRAINT  =         0.0000
 EKCMT  =         0.0000  VIRIAL  =         0.0000  VOLUME     =    301504.6239
                                                    Density    =         1.0316
 ------------------------------------------------------------------------------


 NSTEP =  1425000   TIME(PS) =    4550.000  TEMP(K) =   300.61  PRESS =     0.0
 Etot   =   -104757.8405  EKtot   =     18590.0898  EPtot      =   -123347.9304
 BOND   =       535.6226  ANGLE   =      1559.4867  DIHED      =      1022.9344
 UB     =         0.0000  IMP     =         0.0000  CMAP       =       130.9578
 1-4 NB =       641.3077  1-4 EEL =      6181.2187  VDWAALS    =     14546.2741
 EELEC  =   -147965.7324  EHBOND  =         0.0000  RESTRAINT  =         0.0000
 EKCMT  =         0.0000  VIRIAL  =         0.0000  VOLUME     =    301686.9723
                                                    Density    =         1.0310
 ------------------------------------------------------------------------------


 NSTEP =  1450000   TIME(PS) =    4600.000  TEMP(K) =   298.78  PRESS =     0.0
 Etot   =   -104680.7960  EKtot   =     18477.0742  EPtot      =   -123157.8702
 BOND   =       569.4439  ANGLE   =      1556.4372  DIHED      =      1022.3143
 UB     =         0.0000  IMP     =         0.0000  CMAP       =       131.3965
 1-4 NB =       658.0031  1-4 EEL =      6222.7553  VDWAALS    =     14334.8684
 EELEC  =   -147653.0888  EHBOND  =         0.0000  RESTRAINT  =         0.0000
 EKCMT  =         0.0000  VIRIAL  =         0.0000  VOLUME     =    301504.2882
                                                    Density    =         1.0316
 ------------------------------------------------------------------------------


 NSTEP =  1475000   TIME(PS) =    4650.000  TEMP(K) =   298.68  PRESS =     0.0
 Etot   =   -104792.5163  EKtot   =     18470.6152  EPtot      =   -123263.1316
 BOND   =       550.4806  ANGLE   =      1484.9988  DIHED      =      1024.5469
 UB     =         0.0000  IMP     =         0.0000  CMAP       =       130.8719
 1-4 NB =       679.6705  1-4 EEL =      6209.5792  VDWAALS    =     14557.2049
 EELEC  =   -147900.4844  EHBOND  =         0.0000  RESTRAINT  =         0.0000
 EKCMT  =         0.0000  VIRIAL  =         0.0000  VOLUME     =    300271.4705
                                                    Density    =         1.0359
 ------------------------------------------------------------------------------


 NSTEP =  1500000   TIME(PS) =    4700.000  TEMP(K) =   300.86  PRESS =     0.0
 Etot   =   -104897.9352  EKtot   =     18605.8594  EPtot      =   -123503.7946
 BOND   =       525.9957  ANGLE   =      1514.3242  DIHED      =       990.7172
 UB     =         0.0000  IMP     =         0.0000  CMAP       =       139.1845
 1-4 NB =       659.0658  1-4 EEL =      6107.7984  VDWAALS    =     14351.8614
 EELEC  =   -147792.7419  EHBOND  =         0.0000  RESTRAINT  =         0.0000
 EKCMT  =         0.0000  VIRIAL  =         0.0000  VOLUME     =    299214.6050
                                                    Density    =         1.0395
 ------------------------------------------------------------------------------


 NSTEP =  1525000   TIME(PS) =    4750.000  TEMP(K) =   300.58  PRESS =     0.0
 Etot   =   -105224.9039  EKtot   =     18588.0508  EPtot      =   -123812.9546
 BOND   =       561.2107  ANGLE   =      1505.7968  DIHED      =      1010.0736
 UB     =         0.0000  IMP     =         0.0000  CMAP       =       131.4820
 1-4 NB =       652.2584  1-4 EEL =      6194.8186  VDWAALS    =     14573.1929
 EELEC  =   -148441.7877  EHBOND  =         0.0000  RESTRAINT  =         0.0000
 EKCMT  =         0.0000  VIRIAL  =         0.0000  VOLUME     =    301225.0422
                                                    Density    =         1.0326
 ------------------------------------------------------------------------------


 NSTEP =  1550000   TIME(PS) =    4800.000  TEMP(K) =   297.16  PRESS =     0.0
 Etot   =   -104782.0841  EKtot   =     18376.9258  EPtot      =   -123159.0099
 BOND   =       554.1523  ANGLE   =      1502.6381  DIHED      =       967.2759
 UB     =         0.0000  IMP     =         0.0000  CMAP       =       129.3033
 1-4 NB =       674.4606  1-4 EEL =      6198.8047  VDWAALS    =     14460.9084
 EELEC  =   -147646.5531  EHBOND  =         0.0000  RESTRAINT  =         0.0000
 EKCMT  =         0.0000  VIRIAL  =         0.0000  VOLUME     =    300658.8523
                                                    Density    =         1.0345
 ------------------------------------------------------------------------------


 NSTEP =  1575000   TIME(PS) =    4850.000  TEMP(K) =   298.08  PRESS =     0.0
 Etot   =   -104714.8625  EKtot   =     18433.4844  EPtot      =   -123148.3469
 BOND   =       548.6788  ANGLE   =      1523.6539  DIHED      =      1015.2549
 UB     =         0.0000  IMP     =         0.0000  CMAP       =       139.0413
 1-4 NB =       641.0422  1-4 EEL =      6136.7282  VDWAALS    =     14244.1365
 EELEC  =   -147396.8826  EHBOND  =         0.0000  RESTRAINT  =         0.0000
 EKCMT  =         0.0000  VIRIAL  =         0.0000  VOLUME     =    300482.4757
                                                    Density    =         1.0351
 ------------------------------------------------------------------------------


 NSTEP =  1600000   TIME(PS) =    4900.000  TEMP(K) =   300.58  PRESS =     0.0
 Etot   =   -104885.6048  EKtot   =     18588.3477  EPtot      =   -123473.9524
 BOND   =       577.0292  ANGLE   =      1534.4735  DIHED      =      1017.8578
 UB     =         0.0000  IMP     =         0.0000  CMAP       =       128.8969
 1-4 NB =       668.3923  1-4 EEL =      6136.6264  VDWAALS    =     14531.3184
 EELEC  =   -148068.5468  EHBOND  =         0.0000  RESTRAINT  =         0.0000
 EKCMT  =         0.0000  VIRIAL  =         0.0000  VOLUME     =    300988.2898
                                                    Density    =         1.0334
 ------------------------------------------------------------------------------


 NSTEP =  1625000   TIME(PS) =    4950.000  TEMP(K) =   299.06  PRESS =     0.0
 Etot   =   -104817.6780  EKtot   =     18494.1855  EPtot      =   -123311.8635
 BOND   =       527.8577  ANGLE   =      1529.8675  DIHED      =      1010.8484
 UB     =         0.0000  IMP     =         0.0000  CMAP       =       131.3143
 1-4 NB =       670.5029  1-4 EEL =      6141.4771  VDWAALS    =     14240.7120
 EELEC  =   -147564.4435  EHBOND  =         0.0000  RESTRAINT  =         0.0000
 EKCMT  =         0.0000  VIRIAL  =         0.0000  VOLUME     =    301320.1341
                                                    Density    =         1.0323
 ------------------------------------------------------------------------------


 NSTEP =  1650000   TIME(PS) =    5000.000  TEMP(K) =   302.86  PRESS =     0.0
 Etot   =   -104465.3326  EKtot   =     18729.0449  EPtot      =   -123194.3776
 BOND   =       589.3072  ANGLE   =      1497.3894  DIHED      =      1012.6966
 UB     =         0.0000  IMP     =         0.0000  CMAP       =       134.8342
 1-4 NB =       656.9166  1-4 EEL =      6182.1331  VDWAALS    =     14631.9702
 EELEC  =   -147899.6249  EHBOND  =         0.0000  RESTRAINT  =         0.0000
 EKCMT  =         0.0000  VIRIAL  =         0.0000  VOLUME     =    301497.5669
                                                    Density    =         1.0317
 ------------------------------------------------------------------------------


 NSTEP =  1675000   TIME(PS) =    5050.000  TEMP(K) =   300.14  PRESS =     0.0
 Etot   =   -104890.8311  EKtot   =     18561.2227  EPtot      =   -123452.0538
 BOND   =       555.1347  ANGLE   =      1487.0754  DIHED      =      1020.2264
 UB     =         0.0000  IMP     =         0.0000  CMAP       =       126.7630
 1-4 NB =       654.0924  1-4 EEL =      6163.4313  VDWAALS    =     14283.8520
 EELEC  =   -147742.6290  EHBOND  =         0.0000  RESTRAINT  =         0.0000
 EKCMT  =         0.0000  VIRIAL  =         0.0000  VOLUME     =    301155.2864
                                                    Density    =         1.0328
 ------------------------------------------------------------------------------


 NSTEP =  1700000   TIME(PS) =    5100.000  TEMP(K) =   300.19  PRESS =     0.0
 Etot   =   -104765.8388  EKtot   =     18563.8652  EPtot      =   -123329.7040
 BOND   =       567.8301  ANGLE   =      1526.1389  DIHED      =      1001.2996
 UB     =         0.0000  IMP     =         0.0000  CMAP       =       122.6917
 1-4 NB =       673.0174  1-4 EEL =      6211.8346  VDWAALS    =     14340.6210
 EELEC  =   -147773.1372  EHBOND  =         0.0000  RESTRAINT  =         0.0000
 EKCMT  =         0.0000  VIRIAL  =         0.0000  VOLUME     =    300963.4353
                                                    Density    =         1.0335
 ------------------------------------------------------------------------------


 NSTEP =  1725000   TIME(PS) =    5150.000  TEMP(K) =   299.98  PRESS =     0.0
 Etot   =   -104877.2153  EKtot   =     18551.0371  EPtot      =   -123428.2524
 BOND   =       543.3440  ANGLE   =      1522.4052  DIHED      =       963.9383
 UB     =         0.0000  IMP     =         0.0000  CMAP       =       125.0793
 1-4 NB =       664.3538  1-4 EEL =      6154.8678  VDWAALS    =     14581.1441
 EELEC  =   -147983.3850  EHBOND  =         0.0000  RESTRAINT  =         0.0000
 EKCMT  =         0.0000  VIRIAL  =         0.0000  VOLUME     =    301562.5214
                                                    Density    =         1.0314
 ------------------------------------------------------------------------------


 NSTEP =  1750000   TIME(PS) =    5200.000  TEMP(K) =   301.37  PRESS =     0.0
 Etot   =   -104930.2324  EKtot   =     18636.9180  EPtot      =   -123567.1503
 BOND   =       575.1941  ANGLE   =      1475.6246  DIHED      =       991.9661
 UB     =         0.0000  IMP     =         0.0000  CMAP       =       124.3654
 1-4 NB =       659.4170  1-4 EEL =      6183.2304  VDWAALS    =     14516.8424
 EELEC  =   -148093.7904  EHBOND  =         0.0000  RESTRAINT  =         0.0000
 EKCMT  =         0.0000  VIRIAL  =         0.0000  VOLUME     =    300405.9109
                                                    Density    =         1.0354
 ------------------------------------------------------------------------------


 NSTEP =  1775000   TIME(PS) =    5250.000  TEMP(K) =   301.18  PRESS =     0.0
 Etot   =   -104523.4796  EKtot   =     18625.5059  EPtot      =   -123148.9855
 BOND   =       573.0264  ANGLE   =      1533.9979  DIHED      =      1018.6371
 UB     =         0.0000  IMP     =         0.0000  CMAP       =       129.1211
 1-4 NB =       662.5648  1-4 EEL =      6098.9359  VDWAALS    =     14535.7545
 EELEC  =   -147701.0232  EHBOND  =         0.0000  RESTRAINT  =         0.0000
 EKCMT  =         0.0000  VIRIAL  =         0.0000  VOLUME     =    301250.3006
                                                    Density    =         1.0325
 ------------------------------------------------------------------------------


 NSTEP =  1800000   TIME(PS) =    5300.000  TEMP(K) =   298.86  PRESS =     0.0
 Etot   =   -104712.1659  EKtot   =     18481.6855  EPtot      =   -123193.8514
 BOND   =       538.5473  ANGLE   =      1472.3867  DIHED      =      1011.5554
 UB     =         0.0000  IMP     =         0.0000  CMAP       =       126.5335
 1-4 NB =       670.4375  1-4 EEL =      6187.9374  VDWAALS    =     14615.6814
 EELEC  =   -147816.9306  EHBOND  =         0.0000  RESTRAINT  =         0.0000
 EKCMT  =         0.0000  VIRIAL  =         0.0000  VOLUME     =    301634.3030
                                                    Density    =         1.0312
 ------------------------------------------------------------------------------


 NSTEP =  1825000   TIME(PS) =    5350.000  TEMP(K) =   296.81  PRESS =     0.0
 Etot   =   -104889.6225  EKtot   =     18354.9102  EPtot      =   -123244.5326
 BOND   =       568.9237  ANGLE   =      1516.3073  DIHED      =       985.2742
 UB     =         0.0000  IMP     =         0.0000  CMAP       =       133.2779
 1-4 NB =       671.0677  1-4 EEL =      6225.8072  VDWAALS    =     14471.6631
 EELEC  =   -147816.8536  EHBOND  =         0.0000  RESTRAINT  =         0.0000
 EKCMT  =         0.0000  VIRIAL  =         0.0000  VOLUME     =    301654.7412
                                                    Density    =         1.0311
 ------------------------------------------------------------------------------


 NSTEP =  1850000   TIME(PS) =    5400.000  TEMP(K) =   299.45  PRESS =     0.0
 Etot   =   -104960.3261  EKtot   =     18518.5586  EPtot      =   -123478.8847
 BOND   =       563.1477  ANGLE   =      1500.9139  DIHED      =      1004.9656
 UB     =         0.0000  IMP     =         0.0000  CMAP       =       136.2727
 1-4 NB =       659.4530  1-4 EEL =      6205.7723  VDWAALS    =     14454.2282
 EELEC  =   -148003.6381  EHBOND  =         0.0000  RESTRAINT  =         0.0000
 EKCMT  =         0.0000  VIRIAL  =         0.0000  VOLUME     =    300688.2709
                                                    Density    =         1.0344
 ------------------------------------------------------------------------------


 NSTEP =  1875000   TIME(PS) =    5450.000  TEMP(K) =   298.57  PRESS =     0.0
 Etot   =   -105026.5135  EKtot   =     18464.1504  EPtot      =   -123490.6639
 BOND   =       525.1456  ANGLE   =      1543.5075  DIHED      =      1009.3932
 UB     =         0.0000  IMP     =         0.0000  CMAP       =       136.5882
 1-4 NB =       657.0482  1-4 EEL =      6189.0073  VDWAALS    =     14470.9090
 EELEC  =   -148022.2629  EHBOND  =         0.0000  RESTRAINT  =         0.0000
 EKCMT  =         0.0000  VIRIAL  =         0.0000  VOLUME     =    301130.6995
                                                    Density    =         1.0329
 ------------------------------------------------------------------------------


 NSTEP =  1900000   TIME(PS) =    5500.000  TEMP(K) =   299.12  PRESS =     0.0
 Etot   =   -104646.0709  EKtot   =     18497.7559  EPtot      =   -123143.8267
 BOND   =       550.4227  ANGLE   =      1516.5893  DIHED      =      1022.2259
 UB     =         0.0000  IMP     =         0.0000  CMAP       =       126.7062
 1-4 NB =       665.9878  1-4 EEL =      6176.4680  VDWAALS    =     14252.2765
 EELEC  =   -147454.5033  EHBOND  =         0.0000  RESTRAINT  =         0.0000
 EKCMT  =         0.0000  VIRIAL  =         0.0000  VOLUME     =    302164.1518
                                                    Density    =         1.0294
 ------------------------------------------------------------------------------


 NSTEP =  1925000   TIME(PS) =    5550.000  TEMP(K) =   300.28  PRESS =     0.0
 Etot   =   -104858.9812  EKtot   =     18569.6055  EPtot      =   -123428.5866
 BOND   =       558.5854  ANGLE   =      1465.5578  DIHED      =      1000.8577
 UB     =         0.0000  IMP     =         0.0000  CMAP       =       125.9070
 1-4 NB =       681.8470  1-4 EEL =      6180.8812  VDWAALS    =     14732.9082
 EELEC  =   -148175.1309  EHBOND  =         0.0000  RESTRAINT  =         0.0000
 EKCMT  =         0.0000  VIRIAL  =         0.0000  VOLUME     =    301112.3989
                                                    Density    =         1.0330
 ------------------------------------------------------------------------------


 NSTEP =  1950000   TIME(PS) =    5600.000  TEMP(K) =   299.94  PRESS =     0.0
 Etot   =   -105049.8248  EKtot   =     18548.7500  EPtot      =   -123598.5748
 BOND   =       559.9094  ANGLE   =      1502.6949  DIHED      =       992.0421
 UB     =         0.0000  IMP     =         0.0000  CMAP       =       145.5143
 1-4 NB =       660.7124  1-4 EEL =      6219.3298  VDWAALS    =     14764.9678
 EELEC  =   -148443.7457  EHBOND  =         0.0000  RESTRAINT  =         0.0000
 EKCMT  =         0.0000  VIRIAL  =         0.0000  VOLUME     =    300165.1566
                                                    Density    =         1.0362
 ------------------------------------------------------------------------------


 NSTEP =  1975000   TIME(PS) =    5650.000  TEMP(K) =   298.12  PRESS =     0.0
 Etot   =   -104891.8056  EKtot   =     18436.2461  EPtot      =   -123328.0517
 BOND   =       582.5653  ANGLE   =      1489.1000  DIHED      =      1008.2434
 UB     =         0.0000  IMP     =         0.0000  CMAP       =       135.7123
 1-4 NB =       658.4759  1-4 EEL =      6194.1311  VDWAALS    =     14288.9923
 EELEC  =   -147685.2719  EHBOND  =         0.0000  RESTRAINT  =         0.0000
 EKCMT  =         0.0000  VIRIAL  =         0.0000  VOLUME     =    300475.9287
                                                    Density    =         1.0352
 ------------------------------------------------------------------------------


 NSTEP =  2000000   TIME(PS) =    5700.000  TEMP(K) =   301.24  PRESS =     0.0
 Etot   =   -104739.0070  EKtot   =     18629.3984  EPtot      =   -123368.4054
 BOND   =       597.0626  ANGLE   =      1532.2173  DIHED      =       981.7759
 UB     =         0.0000  IMP     =         0.0000  CMAP       =       125.6998
 1-4 NB =       658.8345  1-4 EEL =      6185.3827  VDWAALS    =     14342.5011
 EELEC  =   -147791.8793  EHBOND  =         0.0000  RESTRAINT  =         0.0000
 EKCMT  =         0.0000  VIRIAL  =         0.0000  VOLUME     =    300127.7450
                                                    Density    =         1.0364
 ------------------------------------------------------------------------------


 NSTEP =  2025000   TIME(PS) =    5750.000  TEMP(K) =   301.69  PRESS =     0.0
 Etot   =   -104739.2781  EKtot   =     18657.2402  EPtot      =   -123396.5184
 BOND   =       547.9437  ANGLE   =      1535.8130  DIHED      =      1015.7492
 UB     =         0.0000  IMP     =         0.0000  CMAP       =       126.0898
 1-4 NB =       657.2419  1-4 EEL =      6214.8526  VDWAALS    =     14325.0249
 EELEC  =   -147819.2334  EHBOND  =         0.0000  RESTRAINT  =         0.0000
 EKCMT  =         0.0000  VIRIAL  =         0.0000  VOLUME     =    301980.0608
                                                    Density    =         1.0300
 ------------------------------------------------------------------------------


 NSTEP =  2050000   TIME(PS) =    5800.000  TEMP(K) =   298.74  PRESS =     0.0
 Etot   =   -104858.2554  EKtot   =     18474.5020  EPtot      =   -123332.7574
 BOND   =       585.1148  ANGLE   =      1546.4862  DIHED      =      1027.3730
 UB     =         0.0000  IMP     =         0.0000  CMAP       =       116.3255
 1-4 NB =       659.8939  1-4 EEL =      6155.5478  VDWAALS    =     14341.3898
 EELEC  =   -147764.8885  EHBOND  =         0.0000  RESTRAINT  =         0.0000
 EKCMT  =         0.0000  VIRIAL  =         0.0000  VOLUME     =    299990.3952
                                                    Density    =         1.0368
 ------------------------------------------------------------------------------


 NSTEP =  2075000   TIME(PS) =    5850.000  TEMP(K) =   302.34  PRESS =     0.0
 Etot   =   -104523.9162  EKtot   =     18697.3848  EPtot      =   -123221.3010
 BOND   =       585.4839  ANGLE   =      1516.6260  DIHED      =      1014.5649
 UB     =         0.0000  IMP     =         0.0000  CMAP       =       142.7537
 1-4 NB =       668.7977  1-4 EEL =      6198.3204  VDWAALS    =     14423.0826
 EELEC  =   -147770.9303  EHBOND  =         0.0000  RESTRAINT  =         0.0000
 EKCMT  =         0.0000  VIRIAL  =         0.0000  VOLUME     =    301189.0870
                                                    Density    =         1.0327
 ------------------------------------------------------------------------------


 NSTEP =  2100000   TIME(PS) =    5900.000  TEMP(K) =   298.91  PRESS =     0.0
 Etot   =   -105007.3643  EKtot   =     18485.0527  EPtot      =   -123492.4171
 BOND   =       570.2389  ANGLE   =      1505.2205  DIHED      =       998.3136
 UB     =         0.0000  IMP     =         0.0000  CMAP       =       130.5093
 1-4 NB =       666.6461  1-4 EEL =      6252.2147  VDWAALS    =     14166.6017
 EELEC  =   -147782.1619  EHBOND  =         0.0000  RESTRAINT  =         0.0000
 EKCMT  =         0.0000  VIRIAL  =         0.0000  VOLUME     =    301167.9077
                                                    Density    =         1.0328
 ------------------------------------------------------------------------------


 NSTEP =  2125000   TIME(PS) =    5950.000  TEMP(K) =   300.99  PRESS =     0.0
 Etot   =   -104858.8447  EKtot   =     18613.3984  EPtot      =   -123472.2432
 BOND   =       562.1692  ANGLE   =      1510.3354  DIHED      =      1027.9570
 UB     =         0.0000  IMP     =         0.0000  CMAP       =       139.4193
 1-4 NB =       649.7627  1-4 EEL =      6212.8638  VDWAALS    =     14612.2659
 EELEC  =   -148187.0165  EHBOND  =         0.0000  RESTRAINT  =         0.0000
 EKCMT  =         0.0000  VIRIAL  =         0.0000  VOLUME     =    300206.3944
                                                    Density    =         1.0361
 ------------------------------------------------------------------------------


 NSTEP =  2150000   TIME(PS) =    6000.000  TEMP(K) =   300.87  PRESS =     0.0
 Etot   =   -104851.4509  EKtot   =     18606.1836  EPtot      =   -123457.6345
 BOND   =       591.4872  ANGLE   =      1523.1896  DIHED      =      1032.5148
 UB     =         0.0000  IMP     =         0.0000  CMAP       =       129.1551
 1-4 NB =       653.9706  1-4 EEL =      6143.9162  VDWAALS    =     14167.2396
 EELEC  =   -147699.1074  EHBOND  =         0.0000  RESTRAINT  =         0.0000
 EKCMT  =         0.0000  VIRIAL  =         0.0000  VOLUME     =    300821.8560
                                                    Density    =         1.0340
 ------------------------------------------------------------------------------


 NSTEP =  2175000   TIME(PS) =    6050.000  TEMP(K) =   298.75  PRESS =     0.0
 Etot   =   -104849.0956  EKtot   =     18474.8965  EPtot      =   -123323.9921
 BOND   =       557.3045  ANGLE   =      1549.5292  DIHED      =      1024.9796
 UB     =         0.0000  IMP     =         0.0000  CMAP       =       131.6026
 1-4 NB =       657.0757  1-4 EEL =      6169.1755  VDWAALS    =     14526.4052
 EELEC  =   -147940.0645  EHBOND  =         0.0000  RESTRAINT  =         0.0000
 EKCMT  =         0.0000  VIRIAL  =         0.0000  VOLUME     =    301304.7460
                                                    Density    =         1.0323
 ------------------------------------------------------------------------------


 NSTEP =  2200000   TIME(PS) =    6100.000  TEMP(K) =   299.50  PRESS =     0.0
 Etot   =   -104757.6262  EKtot   =     18521.4199  EPtot      =   -123279.0461
 BOND   =       558.7169  ANGLE   =      1460.1186  DIHED      =      1002.7954
 UB     =         0.0000  IMP     =         0.0000  CMAP       =       132.7348
 1-4 NB =       674.3367  1-4 EEL =      6218.8094  VDWAALS    =     14354.5550
 EELEC  =   -147681.1129  EHBOND  =         0.0000  RESTRAINT  =         0.0000
 EKCMT  =         0.0000  VIRIAL  =         0.0000  VOLUME     =    301264.3964
                                                    Density    =         1.0325
 ------------------------------------------------------------------------------


 NSTEP =  2225000   TIME(PS) =    6150.000  TEMP(K) =   299.96  PRESS =     0.0
 Etot   =   -104806.5984  EKtot   =     18550.1777  EPtot      =   -123356.7761
 BOND   =       538.3890  ANGLE   =      1528.8296  DIHED      =      1006.5061
 UB     =         0.0000  IMP     =         0.0000  CMAP       =       140.1645
 1-4 NB =       649.9851  1-4 EEL =      6201.5885  VDWAALS    =     14445.1277
 EELEC  =   -147867.3666  EHBOND  =         0.0000  RESTRAINT  =         0.0000
 EKCMT  =         0.0000  VIRIAL  =         0.0000  VOLUME     =    300186.4932
                                                    Density    =         1.0362
 ------------------------------------------------------------------------------


 NSTEP =  2250000   TIME(PS) =    6200.000  TEMP(K) =   302.54  PRESS =     0.0
 Etot   =   -104791.5215  EKtot   =     18709.6504  EPtot      =   -123501.1719
 BOND   =       570.0805  ANGLE   =      1553.9259  DIHED      =       997.5004
 UB     =         0.0000  IMP     =         0.0000  CMAP       =       129.7984
 1-4 NB =       666.4834  1-4 EEL =      6110.9036  VDWAALS    =     14575.4257
 EELEC  =   -148105.2897  EHBOND  =         0.0000  RESTRAINT  =         0.0000
 EKCMT  =         0.0000  VIRIAL  =         0.0000  VOLUME     =    300002.1590
                                                    Density    =         1.0368
 ------------------------------------------------------------------------------


 NSTEP =  2275000   TIME(PS) =    6250.000  TEMP(K) =   301.03  PRESS =     0.0
 Etot   =   -104659.1066  EKtot   =     18616.2695  EPtot      =   -123275.3762
 BOND   =       562.8306  ANGLE   =      1517.6520  DIHED      =      1037.2183
 UB     =         0.0000  IMP     =         0.0000  CMAP       =       132.7769
 1-4 NB =       637.5628  1-4 EEL =      6205.7784  VDWAALS    =     14429.1954
 EELEC  =   -147798.3904  EHBOND  =         0.0000  RESTRAINT  =         0.0000
 EKCMT  =         0.0000  VIRIAL  =         0.0000  VOLUME     =    300976.5792
                                                    Density    =         1.0334
 ------------------------------------------------------------------------------


 NSTEP =  2300000   TIME(PS) =    6300.000  TEMP(K) =   299.35  PRESS =     0.0
 Etot   =   -105097.1911  EKtot   =     18512.4238  EPtot      =   -123609.6149
 BOND   =       564.2654  ANGLE   =      1475.2455  DIHED      =       993.8466
 UB     =         0.0000  IMP     =         0.0000  CMAP       =       137.2334
 1-4 NB =       665.4606  1-4 EEL =      6231.2007  VDWAALS    =     14734.0237
 EELEC  =   -148410.8909  EHBOND  =         0.0000  RESTRAINT  =         0.0000
 EKCMT  =         0.0000  VIRIAL  =         0.0000  VOLUME     =    301019.6251
                                                    Density    =         1.0333
 ------------------------------------------------------------------------------


 NSTEP =  2325000   TIME(PS) =    6350.000  TEMP(K) =   301.59  PRESS =     0.0
 Etot   =   -104484.9088  EKtot   =     18650.4883  EPtot      =   -123135.3970
 BOND   =       579.1672  ANGLE   =      1501.6950  DIHED      =       993.8957
 UB     =         0.0000  IMP     =         0.0000  CMAP       =       145.7768
 1-4 NB =       650.1773  1-4 EEL =      6172.7484  VDWAALS    =     14061.9537
 EELEC  =   -147240.8110  EHBOND  =         0.0000  RESTRAINT  =         0.0000
 EKCMT  =         0.0000  VIRIAL  =         0.0000  VOLUME     =    301244.3233
                                                    Density    =         1.0325
 ------------------------------------------------------------------------------


 NSTEP =  2350000   TIME(PS) =    6400.000  TEMP(K) =   301.99  PRESS =     0.0
 Etot   =   -104757.6278  EKtot   =     18675.1875  EPtot      =   -123432.8153
 BOND   =       575.0913  ANGLE   =      1541.9268  DIHED      =       988.4305
 UB     =         0.0000  IMP     =         0.0000  CMAP       =       137.3677
 1-4 NB =       631.4825  1-4 EEL =      6128.9144  VDWAALS    =     14794.5649
 EELEC  =   -148230.5934  EHBOND  =         0.0000  RESTRAINT  =         0.0000
 EKCMT  =         0.0000  VIRIAL  =         0.0000  VOLUME     =    300331.7847
                                                    Density    =         1.0357
 ------------------------------------------------------------------------------


 NSTEP =  2375000   TIME(PS) =    6450.000  TEMP(K) =   300.77  PRESS =     0.0
 Etot   =   -104768.0190  EKtot   =     18600.3086  EPtot      =   -123368.3276
 BOND   =       566.2713  ANGLE   =      1497.9860  DIHED      =      1020.1019
 UB     =         0.0000  IMP     =         0.0000  CMAP       =       138.6102
 1-4 NB =       643.3505  1-4 EEL =      6194.4998  VDWAALS    =     14293.4244
 EELEC  =   -147722.5716  EHBOND  =         0.0000  RESTRAINT  =         0.0000
 EKCMT  =         0.0000  VIRIAL  =         0.0000  VOLUME     =    299829.7524
                                                    Density    =         1.0374
 ------------------------------------------------------------------------------


 NSTEP =  2400000   TIME(PS) =    6500.000  TEMP(K) =   300.00  PRESS =     0.0
 Etot   =   -104763.5129  EKtot   =     18552.1914  EPtot      =   -123315.7043
 BOND   =       584.1730  ANGLE   =      1545.9458  DIHED      =      1025.5198
 UB     =         0.0000  IMP     =         0.0000  CMAP       =       139.6092
 1-4 NB =       647.3930  1-4 EEL =      6190.6387  VDWAALS    =     14506.8560
 EELEC  =   -147955.8398  EHBOND  =         0.0000  RESTRAINT  =         0.0000
 EKCMT  =         0.0000  VIRIAL  =         0.0000  VOLUME     =    300224.5397
                                                    Density    =         1.0360
 ------------------------------------------------------------------------------


 NSTEP =  2425000   TIME(PS) =    6550.000  TEMP(K) =   300.21  PRESS =     0.0
 Etot   =   -104765.6858  EKtot   =     18565.7051  EPtot      =   -123331.3909
 BOND   =       558.8061  ANGLE   =      1509.9126  DIHED      =      1035.6872
 UB     =         0.0000  IMP     =         0.0000  CMAP       =       137.5126
 1-4 NB =       655.7435  1-4 EEL =      6264.9047  VDWAALS    =     14404.3276
 EELEC  =   -147898.2852  EHBOND  =         0.0000  RESTRAINT  =         0.0000
 EKCMT  =         0.0000  VIRIAL  =         0.0000  VOLUME     =    300596.8568
                                                    Density    =         1.0347
 ------------------------------------------------------------------------------


 NSTEP =  2450000   TIME(PS) =    6600.000  TEMP(K) =   297.51  PRESS =     0.0
 Etot   =   -105015.8618  EKtot   =     18398.2090  EPtot      =   -123414.0708
 BOND   =       552.1286  ANGLE   =      1558.6668  DIHED      =      1011.9338
 UB     =         0.0000  IMP     =         0.0000  CMAP       =       138.3583
 1-4 NB =       657.1139  1-4 EEL =      6250.3224  VDWAALS    =     14410.2640
 EELEC  =   -147992.8586  EHBOND  =         0.0000  RESTRAINT  =         0.0000
 EKCMT  =         0.0000  VIRIAL  =         0.0000  VOLUME     =    300351.5417
                                                    Density    =         1.0356
 ------------------------------------------------------------------------------


 NSTEP =  2475000   TIME(PS) =    6650.000  TEMP(K) =   299.35  PRESS =     0.0
 Etot   =   -104900.0758  EKtot   =     18512.2422  EPtot      =   -123412.3179
 BOND   =       551.1072  ANGLE   =      1549.4987  DIHED      =      1004.8476
 UB     =         0.0000  IMP     =         0.0000  CMAP       =       124.9321
 1-4 NB =       649.0236  1-4 EEL =      6166.2214  VDWAALS    =     14436.2472
 EELEC  =   -147894.1956  EHBOND  =         0.0000  RESTRAINT  =         0.0000
 EKCMT  =         0.0000  VIRIAL  =         0.0000  VOLUME     =    300771.8575
                                                    Density    =         1.0341
 ------------------------------------------------------------------------------


 NSTEP =  2500000   TIME(PS) =    6700.000  TEMP(K) =   302.65  PRESS =     0.0
 Etot   =   -104897.9381  EKtot   =     18716.0801  EPtot      =   -123614.0181
 BOND   =       544.5482  ANGLE   =      1480.4095  DIHED      =       985.9947
 UB     =         0.0000  IMP     =         0.0000  CMAP       =       138.9283
 1-4 NB =       655.5950  1-4 EEL =      6179.9542  VDWAALS    =     14642.4687
 EELEC  =   -148241.9168  EHBOND  =         0.0000  RESTRAINT  =         0.0000
 EKCMT  =         0.0000  VIRIAL  =         0.0000  VOLUME     =    301318.3008
                                                    Density    =         1.0323
 ------------------------------------------------------------------------------


 NSTEP =  2525000   TIME(PS) =    6750.000  TEMP(K) =   299.49  PRESS =     0.0
 Etot   =   -104694.0694  EKtot   =     18520.8125  EPtot      =   -123214.8819
 BOND   =       523.4034  ANGLE   =      1534.1541  DIHED      =      1002.8008
 UB     =         0.0000  IMP     =         0.0000  CMAP       =       138.9181
 1-4 NB =       653.5141  1-4 EEL =      6222.1427  VDWAALS    =     14629.3361
 EELEC  =   -147919.1512  EHBOND  =         0.0000  RESTRAINT  =         0.0000
 EKCMT  =         0.0000  VIRIAL  =         0.0000  VOLUME     =    300255.7039
                                                    Density    =         1.0359
 ------------------------------------------------------------------------------


 NSTEP =  2550000   TIME(PS) =    6800.000  TEMP(K) =   299.29  PRESS =     0.0
 Etot   =   -104605.4202  EKtot   =     18508.3828  EPtot      =   -123113.8030
 BOND   =       580.4756  ANGLE   =      1552.0279  DIHED      =      1018.9152
 UB     =         0.0000  IMP     =         0.0000  CMAP       =       128.7714
 1-4 NB =       665.8038  1-4 EEL =      6143.0117  VDWAALS    =     14164.1138
 EELEC  =   -147366.9225  EHBOND  =         0.0000  RESTRAINT  =         0.0000
 EKCMT  =         0.0000  VIRIAL  =         0.0000  VOLUME     =    301445.4236
                                                    Density    =         1.0318
 ------------------------------------------------------------------------------


 NSTEP =  2575000   TIME(PS) =    6850.000  TEMP(K) =   300.19  PRESS =     0.0
 Etot   =   -104747.9306  EKtot   =     18564.1875  EPtot      =   -123312.1181
 BOND   =       549.0145  ANGLE   =      1536.0797  DIHED      =      1046.7150
 UB     =         0.0000  IMP     =         0.0000  CMAP       =       145.7846
 1-4 NB =       662.9988  1-4 EEL =      6168.0815  VDWAALS    =     14341.8866
 EELEC  =   -147762.6787  EHBOND  =         0.0000  RESTRAINT  =         0.0000
 EKCMT  =         0.0000  VIRIAL  =         0.0000  VOLUME     =    300414.9098
                                                    Density    =         1.0354
 ------------------------------------------------------------------------------


 NSTEP =  2600000   TIME(PS) =    6900.000  TEMP(K) =   296.79  PRESS =     0.0
 Etot   =   -105134.9458  EKtot   =     18354.1348  EPtot      =   -123489.0806
 BOND   =       564.2178  ANGLE   =      1523.0602  DIHED      =      1012.0196
 UB     =         0.0000  IMP     =         0.0000  CMAP       =       142.1274
 1-4 NB =       656.8102  1-4 EEL =      6153.7729  VDWAALS    =     14564.5843
 EELEC  =   -148105.6729  EHBOND  =         0.0000  RESTRAINT  =         0.0000
 EKCMT  =         0.0000  VIRIAL  =         0.0000  VOLUME     =    300548.1303
                                                    Density    =         1.0349
 ------------------------------------------------------------------------------


 NSTEP =  2625000   TIME(PS) =    6950.000  TEMP(K) =   300.11  PRESS =     0.0
 Etot   =   -104718.2906  EKtot   =     18559.3887  EPtot      =   -123277.6793
 BOND   =       576.9974  ANGLE   =      1494.0799  DIHED      =      1024.7879
 UB     =         0.0000  IMP     =         0.0000  CMAP       =       138.8254
 1-4 NB =       665.2236  1-4 EEL =      6181.2428  VDWAALS    =     14313.2086
 EELEC  =   -147672.0449  EHBOND  =         0.0000  RESTRAINT  =         0.0000
 EKCMT  =         0.0000  VIRIAL  =         0.0000  VOLUME     =    303159.4237
                                                    Density    =         1.0260
 ------------------------------------------------------------------------------


 NSTEP =  2650000   TIME(PS) =    7000.000  TEMP(K) =   299.50  PRESS =     0.0
 Etot   =   -104865.2829  EKtot   =     18521.7891  EPtot      =   -123387.0720
 BOND   =       584.3759  ANGLE   =      1531.9285  DIHED      =      1041.6344
 UB     =         0.0000  IMP     =         0.0000  CMAP       =       141.2254
 1-4 NB =       655.1928  1-4 EEL =      6181.1299  VDWAALS    =     14564.7826
 EELEC  =   -148087.3414  EHBOND  =         0.0000  RESTRAINT  =         0.0000
 EKCMT  =         0.0000  VIRIAL  =         0.0000  VOLUME     =    301815.6400
                                                    Density    =         1.0306
 ------------------------------------------------------------------------------


 NSTEP =  2675000   TIME(PS) =    7050.000  TEMP(K) =   297.87  PRESS =     0.0
 Etot   =   -104799.4484  EKtot   =     18420.5020  EPtot      =   -123219.9504
 BOND   =       607.0491  ANGLE   =      1507.8038  DIHED      =      1016.4018
 UB     =         0.0000  IMP     =         0.0000  CMAP       =       140.0480
 1-4 NB =       669.2033  1-4 EEL =      6102.8581  VDWAALS    =     14423.8908
 EELEC  =   -147687.2052  EHBOND  =         0.0000  RESTRAINT  =         0.0000
 EKCMT  =         0.0000  VIRIAL  =         0.0000  VOLUME     =    301918.6865
                                                    Density    =         1.0302
 ------------------------------------------------------------------------------


 NSTEP =  2700000   TIME(PS) =    7100.000  TEMP(K) =   298.53  PRESS =     0.0
 Etot   =   -105016.9056  EKtot   =     18461.7402  EPtot      =   -123478.6458
 BOND   =       572.1502  ANGLE   =      1566.5553  DIHED      =      1043.8138
 UB     =         0.0000  IMP     =         0.0000  CMAP       =       125.7217
 1-4 NB =       659.3985  1-4 EEL =      6187.3912  VDWAALS    =     14369.4301
 EELEC  =   -148003.1066  EHBOND  =         0.0000  RESTRAINT  =         0.0000
 EKCMT  =         0.0000  VIRIAL  =         0.0000  VOLUME     =    302694.8581
                                                    Density    =         1.0276
 ------------------------------------------------------------------------------


 NSTEP =  2725000   TIME(PS) =    7150.000  TEMP(K) =   302.65  PRESS =     0.0
 Etot   =   -104554.6287  EKtot   =     18716.2383  EPtot      =   -123270.8670
 BOND   =       508.2315  ANGLE   =      1499.6943  DIHED      =      1007.7724
 UB     =         0.0000  IMP     =         0.0000  CMAP       =       137.7529
 1-4 NB =       667.2473  1-4 EEL =      6202.8950  VDWAALS    =     14250.6793
 EELEC  =   -147545.1396  EHBOND  =         0.0000  RESTRAINT  =         0.0000
 EKCMT  =         0.0000  VIRIAL  =         0.0000  VOLUME     =    298863.8873
                                                    Density    =         1.0407
 ------------------------------------------------------------------------------


 NSTEP =  2750000   TIME(PS) =    7200.000  TEMP(K) =   296.60  PRESS =     0.0
 Etot   =   -104902.1745  EKtot   =     18342.1270  EPtot      =   -123244.3014
 BOND   =       568.7440  ANGLE   =      1542.1937  DIHED      =      1031.0418
 UB     =         0.0000  IMP     =         0.0000  CMAP       =       130.9290
 1-4 NB =       650.4119  1-4 EEL =      6231.7974  VDWAALS    =     14496.7824
 EELEC  =   -147896.2016  EHBOND  =         0.0000  RESTRAINT  =         0.0000
 EKCMT  =         0.0000  VIRIAL  =         0.0000  VOLUME     =    300278.4881
                                                    Density    =         1.0358
 ------------------------------------------------------------------------------


 NSTEP =  2775000   TIME(PS) =    7250.000  TEMP(K) =   300.95  PRESS =     0.0
 Etot   =   -104541.0242  EKtot   =     18611.1777  EPtot      =   -123152.2020
 BOND   =       547.9279  ANGLE   =      1542.9229  DIHED      =      1040.3528
 UB     =         0.0000  IMP     =         0.0000  CMAP       =       127.2461
 1-4 NB =       653.0863  1-4 EEL =      6215.7117  VDWAALS    =     14580.4747
 EELEC  =   -147859.9243  EHBOND  =         0.0000  RESTRAINT  =         0.0000
 EKCMT  =         0.0000  VIRIAL  =         0.0000  VOLUME     =    300700.9857
                                                    Density    =         1.0344
 ------------------------------------------------------------------------------


 NSTEP =  2800000   TIME(PS) =    7300.000  TEMP(K) =   300.67  PRESS =     0.0
 Etot   =   -104737.6288  EKtot   =     18593.6543  EPtot      =   -123331.2831
 BOND   =       573.1273  ANGLE   =      1519.4108  DIHED      =      1003.6706
 UB     =         0.0000  IMP     =         0.0000  CMAP       =       135.9621
 1-4 NB =       652.7665  1-4 EEL =      6199.6747  VDWAALS    =     14657.8226
 EELEC  =   -148073.7178  EHBOND  =         0.0000  RESTRAINT  =         0.0000
 EKCMT  =         0.0000  VIRIAL  =         0.0000  VOLUME     =    302003.0455
                                                    Density    =         1.0299
 ------------------------------------------------------------------------------


 NSTEP =  2825000   TIME(PS) =    7350.000  TEMP(K) =   299.62  PRESS =     0.0
 Etot   =   -104637.7163  EKtot   =     18529.0859  EPtot      =   -123166.8023
 BOND   =       568.8667  ANGLE   =      1518.0146  DIHED      =      1028.5317
 UB     =         0.0000  IMP     =         0.0000  CMAP       =       126.5542
 1-4 NB =       644.7759  1-4 EEL =      6202.1411  VDWAALS    =     14237.7903
 EELEC  =   -147493.4768  EHBOND  =         0.0000  RESTRAINT  =         0.0000
 EKCMT  =         0.0000  VIRIAL  =         0.0000  VOLUME     =    299693.1725
                                                    Density    =         1.0379
 ------------------------------------------------------------------------------


 NSTEP =  2850000   TIME(PS) =    7400.000  TEMP(K) =   300.43  PRESS =     0.0
 Etot   =   -104509.1893  EKtot   =     18578.7480  EPtot      =   -123087.9374
 BOND   =       558.7221  ANGLE   =      1558.3436  DIHED      =       996.4126
 UB     =         0.0000  IMP     =         0.0000  CMAP       =       138.8258
 1-4 NB =       646.0991  1-4 EEL =      6198.1656  VDWAALS    =     14230.2883
 EELEC  =   -147414.7945  EHBOND  =         0.0000  RESTRAINT  =         0.0000
 EKCMT  =         0.0000  VIRIAL  =         0.0000  VOLUME     =    300940.2629
                                                    Density    =         1.0336
 ------------------------------------------------------------------------------


 NSTEP =  2875000   TIME(PS) =    7450.000  TEMP(K) =   301.40  PRESS =     0.0
 Etot   =   -104791.2493  EKtot   =     18638.7402  EPtot      =   -123429.9895
 BOND   =       531.7456  ANGLE   =      1495.2596  DIHED      =      1021.5644
 UB     =         0.0000  IMP     =         0.0000  CMAP       =       149.3081
 1-4 NB =       644.3993  1-4 EEL =      6231.9730  VDWAALS    =     14611.0879
 EELEC  =   -148115.3273  EHBOND  =         0.0000  RESTRAINT  =         0.0000
 EKCMT  =         0.0000  VIRIAL  =         0.0000  VOLUME     =    300879.0525
                                                    Density    =         1.0338
 ------------------------------------------------------------------------------


 NSTEP =  2900000   TIME(PS) =    7500.000  TEMP(K) =   301.13  PRESS =     0.0
 Etot   =   -104670.9245  EKtot   =     18622.3574  EPtot      =   -123293.2820
 BOND   =       574.6860  ANGLE   =      1545.4750  DIHED      =       981.9566
 UB     =         0.0000  IMP     =         0.0000  CMAP       =       138.1684
 1-4 NB =       656.1015  1-4 EEL =      6234.2419  VDWAALS    =     14408.2102
 EELEC  =   -147832.1215  EHBOND  =         0.0000  RESTRAINT  =         0.0000
 EKCMT  =         0.0000  VIRIAL  =         0.0000  VOLUME     =    301407.6984
                                                    Density    =         1.0320
 ------------------------------------------------------------------------------


 NSTEP =  2925000   TIME(PS) =    7550.000  TEMP(K) =   299.33  PRESS =     0.0
 Etot   =   -104601.5677  EKtot   =     18511.1660  EPtot      =   -123112.7337
 BOND   =       565.8514  ANGLE   =      1483.9532  DIHED      =      1020.2001
 UB     =         0.0000  IMP     =         0.0000  CMAP       =       133.6913
 1-4 NB =       659.8616  1-4 EEL =      6214.1323  VDWAALS    =     14251.8422
 EELEC  =   -147442.2658  EHBOND  =         0.0000  RESTRAINT  =         0.0000
 EKCMT  =         0.0000  VIRIAL  =         0.0000  VOLUME     =    301205.3229
                                                    Density    =         1.0327
 ------------------------------------------------------------------------------


 NSTEP =  2950000   TIME(PS) =    7600.000  TEMP(K) =   298.89  PRESS =     0.0
 Etot   =   -104813.8584  EKtot   =     18483.7559  EPtot      =   -123297.6143
 BOND   =       605.0640  ANGLE   =      1471.0018  DIHED      =      1010.2259
 UB     =         0.0000  IMP     =         0.0000  CMAP       =       132.3994
 1-4 NB =       666.4196  1-4 EEL =      6229.5203  VDWAALS    =     14275.6864
 EELEC  =   -147687.9317  EHBOND  =         0.0000  RESTRAINT  =         0.0000
 EKCMT  =         0.0000  VIRIAL  =         0.0000  VOLUME     =    301605.3384
                                                    Density    =         1.0313
 ------------------------------------------------------------------------------


 NSTEP =  2975000   TIME(PS) =    7650.000  TEMP(K) =   300.11  PRESS =     0.0
 Etot   =   -104830.9831  EKtot   =     18559.0566  EPtot      =   -123390.0397
 BOND   =       573.4869  ANGLE   =      1569.5098  DIHED      =      1025.0881
 UB     =         0.0000  IMP     =         0.0000  CMAP       =       139.3261
 1-4 NB =       657.7369  1-4 EEL =      6170.2182  VDWAALS    =     14396.2931
 EELEC  =   -147921.6989  EHBOND  =         0.0000  RESTRAINT  =         0.0000
 EKCMT  =         0.0000  VIRIAL  =         0.0000  VOLUME     =    300313.6637
                                                    Density    =         1.0357
 ------------------------------------------------------------------------------


 NSTEP =  3000000   TIME(PS) =    7700.000  TEMP(K) =   298.18  PRESS =     0.0
 Etot   =   -104550.7268  EKtot   =     18440.0742  EPtot      =   -122990.8010
 BOND   =       547.0554  ANGLE   =      1529.8682  DIHED      =      1006.3660
 UB     =         0.0000  IMP     =         0.0000  CMAP       =       133.1656
 1-4 NB =       659.0113  1-4 EEL =      6170.3548  VDWAALS    =     14301.6600
 EELEC  =   -147338.2824  EHBOND  =         0.0000  RESTRAINT  =         0.0000
 EKCMT  =         0.0000  VIRIAL  =         0.0000  VOLUME     =    301178.4056
                                                    Density    =         1.0327
 ------------------------------------------------------------------------------


 NSTEP =  3025000   TIME(PS) =    7750.000  TEMP(K) =   297.33  PRESS =     0.0
 Etot   =   -104826.6639  EKtot   =     18387.1523  EPtot      =   -123213.8163
 BOND   =       601.2396  ANGLE   =      1473.7326  DIHED      =      1010.1585
 UB     =         0.0000  IMP     =         0.0000  CMAP       =       132.9893
 1-4 NB =       640.7855  1-4 EEL =      6181.4449  VDWAALS    =     14464.3593
 EELEC  =   -147718.5260  EHBOND  =         0.0000  RESTRAINT  =         0.0000
 EKCMT  =         0.0000  VIRIAL  =         0.0000  VOLUME     =    301211.0940
                                                    Density    =         1.0326
 ------------------------------------------------------------------------------


 NSTEP =  3050000   TIME(PS) =    7800.000  TEMP(K) =   300.20  PRESS =     0.0
 Etot   =   -104880.2826  EKtot   =     18564.8867  EPtot      =   -123445.1694
 BOND   =       532.5164  ANGLE   =      1516.5500  DIHED      =       995.2102
 UB     =         0.0000  IMP     =         0.0000  CMAP       =       132.1251
 1-4 NB =       645.8071  1-4 EEL =      6243.7959  VDWAALS    =     14286.8233
 EELEC  =   -147797.9973  EHBOND  =         0.0000  RESTRAINT  =         0.0000
 EKCMT  =         0.0000  VIRIAL  =         0.0000  VOLUME     =    301278.6695
                                                    Density    =         1.0324
 ------------------------------------------------------------------------------


 NSTEP =  3075000   TIME(PS) =    7850.000  TEMP(K) =   297.88  PRESS =     0.0
 Etot   =   -104845.9917  EKtot   =     18421.0449  EPtot      =   -123267.0366
 BOND   =       546.4985  ANGLE   =      1558.6725  DIHED      =       996.7366
 UB     =         0.0000  IMP     =         0.0000  CMAP       =       140.6675
 1-4 NB =       639.5815  1-4 EEL =      6234.8403  VDWAALS    =     14435.1860
 EELEC  =   -147819.2195  EHBOND  =         0.0000  RESTRAINT  =         0.0000
 EKCMT  =         0.0000  VIRIAL  =         0.0000  VOLUME     =    300900.8592
                                                    Density    =         1.0337
 ------------------------------------------------------------------------------


 NSTEP =  3100000   TIME(PS) =    7900.000  TEMP(K) =   298.74  PRESS =     0.0
 Etot   =   -105005.3117  EKtot   =     18474.5117  EPtot      =   -123479.8235
 BOND   =       532.9301  ANGLE   =      1507.5788  DIHED      =      1026.0425
 UB     =         0.0000  IMP     =         0.0000  CMAP       =       129.3570
 1-4 NB =       651.3755  1-4 EEL =      6293.4508  VDWAALS    =     14567.2483
 EELEC  =   -148187.8064  EHBOND  =         0.0000  RESTRAINT  =         0.0000
 EKCMT  =         0.0000  VIRIAL  =         0.0000  VOLUME     =    302054.1957
                                                    Density    =         1.0298
 ------------------------------------------------------------------------------


 NSTEP =  3125000   TIME(PS) =    7950.000  TEMP(K) =   298.84  PRESS =     0.0
 Etot   =   -104988.9192  EKtot   =     18480.7773  EPtot      =   -123469.6965
 BOND   =       569.9164  ANGLE   =      1509.5326  DIHED      =       997.8002
 UB     =         0.0000  IMP     =         0.0000  CMAP       =       124.1988
 1-4 NB =       645.2764  1-4 EEL =      6305.7199  VDWAALS    =     14853.9716
 EELEC  =   -148476.1124  EHBOND  =         0.0000  RESTRAINT  =         0.0000
 EKCMT  =         0.0000  VIRIAL  =         0.0000  VOLUME     =    300620.5107
                                                    Density    =         1.0347
 ------------------------------------------------------------------------------


 NSTEP =  3150000   TIME(PS) =    8000.000  TEMP(K) =   300.41  PRESS =     0.0
 Etot   =   -104790.4595  EKtot   =     18577.5176  EPtot      =   -123367.9771
 BOND   =       583.3953  ANGLE   =      1495.1067  DIHED      =      1002.3228
 UB     =         0.0000  IMP     =         0.0000  CMAP       =       129.6296
 1-4 NB =       633.4650  1-4 EEL =      6235.7287  VDWAALS    =     14412.1829
 EELEC  =   -147859.8080  EHBOND  =         0.0000  RESTRAINT  =         0.0000
 EKCMT  =         0.0000  VIRIAL  =         0.0000  VOLUME     =    300876.5667
                                                    Density    =         1.0338
 ------------------------------------------------------------------------------


 NSTEP =  3175000   TIME(PS) =    8050.000  TEMP(K) =   300.73  PRESS =     0.0
 Etot   =   -104861.7561  EKtot   =     18597.8027  EPtot      =   -123459.5588
 BOND   =       580.8057  ANGLE   =      1533.4023  DIHED      =      1035.5261
 UB     =         0.0000  IMP     =         0.0000  CMAP       =       141.5705
 1-4 NB =       657.7246  1-4 EEL =      6228.3459  VDWAALS    =     14562.0041
 EELEC  =   -148198.9378  EHBOND  =         0.0000  RESTRAINT  =         0.0000
 EKCMT  =         0.0000  VIRIAL  =         0.0000  VOLUME     =    300324.0395
                                                    Density    =         1.0357
 ------------------------------------------------------------------------------


 NSTEP =  3200000   TIME(PS) =    8100.000  TEMP(K) =   301.80  PRESS =     0.0
 Etot   =   -104726.8276  EKtot   =     18663.7422  EPtot      =   -123390.5698
 BOND   =       546.1519  ANGLE   =      1515.0310  DIHED      =      1010.8923
 UB     =         0.0000  IMP     =         0.0000  CMAP       =       152.5219
 1-4 NB =       651.2575  1-4 EEL =      6232.2818  VDWAALS    =     14184.9585
 EELEC  =   -147683.6646  EHBOND  =         0.0000  RESTRAINT  =         0.0000
 EKCMT  =         0.0000  VIRIAL  =         0.0000  VOLUME     =    299926.7385
                                                    Density    =         1.0371
 ------------------------------------------------------------------------------


 NSTEP =  3225000   TIME(PS) =    8150.000  TEMP(K) =   297.92  PRESS =     0.0
 Etot   =   -104981.4960  EKtot   =     18424.0371  EPtot      =   -123405.5331
 BOND   =       576.6314  ANGLE   =      1584.9143  DIHED      =       980.8570
 UB     =         0.0000  IMP     =         0.0000  CMAP       =       140.4059
 1-4 NB =       631.0589  1-4 EEL =      6195.5718  VDWAALS    =     14632.0501
 EELEC  =   -148147.0224  EHBOND  =         0.0000  RESTRAINT  =         0.0000
 EKCMT  =         0.0000  VIRIAL  =         0.0000  VOLUME     =    300069.7128
                                                    Density    =         1.0366
 ------------------------------------------------------------------------------


 NSTEP =  3250000   TIME(PS) =    8200.000  TEMP(K) =   297.76  PRESS =     0.0
 Etot   =   -105052.5668  EKtot   =     18413.6895  EPtot      =   -123466.2563
 BOND   =       548.2449  ANGLE   =      1501.8001  DIHED      =      1001.8829
 UB     =         0.0000  IMP     =         0.0000  CMAP       =       136.9948
 1-4 NB =       646.2676  1-4 EEL =      6160.3153  VDWAALS    =     14466.2478
 EELEC  =   -147928.0096  EHBOND  =         0.0000  RESTRAINT  =         0.0000
 EKCMT  =         0.0000  VIRIAL  =         0.0000  VOLUME     =    299903.6085
                                                    Density    =         1.0371
 ------------------------------------------------------------------------------


 NSTEP =  3275000   TIME(PS) =    8250.000  TEMP(K) =   301.81  PRESS =     0.0
 Etot   =   -104988.8481  EKtot   =     18664.5117  EPtot      =   -123653.3598
 BOND   =       548.6457  ANGLE   =      1524.3608  DIHED      =      1020.4133
 UB     =         0.0000  IMP     =         0.0000  CMAP       =       137.7632
 1-4 NB =       639.3861  1-4 EEL =      6206.5001  VDWAALS    =     14582.0242
 EELEC  =   -148312.4532  EHBOND  =         0.0000  RESTRAINT  =         0.0000
 EKCMT  =         0.0000  VIRIAL  =         0.0000  VOLUME     =    300331.7300
                                                    Density    =         1.0357
 ------------------------------------------------------------------------------


 NSTEP =  3300000   TIME(PS) =    8300.000  TEMP(K) =   298.88  PRESS =     0.0
 Etot   =   -104504.3904  EKtot   =     18483.3594  EPtot      =   -122987.7498
 BOND   =       554.0222  ANGLE   =      1520.9885  DIHED      =      1035.5924
 UB     =         0.0000  IMP     =         0.0000  CMAP       =       130.8984
 1-4 NB =       671.2372  1-4 EEL =      6214.1783  VDWAALS    =     14184.0154
 EELEC  =   -147298.6823  EHBOND  =         0.0000  RESTRAINT  =         0.0000
 EKCMT  =         0.0000  VIRIAL  =         0.0000  VOLUME     =    302115.5611
                                                    Density    =         1.0295
 ------------------------------------------------------------------------------


 NSTEP =  3325000   TIME(PS) =    8350.000  TEMP(K) =   300.92  PRESS =     0.0
 Etot   =   -104726.3735  EKtot   =     18609.5215  EPtot      =   -123335.8950
 BOND   =       580.0473  ANGLE   =      1443.7623  DIHED      =       997.8835
 UB     =         0.0000  IMP     =         0.0000  CMAP       =       147.3766
 1-4 NB =       647.8277  1-4 EEL =      6225.6943  VDWAALS    =     14376.0966
 EELEC  =   -147754.5832  EHBOND  =         0.0000  RESTRAINT  =         0.0000
 EKCMT  =         0.0000  VIRIAL  =         0.0000  VOLUME     =    300062.6483
                                                    Density    =         1.0366
 ------------------------------------------------------------------------------


 NSTEP =  3350000   TIME(PS) =    8400.000  TEMP(K) =   299.80  PRESS =     0.0
 Etot   =   -104953.6145  EKtot   =     18540.2168  EPtot      =   -123493.8313
 BOND   =       537.2735  ANGLE   =      1510.1906  DIHED      =      1003.0333
 UB     =         0.0000  IMP     =         0.0000  CMAP       =       146.7388
 1-4 NB =       656.2655  1-4 EEL =      6216.9666  VDWAALS    =     14969.6668
 EELEC  =   -148533.9665  EHBOND  =         0.0000  RESTRAINT  =         0.0000
 EKCMT  =         0.0000  VIRIAL  =         0.0000  VOLUME     =    301886.9079
                                                    Density    =         1.0303
 ------------------------------------------------------------------------------


 NSTEP =  3375000   TIME(PS) =    8450.000  TEMP(K) =   300.07  PRESS =     0.0
 Etot   =   -104649.1019  EKtot   =     18556.9434  EPtot      =   -123206.0452
 BOND   =       583.4140  ANGLE   =      1524.5672  DIHED      =      1030.0757
 UB     =         0.0000  IMP     =         0.0000  CMAP       =       132.4120
 1-4 NB =       674.0687  1-4 EEL =      6211.5179  VDWAALS    =     14214.3925
 EELEC  =   -147576.4933  EHBOND  =         0.0000  RESTRAINT  =         0.0000
 EKCMT  =         0.0000  VIRIAL  =         0.0000  VOLUME     =    300117.1727
                                                    Density    =         1.0364
 ------------------------------------------------------------------------------


 NSTEP =  3400000   TIME(PS) =    8500.000  TEMP(K) =   300.66  PRESS =     0.0
 Etot   =   -104735.6302  EKtot   =     18593.0293  EPtot      =   -123328.6595
 BOND   =       564.7580  ANGLE   =      1517.7651  DIHED      =       997.6255
 UB     =         0.0000  IMP     =         0.0000  CMAP       =       138.4859
 1-4 NB =       645.4803  1-4 EEL =      6279.5312  VDWAALS    =     14531.3493
 EELEC  =   -148003.6549  EHBOND  =         0.0000  RESTRAINT  =         0.0000
 EKCMT  =         0.0000  VIRIAL  =         0.0000  VOLUME     =    299206.9755
                                                    Density    =         1.0395
 ------------------------------------------------------------------------------


 NSTEP =  3425000   TIME(PS) =    8550.000  TEMP(K) =   298.46  PRESS =     0.0
 Etot   =   -104911.2530  EKtot   =     18457.2812  EPtot      =   -123368.5342
 BOND   =       589.5682  ANGLE   =      1502.2656  DIHED      =       999.7628
 UB     =         0.0000  IMP     =         0.0000  CMAP       =       132.5538
 1-4 NB =       668.9852  1-4 EEL =      6185.4360  VDWAALS    =     14730.3299
 EELEC  =   -148177.4357  EHBOND  =         0.0000  RESTRAINT  =         0.0000
 EKCMT  =         0.0000  VIRIAL  =         0.0000  VOLUME     =    301033.1896
                                                    Density    =         1.0332
 ------------------------------------------------------------------------------


 NSTEP =  3450000   TIME(PS) =    8600.000  TEMP(K) =   298.20  PRESS =     0.0
 Etot   =   -104814.8885  EKtot   =     18441.3223  EPtot      =   -123256.2108
 BOND   =       548.1814  ANGLE   =      1485.8046  DIHED      =      1011.3381
 UB     =         0.0000  IMP     =         0.0000  CMAP       =       123.5764
 1-4 NB =       680.3095  1-4 EEL =      6217.4021  VDWAALS    =     14384.8998
 EELEC  =   -147707.7227  EHBOND  =         0.0000  RESTRAINT  =         0.0000
 EKCMT  =         0.0000  VIRIAL  =         0.0000  VOLUME     =    300615.5001
                                                    Density    =         1.0347
 ------------------------------------------------------------------------------


 NSTEP =  3475000   TIME(PS) =    8650.000  TEMP(K) =   299.32  PRESS =     0.0
 Etot   =   -104738.8957  EKtot   =     18510.6328  EPtot      =   -123249.5286
 BOND   =       524.3782  ANGLE   =      1534.5567  DIHED      =      1006.2337
 UB     =         0.0000  IMP     =         0.0000  CMAP       =       143.3559
 1-4 NB =       662.5348  1-4 EEL =      6220.5303  VDWAALS    =     14165.6631
 EELEC  =   -147506.7811  EHBOND  =         0.0000  RESTRAINT  =         0.0000
 EKCMT  =         0.0000  VIRIAL  =         0.0000  VOLUME     =    302438.5733
                                                    Density    =         1.0284
 ------------------------------------------------------------------------------


 NSTEP =  3500000   TIME(PS) =    8700.000  TEMP(K) =   300.16  PRESS =     0.0
 Etot   =   -104698.9755  EKtot   =     18562.3711  EPtot      =   -123261.3466
 BOND   =       548.1116  ANGLE   =      1511.2954  DIHED      =      1022.9869
 UB     =         0.0000  IMP     =         0.0000  CMAP       =       131.8434
 1-4 NB =       661.1292  1-4 EEL =      6205.5774  VDWAALS    =     14734.5948
 EELEC  =   -148076.8855  EHBOND  =         0.0000  RESTRAINT  =         0.0000
 EKCMT  =         0.0000  VIRIAL  =         0.0000  VOLUME     =    302223.4658
                                                    Density    =         1.0292
 ------------------------------------------------------------------------------


 NSTEP =  3525000   TIME(PS) =    8750.000  TEMP(K) =   300.65  PRESS =     0.0
 Etot   =   -104812.1340  EKtot   =     18592.5215  EPtot      =   -123404.6555
 BOND   =       571.3800  ANGLE   =      1548.7230  DIHED      =      1002.9803
 UB     =         0.0000  IMP     =         0.0000  CMAP       =       137.9994
 1-4 NB =       652.9968  1-4 EEL =      6180.8231  VDWAALS    =     14522.1431
 EELEC  =   -148021.7013  EHBOND  =         0.0000  RESTRAINT  =         0.0000
 EKCMT  =         0.0000  VIRIAL  =         0.0000  VOLUME     =    300579.3975
                                                    Density    =         1.0348
 ------------------------------------------------------------------------------


 NSTEP =  3550000   TIME(PS) =    8800.000  TEMP(K) =   299.10  PRESS =     0.0
 Etot   =   -104703.1657  EKtot   =     18496.9453  EPtot      =   -123200.1110
 BOND   =       581.8253  ANGLE   =      1503.4977  DIHED      =      1014.4952
 UB     =         0.0000  IMP     =         0.0000  CMAP       =       137.4445
 1-4 NB =       658.6676  1-4 EEL =      6185.7178  VDWAALS    =     14564.3433
 EELEC  =   -147846.1025  EHBOND  =         0.0000  RESTRAINT  =         0.0000
 EKCMT  =         0.0000  VIRIAL  =         0.0000  VOLUME     =    300432.9568
                                                    Density    =         1.0353
 ------------------------------------------------------------------------------


 NSTEP =  3575000   TIME(PS) =    8850.000  TEMP(K) =   300.37  PRESS =     0.0
 Etot   =   -104873.5910  EKtot   =     18575.5156  EPtot      =   -123449.1067
 BOND   =       539.8788  ANGLE   =      1508.7783  DIHED      =      1013.0307
 UB     =         0.0000  IMP     =         0.0000  CMAP       =       133.2488
 1-4 NB =       665.6687  1-4 EEL =      6168.9232  VDWAALS    =     14541.8159
 EELEC  =   -148020.4509  EHBOND  =         0.0000  RESTRAINT  =         0.0000
 EKCMT  =         0.0000  VIRIAL  =         0.0000  VOLUME     =    300538.6872
                                                    Density    =         1.0349
 ------------------------------------------------------------------------------


 NSTEP =  3600000   TIME(PS) =    8900.000  TEMP(K) =   301.36  PRESS =     0.0
 Etot   =   -104876.1295  EKtot   =     18636.7148  EPtot      =   -123512.8443
 BOND   =       557.0626  ANGLE   =      1522.6752  DIHED      =      1031.3500
 UB     =         0.0000  IMP     =         0.0000  CMAP       =       142.4896
 1-4 NB =       648.3694  1-4 EEL =      6253.2415  VDWAALS    =     14541.4384
 EELEC  =   -148209.4709  EHBOND  =         0.0000  RESTRAINT  =         0.0000
 EKCMT  =         0.0000  VIRIAL  =         0.0000  VOLUME     =    300319.2806
                                                    Density    =         1.0357
 ------------------------------------------------------------------------------


 NSTEP =  3625000   TIME(PS) =    8950.000  TEMP(K) =   301.25  PRESS =     0.0
 Etot   =   -105024.7917  EKtot   =     18629.9395  EPtot      =   -123654.7312
 BOND   =       523.2643  ANGLE   =      1544.9880  DIHED      =       996.9998
 UB     =         0.0000  IMP     =         0.0000  CMAP       =       135.5992
 1-4 NB =       666.3368  1-4 EEL =      6176.6037  VDWAALS    =     14285.1909
 EELEC  =   -147983.7139  EHBOND  =         0.0000  RESTRAINT  =         0.0000
 EKCMT  =         0.0000  VIRIAL  =         0.0000  VOLUME     =    301250.3075
                                                    Density    =         1.0325
 ------------------------------------------------------------------------------


 NSTEP =  3650000   TIME(PS) =    9000.000  TEMP(K) =   300.32  PRESS =     0.0
 Etot   =   -104775.6846  EKtot   =     18572.1523  EPtot      =   -123347.8370
 BOND   =       547.4102  ANGLE   =      1517.5810  DIHED      =       989.1303
 UB     =         0.0000  IMP     =         0.0000  CMAP       =       130.6707
 1-4 NB =       659.0022  1-4 EEL =      6199.2963  VDWAALS    =     14358.5898
 EELEC  =   -147749.5175  EHBOND  =         0.0000  RESTRAINT  =         0.0000
 EKCMT  =         0.0000  VIRIAL  =         0.0000  VOLUME     =    300962.6955
                                                    Density    =         1.0335
 ------------------------------------------------------------------------------


 NSTEP =  3675000   TIME(PS) =    9050.000  TEMP(K) =   299.41  PRESS =     0.0
 Etot   =   -104619.5990  EKtot   =     18515.6445  EPtot      =   -123135.2435
 BOND   =       555.0033  ANGLE   =      1515.8314  DIHED      =      1009.4360
 UB     =         0.0000  IMP     =         0.0000  CMAP       =       131.9340
 1-4 NB =       663.2845  1-4 EEL =      6235.0455  VDWAALS    =     14362.2630
 EELEC  =   -147608.0414  EHBOND  =         0.0000  RESTRAINT  =         0.0000
 EKCMT  =         0.0000  VIRIAL  =         0.0000  VOLUME     =    300933.0476
                                                    Density    =         1.0336
 ------------------------------------------------------------------------------


 NSTEP =  3700000   TIME(PS) =    9100.000  TEMP(K) =   300.95  PRESS =     0.0
 Etot   =   -104932.4181  EKtot   =     18611.0664  EPtot      =   -123543.4845
 BOND   =       562.0226  ANGLE   =      1502.9207  DIHED      =      1008.3755
 UB     =         0.0000  IMP     =         0.0000  CMAP       =       127.7915
 1-4 NB =       663.6878  1-4 EEL =      6229.7913  VDWAALS    =     14488.8520
 EELEC  =   -148126.9258  EHBOND  =         0.0000  RESTRAINT  =         0.0000
 EKCMT  =         0.0000  VIRIAL  =         0.0000  VOLUME     =    301350.7211
                                                    Density    =         1.0322
 ------------------------------------------------------------------------------


 NSTEP =  3725000   TIME(PS) =    9150.000  TEMP(K) =   295.73  PRESS =     0.0
 Etot   =   -105193.3906  EKtot   =     18288.1777  EPtot      =   -123481.5684
 BOND   =       535.3547  ANGLE   =      1473.5802  DIHED      =      1016.8488
 UB     =         0.0000  IMP     =         0.0000  CMAP       =       141.3005
 1-4 NB =       659.5344  1-4 EEL =      6216.3642  VDWAALS    =     14337.9742
 EELEC  =   -147862.5254  EHBOND  =         0.0000  RESTRAINT  =         0.0000
 EKCMT  =         0.0000  VIRIAL  =         0.0000  VOLUME     =    300135.6363
                                                    Density    =         1.0363
 ------------------------------------------------------------------------------


 NSTEP =  3750000   TIME(PS) =    9200.000  TEMP(K) =   299.36  PRESS =     0.0
 Etot   =   -105141.4249  EKtot   =     18513.0391  EPtot      =   -123654.4639
 BOND   =       545.9589  ANGLE   =      1505.7171  DIHED      =      1013.9851
 UB     =         0.0000  IMP     =         0.0000  CMAP       =       145.4620
 1-4 NB =       654.4635  1-4 EEL =      6245.5324  VDWAALS    =     14604.3961
 EELEC  =   -148369.9790  EHBOND  =         0.0000  RESTRAINT  =         0.0000
 EKCMT  =         0.0000  VIRIAL  =         0.0000  VOLUME     =    300336.1500
                                                    Density    =         1.0356
 ------------------------------------------------------------------------------


 NSTEP =  3775000   TIME(PS) =    9250.000  TEMP(K) =   300.70  PRESS =     0.0
 Etot   =   -104640.3113  EKtot   =     18595.6328  EPtot      =   -123235.9441
 BOND   =       557.2091  ANGLE   =      1526.4745  DIHED      =      1013.8205
 UB     =         0.0000  IMP     =         0.0000  CMAP       =       126.7824
 1-4 NB =       648.2676  1-4 EEL =      6181.6827  VDWAALS    =     14128.6927
 EELEC  =   -147418.8736  EHBOND  =         0.0000  RESTRAINT  =         0.0000
 EKCMT  =         0.0000  VIRIAL  =         0.0000  VOLUME     =    300652.8799
                                                    Density    =         1.0346
 ------------------------------------------------------------------------------


 NSTEP =  3800000   TIME(PS) =    9300.000  TEMP(K) =   301.83  PRESS =     0.0
 Etot   =   -104581.1976  EKtot   =     18665.6250  EPtot      =   -123246.8226
 BOND   =       558.7730  ANGLE   =      1488.5630  DIHED      =       994.1450
 UB     =         0.0000  IMP     =         0.0000  CMAP       =       150.1044
 1-4 NB =       667.5969  1-4 EEL =      6220.6414  VDWAALS    =     14260.6366
 EELEC  =   -147587.2829  EHBOND  =         0.0000  RESTRAINT  =         0.0000
 EKCMT  =         0.0000  VIRIAL  =         0.0000  VOLUME     =    301017.4139
                                                    Density    =         1.0333
 ------------------------------------------------------------------------------


 NSTEP =  3825000   TIME(PS) =    9350.000  TEMP(K) =   298.54  PRESS =     0.0
 Etot   =   -104946.3985  EKtot   =     18462.0098  EPtot      =   -123408.4083
 BOND   =       549.3793  ANGLE   =      1543.3217  DIHED      =      1012.9672
 UB     =         0.0000  IMP     =         0.0000  CMAP       =       134.7352
 1-4 NB =       651.2102  1-4 EEL =      6222.3581  VDWAALS    =     14613.6855
 EELEC  =   -148136.0655  EHBOND  =         0.0000  RESTRAINT  =         0.0000
 EKCMT  =         0.0000  VIRIAL  =         0.0000  VOLUME     =    299695.0506
                                                    Density    =         1.0379
 ------------------------------------------------------------------------------


 NSTEP =  3850000   TIME(PS) =    9400.000  TEMP(K) =   300.94  PRESS =     0.0
 Etot   =   -104792.6021  EKtot   =     18610.7227  EPtot      =   -123403.3247
 BOND   =       571.7206  ANGLE   =      1545.6122  DIHED      =      1049.5478
 UB     =         0.0000  IMP     =         0.0000  CMAP       =       129.9942
 1-4 NB =       647.0147  1-4 EEL =      6180.3885  VDWAALS    =     14479.8129
 EELEC  =   -148007.4156  EHBOND  =         0.0000  RESTRAINT  =         0.0000
 EKCMT  =         0.0000  VIRIAL  =         0.0000  VOLUME     =    300861.1545
                                                    Density    =         1.0338
 ------------------------------------------------------------------------------


 NSTEP =  3875000   TIME(PS) =    9450.000  TEMP(K) =   300.21  PRESS =     0.0
 Etot   =   -104768.9557  EKtot   =     18565.1152  EPtot      =   -123334.0710
 BOND   =       562.2413  ANGLE   =      1498.0423  DIHED      =      1046.3793
 UB     =         0.0000  IMP     =         0.0000  CMAP       =       133.1570
 1-4 NB =       648.3667  1-4 EEL =      6188.3029  VDWAALS    =     14188.5006
 EELEC  =   -147599.0611  EHBOND  =         0.0000  RESTRAINT  =         0.0000
 EKCMT  =         0.0000  VIRIAL  =         0.0000  VOLUME     =    299926.9891
                                                    Density    =         1.0371
 ------------------------------------------------------------------------------


 NSTEP =  3900000   TIME(PS) =    9500.000  TEMP(K) =   296.13  PRESS =     0.0
 Etot   =   -105045.7503  EKtot   =     18312.9590  EPtot      =   -123358.7093
 BOND   =       581.7588  ANGLE   =      1517.0777  DIHED      =      1014.8398
 UB     =         0.0000  IMP     =         0.0000  CMAP       =       138.0137
 1-4 NB =       647.4407  1-4 EEL =      6185.4565  VDWAALS    =     14240.3724
 EELEC  =   -147683.6690  EHBOND  =         0.0000  RESTRAINT  =         0.0000
 EKCMT  =         0.0000  VIRIAL  =         0.0000  VOLUME     =    299590.3247
                                                    Density    =         1.0382
 ------------------------------------------------------------------------------


 NSTEP =  3925000   TIME(PS) =    9550.000  TEMP(K) =   301.27  PRESS =     0.0
 Etot   =   -104693.9158  EKtot   =     18630.9863  EPtot      =   -123324.9021
 BOND   =       507.3763  ANGLE   =      1477.7797  DIHED      =      1005.4556
 UB     =         0.0000  IMP     =         0.0000  CMAP       =       134.5587
 1-4 NB =       655.9330  1-4 EEL =      6203.4267  VDWAALS    =     14683.8560
 EELEC  =   -147993.2882  EHBOND  =         0.0000  RESTRAINT  =         0.0000
 EKCMT  =         0.0000  VIRIAL  =         0.0000  VOLUME     =    300417.4589
                                                    Density    =         1.0354
 ------------------------------------------------------------------------------


 NSTEP =  3950000   TIME(PS) =    9600.000  TEMP(K) =   299.10  PRESS =     0.0
 Etot   =   -104940.3877  EKtot   =     18496.4609  EPtot      =   -123436.8486
 BOND   =       546.1688  ANGLE   =      1498.7288  DIHED      =      1028.0905
 UB     =         0.0000  IMP     =         0.0000  CMAP       =       141.0141
 1-4 NB =       655.2383  1-4 EEL =      6205.4049  VDWAALS    =     14629.5695
 EELEC  =   -148141.0635  EHBOND  =         0.0000  RESTRAINT  =         0.0000
 EKCMT  =         0.0000  VIRIAL  =         0.0000  VOLUME     =    300318.8563
                                                    Density    =         1.0357
 ------------------------------------------------------------------------------


 NSTEP =  3975000   TIME(PS) =    9650.000  TEMP(K) =   297.09  PRESS =     0.0
 Etot   =   -105016.6575  EKtot   =     18372.1641  EPtot      =   -123388.8215
 BOND   =       564.7152  ANGLE   =      1513.5775  DIHED      =      1023.4283
 UB     =         0.0000  IMP     =         0.0000  CMAP       =       132.8171
 1-4 NB =       658.3526  1-4 EEL =      6203.8310  VDWAALS    =     14366.5980
 EELEC  =   -147852.1413  EHBOND  =         0.0000  RESTRAINT  =         0.0000
 EKCMT  =         0.0000  VIRIAL  =         0.0000  VOLUME     =    300761.7589
                                                    Density    =         1.0342
 ------------------------------------------------------------------------------


 NSTEP =  4000000   TIME(PS) =    9700.000  TEMP(K) =   298.70  PRESS =     0.0
 Etot   =   -104896.4943  EKtot   =     18471.7656  EPtot      =   -123368.2599
 BOND   =       533.3284  ANGLE   =      1483.7748  DIHED      =      1033.2028
 UB     =         0.0000  IMP     =         0.0000  CMAP       =       135.3306
 1-4 NB =       667.0676  1-4 EEL =      6218.0769  VDWAALS    =     14457.0358
 EELEC  =   -147896.0767  EHBOND  =         0.0000  RESTRAINT  =         0.0000
 EKCMT  =         0.0000  VIRIAL  =         0.0000  VOLUME     =    300705.5536
                                                    Density    =         1.0344
 ------------------------------------------------------------------------------


 NSTEP =  4025000   TIME(PS) =    9750.000  TEMP(K) =   298.80  PRESS =     0.0
 Etot   =   -104873.2595  EKtot   =     18478.2207  EPtot      =   -123351.4802
 BOND   =       550.6696  ANGLE   =      1514.2753  DIHED      =      1017.3903
 UB     =         0.0000  IMP     =         0.0000  CMAP       =       132.4505
 1-4 NB =       647.1954  1-4 EEL =      6167.7237  VDWAALS    =     14624.3049
 EELEC  =   -148005.4899  EHBOND  =         0.0000  RESTRAINT  =         0.0000
 EKCMT  =         0.0000  VIRIAL  =         0.0000  VOLUME     =    301143.1239
                                                    Density    =         1.0329
 ------------------------------------------------------------------------------


 NSTEP =  4050000   TIME(PS) =    9800.000  TEMP(K) =   300.25  PRESS =     0.0
 Etot   =   -104880.7037  EKtot   =     18567.7715  EPtot      =   -123448.4752
 BOND   =       534.7829  ANGLE   =      1524.7095  DIHED      =      1018.9379
 UB     =         0.0000  IMP     =         0.0000  CMAP       =       127.2608
 1-4 NB =       654.5358  1-4 EEL =      6180.2653  VDWAALS    =     14298.9032
 EELEC  =   -147787.8705  EHBOND  =         0.0000  RESTRAINT  =         0.0000
 EKCMT  =         0.0000  VIRIAL  =         0.0000  VOLUME     =    300346.8996
                                                    Density    =         1.0356
 ------------------------------------------------------------------------------


 NSTEP =  4075000   TIME(PS) =    9850.000  TEMP(K) =   300.10  PRESS =     0.0
 Etot   =   -104634.2623  EKtot   =     18558.6133  EPtot      =   -123192.8756
 BOND   =       575.7529  ANGLE   =      1630.5524  DIHED      =      1009.2196
 UB     =         0.0000  IMP     =         0.0000  CMAP       =       126.0507
 1-4 NB =       628.2942  1-4 EEL =      6140.6009  VDWAALS    =     14332.0289
 EELEC  =   -147635.3752  EHBOND  =         0.0000  RESTRAINT  =         0.0000
 EKCMT  =         0.0000  VIRIAL  =         0.0000  VOLUME     =    300956.4469
                                                    Density    =         1.0335
 ------------------------------------------------------------------------------


 NSTEP =  4100000   TIME(PS) =    9900.000  TEMP(K) =   299.87  PRESS =     0.0
 Etot   =   -104691.5507  EKtot   =     18544.1504  EPtot      =   -123235.7011
 BOND   =       581.4564  ANGLE   =      1527.4160  DIHED      =      1011.9605
 UB     =         0.0000  IMP     =         0.0000  CMAP       =       139.7569
 1-4 NB =       651.2072  1-4 EEL =      6192.9627  VDWAALS    =     14493.9598
 EELEC  =   -147834.4207  EHBOND  =         0.0000  RESTRAINT  =         0.0000
 EKCMT  =         0.0000  VIRIAL  =         0.0000  VOLUME     =    300249.9341
                                                    Density    =         1.0359
 ------------------------------------------------------------------------------


 NSTEP =  4125000   TIME(PS) =    9950.000  TEMP(K) =   298.35  PRESS =     0.0
 Etot   =   -104743.2120  EKtot   =     18450.5605  EPtot      =   -123193.7725
 BOND   =       579.9589  ANGLE   =      1499.2261  DIHED      =      1038.4650
 UB     =         0.0000  IMP     =         0.0000  CMAP       =       132.2460
 1-4 NB =       650.6797  1-4 EEL =      6181.3775  VDWAALS    =     14406.8726
 EELEC  =   -147682.5984  EHBOND  =         0.0000  RESTRAINT  =         0.0000
 EKCMT  =         0.0000  VIRIAL  =         0.0000  VOLUME     =    301540.5818
                                                    Density    =         1.0315
 ------------------------------------------------------------------------------


 NSTEP =  4150000   TIME(PS) =   10000.000  TEMP(K) =   297.94  PRESS =     0.0
 Etot   =   -105126.7002  EKtot   =     18425.2520  EPtot      =   -123551.9522
 BOND   =       570.8837  ANGLE   =      1470.1641  DIHED      =      1001.4148
 UB     =         0.0000  IMP     =         0.0000  CMAP       =       128.0284
 1-4 NB =       647.7668  1-4 EEL =      6222.1550  VDWAALS    =     14733.2104
 EELEC  =   -148325.5754  EHBOND  =         0.0000  RESTRAINT  =         0.0000
 EKCMT  =         0.0000  VIRIAL  =         0.0000  VOLUME     =    301457.7296
                                                    Density    =         1.0318
 ------------------------------------------------------------------------------


 NSTEP =  4175000   TIME(PS) =   10050.000  TEMP(K) =   299.01  PRESS =     0.0
 Etot   =   -105011.5718  EKtot   =     18491.3652  EPtot      =   -123502.9370
 BOND   =       595.1258  ANGLE   =      1509.6683  DIHED      =      1029.5585
 UB     =         0.0000  IMP     =         0.0000  CMAP       =       127.3091
 1-4 NB =       653.4641  1-4 EEL =      6162.0397  VDWAALS    =     14673.4510
 EELEC  =   -148253.5534  EHBOND  =         0.0000  RESTRAINT  =         0.0000
 EKCMT  =         0.0000  VIRIAL  =         0.0000  VOLUME     =    301519.3775
                                                    Density    =         1.0316
 ------------------------------------------------------------------------------


 NSTEP =  4200000   TIME(PS) =   10100.000  TEMP(K) =   300.97  PRESS =     0.0
 Etot   =   -104775.6045  EKtot   =     18612.1113  EPtot      =   -123387.7158
 BOND   =       542.3424  ANGLE   =      1520.5918  DIHED      =       989.4651
 UB     =         0.0000  IMP     =         0.0000  CMAP       =       125.1362
 1-4 NB =       657.6246  1-4 EEL =      6184.7274  VDWAALS    =     14255.9172
 EELEC  =   -147663.5205  EHBOND  =         0.0000  RESTRAINT  =         0.0000
 EKCMT  =         0.0000  VIRIAL  =         0.0000  VOLUME     =    300387.5304
                                                    Density    =         1.0355
 ------------------------------------------------------------------------------


 NSTEP =  4225000   TIME(PS) =   10150.000  TEMP(K) =   299.56  PRESS =     0.0
 Etot   =   -104754.5305  EKtot   =     18524.9473  EPtot      =   -123279.4777
 BOND   =       562.9083  ANGLE   =      1575.3494  DIHED      =      1020.0910
 UB     =         0.0000  IMP     =         0.0000  CMAP       =       135.5490
 1-4 NB =       657.3564  1-4 EEL =      6137.3295  VDWAALS    =     14592.8766
 EELEC  =   -147960.9379  EHBOND  =         0.0000  RESTRAINT  =         0.0000
 EKCMT  =         0.0000  VIRIAL  =         0.0000  VOLUME     =    301241.4258
                                                    Density    =         1.0325
 ------------------------------------------------------------------------------


 NSTEP =  4250000   TIME(PS) =   10200.000  TEMP(K) =   301.85  PRESS =     0.0
 Etot   =   -104482.5172  EKtot   =     18666.8281  EPtot      =   -123149.3453
 BOND   =       549.8592  ANGLE   =      1532.9560  DIHED      =       998.4108
 UB     =         0.0000  IMP     =         0.0000  CMAP       =       142.8667
 1-4 NB =       671.8896  1-4 EEL =      6200.0588  VDWAALS    =     14362.6829
 EELEC  =   -147608.0693  EHBOND  =         0.0000  RESTRAINT  =         0.0000
 EKCMT  =         0.0000  VIRIAL  =         0.0000  VOLUME     =    301152.8411
                                                    Density    =         1.0328
 ------------------------------------------------------------------------------


 NSTEP =  4275000   TIME(PS) =   10250.000  TEMP(K) =   302.47  PRESS =     0.0
 Etot   =   -104650.0915  EKtot   =     18705.0664  EPtot      =   -123355.1579
 BOND   =       572.5931  ANGLE   =      1512.3654  DIHED      =      1009.9126
 UB     =         0.0000  IMP     =         0.0000  CMAP       =       145.6079
 1-4 NB =       652.6257  1-4 EEL =      6159.3417  VDWAALS    =     14426.4063
 EELEC  =   -147834.0108  EHBOND  =         0.0000  RESTRAINT  =         0.0000
 EKCMT  =         0.0000  VIRIAL  =         0.0000  VOLUME     =    301018.4763
                                                    Density    =         1.0333
 ------------------------------------------------------------------------------


 NSTEP =  4300000   TIME(PS) =   10300.000  TEMP(K) =   299.67  PRESS =     0.0
 Etot   =   -104717.2868  EKtot   =     18532.2930  EPtot      =   -123249.5798
 BOND   =       562.5832  ANGLE   =      1529.8525  DIHED      =      1040.6151
 UB     =         0.0000  IMP     =         0.0000  CMAP       =       137.4235
 1-4 NB =       665.5822  1-4 EEL =      6165.2835  VDWAALS    =     14457.7904
 EELEC  =   -147808.7103  EHBOND  =         0.0000  RESTRAINT  =         0.0000
 EKCMT  =         0.0000  VIRIAL  =         0.0000  VOLUME     =    301163.8125
                                                    Density    =         1.0328
 ------------------------------------------------------------------------------


 NSTEP =  4325000   TIME(PS) =   10350.000  TEMP(K) =   298.48  PRESS =     0.0
 Etot   =   -104892.6531  EKtot   =     18458.3496  EPtot      =   -123351.0027
 BOND   =       591.1810  ANGLE   =      1493.4257  DIHED      =      1012.0656
 UB     =         0.0000  IMP     =         0.0000  CMAP       =       130.2103
 1-4 NB =       669.1214  1-4 EEL =      6149.2892  VDWAALS    =     14275.4232
 EELEC  =   -147671.7191  EHBOND  =         0.0000  RESTRAINT  =         0.0000
 EKCMT  =         0.0000  VIRIAL  =         0.0000  VOLUME     =    301305.2955
                                                    Density    =         1.0323
 ------------------------------------------------------------------------------


 NSTEP =  4350000   TIME(PS) =   10400.000  TEMP(K) =   301.40  PRESS =     0.0
 Etot   =   -104691.7235  EKtot   =     18639.2773  EPtot      =   -123331.0008
 BOND   =       563.7959  ANGLE   =      1468.5320  DIHED      =      1028.0048
 UB     =         0.0000  IMP     =         0.0000  CMAP       =       123.6132
 1-4 NB =       638.4816  1-4 EEL =      6148.9812  VDWAALS    =     14428.6474
 EELEC  =   -147731.0569  EHBOND  =         0.0000  RESTRAINT  =         0.0000
 EKCMT  =         0.0000  VIRIAL  =         0.0000  VOLUME     =    300427.3268
                                                    Density    =         1.0353
 ------------------------------------------------------------------------------


 NSTEP =  4375000   TIME(PS) =   10450.000  TEMP(K) =   298.03  PRESS =     0.0
 Etot   =   -105060.8840  EKtot   =     18430.5312  EPtot      =   -123491.4152
 BOND   =       581.4661  ANGLE   =      1517.4407  DIHED      =      1014.8106
 UB     =         0.0000  IMP     =         0.0000  CMAP       =       141.8385
 1-4 NB =       634.1423  1-4 EEL =      6105.3183  VDWAALS    =     14422.2160
 EELEC  =   -147908.6478  EHBOND  =         0.0000  RESTRAINT  =         0.0000
 EKCMT  =         0.0000  VIRIAL  =         0.0000  VOLUME     =    299842.9599
                                                    Density    =         1.0373
 ------------------------------------------------------------------------------


 NSTEP =  4400000   TIME(PS) =   10500.000  TEMP(K) =   298.76  PRESS =     0.0
 Etot   =   -104983.6843  EKtot   =     18475.6562  EPtot      =   -123459.3406
 BOND   =       561.0098  ANGLE   =      1500.0453  DIHED      =      1035.0160
 UB     =         0.0000  IMP     =         0.0000  CMAP       =       138.4911
 1-4 NB =       655.1606  1-4 EEL =      6203.1423  VDWAALS    =     14603.7235
 EELEC  =   -148155.9293  EHBOND  =         0.0000  RESTRAINT  =         0.0000
 EKCMT  =         0.0000  VIRIAL  =         0.0000  VOLUME     =    301766.0566
                                                    Density    =         1.0307
 ------------------------------------------------------------------------------


 NSTEP =  4425000   TIME(PS) =   10550.000  TEMP(K) =   301.72  PRESS =     0.0
 Etot   =   -104934.0511  EKtot   =     18658.9453  EPtot      =   -123592.9964
 BOND   =       568.1432  ANGLE   =      1531.5111  DIHED      =      1005.6222
 UB     =         0.0000  IMP     =         0.0000  CMAP       =       126.5974
 1-4 NB =       636.1622  1-4 EEL =      6157.8201  VDWAALS    =     14506.4285
 EELEC  =   -148125.2811  EHBOND  =         0.0000  RESTRAINT  =         0.0000
 EKCMT  =         0.0000  VIRIAL  =         0.0000  VOLUME     =    301023.7765
                                                    Density    =         1.0333
 ------------------------------------------------------------------------------


 NSTEP =  4450000   TIME(PS) =   10600.000  TEMP(K) =   301.19  PRESS =     0.0
 Etot   =   -104739.7695  EKtot   =     18625.7305  EPtot      =   -123365.5000
 BOND   =       543.5000  ANGLE   =      1501.1470  DIHED      =      1034.9354
 UB     =         0.0000  IMP     =         0.0000  CMAP       =       116.7432
 1-4 NB =       651.4988  1-4 EEL =      6170.6865  VDWAALS    =     14452.3644
 EELEC  =   -147836.3752  EHBOND  =         0.0000  RESTRAINT  =         0.0000
 EKCMT  =         0.0000  VIRIAL  =         0.0000  VOLUME     =    301715.2191
                                                    Density    =         1.0309
 ------------------------------------------------------------------------------


 NSTEP =  4475000   TIME(PS) =   10650.000  TEMP(K) =   299.73  PRESS =     0.0
 Etot   =   -104801.2869  EKtot   =     18535.5957  EPtot      =   -123336.8826
 BOND   =       581.9095  ANGLE   =      1528.8229  DIHED      =      1027.8243
 UB     =         0.0000  IMP     =         0.0000  CMAP       =       126.2705
 1-4 NB =       665.5186  1-4 EEL =      6197.1857  VDWAALS    =     14575.6816
 EELEC  =   -148040.0958  EHBOND  =         0.0000  RESTRAINT  =         0.0000
 EKCMT  =         0.0000  VIRIAL  =         0.0000  VOLUME     =    300296.2414
                                                    Density    =         1.0358
 ------------------------------------------------------------------------------


 NSTEP =  4500000   TIME(PS) =   10700.000  TEMP(K) =   299.14  PRESS =     0.0
 Etot   =   -104909.8312  EKtot   =     18499.0312  EPtot      =   -123408.8625
 BOND   =       571.1233  ANGLE   =      1541.9131  DIHED      =      1020.4266
 UB     =         0.0000  IMP     =         0.0000  CMAP       =       132.0123
 1-4 NB =       657.1571  1-4 EEL =      6194.1546  VDWAALS    =     14478.9175
 EELEC  =   -148004.5668  EHBOND  =         0.0000  RESTRAINT  =         0.0000
 EKCMT  =         0.0000  VIRIAL  =         0.0000  VOLUME     =    300233.5102
                                                    Density    =         1.0360
 ------------------------------------------------------------------------------


 NSTEP =  4525000   TIME(PS) =   10750.000  TEMP(K) =   298.51  PRESS =     0.0
 Etot   =   -105073.0804  EKtot   =     18460.4395  EPtot      =   -123533.5198
 BOND   =       590.7325  ANGLE   =      1530.6184  DIHED      =      1001.3671
 UB     =         0.0000  IMP     =         0.0000  CMAP       =       118.2810
 1-4 NB =       656.7852  1-4 EEL =      6145.7888  VDWAALS    =     14643.6518
 EELEC  =   -148220.7445  EHBOND  =         0.0000  RESTRAINT  =         0.0000
 EKCMT  =         0.0000  VIRIAL  =         0.0000  VOLUME     =    299687.9925
                                                    Density    =         1.0379
 ------------------------------------------------------------------------------


 NSTEP =  4550000   TIME(PS) =   10800.000  TEMP(K) =   304.32  PRESS =     0.0
 Etot   =   -104543.0680  EKtot   =     18819.5215  EPtot      =   -123362.5895
 BOND   =       561.7259  ANGLE   =      1522.3280  DIHED      =      1019.6234
 UB     =         0.0000  IMP     =         0.0000  CMAP       =       133.0567
 1-4 NB =       665.1861  1-4 EEL =      6188.5521  VDWAALS    =     14660.3470
 EELEC  =   -148113.4087  EHBOND  =         0.0000  RESTRAINT  =         0.0000
 EKCMT  =         0.0000  VIRIAL  =         0.0000  VOLUME     =    301239.9839
                                                    Density    =         1.0325
 ------------------------------------------------------------------------------


 NSTEP =  4575000   TIME(PS) =   10850.000  TEMP(K) =   299.48  PRESS =     0.0
 Etot   =   -104701.9658  EKtot   =     18520.4473  EPtot      =   -123222.4131
 BOND   =       521.6365  ANGLE   =      1550.8597  DIHED      =      1002.6512
 UB     =         0.0000  IMP     =         0.0000  CMAP       =       131.6853
 1-4 NB =       660.5796  1-4 EEL =      6194.3619  VDWAALS    =     14373.7407
 EELEC  =   -147657.9280  EHBOND  =         0.0000  RESTRAINT  =         0.0000
 EKCMT  =         0.0000  VIRIAL  =         0.0000  VOLUME     =    300394.8656
                                                    Density    =         1.0354
 ------------------------------------------------------------------------------


 NSTEP =  4600000   TIME(PS) =   10900.000  TEMP(K) =   300.86  PRESS =     0.0
 Etot   =   -104862.5082  EKtot   =     18605.8047  EPtot      =   -123468.3129
 BOND   =       547.8583  ANGLE   =      1539.8205  DIHED      =      1012.4703
 UB     =         0.0000  IMP     =         0.0000  CMAP       =       123.9595
 1-4 NB =       681.1029  1-4 EEL =      6158.6837  VDWAALS    =     14499.3278
 EELEC  =   -148031.5360  EHBOND  =         0.0000  RESTRAINT  =         0.0000
 EKCMT  =         0.0000  VIRIAL  =         0.0000  VOLUME     =    301707.0242
                                                    Density    =         1.0309
 ------------------------------------------------------------------------------


 NSTEP =  4625000   TIME(PS) =   10950.000  TEMP(K) =   298.77  PRESS =     0.0
 Etot   =   -104833.0232  EKtot   =     18476.4883  EPtot      =   -123309.5114
 BOND   =       579.3684  ANGLE   =      1495.6319  DIHED      =      1013.6718
 UB     =         0.0000  IMP     =         0.0000  CMAP       =       144.9216
 1-4 NB =       645.4543  1-4 EEL =      6145.7748  VDWAALS    =     14456.7568
 EELEC  =   -147791.0910  EHBOND  =         0.0000  RESTRAINT  =         0.0000
 EKCMT  =         0.0000  VIRIAL  =         0.0000  VOLUME     =    300865.9031
                                                    Density    =         1.0338
 ------------------------------------------------------------------------------


 NSTEP =  4650000   TIME(PS) =   11000.000  TEMP(K) =   305.14  PRESS =     0.0
 Etot   =   -104322.7685  EKtot   =     18870.5000  EPtot      =   -123193.2685
 BOND   =       541.4840  ANGLE   =      1513.6995  DIHED      =      1012.6281
 UB     =         0.0000  IMP     =         0.0000  CMAP       =       126.7461
 1-4 NB =       660.8171  1-4 EEL =      6209.8518  VDWAALS    =     14339.0223
 EELEC  =   -147597.5175  EHBOND  =         0.0000  RESTRAINT  =         0.0000
 EKCMT  =         0.0000  VIRIAL  =         0.0000  VOLUME     =    301241.6313
                                                    Density    =         1.0325
 ------------------------------------------------------------------------------


 NSTEP =  4675000   TIME(PS) =   11050.000  TEMP(K) =   304.18  PRESS =     0.0
 Etot   =   -104698.5728  EKtot   =     18811.1465  EPtot      =   -123509.7193
 BOND   =       566.5424  ANGLE   =      1518.9914  DIHED      =      1016.4350
 UB     =         0.0000  IMP     =         0.0000  CMAP       =       138.4881
 1-4 NB =       643.3348  1-4 EEL =      6125.3646  VDWAALS    =     14623.6058
 EELEC  =   -148142.4815  EHBOND  =         0.0000  RESTRAINT  =         0.0000
 EKCMT  =         0.0000  VIRIAL  =         0.0000  VOLUME     =    300158.2542
                                                    Density    =         1.0363
 ------------------------------------------------------------------------------


 NSTEP =  4700000   TIME(PS) =   11100.000  TEMP(K) =   300.74  PRESS =     0.0
 Etot   =   -105018.0791  EKtot   =     18598.2695  EPtot      =   -123616.3487
 BOND   =       549.3733  ANGLE   =      1530.3541  DIHED      =      1024.3406
 UB     =         0.0000  IMP     =         0.0000  CMAP       =       127.2972
 1-4 NB =       665.6601  1-4 EEL =      6157.8682  VDWAALS    =     14491.1217
 EELEC  =   -148162.3639  EHBOND  =         0.0000  RESTRAINT  =         0.0000
 EKCMT  =         0.0000  VIRIAL  =         0.0000  VOLUME     =    300251.4176
                                                    Density    =         1.0359
 ------------------------------------------------------------------------------


 NSTEP =  4725000   TIME(PS) =   11150.000  TEMP(K) =   299.18  PRESS =     0.0
 Etot   =   -104906.1677  EKtot   =     18501.4121  EPtot      =   -123407.5798
 BOND   =       592.0785  ANGLE   =      1542.3948  DIHED      =       990.0578
 UB     =         0.0000  IMP     =         0.0000  CMAP       =       131.2987
 1-4 NB =       647.0568  1-4 EEL =      6164.1335  VDWAALS    =     14667.7470
 EELEC  =   -148142.3470  EHBOND  =         0.0000  RESTRAINT  =         0.0000
 EKCMT  =         0.0000  VIRIAL  =         0.0000  VOLUME     =    301191.4554
                                                    Density    =         1.0327
 ------------------------------------------------------------------------------


 NSTEP =  4750000   TIME(PS) =   11200.000  TEMP(K) =   301.64  PRESS =     0.0
 Etot   =   -104820.5750  EKtot   =     18653.8105  EPtot      =   -123474.3856
 BOND   =       579.4054  ANGLE   =      1491.2506  DIHED      =      1012.2400
 UB     =         0.0000  IMP     =         0.0000  CMAP       =       125.4674
 1-4 NB =       656.1151  1-4 EEL =      6138.4436  VDWAALS    =     14639.2315
 EELEC  =   -148116.5392  EHBOND  =         0.0000  RESTRAINT  =         0.0000
 EKCMT  =         0.0000  VIRIAL  =         0.0000  VOLUME     =    302929.2817
                                                    Density    =         1.0268
 ------------------------------------------------------------------------------


 NSTEP =  4775000   TIME(PS) =   11250.000  TEMP(K) =   299.20  PRESS =     0.0
 Etot   =   -105008.5945  EKtot   =     18502.6543  EPtot      =   -123511.2488
 BOND   =       554.3873  ANGLE   =      1458.6716  DIHED      =      1028.4925
 UB     =         0.0000  IMP     =         0.0000  CMAP       =       138.4783
 1-4 NB =       645.0214  1-4 EEL =      6122.5261  VDWAALS    =     14505.3462
 EELEC  =   -147964.1724  EHBOND  =         0.0000  RESTRAINT  =         0.0000
 EKCMT  =         0.0000  VIRIAL  =         0.0000  VOLUME     =    300333.2354
                                                    Density    =         1.0357
 ------------------------------------------------------------------------------


 NSTEP =  4800000   TIME(PS) =   11300.000  TEMP(K) =   302.07  PRESS =     0.0
 Etot   =   -104598.5994  EKtot   =     18680.2695  EPtot      =   -123278.8689
 BOND   =       579.5960  ANGLE   =      1521.6245  DIHED      =      1032.1162
 UB     =         0.0000  IMP     =         0.0000  CMAP       =       126.0472
 1-4 NB =       663.3673  1-4 EEL =      6129.9673  VDWAALS    =     14343.6746
 EELEC  =   -147675.2620  EHBOND  =         0.0000  RESTRAINT  =         0.0000
 EKCMT  =         0.0000  VIRIAL  =         0.0000  VOLUME     =    301726.6540
                                                    Density    =         1.0309
 ------------------------------------------------------------------------------


 NSTEP =  4825000   TIME(PS) =   11350.000  TEMP(K) =   299.65  PRESS =     0.0
 Etot   =   -105034.1405  EKtot   =     18531.0234  EPtot      =   -123565.1640
 BOND   =       526.7817  ANGLE   =      1541.0123  DIHED      =      1024.9207
 UB     =         0.0000  IMP     =         0.0000  CMAP       =       134.7295
 1-4 NB =       645.9342  1-4 EEL =      6108.0614  VDWAALS    =     14579.5640
 EELEC  =   -148126.1676  EHBOND  =         0.0000  RESTRAINT  =         0.0000
 EKCMT  =         0.0000  VIRIAL  =         0.0000  VOLUME     =    300299.3832
                                                    Density    =         1.0358
 ------------------------------------------------------------------------------


 NSTEP =  4850000   TIME(PS) =   11400.000  TEMP(K) =   302.32  PRESS =     0.0
 Etot   =   -105113.4919  EKtot   =     18695.5977  EPtot      =   -123809.0896
 BOND   =       508.1943  ANGLE   =      1498.2646  DIHED      =       982.8715
 UB     =         0.0000  IMP     =         0.0000  CMAP       =       133.9278
 1-4 NB =       640.7149  1-4 EEL =      6180.2277  VDWAALS    =     14468.5382
 EELEC  =   -148221.8285  EHBOND  =         0.0000  RESTRAINT  =         0.0000
 EKCMT  =         0.0000  VIRIAL  =         0.0000  VOLUME     =    300924.9508
                                                    Density    =         1.0336
 ------------------------------------------------------------------------------


 NSTEP =  4875000   TIME(PS) =   11450.000  TEMP(K) =   300.61  PRESS =     0.0
 Etot   =   -105051.2634  EKtot   =     18590.0781  EPtot      =   -123641.3416
 BOND   =       541.9158  ANGLE   =      1523.6087  DIHED      =      1018.3485
 UB     =         0.0000  IMP     =         0.0000  CMAP       =       122.6154
 1-4 NB =       683.1276  1-4 EEL =      6211.6240  VDWAALS    =     14412.8921
 EELEC  =   -148155.4737  EHBOND  =         0.0000  RESTRAINT  =         0.0000
 EKCMT  =         0.0000  VIRIAL  =         0.0000  VOLUME     =    301212.1482
                                                    Density    =         1.0326
 ------------------------------------------------------------------------------


 NSTEP =  4900000   TIME(PS) =   11500.000  TEMP(K) =   298.73  PRESS =     0.0
 Etot   =   -105066.7432  EKtot   =     18474.0469  EPtot      =   -123540.7901
 BOND   =       508.1292  ANGLE   =      1464.9390  DIHED      =      1008.7400
 UB     =         0.0000  IMP     =         0.0000  CMAP       =       145.1388
 1-4 NB =       681.8512  1-4 EEL =      6227.3126  VDWAALS    =     14528.8058
 EELEC  =   -148105.7068  EHBOND  =         0.0000  RESTRAINT  =         0.0000
 EKCMT  =         0.0000  VIRIAL  =         0.0000  VOLUME     =    300550.2888
                                                    Density    =         1.0349
 ------------------------------------------------------------------------------


 NSTEP =  4925000   TIME(PS) =   11550.000  TEMP(K) =   299.14  PRESS =     0.0
 Etot   =   -104782.1439  EKtot   =     18499.0332  EPtot      =   -123281.1771
 BOND   =       542.8011  ANGLE   =      1514.8338  DIHED      =       998.0632
 UB     =         0.0000  IMP     =         0.0000  CMAP       =       125.0763
 1-4 NB =       661.7811  1-4 EEL =      6135.4762  VDWAALS    =     14257.0378
 EELEC  =   -147516.2467  EHBOND  =         0.0000  RESTRAINT  =         0.0000
 EKCMT  =         0.0000  VIRIAL  =         0.0000  VOLUME     =    301709.4208
                                                    Density    =         1.0309
 ------------------------------------------------------------------------------


 NSTEP =  4950000   TIME(PS) =   11600.000  TEMP(K) =   301.83  PRESS =     0.0
 Etot   =   -104614.6156  EKtot   =     18665.7676  EPtot      =   -123280.3831
 BOND   =       534.0813  ANGLE   =      1562.4758  DIHED      =      1008.4638
 UB     =         0.0000  IMP     =         0.0000  CMAP       =       133.1453
 1-4 NB =       633.5103  1-4 EEL =      6122.9799  VDWAALS    =     14078.4529
 EELEC  =   -147353.4926  EHBOND  =         0.0000  RESTRAINT  =         0.0000
 EKCMT  =         0.0000  VIRIAL  =         0.0000  VOLUME     =    300593.7847
                                                    Density    =         1.0348
 ------------------------------------------------------------------------------


 NSTEP =  4975000   TIME(PS) =   11650.000  TEMP(K) =   300.30  PRESS =     0.0
 Etot   =   -104690.9832  EKtot   =     18570.9160  EPtot      =   -123261.8992
 BOND   =       553.1476  ANGLE   =      1554.9376  DIHED      =      1004.0511
 UB     =         0.0000  IMP     =         0.0000  CMAP       =       134.6583
 1-4 NB =       662.2183  1-4 EEL =      6133.8809  VDWAALS    =     14342.7206
 EELEC  =   -147647.5136  EHBOND  =         0.0000  RESTRAINT  =         0.0000
 EKCMT  =         0.0000  VIRIAL  =         0.0000  VOLUME     =    300835.9488
                                                    Density    =         1.0339
 ------------------------------------------------------------------------------


 NSTEP =  5000000   TIME(PS) =   11700.000  TEMP(K) =   298.19  PRESS =     0.0
 Etot   =   -104610.7607  EKtot   =     18440.7812  EPtot      =   -123051.5419
 BOND   =       585.3198  ANGLE   =      1529.6341  DIHED      =      1011.7797
 UB     =         0.0000  IMP     =         0.0000  CMAP       =       132.5120
 1-4 NB =       663.1167  1-4 EEL =      6083.3532  VDWAALS    =     14319.2660
 EELEC  =   -147376.5234  EHBOND  =         0.0000  RESTRAINT  =         0.0000
 EKCMT  =         0.0000  VIRIAL  =         0.0000  VOLUME     =    300869.5959
                                                    Density    =         1.0338
 ------------------------------------------------------------------------------


 NSTEP =  5025000   TIME(PS) =   11750.000  TEMP(K) =   301.25  PRESS =     0.0
 Etot   =   -104610.5226  EKtot   =     18629.5703  EPtot      =   -123240.0929
 BOND   =       527.4621  ANGLE   =      1499.6354  DIHED      =       981.9381
 UB     =         0.0000  IMP     =         0.0000  CMAP       =       131.7227
 1-4 NB =       661.1113  1-4 EEL =      6166.6948  VDWAALS    =     14425.5950
 EELEC  =   -147634.2523  EHBOND  =         0.0000  RESTRAINT  =         0.0000
 EKCMT  =         0.0000  VIRIAL  =         0.0000  VOLUME     =    300135.8062
                                                    Density    =         1.0363
 ------------------------------------------------------------------------------


 NSTEP =  5050000   TIME(PS) =   11800.000  TEMP(K) =   301.13  PRESS =     0.0
 Etot   =   -104784.9675  EKtot   =     18622.1992  EPtot      =   -123407.1667
 BOND   =       564.8005  ANGLE   =      1574.7772  DIHED      =      1015.1204
 UB     =         0.0000  IMP     =         0.0000  CMAP       =       140.6512
 1-4 NB =       651.8834  1-4 EEL =      6126.2591  VDWAALS    =     14246.5275
 EELEC  =   -147727.1861  EHBOND  =         0.0000  RESTRAINT  =         0.0000
 EKCMT  =         0.0000  VIRIAL  =         0.0000  VOLUME     =    300441.7298
                                                    Density    =         1.0353
 ------------------------------------------------------------------------------


 NSTEP =  5075000   TIME(PS) =   11850.000  TEMP(K) =   300.64  PRESS =     0.0
 Etot   =   -104660.6966  EKtot   =     18591.8594  EPtot      =   -123252.5559
 BOND   =       565.9915  ANGLE   =      1513.3961  DIHED      =      1010.8609
 UB     =         0.0000  IMP     =         0.0000  CMAP       =       142.5746
 1-4 NB =       643.6843  1-4 EEL =      6172.5655  VDWAALS    =     14191.3977
 EELEC  =   -147493.0266  EHBOND  =         0.0000  RESTRAINT  =         0.0000
 EKCMT  =         0.0000  VIRIAL  =         0.0000  VOLUME     =    301669.6285
                                                    Density    =         1.0311
 ------------------------------------------------------------------------------


 NSTEP =  5100000   TIME(PS) =   11900.000  TEMP(K) =   302.57  PRESS =     0.0
 Etot   =   -104955.8676  EKtot   =     18711.1621  EPtot      =   -123667.0297
 BOND   =       565.0062  ANGLE   =      1511.5097  DIHED      =       987.8596
 UB     =         0.0000  IMP     =         0.0000  CMAP       =       132.9732
 1-4 NB =       641.9728  1-4 EEL =      6193.1195  VDWAALS    =     14824.1987
 EELEC  =   -148523.6693  EHBOND  =         0.0000  RESTRAINT  =         0.0000
 EKCMT  =         0.0000  VIRIAL  =         0.0000  VOLUME     =    299498.2156
                                                    Density    =         1.0385
 ------------------------------------------------------------------------------


 NSTEP =  5125000   TIME(PS) =   11950.000  TEMP(K) =   301.48  PRESS =     0.0
 Etot   =   -104464.2498  EKtot   =     18644.0215  EPtot      =   -123108.2712
 BOND   =       586.9327  ANGLE   =      1558.4978  DIHED      =       986.1607
 UB     =         0.0000  IMP     =         0.0000  CMAP       =       134.1309
 1-4 NB =       649.7178  1-4 EEL =      6206.7218  VDWAALS    =     14595.1064
 EELEC  =   -147825.5394  EHBOND  =         0.0000  RESTRAINT  =         0.0000
 EKCMT  =         0.0000  VIRIAL  =         0.0000  VOLUME     =    300917.7553
                                                    Density    =         1.0336
 ------------------------------------------------------------------------------


 NSTEP =  5150000   TIME(PS) =   12000.000  TEMP(K) =   300.86  PRESS =     0.0
 Etot   =   -104620.5323  EKtot   =     18605.7305  EPtot      =   -123226.2628
 BOND   =       539.4243  ANGLE   =      1529.4001  DIHED      =      1021.7010
 UB     =         0.0000  IMP     =         0.0000  CMAP       =       132.4978
 1-4 NB =       655.4949  1-4 EEL =      6169.4080  VDWAALS    =     14368.5583
 EELEC  =   -147642.7472  EHBOND  =         0.0000  RESTRAINT  =         0.0000
 EKCMT  =         0.0000  VIRIAL  =         0.0000  VOLUME     =    300927.2871
                                                    Density    =         1.0336
 ------------------------------------------------------------------------------


 NSTEP =  5175000   TIME(PS) =   12050.000  TEMP(K) =   300.14  PRESS =     0.0
 Etot   =   -104991.2468  EKtot   =     18561.1465  EPtot      =   -123552.3933
 BOND   =       563.8417  ANGLE   =      1468.4359  DIHED      =      1018.1002
 UB     =         0.0000  IMP     =         0.0000  CMAP       =       138.7581
 1-4 NB =       663.6990  1-4 EEL =      6210.5246  VDWAALS    =     14353.8279
 EELEC  =   -147969.5806  EHBOND  =         0.0000  RESTRAINT  =         0.0000
 EKCMT  =         0.0000  VIRIAL  =         0.0000  VOLUME     =    301228.5603
                                                    Density    =         1.0326
 ------------------------------------------------------------------------------


 NSTEP =  5200000   TIME(PS) =   12100.000  TEMP(K) =   301.41  PRESS =     0.0
 Etot   =   -104978.9117  EKtot   =     18639.6445  EPtot      =   -123618.5562
 BOND   =       520.9940  ANGLE   =      1495.8401  DIHED      =       993.0000
 UB     =         0.0000  IMP     =         0.0000  CMAP       =       131.1625
 1-4 NB =       647.9866  1-4 EEL =      6161.6592  VDWAALS    =     14318.9280
 EELEC  =   -147888.1267  EHBOND  =         0.0000  RESTRAINT  =         0.0000
 EKCMT  =         0.0000  VIRIAL  =         0.0000  VOLUME     =    300757.3825
                                                    Density    =         1.0342
 ------------------------------------------------------------------------------


 NSTEP =  5225000   TIME(PS) =   12150.000  TEMP(K) =   300.52  PRESS =     0.0
 Etot   =   -104745.5769  EKtot   =     18584.8008  EPtot      =   -123330.3777
 BOND   =       576.2980  ANGLE   =      1500.2965  DIHED      =       997.9380
 UB     =         0.0000  IMP     =         0.0000  CMAP       =       132.3803
 1-4 NB =       650.9062  1-4 EEL =      6158.8207  VDWAALS    =     14601.1122
 EELEC  =   -147948.1297  EHBOND  =         0.0000  RESTRAINT  =         0.0000
 EKCMT  =         0.0000  VIRIAL  =         0.0000  VOLUME     =    301080.4283
                                                    Density    =         1.0331
 ------------------------------------------------------------------------------


 NSTEP =  5250000   TIME(PS) =   12200.000  TEMP(K) =   299.29  PRESS =     0.0
 Etot   =   -104747.8814  EKtot   =     18508.2480  EPtot      =   -123256.1294
 BOND   =       586.0924  ANGLE   =      1446.6531  DIHED      =       999.7781
 UB     =         0.0000  IMP     =         0.0000  CMAP       =       130.7838
 1-4 NB =       649.1178  1-4 EEL =      6204.0384  VDWAALS    =     14614.2225
 EELEC  =   -147886.8155  EHBOND  =         0.0000  RESTRAINT  =         0.0000
 EKCMT  =         0.0000  VIRIAL  =         0.0000  VOLUME     =    300735.6810
                                                    Density    =         1.0343
 ------------------------------------------------------------------------------


 NSTEP =  5275000   TIME(PS) =   12250.000  TEMP(K) =   300.94  PRESS =     0.0
 Etot   =   -104824.0532  EKtot   =     18610.2871  EPtot      =   -123434.3403
 BOND   =       556.8050  ANGLE   =      1515.7099  DIHED      =      1001.5446
 UB     =         0.0000  IMP     =         0.0000  CMAP       =       135.7712
 1-4 NB =       662.1812  1-4 EEL =      6172.8023  VDWAALS    =     14345.6467
 EELEC  =   -147824.8014  EHBOND  =         0.0000  RESTRAINT  =         0.0000
 EKCMT  =         0.0000  VIRIAL  =         0.0000  VOLUME     =    301507.2040
                                                    Density    =         1.0316
 ------------------------------------------------------------------------------


 NSTEP =  5300000   TIME(PS) =   12300.000  TEMP(K) =   303.40  PRESS =     0.0
 Etot   =   -104432.7455  EKtot   =     18762.5879  EPtot      =   -123195.3334
 BOND   =       535.9801  ANGLE   =      1507.7502  DIHED      =      1022.5285
 UB     =         0.0000  IMP     =         0.0000  CMAP       =       127.1324
 1-4 NB =       649.1440  1-4 EEL =      6150.3406  VDWAALS    =     14341.6326
 EELEC  =   -147529.8417  EHBOND  =         0.0000  RESTRAINT  =         0.0000
 EKCMT  =         0.0000  VIRIAL  =         0.0000  VOLUME     =    301538.1754
                                                    Density    =         1.0315
 ------------------------------------------------------------------------------


 NSTEP =  5325000   TIME(PS) =   12350.000  TEMP(K) =   298.54  PRESS =     0.0
 Etot   =   -104890.3646  EKtot   =     18462.0254  EPtot      =   -123352.3900
 BOND   =       560.6147  ANGLE   =      1510.8339  DIHED      =      1002.0431
 UB     =         0.0000  IMP     =         0.0000  CMAP       =       137.5139
 1-4 NB =       655.3285  1-4 EEL =      6177.1795  VDWAALS    =     14373.7776
 EELEC  =   -147769.6812  EHBOND  =         0.0000  RESTRAINT  =         0.0000
 EKCMT  =         0.0000  VIRIAL  =         0.0000  VOLUME     =    302197.0960
                                                    Density    =         1.0293
 ------------------------------------------------------------------------------


 NSTEP =  5350000   TIME(PS) =   12400.000  TEMP(K) =   301.19  PRESS =     0.0
 Etot   =   -104865.1595  EKtot   =     18625.7422  EPtot      =   -123490.9017
 BOND   =       584.2724  ANGLE   =      1508.6752  DIHED      =       998.7182
 UB     =         0.0000  IMP     =         0.0000  CMAP       =       138.5210
 1-4 NB =       659.8732  1-4 EEL =      6142.3895  VDWAALS    =     14420.0670
 EELEC  =   -147943.4182  EHBOND  =         0.0000  RESTRAINT  =         0.0000
 EKCMT  =         0.0000  VIRIAL  =         0.0000  VOLUME     =    300330.0714
                                                    Density    =         1.0357
 ------------------------------------------------------------------------------


 NSTEP =  5375000   TIME(PS) =   12450.000  TEMP(K) =   301.59  PRESS =     0.0
 Etot   =   -104725.6562  EKtot   =     18650.6660  EPtot      =   -123376.3222
 BOND   =       567.5611  ANGLE   =      1536.6088  DIHED      =       989.1346
 UB     =         0.0000  IMP     =         0.0000  CMAP       =       139.6353
 1-4 NB =       656.8279  1-4 EEL =      6171.6218  VDWAALS    =     14611.5532
 EELEC  =   -148049.2650  EHBOND  =         0.0000  RESTRAINT  =         0.0000
 EKCMT  =         0.0000  VIRIAL  =         0.0000  VOLUME     =    301749.8464
                                                    Density    =         1.0308
 ------------------------------------------------------------------------------


 NSTEP =  5400000   TIME(PS) =   12500.000  TEMP(K) =   299.48  PRESS =     0.0
 Etot   =   -105032.7913  EKtot   =     18520.4668  EPtot      =   -123553.2581
 BOND   =       552.4061  ANGLE   =      1527.0220  DIHED      =       983.0488
 UB     =         0.0000  IMP     =         0.0000  CMAP       =       137.7194
 1-4 NB =       678.3152  1-4 EEL =      6155.4955  VDWAALS    =     14414.1096
 EELEC  =   -148001.3746  EHBOND  =         0.0000  RESTRAINT  =         0.0000
 EKCMT  =         0.0000  VIRIAL  =         0.0000  VOLUME     =    299681.2213
                                                    Density    =         1.0379
 ------------------------------------------------------------------------------


 NSTEP =  5425000   TIME(PS) =   12550.000  TEMP(K) =   297.22  PRESS =     0.0
 Etot   =   -104915.2777  EKtot   =     18380.2422  EPtot      =   -123295.5198
 BOND   =       577.7062  ANGLE   =      1565.3479  DIHED      =       979.5121
 UB     =         0.0000  IMP     =         0.0000  CMAP       =       138.8592
 1-4 NB =       656.2162  1-4 EEL =      6145.6330  VDWAALS    =     14199.9167
 EELEC  =   -147558.7112  EHBOND  =         0.0000  RESTRAINT  =         0.0000
 EKCMT  =         0.0000  VIRIAL  =         0.0000  VOLUME     =    301242.5874
                                                    Density    =         1.0325
 ------------------------------------------------------------------------------


 NSTEP =  5450000   TIME(PS) =   12600.000  TEMP(K) =   297.19  PRESS =     0.0
 Etot   =   -104757.5901  EKtot   =     18378.6855  EPtot      =   -123136.2756
 BOND   =       559.8774  ANGLE   =      1537.8809  DIHED      =      1010.8334
 UB     =         0.0000  IMP     =         0.0000  CMAP       =       146.6840
 1-4 NB =       675.6778  1-4 EEL =      6173.3430  VDWAALS    =     14322.0598
 EELEC  =   -147562.6318  EHBOND  =         0.0000  RESTRAINT  =         0.0000
 EKCMT  =         0.0000  VIRIAL  =         0.0000  VOLUME     =    300169.0866
                                                    Density    =         1.0362
 ------------------------------------------------------------------------------


 NSTEP =  5475000   TIME(PS) =   12650.000  TEMP(K) =   303.24  PRESS =     0.0
 Etot   =   -104756.3514  EKtot   =     18752.5469  EPtot      =   -123508.8983
 BOND   =       527.5272  ANGLE   =      1516.1628  DIHED      =       991.9727
 UB     =         0.0000  IMP     =         0.0000  CMAP       =       138.3707
 1-4 NB =       658.4947  1-4 EEL =      6151.2659  VDWAALS    =     14651.4925
 EELEC  =   -148144.1849  EHBOND  =         0.0000  RESTRAINT  =         0.0000
 EKCMT  =         0.0000  VIRIAL  =         0.0000  VOLUME     =    300200.6263
                                                    Density    =         1.0361
 ------------------------------------------------------------------------------


 NSTEP =  5500000   TIME(PS) =   12700.000  TEMP(K) =   298.07  PRESS =     0.0
 Etot   =   -104613.9594  EKtot   =     18432.9258  EPtot      =   -123046.8852
 BOND   =       565.5979  ANGLE   =      1600.5579  DIHED      =      1038.3920
 UB     =         0.0000  IMP     =         0.0000  CMAP       =       131.3187
 1-4 NB =       654.8071  1-4 EEL =      6114.3369  VDWAALS    =     14549.5604
 EELEC  =   -147701.4560  EHBOND  =         0.0000  RESTRAINT  =         0.0000
 EKCMT  =         0.0000  VIRIAL  =         0.0000  VOLUME     =    301775.4370
                                                    Density    =         1.0307
 ------------------------------------------------------------------------------


 NSTEP =  5525000   TIME(PS) =   12750.000  TEMP(K) =   302.26  PRESS =     0.0
 Etot   =   -104791.9104  EKtot   =     18691.9473  EPtot      =   -123483.8577
 BOND   =       564.5464  ANGLE   =      1520.6143  DIHED      =      1004.5462
 UB     =         0.0000  IMP     =         0.0000  CMAP       =       132.7715
 1-4 NB =       664.7374  1-4 EEL =      6224.0102  VDWAALS    =     14295.3748
 EELEC  =   -147890.4584  EHBOND  =         0.0000  RESTRAINT  =         0.0000
 EKCMT  =         0.0000  VIRIAL  =         0.0000  VOLUME     =    299386.4784
                                                    Density    =         1.0389
 ------------------------------------------------------------------------------


 NSTEP =  5550000   TIME(PS) =   12800.000  TEMP(K) =   299.36  PRESS =     0.0
 Etot   =   -104585.6101  EKtot   =     18512.8262  EPtot      =   -123098.4363
 BOND   =       565.6023  ANGLE   =      1536.5379  DIHED      =       991.3239
 UB     =         0.0000  IMP     =         0.0000  CMAP       =       146.5487
 1-4 NB =       648.2571  1-4 EEL =      6135.6332  VDWAALS    =     14344.3273
 EELEC  =   -147466.6666  EHBOND  =         0.0000  RESTRAINT  =         0.0000
 EKCMT  =         0.0000  VIRIAL  =         0.0000  VOLUME     =    301310.9685
                                                    Density    =         1.0323
 ------------------------------------------------------------------------------


 NSTEP =  5575000   TIME(PS) =   12850.000  TEMP(K) =   302.44  PRESS =     0.0
 Etot   =   -104385.3681  EKtot   =     18703.4531  EPtot      =   -123088.8212
 BOND   =       585.1326  ANGLE   =      1527.0806  DIHED      =      1004.7050
 UB     =         0.0000  IMP     =         0.0000  CMAP       =       146.7891
 1-4 NB =       668.5714  1-4 EEL =      6243.0375  VDWAALS    =     14151.6186
 EELEC  =   -147415.7560  EHBOND  =         0.0000  RESTRAINT  =         0.0000
 EKCMT  =         0.0000  VIRIAL  =         0.0000  VOLUME     =    302236.3418
                                                    Density    =         1.0291
 ------------------------------------------------------------------------------


 NSTEP =  5600000   TIME(PS) =   12900.000  TEMP(K) =   300.95  PRESS =     0.0
 Etot   =   -104683.6483  EKtot   =     18611.0879  EPtot      =   -123294.7362
 BOND   =       564.7858  ANGLE   =      1518.6607  DIHED      =       999.2071
 UB     =         0.0000  IMP     =         0.0000  CMAP       =       130.3274
 1-4 NB =       670.8960  1-4 EEL =      6229.1933  VDWAALS    =     14609.5445
 EELEC  =   -148017.3510  EHBOND  =         0.0000  RESTRAINT  =         0.0000
 EKCMT  =         0.0000  VIRIAL  =         0.0000  VOLUME     =    300200.1540
                                                    Density    =         1.0361
 ------------------------------------------------------------------------------


 NSTEP =  5625000   TIME(PS) =   12950.000  TEMP(K) =   300.51  PRESS =     0.0
 Etot   =   -104747.7161  EKtot   =     18583.9648  EPtot      =   -123331.6810
 BOND   =       549.5578  ANGLE   =      1530.0169  DIHED      =      1024.5485
 UB     =         0.0000  IMP     =         0.0000  CMAP       =       132.4316
 1-4 NB =       646.8854  1-4 EEL =      6140.2059  VDWAALS    =     14268.4581
 EELEC  =   -147623.7853  EHBOND  =         0.0000  RESTRAINT  =         0.0000
 EKCMT  =         0.0000  VIRIAL  =         0.0000  VOLUME     =    300361.7149
                                                    Density    =         1.0356
 ------------------------------------------------------------------------------


 NSTEP =  5650000   TIME(PS) =   13000.000  TEMP(K) =   301.60  PRESS =     0.0
 Etot   =   -104580.9647  EKtot   =     18651.4141  EPtot      =   -123232.3788
 BOND   =       561.1938  ANGLE   =      1481.2504  DIHED      =      1000.6014
 UB     =         0.0000  IMP     =         0.0000  CMAP       =       133.0802
 1-4 NB =       668.9168  1-4 EEL =      6244.8543  VDWAALS    =     14377.5086
 EELEC  =   -147699.7843  EHBOND  =         0.0000  RESTRAINT  =         0.0000
 EKCMT  =         0.0000  VIRIAL  =         0.0000  VOLUME     =    300872.9974
                                                    Density    =         1.0338
 ------------------------------------------------------------------------------


 NSTEP =  5675000   TIME(PS) =   13050.000  TEMP(K) =   301.75  PRESS =     0.0
 Etot   =   -104772.0534  EKtot   =     18660.5371  EPtot      =   -123432.5905
 BOND   =       558.3972  ANGLE   =      1476.3179  DIHED      =      1026.7124
 UB     =         0.0000  IMP     =         0.0000  CMAP       =       131.0117
 1-4 NB =       672.0099  1-4 EEL =      6223.8936  VDWAALS    =     14651.0164
 EELEC  =   -148171.9496  EHBOND  =         0.0000  RESTRAINT  =         0.0000
 EKCMT  =         0.0000  VIRIAL  =         0.0000  VOLUME     =    299979.0266
                                                    Density    =         1.0369
 ------------------------------------------------------------------------------


 NSTEP =  5700000   TIME(PS) =   13100.000  TEMP(K) =   298.69  PRESS =     0.0
 Etot   =   -104845.3357  EKtot   =     18471.5996  EPtot      =   -123316.9354
 BOND   =       537.5235  ANGLE   =      1516.1792  DIHED      =       997.5156
 UB     =         0.0000  IMP     =         0.0000  CMAP       =       128.3427
 1-4 NB =       658.6116  1-4 EEL =      6188.7332  VDWAALS    =     14684.2385
 EELEC  =   -148028.0796  EHBOND  =         0.0000  RESTRAINT  =         0.0000
 EKCMT  =         0.0000  VIRIAL  =         0.0000  VOLUME     =    301138.2194
                                                    Density    =         1.0329
 ------------------------------------------------------------------------------


 NSTEP =  5725000   TIME(PS) =   13150.000  TEMP(K) =   299.29  PRESS =     0.0
 Etot   =   -104746.1873  EKtot   =     18508.6309  EPtot      =   -123254.8182
 BOND   =       559.0599  ANGLE   =      1458.7967  DIHED      =       986.4461
 UB     =         0.0000  IMP     =         0.0000  CMAP       =       135.0634
 1-4 NB =       652.1138  1-4 EEL =      6213.1012  VDWAALS    =     14447.0817
 EELEC  =   -147706.4810  EHBOND  =         0.0000  RESTRAINT  =         0.0000
 EKCMT  =         0.0000  VIRIAL  =         0.0000  VOLUME     =    300801.7504
                                                    Density    =         1.0340
 ------------------------------------------------------------------------------


 NSTEP =  5750000   TIME(PS) =   13200.000  TEMP(K) =   301.27  PRESS =     0.0
 Etot   =   -104822.4371  EKtot   =     18631.2637  EPtot      =   -123453.7008
 BOND   =       590.7650  ANGLE   =      1532.2333  DIHED      =      1010.5210
 UB     =         0.0000  IMP     =         0.0000  CMAP       =       136.6966
 1-4 NB =       659.7337  1-4 EEL =      6170.6948  VDWAALS    =     14558.0711
 EELEC  =   -148112.4162  EHBOND  =         0.0000  RESTRAINT  =         0.0000
 EKCMT  =         0.0000  VIRIAL  =         0.0000  VOLUME     =    300679.2925
                                                    Density    =         1.0345
 ------------------------------------------------------------------------------


 NSTEP =  5775000   TIME(PS) =   13250.000  TEMP(K) =   301.93  PRESS =     0.0
 Etot   =   -104678.9766  EKtot   =     18671.9609  EPtot      =   -123350.9375
 BOND   =       553.3353  ANGLE   =      1501.1770  DIHED      =      1015.8193
 UB     =         0.0000  IMP     =         0.0000  CMAP       =       147.0050
 1-4 NB =       648.5125  1-4 EEL =      6188.2939  VDWAALS    =     14375.9219
 EELEC  =   -147781.0025  EHBOND  =         0.0000  RESTRAINT  =         0.0000
 EKCMT  =         0.0000  VIRIAL  =         0.0000  VOLUME     =    300681.6976
                                                    Density    =         1.0345
 ------------------------------------------------------------------------------


 NSTEP =  5800000   TIME(PS) =   13300.000  TEMP(K) =   299.37  PRESS =     0.0
 Etot   =   -104666.5984  EKtot   =     18513.7578  EPtot      =   -123180.3562
 BOND   =       571.8114  ANGLE   =      1524.3226  DIHED      =      1003.1307
 UB     =         0.0000  IMP     =         0.0000  CMAP       =       134.9749
 1-4 NB =       646.1537  1-4 EEL =      6165.6343  VDWAALS    =     14398.7982
 EELEC  =   -147625.1820  EHBOND  =         0.0000  RESTRAINT  =         0.0000
 EKCMT  =         0.0000  VIRIAL  =         0.0000  VOLUME     =    300471.2212
                                                    Density    =         1.0352
 ------------------------------------------------------------------------------


 NSTEP =  5825000   TIME(PS) =   13350.000  TEMP(K) =   298.84  PRESS =     0.0
 Etot   =   -104916.8199  EKtot   =     18480.4023  EPtot      =   -123397.2222
 BOND   =       585.3735  ANGLE   =      1523.4712  DIHED      =       988.2684
 UB     =         0.0000  IMP     =         0.0000  CMAP       =       137.1149
 1-4 NB =       670.2839  1-4 EEL =      6142.5934  VDWAALS    =     14667.7219
 EELEC  =   -148112.0495  EHBOND  =         0.0000  RESTRAINT  =         0.0000
 EKCMT  =         0.0000  VIRIAL  =         0.0000  VOLUME     =    302632.7572
                                                    Density    =         1.0278
 ------------------------------------------------------------------------------


 NSTEP =  5850000   TIME(PS) =   13400.000  TEMP(K) =   299.82  PRESS =     0.0
 Etot   =   -104986.1423  EKtot   =     18541.2266  EPtot      =   -123527.3689
 BOND   =       548.9238  ANGLE   =      1478.1439  DIHED      =      1024.8946
 UB     =         0.0000  IMP     =         0.0000  CMAP       =       148.3872
 1-4 NB =       653.3086  1-4 EEL =      6183.0579  VDWAALS    =     14379.3717
 EELEC  =   -147943.4565  EHBOND  =         0.0000  RESTRAINT  =         0.0000
 EKCMT  =         0.0000  VIRIAL  =         0.0000  VOLUME     =    301924.0174
                                                    Density    =         1.0302
 ------------------------------------------------------------------------------


 NSTEP =  5875000   TIME(PS) =   13450.000  TEMP(K) =   299.79  PRESS =     0.0
 Etot   =   -104807.3356  EKtot   =     18539.4375  EPtot      =   -123346.7731
 BOND   =       548.6492  ANGLE   =      1571.9516  DIHED      =       994.0162
 UB     =         0.0000  IMP     =         0.0000  CMAP       =       146.3662
 1-4 NB =       658.8688  1-4 EEL =      6157.0119  VDWAALS    =     14704.4443
 EELEC  =   -148128.0813  EHBOND  =         0.0000  RESTRAINT  =         0.0000
 EKCMT  =         0.0000  VIRIAL  =         0.0000  VOLUME     =    301386.8844
                                                    Density    =         1.0320
 ------------------------------------------------------------------------------


 NSTEP =  5900000   TIME(PS) =   13500.000  TEMP(K) =   300.11  PRESS =     0.0
 Etot   =   -104547.5898  EKtot   =     18559.0957  EPtot      =   -123106.6855
 BOND   =       599.0034  ANGLE   =      1513.7473  DIHED      =      1008.2254
 UB     =         0.0000  IMP     =         0.0000  CMAP       =       145.1291
 1-4 NB =       634.9111  1-4 EEL =      6109.9605  VDWAALS    =     14366.8264
 EELEC  =   -147484.4888  EHBOND  =         0.0000  RESTRAINT  =         0.0000
 EKCMT  =         0.0000  VIRIAL  =         0.0000  VOLUME     =    300702.7574
                                                    Density    =         1.0344
 ------------------------------------------------------------------------------


 NSTEP =  5925000   TIME(PS) =   13550.000  TEMP(K) =   302.03  PRESS =     0.0
 Etot   =   -104511.7523  EKtot   =     18678.2207  EPtot      =   -123189.9730
 BOND   =       563.0058  ANGLE   =      1513.5689  DIHED      =      1034.6378
 UB     =         0.0000  IMP     =         0.0000  CMAP       =       140.6026
 1-4 NB =       663.8902  1-4 EEL =      6221.2896  VDWAALS    =     14355.5251
 EELEC  =   -147682.4929  EHBOND  =         0.0000  RESTRAINT  =         0.0000
 EKCMT  =         0.0000  VIRIAL  =         0.0000  VOLUME     =    301831.8337
                                                    Density    =         1.0305
 ------------------------------------------------------------------------------


 NSTEP =  5950000   TIME(PS) =   13600.000  TEMP(K) =   300.49  PRESS =     0.0
 Etot   =   -104821.9891  EKtot   =     18582.9219  EPtot      =   -123404.9110
 BOND   =       555.2873  ANGLE   =      1540.0237  DIHED      =      1019.3358
 UB     =         0.0000  IMP     =         0.0000  CMAP       =       134.2317
 1-4 NB =       673.9357  1-4 EEL =      6201.9725  VDWAALS    =     14440.8964
 EELEC  =   -147970.5941  EHBOND  =         0.0000  RESTRAINT  =         0.0000
 EKCMT  =         0.0000  VIRIAL  =         0.0000  VOLUME     =    300345.4545
                                                    Density    =         1.0356
 ------------------------------------------------------------------------------


 NSTEP =  5975000   TIME(PS) =   13650.000  TEMP(K) =   299.51  PRESS =     0.0
 Etot   =   -104662.6061  EKtot   =     18521.9941  EPtot      =   -123184.6002
 BOND   =       590.9339  ANGLE   =      1522.4992  DIHED      =       999.1910
 UB     =         0.0000  IMP     =         0.0000  CMAP       =       131.1807
 1-4 NB =       642.4755  1-4 EEL =      6160.1819  VDWAALS    =     14548.6144
 EELEC  =   -147779.6769  EHBOND  =         0.0000  RESTRAINT  =         0.0000
 EKCMT  =         0.0000  VIRIAL  =         0.0000  VOLUME     =    301938.8419
                                                    Density    =         1.0301
 ------------------------------------------------------------------------------


 NSTEP =  6000000   TIME(PS) =   13700.000  TEMP(K) =   299.39  PRESS =     0.0
 Etot   =   -104910.0080  EKtot   =     18514.4238  EPtot      =   -123424.4319
 BOND   =       577.0072  ANGLE   =      1470.3120  DIHED      =      1007.9990
 UB     =         0.0000  IMP     =         0.0000  CMAP       =       135.0259
 1-4 NB =       658.1361  1-4 EEL =      6210.1092  VDWAALS    =     14547.6111
 EELEC  =   -148030.6324  EHBOND  =         0.0000  RESTRAINT  =         0.0000
 EKCMT  =         0.0000  VIRIAL  =         0.0000  VOLUME     =    300727.1798
                                                    Density    =         1.0343
 ------------------------------------------------------------------------------


 NSTEP =  6025000   TIME(PS) =   13750.000  TEMP(K) =   298.08  PRESS =     0.0
 Etot   =   -104885.7679  EKtot   =     18433.7344  EPtot      =   -123319.5023
 BOND   =       540.7047  ANGLE   =      1595.1801  DIHED      =      1001.8569
 UB     =         0.0000  IMP     =         0.0000  CMAP       =       126.4546
 1-4 NB =       649.2336  1-4 EEL =      6177.7407  VDWAALS    =     14863.1185
 EELEC  =   -148273.7914  EHBOND  =         0.0000  RESTRAINT  =         0.0000
 EKCMT  =         0.0000  VIRIAL  =         0.0000  VOLUME     =    301117.7227
                                                    Density    =         1.0330
 ------------------------------------------------------------------------------


 NSTEP =  6050000   TIME(PS) =   13800.000  TEMP(K) =   299.82  PRESS =     0.0
 Etot   =   -104925.1831  EKtot   =     18541.5527  EPtot      =   -123466.7358
 BOND   =       548.1121  ANGLE   =      1559.1470  DIHED      =      1016.0838
 UB     =         0.0000  IMP     =         0.0000  CMAP       =       140.9674
 1-4 NB =       655.3365  1-4 EEL =      6156.7518  VDWAALS    =     14593.3776
 EELEC  =   -148136.5119  EHBOND  =         0.0000  RESTRAINT  =         0.0000
 EKCMT  =         0.0000  VIRIAL  =         0.0000  VOLUME     =    301294.0074
                                                    Density    =         1.0323
 ------------------------------------------------------------------------------


 NSTEP =  6075000   TIME(PS) =   13850.000  TEMP(K) =   299.25  PRESS =     0.0
 Etot   =   -104976.4517  EKtot   =     18505.9668  EPtot      =   -123482.4185
 BOND   =       566.5922  ANGLE   =      1524.7216  DIHED      =       999.4612
 UB     =         0.0000  IMP     =         0.0000  CMAP       =       147.9059
 1-4 NB =       635.0607  1-4 EEL =      6179.1284  VDWAALS    =     14421.4402
 EELEC  =   -147956.7286  EHBOND  =         0.0000  RESTRAINT  =         0.0000
 EKCMT  =         0.0000  VIRIAL  =         0.0000  VOLUME     =    298486.4626
                                                    Density    =         1.0421
 ------------------------------------------------------------------------------


 NSTEP =  6100000   TIME(PS) =   13900.000  TEMP(K) =   299.78  PRESS =     0.0
 Etot   =   -104640.8800  EKtot   =     18538.5332  EPtot      =   -123179.4132
 BOND   =       572.1817  ANGLE   =      1485.8360  DIHED      =      1012.8162
 UB     =         0.0000  IMP     =         0.0000  CMAP       =       141.2076
 1-4 NB =       655.7039  1-4 EEL =      6171.3916  VDWAALS    =     14533.7018
 EELEC  =   -147752.2521  EHBOND  =         0.0000  RESTRAINT  =         0.0000
 EKCMT  =         0.0000  VIRIAL  =         0.0000  VOLUME     =    302296.6756
                                                    Density    =         1.0289
 ------------------------------------------------------------------------------


 NSTEP =  6125000   TIME(PS) =   13950.000  TEMP(K) =   301.13  PRESS =     0.0
 Etot   =   -104589.1415  EKtot   =     18622.4277  EPtot      =   -123211.5692
 BOND   =       560.8696  ANGLE   =      1550.2828  DIHED      =      1022.2412
 UB     =         0.0000  IMP     =         0.0000  CMAP       =       145.2292
 1-4 NB =       658.1984  1-4 EEL =      6202.7778  VDWAALS    =     14291.9785
 EELEC  =   -147643.1467  EHBOND  =         0.0000  RESTRAINT  =         0.0000
 EKCMT  =         0.0000  VIRIAL  =         0.0000  VOLUME     =    299896.8392
                                                    Density    =         1.0372
 ------------------------------------------------------------------------------


 NSTEP =  6150000   TIME(PS) =   14000.000  TEMP(K) =   301.67  PRESS =     0.0
 Etot   =   -104624.2047  EKtot   =     18655.5059  EPtot      =   -123279.7105
 BOND   =       536.9843  ANGLE   =      1507.9152  DIHED      =      1012.8235
 UB     =         0.0000  IMP     =         0.0000  CMAP       =       132.4927
 1-4 NB =       648.7841  1-4 EEL =      6214.5847  VDWAALS    =     14398.8046
 EELEC  =   -147732.0995  EHBOND  =         0.0000  RESTRAINT  =         0.0000
 EKCMT  =         0.0000  VIRIAL  =         0.0000  VOLUME     =    302050.0821
                                                    Density    =         1.0298
 ------------------------------------------------------------------------------


 NSTEP =  6175000   TIME(PS) =   14050.000  TEMP(K) =   297.98  PRESS =     0.0
 Etot   =   -105091.6121  EKtot   =     18427.2637  EPtot      =   -123518.8758
 BOND   =       546.5116  ANGLE   =      1530.6580  DIHED      =      1024.2525
 UB     =         0.0000  IMP     =         0.0000  CMAP       =       138.0335
 1-4 NB =       656.7255  1-4 EEL =      6202.2570  VDWAALS    =     14618.7944
 EELEC  =   -148236.1082  EHBOND  =         0.0000  RESTRAINT  =         0.0000
 EKCMT  =         0.0000  VIRIAL  =         0.0000  VOLUME     =    301171.1437
                                                    Density    =         1.0328
 ------------------------------------------------------------------------------


 NSTEP =  6200000   TIME(PS) =   14100.000  TEMP(K) =   297.04  PRESS =     0.0
 Etot   =   -105041.4405  EKtot   =     18369.2246  EPtot      =   -123410.6651
 BOND   =       536.9882  ANGLE   =      1540.8116  DIHED      =      1003.8308
 UB     =         0.0000  IMP     =         0.0000  CMAP       =       145.5352
 1-4 NB =       651.4669  1-4 EEL =      6233.3558  VDWAALS    =     14042.4664
 EELEC  =   -147565.1201  EHBOND  =         0.0000  RESTRAINT  =         0.0000
 EKCMT  =         0.0000  VIRIAL  =         0.0000  VOLUME     =    299618.5360
                                                    Density    =         1.0381
 ------------------------------------------------------------------------------


 NSTEP =  6225000   TIME(PS) =   14150.000  TEMP(K) =   298.88  PRESS =     0.0
 Etot   =   -104946.4467  EKtot   =     18482.9844  EPtot      =   -123429.4311
 BOND   =       596.9232  ANGLE   =      1517.2528  DIHED      =      1012.4223
 UB     =         0.0000  IMP     =         0.0000  CMAP       =       139.2045
 1-4 NB =       647.8594  1-4 EEL =      6125.3225  VDWAALS    =     14548.0338
 EELEC  =   -148016.4495  EHBOND  =         0.0000  RESTRAINT  =         0.0000
 EKCMT  =         0.0000  VIRIAL  =         0.0000  VOLUME     =    301266.3304
                                                    Density    =         1.0324
 ------------------------------------------------------------------------------


 NSTEP =  6250000   TIME(PS) =   14200.000  TEMP(K) =   302.63  PRESS =     0.0
 Etot   =   -104674.1600  EKtot   =     18715.1055  EPtot      =   -123389.2654
 BOND   =       532.1260  ANGLE   =      1546.1220  DIHED      =       993.1644
 UB     =         0.0000  IMP     =         0.0000  CMAP       =       136.1850
 1-4 NB =       667.7781  1-4 EEL =      6173.2082  VDWAALS    =     14353.9521
 EELEC  =   -147791.8014  EHBOND  =         0.0000  RESTRAINT  =         0.0000
 EKCMT  =         0.0000  VIRIAL  =         0.0000  VOLUME     =    300085.2904
                                                    Density    =         1.0365
 ------------------------------------------------------------------------------


 NSTEP =  6275000   TIME(PS) =   14250.000  TEMP(K) =   297.64  PRESS =     0.0
 Etot   =   -104813.9784  EKtot   =     18406.4238  EPtot      =   -123220.4022
 BOND   =       551.8380  ANGLE   =      1514.8012  DIHED      =      1019.5841
 UB     =         0.0000  IMP     =         0.0000  CMAP       =       142.5106
 1-4 NB =       643.4677  1-4 EEL =      6137.8300  VDWAALS    =     14259.8156
 EELEC  =   -147490.2494  EHBOND  =         0.0000  RESTRAINT  =         0.0000
 EKCMT  =         0.0000  VIRIAL  =         0.0000  VOLUME     =    301295.0926
                                                    Density    =         1.0323
 ------------------------------------------------------------------------------


 NSTEP =  6300000   TIME(PS) =   14300.000  TEMP(K) =   300.30  PRESS =     0.0
 Etot   =   -104641.5159  EKtot   =     18570.8398  EPtot      =   -123212.3558
 BOND   =       568.6553  ANGLE   =      1518.4930  DIHED      =      1013.6039
 UB     =         0.0000  IMP     =         0.0000  CMAP       =       140.2375
 1-4 NB =       649.5433  1-4 EEL =      6134.9543  VDWAALS    =     14240.7264
 EELEC  =   -147478.5694  EHBOND  =         0.0000  RESTRAINT  =         0.0000
 EKCMT  =         0.0000  VIRIAL  =         0.0000  VOLUME     =    301603.0503
                                                    Density    =         1.0313
 ------------------------------------------------------------------------------


 NSTEP =  6325000   TIME(PS) =   14350.000  TEMP(K) =   296.76  PRESS =     0.0
 Etot   =   -105250.5334  EKtot   =     18352.2539  EPtot      =   -123602.7873
 BOND   =       550.9089  ANGLE   =      1479.8342  DIHED      =      1024.6267
 UB     =         0.0000  IMP     =         0.0000  CMAP       =       139.2271
 1-4 NB =       671.7510  1-4 EEL =      6186.9496  VDWAALS    =     14333.7687
 EELEC  =   -147989.8535  EHBOND  =         0.0000  RESTRAINT  =         0.0000
 EKCMT  =         0.0000  VIRIAL  =         0.0000  VOLUME     =    300913.3480
                                                    Density    =         1.0337
 ------------------------------------------------------------------------------


 NSTEP =  6350000   TIME(PS) =   14400.000  TEMP(K) =   297.78  PRESS =     0.0
 Etot   =   -105237.6788  EKtot   =     18415.2188  EPtot      =   -123652.8976
 BOND   =       593.7549  ANGLE   =      1477.8341  DIHED      =       988.5687
 UB     =         0.0000  IMP     =         0.0000  CMAP       =       128.9223
 1-4 NB =       665.0750  1-4 EEL =      6199.0216  VDWAALS    =     14443.0420
 EELEC  =   -148149.1162  EHBOND  =         0.0000  RESTRAINT  =         0.0000
 EKCMT  =         0.0000  VIRIAL  =         0.0000  VOLUME     =    301632.0828
                                                    Density    =         1.0312
 ------------------------------------------------------------------------------

wrapping first mol.:       24.35779      -68.89424        0.00000
wrapping first mol.:       24.35779      -68.89424        0.00000
wrapping first mol.:       24.37385      -68.93967        0.00000
wrapping first mol.:       24.37385      -68.93967        0.00000
wrapping first mol.:       24.41636      -69.05989        0.00000
wrapping first mol.:       24.41636      -69.05989        0.00000
wrapping first mol.:       24.35540      -68.88749        0.00000
wrapping first mol.:       24.35540      -68.88749        0.00000
wrapping first mol.:       24.38322      -68.96617        0.00000
wrapping first mol.:       24.38322      -68.96617        0.00000

 NSTEP =  6375000   TIME(PS) =   14450.000  TEMP(K) =   299.38  PRESS =     0.0
 Etot   =   -104727.1494  EKtot   =     18513.8496  EPtot      =   -123240.9990
 BOND   =       522.5518  ANGLE   =      1559.3297  DIHED      =      1029.5661
 UB     =         0.0000  IMP     =         0.0000  CMAP       =       135.6534
 1-4 NB =       645.1109  1-4 EEL =      6162.7483  VDWAALS    =     14195.2440
 EELEC  =   -147491.2032  EHBOND  =         0.0000  RESTRAINT  =         0.0000
 EKCMT  =         0.0000  VIRIAL  =         0.0000  VOLUME     =    301311.1675
                                                    Density    =         1.0323
 ------------------------------------------------------------------------------

wrapping first mol.:       24.35531      -68.88723        0.00000
wrapping first mol.:       24.35531      -68.88723        0.00000
wrapping first mol.:       24.38228      -68.96352        0.00000
wrapping first mol.:       24.38228      -68.96352        0.00000
wrapping first mol.:       24.37231      -68.93531        0.00000
wrapping first mol.:       24.37231      -68.93531        0.00000

 NSTEP =  6400000   TIME(PS) =   14500.000  TEMP(K) =   301.82  PRESS =     0.0
 Etot   =   -104803.9310  EKtot   =     18664.9473  EPtot      =   -123468.8783
 BOND   =       571.8032  ANGLE   =      1456.3558  DIHED      =      1015.8316
 UB     =         0.0000  IMP     =         0.0000  CMAP       =       143.9360
 1-4 NB =       663.6060  1-4 EEL =      6208.1795  VDWAALS    =     14623.2651
 EELEC  =   -148151.8555  EHBOND  =         0.0000  RESTRAINT  =         0.0000
 EKCMT  =         0.0000  VIRIAL  =         0.0000  VOLUME     =    300993.4611
                                                    Density    =         1.0334
 ------------------------------------------------------------------------------


 NSTEP =  6425000   TIME(PS) =   14550.000  TEMP(K) =   305.26  PRESS =     0.0
 Etot   =   -104434.4742  EKtot   =     18877.6914  EPtot      =   -123312.1656
 BOND   =       559.7226  ANGLE   =      1494.0419  DIHED      =      1004.4744
 UB     =         0.0000  IMP     =         0.0000  CMAP       =       137.8636
 1-4 NB =       679.7126  1-4 EEL =      6096.3245  VDWAALS    =     14435.7694
 EELEC  =   -147720.0745  EHBOND  =         0.0000  RESTRAINT  =         0.0000
 EKCMT  =         0.0000  VIRIAL  =         0.0000  VOLUME     =    301696.2123
                                                    Density    =         1.0310
 ------------------------------------------------------------------------------


 NSTEP =  6450000   TIME(PS) =   14600.000  TEMP(K) =   297.55  PRESS =     0.0
 Etot   =   -104912.2081  EKtot   =     18400.7500  EPtot      =   -123312.9581
 BOND   =       554.1531  ANGLE   =      1522.0001  DIHED      =       994.9921
 UB     =         0.0000  IMP     =         0.0000  CMAP       =       140.5123
 1-4 NB =       629.3795  1-4 EEL =      6097.2851  VDWAALS    =     14666.5527
 EELEC  =   -147917.8329  EHBOND  =         0.0000  RESTRAINT  =         0.0000
 EKCMT  =         0.0000  VIRIAL  =         0.0000  VOLUME     =    300181.3450
                                                    Density    =         1.0362
 ------------------------------------------------------------------------------


 NSTEP =  6475000   TIME(PS) =   14650.000  TEMP(K) =   299.91  PRESS =     0.0
 Etot   =   -104735.8527  EKtot   =     18547.1191  EPtot      =   -123282.9719
 BOND   =       555.0783  ANGLE   =      1578.9457  DIHED      =      1002.7455
 UB     =         0.0000  IMP     =         0.0000  CMAP       =       134.4105
 1-4 NB =       645.2886  1-4 EEL =      6116.2816  VDWAALS    =     14212.2559
 EELEC  =   -147527.9780  EHBOND  =         0.0000  RESTRAINT  =         0.0000
 EKCMT  =         0.0000  VIRIAL  =         0.0000  VOLUME     =    301763.1141
                                                    Density    =         1.0307
 ------------------------------------------------------------------------------


 NSTEP =  6500000   TIME(PS) =   14700.000  TEMP(K) =   298.40  PRESS =     0.0
 Etot   =   -104923.7542  EKtot   =     18453.3984  EPtot      =   -123377.1526
 BOND   =       565.8164  ANGLE   =      1490.6656  DIHED      =       971.2114
 UB     =         0.0000  IMP     =         0.0000  CMAP       =       125.1141
 1-4 NB =       653.5953  1-4 EEL =      6154.1946  VDWAALS    =     14498.9850
 EELEC  =   -147836.7350  EHBOND  =         0.0000  RESTRAINT  =         0.0000
 EKCMT  =         0.0000  VIRIAL  =         0.0000  VOLUME     =    302195.8079
                                                    Density    =         1.0293
 ------------------------------------------------------------------------------


 NSTEP =  6525000   TIME(PS) =   14750.000  TEMP(K) =   300.66  PRESS =     0.0
 Etot   =   -104647.0047  EKtot   =     18593.1406  EPtot      =   -123240.1454
 BOND   =       563.8516  ANGLE   =      1557.5728  DIHED      =       996.2318
 UB     =         0.0000  IMP     =         0.0000  CMAP       =       133.5528
 1-4 NB =       660.4651  1-4 EEL =      6156.1363  VDWAALS    =     14215.4134
 EELEC  =   -147523.3692  EHBOND  =         0.0000  RESTRAINT  =         0.0000
 EKCMT  =         0.0000  VIRIAL  =         0.0000  VOLUME     =    301121.8884
                                                    Density    =         1.0329
 ------------------------------------------------------------------------------


 NSTEP =  6550000   TIME(PS) =   14800.000  TEMP(K) =   299.20  PRESS =     0.0
 Etot   =   -104868.6707  EKtot   =     18502.7109  EPtot      =   -123371.3817
 BOND   =       561.8411  ANGLE   =      1523.2535  DIHED      =      1002.8105
 UB     =         0.0000  IMP     =         0.0000  CMAP       =       137.4711
 1-4 NB =       659.2802  1-4 EEL =      6147.8714  VDWAALS    =     14412.2949
 EELEC  =   -147816.2042  EHBOND  =         0.0000  RESTRAINT  =         0.0000
 EKCMT  =         0.0000  VIRIAL  =         0.0000  VOLUME     =    301798.9099
                                                    Density    =         1.0306
 ------------------------------------------------------------------------------


 NSTEP =  6575000   TIME(PS) =   14850.000  TEMP(K) =   298.78  PRESS =     0.0
 Etot   =   -104999.4378  EKtot   =     18476.7617  EPtot      =   -123476.1995
 BOND   =       571.4178  ANGLE   =      1506.3256  DIHED      =       983.4584
 UB     =         0.0000  IMP     =         0.0000  CMAP       =       124.1940
 1-4 NB =       654.6795  1-4 EEL =      6141.7872  VDWAALS    =     14666.0995
 EELEC  =   -148124.1614  EHBOND  =         0.0000  RESTRAINT  =         0.0000
 EKCMT  =         0.0000  VIRIAL  =         0.0000  VOLUME     =    300393.3336
                                                    Density    =         1.0354
 ------------------------------------------------------------------------------


 NSTEP =  6600000   TIME(PS) =   14900.000  TEMP(K) =   297.23  PRESS =     0.0
 Etot   =   -104912.0187  EKtot   =     18381.0176  EPtot      =   -123293.0363
 BOND   =       577.5151  ANGLE   =      1530.2091  DIHED      =      1018.8576
 UB     =         0.0000  IMP     =         0.0000  CMAP       =       139.4340
 1-4 NB =       656.4366  1-4 EEL =      6206.6772  VDWAALS    =     14303.2640
 EELEC  =   -147725.4297  EHBOND  =         0.0000  RESTRAINT  =         0.0000
 EKCMT  =         0.0000  VIRIAL  =         0.0000  VOLUME     =    300341.3128
                                                    Density    =         1.0356
 ------------------------------------------------------------------------------

wrapping first mol.:       24.41592      -69.05867        0.00000
wrapping first mol.:       24.41592      -69.05867        0.00000
wrapping first mol.:       24.41876      -69.06668        0.00000
wrapping first mol.:       24.41876      -69.06668        0.00000
wrapping first mol.:       24.37625      -68.94645        0.00000
wrapping first mol.:       24.37625      -68.94645        0.00000

 NSTEP =  6625000   TIME(PS) =   14950.000  TEMP(K) =   299.21  PRESS =     0.0
 Etot   =   -104597.3214  EKtot   =     18503.8398  EPtot      =   -123101.1613
 BOND   =       574.3092  ANGLE   =      1520.2344  DIHED      =      1021.8693
 UB     =         0.0000  IMP     =         0.0000  CMAP       =       143.4591
 1-4 NB =       657.6170  1-4 EEL =      6131.2703  VDWAALS    =     14614.4389
 EELEC  =   -147764.3594  EHBOND  =         0.0000  RESTRAINT  =         0.0000
 EKCMT  =         0.0000  VIRIAL  =         0.0000  VOLUME     =    301052.7154
                                                    Density    =         1.0332
 ------------------------------------------------------------------------------

wrapping first mol.:       24.36193      -68.90596        0.00000
wrapping first mol.:       24.36193      -68.90596        0.00000
wrapping first mol.:       24.35707      -68.89220        0.00000
wrapping first mol.:       24.35707      -68.89220        0.00000
wrapping first mol.:       24.40405      -69.02508        0.00000
wrapping first mol.:       24.40405      -69.02508        0.00000

 NSTEP =  6650000   TIME(PS) =   15000.000  TEMP(K) =   297.50  PRESS =     0.0
 Etot   =   -104997.4986  EKtot   =     18398.0859  EPtot      =   -123395.5846
 BOND   =       553.3176  ANGLE   =      1512.4691  DIHED      =      1007.9237
 UB     =         0.0000  IMP     =         0.0000  CMAP       =       139.1483
 1-4 NB =       666.7438  1-4 EEL =      6164.0750  VDWAALS    =     14391.0559
 EELEC  =   -147830.3180  EHBOND  =         0.0000  RESTRAINT  =         0.0000
 EKCMT  =         0.0000  VIRIAL  =         0.0000  VOLUME     =    302083.9544
                                                    Density    =         1.0296
 ------------------------------------------------------------------------------

wrapping first mol.:       24.40496      -69.02765        0.00000
wrapping first mol.:       24.40496      -69.02765        0.00000
wrapping first mol.:       24.36507      -68.91484        0.00000
wrapping first mol.:       24.36507      -68.91484        0.00000
wrapping first mol.:       24.36630      -68.91830        0.00000
wrapping first mol.:       24.36630      -68.91830        0.00000
wrapping first mol.:       24.37223      -68.93509        0.00000
wrapping first mol.:       24.37223      -68.93509        0.00000
wrapping first mol.:       24.35721      -68.89259        0.00000
wrapping first mol.:       24.35721      -68.89259        0.00000

 NSTEP =  6675000   TIME(PS) =   15050.000  TEMP(K) =   300.15  PRESS =     0.0
 Etot   =   -105106.8625  EKtot   =     18561.7969  EPtot      =   -123668.6594
 BOND   =       536.3710  ANGLE   =      1581.4576  DIHED      =       986.9912
 UB     =         0.0000  IMP     =         0.0000  CMAP       =       131.8286
 1-4 NB =       634.9022  1-4 EEL =      6160.6193  VDWAALS    =     14583.7502
 EELEC  =   -148284.5794  EHBOND  =         0.0000  RESTRAINT  =         0.0000
 EKCMT  =         0.0000  VIRIAL  =         0.0000  VOLUME     =    300347.8489
                                                    Density    =         1.0356
 ------------------------------------------------------------------------------

wrapping first mol.:       24.39297      -68.99374        0.00000
wrapping first mol.:       24.39297      -68.99374        0.00000
wrapping first mol.:       24.41123      -69.04540        0.00000
wrapping first mol.:       24.41123      -69.04540        0.00000
wrapping first mol.:       24.34356      -68.85399        0.00000
wrapping first mol.:       24.34356      -68.85399        0.00000

 NSTEP =  6700000   TIME(PS) =   15100.000  TEMP(K) =   301.01  PRESS =     0.0
 Etot   =   -104709.6007  EKtot   =     18614.9980  EPtot      =   -123324.5988
 BOND   =       557.1626  ANGLE   =      1512.4451  DIHED      =       995.5008
 UB     =         0.0000  IMP     =         0.0000  CMAP       =       143.6523
 1-4 NB =       649.9674  1-4 EEL =      6203.8065  VDWAALS    =     14465.3867
 EELEC  =   -147852.5202  EHBOND  =         0.0000  RESTRAINT  =         0.0000
 EKCMT  =         0.0000  VIRIAL  =         0.0000  VOLUME     =    300056.0466
                                                    Density    =         1.0366
 ------------------------------------------------------------------------------

wrapping first mol.:       24.37885      -68.95381        0.00000
wrapping first mol.:       24.37885      -68.95381        0.00000
wrapping first mol.:       24.37773      -68.95065        0.00000
wrapping first mol.:       24.37773      -68.95065        0.00000
wrapping first mol.:       24.36006      -68.90065        0.00000
wrapping first mol.:       24.36006      -68.90065        0.00000

 NSTEP =  6725000   TIME(PS) =   15150.000  TEMP(K) =   300.07  PRESS =     0.0
 Etot   =   -104836.9445  EKtot   =     18556.7598  EPtot      =   -123393.7043
 BOND   =       554.0424  ANGLE   =      1480.0935  DIHED      =      1004.7258
 UB     =         0.0000  IMP     =         0.0000  CMAP       =       139.1626
 1-4 NB =       656.8424  1-4 EEL =      6127.8520  VDWAALS    =     14506.3850
 EELEC  =   -147862.8080  EHBOND  =         0.0000  RESTRAINT  =         0.0000
 EKCMT  =         0.0000  VIRIAL  =         0.0000  VOLUME     =    300453.2580
                                                    Density    =         1.0352
 ------------------------------------------------------------------------------

wrapping first mol.:       24.34871      -68.86856        0.00000
wrapping first mol.:       24.34871      -68.86856        0.00000
wrapping first mol.:       24.36965      -68.92779        0.00000
wrapping first mol.:       24.36965      -68.92779        0.00000
wrapping first mol.:       24.38104      -68.95999        0.00000
wrapping first mol.:       24.38104      -68.95999        0.00000

 NSTEP =  6750000   TIME(PS) =   15200.000  TEMP(K) =   302.93  PRESS =     0.0
 Etot   =   -104505.1980  EKtot   =     18733.4121  EPtot      =   -123238.6101
 BOND   =       567.4617  ANGLE   =      1502.2543  DIHED      =      1006.5754
 UB     =         0.0000  IMP     =         0.0000  CMAP       =       135.5439
 1-4 NB =       656.1930  1-4 EEL =      6147.1685  VDWAALS    =     14294.0593
 EELEC  =   -147547.8662  EHBOND  =         0.0000  RESTRAINT  =         0.0000
 EKCMT  =         0.0000  VIRIAL  =         0.0000  VOLUME     =    301624.2666
                                                    Density    =         1.0312
 ------------------------------------------------------------------------------


 NSTEP =  6775000   TIME(PS) =   15250.000  TEMP(K) =   300.26  PRESS =     0.0
 Etot   =   -104713.7319  EKtot   =     18568.2188  EPtot      =   -123281.9507
 BOND   =       537.0908  ANGLE   =      1484.5563  DIHED      =       990.1742
 UB     =         0.0000  IMP     =         0.0000  CMAP       =       135.3397
 1-4 NB =       654.1327  1-4 EEL =      6201.3113  VDWAALS    =     14527.3369
 EELEC  =   -147811.8926  EHBOND  =         0.0000  RESTRAINT  =         0.0000
 EKCMT  =         0.0000  VIRIAL  =         0.0000  VOLUME     =    301623.2466
                                                    Density    =         1.0312
 ------------------------------------------------------------------------------


 NSTEP =  6800000   TIME(PS) =   15300.000  TEMP(K) =   302.03  PRESS =     0.0
 Etot   =   -104695.7091  EKtot   =     18678.1309  EPtot      =   -123373.8400
 BOND   =       585.7509  ANGLE   =      1517.2396  DIHED      =       993.6006
 UB     =         0.0000  IMP     =         0.0000  CMAP       =       136.8890
 1-4 NB =       643.0926  1-4 EEL =      6188.9117  VDWAALS    =     14790.1137
 EELEC  =   -148229.4382  EHBOND  =         0.0000  RESTRAINT  =         0.0000
 EKCMT  =         0.0000  VIRIAL  =         0.0000  VOLUME     =    300779.5827
                                                    Density    =         1.0341
 ------------------------------------------------------------------------------


 NSTEP =  6825000   TIME(PS) =   15350.000  TEMP(K) =   302.11  PRESS =     0.0
 Etot   =   -104506.5575  EKtot   =     18682.6836  EPtot      =   -123189.2411
 BOND   =       554.3331  ANGLE   =      1495.5943  DIHED      =      1035.6694
 UB     =         0.0000  IMP     =         0.0000  CMAP       =       147.2249
 1-4 NB =       640.6424  1-4 EEL =      6184.2619  VDWAALS    =     14526.0097
 EELEC  =   -147772.9769  EHBOND  =         0.0000  RESTRAINT  =         0.0000
 EKCMT  =         0.0000  VIRIAL  =         0.0000  VOLUME     =    300622.7113
                                                    Density    =         1.0347
 ------------------------------------------------------------------------------


 NSTEP =  6850000   TIME(PS) =   15400.000  TEMP(K) =   302.04  PRESS =     0.0
 Etot   =   -104612.8000  EKtot   =     18678.3145  EPtot      =   -123291.1144
 BOND   =       538.5271  ANGLE   =      1575.5846  DIHED      =       998.3642
 UB     =         0.0000  IMP     =         0.0000  CMAP       =       131.7513
 1-4 NB =       632.0378  1-4 EEL =      6160.6003  VDWAALS    =     14547.6848
 EELEC  =   -147875.6645  EHBOND  =         0.0000  RESTRAINT  =         0.0000
 EKCMT  =         0.0000  VIRIAL  =         0.0000  VOLUME     =    300921.2608
                                                    Density    =         1.0336
 ------------------------------------------------------------------------------


 NSTEP =  6875000   TIME(PS) =   15450.000  TEMP(K) =   300.97  PRESS =     0.0
 Etot   =   -104729.0573  EKtot   =     18612.6465  EPtot      =   -123341.7038
 BOND   =       561.8698  ANGLE   =      1519.1412  DIHED      =      1008.7162
 UB     =         0.0000  IMP     =         0.0000  CMAP       =       139.5092
 1-4 NB =       662.4258  1-4 EEL =      6202.5740  VDWAALS    =     14538.0301
 EELEC  =   -147973.9700  EHBOND  =         0.0000  RESTRAINT  =         0.0000
 EKCMT  =         0.0000  VIRIAL  =         0.0000  VOLUME     =    300674.6726
                                                    Density    =         1.0345
 ------------------------------------------------------------------------------


 NSTEP =  6900000   TIME(PS) =   15500.000  TEMP(K) =   299.14  PRESS =     0.0
 Etot   =   -104771.7875  EKtot   =     18498.9297  EPtot      =   -123270.7172
 BOND   =       567.7660  ANGLE   =      1548.8538  DIHED      =      1018.2517
 UB     =         0.0000  IMP     =         0.0000  CMAP       =       140.7911
 1-4 NB =       648.8973  1-4 EEL =      6236.1257  VDWAALS    =     14616.9812
 EELEC  =   -148048.3841  EHBOND  =         0.0000  RESTRAINT  =         0.0000
 EKCMT  =         0.0000  VIRIAL  =         0.0000  VOLUME     =    300285.1502
                                                    Density    =         1.0358
 ------------------------------------------------------------------------------


 NSTEP =  6925000   TIME(PS) =   15550.000  TEMP(K) =   305.52  PRESS =     0.0
 Etot   =   -104515.8461  EKtot   =     18893.6836  EPtot      =   -123409.5297
 BOND   =       540.7174  ANGLE   =      1536.5584  DIHED      =      1011.5525
 UB     =         0.0000  IMP     =         0.0000  CMAP       =       134.0591
 1-4 NB =       645.2671  1-4 EEL =      6241.0176  VDWAALS    =     14501.0072
 EELEC  =   -148019.7090  EHBOND  =         0.0000  RESTRAINT  =         0.0000
 EKCMT  =         0.0000  VIRIAL  =         0.0000  VOLUME     =    301408.6857
                                                    Density    =         1.0320
 ------------------------------------------------------------------------------


 NSTEP =  6950000   TIME(PS) =   15600.000  TEMP(K) =   297.55  PRESS =     0.0
 Etot   =   -105018.0703  EKtot   =     18401.0449  EPtot      =   -123419.1152
 BOND   =       554.8504  ANGLE   =      1522.1677  DIHED      =       998.1502
 UB     =         0.0000  IMP     =         0.0000  CMAP       =       135.9040
 1-4 NB =       641.4733  1-4 EEL =      6165.7975  VDWAALS    =     14538.8966
 EELEC  =   -147976.3548  EHBOND  =         0.0000  RESTRAINT  =         0.0000
 EKCMT  =         0.0000  VIRIAL  =         0.0000  VOLUME     =    301422.1463
                                                    Density    =         1.0319
 ------------------------------------------------------------------------------


 NSTEP =  6975000   TIME(PS) =   15650.000  TEMP(K) =   297.53  PRESS =     0.0
 Etot   =   -104831.2737  EKtot   =     18399.6309  EPtot      =   -123230.9046
 BOND   =       549.1302  ANGLE   =      1540.0977  DIHED      =       999.3080
 UB     =         0.0000  IMP     =         0.0000  CMAP       =       134.1056
 1-4 NB =       673.8173  1-4 EEL =      6218.7000  VDWAALS    =     14085.2748
 EELEC  =   -147431.3382  EHBOND  =         0.0000  RESTRAINT  =         0.0000
 EKCMT  =         0.0000  VIRIAL  =         0.0000  VOLUME     =    301752.8074
                                                    Density    =         1.0308
 ------------------------------------------------------------------------------


 NSTEP =  7000000   TIME(PS) =   15700.000  TEMP(K) =   301.11  PRESS =     0.0
 Etot   =   -104620.2482  EKtot   =     18621.2305  EPtot      =   -123241.4786
 BOND   =       579.7056  ANGLE   =      1544.9328  DIHED      =      1013.4908
 UB     =         0.0000  IMP     =         0.0000  CMAP       =       138.5998
 1-4 NB =       647.5443  1-4 EEL =      6147.6947  VDWAALS    =     14356.9276
 EELEC  =   -147670.3742  EHBOND  =         0.0000  RESTRAINT  =         0.0000
 EKCMT  =         0.0000  VIRIAL  =         0.0000  VOLUME     =    300976.6212
                                                    Density    =         1.0334
 ------------------------------------------------------------------------------


 NSTEP =  7025000   TIME(PS) =   15750.000  TEMP(K) =   299.64  PRESS =     0.0
 Etot   =   -104659.4759  EKtot   =     18529.8945  EPtot      =   -123189.3704
 BOND   =       571.3232  ANGLE   =      1528.8029  DIHED      =      1014.7427
 UB     =         0.0000  IMP     =         0.0000  CMAP       =       145.3974
 1-4 NB =       648.5229  1-4 EEL =      6173.0293  VDWAALS    =     14608.5408
 EELEC  =   -147879.7296  EHBOND  =         0.0000  RESTRAINT  =         0.0000
 EKCMT  =         0.0000  VIRIAL  =         0.0000  VOLUME     =    301255.2906
                                                    Density    =         1.0325
 ------------------------------------------------------------------------------


 NSTEP =  7050000   TIME(PS) =   15800.000  TEMP(K) =   299.70  PRESS =     0.0
 Etot   =   -104762.2076  EKtot   =     18533.6621  EPtot      =   -123295.8697
 BOND   =       586.9035  ANGLE   =      1518.9791  DIHED      =      1003.3022
 UB     =         0.0000  IMP     =         0.0000  CMAP       =       130.3767
 1-4 NB =       652.1603  1-4 EEL =      6196.5526  VDWAALS    =     14546.1191
 EELEC  =   -147930.2633  EHBOND  =         0.0000  RESTRAINT  =         0.0000
 EKCMT  =         0.0000  VIRIAL  =         0.0000  VOLUME     =    300074.8890
                                                    Density    =         1.0365
 ------------------------------------------------------------------------------

wrapping first mol.:       24.36817      -68.92359        0.00000
wrapping first mol.:       24.36817      -68.92359        0.00000
wrapping first mol.:       24.36501      -68.91467        0.00000
wrapping first mol.:       24.36501      -68.91467        0.00000

 NSTEP =  7075000   TIME(PS) =   15850.000  TEMP(K) =   298.14  PRESS =     0.0
 Etot   =   -104641.3017  EKtot   =     18437.5195  EPtot      =   -123078.8212
 BOND   =       545.3588  ANGLE   =      1520.6509  DIHED      =       998.3388
 UB     =         0.0000  IMP     =         0.0000  CMAP       =       137.0269
 1-4 NB =       664.2429  1-4 EEL =      6204.5991  VDWAALS    =     14344.3976
 EELEC  =   -147493.4363  EHBOND  =         0.0000  RESTRAINT  =         0.0000
 EKCMT  =         0.0000  VIRIAL  =         0.0000  VOLUME     =    300636.6452
                                                    Density    =         1.0346
 ------------------------------------------------------------------------------

wrapping first mol.:       24.36160      -68.90500        0.00000
wrapping first mol.:       24.36160      -68.90500        0.00000
wrapping first mol.:       24.36619      -68.91801        0.00000
wrapping first mol.:       24.36619      -68.91801        0.00000
wrapping first mol.:       24.40092      -69.01623        0.00000
wrapping first mol.:       24.40092      -69.01623        0.00000
wrapping first mol.:       24.38905      -68.98266        0.00000
wrapping first mol.:       24.38905      -68.98266        0.00000
wrapping first mol.:       24.36902      -68.92600        0.00000
wrapping first mol.:       24.36902      -68.92600        0.00000

 NSTEP =  7100000   TIME(PS) =   15900.000  TEMP(K) =   300.44  PRESS =     0.0
 Etot   =   -104814.2309  EKtot   =     18579.5039  EPtot      =   -123393.7348
 BOND   =       551.1444  ANGLE   =      1485.0164  DIHED      =      1021.8216
 UB     =         0.0000  IMP     =         0.0000  CMAP       =       138.7821
 1-4 NB =       671.2410  1-4 EEL =      6184.0030  VDWAALS    =     14371.4072
 EELEC  =   -147817.1505  EHBOND  =         0.0000  RESTRAINT  =         0.0000
 EKCMT  =         0.0000  VIRIAL  =         0.0000  VOLUME     =    300784.9941
                                                    Density    =         1.0341
 ------------------------------------------------------------------------------

wrapping first mol.:       24.36936      -68.92698        0.00000
wrapping first mol.:       24.36936      -68.92698        0.00000
wrapping first mol.:       24.38983      -68.98487        0.00000
wrapping first mol.:       24.38983      -68.98487        0.00000
wrapping first mol.:       24.39449      -68.99804        0.00000
wrapping first mol.:       24.39449      -68.99804        0.00000
wrapping first mol.:       24.35671      -68.89118        0.00000
wrapping first mol.:       24.35671      -68.89118        0.00000
wrapping first mol.:       24.35473      -68.88557        0.00000
wrapping first mol.:       24.35473      -68.88557        0.00000

 NSTEP =  7125000   TIME(PS) =   15950.000  TEMP(K) =   298.55  PRESS =     0.0
 Etot   =   -104716.6114  EKtot   =     18462.9395  EPtot      =   -123179.5508
 BOND   =       545.1361  ANGLE   =      1571.9029  DIHED      =      1019.2477
 UB     =         0.0000  IMP     =         0.0000  CMAP       =       146.1117
 1-4 NB =       646.0036  1-4 EEL =      6145.4023  VDWAALS    =     14378.0123
 EELEC  =   -147631.3675  EHBOND  =         0.0000  RESTRAINT  =         0.0000
 EKCMT  =         0.0000  VIRIAL  =         0.0000  VOLUME     =    300256.0109
                                                    Density    =         1.0359
 ------------------------------------------------------------------------------

wrapping first mol.:       24.40606      -69.03078        0.00000
wrapping first mol.:       24.40606      -69.03078        0.00000
wrapping first mol.:       24.38178      -68.96209        0.00000
wrapping first mol.:       24.38178      -68.96209        0.00000
wrapping first mol.:       24.36586      -68.91706        0.00000
wrapping first mol.:       24.36586      -68.91706        0.00000
wrapping first mol.:       24.40256      -69.02087        0.00000
wrapping first mol.:       24.40256      -69.02087        0.00000
wrapping first mol.:       24.33938      -68.84216        0.00000
wrapping first mol.:       24.33938      -68.84216        0.00000

 NSTEP =  7150000   TIME(PS) =   16000.000  TEMP(K) =   296.80  PRESS =     0.0
 Etot   =   -105176.4002  EKtot   =     18354.2793  EPtot      =   -123530.6795
 BOND   =       526.6816  ANGLE   =      1551.1856  DIHED      =      1014.3506
 UB     =         0.0000  IMP     =         0.0000  CMAP       =       137.8224
 1-4 NB =       658.7010  1-4 EEL =      6149.2974  VDWAALS    =     14440.3713
 EELEC  =   -148009.0894  EHBOND  =         0.0000  RESTRAINT  =         0.0000
 EKCMT  =         0.0000  VIRIAL  =         0.0000  VOLUME     =    299688.7306
                                                    Density    =         1.0379
 ------------------------------------------------------------------------------

wrapping first mol.:       24.40205      -69.01942        0.00000
wrapping first mol.:       24.40205      -69.01942        0.00000
wrapping first mol.:       24.36674      -68.91955        0.00000
wrapping first mol.:       24.36674      -68.91955        0.00000
wrapping first mol.:       24.36717      -68.92077        0.00000
wrapping first mol.:       24.36717      -68.92077        0.00000
wrapping first mol.:       24.35294      -68.88054        0.00000
wrapping first mol.:       24.35294      -68.88054        0.00000
wrapping first mol.:       24.34743      -68.86493        0.00000
wrapping first mol.:       24.34743      -68.86493        0.00000

 NSTEP =  7175000   TIME(PS) =   16050.000  TEMP(K) =   298.85  PRESS =     0.0
 Etot   =   -104947.2665  EKtot   =     18481.3164  EPtot      =   -123428.5829
 BOND   =       550.9080  ANGLE   =      1549.0568  DIHED      =      1017.3280
 UB     =         0.0000  IMP     =         0.0000  CMAP       =       144.6663
 1-4 NB =       652.1791  1-4 EEL =      6132.4006  VDWAALS    =     14640.6271
 EELEC  =   -148115.7488  EHBOND  =         0.0000  RESTRAINT  =         0.0000
 EKCMT  =         0.0000  VIRIAL  =         0.0000  VOLUME     =    299986.1441
                                                    Density    =         1.0368
 ------------------------------------------------------------------------------

wrapping first mol.:       24.38694      -68.97670        0.00000
wrapping first mol.:       24.38694      -68.97670        0.00000
wrapping first mol.:       24.35510      -68.88664        0.00000
wrapping first mol.:       24.35510      -68.88664        0.00000
wrapping first mol.:       24.35667      -68.89108        0.00000
wrapping first mol.:       24.35667      -68.89108        0.00000
wrapping first mol.:       24.34466      -68.85711        0.00000
wrapping first mol.:       24.34466      -68.85711        0.00000

 NSTEP =  7200000   TIME(PS) =   16100.000  TEMP(K) =   296.04  PRESS =     0.0
 Etot   =   -105064.1395  EKtot   =     18307.4336  EPtot      =   -123371.5731
 BOND   =       547.8651  ANGLE   =      1568.3099  DIHED      =      1005.3038
 UB     =         0.0000  IMP     =         0.0000  CMAP       =       128.8387
 1-4 NB =       649.1357  1-4 EEL =      6198.5673  VDWAALS    =     14225.3723
 EELEC  =   -147694.9660  EHBOND  =         0.0000  RESTRAINT  =         0.0000
 EKCMT  =         0.0000  VIRIAL  =         0.0000  VOLUME     =    299884.0317
                                                    Density    =         1.0372
 ------------------------------------------------------------------------------


 NSTEP =  7225000   TIME(PS) =   16150.000  TEMP(K) =   298.57  PRESS =     0.0
 Etot   =   -104820.9316  EKtot   =     18464.0312  EPtot      =   -123284.9629
 BOND   =       571.0743  ANGLE   =      1492.9747  DIHED      =       992.6030
 UB     =         0.0000  IMP     =         0.0000  CMAP       =       140.2884
 1-4 NB =       657.5888  1-4 EEL =      6176.8492  VDWAALS    =     14343.0167
 EELEC  =   -147659.3579  EHBOND  =         0.0000  RESTRAINT  =         0.0000
 EKCMT  =         0.0000  VIRIAL  =         0.0000  VOLUME     =    301238.8915
                                                    Density    =         1.0325
 ------------------------------------------------------------------------------


 NSTEP =  7250000   TIME(PS) =   16200.000  TEMP(K) =   297.92  PRESS =     0.0
 Etot   =   -104727.3182  EKtot   =     18423.7070  EPtot      =   -123151.0253
 BOND   =       577.6602  ANGLE   =      1486.2207  DIHED      =      1009.9338
 UB     =         0.0000  IMP     =         0.0000  CMAP       =       137.1437
 1-4 NB =       641.8158  1-4 EEL =      6140.7437  VDWAALS    =     14561.9575
 EELEC  =   -147706.5007  EHBOND  =         0.0000  RESTRAINT  =         0.0000
 EKCMT  =         0.0000  VIRIAL  =         0.0000  VOLUME     =    300948.2584
                                                    Density    =         1.0335
 ------------------------------------------------------------------------------


 NSTEP =  7275000   TIME(PS) =   16250.000  TEMP(K) =   298.33  PRESS =     0.0
 Etot   =   -105155.7472  EKtot   =     18448.9160  EPtot      =   -123604.6632
 BOND   =       555.2215  ANGLE   =      1476.3363  DIHED      =       998.4438
 UB     =         0.0000  IMP     =         0.0000  CMAP       =       145.7507
 1-4 NB =       659.6259  1-4 EEL =      6169.1436  VDWAALS    =     14590.5143
 EELEC  =   -148199.6993  EHBOND  =         0.0000  RESTRAINT  =         0.0000
 EKCMT  =         0.0000  VIRIAL  =         0.0000  VOLUME     =    300041.2400
                                                    Density    =         1.0367
 ------------------------------------------------------------------------------


 NSTEP =  7300000   TIME(PS) =   16300.000  TEMP(K) =   299.52  PRESS =     0.0
 Etot   =   -104767.9700  EKtot   =     18522.7305  EPtot      =   -123290.7005
 BOND   =       506.0192  ANGLE   =      1517.3629  DIHED      =       981.8093
 UB     =         0.0000  IMP     =         0.0000  CMAP       =       140.2295
 1-4 NB =       655.1985  1-4 EEL =      6151.7287  VDWAALS    =     14317.9853
 EELEC  =   -147561.0339  EHBOND  =         0.0000  RESTRAINT  =         0.0000
 EKCMT  =         0.0000  VIRIAL  =         0.0000  VOLUME     =    301875.4516
                                                    Density    =         1.0304
 ------------------------------------------------------------------------------


 NSTEP =  7325000   TIME(PS) =   16350.000  TEMP(K) =   300.92  PRESS =     0.0
 Etot   =   -104809.9489  EKtot   =     18609.4727  EPtot      =   -123419.4215
 BOND   =       597.0843  ANGLE   =      1502.6754  DIHED      =      1010.1299
 UB     =         0.0000  IMP     =         0.0000  CMAP       =       137.0292
 1-4 NB =       647.3815  1-4 EEL =      6128.4189  VDWAALS    =     14565.7767
 EELEC  =   -148007.9173  EHBOND  =         0.0000  RESTRAINT  =         0.0000
 EKCMT  =         0.0000  VIRIAL  =         0.0000  VOLUME     =    301379.4108
                                                    Density    =         1.0321
 ------------------------------------------------------------------------------


 NSTEP =  7350000   TIME(PS) =   16400.000  TEMP(K) =   299.95  PRESS =     0.0
 Etot   =   -104820.4371  EKtot   =     18549.1504  EPtot      =   -123369.5875
 BOND   =       555.6392  ANGLE   =      1527.2191  DIHED      =      1013.0516
 UB     =         0.0000  IMP     =         0.0000  CMAP       =       147.4751
 1-4 NB =       659.3690  1-4 EEL =      6201.2453  VDWAALS    =     14335.5750
 EELEC  =   -147809.1616  EHBOND  =         0.0000  RESTRAINT  =         0.0000
 EKCMT  =         0.0000  VIRIAL  =         0.0000  VOLUME     =    300666.8075
                                                    Density    =         1.0345
 ------------------------------------------------------------------------------

wrapping first mol.:       24.37017      -68.92925        0.00000
wrapping first mol.:       24.37017      -68.92925        0.00000

 NSTEP =  7375000   TIME(PS) =   16450.000  TEMP(K) =   302.74  PRESS =     0.0
 Etot   =   -105041.0706  EKtot   =     18722.1094  EPtot      =   -123763.1800
 BOND   =       556.9621  ANGLE   =      1486.1202  DIHED      =      1001.2905
 UB     =         0.0000  IMP     =         0.0000  CMAP       =       141.9149
 1-4 NB =       668.9342  1-4 EEL =      6224.7333  VDWAALS    =     14632.4134
 EELEC  =   -148475.5487  EHBOND  =         0.0000  RESTRAINT  =         0.0000
 EKCMT  =         0.0000  VIRIAL  =         0.0000  VOLUME     =    300827.5346
                                                    Density    =         1.0339
 ------------------------------------------------------------------------------

wrapping first mol.:       24.38238      -68.96380        0.00000
wrapping first mol.:       24.38238      -68.96380        0.00000
wrapping first mol.:       24.37139      -68.93272        0.00000
wrapping first mol.:       24.37139      -68.93272        0.00000
wrapping first mol.:       24.38859      -68.98135        0.00000
wrapping first mol.:       24.38859      -68.98135        0.00000
wrapping first mol.:       24.34491      -68.85782        0.00000
wrapping first mol.:       24.34491      -68.85782        0.00000
wrapping first mol.:       24.34161      -68.84847        0.00000
wrapping first mol.:       24.34161      -68.84847        0.00000

 NSTEP =  7400000   TIME(PS) =   16500.000  TEMP(K) =   300.28  PRESS =     0.0
 Etot   =   -105184.4760  EKtot   =     18569.4336  EPtot      =   -123753.9096
 BOND   =       538.6123  ANGLE   =      1525.9109  DIHED      =      1007.7600
 UB     =         0.0000  IMP     =         0.0000  CMAP       =       130.4821
 1-4 NB =       648.5278  1-4 EEL =      6122.2204  VDWAALS    =     14492.2389
 EELEC  =   -148219.6621  EHBOND  =         0.0000  RESTRAINT  =         0.0000
 EKCMT  =         0.0000  VIRIAL  =         0.0000  VOLUME     =    299771.1151
                                                    Density    =         1.0376
 ------------------------------------------------------------------------------

wrapping first mol.:       24.40288      -69.02176        0.00000
wrapping first mol.:       24.40288      -69.02176        0.00000
wrapping first mol.:       24.33931      -68.84197        0.00000
wrapping first mol.:       24.33931      -68.84197        0.00000
wrapping first mol.:       24.37667      -68.94764        0.00000
wrapping first mol.:       24.37667      -68.94764        0.00000
wrapping first mol.:       24.41166      -69.04661        0.00000
wrapping first mol.:       24.41166      -69.04661        0.00000
wrapping first mol.:       24.36613      -68.91782        0.00000
wrapping first mol.:       24.36613      -68.91782        0.00000

 NSTEP =  7425000   TIME(PS) =   16550.000  TEMP(K) =   296.65  PRESS =     0.0
 Etot   =   -105214.1831  EKtot   =     18345.3574  EPtot      =   -123559.5405
 BOND   =       575.3692  ANGLE   =      1423.9191  DIHED      =      1010.0724
 UB     =         0.0000  IMP     =         0.0000  CMAP       =       139.7412
 1-4 NB =       630.6817  1-4 EEL =      6120.4528  VDWAALS    =     14239.3012
 EELEC  =   -147699.0781  EHBOND  =         0.0000  RESTRAINT  =         0.0000
 EKCMT  =         0.0000  VIRIAL  =         0.0000  VOLUME     =    300677.8736
                                                    Density    =         1.0345
 ------------------------------------------------------------------------------

wrapping first mol.:       24.37688      -68.94824        0.00000
wrapping first mol.:       24.37688      -68.94824        0.00000
wrapping first mol.:       24.33977      -68.84327        0.00000
wrapping first mol.:       24.33977      -68.84327        0.00000
wrapping first mol.:       24.36589      -68.91716        0.00000
wrapping first mol.:       24.36589      -68.91716        0.00000
wrapping first mol.:       24.38163      -68.96166        0.00000
wrapping first mol.:       24.38163      -68.96166        0.00000
wrapping first mol.:       24.39071      -68.98734        0.00000
wrapping first mol.:       24.39071      -68.98734        0.00000

 NSTEP =  7450000   TIME(PS) =   16600.000  TEMP(K) =   302.16  PRESS =     0.0
 Etot   =   -104371.0119  EKtot   =     18685.9727  EPtot      =   -123056.9846
 BOND   =       564.2558  ANGLE   =      1527.2211  DIHED      =      1020.8453
 UB     =         0.0000  IMP     =         0.0000  CMAP       =       144.7366
 1-4 NB =       672.8672  1-4 EEL =      6195.5919  VDWAALS    =     14339.3220
 EELEC  =   -147521.8245  EHBOND  =         0.0000  RESTRAINT  =         0.0000
 EKCMT  =         0.0000  VIRIAL  =         0.0000  VOLUME     =    301588.7551
                                                    Density    =         1.0313
 ------------------------------------------------------------------------------

wrapping first mol.:       24.40757      -69.03505        0.00000
wrapping first mol.:       24.40757      -69.03505        0.00000
wrapping first mol.:       24.39891      -69.01055        0.00000
wrapping first mol.:       24.39891      -69.01055        0.00000
wrapping first mol.:       24.38507      -68.97139        0.00000
wrapping first mol.:       24.38507      -68.97139        0.00000
wrapping first mol.:       24.42891      -69.09541        0.00000
wrapping first mol.:       24.42891      -69.09541        0.00000
wrapping first mol.:       24.38072      -68.95909        0.00000
wrapping first mol.:       24.38072      -68.95909        0.00000

 NSTEP =  7475000   TIME(PS) =   16650.000  TEMP(K) =   299.43  PRESS =     0.0
 Etot   =   -105084.8455  EKtot   =     18517.0137  EPtot      =   -123601.8592
 BOND   =       531.2585  ANGLE   =      1479.2261  DIHED      =       970.0507
 UB     =         0.0000  IMP     =         0.0000  CMAP       =       144.6877
 1-4 NB =       662.8813  1-4 EEL =      6173.3710  VDWAALS    =     14239.5862
 EELEC  =   -147802.9206  EHBOND  =         0.0000  RESTRAINT  =         0.0000
 EKCMT  =         0.0000  VIRIAL  =         0.0000  VOLUME     =    301218.3899
                                                    Density    =         1.0326
 ------------------------------------------------------------------------------

wrapping first mol.:       24.38396      -68.96827        0.00000
wrapping first mol.:       24.38396      -68.96827        0.00000
wrapping first mol.:       24.39211      -68.99130        0.00000
wrapping first mol.:       24.39211      -68.99130        0.00000
wrapping first mol.:       24.39477      -68.99883        0.00000
wrapping first mol.:       24.39477      -68.99883        0.00000
wrapping first mol.:       24.37167      -68.93351        0.00000
wrapping first mol.:       24.37167      -68.93351        0.00000
wrapping first mol.:       24.38633      -68.97497        0.00000
wrapping first mol.:       24.38633      -68.97497        0.00000

 NSTEP =  7500000   TIME(PS) =   16700.000  TEMP(K) =   301.67  PRESS =     0.0
 Etot   =   -104695.8513  EKtot   =     18655.8438  EPtot      =   -123351.6950
 BOND   =       562.1299  ANGLE   =      1484.4536  DIHED      =      1027.8008
 UB     =         0.0000  IMP     =         0.0000  CMAP       =       135.2866
 1-4 NB =       647.8039  1-4 EEL =      6227.2019  VDWAALS    =     14538.7324
 EELEC  =   -147975.1041  EHBOND  =         0.0000  RESTRAINT  =         0.0000
 EKCMT  =         0.0000  VIRIAL  =         0.0000  VOLUME     =    301426.4829
                                                    Density    =         1.0319
 ------------------------------------------------------------------------------

wrapping first mol.:       24.35714      -68.89241        0.00000
wrapping first mol.:       24.35714      -68.89241        0.00000
wrapping first mol.:       24.37876      -68.95356        0.00000
wrapping first mol.:       24.37876      -68.95356        0.00000
wrapping first mol.:       24.35048      -68.87356        0.00000
wrapping first mol.:       24.35048      -68.87356        0.00000
wrapping first mol.:       24.34293      -68.85220        0.00000
wrapping first mol.:       24.34293      -68.85220        0.00000
wrapping first mol.:       24.37001      -68.92880        0.00000
wrapping first mol.:       24.37001      -68.92880        0.00000

 NSTEP =  7525000   TIME(PS) =   16750.000  TEMP(K) =   299.09  PRESS =     0.0
 Etot   =   -105075.6187  EKtot   =     18496.3457  EPtot      =   -123571.9644
 BOND   =       557.2209  ANGLE   =      1552.8911  DIHED      =      1012.2372
 UB     =         0.0000  IMP     =         0.0000  CMAP       =       135.2489
 1-4 NB =       658.5557  1-4 EEL =      6183.6886  VDWAALS    =     14217.5417
 EELEC  =   -147889.3484  EHBOND  =         0.0000  RESTRAINT  =         0.0000
 EKCMT  =         0.0000  VIRIAL  =         0.0000  VOLUME     =    300821.6246
                                                    Density    =         1.0340
 ------------------------------------------------------------------------------

wrapping first mol.:       24.38128      -68.96067        0.00000
wrapping first mol.:       24.38128      -68.96067        0.00000
wrapping first mol.:       24.37072      -68.93080        0.00000
wrapping first mol.:       24.37072      -68.93080        0.00000
wrapping first mol.:       24.35517      -68.88682        0.00000
wrapping first mol.:       24.35517      -68.88682        0.00000
wrapping first mol.:       24.36175      -68.90545        0.00000
wrapping first mol.:       24.36175      -68.90545        0.00000
wrapping first mol.:       24.37255      -68.93599        0.00000
wrapping first mol.:       24.37255      -68.93599        0.00000

 NSTEP =  7550000   TIME(PS) =   16800.000  TEMP(K) =   297.86  PRESS =     0.0
 Etot   =   -104960.5946  EKtot   =     18419.8867  EPtot      =   -123380.4813
 BOND   =       542.5791  ANGLE   =      1524.1566  DIHED      =      1013.1740
 UB     =         0.0000  IMP     =         0.0000  CMAP       =       143.7829
 1-4 NB =       652.9880  1-4 EEL =      6237.4670  VDWAALS    =     14309.4450
 EELEC  =   -147804.0739  EHBOND  =         0.0000  RESTRAINT  =         0.0000
 EKCMT  =         0.0000  VIRIAL  =         0.0000  VOLUME     =    300915.8323
                                                    Density    =         1.0336
 ------------------------------------------------------------------------------

wrapping first mol.:       24.38733      -68.97779        0.00000
wrapping first mol.:       24.38733      -68.97779        0.00000
wrapping first mol.:       24.33262      -68.82304        0.00000
wrapping first mol.:       24.33262      -68.82304        0.00000
wrapping first mol.:       24.35892      -68.89744        0.00000
wrapping first mol.:       24.35892      -68.89744        0.00000
wrapping first mol.:       24.35944      -68.89891        0.00000
wrapping first mol.:       24.35944      -68.89891        0.00000
wrapping first mol.:       24.38358      -68.96718        0.00000
wrapping first mol.:       24.38358      -68.96718        0.00000

 NSTEP =  7575000   TIME(PS) =   16850.000  TEMP(K) =   301.10  PRESS =     0.0
 Etot   =   -104574.0877  EKtot   =     18620.5195  EPtot      =   -123194.6073
 BOND   =       583.8947  ANGLE   =      1505.9080  DIHED      =      1008.2392
 UB     =         0.0000  IMP     =         0.0000  CMAP       =       146.4479
 1-4 NB =       651.9848  1-4 EEL =      6223.3189  VDWAALS    =     14396.0780
 EELEC  =   -147710.4788  EHBOND  =         0.0000  RESTRAINT  =         0.0000
 EKCMT  =         0.0000  VIRIAL  =         0.0000  VOLUME     =    301324.3737
                                                    Density    =         1.0322
 ------------------------------------------------------------------------------

wrapping first mol.:       24.40612      -69.03094        0.00000
wrapping first mol.:       24.40612      -69.03094        0.00000
wrapping first mol.:       24.39856      -69.00957        0.00000
wrapping first mol.:       24.39856      -69.00957        0.00000
wrapping first mol.:       24.38951      -68.98394        0.00000
wrapping first mol.:       24.38951      -68.98394        0.00000
wrapping first mol.:       24.37320      -68.93782        0.00000
wrapping first mol.:       24.37320      -68.93782        0.00000
wrapping first mol.:       24.33474      -68.82906        0.00000
wrapping first mol.:       24.33474      -68.82906        0.00000

 NSTEP =  7600000   TIME(PS) =   16900.000  TEMP(K) =   301.38  PRESS =     0.0
 Etot   =   -104690.3995  EKtot   =     18637.4844  EPtot      =   -123327.8838
 BOND   =       573.0624  ANGLE   =      1529.1584  DIHED      =      1012.6861
 UB     =         0.0000  IMP     =         0.0000  CMAP       =       129.6223
 1-4 NB =       655.3354  1-4 EEL =      6140.0970  VDWAALS    =     14569.9189
 EELEC  =   -147937.7643  EHBOND  =         0.0000  RESTRAINT  =         0.0000
 EKCMT  =         0.0000  VIRIAL  =         0.0000  VOLUME     =    299517.6357
                                                    Density    =         1.0385
 ------------------------------------------------------------------------------

wrapping first mol.:       24.38308      -68.96576        0.00000
wrapping first mol.:       24.38308      -68.96576        0.00000
wrapping first mol.:       24.38305      -68.96568        0.00000
wrapping first mol.:       24.38305      -68.96568        0.00000
wrapping first mol.:       24.38716      -68.97732        0.00000
wrapping first mol.:       24.38716      -68.97732        0.00000
wrapping first mol.:       24.37689      -68.94828        0.00000
wrapping first mol.:       24.37689      -68.94828        0.00000

 NSTEP =  7625000   TIME(PS) =   16950.000  TEMP(K) =   300.04  PRESS =     0.0
 Etot   =   -104792.6898  EKtot   =     18554.9258  EPtot      =   -123347.6156
 BOND   =       559.7135  ANGLE   =      1511.3532  DIHED      =      1007.0711
 UB     =         0.0000  IMP     =         0.0000  CMAP       =       150.4858
 1-4 NB =       663.7530  1-4 EEL =      6236.2064  VDWAALS    =     14622.5569
 EELEC  =   -148098.7554  EHBOND  =         0.0000  RESTRAINT  =         0.0000
 EKCMT  =         0.0000  VIRIAL  =         0.0000  VOLUME     =    301076.7087
                                                    Density    =         1.0331
 ------------------------------------------------------------------------------

wrapping first mol.:       24.38996      -68.98522        0.00000
wrapping first mol.:       24.38996      -68.98522        0.00000
wrapping first mol.:       24.36671      -68.91948        0.00000
wrapping first mol.:       24.36671      -68.91948        0.00000
wrapping first mol.:       24.36005      -68.90063        0.00000
wrapping first mol.:       24.36005      -68.90063        0.00000
wrapping first mol.:       24.39716      -69.00559        0.00000
wrapping first mol.:       24.39716      -69.00559        0.00000
wrapping first mol.:       24.38295      -68.96541        0.00000
wrapping first mol.:       24.38295      -68.96541        0.00000

 NSTEP =  7650000   TIME(PS) =   17000.000  TEMP(K) =   300.93  PRESS =     0.0
 Etot   =   -104827.2017  EKtot   =     18609.8574  EPtot      =   -123437.0592
 BOND   =       545.3934  ANGLE   =      1506.1896  DIHED      =      1015.0616
 UB     =         0.0000  IMP     =         0.0000  CMAP       =       146.8748
 1-4 NB =       665.7815  1-4 EEL =      6265.8306  VDWAALS    =     14313.3232
 EELEC  =   -147895.5139  EHBOND  =         0.0000  RESTRAINT  =         0.0000
 EKCMT  =         0.0000  VIRIAL  =         0.0000  VOLUME     =    301301.1582
                                                    Density    =         1.0323
 ------------------------------------------------------------------------------

wrapping first mol.:       24.35951      -68.89912        0.00000
wrapping first mol.:       24.35951      -68.89912        0.00000
wrapping first mol.:       24.37703      -68.94866        0.00000
wrapping first mol.:       24.37703      -68.94866        0.00000
wrapping first mol.:       24.36389      -68.91149        0.00000
wrapping first mol.:       24.36389      -68.91149        0.00000
wrapping first mol.:       24.40238      -69.02035        0.00000
wrapping first mol.:       24.40238      -69.02035        0.00000
wrapping first mol.:       24.37427      -68.94086        0.00000
wrapping first mol.:       24.37427      -68.94086        0.00000

 NSTEP =  7675000   TIME(PS) =   17050.000  TEMP(K) =   301.04  PRESS =     0.0
 Etot   =   -105026.7270  EKtot   =     18616.8164  EPtot      =   -123643.5434
 BOND   =       552.5328  ANGLE   =      1514.3735  DIHED      =      1018.8815
 UB     =         0.0000  IMP     =         0.0000  CMAP       =       147.3717
 1-4 NB =       642.3684  1-4 EEL =      6204.2236  VDWAALS    =     14417.1344
 EELEC  =   -148140.4294  EHBOND  =         0.0000  RESTRAINT  =         0.0000
 EKCMT  =         0.0000  VIRIAL  =         0.0000  VOLUME     =    300979.5398
                                                    Density    =         1.0334
 ------------------------------------------------------------------------------

wrapping first mol.:       24.32835      -68.81097        0.00000
wrapping first mol.:       24.32835      -68.81097        0.00000
wrapping first mol.:       24.34602      -68.86094        0.00000
wrapping first mol.:       24.34602      -68.86094        0.00000
wrapping first mol.:       24.36901      -68.92598        0.00000
wrapping first mol.:       24.36901      -68.92598        0.00000
wrapping first mol.:       24.39909      -69.01105        0.00000
wrapping first mol.:       24.39909      -69.01105        0.00000
wrapping first mol.:       24.36223      -68.90681        0.00000
wrapping first mol.:       24.36223      -68.90681        0.00000

 NSTEP =  7700000   TIME(PS) =   17100.000  TEMP(K) =   300.27  PRESS =     0.0
 Etot   =   -104699.0793  EKtot   =     18568.8359  EPtot      =   -123267.9153
 BOND   =       556.9046  ANGLE   =      1456.0051  DIHED      =      1020.9891
 UB     =         0.0000  IMP     =         0.0000  CMAP       =       135.4175
 1-4 NB =       651.6357  1-4 EEL =      6151.5979  VDWAALS    =     14472.6780
 EELEC  =   -147713.1431  EHBOND  =         0.0000  RESTRAINT  =         0.0000
 EKCMT  =         0.0000  VIRIAL  =         0.0000  VOLUME     =    300533.8234
                                                    Density    =         1.0350
 ------------------------------------------------------------------------------

wrapping first mol.:       24.34565      -68.85991        0.00000
wrapping first mol.:       24.34565      -68.85991        0.00000
wrapping first mol.:       24.37160      -68.93329        0.00000
wrapping first mol.:       24.37160      -68.93329        0.00000
wrapping first mol.:       24.36762      -68.92204        0.00000
wrapping first mol.:       24.36762      -68.92204        0.00000
wrapping first mol.:       24.37834      -68.95237        0.00000
wrapping first mol.:       24.37834      -68.95237        0.00000

 NSTEP =  7725000   TIME(PS) =   17150.000  TEMP(K) =   299.32  PRESS =     0.0
 Etot   =   -104581.1713  EKtot   =     18510.2207  EPtot      =   -123091.3920
 BOND   =       540.8512  ANGLE   =      1516.6566  DIHED      =       992.5566
 UB     =         0.0000  IMP     =         0.0000  CMAP       =       133.4972
 1-4 NB =       661.8266  1-4 EEL =      6223.4112  VDWAALS    =     14157.8960
 EELEC  =   -147318.0874  EHBOND  =         0.0000  RESTRAINT  =         0.0000
 EKCMT  =         0.0000  VIRIAL  =         0.0000  VOLUME     =    301130.3854
                                                    Density    =         1.0329
 ------------------------------------------------------------------------------

wrapping first mol.:       24.35575      -68.88846        0.00000
wrapping first mol.:       24.35575      -68.88846        0.00000
wrapping first mol.:       24.35300      -68.88071        0.00000
wrapping first mol.:       24.35300      -68.88071        0.00000
wrapping first mol.:       24.37181      -68.93389        0.00000
wrapping first mol.:       24.37181      -68.93389        0.00000
wrapping first mol.:       24.38600      -68.97403        0.00000
wrapping first mol.:       24.38600      -68.97403        0.00000
wrapping first mol.:       24.37832      -68.95231        0.00000
wrapping first mol.:       24.37832      -68.95231        0.00000

 NSTEP =  7750000   TIME(PS) =   17200.000  TEMP(K) =   297.57  PRESS =     0.0
 Etot   =   -104790.6554  EKtot   =     18402.0039  EPtot      =   -123192.6594
 BOND   =       596.0602  ANGLE   =      1506.0481  DIHED      =       999.9280
 UB     =         0.0000  IMP     =         0.0000  CMAP       =       131.6403
 1-4 NB =       654.1851  1-4 EEL =      6129.3916  VDWAALS    =     14351.5335
 EELEC  =   -147561.4461  EHBOND  =         0.0000  RESTRAINT  =         0.0000
 EKCMT  =         0.0000  VIRIAL  =         0.0000  VOLUME     =    301129.5780
                                                    Density    =         1.0329
 ------------------------------------------------------------------------------

wrapping first mol.:       24.38227      -68.96349        0.00000
wrapping first mol.:       24.38227      -68.96349        0.00000
wrapping first mol.:       24.40138      -69.01754        0.00000
wrapping first mol.:       24.40138      -69.01754        0.00000
wrapping first mol.:       24.39001      -68.98539        0.00000
wrapping first mol.:       24.39001      -68.98539        0.00000
wrapping first mol.:       24.41080      -69.04417        0.00000
wrapping first mol.:       24.41080      -69.04417        0.00000
wrapping first mol.:       24.39595      -69.00216        0.00000
wrapping first mol.:       24.39595      -69.00216        0.00000

 NSTEP =  7775000   TIME(PS) =   17250.000  TEMP(K) =   301.50  PRESS =     0.0
 Etot   =   -104589.3754  EKtot   =     18645.0273  EPtot      =   -123234.4027
 BOND   =       546.8493  ANGLE   =      1555.0222  DIHED      =       993.9555
 UB     =         0.0000  IMP     =         0.0000  CMAP       =       135.0210
 1-4 NB =       655.4949  1-4 EEL =      6189.4524  VDWAALS    =     14474.4421
 EELEC  =   -147784.6401  EHBOND  =         0.0000  RESTRAINT  =         0.0000
 EKCMT  =         0.0000  VIRIAL  =         0.0000  VOLUME     =    301783.1600
                                                    Density    =         1.0307
 ------------------------------------------------------------------------------

wrapping first mol.:       24.39361      -68.99556        0.00000
wrapping first mol.:       24.39361      -68.99556        0.00000
wrapping first mol.:       24.35341      -68.88185        0.00000
wrapping first mol.:       24.35341      -68.88185        0.00000
wrapping first mol.:       24.39258      -68.99264        0.00000
wrapping first mol.:       24.39258      -68.99264        0.00000
wrapping first mol.:       24.37339      -68.93836        0.00000
wrapping first mol.:       24.37339      -68.93836        0.00000
wrapping first mol.:       24.32601      -68.80434        0.00000
wrapping first mol.:       24.32601      -68.80434        0.00000

 NSTEP =  7800000   TIME(PS) =   17300.000  TEMP(K) =   299.40  PRESS =     0.0
 Etot   =   -104953.2694  EKtot   =     18515.2598  EPtot      =   -123468.5291
 BOND   =       553.4243  ANGLE   =      1521.1448  DIHED      =      1017.0034
 UB     =         0.0000  IMP     =         0.0000  CMAP       =       137.0529
 1-4 NB =       651.7843  1-4 EEL =      6174.7378  VDWAALS    =     14695.3379
 EELEC  =   -148219.0145  EHBOND  =         0.0000  RESTRAINT  =         0.0000
 EKCMT  =         0.0000  VIRIAL  =         0.0000  VOLUME     =    299195.0367
                                                    Density    =         1.0396
 ------------------------------------------------------------------------------

wrapping first mol.:       24.36107      -68.90351        0.00000
wrapping first mol.:       24.36107      -68.90351        0.00000
wrapping first mol.:       24.35517      -68.88682        0.00000
wrapping first mol.:       24.35517      -68.88682        0.00000
wrapping first mol.:       24.38067      -68.95895        0.00000
wrapping first mol.:       24.38067      -68.95895        0.00000
wrapping first mol.:       24.36824      -68.92380        0.00000
wrapping first mol.:       24.36824      -68.92380        0.00000
wrapping first mol.:       24.34435      -68.85622        0.00000
wrapping first mol.:       24.34435      -68.85622        0.00000

 NSTEP =  7825000   TIME(PS) =   17350.000  TEMP(K) =   300.63  PRESS =     0.0
 Etot   =   -104971.0649  EKtot   =     18591.6387  EPtot      =   -123562.7036
 BOND   =       579.4765  ANGLE   =      1540.9057  DIHED      =      1008.5961
 UB     =         0.0000  IMP     =         0.0000  CMAP       =       133.7587
 1-4 NB =       664.4596  1-4 EEL =      6147.9819  VDWAALS    =     14534.9587
 EELEC  =   -148172.8409  EHBOND  =         0.0000  RESTRAINT  =         0.0000
 EKCMT  =         0.0000  VIRIAL  =         0.0000  VOLUME     =    299872.3546
                                                    Density    =         1.0372
 ------------------------------------------------------------------------------

wrapping first mol.:       24.33678      -68.83482        0.00000
wrapping first mol.:       24.33678      -68.83482        0.00000
wrapping first mol.:       24.36790      -68.92283        0.00000
wrapping first mol.:       24.36790      -68.92283        0.00000
wrapping first mol.:       24.38334      -68.96650        0.00000
wrapping first mol.:       24.38334      -68.96650        0.00000
wrapping first mol.:       24.38955      -68.98408        0.00000
wrapping first mol.:       24.38955      -68.98408        0.00000
wrapping first mol.:       24.36778      -68.92249        0.00000
wrapping first mol.:       24.36778      -68.92249        0.00000

 NSTEP =  7850000   TIME(PS) =   17400.000  TEMP(K) =   298.13  PRESS =     0.0
 Etot   =   -104825.4202  EKtot   =     18436.6074  EPtot      =   -123262.0276
 BOND   =       559.1822  ANGLE   =      1543.1026  DIHED      =      1040.0413
 UB     =         0.0000  IMP     =         0.0000  CMAP       =       141.1758
 1-4 NB =       649.6508  1-4 EEL =      6213.3261  VDWAALS    =     14364.2629
 EELEC  =   -147772.7694  EHBOND  =         0.0000  RESTRAINT  =         0.0000
 EKCMT  =         0.0000  VIRIAL  =         0.0000  VOLUME     =    300739.0083
                                                    Density    =         1.0343
 ------------------------------------------------------------------------------

wrapping first mol.:       24.38211      -68.96303        0.00000
wrapping first mol.:       24.38211      -68.96303        0.00000
wrapping first mol.:       24.35062      -68.87395        0.00000
wrapping first mol.:       24.35062      -68.87395        0.00000
wrapping first mol.:       24.36056      -68.90209        0.00000
wrapping first mol.:       24.36056      -68.90209        0.00000
wrapping first mol.:       24.33730      -68.83629        0.00000
wrapping first mol.:       24.33730      -68.83629        0.00000
wrapping first mol.:       24.39575      -69.00162        0.00000
wrapping first mol.:       24.39575      -69.00162        0.00000

 NSTEP =  7875000   TIME(PS) =   17450.000  TEMP(K) =   300.26  PRESS =     0.0
 Etot   =   -104844.0121  EKtot   =     18568.4238  EPtot      =   -123412.4360
 BOND   =       564.9752  ANGLE   =      1522.4348  DIHED      =      1004.9005
 UB     =         0.0000  IMP     =         0.0000  CMAP       =       144.8561
 1-4 NB =       640.5891  1-4 EEL =      6205.9599  VDWAALS    =     14228.9324
 EELEC  =   -147725.0839  EHBOND  =         0.0000  RESTRAINT  =         0.0000
 EKCMT  =         0.0000  VIRIAL  =         0.0000  VOLUME     =    301776.0548
                                                    Density    =         1.0307
 ------------------------------------------------------------------------------

wrapping first mol.:       24.36144      -68.90455        0.00000
wrapping first mol.:       24.36144      -68.90455        0.00000
wrapping first mol.:       24.40031      -69.01450        0.00000
wrapping first mol.:       24.40031      -69.01450        0.00000
wrapping first mol.:       24.35761      -68.89373        0.00000
wrapping first mol.:       24.35761      -68.89373        0.00000
wrapping first mol.:       24.36785      -68.92270        0.00000
wrapping first mol.:       24.36785      -68.92270        0.00000
wrapping first mol.:       24.37865      -68.95325        0.00000
wrapping first mol.:       24.37865      -68.95325        0.00000

 NSTEP =  7900000   TIME(PS) =   17500.000  TEMP(K) =   298.44  PRESS =     0.0
 Etot   =   -105017.8153  EKtot   =     18455.7891  EPtot      =   -123473.6043
 BOND   =       558.0523  ANGLE   =      1517.6802  DIHED      =      1007.3320
 UB     =         0.0000  IMP     =         0.0000  CMAP       =       147.0424
 1-4 NB =       652.1646  1-4 EEL =      6226.8600  VDWAALS    =     14542.2592
 EELEC  =   -148124.9951  EHBOND  =         0.0000  RESTRAINT  =         0.0000
 EKCMT  =         0.0000  VIRIAL  =         0.0000  VOLUME     =    301141.8271
                                                    Density    =         1.0329
 ------------------------------------------------------------------------------

wrapping first mol.:       24.39945      -69.01207        0.00000
wrapping first mol.:       24.39945      -69.01207        0.00000
wrapping first mol.:       24.36240      -68.90728        0.00000
wrapping first mol.:       24.36240      -68.90728        0.00000
wrapping first mol.:       24.35649      -68.89055        0.00000
wrapping first mol.:       24.35649      -68.89055        0.00000
wrapping first mol.:       24.39871      -69.00997        0.00000
wrapping first mol.:       24.39871      -69.00997        0.00000
wrapping first mol.:       24.38320      -68.96612        0.00000
wrapping first mol.:       24.38320      -68.96612        0.00000

 NSTEP =  7925000   TIME(PS) =   17550.000  TEMP(K) =   299.72  PRESS =     0.0
 Etot   =   -104824.4538  EKtot   =     18535.1621  EPtot      =   -123359.6159
 BOND   =       532.9193  ANGLE   =      1554.2694  DIHED      =      1026.0934
 UB     =         0.0000  IMP     =         0.0000  CMAP       =       139.6995
 1-4 NB =       670.1439  1-4 EEL =      6167.6821  VDWAALS    =     14500.6272
 EELEC  =   -147951.0507  EHBOND  =         0.0000  RESTRAINT  =         0.0000
 EKCMT  =         0.0000  VIRIAL  =         0.0000  VOLUME     =    301310.5515
                                                    Density    =         1.0323
 ------------------------------------------------------------------------------

wrapping first mol.:       24.37886      -68.95384        0.00000
wrapping first mol.:       24.37886      -68.95384        0.00000
wrapping first mol.:       24.35808      -68.89507        0.00000
wrapping first mol.:       24.35808      -68.89507        0.00000
wrapping first mol.:       24.37560      -68.94463        0.00000
wrapping first mol.:       24.37560      -68.94463        0.00000
wrapping first mol.:       24.37003      -68.92887        0.00000
wrapping first mol.:       24.37003      -68.92887        0.00000
wrapping first mol.:       24.34922      -68.87001        0.00000
wrapping first mol.:       24.34922      -68.87001        0.00000

 NSTEP =  7950000   TIME(PS) =   17600.000  TEMP(K) =   298.99  PRESS =     0.0
 Etot   =   -104818.5099  EKtot   =     18489.8457  EPtot      =   -123308.3556
 BOND   =       542.5597  ANGLE   =      1561.5885  DIHED      =      1012.2688
 UB     =         0.0000  IMP     =         0.0000  CMAP       =       132.6507
 1-4 NB =       650.4266  1-4 EEL =      6200.7850  VDWAALS    =     14648.6303
 EELEC  =   -148057.2650  EHBOND  =         0.0000  RESTRAINT  =         0.0000
 EKCMT  =         0.0000  VIRIAL  =         0.0000  VOLUME     =    300052.5646
                                                    Density    =         1.0366
 ------------------------------------------------------------------------------

wrapping first mol.:       24.34381      -68.85469        0.00000
wrapping first mol.:       24.34381      -68.85469        0.00000
wrapping first mol.:       24.36126      -68.90405        0.00000
wrapping first mol.:       24.36126      -68.90405        0.00000
wrapping first mol.:       24.35769      -68.89397        0.00000
wrapping first mol.:       24.35769      -68.89397        0.00000
wrapping first mol.:       24.34572      -68.86009        0.00000
wrapping first mol.:       24.34572      -68.86009        0.00000
wrapping first mol.:       24.30724      -68.75127        0.00000
wrapping first mol.:       24.30724      -68.75127        0.00000

 NSTEP =  7975000   TIME(PS) =   17650.000  TEMP(K) =   299.05  PRESS =     0.0
 Etot   =   -104923.6630  EKtot   =     18493.9707  EPtot      =   -123417.6337
 BOND   =       570.2284  ANGLE   =      1527.9255  DIHED      =      1008.6864
 UB     =         0.0000  IMP     =         0.0000  CMAP       =       146.6695
 1-4 NB =       637.6530  1-4 EEL =      6207.1644  VDWAALS    =     14318.0617
 EELEC  =   -147834.0227  EHBOND  =         0.0000  RESTRAINT  =         0.0000
 EKCMT  =         0.0000  VIRIAL  =         0.0000  VOLUME     =    298503.3057
                                                    Density    =         1.0420
 ------------------------------------------------------------------------------

wrapping first mol.:       24.33938      -68.84216        0.00000
wrapping first mol.:       24.33938      -68.84216        0.00000
wrapping first mol.:       24.36523      -68.91530        0.00000
wrapping first mol.:       24.36523      -68.91530        0.00000
wrapping first mol.:       24.36577      -68.91682        0.00000
wrapping first mol.:       24.36577      -68.91682        0.00000
wrapping first mol.:       24.37543      -68.94413        0.00000
wrapping first mol.:       24.37543      -68.94413        0.00000
wrapping first mol.:       24.36249      -68.90755        0.00000
wrapping first mol.:       24.36249      -68.90755        0.00000

 NSTEP =  8000000   TIME(PS) =   17700.000  TEMP(K) =   300.24  PRESS =     0.0
 Etot   =   -104860.2075  EKtot   =     18567.3906  EPtot      =   -123427.5981
 BOND   =       568.1622  ANGLE   =      1523.4014  DIHED      =      1008.2376
 UB     =         0.0000  IMP     =         0.0000  CMAP       =       131.2692
 1-4 NB =       663.3317  1-4 EEL =      6139.8698  VDWAALS    =     14289.2787
 EELEC  =   -147751.1488  EHBOND  =         0.0000  RESTRAINT  =         0.0000
 EKCMT  =         0.0000  VIRIAL  =         0.0000  VOLUME     =    300543.4542
                                                    Density    =         1.0349
 ------------------------------------------------------------------------------

wrapping first mol.:       24.33568      -68.83170        0.00000
wrapping first mol.:       24.33568      -68.83170        0.00000
wrapping first mol.:       24.38581      -68.97349        0.00000
wrapping first mol.:       24.38581      -68.97349        0.00000
wrapping first mol.:       24.36481      -68.91408        0.00000
wrapping first mol.:       24.36481      -68.91408        0.00000
wrapping first mol.:       24.38523      -68.97187        0.00000
wrapping first mol.:       24.38523      -68.97187        0.00000
wrapping first mol.:       24.34934      -68.87034        0.00000
wrapping first mol.:       24.34934      -68.87034        0.00000

 NSTEP =  8025000   TIME(PS) =   17750.000  TEMP(K) =   303.36  PRESS =     0.0
 Etot   =   -104700.2738  EKtot   =     18760.3496  EPtot      =   -123460.6234
 BOND   =       561.6641  ANGLE   =      1527.0142  DIHED      =      1019.4867
 UB     =         0.0000  IMP     =         0.0000  CMAP       =       140.7513
 1-4 NB =       655.3216  1-4 EEL =      6204.0990  VDWAALS    =     14586.8030
 EELEC  =   -148155.7633  EHBOND  =         0.0000  RESTRAINT  =         0.0000
 EKCMT  =         0.0000  VIRIAL  =         0.0000  VOLUME     =    300056.8411
                                                    Density    =         1.0366
 ------------------------------------------------------------------------------

wrapping first mol.:       24.35028      -68.87299        0.00000
wrapping first mol.:       24.35028      -68.87299        0.00000
wrapping first mol.:       24.38167      -68.96178        0.00000
wrapping first mol.:       24.38167      -68.96178        0.00000
wrapping first mol.:       24.34859      -68.86822        0.00000
wrapping first mol.:       24.34859      -68.86822        0.00000
wrapping first mol.:       24.37980      -68.95650        0.00000
wrapping first mol.:       24.37980      -68.95650        0.00000
wrapping first mol.:       24.37194      -68.93426        0.00000
wrapping first mol.:       24.37194      -68.93426        0.00000

 NSTEP =  8050000   TIME(PS) =   17800.000  TEMP(K) =   302.81  PRESS =     0.0
 Etot   =   -104619.9062  EKtot   =     18726.1211  EPtot      =   -123346.0273
 BOND   =       566.5178  ANGLE   =      1557.9333  DIHED      =      1010.6862
 UB     =         0.0000  IMP     =         0.0000  CMAP       =       129.3379
 1-4 NB =       668.3634  1-4 EEL =      6231.4187  VDWAALS    =     14508.7502
 EELEC  =   -148019.0349  EHBOND  =         0.0000  RESTRAINT  =         0.0000
 EKCMT  =         0.0000  VIRIAL  =         0.0000  VOLUME     =    300893.0781
                                                    Density    =         1.0337
 ------------------------------------------------------------------------------

wrapping first mol.:       24.38052      -68.95854        0.00000
wrapping first mol.:       24.38052      -68.95854        0.00000
wrapping first mol.:       24.36201      -68.90616        0.00000
wrapping first mol.:       24.36201      -68.90616        0.00000
wrapping first mol.:       24.35036      -68.87321        0.00000
wrapping first mol.:       24.35036      -68.87321        0.00000
wrapping first mol.:       24.37677      -68.94793        0.00000
wrapping first mol.:       24.37677      -68.94793        0.00000
wrapping first mol.:       24.34018      -68.84443        0.00000
wrapping first mol.:       24.34018      -68.84443        0.00000

 NSTEP =  8075000   TIME(PS) =   17850.000  TEMP(K) =   299.75  PRESS =     0.0
 Etot   =   -104880.0968  EKtot   =     18537.2012  EPtot      =   -123417.2980
 BOND   =       593.8950  ANGLE   =      1593.6435  DIHED      =      1002.1189
 UB     =         0.0000  IMP     =         0.0000  CMAP       =       136.2201
 1-4 NB =       630.5600  1-4 EEL =      6123.1501  VDWAALS    =     14532.8446
 EELEC  =   -148029.7301  EHBOND  =         0.0000  RESTRAINT  =         0.0000
 EKCMT  =         0.0000  VIRIAL  =         0.0000  VOLUME     =    299718.3623
                                                    Density    =         1.0378
 ------------------------------------------------------------------------------

wrapping first mol.:       24.36138      -68.90439        0.00000
wrapping first mol.:       24.36138      -68.90439        0.00000
wrapping first mol.:       24.35662      -68.89093        0.00000
wrapping first mol.:       24.35662      -68.89093        0.00000

 NSTEP =  8100000   TIME(PS) =   17900.000  TEMP(K) =   300.02  PRESS =     0.0
 Etot   =   -104857.0535  EKtot   =     18553.8027  EPtot      =   -123410.8563
 BOND   =       542.4496  ANGLE   =      1518.3284  DIHED      =      1001.6645
 UB     =         0.0000  IMP     =         0.0000  CMAP       =       130.9166
 1-4 NB =       659.7651  1-4 EEL =      6165.8399  VDWAALS    =     14531.4896
 EELEC  =   -147961.3100  EHBOND  =         0.0000  RESTRAINT  =         0.0000
 EKCMT  =         0.0000  VIRIAL  =         0.0000  VOLUME     =    300900.5890
                                                    Density    =         1.0337
 ------------------------------------------------------------------------------

wrapping first mol.:       24.38181      -68.96217        0.00000
wrapping first mol.:       24.38181      -68.96217        0.00000
wrapping first mol.:       24.35669      -68.89114        0.00000
wrapping first mol.:       24.35669      -68.89114        0.00000
wrapping first mol.:       24.37569      -68.94486        0.00000
wrapping first mol.:       24.37569      -68.94486        0.00000

 NSTEP =  8125000   TIME(PS) =   17950.000  TEMP(K) =   300.90  PRESS =     0.0
 Etot   =   -104788.2649  EKtot   =     18607.8984  EPtot      =   -123396.1633
 BOND   =       552.8267  ANGLE   =      1486.6831  DIHED      =      1018.0101
 UB     =         0.0000  IMP     =         0.0000  CMAP       =       136.3558
 1-4 NB =       655.1106  1-4 EEL =      6165.1266  VDWAALS    =     14625.5167
 EELEC  =   -148035.7929  EHBOND  =         0.0000  RESTRAINT  =         0.0000
 EKCMT  =         0.0000  VIRIAL  =         0.0000  VOLUME     =    301430.5770
                                                    Density    =         1.0319
 ------------------------------------------------------------------------------

wrapping first mol.:       24.32993      -68.81545        0.00000
wrapping first mol.:       24.32993      -68.81545        0.00000
wrapping first mol.:       24.36734      -68.92125        0.00000
wrapping first mol.:       24.36734      -68.92125        0.00000
wrapping first mol.:       24.39816      -69.00842        0.00000
wrapping first mol.:       24.39816      -69.00842        0.00000
wrapping first mol.:       24.35955      -68.89921        0.00000
wrapping first mol.:       24.35955      -68.89921        0.00000

 NSTEP =  8150000   TIME(PS) =   18000.000  TEMP(K) =   301.62  PRESS =     0.0
 Etot   =   -104602.5976  EKtot   =     18652.5137  EPtot      =   -123255.1113
 BOND   =       553.2368  ANGLE   =      1510.0204  DIHED      =      1034.4366
 UB     =         0.0000  IMP     =         0.0000  CMAP       =       135.1952
 1-4 NB =       627.8830  1-4 EEL =      6173.0795  VDWAALS    =     14345.5261
 EELEC  =   -147634.4888  EHBOND  =         0.0000  RESTRAINT  =         0.0000
 EKCMT  =         0.0000  VIRIAL  =         0.0000  VOLUME     =    300434.4186
                                                    Density    =         1.0353
 ------------------------------------------------------------------------------

wrapping first mol.:       24.38560      -68.97290        0.00000
wrapping first mol.:       24.38560      -68.97290        0.00000
wrapping first mol.:       24.38587      -68.97367        0.00000
wrapping first mol.:       24.38587      -68.97367        0.00000
wrapping first mol.:       24.34866      -68.86841        0.00000
wrapping first mol.:       24.34866      -68.86841        0.00000
wrapping first mol.:       24.36636      -68.91847        0.00000
wrapping first mol.:       24.36636      -68.91847        0.00000
wrapping first mol.:       24.39247      -68.99234        0.00000
wrapping first mol.:       24.39247      -68.99234        0.00000

 NSTEP =  8175000   TIME(PS) =   18050.000  TEMP(K) =   296.75  PRESS =     0.0
 Etot   =   -104839.1229  EKtot   =     18351.3809  EPtot      =   -123190.5037
 BOND   =       551.0399  ANGLE   =      1486.4265  DIHED      =      1033.4361
 UB     =         0.0000  IMP     =         0.0000  CMAP       =       141.9176
 1-4 NB =       661.7054  1-4 EEL =      6162.4339  VDWAALS    =     14682.2503
 EELEC  =   -147909.7134  EHBOND  =         0.0000  RESTRAINT  =         0.0000
 EKCMT  =         0.0000  VIRIAL  =         0.0000  VOLUME     =    301654.3098
                                                    Density    =         1.0311
 ------------------------------------------------------------------------------

wrapping first mol.:       24.33886      -68.84069        0.00000
wrapping first mol.:       24.33886      -68.84069        0.00000
wrapping first mol.:       24.36875      -68.92524        0.00000
wrapping first mol.:       24.36875      -68.92524        0.00000
wrapping first mol.:       24.36538      -68.91571        0.00000
wrapping first mol.:       24.36538      -68.91571        0.00000
wrapping first mol.:       24.34102      -68.84680        0.00000
wrapping first mol.:       24.34102      -68.84680        0.00000
wrapping first mol.:       24.39451      -68.99811        0.00000
wrapping first mol.:       24.39451      -68.99811        0.00000

 NSTEP =  8200000   TIME(PS) =   18100.000  TEMP(K) =   299.51  PRESS =     0.0
 Etot   =   -104779.8352  EKtot   =     18522.0801  EPtot      =   -123301.9153
 BOND   =       583.2571  ANGLE   =      1511.6513  DIHED      =      1053.4757
 UB     =         0.0000  IMP     =         0.0000  CMAP       =       145.2452
 1-4 NB =       661.2066  1-4 EEL =      6226.9042  VDWAALS    =     14412.2260
 EELEC  =   -147895.8814  EHBOND  =         0.0000  RESTRAINT  =         0.0000
 EKCMT  =         0.0000  VIRIAL  =         0.0000  VOLUME     =    301729.9371
                                                    Density    =         1.0309
 ------------------------------------------------------------------------------


 NSTEP =  8225000   TIME(PS) =   18150.000  TEMP(K) =   300.28  PRESS =     0.0
 Etot   =   -104982.8140  EKtot   =     18570.0137  EPtot      =   -123552.8276
 BOND   =       592.5917  ANGLE   =      1496.2009  DIHED      =      1027.6128
 UB     =         0.0000  IMP     =         0.0000  CMAP       =       146.3563
 1-4 NB =       635.8574  1-4 EEL =      6193.3084  VDWAALS    =     14796.9829
 EELEC  =   -148441.7379  EHBOND  =         0.0000  RESTRAINT  =         0.0000
 EKCMT  =         0.0000  VIRIAL  =         0.0000  VOLUME     =    300304.3906
                                                    Density    =         1.0358
 ------------------------------------------------------------------------------


 NSTEP =  8250000   TIME(PS) =   18200.000  TEMP(K) =   299.99  PRESS =     0.0
 Etot   =   -104788.4592  EKtot   =     18551.9883  EPtot      =   -123340.4475
 BOND   =       568.0627  ANGLE   =      1507.7119  DIHED      =      1037.9414
 UB     =         0.0000  IMP     =         0.0000  CMAP       =       132.2388
 1-4 NB =       662.9472  1-4 EEL =      6190.2922  VDWAALS    =     14582.0691
 EELEC  =   -148021.7107  EHBOND  =         0.0000  RESTRAINT  =         0.0000
 EKCMT  =         0.0000  VIRIAL  =         0.0000  VOLUME     =    300228.4240
                                                    Density    =         1.0360
 ------------------------------------------------------------------------------

wrapping first mol.:       24.37642      -68.94693        0.00000
wrapping first mol.:       24.37642      -68.94693        0.00000
wrapping first mol.:       24.38280      -68.96499        0.00000
wrapping first mol.:       24.38280      -68.96499        0.00000
wrapping first mol.:       24.42126      -69.07375        0.00000
wrapping first mol.:       24.42126      -69.07375        0.00000
wrapping first mol.:       24.37761      -68.95030        0.00000
wrapping first mol.:       24.37761      -68.95030        0.00000
wrapping first mol.:       24.35844      -68.89609        0.00000
wrapping first mol.:       24.35844      -68.89609        0.00000

 NSTEP =  8275000   TIME(PS) =   18250.000  TEMP(K) =   298.51  PRESS =     0.0
 Etot   =   -104899.2036  EKtot   =     18460.3789  EPtot      =   -123359.5825
 BOND   =       571.0350  ANGLE   =      1553.5292  DIHED      =      1031.8594
 UB     =         0.0000  IMP     =         0.0000  CMAP       =       140.4826
 1-4 NB =       663.3969  1-4 EEL =      6186.6900  VDWAALS    =     14274.1184
 EELEC  =   -147780.6939  EHBOND  =         0.0000  RESTRAINT  =         0.0000
 EKCMT  =         0.0000  VIRIAL  =         0.0000  VOLUME     =    300393.5870
                                                    Density    =         1.0354
 ------------------------------------------------------------------------------

wrapping first mol.:       24.39154      -68.98971        0.00000
wrapping first mol.:       24.39154      -68.98971        0.00000
wrapping first mol.:       24.38674      -68.97612        0.00000
wrapping first mol.:       24.38674      -68.97612        0.00000
wrapping first mol.:       24.35401      -68.88355        0.00000
wrapping first mol.:       24.35401      -68.88355        0.00000
wrapping first mol.:       24.38278      -68.96492        0.00000
wrapping first mol.:       24.38278      -68.96492        0.00000

 NSTEP =  8300000   TIME(PS) =   18300.000  TEMP(K) =   298.81  PRESS =     0.0
 Etot   =   -104943.1220  EKtot   =     18479.0898  EPtot      =   -123422.2119
 BOND   =       568.9120  ANGLE   =      1572.3944  DIHED      =      1014.5663
 UB     =         0.0000  IMP     =         0.0000  CMAP       =       132.4293
 1-4 NB =       648.8146  1-4 EEL =      6168.8133  VDWAALS    =     14582.7036
 EELEC  =   -148110.8454  EHBOND  =         0.0000  RESTRAINT  =         0.0000
 EKCMT  =         0.0000  VIRIAL  =         0.0000  VOLUME     =    301588.7064
                                                    Density    =         1.0313
 ------------------------------------------------------------------------------


 NSTEP =  8325000   TIME(PS) =   18350.000  TEMP(K) =   297.08  PRESS =     0.0
 Etot   =   -105368.9729  EKtot   =     18371.8516  EPtot      =   -123740.8245
 BOND   =       561.9028  ANGLE   =      1526.0885  DIHED      =      1039.8008
 UB     =         0.0000  IMP     =         0.0000  CMAP       =       147.8181
 1-4 NB =       644.8573  1-4 EEL =      6163.5336  VDWAALS    =     14695.0365
 EELEC  =   -148519.8621  EHBOND  =         0.0000  RESTRAINT  =         0.0000
 EKCMT  =         0.0000  VIRIAL  =         0.0000  VOLUME     =    301203.9415
                                                    Density    =         1.0327
 ------------------------------------------------------------------------------


 NSTEP =  8350000   TIME(PS) =   18400.000  TEMP(K) =   300.49  PRESS =     0.0
 Etot   =   -104493.6353  EKtot   =     18582.9805  EPtot      =   -123076.6158
 BOND   =       549.0793  ANGLE   =      1540.7064  DIHED      =      1029.2228
 UB     =         0.0000  IMP     =         0.0000  CMAP       =       131.1546
 1-4 NB =       653.8401  1-4 EEL =      6213.7850  VDWAALS    =     14577.1329
 EELEC  =   -147771.5370  EHBOND  =         0.0000  RESTRAINT  =         0.0000
 EKCMT  =         0.0000  VIRIAL  =         0.0000  VOLUME     =    300892.7135
                                                    Density    =         1.0337
 ------------------------------------------------------------------------------


 NSTEP =  8375000   TIME(PS) =   18450.000  TEMP(K) =   298.36  PRESS =     0.0
 Etot   =   -104769.0173  EKtot   =     18450.8633  EPtot      =   -123219.8806
 BOND   =       564.3584  ANGLE   =      1539.1309  DIHED      =      1019.8754
 UB     =         0.0000  IMP     =         0.0000  CMAP       =       131.3788
 1-4 NB =       643.8113  1-4 EEL =      6161.1346  VDWAALS    =     14637.0169
 EELEC  =   -147916.5870  EHBOND  =         0.0000  RESTRAINT  =         0.0000
 EKCMT  =         0.0000  VIRIAL  =         0.0000  VOLUME     =    300748.2743
                                                    Density    =         1.0342
 ------------------------------------------------------------------------------


 NSTEP =  8400000   TIME(PS) =   18500.000  TEMP(K) =   302.42  PRESS =     0.0
 Etot   =   -104509.1054  EKtot   =     18702.2891  EPtot      =   -123211.3944
 BOND   =       587.1298  ANGLE   =      1535.4091  DIHED      =      1063.6573
 UB     =         0.0000  IMP     =         0.0000  CMAP       =       137.9179
 1-4 NB =       651.3522  1-4 EEL =      6157.7255  VDWAALS    =     14318.3563
 EELEC  =   -147662.9426  EHBOND  =         0.0000  RESTRAINT  =         0.0000
 EKCMT  =         0.0000  VIRIAL  =         0.0000  VOLUME     =    300975.7527
                                                    Density    =         1.0334
 ------------------------------------------------------------------------------


 NSTEP =  8425000   TIME(PS) =   18550.000  TEMP(K) =   296.45  PRESS =     0.0
 Etot   =   -104700.7759  EKtot   =     18332.5957  EPtot      =   -123033.3716
 BOND   =       562.1463  ANGLE   =      1520.5726  DIHED      =      1019.1449
 UB     =         0.0000  IMP     =         0.0000  CMAP       =       142.2627
 1-4 NB =       656.1020  1-4 EEL =      6230.8691  VDWAALS    =     14119.5070
 EELEC  =   -147283.9762  EHBOND  =         0.0000  RESTRAINT  =         0.0000
 EKCMT  =         0.0000  VIRIAL  =         0.0000  VOLUME     =    301472.3711
                                                    Density    =         1.0317
 ------------------------------------------------------------------------------


 NSTEP =  8450000   TIME(PS) =   18600.000  TEMP(K) =   299.69  PRESS =     0.0
 Etot   =   -104735.2314  EKtot   =     18532.9668  EPtot      =   -123268.1981
 BOND   =       551.4381  ANGLE   =      1525.1478  DIHED      =      1018.1352
 UB     =         0.0000  IMP     =         0.0000  CMAP       =       141.2148
 1-4 NB =       662.7824  1-4 EEL =      6202.8392  VDWAALS    =     14332.6438
 EELEC  =   -147702.3994  EHBOND  =         0.0000  RESTRAINT  =         0.0000
 EKCMT  =         0.0000  VIRIAL  =         0.0000  VOLUME     =    302116.9386
                                                    Density    =         1.0295
 ------------------------------------------------------------------------------


 NSTEP =  8475000   TIME(PS) =   18650.000  TEMP(K) =   299.79  PRESS =     0.0
 Etot   =   -104771.5025  EKtot   =     18539.6270  EPtot      =   -123311.1295
 BOND   =       571.9520  ANGLE   =      1520.5050  DIHED      =      1011.0763
 UB     =         0.0000  IMP     =         0.0000  CMAP       =       157.6372
 1-4 NB =       655.3176  1-4 EEL =      6222.1247  VDWAALS    =     14242.6774
 EELEC  =   -147692.4198  EHBOND  =         0.0000  RESTRAINT  =         0.0000
 EKCMT  =         0.0000  VIRIAL  =         0.0000  VOLUME     =    301664.0597
                                                    Density    =         1.0311
 ------------------------------------------------------------------------------


 NSTEP =  8500000   TIME(PS) =   18700.000  TEMP(K) =   301.45  PRESS =     0.0
 Etot   =   -104614.5580  EKtot   =     18642.3652  EPtot      =   -123256.9232
 BOND   =       601.0617  ANGLE   =      1507.0348  DIHED      =      1007.5766
 UB     =         0.0000  IMP     =         0.0000  CMAP       =       144.7234
 1-4 NB =       637.1473  1-4 EEL =      6139.6491  VDWAALS    =     14170.2624
 EELEC  =   -147464.3785  EHBOND  =         0.0000  RESTRAINT  =         0.0000
 EKCMT  =         0.0000  VIRIAL  =         0.0000  VOLUME     =    301791.8043
                                                    Density    =         1.0306
 ------------------------------------------------------------------------------


 NSTEP =  8525000   TIME(PS) =   18750.000  TEMP(K) =   298.85  PRESS =     0.0
 Etot   =   -104770.7227  EKtot   =     18481.2754  EPtot      =   -123251.9981
 BOND   =       587.4599  ANGLE   =      1559.0191  DIHED      =      1014.7255
 UB     =         0.0000  IMP     =         0.0000  CMAP       =       144.2855
 1-4 NB =       633.7495  1-4 EEL =      6181.6565  VDWAALS    =     14490.4509
 EELEC  =   -147863.3450  EHBOND  =         0.0000  RESTRAINT  =         0.0000
 EKCMT  =         0.0000  VIRIAL  =         0.0000  VOLUME     =    300934.0995
                                                    Density    =         1.0336
 ------------------------------------------------------------------------------


 NSTEP =  8550000   TIME(PS) =   18800.000  TEMP(K) =   300.00  PRESS =     0.0
 Etot   =   -104625.9815  EKtot   =     18552.5371  EPtot      =   -123178.5186
 BOND   =       557.8671  ANGLE   =      1552.8702  DIHED      =      1038.1771
 UB     =         0.0000  IMP     =         0.0000  CMAP       =       140.4758
 1-4 NB =       645.9293  1-4 EEL =      6190.3482  VDWAALS    =     14576.4719
 EELEC  =   -147880.6583  EHBOND  =         0.0000  RESTRAINT  =         0.0000
 EKCMT  =         0.0000  VIRIAL  =         0.0000  VOLUME     =    299921.0589
                                                    Density    =         1.0371
 ------------------------------------------------------------------------------


 NSTEP =  8575000   TIME(PS) =   18850.000  TEMP(K) =   300.51  PRESS =     0.0
 Etot   =   -104860.7203  EKtot   =     18584.1641  EPtot      =   -123444.8843
 BOND   =       594.0967  ANGLE   =      1527.0257  DIHED      =      1013.7981
 UB     =         0.0000  IMP     =         0.0000  CMAP       =       135.4706
 1-4 NB =       653.5778  1-4 EEL =      6157.9372  VDWAALS    =     14232.2602
 EELEC  =   -147759.0506  EHBOND  =         0.0000  RESTRAINT  =         0.0000
 EKCMT  =         0.0000  VIRIAL  =         0.0000  VOLUME     =    300836.4660
                                                    Density    =         1.0339
 ------------------------------------------------------------------------------


 NSTEP =  8600000   TIME(PS) =   18900.000  TEMP(K) =   296.88  PRESS =     0.0
 Etot   =   -104969.1622  EKtot   =     18359.7715  EPtot      =   -123328.9337
 BOND   =       560.6270  ANGLE   =      1483.2628  DIHED      =      1028.6840
 UB     =         0.0000  IMP     =         0.0000  CMAP       =       143.2654
 1-4 NB =       668.9922  1-4 EEL =      6208.8746  VDWAALS    =     14275.3465
 EELEC  =   -147697.9862  EHBOND  =         0.0000  RESTRAINT  =         0.0000
 EKCMT  =         0.0000  VIRIAL  =         0.0000  VOLUME     =    299938.8002
                                                    Density    =         1.0370
 ------------------------------------------------------------------------------


 NSTEP =  8625000   TIME(PS) =   18950.000  TEMP(K) =   299.73  PRESS =     0.0
 Etot   =   -104925.1360  EKtot   =     18535.7148  EPtot      =   -123460.8508
 BOND   =       559.7861  ANGLE   =      1521.3474  DIHED      =      1016.6254
 UB     =         0.0000  IMP     =         0.0000  CMAP       =       136.8762
 1-4 NB =       649.0385  1-4 EEL =      6176.8283  VDWAALS    =     14385.2381
 EELEC  =   -147906.5908  EHBOND  =         0.0000  RESTRAINT  =         0.0000
 EKCMT  =         0.0000  VIRIAL  =         0.0000  VOLUME     =    301095.5486
                                                    Density    =         1.0330
 ------------------------------------------------------------------------------


 NSTEP =  8650000   TIME(PS) =   19000.000  TEMP(K) =   299.72  PRESS =     0.0
 Etot   =   -104750.0944  EKtot   =     18535.3047  EPtot      =   -123285.3991
 BOND   =       576.4846  ANGLE   =      1510.6665  DIHED      =      1038.4348
 UB     =         0.0000  IMP     =         0.0000  CMAP       =       136.7854
 1-4 NB =       640.8788  1-4 EEL =      6117.5153  VDWAALS    =     14519.8375
 EELEC  =   -147826.0020  EHBOND  =         0.0000  RESTRAINT  =         0.0000
 EKCMT  =         0.0000  VIRIAL  =         0.0000  VOLUME     =    298896.3214
                                                    Density    =         1.0406
 ------------------------------------------------------------------------------


 NSTEP =  8675000   TIME(PS) =   19050.000  TEMP(K) =   301.51  PRESS =     0.0
 Etot   =   -104848.0433  EKtot   =     18645.8223  EPtot      =   -123493.8656
 BOND   =       542.8206  ANGLE   =      1480.2021  DIHED      =      1034.2613
 UB     =         0.0000  IMP     =         0.0000  CMAP       =       138.7957
 1-4 NB =       659.3447  1-4 EEL =      6201.6412  VDWAALS    =     14714.6372
 EELEC  =   -148265.5684  EHBOND  =         0.0000  RESTRAINT  =         0.0000
 EKCMT  =         0.0000  VIRIAL  =         0.0000  VOLUME     =    299153.2743
                                                    Density    =         1.0397
 ------------------------------------------------------------------------------


 NSTEP =  8700000   TIME(PS) =   19100.000  TEMP(K) =   301.39  PRESS =     0.0
 Etot   =   -104719.6787  EKtot   =     18638.3887  EPtot      =   -123358.0674
 BOND   =       567.6454  ANGLE   =      1510.3704  DIHED      =      1022.6497
 UB     =         0.0000  IMP     =         0.0000  CMAP       =       143.3165
 1-4 NB =       661.2263  1-4 EEL =      6143.4497  VDWAALS    =     14436.4584
 EELEC  =   -147843.1839  EHBOND  =         0.0000  RESTRAINT  =         0.0000
 EKCMT  =         0.0000  VIRIAL  =         0.0000  VOLUME     =    301015.6381
                                                    Density    =         1.0333
 ------------------------------------------------------------------------------


 NSTEP =  8725000   TIME(PS) =   19150.000  TEMP(K) =   301.76  PRESS =     0.0
 Etot   =   -104747.1309  EKtot   =     18661.4727  EPtot      =   -123408.6035
 BOND   =       547.7622  ANGLE   =      1526.5455  DIHED      =      1029.8904
 UB     =         0.0000  IMP     =         0.0000  CMAP       =       139.9217
 1-4 NB =       656.9874  1-4 EEL =      6182.0656  VDWAALS    =     14550.6468
 EELEC  =   -148042.4232  EHBOND  =         0.0000  RESTRAINT  =         0.0000
 EKCMT  =         0.0000  VIRIAL  =         0.0000  VOLUME     =    301284.8563
                                                    Density    =         1.0324
 ------------------------------------------------------------------------------

wrapping first mol.:       24.38373      -68.96762        0.00000
wrapping first mol.:       24.38373      -68.96762        0.00000
wrapping first mol.:       24.37234      -68.93538        0.00000
wrapping first mol.:       24.37234      -68.93538        0.00000

 NSTEP =  8750000   TIME(PS) =   19200.000  TEMP(K) =   299.53  PRESS =     0.0
 Etot   =   -104915.2502  EKtot   =     18523.1641  EPtot      =   -123438.4142
 BOND   =       561.4331  ANGLE   =      1527.0393  DIHED      =       988.5667
 UB     =         0.0000  IMP     =         0.0000  CMAP       =       144.0005
 1-4 NB =       648.0376  1-4 EEL =      6151.2956  VDWAALS    =     14498.9243
 EELEC  =   -147957.7113  EHBOND  =         0.0000  RESTRAINT  =         0.0000
 EKCMT  =         0.0000  VIRIAL  =         0.0000  VOLUME     =    300907.7857
                                                    Density    =         1.0337
 ------------------------------------------------------------------------------


 NSTEP =  8775000   TIME(PS) =   19250.000  TEMP(K) =   297.98  PRESS =     0.0
 Etot   =   -104910.2508  EKtot   =     18427.7188  EPtot      =   -123337.9696
 BOND   =       529.3103  ANGLE   =      1492.7147  DIHED      =      1026.7617
 UB     =         0.0000  IMP     =         0.0000  CMAP       =       140.6761
 1-4 NB =       683.2632  1-4 EEL =      6216.9472  VDWAALS    =     14668.5614
 EELEC  =   -148096.2044  EHBOND  =         0.0000  RESTRAINT  =         0.0000
 EKCMT  =         0.0000  VIRIAL  =         0.0000  VOLUME     =    300091.3654
                                                    Density    =         1.0365
 ------------------------------------------------------------------------------


 NSTEP =  8800000   TIME(PS) =   19300.000  TEMP(K) =   298.00  PRESS =     0.0
 Etot   =   -104775.7525  EKtot   =     18428.6328  EPtot      =   -123204.3853
 BOND   =       559.9163  ANGLE   =      1540.8304  DIHED      =      1028.7619
 UB     =         0.0000  IMP     =         0.0000  CMAP       =       153.8718
 1-4 NB =       658.1578  1-4 EEL =      6165.5858  VDWAALS    =     14369.0212
 EELEC  =   -147680.5306  EHBOND  =         0.0000  RESTRAINT  =         0.0000
 EKCMT  =         0.0000  VIRIAL  =         0.0000  VOLUME     =    300672.6074
                                                    Density    =         1.0345
 ------------------------------------------------------------------------------

wrapping first mol.:       24.35741      -68.89318        0.00000
wrapping first mol.:       24.35741      -68.89318        0.00000
wrapping first mol.:       24.36521      -68.91523        0.00000
wrapping first mol.:       24.36521      -68.91523        0.00000
wrapping first mol.:       24.40309      -69.02238        0.00000
wrapping first mol.:       24.40309      -69.02238        0.00000

 NSTEP =  8825000   TIME(PS) =   19350.000  TEMP(K) =   299.69  PRESS =     0.0
 Etot   =   -104952.9416  EKtot   =     18533.3984  EPtot      =   -123486.3400
 BOND   =       544.8834  ANGLE   =      1517.6849  DIHED      =      1030.8087
 UB     =         0.0000  IMP     =         0.0000  CMAP       =       145.6993
 1-4 NB =       651.1718  1-4 EEL =      6191.3423  VDWAALS    =     14367.5822
 EELEC  =   -147935.5126  EHBOND  =         0.0000  RESTRAINT  =         0.0000
 EKCMT  =         0.0000  VIRIAL  =         0.0000  VOLUME     =    302048.5178
                                                    Density    =         1.0298
 ------------------------------------------------------------------------------

wrapping first mol.:       24.36585      -68.91704        0.00000
wrapping first mol.:       24.36585      -68.91704        0.00000
wrapping first mol.:       24.39405      -68.99681        0.00000
wrapping first mol.:       24.39405      -68.99681        0.00000
wrapping first mol.:       24.34114      -68.84714        0.00000
wrapping first mol.:       24.34114      -68.84714        0.00000
wrapping first mol.:       24.37099      -68.93158        0.00000
wrapping first mol.:       24.37099      -68.93158        0.00000

 NSTEP =  8850000   TIME(PS) =   19400.000  TEMP(K) =   297.93  PRESS =     0.0
 Etot   =   -104828.8264  EKtot   =     18424.5430  EPtot      =   -123253.3694
 BOND   =       542.9492  ANGLE   =      1524.1686  DIHED      =      1035.2319
 UB     =         0.0000  IMP     =         0.0000  CMAP       =       137.0823
 1-4 NB =       667.6735  1-4 EEL =      6179.2143  VDWAALS    =     14419.3061
 EELEC  =   -147758.9954  EHBOND  =         0.0000  RESTRAINT  =         0.0000
 EKCMT  =         0.0000  VIRIAL  =         0.0000  VOLUME     =    301189.0707
                                                    Density    =         1.0327
 ------------------------------------------------------------------------------

wrapping first mol.:       24.37338      -68.93834        0.00000
wrapping first mol.:       24.37338      -68.93834        0.00000
wrapping first mol.:       24.36799      -68.92308        0.00000
wrapping first mol.:       24.36799      -68.92308        0.00000
wrapping first mol.:       24.37378      -68.93947        0.00000
wrapping first mol.:       24.37378      -68.93947        0.00000
wrapping first mol.:       24.34418      -68.85573        0.00000
wrapping first mol.:       24.34418      -68.85573        0.00000

 NSTEP =  8875000   TIME(PS) =   19450.000  TEMP(K) =   299.91  PRESS =     0.0
 Etot   =   -104969.7103  EKtot   =     18546.8125  EPtot      =   -123516.5228
 BOND   =       608.9603  ANGLE   =      1524.3263  DIHED      =      1020.4144
 UB     =         0.0000  IMP     =         0.0000  CMAP       =       140.3551
 1-4 NB =       642.6054  1-4 EEL =      6212.4029  VDWAALS    =     14320.5132
 EELEC  =   -147986.1005  EHBOND  =         0.0000  RESTRAINT  =         0.0000
 EKCMT  =         0.0000  VIRIAL  =         0.0000  VOLUME     =    299865.9960
                                                    Density    =         1.0373
 ------------------------------------------------------------------------------

wrapping first mol.:       24.35782      -68.89432        0.00000
wrapping first mol.:       24.35782      -68.89432        0.00000
wrapping first mol.:       24.36585      -68.91703        0.00000
wrapping first mol.:       24.36585      -68.91703        0.00000
wrapping first mol.:       24.35966      -68.89954        0.00000
wrapping first mol.:       24.35966      -68.89954        0.00000
wrapping first mol.:       24.36843      -68.92433        0.00000
wrapping first mol.:       24.36843      -68.92433        0.00000
wrapping first mol.:       24.40903      -69.03918        0.00000
wrapping first mol.:       24.40903      -69.03918        0.00000

 NSTEP =  8900000   TIME(PS) =   19500.000  TEMP(K) =   298.44  PRESS =     0.0
 Etot   =   -104502.1731  EKtot   =     18456.0996  EPtot      =   -122958.2727
 BOND   =       556.3080  ANGLE   =      1520.8616  DIHED      =      1015.9330
 UB     =         0.0000  IMP     =         0.0000  CMAP       =       134.8762
 1-4 NB =       653.0544  1-4 EEL =      6233.1918  VDWAALS    =     14364.9515
 EELEC  =   -147437.4491  EHBOND  =         0.0000  RESTRAINT  =         0.0000
 EKCMT  =         0.0000  VIRIAL  =         0.0000  VOLUME     =    302269.0855
                                                    Density    =         1.0290
 ------------------------------------------------------------------------------

wrapping first mol.:       24.38229      -68.96353        0.00000
wrapping first mol.:       24.38229      -68.96353        0.00000
wrapping first mol.:       24.36819      -68.92365        0.00000
wrapping first mol.:       24.36819      -68.92365        0.00000
wrapping first mol.:       24.39166      -68.99004        0.00000
wrapping first mol.:       24.39166      -68.99004        0.00000
wrapping first mol.:       24.33276      -68.82344        0.00000
wrapping first mol.:       24.33276      -68.82344        0.00000
wrapping first mol.:       24.38402      -68.96843        0.00000
wrapping first mol.:       24.38402      -68.96843        0.00000

 NSTEP =  8925000   TIME(PS) =   19550.000  TEMP(K) =   301.61  PRESS =     0.0
 Etot   =   -104749.9487  EKtot   =     18652.0742  EPtot      =   -123402.0229
 BOND   =       586.2389  ANGLE   =      1574.8313  DIHED      =      1017.6541
 UB     =         0.0000  IMP     =         0.0000  CMAP       =       135.7438
 1-4 NB =       655.1401  1-4 EEL =      6247.7402  VDWAALS    =     14276.9604
 EELEC  =   -147896.3317  EHBOND  =         0.0000  RESTRAINT  =         0.0000
 EKCMT  =         0.0000  VIRIAL  =         0.0000  VOLUME     =    301340.8361
                                                    Density    =         1.0322
 ------------------------------------------------------------------------------

wrapping first mol.:       24.35356      -68.88228        0.00000
wrapping first mol.:       24.35356      -68.88228        0.00000
wrapping first mol.:       24.36401      -68.91182        0.00000
wrapping first mol.:       24.36401      -68.91182        0.00000
wrapping first mol.:       24.35912      -68.89800        0.00000
wrapping first mol.:       24.35912      -68.89800        0.00000
wrapping first mol.:       24.38915      -68.98293        0.00000
wrapping first mol.:       24.38915      -68.98293        0.00000
wrapping first mol.:       24.35467      -68.88540        0.00000
wrapping first mol.:       24.35467      -68.88540        0.00000

 NSTEP =  8950000   TIME(PS) =   19600.000  TEMP(K) =   304.45  PRESS =     0.0
 Etot   =   -104490.5075  EKtot   =     18827.8086  EPtot      =   -123318.3161
 BOND   =       543.5162  ANGLE   =      1528.5589  DIHED      =      1017.4360
 UB     =         0.0000  IMP     =         0.0000  CMAP       =       142.5577
 1-4 NB =       662.6669  1-4 EEL =      6195.4463  VDWAALS    =     14362.6651
 EELEC  =   -147771.1633  EHBOND  =         0.0000  RESTRAINT  =         0.0000
 EKCMT  =         0.0000  VIRIAL  =         0.0000  VOLUME     =    300253.8163
                                                    Density    =         1.0359
 ------------------------------------------------------------------------------

wrapping first mol.:       24.37728      -68.94936        0.00000
wrapping first mol.:       24.37728      -68.94936        0.00000
wrapping first mol.:       24.37529      -68.94375        0.00000
wrapping first mol.:       24.37529      -68.94375        0.00000
wrapping first mol.:       24.37387      -68.93971        0.00000
wrapping first mol.:       24.37387      -68.93971        0.00000
wrapping first mol.:       24.35497      -68.88625        0.00000
wrapping first mol.:       24.35497      -68.88625        0.00000
wrapping first mol.:       24.31726      -68.77962        0.00000
wrapping first mol.:       24.31726      -68.77962        0.00000

 NSTEP =  8975000   TIME(PS) =   19650.000  TEMP(K) =   298.05  PRESS =     0.0
 Etot   =   -105187.6768  EKtot   =     18431.6660  EPtot      =   -123619.3428
 BOND   =       527.3015  ANGLE   =      1480.9549  DIHED      =      1011.1749
 UB     =         0.0000  IMP     =         0.0000  CMAP       =       135.5648
 1-4 NB =       676.2653  1-4 EEL =      6160.0529  VDWAALS    =     14394.4454
 EELEC  =   -148005.1023  EHBOND  =         0.0000  RESTRAINT  =         0.0000
 EKCMT  =         0.0000  VIRIAL  =         0.0000  VOLUME     =    298872.6297
                                                    Density    =         1.0407
 ------------------------------------------------------------------------------

wrapping first mol.:       24.33687      -68.83507        0.00000
wrapping first mol.:       24.33687      -68.83507        0.00000
wrapping first mol.:       24.34687      -68.86335        0.00000
wrapping first mol.:       24.34687      -68.86335        0.00000
wrapping first mol.:       24.36547      -68.91598        0.00000
wrapping first mol.:       24.36547      -68.91598        0.00000
wrapping first mol.:       24.37626      -68.94649        0.00000
wrapping first mol.:       24.37626      -68.94649        0.00000
wrapping first mol.:       24.37094      -68.93143        0.00000
wrapping first mol.:       24.37094      -68.93143        0.00000

 NSTEP =  9000000   TIME(PS) =   19700.000  TEMP(K) =   302.05  PRESS =     0.0
 Etot   =   -104660.3826  EKtot   =     18679.4102  EPtot      =   -123339.7927
 BOND   =       563.5723  ANGLE   =      1484.6681  DIHED      =      1024.7862
 UB     =         0.0000  IMP     =         0.0000  CMAP       =       147.4556
 1-4 NB =       664.9750  1-4 EEL =      6205.6524  VDWAALS    =     14375.8112
 EELEC  =   -147806.7136  EHBOND  =         0.0000  RESTRAINT  =         0.0000
 EKCMT  =         0.0000  VIRIAL  =         0.0000  VOLUME     =    300856.0272
                                                    Density    =         1.0339
 ------------------------------------------------------------------------------

wrapping first mol.:       24.34861      -68.86828        0.00000
wrapping first mol.:       24.34861      -68.86828        0.00000
wrapping first mol.:       24.37321      -68.93785        0.00000
wrapping first mol.:       24.37321      -68.93785        0.00000
wrapping first mol.:       24.37795      -68.95126        0.00000
wrapping first mol.:       24.37795      -68.95126        0.00000
wrapping first mol.:       24.35438      -68.88460        0.00000
wrapping first mol.:       24.35438      -68.88460        0.00000
wrapping first mol.:       24.37729      -68.94938        0.00000
wrapping first mol.:       24.37729      -68.94938        0.00000

 NSTEP =  9025000   TIME(PS) =   19750.000  TEMP(K) =   300.79  PRESS =     0.0
 Etot   =   -104810.5403  EKtot   =     18601.2617  EPtot      =   -123411.8020
 BOND   =       538.7516  ANGLE   =      1487.4730  DIHED      =      1005.0123
 UB     =         0.0000  IMP     =         0.0000  CMAP       =       128.2763
 1-4 NB =       658.0059  1-4 EEL =      6224.8873  VDWAALS    =     14095.9004
 EELEC  =   -147550.1087  EHBOND  =         0.0000  RESTRAINT  =         0.0000
 EKCMT  =         0.0000  VIRIAL  =         0.0000  VOLUME     =    301091.1861
                                                    Density    =         1.0330
 ------------------------------------------------------------------------------

wrapping first mol.:       24.37120      -68.93216        0.00000
wrapping first mol.:       24.37120      -68.93216        0.00000
wrapping first mol.:       24.36307      -68.90916        0.00000
wrapping first mol.:       24.36307      -68.90916        0.00000
wrapping first mol.:       24.32693      -68.80696        0.00000
wrapping first mol.:       24.32693      -68.80696        0.00000
wrapping first mol.:       24.33094      -68.81830        0.00000
wrapping first mol.:       24.33094      -68.81830        0.00000
wrapping first mol.:       24.35459      -68.88519        0.00000
wrapping first mol.:       24.35459      -68.88519        0.00000

 NSTEP =  9050000   TIME(PS) =   19800.000  TEMP(K) =   301.46  PRESS =     0.0
 Etot   =   -104838.4544  EKtot   =     18642.5938  EPtot      =   -123481.0482
 BOND   =       544.6009  ANGLE   =      1531.3008  DIHED      =      1007.7395
 UB     =         0.0000  IMP     =         0.0000  CMAP       =       140.7767
 1-4 NB =       648.2072  1-4 EEL =      6250.6908  VDWAALS    =     14390.9204
 EELEC  =   -147995.2845  EHBOND  =         0.0000  RESTRAINT  =         0.0000
 EKCMT  =         0.0000  VIRIAL  =         0.0000  VOLUME     =    300251.0214
                                                    Density    =         1.0359
 ------------------------------------------------------------------------------

wrapping first mol.:       24.39099      -68.98815        0.00000
wrapping first mol.:       24.39099      -68.98815        0.00000
wrapping first mol.:       24.36944      -68.92719        0.00000
wrapping first mol.:       24.36944      -68.92719        0.00000
wrapping first mol.:       24.36315      -68.90939        0.00000
wrapping first mol.:       24.36315      -68.90939        0.00000
wrapping first mol.:       24.32535      -68.80249        0.00000
wrapping first mol.:       24.32535      -68.80249        0.00000
wrapping first mol.:       24.34713      -68.86408        0.00000
wrapping first mol.:       24.34713      -68.86408        0.00000

 NSTEP =  9075000   TIME(PS) =   19850.000  TEMP(K) =   299.20  PRESS =     0.0
 Etot   =   -105103.6792  EKtot   =     18503.0352  EPtot      =   -123606.7144
 BOND   =       535.6141  ANGLE   =      1571.5658  DIHED      =      1009.3974
 UB     =         0.0000  IMP     =         0.0000  CMAP       =       144.6546
 1-4 NB =       674.5144  1-4 EEL =      6211.6029  VDWAALS    =     14375.7116
 EELEC  =   -148129.7753  EHBOND  =         0.0000  RESTRAINT  =         0.0000
 EKCMT  =         0.0000  VIRIAL  =         0.0000  VOLUME     =    299975.0193
                                                    Density    =         1.0369
 ------------------------------------------------------------------------------

wrapping first mol.:       24.35734      -68.89296        0.00000
wrapping first mol.:       24.35734      -68.89296        0.00000
wrapping first mol.:       24.37090      -68.93133        0.00000
wrapping first mol.:       24.37090      -68.93133        0.00000
wrapping first mol.:       24.37179      -68.93383        0.00000
wrapping first mol.:       24.37179      -68.93383        0.00000
wrapping first mol.:       24.39300      -68.99383        0.00000
wrapping first mol.:       24.39300      -68.99383        0.00000
wrapping first mol.:       24.36674      -68.91956        0.00000
wrapping first mol.:       24.36674      -68.91956        0.00000

 NSTEP =  9100000   TIME(PS) =   19900.000  TEMP(K) =   301.91  PRESS =     0.0
 Etot   =   -104693.7475  EKtot   =     18670.8203  EPtot      =   -123364.5678
 BOND   =       552.7672  ANGLE   =      1545.8692  DIHED      =      1022.8896
 UB     =         0.0000  IMP     =         0.0000  CMAP       =       150.9639
 1-4 NB =       650.2590  1-4 EEL =      6175.7244  VDWAALS    =     14370.1276
 EELEC  =   -147833.1688  EHBOND  =         0.0000  RESTRAINT  =         0.0000
 EKCMT  =         0.0000  VIRIAL  =         0.0000  VOLUME     =    300700.6543
                                                    Density    =         1.0344
 ------------------------------------------------------------------------------

wrapping first mol.:       24.38291      -68.96530        0.00000
wrapping first mol.:       24.38291      -68.96530        0.00000
wrapping first mol.:       24.37122      -68.93224        0.00000
wrapping first mol.:       24.37122      -68.93224        0.00000
wrapping first mol.:       24.38901      -68.98254        0.00000
wrapping first mol.:       24.38901      -68.98254        0.00000
wrapping first mol.:       24.32860      -68.81167        0.00000
wrapping first mol.:       24.32860      -68.81167        0.00000
wrapping first mol.:       24.37868      -68.95332        0.00000
wrapping first mol.:       24.37868      -68.95332        0.00000

 NSTEP =  9125000   TIME(PS) =   19950.000  TEMP(K) =   299.37  PRESS =     0.0
 Etot   =   -104621.0043  EKtot   =     18513.5117  EPtot      =   -123134.5160
 BOND   =       546.2138  ANGLE   =      1507.2169  DIHED      =      1001.6738
 UB     =         0.0000  IMP     =         0.0000  CMAP       =       136.6319
 1-4 NB =       649.7069  1-4 EEL =      6190.3608  VDWAALS    =     14681.3871
 EELEC  =   -147847.7072  EHBOND  =         0.0000  RESTRAINT  =         0.0000
 EKCMT  =         0.0000  VIRIAL  =         0.0000  VOLUME     =    301142.7927
                                                    Density    =         1.0329
 ------------------------------------------------------------------------------

wrapping first mol.:       24.34437      -68.85628        0.00000
wrapping first mol.:       24.34437      -68.85628        0.00000
wrapping first mol.:       24.32081      -68.78964        0.00000
wrapping first mol.:       24.32081      -68.78964        0.00000
wrapping first mol.:       24.38426      -68.96912        0.00000
wrapping first mol.:       24.38426      -68.96912        0.00000
wrapping first mol.:       24.37025      -68.92947        0.00000
wrapping first mol.:       24.37025      -68.92947        0.00000
wrapping first mol.:       24.37196      -68.93432        0.00000
wrapping first mol.:       24.37196      -68.93432        0.00000

 NSTEP =  9150000   TIME(PS) =   20000.000  TEMP(K) =   297.77  PRESS =     0.0
 Etot   =   -104864.2766  EKtot   =     18414.6660  EPtot      =   -123278.9426
 BOND   =       568.9445  ANGLE   =      1575.8699  DIHED      =       995.1429
 UB     =         0.0000  IMP     =         0.0000  CMAP       =       129.9602
 1-4 NB =       655.5180  1-4 EEL =      6154.0291  VDWAALS    =     14610.1634
 EELEC  =   -147968.5708  EHBOND  =         0.0000  RESTRAINT  =         0.0000
 EKCMT  =         0.0000  VIRIAL  =         0.0000  VOLUME     =    300893.9395
                                                    Density    =         1.0337
 ------------------------------------------------------------------------------

wrapping first mol.:       24.38472      -68.97040        0.00000
wrapping first mol.:       24.38472      -68.97040        0.00000
wrapping first mol.:       24.33903      -68.84119        0.00000
wrapping first mol.:       24.33903      -68.84119        0.00000
wrapping first mol.:       24.32426      -68.79942        0.00000
wrapping first mol.:       24.32426      -68.79942        0.00000
wrapping first mol.:       24.38874      -68.98178        0.00000
wrapping first mol.:       24.38874      -68.98178        0.00000
wrapping first mol.:       24.38316      -68.96601        0.00000
wrapping first mol.:       24.38316      -68.96601        0.00000

 NSTEP =  9175000   TIME(PS) =   20050.000  TEMP(K) =   299.60  PRESS =     0.0
 Etot   =   -104792.9780  EKtot   =     18527.9336  EPtot      =   -123320.9116
 BOND   =       554.2784  ANGLE   =      1513.3846  DIHED      =       981.0545
 UB     =         0.0000  IMP     =         0.0000  CMAP       =       137.2546
 1-4 NB =       663.6526  1-4 EEL =      6176.8266  VDWAALS    =     14311.0764
 EELEC  =   -147658.4392  EHBOND  =         0.0000  RESTRAINT  =         0.0000
 EKCMT  =         0.0000  VIRIAL  =         0.0000  VOLUME     =    301309.0657
                                                    Density    =         1.0323
 ------------------------------------------------------------------------------

wrapping first mol.:       24.38319      -68.96609        0.00000
wrapping first mol.:       24.38319      -68.96609        0.00000
wrapping first mol.:       24.36823      -68.92377        0.00000
wrapping first mol.:       24.36823      -68.92377        0.00000
wrapping first mol.:       24.39650      -69.00373        0.00000
wrapping first mol.:       24.39650      -69.00373        0.00000
wrapping first mol.:       24.39048      -68.98669        0.00000
wrapping first mol.:       24.39048      -68.98669        0.00000
wrapping first mol.:       24.39781      -69.00743        0.00000
wrapping first mol.:       24.39781      -69.00743        0.00000

 NSTEP =  9200000   TIME(PS) =   20100.000  TEMP(K) =   300.57  PRESS =     0.0
 Etot   =   -104786.1296  EKtot   =     18587.8848  EPtot      =   -123374.0143
 BOND   =       552.9644  ANGLE   =      1530.1238  DIHED      =      1014.2235
 UB     =         0.0000  IMP     =         0.0000  CMAP       =       150.1368
 1-4 NB =       655.0608  1-4 EEL =      6186.3689  VDWAALS    =     14657.3961
 EELEC  =   -148120.2888  EHBOND  =         0.0000  RESTRAINT  =         0.0000
 EKCMT  =         0.0000  VIRIAL  =         0.0000  VOLUME     =    301852.2895
                                                    Density    =         1.0304
 ------------------------------------------------------------------------------

wrapping first mol.:       24.39520      -69.00006        0.00000
wrapping first mol.:       24.39520      -69.00006        0.00000
wrapping first mol.:       24.38577      -68.97339        0.00000
wrapping first mol.:       24.38577      -68.97339        0.00000
wrapping first mol.:       24.34270      -68.85156        0.00000
wrapping first mol.:       24.34270      -68.85156        0.00000
wrapping first mol.:       24.36661      -68.91919        0.00000
wrapping first mol.:       24.36661      -68.91919        0.00000
wrapping first mol.:       24.35029      -68.87302        0.00000
wrapping first mol.:       24.35029      -68.87302        0.00000

 NSTEP =  9225000   TIME(PS) =   20150.000  TEMP(K) =   300.36  PRESS =     0.0
 Etot   =   -105024.0226  EKtot   =     18574.3945  EPtot      =   -123598.4172
 BOND   =       564.0455  ANGLE   =      1509.4056  DIHED      =      1013.0627
 UB     =         0.0000  IMP     =         0.0000  CMAP       =       141.6180
 1-4 NB =       666.5230  1-4 EEL =      6194.5239  VDWAALS    =     14677.4024
 EELEC  =   -148364.9982  EHBOND  =         0.0000  RESTRAINT  =         0.0000
 EKCMT  =         0.0000  VIRIAL  =         0.0000  VOLUME     =    300091.9534
                                                    Density    =         1.0365
 ------------------------------------------------------------------------------

wrapping first mol.:       24.33640      -68.83375        0.00000
wrapping first mol.:       24.33640      -68.83375        0.00000
wrapping first mol.:       24.40428      -69.02574        0.00000
wrapping first mol.:       24.40428      -69.02574        0.00000
wrapping first mol.:       24.38760      -68.97857        0.00000
wrapping first mol.:       24.38760      -68.97857        0.00000
wrapping first mol.:       24.40550      -69.02920        0.00000
wrapping first mol.:       24.40550      -69.02920        0.00000
wrapping first mol.:       24.37558      -68.94457        0.00000
wrapping first mol.:       24.37558      -68.94457        0.00000

 NSTEP =  9250000   TIME(PS) =   20200.000  TEMP(K) =   301.40  PRESS =     0.0
 Etot   =   -104841.4561  EKtot   =     18638.9941  EPtot      =   -123480.4502
 BOND   =       538.1702  ANGLE   =      1485.1887  DIHED      =      1025.5898
 UB     =         0.0000  IMP     =         0.0000  CMAP       =       150.1084
 1-4 NB =       672.6473  1-4 EEL =      6128.5940  VDWAALS    =     14086.3459
 EELEC  =   -147567.0945  EHBOND  =         0.0000  RESTRAINT  =         0.0000
 EKCMT  =         0.0000  VIRIAL  =         0.0000  VOLUME     =    301028.1454
                                                    Density    =         1.0333
 ------------------------------------------------------------------------------

wrapping first mol.:       24.37695      -68.94843        0.00000
wrapping first mol.:       24.37695      -68.94843        0.00000
wrapping first mol.:       24.40177      -69.01865        0.00000
wrapping first mol.:       24.40177      -69.01865        0.00000
wrapping first mol.:       24.41526      -69.05680        0.00000
wrapping first mol.:       24.41526      -69.05680        0.00000
wrapping first mol.:       24.38175      -68.96200        0.00000
wrapping first mol.:       24.38175      -68.96200        0.00000
wrapping first mol.:       24.36153      -68.90483        0.00000
wrapping first mol.:       24.36153      -68.90483        0.00000

 NSTEP =  9275000   TIME(PS) =   20250.000  TEMP(K) =   298.68  PRESS =     0.0
 Etot   =   -104919.9114  EKtot   =     18470.9785  EPtot      =   -123390.8899
 BOND   =       578.5159  ANGLE   =      1514.1543  DIHED      =       998.3854
 UB     =         0.0000  IMP     =         0.0000  CMAP       =       134.2020
 1-4 NB =       648.8356  1-4 EEL =      6139.2733  VDWAALS    =     14323.4048
 EELEC  =   -147727.6612  EHBOND  =         0.0000  RESTRAINT  =         0.0000
 EKCMT  =         0.0000  VIRIAL  =         0.0000  VOLUME     =    300507.9092
                                                    Density    =         1.0350
 ------------------------------------------------------------------------------

wrapping first mol.:       24.37958      -68.95586        0.00000
wrapping first mol.:       24.37958      -68.95586        0.00000
wrapping first mol.:       24.34889      -68.86908        0.00000
wrapping first mol.:       24.34889      -68.86908        0.00000
wrapping first mol.:       24.32177      -68.79237        0.00000
wrapping first mol.:       24.32177      -68.79237        0.00000
wrapping first mol.:       24.35923      -68.89831        0.00000
wrapping first mol.:       24.35923      -68.89831        0.00000
wrapping first mol.:       24.35981      -68.89995        0.00000
wrapping first mol.:       24.35981      -68.89995        0.00000

 NSTEP =  9300000   TIME(PS) =   20300.000  TEMP(K) =   299.66  PRESS =     0.0
 Etot   =   -105137.4806  EKtot   =     18531.2031  EPtot      =   -123668.6837
 BOND   =       570.3114  ANGLE   =      1507.4370  DIHED      =      1002.7389
 UB     =         0.0000  IMP     =         0.0000  CMAP       =       139.5675
 1-4 NB =       656.7067  1-4 EEL =      6129.8844  VDWAALS    =     14323.1485
 EELEC  =   -147998.4780  EHBOND  =         0.0000  RESTRAINT  =         0.0000
 EKCMT  =         0.0000  VIRIAL  =         0.0000  VOLUME     =    300444.0125
                                                    Density    =         1.0353
 ------------------------------------------------------------------------------

wrapping first mol.:       24.36476      -68.91394        0.00000
wrapping first mol.:       24.36476      -68.91394        0.00000
wrapping first mol.:       24.37616      -68.94619        0.00000
wrapping first mol.:       24.37616      -68.94619        0.00000
wrapping first mol.:       24.40305      -69.02226        0.00000
wrapping first mol.:       24.40305      -69.02226        0.00000
wrapping first mol.:       24.42937      -69.09669        0.00000
wrapping first mol.:       24.42937      -69.09669        0.00000
wrapping first mol.:       24.37591      -68.94548        0.00000
wrapping first mol.:       24.37591      -68.94548        0.00000

 NSTEP =  9325000   TIME(PS) =   20350.000  TEMP(K) =   297.10  PRESS =     0.0
 Etot   =   -105049.7228  EKtot   =     18373.0176  EPtot      =   -123422.7404
 BOND   =       567.9321  ANGLE   =      1496.2198  DIHED      =       995.7612
 UB     =         0.0000  IMP     =         0.0000  CMAP       =       126.9691
 1-4 NB =       668.1309  1-4 EEL =      6151.4278  VDWAALS    =     14524.5340
 EELEC  =   -147953.7153  EHBOND  =         0.0000  RESTRAINT  =         0.0000
 EKCMT  =         0.0000  VIRIAL  =         0.0000  VOLUME     =    301040.0627
                                                    Density    =         1.0332
 ------------------------------------------------------------------------------

wrapping first mol.:       24.36394      -68.91164        0.00000
wrapping first mol.:       24.36394      -68.91164        0.00000
wrapping first mol.:       24.39418      -68.99717        0.00000
wrapping first mol.:       24.39418      -68.99717        0.00000
wrapping first mol.:       24.39257      -68.99262        0.00000
wrapping first mol.:       24.39257      -68.99262        0.00000
wrapping first mol.:       24.39232      -68.99190        0.00000
wrapping first mol.:       24.39232      -68.99190        0.00000
wrapping first mol.:       24.35635      -68.89017        0.00000
wrapping first mol.:       24.35635      -68.89017        0.00000

 NSTEP =  9350000   TIME(PS) =   20400.000  TEMP(K) =   298.08  PRESS =     0.0
 Etot   =   -104740.4793  EKtot   =     18433.4102  EPtot      =   -123173.8894
 BOND   =       509.8910  ANGLE   =      1528.4877  DIHED      =      1024.0221
 UB     =         0.0000  IMP     =         0.0000  CMAP       =       129.6878
 1-4 NB =       651.6218  1-4 EEL =      6200.5420  VDWAALS    =     14418.5446
 EELEC  =   -147636.6865  EHBOND  =         0.0000  RESTRAINT  =         0.0000
 EKCMT  =         0.0000  VIRIAL  =         0.0000  VOLUME     =    300316.1580
                                                    Density    =         1.0357
 ------------------------------------------------------------------------------

wrapping first mol.:       24.33016      -68.81610        0.00000
wrapping first mol.:       24.33016      -68.81610        0.00000
wrapping first mol.:       24.35178      -68.87724        0.00000
wrapping first mol.:       24.35178      -68.87724        0.00000
wrapping first mol.:       24.35698      -68.89195        0.00000
wrapping first mol.:       24.35698      -68.89195        0.00000
wrapping first mol.:       24.34810      -68.86684        0.00000
wrapping first mol.:       24.34810      -68.86684        0.00000
wrapping first mol.:       24.35367      -68.88260        0.00000
wrapping first mol.:       24.35367      -68.88260        0.00000

 NSTEP =  9375000   TIME(PS) =   20450.000  TEMP(K) =   300.62  PRESS =     0.0
 Etot   =   -104962.1272  EKtot   =     18590.5547  EPtot      =   -123552.6819
 BOND   =       524.1907  ANGLE   =      1499.0076  DIHED      =       996.5866
 UB     =         0.0000  IMP     =         0.0000  CMAP       =       142.8101
 1-4 NB =       653.0270  1-4 EEL =      6153.5959  VDWAALS    =     14251.6454
 EELEC  =   -147773.5453  EHBOND  =         0.0000  RESTRAINT  =         0.0000
 EKCMT  =         0.0000  VIRIAL  =         0.0000  VOLUME     =    300217.1168
                                                    Density    =         1.0361
 ------------------------------------------------------------------------------

wrapping first mol.:       24.37123      -68.93226        0.00000
wrapping first mol.:       24.37123      -68.93226        0.00000
wrapping first mol.:       24.38488      -68.97088        0.00000
wrapping first mol.:       24.38488      -68.97088        0.00000
wrapping first mol.:       24.36222      -68.90677        0.00000
wrapping first mol.:       24.36222      -68.90677        0.00000
wrapping first mol.:       24.36723      -68.92093        0.00000
wrapping first mol.:       24.36723      -68.92093        0.00000
wrapping first mol.:       24.35589      -68.88887        0.00000
wrapping first mol.:       24.35589      -68.88887        0.00000

 NSTEP =  9400000   TIME(PS) =   20500.000  TEMP(K) =   299.82  PRESS =     0.0
 Etot   =   -105162.5828  EKtot   =     18541.0977  EPtot      =   -123703.6805
 BOND   =       554.0831  ANGLE   =      1525.0849  DIHED      =       999.5829
 UB     =         0.0000  IMP     =         0.0000  CMAP       =       134.0809
 1-4 NB =       650.4301  1-4 EEL =      6170.1804  VDWAALS    =     14720.0387
 EELEC  =   -148457.1616  EHBOND  =         0.0000  RESTRAINT  =         0.0000
 EKCMT  =         0.0000  VIRIAL  =         0.0000  VOLUME     =    300299.1924
                                                    Density    =         1.0358
 ------------------------------------------------------------------------------

wrapping first mol.:       24.38015      -68.95750        0.00000
wrapping first mol.:       24.38015      -68.95750        0.00000
wrapping first mol.:       24.40485      -69.02734        0.00000
wrapping first mol.:       24.40485      -69.02734        0.00000
wrapping first mol.:       24.37441      -68.94125        0.00000
wrapping first mol.:       24.37441      -68.94125        0.00000
wrapping first mol.:       24.37534      -68.94387        0.00000
wrapping first mol.:       24.37534      -68.94387        0.00000
wrapping first mol.:       24.36653      -68.91897        0.00000
wrapping first mol.:       24.36653      -68.91897        0.00000

 NSTEP =  9425000   TIME(PS) =   20550.000  TEMP(K) =   301.01  PRESS =     0.0
 Etot   =   -104816.4903  EKtot   =     18615.0879  EPtot      =   -123431.5782
 BOND   =       525.7110  ANGLE   =      1510.7697  DIHED      =       999.6483
 UB     =         0.0000  IMP     =         0.0000  CMAP       =       142.3980
 1-4 NB =       644.1830  1-4 EEL =      6178.7923  VDWAALS    =     14640.6704
 EELEC  =   -148073.7508  EHBOND  =         0.0000  RESTRAINT  =         0.0000
 EKCMT  =         0.0000  VIRIAL  =         0.0000  VOLUME     =    300692.8994
                                                    Density    =         1.0344
 ------------------------------------------------------------------------------

wrapping first mol.:       24.35021      -68.87279        0.00000
wrapping first mol.:       24.35021      -68.87279        0.00000
wrapping first mol.:       24.37994      -68.95689        0.00000
wrapping first mol.:       24.37994      -68.95689        0.00000
wrapping first mol.:       24.39242      -68.99220        0.00000
wrapping first mol.:       24.39242      -68.99220        0.00000
wrapping first mol.:       24.35201      -68.87788        0.00000
wrapping first mol.:       24.35201      -68.87788        0.00000
wrapping first mol.:       24.35501      -68.88638        0.00000
wrapping first mol.:       24.35501      -68.88638        0.00000

 NSTEP =  9450000   TIME(PS) =   20600.000  TEMP(K) =   298.97  PRESS =     0.0
 Etot   =   -105046.8594  EKtot   =     18488.6953  EPtot      =   -123535.5547
 BOND   =       579.0957  ANGLE   =      1577.9429  DIHED      =       995.6634
 UB     =         0.0000  IMP     =         0.0000  CMAP       =       130.4826
 1-4 NB =       635.3484  1-4 EEL =      6146.0496  VDWAALS    =     14632.2314
 EELEC  =   -148232.3686  EHBOND  =         0.0000  RESTRAINT  =         0.0000
 EKCMT  =         0.0000  VIRIAL  =         0.0000  VOLUME     =    300266.5370
                                                    Density    =         1.0359
 ------------------------------------------------------------------------------

wrapping first mol.:       24.36967      -68.92785        0.00000
wrapping first mol.:       24.36967      -68.92785        0.00000
wrapping first mol.:       24.36720      -68.92086        0.00000
wrapping first mol.:       24.36720      -68.92086        0.00000
wrapping first mol.:       24.37539      -68.94401        0.00000
wrapping first mol.:       24.37539      -68.94401        0.00000
wrapping first mol.:       24.34514      -68.85845        0.00000
wrapping first mol.:       24.34514      -68.85845        0.00000
wrapping first mol.:       24.34627      -68.86165        0.00000
wrapping first mol.:       24.34627      -68.86165        0.00000

 NSTEP =  9475000   TIME(PS) =   20650.000  TEMP(K) =   299.35  PRESS =     0.0
 Etot   =   -104924.5305  EKtot   =     18512.1543  EPtot      =   -123436.6848
 BOND   =       569.3526  ANGLE   =      1580.0831  DIHED      =       999.5239
 UB     =         0.0000  IMP     =         0.0000  CMAP       =       133.9353
 1-4 NB =       655.8848  1-4 EEL =      6145.9176  VDWAALS    =     14462.4228
 EELEC  =   -147983.8050  EHBOND  =         0.0000  RESTRAINT  =         0.0000
 EKCMT  =         0.0000  VIRIAL  =         0.0000  VOLUME     =    299943.2854
                                                    Density    =         1.0370
 ------------------------------------------------------------------------------

wrapping first mol.:       24.37970      -68.95622        0.00000
wrapping first mol.:       24.37970      -68.95622        0.00000
wrapping first mol.:       24.36532      -68.91555        0.00000
wrapping first mol.:       24.36532      -68.91555        0.00000
wrapping first mol.:       24.35217      -68.87835        0.00000
wrapping first mol.:       24.35217      -68.87835        0.00000
wrapping first mol.:       24.35720      -68.89257        0.00000
wrapping first mol.:       24.35720      -68.89257        0.00000
wrapping first mol.:       24.33498      -68.82973        0.00000
wrapping first mol.:       24.33498      -68.82973        0.00000

 NSTEP =  9500000   TIME(PS) =   20700.000  TEMP(K) =   298.60  PRESS =     0.0
 Etot   =   -104905.3022  EKtot   =     18465.6445  EPtot      =   -123370.9467
 BOND   =       568.5127  ANGLE   =      1548.4358  DIHED      =       992.9618
 UB     =         0.0000  IMP     =         0.0000  CMAP       =       135.6894
 1-4 NB =       664.8161  1-4 EEL =      6195.1316  VDWAALS    =     14202.0114
 EELEC  =   -147678.5055  EHBOND  =         0.0000  RESTRAINT  =         0.0000
 EKCMT  =         0.0000  VIRIAL  =         0.0000  VOLUME     =    299526.3699
                                                    Density    =         1.0384
 ------------------------------------------------------------------------------

wrapping first mol.:       24.37036      -68.92980        0.00000
wrapping first mol.:       24.37036      -68.92980        0.00000
wrapping first mol.:       24.37201      -68.93445        0.00000
wrapping first mol.:       24.37201      -68.93445        0.00000
wrapping first mol.:       24.35233      -68.87880        0.00000
wrapping first mol.:       24.35233      -68.87880        0.00000
wrapping first mol.:       24.37677      -68.94793        0.00000
wrapping first mol.:       24.37677      -68.94793        0.00000
wrapping first mol.:       24.37564      -68.94474        0.00000
wrapping first mol.:       24.37564      -68.94474        0.00000

 NSTEP =  9525000   TIME(PS) =   20750.000  TEMP(K) =   298.74  PRESS =     0.0
 Etot   =   -104940.1512  EKtot   =     18474.7637  EPtot      =   -123414.9149
 BOND   =       502.5461  ANGLE   =      1537.9964  DIHED      =      1022.7825
 UB     =         0.0000  IMP     =         0.0000  CMAP       =       139.4720
 1-4 NB =       666.1871  1-4 EEL =      6182.4481  VDWAALS    =     14787.8072
 EELEC  =   -148254.1543  EHBOND  =         0.0000  RESTRAINT  =         0.0000
 EKCMT  =         0.0000  VIRIAL  =         0.0000  VOLUME     =    301030.3727
                                                    Density    =         1.0333
 ------------------------------------------------------------------------------

wrapping first mol.:       24.36039      -68.90160        0.00000
wrapping first mol.:       24.36039      -68.90160        0.00000
wrapping first mol.:       24.38891      -68.98226        0.00000
wrapping first mol.:       24.38891      -68.98226        0.00000
wrapping first mol.:       24.37809      -68.95167        0.00000
wrapping first mol.:       24.37809      -68.95167        0.00000
wrapping first mol.:       24.38380      -68.96780        0.00000
wrapping first mol.:       24.38380      -68.96780        0.00000
wrapping first mol.:       24.38795      -68.97953        0.00000
wrapping first mol.:       24.38795      -68.97953        0.00000

 NSTEP =  9550000   TIME(PS) =   20800.000  TEMP(K) =   302.11  PRESS =     0.0
 Etot   =   -104840.3992  EKtot   =     18682.8633  EPtot      =   -123523.2624
 BOND   =       581.2221  ANGLE   =      1499.7312  DIHED      =      1030.4867
 UB     =         0.0000  IMP     =         0.0000  CMAP       =       138.4208
 1-4 NB =       669.4315  1-4 EEL =      6155.1943  VDWAALS    =     14659.6693
 EELEC  =   -148257.4184  EHBOND  =         0.0000  RESTRAINT  =         0.0000
 EKCMT  =         0.0000  VIRIAL  =         0.0000  VOLUME     =    301486.3383
                                                    Density    =         1.0317
 ------------------------------------------------------------------------------

wrapping first mol.:       24.36859      -68.92479        0.00000
wrapping first mol.:       24.36859      -68.92479        0.00000
wrapping first mol.:       24.37182      -68.93393        0.00000
wrapping first mol.:       24.37182      -68.93393        0.00000
wrapping first mol.:       24.35799      -68.89481        0.00000
wrapping first mol.:       24.35799      -68.89481        0.00000
wrapping first mol.:       24.39619      -69.00285        0.00000
wrapping first mol.:       24.39619      -69.00285        0.00000
wrapping first mol.:       24.38616      -68.97449        0.00000
wrapping first mol.:       24.38616      -68.97449        0.00000

 NSTEP =  9575000   TIME(PS) =   20850.000  TEMP(K) =   298.13  PRESS =     0.0
 Etot   =   -104817.4049  EKtot   =     18436.9844  EPtot      =   -123254.3893
 BOND   =       557.2565  ANGLE   =      1493.9821  DIHED      =      1008.3220
 UB     =         0.0000  IMP     =         0.0000  CMAP       =       141.3647
 1-4 NB =       640.5492  1-4 EEL =      6186.6165  VDWAALS    =     14420.7049
 EELEC  =   -147703.1853  EHBOND  =         0.0000  RESTRAINT  =         0.0000
 EKCMT  =         0.0000  VIRIAL  =         0.0000  VOLUME     =    301420.2894
                                                    Density    =         1.0319
 ------------------------------------------------------------------------------

wrapping first mol.:       24.35303      -68.88078        0.00000
wrapping first mol.:       24.35303      -68.88078        0.00000
wrapping first mol.:       24.39642      -69.00351        0.00000
wrapping first mol.:       24.39642      -69.00351        0.00000
wrapping first mol.:       24.39663      -69.00410        0.00000
wrapping first mol.:       24.39663      -69.00410        0.00000
wrapping first mol.:       24.38364      -68.96735        0.00000
wrapping first mol.:       24.38364      -68.96735        0.00000
wrapping first mol.:       24.37744      -68.94981        0.00000
wrapping first mol.:       24.37744      -68.94981        0.00000

 NSTEP =  9600000   TIME(PS) =   20900.000  TEMP(K) =   297.41  PRESS =     0.0
 Etot   =   -104907.1687  EKtot   =     18392.1191  EPtot      =   -123299.2879
 BOND   =       577.9865  ANGLE   =      1519.5011  DIHED      =       987.7046
 UB     =         0.0000  IMP     =         0.0000  CMAP       =       134.3417
 1-4 NB =       651.0791  1-4 EEL =      6184.9156  VDWAALS    =     14333.5595
 EELEC  =   -147688.3760  EHBOND  =         0.0000  RESTRAINT  =         0.0000
 EKCMT  =         0.0000  VIRIAL  =         0.0000  VOLUME     =    301096.8383
                                                    Density    =         1.0330
 ------------------------------------------------------------------------------

wrapping first mol.:       24.32907      -68.81300        0.00000
wrapping first mol.:       24.32907      -68.81300        0.00000
wrapping first mol.:       24.36504      -68.91474        0.00000
wrapping first mol.:       24.36504      -68.91474        0.00000
wrapping first mol.:       24.34645      -68.86216        0.00000
wrapping first mol.:       24.34645      -68.86216        0.00000
wrapping first mol.:       24.33778      -68.83766        0.00000
wrapping first mol.:       24.33778      -68.83766        0.00000
wrapping first mol.:       24.37570      -68.94490        0.00000
wrapping first mol.:       24.37570      -68.94490        0.00000

 NSTEP =  9625000   TIME(PS) =   20950.000  TEMP(K) =   298.60  PRESS =     0.0
 Etot   =   -104768.4806  EKtot   =     18465.6992  EPtot      =   -123234.1798
 BOND   =       594.6180  ANGLE   =      1490.4451  DIHED      =      1021.1610
 UB     =         0.0000  IMP     =         0.0000  CMAP       =       125.5927
 1-4 NB =       649.9676  1-4 EEL =      6191.9670  VDWAALS    =     14379.9042
 EELEC  =   -147687.8354  EHBOND  =         0.0000  RESTRAINT  =         0.0000
 EKCMT  =         0.0000  VIRIAL  =         0.0000  VOLUME     =    301032.4995
                                                    Density    =         1.0332
 ------------------------------------------------------------------------------

wrapping first mol.:       24.37665      -68.94759        0.00000
wrapping first mol.:       24.37665      -68.94759        0.00000
wrapping first mol.:       24.34258      -68.85123        0.00000
wrapping first mol.:       24.34258      -68.85123        0.00000
wrapping first mol.:       24.38413      -68.96874        0.00000
wrapping first mol.:       24.38413      -68.96874        0.00000
wrapping first mol.:       24.36183      -68.90566        0.00000
wrapping first mol.:       24.36183      -68.90566        0.00000
wrapping first mol.:       24.34539      -68.85918        0.00000
wrapping first mol.:       24.34539      -68.85918        0.00000

 NSTEP =  9650000   TIME(PS) =   21000.000  TEMP(K) =   298.08  PRESS =     0.0
 Etot   =   -104996.3115  EKtot   =     18433.7656  EPtot      =   -123430.0771
 BOND   =       543.5823  ANGLE   =      1540.5665  DIHED      =      1014.9374
 UB     =         0.0000  IMP     =         0.0000  CMAP       =       145.5949
 1-4 NB =       664.0849  1-4 EEL =      6092.9311  VDWAALS    =     14393.6698
 EELEC  =   -147825.4440  EHBOND  =         0.0000  RESTRAINT  =         0.0000
 EKCMT  =         0.0000  VIRIAL  =         0.0000  VOLUME     =    299911.0191
                                                    Density    =         1.0371
 ------------------------------------------------------------------------------

wrapping first mol.:       24.37451      -68.94153        0.00000
wrapping first mol.:       24.37451      -68.94153        0.00000
wrapping first mol.:       24.40252      -69.02077        0.00000
wrapping first mol.:       24.40252      -69.02077        0.00000
wrapping first mol.:       24.40156      -69.01803        0.00000
wrapping first mol.:       24.40156      -69.01803        0.00000
wrapping first mol.:       24.36493      -68.91443        0.00000
wrapping first mol.:       24.36493      -68.91443        0.00000
wrapping first mol.:       24.38925      -68.98323        0.00000
wrapping first mol.:       24.38925      -68.98323        0.00000

 NSTEP =  9675000   TIME(PS) =   21050.000  TEMP(K) =   300.94  PRESS =     0.0
 Etot   =   -104877.6554  EKtot   =     18610.5078  EPtot      =   -123488.1632
 BOND   =       587.3125  ANGLE   =      1504.7769  DIHED      =      1018.5410
 UB     =         0.0000  IMP     =         0.0000  CMAP       =       127.4090
 1-4 NB =       637.8476  1-4 EEL =      6181.0955  VDWAALS    =     14569.7862
 EELEC  =   -148114.9318  EHBOND  =         0.0000  RESTRAINT  =         0.0000
 EKCMT  =         0.0000  VIRIAL  =         0.0000  VOLUME     =    301534.7927
                                                    Density    =         1.0315
 ------------------------------------------------------------------------------

wrapping first mol.:       24.36569      -68.91659        0.00000
wrapping first mol.:       24.36569      -68.91659        0.00000
wrapping first mol.:       24.37802      -68.95147        0.00000
wrapping first mol.:       24.37802      -68.95147        0.00000
wrapping first mol.:       24.38728      -68.97765        0.00000
wrapping first mol.:       24.38728      -68.97765        0.00000
wrapping first mol.:       24.35407      -68.88371        0.00000
wrapping first mol.:       24.35407      -68.88371        0.00000
wrapping first mol.:       24.41359      -69.05206        0.00000
wrapping first mol.:       24.41359      -69.05206        0.00000

 NSTEP =  9700000   TIME(PS) =   21100.000  TEMP(K) =   296.91  PRESS =     0.0
 Etot   =   -105075.7349  EKtot   =     18361.1113  EPtot      =   -123436.8462
 BOND   =       567.6525  ANGLE   =      1499.5580  DIHED      =       981.0799
 UB     =         0.0000  IMP     =         0.0000  CMAP       =       147.8639
 1-4 NB =       665.8911  1-4 EEL =      6206.8745  VDWAALS    =     14394.0707
 EELEC  =   -147899.8369  EHBOND  =         0.0000  RESTRAINT  =         0.0000
 EKCMT  =         0.0000  VIRIAL  =         0.0000  VOLUME     =    302438.2852
                                                    Density    =         1.0284
 ------------------------------------------------------------------------------

wrapping first mol.:       24.36866      -68.92499        0.00000
wrapping first mol.:       24.36866      -68.92499        0.00000
wrapping first mol.:       24.38142      -68.96109        0.00000
wrapping first mol.:       24.38142      -68.96109        0.00000
wrapping first mol.:       24.37392      -68.93985        0.00000
wrapping first mol.:       24.37392      -68.93985        0.00000
wrapping first mol.:       24.37127      -68.93236        0.00000
wrapping first mol.:       24.37127      -68.93236        0.00000
wrapping first mol.:       24.35247      -68.87920        0.00000
wrapping first mol.:       24.35247      -68.87920        0.00000

 NSTEP =  9725000   TIME(PS) =   21150.000  TEMP(K) =   300.19  PRESS =     0.0
 Etot   =   -104952.7030  EKtot   =     18564.4570  EPtot      =   -123517.1600
 BOND   =       557.5243  ANGLE   =      1528.7339  DIHED      =      1019.5764
 UB     =         0.0000  IMP     =         0.0000  CMAP       =       138.4717
 1-4 NB =       660.7626  1-4 EEL =      6231.4684  VDWAALS    =     14622.3233
 EELEC  =   -148276.0207  EHBOND  =         0.0000  RESTRAINT  =         0.0000
 EKCMT  =         0.0000  VIRIAL  =         0.0000  VOLUME     =    300172.6810
                                                    Density    =         1.0362
 ------------------------------------------------------------------------------

wrapping first mol.:       24.36821      -68.92371        0.00000
wrapping first mol.:       24.36821      -68.92371        0.00000
wrapping first mol.:       24.38132      -68.96080        0.00000
wrapping first mol.:       24.38132      -68.96080        0.00000
wrapping first mol.:       24.34500      -68.85805        0.00000
wrapping first mol.:       24.34500      -68.85805        0.00000
wrapping first mol.:       24.35880      -68.89709        0.00000
wrapping first mol.:       24.35880      -68.89709        0.00000
wrapping first mol.:       24.36217      -68.90663        0.00000
wrapping first mol.:       24.36217      -68.90663        0.00000

 NSTEP =  9750000   TIME(PS) =   21200.000  TEMP(K) =   300.04  PRESS =     0.0
 Etot   =   -104844.7094  EKtot   =     18554.9004  EPtot      =   -123399.6098
 BOND   =       532.9801  ANGLE   =      1535.9724  DIHED      =      1004.0011
 UB     =         0.0000  IMP     =         0.0000  CMAP       =       135.7696
 1-4 NB =       645.7589  1-4 EEL =      6202.1999  VDWAALS    =     14255.7521
 EELEC  =   -147712.0440  EHBOND  =         0.0000  RESTRAINT  =         0.0000
 EKCMT  =         0.0000  VIRIAL  =         0.0000  VOLUME     =    300531.4076
                                                    Density    =         1.0350
 ------------------------------------------------------------------------------

wrapping first mol.:       24.36974      -68.92803        0.00000
wrapping first mol.:       24.36974      -68.92803        0.00000
wrapping first mol.:       24.38173      -68.96197        0.00000
wrapping first mol.:       24.38173      -68.96197        0.00000
wrapping first mol.:       24.39759      -69.00680        0.00000
wrapping first mol.:       24.39759      -69.00680        0.00000
wrapping first mol.:       24.36604      -68.91757        0.00000
wrapping first mol.:       24.36604      -68.91757        0.00000
wrapping first mol.:       24.36365      -68.91081        0.00000
wrapping first mol.:       24.36365      -68.91081        0.00000

 NSTEP =  9775000   TIME(PS) =   21250.000  TEMP(K) =   300.84  PRESS =     0.0
 Etot   =   -104466.5767  EKtot   =     18604.2930  EPtot      =   -123070.8697
 BOND   =       556.4565  ANGLE   =      1528.8465  DIHED      =       979.0922
 UB     =         0.0000  IMP     =         0.0000  CMAP       =       137.8746
 1-4 NB =       646.2783  1-4 EEL =      6141.4352  VDWAALS    =     14264.4728
 EELEC  =   -147325.3257  EHBOND  =         0.0000  RESTRAINT  =         0.0000
 EKCMT  =         0.0000  VIRIAL  =         0.0000  VOLUME     =    300586.1939
                                                    Density    =         1.0348
 ------------------------------------------------------------------------------

wrapping first mol.:       24.40737      -69.03447        0.00000
wrapping first mol.:       24.40737      -69.03447        0.00000
wrapping first mol.:       24.37798      -68.95135        0.00000
wrapping first mol.:       24.37798      -68.95135        0.00000
wrapping first mol.:       24.37360      -68.93897        0.00000
wrapping first mol.:       24.37360      -68.93897        0.00000
wrapping first mol.:       24.39184      -68.99056        0.00000
wrapping first mol.:       24.39184      -68.99056        0.00000
wrapping first mol.:       24.38666      -68.97589        0.00000
wrapping first mol.:       24.38666      -68.97589        0.00000

 NSTEP =  9800000   TIME(PS) =   21300.000  TEMP(K) =   301.53  PRESS =     0.0
 Etot   =   -104812.9161  EKtot   =     18646.8125  EPtot      =   -123459.7286
 BOND   =       544.1944  ANGLE   =      1499.5560  DIHED      =      1003.8368
 UB     =         0.0000  IMP     =         0.0000  CMAP       =       134.9056
 1-4 NB =       680.0283  1-4 EEL =      6168.8158  VDWAALS    =     14391.1904
 EELEC  =   -147882.2559  EHBOND  =         0.0000  RESTRAINT  =         0.0000
 EKCMT  =         0.0000  VIRIAL  =         0.0000  VOLUME     =    301438.5558
                                                    Density    =         1.0319
 ------------------------------------------------------------------------------

wrapping first mol.:       24.37661      -68.94748        0.00000
wrapping first mol.:       24.37661      -68.94748        0.00000
wrapping first mol.:       24.36849      -68.92452        0.00000
wrapping first mol.:       24.36849      -68.92452        0.00000
wrapping first mol.:       24.34480      -68.85751        0.00000
wrapping first mol.:       24.34480      -68.85751        0.00000
wrapping first mol.:       24.37168      -68.93353        0.00000
wrapping first mol.:       24.37168      -68.93353        0.00000
wrapping first mol.:       24.36750      -68.92172        0.00000
wrapping first mol.:       24.36750      -68.92172        0.00000

 NSTEP =  9825000   TIME(PS) =   21350.000  TEMP(K) =   301.29  PRESS =     0.0
 Etot   =   -104633.5164  EKtot   =     18632.4336  EPtot      =   -123265.9500
 BOND   =       540.9711  ANGLE   =      1546.3441  DIHED      =      1010.5805
 UB     =         0.0000  IMP     =         0.0000  CMAP       =       133.6461
 1-4 NB =       652.9432  1-4 EEL =      6136.9662  VDWAALS    =     14298.2538
 EELEC  =   -147585.6550  EHBOND  =         0.0000  RESTRAINT  =         0.0000
 EKCMT  =         0.0000  VIRIAL  =         0.0000  VOLUME     =    300728.9198
                                                    Density    =         1.0343
 ------------------------------------------------------------------------------

wrapping first mol.:       24.37514      -68.94330        0.00000
wrapping first mol.:       24.37514      -68.94330        0.00000
wrapping first mol.:       24.37426      -68.94083        0.00000
wrapping first mol.:       24.37426      -68.94083        0.00000
wrapping first mol.:       24.39675      -69.00443        0.00000
wrapping first mol.:       24.39675      -69.00443        0.00000
wrapping first mol.:       24.37111      -68.93190        0.00000
wrapping first mol.:       24.37111      -68.93190        0.00000
wrapping first mol.:       24.38117      -68.96038        0.00000
wrapping first mol.:       24.38117      -68.96038        0.00000

 NSTEP =  9850000   TIME(PS) =   21400.000  TEMP(K) =   302.54  PRESS =     0.0
 Etot   =   -104733.1804  EKtot   =     18709.3340  EPtot      =   -123442.5143
 BOND   =       549.4024  ANGLE   =      1545.4017  DIHED      =       997.2105
 UB     =         0.0000  IMP     =         0.0000  CMAP       =       142.4317
 1-4 NB =       660.8560  1-4 EEL =      6162.9970  VDWAALS    =     14418.4968
 EELEC  =   -147919.3104  EHBOND  =         0.0000  RESTRAINT  =         0.0000
 EKCMT  =         0.0000  VIRIAL  =         0.0000  VOLUME     =    301235.2525
                                                    Density    =         1.0326
 ------------------------------------------------------------------------------

wrapping first mol.:       24.35888      -68.89734        0.00000
wrapping first mol.:       24.35888      -68.89734        0.00000
wrapping first mol.:       24.37487      -68.94256        0.00000
wrapping first mol.:       24.37487      -68.94256        0.00000
wrapping first mol.:       24.38331      -68.96642        0.00000
wrapping first mol.:       24.38331      -68.96642        0.00000
wrapping first mol.:       24.39467      -68.99856        0.00000
wrapping first mol.:       24.39467      -68.99856        0.00000
wrapping first mol.:       24.37784      -68.95095        0.00000
wrapping first mol.:       24.37784      -68.95095        0.00000

 NSTEP =  9875000   TIME(PS) =   21450.000  TEMP(K) =   301.94  PRESS =     0.0
 Etot   =   -104706.4570  EKtot   =     18672.3027  EPtot      =   -123378.7598
 BOND   =       581.0366  ANGLE   =      1605.4712  DIHED      =      1028.1924
 UB     =         0.0000  IMP     =         0.0000  CMAP       =       143.4327
 1-4 NB =       646.9214  1-4 EEL =      6167.8484  VDWAALS    =     14418.3555
 EELEC  =   -147970.0180  EHBOND  =         0.0000  RESTRAINT  =         0.0000
 EKCMT  =         0.0000  VIRIAL  =         0.0000  VOLUME     =    301111.7815
                                                    Density    =         1.0330
 ------------------------------------------------------------------------------

wrapping first mol.:       24.39210      -68.99127        0.00000
wrapping first mol.:       24.39210      -68.99127        0.00000
wrapping first mol.:       24.33543      -68.83099        0.00000
wrapping first mol.:       24.33543      -68.83099        0.00000
wrapping first mol.:       24.37461      -68.94182        0.00000
wrapping first mol.:       24.37461      -68.94182        0.00000
wrapping first mol.:       24.40514      -69.02818        0.00000
wrapping first mol.:       24.40514      -69.02818        0.00000
wrapping first mol.:       24.37321      -68.93785        0.00000
wrapping first mol.:       24.37321      -68.93785        0.00000

 NSTEP =  9900000   TIME(PS) =   21500.000  TEMP(K) =   299.91  PRESS =     0.0
 Etot   =   -104853.0305  EKtot   =     18546.8164  EPtot      =   -123399.8469
 BOND   =       581.0234  ANGLE   =      1544.4540  DIHED      =      1005.7344
 UB     =         0.0000  IMP     =         0.0000  CMAP       =       142.4376
 1-4 NB =       644.9770  1-4 EEL =      6162.6442  VDWAALS    =     14195.1681
 EELEC  =   -147676.2856  EHBOND  =         0.0000  RESTRAINT  =         0.0000
 EKCMT  =         0.0000  VIRIAL  =         0.0000  VOLUME     =    300940.0805
                                                    Density    =         1.0336
 ------------------------------------------------------------------------------

wrapping first mol.:       24.39083      -68.98769        0.00000
wrapping first mol.:       24.39083      -68.98769        0.00000
wrapping first mol.:       24.36125      -68.90402        0.00000
wrapping first mol.:       24.36125      -68.90402        0.00000
wrapping first mol.:       24.36649      -68.91885        0.00000
wrapping first mol.:       24.36649      -68.91885        0.00000
wrapping first mol.:       24.34743      -68.86495        0.00000
wrapping first mol.:       24.34743      -68.86495        0.00000
wrapping first mol.:       24.39720      -69.00572        0.00000
wrapping first mol.:       24.39720      -69.00572        0.00000

 NSTEP =  9925000   TIME(PS) =   21550.000  TEMP(K) =   298.09  PRESS =     0.0
 Etot   =   -105016.7893  EKtot   =     18434.2578  EPtot      =   -123451.0472
 BOND   =       568.2694  ANGLE   =      1537.4474  DIHED      =      1031.8151
 UB     =         0.0000  IMP     =         0.0000  CMAP       =       138.5525
 1-4 NB =       650.8801  1-4 EEL =      6168.8056  VDWAALS    =     14731.6870
 EELEC  =   -148278.5042  EHBOND  =         0.0000  RESTRAINT  =         0.0000
 EKCMT  =         0.0000  VIRIAL  =         0.0000  VOLUME     =    301829.8434
                                                    Density    =         1.0305
 ------------------------------------------------------------------------------

wrapping first mol.:       24.38140      -68.96102        0.00000
wrapping first mol.:       24.38140      -68.96102        0.00000
wrapping first mol.:       24.38983      -68.98487        0.00000
wrapping first mol.:       24.38983      -68.98487        0.00000
wrapping first mol.:       24.36490      -68.91436        0.00000
wrapping first mol.:       24.36490      -68.91436        0.00000
wrapping first mol.:       24.35166      -68.87692        0.00000
wrapping first mol.:       24.35166      -68.87692        0.00000
wrapping first mol.:       24.36266      -68.90801        0.00000
wrapping first mol.:       24.36266      -68.90801        0.00000

 NSTEP =  9950000   TIME(PS) =   21600.000  TEMP(K) =   300.30  PRESS =     0.0
 Etot   =   -104866.4698  EKtot   =     18571.0566  EPtot      =   -123437.5265
 BOND   =       521.6529  ANGLE   =      1502.5621  DIHED      =       996.8960
 UB     =         0.0000  IMP     =         0.0000  CMAP       =       130.4266
 1-4 NB =       659.5153  1-4 EEL =      6193.3940  VDWAALS    =     14631.8821
 EELEC  =   -148073.8556  EHBOND  =         0.0000  RESTRAINT  =         0.0000
 EKCMT  =         0.0000  VIRIAL  =         0.0000  VOLUME     =    300549.5415
                                                    Density    =         1.0349
 ------------------------------------------------------------------------------

wrapping first mol.:       24.36750      -68.92172        0.00000
wrapping first mol.:       24.36750      -68.92172        0.00000
wrapping first mol.:       24.36584      -68.91700        0.00000
wrapping first mol.:       24.36584      -68.91700        0.00000
wrapping first mol.:       24.37562      -68.94468        0.00000
wrapping first mol.:       24.37562      -68.94468        0.00000
wrapping first mol.:       24.38910      -68.98279        0.00000
wrapping first mol.:       24.38910      -68.98279        0.00000
wrapping first mol.:       24.37870      -68.95339        0.00000
wrapping first mol.:       24.37870      -68.95339        0.00000

 NSTEP =  9975000   TIME(PS) =   21650.000  TEMP(K) =   301.57  PRESS =     0.0
 Etot   =   -104699.2908  EKtot   =     18649.5645  EPtot      =   -123348.8552
 BOND   =       556.6975  ANGLE   =      1517.9355  DIHED      =       997.3668
 UB     =         0.0000  IMP     =         0.0000  CMAP       =       139.4245
 1-4 NB =       650.5653  1-4 EEL =      6206.4397  VDWAALS    =     14506.0116
 EELEC  =   -147923.2963  EHBOND  =         0.0000  RESTRAINT  =         0.0000
 EKCMT  =         0.0000  VIRIAL  =         0.0000  VOLUME     =    301143.6732
                                                    Density    =         1.0329
 ------------------------------------------------------------------------------

wrapping first mol.:       24.38600      -68.97404        0.00000
wrapping first mol.:       24.38600      -68.97404        0.00000
wrapping first mol.:       24.39491      -68.99924        0.00000
wrapping first mol.:       24.39491      -68.99924        0.00000
wrapping first mol.:       24.37488      -68.94257        0.00000
wrapping first mol.:       24.37488      -68.94257        0.00000
wrapping first mol.:       24.38546      -68.97251        0.00000
wrapping first mol.:       24.38546      -68.97251        0.00000
wrapping first mol.:       24.35313      -68.88107        0.00000
wrapping first mol.:       24.35313      -68.88107        0.00000

 NSTEP = 10000000   TIME(PS) =   21700.000  TEMP(K) =   299.63  PRESS =     0.0
 Etot   =   -105076.0500  EKtot   =     18529.4355  EPtot      =   -123605.4855
 BOND   =       584.5368  ANGLE   =      1500.1515  DIHED      =      1017.6174
 UB     =         0.0000  IMP     =         0.0000  CMAP       =       140.4328
 1-4 NB =       638.9089  1-4 EEL =      6129.9479  VDWAALS    =     14691.6635
 EELEC  =   -148308.7443  EHBOND  =         0.0000  RESTRAINT  =         0.0000
 EKCMT  =         0.0000  VIRIAL  =         0.0000  VOLUME     =    300197.1571
                                                    Density    =         1.0361
 ------------------------------------------------------------------------------


      A V E R A G E S   O V E R     400 S T E P S


 NSTEP = 10000000   TIME(PS) =   21700.000  TEMP(K) =   299.93  PRESS =     0.0
 Etot   =   -104816.4421  EKtot   =     18548.1210  EPtot      =   -123364.5631
 BOND   =       559.9085  ANGLE   =      1519.5348  DIHED      =      1011.3344
 UB     =         0.0000  IMP     =         0.0000  CMAP       =       136.3569
 1-4 NB =       655.9003  1-4 EEL =      6182.9832  VDWAALS    =     14447.4762
 EELEC  =   -147878.0574  EHBOND  =         0.0000  RESTRAINT  =         0.0000
 EKCMT  =         0.0000  VIRIAL  =         0.0000  VOLUME     =    300867.0462
                                                    Density    =         1.0338
 ------------------------------------------------------------------------------


      R M S  F L U C T U A T I O N S


 NSTEP = 10000000   TIME(PS) =   21700.000  TEMP(K) =     1.67  PRESS =     0.0
 Etot   =       175.6151  EKtot   =       103.2531  EPtot      =       152.6462
 BOND   =        19.7621  ANGLE   =        28.8953  DIHED      =        15.5608
 UB     =         0.0000  IMP     =         0.0000  CMAP       =         6.8814
 1-4 NB =        10.6846  1-4 EEL =        35.8759  VDWAALS    =       167.9045
 EELEC  =       255.5925  EHBOND  =         0.0000  RESTRAINT  =         0.0000
 EKCMT  =         0.0000  VIRIAL  =         0.0000  VOLUME     =       729.1885
                                                    Density    =         0.0025
 ------------------------------------------------------------------------------

| MC Barostat:     100000 volume changes attempted.
| MC Barostat:      28048 changes successful ( 28.05%)
 ------------------------------------------------------------------------------

--------------------------------------------------------------------------------
   5.  TIMINGS
--------------------------------------------------------------------------------

|  NonSetup CPU Time in Major Routines:
|
|     Routine           Sec        %
|     ------------------------------
|     Nonbond         552.32   14.97
|     Bond              0.00    0.00
|     Angle             0.00    0.00
|     Dihedral          0.00    0.00
|     Shake            48.91    1.33
|     RunMD          2999.20   81.31
|     Other            87.95    2.38
|     ------------------------------
|     Total          3688.38

|  PME Nonbond Pairlist CPU Time:
|
|     Routine              Sec        %
|     ---------------------------------
|     Set Up Cit           0.00    0.00
|     Build List           0.00    0.00
|     ---------------------------------
|     Total                0.00    0.00

|  PME Direct Force CPU Time:
|
|     Routine              Sec        %
|     ---------------------------------
|     NonBonded Calc       0.00    0.00
|     Exclude Masked       0.00    0.00
|     Other               15.30    0.41
|     ---------------------------------
|     Total               15.30    0.41

|  PME Reciprocal Force CPU Time:
|
|     Routine              Sec        %
|     ---------------------------------
|     1D bspline           0.00    0.00
|     Grid Charges         0.00    0.00
|     Scalar Sum           0.00    0.00
|     Gradient Sum         0.00    0.00
|     FFT                  0.00    0.00
|     ---------------------------------
|     Total                0.00    0.00

|  Final Performance Info:
|     -----------------------------------------------------
|     Average timings for last       1 steps:
|     Elapsed(s) =       0.00 Per Step(ms) =       4.24
|         ns/day =      40.75   seconds/ns =    2120.48
|
|     Average timings for all steps:
|     Elapsed(s) =    3702.85 Per Step(ms) =       0.37
|         ns/day =     466.67   seconds/ns =     185.14
|     -----------------------------------------------------

|  Setup CPU time:            0.54 seconds
|  NonSetup CPU time:      3688.38 seconds
|  Total CPU time:         3688.92 seconds     1.02 hours

|  Setup wall time:           0    seconds
|  NonSetup wall time:     3703    seconds
|  Total wall time:        3703    seconds     1.03 hours
