
          -------------------------------------------------------
          Amber 22 PMEMD                              2022
          -------------------------------------------------------

| PMEMD implementation of SANDER, Release 22

|  Compiled date/time: Thu Apr 14 11:06:37 2022
| Run on 09/01/2026 at 15:18:09

|   Executable path: pmemd.cuda
| Working directory: /bigdata/cutlerlab/jjaco081/PYR1_pocket_expansion/data/posecheck/fludioxonil_pred/rep2
|          Hostname: gpu09

  [-O]verwriting output

File Assignments:
|   MDIN: prod.in                                                               
|  MDOUT: prod.out                                                              
| INPCRD: eq2.rst7                                                              
|   PARM: /bigdata/cutlerlab/jjaco081/PYR1_pocket_expansion/data/posecheck/fludi
| RESTRT: prod.rst7                                                             
|   REFC: refc                                                                  
|  MDVEL: mdvel                                                                 
|   MDEN: mden                                                                  
|  MDCRD: prod.nc                                                               
| MDINFO: prod.info                                                             
|  MDFRC: mdfrc                                                                 


 Here is the input file:

NPT production, 10000000 steps remaining, frames every 10 ps                   
 &cntrl                                                                        
  imin=0, irest=1, ntx=5,                                                      
  nstlim=10000000, dt=0.002,                                                   
  ntc=2, ntf=2, cut=10.0,                                                      
  ntb=2, ntp=1, barostat=2, pres0=1.0, taup=2.0,                               
  ntt=3, gamma_ln=2.0, ig=-1, temp0=300.0,                                     
  ntr=0,                                                                       
  ntpr=25000, ntwx=5000, ntwr=5000,                                            
  iwrap=1,                                                                     
 /                                                                             


Note: ig = -1. Setting random seed to   386190 based on wallclock time in 
      microseconds.
| irandom = 1, using AMBER's internal random number generator (default).
 
|--------------------- INFORMATION ----------------------
| GPU (CUDA) Version of PMEMD in use: NVIDIA GPU IN USE.
|                    Version 18.0.0
| 
|                      03/25/2018
| 
| Implementation by:
|                    Ross C. Walker     (SDSC)
|                    Scott Le Grand     (nVIDIA)
| 
| Version 18 performance extensions by:
|                    David Cerutti     (Rutgers)
| 
| Precision model in use:
|      [SPFP] - Single Precision Forces, 64-bit Fixed Point
|               Accumulation. (Default)
| 
|--------------------------------------------------------
 
|----------------- CITATION INFORMATION -----------------
|
|    When publishing work that utilized the CUDA version
|    of AMBER, please cite the following in addition to
|    the regular AMBER citations:
|
|  - Romelia Salomon-Ferrer; Andreas W. Goetz; Duncan
|    Poole; Scott Le Grand; Ross C. Walker "Routine
|    microsecond molecular dynamics simulations with
|    AMBER - Part II: Particle Mesh Ewald", J. Chem.
|    Theory Comput., 2013, 9 (9), pp3878-3888,
|    DOI: 10.1021/ct400314y.
|
|  - Andreas W. Goetz; Mark J. Williamson; Dong Xu;
|    Duncan Poole; Scott Le Grand; Ross C. Walker
|    "Routine microsecond molecular dynamics simulations
|    with AMBER - Part I: Generalized Born", J. Chem.
|    Theory Comput., 2012, 8 (5), pp1542-1555.
|
|  - Scott Le Grand; Andreas W. Goetz; Ross C. Walker
|    "SPFP: Speed without compromise - a mixed precision
|    model for GPU accelerated molecular dynamics
|    simulations.", Comp. Phys. Comm., 2013, 184
|    pp374-380, DOI: 10.1016/j.cpc.2012.09.022
|
|--------------------------------------------------------
 
|------------------- GPU DEVICE INFO --------------------
|
|            CUDA_VISIBLE_DEVICES: 0
|   CUDA Capable Devices Detected:      1
|           CUDA Device ID in use:      0
|                CUDA Device Name: NVIDIA RTX 6000 Ada Generation
|     CUDA Device Global Mem Size:  48510 MB
| CUDA Device Num Multiprocessors:    142
|           CUDA Device Core Freq:   2.50 GHz
|
|--------------------------------------------------------
 
 
| Conditional Compilation Defines Used:
| PUBFFT
| BINTRAJ
| CUDA
| EMIL

| Largest sphere to fit in unit cell has radius =    30.874

| New format PARM file being parsed.
| Version =    1.000 Date = 09/01/26 Time = 11:34:27

| Note: 1-4 EEL scale factors are being read from the topology file.

| Note: 1-4 VDW scale factors are being read from the topology file.
| INFO:    Virtual site frames will be inferred from bonding patterns.
| Duplicated    0 dihedrals

| Duplicated    0 dihedrals

--------------------------------------------------------------------------------
   1.  RESOURCE   USE: 
--------------------------------------------------------------------------------

 getting box info from netcdf restart file
 NATOM  =   43878 NTYPES =      29 NBONH =   32129 MBONA  =   11717
 NTHETH =    3223 MTHETA =    2008 NPHIH =    6579 MPHIA  =    6363
 NHPARM =       0 NPARM  =       0 NNB   =   87537 NRES   =   10477
 NBONA  =   11717 NTHETA =    2008 NPHIA =    6363 NUMBND =      89
 NUMANG =     193 NPTRA  =     207 NATYP =      52 NPHB   =       0
 IFBOX  =       2 NMXRS  =      24 IFCAP =       0 NEXTRA =   10236
 NCOPY  =       0


| Coordinate Index Table dimensions:    12   12   12
| Direct force subcell size =     6.3021    6.3021    6.3021

     BOX TYPE: TRUNCATED OCTAHEDRON

--------------------------------------------------------------------------------
   2.  CONTROL  DATA  FOR  THE  RUN
--------------------------------------------------------------------------------

default_name                                                                    

General flags:
     imin    =       0, nmropt  =       0

Nature and format of input:
     ntx     =       5, irest   =       1, ntrx    =       1

Nature and format of output:
     ntxo    =       2, ntpr    =   25000, ntrx    =       1, ntwr    =    5000
     iwrap   =       1, ntwx    =    5000, ntwv    =       0, ntwe    =       0
     ioutfm  =       1, ntwprt  =       0, idecomp =       0, rbornstat=      0

Potential function:
     ntf     =       2, ntb     =       2, igb     =       0, nsnb    =      25
     ipol    =       0, gbsa    =       0, iesp    =       0
     dielc   =   1.00000, cut     =  10.00000, intdiel =   1.00000

Frozen or restrained atoms:
     ibelly  =       0, ntr     =       0

Molecular dynamics:
     nstlim  =  10000000, nscm    =      1000, nrespa  =         1
     t       =   0.00000, dt      =   0.00200, vlimit  =  -1.00000

Langevin dynamics temperature regulation:
     ig      =  386190
     temp0   = 300.00000, tempi   =   0.00000, gamma_ln=   2.00000

Pressure regulation:
     ntp     =       1
     pres0   =   1.00000, comp    =  44.60000, taup    =   2.00000
     Monte-Carlo Barostat:
     mcbarint  =     100

SHAKE:
     ntc     =       2, jfastw  =       0
     tol     =   0.00001

| Intermolecular bonds treatment:
|     no_intermolecular_bonds =       1

| Energy averages sample interval:
|     ene_avg_sampling =   25000

Extra-points options:
     frameon =       1, chngmask=       1

Ewald parameters:
     verbose =       0, ew_type =       0, nbflag  =       1, use_pme =       1
     vdwmeth =       1, eedmeth =       1, netfrc  =       1
     Box X =   75.626   Box Y =   75.626   Box Z =   75.626
     Alpha =  109.471   Beta  =  109.471   Gamma =  109.471
     NFFT1 =   80       NFFT2 =   80       NFFT3 =   80
     Cutoff=   10.000   Tol   =0.100E-04
     Ewald Coefficient =  0.27511
     Interpolation order =    4
|      EXTRA_PTS, trim_bonds: num bonds BEFORE trim = 32129     0
|      EXTRA_PTS, trim_bonds: num bonds AFTER  trim = 32129     0
|      EXTRA_PTS, trim_bonds: num bonds BEFORE trim = 11717     0
|      EXTRA_PTS, trim_bonds: num bonds AFTER  trim =  1481     0
|      EXTRA_PTS, trim_theta: num angle BEFORE trim =  3223     0
|      EXTRA_PTS, trim_theta: num angle AFTER  trim =  3223     0
|      EXTRA_PTS, trim_theta: num angle BEFORE trim =  2008     0
|      EXTRA_PTS, trim_theta: num angle AFTER  trim =  2008     0
|      EXTRA_PTS, trim_phi:  num diheds BEFORE trim =  6579     0
|      EXTRA_PTS, trim_phi:  num diheds AFTER  trim =  6579     0
|      EXTRA_PTS, trim_phi:  num diheds BEFORE trim =  6363     0
|      EXTRA_PTS, trim_phi:  num diheds AFTER  trim =  6363     0
| MONTE CARLO BAROSTAT IMPORTANT NOTE:
|   The Monte-Carlo barostat does not require the virial to adjust the system volume.
|   Since it is an expensive calculation, it is skipped for efficiency. A side-effect
|   is that the reported pressure is always 0 because it is not calculated.

--------------------------------------------------------------------------------
   3.  ATOMIC COORDINATES AND VELOCITIES
--------------------------------------------------------------------------------

default_name                                                                    
 begin time read from input coords =  1700.000 ps

 
 Number of triangulated 3-point waters found:    10236

     Sum of charges from parm topology file =   0.00005612
     Forcing neutrality...

| Dynamic Memory, Types Used:
| Reals             1888787
| Integers          4328140

| Nonbonded Pairs Initial Allocation:    13271998

| GPU memory information (estimate):
| KB of GPU memory in use:    388488
| KB of CPU memory in use:     97963

--------------------------------------------------------------------------------
   4.  RESULTS
--------------------------------------------------------------------------------

| MC Barostat: Decreasing size of volume moves
| MC Barostat: Decreasing size of volume moves
| MC Barostat: Decreasing size of volume moves
| MC Barostat: Decreasing size of volume moves
wrapping first mol.:      -75.75342        0.00000        0.00000
wrapping first mol.:      -75.75342        0.00000        0.00000
| MC Barostat: Decreasing size of volume moves
| MC Barostat: Decreasing size of volume moves
| MC Barostat: Decreasing size of volume moves
| MC Barostat: Decreasing size of volume moves
| MC Barostat: Decreasing size of volume moves
wrapping first mol.:      -75.81100        0.00000        0.00000
wrapping first mol.:      -75.81100        0.00000        0.00000
| MC Barostat: Decreasing size of volume moves
| MC Barostat: Decreasing size of volume moves
wrapping first mol.:      -75.70026        0.00000        0.00000
wrapping first mol.:      -75.70026        0.00000        0.00000
wrapping first mol.:      -75.72379        0.00000        0.00000
wrapping first mol.:      -75.72379        0.00000        0.00000
wrapping first mol.:      -75.77667        0.00000        0.00000
wrapping first mol.:      -75.77667        0.00000        0.00000

 NSTEP =    25000   TIME(PS) =    1750.000  TEMP(K) =   296.44  PRESS =     0.0
 Etot   =   -117227.2936  EKtot   =     20263.6348  EPtot      =   -137490.9283
 BOND   =       589.5798  ANGLE   =      1478.1961  DIHED      =       985.9276
 UB     =         0.0000  IMP     =         0.0000  CMAP       =       133.9971
 1-4 NB =       619.0153  1-4 EEL =      5771.6052  VDWAALS    =     16518.3208
 EELEC  =   -163587.5702  EHBOND  =         0.0000  RESTRAINT  =         0.0000
 EKCMT  =         0.0000  VIRIAL  =         0.0000  VOLUME     =    334953.5637
                                                    Density    =         1.0281
 ------------------------------------------------------------------------------

wrapping first mol.:      -75.80310        0.00000        0.00000
wrapping first mol.:      -75.80310        0.00000        0.00000
wrapping first mol.:      -75.74924        0.00000        0.00000
wrapping first mol.:      -75.74924        0.00000        0.00000
wrapping first mol.:      -75.64505        0.00000        0.00000
wrapping first mol.:      -75.64505        0.00000        0.00000
wrapping first mol.:      -75.59447        0.00000        0.00000
wrapping first mol.:      -75.59447        0.00000        0.00000
wrapping first mol.:      -75.66493        0.00000        0.00000
wrapping first mol.:      -75.66493        0.00000        0.00000

 NSTEP =    50000   TIME(PS) =    1800.000  TEMP(K) =   298.79  PRESS =     0.0
 Etot   =   -117275.9602  EKtot   =     20424.4688  EPtot      =   -137700.4290
 BOND   =       585.0129  ANGLE   =      1565.8255  DIHED      =       973.6797
 UB     =         0.0000  IMP     =         0.0000  CMAP       =       144.0313
 1-4 NB =       622.5122  1-4 EEL =      5699.5031  VDWAALS    =     16270.2411
 EELEC  =   -163561.2347  EHBOND  =         0.0000  RESTRAINT  =         0.0000
 EKCMT  =         0.0000  VIRIAL  =         0.0000  VOLUME     =    333474.0420
                                                    Density    =         1.0326
 ------------------------------------------------------------------------------

wrapping first mol.:      -75.70649        0.00000        0.00000
wrapping first mol.:      -75.70649        0.00000        0.00000
wrapping first mol.:      -75.72381        0.00000        0.00000
wrapping first mol.:      -75.72381        0.00000        0.00000
wrapping first mol.:      -75.66892        0.00000        0.00000
wrapping first mol.:      -75.66892        0.00000        0.00000
wrapping first mol.:      -75.76141        0.00000        0.00000
wrapping first mol.:      -75.76141        0.00000        0.00000
wrapping first mol.:      -75.71591        0.00000        0.00000
wrapping first mol.:      -75.71591        0.00000        0.00000

 NSTEP =    75000   TIME(PS) =    1850.000  TEMP(K) =   299.52  PRESS =     0.0
 Etot   =   -117390.7467  EKtot   =     20473.8379  EPtot      =   -137864.5846
 BOND   =       544.8837  ANGLE   =      1574.8502  DIHED      =       994.9438
 UB     =         0.0000  IMP     =         0.0000  CMAP       =       144.1411
 1-4 NB =       623.1485  1-4 EEL =      5800.5574  VDWAALS    =     16349.9925
 EELEC  =   -163897.1019  EHBOND  =         0.0000  RESTRAINT  =         0.0000
 EKCMT  =         0.0000  VIRIAL  =         0.0000  VOLUME     =    334148.4907
                                                    Density    =         1.0305
 ------------------------------------------------------------------------------

wrapping first mol.:      -75.62302        0.00000        0.00000
wrapping first mol.:      -75.62302        0.00000        0.00000
wrapping first mol.:      -75.79727        0.00000        0.00000
wrapping first mol.:      -75.79727        0.00000        0.00000
wrapping first mol.:      -75.72155        0.00000        0.00000
wrapping first mol.:      -75.72155        0.00000        0.00000
wrapping first mol.:      -75.73291        0.00000        0.00000
wrapping first mol.:      -75.73291        0.00000        0.00000
wrapping first mol.:      -75.67944        0.00000        0.00000
wrapping first mol.:      -75.67944        0.00000        0.00000

 NSTEP =   100000   TIME(PS) =    1900.000  TEMP(K) =   297.88  PRESS =     0.0
 Etot   =   -117187.3701  EKtot   =     20361.7559  EPtot      =   -137549.1259
 BOND   =       586.3981  ANGLE   =      1528.4791  DIHED      =      1006.5941
 UB     =         0.0000  IMP     =         0.0000  CMAP       =       151.5309
 1-4 NB =       617.2429  1-4 EEL =      5773.9481  VDWAALS    =     16494.8836
 EELEC  =   -163708.2027  EHBOND  =         0.0000  RESTRAINT  =         0.0000
 EKCMT  =         0.0000  VIRIAL  =         0.0000  VOLUME     =    333665.9603
                                                    Density    =         1.0320
 ------------------------------------------------------------------------------

wrapping first mol.:      -75.62366        0.00000        0.00000
wrapping first mol.:      -75.62366        0.00000        0.00000
wrapping first mol.:      -75.69813        0.00000        0.00000
wrapping first mol.:      -75.69813        0.00000        0.00000
wrapping first mol.:      -75.64670        0.00000        0.00000
wrapping first mol.:      -75.64670        0.00000        0.00000
wrapping first mol.:      -75.69687        0.00000        0.00000
wrapping first mol.:      -75.69687        0.00000        0.00000
wrapping first mol.:      -75.70607        0.00000        0.00000
wrapping first mol.:      -75.70607        0.00000        0.00000

 NSTEP =   125000   TIME(PS) =    1950.000  TEMP(K) =   300.60  PRESS =     0.0
 Etot   =   -117373.5613  EKtot   =     20547.6562  EPtot      =   -137921.2176
 BOND   =       536.9639  ANGLE   =      1475.3146  DIHED      =       966.1964
 UB     =         0.0000  IMP     =         0.0000  CMAP       =       140.2969
 1-4 NB =       657.7506  1-4 EEL =      5838.2873  VDWAALS    =     16566.9822
 EELEC  =   -164103.0096  EHBOND  =         0.0000  RESTRAINT  =         0.0000
 EKCMT  =         0.0000  VIRIAL  =         0.0000  VOLUME     =    334018.2880
                                                    Density    =         1.0309
 ------------------------------------------------------------------------------

wrapping first mol.:      -75.63989        0.00000        0.00000
wrapping first mol.:      -75.63989        0.00000        0.00000
wrapping first mol.:      -75.62325        0.00000        0.00000
wrapping first mol.:      -75.62325        0.00000        0.00000
wrapping first mol.:      -75.69449        0.00000        0.00000
wrapping first mol.:      -75.69449        0.00000        0.00000
wrapping first mol.:      -75.65997        0.00000        0.00000
wrapping first mol.:      -75.65997        0.00000        0.00000
wrapping first mol.:      -75.63175        0.00000        0.00000
wrapping first mol.:      -75.63175        0.00000        0.00000

 NSTEP =   150000   TIME(PS) =    2000.000  TEMP(K) =   301.77  PRESS =     0.0
 Etot   =   -116858.1403  EKtot   =     20627.7637  EPtot      =   -137485.9040
 BOND   =       550.4609  ANGLE   =      1570.0725  DIHED      =       983.4459
 UB     =         0.0000  IMP     =         0.0000  CMAP       =       143.7571
 1-4 NB =       636.4062  1-4 EEL =      5778.6605  VDWAALS    =     16296.0251
 EELEC  =   -163444.7323  EHBOND  =         0.0000  RESTRAINT  =         0.0000
 EKCMT  =         0.0000  VIRIAL  =         0.0000  VOLUME     =    333035.4918
                                                    Density    =         1.0340
 ------------------------------------------------------------------------------

wrapping first mol.:      -75.72613        0.00000        0.00000
wrapping first mol.:      -75.72613        0.00000        0.00000
wrapping first mol.:      -75.62805        0.00000        0.00000
wrapping first mol.:      -75.62805        0.00000        0.00000
wrapping first mol.:      -75.65239        0.00000        0.00000
wrapping first mol.:      -75.65239        0.00000        0.00000
wrapping first mol.:      -75.70906        0.00000        0.00000
wrapping first mol.:      -75.70906        0.00000        0.00000
wrapping first mol.:      -75.74624        0.00000        0.00000
wrapping first mol.:      -75.74624        0.00000        0.00000

 NSTEP =   175000   TIME(PS) =    2050.000  TEMP(K) =   300.69  PRESS =     0.0
 Etot   =   -117169.5327  EKtot   =     20553.9453  EPtot      =   -137723.4780
 BOND   =       585.2735  ANGLE   =      1539.9110  DIHED      =       979.3957
 UB     =         0.0000  IMP     =         0.0000  CMAP       =       151.2544
 1-4 NB =       630.1231  1-4 EEL =      5765.9870  VDWAALS    =     16550.6552
 EELEC  =   -163926.0779  EHBOND  =         0.0000  RESTRAINT  =         0.0000
 EKCMT  =         0.0000  VIRIAL  =         0.0000  VOLUME     =    334550.2948
                                                    Density    =         1.0293
 ------------------------------------------------------------------------------

wrapping first mol.:      -75.73300        0.00000        0.00000
wrapping first mol.:      -75.73300        0.00000        0.00000
wrapping first mol.:      -75.75927        0.00000        0.00000
wrapping first mol.:      -75.75927        0.00000        0.00000
wrapping first mol.:      -75.78718        0.00000        0.00000
wrapping first mol.:      -75.78718        0.00000        0.00000
wrapping first mol.:      -75.81577        0.00000        0.00000
wrapping first mol.:      -75.81577        0.00000        0.00000
wrapping first mol.:      -75.73676        0.00000        0.00000
wrapping first mol.:      -75.73676        0.00000        0.00000

 NSTEP =   200000   TIME(PS) =    2100.000  TEMP(K) =   299.58  PRESS =     0.0
 Etot   =   -117307.4919  EKtot   =     20478.5527  EPtot      =   -137786.0446
 BOND   =       554.9016  ANGLE   =      1528.1108  DIHED      =       957.5433
 UB     =         0.0000  IMP     =         0.0000  CMAP       =       159.6993
 1-4 NB =       624.1221  1-4 EEL =      5805.7514  VDWAALS    =     16410.8091
 EELEC  =   -163826.9823  EHBOND  =         0.0000  RESTRAINT  =         0.0000
 EKCMT  =         0.0000  VIRIAL  =         0.0000  VOLUME     =    334424.6250
                                                    Density    =         1.0297
 ------------------------------------------------------------------------------

wrapping first mol.:      -75.60130        0.00000        0.00000
wrapping first mol.:      -75.60130        0.00000        0.00000
wrapping first mol.:      -75.73246        0.00000        0.00000
wrapping first mol.:      -75.73246        0.00000        0.00000
wrapping first mol.:      -75.69222        0.00000        0.00000
wrapping first mol.:      -75.69222        0.00000        0.00000
wrapping first mol.:      -75.69470        0.00000        0.00000
wrapping first mol.:      -75.69470        0.00000        0.00000
wrapping first mol.:      -75.59987        0.00000        0.00000
wrapping first mol.:      -75.59987        0.00000        0.00000

 NSTEP =   225000   TIME(PS) =    2150.000  TEMP(K) =   301.12  PRESS =     0.0
 Etot   =   -117165.9691  EKtot   =     20583.6465  EPtot      =   -137749.6156
 BOND   =       554.6236  ANGLE   =      1517.3894  DIHED      =       972.0099
 UB     =         0.0000  IMP     =         0.0000  CMAP       =       136.0397
 1-4 NB =       633.5345  1-4 EEL =      5758.4236  VDWAALS    =     16568.7240
 EELEC  =   -163890.3603  EHBOND  =         0.0000  RESTRAINT  =         0.0000
 EKCMT  =         0.0000  VIRIAL  =         0.0000  VOLUME     =    332614.5420
                                                    Density    =         1.0353
 ------------------------------------------------------------------------------

wrapping first mol.:      -75.68380        0.00000        0.00000
wrapping first mol.:      -75.68380        0.00000        0.00000
wrapping first mol.:      -75.62856        0.00000        0.00000
wrapping first mol.:      -75.62856        0.00000        0.00000
wrapping first mol.:      -75.66713        0.00000        0.00000
wrapping first mol.:      -75.66713        0.00000        0.00000
wrapping first mol.:      -75.73046        0.00000        0.00000
wrapping first mol.:      -75.73046        0.00000        0.00000
wrapping first mol.:      -75.86180        0.00000        0.00000
wrapping first mol.:      -75.86180        0.00000        0.00000

 NSTEP =   250000   TIME(PS) =    2200.000  TEMP(K) =   300.11  PRESS =     0.0
 Etot   =   -116834.2737  EKtot   =     20514.4785  EPtot      =   -137348.7522
 BOND   =       548.1863  ANGLE   =      1545.3552  DIHED      =       969.0730
 UB     =         0.0000  IMP     =         0.0000  CMAP       =       143.9221
 1-4 NB =       638.0708  1-4 EEL =      5759.6373  VDWAALS    =     16265.6625
 EELEC  =   -163218.6593  EHBOND  =         0.0000  RESTRAINT  =         0.0000
 EKCMT  =         0.0000  VIRIAL  =         0.0000  VOLUME     =    336083.8458
                                                    Density    =         1.0246
 ------------------------------------------------------------------------------

wrapping first mol.:      -75.66129        0.00000        0.00000
wrapping first mol.:      -75.66129        0.00000        0.00000
wrapping first mol.:      -75.61251        0.00000        0.00000
wrapping first mol.:      -75.61251        0.00000        0.00000
wrapping first mol.:      -75.60026        0.00000        0.00000
wrapping first mol.:      -75.60026        0.00000        0.00000
wrapping first mol.:      -75.68650        0.00000        0.00000
wrapping first mol.:      -75.68650        0.00000        0.00000
wrapping first mol.:      -75.67921        0.00000        0.00000
wrapping first mol.:      -75.67921        0.00000        0.00000

 NSTEP =   275000   TIME(PS) =    2250.000  TEMP(K) =   299.56  PRESS =     0.0
 Etot   =   -117032.9720  EKtot   =     20476.5371  EPtot      =   -137509.5091
 BOND   =       560.5002  ANGLE   =      1487.9749  DIHED      =       970.7192
 UB     =         0.0000  IMP     =         0.0000  CMAP       =       143.3759
 1-4 NB =       649.6008  1-4 EEL =      5843.9555  VDWAALS    =     16538.1859
 EELEC  =   -163703.8214  EHBOND  =         0.0000  RESTRAINT  =         0.0000
 EKCMT  =         0.0000  VIRIAL  =         0.0000  VOLUME     =    333662.9404
                                                    Density    =         1.0320
 ------------------------------------------------------------------------------

wrapping first mol.:      -75.73964        0.00000        0.00000
wrapping first mol.:      -75.73964        0.00000        0.00000
wrapping first mol.:      -75.55835        0.00000        0.00000
wrapping first mol.:      -75.55835        0.00000        0.00000
wrapping first mol.:      -75.68868        0.00000        0.00000
wrapping first mol.:      -75.68868        0.00000        0.00000
wrapping first mol.:      -75.78808        0.00000        0.00000
wrapping first mol.:      -75.78808        0.00000        0.00000
wrapping first mol.:      -75.71301        0.00000        0.00000
wrapping first mol.:      -75.71301        0.00000        0.00000

 NSTEP =   300000   TIME(PS) =    2300.000  TEMP(K) =   298.43  PRESS =     0.0
 Etot   =   -116831.2733  EKtot   =     20399.3984  EPtot      =   -137230.6717
 BOND   =       589.5968  ANGLE   =      1493.0789  DIHED      =       975.9806
 UB     =         0.0000  IMP     =         0.0000  CMAP       =       139.7680
 1-4 NB =       642.6208  1-4 EEL =      5791.8591  VDWAALS    =     16180.0697
 EELEC  =   -163043.6456  EHBOND  =         0.0000  RESTRAINT  =         0.0000
 EKCMT  =         0.0000  VIRIAL  =         0.0000  VOLUME     =    334110.0942
                                                    Density    =         1.0306
 ------------------------------------------------------------------------------

wrapping first mol.:      -75.74352        0.00000        0.00000
wrapping first mol.:      -75.74352        0.00000        0.00000
wrapping first mol.:      -75.62570        0.00000        0.00000
wrapping first mol.:      -75.62570        0.00000        0.00000

 NSTEP =   325000   TIME(PS) =    2350.000  TEMP(K) =   301.40  PRESS =     0.0
 Etot   =   -116955.7092  EKtot   =     20602.8730  EPtot      =   -137558.5823
 BOND   =       551.2401  ANGLE   =      1545.1301  DIHED      =       947.9504
 UB     =         0.0000  IMP     =         0.0000  CMAP       =       143.5184
 1-4 NB =       623.3715  1-4 EEL =      5836.7660  VDWAALS    =     16273.1603
 EELEC  =   -163479.7192  EHBOND  =         0.0000  RESTRAINT  =         0.0000
 EKCMT  =         0.0000  VIRIAL  =         0.0000  VOLUME     =    334962.5520
                                                    Density    =         1.0280
 ------------------------------------------------------------------------------

wrapping first mol.:      -75.64807        0.00000        0.00000
wrapping first mol.:      -75.64807        0.00000        0.00000
wrapping first mol.:      -75.67310        0.00000        0.00000
wrapping first mol.:      -75.67310        0.00000        0.00000
wrapping first mol.:      -75.76419        0.00000        0.00000
wrapping first mol.:      -75.76419        0.00000        0.00000
wrapping first mol.:      -75.72973        0.00000        0.00000
wrapping first mol.:      -75.72973        0.00000        0.00000

 NSTEP =   350000   TIME(PS) =    2400.000  TEMP(K) =   302.11  PRESS =     0.0
 Etot   =   -117000.7166  EKtot   =     20650.9277  EPtot      =   -137651.6443
 BOND   =       525.8694  ANGLE   =      1532.1285  DIHED      =       979.4399
 UB     =         0.0000  IMP     =         0.0000  CMAP       =       140.3602
 1-4 NB =       630.8108  1-4 EEL =      5783.4348  VDWAALS    =     16033.2411
 EELEC  =   -163276.9289  EHBOND  =         0.0000  RESTRAINT  =         0.0000
 EKCMT  =         0.0000  VIRIAL  =         0.0000  VOLUME     =    334331.5897
                                                    Density    =         1.0300
 ------------------------------------------------------------------------------

wrapping first mol.:      -75.71024        0.00000        0.00000
wrapping first mol.:      -75.71024        0.00000        0.00000
wrapping first mol.:      -75.70390        0.00000        0.00000
wrapping first mol.:      -75.70390        0.00000        0.00000
wrapping first mol.:      -75.75784        0.00000        0.00000
wrapping first mol.:      -75.75784        0.00000        0.00000
wrapping first mol.:      -75.70631        0.00000        0.00000
wrapping first mol.:      -75.70631        0.00000        0.00000
wrapping first mol.:      -75.82564        0.00000        0.00000
wrapping first mol.:      -75.82564        0.00000        0.00000

 NSTEP =   375000   TIME(PS) =    2450.000  TEMP(K) =   299.04  PRESS =     0.0
 Etot   =   -117274.1065  EKtot   =     20441.0156  EPtot      =   -137715.1221
 BOND   =       549.3200  ANGLE   =      1491.8107  DIHED      =       963.8362
 UB     =         0.0000  IMP     =         0.0000  CMAP       =       143.9015
 1-4 NB =       627.6208  1-4 EEL =      5799.0339  VDWAALS    =     16457.2756
 EELEC  =   -163747.9208  EHBOND  =         0.0000  RESTRAINT  =         0.0000
 EKCMT  =         0.0000  VIRIAL  =         0.0000  VOLUME     =    335603.4926
                                                    Density    =         1.0261
 ------------------------------------------------------------------------------

wrapping first mol.:      -75.68488        0.00000        0.00000
wrapping first mol.:      -75.68488        0.00000        0.00000
wrapping first mol.:      -75.70115        0.00000        0.00000
wrapping first mol.:      -75.70115        0.00000        0.00000
wrapping first mol.:      -75.71344        0.00000        0.00000
wrapping first mol.:      -75.71344        0.00000        0.00000
wrapping first mol.:      -75.68636        0.00000        0.00000
wrapping first mol.:      -75.68636        0.00000        0.00000
wrapping first mol.:      -75.63561        0.00000        0.00000
wrapping first mol.:      -75.63561        0.00000        0.00000

 NSTEP =   400000   TIME(PS) =    2500.000  TEMP(K) =   299.12  PRESS =     0.0
 Etot   =   -116825.4434  EKtot   =     20446.4648  EPtot      =   -137271.9082
 BOND   =       528.3016  ANGLE   =      1513.3557  DIHED      =       962.0077
 UB     =         0.0000  IMP     =         0.0000  CMAP       =       139.0689
 1-4 NB =       644.7711  1-4 EEL =      5853.3249  VDWAALS    =     16491.5032
 EELEC  =   -163404.2413  EHBOND  =         0.0000  RESTRAINT  =         0.0000
 EKCMT  =         0.0000  VIRIAL  =         0.0000  VOLUME     =    333086.5839
                                                    Density    =         1.0338
 ------------------------------------------------------------------------------

wrapping first mol.:      -75.59868        0.00000        0.00000
wrapping first mol.:      -75.59868        0.00000        0.00000
wrapping first mol.:      -75.80597        0.00000        0.00000
wrapping first mol.:      -75.80597        0.00000        0.00000
wrapping first mol.:      -75.82970        0.00000        0.00000
wrapping first mol.:      -75.82970        0.00000        0.00000
wrapping first mol.:      -75.73613        0.00000        0.00000
wrapping first mol.:      -75.73613        0.00000        0.00000
wrapping first mol.:      -75.74020        0.00000        0.00000
wrapping first mol.:      -75.74020        0.00000        0.00000

 NSTEP =   425000   TIME(PS) =    2550.000  TEMP(K) =   300.59  PRESS =     0.0
 Etot   =   -116806.4177  EKtot   =     20547.3223  EPtot      =   -137353.7399
 BOND   =       553.6971  ANGLE   =      1520.1448  DIHED      =       989.2408
 UB     =         0.0000  IMP     =         0.0000  CMAP       =       144.1105
 1-4 NB =       633.5665  1-4 EEL =      5822.8404  VDWAALS    =     16353.8030
 EELEC  =   -163371.1430  EHBOND  =         0.0000  RESTRAINT  =         0.0000
 EKCMT  =         0.0000  VIRIAL  =         0.0000  VOLUME     =    334470.1803
                                                    Density    =         1.0295
 ------------------------------------------------------------------------------

wrapping first mol.:      -75.78620        0.00000        0.00000
wrapping first mol.:      -75.78620        0.00000        0.00000
wrapping first mol.:      -75.78081        0.00000        0.00000
wrapping first mol.:      -75.78081        0.00000        0.00000
wrapping first mol.:      -75.70252        0.00000        0.00000
wrapping first mol.:      -75.70252        0.00000        0.00000
wrapping first mol.:      -75.73870        0.00000        0.00000
wrapping first mol.:      -75.73870        0.00000        0.00000
wrapping first mol.:      -75.75712        0.00000        0.00000
wrapping first mol.:      -75.75712        0.00000        0.00000

 NSTEP =   450000   TIME(PS) =    2600.000  TEMP(K) =   303.25  PRESS =     0.0
 Etot   =   -116499.2114  EKtot   =     20728.9043  EPtot      =   -137228.1157
 BOND   =       574.7410  ANGLE   =      1579.5792  DIHED      =       977.2640
 UB     =         0.0000  IMP     =         0.0000  CMAP       =       140.2510
 1-4 NB =       652.8009  1-4 EEL =      5778.3006  VDWAALS    =     15935.2763
 EELEC  =   -162866.3287  EHBOND  =         0.0000  RESTRAINT  =         0.0000
 EKCMT  =         0.0000  VIRIAL  =         0.0000  VOLUME     =    334694.4163
                                                    Density    =         1.0288
 ------------------------------------------------------------------------------

wrapping first mol.:      -75.72993        0.00000        0.00000
wrapping first mol.:      -75.72993        0.00000        0.00000
wrapping first mol.:      -75.73722        0.00000        0.00000
wrapping first mol.:      -75.73722        0.00000        0.00000
wrapping first mol.:      -75.58790        0.00000        0.00000
wrapping first mol.:      -75.58790        0.00000        0.00000
wrapping first mol.:      -75.64726        0.00000        0.00000
wrapping first mol.:      -75.64726        0.00000        0.00000
wrapping first mol.:      -75.73285        0.00000        0.00000
wrapping first mol.:      -75.73285        0.00000        0.00000

 NSTEP =   475000   TIME(PS) =    2650.000  TEMP(K) =   300.26  PRESS =     0.0
 Etot   =   -117144.7872  EKtot   =     20524.5137  EPtot      =   -137669.3009
 BOND   =       556.8950  ANGLE   =      1562.1702  DIHED      =       974.8282
 UB     =         0.0000  IMP     =         0.0000  CMAP       =       154.8367
 1-4 NB =       629.0975  1-4 EEL =      5822.4384  VDWAALS    =     16104.4643
 EELEC  =   -163474.0311  EHBOND  =         0.0000  RESTRAINT  =         0.0000
 EKCMT  =         0.0000  VIRIAL  =         0.0000  VOLUME     =    334372.9384
                                                    Density    =         1.0298
 ------------------------------------------------------------------------------

wrapping first mol.:      -75.66851        0.00000        0.00000
wrapping first mol.:      -75.66851        0.00000        0.00000
wrapping first mol.:      -75.56367        0.00000        0.00000
wrapping first mol.:      -75.56367        0.00000        0.00000
wrapping first mol.:      -75.71793        0.00000        0.00000
wrapping first mol.:      -75.71793        0.00000        0.00000
wrapping first mol.:      -75.66505        0.00000        0.00000
wrapping first mol.:      -75.66505        0.00000        0.00000
wrapping first mol.:      -75.65952        0.00000        0.00000
wrapping first mol.:      -75.65952        0.00000        0.00000

 NSTEP =   500000   TIME(PS) =    2700.000  TEMP(K) =   299.93  PRESS =     0.0
 Etot   =   -117238.8585  EKtot   =     20502.0996  EPtot      =   -137740.9581
 BOND   =       542.5106  ANGLE   =      1509.6235  DIHED      =       991.3581
 UB     =         0.0000  IMP     =         0.0000  CMAP       =       143.3579
 1-4 NB =       637.3390  1-4 EEL =      5796.2353  VDWAALS    =     16605.1108
 EELEC  =   -163966.4933  EHBOND  =         0.0000  RESTRAINT  =         0.0000
 EKCMT  =         0.0000  VIRIAL  =         0.0000  VOLUME     =    333402.5828
                                                    Density    =         1.0328
 ------------------------------------------------------------------------------

wrapping first mol.:      -75.58035        0.00000        0.00000
wrapping first mol.:      -75.58035        0.00000        0.00000
wrapping first mol.:      -75.67980        0.00000        0.00000
wrapping first mol.:      -75.67980        0.00000        0.00000
wrapping first mol.:      -75.64741        0.00000        0.00000
wrapping first mol.:      -75.64741        0.00000        0.00000
wrapping first mol.:      -75.58852        0.00000        0.00000
wrapping first mol.:      -75.58852        0.00000        0.00000
wrapping first mol.:      -75.67820        0.00000        0.00000
wrapping first mol.:      -75.67820        0.00000        0.00000

 NSTEP =   525000   TIME(PS) =    2750.000  TEMP(K) =   298.16  PRESS =     0.0
 Etot   =   -117236.7696  EKtot   =     20381.3809  EPtot      =   -137618.1505
 BOND   =       566.6212  ANGLE   =      1550.3980  DIHED      =       978.0359
 UB     =         0.0000  IMP     =         0.0000  CMAP       =       145.7283
 1-4 NB =       631.7870  1-4 EEL =      5813.7680  VDWAALS    =     16553.6546
 EELEC  =   -163858.1434  EHBOND  =         0.0000  RESTRAINT  =         0.0000
 EKCMT  =         0.0000  VIRIAL  =         0.0000  VOLUME     =    333649.5119
                                                    Density    =         1.0321
 ------------------------------------------------------------------------------

wrapping first mol.:      -75.75982        0.00000        0.00000
wrapping first mol.:      -75.75982        0.00000        0.00000
wrapping first mol.:      -75.78470        0.00000        0.00000
wrapping first mol.:      -75.78470        0.00000        0.00000
wrapping first mol.:      -75.68097        0.00000        0.00000
wrapping first mol.:      -75.68097        0.00000        0.00000
wrapping first mol.:      -75.61024        0.00000        0.00000
wrapping first mol.:      -75.61024        0.00000        0.00000
wrapping first mol.:      -75.65857        0.00000        0.00000
wrapping first mol.:      -75.65857        0.00000        0.00000

 NSTEP =   550000   TIME(PS) =    2800.000  TEMP(K) =   298.60  PRESS =     0.0
 Etot   =   -117139.4198  EKtot   =     20411.1523  EPtot      =   -137550.5721
 BOND   =       609.0819  ANGLE   =      1613.6159  DIHED      =       977.9142
 UB     =         0.0000  IMP     =         0.0000  CMAP       =       146.1761
 1-4 NB =       637.9064  1-4 EEL =      5767.7731  VDWAALS    =     16338.9343
 EELEC  =   -163641.9740  EHBOND  =         0.0000  RESTRAINT  =         0.0000
 EKCMT  =         0.0000  VIRIAL  =         0.0000  VOLUME     =    333389.9585
                                                    Density    =         1.0329
 ------------------------------------------------------------------------------

wrapping first mol.:      -75.74410        0.00000        0.00000
wrapping first mol.:      -75.74410        0.00000        0.00000
wrapping first mol.:      -75.66998        0.00000        0.00000
wrapping first mol.:      -75.66998        0.00000        0.00000
wrapping first mol.:      -75.71803        0.00000        0.00000
wrapping first mol.:      -75.71803        0.00000        0.00000
wrapping first mol.:      -75.71725        0.00000        0.00000
wrapping first mol.:      -75.71725        0.00000        0.00000
wrapping first mol.:      -75.60430        0.00000        0.00000
wrapping first mol.:      -75.60430        0.00000        0.00000

 NSTEP =   575000   TIME(PS) =    2850.000  TEMP(K) =   299.32  PRESS =     0.0
 Etot   =   -117366.1451  EKtot   =     20460.1680  EPtot      =   -137826.3130
 BOND   =       558.4073  ANGLE   =      1458.0063  DIHED      =       996.2461
 UB     =         0.0000  IMP     =         0.0000  CMAP       =       146.1794
 1-4 NB =       637.4399  1-4 EEL =      5856.1619  VDWAALS    =     16449.6602
 EELEC  =   -163928.4140  EHBOND  =         0.0000  RESTRAINT  =         0.0000
 EKCMT  =         0.0000  VIRIAL  =         0.0000  VOLUME     =    332673.0781
                                                    Density    =         1.0351
 ------------------------------------------------------------------------------

wrapping first mol.:      -75.67911        0.00000        0.00000
wrapping first mol.:      -75.67911        0.00000        0.00000
wrapping first mol.:      -75.68743        0.00000        0.00000
wrapping first mol.:      -75.68743        0.00000        0.00000
wrapping first mol.:      -75.61579        0.00000        0.00000
wrapping first mol.:      -75.61579        0.00000        0.00000
wrapping first mol.:      -75.63883        0.00000        0.00000
wrapping first mol.:      -75.63883        0.00000        0.00000
wrapping first mol.:      -75.66836        0.00000        0.00000
wrapping first mol.:      -75.66836        0.00000        0.00000

 NSTEP =   600000   TIME(PS) =    2900.000  TEMP(K) =   299.80  PRESS =     0.0
 Etot   =   -117266.1080  EKtot   =     20493.3867  EPtot      =   -137759.4947
 BOND   =       530.8779  ANGLE   =      1512.0892  DIHED      =       977.1844
 UB     =         0.0000  IMP     =         0.0000  CMAP       =       147.6794
 1-4 NB =       623.9748  1-4 EEL =      5823.1397  VDWAALS    =     16366.5895
 EELEC  =   -163741.0297  EHBOND  =         0.0000  RESTRAINT  =         0.0000
 EKCMT  =         0.0000  VIRIAL  =         0.0000  VOLUME     =    333519.4503
                                                    Density    =         1.0325
 ------------------------------------------------------------------------------

wrapping first mol.:      -75.53081        0.00000        0.00000
wrapping first mol.:      -75.53081        0.00000        0.00000
wrapping first mol.:      -75.69352        0.00000        0.00000
wrapping first mol.:      -75.69352        0.00000        0.00000
wrapping first mol.:      -75.68395        0.00000        0.00000
wrapping first mol.:      -75.68395        0.00000        0.00000
wrapping first mol.:      -75.69704        0.00000        0.00000
wrapping first mol.:      -75.69704        0.00000        0.00000
wrapping first mol.:      -75.68129        0.00000        0.00000
wrapping first mol.:      -75.68129        0.00000        0.00000

 NSTEP =   625000   TIME(PS) =    2950.000  TEMP(K) =   301.10  PRESS =     0.0
 Etot   =   -116973.4482  EKtot   =     20582.0078  EPtot      =   -137555.4561
 BOND   =       553.8756  ANGLE   =      1503.2650  DIHED      =       970.5038
 UB     =         0.0000  IMP     =         0.0000  CMAP       =       145.1923
 1-4 NB =       634.7140  1-4 EEL =      5796.6164  VDWAALS    =     16432.2317
 EELEC  =   -163591.8549  EHBOND  =         0.0000  RESTRAINT  =         0.0000
 EKCMT  =         0.0000  VIRIAL  =         0.0000  VOLUME     =    333690.3991
                                                    Density    =         1.0319
 ------------------------------------------------------------------------------

wrapping first mol.:      -75.60262        0.00000        0.00000
wrapping first mol.:      -75.60262        0.00000        0.00000
wrapping first mol.:      -75.73598        0.00000        0.00000
wrapping first mol.:      -75.73598        0.00000        0.00000
wrapping first mol.:      -75.84230        0.00000        0.00000
wrapping first mol.:      -75.84230        0.00000        0.00000
wrapping first mol.:      -75.73273        0.00000        0.00000
wrapping first mol.:      -75.73273        0.00000        0.00000
wrapping first mol.:      -75.72952        0.00000        0.00000
wrapping first mol.:      -75.72952        0.00000        0.00000

 NSTEP =   650000   TIME(PS) =    3000.000  TEMP(K) =   304.22  PRESS =     0.0
 Etot   =   -116839.4607  EKtot   =     20795.2363  EPtot      =   -137634.6970
 BOND   =       564.5053  ANGLE   =      1564.0268  DIHED      =       994.1321
 UB     =         0.0000  IMP     =         0.0000  CMAP       =       136.9863
 1-4 NB =       634.6391  1-4 EEL =      5789.2441  VDWAALS    =     16498.1678
 EELEC  =   -163816.3985  EHBOND  =         0.0000  RESTRAINT  =         0.0000
 EKCMT  =         0.0000  VIRIAL  =         0.0000  VOLUME     =    334328.8107
                                                    Density    =         1.0300
 ------------------------------------------------------------------------------

wrapping first mol.:      -75.73632        0.00000        0.00000
wrapping first mol.:      -75.73632        0.00000        0.00000
wrapping first mol.:      -75.75522        0.00000        0.00000
wrapping first mol.:      -75.75522        0.00000        0.00000
wrapping first mol.:      -75.74075        0.00000        0.00000
wrapping first mol.:      -75.74075        0.00000        0.00000
wrapping first mol.:      -75.75816        0.00000        0.00000
wrapping first mol.:      -75.75816        0.00000        0.00000
wrapping first mol.:      -75.70444        0.00000        0.00000
wrapping first mol.:      -75.70444        0.00000        0.00000

 NSTEP =   675000   TIME(PS) =    3050.000  TEMP(K) =   300.50  PRESS =     0.0
 Etot   =   -116965.0765  EKtot   =     20541.4219  EPtot      =   -137506.4983
 BOND   =       533.9353  ANGLE   =      1546.2799  DIHED      =       990.5767
 UB     =         0.0000  IMP     =         0.0000  CMAP       =       139.0527
 1-4 NB =       635.0666  1-4 EEL =      5789.1183  VDWAALS    =     16486.9253
 EELEC  =   -163627.4532  EHBOND  =         0.0000  RESTRAINT  =         0.0000
 EKCMT  =         0.0000  VIRIAL  =         0.0000  VOLUME     =    333996.7609
                                                    Density    =         1.0310
 ------------------------------------------------------------------------------

wrapping first mol.:      -75.72600        0.00000        0.00000
wrapping first mol.:      -75.72600        0.00000        0.00000
wrapping first mol.:      -75.67120        0.00000        0.00000
wrapping first mol.:      -75.67120        0.00000        0.00000
wrapping first mol.:      -75.68491        0.00000        0.00000
wrapping first mol.:      -75.68491        0.00000        0.00000
wrapping first mol.:      -75.66007        0.00000        0.00000
wrapping first mol.:      -75.66007        0.00000        0.00000
wrapping first mol.:      -75.70155        0.00000        0.00000
wrapping first mol.:      -75.70155        0.00000        0.00000

 NSTEP =   700000   TIME(PS) =    3100.000  TEMP(K) =   300.01  PRESS =     0.0
 Etot   =   -117193.5168  EKtot   =     20507.5625  EPtot      =   -137701.0793
 BOND   =       584.3664  ANGLE   =      1511.1040  DIHED      =      1006.4316
 UB     =         0.0000  IMP     =         0.0000  CMAP       =       141.3111
 1-4 NB =       623.0396  1-4 EEL =      5794.5276  VDWAALS    =     16380.5281
 EELEC  =   -163742.3877  EHBOND  =         0.0000  RESTRAINT  =         0.0000
 EKCMT  =         0.0000  VIRIAL  =         0.0000  VOLUME     =    333958.4633
                                                    Density    =         1.0311
 ------------------------------------------------------------------------------

wrapping first mol.:      -75.64520        0.00000        0.00000
wrapping first mol.:      -75.64520        0.00000        0.00000
wrapping first mol.:      -75.64641        0.00000        0.00000
wrapping first mol.:      -75.64641        0.00000        0.00000
wrapping first mol.:      -75.68609        0.00000        0.00000
wrapping first mol.:      -75.68609        0.00000        0.00000
wrapping first mol.:      -75.78797        0.00000        0.00000
wrapping first mol.:      -75.78797        0.00000        0.00000
wrapping first mol.:      -75.71921        0.00000        0.00000
wrapping first mol.:      -75.71921        0.00000        0.00000

 NSTEP =   725000   TIME(PS) =    3150.000  TEMP(K) =   301.01  PRESS =     0.0
 Etot   =   -116994.5125  EKtot   =     20575.7598  EPtot      =   -137570.2723
 BOND   =       529.4024  ANGLE   =      1505.8894  DIHED      =      1000.1060
 UB     =         0.0000  IMP     =         0.0000  CMAP       =       145.9690
 1-4 NB =       633.2131  1-4 EEL =      5779.8680  VDWAALS    =     16052.7662
 EELEC  =   -163217.4864  EHBOND  =         0.0000  RESTRAINT  =         0.0000
 EKCMT  =         0.0000  VIRIAL  =         0.0000  VOLUME     =    334192.1785
                                                    Density    =         1.0304
 ------------------------------------------------------------------------------

wrapping first mol.:      -75.70924        0.00000        0.00000
wrapping first mol.:      -75.70924        0.00000        0.00000
wrapping first mol.:      -75.64033        0.00000        0.00000
wrapping first mol.:      -75.64033        0.00000        0.00000
wrapping first mol.:      -75.66520        0.00000        0.00000
wrapping first mol.:      -75.66520        0.00000        0.00000
wrapping first mol.:      -75.69597        0.00000        0.00000
wrapping first mol.:      -75.69597        0.00000        0.00000
wrapping first mol.:      -75.70322        0.00000        0.00000
wrapping first mol.:      -75.70322        0.00000        0.00000

 NSTEP =   750000   TIME(PS) =    3200.000  TEMP(K) =   300.38  PRESS =     0.0
 Etot   =   -116725.7480  EKtot   =     20532.9199  EPtot      =   -137258.6680
 BOND   =       539.5763  ANGLE   =      1499.8278  DIHED      =       981.8671
 UB     =         0.0000  IMP     =         0.0000  CMAP       =       147.0544
 1-4 NB =       647.1280  1-4 EEL =      5803.3109  VDWAALS    =     16088.0346
 EELEC  =   -162965.4669  EHBOND  =         0.0000  RESTRAINT  =         0.0000
 EKCMT  =         0.0000  VIRIAL  =         0.0000  VOLUME     =    333980.5538
                                                    Density    =         1.0310
 ------------------------------------------------------------------------------

wrapping first mol.:      -75.74517        0.00000        0.00000
wrapping first mol.:      -75.74517        0.00000        0.00000
wrapping first mol.:      -75.65075        0.00000        0.00000
wrapping first mol.:      -75.65075        0.00000        0.00000
wrapping first mol.:      -75.71135        0.00000        0.00000
wrapping first mol.:      -75.71135        0.00000        0.00000
wrapping first mol.:      -75.64918        0.00000        0.00000
wrapping first mol.:      -75.64918        0.00000        0.00000
wrapping first mol.:      -75.80850        0.00000        0.00000
wrapping first mol.:      -75.80850        0.00000        0.00000

 NSTEP =   775000   TIME(PS) =    3250.000  TEMP(K) =   302.76  PRESS =     0.0
 Etot   =   -116845.5836  EKtot   =     20695.6191  EPtot      =   -137541.2027
 BOND   =       579.4934  ANGLE   =      1541.6490  DIHED      =       985.5897
 UB     =         0.0000  IMP     =         0.0000  CMAP       =       146.5230
 1-4 NB =       642.6773  1-4 EEL =      5796.6248  VDWAALS    =     16241.2548
 EELEC  =   -163475.0147  EHBOND  =         0.0000  RESTRAINT  =         0.0000
 EKCMT  =         0.0000  VIRIAL  =         0.0000  VOLUME     =    335375.9496
                                                    Density    =         1.0268
 ------------------------------------------------------------------------------

wrapping first mol.:      -75.72260        0.00000        0.00000
wrapping first mol.:      -75.72260        0.00000        0.00000
wrapping first mol.:      -75.73695        0.00000        0.00000
wrapping first mol.:      -75.73695        0.00000        0.00000
wrapping first mol.:      -75.77173        0.00000        0.00000
wrapping first mol.:      -75.77173        0.00000        0.00000
wrapping first mol.:      -75.66420        0.00000        0.00000
wrapping first mol.:      -75.66420        0.00000        0.00000
wrapping first mol.:      -75.73198        0.00000        0.00000
wrapping first mol.:      -75.73198        0.00000        0.00000

 NSTEP =   800000   TIME(PS) =    3300.000  TEMP(K) =   299.81  PRESS =     0.0
 Etot   =   -117061.7309  EKtot   =     20494.2051  EPtot      =   -137555.9360
 BOND   =       533.3149  ANGLE   =      1503.5794  DIHED      =       972.7670
 UB     =         0.0000  IMP     =         0.0000  CMAP       =       145.6939
 1-4 NB =       654.8507  1-4 EEL =      5755.6848  VDWAALS    =     16483.0149
 EELEC  =   -163604.8417  EHBOND  =         0.0000  RESTRAINT  =         0.0000
 EKCMT  =         0.0000  VIRIAL  =         0.0000  VOLUME     =    334361.3651
                                                    Density    =         1.0299
 ------------------------------------------------------------------------------

wrapping first mol.:      -75.62846        0.00000        0.00000
wrapping first mol.:      -75.62846        0.00000        0.00000
wrapping first mol.:      -75.76125        0.00000        0.00000
wrapping first mol.:      -75.76125        0.00000        0.00000
wrapping first mol.:      -75.75164        0.00000        0.00000
wrapping first mol.:      -75.75164        0.00000        0.00000
wrapping first mol.:      -75.70362        0.00000        0.00000
wrapping first mol.:      -75.70362        0.00000        0.00000
wrapping first mol.:      -75.67866        0.00000        0.00000
wrapping first mol.:      -75.67866        0.00000        0.00000

 NSTEP =   825000   TIME(PS) =    3350.000  TEMP(K) =   300.87  PRESS =     0.0
 Etot   =   -116798.4395  EKtot   =     20566.1367  EPtot      =   -137364.5762
 BOND   =       590.3743  ANGLE   =      1574.5769  DIHED      =       972.5158
 UB     =         0.0000  IMP     =         0.0000  CMAP       =       139.2050
 1-4 NB =       637.2255  1-4 EEL =      5805.3432  VDWAALS    =     16540.3610
 EELEC  =   -163624.1780  EHBOND  =         0.0000  RESTRAINT  =         0.0000
 EKCMT  =         0.0000  VIRIAL  =         0.0000  VOLUME     =    333655.5572
                                                    Density    =         1.0321
 ------------------------------------------------------------------------------

wrapping first mol.:      -75.59773        0.00000        0.00000
wrapping first mol.:      -75.59773        0.00000        0.00000
wrapping first mol.:      -75.71398        0.00000        0.00000
wrapping first mol.:      -75.71398        0.00000        0.00000
wrapping first mol.:      -75.71467        0.00000        0.00000
wrapping first mol.:      -75.71467        0.00000        0.00000
wrapping first mol.:      -75.61043        0.00000        0.00000
wrapping first mol.:      -75.61043        0.00000        0.00000
wrapping first mol.:      -75.61104        0.00000        0.00000
wrapping first mol.:      -75.61104        0.00000        0.00000

 NSTEP =   850000   TIME(PS) =    3400.000  TEMP(K) =   299.75  PRESS =     0.0
 Etot   =   -116941.6372  EKtot   =     20489.9844  EPtot      =   -137431.6216
 BOND   =       547.8679  ANGLE   =      1532.2038  DIHED      =       988.6749
 UB     =         0.0000  IMP     =         0.0000  CMAP       =       135.7568
 1-4 NB =       632.5978  1-4 EEL =      5816.4002  VDWAALS    =     16490.3958
 EELEC  =   -163575.5187  EHBOND  =         0.0000  RESTRAINT  =         0.0000
 EKCMT  =         0.0000  VIRIAL  =         0.0000  VOLUME     =    332762.0747
                                                    Density    =         1.0348
 ------------------------------------------------------------------------------

wrapping first mol.:      -75.69716        0.00000        0.00000
wrapping first mol.:      -75.69716        0.00000        0.00000
wrapping first mol.:      -75.63949        0.00000        0.00000
wrapping first mol.:      -75.63949        0.00000        0.00000
wrapping first mol.:      -75.60012        0.00000        0.00000
wrapping first mol.:      -75.60012        0.00000        0.00000
wrapping first mol.:      -75.71388        0.00000        0.00000
wrapping first mol.:      -75.71388        0.00000        0.00000
wrapping first mol.:      -75.70510        0.00000        0.00000
wrapping first mol.:      -75.70510        0.00000        0.00000

 NSTEP =   875000   TIME(PS) =    3450.000  TEMP(K) =   298.45  PRESS =     0.0
 Etot   =   -117148.4096  EKtot   =     20400.7305  EPtot      =   -137549.1401
 BOND   =       622.4625  ANGLE   =      1519.2829  DIHED      =       971.7721
 UB     =         0.0000  IMP     =         0.0000  CMAP       =       134.0633
 1-4 NB =       654.5751  1-4 EEL =      5718.8598  VDWAALS    =     16344.2029
 EELEC  =   -163514.3588  EHBOND  =         0.0000  RESTRAINT  =         0.0000
 EKCMT  =         0.0000  VIRIAL  =         0.0000  VOLUME     =    334005.4551
                                                    Density    =         1.0310
 ------------------------------------------------------------------------------

wrapping first mol.:      -75.76288        0.00000        0.00000
wrapping first mol.:      -75.76288        0.00000        0.00000
wrapping first mol.:      -75.73796        0.00000        0.00000
wrapping first mol.:      -75.73796        0.00000        0.00000
wrapping first mol.:      -75.61663        0.00000        0.00000
wrapping first mol.:      -75.61663        0.00000        0.00000
wrapping first mol.:      -75.59799        0.00000        0.00000
wrapping first mol.:      -75.59799        0.00000        0.00000
wrapping first mol.:      -75.62650        0.00000        0.00000
wrapping first mol.:      -75.62650        0.00000        0.00000

 NSTEP =   900000   TIME(PS) =    3500.000  TEMP(K) =   298.83  PRESS =     0.0
 Etot   =   -117486.3628  EKtot   =     20427.2227  EPtot      =   -137913.5854
 BOND   =       550.3082  ANGLE   =      1512.1503  DIHED      =       978.7592
 UB     =         0.0000  IMP     =         0.0000  CMAP       =       149.1590
 1-4 NB =       642.1307  1-4 EEL =      5907.6180  VDWAALS    =     16663.2015
 EELEC  =   -164316.9125  EHBOND  =         0.0000  RESTRAINT  =         0.0000
 EKCMT  =         0.0000  VIRIAL  =         0.0000  VOLUME     =    332966.2514
                                                    Density    =         1.0342
 ------------------------------------------------------------------------------

wrapping first mol.:      -75.72672        0.00000        0.00000
wrapping first mol.:      -75.72672        0.00000        0.00000
wrapping first mol.:      -75.64594        0.00000        0.00000
wrapping first mol.:      -75.64594        0.00000        0.00000
wrapping first mol.:      -75.63506        0.00000        0.00000
wrapping first mol.:      -75.63506        0.00000        0.00000
wrapping first mol.:      -75.80864        0.00000        0.00000
wrapping first mol.:      -75.80864        0.00000        0.00000
wrapping first mol.:      -75.68102        0.00000        0.00000
wrapping first mol.:      -75.68102        0.00000        0.00000

 NSTEP =   925000   TIME(PS) =    3550.000  TEMP(K) =   299.11  PRESS =     0.0
 Etot   =   -116992.9893  EKtot   =     20446.0527  EPtot      =   -137439.0421
 BOND   =       539.7292  ANGLE   =      1499.3283  DIHED      =       971.2541
 UB     =         0.0000  IMP     =         0.0000  CMAP       =       139.3492
 1-4 NB =       640.7344  1-4 EEL =      5816.4622  VDWAALS    =     16228.6947
 EELEC  =   -163274.5942  EHBOND  =         0.0000  RESTRAINT  =         0.0000
 EKCMT  =         0.0000  VIRIAL  =         0.0000  VOLUME     =    333686.8360
                                                    Density    =         1.0320
 ------------------------------------------------------------------------------

wrapping first mol.:      -75.69682        0.00000        0.00000
wrapping first mol.:      -75.69682        0.00000        0.00000
wrapping first mol.:      -75.75684        0.00000        0.00000
wrapping first mol.:      -75.75684        0.00000        0.00000
wrapping first mol.:      -75.66250        0.00000        0.00000
wrapping first mol.:      -75.66250        0.00000        0.00000
wrapping first mol.:      -75.70472        0.00000        0.00000
wrapping first mol.:      -75.70472        0.00000        0.00000
wrapping first mol.:      -75.64183        0.00000        0.00000
wrapping first mol.:      -75.64183        0.00000        0.00000

 NSTEP =   950000   TIME(PS) =    3600.000  TEMP(K) =   301.90  PRESS =     0.0
 Etot   =   -117127.9004  EKtot   =     20636.8965  EPtot      =   -137764.7969
 BOND   =       573.8276  ANGLE   =      1557.7543  DIHED      =       996.2236
 UB     =         0.0000  IMP     =         0.0000  CMAP       =       136.2859
 1-4 NB =       640.2921  1-4 EEL =      5820.8099  VDWAALS    =     16270.1378
 EELEC  =   -163760.1282  EHBOND  =         0.0000  RESTRAINT  =         0.0000
 EKCMT  =         0.0000  VIRIAL  =         0.0000  VOLUME     =    333168.6824
                                                    Density    =         1.0336
 ------------------------------------------------------------------------------

wrapping first mol.:      -75.73375        0.00000        0.00000
wrapping first mol.:      -75.73375        0.00000        0.00000
wrapping first mol.:      -75.74569        0.00000        0.00000
wrapping first mol.:      -75.74569        0.00000        0.00000
wrapping first mol.:      -75.68213        0.00000        0.00000
wrapping first mol.:      -75.68213        0.00000        0.00000
wrapping first mol.:      -75.75344        0.00000        0.00000
wrapping first mol.:      -75.75344        0.00000        0.00000
wrapping first mol.:      -75.71058        0.00000        0.00000
wrapping first mol.:      -75.71058        0.00000        0.00000

 NSTEP =   975000   TIME(PS) =    3650.000  TEMP(K) =   299.16  PRESS =     0.0
 Etot   =   -117087.5656  EKtot   =     20449.6660  EPtot      =   -137537.2316
 BOND   =       585.3816  ANGLE   =      1545.1656  DIHED      =       969.3232
 UB     =         0.0000  IMP     =         0.0000  CMAP       =       135.0595
 1-4 NB =       643.8553  1-4 EEL =      5789.3757  VDWAALS    =     16139.6614
 EELEC  =   -163345.0539  EHBOND  =         0.0000  RESTRAINT  =         0.0000
 EKCMT  =         0.0000  VIRIAL  =         0.0000  VOLUME     =    334078.0159
                                                    Density    =         1.0307
 ------------------------------------------------------------------------------

wrapping first mol.:      -75.68704        0.00000        0.00000
wrapping first mol.:      -75.68704        0.00000        0.00000
wrapping first mol.:      -75.70678        0.00000        0.00000
wrapping first mol.:      -75.70678        0.00000        0.00000
wrapping first mol.:      -75.66897        0.00000        0.00000
wrapping first mol.:      -75.66897        0.00000        0.00000
wrapping first mol.:      -75.61778        0.00000        0.00000
wrapping first mol.:      -75.61778        0.00000        0.00000
wrapping first mol.:      -75.65199        0.00000        0.00000
wrapping first mol.:      -75.65199        0.00000        0.00000

 NSTEP =  1000000   TIME(PS) =    3700.000  TEMP(K) =   297.89  PRESS =     0.0
 Etot   =   -117216.7925  EKtot   =     20362.5625  EPtot      =   -137579.3550
 BOND   =       539.2622  ANGLE   =      1491.7063  DIHED      =       994.6980
 UB     =         0.0000  IMP     =         0.0000  CMAP       =       132.1190
 1-4 NB =       636.9185  1-4 EEL =      5792.9293  VDWAALS    =     16324.7660
 EELEC  =   -163491.7544  EHBOND  =         0.0000  RESTRAINT  =         0.0000
 EKCMT  =         0.0000  VIRIAL  =         0.0000  VOLUME     =    333302.9627
                                                    Density    =         1.0331
 ------------------------------------------------------------------------------

wrapping first mol.:      -75.72579        0.00000        0.00000
wrapping first mol.:      -75.72579        0.00000        0.00000
wrapping first mol.:      -75.72700        0.00000        0.00000
wrapping first mol.:      -75.72700        0.00000        0.00000
wrapping first mol.:      -75.84955        0.00000        0.00000
wrapping first mol.:      -75.84955        0.00000        0.00000
wrapping first mol.:      -75.68430        0.00000        0.00000
wrapping first mol.:      -75.68430        0.00000        0.00000
wrapping first mol.:      -75.72086        0.00000        0.00000
wrapping first mol.:      -75.72086        0.00000        0.00000

 NSTEP =  1025000   TIME(PS) =    3750.000  TEMP(K) =   298.18  PRESS =     0.0
 Etot   =   -117169.7018  EKtot   =     20382.8457  EPtot      =   -137552.5475
 BOND   =       564.1472  ANGLE   =      1489.0510  DIHED      =       960.9053
 UB     =         0.0000  IMP     =         0.0000  CMAP       =       143.9007
 1-4 NB =       648.5049  1-4 EEL =      5781.9060  VDWAALS    =     16173.8791
 EELEC  =   -163314.8416  EHBOND  =         0.0000  RESTRAINT  =         0.0000
 EKCMT  =         0.0000  VIRIAL  =         0.0000  VOLUME     =    334214.0290
                                                    Density    =         1.0303
 ------------------------------------------------------------------------------

wrapping first mol.:      -75.64606        0.00000        0.00000
wrapping first mol.:      -75.64606        0.00000        0.00000
wrapping first mol.:      -75.78587        0.00000        0.00000
wrapping first mol.:      -75.78587        0.00000        0.00000
wrapping first mol.:      -75.82813        0.00000        0.00000
wrapping first mol.:      -75.82813        0.00000        0.00000
wrapping first mol.:      -75.68286        0.00000        0.00000
wrapping first mol.:      -75.68286        0.00000        0.00000
wrapping first mol.:      -75.78819        0.00000        0.00000
wrapping first mol.:      -75.78819        0.00000        0.00000

 NSTEP =  1050000   TIME(PS) =    3800.000  TEMP(K) =   299.74  PRESS =     0.0
 Etot   =   -117205.5403  EKtot   =     20489.4844  EPtot      =   -137695.0247
 BOND   =       578.6604  ANGLE   =      1527.6627  DIHED      =       997.7519
 UB     =         0.0000  IMP     =         0.0000  CMAP       =       146.9888
 1-4 NB =       634.0972  1-4 EEL =      5752.9213  VDWAALS    =     16356.3809
 EELEC  =   -163689.4879  EHBOND  =         0.0000  RESTRAINT  =         0.0000
 EKCMT  =         0.0000  VIRIAL  =         0.0000  VOLUME     =    335106.3936
                                                    Density    =         1.0276
 ------------------------------------------------------------------------------

wrapping first mol.:      -75.70831        0.00000        0.00000
wrapping first mol.:      -75.70831        0.00000        0.00000
wrapping first mol.:      -75.63403        0.00000        0.00000
wrapping first mol.:      -75.63403        0.00000        0.00000
wrapping first mol.:      -75.67721        0.00000        0.00000
wrapping first mol.:      -75.67721        0.00000        0.00000
wrapping first mol.:      -75.69663        0.00000        0.00000
wrapping first mol.:      -75.69663        0.00000        0.00000
wrapping first mol.:      -75.70738        0.00000        0.00000
wrapping first mol.:      -75.70738        0.00000        0.00000

 NSTEP =  1075000   TIME(PS) =    3850.000  TEMP(K) =   298.15  PRESS =     0.0
 Etot   =   -117520.2107  EKtot   =     20380.6270  EPtot      =   -137900.8377
 BOND   =       584.8417  ANGLE   =      1514.3339  DIHED      =       984.3312
 UB     =         0.0000  IMP     =         0.0000  CMAP       =       142.8482
 1-4 NB =       638.6624  1-4 EEL =      5775.6367  VDWAALS    =     16559.4683
 EELEC  =   -164100.9600  EHBOND  =         0.0000  RESTRAINT  =         0.0000
 EKCMT  =         0.0000  VIRIAL  =         0.0000  VOLUME     =    334035.6112
                                                    Density    =         1.0309
 ------------------------------------------------------------------------------

wrapping first mol.:      -75.65778        0.00000        0.00000
wrapping first mol.:      -75.65778        0.00000        0.00000
wrapping first mol.:      -75.75149        0.00000        0.00000
wrapping first mol.:      -75.75149        0.00000        0.00000
wrapping first mol.:      -75.81848        0.00000        0.00000
wrapping first mol.:      -75.81848        0.00000        0.00000
wrapping first mol.:      -75.60775        0.00000        0.00000
wrapping first mol.:      -75.60775        0.00000        0.00000
wrapping first mol.:      -75.80757        0.00000        0.00000
wrapping first mol.:      -75.80757        0.00000        0.00000

 NSTEP =  1100000   TIME(PS) =    3900.000  TEMP(K) =   300.58  PRESS =     0.0
 Etot   =   -116981.8585  EKtot   =     20546.5840  EPtot      =   -137528.4425
 BOND   =       550.1553  ANGLE   =      1524.0634  DIHED      =       983.3643
 UB     =         0.0000  IMP     =         0.0000  CMAP       =       149.5483
 1-4 NB =       628.9805  1-4 EEL =      5719.1000  VDWAALS    =     16327.2952
 EELEC  =   -163410.9496  EHBOND  =         0.0000  RESTRAINT  =         0.0000
 EKCMT  =         0.0000  VIRIAL  =         0.0000  VOLUME     =    335363.5082
                                                    Density    =         1.0268
 ------------------------------------------------------------------------------

wrapping first mol.:      -75.69924        0.00000        0.00000
wrapping first mol.:      -75.69924        0.00000        0.00000
wrapping first mol.:      -75.68883        0.00000        0.00000
wrapping first mol.:      -75.68883        0.00000        0.00000
wrapping first mol.:      -75.67307        0.00000        0.00000
wrapping first mol.:      -75.67307        0.00000        0.00000
wrapping first mol.:      -75.63661        0.00000        0.00000
wrapping first mol.:      -75.63661        0.00000        0.00000
wrapping first mol.:      -75.76507        0.00000        0.00000
wrapping first mol.:      -75.76507        0.00000        0.00000

 NSTEP =  1125000   TIME(PS) =    3950.000  TEMP(K) =   300.62  PRESS =     0.0
 Etot   =   -116939.4962  EKtot   =     20548.9961  EPtot      =   -137488.4923
 BOND   =       570.8499  ANGLE   =      1523.9679  DIHED      =       979.6700
 UB     =         0.0000  IMP     =         0.0000  CMAP       =       127.4936
 1-4 NB =       656.9887  1-4 EEL =      5799.5427  VDWAALS    =     16446.2432
 EELEC  =   -163593.2483  EHBOND  =         0.0000  RESTRAINT  =         0.0000
 EKCMT  =         0.0000  VIRIAL  =         0.0000  VOLUME     =    334799.7629
                                                    Density    =         1.0285
 ------------------------------------------------------------------------------

wrapping first mol.:      -75.66915        0.00000        0.00000
wrapping first mol.:      -75.66915        0.00000        0.00000
wrapping first mol.:      -75.81978        0.00000        0.00000
wrapping first mol.:      -75.81978        0.00000        0.00000
wrapping first mol.:      -75.73828        0.00000        0.00000
wrapping first mol.:      -75.73828        0.00000        0.00000
wrapping first mol.:      -75.64310        0.00000        0.00000
wrapping first mol.:      -75.64310        0.00000        0.00000
wrapping first mol.:      -75.67093        0.00000        0.00000
wrapping first mol.:      -75.67093        0.00000        0.00000

 NSTEP =  1150000   TIME(PS) =    4000.000  TEMP(K) =   302.80  PRESS =     0.0
 Etot   =   -116947.4721  EKtot   =     20698.0391  EPtot      =   -137645.5112
 BOND   =       562.2457  ANGLE   =      1536.9632  DIHED      =       967.7379
 UB     =         0.0000  IMP     =         0.0000  CMAP       =       152.7727
 1-4 NB =       641.6926  1-4 EEL =      5819.8213  VDWAALS    =     16372.0428
 EELEC  =   -163698.7872  EHBOND  =         0.0000  RESTRAINT  =         0.0000
 EKCMT  =         0.0000  VIRIAL  =         0.0000  VOLUME     =    333553.3813
                                                    Density    =         1.0324
 ------------------------------------------------------------------------------

wrapping first mol.:      -75.68167        0.00000        0.00000
wrapping first mol.:      -75.68167        0.00000        0.00000

 NSTEP =  1175000   TIME(PS) =    4050.000  TEMP(K) =   302.28  PRESS =     0.0
 Etot   =   -116818.2420  EKtot   =     20662.8008  EPtot      =   -137481.0428
 BOND   =       590.0318  ANGLE   =      1542.6719  DIHED      =       984.4092
 UB     =         0.0000  IMP     =         0.0000  CMAP       =       151.3886
 1-4 NB =       629.7288  1-4 EEL =      5745.9231  VDWAALS    =     16366.6632
 EELEC  =   -163491.8596  EHBOND  =         0.0000  RESTRAINT  =         0.0000
 EKCMT  =         0.0000  VIRIAL  =         0.0000  VOLUME     =    333653.2953
                                                    Density    =         1.0321
 ------------------------------------------------------------------------------

wrapping first mol.:      -75.79627        0.00000        0.00000
wrapping first mol.:      -75.79627        0.00000        0.00000
wrapping first mol.:      -75.77592        0.00000        0.00000
wrapping first mol.:      -75.77592        0.00000        0.00000

 NSTEP =  1200000   TIME(PS) =    4100.000  TEMP(K) =   303.10  PRESS =     0.0
 Etot   =   -116904.3631  EKtot   =     20718.9844  EPtot      =   -137623.3475
 BOND   =       576.8635  ANGLE   =      1481.7835  DIHED      =      1012.7002
 UB     =         0.0000  IMP     =         0.0000  CMAP       =       138.8481
 1-4 NB =       642.0379  1-4 EEL =      5822.1637  VDWAALS    =     16362.3964
 EELEC  =   -163660.1408  EHBOND  =         0.0000  RESTRAINT  =         0.0000
 EKCMT  =         0.0000  VIRIAL  =         0.0000  VOLUME     =    334943.7230
                                                    Density    =         1.0281
 ------------------------------------------------------------------------------

wrapping first mol.:      -75.77244        0.00000        0.00000
wrapping first mol.:      -75.77244        0.00000        0.00000
wrapping first mol.:      -75.59920        0.00000        0.00000
wrapping first mol.:      -75.59920        0.00000        0.00000
wrapping first mol.:      -75.66555        0.00000        0.00000
wrapping first mol.:      -75.66555        0.00000        0.00000
wrapping first mol.:      -75.60828        0.00000        0.00000
wrapping first mol.:      -75.60828        0.00000        0.00000

 NSTEP =  1225000   TIME(PS) =    4150.000  TEMP(K) =   300.58  PRESS =     0.0
 Etot   =   -117154.3199  EKtot   =     20546.3086  EPtot      =   -137700.6285
 BOND   =       525.3583  ANGLE   =      1469.5981  DIHED      =       983.0647
 UB     =         0.0000  IMP     =         0.0000  CMAP       =       153.3180
 1-4 NB =       641.1408  1-4 EEL =      5864.0008  VDWAALS    =     16309.3013
 EELEC  =   -163646.4105  EHBOND  =         0.0000  RESTRAINT  =         0.0000
 EKCMT  =         0.0000  VIRIAL  =         0.0000  VOLUME     =    332725.6438
                                                    Density    =         1.0349
 ------------------------------------------------------------------------------

wrapping first mol.:      -75.74582        0.00000        0.00000
wrapping first mol.:      -75.74582        0.00000        0.00000
wrapping first mol.:      -75.64662        0.00000        0.00000
wrapping first mol.:      -75.64662        0.00000        0.00000
wrapping first mol.:      -75.67296        0.00000        0.00000
wrapping first mol.:      -75.67296        0.00000        0.00000
wrapping first mol.:      -75.69748        0.00000        0.00000
wrapping first mol.:      -75.69748        0.00000        0.00000
wrapping first mol.:      -75.69934        0.00000        0.00000
wrapping first mol.:      -75.69934        0.00000        0.00000

 NSTEP =  1250000   TIME(PS) =    4200.000  TEMP(K) =   300.47  PRESS =     0.0
 Etot   =   -117231.1349  EKtot   =     20539.1426  EPtot      =   -137770.2775
 BOND   =       522.6879  ANGLE   =      1522.1176  DIHED      =       999.4635
 UB     =         0.0000  IMP     =         0.0000  CMAP       =       145.4207
 1-4 NB =       643.5383  1-4 EEL =      5854.3390  VDWAALS    =     16582.7418
 EELEC  =   -164040.5862  EHBOND  =         0.0000  RESTRAINT  =         0.0000
 EKCMT  =         0.0000  VIRIAL  =         0.0000  VOLUME     =    333929.1634
                                                    Density    =         1.0312
 ------------------------------------------------------------------------------

wrapping first mol.:      -75.69054        0.00000        0.00000
wrapping first mol.:      -75.69054        0.00000        0.00000
wrapping first mol.:      -75.72903        0.00000        0.00000
wrapping first mol.:      -75.72903        0.00000        0.00000
wrapping first mol.:      -75.65490        0.00000        0.00000
wrapping first mol.:      -75.65490        0.00000        0.00000
wrapping first mol.:      -75.62364        0.00000        0.00000
wrapping first mol.:      -75.62364        0.00000        0.00000
wrapping first mol.:      -75.64666        0.00000        0.00000
wrapping first mol.:      -75.64666        0.00000        0.00000

 NSTEP =  1275000   TIME(PS) =    4250.000  TEMP(K) =   299.29  PRESS =     0.0
 Etot   =   -117348.5381  EKtot   =     20458.6738  EPtot      =   -137807.2120
 BOND   =       582.3473  ANGLE   =      1507.1584  DIHED      =       991.4707
 UB     =         0.0000  IMP     =         0.0000  CMAP       =       143.4867
 1-4 NB =       643.5077  1-4 EEL =      5863.9126  VDWAALS    =     16508.9986
 EELEC  =   -164048.0940  EHBOND  =         0.0000  RESTRAINT  =         0.0000
 EKCMT  =         0.0000  VIRIAL  =         0.0000  VOLUME     =    333232.6021
                                                    Density    =         1.0334
 ------------------------------------------------------------------------------

wrapping first mol.:      -75.79339        0.00000        0.00000
wrapping first mol.:      -75.79339        0.00000        0.00000
wrapping first mol.:      -75.69364        0.00000        0.00000
wrapping first mol.:      -75.69364        0.00000        0.00000
wrapping first mol.:      -75.82222        0.00000        0.00000
wrapping first mol.:      -75.82222        0.00000        0.00000
wrapping first mol.:      -75.69109        0.00000        0.00000
wrapping first mol.:      -75.69109        0.00000        0.00000
wrapping first mol.:      -75.67348        0.00000        0.00000
wrapping first mol.:      -75.67348        0.00000        0.00000

 NSTEP =  1300000   TIME(PS) =    4300.000  TEMP(K) =   296.09  PRESS =     0.0
 Etot   =   -117358.8321  EKtot   =     20239.3887  EPtot      =   -137598.2208
 BOND   =       597.9752  ANGLE   =      1520.4339  DIHED      =       967.3439
 UB     =         0.0000  IMP     =         0.0000  CMAP       =       149.5073
 1-4 NB =       637.7732  1-4 EEL =      5736.5696  VDWAALS    =     16171.4342
 EELEC  =   -163379.2579  EHBOND  =         0.0000  RESTRAINT  =         0.0000
 EKCMT  =         0.0000  VIRIAL  =         0.0000  VOLUME     =    333587.0801
                                                    Density    =         1.0323
 ------------------------------------------------------------------------------

wrapping first mol.:      -75.72273        0.00000        0.00000
wrapping first mol.:      -75.72273        0.00000        0.00000
wrapping first mol.:      -75.63925        0.00000        0.00000
wrapping first mol.:      -75.63925        0.00000        0.00000
wrapping first mol.:      -75.75517        0.00000        0.00000
wrapping first mol.:      -75.75517        0.00000        0.00000
wrapping first mol.:      -75.67907        0.00000        0.00000
wrapping first mol.:      -75.67907        0.00000        0.00000
wrapping first mol.:      -75.65956        0.00000        0.00000
wrapping first mol.:      -75.65956        0.00000        0.00000

 NSTEP =  1325000   TIME(PS) =    4350.000  TEMP(K) =   299.24  PRESS =     0.0
 Etot   =   -117240.8449  EKtot   =     20455.0410  EPtot      =   -137695.8859
 BOND   =       541.5080  ANGLE   =      1552.6872  DIHED      =       970.0133
 UB     =         0.0000  IMP     =         0.0000  CMAP       =       143.4056
 1-4 NB =       628.3799  1-4 EEL =      5730.7816  VDWAALS    =     16639.2043
 EELEC  =   -163901.8657  EHBOND  =         0.0000  RESTRAINT  =         0.0000
 EKCMT  =         0.0000  VIRIAL  =         0.0000  VOLUME     =    333403.0954
                                                    Density    =         1.0328
 ------------------------------------------------------------------------------

wrapping first mol.:      -75.77997        0.00000        0.00000
wrapping first mol.:      -75.77997        0.00000        0.00000
wrapping first mol.:      -75.75743        0.00000        0.00000
wrapping first mol.:      -75.75743        0.00000        0.00000
wrapping first mol.:      -75.63489        0.00000        0.00000
wrapping first mol.:      -75.63489        0.00000        0.00000
wrapping first mol.:      -75.79693        0.00000        0.00000
wrapping first mol.:      -75.79693        0.00000        0.00000
wrapping first mol.:      -75.72503        0.00000        0.00000
wrapping first mol.:      -75.72503        0.00000        0.00000

 NSTEP =  1350000   TIME(PS) =    4400.000  TEMP(K) =   298.92  PRESS =     0.0
 Etot   =   -117024.6491  EKtot   =     20433.3711  EPtot      =   -137458.0202
 BOND   =       559.4925  ANGLE   =      1518.1560  DIHED      =       971.3364
 UB     =         0.0000  IMP     =         0.0000  CMAP       =       137.8699
 1-4 NB =       627.6265  1-4 EEL =      5801.1574  VDWAALS    =     16288.5604
 EELEC  =   -163362.2193  EHBOND  =         0.0000  RESTRAINT  =         0.0000
 EKCMT  =         0.0000  VIRIAL  =         0.0000  VOLUME     =    334269.3136
                                                    Density    =         1.0302
 ------------------------------------------------------------------------------

wrapping first mol.:      -75.64613        0.00000        0.00000
wrapping first mol.:      -75.64613        0.00000        0.00000
wrapping first mol.:      -75.67087        0.00000        0.00000
wrapping first mol.:      -75.67087        0.00000        0.00000
wrapping first mol.:      -75.66376        0.00000        0.00000
wrapping first mol.:      -75.66376        0.00000        0.00000
wrapping first mol.:      -75.54245        0.00000        0.00000
wrapping first mol.:      -75.54245        0.00000        0.00000
wrapping first mol.:      -75.62159        0.00000        0.00000
wrapping first mol.:      -75.62159        0.00000        0.00000

 NSTEP =  1375000   TIME(PS) =    4450.000  TEMP(K) =   299.98  PRESS =     0.0
 Etot   =   -117089.8568  EKtot   =     20505.6055  EPtot      =   -137595.4623
 BOND   =       549.9284  ANGLE   =      1521.1337  DIHED      =       986.1399
 UB     =         0.0000  IMP     =         0.0000  CMAP       =       137.7011
 1-4 NB =       644.7222  1-4 EEL =      5768.9562  VDWAALS    =     16069.0725
 EELEC  =   -163273.1164  EHBOND  =         0.0000  RESTRAINT  =         0.0000
 EKCMT  =         0.0000  VIRIAL  =         0.0000  VOLUME     =    332901.3166
                                                    Density    =         1.0344
 ------------------------------------------------------------------------------

wrapping first mol.:      -75.66451        0.00000        0.00000
wrapping first mol.:      -75.66451        0.00000        0.00000
wrapping first mol.:      -75.75510        0.00000        0.00000
wrapping first mol.:      -75.75510        0.00000        0.00000
wrapping first mol.:      -75.72927        0.00000        0.00000
wrapping first mol.:      -75.72927        0.00000        0.00000
wrapping first mol.:      -75.71465        0.00000        0.00000
wrapping first mol.:      -75.71465        0.00000        0.00000
wrapping first mol.:      -75.71844        0.00000        0.00000
wrapping first mol.:      -75.71844        0.00000        0.00000

 NSTEP =  1400000   TIME(PS) =    4500.000  TEMP(K) =   300.65  PRESS =     0.0
 Etot   =   -116838.5452  EKtot   =     20551.3828  EPtot      =   -137389.9280
 BOND   =       575.3077  ANGLE   =      1538.8937  DIHED      =       974.4716
 UB     =         0.0000  IMP     =         0.0000  CMAP       =       129.4890
 1-4 NB =       652.4839  1-4 EEL =      5793.5488  VDWAALS    =     16192.5085
 EELEC  =   -163246.6310  EHBOND  =         0.0000  RESTRAINT  =         0.0000
 EKCMT  =         0.0000  VIRIAL  =         0.0000  VOLUME     =    334182.0436
                                                    Density    =         1.0304
 ------------------------------------------------------------------------------

wrapping first mol.:      -75.82717        0.00000        0.00000
wrapping first mol.:      -75.82717        0.00000        0.00000
wrapping first mol.:      -75.70808        0.00000        0.00000
wrapping first mol.:      -75.70808        0.00000        0.00000
wrapping first mol.:      -75.73874        0.00000        0.00000
wrapping first mol.:      -75.73874        0.00000        0.00000
wrapping first mol.:      -75.70186        0.00000        0.00000
wrapping first mol.:      -75.70186        0.00000        0.00000
wrapping first mol.:      -75.74555        0.00000        0.00000
wrapping first mol.:      -75.74555        0.00000        0.00000

 NSTEP =  1425000   TIME(PS) =    4550.000  TEMP(K) =   301.31  PRESS =     0.0
 Etot   =   -117098.6922  EKtot   =     20596.3145  EPtot      =   -137695.0067
 BOND   =       591.9153  ANGLE   =      1515.9017  DIHED      =       954.0580
 UB     =         0.0000  IMP     =         0.0000  CMAP       =       141.2326
 1-4 NB =       627.2495  1-4 EEL =      5790.6278  VDWAALS    =     16416.4637
 EELEC  =   -163732.4555  EHBOND  =         0.0000  RESTRAINT  =         0.0000
 EKCMT  =         0.0000  VIRIAL  =         0.0000  VOLUME     =    334541.1147
                                                    Density    =         1.0293
 ------------------------------------------------------------------------------

wrapping first mol.:      -75.66405        0.00000        0.00000
wrapping first mol.:      -75.66405        0.00000        0.00000
wrapping first mol.:      -75.68775        0.00000        0.00000
wrapping first mol.:      -75.68775        0.00000        0.00000
wrapping first mol.:      -75.69434        0.00000        0.00000
wrapping first mol.:      -75.69434        0.00000        0.00000
wrapping first mol.:      -75.71696        0.00000        0.00000
wrapping first mol.:      -75.71696        0.00000        0.00000
wrapping first mol.:      -75.68973        0.00000        0.00000
wrapping first mol.:      -75.68973        0.00000        0.00000

 NSTEP =  1450000   TIME(PS) =    4600.000  TEMP(K) =   301.50  PRESS =     0.0
 Etot   =   -117251.6370  EKtot   =     20609.1230  EPtot      =   -137860.7600
 BOND   =       551.7618  ANGLE   =      1540.6098  DIHED      =       961.8708
 UB     =         0.0000  IMP     =         0.0000  CMAP       =       140.3406
 1-4 NB =       639.5611  1-4 EEL =      5807.7875  VDWAALS    =     16613.5671
 EELEC  =   -164116.2587  EHBOND  =         0.0000  RESTRAINT  =         0.0000
 EKCMT  =         0.0000  VIRIAL  =         0.0000  VOLUME     =    333802.0367
                                                    Density    =         1.0316
 ------------------------------------------------------------------------------

wrapping first mol.:      -75.63646        0.00000        0.00000
wrapping first mol.:      -75.63646        0.00000        0.00000
wrapping first mol.:      -75.75525        0.00000        0.00000
wrapping first mol.:      -75.75525        0.00000        0.00000
wrapping first mol.:      -75.75272        0.00000        0.00000
wrapping first mol.:      -75.75272        0.00000        0.00000
wrapping first mol.:      -75.61348        0.00000        0.00000
wrapping first mol.:      -75.61348        0.00000        0.00000
wrapping first mol.:      -75.64308        0.00000        0.00000
wrapping first mol.:      -75.64308        0.00000        0.00000

 NSTEP =  1475000   TIME(PS) =    4650.000  TEMP(K) =   301.72  PRESS =     0.0
 Etot   =   -116941.0487  EKtot   =     20624.6523  EPtot      =   -137565.7010
 BOND   =       541.2613  ANGLE   =      1533.2232  DIHED      =       997.7280
 UB     =         0.0000  IMP     =         0.0000  CMAP       =       141.6276
 1-4 NB =       632.4358  1-4 EEL =      5780.6728  VDWAALS    =     16446.0474
 EELEC  =   -163638.6971  EHBOND  =         0.0000  RESTRAINT  =         0.0000
 EKCMT  =         0.0000  VIRIAL  =         0.0000  VOLUME     =    333185.2209
                                                    Density    =         1.0335
 ------------------------------------------------------------------------------

wrapping first mol.:      -75.62053        0.00000        0.00000
wrapping first mol.:      -75.62053        0.00000        0.00000
wrapping first mol.:      -75.78448        0.00000        0.00000
wrapping first mol.:      -75.78448        0.00000        0.00000
wrapping first mol.:      -75.64558        0.00000        0.00000
wrapping first mol.:      -75.64558        0.00000        0.00000
wrapping first mol.:      -75.70265        0.00000        0.00000
wrapping first mol.:      -75.70265        0.00000        0.00000
wrapping first mol.:      -75.75499        0.00000        0.00000
wrapping first mol.:      -75.75499        0.00000        0.00000

 NSTEP =  1500000   TIME(PS) =    4700.000  TEMP(K) =   302.49  PRESS =     0.0
 Etot   =   -117120.1081  EKtot   =     20676.9141  EPtot      =   -137797.0222
 BOND   =       531.9625  ANGLE   =      1499.3702  DIHED      =      1000.7309
 UB     =         0.0000  IMP     =         0.0000  CMAP       =       134.8941
 1-4 NB =       652.8147  1-4 EEL =      5794.4406  VDWAALS    =     16416.7167
 EELEC  =   -163827.9518  EHBOND  =         0.0000  RESTRAINT  =         0.0000
 EKCMT  =         0.0000  VIRIAL  =         0.0000  VOLUME     =    334666.1942
                                                    Density    =         1.0289
 ------------------------------------------------------------------------------

wrapping first mol.:      -75.69993        0.00000        0.00000
wrapping first mol.:      -75.69993        0.00000        0.00000
wrapping first mol.:      -75.68430        0.00000        0.00000
wrapping first mol.:      -75.68430        0.00000        0.00000
wrapping first mol.:      -75.69808        0.00000        0.00000
wrapping first mol.:      -75.69808        0.00000        0.00000
wrapping first mol.:      -75.59388        0.00000        0.00000
wrapping first mol.:      -75.59388        0.00000        0.00000
wrapping first mol.:      -75.68883        0.00000        0.00000
wrapping first mol.:      -75.68883        0.00000        0.00000

 NSTEP =  1525000   TIME(PS) =    4750.000  TEMP(K) =   300.95  PRESS =     0.0
 Etot   =   -117371.2516  EKtot   =     20571.6172  EPtot      =   -137942.8688
 BOND   =       567.9699  ANGLE   =      1503.2617  DIHED      =      1004.8378
 UB     =         0.0000  IMP     =         0.0000  CMAP       =       134.2538
 1-4 NB =       646.9372  1-4 EEL =      5796.1553  VDWAALS    =     16798.2348
 EELEC  =   -164394.5193  EHBOND  =         0.0000  RESTRAINT  =         0.0000
 EKCMT  =         0.0000  VIRIAL  =         0.0000  VOLUME     =    333790.1733
                                                    Density    =         1.0316
 ------------------------------------------------------------------------------

wrapping first mol.:      -75.67930        0.00000        0.00000
wrapping first mol.:      -75.67930        0.00000        0.00000
wrapping first mol.:      -75.63917        0.00000        0.00000
wrapping first mol.:      -75.63917        0.00000        0.00000
wrapping first mol.:      -75.66314        0.00000        0.00000
wrapping first mol.:      -75.66314        0.00000        0.00000
wrapping first mol.:      -75.65445        0.00000        0.00000
wrapping first mol.:      -75.65445        0.00000        0.00000

 NSTEP =  1550000   TIME(PS) =    4800.000  TEMP(K) =   301.59  PRESS =     0.0
 Etot   =   -116947.0103  EKtot   =     20615.3848  EPtot      =   -137562.3951
 BOND   =       584.1401  ANGLE   =      1555.0392  DIHED      =       985.3186
 UB     =         0.0000  IMP     =         0.0000  CMAP       =       140.4078
 1-4 NB =       632.5601  1-4 EEL =      5760.3558  VDWAALS    =     16376.8749
 EELEC  =   -163597.0917  EHBOND  =         0.0000  RESTRAINT  =         0.0000
 EKCMT  =         0.0000  VIRIAL  =         0.0000  VOLUME     =    333335.4457
                                                    Density    =         1.0330
 ------------------------------------------------------------------------------

wrapping first mol.:      -75.64083        0.00000        0.00000
wrapping first mol.:      -75.64083        0.00000        0.00000
wrapping first mol.:      -75.61276        0.00000        0.00000
wrapping first mol.:      -75.61276        0.00000        0.00000

 NSTEP =  1575000   TIME(PS) =    4850.000  TEMP(K) =   299.03  PRESS =     0.0
 Etot   =   -117328.0342  EKtot   =     20440.5391  EPtot      =   -137768.5733
 BOND   =       528.1929  ANGLE   =      1522.5398  DIHED      =       999.4634
 UB     =         0.0000  IMP     =         0.0000  CMAP       =       147.3644
 1-4 NB =       630.3198  1-4 EEL =      5747.2861  VDWAALS    =     16262.4121
 EELEC  =   -163606.1518  EHBOND  =         0.0000  RESTRAINT  =         0.0000
 EKCMT  =         0.0000  VIRIAL  =         0.0000  VOLUME     =    332784.6892
                                                    Density    =         1.0348
 ------------------------------------------------------------------------------

wrapping first mol.:      -75.62310        0.00000        0.00000
wrapping first mol.:      -75.62310        0.00000        0.00000
wrapping first mol.:      -75.66361        0.00000        0.00000
wrapping first mol.:      -75.66361        0.00000        0.00000
wrapping first mol.:      -75.71494        0.00000        0.00000
wrapping first mol.:      -75.71494        0.00000        0.00000

 NSTEP =  1600000   TIME(PS) =    4900.000  TEMP(K) =   301.07  PRESS =     0.0
 Etot   =   -117029.1647  EKtot   =     20580.1992  EPtot      =   -137609.3639
 BOND   =       534.3996  ANGLE   =      1520.9987  DIHED      =       987.8127
 UB     =         0.0000  IMP     =         0.0000  CMAP       =       146.6628
 1-4 NB =       632.1305  1-4 EEL =      5764.4671  VDWAALS    =     16725.2854
 EELEC  =   -163921.1207  EHBOND  =         0.0000  RESTRAINT  =         0.0000
 EKCMT  =         0.0000  VIRIAL  =         0.0000  VOLUME     =    334137.6383
                                                    Density    =         1.0306
 ------------------------------------------------------------------------------

wrapping first mol.:      -75.62175        0.00000        0.00000
wrapping first mol.:      -75.62175        0.00000        0.00000
wrapping first mol.:      -75.64534        0.00000        0.00000
wrapping first mol.:      -75.64534        0.00000        0.00000

 NSTEP =  1625000   TIME(PS) =    4950.000  TEMP(K) =   300.84  PRESS =     0.0
 Etot   =   -117461.3182  EKtot   =     20564.3574  EPtot      =   -138025.6756
 BOND   =       522.1628  ANGLE   =      1514.1908  DIHED      =       972.6273
 UB     =         0.0000  IMP     =         0.0000  CMAP       =       134.5552
 1-4 NB =       623.8833  1-4 EEL =      5728.4419  VDWAALS    =     16528.8373
 EELEC  =   -164050.3742  EHBOND  =         0.0000  RESTRAINT  =         0.0000
 EKCMT  =         0.0000  VIRIAL  =         0.0000  VOLUME     =    333824.4076
                                                    Density    =         1.0315
 ------------------------------------------------------------------------------


 NSTEP =  1650000   TIME(PS) =    5000.000  TEMP(K) =   299.65  PRESS =     0.0
 Etot   =   -116964.9466  EKtot   =     20482.7461  EPtot      =   -137447.6927
 BOND   =       560.1583  ANGLE   =      1543.8373  DIHED      =       990.5163
 UB     =         0.0000  IMP     =         0.0000  CMAP       =       134.9767
 1-4 NB =       636.4652  1-4 EEL =      5783.0426  VDWAALS    =     16162.2049
 EELEC  =   -163258.8942  EHBOND  =         0.0000  RESTRAINT  =         0.0000
 EKCMT  =         0.0000  VIRIAL  =         0.0000  VOLUME     =    333304.5432
                                                    Density    =         1.0331
 ------------------------------------------------------------------------------


 NSTEP =  1675000   TIME(PS) =    5050.000  TEMP(K) =   299.47  PRESS =     0.0
 Etot   =   -116964.2509  EKtot   =     20470.5840  EPtot      =   -137434.8349
 BOND   =       596.4697  ANGLE   =      1509.6408  DIHED      =       983.3316
 UB     =         0.0000  IMP     =         0.0000  CMAP       =       144.9498
 1-4 NB =       632.3861  1-4 EEL =      5775.0994  VDWAALS    =     16652.2848
 EELEC  =   -163728.9971  EHBOND  =         0.0000  RESTRAINT  =         0.0000
 EKCMT  =         0.0000  VIRIAL  =         0.0000  VOLUME     =    333550.5855
                                                    Density    =         1.0324
 ------------------------------------------------------------------------------


 NSTEP =  1700000   TIME(PS) =    5100.000  TEMP(K) =   297.30  PRESS =     0.0
 Etot   =   -117238.6965  EKtot   =     20322.7031  EPtot      =   -137561.3996
 BOND   =       543.9831  ANGLE   =      1520.7191  DIHED      =       940.5479
 UB     =         0.0000  IMP     =         0.0000  CMAP       =       148.2971
 1-4 NB =       635.7070  1-4 EEL =      5811.2169  VDWAALS    =     16733.4105
 EELEC  =   -163895.2814  EHBOND  =         0.0000  RESTRAINT  =         0.0000
 EKCMT  =         0.0000  VIRIAL  =         0.0000  VOLUME     =    333518.3919
                                                    Density    =         1.0325
 ------------------------------------------------------------------------------


 NSTEP =  1725000   TIME(PS) =    5150.000  TEMP(K) =   300.64  PRESS =     0.0
 Etot   =   -116967.0819  EKtot   =     20550.4609  EPtot      =   -137517.5428
 BOND   =       539.0650  ANGLE   =      1521.8225  DIHED      =      1002.2946
 UB     =         0.0000  IMP     =         0.0000  CMAP       =       136.8445
 1-4 NB =       641.1264  1-4 EEL =      5792.6163  VDWAALS    =     16308.6487
 EELEC  =   -163459.9609  EHBOND  =         0.0000  RESTRAINT  =         0.0000
 EKCMT  =         0.0000  VIRIAL  =         0.0000  VOLUME     =    334308.9921
                                                    Density    =         1.0300
 ------------------------------------------------------------------------------

wrapping first mol.:      -75.64292        0.00000        0.00000
wrapping first mol.:      -75.64292        0.00000        0.00000
wrapping first mol.:      -75.69894        0.00000        0.00000
wrapping first mol.:      -75.69894        0.00000        0.00000
wrapping first mol.:      -75.72757        0.00000        0.00000
wrapping first mol.:      -75.72757        0.00000        0.00000

 NSTEP =  1750000   TIME(PS) =    5200.000  TEMP(K) =   299.47  PRESS =     0.0
 Etot   =   -117078.4980  EKtot   =     20470.5742  EPtot      =   -137549.0722
 BOND   =       570.5648  ANGLE   =      1562.3664  DIHED      =       972.4104
 UB     =         0.0000  IMP     =         0.0000  CMAP       =       140.6294
 1-4 NB =       620.0285  1-4 EEL =      5748.2389  VDWAALS    =     16464.3907
 EELEC  =   -163627.7014  EHBOND  =         0.0000  RESTRAINT  =         0.0000
 EKCMT  =         0.0000  VIRIAL  =         0.0000  VOLUME     =    334303.0058
                                                    Density    =         1.0301
 ------------------------------------------------------------------------------

wrapping first mol.:      -75.75925        0.00000        0.00000
wrapping first mol.:      -75.75925        0.00000        0.00000
wrapping first mol.:      -75.67964        0.00000        0.00000
wrapping first mol.:      -75.67964        0.00000        0.00000
wrapping first mol.:      -75.71475        0.00000        0.00000
wrapping first mol.:      -75.71475        0.00000        0.00000

 NSTEP =  1775000   TIME(PS) =    5250.000  TEMP(K) =   298.57  PRESS =     0.0
 Etot   =   -117246.2522  EKtot   =     20409.4453  EPtot      =   -137655.6975
 BOND   =       539.1447  ANGLE   =      1554.9114  DIHED      =       975.7529
 UB     =         0.0000  IMP     =         0.0000  CMAP       =       139.5468
 1-4 NB =       620.0696  1-4 EEL =      5705.9157  VDWAALS    =     16390.2839
 EELEC  =   -163581.3226  EHBOND  =         0.0000  RESTRAINT  =         0.0000
 EKCMT  =         0.0000  VIRIAL  =         0.0000  VOLUME     =    332935.9771
                                                    Density    =         1.0343
 ------------------------------------------------------------------------------

wrapping first mol.:      -75.64954        0.00000        0.00000
wrapping first mol.:      -75.64954        0.00000        0.00000

 NSTEP =  1800000   TIME(PS) =    5300.000  TEMP(K) =   301.20  PRESS =     0.0
 Etot   =   -117064.6444  EKtot   =     20588.8340  EPtot      =   -137653.4784
 BOND   =       601.5346  ANGLE   =      1541.5272  DIHED      =       990.7397
 UB     =         0.0000  IMP     =         0.0000  CMAP       =       140.1393
 1-4 NB =       630.4257  1-4 EEL =      5708.4017  VDWAALS    =     16868.9027
 EELEC  =   -164135.1492  EHBOND  =         0.0000  RESTRAINT  =         0.0000
 EKCMT  =         0.0000  VIRIAL  =         0.0000  VOLUME     =    333270.6033
                                                    Density    =         1.0332
 ------------------------------------------------------------------------------


 NSTEP =  1825000   TIME(PS) =    5350.000  TEMP(K) =   298.62  PRESS =     0.0
 Etot   =   -117055.9989  EKtot   =     20412.2988  EPtot      =   -137468.2978
 BOND   =       570.4124  ANGLE   =      1520.0904  DIHED      =       966.4200
 UB     =         0.0000  IMP     =         0.0000  CMAP       =       143.0444
 1-4 NB =       647.0260  1-4 EEL =      5774.1324  VDWAALS    =     16148.0547
 EELEC  =   -163237.4782  EHBOND  =         0.0000  RESTRAINT  =         0.0000
 EKCMT  =         0.0000  VIRIAL  =         0.0000  VOLUME     =    332570.8347
                                                    Density    =         1.0354
 ------------------------------------------------------------------------------


 NSTEP =  1850000   TIME(PS) =    5400.000  TEMP(K) =   297.80  PRESS =     0.0
 Etot   =   -117333.9733  EKtot   =     20356.7773  EPtot      =   -137690.7506
 BOND   =       520.4958  ANGLE   =      1550.6212  DIHED      =       979.3917
 UB     =         0.0000  IMP     =         0.0000  CMAP       =       154.6891
 1-4 NB =       636.2861  1-4 EEL =      5802.0003  VDWAALS    =     16231.9849
 EELEC  =   -163566.2197  EHBOND  =         0.0000  RESTRAINT  =         0.0000
 EKCMT  =         0.0000  VIRIAL  =         0.0000  VOLUME     =    334605.6463
                                                    Density    =         1.0291
 ------------------------------------------------------------------------------


 NSTEP =  1875000   TIME(PS) =    5450.000  TEMP(K) =   302.63  PRESS =     0.0
 Etot   =   -116976.9667  EKtot   =     20686.8926  EPtot      =   -137663.8593
 BOND   =       598.8884  ANGLE   =      1517.1812  DIHED      =       978.4942
 UB     =         0.0000  IMP     =         0.0000  CMAP       =       129.0925
 1-4 NB =       632.4158  1-4 EEL =      5767.3412  VDWAALS    =     16323.7614
 EELEC  =   -163611.0339  EHBOND  =         0.0000  RESTRAINT  =         0.0000
 EKCMT  =         0.0000  VIRIAL  =         0.0000  VOLUME     =    332204.5422
                                                    Density    =         1.0366
 ------------------------------------------------------------------------------

wrapping first mol.:      -75.69085        0.00000        0.00000
wrapping first mol.:      -75.69085        0.00000        0.00000
wrapping first mol.:      -75.69808        0.00000        0.00000
wrapping first mol.:      -75.69808        0.00000        0.00000
wrapping first mol.:      -75.71579        0.00000        0.00000
wrapping first mol.:      -75.71579        0.00000        0.00000

 NSTEP =  1900000   TIME(PS) =    5500.000  TEMP(K) =   296.31  PRESS =     0.0
 Etot   =   -117353.2794  EKtot   =     20254.8750  EPtot      =   -137608.1544
 BOND   =       552.7045  ANGLE   =      1547.2905  DIHED      =       979.2222
 UB     =         0.0000  IMP     =         0.0000  CMAP       =       143.6957
 1-4 NB =       639.4692  1-4 EEL =      5722.1914  VDWAALS    =     16475.9349
 EELEC  =   -163668.6628  EHBOND  =         0.0000  RESTRAINT  =         0.0000
 EKCMT  =         0.0000  VIRIAL  =         0.0000  VOLUME     =    334146.9801
                                                    Density    =         1.0305
 ------------------------------------------------------------------------------

wrapping first mol.:      -75.81715        0.00000        0.00000
wrapping first mol.:      -75.81715        0.00000        0.00000
wrapping first mol.:      -75.70555        0.00000        0.00000
wrapping first mol.:      -75.70555        0.00000        0.00000
wrapping first mol.:      -75.66261        0.00000        0.00000
wrapping first mol.:      -75.66261        0.00000        0.00000
wrapping first mol.:      -75.66240        0.00000        0.00000
wrapping first mol.:      -75.66240        0.00000        0.00000
wrapping first mol.:      -75.57763        0.00000        0.00000
wrapping first mol.:      -75.57763        0.00000        0.00000

 NSTEP =  1925000   TIME(PS) =    5550.000  TEMP(K) =   299.57  PRESS =     0.0
 Etot   =   -117161.8514  EKtot   =     20477.3848  EPtot      =   -137639.2362
 BOND   =       571.5288  ANGLE   =      1525.6656  DIHED      =       977.7552
 UB     =         0.0000  IMP     =         0.0000  CMAP       =       136.7220
 1-4 NB =       638.4470  1-4 EEL =      5756.7382  VDWAALS    =     16543.3392
 EELEC  =   -163789.4321  EHBOND  =         0.0000  RESTRAINT  =         0.0000
 EKCMT  =         0.0000  VIRIAL  =         0.0000  VOLUME     =    332321.1349
                                                    Density    =         1.0362
 ------------------------------------------------------------------------------

wrapping first mol.:      -75.57456        0.00000        0.00000
wrapping first mol.:      -75.57456        0.00000        0.00000
wrapping first mol.:      -75.75454        0.00000        0.00000
wrapping first mol.:      -75.75454        0.00000        0.00000
wrapping first mol.:      -75.68371        0.00000        0.00000
wrapping first mol.:      -75.68371        0.00000        0.00000

 NSTEP =  1950000   TIME(PS) =    5600.000  TEMP(K) =   300.54  PRESS =     0.0
 Etot   =   -117244.9016  EKtot   =     20543.6309  EPtot      =   -137788.5324
 BOND   =       549.4161  ANGLE   =      1597.5782  DIHED      =       979.6774
 UB     =         0.0000  IMP     =         0.0000  CMAP       =       153.4331
 1-4 NB =       611.1669  1-4 EEL =      5705.1198  VDWAALS    =     16380.3639
 EELEC  =   -163765.2878  EHBOND  =         0.0000  RESTRAINT  =         0.0000
 EKCMT  =         0.0000  VIRIAL  =         0.0000  VOLUME     =    333461.7747
                                                    Density    =         1.0327
 ------------------------------------------------------------------------------


 NSTEP =  1975000   TIME(PS) =    5650.000  TEMP(K) =   299.54  PRESS =     0.0
 Etot   =   -117568.7155  EKtot   =     20475.1582  EPtot      =   -138043.8737
 BOND   =       583.2267  ANGLE   =      1536.6291  DIHED      =       959.5479
 UB     =         0.0000  IMP     =         0.0000  CMAP       =       145.6461
 1-4 NB =       645.7741  1-4 EEL =      5817.7766  VDWAALS    =     16661.7374
 EELEC  =   -164394.2115  EHBOND  =         0.0000  RESTRAINT  =         0.0000
 EKCMT  =         0.0000  VIRIAL  =         0.0000  VOLUME     =    333066.9879
                                                    Density    =         1.0339
 ------------------------------------------------------------------------------


 NSTEP =  2000000   TIME(PS) =    5700.000  TEMP(K) =   301.10  PRESS =     0.0
 Etot   =   -116992.6137  EKtot   =     20581.9863  EPtot      =   -137574.6000
 BOND   =       619.2009  ANGLE   =      1549.6560  DIHED      =       963.2058
 UB     =         0.0000  IMP     =         0.0000  CMAP       =       135.6751
 1-4 NB =       635.7040  1-4 EEL =      5768.8098  VDWAALS    =     16020.7394
 EELEC  =   -163267.5911  EHBOND  =         0.0000  RESTRAINT  =         0.0000
 EKCMT  =         0.0000  VIRIAL  =         0.0000  VOLUME     =    333521.7523
                                                    Density    =         1.0325
 ------------------------------------------------------------------------------


 NSTEP =  2025000   TIME(PS) =    5750.000  TEMP(K) =   303.26  PRESS =     0.0
 Etot   =   -116872.3421  EKtot   =     20729.6348  EPtot      =   -137601.9769
 BOND   =       531.0549  ANGLE   =      1550.5745  DIHED      =       984.4453
 UB     =         0.0000  IMP     =         0.0000  CMAP       =       150.5377
 1-4 NB =       629.6582  1-4 EEL =      5819.6577  VDWAALS    =     16329.1033
 EELEC  =   -163597.0085  EHBOND  =         0.0000  RESTRAINT  =         0.0000
 EKCMT  =         0.0000  VIRIAL  =         0.0000  VOLUME     =    334337.9967
                                                    Density    =         1.0299
 ------------------------------------------------------------------------------


 NSTEP =  2050000   TIME(PS) =    5800.000  TEMP(K) =   297.68  PRESS =     0.0
 Etot   =   -117056.6358  EKtot   =     20348.2246  EPtot      =   -137404.8604
 BOND   =       581.6122  ANGLE   =      1507.0610  DIHED      =       972.2121
 UB     =         0.0000  IMP     =         0.0000  CMAP       =       142.2335
 1-4 NB =       632.3776  1-4 EEL =      5813.6418  VDWAALS    =     16347.3799
 EELEC  =   -163401.3784  EHBOND  =         0.0000  RESTRAINT  =         0.0000
 EKCMT  =         0.0000  VIRIAL  =         0.0000  VOLUME     =    335168.5493
                                                    Density    =         1.0274
 ------------------------------------------------------------------------------


 NSTEP =  2075000   TIME(PS) =    5850.000  TEMP(K) =   299.15  PRESS =     0.0
 Etot   =   -117389.4517  EKtot   =     20448.7832  EPtot      =   -137838.2349
 BOND   =       531.0199  ANGLE   =      1484.7870  DIHED      =       955.4201
 UB     =         0.0000  IMP     =         0.0000  CMAP       =       152.1160
 1-4 NB =       627.3502  1-4 EEL =      5756.4804  VDWAALS    =     16579.1041
 EELEC  =   -163924.5126  EHBOND  =         0.0000  RESTRAINT  =         0.0000
 EKCMT  =         0.0000  VIRIAL  =         0.0000  VOLUME     =    334203.3356
                                                    Density    =         1.0304
 ------------------------------------------------------------------------------


 NSTEP =  2100000   TIME(PS) =    5900.000  TEMP(K) =   300.13  PRESS =     0.0
 Etot   =   -117178.7619  EKtot   =     20515.4844  EPtot      =   -137694.2463
 BOND   =       547.0766  ANGLE   =      1502.2825  DIHED      =       962.6425
 UB     =         0.0000  IMP     =         0.0000  CMAP       =       146.2052
 1-4 NB =       638.2932  1-4 EEL =      5793.9261  VDWAALS    =     16404.6914
 EELEC  =   -163689.3638  EHBOND  =         0.0000  RESTRAINT  =         0.0000
 EKCMT  =         0.0000  VIRIAL  =         0.0000  VOLUME     =    334607.4707
                                                    Density    =         1.0291
 ------------------------------------------------------------------------------

wrapping first mol.:      -75.72899        0.00000        0.00000
wrapping first mol.:      -75.72899        0.00000        0.00000
wrapping first mol.:      -75.74492        0.00000        0.00000
wrapping first mol.:      -75.74492        0.00000        0.00000

 NSTEP =  2125000   TIME(PS) =    5950.000  TEMP(K) =   299.63  PRESS =     0.0
 Etot   =   -117181.4105  EKtot   =     20481.9727  EPtot      =   -137663.3832
 BOND   =       566.6667  ANGLE   =      1497.5984  DIHED      =      1001.6028
 UB     =         0.0000  IMP     =         0.0000  CMAP       =       151.1004
 1-4 NB =       641.2564  1-4 EEL =      5841.0188  VDWAALS    =     16339.7958
 EELEC  =   -163702.4225  EHBOND  =         0.0000  RESTRAINT  =         0.0000
 EKCMT  =         0.0000  VIRIAL  =         0.0000  VOLUME     =    334532.8319
                                                    Density    =         1.0293
 ------------------------------------------------------------------------------

wrapping first mol.:      -75.71436        0.00000        0.00000
wrapping first mol.:      -75.71436        0.00000        0.00000
wrapping first mol.:      -75.70879        0.00000        0.00000
wrapping first mol.:      -75.70879        0.00000        0.00000

 NSTEP =  2150000   TIME(PS) =    6000.000  TEMP(K) =   301.89  PRESS =     0.0
 Etot   =   -117382.4775  EKtot   =     20636.0215  EPtot      =   -138018.4990
 BOND   =       587.5564  ANGLE   =      1542.5366  DIHED      =       953.3789
 UB     =         0.0000  IMP     =         0.0000  CMAP       =       140.1848
 1-4 NB =       627.5671  1-4 EEL =      5773.1744  VDWAALS    =     16492.3827
 EELEC  =   -164135.2797  EHBOND  =         0.0000  RESTRAINT  =         0.0000
 EKCMT  =         0.0000  VIRIAL  =         0.0000  VOLUME     =    333380.6907
                                                    Density    =         1.0329
 ------------------------------------------------------------------------------


 NSTEP =  2175000   TIME(PS) =    6050.000  TEMP(K) =   300.16  PRESS =     0.0
 Etot   =   -116980.7615  EKtot   =     20518.0723  EPtot      =   -137498.8338
 BOND   =       548.7842  ANGLE   =      1528.7725  DIHED      =       978.0343
 UB     =         0.0000  IMP     =         0.0000  CMAP       =       142.3167
 1-4 NB =       635.7957  1-4 EEL =      5821.1514  VDWAALS    =     16228.7775
 EELEC  =   -163382.4661  EHBOND  =         0.0000  RESTRAINT  =         0.0000
 EKCMT  =         0.0000  VIRIAL  =         0.0000  VOLUME     =    334914.8578
                                                    Density    =         1.0282
 ------------------------------------------------------------------------------


 NSTEP =  2200000   TIME(PS) =    6100.000  TEMP(K) =   298.07  PRESS =     0.0
 Etot   =   -117095.8382  EKtot   =     20375.3223  EPtot      =   -137471.1604
 BOND   =       571.3850  ANGLE   =      1513.7378  DIHED      =       989.8661
 UB     =         0.0000  IMP     =         0.0000  CMAP       =       137.9190
 1-4 NB =       654.0437  1-4 EEL =      5791.8520  VDWAALS    =     16644.9476
 EELEC  =   -163774.9116  EHBOND  =         0.0000  RESTRAINT  =         0.0000
 EKCMT  =         0.0000  VIRIAL  =         0.0000  VOLUME     =    334343.3835
                                                    Density    =         1.0299
 ------------------------------------------------------------------------------


 NSTEP =  2225000   TIME(PS) =    6150.000  TEMP(K) =   301.82  PRESS =     0.0
 Etot   =   -117256.6003  EKtot   =     20631.0938  EPtot      =   -137887.6941
 BOND   =       565.6079  ANGLE   =      1512.6586  DIHED      =       992.8915
 UB     =         0.0000  IMP     =         0.0000  CMAP       =       130.7304
 1-4 NB =       638.9895  1-4 EEL =      5792.8171  VDWAALS    =     16546.9641
 EELEC  =   -164068.3533  EHBOND  =         0.0000  RESTRAINT  =         0.0000
 EKCMT  =         0.0000  VIRIAL  =         0.0000  VOLUME     =    333773.2444
                                                    Density    =         1.0317
 ------------------------------------------------------------------------------


 NSTEP =  2250000   TIME(PS) =    6200.000  TEMP(K) =   299.17  PRESS =     0.0
 Etot   =   -117336.1185  EKtot   =     20450.3496  EPtot      =   -137786.4681
 BOND   =       545.9781  ANGLE   =      1531.9382  DIHED      =       958.6056
 UB     =         0.0000  IMP     =         0.0000  CMAP       =       143.4697
 1-4 NB =       638.9950  1-4 EEL =      5806.9043  VDWAALS    =     15978.1718
 EELEC  =   -163390.5308  EHBOND  =         0.0000  RESTRAINT  =         0.0000
 EKCMT  =         0.0000  VIRIAL  =         0.0000  VOLUME     =    331613.9642
                                                    Density    =         1.0384
 ------------------------------------------------------------------------------


 NSTEP =  2275000   TIME(PS) =    6250.000  TEMP(K) =   301.40  PRESS =     0.0
 Etot   =   -116649.4323  EKtot   =     20602.9160  EPtot      =   -137252.3483
 BOND   =       540.9910  ANGLE   =      1503.0342  DIHED      =      1007.6213
 UB     =         0.0000  IMP     =         0.0000  CMAP       =       139.2535
 1-4 NB =       649.4933  1-4 EEL =      5813.3263  VDWAALS    =     16208.0802
 EELEC  =   -163114.1481  EHBOND  =         0.0000  RESTRAINT  =         0.0000
 EKCMT  =         0.0000  VIRIAL  =         0.0000  VOLUME     =    333064.1513
                                                    Density    =         1.0339
 ------------------------------------------------------------------------------


 NSTEP =  2300000   TIME(PS) =    6300.000  TEMP(K) =   299.50  PRESS =     0.0
 Etot   =   -117194.4273  EKtot   =     20472.7559  EPtot      =   -137667.1831
 BOND   =       534.1072  ANGLE   =      1488.3941  DIHED      =       996.5768
 UB     =         0.0000  IMP     =         0.0000  CMAP       =       139.6625
 1-4 NB =       659.7113  1-4 EEL =      5830.5345  VDWAALS    =     16616.0940
 EELEC  =   -163932.2634  EHBOND  =         0.0000  RESTRAINT  =         0.0000
 EKCMT  =         0.0000  VIRIAL  =         0.0000  VOLUME     =    332923.2754
                                                    Density    =         1.0343
 ------------------------------------------------------------------------------


 NSTEP =  2325000   TIME(PS) =    6350.000  TEMP(K) =   300.38  PRESS =     0.0
 Etot   =   -117404.6347  EKtot   =     20532.6660  EPtot      =   -137937.3007
 BOND   =       555.4604  ANGLE   =      1555.2525  DIHED      =       981.7416
 UB     =         0.0000  IMP     =         0.0000  CMAP       =       139.5799
 1-4 NB =       632.9082  1-4 EEL =      5808.1772  VDWAALS    =     16583.5193
 EELEC  =   -164193.9398  EHBOND  =         0.0000  RESTRAINT  =         0.0000
 EKCMT  =         0.0000  VIRIAL  =         0.0000  VOLUME     =    333438.7564
                                                    Density    =         1.0327
 ------------------------------------------------------------------------------


 NSTEP =  2350000   TIME(PS) =    6400.000  TEMP(K) =   300.96  PRESS =     0.0
 Etot   =   -116925.4524  EKtot   =     20572.6504  EPtot      =   -137498.1028
 BOND   =       585.2723  ANGLE   =      1538.0746  DIHED      =       989.8172
 UB     =         0.0000  IMP     =         0.0000  CMAP       =       152.9783
 1-4 NB =       640.6117  1-4 EEL =      5782.0942  VDWAALS    =     16349.8110
 EELEC  =   -163536.7620  EHBOND  =         0.0000  RESTRAINT  =         0.0000
 EKCMT  =         0.0000  VIRIAL  =         0.0000  VOLUME     =    334590.2121
                                                    Density    =         1.0292
 ------------------------------------------------------------------------------


 NSTEP =  2375000   TIME(PS) =    6450.000  TEMP(K) =   298.69  PRESS =     0.0
 Etot   =   -117352.5615  EKtot   =     20417.4219  EPtot      =   -137769.9834
 BOND   =       548.2140  ANGLE   =      1559.5988  DIHED      =       992.9461
 UB     =         0.0000  IMP     =         0.0000  CMAP       =       141.3612
 1-4 NB =       652.9457  1-4 EEL =      5814.1903  VDWAALS    =     16577.2996
 EELEC  =   -164056.5389  EHBOND  =         0.0000  RESTRAINT  =         0.0000
 EKCMT  =         0.0000  VIRIAL  =         0.0000  VOLUME     =    333328.1393
                                                    Density    =         1.0331
 ------------------------------------------------------------------------------


 NSTEP =  2400000   TIME(PS) =    6500.000  TEMP(K) =   300.19  PRESS =     0.0
 Etot   =   -116853.9862  EKtot   =     20519.9355  EPtot      =   -137373.9217
 BOND   =       586.7064  ANGLE   =      1508.5857  DIHED      =       993.1796
 UB     =         0.0000  IMP     =         0.0000  CMAP       =       137.7010
 1-4 NB =       635.9511  1-4 EEL =      5844.8470  VDWAALS    =     16494.7752
 EELEC  =   -163575.6677  EHBOND  =         0.0000  RESTRAINT  =         0.0000
 EKCMT  =         0.0000  VIRIAL  =         0.0000  VOLUME     =    334947.2278
                                                    Density    =         1.0281
 ------------------------------------------------------------------------------


 NSTEP =  2425000   TIME(PS) =    6550.000  TEMP(K) =   301.33  PRESS =     0.0
 Etot   =   -116949.2222  EKtot   =     20597.8672  EPtot      =   -137547.0894
 BOND   =       535.1819  ANGLE   =      1529.7502  DIHED      =      1002.3485
 UB     =         0.0000  IMP     =         0.0000  CMAP       =       147.5567
 1-4 NB =       639.0516  1-4 EEL =      5769.0580  VDWAALS    =     16536.1405
 EELEC  =   -163706.1767  EHBOND  =         0.0000  RESTRAINT  =         0.0000
 EKCMT  =         0.0000  VIRIAL  =         0.0000  VOLUME     =    333540.5018
                                                    Density    =         1.0324
 ------------------------------------------------------------------------------


 NSTEP =  2450000   TIME(PS) =    6600.000  TEMP(K) =   300.36  PRESS =     0.0
 Etot   =   -116985.1313  EKtot   =     20531.6250  EPtot      =   -137516.7563
 BOND   =       545.1842  ANGLE   =      1485.9664  DIHED      =       992.4712
 UB     =         0.0000  IMP     =         0.0000  CMAP       =       141.5752
 1-4 NB =       652.0013  1-4 EEL =      5880.2279  VDWAALS    =     16164.0215
 EELEC  =   -163378.2041  EHBOND  =         0.0000  RESTRAINT  =         0.0000
 EKCMT  =         0.0000  VIRIAL  =         0.0000  VOLUME     =    333202.1576
                                                    Density    =         1.0335
 ------------------------------------------------------------------------------

wrapping first mol.:      -75.70921        0.00000        0.00000
wrapping first mol.:      -75.70921        0.00000        0.00000
wrapping first mol.:      -75.69709        0.00000        0.00000
wrapping first mol.:      -75.69709        0.00000        0.00000
wrapping first mol.:      -75.71327        0.00000        0.00000
wrapping first mol.:      -75.71327        0.00000        0.00000

 NSTEP =  2475000   TIME(PS) =    6650.000  TEMP(K) =   297.54  PRESS =     0.0
 Etot   =   -117253.5232  EKtot   =     20339.0332  EPtot      =   -137592.5564
 BOND   =       553.9841  ANGLE   =      1588.9965  DIHED      =       969.6076
 UB     =         0.0000  IMP     =         0.0000  CMAP       =       147.0866
 1-4 NB =       621.4817  1-4 EEL =      5855.6160  VDWAALS    =     16365.2770
 EELEC  =   -163694.6059  EHBOND  =         0.0000  RESTRAINT  =         0.0000
 EKCMT  =         0.0000  VIRIAL  =         0.0000  VOLUME     =    334113.5534
                                                    Density    =         1.0306
 ------------------------------------------------------------------------------

wrapping first mol.:      -75.74823        0.00000        0.00000
wrapping first mol.:      -75.74823        0.00000        0.00000
wrapping first mol.:      -75.67081        0.00000        0.00000
wrapping first mol.:      -75.67081        0.00000        0.00000
wrapping first mol.:      -75.58480        0.00000        0.00000
wrapping first mol.:      -75.58480        0.00000        0.00000

 NSTEP =  2500000   TIME(PS) =    6700.000  TEMP(K) =   300.14  PRESS =     0.0
 Etot   =   -116965.0202  EKtot   =     20516.3789  EPtot      =   -137481.3991
 BOND   =       564.5338  ANGLE   =      1504.6208  DIHED      =       989.0354
 UB     =         0.0000  IMP     =         0.0000  CMAP       =       129.3908
 1-4 NB =       649.5291  1-4 EEL =      5777.4646  VDWAALS    =     16182.8372
 EELEC  =   -163278.8108  EHBOND  =         0.0000  RESTRAINT  =         0.0000
 EKCMT  =         0.0000  VIRIAL  =         0.0000  VOLUME     =    332415.7059
                                                    Density    =         1.0359
 ------------------------------------------------------------------------------

wrapping first mol.:      -75.61758        0.00000        0.00000
wrapping first mol.:      -75.61758        0.00000        0.00000
wrapping first mol.:      -75.78512        0.00000        0.00000
wrapping first mol.:      -75.78512        0.00000        0.00000
wrapping first mol.:      -75.59932        0.00000        0.00000
wrapping first mol.:      -75.59932        0.00000        0.00000
wrapping first mol.:      -75.69453        0.00000        0.00000
wrapping first mol.:      -75.69453        0.00000        0.00000

 NSTEP =  2525000   TIME(PS) =    6750.000  TEMP(K) =   302.07  PRESS =     0.0
 Etot   =   -117079.7868  EKtot   =     20648.2500  EPtot      =   -137728.0368
 BOND   =       580.0516  ANGLE   =      1468.1654  DIHED      =       992.7875
 UB     =         0.0000  IMP     =         0.0000  CMAP       =       144.4182
 1-4 NB =       617.5908  1-4 EEL =      5797.1793  VDWAALS    =     16212.2666
 EELEC  =   -163540.4961  EHBOND  =         0.0000  RESTRAINT  =         0.0000
 EKCMT  =         0.0000  VIRIAL  =         0.0000  VOLUME     =    334967.6259
                                                    Density    =         1.0280
 ------------------------------------------------------------------------------

wrapping first mol.:      -75.69867        0.00000        0.00000
wrapping first mol.:      -75.69867        0.00000        0.00000
wrapping first mol.:      -75.69984        0.00000        0.00000
wrapping first mol.:      -75.69984        0.00000        0.00000
wrapping first mol.:      -75.65779        0.00000        0.00000
wrapping first mol.:      -75.65779        0.00000        0.00000
wrapping first mol.:      -75.75766        0.00000        0.00000
wrapping first mol.:      -75.75766        0.00000        0.00000

 NSTEP =  2550000   TIME(PS) =    6800.000  TEMP(K) =   303.09  PRESS =     0.0
 Etot   =   -116896.4759  EKtot   =     20718.0781  EPtot      =   -137614.5540
 BOND   =       605.8549  ANGLE   =      1520.5661  DIHED      =       989.9452
 UB     =         0.0000  IMP     =         0.0000  CMAP       =       149.3696
 1-4 NB =       626.5541  1-4 EEL =      5852.9622  VDWAALS    =     16477.2891
 EELEC  =   -163837.0952  EHBOND  =         0.0000  RESTRAINT  =         0.0000
 EKCMT  =         0.0000  VIRIAL  =         0.0000  VOLUME     =    334701.5832
                                                    Density    =         1.0288
 ------------------------------------------------------------------------------

wrapping first mol.:      -75.69312        0.00000        0.00000
wrapping first mol.:      -75.69312        0.00000        0.00000
wrapping first mol.:      -75.67203        0.00000        0.00000
wrapping first mol.:      -75.67203        0.00000        0.00000
wrapping first mol.:      -75.73793        0.00000        0.00000
wrapping first mol.:      -75.73793        0.00000        0.00000
wrapping first mol.:      -75.69942        0.00000        0.00000
wrapping first mol.:      -75.69942        0.00000        0.00000
wrapping first mol.:      -75.70752        0.00000        0.00000
wrapping first mol.:      -75.70752        0.00000        0.00000

 NSTEP =  2575000   TIME(PS) =    6850.000  TEMP(K) =   299.45  PRESS =     0.0
 Etot   =   -117006.7819  EKtot   =     20469.2832  EPtot      =   -137476.0651
 BOND   =       537.9656  ANGLE   =      1588.3552  DIHED      =      1008.8630
 UB     =         0.0000  IMP     =         0.0000  CMAP       =       143.6779
 1-4 NB =       631.0145  1-4 EEL =      5775.8322  VDWAALS    =     16637.1470
 EELEC  =   -163798.9205  EHBOND  =         0.0000  RESTRAINT  =         0.0000
 EKCMT  =         0.0000  VIRIAL  =         0.0000  VOLUME     =    334037.4279
                                                    Density    =         1.0309
 ------------------------------------------------------------------------------

wrapping first mol.:      -75.70997        0.00000        0.00000
wrapping first mol.:      -75.70997        0.00000        0.00000
wrapping first mol.:      -75.64939        0.00000        0.00000
wrapping first mol.:      -75.64939        0.00000        0.00000
wrapping first mol.:      -75.61689        0.00000        0.00000
wrapping first mol.:      -75.61689        0.00000        0.00000
wrapping first mol.:      -75.63258        0.00000        0.00000
wrapping first mol.:      -75.63258        0.00000        0.00000
wrapping first mol.:      -75.71438        0.00000        0.00000
wrapping first mol.:      -75.71438        0.00000        0.00000

 NSTEP =  2600000   TIME(PS) =    6900.000  TEMP(K) =   298.30  PRESS =     0.0
 Etot   =   -117192.1687  EKtot   =     20390.5820  EPtot      =   -137582.7507
 BOND   =       587.7948  ANGLE   =      1512.6998  DIHED      =       976.1100
 UB     =         0.0000  IMP     =         0.0000  CMAP       =       143.0975
 1-4 NB =       633.6096  1-4 EEL =      5820.7022  VDWAALS    =     16380.1824
 EELEC  =   -163636.9471  EHBOND  =         0.0000  RESTRAINT  =         0.0000
 EKCMT  =         0.0000  VIRIAL  =         0.0000  VOLUME     =    334128.2812
                                                    Density    =         1.0306
 ------------------------------------------------------------------------------

wrapping first mol.:      -75.67433        0.00000        0.00000
wrapping first mol.:      -75.67433        0.00000        0.00000
wrapping first mol.:      -75.71677        0.00000        0.00000
wrapping first mol.:      -75.71677        0.00000        0.00000
wrapping first mol.:      -75.74341        0.00000        0.00000
wrapping first mol.:      -75.74341        0.00000        0.00000
wrapping first mol.:      -75.54049        0.00000        0.00000
wrapping first mol.:      -75.54049        0.00000        0.00000

 NSTEP =  2625000   TIME(PS) =    6950.000  TEMP(K) =   299.76  PRESS =     0.0
 Etot   =   -117010.2862  EKtot   =     20490.2148  EPtot      =   -137500.5011
 BOND   =       544.9588  ANGLE   =      1538.9653  DIHED      =       997.1964
 UB     =         0.0000  IMP     =         0.0000  CMAP       =       134.0438
 1-4 NB =       638.6871  1-4 EEL =      5809.7081  VDWAALS    =     16396.6023
 EELEC  =   -163560.6628  EHBOND  =         0.0000  RESTRAINT  =         0.0000
 EKCMT  =         0.0000  VIRIAL  =         0.0000  VOLUME     =    331831.4622
                                                    Density    =         1.0377
 ------------------------------------------------------------------------------

wrapping first mol.:      -75.67680        0.00000        0.00000
wrapping first mol.:      -75.67680        0.00000        0.00000

 NSTEP =  2650000   TIME(PS) =    7000.000  TEMP(K) =   299.58  PRESS =     0.0
 Etot   =   -117126.9355  EKtot   =     20478.3027  EPtot      =   -137605.2382
 BOND   =       575.9263  ANGLE   =      1602.7453  DIHED      =      1003.5939
 UB     =         0.0000  IMP     =         0.0000  CMAP       =       139.4710
 1-4 NB =       623.0908  1-4 EEL =      5791.9490  VDWAALS    =     16327.5876
 EELEC  =   -163669.6022  EHBOND  =         0.0000  RESTRAINT  =         0.0000
 EKCMT  =         0.0000  VIRIAL  =         0.0000  VOLUME     =    333631.0303
                                                    Density    =         1.0321
 ------------------------------------------------------------------------------


 NSTEP =  2675000   TIME(PS) =    7050.000  TEMP(K) =   300.11  PRESS =     0.0
 Etot   =   -117162.2657  EKtot   =     20514.4023  EPtot      =   -137676.6681
 BOND   =       556.7053  ANGLE   =      1560.4889  DIHED      =       988.5460
 UB     =         0.0000  IMP     =         0.0000  CMAP       =       140.4786
 1-4 NB =       643.6833  1-4 EEL =      5885.5427  VDWAALS    =     16371.8204
 EELEC  =   -163823.9332  EHBOND  =         0.0000  RESTRAINT  =         0.0000
 EKCMT  =         0.0000  VIRIAL  =         0.0000  VOLUME     =    333336.0276
                                                    Density    =         1.0330
 ------------------------------------------------------------------------------

wrapping first mol.:      -75.60017        0.00000        0.00000
wrapping first mol.:      -75.60017        0.00000        0.00000
wrapping first mol.:      -75.66034        0.00000        0.00000
wrapping first mol.:      -75.66034        0.00000        0.00000
wrapping first mol.:      -75.69090        0.00000        0.00000
wrapping first mol.:      -75.69090        0.00000        0.00000
wrapping first mol.:      -75.76122        0.00000        0.00000
wrapping first mol.:      -75.76122        0.00000        0.00000

 NSTEP =  2700000   TIME(PS) =    7100.000  TEMP(K) =   298.51  PRESS =     0.0
 Etot   =   -117068.3755  EKtot   =     20405.1602  EPtot      =   -137473.5356
 BOND   =       597.4139  ANGLE   =      1536.9050  DIHED      =       972.8931
 UB     =         0.0000  IMP     =         0.0000  CMAP       =       135.4340
 1-4 NB =       658.1834  1-4 EEL =      5835.7328  VDWAALS    =     16307.0439
 EELEC  =   -163517.1418  EHBOND  =         0.0000  RESTRAINT  =         0.0000
 EKCMT  =         0.0000  VIRIAL  =         0.0000  VOLUME     =    334748.7987
                                                    Density    =         1.0287
 ------------------------------------------------------------------------------

wrapping first mol.:      -75.76619        0.00000        0.00000
wrapping first mol.:      -75.76619        0.00000        0.00000
wrapping first mol.:      -75.66512        0.00000        0.00000
wrapping first mol.:      -75.66512        0.00000        0.00000
wrapping first mol.:      -75.69381        0.00000        0.00000
wrapping first mol.:      -75.69381        0.00000        0.00000
wrapping first mol.:      -75.67189        0.00000        0.00000
wrapping first mol.:      -75.67189        0.00000        0.00000
wrapping first mol.:      -75.71770        0.00000        0.00000
wrapping first mol.:      -75.71770        0.00000        0.00000

 NSTEP =  2725000   TIME(PS) =    7150.000  TEMP(K) =   300.78  PRESS =     0.0
 Etot   =   -117144.0692  EKtot   =     20560.1562  EPtot      =   -137704.2255
 BOND   =       556.2818  ANGLE   =      1542.9250  DIHED      =       986.1015
 UB     =         0.0000  IMP     =         0.0000  CMAP       =       132.4653
 1-4 NB =       639.4935  1-4 EEL =      5889.8290  VDWAALS    =     16435.4418
 EELEC  =   -163886.7635  EHBOND  =         0.0000  RESTRAINT  =         0.0000
 EKCMT  =         0.0000  VIRIAL  =         0.0000  VOLUME     =    334172.1976
                                                    Density    =         1.0305
 ------------------------------------------------------------------------------

wrapping first mol.:      -75.64806        0.00000        0.00000
wrapping first mol.:      -75.64806        0.00000        0.00000
wrapping first mol.:      -75.72783        0.00000        0.00000
wrapping first mol.:      -75.72783        0.00000        0.00000

 NSTEP =  2750000   TIME(PS) =    7200.000  TEMP(K) =   301.32  PRESS =     0.0
 Etot   =   -117016.7095  EKtot   =     20597.4648  EPtot      =   -137614.1744
 BOND   =       566.5824  ANGLE   =      1548.3694  DIHED      =       997.9324
 UB     =         0.0000  IMP     =         0.0000  CMAP       =       141.7315
 1-4 NB =       644.1981  1-4 EEL =      5847.7458  VDWAALS    =     16353.0987
 EELEC  =   -163713.8328  EHBOND  =         0.0000  RESTRAINT  =         0.0000
 EKCMT  =         0.0000  VIRIAL  =         0.0000  VOLUME     =    334109.2320
                                                    Density    =         1.0307
 ------------------------------------------------------------------------------

wrapping first mol.:      -75.77781        0.00000        0.00000
wrapping first mol.:      -75.77781        0.00000        0.00000
wrapping first mol.:      -75.82822        0.00000        0.00000
wrapping first mol.:      -75.82822        0.00000        0.00000

 NSTEP =  2775000   TIME(PS) =    7250.000  TEMP(K) =   299.30  PRESS =     0.0
 Etot   =   -117121.3328  EKtot   =     20458.9492  EPtot      =   -137580.2821
 BOND   =       561.2780  ANGLE   =      1542.0666  DIHED      =       999.5053
 UB     =         0.0000  IMP     =         0.0000  CMAP       =       135.0700
 1-4 NB =       634.5704  1-4 EEL =      5833.3478  VDWAALS    =     16424.2911
 EELEC  =   -163710.4113  EHBOND  =         0.0000  RESTRAINT  =         0.0000
 EKCMT  =         0.0000  VIRIAL  =         0.0000  VOLUME     =    335637.6542
                                                    Density    =         1.0260
 ------------------------------------------------------------------------------

wrapping first mol.:      -75.75549        0.00000        0.00000
wrapping first mol.:      -75.75549        0.00000        0.00000
wrapping first mol.:      -75.69909        0.00000        0.00000
wrapping first mol.:      -75.69909        0.00000        0.00000
wrapping first mol.:      -75.62698        0.00000        0.00000
wrapping first mol.:      -75.62698        0.00000        0.00000

 NSTEP =  2800000   TIME(PS) =    7300.000  TEMP(K) =   301.04  PRESS =     0.0
 Etot   =   -116942.8669  EKtot   =     20578.3418  EPtot      =   -137521.2087
 BOND   =       537.7336  ANGLE   =      1564.9463  DIHED      =      1021.2569
 UB     =         0.0000  IMP     =         0.0000  CMAP       =       139.6349
 1-4 NB =       629.9042  1-4 EEL =      5849.3495  VDWAALS    =     16489.4531
 EELEC  =   -163753.4872  EHBOND  =         0.0000  RESTRAINT  =         0.0000
 EKCMT  =         0.0000  VIRIAL  =         0.0000  VOLUME     =    334190.1007
                                                    Density    =         1.0304
 ------------------------------------------------------------------------------

wrapping first mol.:      -75.78494        0.00000        0.00000
wrapping first mol.:      -75.78494        0.00000        0.00000
wrapping first mol.:      -75.63076        0.00000        0.00000
wrapping first mol.:      -75.63076        0.00000        0.00000
wrapping first mol.:      -75.69998        0.00000        0.00000
wrapping first mol.:      -75.69998        0.00000        0.00000
wrapping first mol.:      -75.62886        0.00000        0.00000
wrapping first mol.:      -75.62886        0.00000        0.00000
wrapping first mol.:      -75.71128        0.00000        0.00000
wrapping first mol.:      -75.71128        0.00000        0.00000

 NSTEP =  2825000   TIME(PS) =    7350.000  TEMP(K) =   302.37  PRESS =     0.0
 Etot   =   -116952.0795  EKtot   =     20669.0449  EPtot      =   -137621.1244
 BOND   =       557.7461  ANGLE   =      1567.2075  DIHED      =       986.2547
 UB     =         0.0000  IMP     =         0.0000  CMAP       =       127.3105
 1-4 NB =       623.2383  1-4 EEL =      5856.0574  VDWAALS    =     16152.5253
 EELEC  =   -163491.4641  EHBOND  =         0.0000  RESTRAINT  =         0.0000
 EKCMT  =         0.0000  VIRIAL  =         0.0000  VOLUME     =    334087.2659
                                                    Density    =         1.0307
 ------------------------------------------------------------------------------

wrapping first mol.:      -75.74039        0.00000        0.00000
wrapping first mol.:      -75.74039        0.00000        0.00000
wrapping first mol.:      -75.71291        0.00000        0.00000
wrapping first mol.:      -75.71291        0.00000        0.00000
wrapping first mol.:      -75.66956        0.00000        0.00000
wrapping first mol.:      -75.66956        0.00000        0.00000
wrapping first mol.:      -75.65005        0.00000        0.00000
wrapping first mol.:      -75.65005        0.00000        0.00000
wrapping first mol.:      -75.70600        0.00000        0.00000
wrapping first mol.:      -75.70600        0.00000        0.00000

 NSTEP =  2850000   TIME(PS) =    7400.000  TEMP(K) =   299.11  PRESS =     0.0
 Etot   =   -117275.4364  EKtot   =     20445.7578  EPtot      =   -137721.1942
 BOND   =       558.1948  ANGLE   =      1502.0071  DIHED      =      1000.8077
 UB     =         0.0000  IMP     =         0.0000  CMAP       =       145.7961
 1-4 NB =       640.5344  1-4 EEL =      5868.9908  VDWAALS    =     16189.1180
 EELEC  =   -163626.6431  EHBOND  =         0.0000  RESTRAINT  =         0.0000
 EKCMT  =         0.0000  VIRIAL  =         0.0000  VOLUME     =    334017.3002
                                                    Density    =         1.0309
 ------------------------------------------------------------------------------

wrapping first mol.:      -75.68653        0.00000        0.00000
wrapping first mol.:      -75.68653        0.00000        0.00000
wrapping first mol.:      -75.61916        0.00000        0.00000
wrapping first mol.:      -75.61916        0.00000        0.00000
wrapping first mol.:      -75.77983        0.00000        0.00000
wrapping first mol.:      -75.77983        0.00000        0.00000
wrapping first mol.:      -75.75563        0.00000        0.00000
wrapping first mol.:      -75.75563        0.00000        0.00000
wrapping first mol.:      -75.76212        0.00000        0.00000
wrapping first mol.:      -75.76212        0.00000        0.00000

 NSTEP =  2875000   TIME(PS) =    7450.000  TEMP(K) =   300.11  PRESS =     0.0
 Etot   =   -117207.8470  EKtot   =     20514.1953  EPtot      =   -137722.0423
 BOND   =       519.7342  ANGLE   =      1489.3452  DIHED      =      1003.0632
 UB     =         0.0000  IMP     =         0.0000  CMAP       =       134.6628
 1-4 NB =       651.7859  1-4 EEL =      5908.2351  VDWAALS    =     16499.9480
 EELEC  =   -163928.8167  EHBOND  =         0.0000  RESTRAINT  =         0.0000
 EKCMT  =         0.0000  VIRIAL  =         0.0000  VOLUME     =    334760.6688
                                                    Density    =         1.0286
 ------------------------------------------------------------------------------

wrapping first mol.:      -75.72015        0.00000        0.00000
wrapping first mol.:      -75.72015        0.00000        0.00000
wrapping first mol.:      -75.67583        0.00000        0.00000
wrapping first mol.:      -75.67583        0.00000        0.00000
wrapping first mol.:      -75.58111        0.00000        0.00000
wrapping first mol.:      -75.58111        0.00000        0.00000
wrapping first mol.:      -75.68092        0.00000        0.00000
wrapping first mol.:      -75.68092        0.00000        0.00000

 NSTEP =  2900000   TIME(PS) =    7500.000  TEMP(K) =   301.89  PRESS =     0.0
 Etot   =   -116940.7007  EKtot   =     20635.8711  EPtot      =   -137576.5718
 BOND   =       552.6495  ANGLE   =      1529.7008  DIHED      =       970.9320
 UB     =         0.0000  IMP     =         0.0000  CMAP       =       137.9595
 1-4 NB =       638.0187  1-4 EEL =      5874.5073  VDWAALS    =     16157.4385
 EELEC  =   -163437.7781  EHBOND  =         0.0000  RESTRAINT  =         0.0000
 EKCMT  =         0.0000  VIRIAL  =         0.0000  VOLUME     =    333685.5326
                                                    Density    =         1.0320
 ------------------------------------------------------------------------------

wrapping first mol.:      -75.71582        0.00000        0.00000
wrapping first mol.:      -75.71582        0.00000        0.00000
wrapping first mol.:      -75.54962        0.00000        0.00000
wrapping first mol.:      -75.54962        0.00000        0.00000
wrapping first mol.:      -75.72319        0.00000        0.00000
wrapping first mol.:      -75.72319        0.00000        0.00000

 NSTEP =  2925000   TIME(PS) =    7550.000  TEMP(K) =   301.26  PRESS =     0.0
 Etot   =   -117324.2453  EKtot   =     20593.1562  EPtot      =   -137917.4015
 BOND   =       539.8057  ANGLE   =      1506.4002  DIHED      =      1003.6465
 UB     =         0.0000  IMP     =         0.0000  CMAP       =       128.4246
 1-4 NB =       644.5053  1-4 EEL =      5916.0839  VDWAALS    =     16305.2579
 EELEC  =   -163961.5256  EHBOND  =         0.0000  RESTRAINT  =         0.0000
 EKCMT  =         0.0000  VIRIAL  =         0.0000  VOLUME     =    334116.1704
                                                    Density    =         1.0306
 ------------------------------------------------------------------------------


 NSTEP =  2950000   TIME(PS) =    7600.000  TEMP(K) =   298.86  PRESS =     0.0
 Etot   =   -116970.8099  EKtot   =     20428.6699  EPtot      =   -137399.4798
 BOND   =       540.0794  ANGLE   =      1513.4505  DIHED      =       958.8356
 UB     =         0.0000  IMP     =         0.0000  CMAP       =       135.3675
 1-4 NB =       641.0022  1-4 EEL =      5862.5497  VDWAALS    =     16053.3131
 EELEC  =   -163104.0777  EHBOND  =         0.0000  RESTRAINT  =         0.0000
 EKCMT  =         0.0000  VIRIAL  =         0.0000  VOLUME     =    333094.6681
                                                    Density    =         1.0338
 ------------------------------------------------------------------------------

wrapping first mol.:      -75.65181        0.00000        0.00000
wrapping first mol.:      -75.65181        0.00000        0.00000
wrapping first mol.:      -75.68756        0.00000        0.00000
wrapping first mol.:      -75.68756        0.00000        0.00000
wrapping first mol.:      -75.54435        0.00000        0.00000
wrapping first mol.:      -75.54435        0.00000        0.00000
wrapping first mol.:      -75.71754        0.00000        0.00000
wrapping first mol.:      -75.71754        0.00000        0.00000
wrapping first mol.:      -75.73670        0.00000        0.00000
wrapping first mol.:      -75.73670        0.00000        0.00000

 NSTEP =  2975000   TIME(PS) =    7650.000  TEMP(K) =   297.34  PRESS =     0.0
 Etot   =   -117454.6787  EKtot   =     20325.4316  EPtot      =   -137780.1103
 BOND   =       573.0976  ANGLE   =      1516.6346  DIHED      =       981.1108
 UB     =         0.0000  IMP     =         0.0000  CMAP       =       134.1985
 1-4 NB =       644.0566  1-4 EEL =      5824.6276  VDWAALS    =     16763.2477
 EELEC  =   -164217.0838  EHBOND  =         0.0000  RESTRAINT  =         0.0000
 EKCMT  =         0.0000  VIRIAL  =         0.0000  VOLUME     =    334423.8277
                                                    Density    =         1.0297
 ------------------------------------------------------------------------------

wrapping first mol.:      -75.73019        0.00000        0.00000
wrapping first mol.:      -75.73019        0.00000        0.00000
wrapping first mol.:      -75.65812        0.00000        0.00000
wrapping first mol.:      -75.65812        0.00000        0.00000
wrapping first mol.:      -75.74010        0.00000        0.00000
wrapping first mol.:      -75.74010        0.00000        0.00000
wrapping first mol.:      -75.68472        0.00000        0.00000
wrapping first mol.:      -75.68472        0.00000        0.00000
wrapping first mol.:      -75.71409        0.00000        0.00000
wrapping first mol.:      -75.71409        0.00000        0.00000

 NSTEP =  3000000   TIME(PS) =    7700.000  TEMP(K) =   297.40  PRESS =     0.0
 Etot   =   -117302.8554  EKtot   =     20328.9824  EPtot      =   -137631.8378
 BOND   =       565.0240  ANGLE   =      1508.7568  DIHED      =       978.8211
 UB     =         0.0000  IMP     =         0.0000  CMAP       =       128.9365
 1-4 NB =       653.8047  1-4 EEL =      5799.7220  VDWAALS    =     16179.5177
 EELEC  =   -163446.4206  EHBOND  =         0.0000  RESTRAINT  =         0.0000
 EKCMT  =         0.0000  VIRIAL  =         0.0000  VOLUME     =    334124.4708
                                                    Density    =         1.0306
 ------------------------------------------------------------------------------

wrapping first mol.:      -75.72845        0.00000        0.00000
wrapping first mol.:      -75.72845        0.00000        0.00000
wrapping first mol.:      -75.70199        0.00000        0.00000
wrapping first mol.:      -75.70199        0.00000        0.00000
wrapping first mol.:      -75.76679        0.00000        0.00000
wrapping first mol.:      -75.76679        0.00000        0.00000
wrapping first mol.:      -75.70391        0.00000        0.00000
wrapping first mol.:      -75.70391        0.00000        0.00000
wrapping first mol.:      -75.73755        0.00000        0.00000
wrapping first mol.:      -75.73755        0.00000        0.00000

 NSTEP =  3025000   TIME(PS) =    7750.000  TEMP(K) =   299.66  PRESS =     0.0
 Etot   =   -117245.9042  EKtot   =     20483.8242  EPtot      =   -137729.7284
 BOND   =       526.3730  ANGLE   =      1549.7429  DIHED      =      1005.0545
 UB     =         0.0000  IMP     =         0.0000  CMAP       =       139.8266
 1-4 NB =       653.1722  1-4 EEL =      5838.2194  VDWAALS    =     16532.6254
 EELEC  =   -163974.7423  EHBOND  =         0.0000  RESTRAINT  =         0.0000
 EKCMT  =         0.0000  VIRIAL  =         0.0000  VOLUME     =    334435.1912
                                                    Density    =         1.0296
 ------------------------------------------------------------------------------

wrapping first mol.:      -75.67056        0.00000        0.00000
wrapping first mol.:      -75.67056        0.00000        0.00000
wrapping first mol.:      -75.63484        0.00000        0.00000
wrapping first mol.:      -75.63484        0.00000        0.00000
wrapping first mol.:      -75.66182        0.00000        0.00000
wrapping first mol.:      -75.66182        0.00000        0.00000
wrapping first mol.:      -75.62937        0.00000        0.00000
wrapping first mol.:      -75.62937        0.00000        0.00000
wrapping first mol.:      -75.68024        0.00000        0.00000
wrapping first mol.:      -75.68024        0.00000        0.00000

 NSTEP =  3050000   TIME(PS) =    7800.000  TEMP(K) =   299.66  PRESS =     0.0
 Etot   =   -117228.8764  EKtot   =     20483.5840  EPtot      =   -137712.4604
 BOND   =       560.1889  ANGLE   =      1536.2205  DIHED      =       968.5648
 UB     =         0.0000  IMP     =         0.0000  CMAP       =       141.9153
 1-4 NB =       627.4914  1-4 EEL =      5853.7011  VDWAALS    =     16527.6756
 EELEC  =   -163928.2179  EHBOND  =         0.0000  RESTRAINT  =         0.0000
 EKCMT  =         0.0000  VIRIAL  =         0.0000  VOLUME     =    333676.4936
                                                    Density    =         1.0320
 ------------------------------------------------------------------------------

wrapping first mol.:      -75.63762        0.00000        0.00000
wrapping first mol.:      -75.63762        0.00000        0.00000
wrapping first mol.:      -75.69657        0.00000        0.00000
wrapping first mol.:      -75.69657        0.00000        0.00000
wrapping first mol.:      -75.67823        0.00000        0.00000
wrapping first mol.:      -75.67823        0.00000        0.00000
wrapping first mol.:      -75.69171        0.00000        0.00000
wrapping first mol.:      -75.69171        0.00000        0.00000
wrapping first mol.:      -75.69720        0.00000        0.00000
wrapping first mol.:      -75.69720        0.00000        0.00000

 NSTEP =  3075000   TIME(PS) =    7850.000  TEMP(K) =   298.87  PRESS =     0.0
 Etot   =   -116856.4232  EKtot   =     20429.9785  EPtot      =   -137286.4017
 BOND   =       558.9014  ANGLE   =      1504.3044  DIHED      =       977.4430
 UB     =         0.0000  IMP     =         0.0000  CMAP       =       142.8920
 1-4 NB =       633.3672  1-4 EEL =      5806.4906  VDWAALS    =     16372.1834
 EELEC  =   -163281.9839  EHBOND  =         0.0000  RESTRAINT  =         0.0000
 EKCMT  =         0.0000  VIRIAL  =         0.0000  VOLUME     =    333900.9271
                                                    Density    =         1.0313
 ------------------------------------------------------------------------------

wrapping first mol.:      -75.62970        0.00000        0.00000
wrapping first mol.:      -75.62970        0.00000        0.00000
wrapping first mol.:      -75.66815        0.00000        0.00000
wrapping first mol.:      -75.66815        0.00000        0.00000
wrapping first mol.:      -75.71804        0.00000        0.00000
wrapping first mol.:      -75.71804        0.00000        0.00000
wrapping first mol.:      -75.59961        0.00000        0.00000
wrapping first mol.:      -75.59961        0.00000        0.00000
wrapping first mol.:      -75.60853        0.00000        0.00000
wrapping first mol.:      -75.60853        0.00000        0.00000

 NSTEP =  3100000   TIME(PS) =    7900.000  TEMP(K) =   300.76  PRESS =     0.0
 Etot   =   -117185.6504  EKtot   =     20558.8047  EPtot      =   -137744.4551
 BOND   =       547.6734  ANGLE   =      1543.8774  DIHED      =       999.8643
 UB     =         0.0000  IMP     =         0.0000  CMAP       =       133.0088
 1-4 NB =       651.4542  1-4 EEL =      5805.8043  VDWAALS    =     16372.1538
 EELEC  =   -163798.2913  EHBOND  =         0.0000  RESTRAINT  =         0.0000
 EKCMT  =         0.0000  VIRIAL  =         0.0000  VOLUME     =    332728.9015
                                                    Density    =         1.0349
 ------------------------------------------------------------------------------

wrapping first mol.:      -75.85563        0.00000        0.00000
wrapping first mol.:      -75.85563        0.00000        0.00000
wrapping first mol.:      -75.72384        0.00000        0.00000
wrapping first mol.:      -75.72384        0.00000        0.00000
wrapping first mol.:      -75.69209        0.00000        0.00000
wrapping first mol.:      -75.69209        0.00000        0.00000
wrapping first mol.:      -75.76837        0.00000        0.00000
wrapping first mol.:      -75.76837        0.00000        0.00000
wrapping first mol.:      -75.74461        0.00000        0.00000
wrapping first mol.:      -75.74461        0.00000        0.00000

 NSTEP =  3125000   TIME(PS) =    7950.000  TEMP(K) =   298.70  PRESS =     0.0
 Etot   =   -117299.9204  EKtot   =     20417.8086  EPtot      =   -137717.7290
 BOND   =       565.8524  ANGLE   =      1512.3256  DIHED      =       991.5954
 UB     =         0.0000  IMP     =         0.0000  CMAP       =       138.8259
 1-4 NB =       644.4500  1-4 EEL =      5833.3461  VDWAALS    =     16438.4902
 EELEC  =   -163842.6146  EHBOND  =         0.0000  RESTRAINT  =         0.0000
 EKCMT  =         0.0000  VIRIAL  =         0.0000  VOLUME     =    334528.7127
                                                    Density    =         1.0294
 ------------------------------------------------------------------------------

wrapping first mol.:      -75.68990        0.00000        0.00000
wrapping first mol.:      -75.68990        0.00000        0.00000
wrapping first mol.:      -75.63354        0.00000        0.00000
wrapping first mol.:      -75.63354        0.00000        0.00000
wrapping first mol.:      -75.56769        0.00000        0.00000
wrapping first mol.:      -75.56769        0.00000        0.00000
wrapping first mol.:      -75.63824        0.00000        0.00000
wrapping first mol.:      -75.63824        0.00000        0.00000
wrapping first mol.:      -75.74078        0.00000        0.00000
wrapping first mol.:      -75.74078        0.00000        0.00000

 NSTEP =  3150000   TIME(PS) =    8000.000  TEMP(K) =   301.22  PRESS =     0.0
 Etot   =   -117011.7204  EKtot   =     20590.3730  EPtot      =   -137602.0935
 BOND   =       554.7177  ANGLE   =      1554.3679  DIHED      =      1020.2040
 UB     =         0.0000  IMP     =         0.0000  CMAP       =       147.6137
 1-4 NB =       628.5411  1-4 EEL =      5799.0710  VDWAALS    =     16132.7998
 EELEC  =   -163439.4086  EHBOND  =         0.0000  RESTRAINT  =         0.0000
 EKCMT  =         0.0000  VIRIAL  =         0.0000  VOLUME     =    334477.8748
                                                    Density    =         1.0295
 ------------------------------------------------------------------------------

wrapping first mol.:      -75.61658        0.00000        0.00000
wrapping first mol.:      -75.61658        0.00000        0.00000
wrapping first mol.:      -75.71090        0.00000        0.00000
wrapping first mol.:      -75.71090        0.00000        0.00000
wrapping first mol.:      -75.73659        0.00000        0.00000
wrapping first mol.:      -75.73659        0.00000        0.00000
wrapping first mol.:      -75.68583        0.00000        0.00000
wrapping first mol.:      -75.68583        0.00000        0.00000
wrapping first mol.:      -75.72120        0.00000        0.00000
wrapping first mol.:      -75.72120        0.00000        0.00000

 NSTEP =  3175000   TIME(PS) =    8050.000  TEMP(K) =   301.67  PRESS =     0.0
 Etot   =   -116871.4074  EKtot   =     20621.4121  EPtot      =   -137492.8195
 BOND   =       563.2098  ANGLE   =      1565.2229  DIHED      =       989.9757
 UB     =         0.0000  IMP     =         0.0000  CMAP       =       141.7876
 1-4 NB =       648.2607  1-4 EEL =      5848.3574  VDWAALS    =     16489.2857
 EELEC  =   -163738.9193  EHBOND  =         0.0000  RESTRAINT  =         0.0000
 EKCMT  =         0.0000  VIRIAL  =         0.0000  VOLUME     =    334218.5340
                                                    Density    =         1.0303
 ------------------------------------------------------------------------------

wrapping first mol.:      -75.67281        0.00000        0.00000
wrapping first mol.:      -75.67281        0.00000        0.00000
wrapping first mol.:      -75.66068        0.00000        0.00000
wrapping first mol.:      -75.66068        0.00000        0.00000
wrapping first mol.:      -75.69915        0.00000        0.00000
wrapping first mol.:      -75.69915        0.00000        0.00000
wrapping first mol.:      -75.77148        0.00000        0.00000
wrapping first mol.:      -75.77148        0.00000        0.00000
wrapping first mol.:      -75.69477        0.00000        0.00000
wrapping first mol.:      -75.69477        0.00000        0.00000

 NSTEP =  3200000   TIME(PS) =    8100.000  TEMP(K) =   300.79  PRESS =     0.0
 Etot   =   -117161.6171  EKtot   =     20561.1523  EPtot      =   -137722.7694
 BOND   =       596.4849  ANGLE   =      1536.1270  DIHED      =      1004.1810
 UB     =         0.0000  IMP     =         0.0000  CMAP       =       136.9640
 1-4 NB =       616.6511  1-4 EEL =      5816.6243  VDWAALS    =     16553.6816
 EELEC  =   -163983.4834  EHBOND  =         0.0000  RESTRAINT  =         0.0000
 EKCMT  =         0.0000  VIRIAL  =         0.0000  VOLUME     =    333868.7968
                                                    Density    =         1.0314
 ------------------------------------------------------------------------------

wrapping first mol.:      -75.67643        0.00000        0.00000
wrapping first mol.:      -75.67643        0.00000        0.00000
wrapping first mol.:      -75.65974        0.00000        0.00000
wrapping first mol.:      -75.65974        0.00000        0.00000
wrapping first mol.:      -75.66946        0.00000        0.00000
wrapping first mol.:      -75.66946        0.00000        0.00000
wrapping first mol.:      -75.64620        0.00000        0.00000
wrapping first mol.:      -75.64620        0.00000        0.00000
wrapping first mol.:      -75.77631        0.00000        0.00000
wrapping first mol.:      -75.77631        0.00000        0.00000

 NSTEP =  3225000   TIME(PS) =    8150.000  TEMP(K) =   300.20  PRESS =     0.0
 Etot   =   -117163.6154  EKtot   =     20520.4922  EPtot      =   -137684.1076
 BOND   =       604.1922  ANGLE   =      1477.6904  DIHED      =       970.2795
 UB     =         0.0000  IMP     =         0.0000  CMAP       =       140.4653
 1-4 NB =       652.1619  1-4 EEL =      5847.3809  VDWAALS    =     16545.0584
 EELEC  =   -163921.3362  EHBOND  =         0.0000  RESTRAINT  =         0.0000
 EKCMT  =         0.0000  VIRIAL  =         0.0000  VOLUME     =    334948.8288
                                                    Density    =         1.0281
 ------------------------------------------------------------------------------

wrapping first mol.:      -75.82166        0.00000        0.00000
wrapping first mol.:      -75.82166        0.00000        0.00000
wrapping first mol.:      -75.80984        0.00000        0.00000
wrapping first mol.:      -75.80984        0.00000        0.00000
wrapping first mol.:      -75.64972        0.00000        0.00000
wrapping first mol.:      -75.64972        0.00000        0.00000
wrapping first mol.:      -75.74097        0.00000        0.00000
wrapping first mol.:      -75.74097        0.00000        0.00000
wrapping first mol.:      -75.68105        0.00000        0.00000
wrapping first mol.:      -75.68105        0.00000        0.00000

 NSTEP =  3250000   TIME(PS) =    8200.000  TEMP(K) =   300.88  PRESS =     0.0
 Etot   =   -117115.8576  EKtot   =     20567.2090  EPtot      =   -137683.0666
 BOND   =       555.0419  ANGLE   =      1514.2806  DIHED      =       965.6622
 UB     =         0.0000  IMP     =         0.0000  CMAP       =       143.0316
 1-4 NB =       643.3400  1-4 EEL =      5821.1192  VDWAALS    =     16266.5443
 EELEC  =   -163592.0864  EHBOND  =         0.0000  RESTRAINT  =         0.0000
 EKCMT  =         0.0000  VIRIAL  =         0.0000  VOLUME     =    333687.1665
                                                    Density    =         1.0320
 ------------------------------------------------------------------------------

wrapping first mol.:      -75.68381        0.00000        0.00000
wrapping first mol.:      -75.68381        0.00000        0.00000
wrapping first mol.:      -75.64263        0.00000        0.00000
wrapping first mol.:      -75.64263        0.00000        0.00000
wrapping first mol.:      -75.79842        0.00000        0.00000
wrapping first mol.:      -75.79842        0.00000        0.00000
wrapping first mol.:      -75.70347        0.00000        0.00000
wrapping first mol.:      -75.70347        0.00000        0.00000
wrapping first mol.:      -75.60907        0.00000        0.00000
wrapping first mol.:      -75.60907        0.00000        0.00000

 NSTEP =  3275000   TIME(PS) =    8250.000  TEMP(K) =   299.93  PRESS =     0.0
 Etot   =   -117214.7081  EKtot   =     20502.4297  EPtot      =   -137717.1378
 BOND   =       575.8165  ANGLE   =      1522.2066  DIHED      =       987.9310
 UB     =         0.0000  IMP     =         0.0000  CMAP       =       152.1290
 1-4 NB =       641.9028  1-4 EEL =      5866.8808  VDWAALS    =     16473.8802
 EELEC  =   -163937.8847  EHBOND  =         0.0000  RESTRAINT  =         0.0000
 EKCMT  =         0.0000  VIRIAL  =         0.0000  VOLUME     =    332735.9852
                                                    Density    =         1.0349
 ------------------------------------------------------------------------------

wrapping first mol.:      -75.74927        0.00000        0.00000
wrapping first mol.:      -75.74927        0.00000        0.00000
wrapping first mol.:      -75.61750        0.00000        0.00000
wrapping first mol.:      -75.61750        0.00000        0.00000
wrapping first mol.:      -75.61549        0.00000        0.00000
wrapping first mol.:      -75.61549        0.00000        0.00000
wrapping first mol.:      -75.68141        0.00000        0.00000
wrapping first mol.:      -75.68141        0.00000        0.00000
wrapping first mol.:      -75.56356        0.00000        0.00000
wrapping first mol.:      -75.56356        0.00000        0.00000

 NSTEP =  3300000   TIME(PS) =    8300.000  TEMP(K) =   301.28  PRESS =     0.0
 Etot   =   -117160.3494  EKtot   =     20594.4551  EPtot      =   -137754.8044
 BOND   =       566.4330  ANGLE   =      1499.0270  DIHED      =       989.1545
 UB     =         0.0000  IMP     =         0.0000  CMAP       =       146.3116
 1-4 NB =       629.9886  1-4 EEL =      5797.7906  VDWAALS    =     16523.3004
 EELEC  =   -163906.8102  EHBOND  =         0.0000  RESTRAINT  =         0.0000
 EKCMT  =         0.0000  VIRIAL  =         0.0000  VOLUME     =    332135.5235
                                                    Density    =         1.0368
 ------------------------------------------------------------------------------

wrapping first mol.:      -75.60366        0.00000        0.00000
wrapping first mol.:      -75.60366        0.00000        0.00000
wrapping first mol.:      -75.78997        0.00000        0.00000
wrapping first mol.:      -75.78997        0.00000        0.00000
wrapping first mol.:      -75.67664        0.00000        0.00000
wrapping first mol.:      -75.67664        0.00000        0.00000
wrapping first mol.:      -75.70675        0.00000        0.00000
wrapping first mol.:      -75.70675        0.00000        0.00000
wrapping first mol.:      -75.63995        0.00000        0.00000
wrapping first mol.:      -75.63995        0.00000        0.00000

 NSTEP =  3325000   TIME(PS) =    8350.000  TEMP(K) =   300.95  PRESS =     0.0
 Etot   =   -117174.2313  EKtot   =     20571.9629  EPtot      =   -137746.1941
 BOND   =       533.2834  ANGLE   =      1529.7377  DIHED      =       978.9249
 UB     =         0.0000  IMP     =         0.0000  CMAP       =       144.3637
 1-4 NB =       620.9381  1-4 EEL =      5818.2232  VDWAALS    =     16363.7776
 EELEC  =   -163735.4427  EHBOND  =         0.0000  RESTRAINT  =         0.0000
 EKCMT  =         0.0000  VIRIAL  =         0.0000  VOLUME     =    333143.9050
                                                    Density    =         1.0336
 ------------------------------------------------------------------------------

wrapping first mol.:      -75.72545        0.00000        0.00000
wrapping first mol.:      -75.72545        0.00000        0.00000
wrapping first mol.:      -75.68611        0.00000        0.00000
wrapping first mol.:      -75.68611        0.00000        0.00000
wrapping first mol.:      -75.67121        0.00000        0.00000
wrapping first mol.:      -75.67121        0.00000        0.00000
wrapping first mol.:      -75.74788        0.00000        0.00000
wrapping first mol.:      -75.74788        0.00000        0.00000
wrapping first mol.:      -75.69836        0.00000        0.00000
wrapping first mol.:      -75.69836        0.00000        0.00000

 NSTEP =  3350000   TIME(PS) =    8400.000  TEMP(K) =   299.29  PRESS =     0.0
 Etot   =   -117153.8446  EKtot   =     20458.4082  EPtot      =   -137612.2528
 BOND   =       571.8863  ANGLE   =      1541.4177  DIHED      =       975.5305
 UB     =         0.0000  IMP     =         0.0000  CMAP       =       140.7565
 1-4 NB =       628.5370  1-4 EEL =      5834.7193  VDWAALS    =     16735.0608
 EELEC  =   -164040.1610  EHBOND  =         0.0000  RESTRAINT  =         0.0000
 EKCMT  =         0.0000  VIRIAL  =         0.0000  VOLUME     =    333916.2818
                                                    Density    =         1.0312
 ------------------------------------------------------------------------------

wrapping first mol.:      -75.64800        0.00000        0.00000
wrapping first mol.:      -75.64800        0.00000        0.00000
wrapping first mol.:      -75.67539        0.00000        0.00000
wrapping first mol.:      -75.67539        0.00000        0.00000
wrapping first mol.:      -75.66059        0.00000        0.00000
wrapping first mol.:      -75.66059        0.00000        0.00000
wrapping first mol.:      -75.67364        0.00000        0.00000
wrapping first mol.:      -75.67364        0.00000        0.00000
wrapping first mol.:      -75.74369        0.00000        0.00000
wrapping first mol.:      -75.74369        0.00000        0.00000

 NSTEP =  3375000   TIME(PS) =    8450.000  TEMP(K) =   302.57  PRESS =     0.0
 Etot   =   -116928.8632  EKtot   =     20682.2852  EPtot      =   -137611.1484
 BOND   =       580.4651  ANGLE   =      1494.2840  DIHED      =       985.5822
 UB     =         0.0000  IMP     =         0.0000  CMAP       =       148.2975
 1-4 NB =       647.3075  1-4 EEL =      5797.0206  VDWAALS    =     16194.7030
 EELEC  =   -163458.8082  EHBOND  =         0.0000  RESTRAINT  =         0.0000
 EKCMT  =         0.0000  VIRIAL  =         0.0000  VOLUME     =    334516.5310
                                                    Density    =         1.0294
 ------------------------------------------------------------------------------

wrapping first mol.:      -75.65008        0.00000        0.00000
wrapping first mol.:      -75.65008        0.00000        0.00000
wrapping first mol.:      -75.69517        0.00000        0.00000
wrapping first mol.:      -75.69517        0.00000        0.00000
wrapping first mol.:      -75.72149        0.00000        0.00000
wrapping first mol.:      -75.72149        0.00000        0.00000
wrapping first mol.:      -75.69564        0.00000        0.00000
wrapping first mol.:      -75.69564        0.00000        0.00000
wrapping first mol.:      -75.69315        0.00000        0.00000
wrapping first mol.:      -75.69315        0.00000        0.00000

 NSTEP =  3400000   TIME(PS) =    8500.000  TEMP(K) =   300.48  PRESS =     0.0
 Etot   =   -117091.5812  EKtot   =     20539.4434  EPtot      =   -137631.0246
 BOND   =       535.2535  ANGLE   =      1545.8583  DIHED      =       996.8723
 UB     =         0.0000  IMP     =         0.0000  CMAP       =       143.1875
 1-4 NB =       624.1475  1-4 EEL =      5824.2478  VDWAALS    =     16409.7003
 EELEC  =   -163710.2918  EHBOND  =         0.0000  RESTRAINT  =         0.0000
 EKCMT  =         0.0000  VIRIAL  =         0.0000  VOLUME     =    333847.3319
                                                    Density    =         1.0315
 ------------------------------------------------------------------------------

wrapping first mol.:      -75.64910        0.00000        0.00000
wrapping first mol.:      -75.64910        0.00000        0.00000
wrapping first mol.:      -75.74515        0.00000        0.00000
wrapping first mol.:      -75.74515        0.00000        0.00000
wrapping first mol.:      -75.63459        0.00000        0.00000
wrapping first mol.:      -75.63459        0.00000        0.00000
wrapping first mol.:      -75.66814        0.00000        0.00000
wrapping first mol.:      -75.66814        0.00000        0.00000
wrapping first mol.:      -75.72020        0.00000        0.00000
wrapping first mol.:      -75.72020        0.00000        0.00000

 NSTEP =  3425000   TIME(PS) =    8550.000  TEMP(K) =   300.17  PRESS =     0.0
 Etot   =   -117097.5720  EKtot   =     20518.2930  EPtot      =   -137615.8650
 BOND   =       619.7553  ANGLE   =      1515.2481  DIHED      =       970.4763
 UB     =         0.0000  IMP     =         0.0000  CMAP       =       139.3396
 1-4 NB =       655.0374  1-4 EEL =      5864.7949  VDWAALS    =     16758.5083
 EELEC  =   -164139.0248  EHBOND  =         0.0000  RESTRAINT  =         0.0000
 EKCMT  =         0.0000  VIRIAL  =         0.0000  VOLUME     =    334205.4032
                                                    Density    =         1.0304
 ------------------------------------------------------------------------------

wrapping first mol.:      -75.79610        0.00000        0.00000
wrapping first mol.:      -75.79610        0.00000        0.00000
wrapping first mol.:      -75.64483        0.00000        0.00000
wrapping first mol.:      -75.64483        0.00000        0.00000
wrapping first mol.:      -75.62546        0.00000        0.00000
wrapping first mol.:      -75.62546        0.00000        0.00000
wrapping first mol.:      -75.71838        0.00000        0.00000
wrapping first mol.:      -75.71838        0.00000        0.00000
wrapping first mol.:      -75.67692        0.00000        0.00000
wrapping first mol.:      -75.67692        0.00000        0.00000

 NSTEP =  3450000   TIME(PS) =    8600.000  TEMP(K) =   297.88  PRESS =     0.0
 Etot   =   -117477.7001  EKtot   =     20362.1465  EPtot      =   -137839.8466
 BOND   =       543.7355  ANGLE   =      1457.6221  DIHED      =       984.5951
 UB     =         0.0000  IMP     =         0.0000  CMAP       =       145.5721
 1-4 NB =       636.4231  1-4 EEL =      5832.5103  VDWAALS    =     16640.6786
 EELEC  =   -164080.9834  EHBOND  =         0.0000  RESTRAINT  =         0.0000
 EKCMT  =         0.0000  VIRIAL  =         0.0000  VOLUME     =    333632.6359
                                                    Density    =         1.0321
 ------------------------------------------------------------------------------

wrapping first mol.:      -75.71778        0.00000        0.00000
wrapping first mol.:      -75.71778        0.00000        0.00000
wrapping first mol.:      -75.74386        0.00000        0.00000
wrapping first mol.:      -75.74386        0.00000        0.00000
wrapping first mol.:      -75.63364        0.00000        0.00000
wrapping first mol.:      -75.63364        0.00000        0.00000
wrapping first mol.:      -75.71316        0.00000        0.00000
wrapping first mol.:      -75.71316        0.00000        0.00000
wrapping first mol.:      -75.66869        0.00000        0.00000
wrapping first mol.:      -75.66869        0.00000        0.00000

 NSTEP =  3475000   TIME(PS) =    8650.000  TEMP(K) =   299.71  PRESS =     0.0
 Etot   =   -117143.6839  EKtot   =     20487.3164  EPtot      =   -137631.0003
 BOND   =       571.4693  ANGLE   =      1575.7865  DIHED      =      1001.1612
 UB     =         0.0000  IMP     =         0.0000  CMAP       =       146.6739
 1-4 NB =       649.8251  1-4 EEL =      5781.2727  VDWAALS    =     16182.4853
 EELEC  =   -163539.6743  EHBOND  =         0.0000  RESTRAINT  =         0.0000
 EKCMT  =         0.0000  VIRIAL  =         0.0000  VOLUME     =    333523.8161
                                                    Density    =         1.0325
 ------------------------------------------------------------------------------

wrapping first mol.:      -75.71113        0.00000        0.00000
wrapping first mol.:      -75.71113        0.00000        0.00000
wrapping first mol.:      -75.73246        0.00000        0.00000
wrapping first mol.:      -75.73246        0.00000        0.00000
wrapping first mol.:      -75.74200        0.00000        0.00000
wrapping first mol.:      -75.74200        0.00000        0.00000
wrapping first mol.:      -75.69986        0.00000        0.00000
wrapping first mol.:      -75.69986        0.00000        0.00000
wrapping first mol.:      -75.71011        0.00000        0.00000
wrapping first mol.:      -75.71011        0.00000        0.00000

 NSTEP =  3500000   TIME(PS) =    8700.000  TEMP(K) =   299.00  PRESS =     0.0
 Etot   =   -117344.5863  EKtot   =     20438.7051  EPtot      =   -137783.2914
 BOND   =       577.3288  ANGLE   =      1547.9164  DIHED      =       976.1438
 UB     =         0.0000  IMP     =         0.0000  CMAP       =       145.6163
 1-4 NB =       636.4799  1-4 EEL =      5828.5548  VDWAALS    =     16536.7789
 EELEC  =   -164032.1102  EHBOND  =         0.0000  RESTRAINT  =         0.0000
 EKCMT  =         0.0000  VIRIAL  =         0.0000  VOLUME     =    334071.7672
                                                    Density    =         1.0308
 ------------------------------------------------------------------------------

wrapping first mol.:      -75.62089        0.00000        0.00000
wrapping first mol.:      -75.62089        0.00000        0.00000
wrapping first mol.:      -75.70727        0.00000        0.00000
wrapping first mol.:      -75.70727        0.00000        0.00000
wrapping first mol.:      -75.72681        0.00000        0.00000
wrapping first mol.:      -75.72681        0.00000        0.00000
wrapping first mol.:      -75.72876        0.00000        0.00000
wrapping first mol.:      -75.72876        0.00000        0.00000
wrapping first mol.:      -75.63974        0.00000        0.00000
wrapping first mol.:      -75.63974        0.00000        0.00000

 NSTEP =  3525000   TIME(PS) =    8750.000  TEMP(K) =   298.21  PRESS =     0.0
 Etot   =   -117168.5935  EKtot   =     20384.6211  EPtot      =   -137553.2146
 BOND   =       567.7783  ANGLE   =      1548.9630  DIHED      =       989.9101
 UB     =         0.0000  IMP     =         0.0000  CMAP       =       136.8110
 1-4 NB =       622.3393  1-4 EEL =      5825.1976  VDWAALS    =     16372.8640
 EELEC  =   -163617.0778  EHBOND  =         0.0000  RESTRAINT  =         0.0000
 EKCMT  =         0.0000  VIRIAL  =         0.0000  VOLUME     =    333141.0789
                                                    Density    =         1.0336
 ------------------------------------------------------------------------------

wrapping first mol.:      -75.59649        0.00000        0.00000
wrapping first mol.:      -75.59649        0.00000        0.00000
wrapping first mol.:      -75.70544        0.00000        0.00000
wrapping first mol.:      -75.70544        0.00000        0.00000
wrapping first mol.:      -75.73782        0.00000        0.00000
wrapping first mol.:      -75.73782        0.00000        0.00000
wrapping first mol.:      -75.63803        0.00000        0.00000
wrapping first mol.:      -75.63803        0.00000        0.00000
wrapping first mol.:      -75.69570        0.00000        0.00000
wrapping first mol.:      -75.69570        0.00000        0.00000

 NSTEP =  3550000   TIME(PS) =    8800.000  TEMP(K) =   304.08  PRESS =     0.0
 Etot   =   -116810.1205  EKtot   =     20786.0840  EPtot      =   -137596.2045
 BOND   =       543.7498  ANGLE   =      1565.7837  DIHED      =       994.6454
 UB     =         0.0000  IMP     =         0.0000  CMAP       =       145.6012
 1-4 NB =       642.6796  1-4 EEL =      5802.0226  VDWAALS    =     16415.0687
 EELEC  =   -163705.7556  EHBOND  =         0.0000  RESTRAINT  =         0.0000
 EKCMT  =         0.0000  VIRIAL  =         0.0000  VOLUME     =    333881.0154
                                                    Density    =         1.0314
 ------------------------------------------------------------------------------

wrapping first mol.:      -75.68982        0.00000        0.00000
wrapping first mol.:      -75.68982        0.00000        0.00000
wrapping first mol.:      -75.76727        0.00000        0.00000
wrapping first mol.:      -75.76727        0.00000        0.00000
wrapping first mol.:      -75.72002        0.00000        0.00000
wrapping first mol.:      -75.72002        0.00000        0.00000
wrapping first mol.:      -75.72983        0.00000        0.00000
wrapping first mol.:      -75.72983        0.00000        0.00000
wrapping first mol.:      -75.64548        0.00000        0.00000
wrapping first mol.:      -75.64548        0.00000        0.00000

 NSTEP =  3575000   TIME(PS) =    8850.000  TEMP(K) =   298.28  PRESS =     0.0
 Etot   =   -116982.1224  EKtot   =     20389.3984  EPtot      =   -137371.5209
 BOND   =       591.7775  ANGLE   =      1527.4438  DIHED      =      1005.7549
 UB     =         0.0000  IMP     =         0.0000  CMAP       =       146.2580
 1-4 NB =       639.3244  1-4 EEL =      5808.5797  VDWAALS    =     16494.0522
 EELEC  =   -163584.7114  EHBOND  =         0.0000  RESTRAINT  =         0.0000
 EKCMT  =         0.0000  VIRIAL  =         0.0000  VOLUME     =    333216.9440
                                                    Density    =         1.0334
 ------------------------------------------------------------------------------

wrapping first mol.:      -75.58563        0.00000        0.00000
wrapping first mol.:      -75.58563        0.00000        0.00000
wrapping first mol.:      -75.72798        0.00000        0.00000
wrapping first mol.:      -75.72798        0.00000        0.00000
wrapping first mol.:      -75.66245        0.00000        0.00000
wrapping first mol.:      -75.66245        0.00000        0.00000
wrapping first mol.:      -75.72344        0.00000        0.00000
wrapping first mol.:      -75.72344        0.00000        0.00000
wrapping first mol.:      -75.75300        0.00000        0.00000
wrapping first mol.:      -75.75300        0.00000        0.00000

 NSTEP =  3600000   TIME(PS) =    8900.000  TEMP(K) =   299.93  PRESS =     0.0
 Etot   =   -117161.2525  EKtot   =     20502.4141  EPtot      =   -137663.6666
 BOND   =       536.7438  ANGLE   =      1480.3311  DIHED      =       970.1356
 UB     =         0.0000  IMP     =         0.0000  CMAP       =       146.1377
 1-4 NB =       646.1779  1-4 EEL =      5864.9703  VDWAALS    =     16282.1336
 EELEC  =   -163590.2965  EHBOND  =         0.0000  RESTRAINT  =         0.0000
 EKCMT  =         0.0000  VIRIAL  =         0.0000  VOLUME     =    334639.8773
                                                    Density    =         1.0290
 ------------------------------------------------------------------------------

wrapping first mol.:      -75.71640        0.00000        0.00000
wrapping first mol.:      -75.71640        0.00000        0.00000
wrapping first mol.:      -75.60990        0.00000        0.00000
wrapping first mol.:      -75.60990        0.00000        0.00000
wrapping first mol.:      -75.67038        0.00000        0.00000
wrapping first mol.:      -75.67038        0.00000        0.00000
wrapping first mol.:      -75.73830        0.00000        0.00000
wrapping first mol.:      -75.73830        0.00000        0.00000
wrapping first mol.:      -75.67658        0.00000        0.00000
wrapping first mol.:      -75.67658        0.00000        0.00000

 NSTEP =  3625000   TIME(PS) =    8950.000  TEMP(K) =   301.33  PRESS =     0.0
 Etot   =   -117001.6682  EKtot   =     20597.5137  EPtot      =   -137599.1818
 BOND   =       585.9777  ANGLE   =      1537.7444  DIHED      =       972.3228
 UB     =         0.0000  IMP     =         0.0000  CMAP       =       139.9954
 1-4 NB =       641.5840  1-4 EEL =      5817.5430  VDWAALS    =     16536.8486
 EELEC  =   -163831.1976  EHBOND  =         0.0000  RESTRAINT  =         0.0000
 EKCMT  =         0.0000  VIRIAL  =         0.0000  VOLUME     =    333628.0619
                                                    Density    =         1.0321
 ------------------------------------------------------------------------------

wrapping first mol.:      -75.70687        0.00000        0.00000
wrapping first mol.:      -75.70687        0.00000        0.00000
wrapping first mol.:      -75.83415        0.00000        0.00000
wrapping first mol.:      -75.83415        0.00000        0.00000
wrapping first mol.:      -75.70081        0.00000        0.00000
wrapping first mol.:      -75.70081        0.00000        0.00000
wrapping first mol.:      -75.58366        0.00000        0.00000
wrapping first mol.:      -75.58366        0.00000        0.00000
wrapping first mol.:      -75.71714        0.00000        0.00000
wrapping first mol.:      -75.71714        0.00000        0.00000

 NSTEP =  3650000   TIME(PS) =    9000.000  TEMP(K) =   299.58  PRESS =     0.0
 Etot   =   -117098.0368  EKtot   =     20478.3750  EPtot      =   -137576.4118
 BOND   =       580.5743  ANGLE   =      1550.1266  DIHED      =       988.3389
 UB     =         0.0000  IMP     =         0.0000  CMAP       =       142.5693
 1-4 NB =       631.4117  1-4 EEL =      5832.2361  VDWAALS    =     16629.3350
 EELEC  =   -163931.0036  EHBOND  =         0.0000  RESTRAINT  =         0.0000
 EKCMT  =         0.0000  VIRIAL  =         0.0000  VOLUME     =    334164.8715
                                                    Density    =         1.0305
 ------------------------------------------------------------------------------

wrapping first mol.:      -75.74063        0.00000        0.00000
wrapping first mol.:      -75.74063        0.00000        0.00000
wrapping first mol.:      -75.73923        0.00000        0.00000
wrapping first mol.:      -75.73923        0.00000        0.00000
wrapping first mol.:      -75.68248        0.00000        0.00000
wrapping first mol.:      -75.68248        0.00000        0.00000
wrapping first mol.:      -75.69063        0.00000        0.00000
wrapping first mol.:      -75.69063        0.00000        0.00000
wrapping first mol.:      -75.60483        0.00000        0.00000
wrapping first mol.:      -75.60483        0.00000        0.00000

 NSTEP =  3675000   TIME(PS) =    9050.000  TEMP(K) =   299.49  PRESS =     0.0
 Etot   =   -117211.8373  EKtot   =     20472.1211  EPtot      =   -137683.9584
 BOND   =       569.5617  ANGLE   =      1529.7815  DIHED      =       978.6097
 UB     =         0.0000  IMP     =         0.0000  CMAP       =       132.0459
 1-4 NB =       646.0882  1-4 EEL =      5875.3494  VDWAALS    =     16275.9707
 EELEC  =   -163691.3655  EHBOND  =         0.0000  RESTRAINT  =         0.0000
 EKCMT  =         0.0000  VIRIAL  =         0.0000  VOLUME     =    332680.0416
                                                    Density    =         1.0351
 ------------------------------------------------------------------------------

wrapping first mol.:      -75.69210        0.00000        0.00000
wrapping first mol.:      -75.69210        0.00000        0.00000
wrapping first mol.:      -75.70906        0.00000        0.00000
wrapping first mol.:      -75.70906        0.00000        0.00000
wrapping first mol.:      -75.65725        0.00000        0.00000
wrapping first mol.:      -75.65725        0.00000        0.00000
wrapping first mol.:      -75.65276        0.00000        0.00000
wrapping first mol.:      -75.65276        0.00000        0.00000
wrapping first mol.:      -75.60554        0.00000        0.00000
wrapping first mol.:      -75.60554        0.00000        0.00000

 NSTEP =  3700000   TIME(PS) =    9100.000  TEMP(K) =   300.44  PRESS =     0.0
 Etot   =   -117097.3221  EKtot   =     20536.8867  EPtot      =   -137634.2088
 BOND   =       557.2581  ANGLE   =      1543.5554  DIHED      =       990.3363
 UB     =         0.0000  IMP     =         0.0000  CMAP       =       134.7797
 1-4 NB =       629.1963  1-4 EEL =      5722.7802  VDWAALS    =     16561.2962
 EELEC  =   -163773.4109  EHBOND  =         0.0000  RESTRAINT  =         0.0000
 EKCMT  =         0.0000  VIRIAL  =         0.0000  VOLUME     =    332689.4057
                                                    Density    =         1.0351
 ------------------------------------------------------------------------------

wrapping first mol.:      -75.65625        0.00000        0.00000
wrapping first mol.:      -75.65625        0.00000        0.00000
wrapping first mol.:      -75.78261        0.00000        0.00000
wrapping first mol.:      -75.78261        0.00000        0.00000
wrapping first mol.:      -75.83277        0.00000        0.00000
wrapping first mol.:      -75.83277        0.00000        0.00000
wrapping first mol.:      -75.81640        0.00000        0.00000
wrapping first mol.:      -75.81640        0.00000        0.00000
wrapping first mol.:      -75.68030        0.00000        0.00000
wrapping first mol.:      -75.68030        0.00000        0.00000

 NSTEP =  3725000   TIME(PS) =    9150.000  TEMP(K) =   300.36  PRESS =     0.0
 Etot   =   -117683.3258  EKtot   =     20531.5332  EPtot      =   -138214.8590
 BOND   =       579.9093  ANGLE   =      1552.1922  DIHED      =       995.7364
 UB     =         0.0000  IMP     =         0.0000  CMAP       =       138.7468
 1-4 NB =       646.3699  1-4 EEL =      5752.5571  VDWAALS    =     16278.4289
 EELEC  =   -164158.7997  EHBOND  =         0.0000  RESTRAINT  =         0.0000
 EKCMT  =         0.0000  VIRIAL  =         0.0000  VOLUME     =    333677.2529
                                                    Density    =         1.0320
 ------------------------------------------------------------------------------

wrapping first mol.:      -75.73461        0.00000        0.00000
wrapping first mol.:      -75.73461        0.00000        0.00000
wrapping first mol.:      -75.68888        0.00000        0.00000
wrapping first mol.:      -75.68888        0.00000        0.00000
wrapping first mol.:      -75.77023        0.00000        0.00000
wrapping first mol.:      -75.77023        0.00000        0.00000
wrapping first mol.:      -75.73462        0.00000        0.00000
wrapping first mol.:      -75.73462        0.00000        0.00000
wrapping first mol.:      -75.76525        0.00000        0.00000
wrapping first mol.:      -75.76525        0.00000        0.00000

 NSTEP =  3750000   TIME(PS) =    9200.000  TEMP(K) =   298.40  PRESS =     0.0
 Etot   =   -117372.5068  EKtot   =     20397.2344  EPtot      =   -137769.7412
 BOND   =       564.5494  ANGLE   =      1495.7069  DIHED      =       972.1915
 UB     =         0.0000  IMP     =         0.0000  CMAP       =       138.6439
 1-4 NB =       639.6686  1-4 EEL =      5780.4049  VDWAALS    =     16214.9216
 EELEC  =   -163575.8281  EHBOND  =         0.0000  RESTRAINT  =         0.0000
 EKCMT  =         0.0000  VIRIAL  =         0.0000  VOLUME     =    334802.1672
                                                    Density    =         1.0285
 ------------------------------------------------------------------------------

wrapping first mol.:      -75.77703        0.00000        0.00000
wrapping first mol.:      -75.77703        0.00000        0.00000
wrapping first mol.:      -75.63590        0.00000        0.00000
wrapping first mol.:      -75.63590        0.00000        0.00000
wrapping first mol.:      -75.77322        0.00000        0.00000
wrapping first mol.:      -75.77322        0.00000        0.00000
wrapping first mol.:      -75.77549        0.00000        0.00000
wrapping first mol.:      -75.77549        0.00000        0.00000
wrapping first mol.:      -75.73705        0.00000        0.00000
wrapping first mol.:      -75.73705        0.00000        0.00000

 NSTEP =  3775000   TIME(PS) =    9250.000  TEMP(K) =   301.95  PRESS =     0.0
 Etot   =   -117040.2302  EKtot   =     20640.2969  EPtot      =   -137680.5270
 BOND   =       610.5052  ANGLE   =      1507.1525  DIHED      =       953.9802
 UB     =         0.0000  IMP     =         0.0000  CMAP       =       137.8380
 1-4 NB =       638.3384  1-4 EEL =      5823.1786  VDWAALS    =     15976.0930
 EELEC  =   -163327.6130  EHBOND  =         0.0000  RESTRAINT  =         0.0000
 EKCMT  =         0.0000  VIRIAL  =         0.0000  VOLUME     =    334428.4536
                                                    Density    =         1.0297
 ------------------------------------------------------------------------------

wrapping first mol.:      -75.71489        0.00000        0.00000
wrapping first mol.:      -75.71489        0.00000        0.00000
wrapping first mol.:      -75.62906        0.00000        0.00000
wrapping first mol.:      -75.62906        0.00000        0.00000
wrapping first mol.:      -75.62132        0.00000        0.00000
wrapping first mol.:      -75.62132        0.00000        0.00000
wrapping first mol.:      -75.70200        0.00000        0.00000
wrapping first mol.:      -75.70200        0.00000        0.00000
wrapping first mol.:      -75.64013        0.00000        0.00000
wrapping first mol.:      -75.64013        0.00000        0.00000

 NSTEP =  3800000   TIME(PS) =    9300.000  TEMP(K) =   300.63  PRESS =     0.0
 Etot   =   -116718.4217  EKtot   =     20550.0352  EPtot      =   -137268.4569
 BOND   =       611.5881  ANGLE   =      1537.2183  DIHED      =      1013.2873
 UB     =         0.0000  IMP     =         0.0000  CMAP       =       136.4425
 1-4 NB =       628.6100  1-4 EEL =      5801.4269  VDWAALS    =     16570.9240
 EELEC  =   -163567.9540  EHBOND  =         0.0000  RESTRAINT  =         0.0000
 EKCMT  =         0.0000  VIRIAL  =         0.0000  VOLUME     =    333146.2736
                                                    Density    =         1.0336
 ------------------------------------------------------------------------------

wrapping first mol.:      -75.68222        0.00000        0.00000
wrapping first mol.:      -75.68222        0.00000        0.00000
wrapping first mol.:      -75.64287        0.00000        0.00000
wrapping first mol.:      -75.64287        0.00000        0.00000
wrapping first mol.:      -75.68887        0.00000        0.00000
wrapping first mol.:      -75.68887        0.00000        0.00000
wrapping first mol.:      -75.72043        0.00000        0.00000
wrapping first mol.:      -75.72043        0.00000        0.00000
wrapping first mol.:      -75.73455        0.00000        0.00000
wrapping first mol.:      -75.73455        0.00000        0.00000

 NSTEP =  3825000   TIME(PS) =    9350.000  TEMP(K) =   300.66  PRESS =     0.0
 Etot   =   -117171.1299  EKtot   =     20552.1211  EPtot      =   -137723.2510
 BOND   =       572.6468  ANGLE   =      1470.9132  DIHED      =       983.6839
 UB     =         0.0000  IMP     =         0.0000  CMAP       =       150.1885
 1-4 NB =       624.9031  1-4 EEL =      5777.3389  VDWAALS    =     16774.7426
 EELEC  =   -164077.6680  EHBOND  =         0.0000  RESTRAINT  =         0.0000
 EKCMT  =         0.0000  VIRIAL  =         0.0000  VOLUME     =    334395.3898
                                                    Density    =         1.0298
 ------------------------------------------------------------------------------

wrapping first mol.:      -75.66840        0.00000        0.00000
wrapping first mol.:      -75.66840        0.00000        0.00000
wrapping first mol.:      -75.75090        0.00000        0.00000
wrapping first mol.:      -75.75090        0.00000        0.00000
wrapping first mol.:      -75.72556        0.00000        0.00000
wrapping first mol.:      -75.72556        0.00000        0.00000
wrapping first mol.:      -75.73902        0.00000        0.00000
wrapping first mol.:      -75.73902        0.00000        0.00000
wrapping first mol.:      -75.60491        0.00000        0.00000
wrapping first mol.:      -75.60491        0.00000        0.00000

 NSTEP =  3850000   TIME(PS) =    9400.000  TEMP(K) =   299.72  PRESS =     0.0
 Etot   =   -117314.5439  EKtot   =     20487.5684  EPtot      =   -137802.1123
 BOND   =       550.0027  ANGLE   =      1500.3886  DIHED      =       967.8341
 UB     =         0.0000  IMP     =         0.0000  CMAP       =       140.2132
 1-4 NB =       631.0493  1-4 EEL =      5849.8549  VDWAALS    =     16804.8179
 EELEC  =   -164246.2730  EHBOND  =         0.0000  RESTRAINT  =         0.0000
 EKCMT  =         0.0000  VIRIAL  =         0.0000  VOLUME     =    332681.1056
                                                    Density    =         1.0351
 ------------------------------------------------------------------------------

wrapping first mol.:      -75.61600        0.00000        0.00000
wrapping first mol.:      -75.61600        0.00000        0.00000
wrapping first mol.:      -75.68691        0.00000        0.00000
wrapping first mol.:      -75.68691        0.00000        0.00000
wrapping first mol.:      -75.67467        0.00000        0.00000
wrapping first mol.:      -75.67467        0.00000        0.00000
wrapping first mol.:      -75.65421        0.00000        0.00000
wrapping first mol.:      -75.65421        0.00000        0.00000
wrapping first mol.:      -75.72877        0.00000        0.00000
wrapping first mol.:      -75.72877        0.00000        0.00000

 NSTEP =  3875000   TIME(PS) =    9450.000  TEMP(K) =   299.30  PRESS =     0.0
 Etot   =   -117162.0394  EKtot   =     20459.0430  EPtot      =   -137621.0824
 BOND   =       564.9675  ANGLE   =      1513.7602  DIHED      =       992.8950
 UB     =         0.0000  IMP     =         0.0000  CMAP       =       155.1357
 1-4 NB =       649.5609  1-4 EEL =      5788.6829  VDWAALS    =     16642.4546
 EELEC  =   -163928.5393  EHBOND  =         0.0000  RESTRAINT  =         0.0000
 EKCMT  =         0.0000  VIRIAL  =         0.0000  VOLUME     =    334318.8034
                                                    Density    =         1.0300
 ------------------------------------------------------------------------------

wrapping first mol.:      -75.79817        0.00000        0.00000
wrapping first mol.:      -75.79817        0.00000        0.00000
wrapping first mol.:      -75.66255        0.00000        0.00000
wrapping first mol.:      -75.66255        0.00000        0.00000
wrapping first mol.:      -75.64947        0.00000        0.00000
wrapping first mol.:      -75.64947        0.00000        0.00000
wrapping first mol.:      -75.61844        0.00000        0.00000
wrapping first mol.:      -75.61844        0.00000        0.00000
wrapping first mol.:      -75.70837        0.00000        0.00000
wrapping first mol.:      -75.70837        0.00000        0.00000

 NSTEP =  3900000   TIME(PS) =    9500.000  TEMP(K) =   301.88  PRESS =     0.0
 Etot   =   -116901.5245  EKtot   =     20635.2832  EPtot      =   -137536.8077
 BOND   =       571.4618  ANGLE   =      1509.4405  DIHED      =       963.4270
 UB     =         0.0000  IMP     =         0.0000  CMAP       =       135.3632
 1-4 NB =       652.4082  1-4 EEL =      5860.7881  VDWAALS    =     16652.3997
 EELEC  =   -163882.0963  EHBOND  =         0.0000  RESTRAINT  =         0.0000
 EKCMT  =         0.0000  VIRIAL  =         0.0000  VOLUME     =    334048.6941
                                                    Density    =         1.0308
 ------------------------------------------------------------------------------

wrapping first mol.:      -75.58594        0.00000        0.00000
wrapping first mol.:      -75.58594        0.00000        0.00000
wrapping first mol.:      -75.68419        0.00000        0.00000
wrapping first mol.:      -75.68419        0.00000        0.00000
wrapping first mol.:      -75.77730        0.00000        0.00000
wrapping first mol.:      -75.77730        0.00000        0.00000
wrapping first mol.:      -75.71631        0.00000        0.00000
wrapping first mol.:      -75.71631        0.00000        0.00000
wrapping first mol.:      -75.82070        0.00000        0.00000
wrapping first mol.:      -75.82070        0.00000        0.00000

 NSTEP =  3925000   TIME(PS) =    9550.000  TEMP(K) =   300.15  PRESS =     0.0
 Etot   =   -117234.0137  EKtot   =     20517.2852  EPtot      =   -137751.2989
 BOND   =       569.2180  ANGLE   =      1570.9828  DIHED      =       957.1956
 UB     =         0.0000  IMP     =         0.0000  CMAP       =       135.9494
 1-4 NB =       635.7887  1-4 EEL =      5809.2735  VDWAALS    =     16545.7738
 EELEC  =   -163975.4807  EHBOND  =         0.0000  RESTRAINT  =         0.0000
 EKCMT  =         0.0000  VIRIAL  =         0.0000  VOLUME     =    335537.8181
                                                    Density    =         1.0263
 ------------------------------------------------------------------------------

wrapping first mol.:      -75.72776        0.00000        0.00000
wrapping first mol.:      -75.72776        0.00000        0.00000
wrapping first mol.:      -75.64706        0.00000        0.00000
wrapping first mol.:      -75.64706        0.00000        0.00000
wrapping first mol.:      -75.77280        0.00000        0.00000
wrapping first mol.:      -75.77280        0.00000        0.00000
wrapping first mol.:      -75.74362        0.00000        0.00000
wrapping first mol.:      -75.74362        0.00000        0.00000
wrapping first mol.:      -75.70766        0.00000        0.00000
wrapping first mol.:      -75.70766        0.00000        0.00000

 NSTEP =  3950000   TIME(PS) =    9600.000  TEMP(K) =   301.89  PRESS =     0.0
 Etot   =   -117121.3061  EKtot   =     20636.4492  EPtot      =   -137757.7553
 BOND   =       555.1082  ANGLE   =      1540.1375  DIHED      =       986.2350
 UB     =         0.0000  IMP     =         0.0000  CMAP       =       135.7147
 1-4 NB =       635.3486  1-4 EEL =      5766.3229  VDWAALS    =     16450.7927
 EELEC  =   -163827.4150  EHBOND  =         0.0000  RESTRAINT  =         0.0000
 EKCMT  =         0.0000  VIRIAL  =         0.0000  VOLUME     =    334039.3070
                                                    Density    =         1.0309
 ------------------------------------------------------------------------------

wrapping first mol.:      -75.77425        0.00000        0.00000
wrapping first mol.:      -75.77425        0.00000        0.00000
wrapping first mol.:      -75.61168        0.00000        0.00000
wrapping first mol.:      -75.61168        0.00000        0.00000
wrapping first mol.:      -75.60478        0.00000        0.00000
wrapping first mol.:      -75.60478        0.00000        0.00000
wrapping first mol.:      -75.71293        0.00000        0.00000
wrapping first mol.:      -75.71293        0.00000        0.00000
wrapping first mol.:      -75.76229        0.00000        0.00000
wrapping first mol.:      -75.76229        0.00000        0.00000

 NSTEP =  3975000   TIME(PS) =    9650.000  TEMP(K) =   300.62  PRESS =     0.0
 Etot   =   -117304.8842  EKtot   =     20549.4961  EPtot      =   -137854.3802
 BOND   =       571.3294  ANGLE   =      1536.9194  DIHED      =      1002.9974
 UB     =         0.0000  IMP     =         0.0000  CMAP       =       146.3369
 1-4 NB =       627.2534  1-4 EEL =      5690.6813  VDWAALS    =     16194.4999
 EELEC  =   -163624.3979  EHBOND  =         0.0000  RESTRAINT  =         0.0000
 EKCMT  =         0.0000  VIRIAL  =         0.0000  VOLUME     =    334763.0059
                                                    Density    =         1.0286
 ------------------------------------------------------------------------------

wrapping first mol.:      -75.68008        0.00000        0.00000
wrapping first mol.:      -75.68008        0.00000        0.00000
wrapping first mol.:      -75.68959        0.00000        0.00000
wrapping first mol.:      -75.68959        0.00000        0.00000
wrapping first mol.:      -75.73382        0.00000        0.00000
wrapping first mol.:      -75.73382        0.00000        0.00000
wrapping first mol.:      -75.76268        0.00000        0.00000
wrapping first mol.:      -75.76268        0.00000        0.00000
wrapping first mol.:      -75.76086        0.00000        0.00000
wrapping first mol.:      -75.76086        0.00000        0.00000

 NSTEP =  4000000   TIME(PS) =    9700.000  TEMP(K) =   302.67  PRESS =     0.0
 Etot   =   -116790.1817  EKtot   =     20689.2344  EPtot      =   -137479.4160
 BOND   =       570.1629  ANGLE   =      1526.6007  DIHED      =       981.7221
 UB     =         0.0000  IMP     =         0.0000  CMAP       =       142.9658
 1-4 NB =       610.1135  1-4 EEL =      5787.2074  VDWAALS    =     16324.0735
 EELEC  =   -163422.2621  EHBOND  =         0.0000  RESTRAINT  =         0.0000
 EKCMT  =         0.0000  VIRIAL  =         0.0000  VOLUME     =    334744.0142
                                                    Density    =         1.0287
 ------------------------------------------------------------------------------

wrapping first mol.:      -75.80124        0.00000        0.00000
wrapping first mol.:      -75.80124        0.00000        0.00000
wrapping first mol.:      -75.72832        0.00000        0.00000
wrapping first mol.:      -75.72832        0.00000        0.00000
wrapping first mol.:      -75.71398        0.00000        0.00000
wrapping first mol.:      -75.71398        0.00000        0.00000
wrapping first mol.:      -75.64173        0.00000        0.00000
wrapping first mol.:      -75.64173        0.00000        0.00000
wrapping first mol.:      -75.61938        0.00000        0.00000
wrapping first mol.:      -75.61938        0.00000        0.00000

 NSTEP =  4025000   TIME(PS) =    9750.000  TEMP(K) =   296.17  PRESS =     0.0
 Etot   =   -117521.1104  EKtot   =     20245.1562  EPtot      =   -137766.2667
 BOND   =       579.4427  ANGLE   =      1501.7875  DIHED      =       978.5712
 UB     =         0.0000  IMP     =         0.0000  CMAP       =       138.0871
 1-4 NB =       639.1774  1-4 EEL =      5784.1698  VDWAALS    =     16262.8029
 EELEC  =   -163650.3054  EHBOND  =         0.0000  RESTRAINT  =         0.0000
 EKCMT  =         0.0000  VIRIAL  =         0.0000  VOLUME     =    332872.1763
                                                    Density    =         1.0345
 ------------------------------------------------------------------------------

wrapping first mol.:      -75.68646        0.00000        0.00000
wrapping first mol.:      -75.68646        0.00000        0.00000
wrapping first mol.:      -75.64966        0.00000        0.00000
wrapping first mol.:      -75.64966        0.00000        0.00000
wrapping first mol.:      -75.72253        0.00000        0.00000
wrapping first mol.:      -75.72253        0.00000        0.00000
wrapping first mol.:      -75.82501        0.00000        0.00000
wrapping first mol.:      -75.82501        0.00000        0.00000
wrapping first mol.:      -75.60544        0.00000        0.00000
wrapping first mol.:      -75.60544        0.00000        0.00000

 NSTEP =  4050000   TIME(PS) =    9800.000  TEMP(K) =   302.08  PRESS =     0.0
 Etot   =   -117115.1286  EKtot   =     20649.4414  EPtot      =   -137764.5700
 BOND   =       575.1582  ANGLE   =      1465.5752  DIHED      =       972.4882
 UB     =         0.0000  IMP     =         0.0000  CMAP       =       148.7041
 1-4 NB =       640.2071  1-4 EEL =      5751.4699  VDWAALS    =     16436.5063
 EELEC  =   -163754.6790  EHBOND  =         0.0000  RESTRAINT  =         0.0000
 EKCMT  =         0.0000  VIRIAL  =         0.0000  VOLUME     =    332688.1473
                                                    Density    =         1.0351
 ------------------------------------------------------------------------------

wrapping first mol.:      -75.72545        0.00000        0.00000
wrapping first mol.:      -75.72545        0.00000        0.00000
wrapping first mol.:      -75.68372        0.00000        0.00000
wrapping first mol.:      -75.68372        0.00000        0.00000
wrapping first mol.:      -75.74075        0.00000        0.00000
wrapping first mol.:      -75.74075        0.00000        0.00000
wrapping first mol.:      -75.68128        0.00000        0.00000
wrapping first mol.:      -75.68128        0.00000        0.00000
wrapping first mol.:      -75.78681        0.00000        0.00000
wrapping first mol.:      -75.78681        0.00000        0.00000

 NSTEP =  4075000   TIME(PS) =    9850.000  TEMP(K) =   299.04  PRESS =     0.0
 Etot   =   -117044.0788  EKtot   =     20441.5664  EPtot      =   -137485.6453
 BOND   =       576.7722  ANGLE   =      1518.4453  DIHED      =       980.5237
 UB     =         0.0000  IMP     =         0.0000  CMAP       =       138.3905
 1-4 NB =       636.8136  1-4 EEL =      5850.1352  VDWAALS    =     16211.2131
 EELEC  =   -163397.9389  EHBOND  =         0.0000  RESTRAINT  =         0.0000
 EKCMT  =         0.0000  VIRIAL  =         0.0000  VOLUME     =    335088.0670
                                                    Density    =         1.0276
 ------------------------------------------------------------------------------

wrapping first mol.:      -75.72239        0.00000        0.00000
wrapping first mol.:      -75.72239        0.00000        0.00000
wrapping first mol.:      -75.70596        0.00000        0.00000
wrapping first mol.:      -75.70596        0.00000        0.00000
wrapping first mol.:      -75.79940        0.00000        0.00000
wrapping first mol.:      -75.79940        0.00000        0.00000
wrapping first mol.:      -75.71390        0.00000        0.00000
wrapping first mol.:      -75.71390        0.00000        0.00000
wrapping first mol.:      -75.65411        0.00000        0.00000
wrapping first mol.:      -75.65411        0.00000        0.00000

 NSTEP =  4100000   TIME(PS) =    9900.000  TEMP(K) =   297.45  PRESS =     0.0
 Etot   =   -117325.5394  EKtot   =     20332.7402  EPtot      =   -137658.2796
 BOND   =       565.0598  ANGLE   =      1524.0010  DIHED      =       956.5110
 UB     =         0.0000  IMP     =         0.0000  CMAP       =       139.1701
 1-4 NB =       634.7092  1-4 EEL =      5795.1088  VDWAALS    =     16128.0817
 EELEC  =   -163400.9211  EHBOND  =         0.0000  RESTRAINT  =         0.0000
 EKCMT  =         0.0000  VIRIAL  =         0.0000  VOLUME     =    333331.0543
                                                    Density    =         1.0331
 ------------------------------------------------------------------------------

wrapping first mol.:      -75.62940        0.00000        0.00000
wrapping first mol.:      -75.62940        0.00000        0.00000
wrapping first mol.:      -75.68383        0.00000        0.00000
wrapping first mol.:      -75.68383        0.00000        0.00000
wrapping first mol.:      -75.73734        0.00000        0.00000
wrapping first mol.:      -75.73734        0.00000        0.00000
wrapping first mol.:      -75.69229        0.00000        0.00000
wrapping first mol.:      -75.69229        0.00000        0.00000
wrapping first mol.:      -75.71077        0.00000        0.00000
wrapping first mol.:      -75.71077        0.00000        0.00000

 NSTEP =  4125000   TIME(PS) =    9950.000  TEMP(K) =   298.29  PRESS =     0.0
 Etot   =   -117455.4115  EKtot   =     20389.9727  EPtot      =   -137845.3841
 BOND   =       548.3295  ANGLE   =      1537.2914  DIHED      =       973.7011
 UB     =         0.0000  IMP     =         0.0000  CMAP       =       143.5740
 1-4 NB =       624.5686  1-4 EEL =      5739.3659  VDWAALS    =     16749.5604
 EELEC  =   -164161.7750  EHBOND  =         0.0000  RESTRAINT  =         0.0000
 EKCMT  =         0.0000  VIRIAL  =         0.0000  VOLUME     =    334080.5308
                                                    Density    =         1.0307
 ------------------------------------------------------------------------------

wrapping first mol.:      -75.73959        0.00000        0.00000
wrapping first mol.:      -75.73959        0.00000        0.00000
wrapping first mol.:      -75.71459        0.00000        0.00000
wrapping first mol.:      -75.71459        0.00000        0.00000
wrapping first mol.:      -75.63726        0.00000        0.00000
wrapping first mol.:      -75.63726        0.00000        0.00000
wrapping first mol.:      -75.77067        0.00000        0.00000
wrapping first mol.:      -75.77067        0.00000        0.00000
wrapping first mol.:      -75.70025        0.00000        0.00000
wrapping first mol.:      -75.70025        0.00000        0.00000

 NSTEP =  4150000   TIME(PS) =   10000.000  TEMP(K) =   299.54  PRESS =     0.0
 Etot   =   -117315.2080  EKtot   =     20475.3066  EPtot      =   -137790.5147
 BOND   =       581.4698  ANGLE   =      1540.0718  DIHED      =       959.8258
 UB     =         0.0000  IMP     =         0.0000  CMAP       =       128.7856
 1-4 NB =       636.7335  1-4 EEL =      5701.5303  VDWAALS    =     16307.0404
 EELEC  =   -163645.9720  EHBOND  =         0.0000  RESTRAINT  =         0.0000
 EKCMT  =         0.0000  VIRIAL  =         0.0000  VOLUME     =    333941.2001
                                                    Density    =         1.0312
 ------------------------------------------------------------------------------

wrapping first mol.:      -75.69131        0.00000        0.00000
wrapping first mol.:      -75.69131        0.00000        0.00000
wrapping first mol.:      -75.82332        0.00000        0.00000
wrapping first mol.:      -75.82332        0.00000        0.00000
wrapping first mol.:      -75.72837        0.00000        0.00000
wrapping first mol.:      -75.72837        0.00000        0.00000
wrapping first mol.:      -75.67398        0.00000        0.00000
wrapping first mol.:      -75.67398        0.00000        0.00000
wrapping first mol.:      -75.64706        0.00000        0.00000
wrapping first mol.:      -75.64706        0.00000        0.00000

 NSTEP =  4175000   TIME(PS) =   10050.000  TEMP(K) =   298.15  PRESS =     0.0
 Etot   =   -117332.2761  EKtot   =     20380.5645  EPtot      =   -137712.8405
 BOND   =       580.2090  ANGLE   =      1531.5724  DIHED      =       975.6905
 UB     =         0.0000  IMP     =         0.0000  CMAP       =       133.4098
 1-4 NB =       627.9181  1-4 EEL =      5780.9796  VDWAALS    =     16329.6318
 EELEC  =   -163672.2518  EHBOND  =         0.0000  RESTRAINT  =         0.0000
 EKCMT  =         0.0000  VIRIAL  =         0.0000  VOLUME     =    333237.7851
                                                    Density    =         1.0333
 ------------------------------------------------------------------------------

wrapping first mol.:      -75.75089        0.00000        0.00000
wrapping first mol.:      -75.75089        0.00000        0.00000
wrapping first mol.:      -75.77719        0.00000        0.00000
wrapping first mol.:      -75.77719        0.00000        0.00000
wrapping first mol.:      -75.72188        0.00000        0.00000
wrapping first mol.:      -75.72188        0.00000        0.00000
wrapping first mol.:      -75.74578        0.00000        0.00000
wrapping first mol.:      -75.74578        0.00000        0.00000
wrapping first mol.:      -75.64868        0.00000        0.00000
wrapping first mol.:      -75.64868        0.00000        0.00000

 NSTEP =  4200000   TIME(PS) =   10100.000  TEMP(K) =   300.58  PRESS =     0.0
 Etot   =   -117105.0292  EKtot   =     20546.4141  EPtot      =   -137651.4433
 BOND   =       564.4836  ANGLE   =      1502.2843  DIHED      =      1002.3088
 UB     =         0.0000  IMP     =         0.0000  CMAP       =       138.1461
 1-4 NB =       639.7854  1-4 EEL =      5796.9718  VDWAALS    =     16137.3702
 EELEC  =   -163432.7936  EHBOND  =         0.0000  RESTRAINT  =         0.0000
 EKCMT  =         0.0000  VIRIAL  =         0.0000  VOLUME     =    333259.1764
                                                    Density    =         1.0333
 ------------------------------------------------------------------------------

wrapping first mol.:      -75.81792        0.00000        0.00000
wrapping first mol.:      -75.81792        0.00000        0.00000
wrapping first mol.:      -75.82042        0.00000        0.00000
wrapping first mol.:      -75.82042        0.00000        0.00000
wrapping first mol.:      -75.79409        0.00000        0.00000
wrapping first mol.:      -75.79409        0.00000        0.00000
wrapping first mol.:      -75.74673        0.00000        0.00000
wrapping first mol.:      -75.74673        0.00000        0.00000
wrapping first mol.:      -75.60240        0.00000        0.00000
wrapping first mol.:      -75.60240        0.00000        0.00000

 NSTEP =  4225000   TIME(PS) =   10150.000  TEMP(K) =   300.39  PRESS =     0.0
 Etot   =   -117168.5790  EKtot   =     20533.3379  EPtot      =   -137701.9169
 BOND   =       568.8725  ANGLE   =      1578.7849  DIHED      =       997.9103
 UB     =         0.0000  IMP     =         0.0000  CMAP       =       137.9546
 1-4 NB =       622.0774  1-4 EEL =      5778.6198  VDWAALS    =     16712.2117
 EELEC  =   -164098.3483  EHBOND  =         0.0000  RESTRAINT  =         0.0000
 EKCMT  =         0.0000  VIRIAL  =         0.0000  VOLUME     =    332647.9501
                                                    Density    =         1.0352
 ------------------------------------------------------------------------------

wrapping first mol.:      -75.71926        0.00000        0.00000
wrapping first mol.:      -75.71926        0.00000        0.00000
wrapping first mol.:      -75.68773        0.00000        0.00000
wrapping first mol.:      -75.68773        0.00000        0.00000
wrapping first mol.:      -75.77207        0.00000        0.00000
wrapping first mol.:      -75.77207        0.00000        0.00000
wrapping first mol.:      -75.63942        0.00000        0.00000
wrapping first mol.:      -75.63942        0.00000        0.00000
wrapping first mol.:      -75.73244        0.00000        0.00000
wrapping first mol.:      -75.73244        0.00000        0.00000

 NSTEP =  4250000   TIME(PS) =   10200.000  TEMP(K) =   298.91  PRESS =     0.0
 Etot   =   -117392.9117  EKtot   =     20432.4492  EPtot      =   -137825.3609
 BOND   =       583.1532  ANGLE   =      1531.1920  DIHED      =       957.0981
 UB     =         0.0000  IMP     =         0.0000  CMAP       =       147.9930
 1-4 NB =       626.4302  1-4 EEL =      5819.1860  VDWAALS    =     16772.0370
 EELEC  =   -164262.4504  EHBOND  =         0.0000  RESTRAINT  =         0.0000
 EKCMT  =         0.0000  VIRIAL  =         0.0000  VOLUME     =    334367.4793
                                                    Density    =         1.0299
 ------------------------------------------------------------------------------

wrapping first mol.:      -75.62642        0.00000        0.00000
wrapping first mol.:      -75.62642        0.00000        0.00000
wrapping first mol.:      -75.75864        0.00000        0.00000
wrapping first mol.:      -75.75864        0.00000        0.00000
wrapping first mol.:      -75.68434        0.00000        0.00000
wrapping first mol.:      -75.68434        0.00000        0.00000
wrapping first mol.:      -75.72779        0.00000        0.00000
wrapping first mol.:      -75.72779        0.00000        0.00000
wrapping first mol.:      -75.73514        0.00000        0.00000
wrapping first mol.:      -75.73514        0.00000        0.00000

 NSTEP =  4275000   TIME(PS) =   10250.000  TEMP(K) =   300.34  PRESS =     0.0
 Etot   =   -116974.3953  EKtot   =     20530.1719  EPtot      =   -137504.5672
 BOND   =       573.5294  ANGLE   =      1557.1265  DIHED      =       983.2967
 UB     =         0.0000  IMP     =         0.0000  CMAP       =       141.7717
 1-4 NB =       629.6398  1-4 EEL =      5760.4490  VDWAALS    =     16667.3257
 EELEC  =   -163817.7061  EHBOND  =         0.0000  RESTRAINT  =         0.0000
 EKCMT  =         0.0000  VIRIAL  =         0.0000  VOLUME     =    334403.1984
                                                    Density    =         1.0297
 ------------------------------------------------------------------------------

wrapping first mol.:      -75.61549        0.00000        0.00000
wrapping first mol.:      -75.61549        0.00000        0.00000
wrapping first mol.:      -75.63650        0.00000        0.00000
wrapping first mol.:      -75.63650        0.00000        0.00000
wrapping first mol.:      -75.68513        0.00000        0.00000
wrapping first mol.:      -75.68513        0.00000        0.00000
wrapping first mol.:      -75.69818        0.00000        0.00000
wrapping first mol.:      -75.69818        0.00000        0.00000
wrapping first mol.:      -75.65398        0.00000        0.00000
wrapping first mol.:      -75.65398        0.00000        0.00000

 NSTEP =  4300000   TIME(PS) =   10300.000  TEMP(K) =   297.86  PRESS =     0.0
 Etot   =   -117158.0454  EKtot   =     20360.8301  EPtot      =   -137518.8755
 BOND   =       556.6531  ANGLE   =      1549.2070  DIHED      =       983.0044
 UB     =         0.0000  IMP     =         0.0000  CMAP       =       137.8219
 1-4 NB =       638.1118  1-4 EEL =      5806.0816  VDWAALS    =     16425.5882
 EELEC  =   -163615.3435  EHBOND  =         0.0000  RESTRAINT  =         0.0000
 EKCMT  =         0.0000  VIRIAL  =         0.0000  VOLUME     =    333329.2941
                                                    Density    =         1.0331
 ------------------------------------------------------------------------------

wrapping first mol.:      -75.59000        0.00000        0.00000
wrapping first mol.:      -75.59000        0.00000        0.00000
wrapping first mol.:      -75.66294        0.00000        0.00000
wrapping first mol.:      -75.66294        0.00000        0.00000
wrapping first mol.:      -75.62327        0.00000        0.00000
wrapping first mol.:      -75.62327        0.00000        0.00000
wrapping first mol.:      -75.66682        0.00000        0.00000
wrapping first mol.:      -75.66682        0.00000        0.00000
wrapping first mol.:      -75.57116        0.00000        0.00000
wrapping first mol.:      -75.57116        0.00000        0.00000

 NSTEP =  4325000   TIME(PS) =   10350.000  TEMP(K) =   299.65  PRESS =     0.0
 Etot   =   -117190.1709  EKtot   =     20482.8281  EPtot      =   -137672.9990
 BOND   =       542.3837  ANGLE   =      1512.1288  DIHED      =      1012.1973
 UB     =         0.0000  IMP     =         0.0000  CMAP       =       141.1441
 1-4 NB =       611.9695  1-4 EEL =      5782.0842  VDWAALS    =     16277.5166
 EELEC  =   -163552.4233  EHBOND  =         0.0000  RESTRAINT  =         0.0000
 EKCMT  =         0.0000  VIRIAL  =         0.0000  VOLUME     =    332235.7871
                                                    Density    =         1.0365
 ------------------------------------------------------------------------------

wrapping first mol.:      -75.74500        0.00000        0.00000
wrapping first mol.:      -75.74500        0.00000        0.00000
wrapping first mol.:      -75.68945        0.00000        0.00000
wrapping first mol.:      -75.68945        0.00000        0.00000
wrapping first mol.:      -75.61031        0.00000        0.00000
wrapping first mol.:      -75.61031        0.00000        0.00000
wrapping first mol.:      -75.63594        0.00000        0.00000
wrapping first mol.:      -75.63594        0.00000        0.00000
wrapping first mol.:      -75.70433        0.00000        0.00000
wrapping first mol.:      -75.70433        0.00000        0.00000

 NSTEP =  4350000   TIME(PS) =   10400.000  TEMP(K) =   300.77  PRESS =     0.0
 Etot   =   -117047.8110  EKtot   =     20559.4336  EPtot      =   -137607.2446
 BOND   =       541.0886  ANGLE   =      1559.7779  DIHED      =       988.1614
 UB     =         0.0000  IMP     =         0.0000  CMAP       =       145.9199
 1-4 NB =       629.4868  1-4 EEL =      5782.1226  VDWAALS    =     16749.8976
 EELEC  =   -164003.6995  EHBOND  =         0.0000  RESTRAINT  =         0.0000
 EKCMT  =         0.0000  VIRIAL  =         0.0000  VOLUME     =    333995.2245
                                                    Density    =         1.0310
 ------------------------------------------------------------------------------

wrapping first mol.:      -75.64352        0.00000        0.00000
wrapping first mol.:      -75.64352        0.00000        0.00000
wrapping first mol.:      -75.75631        0.00000        0.00000
wrapping first mol.:      -75.75631        0.00000        0.00000
wrapping first mol.:      -75.63828        0.00000        0.00000
wrapping first mol.:      -75.63828        0.00000        0.00000
wrapping first mol.:      -75.65947        0.00000        0.00000
wrapping first mol.:      -75.65947        0.00000        0.00000
wrapping first mol.:      -75.63700        0.00000        0.00000
wrapping first mol.:      -75.63700        0.00000        0.00000

 NSTEP =  4375000   TIME(PS) =   10450.000  TEMP(K) =   298.17  PRESS =     0.0
 Etot   =   -117183.3468  EKtot   =     20381.5430  EPtot      =   -137564.8898
 BOND   =       573.3106  ANGLE   =      1556.0371  DIHED      =       991.7243
 UB     =         0.0000  IMP     =         0.0000  CMAP       =       134.1175
 1-4 NB =       643.4963  1-4 EEL =      5760.8081  VDWAALS    =     16369.3572
 EELEC  =   -163593.7409  EHBOND  =         0.0000  RESTRAINT  =         0.0000
 EKCMT  =         0.0000  VIRIAL  =         0.0000  VOLUME     =    333104.9229
                                                    Density    =         1.0338
 ------------------------------------------------------------------------------

wrapping first mol.:      -75.64548        0.00000        0.00000
wrapping first mol.:      -75.64548        0.00000        0.00000
wrapping first mol.:      -75.69989        0.00000        0.00000
wrapping first mol.:      -75.69989        0.00000        0.00000
wrapping first mol.:      -75.63184        0.00000        0.00000
wrapping first mol.:      -75.63184        0.00000        0.00000
wrapping first mol.:      -75.58479        0.00000        0.00000
wrapping first mol.:      -75.58479        0.00000        0.00000
wrapping first mol.:      -75.57837        0.00000        0.00000
wrapping first mol.:      -75.57837        0.00000        0.00000

 NSTEP =  4400000   TIME(PS) =   10500.000  TEMP(K) =   300.17  PRESS =     0.0
 Etot   =   -116990.0615  EKtot   =     20518.6211  EPtot      =   -137508.6826
 BOND   =       550.2451  ANGLE   =      1490.3615  DIHED      =       979.9830
 UB     =         0.0000  IMP     =         0.0000  CMAP       =       136.4194
 1-4 NB =       637.8398  1-4 EEL =      5842.7560  VDWAALS    =     16436.3749
 EELEC  =   -163582.6623  EHBOND  =         0.0000  RESTRAINT  =         0.0000
 EKCMT  =         0.0000  VIRIAL  =         0.0000  VOLUME     =    332330.9092
                                                    Density    =         1.0362
 ------------------------------------------------------------------------------

wrapping first mol.:      -75.75487        0.00000        0.00000
wrapping first mol.:      -75.75487        0.00000        0.00000
wrapping first mol.:      -75.73238        0.00000        0.00000
wrapping first mol.:      -75.73238        0.00000        0.00000
wrapping first mol.:      -75.75037        0.00000        0.00000
wrapping first mol.:      -75.75037        0.00000        0.00000
wrapping first mol.:      -75.73217        0.00000        0.00000
wrapping first mol.:      -75.73217        0.00000        0.00000
wrapping first mol.:      -75.59677        0.00000        0.00000
wrapping first mol.:      -75.59677        0.00000        0.00000

 NSTEP =  4425000   TIME(PS) =   10550.000  TEMP(K) =   302.98  PRESS =     0.0
 Etot   =   -117337.9205  EKtot   =     20710.3105  EPtot      =   -138048.2311
 BOND   =       533.6740  ANGLE   =      1489.3768  DIHED      =       971.9884
 UB     =         0.0000  IMP     =         0.0000  CMAP       =       126.3698
 1-4 NB =       649.5160  1-4 EEL =      5802.5126  VDWAALS    =     16757.4201
 EELEC  =   -164379.0887  EHBOND  =         0.0000  RESTRAINT  =         0.0000
 EKCMT  =         0.0000  VIRIAL  =         0.0000  VOLUME     =    332573.6173
                                                    Density    =         1.0354
 ------------------------------------------------------------------------------

wrapping first mol.:      -75.73330        0.00000        0.00000
wrapping first mol.:      -75.73330        0.00000        0.00000
wrapping first mol.:      -75.69017        0.00000        0.00000
wrapping first mol.:      -75.69017        0.00000        0.00000
wrapping first mol.:      -75.78410        0.00000        0.00000
wrapping first mol.:      -75.78410        0.00000        0.00000
wrapping first mol.:      -75.62377        0.00000        0.00000
wrapping first mol.:      -75.62377        0.00000        0.00000
wrapping first mol.:      -75.74349        0.00000        0.00000
wrapping first mol.:      -75.74349        0.00000        0.00000

 NSTEP =  4450000   TIME(PS) =   10600.000  TEMP(K) =   299.55  PRESS =     0.0
 Etot   =   -117015.6873  EKtot   =     20475.9414  EPtot      =   -137491.6287
 BOND   =       586.7336  ANGLE   =      1506.9608  DIHED      =       963.8847
 UB     =         0.0000  IMP     =         0.0000  CMAP       =       130.1434
 1-4 NB =       638.1273  1-4 EEL =      5830.4886  VDWAALS    =     16399.9440
 EELEC  =   -163547.9113  EHBOND  =         0.0000  RESTRAINT  =         0.0000
 EKCMT  =         0.0000  VIRIAL  =         0.0000  VOLUME     =    334513.8222
                                                    Density    =         1.0294
 ------------------------------------------------------------------------------

wrapping first mol.:      -75.72755        0.00000        0.00000
wrapping first mol.:      -75.72755        0.00000        0.00000
wrapping first mol.:      -75.81868        0.00000        0.00000
wrapping first mol.:      -75.81868        0.00000        0.00000
wrapping first mol.:      -75.68651        0.00000        0.00000
wrapping first mol.:      -75.68651        0.00000        0.00000
wrapping first mol.:      -75.73311        0.00000        0.00000
wrapping first mol.:      -75.73311        0.00000        0.00000
wrapping first mol.:      -75.65915        0.00000        0.00000
wrapping first mol.:      -75.65915        0.00000        0.00000

 NSTEP =  4475000   TIME(PS) =   10650.000  TEMP(K) =   298.53  PRESS =     0.0
 Etot   =   -117283.3193  EKtot   =     20406.1445  EPtot      =   -137689.4638
 BOND   =       575.4503  ANGLE   =      1526.6756  DIHED      =       998.1690
 UB     =         0.0000  IMP     =         0.0000  CMAP       =       140.6455
 1-4 NB =       642.4515  1-4 EEL =      5772.0119  VDWAALS    =     16077.0128
 EELEC  =   -163421.8804  EHBOND  =         0.0000  RESTRAINT  =         0.0000
 EKCMT  =         0.0000  VIRIAL  =         0.0000  VOLUME     =    333397.6824
                                                    Density    =         1.0329
 ------------------------------------------------------------------------------

wrapping first mol.:      -75.72643        0.00000        0.00000
wrapping first mol.:      -75.72643        0.00000        0.00000
wrapping first mol.:      -75.65580        0.00000        0.00000
wrapping first mol.:      -75.65580        0.00000        0.00000
wrapping first mol.:      -75.67536        0.00000        0.00000
wrapping first mol.:      -75.67536        0.00000        0.00000
wrapping first mol.:      -75.61914        0.00000        0.00000
wrapping first mol.:      -75.61914        0.00000        0.00000
wrapping first mol.:      -75.66068        0.00000        0.00000
wrapping first mol.:      -75.66068        0.00000        0.00000

 NSTEP =  4500000   TIME(PS) =   10700.000  TEMP(K) =   299.50  PRESS =     0.0
 Etot   =   -117407.0380  EKtot   =     20472.7402  EPtot      =   -137879.7782
 BOND   =       535.4442  ANGLE   =      1573.5168  DIHED      =       936.1438
 UB     =         0.0000  IMP     =         0.0000  CMAP       =       138.6664
 1-4 NB =       639.7190  1-4 EEL =      5820.4319  VDWAALS    =     16469.7974
 EELEC  =   -163993.4979  EHBOND  =         0.0000  RESTRAINT  =         0.0000
 EKCMT  =         0.0000  VIRIAL  =         0.0000  VOLUME     =    333417.8081
                                                    Density    =         1.0328
 ------------------------------------------------------------------------------

wrapping first mol.:      -75.60390        0.00000        0.00000
wrapping first mol.:      -75.60390        0.00000        0.00000
wrapping first mol.:      -75.68793        0.00000        0.00000
wrapping first mol.:      -75.68793        0.00000        0.00000
wrapping first mol.:      -75.71644        0.00000        0.00000
wrapping first mol.:      -75.71644        0.00000        0.00000
wrapping first mol.:      -75.86745        0.00000        0.00000
wrapping first mol.:      -75.86745        0.00000        0.00000
wrapping first mol.:      -75.79304        0.00000        0.00000
wrapping first mol.:      -75.79304        0.00000        0.00000

 NSTEP =  4525000   TIME(PS) =   10750.000  TEMP(K) =   298.94  PRESS =     0.0
 Etot   =   -116896.4540  EKtot   =     20434.6113  EPtot      =   -137331.0653
 BOND   =       569.4689  ANGLE   =      1521.8197  DIHED      =       950.3281
 UB     =         0.0000  IMP     =         0.0000  CMAP       =       142.0546
 1-4 NB =       640.3382  1-4 EEL =      5787.0762  VDWAALS    =     16379.6260
 EELEC  =   -163321.7770  EHBOND  =         0.0000  RESTRAINT  =         0.0000
 EKCMT  =         0.0000  VIRIAL  =         0.0000  VOLUME     =    335170.7521
                                                    Density    =         1.0274
 ------------------------------------------------------------------------------

wrapping first mol.:      -75.60405        0.00000        0.00000
wrapping first mol.:      -75.60405        0.00000        0.00000
wrapping first mol.:      -75.66331        0.00000        0.00000
wrapping first mol.:      -75.66331        0.00000        0.00000
wrapping first mol.:      -75.65292        0.00000        0.00000
wrapping first mol.:      -75.65292        0.00000        0.00000
wrapping first mol.:      -75.68564        0.00000        0.00000
wrapping first mol.:      -75.68564        0.00000        0.00000
wrapping first mol.:      -75.67437        0.00000        0.00000
wrapping first mol.:      -75.67437        0.00000        0.00000

 NSTEP =  4550000   TIME(PS) =   10800.000  TEMP(K) =   300.40  PRESS =     0.0
 Etot   =   -117084.1127  EKtot   =     20533.9590  EPtot      =   -137618.0716
 BOND   =       543.7191  ANGLE   =      1571.5859  DIHED      =       990.7834
 UB     =         0.0000  IMP     =         0.0000  CMAP       =       139.1729
 1-4 NB =       634.0629  1-4 EEL =      5836.7884  VDWAALS    =     16455.8363
 EELEC  =   -163790.0206  EHBOND  =         0.0000  RESTRAINT  =         0.0000
 EKCMT  =         0.0000  VIRIAL  =         0.0000  VOLUME     =    333598.9160
                                                    Density    =         1.0322
 ------------------------------------------------------------------------------

wrapping first mol.:      -75.59746        0.00000        0.00000
wrapping first mol.:      -75.59746        0.00000        0.00000
wrapping first mol.:      -75.65997        0.00000        0.00000
wrapping first mol.:      -75.65997        0.00000        0.00000
wrapping first mol.:      -75.69871        0.00000        0.00000
wrapping first mol.:      -75.69871        0.00000        0.00000
wrapping first mol.:      -75.69506        0.00000        0.00000
wrapping first mol.:      -75.69506        0.00000        0.00000
wrapping first mol.:      -75.69259        0.00000        0.00000
wrapping first mol.:      -75.69259        0.00000        0.00000

 NSTEP =  4575000   TIME(PS) =   10850.000  TEMP(K) =   299.52  PRESS =     0.0
 Etot   =   -117269.9654  EKtot   =     20474.0625  EPtot      =   -137744.0279
 BOND   =       569.7683  ANGLE   =      1469.4418  DIHED      =       963.3083
 UB     =         0.0000  IMP     =         0.0000  CMAP       =       127.9064
 1-4 NB =       653.3145  1-4 EEL =      5854.6222  VDWAALS    =     16655.6981
 EELEC  =   -164038.0874  EHBOND  =         0.0000  RESTRAINT  =         0.0000
 EKCMT  =         0.0000  VIRIAL  =         0.0000  VOLUME     =    333839.8504
                                                    Density    =         1.0315
 ------------------------------------------------------------------------------

wrapping first mol.:      -75.57090        0.00000        0.00000
wrapping first mol.:      -75.57090        0.00000        0.00000
wrapping first mol.:      -75.75599        0.00000        0.00000
wrapping first mol.:      -75.75599        0.00000        0.00000
wrapping first mol.:      -75.71977        0.00000        0.00000
wrapping first mol.:      -75.71977        0.00000        0.00000
wrapping first mol.:      -75.70104        0.00000        0.00000
wrapping first mol.:      -75.70104        0.00000        0.00000
wrapping first mol.:      -75.71515        0.00000        0.00000
wrapping first mol.:      -75.71515        0.00000        0.00000

 NSTEP =  4600000   TIME(PS) =   10900.000  TEMP(K) =   298.82  PRESS =     0.0
 Etot   =   -117443.3096  EKtot   =     20426.2012  EPtot      =   -137869.5107
 BOND   =       549.2279  ANGLE   =      1515.4157  DIHED      =       960.8671
 UB     =         0.0000  IMP     =         0.0000  CMAP       =       147.0353
 1-4 NB =       617.1536  1-4 EEL =      5823.4122  VDWAALS    =     16662.1689
 EELEC  =   -164144.7914  EHBOND  =         0.0000  RESTRAINT  =         0.0000
 EKCMT  =         0.0000  VIRIAL  =         0.0000  VOLUME     =    334138.4979
                                                    Density    =         1.0306
 ------------------------------------------------------------------------------

wrapping first mol.:      -75.62391        0.00000        0.00000
wrapping first mol.:      -75.62391        0.00000        0.00000
wrapping first mol.:      -75.75007        0.00000        0.00000
wrapping first mol.:      -75.75007        0.00000        0.00000
wrapping first mol.:      -75.66571        0.00000        0.00000
wrapping first mol.:      -75.66571        0.00000        0.00000
wrapping first mol.:      -75.66573        0.00000        0.00000
wrapping first mol.:      -75.66573        0.00000        0.00000
wrapping first mol.:      -75.67843        0.00000        0.00000
wrapping first mol.:      -75.67843        0.00000        0.00000

 NSTEP =  4625000   TIME(PS) =   10950.000  TEMP(K) =   301.14  PRESS =     0.0
 Etot   =   -117077.7052  EKtot   =     20584.9199  EPtot      =   -137662.6251
 BOND   =       571.2229  ANGLE   =      1548.4414  DIHED      =       990.8294
 UB     =         0.0000  IMP     =         0.0000  CMAP       =       142.1803
 1-4 NB =       630.5319  1-4 EEL =      5816.8651  VDWAALS    =     16519.5201
 EELEC  =   -163882.2161  EHBOND  =         0.0000  RESTRAINT  =         0.0000
 EKCMT  =         0.0000  VIRIAL  =         0.0000  VOLUME     =    333652.5666
                                                    Density    =         1.0321
 ------------------------------------------------------------------------------

wrapping first mol.:      -75.70631        0.00000        0.00000
wrapping first mol.:      -75.70631        0.00000        0.00000
wrapping first mol.:      -75.67604        0.00000        0.00000
wrapping first mol.:      -75.67604        0.00000        0.00000
wrapping first mol.:      -75.65203        0.00000        0.00000
wrapping first mol.:      -75.65203        0.00000        0.00000
wrapping first mol.:      -75.76273        0.00000        0.00000
wrapping first mol.:      -75.76273        0.00000        0.00000
wrapping first mol.:      -75.68429        0.00000        0.00000
wrapping first mol.:      -75.68429        0.00000        0.00000

 NSTEP =  4650000   TIME(PS) =   11000.000  TEMP(K) =   298.97  PRESS =     0.0
 Etot   =   -117103.4182  EKtot   =     20436.3477  EPtot      =   -137539.7659
 BOND   =       582.2377  ANGLE   =      1527.2730  DIHED      =       981.0473
 UB     =         0.0000  IMP     =         0.0000  CMAP       =       132.5492
 1-4 NB =       637.4495  1-4 EEL =      5766.9134  VDWAALS    =     16331.9994
 EELEC  =   -163499.2354  EHBOND  =         0.0000  RESTRAINT  =         0.0000
 EKCMT  =         0.0000  VIRIAL  =         0.0000  VOLUME     =    333730.1408
                                                    Density    =         1.0318
 ------------------------------------------------------------------------------

wrapping first mol.:      -75.61108        0.00000        0.00000
wrapping first mol.:      -75.61108        0.00000        0.00000
wrapping first mol.:      -75.73959        0.00000        0.00000
wrapping first mol.:      -75.73959        0.00000        0.00000
wrapping first mol.:      -75.67901        0.00000        0.00000
wrapping first mol.:      -75.67901        0.00000        0.00000
wrapping first mol.:      -75.67201        0.00000        0.00000
wrapping first mol.:      -75.67201        0.00000        0.00000
wrapping first mol.:      -75.69568        0.00000        0.00000
wrapping first mol.:      -75.69568        0.00000        0.00000

 NSTEP =  4675000   TIME(PS) =   11050.000  TEMP(K) =   301.48  PRESS =     0.0
 Etot   =   -116978.7145  EKtot   =     20608.1680  EPtot      =   -137586.8825
 BOND   =       566.8269  ANGLE   =      1518.6039  DIHED      =       979.4523
 UB     =         0.0000  IMP     =         0.0000  CMAP       =       131.0327
 1-4 NB =       639.0430  1-4 EEL =      5821.6519  VDWAALS    =     16695.1767
 EELEC  =   -163938.6700  EHBOND  =         0.0000  RESTRAINT  =         0.0000
 EKCMT  =         0.0000  VIRIAL  =         0.0000  VOLUME     =    333880.8341
                                                    Density    =         1.0314
 ------------------------------------------------------------------------------

wrapping first mol.:      -75.74096        0.00000        0.00000
wrapping first mol.:      -75.74096        0.00000        0.00000
wrapping first mol.:      -75.67544        0.00000        0.00000
wrapping first mol.:      -75.67544        0.00000        0.00000
wrapping first mol.:      -75.73460        0.00000        0.00000
wrapping first mol.:      -75.73460        0.00000        0.00000
wrapping first mol.:      -75.76034        0.00000        0.00000
wrapping first mol.:      -75.76034        0.00000        0.00000
wrapping first mol.:      -75.73324        0.00000        0.00000
wrapping first mol.:      -75.73324        0.00000        0.00000

 NSTEP =  4700000   TIME(PS) =   11100.000  TEMP(K) =   300.13  PRESS =     0.0
 Etot   =   -117186.7603  EKtot   =     20515.5215  EPtot      =   -137702.2818
 BOND   =       607.8486  ANGLE   =      1503.7953  DIHED      =       985.2196
 UB     =         0.0000  IMP     =         0.0000  CMAP       =       132.5548
 1-4 NB =       617.2594  1-4 EEL =      5813.1889  VDWAALS    =     16130.7093
 EELEC  =   -163492.8576  EHBOND  =         0.0000  RESTRAINT  =         0.0000
 EKCMT  =         0.0000  VIRIAL  =         0.0000  VOLUME     =    334378.0247
                                                    Density    =         1.0298
 ------------------------------------------------------------------------------

wrapping first mol.:      -75.64168        0.00000        0.00000
wrapping first mol.:      -75.64168        0.00000        0.00000
wrapping first mol.:      -75.70594        0.00000        0.00000
wrapping first mol.:      -75.70594        0.00000        0.00000
wrapping first mol.:      -75.74533        0.00000        0.00000
wrapping first mol.:      -75.74533        0.00000        0.00000
wrapping first mol.:      -75.73265        0.00000        0.00000
wrapping first mol.:      -75.73265        0.00000        0.00000
wrapping first mol.:      -75.63206        0.00000        0.00000
wrapping first mol.:      -75.63206        0.00000        0.00000

 NSTEP =  4725000   TIME(PS) =   11150.000  TEMP(K) =   301.90  PRESS =     0.0
 Etot   =   -117186.9529  EKtot   =     20636.6875  EPtot      =   -137823.6404
 BOND   =       583.7505  ANGLE   =      1514.5375  DIHED      =       980.1534
 UB     =         0.0000  IMP     =         0.0000  CMAP       =       133.6769
 1-4 NB =       634.0008  1-4 EEL =      5832.9451  VDWAALS    =     16591.1954
 EELEC  =   -164093.9001  EHBOND  =         0.0000  RESTRAINT  =         0.0000
 EKCMT  =         0.0000  VIRIAL  =         0.0000  VOLUME     =    333039.6384
                                                    Density    =         1.0340
 ------------------------------------------------------------------------------

wrapping first mol.:      -75.67004        0.00000        0.00000
wrapping first mol.:      -75.67004        0.00000        0.00000
wrapping first mol.:      -75.78378        0.00000        0.00000
wrapping first mol.:      -75.78378        0.00000        0.00000
wrapping first mol.:      -75.67322        0.00000        0.00000
wrapping first mol.:      -75.67322        0.00000        0.00000
wrapping first mol.:      -75.77527        0.00000        0.00000
wrapping first mol.:      -75.77527        0.00000        0.00000
wrapping first mol.:      -75.68042        0.00000        0.00000
wrapping first mol.:      -75.68042        0.00000        0.00000

 NSTEP =  4750000   TIME(PS) =   11200.000  TEMP(K) =   301.36  PRESS =     0.0
 Etot   =   -116718.4129  EKtot   =     20599.7617  EPtot      =   -137318.1746
 BOND   =       555.4281  ANGLE   =      1520.2980  DIHED      =       981.9738
 UB     =         0.0000  IMP     =         0.0000  CMAP       =       134.9500
 1-4 NB =       628.0432  1-4 EEL =      5849.5114  VDWAALS    =     16487.8796
 EELEC  =   -163476.2588  EHBOND  =         0.0000  RESTRAINT  =         0.0000
 EKCMT  =         0.0000  VIRIAL  =         0.0000  VOLUME     =    333678.9218
                                                    Density    =         1.0320
 ------------------------------------------------------------------------------

wrapping first mol.:      -75.60891        0.00000        0.00000
wrapping first mol.:      -75.60891        0.00000        0.00000
wrapping first mol.:      -75.70545        0.00000        0.00000
wrapping first mol.:      -75.70545        0.00000        0.00000
wrapping first mol.:      -75.70021        0.00000        0.00000
wrapping first mol.:      -75.70021        0.00000        0.00000
wrapping first mol.:      -75.68763        0.00000        0.00000
wrapping first mol.:      -75.68763        0.00000        0.00000
wrapping first mol.:      -75.73512        0.00000        0.00000
wrapping first mol.:      -75.73512        0.00000        0.00000

 NSTEP =  4775000   TIME(PS) =   11250.000  TEMP(K) =   299.39  PRESS =     0.0
 Etot   =   -117057.6922  EKtot   =     20465.1621  EPtot      =   -137522.8543
 BOND   =       557.7378  ANGLE   =      1529.6036  DIHED      =       976.2438
 UB     =         0.0000  IMP     =         0.0000  CMAP       =       140.5872
 1-4 NB =       637.2257  1-4 EEL =      5799.0397  VDWAALS    =     16165.9990
 EELEC  =   -163329.2912  EHBOND  =         0.0000  RESTRAINT  =         0.0000
 EKCMT  =         0.0000  VIRIAL  =         0.0000  VOLUME     =    334403.0068
                                                    Density    =         1.0297
 ------------------------------------------------------------------------------

wrapping first mol.:      -75.64199        0.00000        0.00000
wrapping first mol.:      -75.64199        0.00000        0.00000
wrapping first mol.:      -75.69438        0.00000        0.00000
wrapping first mol.:      -75.69438        0.00000        0.00000
wrapping first mol.:      -75.63713        0.00000        0.00000
wrapping first mol.:      -75.63713        0.00000        0.00000
wrapping first mol.:      -75.75781        0.00000        0.00000
wrapping first mol.:      -75.75781        0.00000        0.00000
wrapping first mol.:      -75.66245        0.00000        0.00000
wrapping first mol.:      -75.66245        0.00000        0.00000

 NSTEP =  4800000   TIME(PS) =   11300.000  TEMP(K) =   302.32  PRESS =     0.0
 Etot   =   -117006.2092  EKtot   =     20665.4785  EPtot      =   -137671.6878
 BOND   =       557.7849  ANGLE   =      1539.3946  DIHED      =       963.2513
 UB     =         0.0000  IMP     =         0.0000  CMAP       =       139.0725
 1-4 NB =       642.3953  1-4 EEL =      5826.1028  VDWAALS    =     16440.5280
 EELEC  =   -163780.2172  EHBOND  =         0.0000  RESTRAINT  =         0.0000
 EKCMT  =         0.0000  VIRIAL  =         0.0000  VOLUME     =    333441.3046
                                                    Density    =         1.0327
 ------------------------------------------------------------------------------

wrapping first mol.:      -75.60882        0.00000        0.00000
wrapping first mol.:      -75.60882        0.00000        0.00000
wrapping first mol.:      -75.66686        0.00000        0.00000
wrapping first mol.:      -75.66686        0.00000        0.00000
wrapping first mol.:      -75.65331        0.00000        0.00000
wrapping first mol.:      -75.65331        0.00000        0.00000
wrapping first mol.:      -75.68209        0.00000        0.00000
wrapping first mol.:      -75.68209        0.00000        0.00000
wrapping first mol.:      -75.66863        0.00000        0.00000
wrapping first mol.:      -75.66863        0.00000        0.00000

 NSTEP =  4825000   TIME(PS) =   11350.000  TEMP(K) =   297.04  PRESS =     0.0
 Etot   =   -117534.6146  EKtot   =     20304.6523  EPtot      =   -137839.2670
 BOND   =       609.5068  ANGLE   =      1534.5570  DIHED      =      1002.3267
 UB     =         0.0000  IMP     =         0.0000  CMAP       =       140.7547
 1-4 NB =       631.4401  1-4 EEL =      5839.7014  VDWAALS    =     16741.1946
 EELEC  =   -164338.7483  EHBOND  =         0.0000  RESTRAINT  =         0.0000
 EKCMT  =         0.0000  VIRIAL  =         0.0000  VOLUME     =    333522.9425
                                                    Density    =         1.0325
 ------------------------------------------------------------------------------

wrapping first mol.:      -75.66679        0.00000        0.00000
wrapping first mol.:      -75.66679        0.00000        0.00000
wrapping first mol.:      -75.69864        0.00000        0.00000
wrapping first mol.:      -75.69864        0.00000        0.00000
wrapping first mol.:      -75.63369        0.00000        0.00000
wrapping first mol.:      -75.63369        0.00000        0.00000
wrapping first mol.:      -75.71872        0.00000        0.00000
wrapping first mol.:      -75.71872        0.00000        0.00000
wrapping first mol.:      -75.63294        0.00000        0.00000
wrapping first mol.:      -75.63294        0.00000        0.00000

 NSTEP =  4850000   TIME(PS) =   11400.000  TEMP(K) =   300.66  PRESS =     0.0
 Etot   =   -117116.9970  EKtot   =     20552.3555  EPtot      =   -137669.3525
 BOND   =       547.2330  ANGLE   =      1510.6681  DIHED      =       977.6378
 UB     =         0.0000  IMP     =         0.0000  CMAP       =       130.2406
 1-4 NB =       637.4720  1-4 EEL =      5794.0640  VDWAALS    =     16366.8336
 EELEC  =   -163633.5016  EHBOND  =         0.0000  RESTRAINT  =         0.0000
 EKCMT  =         0.0000  VIRIAL  =         0.0000  VOLUME     =    333051.3176
                                                    Density    =         1.0339
 ------------------------------------------------------------------------------

wrapping first mol.:      -75.67687        0.00000        0.00000
wrapping first mol.:      -75.67687        0.00000        0.00000
wrapping first mol.:      -75.70125        0.00000        0.00000
wrapping first mol.:      -75.70125        0.00000        0.00000
wrapping first mol.:      -75.72554        0.00000        0.00000
wrapping first mol.:      -75.72554        0.00000        0.00000
wrapping first mol.:      -75.70295        0.00000        0.00000
wrapping first mol.:      -75.70295        0.00000        0.00000
wrapping first mol.:      -75.68191        0.00000        0.00000
wrapping first mol.:      -75.68191        0.00000        0.00000

 NSTEP =  4875000   TIME(PS) =   11450.000  TEMP(K) =   300.21  PRESS =     0.0
 Etot   =   -117078.6017  EKtot   =     20521.4570  EPtot      =   -137600.0587
 BOND   =       539.0481  ANGLE   =      1564.9138  DIHED      =       976.0184
 UB     =         0.0000  IMP     =         0.0000  CMAP       =       141.2831
 1-4 NB =       619.2324  1-4 EEL =      5802.0256  VDWAALS    =     16166.9231
 EELEC  =   -163409.5033  EHBOND  =         0.0000  RESTRAINT  =         0.0000
 EKCMT  =         0.0000  VIRIAL  =         0.0000  VOLUME     =    333698.5508
                                                    Density    =         1.0319
 ------------------------------------------------------------------------------

wrapping first mol.:      -75.76138        0.00000        0.00000
wrapping first mol.:      -75.76138        0.00000        0.00000
wrapping first mol.:      -75.56758        0.00000        0.00000
wrapping first mol.:      -75.56758        0.00000        0.00000
wrapping first mol.:      -75.75558        0.00000        0.00000
wrapping first mol.:      -75.75558        0.00000        0.00000
wrapping first mol.:      -75.68940        0.00000        0.00000
wrapping first mol.:      -75.68940        0.00000        0.00000
wrapping first mol.:      -75.61917        0.00000        0.00000
wrapping first mol.:      -75.61917        0.00000        0.00000

 NSTEP =  4900000   TIME(PS) =   11500.000  TEMP(K) =   299.09  PRESS =     0.0
 Etot   =   -117034.9127  EKtot   =     20444.9180  EPtot      =   -137479.8307
 BOND   =       574.3098  ANGLE   =      1512.4818  DIHED      =      1000.9461
 UB     =         0.0000  IMP     =         0.0000  CMAP       =       128.9354
 1-4 NB =       623.6798  1-4 EEL =      5843.3722  VDWAALS    =     16360.4518
 EELEC  =   -163524.0077  EHBOND  =         0.0000  RESTRAINT  =         0.0000
 EKCMT  =         0.0000  VIRIAL  =         0.0000  VOLUME     =    332869.4319
                                                    Density    =         1.0345
 ------------------------------------------------------------------------------

wrapping first mol.:      -75.67096        0.00000        0.00000
wrapping first mol.:      -75.67096        0.00000        0.00000
wrapping first mol.:      -75.73448        0.00000        0.00000
wrapping first mol.:      -75.73448        0.00000        0.00000
wrapping first mol.:      -75.65597        0.00000        0.00000
wrapping first mol.:      -75.65597        0.00000        0.00000
wrapping first mol.:      -75.80260        0.00000        0.00000
wrapping first mol.:      -75.80260        0.00000        0.00000
wrapping first mol.:      -75.68810        0.00000        0.00000
wrapping first mol.:      -75.68810        0.00000        0.00000

 NSTEP =  4925000   TIME(PS) =   11550.000  TEMP(K) =   296.19  PRESS =     0.0
 Etot   =   -117420.8938  EKtot   =     20246.7969  EPtot      =   -137667.6906
 BOND   =       585.0211  ANGLE   =      1543.7472  DIHED      =      1009.1248
 UB     =         0.0000  IMP     =         0.0000  CMAP       =       140.2571
 1-4 NB =       627.8907  1-4 EEL =      5818.3019  VDWAALS    =     16280.6000
 EELEC  =   -163672.6334  EHBOND  =         0.0000  RESTRAINT  =         0.0000
 EKCMT  =         0.0000  VIRIAL  =         0.0000  VOLUME     =    333780.4667
                                                    Density    =         1.0317
 ------------------------------------------------------------------------------

wrapping first mol.:      -75.69396        0.00000        0.00000
wrapping first mol.:      -75.69396        0.00000        0.00000
wrapping first mol.:      -75.65012        0.00000        0.00000
wrapping first mol.:      -75.65012        0.00000        0.00000
wrapping first mol.:      -75.71244        0.00000        0.00000
wrapping first mol.:      -75.71244        0.00000        0.00000
wrapping first mol.:      -75.74531        0.00000        0.00000
wrapping first mol.:      -75.74531        0.00000        0.00000
wrapping first mol.:      -75.70439        0.00000        0.00000
wrapping first mol.:      -75.70439        0.00000        0.00000

 NSTEP =  4950000   TIME(PS) =   11600.000  TEMP(K) =   298.91  PRESS =     0.0
 Etot   =   -117084.6223  EKtot   =     20432.4453  EPtot      =   -137517.0676
 BOND   =       573.6681  ANGLE   =      1503.2214  DIHED      =       967.8865
 UB     =         0.0000  IMP     =         0.0000  CMAP       =       135.7818
 1-4 NB =       644.5601  1-4 EEL =      5806.0661  VDWAALS    =     16736.0235
 EELEC  =   -163884.2751  EHBOND  =         0.0000  RESTRAINT  =         0.0000
 EKCMT  =         0.0000  VIRIAL  =         0.0000  VOLUME     =    333996.1004
                                                    Density    =         1.0310
 ------------------------------------------------------------------------------

wrapping first mol.:      -75.83903        0.00000        0.00000
wrapping first mol.:      -75.83903        0.00000        0.00000
wrapping first mol.:      -75.72193        0.00000        0.00000
wrapping first mol.:      -75.72193        0.00000        0.00000
wrapping first mol.:      -75.65823        0.00000        0.00000
wrapping first mol.:      -75.65823        0.00000        0.00000
wrapping first mol.:      -75.65031        0.00000        0.00000
wrapping first mol.:      -75.65031        0.00000        0.00000
wrapping first mol.:      -75.66063        0.00000        0.00000
wrapping first mol.:      -75.66063        0.00000        0.00000

 NSTEP =  4975000   TIME(PS) =   11650.000  TEMP(K) =   300.66  PRESS =     0.0
 Etot   =   -116805.2593  EKtot   =     20552.2246  EPtot      =   -137357.4839
 BOND   =       556.1246  ANGLE   =      1544.8631  DIHED      =       978.4558
 UB     =         0.0000  IMP     =         0.0000  CMAP       =       135.3296
 1-4 NB =       648.0270  1-4 EEL =      5780.5485  VDWAALS    =     16358.8497
 EELEC  =   -163359.6822  EHBOND  =         0.0000  RESTRAINT  =         0.0000
 EKCMT  =         0.0000  VIRIAL  =         0.0000  VOLUME     =    333417.1770
                                                    Density    =         1.0328
 ------------------------------------------------------------------------------

wrapping first mol.:      -75.66802        0.00000        0.00000
wrapping first mol.:      -75.66802        0.00000        0.00000
wrapping first mol.:      -75.75681        0.00000        0.00000
wrapping first mol.:      -75.75681        0.00000        0.00000
wrapping first mol.:      -75.72525        0.00000        0.00000
wrapping first mol.:      -75.72525        0.00000        0.00000
wrapping first mol.:      -75.66273        0.00000        0.00000
wrapping first mol.:      -75.66273        0.00000        0.00000
wrapping first mol.:      -75.67280        0.00000        0.00000
wrapping first mol.:      -75.67280        0.00000        0.00000

 NSTEP =  5000000   TIME(PS) =   11700.000  TEMP(K) =   300.06  PRESS =     0.0
 Etot   =   -116881.4308  EKtot   =     20511.2383  EPtot      =   -137392.6691
 BOND   =       533.9385  ANGLE   =      1528.3392  DIHED      =       986.5751
 UB     =         0.0000  IMP     =         0.0000  CMAP       =       145.4018
 1-4 NB =       623.8575  1-4 EEL =      5812.2628  VDWAALS    =     15994.0651
 EELEC  =   -163017.1091  EHBOND  =         0.0000  RESTRAINT  =         0.0000
 EKCMT  =         0.0000  VIRIAL  =         0.0000  VOLUME     =    333578.0814
                                                    Density    =         1.0323
 ------------------------------------------------------------------------------

wrapping first mol.:      -75.68948        0.00000        0.00000
wrapping first mol.:      -75.68948        0.00000        0.00000
wrapping first mol.:      -75.75393        0.00000        0.00000
wrapping first mol.:      -75.75393        0.00000        0.00000
wrapping first mol.:      -75.71463        0.00000        0.00000
wrapping first mol.:      -75.71463        0.00000        0.00000
wrapping first mol.:      -75.71745        0.00000        0.00000
wrapping first mol.:      -75.71745        0.00000        0.00000
wrapping first mol.:      -75.80303        0.00000        0.00000
wrapping first mol.:      -75.80303        0.00000        0.00000

 NSTEP =  5025000   TIME(PS) =   11750.000  TEMP(K) =   301.11  PRESS =     0.0
 Etot   =   -116871.0981  EKtot   =     20582.7988  EPtot      =   -137453.8969
 BOND   =       564.5324  ANGLE   =      1537.1395  DIHED      =       983.7017
 UB     =         0.0000  IMP     =         0.0000  CMAP       =       133.9429
 1-4 NB =       637.8363  1-4 EEL =      5835.0430  VDWAALS    =     16362.6711
 EELEC  =   -163508.7638  EHBOND  =         0.0000  RESTRAINT  =         0.0000
 EKCMT  =         0.0000  VIRIAL  =         0.0000  VOLUME     =    335303.2947
                                                    Density    =         1.0270
 ------------------------------------------------------------------------------

wrapping first mol.:      -75.66974        0.00000        0.00000
wrapping first mol.:      -75.66974        0.00000        0.00000
wrapping first mol.:      -75.63010        0.00000        0.00000
wrapping first mol.:      -75.63010        0.00000        0.00000
wrapping first mol.:      -75.69155        0.00000        0.00000
wrapping first mol.:      -75.69155        0.00000        0.00000
wrapping first mol.:      -75.65222        0.00000        0.00000
wrapping first mol.:      -75.65222        0.00000        0.00000
wrapping first mol.:      -75.72679        0.00000        0.00000
wrapping first mol.:      -75.72679        0.00000        0.00000

 NSTEP =  5050000   TIME(PS) =   11800.000  TEMP(K) =   298.44  PRESS =     0.0
 Etot   =   -117235.3683  EKtot   =     20400.0078  EPtot      =   -137635.3761
 BOND   =       559.6712  ANGLE   =      1475.7351  DIHED      =       968.2863
 UB     =         0.0000  IMP     =         0.0000  CMAP       =       147.6935
 1-4 NB =       629.6044  1-4 EEL =      5844.6886  VDWAALS    =     16354.7016
 EELEC  =   -163615.7568  EHBOND  =         0.0000  RESTRAINT  =         0.0000
 EKCMT  =         0.0000  VIRIAL  =         0.0000  VOLUME     =    334292.5762
                                                    Density    =         1.0301
 ------------------------------------------------------------------------------

wrapping first mol.:      -75.69599        0.00000        0.00000
wrapping first mol.:      -75.69599        0.00000        0.00000
wrapping first mol.:      -75.75118        0.00000        0.00000
wrapping first mol.:      -75.75118        0.00000        0.00000
wrapping first mol.:      -75.84018        0.00000        0.00000
wrapping first mol.:      -75.84018        0.00000        0.00000
wrapping first mol.:      -75.68890        0.00000        0.00000
wrapping first mol.:      -75.68890        0.00000        0.00000
wrapping first mol.:      -75.66300        0.00000        0.00000
wrapping first mol.:      -75.66300        0.00000        0.00000

 NSTEP =  5075000   TIME(PS) =   11850.000  TEMP(K) =   297.64  PRESS =     0.0
 Etot   =   -117111.7629  EKtot   =     20345.5781  EPtot      =   -137457.3410
 BOND   =       537.5659  ANGLE   =      1505.3903  DIHED      =       977.8292
 UB     =         0.0000  IMP     =         0.0000  CMAP       =       133.9617
 1-4 NB =       647.4378  1-4 EEL =      5858.6206  VDWAALS    =     16278.5540
 EELEC  =   -163396.7005  EHBOND  =         0.0000  RESTRAINT  =         0.0000
 EKCMT  =         0.0000  VIRIAL  =         0.0000  VOLUME     =    333448.5335
                                                    Density    =         1.0327
 ------------------------------------------------------------------------------

wrapping first mol.:      -75.64413        0.00000        0.00000
wrapping first mol.:      -75.64413        0.00000        0.00000
wrapping first mol.:      -75.69144        0.00000        0.00000
wrapping first mol.:      -75.69144        0.00000        0.00000
wrapping first mol.:      -75.66701        0.00000        0.00000
wrapping first mol.:      -75.66701        0.00000        0.00000
wrapping first mol.:      -75.62328        0.00000        0.00000
wrapping first mol.:      -75.62328        0.00000        0.00000
wrapping first mol.:      -75.65896        0.00000        0.00000
wrapping first mol.:      -75.65896        0.00000        0.00000

 NSTEP =  5100000   TIME(PS) =   11900.000  TEMP(K) =   299.21  PRESS =     0.0
 Etot   =   -117293.3571  EKtot   =     20452.7305  EPtot      =   -137746.0876
 BOND   =       549.4709  ANGLE   =      1490.7859  DIHED      =       964.0722
 UB     =         0.0000  IMP     =         0.0000  CMAP       =       135.6530
 1-4 NB =       644.9608  1-4 EEL =      5839.1199  VDWAALS    =     16454.1412
 EELEC  =   -163824.2915  EHBOND  =         0.0000  RESTRAINT  =         0.0000
 EKCMT  =         0.0000  VIRIAL  =         0.0000  VOLUME     =    333395.1499
                                                    Density    =         1.0329
 ------------------------------------------------------------------------------

wrapping first mol.:      -75.66285        0.00000        0.00000
wrapping first mol.:      -75.66285        0.00000        0.00000
wrapping first mol.:      -75.66325        0.00000        0.00000
wrapping first mol.:      -75.66325        0.00000        0.00000
wrapping first mol.:      -75.74065        0.00000        0.00000
wrapping first mol.:      -75.74065        0.00000        0.00000
wrapping first mol.:      -75.66692        0.00000        0.00000
wrapping first mol.:      -75.66692        0.00000        0.00000
wrapping first mol.:      -75.60493        0.00000        0.00000
wrapping first mol.:      -75.60493        0.00000        0.00000

 NSTEP =  5125000   TIME(PS) =   11950.000  TEMP(K) =   302.25  PRESS =     0.0
 Etot   =   -117146.2892  EKtot   =     20661.0176  EPtot      =   -137807.3068
 BOND   =       529.6116  ANGLE   =      1598.3002  DIHED      =       956.0447
 UB     =         0.0000  IMP     =         0.0000  CMAP       =       129.7186
 1-4 NB =       633.3312  1-4 EEL =      5807.9292  VDWAALS    =     16634.5995
 EELEC  =   -164096.8418  EHBOND  =         0.0000  RESTRAINT  =         0.0000
 EKCMT  =         0.0000  VIRIAL  =         0.0000  VOLUME     =    332681.3132
                                                    Density    =         1.0351
 ------------------------------------------------------------------------------

wrapping first mol.:      -75.67218        0.00000        0.00000
wrapping first mol.:      -75.67218        0.00000        0.00000
wrapping first mol.:      -75.70414        0.00000        0.00000
wrapping first mol.:      -75.70414        0.00000        0.00000
wrapping first mol.:      -75.66869        0.00000        0.00000
wrapping first mol.:      -75.66869        0.00000        0.00000
wrapping first mol.:      -75.75285        0.00000        0.00000
wrapping first mol.:      -75.75285        0.00000        0.00000
wrapping first mol.:      -75.65938        0.00000        0.00000
wrapping first mol.:      -75.65938        0.00000        0.00000

 NSTEP =  5150000   TIME(PS) =   12000.000  TEMP(K) =   300.47  PRESS =     0.0
 Etot   =   -117099.7532  EKtot   =     20539.2891  EPtot      =   -137639.0423
 BOND   =       535.3678  ANGLE   =      1571.6535  DIHED      =       955.6158
 UB     =         0.0000  IMP     =         0.0000  CMAP       =       143.1070
 1-4 NB =       635.4567  1-4 EEL =      5859.3116  VDWAALS    =     16742.2886
 EELEC  =   -164081.8431  EHBOND  =         0.0000  RESTRAINT  =         0.0000
 EKCMT  =         0.0000  VIRIAL  =         0.0000  VOLUME     =    333400.7279
                                                    Density    =         1.0328
 ------------------------------------------------------------------------------

wrapping first mol.:      -75.79286        0.00000        0.00000
wrapping first mol.:      -75.79286        0.00000        0.00000
wrapping first mol.:      -75.78023        0.00000        0.00000
wrapping first mol.:      -75.78023        0.00000        0.00000
wrapping first mol.:      -75.72980        0.00000        0.00000
wrapping first mol.:      -75.72980        0.00000        0.00000
wrapping first mol.:      -75.66505        0.00000        0.00000
wrapping first mol.:      -75.66505        0.00000        0.00000
wrapping first mol.:      -75.69373        0.00000        0.00000
wrapping first mol.:      -75.69373        0.00000        0.00000

 NSTEP =  5175000   TIME(PS) =   12050.000  TEMP(K) =   300.12  PRESS =     0.0
 Etot   =   -117127.5030  EKtot   =     20515.2168  EPtot      =   -137642.7198
 BOND   =       563.0170  ANGLE   =      1509.2886  DIHED      =      1007.6755
 UB     =         0.0000  IMP     =         0.0000  CMAP       =       140.8154
 1-4 NB =       641.1815  1-4 EEL =      5881.6840  VDWAALS    =     16270.1406
 EELEC  =   -163656.5224  EHBOND  =         0.0000  RESTRAINT  =         0.0000
 EKCMT  =         0.0000  VIRIAL  =         0.0000  VOLUME     =    333854.9134
                                                    Density    =         1.0314
 ------------------------------------------------------------------------------

wrapping first mol.:      -75.68361        0.00000        0.00000
wrapping first mol.:      -75.68361        0.00000        0.00000
wrapping first mol.:      -75.77357        0.00000        0.00000
wrapping first mol.:      -75.77357        0.00000        0.00000
wrapping first mol.:      -75.74802        0.00000        0.00000
wrapping first mol.:      -75.74802        0.00000        0.00000
wrapping first mol.:      -75.69848        0.00000        0.00000
wrapping first mol.:      -75.69848        0.00000        0.00000
wrapping first mol.:      -75.71647        0.00000        0.00000
wrapping first mol.:      -75.71647        0.00000        0.00000

 NSTEP =  5200000   TIME(PS) =   12100.000  TEMP(K) =   299.08  PRESS =     0.0
 Etot   =   -117144.4157  EKtot   =     20443.8672  EPtot      =   -137588.2829
 BOND   =       551.0421  ANGLE   =      1487.2018  DIHED      =       989.7018
 UB     =         0.0000  IMP     =         0.0000  CMAP       =       143.2307
 1-4 NB =       640.3483  1-4 EEL =      5846.3820  VDWAALS    =     16500.3012
 EELEC  =   -163746.4910  EHBOND  =         0.0000  RESTRAINT  =         0.0000
 EKCMT  =         0.0000  VIRIAL  =         0.0000  VOLUME     =    334156.0195
                                                    Density    =         1.0305
 ------------------------------------------------------------------------------

wrapping first mol.:      -75.74023        0.00000        0.00000
wrapping first mol.:      -75.74023        0.00000        0.00000
wrapping first mol.:      -75.68911        0.00000        0.00000
wrapping first mol.:      -75.68911        0.00000        0.00000
wrapping first mol.:      -75.71214        0.00000        0.00000
wrapping first mol.:      -75.71214        0.00000        0.00000
wrapping first mol.:      -75.73351        0.00000        0.00000
wrapping first mol.:      -75.73351        0.00000        0.00000
wrapping first mol.:      -75.75009        0.00000        0.00000
wrapping first mol.:      -75.75009        0.00000        0.00000

 NSTEP =  5225000   TIME(PS) =   12150.000  TEMP(K) =   299.10  PRESS =     0.0
 Etot   =   -117345.7408  EKtot   =     20445.1523  EPtot      =   -137790.8931
 BOND   =       561.8835  ANGLE   =      1519.9598  DIHED      =       995.6332
 UB     =         0.0000  IMP     =         0.0000  CMAP       =       135.3996
 1-4 NB =       633.2018  1-4 EEL =      5875.0958  VDWAALS    =     16782.5498
 EELEC  =   -164294.6165  EHBOND  =         0.0000  RESTRAINT  =         0.0000
 EKCMT  =         0.0000  VIRIAL  =         0.0000  VOLUME     =    334601.3304
                                                    Density    =         1.0291
 ------------------------------------------------------------------------------

wrapping first mol.:      -75.62787        0.00000        0.00000
wrapping first mol.:      -75.62787        0.00000        0.00000
wrapping first mol.:      -75.59111        0.00000        0.00000
wrapping first mol.:      -75.59111        0.00000        0.00000
wrapping first mol.:      -75.72948        0.00000        0.00000
wrapping first mol.:      -75.72948        0.00000        0.00000
wrapping first mol.:      -75.69173        0.00000        0.00000
wrapping first mol.:      -75.69173        0.00000        0.00000
wrapping first mol.:      -75.66366        0.00000        0.00000
wrapping first mol.:      -75.66366        0.00000        0.00000

 NSTEP =  5250000   TIME(PS) =   12200.000  TEMP(K) =   301.97  PRESS =     0.0
 Etot   =   -117130.3970  EKtot   =     20641.6152  EPtot      =   -137772.0122
 BOND   =       539.6934  ANGLE   =      1481.0690  DIHED      =       973.0407
 UB     =         0.0000  IMP     =         0.0000  CMAP       =       138.0514
 1-4 NB =       629.5348  1-4 EEL =      5844.1722  VDWAALS    =     16144.7193
 EELEC  =   -163522.2930  EHBOND  =         0.0000  RESTRAINT  =         0.0000
 EKCMT  =         0.0000  VIRIAL  =         0.0000  VOLUME     =    333457.2602
                                                    Density    =         1.0327
 ------------------------------------------------------------------------------

wrapping first mol.:      -75.63892        0.00000        0.00000
wrapping first mol.:      -75.63892        0.00000        0.00000
wrapping first mol.:      -75.69933        0.00000        0.00000
wrapping first mol.:      -75.69933        0.00000        0.00000
wrapping first mol.:      -75.77404        0.00000        0.00000
wrapping first mol.:      -75.77404        0.00000        0.00000
wrapping first mol.:      -75.69231        0.00000        0.00000
wrapping first mol.:      -75.69231        0.00000        0.00000
wrapping first mol.:      -75.69699        0.00000        0.00000
wrapping first mol.:      -75.69699        0.00000        0.00000

 NSTEP =  5275000   TIME(PS) =   12250.000  TEMP(K) =   298.90  PRESS =     0.0
 Etot   =   -117008.3912  EKtot   =     20431.4805  EPtot      =   -137439.8716
 BOND   =       562.2961  ANGLE   =      1494.8622  DIHED      =       984.4194
 UB     =         0.0000  IMP     =         0.0000  CMAP       =       148.0203
 1-4 NB =       632.9017  1-4 EEL =      5839.5841  VDWAALS    =     16393.8125
 EELEC  =   -163495.7680  EHBOND  =         0.0000  RESTRAINT  =         0.0000
 EKCMT  =         0.0000  VIRIAL  =         0.0000  VOLUME     =    333898.1560
                                                    Density    =         1.0313
 ------------------------------------------------------------------------------

wrapping first mol.:      -75.66229        0.00000        0.00000
wrapping first mol.:      -75.66229        0.00000        0.00000
wrapping first mol.:      -75.69959        0.00000        0.00000
wrapping first mol.:      -75.69959        0.00000        0.00000
wrapping first mol.:      -75.68318        0.00000        0.00000
wrapping first mol.:      -75.68318        0.00000        0.00000
wrapping first mol.:      -75.71750        0.00000        0.00000
wrapping first mol.:      -75.71750        0.00000        0.00000
wrapping first mol.:      -75.67304        0.00000        0.00000
wrapping first mol.:      -75.67304        0.00000        0.00000

 NSTEP =  5300000   TIME(PS) =   12300.000  TEMP(K) =   302.01  PRESS =     0.0
 Etot   =   -117046.8085  EKtot   =     20644.0371  EPtot      =   -137690.8456
 BOND   =       547.7449  ANGLE   =      1531.1196  DIHED      =       979.3583
 UB     =         0.0000  IMP     =         0.0000  CMAP       =       131.2030
 1-4 NB =       627.7476  1-4 EEL =      5867.0652  VDWAALS    =     16072.8743
 EELEC  =   -163447.9584  EHBOND  =         0.0000  RESTRAINT  =         0.0000
 EKCMT  =         0.0000  VIRIAL  =         0.0000  VOLUME     =    333581.2692
                                                    Density    =         1.0323
 ------------------------------------------------------------------------------

wrapping first mol.:      -75.65531        0.00000        0.00000
wrapping first mol.:      -75.65531        0.00000        0.00000
wrapping first mol.:      -75.73772        0.00000        0.00000
wrapping first mol.:      -75.73772        0.00000        0.00000
wrapping first mol.:      -75.65420        0.00000        0.00000
wrapping first mol.:      -75.65420        0.00000        0.00000
wrapping first mol.:      -75.72211        0.00000        0.00000
wrapping first mol.:      -75.72211        0.00000        0.00000
wrapping first mol.:      -75.72196        0.00000        0.00000
wrapping first mol.:      -75.72196        0.00000        0.00000

 NSTEP =  5325000   TIME(PS) =   12350.000  TEMP(K) =   298.20  PRESS =     0.0
 Etot   =   -117158.8583  EKtot   =     20384.0332  EPtot      =   -137542.8915
 BOND   =       576.4905  ANGLE   =      1549.0476  DIHED      =       992.4863
 UB     =         0.0000  IMP     =         0.0000  CMAP       =       137.4700
 1-4 NB =       634.1547  1-4 EEL =      5816.9946  VDWAALS    =     16248.8739
 EELEC  =   -163498.4092  EHBOND  =         0.0000  RESTRAINT  =         0.0000
 EKCMT  =         0.0000  VIRIAL  =         0.0000  VOLUME     =    334228.5940
                                                    Density    =         1.0303
 ------------------------------------------------------------------------------

wrapping first mol.:      -75.71167        0.00000        0.00000
wrapping first mol.:      -75.71167        0.00000        0.00000
wrapping first mol.:      -75.68574        0.00000        0.00000
wrapping first mol.:      -75.68574        0.00000        0.00000
wrapping first mol.:      -75.74247        0.00000        0.00000
wrapping first mol.:      -75.74247        0.00000        0.00000
wrapping first mol.:      -75.60190        0.00000        0.00000
wrapping first mol.:      -75.60190        0.00000        0.00000
wrapping first mol.:      -75.65171        0.00000        0.00000
wrapping first mol.:      -75.65171        0.00000        0.00000

 NSTEP =  5350000   TIME(PS) =   12400.000  TEMP(K) =   300.78  PRESS =     0.0
 Etot   =   -117120.7144  EKtot   =     20560.3750  EPtot      =   -137681.0894
 BOND   =       533.8574  ANGLE   =      1491.3076  DIHED      =       992.5822
 UB     =         0.0000  IMP     =         0.0000  CMAP       =       130.8136
 1-4 NB =       633.1860  1-4 EEL =      5847.7262  VDWAALS    =     16659.8961
 EELEC  =   -163970.4585  EHBOND  =         0.0000  RESTRAINT  =         0.0000
 EKCMT  =         0.0000  VIRIAL  =         0.0000  VOLUME     =    333299.3186
                                                    Density    =         1.0332
 ------------------------------------------------------------------------------

wrapping first mol.:      -75.66784        0.00000        0.00000
wrapping first mol.:      -75.66784        0.00000        0.00000
wrapping first mol.:      -75.71633        0.00000        0.00000
wrapping first mol.:      -75.71633        0.00000        0.00000
wrapping first mol.:      -75.83121        0.00000        0.00000
wrapping first mol.:      -75.83121        0.00000        0.00000
wrapping first mol.:      -75.71939        0.00000        0.00000
wrapping first mol.:      -75.71939        0.00000        0.00000
wrapping first mol.:      -75.67530        0.00000        0.00000
wrapping first mol.:      -75.67530        0.00000        0.00000

 NSTEP =  5375000   TIME(PS) =   12450.000  TEMP(K) =   298.81  PRESS =     0.0
 Etot   =   -117283.8230  EKtot   =     20425.4434  EPtot      =   -137709.2663
 BOND   =       617.9210  ANGLE   =      1501.4856  DIHED      =      1013.1061
 UB     =         0.0000  IMP     =         0.0000  CMAP       =       136.6095
 1-4 NB =       633.8089  1-4 EEL =      5860.7630  VDWAALS    =     16298.0062
 EELEC  =   -163770.9665  EHBOND  =         0.0000  RESTRAINT  =         0.0000
 EKCMT  =         0.0000  VIRIAL  =         0.0000  VOLUME     =    333611.1599
                                                    Density    =         1.0322
 ------------------------------------------------------------------------------

wrapping first mol.:      -75.66177        0.00000        0.00000
wrapping first mol.:      -75.66177        0.00000        0.00000
wrapping first mol.:      -75.76074        0.00000        0.00000
wrapping first mol.:      -75.76074        0.00000        0.00000
wrapping first mol.:      -75.70381        0.00000        0.00000
wrapping first mol.:      -75.70381        0.00000        0.00000
wrapping first mol.:      -75.61786        0.00000        0.00000
wrapping first mol.:      -75.61786        0.00000        0.00000
wrapping first mol.:      -75.66838        0.00000        0.00000
wrapping first mol.:      -75.66838        0.00000        0.00000

 NSTEP =  5400000   TIME(PS) =   12500.000  TEMP(K) =   298.97  PRESS =     0.0
 Etot   =   -117444.6616  EKtot   =     20436.2422  EPtot      =   -137880.9037
 BOND   =       523.2515  ANGLE   =      1544.9872  DIHED      =      1002.8603
 UB     =         0.0000  IMP     =         0.0000  CMAP       =       141.4676
 1-4 NB =       645.8512  1-4 EEL =      5849.5893  VDWAALS    =     16461.7932
 EELEC  =   -164050.7041  EHBOND  =         0.0000  RESTRAINT  =         0.0000
 EKCMT  =         0.0000  VIRIAL  =         0.0000  VOLUME     =    333519.6533
                                                    Density    =         1.0325
 ------------------------------------------------------------------------------

wrapping first mol.:      -75.81662        0.00000        0.00000
wrapping first mol.:      -75.81662        0.00000        0.00000
wrapping first mol.:      -75.70647        0.00000        0.00000
wrapping first mol.:      -75.70647        0.00000        0.00000
wrapping first mol.:      -75.68922        0.00000        0.00000
wrapping first mol.:      -75.68922        0.00000        0.00000
wrapping first mol.:      -75.71542        0.00000        0.00000
wrapping first mol.:      -75.71542        0.00000        0.00000
wrapping first mol.:      -75.68842        0.00000        0.00000
wrapping first mol.:      -75.68842        0.00000        0.00000

 NSTEP =  5425000   TIME(PS) =   12550.000  TEMP(K) =   299.66  PRESS =     0.0
 Etot   =   -117443.7280  EKtot   =     20483.3809  EPtot      =   -137927.1089
 BOND   =       563.9207  ANGLE   =      1489.8025  DIHED      =       976.2449
 UB     =         0.0000  IMP     =         0.0000  CMAP       =       135.7727
 1-4 NB =       645.7948  1-4 EEL =      5842.6417  VDWAALS    =     16270.9256
 EELEC  =   -163852.2118  EHBOND  =         0.0000  RESTRAINT  =         0.0000
 EKCMT  =         0.0000  VIRIAL  =         0.0000  VOLUME     =    333784.6727
                                                    Density    =         1.0317
 ------------------------------------------------------------------------------

wrapping first mol.:      -75.73811        0.00000        0.00000
wrapping first mol.:      -75.73811        0.00000        0.00000
wrapping first mol.:      -75.70246        0.00000        0.00000
wrapping first mol.:      -75.70246        0.00000        0.00000
wrapping first mol.:      -75.69883        0.00000        0.00000
wrapping first mol.:      -75.69883        0.00000        0.00000
wrapping first mol.:      -75.73002        0.00000        0.00000
wrapping first mol.:      -75.73002        0.00000        0.00000
wrapping first mol.:      -75.74780        0.00000        0.00000
wrapping first mol.:      -75.74780        0.00000        0.00000

 NSTEP =  5450000   TIME(PS) =   12600.000  TEMP(K) =   300.96  PRESS =     0.0
 Etot   =   -116896.6132  EKtot   =     20572.7246  EPtot      =   -137469.3378
 BOND   =       552.5692  ANGLE   =      1532.6668  DIHED      =      1024.1083
 UB     =         0.0000  IMP     =         0.0000  CMAP       =       136.8054
 1-4 NB =       632.2387  1-4 EEL =      5806.2333  VDWAALS    =     16326.3998
 EELEC  =   -163480.3592  EHBOND  =         0.0000  RESTRAINT  =         0.0000
 EKCMT  =         0.0000  VIRIAL  =         0.0000  VOLUME     =    334570.8803
                                                    Density    =         1.0292
 ------------------------------------------------------------------------------

wrapping first mol.:      -75.65656        0.00000        0.00000
wrapping first mol.:      -75.65656        0.00000        0.00000
wrapping first mol.:      -75.67631        0.00000        0.00000
wrapping first mol.:      -75.67631        0.00000        0.00000
wrapping first mol.:      -75.62959        0.00000        0.00000
wrapping first mol.:      -75.62959        0.00000        0.00000
wrapping first mol.:      -75.75748        0.00000        0.00000
wrapping first mol.:      -75.75748        0.00000        0.00000
wrapping first mol.:      -75.69572        0.00000        0.00000
wrapping first mol.:      -75.69572        0.00000        0.00000

 NSTEP =  5475000   TIME(PS) =   12650.000  TEMP(K) =   301.47  PRESS =     0.0
 Etot   =   -116904.8147  EKtot   =     20607.1895  EPtot      =   -137512.0041
 BOND   =       552.5186  ANGLE   =      1578.5383  DIHED      =      1006.2052
 UB     =         0.0000  IMP     =         0.0000  CMAP       =       151.3592
 1-4 NB =       634.8725  1-4 EEL =      5870.4744  VDWAALS    =     16234.6207
 EELEC  =   -163540.5930  EHBOND  =         0.0000  RESTRAINT  =         0.0000
 EKCMT  =         0.0000  VIRIAL  =         0.0000  VOLUME     =    333881.3624
                                                    Density    =         1.0314
 ------------------------------------------------------------------------------

wrapping first mol.:      -75.77123        0.00000        0.00000
wrapping first mol.:      -75.77123        0.00000        0.00000
wrapping first mol.:      -75.72005        0.00000        0.00000
wrapping first mol.:      -75.72005        0.00000        0.00000
wrapping first mol.:      -75.70893        0.00000        0.00000
wrapping first mol.:      -75.70893        0.00000        0.00000
wrapping first mol.:      -75.71771        0.00000        0.00000
wrapping first mol.:      -75.71771        0.00000        0.00000
wrapping first mol.:      -75.60951        0.00000        0.00000
wrapping first mol.:      -75.60951        0.00000        0.00000

 NSTEP =  5500000   TIME(PS) =   12700.000  TEMP(K) =   301.26  PRESS =     0.0
 Etot   =   -116776.5214  EKtot   =     20592.7539  EPtot      =   -137369.2753
 BOND   =       555.1343  ANGLE   =      1539.9895  DIHED      =      1007.4096
 UB     =         0.0000  IMP     =         0.0000  CMAP       =       141.3133
 1-4 NB =       647.6945  1-4 EEL =      5841.1291  VDWAALS    =     16266.8048
 EELEC  =   -163368.7505  EHBOND  =         0.0000  RESTRAINT  =         0.0000
 EKCMT  =         0.0000  VIRIAL  =         0.0000  VOLUME     =    332741.8330
                                                    Density    =         1.0349
 ------------------------------------------------------------------------------

wrapping first mol.:      -75.57613        0.00000        0.00000
wrapping first mol.:      -75.57613        0.00000        0.00000
wrapping first mol.:      -75.58419        0.00000        0.00000
wrapping first mol.:      -75.58419        0.00000        0.00000
wrapping first mol.:      -75.69610        0.00000        0.00000
wrapping first mol.:      -75.69610        0.00000        0.00000
wrapping first mol.:      -75.66125        0.00000        0.00000
wrapping first mol.:      -75.66125        0.00000        0.00000
wrapping first mol.:      -75.68038        0.00000        0.00000
wrapping first mol.:      -75.68038        0.00000        0.00000

 NSTEP =  5525000   TIME(PS) =   12750.000  TEMP(K) =   300.75  PRESS =     0.0
 Etot   =   -116903.0723  EKtot   =     20558.4082  EPtot      =   -137461.4805
 BOND   =       565.1256  ANGLE   =      1518.2817  DIHED      =      1013.6829
 UB     =         0.0000  IMP     =         0.0000  CMAP       =       145.4127
 1-4 NB =       633.3308  1-4 EEL =      5869.2791  VDWAALS    =     16717.2355
 EELEC  =   -163923.8287  EHBOND  =         0.0000  RESTRAINT  =         0.0000
 EKCMT  =         0.0000  VIRIAL  =         0.0000  VOLUME     =    333678.3005
                                                    Density    =         1.0320
 ------------------------------------------------------------------------------

wrapping first mol.:      -75.80007        0.00000        0.00000
wrapping first mol.:      -75.80007        0.00000        0.00000
wrapping first mol.:      -75.62286        0.00000        0.00000
wrapping first mol.:      -75.62286        0.00000        0.00000
wrapping first mol.:      -75.69544        0.00000        0.00000
wrapping first mol.:      -75.69544        0.00000        0.00000
wrapping first mol.:      -75.76047        0.00000        0.00000
wrapping first mol.:      -75.76047        0.00000        0.00000
wrapping first mol.:      -75.76031        0.00000        0.00000
wrapping first mol.:      -75.76031        0.00000        0.00000

 NSTEP =  5550000   TIME(PS) =   12800.000  TEMP(K) =   300.08  PRESS =     0.0
 Etot   =   -117003.1405  EKtot   =     20512.4492  EPtot      =   -137515.5897
 BOND   =       548.7192  ANGLE   =      1513.6450  DIHED      =       963.8362
 UB     =         0.0000  IMP     =         0.0000  CMAP       =       149.7807
 1-4 NB =       643.3421  1-4 EEL =      5863.9852  VDWAALS    =     16375.1150
 EELEC  =   -163574.0132  EHBOND  =         0.0000  RESTRAINT  =         0.0000
 EKCMT  =         0.0000  VIRIAL  =         0.0000  VOLUME     =    334736.7250
                                                    Density    =         1.0287
 ------------------------------------------------------------------------------

wrapping first mol.:      -75.60834        0.00000        0.00000
wrapping first mol.:      -75.60834        0.00000        0.00000
wrapping first mol.:      -75.72024        0.00000        0.00000
wrapping first mol.:      -75.72024        0.00000        0.00000
wrapping first mol.:      -75.67727        0.00000        0.00000
wrapping first mol.:      -75.67727        0.00000        0.00000
wrapping first mol.:      -75.70566        0.00000        0.00000
wrapping first mol.:      -75.70566        0.00000        0.00000
wrapping first mol.:      -75.62481        0.00000        0.00000
wrapping first mol.:      -75.62481        0.00000        0.00000

 NSTEP =  5575000   TIME(PS) =   12850.000  TEMP(K) =   301.81  PRESS =     0.0
 Etot   =   -116916.9389  EKtot   =     20630.8457  EPtot      =   -137547.7846
 BOND   =       569.6857  ANGLE   =      1569.1126  DIHED      =       995.1662
 UB     =         0.0000  IMP     =         0.0000  CMAP       =       136.3231
 1-4 NB =       628.4819  1-4 EEL =      5797.7413  VDWAALS    =     16419.4660
 EELEC  =   -163663.7616  EHBOND  =         0.0000  RESTRAINT  =         0.0000
 EKCMT  =         0.0000  VIRIAL  =         0.0000  VOLUME     =    332943.8971
                                                    Density    =         1.0343
 ------------------------------------------------------------------------------

wrapping first mol.:      -75.61489        0.00000        0.00000
wrapping first mol.:      -75.61489        0.00000        0.00000
wrapping first mol.:      -75.65882        0.00000        0.00000
wrapping first mol.:      -75.65882        0.00000        0.00000
wrapping first mol.:      -75.74541        0.00000        0.00000
wrapping first mol.:      -75.74541        0.00000        0.00000
wrapping first mol.:      -75.67130        0.00000        0.00000
wrapping first mol.:      -75.67130        0.00000        0.00000
wrapping first mol.:      -75.63614        0.00000        0.00000
wrapping first mol.:      -75.63614        0.00000        0.00000

 NSTEP =  5600000   TIME(PS) =   12900.000  TEMP(K) =   300.02  PRESS =     0.0
 Etot   =   -117328.9241  EKtot   =     20508.4180  EPtot      =   -137837.3420
 BOND   =       582.9083  ANGLE   =      1515.6515  DIHED      =       983.5592
 UB     =         0.0000  IMP     =         0.0000  CMAP       =       143.4666
 1-4 NB =       626.5851  1-4 EEL =      5874.2953  VDWAALS    =     16374.1963
 EELEC  =   -163938.0044  EHBOND  =         0.0000  RESTRAINT  =         0.0000
 EKCMT  =         0.0000  VIRIAL  =         0.0000  VOLUME     =    333093.5513
                                                    Density    =         1.0338
 ------------------------------------------------------------------------------

wrapping first mol.:      -75.71879        0.00000        0.00000
wrapping first mol.:      -75.71879        0.00000        0.00000
wrapping first mol.:      -75.64385        0.00000        0.00000
wrapping first mol.:      -75.64385        0.00000        0.00000
wrapping first mol.:      -75.73655        0.00000        0.00000
wrapping first mol.:      -75.73655        0.00000        0.00000
wrapping first mol.:      -75.76275        0.00000        0.00000
wrapping first mol.:      -75.76275        0.00000        0.00000
wrapping first mol.:      -75.71448        0.00000        0.00000
wrapping first mol.:      -75.71448        0.00000        0.00000

 NSTEP =  5625000   TIME(PS) =   12950.000  TEMP(K) =   299.68  PRESS =     0.0
 Etot   =   -117372.3243  EKtot   =     20484.7402  EPtot      =   -137857.0646
 BOND   =       560.0825  ANGLE   =      1524.8364  DIHED      =       981.7883
 UB     =         0.0000  IMP     =         0.0000  CMAP       =       130.1607
 1-4 NB =       633.1570  1-4 EEL =      5848.0221  VDWAALS    =     16344.1592
 EELEC  =   -163879.2708  EHBOND  =         0.0000  RESTRAINT  =         0.0000
 EKCMT  =         0.0000  VIRIAL  =         0.0000  VOLUME     =    334129.5799
                                                    Density    =         1.0306
 ------------------------------------------------------------------------------

wrapping first mol.:      -75.78498        0.00000        0.00000
wrapping first mol.:      -75.78498        0.00000        0.00000
wrapping first mol.:      -75.76541        0.00000        0.00000
wrapping first mol.:      -75.76541        0.00000        0.00000
wrapping first mol.:      -75.71533        0.00000        0.00000
wrapping first mol.:      -75.71533        0.00000        0.00000
wrapping first mol.:      -75.58121        0.00000        0.00000
wrapping first mol.:      -75.58121        0.00000        0.00000
wrapping first mol.:      -75.67465        0.00000        0.00000
wrapping first mol.:      -75.67465        0.00000        0.00000

 NSTEP =  5650000   TIME(PS) =   13000.000  TEMP(K) =   298.56  PRESS =     0.0
 Etot   =   -117017.1302  EKtot   =     20408.4160  EPtot      =   -137425.5462
 BOND   =       569.0827  ANGLE   =      1538.0992  DIHED      =       982.9710
 UB     =         0.0000  IMP     =         0.0000  CMAP       =       132.9203
 1-4 NB =       632.3438  1-4 EEL =      5776.7603  VDWAALS    =     16269.4419
 EELEC  =   -163327.1654  EHBOND  =         0.0000  RESTRAINT  =         0.0000
 EKCMT  =         0.0000  VIRIAL  =         0.0000  VOLUME     =    333602.5228
                                                    Density    =         1.0322
 ------------------------------------------------------------------------------

wrapping first mol.:      -75.67252        0.00000        0.00000
wrapping first mol.:      -75.67252        0.00000        0.00000
wrapping first mol.:      -75.67138        0.00000        0.00000
wrapping first mol.:      -75.67138        0.00000        0.00000
wrapping first mol.:      -75.69903        0.00000        0.00000
wrapping first mol.:      -75.69903        0.00000        0.00000
wrapping first mol.:      -75.74448        0.00000        0.00000
wrapping first mol.:      -75.74448        0.00000        0.00000
wrapping first mol.:      -75.70392        0.00000        0.00000
wrapping first mol.:      -75.70392        0.00000        0.00000

 NSTEP =  5675000   TIME(PS) =   13050.000  TEMP(K) =   302.70  PRESS =     0.0
 Etot   =   -116798.3347  EKtot   =     20691.2480  EPtot      =   -137489.5827
 BOND   =       560.4277  ANGLE   =      1470.2608  DIHED      =       988.6840
 UB     =         0.0000  IMP     =         0.0000  CMAP       =       145.4952
 1-4 NB =       636.0588  1-4 EEL =      5895.3554  VDWAALS    =     16233.1016
 EELEC  =   -163418.9663  EHBOND  =         0.0000  RESTRAINT  =         0.0000
 EKCMT  =         0.0000  VIRIAL  =         0.0000  VOLUME     =    333989.7703
                                                    Density    =         1.0310
 ------------------------------------------------------------------------------

wrapping first mol.:      -75.75226        0.00000        0.00000
wrapping first mol.:      -75.75226        0.00000        0.00000
wrapping first mol.:      -75.67925        0.00000        0.00000
wrapping first mol.:      -75.67925        0.00000        0.00000
wrapping first mol.:      -75.70257        0.00000        0.00000
wrapping first mol.:      -75.70257        0.00000        0.00000
wrapping first mol.:      -75.73052        0.00000        0.00000
wrapping first mol.:      -75.73052        0.00000        0.00000
wrapping first mol.:      -75.82000        0.00000        0.00000
wrapping first mol.:      -75.82000        0.00000        0.00000

 NSTEP =  5700000   TIME(PS) =   13100.000  TEMP(K) =   298.68  PRESS =     0.0
 Etot   =   -117185.8448  EKtot   =     20416.5645  EPtot      =   -137602.4093
 BOND   =       572.6338  ANGLE   =      1527.8001  DIHED      =       980.1845
 UB     =         0.0000  IMP     =         0.0000  CMAP       =       144.1264
 1-4 NB =       637.8506  1-4 EEL =      5821.7760  VDWAALS    =     16405.8137
 EELEC  =   -163692.5945  EHBOND  =         0.0000  RESTRAINT  =         0.0000
 EKCMT  =         0.0000  VIRIAL  =         0.0000  VOLUME     =    335528.5586
                                                    Density    =         1.0263
 ------------------------------------------------------------------------------

wrapping first mol.:      -75.76551        0.00000        0.00000
wrapping first mol.:      -75.76551        0.00000        0.00000
wrapping first mol.:      -75.69724        0.00000        0.00000
wrapping first mol.:      -75.69724        0.00000        0.00000
wrapping first mol.:      -75.72712        0.00000        0.00000
wrapping first mol.:      -75.72712        0.00000        0.00000
wrapping first mol.:      -75.75723        0.00000        0.00000
wrapping first mol.:      -75.75723        0.00000        0.00000
wrapping first mol.:      -75.73482        0.00000        0.00000
wrapping first mol.:      -75.73482        0.00000        0.00000

 NSTEP =  5725000   TIME(PS) =   13150.000  TEMP(K) =   300.49  PRESS =     0.0
 Etot   =   -117059.3863  EKtot   =     20540.1016  EPtot      =   -137599.4879
 BOND   =       578.4521  ANGLE   =      1568.1609  DIHED      =       986.9426
 UB     =         0.0000  IMP     =         0.0000  CMAP       =       134.9084
 1-4 NB =       657.8023  1-4 EEL =      5810.8739  VDWAALS    =     16440.5451
 EELEC  =   -163777.1733  EHBOND  =         0.0000  RESTRAINT  =         0.0000
 EKCMT  =         0.0000  VIRIAL  =         0.0000  VOLUME     =    334398.9246
                                                    Density    =         1.0298
 ------------------------------------------------------------------------------

wrapping first mol.:      -75.66078        0.00000        0.00000
wrapping first mol.:      -75.66078        0.00000        0.00000
wrapping first mol.:      -75.72283        0.00000        0.00000
wrapping first mol.:      -75.72283        0.00000        0.00000
wrapping first mol.:      -75.67761        0.00000        0.00000
wrapping first mol.:      -75.67761        0.00000        0.00000
wrapping first mol.:      -75.69224        0.00000        0.00000
wrapping first mol.:      -75.69224        0.00000        0.00000
wrapping first mol.:      -75.70671        0.00000        0.00000
wrapping first mol.:      -75.70671        0.00000        0.00000

 NSTEP =  5750000   TIME(PS) =   13200.000  TEMP(K) =   296.22  PRESS =     0.0
 Etot   =   -117293.3078  EKtot   =     20248.5527  EPtot      =   -137541.8605
 BOND   =       571.2779  ANGLE   =      1526.2581  DIHED      =       961.3997
 UB     =         0.0000  IMP     =         0.0000  CMAP       =       129.8619
 1-4 NB =       631.2498  1-4 EEL =      5822.4834  VDWAALS    =     16201.9347
 EELEC  =   -163386.3262  EHBOND  =         0.0000  RESTRAINT  =         0.0000
 EKCMT  =         0.0000  VIRIAL  =         0.0000  VOLUME     =    334026.7745
                                                    Density    =         1.0309
 ------------------------------------------------------------------------------

wrapping first mol.:      -75.70496        0.00000        0.00000
wrapping first mol.:      -75.70496        0.00000        0.00000
wrapping first mol.:      -75.76355        0.00000        0.00000
wrapping first mol.:      -75.76355        0.00000        0.00000
wrapping first mol.:      -75.65304        0.00000        0.00000
wrapping first mol.:      -75.65304        0.00000        0.00000
wrapping first mol.:      -75.64254        0.00000        0.00000
wrapping first mol.:      -75.64254        0.00000        0.00000
wrapping first mol.:      -75.68892        0.00000        0.00000
wrapping first mol.:      -75.68892        0.00000        0.00000

 NSTEP =  5775000   TIME(PS) =   13250.000  TEMP(K) =   297.26  PRESS =     0.0
 Etot   =   -117027.4703  EKtot   =     20319.4062  EPtot      =   -137346.8765
 BOND   =       572.7183  ANGLE   =      1552.4124  DIHED      =       989.0483
 UB     =         0.0000  IMP     =         0.0000  CMAP       =       149.7734
 1-4 NB =       626.4634  1-4 EEL =      5798.9781  VDWAALS    =     16662.8844
 EELEC  =   -163699.1548  EHBOND  =         0.0000  RESTRAINT  =         0.0000
 EKCMT  =         0.0000  VIRIAL  =         0.0000  VOLUME     =    333791.3772
                                                    Density    =         1.0316
 ------------------------------------------------------------------------------

wrapping first mol.:      -75.64532        0.00000        0.00000
wrapping first mol.:      -75.64532        0.00000        0.00000
wrapping first mol.:      -75.64050        0.00000        0.00000
wrapping first mol.:      -75.64050        0.00000        0.00000
wrapping first mol.:      -75.71021        0.00000        0.00000
wrapping first mol.:      -75.71021        0.00000        0.00000
wrapping first mol.:      -75.68639        0.00000        0.00000
wrapping first mol.:      -75.68639        0.00000        0.00000
wrapping first mol.:      -75.79482        0.00000        0.00000
wrapping first mol.:      -75.79482        0.00000        0.00000

 NSTEP =  5800000   TIME(PS) =   13300.000  TEMP(K) =   298.63  PRESS =     0.0
 Etot   =   -116862.1502  EKtot   =     20413.2559  EPtot      =   -137275.4061
 BOND   =       568.6520  ANGLE   =      1509.5415  DIHED      =       965.0985
 UB     =         0.0000  IMP     =         0.0000  CMAP       =       144.1223
 1-4 NB =       666.4978  1-4 EEL =      5840.8280  VDWAALS    =     16107.1979
 EELEC  =   -163077.3441  EHBOND  =         0.0000  RESTRAINT  =         0.0000
 EKCMT  =         0.0000  VIRIAL  =         0.0000  VOLUME     =    335194.3221
                                                    Density    =         1.0273
 ------------------------------------------------------------------------------

wrapping first mol.:      -75.73632        0.00000        0.00000
wrapping first mol.:      -75.73632        0.00000        0.00000
wrapping first mol.:      -75.63837        0.00000        0.00000
wrapping first mol.:      -75.63837        0.00000        0.00000
wrapping first mol.:      -75.66412        0.00000        0.00000
wrapping first mol.:      -75.66412        0.00000        0.00000
wrapping first mol.:      -75.73264        0.00000        0.00000
wrapping first mol.:      -75.73264        0.00000        0.00000
wrapping first mol.:      -75.63962        0.00000        0.00000
wrapping first mol.:      -75.63962        0.00000        0.00000

 NSTEP =  5825000   TIME(PS) =   13350.000  TEMP(K) =   298.48  PRESS =     0.0
 Etot   =   -117141.4021  EKtot   =     20403.1777  EPtot      =   -137544.5798
 BOND   =       559.5982  ANGLE   =      1514.1203  DIHED      =       978.7796
 UB     =         0.0000  IMP     =         0.0000  CMAP       =       146.9257
 1-4 NB =       640.1026  1-4 EEL =      5854.5639  VDWAALS    =     16323.4551
 EELEC  =   -163562.1250  EHBOND  =         0.0000  RESTRAINT  =         0.0000
 EKCMT  =         0.0000  VIRIAL  =         0.0000  VOLUME     =    333139.5547
                                                    Density    =         1.0337
 ------------------------------------------------------------------------------

wrapping first mol.:      -75.72922        0.00000        0.00000
wrapping first mol.:      -75.72922        0.00000        0.00000
wrapping first mol.:      -75.78427        0.00000        0.00000
wrapping first mol.:      -75.78427        0.00000        0.00000
wrapping first mol.:      -75.70338        0.00000        0.00000
wrapping first mol.:      -75.70338        0.00000        0.00000
wrapping first mol.:      -75.66854        0.00000        0.00000
wrapping first mol.:      -75.66854        0.00000        0.00000
wrapping first mol.:      -75.71393        0.00000        0.00000
wrapping first mol.:      -75.71393        0.00000        0.00000

 NSTEP =  5850000   TIME(PS) =   13400.000  TEMP(K) =   300.14  PRESS =     0.0
 Etot   =   -117039.2571  EKtot   =     20516.2383  EPtot      =   -137555.4953
 BOND   =       559.0108  ANGLE   =      1551.9704  DIHED      =      1021.9713
 UB     =         0.0000  IMP     =         0.0000  CMAP       =       132.9375
 1-4 NB =       658.3013  1-4 EEL =      5810.7742  VDWAALS    =     16229.9715
 EELEC  =   -163520.4325  EHBOND  =         0.0000  RESTRAINT  =         0.0000
 EKCMT  =         0.0000  VIRIAL  =         0.0000  VOLUME     =    334122.3906
                                                    Density    =         1.0306
 ------------------------------------------------------------------------------

wrapping first mol.:      -75.65316        0.00000        0.00000
wrapping first mol.:      -75.65316        0.00000        0.00000
wrapping first mol.:      -75.75514        0.00000        0.00000
wrapping first mol.:      -75.75514        0.00000        0.00000
wrapping first mol.:      -75.70444        0.00000        0.00000
wrapping first mol.:      -75.70444        0.00000        0.00000
wrapping first mol.:      -75.55435        0.00000        0.00000
wrapping first mol.:      -75.55435        0.00000        0.00000
wrapping first mol.:      -75.67070        0.00000        0.00000
wrapping first mol.:      -75.67070        0.00000        0.00000

 NSTEP =  5875000   TIME(PS) =   13450.000  TEMP(K) =   300.02  PRESS =     0.0
 Etot   =   -116950.0951  EKtot   =     20508.4688  EPtot      =   -137458.5639
 BOND   =       555.9040  ANGLE   =      1568.9800  DIHED      =       979.7618
 UB     =         0.0000  IMP     =         0.0000  CMAP       =       139.7051
 1-4 NB =       629.7806  1-4 EEL =      5813.1604  VDWAALS    =     16295.8710
 EELEC  =   -163441.7268  EHBOND  =         0.0000  RESTRAINT  =         0.0000
 EKCMT  =         0.0000  VIRIAL  =         0.0000  VOLUME     =    333550.2990
                                                    Density    =         1.0324
 ------------------------------------------------------------------------------

wrapping first mol.:      -75.68162        0.00000        0.00000
wrapping first mol.:      -75.68162        0.00000        0.00000
wrapping first mol.:      -75.77276        0.00000        0.00000
wrapping first mol.:      -75.77276        0.00000        0.00000
wrapping first mol.:      -75.65682        0.00000        0.00000
wrapping first mol.:      -75.65682        0.00000        0.00000
wrapping first mol.:      -75.66605        0.00000        0.00000
wrapping first mol.:      -75.66605        0.00000        0.00000
wrapping first mol.:      -75.77987        0.00000        0.00000
wrapping first mol.:      -75.77987        0.00000        0.00000

 NSTEP =  5900000   TIME(PS) =   13500.000  TEMP(K) =   301.27  PRESS =     0.0
 Etot   =   -116868.5432  EKtot   =     20593.7578  EPtot      =   -137462.3010
 BOND   =       559.7711  ANGLE   =      1569.5703  DIHED      =       991.4555
 UB     =         0.0000  IMP     =         0.0000  CMAP       =       138.9695
 1-4 NB =       621.6904  1-4 EEL =      5801.5258  VDWAALS    =     16545.6754
 EELEC  =   -163690.9589  EHBOND  =         0.0000  RESTRAINT  =         0.0000
 EKCMT  =         0.0000  VIRIAL  =         0.0000  VOLUME     =    334995.9992
                                                    Density    =         1.0279
 ------------------------------------------------------------------------------

wrapping first mol.:      -75.66118        0.00000        0.00000
wrapping first mol.:      -75.66118        0.00000        0.00000
wrapping first mol.:      -75.72522        0.00000        0.00000
wrapping first mol.:      -75.72522        0.00000        0.00000
wrapping first mol.:      -75.82804        0.00000        0.00000
wrapping first mol.:      -75.82804        0.00000        0.00000
wrapping first mol.:      -75.65399        0.00000        0.00000
wrapping first mol.:      -75.65399        0.00000        0.00000
wrapping first mol.:      -75.65945        0.00000        0.00000
wrapping first mol.:      -75.65945        0.00000        0.00000

 NSTEP =  5925000   TIME(PS) =   13550.000  TEMP(K) =   300.27  PRESS =     0.0
 Etot   =   -117210.2588  EKtot   =     20525.0664  EPtot      =   -137735.3252
 BOND   =       575.5485  ANGLE   =      1514.1003  DIHED      =       999.4687
 UB     =         0.0000  IMP     =         0.0000  CMAP       =       140.8647
 1-4 NB =       650.0436  1-4 EEL =      5811.1381  VDWAALS    =     16787.6389
 EELEC  =   -164214.1280  EHBOND  =         0.0000  RESTRAINT  =         0.0000
 EKCMT  =         0.0000  VIRIAL  =         0.0000  VOLUME     =    333401.5630
                                                    Density    =         1.0328
 ------------------------------------------------------------------------------

wrapping first mol.:      -75.67986        0.00000        0.00000
wrapping first mol.:      -75.67986        0.00000        0.00000
wrapping first mol.:      -75.68387        0.00000        0.00000
wrapping first mol.:      -75.68387        0.00000        0.00000
wrapping first mol.:      -75.68258        0.00000        0.00000
wrapping first mol.:      -75.68258        0.00000        0.00000
wrapping first mol.:      -75.72740        0.00000        0.00000
wrapping first mol.:      -75.72740        0.00000        0.00000
wrapping first mol.:      -75.67045        0.00000        0.00000
wrapping first mol.:      -75.67045        0.00000        0.00000

 NSTEP =  5950000   TIME(PS) =   13600.000  TEMP(K) =   300.76  PRESS =     0.0
 Etot   =   -117098.2387  EKtot   =     20559.0859  EPtot      =   -137657.3247
 BOND   =       561.8396  ANGLE   =      1526.4583  DIHED      =       986.4647
 UB     =         0.0000  IMP     =         0.0000  CMAP       =       142.5516
 1-4 NB =       632.0614  1-4 EEL =      5864.7122  VDWAALS    =     16335.5602
 EELEC  =   -163706.9728  EHBOND  =         0.0000  RESTRAINT  =         0.0000
 EKCMT  =         0.0000  VIRIAL  =         0.0000  VOLUME     =    333547.0507
                                                    Density    =         1.0324
 ------------------------------------------------------------------------------

wrapping first mol.:      -75.79011        0.00000        0.00000
wrapping first mol.:      -75.79011        0.00000        0.00000
wrapping first mol.:      -75.75417        0.00000        0.00000
wrapping first mol.:      -75.75417        0.00000        0.00000
wrapping first mol.:      -75.71827        0.00000        0.00000
wrapping first mol.:      -75.71827        0.00000        0.00000
wrapping first mol.:      -75.66544        0.00000        0.00000
wrapping first mol.:      -75.66544        0.00000        0.00000
wrapping first mol.:      -75.64761        0.00000        0.00000
wrapping first mol.:      -75.64761        0.00000        0.00000

 NSTEP =  5975000   TIME(PS) =   13650.000  TEMP(K) =   300.78  PRESS =     0.0
 Etot   =   -117221.6184  EKtot   =     20560.4727  EPtot      =   -137782.0911
 BOND   =       564.9292  ANGLE   =      1524.1886  DIHED      =       967.8601
 UB     =         0.0000  IMP     =         0.0000  CMAP       =       137.4188
 1-4 NB =       643.8436  1-4 EEL =      5869.1691  VDWAALS    =     16107.0732
 EELEC  =   -163596.5737  EHBOND  =         0.0000  RESTRAINT  =         0.0000
 EKCMT  =         0.0000  VIRIAL  =         0.0000  VOLUME     =    333245.1057
                                                    Density    =         1.0333
 ------------------------------------------------------------------------------

wrapping first mol.:      -75.67751        0.00000        0.00000
wrapping first mol.:      -75.67751        0.00000        0.00000
wrapping first mol.:      -75.57978        0.00000        0.00000
wrapping first mol.:      -75.57978        0.00000        0.00000
wrapping first mol.:      -75.74902        0.00000        0.00000
wrapping first mol.:      -75.74902        0.00000        0.00000
wrapping first mol.:      -75.71537        0.00000        0.00000
wrapping first mol.:      -75.71537        0.00000        0.00000
wrapping first mol.:      -75.60498        0.00000        0.00000
wrapping first mol.:      -75.60498        0.00000        0.00000

 NSTEP =  6000000   TIME(PS) =   13700.000  TEMP(K) =   297.87  PRESS =     0.0
 Etot   =   -117451.1513  EKtot   =     20361.2168  EPtot      =   -137812.3681
 BOND   =       542.0443  ANGLE   =      1499.7781  DIHED      =       977.7284
 UB     =         0.0000  IMP     =         0.0000  CMAP       =       125.6820
 1-4 NB =       669.1137  1-4 EEL =      5892.7018  VDWAALS    =     16571.6082
 EELEC  =   -164091.0247  EHBOND  =         0.0000  RESTRAINT  =         0.0000
 EKCMT  =         0.0000  VIRIAL  =         0.0000  VOLUME     =    332681.9995
                                                    Density    =         1.0351
 ------------------------------------------------------------------------------

wrapping first mol.:      -75.66646        0.00000        0.00000
wrapping first mol.:      -75.66646        0.00000        0.00000
wrapping first mol.:      -75.70722        0.00000        0.00000
wrapping first mol.:      -75.70722        0.00000        0.00000
wrapping first mol.:      -75.63471        0.00000        0.00000
wrapping first mol.:      -75.63471        0.00000        0.00000
wrapping first mol.:      -75.71698        0.00000        0.00000
wrapping first mol.:      -75.71698        0.00000        0.00000
wrapping first mol.:      -75.70707        0.00000        0.00000
wrapping first mol.:      -75.70707        0.00000        0.00000

 NSTEP =  6025000   TIME(PS) =   13750.000  TEMP(K) =   298.81  PRESS =     0.0
 Etot   =   -117187.3856  EKtot   =     20425.8223  EPtot      =   -137613.2078
 BOND   =       534.3998  ANGLE   =      1463.2789  DIHED      =      1010.0419
 UB     =         0.0000  IMP     =         0.0000  CMAP       =       151.7026
 1-4 NB =       642.6482  1-4 EEL =      5888.2930  VDWAALS    =     16405.8572
 EELEC  =   -163709.4293  EHBOND  =         0.0000  RESTRAINT  =         0.0000
 EKCMT  =         0.0000  VIRIAL  =         0.0000  VOLUME     =    334031.4785
                                                    Density    =         1.0309
 ------------------------------------------------------------------------------

wrapping first mol.:      -75.78311        0.00000        0.00000
wrapping first mol.:      -75.78311        0.00000        0.00000
wrapping first mol.:      -75.69855        0.00000        0.00000
wrapping first mol.:      -75.69855        0.00000        0.00000
wrapping first mol.:      -75.75041        0.00000        0.00000
wrapping first mol.:      -75.75041        0.00000        0.00000
wrapping first mol.:      -75.66888        0.00000        0.00000
wrapping first mol.:      -75.66888        0.00000        0.00000
wrapping first mol.:      -75.62870        0.00000        0.00000
wrapping first mol.:      -75.62870        0.00000        0.00000

 NSTEP =  6050000   TIME(PS) =   13800.000  TEMP(K) =   298.81  PRESS =     0.0
 Etot   =   -117259.9385  EKtot   =     20425.4688  EPtot      =   -137685.4073
 BOND   =       561.1858  ANGLE   =      1521.4490  DIHED      =       985.7895
 UB     =         0.0000  IMP     =         0.0000  CMAP       =       139.1080
 1-4 NB =       649.8683  1-4 EEL =      5860.3550  VDWAALS    =     16294.8765
 EELEC  =   -163698.0394  EHBOND  =         0.0000  RESTRAINT  =         0.0000
 EKCMT  =         0.0000  VIRIAL  =         0.0000  VOLUME     =    332995.2604
                                                    Density    =         1.0341
 ------------------------------------------------------------------------------

wrapping first mol.:      -75.67017        0.00000        0.00000
wrapping first mol.:      -75.67017        0.00000        0.00000
wrapping first mol.:      -75.73678        0.00000        0.00000
wrapping first mol.:      -75.73678        0.00000        0.00000
wrapping first mol.:      -75.74898        0.00000        0.00000
wrapping first mol.:      -75.74898        0.00000        0.00000
wrapping first mol.:      -75.61446        0.00000        0.00000
wrapping first mol.:      -75.61446        0.00000        0.00000
wrapping first mol.:      -75.60731        0.00000        0.00000
wrapping first mol.:      -75.60731        0.00000        0.00000

 NSTEP =  6075000   TIME(PS) =   13850.000  TEMP(K) =   300.98  PRESS =     0.0
 Etot   =   -116882.4792  EKtot   =     20574.1055  EPtot      =   -137456.5847
 BOND   =       586.7858  ANGLE   =      1504.7717  DIHED      =       971.5051
 UB     =         0.0000  IMP     =         0.0000  CMAP       =       130.7307
 1-4 NB =       635.8198  1-4 EEL =      5812.5413  VDWAALS    =     16087.6477
 EELEC  =   -163186.3868  EHBOND  =         0.0000  RESTRAINT  =         0.0000
 EKCMT  =         0.0000  VIRIAL  =         0.0000  VOLUME     =    332712.8024
                                                    Density    =         1.0350
 ------------------------------------------------------------------------------

wrapping first mol.:      -75.65197        0.00000        0.00000
wrapping first mol.:      -75.65197        0.00000        0.00000
wrapping first mol.:      -75.76719        0.00000        0.00000
wrapping first mol.:      -75.76719        0.00000        0.00000
wrapping first mol.:      -75.70634        0.00000        0.00000
wrapping first mol.:      -75.70634        0.00000        0.00000
wrapping first mol.:      -75.67505        0.00000        0.00000
wrapping first mol.:      -75.67505        0.00000        0.00000
wrapping first mol.:      -75.76983        0.00000        0.00000
wrapping first mol.:      -75.76983        0.00000        0.00000

 NSTEP =  6100000   TIME(PS) =   13900.000  TEMP(K) =   298.14  PRESS =     0.0
 Etot   =   -117253.0066  EKtot   =     20380.0488  EPtot      =   -137633.0555
 BOND   =       547.6822  ANGLE   =      1551.0377  DIHED      =       986.5159
 UB     =         0.0000  IMP     =         0.0000  CMAP       =       133.8063
 1-4 NB =       630.1924  1-4 EEL =      5822.7573  VDWAALS    =     16938.1683
 EELEC  =   -164243.2155  EHBOND  =         0.0000  RESTRAINT  =         0.0000
 EKCMT  =         0.0000  VIRIAL  =         0.0000  VOLUME     =    334862.9916
                                                    Density    =         1.0283
 ------------------------------------------------------------------------------

wrapping first mol.:      -75.70256        0.00000        0.00000
wrapping first mol.:      -75.70256        0.00000        0.00000
wrapping first mol.:      -75.75369        0.00000        0.00000
wrapping first mol.:      -75.75369        0.00000        0.00000
wrapping first mol.:      -75.75857        0.00000        0.00000
wrapping first mol.:      -75.75857        0.00000        0.00000
wrapping first mol.:      -75.77109        0.00000        0.00000
wrapping first mol.:      -75.77109        0.00000        0.00000
wrapping first mol.:      -75.73003        0.00000        0.00000
wrapping first mol.:      -75.73003        0.00000        0.00000

 NSTEP =  6125000   TIME(PS) =   13950.000  TEMP(K) =   301.64  PRESS =     0.0
 Etot   =   -116484.0973  EKtot   =     20618.7109  EPtot      =   -137102.8083
 BOND   =       573.8277  ANGLE   =      1581.3044  DIHED      =       999.2680
 UB     =         0.0000  IMP     =         0.0000  CMAP       =       137.5058
 1-4 NB =       636.1368  1-4 EEL =      5872.8991  VDWAALS    =     16582.7171
 EELEC  =   -163486.4672  EHBOND  =         0.0000  RESTRAINT  =         0.0000
 EKCMT  =         0.0000  VIRIAL  =         0.0000  VOLUME     =    334335.4924
                                                    Density    =         1.0300
 ------------------------------------------------------------------------------

wrapping first mol.:      -75.70476        0.00000        0.00000
wrapping first mol.:      -75.70476        0.00000        0.00000
wrapping first mol.:      -75.65684        0.00000        0.00000
wrapping first mol.:      -75.65684        0.00000        0.00000
wrapping first mol.:      -75.65570        0.00000        0.00000
wrapping first mol.:      -75.65570        0.00000        0.00000
wrapping first mol.:      -75.64711        0.00000        0.00000
wrapping first mol.:      -75.64711        0.00000        0.00000
wrapping first mol.:      -75.74811        0.00000        0.00000
wrapping first mol.:      -75.74811        0.00000        0.00000

 NSTEP =  6150000   TIME(PS) =   14000.000  TEMP(K) =   299.45  PRESS =     0.0
 Etot   =   -116830.1081  EKtot   =     20469.0781  EPtot      =   -137299.1863
 BOND   =       572.6230  ANGLE   =      1549.4848  DIHED      =      1009.7466
 UB     =         0.0000  IMP     =         0.0000  CMAP       =       152.2694
 1-4 NB =       630.0218  1-4 EEL =      5849.9409  VDWAALS    =     16449.5453
 EELEC  =   -163512.8180  EHBOND  =         0.0000  RESTRAINT  =         0.0000
 EKCMT  =         0.0000  VIRIAL  =         0.0000  VOLUME     =    334574.9822
                                                    Density    =         1.0292
 ------------------------------------------------------------------------------

wrapping first mol.:      -75.75392        0.00000        0.00000
wrapping first mol.:      -75.75392        0.00000        0.00000
wrapping first mol.:      -75.73751        0.00000        0.00000
wrapping first mol.:      -75.73751        0.00000        0.00000
wrapping first mol.:      -75.65032        0.00000        0.00000
wrapping first mol.:      -75.65032        0.00000        0.00000
wrapping first mol.:      -75.76024        0.00000        0.00000
wrapping first mol.:      -75.76024        0.00000        0.00000
wrapping first mol.:      -75.81700        0.00000        0.00000
wrapping first mol.:      -75.81700        0.00000        0.00000

 NSTEP =  6175000   TIME(PS) =   14050.000  TEMP(K) =   296.79  PRESS =     0.0
 Etot   =   -117148.6774  EKtot   =     20287.1582  EPtot      =   -137435.8356
 BOND   =       565.0792  ANGLE   =      1511.5041  DIHED      =       993.0590
 UB     =         0.0000  IMP     =         0.0000  CMAP       =       152.6262
 1-4 NB =       646.7073  1-4 EEL =      5823.4060  VDWAALS    =     16157.7871
 EELEC  =   -163286.0044  EHBOND  =         0.0000  RESTRAINT  =         0.0000
 EKCMT  =         0.0000  VIRIAL  =         0.0000  VOLUME     =    335488.7053
                                                    Density    =         1.0264
 ------------------------------------------------------------------------------

wrapping first mol.:      -75.66549        0.00000        0.00000
wrapping first mol.:      -75.66549        0.00000        0.00000
wrapping first mol.:      -75.62363        0.00000        0.00000
wrapping first mol.:      -75.62363        0.00000        0.00000
wrapping first mol.:      -75.78561        0.00000        0.00000
wrapping first mol.:      -75.78561        0.00000        0.00000
wrapping first mol.:      -75.80490        0.00000        0.00000
wrapping first mol.:      -75.80490        0.00000        0.00000
wrapping first mol.:      -75.76436        0.00000        0.00000
wrapping first mol.:      -75.76436        0.00000        0.00000

 NSTEP =  6200000   TIME(PS) =   14100.000  TEMP(K) =   300.97  PRESS =     0.0
 Etot   =   -117127.3980  EKtot   =     20573.4688  EPtot      =   -137700.8667
 BOND   =       563.9493  ANGLE   =      1516.8880  DIHED      =      1001.3389
 UB     =         0.0000  IMP     =         0.0000  CMAP       =       136.4399
 1-4 NB =       636.0160  1-4 EEL =      5806.4405  VDWAALS    =     16643.0595
 EELEC  =   -164004.9986  EHBOND  =         0.0000  RESTRAINT  =         0.0000
 EKCMT  =         0.0000  VIRIAL  =         0.0000  VOLUME     =    334790.4145
                                                    Density    =         1.0286
 ------------------------------------------------------------------------------

wrapping first mol.:      -75.69793        0.00000        0.00000
wrapping first mol.:      -75.69793        0.00000        0.00000
wrapping first mol.:      -75.72803        0.00000        0.00000
wrapping first mol.:      -75.72803        0.00000        0.00000
wrapping first mol.:      -75.66703        0.00000        0.00000
wrapping first mol.:      -75.66703        0.00000        0.00000
wrapping first mol.:      -75.67682        0.00000        0.00000
wrapping first mol.:      -75.67682        0.00000        0.00000
wrapping first mol.:      -75.63932        0.00000        0.00000
wrapping first mol.:      -75.63932        0.00000        0.00000

 NSTEP =  6225000   TIME(PS) =   14150.000  TEMP(K) =   299.99  PRESS =     0.0
 Etot   =   -117314.7734  EKtot   =     20506.5059  EPtot      =   -137821.2793
 BOND   =       569.8273  ANGLE   =      1551.0518  DIHED      =      1013.7044
 UB     =         0.0000  IMP     =         0.0000  CMAP       =       137.5827
 1-4 NB =       651.8306  1-4 EEL =      5826.8259  VDWAALS    =     16736.9473
 EELEC  =   -164309.0492  EHBOND  =         0.0000  RESTRAINT  =         0.0000
 EKCMT  =         0.0000  VIRIAL  =         0.0000  VOLUME     =    333135.5348
                                                    Density    =         1.0337
 ------------------------------------------------------------------------------

wrapping first mol.:      -75.70988        0.00000        0.00000
wrapping first mol.:      -75.70988        0.00000        0.00000
wrapping first mol.:      -75.67155        0.00000        0.00000
wrapping first mol.:      -75.67155        0.00000        0.00000
wrapping first mol.:      -75.77034        0.00000        0.00000
wrapping first mol.:      -75.77034        0.00000        0.00000
wrapping first mol.:      -75.66231        0.00000        0.00000
wrapping first mol.:      -75.66231        0.00000        0.00000
wrapping first mol.:      -75.64085        0.00000        0.00000
wrapping first mol.:      -75.64085        0.00000        0.00000

 NSTEP =  6250000   TIME(PS) =   14200.000  TEMP(K) =   298.88  PRESS =     0.0
 Etot   =   -117020.8869  EKtot   =     20430.6465  EPtot      =   -137451.5334
 BOND   =       552.8046  ANGLE   =      1540.6210  DIHED      =       986.5970
 UB     =         0.0000  IMP     =         0.0000  CMAP       =       147.0941
 1-4 NB =       641.2340  1-4 EEL =      5812.4970  VDWAALS    =     16534.7466
 EELEC  =   -163667.1277  EHBOND  =         0.0000  RESTRAINT  =         0.0000
 EKCMT  =         0.0000  VIRIAL  =         0.0000  VOLUME     =    333155.7510
                                                    Density    =         1.0336
 ------------------------------------------------------------------------------

wrapping first mol.:      -75.84827        0.00000        0.00000
wrapping first mol.:      -75.84827        0.00000        0.00000
wrapping first mol.:      -75.79647        0.00000        0.00000
wrapping first mol.:      -75.79647        0.00000        0.00000
wrapping first mol.:      -75.66541        0.00000        0.00000
wrapping first mol.:      -75.66541        0.00000        0.00000
wrapping first mol.:      -75.61241        0.00000        0.00000
wrapping first mol.:      -75.61241        0.00000        0.00000
wrapping first mol.:      -75.65927        0.00000        0.00000
wrapping first mol.:      -75.65927        0.00000        0.00000

 NSTEP =  6275000   TIME(PS) =   14250.000  TEMP(K) =   301.13  PRESS =     0.0
 Etot   =   -117240.2492  EKtot   =     20584.0410  EPtot      =   -137824.2902
 BOND   =       580.2530  ANGLE   =      1511.6813  DIHED      =       973.3158
 UB     =         0.0000  IMP     =         0.0000  CMAP       =       139.4885
 1-4 NB =       647.4162  1-4 EEL =      5792.0878  VDWAALS    =     16651.7239
 EELEC  =   -164120.2568  EHBOND  =         0.0000  RESTRAINT  =         0.0000
 EKCMT  =         0.0000  VIRIAL  =         0.0000  VOLUME     =    333399.2654
                                                    Density    =         1.0328
 ------------------------------------------------------------------------------

wrapping first mol.:      -75.73524        0.00000        0.00000
wrapping first mol.:      -75.73524        0.00000        0.00000
wrapping first mol.:      -75.71500        0.00000        0.00000
wrapping first mol.:      -75.71500        0.00000        0.00000
wrapping first mol.:      -75.70576        0.00000        0.00000
wrapping first mol.:      -75.70576        0.00000        0.00000
wrapping first mol.:      -75.56725        0.00000        0.00000
wrapping first mol.:      -75.56725        0.00000        0.00000
wrapping first mol.:      -75.67235        0.00000        0.00000
wrapping first mol.:      -75.67235        0.00000        0.00000

 NSTEP =  6300000   TIME(PS) =   14300.000  TEMP(K) =   301.13  PRESS =     0.0
 Etot   =   -117181.8317  EKtot   =     20584.2617  EPtot      =   -137766.0935
 BOND   =       541.0143  ANGLE   =      1527.4046  DIHED      =       989.9776
 UB     =         0.0000  IMP     =         0.0000  CMAP       =       130.3309
 1-4 NB =       640.5499  1-4 EEL =      5809.7641  VDWAALS    =     16456.8558
 EELEC  =   -163861.9906  EHBOND  =         0.0000  RESTRAINT  =         0.0000
 EKCMT  =         0.0000  VIRIAL  =         0.0000  VOLUME     =    333572.1671
                                                    Density    =         1.0323
 ------------------------------------------------------------------------------

wrapping first mol.:      -75.87666        0.00000        0.00000
wrapping first mol.:      -75.87666        0.00000        0.00000
wrapping first mol.:      -75.70173        0.00000        0.00000
wrapping first mol.:      -75.70173        0.00000        0.00000
wrapping first mol.:      -75.64094        0.00000        0.00000
wrapping first mol.:      -75.64094        0.00000        0.00000
wrapping first mol.:      -75.61563        0.00000        0.00000
wrapping first mol.:      -75.61563        0.00000        0.00000
wrapping first mol.:      -75.73377        0.00000        0.00000
wrapping first mol.:      -75.73377        0.00000        0.00000

 NSTEP =  6325000   TIME(PS) =   14350.000  TEMP(K) =   299.70  PRESS =     0.0
 Etot   =   -117031.6778  EKtot   =     20486.7051  EPtot      =   -137518.3829
 BOND   =       541.0599  ANGLE   =      1480.2385  DIHED      =       985.1379
 UB     =         0.0000  IMP     =         0.0000  CMAP       =       137.8577
 1-4 NB =       630.6565  1-4 EEL =      5826.0289  VDWAALS    =     16446.1182
 EELEC  =   -163565.4806  EHBOND  =         0.0000  RESTRAINT  =         0.0000
 EKCMT  =         0.0000  VIRIAL  =         0.0000  VOLUME     =    334385.0510
                                                    Density    =         1.0298
 ------------------------------------------------------------------------------

wrapping first mol.:      -75.56019        0.00000        0.00000
wrapping first mol.:      -75.56019        0.00000        0.00000
wrapping first mol.:      -75.75389        0.00000        0.00000
wrapping first mol.:      -75.75389        0.00000        0.00000
wrapping first mol.:      -75.81673        0.00000        0.00000
wrapping first mol.:      -75.81673        0.00000        0.00000
wrapping first mol.:      -75.75244        0.00000        0.00000
wrapping first mol.:      -75.75244        0.00000        0.00000
wrapping first mol.:      -75.78995        0.00000        0.00000
wrapping first mol.:      -75.78995        0.00000        0.00000

 NSTEP =  6350000   TIME(PS) =   14400.000  TEMP(K) =   300.72  PRESS =     0.0
 Etot   =   -116736.4171  EKtot   =     20555.8867  EPtot      =   -137292.3038
 BOND   =       567.5332  ANGLE   =      1509.5641  DIHED      =       982.8348
 UB     =         0.0000  IMP     =         0.0000  CMAP       =       133.3307
 1-4 NB =       641.4396  1-4 EEL =      5852.6863  VDWAALS    =     16518.4577
 EELEC  =   -163498.1500  EHBOND  =         0.0000  RESTRAINT  =         0.0000
 EKCMT  =         0.0000  VIRIAL  =         0.0000  VOLUME     =    335129.7808
                                                    Density    =         1.0275
 ------------------------------------------------------------------------------

wrapping first mol.:      -75.76351        0.00000        0.00000
wrapping first mol.:      -75.76351        0.00000        0.00000
wrapping first mol.:      -75.75537        0.00000        0.00000
wrapping first mol.:      -75.75537        0.00000        0.00000
wrapping first mol.:      -75.67146        0.00000        0.00000
wrapping first mol.:      -75.67146        0.00000        0.00000
wrapping first mol.:      -75.83652        0.00000        0.00000
wrapping first mol.:      -75.83652        0.00000        0.00000
wrapping first mol.:      -75.68459        0.00000        0.00000
wrapping first mol.:      -75.68459        0.00000        0.00000

 NSTEP =  6375000   TIME(PS) =   14450.000  TEMP(K) =   300.31  PRESS =     0.0
 Etot   =   -116971.7346  EKtot   =     20527.8711  EPtot      =   -137499.6057
 BOND   =       569.1637  ANGLE   =      1542.3567  DIHED      =       960.7440
 UB     =         0.0000  IMP     =         0.0000  CMAP       =       137.1574
 1-4 NB =       627.5268  1-4 EEL =      5796.9169  VDWAALS    =     16672.8767
 EELEC  =   -163806.3479  EHBOND  =         0.0000  RESTRAINT  =         0.0000
 EKCMT  =         0.0000  VIRIAL  =         0.0000  VOLUME     =    333734.0376
                                                    Density    =         1.0318
 ------------------------------------------------------------------------------

wrapping first mol.:      -75.74622        0.00000        0.00000
wrapping first mol.:      -75.74622        0.00000        0.00000
wrapping first mol.:      -75.77789        0.00000        0.00000
wrapping first mol.:      -75.77789        0.00000        0.00000
wrapping first mol.:      -75.71785        0.00000        0.00000
wrapping first mol.:      -75.71785        0.00000        0.00000
wrapping first mol.:      -75.76909        0.00000        0.00000
wrapping first mol.:      -75.76909        0.00000        0.00000
wrapping first mol.:      -75.70269        0.00000        0.00000
wrapping first mol.:      -75.70269        0.00000        0.00000

 NSTEP =  6400000   TIME(PS) =   14500.000  TEMP(K) =   300.70  PRESS =     0.0
 Etot   =   -116964.9314  EKtot   =     20555.0195  EPtot      =   -137519.9509
 BOND   =       575.8617  ANGLE   =      1537.3840  DIHED      =       997.0814
 UB     =         0.0000  IMP     =         0.0000  CMAP       =       133.5947
 1-4 NB =       649.3055  1-4 EEL =      5814.1263  VDWAALS    =     16501.6806
 EELEC  =   -163728.9853  EHBOND  =         0.0000  RESTRAINT  =         0.0000
 EKCMT  =         0.0000  VIRIAL  =         0.0000  VOLUME     =    333973.5949
                                                    Density    =         1.0311
 ------------------------------------------------------------------------------

wrapping first mol.:      -75.76038        0.00000        0.00000
wrapping first mol.:      -75.76038        0.00000        0.00000
wrapping first mol.:      -75.71397        0.00000        0.00000
wrapping first mol.:      -75.71397        0.00000        0.00000
wrapping first mol.:      -75.71624        0.00000        0.00000
wrapping first mol.:      -75.71624        0.00000        0.00000
wrapping first mol.:      -75.70110        0.00000        0.00000
wrapping first mol.:      -75.70110        0.00000        0.00000
wrapping first mol.:      -75.74326        0.00000        0.00000
wrapping first mol.:      -75.74326        0.00000        0.00000

 NSTEP =  6425000   TIME(PS) =   14550.000  TEMP(K) =   298.69  PRESS =     0.0
 Etot   =   -117177.2984  EKtot   =     20417.2070  EPtot      =   -137594.5055
 BOND   =       559.1711  ANGLE   =      1542.1966  DIHED      =       998.9512
 UB     =         0.0000  IMP     =         0.0000  CMAP       =       149.0925
 1-4 NB =       631.7987  1-4 EEL =      5846.5523  VDWAALS    =     16266.8680
 EELEC  =   -163589.1359  EHBOND  =         0.0000  RESTRAINT  =         0.0000
 EKCMT  =         0.0000  VIRIAL  =         0.0000  VOLUME     =    334510.8102
                                                    Density    =         1.0294
 ------------------------------------------------------------------------------

wrapping first mol.:      -75.61064        0.00000        0.00000
wrapping first mol.:      -75.61064        0.00000        0.00000
wrapping first mol.:      -75.65203        0.00000        0.00000
wrapping first mol.:      -75.65203        0.00000        0.00000
wrapping first mol.:      -75.70813        0.00000        0.00000
wrapping first mol.:      -75.70813        0.00000        0.00000
wrapping first mol.:      -75.70386        0.00000        0.00000
wrapping first mol.:      -75.70386        0.00000        0.00000
wrapping first mol.:      -75.61919        0.00000        0.00000
wrapping first mol.:      -75.61919        0.00000        0.00000

 NSTEP =  6450000   TIME(PS) =   14600.000  TEMP(K) =   301.15  PRESS =     0.0
 Etot   =   -117040.5609  EKtot   =     20585.5762  EPtot      =   -137626.1370
 BOND   =       563.4287  ANGLE   =      1544.8271  DIHED      =       988.2951
 UB     =         0.0000  IMP     =         0.0000  CMAP       =       141.5130
 1-4 NB =       640.9421  1-4 EEL =      5890.2000  VDWAALS    =     16249.7370
 EELEC  =   -163645.0801  EHBOND  =         0.0000  RESTRAINT  =         0.0000
 EKCMT  =         0.0000  VIRIAL  =         0.0000  VOLUME     =    332869.6966
                                                    Density    =         1.0345
 ------------------------------------------------------------------------------

wrapping first mol.:      -75.68964        0.00000        0.00000
wrapping first mol.:      -75.68964        0.00000        0.00000
wrapping first mol.:      -75.67446        0.00000        0.00000
wrapping first mol.:      -75.67446        0.00000        0.00000
wrapping first mol.:      -75.64378        0.00000        0.00000
wrapping first mol.:      -75.64378        0.00000        0.00000
wrapping first mol.:      -75.71013        0.00000        0.00000
wrapping first mol.:      -75.71013        0.00000        0.00000
wrapping first mol.:      -75.71712        0.00000        0.00000
wrapping first mol.:      -75.71712        0.00000        0.00000

 NSTEP =  6475000   TIME(PS) =   14650.000  TEMP(K) =   301.40  PRESS =     0.0
 Etot   =   -116791.9971  EKtot   =     20602.5977  EPtot      =   -137394.5948
 BOND   =       571.3147  ANGLE   =      1538.5705  DIHED      =       991.6060
 UB     =         0.0000  IMP     =         0.0000  CMAP       =       139.2945
 1-4 NB =       636.8781  1-4 EEL =      5809.9876  VDWAALS    =     16506.7151
 EELEC  =   -163588.9613  EHBOND  =         0.0000  RESTRAINT  =         0.0000
 EKCMT  =         0.0000  VIRIAL  =         0.0000  VOLUME     =    334164.5855
                                                    Density    =         1.0305
 ------------------------------------------------------------------------------

wrapping first mol.:      -75.55455        0.00000        0.00000
wrapping first mol.:      -75.55455        0.00000        0.00000
wrapping first mol.:      -75.67805        0.00000        0.00000
wrapping first mol.:      -75.67805        0.00000        0.00000
wrapping first mol.:      -75.72432        0.00000        0.00000
wrapping first mol.:      -75.72432        0.00000        0.00000
wrapping first mol.:      -75.71177        0.00000        0.00000
wrapping first mol.:      -75.71177        0.00000        0.00000
wrapping first mol.:      -75.70903        0.00000        0.00000
wrapping first mol.:      -75.70903        0.00000        0.00000

 NSTEP =  6500000   TIME(PS) =   14700.000  TEMP(K) =   301.15  PRESS =     0.0
 Etot   =   -117032.3020  EKtot   =     20585.4316  EPtot      =   -137617.7337
 BOND   =       566.6402  ANGLE   =      1589.6919  DIHED      =       973.2479
 UB     =         0.0000  IMP     =         0.0000  CMAP       =       131.1583
 1-4 NB =       633.7544  1-4 EEL =      5837.9676  VDWAALS    =     16568.3332
 EELEC  =   -163918.5272  EHBOND  =         0.0000  RESTRAINT  =         0.0000
 EKCMT  =         0.0000  VIRIAL  =         0.0000  VOLUME     =    334057.5224
                                                    Density    =         1.0308
 ------------------------------------------------------------------------------

wrapping first mol.:      -75.72466        0.00000        0.00000
wrapping first mol.:      -75.72466        0.00000        0.00000
wrapping first mol.:      -75.67546        0.00000        0.00000
wrapping first mol.:      -75.67546        0.00000        0.00000
wrapping first mol.:      -75.62361        0.00000        0.00000
wrapping first mol.:      -75.62361        0.00000        0.00000
wrapping first mol.:      -75.70333        0.00000        0.00000
wrapping first mol.:      -75.70333        0.00000        0.00000
wrapping first mol.:      -75.64393        0.00000        0.00000
wrapping first mol.:      -75.64393        0.00000        0.00000

 NSTEP =  6525000   TIME(PS) =   14750.000  TEMP(K) =   298.87  PRESS =     0.0
 Etot   =   -116997.8037  EKtot   =     20429.3789  EPtot      =   -137427.1826
 BOND   =       528.2636  ANGLE   =      1464.2310  DIHED      =       987.6808
 UB     =         0.0000  IMP     =         0.0000  CMAP       =       134.8150
 1-4 NB =       647.4071  1-4 EEL =      5816.1408  VDWAALS    =     16321.8762
 EELEC  =   -163327.5971  EHBOND  =         0.0000  RESTRAINT  =         0.0000
 EKCMT  =         0.0000  VIRIAL  =         0.0000  VOLUME     =    333196.4361
                                                    Density    =         1.0335
 ------------------------------------------------------------------------------

wrapping first mol.:      -75.64364        0.00000        0.00000
wrapping first mol.:      -75.64364        0.00000        0.00000
wrapping first mol.:      -75.60998        0.00000        0.00000
wrapping first mol.:      -75.60998        0.00000        0.00000
wrapping first mol.:      -75.76999        0.00000        0.00000
wrapping first mol.:      -75.76999        0.00000        0.00000
wrapping first mol.:      -75.73279        0.00000        0.00000
wrapping first mol.:      -75.73279        0.00000        0.00000
wrapping first mol.:      -75.77583        0.00000        0.00000
wrapping first mol.:      -75.77583        0.00000        0.00000

 NSTEP =  6550000   TIME(PS) =   14800.000  TEMP(K) =   305.30  PRESS =     0.0
 Etot   =   -116706.4927  EKtot   =     20869.0449  EPtot      =   -137575.5376
 BOND   =       570.0432  ANGLE   =      1520.4189  DIHED      =       989.3927
 UB     =         0.0000  IMP     =         0.0000  CMAP       =       126.6111
 1-4 NB =       633.0110  1-4 EEL =      5800.9489  VDWAALS    =     16524.0034
 EELEC  =   -163739.9667  EHBOND  =         0.0000  RESTRAINT  =         0.0000
 EKCMT  =         0.0000  VIRIAL  =         0.0000  VOLUME     =    334942.4754
                                                    Density    =         1.0281
 ------------------------------------------------------------------------------

wrapping first mol.:      -75.75236        0.00000        0.00000
wrapping first mol.:      -75.75236        0.00000        0.00000
wrapping first mol.:      -75.65140        0.00000        0.00000
wrapping first mol.:      -75.65140        0.00000        0.00000
wrapping first mol.:      -75.70152        0.00000        0.00000
wrapping first mol.:      -75.70152        0.00000        0.00000
wrapping first mol.:      -75.70776        0.00000        0.00000
wrapping first mol.:      -75.70776        0.00000        0.00000
wrapping first mol.:      -75.77855        0.00000        0.00000
wrapping first mol.:      -75.77855        0.00000        0.00000

 NSTEP =  6575000   TIME(PS) =   14850.000  TEMP(K) =   299.26  PRESS =     0.0
 Etot   =   -117298.4254  EKtot   =     20456.0059  EPtot      =   -137754.4313
 BOND   =       541.4238  ANGLE   =      1556.4520  DIHED      =       977.4823
 UB     =         0.0000  IMP     =         0.0000  CMAP       =       135.9006
 1-4 NB =       665.2859  1-4 EEL =      5808.4758  VDWAALS    =     16434.7166
 EELEC  =   -163874.1682  EHBOND  =         0.0000  RESTRAINT  =         0.0000
 EKCMT  =         0.0000  VIRIAL  =         0.0000  VOLUME     =    334978.6070
                                                    Density    =         1.0280
 ------------------------------------------------------------------------------

wrapping first mol.:      -75.76573        0.00000        0.00000
wrapping first mol.:      -75.76573        0.00000        0.00000
wrapping first mol.:      -75.62530        0.00000        0.00000
wrapping first mol.:      -75.62530        0.00000        0.00000
wrapping first mol.:      -75.67118        0.00000        0.00000
wrapping first mol.:      -75.67118        0.00000        0.00000
wrapping first mol.:      -75.73397        0.00000        0.00000
wrapping first mol.:      -75.73397        0.00000        0.00000
wrapping first mol.:      -75.64272        0.00000        0.00000
wrapping first mol.:      -75.64272        0.00000        0.00000

 NSTEP =  6600000   TIME(PS) =   14900.000  TEMP(K) =   300.30  PRESS =     0.0
 Etot   =   -117028.8580  EKtot   =     20527.5820  EPtot      =   -137556.4400
 BOND   =       624.0184  ANGLE   =      1581.3957  DIHED      =       973.4522
 UB     =         0.0000  IMP     =         0.0000  CMAP       =       141.7918
 1-4 NB =       629.8165  1-4 EEL =      5766.1932  VDWAALS    =     16685.5976
 EELEC  =   -163958.7053  EHBOND  =         0.0000  RESTRAINT  =         0.0000
 EKCMT  =         0.0000  VIRIAL  =         0.0000  VOLUME     =    333180.4234
                                                    Density    =         1.0335
 ------------------------------------------------------------------------------

wrapping first mol.:      -75.72969        0.00000        0.00000
wrapping first mol.:      -75.72969        0.00000        0.00000
wrapping first mol.:      -75.68544        0.00000        0.00000
wrapping first mol.:      -75.68544        0.00000        0.00000
wrapping first mol.:      -75.76667        0.00000        0.00000
wrapping first mol.:      -75.76667        0.00000        0.00000
wrapping first mol.:      -75.72691        0.00000        0.00000
wrapping first mol.:      -75.72691        0.00000        0.00000
wrapping first mol.:      -75.74301        0.00000        0.00000
wrapping first mol.:      -75.74301        0.00000        0.00000

 NSTEP =  6625000   TIME(PS) =   14950.000  TEMP(K) =   299.86  PRESS =     0.0
 Etot   =   -117027.6831  EKtot   =     20497.1465  EPtot      =   -137524.8296
 BOND   =       589.8713  ANGLE   =      1536.2000  DIHED      =       985.7416
 UB     =         0.0000  IMP     =         0.0000  CMAP       =       143.4517
 1-4 NB =       640.4863  1-4 EEL =      5781.8756  VDWAALS    =     16434.6838
 EELEC  =   -163637.1400  EHBOND  =         0.0000  RESTRAINT  =         0.0000
 EKCMT  =         0.0000  VIRIAL  =         0.0000  VOLUME     =    334507.4972
                                                    Density    =         1.0294
 ------------------------------------------------------------------------------

wrapping first mol.:      -75.62162        0.00000        0.00000
wrapping first mol.:      -75.62162        0.00000        0.00000
wrapping first mol.:      -75.74869        0.00000        0.00000
wrapping first mol.:      -75.74869        0.00000        0.00000
wrapping first mol.:      -75.61478        0.00000        0.00000
wrapping first mol.:      -75.61478        0.00000        0.00000
wrapping first mol.:      -75.74512        0.00000        0.00000
wrapping first mol.:      -75.74512        0.00000        0.00000
wrapping first mol.:      -75.68527        0.00000        0.00000
wrapping first mol.:      -75.68527        0.00000        0.00000

 NSTEP =  6650000   TIME(PS) =   15000.000  TEMP(K) =   297.14  PRESS =     0.0
 Etot   =   -117463.7511  EKtot   =     20311.4668  EPtot      =   -137775.2179
 BOND   =       568.7968  ANGLE   =      1534.5528  DIHED      =       990.7209
 UB     =         0.0000  IMP     =         0.0000  CMAP       =       128.7349
 1-4 NB =       634.7475  1-4 EEL =      5831.0899  VDWAALS    =     16502.7805
 EELEC  =   -163966.6412  EHBOND  =         0.0000  RESTRAINT  =         0.0000
 EKCMT  =         0.0000  VIRIAL  =         0.0000  VOLUME     =    333742.9886
                                                    Density    =         1.0318
 ------------------------------------------------------------------------------

wrapping first mol.:      -75.58275        0.00000        0.00000
wrapping first mol.:      -75.58275        0.00000        0.00000
wrapping first mol.:      -75.64585        0.00000        0.00000
wrapping first mol.:      -75.64585        0.00000        0.00000
wrapping first mol.:      -75.69348        0.00000        0.00000
wrapping first mol.:      -75.69348        0.00000        0.00000
wrapping first mol.:      -75.68946        0.00000        0.00000
wrapping first mol.:      -75.68946        0.00000        0.00000
wrapping first mol.:      -75.75115        0.00000        0.00000
wrapping first mol.:      -75.75115        0.00000        0.00000

 NSTEP =  6675000   TIME(PS) =   15050.000  TEMP(K) =   298.99  PRESS =     0.0
 Etot   =   -117086.1713  EKtot   =     20437.7871  EPtot      =   -137523.9584
 BOND   =       573.4270  ANGLE   =      1545.4542  DIHED      =      1013.8739
 UB     =         0.0000  IMP     =         0.0000  CMAP       =       131.9951
 1-4 NB =       655.1765  1-4 EEL =      5816.8811  VDWAALS    =     16811.5233
 EELEC  =   -164072.2895  EHBOND  =         0.0000  RESTRAINT  =         0.0000
 EKCMT  =         0.0000  VIRIAL  =         0.0000  VOLUME     =    334615.3704
                                                    Density    =         1.0291
 ------------------------------------------------------------------------------

wrapping first mol.:      -75.80346        0.00000        0.00000
wrapping first mol.:      -75.80346        0.00000        0.00000
wrapping first mol.:      -75.71788        0.00000        0.00000
wrapping first mol.:      -75.71788        0.00000        0.00000
wrapping first mol.:      -75.78019        0.00000        0.00000
wrapping first mol.:      -75.78019        0.00000        0.00000
wrapping first mol.:      -75.77958        0.00000        0.00000
wrapping first mol.:      -75.77958        0.00000        0.00000
wrapping first mol.:      -75.73220        0.00000        0.00000
wrapping first mol.:      -75.73220        0.00000        0.00000

 NSTEP =  6700000   TIME(PS) =   15100.000  TEMP(K) =   301.30  PRESS =     0.0
 Etot   =   -116939.0179  EKtot   =     20595.7305  EPtot      =   -137534.7484
 BOND   =       527.9566  ANGLE   =      1544.9580  DIHED      =       989.5826
 UB     =         0.0000  IMP     =         0.0000  CMAP       =       131.5905
 1-4 NB =       630.8185  1-4 EEL =      5817.9600  VDWAALS    =     16225.1811
 EELEC  =   -163402.7956  EHBOND  =         0.0000  RESTRAINT  =         0.0000
 EKCMT  =         0.0000  VIRIAL  =         0.0000  VOLUME     =    334364.3056
                                                    Density    =         1.0299
 ------------------------------------------------------------------------------

wrapping first mol.:      -75.74097        0.00000        0.00000
wrapping first mol.:      -75.74097        0.00000        0.00000
wrapping first mol.:      -75.69900        0.00000        0.00000
wrapping first mol.:      -75.69900        0.00000        0.00000
wrapping first mol.:      -75.67342        0.00000        0.00000
wrapping first mol.:      -75.67342        0.00000        0.00000
wrapping first mol.:      -75.65790        0.00000        0.00000
wrapping first mol.:      -75.65790        0.00000        0.00000
wrapping first mol.:      -75.68112        0.00000        0.00000
wrapping first mol.:      -75.68112        0.00000        0.00000

 NSTEP =  6725000   TIME(PS) =   15150.000  TEMP(K) =   300.77  PRESS =     0.0
 Etot   =   -116916.9921  EKtot   =     20559.4844  EPtot      =   -137476.4765
 BOND   =       571.5748  ANGLE   =      1503.8658  DIHED      =       961.9694
 UB     =         0.0000  IMP     =         0.0000  CMAP       =       133.7634
 1-4 NB =       656.3404  1-4 EEL =      5849.4997  VDWAALS    =     16376.0479
 EELEC  =   -163529.5378  EHBOND  =         0.0000  RESTRAINT  =         0.0000
 EKCMT  =         0.0000  VIRIAL  =         0.0000  VOLUME     =    333688.1113
                                                    Density    =         1.0320
 ------------------------------------------------------------------------------

wrapping first mol.:      -75.70932        0.00000        0.00000
wrapping first mol.:      -75.70932        0.00000        0.00000
wrapping first mol.:      -75.68688        0.00000        0.00000
wrapping first mol.:      -75.68688        0.00000        0.00000
wrapping first mol.:      -75.72791        0.00000        0.00000
wrapping first mol.:      -75.72791        0.00000        0.00000
wrapping first mol.:      -75.62862        0.00000        0.00000
wrapping first mol.:      -75.62862        0.00000        0.00000
wrapping first mol.:      -75.62369        0.00000        0.00000
wrapping first mol.:      -75.62369        0.00000        0.00000

 NSTEP =  6750000   TIME(PS) =   15200.000  TEMP(K) =   299.36  PRESS =     0.0
 Etot   =   -117034.2676  EKtot   =     20463.3418  EPtot      =   -137497.6094
 BOND   =       564.1344  ANGLE   =      1523.5032  DIHED      =       958.7849
 UB     =         0.0000  IMP     =         0.0000  CMAP       =       121.1516
 1-4 NB =       659.3756  1-4 EEL =      5841.8472  VDWAALS    =     16448.1368
 EELEC  =   -163614.5429  EHBOND  =         0.0000  RESTRAINT  =         0.0000
 EKCMT  =         0.0000  VIRIAL  =         0.0000  VOLUME     =    332929.1045
                                                    Density    =         1.0343
 ------------------------------------------------------------------------------

wrapping first mol.:      -75.62625        0.00000        0.00000
wrapping first mol.:      -75.62625        0.00000        0.00000
wrapping first mol.:      -75.66876        0.00000        0.00000
wrapping first mol.:      -75.66876        0.00000        0.00000
wrapping first mol.:      -75.71452        0.00000        0.00000
wrapping first mol.:      -75.71452        0.00000        0.00000
wrapping first mol.:      -75.64749        0.00000        0.00000
wrapping first mol.:      -75.64749        0.00000        0.00000
wrapping first mol.:      -75.63776        0.00000        0.00000
wrapping first mol.:      -75.63776        0.00000        0.00000

 NSTEP =  6775000   TIME(PS) =   15250.000  TEMP(K) =   300.79  PRESS =     0.0
 Etot   =   -117194.1221  EKtot   =     20560.6523  EPtot      =   -137754.7744
 BOND   =       570.4296  ANGLE   =      1509.3228  DIHED      =      1016.7235
 UB     =         0.0000  IMP     =         0.0000  CMAP       =       141.3373
 1-4 NB =       637.2790  1-4 EEL =      5836.6475  VDWAALS    =     16419.4359
 EELEC  =   -163885.9501  EHBOND  =         0.0000  RESTRAINT  =         0.0000
 EKCMT  =         0.0000  VIRIAL  =         0.0000  VOLUME     =    333114.9670
                                                    Density    =         1.0337
 ------------------------------------------------------------------------------

wrapping first mol.:      -75.68483        0.00000        0.00000
wrapping first mol.:      -75.68483        0.00000        0.00000
wrapping first mol.:      -75.70281        0.00000        0.00000
wrapping first mol.:      -75.70281        0.00000        0.00000
wrapping first mol.:      -75.76141        0.00000        0.00000
wrapping first mol.:      -75.76141        0.00000        0.00000
wrapping first mol.:      -75.68696        0.00000        0.00000
wrapping first mol.:      -75.68696        0.00000        0.00000
wrapping first mol.:      -75.59120        0.00000        0.00000
wrapping first mol.:      -75.59120        0.00000        0.00000

 NSTEP =  6800000   TIME(PS) =   15300.000  TEMP(K) =   299.38  PRESS =     0.0
 Etot   =   -117333.6432  EKtot   =     20464.8047  EPtot      =   -137798.4478
 BOND   =       596.1613  ANGLE   =      1498.8316  DIHED      =       952.7601
 UB     =         0.0000  IMP     =         0.0000  CMAP       =       135.4591
 1-4 NB =       640.1587  1-4 EEL =      5851.7220  VDWAALS    =     16456.7275
 EELEC  =   -163930.2682  EHBOND  =         0.0000  RESTRAINT  =         0.0000
 EKCMT  =         0.0000  VIRIAL  =         0.0000  VOLUME     =    332500.1045
                                                    Density    =         1.0356
 ------------------------------------------------------------------------------

wrapping first mol.:      -75.72807        0.00000        0.00000
wrapping first mol.:      -75.72807        0.00000        0.00000
wrapping first mol.:      -75.72109        0.00000        0.00000
wrapping first mol.:      -75.72109        0.00000        0.00000
wrapping first mol.:      -75.75867        0.00000        0.00000
wrapping first mol.:      -75.75867        0.00000        0.00000
wrapping first mol.:      -75.71241        0.00000        0.00000
wrapping first mol.:      -75.71241        0.00000        0.00000
wrapping first mol.:      -75.74965        0.00000        0.00000
wrapping first mol.:      -75.74965        0.00000        0.00000

 NSTEP =  6825000   TIME(PS) =   15350.000  TEMP(K) =   300.55  PRESS =     0.0
 Etot   =   -117253.5026  EKtot   =     20544.2637  EPtot      =   -137797.7663
 BOND   =       567.8311  ANGLE   =      1512.7162  DIHED      =       973.9871
 UB     =         0.0000  IMP     =         0.0000  CMAP       =       121.5578
 1-4 NB =       647.7580  1-4 EEL =      5835.8450  VDWAALS    =     16545.4905
 EELEC  =   -164002.9520  EHBOND  =         0.0000  RESTRAINT  =         0.0000
 EKCMT  =         0.0000  VIRIAL  =         0.0000  VOLUME     =    334595.4621
                                                    Density    =         1.0292
 ------------------------------------------------------------------------------

wrapping first mol.:      -75.60833        0.00000        0.00000
wrapping first mol.:      -75.60833        0.00000        0.00000
wrapping first mol.:      -75.66638        0.00000        0.00000
wrapping first mol.:      -75.66638        0.00000        0.00000
wrapping first mol.:      -75.61093        0.00000        0.00000
wrapping first mol.:      -75.61093        0.00000        0.00000
wrapping first mol.:      -75.73323        0.00000        0.00000
wrapping first mol.:      -75.73323        0.00000        0.00000
wrapping first mol.:      -75.68873        0.00000        0.00000
wrapping first mol.:      -75.68873        0.00000        0.00000

 NSTEP =  6850000   TIME(PS) =   15400.000  TEMP(K) =   300.33  PRESS =     0.0
 Etot   =   -117064.4346  EKtot   =     20529.8203  EPtot      =   -137594.2549
 BOND   =       539.7120  ANGLE   =      1530.3099  DIHED      =      1001.6772
 UB     =         0.0000  IMP     =         0.0000  CMAP       =       131.5046
 1-4 NB =       636.2964  1-4 EEL =      5835.3494  VDWAALS    =     16350.0401
 EELEC  =   -163619.1445  EHBOND  =         0.0000  RESTRAINT  =         0.0000
 EKCMT  =         0.0000  VIRIAL  =         0.0000  VOLUME     =    333788.8328
                                                    Density    =         1.0316
 ------------------------------------------------------------------------------

wrapping first mol.:      -75.61019        0.00000        0.00000
wrapping first mol.:      -75.61019        0.00000        0.00000
wrapping first mol.:      -75.71642        0.00000        0.00000
wrapping first mol.:      -75.71642        0.00000        0.00000
wrapping first mol.:      -75.70962        0.00000        0.00000
wrapping first mol.:      -75.70962        0.00000        0.00000
wrapping first mol.:      -75.63154        0.00000        0.00000
wrapping first mol.:      -75.63154        0.00000        0.00000
wrapping first mol.:      -75.67935        0.00000        0.00000
wrapping first mol.:      -75.67935        0.00000        0.00000

 NSTEP =  6875000   TIME(PS) =   15450.000  TEMP(K) =   298.15  PRESS =     0.0
 Etot   =   -117313.5665  EKtot   =     20380.5293  EPtot      =   -137694.0958
 BOND   =       582.3090  ANGLE   =      1574.8609  DIHED      =       973.0224
 UB     =         0.0000  IMP     =         0.0000  CMAP       =       137.2779
 1-4 NB =       644.0239  1-4 EEL =      5786.2135  VDWAALS    =     16662.2567
 EELEC  =   -164054.0601  EHBOND  =         0.0000  RESTRAINT  =         0.0000
 EKCMT  =         0.0000  VIRIAL  =         0.0000  VOLUME     =    333664.7224
                                                    Density    =         1.0320
 ------------------------------------------------------------------------------

wrapping first mol.:      -75.81493        0.00000        0.00000
wrapping first mol.:      -75.81493        0.00000        0.00000
wrapping first mol.:      -75.70535        0.00000        0.00000
wrapping first mol.:      -75.70535        0.00000        0.00000
wrapping first mol.:      -75.63175        0.00000        0.00000
wrapping first mol.:      -75.63175        0.00000        0.00000
wrapping first mol.:      -75.67684        0.00000        0.00000
wrapping first mol.:      -75.67684        0.00000        0.00000
wrapping first mol.:      -75.70663        0.00000        0.00000
wrapping first mol.:      -75.70663        0.00000        0.00000

 NSTEP =  6900000   TIME(PS) =   15500.000  TEMP(K) =   302.22  PRESS =     0.0
 Etot   =   -116890.3735  EKtot   =     20658.6367  EPtot      =   -137549.0102
 BOND   =       567.3465  ANGLE   =      1541.1448  DIHED      =       957.8480
 UB     =         0.0000  IMP     =         0.0000  CMAP       =       136.8796
 1-4 NB =       636.4487  1-4 EEL =      5775.1460  VDWAALS    =     16446.6487
 EELEC  =   -163610.4725  EHBOND  =         0.0000  RESTRAINT  =         0.0000
 EKCMT  =         0.0000  VIRIAL  =         0.0000  VOLUME     =    334025.6698
                                                    Density    =         1.0309
 ------------------------------------------------------------------------------

wrapping first mol.:      -75.65347        0.00000        0.00000
wrapping first mol.:      -75.65347        0.00000        0.00000
wrapping first mol.:      -75.64265        0.00000        0.00000
wrapping first mol.:      -75.64265        0.00000        0.00000

 NSTEP =  6925000   TIME(PS) =   15550.000  TEMP(K) =   300.13  PRESS =     0.0
 Etot   =   -117150.9204  EKtot   =     20516.0762  EPtot      =   -137666.9966
 BOND   =       532.4480  ANGLE   =      1487.2095  DIHED      =      1018.2568
 UB     =         0.0000  IMP     =         0.0000  CMAP       =       132.2439
 1-4 NB =       642.0899  1-4 EEL =      5858.4836  VDWAALS    =     16249.6233
 EELEC  =   -163587.3514  EHBOND  =         0.0000  RESTRAINT  =         0.0000
 EKCMT  =         0.0000  VIRIAL  =         0.0000  VOLUME     =    332674.8605
                                                    Density    =         1.0351
 ------------------------------------------------------------------------------

wrapping first mol.:      -75.68955        0.00000        0.00000
wrapping first mol.:      -75.68955        0.00000        0.00000
wrapping first mol.:      -75.69279        0.00000        0.00000
wrapping first mol.:      -75.69279        0.00000        0.00000
wrapping first mol.:      -75.71368        0.00000        0.00000
wrapping first mol.:      -75.71368        0.00000        0.00000

 NSTEP =  6950000   TIME(PS) =   15600.000  TEMP(K) =   301.14  PRESS =     0.0
 Etot   =   -116930.9367  EKtot   =     20584.8301  EPtot      =   -137515.7667
 BOND   =       542.6462  ANGLE   =      1546.3205  DIHED      =       979.8352
 UB     =         0.0000  IMP     =         0.0000  CMAP       =       122.1682
 1-4 NB =       649.0572  1-4 EEL =      5860.2314  VDWAALS    =     16256.5622
 EELEC  =   -163472.5876  EHBOND  =         0.0000  RESTRAINT  =         0.0000
 EKCMT  =         0.0000  VIRIAL  =         0.0000  VOLUME     =    333337.5140
                                                    Density    =         1.0330
 ------------------------------------------------------------------------------

wrapping first mol.:      -75.65464        0.00000        0.00000
wrapping first mol.:      -75.65464        0.00000        0.00000
wrapping first mol.:      -75.67691        0.00000        0.00000
wrapping first mol.:      -75.67691        0.00000        0.00000
wrapping first mol.:      -75.60986        0.00000        0.00000
wrapping first mol.:      -75.60986        0.00000        0.00000
wrapping first mol.:      -75.73205        0.00000        0.00000
wrapping first mol.:      -75.73205        0.00000        0.00000
wrapping first mol.:      -75.70847        0.00000        0.00000
wrapping first mol.:      -75.70847        0.00000        0.00000

 NSTEP =  6975000   TIME(PS) =   15650.000  TEMP(K) =   300.79  PRESS =     0.0
 Etot   =   -117148.3269  EKtot   =     20561.1289  EPtot      =   -137709.4558
 BOND   =       565.6662  ANGLE   =      1546.7815  DIHED      =       995.9530
 UB     =         0.0000  IMP     =         0.0000  CMAP       =       131.1001
 1-4 NB =       630.5641  1-4 EEL =      5770.7602  VDWAALS    =     16415.0639
 EELEC  =   -163765.3449  EHBOND  =         0.0000  RESTRAINT  =         0.0000
 EKCMT  =         0.0000  VIRIAL  =         0.0000  VOLUME     =    334050.0144
                                                    Density    =         1.0308
 ------------------------------------------------------------------------------

wrapping first mol.:      -75.72061        0.00000        0.00000
wrapping first mol.:      -75.72061        0.00000        0.00000
wrapping first mol.:      -75.73256        0.00000        0.00000
wrapping first mol.:      -75.73256        0.00000        0.00000
wrapping first mol.:      -75.71857        0.00000        0.00000
wrapping first mol.:      -75.71857        0.00000        0.00000
wrapping first mol.:      -75.75019        0.00000        0.00000
wrapping first mol.:      -75.75019        0.00000        0.00000
wrapping first mol.:      -75.70831        0.00000        0.00000
wrapping first mol.:      -75.70831        0.00000        0.00000

 NSTEP =  7000000   TIME(PS) =   15700.000  TEMP(K) =   301.16  PRESS =     0.0
 Etot   =   -116728.5645  EKtot   =     20586.4277  EPtot      =   -137314.9922
 BOND   =       582.7528  ANGLE   =      1536.4601  DIHED      =       984.9790
 UB     =         0.0000  IMP     =         0.0000  CMAP       =       133.4684
 1-4 NB =       643.5911  1-4 EEL =      5826.2193  VDWAALS    =     16453.8929
 EELEC  =   -163476.3557  EHBOND  =         0.0000  RESTRAINT  =         0.0000
 EKCMT  =         0.0000  VIRIAL  =         0.0000  VOLUME     =    334047.8835
                                                    Density    =         1.0308
 ------------------------------------------------------------------------------

wrapping first mol.:      -75.68649        0.00000        0.00000
wrapping first mol.:      -75.68649        0.00000        0.00000
wrapping first mol.:      -75.80570        0.00000        0.00000
wrapping first mol.:      -75.80570        0.00000        0.00000
wrapping first mol.:      -75.68827        0.00000        0.00000
wrapping first mol.:      -75.68827        0.00000        0.00000
wrapping first mol.:      -75.67210        0.00000        0.00000
wrapping first mol.:      -75.67210        0.00000        0.00000
wrapping first mol.:      -75.70996        0.00000        0.00000
wrapping first mol.:      -75.70996        0.00000        0.00000

 NSTEP =  7025000   TIME(PS) =   15750.000  TEMP(K) =   296.70  PRESS =     0.0
 Etot   =   -117282.2191  EKtot   =     20281.2480  EPtot      =   -137563.4671
 BOND   =       563.3744  ANGLE   =      1524.3813  DIHED      =       979.6537
 UB     =         0.0000  IMP     =         0.0000  CMAP       =       140.6540
 1-4 NB =       628.8096  1-4 EEL =      5828.0260  VDWAALS    =     16420.8396
 EELEC  =   -163649.2058  EHBOND  =         0.0000  RESTRAINT  =         0.0000
 EKCMT  =         0.0000  VIRIAL  =         0.0000  VOLUME     =    334069.8211
                                                    Density    =         1.0308
 ------------------------------------------------------------------------------

wrapping first mol.:      -75.64935        0.00000        0.00000
wrapping first mol.:      -75.64935        0.00000        0.00000
wrapping first mol.:      -75.74858        0.00000        0.00000
wrapping first mol.:      -75.74858        0.00000        0.00000
wrapping first mol.:      -75.67564        0.00000        0.00000
wrapping first mol.:      -75.67564        0.00000        0.00000
wrapping first mol.:      -75.66970        0.00000        0.00000
wrapping first mol.:      -75.66970        0.00000        0.00000
wrapping first mol.:      -75.68052        0.00000        0.00000
wrapping first mol.:      -75.68052        0.00000        0.00000

 NSTEP =  7050000   TIME(PS) =   15800.000  TEMP(K) =   298.72  PRESS =     0.0
 Etot   =   -117107.4152  EKtot   =     20419.6406  EPtot      =   -137527.0559
 BOND   =       568.6585  ANGLE   =      1545.3703  DIHED      =      1011.4717
 UB     =         0.0000  IMP     =         0.0000  CMAP       =       125.0612
 1-4 NB =       628.4764  1-4 EEL =      5869.5456  VDWAALS    =     16200.4357
 EELEC  =   -163476.0754  EHBOND  =         0.0000  RESTRAINT  =         0.0000
 EKCMT  =         0.0000  VIRIAL  =         0.0000  VOLUME     =    333680.2480
                                                    Density    =         1.0320
 ------------------------------------------------------------------------------

wrapping first mol.:      -75.69046        0.00000        0.00000
wrapping first mol.:      -75.69046        0.00000        0.00000
wrapping first mol.:      -75.75831        0.00000        0.00000
wrapping first mol.:      -75.75831        0.00000        0.00000
wrapping first mol.:      -75.69965        0.00000        0.00000
wrapping first mol.:      -75.69965        0.00000        0.00000
wrapping first mol.:      -75.69936        0.00000        0.00000
wrapping first mol.:      -75.69936        0.00000        0.00000
wrapping first mol.:      -75.79299        0.00000        0.00000
wrapping first mol.:      -75.79299        0.00000        0.00000

 NSTEP =  7075000   TIME(PS) =   15850.000  TEMP(K) =   300.46  PRESS =     0.0
 Etot   =   -117155.4376  EKtot   =     20538.3770  EPtot      =   -137693.8145
 BOND   =       565.3796  ANGLE   =      1508.1794  DIHED      =      1008.8307
 UB     =         0.0000  IMP     =         0.0000  CMAP       =       123.6049
 1-4 NB =       653.4551  1-4 EEL =      5873.5853  VDWAALS    =     16607.7783
 EELEC  =   -164034.6278  EHBOND  =         0.0000  RESTRAINT  =         0.0000
 EKCMT  =         0.0000  VIRIAL  =         0.0000  VOLUME     =    335170.1144
                                                    Density    =         1.0274
 ------------------------------------------------------------------------------

wrapping first mol.:      -75.65523        0.00000        0.00000
wrapping first mol.:      -75.65523        0.00000        0.00000
wrapping first mol.:      -75.72346        0.00000        0.00000
wrapping first mol.:      -75.72346        0.00000        0.00000
wrapping first mol.:      -75.73899        0.00000        0.00000
wrapping first mol.:      -75.73899        0.00000        0.00000
wrapping first mol.:      -75.69775        0.00000        0.00000
wrapping first mol.:      -75.69775        0.00000        0.00000
wrapping first mol.:      -75.63766        0.00000        0.00000
wrapping first mol.:      -75.63766        0.00000        0.00000

 NSTEP =  7100000   TIME(PS) =   15900.000  TEMP(K) =   301.37  PRESS =     0.0
 Etot   =   -116988.3401  EKtot   =     20600.6738  EPtot      =   -137589.0140
 BOND   =       543.8387  ANGLE   =      1496.9556  DIHED      =      1026.1489
 UB     =         0.0000  IMP     =         0.0000  CMAP       =       118.9453
 1-4 NB =       642.2283  1-4 EEL =      5824.7775  VDWAALS    =     16298.6952
 EELEC  =   -163540.6033  EHBOND  =         0.0000  RESTRAINT  =         0.0000
 EKCMT  =         0.0000  VIRIAL  =         0.0000  VOLUME     =    333113.6026
                                                    Density    =         1.0337
 ------------------------------------------------------------------------------

wrapping first mol.:      -75.61405        0.00000        0.00000
wrapping first mol.:      -75.61405        0.00000        0.00000
wrapping first mol.:      -75.70986        0.00000        0.00000
wrapping first mol.:      -75.70986        0.00000        0.00000
wrapping first mol.:      -75.76983        0.00000        0.00000
wrapping first mol.:      -75.76983        0.00000        0.00000
wrapping first mol.:      -75.63503        0.00000        0.00000
wrapping first mol.:      -75.63503        0.00000        0.00000
wrapping first mol.:      -75.67975        0.00000        0.00000
wrapping first mol.:      -75.67975        0.00000        0.00000

 NSTEP =  7125000   TIME(PS) =   15950.000  TEMP(K) =   302.15  PRESS =     0.0
 Etot   =   -117065.8722  EKtot   =     20653.7520  EPtot      =   -137719.6242
 BOND   =       556.0084  ANGLE   =      1542.7807  DIHED      =      1018.2305
 UB     =         0.0000  IMP     =         0.0000  CMAP       =       137.7218
 1-4 NB =       635.1530  1-4 EEL =      5792.3825  VDWAALS    =     16391.2500
 EELEC  =   -163793.1510  EHBOND  =         0.0000  RESTRAINT  =         0.0000
 EKCMT  =         0.0000  VIRIAL  =         0.0000  VOLUME     =    333669.9940
                                                    Density    =         1.0320
 ------------------------------------------------------------------------------

wrapping first mol.:      -75.62649        0.00000        0.00000
wrapping first mol.:      -75.62649        0.00000        0.00000
wrapping first mol.:      -75.70610        0.00000        0.00000
wrapping first mol.:      -75.70610        0.00000        0.00000
wrapping first mol.:      -75.69375        0.00000        0.00000
wrapping first mol.:      -75.69375        0.00000        0.00000
wrapping first mol.:      -75.57537        0.00000        0.00000
wrapping first mol.:      -75.57537        0.00000        0.00000
wrapping first mol.:      -75.57908        0.00000        0.00000
wrapping first mol.:      -75.57908        0.00000        0.00000

 NSTEP =  7150000   TIME(PS) =   16000.000  TEMP(K) =   300.47  PRESS =     0.0
 Etot   =   -117262.5197  EKtot   =     20539.3887  EPtot      =   -137801.9084
 BOND   =       573.3591  ANGLE   =      1540.3878  DIHED      =       982.3936
 UB     =         0.0000  IMP     =         0.0000  CMAP       =       126.8470
 1-4 NB =       633.5411  1-4 EEL =      5901.3462  VDWAALS    =     16293.3766
 EELEC  =   -163853.1598  EHBOND  =         0.0000  RESTRAINT  =         0.0000
 EKCMT  =         0.0000  VIRIAL  =         0.0000  VOLUME     =    332340.2036
                                                    Density    =         1.0361
 ------------------------------------------------------------------------------

wrapping first mol.:      -75.71484        0.00000        0.00000
wrapping first mol.:      -75.71484        0.00000        0.00000
wrapping first mol.:      -75.65621        0.00000        0.00000
wrapping first mol.:      -75.65621        0.00000        0.00000
wrapping first mol.:      -75.67592        0.00000        0.00000
wrapping first mol.:      -75.67592        0.00000        0.00000
wrapping first mol.:      -75.71199        0.00000        0.00000
wrapping first mol.:      -75.71199        0.00000        0.00000
wrapping first mol.:      -75.63131        0.00000        0.00000
wrapping first mol.:      -75.63131        0.00000        0.00000

 NSTEP =  7175000   TIME(PS) =   16050.000  TEMP(K) =   300.87  PRESS =     0.0
 Etot   =   -117142.6559  EKtot   =     20566.2676  EPtot      =   -137708.9234
 BOND   =       569.1217  ANGLE   =      1587.8688  DIHED      =      1002.2688
 UB     =         0.0000  IMP     =         0.0000  CMAP       =       135.4170
 1-4 NB =       636.3776  1-4 EEL =      5808.2945  VDWAALS    =     16458.9884
 EELEC  =   -163907.2602  EHBOND  =         0.0000  RESTRAINT  =         0.0000
 EKCMT  =         0.0000  VIRIAL  =         0.0000  VOLUME     =    333029.7073
                                                    Density    =         1.0340
 ------------------------------------------------------------------------------

wrapping first mol.:      -75.62613        0.00000        0.00000
wrapping first mol.:      -75.62613        0.00000        0.00000
wrapping first mol.:      -75.68587        0.00000        0.00000
wrapping first mol.:      -75.68587        0.00000        0.00000
wrapping first mol.:      -75.61959        0.00000        0.00000
wrapping first mol.:      -75.61959        0.00000        0.00000
wrapping first mol.:      -75.68876        0.00000        0.00000
wrapping first mol.:      -75.68876        0.00000        0.00000
wrapping first mol.:      -75.58692        0.00000        0.00000
wrapping first mol.:      -75.58692        0.00000        0.00000

 NSTEP =  7200000   TIME(PS) =   16100.000  TEMP(K) =   299.91  PRESS =     0.0
 Etot   =   -117023.5398  EKtot   =     20500.7188  EPtot      =   -137524.2585
 BOND   =       601.6225  ANGLE   =      1540.0571  DIHED      =       978.3831
 UB     =         0.0000  IMP     =         0.0000  CMAP       =       126.1948
 1-4 NB =       640.4966  1-4 EEL =      5863.6519  VDWAALS    =     15995.9987
 EELEC  =   -163270.6632  EHBOND  =         0.0000  RESTRAINT  =         0.0000
 EKCMT  =         0.0000  VIRIAL  =         0.0000  VOLUME     =    332443.7229
                                                    Density    =         1.0358
 ------------------------------------------------------------------------------

wrapping first mol.:      -75.64728        0.00000        0.00000
wrapping first mol.:      -75.64728        0.00000        0.00000
wrapping first mol.:      -75.73338        0.00000        0.00000
wrapping first mol.:      -75.73338        0.00000        0.00000
wrapping first mol.:      -75.59201        0.00000        0.00000
wrapping first mol.:      -75.59201        0.00000        0.00000
wrapping first mol.:      -75.57877        0.00000        0.00000
wrapping first mol.:      -75.57877        0.00000        0.00000
wrapping first mol.:      -75.69931        0.00000        0.00000
wrapping first mol.:      -75.69931        0.00000        0.00000

 NSTEP =  7225000   TIME(PS) =   16150.000  TEMP(K) =   303.48  PRESS =     0.0
 Etot   =   -116802.6485  EKtot   =     20744.9375  EPtot      =   -137547.5860
 BOND   =       570.1194  ANGLE   =      1546.0543  DIHED      =       986.0056
 UB     =         0.0000  IMP     =         0.0000  CMAP       =       128.0742
 1-4 NB =       636.7647  1-4 EEL =      5851.7354  VDWAALS    =     16234.7111
 EELEC  =   -163501.0506  EHBOND  =         0.0000  RESTRAINT  =         0.0000
 EKCMT  =         0.0000  VIRIAL  =         0.0000  VOLUME     =    333928.7818
                                                    Density    =         1.0312
 ------------------------------------------------------------------------------

wrapping first mol.:      -75.63007        0.00000        0.00000
wrapping first mol.:      -75.63007        0.00000        0.00000
wrapping first mol.:      -75.69556        0.00000        0.00000
wrapping first mol.:      -75.69556        0.00000        0.00000
wrapping first mol.:      -75.80319        0.00000        0.00000
wrapping first mol.:      -75.80319        0.00000        0.00000
wrapping first mol.:      -75.69881        0.00000        0.00000
wrapping first mol.:      -75.69881        0.00000        0.00000
wrapping first mol.:      -75.73126        0.00000        0.00000
wrapping first mol.:      -75.73126        0.00000        0.00000

 NSTEP =  7250000   TIME(PS) =   16200.000  TEMP(K) =   300.53  PRESS =     0.0
 Etot   =   -116925.4996  EKtot   =     20543.2715  EPtot      =   -137468.7710
 BOND   =       545.1134  ANGLE   =      1537.7685  DIHED      =       979.1604
 UB     =         0.0000  IMP     =         0.0000  CMAP       =       128.8875
 1-4 NB =       637.4788  1-4 EEL =      5898.9609  VDWAALS    =     16309.4102
 EELEC  =   -163505.5508  EHBOND  =         0.0000  RESTRAINT  =         0.0000
 EKCMT  =         0.0000  VIRIAL  =         0.0000  VOLUME     =    334351.7925
                                                    Density    =         1.0299
 ------------------------------------------------------------------------------

wrapping first mol.:      -75.69839        0.00000        0.00000
wrapping first mol.:      -75.69839        0.00000        0.00000
wrapping first mol.:      -75.74973        0.00000        0.00000
wrapping first mol.:      -75.74973        0.00000        0.00000
wrapping first mol.:      -75.71806        0.00000        0.00000
wrapping first mol.:      -75.71806        0.00000        0.00000
wrapping first mol.:      -75.60346        0.00000        0.00000
wrapping first mol.:      -75.60346        0.00000        0.00000
wrapping first mol.:      -75.71863        0.00000        0.00000
wrapping first mol.:      -75.71863        0.00000        0.00000

 NSTEP =  7275000   TIME(PS) =   16250.000  TEMP(K) =   300.51  PRESS =     0.0
 Etot   =   -117253.3682  EKtot   =     20541.8750  EPtot      =   -137795.2432
 BOND   =       557.6877  ANGLE   =      1524.1613  DIHED      =       966.6281
 UB     =         0.0000  IMP     =         0.0000  CMAP       =       131.6687
 1-4 NB =       637.7774  1-4 EEL =      5849.9513  VDWAALS    =     16671.1352
 EELEC  =   -164134.2529  EHBOND  =         0.0000  RESTRAINT  =         0.0000
 EKCMT  =         0.0000  VIRIAL  =         0.0000  VOLUME     =    334184.5941
                                                    Density    =         1.0304
 ------------------------------------------------------------------------------

wrapping first mol.:      -75.70348        0.00000        0.00000
wrapping first mol.:      -75.70348        0.00000        0.00000
wrapping first mol.:      -75.73829        0.00000        0.00000
wrapping first mol.:      -75.73829        0.00000        0.00000
wrapping first mol.:      -75.69015        0.00000        0.00000
wrapping first mol.:      -75.69015        0.00000        0.00000
wrapping first mol.:      -75.70853        0.00000        0.00000
wrapping first mol.:      -75.70853        0.00000        0.00000
wrapping first mol.:      -75.57708        0.00000        0.00000
wrapping first mol.:      -75.57708        0.00000        0.00000

 NSTEP =  7300000   TIME(PS) =   16300.000  TEMP(K) =   302.92  PRESS =     0.0
 Etot   =   -117030.3432  EKtot   =     20706.6523  EPtot      =   -137736.9955
 BOND   =       585.7910  ANGLE   =      1538.9770  DIHED      =       976.4002
 UB     =         0.0000  IMP     =         0.0000  CMAP       =       140.5809
 1-4 NB =       628.0284  1-4 EEL =      5853.8368  VDWAALS    =     16325.6847
 EELEC  =   -163786.2945  EHBOND  =         0.0000  RESTRAINT  =         0.0000
 EKCMT  =         0.0000  VIRIAL  =         0.0000  VOLUME     =    332313.9039
                                                    Density    =         1.0362
 ------------------------------------------------------------------------------

wrapping first mol.:      -75.60349        0.00000        0.00000
wrapping first mol.:      -75.60349        0.00000        0.00000
wrapping first mol.:      -75.65302        0.00000        0.00000
wrapping first mol.:      -75.65302        0.00000        0.00000
wrapping first mol.:      -75.66985        0.00000        0.00000
wrapping first mol.:      -75.66985        0.00000        0.00000
wrapping first mol.:      -75.66252        0.00000        0.00000
wrapping first mol.:      -75.66252        0.00000        0.00000
wrapping first mol.:      -75.65009        0.00000        0.00000
wrapping first mol.:      -75.65009        0.00000        0.00000

 NSTEP =  7325000   TIME(PS) =   16350.000  TEMP(K) =   302.03  PRESS =     0.0
 Etot   =   -116963.1817  EKtot   =     20645.7324  EPtot      =   -137608.9141
 BOND   =       566.8509  ANGLE   =      1507.9310  DIHED      =       978.4032
 UB     =         0.0000  IMP     =         0.0000  CMAP       =       126.7965
 1-4 NB =       644.3651  1-4 EEL =      5875.9382  VDWAALS    =     16435.9650
 EELEC  =   -163745.1641  EHBOND  =         0.0000  RESTRAINT  =         0.0000
 EKCMT  =         0.0000  VIRIAL  =         0.0000  VOLUME     =    333277.9301
                                                    Density    =         1.0332
 ------------------------------------------------------------------------------

wrapping first mol.:      -75.65402        0.00000        0.00000
wrapping first mol.:      -75.65402        0.00000        0.00000
wrapping first mol.:      -75.66286        0.00000        0.00000
wrapping first mol.:      -75.66286        0.00000        0.00000
wrapping first mol.:      -75.75587        0.00000        0.00000
wrapping first mol.:      -75.75587        0.00000        0.00000
wrapping first mol.:      -75.69553        0.00000        0.00000
wrapping first mol.:      -75.69553        0.00000        0.00000
wrapping first mol.:      -75.68002        0.00000        0.00000
wrapping first mol.:      -75.68002        0.00000        0.00000

 NSTEP =  7350000   TIME(PS) =   16400.000  TEMP(K) =   298.72  PRESS =     0.0
 Etot   =   -117603.5195  EKtot   =     20419.6152  EPtot      =   -138023.1347
 BOND   =       569.3327  ANGLE   =      1534.1527  DIHED      =       989.0751
 UB     =         0.0000  IMP     =         0.0000  CMAP       =       126.0868
 1-4 NB =       635.2307  1-4 EEL =      5891.8977  VDWAALS    =     16310.3073
 EELEC  =   -164079.2178  EHBOND  =         0.0000  RESTRAINT  =         0.0000
 EKCMT  =         0.0000  VIRIAL  =         0.0000  VOLUME     =    333673.5654
                                                    Density    =         1.0320
 ------------------------------------------------------------------------------

wrapping first mol.:      -75.76011        0.00000        0.00000
wrapping first mol.:      -75.76011        0.00000        0.00000
wrapping first mol.:      -75.71995        0.00000        0.00000
wrapping first mol.:      -75.71995        0.00000        0.00000
wrapping first mol.:      -75.62468        0.00000        0.00000
wrapping first mol.:      -75.62468        0.00000        0.00000
wrapping first mol.:      -75.68719        0.00000        0.00000
wrapping first mol.:      -75.68719        0.00000        0.00000
wrapping first mol.:      -75.56005        0.00000        0.00000
wrapping first mol.:      -75.56005        0.00000        0.00000

 NSTEP =  7375000   TIME(PS) =   16450.000  TEMP(K) =   302.38  PRESS =     0.0
 Etot   =   -117077.1510  EKtot   =     20669.3535  EPtot      =   -137746.5045
 BOND   =       585.0841  ANGLE   =      1495.1013  DIHED      =       998.7224
 UB     =         0.0000  IMP     =         0.0000  CMAP       =       116.6848
 1-4 NB =       638.6762  1-4 EEL =      5877.2594  VDWAALS    =     16651.4321
 EELEC  =   -164109.4648  EHBOND  =         0.0000  RESTRAINT  =         0.0000
 EKCMT  =         0.0000  VIRIAL  =         0.0000  VOLUME     =    332089.3238
                                                    Density    =         1.0369
 ------------------------------------------------------------------------------

wrapping first mol.:      -75.55895        0.00000        0.00000
wrapping first mol.:      -75.55895        0.00000        0.00000
wrapping first mol.:      -75.68953        0.00000        0.00000
wrapping first mol.:      -75.68953        0.00000        0.00000
wrapping first mol.:      -75.74358        0.00000        0.00000
wrapping first mol.:      -75.74358        0.00000        0.00000
wrapping first mol.:      -75.53040        0.00000        0.00000
wrapping first mol.:      -75.53040        0.00000        0.00000
wrapping first mol.:      -75.68556        0.00000        0.00000
wrapping first mol.:      -75.68556        0.00000        0.00000

 NSTEP =  7400000   TIME(PS) =   16500.000  TEMP(K) =   299.08  PRESS =     0.0
 Etot   =   -117059.4345  EKtot   =     20444.1777  EPtot      =   -137503.6122
 BOND   =       548.5229  ANGLE   =      1515.0862  DIHED      =      1005.8449
 UB     =         0.0000  IMP     =         0.0000  CMAP       =       120.1440
 1-4 NB =       643.3314  1-4 EEL =      5918.5502  VDWAALS    =     16136.1491
 EELEC  =   -163391.2411  EHBOND  =         0.0000  RESTRAINT  =         0.0000
 EKCMT  =         0.0000  VIRIAL  =         0.0000  VOLUME     =    333746.9402
                                                    Density    =         1.0318
 ------------------------------------------------------------------------------

wrapping first mol.:      -75.60398        0.00000        0.00000
wrapping first mol.:      -75.60398        0.00000        0.00000
wrapping first mol.:      -75.64194        0.00000        0.00000
wrapping first mol.:      -75.64194        0.00000        0.00000
wrapping first mol.:      -75.74076        0.00000        0.00000
wrapping first mol.:      -75.74076        0.00000        0.00000
wrapping first mol.:      -75.72300        0.00000        0.00000
wrapping first mol.:      -75.72300        0.00000        0.00000
wrapping first mol.:      -75.63869        0.00000        0.00000
wrapping first mol.:      -75.63869        0.00000        0.00000

 NSTEP =  7425000   TIME(PS) =   16550.000  TEMP(K) =   299.03  PRESS =     0.0
 Etot   =   -117343.2449  EKtot   =     20440.7656  EPtot      =   -137784.0105
 BOND   =       542.5868  ANGLE   =      1552.1623  DIHED      =       990.0989
 UB     =         0.0000  IMP     =         0.0000  CMAP       =       122.8424
 1-4 NB =       646.9935  1-4 EEL =      5826.7851  VDWAALS    =     16364.9113
 EELEC  =   -163830.3909  EHBOND  =         0.0000  RESTRAINT  =         0.0000
 EKCMT  =         0.0000  VIRIAL  =         0.0000  VOLUME     =    333127.1697
                                                    Density    =         1.0337
 ------------------------------------------------------------------------------

wrapping first mol.:      -75.75259        0.00000        0.00000
wrapping first mol.:      -75.75259        0.00000        0.00000
wrapping first mol.:      -75.69443        0.00000        0.00000
wrapping first mol.:      -75.69443        0.00000        0.00000
wrapping first mol.:      -75.71455        0.00000        0.00000
wrapping first mol.:      -75.71455        0.00000        0.00000
wrapping first mol.:      -75.65687        0.00000        0.00000
wrapping first mol.:      -75.65687        0.00000        0.00000
wrapping first mol.:      -75.62834        0.00000        0.00000
wrapping first mol.:      -75.62834        0.00000        0.00000

 NSTEP =  7450000   TIME(PS) =   16600.000  TEMP(K) =   301.31  PRESS =     0.0
 Etot   =   -117114.3194  EKtot   =     20596.8066  EPtot      =   -137711.1261
 BOND   =       561.3426  ANGLE   =      1533.4102  DIHED      =       995.0087
 UB     =         0.0000  IMP     =         0.0000  CMAP       =       129.0629
 1-4 NB =       642.4210  1-4 EEL =      5839.0842  VDWAALS    =     16428.0652
 EELEC  =   -163839.5209  EHBOND  =         0.0000  RESTRAINT  =         0.0000
 EKCMT  =         0.0000  VIRIAL  =         0.0000  VOLUME     =    332990.4486
                                                    Density    =         1.0341
 ------------------------------------------------------------------------------

wrapping first mol.:      -75.74824        0.00000        0.00000
wrapping first mol.:      -75.74824        0.00000        0.00000
wrapping first mol.:      -75.69902        0.00000        0.00000
wrapping first mol.:      -75.69902        0.00000        0.00000
wrapping first mol.:      -75.75101        0.00000        0.00000
wrapping first mol.:      -75.75101        0.00000        0.00000
wrapping first mol.:      -75.59658        0.00000        0.00000
wrapping first mol.:      -75.59658        0.00000        0.00000
wrapping first mol.:      -75.68303        0.00000        0.00000
wrapping first mol.:      -75.68303        0.00000        0.00000

 NSTEP =  7475000   TIME(PS) =   16650.000  TEMP(K) =   295.30  PRESS =     0.0
 Etot   =   -117044.5569  EKtot   =     20185.7715  EPtot      =   -137230.3284
 BOND   =       585.3275  ANGLE   =      1568.2978  DIHED      =       998.4888
 UB     =         0.0000  IMP     =         0.0000  CMAP       =       119.3369
 1-4 NB =       652.6574  1-4 EEL =      5824.9612  VDWAALS    =     16355.4114
 EELEC  =   -163334.8093  EHBOND  =         0.0000  RESTRAINT  =         0.0000
 EKCMT  =         0.0000  VIRIAL  =         0.0000  VOLUME     =    333713.4130
                                                    Density    =         1.0319
 ------------------------------------------------------------------------------

wrapping first mol.:      -75.68749        0.00000        0.00000
wrapping first mol.:      -75.68749        0.00000        0.00000
wrapping first mol.:      -75.69735        0.00000        0.00000
wrapping first mol.:      -75.69735        0.00000        0.00000
wrapping first mol.:      -75.65964        0.00000        0.00000
wrapping first mol.:      -75.65964        0.00000        0.00000
wrapping first mol.:      -75.73743        0.00000        0.00000
wrapping first mol.:      -75.73743        0.00000        0.00000
wrapping first mol.:      -75.70836        0.00000        0.00000
wrapping first mol.:      -75.70836        0.00000        0.00000

 NSTEP =  7500000   TIME(PS) =   16700.000  TEMP(K) =   300.67  PRESS =     0.0
 Etot   =   -117081.6754  EKtot   =     20552.8730  EPtot      =   -137634.5485
 BOND   =       564.0361  ANGLE   =      1550.8895  DIHED      =      1007.2748
 UB     =         0.0000  IMP     =         0.0000  CMAP       =       127.1651
 1-4 NB =       655.6043  1-4 EEL =      5887.7527  VDWAALS    =     16518.2222
 EELEC  =   -163945.4932  EHBOND  =         0.0000  RESTRAINT  =         0.0000
 EKCMT  =         0.0000  VIRIAL  =         0.0000  VOLUME     =    334048.5981
                                                    Density    =         1.0308
 ------------------------------------------------------------------------------

wrapping first mol.:      -75.68462        0.00000        0.00000
wrapping first mol.:      -75.68462        0.00000        0.00000
wrapping first mol.:      -75.69510        0.00000        0.00000
wrapping first mol.:      -75.69510        0.00000        0.00000
wrapping first mol.:      -75.66520        0.00000        0.00000
wrapping first mol.:      -75.66520        0.00000        0.00000
wrapping first mol.:      -75.67440        0.00000        0.00000
wrapping first mol.:      -75.67440        0.00000        0.00000
wrapping first mol.:      -75.70908        0.00000        0.00000
wrapping first mol.:      -75.70908        0.00000        0.00000

 NSTEP =  7525000   TIME(PS) =   16750.000  TEMP(K) =   298.83  PRESS =     0.0
 Etot   =   -117119.4506  EKtot   =     20426.8340  EPtot      =   -137546.2846
 BOND   =       598.9747  ANGLE   =      1530.6909  DIHED      =      1015.0630
 UB     =         0.0000  IMP     =         0.0000  CMAP       =       132.4385
 1-4 NB =       623.6836  1-4 EEL =      5879.7801  VDWAALS    =     16315.6610
 EELEC  =   -163642.5763  EHBOND  =         0.0000  RESTRAINT  =         0.0000
 EKCMT  =         0.0000  VIRIAL  =         0.0000  VOLUME     =    334058.1609
                                                    Density    =         1.0308
 ------------------------------------------------------------------------------

wrapping first mol.:      -75.60657        0.00000        0.00000
wrapping first mol.:      -75.60657        0.00000        0.00000
wrapping first mol.:      -75.72571        0.00000        0.00000
wrapping first mol.:      -75.72571        0.00000        0.00000
wrapping first mol.:      -75.65438        0.00000        0.00000
wrapping first mol.:      -75.65438        0.00000        0.00000
wrapping first mol.:      -75.63165        0.00000        0.00000
wrapping first mol.:      -75.63165        0.00000        0.00000
wrapping first mol.:      -75.73146        0.00000        0.00000
wrapping first mol.:      -75.73146        0.00000        0.00000

 NSTEP =  7550000   TIME(PS) =   16800.000  TEMP(K) =   298.62  PRESS =     0.0
 Etot   =   -117030.3365  EKtot   =     20412.8652  EPtot      =   -137443.2017
 BOND   =       530.1598  ANGLE   =      1542.9538  DIHED      =       993.8905
 UB     =         0.0000  IMP     =         0.0000  CMAP       =       135.9058
 1-4 NB =       640.2385  1-4 EEL =      5926.8166  VDWAALS    =     16248.0487
 EELEC  =   -163461.2154  EHBOND  =         0.0000  RESTRAINT  =         0.0000
 EKCMT  =         0.0000  VIRIAL  =         0.0000  VOLUME     =    334354.4049
                                                    Density    =         1.0299
 ------------------------------------------------------------------------------

wrapping first mol.:      -75.66682        0.00000        0.00000
wrapping first mol.:      -75.66682        0.00000        0.00000
wrapping first mol.:      -75.71083        0.00000        0.00000
wrapping first mol.:      -75.71083        0.00000        0.00000
wrapping first mol.:      -75.74801        0.00000        0.00000
wrapping first mol.:      -75.74801        0.00000        0.00000
wrapping first mol.:      -75.84601        0.00000        0.00000
wrapping first mol.:      -75.84601        0.00000        0.00000
wrapping first mol.:      -75.65323        0.00000        0.00000
wrapping first mol.:      -75.65323        0.00000        0.00000

 NSTEP =  7575000   TIME(PS) =   16850.000  TEMP(K) =   299.60  PRESS =     0.0
 Etot   =   -117058.1414  EKtot   =     20479.3887  EPtot      =   -137537.5301
 BOND   =       554.3597  ANGLE   =      1535.0540  DIHED      =       979.1900
 UB     =         0.0000  IMP     =         0.0000  CMAP       =       129.7777
 1-4 NB =       628.5125  1-4 EEL =      5890.8458  VDWAALS    =     16129.5859
 EELEC  =   -163384.8558  EHBOND  =         0.0000  RESTRAINT  =         0.0000
 EKCMT  =         0.0000  VIRIAL  =         0.0000  VOLUME     =    333319.4171
                                                    Density    =         1.0331
 ------------------------------------------------------------------------------

wrapping first mol.:      -75.82290        0.00000        0.00000
wrapping first mol.:      -75.82290        0.00000        0.00000
wrapping first mol.:      -75.67304        0.00000        0.00000
wrapping first mol.:      -75.67304        0.00000        0.00000
wrapping first mol.:      -75.59853        0.00000        0.00000
wrapping first mol.:      -75.59853        0.00000        0.00000
wrapping first mol.:      -75.58825        0.00000        0.00000
wrapping first mol.:      -75.58825        0.00000        0.00000
wrapping first mol.:      -75.66741        0.00000        0.00000
wrapping first mol.:      -75.66741        0.00000        0.00000

 NSTEP =  7600000   TIME(PS) =   16900.000  TEMP(K) =   301.01  PRESS =     0.0
 Etot   =   -117130.9908  EKtot   =     20575.9688  EPtot      =   -137706.9596
 BOND   =       597.0315  ANGLE   =      1505.4800  DIHED      =      1010.1772
 UB     =         0.0000  IMP     =         0.0000  CMAP       =       121.6967
 1-4 NB =       640.8586  1-4 EEL =      5871.1489  VDWAALS    =     16582.3685
 EELEC  =   -164035.7211  EHBOND  =         0.0000  RESTRAINT  =         0.0000
 EKCMT  =         0.0000  VIRIAL  =         0.0000  VOLUME     =    333506.8716
                                                    Density    =         1.0325
 ------------------------------------------------------------------------------

wrapping first mol.:      -75.73111        0.00000        0.00000
wrapping first mol.:      -75.73111        0.00000        0.00000
wrapping first mol.:      -75.69006        0.00000        0.00000
wrapping first mol.:      -75.69006        0.00000        0.00000
wrapping first mol.:      -75.67012        0.00000        0.00000
wrapping first mol.:      -75.67012        0.00000        0.00000
wrapping first mol.:      -75.70011        0.00000        0.00000
wrapping first mol.:      -75.70011        0.00000        0.00000
wrapping first mol.:      -75.73415        0.00000        0.00000
wrapping first mol.:      -75.73415        0.00000        0.00000

 NSTEP =  7625000   TIME(PS) =   16950.000  TEMP(K) =   300.42  PRESS =     0.0
 Etot   =   -117022.7493  EKtot   =     20535.7871  EPtot      =   -137558.5364
 BOND   =       543.6624  ANGLE   =      1513.7922  DIHED      =       973.7289
 UB     =         0.0000  IMP     =         0.0000  CMAP       =       138.9828
 1-4 NB =       623.7775  1-4 EEL =      5885.8924  VDWAALS    =     16431.3367
 EELEC  =   -163669.7094  EHBOND  =         0.0000  RESTRAINT  =         0.0000
 EKCMT  =         0.0000  VIRIAL  =         0.0000  VOLUME     =    334390.1252
                                                    Density    =         1.0298
 ------------------------------------------------------------------------------

wrapping first mol.:      -75.74286        0.00000        0.00000
wrapping first mol.:      -75.74286        0.00000        0.00000
wrapping first mol.:      -75.56233        0.00000        0.00000
wrapping first mol.:      -75.56233        0.00000        0.00000
wrapping first mol.:      -75.72178        0.00000        0.00000
wrapping first mol.:      -75.72178        0.00000        0.00000
wrapping first mol.:      -75.61208        0.00000        0.00000
wrapping first mol.:      -75.61208        0.00000        0.00000
wrapping first mol.:      -75.63192        0.00000        0.00000
wrapping first mol.:      -75.63192        0.00000        0.00000

 NSTEP =  7650000   TIME(PS) =   17000.000  TEMP(K) =   299.27  PRESS =     0.0
 Etot   =   -117316.4578  EKtot   =     20457.3477  EPtot      =   -137773.8054
 BOND   =       579.8622  ANGLE   =      1504.2257  DIHED      =      1011.3358
 UB     =         0.0000  IMP     =         0.0000  CMAP       =       129.2216
 1-4 NB =       644.9747  1-4 EEL =      5895.2768  VDWAALS    =     16521.5414
 EELEC  =   -164060.2435  EHBOND  =         0.0000  RESTRAINT  =         0.0000
 EKCMT  =         0.0000  VIRIAL  =         0.0000  VOLUME     =    333037.7252
                                                    Density    =         1.0340
 ------------------------------------------------------------------------------

wrapping first mol.:      -75.71401        0.00000        0.00000
wrapping first mol.:      -75.71401        0.00000        0.00000
wrapping first mol.:      -75.67037        0.00000        0.00000
wrapping first mol.:      -75.67037        0.00000        0.00000
wrapping first mol.:      -75.67240        0.00000        0.00000
wrapping first mol.:      -75.67240        0.00000        0.00000
wrapping first mol.:      -75.81182        0.00000        0.00000
wrapping first mol.:      -75.81182        0.00000        0.00000
wrapping first mol.:      -75.85298        0.00000        0.00000
wrapping first mol.:      -75.85298        0.00000        0.00000

 NSTEP =  7675000   TIME(PS) =   17050.000  TEMP(K) =   301.60  PRESS =     0.0
 Etot   =   -117165.5267  EKtot   =     20616.4902  EPtot      =   -137782.0169
 BOND   =       567.0835  ANGLE   =      1499.6870  DIHED      =      1008.3023
 UB     =         0.0000  IMP     =         0.0000  CMAP       =       141.0392
 1-4 NB =       623.8604  1-4 EEL =      5854.1933  VDWAALS    =     16359.2605
 EELEC  =   -163835.4432  EHBOND  =         0.0000  RESTRAINT  =         0.0000
 EKCMT  =         0.0000  VIRIAL  =         0.0000  VOLUME     =    335966.5988
                                                    Density    =         1.0250
 ------------------------------------------------------------------------------

wrapping first mol.:      -75.68337        0.00000        0.00000
wrapping first mol.:      -75.68337        0.00000        0.00000
wrapping first mol.:      -75.66725        0.00000        0.00000
wrapping first mol.:      -75.66725        0.00000        0.00000
wrapping first mol.:      -75.68528        0.00000        0.00000
wrapping first mol.:      -75.68528        0.00000        0.00000
wrapping first mol.:      -75.68551        0.00000        0.00000
wrapping first mol.:      -75.68551        0.00000        0.00000
wrapping first mol.:      -75.70826        0.00000        0.00000
wrapping first mol.:      -75.70826        0.00000        0.00000

 NSTEP =  7700000   TIME(PS) =   17100.000  TEMP(K) =   297.92  PRESS =     0.0
 Etot   =   -117035.4912  EKtot   =     20365.0332  EPtot      =   -137400.5244
 BOND   =       545.8899  ANGLE   =      1555.9533  DIHED      =       996.6446
 UB     =         0.0000  IMP     =         0.0000  CMAP       =       131.0027
 1-4 NB =       637.9051  1-4 EEL =      5911.9598  VDWAALS    =     16278.2841
 EELEC  =   -163458.1639  EHBOND  =         0.0000  RESTRAINT  =         0.0000
 EKCMT  =         0.0000  VIRIAL  =         0.0000  VOLUME     =    334047.2395
                                                    Density    =         1.0308
 ------------------------------------------------------------------------------

wrapping first mol.:      -75.66515        0.00000        0.00000
wrapping first mol.:      -75.66515        0.00000        0.00000
wrapping first mol.:      -75.62808        0.00000        0.00000
wrapping first mol.:      -75.62808        0.00000        0.00000
wrapping first mol.:      -75.73166        0.00000        0.00000
wrapping first mol.:      -75.73166        0.00000        0.00000
wrapping first mol.:      -75.62697        0.00000        0.00000
wrapping first mol.:      -75.62697        0.00000        0.00000
wrapping first mol.:      -75.62754        0.00000        0.00000
wrapping first mol.:      -75.62754        0.00000        0.00000

 NSTEP =  7725000   TIME(PS) =   17150.000  TEMP(K) =   298.29  PRESS =     0.0
 Etot   =   -117408.5257  EKtot   =     20390.3535  EPtot      =   -137798.8792
 BOND   =       594.8625  ANGLE   =      1519.9533  DIHED      =       974.3138
 UB     =         0.0000  IMP     =         0.0000  CMAP       =       134.3209
 1-4 NB =       635.7086  1-4 EEL =      5852.2618  VDWAALS    =     16755.0653
 EELEC  =   -164265.3655  EHBOND  =         0.0000  RESTRAINT  =         0.0000
 EKCMT  =         0.0000  VIRIAL  =         0.0000  VOLUME     =    332979.8941
                                                    Density    =         1.0341
 ------------------------------------------------------------------------------

wrapping first mol.:      -75.70493        0.00000        0.00000
wrapping first mol.:      -75.70493        0.00000        0.00000
wrapping first mol.:      -75.71187        0.00000        0.00000
wrapping first mol.:      -75.71187        0.00000        0.00000
wrapping first mol.:      -75.63799        0.00000        0.00000
wrapping first mol.:      -75.63799        0.00000        0.00000
wrapping first mol.:      -75.63746        0.00000        0.00000
wrapping first mol.:      -75.63746        0.00000        0.00000
wrapping first mol.:      -75.66533        0.00000        0.00000
wrapping first mol.:      -75.66533        0.00000        0.00000

 NSTEP =  7750000   TIME(PS) =   17200.000  TEMP(K) =   299.94  PRESS =     0.0
 Etot   =   -117290.3794  EKtot   =     20502.7402  EPtot      =   -137793.1196
 BOND   =       548.4081  ANGLE   =      1530.2219  DIHED      =       991.3212
 UB     =         0.0000  IMP     =         0.0000  CMAP       =       139.5389
 1-4 NB =       636.5316  1-4 EEL =      5805.5858  VDWAALS    =     16417.7432
 EELEC  =   -163862.4702  EHBOND  =         0.0000  RESTRAINT  =         0.0000
 EKCMT  =         0.0000  VIRIAL  =         0.0000  VOLUME     =    333479.2764
                                                    Density    =         1.0326
 ------------------------------------------------------------------------------

wrapping first mol.:      -75.61296        0.00000        0.00000
wrapping first mol.:      -75.61296        0.00000        0.00000
wrapping first mol.:      -75.69461        0.00000        0.00000
wrapping first mol.:      -75.69461        0.00000        0.00000
wrapping first mol.:      -75.73689        0.00000        0.00000
wrapping first mol.:      -75.73689        0.00000        0.00000
wrapping first mol.:      -75.67764        0.00000        0.00000
wrapping first mol.:      -75.67764        0.00000        0.00000
wrapping first mol.:      -75.68012        0.00000        0.00000
wrapping first mol.:      -75.68012        0.00000        0.00000

 NSTEP =  7775000   TIME(PS) =   17250.000  TEMP(K) =   296.78  PRESS =     0.0
 Etot   =   -117353.7529  EKtot   =     20286.9961  EPtot      =   -137640.7490
 BOND   =       541.9620  ANGLE   =      1530.7341  DIHED      =       976.4487
 UB     =         0.0000  IMP     =         0.0000  CMAP       =       143.0387
 1-4 NB =       636.2411  1-4 EEL =      5831.6756  VDWAALS    =     16111.1475
 EELEC  =   -163411.9967  EHBOND  =         0.0000  RESTRAINT  =         0.0000
 EKCMT  =         0.0000  VIRIAL  =         0.0000  VOLUME     =    333674.9705
                                                    Density    =         1.0320
 ------------------------------------------------------------------------------

wrapping first mol.:      -75.75664        0.00000        0.00000
wrapping first mol.:      -75.75664        0.00000        0.00000
wrapping first mol.:      -75.55750        0.00000        0.00000
wrapping first mol.:      -75.55750        0.00000        0.00000
wrapping first mol.:      -75.66156        0.00000        0.00000
wrapping first mol.:      -75.66156        0.00000        0.00000
wrapping first mol.:      -75.62183        0.00000        0.00000
wrapping first mol.:      -75.62183        0.00000        0.00000
wrapping first mol.:      -75.72302        0.00000        0.00000
wrapping first mol.:      -75.72302        0.00000        0.00000

 NSTEP =  7800000   TIME(PS) =   17300.000  TEMP(K) =   296.39  PRESS =     0.0
 Etot   =   -117302.1319  EKtot   =     20260.2930  EPtot      =   -137562.4249
 BOND   =       559.3003  ANGLE   =      1513.8892  DIHED      =       976.4886
 UB     =         0.0000  IMP     =         0.0000  CMAP       =       131.8483
 1-4 NB =       633.6215  1-4 EEL =      5806.6452  VDWAALS    =     16306.5635
 EELEC  =   -163490.7815  EHBOND  =         0.0000  RESTRAINT  =         0.0000
 EKCMT  =         0.0000  VIRIAL  =         0.0000  VOLUME     =    334242.6796
                                                    Density    =         1.0302
 ------------------------------------------------------------------------------

wrapping first mol.:      -75.93118        0.00000        0.00000
wrapping first mol.:      -75.93118        0.00000        0.00000
wrapping first mol.:      -75.75674        0.00000        0.00000
wrapping first mol.:      -75.75674        0.00000        0.00000
wrapping first mol.:      -75.73573        0.00000        0.00000
wrapping first mol.:      -75.73573        0.00000        0.00000
wrapping first mol.:      -75.61173        0.00000        0.00000
wrapping first mol.:      -75.61173        0.00000        0.00000
wrapping first mol.:      -75.61687        0.00000        0.00000
wrapping first mol.:      -75.61687        0.00000        0.00000

 NSTEP =  7825000   TIME(PS) =   17350.000  TEMP(K) =   300.73  PRESS =     0.0
 Etot   =   -117129.2921  EKtot   =     20557.1445  EPtot      =   -137686.4366
 BOND   =       540.2660  ANGLE   =      1472.0701  DIHED      =      1014.9007
 UB     =         0.0000  IMP     =         0.0000  CMAP       =       123.8230
 1-4 NB =       656.2321  1-4 EEL =      5832.8208  VDWAALS    =     16298.5545
 EELEC  =   -163625.1037  EHBOND  =         0.0000  RESTRAINT  =         0.0000
 EKCMT  =         0.0000  VIRIAL  =         0.0000  VOLUME     =    332838.9742
                                                    Density    =         1.0346
 ------------------------------------------------------------------------------

wrapping first mol.:      -75.69788        0.00000        0.00000
wrapping first mol.:      -75.69788        0.00000        0.00000
wrapping first mol.:      -75.73073        0.00000        0.00000
wrapping first mol.:      -75.73073        0.00000        0.00000
wrapping first mol.:      -75.71843        0.00000        0.00000
wrapping first mol.:      -75.71843        0.00000        0.00000
wrapping first mol.:      -75.67785        0.00000        0.00000
wrapping first mol.:      -75.67785        0.00000        0.00000
wrapping first mol.:      -75.68490        0.00000        0.00000
wrapping first mol.:      -75.68490        0.00000        0.00000

 NSTEP =  7850000   TIME(PS) =   17400.000  TEMP(K) =   299.85  PRESS =     0.0
 Etot   =   -117644.6819  EKtot   =     20496.9863  EPtot      =   -138141.6682
 BOND   =       559.3683  ANGLE   =      1529.3323  DIHED      =       985.1381
 UB     =         0.0000  IMP     =         0.0000  CMAP       =       135.5278
 1-4 NB =       625.5074  1-4 EEL =      5794.4111  VDWAALS    =     16537.3592
 EELEC  =   -164308.3125  EHBOND  =         0.0000  RESTRAINT  =         0.0000
 EKCMT  =         0.0000  VIRIAL  =         0.0000  VOLUME     =    333738.1074
                                                    Density    =         1.0318
 ------------------------------------------------------------------------------

wrapping first mol.:      -75.68538        0.00000        0.00000
wrapping first mol.:      -75.68538        0.00000        0.00000
wrapping first mol.:      -75.61432        0.00000        0.00000
wrapping first mol.:      -75.61432        0.00000        0.00000
wrapping first mol.:      -75.64961        0.00000        0.00000
wrapping first mol.:      -75.64961        0.00000        0.00000
wrapping first mol.:      -75.70683        0.00000        0.00000
wrapping first mol.:      -75.70683        0.00000        0.00000
wrapping first mol.:      -75.62257        0.00000        0.00000
wrapping first mol.:      -75.62257        0.00000        0.00000

 NSTEP =  7875000   TIME(PS) =   17450.000  TEMP(K) =   301.31  PRESS =     0.0
 Etot   =   -117091.3386  EKtot   =     20596.5859  EPtot      =   -137687.9246
 BOND   =       543.6294  ANGLE   =      1508.5914  DIHED      =       962.3031
 UB     =         0.0000  IMP     =         0.0000  CMAP       =       141.2330
 1-4 NB =       639.2895  1-4 EEL =      5889.4772  VDWAALS    =     16654.1256
 EELEC  =   -164026.5738  EHBOND  =         0.0000  RESTRAINT  =         0.0000
 EKCMT  =         0.0000  VIRIAL  =         0.0000  VOLUME     =    332914.3472
                                                    Density    =         1.0344
 ------------------------------------------------------------------------------

wrapping first mol.:      -75.72288        0.00000        0.00000
wrapping first mol.:      -75.72288        0.00000        0.00000
wrapping first mol.:      -75.79253        0.00000        0.00000
wrapping first mol.:      -75.79253        0.00000        0.00000
wrapping first mol.:      -75.70933        0.00000        0.00000
wrapping first mol.:      -75.70933        0.00000        0.00000
wrapping first mol.:      -75.60926        0.00000        0.00000
wrapping first mol.:      -75.60926        0.00000        0.00000
wrapping first mol.:      -75.71553        0.00000        0.00000
wrapping first mol.:      -75.71553        0.00000        0.00000

 NSTEP =  7900000   TIME(PS) =   17500.000  TEMP(K) =   298.05  PRESS =     0.0
 Etot   =   -117090.8538  EKtot   =     20373.4395  EPtot      =   -137464.2932
 BOND   =       565.8657  ANGLE   =      1540.4724  DIHED      =      1013.5401
 UB     =         0.0000  IMP     =         0.0000  CMAP       =       140.9484
 1-4 NB =       632.6444  1-4 EEL =      5839.4940  VDWAALS    =     16382.0466
 EELEC  =   -163579.3049  EHBOND  =         0.0000  RESTRAINT  =         0.0000
 EKCMT  =         0.0000  VIRIAL  =         0.0000  VOLUME     =    334143.5494
                                                    Density    =         1.0305
 ------------------------------------------------------------------------------

wrapping first mol.:      -75.70728        0.00000        0.00000
wrapping first mol.:      -75.70728        0.00000        0.00000
wrapping first mol.:      -75.69030        0.00000        0.00000
wrapping first mol.:      -75.69030        0.00000        0.00000
wrapping first mol.:      -75.76799        0.00000        0.00000
wrapping first mol.:      -75.76799        0.00000        0.00000
wrapping first mol.:      -75.74652        0.00000        0.00000
wrapping first mol.:      -75.74652        0.00000        0.00000
wrapping first mol.:      -75.82656        0.00000        0.00000
wrapping first mol.:      -75.82656        0.00000        0.00000

 NSTEP =  7925000   TIME(PS) =   17550.000  TEMP(K) =   298.34  PRESS =     0.0
 Etot   =   -117095.7118  EKtot   =     20393.4883  EPtot      =   -137489.2000
 BOND   =       559.5050  ANGLE   =      1561.5910  DIHED      =       973.8734
 UB     =         0.0000  IMP     =         0.0000  CMAP       =       140.7360
 1-4 NB =       616.2032  1-4 EEL =      5809.0187  VDWAALS    =     16264.4682
 EELEC  =   -163414.5956  EHBOND  =         0.0000  RESTRAINT  =         0.0000
 EKCMT  =         0.0000  VIRIAL  =         0.0000  VOLUME     =    335615.5930
                                                    Density    =         1.0260
 ------------------------------------------------------------------------------

wrapping first mol.:      -75.73227        0.00000        0.00000
wrapping first mol.:      -75.73227        0.00000        0.00000
wrapping first mol.:      -75.68775        0.00000        0.00000
wrapping first mol.:      -75.68775        0.00000        0.00000
wrapping first mol.:      -75.69200        0.00000        0.00000
wrapping first mol.:      -75.69200        0.00000        0.00000
wrapping first mol.:      -75.78896        0.00000        0.00000
wrapping first mol.:      -75.78896        0.00000        0.00000
wrapping first mol.:      -75.67363        0.00000        0.00000
wrapping first mol.:      -75.67363        0.00000        0.00000

 NSTEP =  7950000   TIME(PS) =   17600.000  TEMP(K) =   300.29  PRESS =     0.0
 Etot   =   -117050.1769  EKtot   =     20526.9766  EPtot      =   -137577.1535
 BOND   =       565.6072  ANGLE   =      1550.2118  DIHED      =       994.7438
 UB     =         0.0000  IMP     =         0.0000  CMAP       =       137.0311
 1-4 NB =       625.3977  1-4 EEL =      5879.7825  VDWAALS    =     16230.2191
 EELEC  =   -163560.1466  EHBOND  =         0.0000  RESTRAINT  =         0.0000
 EKCMT  =         0.0000  VIRIAL  =         0.0000  VOLUME     =    333589.1299
                                                    Density    =         1.0323
 ------------------------------------------------------------------------------

wrapping first mol.:      -75.72681        0.00000        0.00000
wrapping first mol.:      -75.72681        0.00000        0.00000
wrapping first mol.:      -75.71745        0.00000        0.00000
wrapping first mol.:      -75.71745        0.00000        0.00000
wrapping first mol.:      -75.74771        0.00000        0.00000
wrapping first mol.:      -75.74771        0.00000        0.00000
wrapping first mol.:      -75.73717        0.00000        0.00000
wrapping first mol.:      -75.73717        0.00000        0.00000
wrapping first mol.:      -75.65856        0.00000        0.00000
wrapping first mol.:      -75.65856        0.00000        0.00000

 NSTEP =  7975000   TIME(PS) =   17650.000  TEMP(K) =   297.56  PRESS =     0.0
 Etot   =   -117217.8979  EKtot   =     20340.2910  EPtot      =   -137558.1889
 BOND   =       547.7427  ANGLE   =      1556.8695  DIHED      =      1010.3388
 UB     =         0.0000  IMP     =         0.0000  CMAP       =       134.2609
 1-4 NB =       642.2473  1-4 EEL =      5819.5971  VDWAALS    =     16697.4244
 EELEC  =   -163966.6696  EHBOND  =         0.0000  RESTRAINT  =         0.0000
 EKCMT  =         0.0000  VIRIAL  =         0.0000  VOLUME     =    333389.8184
                                                    Density    =         1.0329
 ------------------------------------------------------------------------------

wrapping first mol.:      -75.64596        0.00000        0.00000
wrapping first mol.:      -75.64596        0.00000        0.00000
wrapping first mol.:      -75.62293        0.00000        0.00000
wrapping first mol.:      -75.62293        0.00000        0.00000
wrapping first mol.:      -75.61540        0.00000        0.00000
wrapping first mol.:      -75.61540        0.00000        0.00000
wrapping first mol.:      -75.73978        0.00000        0.00000
wrapping first mol.:      -75.73978        0.00000        0.00000
wrapping first mol.:      -75.66870        0.00000        0.00000
wrapping first mol.:      -75.66870        0.00000        0.00000

 NSTEP =  8000000   TIME(PS) =   17700.000  TEMP(K) =   297.96  PRESS =     0.0
 Etot   =   -117253.7836  EKtot   =     20367.7266  EPtot      =   -137621.5102
 BOND   =       565.5783  ANGLE   =      1544.8885  DIHED      =       984.1804
 UB     =         0.0000  IMP     =         0.0000  CMAP       =       140.9154
 1-4 NB =       633.9943  1-4 EEL =      5817.2637  VDWAALS    =     16661.9488
 EELEC  =   -163970.2796  EHBOND  =         0.0000  RESTRAINT  =         0.0000
 EKCMT  =         0.0000  VIRIAL  =         0.0000  VOLUME     =    333523.9391
                                                    Density    =         1.0325
 ------------------------------------------------------------------------------

wrapping first mol.:      -75.64211        0.00000        0.00000
wrapping first mol.:      -75.64211        0.00000        0.00000
wrapping first mol.:      -75.60586        0.00000        0.00000
wrapping first mol.:      -75.60586        0.00000        0.00000
wrapping first mol.:      -75.70362        0.00000        0.00000
wrapping first mol.:      -75.70362        0.00000        0.00000
wrapping first mol.:      -75.65660        0.00000        0.00000
wrapping first mol.:      -75.65660        0.00000        0.00000
wrapping first mol.:      -75.74619        0.00000        0.00000
wrapping first mol.:      -75.74619        0.00000        0.00000

 NSTEP =  8025000   TIME(PS) =   17750.000  TEMP(K) =   301.88  PRESS =     0.0
 Etot   =   -116970.5834  EKtot   =     20635.6289  EPtot      =   -137606.2123
 BOND   =       571.9212  ANGLE   =      1532.0290  DIHED      =       991.3847
 UB     =         0.0000  IMP     =         0.0000  CMAP       =       137.6796
 1-4 NB =       629.9902  1-4 EEL =      5837.3115  VDWAALS    =     16202.6748
 EELEC  =   -163509.2033  EHBOND  =         0.0000  RESTRAINT  =         0.0000
 EKCMT  =         0.0000  VIRIAL  =         0.0000  VOLUME     =    334549.5428
                                                    Density    =         1.0293
 ------------------------------------------------------------------------------

wrapping first mol.:      -75.72642        0.00000        0.00000
wrapping first mol.:      -75.72642        0.00000        0.00000
wrapping first mol.:      -75.71312        0.00000        0.00000
wrapping first mol.:      -75.71312        0.00000        0.00000
wrapping first mol.:      -75.72991        0.00000        0.00000
wrapping first mol.:      -75.72991        0.00000        0.00000
wrapping first mol.:      -75.71925        0.00000        0.00000
wrapping first mol.:      -75.71925        0.00000        0.00000
wrapping first mol.:      -75.63910        0.00000        0.00000
wrapping first mol.:      -75.63910        0.00000        0.00000

 NSTEP =  8050000   TIME(PS) =   17800.000  TEMP(K) =   299.47  PRESS =     0.0
 Etot   =   -117319.8993  EKtot   =     20470.5137  EPtot      =   -137790.4130
 BOND   =       521.9839  ANGLE   =      1541.5659  DIHED      =      1003.8168
 UB     =         0.0000  IMP     =         0.0000  CMAP       =       131.3785
 1-4 NB =       643.2917  1-4 EEL =      5863.1680  VDWAALS    =     16611.1935
 EELEC  =   -164106.8113  EHBOND  =         0.0000  RESTRAINT  =         0.0000
 EKCMT  =         0.0000  VIRIAL  =         0.0000  VOLUME     =    333132.6126
                                                    Density    =         1.0337
 ------------------------------------------------------------------------------

wrapping first mol.:      -75.70791        0.00000        0.00000
wrapping first mol.:      -75.70791        0.00000        0.00000
wrapping first mol.:      -75.64307        0.00000        0.00000
wrapping first mol.:      -75.64307        0.00000        0.00000
wrapping first mol.:      -75.63301        0.00000        0.00000
wrapping first mol.:      -75.63301        0.00000        0.00000
wrapping first mol.:      -75.61296        0.00000        0.00000
wrapping first mol.:      -75.61296        0.00000        0.00000
wrapping first mol.:      -75.59383        0.00000        0.00000
wrapping first mol.:      -75.59383        0.00000        0.00000

 NSTEP =  8075000   TIME(PS) =   17850.000  TEMP(K) =   298.62  PRESS =     0.0
 Etot   =   -117337.2251  EKtot   =     20412.7031  EPtot      =   -137749.9282
 BOND   =       553.7320  ANGLE   =      1519.5064  DIHED      =       982.8956
 UB     =         0.0000  IMP     =         0.0000  CMAP       =       144.3511
 1-4 NB =       628.5896  1-4 EEL =      5827.4479  VDWAALS    =     16334.8420
 EELEC  =   -163741.2928  EHBOND  =         0.0000  RESTRAINT  =         0.0000
 EKCMT  =         0.0000  VIRIAL  =         0.0000  VOLUME     =    332534.8691
                                                    Density    =         1.0355
 ------------------------------------------------------------------------------

wrapping first mol.:      -75.80500        0.00000        0.00000
wrapping first mol.:      -75.80500        0.00000        0.00000
wrapping first mol.:      -75.74330        0.00000        0.00000
wrapping first mol.:      -75.74330        0.00000        0.00000
wrapping first mol.:      -75.65895        0.00000        0.00000
wrapping first mol.:      -75.65895        0.00000        0.00000
wrapping first mol.:      -75.72025        0.00000        0.00000
wrapping first mol.:      -75.72025        0.00000        0.00000
wrapping first mol.:      -75.72196        0.00000        0.00000
wrapping first mol.:      -75.72196        0.00000        0.00000

 NSTEP =  8100000   TIME(PS) =   17900.000  TEMP(K) =   296.77  PRESS =     0.0
 Etot   =   -117366.5783  EKtot   =     20286.0566  EPtot      =   -137652.6349
 BOND   =       548.6702  ANGLE   =      1510.6423  DIHED      =       998.3995
 UB     =         0.0000  IMP     =         0.0000  CMAP       =       141.6552
 1-4 NB =       628.3533  1-4 EEL =      5866.9323  VDWAALS    =     16177.4751
 EELEC  =   -163524.7629  EHBOND  =         0.0000  RESTRAINT  =         0.0000
 EKCMT  =         0.0000  VIRIAL  =         0.0000  VOLUME     =    334228.6224
                                                    Density    =         1.0303
 ------------------------------------------------------------------------------

wrapping first mol.:      -75.74417        0.00000        0.00000
wrapping first mol.:      -75.74417        0.00000        0.00000
wrapping first mol.:      -75.68942        0.00000        0.00000
wrapping first mol.:      -75.68942        0.00000        0.00000
wrapping first mol.:      -75.75691        0.00000        0.00000
wrapping first mol.:      -75.75691        0.00000        0.00000
wrapping first mol.:      -75.73412        0.00000        0.00000
wrapping first mol.:      -75.73412        0.00000        0.00000
wrapping first mol.:      -75.68314        0.00000        0.00000
wrapping first mol.:      -75.68314        0.00000        0.00000

 NSTEP =  8125000   TIME(PS) =   17950.000  TEMP(K) =   300.41  PRESS =     0.0
 Etot   =   -116906.1702  EKtot   =     20534.7891  EPtot      =   -137440.9592
 BOND   =       599.0977  ANGLE   =      1489.7893  DIHED      =       982.4341
 UB     =         0.0000  IMP     =         0.0000  CMAP       =       138.6112
 1-4 NB =       650.4432  1-4 EEL =      5856.9852  VDWAALS    =     16335.1539
 EELEC  =   -163493.4738  EHBOND  =         0.0000  RESTRAINT  =         0.0000
 EKCMT  =         0.0000  VIRIAL  =         0.0000  VOLUME     =    333714.8742
                                                    Density    =         1.0319
 ------------------------------------------------------------------------------

wrapping first mol.:      -75.59941        0.00000        0.00000
wrapping first mol.:      -75.59941        0.00000        0.00000
wrapping first mol.:      -75.69551        0.00000        0.00000
wrapping first mol.:      -75.69551        0.00000        0.00000
wrapping first mol.:      -75.67971        0.00000        0.00000
wrapping first mol.:      -75.67971        0.00000        0.00000
wrapping first mol.:      -75.64129        0.00000        0.00000
wrapping first mol.:      -75.64129        0.00000        0.00000
wrapping first mol.:      -75.62174        0.00000        0.00000
wrapping first mol.:      -75.62174        0.00000        0.00000

 NSTEP =  8150000   TIME(PS) =   18000.000  TEMP(K) =   300.95  PRESS =     0.0
 Etot   =   -117112.1393  EKtot   =     20572.1230  EPtot      =   -137684.2624
 BOND   =       560.2127  ANGLE   =      1545.3300  DIHED      =      1000.8097
 UB     =         0.0000  IMP     =         0.0000  CMAP       =       133.6533
 1-4 NB =       646.6054  1-4 EEL =      5846.0441  VDWAALS    =     16425.1955
 EELEC  =   -163842.1129  EHBOND  =         0.0000  RESTRAINT  =         0.0000
 EKCMT  =         0.0000  VIRIAL  =         0.0000  VOLUME     =    332903.3253
                                                    Density    =         1.0344
 ------------------------------------------------------------------------------

wrapping first mol.:      -75.65117        0.00000        0.00000
wrapping first mol.:      -75.65117        0.00000        0.00000
wrapping first mol.:      -75.69747        0.00000        0.00000
wrapping first mol.:      -75.69747        0.00000        0.00000
wrapping first mol.:      -75.67415        0.00000        0.00000
wrapping first mol.:      -75.67415        0.00000        0.00000
wrapping first mol.:      -75.65449        0.00000        0.00000
wrapping first mol.:      -75.65449        0.00000        0.00000
wrapping first mol.:      -75.65177        0.00000        0.00000
wrapping first mol.:      -75.65177        0.00000        0.00000

 NSTEP =  8175000   TIME(PS) =   18050.000  TEMP(K) =   300.51  PRESS =     0.0
 Etot   =   -116874.7612  EKtot   =     20542.1230  EPtot      =   -137416.8842
 BOND   =       576.7783  ANGLE   =      1546.0238  DIHED      =       989.4194
 UB     =         0.0000  IMP     =         0.0000  CMAP       =       141.7864
 1-4 NB =       629.3908  1-4 EEL =      5867.7003  VDWAALS    =     16170.8961
 EELEC  =   -163338.8793  EHBOND  =         0.0000  RESTRAINT  =         0.0000
 EKCMT  =         0.0000  VIRIAL  =         0.0000  VOLUME     =    333300.1091
                                                    Density    =         1.0332
 ------------------------------------------------------------------------------

wrapping first mol.:      -75.69442        0.00000        0.00000
wrapping first mol.:      -75.69442        0.00000        0.00000
wrapping first mol.:      -75.73442        0.00000        0.00000
wrapping first mol.:      -75.73442        0.00000        0.00000
wrapping first mol.:      -75.82499        0.00000        0.00000
wrapping first mol.:      -75.82499        0.00000        0.00000
wrapping first mol.:      -75.77999        0.00000        0.00000
wrapping first mol.:      -75.77999        0.00000        0.00000
wrapping first mol.:      -75.73550        0.00000        0.00000
wrapping first mol.:      -75.73550        0.00000        0.00000

 NSTEP =  8200000   TIME(PS) =   18100.000  TEMP(K) =   301.32  PRESS =     0.0
 Etot   =   -117051.6001  EKtot   =     20596.8281  EPtot      =   -137648.4283
 BOND   =       579.2564  ANGLE   =      1565.4797  DIHED      =       971.5357
 UB     =         0.0000  IMP     =         0.0000  CMAP       =       140.1797
 1-4 NB =       620.3072  1-4 EEL =      5799.7849  VDWAALS    =     16438.2738
 EELEC  =   -163763.2457  EHBOND  =         0.0000  RESTRAINT  =         0.0000
 EKCMT  =         0.0000  VIRIAL  =         0.0000  VOLUME     =    334408.0410
                                                    Density    =         1.0297
 ------------------------------------------------------------------------------

wrapping first mol.:      -75.61783        0.00000        0.00000
wrapping first mol.:      -75.61783        0.00000        0.00000
wrapping first mol.:      -75.58018        0.00000        0.00000
wrapping first mol.:      -75.58018        0.00000        0.00000
wrapping first mol.:      -75.70056        0.00000        0.00000
wrapping first mol.:      -75.70056        0.00000        0.00000
wrapping first mol.:      -75.65021        0.00000        0.00000
wrapping first mol.:      -75.65021        0.00000        0.00000
wrapping first mol.:      -75.70192        0.00000        0.00000
wrapping first mol.:      -75.70192        0.00000        0.00000

 NSTEP =  8225000   TIME(PS) =   18150.000  TEMP(K) =   299.49  PRESS =     0.0
 Etot   =   -117090.4004  EKtot   =     20471.7734  EPtot      =   -137562.1738
 BOND   =       555.2898  ANGLE   =      1544.7433  DIHED      =      1000.4970
 UB     =         0.0000  IMP     =         0.0000  CMAP       =       135.9171
 1-4 NB =       651.2722  1-4 EEL =      5805.2352  VDWAALS    =     16330.0183
 EELEC  =   -163585.1467  EHBOND  =         0.0000  RESTRAINT  =         0.0000
 EKCMT  =         0.0000  VIRIAL  =         0.0000  VOLUME     =    333963.3679
                                                    Density    =         1.0311
 ------------------------------------------------------------------------------

wrapping first mol.:      -75.71528        0.00000        0.00000
wrapping first mol.:      -75.71528        0.00000        0.00000
wrapping first mol.:      -75.63655        0.00000        0.00000
wrapping first mol.:      -75.63655        0.00000        0.00000
wrapping first mol.:      -75.59261        0.00000        0.00000
wrapping first mol.:      -75.59261        0.00000        0.00000
wrapping first mol.:      -75.64550        0.00000        0.00000
wrapping first mol.:      -75.64550        0.00000        0.00000
wrapping first mol.:      -75.69585        0.00000        0.00000
wrapping first mol.:      -75.69585        0.00000        0.00000

 NSTEP =  8250000   TIME(PS) =   18200.000  TEMP(K) =   302.67  PRESS =     0.0
 Etot   =   -116888.6469  EKtot   =     20689.4805  EPtot      =   -137578.1274
 BOND   =       566.3393  ANGLE   =      1479.5198  DIHED      =       982.5933
 UB     =         0.0000  IMP     =         0.0000  CMAP       =       142.2960
 1-4 NB =       627.7160  1-4 EEL =      5827.9529  VDWAALS    =     16445.6157
 EELEC  =   -163650.1604  EHBOND  =         0.0000  RESTRAINT  =         0.0000
 EKCMT  =         0.0000  VIRIAL  =         0.0000  VOLUME     =    333883.0015
                                                    Density    =         1.0314
 ------------------------------------------------------------------------------

wrapping first mol.:      -75.68827        0.00000        0.00000
wrapping first mol.:      -75.68827        0.00000        0.00000
wrapping first mol.:      -75.65824        0.00000        0.00000
wrapping first mol.:      -75.65824        0.00000        0.00000
wrapping first mol.:      -75.77097        0.00000        0.00000
wrapping first mol.:      -75.77097        0.00000        0.00000
wrapping first mol.:      -75.65920        0.00000        0.00000
wrapping first mol.:      -75.65920        0.00000        0.00000
wrapping first mol.:      -75.73704        0.00000        0.00000
wrapping first mol.:      -75.73704        0.00000        0.00000

 NSTEP =  8275000   TIME(PS) =   18250.000  TEMP(K) =   300.46  PRESS =     0.0
 Etot   =   -117372.2541  EKtot   =     20538.3984  EPtot      =   -137910.6525
 BOND   =       552.9373  ANGLE   =      1528.4740  DIHED      =       978.9448
 UB     =         0.0000  IMP     =         0.0000  CMAP       =       139.2008
 1-4 NB =       621.3844  1-4 EEL =      5815.1805  VDWAALS    =     16714.5358
 EELEC  =   -164261.3100  EHBOND  =         0.0000  RESTRAINT  =         0.0000
 EKCMT  =         0.0000  VIRIAL  =         0.0000  VOLUME     =    334428.3567
                                                    Density    =         1.0297
 ------------------------------------------------------------------------------

wrapping first mol.:      -75.80538        0.00000        0.00000
wrapping first mol.:      -75.80538        0.00000        0.00000
wrapping first mol.:      -75.69490        0.00000        0.00000
wrapping first mol.:      -75.69490        0.00000        0.00000
wrapping first mol.:      -75.67762        0.00000        0.00000
wrapping first mol.:      -75.67762        0.00000        0.00000
wrapping first mol.:      -75.76149        0.00000        0.00000
wrapping first mol.:      -75.76149        0.00000        0.00000
wrapping first mol.:      -75.66375        0.00000        0.00000
wrapping first mol.:      -75.66375        0.00000        0.00000

 NSTEP =  8300000   TIME(PS) =   18300.000  TEMP(K) =   297.78  PRESS =     0.0
 Etot   =   -117349.3038  EKtot   =     20354.9082  EPtot      =   -137704.2120
 BOND   =       530.8634  ANGLE   =      1461.0730  DIHED      =       997.1526
 UB     =         0.0000  IMP     =         0.0000  CMAP       =       119.3707
 1-4 NB =       635.0322  1-4 EEL =      5845.5087  VDWAALS    =     16305.6003
 EELEC  =   -163598.8129  EHBOND  =         0.0000  RESTRAINT  =         0.0000
 EKCMT  =         0.0000  VIRIAL  =         0.0000  VOLUME     =    333458.3854
                                                    Density    =         1.0327
 ------------------------------------------------------------------------------

wrapping first mol.:      -75.68138        0.00000        0.00000
wrapping first mol.:      -75.68138        0.00000        0.00000
wrapping first mol.:      -75.67979        0.00000        0.00000
wrapping first mol.:      -75.67979        0.00000        0.00000
wrapping first mol.:      -75.75344        0.00000        0.00000
wrapping first mol.:      -75.75344        0.00000        0.00000
wrapping first mol.:      -75.75114        0.00000        0.00000
wrapping first mol.:      -75.75114        0.00000        0.00000
wrapping first mol.:      -75.66055        0.00000        0.00000
wrapping first mol.:      -75.66055        0.00000        0.00000

 NSTEP =  8325000   TIME(PS) =   18350.000  TEMP(K) =   298.51  PRESS =     0.0
 Etot   =   -117385.9993  EKtot   =     20404.8555  EPtot      =   -137790.8548
 BOND   =       555.2698  ANGLE   =      1554.8924  DIHED      =       992.0834
 UB     =         0.0000  IMP     =         0.0000  CMAP       =       134.2892
 1-4 NB =       630.6017  1-4 EEL =      5776.9915  VDWAALS    =     16427.5776
 EELEC  =   -163862.5605  EHBOND  =         0.0000  RESTRAINT  =         0.0000
 EKCMT  =         0.0000  VIRIAL  =         0.0000  VOLUME     =    333416.1230
                                                    Density    =         1.0328
 ------------------------------------------------------------------------------

wrapping first mol.:      -75.68777        0.00000        0.00000
wrapping first mol.:      -75.68777        0.00000        0.00000
wrapping first mol.:      -75.72878        0.00000        0.00000
wrapping first mol.:      -75.72878        0.00000        0.00000
wrapping first mol.:      -75.79271        0.00000        0.00000
wrapping first mol.:      -75.79271        0.00000        0.00000
wrapping first mol.:      -75.78499        0.00000        0.00000
wrapping first mol.:      -75.78499        0.00000        0.00000
wrapping first mol.:      -75.60369        0.00000        0.00000
wrapping first mol.:      -75.60369        0.00000        0.00000

 NSTEP =  8350000   TIME(PS) =   18400.000  TEMP(K) =   300.13  PRESS =     0.0
 Etot   =   -117208.0480  EKtot   =     20515.5762  EPtot      =   -137723.6242
 BOND   =       538.3932  ANGLE   =      1541.2777  DIHED      =       975.4077
 UB     =         0.0000  IMP     =         0.0000  CMAP       =       133.3546
 1-4 NB =       641.1733  1-4 EEL =      5814.5428  VDWAALS    =     16571.5770
 EELEC  =   -163939.3505  EHBOND  =         0.0000  RESTRAINT  =         0.0000
 EKCMT  =         0.0000  VIRIAL  =         0.0000  VOLUME     =    332665.0483
                                                    Density    =         1.0351
 ------------------------------------------------------------------------------

wrapping first mol.:      -75.68790        0.00000        0.00000
wrapping first mol.:      -75.68790        0.00000        0.00000
wrapping first mol.:      -75.58646        0.00000        0.00000
wrapping first mol.:      -75.58646        0.00000        0.00000
wrapping first mol.:      -75.65719        0.00000        0.00000
wrapping first mol.:      -75.65719        0.00000        0.00000
wrapping first mol.:      -75.65372        0.00000        0.00000
wrapping first mol.:      -75.65372        0.00000        0.00000
wrapping first mol.:      -75.74489        0.00000        0.00000
wrapping first mol.:      -75.74489        0.00000        0.00000

 NSTEP =  8375000   TIME(PS) =   18450.000  TEMP(K) =   301.42  PRESS =     0.0
 Etot   =   -116815.3866  EKtot   =     20604.0547  EPtot      =   -137419.4412
 BOND   =       588.1695  ANGLE   =      1532.8686  DIHED      =       949.5909
 UB     =         0.0000  IMP     =         0.0000  CMAP       =       141.7733
 1-4 NB =       626.3448  1-4 EEL =      5768.0036  VDWAALS    =     16708.5327
 EELEC  =   -163734.7246  EHBOND  =         0.0000  RESTRAINT  =         0.0000
 EKCMT  =         0.0000  VIRIAL  =         0.0000  VOLUME     =    334532.3158
                                                    Density    =         1.0293
 ------------------------------------------------------------------------------

wrapping first mol.:      -75.60474        0.00000        0.00000
wrapping first mol.:      -75.60474        0.00000        0.00000
wrapping first mol.:      -75.66141        0.00000        0.00000
wrapping first mol.:      -75.66141        0.00000        0.00000
wrapping first mol.:      -75.68203        0.00000        0.00000
wrapping first mol.:      -75.68203        0.00000        0.00000
wrapping first mol.:      -75.67927        0.00000        0.00000
wrapping first mol.:      -75.67927        0.00000        0.00000
wrapping first mol.:      -75.62062        0.00000        0.00000
wrapping first mol.:      -75.62062        0.00000        0.00000

 NSTEP =  8400000   TIME(PS) =   18500.000  TEMP(K) =   299.58  PRESS =     0.0
 Etot   =   -117447.7084  EKtot   =     20478.1465  EPtot      =   -137925.8549
 BOND   =       561.8673  ANGLE   =      1520.3767  DIHED      =       980.4583
 UB     =         0.0000  IMP     =         0.0000  CMAP       =       136.8056
 1-4 NB =       640.4952  1-4 EEL =      5784.8744  VDWAALS    =     16524.0361
 EELEC  =   -164074.7684  EHBOND  =         0.0000  RESTRAINT  =         0.0000
 EKCMT  =         0.0000  VIRIAL  =         0.0000  VOLUME     =    332888.5722
                                                    Density    =         1.0344
 ------------------------------------------------------------------------------

wrapping first mol.:      -75.67026        0.00000        0.00000
wrapping first mol.:      -75.67026        0.00000        0.00000
wrapping first mol.:      -75.76722        0.00000        0.00000
wrapping first mol.:      -75.76722        0.00000        0.00000
wrapping first mol.:      -75.70441        0.00000        0.00000
wrapping first mol.:      -75.70441        0.00000        0.00000
wrapping first mol.:      -75.64384        0.00000        0.00000
wrapping first mol.:      -75.64384        0.00000        0.00000
wrapping first mol.:      -75.67074        0.00000        0.00000
wrapping first mol.:      -75.67074        0.00000        0.00000

 NSTEP =  8425000   TIME(PS) =   18550.000  TEMP(K) =   298.40  PRESS =     0.0
 Etot   =   -117357.3105  EKtot   =     20397.5293  EPtot      =   -137754.8398
 BOND   =       557.1324  ANGLE   =      1514.4011  DIHED      =       975.6799
 UB     =         0.0000  IMP     =         0.0000  CMAP       =       134.5919
 1-4 NB =       647.0286  1-4 EEL =      5764.1676  VDWAALS    =     16156.4640
 EELEC  =   -163504.3053  EHBOND  =         0.0000  RESTRAINT  =         0.0000
 EKCMT  =         0.0000  VIRIAL  =         0.0000  VOLUME     =    333550.9038
                                                    Density    =         1.0324
 ------------------------------------------------------------------------------

wrapping first mol.:      -75.64343        0.00000        0.00000
wrapping first mol.:      -75.64343        0.00000        0.00000
wrapping first mol.:      -75.63294        0.00000        0.00000
wrapping first mol.:      -75.63294        0.00000        0.00000
wrapping first mol.:      -75.65955        0.00000        0.00000
wrapping first mol.:      -75.65955        0.00000        0.00000
wrapping first mol.:      -75.78039        0.00000        0.00000
wrapping first mol.:      -75.78039        0.00000        0.00000
wrapping first mol.:      -75.73220        0.00000        0.00000
wrapping first mol.:      -75.73220        0.00000        0.00000

 NSTEP =  8450000   TIME(PS) =   18600.000  TEMP(K) =   300.53  PRESS =     0.0
 Etot   =   -116956.6982  EKtot   =     20543.1562  EPtot      =   -137499.8545
 BOND   =       577.1067  ANGLE   =      1527.8604  DIHED      =       976.2622
 UB     =         0.0000  IMP     =         0.0000  CMAP       =       148.0889
 1-4 NB =       633.8545  1-4 EEL =      5739.8837  VDWAALS    =     16506.9841
 EELEC  =   -163609.8949  EHBOND  =         0.0000  RESTRAINT  =         0.0000
 EKCMT  =         0.0000  VIRIAL  =         0.0000  VOLUME     =    334364.2402
                                                    Density    =         1.0299
 ------------------------------------------------------------------------------

wrapping first mol.:      -75.70760        0.00000        0.00000
wrapping first mol.:      -75.70760        0.00000        0.00000
wrapping first mol.:      -75.76304        0.00000        0.00000
wrapping first mol.:      -75.76304        0.00000        0.00000
wrapping first mol.:      -75.66280        0.00000        0.00000
wrapping first mol.:      -75.66280        0.00000        0.00000
wrapping first mol.:      -75.62664        0.00000        0.00000
wrapping first mol.:      -75.62664        0.00000        0.00000
wrapping first mol.:      -75.78169        0.00000        0.00000
wrapping first mol.:      -75.78169        0.00000        0.00000

 NSTEP =  8475000   TIME(PS) =   18650.000  TEMP(K) =   302.92  PRESS =     0.0
 Etot   =   -116914.6294  EKtot   =     20706.4492  EPtot      =   -137621.0786
 BOND   =       567.9111  ANGLE   =      1532.6629  DIHED      =       986.3315
 UB     =         0.0000  IMP     =         0.0000  CMAP       =       123.6178
 1-4 NB =       632.1602  1-4 EEL =      5852.1966  VDWAALS    =     16467.2757
 EELEC  =   -163783.2345  EHBOND  =         0.0000  RESTRAINT  =         0.0000
 EKCMT  =         0.0000  VIRIAL  =         0.0000  VOLUME     =    335020.2001
                                                    Density    =         1.0278
 ------------------------------------------------------------------------------

wrapping first mol.:      -75.65339        0.00000        0.00000
wrapping first mol.:      -75.65339        0.00000        0.00000
wrapping first mol.:      -75.72182        0.00000        0.00000
wrapping first mol.:      -75.72182        0.00000        0.00000
wrapping first mol.:      -75.71189        0.00000        0.00000
wrapping first mol.:      -75.71189        0.00000        0.00000
wrapping first mol.:      -75.69009        0.00000        0.00000
wrapping first mol.:      -75.69009        0.00000        0.00000
wrapping first mol.:      -75.70135        0.00000        0.00000
wrapping first mol.:      -75.70135        0.00000        0.00000

 NSTEP =  8500000   TIME(PS) =   18700.000  TEMP(K) =   300.61  PRESS =     0.0
 Etot   =   -117179.8204  EKtot   =     20548.2910  EPtot      =   -137728.1114
 BOND   =       520.9534  ANGLE   =      1490.5954  DIHED      =       986.5532
 UB     =         0.0000  IMP     =         0.0000  CMAP       =       128.0825
 1-4 NB =       636.7935  1-4 EEL =      5859.7088  VDWAALS    =     16464.4638
 EELEC  =   -163815.2620  EHBOND  =         0.0000  RESTRAINT  =         0.0000
 EKCMT  =         0.0000  VIRIAL  =         0.0000  VOLUME     =    333955.7533
                                                    Density    =         1.0311
 ------------------------------------------------------------------------------

wrapping first mol.:      -75.61821        0.00000        0.00000
wrapping first mol.:      -75.61821        0.00000        0.00000
wrapping first mol.:      -75.69968        0.00000        0.00000
wrapping first mol.:      -75.69968        0.00000        0.00000
wrapping first mol.:      -75.69804        0.00000        0.00000
wrapping first mol.:      -75.69804        0.00000        0.00000
wrapping first mol.:      -75.61354        0.00000        0.00000
wrapping first mol.:      -75.61354        0.00000        0.00000
wrapping first mol.:      -75.71636        0.00000        0.00000
wrapping first mol.:      -75.71636        0.00000        0.00000

 NSTEP =  8525000   TIME(PS) =   18750.000  TEMP(K) =   297.23  PRESS =     0.0
 Etot   =   -117392.2553  EKtot   =     20317.8730  EPtot      =   -137710.1283
 BOND   =       552.8194  ANGLE   =      1537.5449  DIHED      =       989.7296
 UB     =         0.0000  IMP     =         0.0000  CMAP       =       126.9649
 1-4 NB =       624.0546  1-4 EEL =      5808.0392  VDWAALS    =     16431.6753
 EELEC  =   -163780.9561  EHBOND  =         0.0000  RESTRAINT  =         0.0000
 EKCMT  =         0.0000  VIRIAL  =         0.0000  VOLUME     =    334154.4489
                                                    Density    =         1.0305
 ------------------------------------------------------------------------------

wrapping first mol.:      -75.79280        0.00000        0.00000
wrapping first mol.:      -75.79280        0.00000        0.00000
wrapping first mol.:      -75.73392        0.00000        0.00000
wrapping first mol.:      -75.73392        0.00000        0.00000
wrapping first mol.:      -75.63000        0.00000        0.00000
wrapping first mol.:      -75.63000        0.00000        0.00000
wrapping first mol.:      -75.69738        0.00000        0.00000
wrapping first mol.:      -75.69738        0.00000        0.00000
wrapping first mol.:      -75.61352        0.00000        0.00000
wrapping first mol.:      -75.61352        0.00000        0.00000

 NSTEP =  8550000   TIME(PS) =   18800.000  TEMP(K) =   300.26  PRESS =     0.0
 Etot   =   -117277.7153  EKtot   =     20524.5684  EPtot      =   -137802.2837
 BOND   =       553.8244  ANGLE   =      1500.1670  DIHED      =       993.0682
 UB     =         0.0000  IMP     =         0.0000  CMAP       =       140.5668
 1-4 NB =       630.7075  1-4 EEL =      5803.7016  VDWAALS    =     16264.3490
 EELEC  =   -163688.6683  EHBOND  =         0.0000  RESTRAINT  =         0.0000
 EKCMT  =         0.0000  VIRIAL  =         0.0000  VOLUME     =    332794.8415
                                                    Density    =         1.0347
 ------------------------------------------------------------------------------

wrapping first mol.:      -75.66153        0.00000        0.00000
wrapping first mol.:      -75.66153        0.00000        0.00000
wrapping first mol.:      -75.81838        0.00000        0.00000
wrapping first mol.:      -75.81838        0.00000        0.00000
wrapping first mol.:      -75.71440        0.00000        0.00000
wrapping first mol.:      -75.71440        0.00000        0.00000
wrapping first mol.:      -75.60189        0.00000        0.00000
wrapping first mol.:      -75.60189        0.00000        0.00000
wrapping first mol.:      -75.75223        0.00000        0.00000
wrapping first mol.:      -75.75223        0.00000        0.00000

 NSTEP =  8575000   TIME(PS) =   18850.000  TEMP(K) =   300.52  PRESS =     0.0
 Etot   =   -116693.1769  EKtot   =     20542.7148  EPtot      =   -137235.8918
 BOND   =       544.6000  ANGLE   =      1499.0170  DIHED      =       975.8953
 UB     =         0.0000  IMP     =         0.0000  CMAP       =       127.8634
 1-4 NB =       647.2530  1-4 EEL =      5841.2315  VDWAALS    =     16334.0340
 EELEC  =   -163205.7859  EHBOND  =         0.0000  RESTRAINT  =         0.0000
 EKCMT  =         0.0000  VIRIAL  =         0.0000  VOLUME     =    334629.6098
                                                    Density    =         1.0290
 ------------------------------------------------------------------------------

wrapping first mol.:      -75.61696        0.00000        0.00000
wrapping first mol.:      -75.61696        0.00000        0.00000
wrapping first mol.:      -75.66365        0.00000        0.00000
wrapping first mol.:      -75.66365        0.00000        0.00000
wrapping first mol.:      -75.74325        0.00000        0.00000
wrapping first mol.:      -75.74325        0.00000        0.00000
wrapping first mol.:      -75.65666        0.00000        0.00000
wrapping first mol.:      -75.65666        0.00000        0.00000
wrapping first mol.:      -75.55830        0.00000        0.00000
wrapping first mol.:      -75.55830        0.00000        0.00000

 NSTEP =  8600000   TIME(PS) =   18900.000  TEMP(K) =   300.11  PRESS =     0.0
 Etot   =   -116933.0557  EKtot   =     20514.4531  EPtot      =   -137447.5088
 BOND   =       574.0869  ANGLE   =      1538.9885  DIHED      =      1005.4584
 UB     =         0.0000  IMP     =         0.0000  CMAP       =       133.0333
 1-4 NB =       626.4019  1-4 EEL =      5859.7987  VDWAALS    =     16536.6260
 EELEC  =   -163721.9025  EHBOND  =         0.0000  RESTRAINT  =         0.0000
 EKCMT  =         0.0000  VIRIAL  =         0.0000  VOLUME     =    332066.2227
                                                    Density    =         1.0370
 ------------------------------------------------------------------------------

wrapping first mol.:      -75.68572        0.00000        0.00000
wrapping first mol.:      -75.68572        0.00000        0.00000
wrapping first mol.:      -75.83028        0.00000        0.00000
wrapping first mol.:      -75.83028        0.00000        0.00000
wrapping first mol.:      -75.71564        0.00000        0.00000
wrapping first mol.:      -75.71564        0.00000        0.00000
wrapping first mol.:      -75.68582        0.00000        0.00000
wrapping first mol.:      -75.68582        0.00000        0.00000
wrapping first mol.:      -75.71610        0.00000        0.00000
wrapping first mol.:      -75.71610        0.00000        0.00000

 NSTEP =  8625000   TIME(PS) =   18950.000  TEMP(K) =   298.82  PRESS =     0.0
 Etot   =   -117144.7184  EKtot   =     20426.4551  EPtot      =   -137571.1735
 BOND   =       553.0749  ANGLE   =      1576.3236  DIHED      =       980.1030
 UB     =         0.0000  IMP     =         0.0000  CMAP       =       136.6578
 1-4 NB =       622.1193  1-4 EEL =      5817.0829  VDWAALS    =     16293.5151
 EELEC  =   -163550.0500  EHBOND  =         0.0000  RESTRAINT  =         0.0000
 EKCMT  =         0.0000  VIRIAL  =         0.0000  VOLUME     =    334151.1105
                                                    Density    =         1.0305
 ------------------------------------------------------------------------------

wrapping first mol.:      -75.76231        0.00000        0.00000
wrapping first mol.:      -75.76231        0.00000        0.00000
wrapping first mol.:      -75.79372        0.00000        0.00000
wrapping first mol.:      -75.79372        0.00000        0.00000
wrapping first mol.:      -75.68753        0.00000        0.00000
wrapping first mol.:      -75.68753        0.00000        0.00000
wrapping first mol.:      -75.69575        0.00000        0.00000
wrapping first mol.:      -75.69575        0.00000        0.00000
wrapping first mol.:      -75.61048        0.00000        0.00000
wrapping first mol.:      -75.61048        0.00000        0.00000

 NSTEP =  8650000   TIME(PS) =   19000.000  TEMP(K) =   295.66  PRESS =     0.0
 Etot   =   -117623.3668  EKtot   =     20210.4746  EPtot      =   -137833.8414
 BOND   =       528.9738  ANGLE   =      1561.6994  DIHED      =       985.1557
 UB     =         0.0000  IMP     =         0.0000  CMAP       =       133.1620
 1-4 NB =       621.8021  1-4 EEL =      5771.5042  VDWAALS    =     16280.1647
 EELEC  =   -163716.3035  EHBOND  =         0.0000  RESTRAINT  =         0.0000
 EKCMT  =         0.0000  VIRIAL  =         0.0000  VOLUME     =    332754.5821
                                                    Density    =         1.0348
 ------------------------------------------------------------------------------

wrapping first mol.:      -75.66514        0.00000        0.00000
wrapping first mol.:      -75.66514        0.00000        0.00000
wrapping first mol.:      -75.69535        0.00000        0.00000
wrapping first mol.:      -75.69535        0.00000        0.00000
wrapping first mol.:      -75.74889        0.00000        0.00000
wrapping first mol.:      -75.74889        0.00000        0.00000
wrapping first mol.:      -75.73141        0.00000        0.00000
wrapping first mol.:      -75.73141        0.00000        0.00000
wrapping first mol.:      -75.67327        0.00000        0.00000
wrapping first mol.:      -75.67327        0.00000        0.00000

 NSTEP =  8675000   TIME(PS) =   19050.000  TEMP(K) =   296.12  PRESS =     0.0
 Etot   =   -117474.7542  EKtot   =     20241.4492  EPtot      =   -137716.2034
 BOND   =       534.3640  ANGLE   =      1546.8401  DIHED      =       982.9815
 UB     =         0.0000  IMP     =         0.0000  CMAP       =       131.6241
 1-4 NB =       629.6992  1-4 EEL =      5870.4387  VDWAALS    =     16692.5363
 EELEC  =   -164104.6872  EHBOND  =         0.0000  RESTRAINT  =         0.0000
 EKCMT  =         0.0000  VIRIAL  =         0.0000  VOLUME     =    333584.3034
                                                    Density    =         1.0323
 ------------------------------------------------------------------------------

wrapping first mol.:      -75.68201        0.00000        0.00000
wrapping first mol.:      -75.68201        0.00000        0.00000
wrapping first mol.:      -75.68324        0.00000        0.00000
wrapping first mol.:      -75.68324        0.00000        0.00000
wrapping first mol.:      -75.71733        0.00000        0.00000
wrapping first mol.:      -75.71733        0.00000        0.00000
wrapping first mol.:      -75.67591        0.00000        0.00000
wrapping first mol.:      -75.67591        0.00000        0.00000
wrapping first mol.:      -75.68476        0.00000        0.00000
wrapping first mol.:      -75.68476        0.00000        0.00000

 NSTEP =  8700000   TIME(PS) =   19100.000  TEMP(K) =   300.49  PRESS =     0.0
 Etot   =   -117023.1652  EKtot   =     20540.3730  EPtot      =   -137563.5382
 BOND   =       599.7775  ANGLE   =      1598.8075  DIHED      =      1005.4374
 UB     =         0.0000  IMP     =         0.0000  CMAP       =       146.4992
 1-4 NB =       614.6338  1-4 EEL =      5799.1513  VDWAALS    =     16577.5441
 EELEC  =   -163905.3889  EHBOND  =         0.0000  RESTRAINT  =         0.0000
 EKCMT  =         0.0000  VIRIAL  =         0.0000  VOLUME     =    333736.3639
                                                    Density    =         1.0318
 ------------------------------------------------------------------------------

wrapping first mol.:      -75.66085        0.00000        0.00000
wrapping first mol.:      -75.66085        0.00000        0.00000
wrapping first mol.:      -75.73900        0.00000        0.00000
wrapping first mol.:      -75.73900        0.00000        0.00000
wrapping first mol.:      -75.69024        0.00000        0.00000
wrapping first mol.:      -75.69024        0.00000        0.00000
wrapping first mol.:      -75.77199        0.00000        0.00000
wrapping first mol.:      -75.77199        0.00000        0.00000
wrapping first mol.:      -75.61950        0.00000        0.00000
wrapping first mol.:      -75.61950        0.00000        0.00000

 NSTEP =  8725000   TIME(PS) =   19150.000  TEMP(K) =   301.39  PRESS =     0.0
 Etot   =   -116929.8835  EKtot   =     20601.8301  EPtot      =   -137531.7136
 BOND   =       559.9686  ANGLE   =      1546.4521  DIHED      =      1007.0612
 UB     =         0.0000  IMP     =         0.0000  CMAP       =       132.3418
 1-4 NB =       630.5834  1-4 EEL =      5831.4628  VDWAALS    =     16052.0822
 EELEC  =   -163291.6659  EHBOND  =         0.0000  RESTRAINT  =         0.0000
 EKCMT  =         0.0000  VIRIAL  =         0.0000  VOLUME     =    332873.8027
                                                    Density    =         1.0345
 ------------------------------------------------------------------------------

wrapping first mol.:      -75.71469        0.00000        0.00000
wrapping first mol.:      -75.71469        0.00000        0.00000
wrapping first mol.:      -75.74067        0.00000        0.00000
wrapping first mol.:      -75.74067        0.00000        0.00000
wrapping first mol.:      -75.63602        0.00000        0.00000
wrapping first mol.:      -75.63602        0.00000        0.00000
wrapping first mol.:      -75.60012        0.00000        0.00000
wrapping first mol.:      -75.60012        0.00000        0.00000
wrapping first mol.:      -75.63611        0.00000        0.00000
wrapping first mol.:      -75.63611        0.00000        0.00000

 NSTEP =  8750000   TIME(PS) =   19200.000  TEMP(K) =   301.85  PRESS =     0.0
 Etot   =   -117133.1813  EKtot   =     20633.5566  EPtot      =   -137766.7380
 BOND   =       587.8747  ANGLE   =      1538.1918  DIHED      =       996.7122
 UB     =         0.0000  IMP     =         0.0000  CMAP       =       139.8437
 1-4 NB =       639.6060  1-4 EEL =      5870.6991  VDWAALS    =     16426.9672
 EELEC  =   -163966.6327  EHBOND  =         0.0000  RESTRAINT  =         0.0000
 EKCMT  =         0.0000  VIRIAL  =         0.0000  VOLUME     =    333093.1001
                                                    Density    =         1.0338
 ------------------------------------------------------------------------------

wrapping first mol.:      -75.65740        0.00000        0.00000
wrapping first mol.:      -75.65740        0.00000        0.00000
wrapping first mol.:      -75.67366        0.00000        0.00000
wrapping first mol.:      -75.67366        0.00000        0.00000
wrapping first mol.:      -75.65271        0.00000        0.00000
wrapping first mol.:      -75.65271        0.00000        0.00000
wrapping first mol.:      -75.72653        0.00000        0.00000
wrapping first mol.:      -75.72653        0.00000        0.00000
wrapping first mol.:      -75.71357        0.00000        0.00000
wrapping first mol.:      -75.71357        0.00000        0.00000

 NSTEP =  8775000   TIME(PS) =   19250.000  TEMP(K) =   299.29  PRESS =     0.0
 Etot   =   -116958.8865  EKtot   =     20458.1738  EPtot      =   -137417.0604
 BOND   =       573.1742  ANGLE   =      1515.4476  DIHED      =       995.8143
 UB     =         0.0000  IMP     =         0.0000  CMAP       =       130.6972
 1-4 NB =       641.4589  1-4 EEL =      5851.7706  VDWAALS    =     16282.1047
 EELEC  =   -163407.5278  EHBOND  =         0.0000  RESTRAINT  =         0.0000
 EKCMT  =         0.0000  VIRIAL  =         0.0000  VOLUME     =    334117.5129
                                                    Density    =         1.0306
 ------------------------------------------------------------------------------

wrapping first mol.:      -75.69190        0.00000        0.00000
wrapping first mol.:      -75.69190        0.00000        0.00000
wrapping first mol.:      -75.74438        0.00000        0.00000
wrapping first mol.:      -75.74438        0.00000        0.00000
wrapping first mol.:      -75.68631        0.00000        0.00000
wrapping first mol.:      -75.68631        0.00000        0.00000
wrapping first mol.:      -75.65479        0.00000        0.00000
wrapping first mol.:      -75.65479        0.00000        0.00000
wrapping first mol.:      -75.74856        0.00000        0.00000
wrapping first mol.:      -75.74856        0.00000        0.00000

 NSTEP =  8800000   TIME(PS) =   19300.000  TEMP(K) =   297.89  PRESS =     0.0
 Etot   =   -117366.1116  EKtot   =     20362.9648  EPtot      =   -137729.0765
 BOND   =       581.9160  ANGLE   =      1550.1010  DIHED      =       996.1647
 UB     =         0.0000  IMP     =         0.0000  CMAP       =       125.7524
 1-4 NB =       630.8094  1-4 EEL =      5846.7811  VDWAALS    =     16643.5284
 EELEC  =   -164104.1295  EHBOND  =         0.0000  RESTRAINT  =         0.0000
 EKCMT  =         0.0000  VIRIAL  =         0.0000  VOLUME     =    334580.9871
                                                    Density    =         1.0292
 ------------------------------------------------------------------------------

wrapping first mol.:      -75.70159        0.00000        0.00000
wrapping first mol.:      -75.70159        0.00000        0.00000
wrapping first mol.:      -75.55735        0.00000        0.00000
wrapping first mol.:      -75.55735        0.00000        0.00000
wrapping first mol.:      -75.64241        0.00000        0.00000
wrapping first mol.:      -75.64241        0.00000        0.00000
wrapping first mol.:      -75.60856        0.00000        0.00000
wrapping first mol.:      -75.60856        0.00000        0.00000
wrapping first mol.:      -75.66456        0.00000        0.00000
wrapping first mol.:      -75.66456        0.00000        0.00000

 NSTEP =  8825000   TIME(PS) =   19350.000  TEMP(K) =   298.17  PRESS =     0.0
 Etot   =   -117036.2338  EKtot   =     20381.5898  EPtot      =   -137417.8236
 BOND   =       545.3693  ANGLE   =      1520.2975  DIHED      =      1010.8629
 UB     =         0.0000  IMP     =         0.0000  CMAP       =       134.2824
 1-4 NB =       627.7972  1-4 EEL =      5923.4959  VDWAALS    =     16516.9310
 EELEC  =   -163696.8598  EHBOND  =         0.0000  RESTRAINT  =         0.0000
 EKCMT  =         0.0000  VIRIAL  =         0.0000  VOLUME     =    333469.2090
                                                    Density    =         1.0326
 ------------------------------------------------------------------------------

wrapping first mol.:      -75.71710        0.00000        0.00000
wrapping first mol.:      -75.71710        0.00000        0.00000
wrapping first mol.:      -75.69356        0.00000        0.00000
wrapping first mol.:      -75.69356        0.00000        0.00000
wrapping first mol.:      -75.64358        0.00000        0.00000
wrapping first mol.:      -75.64358        0.00000        0.00000
wrapping first mol.:      -75.61640        0.00000        0.00000
wrapping first mol.:      -75.61640        0.00000        0.00000
wrapping first mol.:      -75.78371        0.00000        0.00000
wrapping first mol.:      -75.78371        0.00000        0.00000

 NSTEP =  8850000   TIME(PS) =   19400.000  TEMP(K) =   296.46  PRESS =     0.0
 Etot   =   -117229.5211  EKtot   =     20264.6504  EPtot      =   -137494.1715
 BOND   =       538.5165  ANGLE   =      1521.8145  DIHED      =      1001.3525
 UB     =         0.0000  IMP     =         0.0000  CMAP       =       134.9738
 1-4 NB =       643.8859  1-4 EEL =      5876.6265  VDWAALS    =     16261.6255
 EELEC  =   -163472.9667  EHBOND  =         0.0000  RESTRAINT  =         0.0000
 EKCMT  =         0.0000  VIRIAL  =         0.0000  VOLUME     =    335046.9977
                                                    Density    =         1.0278
 ------------------------------------------------------------------------------

wrapping first mol.:      -75.69523        0.00000        0.00000
wrapping first mol.:      -75.69523        0.00000        0.00000
wrapping first mol.:      -75.66476        0.00000        0.00000
wrapping first mol.:      -75.66476        0.00000        0.00000
wrapping first mol.:      -75.68682        0.00000        0.00000
wrapping first mol.:      -75.68682        0.00000        0.00000
wrapping first mol.:      -75.73683        0.00000        0.00000
wrapping first mol.:      -75.73683        0.00000        0.00000
wrapping first mol.:      -75.62881        0.00000        0.00000
wrapping first mol.:      -75.62881        0.00000        0.00000

 NSTEP =  8875000   TIME(PS) =   19450.000  TEMP(K) =   299.76  PRESS =     0.0
 Etot   =   -117084.0585  EKtot   =     20490.5098  EPtot      =   -137574.5683
 BOND   =       523.5508  ANGLE   =      1598.2293  DIHED      =      1008.7782
 UB     =         0.0000  IMP     =         0.0000  CMAP       =       128.4188
 1-4 NB =       621.3494  1-4 EEL =      5841.9712  VDWAALS    =     16573.2025
 EELEC  =   -163870.0685  EHBOND  =         0.0000  RESTRAINT  =         0.0000
 EKCMT  =         0.0000  VIRIAL  =         0.0000  VOLUME     =    332996.6648
                                                    Density    =         1.0341
 ------------------------------------------------------------------------------

wrapping first mol.:      -75.70749        0.00000        0.00000
wrapping first mol.:      -75.70749        0.00000        0.00000
wrapping first mol.:      -75.64211        0.00000        0.00000
wrapping first mol.:      -75.64211        0.00000        0.00000
wrapping first mol.:      -75.67138        0.00000        0.00000
wrapping first mol.:      -75.67138        0.00000        0.00000
wrapping first mol.:      -75.61692        0.00000        0.00000
wrapping first mol.:      -75.61692        0.00000        0.00000
wrapping first mol.:      -75.66915        0.00000        0.00000
wrapping first mol.:      -75.66915        0.00000        0.00000

 NSTEP =  8900000   TIME(PS) =   19500.000  TEMP(K) =   300.00  PRESS =     0.0
 Etot   =   -117249.0079  EKtot   =     20507.0215  EPtot      =   -137756.0294
 BOND   =       536.2817  ANGLE   =      1527.6547  DIHED      =      1010.1548
 UB     =         0.0000  IMP     =         0.0000  CMAP       =       133.3162
 1-4 NB =       641.3366  1-4 EEL =      5960.3475  VDWAALS    =     16345.0932
 EELEC  =   -163910.2140  EHBOND  =         0.0000  RESTRAINT  =         0.0000
 EKCMT  =         0.0000  VIRIAL  =         0.0000  VOLUME     =    333529.8793
                                                    Density    =         1.0324
 ------------------------------------------------------------------------------

wrapping first mol.:      -75.69209        0.00000        0.00000
wrapping first mol.:      -75.69209        0.00000        0.00000
wrapping first mol.:      -75.69985        0.00000        0.00000
wrapping first mol.:      -75.69985        0.00000        0.00000
wrapping first mol.:      -75.75529        0.00000        0.00000
wrapping first mol.:      -75.75529        0.00000        0.00000
wrapping first mol.:      -75.73083        0.00000        0.00000
wrapping first mol.:      -75.73083        0.00000        0.00000
wrapping first mol.:      -75.72540        0.00000        0.00000
wrapping first mol.:      -75.72540        0.00000        0.00000

 NSTEP =  8925000   TIME(PS) =   19550.000  TEMP(K) =   298.85  PRESS =     0.0
 Etot   =   -117165.2664  EKtot   =     20428.4980  EPtot      =   -137593.7645
 BOND   =       561.3561  ANGLE   =      1548.2503  DIHED      =       973.0221
 UB     =         0.0000  IMP     =         0.0000  CMAP       =       141.4373
 1-4 NB =       623.6688  1-4 EEL =      5897.6352  VDWAALS    =     16459.1564
 EELEC  =   -163798.2906  EHBOND  =         0.0000  RESTRAINT  =         0.0000
 EKCMT  =         0.0000  VIRIAL  =         0.0000  VOLUME     =    334274.1710
                                                    Density    =         1.0301
 ------------------------------------------------------------------------------

wrapping first mol.:      -75.67166        0.00000        0.00000
wrapping first mol.:      -75.67166        0.00000        0.00000
wrapping first mol.:      -75.61970        0.00000        0.00000
wrapping first mol.:      -75.61970        0.00000        0.00000
wrapping first mol.:      -75.72076        0.00000        0.00000
wrapping first mol.:      -75.72076        0.00000        0.00000
wrapping first mol.:      -75.65865        0.00000        0.00000
wrapping first mol.:      -75.65865        0.00000        0.00000
wrapping first mol.:      -75.76296        0.00000        0.00000
wrapping first mol.:      -75.76296        0.00000        0.00000

 NSTEP =  8950000   TIME(PS) =   19600.000  TEMP(K) =   300.64  PRESS =     0.0
 Etot   =   -117049.1232  EKtot   =     20550.7012  EPtot      =   -137599.8243
 BOND   =       570.9515  ANGLE   =      1564.2582  DIHED      =       976.0123
 UB     =         0.0000  IMP     =         0.0000  CMAP       =       130.7127
 1-4 NB =       630.4951  1-4 EEL =      5839.3603  VDWAALS    =     16524.5030
 EELEC  =   -163836.1175  EHBOND  =         0.0000  RESTRAINT  =         0.0000
 EKCMT  =         0.0000  VIRIAL  =         0.0000  VOLUME     =    334771.8548
                                                    Density    =         1.0286
 ------------------------------------------------------------------------------

wrapping first mol.:      -75.66100        0.00000        0.00000
wrapping first mol.:      -75.66100        0.00000        0.00000
wrapping first mol.:      -75.66226        0.00000        0.00000
wrapping first mol.:      -75.66226        0.00000        0.00000
wrapping first mol.:      -75.81015        0.00000        0.00000
wrapping first mol.:      -75.81015        0.00000        0.00000
wrapping first mol.:      -75.73597        0.00000        0.00000
wrapping first mol.:      -75.73597        0.00000        0.00000
wrapping first mol.:      -75.78850        0.00000        0.00000
wrapping first mol.:      -75.78850        0.00000        0.00000

 NSTEP =  8975000   TIME(PS) =   19650.000  TEMP(K) =   299.82  PRESS =     0.0
 Etot   =   -117205.6929  EKtot   =     20494.4863  EPtot      =   -137700.1792
 BOND   =       565.0995  ANGLE   =      1457.6783  DIHED      =      1010.6892
 UB     =         0.0000  IMP     =         0.0000  CMAP       =       117.3535
 1-4 NB =       659.9001  1-4 EEL =      5929.1641  VDWAALS    =     16560.1629
 EELEC  =   -164000.2268  EHBOND  =         0.0000  RESTRAINT  =         0.0000
 EKCMT  =         0.0000  VIRIAL  =         0.0000  VOLUME     =    335110.5347
                                                    Density    =         1.0276
 ------------------------------------------------------------------------------

wrapping first mol.:      -75.68274        0.00000        0.00000
wrapping first mol.:      -75.68274        0.00000        0.00000
wrapping first mol.:      -75.62715        0.00000        0.00000
wrapping first mol.:      -75.62715        0.00000        0.00000
wrapping first mol.:      -75.63733        0.00000        0.00000
wrapping first mol.:      -75.63733        0.00000        0.00000
wrapping first mol.:      -75.71291        0.00000        0.00000
wrapping first mol.:      -75.71291        0.00000        0.00000
wrapping first mol.:      -75.62058        0.00000        0.00000
wrapping first mol.:      -75.62058        0.00000        0.00000

 NSTEP =  9000000   TIME(PS) =   19700.000  TEMP(K) =   297.98  PRESS =     0.0
 Etot   =   -117305.7939  EKtot   =     20369.0977  EPtot      =   -137674.8915
 BOND   =       576.7323  ANGLE   =      1539.7123  DIHED      =      1005.7528
 UB     =         0.0000  IMP     =         0.0000  CMAP       =       137.0718
 1-4 NB =       620.9671  1-4 EEL =      5864.2050  VDWAALS    =     16177.1043
 EELEC  =   -163596.4371  EHBOND  =         0.0000  RESTRAINT  =         0.0000
 EKCMT  =         0.0000  VIRIAL  =         0.0000  VOLUME     =    332888.0579
                                                    Density    =         1.0344
 ------------------------------------------------------------------------------

wrapping first mol.:      -75.78714        0.00000        0.00000
wrapping first mol.:      -75.78714        0.00000        0.00000
wrapping first mol.:      -75.64897        0.00000        0.00000
wrapping first mol.:      -75.64897        0.00000        0.00000
wrapping first mol.:      -75.71472        0.00000        0.00000
wrapping first mol.:      -75.71472        0.00000        0.00000
wrapping first mol.:      -75.74910        0.00000        0.00000
wrapping first mol.:      -75.74910        0.00000        0.00000
wrapping first mol.:      -75.77562        0.00000        0.00000
wrapping first mol.:      -75.77562        0.00000        0.00000

 NSTEP =  9025000   TIME(PS) =   19750.000  TEMP(K) =   300.79  PRESS =     0.0
 Etot   =   -117322.1728  EKtot   =     20560.6992  EPtot      =   -137882.8721
 BOND   =       528.2801  ANGLE   =      1506.4821  DIHED      =      1000.6023
 UB     =         0.0000  IMP     =         0.0000  CMAP       =       129.8421
 1-4 NB =       634.0187  1-4 EEL =      5830.4812  VDWAALS    =     16542.9171
 EELEC  =   -164055.4956  EHBOND  =         0.0000  RESTRAINT  =         0.0000
 EKCMT  =         0.0000  VIRIAL  =         0.0000  VOLUME     =    334939.7247
                                                    Density    =         1.0281
 ------------------------------------------------------------------------------

wrapping first mol.:      -75.70384        0.00000        0.00000
wrapping first mol.:      -75.70384        0.00000        0.00000
wrapping first mol.:      -75.75512        0.00000        0.00000
wrapping first mol.:      -75.75512        0.00000        0.00000
wrapping first mol.:      -75.65805        0.00000        0.00000
wrapping first mol.:      -75.65805        0.00000        0.00000
wrapping first mol.:      -75.74501        0.00000        0.00000
wrapping first mol.:      -75.74501        0.00000        0.00000
wrapping first mol.:      -75.70891        0.00000        0.00000
wrapping first mol.:      -75.70891        0.00000        0.00000

 NSTEP =  9050000   TIME(PS) =   19800.000  TEMP(K) =   298.71  PRESS =     0.0
 Etot   =   -117434.8264  EKtot   =     20418.8750  EPtot      =   -137853.7014
 BOND   =       528.8130  ANGLE   =      1493.7184  DIHED      =       998.9308
 UB     =         0.0000  IMP     =         0.0000  CMAP       =       139.7890
 1-4 NB =       639.2361  1-4 EEL =      5869.7403  VDWAALS    =     16481.9929
 EELEC  =   -164005.9218  EHBOND  =         0.0000  RESTRAINT  =         0.0000
 EKCMT  =         0.0000  VIRIAL  =         0.0000  VOLUME     =    334055.8487
                                                    Density    =         1.0308
 ------------------------------------------------------------------------------

wrapping first mol.:      -75.57234        0.00000        0.00000
wrapping first mol.:      -75.57234        0.00000        0.00000
wrapping first mol.:      -75.68425        0.00000        0.00000
wrapping first mol.:      -75.68425        0.00000        0.00000
wrapping first mol.:      -75.76994        0.00000        0.00000
wrapping first mol.:      -75.76994        0.00000        0.00000
wrapping first mol.:      -75.73269        0.00000        0.00000
wrapping first mol.:      -75.73269        0.00000        0.00000
wrapping first mol.:      -75.73367        0.00000        0.00000
wrapping first mol.:      -75.73367        0.00000        0.00000

 NSTEP =  9075000   TIME(PS) =   19850.000  TEMP(K) =   299.62  PRESS =     0.0
 Etot   =   -117198.8608  EKtot   =     20480.7539  EPtot      =   -137679.6147
 BOND   =       542.4257  ANGLE   =      1503.6994  DIHED      =       978.6669
 UB     =         0.0000  IMP     =         0.0000  CMAP       =       137.0569
 1-4 NB =       655.2462  1-4 EEL =      5892.6291  VDWAALS    =     16137.2909
 EELEC  =   -163526.6298  EHBOND  =         0.0000  RESTRAINT  =         0.0000
 EKCMT  =         0.0000  VIRIAL  =         0.0000  VOLUME     =    334383.7732
                                                    Density    =         1.0298
 ------------------------------------------------------------------------------

wrapping first mol.:      -75.75799        0.00000        0.00000
wrapping first mol.:      -75.75799        0.00000        0.00000
wrapping first mol.:      -75.65937        0.00000        0.00000
wrapping first mol.:      -75.65937        0.00000        0.00000
wrapping first mol.:      -75.68830        0.00000        0.00000
wrapping first mol.:      -75.68830        0.00000        0.00000
wrapping first mol.:      -75.60481        0.00000        0.00000
wrapping first mol.:      -75.60481        0.00000        0.00000
wrapping first mol.:      -75.67569        0.00000        0.00000
wrapping first mol.:      -75.67569        0.00000        0.00000

 NSTEP =  9100000   TIME(PS) =   19900.000  TEMP(K) =   299.77  PRESS =     0.0
 Etot   =   -117062.9009  EKtot   =     20491.1387  EPtot      =   -137554.0396
 BOND   =       551.0311  ANGLE   =      1528.3205  DIHED      =       995.2329
 UB     =         0.0000  IMP     =         0.0000  CMAP       =       142.2678
 1-4 NB =       645.6938  1-4 EEL =      5812.9808  VDWAALS    =     16311.8655
 EELEC  =   -163541.4321  EHBOND  =         0.0000  RESTRAINT  =         0.0000
 EKCMT  =         0.0000  VIRIAL  =         0.0000  VOLUME     =    333616.3117
                                                    Density    =         1.0322
 ------------------------------------------------------------------------------

wrapping first mol.:      -75.72250        0.00000        0.00000
wrapping first mol.:      -75.72250        0.00000        0.00000
wrapping first mol.:      -75.65678        0.00000        0.00000
wrapping first mol.:      -75.65678        0.00000        0.00000
wrapping first mol.:      -75.74091        0.00000        0.00000
wrapping first mol.:      -75.74091        0.00000        0.00000
wrapping first mol.:      -75.68947        0.00000        0.00000
wrapping first mol.:      -75.68947        0.00000        0.00000
wrapping first mol.:      -75.66352        0.00000        0.00000
wrapping first mol.:      -75.66352        0.00000        0.00000

 NSTEP =  9125000   TIME(PS) =   19950.000  TEMP(K) =   299.87  PRESS =     0.0
 Etot   =   -117249.3266  EKtot   =     20497.7090  EPtot      =   -137747.0355
 BOND   =       578.2943  ANGLE   =      1470.0753  DIHED      =       990.1155
 UB     =         0.0000  IMP     =         0.0000  CMAP       =       148.2926
 1-4 NB =       634.4509  1-4 EEL =      5795.4609  VDWAALS    =     16416.2263
 EELEC  =   -163779.9515  EHBOND  =         0.0000  RESTRAINT  =         0.0000
 EKCMT  =         0.0000  VIRIAL  =         0.0000  VOLUME     =    333455.4666
                                                    Density    =         1.0327
 ------------------------------------------------------------------------------

wrapping first mol.:      -75.75154        0.00000        0.00000
wrapping first mol.:      -75.75154        0.00000        0.00000
wrapping first mol.:      -75.72154        0.00000        0.00000
wrapping first mol.:      -75.72154        0.00000        0.00000
wrapping first mol.:      -75.76162        0.00000        0.00000
wrapping first mol.:      -75.76162        0.00000        0.00000
wrapping first mol.:      -75.73637        0.00000        0.00000
wrapping first mol.:      -75.73637        0.00000        0.00000
wrapping first mol.:      -75.81116        0.00000        0.00000
wrapping first mol.:      -75.81116        0.00000        0.00000

 NSTEP =  9150000   TIME(PS) =   20000.000  TEMP(K) =   298.91  PRESS =     0.0
 Etot   =   -117043.5748  EKtot   =     20432.2461  EPtot      =   -137475.8209
 BOND   =       556.7286  ANGLE   =      1498.0061  DIHED      =      1007.2119
 UB     =         0.0000  IMP     =         0.0000  CMAP       =       134.0876
 1-4 NB =       633.8634  1-4 EEL =      5831.0793  VDWAALS    =     16100.8954
 EELEC  =   -163237.6931  EHBOND  =         0.0000  RESTRAINT  =         0.0000
 EKCMT  =         0.0000  VIRIAL  =         0.0000  VOLUME     =    335411.1991
                                                    Density    =         1.0267
 ------------------------------------------------------------------------------

wrapping first mol.:      -75.67216        0.00000        0.00000
wrapping first mol.:      -75.67216        0.00000        0.00000
wrapping first mol.:      -75.65872        0.00000        0.00000
wrapping first mol.:      -75.65872        0.00000        0.00000
wrapping first mol.:      -75.70604        0.00000        0.00000
wrapping first mol.:      -75.70604        0.00000        0.00000
wrapping first mol.:      -75.73269        0.00000        0.00000
wrapping first mol.:      -75.73269        0.00000        0.00000
wrapping first mol.:      -75.66905        0.00000        0.00000
wrapping first mol.:      -75.66905        0.00000        0.00000

 NSTEP =  9175000   TIME(PS) =   20050.000  TEMP(K) =   299.44  PRESS =     0.0
 Etot   =   -117159.1613  EKtot   =     20468.3828  EPtot      =   -137627.5441
 BOND   =       575.0803  ANGLE   =      1516.6191  DIHED      =      1002.1655
 UB     =         0.0000  IMP     =         0.0000  CMAP       =       142.2312
 1-4 NB =       630.4852  1-4 EEL =      5877.8825  VDWAALS    =     16245.2633
 EELEC  =   -163617.2714  EHBOND  =         0.0000  RESTRAINT  =         0.0000
 EKCMT  =         0.0000  VIRIAL  =         0.0000  VOLUME     =    333528.5835
                                                    Density    =         1.0324
 ------------------------------------------------------------------------------

wrapping first mol.:      -75.71193        0.00000        0.00000
wrapping first mol.:      -75.71193        0.00000        0.00000
wrapping first mol.:      -75.79047        0.00000        0.00000
wrapping first mol.:      -75.79047        0.00000        0.00000
wrapping first mol.:      -75.74556        0.00000        0.00000
wrapping first mol.:      -75.74556        0.00000        0.00000
wrapping first mol.:      -75.66505        0.00000        0.00000
wrapping first mol.:      -75.66505        0.00000        0.00000
wrapping first mol.:      -75.59231        0.00000        0.00000
wrapping first mol.:      -75.59231        0.00000        0.00000

 NSTEP =  9200000   TIME(PS) =   20100.000  TEMP(K) =   301.68  PRESS =     0.0
 Etot   =   -117201.1709  EKtot   =     20621.6895  EPtot      =   -137822.8603
 BOND   =       560.1823  ANGLE   =      1530.8600  DIHED      =       998.7456
 UB     =         0.0000  IMP     =         0.0000  CMAP       =       144.1023
 1-4 NB =       657.5861  1-4 EEL =      5869.4036  VDWAALS    =     16457.9472
 EELEC  =   -164041.6874  EHBOND  =         0.0000  RESTRAINT  =         0.0000
 EKCMT  =         0.0000  VIRIAL  =         0.0000  VOLUME     =    332514.8594
                                                    Density    =         1.0356
 ------------------------------------------------------------------------------

wrapping first mol.:      -75.65616        0.00000        0.00000
wrapping first mol.:      -75.65616        0.00000        0.00000
wrapping first mol.:      -75.69198        0.00000        0.00000
wrapping first mol.:      -75.69198        0.00000        0.00000
wrapping first mol.:      -75.65976        0.00000        0.00000
wrapping first mol.:      -75.65976        0.00000        0.00000
wrapping first mol.:      -75.61257        0.00000        0.00000
wrapping first mol.:      -75.61257        0.00000        0.00000
wrapping first mol.:      -75.64171        0.00000        0.00000
wrapping first mol.:      -75.64171        0.00000        0.00000

 NSTEP =  9225000   TIME(PS) =   20150.000  TEMP(K) =   299.52  PRESS =     0.0
 Etot   =   -117199.6985  EKtot   =     20474.3047  EPtot      =   -137674.0032
 BOND   =       563.7991  ANGLE   =      1485.5065  DIHED      =      1009.9616
 UB     =         0.0000  IMP     =         0.0000  CMAP       =       136.2135
 1-4 NB =       643.3523  1-4 EEL =      5904.9567  VDWAALS    =     16305.5477
 EELEC  =   -163723.3406  EHBOND  =         0.0000  RESTRAINT  =         0.0000
 EKCMT  =         0.0000  VIRIAL  =         0.0000  VOLUME     =    333167.1156
                                                    Density    =         1.0336
 ------------------------------------------------------------------------------

wrapping first mol.:      -75.68509        0.00000        0.00000
wrapping first mol.:      -75.68509        0.00000        0.00000
wrapping first mol.:      -75.71096        0.00000        0.00000
wrapping first mol.:      -75.71096        0.00000        0.00000
wrapping first mol.:      -75.73184        0.00000        0.00000
wrapping first mol.:      -75.73184        0.00000        0.00000
wrapping first mol.:      -75.75163        0.00000        0.00000
wrapping first mol.:      -75.75163        0.00000        0.00000
wrapping first mol.:      -75.66124        0.00000        0.00000
wrapping first mol.:      -75.66124        0.00000        0.00000

 NSTEP =  9250000   TIME(PS) =   20200.000  TEMP(K) =   300.83  PRESS =     0.0
 Etot   =   -117168.5583  EKtot   =     20563.9785  EPtot      =   -137732.5368
 BOND   =       571.7018  ANGLE   =      1534.3437  DIHED      =      1002.4531
 UB     =         0.0000  IMP     =         0.0000  CMAP       =       122.7284
 1-4 NB =       632.0830  1-4 EEL =      5874.3790  VDWAALS    =     16540.4602
 EELEC  =   -164010.6859  EHBOND  =         0.0000  RESTRAINT  =         0.0000
 EKCMT  =         0.0000  VIRIAL  =         0.0000  VOLUME     =    333425.3070
                                                    Density    =         1.0328
 ------------------------------------------------------------------------------

wrapping first mol.:      -75.71452        0.00000        0.00000
wrapping first mol.:      -75.71452        0.00000        0.00000
wrapping first mol.:      -75.68203        0.00000        0.00000
wrapping first mol.:      -75.68203        0.00000        0.00000
wrapping first mol.:      -75.65580        0.00000        0.00000
wrapping first mol.:      -75.65580        0.00000        0.00000
wrapping first mol.:      -75.54994        0.00000        0.00000
wrapping first mol.:      -75.54994        0.00000        0.00000
wrapping first mol.:      -75.64425        0.00000        0.00000
wrapping first mol.:      -75.64425        0.00000        0.00000

 NSTEP =  9275000   TIME(PS) =   20250.000  TEMP(K) =   302.31  PRESS =     0.0
 Etot   =   -116978.2875  EKtot   =     20664.4922  EPtot      =   -137642.7797
 BOND   =       571.6155  ANGLE   =      1553.8336  DIHED      =      1002.3536
 UB     =         0.0000  IMP     =         0.0000  CMAP       =       141.2387
 1-4 NB =       643.8866  1-4 EEL =      5818.9250  VDWAALS    =     16349.7100
 EELEC  =   -163724.3427  EHBOND  =         0.0000  RESTRAINT  =         0.0000
 EKCMT  =         0.0000  VIRIAL  =         0.0000  VOLUME     =    333200.6683
                                                    Density    =         1.0335
 ------------------------------------------------------------------------------

wrapping first mol.:      -75.60264        0.00000        0.00000
wrapping first mol.:      -75.60264        0.00000        0.00000
wrapping first mol.:      -75.76385        0.00000        0.00000
wrapping first mol.:      -75.76385        0.00000        0.00000
wrapping first mol.:      -75.73895        0.00000        0.00000
wrapping first mol.:      -75.73895        0.00000        0.00000
wrapping first mol.:      -75.70125        0.00000        0.00000
wrapping first mol.:      -75.70125        0.00000        0.00000
wrapping first mol.:      -75.73773        0.00000        0.00000
wrapping first mol.:      -75.73773        0.00000        0.00000

 NSTEP =  9300000   TIME(PS) =   20300.000  TEMP(K) =   301.83  PRESS =     0.0
 Etot   =   -117169.4869  EKtot   =     20632.0605  EPtot      =   -137801.5474
 BOND   =       521.4206  ANGLE   =      1541.1543  DIHED      =       960.1556
 UB     =         0.0000  IMP     =         0.0000  CMAP       =       132.6978
 1-4 NB =       640.7683  1-4 EEL =      5889.3128  VDWAALS    =     16406.5530
 EELEC  =   -163893.6098  EHBOND  =         0.0000  RESTRAINT  =         0.0000
 EKCMT  =         0.0000  VIRIAL  =         0.0000  VOLUME     =    334437.5411
                                                    Density    =         1.0296
 ------------------------------------------------------------------------------

wrapping first mol.:      -75.72956        0.00000        0.00000
wrapping first mol.:      -75.72956        0.00000        0.00000
wrapping first mol.:      -75.72317        0.00000        0.00000
wrapping first mol.:      -75.72317        0.00000        0.00000
wrapping first mol.:      -75.61316        0.00000        0.00000
wrapping first mol.:      -75.61316        0.00000        0.00000
wrapping first mol.:      -75.70125        0.00000        0.00000
wrapping first mol.:      -75.70125        0.00000        0.00000
wrapping first mol.:      -75.61991        0.00000        0.00000
wrapping first mol.:      -75.61991        0.00000        0.00000

 NSTEP =  9325000   TIME(PS) =   20350.000  TEMP(K) =   301.04  PRESS =     0.0
 Etot   =   -116964.6294  EKtot   =     20578.3398  EPtot      =   -137542.9692
 BOND   =       551.8174  ANGLE   =      1522.5038  DIHED      =       991.9017
 UB     =         0.0000  IMP     =         0.0000  CMAP       =       136.3054
 1-4 NB =       626.8635  1-4 EEL =      5804.4993  VDWAALS    =     15901.8579
 EELEC  =   -163078.7182  EHBOND  =         0.0000  RESTRAINT  =         0.0000
 EKCMT  =         0.0000  VIRIAL  =         0.0000  VOLUME     =    332879.1847
                                                    Density    =         1.0345
 ------------------------------------------------------------------------------

wrapping first mol.:      -75.64887        0.00000        0.00000
wrapping first mol.:      -75.64887        0.00000        0.00000
wrapping first mol.:      -75.72208        0.00000        0.00000
wrapping first mol.:      -75.72208        0.00000        0.00000
wrapping first mol.:      -75.67335        0.00000        0.00000
wrapping first mol.:      -75.67335        0.00000        0.00000
wrapping first mol.:      -75.67348        0.00000        0.00000
wrapping first mol.:      -75.67348        0.00000        0.00000
wrapping first mol.:      -75.76490        0.00000        0.00000
wrapping first mol.:      -75.76490        0.00000        0.00000

 NSTEP =  9350000   TIME(PS) =   20400.000  TEMP(K) =   299.17  PRESS =     0.0
 Etot   =   -117123.2635  EKtot   =     20450.1602  EPtot      =   -137573.4236
 BOND   =       605.5884  ANGLE   =      1532.5747  DIHED      =       987.9795
 UB     =         0.0000  IMP     =         0.0000  CMAP       =       140.6898
 1-4 NB =       620.2229  1-4 EEL =      5795.8686  VDWAALS    =     16357.8622
 EELEC  =   -163614.2098  EHBOND  =         0.0000  RESTRAINT  =         0.0000
 EKCMT  =         0.0000  VIRIAL  =         0.0000  VOLUME     =    334797.5696
                                                    Density    =         1.0285
 ------------------------------------------------------------------------------

wrapping first mol.:      -75.77056        0.00000        0.00000
wrapping first mol.:      -75.77056        0.00000        0.00000
wrapping first mol.:      -75.67710        0.00000        0.00000
wrapping first mol.:      -75.67710        0.00000        0.00000
wrapping first mol.:      -75.66946        0.00000        0.00000
wrapping first mol.:      -75.66946        0.00000        0.00000
wrapping first mol.:      -75.74010        0.00000        0.00000
wrapping first mol.:      -75.74010        0.00000        0.00000
wrapping first mol.:      -75.68416        0.00000        0.00000
wrapping first mol.:      -75.68416        0.00000        0.00000

 NSTEP =  9375000   TIME(PS) =   20450.000  TEMP(K) =   298.96  PRESS =     0.0
 Etot   =   -117016.7956  EKtot   =     20436.1191  EPtot      =   -137452.9148
 BOND   =       556.9226  ANGLE   =      1576.9079  DIHED      =       993.7924
 UB     =         0.0000  IMP     =         0.0000  CMAP       =       132.6258
 1-4 NB =       626.7036  1-4 EEL =      5707.5837  VDWAALS    =     16265.6711
 EELEC  =   -163313.1219  EHBOND  =         0.0000  RESTRAINT  =         0.0000
 EKCMT  =         0.0000  VIRIAL  =         0.0000  VOLUME     =    333728.3404
                                                    Density    =         1.0318
 ------------------------------------------------------------------------------

wrapping first mol.:      -75.71957        0.00000        0.00000
wrapping first mol.:      -75.71957        0.00000        0.00000
wrapping first mol.:      -75.68619        0.00000        0.00000
wrapping first mol.:      -75.68619        0.00000        0.00000
wrapping first mol.:      -75.59644        0.00000        0.00000
wrapping first mol.:      -75.59644        0.00000        0.00000
wrapping first mol.:      -75.65129        0.00000        0.00000
wrapping first mol.:      -75.65129        0.00000        0.00000
wrapping first mol.:      -75.67882        0.00000        0.00000
wrapping first mol.:      -75.67882        0.00000        0.00000

 NSTEP =  9400000   TIME(PS) =   20500.000  TEMP(K) =   298.65  PRESS =     0.0
 Etot   =   -117064.4658  EKtot   =     20414.9316  EPtot      =   -137479.3975
 BOND   =       593.0839  ANGLE   =      1543.9998  DIHED      =       964.7351
 UB     =         0.0000  IMP     =         0.0000  CMAP       =       134.5217
 1-4 NB =       645.9289  1-4 EEL =      5777.6943  VDWAALS    =     16014.0021
 EELEC  =   -163153.3633  EHBOND  =         0.0000  RESTRAINT  =         0.0000
 EKCMT  =         0.0000  VIRIAL  =         0.0000  VOLUME     =    333657.7891
                                                    Density    =         1.0320
 ------------------------------------------------------------------------------

wrapping first mol.:      -75.75551        0.00000        0.00000
wrapping first mol.:      -75.75551        0.00000        0.00000
wrapping first mol.:      -75.69218        0.00000        0.00000
wrapping first mol.:      -75.69218        0.00000        0.00000
wrapping first mol.:      -75.53775        0.00000        0.00000
wrapping first mol.:      -75.53775        0.00000        0.00000
wrapping first mol.:      -75.64693        0.00000        0.00000
wrapping first mol.:      -75.64693        0.00000        0.00000
wrapping first mol.:      -75.69943        0.00000        0.00000
wrapping first mol.:      -75.69943        0.00000        0.00000

 NSTEP =  9425000   TIME(PS) =   20550.000  TEMP(K) =   298.89  PRESS =     0.0
 Etot   =   -117381.9706  EKtot   =     20431.0762  EPtot      =   -137813.0468
 BOND   =       583.7560  ANGLE   =      1514.9014  DIHED      =       971.2480
 UB     =         0.0000  IMP     =         0.0000  CMAP       =       135.8667
 1-4 NB =       652.7624  1-4 EEL =      5772.4617  VDWAALS    =     16432.1654
 EELEC  =   -163876.2083  EHBOND  =         0.0000  RESTRAINT  =         0.0000
 EKCMT  =         0.0000  VIRIAL  =         0.0000  VOLUME     =    333930.3551
                                                    Density    =         1.0312
 ------------------------------------------------------------------------------

wrapping first mol.:      -75.78798        0.00000        0.00000
wrapping first mol.:      -75.78798        0.00000        0.00000
wrapping first mol.:      -75.76846        0.00000        0.00000
wrapping first mol.:      -75.76846        0.00000        0.00000
wrapping first mol.:      -75.61280        0.00000        0.00000
wrapping first mol.:      -75.61280        0.00000        0.00000
wrapping first mol.:      -75.85215        0.00000        0.00000
wrapping first mol.:      -75.85215        0.00000        0.00000
wrapping first mol.:      -75.63592        0.00000        0.00000
wrapping first mol.:      -75.63592        0.00000        0.00000

 NSTEP =  9450000   TIME(PS) =   20600.000  TEMP(K) =   300.34  PRESS =     0.0
 Etot   =   -117311.1890  EKtot   =     20530.2617  EPtot      =   -137841.4507
 BOND   =       577.5139  ANGLE   =      1520.4706  DIHED      =       961.7375
 UB     =         0.0000  IMP     =         0.0000  CMAP       =       133.3511
 1-4 NB =       631.7906  1-4 EEL =      5810.0665  VDWAALS    =     16468.3069
 EELEC  =   -163944.6878  EHBOND  =         0.0000  RESTRAINT  =         0.0000
 EKCMT  =         0.0000  VIRIAL  =         0.0000  VOLUME     =    333090.6441
                                                    Density    =         1.0338
 ------------------------------------------------------------------------------

wrapping first mol.:      -75.66739        0.00000        0.00000
wrapping first mol.:      -75.66739        0.00000        0.00000
wrapping first mol.:      -75.64145        0.00000        0.00000
wrapping first mol.:      -75.64145        0.00000        0.00000
wrapping first mol.:      -75.69703        0.00000        0.00000
wrapping first mol.:      -75.69703        0.00000        0.00000
wrapping first mol.:      -75.61219        0.00000        0.00000
wrapping first mol.:      -75.61219        0.00000        0.00000
wrapping first mol.:      -75.66470        0.00000        0.00000
wrapping first mol.:      -75.66470        0.00000        0.00000

 NSTEP =  9475000   TIME(PS) =   20650.000  TEMP(K) =   298.05  PRESS =     0.0
 Etot   =   -117258.2227  EKtot   =     20373.3418  EPtot      =   -137631.5645
 BOND   =       600.7930  ANGLE   =      1481.9253  DIHED      =      1011.1455
 UB     =         0.0000  IMP     =         0.0000  CMAP       =       134.2997
 1-4 NB =       643.0607  1-4 EEL =      5819.2577  VDWAALS    =     16233.0647
 EELEC  =   -163555.1111  EHBOND  =         0.0000  RESTRAINT  =         0.0000
 EKCMT  =         0.0000  VIRIAL  =         0.0000  VOLUME     =    333470.9601
                                                    Density    =         1.0326
 ------------------------------------------------------------------------------

wrapping first mol.:      -75.61614        0.00000        0.00000
wrapping first mol.:      -75.61614        0.00000        0.00000
wrapping first mol.:      -75.72525        0.00000        0.00000
wrapping first mol.:      -75.72525        0.00000        0.00000
wrapping first mol.:      -75.64613        0.00000        0.00000
wrapping first mol.:      -75.64613        0.00000        0.00000
wrapping first mol.:      -75.56610        0.00000        0.00000
wrapping first mol.:      -75.56610        0.00000        0.00000
wrapping first mol.:      -75.67777        0.00000        0.00000
wrapping first mol.:      -75.67777        0.00000        0.00000

 NSTEP =  9500000   TIME(PS) =   20700.000  TEMP(K) =   301.37  PRESS =     0.0
 Etot   =   -117336.1984  EKtot   =     20600.2402  EPtot      =   -137936.4386
 BOND   =       555.0307  ANGLE   =      1555.9790  DIHED      =       963.2830
 UB     =         0.0000  IMP     =         0.0000  CMAP       =       136.5493
 1-4 NB =       640.0755  1-4 EEL =      5832.7726  VDWAALS    =     16641.8963
 EELEC  =   -164262.0250  EHBOND  =         0.0000  RESTRAINT  =         0.0000
 EKCMT  =         0.0000  VIRIAL  =         0.0000  VOLUME     =    333643.8529
                                                    Density    =         1.0321
 ------------------------------------------------------------------------------

wrapping first mol.:      -75.61978        0.00000        0.00000
wrapping first mol.:      -75.61978        0.00000        0.00000
wrapping first mol.:      -75.70943        0.00000        0.00000
wrapping first mol.:      -75.70943        0.00000        0.00000
wrapping first mol.:      -75.75801        0.00000        0.00000
wrapping first mol.:      -75.75801        0.00000        0.00000
wrapping first mol.:      -75.72426        0.00000        0.00000
wrapping first mol.:      -75.72426        0.00000        0.00000
wrapping first mol.:      -75.70742        0.00000        0.00000
wrapping first mol.:      -75.70742        0.00000        0.00000

 NSTEP =  9525000   TIME(PS) =   20750.000  TEMP(K) =   298.47  PRESS =     0.0
 Etot   =   -117499.3500  EKtot   =     20402.2812  EPtot      =   -137901.6313
 BOND   =       560.6556  ANGLE   =      1517.4883  DIHED      =       993.7108
 UB     =         0.0000  IMP     =         0.0000  CMAP       =       137.1272
 1-4 NB =       653.1332  1-4 EEL =      5818.7655  VDWAALS    =     16545.3791
 EELEC  =   -164127.8910  EHBOND  =         0.0000  RESTRAINT  =         0.0000
 EKCMT  =         0.0000  VIRIAL  =         0.0000  VOLUME     =    334036.2022
                                                    Density    =         1.0309
 ------------------------------------------------------------------------------

wrapping first mol.:      -75.67084        0.00000        0.00000
wrapping first mol.:      -75.67084        0.00000        0.00000
wrapping first mol.:      -75.70012        0.00000        0.00000
wrapping first mol.:      -75.70012        0.00000        0.00000
wrapping first mol.:      -75.60073        0.00000        0.00000
wrapping first mol.:      -75.60073        0.00000        0.00000
wrapping first mol.:      -75.68844        0.00000        0.00000
wrapping first mol.:      -75.68844        0.00000        0.00000
wrapping first mol.:      -75.70769        0.00000        0.00000
wrapping first mol.:      -75.70769        0.00000        0.00000

 NSTEP =  9550000   TIME(PS) =   20800.000  TEMP(K) =   299.82  PRESS =     0.0
 Etot   =   -116870.5584  EKtot   =     20494.4707  EPtot      =   -137365.0291
 BOND   =       558.1573  ANGLE   =      1541.2153  DIHED      =       987.1424
 UB     =         0.0000  IMP     =         0.0000  CMAP       =       138.6804
 1-4 NB =       636.0741  1-4 EEL =      5787.8268  VDWAALS    =     16166.8366
 EELEC  =   -163180.9618  EHBOND  =         0.0000  RESTRAINT  =         0.0000
 EKCMT  =         0.0000  VIRIAL  =         0.0000  VOLUME     =    334039.7398
                                                    Density    =         1.0309
 ------------------------------------------------------------------------------

wrapping first mol.:      -75.67449        0.00000        0.00000
wrapping first mol.:      -75.67449        0.00000        0.00000
wrapping first mol.:      -75.58223        0.00000        0.00000
wrapping first mol.:      -75.58223        0.00000        0.00000
wrapping first mol.:      -75.56145        0.00000        0.00000
wrapping first mol.:      -75.56145        0.00000        0.00000
wrapping first mol.:      -75.65374        0.00000        0.00000
wrapping first mol.:      -75.65374        0.00000        0.00000
wrapping first mol.:      -75.72023        0.00000        0.00000
wrapping first mol.:      -75.72023        0.00000        0.00000

 NSTEP =  9575000   TIME(PS) =   20850.000  TEMP(K) =   298.95  PRESS =     0.0
 Etot   =   -117020.5596  EKtot   =     20434.9824  EPtot      =   -137455.5420
 BOND   =       519.3093  ANGLE   =      1544.6573  DIHED      =       980.2687
 UB     =         0.0000  IMP     =         0.0000  CMAP       =       132.4275
 1-4 NB =       643.8085  1-4 EEL =      5806.6222  VDWAALS    =     16411.6603
 EELEC  =   -163494.2959  EHBOND  =         0.0000  RESTRAINT  =         0.0000
 EKCMT  =         0.0000  VIRIAL  =         0.0000  VOLUME     =    334205.7180
                                                    Density    =         1.0304
 ------------------------------------------------------------------------------

wrapping first mol.:      -75.73010        0.00000        0.00000
wrapping first mol.:      -75.73010        0.00000        0.00000
wrapping first mol.:      -75.70078        0.00000        0.00000
wrapping first mol.:      -75.70078        0.00000        0.00000
wrapping first mol.:      -75.64573        0.00000        0.00000
wrapping first mol.:      -75.64573        0.00000        0.00000
wrapping first mol.:      -75.69716        0.00000        0.00000
wrapping first mol.:      -75.69716        0.00000        0.00000
wrapping first mol.:      -75.68968        0.00000        0.00000
wrapping first mol.:      -75.68968        0.00000        0.00000

 NSTEP =  9600000   TIME(PS) =   20900.000  TEMP(K) =   304.02  PRESS =     0.0
 Etot   =   -116867.2154  EKtot   =     20781.5547  EPtot      =   -137648.7701
 BOND   =       546.9522  ANGLE   =      1522.4804  DIHED      =       982.5432
 UB     =         0.0000  IMP     =         0.0000  CMAP       =       135.2310
 1-4 NB =       647.2130  1-4 EEL =      5815.3758  VDWAALS    =     16435.4706
 EELEC  =   -163734.0363  EHBOND  =         0.0000  RESTRAINT  =         0.0000
 EKCMT  =         0.0000  VIRIAL  =         0.0000  VOLUME     =    333801.3764
                                                    Density    =         1.0316
 ------------------------------------------------------------------------------

wrapping first mol.:      -75.68435        0.00000        0.00000
wrapping first mol.:      -75.68435        0.00000        0.00000
wrapping first mol.:      -75.63248        0.00000        0.00000
wrapping first mol.:      -75.63248        0.00000        0.00000
wrapping first mol.:      -75.66201        0.00000        0.00000
wrapping first mol.:      -75.66201        0.00000        0.00000
wrapping first mol.:      -75.69889        0.00000        0.00000
wrapping first mol.:      -75.69889        0.00000        0.00000
wrapping first mol.:      -75.74056        0.00000        0.00000
wrapping first mol.:      -75.74056        0.00000        0.00000

 NSTEP =  9625000   TIME(PS) =   20950.000  TEMP(K) =   300.95  PRESS =     0.0
 Etot   =   -117141.3914  EKtot   =     20571.6406  EPtot      =   -137713.0320
 BOND   =       587.8565  ANGLE   =      1564.6520  DIHED      =       963.4921
 UB     =         0.0000  IMP     =         0.0000  CMAP       =       132.6779
 1-4 NB =       634.5825  1-4 EEL =      5808.7875  VDWAALS    =     16414.4782
 EELEC  =   -163819.5587  EHBOND  =         0.0000  RESTRAINT  =         0.0000
 EKCMT  =         0.0000  VIRIAL  =         0.0000  VOLUME     =    334474.9495
                                                    Density    =         1.0295
 ------------------------------------------------------------------------------

wrapping first mol.:      -75.71793        0.00000        0.00000
wrapping first mol.:      -75.71793        0.00000        0.00000
wrapping first mol.:      -75.72655        0.00000        0.00000
wrapping first mol.:      -75.72655        0.00000        0.00000
wrapping first mol.:      -75.64225        0.00000        0.00000
wrapping first mol.:      -75.64225        0.00000        0.00000
wrapping first mol.:      -75.75022        0.00000        0.00000
wrapping first mol.:      -75.75022        0.00000        0.00000
wrapping first mol.:      -75.66980        0.00000        0.00000
wrapping first mol.:      -75.66980        0.00000        0.00000

 NSTEP =  9650000   TIME(PS) =   21000.000  TEMP(K) =   298.82  PRESS =     0.0
 Etot   =   -117172.8962  EKtot   =     20426.3691  EPtot      =   -137599.2654
 BOND   =       556.1624  ANGLE   =      1553.6030  DIHED      =       976.2589
 UB     =         0.0000  IMP     =         0.0000  CMAP       =       139.2859
 1-4 NB =       622.2984  1-4 EEL =      5733.5158  VDWAALS    =     16400.1403
 EELEC  =   -163580.5301  EHBOND  =         0.0000  RESTRAINT  =         0.0000
 EKCMT  =         0.0000  VIRIAL  =         0.0000  VOLUME     =    333538.4280
                                                    Density    =         1.0324
 ------------------------------------------------------------------------------

wrapping first mol.:      -75.69772        0.00000        0.00000
wrapping first mol.:      -75.69772        0.00000        0.00000
wrapping first mol.:      -75.75085        0.00000        0.00000
wrapping first mol.:      -75.75085        0.00000        0.00000
wrapping first mol.:      -75.74681        0.00000        0.00000
wrapping first mol.:      -75.74681        0.00000        0.00000
wrapping first mol.:      -75.76889        0.00000        0.00000
wrapping first mol.:      -75.76889        0.00000        0.00000
wrapping first mol.:      -75.68906        0.00000        0.00000
wrapping first mol.:      -75.68906        0.00000        0.00000

 NSTEP =  9675000   TIME(PS) =   21050.000  TEMP(K) =   300.28  PRESS =     0.0
 Etot   =   -117255.9163  EKtot   =     20526.3184  EPtot      =   -137782.2346
 BOND   =       562.4133  ANGLE   =      1482.8892  DIHED      =       997.6119
 UB     =         0.0000  IMP     =         0.0000  CMAP       =       132.0699
 1-4 NB =       640.0788  1-4 EEL =      5831.6315  VDWAALS    =     16361.2257
 EELEC  =   -163790.1550  EHBOND  =         0.0000  RESTRAINT  =         0.0000
 EKCMT  =         0.0000  VIRIAL  =         0.0000  VOLUME     =    333793.1489
                                                    Density    =         1.0316
 ------------------------------------------------------------------------------

wrapping first mol.:      -75.65532        0.00000        0.00000
wrapping first mol.:      -75.65532        0.00000        0.00000
wrapping first mol.:      -75.72075        0.00000        0.00000
wrapping first mol.:      -75.72075        0.00000        0.00000
wrapping first mol.:      -75.72629        0.00000        0.00000
wrapping first mol.:      -75.72629        0.00000        0.00000
wrapping first mol.:      -75.58073        0.00000        0.00000
wrapping first mol.:      -75.58073        0.00000        0.00000
wrapping first mol.:      -75.69252        0.00000        0.00000
wrapping first mol.:      -75.69252        0.00000        0.00000

 NSTEP =  9700000   TIME(PS) =   21100.000  TEMP(K) =   298.72  PRESS =     0.0
 Etot   =   -117188.5355  EKtot   =     20419.5859  EPtot      =   -137608.1214
 BOND   =       564.7244  ANGLE   =      1528.1271  DIHED      =       984.9234
 UB     =         0.0000  IMP     =         0.0000  CMAP       =       136.3373
 1-4 NB =       610.6704  1-4 EEL =      5820.2772  VDWAALS    =     16413.9983
 EELEC  =   -163667.1796  EHBOND  =         0.0000  RESTRAINT  =         0.0000
 EKCMT  =         0.0000  VIRIAL  =         0.0000  VOLUME     =    333838.9798
                                                    Density    =         1.0315
 ------------------------------------------------------------------------------

wrapping first mol.:      -75.79166        0.00000        0.00000
wrapping first mol.:      -75.79166        0.00000        0.00000
wrapping first mol.:      -75.65920        0.00000        0.00000
wrapping first mol.:      -75.65920        0.00000        0.00000
wrapping first mol.:      -75.53575        0.00000        0.00000
wrapping first mol.:      -75.53575        0.00000        0.00000
wrapping first mol.:      -75.67797        0.00000        0.00000
wrapping first mol.:      -75.67797        0.00000        0.00000
wrapping first mol.:      -75.78194        0.00000        0.00000
wrapping first mol.:      -75.78194        0.00000        0.00000

 NSTEP =  9725000   TIME(PS) =   21150.000  TEMP(K) =   299.38  PRESS =     0.0
 Etot   =   -116988.1693  EKtot   =     20464.2246  EPtot      =   -137452.3939
 BOND   =       568.9634  ANGLE   =      1483.5861  DIHED      =       976.9807
 UB     =         0.0000  IMP     =         0.0000  CMAP       =       137.0145
 1-4 NB =       648.9536  1-4 EEL =      5792.6428  VDWAALS    =     16304.2375
 EELEC  =   -163364.7724  EHBOND  =         0.0000  RESTRAINT  =         0.0000
 EKCMT  =         0.0000  VIRIAL  =         0.0000  VOLUME     =    335023.4690
                                                    Density    =         1.0278
 ------------------------------------------------------------------------------

wrapping first mol.:      -75.72760        0.00000        0.00000
wrapping first mol.:      -75.72760        0.00000        0.00000
wrapping first mol.:      -75.69708        0.00000        0.00000
wrapping first mol.:      -75.69708        0.00000        0.00000
wrapping first mol.:      -75.64983        0.00000        0.00000
wrapping first mol.:      -75.64983        0.00000        0.00000
wrapping first mol.:      -75.61642        0.00000        0.00000
wrapping first mol.:      -75.61642        0.00000        0.00000
wrapping first mol.:      -75.64182        0.00000        0.00000
wrapping first mol.:      -75.64182        0.00000        0.00000

 NSTEP =  9750000   TIME(PS) =   21200.000  TEMP(K) =   299.02  PRESS =     0.0
 Etot   =   -117419.4199  EKtot   =     20440.2559  EPtot      =   -137859.6758
 BOND   =       583.8666  ANGLE   =      1511.2633  DIHED      =       967.3024
 UB     =         0.0000  IMP     =         0.0000  CMAP       =       144.5899
 1-4 NB =       638.5793  1-4 EEL =      5741.3624  VDWAALS    =     16652.9875
 EELEC  =   -164099.6272  EHBOND  =         0.0000  RESTRAINT  =         0.0000
 EKCMT  =         0.0000  VIRIAL  =         0.0000  VOLUME     =    333168.6118
                                                    Density    =         1.0336
 ------------------------------------------------------------------------------

wrapping first mol.:      -75.69269        0.00000        0.00000
wrapping first mol.:      -75.69269        0.00000        0.00000
wrapping first mol.:      -75.60647        0.00000        0.00000
wrapping first mol.:      -75.60647        0.00000        0.00000
wrapping first mol.:      -75.65991        0.00000        0.00000
wrapping first mol.:      -75.65991        0.00000        0.00000
wrapping first mol.:      -75.70259        0.00000        0.00000
wrapping first mol.:      -75.70259        0.00000        0.00000
wrapping first mol.:      -75.79350        0.00000        0.00000
wrapping first mol.:      -75.79350        0.00000        0.00000

 NSTEP =  9775000   TIME(PS) =   21250.000  TEMP(K) =   299.74  PRESS =     0.0
 Etot   =   -117297.5204  EKtot   =     20488.9023  EPtot      =   -137786.4228
 BOND   =       561.5180  ANGLE   =      1532.7795  DIHED      =       983.1007
 UB     =         0.0000  IMP     =         0.0000  CMAP       =       136.3287
 1-4 NB =       628.8712  1-4 EEL =      5816.9382  VDWAALS    =     16520.7784
 EELEC  =   -163966.7375  EHBOND  =         0.0000  RESTRAINT  =         0.0000
 EKCMT  =         0.0000  VIRIAL  =         0.0000  VOLUME     =    335176.8851
                                                    Density    =         1.0274
 ------------------------------------------------------------------------------

wrapping first mol.:      -75.64055        0.00000        0.00000
wrapping first mol.:      -75.64055        0.00000        0.00000
wrapping first mol.:      -75.65822        0.00000        0.00000
wrapping first mol.:      -75.65822        0.00000        0.00000
wrapping first mol.:      -75.68389        0.00000        0.00000
wrapping first mol.:      -75.68389        0.00000        0.00000
wrapping first mol.:      -75.66061        0.00000        0.00000
wrapping first mol.:      -75.66061        0.00000        0.00000
wrapping first mol.:      -75.70757        0.00000        0.00000
wrapping first mol.:      -75.70757        0.00000        0.00000

 NSTEP =  9800000   TIME(PS) =   21300.000  TEMP(K) =   298.28  PRESS =     0.0
 Etot   =   -116950.3647  EKtot   =     20389.0742  EPtot      =   -137339.4389
 BOND   =       564.4085  ANGLE   =      1461.1333  DIHED      =       981.0227
 UB     =         0.0000  IMP     =         0.0000  CMAP       =       132.0238
 1-4 NB =       645.0713  1-4 EEL =      5843.2807  VDWAALS    =     15923.7300
 EELEC  =   -162890.1093  EHBOND  =         0.0000  RESTRAINT  =         0.0000
 EKCMT  =         0.0000  VIRIAL  =         0.0000  VOLUME     =    334038.1984
                                                    Density    =         1.0309
 ------------------------------------------------------------------------------

wrapping first mol.:      -75.70010        0.00000        0.00000
wrapping first mol.:      -75.70010        0.00000        0.00000
wrapping first mol.:      -75.58345        0.00000        0.00000
wrapping first mol.:      -75.58345        0.00000        0.00000
wrapping first mol.:      -75.65735        0.00000        0.00000
wrapping first mol.:      -75.65735        0.00000        0.00000
wrapping first mol.:      -75.71638        0.00000        0.00000
wrapping first mol.:      -75.71638        0.00000        0.00000
wrapping first mol.:      -75.81343        0.00000        0.00000
wrapping first mol.:      -75.81343        0.00000        0.00000

 NSTEP =  9825000   TIME(PS) =   21350.000  TEMP(K) =   301.77  PRESS =     0.0
 Etot   =   -116934.5344  EKtot   =     20627.8516  EPtot      =   -137562.3859
 BOND   =       569.9734  ANGLE   =      1501.2508  DIHED      =       981.2891
 UB     =         0.0000  IMP     =         0.0000  CMAP       =       129.4480
 1-4 NB =       650.4332  1-4 EEL =      5815.8885  VDWAALS    =     16406.8465
 EELEC  =   -163617.5154  EHBOND  =         0.0000  RESTRAINT  =         0.0000
 EKCMT  =         0.0000  VIRIAL  =         0.0000  VOLUME     =    335441.3751
                                                    Density    =         1.0266
 ------------------------------------------------------------------------------

wrapping first mol.:      -75.76260        0.00000        0.00000
wrapping first mol.:      -75.76260        0.00000        0.00000
wrapping first mol.:      -75.66262        0.00000        0.00000
wrapping first mol.:      -75.66262        0.00000        0.00000
wrapping first mol.:      -75.70657        0.00000        0.00000
wrapping first mol.:      -75.70657        0.00000        0.00000
wrapping first mol.:      -75.63724        0.00000        0.00000
wrapping first mol.:      -75.63724        0.00000        0.00000
wrapping first mol.:      -75.68240        0.00000        0.00000
wrapping first mol.:      -75.68240        0.00000        0.00000

 NSTEP =  9850000   TIME(PS) =   21400.000  TEMP(K) =   300.49  PRESS =     0.0
 Etot   =   -116893.6562  EKtot   =     20540.3457  EPtot      =   -137434.0019
 BOND   =       567.7045  ANGLE   =      1519.7334  DIHED      =       955.7444
 UB     =         0.0000  IMP     =         0.0000  CMAP       =       130.9293
 1-4 NB =       630.6772  1-4 EEL =      5825.9813  VDWAALS    =     16158.3945
 EELEC  =   -163223.1665  EHBOND  =         0.0000  RESTRAINT  =         0.0000
 EKCMT  =         0.0000  VIRIAL  =         0.0000  VOLUME     =    333705.0229
                                                    Density    =         1.0319
 ------------------------------------------------------------------------------

wrapping first mol.:      -75.64446        0.00000        0.00000
wrapping first mol.:      -75.64446        0.00000        0.00000
wrapping first mol.:      -75.76499        0.00000        0.00000
wrapping first mol.:      -75.76499        0.00000        0.00000
wrapping first mol.:      -75.69519        0.00000        0.00000
wrapping first mol.:      -75.69519        0.00000        0.00000
wrapping first mol.:      -75.72152        0.00000        0.00000
wrapping first mol.:      -75.72152        0.00000        0.00000
wrapping first mol.:      -75.61694        0.00000        0.00000
wrapping first mol.:      -75.61694        0.00000        0.00000

 NSTEP =  9875000   TIME(PS) =   21450.000  TEMP(K) =   301.35  PRESS =     0.0
 Etot   =   -116989.6948  EKtot   =     20599.2051  EPtot      =   -137588.8999
 BOND   =       566.5333  ANGLE   =      1531.7502  DIHED      =       975.9472
 UB     =         0.0000  IMP     =         0.0000  CMAP       =       132.0710
 1-4 NB =       634.7833  1-4 EEL =      5824.5532  VDWAALS    =     15968.6473
 EELEC  =   -163223.1853  EHBOND  =         0.0000  RESTRAINT  =         0.0000
 EKCMT  =         0.0000  VIRIAL  =         0.0000  VOLUME     =    332839.9140
                                                    Density    =         1.0346
 ------------------------------------------------------------------------------

wrapping first mol.:      -75.57920        0.00000        0.00000
wrapping first mol.:      -75.57920        0.00000        0.00000
wrapping first mol.:      -75.66845        0.00000        0.00000
wrapping first mol.:      -75.66845        0.00000        0.00000
wrapping first mol.:      -75.64118        0.00000        0.00000
wrapping first mol.:      -75.64118        0.00000        0.00000
wrapping first mol.:      -75.64923        0.00000        0.00000
wrapping first mol.:      -75.64923        0.00000        0.00000
wrapping first mol.:      -75.74021        0.00000        0.00000
wrapping first mol.:      -75.74021        0.00000        0.00000

 NSTEP =  9900000   TIME(PS) =   21500.000  TEMP(K) =   300.08  PRESS =     0.0
 Etot   =   -116920.2333  EKtot   =     20512.1426  EPtot      =   -137432.3759
 BOND   =       552.6100  ANGLE   =      1498.5101  DIHED      =       977.1720
 UB     =         0.0000  IMP     =         0.0000  CMAP       =       133.0360
 1-4 NB =       654.9604  1-4 EEL =      5840.0642  VDWAALS    =     15895.1575
 EELEC  =   -162983.8861  EHBOND  =         0.0000  RESTRAINT  =         0.0000
 EKCMT  =         0.0000  VIRIAL  =         0.0000  VOLUME     =    334470.3500
                                                    Density    =         1.0295
 ------------------------------------------------------------------------------

wrapping first mol.:      -75.67688        0.00000        0.00000
wrapping first mol.:      -75.67688        0.00000        0.00000
wrapping first mol.:      -75.58849        0.00000        0.00000
wrapping first mol.:      -75.58849        0.00000        0.00000
wrapping first mol.:      -75.62901        0.00000        0.00000
wrapping first mol.:      -75.62901        0.00000        0.00000
wrapping first mol.:      -75.73818        0.00000        0.00000
wrapping first mol.:      -75.73818        0.00000        0.00000
wrapping first mol.:      -75.81812        0.00000        0.00000
wrapping first mol.:      -75.81812        0.00000        0.00000

 NSTEP =  9925000   TIME(PS) =   21550.000  TEMP(K) =   299.63  PRESS =     0.0
 Etot   =   -117434.1851  EKtot   =     20481.6055  EPtot      =   -137915.7906
 BOND   =       575.8379  ANGLE   =      1521.0443  DIHED      =       951.0211
 UB     =         0.0000  IMP     =         0.0000  CMAP       =       132.5409
 1-4 NB =       625.0579  1-4 EEL =      5766.8023  VDWAALS    =     16604.7177
 EELEC  =   -164092.8126  EHBOND  =         0.0000  RESTRAINT  =         0.0000
 EKCMT  =         0.0000  VIRIAL  =         0.0000  VOLUME     =    335503.5621
                                                    Density    =         1.0264
 ------------------------------------------------------------------------------

wrapping first mol.:      -75.81455        0.00000        0.00000
wrapping first mol.:      -75.81455        0.00000        0.00000
wrapping first mol.:      -75.68506        0.00000        0.00000
wrapping first mol.:      -75.68506        0.00000        0.00000
wrapping first mol.:      -75.65247        0.00000        0.00000
wrapping first mol.:      -75.65247        0.00000        0.00000
wrapping first mol.:      -75.54024        0.00000        0.00000
wrapping first mol.:      -75.54024        0.00000        0.00000
wrapping first mol.:      -75.60239        0.00000        0.00000
wrapping first mol.:      -75.60239        0.00000        0.00000

 NSTEP =  9950000   TIME(PS) =   21600.000  TEMP(K) =   300.32  PRESS =     0.0
 Etot   =   -117495.8753  EKtot   =     20528.4863  EPtot      =   -138024.3616
 BOND   =       550.8643  ANGLE   =      1519.4182  DIHED      =       989.0042
 UB     =         0.0000  IMP     =         0.0000  CMAP       =       145.7614
 1-4 NB =       635.6219  1-4 EEL =      5825.3016  VDWAALS    =     16733.4602
 EELEC  =   -164423.7934  EHBOND  =         0.0000  RESTRAINT  =         0.0000
 EKCMT  =         0.0000  VIRIAL  =         0.0000  VOLUME     =    332647.8757
                                                    Density    =         1.0352
 ------------------------------------------------------------------------------

wrapping first mol.:      -75.62009        0.00000        0.00000
wrapping first mol.:      -75.62009        0.00000        0.00000
wrapping first mol.:      -75.54724        0.00000        0.00000
wrapping first mol.:      -75.54724        0.00000        0.00000
wrapping first mol.:      -75.64096        0.00000        0.00000
wrapping first mol.:      -75.64096        0.00000        0.00000
wrapping first mol.:      -75.71007        0.00000        0.00000
wrapping first mol.:      -75.71007        0.00000        0.00000
wrapping first mol.:      -75.67748        0.00000        0.00000
wrapping first mol.:      -75.67748        0.00000        0.00000

 NSTEP =  9975000   TIME(PS) =   21650.000  TEMP(K) =   299.64  PRESS =     0.0
 Etot   =   -117285.0380  EKtot   =     20482.1465  EPtot      =   -137767.1844
 BOND   =       561.6197  ANGLE   =      1538.5133  DIHED      =       990.7587
 UB     =         0.0000  IMP     =         0.0000  CMAP       =       121.8743
 1-4 NB =       652.2166  1-4 EEL =      5785.5865  VDWAALS    =     16319.4495
 EELEC  =   -163737.2030  EHBOND  =         0.0000  RESTRAINT  =         0.0000
 EKCMT  =         0.0000  VIRIAL  =         0.0000  VOLUME     =    333640.0643
                                                    Density    =         1.0321
 ------------------------------------------------------------------------------

wrapping first mol.:      -75.63283        0.00000        0.00000
wrapping first mol.:      -75.63283        0.00000        0.00000
wrapping first mol.:      -75.70470        0.00000        0.00000
wrapping first mol.:      -75.70470        0.00000        0.00000
wrapping first mol.:      -75.62300        0.00000        0.00000
wrapping first mol.:      -75.62300        0.00000        0.00000
wrapping first mol.:      -75.69304        0.00000        0.00000
wrapping first mol.:      -75.69304        0.00000        0.00000
wrapping first mol.:      -75.73876        0.00000        0.00000
wrapping first mol.:      -75.73876        0.00000        0.00000

 NSTEP = 10000000   TIME(PS) =   21700.000  TEMP(K) =   299.36  PRESS =     0.0
 Etot   =   -117141.4468  EKtot   =     20462.9473  EPtot      =   -137604.3941
 BOND   =       573.1091  ANGLE   =      1468.8156  DIHED      =       996.8526
 UB     =         0.0000  IMP     =         0.0000  CMAP       =       139.3221
 1-4 NB =       640.6221  1-4 EEL =      5779.3195  VDWAALS    =     16499.5493
 EELEC  =   -163701.9844  EHBOND  =         0.0000  RESTRAINT  =         0.0000
 EKCMT  =         0.0000  VIRIAL  =         0.0000  VOLUME     =    334451.2152
                                                    Density    =         1.0296
 ------------------------------------------------------------------------------


      A V E R A G E S   O V E R     400 S T E P S


 NSTEP = 10000000   TIME(PS) =   21700.000  TEMP(K) =   299.95  PRESS =     0.0
 Etot   =   -117124.1416  EKtot   =     20503.5347  EPtot      =   -137627.6764
 BOND   =       562.3902  ANGLE   =      1527.3403  DIHED      =       985.2820
 UB     =         0.0000  IMP     =         0.0000  CMAP       =       138.1836
 1-4 NB =       637.0842  1-4 EEL =      5819.5273  VDWAALS    =     16404.3248
 EELEC  =   -163701.8088  EHBOND  =         0.0000  RESTRAINT  =         0.0000
 EKCMT  =         0.0000  VIRIAL  =         0.0000  VOLUME     =    333815.0358
                                                    Density    =         1.0316
 ------------------------------------------------------------------------------


      R M S  F L U C T U A T I O N S


 NSTEP = 10000000   TIME(PS) =   21700.000  TEMP(K) =     1.55  PRESS =     0.0
 Etot   =       191.9347  EKtot   =       105.9732  EPtot      =       164.4579
 BOND   =        20.3731  ANGLE   =        28.2189  DIHED      =        15.9221
 UB     =         0.0000  IMP     =         0.0000  CMAP       =         7.2620
 1-4 NB =        10.1191  1-4 EEL =        43.1750  VDWAALS    =       189.4528
 EELEC  =       286.7809  EHBOND  =         0.0000  RESTRAINT  =         0.0000
 EKCMT  =         0.0000  VIRIAL  =         0.0000  VOLUME     =       763.7636
                                                    Density    =         0.0024
 ------------------------------------------------------------------------------

| MC Barostat:     100000 volume changes attempted.
| MC Barostat:      32678 changes successful ( 32.68%)
 ------------------------------------------------------------------------------

--------------------------------------------------------------------------------
   5.  TIMINGS
--------------------------------------------------------------------------------

|  NonSetup CPU Time in Major Routines:
|
|     Routine           Sec        %
|     ------------------------------
|     Nonbond         512.19   13.17
|     Bond              0.00    0.00
|     Angle             0.00    0.00
|     Dihedral          0.00    0.00
|     Shake            47.84    1.23
|     RunMD          3237.99   83.23
|     Other            92.35    2.37
|     ------------------------------
|     Total          3890.38

|  PME Nonbond Pairlist CPU Time:
|
|     Routine              Sec        %
|     ---------------------------------
|     Set Up Cit           0.00    0.00
|     Build List           0.00    0.00
|     ---------------------------------
|     Total                0.00    0.00

|  PME Direct Force CPU Time:
|
|     Routine              Sec        %
|     ---------------------------------
|     NonBonded Calc       0.00    0.00
|     Exclude Masked       0.00    0.00
|     Other               15.31    0.39
|     ---------------------------------
|     Total               15.31    0.39

|  PME Reciprocal Force CPU Time:
|
|     Routine              Sec        %
|     ---------------------------------
|     1D bspline           0.00    0.00
|     Grid Charges         0.00    0.00
|     Scalar Sum           0.00    0.00
|     Gradient Sum         0.00    0.00
|     FFT                  0.00    0.00
|     ---------------------------------
|     Total                0.00    0.00

|  Final Performance Info:
|     -----------------------------------------------------
|     Average timings for last   25000 steps:
|     Elapsed(s) =       9.77 Per Step(ms) =       0.39
|         ns/day =     442.35   seconds/ns =     195.32
|
|     Average timings for all steps:
|     Elapsed(s) =    3911.69 Per Step(ms) =       0.39
|         ns/day =     441.75   seconds/ns =     195.58
|     -----------------------------------------------------

|  Setup CPU time:            0.54 seconds
|  NonSetup CPU time:      3890.38 seconds
|  Total CPU time:         3890.92 seconds     1.08 hours

|  Setup wall time:           1    seconds
|  NonSetup wall time:     3912    seconds
|  Total wall time:        3913    seconds     1.09 hours
