#Frame            l2o
       1      37.9429
       2      37.7830
       3      38.0387
       4      38.0148
       5      37.6605
       6      37.7516
       7      38.2936
       8      37.9241
       9      38.2809
      10      38.1996
      11      38.2126
      12      38.1902
      13      38.0207
      14      38.0822
      15      37.7040
      16      37.6869
      17      37.9572
      18      37.6906
      19      37.8825
      20      37.9890
      21      37.9499
      22      38.0301
      23      37.7921
      24      37.3896
      25      37.6452
      26      37.6360
      27      37.9929
      28      38.1238
      29      38.1369
      30      37.7415
      31      37.5884
      32      37.3813
      33      37.7755
      34      37.7202
      35      38.0531
      36      38.1164
      37      38.0158
      38      37.4536
      39      37.7024
      40      37.7110
      41      37.6802
      42      37.7969
      43      37.6358
      44      38.1259
      45      37.9919
      46      38.4749
      47      37.7740
      48      37.6316
      49      37.6278
      50      37.6825
      51      38.0740
      52      37.9417
      53      38.0004
      54      37.8578
      55      37.6517
      56      37.8849
      57      37.9255
      58      37.8185
      59      37.5824
      60      37.4865
      61      37.9446
      62      37.6007
      63      37.5090
      64      37.8523
      65      37.8631
      66      37.5872
      67      37.8065
      68      37.7924
      69      37.7581
      70      37.6479
      71      37.7583
      72      37.9186
      73      37.5290
      74      37.5432
      75      37.5004
      76      38.1682
      77      38.0484
      78      38.2748
      79      37.6002
      80      37.6178
      81      37.6398
      82      37.3347
      83      37.4773
      84      37.6086
      85      37.5892
      86      37.4174
      87      37.3492
      88      37.3067
      89      37.1551
      90      37.0743
      91      37.0454
      92      36.8847
      93      37.7313
      94      37.3587
      95      37.2813
      96      37.4173
      97      37.3937
      98      37.1237
      99      37.3790
     100      37.5355
     101      37.6279
     102      37.8383
     103      37.8753
     104      37.8882
     105      37.7044
     106      37.7034
     107      37.7720
     108      37.7493
     109      37.6287
     110      37.7858
     111      37.9487
     112      37.8209
     113      38.3845
     114      38.3416
     115      38.0122
     116      38.2625
     117      37.6738
     118      37.9510
     119      37.7777
     120      37.9796
     121      37.5613
     122      37.6197
     123      37.6534
     124      37.3853
     125      37.5174
     126      37.7081
     127      37.8239
     128      37.4926
     129      37.3145
     130      37.5066
     131      37.3546
     132      37.9077
     133      37.6802
     134      37.5269
     135      37.5927
     136      37.9237
     137      37.5604
     138      37.6894
     139      37.0031
     140      37.2592
     141      37.0917
     142      37.4003
     143      37.3520
     144      37.1225
     145      37.2797
     146      36.8368
     147      37.1966
     148      36.8999
     149      36.8777
     150      37.1092
     151      37.0168
     152      37.0565
     153      37.0099
     154      37.2619
     155      36.9649
     156      37.0260
     157      36.8742
     158      37.0501
     159      37.0976
     160      37.2676
     161      37.6350
     162      37.5888
     163      38.0126
     164      38.0046
     165      37.9090
     166      37.8066
     167      37.9261
     168      38.3155
     169      38.0597
     170      37.8909
     171      37.9134
     172      38.4738
     173      38.5822
     174      38.6748
     175      38.3781
     176      38.5843
     177      38.4591
     178      38.4757
     179      38.3731
     180      37.8896
     181      37.8791
     182      37.5401
     183      38.0691
     184      37.8125
     185      38.3751
     186      38.7014
     187      38.1436
     188      38.3280
     189      38.0033
     190      38.2496
     191      38.2695
     192      37.5983
     193      38.0498
     194      38.2940
     195      38.2758
     196      38.2814
     197      38.1699
     198      37.9460
     199      38.2001
     200      38.7032
     201      38.5075
     202      38.6639
     203      38.2005
     204      38.2109
     205      38.4784
     206      38.3745
     207      38.4521
     208      38.3965
     209      38.2112
     210      38.7421
     211      38.9721
     212      38.7216
     213      38.8213
     214      38.8878
     215      38.7982
     216      39.0316
     217      38.7435
     218      39.1817
     219      39.1712
     220      38.6356
     221      39.0185
     222      39.2383
     223      39.0108
     224      39.3674
     225      38.8811
     226      38.9402
     227      38.7436
     228      38.6206
     229      38.6195
     230      39.0131
     231      38.8882
     232      38.6373
     233      38.7692
     234      38.7887
     235      38.7889
     236      38.7168
     237      38.3144
     238      38.7365
     239      39.0217
     240      38.3172
     241      38.9035
     242      39.2030
     243      38.6481
     244      39.0697
     245      38.8027
     246      39.1493
     247      38.4627
     248      38.5772
     249      38.8160
     250      38.2521
     251      39.2418
     252      39.0415
     253      38.4814
     254      38.9307
     255      39.2110
     256      39.0355
     257      38.4034
     258      38.5776
     259      37.9964
     260      38.4676
     261      38.6165
     262      38.7334
     263      38.6871
     264      38.7755
     265      38.9062
     266      38.7295
     267      38.6161
     268      38.1864
     269      38.0149
     270      38.9294
     271      38.4929
     272      38.8422
     273      38.9284
     274      38.7323
     275      38.8564
     276      38.5525
     277      39.0955
     278      39.3152
     279      39.6436
     280      39.2065
     281      39.5991
     282      39.4231
     283      39.5792
     284      39.5511
     285      39.5218
     286      39.3534
     287      39.2784
     288      39.1476
     289      38.8920
     290      38.6645
     291      39.1922
     292      39.3567
     293      39.5261
     294      39.0560
     295      39.2208
     296      38.9960
     297      39.2070
     298      39.3134
     299      39.1776
     300      39.0063
     301      39.1907
     302      38.7576
     303      38.7813
     304      38.5525
     305      38.6644
     306      39.1618
     307      38.8411
     308      38.8019
     309      39.0194
     310      39.0532
     311      39.5187
     312      38.8510
     313      38.4890
     314      38.9627
     315      38.4423
     316      38.3679
     317      38.7997
     318      39.1276
     319      38.6928
     320      38.8387
     321      39.4245
     322      39.3201
     323      39.3167
     324      38.8181
     325      38.7961
     326      38.7949
     327      38.7416
     328      38.7583
     329      38.8783
     330      38.6986
     331      38.9020
     332      38.6889
     333      38.9980
     334      38.9812
     335      38.9981
     336      38.8276
     337      38.4852
     338      38.8773
     339      38.9154
     340      39.3254
     341      38.8378
     342      39.1225
     343      39.2729
     344      39.0412
     345      39.0781
     346      38.8821
     347      39.2174
     348      38.7873
     349      38.7256
     350      38.8935
     351      38.8111
     352      39.0478
     353      38.8020
     354      38.6664
     355      39.2572
     356      39.6043
     357      39.3192
     358      39.3680
     359      39.8919
     360      39.5964
     361      39.0743
     362      38.8168
     363      39.3398
     364      39.4896
     365      39.0335
     366      39.3355
     367      39.0369
     368      39.6424
     369      39.2165
     370      39.0071
     371      39.5259
     372      39.4034
     373      39.4361
     374      39.4163
     375      39.0878
     376      39.1404
     377      39.3362
     378      39.4845
     379      39.0801
     380      39.2294
     381      39.2109
     382      39.1544
     383      39.4154
     384      39.0165
     385      39.1600
     386      39.4826
     387      38.7313
     388      38.8833
     389      38.7902
     390      39.1195
     391      39.0753
     392      39.1701
     393      39.3854
     394      39.1861
     395      38.9905
     396      38.7360
     397      39.0067
     398      38.7367
     399      38.7127
     400      39.1034
     401      38.5439
     402      38.9279
     403      38.9300
     404      38.8574
     405      39.0251
     406      38.5886
     407      38.6152
     408      38.5665
     409      38.2951
     410      38.4261
     411      38.4898
     412      38.3405
     413      38.6362
     414      38.3947
     415      38.3064
     416      38.8271
     417      38.4875
     418      38.7775
     419      38.8797
     420      38.8669
     421      38.9344
     422      38.7587
     423      38.5502
     424      38.5777
     425      38.8900
     426      38.7371
     427      38.7559
     428      38.8613
     429      38.7464
     430      38.6277
     431      38.0279
     432      38.5103
     433      38.4173
     434      38.3363
     435      38.7976
     436      38.5423
     437      38.7647
     438      38.7431
     439      38.3124
     440      38.9445
     441      39.0231
     442      38.9851
     443      38.6628
     444      38.9484
     445      38.7821
     446      38.5500
     447      38.3473
     448      38.2536
     449      38.4241
     450      38.4895
     451      38.5735
     452      38.6736
     453      38.7547
     454      38.5263
     455      38.6039
     456      38.1158
     457      38.3552
     458      38.1014
     459      38.3618
     460      38.1449
     461      38.2322
     462      38.4400
     463      38.3541
     464      38.4170
     465      38.4306
     466      38.5810
     467      38.6351
     468      38.5148
     469      38.5597
     470      38.3900
     471      38.7520
     472      37.8058
     473      38.1087
     474      38.1455
     475      37.7372
     476      37.7934
     477      38.2203
     478      38.2921
     479      38.0087
     480      38.1038
     481      38.3187
     482      38.0539
     483      38.2344
     484      38.1002
     485      38.4244
     486      38.3167
     487      38.4568
     488      38.3311
     489      38.7821
     490      38.4334
     491      38.4296
     492      38.5506
     493      38.7911
     494      38.2416
     495      38.7621
     496      38.8307
     497      38.8665
     498      38.7819
     499      39.2523
     500      38.9314
     501      38.8197
     502      39.0273
     503      38.4003
     504      38.4016
     505      38.1761
     506      38.3684
     507      37.8115
     508      38.8407
     509      38.5712
     510      38.8658
     511      38.2487
     512      38.8215
     513      38.6502
     514      38.8129
     515      38.8463
     516      39.1605
     517      38.8966
     518      38.6668
     519      38.8511
     520      38.6923
     521      38.6908
     522      38.6677
     523      38.6482
     524      38.6258
     525      38.3728
     526      38.5032
     527      38.2447
     528      38.5604
     529      38.5745
     530      38.6534
     531      38.3256
     532      38.5077
     533      38.8680
     534      38.7078
     535      38.7544
     536      38.9988
     537      38.8588
     538      38.8036
     539      38.7969
     540      38.6607
     541      38.5950
     542      38.7535
     543      38.9648
     544      39.1447
     545      38.7741
     546      38.9095
     547      38.8637
     548      38.8765
     549      38.9550
     550      39.0291
     551      39.1779
     552      38.9461
     553      38.9559
     554      38.9976
     555      38.9307
     556      38.7430
     557      38.7350
     558      38.5823
     559      38.2328
     560      39.0048
     561      38.2932
     562      38.4632
     563      38.6331
     564      38.4503
     565      38.8499
     566      38.6161
     567      38.4150
     568      38.6911
     569      38.5443
     570      38.5670
     571      38.9578
     572      38.3364
     573      38.5539
     574      38.5921
     575      38.6851
     576      38.6293
     577      38.3589
     578      38.7712
     579      38.5306
     580      38.6505
     581      38.5694
     582      38.8013
     583      38.5621
     584      38.6410
     585      38.6699
     586      38.6238
     587      38.4828
     588      38.7885
     589      38.5402
     590      38.3268
     591      38.4544
     592      39.0147
     593      39.1093
     594      39.0922
     595      38.5791
     596      38.5682
     597      38.6721
     598      38.3108
     599      38.2814
     600      38.8022
     601      38.5225
     602      38.1981
     603      38.5382
     604      38.9725
     605      38.8264
     606      38.9680
     607      38.8381
     608      39.1772
     609      39.0926
     610      38.8446
     611      38.6496
     612      38.7389
     613      38.4960
     614      38.6730
     615      39.0277
     616      39.0623
     617      38.7411
     618      39.0405
     619      38.7802
     620      39.1887
     621      38.6081
     622      39.3267
     623      39.1732
     624      39.2692
     625      39.2148
     626      38.7482
     627      39.1205
     628      38.7017
     629      38.6652
     630      38.7336
     631      38.6346
     632      39.4312
     633      38.6898
     634      38.7983
     635      38.8164
     636      38.6905
     637      38.7868
     638      38.7016
     639      38.8391
     640      38.8733
     641      38.9289
     642      39.1351
     643      38.9108
     644      38.9871
     645      38.8394
     646      39.0079
     647      38.9129
     648      38.5658
     649      38.6673
     650      38.4196
     651      38.8308
     652      38.5720
     653      38.7611
     654      38.7592
     655      38.9229
     656      38.4562
     657      39.0140
     658      38.7786
     659      38.7883
     660      39.2066
     661      38.9325
     662      39.4547
     663      39.4962
     664      39.5140
     665      38.8427
     666      39.2730
     667      39.3365
     668      39.0365
     669      38.9241
     670      38.9615
     671      38.8738
     672      38.8845
     673      39.1392
     674      38.7444
     675      38.8438
     676      38.8869
     677      39.2559
     678      38.3511
     679      38.6874
     680      38.6911
     681      38.8095
     682      39.0324
     683      38.8638
     684      38.7911
     685      38.5342
     686      39.0219
     687      38.8399
     688      38.7510
     689      38.7729
     690      38.4767
     691      38.3821
     692      38.2408
     693      38.2447
     694      38.2704
     695      38.2990
     696      38.8914
     697      38.8421
     698      38.6601
     699      38.2574
     700      38.3253
     701      38.3055
     702      38.7427
     703      38.4949
     704      38.3038
     705      38.5584
     706      38.7379
     707      38.8002
     708      38.7549
     709      38.6937
     710      38.3478
     711      38.5120
     712      38.5539
     713      38.4680
     714      38.9336
     715      39.1302
     716      38.4405
     717      38.8325
     718      38.9309
     719      38.8185
     720      38.9028
     721      38.7543
     722      38.4572
     723      38.8307
     724      38.6378
     725      38.9870
     726      38.9598
     727      38.6429
     728      38.5910
     729      38.8692
     730      38.9135
     731      38.9340
     732      38.9597
     733      38.5996
     734      38.6945
     735      39.3005
     736      39.2158
     737      39.4081
     738      39.0057
     739      38.9614
     740      38.8912
     741      38.9871
     742      38.9265
     743      38.6528
     744      39.2894
     745      39.1253
     746      39.2468
     747      39.2131
     748      38.7596
     749      38.6589
     750      38.8768
     751      39.2300
     752      38.8804
     753      39.2025
     754      38.8561
     755      39.0182
     756      39.3419
     757      39.2652
     758      38.9203
     759      39.0774
     760      38.8693
     761      38.9383
     762      38.5316
     763      39.2078
     764      38.5631
     765      38.8232
     766      38.7299
     767      39.1245
     768      38.9238
     769      38.9947
     770      39.2037
     771      39.1869
     772      39.0506
     773      38.8726
     774      39.0938
     775      39.1576
     776      39.1428
     777      39.2713
     778      39.4784
     779      39.2348
     780      39.4318
     781      39.6580
     782      39.6269
     783      39.3138
     784      39.7763
     785      39.7369
     786      39.9057
     787      39.8333
     788      39.7681
     789      39.9779
     790      39.5307
     791      39.4665
     792      39.3385
     793      39.7377
     794      39.5580
     795      39.2503
     796      39.6170
     797      39.9432
     798      39.8454
     799      39.5756
     800      39.5474
     801      39.8061
     802      39.9117
     803      39.5305
     804      40.0347
     805      39.9866
     806      39.7206
     807      39.6167
     808      39.7083
     809      39.2294
     810      39.3683
     811      38.7479
     812      39.1919
     813      39.5818
     814      39.5012
     815      39.5130
     816      39.3828
     817      39.2430
     818      39.1701
     819      39.3010
     820      39.2403
     821      39.6653
     822      39.7224
     823      39.1425
     824      39.8184
     825      39.9530
     826      39.6942
     827      39.6466
     828      39.5002
     829      40.2583
     830      40.1020
     831      39.9392
     832      40.0412
     833      39.6830
     834      39.5052
     835      39.1986
     836      39.4374
     837      39.3437
     838      39.7166
     839      39.5405
     840      39.4370
     841      39.7082
     842      39.3461
     843      39.4613
     844      39.5811
     845      39.5547
     846      39.2843
     847      39.3189
     848      39.5219
     849      39.4619
     850      38.9685
     851      39.2428
     852      39.0351
     853      39.4495
     854      38.7651
     855      39.8034
     856      39.6964
     857      39.3722
     858      39.0938
     859      38.9300
     860      39.9509
     861      39.6614
     862      39.7042
     863      39.3606
     864      40.0338
     865      39.4189
     866      40.0409
     867      39.8393
     868      39.7985
     869      39.5995
     870      39.7311
     871      39.5883
     872      39.7874
     873      39.8037
     874      39.7920
     875      39.7919
     876      39.6787
     877      39.6022
     878      39.3500
     879      38.9618
     880      39.0614
     881      38.7936
     882      38.7852
     883      38.5799
     884      38.9571
     885      39.1813
     886      38.7092
     887      38.8954
     888      39.0096
     889      38.5589
     890      38.6323
     891      38.7845
     892      39.0327
     893      38.4652
     894      38.9710
     895      38.8744
     896      38.3518
     897      38.4991
     898      38.8493
     899      38.7761
     900      38.3254
     901      37.8663
     902      38.2008
     903      38.0247
     904      38.1007
     905      38.1470
     906      38.3746
     907      38.2475
     908      37.9970
     909      38.1814
     910      38.2579
     911      38.2121
     912      38.1396
     913      37.9496
     914      38.2006
     915      37.8656
     916      38.0787
     917      38.0914
     918      37.8047
     919      38.2001
     920      38.3515
     921      38.1951
     922      38.2349
     923      38.5473
     924      38.1462
     925      38.6834
     926      38.5349
     927      38.7761
     928      38.6288
     929      38.5111
     930      38.2420
     931      38.3403
     932      38.6884
     933      38.6433
     934      38.5661
     935      38.8727
     936      39.0288
     937      38.5691
     938      38.4613
     939      38.6889
     940      38.7742
     941      38.7235
     942      38.7561
     943      38.4320
     944      39.1166
     945      39.1405
     946      38.9767
     947      38.6685
     948      38.7471
     949      38.5932
     950      38.5299
     951      38.9952
     952      38.9144
     953      38.4291
     954      38.5513
     955      38.4356
     956      39.0905
     957      38.7694
     958      38.3448
     959      38.5488
     960      38.7607
     961      39.0982
     962      38.8365
     963      38.7707
     964      38.8496
     965      38.8481
     966      38.7083
     967      38.6905
     968      38.2334
     969      38.2729
     970      37.9533
     971      38.5479
     972      38.1389
     973      38.1770
     974      38.4479
     975      38.3581
     976      38.3462
     977      38.6468
     978      38.4676
     979      38.2783
     980      37.9795
     981      38.8546
     982      38.9951
     983      38.7372
     984      39.0282
     985      38.3256
     986      38.2378
     987      38.0620
     988      38.1401
     989      37.2349
     990      37.7112
     991      37.8619
     992      38.1327
     993      37.7027
     994      37.9513
     995      38.3952
     996      37.8381
     997      38.1427
     998      37.9874
     999      37.7777
    1000      37.5828
    1001      38.1735
    1002      37.5148
    1003      38.2119
    1004      38.0207
    1005      37.8141
    1006      37.8039
    1007      38.3393
    1008      38.3046
    1009      38.5241
    1010      38.3636
    1011      38.0424
    1012      38.3207
    1013      38.0208
    1014      38.4505
    1015      38.1096
    1016      38.0315
    1017      37.9030
    1018      38.1125
    1019      38.0501
    1020      38.2297
    1021      38.3747
    1022      38.6977
    1023      38.2402
    1024      38.3426
    1025      38.1815
    1026      37.9193
    1027      38.1127
    1028      37.8132
    1029      38.1797
    1030      38.0777
    1031      38.1889
    1032      38.3161
    1033      38.5081
    1034      38.0107
    1035      38.3248
    1036      38.0752
    1037      37.8513
    1038      37.7829
    1039      37.8579
    1040      38.0298
    1041      37.9007
    1042      38.1885
    1043      38.2356
    1044      38.1282
    1045      38.2706
    1046      37.9721
    1047      37.8400
    1048      38.0108
    1049      38.3535
    1050      38.2875
    1051      38.2652
    1052      38.1649
    1053      38.3985
    1054      38.1302
    1055      38.0708
    1056      38.0691
    1057      38.1218
    1058      38.0544
    1059      38.0184
    1060      38.1086
    1061      38.0467
    1062      38.4417
    1063      38.5292
    1064      38.7916
    1065      38.8872
    1066      38.4822
    1067      38.6630
    1068      38.1875
    1069      38.2478
    1070      38.4632
    1071      38.7516
    1072      38.4981
    1073      38.9272
    1074      38.7413
    1075      38.2878
    1076      38.3096
    1077      38.2379
    1078      38.3363
    1079      38.6212
    1080      38.4905
    1081      38.8395
    1082      38.2508
    1083      37.9556
    1084      38.7241
    1085      38.6409
    1086      38.5692
    1087      38.3996
    1088      38.4634
    1089      38.6813
    1090      39.0882
    1091      38.7956
    1092      38.5981
    1093      38.3055
    1094      38.3851
    1095      38.2499
    1096      38.1308
    1097      38.4058
    1098      38.3793
    1099      38.3780
    1100      38.6397
    1101      37.8572
    1102      38.2160
    1103      38.4434
    1104      38.2694
    1105      38.7299
    1106      38.4194
    1107      38.5941
    1108      38.3392
    1109      38.0423
    1110      38.1770
    1111      38.7777
    1112      39.0083
    1113      38.6412
    1114      38.3954
    1115      38.1278
    1116      38.1073
    1117      38.0726
    1118      38.3819
    1119      38.4363
    1120      38.2492
    1121      38.0799
    1122      38.4018
    1123      38.1409
    1124      37.9791
    1125      38.1925
    1126      38.0377
    1127      38.3274
    1128      38.3456
    1129      38.2243
    1130      38.6921
    1131      38.7977
    1132      38.6272
    1133      38.8845
    1134      38.5456
    1135      38.7245
    1136      38.8872
    1137      39.1172
    1138      38.5417
    1139      38.7560
    1140      38.3604
    1141      38.1767
    1142      38.0275
    1143      38.0563
    1144      38.1019
    1145      38.4896
    1146      38.3099
    1147      38.7746
    1148      38.4695
    1149      38.1304
    1150      38.0566
    1151      37.9499
    1152      37.9533
    1153      38.0517
    1154      37.4805
    1155      37.7463
    1156      37.9757
    1157      37.7037
    1158      37.9486
    1159      38.1047
    1160      37.6368
    1161      38.0827
    1162      38.3185
    1163      38.3108
    1164      38.5848
    1165      38.6592
    1166      38.0662
    1167      38.5472
    1168      38.7221
    1169      38.8217
    1170      38.7068
    1171      38.3962
    1172      38.3144
    1173      38.6351
    1174      38.8401
    1175      38.7435
    1176      38.4361
    1177      38.5520
    1178      38.6458
    1179      38.5166
    1180      39.0243
    1181      38.6277
    1182      38.8416
    1183      38.5504
    1184      38.6063
    1185      38.7086
    1186      38.5607
    1187      38.5073
    1188      38.5442
    1189      38.2536
    1190      38.1029
    1191      38.2244
    1192      38.2484
    1193      38.5222
    1194      38.4566
    1195      38.9528
    1196      38.5434
    1197      38.7453
    1198      38.7187
    1199      38.7497
    1200      38.3289
    1201      38.6760
    1202      38.5291
    1203      38.3942
    1204      38.4460
    1205      38.7174
    1206      38.7931
    1207      38.3213
    1208      38.6175
    1209      39.0878
    1210      39.3764
    1211      38.8580
    1212      38.5481
    1213      38.8965
    1214      38.5269
    1215      38.3267
    1216      38.1981
    1217      38.6422
    1218      38.8402
    1219      39.4343
    1220      38.8986
    1221      39.4378
    1222      39.5494
    1223      39.5203
    1224      38.9861
    1225      39.5170
    1226      39.1679
    1227      39.4183
    1228      39.0142
    1229      39.0066
    1230      39.3149
    1231      39.4057
    1232      39.3167
    1233      39.1355
    1234      39.3588
    1235      38.9407
    1236      39.5185
    1237      38.6774
    1238      38.8753
    1239      39.2652
    1240      39.4285
    1241      39.2517
    1242      39.1727
    1243      39.5295
    1244      39.2523
    1245      38.8927
    1246      39.1772
    1247      38.8742
    1248      38.7129
    1249      38.7112
    1250      37.9431
    1251      38.4357
    1252      38.2408
    1253      38.3367
    1254      37.6702
    1255      37.5942
    1256      38.0005
    1257      38.4924
    1258      38.6421
    1259      38.4390
    1260      38.1941
    1261      38.7178
    1262      38.3978
    1263      38.4370
    1264      38.5600
    1265      38.7090
    1266      38.5350
    1267      38.2078
    1268      38.4230
    1269      38.5199
    1270      39.0319
    1271      38.8653
    1272      38.9708
    1273      38.6778
    1274      38.6406
    1275      38.5943
    1276      38.9418
    1277      38.5991
    1278      38.6114
    1279      38.4050
    1280      38.8275
    1281      38.6214
    1282      38.5801
    1283      38.5167
    1284      38.2701
    1285      38.4976
    1286      38.5039
    1287      38.4540
    1288      38.4331
    1289      38.8075
    1290      38.5501
    1291      38.4152
    1292      38.6300
    1293      38.2244
    1294      38.0365
    1295      38.1086
    1296      38.0067
    1297      37.9018
    1298      38.6542
    1299      38.1806
    1300      37.9735
    1301      38.4811
    1302      38.5455
    1303      38.4613
    1304      38.3802
    1305      38.1020
    1306      38.4094
    1307      38.2875
    1308      38.5626
    1309      38.4010
    1310      38.6190
    1311      37.9864
    1312      37.9246
    1313      37.6675
    1314      38.0285
    1315      38.2859
    1316      38.0899
    1317      38.1870
    1318      38.1515
    1319      38.2637
    1320      38.3038
    1321      38.1597
    1322      38.3726
    1323      38.7400
    1324      38.7078
    1325      39.1143
    1326      39.1239
    1327      38.9367
    1328      38.9011
    1329      38.9002
    1330      38.5810
    1331      38.9796
    1332      38.8057
    1333      38.8973
    1334      38.4093
    1335      38.8387
    1336      38.9791
    1337      38.5932
    1338      38.6386
    1339      38.2860
    1340      38.5431
    1341      38.5750
    1342      38.2874
    1343      38.1874
    1344      38.2345
    1345      38.1613
    1346      38.2372
    1347      38.2047
    1348      38.7733
    1349      38.7045
    1350      39.1075
    1351      38.9453
    1352      38.2514
    1353      38.6235
    1354      38.2505
    1355      38.4300
    1356      38.6341
    1357      39.0286
    1358      38.5227
    1359      38.4753
    1360      38.8143
    1361      38.9840
    1362      38.7862
    1363      38.3004
    1364      38.3452
    1365      38.3540
    1366      38.2641
    1367      37.9012
    1368      38.5047
    1369      38.5909
    1370      38.5033
    1371      38.4969
    1372      38.2737
    1373      38.0990
    1374      38.5807
    1375      38.6354
    1376      38.6553
    1377      38.3582
    1378      38.2273
    1379      38.5963
    1380      38.8610
    1381      38.5073
    1382      38.6266
    1383      38.4341
    1384      37.9445
    1385      38.6866
    1386      38.8770
    1387      38.7008
    1388      38.4487
    1389      38.6020
    1390      38.8683
    1391      38.2891
    1392      38.1947
    1393      38.3727
    1394      38.4441
    1395      38.3517
    1396      38.0673
    1397      38.5162
    1398      38.4290
    1399      38.3325
    1400      38.4336
    1401      38.3530
    1402      38.4479
    1403      38.1913
    1404      38.4606
    1405      38.1485
    1406      38.4105
    1407      38.0737
    1408      38.0790
    1409      38.6940
    1410      38.4151
    1411      38.4488
    1412      38.6099
    1413      38.6329
    1414      38.6351
    1415      38.1962
    1416      38.0836
    1417      38.0990
    1418      38.2704
    1419      38.1750
    1420      37.7268
    1421      37.8416
    1422      37.7224
    1423      37.5842
    1424      38.0253
    1425      37.9107
    1426      37.5200
    1427      38.0260
    1428      37.9715
    1429      38.1430
    1430      38.4895
    1431      38.4188
    1432      38.2536
    1433      38.0832
    1434      38.5526
    1435      38.2933
    1436      37.9735
    1437      38.0937
    1438      37.9840
    1439      38.1548
    1440      38.0217
    1441      38.1126
    1442      38.0444
    1443      37.8497
    1444      38.1104
    1445      38.3477
    1446      38.3613
    1447      38.4011
    1448      38.6680
    1449      38.3395
    1450      37.7848
    1451      38.0445
    1452      37.9100
    1453      37.9892
    1454      38.1424
    1455      38.0035
    1456      38.1531
    1457      38.2998
    1458      38.7502
    1459      38.2370
    1460      38.4280
    1461      38.5684
    1462      38.4460
    1463      38.2196
    1464      38.5840
    1465      38.2524
    1466      38.7151
    1467      38.2241
    1468      38.1711
    1469      38.2364
    1470      38.2754
    1471      38.3248
    1472      38.0169
    1473      38.1130
    1474      38.1714
    1475      38.1975
    1476      38.2757
    1477      38.4020
    1478      38.5791
    1479      38.4436
    1480      38.3180
    1481      38.5451
    1482      38.6594
    1483      38.6501
    1484      38.8579
    1485      39.2135
    1486      39.0846
    1487      39.2099
    1488      38.9822
    1489      38.6426
    1490      39.0467
    1491      39.1427
    1492      38.9065
    1493      38.6691
    1494      38.8897
    1495      38.5079
    1496      38.7085
    1497      38.6417
    1498      38.6420
    1499      38.7471
    1500      38.6970
    1501      38.9079
    1502      38.7570
    1503      38.6171
    1504      38.7363
    1505      38.8124
    1506      38.7253
    1507      38.7231
    1508      38.4880
    1509      38.0744
    1510      38.3582
    1511      38.3777
    1512      38.7992
    1513      38.2986
    1514      38.7412
    1515      38.6210
    1516      38.7233
    1517      38.6001
    1518      39.1351
    1519      38.8122
    1520      38.9632
    1521      38.6895
    1522      38.8054
    1523      38.9213
    1524      39.2144
    1525      38.9435
    1526      38.8152
    1527      39.1446
    1528      39.0699
    1529      38.9123
    1530      38.9726
    1531      38.4756
    1532      39.1559
    1533      38.8790
    1534      39.0627
    1535      38.6818
    1536      38.4602
    1537      38.5385
    1538      38.9336
    1539      38.8004
    1540      38.7160
    1541      38.8293
    1542      39.0569
    1543      38.6681
    1544      38.5469
    1545      38.5928
    1546      38.1599
    1547      38.2007
    1548      38.3529
    1549      38.7199
    1550      38.4796
    1551      38.2108
    1552      38.5886
    1553      38.4970
    1554      38.4247
    1555      38.3267
    1556      38.5507
    1557      38.1556
    1558      38.1131
    1559      38.3770
    1560      38.3831
    1561      38.4027
    1562      38.2980
    1563      38.4317
    1564      38.5685
    1565      38.7840
    1566      38.7600
    1567      38.1792
    1568      38.3019
    1569      38.0202
    1570      38.3473
    1571      38.4738
    1572      38.4202
    1573      38.2591
    1574      38.5143
    1575      38.5900
    1576      38.4391
    1577      38.3531
    1578      38.2474
    1579      38.4354
    1580      38.3278
    1581      38.7087
    1582      39.0623
    1583      39.1621
    1584      39.1497
    1585      38.7686
    1586      38.7950
    1587      38.7431
    1588      38.5682
    1589      39.0361
    1590      38.8966
    1591      38.6328
    1592      38.8907
    1593      38.8998
    1594      39.0244
    1595      38.9128
    1596      39.0005
    1597      38.7565
    1598      38.7480
    1599      38.8286
    1600      38.7769
    1601      38.6702
    1602      38.7599
    1603      38.6417
    1604      38.8557
    1605      38.4835
    1606      38.8317
    1607      38.8925
    1608      37.9973
    1609      38.7664
    1610      38.7446
    1611      39.0845
    1612      38.9526
    1613      38.6225
    1614      39.0191
    1615      38.4402
    1616      38.6739
    1617      38.8318
    1618      39.0031
    1619      38.9737
    1620      39.0354
    1621      38.9527
    1622      38.7380
    1623      38.5027
    1624      39.1046
    1625      38.6683
    1626      39.0833
    1627      39.0288
    1628      39.3698
    1629      39.0980
    1630      39.2850
    1631      39.0056
    1632      38.9883
    1633      39.3230
    1634      39.1558
    1635      38.9846
    1636      38.6840
    1637      39.1025
    1638      38.6052
    1639      38.9812
    1640      38.7852
    1641      38.6128
    1642      38.6864
    1643      38.7407
    1644      38.4618
    1645      38.6230
    1646      38.8328
    1647      39.0195
    1648      38.7275
    1649      38.7635
    1650      38.9764
    1651      38.8386
    1652      38.8520
    1653      38.8361
    1654      38.4617
    1655      38.0799
    1656      38.2635
    1657      38.1795
    1658      38.3922
    1659      38.0840
    1660      38.0661
    1661      38.3660
    1662      38.4589
    1663      38.3107
    1664      38.4626
    1665      38.3908
    1666      38.4526
    1667      38.5541
    1668      38.4128
    1669      38.4575
    1670      38.5049
    1671      37.9680
    1672      38.4374
    1673      38.7112
    1674      38.3309
    1675      38.5628
    1676      38.2088
    1677      38.1448
    1678      38.1472
    1679      38.8502
    1680      38.3887
    1681      38.5131
    1682      38.8065
    1683      38.9438
    1684      38.9841
    1685      38.3795
    1686      38.6028
    1687      38.2345
    1688      38.9277
    1689      38.6984
    1690      38.7550
    1691      38.6868
    1692      38.7284
    1693      38.7348
    1694      38.2453
    1695      38.8003
    1696      38.9839
    1697      39.3122
    1698      38.7268
    1699      38.3082
    1700      38.0624
    1701      38.6308
    1702      39.0170
    1703      38.8188
    1704      39.0803
    1705      38.7868
    1706      38.6409
    1707      38.0049
    1708      38.6257
    1709      38.1917
    1710      37.9863
    1711      37.9270
    1712      38.0300
    1713      38.1952
    1714      37.9577
    1715      38.0257
    1716      38.0010
    1717      37.8895
    1718      37.8370
    1719      38.2029
    1720      38.4893
    1721      38.7307
    1722      38.2871
    1723      38.2822
    1724      38.0968
    1725      37.9526
    1726      38.2451
    1727      38.2458
    1728      38.6264
    1729      38.4588
    1730      38.3852
    1731      38.5328
    1732      38.6446
    1733      38.8334
    1734      38.4919
    1735      38.7441
    1736      38.3345
    1737      38.3582
    1738      38.6537
    1739      38.4758
    1740      38.0758
    1741      38.1842
    1742      38.8180
    1743      38.8843
    1744      38.4982
    1745      38.3900
    1746      38.4302
    1747      38.4157
    1748      38.1460
    1749      38.9504
    1750      38.9054
    1751      38.8705
    1752      38.6615
    1753      38.6641
    1754      38.2424
    1755      38.5561
    1756      38.7611
    1757      38.6529
    1758      38.6061
    1759      38.2972
    1760      38.2092
    1761      37.7067
    1762      38.0752
    1763      38.1594
    1764      38.5014
    1765      38.3819
    1766      38.5155
    1767      38.4840
    1768      38.6332
    1769      38.4187
    1770      38.5978
    1771      38.9198
    1772      38.7693
    1773      38.0552
    1774      38.1193
    1775      38.2289
    1776      38.0181
    1777      38.3865
    1778      38.6529
    1779      38.7031
    1780      38.3680
    1781      38.8572
    1782      38.7872
    1783      38.5377
    1784      38.5387
    1785      38.1658
    1786      38.3412
    1787      38.6348
    1788      38.3419
    1789      38.4221
    1790      38.3716
    1791      38.3906
    1792      38.6485
    1793      38.5417
    1794      38.4361
    1795      38.5346
    1796      38.5062
    1797      38.3047
    1798      38.4763
    1799      38.5296
    1800      38.4067
    1801      38.2220
    1802      38.2970
    1803      38.3941
    1804      38.1384
    1805      38.1899
    1806      38.6594
    1807      38.6085
    1808      38.3496
    1809      38.4303
    1810      38.5630
    1811      37.8711
    1812      38.3421
    1813      38.3516
    1814      37.6955
    1815      38.1801
    1816      38.1795
    1817      38.5120
    1818      38.3424
    1819      38.5110
    1820      38.4940
    1821      38.1404
    1822      38.3217
    1823      38.4650
    1824      38.7758
    1825      38.3678
    1826      38.5362
    1827      38.9689
    1828      38.7745
    1829      38.5522
    1830      38.5004
    1831      37.7410
    1832      38.5389
    1833      38.6841
    1834      38.6997
    1835      38.2984
    1836      38.6785
    1837      38.2732
    1838      38.4085
    1839      37.9100
    1840      37.8535
    1841      38.3948
    1842      38.1210
    1843      38.2641
    1844      38.5894
    1845      38.6477
    1846      38.8073
    1847      38.2513
    1848      38.1308
    1849      38.4488
    1850      38.3011
    1851      37.9227
    1852      38.0005
    1853      38.1311
    1854      38.3466
    1855      38.2125
    1856      38.3248
    1857      38.3695
    1858      38.0722
    1859      38.3769
    1860      38.4477
    1861      38.7248
    1862      38.2992
    1863      38.3831
    1864      38.7749
    1865      38.8040
    1866      38.8089
    1867      39.0353
    1868      38.9731
    1869      38.9609
    1870      38.8842
    1871      39.1374
    1872      39.2047
    1873      39.2227
    1874      39.3900
    1875      39.1719
    1876      38.8201
    1877      39.0803
    1878      38.6491
    1879      38.3808
    1880      38.5593
    1881      38.6484
    1882      38.5233
    1883      38.5677
    1884      38.6813
    1885      38.8709
    1886      38.4398
    1887      38.6262
    1888      38.4767
    1889      38.6708
    1890      38.6509
    1891      38.8432
    1892      39.1886
    1893      39.0643
    1894      39.0518
    1895      39.1311
    1896      39.0560
    1897      39.2601
    1898      39.3431
    1899      38.7972
    1900      38.8762
    1901      39.0459
    1902      38.6076
    1903      39.1588
    1904      39.1427
    1905      39.0208
    1906      39.0402
    1907      39.3427
    1908      39.4961
    1909      39.2290
    1910      39.3126
    1911      38.9121
    1912      39.3340
    1913      39.2144
    1914      39.6433
    1915      39.5648
    1916      39.1860
    1917      39.4307
    1918      39.0642
    1919      38.8248
    1920      39.3000
    1921      39.3970
    1922      38.5961
    1923      39.1815
    1924      39.0590
    1925      39.2720
    1926      39.3046
    1927      39.0005
    1928      39.0347
    1929      38.6638
    1930      39.0513
    1931      39.3372
    1932      38.7678
    1933      38.7307
    1934      38.7455
    1935      38.7086
    1936      39.2104
    1937      38.7340
    1938      38.8472
    1939      38.9599
    1940      38.9293
    1941      38.7288
    1942      38.6417
    1943      38.8934
    1944      38.9822
    1945      38.7969
    1946      38.8749
    1947      38.4429
    1948      38.9842
    1949      39.2217
    1950      38.7841
    1951      38.7858
    1952      38.6769
    1953      39.0003
    1954      38.9400
    1955      38.9594
    1956      38.3670
    1957      38.6233
    1958      38.8850
    1959      38.2726
    1960      38.7421
    1961      38.3183
    1962      38.7783
    1963      38.2510
    1964      38.3993
    1965      38.9219
    1966      39.2181
    1967      38.9214
    1968      38.6139
    1969      38.4323
    1970      38.7880
    1971      38.6649
    1972      38.8296
    1973      38.7992
    1974      38.4317
    1975      38.6655
    1976      38.5803
    1977      38.8972
    1978      38.6975
    1979      38.8746
    1980      39.0701
    1981      38.8263
    1982      38.9550
    1983      38.5224
    1984      38.5072
    1985      38.8658
    1986      38.7027
    1987      38.6690
    1988      38.8175
    1989      38.6759
    1990      38.7102
    1991      38.6370
    1992      38.9294
    1993      39.0936
    1994      38.8863
    1995      39.5542
    1996      39.4711
    1997      39.3600
    1998      38.9398
    1999      38.7370
    2000      39.0219
    2001      38.7968
    2002      38.7589
    2003      38.7275
    2004      38.7415
    2005      38.4217
    2006      38.8997
    2007      38.8309
    2008      38.6040
    2009      38.5667
    2010      38.4008
    2011      38.5632
    2012      38.9284
    2013      38.9074
    2014      38.7105
    2015      38.3990
    2016      38.4266
    2017      38.3030
    2018      38.6657
    2019      38.8346
    2020      38.9741
    2021      39.0144
    2022      38.5061
    2023      38.4915
    2024      38.8014
    2025      38.7508
    2026      38.5575
    2027      38.5352
    2028      39.1302
    2029      38.5862
    2030      38.7804
    2031      38.8410
    2032      38.9048
    2033      38.9628
    2034      38.6107
    2035      39.2045
    2036      38.5987
    2037      39.0649
    2038      38.3039
    2039      38.7781
    2040      38.4643
    2041      38.0779
    2042      38.1773
    2043      38.4854
    2044      38.4777
    2045      39.2875
    2046      38.9715
    2047      38.7208
    2048      38.5516
    2049      38.6824
    2050      38.3707
    2051      38.7840
    2052      38.9890
    2053      38.6841
    2054      38.9407
    2055      38.9517
    2056      38.9017
    2057      38.8756
    2058      39.1153
    2059      38.9198
    2060      39.3004
    2061      39.2722
    2062      39.3034
    2063      38.9552
    2064      38.7870
    2065      38.8425
    2066      38.6736
    2067      38.7269
    2068      38.8642
    2069      38.8079
    2070      39.0155
    2071      38.5656
    2072      38.5767
    2073      38.7541
    2074      38.7259
    2075      38.6447
    2076      38.9562
    2077      38.6343
    2078      38.7579
    2079      38.7266
    2080      38.2649
    2081      38.3331
    2082      38.5926
    2083      38.9211
    2084      39.1265
    2085      38.7834
    2086      38.8501
    2087      39.0976
    2088      38.7527
    2089      38.4652
    2090      38.4348
    2091      38.6294
    2092      38.8195
    2093      39.0942
    2094      38.6661
    2095      38.7401
    2096      38.8255
    2097      38.8504
    2098      38.7623
    2099      38.7010
    2100      38.9923
    2101      38.7214
    2102      38.6972
    2103      38.9365
    2104      39.1173
    2105      39.1508
    2106      39.1382
    2107      38.3495
    2108      38.6405
    2109      38.6170
    2110      38.9205
    2111      38.8030
    2112      38.7878
    2113      38.5601
    2114      38.1816
    2115      38.4969
    2116      38.7951
    2117      38.5186
    2118      38.5146
    2119      38.6107
    2120      38.8210
    2121      38.5974
    2122      38.1720
    2123      38.2568
    2124      38.5587
    2125      38.8309
    2126      38.8570
    2127      38.5894
    2128      38.8584
    2129      38.6637
    2130      38.8460
    2131      38.5597
    2132      39.1847
    2133      39.1481
    2134      38.9688
    2135      39.0781
    2136      38.1552
    2137      38.4597
    2138      38.3280
    2139      38.5509
    2140      38.9101
    2141      39.1892
    2142      38.8894
    2143      38.3360
    2144      38.2349
    2145      38.4332
    2146      38.7352
    2147      38.5619
    2148      38.6673
    2149      38.7794
    2150      38.4179
    2151      38.9213
    2152      38.9441
    2153      38.6482
    2154      38.8851
    2155      38.6733
    2156      38.8652
    2157      38.8713
    2158      38.5090
    2159      39.0799
    2160      38.9634
    2161      38.9455
    2162      38.7072
    2163      38.7892
    2164      38.6244
    2165      38.8177
    2166      38.8653
    2167      38.3797
    2168      38.3372
    2169      38.3446
    2170      38.1443
    2171      38.7944
    2172      38.7042
    2173      38.5391
    2174      38.8765
    2175      38.9629
    2176      38.4370
    2177      38.4196
    2178      38.7369
    2179      38.6205
    2180      38.7143
    2181      38.6771
    2182      38.9725
    2183      39.2852
    2184      39.0746
    2185      39.0877
    2186      39.0681
    2187      39.1025
    2188      39.1361
    2189      39.2210
    2190      39.2071
    2191      38.9035
    2192      39.1155
    2193      39.2024
    2194      39.4683
    2195      39.2541
    2196      38.8254
    2197      38.3484
    2198      39.0178
    2199      38.7345
    2200      39.3910
    2201      39.0698
    2202      38.7542
    2203      39.3029
    2204      39.4534
    2205      39.3766
    2206      39.5582
    2207      38.8613
    2208      39.1156
    2209      39.2386
    2210      39.3045
    2211      38.7700
    2212      38.7517
    2213      38.8682
    2214      38.6754
    2215      38.4864
    2216      38.6652
    2217      38.3923
    2218      38.2577
    2219      38.4079
    2220      38.0716
    2221      37.8711
    2222      38.1943
    2223      38.6036
    2224      38.0979
    2225      38.3415
    2226      38.5801
    2227      39.1689
    2228      38.7908
    2229      39.0251
    2230      38.5127
    2231      38.4128
    2232      38.4683
    2233      38.3563
    2234      38.4185
    2235      38.8243
    2236      38.7121
    2237      38.9046
    2238      39.1677
    2239      38.7060
    2240      38.4385
    2241      38.4387
    2242      38.3952
    2243      38.2808
    2244      38.0312
    2245      38.5927
    2246      38.2388
    2247      38.5249
    2248      37.9345
    2249      38.6365
    2250      38.5336
    2251      38.6255
    2252      38.8035
    2253      38.6445
    2254      38.5489
    2255      38.4914
    2256      38.8793
    2257      38.9322
    2258      39.2073
    2259      38.8030
    2260      38.9640
    2261      38.9834
    2262      38.9477
    2263      38.9401
    2264      39.1706
    2265      38.9173
    2266      38.8643
    2267      38.6171
    2268      39.0740
    2269      39.2613
    2270      38.9263
    2271      38.7142
    2272      38.8431
    2273      38.5096
    2274      38.8853
    2275      38.7473
    2276      38.7038
    2277      38.3821
    2278      38.1057
    2279      38.4296
    2280      38.5501
    2281      38.5521
    2282      38.8906
    2283      38.8967
    2284      38.8613
    2285      38.4277
    2286      38.1800
    2287      38.4527
    2288      38.4861
    2289      38.6300
    2290      38.3949
    2291      38.6764
    2292      38.6744
    2293      38.4281
    2294      38.2237
    2295      38.5061
    2296      38.6408
    2297      38.5171
    2298      38.7070
    2299      38.3925
    2300      38.6624
    2301      38.4784
    2302      38.7817
    2303      38.6643
    2304      38.8477
    2305      38.9819
    2306      38.5114
    2307      38.7246
    2308      38.7885
    2309      38.5978
    2310      38.4522
    2311      38.2430
    2312      38.8184
    2313      38.5417
    2314      38.8555
    2315      38.5968
    2316      39.1241
    2317      38.8210
    2318      39.0094
    2319      38.8733
    2320      39.0672
    2321      38.5919
    2322      38.3149
    2323      38.1558
    2324      38.5780
    2325      38.6806
    2326      38.2153
    2327      38.2206
    2328      38.2408
    2329      37.9521
    2330      38.4353
    2331      38.4035
    2332      38.6876
    2333      38.3621
    2334      38.1858
    2335      38.2093
    2336      38.6793
    2337      38.3205
    2338      38.5656
    2339      38.3654
    2340      38.5421
    2341      38.5655
    2342      38.6979
    2343      38.6319
    2344      38.9808
    2345      38.7753
    2346      38.5830
    2347      38.6946
    2348      38.9219
    2349      38.5733
    2350      38.3268
    2351      38.3750
    2352      38.1680
    2353      38.2158
    2354      38.2932
    2355      38.3740
    2356      38.2622
    2357      38.5922
    2358      38.2366
    2359      38.4288
    2360      38.6699
    2361      38.7525
    2362      38.6626
    2363      39.0255
    2364      38.9132
    2365      38.9746
    2366      38.6916
    2367      39.0396
    2368      38.6508
    2369      38.7404
    2370      38.8033
    2371      38.7821
    2372      38.7137
    2373      39.1381
    2374      39.1919
    2375      39.3638
    2376      38.9459
    2377      38.8164
    2378      38.8211
    2379      38.5304
    2380      38.9131
    2381      38.8520
    2382      38.7308
    2383      38.2897
    2384      38.6334
    2385      38.8093
    2386      38.6315
    2387      38.7628
    2388      38.3909
    2389      38.6768
    2390      38.8072
    2391      38.2981
    2392      38.3143
    2393      38.5652
    2394      38.5954
    2395      38.5861
    2396      38.9576
    2397      38.8217
    2398      38.5358
    2399      38.7890
    2400      38.9426
    2401      38.5573
    2402      38.9267
    2403      38.8900
    2404      39.1867
    2405      38.8943
    2406      38.5394
    2407      38.9023
    2408      38.9035
    2409      38.8618
    2410      38.9179
    2411      38.9613
    2412      38.9537
    2413      38.5620
    2414      38.9347
    2415      38.9172
    2416      38.1967
    2417      38.7390
    2418      38.2613
    2419      38.4704
    2420      38.3369
    2421      38.7243
    2422      38.6223
    2423      38.4342
    2424      38.6641
    2425      38.7918
    2426      38.9645
    2427      38.8143
    2428      38.6607
    2429      38.7595
    2430      38.3472
    2431      38.1738
    2432      38.6650
    2433      38.7596
    2434      38.3646
    2435      38.3531
    2436      38.3968
    2437      38.3332
    2438      38.2214
    2439      38.1499
    2440      37.8237
    2441      38.0347
    2442      38.6203
    2443      38.7567
    2444      38.5280
    2445      38.6869
    2446      38.3998
    2447      38.5118
    2448      38.7710
    2449      38.8261
    2450      38.9359
    2451      38.8205
    2452      38.8978
    2453      38.7577
    2454      38.4781
    2455      38.5141
    2456      38.4911
    2457      38.4053
    2458      38.2267
    2459      38.3780
    2460      38.4551
    2461      38.4452
    2462      38.3227
    2463      38.4630
    2464      38.3544
    2465      38.3275
    2466      38.1334
    2467      38.5631
    2468      38.4169
    2469      38.6356
    2470      39.2831
    2471      39.6271
    2472      38.5996
    2473      38.5505
    2474      38.6562
    2475      38.5925
    2476      38.4373
    2477      38.0891
    2478      38.8735
    2479      38.4312
    2480      38.5881
    2481      38.0855
    2482      38.5072
    2483      38.5117
    2484      38.5621
    2485      38.3804
    2486      38.6945
    2487      38.7435
    2488      38.6549
    2489      38.7843
    2490      38.7042
    2491      38.7526
    2492      38.5441
    2493      38.4837
    2494      38.4954
    2495      38.3988
    2496      38.6475
    2497      38.6698
    2498      39.0583
    2499      39.2947
    2500      39.1343
    2501      39.0666
    2502      38.9761
    2503      38.9547
    2504      39.2862
    2505      38.9885
    2506      38.5540
    2507      38.8991
    2508      38.6507
    2509      38.5368
    2510      38.5195
    2511      38.3348
    2512      38.1596
    2513      37.9487
    2514      38.4719
    2515      38.4525
    2516      38.4958
    2517      37.8493
    2518      38.1652
    2519      38.3317
    2520      38.3884
    2521      38.4489
    2522      38.2078
    2523      38.3595
    2524      38.3961
    2525      38.7290
    2526      39.0776
    2527      38.8870
    2528      38.6358
    2529      39.0033
    2530      38.8026
    2531      38.9802
    2532      39.0996
    2533      38.9955
    2534      38.9797
    2535      39.0881
    2536      39.0682
    2537      38.8968
    2538      39.1033
    2539      38.9223
    2540      38.7355
    2541      39.0260
    2542      39.0860
    2543      39.0032
    2544      38.9284
    2545      38.9232
    2546      38.7969
    2547      38.5509
    2548      38.7261
    2549      38.5432
    2550      38.4858
    2551      38.6373
    2552      38.5015
    2553      39.0404
    2554      38.8277
    2555      38.6964
    2556      38.4903
    2557      38.6096
    2558      38.8234
    2559      38.6204
    2560      38.6867
    2561      38.7272
    2562      38.9003
    2563      38.8327
    2564      38.4915
    2565      38.3335
    2566      38.3440
    2567      38.3478
    2568      38.4317
    2569      38.7792
    2570      38.3969
    2571      38.8930
    2572      38.5747
    2573      39.0050
    2574      38.8331
    2575      39.1633
    2576      38.5930
    2577      39.0602
    2578      38.9595
    2579      39.1908
    2580      39.3708
    2581      39.1335
    2582      39.0730
    2583      39.0738
    2584      38.7877
    2585      39.0463
    2586      39.0494
    2587      39.3210
    2588      39.5720
    2589      39.6119
    2590      39.4154
    2591      39.4549
    2592      39.4261
    2593      39.5582
    2594      39.4527
    2595      39.0992
    2596      39.3361
    2597      39.3432
    2598      39.2717
    2599      38.9902
    2600      38.8703
    2601      39.0373
    2602      38.5711
    2603      38.5082
    2604      38.7610
    2605      39.0242
    2606      39.2737
    2607      38.8503
    2608      39.1165
    2609      39.4087
    2610      38.9550
    2611      39.1138
    2612      39.1172
    2613      38.9092
    2614      38.7088
    2615      39.3223
    2616      39.1470
    2617      39.5590
    2618      39.3115
    2619      39.5807
    2620      39.4151
    2621      39.3232
    2622      39.3142
    2623      39.1194
    2624      39.4610
    2625      39.1482
    2626      39.4113
    2627      39.0118
    2628      38.7075
    2629      39.0809
    2630      39.0186
    2631      39.0589
    2632      38.8789
    2633      39.2300
    2634      38.9654
    2635      38.9667
    2636      39.1207
    2637      39.1432
    2638      38.9518
    2639      39.1021
    2640      38.8486
    2641      38.7014
    2642      39.0441
    2643      38.7536
    2644      38.8576
    2645      38.5047
    2646      38.8956
    2647      39.4765
    2648      39.1140
    2649      39.0197
    2650      38.9191
    2651      38.9251
    2652      38.4936
    2653      38.5287
    2654      38.6383
    2655      38.6623
    2656      38.5861
    2657      38.8793
    2658      38.9485
    2659      39.0108
    2660      38.8271
    2661      38.7681
    2662      38.5331
    2663      38.3689
    2664      38.8742
    2665      38.7144
    2666      38.5351
    2667      39.2140
    2668      38.6468
    2669      38.9471
    2670      38.8955
    2671      38.8413
    2672      38.5705
    2673      38.6974
    2674      38.8200
    2675      38.9974
    2676      39.1544
    2677      38.8704
    2678      39.0493
    2679      38.8308
    2680      38.7086
    2681      38.6903
    2682      38.3877
    2683      38.4044
    2684      38.4664
    2685      38.2892
    2686      38.4367
    2687      38.4839
    2688      38.5982
    2689      38.7833
    2690      38.9066
    2691      38.4117
    2692      38.7954
    2693      38.7120
    2694      38.5366
    2695      38.6172
    2696      38.5880
    2697      38.5170
    2698      39.1154
    2699      38.9988
    2700      39.2069
    2701      39.1405
    2702      39.0715
    2703      38.8282
    2704      38.9967
    2705      38.9818
    2706      38.5734
    2707      38.4985
    2708      39.2111
    2709      38.9973
    2710      39.1725
    2711      39.1857
    2712      39.2054
    2713      39.7269
    2714      39.4505
    2715      39.0945
    2716      39.5455
    2717      39.5717
    2718      39.1777
    2719      39.5322
    2720      39.2177
    2721      39.2530
    2722      39.4951
    2723      39.0061
    2724      38.9919
    2725      39.1062
    2726      39.4137
    2727      39.2892
    2728      39.0425
    2729      38.9327
    2730      39.1655
    2731      38.9178
    2732      38.8412
    2733      39.0098
    2734      39.4654
    2735      39.4772
    2736      39.2543
    2737      38.9603
    2738      39.0652
    2739      38.8962
    2740      38.5332
    2741      38.6653
    2742      38.7013
    2743      39.0946
    2744      39.2838
    2745      38.9762
    2746      39.2214
    2747      39.2069
    2748      39.0226
    2749      38.6573
    2750      39.1541
    2751      39.0448
    2752      38.5697
    2753      38.7902
    2754      38.8204
    2755      38.6136
    2756      38.9095
    2757      38.5037
    2758      38.2745
    2759      38.2583
    2760      38.5855
    2761      39.0836
    2762      39.0701
    2763      39.0983
    2764      38.6553
    2765      38.7000
    2766      38.8454
    2767      38.8043
    2768      38.8267
    2769      39.1422
    2770      39.2501
    2771      39.1144
    2772      38.7944
    2773      38.9189
    2774      38.8936
    2775      38.7317
    2776      38.8402
    2777      38.5434
    2778      38.8772
    2779      38.7579
    2780      38.8960
    2781      38.3024
    2782      38.6687
    2783      38.3764
    2784      38.8962
    2785      38.6780
    2786      38.8053
    2787      39.3310
    2788      38.5587
    2789      39.0432
    2790      38.9083
    2791      38.7273
    2792      38.5255
    2793      38.7921
    2794      38.6333
    2795      38.6655
    2796      38.6318
    2797      38.6549
    2798      38.4141
    2799      38.5905
    2800      38.5075
    2801      38.6613
    2802      38.9744
    2803      38.6744
    2804      38.6309
    2805      38.6971
    2806      38.2951
    2807      38.7358
    2808      38.9262
    2809      38.3730
    2810      38.5612
    2811      38.4665
    2812      38.5847
    2813      38.6719
    2814      38.6838
    2815      38.4092
    2816      38.2848
    2817      38.5937
    2818      38.1725
    2819      38.6522
    2820      38.8265
    2821      38.6182
    2822      38.7596
    2823      38.8022
    2824      38.7137
    2825      38.9828
    2826      38.6210
    2827      39.1179
    2828      38.8405
    2829      38.9087
    2830      38.6164
    2831      38.8020
    2832      38.7219
    2833      38.7343
    2834      38.6127
    2835      38.9397
    2836      38.8801
    2837      39.1229
    2838      38.8611
    2839      38.7088
    2840      38.8038
    2841      38.6876
    2842      38.8372
    2843      38.3617
    2844      38.1919
    2845      38.2112
    2846      38.0434
    2847      38.1727
    2848      38.0645
    2849      38.2885
    2850      38.5000
    2851      38.5473
    2852      38.3261
    2853      38.4475
    2854      38.4112
    2855      38.3962
    2856      38.6980
    2857      37.9273
    2858      38.2226
    2859      38.0539
    2860      38.3281
    2861      38.6946
    2862      38.7514
    2863      38.6942
    2864      38.6726
    2865      38.4854
    2866      38.4234
    2867      38.4764
    2868      38.8455
    2869      38.6312
    2870      38.8546
    2871      39.0333
    2872      39.0242
    2873      39.1170
    2874      38.5438
    2875      38.6471
    2876      39.0670
    2877      38.9671
    2878      38.6812
    2879      39.0041
    2880      38.9740
    2881      38.4987
    2882      38.6453
    2883      38.1983
    2884      38.0648
    2885      38.1908
    2886      38.4848
    2887      38.6230
    2888      38.7870
    2889      38.4478
    2890      38.9293
    2891      38.4081
    2892      38.8137
    2893      38.1869
    2894      38.6471
    2895      38.5841
    2896      38.9877
    2897      39.1445
    2898      39.1943
    2899      38.9016
    2900      39.0951
    2901      39.2741
    2902      39.3464
    2903      39.1983
    2904      39.0158
    2905      39.0471
    2906      38.8853
    2907      38.8891
    2908      39.3158
    2909      39.2900
    2910      38.8682
    2911      39.3541
    2912      39.0153
    2913      39.1493
    2914      38.6537
    2915      38.7760
    2916      38.8104
    2917      38.7292
    2918      38.8032
    2919      38.8334
    2920      38.8430
    2921      38.8927
    2922      38.9047
    2923      38.7928
    2924      39.3292
    2925      39.0337
    2926      39.1655
    2927      39.2286
    2928      38.8110
    2929      38.8617
    2930      38.8011
    2931      38.7058
    2932      38.9593
    2933      38.6746
    2934      38.8613
    2935      38.9580
    2936      38.5896
    2937      38.9555
    2938      38.9770
    2939      38.8977
    2940      39.1720
    2941      38.8757
    2942      39.1743
    2943      38.9608
    2944      38.6789
    2945      39.0582
    2946      39.0271
    2947      39.0487
    2948      39.1230
    2949      38.7542
    2950      38.8210
    2951      39.3456
    2952      39.2773
    2953      39.2384
    2954      39.3847
    2955      39.1097
    2956      39.0940
    2957      38.7653
    2958      38.9475
    2959      38.7720
    2960      38.4723
    2961      38.7086
    2962      39.1285
    2963      38.7776
    2964      39.0747
    2965      39.2097
    2966      39.2039
    2967      39.3269
    2968      39.0991
    2969      39.0180
    2970      39.2451
    2971      38.6620
    2972      38.7092
    2973      38.8205
    2974      38.7830
    2975      38.8336
    2976      38.6630
    2977      39.6522
    2978      39.2474
    2979      39.0593
    2980      38.7556
    2981      38.9485
    2982      39.2230
    2983      38.9955
    2984      39.3596
    2985      39.1852
    2986      39.0133
    2987      39.3030
    2988      39.1921
    2989      39.2470
    2990      38.9090
    2991      38.9650
    2992      38.8995
    2993      38.8478
    2994      38.8350
    2995      38.6920
    2996      38.7193
    2997      38.8343
    2998      38.8728
    2999      38.9323
    3000      38.9465
    3001      38.7587
    3002      38.6029
    3003      38.9154
    3004      38.9432
    3005      38.9595
    3006      38.7588
    3007      39.1593
    3008      38.8455
    3009      38.6506
    3010      38.8362
    3011      38.6615
    3012      38.7715
    3013      38.7176
    3014      38.7506
    3015      38.9645
    3016      38.6971
    3017      38.6498
    3018      38.7229
    3019      38.5849
    3020      39.0203
    3021      38.9404
    3022      38.7537
    3023      39.2097
    3024      38.8302
    3025      38.7536
    3026      39.0273
    3027      38.5005
    3028      38.5470
    3029      38.0729
    3030      38.7467
    3031      38.7921
    3032      38.1099
    3033      38.7840
    3034      38.8076
    3035      39.3196
    3036      38.8321
    3037      39.0979
    3038      38.9024
    3039      39.1118
    3040      39.0859
    3041      39.2814
    3042      39.4403
    3043      38.9867
    3044      39.0934
    3045      39.1682
    3046      39.0648
    3047      39.2446
    3048      39.2694
    3049      39.0974
    3050      39.1284
    3051      39.1637
    3052      38.6069
    3053      38.9693
    3054      39.1538
    3055      39.0251
    3056      38.7706
    3057      38.8764
    3058      39.2407
    3059      38.9819
    3060      38.3199
    3061      38.7205
    3062      39.0963
    3063      38.7894
    3064      38.5071
    3065      38.4081
    3066      38.7709
    3067      38.6392
    3068      38.9191
    3069      39.3545
    3070      39.2437
    3071      39.3085
    3072      39.1614
    3073      39.3928
    3074      39.6051
    3075      39.0006
    3076      39.1869
    3077      39.3212
    3078      39.8538
    3079      39.4650
    3080      39.1169
    3081      39.7035
    3082      39.1836
    3083      39.2727
    3084      39.5721
    3085      39.3056
    3086      39.4403
    3087      39.6287
    3088      39.7652
    3089      39.7726
    3090      39.4259
    3091      39.3527
    3092      39.3440
    3093      39.2538
    3094      39.1343
    3095      38.9430
    3096      39.1716
    3097      39.0947
    3098      39.2097
    3099      39.3154
    3100      39.6118
    3101      39.5924
    3102      39.1217
    3103      38.9091
    3104      38.9564
    3105      38.9605
    3106      38.8070
    3107      39.1539
    3108      38.7997
    3109      38.7768
    3110      39.2030
    3111      38.7605
    3112      38.7480
    3113      39.1528
    3114      39.2528
    3115      39.0694
    3116      38.8522
    3117      38.7921
    3118      38.8570
    3119      38.5719
    3120      38.7605
    3121      38.8515
    3122      38.9153
    3123      38.7049
    3124      38.7354
    3125      38.7255
    3126      39.0129
    3127      38.9312
    3128      38.9940
    3129      39.2405
    3130      38.9949
    3131      38.9674
    3132      39.3992
    3133      38.9168
    3134      38.9845
    3135      38.9489
    3136      39.3011
    3137      39.0234
    3138      38.7368
    3139      38.7242
    3140      39.1001
    3141      38.8614
    3142      38.8232
    3143      38.7394
    3144      38.6056
    3145      38.9780
    3146      38.8195
    3147      38.8864
    3148      38.8636
    3149      39.1192
    3150      38.8457
    3151      38.8316
    3152      38.7497
    3153      38.5066
    3154      38.5909
    3155      38.6533
    3156      38.5525
    3157      38.6052
    3158      38.5524
    3159      38.2305
    3160      38.4636
    3161      38.4280
    3162      38.2602
    3163      38.1336
    3164      38.7088
    3165      38.8945
    3166      38.5075
    3167      38.6368
    3168      38.4382
    3169      38.1565
    3170      38.5175
    3171      38.6679
    3172      38.4983
    3173      38.5641
    3174      38.4387
    3175      38.3609
    3176      38.3743
    3177      38.4680
    3178      38.5757
    3179      38.6962
    3180      38.8515
    3181      38.3832
    3182      38.3832
    3183      38.4091
    3184      38.5102
    3185      38.4565
    3186      38.4848
    3187      38.8859
    3188      38.5885
    3189      38.5486
    3190      38.5910
    3191      39.0827
    3192      38.5333
    3193      39.1130
    3194      39.1326
    3195      38.3086
    3196      38.8227
    3197      38.5852
    3198      38.9021
    3199      38.6358
    3200      38.8595
    3201      38.7340
    3202      38.4346
    3203      38.5825
    3204      38.5433
    3205      38.6178
    3206      38.5147
    3207      38.1408
    3208      38.6652
    3209      39.0997
    3210      38.8273
    3211      38.5238
    3212      38.7698
    3213      38.8006
    3214      39.2915
    3215      38.9936
    3216      38.9074
    3217      38.7723
    3218      38.6811
    3219      38.7814
    3220      38.7161
    3221      38.6135
    3222      38.7201
    3223      38.7532
    3224      38.6614
    3225      38.0515
    3226      38.6139
    3227      38.4764
    3228      38.3396
    3229      38.3198
    3230      38.7314
    3231      38.4081
    3232      38.7052
    3233      38.6270
    3234      38.5444
    3235      38.9098
    3236      38.4509
    3237      38.4911
    3238      38.4307
    3239      38.4126
    3240      38.5975
    3241      38.3564
    3242      38.5290
    3243      38.4520
    3244      38.5623
    3245      38.8920
    3246      38.7912
    3247      38.7968
    3248      38.6993
    3249      38.7352
    3250      38.4194
    3251      38.6015
    3252      38.7167
    3253      38.5609
    3254      38.7989
    3255      39.0865
    3256      38.6238
    3257      38.7098
    3258      39.1928
    3259      38.7006
    3260      39.1005
    3261      39.1969
    3262      39.2714
    3263      38.9191
    3264      38.5124
    3265      38.6991
    3266      38.5524
    3267      38.5451
    3268      38.6546
    3269      38.4481
    3270      38.3577
    3271      38.3740
    3272      38.0520
    3273      38.4191
    3274      38.7545
    3275      38.2713
    3276      38.3464
    3277      38.2497
    3278      38.3754
    3279      38.1953
    3280      38.7279
    3281      38.7840
    3282      38.3413
    3283      38.3165
    3284      38.3929
    3285      38.5585
    3286      38.6245
    3287      38.0867
    3288      38.3903
    3289      38.3625
    3290      38.4422
    3291      38.6512
    3292      38.2965
    3293      38.7100
    3294      38.6966
    3295      38.4983
    3296      38.7849
    3297      39.0338
    3298      38.9026
    3299      38.8087
    3300      38.5700
    3301      38.7240
    3302      38.6866
    3303      38.3188
    3304      38.6768
    3305      38.1898
    3306      38.4998
    3307      38.9055
    3308      38.2276
    3309      37.9644
    3310      38.4660
    3311      38.3011
    3312      38.2208
    3313      37.9259
    3314      38.4950
    3315      38.6047
    3316      38.7083
    3317      38.9987
    3318      38.5958
    3319      39.0042
    3320      39.2724
    3321      38.7659
    3322      38.4506
    3323      38.7281
    3324      38.5521
    3325      38.4987
    3326      38.2041
    3327      38.6178
    3328      38.8974
    3329      38.9242
    3330      38.5482
    3331      38.6222
    3332      39.0590
    3333      38.6080
    3334      38.5922
    3335      38.8458
    3336      38.6951
    3337      38.7186
    3338      39.2324
    3339      39.1146
    3340      39.1349
    3341      39.0473
    3342      38.8641
    3343      39.0622
    3344      39.2081
    3345      39.1344
    3346      39.1960
    3347      39.0931
    3348      39.2156
    3349      38.9131
    3350      39.1048
    3351      39.0591
    3352      39.0845
    3353      38.6059
    3354      38.6936
    3355      38.9741
    3356      38.5092
    3357      38.9027
    3358      39.0469
    3359      38.9088
    3360      38.9068
    3361      39.1430
    3362      39.1211
    3363      39.1838
    3364      39.1100
    3365      39.0908
    3366      38.9719
    3367      38.9130
    3368      38.7453
    3369      38.6436
    3370      38.9776
    3371      39.1215
    3372      38.9525
    3373      38.9304
    3374      39.2658
    3375      39.2231
    3376      38.9357
    3377      38.9499
    3378      38.5680
    3379      38.5787
    3380      38.4956
    3381      38.1436
    3382      38.4192
    3383      38.6330
    3384      38.4275
    3385      38.3370
    3386      38.7242
    3387      38.4688
    3388      38.4209
    3389      38.3435
    3390      38.4700
    3391      38.5552
    3392      38.5166
    3393      38.6422
    3394      38.6218
    3395      38.5910
    3396      38.8866
    3397      38.7157
    3398      38.7481
    3399      38.8161
    3400      38.7333
    3401      38.8628
    3402      38.6727
    3403      38.3113
    3404      38.1529
    3405      38.2874
    3406      38.4149
    3407      38.5331
    3408      38.7683
    3409      38.7245
    3410      38.9559
    3411      39.0525
    3412      39.0045
    3413      38.9890
    3414      38.9510
    3415      39.3368
    3416      38.7700
    3417      39.0292
    3418      38.5455
    3419      38.7034
    3420      38.6624
    3421      39.0782
    3422      38.8896
    3423      38.8880
    3424      38.5615
    3425      38.8140
    3426      38.7857
    3427      38.8060
    3428      38.8742
    3429      38.6697
    3430      38.5885
    3431      38.9104
    3432      39.3163
    3433      39.0326
    3434      39.0603
    3435      39.0322
    3436      39.2757
    3437      38.9310
    3438      38.5548
    3439      38.6471
    3440      38.7904
    3441      38.9680
    3442      38.6414
    3443      38.8986
    3444      38.9864
    3445      38.9806
    3446      38.4601
    3447      38.3783
    3448      38.4071
    3449      38.7346
    3450      38.7314
    3451      38.4943
    3452      38.8163
    3453      38.7688
    3454      38.9337
    3455      38.8121
    3456      38.6115
    3457      38.7113
    3458      39.2267
    3459      38.9157
    3460      38.5116
    3461      38.7516
    3462      38.7168
    3463      38.9790
    3464      38.8954
    3465      39.0812
    3466      38.7886
    3467      38.6497
    3468      38.7042
    3469      38.6884
    3470      38.6816
    3471      38.9071
    3472      38.6305
    3473      38.6573
    3474      38.4177
    3475      38.9518
    3476      38.4051
    3477      38.9424
    3478      39.1056
    3479      38.8001
    3480      38.8162
    3481      38.4104
    3482      38.8279
    3483      39.2295
    3484      38.8764
    3485      38.9207
    3486      38.6625
    3487      38.9300
    3488      38.5973
    3489      38.9017
    3490      38.7564
    3491      38.8107
    3492      38.4168
    3493      38.7784
    3494      38.7171
    3495      38.4824
    3496      38.2540
    3497      38.3033
    3498      38.0403
    3499      38.2165
    3500      38.3927
    3501      38.6019
    3502      38.4008
    3503      38.4744
    3504      38.2184
    3505      38.7898
    3506      38.5255
    3507      38.3375
    3508      38.5157
    3509      38.3910
    3510      38.8993
    3511      38.7005
    3512      38.8590
    3513      38.6151
    3514      38.8107
    3515      38.5856
    3516      38.6830
    3517      38.3944
    3518      38.5998
    3519      38.7135
    3520      38.2694
    3521      38.6229
    3522      38.6746
    3523      38.7869
    3524      38.8108
    3525      38.7540
    3526      38.9630
    3527      38.6011
    3528      38.5569
    3529      38.5037
    3530      38.4426
    3531      38.7851
    3532      38.5222
    3533      38.5854
    3534      38.6081
    3535      38.5178
    3536      38.7326
    3537      38.4956
    3538      38.5013
    3539      38.2998
    3540      38.6493
    3541      38.3838
    3542      38.4443
    3543      38.4821
    3544      38.4017
    3545      38.4648
    3546      38.2915
    3547      38.2473
    3548      38.5744
    3549      38.5945
    3550      38.1349
    3551      38.1829
    3552      38.0703
    3553      38.5597
    3554      38.2605
    3555      38.0373
    3556      38.1867
    3557      38.1686
    3558      38.4380
    3559      38.3044
    3560      38.6698
    3561      38.6523
    3562      38.2690
    3563      38.8086
    3564      38.6171
    3565      38.7142
    3566      38.2461
    3567      38.6331
    3568      38.4195
    3569      38.3768
    3570      38.3704
    3571      38.5414
    3572      38.6804
    3573      38.2341
    3574      38.5091
    3575      38.4679
    3576      38.5727
    3577      38.3671
    3578      38.6140
    3579      38.5005
    3580      38.4193
    3581      38.6541
    3582      39.0134
    3583      38.9639
    3584      38.4104
    3585      38.4663
    3586      38.5330
    3587      38.4483
    3588      38.3590
    3589      38.1680
    3590      37.9782
    3591      38.1273
    3592      38.5146
    3593      37.9088
    3594      38.4693
    3595      38.5571
    3596      38.4861
    3597      38.5734
    3598      38.5342
    3599      38.6938
    3600      38.2623
    3601      38.4025
    3602      38.6382
    3603      38.5547
    3604      38.5245
    3605      38.6855
    3606      38.2935
    3607      38.4389
    3608      38.1297
    3609      38.5942
    3610      38.3213
    3611      38.1509
    3612      38.4930
    3613      38.4074
    3614      38.4586
    3615      38.3290
    3616      38.2822
    3617      38.1846
    3618      38.2172
    3619      38.5017
    3620      37.9903
    3621      37.7710
    3622      37.8973
    3623      38.3895
    3624      38.3956
    3625      38.4679
    3626      38.2037
    3627      38.7068
    3628      38.9285
    3629      38.2741
    3630      38.3647
    3631      38.7494
    3632      38.9473
    3633      39.0862
    3634      38.6567
    3635      38.4852
    3636      38.2029
    3637      38.3598
    3638      38.8822
    3639      38.4916
    3640      38.2465
    3641      38.3905
    3642      38.5300
    3643      38.1539
    3644      38.1953
    3645      38.4908
    3646      38.1311
    3647      38.7081
    3648      38.2575
    3649      38.5372
    3650      38.4230
    3651      38.3013
    3652      38.6252
    3653      38.7032
    3654      38.4646
    3655      38.4004
    3656      38.3957
    3657      38.4469
    3658      38.5142
    3659      38.3472
    3660      38.6024
    3661      38.2996
    3662      38.7067
    3663      38.8644
    3664      38.7995
    3665      38.8809
    3666      38.9818
    3667      38.9868
    3668      39.1037
    3669      38.7149
    3670      38.9505
    3671      38.7517
    3672      38.7896
    3673      39.1086
    3674      38.9793
    3675      38.9146
    3676      38.3516
    3677      38.2345
    3678      38.5188
    3679      38.0544
    3680      38.5946
    3681      39.0603
    3682      38.9404
    3683      39.1278
    3684      38.9704
    3685      39.2831
    3686      39.2529
    3687      39.2878
    3688      39.0539
    3689      38.4438
    3690      39.1164
    3691      39.3978
    3692      39.4258
    3693      39.0118
    3694      39.2170
    3695      39.1754
    3696      38.8113
    3697      39.3219
    3698      39.0029
    3699      39.3582
    3700      39.4990
    3701      38.9621
    3702      39.2468
    3703      39.1100
    3704      39.3217
    3705      39.0256
    3706      39.0128
    3707      38.9618
    3708      38.8174
    3709      38.4822
    3710      38.6306
    3711      38.5725
    3712      38.7195
    3713      38.6415
    3714      38.5213
    3715      38.9603
    3716      38.7094
    3717      38.4198
    3718      38.8302
    3719      38.6256
    3720      38.8166
    3721      38.9049
    3722      38.9826
    3723      38.9516
    3724      39.0123
    3725      39.0878
    3726      38.6319
    3727      38.4322
    3728      37.8940
    3729      38.2351
    3730      38.0266
    3731      38.2347
    3732      38.1665
    3733      38.1961
    3734      38.4885
    3735      38.1195
    3736      38.1878
    3737      38.3036
    3738      37.6895
    3739      37.7721
    3740      38.1194
    3741      38.0023
    3742      38.1387
    3743      37.8742
    3744      38.2242
    3745      37.8015
    3746      38.0457
    3747      38.0554
    3748      38.1951
    3749      38.1418
    3750      38.0214
    3751      38.5603
    3752      38.4998
    3753      38.2544
    3754      38.3735
    3755      39.0157
    3756      38.7985
    3757      38.7926
    3758      38.3607
    3759      38.2172
    3760      38.4107
    3761      38.4512
    3762      38.3042
    3763      38.2014
    3764      37.9286
    3765      38.0388
    3766      38.2167
    3767      38.4774
    3768      38.1435
    3769      37.9217
    3770      37.9530
    3771      38.4443
    3772      37.8542
    3773      37.8007
    3774      37.9079
    3775      37.7893
    3776      38.0920
    3777      37.6292
    3778      37.6965
    3779      37.7396
    3780      37.9135
    3781      38.1602
    3782      38.0215
    3783      38.1695
    3784      38.0464
    3785      38.1622
    3786      37.8377
    3787      38.3189
    3788      37.9703
    3789      38.1097
    3790      38.3516
    3791      37.8071
    3792      37.8858
    3793      37.9955
    3794      38.3175
    3795      37.9275
    3796      37.9399
    3797      37.9645
    3798      38.2138
    3799      38.0679
    3800      38.0986
    3801      38.4377
    3802      38.3372
    3803      38.3262
    3804      38.0409
    3805      38.1657
    3806      38.2041
    3807      38.1819
    3808      38.0022
    3809      38.2236
    3810      38.2554
    3811      38.3002
    3812      38.5230
    3813      38.5081
    3814      38.6143
    3815      38.1264
    3816      38.6460
    3817      38.1714
    3818      38.4146
    3819      38.0231
    3820      38.4432
    3821      38.2712
    3822      38.4617
    3823      38.3114
    3824      38.4542
    3825      38.1956
    3826      38.3950
    3827      38.6631
    3828      38.9130
    3829      38.6051
    3830      38.4111
    3831      37.9998
    3832      38.2794
    3833      37.9819
    3834      38.1472
    3835      38.6566
    3836      38.7221
    3837      38.6685
    3838      38.8381
    3839      38.5575
    3840      38.6943
    3841      38.6678
    3842      38.6718
    3843      38.6388
    3844      38.5685
    3845      38.4825
    3846      38.3516
    3847      38.2688
    3848      38.3230
    3849      38.6607
    3850      38.2245
    3851      38.4373
    3852      38.7324
    3853      38.5640
    3854      38.5568
    3855      38.9295
    3856      38.7586
    3857      38.6420
    3858      38.8406
    3859      38.8998
    3860      38.8619
    3861      39.0393
    3862      39.1671
    3863      38.9780
    3864      38.7234
    3865      38.9017
    3866      38.8245
    3867      38.4897
    3868      38.9205
    3869      38.9082
    3870      39.0662
    3871      39.2795
    3872      38.6951
    3873      38.9032
    3874      39.0602
    3875      39.1051
    3876      38.9213
    3877      38.9046
    3878      39.2475
    3879      38.8591
    3880      38.9777
    3881      38.9699
    3882      38.9070
    3883      39.3475
    3884      39.1393
    3885      38.9181
    3886      39.0180
    3887      38.2964
    3888      38.7533
    3889      38.5862
    3890      38.6383
    3891      38.7309
    3892      38.7208
    3893      38.5993
    3894      39.0374
    3895      38.6895
    3896      39.0951
    3897      39.2366
    3898      38.8597
    3899      39.1051
    3900      39.1884
    3901      39.0418
    3902      38.9400
    3903      39.0248
    3904      38.5039
    3905      38.9726
    3906      39.1701
    3907      38.7677
    3908      38.9521
    3909      39.0376
    3910      39.4890
    3911      39.0472
    3912      39.0531
    3913      39.2605
    3914      39.2831
    3915      38.9578
    3916      39.2841
    3917      39.1730
    3918      39.1248
    3919      39.0937
    3920      39.1775
    3921      38.6997
    3922      38.8180
    3923      39.0827
    3924      38.8076
    3925      39.1910
    3926      39.1027
    3927      38.9595
    3928      39.3634
    3929      39.2279
    3930      38.9046
    3931      38.7485
    3932      38.9118
    3933      38.9661
    3934      39.2037
    3935      38.9170
    3936      38.8761
    3937      39.3562
    3938      39.1898
    3939      39.0550
    3940      39.2892
    3941      39.4718
    3942      39.3757
    3943      39.2251
    3944      39.3755
    3945      39.4308
    3946      39.1010
    3947      39.0498
    3948      39.1770
    3949      39.2400
    3950      39.1516
    3951      39.1053
    3952      39.4056
    3953      39.3018
    3954      39.3806
    3955      39.3559
    3956      39.4663
    3957      39.1452
    3958      39.5362
    3959      39.5599
    3960      39.8747
    3961      39.4152
    3962      39.4236
    3963      39.3286
    3964      39.5047
    3965      39.4205
    3966      39.1904
    3967      39.3925
    3968      39.6125
    3969      38.9709
    3970      39.1376
    3971      39.4442
    3972      38.7796
    3973      39.3169
    3974      39.1046
    3975      39.1591
    3976      39.2058
    3977      38.5668
    3978      39.3393
    3979      39.2675
    3980      38.9290
    3981      39.3897
    3982      39.3473
    3983      39.0450
    3984      39.7538
    3985      39.2364
    3986      39.6405
    3987      39.5011
    3988      39.0895
    3989      39.2460
    3990      38.9153
    3991      38.9325
    3992      39.2543
    3993      39.4803
    3994      39.3929
    3995      39.5348
    3996      39.2904
    3997      39.0363
    3998      38.7513
    3999      38.9109
    4000      38.9899
    4001      39.1149
    4002      39.0526
    4003      38.9482
    4004      39.0869
    4005      39.4085
    4006      39.0457
    4007      39.2581
    4008      38.8370
    4009      39.3161
    4010      39.0536
    4011      38.9582
    4012      39.4070
    4013      38.6955
    4014      38.5831
    4015      39.2274
    4016      38.8696
    4017      38.9334
    4018      39.3538
    4019      39.0517
    4020      38.9527
    4021      39.2414
    4022      39.1096
    4023      39.0634
    4024      39.0740
    4025      38.9227
    4026      39.1183
    4027      39.1112
    4028      39.0317
    4029      39.0654
    4030      39.4779
    4031      39.3672
    4032      39.4844
    4033      38.8888
    4034      39.0236
    4035      39.1863
    4036      39.3448
    4037      39.1988
    4038      39.0908
    4039      39.3143
    4040      39.1917
    4041      39.1640
    4042      38.8835
    4043      38.9568
    4044      38.8293
    4045      39.2063
    4046      38.9550
    4047      38.8429
    4048      39.1895
    4049      39.0614
    4050      38.9755
    4051      38.7396
    4052      38.9570
    4053      39.0557
    4054      39.1433
    4055      39.0032
    4056      38.7657
    4057      38.9735
    4058      39.1266
    4059      38.4898
    4060      39.0914
    4061      38.7783
    4062      38.9464
    4063      39.0100
    4064      38.7565
    4065      38.9698
    4066      38.8415
    4067      38.9808
    4068      38.9502
    4069      39.0214
    4070      39.1979
    4071      38.9988
    4072      38.8009
    4073      39.0694
    4074      39.0656
    4075      38.8215
    4076      38.9432
    4077      39.0002
    4078      38.6624
    4079      39.0162
    4080      39.1733
    4081      39.0312
    4082      38.7950
    4083      39.3812
    4084      39.0238
    4085      38.7254
    4086      39.0056
    4087      38.9908
    4088      38.1427
    4089      38.2392
    4090      38.3103
    4091      37.8385
    4092      38.2700
    4093      38.7534
    4094      38.3700
    4095      38.6765
    4096      38.7818
    4097      38.8497
    4098      38.4991
    4099      39.1717
    4100      38.4634
    4101      38.5737
    4102      38.8572
    4103      39.0834
    4104      39.2132
    4105      38.9756
    4106      39.5867
    4107      38.6987
    4108      39.1667
    4109      39.2944
    4110      39.0523
    4111      39.2133
    4112      39.2187
    4113      39.1526
    4114      39.1008
    4115      39.2630
    4116      38.9183
    4117      38.9277
    4118      38.8617
    4119      39.4405
    4120      39.4925
    4121      39.0762
    4122      39.2008
    4123      39.3001
    4124      39.3737
    4125      39.2448
    4126      39.3223
    4127      38.9354
    4128      39.0860
    4129      39.1124
    4130      38.6326
    4131      38.6610
    4132      38.8258
    4133      39.1532
    4134      38.9516
    4135      38.9369
    4136      39.0361
    4137      38.9350
    4138      39.2265
    4139      39.0273
    4140      39.0403
    4141      38.9711
    4142      38.8838
    4143      39.0825
    4144      38.8032
    4145      38.6074
    4146      38.5839
    4147      38.7806
    4148      38.7642
    4149      38.9429
    4150      38.6337
    4151      38.8707
    4152      38.9992
    4153      38.8195
    4154      38.9150
    4155      38.7946
    4156      38.8370
    4157      38.9315
    4158      39.2272
    4159      38.8291
    4160      39.3849
    4161      39.4380
    4162      39.2173
    4163      39.1965
    4164      39.2949
    4165      39.1597
    4166      39.1954
    4167      39.1250
    4168      39.3012
    4169      39.3598
    4170      39.3146
    4171      38.9021
    4172      38.7069
    4173      39.2344
    4174      39.2162
    4175      39.6717
    4176      39.5063
    4177      39.5018
    4178      39.7409
    4179      39.2913
    4180      39.3359
    4181      39.2708
    4182      39.4060
    4183      39.2021
    4184      39.2202
    4185      39.1989
    4186      39.3650
    4187      39.6065
    4188      39.7269
    4189      39.3802
    4190      39.6853
    4191      39.6033
    4192      39.5652
    4193      39.1899
    4194      39.3011
    4195      39.2674
    4196      39.4738
    4197      39.4334
    4198      39.4563
    4199      39.1609
    4200      39.1067
    4201      38.8302
    4202      38.8438
    4203      39.0975
    4204      38.9956
    4205      39.1225
    4206      39.1694
    4207      39.2667
    4208      39.0851
    4209      39.4083
    4210      39.1652
    4211      39.4814
    4212      39.3106
    4213      39.1947
    4214      39.4767
    4215      39.4967
    4216      38.9302
    4217      39.2774
    4218      39.3135
    4219      39.4292
    4220      39.7796
    4221      39.8249
    4222      39.6717
    4223      39.4054
    4224      39.4843
    4225      39.1787
    4226      39.5245
    4227      39.1039
    4228      39.5910
    4229      38.9957
    4230      39.3730
    4231      38.7509
    4232      38.6258
    4233      38.8413
    4234      39.0324
    4235      39.1921
    4236      38.9250
    4237      39.5163
    4238      39.5983
    4239      39.2650
    4240      39.2345
    4241      39.3715
    4242      39.7668
    4243      39.4547
    4244      39.4776
    4245      39.3646
    4246      39.6569
    4247      39.6593
    4248      39.2674
    4249      39.5085
    4250      39.2395
    4251      39.4784
    4252      39.3049
    4253      39.8069
    4254      39.6243
    4255      39.5652
    4256      39.1569
    4257      39.4419
    4258      39.0533
    4259      39.3895
    4260      39.5582
    4261      39.3466
    4262      39.4169
    4263      39.6078
    4264      39.1483
    4265      39.6533
    4266      39.3268
    4267      39.3008
    4268      39.5424
    4269      39.2799
    4270      39.5150
    4271      39.2648
    4272      39.5338
    4273      39.2096
    4274      39.3870
    4275      39.3071
    4276      38.9155
    4277      39.2314
    4278      39.2015
    4279      38.9862
    4280      38.8887
    4281      39.6196
    4282      38.8148
    4283      39.2836
    4284      39.3170
    4285      38.7099
    4286      39.0276
    4287      39.1347
    4288      39.2987
    4289      39.1251
    4290      38.9882
    4291      39.2225
    4292      38.9772
    4293      38.8650
    4294      39.2658
    4295      39.0369
    4296      39.1214
    4297      38.9695
    4298      39.3706
    4299      38.9871
    4300      38.9882
    4301      38.7946
    4302      38.8655
    4303      38.9369
    4304      38.8449
    4305      39.1546
    4306      39.1227
    4307      39.1194
    4308      38.8525
    4309      38.8659
    4310      38.9167
    4311      39.6592
    4312      39.0621
    4313      39.2150
    4314      39.3297
    4315      39.3903
    4316      39.0960
    4317      39.0556
    4318      39.0552
    4319      39.0730
    4320      39.3268
    4321      38.9352
    4322      39.1804
    4323      39.1929
    4324      38.9649
    4325      38.8844
    4326      39.0313
    4327      39.2025
    4328      39.2622
    4329      39.3024
    4330      39.2252
    4331      39.1297
    4332      39.1849
    4333      39.1863
    4334      39.2423
    4335      39.5074
    4336      38.9346
    4337      39.0789
    4338      38.8911
    4339      38.8484
    4340      39.0723
    4341      39.2695
    4342      39.6842
    4343      38.7658
    4344      38.7453
    4345      38.7907
    4346      39.0925
    4347      38.9846
    4348      39.1110
    4349      39.1574
    4350      39.2579
    4351      39.4614
    4352      38.9667
    4353      39.3892
    4354      38.9806
    4355      38.9264
    4356      38.9224
    4357      38.9988
    4358      39.0538
    4359      39.1372
    4360      39.3879
    4361      39.3474
    4362      39.2492
    4363      39.3084
    4364      39.2638
    4365      39.5557
    4366      39.2500
    4367      39.0294
    4368      39.3928
    4369      39.5057
    4370      38.9958
    4371      39.2658
    4372      39.1777
    4373      39.1270
    4374      39.0060
    4375      39.2798
    4376      38.9775
    4377      38.8129
    4378      39.1511
    4379      39.3802
    4380      38.7367
    4381      38.5714
    4382      38.5535
    4383      39.1121
    4384      38.6169
    4385      38.5083
    4386      38.4033
    4387      38.9607
    4388      38.7349
    4389      38.6292
    4390      38.4571
    4391      38.6936
    4392      38.8864
    4393      38.5679
    4394      38.7555
    4395      38.5783
    4396      38.4995
    4397      38.7495
    4398      38.5450
    4399      38.7384
    4400      38.4876
    4401      38.5658
    4402      38.9518
    4403      39.1837
    4404      39.0728
    4405      38.8624
    4406      38.6749
    4407      38.9281
    4408      38.8109
    4409      39.1078
    4410      38.7946
    4411      38.9656
    4412      39.2663
    4413      39.1002
    4414      38.9717
    4415      38.6017
    4416      38.8858
    4417      38.5027
    4418      38.5806
    4419      38.5803
    4420      38.6633
    4421      38.5126
    4422      38.6767
    4423      38.5938
    4424      38.6145
    4425      38.5195
    4426      38.7980
    4427      38.7008
    4428      39.1287
    4429      39.1459
    4430      39.0121
    4431      39.1385
    4432      39.1935
    4433      39.2961
    4434      39.2206
    4435      38.9280
    4436      39.0017
    4437      39.1364
    4438      39.3086
    4439      39.4565
    4440      39.1948
    4441      39.8214
    4442      39.3839
    4443      39.7344
    4444      38.9660
    4445      39.0734
    4446      39.0620
    4447      38.7076
    4448      39.0554
    4449      38.8287
    4450      38.3272
    4451      38.5775
    4452      38.5321
    4453      38.8421
    4454      39.0735
    4455      39.0312
    4456      38.7421
    4457      38.9298
    4458      38.6229
    4459      39.0004
    4460      39.1774
    4461      39.0043
    4462      38.7148
    4463      39.0019
    4464      38.7997
    4465      38.6116
    4466      38.8699
    4467      38.9428
    4468      38.8197
    4469      38.8046
    4470      38.3421
    4471      38.9527
    4472      38.9706
    4473      38.9077
    4474      39.1597
    4475      39.0997
    4476      39.1968
    4477      38.9604
    4478      38.6115
    4479      38.7713
    4480      38.8993
    4481      38.7094
    4482      39.1841
    4483      38.8866
    4484      38.4237
    4485      38.7099
    4486      38.2931
    4487      38.1650
    4488      38.5168
    4489      38.7263
    4490      39.0868
    4491      39.0935
    4492      39.3725
    4493      39.0510
    4494      39.1357
    4495      38.5972
    4496      38.5979
    4497      38.7326
    4498      38.5181
    4499      38.5274
    4500      38.7372
    4501      38.7314
    4502      38.9870
    4503      38.9530
    4504      38.7261
    4505      38.5438
    4506      38.6107
    4507      38.9105
    4508      39.0150
    4509      38.9581
    4510      39.1277
    4511      38.8710
    4512      39.0662
    4513      39.0047
    4514      38.8027
    4515      38.7677
    4516      38.9649
    4517      39.4860
    4518      38.8207
    4519      38.8773
    4520      39.0464
    4521      39.0236
    4522      39.3434
    4523      38.6819
    4524      38.6842
    4525      39.1833
    4526      39.2547
    4527      39.0153
    4528      38.5532
    4529      38.7197
    4530      38.9137
    4531      38.7697
    4532      39.2137
    4533      38.6442
    4534      38.8153
    4535      39.1075
    4536      39.1646
    4537      39.1481
    4538      39.0532
    4539      39.1378
    4540      38.9518
    4541      38.8912
    4542      38.8009
    4543      39.1119
    4544      38.7109
    4545      39.1946
    4546      38.8843
    4547      39.0913
    4548      38.7613
    4549      39.0852
    4550      38.7219
    4551      39.0511
    4552      39.3259
    4553      38.6678
    4554      39.1054
    4555      38.9434
    4556      38.9400
    4557      38.6533
    4558      38.9533
    4559      38.7152
    4560      38.6211
    4561      38.9433
    4562      38.5725
    4563      38.6819
    4564      38.5317
    4565      38.5264
    4566      38.5831
    4567      38.7576
    4568      38.3030
    4569      38.5638
    4570      38.5062
    4571      38.3015
    4572      38.3988
    4573      38.0854
    4574      38.4824
    4575      38.0366
    4576      38.3977
    4577      38.5840
    4578      38.2013
    4579      38.4954
    4580      38.3661
    4581      38.2783
    4582      38.4325
    4583      37.8556
    4584      38.1457
    4585      37.7699
    4586      38.0726
    4587      38.1094
    4588      38.3355
    4589      38.3400
    4590      38.6259
    4591      38.5295
    4592      38.3910
    4593      38.0593
    4594      38.5945
    4595      38.3629
    4596      38.0632
    4597      37.8817
    4598      37.4688
    4599      37.8861
    4600      38.2420
    4601      38.3397
    4602      38.2998
    4603      38.2214
    4604      38.0171
    4605      38.2752
    4606      38.2004
    4607      38.1908
    4608      38.1840
    4609      38.4498
    4610      38.3959
    4611      38.3808
    4612      38.7514
    4613      38.3751
    4614      38.3854
    4615      38.4196
    4616      38.1661
    4617      38.1938
    4618      38.3286
    4619      38.2797
    4620      38.2659
    4621      38.1036
    4622      38.0489
    4623      37.8128
    4624      38.1774
    4625      38.1277
    4626      38.1158
    4627      38.4306
    4628      38.2805
    4629      38.0592
    4630      38.0793
    4631      38.0038
    4632      37.9259
    4633      38.2841
    4634      38.1274
    4635      38.1793
    4636      38.2957
    4637      38.2913
    4638      38.3305
    4639      37.9889
    4640      37.9761
    4641      38.2843
    4642      38.5541
    4643      37.9932
    4644      38.0621
    4645      37.8867
    4646      37.8998
    4647      37.9857
    4648      38.2372
    4649      38.2951
    4650      38.5800
    4651      38.3506
    4652      38.4120
    4653      38.3238
    4654      38.4194
    4655      38.2216
    4656      38.2307
    4657      38.2888
    4658      38.2735
    4659      38.0866
    4660      38.1522
    4661      37.9431
    4662      37.8882
    4663      38.1231
    4664      38.3856
    4665      38.0805
    4666      38.5203
    4667      38.4248
    4668      38.1690
    4669      38.2770
    4670      38.0586
    4671      37.7990
    4672      37.5661
    4673      37.8411
    4674      37.8450
    4675      37.6519
    4676      38.1631
    4677      37.8055
    4678      38.1166
    4679      37.6067
    4680      38.0890
    4681      37.8193
    4682      37.7588
    4683      37.6012
    4684      37.9083
    4685      38.1926
    4686      38.2562
    4687      37.9700
    4688      38.0761
    4689      38.3501
    4690      38.1007
    4691      38.0279
    4692      38.0718
    4693      38.4218
    4694      38.0817
    4695      38.0590
    4696      37.6523
    4697      38.0859
    4698      37.7893
    4699      37.5903
    4700      38.2478
    4701      38.2769
    4702      38.3639
    4703      37.8365
    4704      38.1880
    4705      37.8277
    4706      38.0562
    4707      37.9256
    4708      37.8138
    4709      37.8202
    4710      38.1668
    4711      38.5088
    4712      38.1514
    4713      38.3674
    4714      38.3801
    4715      38.5417
    4716      38.2018
    4717      38.4548
    4718      38.0681
    4719      38.1741
    4720      38.4030
    4721      38.1454
    4722      37.9643
    4723      38.3355
    4724      38.3357
    4725      38.2042
    4726      38.3968
    4727      38.6223
    4728      38.5619
    4729      38.8802
    4730      38.4566
    4731      38.3944
    4732      38.8421
    4733      38.4286
    4734      37.7619
    4735      38.0389
    4736      37.8753
    4737      38.0642
    4738      38.2432
    4739      37.9690
    4740      37.8768
    4741      37.7632
    4742      38.0588
    4743      37.8826
    4744      37.8789
    4745      38.3188
    4746      37.5422
    4747      37.7325
    4748      37.8984
    4749      38.0628
    4750      37.9537
    4751      37.8510
    4752      37.7748
    4753      37.9398
    4754      38.1624
    4755      38.2350
    4756      38.3438
    4757      37.8611
    4758      37.8693
    4759      38.5633
    4760      37.9215
    4761      38.1188
    4762      37.9533
    4763      38.2051
    4764      38.2168
    4765      38.0827
    4766      37.8047
    4767      37.8535
    4768      37.7335
    4769      37.6190
    4770      37.7038
    4771      37.9553
    4772      37.8296
    4773      37.7577
    4774      37.7068
    4775      37.9820
    4776      37.9948
    4777      38.1193
    4778      37.7905
    4779      38.1580
    4780      38.2690
    4781      38.3317
    4782      38.2530
    4783      38.1173
    4784      37.9716
    4785      37.6036
    4786      38.0411
    4787      37.7331
    4788      37.6842
    4789      38.0428
    4790      38.3574
    4791      38.0443
    4792      37.7824
    4793      38.5203
    4794      38.2701
    4795      38.1003
    4796      38.2296
    4797      37.7123
    4798      37.6951
    4799      38.0374
    4800      38.3490
    4801      38.3376
    4802      38.1275
    4803      38.1425
    4804      38.4570
    4805      37.9209
    4806      38.2137
    4807      38.0653
    4808      38.1484
    4809      37.7634
    4810      37.9354
    4811      37.6630
    4812      37.6496
    4813      37.5121
    4814      38.0944
    4815      38.1319
    4816      38.0680
    4817      38.3481
    4818      38.0324
    4819      37.7739
    4820      37.8435
    4821      37.9620
    4822      38.0355
    4823      38.2717
    4824      38.2344
    4825      38.3029
    4826      38.3039
    4827      38.2282
    4828      38.0445
    4829      38.1781
    4830      37.6565
    4831      38.0218
    4832      38.3548
    4833      38.4940
    4834      38.7590
    4835      38.2038
    4836      38.0746
    4837      38.1758
    4838      37.9212
    4839      38.1348
    4840      38.0011
    4841      38.3116
    4842      38.5561
    4843      38.1709
    4844      38.5191
    4845      38.5461
    4846      38.0192
    4847      38.5032
    4848      38.5182
    4849      38.3534
    4850      38.3657
    4851      38.5574
    4852      38.4895
    4853      38.1486
    4854      38.2375
    4855      38.3105
    4856      38.4932
    4857      38.5914
    4858      38.4852
    4859      38.4641
    4860      38.1821
    4861      38.3579
    4862      38.6385
    4863      38.4042
    4864      38.1277
    4865      38.4782
    4866      38.1928
    4867      38.1726
    4868      38.2207
    4869      38.2783
    4870      38.0296
    4871      38.2486
    4872      37.9204
    4873      38.3104
    4874      38.1719
    4875      38.4972
    4876      38.4356
    4877      38.1924
    4878      38.4466
    4879      38.3363
    4880      38.2750
    4881      38.4629
    4882      38.5572
    4883      38.8060
    4884      37.9832
    4885      38.5160
    4886      38.3311
    4887      38.1432
    4888      38.3848
    4889      38.2774
    4890      38.5745
    4891      38.5840
    4892      38.3560
    4893      38.4463
    4894      38.6947
    4895      38.6742
    4896      38.5441
    4897      38.5127
    4898      38.1595
    4899      38.1204
    4900      38.2728
    4901      38.4482
    4902      38.0175
    4903      38.2007
    4904      38.2776
    4905      38.2127
    4906      38.2591
    4907      38.2225
    4908      38.7261
    4909      38.7574
    4910      38.7092
    4911      38.5904
    4912      38.3792
    4913      38.5465
    4914      38.4413
    4915      38.6201
    4916      38.1916
    4917      38.2847
    4918      38.6974
    4919      38.5169
    4920      38.6292
    4921      38.1884
    4922      38.2919
    4923      38.3475
    4924      38.5334
    4925      38.4535
    4926      38.3358
    4927      38.3143
    4928      38.5476
    4929      38.3559
    4930      38.4837
    4931      38.3389
    4932      38.5098
    4933      38.8191
    4934      38.2864
    4935      38.5605
    4936      38.4439
    4937      38.4304
    4938      38.4839
    4939      38.2786
    4940      38.3306
    4941      38.0569
    4942      38.3933
    4943      38.2999
    4944      38.3249
    4945      38.5210
    4946      38.1554
    4947      38.3664
    4948      38.3607
    4949      38.5979
    4950      38.5524
    4951      38.1646
    4952      38.4761
    4953      38.4052
    4954      38.3505
    4955      38.4976
    4956      38.4075
    4957      38.1470
    4958      38.2440
    4959      38.3076
    4960      38.0889
    4961      37.9235
    4962      38.4296
    4963      38.3805
    4964      38.4184
    4965      38.1546
    4966      38.1194
    4967      38.1238
    4968      37.8554
    4969      38.1996
    4970      38.0375
    4971      38.1169
    4972      38.2013
    4973      37.9378
    4974      38.1941
    4975      38.2984
    4976      38.2897
    4977      38.3760
    4978      37.7161
    4979      38.1644
    4980      38.2241
    4981      38.5833
    4982      38.4691
    4983      38.3690
    4984      38.4875
    4985      38.2948
    4986      38.2550
    4987      38.2074
    4988      38.7580
    4989      38.1000
    4990      38.2955
    4991      38.0185
    4992      38.4624
    4993      38.6426
    4994      38.5275
    4995      38.3597
    4996      38.4272
    4997      38.3311
    4998      38.5047
    4999      38.2619
    5000      38.2682
    5001      38.5252
    5002      38.5414
    5003      38.3670
    5004      38.5364
    5005      38.4032
    5006      38.4290
    5007      38.1602
    5008      38.4352
    5009      38.1341
    5010      38.5754
    5011      38.3767
    5012      38.3648
    5013      38.4763
    5014      38.4828
    5015      38.6560
    5016      38.4725
    5017      37.9795
    5018      38.1435
    5019      38.3087
    5020      37.9307
    5021      38.7760
    5022      38.3226
    5023      38.3063
    5024      38.2464
    5025      38.1982
    5026      38.3221
    5027      38.2149
    5028      38.5037
    5029      38.6660
    5030      38.6396
    5031      38.5242
    5032      38.3883
    5033      38.1300
    5034      38.2923
    5035      38.1275
    5036      38.2497
    5037      38.1664
    5038      38.1240
    5039      38.2496
    5040      38.0453
    5041      38.1687
    5042      38.4693
    5043      38.4614
    5044      38.2141
    5045      37.9971
    5046      38.1693
    5047      37.9732
    5048      37.8782
    5049      37.8004
    5050      37.9926
    5051      37.9010
    5052      38.0611
    5053      37.8158
    5054      38.3635
    5055      38.1254
    5056      38.2735
    5057      37.9181
    5058      37.8228
    5059      37.8334
    5060      38.1709
    5061      38.1369
    5062      38.0950
    5063      38.1236
    5064      38.2400
    5065      38.2306
    5066      38.2885
    5067      38.3820
    5068      37.9085
    5069      37.9188
    5070      38.0505
    5071      38.0825
    5072      37.9550
    5073      38.4398
    5074      38.0973
    5075      37.8873
    5076      37.8426
    5077      38.1461
    5078      37.7217
    5079      38.1909
    5080      38.0947
    5081      38.0502
    5082      38.1593
    5083      37.8976
    5084      37.7688
    5085      37.8053
    5086      37.8605
    5087      37.9759
    5088      37.9329
    5089      37.7645
    5090      37.7943
    5091      38.0589
    5092      37.7742
    5093      37.8765
    5094      38.2219
    5095      38.1638
    5096      38.1310
    5097      38.1020
    5098      38.0432
    5099      38.0647
    5100      38.2834
    5101      38.2327
    5102      38.2038
    5103      37.7147
    5104      38.2010
    5105      38.3997
    5106      38.3625
    5107      38.2806
    5108      38.3577
    5109      37.9631
    5110      38.1610
    5111      38.5806
    5112      38.4975
    5113      38.6905
    5114      38.3670
    5115      38.5910
    5116      38.3343
    5117      38.7319
    5118      38.1122
    5119      38.3502
    5120      38.3250
    5121      38.2436
    5122      38.0549
    5123      38.1832
    5124      38.4798
    5125      37.8357
    5126      38.4016
    5127      38.4247
    5128      38.0086
    5129      38.2250
    5130      38.1157
    5131      37.8891
    5132      38.0890
    5133      38.1899
    5134      38.4118
    5135      38.5430
    5136      38.2072
    5137      38.1479
    5138      37.9799
    5139      38.0639
    5140      38.1929
    5141      38.2456
    5142      38.2095
    5143      38.3141
    5144      38.3652
    5145      38.3095
    5146      38.2604
    5147      37.7286
    5148      38.1267
    5149      38.0136
    5150      38.1340
    5151      38.0700
    5152      38.5088
    5153      38.4766
    5154      38.4545
    5155      38.5328
    5156      38.0134
    5157      38.0502
    5158      38.2799
    5159      38.2494
    5160      38.1443
    5161      38.2195
    5162      38.7072
    5163      38.6905
    5164      38.3056
    5165      38.3556
    5166      37.9065
    5167      38.0456
    5168      38.4137
    5169      38.6966
    5170      38.6892
    5171      38.5203
    5172      38.6839
    5173      38.3029
    5174      38.6195
    5175      38.1510
    5176      38.2919
    5177      38.1722
    5178      37.9683
    5179      37.9793
    5180      38.3968
    5181      38.3862
    5182      38.1017
    5183      38.0886
    5184      38.4803
    5185      38.4307
    5186      38.2738
    5187      38.2912
    5188      38.4299
    5189      38.3905
    5190      38.1875
    5191      37.8850
    5192      38.1235
    5193      37.9589
    5194      38.0352
    5195      37.8445
    5196      38.3256
    5197      38.3894
    5198      37.8824
    5199      37.8793
    5200      38.0660
    5201      37.9227
    5202      37.8628
    5203      37.9282
    5204      38.1845
    5205      37.5950
    5206      38.0803
    5207      37.7882
    5208      37.9941
    5209      37.7954
    5210      37.8336
    5211      37.6660
    5212      37.6655
    5213      37.8349
    5214      37.6057
    5215      38.0832
    5216      38.1057
    5217      38.4377
    5218      38.1496
    5219      38.0201
    5220      38.3840
    5221      38.0733
    5222      37.9500
    5223      37.9242
    5224      37.9964
    5225      38.2264
    5226      38.1356
    5227      38.0817
    5228      37.7184
    5229      37.9814
    5230      37.6867
    5231      37.7776
    5232      38.1063
    5233      37.8963
    5234      38.0907
    5235      38.0204
    5236      38.0970
    5237      38.1301
    5238      38.2059
    5239      38.2638
    5240      38.1339
    5241      37.9635
    5242      38.4913
    5243      38.5442
    5244      38.1134
    5245      38.1951
    5246      38.4996
    5247      38.4767
    5248      38.5733
    5249      38.8727
    5250      38.1777
    5251      38.4133
    5252      38.1508
    5253      38.2955
    5254      38.3650
    5255      38.2663
    5256      38.2640
    5257      38.2906
    5258      38.2318
    5259      38.0603
    5260      38.1163
    5261      38.0847
    5262      38.0919
    5263      38.2115
    5264      38.2911
    5265      38.1714
    5266      38.2493
    5267      38.3632
    5268      38.2682
    5269      37.9404
    5270      37.9591
    5271      38.2976
    5272      38.3143
    5273      38.2815
    5274      38.2789
    5275      38.4143
    5276      38.0489
    5277      38.3234
    5278      38.1309
    5279      38.5895
    5280      38.5172
    5281      38.1278
    5282      38.1937
    5283      38.0953
    5284      38.2550
    5285      38.2008
    5286      37.8735
    5287      37.6738
    5288      37.9873
    5289      37.7832
    5290      37.9936
    5291      38.0500
    5292      38.0783
    5293      37.8952
    5294      37.8305
    5295      38.1307
    5296      38.1519
    5297      38.1050
    5298      38.0181
    5299      37.8994
    5300      38.0674
    5301      37.9357
    5302      37.6020
    5303      38.1130
    5304      37.9959
    5305      38.1685
    5306      37.9388
    5307      37.8010
    5308      38.0554
    5309      37.8382
    5310      37.9839
    5311      37.6704
    5312      37.9374
    5313      37.9958
    5314      37.8517
    5315      37.8887
    5316      38.1786
    5317      37.9219
    5318      38.1951
    5319      38.1317
    5320      38.0038
    5321      38.3428
    5322      38.2005
    5323      38.0086
    5324      37.9798
    5325      37.5927
    5326      38.1500
    5327      38.0768
    5328      38.0447
    5329      38.0246
    5330      37.9071
    5331      37.9652
    5332      37.5578
    5333      38.0451
    5334      37.8468
    5335      38.0525
    5336      38.0635
    5337      38.0635
    5338      37.6908
    5339      37.7766
    5340      37.9267
    5341      37.8526
    5342      37.7828
    5343      37.4728
    5344      37.5483
    5345      37.3736
    5346      37.2917
    5347      37.4198
    5348      37.1654
    5349      37.7502
    5350      37.8636
    5351      37.3174
    5352      37.5059
    5353      37.8094
    5354      37.7218
    5355      37.5008
    5356      37.8315
    5357      38.0011
    5358      37.8269
    5359      37.8257
    5360      38.1993
    5361      38.3872
    5362      38.2147
    5363      38.0014
    5364      38.0878
    5365      38.0036
    5366      38.2090
    5367      38.2301
    5368      38.0492
    5369      37.9351
    5370      38.3704
    5371      38.2117
    5372      38.1747
    5373      38.5207
    5374      38.4125
    5375      38.2588
    5376      38.4319
    5377      38.4165
    5378      38.3516
    5379      38.3230
    5380      38.1523
    5381      37.6634
    5382      37.3314
    5383      37.7118
    5384      37.8133
    5385      38.3408
    5386      38.2935
    5387      38.1189
    5388      37.7443
    5389      38.0034
    5390      37.3778
    5391      37.5792
    5392      37.3084
    5393      37.3956
    5394      37.1671
    5395      37.1143
    5396      37.3095
    5397      37.8415
    5398      38.2426
    5399      38.0471
    5400      37.7238
    5401      37.7547
    5402      38.0565
    5403      37.9868
    5404      37.7250
    5405      37.4565
    5406      37.6625
    5407      38.1410
    5408      37.9962
    5409      37.9393
    5410      37.8024
    5411      37.9393
    5412      38.1998
    5413      38.0247
    5414      37.8993
    5415      37.8399
    5416      37.8161
    5417      38.1135
    5418      38.1554
    5419      38.1980
    5420      38.4003
    5421      38.4469
    5422      38.1071
    5423      38.2493
    5424      37.9621
    5425      38.0496
    5426      37.8977
    5427      37.6787
    5428      37.8093
    5429      37.8685
    5430      38.3799
    5431      37.9638
    5432      38.3770
    5433      38.4909
    5434      38.5359
    5435      38.5109
    5436      39.0091
    5437      38.5834
    5438      38.2749
    5439      38.6669
    5440      38.5363
    5441      38.3183
    5442      38.7601
    5443      38.6527
    5444      38.5859
    5445      38.3218
    5446      38.3811
    5447      38.0751
    5448      38.1115
    5449      38.2376
    5450      38.4036
    5451      38.3265
    5452      38.1472
    5453      38.2044
    5454      38.1418
    5455      38.0937
    5456      38.5662
    5457      38.6360
    5458      38.6877
    5459      38.4702
    5460      38.1339
    5461      38.4395
    5462      38.1288
    5463      38.3808
    5464      38.2043
    5465      38.3742
    5466      38.4216
    5467      37.8411
    5468      38.0812
    5469      38.2510
    5470      38.0349
    5471      38.5199
    5472      38.1195
    5473      38.3931
    5474      38.2659
    5475      38.3563
    5476      38.1673
    5477      38.3439
    5478      38.6500
    5479      38.6082
    5480      38.3404
    5481      38.6763
    5482      38.0801
    5483      38.3018
    5484      38.3444
    5485      38.4032
    5486      38.4539
    5487      38.4514
    5488      38.3379
    5489      38.5247
    5490      38.3123
    5491      38.3757
    5492      38.0037
    5493      38.3954
    5494      38.0853
    5495      38.6428
    5496      38.5351
    5497      38.5481
    5498      38.6243
    5499      38.3212
    5500      38.8748
    5501      38.5633
    5502      37.8777
    5503      38.3217
    5504      38.0676
    5505      38.2685
    5506      38.3994
    5507      38.4858
    5508      38.2927
    5509      38.2896
    5510      38.7098
    5511      38.9752
    5512      38.5046
    5513      37.8182
    5514      38.2816
    5515      38.2785
    5516      38.0359
    5517      38.2615
    5518      38.1008
    5519      38.2151
    5520      38.4022
    5521      38.3752
    5522      38.3201
    5523      38.6536
    5524      38.1492
    5525      37.9979
    5526      38.1417
    5527      38.6700
    5528      38.5946
    5529      38.6832
    5530      38.9556
    5531      38.8608
    5532      38.6740
    5533      38.5938
    5534      39.0164
    5535      39.0795
    5536      38.8693
    5537      38.9785
    5538      38.9056
    5539      38.7304
    5540      38.5088
    5541      38.6929
    5542      38.7819
    5543      38.5748
    5544      38.4584
    5545      38.6334
    5546      38.3846
    5547      38.8608
    5548      38.6700
    5549      38.4893
    5550      38.4481
    5551      38.6830
    5552      38.6860
    5553      38.3873
    5554      38.7390
    5555      39.0140
    5556      39.2576
    5557      38.8358
    5558      38.5669
    5559      38.8611
    5560      38.8280
    5561      38.4004
    5562      38.4604
    5563      38.4935
    5564      38.5658
    5565      38.8902
    5566      38.6943
    5567      38.3408
    5568      38.5926
    5569      38.3981
    5570      38.7789
    5571      38.3359
    5572      38.5207
    5573      38.5044
    5574      38.3971
    5575      38.6956
    5576      38.3402
    5577      38.4259
    5578      38.6097
    5579      38.3658
    5580      38.5719
    5581      38.2472
    5582      38.4547
    5583      38.5701
    5584      38.5597
    5585      38.2573
    5586      38.1008
    5587      38.6033
    5588      38.6857
    5589      38.3154
    5590      38.4893
    5591      38.4084
    5592      38.4210
    5593      38.6177
    5594      38.5690
    5595      38.3293
    5596      38.2532
    5597      38.5348
    5598      38.7118
    5599      38.6098
    5600      38.3221
    5601      38.1495
    5602      38.1651
    5603      38.0470
    5604      38.2157
    5605      38.4750
    5606      38.6982
    5607      38.0809
    5608      38.5104
    5609      38.3988
    5610      38.3703
    5611      38.6268
    5612      38.7048
    5613      38.9418
    5614      38.7950
    5615      38.4429
    5616      38.1324
    5617      38.2594
    5618      38.4323
    5619      38.8865
    5620      38.5167
    5621      38.2867
    5622      38.8655
    5623      38.7695
    5624      38.8867
    5625      38.6145
    5626      38.7095
    5627      38.8967
    5628      38.7316
    5629      38.5617
    5630      38.5114
    5631      38.6614
    5632      38.7159
    5633      38.6971
    5634      38.5993
    5635      38.4932
    5636      38.7058
    5637      38.4519
    5638      38.5125
    5639      38.6286
    5640      38.4357
    5641      38.8124
    5642      38.5837
    5643      38.3658
    5644      38.1926
    5645      38.4388
    5646      38.4238
    5647      38.2686
    5648      38.9100
    5649      38.7467
    5650      38.4290
    5651      38.3726
    5652      38.2384
    5653      38.1381
    5654      38.1862
    5655      38.1548
    5656      38.4866
    5657      38.5180
    5658      38.5350
    5659      38.4500
    5660      38.3074
    5661      38.4015
    5662      38.8575
    5663      38.4685
    5664      38.2699
    5665      38.7107
    5666      38.5551
    5667      38.2768
    5668      38.4047
    5669      38.5289
    5670      38.6824
    5671      39.0199
    5672      38.8872
    5673      38.7782
    5674      38.9635
    5675      38.6635
    5676      38.5758
    5677      38.8448
    5678      38.8868
    5679      39.2006
    5680      38.7726
    5681      38.7715
    5682      38.9040
    5683      38.6987
    5684      38.5342
    5685      38.6148
    5686      38.8573
    5687      39.4210
    5688      38.9404
    5689      38.9236
    5690      39.6284
    5691      38.8438
    5692      39.0012
    5693      38.4731
    5694      39.1000
    5695      39.0519
    5696      39.1583
    5697      38.8451
    5698      38.7636
    5699      38.8958
    5700      38.6874
    5701      39.1578
    5702      39.0098
    5703      39.1082
    5704      38.5733
    5705      38.4534
    5706      38.8312
    5707      39.0744
    5708      38.9786
    5709      38.6704
    5710      39.0434
    5711      38.9946
    5712      38.7636
    5713      38.9563
    5714      39.5197
    5715      39.1487
    5716      38.7707
    5717      38.5809
    5718      39.0465
    5719      39.2807
    5720      39.3261
    5721      39.2596
    5722      39.0657
    5723      39.3365
    5724      39.0412
    5725      39.1774
    5726      39.0529
    5727      39.2417
    5728      38.9477
    5729      39.0620
    5730      38.8078
    5731      38.9332
    5732      39.2216
    5733      39.5675
    5734      39.0532
    5735      38.5192
    5736      39.1211
    5737      39.1073
    5738      39.1845
    5739      39.0823
    5740      39.2778
    5741      39.0662
    5742      39.1218
    5743      39.2787
    5744      39.2600
    5745      39.2759
    5746      39.1583
    5747      39.0425
    5748      39.3246
    5749      38.9152
    5750      39.2979
    5751      39.1863
    5752      39.0894
    5753      39.2697
    5754      39.0343
    5755      38.8761
    5756      38.9144
    5757      38.7938
    5758      38.8526
    5759      38.9297
    5760      38.6705
    5761      39.3485
    5762      39.0974
    5763      38.6089
    5764      38.9630
    5765      38.8252
    5766      38.5697
    5767      38.6228
    5768      38.5610
    5769      38.5711
    5770      38.7035
    5771      38.6336
    5772      38.7611
    5773      38.5216
    5774      38.2864
    5775      38.4866
    5776      38.2032
    5777      38.2974
    5778      38.7025
    5779      38.8118
    5780      38.4232
    5781      38.2799
    5782      38.2245
    5783      38.3706
    5784      38.4356
    5785      38.1831
    5786      38.1015
    5787      38.3387
    5788      37.9720
    5789      38.1806
    5790      38.0139
    5791      38.2793
    5792      38.3939
    5793      38.3389
    5794      38.2169
    5795      38.5210
    5796      38.6265
    5797      38.6536
    5798      38.4709
    5799      38.6920
    5800      38.3608
    5801      38.5011
    5802      38.5106
    5803      38.4926
    5804      38.7780
    5805      38.9239
    5806      38.5860
    5807      38.5561
    5808      38.3124
    5809      38.4613
    5810      38.3581
    5811      37.9622
    5812      38.2181
    5813      38.6410
    5814      38.6646
    5815      38.4393
    5816      38.6407
    5817      38.5347
    5818      38.5583
    5819      38.4679
    5820      38.9788
    5821      38.5498
    5822      38.3296
    5823      38.5895
    5824      38.8371
    5825      38.3725
    5826      38.2835
    5827      38.7127
    5828      38.4925
    5829      38.4561
    5830      38.3993
    5831      38.1333
    5832      38.6450
    5833      38.4362
    5834      38.4890
    5835      38.3455
    5836      38.5043
    5837      38.8079
    5838      38.8326
    5839      38.4429
    5840      38.6757
    5841      38.6341
    5842      38.5057
    5843      38.5481
    5844      38.2731
    5845      38.1531
    5846      38.4732
    5847      38.1494
    5848      38.1735
    5849      38.2002
    5850      38.4019
    5851      38.4203
    5852      38.2367
    5853      38.5971
    5854      38.7050
    5855      38.4584
    5856      38.7059
    5857      38.2962
    5858      38.2350
    5859      38.1868
    5860      38.1834
    5861      37.9809
    5862      38.2167
    5863      38.8539
    5864      38.9459
    5865      38.5689
    5866      38.4419
    5867      38.3391
    5868      38.2010
    5869      38.5880
    5870      38.8602
    5871      38.5525
    5872      38.4264
    5873      38.6372
    5874      38.2880
    5875      38.1246
    5876      38.2425
    5877      38.3947
    5878      38.3870
    5879      38.3434
    5880      38.7774
    5881      38.7879
    5882      38.5175
    5883      38.4404
    5884      38.1250
    5885      38.3657
    5886      38.3436
    5887      38.3567
    5888      38.2907
    5889      38.3077
    5890      38.2632
    5891      38.3612
    5892      38.2375
    5893      38.2495
    5894      38.3520
    5895      38.3654
    5896      38.8066
    5897      38.9139
    5898      38.1634
    5899      38.0472
    5900      38.2791
    5901      38.4906
    5902      38.4454
    5903      37.7892
    5904      37.3785
    5905      38.2388
    5906      38.0626
    5907      38.0344
    5908      37.9334
    5909      38.4089
    5910      38.1094
    5911      37.9552
    5912      37.6982
    5913      37.9848
    5914      38.2834
    5915      37.7245
    5916      37.7091
    5917      37.6442
    5918      37.8135
    5919      37.9532
    5920      37.9486
    5921      37.7507
    5922      37.8326
    5923      38.1378
    5924      37.6470
    5925      37.8023
    5926      38.1518
    5927      38.1582
    5928      38.0289
    5929      38.3161
    5930      38.2076
    5931      38.5943
    5932      38.2643
    5933      38.4854
    5934      38.2071
    5935      37.9312
    5936      37.8690
    5937      37.8743
    5938      38.5992
    5939      38.5047
    5940      38.4745
    5941      38.3814
    5942      38.0086
    5943      38.1154
    5944      38.1237
    5945      38.2703
    5946      38.5952
    5947      38.4502
    5948      38.4178
    5949      38.7464
    5950      38.1649
    5951      38.3265
    5952      38.3509
    5953      38.4519
    5954      38.8869
    5955      38.3768
    5956      38.2739
    5957      38.3239
    5958      38.5139
    5959      38.0202
    5960      38.4372
    5961      38.0861
    5962      38.0088
    5963      38.2026
    5964      38.3746
    5965      38.3589
    5966      38.4352
    5967      39.1197
    5968      38.3599
    5969      38.6209
    5970      38.2892
    5971      38.2819
    5972      38.0374
    5973      38.0654
    5974      38.1329
    5975      37.9840
    5976      37.9058
    5977      37.7234
    5978      38.4409
    5979      37.9600
    5980      37.8947
    5981      38.4520
    5982      38.1675
    5983      38.1936
    5984      38.5859
    5985      38.3886
    5986      38.4045
    5987      38.4952
    5988      38.4676
    5989      38.7280
    5990      38.6238
    5991      38.2890
    5992      38.9109
    5993      39.1530
    5994      39.1069
    5995      38.8981
    5996      38.6973
    5997      38.4045
    5998      38.4935
    5999      38.5667
    6000      38.6612
    6001      38.7778
    6002      37.8208
    6003      38.4063
    6004      38.4878
    6005      38.4097
    6006      38.0889
    6007      38.3997
    6008      38.4613
    6009      38.5566
    6010      38.7307
    6011      38.9040
    6012      38.3459
    6013      38.5011
    6014      38.2802
    6015      38.3024
    6016      38.2371
    6017      38.2825
    6018      38.1742
    6019      38.6644
    6020      38.6888
    6021      38.5756
    6022      38.2095
    6023      38.5291
    6024      38.6831
    6025      38.7290
    6026      38.4073
    6027      38.4297
    6028      38.2424
    6029      38.2461
    6030      38.1062
    6031      38.0352
    6032      38.1979
    6033      38.3382
    6034      38.0760
    6035      38.6588
    6036      38.2289
    6037      37.7946
    6038      37.8436
    6039      38.2365
    6040      38.1212
    6041      38.4034
    6042      38.5739
    6043      38.8450
    6044      38.5315
    6045      38.7786
    6046      38.7838
    6047      38.5673
    6048      38.6838
    6049      38.0701
    6050      38.3277
    6051      38.4078
    6052      38.5743
    6053      38.5512
    6054      38.1401
    6055      38.5090
    6056      38.7570
    6057      38.1198
    6058      38.2192
    6059      38.1122
    6060      38.2857
    6061      38.2588
    6062      38.1737
    6063      38.3940
    6064      38.2677
    6065      38.3200
    6066      38.1869
    6067      38.1437
    6068      38.4205
    6069      38.4293
    6070      38.8361
    6071      38.5207
    6072      38.3987
    6073      38.5272
    6074      38.5020
    6075      38.3964
    6076      38.9273
    6077      38.8358
    6078      38.8817
    6079      38.4192
    6080      38.4390
    6081      38.5364
    6082      38.5347
    6083      38.3030
    6084      38.6527
    6085      38.6137
    6086      38.4404
    6087      38.4780
    6088      38.1047
    6089      38.5161
    6090      38.2117
    6091      38.6877
    6092      38.6535
    6093      38.6391
    6094      38.5389
    6095      38.3649
    6096      38.7601
    6097      38.7250
    6098      38.5608
    6099      38.7582
    6100      38.3547
    6101      38.2358
    6102      38.5068
    6103      38.5455
    6104      38.3187
    6105      38.8058
    6106      38.6629
    6107      38.4688
    6108      38.4905
    6109      38.6087
    6110      38.5080
    6111      38.5124
    6112      38.8816
    6113      38.5000
    6114      38.9414
    6115      38.5748
    6116      38.5230
    6117      38.2046
    6118      38.4279
    6119      38.2728
    6120      38.8820
    6121      38.7174
    6122      38.8075
    6123      38.5278
    6124      38.3375
    6125      38.8575
    6126      38.9295
    6127      39.0171
    6128      38.8796
    6129      38.7843
    6130      38.4703
    6131      38.8231
    6132      39.0830
    6133      39.0278
    6134      38.7386
    6135      38.7791
    6136      39.1780
    6137      39.1746
    6138      39.1390
    6139      39.0927
    6140      38.9109
    6141      38.8953
    6142      39.1993
    6143      39.1495
    6144      38.7647
    6145      39.0263
    6146      38.9485
    6147      38.7453
    6148      38.5701
    6149      38.5315
    6150      38.6560
    6151      38.6867
    6152      38.5956
    6153      38.7080
    6154      38.8941
    6155      39.0087
    6156      39.1449
    6157      39.0337
    6158      39.2113
    6159      38.6379
    6160      39.0410
    6161      38.7307
    6162      38.4776
    6163      38.6822
    6164      38.5587
    6165      39.2175
    6166      38.6864
    6167      38.7548
    6168      38.8382
    6169      39.1393
    6170      39.2933
    6171      38.8258
    6172      38.9918
    6173      38.9384
    6174      39.0888
    6175      38.7399
    6176      38.7112
    6177      38.3209
    6178      38.4371
    6179      38.1703
    6180      38.4940
    6181      38.3216
    6182      38.1423
    6183      38.3868
    6184      38.7587
    6185      38.6106
    6186      38.8477
    6187      38.3492
    6188      38.2785
    6189      38.1814
    6190      38.0605
    6191      38.1502
    6192      38.2897
    6193      38.8006
    6194      38.4955
    6195      38.1826
    6196      38.6776
    6197      38.3291
    6198      38.3228
    6199      38.3260
    6200      38.5224
    6201      38.1953
    6202      37.9708
    6203      37.9981
    6204      37.8447
    6205      38.0238
    6206      38.1926
    6207      38.3401
    6208      38.3552
    6209      38.4416
    6210      38.8923
    6211      38.2729
    6212      38.1320
    6213      38.4247
    6214      38.6364
    6215      38.6571
    6216      38.5078
    6217      38.7452
    6218      38.1432
    6219      38.5014
    6220      38.5572
    6221      38.4830
    6222      38.3727
    6223      38.4853
    6224      38.6790
    6225      38.6174
    6226      38.4820
    6227      38.7941
    6228      38.4103
    6229      38.4886
    6230      38.5013
    6231      38.7998
    6232      38.8460
    6233      38.4796
    6234      38.7640
    6235      38.6484
    6236      38.6348
    6237      38.4414
    6238      38.5036
    6239      38.4564
    6240      38.6191
    6241      38.8506
    6242      38.9127
    6243      38.6322
    6244      38.8130
    6245      38.6087
    6246      38.6205
    6247      38.5800
    6248      38.3449
    6249      38.3626
    6250      38.2559
    6251      38.6983
    6252      38.2670
    6253      38.1722
    6254      38.3588
    6255      38.1732
    6256      38.2494
    6257      38.3527
    6258      38.4042
    6259      38.2267
    6260      37.6774
    6261      38.1271
    6262      38.2366
    6263      38.3593
    6264      38.3406
    6265      38.1975
    6266      38.0084
    6267      38.4033
    6268      38.1510
    6269      38.3542
    6270      37.9588
    6271      38.7548
    6272      38.6458
    6273      38.1032
    6274      38.2094
    6275      37.9813
    6276      38.2860
    6277      38.1662
    6278      38.3640
    6279      37.6325
    6280      37.7112
    6281      37.9472
    6282      37.8284
    6283      37.5996
    6284      37.5662
    6285      37.6122
    6286      38.0068
    6287      38.0569
    6288      37.9026
    6289      37.8871
    6290      38.0824
    6291      37.8525
    6292      37.9797
    6293      38.1152
    6294      37.9706
    6295      38.2178
    6296      37.9376
    6297      37.9902
    6298      37.8744
    6299      38.2237
    6300      38.1234
    6301      37.9917
    6302      37.9763
    6303      38.2873
    6304      38.1340
    6305      38.2754
    6306      38.2272
    6307      38.1473
    6308      38.0784
    6309      38.3583
    6310      38.1154
    6311      38.1214
    6312      37.8510
    6313      38.0006
    6314      38.1554
    6315      37.9096
    6316      37.4682
    6317      37.8180
    6318      38.3055
    6319      38.1576
    6320      38.0072
    6321      38.1932
    6322      38.2073
    6323      37.6911
    6324      37.8315
    6325      37.9611
    6326      38.0012
    6327      38.1566
    6328      38.4248
    6329      37.4660
    6330      38.0873
    6331      38.1602
    6332      38.1289
    6333      38.1327
    6334      38.1118
    6335      38.1397
    6336      38.2201
    6337      38.2580
    6338      38.4482
    6339      38.4181
    6340      38.1222
    6341      38.0509
    6342      38.1658
    6343      37.9967
    6344      37.8646
    6345      37.8972
    6346      38.1635
    6347      38.2499
    6348      37.9763
    6349      38.2256
    6350      38.5956
    6351      38.2433
    6352      38.1322
    6353      37.9720
    6354      38.2391
    6355      38.2145
    6356      38.3384
    6357      38.3797
    6358      38.2945
    6359      38.5864
    6360      38.6487
    6361      38.4612
    6362      38.1405
    6363      38.3953
    6364      37.9472
    6365      38.4832
    6366      38.1497
    6367      38.0507
    6368      38.2141
    6369      38.1372
    6370      38.2226
    6371      38.4592
    6372      38.2183
    6373      38.5886
    6374      38.2803
    6375      38.1144
    6376      38.0662
    6377      38.0673
    6378      38.1133
    6379      37.9450
    6380      38.2235
    6381      38.1888
    6382      37.8259
    6383      37.7020
    6384      37.9906
    6385      38.1163
    6386      37.9600
    6387      38.2102
    6388      38.1902
    6389      38.1477
    6390      37.8989
    6391      38.2356
    6392      37.7807
    6393      37.7070
    6394      38.1184
    6395      37.9288
    6396      38.0394
    6397      37.7768
    6398      37.7967
    6399      38.0514
    6400      38.0019
    6401      37.6940
    6402      38.0333
    6403      38.2950
    6404      38.1140
    6405      38.2313
    6406      38.1732
    6407      38.2085
    6408      37.8067
    6409      38.2021
    6410      37.9648
    6411      38.0284
    6412      37.8093
    6413      37.8098
    6414      37.8764
    6415      37.6113
    6416      38.0489
    6417      37.8451
    6418      38.1859
    6419      38.2976
    6420      37.9919
    6421      38.1607
    6422      38.4044
    6423      38.3013
    6424      38.1113
    6425      38.3283
    6426      38.0389
    6427      38.3440
    6428      38.2562
    6429      38.0238
    6430      38.3572
    6431      38.3321
    6432      38.1535
    6433      37.8718
    6434      38.0881
    6435      38.1230
    6436      37.7052
    6437      38.0807
    6438      38.5114
    6439      37.9858
    6440      37.8110
    6441      38.1820
    6442      38.7481
    6443      38.2286
    6444      38.2540
    6445      37.7994
    6446      37.7930
    6447      37.9419
    6448      38.0726
    6449      37.7646
    6450      37.8831
    6451      38.2594
    6452      37.7536
    6453      37.6077
    6454      37.8666
    6455      37.5210
    6456      37.7403
    6457      37.6087
    6458      37.6650
    6459      37.5604
    6460      37.9469
    6461      37.5719
    6462      37.8308
    6463      37.4224
    6464      37.5617
    6465      37.5909
    6466      37.5555
    6467      37.8205
    6468      37.6596
    6469      37.5339
    6470      37.8383
    6471      37.8280
    6472      38.0351
    6473      37.5827
    6474      38.0293
    6475      37.5884
    6476      37.3814
    6477      37.8656
    6478      37.4315
    6479      37.8756
    6480      37.5771
    6481      37.6749
    6482      37.7937
    6483      38.0833
    6484      37.8106
    6485      37.9229
    6486      38.0288
    6487      38.1701
    6488      38.0761
    6489      38.0066
    6490      38.0066
    6491      38.1305
    6492      37.9567
    6493      37.8439
    6494      38.1671
    6495      37.8252
    6496      37.8953
    6497      38.1878
    6498      38.0954
    6499      37.8129
    6500      38.1351
    6501      37.9975
    6502      38.2232
    6503      38.1423
    6504      38.0952
    6505      37.8051
    6506      37.8885
    6507      37.7473
    6508      38.0259
    6509      37.9865
    6510      38.2426
    6511      38.1144
    6512      37.7369
    6513      37.8118
    6514      37.5888
    6515      38.3691
    6516      37.7565
    6517      38.0500
    6518      37.8371
    6519      37.7394
    6520      37.8739
    6521      38.2368
    6522      38.4372
    6523      38.3454
    6524      38.5894
    6525      38.2722
    6526      38.6061
    6527      38.5737
    6528      38.6967
    6529      38.3028
    6530      38.3815
    6531      38.6516
    6532      38.6541
    6533      38.1719
    6534      38.2139
    6535      38.2372
    6536      38.1602
    6537      37.9081
    6538      37.7475
    6539      37.8760
    6540      38.3527
    6541      38.2005
    6542      38.2088
    6543      38.2725
    6544      38.2458
    6545      38.0101
    6546      38.0172
    6547      38.3510
    6548      38.1961
    6549      38.0459
    6550      38.4365
    6551      38.4063
    6552      38.1299
    6553      38.2270
    6554      38.0721
    6555      38.0218
    6556      38.1210
    6557      38.1118
    6558      38.6161
    6559      38.1719
    6560      37.8629
    6561      38.0454
    6562      37.8107
    6563      37.7722
    6564      38.1918
    6565      38.0953
    6566      37.6659
    6567      37.7150
    6568      38.1641
    6569      37.9587
    6570      37.7918
    6571      37.9782
    6572      37.7371
    6573      37.9339
    6574      37.9123
    6575      37.7357
    6576      38.0918
    6577      37.8467
    6578      38.0105
    6579      38.2476
    6580      38.1351
    6581      37.9473
    6582      38.2060
    6583      38.1152
    6584      38.1875
    6585      37.9014
    6586      37.9831
    6587      37.8184
    6588      37.5945
    6589      37.9464
    6590      37.3918
    6591      37.8518
    6592      37.7377
    6593      38.1491
    6594      37.8605
    6595      37.7741
    6596      38.2498
    6597      38.3057
    6598      38.0210
    6599      38.0175
    6600      37.7571
    6601      37.8057
    6602      37.8339
    6603      37.8917
    6604      37.7030
    6605      37.7676
    6606      37.9115
    6607      37.9858
    6608      38.0098
    6609      37.6932
    6610      38.3505
    6611      38.0428
    6612      37.9576
    6613      37.9192
    6614      37.9354
    6615      38.0157
    6616      37.9258
    6617      38.0870
    6618      37.7087
    6619      37.3783
    6620      38.0018
    6621      37.7509
    6622      37.7206
    6623      38.0835
    6624      37.8027
    6625      38.1439
    6626      37.9559
    6627      38.1103
    6628      37.8326
    6629      37.7497
    6630      37.8621
    6631      38.0700
    6632      37.8252
    6633      38.1385
    6634      38.2483
    6635      38.1385
    6636      38.1689
    6637      38.0262
    6638      37.9930
    6639      38.2438
    6640      38.1936
    6641      38.1315
    6642      38.0804
    6643      37.8340
    6644      37.8867
    6645      38.0286
    6646      37.6533
    6647      37.5516
    6648      38.2647
    6649      38.1656
    6650      38.1363
    6651      38.1370
    6652      37.9787
    6653      38.3496
    6654      38.2426
    6655      38.1629
    6656      38.1325
    6657      38.0485
    6658      37.9747
    6659      37.9808
    6660      38.1537
    6661      37.9401
    6662      38.1255
    6663      37.8835
    6664      37.8041
    6665      38.2837
    6666      37.8384
    6667      37.8961
    6668      38.0694
    6669      38.3963
    6670      37.9062
    6671      37.8385
    6672      38.2769
    6673      37.9838
    6674      38.0072
    6675      37.8237
    6676      37.7396
    6677      37.7750
    6678      37.8425
    6679      38.0787
    6680      38.1080
    6681      38.3901
    6682      38.1412
    6683      37.9460
    6684      38.1043
    6685      38.1138
    6686      37.9360
    6687      37.9216
    6688      37.7379
    6689      37.7242
    6690      37.9570
    6691      37.3802
    6692      38.0133
    6693      37.7985
    6694      37.7794
    6695      37.7936
    6696      37.9082
    6697      37.8372
    6698      37.5200
    6699      37.6357
    6700      37.5886
    6701      37.6646
    6702      37.8726
    6703      37.9910
    6704      37.5819
    6705      37.9215
    6706      37.9328
    6707      37.9617
    6708      37.9635
    6709      38.1340
    6710      38.0418
    6711      37.9580
    6712      37.8952
    6713      38.1450
    6714      38.4209
    6715      38.0430
    6716      38.0352
    6717      38.2978
    6718      38.2359
    6719      38.3745
    6720      38.0796
    6721      38.2413
    6722      38.2262
    6723      38.1290
    6724      38.2921
    6725      38.0887
    6726      38.1919
    6727      38.2210
    6728      38.4566
    6729      38.1914
    6730      38.0368
    6731      37.8402
    6732      37.9732
    6733      38.2014
    6734      37.8662
    6735      37.8869
    6736      37.7156
    6737      37.9424
    6738      38.0680
    6739      37.9935
    6740      37.9717
    6741      38.1958
    6742      37.7700
    6743      37.9251
    6744      37.9605
    6745      37.7453
    6746      37.8471
    6747      37.8917
    6748      38.0156
    6749      37.9797
    6750      37.7688
    6751      37.7866
    6752      37.9405
    6753      38.3737
    6754      38.2182
    6755      38.4653
    6756      38.0676
    6757      38.3724
    6758      38.3697
    6759      38.2707
    6760      38.3681
    6761      37.9147
    6762      37.7326
    6763      38.6562
    6764      37.9198
    6765      38.4574
    6766      38.4015
    6767      38.1787
    6768      38.3758
    6769      38.2212
    6770      38.3409
    6771      38.0779
    6772      38.3273
    6773      38.5807
    6774      38.5086
    6775      38.2308
    6776      38.4115
    6777      38.5501
    6778      38.6570
    6779      38.0630
    6780      38.5880
    6781      38.3926
    6782      38.5112
    6783      38.8555
    6784      38.1405
    6785      38.4011
    6786      38.3164
    6787      38.2597
    6788      38.5851
    6789      38.3294
    6790      38.5892
    6791      38.3595
    6792      38.5320
    6793      38.3149
    6794      38.1886
    6795      38.0897
    6796      37.7110
    6797      37.7723
    6798      38.1081
    6799      38.0174
    6800      38.2013
    6801      37.9747
    6802      38.2781
    6803      38.5919
    6804      38.5621
    6805      37.8698
    6806      37.6753
    6807      37.8681
    6808      37.9163
    6809      38.0301
    6810      38.1065
    6811      38.2318
    6812      38.0904
    6813      37.9995
    6814      37.9131
    6815      38.0950
    6816      37.7881
    6817      38.1769
    6818      37.9434
    6819      38.2212
    6820      37.8173
    6821      37.9960
    6822      37.5500
    6823      37.9423
    6824      37.7243
    6825      37.7441
    6826      37.8562
    6827      38.4695
    6828      37.9576
    6829      38.1453
    6830      38.1167
    6831      38.1332
    6832      37.9005
    6833      38.1447
    6834      37.9944
    6835      37.8175
    6836      38.1081
    6837      38.0736
    6838      37.4196
    6839      37.3645
    6840      37.6976
    6841      38.2329
    6842      38.0806
    6843      38.1712
    6844      37.9583
    6845      37.9840
    6846      38.1175
    6847      37.6317
    6848      37.5742
    6849      37.5523
    6850      37.9095
    6851      37.8698
    6852      37.7124
    6853      37.8458
    6854      38.0536
    6855      38.0999
    6856      38.2633
    6857      38.2233
    6858      37.5815
    6859      37.9094
    6860      37.9235
    6861      37.7901
    6862      38.0063
    6863      38.0398
    6864      38.1118
    6865      37.8921
    6866      37.8071
    6867      37.7697
    6868      37.6164
    6869      37.7383
    6870      37.7293
    6871      37.9614
    6872      37.9146
    6873      38.0794
    6874      37.7553
    6875      37.5346
    6876      37.9065
    6877      37.7199
    6878      37.9652
    6879      37.6824
    6880      37.6827
    6881      37.5855
    6882      37.4616
    6883      37.5581
    6884      37.8385
    6885      37.5470
    6886      38.0367
    6887      37.6729
    6888      38.1125
    6889      37.7188
    6890      37.9842
    6891      37.8869
    6892      37.5338
    6893      37.8084
    6894      38.0012
    6895      38.0098
    6896      37.9341
    6897      37.9622
    6898      37.9472
    6899      37.9637
    6900      38.0942
    6901      37.8915
    6902      37.8018
    6903      37.8733
    6904      37.7526
    6905      37.3940
    6906      37.8255
    6907      37.5801
    6908      37.6791
    6909      37.4204
    6910      37.4510
    6911      37.8034
    6912      37.7133
    6913      37.7794
    6914      37.4622
    6915      37.7352
    6916      37.8055
    6917      37.6029
    6918      37.5087
    6919      37.9965
    6920      37.6669
    6921      37.9645
    6922      37.8204
    6923      37.6741
    6924      37.4737
    6925      37.4132
    6926      37.6902
    6927      38.0605
    6928      37.5727
    6929      37.6094
    6930      37.7654
    6931      37.9641
    6932      37.8411
    6933      37.7836
    6934      38.1102
    6935      37.8472
    6936      38.0742
    6937      38.0908
    6938      38.0984
    6939      38.2980
    6940      38.0995
    6941      38.0669
    6942      37.9260
    6943      37.9498
    6944      37.8200
    6945      38.2226
    6946      38.0892
    6947      37.8262
    6948      37.9601
    6949      37.7050
    6950      37.9775
    6951      37.7671
    6952      37.8141
    6953      37.7926
    6954      37.6796
    6955      37.9259
    6956      37.5460
    6957      37.4590
    6958      37.6088
    6959      37.7358
    6960      38.0968
    6961      37.7722
    6962      37.9842
    6963      37.7787
    6964      37.7957
    6965      37.5586
    6966      37.7692
    6967      37.5777
    6968      37.3703
    6969      37.9451
    6970      37.7570
    6971      37.6816
    6972      37.6352
    6973      37.6870
    6974      37.6130
    6975      37.6642
    6976      37.7295
    6977      37.4524
    6978      37.8012
    6979      37.9978
    6980      38.1500
    6981      38.1418
    6982      37.8157
    6983      38.0112
    6984      37.8705
    6985      37.9456
    6986      37.9534
    6987      38.0176
    6988      37.8403
    6989      37.8025
    6990      37.6505
    6991      37.7364
    6992      37.9436
    6993      37.7459
    6994      37.7104
    6995      37.9349
    6996      37.7857
    6997      37.7434
    6998      37.7128
    6999      37.5467
    7000      37.7768
    7001      37.8200
    7002      37.8444
    7003      37.7123
    7004      37.7809
    7005      37.4853
    7006      37.7437
    7007      37.4550
    7008      37.5166
    7009      37.6090
    7010      37.6838
    7011      37.8102
    7012      37.3112
    7013      37.6107
    7014      37.3650
    7015      37.1602
    7016      37.6014
    7017      37.4866
    7018      37.9028
    7019      37.6260
    7020      37.7672
    7021      38.0544
    7022      37.5854
    7023      37.7163
    7024      37.9599
    7025      37.3600
    7026      37.5521
    7027      37.5717
    7028      37.3853
    7029      37.6415
    7030      37.3712
    7031      37.6340
    7032      37.6250
    7033      37.5928
    7034      37.9265
    7035      37.8154
    7036      37.6663
    7037      37.4221
    7038      37.8488
    7039      37.3833
    7040      37.5841
    7041      37.4800
    7042      37.6399
    7043      37.4490
    7044      37.4289
    7045      37.4666
    7046      37.3723
    7047      37.5170
    7048      37.8214
    7049      37.7245
    7050      37.5259
    7051      37.4580
    7052      37.5266
    7053      37.6047
    7054      37.5789
    7055      37.9539
    7056      37.4740
    7057      37.3752
    7058      37.6412
    7059      37.8874
    7060      37.4443
    7061      37.3843
    7062      37.4472
    7063      37.5587
    7064      37.7266
    7065      37.6758
    7066      37.6849
    7067      37.5769
    7068      37.5454
    7069      37.6178
    7070      37.7232
    7071      37.3247
    7072      37.4729
    7073      37.4941
    7074      37.7665
    7075      37.6004
    7076      37.5991
    7077      38.0128
    7078      37.9355
    7079      37.6515
    7080      37.7464
    7081      37.1873
    7082      37.5083
    7083      37.6129
    7084      37.7037
    7085      37.4669
    7086      37.6633
    7087      37.7275
    7088      37.2646
    7089      37.8504
    7090      37.5438
    7091      37.6265
    7092      37.2081
    7093      37.5460
    7094      37.5971
    7095      37.7033
    7096      37.1125
    7097      37.0123
    7098      37.2868
    7099      36.8899
    7100      36.8086
    7101      37.2385
    7102      37.5106
    7103      37.5678
    7104      37.3549
    7105      37.1497
    7106      36.9561
    7107      37.3385
    7108      37.2485
    7109      37.4810
    7110      37.7426
    7111      37.4079
    7112      37.0709
    7113      37.0590
    7114      37.5050
    7115      37.0591
    7116      37.2682
    7117      37.3311
    7118      37.5728
    7119      37.5943
    7120      37.4397
    7121      37.3748
    7122      37.4625
    7123      37.5386
    7124      37.6104
    7125      37.0263
    7126      37.3873
    7127      37.5126
    7128      37.3019
    7129      37.3876
    7130      37.5020
    7131      37.2023
    7132      37.2547
    7133      37.9031
    7134      37.5050
    7135      37.9285
    7136      37.3708
    7137      37.5979
    7138      37.6846
    7139      37.4300
    7140      37.3295
    7141      37.2125
    7142      37.3974
    7143      37.4466
    7144      37.0039
    7145      37.2066
    7146      37.5396
    7147      37.8267
    7148      38.0303
    7149      37.8202
    7150      37.5274
    7151      37.6187
    7152      37.4286
    7153      37.3938
    7154      37.7723
    7155      37.0938
    7156      37.1443
    7157      37.4357
    7158      37.3220
    7159      37.2321
    7160      37.6045
    7161      37.4141
    7162      37.4967
    7163      37.3162
    7164      37.1477
    7165      37.0883
    7166      37.3887
    7167      37.3126
    7168      37.3875
    7169      37.4087
    7170      37.3294
    7171      37.2126
    7172      37.7105
    7173      37.8008
    7174      37.6187
    7175      37.6324
    7176      37.5481
    7177      37.7487
    7178      37.5751
    7179      37.3784
    7180      37.3276
    7181      37.4383
    7182      37.4443
    7183      37.4101
    7184      37.5183
    7185      37.4960
    7186      37.4778
    7187      37.2701
    7188      37.4745
    7189      37.4576
    7190      37.1421
    7191      37.2925
    7192      37.4491
    7193      37.7986
    7194      37.1456
    7195      37.4620
    7196      37.7675
    7197      37.5173
    7198      37.4151
    7199      37.8203
    7200      37.1455
    7201      37.7115
    7202      37.2655
    7203      37.4696
    7204      37.6124
    7205      37.4250
    7206      37.5634
    7207      37.8469
    7208      37.3978
    7209      37.4794
    7210      37.5392
    7211      37.4332
    7212      36.9188
    7213      37.2360
    7214      37.1321
    7215      37.3746
    7216      37.4132
    7217      37.7523
    7218      37.6230
    7219      37.5452
    7220      37.7214
    7221      37.4100
    7222      37.2763
    7223      37.3968
    7224      37.1004
    7225      37.5113
    7226      37.8047
    7227      37.8782
    7228      37.8159
    7229      38.0549
    7230      37.7773
    7231      37.7877
    7232      37.4889
    7233      37.3590
    7234      37.9071
    7235      37.5865
    7236      37.8693
    7237      37.5962
    7238      37.6606
    7239      37.5932
    7240      37.7324
    7241      37.5966
    7242      37.6076
    7243      37.7862
    7244      37.5805
    7245      37.8814
    7246      38.1299
    7247      37.1795
    7248      37.6328
    7249      37.3810
    7250      37.5185
    7251      37.6107
    7252      37.7719
    7253      37.8904
    7254      37.7356
    7255      37.7412
    7256      37.4737
    7257      37.5453
    7258      37.8506
    7259      37.9034
    7260      37.8521
    7261      37.8837
    7262      38.0305
    7263      37.8496
    7264      37.7070
    7265      37.7609
    7266      37.5470
    7267      37.5713
    7268      37.9642
    7269      37.7573
    7270      37.9736
    7271      37.9792
    7272      37.6283
    7273      38.0301
    7274      38.0037
    7275      37.6404
    7276      37.7271
    7277      37.6372
    7278      37.8989
    7279      37.7831
    7280      37.9054
    7281      38.0319
    7282      38.0317
    7283      37.6889
    7284      37.9622
    7285      37.9581
    7286      38.2160
    7287      37.8572
    7288      37.8826
    7289      37.9660
    7290      37.5983
    7291      37.8359
    7292      37.6538
    7293      37.5148
    7294      37.8091
    7295      37.3974
    7296      37.5757
    7297      37.5341
    7298      37.8487
    7299      37.7655
    7300      37.4512
    7301      37.4810
    7302      37.5141
    7303      37.6074
    7304      37.7993
    7305      37.7914
    7306      37.8158
    7307      37.9005
    7308      37.7554
    7309      37.7471
    7310      37.8091
    7311      37.6614
    7312      37.7736
    7313      37.9988
    7314      37.9869
    7315      38.0852
    7316      38.0388
    7317      37.9105
    7318      37.8026
    7319      37.7233
    7320      38.0522
    7321      37.5892
    7322      37.6173
    7323      37.5789
    7324      37.9925
    7325      37.7748
    7326      37.5429
    7327      37.6099
    7328      37.9116
    7329      37.7280
    7330      37.8188
    7331      37.3998
    7332      37.4753
    7333      37.5498
    7334      37.7750
    7335      38.2204
    7336      38.0421
    7337      38.0625
    7338      37.5326
    7339      37.7748
    7340      38.0217
    7341      38.0343
    7342      37.8869
    7343      37.6573
    7344      37.8411
    7345      37.9153
    7346      38.0199
    7347      38.2765
    7348      37.9924
    7349      37.9067
    7350      37.9019
    7351      37.2876
    7352      37.5366
    7353      37.6299
    7354      37.8454
    7355      38.0523
    7356      37.9421
    7357      37.9725
    7358      37.6998
    7359      37.8458
    7360      37.7653
    7361      37.5433
    7362      37.6374
    7363      37.8738
    7364      38.1690
    7365      38.2931
    7366      38.1547
    7367      37.7833
    7368      37.8099
    7369      37.9439
    7370      38.1081
    7371      37.8303
    7372      37.5867
    7373      37.7041
    7374      37.5165
    7375      37.5244
    7376      38.0265
    7377      38.0841
    7378      37.9909
    7379      37.7340
    7380      37.6206
    7381      37.8804
    7382      37.3954
    7383      38.0421
    7384      37.9560
    7385      37.5499
    7386      37.7584
    7387      37.6984
    7388      37.9274
    7389      38.0502
    7390      38.0654
    7391      38.0617
    7392      37.4892
    7393      37.4448
    7394      37.6369
    7395      37.6587
    7396      37.7017
    7397      37.9416
    7398      37.9505
    7399      37.7545
    7400      38.0243
    7401      37.9805
    7402      37.9513
    7403      37.8154
    7404      38.1970
    7405      37.9014
    7406      38.0259
    7407      38.0173
    7408      38.0449
    7409      38.2218
    7410      37.9503
    7411      38.0108
    7412      37.9096
    7413      37.8819
    7414      38.1932
    7415      37.7023
    7416      37.8401
    7417      37.8420
    7418      37.9882
    7419      37.8827
    7420      37.8732
    7421      38.0861
    7422      38.0653
    7423      37.9139
    7424      38.0007
    7425      37.7996
    7426      37.8251
    7427      38.0173
    7428      38.1617
    7429      38.2751
    7430      38.1140
    7431      38.1437
    7432      38.0779
    7433      37.9641
    7434      37.8740
    7435      38.1855
    7436      37.7017
    7437      37.4429
    7438      38.0784
    7439      37.9536
    7440      38.0119
    7441      37.8944
    7442      37.7551
    7443      38.0306
    7444      38.1216
    7445      37.8692
    7446      38.0875
    7447      38.1581
    7448      37.7755
    7449      37.4712
    7450      37.7597
    7451      37.5338
    7452      37.9819
    7453      38.0305
    7454      38.0505
    7455      37.8298
    7456      37.9478
    7457      38.1235
    7458      37.6969
    7459      37.8808
    7460      37.8039
    7461      37.7774
    7462      37.7729
    7463      37.6028
    7464      37.4118
    7465      37.5521
    7466      37.4853
    7467      37.8034
    7468      37.9889
    7469      37.9645
    7470      37.9078
    7471      38.1051
    7472      38.0256
    7473      37.5727
    7474      37.9841
    7475      38.0674
    7476      38.1301
    7477      37.7088
    7478      37.5641
    7479      38.0642
    7480      38.0091
    7481      37.7999
    7482      37.9061
    7483      37.7564
    7484      38.2227
    7485      37.9300
    7486      37.3802
    7487      37.6351
    7488      37.9929
    7489      37.8363
    7490      37.8653
    7491      37.5892
    7492      37.1853
    7493      37.4619
    7494      37.6227
    7495      37.9021
    7496      37.6408
    7497      37.6649
    7498      38.0242
    7499      37.6284
    7500      38.0573
    7501      37.4940
    7502      38.1597
    7503      37.7801
    7504      37.9929
    7505      38.1052
    7506      37.9830
    7507      38.4293
    7508      37.6777
    7509      37.9745
    7510      37.8009
    7511      37.9788
    7512      38.1791
    7513      38.2971
    7514      38.0513
    7515      37.9943
    7516      37.7680
    7517      38.0910
    7518      38.0827
    7519      37.9910
    7520      37.7730
    7521      37.8245
    7522      37.8026
    7523      38.0500
    7524      37.9622
    7525      38.0457
    7526      37.8400
    7527      38.2105
    7528      38.5295
    7529      38.3651
    7530      38.3171
    7531      38.3404
    7532      37.8758
    7533      38.4988
    7534      38.4673
    7535      38.5686
    7536      38.1440
    7537      38.0485
    7538      38.2616
    7539      38.6366
    7540      38.7123
    7541      37.9572
    7542      38.2992
    7543      38.2740
    7544      38.6684
    7545      38.1992
    7546      38.3559
    7547      38.4048
    7548      38.4631
    7549      38.4252
    7550      38.2960
    7551      37.9522
    7552      38.3251
    7553      38.4028
    7554      38.2278
    7555      38.5619
    7556      38.1569
    7557      38.3619
    7558      38.1572
    7559      38.2336
    7560      38.3710
    7561      38.2748
    7562      38.2375
    7563      38.4104
    7564      38.0365
    7565      38.3374
    7566      38.5842
    7567      38.0952
    7568      37.9613
    7569      37.8749
    7570      37.7447
    7571      37.8414
    7572      37.8315
    7573      38.0451
    7574      38.2029
    7575      38.4427
    7576      38.4070
    7577      38.6191
    7578      38.3761
    7579      38.4045
    7580      38.2674
    7581      37.8729
    7582      37.9176
    7583      37.8093
    7584      37.8797
    7585      38.6304
    7586      38.2559
    7587      38.5426
    7588      38.5963
    7589      38.3360
    7590      38.1518
    7591      38.1100
    7592      38.1853
    7593      38.3175
    7594      38.0938
    7595      38.4734
    7596      38.1102
    7597      38.1888
    7598      37.3204
    7599      38.1739
    7600      38.0638
    7601      38.5540
    7602      38.2474
    7603      38.5059
    7604      38.0852
    7605      38.3422
    7606      38.6196
    7607      38.6691
    7608      38.7165
    7609      38.2844
    7610      38.5556
    7611      38.4594
    7612      37.9087
    7613      38.1168
    7614      38.0879
    7615      38.5597
    7616      38.2068
    7617      37.9587
    7618      37.9699
    7619      38.2582
    7620      38.0845
    7621      38.3671
    7622      37.9925
    7623      38.0364
    7624      38.0707
    7625      38.1212
    7626      38.5664
    7627      38.0113
    7628      38.6696
    7629      38.4484
    7630      38.0035
    7631      38.1838
    7632      38.2559
    7633      37.9188
    7634      37.9208
    7635      37.9756
    7636      38.1452
    7637      37.9929
    7638      37.9901
    7639      37.6892
    7640      37.8898
    7641      38.0903
    7642      38.0811
    7643      38.0690
    7644      38.0388
    7645      38.8080
    7646      38.0612
    7647      37.8601
    7648      38.3217
    7649      38.1074
    7650      38.0768
    7651      37.7508
    7652      37.7075
    7653      37.7514
    7654      37.6608
    7655      37.7050
    7656      37.6881
    7657      38.1496
    7658      38.0318
    7659      38.1350
    7660      38.0580
    7661      37.7134
    7662      37.8319
    7663      38.2924
    7664      38.2521
    7665      38.1830
    7666      38.7409
    7667      38.1479
    7668      38.0930
    7669      38.4777
    7670      38.3234
    7671      38.3627
    7672      38.0622
    7673      37.5089
    7674      37.5640
    7675      38.5083
    7676      38.3959
    7677      38.4762
    7678      38.1952
    7679      38.2571
    7680      38.2494
    7681      37.8580
    7682      37.7010
    7683      37.8395
    7684      38.3269
    7685      38.2055
    7686      38.3324
    7687      38.3614
    7688      38.2261
    7689      38.2237
    7690      38.3552
    7691      38.1670
    7692      38.4500
    7693      38.3810
    7694      37.9684
    7695      38.3946
    7696      37.9856
    7697      38.4082
    7698      38.1549
    7699      38.1424
    7700      38.1020
    7701      37.9132
    7702      37.8992
    7703      37.9122
    7704      38.2076
    7705      37.8663
    7706      38.1685
    7707      37.8696
    7708      37.5991
    7709      38.0927
    7710      37.7605
    7711      37.8403
    7712      37.5929
    7713      37.5425
    7714      38.1962
    7715      38.1721
    7716      37.9879
    7717      37.9027
    7718      37.8087
    7719      37.8460
    7720      37.9156
    7721      38.0077
    7722      38.1588
    7723      37.8789
    7724      37.7807
    7725      38.1076
    7726      38.2984
    7727      37.6774
    7728      37.4663
    7729      37.6766
    7730      37.6319
    7731      37.6526
    7732      37.8220
    7733      37.7541
    7734      37.8863
    7735      37.9611
    7736      37.7094
    7737      37.5312
    7738      37.6561
    7739      37.6423
    7740      38.2803
    7741      38.1932
    7742      38.1663
    7743      38.3353
    7744      38.1954
    7745      38.2659
    7746      37.6923
    7747      38.0912
    7748      37.9009
    7749      37.7123
    7750      37.9763
    7751      38.1869
    7752      38.1755
    7753      37.8968
    7754      37.9542
    7755      37.9443
    7756      37.5210
    7757      37.7238
    7758      37.2559
    7759      37.6035
    7760      37.5251
    7761      37.5076
    7762      37.7267
    7763      37.5263
    7764      38.0547
    7765      37.5810
    7766      37.6118
    7767      37.7822
    7768      37.9403
    7769      38.1506
    7770      37.6000
    7771      37.7877
    7772      37.3499
    7773      37.5942
    7774      37.6474
    7775      38.1091
    7776      37.9390
    7777      37.8441
    7778      37.6590
    7779      37.7811
    7780      38.0868
    7781      38.0963
    7782      37.9539
    7783      38.1661
    7784      38.0591
    7785      38.1445
    7786      37.9537
    7787      38.0717
    7788      38.2968
    7789      38.6099
    7790      37.9022
    7791      38.0127
    7792      37.9396
    7793      37.9483
    7794      38.2660
    7795      37.8331
    7796      37.7327
    7797      37.7936
    7798      37.9519
    7799      38.3311
    7800      38.0362
    7801      37.9821
    7802      38.0585
    7803      37.7302
    7804      37.8815
    7805      37.8186
    7806      37.6774
    7807      37.6398
    7808      37.5946
    7809      37.6713
    7810      37.5895
    7811      37.5889
    7812      37.7745
    7813      38.4978
    7814      38.2004
    7815      37.7946
    7816      37.9214
    7817      37.9561
    7818      38.0261
    7819      37.8914
    7820      37.9563
    7821      37.7441
    7822      37.7525
    7823      37.4480
    7824      37.6731
    7825      37.6056
    7826      38.0026
    7827      37.6783
    7828      37.7381
    7829      37.2675
    7830      37.0199
    7831      37.7837
    7832      37.4596
    7833      37.6491
    7834      37.7535
    7835      37.5104
    7836      37.6543
    7837      37.7914
    7838      37.5936
    7839      37.2882
    7840      37.4776
    7841      37.3571
    7842      37.7953
    7843      37.9182
    7844      37.6741
    7845      37.3248
    7846      37.3472
    7847      37.3477
    7848      37.7401
    7849      37.5970
    7850      37.7545
    7851      37.5827
    7852      37.4201
    7853      37.9392
    7854      37.6718
    7855      37.7787
    7856      37.4964
    7857      37.5811
    7858      37.1029
    7859      37.1046
    7860      37.1985
    7861      37.0862
    7862      37.1738
    7863      36.9431
    7864      37.0075
    7865      36.9439
    7866      37.2341
    7867      37.4294
    7868      36.6720
    7869      37.2632
    7870      37.6187
    7871      37.1858
    7872      37.4260
    7873      37.5619
    7874      37.3340
    7875      37.3754
    7876      36.9830
    7877      37.4057
    7878      36.9126
    7879      37.0268
    7880      37.2461
    7881      37.4686
    7882      37.4049
    7883      37.2805
    7884      37.8236
    7885      37.6949
    7886      37.7048
    7887      37.2720
    7888      37.3855
    7889      37.7317
    7890      37.7577
    7891      37.7280
    7892      37.6460
    7893      37.4510
    7894      37.9309
    7895      37.6174
    7896      37.6759
    7897      37.6093
    7898      37.7092
    7899      37.6017
    7900      37.6493
    7901      37.6572
    7902      37.7543
    7903      37.2432
    7904      37.1773
    7905      37.3787
    7906      37.6737
    7907      37.4999
    7908      37.9353
    7909      37.7866
    7910      37.4739
    7911      37.6509
    7912      37.5429
    7913      37.5817
    7914      37.4750
    7915      37.0094
    7916      37.4843
    7917      37.4161
    7918      37.2314
    7919      37.1831
    7920      37.4106
    7921      37.4575
    7922      37.8582
    7923      37.7934
    7924      37.6148
    7925      37.3498
    7926      37.2341
    7927      37.5064
    7928      37.2398
    7929      37.6600
    7930      37.6918
    7931      37.4056
    7932      37.6981
    7933      37.6956
    7934      37.5060
    7935      37.5042
    7936      37.5484
    7937      37.6646
    7938      37.4738
    7939      37.7836
    7940      37.7373
    7941      38.0689
    7942      37.2764
    7943      37.8968
    7944      37.6424
    7945      37.3377
    7946      37.6465
    7947      37.8264
    7948      37.9317
    7949      37.9995
    7950      37.6428
    7951      37.4628
    7952      37.4554
    7953      37.2249
    7954      38.1244
    7955      37.3997
    7956      37.6991
    7957      37.5878
    7958      37.6046
    7959      37.6542
    7960      37.3802
    7961      37.4176
    7962      37.5867
    7963      37.3452
    7964      37.8015
    7965      37.7064
    7966      37.4818
    7967      38.0335
    7968      37.8192
    7969      38.0834
    7970      38.1931
    7971      38.2999
    7972      37.6939
    7973      37.6210
    7974      37.4964
    7975      37.8599
    7976      38.0208
    7977      38.3661
    7978      37.9426
    7979      38.0449
    7980      38.1416
    7981      38.0117
    7982      37.7148
    7983      38.0106
    7984      37.8691
    7985      37.5539
    7986      37.5718
    7987      38.0787
    7988      37.9613
    7989      37.6205
    7990      38.2009
    7991      37.9311
    7992      38.2543
    7993      38.3730
    7994      38.0128
    7995      38.0635
    7996      38.2617
    7997      38.3275
    7998      38.2108
    7999      38.3821
    8000      38.0834
    8001      37.9231
    8002      38.0681
    8003      38.1054
    8004      38.0382
    8005      38.1707
    8006      38.1623
    8007      38.2129
    8008      38.0034
    8009      38.1450
    8010      38.2818
    8011      38.1979
    8012      38.4196
    8013      38.4781
    8014      38.2871
    8015      38.0683
    8016      38.0315
    8017      38.0078
    8018      38.3396
    8019      38.0038
    8020      37.9067
    8021      37.9553
    8022      37.7413
    8023      38.0072
    8024      37.8549
    8025      37.6824
    8026      38.0381
    8027      38.4533
    8028      38.3970
    8029      38.2309
    8030      37.8469
    8031      38.3464
    8032      38.0259
    8033      37.9389
    8034      38.1134
    8035      38.6121
    8036      38.0951
    8037      38.4482
    8038      38.3917
    8039      38.2582
    8040      38.2702
    8041      38.6838
    8042      38.6742
    8043      38.0242
    8044      38.4756
    8045      38.1298
    8046      38.1057
    8047      38.2059
    8048      37.9798
    8049      37.9928
    8050      38.3428
    8051      37.8171
    8052      38.2652
    8053      37.9558
    8054      37.8838
    8055      38.0134
    8056      38.2865
    8057      38.0540
    8058      38.3459
    8059      37.6801
    8060      38.1975
    8061      38.6101
    8062      38.3965
    8063      38.2740
    8064      38.8301
    8065      38.0735
    8066      38.2954
    8067      38.0854
    8068      38.3087
    8069      38.0429
    8070      38.1371
    8071      38.0013
    8072      37.9135
    8073      37.8709
    8074      37.9834
    8075      38.5135
    8076      37.9053
    8077      38.1516
    8078      38.2312
    8079      38.1299
    8080      38.1542
    8081      37.6989
    8082      37.7576
    8083      37.9774
    8084      38.1669
    8085      38.5338
    8086      38.1799
    8087      37.8049
    8088      38.2061
    8089      38.3148
    8090      38.6541
    8091      38.0670
    8092      37.8639
    8093      38.0468
    8094      37.7584
    8095      38.1002
    8096      38.0183
    8097      37.9323
    8098      38.1393
    8099      38.2532
    8100      38.1524
    8101      37.9935
    8102      38.5245
    8103      38.2878
    8104      38.0374
    8105      37.9677
    8106      38.2732
    8107      38.2730
    8108      38.0349
    8109      38.2937
    8110      38.2691
    8111      38.4846
    8112      38.3395
    8113      38.6706
    8114      38.4648
    8115      38.8801
    8116      38.7544
    8117      38.2413
    8118      38.5132
    8119      37.9219
    8120      38.7009
    8121      38.6727
    8122      38.4289
    8123      38.8749
    8124      38.5227
    8125      38.5211
    8126      38.7364
    8127      38.4958
    8128      38.0006
    8129      38.2711
    8130      38.0955
    8131      38.5420
    8132      38.4031
    8133      38.1243
    8134      38.4220
    8135      38.2240
    8136      38.6843
    8137      38.6353
    8138      38.7009
    8139      38.8285
    8140      38.6266
    8141      38.6656
    8142      38.7988
    8143      38.6088
    8144      38.4795
    8145      38.1228
    8146      38.3435
    8147      38.3934
    8148      38.3768
    8149      38.3490
    8150      38.5763
    8151      38.5638
    8152      38.3803
    8153      38.1240
    8154      38.4313
    8155      38.5343
    8156      38.4649
    8157      38.6250
    8158      38.2018
    8159      37.9388
    8160      37.7354
    8161      38.2122
    8162      38.0882
    8163      38.1492
    8164      38.2225
    8165      38.1494
    8166      38.3763
    8167      38.5004
    8168      38.4226
    8169      38.4340
    8170      38.0751
    8171      38.0602
    8172      37.9302
    8173      37.8970
    8174      38.5399
    8175      38.4942
    8176      38.3635
    8177      38.3987
    8178      38.1474
    8179      38.1230
    8180      38.4603
    8181      38.5186
    8182      38.6999
    8183      38.0885
    8184      37.9576
    8185      38.0687
    8186      38.6668
    8187      38.5814
    8188      38.4119
    8189      38.6841
    8190      38.4675
    8191      38.3235
    8192      38.6511
    8193      38.0268
    8194      38.0583
    8195      38.3429
    8196      38.3962
    8197      38.2239
    8198      38.0593
    8199      38.3479
    8200      38.0075
    8201      38.0059
    8202      37.6968
    8203      37.9635
    8204      37.4896
    8205      37.6642
    8206      38.0701
    8207      38.1020
    8208      37.3541
    8209      37.8897
    8210      37.9887
    8211      37.8351
    8212      37.8510
    8213      38.1127
    8214      37.5867
    8215      37.7265
    8216      37.6600
    8217      37.7504
    8218      38.1828
    8219      37.8767
    8220      37.9584
    8221      37.8272
    8222      38.5158
    8223      37.8696
    8224      37.6450
    8225      37.8147
    8226      38.1108
    8227      37.8853
    8228      38.0163
    8229      38.1512
    8230      38.5118
    8231      38.1488
    8232      38.1491
    8233      38.2579
    8234      38.0280
    8235      38.2361
    8236      37.9405
    8237      38.2629
    8238      38.0201
    8239      38.2734
    8240      38.0049
    8241      38.3804
    8242      37.8154
    8243      37.9723
    8244      38.4515
    8245      38.3660
    8246      38.5189
    8247      38.3279
    8248      38.6778
    8249      38.2507
    8250      38.6767
    8251      38.6722
    8252      38.8244
    8253      38.4759
    8254      38.2022
    8255      38.0761
    8256      38.1534
    8257      38.1718
    8258      38.0341
    8259      38.1940
    8260      38.4037
    8261      38.3384
    8262      38.4754
    8263      38.8803
    8264      38.4795
    8265      38.5683
    8266      39.2401
    8267      39.3306
    8268      39.2892
    8269      38.2618
    8270      38.2595
    8271      38.8725
    8272      38.6297
    8273      38.6774
    8274      39.0748
    8275      38.5958
    8276      38.6538
    8277      38.9210
    8278      38.9073
    8279      38.6550
    8280      38.7376
    8281      38.6907
    8282      39.1100
    8283      38.9346
    8284      38.7594
    8285      38.4824
    8286      38.8969
    8287      37.9424
    8288      38.2925
    8289      38.6455
    8290      38.4847
    8291      38.6567
    8292      38.4765
    8293      38.3573
    8294      38.5074
    8295      38.8992
    8296      38.9954
    8297      38.9827
    8298      38.6974
    8299      38.7445
    8300      38.9439
    8301      38.8780
    8302      38.8996
    8303      39.0426
    8304      39.0744
    8305      39.1732
    8306      39.7087
    8307      39.3330
    8308      38.9476
    8309      38.6667
    8310      39.0216
    8311      39.3240
    8312      38.9843
    8313      39.1685
    8314      39.0131
    8315      38.9290
    8316      39.4192
    8317      39.2315
    8318      39.0725
    8319      38.9542
    8320      38.8488
    8321      39.0260
    8322      39.8055
    8323      39.5553
    8324      39.0370
    8325      38.8010
    8326      38.5173
    8327      38.4617
    8328      38.5397
    8329      38.2985
    8330      38.7185
    8331      38.5041
    8332      38.2333
    8333      38.1622
    8334      38.2496
    8335      38.2211
    8336      38.2937
    8337      38.6308
    8338      38.0128
    8339      37.9811
    8340      38.9031
    8341      38.3204
    8342      38.4725
    8343      38.2524
    8344      37.9824
    8345      38.3381
    8346      38.1491
    8347      38.1188
    8348      38.1116
    8349      38.1256
    8350      38.5570
    8351      38.6313
    8352      39.0214
    8353      39.0146
    8354      39.0546
    8355      39.2053
    8356      39.1592
    8357      38.9866
    8358      39.2383
    8359      38.6862
    8360      38.1764
    8361      37.8417
    8362      38.0685
    8363      38.1594
    8364      37.6102
    8365      37.8591
    8366      38.2125
    8367      38.6528
    8368      38.2186
    8369      38.1496
    8370      37.9208
    8371      38.8291
    8372      38.4823
    8373      38.8180
    8374      38.5328
    8375      38.3865
    8376      38.8949
    8377      38.5087
    8378      38.4893
    8379      38.4786
    8380      38.8599
    8381      38.6983
    8382      38.6910
    8383      38.7587
    8384      38.8692
    8385      38.7419
    8386      38.4539
    8387      38.2725
    8388      38.8118
    8389      38.8654
    8390      38.6960
    8391      38.7386
    8392      38.4525
    8393      38.3172
    8394      38.4727
    8395      38.7469
    8396      38.5089
    8397      38.8796
    8398      38.6085
    8399      38.8137
    8400      38.3108
    8401      38.7686
    8402      38.2292
    8403      38.4990
    8404      38.4476
    8405      38.4613
    8406      38.5045
    8407      38.4763
    8408      38.8556
    8409      38.3891
    8410      38.8444
    8411      38.6070
    8412      38.4009
    8413      38.4354
    8414      38.5584
    8415      38.5169
    8416      38.0620
    8417      37.9862
    8418      38.1293
    8419      37.9316
    8420      38.1039
    8421      38.1010
    8422      38.3064
    8423      37.8490
    8424      37.7831
    8425      37.8706
    8426      37.7896
    8427      37.6157
    8428      37.5524
    8429      37.6124
    8430      37.6809
    8431      38.1272
    8432      37.9428
    8433      37.5927
    8434      38.0475
    8435      37.8638
    8436      37.8918
    8437      37.7318
    8438      37.9955
    8439      37.9351
    8440      38.0259
    8441      38.2409
    8442      37.9921
    8443      38.4663
    8444      38.2128
    8445      37.7642
    8446      37.8977
    8447      37.9967
    8448      38.0161
    8449      37.8042
    8450      37.9915
    8451      37.6065
    8452      37.3918
    8453      37.8130
    8454      37.8264
    8455      37.9980
    8456      37.4371
    8457      37.4914
    8458      37.5239
    8459      37.3080
    8460      37.2125
    8461      37.4874
    8462      37.1804
    8463      37.7030
    8464      37.0491
    8465      36.9388
    8466      36.6980
    8467      37.3627
    8468      37.3965
    8469      37.3555
    8470      37.3228
    8471      37.1850
    8472      37.0363
    8473      37.1511
    8474      37.0023
    8475      36.9516
    8476      37.2207
    8477      36.8171
    8478      37.1868
    8479      36.4981
    8480      36.1777
    8481      36.7972
    8482      36.3683
    8483      36.6801
    8484      36.4265
    8485      37.0898
    8486      37.0113
    8487      37.0450
    8488      36.9600
    8489      36.9319
    8490      36.4760
    8491      37.0635
    8492      37.5705
    8493      37.3770
    8494      37.4404
    8495      37.4134
    8496      37.1496
    8497      37.1333
    8498      37.6250
    8499      37.5277
    8500      37.5109
    8501      37.0999
    8502      37.0151
    8503      37.1497
    8504      37.1088
    8505      37.3911
    8506      37.3078
    8507      37.4353
    8508      37.4130
    8509      37.3433
    8510      37.1561
    8511      37.4221
    8512      37.3937
    8513      37.2904
    8514      37.2846
    8515      37.8385
    8516      37.5959
    8517      37.2477
    8518      37.6072
    8519      37.5299
    8520      37.3219
    8521      37.5490
    8522      37.2460
    8523      37.3067
    8524      37.3810
    8525      37.6969
    8526      37.3262
    8527      37.4810
    8528      37.5743
    8529      37.6854
    8530      37.4761
    8531      37.4769
    8532      37.0539
    8533      37.2712
    8534      37.2006
    8535      37.3895
    8536      37.3633
    8537      37.0881
    8538      37.6234
    8539      37.8200
    8540      37.0898
    8541      37.9518
    8542      37.4199
    8543      37.7240
    8544      37.8611
    8545      37.7518
    8546      37.8737
    8547      37.5829
    8548      37.8696
    8549      37.2589
    8550      37.3588
    8551      37.4882
    8552      37.5640
    8553      37.2692
    8554      37.5705
    8555      37.7503
    8556      37.6523
    8557      37.5756
    8558      37.9844
    8559      37.8741
    8560      37.4485
    8561      37.5598
    8562      37.4954
    8563      37.5419
    8564      37.2598
    8565      37.5373
    8566      37.6892
    8567      37.7139
    8568      37.8395
    8569      38.0701
    8570      37.6882
    8571      37.1286
    8572      37.4236
    8573      37.3140
    8574      37.2731
    8575      37.3674
    8576      37.3531
    8577      37.8024
    8578      37.6778
    8579      37.4407
    8580      37.8951
    8581      37.8119
    8582      37.6828
    8583      37.6548
    8584      37.6745
    8585      37.2922
    8586      37.5165
    8587      37.8612
    8588      37.7713
    8589      38.0593
    8590      37.9434
    8591      37.9233
    8592      37.6877
    8593      37.8094
    8594      37.6353
    8595      37.4996
    8596      37.2664
    8597      37.7429
    8598      37.6384
    8599      37.7195
    8600      37.4491
    8601      37.4914
    8602      37.9524
    8603      37.6743
    8604      37.3712
    8605      37.3756
    8606      37.5031
    8607      37.4281
    8608      37.3286
    8609      37.4052
    8610      37.5447
    8611      37.7008
    8612      38.0403
    8613      37.7622
    8614      37.9176
    8615      38.3506
    8616      38.0355
    8617      37.6887
    8618      37.6734
    8619      37.3779
    8620      37.5078
    8621      37.4137
    8622      37.4960
    8623      37.5519
    8624      37.8108
    8625      38.3295
    8626      38.0870
    8627      38.2798
    8628      38.0956
    8629      38.0074
    8630      38.0553
    8631      37.6492
    8632      37.8886
    8633      37.5875
    8634      37.2152
    8635      37.5584
    8636      37.6502
    8637      37.7325
    8638      37.4815
    8639      37.8019
    8640      37.9728
    8641      38.2109
    8642      37.5617
    8643      37.8864
    8644      37.6975
    8645      37.9283
    8646      37.9135
    8647      38.0691
    8648      37.7933
    8649      37.6448
    8650      37.8347
    8651      38.1405
    8652      38.1844
    8653      37.5949
    8654      37.6973
    8655      37.9503
    8656      37.4668
    8657      37.4423
    8658      37.6125
    8659      37.6957
    8660      37.5809
    8661      37.4033
    8662      37.1743
    8663      37.0796
    8664      37.6599
    8665      37.4310
    8666      37.8295
    8667      38.2112
    8668      38.0949
    8669      37.6178
    8670      38.1595
    8671      38.3126
    8672      38.0012
    8673      37.8718
    8674      37.8148
    8675      37.7331
    8676      38.1912
    8677      37.8588
    8678      38.2844
    8679      38.2535
    8680      38.1203
    8681      38.1920
    8682      38.0575
    8683      38.0537
    8684      38.6667
    8685      38.6961
    8686      38.7103
    8687      38.5736
    8688      38.8429
    8689      38.3697
    8690      38.3733
    8691      38.4494
    8692      38.0978
    8693      38.2729
    8694      37.9192
    8695      38.3745
    8696      38.3032
    8697      38.7808
    8698      38.7166
    8699      38.4104
    8700      38.4221
    8701      38.1708
    8702      38.3886
    8703      38.3992
    8704      38.3418
    8705      38.1286
    8706      38.1639
    8707      38.0096
    8708      38.3239
    8709      38.1176
    8710      38.3740
    8711      38.1928
    8712      38.1495
    8713      37.9736
    8714      38.1328
    8715      37.8503
    8716      37.8629
    8717      38.0878
    8718      37.9322
    8719      37.9791
    8720      38.1213
    8721      38.1195
    8722      37.9881
    8723      38.4386
    8724      38.2131
    8725      38.1489
    8726      38.1434
    8727      38.3340
    8728      38.0294
    8729      38.0561
    8730      38.1909
    8731      38.3771
    8732      38.3919
    8733      38.2497
    8734      37.7087
    8735      38.2216
    8736      38.0367
    8737      38.2109
    8738      38.1370
    8739      37.8887
    8740      38.1224
    8741      38.3074
    8742      38.2184
    8743      37.9615
    8744      37.6294
    8745      38.1681
    8746      38.2211
    8747      38.2144
    8748      38.1212
    8749      38.1708
    8750      38.2998
    8751      38.1866
    8752      38.6323
    8753      38.1732
    8754      38.4476
    8755      38.7280
    8756      38.2881
    8757      38.2949
    8758      38.3932
    8759      38.1062
    8760      38.3866
    8761      38.7193
    8762      38.5096
    8763      38.4440
    8764      37.8124
    8765      38.2910
    8766      38.1521
    8767      37.8816
    8768      37.8896
    8769      38.2050
    8770      37.6979
    8771      37.5613
    8772      37.6009
    8773      37.6228
    8774      38.0248
    8775      38.0442
    8776      37.9072
    8777      37.6515
    8778      38.2407
    8779      37.9291
    8780      37.8565
    8781      37.8414
    8782      37.9497
    8783      37.7805
    8784      37.9024
    8785      37.8852
    8786      37.8094
    8787      38.0742
    8788      37.9143
    8789      37.9213
    8790      37.8291
    8791      38.1085
    8792      38.2516
    8793      38.3086
    8794      37.7112
    8795      38.2313
    8796      37.8596
    8797      37.8706
    8798      37.5189
    8799      37.7664
    8800      37.3419
    8801      37.8431
    8802      37.5646
    8803      37.6876
    8804      37.5267
    8805      37.6321
    8806      37.0771
    8807      37.1114
    8808      37.1319
    8809      37.0565
    8810      37.6348
    8811      37.6294
    8812      37.0246
    8813      37.1570
    8814      37.1189
    8815      37.2095
    8816      37.0488
    8817      36.9829
    8818      37.2226
    8819      37.0844
    8820      36.9866
    8821      37.3655
    8822      36.8156
    8823      37.1745
    8824      37.4267
    8825      37.5581
    8826      37.6204
    8827      37.1351
    8828      37.5364
    8829      37.1494
    8830      37.5773
    8831      37.5565
    8832      37.0814
    8833      37.3050
    8834      36.9790
    8835      37.2040
    8836      37.1068
    8837      37.3166
    8838      36.9159
    8839      37.3625
    8840      37.2679
    8841      37.6241
    8842      37.5575
    8843      37.7342
    8844      36.9464
    8845      37.6033
    8846      37.5531
    8847      37.4598
    8848      37.8695
    8849      37.4858
    8850      37.6321
    8851      37.9674
    8852      37.5699
    8853      37.3163
    8854      37.4296
    8855      37.9973
    8856      37.9163
    8857      37.2658
    8858      37.5592
    8859      37.3274
    8860      36.9426
    8861      36.9821
    8862      37.4223
    8863      38.0395
    8864      37.3780
    8865      37.9886
    8866      38.1018
    8867      37.4413
    8868      37.6085
    8869      37.4105
    8870      37.7106
    8871      37.3114
    8872      37.1448
    8873      37.5520
    8874      37.1685
    8875      37.6952
    8876      37.6873
    8877      37.6597
    8878      37.8422
    8879      38.0627
    8880      38.0940
    8881      37.6426
    8882      37.8816
    8883      37.6904
    8884      37.7460
    8885      37.2156
    8886      37.5233
    8887      37.8240
    8888      37.8638
    8889      37.2271
    8890      37.7398
    8891      38.0177
    8892      38.2279
    8893      38.2546
    8894      38.1031
    8895      37.8597
    8896      37.8151
    8897      38.3256
    8898      37.7165
    8899      37.9121
    8900      37.9813
    8901      38.0707
    8902      38.1202
    8903      37.7915
    8904      37.7943
    8905      38.0163
    8906      38.5362
    8907      38.5623
    8908      38.0244
    8909      38.0898
    8910      38.2779
    8911      38.2783
    8912      38.3698
    8913      38.5244
    8914      38.1809
    8915      38.3673
    8916      38.4749
    8917      38.2509
    8918      38.0785
    8919      38.3007
    8920      38.2314
    8921      38.7368
    8922      38.3391
    8923      38.4212
    8924      38.9781
    8925      38.6990
    8926      38.4770
    8927      38.3985
    8928      38.4587
    8929      38.3431
    8930      38.2082
    8931      38.1738
    8932      38.0011
    8933      37.7516
    8934      38.0589
    8935      37.7565
    8936      37.6447
    8937      37.3153
    8938      37.9729
    8939      37.9224
    8940      37.4962
    8941      37.3919
    8942      37.5223
    8943      37.6801
    8944      37.9405
    8945      37.4416
    8946      37.5978
    8947      37.5497
    8948      37.7454
    8949      37.6342
    8950      37.5735
    8951      37.8512
    8952      37.5497
    8953      37.8866
    8954      37.6107
    8955      38.0102
    8956      37.9195
    8957      38.0946
    8958      38.4079
    8959      38.4099
    8960      38.3849
    8961      38.7230
    8962      38.5668
    8963      38.3943
    8964      38.1449
    8965      38.3346
    8966      38.1606
    8967      37.9305
    8968      38.3079
    8969      38.5010
    8970      38.8438
    8971      37.9129
    8972      37.7302
    8973      37.8754
    8974      37.7280
    8975      37.9235
    8976      38.0745
    8977      38.1440
    8978      38.0645
    8979      37.9034
    8980      37.7615
    8981      37.8337
    8982      38.3466
    8983      37.8915
    8984      38.1301
    8985      37.9717
    8986      38.2029
    8987      38.1271
    8988      37.9240
    8989      38.3826
    8990      37.7872
    8991      38.2738
    8992      38.0498
    8993      37.5571
    8994      37.8855
    8995      38.3659
    8996      37.4146
    8997      37.5067
    8998      37.8035
    8999      37.8382
    9000      37.6108
    9001      37.8812
    9002      37.6526
    9003      37.5826
    9004      38.0325
    9005      37.9478
    9006      38.0549
    9007      37.3079
    9008      37.7481
    9009      37.8653
    9010      37.4845
    9011      37.9903
    9012      37.5816
    9013      38.6281
    9014      38.0145
    9015      38.1961
    9016      38.2790
    9017      38.1712
    9018      38.3197
    9019      38.3764
    9020      38.2813
    9021      38.4342
    9022      38.2874
    9023      37.7883
    9024      37.9546
    9025      37.9497
    9026      38.1290
    9027      37.9634
    9028      37.8944
    9029      37.7177
    9030      37.7602
    9031      37.6953
    9032      38.1908
    9033      37.6697
    9034      37.4994
    9035      37.7353
    9036      38.3418
    9037      38.0450
    9038      37.8000
    9039      38.1780
    9040      37.7546
    9041      37.8336
    9042      37.9325
    9043      37.4842
    9044      37.7074
    9045      37.6754
    9046      37.8218
    9047      37.9247
    9048      38.0953
    9049      37.9557
    9050      37.9995
    9051      37.5200
    9052      37.9819
    9053      37.8109
    9054      37.9111
    9055      38.0750
    9056      37.8556
    9057      38.5414
    9058      38.2614
    9059      38.0630
    9060      38.3624
    9061      38.0976
    9062      38.0404
    9063      38.1866
    9064      38.0300
    9065      37.6156
    9066      37.9981
    9067      37.9027
    9068      38.3602
    9069      38.2393
    9070      38.3035
    9071      38.1381
    9072      38.5466
    9073      38.7449
    9074      37.9531
    9075      38.4385
    9076      38.0411
    9077      38.1847
    9078      38.4191
    9079      38.0659
    9080      37.9517
    9081      37.4390
    9082      37.9266
    9083      38.1093
    9084      37.9992
    9085      37.9684
    9086      38.0607
    9087      37.9823
    9088      38.0358
    9089      37.8342
    9090      37.6410
    9091      37.9577
    9092      37.8293
    9093      38.1813
    9094      38.1903
    9095      38.5199
    9096      38.1958
    9097      38.1937
    9098      38.2886
    9099      38.0284
    9100      38.2388
    9101      37.6628
    9102      37.7250
    9103      37.7745
    9104      38.0103
    9105      37.9648
    9106      37.8346
    9107      37.7840
    9108      38.0586
    9109      38.0926
    9110      38.3279
    9111      38.4544
    9112      38.2962
    9113      38.2396
    9114      38.4418
    9115      38.3740
    9116      38.3987
    9117      38.3028
    9118      38.3201
    9119      38.1339
    9120      38.3959
    9121      38.6410
    9122      38.5726
    9123      38.5545
    9124      38.1604
    9125      38.6520
    9126      37.8125
    9127      37.6958
    9128      37.6296
    9129      38.1263
    9130      37.9187
    9131      38.0349
    9132      37.4486
    9133      37.6837
    9134      37.9892
    9135      37.9419
    9136      38.0313
    9137      38.1347
    9138      37.9580
    9139      38.0551
    9140      38.2911
    9141      38.3025
    9142      38.2829
    9143      37.7637
    9144      38.4208
    9145      37.9428
    9146      37.2486
    9147      37.9553
    9148      37.5183
    9149      37.6588
    9150      37.7570
    9151      37.9636
    9152      37.6257
    9153      37.6817
    9154      37.5087
    9155      37.9195
    9156      37.6165
    9157      37.8096
    9158      37.6468
    9159      37.4338
    9160      37.6019
    9161      37.5121
    9162      37.8924
    9163      37.7935
    9164      38.0788
    9165      38.1702
    9166      38.0333
    9167      37.6082
    9168      38.2268
    9169      37.5807
    9170      37.9900
    9171      37.7365
    9172      37.5739
    9173      37.4523
    9174      37.6987
    9175      37.6851
    9176      37.8662
    9177      37.7644
    9178      37.3096
    9179      37.5885
    9180      37.5344
    9181      37.7469
    9182      37.6087
    9183      37.8429
    9184      37.8049
    9185      37.7664
    9186      37.9474
    9187      37.5728
    9188      37.5093
    9189      37.5304
    9190      37.6874
    9191      37.5604
    9192      37.4084
    9193      37.8683
    9194      37.8126
    9195      37.7656
    9196      37.6236
    9197      37.9691
    9198      37.9772
    9199      38.0085
    9200      37.7475
    9201      37.3993
    9202      37.6782
    9203      37.3527
    9204      37.6150
    9205      37.0903
    9206      37.6001
    9207      37.4815
    9208      37.5037
    9209      37.4923
    9210      37.5420
    9211      37.5156
    9212      37.5894
    9213      37.4686
    9214      37.5740
    9215      37.9170
    9216      38.1409
    9217      37.7666
    9218      37.9131
    9219      37.8783
    9220      37.9196
    9221      37.6568
    9222      37.8536
    9223      38.0201
    9224      38.1590
    9225      38.1118
    9226      37.6935
    9227      37.8250
    9228      37.2476
    9229      37.3417
    9230      37.5359
    9231      37.8313
    9232      37.7912
    9233      38.3025
    9234      38.0487
    9235      38.1722
    9236      38.1664
    9237      38.1121
    9238      37.9125
    9239      38.4410
    9240      38.4279
    9241      38.1125
    9242      38.8701
    9243      38.0164
    9244      37.7885
    9245      37.7938
    9246      37.4983
    9247      37.7783
    9248      37.9337
    9249      38.2186
    9250      37.8193
    9251      37.5832
    9252      37.8557
    9253      37.9839
    9254      38.4244
    9255      38.0989
    9256      37.9722
    9257      37.4313
    9258      38.0827
    9259      37.9470
    9260      38.1247
    9261      38.0630
    9262      38.1512
    9263      37.7675
    9264      38.1289
    9265      38.0410
    9266      37.9293
    9267      37.6335
    9268      38.0307
    9269      38.2833
    9270      37.5221
    9271      37.7129
    9272      37.7569
    9273      37.9930
    9274      38.2045
    9275      37.8053
    9276      38.1714
    9277      37.6972
    9278      38.0498
    9279      37.9146
    9280      37.7785
    9281      37.4534
    9282      37.8156
    9283      38.2369
    9284      37.7636
    9285      37.7283
    9286      37.4122
    9287      37.9990
    9288      37.4994
    9289      38.0469
    9290      37.2858
    9291      37.5140
    9292      37.6721
    9293      38.2669
    9294      38.0379
    9295      38.0457
    9296      38.1398
    9297      37.5636
    9298      38.4116
    9299      37.4097
    9300      37.8326
    9301      38.0312
    9302      37.7824
    9303      37.9006
    9304      37.9635
    9305      38.0821
    9306      37.6361
    9307      37.7516
    9308      38.3715
    9309      37.8926
    9310      37.6552
    9311      37.5584
    9312      37.6763
    9313      38.0964
    9314      38.1102
    9315      37.9682
    9316      38.2211
    9317      37.9957
    9318      37.6096
    9319      38.0862
    9320      37.6977
    9321      38.1142
    9322      37.8599
    9323      38.0284
    9324      37.7620
    9325      37.9855
    9326      37.4722
    9327      37.6450
    9328      38.1832
    9329      37.9693
    9330      38.1624
    9331      37.8633
    9332      38.1435
    9333      38.1356
    9334      38.0258
    9335      38.2348
    9336      38.0557
    9337      37.8943
    9338      38.5262
    9339      38.2672
    9340      38.0667
    9341      38.5169
    9342      38.2397
    9343      37.9045
    9344      38.2274
    9345      38.2929
    9346      38.2401
    9347      38.5975
    9348      38.5399
    9349      38.7075
    9350      38.7264
    9351      38.2036
    9352      38.2807
    9353      38.0540
    9354      38.2305
    9355      38.3624
    9356      38.3178
    9357      38.7182
    9358      38.2760
    9359      38.6368
    9360      38.3391
    9361      38.8069
    9362      38.6827
    9363      38.7490
    9364      38.3169
    9365      38.4046
    9366      38.7033
    9367      38.3890
    9368      37.9872
    9369      38.4288
    9370      37.9177
    9371      38.3234
    9372      38.3969
    9373      37.9729
    9374      38.3978
    9375      37.6196
    9376      37.9982
    9377      38.0968
    9378      38.2241
    9379      38.1214
    9380      38.3354
    9381      38.3209
    9382      37.7788
    9383      38.5087
    9384      38.6096
    9385      38.1076
    9386      38.6960
    9387      37.8140
    9388      38.3177
    9389      37.5623
    9390      37.9227
    9391      37.5406
    9392      37.8166
    9393      37.5094
    9394      37.8731
    9395      38.1292
    9396      37.7307
    9397      38.1264
    9398      37.4953
    9399      37.7137
    9400      37.8582
    9401      38.0109
    9402      37.7073
    9403      37.9248
    9404      37.9090
    9405      37.7429
    9406      37.7163
    9407      38.5157
    9408      38.4669
    9409      38.3052
    9410      38.5608
    9411      38.7882
    9412      38.7522
    9413      38.4692
    9414      38.4135
    9415      38.6779
    9416      38.7034
    9417      38.8955
    9418      38.3729
    9419      38.9776
    9420      39.0322
    9421      39.2177
    9422      39.2729
    9423      39.3926
    9424      38.9426
    9425      39.2848
    9426      38.7416
    9427      38.6288
    9428      38.9767
    9429      38.6778
    9430      38.3120
    9431      38.6662
    9432      38.5619
    9433      38.4406
    9434      38.7492
    9435      38.4038
    9436      38.8387
    9437      38.3077
    9438      38.9496
    9439      38.5160
    9440      38.6090
    9441      38.7268
    9442      38.5150
    9443      38.4104
    9444      38.2789
    9445      38.1004
    9446      38.2639
    9447      38.1906
    9448      38.3224
    9449      38.2322
    9450      38.4091
    9451      37.8208
    9452      38.2001
    9453      38.1239
    9454      38.3704
    9455      38.3293
    9456      38.6342
    9457      38.5379
    9458      38.9395
    9459      38.8633
    9460      38.9245
    9461      39.3091
    9462      38.8226
    9463      39.0569
    9464      38.5598
    9465      38.7542
    9466      38.9857
    9467      38.9241
    9468      39.0525
    9469      38.6925
    9470      39.0908
    9471      38.4895
    9472      39.1917
    9473      38.6771
    9474      38.5921
    9475      38.6462
    9476      38.8273
    9477      38.5664
    9478      38.6104
    9479      38.7332
    9480      38.7187
    9481      38.4579
    9482      38.8324
    9483      38.8563
    9484      38.4700
    9485      38.6213
    9486      38.9478
    9487      39.0409
    9488      39.0152
    9489      38.5932
    9490      39.2430
    9491      39.2773
    9492      38.8678
    9493      39.2142
    9494      38.9248
    9495      38.5422
    9496      38.9575
    9497      38.6347
    9498      39.3521
    9499      39.2352
    9500      39.2340
    9501      38.6396
    9502      38.6583
    9503      38.6362
    9504      38.6290
    9505      38.6624
    9506      39.0415
    9507      38.7561
    9508      38.8416
    9509      39.2375
    9510      39.2608
    9511      39.2505
    9512      38.9325
    9513      38.9144
    9514      38.8814
    9515      39.1282
    9516      39.1151
    9517      39.0513
    9518      39.1729
    9519      39.2464
    9520      38.7197
    9521      39.0613
    9522      39.0867
    9523      38.8337
    9524      39.2612
    9525      39.0275
    9526      38.9249
    9527      38.9192
    9528      39.3371
    9529      38.7457
    9530      39.0907
    9531      38.8976
    9532      38.8893
    9533      38.6552
    9534      38.8632
    9535      38.8335
    9536      38.8043
    9537      39.0780
    9538      39.3373
    9539      39.1596
    9540      38.8381
    9541      39.3839
    9542      39.0905
    9543      39.0608
    9544      38.9821
    9545      39.1003
    9546      39.1436
    9547      39.2217
    9548      39.5031
    9549      38.7491
    9550      39.3915
    9551      39.1905
    9552      39.0969
    9553      39.1859
    9554      39.3431
    9555      39.2539
    9556      39.0561
    9557      39.1023
    9558      39.1105
    9559      39.0021
    9560      39.0309
    9561      39.1130
    9562      38.3000
    9563      38.7921
    9564      38.9307
    9565      39.0716
    9566      39.0001
    9567      38.5338
    9568      38.7098
    9569      38.4474
    9570      38.7383
    9571      38.6614
    9572      39.0727
    9573      39.1724
    9574      38.8470
    9575      38.7192
    9576      39.1513
    9577      38.9548
    9578      39.2530
    9579      39.0671
    9580      38.9940
    9581      39.0876
    9582      39.3481
    9583      38.8204
    9584      39.2752
    9585      38.7533
    9586      39.1350
    9587      39.1184
    9588      38.9090
    9589      39.0545
    9590      39.0022
    9591      38.3445
    9592      39.0732
    9593      38.8363
    9594      39.2357
    9595      39.0818
    9596      39.2262
    9597      38.6102
    9598      38.9378
    9599      38.7009
    9600      38.1789
    9601      38.3923
    9602      38.7002
    9603      38.9676
    9604      38.8370
    9605      38.9116
    9606      39.0130
    9607      38.8692
    9608      38.9970
    9609      38.5514
    9610      39.0238
    9611      39.2598
    9612      39.4793
    9613      39.2423
    9614      38.9157
    9615      39.1964
    9616      38.9113
    9617      38.8675
    9618      39.0502
    9619      39.0423
    9620      38.9765
    9621      39.3181
    9622      38.9787
    9623      39.3685
    9624      39.4308
    9625      39.3611
    9626      39.3273
    9627      39.4836
    9628      39.1177
    9629      39.0888
    9630      39.5350
    9631      38.9943
    9632      39.3143
    9633      39.2751
    9634      39.8031
    9635      39.3310
    9636      39.2782
    9637      39.3930
    9638      39.2241
    9639      39.4305
    9640      39.1292
    9641      39.2016
    9642      39.3123
    9643      38.9186
    9644      39.1589
    9645      38.6923
    9646      38.9852
    9647      38.7775
    9648      38.9201
    9649      39.0685
    9650      38.7696
    9651      38.8713
    9652      39.1482
    9653      39.2448
    9654      39.3783
    9655      39.4283
    9656      39.4969
    9657      39.4151
    9658      39.2917
    9659      39.4898
    9660      39.2999
    9661      39.3474
    9662      38.9996
    9663      38.4904
    9664      39.2152
    9665      38.9017
    9666      39.2484
    9667      39.2229
    9668      38.9957
    9669      39.4643
    9670      39.3853
    9671      39.0655
    9672      38.7105
    9673      38.7545
    9674      38.9933
    9675      38.7728
    9676      39.1813
    9677      38.8767
    9678      39.0561
    9679      38.8534
    9680      38.6257
    9681      38.7377
    9682      38.5162
    9683      38.4705
    9684      38.7408
    9685      38.3085
    9686      38.3983
    9687      39.4918
    9688      38.9870
    9689      38.7448
    9690      39.1192
    9691      38.4839
    9692      38.6699
    9693      38.8863
    9694      39.1324
    9695      39.1961
    9696      39.3204
    9697      39.2470
    9698      39.5425
    9699      39.2751
    9700      38.6731
    9701      39.0842
    9702      38.4611
    9703      39.0191
    9704      38.6395
    9705      39.2148
    9706      38.9729
    9707      38.7903
    9708      39.3414
    9709      39.2547
    9710      39.1647
    9711      38.9857
    9712      38.7979
    9713      39.1817
    9714      39.0098
    9715      38.8997
    9716      39.1698
    9717      38.6735
    9718      38.7778
    9719      38.8433
    9720      39.3150
    9721      38.8028
    9722      38.8414
    9723      38.7597
    9724      39.0751
    9725      38.6680
    9726      38.7074
    9727      38.6353
    9728      38.9924
    9729      39.3583
    9730      38.8235
    9731      38.8527
    9732      38.8533
    9733      38.7042
    9734      39.0834
    9735      38.6810
    9736      38.6074
    9737      39.2281
    9738      39.4840
    9739      39.1155
    9740      38.8712
    9741      39.0601
    9742      39.0170
    9743      39.5473
    9744      39.1968
    9745      39.4003
    9746      39.2608
    9747      38.9187
    9748      39.6342
    9749      38.6432
    9750      38.9777
    9751      39.1917
    9752      39.5260
    9753      39.2965
    9754      39.4306
    9755      39.4915
    9756      39.3464
    9757      39.5825
    9758      39.5067
    9759      39.0508
    9760      39.2077
    9761      39.6156
    9762      39.2480
    9763      39.0628
    9764      39.0540
    9765      39.7427
    9766      39.4567
    9767      39.4172
    9768      39.2157
    9769      39.5481
    9770      39.5240
    9771      39.2424
    9772      39.3264
    9773      39.5106
    9774      39.5366
    9775      39.2619
    9776      39.8234
    9777      40.0109
    9778      39.8146
    9779      40.0101
    9780      39.4933
    9781      39.0416
    9782      39.2726
    9783      39.1788
    9784      38.9840
    9785      39.5241
    9786      39.0728
    9787      38.6408
    9788      38.8587
    9789      38.6360
    9790      39.1492
    9791      38.9158
    9792      39.3126
    9793      39.3783
    9794      39.0522
    9795      38.9607
    9796      39.3372
    9797      38.7288
    9798      38.8336
    9799      38.8747
    9800      39.1706
    9801      39.0345
    9802      39.0880
    9803      39.2311
    9804      39.0795
    9805      39.1233
    9806      39.7975
    9807      39.8410
    9808      39.6244
    9809      39.8332
    9810      39.4321
    9811      39.2466
    9812      39.2808
    9813      39.5036
    9814      38.9637
    9815      39.6153
    9816      39.0813
    9817      39.0624
    9818      39.0783
    9819      39.1536
    9820      39.5595
    9821      39.5944
    9822      39.6997
    9823      39.6216
    9824      39.5420
    9825      39.2942
    9826      39.2369
    9827      39.3527
    9828      38.7079
    9829      39.6011
    9830      39.1979
    9831      38.9328
    9832      39.2730
    9833      38.7334
    9834      38.6229
    9835      38.7656
    9836      38.8230
    9837      38.6219
    9838      38.8386
    9839      38.3883
    9840      38.6905
    9841      38.9177
    9842      39.0020
    9843      39.1492
    9844      39.1371
    9845      39.0080
    9846      38.9313
    9847      38.6936
    9848      38.7906
    9849      38.8334
    9850      38.7987
    9851      38.5666
    9852      38.6873
    9853      38.6003
    9854      38.7559
    9855      38.8313
    9856      38.7630
    9857      38.9534
    9858      38.8961
    9859      38.8521
    9860      38.6394
    9861      38.2574
    9862      38.5426
    9863      38.7032
    9864      38.2391
    9865      38.7179
    9866      38.7677
    9867      38.8201
    9868      38.9660
    9869      38.6172
    9870      38.6693
    9871      38.9443
    9872      38.7619
    9873      38.3930
    9874      38.4080
    9875      38.8847
    9876      38.6922
    9877      38.8389
    9878      38.3444
    9879      38.7069
    9880      38.8137
    9881      38.8629
    9882      38.5329
    9883      38.9293
    9884      38.2268
    9885      38.9087
    9886      38.8578
    9887      39.0351
    9888      38.4135
    9889      38.4343
    9890      38.3281
    9891      38.4866
    9892      38.8185
    9893      38.8937
    9894      38.9529
    9895      38.9116
    9896      38.3073
    9897      38.7501
    9898      38.4169
    9899      39.0005
    9900      38.8066
    9901      38.9729
    9902      38.7548
    9903      38.9231
    9904      39.3085
    9905      38.8513
    9906      38.6152
    9907      38.7661
    9908      38.8412
    9909      39.0215
    9910      39.4054
    9911      39.4256
    9912      39.2578
    9913      39.0101
    9914      39.0937
    9915      38.8357
    9916      39.0541
    9917      38.9174
    9918      38.4785
    9919      38.5438
    9920      38.6771
    9921      39.0985
    9922      38.6260
    9923      38.7845
    9924      38.4829
    9925      39.0953
    9926      39.0393
    9927      39.2534
    9928      38.8627
    9929      38.9660
    9930      38.9095
    9931      38.7992
    9932      38.9683
    9933      38.8212
    9934      38.4296
    9935      38.7137
    9936      38.7266
    9937      38.7729
    9938      38.8299
    9939      38.7028
    9940      38.8612
    9941      38.7628
    9942      38.9358
    9943      38.5774
    9944      38.9701
    9945      38.5290
    9946      38.7472
    9947      38.4137
    9948      38.4718
    9949      38.8895
    9950      38.9618
    9951      38.8380
    9952      38.3562
    9953      38.4264
    9954      38.6221
    9955      38.6032
    9956      38.9387
    9957      38.6347
    9958      38.8459
    9959      38.8593
    9960      38.9341
    9961      38.7614
    9962      38.7206
    9963      38.3304
    9964      38.5821
    9965      38.8190
    9966      38.7081
    9967      38.5734
    9968      38.7705
    9969      38.7895
    9970      38.9061
    9971      38.8577
    9972      38.6166
    9973      38.7661
    9974      38.8846
    9975      38.8882
    9976      38.7041
    9977      38.7069
    9978      38.8812
    9979      38.5348
    9980      39.2019
    9981      38.7360
    9982      39.0179
    9983      39.2769
    9984      38.5531
    9985      39.0510
    9986      38.6013
    9987      38.7553
    9988      38.5317
    9989      38.5670
    9990      39.2651
    9991      38.8570
    9992      39.1538
    9993      38.6464
    9994      39.2992
    9995      38.9640
    9996      39.0144
    9997      38.9792
    9998      38.4563
    9999      38.8860
   10000      38.9918
   10001      39.4948
   10002      39.1438
   10003      39.1047
   10004      38.9392
   10005      39.0253
   10006      38.8515
   10007      39.3240
   10008      38.7789
   10009      39.0468
   10010      39.1401
   10011      38.8320
   10012      38.5862
   10013      38.9310
   10014      38.8761
   10015      39.3464
   10016      38.8526
   10017      39.0411
   10018      38.7228
   10019      39.0800
   10020      39.0568
   10021      39.2110
   10022      38.7754
   10023      39.1067
   10024      39.5761
   10025      39.0443
   10026      38.7052
   10027      38.9448
   10028      38.7004
   10029      38.6663
   10030      39.2108
   10031      39.1432
   10032      38.9321
   10033      38.6714
   10034      38.7942
   10035      38.5196
   10036      38.1053
   10037      38.4848
   10038      38.4771
   10039      38.7707
   10040      39.2393
   10041      39.0497
   10042      38.9221
   10043      38.9960
   10044      38.8759
   10045      38.4502
   10046      38.3821
   10047      38.5230
   10048      38.7467
   10049      39.5675
   10050      38.9844
   10051      39.4497
   10052      39.5952
   10053      39.3820
   10054      39.2043
   10055      39.3961
   10056      39.6603
   10057      39.0059
   10058      39.0261
   10059      38.6877
   10060      38.4538
   10061      38.7839
   10062      39.0516
   10063      38.7198
   10064      39.0289
   10065      38.2673
   10066      37.6798
   10067      38.6273
   10068      38.8260
   10069      38.6473
   10070      38.7697
   10071      39.0607
   10072      39.3756
   10073      39.0069
   10074      39.0974
   10075      38.9119
   10076      38.8673
   10077      38.6766
   10078      39.0559
   10079      38.8801
   10080      39.2472
   10081      39.0093
   10082      39.0677
   10083      38.6255
   10084      39.1037
   10085      39.2051
   10086      39.1645
   10087      39.1129
   10088      39.0196
   10089      38.9374
   10090      39.0530
   10091      38.8557
   10092      39.1717
   10093      39.2572
   10094      39.2185
   10095      38.8887
   10096      39.1428
   10097      39.0149
   10098      39.1812
   10099      38.9524
   10100      39.1716
   10101      39.0798
   10102      38.9391
   10103      38.7558
   10104      38.9552
   10105      38.8300
   10106      38.5807
   10107      38.7036
   10108      38.5287
   10109      39.3115
   10110      38.7227
   10111      39.0180
   10112      39.3638
   10113      39.5267
   10114      39.4242
   10115      39.3598
   10116      39.3157
   10117      39.3533
   10118      39.3547
   10119      39.3901
   10120      39.1233
   10121      39.6300
   10122      39.3184
   10123      39.4894
   10124      39.3463
   10125      39.0692
   10126      38.8551
   10127      39.6255
   10128      39.3368
   10129      39.2168
   10130      38.7637
   10131      39.0414
   10132      39.3092
   10133      39.5466
   10134      39.6425
   10135      39.6473
   10136      39.0946
   10137      39.0027
   10138      39.4331
   10139      39.1029
   10140      39.1516
   10141      39.1344
   10142      38.9186
   10143      39.0753
   10144      39.0299
   10145      39.1565
   10146      39.1481
   10147      39.1447
   10148      39.0579
   10149      38.7523
   10150      38.8244
   10151      38.9161
   10152      39.1075
   10153      39.2374
   10154      39.2208
   10155      39.2252
   10156      39.5192
   10157      39.0979
   10158      39.1345
   10159      39.3139
   10160      39.5606
   10161      39.2531
   10162      39.6727
   10163      39.4377
   10164      39.3720
   10165      39.1380
   10166      38.7084
   10167      39.3913
   10168      39.1707
   10169      39.0272
   10170      39.1408
   10171      38.9961
   10172      38.7794
   10173      39.1063
   10174      38.6106
   10175      39.0257
   10176      38.8399
   10177      38.6727
   10178      39.0165
   10179      39.2599
   10180      39.2017
   10181      38.8332
   10182      39.0296
   10183      39.3586
   10184      38.9189
   10185      39.4107
   10186      39.2876
   10187      39.1235
   10188      38.9678
   10189      38.9152
   10190      38.6579
   10191      38.4662
   10192      39.0306
   10193      39.2064
   10194      39.5494
   10195      39.3121
   10196      39.0824
   10197      38.4456
   10198      39.1539
   10199      38.8150
   10200      38.7940
   10201      38.6520
   10202      37.8760
   10203      38.7203
   10204      38.6154
   10205      38.6210
   10206      39.0163
   10207      39.1021
   10208      39.0176
   10209      38.8482
   10210      38.9168
   10211      39.1398
   10212      38.6021
   10213      39.3665
   10214      38.5646
   10215      38.7303
   10216      38.6489
   10217      38.9136
   10218      39.1252
   10219      38.7560
   10220      38.7441
   10221      38.4191
   10222      38.0289
   10223      38.1466
   10224      38.1935
   10225      38.2698
   10226      38.5619
   10227      38.6826
   10228      38.2494
   10229      38.3697
   10230      38.5753
   10231      38.5726
   10232      38.7113
   10233      38.7146
   10234      38.7559
   10235      38.9403
   10236      38.7083
   10237      38.7333
   10238      38.7732
   10239      38.8276
   10240      39.0192
   10241      38.5531
   10242      38.8774
   10243      38.7939
   10244      39.0881
   10245      38.3727
   10246      38.8745
   10247      38.4747
   10248      38.6609
   10249      38.0207
   10250      38.2685
   10251      38.2204
   10252      38.6803
   10253      39.0063
   10254      38.8998
   10255      39.0852
   10256      38.7540
   10257      38.8764
   10258      38.9553
   10259      39.0913
   10260      39.1780
   10261      38.9003
   10262      39.3513
   10263      39.3616
   10264      38.8190
   10265      38.7789
   10266      38.3450
   10267      38.4651
   10268      38.7778
   10269      38.3347
   10270      38.5093
   10271      38.5689
   10272      38.7408
   10273      39.0955
   10274      38.6006
   10275      38.6021
   10276      38.9807
   10277      39.0723
   10278      39.2180
   10279      39.1385
   10280      38.9314
   10281      38.5640
   10282      39.1489
   10283      39.0032
   10284      38.8771
   10285      38.8476
   10286      38.9715
   10287      38.6262
   10288      38.9227
   10289      38.7967
   10290      38.8306
   10291      38.5826
   10292      39.0115
   10293      38.8510
   10294      38.2812
   10295      38.7049
   10296      38.6385
   10297      38.8140
   10298      39.0378
   10299      38.9936
   10300      39.0139
   10301      39.0380
   10302      39.1116
   10303      39.0726
   10304      39.0001
   10305      39.1304
   10306      38.7868
   10307      38.8701
   10308      38.3844
   10309      38.8326
   10310      38.7605
   10311      38.6699
   10312      38.6283
   10313      38.4174
   10314      38.6076
   10315      38.9889
   10316      38.3795
   10317      38.0984
   10318      38.6095
   10319      38.4274
   10320      38.3164
   10321      38.2462
   10322      38.6710
   10323      38.5113
   10324      38.6749
   10325      38.3195
   10326      37.9956
   10327      37.9071
   10328      38.4820
   10329      38.1286
   10330      38.5581
   10331      38.4193
   10332      38.6948
   10333      38.3589
   10334      38.3749
   10335      37.9387
   10336      38.0118
   10337      37.9033
   10338      38.6930
   10339      38.1799
   10340      38.3454
   10341      38.2997
   10342      38.7844
   10343      38.1615
   10344      38.4584
   10345      38.4358
   10346      38.4054
   10347      38.2683
   10348      38.4469
   10349      38.2692
   10350      38.0508
   10351      38.5529
   10352      38.9834
   10353      38.3777
   10354      38.6306
   10355      38.7613
   10356      38.5701
   10357      38.8462
   10358      38.4028
   10359      38.4431
   10360      37.9873
   10361      38.3113
   10362      38.3032
   10363      38.3702
   10364      38.4901
   10365      38.0211
   10366      38.3502
   10367      38.3504
   10368      38.8327
   10369      39.2660
   10370      39.2183
   10371      38.8568
   10372      38.8641
   10373      38.8355
   10374      39.2626
   10375      38.9541
   10376      38.5796
   10377      38.9073
   10378      38.9099
   10379      38.6113
   10380      38.5944
   10381      38.9826
   10382      38.6964
   10383      39.1299
   10384      39.1761
   10385      39.1203
   10386      39.0746
   10387      39.0530
   10388      39.0203
   10389      38.7625
   10390      38.3578
   10391      38.9110
   10392      38.8978
   10393      39.4425
   10394      39.1080
   10395      38.8887
   10396      38.9451
   10397      38.5469
   10398      38.6040
   10399      38.2695
   10400      38.3530
   10401      38.2902
   10402      38.7649
   10403      38.9987
   10404      38.7248
   10405      38.9387
   10406      38.5175
   10407      38.4174
   10408      38.7574
   10409      38.9447
   10410      39.0534
   10411      38.5423
   10412      38.3795
   10413      38.5702
   10414      38.4573
   10415      38.4231
   10416      37.9396
   10417      38.3184
   10418      38.3753
   10419      38.2828
   10420      38.8166
   10421      39.1909
   10422      39.1066
   10423      39.2733
   10424      38.5029
   10425      38.3677
   10426      38.2173
   10427      38.8395
   10428      38.6241
   10429      38.7946
   10430      38.9265
   10431      38.6659
   10432      39.0724
   10433      39.0569
   10434      38.2200
   10435      38.3779
   10436      38.3920
   10437      38.4876
   10438      38.2638
   10439      38.8552
   10440      38.6134
   10441      38.7570
   10442      38.3141
   10443      38.4586
   10444      38.3022
   10445      38.7154
   10446      38.8887
   10447      38.6929
   10448      38.7318
   10449      38.6844
   10450      39.1145
   10451      38.8104
   10452      38.8500
   10453      38.7535
   10454      38.9383
   10455      38.5463
   10456      38.7324
   10457      38.6225
   10458      38.7317
   10459      38.6344
   10460      38.6119
   10461      38.6136
   10462      38.4858
   10463      38.2545
   10464      38.6610
   10465      38.2741
   10466      38.5895
   10467      38.1834
   10468      38.4176
   10469      38.4014
   10470      38.5085
   10471      38.8739
   10472      39.2267
   10473      38.9120
   10474      38.7452
   10475      39.0803
   10476      38.8016
   10477      38.9566
   10478      38.6651
   10479      38.8851
   10480      38.5087
   10481      38.7882
   10482      38.5232
   10483      38.2524
   10484      38.6470
   10485      38.6071
   10486      38.6077
   10487      38.3968
   10488      38.2636
   10489      38.5028
   10490      38.5452
   10491      38.6967
   10492      38.7401
   10493      38.4449
   10494      38.3555
   10495      38.7198
   10496      38.1020
   10497      38.6645
   10498      38.7288
   10499      38.3919
   10500      38.7573
   10501      38.4941
   10502      38.5303
   10503      38.2850
   10504      38.1076
   10505      37.9115
   10506      38.0148
   10507      37.9654
   10508      37.9457
   10509      38.4056
   10510      38.5150
   10511      38.5177
   10512      38.7590
   10513      38.4337
   10514      38.7739
   10515      38.6111
   10516      38.9292
   10517      38.6419
   10518      38.7346
   10519      38.5743
   10520      38.8186
   10521      38.9850
   10522      38.6250
   10523      38.6610
   10524      38.6303
   10525      38.3087
   10526      38.5618
   10527      38.6499
   10528      38.9364
   10529      38.3862
   10530      39.1303
   10531      38.9548
   10532      38.8281
   10533      38.5667
   10534      38.9193
   10535      38.8416
   10536      38.7014
   10537      38.6918
   10538      38.5650
   10539      38.5923
   10540      38.7125
   10541      38.5802
   10542      38.9580
   10543      38.9669
   10544      38.4904
   10545      38.4417
   10546      38.1735
   10547      38.9203
   10548      38.7243
   10549      38.2610
   10550      38.5007
   10551      38.9184
   10552      38.7241
   10553      39.0910
   10554      38.8259
   10555      38.9843
   10556      38.8964
   10557      38.9973
   10558      38.4637
   10559      38.5511
   10560      39.0042
   10561      38.9558
   10562      38.6666
   10563      38.6606
   10564      38.6109
   10565      38.6787
   10566      38.3935
   10567      38.8820
   10568      38.8040
   10569      38.9740
   10570      38.8781
   10571      38.6907
   10572      38.6127
   10573      38.4748
   10574      38.6854
   10575      39.0070
   10576      38.8087
   10577      39.0674
   10578      38.6741
   10579      39.1807
   10580      39.2280
   10581      39.3042
   10582      39.2795
   10583      38.9455
   10584      38.8098
   10585      38.7985
   10586      39.0738
   10587      39.1621
   10588      38.8870
   10589      38.6792
   10590      38.9366
   10591      38.8691
   10592      38.7999
   10593      38.8247
   10594      38.8444
   10595      38.6802
   10596      38.7467
   10597      39.0860
   10598      38.6498
   10599      38.8699
   10600      39.0589
   10601      39.2619
   10602      39.3026
   10603      39.0299
   10604      38.7678
   10605      38.8325
   10606      39.0921
   10607      38.8643
   10608      38.9739
   10609      38.8721
   10610      39.2358
   10611      38.8171
   10612      39.0404
   10613      38.8553
   10614      38.7988
   10615      38.5930
   10616      38.3783
   10617      38.7588
   10618      38.8745
   10619      39.3185
   10620      39.2800
   10621      39.0097
   10622      38.6294
   10623      38.5053
   10624      39.1319
   10625      39.1836
   10626      39.1022
   10627      38.9746
   10628      38.4848
   10629      38.6025
   10630      38.5186
   10631      38.6326
   10632      38.5143
   10633      38.7649
   10634      38.5625
   10635      38.7587
   10636      38.3944
   10637      38.1627
   10638      38.2794
   10639      38.6676
   10640      38.5884
   10641      38.5231
   10642      38.3004
   10643      38.4683
   10644      38.1353
   10645      38.2163
   10646      38.6348
   10647      38.2090
   10648      38.5295
   10649      38.0512
   10650      38.2002
   10651      38.2793
   10652      38.3982
   10653      38.2563
   10654      38.2967
   10655      38.3229
   10656      38.2506
   10657      38.4002
   10658      38.6218
   10659      39.1439
   10660      39.0422
   10661      38.7094
   10662      38.3021
   10663      38.4352
   10664      38.1712
   10665      38.5850
   10666      38.7666
   10667      38.5513
   10668      38.6827
   10669      38.5758
   10670      39.1190
   10671      38.4883
   10672      38.4980
   10673      38.7129
   10674      38.2988
   10675      38.2841
   10676      38.4880
   10677      38.5323
   10678      37.9626
   10679      38.3359
   10680      38.6321
   10681      38.4474
   10682      38.2257
   10683      38.3375
   10684      37.9685
   10685      38.1267
   10686      38.1628
   10687      38.4212
   10688      38.8023
   10689      38.5256
   10690      38.7960
   10691      38.8152
   10692      38.1855
   10693      38.8606
   10694      38.7606
   10695      39.2261
   10696      39.1889
   10697      38.9326
   10698      38.8301
   10699      38.6196
   10700      38.8128
   10701      38.4317
   10702      38.8983
   10703      39.0738
   10704      39.2403
   10705      38.9918
   10706      38.9628
   10707      38.8563
   10708      38.6405
   10709      39.1787
   10710      39.0839
   10711      39.0027
   10712      38.8653
   10713      38.9291
   10714      38.8920
   10715      38.4972
   10716      38.6260
   10717      38.1797
   10718      38.4289
   10719      38.1841
   10720      38.4692
   10721      38.5540
   10722      38.7123
   10723      38.7469
   10724      39.0331
   10725      38.7487
   10726      38.5470
   10727      38.4610
   10728      38.5653
   10729      38.7672
   10730      38.6222
   10731      38.9905
   10732      38.6691
   10733      38.3506
   10734      38.1952
   10735      38.6459
   10736      38.3533
   10737      38.4400
   10738      38.5758
   10739      38.4891
   10740      38.4199
   10741      38.4218
   10742      38.4517
   10743      39.0774
   10744      38.7442
   10745      39.0464
   10746      38.9099
   10747      38.8400
   10748      38.6446
   10749      38.2729
   10750      38.7352
   10751      38.1401
   10752      38.6943
   10753      38.5904
   10754      38.6560
   10755      38.1194
   10756      37.9553
   10757      38.6264
   10758      38.0326
   10759      37.8099
   10760      38.5874
   10761      38.6273
   10762      38.9148
   10763      39.0322
   10764      38.7021
   10765      38.4832
   10766      38.9278
   10767      39.1556
   10768      38.6929
   10769      39.3741
   10770      39.1307
   10771      38.7955
   10772      38.4610
   10773      38.6905
   10774      38.4417
   10775      38.2314
   10776      38.6847
   10777      38.6487
   10778      38.3502
   10779      38.4863
   10780      38.8885
   10781      38.7192
   10782      38.5581
   10783      38.0050
   10784      38.5727
   10785      38.3659
   10786      38.1947
   10787      37.8188
   10788      38.2407
   10789      38.7648
   10790      38.5451
   10791      38.3223
   10792      38.7690
   10793      38.3098
   10794      38.4290
   10795      38.2487
   10796      38.1779
   10797      38.3048
   10798      38.2855
   10799      38.4660
   10800      38.3651
   10801      38.4452
   10802      37.7806
   10803      37.6701
   10804      37.8303
   10805      38.1629
   10806      38.0182
   10807      38.8502
   10808      38.4775
   10809      38.3940
   10810      38.2824
   10811      38.1623
   10812      38.4739
   10813      38.5988
   10814      38.5021
   10815      38.2576
   10816      38.0784
   10817      38.2259
   10818      38.1537
   10819      38.5728
   10820      38.2514
   10821      38.3982
   10822      37.5575
   10823      38.3108
   10824      38.2282
   10825      38.0583
   10826      38.3004
   10827      38.1379
   10828      38.1981
   10829      38.1504
   10830      38.1485
   10831      38.0133
   10832      37.6999
   10833      37.7536
   10834      37.7209
   10835      37.5036
   10836      37.4299
   10837      37.4193
   10838      37.3398
   10839      37.8504
   10840      37.9550
   10841      38.3275
   10842      37.8171
   10843      37.9872
   10844      37.4926
   10845      37.7597
   10846      37.5443
   10847      37.9670
   10848      38.0240
   10849      37.6941
   10850      37.5144
   10851      37.4546
   10852      37.6443
   10853      37.9216
   10854      37.4635
   10855      37.5127
   10856      37.1732
   10857      37.2749
   10858      37.7412
   10859      37.7226
   10860      37.3951
   10861      37.5618
   10862      37.6463
   10863      37.2800
   10864      37.2140
   10865      36.8958
   10866      37.2076
   10867      37.5489
   10868      37.1004
   10869      37.1918
   10870      37.4169
   10871      37.4554
   10872      37.3916
   10873      37.2941
   10874      37.2237
   10875      37.6464
   10876      37.6207
   10877      37.7441
   10878      37.8661
   10879      37.7560
   10880      37.6768
   10881      37.7302
   10882      37.9811
   10883      38.0389
   10884      38.4943
   10885      38.2785
   10886      37.9193
   10887      37.7643
   10888      37.9765
   10889      38.2572
   10890      38.1647
   10891      38.3545
   10892      38.0472
   10893      38.6580
   10894      38.4632
   10895      38.6230
   10896      38.6038
   10897      39.1516
   10898      39.0300
   10899      38.3770
   10900      39.0979
   10901      38.5243
   10902      38.2644
   10903      38.3769
   10904      38.9609
   10905      38.8492
   10906      38.8505
   10907      38.8023
   10908      38.9034
   10909      38.9468
   10910      39.1786
   10911      38.9199
   10912      39.2368
   10913      38.7454
   10914      38.2071
   10915      39.0318
   10916      38.9185
   10917      39.0600
   10918      38.4401
   10919      38.7646
   10920      38.5524
   10921      38.9046
   10922      38.3513
   10923      38.3752
   10924      38.3176
   10925      37.7929
   10926      38.5512
   10927      38.2033
   10928      38.1907
   10929      38.1102
   10930      38.2778
   10931      38.0657
   10932      38.5359
   10933      37.7505
   10934      38.1310
   10935      37.4739
   10936      38.1163
   10937      37.6399
   10938      37.7742
   10939      38.1483
   10940      37.8047
   10941      37.8274
   10942      37.4757
   10943      37.4793
   10944      37.2035
   10945      37.5002
   10946      37.3196
   10947      37.7593
   10948      37.9147
   10949      37.2956
   10950      37.7654
   10951      37.4531
   10952      37.0796
   10953      37.2716
   10954      37.4512
   10955      36.9624
   10956      37.4374
   10957      38.0011
   10958      37.7215
   10959      36.6494
   10960      37.4692
   10961      37.5413
   10962      37.3674
   10963      37.6313
   10964      37.3897
   10965      37.3908
   10966      37.6699
   10967      37.6428
   10968      37.8067
   10969      37.4132
   10970      37.4682
   10971      37.6896
   10972      37.4857
   10973      37.8233
   10974      37.4215
   10975      37.2062
   10976      37.5018
   10977      37.8128
   10978      37.0890
   10979      37.3780
   10980      37.7920
   10981      37.6062
   10982      37.6397
   10983      37.7708
   10984      37.6669
   10985      37.7521
   10986      37.7588
   10987      37.9868
   10988      37.7273
   10989      37.9063
   10990      37.6457
   10991      37.5775
   10992      37.6065
   10993      38.1014
   10994      37.8016
   10995      38.1013
   10996      37.8468
   10997      37.5860
   10998      37.1882
   10999      37.2672
   11000      37.5801
   11001      37.3899
   11002      37.6127
   11003      37.6983
   11004      37.4344
   11005      37.3150
   11006      37.4821
   11007      37.1383
   11008      37.3123
   11009      37.7578
   11010      37.2782
   11011      37.1637
   11012      37.4816
   11013      37.0372
   11014      37.2188
   11015      37.5702
   11016      37.8076
   11017      37.6911
   11018      37.7969
   11019      37.5163
   11020      37.7733
   11021      37.5339
   11022      37.5294
   11023      37.2743
   11024      37.8277
   11025      37.3828
   11026      37.4861
   11027      37.7427
   11028      37.1988
   11029      37.3399
   11030      37.6732
   11031      37.3628
   11032      37.4566
   11033      37.7280
   11034      37.4503
   11035      37.2419
   11036      37.4610
   11037      37.1501
   11038      37.5038
   11039      37.4318
   11040      37.8395
   11041      37.5302
   11042      37.5042
   11043      37.6905
   11044      37.8052
   11045      37.6988
   11046      37.3510
   11047      37.4751
   11048      37.7144
   11049      37.5813
   11050      37.8340
   11051      37.9228
   11052      37.8490
   11053      37.9141
   11054      37.5691
   11055      37.7643
   11056      37.5370
   11057      37.0490
   11058      37.1640
   11059      37.0095
   11060      37.2597
   11061      37.5158
   11062      37.4362
   11063      37.2379
   11064      37.6436
   11065      37.6136
   11066      38.0430
   11067      37.4795
   11068      37.4377
   11069      37.7821
   11070      37.6624
   11071      37.4650
   11072      37.3201
   11073      37.2174
   11074      37.1969
   11075      37.2788
   11076      37.5148
   11077      37.8157
   11078      37.8798
   11079      37.8775
   11080      37.4760
   11081      37.1889
   11082      37.4970
   11083      37.8586
   11084      37.3658
   11085      37.4343
   11086      37.6019
   11087      37.7141
   11088      37.6221
   11089      37.6462
   11090      38.0565
   11091      37.7476
   11092      37.3864
   11093      37.4541
   11094      37.5500
   11095      37.4909
   11096      36.9125
   11097      37.3840
   11098      37.7444
   11099      37.4660
   11100      37.5408
   11101      37.5691
   11102      38.1045
   11103      37.9983
   11104      37.3684
   11105      37.5333
   11106      37.2819
   11107      37.7618
   11108      37.1968
   11109      37.6964
   11110      37.6876
   11111      37.7238
   11112      37.3668
   11113      37.8132
   11114      37.6379
   11115      37.5252
   11116      37.3268
   11117      37.4575
   11118      37.7743
   11119      37.7503
   11120      38.0233
   11121      37.8344
   11122      38.0157
   11123      37.6711
   11124      37.7703
   11125      38.0160
   11126      37.5909
   11127      37.7796
   11128      37.7880
   11129      37.8654
   11130      37.9134
   11131      37.7536
   11132      37.7322
   11133      37.9254
   11134      37.6039
   11135      37.4331
   11136      37.6361
   11137      37.5710
   11138      37.7110
   11139      38.2939
   11140      38.0706
   11141      37.6145
   11142      37.3252
   11143      37.6516
   11144      37.7200
   11145      37.9369
   11146      38.0771
   11147      38.1799
   11148      38.1455
   11149      37.9334
   11150      38.1816
   11151      37.6630
   11152      37.6697
   11153      37.7989
   11154      38.1199
   11155      37.8231
   11156      37.7803
   11157      38.0279
   11158      37.6168
   11159      37.6106
   11160      37.2543
   11161      38.0371
   11162      37.7258
   11163      37.3379
   11164      37.7395
   11165      37.3770
   11166      37.1210
   11167      37.7461
   11168      37.5742
   11169      37.8323
   11170      37.7284
   11171      37.4340
   11172      37.8334
   11173      37.6305
   11174      37.3656
   11175      37.1309
   11176      37.4986
   11177      37.4199
   11178      37.4247
   11179      37.5181
   11180      37.1513
   11181      37.5080
   11182      37.3469
   11183      37.4529
   11184      37.5371
   11185      37.8027
   11186      37.6709
   11187      37.6193
   11188      37.6694
   11189      37.4873
   11190      37.5331
   11191      37.7851
   11192      37.5208
   11193      37.7146
   11194      37.7104
   11195      37.1887
   11196      37.6768
   11197      37.5752
   11198      38.1075
   11199      37.6711
   11200      37.9163
   11201      37.8218
   11202      38.0815
   11203      37.7402
   11204      37.9538
   11205      38.2850
   11206      38.0645
   11207      38.5031
   11208      38.1293
   11209      38.3406
   11210      38.0434
   11211      38.2759
   11212      38.1038
   11213      38.0468
   11214      37.5804
   11215      37.4872
   11216      37.9458
   11217      37.3173
   11218      37.7570
   11219      37.7040
   11220      37.8143
   11221      38.0498
   11222      37.6899
   11223      37.5492
   11224      37.5819
   11225      37.4986
   11226      37.5377
   11227      37.5228
   11228      37.7240
   11229      37.8024
   11230      37.7251
   11231      37.5626
   11232      37.5203
   11233      37.8105
   11234      37.6772
   11235      37.7526
   11236      37.3186
   11237      37.5862
   11238      37.6998
   11239      37.5734
   11240      37.7065
   11241      37.1267
   11242      37.1734
   11243      37.7866
   11244      37.5696
   11245      37.6455
   11246      37.8494
   11247      37.7590
   11248      37.4992
   11249      37.6186
   11250      37.8089
   11251      37.1372
   11252      37.1827
   11253      37.6681
   11254      37.4477
   11255      37.4278
   11256      37.7790
   11257      38.1696
   11258      37.9094
   11259      37.8477
   11260      37.4433
   11261      37.6292
   11262      37.9428
   11263      37.8242
   11264      38.0267
   11265      37.8751
   11266      37.7734
   11267      37.9839
   11268      37.6933
   11269      38.0591
   11270      38.1214
   11271      37.8798
   11272      37.5575
   11273      37.7448
   11274      38.1261
   11275      37.6454
   11276      37.6961
   11277      37.7315
   11278      37.7408
   11279      37.7756
   11280      37.6087
   11281      37.5151
   11282      37.4620
   11283      37.4727
   11284      37.6581
   11285      38.0124
   11286      37.6969
   11287      37.4958
   11288      37.5879
   11289      37.9101
   11290      37.7938
   11291      37.5445
   11292      37.6333
   11293      37.4922
   11294      37.5334
   11295      37.7936
   11296      37.4990
   11297      37.4679
   11298      37.7265
   11299      37.6808
   11300      37.5552
   11301      37.7891
   11302      37.6893
   11303      37.3558
   11304      37.9604
   11305      37.5040
   11306      37.7893
   11307      37.5104
   11308      37.8397
   11309      37.9674
   11310      37.7580
   11311      37.7005
   11312      37.6151
   11313      37.6913
   11314      37.6428
   11315      37.3110
   11316      37.7505
   11317      37.9079
   11318      37.5130
   11319      37.4032
   11320      37.2841
   11321      37.7885
   11322      37.6785
   11323      37.2217
   11324      37.3032
   11325      37.2685
   11326      37.4216
   11327      37.1909
   11328      37.1926
   11329      37.3038
   11330      37.3260
   11331      37.2454
   11332      37.3982
   11333      37.8226
   11334      37.3250
   11335      37.2821
   11336      37.0156
   11337      37.1673
   11338      37.2814
   11339      37.3908
   11340      37.5750
   11341      37.3402
   11342      37.7028
   11343      37.7562
   11344      37.8656
   11345      37.7286
   11346      37.7859
   11347      37.7966
   11348      37.7794
   11349      37.8000
   11350      37.6402
   11351      37.2958
   11352      37.1077
   11353      37.5188
   11354      37.5056
   11355      37.5105
   11356      37.1450
   11357      37.5552
   11358      37.4106
   11359      37.2734
   11360      37.7160
   11361      37.5948
   11362      37.7887
   11363      38.1406
   11364      37.5308
   11365      38.0886
   11366      38.1168
   11367      37.6634
   11368      38.0476
   11369      37.9541
   11370      37.7402
   11371      37.6611
   11372      37.5122
   11373      37.7246
   11374      37.6734
   11375      38.1595
   11376      37.6507
   11377      37.2601
   11378      37.8734
   11379      37.9549
   11380      37.7532
   11381      38.4647
   11382      37.9956
   11383      38.1173
   11384      37.8221
   11385      38.0916
   11386      37.7556
   11387      37.6689
   11388      37.7593
   11389      37.7722
   11390      37.7515
   11391      37.8427
   11392      37.4090
   11393      37.6719
   11394      37.3715
   11395      37.1114
   11396      37.5444
   11397      37.3765
   11398      37.3293
   11399      37.8942
   11400      37.7843
   11401      38.1755
   11402      37.6387
   11403      37.7957
   11404      37.6167
   11405      37.4864
   11406      37.6779
   11407      37.6480
   11408      37.8680
   11409      37.8149
   11410      37.6839
   11411      38.1987
   11412      37.8744
   11413      37.7321
   11414      37.7763
   11415      38.1777
   11416      37.7808
   11417      37.9791
   11418      37.4770
   11419      37.5262
   11420      37.3674
   11421      37.7445
   11422      37.3817
   11423      37.8503
   11424      37.8048
   11425      37.9657
   11426      37.5702
   11427      37.5200
   11428      37.7886
   11429      37.5017
   11430      37.5967
   11431      37.7542
   11432      37.5537
   11433      37.8523
   11434      37.8604
   11435      37.7370
   11436      37.2836
   11437      37.3084
   11438      37.5911
   11439      38.4448
   11440      37.8219
   11441      37.6319
   11442      37.7210
   11443      37.6556
   11444      37.8617
   11445      37.7285
   11446      37.6886
   11447      37.7876
   11448      37.9341
   11449      37.9887
   11450      37.7935
   11451      37.9394
   11452      37.6426
   11453      37.3845
   11454      37.5928
   11455      37.4652
   11456      37.4758
   11457      37.6235
   11458      37.6526
   11459      37.7445
   11460      37.4008
   11461      37.5187
   11462      37.4195
   11463      37.4129
   11464      37.5365
   11465      37.3150
   11466      37.6519
   11467      37.6901
   11468      37.8699
   11469      37.7373
   11470      37.9667
   11471      37.5945
   11472      37.7634
   11473      37.4668
   11474      37.6374
   11475      37.6426
   11476      37.8812
   11477      37.7485
   11478      37.5718
   11479      37.7959
   11480      37.9077
   11481      37.9831
   11482      37.9126
   11483      37.4668
   11484      37.4854
   11485      37.4427
   11486      37.4377
   11487      37.5012
   11488      37.4462
   11489      37.5184
   11490      37.5896
   11491      37.8304
   11492      37.5950
   11493      37.5762
   11494      37.4924
   11495      37.7721
   11496      37.9754
   11497      37.7337
   11498      37.6015
   11499      37.5639
   11500      37.5719
   11501      37.9203
   11502      37.6342
   11503      37.5241
   11504      37.2423
   11505      37.4734
   11506      37.7052
   11507      37.9036
   11508      37.5049
   11509      37.8933
   11510      38.0653
   11511      37.8376
   11512      37.5636
   11513      37.8833
   11514      37.2012
   11515      37.6046
   11516      37.6582
   11517      38.0355
   11518      37.6749
   11519      37.6986
   11520      37.7026
   11521      37.5776
   11522      37.8195
   11523      37.6173
   11524      37.8043
   11525      37.6658
   11526      37.4193
   11527      37.7194
   11528      37.9902
   11529      37.7092
   11530      37.5770
   11531      37.6483
   11532      37.3239
   11533      37.3689
   11534      37.1177
   11535      37.3758
   11536      37.3032
   11537      37.4693
   11538      37.1996
   11539      37.5631
   11540      37.1074
   11541      37.1234
   11542      37.4095
   11543      37.6760
   11544      37.5264
   11545      37.5569
   11546      37.4139
   11547      37.3606
   11548      37.1470
   11549      37.6398
   11550      37.5303
   11551      37.9829
   11552      37.5757
   11553      37.4501
   11554      37.5952
   11555      37.6379
   11556      38.0997
   11557      37.6555
   11558      37.7018
   11559      37.8844
   11560      37.8977
   11561      38.2299
   11562      38.0881
   11563      37.9180
   11564      37.9681
   11565      37.4083
   11566      37.3702
   11567      37.6076
   11568      37.6227
   11569      37.6404
   11570      37.5306
   11571      37.8843
   11572      37.9619
   11573      37.8399
   11574      37.4116
   11575      37.5885
   11576      37.8287
   11577      37.8104
   11578      37.5432
   11579      37.9081
   11580      37.4493
   11581      38.1620
   11582      38.1415
   11583      37.7631
   11584      37.7294
   11585      38.0866
   11586      38.1233
   11587      37.9223
   11588      37.9376
   11589      37.8923
   11590      37.6174
   11591      38.0984
   11592      38.1540
   11593      37.5665
   11594      37.6334
   11595      37.3765
   11596      37.3938
   11597      37.8491
   11598      37.8115
   11599      37.6399
   11600      37.4652
   11601      37.3982
   11602      37.5217
   11603      37.3727
   11604      37.2570
   11605      37.2890
   11606      37.4131
   11607      37.5807
   11608      38.1327
   11609      37.4336
   11610      37.3186
   11611      37.6762
   11612      37.5723
   11613      37.7571
   11614      37.5798
   11615      37.3748
   11616      37.6777
   11617      37.2678
   11618      37.4298
   11619      37.7773
   11620      37.2794
   11621      37.1493
   11622      37.4278
   11623      37.4748
   11624      37.4216
   11625      37.7800
   11626      37.9645
   11627      37.7684
   11628      37.6171
   11629      37.7763
   11630      37.5485
   11631      37.4723
   11632      37.7924
   11633      37.9772
   11634      37.7116
   11635      37.4965
   11636      37.5866
   11637      37.5760
   11638      37.8481
   11639      37.3710
   11640      37.5444
   11641      37.6973
   11642      37.4510
   11643      37.6648
   11644      37.5605
   11645      37.2682
   11646      37.6583
   11647      37.8014
   11648      37.6539
   11649      37.5479
   11650      37.4135
   11651      38.0574
   11652      37.7832
   11653      37.6091
   11654      37.4797
   11655      37.3486
   11656      37.4227
   11657      37.4645
   11658      37.4928
   11659      37.4444
   11660      37.7309
   11661      37.7854
   11662      37.8110
   11663      37.5249
   11664      37.5730
   11665      37.6537
   11666      37.5890
   11667      37.7990
   11668      37.8024
   11669      37.6290
   11670      37.7794
   11671      37.7006
   11672      37.8710
   11673      37.9142
   11674      37.6160
   11675      37.8190
   11676      38.0105
   11677      38.0313
   11678      37.3992
   11679      37.8727
   11680      37.7342
   11681      37.8368
   11682      37.6545
   11683      37.6784
   11684      37.6488
   11685      37.4480
   11686      37.4536
   11687      38.1854
   11688      37.6470
   11689      37.6536
   11690      37.4842
   11691      37.6714
   11692      37.3054
   11693      37.8253
   11694      37.3267
   11695      37.3256
   11696      37.7742
   11697      37.8364
   11698      38.1283
   11699      37.4167
   11700      37.5062
   11701      37.9647
   11702      37.4997
   11703      37.4946
   11704      38.1758
   11705      38.0871
   11706      37.7693
   11707      37.4014
   11708      37.7874
   11709      37.6698
   11710      37.6916
   11711      37.8134
   11712      37.6984
   11713      37.6377
   11714      37.7825
   11715      37.5848
   11716      37.5428
   11717      37.5113
   11718      37.7611
   11719      37.5855
   11720      37.6952
   11721      37.4551
   11722      37.3732
   11723      37.6804
   11724      37.8283
   11725      37.6552
   11726      37.4014
   11727      37.7756
   11728      37.8397
   11729      37.7339
   11730      37.6924
   11731      37.7712
   11732      37.7038
   11733      37.5245
   11734      37.9511
   11735      37.5163
   11736      37.8854
   11737      37.6929
   11738      37.7284
   11739      37.5118
   11740      37.7727
   11741      37.6252
   11742      37.7730
   11743      37.4833
   11744      37.6859
   11745      37.4015
   11746      37.3922
   11747      37.2302
   11748      37.8240
   11749      37.4221
   11750      37.8517
   11751      37.9713
   11752      38.0222
   11753      37.6594
   11754      38.2380
   11755      38.4365
   11756      38.0780
   11757      37.9738
   11758      37.9528
   11759      37.7949
   11760      37.8551
   11761      37.8513
   11762      37.6497
   11763      37.8297
   11764      37.7523
   11765      37.4985
   11766      37.8508
   11767      37.4403
   11768      37.8109
   11769      37.7423
   11770      37.9035
   11771      37.8795
   11772      37.4014
   11773      37.7813
   11774      38.0339
   11775      37.6557
   11776      37.8367
   11777      37.5290
   11778      37.8803
   11779      38.2872
   11780      38.0296
   11781      37.8294
   11782      37.7608
   11783      37.7395
   11784      37.6222
   11785      37.8638
   11786      37.6123
   11787      37.8286
   11788      38.0793
   11789      37.7713
   11790      38.0136
   11791      38.0517
   11792      38.2480
   11793      38.1050
   11794      37.7068
   11795      38.2704
   11796      37.8582
   11797      38.1435
   11798      37.9643
   11799      37.8467
   11800      38.0387
   11801      37.5197
   11802      37.8662
   11803      37.4566
   11804      37.2287
   11805      37.6905
   11806      37.7122
   11807      37.7495
   11808      37.5817
   11809      37.4781
   11810      37.8943
   11811      37.6709
   11812      37.6040
   11813      37.5726
   11814      37.7791
   11815      38.2266
   11816      37.8972
   11817      37.3836
   11818      37.6627
   11819      37.8203
   11820      37.7070
   11821      37.8662
   11822      38.0908
   11823      37.8978
   11824      37.8751
   11825      37.9380
   11826      37.6490
   11827      37.8746
   11828      37.7196
   11829      37.4800
   11830      37.6445
   11831      37.3555
   11832      37.7041
   11833      37.8058
   11834      37.5928
   11835      37.8014
   11836      37.4887
   11837      37.7502
   11838      37.8337
   11839      37.3187
   11840      38.0060
   11841      37.9571
   11842      37.2182
   11843      37.6578
   11844      37.6400
   11845      37.7348
   11846      37.6230
   11847      37.4854
   11848      37.5182
   11849      37.9495
   11850      37.6466
   11851      37.2550
   11852      37.2594
   11853      37.7592
   11854      37.9167
   11855      37.4933
   11856      37.7102
   11857      37.8702
   11858      37.6553
   11859      37.7473
   11860      37.4571
   11861      37.4579
   11862      37.5201
   11863      37.8760
   11864      37.8305
   11865      37.6221
   11866      37.8338
   11867      37.9956
   11868      38.2970
   11869      37.9331
   11870      38.2534
   11871      37.6411
   11872      37.8872
   11873      38.1071
   11874      37.9289
   11875      37.9592
   11876      38.1468
   11877      38.2074
   11878      38.2901
   11879      38.1566
   11880      38.4368
   11881      38.4950
   11882      38.4387
   11883      37.9739
   11884      38.1707
   11885      37.9620
   11886      37.8070
   11887      37.9450
   11888      37.7751
   11889      38.1603
   11890      37.7782
   11891      37.7490
   11892      37.9761
   11893      37.8227
   11894      37.3282
   11895      37.4915
   11896      37.4754
   11897      37.9035
   11898      38.0811
   11899      37.9769
   11900      38.2162
   11901      38.0105
   11902      38.3891
   11903      38.3633
   11904      38.1914
   11905      38.2565
   11906      38.4309
   11907      38.1237
   11908      38.2723
   11909      38.1519
   11910      38.3751
   11911      38.6154
   11912      38.1207
   11913      38.2529
   11914      37.6584
   11915      38.0885
   11916      38.1100
   11917      37.7697
   11918      37.6512
   11919      37.9910
   11920      38.0136
   11921      38.2612
   11922      38.3606
   11923      38.3255
   11924      38.0775
   11925      37.8794
   11926      37.9574
   11927      38.0873
   11928      38.0438
   11929      38.3232
   11930      37.9795
   11931      38.1256
   11932      37.9395
   11933      37.6941
   11934      37.8346
   11935      37.6260
   11936      37.8422
   11937      37.6697
   11938      37.9682
   11939      37.7343
   11940      37.9382
   11941      37.9693
   11942      37.9886
   11943      38.1781
   11944      38.1510
   11945      38.0028
   11946      38.1154
   11947      37.7876
   11948      38.2051
   11949      38.1317
   11950      38.2394
   11951      38.1314
   11952      38.3687
   11953      38.1155
   11954      38.1907
   11955      38.0195
   11956      38.0750
   11957      38.2839
   11958      37.8027
   11959      37.9232
   11960      37.7967
   11961      37.5767
   11962      38.1166
   11963      38.0857
   11964      38.2465
   11965      37.8157
   11966      37.9735
   11967      37.5046
   11968      37.9267
   11969      37.6153
   11970      37.9541
   11971      37.8716
   11972      37.7050
   11973      37.8279
   11974      38.3145
   11975      38.3686
   11976      38.5277
   11977      38.7971
   11978      38.6409
   11979      38.3150
   11980      38.3266
   11981      37.9563
   11982      38.2003
   11983      38.0417
   11984      38.4127
   11985      38.0285
   11986      38.1866
   11987      38.7646
   11988      38.5239
   11989      38.1684
   11990      38.2761
   11991      38.6731
   11992      39.1758
   11993      38.6033
   11994      38.7528
   11995      38.3116
   11996      38.1073
   11997      37.9232
   11998      38.2323
   11999      37.9574
   12000      38.0666
   12001      37.8039
   12002      38.3384
   12003      37.9724
   12004      38.3932
   12005      38.1701
   12006      37.8892
   12007      38.4758
   12008      38.1384
   12009      38.1288
   12010      37.7048
   12011      37.7994
   12012      37.9511
   12013      37.9235
   12014      38.1556
   12015      38.0738
   12016      37.9697
   12017      38.0092
   12018      37.9373
   12019      38.0929
   12020      38.1096
   12021      37.9538
   12022      37.4860
   12023      38.0464
   12024      38.0894
   12025      37.8985
   12026      38.4877
   12027      38.4116
   12028      38.1504
   12029      37.6856
   12030      38.1446
   12031      38.1542
   12032      38.4629
   12033      38.0067
   12034      38.4070
   12035      38.5038
   12036      38.2862
   12037      38.3986
   12038      38.0364
   12039      38.2425
   12040      38.0505
   12041      38.2105
   12042      38.2119
   12043      38.1740
   12044      38.1148
   12045      38.3372
   12046      38.2825
   12047      38.2702
   12048      38.1854
   12049      37.7753
   12050      38.2435
   12051      37.4321
   12052      37.7709
   12053      38.0471
   12054      37.8571
   12055      38.0806
   12056      37.9697
   12057      38.0144
   12058      37.8941
   12059      37.9075
   12060      37.6913
   12061      38.0169
   12062      37.8904
   12063      38.2447
   12064      38.0729
   12065      37.8352
   12066      38.0144
   12067      38.1061
   12068      37.7565
   12069      37.3639
   12070      37.9228
   12071      37.9813
   12072      37.6197
   12073      38.0134
   12074      37.4809
   12075      37.9694
   12076      37.8827
   12077      37.7133
   12078      37.9424
   12079      37.7314
   12080      37.7488
   12081      37.8629
   12082      37.5157
   12083      37.5605
   12084      37.5505
   12085      37.8997
   12086      37.9661
   12087      38.1957
   12088      37.8974
   12089      37.6974
   12090      38.3273
   12091      37.9226
   12092      38.2466
   12093      37.7628
   12094      38.1037
   12095      37.5508
   12096      38.0303
   12097      37.6657
   12098      37.8362
   12099      37.3183
   12100      37.3416
   12101      37.4581
   12102      37.8052
   12103      37.9063
   12104      37.8080
   12105      37.9700
   12106      38.0057
   12107      37.9339
   12108      37.7995
   12109      37.8578
   12110      37.8544
   12111      37.5627
   12112      37.8846
   12113      37.7216
   12114      37.7461
   12115      38.0982
   12116      37.6667
   12117      37.3046
   12118      37.5508
   12119      37.5281
   12120      37.7434
   12121      37.3029
   12122      37.4607
   12123      37.6437
   12124      37.3523
   12125      38.0114
   12126      37.9341
   12127      37.9865
   12128      37.5754
   12129      37.5921
   12130      37.7274
   12131      37.7171
   12132      37.6466
   12133      38.1351
   12134      37.8744
   12135      37.8488
   12136      37.3995
   12137      37.2843
   12138      37.6422
   12139      37.8792
   12140      37.4396
   12141      37.4395
   12142      37.6135
   12143      37.6602
   12144      37.3376
   12145      37.4829
   12146      37.8005
   12147      37.8082
   12148      37.9233
   12149      37.7569
   12150      37.8806
   12151      37.6035
   12152      37.6619
   12153      37.7492
   12154      37.7761
   12155      37.4332
   12156      37.6088
   12157      37.1648
   12158      37.4503
   12159      37.8259
   12160      37.3725
   12161      37.4355
   12162      37.1205
   12163      37.3072
   12164      37.3348
   12165      37.4993
   12166      37.3485
   12167      37.4550
   12168      37.3626
   12169      37.4576
   12170      37.5168
   12171      37.5759
   12172      38.0676
   12173      37.8135
   12174      37.9787
   12175      37.8506
   12176      37.8015
   12177      37.8122
   12178      37.7247
   12179      37.2679
   12180      37.6277
   12181      37.5281
   12182      37.5032
   12183      37.7334
   12184      37.8308
   12185      37.7760
   12186      37.8995
   12187      37.4275
   12188      37.6209
   12189      37.3614
   12190      37.1918
   12191      37.1134
   12192      37.0923
   12193      37.2942
   12194      37.3327
   12195      37.1155
   12196      37.5984
   12197      37.4921
   12198      37.5197
   12199      37.6101
   12200      37.4747
   12201      37.0303
   12202      37.8241
   12203      37.7693
   12204      37.3915
   12205      37.6031
   12206      37.5706
   12207      37.5494
   12208      37.6431
   12209      37.7033
   12210      37.3600
   12211      37.3123
   12212      37.3792
   12213      37.7378
   12214      37.4722
   12215      37.4831
   12216      37.8962
   12217      37.6219
   12218      37.6628
   12219      38.0655
   12220      37.9386
   12221      37.7467
   12222      37.8695
   12223      37.8065
   12224      37.8094
   12225      37.9940
   12226      37.8473
   12227      37.7615
   12228      38.0123
   12229      38.0986
   12230      37.9704
   12231      38.5570
   12232      38.5950
   12233      37.7958
   12234      37.9736
   12235      38.1076
   12236      38.0408
   12237      38.0214
   12238      38.0928
   12239      38.3138
   12240      38.1836
   12241      38.1119
   12242      37.9486
   12243      38.3858
   12244      38.0333
   12245      38.3580
   12246      38.1393
   12247      37.6961
   12248      38.2725
   12249      38.0145
   12250      38.2785
   12251      38.2213
   12252      38.0833
   12253      38.2889
   12254      38.1120
   12255      38.1349
   12256      38.1324
   12257      38.3476
   12258      37.7428
   12259      38.1426
   12260      38.1112
   12261      38.1139
   12262      38.1896
   12263      38.3616
   12264      38.0945
   12265      37.7395
   12266      38.4948
   12267      38.3761
   12268      38.2440
   12269      38.1618
   12270      38.0183
   12271      37.8287
   12272      37.9088
   12273      37.8780
   12274      38.2090
   12275      38.0702
   12276      38.2136
   12277      37.8963
   12278      37.7550
   12279      38.1912
   12280      38.1617
   12281      38.1212
   12282      37.8296
   12283      37.8860
   12284      37.6734
   12285      37.6678
   12286      38.0035
   12287      37.9324
   12288      37.7502
   12289      38.1044
   12290      38.0723
   12291      38.2760
   12292      37.4784
   12293      38.2588
   12294      38.2826
   12295      37.9210
   12296      38.5039
   12297      37.6624
   12298      37.8696
   12299      37.3693
   12300      37.9895
   12301      38.0108
   12302      37.3894
   12303      37.7522
   12304      37.5624
   12305      37.6807
   12306      37.6547
   12307      37.7083
   12308      38.2209
   12309      38.0133
   12310      38.3298
   12311      38.2140
   12312      38.1435
   12313      38.2453
   12314      38.3962
   12315      38.3174
   12316      37.8717
   12317      37.9020
   12318      37.9645
   12319      38.8335
   12320      37.9694
   12321      38.2121
   12322      38.2108
   12323      38.5545
   12324      38.6243
   12325      38.5948
   12326      38.3416
   12327      38.4164
   12328      38.3428
   12329      38.6642
   12330      38.7272
   12331      38.4344
   12332      38.5451
   12333      38.5833
   12334      38.2368
   12335      38.6740
   12336      38.2243
   12337      38.2991
   12338      38.0179
   12339      38.5082
   12340      38.4824
   12341      38.0612
   12342      37.7908
   12343      38.1918
   12344      38.2889
   12345      38.0436
   12346      38.1729
   12347      38.1057
   12348      37.9528
   12349      38.3455
   12350      38.3903
   12351      38.5137
   12352      38.3102
   12353      37.9461
   12354      38.1879
   12355      38.5844
   12356      38.7912
   12357      38.1921
   12358      38.2248
   12359      38.5679
   12360      38.5596
   12361      38.5278
   12362      38.4429
   12363      38.1431
   12364      38.0098
   12365      38.6818
   12366      38.3685
   12367      38.3427
   12368      38.1532
   12369      38.0777
   12370      38.2192
   12371      38.2097
   12372      38.4425
   12373      38.5130
   12374      38.1989
   12375      38.0769
   12376      37.7615
   12377      38.1711
   12378      37.9576
   12379      38.1664
   12380      37.8358
   12381      37.8557
   12382      38.2339
   12383      38.4599
   12384      37.8583
   12385      37.9992
   12386      38.3067
   12387      38.2971
   12388      38.4500
   12389      38.1362
   12390      38.3370
   12391      38.4412
   12392      38.5644
   12393      38.4673
   12394      38.1302
   12395      38.3418
   12396      38.0842
   12397      38.5626
   12398      38.2797
   12399      38.1060
   12400      38.3503
   12401      38.5648
   12402      38.4777
   12403      38.4342
   12404      38.0840
   12405      38.2555
   12406      38.2896
   12407      38.0317
   12408      38.3270
   12409      38.1569
   12410      37.9798
   12411      38.0997
   12412      38.4124
   12413      38.2061
   12414      38.1319
   12415      38.0841
   12416      37.9227
   12417      38.1683
   12418      37.9750
   12419      37.8805
   12420      38.1154
   12421      38.2839
   12422      38.1833
   12423      38.1635
   12424      38.2516
   12425      38.1215
   12426      38.1026
   12427      37.7074
   12428      37.9677
   12429      38.0092
   12430      38.2750
   12431      38.3145
   12432      38.2520
   12433      38.1577
   12434      38.2720
   12435      38.4282
   12436      37.7562
   12437      38.0241
   12438      37.3797
   12439      38.5205
   12440      38.0036
   12441      38.0579
   12442      38.0956
   12443      38.4279
   12444      38.8396
   12445      38.4281
   12446      37.9250
   12447      37.9219
   12448      37.4990
   12449      37.6983
   12450      37.9291
   12451      37.7810
   12452      37.8480
   12453      37.9847
   12454      38.5270
   12455      38.1018
   12456      38.2088
   12457      38.2306
   12458      38.1828
   12459      38.1557
   12460      38.2120
   12461      38.1348
   12462      37.9346
   12463      38.0210
   12464      38.2036
   12465      38.3316
   12466      38.2788
   12467      38.7420
   12468      38.3407
   12469      38.0916
   12470      37.6949
   12471      37.5039
   12472      37.5399
   12473      37.8566
   12474      37.8293
   12475      38.0037
   12476      38.2355
   12477      38.2218
   12478      37.6712
   12479      37.9975
   12480      38.1757
   12481      38.0603
   12482      37.9448
   12483      38.0932
   12484      38.3472
   12485      38.2086
   12486      38.3136
   12487      37.9820
   12488      37.8912
   12489      37.7809
   12490      38.0527
   12491      38.0959
   12492      37.5874
   12493      37.5069
   12494      37.5823
   12495      37.4185
   12496      37.3755
   12497      37.6825
   12498      37.8610
   12499      37.9899
   12500      38.3064
   12501      38.0956
   12502      37.8306
   12503      38.0142
   12504      38.1148
   12505      38.0098
   12506      38.4535
   12507      38.0009
   12508      38.7616
   12509      38.4903
   12510      38.8671
   12511      38.4912
   12512      38.5573
   12513      38.3199
   12514      38.0942
   12515      38.4609
   12516      38.2984
   12517      38.4672
   12518      38.3371
   12519      38.6881
   12520      38.5157
   12521      38.3131
   12522      38.1874
   12523      38.1148
   12524      38.3625
   12525      38.6570
   12526      38.2458
   12527      38.1312
   12528      38.1671
   12529      37.8256
   12530      38.0984
   12531      37.9093
   12532      38.1684
   12533      38.4843
   12534      38.1979
   12535      38.2150
   12536      38.3002
   12537      38.4842
   12538      38.2408
   12539      38.0746
   12540      38.2217
   12541      38.4929
   12542      37.9630
   12543      38.2993
   12544      38.2679
   12545      38.6221
   12546      38.6071
   12547      38.2279
   12548      38.3736
   12549      38.2070
   12550      38.2685
   12551      38.1576
   12552      38.3844
   12553      38.5203
   12554      38.4391
   12555      38.3419
   12556      38.8526
   12557      38.6117
   12558      38.1441
   12559      38.3994
   12560      38.2867
   12561      38.2143
   12562      37.7640
   12563      38.0439
   12564      38.0494
   12565      37.9104
   12566      38.0773
   12567      38.6053
   12568      38.3666
   12569      38.7412
   12570      38.5547
   12571      38.3693
   12572      38.6625
   12573      38.5858
   12574      38.1795
   12575      38.2027
   12576      38.7742
   12577      38.4225
   12578      38.3516
   12579      38.6083
   12580      38.5914
   12581      38.9700
   12582      38.6177
   12583      38.5088
   12584      38.1672
   12585      38.2056
   12586      38.2045
   12587      37.9564
   12588      38.1157
   12589      38.1112
   12590      37.7295
   12591      37.7233
   12592      38.0432
   12593      38.1277
   12594      37.6526
   12595      37.9387
   12596      38.1482
   12597      38.4233
   12598      38.4726
   12599      38.4525
   12600      38.4142
   12601      38.7948
   12602      38.2193
   12603      38.1216
   12604      37.8375
   12605      37.9480
   12606      38.0739
   12607      37.6462
   12608      38.2738
   12609      38.3167
   12610      38.3415
   12611      38.3433
   12612      38.1566
   12613      38.5728
   12614      38.8503
   12615      38.7547
   12616      38.6218
   12617      38.9265
   12618      38.2905
   12619      38.7235
   12620      39.1954
   12621      39.3348
   12622      38.7759
   12623      39.0495
   12624      39.3100
   12625      38.8806
   12626      38.8802
   12627      39.2876
   12628      39.1775
   12629      39.5334
   12630      39.2065
   12631      38.7362
   12632      38.8856
   12633      39.1778
   12634      39.3277
   12635      38.7772
   12636      38.6925
   12637      38.6428
   12638      38.8257
   12639      38.4923
   12640      38.3431
   12641      38.4476
   12642      38.5647
   12643      38.6808
   12644      38.6541
   12645      38.4582
   12646      38.7464
   12647      38.9995
   12648      38.2845
   12649      38.4427
   12650      38.7161
   12651      38.7387
   12652      38.8204
   12653      38.4385
   12654      38.9207
   12655      38.3678
   12656      38.9032
   12657      38.7133
   12658      38.5280
   12659      38.4309
   12660      38.2686
   12661      38.6257
   12662      38.2429
   12663      38.3605
   12664      38.6403
   12665      38.4426
   12666      38.3825
   12667      38.6175
   12668      38.2687
   12669      38.3147
   12670      38.4971
   12671      38.5482
   12672      38.5408
   12673      38.5642
   12674      38.7356
   12675      38.8963
   12676      38.5761
   12677      38.6897
   12678      38.5720
   12679      38.9999
   12680      38.4610
   12681      39.1121
   12682      38.9328
   12683      38.9026
   12684      38.6422
   12685      38.6137
   12686      38.1739
   12687      38.4598
   12688      38.4033
   12689      38.6435
   12690      38.4858
   12691      38.3706
   12692      38.4652
   12693      39.0772
   12694      38.1636
   12695      38.5960
   12696      38.3698
   12697      38.1584
   12698      38.6005
   12699      38.2653
   12700      38.4138
   12701      38.1577
   12702      38.3367
   12703      38.6097
   12704      38.5977
   12705      38.1286
   12706      38.3506
   12707      38.6135
   12708      38.8732
   12709      38.9491
   12710      38.8295
   12711      38.6994
   12712      38.9506
   12713      38.7739
   12714      39.0342
   12715      38.8917
   12716      38.7678
   12717      38.7658
   12718      39.1744
   12719      38.9120
   12720      38.8868
   12721      38.4126
   12722      38.6560
   12723      38.7161
   12724      38.2516
   12725      38.4289
   12726      38.4641
   12727      38.4243
   12728      38.4136
   12729      38.0725
   12730      38.5946
   12731      38.2939
   12732      38.2014
   12733      38.4213
   12734      38.1963
   12735      37.8348
   12736      38.4053
   12737      37.9589
   12738      38.0661
   12739      38.4436
   12740      38.0544
   12741      38.3738
   12742      38.0531
   12743      38.0839
   12744      38.3221
   12745      38.5862
   12746      38.5488
   12747      38.3469
   12748      38.8235
   12749      38.5477
   12750      39.0092
   12751      38.9631
   12752      38.6614
   12753      38.4693
   12754      38.5822
   12755      38.8105
   12756      38.4638
   12757      38.9065
   12758      38.2916
   12759      38.4783
   12760      38.2200
   12761      38.2921
   12762      38.2353
   12763      38.1576
   12764      38.2549
   12765      38.5245
   12766      38.2717
   12767      38.5279
   12768      38.4011
   12769      38.5461
   12770      38.9186
   12771      38.5468
   12772      38.3887
   12773      38.8317
   12774      38.4254
   12775      38.7812
   12776      38.4418
   12777      38.5233
   12778      38.7389
   12779      38.4951
   12780      38.7858
   12781      38.4146
   12782      38.3104
   12783      38.2008
   12784      38.3637
   12785      38.6948
   12786      38.5065
   12787      38.3218
   12788      38.6718
   12789      39.0816
   12790      38.4766
   12791      38.1451
   12792      38.4279
   12793      38.5488
   12794      38.6393
   12795      38.9605
   12796      38.6724
   12797      38.7021
   12798      38.5131
   12799      38.7219
   12800      38.6106
   12801      38.8041
   12802      39.1070
   12803      38.7721
   12804      38.8768
   12805      38.6057
   12806      38.5997
   12807      38.7747
   12808      38.5633
   12809      38.6645
   12810      38.0805
   12811      38.6038
   12812      38.2100
   12813      38.4992
   12814      38.3811
   12815      38.4848
   12816      38.5020
   12817      38.9787
   12818      38.4411
   12819      38.1519
   12820      38.4580
   12821      38.7278
   12822      38.2977
   12823      38.1572
   12824      38.2499
   12825      38.2552
   12826      38.1912
   12827      38.0092
   12828      38.3242
   12829      38.1665
   12830      38.3288
   12831      38.1621
   12832      38.7578
   12833      38.4725
   12834      38.3699
   12835      38.6184
   12836      37.9040
   12837      38.9177
   12838      38.9021
   12839      39.0008
   12840      38.7986
   12841      38.4779
   12842      38.2410
   12843      38.5236
   12844      38.5171
   12845      38.6013
   12846      38.3771
   12847      38.3716
   12848      37.7842
   12849      38.1038
   12850      38.3692
   12851      38.1631
   12852      38.0676
   12853      38.1842
   12854      38.0845
   12855      38.0836
   12856      37.8524
   12857      38.6685
   12858      38.6579
   12859      38.3307
   12860      38.7978
   12861      38.5197
   12862      38.4197
   12863      38.8220
   12864      38.6908
   12865      38.3925
   12866      38.6260
   12867      38.5381
   12868      38.4654
   12869      38.5256
   12870      38.8215
   12871      38.7242
   12872      38.2887
   12873      38.3118
   12874      38.2918
   12875      38.3671
   12876      38.4857
   12877      38.5284
   12878      38.5344
   12879      38.1708
   12880      38.5361
   12881      38.5851
   12882      38.7832
   12883      38.8564
   12884      38.9971
   12885      38.8544
   12886      39.2815
   12887      39.5010
   12888      39.3996
   12889      39.2997
   12890      38.4306
   12891      38.4908
   12892      38.2178
   12893      38.2743
   12894      38.1137
   12895      38.3490
   12896      38.2864
   12897      38.6448
   12898      38.2504
   12899      38.5904
   12900      38.7075
   12901      38.5392
   12902      38.0201
   12903      38.2655
   12904      37.8448
   12905      38.6169
   12906      38.4379
   12907      38.3732
   12908      38.4008
   12909      38.3994
   12910      38.5507
   12911      38.3659
   12912      38.4804
   12913      38.2291
   12914      38.0953
   12915      38.3572
   12916      38.2387
   12917      38.4208
   12918      38.6397
   12919      38.2050
   12920      38.5125
   12921      38.5246
   12922      38.8131
   12923      38.5037
   12924      39.0331
   12925      38.6519
   12926      38.7792
   12927      39.2387
   12928      38.6639
   12929      38.7745
   12930      38.9125
   12931      38.9572
   12932      38.6548
   12933      39.0208
   12934      38.6827
   12935      38.4436
   12936      38.7639
   12937      39.0989
   12938      38.0580
   12939      38.3946
   12940      38.4130
   12941      38.5271
   12942      38.6768
   12943      38.6213
   12944      38.3047
   12945      38.0750
   12946      38.0987
   12947      38.4756
   12948      38.4403
   12949      37.9383
   12950      38.0271
   12951      38.2245
   12952      38.4650
   12953      38.5506
   12954      38.5802
   12955      38.1534
   12956      37.9770
   12957      38.2674
   12958      38.1868
   12959      38.6304
   12960      38.5840
   12961      38.4130
   12962      38.5631
   12963      38.9667
   12964      38.4304
   12965      38.5303
   12966      38.3490
   12967      38.4150
   12968      38.5820
   12969      38.4554
   12970      38.5607
   12971      38.1473
   12972      38.4943
   12973      38.4250
   12974      38.7685
   12975      38.6585
   12976      38.2347
   12977      38.3566
   12978      38.4231
   12979      38.5481
   12980      38.3108
   12981      38.5192
   12982      38.5287
   12983      38.4504
   12984      38.2099
   12985      38.7971
   12986      38.5669
   12987      38.3401
   12988      38.7679
   12989      38.9234
   12990      38.6831
   12991      38.4585
   12992      38.5528
   12993      38.5919
   12994      38.8939
   12995      38.6811
   12996      38.2576
   12997      38.5264
   12998      38.8009
   12999      38.3760
   13000      38.5111
   13001      38.2219
   13002      38.8549
   13003      38.5142
   13004      38.6080
   13005      38.8199
   13006      38.8326
   13007      38.3603
   13008      38.3297
   13009      38.4846
   13010      38.7165
   13011      38.4722
   13012      38.2441
   13013      38.3004
   13014      38.4968
   13015      38.1945
   13016      38.3820
   13017      39.0478
   13018      38.6455
   13019      38.6320
   13020      38.8318
   13021      38.8171
   13022      38.8056
   13023      38.7650
   13024      38.4834
   13025      38.6216
   13026      38.6171
   13027      38.6637
   13028      38.5515
   13029      38.4252
   13030      38.7759
   13031      38.9572
   13032      38.4239
   13033      38.5385
   13034      38.4685
   13035      38.5371
   13036      38.6114
   13037      38.0746
   13038      38.2304
   13039      38.3256
   13040      38.0354
   13041      38.4364
   13042      37.9623
   13043      37.9501
   13044      38.2090
   13045      38.5668
   13046      38.5638
   13047      38.1857
   13048      38.5991
   13049      38.3313
   13050      38.5122
   13051      38.4053
   13052      38.5649
   13053      38.6409
   13054      38.2004
   13055      38.2683
   13056      38.4446
   13057      38.3820
   13058      38.2467
   13059      38.3433
   13060      38.3468
   13061      38.3481
   13062      38.5015
   13063      39.0144
   13064      38.4670
   13065      38.8175
   13066      38.6443
   13067      38.6327
   13068      38.6233
   13069      38.4390
   13070      38.2826
   13071      38.2208
   13072      38.4994
   13073      38.1250
   13074      38.7828
   13075      38.1601
   13076      38.2441
   13077      38.2736
   13078      38.2244
   13079      37.8525
   13080      38.0781
   13081      37.9176
   13082      38.0588
   13083      38.3788
   13084      38.3375
   13085      38.2492
   13086      38.2675
   13087      38.3915
   13088      38.2884
   13089      38.7171
   13090      38.3942
   13091      37.9699
   13092      38.2917
   13093      38.9827
   13094      38.0946
   13095      37.8625
   13096      38.3348
   13097      39.0656
   13098      38.5556
   13099      38.7253
   13100      38.5943
   13101      38.2747
   13102      38.4910
   13103      38.3564
   13104      38.2163
   13105      38.5474
   13106      38.7759
   13107      38.4797
   13108      38.5616
   13109      38.2557
   13110      38.5723
   13111      38.2375
   13112      38.1595
   13113      38.1172
   13114      38.1568
   13115      38.6910
   13116      38.5695
   13117      38.4506
   13118      38.5614
   13119      38.4001
   13120      38.4815
   13121      38.3533
   13122      38.1754
   13123      38.0964
   13124      38.2481
   13125      38.1299
   13126      38.4948
   13127      38.4865
   13128      38.1646
   13129      38.6118
   13130      38.4468
   13131      38.3872
   13132      38.6804
   13133      38.0752
   13134      38.3790
   13135      38.4422
   13136      38.6384
   13137      38.9408
   13138      38.1784
   13139      38.1738
   13140      38.3703
   13141      38.0306
   13142      37.8454
   13143      38.2513
   13144      38.6329
   13145      38.4919
   13146      38.5021
   13147      38.3769
   13148      38.9126
   13149      38.6267
   13150      38.1809
   13151      38.8896
   13152      39.3958
   13153      38.9081
   13154      38.6608
   13155      38.4208
   13156      39.1509
   13157      39.5100
   13158      38.8047
   13159      38.7578
   13160      39.2577
   13161      39.0260
   13162      38.6011
   13163      38.6352
   13164      38.5441
   13165      38.3496
   13166      38.2075
   13167      38.5589
   13168      38.5688
   13169      38.3858
   13170      38.1296
   13171      38.4496
   13172      38.0450
   13173      37.9310
   13174      38.4680
   13175      38.0908
   13176      38.6248
   13177      38.2806
   13178      38.0755
   13179      38.3084
   13180      38.3899
   13181      38.3535
   13182      38.2838
   13183      38.4590
   13184      38.2641
   13185      38.7027
   13186      38.3658
   13187      38.6989
   13188      38.5307
   13189      38.8052
   13190      38.6177
   13191      38.7647
   13192      38.5004
   13193      38.5010
   13194      38.6003
   13195      38.7207
   13196      38.5907
   13197      38.6834
   13198      38.1991
   13199      38.4560
   13200      38.6628
   13201      38.5767
   13202      38.7578
   13203      38.6528
   13204      38.8348
   13205      38.7714
   13206      38.4242
   13207      38.3208
   13208      38.4793
   13209      38.5933
   13210      38.5363
   13211      38.4618
   13212      38.4502
   13213      38.4601
   13214      38.7290
   13215      38.0734
   13216      38.2574
   13217      38.0640
   13218      38.0690
   13219      38.4810
   13220      38.2354
   13221      38.1405
   13222      38.6061
   13223      38.2320
   13224      38.4191
   13225      38.2291
   13226      38.1601
   13227      38.1779
   13228      38.1952
   13229      38.4048
   13230      38.5077
   13231      38.8291
   13232      38.4168
   13233      38.3757
   13234      38.3047
   13235      38.1339
   13236      38.6285
   13237      38.3617
   13238      38.6693
   13239      38.8773
   13240      38.2773
   13241      38.5843
   13242      38.2781
   13243      38.1297
   13244      38.3566
   13245      38.1090
   13246      38.4791
   13247      38.3032
   13248      38.4342
   13249      38.2929
   13250      38.4150
   13251      38.4164
   13252      38.4305
   13253      38.2883
   13254      38.2853
   13255      38.3056
   13256      38.3061
   13257      38.6005
   13258      38.7268
   13259      38.6894
   13260      39.0084
   13261      38.2839
   13262      38.5485
   13263      38.4366
   13264      38.4796
   13265      38.5820
   13266      38.1185
   13267      38.5285
   13268      38.3322
   13269      38.1917
   13270      38.9346
   13271      38.7398
   13272      38.6357
   13273      38.8220
   13274      38.5879
   13275      38.6847
   13276      38.4020
   13277      38.2852
   13278      38.4979
   13279      38.6519
   13280      38.8631
   13281      38.0998
   13282      38.6300
   13283      38.8814
   13284      38.7927
   13285      39.0820
   13286      38.9208
   13287      38.7924
   13288      38.7319
   13289      38.6437
   13290      38.4064
   13291      38.8841
   13292      38.5793
   13293      38.6128
   13294      38.3987
   13295      38.7793
   13296      38.4439
   13297      38.4054
   13298      38.0928
   13299      38.4867
   13300      38.4573
   13301      38.8681
   13302      38.7976
   13303      38.4528
   13304      38.4573
   13305      38.6595
   13306      38.3400
   13307      38.6006
   13308      38.6200
   13309      38.5300
   13310      38.5785
   13311      38.4409
   13312      38.3017
   13313      38.1712
   13314      38.2951
   13315      38.4433
   13316      38.6312
   13317      38.3165
   13318      38.3629
   13319      38.5356
   13320      38.5011
   13321      37.9440
   13322      37.9734
   13323      37.9929
   13324      38.0823
   13325      38.5041
   13326      38.1798
   13327      37.8483
   13328      38.4144
   13329      38.9798
   13330      38.3803
   13331      38.4401
   13332      38.6795
   13333      38.5514
   13334      38.2341
   13335      38.4557
   13336      38.5705
   13337      38.7584
   13338      38.5310
   13339      38.4571
   13340      38.2357
   13341      38.5846
   13342      38.8509
   13343      38.7169
   13344      39.3507
   13345      38.5578
   13346      38.7981
   13347      38.7492
   13348      38.7931
   13349      38.6826
   13350      38.7845
   13351      38.5511
   13352      38.4474
   13353      38.4144
   13354      38.4701
   13355      38.5450
   13356      38.0790
   13357      38.8074
   13358      38.4229
   13359      38.4375
   13360      38.4859
   13361      38.1908
   13362      38.4658
   13363      38.4600
   13364      38.4695
   13365      38.5011
   13366      38.2723
   13367      38.5460
   13368      38.3486
   13369      38.7863
   13370      38.3483
   13371      38.5283
   13372      38.4752
   13373      38.7756
   13374      38.0051
   13375      38.4420
   13376      38.3528
   13377      38.6773
   13378      38.3888
   13379      38.8546
   13380      38.5308
   13381      38.4997
   13382      38.8172
   13383      38.8334
   13384      38.3816
   13385      38.9592
   13386      38.7340
   13387      38.6126
   13388      38.2446
   13389      38.2422
   13390      38.7524
   13391      38.9763
   13392      38.6665
   13393      39.1571
   13394      39.4147
   13395      38.6499
   13396      38.9304
   13397      39.1554
   13398      38.6973
   13399      38.8833
   13400      39.4914
   13401      38.8430
   13402      38.7176
   13403      38.9702
   13404      38.7892
   13405      39.0963
   13406      38.6917
   13407      38.9809
   13408      39.2814
   13409      39.6649
   13410      38.7570
   13411      38.5540
   13412      38.4883
   13413      38.5058
   13414      38.8883
   13415      38.6099
   13416      38.6577
   13417      38.5549
   13418      38.7343
   13419      38.8475
   13420      38.7443
   13421      39.2206
   13422      38.8375
   13423      38.6913
   13424      38.7424
   13425      38.5623
   13426      38.5320
   13427      38.0543
   13428      38.0610
   13429      38.3270
   13430      38.5487
   13431      38.2830
   13432      38.6113
   13433      38.4423
   13434      38.4456
   13435      38.1139
   13436      38.4717
   13437      38.0156
   13438      38.3108
   13439      38.1883
   13440      38.3574
   13441      38.7427
   13442      38.1437
   13443      38.2188
   13444      38.6460
   13445      38.1931
   13446      38.0392
   13447      38.2465
   13448      38.1210
   13449      38.2629
   13450      38.2890
   13451      37.9843
   13452      38.0742
   13453      38.4433
   13454      38.3110
   13455      38.4705
   13456      38.4817
   13457      38.4151
   13458      38.2308
   13459      38.3831
   13460      38.5690
   13461      38.3413
   13462      38.4518
   13463      38.4845
   13464      38.5932
   13465      38.3324
   13466      38.2324
   13467      38.5608
   13468      38.8750
   13469      38.9123
   13470      38.8005
   13471      38.9665
   13472      38.7591
   13473      38.4207
   13474      38.0813
   13475      38.7054
   13476      38.6094
   13477      38.8151
   13478      38.2953
   13479      38.4717
   13480      38.7178
   13481      38.3173
   13482      39.0514
   13483      38.8957
   13484      38.9122
   13485      38.7337
   13486      39.1465
   13487      38.4911
   13488      38.4835
   13489      38.7943
   13490      38.5052
   13491      38.9492
   13492      38.5550
   13493      38.8228
   13494      38.5405
   13495      38.9484
   13496      38.6928
   13497      38.8679
   13498      38.6255
   13499      38.7972
   13500      38.9091
   13501      38.4263
   13502      38.0739
   13503      38.3382
   13504      38.5161
   13505      38.6136
   13506      39.1237
   13507      38.8913
   13508      38.6583
   13509      38.6829
   13510      38.8458
   13511      38.7022
   13512      39.0655
   13513      38.9729
   13514      38.8207
   13515      38.8091
   13516      39.1092
   13517      38.8093
   13518      39.0149
   13519      38.6307
   13520      39.1932
   13521      38.7421
   13522      38.8919
   13523      39.0806
   13524      38.9380
   13525      39.1284
   13526      39.2586
   13527      39.0970
   13528      39.0004
   13529      39.2420
   13530      38.9436
   13531      38.7515
   13532      38.9500
   13533      39.0771
   13534      39.3133
   13535      38.9116
   13536      38.9531
   13537      38.6072
   13538      39.4065
   13539      39.0961
   13540      39.2073
   13541      38.9063
   13542      38.5388
   13543      38.8025
   13544      38.6480
   13545      39.1868
   13546      38.3485
   13547      38.6328
   13548      38.8015
   13549      38.7532
   13550      39.2133
   13551      39.4450
   13552      38.8278
   13553      39.1300
   13554      38.6948
   13555      38.8428
   13556      38.3605
   13557      38.9804
   13558      38.9992
   13559      39.2722
   13560      39.3526
   13561      39.2237
   13562      39.3697
   13563      39.1495
   13564      39.3769
   13565      39.1792
   13566      39.4900
   13567      39.1413
   13568      39.5391
   13569      38.9629
   13570      39.2545
   13571      38.8995
   13572      38.9472
   13573      39.1477
   13574      38.6983
   13575      38.8508
   13576      38.8010
   13577      38.8185
   13578      39.0825
   13579      38.8575
   13580      38.8688
   13581      38.7609
   13582      38.9832
   13583      39.3471
   13584      39.2060
   13585      39.0527
   13586      39.1560
   13587      39.2898
   13588      39.4040
   13589      39.0159
   13590      38.9551
   13591      38.8465
   13592      38.6766
   13593      38.5725
   13594      39.2308
   13595      39.1712
   13596      39.0510
   13597      38.7669
   13598      39.2025
   13599      38.3021
   13600      38.8142
   13601      38.8843
   13602      38.9009
   13603      38.7158
   13604      38.7155
   13605      38.4153
   13606      38.5882
   13607      38.6915
   13608      38.7646
   13609      38.8059
   13610      38.6259
   13611      38.7081
   13612      38.1709
   13613      38.2120
   13614      38.6523
   13615      38.5410
   13616      38.3926
   13617      38.2380
   13618      38.5462
   13619      38.3998
   13620      38.4274
   13621      38.6037
   13622      38.4397
   13623      38.3807
   13624      38.0763
   13625      38.5981
   13626      38.3022
   13627      38.9422
   13628      38.7764
   13629      38.3894
   13630      39.2002
   13631      38.6111
   13632      38.5591
   13633      38.5284
   13634      38.5073
   13635      38.3835
   13636      38.6947
   13637      38.2644
   13638      38.6978
   13639      38.9458
   13640      38.5163
   13641      38.4142
   13642      38.7232
   13643      38.2073
   13644      38.7887
   13645      38.7522
   13646      38.3112
   13647      38.3897
   13648      38.6096
   13649      38.5270
   13650      38.6030
   13651      38.3025
   13652      38.0981
   13653      38.4457
   13654      38.6934
   13655      38.1998
   13656      38.3528
   13657      38.2457
   13658      38.1253
   13659      38.2623
   13660      38.1571
   13661      38.2884
   13662      38.5450
   13663      38.2395
   13664      38.6353
   13665      38.7831
   13666      38.6982
   13667      38.4187
   13668      38.6949
   13669      38.5732
   13670      38.7602
   13671      38.6347
   13672      38.9597
   13673      39.1845
   13674      38.5814
   13675      38.7217
   13676      38.4640
   13677      38.5942
   13678      38.7078
   13679      38.8647
   13680      38.9212
   13681      38.7701
   13682      38.2975
   13683      38.3091
   13684      38.7247
   13685      38.5348
   13686      38.4856
   13687      38.3507
   13688      38.7721
   13689      38.4654
   13690      38.3859
   13691      38.8280
   13692      38.9202
   13693      38.8044
   13694      38.3725
   13695      38.1394
   13696      38.1736
   13697      38.1668
   13698      38.2956
   13699      38.5870
   13700      38.4784
   13701      38.4483
   13702      38.0760
   13703      38.8123
   13704      38.7074
   13705      38.3487
   13706      38.3926
   13707      38.8739
   13708      38.6533
   13709      38.6117
   13710      38.8088
   13711      38.4988
   13712      38.6895
   13713      38.7200
   13714      38.6095
   13715      38.8941
   13716      38.8348
   13717      38.7538
   13718      39.0358
   13719      38.7797
   13720      38.8835
   13721      38.9636
   13722      38.6395
   13723      38.6315
   13724      38.8022
   13725      38.7116
   13726      38.5310
   13727      38.4390
   13728      38.3844
   13729      38.6673
   13730      38.9920
   13731      38.4073
   13732      38.9704
   13733      39.0874
   13734      38.7497
   13735      38.9048
   13736      38.7809
   13737      38.9080
   13738      38.8105
   13739      38.5060
   13740      38.3640
   13741      39.0016
   13742      38.7125
   13743      38.6886
   13744      38.7809
   13745      38.8589
   13746      39.1101
   13747      39.2099
   13748      39.1095
   13749      38.7839
   13750      38.7863
   13751      38.6176
   13752      38.6682
   13753      38.6022
   13754      38.8005
   13755      38.8194
   13756      38.7525
   13757      38.5185
   13758      38.5379
   13759      38.3346
   13760      38.0333
   13761      38.4582
   13762      38.4300
   13763      38.5132
   13764      38.3927
   13765      38.1901
   13766      37.9880
   13767      38.4196
   13768      38.1402
   13769      38.5041
   13770      38.0727
   13771      38.4794
   13772      38.4701
   13773      38.5009
   13774      38.5172
   13775      38.8239
   13776      38.1705
   13777      38.3771
   13778      38.6162
   13779      38.8514
   13780      38.5967
   13781      39.1479
   13782      38.6133
   13783      39.1690
   13784      38.6621
   13785      38.5776
   13786      38.3866
   13787      38.4018
   13788      38.4263
   13789      38.4392
   13790      38.6161
   13791      38.6000
   13792      38.4505
   13793      38.7156
   13794      38.6452
   13795      38.2904
   13796      38.4844
   13797      38.3746
   13798      38.1641
   13799      38.2340
   13800      38.9711
   13801      38.1663
   13802      38.0924
   13803      38.6933
   13804      38.7515
   13805      38.2969
   13806      38.0076
   13807      38.3719
   13808      38.5339
   13809      38.2730
   13810      38.0189
   13811      38.6378
   13812      38.1875
   13813      38.3005
   13814      38.4930
   13815      38.1362
   13816      38.0128
   13817      38.2566
   13818      38.6397
   13819      38.8258
   13820      38.7065
   13821      38.4697
   13822      38.4314
   13823      38.4680
   13824      38.3036
   13825      38.5949
   13826      38.6603
   13827      38.6620
   13828      38.8707
   13829      38.4009
   13830      38.4618
   13831      38.1256
   13832      38.4280
   13833      38.3727
   13834      38.4927
   13835      38.2979
   13836      38.6371
   13837      38.8811
   13838      38.5915
   13839      38.7885
   13840      38.4715
   13841      38.6254
   13842      38.3666
   13843      38.6240
   13844      38.6351
   13845      38.2191
   13846      38.4309
   13847      38.4513
   13848      38.9107
   13849      38.3711
   13850      38.3233
   13851      37.9106
   13852      38.1997
   13853      38.1038
   13854      38.2145
   13855      38.8333
   13856      38.4103
   13857      38.5266
   13858      38.4771
   13859      38.2785
   13860      38.6146
   13861      38.0642
   13862      38.3885
   13863      38.2313
   13864      38.3445
   13865      38.1330
   13866      38.6433
   13867      38.5542
   13868      38.3250
   13869      38.7054
   13870      38.5500
   13871      38.3242
   13872      38.2780
   13873      38.2790
   13874      38.3645
   13875      38.2840
   13876      38.3791
   13877      38.4110
   13878      38.7511
   13879      38.6278
   13880      38.3983
   13881      38.7589
   13882      38.7233
   13883      38.5506
   13884      38.6914
   13885      38.7660
   13886      38.9429
   13887      38.7591
   13888      39.1921
   13889      38.8383
   13890      38.7242
   13891      38.6475
   13892      38.5395
   13893      38.1371
   13894      37.9875
   13895      38.0562
   13896      38.4376
   13897      38.0405
   13898      38.2926
   13899      38.3078
   13900      38.0108
   13901      38.2227
   13902      38.6366
   13903      38.0018
   13904      38.0696
   13905      38.3440
   13906      38.1181
   13907      38.6482
   13908      38.5327
   13909      38.4307
   13910      38.2797
   13911      37.9888
   13912      38.3566
   13913      38.2784
   13914      38.4939
   13915      37.8612
   13916      38.1877
   13917      38.5380
   13918      38.8560
   13919      38.6276
   13920      37.9572
   13921      38.3436
   13922      38.1402
   13923      38.2409
   13924      38.4266
   13925      38.3525
   13926      38.6032
   13927      38.2188
   13928      38.2230
   13929      38.4725
   13930      38.6746
   13931      38.5288
   13932      38.7729
   13933      38.5036
   13934      38.5254
   13935      38.7192
   13936      39.3915
   13937      39.1348
   13938      39.3980
   13939      38.9074
   13940      38.9603
   13941      38.7123
   13942      38.4342
   13943      38.6274
   13944      38.4448
   13945      38.4538
   13946      38.4563
   13947      38.1065
   13948      38.5246
   13949      38.8535
   13950      38.7884
   13951      38.8205
   13952      38.3674
   13953      38.0482
   13954      38.3874
   13955      38.9324
   13956      38.2148
   13957      37.9847
   13958      38.2016
   13959      38.2583
   13960      38.4640
   13961      38.9009
   13962      38.2037
   13963      38.2981
   13964      38.4734
   13965      38.5569
   13966      38.4958
   13967      38.6819
   13968      38.9647
   13969      38.2279
   13970      38.1321
   13971      38.4477
   13972      38.4032
   13973      37.9391
   13974      38.1536
   13975      38.2688
   13976      38.3885
   13977      38.5883
   13978      38.9211
   13979      38.5266
   13980      38.4307
   13981      38.5762
   13982      38.4557
   13983      38.4392
   13984      38.3449
   13985      38.4131
   13986      38.7197
   13987      38.8456
   13988      38.5960
   13989      38.8923
   13990      38.8976
   13991      38.4094
   13992      38.5209
   13993      38.2330
   13994      38.4426
   13995      38.5138
   13996      38.6659
   13997      38.4529
   13998      38.5297
   13999      39.4281
   14000      38.8348
   14001      38.6070
   14002      38.4435
   14003      38.4983
   14004      38.4442
   14005      38.2457
   14006      38.2020
   14007      37.9233
   14008      38.1246
   14009      38.4100
   14010      37.7140
   14011      37.8431
   14012      38.1111
   14013      38.2391
   14014      37.8830
   14015      38.3408
   14016      38.4934
   14017      38.1866
   14018      37.8350
   14019      37.6811
   14020      37.6789
   14021      37.9999
   14022      38.1359
   14023      38.0325
   14024      38.3776
   14025      37.9597
   14026      38.3234
   14027      38.6212
   14028      38.3721
   14029      38.7761
   14030      38.3427
   14031      38.7640
   14032      38.3512
   14033      38.2948
   14034      38.2042
   14035      38.7387
   14036      38.6170
   14037      38.2751
   14038      38.0413
   14039      38.2621
   14040      37.9818
   14041      38.0634
   14042      38.2512
   14043      38.3979
   14044      38.5353
   14045      38.2105
   14046      38.1324
   14047      38.3916
   14048      38.5976
   14049      38.2976
   14050      38.6588
   14051      38.4444
   14052      38.5030
   14053      38.3789
   14054      38.6477
   14055      38.8213
   14056      39.0652
   14057      38.8369
   14058      38.6902
   14059      38.1604
   14060      38.6371
   14061      38.2471
   14062      38.4030
   14063      38.5144
   14064      38.2826
   14065      38.2990
   14066      38.9691
   14067      38.4983
   14068      38.8925
   14069      38.8753
   14070      38.9043
   14071      38.9803
   14072      38.5153
   14073      38.9474
   14074      39.2295
   14075      39.3110
   14076      38.7492
   14077      38.8626
   14078      38.9056
   14079      38.9308
   14080      38.3649
   14081      38.6561
   14082      38.8120
   14083      39.4188
   14084      38.9346
   14085      39.2025
   14086      38.6207
   14087      38.4200
   14088      38.3008
   14089      38.6559
   14090      38.6793
   14091      38.7242
   14092      38.8382
   14093      39.3298
   14094      38.4553
   14095      38.0737
   14096      38.3907
   14097      38.3735
   14098      37.8978
   14099      38.2211
   14100      38.2374
   14101      38.2230
   14102      38.1463
   14103      38.1945
   14104      38.3825
   14105      38.2678
   14106      38.4079
   14107      38.1975
   14108      38.4096
   14109      38.5057
   14110      38.7533
   14111      38.5638
   14112      39.0038
   14113      38.4802
   14114      38.9626
   14115      38.7633
   14116      39.0133
   14117      38.7060
   14118      39.0537
   14119      38.9669
   14120      38.2501
   14121      38.4062
   14122      38.4945
   14123      38.0670
   14124      38.4322
   14125      38.3540
   14126      38.4284
   14127      38.4376
   14128      38.0221
   14129      38.4395
   14130      38.3201
   14131      38.1967
   14132      38.0433
   14133      38.4200
   14134      37.9619
   14135      38.7883
   14136      38.3998
   14137      38.1295
   14138      38.0337
   14139      38.7964
   14140      38.5136
   14141      38.6632
   14142      39.1640
   14143      38.9804
   14144      38.7879
   14145      38.4452
   14146      38.3625
   14147      38.6224
   14148      38.3680
   14149      38.4338
   14150      38.9846
   14151      38.9528
   14152      38.2123
   14153      38.2715
   14154      38.3948
   14155      39.0605
   14156      38.3825
   14157      38.8773
   14158      39.0472
   14159      39.0530
   14160      38.8620
   14161      38.7853
   14162      38.8643
   14163      38.3937
   14164      38.4486
   14165      38.1683
   14166      38.9430
   14167      38.4746
   14168      38.4974
   14169      38.4134
   14170      38.6605
   14171      38.2266
   14172      38.3785
   14173      38.2620
   14174      38.6484
   14175      38.2258
   14176      38.4948
   14177      38.5048
   14178      38.5710
   14179      38.4168
   14180      38.2138
   14181      38.3459
   14182      38.0845
   14183      38.1477
   14184      37.7838
   14185      38.6132
   14186      38.5069
   14187      38.6098
   14188      38.1807
   14189      38.4965
   14190      38.2938
   14191      38.4588
   14192      38.3422
   14193      38.8049
   14194      38.6023
   14195      38.1046
   14196      38.2720
   14197      38.7166
   14198      38.7952
   14199      38.5737
   14200      38.2413
   14201      38.6808
   14202      38.3838
   14203      38.4137
   14204      38.6729
   14205      38.2108
   14206      38.1505
   14207      38.4385
   14208      38.9310
   14209      38.9183
   14210      38.4055
   14211      38.0617
   14212      38.0732
   14213      38.2052
   14214      38.6123
   14215      38.3868
   14216      38.4932
   14217      38.3322
   14218      38.6283
   14219      38.3413
   14220      38.2391
   14221      38.1221
   14222      37.9813
   14223      38.6109
   14224      38.3631
   14225      38.0565
   14226      38.4279
   14227      38.1645
   14228      38.5292
   14229      38.4695
   14230      38.4228
   14231      38.3699
   14232      38.3425
   14233      38.4923
   14234      38.7713
   14235      38.3217
   14236      38.5761
   14237      38.4359
   14238      38.4591
   14239      38.5853
   14240      38.3751
   14241      38.3215
   14242      38.1813
   14243      38.5243
   14244      38.3597
   14245      38.3738
   14246      38.3464
   14247      38.4882
   14248      38.2372
   14249      38.3471
   14250      38.6702
   14251      38.1194
   14252      38.5349
   14253      38.2937
   14254      38.2332
   14255      38.3860
   14256      38.5436
   14257      38.3824
   14258      38.3141
   14259      38.3671
   14260      38.5917
   14261      38.4347
   14262      38.4898
   14263      38.3466
   14264      38.6254
   14265      38.4221
   14266      38.8221
   14267      38.9682
   14268      38.5287
   14269      38.2203
   14270      38.0169
   14271      38.2283
   14272      38.2086
   14273      38.1532
   14274      38.5312
   14275      38.0746
   14276      38.5027
   14277      38.3804
   14278      38.5468
   14279      38.4688
   14280      38.7037
   14281      38.3313
   14282      38.3422
   14283      38.4512
   14284      38.3182
   14285      37.8267
   14286      38.4374
   14287      38.0492
   14288      38.4274
   14289      38.2234
   14290      38.0089
   14291      38.4634
   14292      38.6283
   14293      38.5418
   14294      38.5283
   14295      38.4240
   14296      38.1179
   14297      38.2767
   14298      37.6931
   14299      37.9440
   14300      38.2011
   14301      38.2159
   14302      38.6213
   14303      38.2433
   14304      38.2966
   14305      38.2632
   14306      37.6763
   14307      38.2782
   14308      38.5055
   14309      38.4759
   14310      38.0918
   14311      38.4465
   14312      38.3217
   14313      38.3632
   14314      38.1665
   14315      38.3422
   14316      38.3549
   14317      38.4025
   14318      37.9186
   14319      38.4001
   14320      38.3306
   14321      38.4318
   14322      38.4778
   14323      38.4112
   14324      38.5274
   14325      38.5496
   14326      38.7746
   14327      38.5042
   14328      38.9635
   14329      38.7235
   14330      38.5695
   14331      38.9847
   14332      38.8397
   14333      38.3344
   14334      38.2978
   14335      38.2467
   14336      38.0175
   14337      38.5769
   14338      38.3419
   14339      38.5390
   14340      38.5553
   14341      38.5060
   14342      38.2824
   14343      38.3836
   14344      38.2877
   14345      38.6562
   14346      38.0103
   14347      38.3950
   14348      38.0946
   14349      38.6558
   14350      38.2962
   14351      38.9115
   14352      38.7006
   14353      38.6648
   14354      38.6352
   14355      38.3041
   14356      38.6308
   14357      38.4046
   14358      38.4282
   14359      38.0507
   14360      37.8585
   14361      38.4786
   14362      38.4076
   14363      38.3569
   14364      38.7572
   14365      38.5582
   14366      38.2087
   14367      38.3240
   14368      38.4629
   14369      38.8160
   14370      38.6978
   14371      38.8845
   14372      38.3679
   14373      38.3856
   14374      38.3796
   14375      38.2001
   14376      38.0928
   14377      38.3684
   14378      38.1774
   14379      38.1016
   14380      37.9200
   14381      38.7041
   14382      38.3445
   14383      38.1901
   14384      38.3475
   14385      38.4828
   14386      38.2189
   14387      38.2985
   14388      38.4684
   14389      38.0492
   14390      38.2147
   14391      38.3527
   14392      38.0373
   14393      37.9946
   14394      38.3821
   14395      38.3868
   14396      38.7007
   14397      38.4669
   14398      38.4761
   14399      38.6853
   14400      38.4828
   14401      38.3718
   14402      38.4712
   14403      38.5903
   14404      38.6302
   14405      38.4080
   14406      38.6700
   14407      38.2385
   14408      38.1280
   14409      38.4974
   14410      38.3235
   14411      38.6166
   14412      38.0958
   14413      38.3599
   14414      38.5631
   14415      38.4198
   14416      38.6212
   14417      38.3259
   14418      38.1115
   14419      38.3194
   14420      38.1785
   14421      38.1925
   14422      38.4795
   14423      38.6608
   14424      38.3492
   14425      38.6559
   14426      38.7599
   14427      38.2900
   14428      38.6503
   14429      38.5904
   14430      38.8922
   14431      38.7745
   14432      38.8884
   14433      38.6923
   14434      39.0378
   14435      38.7617
   14436      38.4896
   14437      38.6473
   14438      38.6821
   14439      38.2929
   14440      38.4242
   14441      38.3138
   14442      38.4791
   14443      38.4364
   14444      38.8848
   14445      38.5209
   14446      38.7853
   14447      38.7793
   14448      38.5462
   14449      39.1371
   14450      39.3627
   14451      38.4068
   14452      38.4093
   14453      38.8932
   14454      38.8473
   14455      39.0062
   14456      38.8952
   14457      39.0057
   14458      38.6684
   14459      38.5576
   14460      38.1762
   14461      38.4565
   14462      38.2773
   14463      38.0953
   14464      38.3783
   14465      38.5463
   14466      38.9829
   14467      38.8737
   14468      38.3753
   14469      38.9380
   14470      38.5697
   14471      38.6441
   14472      38.8828
   14473      38.2772
   14474      38.5764
   14475      38.2689
   14476      38.3711
   14477      38.4943
   14478      38.3746
   14479      38.5271
   14480      38.5504
   14481      38.2084
   14482      38.3453
   14483      38.4604
   14484      38.0716
   14485      37.6024
   14486      38.3614
   14487      38.3862
   14488      38.3327
   14489      38.2290
   14490      38.7046
   14491      38.7380
   14492      38.8250
   14493      38.6972
   14494      39.0489
   14495      38.5472
   14496      38.6597
   14497      38.5492
   14498      38.6433
   14499      38.2533
   14500      38.8362
   14501      39.1082
   14502      38.7948
   14503      38.6529
   14504      38.7723
   14505      38.7114
   14506      39.1651
   14507      39.2455
   14508      39.3502
   14509      38.9918
   14510      38.8792
   14511      38.9407
   14512      38.2604
   14513      38.6583
   14514      38.6303
   14515      38.5490
   14516      38.5868
   14517      38.2938
   14518      38.3722
   14519      38.3159
   14520      38.5555
   14521      38.4730
   14522      38.7776
   14523      38.4668
   14524      38.5746
   14525      39.0638
   14526      38.5351
   14527      38.3349
   14528      38.7672
   14529      38.8103
   14530      38.4925
   14531      38.4404
   14532      38.5394
   14533      38.0841
   14534      38.5628
   14535      38.6889
   14536      38.8787
   14537      38.7258
   14538      39.0615
   14539      38.7272
   14540      38.5903
   14541      39.1942
   14542      38.9208
   14543      38.7534
   14544      38.8806
   14545      38.5956
   14546      38.1630
   14547      38.6502
   14548      38.5174
   14549      38.6324
   14550      38.7123
   14551      39.0253
   14552      38.9336
   14553      38.7459
   14554      38.8308
   14555      38.4804
   14556      38.3334
   14557      38.8526
   14558      38.7225
   14559      38.3977
   14560      38.7024
   14561      38.4627
   14562      38.3548
   14563      38.3495
   14564      38.2620
   14565      38.3307
   14566      38.3180
   14567      38.6485
   14568      38.4366
   14569      38.5412
   14570      38.3528
   14571      38.4718
   14572      38.6698
   14573      38.8152
   14574      38.5093
   14575      38.3213
   14576      38.3982
   14577      38.7153
   14578      39.0817
   14579      39.0765
   14580      38.8406
   14581      38.8983
   14582      38.7341
   14583      38.6054
   14584      38.5676
   14585      38.3880
   14586      38.4363
   14587      38.5203
   14588      38.7822
   14589      38.3870
   14590      38.5709
   14591      38.7897
   14592      38.5436
   14593      38.3579
   14594      38.6547
   14595      38.4674
   14596      38.3496
   14597      38.0298
   14598      38.5492
   14599      38.2399
   14600      38.6674
   14601      38.1107
   14602      38.1915
   14603      38.3795
   14604      38.6298
   14605      38.3686
   14606      38.5325
   14607      38.8341
   14608      39.1254
   14609      38.9376
   14610      38.4496
   14611      38.4918
   14612      39.0220
   14613      39.2634
   14614      38.9962
   14615      39.1967
   14616      39.5050
   14617      39.5516
   14618      38.9743
   14619      38.8431
   14620      38.9742
   14621      38.7936
   14622      38.8168
   14623      38.8268
   14624      38.7179
   14625      39.2246
   14626      38.8197
   14627      38.5213
   14628      39.0385
   14629      38.9238
   14630      38.8565
   14631      38.9985
   14632      38.9266
   14633      38.9142
   14634      38.9965
   14635      39.2669
   14636      39.0244
   14637      38.5199
   14638      39.0151
   14639      39.0363
   14640      38.4197
   14641      38.2864
   14642      38.4872
   14643      38.5983
   14644      38.7644
   14645      38.7252
   14646      38.3025
   14647      38.7973
   14648      38.9693
   14649      39.2016
   14650      39.4993
   14651      38.7736
   14652      38.5784
   14653      38.5281
   14654      38.7614
   14655      38.5390
   14656      39.0331
   14657      39.0699
   14658      38.4619
   14659      38.5500
   14660      38.9897
   14661      38.7950
   14662      38.5685
   14663      38.6528
   14664      38.6909
   14665      38.7337
   14666      38.2867
   14667      38.6474
   14668      38.5804
   14669      38.6772
   14670      38.4523
   14671      38.3157
   14672      38.5115
   14673      38.0910
   14674      38.1199
   14675      38.7481
   14676      38.3713
   14677      38.6054
   14678      38.8272
   14679      38.6200
   14680      38.4038
   14681      38.2608
   14682      38.6848
   14683      38.9488
   14684      38.4862
   14685      38.5276
   14686      38.7278
   14687      38.8190
   14688      38.7599
   14689      38.4191
   14690      38.3196
   14691      38.5027
   14692      38.3587
   14693      38.6432
   14694      38.4521
   14695      38.4411
   14696      38.0271
   14697      38.2489
   14698      38.4188
   14699      38.7183
   14700      38.5282
   14701      38.4768
   14702      38.8024
   14703      38.2728
   14704      38.6037
   14705      38.3325
   14706      38.7198
   14707      38.7187
   14708      38.4401
   14709      38.5624
   14710      38.3001
   14711      38.0507
   14712      38.9409
   14713      38.6138
   14714      38.6398
   14715      38.6513
   14716      38.7400
   14717      38.7425
   14718      38.1739
   14719      38.8864
   14720      38.8800
   14721      38.6211
   14722      38.8682
   14723      38.9641
   14724      38.6570
   14725      38.9379
   14726      38.6511
   14727      38.7061
   14728      38.7189
   14729      38.3326
   14730      38.6299
   14731      38.5456
   14732      38.2113
   14733      38.2720
   14734      38.7682
   14735      38.7245
   14736      38.7024
   14737      38.6069
   14738      38.7111
   14739      38.7969
   14740      38.5713
   14741      38.4513
   14742      38.7752
   14743      38.7591
   14744      38.7603
   14745      38.8737
   14746      38.2760
   14747      38.7692
   14748      38.4772
   14749      38.6262
   14750      38.3168
   14751      38.2865
   14752      38.4160
   14753      38.8580
   14754      38.5615
   14755      38.5933
   14756      39.0073
   14757      38.8827
   14758      38.5737
   14759      38.7706
   14760      38.8889
   14761      38.5290
   14762      38.7426
   14763      38.8601
   14764      38.6573
   14765      38.6794
   14766      39.1240
   14767      38.8161
   14768      39.0609
   14769      38.8225
   14770      39.0328
   14771      38.2105
   14772      38.6584
   14773      38.5493
   14774      39.0834
   14775      39.0222
   14776      38.7029
   14777      38.6616
   14778      38.6761
   14779      38.8823
   14780      38.9826
   14781      39.1457
   14782      39.1151
   14783      38.4741
   14784      38.7501
   14785      38.9982
   14786      38.9364
   14787      38.6754
   14788      38.8860
   14789      38.8980
   14790      38.8415
   14791      38.6661
   14792      38.7323
   14793      38.6214
   14794      38.7711
   14795      39.2213
   14796      38.9669
   14797      38.3705
   14798      38.6580
   14799      38.2870
   14800      38.2612
   14801      38.8461
   14802      38.9356
   14803      38.7041
   14804      38.2297
   14805      38.3118
   14806      38.3333
   14807      38.7310
   14808      38.8742
   14809      38.4163
   14810      38.8070
   14811      38.8713
   14812      38.3295
   14813      38.7210
   14814      38.9336
   14815      38.9643
   14816      39.0631
   14817      39.0282
   14818      39.0927
   14819      39.4923
   14820      38.5341
   14821      39.6095
   14822      39.3899
   14823      39.1206
   14824      39.2049
   14825      39.1960
   14826      39.2034
   14827      39.0890
   14828      39.0770
   14829      39.1431
   14830      39.3058
   14831      38.4791
   14832      39.2214
   14833      38.7786
   14834      38.8651
   14835      39.0217
   14836      38.6229
   14837      38.7743
   14838      38.8725
   14839      38.4034
   14840      38.6055
   14841      38.5188
   14842      38.6455
   14843      38.9656
   14844      38.9676
   14845      39.0422
   14846      38.7645
   14847      38.1986
   14848      39.0939
   14849      38.8367
   14850      38.8611
   14851      38.8877
   14852      38.8667
   14853      39.0266
   14854      38.6210
   14855      38.4295
   14856      38.4850
   14857      38.7109
   14858      38.3098
   14859      38.2771
   14860      38.2334
   14861      38.4959
   14862      38.7840
   14863      38.6853
   14864      38.8092
   14865      38.6906
   14866      38.6355
   14867      38.3950
   14868      38.6624
   14869      39.1298
   14870      39.1755
   14871      38.8377
   14872      38.6688
   14873      38.6745
   14874      39.2061
   14875      38.6381
   14876      38.5668
   14877      38.9106
   14878      38.6635
   14879      38.9477
   14880      38.6109
   14881      39.0342
   14882      38.9006
   14883      38.7395
   14884      38.9807
   14885      38.8065
   14886      38.5345
   14887      38.9901
   14888      38.9244
   14889      38.9046
   14890      38.5448
   14891      39.0887
   14892      38.6515
   14893      38.8030
   14894      39.1462
   14895      39.1393
   14896      38.9058
   14897      38.7485
   14898      38.9850
   14899      38.8522
   14900      38.8484
   14901      38.6213
   14902      38.4529
   14903      38.6942
   14904      38.5054
   14905      38.5993
   14906      38.7283
   14907      38.5958
   14908      38.8153
   14909      38.4975
   14910      38.6443
   14911      38.7466
   14912      38.4644
   14913      38.7675
   14914      38.6120
   14915      38.8650
   14916      38.8423
   14917      38.7949
   14918      38.7952
   14919      38.7738
   14920      38.9991
   14921      38.6557
   14922      39.3057
   14923      38.4509
   14924      38.9554
   14925      39.3734
   14926      38.5399
   14927      38.7309
   14928      39.1002
   14929      39.2586
   14930      38.8581
   14931      39.0018
   14932      38.9774
   14933      38.9146
   14934      39.1258
   14935      39.0864
   14936      38.6861
   14937      38.5663
   14938      38.8390
   14939      39.0182
   14940      38.4351
   14941      38.7242
   14942      39.0798
   14943      38.9437
   14944      38.6557
   14945      39.1666
   14946      39.0484
   14947      39.2947
   14948      38.8285
   14949      38.9527
   14950      39.4588
   14951      38.7327
   14952      38.9435
   14953      38.4190
   14954      38.8139
   14955      38.7165
   14956      38.7386
   14957      38.7371
   14958      38.8385
   14959      38.5169
   14960      38.8777
   14961      38.7885
   14962      38.7074
   14963      38.5540
   14964      38.6824
   14965      38.8627
   14966      39.0658
   14967      38.8546
   14968      38.8157
   14969      38.7235
   14970      38.4248
   14971      38.7310
   14972      38.4090
   14973      38.3682
   14974      38.7344
   14975      38.3856
   14976      38.8935
   14977      38.8259
   14978      38.9737
   14979      39.1227
   14980      38.6385
   14981      38.7300
   14982      38.2398
   14983      38.0686
   14984      38.2983
   14985      38.3770
   14986      38.2750
   14987      38.2400
   14988      38.4808
   14989      38.5160
   14990      38.3749
   14991      38.2323
   14992      38.6622
   14993      38.4522
   14994      38.5004
   14995      38.5447
   14996      38.4397
   14997      38.6554
   14998      38.3835
   14999      38.5012
   15000      38.3452
   15001      38.0102
   15002      38.6202
   15003      38.9185
   15004      39.1526
   15005      38.8792
   15006      39.1203
   15007      39.0761
   15008      38.8132
   15009      38.9914
   15010      38.6327
   15011      39.0073
   15012      38.7467
   15013      38.9229
   15014      38.8366
   15015      38.5519
   15016      38.7912
   15017      38.2882
   15018      38.5254
   15019      38.4879
   15020      38.6374
   15021      38.5743
   15022      38.5611
   15023      38.5272
   15024      38.0755
   15025      38.5451
   15026      38.4464
   15027      38.0404
   15028      38.6229
   15029      38.3838
   15030      38.1191
   15031      38.4383
   15032      38.5669
   15033      38.5535
   15034      38.9165
   15035      38.7387
   15036      38.9459
   15037      38.3436
   15038      38.7511
   15039      38.3200
   15040      38.8012
   15041      38.4796
   15042      38.9333
   15043      38.6442
   15044      38.6959
   15045      39.1193
   15046      39.1429
   15047      38.8538
   15048      39.0613
   15049      38.6181
   15050      38.4441
   15051      38.4837
   15052      38.3257
   15053      38.6798
   15054      38.2791
   15055      38.6400
   15056      38.5046
   15057      38.5215
   15058      38.9655
   15059      38.8113
   15060      38.5892
   15061      38.4194
   15062      38.4295
   15063      38.6364
   15064      38.3808
   15065      38.5173
   15066      38.5768
   15067      38.7331
   15068      38.3224
   15069      38.7471
   15070      38.9006
   15071      38.5857
   15072      38.6280
   15073      38.7008
   15074      38.8522
   15075      38.5265
   15076      38.7304
   15077      38.6300
   15078      38.5838
   15079      38.5893
   15080      38.6061
   15081      38.7941
   15082      38.4337
   15083      38.3840
   15084      38.6940
   15085      38.7741
   15086      38.5260
   15087      38.7723
   15088      38.4606
   15089      38.8846
   15090      38.8223
   15091      38.9719
   15092      38.4909
   15093      38.9010
   15094      38.9333
   15095      38.6762
   15096      38.8359
   15097      38.7508
   15098      38.9192
   15099      38.7848
   15100      38.9371
   15101      38.4752
   15102      38.7105
   15103      38.8446
   15104      39.0096
   15105      38.5913
   15106      39.1536
   15107      39.1840
   15108      39.0831
   15109      38.9182
   15110      38.7832
   15111      38.8523
   15112      38.6353
   15113      38.8190
   15114      38.6621
   15115      38.6091
   15116      38.6375
   15117      38.5228
   15118      38.6785
   15119      38.8213
   15120      38.8753
   15121      38.4390
   15122      38.5785
   15123      38.2460
   15124      38.5901
   15125      38.4989
   15126      39.0004
   15127      38.6876
   15128      39.2154
   15129      38.8047
   15130      38.7503
   15131      39.2337
   15132      39.0127
   15133      38.6111
   15134      38.9668
   15135      39.1803
   15136      38.5211
   15137      38.7315
   15138      39.1610
   15139      38.9822
   15140      38.8528
   15141      38.7588
   15142      38.2022
   15143      38.2249
   15144      38.3980
   15145      38.2236
   15146      38.6380
   15147      38.8889
   15148      38.7948
   15149      38.9186
   15150      38.9904
   15151      38.5214
   15152      38.8326
   15153      38.7228
   15154      38.5916
   15155      39.1258
   15156      38.5071
   15157      38.3338
   15158      38.5268
   15159      38.4492
   15160      38.3613
   15161      38.1683
   15162      38.5485
   15163      38.5845
   15164      38.7927
   15165      38.3725
   15166      38.4705
   15167      39.0554
   15168      38.6963
   15169      39.2269
   15170      39.2784
   15171      38.9959
   15172      39.0746
   15173      39.0842
   15174      38.7526
   15175      38.6651
   15176      38.6490
   15177      38.7325
   15178      38.3858
   15179      38.0774
   15180      38.3915
   15181      38.3265
   15182      38.3741
   15183      38.3268
   15184      38.3552
   15185      38.3927
   15186      38.6049
   15187      38.7077
   15188      38.6808
   15189      38.9946
   15190      38.4552
   15191      38.5770
   15192      38.5029
   15193      38.4399
   15194      38.4108
   15195      38.5058
   15196      38.5143
   15197      38.5042
   15198      38.7501
   15199      38.6464
   15200      38.6942
   15201      38.7526
   15202      38.5467
   15203      38.8283
   15204      38.5305
   15205      38.2948
   15206      38.1520
   15207      38.1153
   15208      38.2902
   15209      38.2216
   15210      38.3391
   15211      38.5284
   15212      38.4369
   15213      38.5898
   15214      38.2519
   15215      38.5290
   15216      38.8694
   15217      38.5235
   15218      38.3003
   15219      38.4845
   15220      38.1618
   15221      38.3774
   15222      38.6639
   15223      38.6153
   15224      38.5818
   15225      38.9738
   15226      39.1556
   15227      39.0273
   15228      38.5435
   15229      38.6859
   15230      38.8017
   15231      38.7129
   15232      39.1408
   15233      38.7772
   15234      38.7296
   15235      39.0921
   15236      38.6653
   15237      38.9103
   15238      38.7356
   15239      38.6060
   15240      38.3621
   15241      38.7399
   15242      38.4504
   15243      38.5749
   15244      38.6421
   15245      38.5333
   15246      38.3680
   15247      38.4159
   15248      38.4603
   15249      38.7642
   15250      38.9699
   15251      39.1664
   15252      38.7107
   15253      38.9627
   15254      39.1725
   15255      38.7403
   15256      38.8794
   15257      38.9363
   15258      38.8629
   15259      38.4454
   15260      38.8540
   15261      38.8887
   15262      38.6072
   15263      38.6132
   15264      38.8469
   15265      38.5410
   15266      38.8104
   15267      38.8957
   15268      38.3931
   15269      38.8038
   15270      38.7843
   15271      38.6673
   15272      38.9098
   15273      38.9209
   15274      39.0358
   15275      38.7278
   15276      38.9519
   15277      39.1789
   15278      38.8433
   15279      39.2323
   15280      38.8709
   15281      39.0096
   15282      39.0790
   15283      38.7459
   15284      38.7511
   15285      38.7511
   15286      38.8220
   15287      39.1860
   15288      39.2180
   15289      38.9639
   15290      38.9260
   15291      39.0367
   15292      39.0032
   15293      38.5530
   15294      38.8274
   15295      38.9997
   15296      38.8894
   15297      39.1412
   15298      38.8672
   15299      38.8204
   15300      38.7960
   15301      38.7521
   15302      38.7150
   15303      38.7389
   15304      38.8540
   15305      38.6048
   15306      38.9171
   15307      38.6215
   15308      38.8260
   15309      38.6555
   15310      39.0807
   15311      38.9636
   15312      38.9361
   15313      39.1736
   15314      38.9140
   15315      39.3927
   15316      38.9537
   15317      38.9614
   15318      38.9879
   15319      38.9740
   15320      39.2793
   15321      39.1819
   15322      39.1292
   15323      39.1139
   15324      39.2228
   15325      38.7786
   15326      39.1801
   15327      39.3595
   15328      39.0146
   15329      38.9252
   15330      38.9729
   15331      38.8981
   15332      38.8993
   15333      38.6371
   15334      38.8006
   15335      38.6034
   15336      39.0691
   15337      38.8486
   15338      39.3135
   15339      39.1663
   15340      38.7737
   15341      38.5651
   15342      38.7680
   15343      38.7701
   15344      38.9391
   15345      38.6083
   15346      38.6716
   15347      38.7290
   15348      39.1980
   15349      38.8951
   15350      39.0471
   15351      39.3023
   15352      38.8592
   15353      39.0232
   15354      38.5253
   15355      38.7461
   15356      39.3633
   15357      39.0953
   15358      38.8617
   15359      38.7573
   15360      38.5771
   15361      38.7505
   15362      39.1094
   15363      38.8823
   15364      39.1861
   15365      39.0201
   15366      39.0328
   15367      38.7293
   15368      38.9799
   15369      38.9804
   15370      39.0073
   15371      39.0331
   15372      38.5818
   15373      38.7754
   15374      38.9058
   15375      38.4975
   15376      38.6372
   15377      38.7359
   15378      38.9148
   15379      38.5498
   15380      38.7769
   15381      38.5110
   15382      38.9699
   15383      38.6307
   15384      38.7851
   15385      38.7015
   15386      38.7433
   15387      39.2532
   15388      38.9400
   15389      38.9441
   15390      39.1384
   15391      38.6881
   15392      39.0855
   15393      38.9138
   15394      38.8432
   15395      39.1889
   15396      38.9109
   15397      39.3579
   15398      39.0220
   15399      39.0069
   15400      39.0371
   15401      38.7246
   15402      39.3767
   15403      39.2602
   15404      39.2829
   15405      38.9789
   15406      39.0637
   15407      38.8508
   15408      39.0136
   15409      39.0438
   15410      39.0685
   15411      39.0139
   15412      38.5847
   15413      39.1672
   15414      38.8573
   15415      38.7513
   15416      38.8908
   15417      38.4882
   15418      38.3828
   15419      38.4254
   15420      38.4603
   15421      38.2629
   15422      38.7650
   15423      38.7697
   15424      38.3913
   15425      38.7441
   15426      38.3498
   15427      38.6878
   15428      38.3464
   15429      38.6517
   15430      39.0404
   15431      38.6511
   15432      38.5935
   15433      38.4733
   15434      38.6806
   15435      38.3296
   15436      39.1040
   15437      38.6730
   15438      38.5398
   15439      38.9069
   15440      39.4633
   15441      39.1093
   15442      39.0842
   15443      38.9909
   15444      39.3667
   15445      39.1047
   15446      39.2508
   15447      39.0692
   15448      38.9899
   15449      38.9849
   15450      38.9294
   15451      38.8973
   15452      38.8896
   15453      38.8556
   15454      38.8504
   15455      38.6136
   15456      38.5948
   15457      38.7695
   15458      39.1283
   15459      38.9587
   15460      38.7990
   15461      38.7480
   15462      39.0696
   15463      38.8822
   15464      38.6741
   15465      38.3240
   15466      38.1770
   15467      38.3177
   15468      38.6688
   15469      39.1796
   15470      38.6949
   15471      38.7904
   15472      39.0286
   15473      39.0576
   15474      38.9273
   15475      39.1473
   15476      38.6292
   15477      38.5866
   15478      38.7351
   15479      38.6553
   15480      38.9701
   15481      38.8407
   15482      38.8187
   15483      38.8064
   15484      38.6812
   15485      39.0034
   15486      38.3465
   15487      38.7940
   15488      38.7172
   15489      39.1341
   15490      38.7407
   15491      38.3439
   15492      38.7271
   15493      38.6976
   15494      39.3097
   15495      38.9723
   15496      38.8463
   15497      38.7594
   15498      38.9082
   15499      38.6089
   15500      38.6037
   15501      39.1409
   15502      38.4644
   15503      38.7068
   15504      38.5681
   15505      38.5316
   15506      39.0022
   15507      38.6857
   15508      38.6414
   15509      38.4700
   15510      39.1441
   15511      39.1919
   15512      39.3223
   15513      39.3460
   15514      38.8271
   15515      39.1735
   15516      38.8590
   15517      38.7971
   15518      38.7103
   15519      38.9667
   15520      38.6961
   15521      38.8507
   15522      38.8500
   15523      38.7392
   15524      38.2568
   15525      38.2914
   15526      38.2597
   15527      38.1947
   15528      38.1989
   15529      38.8512
   15530      38.4852
   15531      38.2644
   15532      38.4000
   15533      38.8449
   15534      38.4773
   15535      38.3893
   15536      38.5390
   15537      38.3313
   15538      38.5041
   15539      38.7072
   15540      38.7003
   15541      38.9570
   15542      38.3220
   15543      38.6065
   15544      38.7377
   15545      38.6511
   15546      38.8275
   15547      38.6046
   15548      39.1712
   15549      38.2886
   15550      38.5819
   15551      38.5993
   15552      38.8391
   15553      38.6158
   15554      38.2122
   15555      38.4818
   15556      38.5779
   15557      38.3033
   15558      38.6118
   15559      38.6332
   15560      38.4689
   15561      38.4793
   15562      38.3105
   15563      38.1441
   15564      38.3468
   15565      38.5127
   15566      38.6359
   15567      38.6695
   15568      38.4835
   15569      38.3489
   15570      38.3006
   15571      38.3120
   15572      38.6737
   15573      38.5893
   15574      38.2750
   15575      38.7092
   15576      38.3865
   15577      38.3205
   15578      38.2697
   15579      38.3751
   15580      38.3163
   15581      37.9857
   15582      37.6227
   15583      37.9262
   15584      37.9898
   15585      37.9861
   15586      37.7345
   15587      38.0344
   15588      38.2939
   15589      37.8179
   15590      37.5829
   15591      38.0425
   15592      38.3199
   15593      38.4800
   15594      37.9596
   15595      37.7673
   15596      38.1403
   15597      38.2835
   15598      38.4116
   15599      37.8993
   15600      37.9715
   15601      38.1414
   15602      38.3841
   15603      38.7473
   15604      38.7142
   15605      38.8686
   15606      38.8114
   15607      38.2490
   15608      38.6900
   15609      38.1216
   15610      38.3989
   15611      38.2454
   15612      38.2506
   15613      38.1076
   15614      38.2271
   15615      38.2984
   15616      38.2643
   15617      38.3769
   15618      38.5699
   15619      38.0780
   15620      38.2565
   15621      38.3239
   15622      38.3952
   15623      38.3640
   15624      38.2323
   15625      38.8008
   15626      38.7052
   15627      38.7847
   15628      38.4972
   15629      38.6750
   15630      38.5166
   15631      38.4079
   15632      38.5673
   15633      38.3965
   15634      38.7931
   15635      38.4909
   15636      38.4687
   15637      38.8097
   15638      38.5371
   15639      39.0037
   15640      39.0019
   15641      38.6907
   15642      38.6856
   15643      38.7456
   15644      38.8264
   15645      38.7077
   15646      38.4632
   15647      38.6015
   15648      38.6169
   15649      39.0492
   15650      38.3550
   15651      38.6171
   15652      38.4963
   15653      38.4005
   15654      38.5500
   15655      38.9409
   15656      38.4864
   15657      39.0685
   15658      38.6780
   15659      38.3766
   15660      38.5992
   15661      38.5096
   15662      38.8233
   15663      38.9098
   15664      38.9095
   15665      39.4004
   15666      39.3081
   15667      39.4983
   15668      39.2220
   15669      39.2187
   15670      39.2321
   15671      39.4949
   15672      39.2905
   15673      39.2065
   15674      39.5986
   15675      39.3965
   15676      38.9647
   15677      39.1330
   15678      39.0368
   15679      38.6155
   15680      38.9905
   15681      38.7593
   15682      39.0742
   15683      38.6728
   15684      39.1087
   15685      38.8268
   15686      38.6178
   15687      39.0491
   15688      39.0942
   15689      38.9894
   15690      39.1595
   15691      39.1976
   15692      39.0743
   15693      39.0527
   15694      39.2106
   15695      38.9362
   15696      38.9912
   15697      39.3383
   15698      39.1570
   15699      38.8069
   15700      38.8267
   15701      38.7048
   15702      38.7308
   15703      38.8202
   15704      38.6548
   15705      38.2926
   15706      38.2735
   15707      38.5870
   15708      38.8808
   15709      38.6533
   15710      38.9628
   15711      38.3978
   15712      38.5415
   15713      38.3080
   15714      37.8673
   15715      38.5125
   15716      38.6090
   15717      38.4986
   15718      38.4260
   15719      38.6775
   15720      38.3431
   15721      38.3684
   15722      38.5772
   15723      38.5787
   15724      38.8108
   15725      38.7551
   15726      38.1554
   15727      38.6069
   15728      39.2157
   15729      38.8021
   15730      38.7970
   15731      38.8951
   15732      38.9164
   15733      38.9433
   15734      39.0186
   15735      38.2885
   15736      38.4453
   15737      38.6338
   15738      38.5427
   15739      38.7426
   15740      39.0039
   15741      39.5299
   15742      39.3393
   15743      39.2131
   15744      38.9218
   15745      38.6632
   15746      38.5709
   15747      38.3506
   15748      38.6591
   15749      38.5152
   15750      38.5963
   15751      38.8340
   15752      38.4620
   15753      38.4198
   15754      38.8979
   15755      38.6102
   15756      38.7470
   15757      39.0628
   15758      38.9123
   15759      38.6034
   15760      38.8154
   15761      38.6182
   15762      38.7610
   15763      38.5293
   15764      38.7294
   15765      38.6138
   15766      38.9570
   15767      39.0260
   15768      39.4809
   15769      39.2176
   15770      39.0882
   15771      38.9780
   15772      38.6981
   15773      38.6204
   15774      38.8595
   15775      38.9955
   15776      38.6265
   15777      38.7865
   15778      38.7251
   15779      39.1536
   15780      38.9703
   15781      38.3807
   15782      38.9331
   15783      38.3179
   15784      38.4493
   15785      38.9106
   15786      38.8797
   15787      38.7296
   15788      38.6799
   15789      38.4771
   15790      38.9193
   15791      38.8189
   15792      38.6553
   15793      38.6503
   15794      38.2342
   15795      38.7313
   15796      39.0039
   15797      38.8328
   15798      39.0640
   15799      38.7940
   15800      39.1565
   15801      38.9730
   15802      38.6346
   15803      38.5775
   15804      38.6108
   15805      38.5747
   15806      38.9475
   15807      39.1260
   15808      39.0071
   15809      39.2595
   15810      39.0085
   15811      39.1532
   15812      38.7896
   15813      38.8637
   15814      38.8817
   15815      38.7345
   15816      38.6206
   15817      38.6013
   15818      39.0213
   15819      38.5461
   15820      38.8012
   15821      38.9856
   15822      38.6696
   15823      39.0951
   15824      39.1778
   15825      38.9322
   15826      38.9652
   15827      39.0728
   15828      38.8462
   15829      38.3974
   15830      38.3968
   15831      38.6738
   15832      39.1164
   15833      39.2699
   15834      39.0800
   15835      38.8580
   15836      38.8861
   15837      38.7502
   15838      38.5905
   15839      38.6286
   15840      38.5781
   15841      38.7812
   15842      39.3074
   15843      39.0118
   15844      39.3927
   15845      38.8371
   15846      38.5002
   15847      38.6546
   15848      38.6154
   15849      38.7608
   15850      38.6780
   15851      38.4319
   15852      38.5241
   15853      39.1223
   15854      39.1013
   15855      38.9883
   15856      39.1013
   15857      38.9761
   15858      38.8157
   15859      38.5911
   15860      38.8262
   15861      38.6631
   15862      38.7677
   15863      38.7997
   15864      38.8573
   15865      39.2045
   15866      39.1559
   15867      39.2338
   15868      39.0514
   15869      39.4299
   15870      39.3897
   15871      38.9136
   15872      38.5927
   15873      38.5954
   15874      38.9416
   15875      39.4057
   15876      39.1761
   15877      38.7526
   15878      38.9895
   15879      39.1326
   15880      39.2647
   15881      38.5370
   15882      38.6046
   15883      38.4649
   15884      38.8108
   15885      39.0791
   15886      38.8784
   15887      38.8980
   15888      38.8096
   15889      38.8726
   15890      38.7270
   15891      38.5913
   15892      38.5194
   15893      38.9127
   15894      38.6922
   15895      38.2546
   15896      38.5801
   15897      38.9161
   15898      39.0504
   15899      39.2430
   15900      38.3822
   15901      38.5740
   15902      38.8098
   15903      38.6555
   15904      39.1187
   15905      38.5310
   15906      38.6284
   15907      38.6890
   15908      38.6553
   15909      38.5775
   15910      38.3813
   15911      38.8144
   15912      38.7596
   15913      39.2125
   15914      38.6782
   15915      38.9358
   15916      38.6914
   15917      39.0776
   15918      38.8085
   15919      38.6132
   15920      38.6560
   15921      39.0429
   15922      38.8258
   15923      38.9197
   15924      38.9816
   15925      38.9702
   15926      39.1257
   15927      39.1781
   15928      39.1101
   15929      39.5534
   15930      39.2184
   15931      38.8799
   15932      39.2399
   15933      38.7716
   15934      38.7354
   15935      38.6800
   15936      39.2390
   15937      38.8934
   15938      39.0588
   15939      38.5947
   15940      38.9772
   15941      39.1549
   15942      39.3305
   15943      38.8079
   15944      38.6333
   15945      39.3375
   15946      38.7208
   15947      38.6948
   15948      38.4368
   15949      38.5191
   15950      38.6495
   15951      38.6568
   15952      38.9583
   15953      39.3927
   15954      39.1829
   15955      38.9766
   15956      38.8977
   15957      38.8394
   15958      38.9501
   15959      38.8340
   15960      38.8488
   15961      38.9624
   15962      38.6717
   15963      38.5977
   15964      38.7441
   15965      38.9581
   15966      38.8654
   15967      39.0497
   15968      38.8018
   15969      38.7706
   15970      39.0182
   15971      39.1640
   15972      38.8934
   15973      39.0719
   15974      38.6536
   15975      38.8640
   15976      39.0627
   15977      39.4250
   15978      39.0973
   15979      38.7438
   15980      38.7214
   15981      38.8790
   15982      39.2572
   15983      39.3584
   15984      39.4078
   15985      39.1836
   15986      39.2567
   15987      39.3602
   15988      39.3420
   15989      39.0652
   15990      38.8965
   15991      38.7069
   15992      38.9658
   15993      39.1032
   15994      38.7536
   15995      38.7114
   15996      39.1873
   15997      38.4439
   15998      39.2214
   15999      38.5679
   16000      39.1721
   16001      39.1729
   16002      39.3050
   16003      39.0447
   16004      39.0216
   16005      39.3438
   16006      39.1941
   16007      39.3673
   16008      39.4425
   16009      38.9606
   16010      38.9409
   16011      39.2231
   16012      39.3293
   16013      39.4480
   16014      39.0351
   16015      39.3270
   16016      38.5772
   16017      39.0647
   16018      39.1307
   16019      38.7824
   16020      38.8902
   16021      39.0913
   16022      38.9613
   16023      38.5483
   16024      38.7680
   16025      38.8334
   16026      38.8257
   16027      38.5626
   16028      38.5091
   16029      38.8487
   16030      38.5268
   16031      38.4958
   16032      38.6411
   16033      38.8041
   16034      38.7156
   16035      38.8753
   16036      38.9324
   16037      38.3605
   16038      38.6430
   16039      38.6802
   16040      39.0030
   16041      39.0247
   16042      38.6195
   16043      38.6050
   16044      38.6931
   16045      38.7056
   16046      38.5191
   16047      38.4407
   16048      39.1635
   16049      38.8989
   16050      38.5023
   16051      38.9305
   16052      38.4253
   16053      38.9122
   16054      39.1396
   16055      38.7353
   16056      38.8432
   16057      39.0120
   16058      39.0254
   16059      38.5466
   16060      38.8216
   16061      38.6508
   16062      38.1498
   16063      38.4326
   16064      38.5328
   16065      38.8864
   16066      38.5854
   16067      38.7404
   16068      38.4214
   16069      38.7903
   16070      38.3197
   16071      38.6326
   16072      38.5521
   16073      38.5889
   16074      38.4076
   16075      38.4748
   16076      38.3344
   16077      38.5233
   16078      38.6747
   16079      38.2203
   16080      38.5707
   16081      38.6648
   16082      38.5745
   16083      38.4650
   16084      38.9181
   16085      38.7623
   16086      38.4271
   16087      38.4906
   16088      38.4434
   16089      38.1370
   16090      38.6937
   16091      38.7493
   16092      39.1175
   16093      38.7111
   16094      39.0334
   16095      38.8265
   16096      38.9075
   16097      38.8160
   16098      38.8434
   16099      38.7208
   16100      38.5002
   16101      38.4780
   16102      38.6766
   16103      38.6296
   16104      38.8331
   16105      38.7889
   16106      38.7877
   16107      38.9564
   16108      38.6730
   16109      38.7717
   16110      38.6304
   16111      39.0172
   16112      38.3654
   16113      38.4976
   16114      38.7612
   16115      39.0263
   16116      38.6145
   16117      38.7749
   16118      38.9299
   16119      38.7519
   16120      39.3144
   16121      38.9047
   16122      38.4934
   16123      38.7320
   16124      38.3678
   16125      38.9025
   16126      38.4901
   16127      38.5002
   16128      39.0146
   16129      38.3929
   16130      38.2598
   16131      38.4455
   16132      38.2640
   16133      38.5463
   16134      38.6406
   16135      38.8940
   16136      38.5444
   16137      38.4938
   16138      38.8233
   16139      38.7010
   16140      38.8857
   16141      38.8438
   16142      39.0224
   16143      38.5293
   16144      38.4841
   16145      38.6076
   16146      38.7754
   16147      39.1213
   16148      38.7021
   16149      38.4936
   16150      38.4798
   16151      38.3935
   16152      38.9265
   16153      38.6258
   16154      38.7246
   16155      39.0024
   16156      38.2438
   16157      38.7931
   16158      38.7818
   16159      38.2959
   16160      38.7601
   16161      38.7582
   16162      39.3216
   16163      39.1832
   16164      39.1903
   16165      39.3930
   16166      39.4855
   16167      39.2728
   16168      38.6358
   16169      38.6678
   16170      38.5945
   16171      38.6946
   16172      39.0756
   16173      39.2860
   16174      39.0627
   16175      39.4178
   16176      39.3698
   16177      39.0282
   16178      38.9273
   16179      38.7455
   16180      39.1238
   16181      39.0970
   16182      38.8752
   16183      38.4449
   16184      38.7548
   16185      38.7176
   16186      38.1591
   16187      38.8406
   16188      39.2568
   16189      39.0567
   16190      38.3718
   16191      38.6991
   16192      38.9283
   16193      38.9064
   16194      38.8133
   16195      38.5988
   16196      38.4238
   16197      38.9196
   16198      39.2723
   16199      38.7288
   16200      38.8517
   16201      39.0182
   16202      38.8121
   16203      38.4741
   16204      39.2355
   16205      38.6779
   16206      38.6370
   16207      38.9602
   16208      38.9578
   16209      38.9787
   16210      38.7502
   16211      39.1707
   16212      38.9940
   16213      38.9672
   16214      38.9598
   16215      38.8037
   16216      38.9149
   16217      38.7735
   16218      38.4526
   16219      39.0396
   16220      38.6841
   16221      38.9242
   16222      38.9619
   16223      38.7067
   16224      38.7517
   16225      38.3188
   16226      38.2484
   16227      38.4913
   16228      38.4836
   16229      38.3591
   16230      38.8298
   16231      38.7022
   16232      38.8897
   16233      38.8897
   16234      39.0657
   16235      38.8486
   16236      38.9186
   16237      39.0995
   16238      39.1768
   16239      39.1679
   16240      38.8631
   16241      38.9883
   16242      38.9719
   16243      38.8870
   16244      38.7706
   16245      38.7728
   16246      38.8197
   16247      38.9021
   16248      38.6722
   16249      39.0015
   16250      39.0477
   16251      38.8993
   16252      39.0002
   16253      38.5713
   16254      38.8544
   16255      38.4734
   16256      38.9528
   16257      38.7174
   16258      38.6461
   16259      39.0874
   16260      38.9079
   16261      38.8557
   16262      39.1319
   16263      38.8659
   16264      39.1382
   16265      38.9516
   16266      39.2595
   16267      39.0496
   16268      38.5926
   16269      38.8346
   16270      39.4459
   16271      39.1701
   16272      38.7604
   16273      38.9245
   16274      39.0805
   16275      39.0293
   16276      39.1300
   16277      39.1115
   16278      39.5785
   16279      39.2292
   16280      39.1412
   16281      39.2836
   16282      39.1169
   16283      39.0444
   16284      39.1878
   16285      38.1621
   16286      39.4397
   16287      39.1002
   16288      39.0605
   16289      39.1927
   16290      39.2253
   16291      39.1107
   16292      39.4346
   16293      39.1598
   16294      39.1150
   16295      38.9455
   16296      39.1530
   16297      38.9749
   16298      38.9260
   16299      39.0438
   16300      38.7956
   16301      39.0403
   16302      39.0300
   16303      39.0091
   16304      38.7334
   16305      39.0312
   16306      38.7489
   16307      38.8738
   16308      39.1195
   16309      39.2197
   16310      39.1705
   16311      39.1196
   16312      38.5758
   16313      38.9557
   16314      38.8987
   16315      38.9502
   16316      39.0263
   16317      38.9156
   16318      39.1593
   16319      39.1194
   16320      38.7123
   16321      38.7409
   16322      38.8898
   16323      38.9384
   16324      38.6991
   16325      38.5809
   16326      39.0353
   16327      38.4918
   16328      38.5555
   16329      38.5761
   16330      38.8125
   16331      39.2243
   16332      39.1798
   16333      39.4718
   16334      39.3110
   16335      39.1298
   16336      39.1822
   16337      39.1810
   16338      39.0639
   16339      38.8642
   16340      38.8498
   16341      38.3064
   16342      38.7543
   16343      38.6430
   16344      38.5604
   16345      38.7696
   16346      38.9879
   16347      39.2146
   16348      38.7150
   16349      39.0054
   16350      39.1425
   16351      38.8572
   16352      38.8523
   16353      38.6130
   16354      38.3207
   16355      38.5959
   16356      38.4133
   16357      38.7151
   16358      39.1077
   16359      38.8144
   16360      38.4293
   16361      38.5311
   16362      38.5630
   16363      38.7719
   16364      38.8027
   16365      39.0879
   16366      38.6974
   16367      38.9159
   16368      38.8475
   16369      38.7928
   16370      38.4008
   16371      38.6085
   16372      38.6437
   16373      38.4978
   16374      38.4478
   16375      38.5232
   16376      38.7006
   16377      39.1756
   16378      38.6172
   16379      38.6796
   16380      38.5340
   16381      38.5585
   16382      38.9366
   16383      38.8017
   16384      38.9172
   16385      38.6580
   16386      38.6769
   16387      38.6729
   16388      38.1203
   16389      38.2423
   16390      38.2814
   16391      38.2944
   16392      38.5275
   16393      38.5300
   16394      38.8349
   16395      38.9232
   16396      39.1090
   16397      38.7167
   16398      38.4546
   16399      38.8159
   16400      38.9813
   16401      38.4682
   16402      38.9766
   16403      39.2585
   16404      38.8054
   16405      38.7962
   16406      38.6538
   16407      38.8844
   16408      38.7317
   16409      38.9782
   16410      39.0250
   16411      38.7943
   16412      39.0789
   16413      38.2984
   16414      39.1144
   16415      38.8756
   16416      38.8996
   16417      38.8476
   16418      39.1214
   16419      38.7289
   16420      38.7900
   16421      38.8512
   16422      38.9098
   16423      39.1858
   16424      38.3913
   16425      38.5817
   16426      38.6841
   16427      38.8886
   16428      38.5654
   16429      38.5056
   16430      38.7357
   16431      38.3937
   16432      38.4074
   16433      38.4025
   16434      38.3309
   16435      38.6637
   16436      38.7891
   16437      38.5088
   16438      38.2272
   16439      38.5328
   16440      38.5808
   16441      38.8251
   16442      38.5392
   16443      38.4786
   16444      38.3714
   16445      38.1845
   16446      38.5462
   16447      38.5390
   16448      38.7068
   16449      39.0444
   16450      38.9746
   16451      39.1047
   16452      39.1153
   16453      38.8741
   16454      38.9715
   16455      38.9153
   16456      38.7483
   16457      38.5559
   16458      38.4772
   16459      38.1954
   16460      38.1948
   16461      38.4060
   16462      38.2891
   16463      38.6791
   16464      38.2347
   16465      38.8955
   16466      38.7373
   16467      39.0915
   16468      38.6246
   16469      38.5371
   16470      38.4628
   16471      38.3764
   16472      38.3370
   16473      38.3419
   16474      38.6539
   16475      38.9061
   16476      38.5895
   16477      38.5893
   16478      38.2254
   16479      38.2172
   16480      38.5150
   16481      38.9007
   16482      38.4628
   16483      38.2402
   16484      38.5063
   16485      38.6037
   16486      38.8991
   16487      38.2599
   16488      38.3998
   16489      38.3575
   16490      38.5957
   16491      38.5884
   16492      38.3473
   16493      38.4438
   16494      38.3236
   16495      38.5837
   16496      38.6118
   16497      38.3357
   16498      38.4794
   16499      38.7533
   16500      38.3186
   16501      38.4332
   16502      38.3708
   16503      38.3960
   16504      38.8610
   16505      38.6618
   16506      38.4122
   16507      38.3203
   16508      38.2518
   16509      38.2151
   16510      38.7414
   16511      38.1484
   16512      38.2922
   16513      38.2282
   16514      38.6204
   16515      38.4501
   16516      38.6460
   16517      38.4009
   16518      38.9551
   16519      38.6394
   16520      38.5718
   16521      38.7435
   16522      38.7502
   16523      39.0348
   16524      38.8965
   16525      38.8470
   16526      38.9170
   16527      38.8857
   16528      38.6291
   16529      38.6576
   16530      38.7180
   16531      38.3740
   16532      38.3979
   16533      38.6898
   16534      38.6321
   16535      38.9927
   16536      38.9149
   16537      38.7099
   16538      39.4926
   16539      39.1188
   16540      39.3386
   16541      39.0640
   16542      39.2771
   16543      38.7697
   16544      39.0955
   16545      39.0752
   16546      38.9730
   16547      38.8713
   16548      38.9928
   16549      38.8686
   16550      39.0625
   16551      38.9557
   16552      39.4867
   16553      39.1455
   16554      39.3153
   16555      39.1450
   16556      39.1571
   16557      39.1316
   16558      39.1974
   16559      38.9638
   16560      39.1083
   16561      38.6267
   16562      38.8607
   16563      38.5362
   16564      38.7659
   16565      38.8777
   16566      38.8417
   16567      38.9389
   16568      38.9607
   16569      38.2061
   16570      38.3115
   16571      38.3160
   16572      38.3578
   16573      38.4113
   16574      38.7698
   16575      38.3969
   16576      38.6924
   16577      38.7161
   16578      38.5711
   16579      38.6074
   16580      38.6683
   16581      39.0399
   16582      38.8923
   16583      39.0635
   16584      38.6129
   16585      39.0391
   16586      38.8867
   16587      38.8969
   16588      38.6137
   16589      38.6164
   16590      38.5726
   16591      38.4098
   16592      38.3489
   16593      38.5287
   16594      38.3012
   16595      38.2609
   16596      38.5229
   16597      38.5781
   16598      38.2743
   16599      38.4653
   16600      38.5696
   16601      38.5639
   16602      38.4481
   16603      38.2700
   16604      38.7878
   16605      38.8422
   16606      38.7357
   16607      38.3545
   16608      38.8513
   16609      38.6178
   16610      38.6739
   16611      38.5011
   16612      38.5180
   16613      38.6197
   16614      38.7594
   16615      38.8196
   16616      38.7507
   16617      38.5656
   16618      38.4193
   16619      38.5381
   16620      38.7198
   16621      38.6241
   16622      38.6073
   16623      38.1180
   16624      38.5175
   16625      38.5765
   16626      38.7362
   16627      38.6985
   16628      38.8352
   16629      38.8679
   16630      38.9268
   16631      39.0925
   16632      39.0230
   16633      38.5639
   16634      39.0511
   16635      39.1719
   16636      39.0252
   16637      38.9103
   16638      38.9847
   16639      38.8388
   16640      39.1027
   16641      38.8116
   16642      38.8679
   16643      38.5220
   16644      38.6943
   16645      38.5621
   16646      38.4451
   16647      38.3780
   16648      38.2494
   16649      37.8366
   16650      38.5705
   16651      38.7540
   16652      38.5958
   16653      38.5960
   16654      38.5077
   16655      38.9208
   16656      39.0255
   16657      38.9512
   16658      39.0874
   16659      38.8741
   16660      38.8925
   16661      39.1420
   16662      38.7983
   16663      38.6366
   16664      38.9102
   16665      38.9851
   16666      38.9374
   16667      38.7379
   16668      39.1580
   16669      38.8551
   16670      38.9808
   16671      38.7470
   16672      38.8676
   16673      38.7647
   16674      39.0035
   16675      38.7274
   16676      38.3074
   16677      38.7150
   16678      38.7809
   16679      38.6637
   16680      38.6166
   16681      38.6121
   16682      38.5924
   16683      39.0096
   16684      38.7079
   16685      38.8690
   16686      38.5981
   16687      38.6769
   16688      38.6015
   16689      38.9238
   16690      38.4507
   16691      38.9810
   16692      38.6900
   16693      38.7109
   16694      38.8515
   16695      38.7759
   16696      38.8303
   16697      38.6192
   16698      38.7930
   16699      38.4379
   16700      38.7097
   16701      38.5347
   16702      38.5817
   16703      38.6367
   16704      38.7514
   16705      38.3594
   16706      38.3846
   16707      38.2914
   16708      38.1692
   16709      38.4511
   16710      38.5396
   16711      38.7187
   16712      38.6416
   16713      38.5469
   16714      38.5449
   16715      38.2396
   16716      38.5139
   16717      38.5803
   16718      38.5093
   16719      38.2631
   16720      38.3210
   16721      38.5213
   16722      38.1634
   16723      38.3030
   16724      38.2122
   16725      38.3743
   16726      38.2500
   16727      38.7682
   16728      38.5676
   16729      38.8161
   16730      38.4241
   16731      38.5819
   16732      38.3542
   16733      38.3772
   16734      38.4269
   16735      38.2227
   16736      38.2989
   16737      38.7133
   16738      38.4859
   16739      38.7350
   16740      38.4904
   16741      38.3475
   16742      38.5189
   16743      38.3983
   16744      38.3398
   16745      38.6012
   16746      38.6239
   16747      38.5294
   16748      38.1870
   16749      38.3492
   16750      38.1900
   16751      38.2822
   16752      38.5869
   16753      38.4362
   16754      38.6567
   16755      38.7129
   16756      38.4523
   16757      38.4439
   16758      38.4952
   16759      38.4751
   16760      38.6741
   16761      38.6017
   16762      38.3281
   16763      38.8054
   16764      38.7097
   16765      38.7888
   16766      38.5321
   16767      38.8357
   16768      39.0021
   16769      38.9564
   16770      38.6723
   16771      38.8314
   16772      39.0881
   16773      38.9154
   16774      38.5572
   16775      38.7949
   16776      38.5993
   16777      38.4551
   16778      37.8962
   16779      38.1798
   16780      38.4356
   16781      38.6587
   16782      38.1873
   16783      38.5052
   16784      38.6749
   16785      38.7431
   16786      39.2521
   16787      38.5284
   16788      38.8583
   16789      39.1861
   16790      38.8062
   16791      38.3154
   16792      38.7400
   16793      38.1543
   16794      38.3736
   16795      38.6572
   16796      38.7281
   16797      38.7456
   16798      38.4199
   16799      39.1494
   16800      39.0432
   16801      38.8938
   16802      38.8765
   16803      38.9897
   16804      38.4961
   16805      38.1951
   16806      38.5952
   16807      38.6201
   16808      38.8050
   16809      38.8109
   16810      38.9525
   16811      39.1922
   16812      38.9835
   16813      38.6837
   16814      38.7254
   16815      38.6917
   16816      38.7084
   16817      38.8790
   16818      38.6917
   16819      38.6200
   16820      38.3922
   16821      38.8280
   16822      38.7786
   16823      38.4206
   16824      38.6279
   16825      38.5934
   16826      38.6761
   16827      38.7300
   16828      38.3043
   16829      38.2453
   16830      38.1373
   16831      38.5324
   16832      38.2741
   16833      38.2909
   16834      38.2886
   16835      38.1841
   16836      38.1993
   16837      38.4605
   16838      38.1968
   16839      38.2557
   16840      38.1756
   16841      38.3029
   16842      38.5568
   16843      38.3932
   16844      38.4873
   16845      38.5159
   16846      38.7337
   16847      38.6385
   16848      38.5850
   16849      38.4550
   16850      38.8364
   16851      38.4490
   16852      38.4564
   16853      38.3149
   16854      38.9898
   16855      38.7498
   16856      38.6797
   16857      38.3711
   16858      38.7672
   16859      38.7714
   16860      38.6135
   16861      38.3196
   16862      38.8891
   16863      38.9738
   16864      38.3364
   16865      38.3877
   16866      38.4752
   16867      38.6576
   16868      38.8121
   16869      38.7084
   16870      38.5017
   16871      38.7898
   16872      38.5726
   16873      39.1515
   16874      39.1631
   16875      38.9299
   16876      38.6824
   16877      38.7141
   16878      38.4658
   16879      38.5121
   16880      38.4932
   16881      38.6254
   16882      38.4732
   16883      38.3869
   16884      38.9340
   16885      38.1991
   16886      38.4367
   16887      38.7704
   16888      38.6314
   16889      38.3992
   16890      38.6398
   16891      38.3495
   16892      38.4329
   16893      38.5327
   16894      38.4750
   16895      38.5514
   16896      38.5525
   16897      38.4881
   16898      38.7605
   16899      39.0113
   16900      38.5504
   16901      38.6279
   16902      38.6197
   16903      38.6635
   16904      38.5347
   16905      38.3813
   16906      38.3381
   16907      38.7928
   16908      38.8622
   16909      38.6682
   16910      38.6791
   16911      38.6953
   16912      38.6304
   16913      38.8681
   16914      38.7742
   16915      38.4204
   16916      38.1798
   16917      38.3758
   16918      38.5021
   16919      38.5744
   16920      38.5899
   16921      38.3853
   16922      38.6184
   16923      38.5557
   16924      38.7017
   16925      38.5961
   16926      38.4690
   16927      38.4129
   16928      38.2655
   16929      38.3589
   16930      38.4120
   16931      38.3884
   16932      38.5021
   16933      38.5374
   16934      38.5962
   16935      38.1866
   16936      38.5714
   16937      38.3177
   16938      38.3415
   16939      38.6712
   16940      38.9189
   16941      38.8041
   16942      38.5161
   16943      38.4106
   16944      38.2759
   16945      38.5382
   16946      38.6645
   16947      38.4672
   16948      38.0289
   16949      38.5924
   16950      38.3237
   16951      38.5987
   16952      38.6906
   16953      38.6305
   16954      38.7567
   16955      38.4044
   16956      38.7107
   16957      38.8260
   16958      38.6575
   16959      39.0370
   16960      38.8950
   16961      38.8667
   16962      38.4972
   16963      38.5422
   16964      38.5200
   16965      38.6526
   16966      38.5475
   16967      38.8719
   16968      38.5287
   16969      38.5252
   16970      38.3279
   16971      38.5111
   16972      38.4683
   16973      38.2426
   16974      38.3913
   16975      38.8264
   16976      38.6387
   16977      38.7263
   16978      38.5393
   16979      37.9913
   16980      38.5766
   16981      38.4193
   16982      38.2839
   16983      38.1624
   16984      37.9679
   16985      38.4097
   16986      38.1042
   16987      38.6270
   16988      38.1918
   16989      38.1056
   16990      38.1851
   16991      38.2936
   16992      38.5656
   16993      38.2381
   16994      38.4925
   16995      38.1996
   16996      38.1551
   16997      38.4773
   16998      38.1471
   16999      37.8363
   17000      37.9038
   17001      38.3765
   17002      38.3435
   17003      38.4285
   17004      38.0794
   17005      38.0486
   17006      38.1074
   17007      38.2891
   17008      38.1002
   17009      38.1047
   17010      38.1465
   17011      38.5020
   17012      38.6203
   17013      38.4731
   17014      38.6420
   17015      38.0716
   17016      38.4525
   17017      38.2006
   17018      38.3114
   17019      37.9885
   17020      38.1453
   17021      38.3408
   17022      38.4389
   17023      38.7378
   17024      38.5580
   17025      38.9065
   17026      38.8018
   17027      39.1770
   17028      38.6223
   17029      38.7230
   17030      38.5676
   17031      39.1157
   17032      38.8883
   17033      38.8990
   17034      38.4454
   17035      38.7600
   17036      38.4010
   17037      38.5418
   17038      38.5559
   17039      38.5062
   17040      38.6930
   17041      38.4986
   17042      38.7461
   17043      38.5475
   17044      38.4864
   17045      38.3389
   17046      38.6028
   17047      38.5649
   17048      38.1772
   17049      38.3124
   17050      38.4419
   17051      38.3496
   17052      38.6402
   17053      38.3143
   17054      38.0994
   17055      38.4486
   17056      38.9039
   17057      38.3478
   17058      38.4460
   17059      38.3494
   17060      38.5100
   17061      38.6638
   17062      38.4337
   17063      38.4861
   17064      38.5999
   17065      38.6000
   17066      38.4878
   17067      38.1403
   17068      38.3732
   17069      38.2453
   17070      38.4068
   17071      38.2739
   17072      38.6207
   17073      38.2903
   17074      38.4457
   17075      38.4931
   17076      38.3278
   17077      38.1286
   17078      38.2079
   17079      38.2998
   17080      38.1353
   17081      38.2323
   17082      38.5848
   17083      38.6630
   17084      38.6446
   17085      39.1546
   17086      38.7220
   17087      38.6999
   17088      39.0087
   17089      38.8887
   17090      38.8956
   17091      38.6925
   17092      38.4793
   17093      38.5658
   17094      38.5631
   17095      38.1896
   17096      38.4829
   17097      38.5023
   17098      38.1931
   17099      38.3356
   17100      38.2272
   17101      38.5035
   17102      38.3466
   17103      38.3913
   17104      38.0677
   17105      38.1310
   17106      38.2699
   17107      38.3186
   17108      38.1366
   17109      38.1768
   17110      38.5405
   17111      38.1787
   17112      38.0767
   17113      38.4292
   17114      38.3172
   17115      38.0410
   17116      38.3539
   17117      38.4741
   17118      38.7110
   17119      38.6249
   17120      38.5303
   17121      38.3876
   17122      38.5604
   17123      38.3561
   17124      38.5977
   17125      38.6034
   17126      38.7285
   17127      38.3663
   17128      38.5438
   17129      38.3003
   17130      38.1869
   17131      38.1861
   17132      38.6764
   17133      38.5264
   17134      38.4314
   17135      38.1738
   17136      38.3025
   17137      38.4988
   17138      38.3028
   17139      38.4393
   17140      38.7073
   17141      38.6415
   17142      38.5840
   17143      38.4025
   17144      38.8172
   17145      38.7770
   17146      38.6899
   17147      38.6188
   17148      38.5072
   17149      38.6096
   17150      38.5666
   17151      38.6086
   17152      38.3172
   17153      38.2861
   17154      38.5591
   17155      38.4205
   17156      38.5923
   17157      38.6232
   17158      38.5675
   17159      38.6187
   17160      38.3307
   17161      38.7694
   17162      38.4957
   17163      38.7529
   17164      38.2785
   17165      38.1974
   17166      38.3427
   17167      38.4311
   17168      38.5399
   17169      38.5101
   17170      38.4212
   17171      38.7214
   17172      38.6254
   17173      38.6597
   17174      38.5792
   17175      38.1631
   17176      38.8021
   17177      38.6525
   17178      38.6822
   17179      38.7161
   17180      38.5133
   17181      38.2903
   17182      38.7637
   17183      38.0385
   17184      38.4283
   17185      38.4311
   17186      38.6407
   17187      38.5167
   17188      38.6474
   17189      38.7395
   17190      38.3800
   17191      38.5362
   17192      38.4240
   17193      38.2310
   17194      38.3896
   17195      38.3218
   17196      38.5647
   17197      38.3430
   17198      38.6671
   17199      38.6833
   17200      38.5599
   17201      38.5871
   17202      38.4824
   17203      38.4930
   17204      38.4566
   17205      38.6547
   17206      38.2794
   17207      38.3313
   17208      38.7420
   17209      38.5051
   17210      38.4716
   17211      38.9868
   17212      38.4102
   17213      38.7339
   17214      38.7033
   17215      38.6690
   17216      38.3344
   17217      38.5236
   17218      38.2632
   17219      38.2654
   17220      38.4680
   17221      38.6704
   17222      38.6757
   17223      38.8831
   17224      38.4151
   17225      38.3815
   17226      38.1719
   17227      38.3771
   17228      38.3632
   17229      38.5870
   17230      38.2334
   17231      38.8917
   17232      38.5096
   17233      38.6099
   17234      38.8038
   17235      38.4683
   17236      38.6370
   17237      38.2726
   17238      38.7063
   17239      38.8104
   17240      38.6316
   17241      38.7274
   17242      38.4682
   17243      38.6995
   17244      38.6234
   17245      38.7340
   17246      38.6858
   17247      38.4849
   17248      38.3786
   17249      38.8034
   17250      38.6407
   17251      38.6570
   17252      38.4458
   17253      38.3676
   17254      38.3939
   17255      38.8174
   17256      38.4133
   17257      38.6758
   17258      38.6376
   17259      38.7580
   17260      38.9383
   17261      38.8033
   17262      38.4777
   17263      38.4926
   17264      38.2288
   17265      38.1381
   17266      38.3184
   17267      38.3440
   17268      38.3642
   17269      38.2423
   17270      38.4347
   17271      38.1663
   17272      38.0804
   17273      38.0322
   17274      38.5453
   17275      38.1797
   17276      37.9730
   17277      38.1516
   17278      38.0951
   17279      38.3134
   17280      38.5068
   17281      38.2133
   17282      38.6387
   17283      38.4277
   17284      38.5562
   17285      38.6049
   17286      39.1165
   17287      38.8017
   17288      38.4265
   17289      38.4983
   17290      38.9648
   17291      38.7188
   17292      38.6604
   17293      38.8482
   17294      38.6252
   17295      38.4217
   17296      38.2964
   17297      38.3124
   17298      38.8274
   17299      38.6724
   17300      38.5538
   17301      38.5411
   17302      38.8016
   17303      38.4052
   17304      38.8497
   17305      38.7496
   17306      38.7883
   17307      38.4480
   17308      38.9927
   17309      38.5186
   17310      39.0865
   17311      38.5396
   17312      38.8344
   17313      38.6509
   17314      38.8406
   17315      38.7046
   17316      38.3549
   17317      39.0148
   17318      38.6736
   17319      38.5386
   17320      38.8142
   17321      38.4989
   17322      38.4677
   17323      38.2251
   17324      38.9214
   17325      39.0447
   17326      38.5815
   17327      38.1343
   17328      38.7478
   17329      38.5202
   17330      38.3670
   17331      38.3772
   17332      38.9204
   17333      38.4101
   17334      38.5386
   17335      38.5149
   17336      38.5531
   17337      38.5338
   17338      38.3506
   17339      38.4097
   17340      38.3139
   17341      39.0197
   17342      38.4727
   17343      38.4113
   17344      38.5814
   17345      38.9628
   17346      38.1662
   17347      38.1232
   17348      38.2614
   17349      38.2301
   17350      38.2737
   17351      38.5829
   17352      38.6943
   17353      38.2826
   17354      38.1249
   17355      38.2769
   17356      38.4538
   17357      38.1543
   17358      38.5216
   17359      38.5508
   17360      38.3611
   17361      38.6130
   17362      38.4638
   17363      38.5286
   17364      38.4419
   17365      38.3260
   17366      38.7615
   17367      38.5425
   17368      38.4732
   17369      38.4388
   17370      38.3314
   17371      38.8797
   17372      38.9613
   17373      38.5546
   17374      38.5746
   17375      38.8514
   17376      38.3238
   17377      38.8899
   17378      38.8558
   17379      38.4682
   17380      38.5244
   17381      38.5067
   17382      39.0771
   17383      39.1020
   17384      38.6943
   17385      38.6287
   17386      38.6330
   17387      38.8097
   17388      38.9053
   17389      38.6975
   17390      38.8228
   17391      39.0219
   17392      39.4352
   17393      39.1047
   17394      38.4533
   17395      38.8242
   17396      38.5762
   17397      38.7266
   17398      38.5774
   17399      38.5447
   17400      38.3105
   17401      38.5844
   17402      38.5922
   17403      38.3545
   17404      38.2995
   17405      38.4439
   17406      38.4035
   17407      38.5515
   17408      38.3494
   17409      38.6608
   17410      38.3056
   17411      38.0272
   17412      38.2711
   17413      38.1591
   17414      38.1791
   17415      38.2256
   17416      38.2020
   17417      38.3883
   17418      38.9145
   17419      38.6462
   17420      38.5195
   17421      39.0128
   17422      38.3030
   17423      38.3166
   17424      38.2438
   17425      38.0228
   17426      38.2087
   17427      38.5221
   17428      38.9521
   17429      38.8801
   17430      38.4799
   17431      38.9946
   17432      38.5335
   17433      38.6149
   17434      38.4520
   17435      38.5339
   17436      37.9709
   17437      38.1968
   17438      38.1593
   17439      38.3238
   17440      38.4105
   17441      38.7035
   17442      38.6517
   17443      38.7413
   17444      38.7461
   17445      38.5553
   17446      38.9168
   17447      38.5219
   17448      38.4375
   17449      38.5300
   17450      38.3957
   17451      38.9675
   17452      38.4210
   17453      38.3972
   17454      38.9427
   17455      38.8005
   17456      38.9945
   17457      39.1442
   17458      38.9061
   17459      39.3395
   17460      39.3266
   17461      39.1861
   17462      39.1369
   17463      38.7612
   17464      38.5326
   17465      38.9656
   17466      38.6813
   17467      38.4722
   17468      39.1334
   17469      39.2908
   17470      39.0519
   17471      38.6959
   17472      38.7445
   17473      38.6350
   17474      38.0150
   17475      38.4585
   17476      38.4716
   17477      38.1247
   17478      38.2049
   17479      38.3216
   17480      38.0669
   17481      38.1664
   17482      38.3571
   17483      38.4989
   17484      38.5896
   17485      38.1139
   17486      38.3678
   17487      38.9310
   17488      38.6494
   17489      38.8163
   17490      38.5303
   17491      38.6410
   17492      38.4172
   17493      38.1582
   17494      38.5533
   17495      38.6712
   17496      38.8406
   17497      38.7985
   17498      38.8379
   17499      38.3838
   17500      38.5007
   17501      38.5251
   17502      38.5502
   17503      38.6879
   17504      38.4784
   17505      38.8545
   17506      38.5069
   17507      39.0453
   17508      39.0169
   17509      38.8493
   17510      38.6569
   17511      38.1192
   17512      38.6755
   17513      38.4022
   17514      38.1440
   17515      38.2471
   17516      39.0199
   17517      38.5494
   17518      38.1484
   17519      38.2857
   17520      38.2459
   17521      38.2274
   17522      38.2095
   17523      38.3051
   17524      38.4978
   17525      38.2030
   17526      38.4982
   17527      38.4038
   17528      38.5041
   17529      38.5044
   17530      38.5158
   17531      38.5546
   17532      38.6254
   17533      38.3999
   17534      38.3385
   17535      38.5676
   17536      38.7595
   17537      39.0296
   17538      39.3444
   17539      38.9692
   17540      38.4967
   17541      38.8100
   17542      39.1528
   17543      38.9799
   17544      39.2847
   17545      38.9937
   17546      38.6282
   17547      38.9332
   17548      38.2893
   17549      38.6772
   17550      38.4550
   17551      38.2123
   17552      38.3526
   17553      38.3152
   17554      38.1416
   17555      38.3909
   17556      38.3743
   17557      38.5482
   17558      38.0751
   17559      38.0392
   17560      38.5961
   17561      39.0698
   17562      38.8062
   17563      39.3405
   17564      39.2336
   17565      39.1093
   17566      38.7747
   17567      38.6128
   17568      38.6322
   17569      38.0253
   17570      38.8099
   17571      38.4284
   17572      38.7059
   17573      38.8029
   17574      38.7783
   17575      38.7349
   17576      38.5546
   17577      39.0780
   17578      38.6834
   17579      38.3794
   17580      38.1499
   17581      38.1140
   17582      38.4328
   17583      38.2437
   17584      38.5691
   17585      38.6205
   17586      38.4257
   17587      38.8481
   17588      37.9901
   17589      38.2787
   17590      38.3813
   17591      38.8343
   17592      38.3537
   17593      38.7290
   17594      39.0186
   17595      38.7285
   17596      38.7952
   17597      38.7028
   17598      39.1459
   17599      38.5635
   17600      39.1594
   17601      38.6724
   17602      38.7923
   17603      38.9998
   17604      39.0338
   17605      39.2684
   17606      39.0527
   17607      38.8166
   17608      38.5597
   17609      39.0854
   17610      38.5887
   17611      38.5129
   17612      38.6263
   17613      39.0108
   17614      39.3207
   17615      38.9609
   17616      38.7982
   17617      38.4978
   17618      38.7114
   17619      38.4653
   17620      37.8266
   17621      38.2126
   17622      38.1581
   17623      38.1852
   17624      37.8965
   17625      38.4549
   17626      38.9308
   17627      38.6665
   17628      38.5777
   17629      38.4237
   17630      38.5753
   17631      38.0946
   17632      38.5068
   17633      38.4739
   17634      38.4543
   17635      38.6718
   17636      38.4802
   17637      38.6028
   17638      38.5093
   17639      38.5374
   17640      38.1576
   17641      38.3332
   17642      38.2250
   17643      38.1350
   17644      38.4128
   17645      38.5639
   17646      38.4117
   17647      38.7381
   17648      38.6835
   17649      38.4379
   17650      38.2770
   17651      38.0452
   17652      38.6228
   17653      38.3162
   17654      38.4411
   17655      38.2344
   17656      38.1259
   17657      38.2989
   17658      38.2737
   17659      38.3133
   17660      38.3011
   17661      38.3335
   17662      38.5907
   17663      38.1061
   17664      38.2930
   17665      38.4430
   17666      38.5573
   17667      38.1515
   17668      38.2727
   17669      38.2426
   17670      38.2589
   17671      38.4246
   17672      38.5263
   17673      38.3627
   17674      38.3971
   17675      38.9481
   17676      38.2447
   17677      38.5603
   17678      38.4029
   17679      38.0366
   17680      38.2525
   17681      38.4553
   17682      38.7873
   17683      38.4109
   17684      38.5419
   17685      38.5621
   17686      38.6898
   17687      38.7164
   17688      38.2371
   17689      38.7198
   17690      38.5084
   17691      38.3976
   17692      38.3971
   17693      38.7216
   17694      38.3269
   17695      37.9087
   17696      38.4120
   17697      38.0349
   17698      38.4528
   17699      38.2466
   17700      38.4727
   17701      38.6608
   17702      38.5566
   17703      38.2460
   17704      38.5247
   17705      38.1788
   17706      38.5320
   17707      38.7843
   17708      38.4068
   17709      38.6038
   17710      38.4984
   17711      38.4768
   17712      38.2009
   17713      38.6537
   17714      38.5926
   17715      38.6648
   17716      38.8262
   17717      38.6708
   17718      38.5056
   17719      38.3015
   17720      38.1223
   17721      38.4495
   17722      38.8269
   17723      38.7873
   17724      38.7615
   17725      38.8365
   17726      38.5259
   17727      38.5552
   17728      38.4028
   17729      38.6080
   17730      38.2867
   17731      38.0574
   17732      38.1674
   17733      37.9076
   17734      38.2354
   17735      38.1443
   17736      38.2060
   17737      38.5311
   17738      38.3842
   17739      38.3883
   17740      38.3601
   17741      38.2594
   17742      38.1941
   17743      38.3057
   17744      38.1778
   17745      38.0607
   17746      37.9242
   17747      38.3056
   17748      38.3948
   17749      38.4263
   17750      38.0690
   17751      38.1729
   17752      37.9944
   17753      38.4133
   17754      38.5531
   17755      38.5460
   17756      38.4221
   17757      38.2007
   17758      38.1848
   17759      38.5548
   17760      38.3140
   17761      38.5722
   17762      38.7191
   17763      38.4321
   17764      38.4717
   17765      38.2595
   17766      38.6370
   17767      38.9617
   17768      38.4455
   17769      38.6846
   17770      38.6997
   17771      38.6534
   17772      38.9173
   17773      39.0635
   17774      38.7333
   17775      39.0954
   17776      38.4666
   17777      38.2623
   17778      38.4145
   17779      38.7053
   17780      38.5758
   17781      38.6476
   17782      38.3162
   17783      38.5501
   17784      38.5847
   17785      38.2814
   17786      38.3515
   17787      38.4392
   17788      38.0830
   17789      38.1817
   17790      37.8517
   17791      38.0718
   17792      38.2532
   17793      38.4673
   17794      38.2213
   17795      38.0909
   17796      38.4035
   17797      38.2913
   17798      38.2159
   17799      37.9803
   17800      38.1186
   17801      38.3331
   17802      39.0311
   17803      38.5386
   17804      38.4245
   17805      38.4471
   17806      38.1732
   17807      38.2024
   17808      38.5523
   17809      38.6736
   17810      38.8039
   17811      38.4473
   17812      38.3062
   17813      38.4787
   17814      38.3805
   17815      38.8830
   17816      38.5155
   17817      38.4240
   17818      38.7075
   17819      38.5022
   17820      38.5186
   17821      38.4953
   17822      38.0764
   17823      38.3367
   17824      38.4904
   17825      38.2034
   17826      38.5543
   17827      39.0056
   17828      38.2149
   17829      38.9739
   17830      38.9433
   17831      38.4918
   17832      38.2638
   17833      38.4835
   17834      38.2292
   17835      38.1839
   17836      38.3511
   17837      38.0353
   17838      38.5823
   17839      38.5201
   17840      38.5471
   17841      38.7536
   17842      38.5272
   17843      39.0132
   17844      38.4120
   17845      38.0356
   17846      38.5001
   17847      38.4394
   17848      39.0726
   17849      39.0107
   17850      38.9631
   17851      38.6186
   17852      38.5690
   17853      38.3578
   17854      38.5118
   17855      38.1523
   17856      38.3634
   17857      38.4410
   17858      38.7028
   17859      38.4080
   17860      38.5708
   17861      38.2320
   17862      38.1554
   17863      38.3810
   17864      38.4377
   17865      38.7086
   17866      38.9862
   17867      38.6006
   17868      38.6458
   17869      38.4928
   17870      38.8943
   17871      38.7023
   17872      38.3192
   17873      38.8650
   17874      39.0003
   17875      38.8170
   17876      38.8882
   17877      38.8039
   17878      38.5596
   17879      38.3243
   17880      39.3732
   17881      38.6976
   17882      38.6893
   17883      38.9968
   17884      38.9252
   17885      39.0231
   17886      38.6460
   17887      38.6821
   17888      38.6337
   17889      38.6178
   17890      38.6545
   17891      38.6464
   17892      38.7102
   17893      38.5061
   17894      38.4198
   17895      38.3837
   17896      38.2668
   17897      38.1932
   17898      38.7903
   17899      38.6877
   17900      38.5254
   17901      38.7881
   17902      38.3200
   17903      38.6847
   17904      38.6350
   17905      38.7974
   17906      39.1251
   17907      38.8365
   17908      38.4563
   17909      38.8074
   17910      38.9125
   17911      38.8696
   17912      38.9361
   17913      38.9796
   17914      38.9116
   17915      38.7031
   17916      38.7411
   17917      38.8272
   17918      38.4177
   17919      38.3970
   17920      38.5036
   17921      38.8000
   17922      39.1254
   17923      38.8903
   17924      38.6038
   17925      38.5229
   17926      38.5459
   17927      38.5554
   17928      38.3625
   17929      38.9219
   17930      39.0681
   17931      38.8450
   17932      38.9772
   17933      39.0688
   17934      39.5634
   17935      39.5241
   17936      39.0828
   17937      38.9362
   17938      39.0630
   17939      38.7281
   17940      38.9169
   17941      38.9752
   17942      39.1091
   17943      38.7662
   17944      39.0511
   17945      39.0780
   17946      38.9235
   17947      38.8016
   17948      38.8067
   17949      39.1316
   17950      38.6520
   17951      38.5957
   17952      38.5380
   17953      38.5769
   17954      38.7705
   17955      38.6104
   17956      38.4273
   17957      39.0272
   17958      38.4996
   17959      38.5773
   17960      39.0062
   17961      39.0474
   17962      39.6261
   17963      39.4715
   17964      39.0241
   17965      39.4374
   17966      39.1450
   17967      39.2301
   17968      39.1465
   17969      39.6006
   17970      39.2696
   17971      39.1571
   17972      39.0936
   17973      38.8290
   17974      39.3189
   17975      39.2520
   17976      39.6603
   17977      39.6001
   17978      39.1496
   17979      39.0090
   17980      38.9856
   17981      39.1598
   17982      38.8325
   17983      39.0371
   17984      39.0065
   17985      38.5960
   17986      38.5683
   17987      38.5969
   17988      38.2987
   17989      38.7614
   17990      38.4179
   17991      39.1172
   17992      38.9152
   17993      39.3100
   17994      39.1654
   17995      39.3287
   17996      39.0704
   17997      39.2286
   17998      38.4882
   17999      38.6756
   18000      38.7957
   18001      38.6641
   18002      38.9580
   18003      39.1510
   18004      39.2705
   18005      38.9318
   18006      39.1292
   18007      39.3172
   18008      39.1630
   18009      38.7201
   18010      38.7627
   18011      39.0629
   18012      39.3346
   18013      39.2142
   18014      39.4483
   18015      39.0127
   18016      38.9969
   18017      38.9025
   18018      38.9724
   18019      38.7667
   18020      38.5610
   18021      38.8673
   18022      38.6554
   18023      38.8770
   18024      39.3740
   18025      39.1180
   18026      38.9202
   18027      38.5682
   18028      39.2963
   18029      38.8444
   18030      38.0780
   18031      38.1002
   18032      38.2771
   18033      38.4734
   18034      38.4938
   18035      38.8722
   18036      38.6964
   18037      38.5185
   18038      38.5616
   18039      38.4601
   18040      38.5948
   18041      38.8144
   18042      38.5912
   18043      39.1619
   18044      38.5583
   18045      38.5153
   18046      38.9825
   18047      38.6534
   18048      38.4008
   18049      38.4873
   18050      39.2482
   18051      38.8214
   18052      38.7024
   18053      38.7043
   18054      38.6819
   18055      38.7556
   18056      38.8520
   18057      38.6623
   18058      38.7462
   18059      38.2881
   18060      38.7769
   18061      38.8826
   18062      39.1022
   18063      39.0755
   18064      39.3067
   18065      38.8296
   18066      38.9897
   18067      39.2008
   18068      38.9955
   18069      38.8606
   18070      38.8466
   18071      39.0927
   18072      38.4902
   18073      38.8099
   18074      39.0323
   18075      38.9623
   18076      39.0200
   18077      39.0303
   18078      38.5883
   18079      39.0876
   18080      39.0428
   18081      39.1635
   18082      39.4805
   18083      39.2009
   18084      38.9681
   18085      39.0150
   18086      39.2702
   18087      38.5239
   18088      39.0038
   18089      39.1690
   18090      39.2004
   18091      38.7816
   18092      38.8412
   18093      38.4667
   18094      38.9062
   18095      38.8640
   18096      38.9992
   18097      39.1156
   18098      38.9538
   18099      38.7996
   18100      39.0802
   18101      38.7360
   18102      38.6911
   18103      38.9382
   18104      38.6534
   18105      38.9507
   18106      38.7144
   18107      38.8571
   18108      38.7008
   18109      39.0101
   18110      38.4696
   18111      38.8548
   18112      38.8640
   18113      38.7874
   18114      39.0217
   18115      38.9073
   18116      39.4141
   18117      38.8097
   18118      39.3720
   18119      39.0289
   18120      39.3948
   18121      38.8918
   18122      38.5461
   18123      38.6215
   18124      38.5736
   18125      38.9544
   18126      38.6407
   18127      38.4156
   18128      38.1986
   18129      38.6919
   18130      38.2552
   18131      38.3620
   18132      38.8260
   18133      38.6206
   18134      38.5989
   18135      38.5963
   18136      38.9629
   18137      38.3339
   18138      38.2052
   18139      38.0838
   18140      38.0686
   18141      37.7929
   18142      37.9620
   18143      38.1780
   18144      38.1239
   18145      38.4178
   18146      38.4824
   18147      38.4427
   18148      38.4824
   18149      38.3402
   18150      38.4924
   18151      38.5373
   18152      38.3823
   18153      38.5540
   18154      38.6013
   18155      39.0149
   18156      38.6184
   18157      38.2939
   18158      38.5174
   18159      38.3413
   18160      38.7310
   18161      38.8512
   18162      38.2968
   18163      38.3802
   18164      38.9197
   18165      38.8775
   18166      38.4443
   18167      38.6260
   18168      39.0118
   18169      38.4817
   18170      38.8249
   18171      38.7557
   18172      39.1382
   18173      38.9397
   18174      38.9503
   18175      38.6289
   18176      38.7409
   18177      38.5788
   18178      38.7386
   18179      38.5816
   18180      39.0525
   18181      38.8400
   18182      38.6362
   18183      38.9309
   18184      38.7202
   18185      39.1614
   18186      38.8228
   18187      38.5467
   18188      38.7562
   18189      38.5454
   18190      38.5869
   18191      38.5485
   18192      38.3159
   18193      38.3861
   18194      38.4770
   18195      38.5087
   18196      38.2330
   18197      38.5734
   18198      38.7960
   18199      38.6000
   18200      38.9410
   18201      38.6698
   18202      38.9628
   18203      38.7436
   18204      38.8297
   18205      39.0714
   18206      38.6599
   18207      39.0791
   18208      38.9000
   18209      38.8466
   18210      38.6586
   18211      39.3780
   18212      39.3202
   18213      39.1786
   18214      39.6316
   18215      39.0699
   18216      39.1697
   18217      39.0570
   18218      39.1653
   18219      39.1744
   18220      39.1170
   18221      39.3912
   18222      39.4654
   18223      38.7906
   18224      38.8912
   18225      38.7513
   18226      39.0868
   18227      38.8753
   18228      39.0741
   18229      38.9163
   18230      38.5955
   18231      38.7519
   18232      39.0757
   18233      38.9560
   18234      38.9938
   18235      38.8793
   18236      38.9407
   18237      38.4322
   18238      38.7540
   18239      38.5580
   18240      39.0547
   18241      38.4314
   18242      38.3709
   18243      38.5057
   18244      38.6817
   18245      38.8997
   18246      39.5016
   18247      39.1823
   18248      38.7302
   18249      38.6290
   18250      38.7468
   18251      39.0756
   18252      38.6941
   18253      38.8030
   18254      39.0200
   18255      39.1487
   18256      38.3925
   18257      39.0467
   18258      38.9872
   18259      38.8529
   18260      38.7260
   18261      38.4965
   18262      38.9256
   18263      38.5071
   18264      38.4340
   18265      38.4432
   18266      38.9208
   18267      38.2528
   18268      38.4028
   18269      38.9855
   18270      38.9568
   18271      38.7039
   18272      38.4749
   18273      38.2038
   18274      38.3348
   18275      38.5811
   18276      38.8145
   18277      38.7918
   18278      39.3075
   18279      38.9785
   18280      38.8249
   18281      38.7450
   18282      39.0318
   18283      38.4922
   18284      39.3390
   18285      39.0076
   18286      39.2275
   18287      39.1593
   18288      39.0516
   18289      38.7674
   18290      38.8906
   18291      39.0709
   18292      38.8352
   18293      38.9689
   18294      39.1254
   18295      38.9304
   18296      39.0338
   18297      39.0807
   18298      38.9378
   18299      38.7722
   18300      39.2164
   18301      39.1502
   18302      38.7670
   18303      39.0014
   18304      38.7714
   18305      38.7700
   18306      39.1636
   18307      38.6856
   18308      38.8208
   18309      39.0802
   18310      38.7940
   18311      38.9873
   18312      39.2267
   18313      38.9162
   18314      38.6710
   18315      38.5243
   18316      38.6263
   18317      39.0054
   18318      38.9212
   18319      38.8917
   18320      38.7117
   18321      38.4911
   18322      38.5955
   18323      38.5060
   18324      38.7342
   18325      39.1139
   18326      38.7437
   18327      38.4132
   18328      38.5772
   18329      38.7903
   18330      38.7983
   18331      38.7993
   18332      38.2031
   18333      38.6946
   18334      38.6262
   18335      38.6289
   18336      38.6650
   18337      38.7686
   18338      38.6273
   18339      38.6334
   18340      38.6322
   18341      38.9050
   18342      38.6726
   18343      38.6103
   18344      39.0248
   18345      38.8059
   18346      38.8860
   18347      38.6301
   18348      39.1830
   18349      39.2791
   18350      39.3458
   18351      39.1692
   18352      38.9997
   18353      38.7586
   18354      38.7247
   18355      38.2476
   18356      38.8352
   18357      38.9477
   18358      38.4796
   18359      38.4206
   18360      38.9612
   18361      38.9130
   18362      38.7250
   18363      38.6995
   18364      38.8640
   18365      38.9548
   18366      38.7094
   18367      39.1691
   18368      38.9710
   18369      38.6400
   18370      38.7169
   18371      38.6701
   18372      39.0057
   18373      38.9086
   18374      38.4983
   18375      38.8095
   18376      39.1474
   18377      38.9815
   18378      39.2313
   18379      38.9799
   18380      38.7806
   18381      38.8394
   18382      38.3324
   18383      38.6072
   18384      38.1707
   18385      38.6729
   18386      39.1803
   18387      38.7803
   18388      39.0571
   18389      38.9468
   18390      38.3859
   18391      38.4837
   18392      38.8188
   18393      38.5156
   18394      38.8872
   18395      38.6856
   18396      38.8745
   18397      39.2432
   18398      38.6148
   18399      38.5886
   18400      38.6333
   18401      38.7396
   18402      39.0289
   18403      38.3921
   18404      38.4838
   18405      38.9859
   18406      38.6510
   18407      38.4986
   18408      38.8411
   18409      38.7310
   18410      38.7656
   18411      38.6937
   18412      38.8771
   18413      38.3219
   18414      38.5668
   18415      38.9384
   18416      38.7024
   18417      38.7601
   18418      39.0808
   18419      38.6673
   18420      38.5948
   18421      38.7942
   18422      38.9472
   18423      38.6269
   18424      38.6122
   18425      38.2144
   18426      39.1194
   18427      38.8888
   18428      38.6579
   18429      39.1922
   18430      38.9948
   18431      38.9738
   18432      38.9570
   18433      38.8788
   18434      39.0558
   18435      39.3018
   18436      39.0233
   18437      39.1925
   18438      39.7212
   18439      39.5190
   18440      39.0666
   18441      39.1462
   18442      38.7404
   18443      39.5813
   18444      39.3375
   18445      39.0103
   18446      39.1461
   18447      38.6981
   18448      38.5481
   18449      38.5407
   18450      38.7810
   18451      39.3248
   18452      38.9921
   18453      38.5577
   18454      38.7642
   18455      38.6367
   18456      39.0232
   18457      38.5752
   18458      39.1723
   18459      39.1269
   18460      38.9842
   18461      39.1428
   18462      38.5928
   18463      38.7662
   18464      39.0375
   18465      38.8239
   18466      38.8309
   18467      39.1091
   18468      39.5673
   18469      39.2187
   18470      39.0019
   18471      39.2245
   18472      38.8130
   18473      39.2747
   18474      39.3747
   18475      39.1172
   18476      39.5081
   18477      39.2646
   18478      39.3745
   18479      39.0480
   18480      38.9277
   18481      39.4819
   18482      38.9318
   18483      39.3094
   18484      39.0146
   18485      38.9998
   18486      39.4577
   18487      38.9266
   18488      38.8443
   18489      39.3649
   18490      39.4466
   18491      39.2348
   18492      39.3062
   18493      39.1243
   18494      39.2449
   18495      39.1686
   18496      39.0558
   18497      38.9945
   18498      39.4123
   18499      39.3253
   18500      38.9638
   18501      39.0935
   18502      39.3556
   18503      39.3553
   18504      38.8562
   18505      38.9928
   18506      38.4524
   18507      39.1496
   18508      38.9926
   18509      38.4285
   18510      38.9774
   18511      39.1900
   18512      39.0144
   18513      39.1286
   18514      39.1222
   18515      39.1538
   18516      39.3739
   18517      39.0066
   18518      39.1483
   18519      38.8100
   18520      39.5589
   18521      38.8935
   18522      39.0940
   18523      39.1876
   18524      38.9045
   18525      39.0460
   18526      38.8341
   18527      39.2155
   18528      39.2445
   18529      39.0916
   18530      38.6422
   18531      39.2910
   18532      39.1220
   18533      39.1599
   18534      39.5940
   18535      39.0000
   18536      39.1943
   18537      39.1591
   18538      39.0517
   18539      38.7086
   18540      38.6563
   18541      38.4223
   18542      38.6491
   18543      38.8247
   18544      38.9583
   18545      39.3283
   18546      38.9869
   18547      39.3724
   18548      39.1189
   18549      38.6599
   18550      38.5161
   18551      38.8202
   18552      38.8462
   18553      39.2956
   18554      38.9617
   18555      38.9428
   18556      38.8616
   18557      39.0328
   18558      38.6512
   18559      38.9838
   18560      38.6112
   18561      38.5384
   18562      38.8410
   18563      39.2054
   18564      39.0927
   18565      38.8026
   18566      38.9600
   18567      38.9695
   18568      38.9955
   18569      38.8138
   18570      38.7086
   18571      38.7233
   18572      38.5266
   18573      38.9568
   18574      38.5148
   18575      38.5684
   18576      39.0720
   18577      38.6763
   18578      39.0115
   18579      38.9073
   18580      38.4014
   18581      39.1888
   18582      39.4707
   18583      39.2664
   18584      39.5761
   18585      39.1947
   18586      39.3370
   18587      39.3417
   18588      39.3701
   18589      39.3929
   18590      39.2461
   18591      38.9191
   18592      39.2041
   18593      39.4725
   18594      39.1547
   18595      39.3208
   18596      38.7768
   18597      38.8715
   18598      39.1094
   18599      39.2960
   18600      38.6901
   18601      38.8213
   18602      38.9156
   18603      38.5271
   18604      39.1479
   18605      38.9737
   18606      39.2145
   18607      39.0833
   18608      39.3226
   18609      38.9601
   18610      38.7823
   18611      39.0217
   18612      39.1721
   18613      39.2641
   18614      38.9613
   18615      38.4656
   18616      38.8156
   18617      39.1760
   18618      39.1848
   18619      38.8661
   18620      39.2672
   18621      39.1910
   18622      39.1257
   18623      39.1710
   18624      38.7149
   18625      39.1534
   18626      39.0986
   18627      39.0528
   18628      39.0409
   18629      38.6756
   18630      39.2624
   18631      39.0872
   18632      38.9781
   18633      38.7024
   18634      38.7662
   18635      38.6051
   18636      38.8887
   18637      38.9476
   18638      38.6250
   18639      38.7826
   18640      38.7778
   18641      38.8048
   18642      38.9431
   18643      38.8252
   18644      38.9457
   18645      38.9651
   18646      39.1400
   18647      38.9199
   18648      39.1033
   18649      39.0952
   18650      38.8293
   18651      38.9188
   18652      38.3909
   18653      38.5387
   18654      39.1771
   18655      39.0914
   18656      38.8692
   18657      38.8666
   18658      39.3513
   18659      39.2893
   18660      39.3393
   18661      39.1894
   18662      39.2878
   18663      39.1382
   18664      38.9500
   18665      38.6155
   18666      38.7400
   18667      38.8882
   18668      39.0540
   18669      39.0300
   18670      39.1290
   18671      39.1732
   18672      39.1636
   18673      39.2158
   18674      38.8680
   18675      39.0501
   18676      38.6537
   18677      39.2815
   18678      38.5570
   18679      38.5772
   18680      39.0585
   18681      38.8534
   18682      38.7405
   18683      38.7493
   18684      38.8605
   18685      39.0141
   18686      38.7560
   18687      38.8198
   18688      38.9432
   18689      39.1009
   18690      39.3452
   18691      38.9859
   18692      39.1067
   18693      38.6376
   18694      38.7516
   18695      38.7933
   18696      39.0695
   18697      39.3957
   18698      39.1140
   18699      39.0077
   18700      38.7125
   18701      39.1608
   18702      38.6830
   18703      38.7019
   18704      38.7909
   18705      38.9678
   18706      38.9967
   18707      38.8709
   18708      39.0160
   18709      38.4720
   18710      38.6380
   18711      38.5475
   18712      39.1308
   18713      38.8039
   18714      38.7083
   18715      37.9569
   18716      38.8135
   18717      38.2966
   18718      38.5421
   18719      39.0129
   18720      39.1341
   18721      39.0354
   18722      39.1188
   18723      39.2805
   18724      38.7517
   18725      39.2011
   18726      38.7416
   18727      38.8924
   18728      38.8946
   18729      38.9534
   18730      38.9504
   18731      38.6127
   18732      38.5221
   18733      38.6914
   18734      38.2275
   18735      38.7036
   18736      38.8015
   18737      38.7196
   18738      38.5228
   18739      38.6707
   18740      38.5594
   18741      38.9538
   18742      38.7152
   18743      39.0354
   18744      38.8841
   18745      38.4789
   18746      38.6005
   18747      38.7791
   18748      38.2204
   18749      38.3493
   18750      38.9241
   18751      38.7185
   18752      38.9815
   18753      38.9459
   18754      39.2438
   18755      39.0686
   18756      38.8422
   18757      38.7509
   18758      38.7952
   18759      38.8641
   18760      38.6523
   18761      38.3712
   18762      38.8673
   18763      39.1035
   18764      38.9590
   18765      38.5565
   18766      38.7992
   18767      38.8159
   18768      38.7713
   18769      38.7495
   18770      39.0729
   18771      38.9839
   18772      38.5715
   18773      38.9804
   18774      38.9297
   18775      38.7478
   18776      38.2875
   18777      38.9452
   18778      38.8003
   18779      39.1188
   18780      38.5085
   18781      39.1016
   18782      39.2038
   18783      38.5955
   18784      38.5868
   18785      38.6846
   18786      38.8291
   18787      38.6803
   18788      38.6801
   18789      38.4222
   18790      38.5097
   18791      38.8229
   18792      39.0360
   18793      39.1334
   18794      39.1825
   18795      38.9696
   18796      39.1128
   18797      38.9214
   18798      38.6487
   18799      38.8901
   18800      39.0552
   18801      39.1933
   18802      38.8866
   18803      39.1767
   18804      38.9384
   18805      38.8146
   18806      38.8578
   18807      38.9115
   18808      38.9996
   18809      39.0877
   18810      39.0191
   18811      39.2902
   18812      38.9913
   18813      38.9495
   18814      38.7108
   18815      38.7945
   18816      38.8289
   18817      38.8914
   18818      38.9086
   18819      39.1910
   18820      38.9319
   18821      39.1095
   18822      38.8155
   18823      38.8702
   18824      38.8285
   18825      38.7046
   18826      38.9355
   18827      38.7224
   18828      38.8971
   18829      38.9762
   18830      39.2019
   18831      39.0780
   18832      39.2629
   18833      39.1263
   18834      38.8119
   18835      38.8637
   18836      39.1162
   18837      38.9607
   18838      39.2677
   18839      38.9097
   18840      38.9983
   18841      39.3588
   18842      39.4498
   18843      39.1695
   18844      39.5034
   18845      39.0697
   18846      38.8722
   18847      39.0755
   18848      39.1325
   18849      39.3470
   18850      39.1393
   18851      38.8898
   18852      38.2042
   18853      38.7008
   18854      39.1243
   18855      38.9908
   18856      38.9765
   18857      38.9742
   18858      38.5982
   18859      38.7953
   18860      38.9776
   18861      38.9794
   18862      39.2042
   18863      39.2234
   18864      38.9485
   18865      39.2687
   18866      39.0864
   18867      38.9240
   18868      38.7445
   18869      38.3140
   18870      38.5704
   18871      38.5862
   18872      38.9325
   18873      39.1531
   18874      39.2319
   18875      38.7639
   18876      38.6543
   18877      38.4566
   18878      38.5311
   18879      38.4587
   18880      38.7067
   18881      38.4628
   18882      39.0036
   18883      38.8069
   18884      39.0956
   18885      39.2572
   18886      38.7346
   18887      38.7459
   18888      38.6407
   18889      39.1418
   18890      39.1953
   18891      38.8201
   18892      38.7954
   18893      38.8957
   18894      38.6434
   18895      38.6311
   18896      38.5730
   18897      38.7703
   18898      38.9747
   18899      39.1676
   18900      39.1034
   18901      38.7039
   18902      39.0966
   18903      38.6996
   18904      39.2988
   18905      38.7603
   18906      38.9519
   18907      38.5889
   18908      38.8466
   18909      38.9557
   18910      38.4157
   18911      38.2469
   18912      37.9732
   18913      38.8919
   18914      39.0957
   18915      39.0414
   18916      39.0829
   18917      38.9986
   18918      39.0099
   18919      38.8950
   18920      38.9815
   18921      38.7935
   18922      39.0802
   18923      39.0959
   18924      39.1479
   18925      39.0346
   18926      38.9887
   18927      38.7034
   18928      38.7371
   18929      39.0144
   18930      39.3634
   18931      39.1550
   18932      38.7187
   18933      38.7776
   18934      38.8249
   18935      39.0862
   18936      39.2476
   18937      39.0689
   18938      38.7441
   18939      38.6092
   18940      38.9864
   18941      39.1135
   18942      38.8419
   18943      39.5035
   18944      39.1602
   18945      38.5658
   18946      39.0186
   18947      39.0409
   18948      38.5915
   18949      38.3094
   18950      38.5176
   18951      38.3487
   18952      38.7825
   18953      38.5667
   18954      38.9252
   18955      38.5999
   18956      38.5989
   18957      39.1448
   18958      39.0570
   18959      39.1958
   18960      39.0160
   18961      39.0948
   18962      39.0567
   18963      39.0556
   18964      38.6948
   18965      38.9261
   18966      38.9218
   18967      38.9291
   18968      38.9009
   18969      38.6288
   18970      38.4764
   18971      38.7824
   18972      38.8475
   18973      38.3589
   18974      38.6700
   18975      38.5703
   18976      38.6660
   18977      38.5130
   18978      39.0826
   18979      39.2879
   18980      39.1509
   18981      39.3096
   18982      39.2996
   18983      39.1881
   18984      39.3101
   18985      39.2672
   18986      38.8023
   18987      39.0410
   18988      39.3430
   18989      38.7944
   18990      38.9204
   18991      38.9204
   18992      39.2284
   18993      38.9658
   18994      39.0277
   18995      39.3049
   18996      39.3160
   18997      39.4507
   18998      39.3974
   18999      39.3202
   19000      39.4960
   19001      39.0534
   19002      39.4607
   19003      38.9584
   19004      39.2537
   19005      38.8385
   19006      39.0757
   19007      39.2275
   19008      38.8156
   19009      38.9641
   19010      38.9745
   19011      38.6313
   19012      38.7790
   19013      38.4328
   19014      39.1651
   19015      39.2786
   19016      39.2390
   19017      38.8237
   19018      38.8151
   19019      38.6819
   19020      38.7423
   19021      39.0601
   19022      38.7648
   19023      39.3488
   19024      39.1942
   19025      39.0225
   19026      39.0137
   19027      38.6596
   19028      38.8169
   19029      39.4011
   19030      39.3276
   19031      38.8982
   19032      39.1517
   19033      38.8649
   19034      38.8253
   19035      38.9341
   19036      38.7920
   19037      39.0800
   19038      38.8140
   19039      39.1670
   19040      38.8494
   19041      38.8683
   19042      38.7964
   19043      38.8991
   19044      39.0388
   19045      38.8173
   19046      39.1365
   19047      38.6611
   19048      38.9228
   19049      38.7881
   19050      39.1800
   19051      39.1648
   19052      39.0341
   19053      38.6946
   19054      38.9988
   19055      39.0985
   19056      38.8545
   19057      39.0445
   19058      39.4760
   19059      39.0740
   19060      39.0328
   19061      38.8538
   19062      38.8472
   19063      38.5063
   19064      39.0064
   19065      38.9748
   19066      38.7165
   19067      39.0900
   19068      39.2730
   19069      38.9428
   19070      39.3195
   19071      39.1189
   19072      38.9935
   19073      38.9290
   19074      38.9436
   19075      38.9319
   19076      39.0824
   19077      38.8904
   19078      39.0743
   19079      39.0140
   19080      39.2213
   19081      38.9261
   19082      39.1200
   19083      39.2327
   19084      39.1182
   19085      38.9810
   19086      38.7910
   19087      39.0307
   19088      38.6820
   19089      38.8523
   19090      39.0531
   19091      38.9714
   19092      38.7438
   19093      39.0131
   19094      38.7912
   19095      39.0159
   19096      39.0301
   19097      38.9211
   19098      39.0268
   19099      38.4476
   19100      38.7423
   19101      38.9342
   19102      39.3398
   19103      39.0325
   19104      39.0746
   19105      38.7869
   19106      38.6348
   19107      38.8899
   19108      38.8403
   19109      38.9675
   19110      38.9915
   19111      38.9534
   19112      38.9780
   19113      38.9611
   19114      39.0313
   19115      39.2065
   19116      39.3625
   19117      39.1260
   19118      39.1018
   19119      38.8066
   19120      38.7545
   19121      39.1567
   19122      38.8816
   19123      38.7726
   19124      39.0388
   19125      39.1875
   19126      39.0044
   19127      38.8970
   19128      39.1027
   19129      38.7991
   19130      38.8243
   19131      38.7778
   19132      38.6599
   19133      39.0166
   19134      38.8990
   19135      39.1517
   19136      39.4607
   19137      39.2374
   19138      38.9269
   19139      38.8766
   19140      38.6477
   19141      38.9603
   19142      39.1650
   19143      38.8630
   19144      39.1212
   19145      39.0140
   19146      39.4643
   19147      39.1345
   19148      39.0288
   19149      38.9128
   19150      38.9722
   19151      38.9335
   19152      39.3734
   19153      39.2591
   19154      39.1021
   19155      39.3956
   19156      39.4237
   19157      39.4229
   19158      39.1544
   19159      39.0671
   19160      38.9875
   19161      39.1514
   19162      38.9635
   19163      39.4764
   19164      39.4207
   19165      39.4023
   19166      39.2678
   19167      39.3251
   19168      39.2702
   19169      39.3671
   19170      39.4251
   19171      39.5435
   19172      39.5017
   19173      39.5006
   19174      39.1067
   19175      39.2920
   19176      39.3994
   19177      39.1359
   19178      39.5039
   19179      39.0238
   19180      39.0792
   19181      39.0364
   19182      39.2596
   19183      39.1133
   19184      39.0410
   19185      38.8446
   19186      38.9425
   19187      39.3344
   19188      39.5482
   19189      39.6220
   19190      39.4269
   19191      39.1677
   19192      39.2642
   19193      39.3067
   19194      39.2694
   19195      39.0649
   19196      38.8477
   19197      39.1882
   19198      39.0587
   19199      39.3929
   19200      39.1896
   19201      39.3509
   19202      38.9515
   19203      39.0514
   19204      39.1769
   19205      39.1586
   19206      39.0495
   19207      39.0196
   19208      38.4450
   19209      38.8523
   19210      38.9450
   19211      39.0551
   19212      39.0639
   19213      39.2515
   19214      38.8952
   19215      38.7932
   19216      38.9774
   19217      39.2996
   19218      39.2451
   19219      39.1126
   19220      39.0299
   19221      39.1655
   19222      39.1106
   19223      39.0248
   19224      39.4687
   19225      38.9753
   19226      38.9480
   19227      38.9639
   19228      39.1828
   19229      39.4872
   19230      38.7324
   19231      39.0339
   19232      38.6058
   19233      39.1519
   19234      39.1001
   19235      39.3763
   19236      39.3329
   19237      38.8001
   19238      38.8544
   19239      38.9304
   19240      39.2095
   19241      39.5760
   19242      39.1015
   19243      39.1905
   19244      39.2725
   19245      39.4999
   19246      38.9871
   19247      39.6060
   19248      39.1151
   19249      39.0107
   19250      38.9397
   19251      38.9794
   19252      39.1616
   19253      39.0959
   19254      39.2263
   19255      39.2101
   19256      39.1337
   19257      39.2689
   19258      39.1628
   19259      39.1573
   19260      39.4118
   19261      39.4866
   19262      39.3948
   19263      38.9920
   19264      39.3817
   19265      38.9667
   19266      39.1931
   19267      39.2295
   19268      39.2635
   19269      39.2924
   19270      39.0916
   19271      39.3436
   19272      39.0293
   19273      39.2998
   19274      39.3591
   19275      39.5238
   19276      39.3901
   19277      39.5964
   19278      39.4516
   19279      39.6934
   19280      39.5923
   19281      39.7615
   19282      39.3488
   19283      39.3264
   19284      39.3331
   19285      39.3318
   19286      39.5370
   19287      39.4981
   19288      39.3677
   19289      39.1325
   19290      39.1534
   19291      39.2351
   19292      39.2800
   19293      39.1797
   19294      38.8934
   19295      39.1549
   19296      39.0260
   19297      38.8233
   19298      39.2136
   19299      39.1154
   19300      39.1560
   19301      39.3508
   19302      39.2177
   19303      39.2860
   19304      39.1003
   19305      39.5342
   19306      38.7146
   19307      39.0426
   19308      38.9927
   19309      39.1733
   19310      38.6976
   19311      39.0742
   19312      39.2570
   19313      38.6152
   19314      38.9330
   19315      39.0947
   19316      38.5415
   19317      38.7713
   19318      38.8338
   19319      38.8104
   19320      38.6846
   19321      38.9034
   19322      39.3074
   19323      38.8751
   19324      38.4783
   19325      38.6704
   19326      38.8831
   19327      39.0766
   19328      39.2281
   19329      39.3641
   19330      39.0207
   19331      38.8420
   19332      39.0703
   19333      39.1491
   19334      38.8401
   19335      39.2497
   19336      39.2399
   19337      38.7281
   19338      39.3387
   19339      39.0020
   19340      39.1204
   19341      39.4011
   19342      39.1151
   19343      38.9716
   19344      38.9877
   19345      38.9567
   19346      39.4698
   19347      39.2481
   19348      38.8606
   19349      39.0792
   19350      39.1188
   19351      39.0601
   19352      39.1270
   19353      39.1895
   19354      38.5262
   19355      38.6500
   19356      38.5306
   19357      38.5932
   19358      38.7867
   19359      38.4692
   19360      38.3009
   19361      38.4168
   19362      38.2911
   19363      38.4869
   19364      38.4971
   19365      38.5611
   19366      38.5662
   19367      38.6831
   19368      38.7504
   19369      38.6379
   19370      38.3968
   19371      38.6033
   19372      38.7863
   19373      38.4046
   19374      38.0437
   19375      38.3070
   19376      38.1794
   19377      38.8058
   19378      38.3322
   19379      38.1850
   19380      38.4449
   19381      38.5120
   19382      38.3512
   19383      38.5004
   19384      38.9550
   19385      38.5889
   19386      38.6107
   19387      38.7358
   19388      39.0137
   19389      38.9152
   19390      38.9079
   19391      38.7059
   19392      38.6090
   19393      38.5878
   19394      38.5543
   19395      38.7538
   19396      38.4940
   19397      38.5813
   19398      38.6508
   19399      38.2958
   19400      38.3555
   19401      39.0142
   19402      38.6778
   19403      38.9924
   19404      38.9242
   19405      38.4835
   19406      39.0620
   19407      39.0951
   19408      39.0364
   19409      38.8060
   19410      38.7582
   19411      38.9260
   19412      38.7758
   19413      38.5709
   19414      38.5694
   19415      38.5006
   19416      38.6622
   19417      38.8407
   19418      39.3787
   19419      39.0605
   19420      39.2039
   19421      38.7788
   19422      38.9945
   19423      38.8917
   19424      38.8381
   19425      38.7721
   19426      39.2330
   19427      39.1818
   19428      38.5921
   19429      38.8795
   19430      38.9393
   19431      38.6044
   19432      38.7419
   19433      38.9399
   19434      39.0421
   19435      38.8757
   19436      39.0215
   19437      39.0199
   19438      38.9081
   19439      38.7663
   19440      39.1162
   19441      38.8792
   19442      38.6583
   19443      38.8285
   19444      38.8864
   19445      38.7850
   19446      38.8008
   19447      38.6757
   19448      38.6063
   19449      39.0053
   19450      39.0915
   19451      38.7701
   19452      38.9460
   19453      38.9072
   19454      39.0136
   19455      39.0797
   19456      39.0493
   19457      38.7562
   19458      38.5785
   19459      38.6530
   19460      38.4750
   19461      38.8676
   19462      38.8932
   19463      38.6062
   19464      39.2522
   19465      39.0934
   19466      38.8064
   19467      38.7788
   19468      38.5634
   19469      38.9717
   19470      38.7236
   19471      38.7181
   19472      38.7645
   19473      39.1787
   19474      38.8186
   19475      38.2521
   19476      38.5259
   19477      38.2104
   19478      38.5250
   19479      38.3413
   19480      38.3709
   19481      38.2724
   19482      38.6117
   19483      38.9172
   19484      39.1238
   19485      38.7600
   19486      38.7240
   19487      38.5668
   19488      39.1188
   19489      39.5790
   19490      38.6877
   19491      38.9089
   19492      38.8191
   19493      38.9630
   19494      38.8382
   19495      38.3642
   19496      38.9619
   19497      38.7530
   19498      38.4670
   19499      38.6840
   19500      38.6354
   19501      38.4814
   19502      38.6271
   19503      38.4874
   19504      38.9795
   19505      38.5582
   19506      38.5169
   19507      38.4587
   19508      38.3414
   19509      38.5502
   19510      38.8945
   19511      38.6161
   19512      38.8795
   19513      38.7708
   19514      38.7118
   19515      38.8893
   19516      38.4431
   19517      38.7472
   19518      38.7315
   19519      38.7150
   19520      38.7928
   19521      38.9110
   19522      38.4182
   19523      38.5349
   19524      38.6633
   19525      38.6465
   19526      38.7067
   19527      39.0470
   19528      39.2669
   19529      38.8643
   19530      38.8823
   19531      38.9271
   19532      38.5540
   19533      38.5064
   19534      38.5967
   19535      38.7907
   19536      38.7466
   19537      38.5603
   19538      38.6718
   19539      39.0992
   19540      38.3956
   19541      38.6150
   19542      38.8633
   19543      39.0570
   19544      38.4200
   19545      38.7527
   19546      39.1341
   19547      39.0583
   19548      38.9617
   19549      38.9491
   19550      38.7768
   19551      38.7684
   19552      38.7892
   19553      39.0388
   19554      39.1425
   19555      39.1745
   19556      39.2214
   19557      39.0732
   19558      38.8503
   19559      38.6068
   19560      38.6860
   19561      38.9261
   19562      38.5103
   19563      39.0388
   19564      38.7263
   19565      38.7933
   19566      39.1682
   19567      38.8717
   19568      38.5861
   19569      38.4993
   19570      38.6995
   19571      39.1973
   19572      39.0039
   19573      38.7688
   19574      38.5825
   19575      38.8370
   19576      38.9142
   19577      39.0098
   19578      39.0862
   19579      39.3889
   19580      39.5417
   19581      39.3534
   19582      39.3408
   19583      39.2361
   19584      39.4501
   19585      39.0600
   19586      39.2624
   19587      38.9434
   19588      39.1535
   19589      38.7534
   19590      38.7083
   19591      38.7695
   19592      38.9335
   19593      38.7854
   19594      39.5313
   19595      39.3556
   19596      38.6428
   19597      38.5343
   19598      39.1179
   19599      39.1953
   19600      38.5797
   19601      38.8306
   19602      39.0526
   19603      38.3826
   19604      38.8653
   19605      39.0413
   19606      38.9060
   19607      39.2322
   19608      38.9518
   19609      39.2229
   19610      39.0539
   19611      39.0145
   19612      38.6194
   19613      39.0203
   19614      38.8915
   19615      39.3178
   19616      39.1330
   19617      38.9780
   19618      38.7604
   19619      39.1068
   19620      38.9792
   19621      39.2046
   19622      39.3023
   19623      39.3214
   19624      39.1697
   19625      38.6982
   19626      38.8688
   19627      38.4096
   19628      38.7421
   19629      39.1077
   19630      38.8410
   19631      38.8421
   19632      39.1578
   19633      39.2528
   19634      38.8882
   19635      39.1014
   19636      39.2771
   19637      39.0200
   19638      39.1101
   19639      39.5591
   19640      38.9271
   19641      39.1970
   19642      39.0326
   19643      38.9983
   19644      39.1670
   19645      39.1328
   19646      39.1162
   19647      39.3864
   19648      39.4393
   19649      39.3721
   19650      39.3040
   19651      39.5182
   19652      39.2565
   19653      39.3134
   19654      39.6626
   19655      38.9767
   19656      39.0535
   19657      39.1460
   19658      39.3608
   19659      39.3958
   19660      39.3647
   19661      39.1810
   19662      39.5587
   19663      39.3026
   19664      39.2661
   19665      39.3973
   19666      39.5998
   19667      39.2915
   19668      39.5455
   19669      39.2698
   19670      39.1204
   19671      38.9818
   19672      39.7321
   19673      39.3907
   19674      39.1813
   19675      39.2676
   19676      39.4332
   19677      39.3745
   19678      39.0444
   19679      38.8859
   19680      39.0906
   19681      39.2355
   19682      38.7266
   19683      38.6149
   19684      39.2498
   19685      38.9496
   19686      39.1328
   19687      38.9434
   19688      39.1308
   19689      39.0330
   19690      38.9191
   19691      39.1605
   19692      38.8463
   19693      39.4938
   19694      39.3913
   19695      38.6163
   19696      38.6377
   19697      38.7875
   19698      39.3825
   19699      38.9678
   19700      38.9156
   19701      39.0215
   19702      39.0647
   19703      39.2341
   19704      38.7063
   19705      38.8239
   19706      38.8713
   19707      38.9419
   19708      39.0104
   19709      38.7829
   19710      38.7937
   19711      38.8208
   19712      39.5081
   19713      38.7742
   19714      38.2536
   19715      39.2020
   19716      39.0608
   19717      38.7166
   19718      39.2135
   19719      39.1548
   19720      39.0543
   19721      39.3501
   19722      38.9048
   19723      39.3093
   19724      38.8051
   19725      39.3021
   19726      39.2073
   19727      39.5877
   19728      39.1458
   19729      39.0054
   19730      39.5787
   19731      39.3635
   19732      39.2166
   19733      39.1863
   19734      39.2580
   19735      39.1261
   19736      39.3402
   19737      39.3168
   19738      38.9901
   19739      39.3355
   19740      39.2635
   19741      39.3442
   19742      39.1676
   19743      39.1936
   19744      39.4102
   19745      39.3405
   19746      38.7718
   19747      38.6718
   19748      38.6631
   19749      39.1788
   19750      39.1316
   19751      38.8770
   19752      38.9571
   19753      38.9885
   19754      38.9981
   19755      39.1629
   19756      39.2659
   19757      38.9774
   19758      39.1627
   19759      39.2390
   19760      39.1031
   19761      39.0977
   19762      38.7080
   19763      39.1198
   19764      39.2398
   19765      39.0920
   19766      39.3302
   19767      39.2329
   19768      38.6576
   19769      38.4570
   19770      38.7933
   19771      38.5922
   19772      38.9375
   19773      38.8155
   19774      39.1187
   19775      38.8258
   19776      39.1464
   19777      38.9199
   19778      39.0866
   19779      39.1763
   19780      38.5702
   19781      39.1683
   19782      38.8271
   19783      38.7686
   19784      38.6861
   19785      38.6210
   19786      38.9882
   19787      39.1706
   19788      38.7672
   19789      39.2542
   19790      39.1470
   19791      39.4286
   19792      39.0031
   19793      39.1098
   19794      38.8594
   19795      38.8437
   19796      38.9700
   19797      39.1876
   19798      39.1584
   19799      39.6485
   19800      39.4082
   19801      39.2453
   19802      39.2915
   19803      39.3201
   19804      39.2174
   19805      39.2447
   19806      39.2105
   19807      39.0655
   19808      39.5485
   19809      39.0127
   19810      39.2248
   19811      38.9603
   19812      38.9509
   19813      39.1146
   19814      39.1801
   19815      38.7980
   19816      39.1536
   19817      39.1336
   19818      39.1888
   19819      39.2356
   19820      39.2585
   19821      39.1196
   19822      39.5434
   19823      39.2194
   19824      39.1990
   19825      39.0246
   19826      39.3020
   19827      38.7795
   19828      39.3234
   19829      39.0194
   19830      39.2736
   19831      39.1386
   19832      39.2861
   19833      38.9461
   19834      39.1867
   19835      38.9704
   19836      39.1405
   19837      39.2673
   19838      38.8995
   19839      39.4147
   19840      39.1527
   19841      38.8743
   19842      39.0459
   19843      38.6241
   19844      39.0743
   19845      39.4207
   19846      39.7772
   19847      39.4497
   19848      39.0772
   19849      39.0738
   19850      39.2961
   19851      39.0916
   19852      38.9990
   19853      38.8844
   19854      38.8953
   19855      39.0105
   19856      39.3126
   19857      39.4389
   19858      39.4246
   19859      39.2178
   19860      39.2426
   19861      39.7488
   19862      39.5345
   19863      39.0299
   19864      38.8960
   19865      39.2457
   19866      39.3897
   19867      38.8841
   19868      39.0198
   19869      39.0449
   19870      39.2219
   19871      39.6258
   19872      39.6218
   19873      39.0343
   19874      38.9795
   19875      39.1905
   19876      39.6001
   19877      39.2908
   19878      39.3626
   19879      39.3441
   19880      38.8832
   19881      38.7142
   19882      38.7423
   19883      38.8203
   19884      39.1579
   19885      39.3071
   19886      38.9819
   19887      38.7499
   19888      38.3695
   19889      38.7744
   19890      38.7735
   19891      39.1076
   19892      38.6808
   19893      38.6686
   19894      38.5320
   19895      38.4917
   19896      38.4987
   19897      38.1587
   19898      38.6656
   19899      38.7623
   19900      38.6445
   19901      38.7299
   19902      38.5311
   19903      38.5842
   19904      38.6554
   19905      38.7777
   19906      38.9341
   19907      38.7312
   19908      38.8277
   19909      38.6081
   19910      38.7723
   19911      38.8107
   19912      38.7859
   19913      38.7965
   19914      38.9243
   19915      39.0007
   19916      38.8311
   19917      39.0310
   19918      39.0236
   19919      38.9631
   19920      38.8178
   19921      39.2026
   19922      39.1858
   19923      38.8946
   19924      38.9286
   19925      38.4583
   19926      38.9477
   19927      38.5629
   19928      38.5641
   19929      38.9925
   19930      39.1808
   19931      39.2793
   19932      39.2478
   19933      39.2395
   19934      38.8960
   19935      39.2111
   19936      39.1881
   19937      38.8989
   19938      38.6838
   19939      38.9241
   19940      38.7578
   19941      39.0535
   19942      39.1822
   19943      39.4243
   19944      39.4213
   19945      39.2612
   19946      39.1424
   19947      39.2937
   19948      39.8318
   19949      39.3638
   19950      39.3389
   19951      39.3617
   19952      39.2802
   19953      39.5740
   19954      39.5957
   19955      39.5715
   19956      39.3208
   19957      39.3552
   19958      39.4937
   19959      39.4120
   19960      39.2746
   19961      39.3024
   19962      39.3538
   19963      39.2649
   19964      39.4533
   19965      39.3217
   19966      39.4765
   19967      39.0722
   19968      39.1780
   19969      38.9076
   19970      38.9791
   19971      38.8355
   19972      39.1996
   19973      39.0766
   19974      38.7398
   19975      38.8383
   19976      39.3865
   19977      38.8791
   19978      38.8837
   19979      38.9658
   19980      39.0032
   19981      39.1544
   19982      39.0417
   19983      39.3504
   19984      39.0549
   19985      38.8396
   19986      39.0867
   19987      39.1745
   19988      39.1693
   19989      39.3424
   19990      39.2682
   19991      39.3181
   19992      39.0956
   19993      39.0981
   19994      39.1278
   19995      39.1610
   19996      39.1464
   19997      38.8538
   19998      38.9511
   19999      39.0455
   20000      39.2167
   20001      39.2626
   20002      39.0623
   20003      39.3392
   20004      39.2141
   20005      39.1266
   20006      39.4007
   20007      38.6990
   20008      38.6728
   20009      38.6853
   20010      38.9237
   20011      39.1461
   20012      39.1802
   20013      38.8590
   20014      39.0175
   20015      39.1948
   20016      39.2217
   20017      39.0307
   20018      38.9838
   20019      39.1019
   20020      38.9950
   20021      39.1711
   20022      38.8878
   20023      39.3263
   20024      39.1373
   20025      39.4726
   20026      39.2193
   20027      39.2890
   20028      39.3654
   20029      39.0806
   20030      38.9149
   20031      39.2751
   20032      39.4433
   20033      39.2773
   20034      39.1584
   20035      39.4577
   20036      39.3237
   20037      39.3542
   20038      39.2781
   20039      39.0663
   20040      38.9986
   20041      39.1906
   20042      39.1692
   20043      39.2656
   20044      39.2067
   20045      39.2175
   20046      38.8916
   20047      38.7152
   20048      38.9671
   20049      38.9570
   20050      38.9731
   20051      38.9221
   20052      39.1111
   20053      39.3144
   20054      39.1699
   20055      38.7667
   20056      38.8749
   20057      38.8853
   20058      39.1884
   20059      39.1300
   20060      39.1818
   20061      38.9724
   20062      39.0079
   20063      38.9612
   20064      38.8621
   20065      39.0835
   20066      38.8330
   20067      38.9925
   20068      39.4269
   20069      38.8886
   20070      38.9047
   20071      38.7327
   20072      39.0718
   20073      39.3457
   20074      39.3723
   20075      39.1957
   20076      39.3480
   20077      38.9680
   20078      39.2291
   20079      38.7216
   20080      39.1534
   20081      38.9884
   20082      38.9665
   20083      39.0433
   20084      38.5971
   20085      38.8657
   20086      38.6526
   20087      38.8349
   20088      39.0535
   20089      38.8166
   20090      38.7597
   20091      39.1256
   20092      38.8165
   20093      38.9492
   20094      39.1935
   20095      39.2209
   20096      38.8015
   20097      38.9751
   20098      39.3522
   20099      39.0328
   20100      38.9477
   20101      39.1809
   20102      38.9193
   20103      38.8722
   20104      39.2401
   20105      38.9257
   20106      38.8872
   20107      38.6694
   20108      38.8677
   20109      38.4073
   20110      39.0600
   20111      38.8372
   20112      39.2165
   20113      39.3521
   20114      39.2683
   20115      39.1292
   20116      39.5306
   20117      38.6945
   20118      38.8477
   20119      38.8729
   20120      39.0128
   20121      39.1540
   20122      39.0310
   20123      38.9566
   20124      38.9533
   20125      39.2121
   20126      39.1860
   20127      38.9658
   20128      39.1226
   20129      39.4317
   20130      39.0555
   20131      38.9898
   20132      39.0823
   20133      39.0951
   20134      39.1809
   20135      39.1326
   20136      39.3261
   20137      39.6323
   20138      38.9747
   20139      38.7233
   20140      39.1967
   20141      39.0127
   20142      39.2927
   20143      39.1661
   20144      39.3380
   20145      39.2501
   20146      39.1141
   20147      39.0857
   20148      38.6621
   20149      39.0674
   20150      39.0987
   20151      39.2044
   20152      39.0728
   20153      39.1079
   20154      39.5208
   20155      39.0774
   20156      39.4486
   20157      39.0357
   20158      39.1316
   20159      38.9248
   20160      39.2968
   20161      39.4116
   20162      39.0689
   20163      39.1545
   20164      39.2693
   20165      39.0873
   20166      39.0641
   20167      39.0717
   20168      39.3802
   20169      38.9509
   20170      39.3676
   20171      39.4669
   20172      39.1133
   20173      39.5948
   20174      39.1855
   20175      39.7097
   20176      39.4992
   20177      39.2088
   20178      39.3452
   20179      39.0172
   20180      39.2005
   20181      39.2571
   20182      39.0296
   20183      38.8738
   20184      38.9593
   20185      38.9273
   20186      39.5324
   20187      39.2286
   20188      39.4722
   20189      38.7800
   20190      38.8650
   20191      38.9997
   20192      39.1680
   20193      39.4673
   20194      39.3761
   20195      39.0909
   20196      39.1709
   20197      38.9176
   20198      38.6483
   20199      39.4110
   20200      39.2116
   20201      39.3750
   20202      39.3889
   20203      39.2928
   20204      39.2696
   20205      38.9770
   20206      39.1934
   20207      39.3553
   20208      39.1478
   20209      38.8782
   20210      39.1915
   20211      39.1067
   20212      39.5620
   20213      39.4117
   20214      39.4550
   20215      39.0539
   20216      39.0819
   20217      39.1864
   20218      38.7234
   20219      38.9803
   20220      39.1354
   20221      39.4553
   20222      39.3722
   20223      39.4479
   20224      39.5625
   20225      39.7326
   20226      39.3795
   20227      39.3035
   20228      39.2944
   20229      39.2146
   20230      39.0427
   20231      39.0731
   20232      39.2450
   20233      39.4260
   20234      39.2810
   20235      39.1665
   20236      39.4016
   20237      39.3986
   20238      39.2356
   20239      39.0607
   20240      39.1404
   20241      38.9752
   20242      39.0535
   20243      38.9877
   20244      39.4079
   20245      38.7848
   20246      38.8873
   20247      39.0556
   20248      38.6563
   20249      39.0764
   20250      39.4680
   20251      39.3901
   20252      39.0688
   20253      38.8039
   20254      38.8957
   20255      39.0653
   20256      38.7945
   20257      38.9455
   20258      39.3308
   20259      39.0380
   20260      38.8224
   20261      38.8533
   20262      39.0805
   20263      38.6279
   20264      39.0309
   20265      38.8887
   20266      39.0731
   20267      38.9916
   20268      39.0283
   20269      39.0489
   20270      39.4104
   20271      39.2853
   20272      39.1945
   20273      39.2256
   20274      38.9508
   20275      38.8500
   20276      39.0449
   20277      38.6743
   20278      38.5883
   20279      38.3364
   20280      38.6139
   20281      38.9190
   20282      38.8905
   20283      38.9316
   20284      38.9122
   20285      38.9570
   20286      39.0510
   20287      39.0181
   20288      38.9161
   20289      38.5283
   20290      38.7249
   20291      38.7651
   20292      38.9311
   20293      39.1377
   20294      38.8391
   20295      39.2391
   20296      39.0313
   20297      38.7500
   20298      38.9327
   20299      38.3239
   20300      38.6360
   20301      38.5340
   20302      38.4664
   20303      38.4660
   20304      38.7182
   20305      38.6461
   20306      38.7996
   20307      38.6137
   20308      38.8720
   20309      38.4031
   20310      38.6752
   20311      38.6921
   20312      38.4215
   20313      38.5444
   20314      38.8546
   20315      38.7794
   20316      38.6587
   20317      38.7711
   20318      38.6204
   20319      38.3093
   20320      38.7795
   20321      38.8829
   20322      38.7577
   20323      38.9497
   20324      38.4804
   20325      39.1265
   20326      38.8647
   20327      38.8517
   20328      39.0747
   20329      39.2988
   20330      38.7700
   20331      38.7543
   20332      38.7196
   20333      38.8962
   20334      38.8840
   20335      39.0893
   20336      38.5658
   20337      38.9997
   20338      38.5622
   20339      38.7629
   20340      39.1689
   20341      38.4747
   20342      39.1198
   20343      38.9509
   20344      38.5964
   20345      39.2444
   20346      38.6652
   20347      38.8734
   20348      38.8043
   20349      38.9156
   20350      38.9555
   20351      38.6775
   20352      38.9830
   20353      38.3180
   20354      38.5455
   20355      38.4678
   20356      38.6704
   20357      38.5002
   20358      38.4606
   20359      38.4660
   20360      39.0014
   20361      38.8659
   20362      38.9228
   20363      38.9788
   20364      38.8330
   20365      39.3430
   20366      38.7830
   20367      39.0599
   20368      39.0251
   20369      38.5713
   20370      39.0644
   20371      39.0948
   20372      38.9149
   20373      38.5668
   20374      38.8700
   20375      38.7615
   20376      38.5504
   20377      38.6573
   20378      38.5581
   20379      39.1722
   20380      38.9487
   20381      38.4841
   20382      38.9768
   20383      38.7593
   20384      38.9439
   20385      38.9241
   20386      38.7911
   20387      38.5266
   20388      38.4752
   20389      39.0636
   20390      39.2935
   20391      39.2173
   20392      38.8802
   20393      38.7997
   20394      38.8868
   20395      38.9291
   20396      38.5303
   20397      38.5019
   20398      38.7410
   20399      38.9665
   20400      38.9908
   20401      39.1415
   20402      38.8572
   20403      39.1435
   20404      39.3932
   20405      39.0833
   20406      38.8994
   20407      38.7479
   20408      38.8351
   20409      39.3505
   20410      39.3342
   20411      38.9689
   20412      39.0779
   20413      39.0815
   20414      38.7750
   20415      39.0012
   20416      39.2354
   20417      38.9944
   20418      38.8197
   20419      39.2467
   20420      38.9328
   20421      38.9848
   20422      38.6464
   20423      38.4822
   20424      38.9483
   20425      38.6061
   20426      39.2293
   20427      38.8577
   20428      38.9656
   20429      38.8989
   20430      38.7086
   20431      38.6103
   20432      38.9519
   20433      38.9287
   20434      38.6571
   20435      38.8599
   20436      39.5856
   20437      39.2816
   20438      39.2908
   20439      38.7465
   20440      39.1619
   20441      38.8186
   20442      38.7758
   20443      38.7700
   20444      38.8700
   20445      38.6764
   20446      38.9850
   20447      39.0214
   20448      38.7676
   20449      38.5673
   20450      38.9487
   20451      39.5792
   20452      39.4912
   20453      38.9652
   20454      39.0649
   20455      39.1242
   20456      39.0656
   20457      39.0178
   20458      38.8763
   20459      38.5864
   20460      38.7958
   20461      39.2282
   20462      39.0521
   20463      38.6993
   20464      39.0790
   20465      39.0165
   20466      39.2098
   20467      38.6241
   20468      38.8420
   20469      38.5752
   20470      38.8649
   20471      38.5816
   20472      39.0845
   20473      38.9213
   20474      38.7884
   20475      38.9718
   20476      39.1553
   20477      38.9460
   20478      38.8361
   20479      38.5627
   20480      38.9961
   20481      39.0780
   20482      38.9459
   20483      39.3649
   20484      38.8887
   20485      38.9508
   20486      38.5721
   20487      38.6033
   20488      38.9814
   20489      39.2104
   20490      38.9610
   20491      39.4048
   20492      38.9929
   20493      39.0440
   20494      39.2151
   20495      39.3776
   20496      38.8653
   20497      38.8578
   20498      38.9716
   20499      38.9498
   20500      39.2633
   20501      38.8217
   20502      39.1735
   20503      38.9001
   20504      38.7056
   20505      38.8421
   20506      38.7131
   20507      38.8231
   20508      38.8311
   20509      38.8074
   20510      38.6879
   20511      38.8265
   20512      38.9073
   20513      38.9091
   20514      39.0505
   20515      38.9183
   20516      39.2548
   20517      39.0998
   20518      39.0845
   20519      39.0974
   20520      38.9672
   20521      38.9892
   20522      38.6925
   20523      38.4368
   20524      38.3784
   20525      38.6365
   20526      39.3063
   20527      38.8602
   20528      39.1804
   20529      38.9565
   20530      38.8188
   20531      38.8743
   20532      39.3150
   20533      39.0844
   20534      39.2694
   20535      39.0774
   20536      38.9700
   20537      38.9498
   20538      39.0682
   20539      39.5075
   20540      39.2418
   20541      39.0430
   20542      38.8697
   20543      38.9825
   20544      39.1058
   20545      38.8321
   20546      39.2687
   20547      39.2573
   20548      39.0292
   20549      39.1830
   20550      39.0227
   20551      39.0174
   20552      39.0366
   20553      39.2550
   20554      39.1797
   20555      39.0836
   20556      38.8227
   20557      38.9312
   20558      39.3618
   20559      38.9806
   20560      38.9193
   20561      38.7916
   20562      38.7401
   20563      38.6176
   20564      39.1218
   20565      38.8503
   20566      39.3801
   20567      39.2371
   20568      38.9156
   20569      39.0988
   20570      38.9864
   20571      38.6657
   20572      39.1767
   20573      39.5681
   20574      39.5937
   20575      38.9660
   20576      38.7944
   20577      39.2869
   20578      39.0163
   20579      39.4746
   20580      39.4825
   20581      38.8692
   20582      38.9529
   20583      39.2215
   20584      39.1394
   20585      38.9654
   20586      39.3522
   20587      39.2428
   20588      38.8522
   20589      39.1261
   20590      39.4082
   20591      39.2703
   20592      39.4019
   20593      39.1426
   20594      39.2867
   20595      39.1676
   20596      38.7666
   20597      39.0449
   20598      39.0348
   20599      39.1167
   20600      39.0492
   20601      39.1569
   20602      39.1745
   20603      38.7918
   20604      39.0292
   20605      39.2389
   20606      39.2314
   20607      39.2173
   20608      39.0442
   20609      39.1008
   20610      38.6707
   20611      38.7944
   20612      38.7839
   20613      39.0497
   20614      38.8710
   20615      39.0287
   20616      38.9973
   20617      39.0515
   20618      38.2163
   20619      38.5327
   20620      38.3764
   20621      38.7700
   20622      38.9885
   20623      38.6308
   20624      39.0439
   20625      39.3318
   20626      39.1864
   20627      38.5940
   20628      38.9879
   20629      38.6943
   20630      39.0839
   20631      38.9369
   20632      38.6466
   20633      39.1514
   20634      38.8664
   20635      38.7290
   20636      38.4614
   20637      39.2017
   20638      39.0082
   20639      38.8372
   20640      38.8982
   20641      39.0874
   20642      39.4264
   20643      39.0321
   20644      39.3819
   20645      39.2469
   20646      39.3428
   20647      38.7287
   20648      38.9061
   20649      38.7085
   20650      38.8316
   20651      38.7223
   20652      38.8286
   20653      38.7928
   20654      38.6279
   20655      38.7273
   20656      38.8219
   20657      38.6285
   20658      39.1324
   20659      39.0113
   20660      38.5204
   20661      38.7262
   20662      38.9102
   20663      39.0706
   20664      39.3426
   20665      39.1296
   20666      38.8775
   20667      38.7284
   20668      38.9813
   20669      39.1292
   20670      38.5697
   20671      39.0897
   20672      38.8098
   20673      39.2299
   20674      38.9597
   20675      39.2888
   20676      39.3613
   20677      39.0019
   20678      38.5790
   20679      39.0598
   20680      38.8997
   20681      39.2856
   20682      39.3313
   20683      39.5627
   20684      39.3075
   20685      39.1987
   20686      39.3255
   20687      38.6857
   20688      38.9912
   20689      38.8659
   20690      39.2033
   20691      39.2027
   20692      39.0445
   20693      38.9525
   20694      39.0745
   20695      39.2560
   20696      39.0843
   20697      38.5741
   20698      38.9570
   20699      38.8579
   20700      39.1141
   20701      39.1159
   20702      38.6944
   20703      39.2659
   20704      38.6643
   20705      39.0444
   20706      39.0369
   20707      39.2135
   20708      39.4481
   20709      39.2974
   20710      39.1535
   20711      38.8284
   20712      38.4561
   20713      39.1711
   20714      38.8150
   20715      38.7049
   20716      38.9783
   20717      39.1730
   20718      38.8978
   20719      38.8981
   20720      38.6559
   20721      39.0845
   20722      38.4418
   20723      38.7039
   20724      38.4174
   20725      38.7168
   20726      38.6114
   20727      38.5587
   20728      38.8450
   20729      38.6902
   20730      38.6751
   20731      39.3897
   20732      38.9615
   20733      38.7766
   20734      39.1594
   20735      39.0112
   20736      38.6968
   20737      38.5036
   20738      38.6071
   20739      38.4065
   20740      38.5392
   20741      38.2796
   20742      38.7199
   20743      38.8359
   20744      38.7798
   20745      39.1432
   20746      39.0154
   20747      38.8222
   20748      39.0245
   20749      38.7157
   20750      39.3911
   20751      39.0792
   20752      38.4433
   20753      39.0916
   20754      38.5919
   20755      38.7637
   20756      39.1934
   20757      39.2436
   20758      39.2770
   20759      39.1117
   20760      38.6582
   20761      38.8704
   20762      38.7333
   20763      39.2398
   20764      39.2629
   20765      39.5478
   20766      39.1367
   20767      39.3458
   20768      39.0192
   20769      38.9821
   20770      39.4543
   20771      39.5532
   20772      39.1236
   20773      38.8810
   20774      38.8062
   20775      39.2140
   20776      38.9893
   20777      38.9493
   20778      38.7739
   20779      38.9325
   20780      38.9250
   20781      38.9227
   20782      38.7221
   20783      38.4907
   20784      38.3640
   20785      38.7454
   20786      38.7319
   20787      38.9643
   20788      39.0894
   20789      39.0054
   20790      38.9445
   20791      39.4118
   20792      39.4201
   20793      39.4003
   20794      39.2144
   20795      39.0178
   20796      38.7201
   20797      39.0835
   20798      39.3139
   20799      39.0157
   20800      39.1906
   20801      39.1386
   20802      39.2382
   20803      39.1270
   20804      38.7343
   20805      38.3974
   20806      38.4815
   20807      38.4655
   20808      39.0262
   20809      38.9125
   20810      38.7845
   20811      38.6675
   20812      38.5785
   20813      38.8446
   20814      38.9851
   20815      38.9597
   20816      39.1904
   20817      39.2574
   20818      39.4384
   20819      38.9921
   20820      39.3889
   20821      39.3037
   20822      39.4054
   20823      39.4797
   20824      39.3527
   20825      39.5968
   20826      39.7378
   20827      40.2228
   20828      39.9280
   20829      39.9646
   20830      39.7786
   20831      39.2094
   20832      39.5165
   20833      39.2040
   20834      38.9685
   20835      39.3211
   20836      38.7119
   20837      39.5071
   20838      39.3996
   20839      38.8011
   20840      39.3920
   20841      39.3430
   20842      39.2392
   20843      39.2309
   20844      39.2235
   20845      39.1779
   20846      39.8676
   20847      39.5990
   20848      39.3985
   20849      38.9061
   20850      39.3240
   20851      39.3728
   20852      39.3110
   20853      38.7534
   20854      39.2899
   20855      38.8512
   20856      39.2059
   20857      39.3168
   20858      39.0184
   20859      39.7079
   20860      39.2569
   20861      39.3231
   20862      39.2462
   20863      39.3222
   20864      39.0134
   20865      38.8812
   20866      39.1924
   20867      39.0145
   20868      39.1047
   20869      39.1678
   20870      39.3630
   20871      39.2397
   20872      39.2597
   20873      39.2804
   20874      39.1508
   20875      39.2840
   20876      38.8815
   20877      39.0800
   20878      39.3066
   20879      39.2769
   20880      39.1903
   20881      39.0155
   20882      39.3129
   20883      38.6044
   20884      39.1920
   20885      39.6067
   20886      39.8370
   20887      39.4271
   20888      39.7421
   20889      38.8590
   20890      38.8704
   20891      38.8222
   20892      38.5240
   20893      39.5423
   20894      39.2272
   20895      39.5508
   20896      39.1394
   20897      39.1505
   20898      39.3403
   20899      39.3939
   20900      38.9117
   20901      39.2277
   20902      39.1331
   20903      38.9294
   20904      39.1045
   20905      39.1682
   20906      39.5382
   20907      39.5343
   20908      39.0770
   20909      39.3172
   20910      39.8205
   20911      39.3663
   20912      39.3300
   20913      39.1599
   20914      39.6115
   20915      39.0292
   20916      38.8091
   20917      38.6662
   20918      38.7136
   20919      38.5814
   20920      38.8205
   20921      38.7711
   20922      38.9839
   20923      38.9060
   20924      39.0326
   20925      39.3481
   20926      38.6187
   20927      39.2810
   20928      39.4781
   20929      38.8373
   20930      38.7267
   20931      38.8952
   20932      38.8028
   20933      39.0757
   20934      39.0284
   20935      38.7541
   20936      39.2139
   20937      39.0574
   20938      38.7372
   20939      38.8426
   20940      38.9539
   20941      38.7676
   20942      39.1421
   20943      38.8186
   20944      38.8932
   20945      38.7605
   20946      38.8585
   20947      39.0430
   20948      39.0611
   20949      38.8269
   20950      38.7484
   20951      39.0337
   20952      39.1950
   20953      39.1677
   20954      39.0968
   20955      38.9574
   20956      39.2126
   20957      39.0511
   20958      38.7854
   20959      38.7353
   20960      38.3531
   20961      38.2449
   20962      38.7463
   20963      38.5033
   20964      38.9179
   20965      38.6519
   20966      39.1661
   20967      39.0685
   20968      39.1039
   20969      39.1269
   20970      39.3199
   20971      38.6767
   20972      38.9655
   20973      38.4212
   20974      38.3515
   20975      38.7906
   20976      38.8693
   20977      38.8634
   20978      39.1477
   20979      39.0808
   20980      39.2922
   20981      38.6856
   20982      38.8432
   20983      38.8632
   20984      39.0538
   20985      39.1026
   20986      39.0061
   20987      38.6367
   20988      38.6628
   20989      38.6703
   20990      39.0444
   20991      39.1123
   20992      39.1411
   20993      38.7830
   20994      39.0345
   20995      39.1719
   20996      39.2497
   20997      38.9246
   20998      39.0638
   20999      38.9751
   21000      38.8979
   21001      38.8065
   21002      38.9095
   21003      39.4264
   21004      39.2576
   21005      39.1713
   21006      39.0801
   21007      39.3000
   21008      39.3151
   21009      39.3180
   21010      38.8596
   21011      38.9510
   21012      39.1459
   21013      39.0813
   21014      38.6717
   21015      38.5684
   21016      38.4247
   21017      38.6641
   21018      39.0479
   21019      39.1405
   21020      38.7759
   21021      38.5935
   21022      38.8904
   21023      38.3305
   21024      38.2567
   21025      38.4898
   21026      38.4633
   21027      38.5802
   21028      38.1371
   21029      38.2409
   21030      38.2243
   21031      38.5661
   21032      38.2468
   21033      38.4179
   21034      38.2125
   21035      38.3369
   21036      38.6472
   21037      38.5035
   21038      38.1962
   21039      38.6164
   21040      38.2936
   21041      38.4721
   21042      38.5654
   21043      38.3371
   21044      38.6370
   21045      38.8420
   21046      39.0820
   21047      38.8455
   21048      38.3157
   21049      38.4078
   21050      38.3047
   21051      38.0606
   21052      38.5684
   21053      38.9555
   21054      38.4239
   21055      38.5764
   21056      38.4094
   21057      38.6735
   21058      38.6789
   21059      38.4589
   21060      38.2401
   21061      38.2226
   21062      38.2750
   21063      38.4585
   21064      38.6042
   21065      38.6172
   21066      39.1257
   21067      38.8991
   21068      38.7115
   21069      39.0968
   21070      39.0456
   21071      39.3829
   21072      39.8711
   21073      39.4109
   21074      39.5097
   21075      39.2365
   21076      39.9591
   21077      39.4472
   21078      39.2624
   21079      39.1178
   21080      39.1811
   21081      38.9896
   21082      38.8239
   21083      38.7688
   21084      39.1498
   21085      38.7557
   21086      39.0989
   21087      39.0923
   21088      39.2339
   21089      38.8768
   21090      39.2719
   21091      38.9391
   21092      38.7828
   21093      39.4561
   21094      39.4074
   21095      39.2989
   21096      39.2662
   21097      39.6486
   21098      38.4910
   21099      38.6503
   21100      38.9644
   21101      39.1085
   21102      38.5296
   21103      38.9069
   21104      38.8770
   21105      39.0511
   21106      39.0453
   21107      38.9068
   21108      38.5891
   21109      39.0181
   21110      38.8510
   21111      39.0552
   21112      39.1425
   21113      39.0976
   21114      38.8698
   21115      38.8601
   21116      38.9673
   21117      38.9780
   21118      38.7699
   21119      38.8312
   21120      38.9243
   21121      39.1233
   21122      39.1667
   21123      39.1359
   21124      39.7089
   21125      39.3530
   21126      39.1415
   21127      39.3077
   21128      39.0732
   21129      39.2783
   21130      39.0483
   21131      39.1215
   21132      39.2624
   21133      39.1205
   21134      39.3041
   21135      38.9957
   21136      39.2805
   21137      39.1393
   21138      39.3945
   21139      39.3921
   21140      39.3947
   21141      39.5010
   21142      39.2889
   21143      39.3585
   21144      39.1853
   21145      38.5732
   21146      39.2027
   21147      38.8772
   21148      39.1983
   21149      39.0744
   21150      39.2938
   21151      39.5383
   21152      39.3672
   21153      39.5581
   21154      39.4702
   21155      39.6097
   21156      39.2891
   21157      39.4941
   21158      39.6552
   21159      39.4515
   21160      39.3343
   21161      39.4147
   21162      39.4932
   21163      39.2617
   21164      39.5292
   21165      39.1641
   21166      39.3759
   21167      39.5331
   21168      39.2102
   21169      39.4328
   21170      39.2635
   21171      39.3245
   21172      39.1651
   21173      38.8762
   21174      39.1169
   21175      38.8592
   21176      39.1831
   21177      39.0422
   21178      39.3714
   21179      39.3510
   21180      39.8541
   21181      39.5729
   21182      40.0087
   21183      39.4643
   21184      39.6493
   21185      39.4843
   21186      39.2595
   21187      39.3907
   21188      39.6800
   21189      39.5634
   21190      39.4061
   21191      39.3873
   21192      39.3683
   21193      39.3979
   21194      39.4827
   21195      39.2688
   21196      39.7511
   21197      39.4558
   21198      39.8111
   21199      39.7099
   21200      39.5860
   21201      39.2203
   21202      39.4524
   21203      39.2374
   21204      39.1524
   21205      39.5198
   21206      39.3699
   21207      39.6601
   21208      39.3389
   21209      39.3465
   21210      39.7329
   21211      39.3238
   21212      39.1987
   21213      38.8829
   21214      39.3849
   21215      39.1850
   21216      38.9931
   21217      39.7448
   21218      39.4335
   21219      39.4180
   21220      39.6149
   21221      39.2553
   21222      39.4867
   21223      39.3088
   21224      38.9955
   21225      38.9297
   21226      39.5420
   21227      39.6589
   21228      39.4347
   21229      39.0207
   21230      39.2968
   21231      39.2717
   21232      39.2839
   21233      38.7731
   21234      38.9194
   21235      39.1504
   21236      38.6736
   21237      39.0058
   21238      39.2117
   21239      39.0460
   21240      39.2616
   21241      39.4293
   21242      39.0959
   21243      39.1642
   21244      39.4389
   21245      39.3237
   21246      39.2087
   21247      39.6016
   21248      39.1892
   21249      39.2124
   21250      39.1676
   21251      38.7836
   21252      39.2492
   21253      39.1938
   21254      39.2707
   21255      39.0803
   21256      39.1029
   21257      39.7875
   21258      39.4782
   21259      39.5253
   21260      39.3962
   21261      39.7683
   21262      39.4405
   21263      39.5791
   21264      39.3094
   21265      39.3885
   21266      38.5785
   21267      39.0452
   21268      39.1327
   21269      38.9142
   21270      38.9579
   21271      38.6384
   21272      39.1592
   21273      39.2533
   21274      38.9424
   21275      39.2647
   21276      39.6419
   21277      39.4215
   21278      39.3424
   21279      39.3751
   21280      38.7910
   21281      39.3622
   21282      39.2288
   21283      39.4055
   21284      39.5570
   21285      39.6019
   21286      39.3933
   21287      39.2579
   21288      39.4170
   21289      39.7199
   21290      39.2996
   21291      39.5255
   21292      39.4996
   21293      39.2661
   21294      39.0658
   21295      39.3587
   21296      39.5411
   21297      39.2221
   21298      39.3088
   21299      39.1315
   21300      39.5833
   21301      39.4450
   21302      39.2043
   21303      39.4001
   21304      39.2792
   21305      39.3269
   21306      39.7129
   21307      39.2166
   21308      39.1379
   21309      39.2728
   21310      39.5966
   21311      39.2334
   21312      39.0923
   21313      39.1881
   21314      39.0942
   21315      39.1309
   21316      39.1531
   21317      39.4586
   21318      38.7749
   21319      39.3298
   21320      39.2350
   21321      39.3402
   21322      39.3214
   21323      39.1941
   21324      39.4973
   21325      39.5160
   21326      39.4747
   21327      39.3518
   21328      39.3014
   21329      39.3217
   21330      39.6408
   21331      39.1391
   21332      39.6899
   21333      39.4548
   21334      39.4632
   21335      39.5814
   21336      39.2204
   21337      39.1682
   21338      39.2900
   21339      39.2831
   21340      38.9212
   21341      39.2119
   21342      39.2568
   21343      39.1151
   21344      38.9011
   21345      38.9191
   21346      38.7620
   21347      39.0577
   21348      38.9530
   21349      38.9271
   21350      39.0049
   21351      39.1082
   21352      39.0911
   21353      39.3083
   21354      39.1539
   21355      39.1415
   21356      39.2792
   21357      39.3053
   21358      39.3317
   21359      39.3517
   21360      39.2353
   21361      39.3555
   21362      39.4214
   21363      39.3115
   21364      39.1943
   21365      39.3747
   21366      38.8800
   21367      39.2382
   21368      39.0223
   21369      39.2335
   21370      39.0218
   21371      39.2267
   21372      39.2550
   21373      39.1527
   21374      39.6619
   21375      39.5715
   21376      39.3274
   21377      39.5564
   21378      39.1326
   21379      39.2536
   21380      39.6802
   21381      39.4586
   21382      39.3163
   21383      39.6448
   21384      39.0341
   21385      39.1287
   21386      39.4958
   21387      39.3745
   21388      39.1155
   21389      39.0720
   21390      39.3003
   21391      38.6038
   21392      38.6239
   21393      39.2388
   21394      39.3419
   21395      39.2716
   21396      39.3602
   21397      39.3104
   21398      39.4399
   21399      39.3532
   21400      39.1657
   21401      38.8994
   21402      39.4813
   21403      39.2324
   21404      39.4558
   21405      39.5498
   21406      38.7183
   21407      39.2485
   21408      39.4739
   21409      39.4269
   21410      39.3389
   21411      39.2259
   21412      39.0837
   21413      38.9585
   21414      38.7471
   21415      38.7203
   21416      39.0484
   21417      38.9770
   21418      38.5776
   21419      38.9552
   21420      39.2999
   21421      38.7289
   21422      39.4351
   21423      39.3321
   21424      39.3023
   21425      39.1777
   21426      39.3268
   21427      39.0721
   21428      39.3170
   21429      39.0714
   21430      38.5084
   21431      38.7688
   21432      38.7077
   21433      38.6756
   21434      38.9421
   21435      39.1356
   21436      38.5903
   21437      38.8810
   21438      39.1224
   21439      39.3163
   21440      38.9528
   21441      39.1931
   21442      39.3954
   21443      38.8742
   21444      39.2069
   21445      39.3466
   21446      39.6179
   21447      39.5464
   21448      39.3709
   21449      39.6743
   21450      39.0150
   21451      39.4529
   21452      39.2924
   21453      39.4274
   21454      39.5961
   21455      39.3360
   21456      39.4857
   21457      39.1993
   21458      39.2765
   21459      39.5935
   21460      39.7724
   21461      39.5615
   21462      39.4296
   21463      39.9751
   21464      39.3292
   21465      39.3454
   21466      39.0353
   21467      39.4514
   21468      39.2658
   21469      39.4301
   21470      39.3777
   21471      39.2359
   21472      39.3174
   21473      38.9205
   21474      38.4695
   21475      38.8487
   21476      38.5323
   21477      39.2460
   21478      39.0535
   21479      39.1967
   21480      39.1377
   21481      39.0381
   21482      39.4257
   21483      39.4251
   21484      38.9353
   21485      39.1418
   21486      38.6618
   21487      38.9246
   21488      39.2284
   21489      38.9980
   21490      38.9556
   21491      39.0964
   21492      39.1139
   21493      39.5449
   21494      39.4161
   21495      39.2639
   21496      39.3092
   21497      39.3829
   21498      39.2696
   21499      39.2531
   21500      39.1248
   21501      39.7084
   21502      39.6269
   21503      39.4270
   21504      39.5605
   21505      39.5004
   21506      39.1150
   21507      38.7459
   21508      38.8859
   21509      39.0216
   21510      39.0986
   21511      38.9455
   21512      38.8656
   21513      38.8611
   21514      39.2256
   21515      39.1441
   21516      39.1119
   21517      39.0068
   21518      39.1824
   21519      38.9069
   21520      39.1264
   21521      38.7320
   21522      38.9854
   21523      39.4299
   21524      39.3535
   21525      39.1552
   21526      38.8935
   21527      38.9955
   21528      38.8066
   21529      39.1168
   21530      38.9908
   21531      39.0946
   21532      39.3071
   21533      39.5842
   21534      39.5739
   21535      39.1084
   21536      39.4758
   21537      38.8757
   21538      39.3666
   21539      39.1317
   21540      39.1668
   21541      39.2511
   21542      39.2323
   21543      39.2938
   21544      39.2980
   21545      38.8601
   21546      38.8573
   21547      39.3167
   21548      38.8692
   21549      38.7701
   21550      39.0071
   21551      39.0394
   21552      39.0354
   21553      38.9146
   21554      38.9658
   21555      39.0797
   21556      38.9603
   21557      39.0214
   21558      39.0123
   21559      38.8951
   21560      38.9238
   21561      38.8855
   21562      39.0829
   21563      38.8527
   21564      38.7900
   21565      39.2281
   21566      38.9763
   21567      39.3897
   21568      39.0669
   21569      39.1628
   21570      39.0006
   21571      39.1256
   21572      39.3317
   21573      39.0274
   21574      39.0824
   21575      38.9809
   21576      39.1194
   21577      38.9458
   21578      38.7900
   21579      39.0102
   21580      38.8522
   21581      38.7441
   21582      39.0765
   21583      38.8777
   21584      38.9114
   21585      38.8907
   21586      39.2069
   21587      38.9694
   21588      38.5117
   21589      38.9411
   21590      38.8072
   21591      38.9982
   21592      39.3159
   21593      39.4035
   21594      39.1074
   21595      39.2125
   21596      38.9800
   21597      38.9779
   21598      38.9884
   21599      38.6843
   21600      39.2246
   21601      39.1127
   21602      38.9473
   21603      39.3781
   21604      39.3181
   21605      39.3478
   21606      39.5769
   21607      39.2286
   21608      38.9825
   21609      39.0764
   21610      38.9524
   21611      39.0099
   21612      38.9815
   21613      39.1288
   21614      39.3909
   21615      39.4197
   21616      39.2325
   21617      38.7975
   21618      39.1426
   21619      39.4326
   21620      39.2309
   21621      39.7566
   21622      39.2618
   21623      39.3442
   21624      38.9337
   21625      38.9673
   21626      39.2487
   21627      38.9720
   21628      39.1110
   21629      38.9100
   21630      38.8242
   21631      38.9086
   21632      38.4659
   21633      38.6671
   21634      38.8370
   21635      38.8346
   21636      39.3153
   21637      39.1334
   21638      39.1555
   21639      39.5594
   21640      39.2334
   21641      39.1448
   21642      39.0685
   21643      39.3692
   21644      39.3201
   21645      39.2201
   21646      39.0512
   21647      39.0996
   21648      39.0482
   21649      39.0471
   21650      39.2392
   21651      39.1854
   21652      39.1718
   21653      39.1713
   21654      39.0172
   21655      39.0190
   21656      38.8253
   21657      38.9774
   21658      39.0426
   21659      39.2106
   21660      39.5560
   21661      39.6268
   21662      39.1146
   21663      38.9906
   21664      38.8785
   21665      38.8909
   21666      38.7091
   21667      38.9818
   21668      38.6690
   21669      38.9485
   21670      39.2672
   21671      39.0076
   21672      39.0459
   21673      38.8167
   21674      39.1218
   21675      38.7380
   21676      39.2147
   21677      38.8958
   21678      38.8348
   21679      38.7516
   21680      39.2435
   21681      38.8422
   21682      38.8754
   21683      39.1207
   21684      39.0549
   21685      38.8851
   21686      39.3675
   21687      38.9680
   21688      38.9287
   21689      39.0723
   21690      39.1718
   21691      39.3703
   21692      39.3248
   21693      39.3465
   21694      39.4343
   21695      39.1144
   21696      39.4238
   21697      39.2600
   21698      38.9769
   21699      38.9371
   21700      38.9681
   21701      38.7668
   21702      38.6069
   21703      38.4540
   21704      39.3386
   21705      38.8863
   21706      39.0850
   21707      39.0857
   21708      38.7258
   21709      39.1133
   21710      38.8986
   21711      38.7604
   21712      38.8919
   21713      39.1722
   21714      39.2046
   21715      39.2877
   21716      39.2269
   21717      38.9508
   21718      39.1204
   21719      39.1523
   21720      39.3717
   21721      39.6192
   21722      39.4245
   21723      39.3212
   21724      38.7813
   21725      39.1276
   21726      39.0299
   21727      38.9308
   21728      39.0112
   21729      38.3574
   21730      38.6470
   21731      38.5692
   21732      38.7634
   21733      39.3443
   21734      38.7836
   21735      39.1134
   21736      38.9649
   21737      38.7312
   21738      38.5967
   21739      39.0908
   21740      39.0673
   21741      38.9580
   21742      38.9801
   21743      38.8620
   21744      38.5491
   21745      39.0661
   21746      38.7155
   21747      38.9331
   21748      38.8249
   21749      38.4883
   21750      38.7321
   21751      38.5922
   21752      38.7473
   21753      38.5291
   21754      38.3768
   21755      38.5024
   21756      38.5560
   21757      38.5151
   21758      38.7724
   21759      38.5885
   21760      38.7685
   21761      39.0620
   21762      38.6932
   21763      38.4889
   21764      38.3137
   21765      39.0586
   21766      39.0712
   21767      38.9431
   21768      39.2852
   21769      39.1292
   21770      39.1521
   21771      39.0154
   21772      38.8533
   21773      38.8723
   21774      39.1598
   21775      39.0757
   21776      38.6526
   21777      38.4239
   21778      38.6406
   21779      38.8504
   21780      38.6817
   21781      38.9339
   21782      38.6435
   21783      38.6458
   21784      38.8367
   21785      38.6107
   21786      38.4885
   21787      38.5174
   21788      38.4300
   21789      38.7553
   21790      39.1435
   21791      39.0646
   21792      39.2533
   21793      39.0492
   21794      39.4501
   21795      39.3466
   21796      39.1784
   21797      39.1223
   21798      38.7746
   21799      38.9939
   21800      38.9734
   21801      38.9342
   21802      39.0625
   21803      38.5563
   21804      38.8113
   21805      39.2025
   21806      39.2168
   21807      39.2419
   21808      39.3083
   21809      39.3937
   21810      39.4584
   21811      39.3540
   21812      39.6497
   21813      39.7262
   21814      39.4688
   21815      39.7031
   21816      39.6419
   21817      40.0292
   21818      39.9066
   21819      39.9248
   21820      39.5171
   21821      39.7097
   21822      39.5095
   21823      38.8780
   21824      38.8451
   21825      39.0993
   21826      38.8809
   21827      38.8175
   21828      39.1767
   21829      38.9892
   21830      39.2546
   21831      39.2034
   21832      38.9532
   21833      39.0451
   21834      38.8322
   21835      39.1519
   21836      38.7955
   21837      38.9575
   21838      39.1472
   21839      39.0928
   21840      39.2559
   21841      39.1017
   21842      39.2785
   21843      39.0972
   21844      39.2770
   21845      39.2097
   21846      38.8841
   21847      39.2808
   21848      38.9542
   21849      39.1358
   21850      38.9546
   21851      38.7571
   21852      39.0789
   21853      39.0519
   21854      39.3307
   21855      38.5882
   21856      38.5946
   21857      38.3810
   21858      38.4908
   21859      38.6661
   21860      38.3948
   21861      38.8462
   21862      38.9305
   21863      39.0796
   21864      39.0047
   21865      38.6639
   21866      38.7020
   21867      38.9378
   21868      38.8733
   21869      38.8064
   21870      38.9655
   21871      38.8209
   21872      38.8270
   21873      39.0462
   21874      38.8264
   21875      39.1372
   21876      39.2319
   21877      39.2733
   21878      39.0226
   21879      38.8583
   21880      38.5113
   21881      38.6436
   21882      38.7054
   21883      39.0295
   21884      38.9590
   21885      39.1591
   21886      39.0140
   21887      38.9924
   21888      39.1266
   21889      39.1231
   21890      39.1630
   21891      38.8672
   21892      39.0749
   21893      39.2417
   21894      39.0346
   21895      38.9422
   21896      38.9941
   21897      39.2953
   21898      38.9436
   21899      38.9940
   21900      38.7110
   21901      38.7584
   21902      38.8641
   21903      38.9484
   21904      39.0547
   21905      38.6749
   21906      39.0844
   21907      38.7202
   21908      38.6267
   21909      38.5913
   21910      38.5587
   21911      38.6077
   21912      38.6456
   21913      39.1161
   21914      39.1212
   21915      38.6958
   21916      38.5252
   21917      39.2187
   21918      39.1220
   21919      38.9997
   21920      39.2072
   21921      39.1415
   21922      39.3182
   21923      39.2991
   21924      39.2462
   21925      39.3271
   21926      39.2480
   21927      39.2943
   21928      39.5984
   21929      39.6998
   21930      39.3966
   21931      39.2711
   21932      39.4158
   21933      39.1693
   21934      38.7429
   21935      38.8203
   21936      38.7601
   21937      39.0885
   21938      39.3023
   21939      39.4808
   21940      39.4253
   21941      39.5965
   21942      38.9520
   21943      39.0072
   21944      38.5619
   21945      38.8985
   21946      38.9808
   21947      39.0842
   21948      39.1853
   21949      38.9169
   21950      39.3641
   21951      38.9826
   21952      39.1743
   21953      39.0266
   21954      39.0749
   21955      38.7454
   21956      38.9995
   21957      38.6070
   21958      38.6537
   21959      39.0648
   21960      38.7992
   21961      38.9774
   21962      39.1169
   21963      39.0636
   21964      38.6648
   21965      39.1923
   21966      39.0428
   21967      38.9165
   21968      38.9130
   21969      38.9063
   21970      38.8065
   21971      38.6335
   21972      39.0707
   21973      38.8699
   21974      39.1518
   21975      39.1015
   21976      39.4546
   21977      39.3245
   21978      39.0204
   21979      38.9591
   21980      38.6006
   21981      38.9259
   21982      38.5957
   21983      38.9088
   21984      39.1043
   21985      39.1289
   21986      39.1648
   21987      39.0465
   21988      38.9400
   21989      38.8628
   21990      39.1092
   21991      38.9933
   21992      39.2857
   21993      38.8430
   21994      38.0819
   21995      38.7243
   21996      39.0443
   21997      38.9822
   21998      39.3541
   21999      39.2283
   22000      39.4242
   22001      39.0747
   22002      38.9211
   22003      39.0043
   22004      39.2691
   22005      39.2803
   22006      39.1828
   22007      39.2642
   22008      39.3621
   22009      39.2447
   22010      39.1173
   22011      38.9793
   22012      38.9684
   22013      38.9287
   22014      39.1142
   22015      39.0524
   22016      38.9149
   22017      38.7037
   22018      39.0742
   22019      39.1058
   22020      39.2240
   22021      39.7019
   22022      39.3666
   22023      39.3953
   22024      39.4820
   22025      39.6987
   22026      39.6338
   22027      39.6927
   22028      39.6281
   22029      39.6470
   22030      39.6929
   22031      39.7394
   22032      39.3273
   22033      39.4004
   22034      39.8016
   22035      39.7403
   22036      39.2065
   22037      39.4610
   22038      39.1342
   22039      38.8896
   22040      39.2500
   22041      39.3739
   22042      39.1527
   22043      39.2868
   22044      39.2397
   22045      39.3515
   22046      38.7537
   22047      39.1273
   22048      39.2116
   22049      39.0560
   22050      39.3939
   22051      39.3114
   22052      39.3278
   22053      39.3939
   22054      39.2067
   22055      39.0458
   22056      39.1466
   22057      38.6891
   22058      39.2964
   22059      39.5990
   22060      39.2750
   22061      38.9419
   22062      39.1974
   22063      38.8757
   22064      39.0176
   22065      38.8316
   22066      38.8409
   22067      39.0523
   22068      39.2788
   22069      39.4552
   22070      39.3670
   22071      38.9985
   22072      38.9897
   22073      38.9195
   22074      39.2238
   22075      39.0944
   22076      38.9989
   22077      39.3428
   22078      39.5107
   22079      39.1902
   22080      39.3218
   22081      39.4115
   22082      39.6237
   22083      39.3691
   22084      39.5262
   22085      39.3186
   22086      39.3635
   22087      39.0185
   22088      39.3244
   22089      39.3112
   22090      39.3839
   22091      39.3046
   22092      39.5057
   22093      39.3852
   22094      39.3094
   22095      39.4242
   22096      39.6613
   22097      39.2564
   22098      39.0026
   22099      38.9626
   22100      38.6979
   22101      39.0239
   22102      38.8803
   22103      39.1641
   22104      38.9191
   22105      39.2094
   22106      39.1240
   22107      39.0897
   22108      39.2832
   22109      39.1933
   22110      39.2593
   22111      39.4047
   22112      39.1290
   22113      39.1688
   22114      38.9760
   22115      38.8344
   22116      38.9990
   22117      38.8977
   22118      38.9141
   22119      39.1369
   22120      39.6110
   22121      39.2283
   22122      39.0961
   22123      38.8129
   22124      39.0042
   22125      38.4875
   22126      39.2829
   22127      38.9737
   22128      39.3885
   22129      38.7335
   22130      38.7071
   22131      38.5407
   22132      39.0040
   22133      39.3261
   22134      38.8514
   22135      38.8601
   22136      39.0020
   22137      38.9358
   22138      39.3692
   22139      39.7547
   22140      39.3678
   22141      39.0756
   22142      39.2731
   22143      39.0420
   22144      39.0645
   22145      38.7246
   22146      38.7933
   22147      39.0392
   22148      39.4091
   22149      38.9370
   22150      38.7934
   22151      38.9714
   22152      39.0605
   22153      39.2178
   22154      39.4649
   22155      39.0234
   22156      38.9135
   22157      38.8227
   22158      39.2693
   22159      38.8164
   22160      38.8738
   22161      38.9201
   22162      38.9601
   22163      39.2275
   22164      39.1172
   22165      39.0632
   22166      38.8721
   22167      38.9611
   22168      38.9713
   22169      39.1394
   22170      39.1149
   22171      38.8001
   22172      39.2456
   22173      38.7842
   22174      39.0095
   22175      39.0924
   22176      39.0636
   22177      38.8158
   22178      38.9851
   22179      38.9119
   22180      38.5972
   22181      39.0860
   22182      39.0011
   22183      38.9618
   22184      38.8774
   22185      38.8775
   22186      38.6090
   22187      38.6081
   22188      38.6682
   22189      38.9704
   22190      39.0615
   22191      39.1434
   22192      39.2611
   22193      39.1331
   22194      38.9784
   22195      38.6177
   22196      38.6485
   22197      38.6199
   22198      38.9919
   22199      39.2139
   22200      39.2071
   22201      38.8895
   22202      39.0138
   22203      38.6774
   22204      38.8677
   22205      39.1701
   22206      38.9928
   22207      39.0171
   22208      39.0093
   22209      39.0554
   22210      39.0968
   22211      39.2306
   22212      38.9002
   22213      39.0266
   22214      39.2405
   22215      39.2769
   22216      38.9612
   22217      39.4590
   22218      38.9991
   22219      39.1780
   22220      39.0819
   22221      38.9765
   22222      38.9538
   22223      39.2611
   22224      39.4722
   22225      39.1215
   22226      38.9512
   22227      38.7728
   22228      38.7799
   22229      38.5572
   22230      39.0701
   22231      38.7614
   22232      38.6610
   22233      38.9581
   22234      38.8094
   22235      38.5663
   22236      39.0452
   22237      39.2356
   22238      38.5820
   22239      38.8118
   22240      38.8333
   22241      39.0902
   22242      38.8947
   22243      38.7392
   22244      38.5671
   22245      38.9522
   22246      38.7207
   22247      38.9331
   22248      39.2093
   22249      38.8247
   22250      38.8704
   22251      39.0846
   22252      38.8676
   22253      39.3979
   22254      38.9407
   22255      38.7573
   22256      38.8308
   22257      39.0040
   22258      38.9176
   22259      39.0831
   22260      39.2091
   22261      38.7989
   22262      39.2080
   22263      39.2380
   22264      39.1468
   22265      38.7377
   22266      38.9245
   22267      39.1771
   22268      39.5456
   22269      38.8908
   22270      38.8739
   22271      38.8632
   22272      38.8734
   22273      39.2823
   22274      39.1859
   22275      39.1761
   22276      39.1206
   22277      38.6382
   22278      39.2453
   22279      39.3975
   22280      38.7110
   22281      39.3086
   22282      39.3270
   22283      39.1739
   22284      38.8359
   22285      39.0689
   22286      39.2144
   22287      38.7144
   22288      38.7860
   22289      38.8558
   22290      39.2580
   22291      39.0394
   22292      39.0920
   22293      38.8201
   22294      39.0706
   22295      39.1410
   22296      39.2490
   22297      38.7832
   22298      38.8025
   22299      38.6619
   22300      39.1238
   22301      39.2265
   22302      38.9179
   22303      39.0182
   22304      39.1761
   22305      38.9994
   22306      39.1069
   22307      39.0401
   22308      38.9811
   22309      39.5099
   22310      39.0103
   22311      39.6256
   22312      39.5971
   22313      39.1980
   22314      38.9204
   22315      39.0954
   22316      39.0917
   22317      38.9905
   22318      39.1223
   22319      38.9796
   22320      38.9039
   22321      38.8051
   22322      38.8823
   22323      38.3770
   22324      38.4950
   22325      38.7905
   22326      38.8034
   22327      39.0029
   22328      38.9870
   22329      39.4896
   22330      38.7021
   22331      38.8915
   22332      38.5446
   22333      38.8153
   22334      38.8505
   22335      39.3276
   22336      38.8975
   22337      38.7545
   22338      38.7914
   22339      39.2204
   22340      39.5040
   22341      39.4874
   22342      39.1764
   22343      38.8696
   22344      39.0674
   22345      39.2389
   22346      39.1529
   22347      38.8998
   22348      38.6929
   22349      38.7415
   22350      39.0186
   22351      39.0597
   22352      38.9123
   22353      38.8852
   22354      39.3602
   22355      38.7882
   22356      38.8218
   22357      39.2247
   22358      38.5943
   22359      38.4821
   22360      38.8698
   22361      38.8375
   22362      38.8563
   22363      39.1812
   22364      38.9880
   22365      38.5206
   22366      38.4681
   22367      38.5310
   22368      38.9833
   22369      38.9572
   22370      38.7093
   22371      38.9414
   22372      39.2421
   22373      39.0027
   22374      39.5652
   22375      38.9835
   22376      39.0925
   22377      39.2560
   22378      39.0973
   22379      39.0147
   22380      39.0752
   22381      38.9695
   22382      38.9714
   22383      38.9242
   22384      39.0149
   22385      39.0755
   22386      39.0066
   22387      38.6519
   22388      38.7253
   22389      38.9349
   22390      38.7294
   22391      38.8463
   22392      39.1950
   22393      38.7237
   22394      38.8157
   22395      38.5433
   22396      38.4331
   22397      38.8099
   22398      38.8781
   22399      39.2470
   22400      39.0735
   22401      39.1175
   22402      39.0835
   22403      39.1948
   22404      38.6801
   22405      38.7134
   22406      38.9966
   22407      38.5168
   22408      38.4605
   22409      38.5632
   22410      38.2210
   22411      38.4485
   22412      38.5668
   22413      38.4951
   22414      38.7358
   22415      38.7084
   22416      39.0829
   22417      39.1098
   22418      38.7783
   22419      38.1884
   22420      38.5692
   22421      38.7690
   22422      38.7932
   22423      38.8679
   22424      38.9773
   22425      39.4225
   22426      39.6444
   22427      39.2752
   22428      39.5059
   22429      38.8360
   22430      39.2727
   22431      39.2652
   22432      39.0437
   22433      38.8739
   22434      39.2159
   22435      39.1259
   22436      39.3725
   22437      39.6877
   22438      39.7494
   22439      39.6391
   22440      39.2561
   22441      39.0274
   22442      38.9032
   22443      39.3931
   22444      38.6089
   22445      38.9845
   22446      39.0212
   22447      39.2538
   22448      39.3200
   22449      38.8115
   22450      39.3291
   22451      39.2197
   22452      38.8621
   22453      38.8495
   22454      38.7479
   22455      39.1485
   22456      39.0819
   22457      38.9483
   22458      38.8316
   22459      38.6608
   22460      39.0786
   22461      38.9158
   22462      39.1768
   22463      38.8920
   22464      39.1267
   22465      39.1583
   22466      38.6068
   22467      38.9789
   22468      39.1475
   22469      39.3900
   22470      39.1878
   22471      39.4491
   22472      39.1287
   22473      39.3624
   22474      39.3266
   22475      39.3255
   22476      39.0234
   22477      38.9982
   22478      39.0826
   22479      39.2388
   22480      39.2928
   22481      39.2643
   22482      39.6045
   22483      39.4733
   22484      39.1905
   22485      38.9061
   22486      38.7003
   22487      38.7968
   22488      38.8665
   22489      39.1402
   22490      38.9791
   22491      38.5520
   22492      38.2459
   22493      38.8387
   22494      38.6173
   22495      38.9583
   22496      39.2617
   22497      39.4295
   22498      39.2481
   22499      39.4950
   22500      39.3223
   22501      39.2370
   22502      39.2404
   22503      39.0989
   22504      39.4327
   22505      39.3645
   22506      39.3563
   22507      39.1951
   22508      39.2306
   22509      38.9079
   22510      39.0574
   22511      38.8181
   22512      38.6468
   22513      38.9984
   22514      39.1092
   22515      38.8711
   22516      38.9024
   22517      38.8354
   22518      38.9336
   22519      38.5426
   22520      38.6956
   22521      38.7373
   22522      38.7583
   22523      38.7595
   22524      38.8403
   22525      39.1197
   22526      38.4312
   22527      38.2305
   22528      38.7196
   22529      38.7243
   22530      38.9084
   22531      38.7532
   22532      38.7152
   22533      38.8474
   22534      38.8644
   22535      38.6700
   22536      38.4870
   22537      38.8765
   22538      38.3396
   22539      38.4888
   22540      38.6137
   22541      38.2720
   22542      38.5951
   22543      38.1477
   22544      38.2251
   22545      38.4849
   22546      38.6722
   22547      38.6146
   22548      38.6463
   22549      38.7189
   22550      38.1579
   22551      38.3316
   22552      38.7757
   22553      38.8218
   22554      38.7407
   22555      38.5934
   22556      38.6860
   22557      38.8656
   22558      38.9013
   22559      38.0247
   22560      39.0623
   22561      39.3306
   22562      38.9861
   22563      38.7063
   22564      39.1386
   22565      39.1006
   22566      38.8938
   22567      38.9900
   22568      38.7648
   22569      39.0674
   22570      39.0663
   22571      39.3959
   22572      38.7967
   22573      39.2778
   22574      39.0656
   22575      39.3378
   22576      38.7455
   22577      39.1666
   22578      39.1050
   22579      38.8161
   22580      39.1629
   22581      39.1299
   22582      38.7737
   22583      38.5856
   22584      39.0182
   22585      38.7579
   22586      38.9173
   22587      39.1434
   22588      39.2253
   22589      39.2439
   22590      39.4933
   22591      39.3005
   22592      39.2625
   22593      39.1834
   22594      39.1308
   22595      39.2836
   22596      38.9438
   22597      38.6619
   22598      38.8520
   22599      38.9659
   22600      38.6439
   22601      39.1512
   22602      39.1258
   22603      38.9927
   22604      38.9771
   22605      38.4646
   22606      38.7955
   22607      38.9557
   22608      39.5442
   22609      39.1032
   22610      39.1909
   22611      39.2909
   22612      39.2652
   22613      39.0294
   22614      39.4987
   22615      39.4654
   22616      39.1403
   22617      39.1512
   22618      39.1300
   22619      39.3096
   22620      39.2726
   22621      39.6967
   22622      39.3403
   22623      39.0060
   22624      38.9382
   22625      38.9301
   22626      38.8027
   22627      39.1867
   22628      39.4150
   22629      38.6504
   22630      38.9155
   22631      38.6210
   22632      38.3864
   22633      38.1756
   22634      38.3328
   22635      39.0974
   22636      38.9501
   22637      38.9907
   22638      38.5376
   22639      39.0074
   22640      38.9327
   22641      39.0617
   22642      38.9089
   22643      38.8978
   22644      38.5332
   22645      38.9004
   22646      39.3304
   22647      39.1685
   22648      39.4309
   22649      39.4093
   22650      38.9932
   22651      39.3596
   22652      38.9598
   22653      39.0807
   22654      39.0100
   22655      38.6022
   22656      38.8122
   22657      38.7315
   22658      38.4948
   22659      38.8695
   22660      38.5196
   22661      39.0240
   22662      38.8851
   22663      38.4391
   22664      38.3127
   22665      38.2994
   22666      38.1561
   22667      38.1328
   22668      38.2384
   22669      38.5630
   22670      38.6629
   22671      38.8716
   22672      38.3272
   22673      38.7596
   22674      38.8988
   22675      38.8149
   22676      39.2085
   22677      38.7245
   22678      38.6857
   22679      38.7895
   22680      39.1549
   22681      38.7741
   22682      38.7795
   22683      38.6890
   22684      38.8069
   22685      38.7397
   22686      39.1938
   22687      38.8650
   22688      38.7398
   22689      38.7873
   22690      38.3369
   22691      38.9744
   22692      38.6896
   22693      38.5569
   22694      38.7439
   22695      39.1678
   22696      38.8195
   22697      38.2980
   22698      38.7092
   22699      39.0879
   22700      38.8851
   22701      39.2094
   22702      39.1067
   22703      38.8486
   22704      38.7643
   22705      38.7513
   22706      38.4576
   22707      38.4373
   22708      38.7334
   22709      38.2406
   22710      38.5387
   22711      38.6848
   22712      38.9913
   22713      38.8717
   22714      38.6750
   22715      38.5963
   22716      38.8670
   22717      38.5415
   22718      38.8562
   22719      38.6025
   22720      38.8205
   22721      38.6542
   22722      38.5118
   22723      38.7117
   22724      38.9103
   22725      39.5217
   22726      38.8692
   22727      38.7628
   22728      38.9171
   22729      39.2759
   22730      39.3085
   22731      39.6074
   22732      38.9200
   22733      39.3120
   22734      39.0240
   22735      38.7953
   22736      39.3527
   22737      39.1276
   22738      38.9545
   22739      38.8461
   22740      38.9001
   22741      38.6669
   22742      38.8958
   22743      39.0037
   22744      39.2734
   22745      39.1044
   22746      39.2998
   22747      39.1158
   22748      39.3055
   22749      38.9238
   22750      39.2676
   22751      38.8664
   22752      38.8243
   22753      38.3571
   22754      38.3722
   22755      38.8073
   22756      39.2082
   22757      39.1678
   22758      38.8691
   22759      38.7871
   22760      39.3272
   22761      39.0708
   22762      39.0274
   22763      39.2252
   22764      39.0205
   22765      38.8654
   22766      39.1710
   22767      39.1677
   22768      38.5705
   22769      38.9762
   22770      38.6957
   22771      38.8706
   22772      39.5225
   22773      39.0993
   22774      38.7976
   22775      39.3135
   22776      39.0169
   22777      38.8774
   22778      38.6392
   22779      38.7202
   22780      38.7577
   22781      38.8023
   22782      38.8704
   22783      38.8576
   22784      38.7493
   22785      38.7807
   22786      38.6001
   22787      38.6854
   22788      38.9728
   22789      38.5278
   22790      38.7834
   22791      39.1123
   22792      39.2386
   22793      39.1952
   22794      39.2907
   22795      38.6128
   22796      39.0449
   22797      39.0376
   22798      39.1526
   22799      38.8507
   22800      39.0573
   22801      39.0709
   22802      39.2526
   22803      38.8304
   22804      38.8390
   22805      39.0639
   22806      38.7469
   22807      38.7788
   22808      39.2465
   22809      38.9158
   22810      39.0659
   22811      38.9403
   22812      39.0710
   22813      38.9160
   22814      38.6640
   22815      39.3040
   22816      39.1624
   22817      38.8113
   22818      39.1956
   22819      39.4336
   22820      39.1393
   22821      39.3438
   22822      39.4086
   22823      39.4170
   22824      39.1445
   22825      38.5233
   22826      38.9460
   22827      39.2834
   22828      39.2104
   22829      39.1757
   22830      39.0938
   22831      38.9941
   22832      38.9301
   22833      39.4286
   22834      39.1349
   22835      39.0816
   22836      39.0962
   22837      39.0212
   22838      38.9875
   22839      39.2342
   22840      38.9482
   22841      39.5070
   22842      39.2231
   22843      38.7641
   22844      38.9627
   22845      39.1204
   22846      38.9757
   22847      38.8539
   22848      39.0131
   22849      39.3970
   22850      39.0042
   22851      39.0329
   22852      38.8559
   22853      39.2881
   22854      39.1450
   22855      39.1400
   22856      39.0532
   22857      38.9781
   22858      38.9954
   22859      39.1996
   22860      38.9315
   22861      39.0056
   22862      39.0478
   22863      39.0998
   22864      38.8582
   22865      39.0865
   22866      38.7656
   22867      38.8176
   22868      39.1937
   22869      38.7903
   22870      38.6931
   22871      38.9664
   22872      39.1334
   22873      38.4168
   22874      38.8485
   22875      38.7607
   22876      39.0297
   22877      38.7101
   22878      38.9682
   22879      38.5043
   22880      38.5164
   22881      38.6934
   22882      38.9064
   22883      38.8858
   22884      39.2890
   22885      39.1824
   22886      39.1038
   22887      39.1877
   22888      38.9478
   22889      38.5302
   22890      39.2704
   22891      38.9691
   22892      38.5165
   22893      38.9326
   22894      38.8709
   22895      38.8296
   22896      39.1284
   22897      39.2562
   22898      39.4182
   22899      38.9710
   22900      38.9465
   22901      38.7864
   22902      38.8332
   22903      38.7809
   22904      39.1288
   22905      38.9001
   22906      38.9198
   22907      39.3457
   22908      39.2143
   22909      38.8945
   22910      38.7885
   22911      38.8861
   22912      38.8259
   22913      38.6613
   22914      39.3543
   22915      39.0202
   22916      39.2557
   22917      38.9803
   22918      39.1079
   22919      38.6305
   22920      39.0294
   22921      38.9541
   22922      39.0495
   22923      38.9342
   22924      39.5480
   22925      39.0771
   22926      39.0085
   22927      39.5516
   22928      38.8028
   22929      38.6258
   22930      38.6749
   22931      39.0565
   22932      39.2237
   22933      38.8196
   22934      38.5858
   22935      39.1032
   22936      39.2362
   22937      39.0221
   22938      38.2527
   22939      38.9322
   22940      39.4094
   22941      39.6508
   22942      39.4277
   22943      38.7813
   22944      38.8025
   22945      38.6376
   22946      38.7897
   22947      38.8694
   22948      39.0059
   22949      39.0077
   22950      38.9299
   22951      38.4684
   22952      38.7219
   22953      39.0982
   22954      39.4915
   22955      39.3814
   22956      38.6194
   22957      38.7347
   22958      38.8286
   22959      38.9217
   22960      39.1295
   22961      39.3723
   22962      39.2111
   22963      39.3076
   22964      39.1416
   22965      39.1055
   22966      38.9673
   22967      38.9919
   22968      39.0838
   22969      39.3915
   22970      38.9988
   22971      39.2614
   22972      39.0719
   22973      38.9542
   22974      39.2438
   22975      38.9020
   22976      39.1805
   22977      38.7116
   22978      38.8000
   22979      38.9313
   22980      38.5451
   22981      38.6694
   22982      38.5148
   22983      38.6517
   22984      38.3572
   22985      38.5694
   22986      38.6680
   22987      38.8940
   22988      38.5723
   22989      38.7317
   22990      38.4414
   22991      38.8174
   22992      38.4469
   22993      39.0463
   22994      38.8637
   22995      38.5410
   22996      39.0667
   22997      39.0136
   22998      39.0585
   22999      38.9927
   23000      38.9562
   23001      39.0607
   23002      38.9729
   23003      38.9359
   23004      38.8904
   23005      38.3846
   23006      38.6142
   23007      38.9439
   23008      38.9370
   23009      38.8946
   23010      38.5227
   23011      39.0913
   23012      38.9982
   23013      39.0906
   23014      39.0592
   23015      38.8939
   23016      38.9201
   23017      38.5948
   23018      38.6650
   23019      38.4153
   23020      38.5586
   23021      38.8251
   23022      38.4626
   23023      39.0455
   23024      38.4086
   23025      38.9595
   23026      39.5512
   23027      39.3105
   23028      39.4075
   23029      38.8050
   23030      39.2110
   23031      38.8048
   23032      38.7432
   23033      38.6144
   23034      38.7359
   23035      39.1107
   23036      38.7320
   23037      39.1468
   23038      38.8659
   23039      38.9116
   23040      38.7663
   23041      38.8912
   23042      38.7809
   23043      38.7100
   23044      38.9421
   23045      38.9453
   23046      38.7784
   23047      38.7440
   23048      38.8801
   23049      38.7653
   23050      38.7112
   23051      38.3583
   23052      38.5407
   23053      38.6600
   23054      39.2004
   23055      38.6350
   23056      39.0652
   23057      38.7361
   23058      38.8157
   23059      38.5231
   23060      38.7880
   23061      39.0451
   23062      38.9759
   23063      39.0707
   23064      38.9961
   23065      38.4651
   23066      39.0703
   23067      38.8167
   23068      39.0089
   23069      38.7706
   23070      38.5735
   23071      38.9877
   23072      39.2491
   23073      39.2580
   23074      39.2042
   23075      39.2071
   23076      38.8027
   23077      38.9537
   23078      39.0156
   23079      38.8199
   23080      39.3919
   23081      38.8893
   23082      39.0578
   23083      38.8169
   23084      38.8426
   23085      38.4092
   23086      39.2248
   23087      38.9125
   23088      38.7347
   23089      38.9450
   23090      39.0357
   23091      38.7462
   23092      38.7550
   23093      39.0690
   23094      39.0944
   23095      39.3249
   23096      39.4513
   23097      38.8657
   23098      39.3230
   23099      39.2457
   23100      39.0237
   23101      39.3397
   23102      39.4067
   23103      39.0165
   23104      38.9173
   23105      38.7843
   23106      38.8905
   23107      39.1657
   23108      38.8365
   23109      38.7646
   23110      38.7202
   23111      38.5307
   23112      38.5808
   23113      38.9533
   23114      39.0947
   23115      38.7676
   23116      39.2182
   23117      38.7831
   23118      39.7168
   23119      39.0476
   23120      39.0678
   23121      39.1357
   23122      38.9973
   23123      39.2066
   23124      39.3833
   23125      39.1051
   23126      39.1124
   23127      39.0338
   23128      39.2924
   23129      39.3692
   23130      39.1840
   23131      38.9796
   23132      38.8537
   23133      39.0229
   23134      39.2061
   23135      39.0962
   23136      39.4841
   23137      39.1352
   23138      39.3797
   23139      39.3242
   23140      38.7874
   23141      39.0502
   23142      38.8649
   23143      39.0345
   23144      39.3753
   23145      39.3633
   23146      39.2238
   23147      38.8435
   23148      38.9700
   23149      39.5424
   23150      38.8511
   23151      38.8153
   23152      38.5895
   23153      38.7338
   23154      39.0821
   23155      39.0061
   23156      38.6658
   23157      38.7441
   23158      39.0045
   23159      39.0661
   23160      39.0857
   23161      39.0784
   23162      38.7791
   23163      38.8604
   23164      38.8717
   23165      39.2274
   23166      38.9776
   23167      38.9033
   23168      38.9064
   23169      39.3516
   23170      38.9232
   23171      38.6733
   23172      39.3698
   23173      39.3357
   23174      39.0020
   23175      39.2755
   23176      39.6657
   23177      39.3319
   23178      39.1276
   23179      38.9974
   23180      39.3448
   23181      39.0586
   23182      39.1236
   23183      39.6636
   23184      38.8571
   23185      39.0370
   23186      38.9670
   23187      39.3358
   23188      39.3763
   23189      39.5239
   23190      40.0402
   23191      39.9385
   23192      39.5205
   23193      39.2865
   23194      39.4323
   23195      39.5604
   23196      39.2214
   23197      39.0317
   23198      38.9029
   23199      39.2430
   23200      39.1133
   23201      39.5289
   23202      39.3520
   23203      39.6968
   23204      39.5134
   23205      39.1021
   23206      39.4075
   23207      39.1546
   23208      39.0647
   23209      39.3096
   23210      39.5597
   23211      39.0553
   23212      39.2748
   23213      38.9678
   23214      39.0597
   23215      39.1498
   23216      39.4071
   23217      39.3380
   23218      39.3255
   23219      39.3370
   23220      38.9547
   23221      39.0135
   23222      38.9823
   23223      39.0434
   23224      39.3710
   23225      39.4863
   23226      39.3032
   23227      39.0140
   23228      39.2713
   23229      39.6723
   23230      39.3903
   23231      39.3464
   23232      39.6710
   23233      39.6612
   23234      39.3908
   23235      39.2198
   23236      39.0966
   23237      39.4663
   23238      39.6927
   23239      39.7386
   23240      39.1742
   23241      39.2254
   23242      39.3447
   23243      39.4232
   23244      39.7456
   23245      39.3364
   23246      39.3438
   23247      39.6182
   23248      39.2850
   23249      39.0961
   23250      38.8654
   23251      38.9191
   23252      38.3951
   23253      38.6310
   23254      38.9752
   23255      38.6936
   23256      38.6633
   23257      39.0012
   23258      39.0312
   23259      39.3810
   23260      39.1094
   23261      38.8659
   23262      39.0420
   23263      39.2580
   23264      38.8144
   23265      38.8877
   23266      38.9812
   23267      39.3994
   23268      38.6910
   23269      39.3435
   23270      38.6765
   23271      38.8529
   23272      38.5111
   23273      38.6269
   23274      38.3009
   23275      38.8859
   23276      38.5698
   23277      38.8145
   23278      38.3777
   23279      38.6180
   23280      38.5600
   23281      39.0053
   23282      38.5480
   23283      39.0186
   23284      39.2756
   23285      38.8095
   23286      38.8714
   23287      39.4853
   23288      39.1551
   23289      39.0790
   23290      38.8247
   23291      38.8783
   23292      39.3943
   23293      39.1734
   23294      39.0223
   23295      39.0268
   23296      38.6546
   23297      39.4121
   23298      39.2907
   23299      39.1954
   23300      39.0869
   23301      39.0778
   23302      38.9124
   23303      39.1590
   23304      39.0309
   23305      39.0933
   23306      38.7844
   23307      39.4154
   23308      38.9630
   23309      39.1802
   23310      39.0495
   23311      39.1045
   23312      39.1779
   23313      39.2290
   23314      39.2391
   23315      39.0787
   23316      39.1936
   23317      38.9232
   23318      38.7948
   23319      39.0696
   23320      39.4059
   23321      39.3953
   23322      38.8083
   23323      39.1841
   23324      39.0864
   23325      38.7393
   23326      39.1137
   23327      38.7687
   23328      38.9251
   23329      39.1790
   23330      39.1567
   23331      39.2237
   23332      38.8113
   23333      38.7575
   23334      38.7835
   23335      38.9175
   23336      38.4473
   23337      38.8047
   23338      38.7281
   23339      39.0298
   23340      39.2547
   23341      39.3361
   23342      38.8195
   23343      38.9739
   23344      39.1630
   23345      39.4324
   23346      39.0356
   23347      38.9771
   23348      38.9964
   23349      38.7262
   23350      39.4807
   23351      39.2032
   23352      38.8653
   23353      38.9125
   23354      38.8912
   23355      39.0332
   23356      39.3641
   23357      39.1408
   23358      39.2013
   23359      39.2071
   23360      39.0195
   23361      38.7198
   23362      38.8031
   23363      38.9214
   23364      38.5549
   23365      38.7444
   23366      38.7336
   23367      38.6635
   23368      38.9826
   23369      39.2675
   23370      38.9576
   23371      38.6152
   23372      39.0726
   23373      39.1457
   23374      39.1460
   23375      38.9357
   23376      38.8597
   23377      38.8142
   23378      38.4903
   23379      39.1981
   23380      39.0411
   23381      39.1510
   23382      39.1907
   23383      39.2187
   23384      39.2273
   23385      39.1549
   23386      39.4960
   23387      39.4734
   23388      39.1017
   23389      38.9933
   23390      39.3548
   23391      39.1833
   23392      39.5700
   23393      39.0738
   23394      38.9288
   23395      39.2112
   23396      39.3330
   23397      39.1706
   23398      39.0597
   23399      38.7581
   23400      38.6184
   23401      38.7018
   23402      38.6554
   23403      38.4823
   23404      38.7686
   23405      38.8703
   23406      39.4048
   23407      39.0725
   23408      39.1253
   23409      38.9966
   23410      39.0632
   23411      39.1081
   23412      39.0804
   23413      38.8474
   23414      38.5789
   23415      38.6724
   23416      39.1459
   23417      39.0054
   23418      39.1735
   23419      38.7956
   23420      39.0971
   23421      38.8873
   23422      38.9994
   23423      39.3026
   23424      39.3055
   23425      39.1008
   23426      38.7516
   23427      39.0099
   23428      39.0931
   23429      38.7870
   23430      38.7067
   23431      38.8660
   23432      38.9716
   23433      38.7323
   23434      39.3006
   23435      39.3271
   23436      38.9048
   23437      38.6967
   23438      38.9792
   23439      38.8667
   23440      38.6977
   23441      38.9267
   23442      38.8610
   23443      38.5686
   23444      38.8571
   23445      39.3376
   23446      39.0100
   23447      38.7320
   23448      38.7950
   23449      38.9490
   23450      39.1159
   23451      38.7125
   23452      39.2051
   23453      39.2000
   23454      39.5694
   23455      39.0734
   23456      38.9692
   23457      38.9488
   23458      38.8589
   23459      39.0436
   23460      38.6865
   23461      38.7062
   23462      38.6874
   23463      38.7222
   23464      38.4286
   23465      38.5632
   23466      38.8113
   23467      39.2981
   23468      39.2256
   23469      39.4249
   23470      38.8855
   23471      38.9113
   23472      39.1195
   23473      38.8236
   23474      38.9981
   23475      39.2471
   23476      38.9008
   23477      38.6896
   23478      38.8680
   23479      38.8360
   23480      38.9366
   23481      39.0551
   23482      38.7642
   23483      39.0225
   23484      38.8078
   23485      39.1000
   23486      39.0058
   23487      39.0085
   23488      39.1856
   23489      38.8714
   23490      38.7389
   23491      39.0488
   23492      38.7615
   23493      38.8899
   23494      38.9772
   23495      38.9838
   23496      38.9505
   23497      39.0865
   23498      39.4140
   23499      39.3840
   23500      39.1222
   23501      39.0050
   23502      39.3426
   23503      38.5372
   23504      39.2744
   23505      38.7053
   23506      38.8396
   23507      39.1787
   23508      38.6822
   23509      38.6719
   23510      39.2726
   23511      38.9014
   23512      38.9349
   23513      38.7493
   23514      39.1063
   23515      38.8208
   23516      38.9236
   23517      38.8158
   23518      38.7487
   23519      38.8780
   23520      39.2555
   23521      38.9325
   23522      38.6794
   23523      38.9056
   23524      39.2992
   23525      39.0834
   23526      39.0708
   23527      39.0078
   23528      39.4244
   23529      38.9891
   23530      38.7545
   23531      38.9664
   23532      38.8803
   23533      39.3614
   23534      39.2107
   23535      38.6856
   23536      38.4876
   23537      38.7499
   23538      39.2471
   23539      39.0260
   23540      38.7335
   23541      39.1620
   23542      39.0087
   23543      39.2051
   23544      39.2707
   23545      39.3240
   23546      39.5958
   23547      39.4582
   23548      39.0991
   23549      39.2091
   23550      39.1726
   23551      39.2340
   23552      39.2584
   23553      39.2410
   23554      38.9138
   23555      39.1527
   23556      38.8180
   23557      39.2641
   23558      39.3728
   23559      39.5988
   23560      39.1537
   23561      38.9709
   23562      39.1635
   23563      39.2588
   23564      39.2479
   23565      39.4311
   23566      38.9207
   23567      39.4324
   23568      39.0556
   23569      38.9710
   23570      39.4279
   23571      38.6659
   23572      38.9175
   23573      39.1154
   23574      38.8786
   23575      39.3180
   23576      38.7636
   23577      39.2195
   23578      38.7477
   23579      38.9478
   23580      39.2815
   23581      39.2915
   23582      39.1262
   23583      39.2276
   23584      39.1734
   23585      39.3216
   23586      38.8348
   23587      39.1291
   23588      38.6579
   23589      38.7352
   23590      39.1278
   23591      38.6100
   23592      38.7966
   23593      38.8849
   23594      38.8164
   23595      38.8523
   23596      39.1500
   23597      38.9968
   23598      39.3544
   23599      38.9576
   23600      38.8653
   23601      38.9507
   23602      38.6872
   23603      38.7809
   23604      38.8544
   23605      39.0081
   23606      39.2821
   23607      38.9366
   23608      39.1484
   23609      38.7964
   23610      38.8423
   23611      38.4165
   23612      39.1538
   23613      38.8477
   23614      38.5801
   23615      39.0661
   23616      39.3931
   23617      39.1451
   23618      39.0859
   23619      39.1548
   23620      39.2543
   23621      39.0356
   23622      38.8750
   23623      38.8255
   23624      38.8318
   23625      38.8839
   23626      38.9778
   23627      38.7054
   23628      39.4776
   23629      38.8553
   23630      39.0440
   23631      39.2875
   23632      39.1758
   23633      39.0602
   23634      39.0555
   23635      38.9398
   23636      39.2636
   23637      39.3423
   23638      39.6277
   23639      39.3322
   23640      39.1590
   23641      39.0639
   23642      38.5168
   23643      38.9269
   23644      38.7416
   23645      39.1597
   23646      39.6158
   23647      39.1400
   23648      39.4184
   23649      39.9572
   23650      39.4997
   23651      39.7124
   23652      39.2899
   23653      39.3637
   23654      39.7218
   23655      39.5222
   23656      39.0769
   23657      39.4801
   23658      38.9043
   23659      38.8201
   23660      38.8441
   23661      38.7824
   23662      38.7759
   23663      39.3142
   23664      38.8304
   23665      39.2582
   23666      39.3122
   23667      39.1187
   23668      39.2644
   23669      38.8863
   23670      39.0195
   23671      38.9631
   23672      39.0101
   23673      39.1555
   23674      39.0827
   23675      38.8580
   23676      39.3370
   23677      38.8726
   23678      38.7006
   23679      38.5459
   23680      38.8737
   23681      38.7932
   23682      38.1245
   23683      38.3893
   23684      38.8330
   23685      39.0307
   23686      38.8549
   23687      38.5069
   23688      38.3603
   23689      38.2380
   23690      38.1248
   23691      38.1491
   23692      37.9199
   23693      38.4131
   23694      38.5811
   23695      38.4502
   23696      38.5934
   23697      38.6442
   23698      38.8378
   23699      38.6488
   23700      38.4950
   23701      38.8627
   23702      38.8270
   23703      38.8732
   23704      38.7002
   23705      38.7147
   23706      39.1230
   23707      38.9964
   23708      38.7546
   23709      38.7706
   23710      38.8865
   23711      39.0778
   23712      39.1010
   23713      39.2026
   23714      39.0575
   23715      38.9990
   23716      38.8150
   23717      39.0683
   23718      39.4178
   23719      38.6297
   23720      38.8282
   23721      39.0107
   23722      39.0271
   23723      38.6627
   23724      38.8457
   23725      38.9666
   23726      38.9869
   23727      39.0392
   23728      38.8524
   23729      39.0180
   23730      38.7626
   23731      38.6066
   23732      38.7533
   23733      38.3960
   23734      38.6379
   23735      38.9234
   23736      38.8204
   23737      39.0340
   23738      38.9426
   23739      39.0507
   23740      39.1444
   23741      38.6310
   23742      38.5837
   23743      38.5914
   23744      38.8283
   23745      38.9343
   23746      38.9902
   23747      38.8544
   23748      39.0065
   23749      38.7497
   23750      38.7532
   23751      38.4382
   23752      38.7341
   23753      38.7918
   23754      38.5552
   23755      38.7160
   23756      38.9174
   23757      38.4553
   23758      38.8126
   23759      38.5462
   23760      38.5342
   23761      38.3307
   23762      38.7171
   23763      38.6282
   23764      38.7277
   23765      38.6357
   23766      38.7616
   23767      38.7343
   23768      38.9550
   23769      38.4422
   23770      38.4768
   23771      38.9159
   23772      39.3183
   23773      38.7209
   23774      38.6566
   23775      39.3170
   23776      38.7214
   23777      38.7873
   23778      38.8421
   23779      38.9549
   23780      38.5825
   23781      38.7287
   23782      38.9198
   23783      39.0072
   23784      39.2776
   23785      39.3700
   23786      39.1395
   23787      38.8514
   23788      38.8685
   23789      38.6976
   23790      38.9159
   23791      39.1104
   23792      38.7986
   23793      38.6672
   23794      38.6153
   23795      38.8334
   23796      38.5806
   23797      39.2488
   23798      38.9477
   23799      38.6110
   23800      38.9584
   23801      39.0899
   23802      39.0113
   23803      39.4669
   23804      39.1356
   23805      38.7936
   23806      38.6303
   23807      38.8510
   23808      38.3871
   23809      38.8425
   23810      38.5505
   23811      38.7658
   23812      38.6546
   23813      38.8655
   23814      38.9757
   23815      38.8642
   23816      39.1747
   23817      39.2787
   23818      38.6451
   23819      38.8527
   23820      39.3469
   23821      39.0744
   23822      39.0149
   23823      39.1507
   23824      39.3384
   23825      39.5339
   23826      38.8655
   23827      38.7308
   23828      39.2761
   23829      39.6796
   23830      39.0616
   23831      39.0198
   23832      39.3791
   23833      39.3203
   23834      39.4369
   23835      39.6576
   23836      39.1732
   23837      38.9346
   23838      39.1698
   23839      39.1893
   23840      39.1490
   23841      38.8519
   23842      38.7825
   23843      39.0954
   23844      38.9973
   23845      38.6190
   23846      38.9115
   23847      39.0654
   23848      38.8982
   23849      39.1801
   23850      38.6037
   23851      38.8671
   23852      38.6513
   23853      38.6044
   23854      38.9443
   23855      38.9417
   23856      39.0953
   23857      39.1609
   23858      39.1990
   23859      39.0519
   23860      39.1956
   23861      38.7915
   23862      38.9981
   23863      38.9266
   23864      39.1511
   23865      39.0339
   23866      38.8621
   23867      39.2248
   23868      39.2185
   23869      38.9460
   23870      38.9670
   23871      38.7833
   23872      39.0316
   23873      39.0128
   23874      39.0115
   23875      38.8557
   23876      38.7901
   23877      39.2067
   23878      38.8106
   23879      38.9959
   23880      38.6754
   23881      38.7027
   23882      39.0073
   23883      38.7996
   23884      39.1038
   23885      39.2108
   23886      38.7581
   23887      38.5180
   23888      38.5998
   23889      38.7971
   23890      38.8640
   23891      38.6578
   23892      38.5652
   23893      38.5768
   23894      38.9467
   23895      38.8300
   23896      38.8231
   23897      38.6635
   23898      38.7708
   23899      39.0589
   23900      38.9954
   23901      38.6927
   23902      39.0794
   23903      38.8046
   23904      38.4673
   23905      38.7573
   23906      38.7540
   23907      38.4600
   23908      38.7398
   23909      39.3308
   23910      39.0265
   23911      38.9102
   23912      38.9724
   23913      38.8280
   23914      38.6051
   23915      38.7626
   23916      38.6909
   23917      38.5632
   23918      39.1251
   23919      39.1742
   23920      38.4653
   23921      38.5391
   23922      38.8744
   23923      38.3847
   23924      38.5540
   23925      38.7543
   23926      38.7372
   23927      38.7090
   23928      38.5413
   23929      38.5321
   23930      38.5128
   23931      38.6822
   23932      38.6973
   23933      38.5966
   23934      38.7311
   23935      38.8734
   23936      39.0703
   23937      38.5439
   23938      38.7989
   23939      38.6065
   23940      39.1643
   23941      38.7354
   23942      39.0654
   23943      38.9742
   23944      38.9596
   23945      38.9400
   23946      38.7728
   23947      39.2460
   23948      38.7413
   23949      39.3346
   23950      39.2634
   23951      39.5864
   23952      39.0825
   23953      38.8715
   23954      39.1867
   23955      38.7565
   23956      39.0136
   23957      38.8137
   23958      38.6216
   23959      38.6902
   23960      38.4769
   23961      38.3837
   23962      38.2806
   23963      38.4358
   23964      38.6377
   23965      38.2852
   23966      38.6086
   23967      38.7842
   23968      38.8724
   23969      38.8449
   23970      39.0520
   23971      38.6769
   23972      38.4185
   23973      38.9283
   23974      38.6877
   23975      39.2330
   23976      39.0395
   23977      38.6289
   23978      38.4484
   23979      38.6857
   23980      39.2109
   23981      38.9967
   23982      38.1438
   23983      38.0951
   23984      38.7872
   23985      38.6103
   23986      38.3739
   23987      38.5559
   23988      39.0209
   23989      38.6310
   23990      38.7714
   23991      38.6699
   23992      38.7779
   23993      39.0129
   23994      38.6058
   23995      38.8628
   23996      38.3318
   23997      38.3903
   23998      38.7645
   23999      38.6883
   24000      38.9353
   24001      38.3876
   24002      38.5511
   24003      38.4472
   24004      38.4419
   24005      38.5054
   24006      38.9717
   24007      38.4516
   24008      38.5499
   24009      38.3884
   24010      38.4866
   24011      38.6030
   24012      38.6917
   24013      38.4683
   24014      38.6823
   24015      38.6795
   24016      38.5922
   24017      38.5507
   24018      39.2381
   24019      38.6611
   24020      38.7204
   24021      38.8572
   24022      38.6529
   24023      38.5677
   24024      38.5279
   24025      38.5041
   24026      38.7427
   24027      38.8038
   24028      38.5859
   24029      38.7849
   24030      38.5468
   24031      38.7789
   24032      38.9628
   24033      38.1927
   24034      38.6680
   24035      38.4651
   24036      38.7981
   24037      38.6885
   24038      38.6949
   24039      38.6899
   24040      38.4700
   24041      38.3770
   24042      38.6527
   24043      38.6507
   24044      38.6257
   24045      38.6892
   24046      38.8511
   24047      38.8177
   24048      39.1020
   24049      38.7760
   24050      38.9980
   24051      38.3829
   24052      38.9124
   24053      38.5435
   24054      38.4599
   24055      38.5758
   24056      38.4216
   24057      38.4115
   24058      38.4907
   24059      38.7580
   24060      38.5836
   24061      38.8843
   24062      38.8372
   24063      38.5120
   24064      38.8696
   24065      39.1731
   24066      38.8372
   24067      38.7765
   24068      38.4052
   24069      39.0238
   24070      38.4441
   24071      38.5648
   24072      37.7680
   24073      38.7688
   24074      38.8643
   24075      39.0546
   24076      39.2518
   24077      38.4508
   24078      39.0189
   24079      38.6036
   24080      38.4401
   24081      38.6074
   24082      38.8565
   24083      38.9992
   24084      39.2720
   24085      38.8677
   24086      38.9761
   24087      39.1853
   24088      39.1663
   24089      38.6710
   24090      39.3231
   24091      39.0954
   24092      39.1520
   24093      38.8252
   24094      39.0259
   24095      39.1311
   24096      39.0332
   24097      39.2356
   24098      38.8526
   24099      39.2288
   24100      39.1087
   24101      38.6423
   24102      38.8157
   24103      38.9910
   24104      38.6415
   24105      38.9408
   24106      39.2475
   24107      38.9944
   24108      38.9840
   24109      39.3262
   24110      39.0053
   24111      39.0329
   24112      38.5725
   24113      38.7349
   24114      38.7772
   24115      38.6179
   24116      38.7068
   24117      38.8989
   24118      39.0281
   24119      38.9657
   24120      38.9859
   24121      38.8302
   24122      38.9465
   24123      39.0883
   24124      39.0158
   24125      39.2887
   24126      39.2614
   24127      38.8091
   24128      38.6511
   24129      39.0360
   24130      39.1477
   24131      39.0410
   24132      39.0714
   24133      39.3775
   24134      39.1857
   24135      39.1387
   24136      38.7041
   24137      39.2543
   24138      39.0691
   24139      39.0894
   24140      39.2507
   24141      39.0093
   24142      38.9912
   24143      38.9528
   24144      39.3002
   24145      39.3297
   24146      39.3148
   24147      39.2931
   24148      39.2385
   24149      39.0867
   24150      39.0013
   24151      39.0888
   24152      39.0659
   24153      39.2279
   24154      39.2372
   24155      38.8986
   24156      39.1525
   24157      38.6320
   24158      39.2071
   24159      39.4566
   24160      39.0583
   24161      38.9968
   24162      39.2500
   24163      38.8953
   24164      38.4604
   24165      39.0210
   24166      38.7259
   24167      39.1426
   24168      38.7085
   24169      38.7357
   24170      38.8836
   24171      38.8612
   24172      39.1210
   24173      39.0903
   24174      38.9025
   24175      38.8503
   24176      38.8357
   24177      38.2984
   24178      38.3426
   24179      38.4878
   24180      38.5021
   24181      38.6318
   24182      38.2489
   24183      38.8243
   24184      38.4630
   24185      38.3506
   24186      38.5229
   24187      38.4761
   24188      38.7484
   24189      38.3947
   24190      38.4495
   24191      38.9919
   24192      38.3160
   24193      38.4969
   24194      38.9350
   24195      39.0269
   24196      38.9430
   24197      38.9067
   24198      38.8715
   24199      39.2071
   24200      38.9000
   24201      38.7439
   24202      38.4145
   24203      38.5468
   24204      38.8462
   24205      39.1366
   24206      39.2155
   24207      39.4556
   24208      39.3479
   24209      39.0345
   24210      39.3264
   24211      39.6104
   24212      39.1426
   24213      39.4762
   24214      39.0302
   24215      39.0197
   24216      38.7563
   24217      39.0654
   24218      39.4511
   24219      39.2363
   24220      39.4321
   24221      39.3472
   24222      39.5159
   24223      38.7691
   24224      38.7839
   24225      39.3913
   24226      38.9732
   24227      38.8464
   24228      38.9880
   24229      38.6027
   24230      38.8156
   24231      39.1693
   24232      38.5773
   24233      39.0685
   24234      39.1636
   24235      39.2324
   24236      38.6368
   24237      38.7735
   24238      38.7280
   24239      38.6004
   24240      38.8481
   24241      38.8948
   24242      38.6223
   24243      38.9204
   24244      38.4414
   24245      38.6131
   24246      38.0403
   24247      38.7233
   24248      38.4037
   24249      38.3686
   24250      38.3520
   24251      38.8484
   24252      38.6371
   24253      38.3519
   24254      38.9228
   24255      38.5245
   24256      38.8495
   24257      38.3325
   24258      38.2583
   24259      38.3085
   24260      38.5854
   24261      38.3010
   24262      38.7293
   24263      38.7227
   24264      38.6625
   24265      38.5636
   24266      38.4131
   24267      38.7496
   24268      38.4881
   24269      38.3861
   24270      38.6981
   24271      38.8559
   24272      38.7701
   24273      38.5373
   24274      38.8414
   24275      38.5590
   24276      38.7463
   24277      38.7782
   24278      38.5970
   24279      38.4350
   24280      38.3242
   24281      38.2856
   24282      38.5824
   24283      38.3324
   24284      38.5023
   24285      38.6903
   24286      38.4876
   24287      38.3355
   24288      38.2502
   24289      38.2454
   24290      38.7716
   24291      38.3941
   24292      38.3367
   24293      38.6185
   24294      38.3223
   24295      38.3386
   24296      38.5990
   24297      38.1872
   24298      38.1296
   24299      38.5575
   24300      38.1223
   24301      38.1662
   24302      38.2861
   24303      38.4262
   24304      38.2329
   24305      38.0738
   24306      37.8464
   24307      38.1424
   24308      37.9762
   24309      38.1188
   24310      38.2021
   24311      38.2645
   24312      37.8729
   24313      38.1756
   24314      38.2201
   24315      37.9048
   24316      37.8733
   24317      38.3486
   24318      38.3794
   24319      38.3549
   24320      38.5107
   24321      38.5108
   24322      38.6604
   24323      38.1746
   24324      38.3602
   24325      38.0272
   24326      38.3758
   24327      38.6221
   24328      38.5710
   24329      38.4051
   24330      38.1046
   24331      38.1395
   24332      38.5704
   24333      38.0019
   24334      38.3862
   24335      38.8153
   24336      38.2857
   24337      38.3077
   24338      38.1203
   24339      38.2737
   24340      38.1334
   24341      38.2796
   24342      38.1648
   24343      38.3237
   24344      38.2861
   24345      38.8208
   24346      38.2818
   24347      38.8085
   24348      38.3390
   24349      38.4405
   24350      38.6346
   24351      38.5877
   24352      38.4163
   24353      38.3777
   24354      38.7831
   24355      38.6247
   24356      38.8973
   24357      39.3665
   24358      38.9031
   24359      39.0352
   24360      38.4084
   24361      38.5378
   24362      38.3600
   24363      38.5365
   24364      38.9349
   24365      38.6468
   24366      38.8750
   24367      38.7081
   24368      38.8324
   24369      38.8694
   24370      38.9076
   24371      38.6619
   24372      38.9122
   24373      38.8950
   24374      38.9101
   24375      39.1054
   24376      39.2178
   24377      39.2336
   24378      39.0957
   24379      39.0164
   24380      39.1800
   24381      39.1648
   24382      39.2060
   24383      39.0410
   24384      39.0425
   24385      39.2628
   24386      38.9251
   24387      38.8435
   24388      38.8843
   24389      38.6377
   24390      38.6733
   24391      38.9626
   24392      39.0108
   24393      39.0666
   24394      38.9536
   24395      38.9181
   24396      39.1999
   24397      38.7696
   24398      39.1594
   24399      39.3572
   24400      38.6923
   24401      38.7309
   24402      38.8863
   24403      38.7852
   24404      38.5050
   24405      39.1133
   24406      39.3451
   24407      39.6283
   24408      39.2693
   24409      39.0468
   24410      38.8945
   24411      38.8408
   24412      38.7631
   24413      38.5883
   24414      39.0705
   24415      38.6930
   24416      38.6956
   24417      38.4665
   24418      38.8001
   24419      38.9067
   24420      38.8808
   24421      39.2817
   24422      39.1421
   24423      39.0779
   24424      38.7098
   24425      38.5794
   24426      38.9122
   24427      39.2108
   24428      39.1600
   24429      39.5411
   24430      39.1044
   24431      38.5715
   24432      38.7931
   24433      38.5156
   24434      38.9790
   24435      38.9238
   24436      38.8857
   24437      38.5137
   24438      38.4300
   24439      38.3342
   24440      38.5277
   24441      38.9009
   24442      38.7923
   24443      38.4864
   24444      38.7154
   24445      38.6212
   24446      38.7568
   24447      38.6438
   24448      38.4305
   24449      38.3938
   24450      38.8064
   24451      38.4160
   24452      38.3160
   24453      38.3001
   24454      38.1729
   24455      38.4187
   24456      38.1913
   24457      38.3527
   24458      38.6570
   24459      38.4293
   24460      38.6546
   24461      38.7150
   24462      39.1971
   24463      39.0425
   24464      39.1139
   24465      39.0140
   24466      38.8044
   24467      39.2894
   24468      38.7382
   24469      38.6145
   24470      38.5816
   24471      38.7793
   24472      38.8679
   24473      38.9333
   24474      39.0385
   24475      39.0899
   24476      38.8857
   24477      38.9417
   24478      38.6645
   24479      39.1418
   24480      38.7192
   24481      38.6043
   24482      38.4994
   24483      38.6820
   24484      38.5190
   24485      38.5948
   24486      38.4844
   24487      39.0306
   24488      38.7180
   24489      38.6775
   24490      39.0443
   24491      38.8198
   24492      38.8090
   24493      38.7456
   24494      38.6686
   24495      38.9776
   24496      38.7373
   24497      39.0714
   24498      38.6717
   24499      38.4294
   24500      38.3855
   24501      38.0849
   24502      38.6776
   24503      38.3729
   24504      39.1424
   24505      38.6088
   24506      38.8413
   24507      38.7702
   24508      38.7191
   24509      38.5877
   24510      38.5597
   24511      38.4908
   24512      38.7615
   24513      38.8168
   24514      38.9544
   24515      38.6786
   24516      38.7285
   24517      38.6120
   24518      38.6988
   24519      38.6818
   24520      38.9725
   24521      38.8143
   24522      38.5162
   24523      39.1519
   24524      38.8218
   24525      38.6750
   24526      38.6765
   24527      38.6062
   24528      38.5691
   24529      37.9994
   24530      38.3392
   24531      38.5548
   24532      38.5628
   24533      38.5493
   24534      38.2555
   24535      38.4346
   24536      38.6092
   24537      38.6036
   24538      38.7361
   24539      38.2216
   24540      39.0764
   24541      38.8057
   24542      38.6250
   24543      38.5960
   24544      38.3147
   24545      38.4019
   24546      38.8785
   24547      39.0559
   24548      38.7690
   24549      38.6867
   24550      38.1861
   24551      38.2337
   24552      38.4392
   24553      38.1062
   24554      38.6525
   24555      38.3845
   24556      38.2107
   24557      38.3650
   24558      38.3927
   24559      38.1461
   24560      38.7804
   24561      38.2821
   24562      38.5307
   24563      38.1474
   24564      38.1067
   24565      38.2089
   24566      38.3532
   24567      38.5598
   24568      38.4347
   24569      38.4365
   24570      38.5583
   24571      38.4769
   24572      38.4229
   24573      38.6647
   24574      38.6064
   24575      38.6477
   24576      38.6478
   24577      38.9806
   24578      38.8150
   24579      39.0119
   24580      38.8232
   24581      38.7941
   24582      38.7805
   24583      38.9991
   24584      38.6482
   24585      38.9057
   24586      38.6670
   24587      38.6265
   24588      38.7254
   24589      38.1389
   24590      37.9761
   24591      38.1888
   24592      38.4535
   24593      38.7844
   24594      38.8778
   24595      38.6546
   24596      38.4748
   24597      38.4724
   24598      38.7470
   24599      38.6026
   24600      38.6977
   24601      38.1515
   24602      38.5315
   24603      38.4039
   24604      38.4895
   24605      38.6174
   24606      38.3294
   24607      38.4989
   24608      38.4315
   24609      38.4125
   24610      38.8239
   24611      38.6277
   24612      39.0087
   24613      38.8703
   24614      38.9126
   24615      38.8805
   24616      38.9604
   24617      38.6195
   24618      38.5516
   24619      39.2339
   24620      39.1212
   24621      38.6351
   24622      39.0870
   24623      38.6934
   24624      38.7282
   24625      38.9342
   24626      38.6828
   24627      38.6536
   24628      38.5590
   24629      38.6442
   24630      38.6148
   24631      38.2218
   24632      38.2782
   24633      37.8550
   24634      38.4375
   24635      38.5122
   24636      38.3892
   24637      38.5765
   24638      38.0338
   24639      38.2371
   24640      38.5073
   24641      38.1586
   24642      38.5367
   24643      38.7652
   24644      38.9844
   24645      38.5307
   24646      38.2048
   24647      38.4963
   24648      38.4967
   24649      38.5217
   24650      38.4024
   24651      38.7095
   24652      38.6289
   24653      38.5817
   24654      38.8803
   24655      38.4252
   24656      38.4617
   24657      38.7871
   24658      38.5999
   24659      38.1318
   24660      38.2946
   24661      38.4877
   24662      38.3879
   24663      38.5550
   24664      38.8559
   24665      37.9617
   24666      38.4040
   24667      38.6245
   24668      38.2315
   24669      38.2736
   24670      38.1000
   24671      38.4061
   24672      38.2013
   24673      38.7679
   24674      38.7262
   24675      38.5182
   24676      38.5148
   24677      38.9121
   24678      38.6733
   24679      38.1086
   24680      38.2286
   24681      38.6023
   24682      38.8111
   24683      38.4893
   24684      38.4991
   24685      38.1489
   24686      38.5245
   24687      38.1401
   24688      38.4282
   24689      38.5231
   24690      38.5354
   24691      38.5824
   24692      38.5115
   24693      38.5200
   24694      38.4120
   24695      38.6284
   24696      38.3518
   24697      38.5114
   24698      38.8375
   24699      38.8423
   24700      38.9735
   24701      39.0266
   24702      38.7160
   24703      38.9994
   24704      38.5270
   24705      38.5672
   24706      38.5415
   24707      38.3861
   24708      38.5390
   24709      38.1248
   24710      38.5306
   24711      38.6021
   24712      38.2352
   24713      38.1942
   24714      38.2531
   24715      38.6484
   24716      38.4155
   24717      38.9246
   24718      38.5902
   24719      38.8143
   24720      38.7000
   24721      38.6099
   24722      38.9019
   24723      38.7132
   24724      38.6708
   24725      38.7693
   24726      38.8683
   24727      38.6053
   24728      38.7606
   24729      38.7361
   24730      38.6916
   24731      38.6507
   24732      38.4129
   24733      38.9064
   24734      39.0012
   24735      39.3160
   24736      38.6906
   24737      38.7987
   24738      38.4933
   24739      38.3715
   24740      38.6485
   24741      38.7725
   24742      38.9530
   24743      38.9030
   24744      38.6867
   24745      38.5962
   24746      38.2966
   24747      38.6589
   24748      38.4111
   24749      38.5017
   24750      38.4428
   24751      38.4925
   24752      38.5629
   24753      38.4238
   24754      38.4102
   24755      38.5171
   24756      38.2726
   24757      38.5642
   24758      38.6873
   24759      38.4315
   24760      38.7737
   24761      38.6860
   24762      39.2541
   24763      38.6563
   24764      39.0998
   24765      38.5900
   24766      38.5296
   24767      38.9533
   24768      39.2899
   24769      39.0254
   24770      39.0212
   24771      38.9585
   24772      38.7903
   24773      38.5948
   24774      38.5562
   24775      38.9211
   24776      38.4665
   24777      38.9779
   24778      38.9382
   24779      38.7903
   24780      38.7495
   24781      38.7742
   24782      38.8148
   24783      38.9073
   24784      38.7789
   24785      38.7865
   24786      38.9829
   24787      39.0868
   24788      38.4507
   24789      39.2006
   24790      38.7845
   24791      39.0876
   24792      39.0113
   24793      39.1318
   24794      39.0428
   24795      38.5399
   24796      38.1530
   24797      38.6091
   24798      38.2982
   24799      38.2975
   24800      38.3663
   24801      38.7023
   24802      38.7161
   24803      38.3735
   24804      38.4629
   24805      38.5043
   24806      38.3504
   24807      38.5772
   24808      38.2616
   24809      38.4211
   24810      38.7995
   24811      38.6319
   24812      38.7092
   24813      38.4648
   24814      38.4823
   24815      38.4999
   24816      38.6024
   24817      38.5887
   24818      38.7193
   24819      38.8813
   24820      38.8806
   24821      38.8482
   24822      38.9350
   24823      38.7368
   24824      38.2874
   24825      38.4509
   24826      38.8262
   24827      38.7269
   24828      39.1428
   24829      38.8030
   24830      38.6776
   24831      38.5597
   24832      38.7914
   24833      39.0719
   24834      38.7419
   24835      39.0780
   24836      39.1700
   24837      38.5382
   24838      39.1469
   24839      38.8256
   24840      38.8845
   24841      38.6355
   24842      38.6527
   24843      38.5293
   24844      38.2721
   24845      38.8739
   24846      38.4031
   24847      38.5141
   24848      38.2655
   24849      38.3886
   24850      38.6420
   24851      38.7204
   24852      38.9123
   24853      38.8189
   24854      38.2723
   24855      38.9117
   24856      38.7921
   24857      38.5344
   24858      38.6104
   24859      38.9795
   24860      38.7648
   24861      38.7411
   24862      38.5527
   24863      38.7588
   24864      38.3636
   24865      38.1371
   24866      38.9493
   24867      38.5149
   24868      38.5958
   24869      38.7775
   24870      38.5694
   24871      39.0769
   24872      38.6142
   24873      38.5756
   24874      38.9754
   24875      38.5728
   24876      38.6294
   24877      38.6866
   24878      38.9326
   24879      38.4553
   24880      38.7683
   24881      38.7141
   24882      38.5944
   24883      38.6253
   24884      38.3792
   24885      38.6890
   24886      38.5868
   24887      38.6449
   24888      38.8595
   24889      38.8474
   24890      38.8072
   24891      38.8670
   24892      38.8752
   24893      38.8899
   24894      38.6020
   24895      38.6569
   24896      38.4687
   24897      38.6951
   24898      38.5472
   24899      38.6914
   24900      38.7855
   24901      38.7246
   24902      38.8857
   24903      38.6655
   24904      38.2371
   24905      38.4192
   24906      38.4702
   24907      38.2444
   24908      38.2390
   24909      38.3515
   24910      38.2556
   24911      39.2140
   24912      38.6507
   24913      38.3948
   24914      38.6325
   24915      38.6220
   24916      38.2495
   24917      38.5279
   24918      38.7709
   24919      38.2388
   24920      38.2251
   24921      38.3577
   24922      38.3052
   24923      38.4306
   24924      37.9906
   24925      38.2341
   24926      38.6763
   24927      38.8146
   24928      38.5240
   24929      38.5597
   24930      38.5046
   24931      38.7169
   24932      38.4394
   24933      38.8660
   24934      38.8501
   24935      38.4259
   24936      38.6387
   24937      38.7979
   24938      38.7092
   24939      38.7368
   24940      38.8995
   24941      39.3231
   24942      39.2308
   24943      39.0720
   24944      38.9617
   24945      39.0250
   24946      38.8019
   24947      39.0642
   24948      38.9353
   24949      38.7474
   24950      38.7221
   24951      39.0660
   24952      38.6926
   24953      39.1356
   24954      38.9269
   24955      39.0016
   24956      38.7655
   24957      39.0644
   24958      39.1677
   24959      39.2399
   24960      39.2180
   24961      39.0489
   24962      39.1094
   24963      38.9391
   24964      38.8807
   24965      38.7442
   24966      39.0601
   24967      38.8230
   24968      38.3900
   24969      38.3180
   24970      38.6649
   24971      38.8105
   24972      38.8938
   24973      38.6217
   24974      38.6630
   24975      39.0165
   24976      38.6060
   24977      38.4868
   24978      38.5832
   24979      38.7618
   24980      38.7821
   24981      38.4143
   24982      38.5059
   24983      38.8319
   24984      38.8904
   24985      38.7813
   24986      38.7411
   24987      38.7703
   24988      38.8084
   24989      38.7235
   24990      38.6538
   24991      38.7148
   24992      38.6868
   24993      38.6750
   24994      38.7121
   24995      38.7241
   24996      38.6465
   24997      39.0733
   24998      38.8262
   24999      38.7093
   25000      38.5890
   25001      38.5033
   25002      38.3166
   25003      38.7886
   25004      38.7879
   25005      38.4169
   25006      38.4849
   25007      38.7511
   25008      38.6619
   25009      38.6493
   25010      38.9983
   25011      38.6947
   25012      38.7032
   25013      38.8956
   25014      38.5930
   25015      38.7526
   25016      38.9947
   25017      38.9813
   25018      38.7463
   25019      38.6896
   25020      38.2444
   25021      38.2786
   25022      38.4792
   25023      38.3654
   25024      38.5916
   25025      38.5392
   25026      38.8403
   25027      38.6502
   25028      38.8907
   25029      38.8591
   25030      38.9247
   25031      39.0235
   25032      38.6439
   25033      38.6076
   25034      38.7806
   25035      38.6800
   25036      38.9903
   25037      38.4773
   25038      38.5046
   25039      38.7514
   25040      38.7747
   25041      38.5129
   25042      38.8671
   25043      38.7121
   25044      38.9102
   25045      38.7982
   25046      39.0665
   25047      38.3931
   25048      38.5561
   25049      38.7007
   25050      38.5191
   25051      38.5534
   25052      38.4220
   25053      38.2092
   25054      38.2180
   25055      38.5124
   25056      38.1761
   25057      38.3051
   25058      38.1996
   25059      38.3079
   25060      38.9621
   25061      38.4780
   25062      38.7064
   25063      38.5204
   25064      38.5764
   25065      38.5475
   25066      38.9521
   25067      38.5565
   25068      38.7122
   25069      38.5917
   25070      38.6795
   25071      38.7325
   25072      38.6507
   25073      38.4740
   25074      38.9051
   25075      38.8484
   25076      39.2971
   25077      38.6104
   25078      38.7534
   25079      38.4648
   25080      38.9643
   25081      38.4111
   25082      38.6623
   25083      38.8748
   25084      38.8824
   25085      38.6331
   25086      38.8685
   25087      38.6081
   25088      38.7142
   25089      38.5737
   25090      39.0014
   25091      38.7759
   25092      38.7832
   25093      39.1326
   25094      39.0025
   25095      39.0484
   25096      38.8627
   25097      38.8671
   25098      38.5194
   25099      38.7124
   25100      38.7959
   25101      38.9953
   25102      38.9633
   25103      38.9628
   25104      38.7871
   25105      38.9250
   25106      39.1465
   25107      39.0376
   25108      39.0457
   25109      38.7798
   25110      38.7251
   25111      38.5436
   25112      38.3845
   25113      38.5537
   25114      38.4994
   25115      39.0340
   25116      38.7437
   25117      38.8400
   25118      38.8596
   25119      38.7500
   25120      38.7479
   25121      38.9990
   25122      39.2535
   25123      38.9608
   25124      38.4992
   25125      38.7595
   25126      38.5110
   25127      39.0352
   25128      38.7119
   25129      38.9778
   25130      39.0231
   25131      38.1254
   25132      38.6672
   25133      38.7927
   25134      38.3135
   25135      38.6752
   25136      38.4240
   25137      38.5563
   25138      38.5509
   25139      38.6194
   25140      38.5994
   25141      38.8191
   25142      38.7706
   25143      38.6260
   25144      38.3232
   25145      38.2887
   25146      38.3634
   25147      38.3802
   25148      38.5297
   25149      38.5114
   25150      38.4398
   25151      38.6337
   25152      38.7363
   25153      38.7803
   25154      38.6222
   25155      38.8130
   25156      38.4700
   25157      38.4873
   25158      38.6263
   25159      38.1036
   25160      38.4801
   25161      38.5121
   25162      38.2213
   25163      38.4813
   25164      38.6786
   25165      38.9081
   25166      38.6844
   25167      38.4931
   25168      38.7909
   25169      38.9494
   25170      38.3794
   25171      38.6317
   25172      38.8571
   25173      38.7530
   25174      38.4835
   25175      38.3725
   25176      38.6915
   25177      38.3654
   25178      38.7494
   25179      38.8274
   25180      38.9296
   25181      38.9103
   25182      38.4589
   25183      39.1044
   25184      38.4084
   25185      38.8002
   25186      38.7520
   25187      39.1760
   25188      38.8409
   25189      39.1945
   25190      38.7023
   25191      38.7964
   25192      38.7821
   25193      38.6057
   25194      38.7752
   25195      38.7985
   25196      38.6005
   25197      38.8474
   25198      39.1037
   25199      38.5433
   25200      38.9044
   25201      38.5927
   25202      38.4899
   25203      38.7548
   25204      38.6170
   25205      38.8857
   25206      38.9423
   25207      38.6313
   25208      38.6614
   25209      38.6857
   25210      38.8839
   25211      38.8339
   25212      38.8176
   25213      38.9561
   25214      38.6208
   25215      38.3918
   25216      38.7792
   25217      38.7431
   25218      38.7934
   25219      38.6465
   25220      39.0399
   25221      38.9236
   25222      38.8699
   25223      39.0630
   25224      38.9141
   25225      38.6654
   25226      38.8360
   25227      38.7236
   25228      38.8344
   25229      38.4515
   25230      38.7189
   25231      38.8112
   25232      39.0158
   25233      38.9936
   25234      38.6751
   25235      38.5216
   25236      38.5099
   25237      38.4481
   25238      38.4690
   25239      38.4697
   25240      38.4626
   25241      38.3753
   25242      38.2068
   25243      38.4032
   25244      38.2009
   25245      38.8427
   25246      38.6432
   25247      38.4885
   25248      38.4440
   25249      38.7955
   25250      38.4675
   25251      38.4842
   25252      38.0898
   25253      38.4395
   25254      38.2824
   25255      38.5098
   25256      38.7494
   25257      38.5454
   25258      38.0097
   25259      38.2095
   25260      38.6420
   25261      38.8316
   25262      38.8262
   25263      39.1610
   25264      39.0014
   25265      39.1339
   25266      38.6291
   25267      38.3255
   25268      38.9141
   25269      38.9285
   25270      38.6844
   25271      38.4182
   25272      38.4714
   25273      38.6730
   25274      38.8023
   25275      38.7339
   25276      39.0594
   25277      38.8227
   25278      38.5830
   25279      38.8442
   25280      38.8924
   25281      38.8759
   25282      38.5018
   25283      38.4770
   25284      38.2546
   25285      38.4607
   25286      38.6269
   25287      39.1781
   25288      38.9420
   25289      38.5423
   25290      38.6864
   25291      38.7110
   25292      38.6556
   25293      38.3597
   25294      38.5751
   25295      38.5482
   25296      38.5313
   25297      38.1196
   25298      38.4700
   25299      38.2666
   25300      38.2695
   25301      38.2724
   25302      38.1267
   25303      38.5145
   25304      38.4868
   25305      38.2216
   25306      38.2044
   25307      38.5520
   25308      38.2798
   25309      38.5560
   25310      38.3067
   25311      38.1760
   25312      38.5579
   25313      38.5817
   25314      38.5512
   25315      38.0864
   25316      38.1753
   25317      38.3452
   25318      38.3401
   25319      38.3901
   25320      38.6382
   25321      38.4417
   25322      38.6281
   25323      38.3460
   25324      38.6065
   25325      38.2463
   25326      38.3588
   25327      38.5072
   25328      38.5822
   25329      38.4155
   25330      38.6594
   25331      38.7802
   25332      38.5335
   25333      38.5782
   25334      38.8310
   25335      38.6377
   25336      38.7210
   25337      38.4017
   25338      38.1651
   25339      38.2003
   25340      38.5418
   25341      38.5255
   25342      38.5584
   25343      38.9001
   25344      38.7417
   25345      38.6120
   25346      38.5715
   25347      38.7121
   25348      38.6469
   25349      38.5951
   25350      38.4996
   25351      38.6889
   25352      38.6664
   25353      39.0953
   25354      38.8080
   25355      38.6578
   25356      38.5146
   25357      38.1342
   25358      38.3544
   25359      38.6507
   25360      38.3797
   25361      38.2544
   25362      38.8279
   25363      38.5976
   25364      38.5262
   25365      38.4075
   25366      38.7365
   25367      38.2929
   25368      38.6817
   25369      38.6946
   25370      38.8638
   25371      38.5028
   25372      38.4494
   25373      38.6400
   25374      38.5791
   25375      38.4910
   25376      38.3548
   25377      38.6633
   25378      38.3187
   25379      38.6360
   25380      38.7605
   25381      39.0271
   25382      38.7879
   25383      38.4433
   25384      38.4487
   25385      38.5448
   25386      38.5580
   25387      38.2023
   25388      38.4252
   25389      38.3470
   25390      38.4111
   25391      38.7684
   25392      38.5915
   25393      38.3223
   25394      38.4043
   25395      38.0419
   25396      38.1603
   25397      38.2103
   25398      37.9893
   25399      37.9414
   25400      38.6783
   25401      38.6838
   25402      38.9241
   25403      38.8285
   25404      38.6680
   25405      38.1223
   25406      38.6836
   25407      39.0218
   25408      38.5401
   25409      38.8083
   25410      38.6995
   25411      38.8508
   25412      38.6215
   25413      38.2851
   25414      38.5151
   25415      38.6578
   25416      38.7034
   25417      38.2417
   25418      38.2526
   25419      38.4523
   25420      38.2939
   25421      38.3847
   25422      38.4830
   25423      38.3194
   25424      38.6525
   25425      38.6418
   25426      38.3221
   25427      37.9634
   25428      38.4597
   25429      38.4688
   25430      38.7585
   25431      38.8387
   25432      38.6005
   25433      38.7998
   25434      38.4681
   25435      38.7364
   25436      38.4525
   25437      38.4630
   25438      38.4481
   25439      38.3561
   25440      38.6901
   25441      38.6762
   25442      38.5875
   25443      38.5674
   25444      38.2123
   25445      38.4204
   25446      38.6092
   25447      37.9870
   25448      38.5383
   25449      38.3115
   25450      38.6148
   25451      38.1876
   25452      38.7416
   25453      38.9034
   25454      38.5277
   25455      38.0635
   25456      39.1896
   25457      38.3410
   25458      38.4814
   25459      38.4689
   25460      38.4077
   25461      38.7656
   25462      38.9211
   25463      38.9528
   25464      38.6454
   25465      38.4214
   25466      38.7886
   25467      38.3392
   25468      38.5108
   25469      38.4019
   25470      38.3629
   25471      38.9231
   25472      38.5142
   25473      38.4783
   25474      37.9541
   25475      38.3336
   25476      38.8723
   25477      38.7003
   25478      38.1958
   25479      38.6422
   25480      38.2052
   25481      38.7023
   25482      38.6429
   25483      38.7871
   25484      38.6585
   25485      38.8310
   25486      38.7261
   25487      38.7176
   25488      39.6612
   25489      38.7142
   25490      38.3606
   25491      38.7832
   25492      38.4754
   25493      38.3639
   25494      38.7162
   25495      38.4883
   25496      38.7475
   25497      38.3165
   25498      38.5503
   25499      38.5265
   25500      38.5821
   25501      38.2146
   25502      38.1341
   25503      38.7860
   25504      38.7293
   25505      38.5015
   25506      38.3920
   25507      38.7782
   25508      38.6878
   25509      38.7267
   25510      38.9463
   25511      38.4477
   25512      38.4387
   25513      38.5661
   25514      38.6416
   25515      38.4658
   25516      38.4279
   25517      38.1882
   25518      38.3747
   25519      38.8691
   25520      38.8706
   25521      38.6932
   25522      38.9168
   25523      38.5390
   25524      38.5351
   25525      38.5687
   25526      38.7624
   25527      38.4654
   25528      38.6852
   25529      38.7502
   25530      38.3817
   25531      38.5686
   25532      38.8465
   25533      38.9831
   25534      38.1741
   25535      38.6980
   25536      38.4408
   25537      38.6649
   25538      38.5381
   25539      39.1874
   25540      38.8485
   25541      38.8688
   25542      38.8759
   25543      38.6779
   25544      39.1048
   25545      38.5578
   25546      38.8555
   25547      38.5701
   25548      38.4561
   25549      38.5214
   25550      38.4671
   25551      38.6801
   25552      38.7056
   25553      39.0256
   25554      38.9919
   25555      38.9985
   25556      38.8037
   25557      38.6051
   25558      38.7875
   25559      38.6476
   25560      38.6695
   25561      38.3931
   25562      38.5289
   25563      38.7600
   25564      38.7538
   25565      38.4578
   25566      38.6149
   25567      38.6474
   25568      39.3052
   25569      38.9430
   25570      38.8238
   25571      38.7266
   25572      38.4083
   25573      38.1235
   25574      38.6205
   25575      38.5317
   25576      38.5122
   25577      38.7477
   25578      39.1019
   25579      39.1023
   25580      38.9044
   25581      38.4398
   25582      38.8259
   25583      38.7485
   25584      38.7775
   25585      38.7357
   25586      38.8948
   25587      38.5335
   25588      38.7366
   25589      38.4962
   25590      38.5423
   25591      38.6859
   25592      38.3396
   25593      38.4683
   25594      38.5473
   25595      38.9642
   25596      38.4253
   25597      38.7339
   25598      38.6003
   25599      38.3164
   25600      38.4957
   25601      38.5880
   25602      38.5492
   25603      38.6132
   25604      38.4208
   25605      38.4784
   25606      38.8977
   25607      38.8264
   25608      38.4657
   25609      38.5798
   25610      38.7145
   25611      38.4657
   25612      38.4016
   25613      38.7313
   25614      38.3257
   25615      39.2167
   25616      39.2093
   25617      38.8695
   25618      38.9587
   25619      38.8960
   25620      38.4854
   25621      38.8233
   25622      38.6639
   25623      38.8605
   25624      38.9017
   25625      38.9019
   25626      39.2180
   25627      38.7784
   25628      38.3626
   25629      38.6735
   25630      38.5959
   25631      38.4747
   25632      38.7751
   25633      38.5206
   25634      38.3508
   25635      38.7159
   25636      38.3547
   25637      38.4457
   25638      38.6120
   25639      38.4347
   25640      38.6777
   25641      38.4606
   25642      38.2919
   25643      38.7855
   25644      38.9638
   25645      38.9214
   25646      39.0398
   25647      39.0245
   25648      38.8272
   25649      38.9442
   25650      39.1804
   25651      39.2748
   25652      38.5679
   25653      38.7704
   25654      38.4595
   25655      38.6654
   25656      38.8545
   25657      38.8640
   25658      38.7263
   25659      38.5710
   25660      38.6222
   25661      38.4263
   25662      38.7660
   25663      38.4553
   25664      38.6949
   25665      38.3613
   25666      38.6133
   25667      38.7142
   25668      38.6301
   25669      38.9758
   25670      38.7949
   25671      38.6813
   25672      38.5168
   25673      38.6616
   25674      38.9716
   25675      38.9189
   25676      38.8712
   25677      39.0966
   25678      38.9206
   25679      38.7245
   25680      38.6724
   25681      38.8291
   25682      38.5295
   25683      38.4153
   25684      38.2455
   25685      38.8294
   25686      38.3443
   25687      38.2122
   25688      38.2337
   25689      38.4218
   25690      38.4086
   25691      38.6566
   25692      38.4749
   25693      38.3493
   25694      38.3042
   25695      38.5435
   25696      38.5587
   25697      38.1507
   25698      38.6121
   25699      38.6181
   25700      38.6788
   25701      38.5522
   25702      38.0613
   25703      38.6055
   25704      38.3603
   25705      38.5854
   25706      38.4220
   25707      38.7494
   25708      38.4975
   25709      38.5770
   25710      38.6497
   25711      38.6455
   25712      38.7390
   25713      38.9038
   25714      38.7102
   25715      38.4519
   25716      38.2729
   25717      38.5162
   25718      38.4601
   25719      38.2249
   25720      38.0725
   25721      38.5884
   25722      38.1661
   25723      38.1577
   25724      38.6208
   25725      38.6984
   25726      37.9883
   25727      38.7630
   25728      38.4285
   25729      38.2175
   25730      38.5760
   25731      38.5640
   25732      38.3229
   25733      38.4857
   25734      38.3028
   25735      38.5014
   25736      38.2942
   25737      38.1227
   25738      38.7014
   25739      38.5473
   25740      38.4484
   25741      38.1233
   25742      38.5378
   25743      38.2581
   25744      38.5954
   25745      38.6234
   25746      38.2243
   25747      38.7134
   25748      38.8953
   25749      38.6514
   25750      39.0277
   25751      38.8089
   25752      38.6648
   25753      38.5711
   25754      38.6930
   25755      38.8457
   25756      38.2329
   25757      39.2117
   25758      38.7853
   25759      38.7823
   25760      38.7593
   25761      38.6495
   25762      38.4414
   25763      38.4581
   25764      38.5900
   25765      38.5485
   25766      38.3153
   25767      38.8849
   25768      38.5438
   25769      38.3130
   25770      38.5402
   25771      38.5797
   25772      38.7655
   25773      38.5765
   25774      39.0968
   25775      38.3546
   25776      38.4386
   25777      38.6238
   25778      38.4431
   25779      38.3682
   25780      38.5002
   25781      38.7605
   25782      38.4536
   25783      38.2108
   25784      38.1926
   25785      38.1690
   25786      38.2143
   25787      38.6188
   25788      38.4477
   25789      38.1413
   25790      38.4218
   25791      38.2022
   25792      38.5755
   25793      38.5563
   25794      38.1762
   25795      38.4590
   25796      38.3771
   25797      38.4481
   25798      38.1867
   25799      38.3545
   25800      38.4923
   25801      38.3453
   25802      38.5203
   25803      38.3845
   25804      38.1603
   25805      38.3257
   25806      38.8792
   25807      38.6551
   25808      38.4316
   25809      38.3912
   25810      38.5961
   25811      38.3240
   25812      38.1428
   25813      38.3162
   25814      38.4651
   25815      38.4247
   25816      38.5738
   25817      38.5446
   25818      38.2241
   25819      38.3465
   25820      38.2560
   25821      38.2360
   25822      38.5922
   25823      38.8311
   25824      38.5032
   25825      37.9821
   25826      38.5535
   25827      38.5177
   25828      38.4858
   25829      38.5166
   25830      38.8047
   25831      38.7023
   25832      38.7223
   25833      38.6642
   25834      38.5244
   25835      38.2293
   25836      38.4435
   25837      38.2342
   25838      38.5268
   25839      38.2469
   25840      38.4170
   25841      38.5832
   25842      38.2507
   25843      38.3340
   25844      38.6650
   25845      38.5808
   25846      38.7955
   25847      38.5161
   25848      38.9048
   25849      38.5747
   25850      38.3491
   25851      38.7701
   25852      38.8644
   25853      38.6091
   25854      38.4749
   25855      38.5924
   25856      38.4921
   25857      38.3637
   25858      38.4820
   25859      38.4826
   25860      38.2521
   25861      38.2595
   25862      38.5730
   25863      38.4158
   25864      38.3698
   25865      38.3664
   25866      38.4381
   25867      38.5141
   25868      38.3681
   25869      38.6601
   25870      38.5296
   25871      38.6620
   25872      38.4086
   25873      38.7013
   25874      39.2502
   25875      39.0231
   25876      38.5149
   25877      38.5792
   25878      38.6666
   25879      38.5236
   25880      38.5454
   25881      38.3806
   25882      38.3197
   25883      38.7615
   25884      38.3117
   25885      38.7057
   25886      38.2841
   25887      38.5523
   25888      38.6988
   25889      38.6604
   25890      38.5042
   25891      38.3313
   25892      38.9284
   25893      38.4259
   25894      38.6250
   25895      38.6964
   25896      38.7050
   25897      38.5565
   25898      38.7273
   25899      38.7444
   25900      38.4732
   25901      38.5236
   25902      38.3161
   25903      38.2465
   25904      38.4111
   25905      38.3260
   25906      37.9500
   25907      38.3642
   25908      38.5523
   25909      38.3841
   25910      38.4947
   25911      38.3706
   25912      38.4316
   25913      38.0034
   25914      38.5691
   25915      38.4050
   25916      38.5577
   25917      38.4484
   25918      38.4694
   25919      38.5297
   25920      38.4658
   25921      38.5361
   25922      38.5563
   25923      38.3615
   25924      38.1396
   25925      38.3676
   25926      38.6790
   25927      38.6933
   25928      38.4663
   25929      38.2839
   25930      38.2573
   25931      38.4880
   25932      38.3786
   25933      38.1576
   25934      38.2712
   25935      38.6138
   25936      38.6260
   25937      38.4908
   25938      38.4717
   25939      38.7342
   25940      38.0972
   25941      38.2945
   25942      38.5432
   25943      38.9646
   25944      38.5415
   25945      38.6045
   25946      38.5995
   25947      38.3548
   25948      38.5243
   25949      38.4233
   25950      38.5136
   25951      38.5265
   25952      38.7243
   25953      38.4402
   25954      38.7162
   25955      38.7505
   25956      38.9509
   25957      38.9820
   25958      38.9365
   25959      38.9164
   25960      38.7060
   25961      39.1359
   25962      38.7340
   25963      38.8308
   25964      38.8369
   25965      38.6171
   25966      39.0628
   25967      38.6880
   25968      38.8918
   25969      38.7362
   25970      38.4784
   25971      39.0837
   25972      38.4252
   25973      38.0316
   25974      38.2035
   25975      38.5964
   25976      38.5769
   25977      38.6564
   25978      38.7441
   25979      38.6051
   25980      38.2795
   25981      38.4175
   25982      38.6546
   25983      39.1187
   25984      38.9058
   25985      38.9890
   25986      38.7772
   25987      38.4932
   25988      38.5647
   25989      38.2232
   25990      38.0521
   25991      37.9644
   25992      38.0243
   25993      38.2446
   25994      38.3475
   25995      38.6168
   25996      38.3186
   25997      38.4957
   25998      38.6728
   25999      38.6526
   26000      38.7028
   26001      38.8455
   26002      38.8628
   26003      38.3411
   26004      38.7317
   26005      38.9440
   26006      38.6933
   26007      38.3820
   26008      38.6282
   26009      38.3528
   26010      38.4592
   26011      38.7287
   26012      38.4387
   26013      38.6267
   26014      38.9190
   26015      38.4951
   26016      38.2427
   26017      38.3544
   26018      38.3885
   26019      38.3183
   26020      38.4491
   26021      38.2897
   26022      38.5123
   26023      38.3373
   26024      38.1461
   26025      38.2435
   26026      38.2467
   26027      38.3110
   26028      38.3990
   26029      38.8197
   26030      38.7054
   26031      38.7095
   26032      38.4967
   26033      38.5766
   26034      38.9391
   26035      38.7444
   26036      38.4863
   26037      38.7762
   26038      38.9513
   26039      38.6136
   26040      38.8867
   26041      38.3511
   26042      38.6397
   26043      38.3710
   26044      38.1126
   26045      39.1373
   26046      38.6119
   26047      38.5237
   26048      38.6252
   26049      38.1325
   26050      38.0253
   26051      38.7728
   26052      38.1247
   26053      38.2929
   26054      38.2774
   26055      38.5530
   26056      38.0511
   26057      38.0155
   26058      38.2299
   26059      38.4424
   26060      38.3751
   26061      37.9688
   26062      38.3130
   26063      38.1008
   26064      38.3446
   26065      38.4428
   26066      38.5392
   26067      38.4522
   26068      38.5471
   26069      38.4779
   26070      38.6305
   26071      38.7313
   26072      38.3782
   26073      38.4606
   26074      38.6145
   26075      38.6741
   26076      38.5540
   26077      38.5232
   26078      38.1811
   26079      38.2079
   26080      38.3536
   26081      38.2454
   26082      38.0362
   26083      38.3936
   26084      38.4112
   26085      38.7887
   26086      38.5658
   26087      38.5730
   26088      38.2766
   26089      38.0658
   26090      37.9020
   26091      38.5178
   26092      38.6977
   26093      38.7232
   26094      38.6405
   26095      38.1905
   26096      38.4046
   26097      38.3929
   26098      38.4656
   26099      38.4842
   26100      38.6895
   26101      38.5604
   26102      38.6378
   26103      38.5051
   26104      38.6031
   26105      38.6580
   26106      38.5272
   26107      38.9153
   26108      38.2889
   26109      38.6138
   26110      38.6340
   26111      38.9065
   26112      38.5870
   26113      38.7353
   26114      38.6652
   26115      38.3262
   26116      38.2689
   26117      38.6265
   26118      38.5668
   26119      38.5202
   26120      38.1982
   26121      38.6132
   26122      38.3830
   26123      38.3067
   26124      38.3162
   26125      38.4976
   26126      38.4604
   26127      38.2860
   26128      38.3842
   26129      38.7821
   26130      38.6291
   26131      38.6213
   26132      38.7232
   26133      38.6888
   26134      38.5024
   26135      38.4141
   26136      38.5566
   26137      38.8999
   26138      38.4867
   26139      38.6116
   26140      38.6671
   26141      38.7027
   26142      38.1808
   26143      38.3977
   26144      38.7153
   26145      38.5000
   26146      38.8437
   26147      38.6418
   26148      38.6018
   26149      38.4020
   26150      38.4203
   26151      38.8756
   26152      38.8217
   26153      38.7618
   26154      38.5897
   26155      38.4814
   26156      38.2914
   26157      37.9735
   26158      38.2613
   26159      38.1518
   26160      38.4282
   26161      38.3769
   26162      38.5383
   26163      38.5148
   26164      38.3764
   26165      38.9519
   26166      38.6254
   26167      38.5193
   26168      38.5773
   26169      38.5543
   26170      38.6467
   26171      38.6278
   26172      38.4884
   26173      38.5955
   26174      38.5382
   26175      38.3686
   26176      38.4127
   26177      38.5380
   26178      38.6478
   26179      38.6885
   26180      38.7113
   26181      38.8500
   26182      39.0216
   26183      38.4894
   26184      38.6618
   26185      38.3249
   26186      38.2811
   26187      38.2908
   26188      38.4634
   26189      38.7838
   26190      38.7574
   26191      38.7192
   26192      39.0339
   26193      38.6635
   26194      38.5365
   26195      38.4608
   26196      38.6082
   26197      38.8242
   26198      38.6161
   26199      38.8628
   26200      38.3113
   26201      38.4393
   26202      38.6699
   26203      38.9709
   26204      38.4160
   26205      38.7557
   26206      38.7731
   26207      38.3411
   26208      38.6131
   26209      38.3891
   26210      38.5927
   26211      38.3102
   26212      38.5824
   26213      38.2477
   26214      38.6439
   26215      38.6043
   26216      38.5039
   26217      38.7335
   26218      38.5830
   26219      38.6008
   26220      38.7546
   26221      38.4716
   26222      38.9109
   26223      38.2975
   26224      38.3449
   26225      38.7604
   26226      39.1064
   26227      38.3928
   26228      38.3740
   26229      39.0627
   26230      38.6226
   26231      38.4968
   26232      38.2461
   26233      38.2931
   26234      38.5604
   26235      38.1043
   26236      38.7748
   26237      38.6111
   26238      38.3668
   26239      38.2344
   26240      38.7777
   26241      38.6533
   26242      38.9640
   26243      39.1858
   26244      38.3693
   26245      38.5714
   26246      38.8809
   26247      38.9244
   26248      38.3814
   26249      38.7361
   26250      38.4829
   26251      38.3452
   26252      38.4439
   26253      39.0103
   26254      38.9242
   26255      38.5167
   26256      38.4995
   26257      38.2743
   26258      38.5997
   26259      38.3916
   26260      38.7213
   26261      38.8983
   26262      38.9468
   26263      38.6033
   26264      38.3348
   26265      38.4408
   26266      38.4663
   26267      38.6011
   26268      38.3541
   26269      39.0741
   26270      38.3799
   26271      38.5260
   26272      38.5794
   26273      38.9132
   26274      39.0350
   26275      38.9799
   26276      38.3091
   26277      38.7861
   26278      38.2621
   26279      38.7074
   26280      38.3497
   26281      38.1030
   26282      38.3629
   26283      38.2776
   26284      38.0763
   26285      38.1665
   26286      38.5621
   26287      38.5078
   26288      38.5140
   26289      38.6668
   26290      38.5197
   26291      38.2146
   26292      38.2168
   26293      38.4197
   26294      38.8561
   26295      38.9695
   26296      38.7462
   26297      38.6977
   26298      38.4156
   26299      38.3711
   26300      38.1819
   26301      38.4583
   26302      38.4863
   26303      38.6252
   26304      38.0733
   26305      38.5448
   26306      38.2836
   26307      38.3828
   26308      38.5515
   26309      38.6674
   26310      38.7968
   26311      38.7940
   26312      38.9625
   26313      38.6030
   26314      38.6818
   26315      38.7925
   26316      39.2449
   26317      38.7229
   26318      39.0890
   26319      38.6693
   26320      38.0432
   26321      38.4122
   26322      38.7673
   26323      38.6488
   26324      38.9626
   26325      38.7190
   26326      38.8667
   26327      39.2863
   26328      39.0453
   26329      39.1857
   26330      39.0099
   26331      38.8770
   26332      38.4931
   26333      38.8653
   26334      39.0906
   26335      38.9482
   26336      38.6775
   26337      38.7650
   26338      38.8583
   26339      38.7890
   26340      38.6759
   26341      38.6524
   26342      38.5977
   26343      38.7424
   26344      38.5076
   26345      38.8017
   26346      39.0265
   26347      39.1557
   26348      38.4464
   26349      38.6568
   26350      38.8086
   26351      38.4656
   26352      39.1141
   26353      38.6645
   26354      38.4711
   26355      38.6756
   26356      38.5511
   26357      38.8077
   26358      39.1111
   26359      38.5740
   26360      38.4790
   26361      38.3050
   26362      38.6021
   26363      38.3806
   26364      38.4827
   26365      38.5078
   26366      38.2688
   26367      38.3546
   26368      38.2887
   26369      38.7654
   26370      38.5955
   26371      38.6583
   26372      38.9523
   26373      38.5701
   26374      39.1054
   26375      38.7306
   26376      38.6802
   26377      39.0149
   26378      38.7389
   26379      38.6329
   26380      38.9865
   26381      38.8137
   26382      39.0241
   26383      38.7216
   26384      38.5707
   26385      38.7032
   26386      38.7086
   26387      39.1548
   26388      38.9923
   26389      39.2448
   26390      38.8609
   26391      38.8521
   26392      39.2651
   26393      38.9829
   26394      38.7550
   26395      38.9194
   26396      39.3165
   26397      38.9556
   26398      39.2723
   26399      39.5038
   26400      38.9976
   26401      39.1418
   26402      39.1615
   26403      38.5946
   26404      38.7391
   26405      38.7100
   26406      38.8140
   26407      38.7247
   26408      38.6474
   26409      39.0476
   26410      39.0915
   26411      38.7145
   26412      38.7488
   26413      38.9579
   26414      38.6766
   26415      38.3759
   26416      38.6189
   26417      38.5650
   26418      38.6180
   26419      39.0606
   26420      38.9172
   26421      39.0944
   26422      38.8496
   26423      39.1121
   26424      39.0447
   26425      39.3288
   26426      39.2608
   26427      38.9902
   26428      38.8737
   26429      38.9597
   26430      39.0216
   26431      39.0934
   26432      39.2939
   26433      39.1983
   26434      39.0233
   26435      38.9183
   26436      38.6681
   26437      38.9803
   26438      38.9144
   26439      38.9962
   26440      39.2394
   26441      38.7963
   26442      39.2519
   26443      38.9875
   26444      39.3812
   26445      39.1817
   26446      39.2773
   26447      38.8267
   26448      39.0217
   26449      39.2717
   26450      39.0725
   26451      39.0912
   26452      38.9105
   26453      39.0768
   26454      38.8060
   26455      38.7524
   26456      38.8167
   26457      38.6956
   26458      38.4357
   26459      38.7279
   26460      38.8469
   26461      38.9685
   26462      38.9525
   26463      38.8588
   26464      38.6938
   26465      38.8560
   26466      39.0061
   26467      38.6983
   26468      38.9235
   26469      38.9598
   26470      39.1586
   26471      38.8776
   26472      38.5704
   26473      38.6792
   26474      39.0152
   26475      39.1107
   26476      39.0238
   26477      38.7764
   26478      38.8421
   26479      38.5433
   26480      38.9353
   26481      38.5633
   26482      38.9033
   26483      38.8336
   26484      38.8721
   26485      38.5380
   26486      38.6336
   26487      38.7812
   26488      38.8598
   26489      38.5543
   26490      38.7669
   26491      38.7214
   26492      38.9096
   26493      38.5700
   26494      38.7033
   26495      38.8057
   26496      38.6518
   26497      38.4283
   26498      38.8087
   26499      38.8533
   26500      38.9102
   26501      39.1437
   26502      38.8552
   26503      38.9961
   26504      39.1069
   26505      38.8203
   26506      38.6875
   26507      38.6609
   26508      38.7687
   26509      38.6394
   26510      38.8302
   26511      38.3737
   26512      38.5458
   26513      38.5511
   26514      38.4551
   26515      38.8858
   26516      38.9771
   26517      39.0019
   26518      38.9686
   26519      38.9109
   26520      38.7841
   26521      38.9772
   26522      38.9915
   26523      39.0358
   26524      38.6770
   26525      38.9656
   26526      38.7533
   26527      38.8669
   26528      38.6677
   26529      38.7994
   26530      38.8479
   26531      39.0257
   26532      38.8560
   26533      38.7382
   26534      39.0370
   26535      39.3214
   26536      39.0514
   26537      39.3088
   26538      38.9428
   26539      38.7916
   26540      39.2295
   26541      39.0047
   26542      38.7710
   26543      38.9733
   26544      38.9119
   26545      38.8023
   26546      38.6998
   26547      38.3873
   26548      39.0749
   26549      38.8840
   26550      38.5909
   26551      38.9682
   26552      38.7243
   26553      38.9410
   26554      38.9575
   26555      38.8842
   26556      38.6790
   26557      38.7275
   26558      38.5791
   26559      38.7422
   26560      38.7650
   26561      38.9011
   26562      38.6306
   26563      38.8042
   26564      38.9358
   26565      38.7658
   26566      38.7655
   26567      38.5591
   26568      38.5982
   26569      38.9668
   26570      38.8896
   26571      38.9615
   26572      39.3774
   26573      38.7848
   26574      38.7855
   26575      38.7494
   26576      38.4379
   26577      38.9585
   26578      38.6618
   26579      38.4281
   26580      38.7606
   26581      38.8622
   26582      39.1834
   26583      38.9002
   26584      39.3547
   26585      38.8593
   26586      38.6536
   26587      38.5988
   26588      38.7570
   26589      38.8749
   26590      38.6001
   26591      38.9186
   26592      39.0988
   26593      38.8479
   26594      38.7601
   26595      38.8787
   26596      38.6213
   26597      39.0926
   26598      38.9067
   26599      38.8365
   26600      38.7231
   26601      38.4869
   26602      38.9497
   26603      38.5309
   26604      38.6424
   26605      38.5193
   26606      38.4114
   26607      38.8934
   26608      38.8150
   26609      38.9128
   26610      38.8030
   26611      39.0078
   26612      38.8481
   26613      38.7441
   26614      38.4313
   26615      38.8631
   26616      38.3221
   26617      38.6584
   26618      38.8640
   26619      38.8736
   26620      38.7113
   26621      38.4044
   26622      38.5337
   26623      38.6785
   26624      38.6577
   26625      38.4536
   26626      38.8407
   26627      38.9857
   26628      39.1543
   26629      39.2004
   26630      38.7027
   26631      39.1379
   26632      38.7987
   26633      38.8697
   26634      38.9332
   26635      38.7800
   26636      38.7034
   26637      38.8658
   26638      38.6890
   26639      38.4148
   26640      38.6539
   26641      38.9038
   26642      38.3870
   26643      38.7794
   26644      39.3977
   26645      38.6049
   26646      38.6788
   26647      38.8952
   26648      39.4876
   26649      39.1667
   26650      38.9323
   26651      39.2275
   26652      38.9527
   26653      38.9199
   26654      38.7077
   26655      38.8916
   26656      38.8690
   26657      39.3206
   26658      39.1982
   26659      39.0065
   26660      39.1526
   26661      39.1024
   26662      39.1855
   26663      39.2431
   26664      39.4432
   26665      39.3429
   26666      39.2101
   26667      39.3853
   26668      39.1198
   26669      39.0608
   26670      38.6693
   26671      38.9891
   26672      39.0899
   26673      38.7357
   26674      38.5658
   26675      38.6778
   26676      38.5503
   26677      38.6869
   26678      38.4885
   26679      38.3414
   26680      38.4265
   26681      38.3045
   26682      38.4312
   26683      38.5147
   26684      38.6089
   26685      38.7587
   26686      38.7542
   26687      38.8077
   26688      39.1916
   26689      38.9598
   26690      38.5970
   26691      38.3594
   26692      38.4700
   26693      38.5886
   26694      38.7506
   26695      38.7251
   26696      38.7433
   26697      38.5217
   26698      38.5269
   26699      38.6908
   26700      38.5782
   26701      38.4531
   26702      38.8920
   26703      38.9378
   26704      38.8951
   26705      38.5779
   26706      39.0671
   26707      38.7870
   26708      38.7234
   26709      38.8496
   26710      38.9797
   26711      38.5654
   26712      38.7176
   26713      38.9787
   26714      38.8869
   26715      38.9377
   26716      38.8051
   26717      38.6314
   26718      38.4948
   26719      38.6130
   26720      38.9349
   26721      38.4704
   26722      38.9527
   26723      38.6669
   26724      38.9939
   26725      38.6088
   26726      38.7161
   26727      38.3080
   26728      38.4729
   26729      38.2515
   26730      38.8261
   26731      38.5309
   26732      38.6988
   26733      38.6726
   26734      39.0826
   26735      38.7972
   26736      38.5528
   26737      38.5741
   26738      38.7941
   26739      38.2215
   26740      38.5922
   26741      38.3763
   26742      38.5814
   26743      38.7360
   26744      38.8475
   26745      38.5146
   26746      38.9401
   26747      38.6950
   26748      38.3878
   26749      38.5701
   26750      38.5809
   26751      38.6437
   26752      39.1018
   26753      38.8844
   26754      38.7216
   26755      38.7423
   26756      38.9743
   26757      38.8797
   26758      38.8779
   26759      38.2927
   26760      38.8326
   26761      38.5956
   26762      39.1522
   26763      39.0855
   26764      38.8885
   26765      39.0246
   26766      38.7900
   26767      38.7049
   26768      38.6030
   26769      38.5868
   26770      38.7761
   26771      38.6351
   26772      38.6078
   26773      38.7617
   26774      38.5863
   26775      38.7607
   26776      38.5436
   26777      38.4449
   26778      38.6757
   26779      38.7712
   26780      38.4309
   26781      38.6799
   26782      38.8161
   26783      38.7604
   26784      38.6735
   26785      38.5728
   26786      38.8703
   26787      38.9876
   26788      39.1410
   26789      38.6534
   26790      38.3672
   26791      38.7540
   26792      38.8516
   26793      39.0709
   26794      38.6483
   26795      38.5768
   26796      38.7181
   26797      38.6058
   26798      38.5481
   26799      39.0245
   26800      38.5659
   26801      39.0229
   26802      38.8653
   26803      38.4735
   26804      38.5992
   26805      38.6828
   26806      38.8128
   26807      39.1353
   26808      38.6242
   26809      38.7402
   26810      38.3131
   26811      38.4726
   26812      38.5469
   26813      38.6607
   26814      38.7834
   26815      38.7296
   26816      38.9705
   26817      38.8604
   26818      39.0143
   26819      38.7679
   26820      38.7174
   26821      38.6343
   26822      38.4851
   26823      38.6121
   26824      38.6670
   26825      38.6182
   26826      38.7511
   26827      38.7979
   26828      38.8276
   26829      38.8175
   26830      38.8420
   26831      38.8656
   26832      38.8953
   26833      38.7103
   26834      38.9807
   26835      38.7920
   26836      38.4735
   26837      38.6933
   26838      38.6011
   26839      38.7005
   26840      38.9347
   26841      38.4949
   26842      38.9508
   26843      38.5431
   26844      38.9054
   26845      38.8413
   26846      38.5861
   26847      38.9111
   26848      38.7730
   26849      39.1327
   26850      38.7500
   26851      38.6665
   26852      38.9252
   26853      38.8208
   26854      38.9011
   26855      39.4118
   26856      39.3452
   26857      39.5945
   26858      39.0055
   26859      39.4092
   26860      39.0130
   26861      38.9726
   26862      38.9459
   26863      39.2149
   26864      38.9289
   26865      38.9164
   26866      38.9185
   26867      39.3334
   26868      39.2056
   26869      39.0050
   26870      39.1484
   26871      38.8089
   26872      38.8465
   26873      38.8596
   26874      39.0219
   26875      38.8178
   26876      39.1602
   26877      38.8665
   26878      38.9619
   26879      38.8806
   26880      38.9109
   26881      38.9218
   26882      38.9418
   26883      39.2915
   26884      39.6161
   26885      38.7956
   26886      39.3170
   26887      39.1862
   26888      39.2074
   26889      39.5134
   26890      39.2132
   26891      39.3045
   26892      39.1070
   26893      39.1929
   26894      39.1287
   26895      38.9649
   26896      39.2819
   26897      39.2311
   26898      39.5654
   26899      39.4468
   26900      39.4042
   26901      39.2490
   26902      39.1065
   26903      39.1704
   26904      39.1316
   26905      38.9567
   26906      39.1009
   26907      38.9665
   26908      38.7912
   26909      39.0306
   26910      38.8414
   26911      39.1930
   26912      39.0703
   26913      39.3440
   26914      39.2573
   26915      39.4419
   26916      39.2442
   26917      39.1321
   26918      38.6802
   26919      39.3302
   26920      39.0835
   26921      39.5019
   26922      39.2654
   26923      39.4500
   26924      39.4310
   26925      39.3494
   26926      39.2561
   26927      39.1113
   26928      39.1967
   26929      39.1248
   26930      39.0998
   26931      39.1724
   26932      39.2219
   26933      38.9199
   26934      39.2206
   26935      39.2237
   26936      38.8875
   26937      38.7831
   26938      38.3541
   26939      38.4138
   26940      39.1418
   26941      39.0441
   26942      39.1774
   26943      39.0455
   26944      38.4438
   26945      39.1801
   26946      38.9613
   26947      38.9157
   26948      38.7635
   26949      39.0738
   26950      38.8900
   26951      38.8695
   26952      39.3974
   26953      39.0389
   26954      38.7799
   26955      39.0496
   26956      39.2328
   26957      39.2599
   26958      39.2190
   26959      39.1000
   26960      39.2017
   26961      38.8859
   26962      39.0200
   26963      39.2001
   26964      38.8776
   26965      39.3404
   26966      39.1894
   26967      38.9684
   26968      39.0522
   26969      39.1082
   26970      39.4770
   26971      39.0763
   26972      39.1210
   26973      39.0494
   26974      39.3265
   26975      39.5010
   26976      39.3337
   26977      39.0694
   26978      39.2290
   26979      39.2205
   26980      39.3700
   26981      39.2971
   26982      39.6610
   26983      39.1880
   26984      39.0165
   26985      39.3515
   26986      39.1855
   26987      39.2853
   26988      38.9426
   26989      38.7835
   26990      39.2196
   26991      39.6132
   26992      39.2695
   26993      38.9435
   26994      39.1421
   26995      39.0389
   26996      38.7710
   26997      39.1141
   26998      38.7791
   26999      38.6197
   27000      38.6597
   27001      38.8296
   27002      39.1733
   27003      39.0427
   27004      38.9073
   27005      39.3051
   27006      38.9731
   27007      39.2757
   27008      39.4788
   27009      39.4021
   27010      38.7486
   27011      38.7495
   27012      39.1059
   27013      38.5014
   27014      38.9519
   27015      38.9578
   27016      39.0212
   27017      39.2354
   27018      39.2856
   27019      39.3773
   27020      39.2197
   27021      39.0144
   27022      39.0812
   27023      39.1607
   27024      39.3919
   27025      39.0314
   27026      39.2283
   27027      39.0419
   27028      39.0418
   27029      39.2561
   27030      39.2529
   27031      39.3902
   27032      39.4092
   27033      38.7413
   27034      38.7149
   27035      38.9535
   27036      39.1122
   27037      39.3467
   27038      39.4029
   27039      39.1970
   27040      39.1866
   27041      39.0731
   27042      39.5400
   27043      39.2613
   27044      39.2361
   27045      38.9022
   27046      39.3241
   27047      39.3337
   27048      39.2729
   27049      39.4903
   27050      39.2806
   27051      39.1197
   27052      39.2275
   27053      39.0915
   27054      38.7274
   27055      38.8495
   27056      38.6457
   27057      38.8813
   27058      39.1155
   27059      39.1383
   27060      38.6381
   27061      39.2622
   27062      39.4239
   27063      39.2614
   27064      39.3085
   27065      38.9098
   27066      38.7568
   27067      38.9303
   27068      39.2281
   27069      39.3253
   27070      39.5283
   27071      38.9460
   27072      39.1088
   27073      38.7667
   27074      39.3804
   27075      39.1844
   27076      39.3273
   27077      38.8286
   27078      39.1338
   27079      39.5980
   27080      39.3623
   27081      39.3238
   27082      39.2030
   27083      39.0326
   27084      39.1590
   27085      38.8010
   27086      38.7623
   27087      39.0871
   27088      39.2296
   27089      39.1858
   27090      39.3036
   27091      38.9383
   27092      39.3257
   27093      39.2996
   27094      39.2616
   27095      39.1220
   27096      39.1516
   27097      39.1316
   27098      38.9030
   27099      38.8453
   27100      38.9088
   27101      39.3615
   27102      39.1022
   27103      39.0901
   27104      39.0448
   27105      39.3331
   27106      39.3605
   27107      38.9075
   27108      38.7190
   27109      38.9365
   27110      38.9784
   27111      39.0486
   27112      39.3208
   27113      39.3150
   27114      39.2196
   27115      39.2108
   27116      39.2101
   27117      39.0262
   27118      38.8339
   27119      39.0965
   27120      39.1134
   27121      39.3177
   27122      38.9624
   27123      39.1012
   27124      39.4084
   27125      39.5285
   27126      39.3436
   27127      39.0285
   27128      38.8594
   27129      38.4924
   27130      38.6541
   27131      38.8842
   27132      39.3133
   27133      39.7254
   27134      39.1681
   27135      39.6867
   27136      39.4060
   27137      39.5591
   27138      39.0992
   27139      38.8092
   27140      38.5715
   27141      38.7218
   27142      38.8891
   27143      39.0331
   27144      38.9484
   27145      39.2499
   27146      39.0472
   27147      39.3166
   27148      38.9899
   27149      39.1516
   27150      38.9373
   27151      39.4748
   27152      39.2257
   27153      39.0857
   27154      38.8522
   27155      38.9209
   27156      39.6618
   27157      39.4653
   27158      39.6264
   27159      38.8683
   27160      39.2533
   27161      38.8859
   27162      38.8338
   27163      39.0234
   27164      39.2206
   27165      39.0521
   27166      39.4557
   27167      39.4070
   27168      39.3475
   27169      39.3464
   27170      39.1289
   27171      39.4339
   27172      39.0550
   27173      38.9795
   27174      39.1765
   27175      39.2541
   27176      39.1104
   27177      38.9360
   27178      39.6045
   27179      39.4343
   27180      39.2019
   27181      39.3578
   27182      39.5608
   27183      39.4142
   27184      39.3353
   27185      38.9936
   27186      39.4749
   27187      39.4574
   27188      39.1920
   27189      39.2733
   27190      39.2469
   27191      39.2097
   27192      39.1716
   27193      39.5090
   27194      39.1524
   27195      39.3023
   27196      39.0595
   27197      39.2848
   27198      39.6117
   27199      39.3696
   27200      39.5377
   27201      39.4445
   27202      39.5664
   27203      39.5102
   27204      39.2344
   27205      39.2050
   27206      38.7557
   27207      38.7526
   27208      39.1594
   27209      38.8623
   27210      39.2293
   27211      38.9734
   27212      39.4316
   27213      39.2764
   27214      39.4988
   27215      39.5153
   27216      39.3440
   27217      39.1254
   27218      39.1515
   27219      39.4678
   27220      39.3105
   27221      38.9346
   27222      39.2563
   27223      39.0320
   27224      39.0610
   27225      39.5095
   27226      38.9901
   27227      38.8709
   27228      38.7426
   27229      39.0841
   27230      39.4828
   27231      39.2743
   27232      39.3109
   27233      39.1539
   27234      39.6563
   27235      39.3581
   27236      39.3546
   27237      39.3296
   27238      39.1895
   27239      39.1651
   27240      39.2637
   27241      39.1518
   27242      39.1876
   27243      39.2277
   27244      39.3635
   27245      39.2714
   27246      39.4763
   27247      39.1801
   27248      38.8410
   27249      39.2891
   27250      39.0491
   27251      39.0634
   27252      39.1497
   27253      39.3128
   27254      39.0293
   27255      38.6965
   27256      38.9420
   27257      38.8020
   27258      38.7214
   27259      38.7034
   27260      38.7978
   27261      38.7829
   27262      39.0401
   27263      38.9865
   27264      39.1310
   27265      39.1421
   27266      38.7250
   27267      38.8484
   27268      39.4268
   27269      38.7606
   27270      38.5241
   27271      39.0417
   27272      39.3772
   27273      39.0912
   27274      39.3252
   27275      38.9375
   27276      39.0547
   27277      39.1216
   27278      39.0420
   27279      39.4854
   27280      38.9890
   27281      39.3901
   27282      39.2777
   27283      39.0647
   27284      39.4071
   27285      39.3632
   27286      39.0960
   27287      38.9900
   27288      39.1604
   27289      39.0913
   27290      39.2642
   27291      39.1260
   27292      39.1726
   27293      39.0981
   27294      39.3658
   27295      39.1906
   27296      39.0615
   27297      39.2856
   27298      39.3333
   27299      39.2119
   27300      38.9719
   27301      38.9564
   27302      38.7540
   27303      38.6375
   27304      39.0908
   27305      39.0935
   27306      39.3350
   27307      38.7889
   27308      38.9407
   27309      38.9146
   27310      39.0835
   27311      39.0927
   27312      39.0573
   27313      38.7615
   27314      38.8344
   27315      39.1008
   27316      38.8432
   27317      39.3457
   27318      39.3466
   27319      39.2513
   27320      39.3196
   27321      39.0303
   27322      38.8898
   27323      38.6770
   27324      38.9758
   27325      39.0356
   27326      39.3423
   27327      38.6017
   27328      39.0911
   27329      39.0953
   27330      39.0662
   27331      38.8597
   27332      39.1311
   27333      39.3220
   27334      39.0337
   27335      39.1697
   27336      38.6802
   27337      38.7319
   27338      38.5309
   27339      39.1965
   27340      39.0065
   27341      39.2275
   27342      38.7707
   27343      38.4818
   27344      39.2938
   27345      39.3433
   27346      39.3241
   27347      38.6678
   27348      39.1171
   27349      39.2540
   27350      38.7426
   27351      38.4242
   27352      38.5397
   27353      38.8870
   27354      38.8385
   27355      38.8360
   27356      39.3004
   27357      38.6807
   27358      38.9629
   27359      38.5938
   27360      39.0779
   27361      39.3879
   27362      38.8826
   27363      39.3761
   27364      39.2274
   27365      39.3351
   27366      39.0499
   27367      39.0925
   27368      38.8515
   27369      38.6740
   27370      39.0130
   27371      38.8196
   27372      38.8277
   27373      38.7450
   27374      39.0775
   27375      39.0688
   27376      38.8077
   27377      38.9294
   27378      38.6522
   27379      38.7550
   27380      38.5687
   27381      38.6563
   27382      38.5822
   27383      39.2048
   27384      38.9266
   27385      38.7612
   27386      38.5997
   27387      38.7627
   27388      38.8467
   27389      38.4529
   27390      38.5803
   27391      38.7933
   27392      38.7533
   27393      38.6140
   27394      38.5232
   27395      38.6206
   27396      38.6610
   27397      38.4198
   27398      38.7181
   27399      38.6582
   27400      39.2735
   27401      39.0192
   27402      38.6893
   27403      38.9107
   27404      39.0233
   27405      39.0121
   27406      38.9539
   27407      39.0700
   27408      39.3873
   27409      38.7941
   27410      39.2924
   27411      38.9747
   27412      38.7214
   27413      39.2550
   27414      38.8625
   27415      38.6132
   27416      39.0332
   27417      39.0062
   27418      39.0259
   27419      38.5726
   27420      38.6767
   27421      39.0192
   27422      39.1075
   27423      39.0007
   27424      38.9245
   27425      39.4419
   27426      39.4767
   27427      39.3288
   27428      39.0339
   27429      39.0513
   27430      39.1320
   27431      39.7253
   27432      39.7042
   27433      39.0577
   27434      39.0101
   27435      39.1167
   27436      38.8343
   27437      39.0322
   27438      39.2500
   27439      39.0174
   27440      38.9947
   27441      39.2763
   27442      39.2190
   27443      39.1691
   27444      39.1273
   27445      39.4917
   27446      39.6592
   27447      39.6209
   27448      38.7947
   27449      39.5065
   27450      38.9266
   27451      39.4547
   27452      38.9751
   27453      39.1240
   27454      39.3960
   27455      38.9991
   27456      39.1802
   27457      38.9879
   27458      39.0156
   27459      39.3494
   27460      38.9240
   27461      39.2376
   27462      39.0193
   27463      38.9359
   27464      38.9020
   27465      38.9416
   27466      39.1937
   27467      38.6366
   27468      39.2838
   27469      38.7668
   27470      38.9543
   27471      39.0489
   27472      38.6136
   27473      39.0103
   27474      39.1717
   27475      39.3022
   27476      38.8797
   27477      38.9033
   27478      38.7997
   27479      38.9194
   27480      39.1292
   27481      39.3825
   27482      39.2863
   27483      39.2645
   27484      39.5347
   27485      38.7618
   27486      38.4943
   27487      39.0684
   27488      38.9970
   27489      39.0216
   27490      39.0606
   27491      39.1852
   27492      39.0944
   27493      38.8482
   27494      38.8582
   27495      39.1721
   27496      38.6950
   27497      38.9362
   27498      38.7670
   27499      39.2298
   27500      39.4620
   27501      38.8779
   27502      39.0216
   27503      38.9353
   27504      39.0350
   27505      38.9408
   27506      38.7520
   27507      38.8550
   27508      39.2091
   27509      39.0321
   27510      39.1154
   27511      39.3813
   27512      39.4882
   27513      38.9355
   27514      39.3227
   27515      39.2963
   27516      39.0311
   27517      39.0363
   27518      38.9933
   27519      38.9880
   27520      38.6736
   27521      38.8337
   27522      39.1170
   27523      39.3051
   27524      39.0626
   27525      39.2892
   27526      38.9847
   27527      39.2190
   27528      39.0367
   27529      38.9015
   27530      39.0004
   27531      38.9490
   27532      39.1080
   27533      39.1861
   27534      39.2908
   27535      38.8263
   27536      38.9352
   27537      39.0779
   27538      38.7806
   27539      39.2045
   27540      39.1281
   27541      38.8422
   27542      38.5721
   27543      38.6791
   27544      38.7873
   27545      39.0447
   27546      39.1394
   27547      38.9795
   27548      38.4594
   27549      38.8573
   27550      38.8874
   27551      39.0132
   27552      39.0814
   27553      39.3391
   27554      38.7487
   27555      39.1730
   27556      38.6938
   27557      39.0361
   27558      38.9502
   27559      39.1412
   27560      39.5547
   27561      38.8098
   27562      39.0734
   27563      38.8149
   27564      39.0201
   27565      38.9570
   27566      38.8999
   27567      39.3548
   27568      39.0491
   27569      39.0754
   27570      38.5756
   27571      39.0641
   27572      38.7598
   27573      39.0619
   27574      38.9742
   27575      39.1571
   27576      39.0008
   27577      39.3972
   27578      39.0895
   27579      38.4696
   27580      38.9086
   27581      38.6323
   27582      39.0060
   27583      39.0646
   27584      39.0976
   27585      38.9383
   27586      39.1044
   27587      39.1072
   27588      38.9337
   27589      39.0544
   27590      38.9409
   27591      38.5650
   27592      38.7098
   27593      39.1592
   27594      38.5287
   27595      38.8738
   27596      39.0066
   27597      39.0934
   27598      38.8589
   27599      39.6238
   27600      39.1790
   27601      39.0857
   27602      38.7727
   27603      39.1945
   27604      39.2965
   27605      39.2065
   27606      38.9779
   27607      38.7849
   27608      38.9876
   27609      38.7463
   27610      38.8775
   27611      39.1871
   27612      38.9912
   27613      38.9476
   27614      38.7784
   27615      38.6980
   27616      38.9250
   27617      38.9434
   27618      39.0147
   27619      38.8667
   27620      38.6188
   27621      39.0647
   27622      38.7850
   27623      39.1857
   27624      38.6256
   27625      38.9239
   27626      38.9362
   27627      38.5239
   27628      38.8784
   27629      38.5613
   27630      38.2229
   27631      38.5756
   27632      38.5094
   27633      38.4731
   27634      38.3090
   27635      38.3342
   27636      38.5548
   27637      38.4407
   27638      38.2309
   27639      38.5229
   27640      38.5755
   27641      38.9059
   27642      39.1824
   27643      38.3755
   27644      38.6224
   27645      38.6370
   27646      38.8276
   27647      39.0932
   27648      38.9833
   27649      38.6964
   27650      38.7393
   27651      38.2697
   27652      38.1737
   27653      38.8495
   27654      38.7361
   27655      38.7018
   27656      38.6684
   27657      38.9420
   27658      38.5021
   27659      39.0996
   27660      38.7911
   27661      38.3879
   27662      38.7582
   27663      38.7754
   27664      38.8588
   27665      39.0664
   27666      38.6710
   27667      38.6175
   27668      38.4653
   27669      38.4242
   27670      38.7105
   27671      38.6775
   27672      39.1979
   27673      38.3405
   27674      38.6493
   27675      38.8836
   27676      38.9720
   27677      38.7355
   27678      38.5765
   27679      38.7177
   27680      38.8041
   27681      38.8305
   27682      38.8849
   27683      38.6218
   27684      39.3690
   27685      39.0148
   27686      38.7937
   27687      38.6077
   27688      38.6389
   27689      38.7236
   27690      38.8478
   27691      38.6335
   27692      38.8742
   27693      38.7810
   27694      39.1063
   27695      38.7519
   27696      38.8157
   27697      39.1210
   27698      38.8764
   27699      39.1036
   27700      38.7133
   27701      38.8871
   27702      38.8407
   27703      38.8249
   27704      39.3232
   27705      39.5092
   27706      38.9111
   27707      39.4479
   27708      39.0905
   27709      38.8042
   27710      38.7808
   27711      38.7390
   27712      38.8095
   27713      39.3627
   27714      38.9157
   27715      38.9004
   27716      38.8235
   27717      38.9400
   27718      38.9172
   27719      38.7769
   27720      39.2725
   27721      38.9477
   27722      39.2239
   27723      39.0093
   27724      38.8377
   27725      39.2185
   27726      39.1206
   27727      39.2900
   27728      39.1762
   27729      39.1410
   27730      38.8356
   27731      39.3777
   27732      39.2255
   27733      39.0574
   27734      39.0192
   27735      39.0777
   27736      38.9251
   27737      39.1367
   27738      39.2691
   27739      39.4018
   27740      39.0332
   27741      39.0980
   27742      38.8994
   27743      39.0231
   27744      38.6089
   27745      39.3072
   27746      39.4505
   27747      39.4535
   27748      38.9261
   27749      39.0515
   27750      39.0649
   27751      39.0705
   27752      38.9526
   27753      38.9116
   27754      38.7652
   27755      38.7099
   27756      38.6936
   27757      38.7907
   27758      38.9089
   27759      38.8493
   27760      38.7667
   27761      39.1458
   27762      39.0541
   27763      38.8465
   27764      39.1707
   27765      39.0175
   27766      38.9900
   27767      39.1705
   27768      39.3804
   27769      39.0054
   27770      39.2843
   27771      39.2778
   27772      39.4256
   27773      39.0530
   27774      39.0188
   27775      39.1518
   27776      38.8502
   27777      38.8422
   27778      39.1006
   27779      39.1691
   27780      38.8968
   27781      38.7862
   27782      39.0993
   27783      39.0316
   27784      38.7698
   27785      38.9528
   27786      39.3126
   27787      39.0965
   27788      38.8807
   27789      38.8007
   27790      38.8422
   27791      38.9670
   27792      38.8039
   27793      39.0503
   27794      39.3671
   27795      39.3888
   27796      39.1752
   27797      38.9153
   27798      39.4487
   27799      38.6553
   27800      39.4228
   27801      39.3604
   27802      38.9360
   27803      39.3433
   27804      39.3902
   27805      39.0842
   27806      39.0420
   27807      38.9921
   27808      38.9543
   27809      38.6449
   27810      38.9658
   27811      38.5140
   27812      38.8427
   27813      39.0170
   27814      38.5714
   27815      39.0883
   27816      38.9381
   27817      38.8928
   27818      38.6783
   27819      38.8140
   27820      39.0890
   27821      38.7445
   27822      38.5264
   27823      39.1689
   27824      38.8373
   27825      38.8066
   27826      38.4924
   27827      38.5425
   27828      38.9927
   27829      39.3394
   27830      38.7473
   27831      38.8267
   27832      38.9490
   27833      39.1277
   27834      38.7582
   27835      39.2560
   27836      38.7553
   27837      38.8370
   27838      38.9841
   27839      38.8219
   27840      38.8240
   27841      38.8359
   27842      38.7422
   27843      38.9708
   27844      39.1313
   27845      39.0972
   27846      39.0910
   27847      38.9908
   27848      38.8035
   27849      38.7156
   27850      38.6998
   27851      38.9029
   27852      38.7155
   27853      38.1700
   27854      38.3952
   27855      38.7770
   27856      38.6779
   27857      38.8448
   27858      39.2002
   27859      38.7631
   27860      38.7432
   27861      38.6623
   27862      38.7412
   27863      38.6852
   27864      39.1717
   27865      38.9928
   27866      38.3994
   27867      38.4895
   27868      38.5440
   27869      39.3497
   27870      38.9140
   27871      38.6931
   27872      38.7877
   27873      38.7891
   27874      38.9677
   27875      38.7867
   27876      38.9901
   27877      39.0715
   27878      38.5603
   27879      38.9708
   27880      39.1448
   27881      38.5309
   27882      38.9170
   27883      38.6947
   27884      38.3645
   27885      38.6115
   27886      38.3761
   27887      39.0232
   27888      39.0894
   27889      39.3746
   27890      39.0440
   27891      38.9956
   27892      39.1179
   27893      38.7421
   27894      38.6366
   27895      39.2542
   27896      39.4269
   27897      38.7238
   27898      39.5581
   27899      39.2586
   27900      39.2405
   27901      39.3161
   27902      38.9859
   27903      39.0370
   27904      39.4119
   27905      39.0036
   27906      39.1157
   27907      39.1486
   27908      39.0757
   27909      39.4398
   27910      39.1146
   27911      39.0374
   27912      38.9185
   27913      38.8685
   27914      38.9442
   27915      39.1698
   27916      39.0626
   27917      38.9208
   27918      39.2240
   27919      39.0721
   27920      38.8753
   27921      38.8609
   27922      39.0185
   27923      38.9840
   27924      38.6475
   27925      38.5522
   27926      38.8441
   27927      38.4229
   27928      38.4652
   27929      38.7979
   27930      38.9860
   27931      38.9736
   27932      38.4164
   27933      38.8118
   27934      38.9178
   27935      39.0282
   27936      38.6583
   27937      38.5811
   27938      38.9118
   27939      39.0285
   27940      38.9382
   27941      38.9218
   27942      38.4327
   27943      38.5781
   27944      38.9485
   27945      38.4783
   27946      38.6012
   27947      38.3879
   27948      38.7227
   27949      38.9875
   27950      38.8073
   27951      38.9551
   27952      39.1574
   27953      38.7566
   27954      38.7597
   27955      39.1683
   27956      39.0864
   27957      38.9035
   27958      39.1342
   27959      39.0640
   27960      39.1433
   27961      39.2473
   27962      38.8491
   27963      38.5023
   27964      38.6108
   27965      38.8494
   27966      38.9421
   27967      39.1899
   27968      39.1970
   27969      39.1571
   27970      39.1384
   27971      39.1356
   27972      38.8253
   27973      38.8538
   27974      39.0077
   27975      38.4841
   27976      38.9484
   27977      38.8363
   27978      38.7150
   27979      38.8523
   27980      38.6031
   27981      38.6309
   27982      38.5668
   27983      38.9529
   27984      38.9243
   27985      38.4749
   27986      38.7746
   27987      38.9194
   27988      38.9198
   27989      38.5857
   27990      38.6696
   27991      39.1120
   27992      38.9181
   27993      39.0019
   27994      38.9952
   27995      38.8127
   27996      39.1451
   27997      39.0991
   27998      38.8392
   27999      39.0436
   28000      38.8919
   28001      38.8298
   28002      39.0450
   28003      38.8387
   28004      39.2758
   28005      39.0954
   28006      39.0298
   28007      39.1174
   28008      39.1250
   28009      39.2008
   28010      38.9523
   28011      38.6925
   28012      38.8432
   28013      38.8377
   28014      38.7666
   28015      38.8413
   28016      38.7713
   28017      38.6220
   28018      38.7301
   28019      39.2576
   28020      38.7957
   28021      38.4132
   28022      39.0224
   28023      39.0610
   28024      38.7318
   28025      38.9473
   28026      38.7200
   28027      38.7892
   28028      39.2712
   28029      39.3026
   28030      38.9222
   28031      38.8082
   28032      38.6918
   28033      38.9410
   28034      38.7833
   28035      38.9642
   28036      38.7066
   28037      38.8572
   28038      38.7751
   28039      38.8540
   28040      38.5692
   28041      38.7867
   28042      38.7314
   28043      39.2681
   28044      38.9908
   28045      38.8028
   28046      39.0750
   28047      38.9158
   28048      38.9234
   28049      38.9880
   28050      38.8838
   28051      38.7353
   28052      38.5131
   28053      38.8010
   28054      38.8631
   28055      38.4424
   28056      38.5126
   28057      38.7653
   28058      38.5202
   28059      38.9156
   28060      39.2310
   28061      39.0064
   28062      39.1229
   28063      38.9740
   28064      38.9772
   28065      38.9065
   28066      38.7479
   28067      38.9733
   28068      38.8602
   28069      38.7308
   28070      38.7299
   28071      38.6234
   28072      38.5705
   28073      38.7806
   28074      39.1897
   28075      38.5463
   28076      39.1125
   28077      38.7691
   28078      38.8915
   28079      39.0261
   28080      39.0027
   28081      39.0462
   28082      39.1739
   28083      39.1729
   28084      39.0814
   28085      38.9697
   28086      38.8439
   28087      38.6219
   28088      38.6445
   28089      38.8481
   28090      39.1264
   28091      39.1542
   28092      38.9252
   28093      39.2343
   28094      38.8382
   28095      39.0455
   28096      39.1802
   28097      38.9071
   28098      39.1639
   28099      39.3073
   28100      39.0818
   28101      39.0349
   28102      38.9128
   28103      38.3929
   28104      39.2561
   28105      38.9554
   28106      38.8302
   28107      38.8638
   28108      38.7071
   28109      38.9685
   28110      38.7924
   28111      39.0485
   28112      38.6986
   28113      39.1498
   28114      38.7112
   28115      38.8966
   28116      38.8275
   28117      39.3037
   28118      39.0064
   28119      39.4056
   28120      39.0266
   28121      38.5994
   28122      39.0122
   28123      38.9833
   28124      38.7419
   28125      38.7514
   28126      38.9154
   28127      38.9172
   28128      38.8407
   28129      39.1566
   28130      38.6880
   28131      38.2031
   28132      38.4630
   28133      38.5555
   28134      38.7059
   28135      38.6763
   28136      38.7213
   28137      38.7499
   28138      38.8835
   28139      38.3157
   28140      39.1076
   28141      38.7811
   28142      38.7745
   28143      38.6078
   28144      38.7183
   28145      38.6180
   28146      38.2451
   28147      38.6283
   28148      38.6364
   28149      38.6103
   28150      38.5418
   28151      38.5993
   28152      38.7538
   28153      39.1265
   28154      39.1829
   28155      39.2453
   28156      39.1432
   28157      39.0390
   28158      38.7442
   28159      39.0072
   28160      39.2277
   28161      39.0790
   28162      38.9359
   28163      39.3137
   28164      39.0437
   28165      39.2947
   28166      39.2150
   28167      38.5618
   28168      38.8388
   28169      38.8581
   28170      39.0952
   28171      39.1858
   28172      38.9468
   28173      38.9101
   28174      39.0915
   28175      38.7072
   28176      39.0594
   28177      38.9977
   28178      39.1197
   28179      38.8708
   28180      38.7950
   28181      38.9494
   28182      39.3559
   28183      38.9654
   28184      38.9763
   28185      38.8354
   28186      39.0596
   28187      38.8015
   28188      39.1025
   28189      38.9184
   28190      39.2503
   28191      39.1020
   28192      38.9510
   28193      39.1029
   28194      38.6240
   28195      38.7810
   28196      38.8648
   28197      38.8867
   28198      39.3143
   28199      39.3556
   28200      38.9516
   28201      38.7524
   28202      38.9830
   28203      39.0239
   28204      38.9081
   28205      38.9888
   28206      38.7089
   28207      39.0313
   28208      38.5980
   28209      39.3119
   28210      39.4444
   28211      39.1470
   28212      39.8683
   28213      39.6085
   28214      38.8807
   28215      39.2332
   28216      39.3080
   28217      39.2522
   28218      38.9484
   28219      38.5274
   28220      38.5949
   28221      38.8576
   28222      38.8641
   28223      39.1664
   28224      38.5952
   28225      38.9363
   28226      39.0026
   28227      39.2171
   28228      39.0973
   28229      39.1386
   28230      39.2080
   28231      38.8946
   28232      39.2941
   28233      38.9143
   28234      39.2732
   28235      38.7160
   28236      39.1861
   28237      38.9675
   28238      39.1482
   28239      38.8855
   28240      38.8190
   28241      38.9537
   28242      38.7318
   28243      38.5991
   28244      38.6368
   28245      38.9455
   28246      38.7909
   28247      39.2984
   28248      38.8312
   28249      38.6440
   28250      39.0254
   28251      38.8481
   28252      38.8011
   28253      38.7485
   28254      38.7390
   28255      39.1420
   28256      39.1553
   28257      38.9343
   28258      38.8941
   28259      38.8193
   28260      38.8438
   28261      39.1089
   28262      38.6233
   28263      38.6777
   28264      38.9589
   28265      38.8351
   28266      38.7789
   28267      38.9034
   28268      38.8536
   28269      38.6823
   28270      38.6994
   28271      38.9801
   28272      38.6172
   28273      38.1883
   28274      38.7153
   28275      38.9482
   28276      39.3086
   28277      38.9503
   28278      38.7388
   28279      38.3768
   28280      38.7704
   28281      38.8325
   28282      39.1155
   28283      38.3397
   28284      38.5512
   28285      38.5330
   28286      38.7124
   28287      38.6766
   28288      38.8499
   28289      38.5402
   28290      38.5761
   28291      38.8885
   28292      39.0538
   28293      39.0804
   28294      38.9273
   28295      38.8546
   28296      39.0009
   28297      38.9027
   28298      38.7725
   28299      38.5112
   28300      38.6818
   28301      38.3167
   28302      38.3239
   28303      38.9628
   28304      38.5195
   28305      38.9761
   28306      38.9166
   28307      38.9846
   28308      39.1281
   28309      38.6768
   28310      38.4383
   28311      38.9119
   28312      38.7492
   28313      38.8325
   28314      38.8217
   28315      38.8188
   28316      38.9167
   28317      38.8022
   28318      38.8311
   28319      38.7844
   28320      38.5010
   28321      38.9869
   28322      39.0866
   28323      38.8042
   28324      38.9992
   28325      38.8253
   28326      38.4907
   28327      38.4793
   28328      38.8044
   28329      38.5457
   28330      38.6555
   28331      38.9429
   28332      39.0166
   28333      38.8964
   28334      38.2638
   28335      39.0569
   28336      39.4581
   28337      38.8581
   28338      38.6370
   28339      38.6200
   28340      38.7745
   28341      38.8872
   28342      38.8283
   28343      39.0339
   28344      38.8977
   28345      38.8127
   28346      38.6401
   28347      38.8601
   28348      38.7009
   28349      39.1167
   28350      39.2209
   28351      39.2355
   28352      39.1673
   28353      39.0297
   28354      39.2804
   28355      39.0551
   28356      38.9305
   28357      38.6836
   28358      38.7854
   28359      39.1143
   28360      39.0381
   28361      38.8716
   28362      38.6531
   28363      38.6471
   28364      38.8556
   28365      38.8836
   28366      38.8697
   28367      39.0668
   28368      39.1184
   28369      39.3225
   28370      39.2266
   28371      39.1637
   28372      38.8721
   28373      38.9807
   28374      38.6853
   28375      38.5586
   28376      38.8062
   28377      38.3572
   28378      38.8163
   28379      38.1327
   28380      38.3638
   28381      38.8092
   28382      38.8061
   28383      38.8938
   28384      38.9977
   28385      38.4824
   28386      38.6780
   28387      38.7107
   28388      38.4627
   28389      38.6995
   28390      38.5623
   28391      38.6409
   28392      38.5259
   28393      38.3686
   28394      38.8002
   28395      38.7614
   28396      38.9983
   28397      38.9015
   28398      38.4836
   28399      39.0782
   28400      38.9557
   28401      39.1414
   28402      39.2390
   28403      38.8332
   28404      38.7300
   28405      39.2445
   28406      39.1401
   28407      38.9937
   28408      38.9095
   28409      39.0401
   28410      38.8151
   28411      38.7434
   28412      38.8876
   28413      38.5607
   28414      38.8714
   28415      38.9739
   28416      38.9966
   28417      38.8188
   28418      39.2934
   28419      38.7075
   28420      38.6609
   28421      38.7479
   28422      38.7616
   28423      38.8718
   28424      38.9209
   28425      39.1413
   28426      38.9732
   28427      38.3889
   28428      38.7065
   28429      39.1061
   28430      38.9739
   28431      39.0105
   28432      38.7562
   28433      39.0649
   28434      38.7221
   28435      38.9986
   28436      39.0930
   28437      38.7061
   28438      38.5996
   28439      38.4434
   28440      38.7029
   28441      38.9293
   28442      39.0209
   28443      39.0146
   28444      39.0657
   28445      38.8187
   28446      38.9021
   28447      38.9448
   28448      39.0417
   28449      38.9242
   28450      39.3123
   28451      39.0017
   28452      38.7620
   28453      38.9649
   28454      39.1187
   28455      39.3206
   28456      38.8409
   28457      38.4526
   28458      38.6221
   28459      38.6118
   28460      38.7118
   28461      38.4087
   28462      39.0770
   28463      38.4855
   28464      38.6991
   28465      38.5430
   28466      38.5104
   28467      38.8040
   28468      39.1821
   28469      39.1386
   28470      39.0538
   28471      38.7268
   28472      38.9256
   28473      38.6651
   28474      38.6609
   28475      39.1456
   28476      39.1349
   28477      38.7457
   28478      39.2247
   28479      39.1196
   28480      38.8086
   28481      38.6868
   28482      38.6305
   28483      38.9810
   28484      39.2214
   28485      39.2655
   28486      38.9261
   28487      39.0659
   28488      39.0497
   28489      38.7457
   28490      39.0185
   28491      39.0408
   28492      39.3580
   28493      38.9974
   28494      38.7008
   28495      38.6237
   28496      38.8816
   28497      38.8774
   28498      38.8013
   28499      38.8834
   28500      38.4018
   28501      39.1587
   28502      39.1738
   28503      39.0269
   28504      38.8412
   28505      38.7504
   28506      38.6448
   28507      38.5962
   28508      38.6968
   28509      38.9284
   28510      38.7278
   28511      38.6861
   28512      38.9617
   28513      38.7234
   28514      38.9100
   28515      39.3623
   28516      39.0777
   28517      39.1069
   28518      38.8826
   28519      38.8961
   28520      38.9745
   28521      38.5888
   28522      39.3280
   28523      38.6597
   28524      38.6244
   28525      38.7488
   28526      38.7814
   28527      39.0866
   28528      39.0912
   28529      38.8318
   28530      38.4222
   28531      38.6933
   28532      38.7649
   28533      39.0180
   28534      38.5505
   28535      38.9720
   28536      39.1276
   28537      38.6906
   28538      38.7171
   28539      38.9481
   28540      38.9912
   28541      38.7623
   28542      38.6406
   28543      38.6265
   28544      38.7343
   28545      38.9788
   28546      38.6115
   28547      38.9110
   28548      39.3720
   28549      38.9457
   28550      39.1655
   28551      38.7138
   28552      38.7596
   28553      39.0219
   28554      38.6302
   28555      38.8911
   28556      39.1462
   28557      39.0394
   28558      39.0287
   28559      38.7911
   28560      38.8397
   28561      39.1534
   28562      39.1819
   28563      39.1629
   28564      39.2265
   28565      39.0540
   28566      39.1436
   28567      39.0862
   28568      38.7439
   28569      39.1847
   28570      39.0380
   28571      38.9032
   28572      39.1498
   28573      38.9175
   28574      38.8993
   28575      38.7596
   28576      38.9154
   28577      39.0035
   28578      38.8837
   28579      38.9937
   28580      38.6869
   28581      38.6614
   28582      38.9357
   28583      38.7745
   28584      38.8442
   28585      38.8126
   28586      38.7885
   28587      38.9813
   28588      39.2613
   28589      39.0968
   28590      39.2724
   28591      39.4645
   28592      39.2175
   28593      39.2864
   28594      39.3107
   28595      38.8053
   28596      39.3913
   28597      38.7655
   28598      39.1869
   28599      38.9355
   28600      39.3200
   28601      39.2569
   28602      39.3008
   28603      39.0330
   28604      38.7650
   28605      39.0917
   28606      39.1432
   28607      38.8407
   28608      39.5408
   28609      38.9257
   28610      39.0793
   28611      39.0412
   28612      39.2334
   28613      38.8819
   28614      39.1539
   28615      38.8834
   28616      39.2011
   28617      39.5079
   28618      39.4213
   28619      39.0123
   28620      38.7019
   28621      38.9870
   28622      39.0536
   28623      39.2774
   28624      38.6262
   28625      38.9232
   28626      39.1527
   28627      38.8562
   28628      38.6094
   28629      38.9988
   28630      38.8234
   28631      38.5252
   28632      38.9045
   28633      39.2167
   28634      39.2184
   28635      39.2463
   28636      39.5539
   28637      38.8716
   28638      39.2366
   28639      39.0083
   28640      38.9903
   28641      38.8426
   28642      38.9486
   28643      38.8135
   28644      38.9525
   28645      39.0301
   28646      38.7523
   28647      38.9669
   28648      38.9870
   28649      39.0002
   28650      39.0591
   28651      38.9959
   28652      39.0940
   28653      38.8951
   28654      38.7250
   28655      38.9463
   28656      38.8931
   28657      38.4844
   28658      38.7533
   28659      38.7826
   28660      38.7651
   28661      38.7784
   28662      38.7810
   28663      38.5855
   28664      38.9643
   28665      39.1463
   28666      39.0667
   28667      38.7349
   28668      38.9875
   28669      38.9685
   28670      38.6912
   28671      39.2563
   28672      38.9442
   28673      38.7927
   28674      38.8399
   28675      38.6685
   28676      38.7408
   28677      38.9360
   28678      38.7530
   28679      39.1513
   28680      38.7066
   28681      38.9789
   28682      38.6790
   28683      38.7770
   28684      38.5637
   28685      38.8342
   28686      38.8088
   28687      38.6806
   28688      38.5339
   28689      38.9028
   28690      38.9318
   28691      38.8363
   28692      38.7256
   28693      38.7743
   28694      38.5788
   28695      38.5636
   28696      38.8175
   28697      38.9192
   28698      38.8241
   28699      39.1195
   28700      38.8590
   28701      39.1559
   28702      38.7181
   28703      39.0360
   28704      39.0347
   28705      39.1509
   28706      38.9768
   28707      38.8126
   28708      39.1742
   28709      38.7276
   28710      38.7057
   28711      38.8054
   28712      38.6677
   28713      39.0008
   28714      38.6672
   28715      38.5225
   28716      38.6069
   28717      38.4525
   28718      38.8332
   28719      38.4911
   28720      38.3041
   28721      38.5971
   28722      38.7429
   28723      38.4576
   28724      38.7078
   28725      38.6280
   28726      38.5127
   28727      38.5590
   28728      38.8485
   28729      38.8463
   28730      38.9257
   28731      38.6127
   28732      38.6297
   28733      39.0703
   28734      39.0168
   28735      39.2627
   28736      38.7588
   28737      38.5863
   28738      38.7369
   28739      39.0279
   28740      38.8956
   28741      39.0453
   28742      38.8797
   28743      38.6463
   28744      38.9333
   28745      38.6868
   28746      38.7227
   28747      38.5855
   28748      38.7049
   28749      38.6794
   28750      38.5214
   28751      38.7910
   28752      38.6234
   28753      38.5789
   28754      38.6050
   28755      38.8266
   28756      38.9426
   28757      38.9166
   28758      38.8956
   28759      39.4505
   28760      39.1506
   28761      38.8490
   28762      39.0937
   28763      39.4542
   28764      39.2778
   28765      39.1890
   28766      39.1504
   28767      39.1100
   28768      39.0785
   28769      39.1397
   28770      38.7809
   28771      38.8490
   28772      39.0591
   28773      38.6266
   28774      39.0658
   28775      38.8299
   28776      38.4758
   28777      38.9652
   28778      38.6143
   28779      39.0985
   28780      38.9337
   28781      39.1615
   28782      38.8000
   28783      38.9269
   28784      39.3371
   28785      38.8938
   28786      39.1193
   28787      38.7050
   28788      39.1376
   28789      39.2270
   28790      38.7819
   28791      38.8612
   28792      38.5887
   28793      39.0131
   28794      39.0789
   28795      38.6857
   28796      38.7289
   28797      38.9361
   28798      39.1457
   28799      39.2314
   28800      38.9362
   28801      38.6303
   28802      38.8478
   28803      38.3650
   28804      38.8166
   28805      38.7098
   28806      38.8934
   28807      38.7702
   28808      38.3668
   28809      38.9626
   28810      38.7706
   28811      38.6068
   28812      38.8775
   28813      38.7291
   28814      38.5005
   28815      38.9802
   28816      38.9694
   28817      38.8341
   28818      38.6217
   28819      38.7956
   28820      39.0046
   28821      38.6420
   28822      38.4342
   28823      38.6323
   28824      38.7137
   28825      38.5268
   28826      38.6999
   28827      38.5917
   28828      38.8768
   28829      38.4476
   28830      38.9809
   28831      39.0219
   28832      38.6749
   28833      39.0726
   28834      38.4794
   28835      38.6609
   28836      38.9379
   28837      38.5110
   28838      38.6068
   28839      38.5373
   28840      38.8109
   28841      38.6071
   28842      38.3553
   28843      38.6430
   28844      38.7970
   28845      38.7283
   28846      38.9256
   28847      38.7355
   28848      38.8212
   28849      39.1806
   28850      38.8276
   28851      38.3555
   28852      38.7238
   28853      38.3688
   28854      39.0745
   28855      38.8433
   28856      38.8567
   28857      38.9237
   28858      38.7498
   28859      38.7120
   28860      38.5741
   28861      38.5076
   28862      38.8472
   28863      38.8277
   28864      38.4013
   28865      38.3726
   28866      38.9087
   28867      39.0450
   28868      38.7081
   28869      38.6903
   28870      38.3007
   28871      37.9355
   28872      38.3294
   28873      38.3017
   28874      38.1025
   28875      38.7639
   28876      38.9093
   28877      38.2727
   28878      38.7050
   28879      38.6041
   28880      38.4783
   28881      38.6387
   28882      38.4347
   28883      38.2865
   28884      38.6657
   28885      38.4365
   28886      38.5750
   28887      38.4783
   28888      38.6474
   28889      38.5273
   28890      38.5805
   28891      38.6251
   28892      38.9080
   28893      38.4012
   28894      38.6714
   28895      38.5476
   28896      38.6292
   28897      38.8079
   28898      38.8302
   28899      39.2921
   28900      38.8408
   28901      38.6604
   28902      38.6349
   28903      38.2662
   28904      38.7943
   28905      38.6241
   28906      38.8014
   28907      38.4890
   28908      38.2596
   28909      38.6963
   28910      39.1045
   28911      38.7618
   28912      38.8598
   28913      39.0488
   28914      38.3621
   28915      38.6996
   28916      38.9097
   28917      39.0464
   28918      39.1922
   28919      38.6223
   28920      39.2290
   28921      38.5584
   28922      38.8214
   28923      39.2200
   28924      39.0440
   28925      39.0987
   28926      38.8751
   28927      39.0477
   28928      38.8233
   28929      39.3217
   28930      39.2721
   28931      39.1100
   28932      39.1062
   28933      38.7936
   28934      38.3409
   28935      38.4126
   28936      38.8542
   28937      38.6997
   28938      38.6643
   28939      38.7046
   28940      38.3564
   28941      38.2158
   28942      38.3460
   28943      38.6237
   28944      38.4980
   28945      38.8253
   28946      38.8898
   28947      39.0843
   28948      38.6109
   28949      38.8670
   28950      39.0727
   28951      38.6772
   28952      39.1152
   28953      38.8957
   28954      39.5881
   28955      39.0473
   28956      38.7583
   28957      38.4290
   28958      38.5573
   28959      38.4281
   28960      38.9370
   28961      38.9585
   28962      38.6981
   28963      38.7807
   28964      38.8197
   28965      38.4210
   28966      38.8177
   28967      38.5866
   28968      38.4233
   28969      38.4780
   28970      38.6275
   28971      38.9177
   28972      38.3230
   28973      38.7798
   28974      38.6475
   28975      38.7535
   28976      38.6320
   28977      39.3972
   28978      39.0034
   28979      38.6182
   28980      38.2448
   28981      38.6530
   28982      38.8897
   28983      38.3954
   28984      38.7257
   28985      39.0691
   28986      39.0873
   28987      39.0021
   28988      39.3153
   28989      38.7239
   28990      38.9037
   28991      38.8594
   28992      38.7888
   28993      39.2532
   28994      39.2127
   28995      39.2365
   28996      39.0139
   28997      39.1453
   28998      39.1597
   28999      38.4162
   29000      38.9980
   29001      38.6443
   29002      38.7126
   29003      38.6021
   29004      38.8968
   29005      39.3825
   29006      38.8547
   29007      39.0938
   29008      39.5384
   29009      38.8548
   29010      39.0603
   29011      39.3738
   29012      39.1243
   29013      39.0416
   29014      38.8388
   29015      39.0387
   29016      38.7945
   29017      38.7007
   29018      38.5646
   29019      38.7748
   29020      38.5248
   29021      38.8559
   29022      38.4034
   29023      38.6152
   29024      38.4549
   29025      38.7762
   29026      38.9520
   29027      38.8046
   29028      38.4972
   29029      39.2018
   29030      38.8796
   29031      39.0359
   29032      39.0351
   29033      39.0277
   29034      39.3123
   29035      39.1553
   29036      39.0985
   29037      39.4386
   29038      39.7766
   29039      39.6561
   29040      39.7533
   29041      39.5972
   29042      39.4430
   29043      39.7599
   29044      39.3577
   29045      39.0447
   29046      39.4653
   29047      39.6313
   29048      39.2410
   29049      39.2337
   29050      39.5247
   29051      39.4943
   29052      38.9782
   29053      39.1956
   29054      39.1682
   29055      39.0227
   29056      39.2667
   29057      39.3323
   29058      39.4768
   29059      38.9466
   29060      39.2231
   29061      39.0110
   29062      39.1305
   29063      39.4865
   29064      39.5123
   29065      39.4373
   29066      39.8700
   29067      39.3051
   29068      39.5261
   29069      39.8567
   29070      39.9562
   29071      39.4793
   29072      39.0333
   29073      39.0464
   29074      38.9066
   29075      39.4164
   29076      39.1275
   29077      39.3242
   29078      38.7571
   29079      38.5301
   29080      38.8427
   29081      38.7878
   29082      38.9016
   29083      38.6587
   29084      39.1592
   29085      39.6171
   29086      39.1242
   29087      38.7514
   29088      38.8526
   29089      39.0045
   29090      39.1486
   29091      38.7911
   29092      38.3995
   29093      38.8178
   29094      39.0238
   29095      39.0872
   29096      39.1547
   29097      39.1977
   29098      39.0664
   29099      38.7454
   29100      38.8559
   29101      38.8922
   29102      38.9660
   29103      38.7392
   29104      39.0258
   29105      39.3127
   29106      39.0465
   29107      39.4727
   29108      38.9402
   29109      39.0865
   29110      39.0513
   29111      39.2606
   29112      39.3117
   29113      39.1058
   29114      38.8285
   29115      39.3980
   29116      39.3333
   29117      39.0547
   29118      39.2873
   29119      38.9713
   29120      38.7759
   29121      39.0180
   29122      38.9908
   29123      39.3614
   29124      38.9481
   29125      39.0387
   29126      39.0078
   29127      38.8282
   29128      38.5118
   29129      38.3296
   29130      38.8864
   29131      38.7805
   29132      38.9034
   29133      38.5821
   29134      38.6782
   29135      39.1323
   29136      39.4258
   29137      38.9155
   29138      38.9727
   29139      38.8078
   29140      39.2687
   29141      39.1035
   29142      39.0313
   29143      38.9941
   29144      38.9653
   29145      39.4237
   29146      39.2178
   29147      39.1026
   29148      39.1692
   29149      39.0718
   29150      38.7376
   29151      39.0635
   29152      39.2480
   29153      38.7908
   29154      38.7921
   29155      38.6382
   29156      38.3173
   29157      38.6833
   29158      38.6775
   29159      38.5284
   29160      38.5478
   29161      38.2845
   29162      38.3733
   29163      38.5943
   29164      38.3078
   29165      38.7536
   29166      38.2544
   29167      38.4486
   29168      38.7039
   29169      38.6502
   29170      38.9942
   29171      38.9304
   29172      39.1412
   29173      38.7911
   29174      38.9051
   29175      38.8547
   29176      39.2937
   29177      38.7322
   29178      38.6876
   29179      38.6340
   29180      38.2739
   29181      38.0428
   29182      38.4359
   29183      38.4115
   29184      38.2476
   29185      38.4831
   29186      38.5023
   29187      38.2247
   29188      38.6784
   29189      38.5010
   29190      38.6135
   29191      38.7588
   29192      39.2364
   29193      38.8069
   29194      38.8518
   29195      38.9314
   29196      38.6898
   29197      38.5981
   29198      38.7205
   29199      39.1970
   29200      38.6240
   29201      38.8118
   29202      38.8705
   29203      38.7367
   29204      38.7075
   29205      39.0983
   29206      39.1840
   29207      38.7783
   29208      38.8278
   29209      38.8610
   29210      39.2958
   29211      39.4221
   29212      39.3995
   29213      38.9051
   29214      39.4309
   29215      39.0490
   29216      39.2649
   29217      38.9354
   29218      39.1315
   29219      38.9278
   29220      38.8727
   29221      38.8047
   29222      39.1300
   29223      38.5236
   29224      38.8935
   29225      38.9712
   29226      39.0899
   29227      39.0263
   29228      38.7435
   29229      39.0480
   29230      39.2889
   29231      38.8024
   29232      38.9316
   29233      38.9802
   29234      38.9074
   29235      38.9250
   29236      38.9778
   29237      38.9675
   29238      38.9953
   29239      39.4991
   29240      39.3927
   29241      38.9282
   29242      38.9521
   29243      39.1269
   29244      38.9067
   29245      38.9433
   29246      39.3805
   29247      38.8983
   29248      38.6747
   29249      38.6968
   29250      39.1322
   29251      39.0110
   29252      39.0039
   29253      38.6411
   29254      38.8791
   29255      38.7587
   29256      38.6575
   29257      39.2188
   29258      39.0303
   29259      38.8258
   29260      38.9585
   29261      38.6806
   29262      39.1329
   29263      39.1553
   29264      39.1085
   29265      38.7052
   29266      38.7905
   29267      39.1824
   29268      39.1072
   29269      38.7085
   29270      39.1992
   29271      38.6254
   29272      38.4257
   29273      38.8696
   29274      39.3305
   29275      39.1096
   29276      38.9837
   29277      38.8482
   29278      39.1077
   29279      38.7655
   29280      39.2211
   29281      38.9625
   29282      38.7493
   29283      38.8707
   29284      38.9138
   29285      38.7082
   29286      38.7448
   29287      38.5195
   29288      38.5810
   29289      38.8588
   29290      38.5578
   29291      38.8465
   29292      38.7478
   29293      38.7995
   29294      38.7883
   29295      38.9513
   29296      38.5662
   29297      38.5400
   29298      39.0385
   29299      38.8730
   29300      38.3427
   29301      38.8801
   29302      38.9267
   29303      38.5279
   29304      38.9952
   29305      39.1646
   29306      39.3556
   29307      39.2225
   29308      39.0141
   29309      38.9617
   29310      38.5508
   29311      37.8671
   29312      38.6329
   29313      38.0786
   29314      38.1675
   29315      38.6069
   29316      38.8283
   29317      38.6088
   29318      38.3472
   29319      38.3381
   29320      38.5010
   29321      38.5745
   29322      38.4505
   29323      38.3323
   29324      38.6371
   29325      37.9743
   29326      38.6325
   29327      38.7189
   29328      38.3186
   29329      38.0147
   29330      38.3030
   29331      38.5735
   29332      38.5392
   29333      38.5219
   29334      38.6650
   29335      38.7824
   29336      38.5992
   29337      38.7766
   29338      38.6360
   29339      38.5332
   29340      38.5188
   29341      38.4558
   29342      38.7054
   29343      39.0807
   29344      38.9535
   29345      38.3475
   29346      38.2061
   29347      38.6071
   29348      38.3699
   29349      38.1053
   29350      38.6987
   29351      38.6969
   29352      38.5098
   29353      38.8046
   29354      38.4702
   29355      38.5305
   29356      38.6187
   29357      38.5268
   29358      38.6179
   29359      38.7421
   29360      38.5218
   29361      38.6080
   29362      38.6723
   29363      38.5749
   29364      38.3538
   29365      38.8993
   29366      38.6188
   29367      38.7551
   29368      39.0560
   29369      38.3198
   29370      38.2401
   29371      38.5088
   29372      38.1483
   29373      38.3990
   29374      38.6511
   29375      38.4319
   29376      38.2005
   29377      38.4807
   29378      38.8561
   29379      38.6009
   29380      38.7147
   29381      38.8888
   29382      39.1085
   29383      38.6405
   29384      38.4769
   29385      38.6642
   29386      38.6488
   29387      39.2374
   29388      39.2286
   29389      39.1707
   29390      39.2694
   29391      39.0120
   29392      39.1930
   29393      39.0771
   29394      39.2231
   29395      38.9355
   29396      38.9048
   29397      38.7624
   29398      38.7138
   29399      38.4885
   29400      38.3057
   29401      38.5490
   29402      38.4931
   29403      38.6613
   29404      38.6873
   29405      38.7256
   29406      38.3909
   29407      38.2190
   29408      38.7745
   29409      38.6429
   29410      38.9328
   29411      38.9030
   29412      38.5434
   29413      38.6245
   29414      38.4155
   29415      38.4503
   29416      38.4260
   29417      38.6136
   29418      38.6642
   29419      38.7250
   29420      38.8056
   29421      38.5502
   29422      38.4887
   29423      38.5480
   29424      38.7138
   29425      38.8515
   29426      38.6080
   29427      38.3486
   29428      38.5125
   29429      38.5702
   29430      38.3429
   29431      38.6445
   29432      38.2369
   29433      38.3287
   29434      38.3348
   29435      38.7364
   29436      38.7005
   29437      38.4909
   29438      38.4826
   29439      38.9146
   29440      38.7182
   29441      38.8324
   29442      38.8461
   29443      38.8508
   29444      38.5530
   29445      38.7923
   29446      38.7630
   29447      38.9514
   29448      38.5053
   29449      38.3271
   29450      38.5686
   29451      38.2032
   29452      38.6430
   29453      38.4196
   29454      38.4766
   29455      37.9593
   29456      38.1562
   29457      38.5102
   29458      38.6251
   29459      38.3323
   29460      38.2889
   29461      38.3707
   29462      38.4868
   29463      38.2714
   29464      38.7734
   29465      38.7417
   29466      38.4433
   29467      38.3711
   29468      38.6584
   29469      38.5157
   29470      39.0093
   29471      38.6114
   29472      39.0465
   29473      38.5960
   29474      38.8634
   29475      39.2478
   29476      39.1498
   29477      38.9151
   29478      38.5237
   29479      39.1287
   29480      38.7912
   29481      38.4142
   29482      38.8595
   29483      39.2887
   29484      39.0552
   29485      38.8770
   29486      39.0615
   29487      39.2698
   29488      38.9921
   29489      38.8984
   29490      38.5787
   29491      38.1814
   29492      38.5329
   29493      38.6094
   29494      38.2460
   29495      38.6763
   29496      38.5902
   29497      38.5962
   29498      38.7469
   29499      38.4215
   29500      38.5356
   29501      38.8321
   29502      39.0806
   29503      39.1103
   29504      39.2707
   29505      39.1608
   29506      39.0510
   29507      39.3069
   29508      39.6791
   29509      39.1560
   29510      39.1261
   29511      39.5825
   29512      39.3633
   29513      39.3645
   29514      39.4143
   29515      39.4176
   29516      39.4400
   29517      39.2022
   29518      39.3230
   29519      39.3781
   29520      39.5006
   29521      39.8293
   29522      39.3131
   29523      39.1761
   29524      39.1804
   29525      39.3090
   29526      39.4951
   29527      38.9304
   29528      39.7325
   29529      39.6863
   29530      39.1457
   29531      39.0952
   29532      39.3094
   29533      39.3150
   29534      39.0572
   29535      38.4779
   29536      38.7914
   29537      39.0061
   29538      38.8577
   29539      38.6699
   29540      38.9136
   29541      38.2078
   29542      39.1123
   29543      39.2074
   29544      39.0643
   29545      38.8357
   29546      38.9939
   29547      39.2961
   29548      39.2566
   29549      39.0490
   29550      39.4045
   29551      38.9693
   29552      38.6848
   29553      39.6361
   29554      39.5373
   29555      39.2332
   29556      38.9588
   29557      39.0246
   29558      39.0660
   29559      38.9589
   29560      38.9522
   29561      39.1291
   29562      38.9010
   29563      38.4766
   29564      38.9650
   29565      39.0035
   29566      38.9096
   29567      38.9856
   29568      39.0934
   29569      39.1136
   29570      39.1181
   29571      38.8340
   29572      38.9722
   29573      38.9123
   29574      38.6443
   29575      39.0934
   29576      39.2471
   29577      38.8203
   29578      39.2665
   29579      39.3795
   29580      38.7150
   29581      38.9606
   29582      39.0724
   29583      38.8377
   29584      38.5585
   29585      38.5882
   29586      38.6477
   29587      38.6423
   29588      38.5975
   29589      38.4176
   29590      38.5773
   29591      38.5418
   29592      38.2393
   29593      38.5483
   29594      38.7308
   29595      38.5128
   29596      38.3832
   29597      38.3954
   29598      38.4504
   29599      38.4172
   29600      38.6737
   29601      38.8627
   29602      38.2878
   29603      38.3436
   29604      38.2848
   29605      38.6348
   29606      38.5885
   29607      38.9787
   29608      38.3672
   29609      38.3642
   29610      38.4740
   29611      38.5491
   29612      38.4887
   29613      38.4982
   29614      38.5710
   29615      38.6353
   29616      38.8104
   29617      38.5257
   29618      38.5893
   29619      38.7479
   29620      38.6170
   29621      38.3466
   29622      38.3887
   29623      38.9926
   29624      39.2839
   29625      38.6483
   29626      38.6631
   29627      38.7680
   29628      38.3419
   29629      38.3698
   29630      38.1010
   29631      37.6865
   29632      38.0112
   29633      37.9964
   29634      38.6421
   29635      38.5998
   29636      38.3564
   29637      38.0627
   29638      38.5894
   29639      38.4810
   29640      38.6969
   29641      38.9286
   29642      38.8055
   29643      38.7441
   29644      38.8839
   29645      38.5018
   29646      38.9591
   29647      39.0579
   29648      38.7867
   29649      38.7906
   29650      38.9007
   29651      38.4918
   29652      38.4906
   29653      38.0263
   29654      38.4818
   29655      38.7474
   29656      38.5304
   29657      37.8554
   29658      38.3396
   29659      38.1425
   29660      38.4887
   29661      38.4352
   29662      38.4615
   29663      38.2986
   29664      38.8372
   29665      38.7940
   29666      38.3726
   29667      38.3877
   29668      38.5826
   29669      38.5257
   29670      38.9183
   29671      39.0770
   29672      38.8180
   29673      38.8308
   29674      38.7588
   29675      38.7617
   29676      39.1575
   29677      39.4269
   29678      39.4881
   29679      39.1739
   29680      38.8285
   29681      38.4788
   29682      38.8582
   29683      38.7897
   29684      38.6113
   29685      39.1018
   29686      39.2092
   29687      38.6000
   29688      39.0499
   29689      38.5436
   29690      38.7258
   29691      38.6083
   29692      38.4950
   29693      38.2615
   29694      38.0353
   29695      38.4895
   29696      38.5962
   29697      38.5715
   29698      38.8268
   29699      38.9941
   29700      39.1048
   29701      38.8179
   29702      38.8403
   29703      38.4330
   29704      39.3252
   29705      38.8942
   29706      38.5781
   29707      38.8201
   29708      38.7965
   29709      38.8095
   29710      38.6983
   29711      38.4729
   29712      38.4381
   29713      38.6616
   29714      38.5237
   29715      38.7545
   29716      38.6404
   29717      38.6121
   29718      39.1303
   29719      39.0244
   29720      39.0393
   29721      38.2941
   29722      38.4358
   29723      38.6473
   29724      38.5164
   29725      38.5388
   29726      38.4562
   29727      38.5144
   29728      38.8256
   29729      38.5772
   29730      38.4157
   29731      38.6894
   29732      38.5609
   29733      38.9765
   29734      38.8845
   29735      38.9910
   29736      38.5615
   29737      38.2935
   29738      38.2658
   29739      38.5954
   29740      38.9289
   29741      38.9181
   29742      39.3209
   29743      39.0862
   29744      39.2740
   29745      38.5746
   29746      38.5838
   29747      38.6199
   29748      38.5886
   29749      39.0215
   29750      38.9853
   29751      38.8634
   29752      38.8830
   29753      38.8362
   29754      38.7252
   29755      38.8390
   29756      38.9614
   29757      39.0301
   29758      39.0841
   29759      39.3381
   29760      39.3494
   29761      38.9123
   29762      38.9411
   29763      38.9148
   29764      38.7355
   29765      38.4607
   29766      38.8152
   29767      38.7763
   29768      38.8406
   29769      38.8584
   29770      38.8718
   29771      38.7700
   29772      38.4079
   29773      38.7409
   29774      38.7863
   29775      38.6550
   29776      39.1198
   29777      38.7675
   29778      38.8522
   29779      38.8512
   29780      39.3405
   29781      39.1504
   29782      39.0116
   29783      38.8167
   29784      38.9070
   29785      38.9182
   29786      39.1332
   29787      38.8660
   29788      39.1593
   29789      39.1390
   29790      39.1488
   29791      39.1238
   29792      39.0105
   29793      39.1069
   29794      39.1970
   29795      38.9573
   29796      39.1659
   29797      39.4244
   29798      39.3247
   29799      38.9420
   29800      39.0435
   29801      38.9434
   29802      38.8593
   29803      38.8436
   29804      39.0198
   29805      38.9751
   29806      39.0367
   29807      39.2609
   29808      38.7680
   29809      38.9545
   29810      38.7798
   29811      38.7470
   29812      38.5467
   29813      38.5793
   29814      38.8976
   29815      39.1234
   29816      38.9261
   29817      38.9664
   29818      39.0920
   29819      38.7286
   29820      38.5913
   29821      38.9048
   29822      38.3932
   29823      38.9429
   29824      38.5108
   29825      38.2575
   29826      38.6361
   29827      38.7383
   29828      39.0852
   29829      38.7793
   29830      39.1430
   29831      38.7980
   29832      39.1816
   29833      39.0272
   29834      38.7046
   29835      38.5769
   29836      38.4645
   29837      38.9582
   29838      38.6865
   29839      39.0820
   29840      38.5839
   29841      38.5916
   29842      38.9420
   29843      38.9096
   29844      38.9154
   29845      38.9224
   29846      38.7740
   29847      38.7737
   29848      38.7957
   29849      38.6511
   29850      38.6245
   29851      38.6029
   29852      38.9452
   29853      38.8302
   29854      38.9745
   29855      38.9623
   29856      38.6602
   29857      38.8860
   29858      38.6613
   29859      38.4751
   29860      38.8607
   29861      39.1138
   29862      38.8590
   29863      38.9646
   29864      38.7326
   29865      38.5615
   29866      38.7180
   29867      38.6055
   29868      38.0857
   29869      38.7791
   29870      38.6880
   29871      38.7192
   29872      38.6818
   29873      38.7621
   29874      38.9128
   29875      38.8364
   29876      38.7129
   29877      38.5622
   29878      38.8888
   29879      38.8102
   29880      38.8565
   29881      39.1133
   29882      39.1896
   29883      38.8651
   29884      39.2747
   29885      39.3090
   29886      38.7214
   29887      38.7753
   29888      38.6966
   29889      38.8213
   29890      38.9476
   29891      38.4288
   29892      38.5857
   29893      38.4655
   29894      38.3307
   29895      38.8846
   29896      38.4938
   29897      38.6015
   29898      38.7081
   29899      38.7555
   29900      38.1502
   29901      38.3014
   29902      38.1249
   29903      38.3368
   29904      38.6767
   29905      38.6244
   29906      38.3311
   29907      38.0902
   29908      38.1341
   29909      38.2775
   29910      38.7014
   29911      38.4930
   29912      38.3768
   29913      38.5565
   29914      38.3086
   29915      38.5973
   29916      38.5188
   29917      38.6178
   29918      38.5484
   29919      38.3861
   29920      38.4616
   29921      38.4224
   29922      38.4334
   29923      38.4518
   29924      38.6498
   29925      38.3821
   29926      38.3185
   29927      38.6226
   29928      38.1563
   29929      38.2680
   29930      38.4148
   29931      38.0471
   29932      38.3499
   29933      38.0745
   29934      38.0648
   29935      38.3241
   29936      38.3311
   29937      37.9268
   29938      38.4440
   29939      38.1221
   29940      38.3101
   29941      38.3804
   29942      38.2834
   29943      38.2814
   29944      38.6154
   29945      38.3560
   29946      38.7678
   29947      38.3826
   29948      38.6792
   29949      39.0003
   29950      38.4600
   29951      38.5152
   29952      38.8092
   29953      39.0848
   29954      38.7593
   29955      38.7078
   29956      38.7191
   29957      38.8114
   29958      38.6996
   29959      38.7629
   29960      38.5700
   29961      38.5550
   29962      38.9049
   29963      38.7699
   29964      38.6649
   29965      39.0880
   29966      38.8976
   29967      38.4934
   29968      38.4031
   29969      38.9536
   29970      38.7345
   29971      38.4462
   29972      38.5557
   29973      38.7308
   29974      38.6716
   29975      38.7897
   29976      38.4315
   29977      38.8408
   29978      38.6114
   29979      38.4075
   29980      38.7694
   29981      38.4271
   29982      38.5227
   29983      38.2651
   29984      38.5056
   29985      38.8263
   29986      38.9332
   29987      38.9929
   29988      38.6725
   29989      38.7297
   29990      38.9023
   29991      38.8843
   29992      38.7100
   29993      38.4878
   29994      39.0723
   29995      38.5835
   29996      38.9869
   29997      38.7651
   29998      38.7580
   29999      38.1237
   30000      38.1975
