#Frame            l2o
       1      33.6686
       2      33.4933
       3      33.4137
       4      33.3990
       5      32.8927
       6      33.0493
       7      33.3999
       8      33.7605
       9      33.6607
      10      33.4497
      11      33.5154
      12      33.4340
      13      33.7557
      14      33.4434
      15      33.6746
      16      33.3922
      17      32.9036
      18      33.0535
      19      32.8974
      20      32.9140
      21      32.9478
      22      33.2056
      23      33.4576
      24      33.2481
      25      33.5872
      26      33.3377
      27      33.3267
      28      33.2298
      29      33.4489
      30      33.7876
      31      33.4456
      32      33.5282
      33      33.5371
      34      33.3754
      35      33.6437
      36      33.6767
      37      33.6503
      38      33.6001
      39      33.2745
      40      33.7581
      41      33.7802
      42      33.4865
      43      33.7343
      44      33.8909
      45      33.7976
      46      33.3458
      47      33.4379
      48      33.7428
      49      33.5035
      50      33.1849
      51      33.3854
      52      33.2974
      53      33.6431
      54      33.6534
      55      33.2200
      56      33.5334
      57      33.3033
      58      33.0028
      59      33.2369
      60      33.2951
      61      33.4911
      62      33.1351
      63      33.2721
      64      32.6118
      65      32.8705
      66      32.9916
      67      33.7062
      68      33.3764
      69      33.1644
      70      33.3089
      71      33.1108
      72      33.4109
      73      33.2234
      74      33.5177
      75      33.5008
      76      33.2203
      77      33.7683
      78      33.4637
      79      33.5683
      80      34.0280
      81      33.5784
      82      33.8255
      83      33.5989
      84      33.6998
      85      33.1889
      86      33.6107
      87      33.5779
      88      33.5436
      89      33.9997
      90      33.4003
      91      33.3816
      92      33.5486
      93      33.6549
      94      33.5399
      95      33.7511
      96      33.1288
      97      33.7317
      98      33.8391
      99      33.3225
     100      33.5160
     101      33.6071
     102      33.9054
     103      33.8389
     104      33.4892
     105      33.5921
     106      33.7702
     107      33.3454
     108      33.6060
     109      33.8293
     110      33.7042
     111      33.5422
     112      33.4336
     113      33.6835
     114      33.9033
     115      33.7604
     116      33.7937
     117      33.7942
     118      34.1656
     119      34.1085
     120      34.0304
     121      33.9242
     122      34.0103
     123      34.1334
     124      34.3960
     125      33.7145
     126      33.9560
     127      33.8750
     128      33.7458
     129      33.3850
     130      33.8267
     131      33.6782
     132      33.7033
     133      33.5796
     134      33.7234
     135      34.0202
     136      33.7366
     137      33.6747
     138      33.9956
     139      33.7574
     140      34.1728
     141      34.0133
     142      33.8651
     143      33.7810
     144      34.3367
     145      34.5327
     146      34.0530
     147      33.7826
     148      33.9413
     149      33.9916
     150      34.0720
     151      33.7064
     152      34.0537
     153      33.4860
     154      34.3708
     155      34.1707
     156      33.8636
     157      33.8405
     158      34.0622
     159      33.5356
     160      33.7287
     161      33.8135
     162      34.1732
     163      33.6125
     164      34.0283
     165      33.5199
     166      33.6424
     167      33.8490
     168      33.9059
     169      34.0086
     170      34.0049
     171      33.5425
     172      34.2867
     173      33.9753
     174      34.0589
     175      33.9395
     176      33.9304
     177      33.8280
     178      33.9408
     179      33.9911
     180      34.0775
     181      34.4461
     182      34.2357
     183      34.2984
     184      33.9480
     185      34.3775
     186      33.8175
     187      34.2310
     188      33.9587
     189      34.1418
     190      33.8873
     191      34.0079
     192      34.1258
     193      33.8934
     194      33.5926
     195      33.6965
     196      34.2163
     197      34.3078
     198      34.1524
     199      34.0246
     200      33.5280
     201      33.8685
     202      34.2939
     203      33.7556
     204      34.3404
     205      33.8345
     206      33.7896
     207      34.2891
     208      34.4830
     209      34.0944
     210      34.0583
     211      33.8417
     212      33.8827
     213      34.0921
     214      34.3360
     215      33.7205
     216      34.0457
     217      34.1667
     218      34.0543
     219      34.3051
     220      34.2556
     221      34.2713
     222      33.6153
     223      33.8012
     224      34.0471
     225      34.3125
     226      34.0024
     227      34.1668
     228      33.9645
     229      34.3023
     230      34.1894
     231      34.4315
     232      33.6599
     233      33.7219
     234      33.8107
     235      33.9200
     236      33.5587
     237      33.6297
     238      34.0432
     239      34.5886
     240      34.0332
     241      34.1702
     242      34.3774
     243      34.2185
     244      33.6852
     245      33.7293
     246      33.7510
     247      33.7734
     248      34.1567
     249      33.7952
     250      34.2313
     251      34.0583
     252      33.9212
     253      33.8708
     254      34.1352
     255      34.0293
     256      34.1203
     257      34.1469
     258      33.5024
     259      33.8276
     260      34.1883
     261      33.9841
     262      33.8660
     263      34.1555
     264      34.3378
     265      34.1031
     266      33.7822
     267      34.2331
     268      33.9734
     269      33.9897
     270      34.2219
     271      34.0353
     272      33.8364
     273      34.0365
     274      33.7623
     275      34.0687
     276      34.1675
     277      34.3427
     278      34.0602
     279      34.1014
     280      34.5161
     281      34.1748
     282      34.3951
     283      34.4137
     284      34.2313
     285      34.2507
     286      34.2841
     287      34.2562
     288      34.5754
     289      34.7703
     290      34.2536
     291      34.1937
     292      34.1766
     293      34.3319
     294      33.8468
     295      33.7809
     296      34.6590
     297      34.5467
     298      33.7801
     299      33.9939
     300      33.9229
     301      34.1114
     302      34.0823
     303      34.3465
     304      34.4371
     305      34.5824
     306      34.4770
     307      34.1238
     308      34.3605
     309      34.3392
     310      34.4118
     311      34.3666
     312      34.0747
     313      34.0866
     314      34.2849
     315      33.9370
     316      34.3427
     317      34.0474
     318      33.8548
     319      34.1757
     320      33.9105
     321      34.4227
     322      34.1065
     323      34.0743
     324      34.2926
     325      34.0192
     326      33.8511
     327      34.2851
     328      34.2158
     329      34.2395
     330      33.7004
     331      34.1688
     332      34.0035
     333      33.1628
     334      33.7217
     335      33.4273
     336      33.9532
     337      33.8379
     338      34.3156
     339      33.7403
     340      33.4505
     341      33.5468
     342      33.9581
     343      33.7296
     344      33.7677
     345      34.1905
     346      34.4154
     347      33.9205
     348      34.3191
     349      34.5369
     350      34.2636
     351      33.6339
     352      33.9825
     353      33.6783
     354      33.9057
     355      33.9484
     356      33.9689
     357      34.5335
     358      34.8305
     359      34.5786
     360      34.5182
     361      34.6800
     362      34.3778
     363      34.4575
     364      34.7992
     365      34.5654
     366      34.7449
     367      34.4835
     368      34.9711
     369      34.5293
     370      34.4571
     371      34.4744
     372      34.2815
     373      34.4718
     374      33.9120
     375      34.3660
     376      34.2855
     377      34.5324
     378      34.2805
     379      34.3646
     380      33.9875
     381      33.9316
     382      34.0152
     383      34.2114
     384      34.1999
     385      34.2208
     386      34.3488
     387      34.4429
     388      34.8224
     389      34.8515
     390      34.4951
     391      34.0865
     392      34.5760
     393      34.6290
     394      34.5051
     395      34.4734
     396      34.2944
     397      34.3003
     398      34.3263
     399      34.5763
     400      34.2357
     401      34.2639
     402      34.2131
     403      34.3963
     404      33.9534
     405      34.0434
     406      33.9758
     407      33.8961
     408      33.8109
     409      34.0418
     410      33.9128
     411      34.3258
     412      34.0567
     413      34.4338
     414      34.3902
     415      34.2365
     416      34.2666
     417      34.0082
     418      34.1263
     419      34.0723
     420      33.7734
     421      34.3406
     422      33.9469
     423      34.5153
     424      34.0271
     425      34.2551
     426      34.0739
     427      33.7286
     428      33.5861
     429      34.0068
     430      33.4584
     431      33.8424
     432      33.7744
     433      33.6665
     434      33.6527
     435      33.6515
     436      34.1018
     437      33.7496
     438      33.4478
     439      33.2541
     440      33.8990
     441      33.7397
     442      33.9809
     443      34.1911
     444      34.0802
     445      33.8936
     446      33.7432
     447      33.9577
     448      33.9329
     449      34.1178
     450      34.0400
     451      34.0372
     452      34.2562
     453      34.1334
     454      34.2095
     455      34.4885
     456      34.3123
     457      34.2797
     458      33.9361
     459      34.2676
     460      34.3607
     461      34.5607
     462      34.3569
     463      34.0352
     464      34.3690
     465      33.8880
     466      33.9733
     467      33.9383
     468      34.1820
     469      34.4980
     470      34.5834
     471      34.9167
     472      34.0786
     473      34.3050
     474      34.4029
     475      34.1189
     476      34.0467
     477      33.7695
     478      33.9501
     479      34.1006
     480      33.6125
     481      34.0850
     482      33.9697
     483      34.2164
     484      34.1718
     485      34.0622
     486      34.0520
     487      34.1179
     488      34.0750
     489      34.7330
     490      34.0620
     491      34.3825
     492      33.7845
     493      34.1595
     494      34.1175
     495      34.1535
     496      33.5640
     497      33.8515
     498      33.7245
     499      33.8234
     500      33.7561
     501      33.5835
     502      33.7117
     503      33.9649
     504      33.6957
     505      33.7077
     506      33.4556
     507      33.8003
     508      34.0015
     509      33.7727
     510      33.7885
     511      33.8738
     512      33.7081
     513      33.8896
     514      33.5011
     515      33.8966
     516      33.9341
     517      33.9071
     518      34.1490
     519      34.3230
     520      34.2044
     521      33.7816
     522      34.0597
     523      33.9598
     524      33.8281
     525      34.1943
     526      34.3110
     527      34.2824
     528      34.2874
     529      33.8700
     530      34.0335
     531      33.8463
     532      33.7328
     533      33.7745
     534      33.3148
     535      33.7862
     536      34.3940
     537      34.4362
     538      34.3189
     539      34.1277
     540      33.9638
     541      34.2310
     542      34.2696
     543      34.2811
     544      33.8904
     545      34.3795
     546      34.4077
     547      34.7804
     548      34.7303
     549      34.1856
     550      34.6152
     551      34.5597
     552      34.0064
     553      34.1221
     554      34.0885
     555      34.5763
     556      34.1289
     557      34.2045
     558      34.4562
     559      33.9887
     560      34.1418
     561      33.8952
     562      34.0035
     563      33.5229
     564      33.7679
     565      33.7480
     566      33.9235
     567      33.8733
     568      33.6486
     569      33.5001
     570      33.7988
     571      33.8688
     572      33.4587
     573      33.3623
     574      33.8549
     575      33.9347
     576      34.1546
     577      33.6179
     578      33.9455
     579      34.2199
     580      33.9679
     581      33.7113
     582      33.5636
     583      33.3119
     584      33.7019
     585      33.8873
     586      33.2582
     587      33.8015
     588      33.8289
     589      33.7590
     590      33.5482
     591      34.2195
     592      33.5601
     593      34.0428
     594      33.7787
     595      33.9159
     596      33.5672
     597      33.6725
     598      33.5529
     599      33.7579
     600      34.2130
     601      34.3702
     602      34.3598
     603      33.2705
     604      33.9352
     605      34.0469
     606      34.1470
     607      33.9618
     608      34.2810
     609      34.1873
     610      34.3716
     611      34.0452
     612      34.1851
     613      34.0571
     614      34.2739
     615      34.4616
     616      34.3755
     617      33.9854
     618      33.8941
     619      33.7997
     620      33.8635
     621      33.5868
     622      34.5385
     623      34.2117
     624      34.6064
     625      34.0025
     626      34.0295
     627      33.9090
     628      34.1589
     629      34.1905
     630      33.8142
     631      34.0587
     632      33.6250
     633      33.4778
     634      33.9161
     635      34.4100
     636      33.7450
     637      33.5762
     638      33.3949
     639      33.6473
     640      34.1001
     641      33.8587
     642      33.7625
     643      33.6996
     644      33.8531
     645      34.1013
     646      34.3953
     647      34.6011
     648      33.9289
     649      34.3560
     650      34.4098
     651      33.9401
     652      34.3456
     653      34.3324
     654      34.2680
     655      34.6651
     656      34.7874
     657      34.3489
     658      34.5256
     659      34.9391
     660      35.1659
     661      34.3726
     662      34.0788
     663      33.8256
     664      33.9152
     665      34.3005
     666      33.9364
     667      33.9214
     668      34.0316
     669      34.4542
     670      34.2841
     671      33.9991
     672      34.3966
     673      34.2867
     674      34.2961
     675      34.1359
     676      34.2586
     677      33.9425
     678      34.2057
     679      34.4722
     680      34.1408
     681      34.1998
     682      34.3097
     683      34.5129
     684      34.2056
     685      34.3176
     686      34.3604
     687      34.4998
     688      34.2002
     689      34.3148
     690      34.2142
     691      34.2686
     692      34.4799
     693      34.0815
     694      34.4944
     695      34.5847
     696      34.5013
     697      34.8662
     698      34.2187
     699      34.6492
     700      34.2877
     701      34.4715
     702      34.4424
     703      34.6280
     704      34.4632
     705      34.7375
     706      34.5017
     707      34.5520
     708      34.5820
     709      34.1728
     710      33.9338
     711      34.0433
     712      34.0191
     713      34.2462
     714      34.2197
     715      34.1898
     716      34.2499
     717      34.0832
     718      34.3520
     719      34.4136
     720      34.4890
     721      33.9819
     722      34.5467
     723      34.3645
     724      33.9048
     725      33.9836
     726      34.4892
     727      34.5866
     728      34.2712
     729      34.0035
     730      34.2858
     731      34.0642
     732      34.2808
     733      34.1304
     734      33.9860
     735      34.1654
     736      34.2068
     737      34.1909
     738      34.3891
     739      34.0855
     740      34.4957
     741      34.5189
     742      34.3462
     743      34.3552
     744      34.2107
     745      34.1498
     746      34.2599
     747      34.5018
     748      34.1826
     749      33.9895
     750      34.4343
     751      34.5209
     752      34.6880
     753      34.8130
     754      34.4956
     755      34.5923
     756      34.1754
     757      34.1980
     758      34.5333
     759      34.3536
     760      34.4416
     761      34.6559
     762      34.6599
     763      35.0106
     764      34.6076
     765      34.8232
     766      34.3975
     767      34.1187
     768      34.3500
     769      33.9794
     770      34.1909
     771      34.1272
     772      34.0960
     773      33.9609
     774      34.2231
     775      34.6243
     776      34.5074
     777      34.9026
     778      34.5951
     779      34.5069
     780      34.0783
     781      34.0812
     782      34.0689
     783      34.1585
     784      33.9029
     785      33.6523
     786      33.8498
     787      34.1896
     788      34.0381
     789      34.5313
     790      34.5214
     791      34.4756
     792      34.2256
     793      33.9884
     794      34.2058
     795      34.1938
     796      34.1088
     797      34.2908
     798      34.2399
     799      34.2350
     800      34.2808
     801      34.2380
     802      34.3690
     803      34.6787
     804      34.1410
     805      34.5783
     806      34.2517
     807      34.3504
     808      34.1929
     809      34.2218
     810      34.4207
     811      34.0144
     812      34.0174
     813      34.0742
     814      34.2133
     815      34.5410
     816      34.5919
     817      34.4987
     818      34.3174
     819      34.6256
     820      34.3122
     821      34.2323
     822      34.1843
     823      34.1873
     824      34.1571
     825      34.0581
     826      34.4957
     827      34.3549
     828      34.6808
     829      34.5203
     830      34.6990
     831      34.4309
     832      34.5478
     833      34.0524
     834      34.1907
     835      33.9136
     836      33.8862
     837      33.8076
     838      34.1894
     839      34.1008
     840      34.2807
     841      33.7434
     842      34.1119
     843      34.2298
     844      34.2970
     845      34.4343
     846      34.1828
     847      34.2497
     848      33.9141
     849      34.4126
     850      34.3613
     851      34.1738
     852      33.8848
     853      33.9121
     854      33.8361
     855      34.2671
     856      34.4748
     857      34.3400
     858      34.7190
     859      34.8417
     860      34.7451
     861      34.6434
     862      34.6882
     863      34.3916
     864      34.4320
     865      34.0740
     866      34.1568
     867      34.3877
     868      34.4874
     869      34.3418
     870      33.9939
     871      34.1816
     872      34.1620
     873      34.2257
     874      34.1651
     875      34.4883
     876      34.1885
     877      34.4048
     878      34.5825
     879      34.3988
     880      33.8589
     881      34.2027
     882      33.9616
     883      34.1328
     884      34.3368
     885      34.3150
     886      34.0885
     887      34.1785
     888      34.5291
     889      34.5247
     890      34.6591
     891      34.5010
     892      34.2852
     893      34.6055
     894      34.2850
     895      34.0734
     896      34.4456
     897      34.1078
     898      34.3971
     899      34.1483
     900      33.9601
     901      34.3578
     902      34.5963
     903      34.5228
     904      34.4127
     905      34.5161
     906      34.7065
     907      34.1564
     908      34.4542
     909      34.1006
     910      34.2125
     911      34.0520
     912      34.4239
     913      34.5175
     914      34.1854
     915      34.3860
     916      34.7780
     917      33.9769
     918      33.8003
     919      34.4254
     920      34.1581
     921      33.9766
     922      34.2553
     923      33.7130
     924      33.8285
     925      34.1885
     926      33.8116
     927      33.9510
     928      34.0129
     929      34.2025
     930      33.9097
     931      33.9677
     932      34.0249
     933      33.8240
     934      33.7122
     935      33.9450
     936      34.1103
     937      34.2608
     938      34.3968
     939      34.2318
     940      33.9989
     941      34.0839
     942      34.0803
     943      34.1559
     944      33.9728
     945      33.8507
     946      34.1054
     947      34.0743
     948      34.2918
     949      34.3674
     950      33.9871
     951      34.2194
     952      34.3970
     953      34.3609
     954      34.0185
     955      34.4344
     956      34.5154
     957      34.2124
     958      34.6888
     959      34.4265
     960      34.1995
     961      34.3871
     962      34.2441
     963      34.1000
     964      34.0294
     965      33.7773
     966      34.2633
     967      33.9456
     968      34.0690
     969      33.7667
     970      34.1614
     971      34.5943
     972      33.9966
     973      34.1543
     974      34.1932
     975      33.9805
     976      34.7466
     977      34.2086
     978      34.4222
     979      34.2665
     980      34.0668
     981      34.1186
     982      34.3746
     983      33.8507
     984      33.6402
     985      33.7533
     986      34.0250
     987      33.7400
     988      34.0293
     989      33.8435
     990      34.0504
     991      33.7321
     992      33.5819
     993      33.6930
     994      33.6344
     995      34.0227
     996      33.9594
     997      33.5530
     998      33.9788
     999      33.9969
    1000      33.7483
    1001      33.8098
    1002      33.6871
    1003      33.8491
    1004      33.9809
    1005      34.1295
    1006      33.9590
    1007      33.8657
    1008      34.0445
    1009      33.9387
    1010      34.0161
    1011      34.3908
    1012      34.2225
    1013      34.3036
    1014      34.2825
    1015      34.3284
    1016      34.3603
    1017      34.6372
    1018      34.5089
    1019      34.3962
    1020      34.1071
    1021      34.2107
    1022      34.2566
    1023      34.2269
    1024      34.5581
    1025      34.1917
    1026      34.3132
    1027      34.0398
    1028      34.6751
    1029      34.6946
    1030      34.6984
    1031      34.6195
    1032      34.8394
    1033      34.4531
    1034      34.7660
    1035      34.5786
    1036      34.4792
    1037      34.3209
    1038      34.3695
    1039      34.2031
    1040      33.8707
    1041      33.8441
    1042      34.2012
    1043      33.8109
    1044      34.1185
    1045      34.1471
    1046      34.0925
    1047      34.1331
    1048      33.9970
    1049      34.1953
    1050      34.1647
    1051      34.4984
    1052      34.2737
    1053      34.3214
    1054      34.3591
    1055      33.8997
    1056      34.0861
    1057      34.1324
    1058      34.1962
    1059      34.1013
    1060      33.7562
    1061      33.9786
    1062      34.1099
    1063      33.5141
    1064      34.2020
    1065      33.5061
    1066      33.9544
    1067      34.0127
    1068      33.6541
    1069      34.3205
    1070      34.3661
    1071      34.2123
    1072      34.0466
    1073      33.8967
    1074      34.0359
    1075      34.3033
    1076      34.2156
    1077      33.5122
    1078      33.7214
    1079      33.8145
    1080      33.5719
    1081      33.7153
    1082      33.8603
    1083      33.4875
    1084      33.6767
    1085      33.3627
    1086      33.6340
    1087      33.8399
    1088      33.8875
    1089      33.3809
    1090      33.6913
    1091      34.0315
    1092      33.7285
    1093      34.0548
    1094      32.9426
    1095      33.4417
    1096      33.9445
    1097      33.9349
    1098      33.7154
    1099      33.9793
    1100      33.7696
    1101      33.9705
    1102      33.4729
    1103      33.6695
    1104      33.4206
    1105      33.4493
    1106      33.6566
    1107      33.6030
    1108      34.1535
    1109      34.0508
    1110      34.0788
    1111      33.8751
    1112      33.8743
    1113      34.2598
    1114      34.2898
    1115      34.1311
    1116      33.4982
    1117      34.1083
    1118      34.3266
    1119      33.9807
    1120      34.1695
    1121      34.1160
    1122      33.9269
    1123      33.8150
    1124      34.0503
    1125      33.9857
    1126      34.0146
    1127      34.3869
    1128      34.1309
    1129      33.9950
    1130      33.7270
    1131      33.8963
    1132      33.7704
    1133      33.6732
    1134      34.0491
    1135      34.3166
    1136      33.8685
    1137      33.9607
    1138      34.0859
    1139      33.9288
    1140      33.7781
    1141      33.6452
    1142      33.7774
    1143      33.7348
    1144      34.4639
    1145      33.9314
    1146      34.1579
    1147      34.0551
    1148      34.2989
    1149      33.9695
    1150      33.8053
    1151      33.8645
    1152      34.0302
    1153      34.2286
    1154      34.0722
    1155      34.6023
    1156      34.7639
    1157      34.3982
    1158      34.0337
    1159      34.2483
    1160      34.7003
    1161      34.4799
    1162      34.3159
    1163      34.1554
    1164      34.3399
    1165      34.4230
    1166      34.4090
    1167      34.3503
    1168      34.2970
    1169      34.5079
    1170      33.9593
    1171      33.9704
    1172      34.2361
    1173      34.1520
    1174      34.2299
    1175      33.9996
    1176      34.0050
    1177      34.5568
    1178      34.4845
    1179      34.3284
    1180      34.8086
    1181      34.0897
    1182      34.7807
    1183      34.2229
    1184      34.3800
    1185      34.0548
    1186      34.1726
    1187      34.6927
    1188      34.2468
    1189      34.1049
    1190      33.9571
    1191      34.2329
    1192      34.4919
    1193      34.1468
    1194      34.0265
    1195      34.2868
    1196      34.2437
    1197      34.0000
    1198      34.5136
    1199      34.5807
    1200      34.3277
    1201      34.2841
    1202      33.9440
    1203      34.0874
    1204      34.3810
    1205      34.4053
    1206      34.1086
    1207      33.9635
    1208      33.7897
    1209      33.9747
    1210      33.5880
    1211      34.0966
    1212      34.0557
    1213      34.0014
    1214      34.0005
    1215      33.9807
    1216      33.8621
    1217      34.0913
    1218      33.9219
    1219      33.9671
    1220      34.0472
    1221      34.1042
    1222      34.2497
    1223      34.3668
    1224      34.3917
    1225      34.0238
    1226      34.0132
    1227      33.9619
    1228      33.8580
    1229      33.6433
    1230      33.5608
    1231      33.8641
    1232      33.9102
    1233      34.1986
    1234      34.2699
    1235      34.2530
    1236      34.2504
    1237      34.0662
    1238      34.4768
    1239      34.3633
    1240      33.9354
    1241      34.2128
    1242      33.9427
    1243      34.1386
    1244      34.1125
    1245      34.1040
    1246      33.9852
    1247      34.0315
    1248      34.4750
    1249      34.3429
    1250      33.3938
    1251      34.0927
    1252      34.3871
    1253      34.1733
    1254      33.7646
    1255      34.2367
    1256      33.8618
    1257      33.6054
    1258      33.6240
    1259      33.5153
    1260      33.3585
    1261      33.2929
    1262      33.1031
    1263      33.5122
    1264      33.4606
    1265      33.7783
    1266      33.3993
    1267      33.8519
    1268      33.7469
    1269      33.6610
    1270      33.6210
    1271      33.5431
    1272      33.6275
    1273      33.8169
    1274      33.4113
    1275      33.5275
    1276      33.5755
    1277      33.1261
    1278      33.9266
    1279      34.0761
    1280      33.9891
    1281      34.1360
    1282      33.9521
    1283      33.6759
    1284      34.0866
    1285      34.1680
    1286      34.2252
    1287      34.1126
    1288      33.7769
    1289      33.8508
    1290      34.0323
    1291      33.5758
    1292      33.5155
    1293      33.6249
    1294      33.3087
    1295      33.7350
    1296      33.8606
    1297      34.0251
    1298      33.8259
    1299      33.6218
    1300      33.5867
    1301      33.3195
    1302      33.8751
    1303      33.9524
    1304      33.7879
    1305      33.5160
    1306      33.8680
    1307      33.8523
    1308      33.7317
    1309      33.9403
    1310      33.7269
    1311      33.9667
    1312      33.6378
    1313      33.5271
    1314      33.6254
    1315      33.9087
    1316      34.0111
    1317      33.9603
    1318      34.1349
    1319      33.9420
    1320      34.0263
    1321      34.1840
    1322      34.2048
    1323      34.4152
    1324      33.9519
    1325      34.3778
    1326      34.1768
    1327      34.1107
    1328      34.0516
    1329      34.7067
    1330      34.5520
    1331      34.5965
    1332      34.7269
    1333      34.1171
    1334      34.0040
    1335      34.1830
    1336      34.3014
    1337      34.2578
    1338      34.7334
    1339      34.1007
    1340      35.0026
    1341      34.4318
    1342      34.1841
    1343      34.1017
    1344      34.3502
    1345      34.3510
    1346      33.9946
    1347      33.6890
    1348      33.6906
    1349      33.9033
    1350      34.0292
    1351      33.8331
    1352      34.1546
    1353      33.9923
    1354      33.9445
    1355      34.0979
    1356      34.2455
    1357      34.0506
    1358      34.1487
    1359      33.7677
    1360      34.0949
    1361      33.9238
    1362      33.6580
    1363      33.9420
    1364      33.6633
    1365      33.6716
    1366      33.8326
    1367      33.6601
    1368      33.7164
    1369      33.7910
    1370      33.6211
    1371      33.8463
    1372      33.9422
    1373      33.6774
    1374      33.5189
    1375      34.3028
    1376      34.1491
    1377      34.1641
    1378      34.1187
    1379      34.0547
    1380      34.0058
    1381      33.6595
    1382      33.8592
    1383      33.8967
    1384      33.8168
    1385      34.1591
    1386      33.9750
    1387      34.1991
    1388      33.7568
    1389      33.9891
    1390      33.7030
    1391      33.7582
    1392      34.2216
    1393      33.8208
    1394      34.1605
    1395      34.1117
    1396      34.5317
    1397      34.0077
    1398      34.0990
    1399      33.9785
    1400      33.6963
    1401      33.5382
    1402      34.2034
    1403      34.0594
    1404      33.6519
    1405      34.3984
    1406      34.1566
    1407      34.2200
    1408      34.4422
    1409      34.3215
    1410      34.4950
    1411      33.9621
    1412      33.9074
    1413      34.1849
    1414      34.0639
    1415      33.7213
    1416      34.2255
    1417      33.9154
    1418      33.5681
    1419      33.7361
    1420      33.4788
    1421      33.9550
    1422      34.0669
    1423      33.6730
    1424      33.7566
    1425      34.0601
    1426      34.0778
    1427      34.0588
    1428      33.6499
    1429      34.1409
    1430      34.0833
    1431      34.0928
    1432      34.0630
    1433      34.6146
    1434      34.3304
    1435      34.4075
    1436      34.2538
    1437      34.3485
    1438      33.9010
    1439      33.8419
    1440      34.0691
    1441      34.0194
    1442      34.2898
    1443      34.4237
    1444      34.3292
    1445      33.7853
    1446      33.8347
    1447      33.6954
    1448      34.0711
    1449      34.0743
    1450      33.8108
    1451      34.2294
    1452      33.5470
    1453      33.8619
    1454      34.1448
    1455      34.1867
    1456      34.3874
    1457      34.1940
    1458      34.1757
    1459      33.9609
    1460      34.1017
    1461      33.9279
    1462      33.7247
    1463      33.8135
    1464      34.1422
    1465      33.4540
    1466      33.3115
    1467      33.7477
    1468      33.5936
    1469      33.5568
    1470      33.7515
    1471      33.3481
    1472      33.6394
    1473      34.0185
    1474      33.4744
    1475      34.1197
    1476      33.8007
    1477      33.8984
    1478      34.2729
    1479      33.9876
    1480      34.0288
    1481      33.7877
    1482      33.6805
    1483      33.9413
    1484      34.0049
    1485      34.0151
    1486      33.8920
    1487      33.8436
    1488      33.8894
    1489      33.9768
    1490      33.9758
    1491      34.0780
    1492      34.3159
    1493      33.7340
    1494      34.1557
    1495      33.9515
    1496      34.2052
    1497      34.2171
    1498      34.0847
    1499      33.8467
    1500      33.8188
    1501      33.7164
    1502      34.4147
    1503      34.2000
    1504      34.5007
    1505      34.6256
    1506      33.9961
    1507      34.1163
    1508      34.3819
    1509      34.4034
    1510      34.0635
    1511      33.5785
    1512      33.8680
    1513      34.2250
    1514      33.9992
    1515      33.9750
    1516      33.8676
    1517      33.8276
    1518      33.9558
    1519      34.0998
    1520      34.2482
    1521      34.0801
    1522      34.1378
    1523      33.9182
    1524      33.9220
    1525      34.1407
    1526      33.9993
    1527      34.1189
    1528      33.6650
    1529      33.8870
    1530      33.7944
    1531      33.9276
    1532      34.0254
    1533      34.1545
    1534      33.9565
    1535      33.9227
    1536      33.8585
    1537      33.6856
    1538      34.1257
    1539      33.5007
    1540      33.4177
    1541      33.9327
    1542      34.0308
    1543      33.6878
    1544      33.7596
    1545      33.6914
    1546      33.7658
    1547      34.0000
    1548      33.9532
    1549      33.7912
    1550      34.1407
    1551      34.1766
    1552      33.7745
    1553      33.6292
    1554      33.7357
    1555      33.8103
    1556      33.8472
    1557      33.4441
    1558      33.5286
    1559      33.8103
    1560      34.0799
    1561      33.4967
    1562      34.0753
    1563      34.0539
    1564      33.5801
    1565      33.4211
    1566      33.3048
    1567      33.1932
    1568      33.3722
    1569      33.3577
    1570      33.3186
    1571      33.5130
    1572      33.7979
    1573      33.5282
    1574      33.6890
    1575      34.0197
    1576      33.6197
    1577      33.6091
    1578      33.6707
    1579      33.9505
    1580      33.5173
    1581      33.6407
    1582      33.6105
    1583      33.3133
    1584      33.6928
    1585      33.5758
    1586      33.9186
    1587      33.5764
    1588      34.0810
    1589      33.5733
    1590      33.4822
    1591      33.0578
    1592      33.2919
    1593      33.6097
    1594      34.2931
    1595      34.4630
    1596      34.3668
    1597      34.2491
    1598      34.3818
    1599      34.1116
    1600      34.5768
    1601      34.1347
    1602      34.2355
    1603      33.9481
    1604      34.1424
    1605      33.7979
    1606      33.5298
    1607      33.9265
    1608      33.3463
    1609      33.7971
    1610      34.1060
    1611      33.6378
    1612      33.8368
    1613      34.2564
    1614      33.9848
    1615      34.2147
    1616      33.7873
    1617      33.9665
    1618      33.7923
    1619      33.9912
    1620      34.5639
    1621      34.2906
    1622      34.0439
    1623      33.7050
    1624      33.6237
    1625      34.0140
    1626      33.7260
    1627      33.9510
    1628      34.2190
    1629      34.3532
    1630      33.6970
    1631      34.2988
    1632      34.3851
    1633      34.5505
    1634      33.9111
    1635      33.9523
    1636      33.6457
    1637      34.0217
    1638      33.8813
    1639      34.0743
    1640      33.5336
    1641      33.5618
    1642      33.4793
    1643      33.9380
    1644      33.9224
    1645      33.5809
    1646      34.1370
    1647      34.0173
    1648      34.1751
    1649      33.9420
    1650      33.9466
    1651      33.7840
    1652      34.2244
    1653      34.1016
    1654      34.2343
    1655      34.2044
    1656      34.1140
    1657      33.7828
    1658      33.8441
    1659      34.0863
    1660      33.6732
    1661      33.4885
    1662      33.3561
    1663      33.6256
    1664      33.6421
    1665      33.5847
    1666      34.1010
    1667      33.2458
    1668      33.5799
    1669      34.0849
    1670      34.2483
    1671      33.9046
    1672      33.7570
    1673      34.0967
    1674      33.9493
    1675      33.5673
    1676      33.3335
    1677      33.5474
    1678      33.3952
    1679      33.6375
    1680      33.6137
    1681      34.0416
    1682      33.9726
    1683      33.7178
    1684      34.0351
    1685      33.9396
    1686      33.5418
    1687      33.7717
    1688      34.0560
    1689      33.7563
    1690      33.0770
    1691      33.2468
    1692      33.4463
    1693      33.6828
    1694      33.5461
    1695      33.8420
    1696      33.8198
    1697      33.2508
    1698      33.5162
    1699      33.4946
    1700      33.9716
    1701      33.5217
    1702      33.4723
    1703      33.4975
    1704      33.6841
    1705      33.9765
    1706      33.4628
    1707      33.5955
    1708      33.8749
    1709      33.5983
    1710      33.6204
    1711      33.7707
    1712      33.8914
    1713      34.1021
    1714      33.7580
    1715      33.6365
    1716      33.6354
    1717      33.7616
    1718      33.7417
    1719      34.0220
    1720      33.6268
    1721      33.3450
    1722      33.7756
    1723      33.6008
    1724      33.9783
    1725      33.8815
    1726      33.9637
    1727      33.9216
    1728      33.8131
    1729      33.9085
    1730      33.6396
    1731      33.1881
    1732      33.6753
    1733      33.9413
    1734      34.2777
    1735      33.8567
    1736      34.4685
    1737      33.9190
    1738      33.7628
    1739      33.3975
    1740      33.9968
    1741      33.8665
    1742      33.7950
    1743      33.7079
    1744      33.9509
    1745      33.8810
    1746      33.4445
    1747      33.7699
    1748      34.0661
    1749      34.0803
    1750      34.0658
    1751      34.1245
    1752      34.1106
    1753      34.2445
    1754      33.9462
    1755      33.4532
    1756      33.6383
    1757      33.5198
    1758      33.7708
    1759      33.5901
    1760      34.0551
    1761      33.5770
    1762      33.7732
    1763      33.6939
    1764      33.6623
    1765      33.8206
    1766      33.5893
    1767      33.4336
    1768      33.9578
    1769      33.9557
    1770      33.7974
    1771      33.8289
    1772      33.6334
    1773      33.6682
    1774      33.8410
    1775      34.1175
    1776      33.9388
    1777      34.2197
    1778      34.1747
    1779      34.1674
    1780      34.1304
    1781      33.4776
    1782      33.6005
    1783      33.9580
    1784      33.4775
    1785      33.5226
    1786      33.6268
    1787      33.4989
    1788      33.2888
    1789      33.5256
    1790      33.4431
    1791      33.5863
    1792      33.2185
    1793      33.7186
    1794      33.5719
    1795      33.8416
    1796      33.8840
    1797      34.0858
    1798      34.3404
    1799      34.2903
    1800      33.9106
    1801      34.0395
    1802      33.9114
    1803      34.3223
    1804      33.9747
    1805      34.1043
    1806      33.4814
    1807      33.9656
    1808      33.7603
    1809      34.1138
    1810      33.7808
    1811      33.0973
    1812      33.5277
    1813      34.2036
    1814      34.1687
    1815      33.6090
    1816      33.3650
    1817      33.2723
    1818      33.9115
    1819      33.6842
    1820      33.3893
    1821      33.7839
    1822      33.7278
    1823      33.9434
    1824      34.0924
    1825      34.2093
    1826      34.2194
    1827      34.2799
    1828      34.3626
    1829      34.1808
    1830      33.5772
    1831      33.6606
    1832      34.1199
    1833      34.3288
    1834      33.6145
    1835      34.0215
    1836      34.1013
    1837      34.2510
    1838      33.6105
    1839      34.1010
    1840      33.9319
    1841      33.3459
    1842      33.5220
    1843      33.5809
    1844      33.9334
    1845      33.8337
    1846      33.4960
    1847      33.6437
    1848      33.8883
    1849      33.4018
    1850      33.9097
    1851      33.7755
    1852      33.4148
    1853      33.7059
    1854      33.5485
    1855      33.6262
    1856      33.1278
    1857      33.7704
    1858      33.3542
    1859      34.2756
    1860      34.0895
    1861      34.5223
    1862      34.1088
    1863      33.9191
    1864      33.7346
    1865      34.1657
    1866      33.7697
    1867      33.8239
    1868      33.6639
    1869      33.8965
    1870      34.2499
    1871      34.2062
    1872      34.0770
    1873      33.9524
    1874      33.7322
    1875      34.2745
    1876      34.0995
    1877      33.9907
    1878      33.8633
    1879      34.1395
    1880      34.1998
    1881      34.0784
    1882      33.6219
    1883      33.7629
    1884      34.1064
    1885      34.0413
    1886      34.2548
    1887      33.9944
    1888      33.7025
    1889      33.5567
    1890      33.8755
    1891      33.9113
    1892      33.7843
    1893      33.5993
    1894      33.6400
    1895      33.7046
    1896      34.0642
    1897      33.7401
    1898      33.8035
    1899      33.4825
    1900      33.7321
    1901      33.7841
    1902      34.3400
    1903      33.6962
    1904      33.7439
    1905      33.6777
    1906      33.6381
    1907      33.8396
    1908      34.0149
    1909      33.9891
    1910      33.6786
    1911      33.7477
    1912      33.5169
    1913      33.5974
    1914      33.6532
    1915      33.6676
    1916      33.8291
    1917      33.7646
    1918      33.7060
    1919      33.2956
    1920      33.0642
    1921      33.3205
    1922      33.2208
    1923      33.3491
    1924      33.3489
    1925      33.3851
    1926      33.3968
    1927      33.2870
    1928      33.2795
    1929      33.8862
    1930      33.4801
    1931      33.5266
    1932      34.0236
    1933      33.6457
    1934      33.6543
    1935      33.4447
    1936      33.7920
    1937      33.8153
    1938      33.5224
    1939      33.4836
    1940      33.0485
    1941      33.5358
    1942      33.1869
    1943      33.5650
    1944      33.3704
    1945      33.5731
    1946      33.5778
    1947      33.5276
    1948      33.5674
    1949      33.4394
    1950      33.7179
    1951      33.5951
    1952      33.7051
    1953      33.7818
    1954      33.5024
    1955      33.3154
    1956      33.1831
    1957      33.3938
    1958      33.4057
    1959      33.2012
    1960      33.3966
    1961      33.5446
    1962      33.7124
    1963      33.6829
    1964      33.7865
    1965      34.0621
    1966      33.6382
    1967      33.8299
    1968      33.4748
    1969      33.8348
    1970      34.0928
    1971      34.1496
    1972      34.3045
    1973      34.0815
    1974      34.1516
    1975      34.2406
    1976      34.0801
    1977      33.8245
    1978      33.9788
    1979      33.9104
    1980      33.7997
    1981      33.7297
    1982      33.8600
    1983      34.1042
    1984      34.1195
    1985      34.0328
    1986      33.9105
    1987      34.1841
    1988      34.1040
    1989      34.2282
    1990      33.8150
    1991      34.1260
    1992      33.8212
    1993      34.1079
    1994      34.3555
    1995      33.9812
    1996      33.7014
    1997      33.8798
    1998      34.1027
    1999      34.0295
    2000      33.8825
    2001      33.9494
    2002      34.2361
    2003      33.6047
    2004      33.5407
    2005      34.0330
    2006      33.8952
    2007      33.8339
    2008      33.8580
    2009      33.8507
    2010      34.4265
    2011      33.9340
    2012      33.9912
    2013      34.2655
    2014      34.4798
    2015      34.0594
    2016      34.6560
    2017      34.1746
    2018      34.2025
    2019      34.0384
    2020      33.3006
    2021      33.5616
    2022      33.5214
    2023      33.7048
    2024      33.8230
    2025      34.1154
    2026      34.1387
    2027      33.9210
    2028      33.6897
    2029      33.7020
    2030      33.4870
    2031      34.0536
    2032      33.9150
    2033      33.7924
    2034      33.7318
    2035      33.7515
    2036      33.7850
    2037      34.0378
    2038      33.7284
    2039      33.9660
    2040      33.6603
    2041      34.0751
    2042      33.7231
    2043      33.6415
    2044      33.9125
    2045      33.9936
    2046      33.9888
    2047      33.7256
    2048      34.0075
    2049      33.8670
    2050      33.9540
    2051      33.7133
    2052      34.0039
    2053      34.4854
    2054      34.9886
    2055      34.5982
    2056      33.9327
    2057      33.7886
    2058      33.8062
    2059      33.7777
    2060      33.8173
    2061      33.7182
    2062      33.8125
    2063      33.8417
    2064      33.9429
    2065      33.8361
    2066      33.6477
    2067      34.0237
    2068      33.1047
    2069      33.7825
    2070      33.6888
    2071      33.5614
    2072      33.3060
    2073      33.7641
    2074      33.5496
    2075      33.3261
    2076      33.4012
    2077      33.5698
    2078      34.2894
    2079      33.5839
    2080      33.9440
    2081      33.9177
    2082      34.1865
    2083      33.9443
    2084      33.8934
    2085      33.4641
    2086      33.6950
    2087      33.5556
    2088      33.7738
    2089      33.9081
    2090      33.4491
    2091      34.0014
    2092      34.0299
    2093      34.1556
    2094      33.9964
    2095      33.7709
    2096      34.2563
    2097      34.2206
    2098      34.5854
    2099      34.0285
    2100      34.1099
    2101      34.0079
    2102      34.0592
    2103      33.6678
    2104      33.5786
    2105      33.3525
    2106      33.1862
    2107      33.3076
    2108      33.9268
    2109      33.9228
    2110      33.9172
    2111      34.2255
    2112      34.4603
    2113      34.3298
    2114      34.1292
    2115      34.7481
    2116      34.2364
    2117      33.7308
    2118      33.7673
    2119      33.7186
    2120      34.0597
    2121      33.8181
    2122      33.9528
    2123      33.7352
    2124      34.2906
    2125      34.4830
    2126      34.2112
    2127      34.7625
    2128      34.5290
    2129      34.6540
    2130      34.3420
    2131      34.2105
    2132      34.2448
    2133      34.4983
    2134      33.9894
    2135      33.9565
    2136      34.0272
    2137      34.3155
    2138      34.4822
    2139      34.3533
    2140      34.0389
    2141      34.3961
    2142      33.6443
    2143      33.1668
    2144      33.6675
    2145      33.8390
    2146      33.5485
    2147      33.8343
    2148      33.8720
    2149      34.0073
    2150      33.9662
    2151      34.3056
    2152      33.6223
    2153      33.8859
    2154      34.1790
    2155      33.8217
    2156      33.4783
    2157      34.5668
    2158      34.3456
    2159      34.1572
    2160      33.9894
    2161      33.8894
    2162      34.1990
    2163      34.0544
    2164      33.7644
    2165      34.2961
    2166      34.1855
    2167      33.8055
    2168      33.7165
    2169      33.5549
    2170      33.8021
    2171      33.5669
    2172      33.0355
    2173      33.2740
    2174      33.3628
    2175      33.6419
    2176      33.5668
    2177      33.5156
    2178      33.9157
    2179      34.0965
    2180      33.8678
    2181      33.6602
    2182      33.7744
    2183      33.8723
    2184      34.1972
    2185      34.0454
    2186      33.7564
    2187      33.7074
    2188      33.7637
    2189      33.8949
    2190      34.0490
    2191      34.2435
    2192      33.8314
    2193      33.9834
    2194      33.5013
    2195      34.1040
    2196      34.0621
    2197      34.3011
    2198      34.1931
    2199      34.4401
    2200      34.1944
    2201      34.3440
    2202      33.9908
    2203      34.5505
    2204      34.3060
    2205      34.3937
    2206      34.0988
    2207      34.2553
    2208      34.0095
    2209      34.2558
    2210      34.3505
    2211      34.4065
    2212      34.1616
    2213      34.2580
    2214      34.0582
    2215      34.2004
    2216      34.0793
    2217      34.3408
    2218      34.3751
    2219      34.3387
    2220      34.5383
    2221      34.3618
    2222      34.2766
    2223      34.3011
    2224      34.1260
    2225      34.1574
    2226      33.9551
    2227      34.0529
    2228      34.3343
    2229      33.9775
    2230      34.3290
    2231      34.4220
    2232      34.4867
    2233      33.8827
    2234      34.2415
    2235      34.0620
    2236      34.1705
    2237      34.3477
    2238      34.4712
    2239      34.6611
    2240      34.4429
    2241      34.2560
    2242      34.5306
    2243      34.1948
    2244      34.4248
    2245      34.6514
    2246      34.1272
    2247      34.1513
    2248      34.3562
    2249      34.2941
    2250      33.9348
    2251      33.7372
    2252      33.9401
    2253      34.1716
    2254      34.1071
    2255      34.2126
    2256      33.8587
    2257      34.4014
    2258      34.4770
    2259      34.4404
    2260      34.1032
    2261      33.9151
    2262      34.0641
    2263      34.1811
    2264      34.3496
    2265      34.2305
    2266      34.0403
    2267      34.2225
    2268      34.3492
    2269      34.1220
    2270      34.6247
    2271      34.1617
    2272      33.9815
    2273      34.1046
    2274      34.2100
    2275      34.1007
    2276      34.0638
    2277      34.0125
    2278      33.6855
    2279      33.9957
    2280      33.8325
    2281      34.0084
    2282      34.1046
    2283      34.2264
    2284      33.6808
    2285      34.0833
    2286      34.4168
    2287      34.4057
    2288      34.1838
    2289      34.0217
    2290      33.7182
    2291      34.1296
    2292      33.8744
    2293      33.3285
    2294      33.4926
    2295      33.7603
    2296      34.1992
    2297      33.6633
    2298      33.8503
    2299      34.0560
    2300      33.8980
    2301      33.8582
    2302      34.3487
    2303      34.1093
    2304      33.8021
    2305      34.0054
    2306      33.7441
    2307      33.9675
    2308      33.2551
    2309      33.6976
    2310      33.3324
    2311      33.5437
    2312      33.5251
    2313      33.6382
    2314      33.4994
    2315      33.5517
    2316      33.4745
    2317      33.4488
    2318      33.8262
    2319      33.4784
    2320      33.8056
    2321      33.5745
    2322      34.0277
    2323      33.9755
    2324      33.9170
    2325      33.6653
    2326      33.8336
    2327      33.5962
    2328      34.0107
    2329      33.5937
    2330      33.5781
    2331      33.5919
    2332      33.4585
    2333      33.7879
    2334      33.5533
    2335      33.6538
    2336      33.7683
    2337      33.8879
    2338      33.4156
    2339      33.1698
    2340      33.5650
    2341      33.5320
    2342      33.6455
    2343      33.8140
    2344      34.3658
    2345      34.5813
    2346      34.4727
    2347      34.7191
    2348      34.1578
    2349      33.7939
    2350      33.5067
    2351      34.0441
    2352      34.1850
    2353      33.7686
    2354      34.0900
    2355      34.1675
    2356      33.6028
    2357      33.7128
    2358      33.8768
    2359      33.8181
    2360      33.4939
    2361      33.9138
    2362      33.8738
    2363      33.6055
    2364      33.5206
    2365      33.9479
    2366      34.0996
    2367      34.1137
    2368      33.8642
    2369      33.7371
    2370      34.1097
    2371      34.1060
    2372      33.9701
    2373      34.2382
    2374      34.3520
    2375      34.1517
    2376      34.4091
    2377      34.4323
    2378      34.1179
    2379      34.0290
    2380      34.2246
    2381      33.8006
    2382      33.9221
    2383      33.8891
    2384      33.9510
    2385      33.6053
    2386      33.8344
    2387      33.6327
    2388      33.7780
    2389      33.7861
    2390      34.3095
    2391      33.9989
    2392      33.7103
    2393      34.2198
    2394      34.2340
    2395      33.2839
    2396      33.7137
    2397      33.5560
    2398      33.5097
    2399      33.8953
    2400      33.4288
    2401      33.3613
    2402      33.9275
    2403      33.7441
    2404      33.5391
    2405      33.6257
    2406      33.8541
    2407      33.8433
    2408      33.5589
    2409      33.8705
    2410      33.8773
    2411      33.7492
    2412      33.4036
    2413      33.2217
    2414      33.5359
    2415      33.4676
    2416      33.4571
    2417      33.3112
    2418      33.8385
    2419      33.7848
    2420      33.5959
    2421      33.7795
    2422      33.5515
    2423      33.4968
    2424      33.2920
    2425      33.8776
    2426      33.5706
    2427      33.7594
    2428      33.3903
    2429      33.7374
    2430      34.1476
    2431      33.8898
    2432      34.3306
    2433      33.9953
    2434      34.1315
    2435      33.8370
    2436      33.6723
    2437      34.0261
    2438      33.5391
    2439      33.6590
    2440      33.4901
    2441      32.9860
    2442      33.3850
    2443      33.7632
    2444      34.0549
    2445      33.8006
    2446      34.0269
    2447      33.9932
    2448      34.1401
    2449      33.8948
    2450      33.8873
    2451      33.4308
    2452      33.7898
    2453      34.2371
    2454      33.8680
    2455      34.2206
    2456      34.7126
    2457      34.3877
    2458      33.6879
    2459      34.0037
    2460      33.6311
    2461      33.7799
    2462      33.8793
    2463      34.1580
    2464      33.4789
    2465      33.8326
    2466      33.6574
    2467      33.4969
    2468      33.2550
    2469      33.3651
    2470      33.4359
    2471      33.4132
    2472      33.1788
    2473      33.7678
    2474      34.0842
    2475      33.7600
    2476      34.0168
    2477      34.2834
    2478      34.0226
    2479      34.0752
    2480      33.4577
    2481      33.7318
    2482      33.8259
    2483      33.8977
    2484      34.0631
    2485      33.5546
    2486      33.5436
    2487      33.4876
    2488      33.9770
    2489      33.6761
    2490      33.8867
    2491      34.0335
    2492      33.9459
    2493      33.6237
    2494      33.7526
    2495      34.1277
    2496      33.8040
    2497      33.7648
    2498      33.5498
    2499      33.9026
    2500      33.9687
    2501      34.0894
    2502      34.0408
    2503      34.2840
    2504      33.8423
    2505      33.9655
    2506      33.6954
    2507      34.1111
    2508      33.5932
    2509      33.7975
    2510      33.7735
    2511      33.6344
    2512      33.9333
    2513      34.1720
    2514      33.7239
    2515      34.2780
    2516      34.2724
    2517      33.7841
    2518      34.1271
    2519      33.6672
    2520      33.3816
    2521      33.6785
    2522      33.3532
    2523      33.4792
    2524      33.4541
    2525      33.8223
    2526      33.7929
    2527      33.6337
    2528      34.1180
    2529      33.6094
    2530      33.8624
    2531      33.8925
    2532      33.8292
    2533      33.8122
    2534      34.0360
    2535      33.7526
    2536      33.8060
    2537      33.0408
    2538      33.0014
    2539      33.3500
    2540      33.5733
    2541      33.2275
    2542      33.3565
    2543      33.4802
    2544      33.3841
    2545      33.2684
    2546      33.8029
    2547      33.4706
    2548      33.3645
    2549      33.2286
    2550      33.4486
    2551      33.1598
    2552      32.8593
    2553      33.0970
    2554      33.1322
    2555      33.2117
    2556      33.2441
    2557      33.0833
    2558      33.8289
    2559      33.5538
    2560      33.6091
    2561      33.6140
    2562      33.4853
    2563      33.3107
    2564      33.5116
    2565      33.3630
    2566      33.6991
    2567      33.5574
    2568      33.1349
    2569      33.2796
    2570      33.2329
    2571      32.8660
    2572      33.1705
    2573      33.0437
    2574      33.3958
    2575      32.6944
    2576      33.0214
    2577      32.9769
    2578      33.1636
    2579      33.4195
    2580      33.4980
    2581      33.0305
    2582      33.1262
    2583      32.8821
    2584      32.8409
    2585      32.8511
    2586      32.6227
    2587      32.9103
    2588      33.0884
    2589      32.8914
    2590      32.5995
    2591      32.7194
    2592      32.7293
    2593      32.9822
    2594      32.4917
    2595      32.9582
    2596      32.7738
    2597      32.5963
    2598      32.7022
    2599      32.9533
    2600      33.0333
    2601      32.5903
    2602      32.7572
    2603      33.0262
    2604      32.9959
    2605      33.2489
    2606      33.6502
    2607      32.8683
    2608      32.9186
    2609      33.1005
    2610      33.3480
    2611      33.7360
    2612      32.9832
    2613      33.3009
    2614      33.1539
    2615      32.8858
    2616      33.0255
    2617      33.1538
    2618      33.0528
    2619      33.4887
    2620      33.0881
    2621      33.3196
    2622      33.5609
    2623      33.8096
    2624      33.8254
    2625      33.8962
    2626      33.5520
    2627      33.5823
    2628      33.9486
    2629      33.9835
    2630      33.6746
    2631      33.5711
    2632      33.4799
    2633      33.8324
    2634      33.8170
    2635      33.7403
    2636      33.9819
    2637      33.8639
    2638      33.6329
    2639      33.6471
    2640      34.0880
    2641      33.2431
    2642      33.7289
    2643      33.6449
    2644      34.0463
    2645      34.0037
    2646      33.9418
    2647      33.6248
    2648      33.4597
    2649      32.9735
    2650      33.3358
    2651      33.2536
    2652      34.4095
    2653      34.2202
    2654      33.9185
    2655      34.0048
    2656      33.5734
    2657      33.7239
    2658      33.2221
    2659      33.2887
    2660      33.5452
    2661      33.6477
    2662      33.6095
    2663      33.5255
    2664      33.4669
    2665      33.4583
    2666      32.8779
    2667      33.2413
    2668      33.7263
    2669      33.3706
    2670      33.5454
    2671      33.9136
    2672      33.5178
    2673      33.5571
    2674      33.6310
    2675      33.6572
    2676      33.4439
    2677      33.4961
    2678      33.3822
    2679      33.8369
    2680      33.2044
    2681      33.0942
    2682      33.2532
    2683      33.2098
    2684      33.2779
    2685      33.1264
    2686      33.0603
    2687      33.3269
    2688      32.9057
    2689      33.1632
    2690      33.0378
    2691      33.3330
    2692      33.1591
    2693      33.2229
    2694      32.9815
    2695      33.0354
    2696      33.1110
    2697      32.8148
    2698      33.0321
    2699      33.2965
    2700      33.3519
    2701      33.5803
    2702      33.1857
    2703      33.2421
    2704      33.2470
    2705      33.1216
    2706      33.1640
    2707      33.4735
    2708      34.0425
    2709      33.6354
    2710      33.2500
    2711      33.0143
    2712      33.6461
    2713      33.1919
    2714      33.2288
    2715      33.2824
    2716      32.9520
    2717      32.8985
    2718      33.1891
    2719      33.4082
    2720      32.7181
    2721      32.9820
    2722      32.6745
    2723      32.8738
    2724      32.7554
    2725      32.8266
    2726      32.1995
    2727      32.5980
    2728      33.0065
    2729      33.2306
    2730      33.0368
    2731      33.4838
    2732      33.5662
    2733      33.3129
    2734      33.2951
    2735      33.6440
    2736      33.1684
    2737      33.1783
    2738      33.6136
    2739      32.8919
    2740      33.2509
    2741      33.4962
    2742      32.7711
    2743      33.1083
    2744      33.4989
    2745      33.8728
    2746      33.8834
    2747      34.4157
    2748      34.0747
    2749      34.0866
    2750      33.6334
    2751      33.9807
    2752      33.7815
    2753      33.6101
    2754      33.5922
    2755      33.6008
    2756      33.8116
    2757      33.8406
    2758      33.1794
    2759      33.8831
    2760      33.7212
    2761      33.7016
    2762      33.6977
    2763      33.7906
    2764      33.9617
    2765      33.3807
    2766      33.6946
    2767      34.0451
    2768      33.5871
    2769      33.6764
    2770      34.0249
    2771      33.9859
    2772      33.4613
    2773      33.3975
    2774      33.8379
    2775      33.5456
    2776      33.9781
    2777      33.6664
    2778      33.5314
    2779      33.7913
    2780      33.4702
    2781      33.2777
    2782      33.4813
    2783      33.5287
    2784      33.3105
    2785      33.6365
    2786      33.9512
    2787      33.3397
    2788      33.1746
    2789      33.0811
    2790      32.9892
    2791      33.8139
    2792      33.3384
    2793      33.7808
    2794      33.8037
    2795      33.8071
    2796      33.6551
    2797      33.7858
    2798      33.4214
    2799      33.4106
    2800      33.5206
    2801      33.4253
    2802      33.7186
    2803      33.6633
    2804      33.7048
    2805      33.5564
    2806      33.6945
    2807      34.0775
    2808      34.2265
    2809      34.3536
    2810      34.3682
    2811      34.2679
    2812      33.9363
    2813      34.0922
    2814      34.4201
    2815      34.2194
    2816      34.4694
    2817      33.9764
    2818      33.9875
    2819      33.9020
    2820      33.8703
    2821      33.9188
    2822      33.2858
    2823      33.1858
    2824      33.2399
    2825      33.9143
    2826      33.8669
    2827      33.9389
    2828      33.8376
    2829      33.1071
    2830      32.9146
    2831      33.2446
    2832      32.9578
    2833      32.8595
    2834      32.9746
    2835      33.2696
    2836      33.0124
    2837      32.9099
    2838      33.4363
    2839      33.4023
    2840      33.0191
    2841      33.5055
    2842      33.4593
    2843      33.6544
    2844      33.1731
    2845      33.6144
    2846      33.5173
    2847      33.1870
    2848      33.4596
    2849      33.1562
    2850      33.4306
    2851      33.5422
    2852      33.5452
    2853      33.3835
    2854      33.5208
    2855      33.4654
    2856      33.5122
    2857      33.2004
    2858      33.2264
    2859      32.8600
    2860      33.5100
    2861      33.2384
    2862      33.3887
    2863      33.1509
    2864      33.2284
    2865      33.4004
    2866      33.6014
    2867      33.0581
    2868      33.7926
    2869      33.8098
    2870      33.6842
    2871      33.1114
    2872      33.0435
    2873      33.0081
    2874      33.2765
    2875      33.1499
    2876      33.4458
    2877      33.4075
    2878      33.6450
    2879      33.8230
    2880      33.5829
    2881      33.7580
    2882      33.2725
    2883      33.8227
    2884      33.6203
    2885      33.0247
    2886      33.0389
    2887      33.3433
    2888      33.2023
    2889      32.8640
    2890      32.9691
    2891      32.9827
    2892      33.3349
    2893      33.0814
    2894      33.5347
    2895      33.1280
    2896      33.5798
    2897      33.4351
    2898      33.6262
    2899      34.3176
    2900      34.6964
    2901      34.0643
    2902      34.5273
    2903      34.1456
    2904      33.9822
    2905      34.2359
    2906      33.8644
    2907      33.5248
    2908      33.3109
    2909      33.8307
    2910      34.2707
    2911      33.9032
    2912      34.1772
    2913      34.3161
    2914      33.8059
    2915      34.2778
    2916      33.9695
    2917      33.5516
    2918      33.2585
    2919      33.8503
    2920      33.6500
    2921      33.7108
    2922      34.1828
    2923      34.2242
    2924      34.2491
    2925      34.4110
    2926      33.9219
    2927      34.0964
    2928      33.5383
    2929      33.6215
    2930      33.2531
    2931      33.3909
    2932      33.0645
    2933      33.2252
    2934      33.3367
    2935      33.7799
    2936      33.7524
    2937      33.6119
    2938      33.9338
    2939      33.6475
    2940      33.8092
    2941      33.3705
    2942      33.5123
    2943      33.5512
    2944      33.2633
    2945      33.3575
    2946      33.2931
    2947      32.9855
    2948      33.0656
    2949      33.1121
    2950      33.7348
    2951      34.3251
    2952      33.7015
    2953      33.6691
    2954      33.5175
    2955      33.5553
    2956      33.4709
    2957      34.0796
    2958      33.3761
    2959      33.2486
    2960      34.1417
    2961      33.3478
    2962      33.2620
    2963      33.3693
    2964      33.3636
    2965      33.4276
    2966      33.4342
    2967      33.1320
    2968      33.3115
    2969      33.2199
    2970      32.8983
    2971      33.1856
    2972      33.3473
    2973      33.2036
    2974      32.8157
    2975      33.1679
    2976      33.4340
    2977      32.9035
    2978      33.2265
    2979      32.9804
    2980      33.4938
    2981      33.2551
    2982      32.7842
    2983      32.9561
    2984      32.9635
    2985      33.5502
    2986      33.5499
    2987      32.9928
    2988      32.9068
    2989      32.8128
    2990      32.8505
    2991      33.2061
    2992      33.6430
    2993      33.1726
    2994      33.1648
    2995      33.5941
    2996      33.2502
    2997      33.2669
    2998      32.8999
    2999      33.2610
    3000      32.8499
    3001      32.7367
    3002      32.7982
    3003      32.7844
    3004      33.0414
    3005      33.2891
    3006      33.3020
    3007      33.7909
    3008      33.4639
    3009      33.4212
    3010      32.9449
    3011      32.9818
    3012      33.4105
    3013      33.5343
    3014      33.2847
    3015      33.3312
    3016      33.2378
    3017      33.5579
    3018      33.6646
    3019      33.9996
    3020      33.8736
    3021      33.8463
    3022      33.8361
    3023      34.0457
    3024      33.6884
    3025      33.6390
    3026      33.3833
    3027      33.3086
    3028      33.4760
    3029      33.5862
    3030      33.5342
    3031      33.8198
    3032      33.7241
    3033      33.7719
    3034      34.0361
    3035      33.8252
    3036      33.6905
    3037      33.6590
    3038      33.5134
    3039      33.2954
    3040      33.4566
    3041      33.8075
    3042      33.4136
    3043      33.6744
    3044      33.7332
    3045      33.5805
    3046      33.5187
    3047      33.6827
    3048      33.8910
    3049      33.6966
    3050      33.4257
    3051      33.8039
    3052      33.6775
    3053      33.6197
    3054      33.4329
    3055      33.8982
    3056      33.4696
    3057      33.1767
    3058      33.2918
    3059      33.4250
    3060      32.9354
    3061      33.1891
    3062      33.7714
    3063      33.6680
    3064      33.1821
    3065      33.1127
    3066      33.1916
    3067      33.3237
    3068      32.8742
    3069      33.4519
    3070      33.7644
    3071      33.4686
    3072      33.4641
    3073      33.3225
    3074      33.0954
    3075      33.2810
    3076      33.1599
    3077      33.3822
    3078      33.6669
    3079      33.8699
    3080      33.3293
    3081      33.7750
    3082      33.6794
    3083      33.7282
    3084      33.7739
    3085      33.6798
    3086      33.5671
    3087      34.1959
    3088      33.6966
    3089      33.5234
    3090      33.3440
    3091      33.5898
    3092      34.0186
    3093      33.6694
    3094      33.7235
    3095      33.8330
    3096      33.6920
    3097      33.4940
    3098      33.6278
    3099      33.5146
    3100      33.8282
    3101      33.3089
    3102      33.3840
    3103      33.5562
    3104      33.3885
    3105      33.0847
    3106      32.8855
    3107      33.1699
    3108      33.8377
    3109      33.5757
    3110      33.7942
    3111      33.7412
    3112      33.5351
    3113      33.1359
    3114      33.3079
    3115      33.6099
    3116      33.5434
    3117      33.4420
    3118      33.5971
    3119      33.1672
    3120      33.6479
    3121      33.4420
    3122      33.4588
    3123      33.1005
    3124      33.3676
    3125      33.5069
    3126      33.2741
    3127      33.2490
    3128      33.2944
    3129      32.8451
    3130      33.0641
    3131      32.9445
    3132      33.0850
    3133      32.9469
    3134      32.8436
    3135      33.0569
    3136      32.8959
    3137      32.7753
    3138      32.9609
    3139      33.5868
    3140      32.9932
    3141      32.7159
    3142      33.0170
    3143      33.0765
    3144      32.9580
    3145      33.1795
    3146      32.8310
    3147      33.1854
    3148      33.4846
    3149      33.4518
    3150      32.9113
    3151      33.3178
    3152      33.3708
    3153      33.7160
    3154      33.3904
    3155      33.0510
    3156      32.9881
    3157      33.2805
    3158      33.2399
    3159      33.3274
    3160      33.2264
    3161      33.3329
    3162      33.6553
    3163      33.0302
    3164      33.0564
    3165      33.0677
    3166      32.9355
    3167      32.8350
    3168      33.3083
    3169      33.2143
    3170      33.2976
    3171      33.0886
    3172      33.1995
    3173      33.0905
    3174      33.1202
    3175      32.7970
    3176      33.1413
    3177      33.5372
    3178      33.2164
    3179      33.2696
    3180      33.5814
    3181      33.3158
    3182      33.3167
    3183      33.4034
    3184      33.4821
    3185      32.9878
    3186      33.5136
    3187      33.4721
    3188      32.9346
    3189      33.4180
    3190      33.6171
    3191      33.2637
    3192      33.5258
    3193      33.5618
    3194      33.4590
    3195      32.8054
    3196      33.2170
    3197      33.0613
    3198      32.9958
    3199      32.3919
    3200      33.3317
    3201      33.1690
    3202      33.0144
    3203      32.9947
    3204      32.6897
    3205      33.0314
    3206      32.7283
    3207      32.7526
    3208      33.0194
    3209      32.8087
    3210      33.4361
    3211      33.5272
    3212      33.3811
    3213      33.4218
    3214      33.2535
    3215      33.4870
    3216      33.1651
    3217      33.2758
    3218      33.8706
    3219      33.7227
    3220      33.3606
    3221      33.3429
    3222      33.5388
    3223      34.1265
    3224      33.7086
    3225      33.7571
    3226      32.8432
    3227      33.3235
    3228      33.2791
    3229      33.3018
    3230      33.4020
    3231      33.2090
    3232      33.3046
    3233      33.0474
    3234      33.3915
    3235      32.9803
    3236      32.5190
    3237      33.1112
    3238      33.3867
    3239      33.5674
    3240      33.6541
    3241      33.9251
    3242      33.4686
    3243      33.3763
    3244      33.2241
    3245      33.0891
    3246      33.3126
    3247      33.1425
    3248      33.5011
    3249      33.3942
    3250      33.2719
    3251      33.8465
    3252      33.7355
    3253      33.9145
    3254      33.4840
    3255      33.5318
    3256      33.2015
    3257      33.2943
    3258      33.0061
    3259      32.9309
    3260      33.4429
    3261      33.6784
    3262      33.2431
    3263      32.9902
    3264      33.3763
    3265      33.3185
    3266      33.1370
    3267      32.9528
    3268      33.4193
    3269      33.3842
    3270      33.4834
    3271      33.4646
    3272      33.4969
    3273      32.9701
    3274      33.1594
    3275      32.5776
    3276      32.8477
    3277      32.7889
    3278      33.1731
    3279      32.5718
    3280      33.0979
    3281      32.9839
    3282      32.9093
    3283      33.7338
    3284      33.4285
    3285      33.6442
    3286      33.6690
    3287      33.7700
    3288      33.5102
    3289      33.9740
    3290      34.1035
    3291      33.6480
    3292      34.2085
    3293      33.7164
    3294      33.8340
    3295      33.9735
    3296      34.0435
    3297      33.4585
    3298      33.4618
    3299      33.7979
    3300      33.5796
    3301      33.8557
    3302      33.3861
    3303      33.6446
    3304      33.6618
    3305      33.4967
    3306      33.6803
    3307      33.5866
    3308      33.8389
    3309      33.5189
    3310      33.3653
    3311      32.9975
    3312      33.5746
    3313      33.7014
    3314      33.1523
    3315      33.6286
    3316      33.2456
    3317      33.4744
    3318      32.9975
    3319      33.2777
    3320      33.1953
    3321      33.6275
    3322      33.2407
    3323      33.2744
    3324      33.1716
    3325      33.2292
    3326      33.3257
    3327      33.2238
    3328      33.3844
    3329      33.4078
    3330      33.0647
    3331      33.1355
    3332      33.5742
    3333      33.2461
    3334      32.9074
    3335      33.1640
    3336      33.0387
    3337      32.9635
    3338      33.1754
    3339      33.5002
    3340      33.2764
    3341      33.5320
    3342      33.1054
    3343      32.7939
    3344      32.7007
    3345      33.2018
    3346      33.1517
    3347      33.0443
    3348      33.4221
    3349      33.6632
    3350      33.7409
    3351      33.7202
    3352      33.4742
    3353      33.8062
    3354      33.8418
    3355      33.1736
    3356      32.9032
    3357      33.2536
    3358      33.1469
    3359      33.4865
    3360      33.4251
    3361      33.6834
    3362      33.5160
    3363      33.4658
    3364      33.5893
    3365      33.9067
    3366      33.3249
    3367      33.3374
    3368      33.1897
    3369      33.6886
    3370      33.4176
    3371      33.2585
    3372      33.7666
    3373      33.6986
    3374      33.5036
    3375      33.7455
    3376      33.7278
    3377      33.8306
    3378      33.6078
    3379      33.0770
    3380      33.3357
    3381      33.8659
    3382      33.3239
    3383      33.8313
    3384      33.3536
    3385      33.3990
    3386      33.8587
    3387      33.7282
    3388      33.8083
    3389      33.2894
    3390      33.6320
    3391      33.6690
    3392      33.4944
    3393      33.6616
    3394      33.3905
    3395      33.3656
    3396      33.6160
    3397      33.5082
    3398      33.5876
    3399      33.4400
    3400      33.5002
    3401      33.3889
    3402      33.7058
    3403      33.6995
    3404      33.5608
    3405      33.6003
    3406      33.6743
    3407      33.6580
    3408      33.1390
    3409      33.0885
    3410      33.3073
    3411      33.0787
    3412      32.9456
    3413      33.3072
    3414      33.2772
    3415      33.6494
    3416      33.8483
    3417      33.7877
    3418      33.3274
    3419      33.4909
    3420      33.6750
    3421      33.7354
    3422      34.0677
    3423      34.1242
    3424      33.9052
    3425      33.7821
    3426      33.9041
    3427      33.8555
    3428      33.5971
    3429      33.3997
    3430      33.9350
    3431      33.5781
    3432      33.8320
    3433      33.5661
    3434      33.6441
    3435      33.0905
    3436      34.1398
    3437      33.8661
    3438      33.8823
    3439      34.2098
    3440      33.7268
    3441      33.5096
    3442      33.6178
    3443      33.6773
    3444      33.4268
    3445      33.7603
    3446      33.6842
    3447      33.6677
    3448      33.9338
    3449      34.0580
    3450      33.4067
    3451      33.7057
    3452      33.6601
    3453      33.4475
    3454      33.8109
    3455      33.3912
    3456      33.5480
    3457      34.0139
    3458      34.0588
    3459      33.9776
    3460      33.9372
    3461      34.0008
    3462      34.1400
    3463      33.5945
    3464      33.7784
    3465      33.5096
    3466      33.9457
    3467      34.0981
    3468      33.7369
    3469      33.8925
    3470      33.6552
    3471      33.6196
    3472      33.9501
    3473      33.5741
    3474      34.0686
    3475      34.0474
    3476      34.0782
    3477      34.2772
    3478      33.8201
    3479      33.8545
    3480      33.6543
    3481      33.9589
    3482      33.4513
    3483      34.0156
    3484      33.8527
    3485      33.7906
    3486      33.5587
    3487      33.5214
    3488      33.7565
    3489      33.7949
    3490      33.5138
    3491      33.5688
    3492      33.3029
    3493      33.6665
    3494      33.9041
    3495      34.0640
    3496      34.2160
    3497      34.1503
    3498      33.7805
    3499      33.5626
    3500      33.5696
    3501      33.5602
    3502      33.3714
    3503      33.1211
    3504      33.5221
    3505      33.5674
    3506      33.4531
    3507      33.6155
    3508      33.5891
    3509      33.4763
    3510      33.9613
    3511      33.6572
    3512      33.5445
    3513      33.3337
    3514      33.0006
    3515      33.5953
    3516      33.4736
    3517      33.3425
    3518      33.1535
    3519      32.8322
    3520      33.2417
    3521      33.4344
    3522      33.8364
    3523      33.4910
    3524      33.6217
    3525      33.4373
    3526      33.4244
    3527      33.4974
    3528      33.8991
    3529      33.8434
    3530      33.7999
    3531      33.8869
    3532      33.6986
    3533      33.1569
    3534      33.5755
    3535      33.1581
    3536      33.0724
    3537      33.0780
    3538      33.2765
    3539      33.1796
    3540      33.0512
    3541      33.5746
    3542      33.5529
    3543      33.7621
    3544      33.1389
    3545      33.4080
    3546      33.9278
    3547      33.6452
    3548      33.5203
    3549      33.7555
    3550      34.0534
    3551      33.6257
    3552      33.3635
    3553      33.3510
    3554      33.4656
    3555      33.7066
    3556      33.4294
    3557      33.6990
    3558      33.2290
    3559      33.4625
    3560      33.4841
    3561      33.2096
    3562      33.1794
    3563      33.0482
    3564      33.3063
    3565      33.2459
    3566      33.1628
    3567      33.3427
    3568      33.4183
    3569      33.6172
    3570      33.0419
    3571      33.4865
    3572      33.1794
    3573      33.0165
    3574      33.2003
    3575      33.1630
    3576      33.5524
    3577      33.7158
    3578      33.6230
    3579      33.0679
    3580      33.1589
    3581      33.1871
    3582      33.3590
    3583      33.4135
    3584      33.2728
    3585      33.0073
    3586      33.0771
    3587      33.4945
    3588      33.5312
    3589      33.8910
    3590      33.7526
    3591      33.5201
    3592      33.2910
    3593      33.1955
    3594      33.5364
    3595      33.5903
    3596      33.6320
    3597      33.5188
    3598      33.9511
    3599      33.6147
    3600      33.7214
    3601      33.1501
    3602      33.6389
    3603      33.4200
    3604      33.6390
    3605      33.8380
    3606      33.4993
    3607      33.4020
    3608      33.6441
    3609      33.5836
    3610      33.6942
    3611      33.5583
    3612      34.0043
    3613      34.3408
    3614      33.4705
    3615      33.8473
    3616      34.2328
    3617      33.5496
    3618      33.9859
    3619      33.9397
    3620      34.2165
    3621      33.8607
    3622      34.1641
    3623      34.4807
    3624      33.9525
    3625      33.9153
    3626      34.0950
    3627      34.0965
    3628      33.8425
    3629      34.1793
    3630      34.1022
    3631      33.4490
    3632      34.1496
    3633      34.2835
    3634      34.3686
    3635      34.1541
    3636      33.6071
    3637      33.7692
    3638      33.7848
    3639      33.8528
    3640      33.6656
    3641      33.6329
    3642      33.8354
    3643      34.2514
    3644      33.9283
    3645      34.1040
    3646      34.2171
    3647      34.3918
    3648      34.1549
    3649      34.0422
    3650      34.4218
    3651      33.5141
    3652      33.8126
    3653      33.7187
    3654      33.4385
    3655      33.8720
    3656      33.4398
    3657      33.4695
    3658      33.6919
    3659      33.9730
    3660      33.4770
    3661      33.4682
    3662      33.2555
    3663      33.6362
    3664      33.2621
    3665      33.2595
    3666      33.7665
    3667      33.5813
    3668      34.0845
    3669      34.1349
    3670      33.8858
    3671      33.5041
    3672      33.7812
    3673      33.8732
    3674      33.7795
    3675      33.6637
    3676      33.9121
    3677      33.8019
    3678      33.7680
    3679      33.9024
    3680      33.8597
    3681      33.9041
    3682      33.8431
    3683      33.9522
    3684      33.8883
    3685      33.7603
    3686      33.8962
    3687      33.7296
    3688      33.2723
    3689      33.4617
    3690      33.4811
    3691      33.7752
    3692      33.8502
    3693      34.1007
    3694      34.0856
    3695      33.7098
    3696      33.6504
    3697      33.7146
    3698      33.8363
    3699      33.6152
    3700      33.8940
    3701      33.7735
    3702      34.1236
    3703      33.5358
    3704      33.7212
    3705      33.8348
    3706      33.5892
    3707      33.9943
    3708      33.7157
    3709      33.8091
    3710      34.0864
    3711      33.9028
    3712      34.1391
    3713      33.8811
    3714      34.1259
    3715      33.8221
    3716      33.6047
    3717      33.6118
    3718      33.8633
    3719      33.7382
    3720      34.2313
    3721      34.0739
    3722      34.0189
    3723      33.9479
    3724      33.9903
    3725      33.7772
    3726      33.8778
    3727      33.7078
    3728      34.0501
    3729      33.9314
    3730      34.3518
    3731      33.8369
    3732      33.7978
    3733      33.9261
    3734      34.0568
    3735      34.1383
    3736      33.9550
    3737      33.8161
    3738      33.7409
    3739      33.7594
    3740      34.2240
    3741      34.5064
    3742      34.4387
    3743      34.4234
    3744      34.1239
    3745      33.8635
    3746      34.1928
    3747      34.2414
    3748      34.3806
    3749      34.2747
    3750      34.1882
    3751      34.5987
    3752      34.2952
    3753      34.6102
    3754      34.4068
    3755      34.5885
    3756      34.6887
    3757      34.1102
    3758      33.8745
    3759      34.2731
    3760      33.9835
    3761      34.4726
    3762      34.2249
    3763      34.5201
    3764      33.7806
    3765      34.2340
    3766      33.8057
    3767      34.4609
    3768      34.4197
    3769      34.5172
    3770      34.4461
    3771      34.0560
    3772      33.9094
    3773      34.5219
    3774      34.2629
    3775      34.2971
    3776      34.3578
    3777      34.6670
    3778      34.1075
    3779      33.8856
    3780      33.9195
    3781      34.0414
    3782      34.3606
    3783      34.1048
    3784      34.4161
    3785      34.1907
    3786      34.2786
    3787      34.4728
    3788      34.4870
    3789      34.1946
    3790      33.8346
    3791      33.8018
    3792      34.2308
    3793      34.1464
    3794      33.9238
    3795      33.8278
    3796      34.1792
    3797      34.1173
    3798      34.0520
    3799      33.7589
    3800      34.2803
    3801      34.5113
    3802      34.2559
    3803      34.5049
    3804      34.1979
    3805      34.0697
    3806      33.9519
    3807      34.0764
    3808      34.1990
    3809      33.8996
    3810      34.3518
    3811      34.1354
    3812      33.9849
    3813      34.1247
    3814      34.1709
    3815      34.2553
    3816      33.7996
    3817      34.1281
    3818      33.5509
    3819      33.7701
    3820      33.9621
    3821      33.6231
    3822      34.0748
    3823      34.0314
    3824      34.2981
    3825      34.4928
    3826      34.3895
    3827      34.2640
    3828      33.9894
    3829      34.0235
    3830      34.0330
    3831      34.7815
    3832      34.4788
    3833      34.4411
    3834      34.4456
    3835      34.1612
    3836      34.4386
    3837      34.4845
    3838      34.4128
    3839      34.0275
    3840      34.3733
    3841      34.1780
    3842      34.4604
    3843      34.2687
    3844      34.6988
    3845      34.3889
    3846      34.5801
    3847      34.6739
    3848      34.3567
    3849      34.4429
    3850      34.3604
    3851      34.3910
    3852      34.5344
    3853      34.5654
    3854      34.3706
    3855      34.0927
    3856      33.9363
    3857      33.9964
    3858      34.3434
    3859      34.0788
    3860      33.7698
    3861      34.5266
    3862      33.9186
    3863      34.4898
    3864      34.1221
    3865      34.1359
    3866      34.5055
    3867      34.6035
    3868      34.2317
    3869      34.4886
    3870      34.3536
    3871      34.0558
    3872      34.7996
    3873      34.4974
    3874      34.5162
    3875      34.2179
    3876      33.9078
    3877      34.4464
    3878      34.1466
    3879      34.4612
    3880      34.5402
    3881      34.3898
    3882      34.2832
    3883      33.8622
    3884      34.2808
    3885      34.7042
    3886      34.5028
    3887      34.3047
    3888      33.9380
    3889      34.1266
    3890      33.8339
    3891      34.2938
    3892      34.8005
    3893      33.9916
    3894      33.6990
    3895      33.8753
    3896      33.9074
    3897      33.6410
    3898      33.6010
    3899      33.6597
    3900      33.4992
    3901      34.0482
    3902      33.7699
    3903      33.9110
    3904      33.2820
    3905      33.9862
    3906      34.1055
    3907      34.4671
    3908      33.9101
    3909      33.9428
    3910      34.3521
    3911      33.9649
    3912      34.0555
    3913      34.1839
    3914      34.0889
    3915      34.4286
    3916      34.5085
    3917      34.3593
    3918      34.3844
    3919      34.1809
    3920      34.3181
    3921      34.2435
    3922      34.6472
    3923      34.6556
    3924      34.1798
    3925      34.5979
    3926      34.8494
    3927      34.6273
    3928      34.8493
    3929      34.6269
    3930      34.2223
    3931      34.5972
    3932      34.1694
    3933      34.4650
    3934      34.4335
    3935      34.2800
    3936      34.0021
    3937      34.2063
    3938      34.4880
    3939      34.4912
    3940      34.5709
    3941      34.1026
    3942      34.4004
    3943      34.4823
    3944      34.3620
    3945      33.9570
    3946      34.0232
    3947      33.9261
    3948      33.7591
    3949      33.9213
    3950      34.5894
    3951      34.4931
    3952      34.0135
    3953      34.0623
    3954      34.5216
    3955      34.6109
    3956      34.0077
    3957      34.1677
    3958      34.0942
    3959      33.5729
    3960      34.3533
    3961      33.9065
    3962      34.5378
    3963      33.9809
    3964      34.1534
    3965      33.5764
    3966      34.1327
    3967      34.0228
    3968      34.1232
    3969      34.0709
    3970      34.2352
    3971      34.3632
    3972      34.3857
    3973      33.9841
    3974      34.1641
    3975      34.1294
    3976      34.3938
    3977      34.0879
    3978      34.4538
    3979      34.1319
    3980      34.2998
    3981      34.4075
    3982      34.4103
    3983      34.2590
    3984      34.4103
    3985      34.3827
    3986      34.4657
    3987      34.6792
    3988      34.3778
    3989      34.3831
    3990      34.4816
    3991      34.1603
    3992      34.8977
    3993      34.7251
    3994      34.5276
    3995      34.2436
    3996      34.3374
    3997      34.3819
    3998      34.8649
    3999      34.3962
    4000      34.5679
    4001      34.4652
    4002      34.6084
    4003      34.3971
    4004      34.3626
    4005      34.8614
    4006      34.3744
    4007      34.7626
    4008      34.4742
    4009      34.4643
    4010      34.7218
    4011      34.4776
    4012      34.3141
    4013      33.9036
    4014      33.7457
    4015      34.1455
    4016      34.5951
    4017      34.4459
    4018      34.0974
    4019      34.3855
    4020      34.3298
    4021      34.4060
    4022      34.5362
    4023      34.5950
    4024      34.3838
    4025      34.5213
    4026      34.3709
    4027      34.3065
    4028      34.4525
    4029      34.1721
    4030      34.4565
    4031      33.7272
    4032      34.3315
    4033      34.5379
    4034      34.4629
    4035      34.2944
    4036      34.3127
    4037      34.3147
    4038      34.1871
    4039      34.5892
    4040      34.3908
    4041      34.6970
    4042      34.6034
    4043      34.4141
    4044      34.3096
    4045      34.5621
    4046      34.7411
    4047      34.4926
    4048      34.1724
    4049      34.2434
    4050      34.5568
    4051      34.6442
    4052      34.5972
    4053      34.4697
    4054      34.6992
    4055      34.4175
    4056      34.2016
    4057      34.5832
    4058      34.4214
    4059      34.6804
    4060      34.0897
    4061      33.7515
    4062      34.0073
    4063      34.3833
    4064      34.0849
    4065      34.1850
    4066      34.0521
    4067      34.3309
    4068      34.4396
    4069      34.2384
    4070      34.1369
    4071      34.3423
    4072      34.4765
    4073      34.4604
    4074      34.7681
    4075      34.6462
    4076      34.5836
    4077      34.8042
    4078      34.1294
    4079      33.9299
    4080      34.2986
    4081      33.8498
    4082      33.6035
    4083      33.8705
    4084      34.2445
    4085      34.1838
    4086      34.3243
    4087      34.5780
    4088      34.3094
    4089      33.9275
    4090      34.2927
    4091      34.1197
    4092      33.6352
    4093      34.1181
    4094      34.0287
    4095      33.7837
    4096      33.4428
    4097      33.9482
    4098      34.4827
    4099      34.1125
    4100      33.9834
    4101      34.0041
    4102      34.4581
    4103      34.1317
    4104      33.5014
    4105      33.9305
    4106      34.0271
    4107      33.8202
    4108      34.1703
    4109      33.5542
    4110      34.1308
    4111      34.3089
    4112      33.2569
    4113      33.6602
    4114      33.6498
    4115      33.4806
    4116      33.5931
    4117      33.5844
    4118      34.1805
    4119      34.1805
    4120      34.1500
    4121      33.8375
    4122      33.9987
    4123      33.4889
    4124      34.1388
    4125      34.1522
    4126      33.9946
    4127      33.8274
    4128      34.6359
    4129      34.2053
    4130      34.7201
    4131      34.3987
    4132      34.4249
    4133      34.4205
    4134      34.5451
    4135      34.3395
    4136      34.5185
    4137      34.5408
    4138      34.1007
    4139      34.0244
    4140      33.9464
    4141      33.8876
    4142      34.0971
    4143      33.8332
    4144      34.4790
    4145      34.2082
    4146      34.0839
    4147      34.0694
    4148      33.9538
    4149      34.0232
    4150      34.1035
    4151      34.1647
    4152      33.8672
    4153      34.2667
    4154      34.3897
    4155      34.1764
    4156      33.7668
    4157      33.8809
    4158      33.5308
    4159      33.7896
    4160      34.3528
    4161      34.1122
    4162      34.1774
    4163      34.3612
    4164      34.1486
    4165      33.9882
    4166      33.8797
    4167      33.7521
    4168      33.5725
    4169      33.8349
    4170      33.8307
    4171      33.9705
    4172      34.0392
    4173      33.8266
    4174      33.9693
    4175      33.5952
    4176      33.4504
    4177      33.5367
    4178      34.2027
    4179      33.8609
    4180      33.8125
    4181      33.5518
    4182      33.9010
    4183      33.8861
    4184      33.7725
    4185      33.6332
    4186      33.9168
    4187      33.3498
    4188      33.9103
    4189      34.2141
    4190      33.7267
    4191      33.1388
    4192      33.6487
    4193      33.4657
    4194      33.6159
    4195      33.7983
    4196      33.9872
    4197      33.8452
    4198      33.8599
    4199      34.0305
    4200      34.1373
    4201      33.4775
    4202      34.0508
    4203      33.8570
    4204      34.1721
    4205      33.6292
    4206      33.6846
    4207      34.0531
    4208      33.9275
    4209      33.8459
    4210      34.0358
    4211      33.8047
    4212      33.6097
    4213      33.6256
    4214      34.0754
    4215      33.9423
    4216      34.0343
    4217      33.9417
    4218      34.0222
    4219      33.6688
    4220      33.4868
    4221      33.8139
    4222      33.5115
    4223      33.5847
    4224      33.4379
    4225      33.4089
    4226      34.0120
    4227      34.2491
    4228      34.0645
    4229      34.1235
    4230      33.8732
    4231      33.9921
    4232      34.5589
    4233      34.8210
    4234      34.4099
    4235      34.6729
    4236      34.2507
    4237      34.0972
    4238      33.5856
    4239      33.9797
    4240      34.1587
    4241      34.3745
    4242      34.2246
    4243      34.4909
    4244      34.1380
    4245      33.7362
    4246      34.0790
    4247      33.7874
    4248      34.1555
    4249      34.4087
    4250      34.5042
    4251      34.5959
    4252      34.2287
    4253      34.3286
    4254      34.4619
    4255      34.0523
    4256      33.7119
    4257      33.3542
    4258      33.7432
    4259      33.6378
    4260      33.6078
    4261      34.1005
    4262      34.0493
    4263      33.6390
    4264      33.9254
    4265      33.9837
    4266      33.9687
    4267      34.3089
    4268      34.0534
    4269      34.4471
    4270      35.0819
    4271      34.2075
    4272      33.9660
    4273      34.0902
    4274      33.4962
    4275      33.9750
    4276      34.0962
    4277      33.7453
    4278      33.9004
    4279      33.7932
    4280      33.9646
    4281      34.0559
    4282      33.5877
    4283      34.1570
    4284      34.0892
    4285      34.0303
    4286      34.0802
    4287      34.2656
    4288      34.6342
    4289      34.5969
    4290      34.3272
    4291      34.4040
    4292      34.7425
    4293      34.6842
    4294      34.3642
    4295      34.6625
    4296      34.5818
    4297      34.1892
    4298      33.8635
    4299      34.1629
    4300      33.8298
    4301      33.8011
    4302      33.8858
    4303      33.6738
    4304      33.8432
    4305      33.7870
    4306      33.9895
    4307      33.8594
    4308      34.0843
    4309      33.9253
    4310      33.8031
    4311      33.8740
    4312      33.8357
    4313      34.2317
    4314      33.9187
    4315      33.5775
    4316      33.6893
    4317      34.1335
    4318      33.7372
    4319      34.0839
    4320      34.2463
    4321      34.2007
    4322      33.8817
    4323      33.9196
    4324      33.9700
    4325      33.3968
    4326      33.5482
    4327      33.6211
    4328      34.1489
    4329      34.0400
    4330      33.8129
    4331      33.7915
    4332      34.0252
    4333      33.6104
    4334      34.2784
    4335      34.1575
    4336      33.6939
    4337      34.1617
    4338      34.1456
    4339      33.2368
    4340      33.9013
    4341      34.0968
    4342      33.8792
    4343      33.5852
    4344      33.6079
    4345      33.7971
    4346      33.6340
    4347      34.1270
    4348      33.8375
    4349      33.3652
    4350      32.9854
    4351      32.6422
    4352      33.1140
    4353      33.3536
    4354      33.3035
    4355      33.6734
    4356      32.8956
    4357      33.2967
    4358      33.0403
    4359      33.0822
    4360      33.1604
    4361      32.9674
    4362      33.2587
    4363      33.1908
    4364      33.0928
    4365      33.0127
    4366      33.5484
    4367      33.8338
    4368      33.1302
    4369      34.0586
    4370      34.1561
    4371      33.8692
    4372      33.4305
    4373      33.6710
    4374      34.0363
    4375      33.9045
    4376      33.6845
    4377      33.7004
    4378      33.5762
    4379      33.9068
    4380      33.6680
    4381      33.9326
    4382      33.5749
    4383      33.8753
    4384      33.6546
    4385      33.8389
    4386      33.7570
    4387      33.6151
    4388      33.4559
    4389      33.3819
    4390      33.9833
    4391      33.6637
    4392      33.4676
    4393      33.6563
    4394      33.8855
    4395      33.7884
    4396      33.9653
    4397      33.5126
    4398      33.4036
    4399      33.1673
    4400      32.8017
    4401      33.0777
    4402      32.9949
    4403      33.2551
    4404      33.4995
    4405      33.8896
    4406      34.3111
    4407      33.7864
    4408      34.0445
    4409      34.0288
    4410      33.6886
    4411      34.0978
    4412      34.0819
    4413      33.9458
    4414      34.0624
    4415      34.1624
    4416      34.0439
    4417      34.0009
    4418      33.7926
    4419      33.6435
    4420      33.4660
    4421      33.8244
    4422      33.3861
    4423      33.7473
    4424      33.3750
    4425      33.4917
    4426      33.7085
    4427      33.7738
    4428      33.5598
    4429      33.8383
    4430      33.6890
    4431      33.5772
    4432      33.6806
    4433      34.0571
    4434      33.9797
    4435      33.9400
    4436      33.7812
    4437      33.9169
    4438      33.9492
    4439      33.5198
    4440      33.6435
    4441      34.0798
    4442      33.8088
    4443      33.9002
    4444      34.0183
    4445      33.8655
    4446      33.7988
    4447      34.2224
    4448      33.5502
    4449      33.7563
    4450      33.8555
    4451      33.7810
    4452      33.8305
    4453      34.0093
    4454      34.2919
    4455      33.9187
    4456      34.1144
    4457      34.0302
    4458      33.6572
    4459      33.7834
    4460      33.6106
    4461      33.8571
    4462      34.3224
    4463      33.9701
    4464      33.9778
    4465      33.4222
    4466      33.4765
    4467      33.7142
    4468      33.9316
    4469      33.7874
    4470      34.0165
    4471      33.7565
    4472      33.8582
    4473      34.1599
    4474      33.8415
    4475      33.3673
    4476      33.5771
    4477      32.9687
    4478      33.6472
    4479      33.4473
    4480      34.3163
    4481      34.1185
    4482      34.0008
    4483      34.0796
    4484      34.3663
    4485      34.3647
    4486      34.4671
    4487      33.7333
    4488      33.8557
    4489      34.1496
    4490      34.3342
    4491      34.2827
    4492      34.1634
    4493      34.0802
    4494      34.4412
    4495      34.3423
    4496      34.3291
    4497      34.3815
    4498      33.9491
    4499      34.2292
    4500      34.3744
    4501      34.0520
    4502      33.9880
    4503      33.6711
    4504      34.2404
    4505      34.2494
    4506      34.0773
    4507      34.1067
    4508      34.1679
    4509      33.6687
    4510      34.3891
    4511      34.7032
    4512      34.4088
    4513      34.3159
    4514      34.2166
    4515      33.9372
    4516      34.4970
    4517      34.3282
    4518      33.5937
    4519      33.8448
    4520      34.1478
    4521      33.6549
    4522      33.9855
    4523      34.3422
    4524      34.0409
    4525      33.7385
    4526      33.9102
    4527      33.7916
    4528      33.8226
    4529      33.8754
    4530      33.4184
    4531      33.3909
    4532      33.6278
    4533      34.1232
    4534      34.1863
    4535      34.2225
    4536      33.8763
    4537      33.5701
    4538      33.6130
    4539      33.4495
    4540      33.6659
    4541      33.7229
    4542      33.5060
    4543      33.9104
    4544      33.3964
    4545      33.8640
    4546      33.4906
    4547      33.7965
    4548      33.9331
    4549      33.2954
    4550      33.4430
    4551      33.4763
    4552      33.3597
    4553      33.5012
    4554      33.8762
    4555      33.4953
    4556      33.4594
    4557      33.6185
    4558      33.7196
    4559      33.8786
    4560      33.7681
    4561      33.6658
    4562      33.5484
    4563      33.6519
    4564      33.6948
    4565      33.6732
    4566      33.2144
    4567      33.0799
    4568      33.2572
    4569      33.2827
    4570      32.7388
    4571      32.8504
    4572      32.2657
    4573      32.9718
    4574      32.8583
    4575      32.9578
    4576      33.1306
    4577      33.0115
    4578      33.1195
    4579      33.0334
    4580      33.2941
    4581      33.1459
    4582      33.1963
    4583      33.0665
    4584      33.1500
    4585      33.0896
    4586      33.3899
    4587      33.0471
    4588      33.6729
    4589      33.5115
    4590      33.9360
    4591      33.4075
    4592      33.2680
    4593      33.5650
    4594      34.0307
    4595      33.7416
    4596      33.8274
    4597      33.3406
    4598      33.4546
    4599      33.5614
    4600      33.8023
    4601      33.3000
    4602      33.4302
    4603      33.6359
    4604      33.4939
    4605      33.2970
    4606      33.2962
    4607      33.3396
    4608      33.2023
    4609      33.2850
    4610      33.4402
    4611      33.1927
    4612      33.3162
    4613      33.7484
    4614      33.6120
    4615      33.9872
    4616      33.9028
    4617      33.9751
    4618      33.2192
    4619      33.4872
    4620      33.3841
    4621      33.6570
    4622      33.1971
    4623      33.9194
    4624      33.6461
    4625      33.7555
    4626      33.7514
    4627      33.4716
    4628      33.9612
    4629      34.0609
    4630      33.5132
    4631      34.0734
    4632      34.2170
    4633      34.4516
    4634      34.4438
    4635      34.4951
    4636      34.3832
    4637      33.9262
    4638      33.8774
    4639      33.9739
    4640      33.4451
    4641      33.6631
    4642      33.4540
    4643      33.6387
    4644      33.5231
    4645      33.7989
    4646      34.1662
    4647      34.0367
    4648      34.2598
    4649      34.1216
    4650      34.1760
    4651      34.7513
    4652      34.4560
    4653      33.9196
    4654      34.0191
    4655      34.4362
    4656      34.8051
    4657      34.3580
    4658      34.1101
    4659      33.9996
    4660      33.8568
    4661      34.1154
    4662      33.7383
    4663      33.8865
    4664      33.9140
    4665      33.9294
    4666      34.2226
    4667      34.4278
    4668      34.3115
    4669      34.5464
    4670      34.2024
    4671      34.0270
    4672      34.5804
    4673      33.7132
    4674      33.9891
    4675      33.5207
    4676      34.3200
    4677      34.1885
    4678      34.4331
    4679      34.2863
    4680      33.9203
    4681      34.1830
    4682      34.1355
    4683      34.1262
    4684      34.1176
    4685      34.1284
    4686      34.2666
    4687      33.8579
    4688      33.7785
    4689      34.1210
    4690      34.1901
    4691      34.2953
    4692      34.2086
    4693      33.6449
    4694      33.8024
    4695      33.8106
    4696      33.9101
    4697      33.8527
    4698      34.0719
    4699      33.9604
    4700      33.7747
    4701      33.6949
    4702      33.4827
    4703      34.0106
    4704      33.7403
    4705      33.7267
    4706      34.0656
    4707      33.9987
    4708      33.6134
    4709      33.7853
    4710      34.1913
    4711      34.1393
    4712      33.7690
    4713      34.4140
    4714      34.0930
    4715      34.1913
    4716      33.7145
    4717      33.8549
    4718      33.7836
    4719      34.0281
    4720      33.4782
    4721      33.3616
    4722      33.5565
    4723      33.6595
    4724      33.8320
    4725      33.3598
    4726      33.8875
    4727      34.2030
    4728      33.8109
    4729      34.0371
    4730      33.7197
    4731      34.1547
    4732      34.0137
    4733      33.9885
    4734      34.1476
    4735      34.1135
    4736      33.6571
    4737      33.7010
    4738      33.8166
    4739      33.5214
    4740      33.4941
    4741      33.7544
    4742      33.4451
    4743      33.7919
    4744      33.6109
    4745      33.9646
    4746      33.5495
    4747      33.4649
    4748      33.7444
    4749      33.9002
    4750      34.0173
    4751      34.0292
    4752      34.0497
    4753      34.2779
    4754      34.3236
    4755      34.1421
    4756      34.5061
    4757      33.6310
    4758      33.8013
    4759      34.0861
    4760      34.0830
    4761      33.7530
    4762      34.2185
    4763      34.2908
    4764      34.1739
    4765      33.9890
    4766      33.9309
    4767      34.2569
    4768      34.1254
    4769      34.3376
    4770      34.1955
    4771      33.3771
    4772      33.6262
    4773      33.4053
    4774      33.8426
    4775      33.5134
    4776      33.7116
    4777      34.2302
    4778      33.9388
    4779      34.0831
    4780      34.0371
    4781      34.0217
    4782      33.8886
    4783      34.3613
    4784      34.0533
    4785      34.0084
    4786      33.9091
    4787      33.9387
    4788      33.8228
    4789      33.4687
    4790      33.6506
    4791      33.3595
    4792      33.7513
    4793      33.5014
    4794      33.9314
    4795      34.0304
    4796      34.2347
    4797      34.2728
    4798      34.2475
    4799      33.5892
    4800      33.7720
    4801      33.8645
    4802      33.7754
    4803      33.5113
    4804      33.7990
    4805      33.9439
    4806      34.0911
    4807      34.1472
    4808      33.8506
    4809      33.4820
    4810      34.0230
    4811      33.7125
    4812      33.5995
    4813      33.9937
    4814      34.2007
    4815      34.4001
    4816      34.2065
    4817      34.2699
    4818      34.1195
    4819      33.9273
    4820      33.7080
    4821      33.6243
    4822      33.7504
    4823      33.4092
    4824      33.5847
    4825      33.3389
    4826      34.2070
    4827      33.9248
    4828      33.9533
    4829      34.0226
    4830      33.9337
    4831      34.1249
    4832      33.8790
    4833      34.0981
    4834      34.1126
    4835      33.8836
    4836      33.7982
    4837      33.8417
    4838      33.5481
    4839      33.9962
    4840      33.5421
    4841      33.8531
    4842      33.7909
    4843      33.7650
    4844      33.6210
    4845      33.9161
    4846      33.8582
    4847      33.7517
    4848      33.8121
    4849      34.1311
    4850      33.3961
    4851      33.5630
    4852      33.8051
    4853      33.8067
    4854      34.1272
    4855      33.9963
    4856      33.9487
    4857      33.5185
    4858      33.7964
    4859      34.0902
    4860      34.5808
    4861      33.9902
    4862      34.2527
    4863      33.9649
    4864      34.2459
    4865      33.9715
    4866      34.2395
    4867      33.9918
    4868      33.7035
    4869      34.1384
    4870      34.0820
    4871      34.0387
    4872      33.6744
    4873      33.5898
    4874      33.7199
    4875      33.2769
    4876      33.5807
    4877      33.6806
    4878      33.8781
    4879      33.6277
    4880      33.1243
    4881      33.5401
    4882      33.6313
    4883      34.0123
    4884      33.9437
    4885      33.4151
    4886      33.4823
    4887      33.7489
    4888      33.6844
    4889      33.7746
    4890      33.8708
    4891      33.9834
    4892      33.5885
    4893      33.3439
    4894      33.1524
    4895      33.7381
    4896      33.8355
    4897      33.2519
    4898      33.6503
    4899      33.3584
    4900      33.7539
    4901      33.8240
    4902      33.7521
    4903      33.9196
    4904      33.8893
    4905      33.3353
    4906      33.4647
    4907      33.5786
    4908      34.1969
    4909      33.3746
    4910      33.3987
    4911      33.3360
    4912      32.8759
    4913      33.2941
    4914      33.8281
    4915      33.8916
    4916      33.7131
    4917      33.9022
    4918      33.5687
    4919      33.5739
    4920      33.2795
    4921      33.5136
    4922      33.5041
    4923      33.5742
    4924      33.5563
    4925      33.8064
    4926      33.6898
    4927      34.1440
    4928      33.0410
    4929      33.1997
    4930      33.2759
    4931      33.8516
    4932      33.7602
    4933      33.6869
    4934      33.6978
    4935      33.6845
    4936      33.5797
    4937      33.7997
    4938      33.7960
    4939      33.4532
    4940      33.5105
    4941      33.4848
    4942      33.4762
    4943      33.5171
    4944      33.3937
    4945      33.6129
    4946      33.7502
    4947      33.5384
    4948      33.4541
    4949      33.7176
    4950      33.5810
    4951      33.5340
    4952      33.4846
    4953      33.9672
    4954      33.7060
    4955      33.3310
    4956      33.4943
    4957      33.0132
    4958      33.7145
    4959      33.8906
    4960      33.2215
    4961      33.3281
    4962      33.3910
    4963      33.3160
    4964      33.5102
    4965      33.4145
    4966      33.2094
    4967      33.5174
    4968      34.1358
    4969      34.2989
    4970      34.4756
    4971      34.7018
    4972      34.3789
    4973      34.6061
    4974      34.3008
    4975      33.7925
    4976      34.1183
    4977      33.8090
    4978      34.2299
    4979      34.2690
    4980      33.4929
    4981      33.7881
    4982      34.0380
    4983      33.5976
    4984      33.5991
    4985      33.4887
    4986      33.7435
    4987      33.8262
    4988      33.8661
    4989      33.8744
    4990      34.2410
    4991      33.7463
    4992      33.6287
    4993      33.7798
    4994      33.5167
    4995      34.0050
    4996      34.0796
    4997      33.8204
    4998      33.6153
    4999      33.7825
    5000      33.8387
    5001      33.8163
    5002      33.6688
    5003      33.9643
    5004      34.1710
    5005      34.0044
    5006      33.9540
    5007      34.0150
    5008      33.5068
    5009      33.2190
    5010      33.7117
    5011      33.4431
    5012      33.7406
    5013      33.8091
    5014      33.6986
    5015      33.6023
    5016      33.8606
    5017      33.7934
    5018      33.9357
    5019      33.6481
    5020      33.8889
    5021      33.9039
    5022      34.5319
    5023      34.2275
    5024      34.0647
    5025      33.9623
    5026      33.9380
    5027      34.0831
    5028      34.1527
    5029      33.9960
    5030      34.4452
    5031      33.7325
    5032      33.7325
    5033      33.6338
    5034      33.8415
    5035      33.8725
    5036      33.4507
    5037      33.5731
    5038      33.8741
    5039      33.7818
    5040      33.7796
    5041      34.0602
    5042      33.9626
    5043      33.9284
    5044      33.9994
    5045      34.1621
    5046      33.9844
    5047      34.0504
    5048      34.1846
    5049      34.3734
    5050      33.6991
    5051      33.2134
    5052      32.8293
    5053      33.0362
    5054      32.8800
    5055      33.3242
    5056      33.3645
    5057      32.9049
    5058      33.8720
    5059      33.5414
    5060      33.4784
    5061      33.7163
    5062      33.5358
    5063      33.7688
    5064      33.7004
    5065      33.4878
    5066      33.4734
    5067      33.8306
    5068      33.7187
    5069      33.9139
    5070      34.3113
    5071      34.2233
    5072      33.9365
    5073      33.7156
    5074      34.3532
    5075      33.8153
    5076      34.0432
    5077      34.0861
    5078      34.1485
    5079      34.1417
    5080      33.7633
    5081      33.8654
    5082      33.9938
    5083      34.3966
    5084      33.9341
    5085      33.9651
    5086      33.8855
    5087      34.4722
    5088      34.2836
    5089      34.3776
    5090      34.2604
    5091      33.9629
    5092      33.7833
    5093      33.7915
    5094      34.1274
    5095      34.4394
    5096      34.5326
    5097      33.7293
    5098      33.4566
    5099      34.1178
    5100      33.8589
    5101      33.8462
    5102      33.1402
    5103      33.3758
    5104      33.5811
    5105      33.5131
    5106      33.3186
    5107      33.6072
    5108      33.4840
    5109      33.5046
    5110      33.3304
    5111      33.6409
    5112      34.2555
    5113      33.6777
    5114      34.0499
    5115      33.8859
    5116      34.1072
    5117      34.1061
    5118      34.3384
    5119      34.6140
    5120      34.5406
    5121      34.6456
    5122      34.1222
    5123      33.8818
    5124      34.3983
    5125      34.3058
    5126      33.7846
    5127      34.2044
    5128      33.6929
    5129      33.6627
    5130      34.5846
    5131      34.3349
    5132      33.9380
    5133      34.3172
    5134      33.8676
    5135      33.8223
    5136      34.4399
    5137      34.4212
    5138      33.7568
    5139      33.7687
    5140      33.8405
    5141      33.6453
    5142      33.7004
    5143      33.6926
    5144      33.4969
    5145      33.4970
    5146      33.4785
    5147      33.3234
    5148      33.8592
    5149      34.1142
    5150      34.3817
    5151      33.8316
    5152      33.8526
    5153      33.7008
    5154      33.8644
    5155      33.8891
    5156      33.7294
    5157      33.6101
    5158      34.3425
    5159      33.7354
    5160      33.9305
    5161      33.4795
    5162      33.5433
    5163      34.0037
    5164      34.1838
    5165      34.1150
    5166      34.8268
    5167      34.7513
    5168      34.4964
    5169      34.0340
    5170      34.1926
    5171      34.2122
    5172      34.4089
    5173      34.3240
    5174      34.5986
    5175      34.0112
    5176      33.6121
    5177      33.6797
    5178      34.0861
    5179      33.9987
    5180      33.8601
    5181      33.5190
    5182      33.4893
    5183      33.8090
    5184      33.9646
    5185      33.9788
    5186      33.7321
    5187      34.2145
    5188      34.3393
    5189      34.2384
    5190      34.2587
    5191      34.1405
    5192      34.1283
    5193      33.9041
    5194      34.1922
    5195      33.9201
    5196      34.3081
    5197      34.5344
    5198      34.2064
    5199      33.8388
    5200      34.0304
    5201      33.9496
    5202      33.6653
    5203      34.1397
    5204      34.0402
    5205      34.0380
    5206      34.2757
    5207      34.5661
    5208      34.5210
    5209      33.9573
    5210      34.1229
    5211      34.0723
    5212      34.5721
    5213      34.4914
    5214      34.1046
    5215      33.9005
    5216      34.2239
    5217      34.0416
    5218      34.1238
    5219      34.5156
    5220      34.5047
    5221      34.5476
    5222      34.6265
    5223      34.2342
    5224      34.1983
    5225      34.0400
    5226      34.1757
    5227      34.3563
    5228      34.0953
    5229      34.1783
    5230      34.2022
    5231      33.9454
    5232      33.9126
    5233      33.5783
    5234      33.8907
    5235      34.3447
    5236      34.3067
    5237      34.5983
    5238      34.1331
    5239      33.8649
    5240      33.7940
    5241      33.4758
    5242      34.1891
    5243      34.3746
    5244      34.0727
    5245      33.8703
    5246      33.9158
    5247      33.8073
    5248      33.9281
    5249      34.4418
    5250      34.2782
    5251      34.6933
    5252      34.6289
    5253      34.2482
    5254      34.2805
    5255      34.4487
    5256      34.4819
    5257      34.5203
    5258      34.9249
    5259      35.0643
    5260      34.6783
    5261      34.2083
    5262      34.4200
    5263      34.9950
    5264      34.7029
    5265      34.7844
    5266      34.3930
    5267      34.3104
    5268      34.4107
    5269      34.3242
    5270      34.2519
    5271      34.4015
    5272      34.1589
    5273      34.4934
    5274      34.4418
    5275      34.3455
    5276      34.1236
    5277      34.2883
    5278      34.0462
    5279      34.3391
    5280      34.5600
    5281      34.5037
    5282      34.1020
    5283      34.2160
    5284      33.9947
    5285      33.9594
    5286      33.7080
    5287      33.8876
    5288      34.0281
    5289      33.8946
    5290      34.1145
    5291      33.8656
    5292      33.9196
    5293      33.6609
    5294      34.0591
    5295      34.2866
    5296      33.9307
    5297      34.0923
    5298      34.4143
    5299      33.8620
    5300      33.8853
    5301      33.8985
    5302      33.9485
    5303      33.6572
    5304      34.4127
    5305      34.1688
    5306      34.2466
    5307      34.2434
    5308      33.7587
    5309      34.1944
    5310      33.9091
    5311      33.9664
    5312      33.6406
    5313      33.9270
    5314      33.8430
    5315      34.0541
    5316      33.8150
    5317      33.8153
    5318      33.7698
    5319      33.9891
    5320      34.1728
    5321      34.0882
    5322      33.9461
    5323      33.9228
    5324      33.8661
    5325      34.0611
    5326      33.7841
    5327      33.8480
    5328      33.6839
    5329      34.1836
    5330      33.9780
    5331      34.2561
    5332      34.4356
    5333      33.8895
    5334      34.0871
    5335      34.1765
    5336      33.9385
    5337      34.1932
    5338      34.6291
    5339      34.2577
    5340      34.6605
    5341      33.9510
    5342      34.2892
    5343      34.6175
    5344      34.3714
    5345      34.1999
    5346      34.4834
    5347      34.5620
    5348      34.3294
    5349      34.5388
    5350      34.6182
    5351      34.4706
    5352      34.7672
    5353      34.1972
    5354      33.7681
    5355      33.8156
    5356      34.2832
    5357      34.3617
    5358      34.2101
    5359      34.4817
    5360      34.4866
    5361      34.8159
    5362      34.4595
    5363      34.5225
    5364      35.0301
    5365      34.0288
    5366      34.1663
    5367      34.2395
    5368      33.7278
    5369      34.0455
    5370      34.7149
    5371      34.7027
    5372      34.4537
    5373      34.5429
    5374      34.5646
    5375      34.3301
    5376      34.4180
    5377      33.9935
    5378      33.9128
    5379      34.5305
    5380      34.0250
    5381      34.2025
    5382      34.3038
    5383      34.5106
    5384      34.1096
    5385      34.3716
    5386      34.2506
    5387      34.5138
    5388      34.6880
    5389      34.5092
    5390      34.4330
    5391      33.8539
    5392      34.0194
    5393      34.1292
    5394      34.3471
    5395      34.0151
    5396      33.8895
    5397      34.2263
    5398      34.4634
    5399      34.3836
    5400      34.0524
    5401      34.2750
    5402      34.4183
    5403      34.3998
    5404      34.8197
    5405      34.6481
    5406      34.6349
    5407      34.5055
    5408      34.2534
    5409      34.2810
    5410      34.4910
    5411      34.6547
    5412      34.4138
    5413      34.6962
    5414      34.3450
    5415      34.4321
    5416      34.3439
    5417      34.4774
    5418      34.5453
    5419      34.4745
    5420      34.3317
    5421      34.6517
    5422      34.3818
    5423      34.1583
    5424      34.2432
    5425      33.6906
    5426      34.1548
    5427      34.0632
    5428      34.1883
    5429      34.0837
    5430      33.5843
    5431      34.0159
    5432      34.0093
    5433      34.1440
    5434      34.2584
    5435      34.3290
    5436      34.1760
    5437      34.2411
    5438      34.4676
    5439      34.0973
    5440      34.4395
    5441      34.2548
    5442      33.9871
    5443      34.2224
    5444      34.5293
    5445      34.4530
    5446      34.1113
    5447      34.3799
    5448      34.0435
    5449      34.1348
    5450      34.2498
    5451      34.4239
    5452      34.4317
    5453      34.2603
    5454      34.0839
    5455      34.0617
    5456      34.5591
    5457      34.0500
    5458      34.2132
    5459      34.3911
    5460      34.6055
    5461      34.3232
    5462      34.1720
    5463      34.1205
    5464      34.2026
    5465      33.8792
    5466      34.1382
    5467      34.7105
    5468      34.6029
    5469      34.7556
    5470      34.5050
    5471      34.5060
    5472      34.1844
    5473      34.2253
    5474      33.8580
    5475      34.1789
    5476      34.2559
    5477      33.6127
    5478      33.8022
    5479      33.6820
    5480      33.5957
    5481      33.3337
    5482      34.2092
    5483      33.5391
    5484      33.5619
    5485      33.7807
    5486      33.9269
    5487      33.7587
    5488      33.7474
    5489      33.7421
    5490      33.5669
    5491      34.2545
    5492      33.9495
    5493      34.0454
    5494      34.5094
    5495      33.7676
    5496      33.8610
    5497      33.8431
    5498      33.9573
    5499      34.0962
    5500      33.7840
    5501      33.8014
    5502      34.3343
    5503      34.0294
    5504      34.2716
    5505      34.3830
    5506      33.7612
    5507      33.8696
    5508      33.9921
    5509      34.2539
    5510      33.9829
    5511      33.9288
    5512      34.0895
    5513      34.1666
    5514      34.0438
    5515      34.3528
    5516      34.2295
    5517      34.2886
    5518      34.0622
    5519      33.9655
    5520      34.5214
    5521      34.2227
    5522      34.1676
    5523      33.9804
    5524      34.0451
    5525      34.2464
    5526      33.8313
    5527      33.8251
    5528      33.8694
    5529      34.0046
    5530      33.9565
    5531      33.7709
    5532      34.0437
    5533      33.9581
    5534      34.4044
    5535      34.5214
    5536      34.1879
    5537      34.3479
    5538      34.1147
    5539      34.6404
    5540      33.8768
    5541      33.5319
    5542      34.0790
    5543      33.8675
    5544      33.9946
    5545      33.8687
    5546      33.5354
    5547      33.6685
    5548      33.1099
    5549      33.6301
    5550      33.6214
    5551      33.6681
    5552      33.9027
    5553      33.2700
    5554      33.5244
    5555      33.7205
    5556      33.3930
    5557      33.0566
    5558      32.9455
    5559      33.5509
    5560      33.3825
    5561      33.4174
    5562      33.9729
    5563      33.8317
    5564      34.0083
    5565      34.3498
    5566      34.5025
    5567      34.3932
    5568      33.9767
    5569      34.2001
    5570      34.0937
    5571      34.2169
    5572      34.3634
    5573      34.6237
    5574      34.6339
    5575      34.6381
    5576      34.4872
    5577      34.3405
    5578      33.9323
    5579      33.9403
    5580      33.7950
    5581      33.8052
    5582      34.0632
    5583      33.8770
    5584      34.1226
    5585      34.3232
    5586      34.0702
    5587      34.3566
    5588      34.2748
    5589      33.9963
    5590      34.5518
    5591      34.1604
    5592      33.9562
    5593      33.9323
    5594      34.0459
    5595      34.4853
    5596      33.8518
    5597      33.9511
    5598      33.6128
    5599      34.3454
    5600      33.9712
    5601      34.0109
    5602      34.5344
    5603      34.3748
    5604      34.1973
    5605      33.7972
    5606      34.2468
    5607      34.0821
    5608      34.2601
    5609      33.7231
    5610      34.0881
    5611      34.0522
    5612      33.8950
    5613      34.3149
    5614      34.2321
    5615      34.0580
    5616      33.9865
    5617      34.2429
    5618      34.6383
    5619      34.0404
    5620      33.6843
    5621      33.6136
    5622      34.2115
    5623      34.3334
    5624      34.3048
    5625      33.9732
    5626      34.0419
    5627      34.2185
    5628      33.7892
    5629      34.1279
    5630      33.9482
    5631      34.0924
    5632      34.1281
    5633      34.3891
    5634      34.4708
    5635      34.3808
    5636      33.7978
    5637      34.4165
    5638      34.5025
    5639      33.9458
    5640      34.1672
    5641      33.9412
    5642      34.1846
    5643      34.2254
    5644      34.4326
    5645      34.1936
    5646      34.5255
    5647      34.2028
    5648      34.0715
    5649      33.9058
    5650      34.1408
    5651      34.0887
    5652      34.1592
    5653      33.9266
    5654      33.9808
    5655      34.2134
    5656      34.4069
    5657      34.2518
    5658      34.4063
    5659      34.1991
    5660      34.0472
    5661      33.7476
    5662      34.0341
    5663      34.2352
    5664      34.1074
    5665      33.9578
    5666      34.3361
    5667      33.7726
    5668      33.9080
    5669      34.2717
    5670      34.3614
    5671      34.0825
    5672      34.0386
    5673      34.1956
    5674      34.0392
    5675      34.1199
    5676      33.8862
    5677      33.6612
    5678      34.0979
    5679      33.9479
    5680      33.8181
    5681      33.9423
    5682      33.8821
    5683      33.8334
    5684      33.9494
    5685      33.9929
    5686      33.8093
    5687      33.5593
    5688      33.6434
    5689      33.7435
    5690      33.5900
    5691      33.3697
    5692      33.6105
    5693      33.7651
    5694      33.5059
    5695      33.4292
    5696      33.3673
    5697      34.0274
    5698      33.8447
    5699      33.5829
    5700      33.8894
    5701      33.8392
    5702      33.5470
    5703      33.5502
    5704      33.6498
    5705      33.5855
    5706      33.7055
    5707      33.8395
    5708      33.9297
    5709      33.9020
    5710      33.5217
    5711      33.9603
    5712      34.3508
    5713      34.4354
    5714      34.3411
    5715      34.1348
    5716      34.5825
    5717      34.6041
    5718      34.3214
    5719      34.4474
    5720      34.2795
    5721      34.4648
    5722      34.3101
    5723      34.2991
    5724      34.0807
    5725      33.9147
    5726      33.8262
    5727      34.3579
    5728      34.4699
    5729      34.0323
    5730      34.2385
    5731      34.3354
    5732      34.3114
    5733      33.8581
    5734      33.8385
    5735      34.0211
    5736      34.2713
    5737      34.4517
    5738      33.8516
    5739      34.2576
    5740      34.2155
    5741      34.3825
    5742      34.5277
    5743      34.2197
    5744      34.1621
    5745      33.6858
    5746      34.3361
    5747      33.7867
    5748      34.0388
    5749      34.1218
    5750      34.6333
    5751      33.9996
    5752      33.8897
    5753      34.0890
    5754      33.8187
    5755      33.6914
    5756      33.8757
    5757      34.1719
    5758      34.1992
    5759      34.7321
    5760      34.1332
    5761      34.2873
    5762      34.1465
    5763      34.6976
    5764      34.4760
    5765      34.4343
    5766      34.3566
    5767      34.6333
    5768      34.7061
    5769      34.5210
    5770      34.3146
    5771      34.9406
    5772      34.1834
    5773      34.6395
    5774      34.5575
    5775      34.4307
    5776      34.3703
    5777      34.5240
    5778      34.4426
    5779      34.1661
    5780      34.4569
    5781      34.4325
    5782      34.3856
    5783      34.6929
    5784      34.3125
    5785      34.7179
    5786      34.5476
    5787      34.6769
    5788      34.8428
    5789      34.3754
    5790      34.4041
    5791      34.5587
    5792      34.6363
    5793      34.6288
    5794      34.3866
    5795      34.1848
    5796      33.9248
    5797      34.1739
    5798      34.2771
    5799      34.5979
    5800      34.5951
    5801      34.2078
    5802      34.3664
    5803      34.0530
    5804      33.9699
    5805      33.9575
    5806      33.7499
    5807      33.8293
    5808      33.7893
    5809      33.9488
    5810      34.1218
    5811      33.9698
    5812      34.1970
    5813      34.6600
    5814      33.7954
    5815      34.5420
    5816      34.0155
    5817      34.3008
    5818      34.1000
    5819      34.0015
    5820      33.8184
    5821      34.0019
    5822      34.3431
    5823      34.5388
    5824      34.0482
    5825      34.0167
    5826      34.1950
    5827      34.3217
    5828      34.0940
    5829      34.4756
    5830      33.9776
    5831      34.3493
    5832      34.4175
    5833      34.2922
    5834      34.2980
    5835      34.3136
    5836      34.1112
    5837      34.3691
    5838      34.2647
    5839      34.0765
    5840      33.8907
    5841      34.2329
    5842      34.4465
    5843      34.0112
    5844      34.3784
    5845      33.9895
    5846      33.9773
    5847      33.6931
    5848      33.9943
    5849      33.7474
    5850      33.8087
    5851      34.2936
    5852      33.9182
    5853      34.1833
    5854      34.1207
    5855      33.7988
    5856      34.0385
    5857      34.0220
    5858      34.0520
    5859      33.9251
    5860      33.8214
    5861      33.9788
    5862      33.7749
    5863      33.8285
    5864      33.5520
    5865      33.7886
    5866      33.5932
    5867      33.2410
    5868      33.6315
    5869      33.4823
    5870      33.1805
    5871      33.5680
    5872      33.3741
    5873      33.5071
    5874      33.7642
    5875      33.9315
    5876      33.7393
    5877      34.0752
    5878      34.1526
    5879      33.9068
    5880      33.6878
    5881      33.9065
    5882      33.8294
    5883      34.0695
    5884      33.7660
    5885      33.8098
    5886      34.2397
    5887      34.2413
    5888      34.0145
    5889      33.9867
    5890      34.0963
    5891      33.9509
    5892      34.0866
    5893      33.9156
    5894      33.7395
    5895      33.8595
    5896      34.1871
    5897      34.2223
    5898      33.9241
    5899      34.1200
    5900      33.6522
    5901      33.6361
    5902      34.2333
    5903      34.2891
    5904      34.0139
    5905      33.7164
    5906      33.9073
    5907      33.6802
    5908      34.2447
    5909      33.8024
    5910      33.7137
    5911      33.8403
    5912      33.8949
    5913      33.7742
    5914      34.0067
    5915      33.6317
    5916      33.8015
    5917      33.8289
    5918      33.9122
    5919      34.2925
    5920      34.1296
    5921      33.9302
    5922      33.8736
    5923      34.3573
    5924      33.7490
    5925      33.6562
    5926      33.3928
    5927      33.5260
    5928      33.7802
    5929      34.1019
    5930      33.5459
    5931      33.7673
    5932      33.5839
    5933      33.5478
    5934      33.6007
    5935      33.6879
    5936      33.9458
    5937      33.6163
    5938      33.5534
    5939      33.6514
    5940      33.5407
    5941      33.5859
    5942      33.9775
    5943      33.3312
    5944      33.5028
    5945      33.2473
    5946      33.6512
    5947      33.1569
    5948      33.4710
    5949      33.8284
    5950      33.6669
    5951      33.7789
    5952      33.8909
    5953      33.9214
    5954      33.8923
    5955      33.4709
    5956      33.9958
    5957      33.9720
    5958      34.2926
    5959      34.0244
    5960      33.3959
    5961      33.6208
    5962      33.3824
    5963      33.1358
    5964      33.9046
    5965      33.7669
    5966      33.4696
    5967      33.7764
    5968      33.5490
    5969      33.6777
    5970      33.5704
    5971      33.5062
    5972      33.6173
    5973      33.6753
    5974      33.6881
    5975      33.7133
    5976      34.1932
    5977      33.6861
    5978      33.9956
    5979      33.8739
    5980      33.7603
    5981      33.8630
    5982      33.5677
    5983      33.4540
    5984      33.5850
    5985      33.8477
    5986      33.6114
    5987      33.6887
    5988      34.1111
    5989      33.6181
    5990      33.6736
    5991      33.7430
    5992      33.2764
    5993      33.6368
    5994      33.7875
    5995      33.9610
    5996      33.6590
    5997      34.0132
    5998      33.3777
    5999      33.6966
    6000      33.8755
    6001      33.7462
    6002      33.3545
    6003      33.2115
    6004      33.7371
    6005      33.9587
    6006      33.7344
    6007      34.1291
    6008      34.0675
    6009      33.7358
    6010      33.7410
    6011      33.3871
    6012      33.2739
    6013      33.9284
    6014      34.2485
    6015      33.8280
    6016      34.3963
    6017      34.5610
    6018      34.2161
    6019      34.6200
    6020      34.6466
    6021      34.0360
    6022      34.1332
    6023      34.5697
    6024      34.4647
    6025      34.2573
    6026      33.8590
    6027      33.9434
    6028      33.9203
    6029      34.0366
    6030      34.1016
    6031      34.4370
    6032      34.4015
    6033      34.2677
    6034      34.0555
    6035      33.7574
    6036      34.0206
    6037      33.8503
    6038      34.1137
    6039      33.9807
    6040      34.1957
    6041      33.9249
    6042      33.9002
    6043      33.8876
    6044      33.9452
    6045      34.1274
    6046      33.9713
    6047      34.1284
    6048      34.2198
    6049      33.8927
    6050      34.1049
    6051      33.8458
    6052      34.0448
    6053      33.9687
    6054      33.9312
    6055      34.0628
    6056      33.5831
    6057      33.7459
    6058      33.9139
    6059      33.7489
    6060      33.7942
    6061      33.7993
    6062      33.8806
    6063      33.7476
    6064      33.6567
    6065      33.4600
    6066      34.0630
    6067      33.5954
    6068      33.8798
    6069      33.8362
    6070      33.6671
    6071      34.0416
    6072      34.1602
    6073      33.9414
    6074      33.7944
    6075      33.5432
    6076      33.9489
    6077      33.9974
    6078      34.0116
    6079      33.6018
    6080      33.7126
    6081      33.7884
    6082      33.5059
    6083      33.6601
    6084      33.5701
    6085      33.9223
    6086      33.6760
    6087      33.9431
    6088      33.8425
    6089      33.1939
    6090      33.8994
    6091      33.6512
    6092      33.3785
    6093      33.7315
    6094      33.8091
    6095      33.5743
    6096      33.4204
    6097      33.8029
    6098      33.6673
    6099      33.7692
    6100      33.5141
    6101      33.5371
    6102      33.3000
    6103      33.4517
    6104      33.7181
    6105      33.5489
    6106      34.0581
    6107      33.5813
    6108      33.6482
    6109      33.5109
    6110      33.6508
    6111      33.6068
    6112      33.7909
    6113      33.5887
    6114      33.9748
    6115      33.6839
    6116      33.7326
    6117      33.7630
    6118      33.4624
    6119      33.6745
    6120      34.1322
    6121      33.8372
    6122      34.0558
    6123      33.5331
    6124      33.2582
    6125      33.2272
    6126      33.7424
    6127      33.6418
    6128      33.3601
    6129      33.7427
    6130      33.2650
    6131      33.2271
    6132      33.5642
    6133      33.3779
    6134      33.7645
    6135      33.6863
    6136      33.9549
    6137      33.3809
    6138      33.4870
    6139      33.4383
    6140      33.7582
    6141      33.4147
    6142      33.7099
    6143      33.6691
    6144      33.2002
    6145      33.5630
    6146      33.2674
    6147      33.8678
    6148      33.3930
    6149      33.4516
    6150      33.8805
    6151      33.8849
    6152      33.9286
    6153      33.6907
    6154      34.2007
    6155      33.7042
    6156      33.9550
    6157      33.6533
    6158      33.8021
    6159      33.7241
    6160      33.9912
    6161      33.8365
    6162      33.5244
    6163      33.7171
    6164      33.4294
    6165      33.8589
    6166      33.7596
    6167      33.4436
    6168      33.5393
    6169      33.9507
    6170      33.5736
    6171      33.0432
    6172      33.3065
    6173      33.9608
    6174      33.4909
    6175      33.6120
    6176      33.4846
    6177      33.4615
    6178      33.6752
    6179      33.7057
    6180      33.4211
    6181      33.5187
    6182      33.8959
    6183      33.5695
    6184      33.8059
    6185      33.9886
    6186      33.7346
    6187      33.8391
    6188      33.8269
    6189      34.1039
    6190      33.1900
    6191      33.3085
    6192      33.5511
    6193      33.6028
    6194      33.5871
    6195      33.6664
    6196      33.4849
    6197      33.4851
    6198      33.7050
    6199      33.6954
    6200      33.7407
    6201      33.4547
    6202      33.5360
    6203      33.8498
    6204      33.7476
    6205      33.9557
    6206      33.5660
    6207      33.1770
    6208      33.6070
    6209      33.7631
    6210      33.3141
    6211      33.9878
    6212      33.7614
    6213      33.4225
    6214      33.2984
    6215      33.5039
    6216      33.7510
    6217      33.3779
    6218      33.4768
    6219      33.3671
    6220      33.2388
    6221      33.6858
    6222      33.4325
    6223      33.2277
    6224      33.2724
    6225      33.1948
    6226      33.4332
    6227      33.6689
    6228      34.0919
    6229      33.9498
    6230      33.7671
    6231      33.5411
    6232      33.4769
    6233      33.8965
    6234      33.6747
    6235      33.6755
    6236      33.6301
    6237      33.4252
    6238      33.1996
    6239      33.6668
    6240      33.3650
    6241      33.3535
    6242      33.6789
    6243      33.8282
    6244      33.6332
    6245      33.7753
    6246      33.6951
    6247      33.6255
    6248      33.4138
    6249      34.3771
    6250      33.8760
    6251      33.9653
    6252      33.6167
    6253      33.6031
    6254      33.5227
    6255      33.7456
    6256      33.7093
    6257      33.7777
    6258      33.6281
    6259      34.2797
    6260      33.6862
    6261      33.8914
    6262      33.3534
    6263      33.3577
    6264      33.1920
    6265      33.7850
    6266      33.5056
    6267      33.7213
    6268      33.9663
    6269      34.2066
    6270      34.1949
    6271      33.7000
    6272      33.6899
    6273      33.8655
    6274      33.6628
    6275      33.5730
    6276      33.6607
    6277      34.0756
    6278      33.7948
    6279      33.6545
    6280      33.8208
    6281      34.0529
    6282      33.8822
    6283      33.6820
    6284      33.9739
    6285      34.3072
    6286      34.3491
    6287      33.8570
    6288      34.4553
    6289      34.5989
    6290      34.4665
    6291      34.6686
    6292      34.3359
    6293      34.7306
    6294      34.2857
    6295      34.6304
    6296      34.4061
    6297      34.3207
    6298      34.1718
    6299      34.1366
    6300      34.6282
    6301      34.7341
    6302      34.4108
    6303      34.2834
    6304      34.9485
    6305      34.6469
    6306      34.1493
    6307      34.5272
    6308      34.4698
    6309      34.8480
    6310      34.9637
    6311      34.2576
    6312      34.5211
    6313      34.3074
    6314      34.4431
    6315      34.4135
    6316      34.0386
    6317      34.6082
    6318      34.2519
    6319      34.2249
    6320      33.5060
    6321      33.6711
    6322      33.5156
    6323      33.4770
    6324      33.3838
    6325      33.2643
    6326      33.5432
    6327      33.6730
    6328      33.1558
    6329      33.4362
    6330      34.3165
    6331      33.7693
    6332      33.8175
    6333      33.8339
    6334      33.9228
    6335      33.6344
    6336      34.3825
    6337      33.9316
    6338      33.8739
    6339      33.5515
    6340      33.5738
    6341      33.9067
    6342      33.6571
    6343      33.9019
    6344      33.9060
    6345      34.4035
    6346      33.8277
    6347      34.1065
    6348      34.1097
    6349      33.8820
    6350      33.7737
    6351      33.9369
    6352      33.5648
    6353      33.7693
    6354      33.5794
    6355      33.8444
    6356      33.9517
    6357      33.9249
    6358      34.0871
    6359      34.2994
    6360      33.6103
    6361      33.3486
    6362      33.1993
    6363      32.8087
    6364      33.6346
    6365      34.2863
    6366      33.6562
    6367      33.8037
    6368      33.3617
    6369      33.2845
    6370      32.9845
    6371      33.5163
    6372      33.6416
    6373      33.2152
    6374      33.3905
    6375      33.2773
    6376      33.4220
    6377      33.4709
    6378      32.9658
    6379      33.2092
    6380      33.4017
    6381      32.8230
    6382      32.7344
    6383      33.1829
    6384      33.1419
    6385      32.2673
    6386      32.9477
    6387      32.6052
    6388      33.1408
    6389      32.8386
    6390      32.8767
    6391      33.1654
    6392      33.2626
    6393      33.4114
    6394      33.2622
    6395      33.1621
    6396      33.6201
    6397      33.2338
    6398      33.9522
    6399      33.4020
    6400      32.9981
    6401      33.1597
    6402      33.0510
    6403      33.3093
    6404      33.6342
    6405      33.0648
    6406      33.2967
    6407      33.2024
    6408      33.2152
    6409      33.3189
    6410      33.5439
    6411      33.2557
    6412      33.2419
    6413      33.0847
    6414      33.2247
    6415      32.9451
    6416      33.6324
    6417      33.5366
    6418      33.0146
    6419      33.2259
    6420      33.1757
    6421      33.1619
    6422      33.6603
    6423      33.3406
    6424      33.4767
    6425      33.2742
    6426      33.3122
    6427      33.4791
    6428      33.3298
    6429      33.3857
    6430      33.4744
    6431      33.2117
    6432      33.4817
    6433      33.5130
    6434      33.1105
    6435      33.2918
    6436      32.9074
    6437      33.0533
    6438      32.9062
    6439      33.2799
    6440      33.4261
    6441      33.1585
    6442      33.7325
    6443      33.7599
    6444      33.4295
    6445      33.2235
    6446      33.5516
    6447      33.5086
    6448      33.4900
    6449      33.5331
    6450      33.5168
    6451      33.5151
    6452      33.6083
    6453      33.2999
    6454      32.9468
    6455      33.1738
    6456      33.1854
    6457      32.9830
    6458      33.4612
    6459      32.8523
    6460      33.0506
    6461      33.3557
    6462      32.9454
    6463      32.8399
    6464      33.1774
    6465      33.2318
    6466      33.1888
    6467      33.3247
    6468      32.8967
    6469      33.3211
    6470      33.1107
    6471      33.0486
    6472      32.9567
    6473      32.7491
    6474      32.2332
    6475      33.0162
    6476      32.7665
    6477      32.4864
    6478      32.7293
    6479      32.3302
    6480      32.6549
    6481      32.1832
    6482      32.4281
    6483      32.2693
    6484      32.7808
    6485      32.6936
    6486      32.6643
    6487      32.7925
    6488      32.5034
    6489      32.5353
    6490      32.7147
    6491      32.8977
    6492      33.0220
    6493      32.7673
    6494      32.3838
    6495      32.3778
    6496      32.4196
    6497      33.0755
    6498      32.4331
    6499      32.6329
    6500      33.1540
    6501      33.1321
    6502      33.1391
    6503      33.0637
    6504      33.1599
    6505      32.8483
    6506      32.9511
    6507      33.0494
    6508      33.0520
    6509      32.7592
    6510      33.3946
    6511      32.7974
    6512      32.9070
    6513      32.8857
    6514      32.5509
    6515      32.4997
    6516      32.6105
    6517      32.3419
    6518      32.5915
    6519      32.9908
    6520      33.0616
    6521      32.5753
    6522      32.9170
    6523      32.9778
    6524      33.0171
    6525      33.0661
    6526      32.7901
    6527      32.7412
    6528      33.0446
    6529      32.9959
    6530      32.7083
    6531      33.0395
    6532      32.7418
    6533      33.3404
    6534      33.0160
    6535      32.7716
    6536      33.4216
    6537      33.2599
    6538      32.7677
    6539      33.0641
    6540      32.8681
    6541      33.0485
    6542      32.6510
    6543      33.3227
    6544      33.1617
    6545      33.1403
    6546      33.0909
    6547      33.0930
    6548      33.0862
    6549      33.0238
    6550      32.9593
    6551      33.0451
    6552      33.1439
    6553      32.8258
    6554      33.0895
    6555      33.2343
    6556      33.0320
    6557      33.3485
    6558      33.2839
    6559      33.0467
    6560      33.0275
    6561      32.7700
    6562      32.7750
    6563      33.1706
    6564      32.8813
    6565      32.6965
    6566      32.9616
    6567      32.9160
    6568      33.0633
    6569      33.2265
    6570      33.0475
    6571      33.4989
    6572      33.3952
    6573      33.6381
    6574      32.9571
    6575      33.2354
    6576      33.4448
    6577      33.0066
    6578      33.4258
    6579      33.1192
    6580      33.1755
    6581      32.7561
    6582      32.9487
    6583      33.0726
    6584      32.7611
    6585      32.6173
    6586      32.4303
    6587      32.7201
    6588      32.8310
    6589      33.2748
    6590      32.9227
    6591      33.2220
    6592      33.1036
    6593      33.1785
    6594      33.1443
    6595      33.0279
    6596      33.1810
    6597      33.1685
    6598      32.5248
    6599      33.2424
    6600      32.9135
    6601      32.8657
    6602      33.0558
    6603      33.2120
    6604      32.9939
    6605      32.4357
    6606      33.2631
    6607      33.1443
    6608      32.8146
    6609      32.9121
    6610      32.6687
    6611      33.5568
    6612      33.6098
    6613      33.3628
    6614      32.7334
    6615      32.5303
    6616      32.6586
    6617      33.1268
    6618      33.2038
    6619      32.6558
    6620      33.1685
    6621      33.3212
    6622      33.1085
    6623      33.4218
    6624      32.9519
    6625      33.2751
    6626      33.3530
    6627      32.9706
    6628      33.0053
    6629      33.0375
    6630      32.9544
    6631      33.2262
    6632      33.2243
    6633      33.1613
    6634      33.3543
    6635      33.4445
    6636      33.3008
    6637      33.3307
    6638      33.5474
    6639      33.1375
    6640      32.8008
    6641      33.3232
    6642      33.9828
    6643      33.5160
    6644      33.1695
    6645      33.3422
    6646      33.1326
    6647      32.9854
    6648      33.3112
    6649      33.3584
    6650      33.1570
    6651      32.5598
    6652      32.8445
    6653      33.4756
    6654      32.9366
    6655      33.1063
    6656      33.4019
    6657      33.4310
    6658      33.3966
    6659      33.5248
    6660      33.3614
    6661      33.2855
    6662      33.1677
    6663      33.6518
    6664      33.1295
    6665      33.6018
    6666      32.7765
    6667      33.3101
    6668      33.3667
    6669      33.5844
    6670      33.4223
    6671      33.0209
    6672      33.1800
    6673      32.7999
    6674      33.4825
    6675      33.5907
    6676      33.3576
    6677      33.1269
    6678      32.9540
    6679      33.0509
    6680      33.4403
    6681      33.1244
    6682      32.7765
    6683      32.6703
    6684      32.5775
    6685      32.9639
    6686      33.1224
    6687      33.2816
    6688      32.6035
    6689      32.9634
    6690      33.0499
    6691      32.9376
    6692      32.8865
    6693      33.1990
    6694      32.9691
    6695      33.1552
    6696      32.8360
    6697      33.4158
    6698      33.1496
    6699      33.1718
    6700      33.2636
    6701      32.8098
    6702      32.8519
    6703      32.5927
    6704      32.8971
    6705      33.0919
    6706      32.8265
    6707      32.9565
    6708      33.3704
    6709      33.2354
    6710      32.8523
    6711      33.2950
    6712      33.2656
    6713      32.8489
    6714      32.7171
    6715      32.7970
    6716      32.9542
    6717      32.8866
    6718      32.8659
    6719      32.7420
    6720      32.9454
    6721      32.7800
    6722      32.7999
    6723      32.9895
    6724      32.6267
    6725      33.0137
    6726      33.3311
    6727      33.3249
    6728      33.0464
    6729      33.1904
    6730      33.6038
    6731      33.4509
    6732      33.1766
    6733      33.4614
    6734      33.3361
    6735      33.0499
    6736      33.1220
    6737      33.1872
    6738      33.3740
    6739      33.0756
    6740      33.2704
    6741      33.1052
    6742      33.5106
    6743      33.1582
    6744      33.1076
    6745      32.9842
    6746      32.9426
    6747      33.1633
    6748      33.1211
    6749      33.2441
    6750      33.1275
    6751      33.7287
    6752      33.0842
    6753      33.2522
    6754      33.0490
    6755      32.8623
    6756      33.3658
    6757      33.1782
    6758      32.8669
    6759      33.0609
    6760      33.3473
    6761      33.1431
    6762      33.2214
    6763      33.5293
    6764      33.5677
    6765      33.6562
    6766      33.4216
    6767      33.6719
    6768      33.4671
    6769      33.2872
    6770      33.7397
    6771      33.2339
    6772      33.2086
    6773      32.8346
    6774      33.2522
    6775      32.8327
    6776      33.1441
    6777      33.4667
    6778      33.3640
    6779      32.9630
    6780      33.4220
    6781      33.0523
    6782      33.6023
    6783      33.3375
    6784      33.1820
    6785      33.2780
    6786      33.3702
    6787      33.2348
    6788      32.9701
    6789      33.4357
    6790      33.0247
    6791      33.0446
    6792      33.0866
    6793      33.1064
    6794      32.6114
    6795      33.0158
    6796      33.1627
    6797      33.1453
    6798      33.3721
    6799      33.0121
    6800      33.4470
    6801      33.0844
    6802      33.2593
    6803      33.0422
    6804      33.3619
    6805      33.3525
    6806      33.1840
    6807      33.2606
    6808      33.3464
    6809      33.1450
    6810      32.8565
    6811      33.1173
    6812      33.5605
    6813      33.5211
    6814      33.5844
    6815      33.9643
    6816      33.3203
    6817      33.3530
    6818      32.9911
    6819      33.3933
    6820      33.6470
    6821      32.9775
    6822      32.9814
    6823      33.1076
    6824      33.0524
    6825      32.9618
    6826      32.9560
    6827      32.8081
    6828      32.8849
    6829      32.7939
    6830      32.7151
    6831      32.8961
    6832      33.1181
    6833      33.4142
    6834      33.3993
    6835      33.3628
    6836      33.6693
    6837      33.1937
    6838      33.5657
    6839      33.2913
    6840      33.1832
    6841      32.9760
    6842      32.9597
    6843      33.0417
    6844      33.7076
    6845      33.5849
    6846      33.2844
    6847      33.2973
    6848      33.2981
    6849      33.0827
    6850      33.2532
    6851      33.2071
    6852      32.9122
    6853      32.9735
    6854      33.2140
    6855      33.5655
    6856      33.2304
    6857      33.3123
    6858      32.6497
    6859      33.0397
    6860      33.1988
    6861      32.7514
    6862      32.8789
    6863      33.3299
    6864      33.2168
    6865      32.9359
    6866      33.0068
    6867      32.7987
    6868      33.1876
    6869      33.0935
    6870      33.1889
    6871      33.1561
    6872      32.5524
    6873      32.9286
    6874      33.1546
    6875      32.9417
    6876      32.7558
    6877      33.0675
    6878      32.7056
    6879      32.8497
    6880      32.9283
    6881      32.9973
    6882      32.9896
    6883      33.3568
    6884      33.3401
    6885      33.1930
    6886      33.0799
    6887      33.4239
    6888      33.1365
    6889      32.9427
    6890      33.0748
    6891      32.9978
    6892      33.0358
    6893      33.2267
    6894      33.6917
    6895      33.5879
    6896      33.4758
    6897      33.3378
    6898      33.3917
    6899      33.4554
    6900      33.4355
    6901      33.3964
    6902      33.5233
    6903      33.2300
    6904      33.2467
    6905      33.6639
    6906      33.3175
    6907      33.7185
    6908      33.3239
    6909      33.6504
    6910      33.3944
    6911      33.0348
    6912      33.4859
    6913      33.5933
    6914      33.7114
    6915      33.4515
    6916      33.2824
    6917      33.2012
    6918      33.6097
    6919      33.0282
    6920      33.4998
    6921      33.6406
    6922      33.4176
    6923      33.6651
    6924      33.8006
    6925      33.4254
    6926      33.2890
    6927      33.2238
    6928      33.3212
    6929      33.4950
    6930      33.2284
    6931      33.4725
    6932      33.3751
    6933      33.3524
    6934      33.2376
    6935      33.4697
    6936      33.6525
    6937      33.5823
    6938      33.6564
    6939      33.5425
    6940      33.8588
    6941      33.6212
    6942      33.2370
    6943      33.2977
    6944      33.5655
    6945      33.4149
    6946      33.4048
    6947      33.4070
    6948      33.2089
    6949      32.8552
    6950      32.9326
    6951      33.0443
    6952      32.9818
    6953      33.0335
    6954      33.3323
    6955      32.8414
    6956      33.4195
    6957      33.9750
    6958      33.6104
    6959      33.8121
    6960      33.6650
    6961      33.5185
    6962      33.1558
    6963      33.3676
    6964      33.2099
    6965      33.0795
    6966      33.5339
    6967      33.2811
    6968      33.4375
    6969      34.1697
    6970      33.9019
    6971      33.5230
    6972      33.7273
    6973      33.9179
    6974      33.4958
    6975      34.1327
    6976      33.8344
    6977      33.3197
    6978      33.8279
    6979      33.9081
    6980      33.4423
    6981      33.7188
    6982      33.6714
    6983      33.8869
    6984      33.8700
    6985      33.6351
    6986      32.9666
    6987      33.7731
    6988      33.4373
    6989      33.4025
    6990      33.7838
    6991      33.7362
    6992      33.4770
    6993      33.6169
    6994      33.3880
    6995      33.6985
    6996      33.4142
    6997      33.5105
    6998      33.8154
    6999      33.4113
    7000      33.6292
    7001      33.1478
    7002      33.8223
    7003      33.7792
    7004      33.4735
    7005      33.7023
    7006      33.3009
    7007      33.2287
    7008      33.2211
    7009      33.6571
    7010      33.5569
    7011      33.7677
    7012      33.3122
    7013      33.0295
    7014      33.2556
    7015      33.3882
    7016      33.5090
    7017      33.6749
    7018      33.5071
    7019      32.7703
    7020      33.4730
    7021      33.3320
    7022      33.5014
    7023      33.4556
    7024      33.2401
    7025      33.1514
    7026      33.2650
    7027      33.6929
    7028      33.2977
    7029      33.1617
    7030      33.6457
    7031      33.2598
    7032      33.4777
    7033      33.7297
    7034      33.5470
    7035      33.9100
    7036      33.9897
    7037      33.8319
    7038      33.3396
    7039      33.6576
    7040      33.4933
    7041      34.1368
    7042      33.8654
    7043      33.9019
    7044      33.0725
    7045      33.6439
    7046      33.9080
    7047      33.7229
    7048      33.1941
    7049      33.5167
    7050      33.5753
    7051      33.9311
    7052      33.2108
    7053      33.7907
    7054      33.9505
    7055      33.7743
    7056      33.5616
    7057      33.8003
    7058      33.7806
    7059      33.4334
    7060      34.2824
    7061      33.7549
    7062      33.9548
    7063      33.7640
    7064      33.7678
    7065      33.6533
    7066      33.6772
    7067      33.5979
    7068      33.5263
    7069      32.9814
    7070      33.6898
    7071      33.7746
    7072      33.5472
    7073      33.5510
    7074      33.5373
    7075      32.8458
    7076      33.8643
    7077      33.4538
    7078      33.3092
    7079      33.3876
    7080      33.3519
    7081      33.1894
    7082      33.5535
    7083      33.7144
    7084      33.8073
    7085      33.5930
    7086      33.7574
    7087      33.4519
    7088      33.5688
    7089      34.3461
    7090      33.9004
    7091      33.8864
    7092      33.5644
    7093      33.7073
    7094      33.6484
    7095      33.8362
    7096      33.3356
    7097      33.5366
    7098      33.6838
    7099      33.5242
    7100      33.4384
    7101      33.7895
    7102      33.5423
    7103      33.6368
    7104      33.2387
    7105      33.3387
    7106      33.5302
    7107      33.4970
    7108      33.7672
    7109      33.1628
    7110      32.7750
    7111      33.5003
    7112      33.3010
    7113      33.2669
    7114      33.5862
    7115      33.5840
    7116      33.5280
    7117      33.4958
    7118      33.1507
    7119      32.8878
    7120      33.2268
    7121      33.4204
    7122      33.7374
    7123      33.0641
    7124      33.2047
    7125      32.9611
    7126      33.1484
    7127      33.3203
    7128      33.2669
    7129      33.6002
    7130      33.5091
    7131      33.6780
    7132      33.6789
    7133      33.4309
    7134      33.6042
    7135      33.4481
    7136      33.5557
    7137      33.0596
    7138      33.6626
    7139      33.5390
    7140      33.4772
    7141      33.2455
    7142      33.1688
    7143      33.3393
    7144      33.3535
    7145      33.4921
    7146      33.5851
    7147      33.3446
    7148      33.1777
    7149      33.2167
    7150      32.9140
    7151      32.6138
    7152      32.8884
    7153      32.8982
    7154      32.2582
    7155      33.0568
    7156      32.8289
    7157      33.1737
    7158      32.9936
    7159      32.7259
    7160      33.0745
    7161      32.8706
    7162      33.0041
    7163      32.9728
    7164      33.0363
    7165      32.7385
    7166      33.1023
    7167      32.8791
    7168      32.4511
    7169      33.2213
    7170      33.3822
    7171      32.8709
    7172      33.0314
    7173      33.2339
    7174      33.2889
    7175      33.1326
    7176      33.2284
    7177      33.0174
    7178      33.1802
    7179      32.9750
    7180      32.8057
    7181      32.7008
    7182      32.4058
    7183      33.0971
    7184      33.1521
    7185      33.1086
    7186      33.4347
    7187      33.1327
    7188      33.1292
    7189      33.3261
    7190      33.2901
    7191      33.1051
    7192      33.2593
    7193      33.5332
    7194      33.5686
    7195      33.6679
    7196      33.6655
    7197      33.5768
    7198      33.3589
    7199      33.5303
    7200      33.4073
    7201      33.5173
    7202      33.6442
    7203      33.4625
    7204      33.3482
    7205      33.2170
    7206      33.3353
    7207      33.4007
    7208      33.4345
    7209      32.8023
    7210      32.8466
    7211      33.0903
    7212      33.2594
    7213      32.4692
    7214      32.9339
    7215      32.8094
    7216      32.8881
    7217      32.6052
    7218      32.3959
    7219      32.6032
    7220      32.3497
    7221      32.9584
    7222      33.3417
    7223      33.9496
    7224      33.0460
    7225      33.7957
    7226      32.9749
    7227      33.1066
    7228      33.0097
    7229      32.8913
    7230      33.2068
    7231      33.2087
    7232      33.1681
    7233      33.4488
    7234      33.3156
    7235      33.2883
    7236      33.1149
    7237      33.6417
    7238      33.5862
    7239      33.7275
    7240      33.3684
    7241      33.7221
    7242      33.3773
    7243      33.5797
    7244      33.5119
    7245      33.2822
    7246      33.2855
    7247      33.3629
    7248      33.6205
    7249      33.4833
    7250      33.1878
    7251      33.5869
    7252      33.4122
    7253      33.4118
    7254      33.3712
    7255      33.5489
    7256      33.9354
    7257      33.5908
    7258      34.0999
    7259      33.4706
    7260      33.2221
    7261      33.7636
    7262      33.8081
    7263      34.1785
    7264      33.7927
    7265      33.5426
    7266      33.2387
    7267      33.3883
    7268      33.0464
    7269      33.4992
    7270      33.8239
    7271      33.2208
    7272      32.7796
    7273      33.6364
    7274      33.5489
    7275      33.8124
    7276      33.7227
    7277      33.3987
    7278      33.1119
    7279      33.2249
    7280      32.9549
    7281      33.0479
    7282      32.9637
    7283      33.2791
    7284      32.9988
    7285      33.4706
    7286      33.4597
    7287      33.1579
    7288      33.1513
    7289      33.3352
    7290      33.2613
    7291      33.2427
    7292      32.8197
    7293      32.3842
    7294      33.0268
    7295      33.1569
    7296      33.0978
    7297      32.7861
    7298      32.9619
    7299      33.1639
    7300      32.7462
    7301      32.7605
    7302      33.0098
    7303      33.2282
    7304      33.0507
    7305      33.2491
    7306      33.3328
    7307      32.8117
    7308      33.0210
    7309      33.4128
    7310      33.1634
    7311      33.5243
    7312      33.1400
    7313      33.5040
    7314      33.1154
    7315      33.1155
    7316      33.2314
    7317      32.7307
    7318      33.3124
    7319      33.1409
    7320      33.4691
    7321      33.6479
    7322      33.4781
    7323      32.8712
    7324      33.1935
    7325      33.1017
    7326      33.3836
    7327      33.3709
    7328      33.0656
    7329      33.5679
    7330      33.9825
    7331      33.4715
    7332      33.8794
    7333      33.6327
    7334      33.7908
    7335      33.3512
    7336      33.3685
    7337      32.4396
    7338      32.7386
    7339      33.0063
    7340      33.0471
    7341      32.6303
    7342      32.5814
    7343      33.1426
    7344      33.2598
    7345      32.9238
    7346      32.7554
    7347      33.1314
    7348      33.5469
    7349      33.4051
    7350      32.7983
    7351      32.7849
    7352      33.2344
    7353      32.9433
    7354      32.7991
    7355      33.3263
    7356      32.7289
    7357      33.1229
    7358      33.1810
    7359      33.0635
    7360      33.1564
    7361      33.6347
    7362      33.0712
    7363      33.3699
    7364      33.2109
    7365      33.5562
    7366      33.2472
    7367      32.9774
    7368      33.2334
    7369      32.9282
    7370      32.7041
    7371      33.1828
    7372      32.8322
    7373      32.8890
    7374      32.8328
    7375      33.3144
    7376      33.4739
    7377      33.4174
    7378      33.4278
    7379      33.6545
    7380      33.0537
    7381      33.0056
    7382      33.4058
    7383      33.2088
    7384      33.2289
    7385      32.9541
    7386      33.4498
    7387      33.1289
    7388      33.0434
    7389      32.8592
    7390      32.5611
    7391      32.3348
    7392      32.7027
    7393      32.6813
    7394      32.7200
    7395      33.3075
    7396      33.1999
    7397      33.4349
    7398      33.2309
    7399      33.4701
    7400      33.5192
    7401      33.4150
    7402      33.1730
    7403      33.3832
    7404      33.5467
    7405      33.6875
    7406      32.7825
    7407      32.8924
    7408      33.0673
    7409      32.3868
    7410      32.8073
    7411      33.4607
    7412      32.8595
    7413      33.1125
    7414      32.9662
    7415      32.8983
    7416      32.9613
    7417      32.9951
    7418      33.1264
    7419      33.4567
    7420      33.0400
    7421      32.8417
    7422      33.2351
    7423      33.4818
    7424      32.9858
    7425      33.2391
    7426      33.0255
    7427      33.0620
    7428      33.3403
    7429      32.8391
    7430      33.0697
    7431      33.3025
    7432      33.1082
    7433      33.2432
    7434      32.9176
    7435      32.8601
    7436      32.9855
    7437      32.5616
    7438      32.5768
    7439      33.1004
    7440      32.7881
    7441      32.9358
    7442      32.9772
    7443      32.7422
    7444      33.1488
    7445      33.0087
    7446      33.1573
    7447      33.2428
    7448      33.1950
    7449      33.3712
    7450      33.6270
    7451      33.6241
    7452      33.7377
    7453      33.5943
    7454      33.1576
    7455      33.1223
    7456      33.4731
    7457      33.6690
    7458      33.5569
    7459      33.6834
    7460      33.0375
    7461      32.9104
    7462      33.5715
    7463      33.6941
    7464      33.8805
    7465      33.3600
    7466      33.2823
    7467      34.0819
    7468      33.3633
    7469      33.3666
    7470      33.4402
    7471      33.7180
    7472      33.5414
    7473      33.7518
    7474      33.2119
    7475      33.9589
    7476      33.6098
    7477      33.6220
    7478      33.5488
    7479      33.7471
    7480      33.6593
    7481      34.2560
    7482      33.0399
    7483      33.0025
    7484      33.5504
    7485      33.7325
    7486      33.7368
    7487      33.8993
    7488      33.7230
    7489      34.0037
    7490      33.8902
    7491      33.9394
    7492      33.9380
    7493      33.4631
    7494      33.1470
    7495      33.7569
    7496      33.2903
    7497      33.5587
    7498      33.6412
    7499      33.8336
    7500      34.0652
    7501      33.6957
    7502      33.6452
    7503      34.0396
    7504      33.8920
    7505      33.1410
    7506      33.2117
    7507      33.2949
    7508      34.0083
    7509      33.8392
    7510      33.9731
    7511      33.9965
    7512      34.3318
    7513      34.0053
    7514      33.9049
    7515      33.6836
    7516      34.1391
    7517      34.1529
    7518      33.6350
    7519      33.4671
    7520      33.1584
    7521      33.6296
    7522      33.4424
    7523      33.6242
    7524      33.6161
    7525      33.8494
    7526      33.8382
    7527      33.5250
    7528      33.6480
    7529      33.7256
    7530      33.8122
    7531      33.5483
    7532      33.4570
    7533      33.9370
    7534      34.0135
    7535      33.1437
    7536      33.5710
    7537      33.4420
    7538      33.6376
    7539      33.7436
    7540      33.5546
    7541      33.6405
    7542      33.7934
    7543      33.8631
    7544      33.8131
    7545      34.0042
    7546      33.8467
    7547      33.3034
    7548      33.9935
    7549      33.9690
    7550      33.5498
    7551      33.8222
    7552      33.9712
    7553      33.8199
    7554      33.9930
    7555      33.5147
    7556      33.1099
    7557      33.6409
    7558      33.9044
    7559      33.4509
    7560      33.8927
    7561      33.3453
    7562      33.7883
    7563      33.8601
    7564      33.4550
    7565      33.4661
    7566      33.6130
    7567      33.8140
    7568      33.7923
    7569      33.2795
    7570      33.5296
    7571      33.5595
    7572      33.8448
    7573      33.6132
    7574      33.5628
    7575      33.3688
    7576      33.7981
    7577      33.6006
    7578      33.3469
    7579      33.2024
    7580      33.0293
    7581      33.7360
    7582      33.3825
    7583      33.6010
    7584      33.9366
    7585      33.2375
    7586      33.7014
    7587      33.9671
    7588      33.7262
    7589      33.8528
    7590      34.0755
    7591      33.4320
    7592      33.7190
    7593      33.4120
    7594      32.9500
    7595      33.0896
    7596      32.9807
    7597      33.5711
    7598      33.3599
    7599      33.2780
    7600      33.1849
    7601      33.4972
    7602      34.0983
    7603      33.7407
    7604      33.5273
    7605      33.3903
    7606      33.1371
    7607      33.0459
    7608      33.4198
    7609      33.2719
    7610      33.1569
    7611      33.3908
    7612      33.3480
    7613      33.6424
    7614      33.0327
    7615      33.2311
    7616      32.9081
    7617      33.2001
    7618      32.8857
    7619      33.2062
    7620      33.4257
    7621      33.2169
    7622      32.9404
    7623      33.3915
    7624      33.5220
    7625      33.3256
    7626      32.8296
    7627      32.6360
    7628      32.7019
    7629      32.9404
    7630      33.0694
    7631      33.4872
    7632      33.4785
    7633      33.5239
    7634      33.0460
    7635      33.5224
    7636      33.7391
    7637      33.6461
    7638      33.6850
    7639      33.5205
    7640      33.7196
    7641      33.7763
    7642      34.1759
    7643      33.9485
    7644      33.6481
    7645      33.4540
    7646      33.6357
    7647      33.9986
    7648      33.8789
    7649      33.6173
    7650      33.6763
    7651      34.5003
    7652      33.9014
    7653      34.1653
    7654      33.8216
    7655      33.2018
    7656      33.1085
    7657      33.7939
    7658      33.4546
    7659      32.8247
    7660      32.7760
    7661      32.6409
    7662      32.5282
    7663      32.0326
    7664      32.0904
    7665      32.5469
    7666      33.1942
    7667      33.2436
    7668      33.5248
    7669      33.3657
    7670      32.7720
    7671      33.4491
    7672      33.4717
    7673      33.6215
    7674      33.6315
    7675      33.8966
    7676      33.7004
    7677      33.5546
    7678      33.6929
    7679      33.4673
    7680      32.9687
    7681      33.8165
    7682      33.2777
    7683      33.2816
    7684      32.7111
    7685      33.7084
    7686      33.5816
    7687      33.4170
    7688      33.5478
    7689      33.7417
    7690      33.7455
    7691      34.0474
    7692      33.3956
    7693      33.3909
    7694      33.3646
    7695      33.6199
    7696      33.8201
    7697      33.7994
    7698      33.8066
    7699      33.9309
    7700      33.7464
    7701      33.6530
    7702      33.6916
    7703      33.9784
    7704      33.1675
    7705      33.5611
    7706      32.6132
    7707      33.2429
    7708      33.1851
    7709      32.7861
    7710      32.8093
    7711      33.0230
    7712      32.8655
    7713      33.1071
    7714      33.1671
    7715      33.1606
    7716      32.7206
    7717      32.3430
    7718      32.9657
    7719      32.6742
    7720      33.1234
    7721      33.1528
    7722      33.6640
    7723      33.0507
    7724      33.2402
    7725      33.4648
    7726      32.9648
    7727      33.3890
    7728      33.1637
    7729      32.8292
    7730      32.9836
    7731      33.1262
    7732      32.8137
    7733      32.9537
    7734      33.5232
    7735      33.5260
    7736      33.4166
    7737      33.9730
    7738      33.7666
    7739      33.8596
    7740      33.6734
    7741      33.3031
    7742      33.9310
    7743      33.9519
    7744      33.3195
    7745      33.4065
    7746      33.2730
    7747      33.5675
    7748      33.4949
    7749      33.4388
    7750      33.8764
    7751      33.6225
    7752      33.3149
    7753      33.3711
    7754      33.1813
    7755      33.5240
    7756      33.2665
    7757      33.4567
    7758      32.8016
    7759      33.0935
    7760      32.8673
    7761      32.7178
    7762      33.0034
    7763      33.0617
    7764      33.2518
    7765      33.1526
    7766      33.5209
    7767      33.2050
    7768      33.3110
    7769      33.6186
    7770      33.0997
    7771      33.2591
    7772      33.3934
    7773      33.1100
    7774      32.9548
    7775      33.6810
    7776      33.7177
    7777      33.1056
    7778      33.4627
    7779      33.2380
    7780      33.1204
    7781      33.3086
    7782      33.3903
    7783      33.8770
    7784      33.8255
    7785      33.9685
    7786      33.7461
    7787      33.7823
    7788      34.4105
    7789      34.4735
    7790      34.2607
    7791      33.5763
    7792      33.7392
    7793      33.8433
    7794      34.0030
    7795      33.9961
    7796      33.6360
    7797      33.5335
    7798      33.7134
    7799      33.3575
    7800      33.4981
    7801      33.4644
    7802      33.5788
    7803      33.8391
    7804      33.8416
    7805      34.0669
    7806      33.6609
    7807      33.7098
    7808      33.5617
    7809      33.9638
    7810      33.6768
    7811      33.6630
    7812      33.3794
    7813      33.7319
    7814      33.4951
    7815      33.7566
    7816      33.5305
    7817      33.6309
    7818      33.3980
    7819      33.9694
    7820      33.7271
    7821      33.3662
    7822      33.0264
    7823      33.5821
    7824      33.1705
    7825      33.2208
    7826      32.6717
    7827      32.9879
    7828      33.0484
    7829      32.7903
    7830      32.6103
    7831      33.0393
    7832      32.9707
    7833      33.3048
    7834      33.4033
    7835      33.5614
    7836      33.3876
    7837      33.2382
    7838      33.2201
    7839      33.3651
    7840      33.1254
    7841      33.4924
    7842      34.0901
    7843      33.9070
    7844      33.1962
    7845      33.6353
    7846      33.4325
    7847      33.1317
    7848      33.2503
    7849      33.7480
    7850      33.5827
    7851      33.5784
    7852      33.5744
    7853      32.8736
    7854      32.9148
    7855      32.9460
    7856      33.1023
    7857      33.6639
    7858      33.4279
    7859      34.1803
    7860      33.4083
    7861      33.3467
    7862      33.5505
    7863      33.2349
    7864      33.9356
    7865      33.7463
    7866      33.5583
    7867      33.5606
    7868      33.1249
    7869      33.1343
    7870      33.5067
    7871      33.5976
    7872      33.3020
    7873      33.9846
    7874      33.5197
    7875      33.2932
    7876      34.1289
    7877      33.4391
    7878      33.6856
    7879      33.5716
    7880      33.3135
    7881      33.9048
    7882      33.8118
    7883      33.5320
    7884      33.6524
    7885      33.9173
    7886      33.9194
    7887      33.4057
    7888      33.5977
    7889      33.7356
    7890      33.6605
    7891      33.4374
    7892      33.3735
    7893      33.3576
    7894      33.7404
    7895      33.6503
    7896      33.3282
    7897      33.7739
    7898      33.4242
    7899      33.7063
    7900      33.9900
    7901      34.0881
    7902      33.7764
    7903      33.6971
    7904      33.3100
    7905      33.2721
    7906      33.5315
    7907      33.8583
    7908      33.5028
    7909      33.5329
    7910      33.7850
    7911      33.4170
    7912      33.5643
    7913      33.5931
    7914      33.6271
    7915      33.6948
    7916      33.7874
    7917      33.7025
    7918      34.0977
    7919      33.9420
    7920      33.6148
    7921      33.9121
    7922      34.0746
    7923      33.5625
    7924      33.7138
    7925      33.8116
    7926      33.9721
    7927      33.3883
    7928      33.5179
    7929      33.3682
    7930      33.6632
    7931      33.6345
    7932      33.5214
    7933      33.5158
    7934      33.8080
    7935      33.5960
    7936      33.9112
    7937      33.7246
    7938      33.4777
    7939      34.0678
    7940      33.8072
    7941      33.8960
    7942      33.8294
    7943      33.6273
    7944      34.0850
    7945      34.1807
    7946      33.9317
    7947      33.8124
    7948      33.5004
    7949      33.9150
    7950      33.3705
    7951      34.0279
    7952      34.0905
    7953      33.8881
    7954      33.7907
    7955      33.8286
    7956      33.7424
    7957      33.6444
    7958      33.6369
    7959      33.8887
    7960      33.7529
    7961      33.5046
    7962      33.9716
    7963      33.7982
    7964      33.9038
    7965      34.2178
    7966      33.9241
    7967      34.0513
    7968      33.6008
    7969      33.9553
    7970      34.0542
    7971      33.6923
    7972      34.0908
    7973      33.8463
    7974      33.4596
    7975      33.2516
    7976      33.4472
    7977      33.4738
    7978      33.4721
    7979      33.7100
    7980      33.9506
    7981      33.9549
    7982      33.5558
    7983      33.8843
    7984      34.0658
    7985      33.9582
    7986      33.7587
    7987      34.0956
    7988      34.0527
    7989      33.6807
    7990      34.2401
    7991      34.0804
    7992      33.7883
    7993      33.3831
    7994      33.8140
    7995      33.7605
    7996      33.9510
    7997      33.9577
    7998      34.1825
    7999      33.9483
    8000      33.5346
    8001      34.0026
    8002      33.7288
    8003      33.8860
    8004      34.2361
    8005      33.6580
    8006      33.9152
    8007      34.0404
    8008      33.3639
    8009      33.4387
    8010      33.6117
    8011      33.7223
    8012      33.7578
    8013      33.6109
    8014      33.6501
    8015      33.8461
    8016      33.1129
    8017      33.8280
    8018      33.3056
    8019      33.8556
    8020      33.6879
    8021      33.7189
    8022      33.5203
    8023      33.5873
    8024      33.8185
    8025      33.5759
    8026      32.9981
    8027      33.9314
    8028      33.8223
    8029      33.7662
    8030      33.6603
    8031      33.6845
    8032      33.4985
    8033      33.6924
    8034      33.4237
    8035      33.5682
    8036      33.4889
    8037      33.8467
    8038      33.7013
    8039      33.3166
    8040      33.6291
    8041      33.7230
    8042      33.3730
    8043      33.3002
    8044      33.6566
    8045      33.8816
    8046      33.8186
    8047      33.8548
    8048      33.7055
    8049      33.8224
    8050      33.8597
    8051      33.4546
    8052      33.7330
    8053      33.1945
    8054      33.2607
    8055      33.2574
    8056      33.2953
    8057      33.1514
    8058      33.4342
    8059      32.9900
    8060      33.4966
    8061      33.7938
    8062      33.6981
    8063      33.4216
    8064      34.0647
    8065      33.5076
    8066      33.2871
    8067      33.2771
    8068      33.3718
    8069      33.5590
    8070      33.3889
    8071      33.5618
    8072      33.8136
    8073      33.7198
    8074      33.5596
    8075      33.4991
    8076      33.4739
    8077      33.1712
    8078      33.2075
    8079      33.5399
    8080      33.5247
    8081      33.3577
    8082      33.5116
    8083      33.2767
    8084      33.4379
    8085      33.7938
    8086      33.3648
    8087      33.1654
    8088      33.5049
    8089      33.5991
    8090      33.5205
    8091      33.4050
    8092      33.3504
    8093      33.5986
    8094      33.4489
    8095      33.5328
    8096      33.4845
    8097      34.1533
    8098      33.6791
    8099      33.5266
    8100      33.4761
    8101      33.8244
    8102      33.6909
    8103      33.7053
    8104      33.7603
    8105      34.0506
    8106      33.9391
    8107      34.1011
    8108      33.6291
    8109      33.8017
    8110      33.8929
    8111      34.2708
    8112      34.2243
    8113      33.9701
    8114      34.2556
    8115      34.3145
    8116      34.3410
    8117      34.2390
    8118      34.2897
    8119      34.1003
    8120      33.4741
    8121      33.5896
    8122      33.7332
    8123      33.8801
    8124      33.4997
    8125      33.2045
    8126      33.5152
    8127      33.8334
    8128      33.6312
    8129      33.3477
    8130      33.6332
    8131      34.0512
    8132      33.7070
    8133      33.4666
    8134      33.9100
    8135      34.0762
    8136      34.1189
    8137      33.6318
    8138      33.5483
    8139      34.0805
    8140      33.9136
    8141      34.0994
    8142      33.4957
    8143      33.6700
    8144      34.2340
    8145      33.6542
    8146      33.5673
    8147      33.5938
    8148      33.9732
    8149      34.1083
    8150      33.9054
    8151      33.8099
    8152      33.6183
    8153      33.8837
    8154      33.9233
    8155      33.4825
    8156      33.8270
    8157      33.6884
    8158      33.7677
    8159      34.0732
    8160      33.9204
    8161      33.9234
    8162      33.5134
    8163      33.6617
    8164      33.8981
    8165      33.7268
    8166      33.4360
    8167      33.7764
    8168      33.4657
    8169      33.7622
    8170      33.7109
    8171      34.0398
    8172      33.7057
    8173      33.5849
    8174      33.4117
    8175      33.1042
    8176      33.1695
    8177      33.9090
    8178      33.7126
    8179      33.7267
    8180      33.7479
    8181      33.8481
    8182      33.7175
    8183      33.7424
    8184      33.9561
    8185      33.7069
    8186      33.5016
    8187      33.7291
    8188      33.7850
    8189      33.5450
    8190      33.6584
    8191      33.8163
    8192      33.6165
    8193      33.2063
    8194      33.2434
    8195      33.5130
    8196      33.8097
    8197      34.1393
    8198      33.4235
    8199      33.7988
    8200      33.0905
    8201      33.0726
    8202      33.3549
    8203      33.4404
    8204      33.6762
    8205      33.9041
    8206      33.4920
    8207      33.7008
    8208      33.9606
    8209      33.6075
    8210      33.4199
    8211      33.4087
    8212      33.1924
    8213      33.4314
    8214      33.5293
    8215      33.7456
    8216      33.6469
    8217      33.7271
    8218      33.4096
    8219      33.4313
    8220      33.6156
    8221      33.3000
    8222      33.3329
    8223      33.3225
    8224      33.4712
    8225      33.1964
    8226      33.4108
    8227      33.7051
    8228      33.7607
    8229      33.3095
    8230      33.6990
    8231      33.5053
    8232      33.4190
    8233      33.4663
    8234      33.7918
    8235      33.8982
    8236      33.7877
    8237      34.3509
    8238      33.2977
    8239      33.5116
    8240      33.4444
    8241      33.6893
    8242      33.4553
    8243      33.6333
    8244      33.4442
    8245      33.5110
    8246      33.5086
    8247      33.8198
    8248      33.3907
    8249      33.3808
    8250      33.4355
    8251      33.8384
    8252      33.7998
    8253      33.3065
    8254      33.1448
    8255      33.3500
    8256      33.4524
    8257      33.1296
    8258      33.2552
    8259      33.5920
    8260      33.2146
    8261      33.3740
    8262      33.2373
    8263      33.2942
    8264      33.2521
    8265      33.1580
    8266      33.6319
    8267      33.4537
    8268      33.8110
    8269      33.9840
    8270      33.7220
    8271      33.6952
    8272      32.8897
    8273      33.2860
    8274      33.7279
    8275      33.6350
    8276      33.9165
    8277      33.6784
    8278      33.7035
    8279      33.5158
    8280      33.5360
    8281      33.3672
    8282      33.4120
    8283      33.1632
    8284      32.9588
    8285      33.3771
    8286      33.5628
    8287      33.5310
    8288      33.5005
    8289      33.6040
    8290      33.5494
    8291      33.7275
    8292      33.3240
    8293      33.4826
    8294      33.7090
    8295      33.4768
    8296      33.2092
    8297      33.4731
    8298      33.5622
    8299      33.9705
    8300      33.8666
    8301      33.8203
    8302      33.4589
    8303      33.5513
    8304      33.5883
    8305      33.8218
    8306      33.6399
    8307      33.2363
    8308      33.6291
    8309      33.9637
    8310      33.5552
    8311      33.4834
    8312      33.1875
    8313      33.3917
    8314      33.2800
    8315      33.4719
    8316      33.6014
    8317      33.1571
    8318      33.0990
    8319      33.2667
    8320      33.2420
    8321      33.2086
    8322      33.3056
    8323      33.3414
    8324      33.6693
    8325      33.6706
    8326      33.9259
    8327      33.4406
    8328      33.7021
    8329      33.6404
    8330      33.4087
    8331      33.3844
    8332      33.5537
    8333      33.3930
    8334      33.4451
    8335      33.2369
    8336      33.4855
    8337      33.3176
    8338      33.4914
    8339      33.5038
    8340      33.1437
    8341      33.4738
    8342      33.9919
    8343      33.8899
    8344      33.5276
    8345      34.0418
    8346      34.1337
    8347      34.4668
    8348      33.7470
    8349      32.8771
    8350      33.3167
    8351      33.2357
    8352      32.9554
    8353      33.4127
    8354      33.5184
    8355      33.4603
    8356      33.8635
    8357      33.9975
    8358      33.8312
    8359      33.7295
    8360      33.4710
    8361      33.7687
    8362      33.4012
    8363      33.7828
    8364      33.4261
    8365      33.8228
    8366      33.6568
    8367      33.4154
    8368      33.3420
    8369      33.2877
    8370      33.3206
    8371      33.3075
    8372      33.4797
    8373      33.3134
    8374      33.4211
    8375      33.4309
    8376      33.6842
    8377      33.1330
    8378      33.4645
    8379      33.6882
    8380      33.4662
    8381      33.2999
    8382      33.5427
    8383      33.4599
    8384      33.1945
    8385      33.2851
    8386      33.5875
    8387      33.7087
    8388      33.0828
    8389      32.9847
    8390      33.1881
    8391      33.4359
    8392      33.7031
    8393      33.7094
    8394      34.0910
    8395      33.8488
    8396      33.9612
    8397      34.1035
    8398      34.1115
    8399      34.1339
    8400      34.4349
    8401      34.4457
    8402      34.3649
    8403      34.5669
    8404      34.4068
    8405      34.3896
    8406      33.8957
    8407      34.2056
    8408      34.0461
    8409      34.3572
    8410      33.7978
    8411      33.6848
    8412      33.6899
    8413      33.8681
    8414      33.8817
    8415      33.5139
    8416      33.4651
    8417      33.3082
    8418      33.4391
    8419      33.5388
    8420      34.0944
    8421      33.4487
    8422      33.4249
    8423      33.5861
    8424      33.2822
    8425      33.7759
    8426      33.1401
    8427      33.6785
    8428      34.0668
    8429      33.5344
    8430      33.7535
    8431      33.7640
    8432      34.3538
    8433      33.5796
    8434      33.5952
    8435      33.3446
    8436      33.7136
    8437      34.0615
    8438      33.7910
    8439      33.7188
    8440      33.4909
    8441      33.1804
    8442      33.4555
    8443      32.9015
    8444      33.1966
    8445      32.5539
    8446      32.7536
    8447      32.8778
    8448      33.0172
    8449      32.9548
    8450      32.8610
    8451      33.4832
    8452      33.2197
    8453      33.6920
    8454      33.3993
    8455      32.9327
    8456      33.9939
    8457      33.7655
    8458      33.7198
    8459      33.5307
    8460      33.3063
    8461      33.7854
    8462      33.5581
    8463      33.8137
    8464      33.5752
    8465      34.0660
    8466      34.0363
    8467      33.7242
    8468      34.0473
    8469      33.5536
    8470      33.4710
    8471      33.7546
    8472      33.3998
    8473      33.2213
    8474      33.2686
    8475      33.4030
    8476      33.6184
    8477      33.6049
    8478      33.7910
    8479      34.0784
    8480      33.8872
    8481      33.8266
    8482      33.6988
    8483      33.6671
    8484      33.3771
    8485      33.3934
    8486      33.3196
    8487      33.4963
    8488      33.4762
    8489      33.4725
    8490      33.3221
    8491      33.6226
    8492      33.6072
    8493      33.6135
    8494      33.4671
    8495      33.5816
    8496      33.6754
    8497      33.0444
    8498      33.0849
    8499      32.8330
    8500      32.8313
    8501      33.3246
    8502      33.2698
    8503      33.3604
    8504      33.7258
    8505      33.5665
    8506      33.3393
    8507      33.1459
    8508      33.7882
    8509      33.3359
    8510      33.6828
    8511      33.5578
    8512      34.1697
    8513      33.7314
    8514      33.9576
    8515      33.7218
    8516      34.1352
    8517      33.1735
    8518      33.5900
    8519      33.6774
    8520      33.6749
    8521      33.7104
    8522      33.9266
    8523      34.0156
    8524      33.8019
    8525      33.8073
    8526      34.0928
    8527      33.8479
    8528      33.9430
    8529      33.7554
    8530      33.6720
    8531      33.4183
    8532      34.1239
    8533      34.1447
    8534      33.6324
    8535      33.9225
    8536      33.8521
    8537      33.2569
    8538      33.3390
    8539      33.4414
    8540      33.6258
    8541      33.3035
    8542      33.3682
    8543      33.5634
    8544      33.8475
    8545      33.8217
    8546      34.1380
    8547      33.7727
    8548      33.7545
    8549      33.8623
    8550      33.5413
    8551      33.2660
    8552      33.4242
    8553      33.2627
    8554      33.0622
    8555      33.3468
    8556      33.1007
    8557      33.4858
    8558      33.1916
    8559      33.2583
    8560      33.4696
    8561      33.5269
    8562      33.4560
    8563      33.3327
    8564      33.3943
    8565      33.5854
    8566      33.7456
    8567      33.6740
    8568      33.3026
    8569      33.6558
    8570      34.0135
    8571      33.8248
    8572      33.9872
    8573      33.7244
    8574      33.7810
    8575      34.4568
    8576      34.3979
    8577      34.1331
    8578      33.8353
    8579      33.5534
    8580      34.0005
    8581      34.0663
    8582      33.7560
    8583      33.6714
    8584      33.4616
    8585      33.5163
    8586      33.5847
    8587      33.3937
    8588      33.7862
    8589      33.5255
    8590      33.2327
    8591      33.2328
    8592      33.4982
    8593      33.2703
    8594      33.7120
    8595      33.5754
    8596      33.7404
    8597      33.5565
    8598      33.3541
    8599      33.4041
    8600      33.4209
    8601      33.1143
    8602      33.4214
    8603      33.3515
    8604      33.3579
    8605      33.4918
    8606      33.4853
    8607      33.3957
    8608      33.4567
    8609      33.7541
    8610      33.8981
    8611      33.8536
    8612      33.6799
    8613      33.8905
    8614      33.8229
    8615      34.0715
    8616      34.0999
    8617      33.7396
    8618      34.1559
    8619      34.2788
    8620      33.9348
    8621      34.2192
    8622      33.9475
    8623      34.2170
    8624      33.5906
    8625      33.4862
    8626      33.7428
    8627      34.0667
    8628      33.8053
    8629      34.1381
    8630      34.1390
    8631      33.8567
    8632      33.6758
    8633      33.8705
    8634      33.9064
    8635      33.8871
    8636      33.8367
    8637      33.3635
    8638      33.4560
    8639      33.8212
    8640      33.7275
    8641      34.1653
    8642      33.9504
    8643      33.8124
    8644      34.0370
    8645      34.0510
    8646      33.9266
    8647      33.3296
    8648      33.6756
    8649      33.8855
    8650      34.0997
    8651      33.9840
    8652      33.5946
    8653      33.7885
    8654      33.6713
    8655      33.3586
    8656      33.8184
    8657      33.7222
    8658      33.9837
    8659      33.6859
    8660      33.4497
    8661      33.7764
    8662      34.0627
    8663      33.9140
    8664      33.3298
    8665      33.6467
    8666      33.3302
    8667      33.4184
    8668      33.1197
    8669      33.1717
    8670      33.4904
    8671      33.3893
    8672      33.3992
    8673      33.4293
    8674      32.8910
    8675      33.5739
    8676      33.2929
    8677      33.5411
    8678      33.5664
    8679      33.9303
    8680      34.1597
    8681      34.0891
    8682      33.9285
    8683      33.4355
    8684      34.0367
    8685      34.0547
    8686      34.0741
    8687      33.4913
    8688      33.6379
    8689      34.1155
    8690      33.7033
    8691      33.8292
    8692      33.9642
    8693      33.8091
    8694      33.6093
    8695      33.6763
    8696      33.2441
    8697      33.4545
    8698      33.7900
    8699      33.2527
    8700      33.9718
    8701      33.4720
    8702      33.7786
    8703      33.5679
    8704      33.8739
    8705      33.8596
    8706      34.1178
    8707      34.3377
    8708      34.2778
    8709      34.2142
    8710      34.3340
    8711      34.1567
    8712      34.1189
    8713      33.9581
    8714      34.2249
    8715      33.7491
    8716      33.6244
    8717      33.7326
    8718      34.0862
    8719      33.5174
    8720      33.7324
    8721      33.5817
    8722      33.9107
    8723      33.5660
    8724      33.2880
    8725      33.2995
    8726      33.4485
    8727      33.4904
    8728      33.7732
    8729      33.6453
    8730      33.6434
    8731      34.4415
    8732      34.7680
    8733      34.5943
    8734      34.0822
    8735      34.5100
    8736      34.4659
    8737      34.5334
    8738      34.4372
    8739      34.2116
    8740      34.5110
    8741      33.9305
    8742      33.9750
    8743      34.0885
    8744      33.8590
    8745      34.0465
    8746      34.0630
    8747      34.1474
    8748      33.8778
    8749      34.0813
    8750      33.7732
    8751      34.0905
    8752      33.8412
    8753      33.7804
    8754      33.5120
    8755      34.0576
    8756      34.0399
    8757      33.6804
    8758      33.7728
    8759      34.5869
    8760      34.1582
    8761      34.1738
    8762      34.0460
    8763      34.0897
    8764      34.0930
    8765      34.0376
    8766      34.0753
    8767      34.4763
    8768      34.1185
    8769      33.8407
    8770      34.1636
    8771      33.7947
    8772      33.4580
    8773      34.2354
    8774      33.7874
    8775      34.0532
    8776      33.9716
    8777      34.2903
    8778      33.6676
    8779      33.8004
    8780      34.1492
    8781      33.6996
    8782      33.9948
    8783      33.9263
    8784      33.9703
    8785      34.0323
    8786      33.9958
    8787      34.2048
    8788      34.3223
    8789      34.4881
    8790      34.6851
    8791      34.2745
    8792      34.5480
    8793      34.3213
    8794      34.0781
    8795      33.9974
    8796      34.5147
    8797      34.8622
    8798      34.2117
    8799      34.0302
    8800      34.5766
    8801      34.6330
    8802      34.0316
    8803      34.3419
    8804      33.8749
    8805      33.5873
    8806      33.8122
    8807      33.6193
    8808      33.7851
    8809      33.6576
    8810      33.2801
    8811      33.3491
    8812      33.6576
    8813      33.9663
    8814      33.8627
    8815      33.7943
    8816      33.5184
    8817      33.3861
    8818      33.8051
    8819      33.5197
    8820      33.8936
    8821      33.2791
    8822      34.0220
    8823      33.7627
    8824      34.1209
    8825      33.9882
    8826      33.5617
    8827      33.7306
    8828      33.9383
    8829      33.7868
    8830      33.6633
    8831      33.3624
    8832      33.3197
    8833      33.5449
    8834      33.5505
    8835      33.7180
    8836      33.6720
    8837      33.6213
    8838      33.3278
    8839      33.4745
    8840      33.3533
    8841      33.5658
    8842      33.7051
    8843      33.5478
    8844      33.8909
    8845      33.7835
    8846      33.7340
    8847      33.7991
    8848      33.8416
    8849      33.4905
    8850      33.6687
    8851      33.4636
    8852      33.5571
    8853      33.8093
    8854      33.6522
    8855      33.5545
    8856      33.6401
    8857      33.3376
    8858      33.5467
    8859      33.1304
    8860      33.1768
    8861      33.0772
    8862      33.3144
    8863      33.0820
    8864      32.8085
    8865      33.1937
    8866      33.0774
    8867      33.3836
    8868      33.5184
    8869      33.5841
    8870      33.4539
    8871      33.3143
    8872      33.3377
    8873      33.5651
    8874      33.3638
    8875      33.6281
    8876      33.2036
    8877      33.3469
    8878      34.0784
    8879      33.3788
    8880      33.3395
    8881      33.3563
    8882      33.1778
    8883      33.3305
    8884      33.3227
    8885      33.2729
    8886      33.7066
    8887      33.5258
    8888      33.3868
    8889      33.3474
    8890      33.4322
    8891      33.2171
    8892      33.2828
    8893      33.5085
    8894      33.6505
    8895      33.6798
    8896      33.4225
    8897      33.3144
    8898      33.3746
    8899      33.6848
    8900      33.3703
    8901      33.4563
    8902      33.7385
    8903      33.2887
    8904      33.3326
    8905      33.1784
    8906      33.1294
    8907      32.9970
    8908      33.1871
    8909      33.3928
    8910      32.8609
    8911      33.4194
    8912      33.2525
    8913      33.6168
    8914      33.6253
    8915      33.2805
    8916      33.7221
    8917      33.7750
    8918      33.4102
    8919      33.5503
    8920      33.2090
    8921      33.4654
    8922      33.8075
    8923      33.3724
    8924      33.1208
    8925      33.2964
    8926      32.9903
    8927      32.9996
    8928      33.3740
    8929      33.3767
    8930      33.2944
    8931      33.6716
    8932      33.4367
    8933      33.5010
    8934      33.4032
    8935      33.1735
    8936      33.2577
    8937      33.0773
    8938      33.0265
    8939      33.1624
    8940      33.3991
    8941      33.0636
    8942      33.3548
    8943      33.3374
    8944      33.3431
    8945      33.2907
    8946      33.3450
    8947      33.5812
    8948      33.5912
    8949      33.2442
    8950      33.5981
    8951      33.5816
    8952      33.2899
    8953      33.6584
    8954      33.4943
    8955      33.5133
    8956      33.8091
    8957      33.2672
    8958      33.2657
    8959      32.9752
    8960      33.0302
    8961      33.3924
    8962      33.1722
    8963      33.3910
    8964      33.4488
    8965      33.7488
    8966      33.5605
    8967      33.2072
    8968      33.5694
    8969      33.7692
    8970      33.5716
    8971      33.9360
    8972      33.6880
    8973      33.3809
    8974      33.3063
    8975      33.4312
    8976      33.7651
    8977      33.9526
    8978      34.1585
    8979      33.7211
    8980      33.6893
    8981      33.6623
    8982      33.3878
    8983      33.3602
    8984      33.6338
    8985      33.7721
    8986      33.5709
    8987      33.7239
    8988      33.2264
    8989      33.3611
    8990      33.5479
    8991      33.3349
    8992      33.1754
    8993      33.4180
    8994      33.3168
    8995      33.5899
    8996      33.2407
    8997      33.5116
    8998      33.4740
    8999      33.2924
    9000      33.3771
    9001      33.1103
    9002      33.5055
    9003      33.9241
    9004      33.5627
    9005      33.7321
    9006      33.3790
    9007      33.0028
    9008      33.4357
    9009      33.5054
    9010      33.6485
    9011      33.5830
    9012      34.0051
    9013      34.0504
    9014      33.4215
    9015      33.5514
    9016      33.7916
    9017      33.7953
    9018      33.7762
    9019      33.4734
    9020      33.6430
    9021      33.2454
    9022      33.2358
    9023      33.5759
    9024      33.5107
    9025      33.2656
    9026      33.2249
    9027      33.2578
    9028      33.7015
    9029      33.1979
    9030      33.3672
    9031      33.1090
    9032      33.1482
    9033      33.0758
    9034      33.3389
    9035      33.1495
    9036      32.8761
    9037      33.2334
    9038      33.1178
    9039      33.2379
    9040      32.8436
    9041      33.3087
    9042      33.1978
    9043      32.9867
    9044      33.3274
    9045      33.3485
    9046      32.9730
    9047      33.2745
    9048      33.3231
    9049      33.6624
    9050      33.9755
    9051      33.6252
    9052      33.8225
    9053      33.5717
    9054      33.5914
    9055      33.6640
    9056      34.0133
    9057      34.0976
    9058      33.9795
    9059      34.2106
    9060      34.1474
    9061      33.9928
    9062      33.6137
    9063      33.6251
    9064      33.6718
    9065      33.5478
    9066      33.4300
    9067      33.4965
    9068      33.7455
    9069      33.6153
    9070      33.8048
    9071      33.9131
    9072      33.1907
    9073      33.7393
    9074      33.4279
    9075      33.4224
    9076      33.5102
    9077      33.6178
    9078      33.4262
    9079      33.8411
    9080      33.7683
    9081      33.4498
    9082      33.7925
    9083      33.6960
    9084      33.5765
    9085      33.4692
    9086      33.4815
    9087      33.7158
    9088      34.0163
    9089      33.9938
    9090      34.1329
    9091      33.7579
    9092      34.0242
    9093      33.8769
    9094      33.7099
    9095      33.9219
    9096      33.2154
    9097      33.5908
    9098      33.5519
    9099      33.8573
    9100      33.7045
    9101      33.8212
    9102      34.0986
    9103      33.7032
    9104      33.2867
    9105      33.7593
    9106      33.6291
    9107      33.8077
    9108      33.9671
    9109      33.5809
    9110      33.6440
    9111      33.6905
    9112      33.3730
    9113      33.6673
    9114      33.3559
    9115      33.7255
    9116      33.0928
    9117      33.4420
    9118      33.3299
    9119      33.6008
    9120      33.7649
    9121      33.6785
    9122      33.8074
    9123      33.4919
    9124      33.7106
    9125      33.7765
    9126      33.5041
    9127      33.8020
    9128      33.6703
    9129      33.6709
    9130      33.8489
    9131      33.3794
    9132      33.5600
    9133      33.4778
    9134      33.7637
    9135      33.6567
    9136      33.9402
    9137      33.7141
    9138      33.8294
    9139      33.6499
    9140      33.8556
    9141      33.7165
    9142      33.8607
    9143      34.1341
    9144      33.5528
    9145      33.4609
    9146      33.5400
    9147      33.0095
    9148      33.2235
    9149      33.7947
    9150      33.5621
    9151      33.5068
    9152      33.3305
    9153      33.1411
    9154      33.4876
    9155      33.5115
    9156      33.7171
    9157      33.6632
    9158      33.7243
    9159      33.3144
    9160      33.5070
    9161      33.1849
    9162      33.8748
    9163      33.5198
    9164      33.0227
    9165      33.6379
    9166      33.6802
    9167      33.3351
    9168      33.4674
    9169      33.6124
    9170      33.3057
    9171      33.5459
    9172      33.2977
    9173      33.5181
    9174      33.9586
    9175      33.5811
    9176      33.3009
    9177      33.3649
    9178      33.0146
    9179      33.2734
    9180      33.5623
    9181      34.1994
    9182      33.9035
    9183      33.6939
    9184      33.5975
    9185      33.8290
    9186      33.3517
    9187      33.2961
    9188      33.4596
    9189      33.8924
    9190      33.5851
    9191      33.6398
    9192      33.7342
    9193      33.4510
    9194      33.7876
    9195      33.7437
    9196      33.4265
    9197      33.5337
    9198      33.7578
    9199      33.2921
    9200      33.0860
    9201      33.2716
    9202      33.5524
    9203      33.8100
    9204      33.5731
    9205      33.4758
    9206      33.0509
    9207      33.2628
    9208      33.1225
    9209      33.5220
    9210      33.8603
    9211      33.4854
    9212      33.7441
    9213      33.3902
    9214      33.8040
    9215      33.4551
    9216      33.2736
    9217      33.1013
    9218      33.4871
    9219      33.6812
    9220      33.3160
    9221      33.1198
    9222      33.4268
    9223      33.2303
    9224      33.1519
    9225      33.8178
    9226      33.3851
    9227      33.6408
    9228      33.3531
    9229      33.7760
    9230      33.6818
    9231      33.1388
    9232      33.2528
    9233      33.5706
    9234      33.5155
    9235      33.1855
    9236      33.3939
    9237      33.4544
    9238      33.3419
    9239      33.2497
    9240      33.4064
    9241      33.2351
    9242      33.6609
    9243      33.5525
    9244      33.3576
    9245      33.2404
    9246      33.1404
    9247      33.3820
    9248      33.3134
    9249      33.0310
    9250      33.5413
    9251      32.8436
    9252      32.9256
    9253      33.1067
    9254      33.1766
    9255      33.4304
    9256      33.4337
    9257      33.3101
    9258      33.8235
    9259      33.7325
    9260      33.8090
    9261      33.7300
    9262      33.6042
    9263      33.5272
    9264      33.6957
    9265      34.2621
    9266      33.9689
    9267      33.7654
    9268      33.6885
    9269      33.7627
    9270      33.8517
    9271      33.9012
    9272      34.0881
    9273      33.9897
    9274      33.9732
    9275      33.9098
    9276      33.9280
    9277      33.6769
    9278      33.4096
    9279      33.3722
    9280      33.5466
    9281      33.5124
    9282      33.9615
    9283      34.1334
    9284      34.1360
    9285      34.1553
    9286      33.4795
    9287      33.6278
    9288      33.7012
    9289      33.4098
    9290      33.0885
    9291      33.5252
    9292      33.4792
    9293      33.9878
    9294      33.7092
    9295      33.5600
    9296      33.8875
    9297      33.5255
    9298      33.5139
    9299      33.3673
    9300      33.4960
    9301      33.3744
    9302      33.4402
    9303      33.5539
    9304      33.2632
    9305      33.1268
    9306      33.2830
    9307      33.4468
    9308      33.4487
    9309      33.3772
    9310      33.7866
    9311      33.6669
    9312      33.3225
    9313      33.4448
    9314      33.4413
    9315      33.4053
    9316      33.6346
    9317      33.3659
    9318      33.8486
    9319      33.6785
    9320      32.8510
    9321      33.3328
    9322      33.2300
    9323      33.3693
    9324      33.4101
    9325      33.5088
    9326      33.4738
    9327      33.5900
    9328      33.3062
    9329      33.7463
    9330      33.4047
    9331      33.6867
    9332      33.5235
    9333      34.0370
    9334      33.5543
    9335      33.7365
    9336      33.4953
    9337      34.1865
    9338      33.7452
    9339      33.6453
    9340      34.2584
    9341      33.8758
    9342      34.2852
    9343      33.9827
    9344      34.3213
    9345      34.7099
    9346      33.8235
    9347      34.2960
    9348      34.0311
    9349      33.8122
    9350      34.0820
    9351      34.1955
    9352      33.8372
    9353      34.4848
    9354      34.2908
    9355      34.6161
    9356      34.3207
    9357      33.6601
    9358      33.6525
    9359      33.4622
    9360      33.3442
    9361      34.0194
    9362      34.2640
    9363      33.6094
    9364      33.8857
    9365      33.7426
    9366      33.6999
    9367      33.4989
    9368      33.3524
    9369      33.5263
    9370      33.3444
    9371      33.6323
    9372      33.7105
    9373      33.8340
    9374      34.4281
    9375      34.3609
    9376      33.7772
    9377      33.7404
    9378      33.7915
    9379      33.8257
    9380      34.3667
    9381      34.0041
    9382      34.0959
    9383      34.0307
    9384      34.0478
    9385      34.2529
    9386      34.6732
    9387      34.3310
    9388      34.2149
    9389      34.0515
    9390      33.7984
    9391      34.3443
    9392      34.5627
    9393      34.7713
    9394      34.8887
    9395      34.7471
    9396      34.6831
    9397      34.2394
    9398      35.2499
    9399      35.1253
    9400      34.7547
    9401      34.6494
    9402      34.7354
    9403      34.9868
    9404      34.4930
    9405      34.9281
    9406      34.9844
    9407      35.4327
    9408      35.3106
    9409      34.9967
    9410      35.1841
    9411      34.6473
    9412      35.2363
    9413      34.9386
    9414      35.2490
    9415      34.4682
    9416      34.0080
    9417      34.3748
    9418      33.6791
    9419      34.4973
    9420      34.0837
    9421      34.8176
    9422      34.4499
    9423      34.5920
    9424      34.5082
    9425      34.6745
    9426      34.5582
    9427      34.8951
    9428      34.8863
    9429      35.0506
    9430      34.7766
    9431      34.5436
    9432      35.1987
    9433      35.0848
    9434      34.5971
    9435      34.8837
    9436      35.0891
    9437      34.8982
    9438      34.8635
    9439      34.8351
    9440      34.6633
    9441      34.7585
    9442      34.6316
    9443      34.5204
    9444      34.9388
    9445      34.8665
    9446      34.5983
    9447      34.4784
    9448      34.3942
    9449      35.0052
    9450      34.8177
    9451      34.9857
    9452      35.1673
    9453      34.8756
    9454      34.4899
    9455      34.6794
    9456      34.8244
    9457      34.7288
    9458      34.8181
    9459      34.6710
    9460      34.5539
    9461      34.7584
    9462      34.4439
    9463      34.6350
    9464      34.2351
    9465      34.5072
    9466      34.5140
    9467      34.2696
    9468      34.3312
    9469      34.9787
    9470      34.8347
    9471      34.7790
    9472      34.7178
    9473      34.5778
    9474      35.0783
    9475      35.0738
    9476      34.9569
    9477      34.9530
    9478      34.8391
    9479      35.1730
    9480      35.0280
    9481      35.1429
    9482      34.9509
    9483      34.9240
    9484      34.9734
    9485      34.6736
    9486      34.8806
    9487      34.8248
    9488      35.3075
    9489      34.8876
    9490      35.0662
    9491      35.2988
    9492      35.1978
    9493      34.9115
    9494      34.7006
    9495      34.7010
    9496      34.6948
    9497      35.0510
    9498      35.1891
    9499      35.0636
    9500      35.4109
    9501      35.6104
    9502      35.1238
    9503      35.2355
    9504      34.7070
    9505      34.4166
    9506      34.6144
    9507      35.2028
    9508      35.0176
    9509      34.9071
    9510      34.6357
    9511      34.8205
    9512      34.8960
    9513      34.8236
    9514      34.7860
    9515      34.7676
    9516      34.8289
    9517      34.8004
    9518      35.2117
    9519      35.0872
    9520      35.1170
    9521      34.8863
    9522      34.8137
    9523      34.9053
    9524      34.9155
    9525      34.9686
    9526      34.9712
    9527      35.1948
    9528      34.9812
    9529      35.0228
    9530      35.0643
    9531      35.0088
    9532      34.4653
    9533      34.5307
    9534      34.5315
    9535      34.5612
    9536      34.9433
    9537      34.9912
    9538      34.8764
    9539      34.8371
    9540      34.7811
    9541      34.5279
    9542      34.7190
    9543      34.7449
    9544      34.7644
    9545      34.8235
    9546      34.7043
    9547      34.7355
    9548      34.3109
    9549      34.5659
    9550      34.5099
    9551      34.4700
    9552      34.3200
    9553      34.7892
    9554      34.8815
    9555      34.5827
    9556      34.8836
    9557      34.8902
    9558      34.4260
    9559      34.4971
    9560      34.4021
    9561      34.8470
    9562      34.5373
    9563      34.4524
    9564      34.6333
    9565      34.3280
    9566      34.6209
    9567      34.3849
    9568      34.3402
    9569      34.3894
    9570      34.1617
    9571      34.3770
    9572      34.3950
    9573      34.4662
    9574      33.6852
    9575      34.3951
    9576      34.2624
    9577      34.1053
    9578      34.0228
    9579      34.0402
    9580      34.4296
    9581      34.2774
    9582      34.3193
    9583      34.4135
    9584      34.5848
    9585      34.7215
    9586      34.6756
    9587      34.2788
    9588      34.5429
    9589      34.1602
    9590      34.4413
    9591      34.5611
    9592      34.7042
    9593      34.3514
    9594      34.4901
    9595      34.1354
    9596      34.3181
    9597      34.2971
    9598      34.4613
    9599      33.7554
    9600      34.0150
    9601      34.2284
    9602      34.6040
    9603      34.6462
    9604      34.6905
    9605      34.5186
    9606      34.5244
    9607      34.8462
    9608      34.7422
    9609      34.2451
    9610      34.3586
    9611      34.5476
    9612      34.1638
    9613      34.5354
    9614      34.4298
    9615      34.0203
    9616      34.4355
    9617      33.7716
    9618      33.6565
    9619      33.8658
    9620      33.4771
    9621      34.0089
    9622      33.7552
    9623      33.8010
    9624      33.5511
    9625      33.8626
    9626      33.6936
    9627      33.8354
    9628      34.0329
    9629      34.0776
    9630      34.2306
    9631      34.2948
    9632      34.9015
    9633      34.4971
    9634      34.1604
    9635      34.3719
    9636      34.1725
    9637      34.1135
    9638      34.0764
    9639      34.0033
    9640      34.2607
    9641      34.3332
    9642      34.2991
    9643      34.3029
    9644      33.9605
    9645      34.0689
    9646      33.9366
    9647      33.6591
    9648      33.6166
    9649      34.5737
    9650      33.9792
    9651      34.1455
    9652      34.0947
    9653      34.1164
    9654      34.0858
    9655      34.1524
    9656      33.7786
    9657      33.5827
    9658      34.0388
    9659      34.3044
    9660      34.2221
    9661      34.2313
    9662      33.5220
    9663      33.5136
    9664      34.1588
    9665      33.9509
    9666      34.1706
    9667      34.4399
    9668      34.0899
    9669      34.3633
    9670      34.4276
    9671      34.4758
    9672      34.1704
    9673      34.5489
    9674      34.3159
    9675      34.3578
    9676      34.1673
    9677      34.0328
    9678      34.2563
    9679      34.2245
    9680      34.5425
    9681      34.1228
    9682      34.0656
    9683      34.0249
    9684      33.9627
    9685      34.4437
    9686      34.3371
    9687      33.7080
    9688      34.2136
    9689      33.8740
    9690      33.4173
    9691      33.7425
    9692      33.7506
    9693      33.7579
    9694      33.4538
    9695      33.6306
    9696      34.0129
    9697      33.4780
    9698      33.4900
    9699      34.2592
    9700      34.1565
    9701      34.1544
    9702      33.9516
    9703      34.5279
    9704      34.2345
    9705      34.1109
    9706      34.5028
    9707      34.1107
    9708      34.0179
    9709      33.6589
    9710      34.0349
    9711      34.2518
    9712      34.4285
    9713      34.3035
    9714      34.6498
    9715      34.2917
    9716      34.1409
    9717      34.3502
    9718      34.7974
    9719      34.5134
    9720      35.0166
    9721      34.8975
    9722      35.1412
    9723      34.5917
    9724      34.8816
    9725      34.6718
    9726      34.4460
    9727      34.6807
    9728      34.7565
    9729      35.0348
    9730      34.7138
    9731      34.2976
    9732      34.6133
    9733      34.5215
    9734      34.5676
    9735      34.6925
    9736      34.6471
    9737      34.3522
    9738      34.2121
    9739      34.5447
    9740      34.5659
    9741      34.2367
    9742      34.1996
    9743      34.4191
    9744      34.6232
    9745      34.5030
    9746      34.9208
    9747      34.2435
    9748      34.1348
    9749      34.2459
    9750      34.3978
    9751      34.5355
    9752      34.7218
    9753      34.5559
    9754      34.4532
    9755      34.5391
    9756      34.7406
    9757      34.3748
    9758      34.8006
    9759      34.4722
    9760      34.4512
    9761      34.6427
    9762      34.7070
    9763      34.7062
    9764      34.7191
    9765      34.7019
    9766      34.6672
    9767      34.9044
    9768      34.4116
    9769      34.8238
    9770      34.7013
    9771      34.7564
    9772      34.7636
    9773      34.9516
    9774      34.7134
    9775      34.8580
    9776      35.1433
    9777      34.7551
    9778      34.8300
    9779      35.0482
    9780      35.1228
    9781      34.6919
    9782      34.7897
    9783      35.1669
    9784      35.6416
    9785      35.3853
    9786      35.1063
    9787      34.8762
    9788      34.4359
    9789      35.0040
    9790      34.6331
    9791      34.3926
    9792      34.4544
    9793      34.8558
    9794      34.7728
    9795      34.3870
    9796      34.3205
    9797      34.4677
    9798      34.1893
    9799      34.6980
    9800      34.8929
    9801      34.4983
    9802      34.6182
    9803      34.5898
    9804      34.6295
    9805      34.4956
    9806      34.5152
    9807      34.8896
    9808      34.5599
    9809      34.2308
    9810      35.1238
    9811      34.9930
    9812      34.7602
    9813      34.5442
    9814      34.7056
    9815      34.8659
    9816      34.8470
    9817      34.4756
    9818      34.9788
    9819      34.9472
    9820      34.7561
    9821      35.1002
    9822      34.8364
    9823      35.0970
    9824      34.7631
    9825      34.6529
    9826      34.5983
    9827      34.9395
    9828      34.6172
    9829      34.5230
    9830      34.6825
    9831      34.7002
    9832      34.7755
    9833      34.7255
    9834      34.8531
    9835      35.0815
    9836      34.6083
    9837      34.6264
    9838      34.1223
    9839      34.4963
    9840      34.2587
    9841      34.4302
    9842      34.4862
    9843      34.4281
    9844      34.5461
    9845      34.6645
    9846      34.7215
    9847      34.9959
    9848      34.7651
    9849      34.3199
    9850      34.1976
    9851      34.6462
    9852      34.9298
    9853      34.7947
    9854      34.8820
    9855      34.8507
    9856      34.7702
    9857      34.8036
    9858      34.5799
    9859      34.6626
    9860      34.8350
    9861      34.6082
    9862      34.7949
    9863      34.8035
    9864      34.7589
    9865      34.8722
    9866      34.7622
    9867      34.6292
    9868      34.5277
    9869      34.7147
    9870      34.1899
    9871      34.2589
    9872      34.4316
    9873      34.8462
    9874      34.2813
    9875      34.6555
    9876      34.4792
    9877      34.5848
    9878      34.5278
    9879      34.5158
    9880      34.6112
    9881      34.7632
    9882      34.5387
    9883      34.2831
    9884      34.7606
    9885      34.3208
    9886      34.5728
    9887      34.3859
    9888      34.2359
    9889      34.0641
    9890      34.1149
    9891      33.9533
    9892      34.2886
    9893      34.3794
    9894      34.3411
    9895      34.2902
    9896      34.2841
    9897      34.5852
    9898      34.6961
    9899      33.9875
    9900      34.3482
    9901      34.2851
    9902      34.0442
    9903      33.9589
    9904      34.1977
    9905      34.2628
    9906      34.6802
    9907      34.4016
    9908      34.6901
    9909      34.3632
    9910      34.2848
    9911      34.1597
    9912      34.1854
    9913      34.4430
    9914      34.1936
    9915      34.2354
    9916      34.9706
    9917      34.6983
    9918      34.4268
    9919      34.3080
    9920      34.1640
    9921      34.3228
    9922      34.6465
    9923      34.6031
    9924      34.3489
    9925      34.6067
    9926      34.5088
    9927      34.4514
    9928      34.5332
    9929      34.8057
    9930      34.2762
    9931      34.3800
    9932      34.4488
    9933      34.2168
    9934      34.4230
    9935      34.0824
    9936      34.0260
    9937      33.9448
    9938      34.0405
    9939      34.4844
    9940      33.9948
    9941      34.1031
    9942      34.1733
    9943      34.1649
    9944      34.1557
    9945      34.2984
    9946      34.3144
    9947      34.2631
    9948      33.9733
    9949      34.0556
    9950      33.9433
    9951      33.9396
    9952      33.9093
    9953      34.2265
    9954      34.4617
    9955      34.5122
    9956      34.5051
    9957      34.0788
    9958      34.8311
    9959      34.4469
    9960      34.8122
    9961      35.2394
    9962      34.2696
    9963      34.4735
    9964      34.2870
    9965      34.6633
    9966      34.4682
    9967      34.6885
    9968      34.4316
    9969      34.1038
    9970      34.1804
    9971      34.4648
    9972      34.4844
    9973      34.6225
    9974      34.4821
    9975      34.6157
    9976      34.4054
    9977      34.4296
    9978      34.3367
    9979      34.5935
    9980      34.5250
    9981      34.6029
    9982      34.8070
    9983      34.0421
    9984      34.0663
    9985      34.3675
    9986      34.1391
    9987      34.6152
    9988      34.6020
    9989      34.5179
    9990      34.4084
    9991      34.3608
    9992      34.5220
    9993      34.3885
    9994      34.3228
    9995      34.2274
    9996      34.3911
    9997      34.0323
    9998      34.3378
    9999      34.7735
   10000      34.4428
   10001      34.5075
   10002      34.0780
   10003      34.5340
   10004      34.0208
   10005      33.9635
   10006      34.2733
   10007      33.8915
   10008      33.9329
   10009      34.1591
   10010      34.0735
   10011      34.2838
   10012      34.3611
   10013      34.2387
   10014      34.5123
   10015      34.3080
   10016      34.5687
   10017      34.4853
   10018      34.7769
   10019      34.5319
   10020      34.7584
   10021      34.7472
   10022      34.6986
   10023      34.7936
   10024      35.2556
   10025      34.7347
   10026      34.6512
   10027      34.8696
   10028      34.6592
   10029      34.7771
   10030      35.1235
   10031      34.5281
   10032      34.7354
   10033      34.7511
   10034      34.2793
   10035      34.7091
   10036      34.5789
   10037      34.3808
   10038      34.8768
   10039      34.8892
   10040      34.8212
   10041      34.3781
   10042      34.7455
   10043      34.5303
   10044      34.7577
   10045      34.8399
   10046      34.7303
   10047      34.5076
   10048      34.5840
   10049      34.9264
   10050      34.5416
   10051      34.4254
   10052      34.4175
   10053      34.1523
   10054      35.0866
   10055      34.3112
   10056      34.8096
   10057      34.5206
   10058      34.6067
   10059      34.9152
   10060      34.2968
   10061      34.6407
   10062      34.6094
   10063      34.4930
   10064      34.6532
   10065      34.7713
   10066      34.4794
   10067      34.3086
   10068      34.4618
   10069      34.4786
   10070      34.7208
   10071      34.4802
   10072      34.5509
   10073      34.3536
   10074      34.4892
   10075      34.6199
   10076      34.3789
   10077      34.5531
   10078      34.6558
   10079      34.5241
   10080      34.6536
   10081      34.3053
   10082      34.4757
   10083      34.1264
   10084      34.3215
   10085      34.4978
   10086      34.2825
   10087      33.7769
   10088      34.2156
   10089      34.0146
   10090      34.7444
   10091      33.9063
   10092      34.4908
   10093      34.3948
   10094      33.9654
   10095      34.1736
   10096      34.3392
   10097      34.0012
   10098      34.6659
   10099      34.7280
   10100      34.4839
   10101      34.7362
   10102      34.6684
   10103      34.6414
   10104      34.7348
   10105      34.8598
   10106      34.6417
   10107      34.5730
   10108      34.4970
   10109      34.8160
   10110      34.7270
   10111      34.7820
   10112      34.7654
   10113      34.3621
   10114      34.6430
   10115      34.1645
   10116      33.8486
   10117      33.8222
   10118      33.7740
   10119      34.0441
   10120      34.5886
   10121      34.3227
   10122      34.4548
   10123      34.6289
   10124      34.7331
   10125      34.3845
   10126      34.6643
   10127      35.1002
   10128      34.5956
   10129      34.7057
   10130      34.6622
   10131      34.6073
   10132      35.1143
   10133      34.8804
   10134      34.4144
   10135      34.5929
   10136      34.5638
   10137      34.9285
   10138      34.8163
   10139      34.7793
   10140      34.7996
   10141      34.5335
   10142      34.8230
   10143      35.2254
   10144      35.2702
   10145      34.9396
   10146      34.7966
   10147      35.4573
   10148      34.9933
   10149      35.1334
   10150      34.8069
   10151      35.2053
   10152      35.1280
   10153      34.5578
   10154      35.1847
   10155      34.8924
   10156      34.7450
   10157      34.8896
   10158      34.7939
   10159      34.8247
   10160      34.7009
   10161      34.7146
   10162      34.7312
   10163      34.4380
   10164      35.1126
   10165      34.9264
   10166      35.3464
   10167      35.0703
   10168      34.9327
   10169      34.6153
   10170      35.1982
   10171      34.6787
   10172      34.8830
   10173      34.8069
   10174      34.3124
   10175      35.1216
   10176      35.3283
   10177      34.8458
   10178      34.6440
   10179      34.8359
   10180      34.7675
   10181      34.5217
   10182      34.6251
   10183      34.9520
   10184      34.5673
   10185      34.2842
   10186      34.2077
   10187      34.5715
   10188      34.9055
   10189      35.0248
   10190      34.8681
   10191      34.6838
   10192      34.5840
   10193      35.1110
   10194      35.2450
   10195      34.7994
   10196      34.7160
   10197      35.0588
   10198      34.7706
   10199      34.6057
   10200      34.0473
   10201      34.5087
   10202      34.5968
   10203      34.9877
   10204      34.6351
   10205      34.8755
   10206      34.9196
   10207      34.7148
   10208      34.5854
   10209      34.4323
   10210      34.8415
   10211      34.6455
   10212      34.5863
   10213      34.1730
   10214      34.3817
   10215      34.6200
   10216      34.3349
   10217      33.9651
   10218      34.5517
   10219      34.5534
   10220      34.5425
   10221      34.8049
   10222      35.2018
   10223      34.5931
   10224      34.7257
   10225      34.3645
   10226      34.2778
   10227      34.4277
   10228      34.0898
   10229      33.9936
   10230      34.0079
   10231      34.8296
   10232      34.6422
   10233      33.9354
   10234      34.1284
   10235      34.5571
   10236      34.3252
   10237      34.0930
   10238      34.1211
   10239      33.9407
   10240      34.1819
   10241      34.2160
   10242      34.0595
   10243      34.1031
   10244      34.1823
   10245      34.2794
   10246      34.1909
   10247      34.3244
   10248      34.3787
   10249      34.4361
   10250      34.3497
   10251      34.4350
   10252      34.1656
   10253      34.4330
   10254      34.2672
   10255      34.1194
   10256      34.4686
   10257      34.7770
   10258      34.6219
   10259      34.3346
   10260      34.1850
   10261      34.1661
   10262      34.3214
   10263      34.4843
   10264      34.3409
   10265      34.5402
   10266      34.2644
   10267      34.7628
   10268      34.7779
   10269      34.8680
   10270      34.8174
   10271      34.4299
   10272      34.5174
   10273      35.0553
   10274      34.8310
   10275      34.7549
   10276      35.1120
   10277      34.9178
   10278      35.0382
   10279      34.8693
   10280      34.9040
   10281      34.3842
   10282      34.2814
   10283      34.2982
   10284      34.3313
   10285      34.4284
   10286      34.5815
   10287      34.5430
   10288      34.1473
   10289      33.9362
   10290      34.5250
   10291      34.0446
   10292      34.5264
   10293      34.7201
   10294      34.7144
   10295      34.3899
   10296      34.7377
   10297      34.5178
   10298      34.5580
   10299      34.6225
   10300      34.8434
   10301      34.5562
   10302      34.3328
   10303      34.2171
   10304      34.2706
   10305      34.6247
   10306      34.7156
   10307      34.5807
   10308      34.9405
   10309      34.6724
   10310      34.3138
   10311      34.7124
   10312      34.7196
   10313      34.6580
   10314      34.7339
   10315      35.1590
   10316      34.8107
   10317      34.9120
   10318      34.5909
   10319      35.0231
   10320      34.6092
   10321      35.0502
   10322      34.8985
   10323      34.9330
   10324      35.1131
   10325      34.6877
   10326      34.9912
   10327      34.5396
   10328      34.6868
   10329      34.6342
   10330      34.7769
   10331      35.2900
   10332      34.7505
   10333      34.8145
   10334      34.3166
   10335      34.6176
   10336      34.1958
   10337      34.3540
   10338      34.7818
   10339      34.1898
   10340      34.1128
   10341      33.9033
   10342      33.8872
   10343      33.8232
   10344      34.3673
   10345      34.5869
   10346      35.0928
   10347      34.9635
   10348      34.5774
   10349      34.4521
   10350      34.1610
   10351      34.3680
   10352      34.0258
   10353      33.8053
   10354      33.8891
   10355      34.1802
   10356      34.3277
   10357      34.2159
   10358      34.8008
   10359      34.2728
   10360      34.4094
   10361      34.7856
   10362      34.7527
   10363      34.6402
   10364      34.3222
   10365      34.2998
   10366      34.5550
   10367      34.6547
   10368      34.8669
   10369      34.6065
   10370      34.5430
   10371      34.7030
   10372      34.4105
   10373      34.6923
   10374      34.4431
   10375      34.4229
   10376      34.4285
   10377      34.6896
   10378      34.6138
   10379      34.0420
   10380      33.9872
   10381      34.5158
   10382      34.2520
   10383      34.2693
   10384      34.1348
   10385      34.5681
   10386      34.4277
   10387      34.7484
   10388      34.5738
   10389      34.5709
   10390      34.7518
   10391      34.5706
   10392      34.1003
   10393      34.5441
   10394      34.4391
   10395      34.7850
   10396      34.5978
   10397      34.5233
   10398      34.8401
   10399      34.5470
   10400      34.5269
   10401      34.7200
   10402      34.7481
   10403      34.4077
   10404      34.7449
   10405      34.5138
   10406      34.7944
   10407      34.5609
   10408      35.0397
   10409      34.9834
   10410      34.3638
   10411      34.6911
   10412      34.3364
   10413      34.9578
   10414      34.4803
   10415      34.9338
   10416      34.9981
   10417      34.6426
   10418      34.5665
   10419      34.5676
   10420      34.8779
   10421      34.4918
   10422      34.5461
   10423      34.7798
   10424      34.6902
   10425      34.7783
   10426      34.6400
   10427      34.5896
   10428      34.5748
   10429      34.9556
   10430      34.8183
   10431      34.6992
   10432      34.5548
   10433      34.6785
   10434      34.6864
   10435      34.9486
   10436      34.7810
   10437      34.5235
   10438      34.3709
   10439      34.9891
   10440      34.9632
   10441      34.8177
   10442      34.7049
   10443      34.8946
   10444      35.1035
   10445      34.8934
   10446      34.8433
   10447      34.2055
   10448      34.4458
   10449      34.6392
   10450      34.1079
   10451      34.2344
   10452      34.3879
   10453      34.4210
   10454      34.6056
   10455      34.3564
   10456      34.5935
   10457      34.5759
   10458      34.3525
   10459      34.1863
   10460      34.1679
   10461      34.6849
   10462      34.3709
   10463      34.3357
   10464      34.6177
   10465      34.1971
   10466      34.3585
   10467      34.0421
   10468      34.7253
   10469      34.4996
   10470      34.5720
   10471      34.5058
   10472      34.7285
   10473      34.9112
   10474      35.0347
   10475      34.7467
   10476      34.9313
   10477      34.8177
   10478      34.1559
   10479      34.3346
   10480      35.0733
   10481      34.9790
   10482      34.8617
   10483      34.3708
   10484      34.7485
   10485      34.4832
   10486      34.6382
   10487      34.1956
   10488      34.3083
   10489      34.5472
   10490      34.3459
   10491      34.7125
   10492      35.0556
   10493      34.8729
   10494      34.4907
   10495      34.4679
   10496      34.8474
   10497      34.6423
   10498      35.4232
   10499      34.7641
   10500      35.0039
   10501      34.7030
   10502      35.0771
   10503      35.1620
   10504      34.8460
   10505      35.0664
   10506      34.7136
   10507      34.7627
   10508      34.6694
   10509      34.7460
   10510      34.9037
   10511      34.8448
   10512      34.8418
   10513      34.4506
   10514      34.9264
   10515      34.9726
   10516      34.7386
   10517      35.1443
   10518      34.5126
   10519      34.9003
   10520      34.8576
   10521      34.9480
   10522      34.5726
   10523      34.6202
   10524      33.9127
   10525      33.8269
   10526      34.4558
   10527      34.5148
   10528      35.0856
   10529      34.7775
   10530      34.6854
   10531      34.8032
   10532      34.5839
   10533      34.5753
   10534      34.9163
   10535      34.8266
   10536      34.3168
   10537      34.9822
   10538      34.4894
   10539      34.7856
   10540      34.4927
   10541      34.4588
   10542      34.4683
   10543      34.3554
   10544      34.5005
   10545      34.2334
   10546      34.4943
   10547      34.6309
   10548      34.6954
   10549      34.5286
   10550      34.4229
   10551      34.2783
   10552      34.3827
   10553      33.9683
   10554      34.0468
   10555      34.3941
   10556      34.6304
   10557      34.4882
   10558      34.1604
   10559      34.4668
   10560      34.5524
   10561      34.3802
   10562      34.7238
   10563      34.5273
   10564      34.2783
   10565      34.2940
   10566      34.3055
   10567      34.7890
   10568      34.4282
   10569      34.3541
   10570      34.1200
   10571      34.4390
   10572      34.8030
   10573      34.3639
   10574      34.4524
   10575      34.2164
   10576      34.3692
   10577      34.3082
   10578      34.3780
   10579      34.8468
   10580      34.3890
   10581      34.4839
   10582      34.6277
   10583      34.8195
   10584      34.2122
   10585      34.5220
   10586      34.5269
   10587      34.6968
   10588      34.7062
   10589      34.6991
   10590      34.4195
   10591      34.6899
   10592      34.9441
   10593      34.4521
   10594      34.9534
   10595      34.6139
   10596      34.6681
   10597      34.6555
   10598      34.7536
   10599      34.9734
   10600      34.9683
   10601      34.8489
   10602      34.6081
   10603      34.5950
   10604      34.1373
   10605      34.3793
   10606      34.5980
   10607      34.7021
   10608      34.7000
   10609      34.6324
   10610      35.0177
   10611      34.8182
   10612      34.7121
   10613      34.7355
   10614      34.8181
   10615      34.4254
   10616      35.1017
   10617      35.0837
   10618      34.4832
   10619      34.6536
   10620      34.4255
   10621      34.8635
   10622      34.4878
   10623      34.4823
   10624      34.3843
   10625      34.3253
   10626      34.3699
   10627      34.2576
   10628      34.6778
   10629      34.6486
   10630      34.9631
   10631      34.3498
   10632      34.4642
   10633      34.7521
   10634      34.8628
   10635      34.7149
   10636      34.8510
   10637      34.6886
   10638      34.5554
   10639      34.6476
   10640      34.4344
   10641      34.5147
   10642      34.6128
   10643      35.2003
   10644      35.1724
   10645      35.0770
   10646      34.7663
   10647      34.9222
   10648      34.7305
   10649      35.2084
   10650      35.1888
   10651      34.7313
   10652      34.9291
   10653      35.2364
   10654      34.8382
   10655      34.7789
   10656      34.8150
   10657      34.9254
   10658      34.8441
   10659      35.0867
   10660      34.5328
   10661      34.5090
   10662      34.6259
   10663      34.3192
   10664      35.2113
   10665      34.7896
   10666      34.9307
   10667      34.9533
   10668      34.8934
   10669      34.4483
   10670      34.7403
   10671      35.1375
   10672      35.0501
   10673      34.3680
   10674      34.8741
   10675      34.7441
   10676      34.8590
   10677      35.0192
   10678      34.6859
   10679      34.9942
   10680      34.9493
   10681      34.5598
   10682      34.4804
   10683      34.5723
   10684      34.5506
   10685      34.7737
   10686      34.9593
   10687      34.5479
   10688      34.8195
   10689      34.5982
   10690      34.8845
   10691      34.5762
   10692      34.4913
   10693      34.6386
   10694      34.4788
   10695      34.5177
   10696      34.6742
   10697      34.8974
   10698      34.8114
   10699      34.8999
   10700      34.6833
   10701      34.5094
   10702      34.7354
   10703      34.9419
   10704      34.7356
   10705      34.7579
   10706      34.5810
   10707      34.8430
   10708      35.4933
   10709      34.5772
   10710      34.7393
   10711      34.5859
   10712      34.4858
   10713      34.7672
   10714      34.9035
   10715      34.9883
   10716      34.8745
   10717      35.1326
   10718      34.7657
   10719      35.0973
   10720      35.2683
   10721      35.1446
   10722      34.9751
   10723      34.6704
   10724      35.0425
   10725      34.9290
   10726      34.6282
   10727      34.5681
   10728      34.4578
   10729      34.1388
   10730      34.6122
   10731      34.6925
   10732      34.4580
   10733      34.4707
   10734      34.6422
   10735      34.4696
   10736      34.6293
   10737      35.2049
   10738      34.5724
   10739      34.7950
   10740      34.5734
   10741      34.5636
   10742      34.9302
   10743      35.1777
   10744      34.8931
   10745      34.9692
   10746      34.7652
   10747      34.7898
   10748      34.9208
   10749      34.6299
   10750      34.5133
   10751      34.3678
   10752      34.4320
   10753      34.5867
   10754      34.4495
   10755      34.1970
   10756      34.3159
   10757      34.3248
   10758      34.4713
   10759      34.5776
   10760      34.3658
   10761      34.3181
   10762      34.5419
   10763      34.5761
   10764      34.7403
   10765      34.9195
   10766      35.2725
   10767      35.1153
   10768      35.2901
   10769      35.1754
   10770      35.1440
   10771      35.1186
   10772      34.9757
   10773      35.0432
   10774      34.9337
   10775      34.7312
   10776      34.8973
   10777      34.7882
   10778      34.7998
   10779      34.8811
   10780      34.6728
   10781      35.3345
   10782      34.9978
   10783      34.6485
   10784      35.1597
   10785      34.7973
   10786      34.9046
   10787      34.5729
   10788      34.6265
   10789      34.4802
   10790      34.6604
   10791      34.6624
   10792      34.6931
   10793      35.0235
   10794      34.5394
   10795      34.2528
   10796      34.2978
   10797      34.8771
   10798      34.4294
   10799      34.0385
   10800      34.8260
   10801      35.0610
   10802      34.6434
   10803      34.8818
   10804      34.6278
   10805      34.7835
   10806      34.7845
   10807      34.3661
   10808      34.1351
   10809      34.2601
   10810      34.1732
   10811      34.1446
   10812      34.3756
   10813      34.0460
   10814      34.3705
   10815      34.2734
   10816      34.6013
   10817      35.2748
   10818      34.8501
   10819      34.6210
   10820      34.4099
   10821      34.5831
   10822      34.6785
   10823      34.9672
   10824      34.8552
   10825      34.5840
   10826      34.9043
   10827      34.7556
   10828      34.6883
   10829      34.7327
   10830      34.9333
   10831      34.6002
   10832      34.6295
   10833      34.9804
   10834      34.6365
   10835      34.0897
   10836      34.3658
   10837      34.5898
   10838      34.3171
   10839      34.6327
   10840      34.8127
   10841      34.8224
   10842      34.6533
   10843      34.4859
   10844      34.8430
   10845      34.0694
   10846      34.6903
   10847      34.7501
   10848      34.9909
   10849      34.6844
   10850      34.8219
   10851      34.8622
   10852      34.4832
   10853      35.1927
   10854      34.7405
   10855      34.8804
   10856      34.5986
   10857      34.6578
   10858      34.7495
   10859      35.3202
   10860      34.4605
   10861      34.6387
   10862      34.5510
   10863      34.6954
   10864      34.6404
   10865      34.5438
   10866      34.6467
   10867      34.8898
   10868      35.1198
   10869      35.0410
   10870      34.9345
   10871      34.9238
   10872      34.6621
   10873      34.3525
   10874      34.4088
   10875      34.2190
   10876      34.7601
   10877      34.7404
   10878      34.6138
   10879      34.7569
   10880      35.0190
   10881      34.5702
   10882      34.3773
   10883      33.7285
   10884      34.1992
   10885      34.2298
   10886      34.4102
   10887      34.4722
   10888      34.6038
   10889      34.3126
   10890      34.2931
   10891      34.6014
   10892      34.6104
   10893      34.4487
   10894      34.4110
   10895      34.4694
   10896      34.3240
   10897      34.4339
   10898      34.3650
   10899      34.9966
   10900      34.2574
   10901      34.3873
   10902      34.3012
   10903      34.7520
   10904      34.6952
   10905      34.6259
   10906      34.4258
   10907      34.5766
   10908      34.2581
   10909      34.5741
   10910      33.9197
   10911      34.2585
   10912      34.4063
   10913      34.5008
   10914      34.8324
   10915      34.7301
   10916      35.0254
   10917      35.0177
   10918      35.1427
   10919      35.1752
   10920      35.3319
   10921      35.2004
   10922      35.0128
   10923      35.2369
   10924      34.8984
   10925      34.7281
   10926      35.0520
   10927      35.1732
   10928      35.3672
   10929      35.3219
   10930      35.0964
   10931      34.8689
   10932      35.0059
   10933      34.6026
   10934      35.0554
   10935      35.0463
   10936      34.8884
   10937      34.9205
   10938      35.2070
   10939      35.1307
   10940      34.9200
   10941      34.8198
   10942      34.9794
   10943      34.8649
   10944      35.3190
   10945      35.5806
   10946      35.1495
   10947      35.0083
   10948      35.2179
   10949      34.9799
   10950      34.8850
   10951      34.9140
   10952      34.8944
   10953      34.6784
   10954      34.9921
   10955      34.9772
   10956      34.9423
   10957      35.4826
   10958      35.1067
   10959      34.8711
   10960      34.8586
   10961      34.8203
   10962      34.7541
   10963      34.8793
   10964      34.6605
   10965      34.6072
   10966      34.8179
   10967      35.0559
   10968      34.7565
   10969      34.6209
   10970      34.6789
   10971      34.8229
   10972      35.0988
   10973      34.6499
   10974      35.0954
   10975      34.3674
   10976      34.7758
   10977      35.0866
   10978      34.8262
   10979      34.9827
   10980      34.6570
   10981      35.1001
   10982      34.5059
   10983      34.9310
   10984      35.3033
   10985      34.9928
   10986      34.9939
   10987      34.9816
   10988      35.0759
   10989      34.7691
   10990      34.8820
   10991      34.8981
   10992      35.0400
   10993      35.4579
   10994      34.6981
   10995      34.7556
   10996      34.5536
   10997      35.0045
   10998      34.9457
   10999      34.7872
   11000      34.4180
   11001      34.9827
   11002      35.1821
   11003      34.9593
   11004      34.8435
   11005      34.9157
   11006      35.1708
   11007      35.0168
   11008      34.9114
   11009      34.8383
   11010      34.7728
   11011      34.9392
   11012      34.8918
   11013      35.3145
   11014      34.6991
   11015      34.7849
   11016      35.0714
   11017      34.8687
   11018      34.7394
   11019      34.1635
   11020      34.7514
   11021      34.6962
   11022      34.9018
   11023      34.7022
   11024      34.4508
   11025      34.5855
   11026      34.9572
   11027      34.7691
   11028      34.6225
   11029      34.4169
   11030      34.1475
   11031      34.5856
   11032      34.5418
   11033      35.2935
   11034      35.0719
   11035      34.7089
   11036      35.1326
   11037      34.6169
   11038      34.4672
   11039      34.6057
   11040      34.9983
   11041      34.8871
   11042      34.9264
   11043      34.4133
   11044      34.7528
   11045      34.3563
   11046      34.4478
   11047      34.7012
   11048      34.9682
   11049      34.6712
   11050      34.6996
   11051      34.4376
   11052      34.6860
   11053      34.3880
   11054      34.5662
   11055      34.3752
   11056      34.5471
   11057      34.3133
   11058      34.5467
   11059      34.2955
   11060      34.6803
   11061      34.1814
   11062      34.8693
   11063      34.6150
   11064      34.7542
   11065      34.4212
   11066      34.6605
   11067      34.6651
   11068      34.7928
   11069      34.9728
   11070      34.6906
   11071      34.6208
   11072      34.4015
   11073      34.5856
   11074      34.8321
   11075      34.7107
   11076      34.6376
   11077      34.9810
   11078      34.8218
   11079      35.0956
   11080      34.7995
   11081      34.9648
   11082      35.2959
   11083      35.1064
   11084      34.8006
   11085      35.0199
   11086      34.9178
   11087      34.9316
   11088      34.8640
   11089      34.6858
   11090      34.8131
   11091      34.6561
   11092      34.7862
   11093      34.8439
   11094      35.1463
   11095      34.8005
   11096      34.6789
   11097      34.7805
   11098      34.5804
   11099      34.6276
   11100      35.0445
   11101      34.8614
   11102      34.6421
   11103      35.1408
   11104      34.8089
   11105      34.7487
   11106      34.4203
   11107      34.5666
   11108      34.8124
   11109      35.0114
   11110      34.7968
   11111      34.7976
   11112      34.8133
   11113      34.8348
   11114      34.8850
   11115      34.9521
   11116      35.0201
   11117      35.0708
   11118      34.8464
   11119      35.2557
   11120      34.8411
   11121      34.7084
   11122      34.3546
   11123      34.2782
   11124      34.6790
   11125      34.7072
   11126      34.6978
   11127      34.6386
   11128      35.1601
   11129      34.9586
   11130      34.7215
   11131      34.5344
   11132      34.7858
   11133      34.9729
   11134      34.9356
   11135      34.7346
   11136      34.7949
   11137      35.0458
   11138      34.4276
   11139      34.4904
   11140      34.4629
   11141      34.8209
   11142      34.9487
   11143      34.7983
   11144      34.9081
   11145      35.0564
   11146      35.0496
   11147      35.3246
   11148      35.2007
   11149      34.9020
   11150      35.2604
   11151      35.2566
   11152      34.6272
   11153      35.3477
   11154      35.1475
   11155      34.6894
   11156      34.5772
   11157      35.0855
   11158      34.6354
   11159      34.6851
   11160      34.6107
   11161      34.6904
   11162      34.5570
   11163      34.6737
   11164      34.8554
   11165      34.6524
   11166      34.7868
   11167      34.5743
   11168      34.8246
   11169      35.0061
   11170      34.6015
   11171      34.7347
   11172      34.5014
   11173      34.5633
   11174      34.8991
   11175      34.9983
   11176      34.9669
   11177      34.6049
   11178      34.8014
   11179      34.5952
   11180      34.6456
   11181      34.8138
   11182      35.0985
   11183      35.0205
   11184      35.1049
   11185      35.0143
   11186      34.9987
   11187      35.0131
   11188      34.9907
   11189      34.5250
   11190      34.7754
   11191      34.6761
   11192      34.7275
   11193      34.7328
   11194      34.8332
   11195      34.6741
   11196      34.8741
   11197      34.5914
   11198      34.9407
   11199      34.6945
   11200      34.7642
   11201      34.3247
   11202      34.7901
   11203      34.4694
   11204      34.2171
   11205      34.6940
   11206      34.3122
   11207      34.6212
   11208      34.0802
   11209      34.1463
   11210      33.7794
   11211      34.1771
   11212      34.3178
   11213      34.2982
   11214      34.7021
   11215      34.3778
   11216      34.7776
   11217      34.4966
   11218      34.3366
   11219      34.2257
   11220      34.3253
   11221      34.2517
   11222      34.5348
   11223      34.6431
   11224      34.5894
   11225      34.5656
   11226      34.4699
   11227      34.8082
   11228      34.3447
   11229      34.3632
   11230      34.1810
   11231      34.3535
   11232      34.3319
   11233      34.1518
   11234      33.9857
   11235      34.0507
   11236      33.9056
   11237      34.2654
   11238      34.2980
   11239      34.4818
   11240      34.3824
   11241      34.4931
   11242      34.3013
   11243      34.4601
   11244      34.4855
   11245      34.6716
   11246      34.2395
   11247      34.5125
   11248      34.8756
   11249      34.6389
   11250      34.7805
   11251      34.4569
   11252      34.9812
   11253      34.4284
   11254      34.2517
   11255      34.5313
   11256      34.3153
   11257      34.4136
   11258      34.2304
   11259      34.5381
   11260      34.7831
   11261      34.3609
   11262      34.9419
   11263      34.4160
   11264      34.7636
   11265      34.5990
   11266      34.2984
   11267      34.4396
   11268      34.8718
   11269      34.6332
   11270      34.8148
   11271      35.2498
   11272      34.4796
   11273      35.0119
   11274      34.9601
   11275      34.5271
   11276      34.4953
   11277      34.5565
   11278      34.2483
   11279      34.2778
   11280      34.4725
   11281      34.5182
   11282      34.4328
   11283      34.5919
   11284      34.6654
   11285      34.8104
   11286      34.8105
   11287      34.7873
   11288      34.4155
   11289      34.4816
   11290      34.8786
   11291      35.0726
   11292      35.1713
   11293      34.9446
   11294      35.2077
   11295      34.6756
   11296      34.7976
   11297      34.8462
   11298      34.6164
   11299      35.1882
   11300      34.9760
   11301      34.7795
   11302      34.7497
   11303      34.7917
   11304      35.0427
   11305      34.5477
   11306      34.6376
   11307      34.6844
   11308      34.6495
   11309      34.8831
   11310      34.8971
   11311      35.0392
   11312      34.8663
   11313      34.4331
   11314      34.5573
   11315      34.6717
   11316      34.3153
   11317      34.3838
   11318      34.4852
   11319      34.3983
   11320      34.4368
   11321      34.4496
   11322      34.4556
   11323      35.0453
   11324      34.5606
   11325      34.8211
   11326      35.0749
   11327      35.1298
   11328      34.8917
   11329      34.7639
   11330      34.5063
   11331      35.1092
   11332      35.2787
   11333      34.8120
   11334      35.0058
   11335      35.0421
   11336      34.8990
   11337      35.1888
   11338      35.2341
   11339      35.0869
   11340      35.3293
   11341      35.2212
   11342      35.3812
   11343      35.2162
   11344      35.1081
   11345      35.0727
   11346      35.3312
   11347      35.3667
   11348      34.9057
   11349      35.3086
   11350      34.8651
   11351      34.6425
   11352      34.7733
   11353      35.0889
   11354      35.1301
   11355      35.1303
   11356      35.4513
   11357      35.1520
   11358      34.8979
   11359      34.6223
   11360      34.9526
   11361      34.6475
   11362      34.8140
   11363      34.9709
   11364      35.2490
   11365      34.7205
   11366      34.9374
   11367      35.0975
   11368      34.7787
   11369      34.3025
   11370      34.5073
   11371      34.9784
   11372      35.0648
   11373      34.6694
   11374      34.5004
   11375      34.5057
   11376      34.6921
   11377      34.9373
   11378      34.7750
   11379      34.6193
   11380      34.4206
   11381      34.8033
   11382      34.8299
   11383      34.8319
   11384      35.1951
   11385      34.9430
   11386      34.5971
   11387      34.6138
   11388      34.6767
   11389      34.5535
   11390      34.7605
   11391      34.7075
   11392      34.3935
   11393      34.1964
   11394      34.4909
   11395      34.3971
   11396      33.6950
   11397      33.9665
   11398      33.9194
   11399      34.3024
   11400      34.1555
   11401      34.4450
   11402      34.2210
   11403      33.9517
   11404      34.3278
   11405      34.5976
   11406      33.9833
   11407      34.4801
   11408      34.4865
   11409      34.5514
   11410      34.5303
   11411      34.5987
   11412      34.4906
   11413      34.5499
   11414      34.7170
   11415      34.1924
   11416      34.5990
   11417      34.4594
   11418      34.7230
   11419      34.6546
   11420      34.6062
   11421      34.5114
   11422      34.4482
   11423      34.6702
   11424      34.6701
   11425      34.5323
   11426      34.8158
   11427      34.4832
   11428      34.3175
   11429      34.3177
   11430      34.6904
   11431      34.4632
   11432      34.1246
   11433      34.3221
   11434      34.2878
   11435      34.4893
   11436      34.0890
   11437      34.2260
   11438      34.6947
   11439      34.9245
   11440      34.4084
   11441      34.5583
   11442      34.2677
   11443      34.8404
   11444      34.4177
   11445      34.9407
   11446      34.3353
   11447      34.3521
   11448      34.8054
   11449      34.9024
   11450      34.7894
   11451      34.9079
   11452      34.6978
   11453      34.6799
   11454      34.8073
   11455      34.6431
   11456      34.8178
   11457      34.6241
   11458      34.9430
   11459      34.6509
   11460      34.5599
   11461      35.0169
   11462      35.1860
   11463      35.0260
   11464      34.6180
   11465      34.9295
   11466      34.8250
   11467      34.7382
   11468      34.7274
   11469      34.8457
   11470      34.5380
   11471      34.4416
   11472      34.3072
   11473      34.4751
   11474      34.5248
   11475      34.5820
   11476      34.7348
   11477      34.5658
   11478      34.7674
   11479      34.8191
   11480      34.4610
   11481      34.8957
   11482      35.0563
   11483      34.7869
   11484      35.1953
   11485      34.9543
   11486      35.2913
   11487      35.1274
   11488      35.1859
   11489      34.8404
   11490      35.0094
   11491      34.7079
   11492      34.9513
   11493      34.8798
   11494      34.8483
   11495      34.5586
   11496      34.7648
   11497      34.7763
   11498      35.0238
   11499      34.4893
   11500      34.3461
   11501      34.7537
   11502      34.6011
   11503      34.8789
   11504      34.9226
   11505      34.8451
   11506      34.7835
   11507      34.7454
   11508      34.8339
   11509      34.5699
   11510      34.1023
   11511      34.5246
   11512      34.6185
   11513      34.9660
   11514      34.9245
   11515      34.9663
   11516      35.0804
   11517      34.9479
   11518      34.8309
   11519      35.1219
   11520      34.6768
   11521      35.2444
   11522      34.7563
   11523      34.7183
   11524      34.3646
   11525      34.3564
   11526      34.6786
   11527      34.5525
   11528      34.6573
   11529      34.7100
   11530      34.5394
   11531      34.7671
   11532      34.5964
   11533      34.5715
   11534      34.2491
   11535      34.6734
   11536      34.3315
   11537      34.5179
   11538      34.3875
   11539      34.8114
   11540      34.7132
   11541      34.9505
   11542      34.6323
   11543      34.9036
   11544      34.7119
   11545      34.3303
   11546      34.7943
   11547      34.8783
   11548      34.8333
   11549      34.8387
   11550      34.7882
   11551      34.7598
   11552      34.9374
   11553      34.8453
   11554      34.6618
   11555      34.8763
   11556      34.9135
   11557      34.8222
   11558      34.9374
   11559      35.1773
   11560      35.1426
   11561      35.3364
   11562      34.9416
   11563      34.6780
   11564      34.9791
   11565      34.8176
   11566      34.4109
   11567      34.3852
   11568      34.5305
   11569      34.4972
   11570      34.7784
   11571      34.6784
   11572      34.6050
   11573      35.0087
   11574      34.3125
   11575      34.2110
   11576      34.3278
   11577      34.3233
   11578      34.7746
   11579      34.7770
   11580      34.9425
   11581      34.3030
   11582      34.0836
   11583      34.3804
   11584      34.7102
   11585      34.9557
   11586      34.8020
   11587      34.2360
   11588      34.2953
   11589      34.4989
   11590      34.5979
   11591      34.4740
   11592      34.5394
   11593      34.9116
   11594      34.9712
   11595      34.7559
   11596      34.4877
   11597      34.6712
   11598      34.4030
   11599      34.0379
   11600      34.4090
   11601      34.1354
   11602      34.0996
   11603      34.3427
   11604      34.1988
   11605      34.6042
   11606      34.4800
   11607      34.7023
   11608      34.3234
   11609      34.4676
   11610      34.3095
   11611      34.2329
   11612      34.4769
   11613      34.2183
   11614      34.2744
   11615      34.5671
   11616      34.4906
   11617      34.9214
   11618      34.3034
   11619      34.9653
   11620      34.3912
   11621      34.5457
   11622      34.4445
   11623      34.3621
   11624      34.4009
   11625      34.3365
   11626      34.3318
   11627      34.9160
   11628      34.1970
   11629      34.8001
   11630      34.6659
   11631      34.7865
   11632      34.5838
   11633      34.2834
   11634      34.2364
   11635      34.5029
   11636      34.8415
   11637      34.6947
   11638      34.5546
   11639      34.7742
   11640      34.6241
   11641      34.6774
   11642      34.7371
   11643      34.3037
   11644      34.4676
   11645      34.6665
   11646      35.2087
   11647      34.8707
   11648      35.2388
   11649      35.1006
   11650      34.9506
   11651      34.2082
   11652      34.4348
   11653      34.6003
   11654      34.7743
   11655      34.7381
   11656      34.6736
   11657      34.5245
   11658      34.7980
   11659      34.8948
   11660      34.4688
   11661      34.6709
   11662      35.0935
   11663      34.9329
   11664      34.7563
   11665      34.7778
   11666      34.8332
   11667      34.7304
   11668      34.9260
   11669      34.6462
   11670      34.4993
   11671      34.3735
   11672      34.4058
   11673      34.7647
   11674      34.6222
   11675      35.0213
   11676      34.8169
   11677      34.8725
   11678      34.7806
   11679      34.9892
   11680      35.0092
   11681      35.0897
   11682      34.9384
   11683      34.6622
   11684      34.4620
   11685      34.4864
   11686      34.9435
   11687      35.0095
   11688      34.8644
   11689      34.9210
   11690      34.6304
   11691      34.6000
   11692      34.5197
   11693      35.0450
   11694      35.0906
   11695      34.6319
   11696      34.9008
   11697      34.8514
   11698      34.9086
   11699      35.4233
   11700      35.0954
   11701      34.7708
   11702      35.1122
   11703      34.7324
   11704      34.7912
   11705      34.5501
   11706      34.2132
   11707      34.3099
   11708      34.6346
   11709      34.6643
   11710      34.7244
   11711      34.7357
   11712      34.6378
   11713      34.4658
   11714      34.5520
   11715      34.6870
   11716      34.7870
   11717      34.7723
   11718      34.5740
   11719      34.7013
   11720      34.2392
   11721      34.6431
   11722      34.3858
   11723      34.8030
   11724      34.2082
   11725      34.1518
   11726      34.0649
   11727      34.1231
   11728      34.3823
   11729      34.1174
   11730      34.4430
   11731      34.3925
   11732      34.5481
   11733      34.3439
   11734      34.4683
   11735      34.3143
   11736      34.4146
   11737      34.8773
   11738      34.9916
   11739      34.9640
   11740      35.0438
   11741      35.0689
   11742      35.1950
   11743      35.1633
   11744      35.0633
   11745      35.0216
   11746      34.6408
   11747      34.7796
   11748      34.8888
   11749      34.4904
   11750      34.4336
   11751      34.3848
   11752      34.3935
   11753      34.4072
   11754      34.4647
   11755      34.5250
   11756      34.7151
   11757      34.9020
   11758      34.8913
   11759      34.4581
   11760      34.3691
   11761      34.5614
   11762      34.4726
   11763      34.2874
   11764      34.5220
   11765      34.3127
   11766      33.6806
   11767      33.9870
   11768      33.9837
   11769      34.3810
   11770      34.4034
   11771      34.6950
   11772      34.0495
   11773      34.2539
   11774      34.5696
   11775      34.3604
   11776      34.2306
   11777      34.7298
   11778      35.0551
   11779      34.3918
   11780      34.7498
   11781      34.3902
   11782      34.5353
   11783      35.0889
   11784      35.3714
   11785      35.0730
   11786      35.1958
   11787      35.0961
   11788      35.0022
   11789      35.0533
   11790      34.9882
   11791      34.6329
   11792      34.5083
   11793      34.9062
   11794      35.0152
   11795      34.9280
   11796      34.9494
   11797      35.1509
   11798      34.8715
   11799      34.9385
   11800      34.9470
   11801      35.1291
   11802      35.0742
   11803      34.8214
   11804      34.8596
   11805      34.7786
   11806      34.9307
   11807      34.9719
   11808      34.4059
   11809      34.9306
   11810      35.3864
   11811      34.7112
   11812      34.6615
   11813      34.6231
   11814      34.7455
   11815      34.7402
   11816      34.7541
   11817      34.3131
   11818      34.8299
   11819      34.7252
   11820      34.9808
   11821      34.6349
   11822      35.0802
   11823      35.0312
   11824      35.0382
   11825      35.1992
   11826      34.5644
   11827      35.2406
   11828      34.7938
   11829      34.8559
   11830      35.0331
   11831      35.0796
   11832      35.0589
   11833      34.9605
   11834      35.0612
   11835      35.2337
   11836      35.2559
   11837      35.1015
   11838      34.9353
   11839      34.8882
   11840      35.1719
   11841      34.8761
   11842      35.1428
   11843      35.4738
   11844      35.1667
   11845      35.0556
   11846      35.5720
   11847      35.0788
   11848      34.7592
   11849      35.1666
   11850      35.3721
   11851      34.8452
   11852      35.0251
   11853      35.2495
   11854      35.0976
   11855      34.7155
   11856      34.8386
   11857      35.1227
   11858      35.3126
   11859      35.0990
   11860      35.2858
   11861      35.0620
   11862      35.1988
   11863      34.6724
   11864      34.7998
   11865      35.2055
   11866      35.6035
   11867      35.4019
   11868      35.7847
   11869      35.6679
   11870      36.0879
   11871      35.9483
   11872      35.8329
   11873      35.5201
   11874      35.3417
   11875      35.4731
   11876      35.3794
   11877      34.9137
   11878      35.5680
   11879      35.3702
   11880      35.3542
   11881      35.2883
   11882      35.6920
   11883      35.3982
   11884      35.6685
   11885      35.7822
   11886      35.6734
   11887      35.5378
   11888      34.9427
   11889      35.1598
   11890      35.2384
   11891      35.2314
   11892      35.0138
   11893      34.7372
   11894      34.7750
   11895      34.7722
   11896      34.6689
   11897      34.5069
   11898      35.0073
   11899      34.7195
   11900      34.4506
   11901      35.1940
   11902      35.1289
   11903      34.8098
   11904      35.0613
   11905      34.8177
   11906      34.8888
   11907      34.7063
   11908      34.7406
   11909      34.7589
   11910      34.7411
   11911      35.0559
   11912      34.5170
   11913      34.6251
   11914      34.9340
   11915      35.1435
   11916      34.7755
   11917      34.7750
   11918      35.3603
   11919      34.8199
   11920      34.9734
   11921      35.1713
   11922      34.7859
   11923      34.8832
   11924      34.9696
   11925      35.2102
   11926      35.0904
   11927      34.4548
   11928      35.0969
   11929      34.9536
   11930      35.0556
   11931      35.9552
   11932      35.6098
   11933      35.1718
   11934      35.4271
   11935      35.3783
   11936      35.0814
   11937      35.0065
   11938      34.8908
   11939      34.9029
   11940      34.9912
   11941      34.9408
   11942      35.3104
   11943      35.4568
   11944      35.2147
   11945      35.2760
   11946      35.3154
   11947      35.2466
   11948      35.1848
   11949      35.2686
   11950      35.2254
   11951      35.0884
   11952      35.2804
   11953      35.2314
   11954      34.8989
   11955      35.3801
   11956      35.1687
   11957      34.8405
   11958      34.7145
   11959      34.7281
   11960      35.3052
   11961      35.2844
   11962      35.4111
   11963      35.5231
   11964      35.4303
   11965      35.3247
   11966      34.9789
   11967      35.6979
   11968      35.7448
   11969      35.4291
   11970      35.8800
   11971      35.5845
   11972      35.6947
   11973      35.2933
   11974      35.5934
   11975      35.3970
   11976      35.8224
   11977      35.7273
   11978      35.5406
   11979      35.9193
   11980      35.1014
   11981      35.4624
   11982      35.4757
   11983      35.4879
   11984      35.4171
   11985      35.5985
   11986      35.6899
   11987      35.7599
   11988      35.6954
   11989      35.7817
   11990      35.1578
   11991      35.4647
   11992      35.4802
   11993      35.1668
   11994      35.4483
   11995      35.6523
   11996      35.5418
   11997      35.7423
   11998      35.3833
   11999      35.6576
   12000      35.7840
   12001      35.3927
   12002      35.6261
   12003      35.7586
   12004      35.6654
   12005      35.3366
   12006      35.4886
   12007      35.1587
   12008      35.3266
   12009      35.3359
   12010      35.5239
   12011      35.5070
   12012      35.3682
   12013      35.4918
   12014      35.4537
   12015      35.2553
   12016      35.5269
   12017      35.3634
   12018      35.5757
   12019      35.6014
   12020      35.4492
   12021      35.5386
   12022      35.6414
   12023      35.2690
   12024      35.4620
   12025      35.1113
   12026      35.5189
   12027      34.7250
   12028      34.9212
   12029      34.9684
   12030      34.8010
   12031      35.0564
   12032      34.7853
   12033      34.9317
   12034      34.8965
   12035      34.9730
   12036      35.4908
   12037      35.3782
   12038      35.5057
   12039      35.6726
   12040      35.4393
   12041      34.9509
   12042      35.4820
   12043      35.5260
   12044      35.5996
   12045      35.7603
   12046      35.4308
   12047      35.8797
   12048      35.5043
   12049      35.5671
   12050      35.5677
   12051      35.3747
   12052      35.4540
   12053      35.2346
   12054      35.0780
   12055      35.0018
   12056      35.6922
   12057      35.3783
   12058      35.4892
   12059      35.5615
   12060      35.6133
   12061      35.5548
   12062      35.3284
   12063      35.8855
   12064      35.4266
   12065      35.2475
   12066      35.1734
   12067      35.4586
   12068      35.4695
   12069      35.7703
   12070      35.3084
   12071      35.3202
   12072      35.1988
   12073      34.9937
   12074      34.6984
   12075      34.9219
   12076      34.9629
   12077      35.0974
   12078      35.5254
   12079      35.4674
   12080      35.0973
   12081      35.6553
   12082      35.1009
   12083      35.3639
   12084      35.0773
   12085      34.9047
   12086      35.2416
   12087      35.0830
   12088      35.1511
   12089      34.9038
   12090      35.0440
   12091      35.0774
   12092      35.2242
   12093      35.2409
   12094      35.4753
   12095      35.4514
   12096      35.2523
   12097      35.1186
   12098      35.0858
   12099      35.3632
   12100      35.4933
   12101      35.3411
   12102      35.3499
   12103      35.3769
   12104      35.4658
   12105      35.6996
   12106      35.6905
   12107      35.2822
   12108      35.6913
   12109      35.5702
   12110      35.5672
   12111      35.5977
   12112      35.4858
   12113      35.3422
   12114      35.5334
   12115      35.3057
   12116      35.2277
   12117      35.2952
   12118      35.0407
   12119      35.2685
   12120      35.3464
   12121      35.5649
   12122      34.9884
   12123      35.2129
   12124      35.4438
   12125      35.6838
   12126      34.8516
   12127      34.6162
   12128      34.8725
   12129      35.0559
   12130      35.4853
   12131      35.4210
   12132      35.3689
   12133      35.2591
   12134      35.3909
   12135      35.0997
   12136      35.6826
   12137      35.3204
   12138      35.3259
   12139      35.5287
   12140      35.1075
   12141      35.4520
   12142      35.3720
   12143      34.9626
   12144      35.1677
   12145      35.2260
   12146      35.3424
   12147      35.4982
   12148      35.7491
   12149      35.4556
   12150      35.4326
   12151      34.7296
   12152      35.0423
   12153      34.9884
   12154      34.6362
   12155      34.9546
   12156      35.0542
   12157      35.0156
   12158      35.2081
   12159      35.3453
   12160      34.7828
   12161      35.1301
   12162      35.2935
   12163      35.1539
   12164      34.5792
   12165      34.9146
   12166      35.2905
   12167      35.2822
   12168      34.8985
   12169      35.2355
   12170      35.2717
   12171      34.9756
   12172      35.2165
   12173      35.0773
   12174      35.2574
   12175      35.3953
   12176      35.1053
   12177      35.0850
   12178      34.6848
   12179      35.0157
   12180      34.9875
   12181      34.5421
   12182      34.6205
   12183      34.8921
   12184      35.1599
   12185      34.9659
   12186      35.3347
   12187      35.1421
   12188      35.4803
   12189      35.1884
   12190      35.1286
   12191      35.8434
   12192      35.7112
   12193      35.3859
   12194      35.3518
   12195      34.8455
   12196      35.3441
   12197      35.3925
   12198      35.1597
   12199      35.4696
   12200      35.5113
   12201      35.3584
   12202      35.5293
   12203      35.2082
   12204      34.8441
   12205      35.4458
   12206      35.5598
   12207      35.3853
   12208      35.8246
   12209      35.8627
   12210      35.4545
   12211      35.1957
   12212      34.7916
   12213      34.6972
   12214      34.8172
   12215      35.0841
   12216      35.0027
   12217      34.6402
   12218      34.9867
   12219      34.6667
   12220      34.5880
   12221      34.5991
   12222      34.6859
   12223      34.9209
   12224      34.7370
   12225      35.1558
   12226      34.9063
   12227      34.8227
   12228      34.3170
   12229      35.1479
   12230      34.9340
   12231      35.1109
   12232      35.0852
   12233      34.9798
   12234      35.0229
   12235      35.0458
   12236      34.6779
   12237      34.5804
   12238      34.4025
   12239      34.6593
   12240      34.6307
   12241      34.6564
   12242      34.5899
   12243      34.9221
   12244      34.9994
   12245      35.7408
   12246      35.4024
   12247      35.2953
   12248      34.7829
   12249      34.8189
   12250      34.8659
   12251      35.1259
   12252      35.0320
   12253      34.7588
   12254      34.8864
   12255      35.2411
   12256      34.8849
   12257      35.2215
   12258      34.9570
   12259      34.8694
   12260      35.0828
   12261      34.3853
   12262      34.9672
   12263      34.5934
   12264      34.9178
   12265      34.8971
   12266      34.6371
   12267      34.7590
   12268      34.6722
   12269      34.4454
   12270      34.6634
   12271      34.6779
   12272      34.9182
   12273      34.8961
   12274      34.8309
   12275      35.2269
   12276      34.6125
   12277      34.7306
   12278      34.8129
   12279      34.7363
   12280      34.9481
   12281      34.5538
   12282      34.7111
   12283      34.6967
   12284      34.4581
   12285      34.8055
   12286      34.5446
   12287      34.8120
   12288      34.8604
   12289      35.1182
   12290      34.9138
   12291      34.9493
   12292      34.6743
   12293      34.5098
   12294      35.0215
   12295      34.9766
   12296      35.4135
   12297      35.0150
   12298      35.6100
   12299      35.1075
   12300      35.1852
   12301      34.7957
   12302      34.6455
   12303      34.7635
   12304      35.1637
   12305      34.8268
   12306      34.8819
   12307      34.7410
   12308      34.8014
   12309      34.8631
   12310      34.8196
   12311      34.8419
   12312      35.1504
   12313      35.1305
   12314      35.0715
   12315      35.1913
   12316      34.9353
   12317      34.9098
   12318      34.9530
   12319      35.3740
   12320      35.1610
   12321      34.9076
   12322      35.0802
   12323      34.8540
   12324      34.9392
   12325      35.0478
   12326      35.2622
   12327      34.9976
   12328      35.1710
   12329      35.1159
   12330      34.9507
   12331      35.4796
   12332      34.7231
   12333      34.8487
   12334      34.9903
   12335      35.1896
   12336      35.0777
   12337      34.9889
   12338      34.8630
   12339      34.9785
   12340      35.5340
   12341      35.3205
   12342      35.0658
   12343      34.8725
   12344      34.9438
   12345      34.6901
   12346      34.7184
   12347      34.9940
   12348      35.0896
   12349      34.8605
   12350      34.7804
   12351      34.9839
   12352      34.6913
   12353      34.7332
   12354      34.6786
   12355      34.8014
   12356      34.8935
   12357      34.3533
   12358      34.6003
   12359      34.8096
   12360      34.8414
   12361      34.7245
   12362      34.4527
   12363      34.7603
   12364      34.4074
   12365      34.5132
   12366      35.1377
   12367      35.1120
   12368      35.2746
   12369      34.9632
   12370      34.7935
   12371      35.1212
   12372      34.9233
   12373      34.9259
   12374      34.6821
   12375      34.9891
   12376      35.1436
   12377      34.6155
   12378      35.0785
   12379      35.1447
   12380      34.5498
   12381      34.8310
   12382      35.2092
   12383      35.2059
   12384      35.1926
   12385      35.3144
   12386      35.3627
   12387      35.3757
   12388      35.1854
   12389      35.4964
   12390      35.2256
   12391      34.9868
   12392      35.4031
   12393      35.2535
   12394      35.1484
   12395      35.2159
   12396      34.8576
   12397      34.7512
   12398      34.3226
   12399      34.1759
   12400      34.4293
   12401      34.0963
   12402      33.8795
   12403      34.1462
   12404      34.4026
   12405      34.4091
   12406      34.7914
   12407      34.8569
   12408      34.7681
   12409      35.0550
   12410      34.2151
   12411      34.2965
   12412      34.8289
   12413      34.2346
   12414      34.8298
   12415      34.5602
   12416      34.5675
   12417      34.8014
   12418      34.5628
   12419      34.4924
   12420      34.6945
   12421      34.1009
   12422      34.6873
   12423      34.5024
   12424      35.0315
   12425      34.5839
   12426      34.7908
   12427      34.7761
   12428      34.7500
   12429      34.7101
   12430      34.2209
   12431      34.8968
   12432      35.0170
   12433      34.6669
   12434      34.5500
   12435      34.3919
   12436      34.6215
   12437      34.9161
   12438      34.7709
   12439      35.0996
   12440      34.6586
   12441      34.3633
   12442      34.9569
   12443      34.9488
   12444      34.8191
   12445      34.9638
   12446      34.9110
   12447      34.6303
   12448      34.5027
   12449      34.5537
   12450      34.6941
   12451      34.4720
   12452      34.4611
   12453      34.7563
   12454      34.1837
   12455      34.5521
   12456      34.6393
   12457      34.3458
   12458      34.6563
   12459      34.4594
   12460      34.7237
   12461      34.8552
   12462      35.2479
   12463      34.9201
   12464      34.6798
   12465      34.5227
   12466      34.7191
   12467      34.7787
   12468      34.7344
   12469      34.5569
   12470      34.8054
   12471      34.9315
   12472      34.9388
   12473      35.0740
   12474      34.8263
   12475      34.8123
   12476      34.3917
   12477      34.8422
   12478      35.1505
   12479      34.8203
   12480      34.9911
   12481      34.8373
   12482      34.7906
   12483      35.2256
   12484      34.7380
   12485      34.4257
   12486      35.0877
   12487      34.7709
   12488      34.7149
   12489      34.4915
   12490      34.5317
   12491      34.7000
   12492      34.7550
   12493      34.6471
   12494      35.2682
   12495      34.7656
   12496      34.2541
   12497      35.0007
   12498      35.2398
   12499      35.1246
   12500      35.2288
   12501      35.3038
   12502      34.6169
   12503      35.0288
   12504      35.0033
   12505      34.9158
   12506      34.9299
   12507      34.9304
   12508      35.2587
   12509      35.4540
   12510      35.4284
   12511      35.0819
   12512      35.9321
   12513      35.3974
   12514      35.0036
   12515      34.8534
   12516      35.2823
   12517      35.2165
   12518      35.6880
   12519      35.3782
   12520      34.9517
   12521      35.2965
   12522      35.0181
   12523      35.4771
   12524      34.9112
   12525      35.3259
   12526      34.6358
   12527      34.8446
   12528      34.8040
   12529      35.0907
   12530      35.1086
   12531      34.9678
   12532      34.7837
   12533      34.7467
   12534      35.3566
   12535      35.2898
   12536      35.4210
   12537      35.3317
   12538      35.4516
   12539      35.6135
   12540      35.7441
   12541      35.9166
   12542      35.2792
   12543      35.4689
   12544      35.0776
   12545      35.3727
   12546      35.5957
   12547      35.2307
   12548      35.6284
   12549      35.4303
   12550      35.2081
   12551      35.5877
   12552      35.4357
   12553      35.1891
   12554      35.3303
   12555      35.6135
   12556      35.8614
   12557      35.8902
   12558      35.8633
   12559      35.5693
   12560      35.4741
   12561      35.7976
   12562      35.3690
   12563      35.4700
   12564      35.6803
   12565      35.3128
   12566      35.4238
   12567      35.4180
   12568      35.1602
   12569      35.3002
   12570      35.0964
   12571      35.3533
   12572      35.1453
   12573      35.3565
   12574      35.3570
   12575      34.9269
   12576      35.0190
   12577      34.6734
   12578      35.1887
   12579      34.9697
   12580      35.1780
   12581      35.3381
   12582      35.0291
   12583      35.2211
   12584      34.9602
   12585      35.0750
   12586      34.9010
   12587      34.8956
   12588      35.1453
   12589      35.0422
   12590      35.0656
   12591      35.1387
   12592      35.2271
   12593      35.2282
   12594      35.1658
   12595      35.2713
   12596      35.1571
   12597      35.2932
   12598      34.9656
   12599      35.1375
   12600      35.5402
   12601      35.1832
   12602      35.3907
   12603      35.5404
   12604      35.1807
   12605      35.0653
   12606      35.0804
   12607      35.2524
   12608      35.5781
   12609      35.1872
   12610      35.6787
   12611      35.3734
   12612      34.9356
   12613      34.8169
   12614      34.8886
   12615      35.1150
   12616      35.2591
   12617      35.3749
   12618      35.2892
   12619      34.9469
   12620      35.1822
   12621      35.0481
   12622      34.9242
   12623      35.4150
   12624      34.8073
   12625      35.1669
   12626      34.9308
   12627      35.2154
   12628      35.3022
   12629      35.1034
   12630      34.6393
   12631      34.8373
   12632      34.9024
   12633      35.1244
   12634      35.3955
   12635      35.5730
   12636      35.2595
   12637      34.8494
   12638      35.4263
   12639      35.0564
   12640      35.1340
   12641      35.1183
   12642      35.2239
   12643      34.8040
   12644      34.4428
   12645      35.3614
   12646      35.3078
   12647      35.0380
   12648      35.2836
   12649      35.2071
   12650      35.0283
   12651      35.5648
   12652      35.4102
   12653      35.5513
   12654      35.4118
   12655      35.3490
   12656      35.3432
   12657      34.8725
   12658      35.4587
   12659      35.4000
   12660      35.6052
   12661      34.9862
   12662      34.8856
   12663      35.1626
   12664      35.3472
   12665      35.1645
   12666      34.8667
   12667      34.7857
   12668      35.2724
   12669      35.5151
   12670      35.3278
   12671      35.4525
   12672      35.2234
   12673      35.0893
   12674      35.0543
   12675      34.8190
   12676      35.1709
   12677      35.4459
   12678      35.0027
   12679      35.1100
   12680      35.2920
   12681      35.1474
   12682      35.2419
   12683      35.7185
   12684      35.5473
   12685      35.3529
   12686      35.7351
   12687      35.5110
   12688      35.2903
   12689      35.4328
   12690      35.7934
   12691      35.3058
   12692      35.5473
   12693      35.0078
   12694      35.3463
   12695      35.6019
   12696      35.6204
   12697      35.6987
   12698      35.5137
   12699      35.6650
   12700      35.7526
   12701      35.7306
   12702      35.7736
   12703      35.8794
   12704      35.9546
   12705      35.4310
   12706      35.9031
   12707      35.4072
   12708      35.1930
   12709      35.1021
   12710      35.1798
   12711      34.9357
   12712      35.5916
   12713      35.2126
   12714      34.7338
   12715      35.6772
   12716      34.8547
   12717      35.2818
   12718      34.8691
   12719      34.9333
   12720      35.3515
   12721      34.7972
   12722      35.1153
   12723      34.7806
   12724      34.5923
   12725      34.6724
   12726      35.0217
   12727      35.0711
   12728      34.9137
   12729      35.1103
   12730      34.8350
   12731      35.2880
   12732      34.7451
   12733      34.8411
   12734      35.0770
   12735      34.8506
   12736      35.1162
   12737      35.2732
   12738      34.7999
   12739      34.7587
   12740      34.9828
   12741      34.9706
   12742      35.2273
   12743      35.0412
   12744      35.2011
   12745      34.6280
   12746      34.7491
   12747      34.6673
   12748      34.7314
   12749      34.8811
   12750      34.8651
   12751      34.9941
   12752      35.2626
   12753      34.8596
   12754      35.0222
   12755      34.8006
   12756      34.4761
   12757      34.8411
   12758      34.8734
   12759      34.8491
   12760      35.1842
   12761      35.2707
   12762      35.1817
   12763      34.9653
   12764      34.6350
   12765      34.6920
   12766      34.4983
   12767      34.8885
   12768      34.3470
   12769      34.6303
   12770      34.3391
   12771      35.0141
   12772      34.6815
   12773      34.5375
   12774      34.6278
   12775      34.4103
   12776      34.3833
   12777      35.0461
   12778      35.0894
   12779      34.8483
   12780      34.9108
   12781      34.3931
   12782      34.9668
   12783      35.3525
   12784      34.8868
   12785      34.5620
   12786      34.9812
   12787      34.8587
   12788      34.8025
   12789      34.3375
   12790      34.5385
   12791      34.6524
   12792      34.3401
   12793      34.3754
   12794      34.5210
   12795      34.4973
   12796      34.5383
   12797      34.6262
   12798      34.5413
   12799      34.8537
   12800      34.9716
   12801      34.7829
   12802      35.1139
   12803      34.9068
   12804      35.3109
   12805      34.6127
   12806      35.1649
   12807      35.0177
   12808      34.8830
   12809      35.1563
   12810      34.9123
   12811      34.9214
   12812      34.7240
   12813      34.8193
   12814      34.6675
   12815      34.9647
   12816      35.0187
   12817      34.6914
   12818      35.1878
   12819      35.2212
   12820      34.9740
   12821      34.9472
   12822      35.1634
   12823      34.4535
   12824      34.9092
   12825      34.8059
   12826      34.8510
   12827      35.1187
   12828      35.1575
   12829      35.5778
   12830      35.3153
   12831      35.3167
   12832      35.3106
   12833      35.4248
   12834      34.6708
   12835      34.8829
   12836      34.9076
   12837      34.5831
   12838      34.8277
   12839      35.1734
   12840      34.8270
   12841      34.8322
   12842      34.9777
   12843      35.0223
   12844      35.0913
   12845      35.4542
   12846      35.3158
   12847      35.1488
   12848      34.8758
   12849      34.6702
   12850      35.0077
   12851      34.9957
   12852      35.1203
   12853      35.0030
   12854      35.5032
   12855      35.1617
   12856      34.9613
   12857      34.8929
   12858      35.1223
   12859      35.3732
   12860      35.1594
   12861      35.1134
   12862      34.6936
   12863      34.7611
   12864      34.3937
   12865      34.7759
   12866      35.0693
   12867      35.5128
   12868      34.7607
   12869      34.7180
   12870      34.7309
   12871      34.5434
   12872      35.0192
   12873      34.9185
   12874      34.5638
   12875      34.4989
   12876      34.9103
   12877      34.8803
   12878      34.4076
   12879      34.2537
   12880      34.8556
   12881      34.7436
   12882      35.1624
   12883      34.9429
   12884      35.1074
   12885      35.4287
   12886      35.2179
   12887      35.1671
   12888      34.8793
   12889      35.4906
   12890      35.2433
   12891      35.3361
   12892      35.0826
   12893      34.7430
   12894      35.0748
   12895      35.2862
   12896      35.1918
   12897      35.6014
   12898      34.9691
   12899      35.1916
   12900      35.3610
   12901      35.3558
   12902      34.8667
   12903      35.1411
   12904      35.1369
   12905      35.0971
   12906      35.0917
   12907      35.3015
   12908      34.9941
   12909      35.0756
   12910      35.2537
   12911      35.2253
   12912      34.8325
   12913      35.0129
   12914      35.1409
   12915      35.1550
   12916      34.7425
   12917      35.0462
   12918      34.6418
   12919      34.4671
   12920      34.5197
   12921      34.5279
   12922      34.3548
   12923      34.5325
   12924      34.6369
   12925      34.4546
   12926      34.7058
   12927      34.9381
   12928      35.1285
   12929      34.8114
   12930      34.9530
   12931      34.8458
   12932      35.3799
   12933      34.9479
   12934      35.1453
   12935      34.9169
   12936      34.9625
   12937      34.5741
   12938      34.3912
   12939      34.6803
   12940      34.8063
   12941      35.1615
   12942      34.7893
   12943      35.0258
   12944      34.7445
   12945      34.6634
   12946      34.9764
   12947      34.6555
   12948      34.5210
   12949      34.7419
   12950      34.6644
   12951      34.8243
   12952      34.5364
   12953      34.4715
   12954      34.3801
   12955      34.4130
   12956      34.3227
   12957      34.4457
   12958      34.6602
   12959      35.0445
   12960      34.7164
   12961      34.7544
   12962      34.4747
   12963      34.8814
   12964      35.4810
   12965      34.9890
   12966      34.7418
   12967      34.7857
   12968      34.6833
   12969      34.3221
   12970      34.8855
   12971      34.4407
   12972      34.2269
   12973      34.3752
   12974      34.2311
   12975      33.9645
   12976      34.4573
   12977      34.2142
   12978      34.3771
   12979      34.3628
   12980      34.5212
   12981      34.6294
   12982      34.7106
   12983      34.3877
   12984      34.5817
   12985      34.7537
   12986      34.6824
   12987      34.8182
   12988      35.2744
   12989      34.8825
   12990      35.0420
   12991      35.0366
   12992      34.7477
   12993      34.8725
   12994      34.4406
   12995      34.8292
   12996      34.8815
   12997      34.6715
   12998      34.9613
   12999      34.5435
   13000      34.6684
   13001      34.9243
   13002      34.6615
   13003      34.5688
   13004      35.0185
   13005      35.1146
   13006      34.9567
   13007      35.0207
   13008      34.9773
   13009      35.2263
   13010      35.3302
   13011      35.3973
   13012      35.5144
   13013      35.5725
   13014      34.9325
   13015      35.6959
   13016      35.1862
   13017      35.1212
   13018      35.3284
   13019      35.2164
   13020      34.9544
   13021      35.0264
   13022      34.9820
   13023      34.6601
   13024      34.6117
   13025      34.6609
   13026      34.7655
   13027      34.4161
   13028      34.1664
   13029      34.4617
   13030      34.7639
   13031      35.3026
   13032      34.7081
   13033      34.7236
   13034      34.2540
   13035      34.7739
   13036      34.7934
   13037      34.6169
   13038      34.6885
   13039      34.7365
   13040      34.5914
   13041      34.7503
   13042      34.3915
   13043      34.6209
   13044      35.1202
   13045      34.6812
   13046      34.8117
   13047      34.9592
   13048      35.1792
   13049      34.7700
   13050      35.2699
   13051      34.7303
   13052      34.4298
   13053      34.7210
   13054      34.1287
   13055      34.3680
   13056      34.4815
   13057      34.1912
   13058      34.4184
   13059      34.1058
   13060      34.4161
   13061      34.1880
   13062      34.1751
   13063      34.2788
   13064      34.6397
   13065      34.1307
   13066      34.2224
   13067      34.6375
   13068      34.4380
   13069      34.1356
   13070      34.8666
   13071      34.5504
   13072      34.2256
   13073      34.3780
   13074      34.4815
   13075      34.6162
   13076      34.7394
   13077      34.7580
   13078      34.2245
   13079      34.4367
   13080      34.2910
   13081      34.4037
   13082      34.1379
   13083      34.0647
   13084      34.2015
   13085      34.3192
   13086      34.1590
   13087      34.2491
   13088      34.3197
   13089      34.2677
   13090      34.6928
   13091      34.4460
   13092      34.6105
   13093      34.9510
   13094      34.8746
   13095      34.9525
   13096      34.9514
   13097      34.9555
   13098      34.8434
   13099      34.8320
   13100      34.6170
   13101      34.5270
   13102      34.9495
   13103      34.4082
   13104      34.2753
   13105      34.4980
   13106      34.3549
   13107      34.4330
   13108      34.7173
   13109      34.4872
   13110      34.5165
   13111      34.5864
   13112      34.7388
   13113      34.5343
   13114      34.6642
   13115      34.9813
   13116      34.2170
   13117      33.9159
   13118      34.2037
   13119      34.0620
   13120      34.0757
   13121      34.9323
   13122      34.8715
   13123      34.5474
   13124      34.3882
   13125      34.4205
   13126      34.1249
   13127      34.2113
   13128      34.8266
   13129      34.5539
   13130      34.5085
   13131      34.1888
   13132      34.3006
   13133      34.4899
   13134      34.5380
   13135      34.3408
   13136      34.2742
   13137      34.0984
   13138      34.1888
   13139      34.7870
   13140      34.4076
   13141      34.0254
   13142      34.0917
   13143      34.2173
   13144      34.2207
   13145      34.1780
   13146      33.9811
   13147      34.3688
   13148      33.9671
   13149      34.1166
   13150      34.0462
   13151      34.3100
   13152      34.1849
   13153      34.6697
   13154      34.6427
   13155      34.3300
   13156      34.1503
   13157      34.6474
   13158      34.1812
   13159      34.2629
   13160      34.2680
   13161      34.2934
   13162      34.2415
   13163      34.7849
   13164      34.5693
   13165      34.3130
   13166      34.7700
   13167      34.5944
   13168      34.3442
   13169      34.4867
   13170      34.4642
   13171      34.2056
   13172      34.2936
   13173      34.1411
   13174      34.0233
   13175      34.2892
   13176      34.5902
   13177      34.6339
   13178      34.4978
   13179      34.3438
   13180      34.9537
   13181      34.3463
   13182      34.4541
   13183      34.6270
   13184      34.8108
   13185      34.8262
   13186      34.3385
   13187      34.2142
   13188      34.1970
   13189      34.1512
   13190      34.3808
   13191      34.7174
   13192      34.1905
   13193      34.4638
   13194      34.3522
   13195      34.7113
   13196      34.7881
   13197      34.8595
   13198      34.4129
   13199      34.2320
   13200      34.8765
   13201      34.6050
   13202      34.0927
   13203      33.9893
   13204      34.1585
   13205      34.6089
   13206      34.3725
   13207      34.3680
   13208      34.4279
   13209      34.5687
   13210      34.2043
   13211      33.9452
   13212      34.4471
   13213      33.9072
   13214      34.0669
   13215      34.4243
   13216      34.4433
   13217      34.1564
   13218      33.5937
   13219      34.1091
   13220      34.4295
   13221      34.2835
   13222      33.8965
   13223      34.2373
   13224      34.3936
   13225      34.5918
   13226      34.7226
   13227      34.9952
   13228      34.4926
   13229      34.3637
   13230      34.4247
   13231      34.3082
   13232      34.4417
   13233      33.8891
   13234      34.1978
   13235      34.1259
   13236      34.5526
   13237      34.2976
   13238      34.5596
   13239      34.5818
   13240      34.5268
   13241      34.5540
   13242      35.1183
   13243      34.6148
   13244      34.5787
   13245      34.4896
   13246      34.6819
   13247      34.3211
   13248      34.4269
   13249      33.5653
   13250      33.9904
   13251      34.5381
   13252      34.2175
   13253      34.0213
   13254      34.1774
   13255      34.2131
   13256      34.0190
   13257      34.1089
   13258      34.1446
   13259      34.1340
   13260      34.3219
   13261      34.0081
   13262      34.1510
   13263      33.9869
   13264      34.0885
   13265      34.1761
   13266      34.3894
   13267      34.2764
   13268      34.3343
   13269      34.2417
   13270      34.4099
   13271      34.0962
   13272      34.3048
   13273      34.2835
   13274      34.4755
   13275      34.5635
   13276      34.4980
   13277      34.0379
   13278      34.1288
   13279      34.2100
   13280      34.3652
   13281      34.4427
   13282      34.5693
   13283      34.6259
   13284      34.5634
   13285      34.6352
   13286      34.8823
   13287      34.9619
   13288      34.4686
   13289      34.5104
   13290      34.0356
   13291      34.1894
   13292      34.4523
   13293      34.5108
   13294      35.0894
   13295      34.4688
   13296      34.4756
   13297      34.1166
   13298      34.7478
   13299      34.2828
   13300      34.0227
   13301      34.0661
   13302      34.1106
   13303      34.0585
   13304      34.2902
   13305      34.0766
   13306      34.8006
   13307      34.5964
   13308      34.8518
   13309      34.7344
   13310      34.6204
   13311      34.4687
   13312      34.4365
   13313      34.3352
   13314      34.4123
   13315      34.6109
   13316      34.6282
   13317      34.6473
   13318      34.6087
   13319      34.6373
   13320      34.3230
   13321      34.6851
   13322      34.8436
   13323      34.4868
   13324      34.5857
   13325      34.4181
   13326      34.7203
   13327      34.2910
   13328      34.3542
   13329      34.3412
   13330      33.7306
   13331      34.5119
   13332      34.1674
   13333      34.6179
   13334      34.7750
   13335      34.4032
   13336      34.5514
   13337      34.5309
   13338      34.3447
   13339      34.4222
   13340      34.4041
   13341      34.0523
   13342      33.9271
   13343      34.2966
   13344      34.3794
   13345      34.5671
   13346      34.4222
   13347      34.1936
   13348      34.3507
   13349      34.1209
   13350      34.3543
   13351      34.1272
   13352      34.2913
   13353      34.0267
   13354      34.5774
   13355      34.7540
   13356      34.6177
   13357      34.4891
   13358      34.5180
   13359      34.7743
   13360      34.3095
   13361      34.3960
   13362      34.8741
   13363      34.8253
   13364      34.2322
   13365      34.0899
   13366      34.1194
   13367      34.1149
   13368      34.1814
   13369      34.4837
   13370      34.9276
   13371      34.7131
   13372      34.8492
   13373      34.6430
   13374      34.4440
   13375      34.7110
   13376      34.7273
   13377      34.8611
   13378      34.8349
   13379      34.9011
   13380      34.9068
   13381      35.0087
   13382      35.0585
   13383      35.0272
   13384      35.0691
   13385      35.2546
   13386      35.0694
   13387      35.1920
   13388      35.0673
   13389      35.2628
   13390      34.7684
   13391      34.3894
   13392      34.6154
   13393      34.6293
   13394      34.3389
   13395      34.6756
   13396      34.5824
   13397      34.5800
   13398      34.5324
   13399      34.1583
   13400      34.6371
   13401      34.9696
   13402      35.2404
   13403      34.4430
   13404      34.6888
   13405      34.3871
   13406      34.4723
   13407      34.4726
   13408      34.3968
   13409      34.4585
   13410      34.0901
   13411      34.4216
   13412      34.2741
   13413      34.5936
   13414      34.5826
   13415      34.4669
   13416      34.3887
   13417      34.2076
   13418      34.0378
   13419      34.5800
   13420      34.3474
   13421      34.0864
   13422      33.6079
   13423      33.8943
   13424      34.1549
   13425      34.1257
   13426      34.0900
   13427      34.1824
   13428      34.3538
   13429      34.3135
   13430      34.2505
   13431      34.2690
   13432      34.1453
   13433      34.6412
   13434      34.2456
   13435      34.1281
   13436      34.4023
   13437      34.3024
   13438      34.0523
   13439      34.3735
   13440      34.1373
   13441      34.3046
   13442      34.3200
   13443      33.9269
   13444      34.2691
   13445      34.1714
   13446      34.2254
   13447      33.9817
   13448      34.3055
   13449      34.2850
   13450      34.1537
   13451      34.1833
   13452      34.4446
   13453      34.4335
   13454      34.2675
   13455      34.7179
   13456      34.7706
   13457      34.5990
   13458      34.4804
   13459      34.3976
   13460      34.2386
   13461      33.8032
   13462      33.6850
   13463      34.3368
   13464      34.2387
   13465      33.6725
   13466      34.1694
   13467      34.0945
   13468      34.2577
   13469      33.8987
   13470      33.9935
   13471      34.3524
   13472      34.7510
   13473      34.6759
   13474      34.8758
   13475      34.2990
   13476      34.2763
   13477      34.5139
   13478      33.9329
   13479      34.0414
   13480      34.0245
   13481      34.2169
   13482      34.3025
   13483      34.5547
   13484      34.5952
   13485      34.1829
   13486      34.3241
   13487      34.6702
   13488      34.1124
   13489      34.2252
   13490      34.0726
   13491      34.0600
   13492      34.2076
   13493      34.6724
   13494      34.4942
   13495      34.2223
   13496      34.1605
   13497      34.4236
   13498      34.5729
   13499      34.5074
   13500      34.7085
   13501      34.3157
   13502      34.6376
   13503      34.5596
   13504      34.4274
   13505      34.8170
   13506      34.8627
   13507      34.6156
   13508      34.6716
   13509      34.7024
   13510      34.5228
   13511      35.0484
   13512      34.4637
   13513      34.3082
   13514      34.7178
   13515      34.6436
   13516      34.2637
   13517      34.4224
   13518      34.9372
   13519      34.8473
   13520      34.6090
   13521      34.4887
   13522      34.5125
   13523      34.2675
   13524      34.4102
   13525      34.5935
   13526      34.6588
   13527      34.6711
   13528      34.6741
   13529      34.3681
   13530      34.4440
   13531      34.8037
   13532      35.1637
   13533      34.8317
   13534      34.9695
   13535      34.8777
   13536      34.6175
   13537      34.5124
   13538      34.4819
   13539      34.3269
   13540      34.2775
   13541      34.4987
   13542      34.5138
   13543      35.2020
   13544      34.9512
   13545      34.3472
   13546      34.4732
   13547      34.6344
   13548      34.7532
   13549      34.7433
   13550      34.6787
   13551      34.4633
   13552      34.1145
   13553      34.2574
   13554      34.5012
   13555      34.6121
   13556      34.7584
   13557      34.7472
   13558      34.1614
   13559      34.2992
   13560      34.3401
   13561      34.0609
   13562      34.6896
   13563      34.6533
   13564      34.3650
   13565      34.1812
   13566      34.9011
   13567      34.6008
   13568      34.5490
   13569      34.5436
   13570      34.0432
   13571      33.9419
   13572      34.1693
   13573      34.3506
   13574      34.5080
   13575      34.6025
   13576      34.7027
   13577      34.5454
   13578      34.2835
   13579      34.6446
   13580      34.9639
   13581      35.0031
   13582      34.5429
   13583      34.5408
   13584      34.3672
   13585      34.3294
   13586      34.5905
   13587      33.9515
   13588      34.8117
   13589      34.3776
   13590      34.4998
   13591      34.4621
   13592      34.3395
   13593      34.5235
   13594      34.7514
   13595      34.5111
   13596      34.2492
   13597      34.2990
   13598      34.5341
   13599      34.4904
   13600      34.6269
   13601      34.2262
   13602      34.2174
   13603      33.9366
   13604      34.1871
   13605      34.3824
   13606      34.3205
   13607      34.0014
   13608      34.0398
   13609      34.4875
   13610      34.6900
   13611      34.4268
   13612      35.1678
   13613      34.9933
   13614      35.4214
   13615      35.3650
   13616      34.5156
   13617      34.7755
   13618      34.9321
   13619      34.8968
   13620      34.8558
   13621      34.3413
   13622      34.9703
   13623      34.5944
   13624      34.5652
   13625      34.6350
   13626      34.8274
   13627      35.1965
   13628      34.8593
   13629      34.8258
   13630      34.5757
   13631      34.5970
   13632      34.6424
   13633      34.9206
   13634      34.9733
   13635      35.0897
   13636      34.6361
   13637      34.7350
   13638      34.7142
   13639      34.5438
   13640      34.8175
   13641      34.6932
   13642      34.3631
   13643      34.4778
   13644      34.8566
   13645      34.8433
   13646      34.5264
   13647      34.6011
   13648      34.6878
   13649      34.6569
   13650      34.7612
   13651      33.6005
   13652      34.3041
   13653      34.1834
   13654      34.5340
   13655      34.9167
   13656      34.4693
   13657      34.5235
   13658      34.4986
   13659      34.2583
   13660      34.6150
   13661      34.4917
   13662      34.8739
   13663      34.4676
   13664      35.2090
   13665      35.0459
   13666      34.9069
   13667      34.5522
   13668      34.4654
   13669      34.7413
   13670      34.8232
   13671      34.3442
   13672      34.9955
   13673      34.7843
   13674      34.4493
   13675      34.5808
   13676      34.7902
   13677      34.9865
   13678      34.6204
   13679      35.0221
   13680      34.6514
   13681      35.0227
   13682      34.7255
   13683      34.6413
   13684      34.6564
   13685      34.7194
   13686      34.6628
   13687      34.3252
   13688      34.4460
   13689      34.3003
   13690      34.2344
   13691      34.2884
   13692      34.9051
   13693      34.5632
   13694      34.6974
   13695      34.5190
   13696      34.6606
   13697      34.8896
   13698      34.5577
   13699      34.3422
   13700      34.3369
   13701      34.4065
   13702      34.1940
   13703      34.0853
   13704      34.5775
   13705      34.3588
   13706      34.7258
   13707      34.8678
   13708      34.7169
   13709      35.0058
   13710      34.5997
   13711      34.7630
   13712      34.7363
   13713      34.2631
   13714      34.4228
   13715      34.4071
   13716      34.4308
   13717      34.3258
   13718      34.2794
   13719      33.8607
   13720      34.0458
   13721      34.3918
   13722      34.3506
   13723      34.1091
   13724      34.9892
   13725      35.0205
   13726      35.0455
   13727      34.5752
   13728      34.6294
   13729      34.8608
   13730      34.8541
   13731      35.2172
   13732      35.0195
   13733      34.6490
   13734      34.4932
   13735      34.8432
   13736      34.9177
   13737      34.5480
   13738      34.9131
   13739      35.2542
   13740      35.0659
   13741      34.4962
   13742      34.6348
   13743      34.7505
   13744      34.8868
   13745      35.4685
   13746      34.9413
   13747      35.0733
   13748      34.7452
   13749      35.0134
   13750      35.2616
   13751      35.5184
   13752      34.9026
   13753      34.8136
   13754      34.5262
   13755      34.4620
   13756      35.3714
   13757      35.5159
   13758      34.8663
   13759      35.4174
   13760      35.0295
   13761      34.4677
   13762      34.6114
   13763      34.8110
   13764      34.2261
   13765      34.7690
   13766      34.8167
   13767      34.6670
   13768      34.8825
   13769      34.9524
   13770      35.1323
   13771      34.9059
   13772      34.5667
   13773      34.0898
   13774      34.4085
   13775      34.1203
   13776      34.7679
   13777      34.4750
   13778      34.8693
   13779      34.5833
   13780      34.6997
   13781      35.0867
   13782      35.1800
   13783      34.8110
   13784      34.7862
   13785      34.8595
   13786      34.5279
   13787      34.2713
   13788      34.6878
   13789      34.2542
   13790      34.6117
   13791      34.2917
   13792      34.4548
   13793      34.0293
   13794      34.1963
   13795      34.4836
   13796      34.2176
   13797      34.2482
   13798      33.9690
   13799      34.5541
   13800      34.3568
   13801      34.0816
   13802      34.2578
   13803      34.8843
   13804      34.3693
   13805      34.1980
   13806      34.2609
   13807      34.2803
   13808      34.0584
   13809      34.1705
   13810      34.2550
   13811      34.3067
   13812      34.1129
   13813      34.3513
   13814      34.3027
   13815      34.7942
   13816      34.5035
   13817      34.2939
   13818      34.6599
   13819      34.7929
   13820      34.2240
   13821      34.9629
   13822      34.7357
   13823      34.6344
   13824      34.7733
   13825      34.8071
   13826      35.1424
   13827      34.9728
   13828      34.6361
   13829      34.6857
   13830      34.6475
   13831      34.6383
   13832      34.5681
   13833      34.7612
   13834      34.8261
   13835      34.8554
   13836      34.9178
   13837      34.6422
   13838      34.5551
   13839      34.5088
   13840      34.9181
   13841      34.9262
   13842      35.1247
   13843      34.7939
   13844      34.5989
   13845      34.3231
   13846      34.6908
   13847      34.1180
   13848      34.1204
   13849      34.1530
   13850      34.6908
   13851      34.6476
   13852      34.9330
   13853      34.8204
   13854      34.9000
   13855      34.5912
   13856      34.3768
   13857      34.6818
   13858      34.8544
   13859      35.1642
   13860      34.8116
   13861      34.4709
   13862      34.3596
   13863      34.5541
   13864      34.6957
   13865      34.5919
   13866      34.9325
   13867      34.7001
   13868      34.9100
   13869      34.6670
   13870      34.6700
   13871      34.6237
   13872      34.7409
   13873      34.5326
   13874      34.7943
   13875      34.3737
   13876      34.7021
   13877      34.5699
   13878      34.9766
   13879      34.7110
   13880      35.2476
   13881      34.8478
   13882      34.7178
   13883      34.6564
   13884      35.1086
   13885      34.7190
   13886      34.6647
   13887      34.6618
   13888      34.5834
   13889      34.8419
   13890      34.6458
   13891      34.7513
   13892      34.4909
   13893      34.4318
   13894      34.6878
   13895      34.4562
   13896      34.3548
   13897      34.5569
   13898      34.4739
   13899      34.7409
   13900      34.5062
   13901      34.2892
   13902      34.2924
   13903      34.3256
   13904      34.4404
   13905      34.8344
   13906      34.8077
   13907      34.3854
   13908      34.2277
   13909      34.2415
   13910      34.3818
   13911      33.9616
   13912      34.2433
   13913      34.3389
   13914      34.4028
   13915      34.5373
   13916      34.5882
   13917      34.6657
   13918      34.7992
   13919      34.6671
   13920      34.7768
   13921      34.7356
   13922      34.7939
   13923      34.2611
   13924      35.2103
   13925      34.5835
   13926      34.8609
   13927      34.6411
   13928      34.9687
   13929      34.6867
   13930      34.7920
   13931      34.8011
   13932      35.4538
   13933      35.1626
   13934      34.7467
   13935      35.0942
   13936      35.1407
   13937      35.0576
   13938      34.9571
   13939      35.0032
   13940      34.9609
   13941      34.7234
   13942      34.5022
   13943      34.5922
   13944      34.6323
   13945      34.9271
   13946      34.9716
   13947      35.4332
   13948      34.9485
   13949      34.7915
   13950      34.8523
   13951      34.6800
   13952      34.7338
   13953      34.5093
   13954      34.6122
   13955      34.3479
   13956      34.5029
   13957      34.5237
   13958      34.5995
   13959      34.7243
   13960      34.3699
   13961      34.1887
   13962      34.5784
   13963      34.1860
   13964      34.4611
   13965      34.8775
   13966      34.6142
   13967      34.4753
   13968      34.3758
   13969      34.4838
   13970      34.3870
   13971      34.2825
   13972      34.2377
   13973      34.5433
   13974      34.8773
   13975      34.5548
   13976      34.8284
   13977      34.8636
   13978      34.7205
   13979      34.7305
   13980      34.7124
   13981      34.1874
   13982      34.5980
   13983      34.6383
   13984      34.9082
   13985      34.4901
   13986      34.8003
   13987      34.9723
   13988      34.8224
   13989      34.6403
   13990      34.5910
   13991      34.7361
   13992      34.9743
   13993      34.9104
   13994      34.9103
   13995      34.8213
   13996      34.9559
   13997      35.1962
   13998      35.0437
   13999      34.6258
   14000      34.9770
   14001      34.5915
   14002      35.1824
   14003      35.0262
   14004      35.1930
   14005      35.1322
   14006      35.1274
   14007      35.0821
   14008      35.0965
   14009      34.9182
   14010      34.8121
   14011      34.7019
   14012      34.5979
   14013      34.9545
   14014      34.9853
   14015      34.4742
   14016      34.3621
   14017      34.2319
   14018      34.4184
   14019      34.7151
   14020      34.2294
   14021      34.3865
   14022      34.5484
   14023      34.1371
   14024      34.7892
   14025      34.7022
   14026      34.8438
   14027      34.7550
   14028      34.7481
   14029      34.4358
   14030      34.8878
   14031      34.6253
   14032      34.4219
   14033      34.5579
   14034      34.4812
   14035      34.7393
   14036      34.4933
   14037      34.6633
   14038      34.7658
   14039      34.5872
   14040      34.2396
   14041      34.2537
   14042      34.1934
   14043      34.3583
   14044      34.0086
   14045      34.2417
   14046      33.7475
   14047      34.0594
   14048      34.0803
   14049      33.9765
   14050      34.3600
   14051      34.1420
   14052      34.4347
   14053      34.8159
   14054      34.1618
   14055      34.6343
   14056      34.8891
   14057      34.5420
   14058      34.3893
   14059      34.3677
   14060      34.4010
   14061      34.3369
   14062      34.3343
   14063      34.4755
   14064      34.3697
   14065      34.4926
   14066      34.5572
   14067      34.2654
   14068      34.2608
   14069      34.5480
   14070      34.8867
   14071      34.8036
   14072      34.7019
   14073      34.5886
   14074      34.5385
   14075      34.3091
   14076      34.1689
   14077      35.0073
   14078      34.4103
   14079      34.2314
   14080      34.1393
   14081      34.4360
   14082      34.7760
   14083      34.2723
   14084      34.2209
   14085      34.0975
   14086      34.4661
   14087      34.0501
   14088      34.2060
   14089      34.2579
   14090      34.2001
   14091      34.4688
   14092      34.3188
   14093      34.8040
   14094      34.3925
   14095      34.3923
   14096      34.4845
   14097      34.4794
   14098      34.1581
   14099      34.5055
   14100      34.7813
   14101      34.5225
   14102      34.4761
   14103      33.7517
   14104      34.4334
   14105      34.5436
   14106      34.5754
   14107      34.4130
   14108      34.0965
   14109      34.2235
   14110      33.7576
   14111      34.4658
   14112      33.9439
   14113      34.6121
   14114      34.5355
   14115      34.7068
   14116      34.3074
   14117      34.1987
   14118      34.4347
   14119      34.7833
   14120      34.5946
   14121      34.2263
   14122      34.4624
   14123      34.3159
   14124      34.4938
   14125      33.8565
   14126      33.9455
   14127      34.3772
   14128      34.3563
   14129      33.9519
   14130      34.2893
   14131      34.2605
   14132      33.9967
   14133      34.2532
   14134      34.4561
   14135      34.3007
   14136      34.5172
   14137      34.2250
   14138      34.4520
   14139      34.4152
   14140      34.3591
   14141      34.7826
   14142      34.6234
   14143      34.5148
   14144      34.7943
   14145      34.4440
   14146      34.2563
   14147      34.2312
   14148      34.4050
   14149      34.2428
   14150      33.9231
   14151      34.4257
   14152      34.3116
   14153      33.9252
   14154      34.0763
   14155      34.0815
   14156      34.1366
   14157      34.2708
   14158      34.2509
   14159      34.6638
   14160      33.7095
   14161      33.8358
   14162      34.2292
   14163      34.4257
   14164      34.0802
   14165      34.5102
   14166      34.4971
   14167      34.5851
   14168      34.7621
   14169      34.4553
   14170      34.3087
   14171      34.4467
   14172      34.9397
   14173      34.7343
   14174      34.8731
   14175      34.7359
   14176      34.6671
   14177      34.6026
   14178      34.4741
   14179      34.2432
   14180      34.5389
   14181      34.2040
   14182      34.1558
   14183      34.0176
   14184      33.7526
   14185      33.9535
   14186      33.5560
   14187      34.1626
   14188      34.0668
   14189      34.1294
   14190      34.8207
   14191      34.6909
   14192      34.9662
   14193      34.7577
   14194      34.5927
   14195      34.4575
   14196      34.8647
   14197      34.8011
   14198      34.7805
   14199      34.7749
   14200      34.6400
   14201      34.5595
   14202      34.3977
   14203      34.5138
   14204      34.6061
   14205      34.8425
   14206      35.0609
   14207      34.7536
   14208      34.4542
   14209      34.7415
   14210      34.7412
   14211      34.3839
   14212      34.7094
   14213      34.3824
   14214      34.5834
   14215      34.6264
   14216      34.1171
   14217      34.3561
   14218      34.6397
   14219      34.5031
   14220      34.8569
   14221      34.7066
   14222      34.7721
   14223      34.9151
   14224      34.9143
   14225      34.6712
   14226      34.6586
   14227      34.4791
   14228      34.7563
   14229      34.6177
   14230      34.7407
   14231      34.8674
   14232      34.7558
   14233      34.5202
   14234      34.9100
   14235      34.7483
   14236      34.3769
   14237      34.5336
   14238      35.1611
   14239      35.0721
   14240      34.5227
   14241      34.6663
   14242      34.3561
   14243      34.3715
   14244      34.2393
   14245      34.3155
   14246      34.6323
   14247      34.1816
   14248      34.1390
   14249      34.6622
   14250      34.1857
   14251      34.3792
   14252      34.9888
   14253      34.7048
   14254      34.3126
   14255      34.6645
   14256      34.5404
   14257      34.7421
   14258      34.6719
   14259      34.1238
   14260      34.8860
   14261      34.8029
   14262      34.5263
   14263      34.4765
   14264      34.7615
   14265      34.5577
   14266      33.8920
   14267      34.4941
   14268      34.2166
   14269      34.2505
   14270      34.1062
   14271      34.4012
   14272      34.2360
   14273      34.0912
   14274      34.5373
   14275      34.4167
   14276      34.0172
   14277      34.1263
   14278      34.0661
   14279      34.5543
   14280      34.3652
   14281      34.6998
   14282      34.5649
   14283      34.5605
   14284      34.9223
   14285      34.8550
   14286      34.5378
   14287      34.2928
   14288      34.1962
   14289      34.6463
   14290      34.6380
   14291      34.7241
   14292      34.9064
   14293      34.6326
   14294      34.6412
   14295      34.6429
   14296      35.0656
   14297      34.7498
   14298      35.2394
   14299      34.8890
   14300      34.6257
   14301      35.1962
   14302      34.9295
   14303      35.0991
   14304      34.9082
   14305      34.3428
   14306      34.8513
   14307      34.8328
   14308      34.8076
   14309      34.4533
   14310      34.5728
   14311      34.5852
   14312      34.6878
   14313      34.7119
   14314      34.9906
   14315      34.6165
   14316      34.6275
   14317      34.7082
   14318      34.5729
   14319      34.5931
   14320      35.0914
   14321      34.6372
   14322      34.5960
   14323      34.6821
   14324      34.9830
   14325      34.5637
   14326      34.6476
   14327      34.3384
   14328      34.5929
   14329      35.1431
   14330      34.5971
   14331      35.2600
   14332      35.1958
   14333      34.5671
   14334      34.5215
   14335      34.4898
   14336      34.5612
   14337      34.3887
   14338      34.7544
   14339      34.6330
   14340      34.1991
   14341      34.4523
   14342      34.7730
   14343      34.7176
   14344      34.9635
   14345      34.6691
   14346      34.6313
   14347      34.6234
   14348      34.4679
   14349      34.7769
   14350      34.7463
   14351      35.1095
   14352      34.9483
   14353      35.0202
   14354      34.8895
   14355      34.9781
   14356      35.2802
   14357      35.1879
   14358      35.3521
   14359      35.4103
   14360      35.0509
   14361      34.9626
   14362      35.0665
   14363      35.1028
   14364      35.0501
   14365      34.5993
   14366      34.8730
   14367      34.8669
   14368      34.9640
   14369      34.5329
   14370      34.0613
   14371      34.1179
   14372      34.4969
   14373      34.2861
   14374      34.1915
   14375      34.2317
   14376      34.0543
   14377      34.7929
   14378      34.4368
   14379      34.3949
   14380      34.2589
   14381      34.4489
   14382      34.2155
   14383      34.3550
   14384      34.2440
   14385      34.2927
   14386      34.0260
   14387      34.2792
   14388      34.4034
   14389      34.1604
   14390      34.7934
   14391      34.6200
   14392      34.7513
   14393      34.4617
   14394      34.2397
   14395      34.6369
   14396      34.5926
   14397      34.7234
   14398      34.4721
   14399      34.7028
   14400      34.4469
   14401      34.6351
   14402      34.7221
   14403      34.7194
   14404      34.6592
   14405      34.7317
   14406      34.2273
   14407      34.6520
   14408      34.4023
   14409      34.8899
   14410      34.6561
   14411      34.7022
   14412      35.0653
   14413      34.7088
   14414      34.6216
   14415      34.1957
   14416      34.4881
   14417      34.4303
   14418      34.1405
   14419      35.0530
   14420      34.5402
   14421      34.2915
   14422      34.2586
   14423      34.3990
   14424      34.6279
   14425      34.7688
   14426      34.6345
   14427      34.5248
   14428      35.1818
   14429      34.7749
   14430      34.7681
   14431      34.8046
   14432      34.6424
   14433      34.6306
   14434      34.6285
   14435      34.7103
   14436      34.7665
   14437      34.4673
   14438      35.0837
   14439      34.5690
   14440      34.4404
   14441      34.4632
   14442      34.6485
   14443      34.6114
   14444      34.3165
   14445      34.8652
   14446      34.1947
   14447      34.4501
   14448      34.2153
   14449      34.6705
   14450      34.4395
   14451      34.5030
   14452      34.7116
   14453      34.4083
   14454      35.0270
   14455      34.7332
   14456      35.1052
   14457      35.0590
   14458      35.1735
   14459      35.4264
   14460      34.9800
   14461      34.3659
   14462      34.8658
   14463      34.7994
   14464      34.8585
   14465      34.6962
   14466      34.7725
   14467      34.4330
   14468      34.4769
   14469      34.5824
   14470      34.7989
   14471      34.7184
   14472      34.8662
   14473      34.7242
   14474      34.9929
   14475      34.2817
   14476      34.5852
   14477      35.2067
   14478      34.9002
   14479      35.0059
   14480      35.2371
   14481      34.8227
   14482      34.7348
   14483      34.6951
   14484      34.2869
   14485      34.4330
   14486      34.8391
   14487      34.9249
   14488      34.7620
   14489      34.5598
   14490      34.9309
   14491      34.7687
   14492      34.6695
   14493      34.6768
   14494      34.7199
   14495      35.0157
   14496      34.5195
   14497      34.5711
   14498      34.2696
   14499      34.1763
   14500      34.5345
   14501      33.9417
   14502      34.4608
   14503      34.5514
   14504      34.4401
   14505      34.3591
   14506      34.3717
   14507      34.2255
   14508      34.4030
   14509      34.8407
   14510      34.8628
   14511      34.9025
   14512      34.8645
   14513      34.4963
   14514      34.8851
   14515      34.3689
   14516      34.5544
   14517      34.6982
   14518      34.8726
   14519      35.0707
   14520      34.6844
   14521      34.4580
   14522      34.8370
   14523      35.0818
   14524      34.6672
   14525      34.4159
   14526      34.2872
   14527      34.4424
   14528      34.2104
   14529      34.6426
   14530      34.5695
   14531      34.4683
   14532      34.6109
   14533      34.6437
   14534      34.7466
   14535      34.5408
   14536      34.9031
   14537      34.4204
   14538      34.6580
   14539      34.9240
   14540      34.4659
   14541      34.8612
   14542      34.3124
   14543      34.6604
   14544      34.8015
   14545      34.4954
   14546      34.2750
   14547      34.4024
   14548      34.5778
   14549      34.6463
   14550      34.6256
   14551      34.5762
   14552      34.2751
   14553      34.9797
   14554      34.6231
   14555      34.6912
   14556      34.5334
   14557      34.7368
   14558      34.2825
   14559      34.5263
   14560      33.9591
   14561      33.9755
   14562      34.2717
   14563      34.2484
   14564      34.0078
   14565      34.3549
   14566      34.3062
   14567      33.8587
   14568      34.1380
   14569      34.4653
   14570      34.2230
   14571      34.5120
   14572      34.1312
   14573      34.1608
   14574      34.0307
   14575      33.4135
   14576      34.0498
   14577      33.8247
   14578      33.5135
   14579      33.6628
   14580      33.9388
   14581      33.9246
   14582      33.6658
   14583      33.7682
   14584      33.7162
   14585      34.0252
   14586      33.8710
   14587      33.8469
   14588      33.7454
   14589      33.9505
   14590      33.9619
   14591      34.2780
   14592      34.2124
   14593      34.1978
   14594      34.1908
   14595      34.5946
   14596      34.4251
   14597      34.0603
   14598      34.3261
   14599      34.1719
   14600      34.0658
   14601      34.3654
   14602      33.9302
   14603      34.4428
   14604      33.6924
   14605      34.1658
   14606      33.8625
   14607      34.5188
   14608      34.4252
   14609      34.2226
   14610      34.0217
   14611      34.2931
   14612      33.8869
   14613      33.9693
   14614      33.6667
   14615      34.1583
   14616      33.5750
   14617      34.1701
   14618      33.7863
   14619      33.9031
   14620      33.6490
   14621      34.0736
   14622      33.8996
   14623      34.0023
   14624      34.3750
   14625      34.3304
   14626      34.1843
   14627      33.9414
   14628      34.2057
   14629      34.3955
   14630      33.8554
   14631      34.3194
   14632      34.1040
   14633      34.1939
   14634      34.0069
   14635      33.9092
   14636      33.7770
   14637      34.0424
   14638      33.9245
   14639      34.6215
   14640      34.6475
   14641      34.2363
   14642      34.1832
   14643      34.6477
   14644      34.8371
   14645      34.9945
   14646      34.0921
   14647      34.0832
   14648      34.4145
   14649      34.4401
   14650      33.9732
   14651      34.0116
   14652      34.1581
   14653      34.2610
   14654      34.3580
   14655      34.4641
   14656      34.2224
   14657      34.1424
   14658      34.5677
   14659      34.4314
   14660      34.1599
   14661      34.1626
   14662      34.7239
   14663      34.8413
   14664      34.2423
   14665      33.8841
   14666      34.1638
   14667      34.4779
   14668      34.6459
   14669      34.4287
   14670      34.0475
   14671      33.7725
   14672      33.9879
   14673      34.1993
   14674      34.3946
   14675      34.5569
   14676      34.5690
   14677      35.3663
   14678      34.8136
   14679      34.5953
   14680      34.8806
   14681      35.1149
   14682      34.9448
   14683      35.0649
   14684      34.9898
   14685      35.0890
   14686      34.7576
   14687      35.1010
   14688      35.1153
   14689      34.9589
   14690      34.7504
   14691      34.7245
   14692      34.6383
   14693      34.9532
   14694      35.1830
   14695      35.4521
   14696      35.6992
   14697      34.8081
   14698      35.0402
   14699      34.8899
   14700      35.1237
   14701      34.7393
   14702      35.0157
   14703      34.9817
   14704      35.2389
   14705      35.0462
   14706      35.0524
   14707      34.8769
   14708      34.8271
   14709      34.7896
   14710      34.8456
   14711      34.7887
   14712      34.8024
   14713      34.7154
   14714      34.3119
   14715      34.5754
   14716      34.3459
   14717      34.6548
   14718      34.9881
   14719      34.9231
   14720      34.2301
   14721      34.7891
   14722      34.5042
   14723      34.4605
   14724      34.2153
   14725      34.5303
   14726      35.0114
   14727      34.6262
   14728      34.5448
   14729      34.8805
   14730      34.2993
   14731      34.8094
   14732      34.8757
   14733      35.0799
   14734      35.2954
   14735      35.1707
   14736      35.1357
   14737      34.3945
   14738      34.4082
   14739      34.2412
   14740      34.1612
   14741      34.6916
   14742      35.3211
   14743      35.7377
   14744      35.6945
   14745      34.7859
   14746      34.9232
   14747      34.5933
   14748      34.5110
   14749      34.7105
   14750      34.5288
   14751      34.2825
   14752      34.2966
   14753      34.4956
   14754      34.5000
   14755      34.9108
   14756      34.5969
   14757      34.6399
   14758      34.7124
   14759      35.1530
   14760      34.5048
   14761      34.6608
   14762      34.5545
   14763      34.7435
   14764      34.5575
   14765      34.9495
   14766      34.8916
   14767      34.8325
   14768      34.5768
   14769      34.4469
   14770      34.7094
   14771      34.5062
   14772      34.5702
   14773      34.6871
   14774      35.1101
   14775      34.6410
   14776      34.3137
   14777      34.3198
   14778      34.7550
   14779      34.4853
   14780      34.6294
   14781      34.6720
   14782      34.8418
   14783      34.7763
   14784      34.6700
   14785      34.8735
   14786      34.8929
   14787      34.4816
   14788      34.8160
   14789      33.9473
   14790      34.6149
   14791      34.6137
   14792      34.5726
   14793      34.6904
   14794      34.7749
   14795      34.7571
   14796      34.8812
   14797      34.4483
   14798      34.7357
   14799      34.7102
   14800      34.4087
   14801      34.7011
   14802      34.9136
   14803      34.7167
   14804      34.8527
   14805      34.9531
   14806      34.3318
   14807      34.4918
   14808      34.5899
   14809      34.7425
   14810      34.5449
   14811      34.6950
   14812      34.7809
   14813      34.7634
   14814      34.7666
   14815      35.0991
   14816      34.7750
   14817      34.5410
   14818      34.7577
   14819      34.8104
   14820      34.8274
   14821      34.6396
   14822      34.9213
   14823      35.1512
   14824      34.9861
   14825      34.8151
   14826      35.2713
   14827      34.8929
   14828      34.8024
   14829      35.1050
   14830      35.0087
   14831      35.0046
   14832      34.9806
   14833      34.8945
   14834      34.5521
   14835      34.8394
   14836      34.9330
   14837      34.8322
   14838      34.6463
   14839      34.8841
   14840      34.5666
   14841      34.3692
   14842      34.4293
   14843      34.4118
   14844      34.3934
   14845      34.6105
   14846      34.7795
   14847      34.8039
   14848      34.4978
   14849      34.2527
   14850      34.4841
   14851      34.5468
   14852      34.5516
   14853      34.2030
   14854      34.3454
   14855      34.0495
   14856      34.2295
   14857      34.6597
   14858      34.2581
   14859      33.9539
   14860      34.1900
   14861      34.5372
   14862      34.2062
   14863      34.1065
   14864      34.0027
   14865      34.3332
   14866      34.2375
   14867      34.4343
   14868      34.5533
   14869      34.4603
   14870      34.1515
   14871      34.8975
   14872      34.1290
   14873      34.0737
   14874      33.9042
   14875      34.0915
   14876      33.9367
   14877      34.1569
   14878      34.6969
   14879      34.3959
   14880      34.6093
   14881      34.2993
   14882      34.3209
   14883      34.7341
   14884      33.9671
   14885      34.1812
   14886      34.6113
   14887      34.5026
   14888      33.8804
   14889      34.3332
   14890      34.2007
   14891      34.2346
   14892      34.1490
   14893      34.3995
   14894      34.4500
   14895      34.2035
   14896      34.4333
   14897      34.4552
   14898      34.3645
   14899      35.1802
   14900      35.0440
   14901      34.8610
   14902      34.6345
   14903      34.3583
   14904      34.5184
   14905      34.4991
   14906      34.9382
   14907      34.3950
   14908      35.1995
   14909      34.7908
   14910      34.4108
   14911      34.7887
   14912      34.7940
   14913      34.6874
   14914      34.6962
   14915      34.6356
   14916      34.8596
   14917      34.4438
   14918      34.5965
   14919      34.3298
   14920      34.7968
   14921      34.2292
   14922      34.5555
   14923      35.1290
   14924      34.2579
   14925      34.6022
   14926      34.4853
   14927      34.4342
   14928      34.3731
   14929      34.5727
   14930      34.7447
   14931      34.6895
   14932      34.5602
   14933      34.5490
   14934      34.5972
   14935      34.5171
   14936      34.5181
   14937      34.1770
   14938      34.7015
   14939      34.2421
   14940      34.1678
   14941      34.6134
   14942      34.6056
   14943      34.4661
   14944      34.6001
   14945      35.0609
   14946      34.8237
   14947      34.6979
   14948      34.5139
   14949      34.6487
   14950      34.9131
   14951      34.8199
   14952      35.1589
   14953      34.4748
   14954      34.7994
   14955      35.0416
   14956      34.6134
   14957      34.9027
   14958      34.3444
   14959      34.7699
   14960      34.7387
   14961      34.6242
   14962      35.0716
   14963      34.9160
   14964      34.7126
   14965      35.0885
   14966      35.0409
   14967      34.7537
   14968      34.5910
   14969      34.8137
   14970      34.5787
   14971      34.7681
   14972      34.5143
   14973      34.2580
   14974      34.4781
   14975      34.0974
   14976      34.6542
   14977      34.5724
   14978      34.7306
   14979      34.2867
   14980      34.0973
   14981      34.3553
   14982      34.5729
   14983      34.5878
   14984      34.6784
   14985      34.9269
   14986      34.6531
   14987      34.7320
   14988      34.6677
   14989      34.7025
   14990      35.1450
   14991      34.7306
   14992      35.0494
   14993      34.6302
   14994      35.0644
   14995      34.5276
   14996      34.9379
   14997      34.5085
   14998      34.6903
   14999      34.3235
   15000      34.1023
   15001      34.4659
   15002      34.7072
   15003      34.3564
   15004      34.2871
   15005      34.0510
   15006      34.7780
   15007      34.7261
   15008      34.6986
   15009      34.5095
   15010      34.4729
   15011      34.4356
   15012      34.0953
   15013      34.3309
   15014      34.5405
   15015      34.4709
   15016      34.3163
   15017      34.4962
   15018      34.7155
   15019      34.7044
   15020      34.5872
   15021      34.8869
   15022      34.5626
   15023      34.6113
   15024      34.6302
   15025      34.9314
   15026      35.0073
   15027      34.8272
   15028      34.7810
   15029      34.4946
   15030      34.8104
   15031      34.9060
   15032      34.4318
   15033      34.1839
   15034      34.1573
   15035      34.3746
   15036      34.7306
   15037      34.9475
   15038      34.6853
   15039      34.5741
   15040      34.5208
   15041      34.4600
   15042      34.8028
   15043      34.6161
   15044      34.5214
   15045      34.6517
   15046      34.4500
   15047      33.9869
   15048      34.2027
   15049      34.3013
   15050      34.5771
   15051      34.0383
   15052      34.2930
   15053      33.8455
   15054      33.7600
   15055      34.0915
   15056      34.1062
   15057      34.2865
   15058      34.0306
   15059      34.1593
   15060      34.2576
   15061      34.0510
   15062      34.2762
   15063      33.8725
   15064      33.9101
   15065      34.1091
   15066      34.4029
   15067      34.2705
   15068      34.1400
   15069      34.4387
   15070      34.9415
   15071      35.0506
   15072      34.7651
   15073      35.1856
   15074      34.7933
   15075      34.6277
   15076      35.2501
   15077      34.7729
   15078      35.1737
   15079      34.5514
   15080      34.6631
   15081      34.4210
   15082      34.3201
   15083      34.5542
   15084      34.3973
   15085      34.4479
   15086      35.0474
   15087      35.0982
   15088      34.7313
   15089      34.6782
   15090      34.5002
   15091      34.7812
   15092      34.6698
   15093      34.9037
   15094      34.4478
   15095      34.3702
   15096      34.2238
   15097      33.8680
   15098      34.4759
   15099      34.3063
   15100      34.3612
   15101      34.3802
   15102      34.3926
   15103      34.1549
   15104      33.8754
   15105      34.0178
   15106      34.1318
   15107      34.0083
   15108      33.8501
   15109      33.9825
   15110      34.0018
   15111      33.9244
   15112      34.1506
   15113      34.1004
   15114      34.3566
   15115      34.1777
   15116      34.2569
   15117      34.5022
   15118      33.9505
   15119      34.0291
   15120      34.1161
   15121      34.4757
   15122      34.5083
   15123      34.1967
   15124      34.0895
   15125      34.1919
   15126      34.5265
   15127      34.2394
   15128      34.2885
   15129      34.4750
   15130      34.5829
   15131      34.0945
   15132      33.9754
   15133      34.0351
   15134      33.9670
   15135      34.2234
   15136      34.1617
   15137      33.9597
   15138      33.8288
   15139      34.1558
   15140      34.3799
   15141      34.3457
   15142      34.3399
   15143      34.3879
   15144      34.0758
   15145      34.1947
   15146      34.3827
   15147      34.2744
   15148      34.5531
   15149      34.7577
   15150      34.0979
   15151      34.2801
   15152      33.9883
   15153      34.2068
   15154      34.1761
   15155      33.9573
   15156      34.5176
   15157      34.2567
   15158      34.2666
   15159      34.4532
   15160      34.2441
   15161      34.0795
   15162      34.5395
   15163      34.1574
   15164      34.1280
   15165      34.0523
   15166      34.4332
   15167      34.1905
   15168      34.4744
   15169      34.6857
   15170      34.8689
   15171      34.6647
   15172      34.5842
   15173      34.7168
   15174      34.8719
   15175      34.4273
   15176      34.7888
   15177      34.5787
   15178      34.8636
   15179      34.9587
   15180      35.0073
   15181      34.4273
   15182      34.6090
   15183      34.7422
   15184      34.9885
   15185      34.8494
   15186      34.7619
   15187      34.6456
   15188      35.2626
   15189      35.1505
   15190      34.7809
   15191      35.1331
   15192      35.0564
   15193      35.2800
   15194      35.0173
   15195      34.9661
   15196      34.8966
   15197      34.8167
   15198      34.6668
   15199      34.7726
   15200      34.3579
   15201      34.5870
   15202      34.7768
   15203      34.7144
   15204      34.9376
   15205      34.7194
   15206      34.7410
   15207      34.8261
   15208      34.8365
   15209      34.7969
   15210      34.4627
   15211      34.9397
   15212      34.9280
   15213      34.5677
   15214      34.7182
   15215      34.6749
   15216      34.6635
   15217      35.1127
   15218      34.7343
   15219      34.6781
   15220      34.2999
   15221      34.8454
   15222      34.5916
   15223      34.3611
   15224      34.8915
   15225      35.0002
   15226      34.4508
   15227      34.3871
   15228      34.8215
   15229      34.7060
   15230      34.9882
   15231      34.4805
   15232      34.6487
   15233      34.5097
   15234      34.2792
   15235      34.9573
   15236      35.1874
   15237      34.7320
   15238      34.5624
   15239      34.3414
   15240      34.3873
   15241      34.4186
   15242      34.4973
   15243      34.4504
   15244      34.3782
   15245      34.1022
   15246      34.5727
   15247      34.4479
   15248      33.8534
   15249      33.9557
   15250      34.1644
   15251      34.4255
   15252      33.6070
   15253      34.1264
   15254      33.9314
   15255      34.1531
   15256      34.0732
   15257      34.0320
   15258      33.9884
   15259      34.6306
   15260      34.2633
   15261      34.9399
   15262      34.3705
   15263      34.6486
   15264      34.3931
   15265      34.6558
   15266      34.3043
   15267      34.5091
   15268      34.4556
   15269      34.4454
   15270      34.1697
   15271      34.4674
   15272      34.7720
   15273      34.5667
   15274      34.5275
   15275      34.6332
   15276      35.0484
   15277      34.9003
   15278      34.8496
   15279      34.7419
   15280      34.7102
   15281      34.9378
   15282      35.0638
   15283      35.1625
   15284      34.6141
   15285      34.8122
   15286      34.6537
   15287      34.8441
   15288      34.9872
   15289      34.7567
   15290      34.8414
   15291      35.0649
   15292      34.7581
   15293      34.6197
   15294      34.8358
   15295      35.0488
   15296      35.3374
   15297      34.7231
   15298      35.2702
   15299      34.9690
   15300      35.0958
   15301      34.7975
   15302      34.4856
   15303      34.6103
   15304      34.4977
   15305      34.6488
   15306      34.6369
   15307      34.1677
   15308      34.6698
   15309      34.2834
   15310      34.7008
   15311      34.5673
   15312      35.1552
   15313      34.9062
   15314      34.6338
   15315      34.3587
   15316      34.5179
   15317      34.5144
   15318      34.4245
   15319      34.7512
   15320      34.2375
   15321      34.4567
   15322      34.2882
   15323      34.3782
   15324      34.5293
   15325      34.3075
   15326      34.7349
   15327      35.0119
   15328      34.6905
   15329      34.5497
   15330      34.7461
   15331      34.7052
   15332      34.3568
   15333      34.9874
   15334      35.0043
   15335      34.7630
   15336      34.5590
   15337      35.0616
   15338      34.5514
   15339      34.6734
   15340      34.4062
   15341      33.9863
   15342      34.2920
   15343      34.2166
   15344      34.8076
   15345      34.3320
   15346      34.3407
   15347      34.1211
   15348      34.4058
   15349      34.2909
   15350      34.4468
   15351      34.2296
   15352      34.8268
   15353      34.3974
   15354      34.4630
   15355      34.4939
   15356      34.6024
   15357      34.2968
   15358      34.5446
   15359      34.7394
   15360      35.1385
   15361      34.8256
   15362      35.1614
   15363      35.0660
   15364      35.0571
   15365      34.7784
   15366      34.5412
   15367      35.0572
   15368      35.0956
   15369      34.9507
   15370      34.5837
   15371      34.5443
   15372      34.7111
   15373      34.5207
   15374      34.4423
   15375      34.2637
   15376      34.4644
   15377      34.4167
   15378      34.4780
   15379      33.9541
   15380      34.5806
   15381      34.5159
   15382      34.7373
   15383      34.4364
   15384      33.9280
   15385      33.8834
   15386      33.7633
   15387      33.9200
   15388      34.2319
   15389      34.3291
   15390      34.4146
   15391      34.4701
   15392      34.1185
   15393      34.2893
   15394      34.6649
   15395      34.2604
   15396      34.6167
   15397      34.5654
   15398      34.3984
   15399      34.1528
   15400      34.5134
   15401      34.4422
   15402      34.3036
   15403      34.1592
   15404      34.0720
   15405      34.1721
   15406      33.9063
   15407      33.7983
   15408      33.8625
   15409      34.0529
   15410      33.8400
   15411      34.3205
   15412      34.1418
   15413      34.4273
   15414      34.5379
   15415      34.4317
   15416      34.3518
   15417      34.2884
   15418      34.5831
   15419      34.3384
   15420      34.1742
   15421      34.4767
   15422      34.2426
   15423      34.1921
   15424      34.6340
   15425      34.7236
   15426      34.5090
   15427      34.2593
   15428      34.4726
   15429      34.2615
   15430      34.3010
   15431      34.2521
   15432      34.2476
   15433      34.4111
   15434      34.3517
   15435      34.7781
   15436      34.5898
   15437      35.1192
   15438      34.5949
   15439      34.5721
   15440      34.4154
   15441      34.7181
   15442      34.2491
   15443      34.2329
   15444      34.5036
   15445      34.6990
   15446      34.6543
   15447      34.5348
   15448      34.3964
   15449      34.6799
   15450      34.8657
   15451      34.5772
   15452      34.1645
   15453      34.1426
   15454      34.2629
   15455      34.3588
   15456      34.1722
   15457      34.3881
   15458      34.3565
   15459      34.3725
   15460      34.2692
   15461      33.9963
   15462      33.7641
   15463      34.3361
   15464      34.2262
   15465      34.3121
   15466      34.3751
   15467      34.3903
   15468      34.4872
   15469      34.6074
   15470      34.1045
   15471      34.2364
   15472      34.2017
   15473      34.7285
   15474      34.4150
   15475      34.5287
   15476      34.9529
   15477      34.3731
   15478      34.6244
   15479      34.5496
   15480      34.9197
   15481      34.8852
   15482      34.7060
   15483      34.6191
   15484      34.6850
   15485      34.6610
   15486      34.9775
   15487      34.7911
   15488      34.6086
   15489      34.3119
   15490      35.0494
   15491      34.4715
   15492      34.5224
   15493      34.7557
   15494      34.6914
   15495      34.6163
   15496      34.9054
   15497      35.1390
   15498      35.3339
   15499      35.1563
   15500      35.4037
   15501      34.6988
   15502      34.8673
   15503      34.8827
   15504      35.2061
   15505      34.8652
   15506      35.1483
   15507      34.7863
   15508      35.3202
   15509      35.4382
   15510      35.2747
   15511      35.0593
   15512      34.9208
   15513      34.7404
   15514      35.2180
   15515      34.8181
   15516      34.6028
   15517      34.8836
   15518      34.5943
   15519      34.6264
   15520      34.8766
   15521      35.2201
   15522      34.9277
   15523      35.0501
   15524      34.5965
   15525      34.8297
   15526      34.4942
   15527      34.7218
   15528      34.6891
   15529      34.8270
   15530      34.7395
   15531      35.1174
   15532      34.7984
   15533      34.9263
   15534      34.8930
   15535      34.7828
   15536      34.8180
   15537      34.9346
   15538      35.0453
   15539      34.3320
   15540      34.9395
   15541      34.8516
   15542      35.0669
   15543      35.0593
   15544      34.7830
   15545      34.8061
   15546      34.9065
   15547      34.5591
   15548      34.7348
   15549      34.4795
   15550      35.0212
   15551      34.9302
   15552      35.0685
   15553      34.9356
   15554      35.0195
   15555      35.1109
   15556      34.5745
   15557      34.6441
   15558      34.8627
   15559      34.7537
   15560      34.9036
   15561      34.8140
   15562      34.9804
   15563      34.3792
   15564      34.7510
   15565      34.6270
   15566      34.7388
   15567      34.7209
   15568      34.6064
   15569      34.4381
   15570      34.4774
   15571      34.5121
   15572      34.7410
   15573      34.8601
   15574      35.1469
   15575      34.5974
   15576      34.8105
   15577      34.5060
   15578      34.7716
   15579      34.4062
   15580      34.5806
   15581      34.7737
   15582      34.7432
   15583      35.0616
   15584      34.6732
   15585      34.2660
   15586      34.8606
   15587      34.8693
   15588      34.7296
   15589      34.3439
   15590      34.2850
   15591      34.4135
   15592      34.3563
   15593      34.8192
   15594      34.4937
   15595      34.8413
   15596      34.7728
   15597      34.7325
   15598      34.5522
   15599      34.8467
   15600      34.7277
   15601      34.8597
   15602      34.4273
   15603      34.8504
   15604      34.4413
   15605      34.3952
   15606      34.9063
   15607      34.7941
   15608      34.9706
   15609      34.9598
   15610      35.3440
   15611      35.3265
   15612      35.3630
   15613      35.6129
   15614      35.2155
   15615      35.0240
   15616      35.0758
   15617      35.3652
   15618      35.1434
   15619      35.1607
   15620      35.0664
   15621      35.0360
   15622      35.3882
   15623      35.1401
   15624      35.0482
   15625      34.7677
   15626      35.0723
   15627      34.8882
   15628      34.7816
   15629      34.9833
   15630      34.9383
   15631      35.0413
   15632      35.2647
   15633      34.7717
   15634      35.1615
   15635      34.7321
   15636      35.0869
   15637      34.3168
   15638      34.1910
   15639      35.1287
   15640      34.5152
   15641      34.4787
   15642      34.3510
   15643      34.5418
   15644      34.6717
   15645      34.8284
   15646      34.2615
   15647      34.1808
   15648      34.2606
   15649      34.3549
   15650      34.2875
   15651      34.8119
   15652      34.8684
   15653      34.8502
   15654      34.9890
   15655      35.0006
   15656      34.8430
   15657      34.5099
   15658      34.8744
   15659      34.6946
   15660      34.4799
   15661      34.6494
   15662      34.7029
   15663      34.7457
   15664      34.4538
   15665      34.7074
   15666      34.9577
   15667      34.7450
   15668      34.4719
   15669      34.5600
   15670      34.7057
   15671      34.9892
   15672      34.4234
   15673      34.2956
   15674      34.3640
   15675      34.8609
   15676      35.1360
   15677      34.9499
   15678      35.1394
   15679      35.4054
   15680      35.2100
   15681      34.8928
   15682      34.8975
   15683      35.0930
   15684      35.2484
   15685      34.7377
   15686      35.0922
   15687      34.7359
   15688      35.0454
   15689      35.1192
   15690      34.8611
   15691      35.0764
   15692      34.9853
   15693      35.1053
   15694      35.1383
   15695      35.0114
   15696      35.1450
   15697      34.7263
   15698      34.8731
   15699      34.9242
   15700      35.0102
   15701      35.1985
   15702      35.0463
   15703      35.1397
   15704      35.0439
   15705      34.6130
   15706      35.3458
   15707      35.1614
   15708      35.4230
   15709      34.9263
   15710      35.2957
   15711      35.2194
   15712      34.8010
   15713      34.9669
   15714      34.5054
   15715      35.0747
   15716      34.8207
   15717      35.1224
   15718      34.7813
   15719      35.0802
   15720      35.0463
   15721      35.0600
   15722      34.8809
   15723      34.9773
   15724      35.0960
   15725      34.7942
   15726      34.7160
   15727      34.5661
   15728      34.7090
   15729      34.5593
   15730      34.4155
   15731      34.5010
   15732      34.6122
   15733      35.0759
   15734      34.9871
   15735      34.8217
   15736      34.8714
   15737      34.5252
   15738      34.4104
   15739      34.2140
   15740      34.6276
   15741      34.1305
   15742      34.7878
   15743      35.1478
   15744      35.0646
   15745      35.3133
   15746      34.9047
   15747      34.5260
   15748      34.1769
   15749      34.3711
   15750      34.1031
   15751      34.6462
   15752      35.2101
   15753      34.7467
   15754      34.4676
   15755      34.6353
   15756      34.7498
   15757      34.3463
   15758      34.5825
   15759      34.5738
   15760      35.0547
   15761      35.3072
   15762      35.0922
   15763      35.3908
   15764      35.1446
   15765      34.9476
   15766      34.5207
   15767      34.5525
   15768      35.0618
   15769      34.7444
   15770      34.9380
   15771      34.8688
   15772      34.3336
   15773      34.8985
   15774      34.8159
   15775      35.1573
   15776      34.8835
   15777      34.9122
   15778      34.6698
   15779      35.0561
   15780      34.6822
   15781      34.7420
   15782      34.7627
   15783      34.9735
   15784      34.5644
   15785      34.4403
   15786      34.6770
   15787      34.7115
   15788      34.2772
   15789      34.6789
   15790      34.6239
   15791      34.6758
   15792      34.8810
   15793      34.9628
   15794      34.6073
   15795      34.7643
   15796      35.2152
   15797      34.8901
   15798      34.5838
   15799      34.4185
   15800      34.7791
   15801      34.7070
   15802      34.1404
   15803      34.4419
   15804      34.3309
   15805      34.3809
   15806      34.3527
   15807      34.5225
   15808      34.7164
   15809      34.8419
   15810      34.9744
   15811      34.8713
   15812      35.0745
   15813      34.5882
   15814      34.9359
   15815      34.6681
   15816      34.4629
   15817      34.4603
   15818      34.2201
   15819      33.6459
   15820      34.3480
   15821      34.1538
   15822      34.2347
   15823      34.5409
   15824      34.4728
   15825      34.1480
   15826      34.3648
   15827      34.4804
   15828      34.5854
   15829      34.4297
   15830      34.4921
   15831      34.0466
   15832      34.5374
   15833      34.4479
   15834      33.7152
   15835      34.0811
   15836      34.3960
   15837      34.3388
   15838      33.9117
   15839      34.2268
   15840      33.8611
   15841      34.1671
   15842      33.8658
   15843      34.3301
   15844      34.1536
   15845      34.3412
   15846      34.2243
   15847      34.2758
   15848      34.5316
   15849      34.5655
   15850      34.7145
   15851      34.5621
   15852      34.0347
   15853      34.4467
   15854      34.3378
   15855      34.3466
   15856      34.1834
   15857      33.9809
   15858      34.2511
   15859      34.1783
   15860      34.2609
   15861      34.2050
   15862      33.7708
   15863      33.7812
   15864      34.2958
   15865      34.7046
   15866      34.1230
   15867      34.2964
   15868      33.8440
   15869      34.3973
   15870      34.0905
   15871      33.8202
   15872      34.2991
   15873      34.0503
   15874      34.4547
   15875      33.9601
   15876      34.0998
   15877      34.2257
   15878      34.0787
   15879      34.6401
   15880      34.7744
   15881      34.3984
   15882      35.1551
   15883      34.7387
   15884      34.5993
   15885      34.9200
   15886      34.7098
   15887      34.6493
   15888      34.6370
   15889      34.6195
   15890      34.0911
   15891      34.0203
   15892      33.9277
   15893      34.1529
   15894      34.1192
   15895      33.9980
   15896      34.1807
   15897      34.4237
   15898      33.9439
   15899      34.1399
   15900      33.9859
   15901      34.7291
   15902      34.3160
   15903      34.7736
   15904      34.5128
   15905      34.5514
   15906      34.6681
   15907      34.5490
   15908      34.0734
   15909      34.2281
   15910      34.2803
   15911      34.2685
   15912      34.4051
   15913      33.8053
   15914      34.1207
   15915      33.7491
   15916      34.0918
   15917      34.6017
   15918      34.1351
   15919      34.3472
   15920      33.9704
   15921      33.9296
   15922      34.2612
   15923      34.4356
   15924      34.2611
   15925      34.0022
   15926      34.1931
   15927      34.3200
   15928      34.2404
   15929      34.0811
   15930      34.4658
   15931      34.6696
   15932      34.6792
   15933      34.1621
   15934      34.0231
   15935      33.9843
   15936      34.1234
   15937      33.8839
   15938      33.8125
   15939      34.1754
   15940      33.8837
   15941      33.7339
   15942      33.7098
   15943      34.2090
   15944      33.8865
   15945      33.9576
   15946      33.5920
   15947      33.6282
   15948      34.2365
   15949      34.0414
   15950      34.1506
   15951      33.7441
   15952      34.1226
   15953      34.0697
   15954      33.9438
   15955      33.8984
   15956      34.1050
   15957      33.7890
   15958      33.6711
   15959      33.6891
   15960      33.9113
   15961      33.6993
   15962      33.3464
   15963      33.3992
   15964      33.5748
   15965      33.4378
   15966      33.4411
   15967      33.5165
   15968      33.4055
   15969      33.6264
   15970      33.8062
   15971      34.0930
   15972      33.8750
   15973      33.8371
   15974      33.5189
   15975      33.3946
   15976      33.2265
   15977      33.3759
   15978      33.6602
   15979      33.3943
   15980      33.8432
   15981      34.0645
   15982      33.8774
   15983      33.9888
   15984      33.6520
   15985      33.7258
   15986      33.8170
   15987      33.6021
   15988      33.7345
   15989      33.7133
   15990      33.5354
   15991      34.1241
   15992      33.8614
   15993      33.8194
   15994      34.1628
   15995      34.1551
   15996      33.6341
   15997      33.1691
   15998      33.6150
   15999      33.6106
   16000      33.5466
   16001      33.6912
   16002      33.7513
   16003      33.3610
   16004      34.1708
   16005      33.7643
   16006      33.7327
   16007      33.5630
   16008      33.3228
   16009      33.4171
   16010      33.5999
   16011      33.5912
   16012      33.7301
   16013      33.9604
   16014      34.0453
   16015      34.2037
   16016      33.6761
   16017      33.7404
   16018      33.4664
   16019      34.0750
   16020      34.4404
   16021      34.1562
   16022      34.0657
   16023      34.0670
   16024      33.8571
   16025      34.2693
   16026      34.3773
   16027      34.6744
   16028      34.2895
   16029      34.3611
   16030      34.0996
   16031      34.1255
   16032      33.7895
   16033      33.5261
   16034      33.4261
   16035      33.4377
   16036      33.2572
   16037      33.6101
   16038      33.1935
   16039      33.4137
   16040      33.3671
   16041      33.6896
   16042      33.8946
   16043      34.0077
   16044      33.8496
   16045      33.6707
   16046      33.8942
   16047      34.0137
   16048      33.7576
   16049      33.5626
   16050      33.6675
   16051      34.0319
   16052      33.8440
   16053      33.5295
   16054      33.9549
   16055      33.3238
   16056      33.6750
   16057      33.8900
   16058      33.9525
   16059      33.7189
   16060      33.8520
   16061      33.8607
   16062      33.7923
   16063      33.8638
   16064      34.0749
   16065      34.1180
   16066      34.0279
   16067      33.4375
   16068      33.8774
   16069      33.9549
   16070      33.9330
   16071      33.5710
   16072      33.9725
   16073      33.7528
   16074      34.0202
   16075      33.7657
   16076      34.0198
   16077      34.0744
   16078      34.4485
   16079      34.1798
   16080      34.2735
   16081      34.0660
   16082      34.0364
   16083      34.3673
   16084      34.2702
   16085      34.2843
   16086      34.1948
   16087      34.2327
   16088      34.4962
   16089      34.4906
   16090      34.4109
   16091      34.1417
   16092      33.9712
   16093      34.1756
   16094      34.0134
   16095      34.0166
   16096      34.0835
   16097      33.7499
   16098      33.8003
   16099      33.8441
   16100      33.8021
   16101      33.2215
   16102      33.7756
   16103      33.5780
   16104      34.1821
   16105      34.1985
   16106      33.9437
   16107      34.1357
   16108      33.9912
   16109      34.2061
   16110      33.9955
   16111      34.4096
   16112      34.4572
   16113      33.8919
   16114      34.1859
   16115      34.2676
   16116      34.0490
   16117      33.6942
   16118      34.1984
   16119      33.9050
   16120      33.8679
   16121      33.5592
   16122      33.9742
   16123      33.8877
   16124      34.0144
   16125      34.2468
   16126      34.0556
   16127      33.8548
   16128      33.4094
   16129      33.7650
   16130      33.5038
   16131      34.2807
   16132      33.8653
   16133      33.5126
   16134      33.7034
   16135      33.7270
   16136      33.5905
   16137      34.0056
   16138      33.5898
   16139      33.5792
   16140      33.5475
   16141      33.7153
   16142      33.8491
   16143      33.9181
   16144      33.7577
   16145      33.7338
   16146      34.0781
   16147      33.8844
   16148      33.8379
   16149      33.8797
   16150      33.9134
   16151      34.1188
   16152      33.8232
   16153      34.1568
   16154      34.2124
   16155      33.7764
   16156      34.0531
   16157      34.1593
   16158      34.0368
   16159      34.0209
   16160      33.6509
   16161      33.7189
   16162      33.7361
   16163      34.4656
   16164      33.9572
   16165      34.1714
   16166      34.4292
   16167      33.8339
   16168      33.7048
   16169      33.8591
   16170      33.9152
   16171      33.9773
   16172      33.8756
   16173      34.0164
   16174      33.3485
   16175      33.7740
   16176      34.2996
   16177      34.2695
   16178      34.6524
   16179      34.1628
   16180      34.2325
   16181      34.3602
   16182      34.3189
   16183      34.3273
   16184      34.0434
   16185      33.8037
   16186      33.8622
   16187      33.8257
   16188      33.8852
   16189      34.1651
   16190      34.2525
   16191      34.1041
   16192      33.4964
   16193      33.5691
   16194      34.3254
   16195      34.0701
   16196      34.5147
   16197      34.3708
   16198      34.1974
   16199      34.1504
   16200      33.8633
   16201      33.9554
   16202      33.8893
   16203      33.8122
   16204      33.7542
   16205      33.9866
   16206      33.8636
   16207      33.6692
   16208      33.2725
   16209      33.9315
   16210      33.6090
   16211      33.4578
   16212      34.0556
   16213      33.6579
   16214      33.4859
   16215      34.1366
   16216      34.0950
   16217      34.2610
   16218      33.9675
   16219      33.6759
   16220      33.7844
   16221      34.1656
   16222      34.0767
   16223      33.9576
   16224      33.7414
   16225      33.9090
   16226      33.8571
   16227      33.7782
   16228      34.1751
   16229      34.2250
   16230      34.4002
   16231      34.4087
   16232      34.0950
   16233      34.0079
   16234      33.9139
   16235      34.2280
   16236      33.9881
   16237      34.0899
   16238      33.9963
   16239      34.0999
   16240      33.7121
   16241      34.1555
   16242      33.8352
   16243      34.3227
   16244      33.8147
   16245      33.8314
   16246      33.8744
   16247      34.0812
   16248      33.6904
   16249      34.0144
   16250      33.8765
   16251      34.0325
   16252      33.9171
   16253      33.7940
   16254      34.2218
   16255      34.0613
   16256      34.2035
   16257      34.1209
   16258      34.0933
   16259      34.2344
   16260      34.3735
   16261      33.8186
   16262      34.3487
   16263      34.1868
   16264      34.0993
   16265      34.3828
   16266      34.5373
   16267      34.1792
   16268      33.9208
   16269      33.7909
   16270      33.8570
   16271      33.9016
   16272      34.3299
   16273      34.2687
   16274      34.2241
   16275      34.3163
   16276      34.3090
   16277      33.9291
   16278      33.9279
   16279      34.0304
   16280      34.0501
   16281      33.9661
   16282      34.0962
   16283      33.7944
   16284      34.0038
   16285      34.0282
   16286      34.1154
   16287      33.8821
   16288      33.8996
   16289      34.1718
   16290      33.7434
   16291      33.6801
   16292      34.1473
   16293      34.2723
   16294      33.9777
   16295      33.6068
   16296      33.5722
   16297      33.7872
   16298      34.1434
   16299      33.9695
   16300      34.0064
   16301      33.8430
   16302      33.9243
   16303      33.7550
   16304      33.8816
   16305      34.1160
   16306      33.7932
   16307      33.6314
   16308      33.7050
   16309      33.8974
   16310      34.1938
   16311      33.8634
   16312      34.0229
   16313      34.4780
   16314      34.1104
   16315      34.3121
   16316      33.9568
   16317      34.0095
   16318      34.0851
   16319      34.2030
   16320      34.4553
   16321      34.1414
   16322      34.1122
   16323      33.9533
   16324      34.5246
   16325      34.1997
   16326      34.1715
   16327      34.4559
   16328      33.8885
   16329      34.1024
   16330      34.0858
   16331      34.0636
   16332      33.8591
   16333      33.5561
   16334      33.8967
   16335      33.9359
   16336      33.7817
   16337      33.7788
   16338      33.8442
   16339      33.7280
   16340      33.7983
   16341      33.7888
   16342      33.7451
   16343      33.8662
   16344      33.6648
   16345      33.8092
   16346      33.9726
   16347      34.0577
   16348      33.8786
   16349      33.7100
   16350      33.6731
   16351      33.6415
   16352      34.2245
   16353      33.9219
   16354      34.0709
   16355      34.1794
   16356      33.8804
   16357      34.4004
   16358      34.0850
   16359      34.2263
   16360      33.9341
   16361      33.9652
   16362      33.8933
   16363      34.0002
   16364      33.6877
   16365      34.1815
   16366      34.2412
   16367      34.1781
   16368      34.1791
   16369      34.5181
   16370      34.1849
   16371      34.0040
   16372      33.9175
   16373      34.3652
   16374      33.8686
   16375      33.9326
   16376      33.9209
   16377      33.9390
   16378      33.2905
   16379      33.8399
   16380      33.7463
   16381      33.5771
   16382      33.7448
   16383      33.8165
   16384      33.5487
   16385      33.6986
   16386      33.9732
   16387      33.8004
   16388      33.7375
   16389      33.5449
   16390      33.5081
   16391      33.4813
   16392      33.2942
   16393      33.8754
   16394      33.7400
   16395      33.5528
   16396      33.6360
   16397      34.0753
   16398      34.4532
   16399      34.1860
   16400      34.4138
   16401      34.2990
   16402      34.2009
   16403      34.1575
   16404      33.8190
   16405      33.4909
   16406      33.8621
   16407      33.8512
   16408      34.0142
   16409      34.3002
   16410      34.1522
   16411      34.2464
   16412      34.2078
   16413      34.4515
   16414      34.3003
   16415      34.4451
   16416      34.4476
   16417      34.5510
   16418      34.3484
   16419      34.0819
   16420      33.9187
   16421      34.1200
   16422      34.5021
   16423      33.8315
   16424      33.6591
   16425      34.0415
   16426      34.2178
   16427      33.6585
   16428      34.2165
   16429      33.6484
   16430      33.9157
   16431      33.7467
   16432      34.0271
   16433      33.7738
   16434      33.5537
   16435      33.8846
   16436      34.0008
   16437      34.1637
   16438      33.8520
   16439      33.9504
   16440      34.1687
   16441      33.7279
   16442      33.8111
   16443      34.0081
   16444      33.9158
   16445      33.8265
   16446      33.8117
   16447      34.0882
   16448      34.4043
   16449      34.0293
   16450      34.3349
   16451      33.8619
   16452      33.9664
   16453      33.8955
   16454      33.5552
   16455      34.2288
   16456      34.1536
   16457      33.8695
   16458      34.2401
   16459      34.1633
   16460      33.9980
   16461      34.3538
   16462      34.0087
   16463      33.8545
   16464      33.9769
   16465      33.9476
   16466      33.9118
   16467      34.0850
   16468      34.1767
   16469      34.1811
   16470      34.1918
   16471      34.0912
   16472      33.9475
   16473      33.6054
   16474      33.9303
   16475      33.5792
   16476      34.1486
   16477      33.3661
   16478      34.1126
   16479      33.3660
   16480      33.7165
   16481      33.9371
   16482      33.9918
   16483      33.8242
   16484      33.6984
   16485      33.4401
   16486      33.9645
   16487      33.8263
   16488      33.2793
   16489      33.4563
   16490      33.4089
   16491      33.9646
   16492      33.7653
   16493      33.6749
   16494      33.9732
   16495      33.7975
   16496      33.9808
   16497      33.7215
   16498      33.9456
   16499      33.8610
   16500      33.5605
   16501      33.4494
   16502      33.3484
   16503      33.6963
   16504      33.8151
   16505      34.0690
   16506      34.0240
   16507      33.8341
   16508      33.7110
   16509      34.0435
   16510      33.9988
   16511      33.8822
   16512      34.1800
   16513      33.9410
   16514      33.5907
   16515      34.3826
   16516      34.2712
   16517      33.8900
   16518      33.9589
   16519      34.3215
   16520      34.1830
   16521      34.3308
   16522      34.4110
   16523      33.9395
   16524      34.5513
   16525      34.2822
   16526      34.2721
   16527      34.1832
   16528      34.2451
   16529      34.1652
   16530      34.4972
   16531      34.4433
   16532      34.2544
   16533      34.0657
   16534      34.2550
   16535      34.2792
   16536      34.4822
   16537      34.5990
   16538      34.6595
   16539      34.5547
   16540      34.3807
   16541      34.4311
   16542      33.8818
   16543      34.3118
   16544      34.2820
   16545      34.3831
   16546      34.1840
   16547      33.9461
   16548      33.7934
   16549      34.2602
   16550      34.1103
   16551      33.8935
   16552      34.1316
   16553      33.9629
   16554      33.9800
   16555      34.1658
   16556      34.5820
   16557      34.5998
   16558      34.3175
   16559      34.2314
   16560      34.2595
   16561      34.2692
   16562      34.1727
   16563      34.1893
   16564      34.0617
   16565      33.9759
   16566      34.2066
   16567      34.4411
   16568      34.4161
   16569      34.3637
   16570      34.0261
   16571      33.6905
   16572      33.9981
   16573      34.2617
   16574      34.2088
   16575      34.2258
   16576      33.7244
   16577      34.1403
   16578      33.7140
   16579      33.7708
   16580      34.0633
   16581      33.9858
   16582      33.9894
   16583      34.4476
   16584      34.3825
   16585      34.0948
   16586      33.9721
   16587      33.9939
   16588      33.8098
   16589      34.0890
   16590      33.8323
   16591      34.4529
   16592      34.4637
   16593      34.2690
   16594      34.1878
   16595      33.9315
   16596      34.3156
   16597      34.2788
   16598      34.2699
   16599      34.1980
   16600      34.7588
   16601      34.2619
   16602      34.6802
   16603      34.7626
   16604      34.4280
   16605      34.0666
   16606      34.1807
   16607      34.2515
   16608      34.1466
   16609      34.3580
   16610      34.3875
   16611      34.4318
   16612      34.1469
   16613      34.2569
   16614      34.3817
   16615      34.4615
   16616      34.3181
   16617      34.5491
   16618      34.1307
   16619      34.3262
   16620      34.2346
   16621      34.5055
   16622      34.1017
   16623      33.9843
   16624      34.0627
   16625      34.0870
   16626      34.3631
   16627      34.4788
   16628      34.1845
   16629      34.3720
   16630      34.6979
   16631      34.2723
   16632      34.1575
   16633      34.2269
   16634      34.1367
   16635      34.0657
   16636      34.5849
   16637      34.2658
   16638      34.3503
   16639      34.1159
   16640      34.0688
   16641      34.5053
   16642      34.4589
   16643      34.5707
   16644      34.5441
   16645      34.2756
   16646      33.8337
   16647      34.0850
   16648      34.4359
   16649      34.0315
   16650      34.1761
   16651      34.1931
   16652      33.8083
   16653      34.0774
   16654      33.4204
   16655      34.2740
   16656      34.4142
   16657      34.2024
   16658      33.9950
   16659      34.4470
   16660      34.1523
   16661      34.7039
   16662      34.7059
   16663      34.4487
   16664      34.3658
   16665      34.2053
   16666      34.4031
   16667      34.4785
   16668      34.3769
   16669      34.1777
   16670      34.4246
   16671      34.7762
   16672      34.7719
   16673      34.3395
   16674      34.8865
   16675      34.4320
   16676      34.2179
   16677      34.5587
   16678      34.1952
   16679      34.2399
   16680      34.4698
   16681      34.2317
   16682      33.9377
   16683      34.1522
   16684      34.5841
   16685      34.7263
   16686      34.3252
   16687      34.3176
   16688      34.3297
   16689      34.5781
   16690      34.5804
   16691      34.4192
   16692      34.4857
   16693      34.3092
   16694      34.3592
   16695      34.2453
   16696      34.6225
   16697      34.2034
   16698      34.1457
   16699      34.5472
   16700      34.0435
   16701      34.8381
   16702      34.4534
   16703      34.5716
   16704      34.0641
   16705      34.4664
   16706      34.1210
   16707      34.1487
   16708      34.4354
   16709      34.0671
   16710      34.1835
   16711      33.6314
   16712      33.4995
   16713      34.0825
   16714      33.5778
   16715      33.9798
   16716      33.9786
   16717      34.1788
   16718      34.5580
   16719      34.3372
   16720      34.0770
   16721      34.3440
   16722      34.3626
   16723      34.1897
   16724      34.2640
   16725      34.3446
   16726      34.3978
   16727      34.3079
   16728      33.8916
   16729      34.2337
   16730      33.7569
   16731      33.8094
   16732      34.3737
   16733      34.0345
   16734      34.1579
   16735      34.0638
   16736      33.8793
   16737      34.3907
   16738      34.2545
   16739      33.8403
   16740      33.8251
   16741      33.8979
   16742      33.7940
   16743      34.3084
   16744      34.2447
   16745      34.3299
   16746      34.2664
   16747      34.3771
   16748      34.2938
   16749      34.0543
   16750      34.0895
   16751      34.1938
   16752      34.2732
   16753      33.4305
   16754      33.8471
   16755      33.6001
   16756      34.0181
   16757      34.4732
   16758      34.0993
   16759      34.3985
   16760      34.7770
   16761      34.3365
   16762      33.7644
   16763      33.9134
   16764      33.6767
   16765      34.1182
   16766      34.0339
   16767      34.2985
   16768      34.1475
   16769      34.1825
   16770      33.8921
   16771      34.2122
   16772      34.1920
   16773      34.0681
   16774      34.0415
   16775      34.2219
   16776      33.7474
   16777      33.8760
   16778      33.9115
   16779      33.8183
   16780      33.8118
   16781      34.1819
   16782      34.4165
   16783      33.8972
   16784      34.2838
   16785      33.9304
   16786      33.8106
   16787      33.6108
   16788      33.5662
   16789      33.8323
   16790      34.2040
   16791      34.0608
   16792      34.2848
   16793      33.9575
   16794      33.6099
   16795      34.0827
   16796      33.8304
   16797      33.9399
   16798      33.7197
   16799      34.3435
   16800      34.3412
   16801      34.0113
   16802      34.5146
   16803      34.0454
   16804      34.0951
   16805      34.3601
   16806      34.2928
   16807      34.1323
   16808      34.4638
   16809      34.0394
   16810      34.0682
   16811      34.0891
   16812      34.2744
   16813      34.2772
   16814      34.3137
   16815      34.1242
   16816      33.9013
   16817      34.0304
   16818      34.2131
   16819      33.8820
   16820      34.2948
   16821      34.0933
   16822      34.2167
   16823      34.3178
   16824      34.0192
   16825      34.1555
   16826      33.8447
   16827      34.0247
   16828      34.1337
   16829      34.1328
   16830      34.2089
   16831      33.9522
   16832      33.7202
   16833      34.0554
   16834      33.9761
   16835      33.8655
   16836      34.2008
   16837      34.1500
   16838      34.0920
   16839      34.0903
   16840      34.0918
   16841      34.2458
   16842      34.1964
   16843      33.6701
   16844      34.1406
   16845      33.7695
   16846      33.8860
   16847      34.1285
   16848      34.1533
   16849      33.9023
   16850      34.1301
   16851      34.0296
   16852      34.2765
   16853      34.1337
   16854      34.0614
   16855      33.7484
   16856      33.9184
   16857      34.1036
   16858      33.9146
   16859      34.2800
   16860      34.1548
   16861      34.3733
   16862      33.7721
   16863      33.7908
   16864      34.1097
   16865      34.4059
   16866      34.6981
   16867      34.3321
   16868      34.1897
   16869      34.2638
   16870      34.1652
   16871      34.0084
   16872      34.0657
   16873      34.0839
   16874      33.9539
   16875      33.8466
   16876      33.6981
   16877      33.5198
   16878      34.1453
   16879      33.8315
   16880      33.3483
   16881      33.5077
   16882      33.4532
   16883      33.3604
   16884      33.5963
   16885      34.0391
   16886      33.8950
   16887      34.0087
   16888      33.6370
   16889      33.6831
   16890      33.5043
   16891      33.7002
   16892      33.8114
   16893      33.8215
   16894      33.8218
   16895      33.5101
   16896      34.2432
   16897      33.9024
   16898      34.3929
   16899      34.0397
   16900      33.9445
   16901      33.5833
   16902      34.2849
   16903      33.7531
   16904      34.3830
   16905      34.3269
   16906      34.0195
   16907      34.3988
   16908      34.1527
   16909      33.7138
   16910      34.3961
   16911      34.1337
   16912      34.3085
   16913      33.3420
   16914      33.8624
   16915      34.4837
   16916      33.8848
   16917      34.0273
   16918      34.3076
   16919      34.3797
   16920      34.3196
   16921      33.7062
   16922      33.4387
   16923      33.5906
   16924      33.8239
   16925      33.7999
   16926      33.3982
   16927      33.5785
   16928      33.4375
   16929      33.7372
   16930      33.1994
   16931      33.6492
   16932      33.6338
   16933      33.6048
   16934      33.7805
   16935      33.4903
   16936      33.4759
   16937      33.3421
   16938      33.5821
   16939      33.3405
   16940      33.6559
   16941      33.8949
   16942      33.8549
   16943      33.9794
   16944      34.0048
   16945      33.7363
   16946      33.3493
   16947      33.8105
   16948      33.7851
   16949      34.0480
   16950      33.2409
   16951      33.7673
   16952      33.7578
   16953      33.6951
   16954      33.9745
   16955      34.0388
   16956      33.7937
   16957      33.4252
   16958      33.7691
   16959      33.9318
   16960      33.8011
   16961      34.0661
   16962      34.2495
   16963      33.5157
   16964      33.9848
   16965      34.5274
   16966      34.0485
   16967      34.3672
   16968      33.8958
   16969      33.8935
   16970      33.8736
   16971      33.7649
   16972      33.7376
   16973      33.6876
   16974      33.4778
   16975      33.8053
   16976      33.7200
   16977      33.7290
   16978      33.9238
   16979      33.7930
   16980      33.7654
   16981      34.0363
   16982      34.1178
   16983      34.5076
   16984      34.2323
   16985      33.8929
   16986      34.2662
   16987      34.0095
   16988      34.1456
   16989      34.3102
   16990      33.7758
   16991      34.4125
   16992      34.2349
   16993      34.3160
   16994      34.3012
   16995      34.2004
   16996      34.0463
   16997      33.6068
   16998      34.3019
   16999      34.3960
   17000      34.4635
   17001      34.2268
   17002      33.9609
   17003      34.1665
   17004      34.0414
   17005      34.4095
   17006      34.3159
   17007      33.9280
   17008      34.1238
   17009      34.1944
   17010      34.0082
   17011      34.2992
   17012      34.3416
   17013      34.1417
   17014      33.9522
   17015      34.3267
   17016      34.1196
   17017      34.1910
   17018      33.9673
   17019      33.7940
   17020      33.9408
   17021      34.0092
   17022      33.7588
   17023      33.9521
   17024      33.9448
   17025      34.1088
   17026      33.9757
   17027      34.0349
   17028      34.3410
   17029      34.3225
   17030      34.3500
   17031      34.4535
   17032      34.5202
   17033      34.0190
   17034      34.0216
   17035      33.9492
   17036      33.9320
   17037      34.0700
   17038      33.5140
   17039      33.8812
   17040      34.1099
   17041      33.9945
   17042      33.9930
   17043      34.1330
   17044      34.5610
   17045      34.0315
   17046      33.7108
   17047      33.5285
   17048      33.5394
   17049      33.5021
   17050      33.3886
   17051      33.6037
   17052      33.7085
   17053      33.9961
   17054      33.9004
   17055      33.8253
   17056      34.1930
   17057      34.3640
   17058      34.2482
   17059      34.2132
   17060      34.3361
   17061      34.1089
   17062      34.1572
   17063      34.3511
   17064      34.1468
   17065      33.8158
   17066      33.8203
   17067      34.0579
   17068      34.2669
   17069      34.3864
   17070      34.3690
   17071      34.1805
   17072      33.8993
   17073      33.2743
   17074      33.6496
   17075      34.0750
   17076      33.9695
   17077      33.9229
   17078      33.9714
   17079      33.9429
   17080      33.7600
   17081      33.9731
   17082      34.6488
   17083      34.6506
   17084      33.9125
   17085      33.9939
   17086      34.5713
   17087      34.5227
   17088      34.5007
   17089      34.3487
   17090      34.5577
   17091      34.3193
   17092      33.8876
   17093      34.0909
   17094      33.8586
   17095      33.7294
   17096      33.8253
   17097      33.7911
   17098      34.1916
   17099      34.2381
   17100      34.1699
   17101      34.2109
   17102      34.5179
   17103      33.9847
   17104      34.2012
   17105      34.1982
   17106      34.1649
   17107      34.3099
   17108      34.2820
   17109      34.0050
   17110      34.1612
   17111      34.3149
   17112      33.6601
   17113      34.1290
   17114      33.8672
   17115      34.2041
   17116      34.1447
   17117      33.7673
   17118      33.8978
   17119      34.0408
   17120      34.1091
   17121      34.0218
   17122      33.7617
   17123      33.8831
   17124      34.1589
   17125      34.0792
   17126      33.8840
   17127      33.6251
   17128      33.5081
   17129      33.7487
   17130      33.6976
   17131      33.4624
   17132      33.8181
   17133      33.6305
   17134      34.1111
   17135      33.8038
   17136      34.0423
   17137      34.0005
   17138      33.9235
   17139      34.1406
   17140      33.9712
   17141      33.9592
   17142      33.7449
   17143      33.8698
   17144      34.3561
   17145      34.3171
   17146      34.3589
   17147      34.2044
   17148      33.8588
   17149      34.0052
   17150      34.3023
   17151      33.4868
   17152      33.7261
   17153      34.2060
   17154      33.7658
   17155      33.9868
   17156      34.1223
   17157      34.2132
   17158      34.6394
   17159      33.8717
   17160      34.1985
   17161      33.9530
   17162      34.3711
   17163      34.3584
   17164      34.1434
   17165      34.2385
   17166      34.0658
   17167      33.9145
   17168      33.8601
   17169      33.8600
   17170      34.0723
   17171      34.2111
   17172      34.4527
   17173      34.0774
   17174      33.7989
   17175      34.4025
   17176      34.4058
   17177      34.4443
   17178      34.2590
   17179      34.1842
   17180      34.5296
   17181      34.1209
   17182      34.6428
   17183      34.4202
   17184      34.2391
   17185      34.2240
   17186      34.2029
   17187      34.4238
   17188      34.4017
   17189      33.7405
   17190      34.2965
   17191      34.6188
   17192      34.3610
   17193      34.3554
   17194      34.3996
   17195      34.2476
   17196      34.3303
   17197      34.0254
   17198      34.2913
   17199      34.2675
   17200      34.0690
   17201      34.6844
   17202      34.4342
   17203      34.5605
   17204      34.4622
   17205      34.3251
   17206      34.6146
   17207      34.5310
   17208      34.4183
   17209      34.4941
   17210      34.1848
   17211      34.6573
   17212      34.3367
   17213      34.6067
   17214      34.5997
   17215      34.3599
   17216      34.2963
   17217      34.2320
   17218      34.1425
   17219      34.4769
   17220      34.0132
   17221      34.2694
   17222      34.4937
   17223      34.7146
   17224      34.4211
   17225      34.6931
   17226      34.4386
   17227      34.4051
   17228      34.8643
   17229      34.8662
   17230      34.8927
   17231      34.4960
   17232      34.8722
   17233      34.6460
   17234      34.4002
   17235      34.2794
   17236      34.4760
   17237      34.4761
   17238      34.3401
   17239      34.7313
   17240      34.4132
   17241      34.3282
   17242      34.2319
   17243      34.4703
   17244      34.2279
   17245      34.2564
   17246      34.1898
   17247      34.1580
   17248      34.8112
   17249      34.2934
   17250      34.2349
   17251      34.7481
   17252      34.7812
   17253      34.8745
   17254      34.5012
   17255      34.5747
   17256      34.1503
   17257      34.3186
   17258      34.2343
   17259      34.2711
   17260      34.5086
   17261      34.7502
   17262      34.3498
   17263      34.6067
   17264      34.4515
   17265      34.3731
   17266      34.2538
   17267      34.4936
   17268      34.0344
   17269      34.3125
   17270      34.3928
   17271      34.8433
   17272      34.6651
   17273      34.5265
   17274      34.8164
   17275      34.8089
   17276      34.2858
   17277      34.4395
   17278      34.5550
   17279      34.4880
   17280      34.6264
   17281      34.5409
   17282      34.4176
   17283      34.3453
   17284      33.6243
   17285      33.9728
   17286      33.9380
   17287      34.2058
   17288      34.6615
   17289      34.2815
   17290      34.1314
   17291      35.0845
   17292      34.6628
   17293      34.5429
   17294      34.9903
   17295      35.0048
   17296      34.1885
   17297      33.8735
   17298      34.4051
   17299      34.5839
   17300      34.0185
   17301      34.1873
   17302      34.6628
   17303      34.1232
   17304      34.3419
   17305      34.2686
   17306      34.4271
   17307      34.1202
   17308      34.2636
   17309      34.3742
   17310      33.9312
   17311      34.5095
   17312      34.3522
   17313      34.2752
   17314      34.4464
   17315      34.1840
   17316      34.4444
   17317      34.6271
   17318      34.6229
   17319      34.4872
   17320      34.3130
   17321      34.5153
   17322      34.5579
   17323      34.5093
   17324      34.3378
   17325      34.5270
   17326      34.0038
   17327      34.0825
   17328      33.8849
   17329      34.3401
   17330      34.3160
   17331      33.9297
   17332      33.8351
   17333      33.7898
   17334      33.7872
   17335      34.0354
   17336      34.1061
   17337      34.2983
   17338      34.0485
   17339      33.8898
   17340      34.1225
   17341      34.2893
   17342      34.5083
   17343      34.5715
   17344      34.4155
   17345      34.9139
   17346      34.6732
   17347      34.9538
   17348      34.7529
   17349      34.5421
   17350      34.0268
   17351      34.7225
   17352      34.8038
   17353      34.6440
   17354      34.7653
   17355      34.6633
   17356      34.4901
   17357      34.2128
   17358      34.3636
   17359      34.3465
   17360      34.2318
   17361      34.2644
   17362      34.0588
   17363      34.5880
   17364      34.6090
   17365      34.7262
   17366      34.6157
   17367      34.4949
   17368      34.6294
   17369      34.5772
   17370      34.0757
   17371      34.4355
   17372      34.4441
   17373      34.2873
   17374      34.3099
   17375      34.3720
   17376      34.2429
   17377      34.1545
   17378      34.1797
   17379      34.1381
   17380      34.6740
   17381      34.3796
   17382      34.4714
   17383      34.5135
   17384      34.6378
   17385      34.7275
   17386      34.6846
   17387      35.0193
   17388      35.3685
   17389      35.0785
   17390      34.7403
   17391      34.6661
   17392      34.8760
   17393      34.9976
   17394      34.9516
   17395      35.4457
   17396      35.2438
   17397      35.0449
   17398      35.4236
   17399      34.8626
   17400      34.6911
   17401      34.7361
   17402      34.6083
   17403      35.1465
   17404      34.8749
   17405      34.7689
   17406      34.9285
   17407      35.1444
   17408      35.0144
   17409      34.8285
   17410      35.0028
   17411      34.7061
   17412      34.9751
   17413      34.6630
   17414      34.7353
   17415      35.0180
   17416      34.4148
   17417      34.3466
   17418      34.5871
   17419      34.6424
   17420      34.7033
   17421      34.6156
   17422      34.6541
   17423      34.5579
   17424      34.7531
   17425      34.7311
   17426      34.9890
   17427      34.7999
   17428      34.4706
   17429      34.9939
   17430      34.8951
   17431      34.5141
   17432      34.6579
   17433      34.7308
   17434      34.6318
   17435      34.6068
   17436      34.8231
   17437      35.0309
   17438      35.3946
   17439      35.3692
   17440      34.8609
   17441      34.9019
   17442      34.9420
   17443      34.9694
   17444      35.4216
   17445      35.5289
   17446      35.3533
   17447      35.0644
   17448      34.6426
   17449      34.4919
   17450      34.2476
   17451      34.9227
   17452      34.3209
   17453      34.3433
   17454      34.3170
   17455      34.4879
   17456      34.4387
   17457      34.6151
   17458      34.6340
   17459      34.3457
   17460      34.1708
   17461      34.0007
   17462      34.4664
   17463      34.3330
   17464      34.5661
   17465      34.8138
   17466      34.3951
   17467      34.5010
   17468      34.6714
   17469      34.9267
   17470      34.9373
   17471      35.3096
   17472      34.8875
   17473      35.0149
   17474      35.2482
   17475      35.1132
   17476      35.4576
   17477      34.6102
   17478      34.6098
   17479      34.7681
   17480      34.8779
   17481      34.6775
   17482      34.4869
   17483      35.0752
   17484      35.0279
   17485      34.6231
   17486      34.7075
   17487      34.9392
   17488      34.7786
   17489      34.9138
   17490      34.7269
   17491      34.8106
   17492      34.9359
   17493      34.6520
   17494      34.8605
   17495      34.8510
   17496      34.7769
   17497      35.0008
   17498      35.0471
   17499      34.9703
   17500      35.2452
   17501      35.1287
   17502      35.4425
   17503      34.8515
   17504      34.8232
   17505      34.8386
   17506      34.6530
   17507      34.6820
   17508      34.5250
   17509      35.0500
   17510      34.9120
   17511      34.9907
   17512      34.5240
   17513      34.6709
   17514      34.7458
   17515      34.5312
   17516      34.7645
   17517      34.7961
   17518      34.5780
   17519      34.7016
   17520      35.0515
   17521      34.9734
   17522      34.6343
   17523      34.4704
   17524      34.6739
   17525      34.6570
   17526      34.4107
   17527      34.7449
   17528      34.9838
   17529      34.6518
   17530      34.6631
   17531      34.3800
   17532      34.2822
   17533      34.4322
   17534      34.6011
   17535      34.8114
   17536      35.0796
   17537      35.0671
   17538      34.4176
   17539      34.9914
   17540      34.6368
   17541      34.8204
   17542      34.9732
   17543      34.9164
   17544      34.8003
   17545      34.9894
   17546      34.6020
   17547      34.9360
   17548      35.3385
   17549      35.3638
   17550      35.7308
   17551      35.2577
   17552      35.0865
   17553      35.2110
   17554      34.6290
   17555      34.6814
   17556      34.6675
   17557      35.1544
   17558      35.0190
   17559      35.3658
   17560      35.1815
   17561      34.8866
   17562      35.1475
   17563      34.8137
   17564      35.4297
   17565      34.8130
   17566      34.8463
   17567      34.5418
   17568      34.6174
   17569      34.2107
   17570      34.6246
   17571      34.5929
   17572      34.6170
   17573      34.9714
   17574      34.7720
   17575      34.8128
   17576      35.1287
   17577      35.0310
   17578      34.9575
   17579      35.0457
   17580      34.9200
   17581      35.1830
   17582      34.8208
   17583      34.9930
   17584      34.9554
   17585      34.9511
   17586      34.7885
   17587      34.7459
   17588      34.9251
   17589      34.7438
   17590      34.7628
   17591      35.0623
   17592      34.7376
   17593      35.1284
   17594      34.6700
   17595      34.9414
   17596      34.9554
   17597      34.6832
   17598      34.5726
   17599      34.4410
   17600      34.9223
   17601      34.7042
   17602      35.1216
   17603      35.4329
   17604      34.6490
   17605      34.6911
   17606      34.5318
   17607      34.6878
   17608      34.7389
   17609      35.0395
   17610      34.9949
   17611      34.9606
   17612      34.7985
   17613      34.8553
   17614      35.1115
   17615      34.7685
   17616      35.1963
   17617      35.2109
   17618      35.2400
   17619      34.9075
   17620      34.4975
   17621      34.8772
   17622      34.9970
   17623      34.6433
   17624      34.7363
   17625      34.8430
   17626      34.8613
   17627      34.9881
   17628      34.7587
   17629      34.6742
   17630      34.9055
   17631      34.8177
   17632      34.4094
   17633      34.6882
   17634      34.3501
   17635      34.8024
   17636      34.9706
   17637      34.7769
   17638      34.2949
   17639      35.0326
   17640      34.6837
   17641      34.6233
   17642      34.3259
   17643      34.4541
   17644      34.2386
   17645      34.4964
   17646      34.5518
   17647      34.2706
   17648      34.7232
   17649      34.4324
   17650      34.4968
   17651      34.4080
   17652      34.4326
   17653      34.1686
   17654      34.0769
   17655      34.3352
   17656      34.1454
   17657      34.3353
   17658      34.3889
   17659      34.4086
   17660      34.4505
   17661      34.6312
   17662      34.5319
   17663      34.8615
   17664      34.9567
   17665      34.4730
   17666      34.6240
   17667      34.4925
   17668      34.2872
   17669      34.0525
   17670      34.1261
   17671      34.0614
   17672      33.9125
   17673      33.5620
   17674      33.9513
   17675      34.1222
   17676      34.1736
   17677      34.4184
   17678      34.5264
   17679      34.9165
   17680      34.8116
   17681      35.2058
   17682      35.1176
   17683      34.8896
   17684      34.3867
   17685      34.3939
   17686      34.6091
   17687      34.4859
   17688      34.6189
   17689      34.5521
   17690      34.3547
   17691      34.6612
   17692      34.5102
   17693      33.8571
   17694      34.3124
   17695      34.4461
   17696      34.3390
   17697      34.3181
   17698      34.3748
   17699      34.4070
   17700      34.3623
   17701      34.1840
   17702      34.0879
   17703      34.1106
   17704      34.4549
   17705      34.1672
   17706      34.3780
   17707      34.7324
   17708      34.3081
   17709      34.0910
   17710      34.3688
   17711      34.4984
   17712      33.8836
   17713      34.2567
   17714      34.1034
   17715      34.4736
   17716      34.2388
   17717      34.7042
   17718      34.2586
   17719      34.2956
   17720      33.5294
   17721      34.0054
   17722      34.2320
   17723      34.0877
   17724      34.3844
   17725      34.3304
   17726      34.5307
   17727      34.6788
   17728      34.7974
   17729      34.0783
   17730      34.8181
   17731      34.7364
   17732      34.5563
   17733      34.9134
   17734      34.9750
   17735      34.9885
   17736      34.5561
   17737      34.7377
   17738      34.9667
   17739      35.3886
   17740      35.0092
   17741      34.7083
   17742      34.8005
   17743      34.6209
   17744      34.9835
   17745      34.7916
   17746      34.6638
   17747      34.8380
   17748      34.7598
   17749      34.7221
   17750      34.4921
   17751      34.5111
   17752      34.4991
   17753      34.3360
   17754      34.4190
   17755      34.1594
   17756      34.3676
   17757      34.7586
   17758      34.7335
   17759      34.6293
   17760      34.6979
   17761      34.4724
   17762      34.2311
   17763      34.0560
   17764      34.4324
   17765      34.2246
   17766      33.9754
   17767      33.9588
   17768      34.5392
   17769      34.0750
   17770      34.4222
   17771      34.5497
   17772      34.6781
   17773      34.4074
   17774      34.4286
   17775      34.1142
   17776      33.8387
   17777      34.1741
   17778      34.2314
   17779      34.0610
   17780      34.4903
   17781      34.1182
   17782      34.4808
   17783      35.2141
   17784      35.1065
   17785      34.7320
   17786      34.3002
   17787      34.7534
   17788      34.0911
   17789      34.5682
   17790      34.2967
   17791      35.0628
   17792      34.7247
   17793      34.9483
   17794      35.1690
   17795      34.4973
   17796      34.6231
   17797      34.4019
   17798      34.7143
   17799      34.2662
   17800      34.7291
   17801      34.7468
   17802      34.9497
   17803      34.5672
   17804      34.4677
   17805      34.6375
   17806      34.5495
   17807      34.5335
   17808      34.5888
   17809      34.8451
   17810      35.0527
   17811      34.7836
   17812      34.6949
   17813      35.4546
   17814      34.6913
   17815      35.0720
   17816      35.2412
   17817      35.4023
   17818      35.5227
   17819      35.4990
   17820      35.3806
   17821      35.3963
   17822      35.4222
   17823      34.8877
   17824      34.9010
   17825      34.5956
   17826      34.8831
   17827      34.9772
   17828      34.6590
   17829      34.5058
   17830      34.3756
   17831      34.2682
   17832      34.5086
   17833      34.0562
   17834      34.5722
   17835      35.0109
   17836      34.9240
   17837      34.9027
   17838      34.7695
   17839      34.6181
   17840      34.5578
   17841      34.2531
   17842      34.5463
   17843      34.6860
   17844      34.8244
   17845      34.2816
   17846      34.5354
   17847      34.4035
   17848      34.0467
   17849      34.4452
   17850      34.5794
   17851      34.8205
   17852      34.4416
   17853      34.6454
   17854      34.7992
   17855      34.8061
   17856      34.6796
   17857      34.3762
   17858      34.1101
   17859      34.0827
   17860      34.6235
   17861      34.0757
   17862      34.1342
   17863      34.3457
   17864      34.2755
   17865      34.6786
   17866      34.5999
   17867      34.7454
   17868      34.5758
   17869      34.5660
   17870      34.9782
   17871      34.6779
   17872      34.8524
   17873      34.9416
   17874      34.5517
   17875      34.5197
   17876      34.0701
   17877      34.4396
   17878      34.1653
   17879      34.2106
   17880      34.5301
   17881      35.1072
   17882      34.4574
   17883      34.5548
   17884      34.4418
   17885      34.4517
   17886      34.4574
   17887      34.7503
   17888      34.6153
   17889      34.2150
   17890      34.8497
   17891      34.7036
   17892      34.6562
   17893      34.5258
   17894      34.8481
   17895      34.7631
   17896      34.3875
   17897      34.3780
   17898      33.9620
   17899      34.3830
   17900      34.2860
   17901      34.1763
   17902      34.4075
   17903      34.6870
   17904      34.4258
   17905      34.6045
   17906      34.3954
   17907      34.1938
   17908      34.6057
   17909      34.6403
   17910      34.5957
   17911      34.6469
   17912      34.6737
   17913      34.7288
   17914      34.1758
   17915      34.0801
   17916      34.6501
   17917      34.2072
   17918      33.8798
   17919      34.3435
   17920      34.3834
   17921      34.1575
   17922      34.8475
   17923      34.6393
   17924      34.8858
   17925      35.3796
   17926      35.0621
   17927      34.7472
   17928      35.3908
   17929      35.4371
   17930      35.3895
   17931      35.5499
   17932      35.1158
   17933      35.3799
   17934      35.3621
   17935      34.7229
   17936      34.6812
   17937      34.8354
   17938      34.9090
   17939      34.8260
   17940      34.7897
   17941      34.8166
   17942      34.8405
   17943      34.8301
   17944      34.8211
   17945      35.0238
   17946      34.7101
   17947      34.7702
   17948      34.6857
   17949      34.8480
   17950      35.2118
   17951      34.9774
   17952      34.8979
   17953      34.4196
   17954      34.5971
   17955      34.2314
   17956      34.5873
   17957      35.2257
   17958      35.2956
   17959      34.7822
   17960      34.8635
   17961      35.2063
   17962      34.9832
   17963      34.8617
   17964      34.9500
   17965      35.1025
   17966      34.9884
   17967      34.6897
   17968      34.2806
   17969      34.3078
   17970      34.8408
   17971      34.4190
   17972      34.2308
   17973      34.4952
   17974      34.5451
   17975      34.6938
   17976      34.3717
   17977      34.9478
   17978      34.7535
   17979      34.5174
   17980      34.9177
   17981      34.7370
   17982      34.6769
   17983      34.3064
   17984      34.4799
   17985      34.4787
   17986      35.1307
   17987      34.6409
   17988      34.5449
   17989      34.6589
   17990      34.3406
   17991      34.4341
   17992      34.6705
   17993      34.3724
   17994      34.2041
   17995      34.2549
   17996      34.5171
   17997      34.1597
   17998      33.8943
   17999      33.8703
   18000      33.9543
   18001      34.1251
   18002      34.0678
   18003      34.4028
   18004      34.6329
   18005      34.8675
   18006      34.4931
   18007      34.0346
   18008      34.3776
   18009      34.0686
   18010      34.3306
   18011      33.6976
   18012      34.1009
   18013      34.1036
   18014      34.3247
   18015      34.5800
   18016      34.2316
   18017      34.7883
   18018      34.8017
   18019      34.7118
   18020      34.3841
   18021      34.1983
   18022      34.4498
   18023      34.3337
   18024      34.6293
   18025      34.7735
   18026      34.7180
   18027      34.9801
   18028      34.5398
   18029      34.8574
   18030      34.8810
   18031      35.1990
   18032      34.8045
   18033      34.8601
   18034      34.6891
   18035      34.8387
   18036      34.7888
   18037      34.4595
   18038      34.5572
   18039      34.6321
   18040      34.5235
   18041      34.5464
   18042      34.9007
   18043      35.1225
   18044      35.0918
   18045      35.1505
   18046      34.2921
   18047      34.5106
   18048      34.7972
   18049      34.4350
   18050      34.4569
   18051      34.5974
   18052      34.7139
   18053      34.5705
   18054      34.8276
   18055      34.1449
   18056      34.7855
   18057      34.7466
   18058      34.5052
   18059      34.4008
   18060      34.8091
   18061      34.4672
   18062      34.8553
   18063      34.4545
   18064      34.5084
   18065      34.0554
   18066      34.2950
   18067      34.3352
   18068      34.3753
   18069      34.5911
   18070      34.6332
   18071      34.6562
   18072      34.4012
   18073      34.3949
   18074      34.4258
   18075      34.7747
   18076      34.6462
   18077      34.3559
   18078      34.9571
   18079      34.8238
   18080      34.8365
   18081      35.3107
   18082      34.8417
   18083      34.7222
   18084      34.5535
   18085      34.8092
   18086      34.4314
   18087      34.9541
   18088      34.3223
   18089      34.6767
   18090      34.5699
   18091      34.5226
   18092      34.5272
   18093      34.5183
   18094      34.4569
   18095      34.8240
   18096      34.8495
   18097      34.8925
   18098      34.6133
   18099      34.7141
   18100      34.6055
   18101      34.8727
   18102      34.5557
   18103      34.5155
   18104      33.9404
   18105      34.1337
   18106      34.3722
   18107      34.6680
   18108      34.4500
   18109      34.4592
   18110      34.7172
   18111      34.9210
   18112      34.5879
   18113      34.5306
   18114      34.5043
   18115      35.0700
   18116      35.0052
   18117      34.8464
   18118      34.9457
   18119      35.0383
   18120      35.1742
   18121      34.9695
   18122      35.0786
   18123      34.7264
   18124      34.2211
   18125      34.8904
   18126      34.9297
   18127      34.8656
   18128      35.0182
   18129      34.8160
   18130      34.8804
   18131      34.7825
   18132      34.3402
   18133      34.9259
   18134      34.7675
   18135      34.8676
   18136      34.8895
   18137      34.8836
   18138      34.7699
   18139      34.2884
   18140      34.6433
   18141      34.5113
   18142      34.5185
   18143      34.5715
   18144      34.2740
   18145      34.1345
   18146      34.3498
   18147      34.6514
   18148      34.4472
   18149      34.5537
   18150      34.7644
   18151      34.8050
   18152      35.0734
   18153      34.9994
   18154      34.9492
   18155      35.2568
   18156      35.0438
   18157      34.8514
   18158      35.1713
   18159      35.2804
   18160      35.0222
   18161      35.3869
   18162      35.2296
   18163      34.8986
   18164      35.3799
   18165      34.9338
   18166      34.4970
   18167      34.7008
   18168      34.9025
   18169      34.5501
   18170      34.8406
   18171      35.0438
   18172      34.9653
   18173      35.0246
   18174      34.3773
   18175      34.8619
   18176      34.7519
   18177      35.0314
   18178      34.9332
   18179      35.0451
   18180      35.0875
   18181      34.9577
   18182      35.1672
   18183      35.1762
   18184      34.6310
   18185      34.9588
   18186      35.0227
   18187      34.6868
   18188      34.9618
   18189      34.8089
   18190      34.8093
   18191      34.6773
   18192      35.0167
   18193      35.0493
   18194      34.3712
   18195      34.5271
   18196      34.3561
   18197      34.4251
   18198      34.5197
   18199      35.1201
   18200      34.7427
   18201      34.7440
   18202      34.6281
   18203      35.3056
   18204      35.0779
   18205      35.0733
   18206      35.3646
   18207      34.8308
   18208      35.0621
   18209      34.9741
   18210      35.1236
   18211      34.8085
   18212      35.1559
   18213      34.8756
   18214      35.1303
   18215      35.1157
   18216      35.1626
   18217      34.9516
   18218      35.0112
   18219      35.2136
   18220      34.7762
   18221      34.8185
   18222      34.7903
   18223      34.5957
   18224      34.5838
   18225      34.7230
   18226      34.7093
   18227      34.9926
   18228      34.8797
   18229      34.9272
   18230      35.5079
   18231      34.4402
   18232      34.4289
   18233      34.2936
   18234      34.8383
   18235      34.4664
   18236      34.4766
   18237      35.0190
   18238      35.1827
   18239      34.8891
   18240      34.7197
   18241      35.0826
   18242      35.1658
   18243      35.0306
   18244      35.2927
   18245      35.1310
   18246      35.2659
   18247      34.8018
   18248      35.0642
   18249      35.1749
   18250      35.0705
   18251      34.9264
   18252      34.7615
   18253      34.9195
   18254      35.3053
   18255      34.5372
   18256      34.8208
   18257      34.9466
   18258      34.9445
   18259      35.1063
   18260      35.2870
   18261      35.2285
   18262      35.6317
   18263      34.8577
   18264      35.0756
   18265      34.9821
   18266      35.4872
   18267      35.6051
   18268      35.5645
   18269      35.5541
   18270      35.3295
   18271      35.5842
   18272      35.6191
   18273      35.5917
   18274      35.0893
   18275      35.0157
   18276      34.8369
   18277      35.1177
   18278      34.9930
   18279      34.6261
   18280      34.8895
   18281      34.9183
   18282      34.8524
   18283      35.3570
   18284      35.4639
   18285      35.1536
   18286      35.0572
   18287      35.2242
   18288      34.3801
   18289      34.5125
   18290      34.9654
   18291      35.0700
   18292      35.1369
   18293      34.6989
   18294      34.8841
   18295      35.2386
   18296      35.0119
   18297      35.3326
   18298      35.6636
   18299      35.3458
   18300      35.0416
   18301      35.5417
   18302      35.8098
   18303      35.3190
   18304      35.5351
   18305      35.3202
   18306      35.6437
   18307      35.6899
   18308      35.6046
   18309      35.8809
   18310      35.7427
   18311      35.7961
   18312      35.2176
   18313      35.1348
   18314      35.2431
   18315      35.0362
   18316      35.3756
   18317      35.4161
   18318      35.3126
   18319      35.6886
   18320      35.7629
   18321      35.7039
   18322      35.2186
   18323      34.8180
   18324      35.1820
   18325      35.2532
   18326      34.8146
   18327      35.0331
   18328      34.9701
   18329      34.8712
   18330      34.5932
   18331      35.4081
   18332      35.1410
   18333      35.0237
   18334      35.1573
   18335      35.0074
   18336      34.8822
   18337      34.9658
   18338      34.8970
   18339      34.6422
   18340      35.1324
   18341      35.4188
   18342      35.5943
   18343      35.1285
   18344      34.8975
   18345      35.4002
   18346      35.1108
   18347      35.1272
   18348      35.4074
   18349      35.5204
   18350      35.2325
   18351      35.4417
   18352      35.2718
   18353      35.3487
   18354      35.2553
   18355      35.5513
   18356      35.5605
   18357      35.4732
   18358      35.2479
   18359      35.1163
   18360      35.3868
   18361      35.1746
   18362      35.1899
   18363      35.3436
   18364      35.2465
   18365      35.5136
   18366      35.6155
   18367      35.2728
   18368      35.1645
   18369      35.3763
   18370      35.5614
   18371      35.1149
   18372      35.4442
   18373      35.0442
   18374      34.8489
   18375      35.6045
   18376      35.1781
   18377      35.4619
   18378      35.5492
   18379      35.9617
   18380      35.4748
   18381      35.6387
   18382      35.4034
   18383      35.8281
   18384      35.8123
   18385      35.3926
   18386      35.1545
   18387      35.4266
   18388      34.9756
   18389      35.6396
   18390      35.7156
   18391      35.8086
   18392      35.5278
   18393      35.2367
   18394      35.1203
   18395      35.1577
   18396      35.5652
   18397      35.2734
   18398      35.1182
   18399      35.1204
   18400      35.1518
   18401      35.1269
   18402      35.0308
   18403      35.6689
   18404      35.2884
   18405      35.0614
   18406      35.3053
   18407      35.2501
   18408      35.2846
   18409      35.3780
   18410      35.2368
   18411      35.5955
   18412      35.5064
   18413      34.7797
   18414      35.4839
   18415      34.9916
   18416      35.4405
   18417      34.8789
   18418      35.6346
   18419      35.5998
   18420      35.6448
   18421      35.6688
   18422      35.8471
   18423      35.3917
   18424      35.3891
   18425      35.5022
   18426      35.0748
   18427      35.7687
   18428      35.7500
   18429      35.9777
   18430      35.5106
   18431      35.4995
   18432      35.7231
   18433      35.2204
   18434      35.4160
   18435      35.1799
   18436      35.1388
   18437      35.6210
   18438      34.9997
   18439      34.9849
   18440      35.1458
   18441      34.8958
   18442      35.1172
   18443      34.6871
   18444      35.5166
   18445      35.3454
   18446      35.0575
   18447      35.1562
   18448      35.0662
   18449      35.7523
   18450      34.9193
   18451      35.2609
   18452      35.1960
   18453      35.1980
   18454      35.1668
   18455      35.2851
   18456      35.4360
   18457      35.2086
   18458      34.8923
   18459      35.0467
   18460      34.5958
   18461      35.0345
   18462      35.1913
   18463      34.9910
   18464      34.9479
   18465      35.1021
   18466      36.0567
   18467      35.8775
   18468      36.1836
   18469      35.8020
   18470      35.6182
   18471      35.4506
   18472      35.2229
   18473      35.5013
   18474      35.0990
   18475      34.9363
   18476      35.0888
   18477      34.3397
   18478      34.5875
   18479      34.2172
   18480      34.4838
   18481      34.6451
   18482      34.8301
   18483      34.4004
   18484      34.1791
   18485      34.5120
   18486      34.4388
   18487      34.2824
   18488      34.4335
   18489      34.5861
   18490      34.3316
   18491      34.9867
   18492      34.9216
   18493      34.9467
   18494      34.8396
   18495      35.0376
   18496      34.9310
   18497      34.8697
   18498      34.5268
   18499      34.8745
   18500      34.4058
   18501      34.7327
   18502      34.6546
   18503      34.7017
   18504      34.2535
   18505      34.6697
   18506      34.3256
   18507      34.2980
   18508      34.2473
   18509      34.7928
   18510      34.7718
   18511      34.8604
   18512      34.9299
   18513      34.9556
   18514      34.7267
   18515      35.0937
   18516      34.6499
   18517      34.6227
   18518      34.8682
   18519      34.1799
   18520      34.3824
   18521      34.3936
   18522      34.5318
   18523      34.5565
   18524      34.3507
   18525      33.9911
   18526      33.7740
   18527      34.1226
   18528      34.3636
   18529      34.2341
   18530      34.0292
   18531      34.4589
   18532      34.0576
   18533      33.8387
   18534      34.2723
   18535      33.8850
   18536      34.0302
   18537      33.8557
   18538      34.9640
   18539      34.2674
   18540      34.4722
   18541      34.1913
   18542      34.1527
   18543      34.1851
   18544      34.0953
   18545      33.8354
   18546      33.9854
   18547      34.2388
   18548      33.8717
   18549      34.2056
   18550      34.2026
   18551      34.3795
   18552      34.0750
   18553      34.1381
   18554      33.8662
   18555      33.8811
   18556      33.8464
   18557      33.6019
   18558      33.6158
   18559      33.8877
   18560      33.9400
   18561      33.7701
   18562      33.7811
   18563      33.5599
   18564      33.4643
   18565      33.9891
   18566      34.0169
   18567      33.5931
   18568      33.8525
   18569      33.5007
   18570      33.8021
   18571      33.4796
   18572      33.3052
   18573      33.5008
   18574      33.4147
   18575      33.1837
   18576      33.5333
   18577      33.6487
   18578      33.8191
   18579      33.6875
   18580      34.0115
   18581      34.3238
   18582      33.7620
   18583      33.9432
   18584      34.1839
   18585      33.9927
   18586      34.3256
   18587      33.8664
   18588      34.4008
   18589      34.2876
   18590      34.4415
   18591      34.2946
   18592      34.0252
   18593      34.2545
   18594      34.3157
   18595      34.4214
   18596      34.0669
   18597      34.2586
   18598      34.2777
   18599      33.6404
   18600      34.4546
   18601      34.0301
   18602      33.7641
   18603      34.1513
   18604      33.8884
   18605      33.6937
   18606      34.0705
   18607      34.0280
   18608      33.6934
   18609      34.0608
   18610      33.9113
   18611      34.2852
   18612      34.6114
   18613      34.2567
   18614      33.9395
   18615      34.2825
   18616      34.0172
   18617      34.0693
   18618      33.8816
   18619      33.8854
   18620      33.8674
   18621      33.8794
   18622      33.7184
   18623      33.4062
   18624      33.7147
   18625      33.5428
   18626      33.4946
   18627      34.1176
   18628      33.7480
   18629      33.8182
   18630      33.9102
   18631      34.0414
   18632      34.3218
   18633      34.2070
   18634      33.6075
   18635      33.7303
   18636      33.9991
   18637      34.0283
   18638      33.8510
   18639      34.1688
   18640      33.8763
   18641      33.8050
   18642      33.6245
   18643      33.6892
   18644      33.3540
   18645      33.0621
   18646      33.7173
   18647      34.3104
   18648      33.7656
   18649      33.9160
   18650      33.7265
   18651      34.1277
   18652      33.8618
   18653      34.0046
   18654      33.5906
   18655      33.3719
   18656      33.2888
   18657      33.6290
   18658      34.0568
   18659      33.5023
   18660      33.9948
   18661      33.7315
   18662      34.2702
   18663      33.9750
   18664      33.6408
   18665      34.0191
   18666      33.7048
   18667      33.5176
   18668      33.6700
   18669      33.9496
   18670      34.0139
   18671      34.1250
   18672      34.0268
   18673      34.6965
   18674      34.2928
   18675      34.3624
   18676      34.4477
   18677      33.9689
   18678      34.6019
   18679      34.6718
   18680      34.5951
   18681      34.1272
   18682      34.6399
   18683      34.5901
   18684      34.9303
   18685      34.6798
   18686      34.6907
   18687      34.7494
   18688      35.1632
   18689      35.0386
   18690      34.8457
   18691      34.9227
   18692      35.0651
   18693      35.3469
   18694      34.9599
   18695      34.9105
   18696      35.3477
   18697      35.1600
   18698      35.0874
   18699      34.6216
   18700      34.5987
   18701      34.7655
   18702      34.9336
   18703      34.5693
   18704      34.9960
   18705      34.9655
   18706      34.9575
   18707      35.0015
   18708      34.9098
   18709      34.7282
   18710      34.9732
   18711      34.7832
   18712      34.7312
   18713      34.7970
   18714      34.4568
   18715      34.8652
   18716      35.1134
   18717      34.3657
   18718      34.3260
   18719      34.4965
   18720      34.5032
   18721      34.3958
   18722      34.1580
   18723      34.4539
   18724      34.7846
   18725      34.7810
   18726      34.7071
   18727      34.5532
   18728      34.5601
   18729      34.1549
   18730      34.4330
   18731      34.4895
   18732      34.4579
   18733      34.4189
   18734      34.3860
   18735      34.3586
   18736      34.6407
   18737      34.8162
   18738      34.0831
   18739      34.0042
   18740      34.4840
   18741      34.2847
   18742      34.5117
   18743      34.2615
   18744      34.3442
   18745      34.4031
   18746      34.5098
   18747      34.5051
   18748      34.6934
   18749      33.9698
   18750      34.4518
   18751      34.8323
   18752      35.0878
   18753      34.9378
   18754      34.6387
   18755      34.3731
   18756      34.5096
   18757      34.4479
   18758      34.5643
   18759      34.2657
   18760      34.7532
   18761      34.8014
   18762      34.6794
   18763      34.9816
   18764      34.2856
   18765      34.5056
   18766      34.0283
   18767      34.2264
   18768      33.8443
   18769      34.1477
   18770      34.1726
   18771      34.2330
   18772      34.8790
   18773      35.0289
   18774      35.3082
   18775      34.7720
   18776      34.8304
   18777      34.7504
   18778      34.6920
   18779      35.1205
   18780      35.0084
   18781      34.8927
   18782      34.7265
   18783      34.7759
   18784      34.4795
   18785      34.5916
   18786      34.7638
   18787      35.0577
   18788      35.3064
   18789      34.9483
   18790      35.0385
   18791      34.7417
   18792      34.8818
   18793      34.7190
   18794      34.4147
   18795      34.0793
   18796      34.6272
   18797      34.5610
   18798      34.7194
   18799      34.7518
   18800      34.8311
   18801      34.3037
   18802      34.7864
   18803      34.8116
   18804      34.9036
   18805      34.7458
   18806      35.0899
   18807      35.2887
   18808      35.1518
   18809      35.1667
   18810      35.3237
   18811      34.7962
   18812      34.7766
   18813      34.9959
   18814      35.2069
   18815      35.2655
   18816      35.1804
   18817      35.1508
   18818      35.0262
   18819      35.0021
   18820      35.4135
   18821      35.2077
   18822      35.0136
   18823      35.0998
   18824      35.0656
   18825      35.0795
   18826      34.4950
   18827      34.8230
   18828      34.9619
   18829      34.8998
   18830      34.6866
   18831      34.7704
   18832      35.1859
   18833      35.0003
   18834      34.7716
   18835      34.3586
   18836      34.4536
   18837      34.6561
   18838      34.6828
   18839      34.3496
   18840      34.6164
   18841      35.0058
   18842      35.1882
   18843      34.9049
   18844      34.6965
   18845      35.1224
   18846      34.3612
   18847      34.3109
   18848      34.2364
   18849      34.5318
   18850      34.8454
   18851      34.8838
   18852      35.1094
   18853      35.0536
   18854      34.8739
   18855      34.9032
   18856      34.7570
   18857      34.0949
   18858      35.0287
   18859      34.7858
   18860      34.6714
   18861      34.6688
   18862      34.7792
   18863      34.6429
   18864      34.3143
   18865      34.3381
   18866      34.3993
   18867      34.2721
   18868      34.1614
   18869      34.5101
   18870      34.5621
   18871      34.5164
   18872      34.4607
   18873      34.6959
   18874      35.0408
   18875      34.7555
   18876      34.7429
   18877      34.8373
   18878      34.8143
   18879      34.5658
   18880      34.9680
   18881      34.7398
   18882      35.0408
   18883      34.8854
   18884      34.6907
   18885      34.5711
   18886      34.8184
   18887      34.8379
   18888      34.8919
   18889      34.6340
   18890      34.7783
   18891      35.0554
   18892      34.4722
   18893      34.8903
   18894      34.5361
   18895      34.5086
   18896      34.9175
   18897      34.6067
   18898      34.6491
   18899      34.5756
   18900      34.4946
   18901      34.3187
   18902      34.7759
   18903      34.8876
   18904      34.8783
   18905      34.5685
   18906      35.1491
   18907      34.6153
   18908      34.7367
   18909      34.4226
   18910      34.7829
   18911      34.9070
   18912      35.1325
   18913      35.0765
   18914      34.6703
   18915      34.6583
   18916      34.0385
   18917      34.4642
   18918      34.5202
   18919      34.2860
   18920      34.7853
   18921      34.3552
   18922      34.3031
   18923      34.2401
   18924      34.2599
   18925      34.1096
   18926      33.9455
   18927      34.4123
   18928      34.4026
   18929      34.6805
   18930      34.3552
   18931      34.1655
   18932      34.2834
   18933      34.4501
   18934      34.2779
   18935      33.8792
   18936      34.4007
   18937      34.4943
   18938      34.2749
   18939      34.8047
   18940      34.5314
   18941      34.8865
   18942      34.5621
   18943      34.4152
   18944      34.8959
   18945      34.5598
   18946      34.9626
   18947      34.3969
   18948      34.7028
   18949      34.6212
   18950      34.3734
   18951      34.5510
   18952      34.4296
   18953      34.6033
   18954      33.8691
   18955      34.7168
   18956      34.7436
   18957      34.5068
   18958      34.4770
   18959      34.0957
   18960      34.1800
   18961      34.4377
   18962      34.2061
   18963      34.4587
   18964      34.4195
   18965      34.4618
   18966      34.7021
   18967      34.9394
   18968      34.8058
   18969      34.6419
   18970      34.4585
   18971      34.3197
   18972      34.4306
   18973      33.9644
   18974      34.2173
   18975      34.3978
   18976      34.1356
   18977      34.6498
   18978      34.6745
   18979      34.1776
   18980      34.4430
   18981      33.9981
   18982      34.3915
   18983      34.5577
   18984      34.5621
   18985      34.6357
   18986      34.5051
   18987      34.5325
   18988      33.9003
   18989      34.0440
   18990      33.8882
   18991      34.3751
   18992      34.5108
   18993      34.4693
   18994      34.2288
   18995      34.6949
   18996      34.1733
   18997      34.9120
   18998      34.7407
   18999      34.4898
   19000      34.3553
   19001      34.4394
   19002      35.0134
   19003      34.5145
   19004      34.4043
   19005      34.4106
   19006      34.1021
   19007      34.0320
   19008      34.2645
   19009      33.9825
   19010      34.4121
   19011      34.2352
   19012      34.3303
   19013      33.8528
   19014      34.4884
   19015      34.5320
   19016      34.4247
   19017      34.2220
   19018      33.9830
   19019      34.3608
   19020      34.6002
   19021      34.6896
   19022      34.7753
   19023      34.5159
   19024      33.8692
   19025      34.1035
   19026      34.6456
   19027      34.3073
   19028      34.2235
   19029      34.2686
   19030      34.4809
   19031      34.5187
   19032      34.6708
   19033      34.5282
   19034      34.5901
   19035      34.2758
   19036      34.2770
   19037      34.3274
   19038      34.3077
   19039      34.2062
   19040      34.4780
   19041      34.3889
   19042      34.4227
   19043      34.4330
   19044      34.4729
   19045      34.1249
   19046      34.6894
   19047      34.6182
   19048      34.3666
   19049      34.4629
   19050      34.6210
   19051      34.3430
   19052      34.1622
   19053      34.4664
   19054      34.6673
   19055      34.9913
   19056      34.3830
   19057      34.3600
   19058      34.3125
   19059      34.2062
   19060      34.3880
   19061      33.9337
   19062      34.1981
   19063      33.9682
   19064      34.2413
   19065      34.2267
   19066      34.4663
   19067      34.6734
   19068      34.6703
   19069      34.4972
   19070      34.3645
   19071      34.7652
   19072      34.3708
   19073      34.7905
   19074      34.5904
   19075      34.2990
   19076      34.5563
   19077      34.7382
   19078      34.6562
   19079      35.0568
   19080      34.7999
   19081      34.6834
   19082      34.6479
   19083      34.0478
   19084      34.0304
   19085      34.2431
   19086      34.4393
   19087      33.9116
   19088      33.9726
   19089      34.5385
   19090      33.7908
   19091      34.2677
   19092      34.1786
   19093      34.0214
   19094      34.0625
   19095      34.1575
   19096      34.4872
   19097      34.1547
   19098      34.2391
   19099      34.3958
   19100      34.4078
   19101      34.1777
   19102      34.2541
   19103      34.7929
   19104      34.6794
   19105      34.7782
   19106      34.8136
   19107      34.6373
   19108      34.4955
   19109      34.5622
   19110      34.8441
   19111      34.6781
   19112      34.8488
   19113      34.9396
   19114      34.5837
   19115      34.3144
   19116      34.8659
   19117      34.6708
   19118      34.3707
   19119      34.2468
   19120      34.3595
   19121      34.4939
   19122      34.5755
   19123      35.0046
   19124      34.9817
   19125      35.2021
   19126      34.7673
   19127      34.7772
   19128      35.3768
   19129      35.1382
   19130      35.0420
   19131      35.4362
   19132      34.8669
   19133      34.7799
   19134      34.4296
   19135      34.7526
   19136      34.8016
   19137      34.6711
   19138      34.6792
   19139      34.6858
   19140      34.3170
   19141      34.0270
   19142      34.4090
   19143      34.4447
   19144      34.5391
   19145      34.5481
   19146      34.5216
   19147      33.9626
   19148      34.0972
   19149      34.4390
   19150      34.2046
   19151      34.2469
   19152      34.1240
   19153      34.3140
   19154      34.4016
   19155      33.8804
   19156      33.8390
   19157      34.3246
   19158      34.4616
   19159      34.1859
   19160      34.3521
   19161      34.2491
   19162      34.6809
   19163      34.2706
   19164      34.2115
   19165      34.2796
   19166      34.3494
   19167      34.5210
   19168      34.5495
   19169      34.9362
   19170      34.6623
   19171      34.8191
   19172      34.4801
   19173      34.5515
   19174      34.2553
   19175      34.5991
   19176      34.4830
   19177      34.8283
   19178      34.6410
   19179      34.7054
   19180      34.6364
   19181      34.7635
   19182      34.6966
   19183      35.2125
   19184      34.5709
   19185      34.6618
   19186      34.6661
   19187      34.5366
   19188      34.9244
   19189      35.4183
   19190      34.7540
   19191      35.0853
   19192      34.8882
   19193      34.9331
   19194      34.4832
   19195      34.6001
   19196      34.5186
   19197      34.0540
   19198      34.5831
   19199      34.5184
   19200      34.3572
   19201      34.3285
   19202      34.3844
   19203      34.3461
   19204      34.1166
   19205      34.3379
   19206      34.7880
   19207      34.4587
   19208      34.5418
   19209      34.4957
   19210      34.2383
   19211      34.3170
   19212      34.5413
   19213      34.6296
   19214      34.0188
   19215      34.5822
   19216      34.8399
   19217      34.6133
   19218      34.8212
   19219      34.7480
   19220      35.0469
   19221      34.4521
   19222      34.4665
   19223      34.7616
   19224      34.4323
   19225      34.7521
   19226      34.8256
   19227      34.6314
   19228      34.0921
   19229      34.1346
   19230      34.0797
   19231      34.5611
   19232      34.4774
   19233      34.5201
   19234      34.5471
   19235      34.3511
   19236      34.4877
   19237      34.0720
   19238      34.3750
   19239      34.6143
   19240      34.6258
   19241      34.4293
   19242      34.1876
   19243      34.5229
   19244      34.6020
   19245      34.1113
   19246      34.7860
   19247      34.2394
   19248      35.0634
   19249      34.5899
   19250      34.6924
   19251      34.2919
   19252      35.0310
   19253      34.6405
   19254      34.6632
   19255      34.4614
   19256      34.9255
   19257      35.3467
   19258      35.1337
   19259      34.6999
   19260      35.0311
   19261      34.8416
   19262      35.0344
   19263      34.8433
   19264      34.7932
   19265      34.3995
   19266      34.6397
   19267      34.5058
   19268      34.5622
   19269      34.8634
   19270      34.9562
   19271      34.7706
   19272      34.8096
   19273      34.4807
   19274      34.8884
   19275      35.1005
   19276      34.5765
   19277      34.4043
   19278      34.5846
   19279      34.9323
   19280      34.3836
   19281      33.6461
   19282      34.1263
   19283      34.5993
   19284      34.6674
   19285      34.3666
   19286      33.7470
   19287      33.7472
   19288      33.7080
   19289      33.8432
   19290      33.7023
   19291      34.3126
   19292      33.7961
   19293      34.0760
   19294      34.6361
   19295      34.3930
   19296      34.1916
   19297      34.3566
   19298      34.3276
   19299      34.6450
   19300      34.7730
   19301      34.5924
   19302      34.1060
   19303      34.2516
   19304      34.5821
   19305      34.6434
   19306      34.6982
   19307      34.3523
   19308      34.6988
   19309      34.5117
   19310      34.4268
   19311      34.5545
   19312      34.6212
   19313      34.6158
   19314      34.6859
   19315      35.1119
   19316      34.8473
   19317      34.7166
   19318      34.5208
   19319      34.3921
   19320      34.3339
   19321      34.8625
   19322      34.7324
   19323      34.7450
   19324      35.0603
   19325      35.0161
   19326      34.8792
   19327      35.3421
   19328      35.0264
   19329      34.8699
   19330      34.9284
   19331      35.1363
   19332      35.1737
   19333      34.8467
   19334      35.0600
   19335      35.1265
   19336      34.8581
   19337      34.9974
   19338      35.0327
   19339      35.0053
   19340      35.0844
   19341      34.9047
   19342      35.1733
   19343      35.1199
   19344      34.5095
   19345      34.8809
   19346      34.8330
   19347      35.0811
   19348      34.7148
   19349      34.5257
   19350      34.5240
   19351      34.7106
   19352      34.1156
   19353      34.1184
   19354      34.2101
   19355      34.5127
   19356      34.0897
   19357      34.0742
   19358      33.7799
   19359      34.5686
   19360      34.3022
   19361      34.7746
   19362      34.2557
   19363      34.3804
   19364      34.5382
   19365      34.2730
   19366      34.2515
   19367      34.2682
   19368      34.2937
   19369      34.2187
   19370      34.7204
   19371      34.2087
   19372      34.1890
   19373      34.2746
   19374      34.6005
   19375      34.8397
   19376      34.9552
   19377      34.5208
   19378      34.5337
   19379      34.8877
   19380      34.7185
   19381      34.3609
   19382      34.8213
   19383      34.5037
   19384      34.4474
   19385      34.0288
   19386      34.1333
   19387      33.8406
   19388      33.8906
   19389      33.7839
   19390      34.3962
   19391      33.9050
   19392      33.8209
   19393      33.9789
   19394      33.5376
   19395      33.5350
   19396      34.4132
   19397      34.2555
   19398      34.4140
   19399      34.5313
   19400      34.8436
   19401      34.3787
   19402      34.4121
   19403      34.9370
   19404      34.6008
   19405      34.4689
   19406      34.0602
   19407      33.7661
   19408      33.9573
   19409      34.3442
   19410      33.8169
   19411      34.1439
   19412      34.5442
   19413      34.1875
   19414      34.2879
   19415      34.2602
   19416      34.1759
   19417      33.9576
   19418      34.3370
   19419      34.1252
   19420      33.9341
   19421      34.3333
   19422      34.6492
   19423      34.1079
   19424      34.6428
   19425      34.5478
   19426      34.5322
   19427      34.6252
   19428      34.7413
   19429      34.5115
   19430      34.5103
   19431      34.6209
   19432      34.6145
   19433      34.3134
   19434      34.8055
   19435      34.5676
   19436      34.3515
   19437      34.2417
   19438      34.4507
   19439      34.2838
   19440      33.9213
   19441      34.7217
   19442      34.7871
   19443      34.3632
   19444      34.6688
   19445      34.2081
   19446      34.3661
   19447      34.7210
   19448      34.7542
   19449      34.5296
   19450      34.3844
   19451      34.4926
   19452      34.9407
   19453      34.1231
   19454      34.8268
   19455      34.4676
   19456      34.4915
   19457      34.2690
   19458      33.9224
   19459      33.8947
   19460      34.2916
   19461      33.4240
   19462      33.7475
   19463      33.5943
   19464      33.8675
   19465      34.3006
   19466      34.1459
   19467      34.4846
   19468      34.6392
   19469      34.1825
   19470      34.3038
   19471      34.1478
   19472      34.0219
   19473      34.1898
   19474      34.3925
   19475      34.2322
   19476      34.3548
   19477      34.1031
   19478      34.1986
   19479      34.1799
   19480      34.5041
   19481      34.2622
   19482      34.2414
   19483      34.4091
   19484      34.0843
   19485      34.0914
   19486      34.0655
   19487      34.2835
   19488      33.6759
   19489      34.0697
   19490      33.8996
   19491      34.2485
   19492      33.6335
   19493      34.1940
   19494      33.7843
   19495      34.3277
   19496      34.0782
   19497      33.8239
   19498      33.8466
   19499      34.1755
   19500      34.2662
   19501      34.1917
   19502      34.4776
   19503      34.4861
   19504      34.4409
   19505      34.4084
   19506      34.2065
   19507      34.5121
   19508      34.3071
   19509      34.1195
   19510      34.0734
   19511      34.1923
   19512      34.1426
   19513      33.9765
   19514      34.2613
   19515      34.3850
   19516      34.3497
   19517      34.9033
   19518      34.4915
   19519      34.4031
   19520      34.2443
   19521      34.4245
   19522      34.6330
   19523      34.4758
   19524      33.9282
   19525      33.8494
   19526      34.2728
   19527      34.2006
   19528      34.0920
   19529      33.9377
   19530      34.4627
   19531      34.1418
   19532      34.4020
   19533      34.0270
   19534      34.1978
   19535      33.3409
   19536      34.0701
   19537      34.1432
   19538      33.9420
   19539      33.9523
   19540      34.2455
   19541      34.0666
   19542      34.3692
   19543      34.1980
   19544      33.9489
   19545      34.4462
   19546      33.9947
   19547      34.1711
   19548      34.5002
   19549      34.5163
   19550      34.8619
   19551      34.3445
   19552      34.3336
   19553      34.6447
   19554      34.0889
   19555      34.6048
   19556      34.9651
   19557      34.6675
   19558      34.6949
   19559      34.8433
   19560      34.9296
   19561      34.5753
   19562      34.8367
   19563      34.6303
   19564      34.3284
   19565      34.5359
   19566      34.2572
   19567      34.6121
   19568      34.5388
   19569      34.6952
   19570      34.2670
   19571      34.1354
   19572      34.0683
   19573      34.1507
   19574      33.7991
   19575      33.8445
   19576      33.8685
   19577      34.1306
   19578      34.3026
   19579      34.2081
   19580      33.9183
   19581      33.7656
   19582      34.0919
   19583      34.5083
   19584      34.2483
   19585      33.7344
   19586      33.6747
   19587      33.6865
   19588      33.7568
   19589      34.0539
   19590      34.3157
   19591      34.3389
   19592      34.1751
   19593      34.4137
   19594      34.0291
   19595      34.2552
   19596      34.5243
   19597      34.7980
   19598      34.2716
   19599      34.1736
   19600      33.8293
   19601      34.4222
   19602      34.1840
   19603      33.8409
   19604      33.9591
   19605      33.4518
   19606      34.0279
   19607      34.0051
   19608      34.1515
   19609      34.2353
   19610      33.8262
   19611      34.0197
   19612      34.1333
   19613      34.2835
   19614      34.2489
   19615      34.2618
   19616      34.3450
   19617      34.2713
   19618      34.0916
   19619      34.2270
   19620      34.5164
   19621      34.2639
   19622      34.1477
   19623      34.8284
   19624      34.1988
   19625      34.6142
   19626      33.9787
   19627      33.9036
   19628      34.1771
   19629      34.2423
   19630      33.7887
   19631      33.8767
   19632      34.3870
   19633      34.3870
   19634      34.1299
   19635      34.0277
   19636      34.4396
   19637      34.1299
   19638      33.5598
   19639      33.9425
   19640      33.8025
   19641      33.9602
   19642      34.0716
   19643      34.2729
   19644      34.0028
   19645      34.1062
   19646      34.2289
   19647      34.7509
   19648      34.1977
   19649      34.1600
   19650      34.4576
   19651      34.2490
   19652      33.9070
   19653      34.2242
   19654      34.2990
   19655      34.5089
   19656      34.3642
   19657      34.3802
   19658      34.1301
   19659      34.0468
   19660      34.6689
   19661      34.2538
   19662      34.1032
   19663      33.9835
   19664      33.9414
   19665      34.2931
   19666      33.8187
   19667      34.4358
   19668      34.2799
   19669      34.5283
   19670      34.2865
   19671      34.4232
   19672      34.5037
   19673      34.0658
   19674      34.4311
   19675      34.6351
   19676      34.5104
   19677      34.3914
   19678      34.3935
   19679      34.1185
   19680      34.4195
   19681      34.5822
   19682      34.2811
   19683      34.5051
   19684      34.6894
   19685      34.5552
   19686      34.4265
   19687      34.3907
   19688      34.7444
   19689      34.5737
   19690      34.7391
   19691      34.6267
   19692      34.7672
   19693      34.5605
   19694      34.4237
   19695      34.7875
   19696      34.5342
   19697      34.2656
   19698      35.0607
   19699      34.4680
   19700      34.5415
   19701      34.3604
   19702      34.3088
   19703      34.6478
   19704      34.2671
   19705      34.9423
   19706      34.6079
   19707      34.4050
   19708      34.1289
   19709      34.2392
   19710      34.5262
   19711      34.6151
   19712      34.5320
   19713      34.8723
   19714      34.2146
   19715      34.5426
   19716      34.3191
   19717      34.6175
   19718      35.1392
   19719      35.0003
   19720      34.7965
   19721      35.1316
   19722      34.7461
   19723      34.8985
   19724      34.9359
   19725      34.7802
   19726      34.5725
   19727      34.6169
   19728      34.7904
   19729      34.6383
   19730      34.2026
   19731      34.4886
   19732      34.9451
   19733      34.7804
   19734      34.5932
   19735      34.7804
   19736      34.3501
   19737      34.4940
   19738      34.9347
   19739      34.4594
   19740      34.5027
   19741      34.0673
   19742      34.3640
   19743      34.5037
   19744      34.3213
   19745      34.2951
   19746      34.6399
   19747      34.7655
   19748      34.7604
   19749      34.4318
   19750      34.9680
   19751      34.4136
   19752      34.5391
   19753      34.6704
   19754      34.5996
   19755      34.5922
   19756      34.7891
   19757      34.6669
   19758      35.1564
   19759      34.9577
   19760      34.7885
   19761      34.6685
   19762      34.3828
   19763      35.4315
   19764      35.3286
   19765      35.1803
   19766      34.8821
   19767      34.7167
   19768      34.8688
   19769      34.9069
   19770      34.5646
   19771      34.4248
   19772      34.6458
   19773      34.5465
   19774      33.9755
   19775      34.5081
   19776      34.7138
   19777      34.7560
   19778      34.8197
   19779      34.6761
   19780      34.6701
   19781      34.6386
   19782      34.5750
   19783      34.7714
   19784      35.1843
   19785      35.0022
   19786      34.5867
   19787      34.5938
   19788      34.3518
   19789      34.7346
   19790      35.0181
   19791      34.5590
   19792      34.5862
   19793      35.0669
   19794      34.7955
   19795      34.7387
   19796      34.4925
   19797      34.4197
   19798      34.3448
   19799      34.3617
   19800      34.7845
   19801      34.8767
   19802      34.7568
   19803      34.6644
   19804      35.2710
   19805      34.6802
   19806      34.8493
   19807      34.5038
   19808      34.3349
   19809      34.6074
   19810      34.6800
   19811      34.3142
   19812      34.3486
   19813      34.4230
   19814      34.6866
   19815      34.6907
   19816      34.9140
   19817      34.6576
   19818      34.9438
   19819      34.6418
   19820      34.9638
   19821      34.4514
   19822      34.5980
   19823      34.5224
   19824      34.6016
   19825      34.7800
   19826      35.4982
   19827      35.0218
   19828      34.7107
   19829      34.9396
   19830      35.4400
   19831      35.0500
   19832      35.4027
   19833      34.7047
   19834      34.6812
   19835      34.7202
   19836      35.1635
   19837      34.8223
   19838      34.6254
   19839      34.8559
   19840      34.3443
   19841      34.4995
   19842      34.8307
   19843      34.2964
   19844      34.6135
   19845      34.5265
   19846      34.8248
   19847      34.8196
   19848      34.9495
   19849      34.9900
   19850      34.2883
   19851      34.5042
   19852      34.3390
   19853      34.3812
   19854      34.0608
   19855      34.1560
   19856      34.4999
   19857      34.7554
   19858      34.7538
   19859      34.8413
   19860      34.7521
   19861      35.1536
   19862      34.5876
   19863      34.6351
   19864      34.9268
   19865      34.7145
   19866      34.8037
   19867      35.4063
   19868      35.4089
   19869      34.9834
   19870      34.9240
   19871      35.3845
   19872      34.4053
   19873      34.9499
   19874      34.6118
   19875      35.0299
   19876      35.1047
   19877      34.9386
   19878      35.0758
   19879      35.0019
   19880      34.6477
   19881      34.7282
   19882      34.4304
   19883      34.5097
   19884      34.4641
   19885      34.5609
   19886      34.3559
   19887      34.1069
   19888      34.2462
   19889      34.5311
   19890      34.1772
   19891      34.2383
   19892      34.1616
   19893      34.3279
   19894      34.8500
   19895      34.4165
   19896      34.3751
   19897      34.3659
   19898      34.6387
   19899      34.8666
   19900      34.5720
   19901      34.6890
   19902      34.8839
   19903      35.0297
   19904      34.6430
   19905      34.4247
   19906      34.8198
   19907      34.2280
   19908      34.1647
   19909      34.6319
   19910      34.4630
   19911      34.7779
   19912      34.8003
   19913      34.0446
   19914      34.5570
   19915      35.0770
   19916      35.1043
   19917      34.9925
   19918      34.8933
   19919      34.2902
   19920      34.7342
   19921      34.5941
   19922      34.4513
   19923      34.3975
   19924      34.7258
   19925      34.8372
   19926      34.8690
   19927      34.8402
   19928      34.6564
   19929      34.8652
   19930      34.8566
   19931      34.7759
   19932      34.1524
   19933      34.4418
   19934      34.6998
   19935      35.1431
   19936      35.3617
   19937      35.1711
   19938      35.0929
   19939      35.2489
   19940      35.4427
   19941      34.8693
   19942      35.3970
   19943      35.1189
   19944      35.7844
   19945      35.1646
   19946      35.2993
   19947      34.9284
   19948      34.9389
   19949      35.2725
   19950      35.0155
   19951      35.4010
   19952      35.0276
   19953      35.4404
   19954      35.1461
   19955      35.0463
   19956      34.8399
   19957      34.9953
   19958      35.1334
   19959      35.1857
   19960      34.7097
   19961      35.0366
   19962      35.3944
   19963      34.6198
   19964      34.9312
   19965      35.3909
   19966      35.7312
   19967      35.4911
   19968      35.3126
   19969      35.0068
   19970      35.3158
   19971      34.4033
   19972      34.6312
   19973      35.0888
   19974      35.2906
   19975      35.2983
   19976      35.1685
   19977      35.1649
   19978      35.5149
   19979      35.3952
   19980      35.0857
   19981      35.1623
   19982      35.1505
   19983      34.7510
   19984      34.9184
   19985      34.8351
   19986      34.6579
   19987      34.4404
   19988      34.7857
   19989      34.6425
   19990      35.0176
   19991      34.6837
   19992      34.7423
   19993      34.7614
   19994      34.7160
   19995      34.8730
   19996      34.3409
   19997      34.7983
   19998      34.9108
   19999      35.1192
   20000      35.1834
   20001      35.3135
   20002      35.3258
   20003      35.4173
   20004      35.4673
   20005      35.1305
   20006      34.6319
   20007      34.6125
   20008      34.8352
   20009      34.5461
   20010      34.7656
   20011      34.7099
   20012      35.4076
   20013      35.4180
   20014      34.8634
   20015      34.7562
   20016      35.1215
   20017      34.9564
   20018      34.9573
   20019      35.2821
   20020      35.2801
   20021      35.5731
   20022      35.0970
   20023      34.5098
   20024      34.5977
   20025      34.4760
   20026      34.7874
   20027      35.1312
   20028      35.0464
   20029      34.7244
   20030      34.9544
   20031      34.6744
   20032      35.1103
   20033      35.1579
   20034      34.5706
   20035      34.3590
   20036      34.6368
   20037      34.6513
   20038      34.6474
   20039      34.9585
   20040      34.9513
   20041      35.2429
   20042      35.2182
   20043      35.2757
   20044      35.3228
   20045      34.7698
   20046      35.3487
   20047      35.1515
   20048      34.9313
   20049      35.1422
   20050      34.9333
   20051      34.8803
   20052      34.7140
   20053      35.0726
   20054      35.2227
   20055      35.1807
   20056      35.0676
   20057      35.3035
   20058      35.2411
   20059      35.4403
   20060      34.9963
   20061      35.1165
   20062      34.8363
   20063      34.9481
   20064      35.1538
   20065      34.8601
   20066      34.7629
   20067      34.5248
   20068      34.1862
   20069      34.7984
   20070      35.4251
   20071      34.9611
   20072      34.6363
   20073      34.9226
   20074      35.3946
   20075      34.8530
   20076      34.7954
   20077      35.0017
   20078      34.6117
   20079      34.0710
   20080      34.4630
   20081      34.5594
   20082      35.3423
   20083      35.0453
   20084      34.1568
   20085      34.6801
   20086      34.4130
   20087      34.6170
   20088      34.8988
   20089      34.6559
   20090      34.7524
   20091      34.1135
   20092      34.3602
   20093      34.3239
   20094      34.3792
   20095      34.4951
   20096      34.5059
   20097      34.3805
   20098      34.3590
   20099      33.9933
   20100      34.2948
   20101      34.6296
   20102      34.1149
   20103      33.7032
   20104      34.5460
   20105      34.8446
   20106      34.7450
   20107      35.2808
   20108      35.1443
   20109      35.1961
   20110      34.8628
   20111      35.6665
   20112      35.3593
   20113      34.7164
   20114      34.7999
   20115      35.5745
   20116      34.8746
   20117      35.4914
   20118      35.0742
   20119      35.1934
   20120      34.9139
   20121      35.1527
   20122      34.9688
   20123      35.1579
   20124      34.8808
   20125      35.3421
   20126      34.6521
   20127      34.5266
   20128      34.4347
   20129      34.3790
   20130      34.9311
   20131      34.6913
   20132      35.0386
   20133      34.6966
   20134      34.3862
   20135      34.6707
   20136      34.3633
   20137      34.8585
   20138      34.7462
   20139      34.9850
   20140      34.5415
   20141      34.5013
   20142      34.4769
   20143      34.7995
   20144      34.5589
   20145      34.7473
   20146      34.7809
   20147      34.9099
   20148      34.2023
   20149      34.4142
   20150      35.0433
   20151      34.8013
   20152      34.3173
   20153      34.4979
   20154      34.6331
   20155      34.1144
   20156      34.3059
   20157      34.7033
   20158      34.3572
   20159      34.4094
   20160      34.1544
   20161      34.3609
   20162      34.1983
   20163      34.3431
   20164      34.0717
   20165      34.0221
   20166      33.9897
   20167      33.9003
   20168      33.9383
   20169      33.9545
   20170      34.1666
   20171      34.1178
   20172      33.9124
   20173      33.4914
   20174      33.5556
   20175      33.2958
   20176      33.9545
   20177      34.1697
   20178      33.9379
   20179      33.6525
   20180      33.6155
   20181      33.8558
   20182      34.4974
   20183      34.6783
   20184      35.0036
   20185      35.0897
   20186      35.1522
   20187      35.0079
   20188      35.1046
   20189      35.0617
   20190      34.5275
   20191      35.0760
   20192      34.8933
   20193      34.7763
   20194      34.4867
   20195      35.1059
   20196      34.7475
   20197      34.2722
   20198      34.2995
   20199      34.8223
   20200      34.8424
   20201      35.1032
   20202      35.2562
   20203      35.0421
   20204      35.2398
   20205      35.1017
   20206      34.7684
   20207      34.7771
   20208      35.1886
   20209      34.6887
   20210      34.6098
   20211      34.3607
   20212      34.5637
   20213      34.9694
   20214      34.3098
   20215      34.7580
   20216      35.0202
   20217      34.7464
   20218      34.6932
   20219      35.1543
   20220      34.8279
   20221      35.0730
   20222      34.7327
   20223      34.9541
   20224      34.7068
   20225      35.0325
   20226      34.5359
   20227      34.8239
   20228      35.0769
   20229      34.9998
   20230      35.3043
   20231      34.2633
   20232      34.9277
   20233      34.9876
   20234      34.8012
   20235      34.7979
   20236      34.9233
   20237      34.7551
   20238      34.7054
   20239      34.4385
   20240      34.4328
   20241      34.6250
   20242      34.4517
   20243      34.5523
   20244      34.3183
   20245      34.1272
   20246      34.2503
   20247      34.4581
   20248      34.3566
   20249      34.3066
   20250      34.5250
   20251      33.8796
   20252      34.1346
   20253      34.3264
   20254      34.3400
   20255      34.4431
   20256      34.4708
   20257      33.9505
   20258      33.5605
   20259      34.0097
   20260      33.8355
   20261      33.6676
   20262      34.0671
   20263      33.7069
   20264      33.8829
   20265      34.1227
   20266      33.9541
   20267      33.8538
   20268      33.8569
   20269      34.1094
   20270      34.1173
   20271      34.4354
   20272      33.8669
   20273      34.2695
   20274      33.8952
   20275      34.5310
   20276      34.2290
   20277      34.3857
   20278      34.3235
   20279      34.1730
   20280      34.1119
   20281      34.0304
   20282      34.0120
   20283      34.0405
   20284      33.9566
   20285      33.9058
   20286      33.5639
   20287      33.8018
   20288      33.9671
   20289      33.9696
   20290      34.3212
   20291      33.9765
   20292      34.1025
   20293      34.0541
   20294      34.2108
   20295      34.5019
   20296      34.4020
   20297      34.5324
   20298      34.0363
   20299      33.9235
   20300      34.0349
   20301      33.9462
   20302      34.1913
   20303      33.9173
   20304      33.8604
   20305      34.1682
   20306      34.0839
   20307      34.1090
   20308      34.0520
   20309      34.6398
   20310      34.1174
   20311      34.6130
   20312      34.7172
   20313      34.6024
   20314      34.7164
   20315      34.8726
   20316      34.1636
   20317      34.8976
   20318      34.5813
   20319      34.8365
   20320      34.4998
   20321      34.2372
   20322      34.4931
   20323      34.4952
   20324      34.3277
   20325      34.2340
   20326      34.3211
   20327      34.2679
   20328      34.0930
   20329      34.2071
   20330      34.1638
   20331      34.1265
   20332      34.3014
   20333      34.7662
   20334      34.8114
   20335      34.7115
   20336      34.5090
   20337      34.3966
   20338      34.3762
   20339      34.3849
   20340      34.3521
   20341      34.2990
   20342      34.4673
   20343      34.4873
   20344      34.2800
   20345      34.2358
   20346      33.9013
   20347      34.1034
   20348      33.9108
   20349      33.6498
   20350      33.5183
   20351      34.2847
   20352      33.8634
   20353      33.5338
   20354      33.8279
   20355      33.8252
   20356      34.0584
   20357      33.7783
   20358      33.8946
   20359      34.1988
   20360      34.2043
   20361      33.7834
   20362      34.2346
   20363      33.7459
   20364      34.4896
   20365      34.2041
   20366      34.1983
   20367      33.8557
   20368      33.9279
   20369      34.1052
   20370      33.5603
   20371      33.8355
   20372      34.1216
   20373      34.1692
   20374      33.9120
   20375      34.0867
   20376      34.3629
   20377      34.7460
   20378      35.0481
   20379      34.6037
   20380      34.1445
   20381      34.2310
   20382      34.2306
   20383      34.0137
   20384      34.4528
   20385      34.1093
   20386      34.4569
   20387      34.1796
   20388      34.1579
   20389      34.0075
   20390      33.8149
   20391      33.4311
   20392      34.1933
   20393      34.2243
   20394      34.0321
   20395      34.1911
   20396      33.5920
   20397      33.8254
   20398      34.1650
   20399      34.1090
   20400      33.9867
   20401      33.6642
   20402      33.6239
   20403      33.6704
   20404      34.1441
   20405      34.1480
   20406      34.0087
   20407      34.0558
   20408      33.8539
   20409      33.7186
   20410      33.8821
   20411      33.4811
   20412      33.7456
   20413      33.8623
   20414      33.6366
   20415      34.0282
   20416      33.8755
   20417      33.7836
   20418      34.2961
   20419      34.1829
   20420      34.1682
   20421      33.7988
   20422      33.8723
   20423      34.4984
   20424      33.6925
   20425      34.1078
   20426      33.4815
   20427      33.4732
   20428      33.9710
   20429      33.4475
   20430      33.7133
   20431      34.2199
   20432      34.2061
   20433      34.7299
   20434      34.2611
   20435      34.1896
   20436      34.3717
   20437      34.0527
   20438      34.5326
   20439      33.8045
   20440      34.0841
   20441      33.5822
   20442      34.2227
   20443      34.1457
   20444      34.3130
   20445      33.9128
   20446      34.6298
   20447      34.2247
   20448      33.9620
   20449      33.9348
   20450      33.9820
   20451      34.0415
   20452      34.2455
   20453      33.8430
   20454      34.0374
   20455      33.8991
   20456      33.7485
   20457      34.0822
   20458      33.8343
   20459      34.2414
   20460      34.2781
   20461      34.2616
   20462      34.1968
   20463      34.4719
   20464      34.4449
   20465      34.4999
   20466      34.6028
   20467      34.6205
   20468      34.1705
   20469      34.1985
   20470      34.4290
   20471      34.2989
   20472      34.2250
   20473      33.8527
   20474      34.0452
   20475      34.3357
   20476      34.1774
   20477      34.5276
   20478      34.5072
   20479      34.1395
   20480      33.8798
   20481      34.5569
   20482      34.5062
   20483      34.5317
   20484      34.3918
   20485      34.7788
   20486      34.6899
   20487      34.2265
   20488      34.2461
   20489      34.0405
   20490      34.3884
   20491      34.4335
   20492      34.4181
   20493      34.5716
   20494      34.2741
   20495      33.9033
   20496      34.3993
   20497      34.3618
   20498      34.6684
   20499      34.2223
   20500      34.3012
   20501      34.4642
   20502      34.2227
   20503      34.3393
   20504      34.4469
   20505      34.6900
   20506      34.7297
   20507      34.7858
   20508      34.7700
   20509      34.4608
   20510      34.3674
   20511      34.2904
   20512      33.9708
   20513      33.6292
   20514      33.8588
   20515      33.8104
   20516      33.9660
   20517      34.0345
   20518      33.6818
   20519      33.7517
   20520      33.7687
   20521      34.0521
   20522      33.7038
   20523      34.4813
   20524      33.4519
   20525      34.1643
   20526      34.2023
   20527      34.4419
   20528      34.3420
   20529      34.4522
   20530      34.0167
   20531      34.1875
   20532      33.6251
   20533      34.2471
   20534      34.2629
   20535      34.4304
   20536      34.1610
   20537      34.1301
   20538      34.3576
   20539      34.5784
   20540      34.7371
   20541      34.6889
   20542      34.3950
   20543      34.2051
   20544      33.9625
   20545      34.1354
   20546      33.7711
   20547      34.3829
   20548      34.0064
   20549      34.2251
   20550      34.1825
   20551      33.8693
   20552      34.0884
   20553      33.6920
   20554      34.3217
   20555      34.5194
   20556      34.6331
   20557      34.4864
   20558      34.5134
   20559      34.8122
   20560      34.3956
   20561      34.8988
   20562      34.4190
   20563      34.5483
   20564      34.5833
   20565      34.9136
   20566      34.7298
   20567      35.2013
   20568      35.2274
   20569      34.9053
   20570      34.9149
   20571      34.5919
   20572      34.2391
   20573      34.1789
   20574      34.7366
   20575      34.8994
   20576      33.7729
   20577      34.5553
   20578      34.1380
   20579      34.2737
   20580      34.3440
   20581      34.2714
   20582      34.6108
   20583      34.5606
   20584      34.3097
   20585      34.0966
   20586      34.5062
   20587      34.2774
   20588      33.9720
   20589      33.9618
   20590      33.6522
   20591      33.8140
   20592      34.4443
   20593      34.2071
   20594      34.4689
   20595      34.7143
   20596      34.4260
   20597      34.6321
   20598      34.7765
   20599      34.4249
   20600      34.6897
   20601      34.1584
   20602      34.3368
   20603      33.8322
   20604      34.0259
   20605      34.2788
   20606      33.9541
   20607      33.8381
   20608      33.9357
   20609      33.9654
   20610      34.2025
   20611      33.9921
   20612      34.4699
   20613      34.2816
   20614      34.5250
   20615      34.8239
   20616      34.4758
   20617      34.2895
   20618      34.6310
   20619      34.2677
   20620      34.3816
   20621      34.5974
   20622      34.6850
   20623      34.9100
   20624      34.3796
   20625      34.5003
   20626      34.5101
   20627      34.2858
   20628      34.4707
   20629      34.6000
   20630      34.3501
   20631      34.7935
   20632      35.0668
   20633      34.6689
   20634      34.4081
   20635      34.0504
   20636      34.3466
   20637      34.3360
   20638      34.5072
   20639      34.6387
   20640      34.8498
   20641      34.3171
   20642      34.6266
   20643      34.1162
   20644      34.5740
   20645      34.6189
   20646      33.9573
   20647      34.0300
   20648      33.9719
   20649      34.2117
   20650      34.1451
   20651      34.3884
   20652      34.8004
   20653      34.8322
   20654      34.4182
   20655      34.5253
   20656      34.1194
   20657      34.4420
   20658      34.2218
   20659      34.6515
   20660      34.4094
   20661      34.3065
   20662      34.2115
   20663      34.4216
   20664      34.3727
   20665      34.2216
   20666      34.5008
   20667      34.0354
   20668      34.3731
   20669      34.6189
   20670      34.6822
   20671      34.1396
   20672      34.2785
   20673      34.6691
   20674      34.1908
   20675      34.2038
   20676      34.1034
   20677      33.9236
   20678      34.2402
   20679      34.3505
   20680      34.7610
   20681      34.4674
   20682      34.8096
   20683      34.6208
   20684      34.7339
   20685      34.5153
   20686      34.2296
   20687      33.9614
   20688      34.1967
   20689      33.6179
   20690      33.8249
   20691      33.9894
   20692      34.0718
   20693      34.0134
   20694      34.5839
   20695      34.6426
   20696      34.4090
   20697      34.5448
   20698      34.7323
   20699      34.2259
   20700      34.6983
   20701      34.8938
   20702      34.5371
   20703      35.0020
   20704      34.5151
   20705      34.5556
   20706      34.5537
   20707      34.3564
   20708      34.7353
   20709      34.8168
   20710      34.3452
   20711      34.7227
   20712      34.4561
   20713      34.4864
   20714      34.6380
   20715      34.4952
   20716      34.3330
   20717      34.2805
   20718      34.1632
   20719      34.2551
   20720      34.4474
   20721      34.3129
   20722      34.7901
   20723      34.0433
   20724      34.5110
   20725      34.1562
   20726      34.4970
   20727      34.3541
   20728      34.0399
   20729      34.0346
   20730      34.5153
   20731      34.0098
   20732      34.1744
   20733      34.6681
   20734      34.4125
   20735      34.0398
   20736      33.9737
   20737      34.1311
   20738      34.2922
   20739      33.7660
   20740      33.8714
   20741      34.1483
   20742      34.2986
   20743      33.9595
   20744      34.1094
   20745      34.1708
   20746      34.0625
   20747      34.0970
   20748      34.3863
   20749      33.7148
   20750      34.2184
   20751      33.6213
   20752      34.0506
   20753      34.1678
   20754      34.1909
   20755      33.8688
   20756      33.8895
   20757      33.8575
   20758      34.2853
   20759      34.1129
   20760      33.7273
   20761      33.7384
   20762      34.2316
   20763      33.9142
   20764      33.7463
   20765      33.9640
   20766      33.5572
   20767      34.3551
   20768      33.7871
   20769      33.7225
   20770      34.0082
   20771      33.8895
   20772      34.0749
   20773      34.0254
   20774      33.9834
   20775      33.6829
   20776      33.8441
   20777      33.7515
   20778      33.6984
   20779      33.5694
   20780      33.6607
   20781      34.0655
   20782      34.4810
   20783      33.6949
   20784      34.0780
   20785      34.1269
   20786      34.5114
   20787      34.1481
   20788      34.2345
   20789      34.6731
   20790      34.6897
   20791      34.2915
   20792      33.7160
   20793      34.0980
   20794      34.0035
   20795      34.0540
   20796      33.6684
   20797      33.8268
   20798      33.4824
   20799      34.2632
   20800      33.7430
   20801      33.9601
   20802      33.7792
   20803      33.6989
   20804      34.0081
   20805      33.9354
   20806      34.0415
   20807      34.1324
   20808      33.7427
   20809      33.8902
   20810      33.8792
   20811      34.0866
   20812      34.0878
   20813      34.4042
   20814      34.2355
   20815      34.0080
   20816      34.4459
   20817      34.0095
   20818      34.0565
   20819      34.4513
   20820      34.6739
   20821      34.2418
   20822      34.0833
   20823      34.4104
   20824      34.5216
   20825      34.3108
   20826      34.6525
   20827      34.7167
   20828      34.3654
   20829      34.7794
   20830      34.8072
   20831      34.4077
   20832      34.1384
   20833      34.3015
   20834      34.6505
   20835      34.6377
   20836      34.6800
   20837      34.1174
   20838      34.4526
   20839      34.2963
   20840      34.7198
   20841      34.7426
   20842      34.5259
   20843      34.6472
   20844      34.4757
   20845      34.4921
   20846      34.6705
   20847      34.5739
   20848      34.4044
   20849      34.4296
   20850      34.6367
   20851      34.4431
   20852      34.8746
   20853      34.6522
   20854      34.7195
   20855      34.2570
   20856      33.9212
   20857      34.1578
   20858      33.9980
   20859      34.3230
   20860      34.4675
   20861      34.6468
   20862      34.8632
   20863      34.6443
   20864      34.1762
   20865      34.4536
   20866      34.4819
   20867      34.5428
   20868      34.7686
   20869      34.1563
   20870      33.8682
   20871      33.7496
   20872      33.7648
   20873      33.6640
   20874      34.2984
   20875      34.4682
   20876      34.2756
   20877      34.3688
   20878      34.2511
   20879      34.8836
   20880      34.8394
   20881      34.6820
   20882      34.5131
   20883      34.8250
   20884      35.2680
   20885      35.0639
   20886      35.1198
   20887      35.3107
   20888      35.3862
   20889      35.2449
   20890      35.2533
   20891      35.0575
   20892      34.9389
   20893      35.1033
   20894      35.3725
   20895      34.6750
   20896      34.9632
   20897      35.2735
   20898      35.0151
   20899      34.7014
   20900      34.5323
   20901      34.8854
   20902      34.7386
   20903      34.6909
   20904      34.8031
   20905      35.1511
   20906      34.4074
   20907      34.5134
   20908      34.7273
   20909      34.9264
   20910      34.8291
   20911      34.7724
   20912      34.7575
   20913      34.5457
   20914      34.3518
   20915      34.4671
   20916      34.6696
   20917      34.7435
   20918      34.5676
   20919      34.4690
   20920      34.3601
   20921      34.8099
   20922      34.7156
   20923      34.0760
   20924      34.6187
   20925      34.3066
   20926      34.8103
   20927      34.7228
   20928      34.2742
   20929      34.2910
   20930      34.3184
   20931      34.8416
   20932      34.6591
   20933      34.4484
   20934      34.4376
   20935      34.5673
   20936      34.3739
   20937      34.4943
   20938      34.9009
   20939      35.3754
   20940      35.2609
   20941      35.0883
   20942      34.8475
   20943      34.9322
   20944      34.9162
   20945      34.9526
   20946      34.9402
   20947      34.8467
   20948      34.7588
   20949      34.9415
   20950      35.2430
   20951      35.0336
   20952      34.6228
   20953      34.7308
   20954      34.6560
   20955      34.6319
   20956      34.2713
   20957      34.6854
   20958      34.6128
   20959      34.9229
   20960      34.5932
   20961      34.8698
   20962      34.6576
   20963      34.5719
   20964      34.5485
   20965      34.8552
   20966      35.0624
   20967      35.0447
   20968      34.8109
   20969      34.9385
   20970      35.1846
   20971      34.6854
   20972      34.6958
   20973      34.6295
   20974      34.5051
   20975      35.0152
   20976      34.4402
   20977      34.4322
   20978      34.5437
   20979      34.7245
   20980      34.9000
   20981      34.7354
   20982      34.7159
   20983      34.7887
   20984      34.2787
   20985      34.3641
   20986      34.5225
   20987      34.3098
   20988      34.6788
   20989      34.6062
   20990      34.4517
   20991      34.2564
   20992      34.3002
   20993      34.5801
   20994      34.5868
   20995      33.9976
   20996      34.0382
   20997      34.3473
   20998      34.2374
   20999      33.7720
   21000      34.0313
   21001      34.1675
   21002      34.4428
   21003      33.7942
   21004      34.1047
   21005      33.8721
   21006      34.0272
   21007      33.8166
   21008      34.0645
   21009      34.1791
   21010      34.2262
   21011      34.3825
   21012      33.7753
   21013      34.1551
   21014      34.0849
   21015      34.2226
   21016      34.6389
   21017      34.4723
   21018      34.4913
   21019      34.5212
   21020      34.5442
   21021      34.8807
   21022      34.8078
   21023      34.4577
   21024      34.1820
   21025      34.2972
   21026      34.6312
   21027      34.5622
   21028      34.6212
   21029      34.8220
   21030      34.9660
   21031      34.7024
   21032      34.5385
   21033      34.2101
   21034      34.4925
   21035      34.0912
   21036      33.8790
   21037      34.0425
   21038      34.0848
   21039      34.3443
   21040      34.6383
   21041      34.8146
   21042      34.4987
   21043      34.3248
   21044      34.7117
   21045      34.6000
   21046      34.8963
   21047      34.4123
   21048      34.6501
   21049      34.3983
   21050      34.7653
   21051      34.6288
   21052      34.6891
   21053      34.3042
   21054      34.3113
   21055      34.3656
   21056      33.9576
   21057      34.2894
   21058      34.3201
   21059      34.3412
   21060      34.3407
   21061      33.8872
   21062      34.0393
   21063      34.6522
   21064      33.9567
   21065      34.2801
   21066      34.6208
   21067      34.5687
   21068      33.9413
   21069      34.1407
   21070      34.4461
   21071      34.6258
   21072      34.3728
   21073      34.0961
   21074      34.3791
   21075      34.8314
   21076      34.2159
   21077      34.4712
   21078      34.5475
   21079      34.4380
   21080      34.6293
   21081      34.5604
   21082      34.3506
   21083      34.7273
   21084      34.4779
   21085      34.1706
   21086      34.7768
   21087      34.4830
   21088      34.3197
   21089      34.5223
   21090      34.6414
   21091      34.6469
   21092      35.1393
   21093      34.8506
   21094      34.9155
   21095      34.5937
   21096      34.5448
   21097      35.0506
   21098      35.1995
   21099      35.2978
   21100      35.2520
   21101      35.4510
   21102      35.4191
   21103      35.3724
   21104      35.2712
   21105      35.2421
   21106      35.2323
   21107      35.3139
   21108      35.1761
   21109      34.7900
   21110      35.1140
   21111      34.9410
   21112      34.4675
   21113      35.1393
   21114      34.6053
   21115      35.2590
   21116      34.8711
   21117      34.9398
   21118      34.9435
   21119      34.8632
   21120      34.6520
   21121      34.8181
   21122      34.4428
   21123      34.8857
   21124      34.6646
   21125      34.5025
   21126      34.1924
   21127      34.3073
   21128      34.2267
   21129      34.8656
   21130      34.3817
   21131      34.4953
   21132      34.3871
   21133      34.4474
   21134      34.5080
   21135      34.2326
   21136      34.1726
   21137      33.9613
   21138      34.2099
   21139      34.2039
   21140      34.3250
   21141      34.1224
   21142      34.0524
   21143      34.1454
   21144      34.3124
   21145      33.9321
   21146      34.0656
   21147      33.9342
   21148      33.8721
   21149      33.9289
   21150      33.7039
   21151      33.9577
   21152      33.8626
   21153      34.2254
   21154      33.7721
   21155      34.2300
   21156      33.9664
   21157      34.2338
   21158      34.3079
   21159      33.7049
   21160      33.6250
   21161      34.3643
   21162      33.8100
   21163      34.0408
   21164      33.6370
   21165      34.0814
   21166      34.0003
   21167      34.0275
   21168      34.5013
   21169      34.6647
   21170      34.6789
   21171      34.6340
   21172      34.4233
   21173      34.2219
   21174      34.7503
   21175      34.6824
   21176      34.6770
   21177      34.3960
   21178      34.4466
   21179      34.3802
   21180      34.2100
   21181      34.1536
   21182      34.3941
   21183      34.2177
   21184      34.2847
   21185      34.2537
   21186      34.5231
   21187      34.5354
   21188      34.6212
   21189      34.1028
   21190      34.7681
   21191      34.6555
   21192      33.9799
   21193      34.4457
   21194      34.0274
   21195      34.4283
   21196      34.8029
   21197      34.4529
   21198      34.5399
   21199      34.3336
   21200      34.8611
   21201      34.5970
   21202      34.3966
   21203      34.4558
   21204      34.6977
   21205      34.5403
   21206      34.5698
   21207      34.4459
   21208      34.4490
   21209      34.0966
   21210      34.2402
   21211      34.5308
   21212      34.5303
   21213      34.2226
   21214      34.5846
   21215      34.3322
   21216      34.6326
   21217      34.2141
   21218      35.0352
   21219      34.6004
   21220      34.9298
   21221      34.6644
   21222      34.5921
   21223      34.1251
   21224      34.2531
   21225      34.5930
   21226      34.2894
   21227      34.6378
   21228      34.7154
   21229      34.5882
   21230      34.5496
   21231      34.3448
   21232      34.2572
   21233      34.5449
   21234      34.7030
   21235      34.3042
   21236      34.6927
   21237      34.5506
   21238      34.5921
   21239      34.5161
   21240      34.4849
   21241      34.5739
   21242      34.3526
   21243      34.1879
   21244      34.5871
   21245      34.4467
   21246      34.4959
   21247      34.4310
   21248      34.7522
   21249      34.2186
   21250      34.3461
   21251      34.6295
   21252      34.5234
   21253      34.5143
   21254      35.0240
   21255      34.8063
   21256      34.3614
   21257      34.0724
   21258      34.0818
   21259      34.2502
   21260      34.2835
   21261      34.5240
   21262      34.9666
   21263      34.6022
   21264      34.3966
   21265      34.7685
   21266      34.7230
   21267      34.8727
   21268      34.5095
   21269      34.5728
   21270      34.4614
   21271      34.4222
   21272      34.4249
   21273      34.2279
   21274      33.8993
   21275      34.3295
   21276      34.4581
   21277      34.6278
   21278      34.4407
   21279      34.2296
   21280      34.0351
   21281      34.5085
   21282      34.3934
   21283      34.2995
   21284      34.7144
   21285      34.6721
   21286      34.4775
   21287      35.2188
   21288      34.5027
   21289      34.4530
   21290      34.6777
   21291      34.3835
   21292      34.5569
   21293      34.9053
   21294      34.7418
   21295      34.7002
   21296      34.4848
   21297      34.4014
   21298      34.8609
   21299      34.8541
   21300      34.7545
   21301      34.8557
   21302      34.5597
   21303      34.8214
   21304      34.4858
   21305      34.4784
   21306      34.0960
   21307      34.1018
   21308      34.1685
   21309      34.3228
   21310      34.3196
   21311      34.1357
   21312      34.1182
   21313      34.4097
   21314      34.0405
   21315      34.0491
   21316      33.9766
   21317      34.1479
   21318      33.9789
   21319      34.4488
   21320      34.1308
   21321      34.4603
   21322      34.0425
   21323      33.8449
   21324      34.2137
   21325      34.2625
   21326      34.2112
   21327      34.2284
   21328      34.0693
   21329      34.2495
   21330      33.7308
   21331      34.0635
   21332      33.6854
   21333      34.1310
   21334      33.8276
   21335      34.1573
   21336      34.0122
   21337      34.1299
   21338      34.2746
   21339      34.2899
   21340      34.8492
   21341      33.9783
   21342      34.2288
   21343      34.6675
   21344      34.3795
   21345      34.6646
   21346      34.0925
   21347      34.2288
   21348      34.1505
   21349      34.0535
   21350      34.2703
   21351      34.2771
   21352      34.7621
   21353      34.5300
   21354      34.3928
   21355      34.0903
   21356      34.1507
   21357      34.3695
   21358      34.3537
   21359      34.3927
   21360      34.7233
   21361      34.9553
   21362      34.9431
   21363      35.0909
   21364      34.8527
   21365      34.6994
   21366      34.8681
   21367      34.7190
   21368      35.2138
   21369      35.1142
   21370      34.7050
   21371      34.7465
   21372      34.7679
   21373      34.3926
   21374      34.5176
   21375      34.6450
   21376      34.5388
   21377      34.2808
   21378      34.4347
   21379      34.5199
   21380      34.8431
   21381      34.4698
   21382      34.7057
   21383      34.7315
   21384      34.7093
   21385      34.5965
   21386      34.5686
   21387      34.7217
   21388      34.7151
   21389      34.6269
   21390      34.5457
   21391      34.2165
   21392      34.5044
   21393      34.0491
   21394      34.2312
   21395      34.0091
   21396      33.8301
   21397      33.7217
   21398      33.9557
   21399      34.3346
   21400      34.5197
   21401      34.2295
   21402      34.2782
   21403      34.0120
   21404      34.2002
   21405      33.7919
   21406      34.3425
   21407      33.9155
   21408      34.1611
   21409      34.0716
   21410      34.2032
   21411      34.0751
   21412      34.0629
   21413      34.2478
   21414      34.5119
   21415      34.1958
   21416      34.2716
   21417      34.4474
   21418      34.8043
   21419      34.4940
   21420      34.5135
   21421      34.1950
   21422      33.8678
   21423      34.2945
   21424      33.8644
   21425      34.1036
   21426      33.9568
   21427      34.0237
   21428      34.4106
   21429      34.7350
   21430      34.2666
   21431      34.4266
   21432      34.5448
   21433      34.4876
   21434      34.1231
   21435      34.0391
   21436      34.1409
   21437      33.9432
   21438      34.5470
   21439      33.8751
   21440      33.8195
   21441      34.2569
   21442      33.7828
   21443      34.0908
   21444      33.7690
   21445      33.4388
   21446      33.5949
   21447      33.6561
   21448      33.9145
   21449      34.0489
   21450      34.0683
   21451      34.2770
   21452      34.0667
   21453      34.1983
   21454      33.9745
   21455      34.0251
   21456      34.2825
   21457      34.1313
   21458      34.0676
   21459      34.2215
   21460      34.3038
   21461      33.9023
   21462      33.7778
   21463      33.8096
   21464      34.1795
   21465      34.1801
   21466      34.1782
   21467      33.6743
   21468      33.8299
   21469      33.9147
   21470      33.9836
   21471      33.9383
   21472      34.0659
   21473      34.0373
   21474      33.8026
   21475      33.4713
   21476      33.7597
   21477      33.8922
   21478      34.2506
   21479      33.8446
   21480      33.3662
   21481      33.7855
   21482      33.8495
   21483      33.1703
   21484      33.6058
   21485      33.6699
   21486      33.6213
   21487      33.9521
   21488      33.7893
   21489      34.3173
   21490      34.4760
   21491      33.9573
   21492      33.9020
   21493      33.9749
   21494      34.0446
   21495      33.6182
   21496      33.6667
   21497      34.1969
   21498      33.4166
   21499      33.8008
   21500      33.3106
   21501      33.5803
   21502      33.6122
   21503      33.9115
   21504      33.7545
   21505      33.7982
   21506      33.4868
   21507      33.3132
   21508      33.8982
   21509      33.4505
   21510      32.9396
   21511      33.4847
   21512      33.9616
   21513      33.7862
   21514      34.1511
   21515      34.0738
   21516      34.3697
   21517      34.1613
   21518      34.0427
   21519      34.3752
   21520      33.8072
   21521      34.4205
   21522      33.7329
   21523      33.3990
   21524      33.6684
   21525      34.0304
   21526      33.9316
   21527      33.8288
   21528      34.1928
   21529      33.9926
   21530      33.8836
   21531      33.8468
   21532      33.8507
   21533      34.4035
   21534      34.0141
   21535      34.5046
   21536      34.1213
   21537      34.3889
   21538      33.9934
   21539      34.3895
   21540      34.0929
   21541      34.0564
   21542      34.0009
   21543      33.9823
   21544      33.6646
   21545      33.6097
   21546      33.5594
   21547      33.3177
   21548      33.4691
   21549      34.0006
   21550      33.8082
   21551      33.6802
   21552      34.0579
   21553      33.4691
   21554      33.6697
   21555      33.6464
   21556      33.3962
   21557      33.9508
   21558      33.5168
   21559      34.0325
   21560      34.2309
   21561      34.2406
   21562      34.3985
   21563      33.9624
   21564      33.4313
   21565      33.6009
   21566      33.8162
   21567      34.0490
   21568      34.1634
   21569      33.8046
   21570      33.8132
   21571      34.5849
   21572      34.6153
   21573      34.8379
   21574      34.4448
   21575      34.2254
   21576      34.5031
   21577      34.3431
   21578      34.4538
   21579      34.3566
   21580      34.6832
   21581      34.4043
   21582      33.8615
   21583      33.7002
   21584      33.7925
   21585      34.2073
   21586      34.1645
   21587      34.1667
   21588      34.1498
   21589      34.3457
   21590      34.1632
   21591      33.8679
   21592      33.9312
   21593      33.7081
   21594      33.5537
   21595      33.8151
   21596      33.8017
   21597      33.7887
   21598      34.1571
   21599      34.0620
   21600      34.1303
   21601      33.9006
   21602      34.0535
   21603      34.0242
   21604      33.8556
   21605      33.4362
   21606      33.8813
   21607      34.0102
   21608      34.3243
   21609      34.4135
   21610      34.6142
   21611      34.1714
   21612      34.4885
   21613      34.3011
   21614      34.4656
   21615      34.4165
   21616      33.8204
   21617      33.6735
   21618      33.9089
   21619      33.7895
   21620      33.8766
   21621      33.7957
   21622      33.8037
   21623      34.0257
   21624      33.9589
   21625      33.9202
   21626      33.6147
   21627      33.7928
   21628      33.9008
   21629      34.1603
   21630      33.8477
   21631      33.7061
   21632      34.4676
   21633      34.0239
   21634      34.3308
   21635      34.5210
   21636      34.1227
   21637      34.3924
   21638      34.9195
   21639      34.9022
   21640      34.4855
   21641      34.5337
   21642      34.1448
   21643      33.7499
   21644      34.0902
   21645      33.9053
   21646      34.2419
   21647      33.8696
   21648      33.9062
   21649      34.0325
   21650      34.0814
   21651      33.8423
   21652      34.1081
   21653      34.6943
   21654      34.5977
   21655      34.2858
   21656      34.1046
   21657      34.5503
   21658      34.1385
   21659      33.9389
   21660      34.1708
   21661      34.3816
   21662      34.2586
   21663      33.9010
   21664      34.0614
   21665      33.7357
   21666      34.1714
   21667      34.0782
   21668      34.1231
   21669      34.4629
   21670      34.4722
   21671      34.5446
   21672      34.5056
   21673      34.6543
   21674      34.3053
   21675      34.4264
   21676      34.0802
   21677      34.6748
   21678      34.6518
   21679      34.6367
   21680      34.3860
   21681      34.5244
   21682      34.6890
   21683      34.1673
   21684      34.7973
   21685      33.9301
   21686      34.2981
   21687      34.0817
   21688      34.6779
   21689      34.1101
   21690      34.4276
   21691      34.1828
   21692      34.6014
   21693      34.9218
   21694      34.6747
   21695      34.6289
   21696      34.5092
   21697      34.5331
   21698      34.6585
   21699      34.8620
   21700      34.8937
   21701      34.7380
   21702      35.0099
   21703      34.6092
   21704      34.9255
   21705      34.8831
   21706      34.7381
   21707      34.4941
   21708      34.2169
   21709      34.3911
   21710      34.8106
   21711      34.5045
   21712      34.9896
   21713      34.3884
   21714      33.9403
   21715      34.2679
   21716      34.1399
   21717      34.2567
   21718      34.8040
   21719      34.5663
   21720      34.3181
   21721      34.7667
   21722      34.5248
   21723      34.5130
   21724      34.4768
   21725      34.6503
   21726      33.8078
   21727      34.2827
   21728      34.3679
   21729      34.3020
   21730      34.3805
   21731      34.1592
   21732      34.0256
   21733      33.4937
   21734      33.8879
   21735      34.1482
   21736      34.1596
   21737      34.3373
   21738      33.7798
   21739      34.0357
   21740      34.1259
   21741      34.0793
   21742      33.5643
   21743      33.4517
   21744      33.6050
   21745      33.6655
   21746      33.4956
   21747      34.3064
   21748      34.0033
   21749      33.8902
   21750      33.7015
   21751      33.6805
   21752      34.1275
   21753      33.9796
   21754      34.0547
   21755      34.0865
   21756      34.1883
   21757      33.6870
   21758      34.0397
   21759      34.3115
   21760      34.1606
   21761      34.1010
   21762      34.0351
   21763      34.0434
   21764      34.3530
   21765      34.3232
   21766      34.3233
   21767      34.4323
   21768      33.9778
   21769      34.4818
   21770      34.7434
   21771      34.4940
   21772      34.4609
   21773      34.6479
   21774      33.9524
   21775      34.4744
   21776      34.2896
   21777      34.6332
   21778      33.8283
   21779      33.8201
   21780      34.4702
   21781      34.2639
   21782      33.5117
   21783      33.8391
   21784      34.1783
   21785      33.9526
   21786      33.9163
   21787      34.3410
   21788      34.0858
   21789      34.4670
   21790      34.5530
   21791      34.5667
   21792      34.0958
   21793      34.1238
   21794      34.7537
   21795      33.8637
   21796      34.2625
   21797      34.4322
   21798      33.9537
   21799      34.4986
   21800      34.4180
   21801      34.5602
   21802      34.2142
   21803      34.3377
   21804      34.2054
   21805      34.2422
   21806      34.0043
   21807      33.9824
   21808      33.9381
   21809      34.0504
   21810      34.2118
   21811      34.1506
   21812      34.4148
   21813      34.1731
   21814      33.9370
   21815      34.1789
   21816      33.9311
   21817      34.1246
   21818      34.0162
   21819      33.2877
   21820      34.0693
   21821      34.2686
   21822      33.9396
   21823      34.0072
   21824      33.7113
   21825      33.2136
   21826      33.6554
   21827      33.6787
   21828      33.7243
   21829      33.3435
   21830      33.3675
   21831      33.6898
   21832      33.4239
   21833      33.2294
   21834      33.3321
   21835      33.4244
   21836      33.6009
   21837      33.6442
   21838      33.3301
   21839      33.5213
   21840      33.1636
   21841      33.5926
   21842      33.1420
   21843      33.2129
   21844      33.3173
   21845      33.1028
   21846      33.4945
   21847      33.4950
   21848      33.5953
   21849      33.2464
   21850      34.0011
   21851      33.8991
   21852      33.5633
   21853      34.2224
   21854      34.1473
   21855      34.0270
   21856      33.5144
   21857      33.7169
   21858      34.2874
   21859      34.1232
   21860      34.2293
   21861      33.9961
   21862      33.7155
   21863      34.1042
   21864      33.9725
   21865      34.3323
   21866      34.3716
   21867      34.4077
   21868      34.2533
   21869      34.3029
   21870      34.0901
   21871      34.5861
   21872      34.1495
   21873      34.4373
   21874      34.3147
   21875      33.8669
   21876      34.1874
   21877      34.3199
   21878      34.1566
   21879      34.1863
   21880      34.4086
   21881      34.4753
   21882      34.5410
   21883      34.5311
   21884      34.3973
   21885      34.6097
   21886      34.5203
   21887      34.3244
   21888      34.3516
   21889      34.1918
   21890      34.3579
   21891      34.3922
   21892      34.2703
   21893      34.2025
   21894      33.8067
   21895      33.7186
   21896      33.9088
   21897      34.2062
   21898      34.1787
   21899      34.0769
   21900      33.7126
   21901      34.2731
   21902      34.0151
   21903      34.0273
   21904      34.3620
   21905      33.9937
   21906      33.4603
   21907      33.9937
   21908      34.2238
   21909      33.4869
   21910      33.8439
   21911      34.1169
   21912      33.9777
   21913      33.8513
   21914      34.5036
   21915      33.9349
   21916      34.1057
   21917      34.3287
   21918      33.9774
   21919      34.3893
   21920      34.3488
   21921      34.4197
   21922      34.2580
   21923      34.2056
   21924      33.9873
   21925      34.3977
   21926      34.2107
   21927      34.3889
   21928      34.5947
   21929      33.6650
   21930      34.2216
   21931      34.5204
   21932      34.8053
   21933      34.4570
   21934      34.1102
   21935      33.9157
   21936      33.9942
   21937      34.1621
   21938      33.8181
   21939      33.9004
   21940      33.7471
   21941      34.1494
   21942      34.2288
   21943      34.2394
   21944      34.2567
   21945      34.5086
   21946      34.2725
   21947      34.1446
   21948      34.1684
   21949      34.3647
   21950      34.2837
   21951      34.0703
   21952      33.9713
   21953      34.4148
   21954      34.2408
   21955      34.4206
   21956      34.1480
   21957      34.5708
   21958      34.4978
   21959      34.4886
   21960      34.1870
   21961      34.4923
   21962      34.4042
   21963      34.2838
   21964      34.4747
   21965      34.8018
   21966      34.7434
   21967      34.6925
   21968      34.5347
   21969      34.0809
   21970      34.8619
   21971      34.9646
   21972      35.2199
   21973      34.9809
   21974      35.0910
   21975      35.2320
   21976      35.4139
   21977      35.3975
   21978      35.4273
   21979      35.4959
   21980      35.5309
   21981      34.9774
   21982      34.5559
   21983      34.9460
   21984      34.6614
   21985      34.8438
   21986      35.0560
   21987      34.7237
   21988      34.6918
   21989      34.6803
   21990      34.2272
   21991      34.6134
   21992      34.2263
   21993      34.5051
   21994      34.4831
   21995      34.6623
   21996      34.7967
   21997      34.4627
   21998      33.9276
   21999      34.1911
   22000      33.8332
   22001      34.3174
   22002      34.4988
   22003      34.0101
   22004      33.3515
   22005      33.8312
   22006      33.7260
   22007      33.8542
   22008      33.6492
   22009      33.6004
   22010      33.5007
   22011      33.4188
   22012      34.0074
   22013      34.0349
   22014      34.7040
   22015      34.6244
   22016      34.6844
   22017      34.2762
   22018      34.4917
   22019      34.2335
   22020      34.1301
   22021      34.1935
   22022      34.3297
   22023      34.2311
   22024      33.7672
   22025      34.3567
   22026      34.5733
   22027      34.4065
   22028      34.4153
   22029      34.3678
   22030      34.2777
   22031      34.4559
   22032      34.4359
   22033      34.2661
   22034      34.6557
   22035      34.5728
   22036      34.7067
   22037      35.1734
   22038      34.7269
   22039      34.4885
   22040      34.8631
   22041      34.7392
   22042      34.6710
   22043      34.0470
   22044      34.4110
   22045      34.6125
   22046      34.3632
   22047      34.1291
   22048      33.9855
   22049      34.6406
   22050      34.7999
   22051      34.8927
   22052      34.8216
   22053      34.5566
   22054      34.7054
   22055      35.0987
   22056      35.1506
   22057      34.8358
   22058      34.5337
   22059      34.3499
   22060      34.6785
   22061      34.0949
   22062      33.9691
   22063      34.3759
   22064      33.8095
   22065      34.0763
   22066      34.3296
   22067      33.8865
   22068      34.4432
   22069      34.2899
   22070      34.5772
   22071      34.3439
   22072      34.3755
   22073      34.1521
   22074      34.0187
   22075      34.7006
   22076      34.6222
   22077      34.3296
   22078      34.4561
   22079      34.0574
   22080      34.4158
   22081      33.8069
   22082      33.9111
   22083      33.6162
   22084      34.1011
   22085      33.8749
   22086      33.6685
   22087      34.0562
   22088      33.7464
   22089      33.8968
   22090      33.8988
   22091      33.9560
   22092      33.5308
   22093      33.4846
   22094      33.9697
   22095      33.5398
   22096      33.6208
   22097      33.5620
   22098      33.6439
   22099      33.7457
   22100      33.9252
   22101      34.0793
   22102      34.0579
   22103      33.4849
   22104      33.7189
   22105      33.7897
   22106      33.4445
   22107      33.8098
   22108      33.7939
   22109      33.6149
   22110      33.9206
   22111      33.8918
   22112      33.6583
   22113      33.7162
   22114      33.8629
   22115      33.5417
   22116      33.6263
   22117      34.4133
   22118      34.7674
   22119      34.5116
   22120      34.1736
   22121      34.0131
   22122      34.1785
   22123      34.4307
   22124      34.7961
   22125      34.3130
   22126      34.4619
   22127      34.4389
   22128      34.2245
   22129      34.3078
   22130      34.6939
   22131      34.4829
   22132      34.4421
   22133      34.1669
   22134      34.1958
   22135      34.1681
   22136      34.3420
   22137      33.7202
   22138      33.8761
   22139      33.9625
   22140      33.9657
   22141      33.7879
   22142      33.8036
   22143      33.8735
   22144      33.9414
   22145      34.4106
   22146      34.3329
   22147      34.6782
   22148      34.5743
   22149      34.4098
   22150      33.9298
   22151      33.7460
   22152      34.1216
   22153      33.8705
   22154      34.0567
   22155      34.4254
   22156      33.9647
   22157      33.9004
   22158      34.0513
   22159      34.3065
   22160      34.5497
   22161      34.0471
   22162      33.9120
   22163      33.7196
   22164      33.8453
   22165      33.9866
   22166      33.6195
   22167      33.7372
   22168      33.6428
   22169      33.6065
   22170      34.0414
   22171      33.9825
   22172      33.9384
   22173      34.1786
   22174      34.2514
   22175      33.9942
   22176      33.8592
   22177      33.8919
   22178      34.1641
   22179      33.7934
   22180      34.3699
   22181      33.7190
   22182      34.2374
   22183      34.0742
   22184      34.3346
   22185      34.2838
   22186      33.7926
   22187      33.9895
   22188      33.6173
   22189      33.5495
   22190      34.2894
   22191      34.3042
   22192      34.5593
   22193      34.4835
   22194      33.8880
   22195      34.0335
   22196      33.7927
   22197      33.8350
   22198      33.9175
   22199      33.9680
   22200      34.1018
   22201      33.7052
   22202      33.6831
   22203      33.8694
   22204      33.4929
   22205      33.6744
   22206      33.9665
   22207      33.5438
   22208      33.8430
   22209      33.8084
   22210      34.1092
   22211      33.9959
   22212      33.8794
   22213      33.6806
   22214      33.3374
   22215      33.6915
   22216      33.9654
   22217      33.2739
   22218      33.7437
   22219      34.1017
   22220      33.7395
   22221      33.4109
   22222      33.7329
   22223      33.4359
   22224      33.7793
   22225      33.7212
   22226      34.1586
   22227      33.8045
   22228      33.6422
   22229      34.0437
   22230      33.3926
   22231      33.6224
   22232      33.3877
   22233      33.6131
   22234      33.7803
   22235      34.1353
   22236      33.9838
   22237      34.4862
   22238      34.4743
   22239      34.6290
   22240      34.5431
   22241      34.3938
   22242      34.5654
   22243      34.3661
   22244      34.2052
   22245      34.0526
   22246      33.6054
   22247      34.5496
   22248      34.7526
   22249      34.8472
   22250      34.6567
   22251      34.9155
   22252      34.5878
   22253      34.5297
   22254      34.4402
   22255      34.4039
   22256      34.0514
   22257      33.7737
   22258      34.1739
   22259      34.3155
   22260      33.8565
   22261      33.9487
   22262      33.7175
   22263      33.8232
   22264      34.6480
   22265      34.3931
   22266      34.3779
   22267      34.2101
   22268      34.5838
   22269      33.8155
   22270      34.1024
   22271      34.5254
   22272      34.1777
   22273      34.1533
   22274      34.0642
   22275      33.9116
   22276      34.4167
   22277      33.8361
   22278      33.8117
   22279      33.9482
   22280      34.1507
   22281      33.7924
   22282      33.7902
   22283      33.7633
   22284      33.8690
   22285      33.2203
   22286      33.8204
   22287      33.4916
   22288      33.7636
   22289      33.5960
   22290      33.6759
   22291      33.3356
   22292      32.7582
   22293      33.4755
   22294      33.5984
   22295      33.7288
   22296      33.5189
   22297      33.3204
   22298      33.3871
   22299      33.4318
   22300      33.7529
   22301      33.6119
   22302      34.2717
   22303      34.0797
   22304      34.3423
   22305      33.6964
   22306      34.2777
   22307      33.6156
   22308      33.6664
   22309      34.0102
   22310      33.9848
   22311      33.8009
   22312      34.2868
   22313      34.0912
   22314      34.1458
   22315      34.1519
   22316      34.4642
   22317      34.2962
   22318      34.1757
   22319      33.6546
   22320      33.6539
   22321      34.2529
   22322      33.8381
   22323      34.0811
   22324      34.2878
   22325      34.0593
   22326      33.9754
   22327      34.1133
   22328      34.0994
   22329      34.0441
   22330      33.7159
   22331      33.8260
   22332      33.8019
   22333      33.6466
   22334      33.3462
   22335      33.9251
   22336      33.7599
   22337      33.7266
   22338      34.0296
   22339      33.6703
   22340      33.7241
   22341      33.8815
   22342      33.8167
   22343      33.9024
   22344      33.8972
   22345      33.4470
   22346      34.2481
   22347      33.8592
   22348      34.3372
   22349      34.0404
   22350      34.1137
   22351      34.0074
   22352      34.2641
   22353      34.0072
   22354      34.7353
   22355      34.5320
   22356      34.6302
   22357      34.3751
   22358      34.1300
   22359      34.2636
   22360      34.1814
   22361      34.2573
   22362      34.1792
   22363      34.4696
   22364      34.7563
   22365      34.9409
   22366      34.4770
   22367      34.0770
   22368      34.4377
   22369      34.2877
   22370      34.6348
   22371      34.9093
   22372      34.1500
   22373      34.3572
   22374      34.9416
   22375      34.8914
   22376      34.6625
   22377      34.9159
   22378      34.7386
   22379      34.9645
   22380      34.6048
   22381      34.8045
   22382      34.4228
   22383      34.7995
   22384      34.9819
   22385      35.0364
   22386      34.7803
   22387      35.0679
   22388      34.6453
   22389      34.1571
   22390      34.1079
   22391      33.4996
   22392      33.7541
   22393      33.9533
   22394      34.0364
   22395      34.1368
   22396      33.8839
   22397      33.7679
   22398      33.5953
   22399      33.7474
   22400      34.0397
   22401      33.7976
   22402      33.4695
   22403      33.4024
   22404      33.6190
   22405      33.9612
   22406      33.3062
   22407      33.8151
   22408      34.1533
   22409      34.3936
   22410      34.0109
   22411      33.9724
   22412      33.6041
   22413      33.3149
   22414      33.8340
   22415      33.8939
   22416      34.0384
   22417      33.1263
   22418      33.7774
   22419      33.8515
   22420      33.5569
   22421      34.3333
   22422      33.9127
   22423      33.7350
   22424      33.8614
   22425      33.8707
   22426      33.6811
   22427      33.8080
   22428      33.5481
   22429      33.4380
   22430      33.2085
   22431      32.8878
   22432      32.9170
   22433      33.5290
   22434      33.6706
   22435      33.4173
   22436      33.6572
   22437      33.9404
   22438      33.6029
   22439      33.9302
   22440      33.4757
   22441      33.8309
   22442      33.9275
   22443      33.9764
   22444      34.0496
   22445      33.8479
   22446      34.3082
   22447      34.0958
   22448      34.3960
   22449      34.5992
   22450      33.6708
   22451      33.8407
   22452      34.0371
   22453      33.9865
   22454      33.5578
   22455      33.8195
   22456      33.8684
   22457      33.8071
   22458      33.5160
   22459      33.7265
   22460      33.8304
   22461      33.3371
   22462      33.7377
   22463      33.5821
   22464      33.9969
   22465      33.6592
   22466      33.8398
   22467      34.0545
   22468      34.2338
   22469      34.1096
   22470      33.9977
   22471      33.8923
   22472      34.2323
   22473      34.5640
   22474      34.6530
   22475      34.5029
   22476      34.3601
   22477      34.7144
   22478      34.3393
   22479      34.5535
   22480      34.1152
   22481      33.6008
   22482      33.6879
   22483      34.1554
   22484      34.1179
   22485      33.4842
   22486      34.2231
   22487      34.0999
   22488      33.4820
   22489      33.6582
   22490      33.9466
   22491      33.4953
   22492      33.3538
   22493      33.3529
   22494      33.9428
   22495      34.0977
   22496      33.8132
   22497      34.2409
   22498      34.2503
   22499      33.9852
   22500      33.9960
   22501      34.2803
   22502      34.3404
   22503      34.0820
   22504      34.1078
   22505      33.9350
   22506      34.4904
   22507      33.5779
   22508      34.1645
   22509      34.3756
   22510      33.9448
   22511      33.8877
   22512      33.8779
   22513      34.1495
   22514      33.9572
   22515      34.3017
   22516      33.4723
   22517      34.0514
   22518      33.9855
   22519      33.9084
   22520      33.7463
   22521      33.6515
   22522      33.7592
   22523      34.0533
   22524      33.5386
   22525      34.1000
   22526      34.4708
   22527      34.1540
   22528      34.8302
   22529      34.3815
   22530      34.9270
   22531      34.4720
   22532      34.0732
   22533      34.1620
   22534      34.1744
   22535      34.5805
   22536      34.5983
   22537      34.3554
   22538      33.8190
   22539      33.8265
   22540      33.6872
   22541      34.0542
   22542      33.9238
   22543      34.0664
   22544      34.0004
   22545      34.2081
   22546      34.2330
   22547      33.9515
   22548      34.7194
   22549      34.2190
   22550      34.6282
   22551      34.0511
   22552      34.2147
   22553      34.1466
   22554      34.2743
   22555      33.7637
   22556      33.7498
   22557      34.1500
   22558      33.7070
   22559      33.7761
   22560      34.0284
   22561      33.6902
   22562      34.1828
   22563      34.1185
   22564      34.0396
   22565      34.0888
   22566      34.2499
   22567      34.5518
   22568      33.9441
   22569      34.4899
   22570      34.3258
   22571      34.0336
   22572      34.1703
   22573      34.1662
   22574      33.5492
   22575      33.9826
   22576      33.9930
   22577      33.8694
   22578      34.0329
   22579      34.3865
   22580      33.9332
   22581      34.5338
   22582      34.0214
   22583      34.4238
   22584      34.5557
   22585      34.5402
   22586      34.7313
   22587      34.6081
   22588      35.1024
   22589      33.9371
   22590      33.6691
   22591      34.2810
   22592      33.8389
   22593      34.3355
   22594      34.5959
   22595      34.2852
   22596      34.2874
   22597      33.8141
   22598      34.0161
   22599      34.1020
   22600      33.7679
   22601      34.4304
   22602      34.3202
   22603      34.2266
   22604      34.4257
   22605      33.7508
   22606      33.7720
   22607      34.1569
   22608      34.0016
   22609      33.9723
   22610      34.1145
   22611      33.9683
   22612      34.1718
   22613      33.9385
   22614      34.2262
   22615      34.1134
   22616      34.4129
   22617      33.8735
   22618      33.8306
   22619      34.1534
   22620      34.0891
   22621      33.8857
   22622      34.0036
   22623      33.7309
   22624      33.8756
   22625      33.5772
   22626      33.2949
   22627      33.9635
   22628      33.8860
   22629      33.9027
   22630      34.0836
   22631      34.1443
   22632      34.0407
   22633      33.8158
   22634      34.2574
   22635      34.2775
   22636      34.4766
   22637      34.4602
   22638      34.2852
   22639      33.7688
   22640      34.1102
   22641      34.4959
   22642      34.2744
   22643      34.4433
   22644      34.1107
   22645      34.4629
   22646      34.5213
   22647      34.0666
   22648      34.3618
   22649      34.4367
   22650      34.0155
   22651      34.3257
   22652      33.6074
   22653      33.5997
   22654      33.5585
   22655      33.3006
   22656      33.4933
   22657      33.7980
   22658      33.9208
   22659      33.8329
   22660      34.1796
   22661      33.9746
   22662      33.6880
   22663      33.8775
   22664      34.0913
   22665      33.8379
   22666      34.2148
   22667      33.8168
   22668      34.1397
   22669      34.3404
   22670      33.9108
   22671      34.3529
   22672      34.4020
   22673      34.1785
   22674      34.4718
   22675      33.9475
   22676      33.9809
   22677      34.1483
   22678      33.8960
   22679      33.8954
   22680      34.0805
   22681      33.9710
   22682      33.8025
   22683      34.4738
   22684      34.0267
   22685      34.0292
   22686      34.2007
   22687      34.5246
   22688      35.0103
   22689      34.9869
   22690      34.4021
   22691      35.0452
   22692      33.8850
   22693      34.2575
   22694      34.8358
   22695      34.5076
   22696      33.9409
   22697      34.1213
   22698      34.3835
   22699      33.9031
   22700      34.2391
   22701      33.8663
   22702      34.2373
   22703      34.3146
   22704      34.5920
   22705      34.2617
   22706      34.3205
   22707      34.3890
   22708      34.2373
   22709      34.1362
   22710      33.6904
   22711      33.8782
   22712      33.7949
   22713      34.1743
   22714      33.7678
   22715      34.0232
   22716      34.3238
   22717      33.7969
   22718      34.1679
   22719      33.9422
   22720      34.1385
   22721      33.7685
   22722      34.3342
   22723      34.0411
   22724      33.9738
   22725      34.4268
   22726      34.4680
   22727      34.2529
   22728      34.0979
   22729      34.3113
   22730      34.2222
   22731      34.5186
   22732      34.8056
   22733      34.6578
   22734      34.4626
   22735      34.1902
   22736      34.1659
   22737      33.6533
   22738      34.1980
   22739      34.4431
   22740      34.2680
   22741      34.1081
   22742      33.8450
   22743      33.7606
   22744      34.3073
   22745      34.1120
   22746      34.6832
   22747      33.8316
   22748      34.4800
   22749      34.6358
   22750      34.3094
   22751      34.3706
   22752      34.5343
   22753      34.6660
   22754      34.6323
   22755      34.4691
   22756      34.3280
   22757      34.0960
   22758      34.2630
   22759      34.1108
   22760      34.3249
   22761      34.3116
   22762      34.3213
   22763      34.7315
   22764      34.3595
   22765      34.3880
   22766      33.9256
   22767      34.0094
   22768      34.4929
   22769      33.7465
   22770      33.8481
   22771      33.8605
   22772      34.3797
   22773      34.1517
   22774      34.3865
   22775      34.1235
   22776      34.9019
   22777      34.5136
   22778      34.0721
   22779      33.8916
   22780      34.2647
   22781      34.1656
   22782      34.0437
   22783      33.7070
   22784      33.8758
   22785      33.8691
   22786      33.9128
   22787      33.9502
   22788      34.0488
   22789      33.5711
   22790      33.4538
   22791      34.1224
   22792      33.6377
   22793      34.1519
   22794      33.9834
   22795      34.1033
   22796      33.8144
   22797      33.9814
   22798      33.8022
   22799      33.6406
   22800      33.6353
   22801      33.9100
   22802      33.7202
   22803      33.4526
   22804      33.2642
   22805      33.4115
   22806      33.6833
   22807      33.4618
   22808      33.1985
   22809      33.4795
   22810      33.1821
   22811      33.3289
   22812      33.3572
   22813      33.5742
   22814      33.0588
   22815      33.3660
   22816      33.8000
   22817      33.4960
   22818      33.5473
   22819      33.3326
   22820      33.4555
   22821      33.8588
   22822      33.0646
   22823      33.4421
   22824      33.2446
   22825      33.5769
   22826      33.1613
   22827      33.4052
   22828      33.4815
   22829      33.4716
   22830      33.4677
   22831      33.3322
   22832      33.6057
   22833      33.5334
   22834      33.7765
   22835      33.6584
   22836      33.7438
   22837      33.8354
   22838      33.8225
   22839      33.7805
   22840      33.5234
   22841      33.8557
   22842      33.9582
   22843      33.4120
   22844      34.1383
   22845      33.2677
   22846      33.8434
   22847      33.9083
   22848      33.6665
   22849      33.3500
   22850      33.8848
   22851      33.6673
   22852      33.7506
   22853      34.2950
   22854      33.6295
   22855      34.0862
   22856      33.4984
   22857      33.6253
   22858      33.4285
   22859      33.6697
   22860      33.2559
   22861      33.4081
   22862      33.2272
   22863      33.3473
   22864      33.4216
   22865      33.7787
   22866      33.3555
   22867      33.4911
   22868      33.5353
   22869      33.4180
   22870      33.7445
   22871      33.5533
   22872      33.7535
   22873      33.3777
   22874      34.1052
   22875      33.9081
   22876      33.7510
   22877      33.7402
   22878      33.4316
   22879      34.0905
   22880      33.7993
   22881      33.6013
   22882      33.3481
   22883      33.8696
   22884      33.7069
   22885      34.1072
   22886      33.4435
   22887      33.5368
   22888      33.7578
   22889      33.8950
   22890      33.4597
   22891      33.5691
   22892      34.1198
   22893      33.9853
   22894      34.3172
   22895      33.7362
   22896      34.2661
   22897      33.6719
   22898      33.6734
   22899      33.4341
   22900      33.7806
   22901      33.6239
   22902      33.5975
   22903      33.8690
   22904      33.9191
   22905      33.5542
   22906      34.4157
   22907      33.8382
   22908      33.7643
   22909      33.6536
   22910      33.7347
   22911      33.8726
   22912      33.9306
   22913      33.8480
   22914      33.7899
   22915      34.0019
   22916      33.7221
   22917      33.8853
   22918      33.5799
   22919      33.6960
   22920      33.8252
   22921      33.7677
   22922      33.7571
   22923      33.7702
   22924      33.9228
   22925      34.0346
   22926      33.9643
   22927      33.7672
   22928      33.9910
   22929      33.8557
   22930      33.8341
   22931      33.2392
   22932      33.8678
   22933      33.8289
   22934      34.1304
   22935      34.0401
   22936      33.8196
   22937      33.7810
   22938      33.9040
   22939      34.0011
   22940      33.9788
   22941      33.1987
   22942      33.4221
   22943      33.9548
   22944      34.0276
   22945      33.6981
   22946      33.9981
   22947      33.8437
   22948      33.5284
   22949      33.7723
   22950      33.5999
   22951      33.4797
   22952      33.7978
   22953      33.9025
   22954      33.5356
   22955      34.0342
   22956      33.9409
   22957      33.6073
   22958      34.0888
   22959      33.8267
   22960      33.5545
   22961      33.5872
   22962      33.6661
   22963      33.9812
   22964      33.9088
   22965      33.8004
   22966      33.5095
   22967      33.3663
   22968      33.7459
   22969      33.1484
   22970      33.3139
   22971      33.6369
   22972      33.2454
   22973      33.5786
   22974      33.3204
   22975      33.0143
   22976      33.2796
   22977      33.2193
   22978      33.8926
   22979      33.5898
   22980      33.1031
   22981      33.9719
   22982      33.7962
   22983      33.9929
   22984      33.7546
   22985      33.4605
   22986      33.6101
   22987      33.5126
   22988      33.3743
   22989      33.4885
   22990      33.5372
   22991      33.5237
   22992      33.6372
   22993      33.5147
   22994      32.9490
   22995      33.0284
   22996      33.6879
   22997      33.3654
   22998      33.4838
   22999      33.5180
   23000      33.5034
   23001      33.7130
   23002      33.5481
   23003      34.0640
   23004      34.5027
   23005      33.6986
   23006      33.5669
   23007      33.5762
   23008      34.6035
   23009      34.3214
   23010      34.8346
   23011      34.3799
   23012      34.1763
   23013      34.0385
   23014      33.9703
   23015      34.0915
   23016      34.2435
   23017      34.4187
   23018      34.2502
   23019      33.9957
   23020      33.8896
   23021      33.8806
   23022      33.5157
   23023      33.9721
   23024      34.0445
   23025      33.9878
   23026      33.8289
   23027      33.4533
   23028      33.8802
   23029      33.5688
   23030      33.5220
   23031      33.0845
   23032      33.2194
   23033      33.4232
   23034      33.5862
   23035      33.5078
   23036      33.8832
   23037      33.4183
   23038      33.9870
   23039      33.8014
   23040      33.5966
   23041      33.9497
   23042      33.3956
   23043      33.5251
   23044      33.2249
   23045      33.6876
   23046      34.1457
   23047      33.9303
   23048      34.2683
   23049      33.4757
   23050      33.9954
   23051      33.1417
   23052      32.9083
   23053      33.5006
   23054      33.4375
   23055      33.0650
   23056      33.5613
   23057      33.5580
   23058      33.4615
   23059      33.6029
   23060      33.8554
   23061      33.5323
   23062      33.6801
   23063      33.1879
   23064      33.2036
   23065      33.3451
   23066      33.6728
   23067      33.8860
   23068      33.8224
   23069      33.9430
   23070      34.0544
   23071      33.7888
   23072      33.6836
   23073      32.8925
   23074      33.9964
   23075      33.5233
   23076      33.8384
   23077      33.7626
   23078      33.7747
   23079      33.0990
   23080      32.8994
   23081      33.2112
   23082      33.7598
   23083      34.0526
   23084      33.6788
   23085      33.4532
   23086      33.3881
   23087      33.6211
   23088      33.8423
   23089      33.5061
   23090      33.9920
   23091      34.3628
   23092      33.8906
   23093      33.9152
   23094      33.8893
   23095      34.0565
   23096      34.1087
   23097      33.7234
   23098      33.8082
   23099      33.9992
   23100      33.8169
   23101      34.0651
   23102      34.1598
   23103      33.7357
   23104      33.9502
   23105      33.5383
   23106      33.1587
   23107      33.4108
   23108      33.3171
   23109      33.8654
   23110      33.2327
   23111      33.6295
   23112      32.9400
   23113      33.5220
   23114      33.5849
   23115      32.8948
   23116      33.3283
   23117      33.7572
   23118      33.6785
   23119      33.6429
   23120      33.7208
   23121      33.4583
   23122      33.4099
   23123      33.5128
   23124      33.4222
   23125      33.3223
   23126      33.6557
   23127      32.9210
   23128      33.2559
   23129      33.2202
   23130      33.1657
   23131      33.6344
   23132      33.9350
   23133      33.2352
   23134      33.2898
   23135      33.0115
   23136      32.9493
   23137      32.9080
   23138      32.9217
   23139      33.1937
   23140      32.9299
   23141      33.0152
   23142      33.5471
   23143      32.7774
   23144      33.0429
   23145      33.1451
   23146      33.3186
   23147      33.3224
   23148      33.4055
   23149      33.3712
   23150      33.5230
   23151      33.7699
   23152      33.4641
   23153      33.5051
   23154      33.6701
   23155      33.1896
   23156      33.2573
   23157      33.5379
   23158      32.9604
   23159      33.3148
   23160      33.1655
   23161      32.9586
   23162      33.4802
   23163      33.1130
   23164      32.8963
   23165      32.5080
   23166      33.2542
   23167      33.3229
   23168      33.0280
   23169      33.2324
   23170      33.3646
   23171      33.5278
   23172      33.5549
   23173      33.2026
   23174      33.1083
   23175      33.6938
   23176      33.4987
   23177      33.6722
   23178      34.0540
   23179      33.5665
   23180      34.0673
   23181      33.7144
   23182      33.5496
   23183      33.5150
   23184      34.2419
   23185      33.3017
   23186      33.7994
   23187      33.3215
   23188      33.0071
   23189      33.1829
   23190      32.6495
   23191      33.5633
   23192      33.5072
   23193      33.1980
   23194      33.2256
   23195      32.8375
   23196      33.3605
   23197      32.7187
   23198      32.9198
   23199      33.9160
   23200      33.4270
   23201      32.8143
   23202      33.0175
   23203      33.0443
   23204      33.5757
   23205      33.1470
   23206      33.0034
   23207      32.7343
   23208      33.3533
   23209      33.0953
   23210      33.8395
   23211      33.2855
   23212      33.2703
   23213      33.6352
   23214      33.7289
   23215      33.5074
   23216      33.3542
   23217      33.2398
   23218      33.5624
   23219      33.8749
   23220      34.0257
   23221      34.5754
   23222      33.9253
   23223      33.7313
   23224      33.8516
   23225      33.7535
   23226      33.9504
   23227      33.8536
   23228      34.2390
   23229      33.5222
   23230      33.5368
   23231      33.8307
   23232      33.3698
   23233      33.8080
   23234      34.3601
   23235      33.7055
   23236      33.9558
   23237      34.2582
   23238      33.7384
   23239      33.5566
   23240      33.7127
   23241      33.3474
   23242      33.2996
   23243      33.8091
   23244      33.5888
   23245      33.8863
   23246      33.6419
   23247      34.0303
   23248      33.6918
   23249      33.8379
   23250      33.9463
   23251      33.9879
   23252      34.2966
   23253      33.8173
   23254      33.8495
   23255      33.9400
   23256      33.9628
   23257      34.0095
   23258      34.3818
   23259      33.4874
   23260      33.7139
   23261      33.2732
   23262      33.6291
   23263      34.0591
   23264      34.0215
   23265      33.5329
   23266      33.5446
   23267      33.7426
   23268      33.7134
   23269      33.9892
   23270      33.4406
   23271      32.9882
   23272      33.1896
   23273      32.8198
   23274      33.4081
   23275      33.3799
   23276      32.7650
   23277      32.5499
   23278      33.2265
   23279      33.5280
   23280      33.5723
   23281      33.2796
   23282      33.3313
   23283      33.0621
   23284      33.4037
   23285      33.8748
   23286      33.9491
   23287      33.3660
   23288      33.4680
   23289      33.3520
   23290      33.3388
   23291      33.7661
   23292      33.3451
   23293      33.9056
   23294      33.4751
   23295      33.5759
   23296      33.2368
   23297      33.6133
   23298      33.2144
   23299      33.2539
   23300      32.9365
   23301      33.1812
   23302      33.0087
   23303      33.0008
   23304      33.4390
   23305      33.3659
   23306      33.3607
   23307      33.4112
   23308      33.5951
   23309      33.6415
   23310      33.3825
   23311      33.4027
   23312      33.8432
   23313      33.7467
   23314      33.8680
   23315      33.5344
   23316      33.3141
   23317      33.5425
   23318      33.6232
   23319      33.6684
   23320      33.6206
   23321      33.4614
   23322      33.8546
   23323      33.4406
   23324      33.9837
   23325      33.7350
   23326      34.2271
   23327      33.6406
   23328      33.8827
   23329      33.8965
   23330      33.7814
   23331      33.8904
   23332      34.0442
   23333      33.8865
   23334      33.6995
   23335      33.8903
   23336      33.6850
   23337      33.6375
   23338      33.5394
   23339      33.4817
   23340      33.7385
   23341      33.6748
   23342      33.3979
   23343      33.6876
   23344      33.3905
   23345      33.4174
   23346      33.2066
   23347      33.3974
   23348      33.0344
   23349      33.0801
   23350      33.5795
   23351      33.4575
   23352      33.4614
   23353      33.2976
   23354      33.4031
   23355      33.0609
   23356      33.3603
   23357      32.9216
   23358      32.9389
   23359      33.1762
   23360      33.4130
   23361      33.7322
   23362      33.6694
   23363      33.3868
   23364      33.5917
   23365      33.5959
   23366      33.7916
   23367      33.7004
   23368      33.4627
   23369      33.1532
   23370      33.2238
   23371      33.5212
   23372      33.3436
   23373      33.4612
   23374      33.2342
   23375      33.1849
   23376      33.1527
   23377      32.9833
   23378      33.5508
   23379      32.9739
   23380      33.2822
   23381      32.8395
   23382      32.7874
   23383      32.7604
   23384      32.9549
   23385      32.3570
   23386      32.3297
   23387      32.3473
   23388      32.4432
   23389      32.5227
   23390      32.4306
   23391      32.2095
   23392      32.1564
   23393      32.3556
   23394      32.1649
   23395      32.4045
   23396      32.4344
   23397      32.3167
   23398      32.9170
   23399      32.8295
   23400      32.5190
   23401      32.4823
   23402      32.3837
   23403      33.0724
   23404      32.8576
   23405      32.9303
   23406      33.5969
   23407      33.2490
   23408      33.5032
   23409      33.3103
   23410      33.7928
   23411      33.4032
   23412      33.3830
   23413      33.6981
   23414      33.7422
   23415      33.9827
   23416      33.9155
   23417      34.2034
   23418      34.0214
   23419      33.8801
   23420      33.5133
   23421      34.0037
   23422      33.8855
   23423      33.7761
   23424      33.8824
   23425      34.2891
   23426      34.0005
   23427      34.0986
   23428      34.1261
   23429      34.5945
   23430      34.4359
   23431      34.6686
   23432      34.3574
   23433      33.8049
   23434      33.8851
   23435      33.9310
   23436      33.8301
   23437      34.0417
   23438      34.3807
   23439      34.5156
   23440      34.3331
   23441      34.3027
   23442      34.1153
   23443      34.2198
   23444      34.8584
   23445      34.4643
   23446      33.9867
   23447      34.3157
   23448      33.6815
   23449      34.1208
   23450      34.2190
   23451      34.2647
   23452      34.3649
   23453      34.2455
   23454      34.1933
   23455      34.2980
   23456      34.3307
   23457      33.9738
   23458      33.8806
   23459      34.4338
   23460      34.3251
   23461      34.4700
   23462      34.2869
   23463      34.4647
   23464      34.4365
   23465      34.2633
   23466      34.1120
   23467      34.2614
   23468      33.7631
   23469      33.9658
   23470      34.1777
   23471      33.7766
   23472      33.9643
   23473      33.8392
   23474      34.0829
   23475      34.0101
   23476      34.0300
   23477      34.2406
   23478      33.6688
   23479      33.8453
   23480      33.6419
   23481      34.0099
   23482      33.7581
   23483      33.9342
   23484      34.2643
   23485      33.7929
   23486      33.9056
   23487      33.8481
   23488      33.8472
   23489      33.6964
   23490      33.7694
   23491      34.3615
   23492      34.3801
   23493      33.7865
   23494      34.2597
   23495      33.7427
   23496      33.8334
   23497      33.7510
   23498      34.3578
   23499      34.1711
   23500      34.0258
   23501      34.5009
   23502      34.5666
   23503      34.0612
   23504      33.9228
   23505      34.2811
   23506      34.3744
   23507      34.6579
   23508      34.1517
   23509      34.1439
   23510      34.2429
   23511      34.3464
   23512      33.9826
   23513      33.8606
   23514      33.6133
   23515      33.5239
   23516      33.8515
   23517      34.2130
   23518      34.3351
   23519      34.1663
   23520      33.7840
   23521      34.3727
   23522      34.0345
   23523      34.3987
   23524      33.7367
   23525      34.1929
   23526      34.3527
   23527      33.7951
   23528      33.7971
   23529      33.8375
   23530      33.9417
   23531      33.9834
   23532      33.4277
   23533      33.8262
   23534      33.4111
   23535      33.2157
   23536      33.6943
   23537      33.7378
   23538      33.7881
   23539      34.0063
   23540      33.9371
   23541      34.3629
   23542      33.9636
   23543      34.2040
   23544      34.3326
   23545      34.0186
   23546      34.3162
   23547      34.2066
   23548      34.1471
   23549      33.7217
   23550      34.1226
   23551      33.5835
   23552      33.8154
   23553      33.7269
   23554      33.6750
   23555      33.7564
   23556      34.1846
   23557      34.0660
   23558      33.7026
   23559      34.0952
   23560      34.2166
   23561      34.1462
   23562      33.7194
   23563      34.2222
   23564      34.3431
   23565      34.2172
   23566      33.8313
   23567      34.1328
   23568      33.7361
   23569      33.2859
   23570      33.5837
   23571      34.0592
   23572      34.1358
   23573      33.9306
   23574      34.3691
   23575      34.0071
   23576      33.6616
   23577      33.7918
   23578      34.2688
   23579      34.0157
   23580      33.9853
   23581      34.1508
   23582      34.2798
   23583      34.0010
   23584      33.7571
   23585      34.3594
   23586      34.0038
   23587      34.1690
   23588      33.7895
   23589      33.9405
   23590      33.7232
   23591      33.6709
   23592      34.0464
   23593      33.7293
   23594      34.0250
   23595      33.9841
   23596      33.5595
   23597      33.7823
   23598      33.9044
   23599      34.0274
   23600      34.0884
   23601      34.1083
   23602      33.6049
   23603      33.6945
   23604      34.0750
   23605      33.4335
   23606      33.7520
   23607      33.3593
   23608      33.7988
   23609      33.8224
   23610      33.9592
   23611      33.7061
   23612      34.1393
   23613      33.3071
   23614      33.3522
   23615      33.7438
   23616      34.1267
   23617      33.3102
   23618      33.4430
   23619      33.4992
   23620      34.0514
   23621      34.1735
   23622      33.9878
   23623      34.4960
   23624      34.3210
   23625      33.9014
   23626      33.6103
   23627      33.8856
   23628      34.0402
   23629      33.7308
   23630      34.0831
   23631      33.8884
   23632      34.0117
   23633      34.2082
   23634      34.5361
   23635      33.9344
   23636      33.8594
   23637      33.7011
   23638      33.6477
   23639      33.7927
   23640      33.1637
   23641      33.7062
   23642      33.6094
   23643      33.5875
   23644      33.5137
   23645      33.2243
   23646      33.4446
   23647      33.3395
   23648      33.2913
   23649      33.2928
   23650      33.3434
   23651      33.8174
   23652      33.8096
   23653      33.8911
   23654      33.8870
   23655      33.5102
   23656      33.2891
   23657      33.0314
   23658      33.3712
   23659      33.0543
   23660      33.2293
   23661      33.1486
   23662      33.4780
   23663      33.2859
   23664      33.3964
   23665      33.6208
   23666      33.3616
   23667      33.2307
   23668      33.7045
   23669      33.1018
   23670      34.0114
   23671      33.5643
   23672      33.7421
   23673      34.0417
   23674      33.6429
   23675      33.6642
   23676      33.7276
   23677      34.1408
   23678      33.8990
   23679      33.9719
   23680      34.2344
   23681      33.8546
   23682      33.8036
   23683      33.2451
   23684      33.4188
   23685      33.7175
   23686      33.4748
   23687      33.8445
   23688      34.1719
   23689      34.0697
   23690      34.3397
   23691      33.8193
   23692      33.8551
   23693      33.5652
   23694      33.9375
   23695      33.8417
   23696      33.6288
   23697      33.6455
   23698      33.9228
   23699      33.7348
   23700      33.4631
   23701      33.6158
   23702      33.8452
   23703      34.1266
   23704      33.7299
   23705      33.4409
   23706      33.4559
   23707      33.6556
   23708      33.5543
   23709      33.5407
   23710      33.6643
   23711      33.6540
   23712      33.4797
   23713      33.4073
   23714      33.6811
   23715      33.2734
   23716      33.5230
   23717      33.7418
   23718      33.5423
   23719      33.6524
   23720      33.3294
   23721      33.2651
   23722      33.4997
   23723      33.8763
   23724      33.3246
   23725      33.6016
   23726      33.6598
   23727      33.7259
   23728      33.7225
   23729      34.0438
   23730      33.7250
   23731      34.2446
   23732      34.1118
   23733      33.7955
   23734      34.1205
   23735      33.8518
   23736      33.1518
   23737      34.0186
   23738      33.6699
   23739      33.3140
   23740      33.4124
   23741      33.6552
   23742      33.1588
   23743      33.4933
   23744      33.3709
   23745      33.4165
   23746      33.8386
   23747      33.9259
   23748      33.4788
   23749      33.8945
   23750      33.6573
   23751      33.7701
   23752      34.0876
   23753      33.3865
   23754      33.9744
   23755      33.5527
   23756      33.7100
   23757      34.0193
   23758      33.5834
   23759      33.8828
   23760      33.6916
   23761      33.7715
   23762      33.6564
   23763      33.7980
   23764      33.4576
   23765      33.6171
   23766      33.6881
   23767      33.6572
   23768      33.3196
   23769      33.3933
   23770      33.0759
   23771      33.5477
   23772      33.4085
   23773      33.7437
   23774      33.8767
   23775      34.2178
   23776      33.6530
   23777      33.8898
   23778      34.0638
   23779      33.8438
   23780      33.5659
   23781      33.9741
   23782      33.7643
   23783      33.9658
   23784      34.0158
   23785      33.9629
   23786      33.7211
   23787      33.8460
   23788      33.7503
   23789      33.7773
   23790      33.8083
   23791      33.8518
   23792      33.6267
   23793      33.6320
   23794      33.5830
   23795      33.7477
   23796      33.4408
   23797      33.5168
   23798      33.6728
   23799      33.9675
   23800      33.6791
   23801      34.0450
   23802      33.6827
   23803      33.4986
   23804      33.8080
   23805      33.9270
   23806      33.3369
   23807      33.8326
   23808      33.6334
   23809      33.5231
   23810      33.9212
   23811      33.2843
   23812      33.9000
   23813      33.6102
   23814      32.8905
   23815      33.2840
   23816      33.5872
   23817      33.3734
   23818      33.4823
   23819      33.5727
   23820      33.7456
   23821      33.4611
   23822      33.8472
   23823      33.7580
   23824      33.5195
   23825      33.4429
   23826      34.1039
   23827      33.7155
   23828      33.1478
   23829      33.6105
   23830      33.3166
   23831      33.5933
   23832      33.5288
   23833      34.3724
   23834      34.3187
   23835      34.1448
   23836      34.0326
   23837      33.9061
   23838      34.0393
   23839      34.0135
   23840      34.0270
   23841      34.1603
   23842      33.7772
   23843      33.9169
   23844      34.2138
   23845      34.2389
   23846      34.1985
   23847      34.1796
   23848      33.9789
   23849      33.7569
   23850      33.7527
   23851      34.2027
   23852      34.3951
   23853      33.6476
   23854      33.5653
   23855      33.5815
   23856      33.1064
   23857      33.4234
   23858      33.1786
   23859      33.9196
   23860      33.7962
   23861      33.6110
   23862      33.4437
   23863      33.4807
   23864      33.4980
   23865      33.2934
   23866      33.2910
   23867      33.7610
   23868      33.6581
   23869      33.2028
   23870      32.9688
   23871      33.5310
   23872      33.8385
   23873      33.7097
   23874      33.8749
   23875      33.6156
   23876      33.8208
   23877      33.6723
   23878      33.7875
   23879      34.1226
   23880      33.3606
   23881      33.9082
   23882      34.0612
   23883      34.0786
   23884      33.7596
   23885      34.1301
   23886      34.4682
   23887      34.6052
   23888      34.6448
   23889      34.5234
   23890      34.3570
   23891      34.1661
   23892      33.9326
   23893      33.9906
   23894      33.9329
   23895      33.8949
   23896      34.0466
   23897      34.1135
   23898      34.2780
   23899      33.8855
   23900      33.7047
   23901      33.9391
   23902      34.4419
   23903      34.4308
   23904      34.3017
   23905      33.6379
   23906      34.1450
   23907      33.8288
   23908      33.4644
   23909      33.8800
   23910      34.2118
   23911      34.0194
   23912      34.0560
   23913      34.4136
   23914      34.0566
   23915      34.1206
   23916      34.1714
   23917      34.0202
   23918      33.5173
   23919      34.1303
   23920      34.0507
   23921      33.9612
   23922      34.4093
   23923      33.9390
   23924      34.1744
   23925      33.7826
   23926      33.8582
   23927      34.0092
   23928      34.1257
   23929      34.3011
   23930      34.1529
   23931      34.2446
   23932      34.1542
   23933      33.9776
   23934      33.8174
   23935      34.3790
   23936      34.3232
   23937      34.1133
   23938      33.9265
   23939      33.8152
   23940      33.5919
   23941      33.8564
   23942      33.6273
   23943      33.7374
   23944      33.6710
   23945      34.1428
   23946      33.9983
   23947      33.9589
   23948      33.8904
   23949      33.9499
   23950      33.9673
   23951      33.8895
   23952      34.2202
   23953      33.7708
   23954      33.2475
   23955      33.4371
   23956      33.2421
   23957      33.3107
   23958      32.8938
   23959      33.4024
   23960      33.5069
   23961      33.5221
   23962      33.5626
   23963      33.3426
   23964      33.7187
   23965      33.9204
   23966      33.5684
   23967      33.9896
   23968      33.8452
   23969      34.0186
   23970      34.0690
   23971      33.5949
   23972      34.1751
   23973      34.1762
   23974      33.9035
   23975      33.9355
   23976      34.2245
   23977      33.7515
   23978      33.5830
   23979      33.5234
   23980      33.8206
   23981      34.0973
   23982      33.7539
   23983      33.7576
   23984      33.6457
   23985      33.4679
   23986      33.1755
   23987      33.4868
   23988      33.5344
   23989      33.3970
   23990      33.6630
   23991      33.8834
   23992      33.7154
   23993      33.9416
   23994      34.1016
   23995      33.9289
   23996      33.7573
   23997      33.9116
   23998      33.5564
   23999      34.0970
   24000      34.0494
   24001      34.3902
   24002      33.6267
   24003      33.4226
   24004      33.9135
   24005      33.5684
   24006      33.8001
   24007      33.5865
   24008      34.0282
   24009      34.0859
   24010      34.2116
   24011      33.6601
   24012      33.6937
   24013      34.0257
   24014      34.0280
   24015      33.8710
   24016      33.7756
   24017      33.7933
   24018      33.7080
   24019      34.1711
   24020      34.2429
   24021      34.3384
   24022      34.1645
   24023      34.3410
   24024      34.1883
   24025      34.4322
   24026      34.0111
   24027      33.8720
   24028      33.3236
   24029      33.4478
   24030      33.5781
   24031      33.6231
   24032      33.8333
   24033      34.2579
   24034      34.3417
   24035      34.1923
   24036      34.3119
   24037      34.3471
   24038      33.6171
   24039      33.8625
   24040      34.2909
   24041      33.8123
   24042      33.8267
   24043      33.7765
   24044      33.9597
   24045      33.8892
   24046      34.1993
   24047      34.1573
   24048      34.3010
   24049      33.9630
   24050      34.4795
   24051      34.6894
   24052      34.7701
   24053      34.3845
   24054      34.1476
   24055      34.1247
   24056      33.7738
   24057      33.9680
   24058      33.8025
   24059      34.1900
   24060      34.0000
   24061      34.1910
   24062      34.1883
   24063      34.1141
   24064      34.3487
   24065      34.3504
   24066      34.2647
   24067      34.1710
   24068      34.0259
   24069      34.0472
   24070      33.9079
   24071      33.9151
   24072      33.4135
   24073      34.0082
   24074      33.8780
   24075      33.7873
   24076      34.0253
   24077      33.2525
   24078      33.2026
   24079      33.3405
   24080      33.3115
   24081      32.8766
   24082      33.0319
   24083      33.5592
   24084      33.6649
   24085      33.4792
   24086      33.3780
   24087      33.6596
   24088      33.3516
   24089      33.6287
   24090      33.3807
   24091      33.2032
   24092      33.4028
   24093      33.1539
   24094      33.4212
   24095      33.2952
   24096      32.8899
   24097      33.8557
   24098      33.4675
   24099      33.2222
   24100      33.2925
   24101      33.5707
   24102      33.3168
   24103      33.3971
   24104      33.3832
   24105      33.4501
   24106      33.8506
   24107      33.9341
   24108      33.9225
   24109      33.6072
   24110      33.5676
   24111      33.4509
   24112      33.5443
   24113      33.3696
   24114      33.8606
   24115      34.0467
   24116      33.4015
   24117      33.6566
   24118      33.8566
   24119      33.8225
   24120      34.0834
   24121      33.8394
   24122      33.6882
   24123      33.7407
   24124      33.1850
   24125      33.6973
   24126      33.7955
   24127      33.8926
   24128      33.8753
   24129      34.1624
   24130      33.7160
   24131      33.9066
   24132      33.5663
   24133      33.6666
   24134      33.8738
   24135      33.5220
   24136      33.5573
   24137      33.8791
   24138      33.6145
   24139      33.4330
   24140      33.4341
   24141      34.2325
   24142      34.1458
   24143      34.4181
   24144      33.5214
   24145      34.1366
   24146      34.0297
   24147      33.7608
   24148      34.0494
   24149      34.1941
   24150      33.9639
   24151      33.3755
   24152      34.1284
   24153      33.7410
   24154      33.8552
   24155      33.8034
   24156      34.2026
   24157      33.9402
   24158      33.9241
   24159      33.6822
   24160      34.1618
   24161      33.7646
   24162      33.9690
   24163      33.8399
   24164      34.2772
   24165      34.2256
   24166      34.5916
   24167      34.4217
   24168      34.5438
   24169      34.3930
   24170      33.9803
   24171      34.2718
   24172      34.3571
   24173      34.0679
   24174      34.5684
   24175      34.1849
   24176      33.8809
   24177      34.2389
   24178      34.0208
   24179      34.4708
   24180      34.3144
   24181      34.5478
   24182      34.6002
   24183      34.7272
   24184      34.5530
   24185      34.2350
   24186      34.6190
   24187      34.5848
   24188      34.0258
   24189      34.4473
   24190      34.5133
   24191      34.7426
   24192      34.9349
   24193      34.5745
   24194      34.7394
   24195      34.8224
   24196      34.4172
   24197      34.8853
   24198      34.7471
   24199      34.6859
   24200      34.3419
   24201      34.4912
   24202      34.5480
   24203      34.2126
   24204      34.4737
   24205      34.2749
   24206      34.2327
   24207      34.6857
   24208      34.1768
   24209      34.6646
   24210      33.9852
   24211      34.2934
   24212      34.0429
   24213      34.3256
   24214      33.8787
   24215      34.1859
   24216      33.8484
   24217      33.5422
   24218      33.5838
   24219      33.2290
   24220      32.7591
   24221      33.5374
   24222      33.4002
   24223      33.5291
   24224      33.4340
   24225      33.7885
   24226      33.7594
   24227      33.5551
   24228      33.9149
   24229      33.7998
   24230      33.8550
   24231      33.7013
   24232      34.0285
   24233      34.0759
   24234      34.1080
   24235      33.8702
   24236      34.1784
   24237      33.6140
   24238      33.9840
   24239      34.1593
   24240      33.9026
   24241      34.2674
   24242      33.9298
   24243      34.1908
   24244      34.0606
   24245      33.7860
   24246      34.0727
   24247      34.1446
   24248      33.9036
   24249      33.6962
   24250      34.3221
   24251      33.7334
   24252      34.0143
   24253      33.9045
   24254      34.2164
   24255      34.2310
   24256      34.2277
   24257      34.8302
   24258      34.3209
   24259      34.2406
   24260      34.1114
   24261      34.5846
   24262      34.5563
   24263      34.0181
   24264      33.8559
   24265      33.9008
   24266      34.0327
   24267      33.9566
   24268      34.4501
   24269      34.2690
   24270      34.5484
   24271      33.9981
   24272      34.1047
   24273      34.0435
   24274      33.5041
   24275      33.8353
   24276      33.5150
   24277      34.2383
   24278      33.7560
   24279      33.8214
   24280      33.8302
   24281      33.5536
   24282      33.8540
   24283      34.1128
   24284      34.0371
   24285      34.1086
   24286      34.2438
   24287      34.3454
   24288      34.2978
   24289      34.5630
   24290      34.1078
   24291      34.3587
   24292      34.1328
   24293      34.5781
   24294      34.3414
   24295      34.1719
   24296      34.4231
   24297      34.1524
   24298      33.5662
   24299      33.7714
   24300      33.7209
   24301      33.3466
   24302      33.5957
   24303      33.4752
   24304      32.9601
   24305      33.2623
   24306      33.5637
   24307      33.6241
   24308      33.8366
   24309      33.7516
   24310      33.8193
   24311      33.5379
   24312      33.8809
   24313      33.6872
   24314      33.1202
   24315      33.6295
   24316      33.9708
   24317      33.6044
   24318      33.7603
   24319      33.5566
   24320      33.5751
   24321      33.8999
   24322      33.6846
   24323      33.7862
   24324      33.6914
   24325      33.8133
   24326      34.1634
   24327      34.1746
   24328      34.0782
   24329      33.8428
   24330      33.6260
   24331      33.8569
   24332      33.6227
   24333      33.5185
   24334      33.6660
   24335      32.8308
   24336      33.1040
   24337      33.6277
   24338      33.5987
   24339      33.8139
   24340      34.2836
   24341      34.5129
   24342      34.1102
   24343      33.7479
   24344      33.7520
   24345      33.8358
   24346      33.8260
   24347      33.6226
   24348      34.0288
   24349      33.9796
   24350      34.0958
   24351      34.3447
   24352      34.5168
   24353      34.5024
   24354      34.2924
   24355      34.5996
   24356      34.2492
   24357      34.4515
   24358      34.2401
   24359      33.9341
   24360      33.5311
   24361      33.9955
   24362      33.6740
   24363      33.4946
   24364      33.9694
   24365      34.1467
   24366      34.0528
   24367      33.6555
   24368      33.6554
   24369      33.4301
   24370      34.1286
   24371      34.1501
   24372      33.6226
   24373      33.6249
   24374      34.3050
   24375      34.5479
   24376      34.3419
   24377      34.5461
   24378      33.9614
   24379      34.0817
   24380      34.1396
   24381      33.9575
   24382      34.0714
   24383      34.1860
   24384      34.2231
   24385      34.0297
   24386      34.3266
   24387      33.9792
   24388      34.1473
   24389      34.1351
   24390      34.5390
   24391      34.6775
   24392      34.7325
   24393      34.1620
   24394      34.1138
   24395      34.0319
   24396      34.2454
   24397      34.0719
   24398      34.1842
   24399      34.0403
   24400      33.8336
   24401      33.9228
   24402      34.0556
   24403      33.4921
   24404      33.8597
   24405      34.0213
   24406      34.3671
   24407      34.3443
   24408      33.8948
   24409      34.3007
   24410      33.9724
   24411      34.2846
   24412      34.1480
   24413      33.8160
   24414      33.8199
   24415      33.3925
   24416      32.9501
   24417      33.4347
   24418      33.4760
   24419      34.0835
   24420      34.5435
   24421      34.1547
   24422      34.1248
   24423      34.0762
   24424      34.1135
   24425      33.9261
   24426      34.1921
   24427      34.1748
   24428      34.0590
   24429      34.3369
   24430      34.1130
   24431      33.6504
   24432      33.9128
   24433      34.2242
   24434      34.0217
   24435      33.6488
   24436      34.1706
   24437      34.2226
   24438      34.2738
   24439      34.0012
   24440      33.8991
   24441      34.2564
   24442      34.0740
   24443      33.8129
   24444      33.7264
   24445      34.2930
   24446      34.3977
   24447      34.4921
   24448      34.3426
   24449      33.8907
   24450      34.0776
   24451      34.1911
   24452      34.0257
   24453      33.8120
   24454      34.1395
   24455      34.1104
   24456      34.2187
   24457      33.7983
   24458      34.1797
   24459      34.0776
   24460      34.4583
   24461      34.1602
   24462      34.0244
   24463      33.6826
   24464      34.1315
   24465      34.0713
   24466      34.1467
   24467      33.8256
   24468      33.9300
   24469      34.1534
   24470      34.0373
   24471      33.8984
   24472      33.6514
   24473      33.4881
   24474      33.6861
   24475      34.0117
   24476      33.5810
   24477      33.2379
   24478      33.3193
   24479      33.4353
   24480      33.6107
   24481      33.6456
   24482      34.1536
   24483      34.1058
   24484      34.0153
   24485      33.8746
   24486      34.1393
   24487      34.0500
   24488      33.8421
   24489      33.8030
   24490      34.0357
   24491      34.0597
   24492      33.9897
   24493      33.7367
   24494      34.0351
   24495      33.8701
   24496      34.0558
   24497      33.5185
   24498      34.0318
   24499      34.4209
   24500      33.9977
   24501      33.7352
   24502      33.7719
   24503      33.7630
   24504      33.9746
   24505      33.9929
   24506      33.8231
   24507      34.1527
   24508      33.5121
   24509      34.1568
   24510      34.1526
   24511      33.7889
   24512      33.7044
   24513      33.9159
   24514      33.5069
   24515      33.5963
   24516      33.2769
   24517      33.5488
   24518      33.8847
   24519      33.5924
   24520      33.9460
   24521      33.8896
   24522      33.4952
   24523      33.6894
   24524      33.5590
   24525      33.7933
   24526      34.1028
   24527      33.7888
   24528      33.8087
   24529      33.6580
   24530      34.1549
   24531      34.1210
   24532      33.9393
   24533      33.7418
   24534      34.0569
   24535      33.9885
   24536      33.8008
   24537      33.6127
   24538      33.5382
   24539      33.3073
   24540      33.7155
   24541      33.3445
   24542      33.3876
   24543      33.5409
   24544      33.5895
   24545      33.8501
   24546      33.5985
   24547      33.9603
   24548      34.1713
   24549      34.2559
   24550      34.2394
   24551      34.4261
   24552      33.6719
   24553      34.0897
   24554      34.0809
   24555      34.1036
   24556      33.1339
   24557      33.6015
   24558      33.3008
   24559      33.7283
   24560      33.9634
   24561      33.5078
   24562      33.5769
   24563      33.5006
   24564      33.3207
   24565      33.3784
   24566      33.3259
   24567      32.6862
   24568      33.2367
   24569      33.4495
   24570      33.4683
   24571      33.5893
   24572      33.1359
   24573      33.4149
   24574      33.8542
   24575      34.1903
   24576      33.4359
   24577      33.7894
   24578      33.2466
   24579      33.3806
   24580      33.5676
   24581      33.5625
   24582      33.2708
   24583      33.6555
   24584      33.4644
   24585      33.5201
   24586      33.8934
   24587      33.2267
   24588      33.1831
   24589      33.0316
   24590      32.7459
   24591      32.7814
   24592      33.0715
   24593      33.7613
   24594      33.1431
   24595      32.9638
   24596      33.3241
   24597      33.2051
   24598      33.2896
   24599      33.3670
   24600      33.0132
   24601      32.9548
   24602      33.6998
   24603      33.6172
   24604      33.3882
   24605      33.2842
   24606      33.7008
   24607      33.6201
   24608      33.4787
   24609      33.3737
   24610      33.4066
   24611      33.6715
   24612      33.6107
   24613      33.7500
   24614      33.5409
   24615      33.4970
   24616      33.2023
   24617      33.8828
   24618      33.5882
   24619      33.2837
   24620      33.6791
   24621      33.1609
   24622      33.5962
   24623      33.1317
   24624      33.3986
   24625      33.2782
   24626      33.3509
   24627      33.4588
   24628      33.3786
   24629      33.3114
   24630      33.2629
   24631      33.2641
   24632      33.2461
   24633      33.4042
   24634      33.2654
   24635      33.2185
   24636      32.9056
   24637      33.5577
   24638      33.4811
   24639      33.4418
   24640      33.7981
   24641      33.2329
   24642      33.6911
   24643      33.4953
   24644      33.3735
   24645      33.5160
   24646      33.2189
   24647      33.6241
   24648      33.7117
   24649      33.6202
   24650      33.3877
   24651      33.6641
   24652      33.2853
   24653      33.2002
   24654      33.2692
   24655      33.4264
   24656      33.3193
   24657      33.6857
   24658      33.0516
   24659      33.4739
   24660      33.3989
   24661      33.6342
   24662      33.5324
   24663      33.4830
   24664      33.2105
   24665      33.7692
   24666      33.5845
   24667      33.7975
   24668      33.3460
   24669      32.9674
   24670      33.7484
   24671      33.2527
   24672      33.3369
   24673      33.7675
   24674      33.7052
   24675      33.8344
   24676      33.8928
   24677      33.6509
   24678      33.3952
   24679      33.6827
   24680      33.1944
   24681      33.6843
   24682      33.6180
   24683      33.6026
   24684      33.1851
   24685      33.4585
   24686      33.6162
   24687      33.9322
   24688      33.5797
   24689      33.7955
   24690      33.5690
   24691      33.8324
   24692      33.2383
   24693      33.5894
   24694      33.5576
   24695      33.8571
   24696      33.6833
   24697      33.9889
   24698      33.7429
   24699      33.7202
   24700      33.7665
   24701      33.9947
   24702      34.0472
   24703      33.7289
   24704      33.6658
   24705      34.2382
   24706      34.0774
   24707      33.8601
   24708      33.8899
   24709      33.6118
   24710      33.6904
   24711      33.9851
   24712      33.9180
   24713      33.9793
   24714      33.4091
   24715      33.7543
   24716      33.5120
   24717      33.7185
   24718      33.4339
   24719      33.4137
   24720      33.4484
   24721      33.7356
   24722      34.0278
   24723      33.6593
   24724      33.8228
   24725      33.7772
   24726      33.5339
   24727      33.4899
   24728      33.5649
   24729      33.1584
   24730      33.6525
   24731      33.4228
   24732      33.5032
   24733      34.1966
   24734      33.7476
   24735      34.3495
   24736      33.5378
   24737      33.6549
   24738      33.4261
   24739      33.6875
   24740      33.3840
   24741      33.3542
   24742      33.3475
   24743      33.6941
   24744      33.7696
   24745      33.4478
   24746      33.5961
   24747      33.6758
   24748      33.4210
   24749      33.1531
   24750      33.4429
   24751      32.8123
   24752      33.2082
   24753      33.0457
   24754      33.6271
   24755      33.7229
   24756      33.7368
   24757      33.3047
   24758      33.1324
   24759      33.0322
   24760      33.3416
   24761      33.2343
   24762      33.3846
   24763      33.7631
   24764      33.6381
   24765      33.5192
   24766      33.4440
   24767      33.7125
   24768      33.3336
   24769      33.7158
   24770      33.4066
   24771      33.3634
   24772      33.2430
   24773      33.4706
   24774      33.6053
   24775      33.2010
   24776      33.3948
   24777      33.3024
   24778      33.4424
   24779      33.3845
   24780      33.5176
   24781      33.3984
   24782      33.5945
   24783      33.8631
   24784      33.7584
   24785      34.0126
   24786      33.4539
   24787      33.8102
   24788      33.8692
   24789      33.6170
   24790      33.6193
   24791      33.8040
   24792      33.8967
   24793      33.5431
   24794      33.9537
   24795      33.9010
   24796      33.6605
   24797      33.9319
   24798      34.1665
   24799      33.9757
   24800      34.1254
   24801      33.7681
   24802      33.6467
   24803      33.6647
   24804      33.5731
   24805      33.7202
   24806      33.4009
   24807      33.4424
   24808      33.6582
   24809      33.5520
   24810      33.4902
   24811      33.9742
   24812      33.7813
   24813      33.9129
   24814      33.6772
   24815      34.3378
   24816      33.4969
   24817      33.8217
   24818      33.6229
   24819      34.3763
   24820      33.8508
   24821      33.6324
   24822      33.6235
   24823      33.6537
   24824      33.9453
   24825      33.7110
   24826      33.2905
   24827      33.6929
   24828      33.9330
   24829      34.1067
   24830      33.4148
   24831      33.6279
   24832      33.5724
   24833      33.3001
   24834      33.9993
   24835      33.3634
   24836      33.6300
   24837      33.6752
   24838      33.8278
   24839      33.3369
   24840      34.0412
   24841      33.9863
   24842      33.8015
   24843      33.8486
   24844      33.8650
   24845      33.9971
   24846      33.6738
   24847      33.9152
   24848      33.7869
   24849      33.9819
   24850      34.4240
   24851      34.3688
   24852      33.9069
   24853      33.7909
   24854      33.3214
   24855      33.3689
   24856      33.8892
   24857      33.6131
   24858      33.9915
   24859      33.9489
   24860      33.8740
   24861      34.4336
   24862      34.0080
   24863      33.8604
   24864      33.8417
   24865      34.1800
   24866      34.0727
   24867      33.7556
   24868      33.7827
   24869      34.2639
   24870      34.2534
   24871      34.2120
   24872      34.1858
   24873      34.3588
   24874      33.7675
   24875      34.0383
   24876      33.3549
   24877      33.7553
   24878      34.0281
   24879      33.8336
   24880      34.1475
   24881      33.6407
   24882      33.7304
   24883      33.8199
   24884      33.7294
   24885      33.7224
   24886      33.3639
   24887      33.4045
   24888      33.8682
   24889      33.9518
   24890      33.5729
   24891      33.1923
   24892      33.9348
   24893      33.9338
   24894      33.8556
   24895      33.6477
   24896      34.0991
   24897      33.5257
   24898      33.9229
   24899      33.5783
   24900      33.5650
   24901      33.5961
   24902      34.2164
   24903      33.9221
   24904      33.7352
   24905      33.5257
   24906      33.7247
   24907      33.9663
   24908      33.9127
   24909      33.7886
   24910      34.4348
   24911      33.8105
   24912      34.0623
   24913      34.2977
   24914      33.9700
   24915      33.7684
   24916      34.1049
   24917      33.9621
   24918      33.8003
   24919      33.9373
   24920      33.6484
   24921      33.6125
   24922      33.4959
   24923      33.4108
   24924      33.4462
   24925      33.5991
   24926      33.4836
   24927      33.7816
   24928      33.3814
   24929      33.6353
   24930      33.7677
   24931      33.8559
   24932      33.6722
   24933      33.5157
   24934      33.5585
   24935      33.6843
   24936      33.6982
   24937      33.7125
   24938      34.0579
   24939      34.2302
   24940      33.7197
   24941      33.9300
   24942      33.7507
   24943      33.6340
   24944      33.6970
   24945      33.8808
   24946      33.5385
   24947      33.5702
   24948      34.1492
   24949      33.9611
   24950      33.9170
   24951      33.7388
   24952      34.1580
   24953      34.0425
   24954      34.1106
   24955      34.2197
   24956      33.8128
   24957      34.1303
   24958      34.2168
   24959      34.3976
   24960      34.4295
   24961      33.9207
   24962      34.0818
   24963      34.1757
   24964      34.2774
   24965      33.9283
   24966      33.5196
   24967      34.0785
   24968      34.0979
   24969      33.8536
   24970      33.7335
   24971      33.9091
   24972      33.9501
   24973      33.5103
   24974      33.9418
   24975      34.1054
   24976      33.8620
   24977      33.9760
   24978      33.6870
   24979      34.5733
   24980      34.2584
   24981      34.3522
   24982      34.2775
   24983      34.1605
   24984      34.1631
   24985      33.9654
   24986      34.0910
   24987      34.3741
   24988      34.1960
   24989      34.4887
   24990      33.7913
   24991      33.8703
   24992      33.8632
   24993      33.8575
   24994      33.8534
   24995      34.1855
   24996      34.6149
   24997      34.2936
   24998      34.3147
   24999      34.2602
   25000      33.9220
   25001      34.3253
   25002      34.2671
   25003      34.1527
   25004      34.2851
   25005      33.9810
   25006      33.8983
   25007      33.9883
   25008      33.9851
   25009      34.3235
   25010      34.2189
   25011      33.9308
   25012      33.8739
   25013      34.0987
   25014      33.9975
   25015      33.2961
   25016      33.6833
   25017      33.8536
   25018      34.3949
   25019      34.1119
   25020      33.7709
   25021      34.0516
   25022      34.1068
   25023      34.1099
   25024      34.2035
   25025      34.0632
   25026      33.9254
   25027      33.9578
   25028      33.9444
   25029      34.2494
   25030      34.2238
   25031      34.0259
   25032      33.9027
   25033      33.4674
   25034      33.6725
   25035      33.6951
   25036      33.9632
   25037      34.0827
   25038      34.3403
   25039      34.3427
   25040      34.3572
   25041      34.3028
   25042      34.3001
   25043      34.2644
   25044      34.1489
   25045      34.0866
   25046      33.6683
   25047      34.0129
   25048      34.6796
   25049      33.7061
   25050      33.8632
   25051      33.6568
   25052      33.9422
   25053      34.1374
   25054      33.9696
   25055      33.7987
   25056      33.6454
   25057      34.0550
   25058      34.2061
   25059      34.0902
   25060      34.0054
   25061      33.8981
   25062      33.6323
   25063      33.5926
   25064      33.4658
   25065      33.5608
   25066      33.8950
   25067      33.9796
   25068      34.3730
   25069      33.9825
   25070      33.7133
   25071      33.9522
   25072      34.0014
   25073      34.0733
   25074      33.3874
   25075      33.9812
   25076      34.3105
   25077      34.2753
   25078      34.0561
   25079      34.0729
   25080      33.7495
   25081      33.3586
   25082      33.5291
   25083      33.9950
   25084      33.9577
   25085      34.2176
   25086      34.1722
   25087      33.7256
   25088      33.8895
   25089      33.8464
   25090      33.9795
   25091      33.8138
   25092      33.7616
   25093      34.1498
   25094      34.1806
   25095      33.8938
   25096      34.1527
   25097      33.7569
   25098      34.3717
   25099      33.9939
   25100      33.6366
   25101      33.4800
   25102      33.8050
   25103      33.7033
   25104      33.9733
   25105      33.7784
   25106      33.8680
   25107      33.8754
   25108      33.5785
   25109      33.6604
   25110      33.4400
   25111      33.8003
   25112      33.6729
   25113      33.6885
   25114      33.6144
   25115      33.8026
   25116      34.2284
   25117      34.0994
   25118      34.0076
   25119      33.8608
   25120      34.4870
   25121      34.4709
   25122      34.3580
   25123      34.2924
   25124      34.0890
   25125      33.9351
   25126      34.5242
   25127      34.4132
   25128      34.1296
   25129      34.3344
   25130      34.2213
   25131      34.2806
   25132      33.9535
   25133      33.7756
   25134      33.7034
   25135      34.0951
   25136      33.7287
   25137      33.9118
   25138      34.0149
   25139      34.4251
   25140      34.2025
   25141      34.4794
   25142      33.9185
   25143      34.4284
   25144      34.3600
   25145      34.6056
   25146      34.5954
   25147      34.1859
   25148      34.1407
   25149      33.8146
   25150      34.2346
   25151      34.2410
   25152      34.2867
   25153      34.5983
   25154      34.0548
   25155      34.3310
   25156      33.6339
   25157      34.0101
   25158      33.8765
   25159      33.7295
   25160      33.9236
   25161      34.2224
   25162      34.0639
   25163      33.9450
   25164      33.9508
   25165      33.9659
   25166      33.7312
   25167      34.1142
   25168      33.9133
   25169      34.2019
   25170      34.0657
   25171      34.2388
   25172      33.9615
   25173      34.4719
   25174      34.6344
   25175      34.1863
   25176      34.4247
   25177      34.3715
   25178      34.2637
   25179      34.3619
   25180      34.1734
   25181      33.9440
   25182      34.1970
   25183      34.4876
   25184      34.5029
   25185      34.1158
   25186      34.4235
   25187      34.1041
   25188      34.2086
   25189      34.3245
   25190      34.3954
   25191      33.7722
   25192      34.1196
   25193      34.1526
   25194      34.2700
   25195      34.5585
   25196      34.7984
   25197      34.2306
   25198      34.4789
   25199      34.0860
   25200      34.2018
   25201      34.0045
   25202      34.4560
   25203      34.3225
   25204      34.1048
   25205      34.2742
   25206      34.1751
   25207      34.1149
   25208      34.6803
   25209      33.9381
   25210      34.0646
   25211      34.2222
   25212      33.7218
   25213      33.7251
   25214      34.1482
   25215      33.7080
   25216      33.8893
   25217      33.9047
   25218      33.8810
   25219      33.7397
   25220      34.2820
   25221      34.4920
   25222      34.4469
   25223      34.4261
   25224      34.6353
   25225      34.4848
   25226      34.1026
   25227      34.3976
   25228      34.2949
   25229      34.0883
   25230      34.0389
   25231      34.3110
   25232      34.5096
   25233      34.5303
   25234      34.2790
   25235      33.9397
   25236      33.7805
   25237      34.3135
   25238      33.8487
   25239      33.7393
   25240      33.8313
   25241      33.8971
   25242      33.9698
   25243      33.9912
   25244      34.2344
   25245      33.8426
   25246      33.9393
   25247      33.6194
   25248      34.1886
   25249      34.2545
   25250      33.7321
   25251      33.9281
   25252      34.0012
   25253      33.8293
   25254      34.0573
   25255      33.7901
   25256      33.7265
   25257      34.0840
   25258      34.0796
   25259      33.7873
   25260      33.8664
   25261      34.0664
   25262      34.1824
   25263      34.1051
   25264      33.7699
   25265      34.0771
   25266      34.0223
   25267      33.7930
   25268      33.7045
   25269      34.0597
   25270      34.1322
   25271      34.2275
   25272      34.0286
   25273      34.1969
   25274      34.0661
   25275      33.8938
   25276      33.8451
   25277      33.8626
   25278      33.2469
   25279      33.7582
   25280      34.1598
   25281      34.2997
   25282      33.9713
   25283      33.9888
   25284      33.9848
   25285      33.8647
   25286      34.0138
   25287      33.4873
   25288      33.9228
   25289      33.5879
   25290      33.8438
   25291      33.9153
   25292      33.8757
   25293      33.6667
   25294      33.5243
   25295      33.6262
   25296      33.7230
   25297      33.4549
   25298      33.9097
   25299      33.8501
   25300      33.7003
   25301      33.8897
   25302      34.0971
   25303      33.4606
   25304      34.1325
   25305      33.7209
   25306      33.7086
   25307      33.8312
   25308      33.8982
   25309      33.9499
   25310      33.7898
   25311      33.7989
   25312      33.9260
   25313      34.1133
   25314      34.1033
   25315      33.4470
   25316      33.6397
   25317      33.4251
   25318      33.6081
   25319      33.4507
   25320      33.6671
   25321      33.9751
   25322      34.0532
   25323      33.6064
   25324      33.6740
   25325      33.8664
   25326      33.9944
   25327      33.8675
   25328      33.9919
   25329      33.9777
   25330      33.7881
   25331      33.7366
   25332      33.5562
   25333      33.5079
   25334      33.4992
   25335      33.5010
   25336      33.8293
   25337      33.5341
   25338      33.3471
   25339      33.5435
   25340      33.8661
   25341      33.5707
   25342      33.9242
   25343      34.1189
   25344      33.6342
   25345      34.0330
   25346      34.0524
   25347      33.8157
   25348      33.8499
   25349      33.9447
   25350      33.8259
   25351      33.5626
   25352      33.7261
   25353      33.6769
   25354      33.5570
   25355      33.4540
   25356      33.6201
   25357      33.9930
   25358      33.6231
   25359      34.3072
   25360      33.9089
   25361      34.1094
   25362      33.6473
   25363      33.9710
   25364      33.8407
   25365      33.6245
   25366      33.4403
   25367      33.6501
   25368      33.6965
   25369      32.8994
   25370      33.0776
   25371      33.0300
   25372      33.3934
   25373      33.8393
   25374      33.5459
   25375      34.0439
   25376      33.8462
   25377      33.5738
   25378      33.3482
   25379      34.0130
   25380      33.7638
   25381      33.4788
   25382      33.7605
   25383      33.4529
   25384      33.8419
   25385      34.4474
   25386      33.6521
   25387      34.4708
   25388      34.1809
   25389      34.5863
   25390      34.3938
   25391      34.3546
   25392      34.4194
   25393      34.4709
   25394      34.4797
   25395      34.6605
   25396      34.0387
   25397      33.9813
   25398      34.1629
   25399      34.0047
   25400      34.2038
   25401      34.1178
   25402      33.9759
   25403      33.7852
   25404      34.1618
   25405      34.3230
   25406      34.3551
   25407      34.2558
   25408      33.7092
   25409      33.6401
   25410      33.2735
   25411      33.4968
   25412      33.7947
   25413      33.8525
   25414      33.6223
   25415      33.7568
   25416      33.7886
   25417      33.7627
   25418      33.4590
   25419      33.4720
   25420      33.3998
   25421      33.7131
   25422      33.6621
   25423      33.9569
   25424      34.0254
   25425      33.6828
   25426      33.4866
   25427      33.2912
   25428      33.6581
   25429      33.1765
   25430      33.3392
   25431      33.1455
   25432      33.5139
   25433      33.9642
   25434      33.7157
   25435      33.8918
   25436      33.7473
   25437      33.7379
   25438      33.8100
   25439      33.6275
   25440      33.4183
   25441      33.1908
   25442      33.5319
   25443      33.6722
   25444      33.4505
   25445      33.9598
   25446      33.1950
   25447      33.6345
   25448      33.0480
   25449      33.3801
   25450      33.6476
   25451      33.4260
   25452      33.7991
   25453      33.4669
   25454      33.8708
   25455      33.8740
   25456      33.6026
   25457      33.4221
   25458      33.6703
   25459      33.5157
   25460      33.7610
   25461      33.8630
   25462      33.7181
   25463      33.2830
   25464      33.6086
   25465      33.7032
   25466      33.2017
   25467      33.5497
   25468      33.6994
   25469      33.6409
   25470      33.6193
   25471      33.5823
   25472      33.4236
   25473      33.2815
   25474      33.3165
   25475      33.4273
   25476      33.3258
   25477      33.3709
   25478      33.5610
   25479      33.5342
   25480      33.3283
   25481      33.5410
   25482      33.0566
   25483      33.5207
   25484      33.5767
   25485      33.8890
   25486      33.7959
   25487      33.8982
   25488      33.7663
   25489      33.7877
   25490      34.1099
   25491      34.1002
   25492      33.8576
   25493      33.7096
   25494      33.9813
   25495      33.6552
   25496      33.5158
   25497      33.6449
   25498      33.5213
   25499      33.6356
   25500      33.8655
   25501      34.0198
   25502      33.8529
   25503      34.1903
   25504      33.5290
   25505      33.7629
   25506      34.1832
   25507      33.6321
   25508      33.4576
   25509      33.7385
   25510      33.9709
   25511      34.0405
   25512      33.7022
   25513      33.6192
   25514      33.9180
   25515      33.5714
   25516      33.6383
   25517      33.9552
   25518      33.6460
   25519      33.5938
   25520      33.9658
   25521      34.0692
   25522      33.8305
   25523      34.4576
   25524      33.2762
   25525      33.5678
   25526      33.0581
   25527      33.8507
   25528      33.1315
   25529      33.2445
   25530      33.1910
   25531      33.6321
   25532      33.3309
   25533      33.7773
   25534      33.9453
   25535      33.5488
   25536      33.2120
   25537      33.7205
   25538      33.8509
   25539      33.6110
   25540      33.7654
   25541      33.3840
   25542      33.7101
   25543      33.7800
   25544      33.6429
   25545      33.7538
   25546      33.4903
   25547      33.6152
   25548      33.4879
   25549      33.4241
   25550      33.2111
   25551      33.1328
   25552      34.1186
   25553      33.6296
   25554      33.8267
   25555      33.9528
   25556      33.4267
   25557      33.2392
   25558      33.1106
   25559      32.9797
   25560      33.4393
   25561      33.8805
   25562      33.9266
   25563      33.7033
   25564      33.6849
   25565      32.8250
   25566      32.8646
   25567      32.5959
   25568      32.7957
   25569      33.1744
   25570      33.2988
   25571      33.6534
   25572      33.6888
   25573      33.5717
   25574      33.9934
   25575      33.7754
   25576      34.0340
   25577      33.6724
   25578      33.7009
   25579      33.8216
   25580      33.6705
   25581      33.4328
   25582      33.5618
   25583      34.1356
   25584      33.9929
   25585      33.7919
   25586      33.8131
   25587      33.5138
   25588      33.6450
   25589      33.4553
   25590      33.5875
   25591      33.4449
   25592      33.4544
   25593      33.9819
   25594      33.5427
   25595      33.6543
   25596      33.3282
   25597      33.6159
   25598      33.7585
   25599      33.6142
   25600      33.8184
   25601      33.7774
   25602      33.6015
   25603      33.9033
   25604      34.0505
   25605      33.6223
   25606      33.5255
   25607      33.8695
   25608      33.4720
   25609      33.6591
   25610      33.6771
   25611      33.7104
   25612      33.5096
   25613      33.8912
   25614      33.3298
   25615      33.1392
   25616      33.3633
   25617      33.4714
   25618      33.5808
   25619      33.5132
   25620      33.6317
   25621      33.6641
   25622      33.4241
   25623      33.5652
   25624      33.5973
   25625      33.4730
   25626      33.9348
   25627      34.2363
   25628      33.9537
   25629      33.8427
   25630      33.4889
   25631      33.6417
   25632      33.9013
   25633      33.9647
   25634      33.7545
   25635      33.7436
   25636      34.0744
   25637      34.1492
   25638      34.1120
   25639      34.5144
   25640      33.8763
   25641      34.0900
   25642      34.0263
   25643      34.2165
   25644      34.0754
   25645      33.6972
   25646      33.8377
   25647      33.5308
   25648      34.1165
   25649      33.6562
   25650      33.4065
   25651      34.0658
   25652      33.7054
   25653      34.0847
   25654      33.7668
   25655      33.8200
   25656      33.9026
   25657      34.1954
   25658      33.8748
   25659      33.7605
   25660      33.7786
   25661      33.6626
   25662      33.5113
   25663      33.5425
   25664      33.4834
   25665      33.6846
   25666      33.4834
   25667      33.4607
   25668      33.1360
   25669      33.4764
   25670      33.6236
   25671      33.5675
   25672      33.6308
   25673      33.3781
   25674      33.6066
   25675      33.8627
   25676      33.3722
   25677      33.4948
   25678      33.7064
   25679      33.3202
   25680      33.4683
   25681      33.4250
   25682      33.2730
   25683      33.9892
   25684      33.6675
   25685      33.7146
   25686      33.6108
   25687      33.7100
   25688      34.4456
   25689      33.5090
   25690      34.1644
   25691      33.7173
   25692      33.5780
   25693      34.0428
   25694      33.6901
   25695      33.7363
   25696      33.8817
   25697      33.6665
   25698      33.6282
   25699      33.5162
   25700      33.5347
   25701      33.5023
   25702      33.4938
   25703      33.8580
   25704      33.6125
   25705      33.4232
   25706      33.3672
   25707      33.2982
   25708      33.6079
   25709      33.4339
   25710      33.7576
   25711      33.6163
   25712      33.4692
   25713      33.2496
   25714      33.5333
   25715      33.6875
   25716      33.6404
   25717      33.4211
   25718      33.6397
   25719      33.7580
   25720      33.2818
   25721      33.1119
   25722      33.1760
   25723      33.6099
   25724      32.9637
   25725      33.2153
   25726      33.2245
   25727      33.0242
   25728      33.7414
   25729      33.5688
   25730      33.7436
   25731      33.5223
   25732      33.6087
   25733      33.9457
   25734      33.9423
   25735      33.8488
   25736      33.9652
   25737      34.1904
   25738      34.3002
   25739      33.9680
   25740      33.7378
   25741      34.6123
   25742      34.2023
   25743      34.2244
   25744      33.8862
   25745      34.4464
   25746      34.2310
   25747      33.8898
   25748      33.9678
   25749      34.2955
   25750      33.9062
   25751      33.3423
   25752      33.8169
   25753      33.9044
   25754      33.3588
   25755      33.7061
   25756      33.9015
   25757      33.8261
   25758      33.2189
   25759      32.9655
   25760      33.0747
   25761      33.5766
   25762      33.7812
   25763      33.6302
   25764      33.2597
   25765      34.0226
   25766      33.8869
   25767      33.2281
   25768      33.3726
   25769      33.6628
   25770      33.2921
   25771      34.0204
   25772      34.2396
   25773      33.7862
   25774      33.9308
   25775      33.1347
   25776      33.7281
   25777      33.6268
   25778      33.7965
   25779      33.4885
   25780      34.1504
   25781      34.1233
   25782      33.6742
   25783      33.3963
   25784      33.4899
   25785      33.4692
   25786      33.7695
   25787      33.8310
   25788      33.7688
   25789      33.8840
   25790      33.4082
   25791      32.9009
   25792      33.5634
   25793      33.2729
   25794      33.4064
   25795      34.1734
   25796      34.1008
   25797      33.6816
   25798      34.1766
   25799      33.9310
   25800      34.0283
   25801      34.0668
   25802      33.8092
   25803      33.7125
   25804      33.7794
   25805      33.4810
   25806      33.3793
   25807      33.1428
   25808      33.2576
   25809      33.1971
   25810      33.0619
   25811      33.8124
   25812      33.7707
   25813      33.6042
   25814      33.9510
   25815      34.2076
   25816      34.1639
   25817      33.8562
   25818      34.3518
   25819      33.8435
   25820      33.9492
   25821      34.0966
   25822      33.8085
   25823      33.6191
   25824      33.3418
   25825      33.9747
   25826      33.1779
   25827      33.6627
   25828      33.4868
   25829      33.2992
   25830      33.1674
   25831      32.7888
   25832      33.0887
   25833      33.2903
   25834      33.1605
   25835      33.4803
   25836      33.2507
   25837      33.6914
   25838      33.9744
   25839      33.5937
   25840      33.3286
   25841      33.0795
   25842      33.3216
   25843      33.8633
   25844      33.7876
   25845      33.7847
   25846      33.5172
   25847      33.8022
   25848      33.6239
   25849      34.0688
   25850      33.7160
   25851      33.9220
   25852      34.2805
   25853      33.7124
   25854      34.4370
   25855      33.8265
   25856      34.0624
   25857      33.9059
   25858      33.6326
   25859      33.7714
   25860      33.4642
   25861      33.6705
   25862      33.7035
   25863      33.3154
   25864      33.6408
   25865      33.6207
   25866      33.9112
   25867      33.7892
   25868      34.0573
   25869      33.5412
   25870      33.2377
   25871      33.9722
   25872      33.7968
   25873      33.4922
   25874      33.3157
   25875      33.4226
   25876      33.1746
   25877      33.2871
   25878      33.5264
   25879      33.7022
   25880      33.0626
   25881      33.3028
   25882      33.2767
   25883      33.0756
   25884      33.6456
   25885      33.7152
   25886      33.6246
   25887      33.8707
   25888      34.0498
   25889      33.6215
   25890      34.0025
   25891      33.7612
   25892      34.1469
   25893      33.8468
   25894      34.0900
   25895      33.8314
   25896      33.8801
   25897      33.6726
   25898      34.0947
   25899      33.9900
   25900      33.4284
   25901      34.2896
   25902      33.8432
   25903      34.0965
   25904      34.1052
   25905      34.0067
   25906      34.0196
   25907      34.3838
   25908      33.7567
   25909      34.4299
   25910      33.8171
   25911      33.5086
   25912      34.2641
   25913      34.0462
   25914      34.1380
   25915      33.6346
   25916      33.5301
   25917      33.6886
   25918      33.6300
   25919      33.9172
   25920      34.1914
   25921      33.5637
   25922      33.5883
   25923      33.9205
   25924      34.0652
   25925      33.7398
   25926      33.6772
   25927      33.4717
   25928      33.7554
   25929      33.7251
   25930      33.4790
   25931      34.2352
   25932      33.7450
   25933      33.8671
   25934      33.4310
   25935      33.6798
   25936      34.1865
   25937      33.9242
   25938      33.9849
   25939      33.6114
   25940      33.6613
   25941      33.6249
   25942      33.5276
   25943      34.0362
   25944      33.1749
   25945      33.3114
   25946      33.3670
   25947      33.5967
   25948      33.2617
   25949      33.4783
   25950      33.2324
   25951      33.3660
   25952      33.1683
   25953      33.4898
   25954      33.5115
   25955      33.0292
   25956      33.3108
   25957      33.9009
   25958      33.8104
   25959      33.2821
   25960      33.3013
   25961      33.4207
   25962      33.7110
   25963      33.6652
   25964      33.5738
   25965      33.1307
   25966      33.6384
   25967      33.3738
   25968      33.6189
   25969      34.1117
   25970      33.9506
   25971      33.9783
   25972      34.0332
   25973      33.8498
   25974      33.7770
   25975      33.7146
   25976      33.6683
   25977      33.8928
   25978      33.3103
   25979      33.4998
   25980      33.0667
   25981      33.6136
   25982      33.6569
   25983      33.6051
   25984      33.6468
   25985      33.3005
   25986      33.4181
   25987      33.9083
   25988      33.4658
   25989      34.2757
   25990      33.8699
   25991      33.6926
   25992      33.5070
   25993      33.8321
   25994      33.4821
   25995      33.4235
   25996      33.6492
   25997      33.9351
   25998      33.7438
   25999      33.8432
   26000      33.3231
   26001      32.8633
   26002      33.2802
   26003      33.4126
   26004      33.4682
   26005      32.9879
   26006      32.9158
   26007      32.6843
   26008      32.5698
   26009      32.8120
   26010      32.9502
   26011      32.9232
   26012      32.7342
   26013      32.9035
   26014      33.0053
   26015      32.7537
   26016      32.7706
   26017      32.9804
   26018      32.8312
   26019      32.9054
   26020      33.1032
   26021      33.3130
   26022      33.4141
   26023      33.7221
   26024      33.4923
   26025      33.3606
   26026      33.6018
   26027      33.0724
   26028      33.6602
   26029      33.6039
   26030      33.9657
   26031      33.6271
   26032      33.7934
   26033      33.6981
   26034      33.8058
   26035      33.9880
   26036      33.5272
   26037      33.8736
   26038      33.9781
   26039      34.1887
   26040      33.5997
   26041      33.6956
   26042      33.7439
   26043      33.9589
   26044      33.2622
   26045      33.6379
   26046      33.7080
   26047      33.9750
   26048      33.9901
   26049      33.8334
   26050      33.7209
   26051      34.1408
   26052      33.8699
   26053      34.0762
   26054      33.5841
   26055      33.6751
   26056      33.6668
   26057      33.7071
   26058      33.7455
   26059      33.9291
   26060      33.9985
   26061      34.4700
   26062      33.9425
   26063      33.9142
   26064      33.9691
   26065      34.3774
   26066      34.1840
   26067      34.2268
   26068      34.0759
   26069      34.1605
   26070      34.5429
   26071      33.9919
   26072      34.0849
   26073      34.3309
   26074      34.1853
   26075      34.4557
   26076      34.0918
   26077      34.0397
   26078      33.9885
   26079      33.8302
   26080      34.2541
   26081      34.1462
   26082      34.3016
   26083      34.1962
   26084      34.0281
   26085      34.4425
   26086      34.4539
   26087      34.4196
   26088      34.1639
   26089      35.1704
   26090      34.4305
   26091      34.5632
   26092      34.1229
   26093      34.1018
   26094      33.5863
   26095      33.5932
   26096      33.8327
   26097      33.9639
   26098      34.4364
   26099      34.0001
   26100      34.0272
   26101      34.4504
   26102      34.6426
   26103      34.5032
   26104      34.6577
   26105      34.0253
   26106      34.7887
   26107      34.1556
   26108      34.9152
   26109      34.3087
   26110      34.4032
   26111      34.3594
   26112      34.2158
   26113      34.1289
   26114      34.2980
   26115      34.4245
   26116      34.3257
   26117      34.1794
   26118      34.4290
   26119      34.0629
   26120      34.0823
   26121      34.5615
   26122      34.2970
   26123      34.2278
   26124      34.5187
   26125      34.3668
   26126      34.4778
   26127      34.6727
   26128      34.6018
   26129      34.5275
   26130      34.2928
   26131      34.4229
   26132      34.4093
   26133      34.0035
   26134      34.5390
   26135      34.6165
   26136      34.5116
   26137      34.3495
   26138      33.9432
   26139      34.0705
   26140      33.7537
   26141      33.9295
   26142      33.8151
   26143      33.7336
   26144      34.6827
   26145      34.0923
   26146      33.7581
   26147      33.4048
   26148      34.1559
   26149      34.0164
   26150      33.8925
   26151      34.1519
   26152      34.3707
   26153      33.8873
   26154      34.3488
   26155      34.0562
   26156      34.1032
   26157      34.2016
   26158      34.6950
   26159      34.1658
   26160      34.0099
   26161      34.7625
   26162      34.1898
   26163      34.1791
   26164      34.4889
   26165      34.0699
   26166      34.2785
   26167      34.6375
   26168      34.5080
   26169      34.7623
   26170      34.4246
   26171      34.6006
   26172      34.0915
   26173      34.4321
   26174      34.3090
   26175      34.4662
   26176      34.0880
   26177      34.0294
   26178      34.6974
   26179      34.6212
   26180      34.2275
   26181      34.0464
   26182      33.7884
   26183      33.9752
   26184      34.2055
   26185      34.4084
   26186      34.5109
   26187      34.0285
   26188      33.9457
   26189      33.6286
   26190      34.1191
   26191      34.1452
   26192      34.1419
   26193      33.7948
   26194      33.6102
   26195      33.8031
   26196      33.8378
   26197      34.4244
   26198      33.9427
   26199      34.5926
   26200      34.0412
   26201      34.5440
   26202      34.2667
   26203      34.3198
   26204      34.4671
   26205      34.2127
   26206      34.4226
   26207      34.1356
   26208      34.1875
   26209      33.4998
   26210      33.6809
   26211      34.0397
   26212      34.4133
   26213      33.6458
   26214      33.8535
   26215      33.6678
   26216      33.4580
   26217      34.1018
   26218      33.9869
   26219      33.8757
   26220      33.7275
   26221      34.4491
   26222      33.7269
   26223      34.0859
   26224      34.0988
   26225      33.7616
   26226      34.0470
   26227      34.5941
   26228      34.3092
   26229      34.1066
   26230      34.3419
   26231      33.7783
   26232      33.8471
   26233      34.2853
   26234      34.4360
   26235      34.4098
   26236      34.3654
   26237      34.3133
   26238      34.0275
   26239      34.3431
   26240      34.1241
   26241      34.4968
   26242      33.8881
   26243      34.0094
   26244      33.7792
   26245      33.9952
   26246      34.0941
   26247      33.8829
   26248      33.9417
   26249      34.0074
   26250      33.9756
   26251      34.2465
   26252      33.7721
   26253      34.2358
   26254      33.7625
   26255      33.9035
   26256      33.6482
   26257      33.5147
   26258      33.0212
   26259      33.2445
   26260      33.3467
   26261      33.4395
   26262      33.8743
   26263      33.9480
   26264      34.1139
   26265      34.0868
   26266      33.8257
   26267      34.1551
   26268      33.7511
   26269      33.9904
   26270      33.5697
   26271      33.5150
   26272      34.0216
   26273      33.9104
   26274      33.6134
   26275      33.6856
   26276      33.4874
   26277      33.9285
   26278      33.9505
   26279      33.9812
   26280      34.0059
   26281      34.0723
   26282      34.2583
   26283      34.3200
   26284      34.2444
   26285      34.0527
   26286      34.1402
   26287      33.9560
   26288      33.7543
   26289      33.6617
   26290      34.0974
   26291      33.9171
   26292      33.8662
   26293      33.9920
   26294      33.7231
   26295      34.2121
   26296      34.0605
   26297      34.0486
   26298      33.9380
   26299      34.1726
   26300      34.0573
   26301      34.1430
   26302      34.2958
   26303      34.0874
   26304      33.9728
   26305      34.1657
   26306      34.0847
   26307      34.2022
   26308      33.7423
   26309      34.0935
   26310      33.9337
   26311      34.2221
   26312      33.8607
   26313      34.0392
   26314      34.0799
   26315      34.1945
   26316      34.2135
   26317      34.3680
   26318      34.4201
   26319      34.0188
   26320      34.1413
   26321      33.8153
   26322      33.8876
   26323      33.8998
   26324      33.5686
   26325      33.8474
   26326      33.8974
   26327      34.1349
   26328      34.0323
   26329      33.8898
   26330      33.6298
   26331      34.1217
   26332      33.6937
   26333      33.8560
   26334      34.2880
   26335      33.6251
   26336      33.7458
   26337      33.8509
   26338      34.1136
   26339      33.5663
   26340      33.5861
   26341      34.0832
   26342      33.9775
   26343      34.2240
   26344      33.8573
   26345      34.0585
   26346      33.8023
   26347      33.9953
   26348      33.8990
   26349      33.5130
   26350      34.2472
   26351      34.2918
   26352      34.2938
   26353      33.8305
   26354      33.8671
   26355      33.8354
   26356      33.9048
   26357      33.5207
   26358      33.9578
   26359      33.5557
   26360      33.6238
   26361      33.2988
   26362      33.6552
   26363      33.6200
   26364      33.8399
   26365      33.7234
   26366      33.8239
   26367      34.0040
   26368      33.5109
   26369      34.0347
   26370      33.9360
   26371      33.8027
   26372      33.5643
   26373      33.6375
   26374      33.8592
   26375      33.3082
   26376      33.4251
   26377      33.5568
   26378      33.8516
   26379      34.3561
   26380      33.9093
   26381      33.9749
   26382      33.5425
   26383      33.2294
   26384      33.8340
   26385      33.6259
   26386      32.5588
   26387      32.9819
   26388      33.1171
   26389      33.2088
   26390      33.2130
   26391      33.1319
   26392      32.9728
   26393      32.8928
   26394      32.4986
   26395      33.3546
   26396      33.0590
   26397      33.3073
   26398      32.9396
   26399      33.4183
   26400      33.5639
   26401      33.4549
   26402      33.1603
   26403      33.3333
   26404      33.6355
   26405      33.9509
   26406      33.9387
   26407      33.6337
   26408      33.3746
   26409      33.5094
   26410      33.3498
   26411      33.4532
   26412      33.4089
   26413      33.6011
   26414      33.9521
   26415      34.1639
   26416      33.7151
   26417      33.6421
   26418      34.1121
   26419      33.4849
   26420      33.9962
   26421      34.0855
   26422      33.6412
   26423      33.7268
   26424      33.4812
   26425      33.6011
   26426      33.2771
   26427      33.8111
   26428      33.8359
   26429      33.6334
   26430      34.1728
   26431      34.1156
   26432      33.8892
   26433      34.2297
   26434      34.0872
   26435      34.2835
   26436      34.3035
   26437      34.5029
   26438      34.2819
   26439      34.7587
   26440      34.7875
   26441      34.4571
   26442      34.5255
   26443      34.5319
   26444      34.4721
   26445      34.2576
   26446      34.3141
   26447      34.3746
   26448      34.6052
   26449      34.1606
   26450      34.0272
   26451      34.2382
   26452      34.4846
   26453      34.3664
   26454      34.4316
   26455      34.3353
   26456      33.9154
   26457      34.4856
   26458      34.6566
   26459      34.4546
   26460      34.4689
   26461      34.2786
   26462      34.5546
   26463      34.1909
   26464      34.5266
   26465      34.4028
   26466      34.9741
   26467      34.7729
   26468      34.8357
   26469      34.6755
   26470      34.3115
   26471      34.5860
   26472      34.3251
   26473      34.3806
   26474      34.4701
   26475      34.5275
   26476      34.8215
   26477      34.8964
   26478      34.6893
   26479      34.7298
   26480      34.2448
   26481      34.3655
   26482      34.4371
   26483      34.7426
   26484      34.4174
   26485      34.4643
   26486      34.4974
   26487      34.1591
   26488      34.4360
   26489      34.5683
   26490      34.4456
   26491      34.4221
   26492      34.4141
   26493      34.9763
   26494      34.3387
   26495      34.8033
   26496      34.7651
   26497      34.6980
   26498      34.7671
   26499      34.9073
   26500      34.9167
   26501      34.6648
   26502      34.3551
   26503      34.4980
   26504      34.5598
   26505      34.4842
   26506      34.3194
   26507      34.7156
   26508      34.7899
   26509      34.8566
   26510      34.3456
   26511      34.2308
   26512      34.0876
   26513      34.2606
   26514      33.9585
   26515      34.2113
   26516      34.3842
   26517      34.1704
   26518      34.2286
   26519      34.2034
   26520      34.4344
   26521      34.3823
   26522      33.7666
   26523      33.6886
   26524      33.9691
   26525      34.0825
   26526      33.9521
   26527      33.9552
   26528      34.0700
   26529      34.1661
   26530      33.6923
   26531      33.5321
   26532      33.9951
   26533      33.8432
   26534      33.5617
   26535      34.1324
   26536      34.0568
   26537      34.1491
   26538      34.0430
   26539      33.5376
   26540      33.7734
   26541      34.4021
   26542      34.2545
   26543      34.1527
   26544      34.1931
   26545      34.2916
   26546      34.1710
   26547      33.8002
   26548      34.1968
   26549      34.1112
   26550      33.5819
   26551      34.2082
   26552      34.2802
   26553      34.3262
   26554      33.9219
   26555      34.2780
   26556      33.5889
   26557      33.6400
   26558      33.3178
   26559      33.5421
   26560      33.0663
   26561      33.7240
   26562      33.7153
   26563      33.5626
   26564      33.5639
   26565      34.2207
   26566      34.2354
   26567      33.9102
   26568      33.8724
   26569      33.8888
   26570      33.4231
   26571      33.5165
   26572      33.5768
   26573      33.8446
   26574      33.6792
   26575      33.8842
   26576      34.2461
   26577      34.1410
   26578      34.1889
   26579      34.2040
   26580      34.4256
   26581      33.9239
   26582      33.6563
   26583      34.0043
   26584      34.2930
   26585      33.8757
   26586      33.5942
   26587      33.7063
   26588      33.8972
   26589      34.0579
   26590      34.4181
   26591      33.6837
   26592      34.1574
   26593      33.7604
   26594      33.9322
   26595      33.9435
   26596      33.6790
   26597      33.8979
   26598      33.6516
   26599      34.0030
   26600      34.2126
   26601      33.7712
   26602      34.0247
   26603      34.2364
   26604      33.6118
   26605      33.8219
   26606      34.3591
   26607      34.1683
   26608      33.7006
   26609      33.9805
   26610      33.8972
   26611      33.5010
   26612      33.4997
   26613      33.0061
   26614      33.5403
   26615      33.8484
   26616      33.8642
   26617      33.1392
   26618      33.1708
   26619      32.8977
   26620      33.4571
   26621      33.6027
   26622      33.9113
   26623      33.7098
   26624      33.6096
   26625      33.6539
   26626      34.3754
   26627      33.9349
   26628      33.5185
   26629      33.9800
   26630      33.8650
   26631      33.6065
   26632      33.5610
   26633      33.6410
   26634      33.9696
   26635      33.7737
   26636      33.9318
   26637      33.9889
   26638      33.6602
   26639      34.1101
   26640      33.9098
   26641      33.4903
   26642      34.0211
   26643      33.8766
   26644      34.1674
   26645      33.9590
   26646      33.7248
   26647      33.9469
   26648      34.3839
   26649      34.0169
   26650      33.8718
   26651      33.7128
   26652      32.6985
   26653      32.4240
   26654      32.8911
   26655      33.1104
   26656      32.8378
   26657      33.3415
   26658      33.7347
   26659      34.0154
   26660      33.6946
   26661      34.0026
   26662      34.1054
   26663      34.0914
   26664      34.2407
   26665      34.0285
   26666      33.6217
   26667      33.8329
   26668      33.7824
   26669      33.7287
   26670      34.1088
   26671      33.9311
   26672      33.9200
   26673      33.7165
   26674      33.8552
   26675      33.8420
   26676      33.6042
   26677      33.7332
   26678      33.6470
   26679      33.7409
   26680      33.2671
   26681      33.3564
   26682      33.9704
   26683      33.3895
   26684      33.4600
   26685      33.9434
   26686      33.8024
   26687      33.9221
   26688      34.1852
   26689      33.5803
   26690      33.8304
   26691      34.1476
   26692      34.0073
   26693      33.7430
   26694      33.7601
   26695      33.4186
   26696      33.9435
   26697      33.9853
   26698      34.3170
   26699      34.2217
   26700      34.0495
   26701      34.1277
   26702      34.5105
   26703      34.3369
   26704      33.9977
   26705      34.0333
   26706      33.8249
   26707      34.2221
   26708      33.5519
   26709      34.0284
   26710      33.9205
   26711      34.3076
   26712      33.9353
   26713      34.0127
   26714      33.6589
   26715      34.4804
   26716      33.9411
   26717      34.1916
   26718      33.7914
   26719      33.7104
   26720      33.8281
   26721      33.9664
   26722      33.3480
   26723      33.8951
   26724      33.5781
   26725      33.7450
   26726      34.1348
   26727      34.1144
   26728      33.9065
   26729      33.8783
   26730      33.8551
   26731      33.9810
   26732      33.4041
   26733      33.8395
   26734      33.7635
   26735      33.6413
   26736      33.9194
   26737      33.8856
   26738      33.8098
   26739      34.2320
   26740      33.6953
   26741      33.3507
   26742      33.4766
   26743      33.4026
   26744      33.4817
   26745      33.7199
   26746      34.0283
   26747      33.7177
   26748      33.6402
   26749      34.1699
   26750      33.9150
   26751      33.4491
   26752      33.8542
   26753      33.7517
   26754      33.1145
   26755      33.0371
   26756      33.4585
   26757      32.8260
   26758      32.9386
   26759      33.6810
   26760      33.7286
   26761      33.8751
   26762      33.9549
   26763      33.4727
   26764      33.4448
   26765      33.6328
   26766      33.7361
   26767      33.8183
   26768      33.7000
   26769      33.6062
   26770      33.4897
   26771      33.2685
   26772      33.3545
   26773      33.3925
   26774      33.9310
   26775      33.8038
   26776      33.4287
   26777      33.7706
   26778      33.8497
   26779      33.5841
   26780      33.9956
   26781      33.5658
   26782      33.4020
   26783      33.6060
   26784      33.6315
   26785      33.5330
   26786      33.1604
   26787      33.1642
   26788      33.5198
   26789      33.0279
   26790      33.1495
   26791      33.5626
   26792      33.8900
   26793      33.8963
   26794      33.5300
   26795      32.9779
   26796      33.5830
   26797      32.9516
   26798      33.7670
   26799      33.4252
   26800      33.3305
   26801      33.6129
   26802      33.4737
   26803      33.3000
   26804      33.6568
   26805      33.5297
   26806      33.1286
   26807      33.1867
   26808      33.0810
   26809      33.3569
   26810      33.4935
   26811      34.0091
   26812      33.9427
   26813      34.0760
   26814      34.0618
   26815      33.5789
   26816      34.0015
   26817      33.6932
   26818      33.9079
   26819      33.7178
   26820      33.6779
   26821      33.8869
   26822      33.3443
   26823      33.6370
   26824      33.6551
   26825      33.5032
   26826      33.8985
   26827      33.9361
   26828      33.4327
   26829      33.3636
   26830      33.4130
   26831      33.3150
   26832      33.7220
   26833      33.5447
   26834      33.5139
   26835      33.2164
   26836      33.3442
   26837      33.4540
   26838      33.7682
   26839      33.5486
   26840      33.8688
   26841      33.6261
   26842      34.3642
   26843      33.7504
   26844      33.3269
   26845      33.6146
   26846      33.8236
   26847      33.3478
   26848      34.1300
   26849      33.4447
   26850      33.6129
   26851      33.5333
   26852      33.5399
   26853      33.7409
   26854      33.4296
   26855      33.2248
   26856      33.2869
   26857      33.2948
   26858      33.5752
   26859      33.7826
   26860      33.4440
   26861      33.4976
   26862      33.5096
   26863      33.1868
   26864      33.0398
   26865      33.7060
   26866      33.5538
   26867      33.3231
   26868      33.3065
   26869      33.1529
   26870      33.3350
   26871      33.6754
   26872      33.9176
   26873      33.3952
   26874      33.2643
   26875      33.6970
   26876      33.4334
   26877      33.8982
   26878      33.4049
   26879      33.8342
   26880      33.5776
   26881      33.6047
   26882      34.0573
   26883      33.5899
   26884      34.1678
   26885      33.9206
   26886      34.1761
   26887      34.4737
   26888      34.3131
   26889      34.0760
   26890      33.7579
   26891      33.9075
   26892      33.6112
   26893      34.0158
   26894      33.9746
   26895      33.8212
   26896      34.3427
   26897      34.0522
   26898      33.9742
   26899      33.8698
   26900      33.8006
   26901      34.0897
   26902      34.2555
   26903      33.7328
   26904      33.6168
   26905      34.2274
   26906      33.6659
   26907      34.0440
   26908      33.7762
   26909      34.1334
   26910      33.7460
   26911      33.8440
   26912      33.8269
   26913      33.6111
   26914      33.8783
   26915      33.4256
   26916      33.4856
   26917      33.9241
   26918      34.3715
   26919      34.3227
   26920      33.7478
   26921      33.7302
   26922      33.8122
   26923      33.6632
   26924      33.8525
   26925      33.3615
   26926      33.4479
   26927      33.3272
   26928      33.4017
   26929      33.2919
   26930      33.9255
   26931      33.7379
   26932      33.2962
   26933      33.5035
   26934      33.8290
   26935      33.5423
   26936      33.5275
   26937      33.5389
   26938      33.1479
   26939      33.3999
   26940      33.4692
   26941      33.2969
   26942      33.2719
   26943      33.3592
   26944      33.1601
   26945      33.5403
   26946      33.0924
   26947      33.4664
   26948      33.4720
   26949      33.7482
   26950      33.8399
   26951      33.7154
   26952      33.6209
   26953      33.0629
   26954      33.2381
   26955      33.4509
   26956      33.5854
   26957      33.6235
   26958      33.3832
   26959      33.4550
   26960      33.9659
   26961      34.3599
   26962      33.6504
   26963      33.6610
   26964      34.0581
   26965      33.4339
   26966      33.8243
   26967      33.7449
   26968      33.7397
   26969      33.6729
   26970      33.0572
   26971      33.0582
   26972      33.3855
   26973      33.5849
   26974      33.6810
   26975      33.5205
   26976      33.7543
   26977      33.2052
   26978      33.5001
   26979      33.5544
   26980      33.6647
   26981      33.4694
   26982      33.3521
   26983      33.6614
   26984      33.5636
   26985      34.0002
   26986      33.7261
   26987      34.0233
   26988      33.6728
   26989      34.0424
   26990      33.9587
   26991      34.0707
   26992      33.8299
   26993      33.8496
   26994      33.6089
   26995      34.0680
   26996      33.6772
   26997      33.4646
   26998      33.6203
   26999      33.3393
   27000      33.2128
   27001      33.4699
   27002      33.5364
   27003      33.6249
   27004      33.2763
   27005      33.1181
   27006      33.6170
   27007      33.4497
   27008      33.2592
   27009      33.1751
   27010      34.0047
   27011      33.9428
   27012      33.9417
   27013      34.1801
   27014      34.1599
   27015      34.0024
   27016      34.0661
   27017      34.0012
   27018      33.5724
   27019      33.5394
   27020      33.9904
   27021      33.4918
   27022      33.6145
   27023      33.5341
   27024      33.8120
   27025      33.5339
   27026      33.6557
   27027      33.6821
   27028      33.8743
   27029      33.5013
   27030      33.6414
   27031      33.5976
   27032      33.3466
   27033      33.8512
   27034      33.4003
   27035      33.6287
   27036      33.7210
   27037      33.7048
   27038      33.5082
   27039      33.9920
   27040      33.7931
   27041      33.9449
   27042      33.6730
   27043      34.1060
   27044      34.2045
   27045      33.8980
   27046      34.0553
   27047      33.7448
   27048      33.7512
   27049      33.4868
   27050      33.5213
   27051      33.7146
   27052      33.3811
   27053      33.3840
   27054      33.7814
   27055      33.7061
   27056      33.3714
   27057      34.0058
   27058      34.1664
   27059      34.0603
   27060      33.9315
   27061      33.6709
   27062      33.7857
   27063      33.6689
   27064      33.7474
   27065      33.8738
   27066      33.4398
   27067      33.6696
   27068      33.9769
   27069      33.7671
   27070      33.7581
   27071      33.3835
   27072      33.3442
   27073      33.3789
   27074      33.4408
   27075      33.2609
   27076      33.3767
   27077      32.8957
   27078      33.4449
   27079      33.6571
   27080      33.1580
   27081      32.9852
   27082      33.1100
   27083      33.4247
   27084      33.5041
   27085      33.0490
   27086      33.1199
   27087      33.4808
   27088      33.5794
   27089      33.1156
   27090      33.3984
   27091      33.5336
   27092      33.1951
   27093      33.5682
   27094      33.3462
   27095      33.3519
   27096      33.2822
   27097      33.2244
   27098      33.3773
   27099      33.1456
   27100      33.0669
   27101      33.4250
   27102      33.4792
   27103      33.7366
   27104      33.4018
   27105      33.5135
   27106      33.6337
   27107      34.0669
   27108      34.0127
   27109      33.9351
   27110      33.6202
   27111      33.4926
   27112      33.8278
   27113      33.3322
   27114      33.3780
   27115      33.1295
   27116      33.4765
   27117      33.0916
   27118      33.7960
   27119      33.8015
   27120      33.0729
   27121      33.2815
   27122      33.3304
   27123      33.3977
   27124      33.5800
   27125      33.6699
   27126      33.5243
   27127      33.9104
   27128      33.3270
   27129      33.4424
   27130      33.4093
   27131      33.3479
   27132      33.1297
   27133      33.4378
   27134      33.2428
   27135      32.9653
   27136      33.5697
   27137      33.0719
   27138      33.5116
   27139      33.6140
   27140      33.7764
   27141      33.2362
   27142      33.6426
   27143      33.5903
   27144      33.3455
   27145      33.5847
   27146      33.5215
   27147      33.6158
   27148      33.5524
   27149      33.6105
   27150      33.1240
   27151      33.3770
   27152      32.9356
   27153      32.9283
   27154      33.2324
   27155      33.5504
   27156      33.5078
   27157      33.3522
   27158      34.0805
   27159      33.8803
   27160      33.9464
   27161      33.7000
   27162      33.7319
   27163      34.0662
   27164      33.8623
   27165      33.3807
   27166      34.1307
   27167      34.1428
   27168      34.0113
   27169      33.4991
   27170      33.8183
   27171      33.5835
   27172      33.7117
   27173      34.0711
   27174      33.9676
   27175      33.9114
   27176      34.0023
   27177      33.9758
   27178      34.0208
   27179      34.1570
   27180      33.7648
   27181      34.1068
   27182      34.0424
   27183      33.9539
   27184      33.8156
   27185      33.7719
   27186      33.5181
   27187      33.6855
   27188      33.9940
   27189      33.6867
   27190      33.8964
   27191      33.6826
   27192      33.2181
   27193      33.5106
   27194      33.4716
   27195      33.4925
   27196      33.4657
   27197      33.7437
   27198      33.8307
   27199      33.4719
   27200      33.2457
   27201      33.8592
   27202      34.1169
   27203      33.8429
   27204      34.0174
   27205      34.0832
   27206      33.6736
   27207      33.4898
   27208      33.5754
   27209      33.4377
   27210      33.7326
   27211      33.7184
   27212      33.0629
   27213      33.2860
   27214      33.9247
   27215      33.8234
   27216      34.0338
   27217      33.6095
   27218      33.6939
   27219      33.7220
   27220      33.6918
   27221      33.7366
   27222      33.7716
   27223      33.5198
   27224      33.5311
   27225      33.3454
   27226      33.3614
   27227      33.4094
   27228      33.4727
   27229      33.6937
   27230      33.9018
   27231      33.5116
   27232      33.3158
   27233      33.4997
   27234      33.3076
   27235      33.7464
   27236      33.7446
   27237      33.3251
   27238      33.6082
   27239      33.8292
   27240      33.5308
   27241      33.6006
   27242      33.4237
   27243      33.3288
   27244      33.4869
   27245      33.8610
   27246      33.4190
   27247      33.3934
   27248      33.6759
   27249      33.5450
   27250      33.5033
   27251      33.7758
   27252      33.7987
   27253      33.4393
   27254      33.5605
   27255      33.4827
   27256      33.4946
   27257      33.3083
   27258      33.5764
   27259      33.4733
   27260      33.5873
   27261      33.4039
   27262      33.4448
   27263      33.8597
   27264      34.3472
   27265      33.8050
   27266      34.1893
   27267      33.8071
   27268      33.7362
   27269      33.8664
   27270      33.8059
   27271      33.8721
   27272      33.6203
   27273      33.3823
   27274      33.5790
   27275      33.4897
   27276      33.8043
   27277      33.5455
   27278      33.4106
   27279      33.2734
   27280      33.5105
   27281      33.8416
   27282      33.6716
   27283      33.7379
   27284      33.3234
   27285      33.9197
   27286      33.8869
   27287      33.7402
   27288      33.4663
   27289      33.6078
   27290      32.9990
   27291      33.5668
   27292      33.8751
   27293      33.8638
   27294      33.8401
   27295      33.7177
   27296      33.5722
   27297      33.5821
   27298      33.9028
   27299      34.1170
   27300      33.6757
   27301      34.0177
   27302      33.8934
   27303      34.2324
   27304      34.3091
   27305      34.2943
   27306      33.9089
   27307      34.1286
   27308      33.9728
   27309      33.9277
   27310      33.7751
   27311      33.7001
   27312      33.7650
   27313      33.9754
   27314      33.9353
   27315      33.9586
   27316      33.7741
   27317      33.5877
   27318      33.6685
   27319      34.3648
   27320      34.0667
   27321      34.1814
   27322      34.1816
   27323      34.5311
   27324      34.4889
   27325      34.0841
   27326      33.7377
   27327      33.6414
   27328      33.5362
   27329      33.2467
   27330      34.0041
   27331      33.3525
   27332      33.6154
   27333      33.7071
   27334      33.9550
   27335      34.1860
   27336      33.9609
   27337      34.0833
   27338      34.0581
   27339      33.9599
   27340      34.1087
   27341      33.5539
   27342      33.6822
   27343      33.7736
   27344      33.9803
   27345      33.7961
   27346      33.8317
   27347      33.9477
   27348      33.8957
   27349      34.3273
   27350      34.2779
   27351      33.9257
   27352      33.8303
   27353      34.3783
   27354      34.2490
   27355      33.9012
   27356      33.8546
   27357      33.9345
   27358      34.3147
   27359      34.2271
   27360      33.8440
   27361      33.7637
   27362      34.0401
   27363      33.9724
   27364      33.5117
   27365      33.8503
   27366      33.9634
   27367      33.9092
   27368      33.3373
   27369      33.2080
   27370      33.7504
   27371      33.6308
   27372      33.7728
   27373      33.7138
   27374      33.6103
   27375      33.4379
   27376      33.9254
   27377      33.6529
   27378      34.0688
   27379      33.6487
   27380      34.0605
   27381      34.3798
   27382      34.4779
   27383      33.7005
   27384      33.5743
   27385      33.6932
   27386      33.1561
   27387      33.1534
   27388      33.2928
   27389      33.6542
   27390      33.8331
   27391      33.7514
   27392      33.6485
   27393      33.7518
   27394      33.8890
   27395      33.8593
   27396      33.5414
   27397      33.9833
   27398      33.8804
   27399      33.8470
   27400      33.7512
   27401      33.7321
   27402      33.3693
   27403      33.9358
   27404      33.8490
   27405      34.1368
   27406      33.9396
   27407      33.5571
   27408      33.8741
   27409      33.3748
   27410      33.4982
   27411      33.6316
   27412      33.6118
   27413      33.4930
   27414      33.5355
   27415      33.3730
   27416      33.7008
   27417      33.5736
   27418      33.6896
   27419      33.5854
   27420      33.7482
   27421      33.3202
   27422      33.1493
   27423      33.8481
   27424      33.9541
   27425      33.9065
   27426      33.6604
   27427      34.2561
   27428      34.1016
   27429      33.6969
   27430      34.5069
   27431      34.0341
   27432      34.2054
   27433      34.1607
   27434      34.2009
   27435      33.3644
   27436      33.3465
   27437      33.3466
   27438      33.3883
   27439      33.3311
   27440      33.5745
   27441      32.9850
   27442      33.8822
   27443      33.5526
   27444      33.1770
   27445      33.6700
   27446      34.0818
   27447      33.6121
   27448      33.3830
   27449      34.3634
   27450      33.6508
   27451      33.5764
   27452      33.5279
   27453      33.6064
   27454      33.7997
   27455      33.2245
   27456      33.6528
   27457      33.4487
   27458      33.6033
   27459      33.4089
   27460      33.5454
   27461      33.3103
   27462      33.8036
   27463      33.1451
   27464      33.2043
   27465      33.4063
   27466      33.0580
   27467      33.4161
   27468      33.4548
   27469      33.5689
   27470      33.5836
   27471      33.2332
   27472      32.8143
   27473      33.3612
   27474      33.4517
   27475      33.4286
   27476      33.0252
   27477      33.5735
   27478      33.3328
   27479      33.5620
   27480      33.4642
   27481      33.3963
   27482      33.3586
   27483      33.4490
   27484      33.5503
   27485      33.4611
   27486      33.0051
   27487      33.4846
   27488      33.3980
   27489      33.5376
   27490      33.2683
   27491      33.6121
   27492      33.6141
   27493      33.6846
   27494      33.5216
   27495      33.3385
   27496      33.6186
   27497      33.6290
   27498      33.4785
   27499      33.1534
   27500      33.4157
   27501      33.6689
   27502      33.2072
   27503      33.6680
   27504      33.9981
   27505      33.8826
   27506      33.8194
   27507      33.9266
   27508      33.7872
   27509      33.6052
   27510      33.5322
   27511      33.7024
   27512      33.5988
   27513      33.7599
   27514      34.0473
   27515      33.4289
   27516      33.5386
   27517      33.5070
   27518      34.0677
   27519      33.8820
   27520      33.5840
   27521      33.7477
   27522      34.2570
   27523      33.8815
   27524      33.6988
   27525      33.9057
   27526      33.7670
   27527      34.0353
   27528      33.7196
   27529      34.0234
   27530      33.2842
   27531      33.6540
   27532      33.7158
   27533      33.8454
   27534      33.8536
   27535      34.2012
   27536      33.7377
   27537      33.8147
   27538      33.7144
   27539      33.6344
   27540      33.5255
   27541      33.7467
   27542      34.0435
   27543      34.0587
   27544      34.0934
   27545      33.4136
   27546      33.7641
   27547      33.5294
   27548      34.0557
   27549      33.5115
   27550      33.9576
   27551      33.9844
   27552      33.9908
   27553      34.0541
   27554      33.6839
   27555      33.9550
   27556      34.1092
   27557      33.7465
   27558      33.8011
   27559      33.8469
   27560      33.6895
   27561      34.1202
   27562      33.7051
   27563      33.6888
   27564      33.4521
   27565      33.7109
   27566      34.0646
   27567      33.9413
   27568      33.9474
   27569      34.1620
   27570      33.9412
   27571      33.6770
   27572      33.7418
   27573      34.0942
   27574      33.7270
   27575      33.5155
   27576      33.4768
   27577      33.4807
   27578      33.6999
   27579      33.7437
   27580      33.5445
   27581      33.6850
   27582      33.8080
   27583      34.0642
   27584      33.8644
   27585      33.7805
   27586      34.0028
   27587      34.0477
   27588      33.8477
   27589      33.9033
   27590      33.8598
   27591      33.4713
   27592      33.7196
   27593      33.9602
   27594      33.4747
   27595      33.3894
   27596      33.4810
   27597      33.6998
   27598      33.6577
   27599      33.8917
   27600      33.7962
   27601      34.0241
   27602      33.5136
   27603      34.4187
   27604      34.0236
   27605      33.8784
   27606      33.8464
   27607      33.8801
   27608      34.0991
   27609      33.7870
   27610      33.5449
   27611      33.5501
   27612      33.8670
   27613      34.0053
   27614      33.9068
   27615      33.8512
   27616      34.2651
   27617      34.2156
   27618      33.8789
   27619      33.9703
   27620      33.6438
   27621      33.6069
   27622      33.7484
   27623      33.9295
   27624      33.5880
   27625      33.2232
   27626      33.7406
   27627      33.7727
   27628      33.4694
   27629      33.9273
   27630      33.8665
   27631      33.7048
   27632      34.0295
   27633      33.5521
   27634      33.9387
   27635      33.6948
   27636      33.8038
   27637      33.7834
   27638      33.6219
   27639      34.1041
   27640      33.9112
   27641      34.2187
   27642      33.9165
   27643      33.9643
   27644      33.8514
   27645      34.0950
   27646      33.8111
   27647      33.2794
   27648      33.4097
   27649      33.7848
   27650      33.4171
   27651      33.4721
   27652      33.4388
   27653      33.0813
   27654      33.2941
   27655      33.6606
   27656      33.5928
   27657      33.3557
   27658      33.6793
   27659      33.1408
   27660      33.3902
   27661      32.8944
   27662      33.3909
   27663      33.1734
   27664      32.9537
   27665      33.3612
   27666      33.4275
   27667      33.2294
   27668      33.2737
   27669      33.5054
   27670      33.5832
   27671      33.4545
   27672      33.1556
   27673      33.3055
   27674      33.4723
   27675      33.5209
   27676      33.2619
   27677      33.3775
   27678      33.1560
   27679      32.9721
   27680      33.4576
   27681      33.7474
   27682      33.0918
   27683      33.2534
   27684      33.4836
   27685      33.3577
   27686      33.4191
   27687      33.2695
   27688      33.4853
   27689      33.5503
   27690      33.7255
   27691      33.4391
   27692      33.3305
   27693      33.1699
   27694      33.4614
   27695      33.6074
   27696      33.3593
   27697      32.9987
   27698      33.3407
   27699      33.3808
   27700      33.5153
   27701      33.4265
   27702      33.6324
   27703      33.7533
   27704      33.2128
   27705      33.3386
   27706      33.8279
   27707      33.5577
   27708      33.4941
   27709      33.3632
   27710      33.6642
   27711      33.3783
   27712      33.3904
   27713      33.4016
   27714      33.5311
   27715      33.3600
   27716      33.3780
   27717      33.6319
   27718      33.5490
   27719      33.3372
   27720      33.6043
   27721      33.6950
   27722      33.5048
   27723      34.0969
   27724      33.2543
   27725      33.8016
   27726      33.3395
   27727      33.6489
   27728      33.3734
   27729      33.3978
   27730      33.4500
   27731      33.5976
   27732      33.2150
   27733      33.5141
   27734      33.5583
   27735      33.5658
   27736      33.2888
   27737      33.5442
   27738      33.9694
   27739      33.6089
   27740      33.2103
   27741      33.7427
   27742      33.4203
   27743      33.5365
   27744      33.2944
   27745      33.0191
   27746      32.8867
   27747      33.1676
   27748      32.9126
   27749      32.9187
   27750      33.0785
   27751      32.8352
   27752      32.9803
   27753      33.0395
   27754      32.5901
   27755      33.1712
   27756      32.8891
   27757      33.0160
   27758      32.8193
   27759      32.6300
   27760      33.1308
   27761      33.3546
   27762      33.0027
   27763      32.9678
   27764      33.0699
   27765      33.3484
   27766      32.7799
   27767      33.2350
   27768      33.1102
   27769      33.1752
   27770      33.3573
   27771      33.3040
   27772      33.1849
   27773      33.4291
   27774      33.0421
   27775      33.1401
   27776      33.2494
   27777      33.3137
   27778      33.2369
   27779      33.1004
   27780      33.1233
   27781      33.0939
   27782      33.2139
   27783      33.0008
   27784      33.0866
   27785      33.4088
   27786      33.4515
   27787      33.0896
   27788      33.3164
   27789      32.8300
   27790      32.4245
   27791      33.2193
   27792      32.9404
   27793      33.1422
   27794      33.2357
   27795      33.1238
   27796      33.5995
   27797      33.4175
   27798      33.2609
   27799      33.4482
   27800      33.5629
   27801      33.3626
   27802      33.7217
   27803      33.9710
   27804      33.8326
   27805      33.6003
   27806      33.7123
   27807      33.7919
   27808      33.9787
   27809      33.4407
   27810      33.6996
   27811      33.1258
   27812      33.6802
   27813      33.3935
   27814      33.4924
   27815      33.8077
   27816      33.7604
   27817      33.6098
   27818      34.0965
   27819      33.5824
   27820      33.6670
   27821      33.3018
   27822      33.1679
   27823      33.4395
   27824      33.7419
   27825      33.9001
   27826      33.5020
   27827      33.5843
   27828      33.3703
   27829      33.8324
   27830      33.6809
   27831      33.6451
   27832      33.5833
   27833      33.3413
   27834      33.6161
   27835      33.6604
   27836      33.2538
   27837      33.2874
   27838      33.4520
   27839      34.0227
   27840      33.4653
   27841      32.8451
   27842      33.6911
   27843      33.8575
   27844      33.3885
   27845      33.2360
   27846      33.1740
   27847      33.4040
   27848      33.4106
   27849      33.8320
   27850      32.8978
   27851      33.3424
   27852      33.4088
   27853      33.4945
   27854      33.8594
   27855      33.8803
   27856      33.7217
   27857      33.8208
   27858      33.5966
   27859      33.5177
   27860      33.4183
   27861      33.4304
   27862      33.6675
   27863      33.5674
   27864      33.7577
   27865      33.2448
   27866      33.4864
   27867      33.5921
   27868      33.5290
   27869      33.0313
   27870      33.6036
   27871      33.1801
   27872      33.2150
   27873      33.3562
   27874      33.1048
   27875      33.1590
   27876      33.3378
   27877      33.7770
   27878      33.9407
   27879      33.6944
   27880      33.5258
   27881      33.4736
   27882      33.6170
   27883      33.4777
   27884      33.5381
   27885      33.4781
   27886      33.5488
   27887      32.9161
   27888      32.9124
   27889      32.8216
   27890      33.4980
   27891      33.2668
   27892      33.2358
   27893      33.3352
   27894      33.1435
   27895      33.1590
   27896      33.3052
   27897      33.3447
   27898      33.0871
   27899      32.8301
   27900      32.8050
   27901      33.0524
   27902      33.0672
   27903      33.0366
   27904      33.1694
   27905      33.0689
   27906      33.1562
   27907      33.3287
   27908      33.4174
   27909      33.1843
   27910      33.2408
   27911      33.4514
   27912      33.3408
   27913      33.2281
   27914      33.4937
   27915      33.3747
   27916      33.5755
   27917      33.1353
   27918      33.2360
   27919      33.2927
   27920      33.0841
   27921      33.4878
   27922      33.7956
   27923      33.4345
   27924      33.5029
   27925      33.2426
   27926      33.3575
   27927      33.2134
   27928      33.2161
   27929      33.2918
   27930      33.1242
   27931      33.4021
   27932      33.3586
   27933      33.2451
   27934      33.0491
   27935      33.1392
   27936      33.5757
   27937      33.4523
   27938      33.4292
   27939      33.5657
   27940      33.6376
   27941      33.3567
   27942      33.4317
   27943      32.9740
   27944      33.3169
   27945      33.5132
   27946      33.3555
   27947      33.5816
   27948      33.3423
   27949      33.1101
   27950      33.6109
   27951      34.0270
   27952      33.6892
   27953      33.6275
   27954      34.0834
   27955      33.6418
   27956      34.1165
   27957      33.9699
   27958      33.9958
   27959      33.3643
   27960      34.0044
   27961      33.3725
   27962      33.7861
   27963      33.9529
   27964      33.5922
   27965      33.2477
   27966      33.5638
   27967      33.3673
   27968      33.7742
   27969      33.5945
   27970      33.7952
   27971      33.9690
   27972      33.4822
   27973      33.4606
   27974      33.2663
   27975      33.2871
   27976      33.1194
   27977      33.4050
   27978      33.2210
   27979      33.3588
   27980      33.4105
   27981      33.3548
   27982      33.2525
   27983      33.3370
   27984      33.8480
   27985      33.2141
   27986      33.0273
   27987      33.3756
   27988      33.3282
   27989      32.8892
   27990      33.3543
   27991      33.0734
   27992      33.4838
   27993      33.5693
   27994      33.4394
   27995      33.4685
   27996      33.5976
   27997      34.0511
   27998      33.8064
   27999      33.9918
   28000      34.0247
   28001      34.0288
   28002      33.9691
   28003      33.4277
   28004      33.5154
   28005      33.4861
   28006      33.2513
   28007      33.2061
   28008      33.2893
   28009      32.7613
   28010      33.4601
   28011      33.3657
   28012      33.8031
   28013      33.9167
   28014      33.3895
   28015      33.8659
   28016      33.2807
   28017      33.4384
   28018      33.6221
   28019      34.1523
   28020      33.9199
   28021      34.1114
   28022      34.0383
   28023      33.6361
   28024      33.9468
   28025      33.3066
   28026      33.3637
   28027      33.9552
   28028      33.7134
   28029      33.8539
   28030      34.1076
   28031      33.7727
   28032      33.7238
   28033      33.9179
   28034      33.9588
   28035      33.8941
   28036      34.0037
   28037      33.8484
   28038      33.8666
   28039      34.0906
   28040      34.1309
   28041      34.0976
   28042      34.1682
   28043      34.1670
   28044      34.2027
   28045      33.9052
   28046      33.6077
   28047      33.9310
   28048      33.8731
   28049      34.0581
   28050      34.0142
   28051      33.8677
   28052      33.5578
   28053      33.5297
   28054      33.3231
   28055      33.5933
   28056      33.6599
   28057      33.7277
   28058      33.7189
   28059      33.7572
   28060      33.4527
   28061      33.5658
   28062      33.6186
   28063      33.1680
   28064      33.2952
   28065      33.5797
   28066      33.2777
   28067      33.0664
   28068      33.2283
   28069      33.2852
   28070      33.7878
   28071      33.3451
   28072      33.2446
   28073      33.8834
   28074      33.5117
   28075      33.4358
   28076      33.2261
   28077      33.6669
   28078      33.7930
   28079      33.7167
   28080      33.4586
   28081      33.1262
   28082      33.4210
   28083      33.2434
   28084      33.4409
   28085      33.3427
   28086      33.1410
   28087      33.0602
   28088      33.5465
   28089      32.9244
   28090      32.9313
   28091      33.5545
   28092      33.9396
   28093      33.2757
   28094      33.2695
   28095      33.2028
   28096      33.1004
   28097      33.0156
   28098      33.3424
   28099      33.4249
   28100      33.9265
   28101      33.5205
   28102      33.6767
   28103      33.3338
   28104      33.1965
   28105      33.3578
   28106      33.3307
   28107      33.9309
   28108      33.6244
   28109      33.4516
   28110      33.9155
   28111      33.9046
   28112      33.9327
   28113      33.6487
   28114      33.6551
   28115      33.1986
   28116      33.3429
   28117      33.2296
   28118      33.1989
   28119      33.6647
   28120      33.6968
   28121      33.4127
   28122      33.9737
   28123      33.5470
   28124      33.4510
   28125      33.6602
   28126      33.4687
   28127      33.7708
   28128      33.5549
   28129      33.5611
   28130      33.4933
   28131      33.9688
   28132      34.2527
   28133      33.4694
   28134      33.3306
   28135      33.4609
   28136      33.5793
   28137      33.9793
   28138      33.6356
   28139      33.8005
   28140      33.5226
   28141      33.6048
   28142      33.4866
   28143      33.0559
   28144      33.7116
   28145      33.2448
   28146      33.6442
   28147      33.6472
   28148      33.5954
   28149      33.7442
   28150      33.5257
   28151      33.0985
   28152      33.4136
   28153      33.6218
   28154      33.0218
   28155      33.3091
   28156      33.5166
   28157      33.4281
   28158      33.4387
   28159      33.5273
   28160      32.9335
   28161      32.9804
   28162      32.5312
   28163      33.1530
   28164      32.7429
   28165      33.6948
   28166      33.2789
   28167      33.7322
   28168      33.0797
   28169      33.4185
   28170      33.4270
   28171      33.5500
   28172      33.2413
   28173      33.5135
   28174      33.5630
   28175      33.3538
   28176      33.3309
   28177      33.2425
   28178      32.9602
   28179      33.3814
   28180      33.6009
   28181      33.0271
   28182      33.2024
   28183      33.6345
   28184      33.1859
   28185      33.5535
   28186      33.3538
   28187      33.3438
   28188      33.1400
   28189      33.4103
   28190      32.7592
   28191      33.5058
   28192      33.6890
   28193      33.6070
   28194      33.7350
   28195      33.3534
   28196      33.6007
   28197      33.6021
   28198      33.3382
   28199      33.2591
   28200      32.8052
   28201      33.4479
   28202      33.2464
   28203      33.0824
   28204      32.8711
   28205      33.1237
   28206      33.2764
   28207      33.0127
   28208      33.6870
   28209      33.1468
   28210      32.7463
   28211      33.2666
   28212      33.0241
   28213      32.9780
   28214      33.5816
   28215      33.3235
   28216      33.0900
   28217      33.3165
   28218      33.0387
   28219      33.4450
   28220      33.0510
   28221      32.4514
   28222      32.5622
   28223      33.1801
   28224      33.3645
   28225      33.0567
   28226      33.5238
   28227      33.1637
   28228      33.3232
   28229      33.3784
   28230      33.4745
   28231      33.8447
   28232      33.0611
   28233      33.2091
   28234      33.0864
   28235      33.0375
   28236      33.4275
   28237      33.4582
   28238      33.0129
   28239      33.2908
   28240      33.0813
   28241      33.0175
   28242      33.7695
   28243      32.9961
   28244      33.7503
   28245      33.3368
   28246      33.4484
   28247      33.1210
   28248      33.2265
   28249      33.6525
   28250      33.1352
   28251      33.5664
   28252      33.1708
   28253      32.9637
   28254      33.1964
   28255      33.4844
   28256      33.6905
   28257      33.2725
   28258      33.5006
   28259      33.5142
   28260      33.5881
   28261      33.9082
   28262      33.5623
   28263      32.9953
   28264      33.5934
   28265      33.4975
   28266      33.6679
   28267      33.3096
   28268      33.7646
   28269      33.3291
   28270      33.0260
   28271      33.1397
   28272      33.8004
   28273      33.9025
   28274      34.0541
   28275      33.2865
   28276      33.1708
   28277      33.6804
   28278      34.0441
   28279      34.0055
   28280      33.8288
   28281      34.1092
   28282      34.3033
   28283      33.0292
   28284      33.3600
   28285      33.1242
   28286      32.4385
   28287      32.5500
   28288      32.8134
   28289      33.0551
   28290      33.0492
   28291      33.2424
   28292      33.6464
   28293      33.7876
   28294      33.3120
   28295      33.3282
   28296      33.5920
   28297      33.7103
   28298      33.8358
   28299      33.4467
   28300      33.4231
   28301      33.1124
   28302      32.8962
   28303      33.3316
   28304      33.2270
   28305      33.5245
   28306      33.1452
   28307      32.9344
   28308      33.4589
   28309      33.4444
   28310      33.1231
   28311      33.4365
   28312      33.7421
   28313      32.7291
   28314      33.1316
   28315      33.3514
   28316      33.2753
   28317      33.3501
   28318      33.6099
   28319      33.8915
   28320      33.5201
   28321      33.8750
   28322      33.6366
   28323      33.7233
   28324      33.3108
   28325      33.7113
   28326      33.3747
   28327      33.8352
   28328      33.9103
   28329      33.4961
   28330      33.6149
   28331      33.8179
   28332      33.8776
   28333      33.9620
   28334      33.4913
   28335      33.5110
   28336      33.3585
   28337      33.7429
   28338      33.6500
   28339      33.5375
   28340      33.4483
   28341      33.9047
   28342      33.8550
   28343      33.8462
   28344      33.0635
   28345      33.5109
   28346      33.2691
   28347      33.6304
   28348      33.8123
   28349      33.4631
   28350      33.3112
   28351      32.9978
   28352      33.2679
   28353      33.9210
   28354      33.7594
   28355      33.6656
   28356      33.4910
   28357      33.8930
   28358      33.4184
   28359      34.1009
   28360      33.7160
   28361      33.7832
   28362      34.1307
   28363      34.1365
   28364      33.8258
   28365      33.4533
   28366      33.7536
   28367      33.7254
   28368      34.0280
   28369      33.5502
   28370      33.3395
   28371      33.3395
   28372      33.6409
   28373      33.6935
   28374      33.8663
   28375      33.5381
   28376      33.7227
   28377      33.4508
   28378      33.7165
   28379      33.7003
   28380      33.3628
   28381      33.3057
   28382      33.4756
   28383      33.5626
   28384      33.6381
   28385      33.6483
   28386      33.3352
   28387      32.9767
   28388      33.4405
   28389      33.5484
   28390      33.6997
   28391      33.6673
   28392      33.2563
   28393      33.2325
   28394      32.9099
   28395      33.1714
   28396      33.2914
   28397      33.2695
   28398      33.3371
   28399      33.1046
   28400      33.4692
   28401      33.1408
   28402      32.8672
   28403      32.8913
   28404      33.5036
   28405      33.4028
   28406      33.3260
   28407      32.9403
   28408      33.3838
   28409      33.2205
   28410      33.1207
   28411      32.9812
   28412      32.9446
   28413      33.0281
   28414      32.7857
   28415      33.3258
   28416      32.7273
   28417      32.9375
   28418      32.9952
   28419      32.8921
   28420      32.5867
   28421      32.8676
   28422      32.9539
   28423      33.1810
   28424      33.0448
   28425      32.7890
   28426      33.2139
   28427      32.9025
   28428      32.6613
   28429      32.6955
   28430      32.1390
   28431      32.1538
   28432      32.6700
   28433      32.6993
   28434      32.5863
   28435      32.6932
   28436      33.0006
   28437      33.2243
   28438      32.7451
   28439      33.0903
   28440      33.5528
   28441      33.3525
   28442      32.9560
   28443      32.4911
   28444      33.0184
   28445      32.8423
   28446      32.8977
   28447      32.9623
   28448      32.8220
   28449      33.2163
   28450      33.1408
   28451      33.2455
   28452      33.1095
   28453      33.0217
   28454      33.2088
   28455      32.9514
   28456      33.2434
   28457      33.1497
   28458      32.9287
   28459      32.9010
   28460      32.9686
   28461      33.1301
   28462      32.7067
   28463      32.7681
   28464      32.8678
   28465      32.3574
   28466      32.7214
   28467      32.6497
   28468      33.5780
   28469      33.2998
   28470      33.5143
   28471      33.1196
   28472      32.9039
   28473      32.7817
   28474      33.1261
   28475      33.1792
   28476      33.0608
   28477      32.9788
   28478      32.8195
   28479      33.0361
   28480      32.8234
   28481      32.8319
   28482      33.1053
   28483      32.8071
   28484      33.1000
   28485      33.1469
   28486      33.1956
   28487      32.9417
   28488      33.2851
   28489      33.1727
   28490      33.1484
   28491      32.9099
   28492      33.5194
   28493      33.2244
   28494      32.7675
   28495      33.1780
   28496      33.4638
   28497      34.0669
   28498      33.8326
   28499      33.4077
   28500      33.7808
   28501      33.8384
   28502      33.6146
   28503      33.2723
   28504      33.5818
   28505      34.1099
   28506      33.6375
   28507      34.0252
   28508      33.8389
   28509      33.2307
   28510      33.6539
   28511      33.3910
   28512      33.6945
   28513      33.5421
   28514      33.7122
   28515      33.4318
   28516      33.6482
   28517      33.6462
   28518      32.9946
   28519      32.9095
   28520      33.3162
   28521      33.6589
   28522      33.2475
   28523      32.9481
   28524      33.3947
   28525      32.9645
   28526      32.6351
   28527      33.2072
   28528      33.6430
   28529      33.1696
   28530      33.4359
   28531      33.1512
   28532      33.5571
   28533      33.5102
   28534      33.6143
   28535      33.4129
   28536      33.4186
   28537      33.5392
   28538      34.0232
   28539      33.4429
   28540      33.3924
   28541      33.9059
   28542      33.8521
   28543      33.8435
   28544      33.6662
   28545      33.7824
   28546      33.1838
   28547      33.1936
   28548      33.8620
   28549      33.9661
   28550      33.8395
   28551      33.6224
   28552      33.7923
   28553      33.4959
   28554      33.3326
   28555      33.4594
   28556      34.2320
   28557      33.7182
   28558      33.6802
   28559      33.8143
   28560      33.8555
   28561      33.3661
   28562      33.6049
   28563      33.4699
   28564      33.7956
   28565      33.9552
   28566      33.8686
   28567      33.6368
   28568      33.5309
   28569      33.8352
   28570      33.6252
   28571      33.5577
   28572      33.8871
   28573      32.9273
   28574      33.3020
   28575      33.2488
   28576      33.3867
   28577      34.0458
   28578      33.9728
   28579      33.6931
   28580      33.3407
   28581      33.3972
   28582      33.2892
   28583      33.3345
   28584      33.6138
   28585      33.7499
   28586      33.9497
   28587      33.6248
   28588      33.6285
   28589      33.3503
   28590      33.2037
   28591      33.5314
   28592      32.8433
   28593      32.9444
   28594      33.3652
   28595      33.0841
   28596      33.5168
   28597      33.3359
   28598      33.7210
   28599      33.4900
   28600      33.8505
   28601      33.5670
   28602      33.4572
   28603      33.5421
   28604      33.2735
   28605      33.3121
   28606      33.2401
   28607      33.2048
   28608      33.1751
   28609      33.2423
   28610      32.9879
   28611      33.2143
   28612      33.2356
   28613      33.0710
   28614      33.1726
   28615      33.1270
   28616      33.1867
   28617      33.3643
   28618      33.4379
   28619      33.8961
   28620      33.6421
   28621      33.3423
   28622      33.3489
   28623      33.3488
   28624      33.5602
   28625      33.0195
   28626      33.2077
   28627      33.2548
   28628      33.3425
   28629      33.4048
   28630      33.3097
   28631      33.7135
   28632      33.5319
   28633      33.5904
   28634      33.2153
   28635      33.2667
   28636      33.7908
   28637      33.5088
   28638      33.5294
   28639      33.8470
   28640      33.8985
   28641      33.5153
   28642      32.9214
   28643      32.7971
   28644      33.7637
   28645      33.6238
   28646      33.6894
   28647      33.5911
   28648      33.7912
   28649      33.6572
   28650      33.2833
   28651      33.7029
   28652      33.6520
   28653      33.8601
   28654      33.6686
   28655      33.6246
   28656      33.8200
   28657      33.6233
   28658      33.8056
   28659      33.9836
   28660      34.2048
   28661      33.5369
   28662      33.5212
   28663      33.4037
   28664      33.7928
   28665      33.7047
   28666      33.9645
   28667      33.7478
   28668      33.2390
   28669      32.9922
   28670      33.1314
   28671      33.2347
   28672      32.9262
   28673      32.6849
   28674      32.8888
   28675      33.1364
   28676      32.9857
   28677      33.5024
   28678      33.0648
   28679      33.0856
   28680      33.4476
   28681      34.0078
   28682      33.1892
   28683      33.6575
   28684      33.5403
   28685      33.4465
   28686      32.9898
   28687      33.8540
   28688      33.1974
   28689      33.4629
   28690      33.6445
   28691      33.5130
   28692      33.7194
   28693      33.4674
   28694      33.6838
   28695      33.5774
   28696      33.9469
   28697      33.5470
   28698      33.2549
   28699      33.0647
   28700      33.2314
   28701      33.1638
   28702      33.5919
   28703      33.4721
   28704      34.0929
   28705      33.5374
   28706      33.3510
   28707      33.6134
   28708      33.4333
   28709      32.8094
   28710      33.1341
   28711      33.1449
   28712      32.6843
   28713      33.4430
   28714      33.3799
   28715      33.0847
   28716      33.4889
   28717      33.4572
   28718      33.5310
   28719      33.2448
   28720      32.9141
   28721      33.3702
   28722      33.2894
   28723      33.4318
   28724      33.6302
   28725      33.7822
   28726      33.4138
   28727      32.6951
   28728      33.2037
   28729      32.8215
   28730      33.7711
   28731      33.6987
   28732      33.5766
   28733      33.5614
   28734      33.3210
   28735      33.9107
   28736      33.8760
   28737      33.7905
   28738      33.5997
   28739      33.2000
   28740      33.2603
   28741      32.8785
   28742      32.9813
   28743      33.1391
   28744      33.1372
   28745      33.4139
   28746      33.1520
   28747      33.3905
   28748      32.5898
   28749      32.8578
   28750      32.6365
   28751      33.2096
   28752      33.2916
   28753      32.9519
   28754      33.1997
   28755      32.8409
   28756      33.2829
   28757      33.2607
   28758      33.3834
   28759      33.0114
   28760      33.3202
   28761      33.1426
   28762      33.2635
   28763      33.5310
   28764      33.4242
   28765      33.6778
   28766      32.8360
   28767      33.3520
   28768      33.1661
   28769      33.6752
   28770      33.3477
   28771      33.3254
   28772      33.7669
   28773      33.4112
   28774      33.1014
   28775      33.2336
   28776      33.6332
   28777      33.2937
   28778      33.0926
   28779      33.5913
   28780      33.4785
   28781      33.7186
   28782      33.3508
   28783      33.5962
   28784      33.4043
   28785      33.4637
   28786      33.4285
   28787      33.6023
   28788      33.6992
   28789      33.3419
   28790      33.7688
   28791      33.9515
   28792      33.4091
   28793      33.0926
   28794      33.5866
   28795      33.3480
   28796      33.8292
   28797      33.4663
   28798      33.8127
   28799      34.1417
   28800      33.3823
   28801      33.6638
   28802      33.3525
   28803      33.7255
   28804      33.3893
   28805      33.4287
   28806      33.0531
   28807      32.9175
   28808      32.9511
   28809      33.5485
   28810      33.8784
   28811      33.8664
   28812      33.8280
   28813      33.5818
   28814      33.7304
   28815      33.6797
   28816      33.3291
   28817      33.1324
   28818      33.4941
   28819      33.1059
   28820      33.4777
   28821      32.9276
   28822      32.9271
   28823      32.6289
   28824      33.3226
   28825      33.3753
   28826      33.3246
   28827      33.2418
   28828      33.6584
   28829      33.4243
   28830      33.1277
   28831      33.3477
   28832      33.4256
   28833      33.6107
   28834      33.5017
   28835      33.7213
   28836      33.8272
   28837      33.4060
   28838      33.1868
   28839      33.0691
   28840      33.3482
   28841      33.5473
   28842      33.5498
   28843      32.4291
   28844      33.0036
   28845      32.7977
   28846      33.2673
   28847      33.5229
   28848      33.1106
   28849      33.5660
   28850      33.9877
   28851      33.5023
   28852      33.6849
   28853      33.8654
   28854      33.6877
   28855      33.5787
   28856      33.8363
   28857      33.7840
   28858      33.5132
   28859      34.1763
   28860      33.6709
   28861      33.4119
   28862      33.5195
   28863      34.3300
   28864      33.9339
   28865      34.3013
   28866      33.5675
   28867      33.5671
   28868      33.4499
   28869      33.7749
   28870      33.4366
   28871      33.1267
   28872      33.5562
   28873      33.4844
   28874      33.1278
   28875      34.0546
   28876      33.7200
   28877      33.8646
   28878      33.4946
   28879      33.6250
   28880      33.6676
   28881      33.3996
   28882      33.5473
   28883      33.2461
   28884      32.9683
   28885      33.5807
   28886      33.3172
   28887      33.5388
   28888      33.6044
   28889      33.4841
   28890      33.0637
   28891      33.8543
   28892      33.0234
   28893      33.6898
   28894      33.4120
   28895      33.4857
   28896      33.3952
   28897      33.4645
   28898      33.6032
   28899      33.5981
   28900      33.4359
   28901      33.7650
   28902      33.3423
   28903      33.5523
   28904      33.4154
   28905      33.7238
   28906      33.2835
   28907      33.6054
   28908      34.2412
   28909      34.0794
   28910      33.2694
   28911      33.2947
   28912      33.6564
   28913      33.4220
   28914      33.6851
   28915      33.3569
   28916      33.1770
   28917      33.2408
   28918      33.0925
   28919      32.9695
   28920      33.2750
   28921      33.2351
   28922      33.3853
   28923      33.8189
   28924      33.4799
   28925      33.9086
   28926      33.5163
   28927      33.6812
   28928      33.0441
   28929      33.4927
   28930      33.6815
   28931      33.5536
   28932      33.4868
   28933      33.5395
   28934      33.1938
   28935      33.5544
   28936      33.8194
   28937      33.7713
   28938      33.7713
   28939      33.6767
   28940      33.5399
   28941      33.6703
   28942      34.2231
   28943      33.1601
   28944      33.6091
   28945      33.5224
   28946      33.6260
   28947      33.5897
   28948      33.0344
   28949      33.0057
   28950      33.3580
   28951      33.2402
   28952      33.1665
   28953      33.9257
   28954      33.7426
   28955      33.8131
   28956      33.7141
   28957      33.8165
   28958      33.6807
   28959      33.8239
   28960      33.5933
   28961      33.6372
   28962      33.5792
   28963      33.7717
   28964      33.4781
   28965      33.3342
   28966      33.5149
   28967      33.2827
   28968      33.8371
   28969      33.3891
   28970      33.3887
   28971      33.7225
   28972      33.5615
   28973      33.2970
   28974      33.5276
   28975      33.5040
   28976      33.7921
   28977      33.6305
   28978      33.6009
   28979      33.7808
   28980      33.7898
   28981      33.8870
   28982      33.5456
   28983      33.2792
   28984      33.6625
   28985      33.6423
   28986      33.6231
   28987      33.4887
   28988      33.5430
   28989      33.7323
   28990      33.6561
   28991      33.5651
   28992      33.5672
   28993      33.6052
   28994      33.3288
   28995      33.4939
   28996      33.7865
   28997      34.1504
   28998      33.9347
   28999      33.6161
   29000      33.3773
   29001      33.3328
   29002      33.3752
   29003      33.2879
   29004      33.3161
   29005      33.4806
   29006      33.3063
   29007      33.1939
   29008      33.4039
   29009      33.1400
   29010      33.3785
   29011      33.4036
   29012      33.1023
   29013      33.0622
   29014      33.1364
   29015      33.1384
   29016      33.2016
   29017      32.9072
   29018      33.2839
   29019      33.8130
   29020      33.7675
   29021      32.8980
   29022      33.1306
   29023      33.7603
   29024      33.7340
   29025      33.9108
   29026      33.7861
   29027      33.6739
   29028      33.9272
   29029      33.7936
   29030      33.7619
   29031      33.5166
   29032      33.3658
   29033      33.4847
   29034      33.8756
   29035      33.6013
   29036      33.2495
   29037      33.4914
   29038      33.6564
   29039      33.6108
   29040      33.5788
   29041      33.6050
   29042      33.2539
   29043      33.1724
   29044      33.2455
   29045      33.2170
   29046      33.4643
   29047      33.3491
   29048      33.5036
   29049      33.6880
   29050      33.5899
   29051      33.7742
   29052      33.6907
   29053      34.0491
   29054      33.8502
   29055      33.8634
   29056      33.9602
   29057      33.7998
   29058      33.7859
   29059      33.5133
   29060      33.8249
   29061      33.5668
   29062      33.1744
   29063      33.3810
   29064      33.5974
   29065      33.3947
   29066      33.3372
   29067      33.5136
   29068      33.7234
   29069      33.6570
   29070      33.5010
   29071      34.1040
   29072      34.0402
   29073      34.2966
   29074      34.1168
   29075      33.9391
   29076      34.1996
   29077      33.4778
   29078      33.8263
   29079      33.8771
   29080      33.4306
   29081      33.7076
   29082      33.4664
   29083      33.3926
   29084      33.5177
   29085      33.9199
   29086      33.9143
   29087      33.8211
   29088      33.6370
   29089      33.7130
   29090      33.8953
   29091      33.8474
   29092      33.9955
   29093      34.2499
   29094      33.8746
   29095      33.8325
   29096      33.8324
   29097      33.7328
   29098      34.0298
   29099      34.0008
   29100      34.0102
   29101      33.4481
   29102      33.9281
   29103      33.6448
   29104      34.0835
   29105      34.5763
   29106      34.0235
   29107      34.3743
   29108      34.1542
   29109      34.1906
   29110      34.0091
   29111      33.9945
   29112      33.9352
   29113      34.1666
   29114      34.0146
   29115      33.4649
   29116      33.6574
   29117      33.3933
   29118      33.2646
   29119      33.3388
   29120      33.2876
   29121      33.3930
   29122      33.6086
   29123      33.4553
   29124      33.2944
   29125      33.3081
   29126      33.5812
   29127      33.5865
   29128      33.7991
   29129      33.4261
   29130      33.3139
   29131      33.1814
   29132      32.9512
   29133      33.4095
   29134      33.2703
   29135      33.2457
   29136      33.3355
   29137      33.2510
   29138      33.4797
   29139      33.2881
   29140      33.6363
   29141      33.4905
   29142      33.5162
   29143      33.7774
   29144      33.6617
   29145      33.3797
   29146      33.5093
   29147      33.5872
   29148      33.6789
   29149      33.0932
   29150      34.1178
   29151      33.6419
   29152      33.7720
   29153      33.8148
   29154      33.4865
   29155      33.3808
   29156      33.5601
   29157      33.8683
   29158      33.6618
   29159      33.9674
   29160      33.4868
   29161      33.6735
   29162      33.0367
   29163      33.1952
   29164      33.4695
   29165      33.3994
   29166      33.3582
   29167      33.8059
   29168      34.0406
   29169      33.6086
   29170      33.5158
   29171      33.6122
   29172      33.5096
   29173      33.8263
   29174      33.6538
   29175      33.4299
   29176      33.3246
   29177      33.7449
   29178      33.6834
   29179      33.7228
   29180      33.5642
   29181      33.4340
   29182      33.4024
   29183      33.8263
   29184      33.5811
   29185      33.6954
   29186      33.8990
   29187      33.8021
   29188      33.8102
   29189      33.6091
   29190      33.6204
   29191      33.4244
   29192      33.6965
   29193      33.2389
   29194      33.2418
   29195      33.8898
   29196      33.3707
   29197      33.0930
   29198      33.5213
   29199      33.4112
   29200      33.3968
   29201      33.6109
   29202      33.5497
   29203      33.5105
   29204      33.5682
   29205      33.8222
   29206      33.9745
   29207      33.6339
   29208      34.0377
   29209      33.8703
   29210      33.8778
   29211      33.7920
   29212      33.7657
   29213      33.7344
   29214      33.8563
   29215      33.3940
   29216      33.2147
   29217      34.0788
   29218      33.7161
   29219      33.8699
   29220      34.2198
   29221      33.3213
   29222      34.2962
   29223      33.8130
   29224      33.8237
   29225      34.6134
   29226      34.2656
   29227      33.9909
   29228      34.2238
   29229      33.6462
   29230      33.8980
   29231      34.0233
   29232      34.1265
   29233      33.9829
   29234      33.8239
   29235      34.0261
   29236      33.9866
   29237      33.5932
   29238      33.4394
   29239      33.5951
   29240      33.8664
   29241      33.7742
   29242      34.0701
   29243      33.7262
   29244      34.1212
   29245      33.8369
   29246      33.8659
   29247      33.1490
   29248      33.2815
   29249      33.9370
   29250      33.7373
   29251      33.9366
   29252      33.3810
   29253      33.5073
   29254      33.9281
   29255      33.7345
   29256      33.4313
   29257      33.8668
   29258      33.5912
   29259      33.5570
   29260      33.4630
   29261      33.2268
   29262      33.7810
   29263      33.7721
   29264      33.5917
   29265      33.7875
   29266      33.8327
   29267      33.8963
   29268      33.6781
   29269      33.3415
   29270      33.6173
   29271      33.4309
   29272      34.0713
   29273      33.6910
   29274      33.5661
   29275      33.2634
   29276      33.9511
   29277      33.6771
   29278      33.3361
   29279      33.1615
   29280      33.3539
   29281      33.4601
   29282      33.8249
   29283      33.4919
   29284      33.8639
   29285      34.1002
   29286      33.4342
   29287      33.5968
   29288      33.5102
   29289      33.6433
   29290      33.7122
   29291      33.3774
   29292      33.4042
   29293      33.7225
   29294      33.3072
   29295      33.6256
   29296      33.9644
   29297      34.0163
   29298      34.0997
   29299      34.0903
   29300      33.8367
   29301      33.9016
   29302      34.2562
   29303      33.6193
   29304      33.6162
   29305      33.3337
   29306      33.7634
   29307      33.6079
   29308      33.4462
   29309      33.5387
   29310      34.1282
   29311      33.9961
   29312      33.9600
   29313      33.9414
   29314      33.6369
   29315      33.4974
   29316      33.5913
   29317      33.8863
   29318      33.5200
   29319      33.7463
   29320      33.4020
   29321      33.0276
   29322      33.5446
   29323      33.3021
   29324      33.6168
   29325      34.0513
   29326      34.1585
   29327      33.9551
   29328      34.1431
   29329      34.0228
   29330      34.1246
   29331      33.4218
   29332      33.7942
   29333      33.7649
   29334      33.8606
   29335      33.9534
   29336      33.5288
   29337      33.9674
   29338      34.0992
   29339      32.9515
   29340      33.3796
   29341      33.8196
   29342      34.2266
   29343      32.6901
   29344      33.2724
   29345      33.7297
   29346      34.0613
   29347      33.1954
   29348      34.0299
   29349      33.6154
   29350      34.2315
   29351      34.1164
   29352      34.2355
   29353      33.4889
   29354      33.7858
   29355      33.6786
   29356      33.7645
   29357      33.5928
   29358      33.7471
   29359      34.1188
   29360      33.7344
   29361      32.8452
   29362      32.8465
   29363      33.5289
   29364      33.4133
   29365      33.4614
   29366      33.0900
   29367      33.6656
   29368      33.4383
   29369      33.4390
   29370      33.1435
   29371      33.5712
   29372      33.4981
   29373      33.7575
   29374      33.8451
   29375      33.3463
   29376      33.4000
   29377      33.2197
   29378      32.8999
   29379      32.9378
   29380      33.0667
   29381      33.6458
   29382      33.2359
   29383      33.4066
   29384      33.8250
   29385      33.6399
   29386      33.4265
   29387      33.3662
   29388      33.4783
   29389      33.1643
   29390      33.1032
   29391      32.8446
   29392      33.3512
   29393      33.2648
   29394      32.9075
   29395      33.2116
   29396      33.5585
   29397      32.9668
   29398      33.6970
   29399      33.4450
   29400      32.9174
   29401      33.5074
   29402      33.3978
   29403      33.0842
   29404      33.3650
   29405      33.4977
   29406      33.2277
   29407      33.3824
   29408      33.1007
   29409      33.3792
   29410      33.1229
   29411      33.1675
   29412      33.6507
   29413      33.5329
   29414      33.6594
   29415      33.5836
   29416      33.7463
   29417      33.3893
   29418      33.6854
   29419      33.5481
   29420      33.3236
   29421      33.6133
   29422      33.5512
   29423      33.9206
   29424      33.7001
   29425      34.0573
   29426      33.8998
   29427      33.7787
   29428      33.6005
   29429      33.7711
   29430      33.7664
   29431      33.8213
   29432      33.7672
   29433      34.2251
   29434      33.6699
   29435      33.6887
   29436      33.4874
   29437      33.3315
   29438      33.5242
   29439      33.1173
   29440      33.3395
   29441      33.1654
   29442      33.4812
   29443      33.8584
   29444      33.3573
   29445      33.4528
   29446      33.2553
   29447      33.3723
   29448      33.4331
   29449      33.0114
   29450      33.1298
   29451      33.2740
   29452      33.3188
   29453      33.0943
   29454      32.8211
   29455      33.5593
   29456      33.9159
   29457      33.7491
   29458      33.7613
   29459      33.6515
   29460      33.6991
   29461      34.0726
   29462      33.8163
   29463      33.2319
   29464      33.7784
   29465      33.8040
   29466      33.7245
   29467      33.8503
   29468      33.7850
   29469      33.7101
   29470      33.5562
   29471      33.7469
   29472      33.4799
   29473      33.9296
   29474      34.3534
   29475      34.6104
   29476      34.5737
   29477      34.1759
   29478      34.4096
   29479      34.4381
   29480      34.3479
   29481      34.5383
   29482      35.0580
   29483      34.4990
   29484      34.2739
   29485      34.5399
   29486      34.5537
   29487      34.4590
   29488      34.5286
   29489      34.3422
   29490      34.3868
   29491      34.6102
   29492      34.2890
   29493      34.3314
   29494      34.3996
   29495      34.4428
   29496      34.4320
   29497      33.8958
   29498      34.3445
   29499      34.0201
   29500      34.0079
   29501      34.3482
   29502      34.1605
   29503      34.1635
   29504      34.1372
   29505      34.0213
   29506      34.0954
   29507      34.3712
   29508      33.8569
   29509      33.8126
   29510      34.0236
   29511      34.1213
   29512      34.0301
   29513      33.8544
   29514      33.8589
   29515      33.6080
   29516      34.3198
   29517      33.7999
   29518      34.1556
   29519      33.8441
   29520      33.7593
   29521      34.3015
   29522      33.8194
   29523      33.2077
   29524      33.7230
   29525      33.7392
   29526      33.9669
   29527      34.0499
   29528      33.9221
   29529      33.6495
   29530      33.9027
   29531      33.6998
   29532      34.1057
   29533      34.1630
   29534      34.3945
   29535      33.9814
   29536      34.4269
   29537      34.0724
   29538      34.3646
   29539      34.5426
   29540      34.2537
   29541      34.2821
   29542      34.2973
   29543      34.3976
   29544      34.2101
   29545      34.3214
   29546      34.1207
   29547      34.6952
   29548      34.3359
   29549      34.1637
   29550      34.1436
   29551      34.2578
   29552      34.0274
   29553      34.2790
   29554      34.4608
   29555      34.1090
   29556      33.8764
   29557      34.1956
   29558      34.2331
   29559      34.2935
   29560      34.1490
   29561      34.3219
   29562      34.1647
   29563      33.9491
   29564      34.1123
   29565      34.1452
   29566      34.0191
   29567      34.0056
   29568      34.2556
   29569      34.5234
   29570      34.6645
   29571      34.8556
   29572      34.6697
   29573      34.6419
   29574      34.8797
   29575      34.3576
   29576      34.3511
   29577      33.8152
   29578      34.4395
   29579      34.5080
   29580      33.8327
   29581      34.0523
   29582      34.0934
   29583      34.4551
   29584      34.4275
   29585      34.4735
   29586      34.0230
   29587      34.1037
   29588      34.3997
   29589      34.1417
   29590      34.2883
   29591      34.2237
   29592      34.6008
   29593      34.1931
   29594      34.4388
   29595      34.1581
   29596      34.4355
   29597      34.5893
   29598      34.6549
   29599      34.0299
   29600      34.2632
   29601      34.6619
   29602      33.8151
   29603      34.2463
   29604      34.5944
   29605      34.2879
   29606      33.9759
   29607      34.1574
   29608      34.2681
   29609      34.2427
   29610      34.3398
   29611      34.3518
   29612      34.3911
   29613      34.1048
   29614      34.0384
   29615      34.5317
   29616      33.9970
   29617      34.2460
   29618      34.2205
   29619      34.2726
   29620      34.3184
   29621      34.0348
   29622      34.4615
   29623      34.2292
   29624      34.2638
   29625      34.6130
   29626      34.1432
   29627      34.0885
   29628      34.0753
   29629      34.1236
   29630      33.7323
   29631      33.9551
   29632      33.7005
   29633      34.0250
   29634      33.8945
   29635      34.0987
   29636      33.4681
   29637      33.9414
   29638      33.8750
   29639      33.7346
   29640      33.6435
   29641      33.4899
   29642      34.3477
   29643      33.9488
   29644      33.8430
   29645      33.7344
   29646      33.9673
   29647      33.7914
   29648      33.4867
   29649      33.5415
   29650      33.7528
   29651      33.2186
   29652      33.6225
   29653      33.7214
   29654      33.5104
   29655      33.9533
   29656      33.6636
   29657      34.0205
   29658      33.8975
   29659      33.7553
   29660      33.9783
   29661      34.1058
   29662      33.8577
   29663      33.5952
   29664      33.5777
   29665      33.4616
   29666      33.3459
   29667      33.5809
   29668      33.7048
   29669      33.7873
   29670      33.4731
   29671      33.1277
   29672      33.2772
   29673      32.9185
   29674      33.1518
   29675      33.0059
   29676      33.1543
   29677      33.3417
   29678      33.1876
   29679      33.2977
   29680      33.3191
   29681      33.4436
   29682      33.7478
   29683      33.7340
   29684      33.7888
   29685      33.7971
   29686      33.5203
   29687      33.5707
   29688      34.2420
   29689      33.7234
   29690      34.0245
   29691      33.8896
   29692      33.6658
   29693      33.8667
   29694      33.7689
   29695      33.5245
   29696      33.5564
   29697      34.0955
   29698      33.9237
   29699      34.5481
   29700      34.6636
   29701      34.6072
   29702      34.8592
   29703      34.4997
   29704      34.5223
   29705      34.6326
   29706      35.5356
   29707      35.1980
   29708      34.7389
   29709      34.6740
   29710      34.6898
   29711      34.8779
   29712      34.7172
   29713      34.2523
   29714      34.2492
   29715      33.8326
   29716      34.1818
   29717      34.3124
   29718      34.6061
   29719      34.4278
   29720      34.4704
   29721      34.4948
   29722      34.4553
   29723      34.4107
   29724      34.2770
   29725      34.1132
   29726      34.3121
   29727      34.5679
   29728      34.2788
   29729      34.2140
   29730      34.2921
   29731      34.2196
   29732      34.2500
   29733      34.1735
   29734      34.0034
   29735      34.0669
   29736      33.9863
   29737      33.8212
   29738      33.3500
   29739      33.8178
   29740      33.7317
   29741      33.6274
   29742      33.6610
   29743      33.6174
   29744      33.8269
   29745      33.8388
   29746      34.0053
   29747      33.7726
   29748      33.8874
   29749      33.2740
   29750      33.9460
   29751      33.5776
   29752      33.3896
   29753      32.9736
   29754      33.6738
   29755      33.7463
   29756      33.4961
   29757      33.3528
   29758      33.8783
   29759      33.5984
   29760      33.8998
   29761      33.8916
   29762      33.3973
   29763      33.4444
   29764      34.0401
   29765      33.9473
   29766      33.6700
   29767      33.8231
   29768      33.6793
   29769      33.9121
   29770      33.5600
   29771      33.5314
   29772      33.5529
   29773      34.0591
   29774      34.0334
   29775      33.9824
   29776      34.0072
   29777      34.1260
   29778      33.5628
   29779      33.5631
   29780      33.6651
   29781      33.2789
   29782      33.5267
   29783      33.5149
   29784      33.8392
   29785      33.6382
   29786      33.5402
   29787      33.8587
   29788      34.3645
   29789      34.3058
   29790      34.0376
   29791      33.3580
   29792      33.2636
   29793      33.5962
   29794      33.8576
   29795      33.6402
   29796      33.9982
   29797      33.8907
   29798      33.8911
   29799      33.9335
   29800      33.6509
   29801      33.9625
   29802      34.2869
   29803      34.5425
   29804      34.1352
   29805      33.5579
   29806      33.8506
   29807      34.1176
   29808      34.1278
   29809      34.3462
   29810      34.1915
   29811      34.1333
   29812      33.8919
   29813      34.1979
   29814      34.0914
   29815      34.2808
   29816      34.3886
   29817      34.1213
   29818      34.0304
   29819      33.8190
   29820      34.0166
   29821      33.7075
   29822      34.4662
   29823      34.3304
   29824      34.4156
   29825      33.9883
   29826      33.8512
   29827      33.6783
   29828      34.3171
   29829      34.4748
   29830      34.2926
   29831      34.5691
   29832      34.2286
   29833      34.8643
   29834      34.7502
   29835      34.8256
   29836      34.1528
   29837      34.5502
   29838      34.3768
   29839      34.2397
   29840      34.4231
   29841      34.3507
   29842      33.6984
   29843      33.8115
   29844      33.7204
   29845      33.9166
   29846      33.9654
   29847      33.6518
   29848      33.5248
   29849      33.7433
   29850      33.4831
   29851      33.7629
   29852      33.9282
   29853      34.0150
   29854      33.8100
   29855      34.3409
   29856      34.0393
   29857      33.9214
   29858      34.2874
   29859      33.9702
   29860      34.1203
   29861      33.9661
   29862      33.3414
   29863      33.9198
   29864      33.5970
   29865      33.8479
   29866      34.1394
   29867      34.0843
   29868      34.1037
   29869      33.7634
   29870      33.9950
   29871      34.2710
   29872      33.9820
   29873      33.6535
   29874      33.8849
   29875      33.9138
   29876      34.0958
   29877      34.2359
   29878      33.7423
   29879      34.1085
   29880      33.9732
   29881      34.3693
   29882      34.0837
   29883      33.9873
   29884      34.0390
   29885      33.3442
   29886      33.9275
   29887      34.4278
   29888      34.6720
   29889      33.9426
   29890      34.1322
   29891      34.1702
   29892      34.1732
   29893      33.9748
   29894      34.0975
   29895      33.5266
   29896      33.7069
   29897      34.0125
   29898      33.5661
   29899      33.8085
   29900      33.6901
   29901      33.1815
   29902      33.7931
   29903      33.8683
   29904      34.0274
   29905      33.8390
   29906      34.0038
   29907      33.7661
   29908      34.1647
   29909      33.5522
   29910      33.5538
   29911      33.3375
   29912      32.9896
   29913      33.4249
   29914      33.0989
   29915      33.0223
   29916      33.0317
   29917      33.3430
   29918      32.8449
   29919      33.3326
   29920      33.5871
   29921      33.7071
   29922      33.6726
   29923      33.4671
   29924      33.6741
   29925      33.7029
   29926      33.6956
   29927      33.7599
   29928      33.7095
   29929      33.5678
   29930      34.0320
   29931      33.6765
   29932      33.2710
   29933      33.1856
   29934      33.4736
   29935      33.4648
   29936      34.1775
   29937      34.0671
   29938      34.1491
   29939      33.7594
   29940      34.1032
   29941      33.7908
   29942      33.7944
   29943      33.6246
   29944      33.8927
   29945      33.6923
   29946      33.5724
   29947      34.4241
   29948      34.1549
   29949      34.0669
   29950      34.3526
   29951      34.1943
   29952      33.9778
   29953      33.8614
   29954      33.8775
   29955      33.9298
   29956      34.0688
   29957      34.5027
   29958      34.2018
   29959      33.9584
   29960      34.0706
   29961      34.2500
   29962      34.1548
   29963      33.9674
   29964      34.3089
   29965      34.1799
   29966      33.6729
   29967      33.8562
   29968      34.0014
   29969      33.8244
   29970      33.9169
   29971      34.2136
   29972      33.6948
   29973      33.2178
   29974      33.5228
   29975      33.7050
   29976      33.7066
   29977      33.9802
   29978      33.9036
   29979      33.2105
   29980      33.2225
   29981      33.6443
   29982      33.7602
   29983      33.9147
   29984      34.1331
   29985      33.9983
   29986      34.1015
   29987      33.8627
   29988      33.6647
   29989      33.7287
   29990      33.9267
   29991      34.2517
   29992      33.6777
   29993      34.0382
   29994      34.1217
   29995      34.3534
   29996      34.1307
   29997      34.7199
   29998      34.1877
   29999      33.8280
   30000      33.6988
