#Frame   Contacts_00012[native] Contacts_00012[nonnative]
       1                      0                         0
       2                      0                         0
       3                      0                         0
       4                      0                         0
       5                      0                         0
       6                      0                         0
       7                      0                         0
       8                      0                         0
       9                      0                         0
      10                      0                         0
      11                      0                         0
      12                      0                         0
      13                      0                         0
      14                      0                         0
      15                      0                         0
      16                      0                         0
      17                      0                         0
      18                      0                         0
      19                      0                         0
      20                      0                         0
      21                      0                         0
      22                      0                         0
      23                      0                         0
      24                      0                         0
      25                      0                         0
      26                      0                         0
      27                      0                         0
      28                      0                         0
      29                      0                         0
      30                      0                         0
      31                      0                         0
      32                      0                         0
      33                      0                         0
      34                      0                         0
      35                      0                         0
      36                      0                         0
      37                      0                         0
      38                      0                         0
      39                      0                         0
      40                      0                         0
      41                      0                         0
      42                      0                         0
      43                      0                         0
      44                      0                         0
      45                      0                         0
      46                      0                         0
      47                      0                         0
      48                      0                         0
      49                      0                         0
      50                      0                         0
      51                      0                         0
      52                      0                         0
      53                      0                         0
      54                      0                         0
      55                      0                         0
      56                      0                         0
      57                      0                         0
      58                      0                         0
      59                      0                         0
      60                      0                         0
      61                      0                         0
      62                      0                         0
      63                      0                         0
      64                      0                         0
      65                      0                         0
      66                      0                         0
      67                      0                         0
      68                      0                         0
      69                      0                         0
      70                      0                         0
      71                      0                         0
      72                      0                         0
      73                      0                         0
      74                      0                         0
      75                      0                         0
      76                      0                         0
      77                      0                         0
      78                      0                         0
      79                      0                         0
      80                      0                         0
      81                      0                         0
      82                      0                         0
      83                      0                         0
      84                      0                         0
      85                      0                         0
      86                      0                         0
      87                      0                         0
      88                      0                         0
      89                      0                         0
      90                      0                         0
      91                      0                         0
      92                      0                         0
      93                      0                         0
      94                      0                         0
      95                      0                         0
      96                      0                         0
      97                      0                         0
      98                      0                         0
      99                      0                         0
     100                      0                         0
     101                      0                         0
     102                      0                         0
     103                      0                         0
     104                      0                         0
     105                      0                         0
     106                      0                         0
     107                      0                         0
     108                      0                         0
     109                      0                         0
     110                      0                         0
     111                      0                         0
     112                      0                         0
     113                      0                         0
     114                      0                         0
     115                      0                         0
     116                      0                         0
     117                      0                         0
     118                      0                         0
     119                      0                         0
     120                      0                         0
     121                      0                         0
     122                      0                         0
     123                      0                         0
     124                      0                         0
     125                      0                         0
     126                      0                         0
     127                      0                         0
     128                      0                         0
     129                      0                         0
     130                      0                         0
     131                      0                         0
     132                      0                         0
     133                      0                         0
     134                      0                         0
     135                      0                         0
     136                      0                         0
     137                      0                         0
     138                      0                         0
     139                      0                         0
     140                      0                         0
     141                      0                         0
     142                      0                         1
     143                      0                         2
     144                      0                         0
     145                      0                         1
     146                      0                         2
     147                      0                         0
     148                      0                         2
     149                      0                         2
     150                      0                         2
     151                      0                         2
     152                      0                         0
     153                      0                         0
     154                      0                         0
     155                      0                         0
     156                      0                         0
     157                      0                         0
     158                      0                         0
     159                      0                         1
     160                      0                         0
     161                      0                         2
     162                      0                         2
     163                      0                         0
     164                      0                         0
     165                      0                         1
     166                      0                         0
     167                      0                         2
     168                      0                         2
     169                      0                         1
     170                      0                         2
     171                      0                         0
     172                      0                         2
     173                      0                         2
     174                      0                         2
     175                      0                         3
     176                      0                         2
     177                      0                         2
     178                      0                         0
     179                      0                         0
     180                      0                         2
     181                      0                         0
     182                      0                         0
     183                      0                         2
     184                      0                         0
     185                      0                         1
     186                      0                         1
     187                      0                         0
     188                      0                         0
     189                      0                         0
     190                      0                         0
     191                      0                         0
     192                      0                         0
     193                      0                         0
     194                      0                         0
     195                      0                         0
     196                      0                         0
     197                      0                         0
     198                      0                         0
     199                      0                         0
     200                      0                         0
     201                      0                         0
     202                      0                         0
     203                      0                         0
     204                      0                         0
     205                      0                         0
     206                      0                         0
     207                      0                         0
     208                      0                         0
     209                      0                         0
     210                      0                         0
     211                      0                         0
     212                      0                         0
     213                      0                         0
     214                      0                         0
     215                      0                         0
     216                      0                         0
     217                      0                         0
     218                      0                         0
     219                      0                         0
     220                      0                         0
     221                      0                         0
     222                      0                         0
     223                      0                         0
     224                      0                         0
     225                      0                         0
     226                      0                         0
     227                      0                         0
     228                      0                         0
     229                      0                         0
     230                      0                         0
     231                      0                         0
     232                      0                         0
     233                      0                         0
     234                      0                         0
     235                      0                         0
     236                      0                         0
     237                      0                         0
     238                      0                         0
     239                      0                         0
     240                      0                         0
     241                      0                         0
     242                      0                         0
     243                      0                         0
     244                      0                         0
     245                      0                         0
     246                      0                         0
     247                      0                         0
     248                      0                         0
     249                      0                         0
     250                      0                         0
     251                      0                         0
     252                      0                         0
     253                      0                         0
     254                      0                         0
     255                      0                         0
     256                      0                         0
     257                      0                         0
     258                      0                         0
     259                      0                         0
     260                      0                         0
     261                      0                         0
     262                      0                         0
     263                      0                         0
     264                      0                         0
     265                      0                         0
     266                      0                         0
     267                      0                         0
     268                      0                         2
     269                      0                         2
     270                      0                         1
     271                      0                         1
     272                      0                         2
     273                      0                         2
     274                      0                         0
     275                      0                         0
     276                      0                         0
     277                      0                         0
     278                      0                         0
     279                      0                         0
     280                      0                         0
     281                      0                         0
     282                      0                         0
     283                      0                         0
     284                      0                         0
     285                      0                         0
     286                      0                         0
     287                      0                         0
     288                      0                         0
     289                      0                         0
     290                      0                         0
     291                      0                         0
     292                      0                         0
     293                      0                         0
     294                      0                         0
     295                      0                         0
     296                      0                         0
     297                      0                         0
     298                      0                         0
     299                      0                         0
     300                      0                         0
     301                      0                         0
     302                      0                         0
     303                      0                         0
     304                      0                         0
     305                      0                         0
     306                      0                         0
     307                      0                         0
     308                      0                         0
     309                      0                         0
     310                      0                         0
     311                      0                         0
     312                      0                         0
     313                      0                         0
     314                      0                         0
     315                      0                         0
     316                      0                         0
     317                      0                         0
     318                      0                         0
     319                      0                         0
     320                      0                         0
     321                      0                         0
     322                      0                         0
     323                      0                         0
     324                      0                         0
     325                      0                         0
     326                      0                         0
     327                      0                         0
     328                      0                         0
     329                      0                         0
     330                      0                         0
     331                      0                         0
     332                      0                         0
     333                      0                         0
     334                      0                         0
     335                      0                         0
     336                      0                         0
     337                      0                         0
     338                      0                         0
     339                      0                         0
     340                      0                         0
     341                      0                         0
     342                      0                         0
     343                      0                         0
     344                      0                         0
     345                      0                         0
     346                      0                         0
     347                      0                         0
     348                      0                         0
     349                      0                         0
     350                      0                         0
     351                      0                         0
     352                      0                         0
     353                      0                         0
     354                      0                         0
     355                      0                         0
     356                      0                         0
     357                      0                         1
     358                      0                         1
     359                      0                         0
     360                      0                         0
     361                      0                         2
     362                      0                         1
     363                      0                         2
     364                      0                         0
     365                      0                         1
     366                      0                         1
     367                      0                         2
     368                      0                         2
     369                      0                         0
     370                      0                         0
     371                      0                         0
     372                      0                         0
     373                      0                         1
     374                      0                         2
     375                      0                         2
     376                      0                         2
     377                      0                         1
     378                      0                         1
     379                      0                         0
     380                      0                         0
     381                      0                         0
     382                      0                         0
     383                      0                         0
     384                      0                         1
     385                      0                         0
     386                      0                         0
     387                      0                         0
     388                      0                         0
     389                      0                         0
     390                      0                         0
     391                      0                         0
     392                      0                         0
     393                      0                         0
     394                      0                         0
     395                      0                         0
     396                      0                         0
     397                      0                         0
     398                      0                         0
     399                      0                         0
     400                      0                         0
     401                      0                         0
     402                      0                         0
     403                      0                         0
     404                      0                         0
     405                      0                         0
     406                      0                         0
     407                      0                         0
     408                      0                         0
     409                      0                         0
     410                      0                         0
     411                      0                         0
     412                      0                         0
     413                      0                         0
     414                      0                         0
     415                      0                         0
     416                      0                         0
     417                      0                         0
     418                      0                         0
     419                      0                         0
     420                      0                         0
     421                      0                         0
     422                      0                         0
     423                      0                         0
     424                      0                         0
     425                      0                         0
     426                      0                         0
     427                      0                         0
     428                      0                         0
     429                      0                         2
     430                      0                         0
     431                      0                         0
     432                      0                         0
     433                      0                         0
     434                      0                         0
     435                      0                         0
     436                      0                         0
     437                      0                         0
     438                      0                         0
     439                      0                         0
     440                      0                         0
     441                      0                         0
     442                      0                         0
     443                      0                         0
     444                      0                         0
     445                      0                         0
     446                      0                         0
     447                      0                         2
     448                      0                         0
     449                      0                         0
     450                      0                         0
     451                      0                         0
     452                      0                         0
     453                      0                         0
     454                      0                         0
     455                      0                         0
     456                      0                         0
     457                      0                         0
     458                      0                         0
     459                      0                         0
     460                      0                         0
     461                      0                         0
     462                      0                         0
     463                      0                         0
     464                      0                         0
     465                      0                         0
     466                      0                         0
     467                      0                         0
     468                      0                         0
     469                      0                         0
     470                      0                         0
     471                      0                         0
     472                      0                         0
     473                      0                         0
     474                      0                         0
     475                      0                         0
     476                      0                         0
     477                      0                         1
     478                      0                         0
     479                      0                         0
     480                      0                         0
     481                      0                         0
     482                      0                         0
     483                      0                         0
     484                      0                         0
     485                      0                         0
     486                      0                         0
     487                      0                         0
     488                      0                         0
     489                      0                         0
     490                      0                         0
     491                      0                         0
     492                      0                         0
     493                      0                         0
     494                      0                         0
     495                      0                         0
     496                      0                         0
     497                      0                         0
     498                      0                         0
     499                      0                         0
     500                      0                         0
     501                      0                         0
     502                      0                         0
     503                      0                         0
     504                      0                         0
     505                      0                         0
     506                      0                         0
     507                      0                         0
     508                      0                         0
     509                      0                         0
     510                      0                         0
     511                      0                         0
     512                      0                         0
     513                      0                         0
     514                      0                         0
     515                      0                         0
     516                      0                         0
     517                      0                         0
     518                      0                         0
     519                      0                         0
     520                      0                         0
     521                      0                         0
     522                      0                         0
     523                      0                         2
     524                      0                         0
     525                      0                         0
     526                      0                         0
     527                      0                         0
     528                      0                         0
     529                      0                         0
     530                      0                         0
     531                      0                         0
     532                      0                         0
     533                      0                         0
     534                      0                         0
     535                      0                         0
     536                      0                         0
     537                      0                         0
     538                      0                         0
     539                      0                         0
     540                      0                         0
     541                      0                         1
     542                      0                         0
     543                      0                         0
     544                      0                         0
     545                      0                         0
     546                      0                         0
     547                      0                         0
     548                      0                         0
     549                      0                         0
     550                      0                         0
     551                      0                         0
     552                      0                         0
     553                      0                         0
     554                      0                         0
     555                      0                         0
     556                      0                         0
     557                      0                         0
     558                      0                         0
     559                      0                         0
     560                      0                         0
     561                      0                         0
     562                      0                         0
     563                      0                         0
     564                      0                         0
     565                      0                         0
     566                      0                         0
     567                      0                         0
     568                      0                         0
     569                      0                         0
     570                      0                         0
     571                      0                         0
     572                      0                         0
     573                      0                         0
     574                      0                         0
     575                      0                         0
     576                      0                         0
     577                      0                         0
     578                      0                         0
     579                      0                         0
     580                      0                         0
     581                      0                         0
     582                      0                         0
     583                      0                         0
     584                      0                         0
     585                      0                         0
     586                      0                         0
     587                      0                         0
     588                      0                         0
     589                      0                         0
     590                      0                         0
     591                      0                         0
     592                      0                         0
     593                      0                         0
     594                      0                         0
     595                      0                         0
     596                      0                         1
     597                      0                         0
     598                      0                         0
     599                      0                         0
     600                      0                         0
     601                      0                         0
     602                      0                         0
     603                      0                         0
     604                      0                         0
     605                      0                         0
     606                      0                         0
     607                      0                         0
     608                      0                         0
     609                      0                         0
     610                      0                         0
     611                      0                         0
     612                      0                         0
     613                      0                         0
     614                      0                         0
     615                      0                         0
     616                      0                         0
     617                      0                         0
     618                      0                         0
     619                      0                         0
     620                      0                         1
     621                      0                         1
     622                      0                         0
     623                      0                         0
     624                      0                         0
     625                      0                         0
     626                      0                         1
     627                      0                         0
     628                      0                         0
     629                      0                         2
     630                      0                         2
     631                      0                         0
     632                      0                         1
     633                      0                         1
     634                      0                         0
     635                      0                         0
     636                      0                         1
     637                      0                         2
     638                      0                         1
     639                      0                         0
     640                      0                         0
     641                      0                         0
     642                      0                         0
     643                      0                         0
     644                      0                         0
     645                      0                         0
     646                      0                         0
     647                      0                         0
     648                      0                         0
     649                      0                         0
     650                      0                         0
     651                      0                         0
     652                      0                         0
     653                      0                         0
     654                      0                         0
     655                      0                         0
     656                      0                         0
     657                      0                         0
     658                      0                         0
     659                      0                         0
     660                      0                         0
     661                      0                         0
     662                      0                         0
     663                      0                         0
     664                      0                         0
     665                      0                         0
     666                      0                         0
     667                      0                         0
     668                      0                         0
     669                      0                         0
     670                      0                         0
     671                      0                         0
     672                      0                         0
     673                      0                         0
     674                      0                         0
     675                      0                         0
     676                      0                         0
     677                      0                         0
     678                      0                         0
     679                      0                         0
     680                      0                         0
     681                      0                         0
     682                      0                         0
     683                      0                         0
     684                      0                         0
     685                      0                         1
     686                      0                         0
     687                      0                         0
     688                      0                         0
     689                      0                         0
     690                      0                         0
     691                      0                         0
     692                      0                         0
     693                      0                         1
     694                      0                         0
     695                      0                         0
     696                      0                         0
     697                      0                         2
     698                      0                         0
     699                      0                         0
     700                      0                         0
     701                      0                         0
     702                      0                         0
     703                      0                         0
     704                      0                         0
     705                      0                         0
     706                      0                         0
     707                      0                         0
     708                      0                         1
     709                      0                         0
     710                      0                         2
     711                      0                         0
     712                      0                         0
     713                      0                         0
     714                      0                         0
     715                      0                         0
     716                      0                         0
     717                      0                         0
     718                      0                         0
     719                      0                         0
     720                      0                         0
     721                      0                         1
     722                      0                         0
     723                      0                         0
     724                      0                         0
     725                      0                         0
     726                      0                         0
     727                      0                         0
     728                      0                         0
     729                      0                         0
     730                      0                         0
     731                      0                         0
     732                      0                         0
     733                      0                         0
     734                      0                         0
     735                      0                         0
     736                      0                         0
     737                      0                         0
     738                      0                         0
     739                      0                         1
     740                      0                         2
     741                      0                         2
     742                      0                         0
     743                      0                         0
     744                      0                         0
     745                      0                         0
     746                      0                         0
     747                      0                         0
     748                      0                         0
     749                      0                         0
     750                      0                         0
     751                      0                         0
     752                      0                         2
     753                      0                         1
     754                      0                         1
     755                      0                         0
     756                      0                         2
     757                      0                         1
     758                      0                         1
     759                      0                         1
     760                      0                         0
     761                      0                         0
     762                      0                         0
     763                      0                         0
     764                      0                         0
     765                      0                         0
     766                      0                         1
     767                      0                         0
     768                      0                         0
     769                      0                         0
     770                      0                         0
     771                      0                         0
     772                      0                         0
     773                      0                         0
     774                      0                         0
     775                      0                         0
     776                      0                         0
     777                      0                         0
     778                      0                         2
     779                      0                         1
     780                      0                         1
     781                      0                         0
     782                      0                         0
     783                      0                         0
     784                      0                         0
     785                      0                         0
     786                      0                         1
     787                      0                         2
     788                      0                         2
     789                      0                         1
     790                      0                         1
     791                      0                         0
     792                      0                         0
     793                      0                         0
     794                      0                         0
     795                      0                         0
     796                      0                         0
     797                      0                         0
     798                      0                         0
     799                      0                         0
     800                      0                         1
     801                      0                         0
     802                      0                         0
     803                      0                         0
     804                      0                         0
     805                      0                         0
     806                      0                         0
     807                      0                         0
     808                      0                         1
     809                      0                         0
     810                      0                         0
     811                      0                         2
     812                      0                         0
     813                      0                         0
     814                      0                         0
     815                      0                         0
     816                      0                         0
     817                      0                         0
     818                      0                         0
     819                      0                         0
     820                      0                         0
     821                      0                         0
     822                      0                         0
     823                      0                         0
     824                      0                         0
     825                      0                         0
     826                      0                         0
     827                      0                         0
     828                      0                         2
     829                      0                         0
     830                      0                         2
     831                      0                         1
     832                      0                         0
     833                      0                         0
     834                      0                         0
     835                      0                         0
     836                      0                         0
     837                      0                         0
     838                      0                         0
     839                      0                         0
     840                      0                         2
     841                      0                         0
     842                      0                         0
     843                      0                         1
     844                      0                         1
     845                      0                         0
     846                      0                         0
     847                      0                         0
     848                      0                         2
     849                      0                         0
     850                      0                         1
     851                      0                         0
     852                      0                         0
     853                      0                         0
     854                      0                         0
     855                      0                         0
     856                      0                         0
     857                      0                         1
     858                      0                         2
     859                      0                         0
     860                      0                         1
     861                      0                         0
     862                      0                         0
     863                      0                         0
     864                      0                         0
     865                      0                         0
     866                      0                         0
     867                      0                         0
     868                      0                         0
     869                      0                         0
     870                      0                         0
     871                      0                         0
     872                      0                         0
     873                      0                         0
     874                      0                         0
     875                      0                         0
     876                      0                         0
     877                      0                         0
     878                      0                         0
     879                      0                         0
     880                      0                         0
     881                      0                         0
     882                      0                         0
     883                      0                         0
     884                      0                         0
     885                      0                         0
     886                      0                         0
     887                      0                         0
     888                      0                         0
     889                      0                         0
     890                      0                         0
     891                      0                         0
     892                      0                         0
     893                      0                         0
     894                      0                         0
     895                      0                         0
     896                      0                         0
     897                      0                         0
     898                      0                         0
     899                      0                         0
     900                      0                         0
     901                      0                         0
     902                      0                         0
     903                      0                         0
     904                      0                         0
     905                      0                         0
     906                      0                         0
     907                      0                         0
     908                      0                         0
     909                      0                         0
     910                      0                         0
     911                      0                         0
     912                      0                         0
     913                      0                         0
     914                      0                         0
     915                      0                         0
     916                      0                         0
     917                      0                         0
     918                      0                         0
     919                      0                         0
     920                      0                         0
     921                      0                         0
     922                      0                         0
     923                      0                         0
     924                      0                         0
     925                      0                         0
     926                      0                         0
     927                      0                         0
     928                      0                         0
     929                      0                         2
     930                      0                         2
     931                      0                         2
     932                      0                         2
     933                      0                         2
     934                      0                         2
     935                      0                         1
     936                      0                         2
     937                      0                         0
     938                      0                         0
     939                      0                         0
     940                      0                         1
     941                      0                         1
     942                      0                         1
     943                      0                         1
     944                      0                         0
     945                      0                         1
     946                      0                         2
     947                      0                         2
     948                      0                         1
     949                      0                         2
     950                      0                         2
     951                      0                         3
     952                      0                         0
     953                      0                         1
     954                      0                         1
     955                      0                         1
     956                      0                         0
     957                      0                         1
     958                      0                         0
     959                      0                         0
     960                      0                         1
     961                      0                         0
     962                      0                         0
     963                      0                         0
     964                      0                         0
     965                      0                         0
     966                      0                         0
     967                      0                         0
     968                      0                         0
     969                      0                         0
     970                      0                         0
     971                      0                         2
     972                      0                         0
     973                      0                         2
     974                      0                         2
     975                      0                         2
     976                      0                         1
     977                      0                         1
     978                      0                         2
     979                      0                         2
     980                      0                         0
     981                      0                         0
     982                      0                         0
     983                      0                         0
     984                      0                         0
     985                      0                         0
     986                      0                         0
     987                      0                         0
     988                      0                         0
     989                      0                         0
     990                      0                         0
     991                      0                         0
     992                      0                         1
     993                      0                         2
     994                      0                         2
     995                      0                         2
     996                      0                         2
     997                      0                         2
     998                      0                         0
     999                      0                         2
    1000                      0                         2
    1001                      0                         2
    1002                      0                         1
    1003                      0                         2
    1004                      0                         2
    1005                      0                         2
    1006                      0                         2
    1007                      0                         2
    1008                      0                         3
    1009                      0                         2
    1010                      0                         2
    1011                      0                         3
    1012                      0                         2
    1013                      0                         2
    1014                      0                         1
    1015                      0                         2
    1016                      0                         2
    1017                      0                         1
    1018                      0                         0
    1019                      0                         0
    1020                      0                         0
    1021                      0                         2
    1022                      0                         5
    1023                      0                         1
    1024                      0                         2
    1025                      0                         2
    1026                      0                         0
    1027                      0                         1
    1028                      0                         0
    1029                      0                         2
    1030                      0                         1
    1031                      0                         2
    1032                      0                         2
    1033                      0                         1
    1034                      0                         2
    1035                      0                         2
    1036                      0                         2
    1037                      0                         2
    1038                      0                         2
    1039                      0                         0
    1040                      0                         2
    1041                      0                         2
    1042                      0                         2
    1043                      0                         0
    1044                      0                         1
    1045                      0                         0
    1046                      0                         2
    1047                      0                         2
    1048                      0                         3
    1049                      0                         2
    1050                      0                         2
    1051                      0                         2
    1052                      0                         2
    1053                      0                         0
    1054                      0                         3
    1055                      0                         3
    1056                      0                         2
    1057                      0                         1
    1058                      0                         3
    1059                      0                         2
    1060                      0                         2
    1061                      0                         2
    1062                      0                         1
    1063                      0                         0
    1064                      0                         0
    1065                      0                         0
    1066                      0                         0
    1067                      0                         0
    1068                      0                         0
    1069                      0                         0
    1070                      0                         1
    1071                      0                         0
    1072                      0                         1
    1073                      0                         0
    1074                      0                         0
    1075                      0                         0
    1076                      0                         0
    1077                      0                         0
    1078                      0                         0
    1079                      0                         0
    1080                      0                         0
    1081                      0                         0
    1082                      0                         3
    1083                      0                         1
    1084                      0                         2
    1085                      0                         3
    1086                      0                         2
    1087                      0                         0
    1088                      0                         0
    1089                      0                         0
    1090                      0                         0
    1091                      0                         1
    1092                      0                         2
    1093                      0                         1
    1094                      0                         1
    1095                      0                         3
    1096                      0                         1
    1097                      0                         2
    1098                      0                         1
    1099                      0                         1
    1100                      0                         3
    1101                      0                         2
    1102                      0                         2
    1103                      0                         2
    1104                      0                         2
    1105                      0                         2
    1106                      0                         2
    1107                      0                         1
    1108                      0                         2
    1109                      0                         2
    1110                      0                         2
    1111                      0                         1
    1112                      0                         2
    1113                      0                         2
    1114                      0                         2
    1115                      0                         2
    1116                      0                         3
    1117                      0                         2
    1118                      0                         1
    1119                      0                         2
    1120                      0                         2
    1121                      0                         1
    1122                      0                         0
    1123                      0                         0
    1124                      0                         0
    1125                      0                         0
    1126                      0                         0
    1127                      0                         0
    1128                      0                         0
    1129                      0                         0
    1130                      0                         1
    1131                      0                         2
    1132                      0                         2
    1133                      0                         0
    1134                      0                         0
    1135                      0                         1
    1136                      0                         2
    1137                      0                         2
    1138                      0                         0
    1139                      0                         0
    1140                      0                         0
    1141                      0                         0
    1142                      0                         0
    1143                      0                         1
    1144                      0                         2
    1145                      0                         0
    1146                      0                         2
    1147                      0                         0
    1148                      0                         0
    1149                      0                         0
    1150                      0                         0
    1151                      0                         0
    1152                      0                         0
    1153                      0                         0
    1154                      0                         0
    1155                      0                         2
    1156                      0                         0
    1157                      0                         2
    1158                      0                         0
    1159                      0                         0
    1160                      0                         0
    1161                      0                         1
    1162                      0                         0
    1163                      0                         0
    1164                      0                         0
    1165                      0                         0
    1166                      0                         0
    1167                      0                         0
    1168                      0                         0
    1169                      0                         2
    1170                      0                         1
    1171                      0                         2
    1172                      0                         3
    1173                      0                         1
    1174                      0                         0
    1175                      0                         0
    1176                      0                         0
    1177                      0                         0
    1178                      0                         0
    1179                      0                         0
    1180                      0                         0
    1181                      0                         0
    1182                      0                         2
    1183                      0                         0
    1184                      0                         0
    1185                      0                         0
    1186                      0                         0
    1187                      0                         0
    1188                      0                         1
    1189                      0                         0
    1190                      0                         1
    1191                      0                         0
    1192                      0                         0
    1193                      0                         1
    1194                      0                         1
    1195                      0                         1
    1196                      0                         0
    1197                      0                         1
    1198                      0                         1
    1199                      0                         0
    1200                      0                         0
    1201                      0                         0
    1202                      0                         0
    1203                      0                         0
    1204                      0                         0
    1205                      0                         0
    1206                      0                         0
    1207                      0                         0
    1208                      0                         0
    1209                      0                         1
    1210                      0                         0
    1211                      0                         0
    1212                      0                         0
    1213                      0                         0
    1214                      0                         0
    1215                      0                         0
    1216                      0                         0
    1217                      0                         0
    1218                      0                         1
    1219                      0                         0
    1220                      0                         0
    1221                      0                         0
    1222                      0                         0
    1223                      0                         0
    1224                      0                         1
    1225                      0                         2
    1226                      0                         1
    1227                      0                         1
    1228                      0                         0
    1229                      0                         1
    1230                      0                         1
    1231                      0                         0
    1232                      0                         1
    1233                      0                         0
    1234                      0                         0
    1235                      0                         0
    1236                      0                         0
    1237                      0                         0
    1238                      0                         0
    1239                      0                         0
    1240                      0                         1
    1241                      0                         0
    1242                      0                         0
    1243                      0                         0
    1244                      0                         0
    1245                      0                         0
    1246                      0                         0
    1247                      0                         0
    1248                      0                         0
    1249                      0                         0
    1250                      0                         0
    1251                      0                         0
    1252                      0                         0
    1253                      0                         0
    1254                      0                         0
    1255                      0                         0
    1256                      0                         0
    1257                      0                         1
    1258                      0                         0
    1259                      0                         0
    1260                      0                         0
    1261                      0                         0
    1262                      0                         1
    1263                      0                         0
    1264                      0                         0
    1265                      0                         2
    1266                      0                         0
    1267                      0                         0
    1268                      0                         0
    1269                      0                         0
    1270                      0                         0
    1271                      0                         0
    1272                      0                         0
    1273                      0                         1
    1274                      0                         0
    1275                      0                         1
    1276                      0                         1
    1277                      0                         0
    1278                      0                         0
    1279                      0                         0
    1280                      0                         0
    1281                      0                         1
    1282                      0                         1
    1283                      0                         3
    1284                      0                         0
    1285                      0                         0
    1286                      0                         0
    1287                      0                         0
    1288                      0                         0
    1289                      0                         0
    1290                      0                         2
    1291                      0                         0
    1292                      0                         0
    1293                      0                         0
    1294                      0                         0
    1295                      0                         0
    1296                      0                         0
    1297                      0                         0
    1298                      0                         0
    1299                      0                         0
    1300                      0                         0
    1301                      0                         1
    1302                      0                         0
    1303                      0                         0
    1304                      0                         0
    1305                      0                         1
    1306                      0                         1
    1307                      0                         1
    1308                      0                         1
    1309                      0                         0
    1310                      0                         0
    1311                      0                         0
    1312                      0                         0
    1313                      0                         1
    1314                      0                         0
    1315                      0                         0
    1316                      0                         0
    1317                      0                         0
    1318                      0                         0
    1319                      0                         2
    1320                      0                         0
    1321                      0                         1
    1322                      0                         1
    1323                      0                         0
    1324                      0                         0
    1325                      0                         1
    1326                      0                         2
    1327                      0                         2
    1328                      0                         1
    1329                      0                         2
    1330                      0                         2
    1331                      0                         0
    1332                      0                         0
    1333                      0                         0
    1334                      0                         0
    1335                      0                         1
    1336                      0                         0
    1337                      0                         0
    1338                      0                         0
    1339                      0                         0
    1340                      0                         1
    1341                      0                         1
    1342                      0                         0
    1343                      0                         0
    1344                      0                         2
    1345                      0                         1
    1346                      0                         0
    1347                      0                         0
    1348                      0                         0
    1349                      0                         0
    1350                      0                         0
    1351                      0                         0
    1352                      0                         0
    1353                      0                         0
    1354                      0                         1
    1355                      0                         0
    1356                      0                         0
    1357                      0                         2
    1358                      0                         2
    1359                      0                         0
    1360                      0                         1
    1361                      0                         1
    1362                      0                         1
    1363                      0                         1
    1364                      0                         0
    1365                      0                         0
    1366                      0                         2
    1367                      0                         1
    1368                      0                         0
    1369                      0                         2
    1370                      0                         2
    1371                      0                         2
    1372                      0                         0
    1373                      0                         0
    1374                      0                         0
    1375                      0                         0
    1376                      0                         0
    1377                      0                         0
    1378                      0                         0
    1379                      0                         0
    1380                      0                         0
    1381                      0                         0
    1382                      0                         0
    1383                      0                         0
    1384                      0                         0
    1385                      0                         0
    1386                      0                         0
    1387                      0                         0
    1388                      0                         0
    1389                      0                         0
    1390                      0                         0
    1391                      0                         0
    1392                      0                         0
    1393                      0                         0
    1394                      0                         0
    1395                      0                         3
    1396                      0                         0
    1397                      0                         0
    1398                      0                         4
    1399                      0                         1
    1400                      0                         0
    1401                      0                         0
    1402                      0                         0
    1403                      0                         0
    1404                      0                         0
    1405                      0                         0
    1406                      0                         0
    1407                      0                         0
    1408                      0                         0
    1409                      0                         0
    1410                      0                         0
    1411                      0                         0
    1412                      0                         3
    1413                      0                         2
    1414                      0                         3
    1415                      0                         2
    1416                      0                         2
    1417                      0                         2
    1418                      0                         2
    1419                      0                         2
    1420                      0                         2
    1421                      0                         0
    1422                      0                         1
    1423                      0                         1
    1424                      0                         1
    1425                      0                         0
    1426                      0                         0
    1427                      0                         0
    1428                      0                         0
    1429                      0                         2
    1430                      0                         2
    1431                      0                         1
    1432                      0                         1
    1433                      0                         0
    1434                      0                         0
    1435                      0                         1
    1436                      0                         0
    1437                      0                         0
    1438                      0                         0
    1439                      0                         1
    1440                      0                         2
    1441                      0                         0
    1442                      0                         2
    1443                      0                         1
    1444                      0                         3
    1445                      0                         2
    1446                      0                         2
    1447                      0                         2
    1448                      0                         1
    1449                      0                         2
    1450                      0                         2
    1451                      0                         1
    1452                      0                         0
    1453                      0                         0
    1454                      0                         0
    1455                      0                         0
    1456                      0                         0
    1457                      0                         0
    1458                      0                         0
    1459                      0                         2
    1460                      0                         0
    1461                      0                         2
    1462                      0                         2
    1463                      0                         3
    1464                      0                         3
    1465                      0                         3
    1466                      0                         2
    1467                      0                         3
    1468                      0                         3
    1469                      0                         2
    1470                      0                         1
    1471                      0                         1
    1472                      0                         2
    1473                      0                         2
    1474                      0                         2
    1475                      0                         2
    1476                      0                         0
    1477                      0                         2
    1478                      0                         3
    1479                      0                         1
    1480                      0                         2
    1481                      0                         2
    1482                      0                         1
    1483                      0                         2
    1484                      0                         0
    1485                      0                         4
    1486                      0                         2
    1487                      0                         2
    1488                      0                         3
    1489                      0                         2
    1490                      0                         2
    1491                      0                         1
    1492                      0                         2
    1493                      0                         2
    1494                      0                         2
    1495                      0                         2
    1496                      0                         2
    1497                      0                         1
    1498                      0                         0
    1499                      0                         0
    1500                      0                         1
    1501                      0                         0
    1502                      0                         0
    1503                      0                         0
    1504                      0                         0
    1505                      0                         0
    1506                      0                         1
    1507                      0                         0
    1508                      0                         0
    1509                      0                         0
    1510                      0                         0
    1511                      0                         1
    1512                      0                         0
    1513                      0                         0
    1514                      0                         0
    1515                      0                         0
    1516                      0                         0
    1517                      0                         0
    1518                      0                         0
    1519                      0                         0
    1520                      0                         0
    1521                      0                         0
    1522                      0                         0
    1523                      0                         0
    1524                      0                         1
    1525                      0                         0
    1526                      0                         2
    1527                      0                         1
    1528                      0                         3
    1529                      0                         0
    1530                      0                         2
    1531                      0                         1
    1532                      0                         1
    1533                      0                         2
    1534                      0                         2
    1535                      0                         2
    1536                      0                         1
    1537                      0                         1
    1538                      0                         0
    1539                      0                         2
    1540                      0                         2
    1541                      0                         2
    1542                      0                         3
    1543                      0                         5
    1544                      0                         2
    1545                      0                         1
    1546                      0                         1
    1547                      0                         3
    1548                      0                         2
    1549                      0                         2
    1550                      0                         2
    1551                      0                         2
    1552                      0                         1
    1553                      0                         1
    1554                      0                         2
    1555                      0                         2
    1556                      0                         2
    1557                      0                         2
    1558                      0                         3
    1559                      0                         2
    1560                      0                         1
    1561                      0                         2
    1562                      0                         1
    1563                      0                         1
    1564                      0                         2
    1565                      0                         3
    1566                      0                         1
    1567                      0                         2
    1568                      0                         2
    1569                      0                         2
    1570                      0                         2
    1571                      0                         1
    1572                      0                         2
    1573                      0                         2
    1574                      0                         1
    1575                      0                         2
    1576                      0                         1
    1577                      0                         2
    1578                      0                         3
    1579                      0                         0
    1580                      0                         2
    1581                      0                         0
    1582                      0                         2
    1583                      0                         2
    1584                      0                         2
    1585                      0                         1
    1586                      0                         3
    1587                      0                         2
    1588                      0                         1
    1589                      0                         2
    1590                      0                         1
    1591                      0                         0
    1592                      0                         1
    1593                      0                         2
    1594                      0                         2
    1595                      0                         2
    1596                      0                         2
    1597                      0                         2
    1598                      0                         2
    1599                      0                         0
    1600                      0                         2
    1601                      0                         2
    1602                      0                         2
    1603                      0                         2
    1604                      0                         2
    1605                      0                         2
    1606                      0                         2
    1607                      0                         2
    1608                      0                         1
    1609                      0                         1
    1610                      0                         0
    1611                      0                         2
    1612                      0                         1
    1613                      0                         1
    1614                      0                         2
    1615                      0                         2
    1616                      0                         0
    1617                      0                         0
    1618                      0                         0
    1619                      0                         1
    1620                      0                         2
    1621                      0                         1
    1622                      0                         3
    1623                      0                         2
    1624                      0                         2
    1625                      0                         2
    1626                      0                         3
    1627                      0                         3
    1628                      0                         3
    1629                      0                         2
    1630                      0                         2
    1631                      0                         2
    1632                      0                         3
    1633                      0                         2
    1634                      0                         1
    1635                      0                         3
    1636                      0                         2
    1637                      0                         2
    1638                      0                         3
    1639                      0                         2
    1640                      0                         0
    1641                      0                         3
    1642                      0                         2
    1643                      0                         3
    1644                      0                         1
    1645                      0                         2
    1646                      0                         2
    1647                      0                         2
    1648                      0                         2
    1649                      0                         2
    1650                      0                         2
    1651                      0                         1
    1652                      0                         2
    1653                      0                         2
    1654                      0                         2
    1655                      0                         2
    1656                      0                         3
    1657                      0                         3
    1658                      0                         2
    1659                      0                         3
    1660                      0                         2
    1661                      0                         2
    1662                      0                         4
    1663                      0                         2
    1664                      0                         1
    1665                      0                         2
    1666                      0                         1
    1667                      0                         3
    1668                      0                         2
    1669                      0                         4
    1670                      0                         4
    1671                      0                         1
    1672                      0                         2
    1673                      0                         2
    1674                      0                         2
    1675                      0                         2
    1676                      0                         3
    1677                      0                         2
    1678                      0                         2
    1679                      0                         3
    1680                      0                         2
    1681                      0                         1
    1682                      0                         2
    1683                      0                         2
    1684                      0                         2
    1685                      0                         3
    1686                      0                         3
    1687                      0                         3
    1688                      0                         3
    1689                      0                         1
    1690                      0                         1
    1691                      0                         0
    1692                      0                         0
    1693                      0                         2
    1694                      0                         3
    1695                      0                         2
    1696                      0                         4
    1697                      0                         2
    1698                      0                         2
    1699                      0                         1
    1700                      0                         1
    1701                      0                         3
    1702                      0                         2
    1703                      0                         2
    1704                      0                         0
    1705                      0                         1
    1706                      0                         3
    1707                      0                         3
    1708                      0                         3
    1709                      0                         2
    1710                      0                         4
    1711                      0                         4
    1712                      0                         3
    1713                      0                         4
    1714                      0                         2
    1715                      0                         2
    1716                      0                         1
    1717                      0                         2
    1718                      0                         1
    1719                      0                         3
    1720                      0                         0
    1721                      0                         0
    1722                      0                         2
    1723                      0                         2
    1724                      0                         2
    1725                      0                         3
    1726                      0                         0
    1727                      0                         2
    1728                      0                         4
    1729                      0                         2
    1730                      0                         0
    1731                      0                         2
    1732                      0                         2
    1733                      0                         2
    1734                      0                         2
    1735                      0                         1
    1736                      0                         2
    1737                      0                         2
    1738                      0                         2
    1739                      0                         3
    1740                      0                         3
    1741                      0                         2
    1742                      0                         2
    1743                      0                         2
    1744                      0                         2
    1745                      0                         2
    1746                      0                         4
    1747                      0                         3
    1748                      0                         3
    1749                      0                         1
    1750                      0                         2
    1751                      0                         1
    1752                      0                         1
    1753                      0                         1
    1754                      0                         3
    1755                      0                         3
    1756                      0                         2
    1757                      0                         1
    1758                      0                         3
    1759                      0                         1
    1760                      0                         1
    1761                      0                         2
    1762                      0                         3
    1763                      0                         2
    1764                      0                         2
    1765                      0                         1
    1766                      0                         2
    1767                      0                         3
    1768                      0                         2
    1769                      0                         5
    1770                      0                         1
    1771                      0                         3
    1772                      0                         3
    1773                      0                         1
    1774                      0                         3
    1775                      0                         2
    1776                      0                         2
    1777                      0                         2
    1778                      0                         3
    1779                      0                         1
    1780                      0                         1
    1781                      0                         1
    1782                      0                         0
    1783                      0                         2
    1784                      0                         0
    1785                      0                         4
    1786                      0                         3
    1787                      0                         4
    1788                      0                         3
    1789                      0                         3
    1790                      0                         3
    1791                      0                         3
    1792                      0                         2
    1793                      0                         5
    1794                      0                         3
    1795                      0                         3
    1796                      0                         2
    1797                      0                         2
    1798                      0                         1
    1799                      0                         2
    1800                      0                         1
    1801                      0                         1
    1802                      0                         2
    1803                      0                         4
    1804                      0                         1
    1805                      0                         0
    1806                      0                         1
    1807                      0                         1
    1808                      0                         1
    1809                      0                         6
    1810                      0                         2
    1811                      0                         2
    1812                      0                         2
    1813                      0                         1
    1814                      0                         1
    1815                      0                         2
    1816                      0                         2
    1817                      0                         2
    1818                      0                         0
    1819                      0                         1
    1820                      0                         2
    1821                      0                         2
    1822                      0                         3
    1823                      0                         4
    1824                      0                         2
    1825                      0                         2
    1826                      0                         2
    1827                      0                         2
    1828                      0                         3
    1829                      0                         1
    1830                      0                         2
    1831                      0                         2
    1832                      0                         2
    1833                      0                         3
    1834                      0                         1
    1835                      0                         2
    1836                      0                         3
    1837                      0                         1
    1838                      0                         2
    1839                      0                         2
    1840                      0                         2
    1841                      0                         2
    1842                      0                         2
    1843                      0                         3
    1844                      0                         2
    1845                      0                         2
    1846                      0                         2
    1847                      0                         2
    1848                      0                         0
    1849                      0                         2
    1850                      0                         2
    1851                      0                         2
    1852                      0                         2
    1853                      0                         1
    1854                      0                         2
    1855                      0                         3
    1856                      0                         2
    1857                      0                         2
    1858                      0                         2
    1859                      0                         2
    1860                      0                         0
    1861                      0                         2
    1862                      0                         0
    1863                      0                         1
    1864                      0                         2
    1865                      0                         3
    1866                      0                         1
    1867                      0                         2
    1868                      0                         2
    1869                      0                         0
    1870                      0                         0
    1871                      0                         0
    1872                      0                         1
    1873                      0                         2
    1874                      0                         1
    1875                      0                         3
    1876                      0                         2
    1877                      0                         0
    1878                      0                         2
    1879                      0                         2
    1880                      0                         2
    1881                      0                         2
    1882                      0                         2
    1883                      0                         3
    1884                      0                         2
    1885                      0                         3
    1886                      0                         2
    1887                      0                         1
    1888                      0                         2
    1889                      0                         3
    1890                      0                         3
    1891                      0                         2
    1892                      0                         3
    1893                      0                         2
    1894                      0                         2
    1895                      0                         2
    1896                      0                         0
    1897                      0                         1
    1898                      0                         2
    1899                      0                         2
    1900                      0                         2
    1901                      0                         3
    1902                      0                         2
    1903                      0                         2
    1904                      0                         3
    1905                      0                         2
    1906                      0                         2
    1907                      0                         2
    1908                      0                         2
    1909                      0                         0
    1910                      0                         1
    1911                      0                         2
    1912                      0                         2
    1913                      0                         1
    1914                      0                         2
    1915                      0                         2
    1916                      0                         3
    1917                      0                         2
    1918                      0                         2
    1919                      0                         2
    1920                      0                         1
    1921                      0                         1
    1922                      0                         1
    1923                      0                         2
    1924                      0                         2
    1925                      0                         2
    1926                      0                         2
    1927                      0                         1
    1928                      0                         3
    1929                      0                         2
    1930                      0                         2
    1931                      0                         2
    1932                      0                         3
    1933                      0                         2
    1934                      0                         2
    1935                      0                         3
    1936                      0                         2
    1937                      0                         1
    1938                      0                         2
    1939                      0                         2
    1940                      0                         2
    1941                      0                         3
    1942                      0                         3
    1943                      0                         2
    1944                      0                         2
    1945                      0                         2
    1946                      0                         1
    1947                      0                         3
    1948                      0                         3
    1949                      0                         2
    1950                      0                         2
    1951                      0                         2
    1952                      0                         2
    1953                      0                         2
    1954                      0                         2
    1955                      0                         1
    1956                      0                         2
    1957                      0                         2
    1958                      0                         2
    1959                      0                         2
    1960                      0                         2
    1961                      0                         2
    1962                      0                         2
    1963                      0                         2
    1964                      0                         3
    1965                      0                         2
    1966                      0                         0
    1967                      0                         0
    1968                      0                         2
    1969                      0                         2
    1970                      0                         3
    1971                      0                         3
    1972                      0                         2
    1973                      0                         1
    1974                      0                         2
    1975                      0                         3
    1976                      0                         2
    1977                      0                         1
    1978                      0                         3
    1979                      0                         0
    1980                      0                         3
    1981                      0                         3
    1982                      0                         3
    1983                      0                         1
    1984                      0                         2
    1985                      0                         2
    1986                      0                         5
    1987                      0                         1
    1988                      0                         0
    1989                      0                         1
    1990                      0                         0
    1991                      0                         3
    1992                      0                         2
    1993                      0                         1
    1994                      0                         2
    1995                      0                         2
    1996                      0                         2
    1997                      0                         3
    1998                      0                         2
    1999                      0                         2
    2000                      0                         1
    2001                      0                         2
    2002                      0                         3
    2003                      0                         2
    2004                      0                         1
    2005                      0                         2
    2006                      0                         0
    2007                      0                         1
    2008                      0                         2
    2009                      0                         1
    2010                      0                         0
    2011                      0                         0
    2012                      0                         0
    2013                      0                         0
    2014                      0                         0
    2015                      0                         3
    2016                      0                         2
    2017                      0                         3
    2018                      0                         1
    2019                      0                         3
    2020                      0                         3
    2021                      0                         3
    2022                      0                         5
    2023                      0                         2
    2024                      0                         2
    2025                      0                         2
    2026                      0                         2
    2027                      0                         2
    2028                      0                         3
    2029                      0                         1
    2030                      0                         2
    2031                      0                         2
    2032                      0                         2
    2033                      0                         2
    2034                      0                         2
    2035                      0                         2
    2036                      0                         1
    2037                      0                         2
    2038                      0                         2
    2039                      0                         1
    2040                      0                         1
    2041                      0                         3
    2042                      0                         2
    2043                      0                         3
    2044                      0                         3
    2045                      0                         3
    2046                      0                         2
    2047                      0                         1
    2048                      0                         1
    2049                      0                         1
    2050                      0                         2
    2051                      0                         2
    2052                      0                         2
    2053                      0                         3
    2054                      0                         5
    2055                      0                         1
    2056                      0                         0
    2057                      0                         0
    2058                      0                         2
    2059                      0                         1
    2060                      0                         1
    2061                      0                         2
    2062                      0                         2
    2063                      0                         1
    2064                      0                         3
    2065                      0                         3
    2066                      0                         1
    2067                      0                         2
    2068                      0                         2
    2069                      0                         2
    2070                      0                         3
    2071                      0                         3
    2072                      0                         2
    2073                      0                         1
    2074                      0                         3
    2075                      0                         3
    2076                      0                         2
    2077                      0                         2
    2078                      0                         2
    2079                      0                         1
    2080                      0                         2
    2081                      0                         1
    2082                      0                         2
    2083                      0                         2
    2084                      0                         3
    2085                      0                         3
    2086                      0                         1
    2087                      0                         3
    2088                      0                         1
    2089                      0                         2
    2090                      0                         1
    2091                      0                         2
    2092                      0                         2
    2093                      0                         0
    2094                      0                         5
    2095                      0                         0
    2096                      0                         2
    2097                      0                         2
    2098                      0                         2
    2099                      0                         3
    2100                      0                         3
    2101                      0                         1
    2102                      0                         1
    2103                      0                         2
    2104                      0                         2
    2105                      0                         2
    2106                      0                         2
    2107                      0                         2
    2108                      0                         2
    2109                      0                         1
    2110                      0                         2
    2111                      0                         2
    2112                      0                         2
    2113                      0                         3
    2114                      0                         3
    2115                      0                         2
    2116                      0                         0
    2117                      0                         1
    2118                      0                         3
    2119                      0                         2
    2120                      0                         2
    2121                      0                         1
    2122                      0                         1
    2123                      0                         2
    2124                      0                         2
    2125                      0                         2
    2126                      0                         2
    2127                      0                         1
    2128                      0                         2
    2129                      0                         2
    2130                      0                         2
    2131                      0                         2
    2132                      0                         1
    2133                      0                         2
    2134                      0                         3
    2135                      0                         3
    2136                      0                         3
    2137                      0                         2
    2138                      0                         2
    2139                      0                         2
    2140                      0                         2
    2141                      0                         0
    2142                      0                         2
    2143                      0                         2
    2144                      0                         3
    2145                      0                         2
    2146                      0                         1
    2147                      0                         0
    2148                      0                         1
    2149                      0                         0
    2150                      0                         0
    2151                      0                         0
    2152                      0                         0
    2153                      0                         1
    2154                      0                         2
    2155                      0                         1
    2156                      0                         0
    2157                      0                         2
    2158                      0                         0
    2159                      0                         2
    2160                      0                         2
    2161                      0                         0
    2162                      0                         2
    2163                      0                         2
    2164                      0                         2
    2165                      0                         2
    2166                      0                         0
    2167                      0                         0
    2168                      0                         0
    2169                      0                         0
    2170                      0                         0
    2171                      0                         0
    2172                      0                         0
    2173                      0                         0
    2174                      0                         0
    2175                      0                         0
    2176                      0                         0
    2177                      0                         0
    2178                      0                         0
    2179                      0                         0
    2180                      0                         0
    2181                      0                         0
    2182                      0                         0
    2183                      0                         0
    2184                      0                         0
    2185                      0                         0
    2186                      0                         2
    2187                      0                         0
    2188                      0                         1
    2189                      0                         0
    2190                      0                         2
    2191                      0                         2
    2192                      0                         4
    2193                      0                         2
    2194                      0                         3
    2195                      0                         3
    2196                      0                         5
    2197                      0                         5
    2198                      0                         2
    2199                      0                         5
    2200                      0                         2
    2201                      0                         4
    2202                      0                         2
    2203                      0                         4
    2204                      0                         2
    2205                      0                         2
    2206                      0                         2
    2207                      0                         2
    2208                      0                         2
    2209                      0                         0
    2210                      0                         2
    2211                      0                         0
    2212                      0                         2
    2213                      0                         1
    2214                      0                         2
    2215                      0                         2
    2216                      0                         3
    2217                      0                         2
    2218                      0                         0
    2219                      0                         3
    2220                      0                         2
    2221                      0                         2
    2222                      0                         2
    2223                      0                         4
    2224                      0                         2
    2225                      0                         5
    2226                      0                         2
    2227                      0                         2
    2228                      0                         2
    2229                      0                         2
    2230                      0                         1
    2231                      0                         3
    2232                      0                         1
    2233                      0                         2
    2234                      0                         2
    2235                      0                         0
    2236                      0                         2
    2237                      0                         3
    2238                      0                         2
    2239                      0                         0
    2240                      0                         0
    2241                      0                         2
    2242                      0                         2
    2243                      0                         0
    2244                      0                         7
    2245                      0                         2
    2246                      0                         0
    2247                      0                         3
    2248                      0                         1
    2249                      0                         0
    2250                      0                         0
    2251                      0                         2
    2252                      0                         1
    2253                      0                         1
    2254                      0                         2
    2255                      0                         1
    2256                      0                         1
    2257                      0                         0
    2258                      0                         2
    2259                      0                         1
    2260                      0                         0
    2261                      0                         1
    2262                      0                         0
    2263                      0                         0
    2264                      0                         1
    2265                      0                         3
    2266                      0                         1
    2267                      0                         1
    2268                      0                         2
    2269                      0                         1
    2270                      0                         0
    2271                      0                         1
    2272                      0                         2
    2273                      0                         3
    2274                      0                         1
    2275                      0                         1
    2276                      0                         0
    2277                      0                         0
    2278                      0                         0
    2279                      0                         0
    2280                      0                         0
    2281                      0                         0
    2282                      0                         1
    2283                      0                         0
    2284                      0                         0
    2285                      0                         0
    2286                      0                         0
    2287                      0                         0
    2288                      0                         0
    2289                      0                         0
    2290                      0                         1
    2291                      0                         0
    2292                      0                         0
    2293                      0                         1
    2294                      0                         1
    2295                      0                         0
    2296                      0                         0
    2297                      0                         0
    2298                      0                         0
    2299                      0                         0
    2300                      0                         0
    2301                      0                         0
    2302                      0                         0
    2303                      0                         0
    2304                      0                         0
    2305                      0                         0
    2306                      0                         0
    2307                      0                         0
    2308                      0                         0
    2309                      0                         0
    2310                      0                         0
    2311                      0                         2
    2312                      0                         2
    2313                      0                         2
    2314                      0                         0
    2315                      0                         0
    2316                      0                         0
    2317                      0                         0
    2318                      0                         0
    2319                      0                         0
    2320                      0                         0
    2321                      0                         0
    2322                      0                         0
    2323                      0                         0
    2324                      0                         0
    2325                      0                         1
    2326                      0                         0
    2327                      0                         0
    2328                      0                         0
    2329                      0                         0
    2330                      0                         0
    2331                      0                         0
    2332                      0                         0
    2333                      0                         0
    2334                      0                         0
    2335                      0                         0
    2336                      0                         0
    2337                      0                         0
    2338                      0                         0
    2339                      0                         0
    2340                      0                         0
    2341                      0                         0
    2342                      0                         0
    2343                      0                         0
    2344                      0                         0
    2345                      0                         0
    2346                      0                         0
    2347                      0                         0
    2348                      0                         0
    2349                      0                         0
    2350                      0                         0
    2351                      0                         0
    2352                      0                         0
    2353                      0                         0
    2354                      0                         0
    2355                      0                         0
    2356                      0                         0
    2357                      0                         0
    2358                      0                         0
    2359                      0                         0
    2360                      0                         0
    2361                      0                         0
    2362                      0                         0
    2363                      0                         0
    2364                      0                         0
    2365                      0                         0
    2366                      0                         0
    2367                      0                         0
    2368                      0                         0
    2369                      0                         0
    2370                      0                         0
    2371                      0                         0
    2372                      0                         0
    2373                      0                         0
    2374                      0                         0
    2375                      0                         0
    2376                      0                         0
    2377                      0                         0
    2378                      0                         0
    2379                      0                         0
    2380                      0                         0
    2381                      0                         0
    2382                      0                         0
    2383                      0                         0
    2384                      0                         0
    2385                      0                         0
    2386                      0                         0
    2387                      0                         0
    2388                      0                         0
    2389                      0                         0
    2390                      0                         0
    2391                      0                         0
    2392                      0                         0
    2393                      0                         0
    2394                      0                         0
    2395                      0                         0
    2396                      0                         0
    2397                      0                         0
    2398                      0                         0
    2399                      0                         0
    2400                      0                         0
    2401                      0                         0
    2402                      0                         0
    2403                      0                         0
    2404                      0                         0
    2405                      0                         0
    2406                      0                         0
    2407                      0                         0
    2408                      0                         0
    2409                      0                         0
    2410                      0                         0
    2411                      0                         0
    2412                      0                         0
    2413                      0                         0
    2414                      0                         0
    2415                      0                         0
    2416                      0                         0
    2417                      0                         0
    2418                      0                         0
    2419                      0                         0
    2420                      0                         0
    2421                      0                         2
    2422                      0                         2
    2423                      0                         2
    2424                      0                         2
    2425                      0                         2
    2426                      0                         2
    2427                      0                         2
    2428                      0                         2
    2429                      0                         1
    2430                      0                         2
    2431                      0                         1
    2432                      0                         2
    2433                      0                         3
    2434                      0                         2
    2435                      0                         3
    2436                      0                         2
    2437                      0                         1
    2438                      0                         1
    2439                      0                         2
    2440                      0                         1
    2441                      0                         3
    2442                      0                         1
    2443                      0                         2
    2444                      0                         0
    2445                      0                         0
    2446                      0                         1
    2447                      0                         0
    2448                      0                         1
    2449                      0                         1
    2450                      0                         2
    2451                      0                         0
    2452                      0                         0
    2453                      0                         0
    2454                      0                         2
    2455                      0                         0
    2456                      0                         2
    2457                      0                         1
    2458                      0                         1
    2459                      0                         0
    2460                      0                         0
    2461                      0                         2
    2462                      0                         2
    2463                      0                         1
    2464                      0                         2
    2465                      0                         3
    2466                      0                         3
    2467                      0                         1
    2468                      0                         1
    2469                      0                         2
    2470                      0                         1
    2471                      0                         2
    2472                      0                         2
    2473                      0                         2
    2474                      0                         2
    2475                      0                         2
    2476                      0                         3
    2477                      0                         1
    2478                      0                         2
    2479                      0                         2
    2480                      0                         2
    2481                      0                         1
    2482                      0                         0
    2483                      0                         0
    2484                      0                         1
    2485                      0                         1
    2486                      0                         0
    2487                      0                         1
    2488                      0                         0
    2489                      0                         0
    2490                      0                         0
    2491                      0                         0
    2492                      0                         0
    2493                      0                         1
    2494                      0                         2
    2495                      0                         2
    2496                      0                         0
    2497                      0                         2
    2498                      0                         2
    2499                      0                         2
    2500                      0                         0
    2501                      0                         2
    2502                      0                         2
    2503                      0                         2
    2504                      0                         0
    2505                      0                         0
    2506                      0                         0
    2507                      0                         0
    2508                      0                         0
    2509                      0                         0
    2510                      0                         0
    2511                      0                         0
    2512                      0                         0
    2513                      0                         0
    2514                      0                         2
    2515                      0                         1
    2516                      0                         2
    2517                      0                         2
    2518                      0                         2
    2519                      0                         2
    2520                      0                         0
    2521                      0                         2
    2522                      0                         3
    2523                      0                         1
    2524                      0                         2
    2525                      0                         2
    2526                      0                         2
    2527                      0                         2
    2528                      0                         2
    2529                      0                         3
    2530                      0                         1
    2531                      0                         2
    2532                      0                         2
    2533                      0                         2
    2534                      0                         3
    2535                      0                         0
    2536                      0                         2
    2537                      0                         2
    2538                      0                         1
    2539                      0                         2
    2540                      0                         2
    2541                      0                         2
    2542                      0                         2
    2543                      0                         2
    2544                      0                         0
    2545                      0                         2
    2546                      0                         2
    2547                      0                         2
    2548                      0                         1
    2549                      0                         2
    2550                      0                         2
    2551                      0                         2
    2552                      0                         2
    2553                      0                         1
    2554                      0                         2
    2555                      0                         2
    2556                      0                         0
    2557                      0                         0
    2558                      0                         0
    2559                      0                         0
    2560                      0                         0
    2561                      0                         0
    2562                      0                         0
    2563                      0                         0
    2564                      0                         0
    2565                      0                         2
    2566                      0                         2
    2567                      0                         0
    2568                      0                         1
    2569                      0                         1
    2570                      0                         1
    2571                      0                         3
    2572                      0                         2
    2573                      0                         3
    2574                      0                         3
    2575                      0                         2
    2576                      0                         2
    2577                      0                         1
    2578                      0                         1
    2579                      0                         2
    2580                      0                         2
    2581                      0                         1
    2582                      0                         1
    2583                      0                         1
    2584                      0                         1
    2585                      0                         1
    2586                      0                         2
    2587                      0                         2
    2588                      0                         2
    2589                      0                         2
    2590                      0                         1
    2591                      0                         2
    2592                      0                         1
    2593                      0                         3
    2594                      0                         2
    2595                      0                         2
    2596                      0                         1
    2597                      0                         0
    2598                      0                         0
    2599                      0                         2
    2600                      0                         0
    2601                      0                         0
    2602                      0                         0
    2603                      0                         1
    2604                      0                         0
    2605                      0                         0
    2606                      0                         0
    2607                      0                         2
    2608                      0                         2
    2609                      0                         2
    2610                      0                         1
    2611                      0                         6
    2612                      0                         6
    2613                      0                         2
    2614                      0                         4
    2615                      0                         3
    2616                      0                         2
    2617                      0                         3
    2618                      0                         2
    2619                      0                         1
    2620                      0                         0
    2621                      0                         3
    2622                      0                         3
    2623                      0                         3
    2624                      0                         3
    2625                      0                         2
    2626                      0                         1
    2627                      0                         3
    2628                      0                         1
    2629                      0                         1
    2630                      0                         2
    2631                      0                         1
    2632                      0                         2
    2633                      0                         2
    2634                      0                         2
    2635                      0                         7
    2636                      0                         0
    2637                      0                         0
    2638                      0                         2
    2639                      0                         2
    2640                      0                         1
    2641                      0                         2
    2642                      0                         0
    2643                      0                         2
    2644                      0                         2
    2645                      0                         2
    2646                      0                         0
    2647                      0                         1
    2648                      0                         1
    2649                      0                         2
    2650                      0                         2
    2651                      0                         3
    2652                      0                         3
    2653                      0                         3
    2654                      0                         2
    2655                      0                         2
    2656                      0                         2
    2657                      0                         2
    2658                      0                         2
    2659                      0                         0
    2660                      0                         2
    2661                      0                         0
    2662                      0                         3
    2663                      0                         2
    2664                      0                         2
    2665                      0                         2
    2666                      0                         2
    2667                      0                         3
    2668                      0                         0
    2669                      0                         0
    2670                      0                         0
    2671                      0                         1
    2672                      0                         2
    2673                      0                         0
    2674                      0                         2
    2675                      0                         0
    2676                      0                         1
    2677                      0                         2
    2678                      0                         2
    2679                      0                         2
    2680                      0                         2
    2681                      0                         3
    2682                      0                         1
    2683                      0                         2
    2684                      0                         2
    2685                      0                         2
    2686                      0                         1
    2687                      0                         3
    2688                      0                         2
    2689                      0                         2
    2690                      0                         3
    2691                      0                         1
    2692                      0                         3
    2693                      0                         3
    2694                      0                         1
    2695                      0                         2
    2696                      0                         3
    2697                      0                         2
    2698                      0                         2
    2699                      0                         2
    2700                      0                         1
    2701                      0                         2
    2702                      0                         0
    2703                      0                         0
    2704                      0                         1
    2705                      0                         1
    2706                      0                         1
    2707                      0                         0
    2708                      0                         1
    2709                      0                         0
    2710                      0                         0
    2711                      0                         3
    2712                      0                         1
    2713                      0                         3
    2714                      0                         0
    2715                      0                         2
    2716                      0                         0
    2717                      0                         1
    2718                      0                         2
    2719                      0                         2
    2720                      0                         0
    2721                      0                         0
    2722                      0                         4
    2723                      0                         0
    2724                      0                         3
    2725                      0                         1
    2726                      0                         1
    2727                      0                         1
    2728                      0                         1
    2729                      0                         0
    2730                      0                         3
    2731                      0                         1
    2732                      0                         1
    2733                      0                         2
    2734                      0                         2
    2735                      0                         0
    2736                      0                         1
    2737                      0                         1
    2738                      0                         0
    2739                      0                         0
    2740                      0                         0
    2741                      0                         0
    2742                      0                         0
    2743                      0                         1
    2744                      0                         0
    2745                      0                         1
    2746                      0                         0
    2747                      0                         0
    2748                      0                         0
    2749                      0                         0
    2750                      0                         0
    2751                      0                         0
    2752                      0                         0
    2753                      0                         0
    2754                      0                         0
    2755                      0                         0
    2756                      0                         0
    2757                      0                         0
    2758                      0                         0
    2759                      0                         0
    2760                      0                         0
    2761                      0                         0
    2762                      0                         0
    2763                      0                         0
    2764                      0                         0
    2765                      0                         0
    2766                      0                         0
    2767                      0                         0
    2768                      0                         0
    2769                      0                         0
    2770                      0                         0
    2771                      0                         0
    2772                      0                         0
    2773                      0                         0
    2774                      0                         0
    2775                      0                         0
    2776                      0                         0
    2777                      0                         0
    2778                      0                         0
    2779                      0                         0
    2780                      0                         0
    2781                      0                         0
    2782                      0                         0
    2783                      0                         0
    2784                      0                         0
    2785                      0                         0
    2786                      0                         1
    2787                      0                         0
    2788                      0                         0
    2789                      0                         0
    2790                      0                         0
    2791                      0                         1
    2792                      0                         1
    2793                      0                         1
    2794                      0                         0
    2795                      0                         2
    2796                      0                         2
    2797                      0                         2
    2798                      0                         2
    2799                      0                         2
    2800                      0                         2
    2801                      0                         2
    2802                      0                         2
    2803                      0                         4
    2804                      0                         0
    2805                      0                         0
    2806                      0                         0
    2807                      0                         2
    2808                      0                         0
    2809                      0                         2
    2810                      0                         2
    2811                      0                         1
    2812                      0                         2
    2813                      0                         2
    2814                      0                         0
    2815                      0                         0
    2816                      0                         0
    2817                      0                         1
    2818                      0                         0
    2819                      0                         0
    2820                      0                         1
    2821                      0                         2
    2822                      0                         0
    2823                      0                         3
    2824                      0                         1
    2825                      0                         1
    2826                      0                         0
    2827                      0                         0
    2828                      0                         0
    2829                      0                         0
    2830                      0                         0
    2831                      0                         0
    2832                      0                         0
    2833                      0                         2
    2834                      0                         0
    2835                      0                         2
    2836                      0                         0
    2837                      0                         2
    2838                      0                         0
    2839                      0                         0
    2840                      0                         2
    2841                      0                         1
    2842                      0                         2
    2843                      0                         2
    2844                      0                         0
    2845                      0                         2
    2846                      0                         0
    2847                      0                         2
    2848                      0                         2
    2849                      0                         2
    2850                      0                         3
    2851                      0                         2
    2852                      0                         2
    2853                      0                         0
    2854                      0                         0
    2855                      0                         0
    2856                      0                         0
    2857                      0                         1
    2858                      0                         1
    2859                      0                         2
    2860                      0                         2
    2861                      0                         2
    2862                      0                         2
    2863                      0                         2
    2864                      0                         2
    2865                      0                         1
    2866                      0                         0
    2867                      0                         1
    2868                      0                         1
    2869                      0                         0
    2870                      0                         0
    2871                      0                         2
    2872                      0                         2
    2873                      0                         1
    2874                      0                         0
    2875                      0                         0
    2876                      0                         0
    2877                      0                         0
    2878                      0                         0
    2879                      0                         0
    2880                      0                         0
    2881                      0                         1
    2882                      0                         0
    2883                      0                         0
    2884                      0                         0
    2885                      0                         1
    2886                      0                         1
    2887                      0                         2
    2888                      0                         2
    2889                      0                         0
    2890                      0                         2
    2891                      0                         2
    2892                      0                         2
    2893                      0                         3
    2894                      0                         2
    2895                      0                         3
    2896                      0                         3
    2897                      0                         4
    2898                      0                         3
    2899                      0                         2
    2900                      0                         2
    2901                      0                         2
    2902                      0                         4
    2903                      0                         4
    2904                      0                         3
    2905                      0                         2
    2906                      0                         3
    2907                      0                         2
    2908                      0                         2
    2909                      0                         2
    2910                      0                         2
    2911                      0                         2
    2912                      0                         4
    2913                      0                         4
    2914                      0                         4
    2915                      0                         1
    2916                      0                         2
    2917                      0                         1
    2918                      0                         2
    2919                      0                         3
    2920                      0                         1
    2921                      0                         1
    2922                      0                         2
    2923                      0                         2
    2924                      0                         2
    2925                      0                         1
    2926                      0                         1
    2927                      0                         1
    2928                      0                         2
    2929                      0                         2
    2930                      0                         2
    2931                      0                         2
    2932                      0                         3
    2933                      0                         2
    2934                      0                         3
    2935                      0                         2
    2936                      0                         2
    2937                      0                         3
    2938                      0                         2
    2939                      0                         1
    2940                      0                         1
    2941                      0                         1
    2942                      0                         3
    2943                      0                         2
    2944                      0                         1
    2945                      0                         1
    2946                      0                         1
    2947                      0                         2
    2948                      0                         4
    2949                      0                         2
    2950                      0                         1
    2951                      0                         4
    2952                      0                         2
    2953                      0                         2
    2954                      0                         1
    2955                      0                         2
    2956                      0                         4
    2957                      0                         1
    2958                      0                         2
    2959                      0                         1
    2960                      0                         2
    2961                      0                         2
    2962                      0                         2
    2963                      0                         2
    2964                      0                         2
    2965                      0                         2
    2966                      0                         2
    2967                      0                         2
    2968                      0                         2
    2969                      0                         2
    2970                      0                         2
    2971                      0                         2
    2972                      0                         2
    2973                      0                         2
    2974                      0                         2
    2975                      0                         2
    2976                      0                         2
    2977                      0                         2
    2978                      0                         1
    2979                      0                         1
    2980                      0                         1
    2981                      0                         2
    2982                      0                         2
    2983                      0                         1
    2984                      0                         2
    2985                      0                         1
    2986                      0                         2
    2987                      0                         3
    2988                      0                         3
    2989                      0                         1
    2990                      0                         2
    2991                      0                         1
    2992                      0                         2
    2993                      0                         0
    2994                      0                         2
    2995                      0                         0
    2996                      0                         0
    2997                      0                         0
    2998                      0                         2
    2999                      0                         1
    3000                      0                         0
    3001                      0                         1
    3002                      0                         0
    3003                      0                         0
    3004                      0                         0
    3005                      0                         0
    3006                      0                         0
    3007                      0                         1
    3008                      0                         1
    3009                      0                         2
    3010                      0                         2
    3011                      0                         1
    3012                      0                         1
    3013                      0                         1
    3014                      0                         0
    3015                      0                         1
    3016                      0                         1
    3017                      0                         1
    3018                      0                         0
    3019                      0                         1
    3020                      0                         0
    3021                      0                         1
    3022                      0                         0
    3023                      0                         2
    3024                      0                         0
    3025                      0                         0
    3026                      0                         0
    3027                      0                         0
    3028                      0                         0
    3029                      0                         0
    3030                      0                         0
    3031                      0                         0
    3032                      0                         0
    3033                      0                         0
    3034                      0                         0
    3035                      0                         0
    3036                      0                         0
    3037                      0                         0
    3038                      0                         0
    3039                      0                         0
    3040                      0                         0
    3041                      0                         0
    3042                      0                         0
    3043                      0                         0
    3044                      0                         0
    3045                      0                         0
    3046                      0                         0
    3047                      0                         0
    3048                      0                         2
    3049                      0                         0
    3050                      0                         0
    3051                      0                         2
    3052                      0                         0
    3053                      0                         0
    3054                      0                         0
    3055                      0                         0
    3056                      0                         2
    3057                      0                         2
    3058                      0                         0
    3059                      0                         1
    3060                      0                         2
    3061                      0                         1
    3062                      0                         2
    3063                      0                         1
    3064                      0                         2
    3065                      0                         0
    3066                      0                         0
    3067                      0                         1
    3068                      0                         1
    3069                      0                         0
    3070                      0                         1
    3071                      0                         2
    3072                      0                         2
    3073                      0                         3
    3074                      0                         2
    3075                      0                         0
    3076                      0                         1
    3077                      0                         2
    3078                      0                         2
    3079                      0                         2
    3080                      0                         1
    3081                      0                         1
    3082                      0                         1
    3083                      0                         2
    3084                      0                         0
    3085                      0                         0
    3086                      0                         0
    3087                      0                         2
    3088                      0                         0
    3089                      0                         0
    3090                      0                         0
    3091                      0                         0
    3092                      0                         0
    3093                      0                         0
    3094                      0                         0
    3095                      0                         0
    3096                      0                         0
    3097                      0                         1
    3098                      0                         0
    3099                      0                         2
    3100                      0                         2
    3101                      0                         2
    3102                      0                         2
    3103                      0                         2
    3104                      0                         2
    3105                      0                         3
    3106                      0                         4
    3107                      0                         4
    3108                      0                         2
    3109                      0                         2
    3110                      0                         2
    3111                      0                         2
    3112                      0                         2
    3113                      0                         4
    3114                      0                         2
    3115                      0                         6
    3116                      0                         6
    3117                      0                         6
    3118                      0                         6
    3119                      0                         7
    3120                      0                         1
    3121                      0                         4
    3122                      0                         5
    3123                      0                         7
    3124                      0                         4
    3125                      0                         7
    3126                      0                         4
    3127                      0                         5
    3128                      0                         6
    3129                      0                         6
    3130                      0                         2
    3131                      0                         2
    3132                      0                         1
    3133                      0                         1
    3134                      0                         1
    3135                      0                         1
    3136                      0                         2
    3137                      0                         2
    3138                      0                         2
    3139                      0                         1
    3140                      0                         2
    3141                      0                         2
    3142                      0                         2
    3143                      0                         0
    3144                      0                         3
    3145                      0                         1
    3146                      0                         5
    3147                      0                         3
    3148                      0                         2
    3149                      0                         1
    3150                      0                         2
    3151                      0                         2
    3152                      0                         2
    3153                      0                         4
    3154                      0                         4
    3155                      0                         3
    3156                      0                         3
    3157                      0                         3
    3158                      0                         2
    3159                      0                         2
    3160                      0                         1
    3161                      0                         2
    3162                      0                         1
    3163                      0                         2
    3164                      0                         2
    3165                      0                         0
    3166                      0                         0
    3167                      0                         0
    3168                      0                         2
    3169                      0                         2
    3170                      0                         2
    3171                      0                         2
    3172                      0                         3
    3173                      0                         3
    3174                      0                         4
    3175                      0                         2
    3176                      0                         2
    3177                      0                         2
    3178                      0                         4
    3179                      0                         2
    3180                      0                         2
    3181                      0                         3
    3182                      0                         2
    3183                      0                         2
    3184                      0                         2
    3185                      0                         0
    3186                      0                         2
    3187                      0                         2
    3188                      0                         2
    3189                      0                         2
    3190                      0                         2
    3191                      0                         0
    3192                      0                         0
    3193                      0                         0
    3194                      0                         1
    3195                      0                         0
    3196                      0                         0
    3197                      0                         1
    3198                      0                         0
    3199                      0                         2
    3200                      0                         2
    3201                      0                         2
    3202                      0                         2
    3203                      0                         2
    3204                      0                         2
    3205                      0                         3
    3206                      0                         2
    3207                      0                         2
    3208                      0                         2
    3209                      0                         3
    3210                      0                         3
    3211                      0                         2
    3212                      0                         2
    3213                      0                         4
    3214                      0                         2
    3215                      0                         3
    3216                      0                         3
    3217                      0                         2
    3218                      0                         2
    3219                      0                         4
    3220                      0                         4
    3221                      0                         3
    3222                      0                         4
    3223                      0                         3
    3224                      0                         2
    3225                      0                         3
    3226                      0                         2
    3227                      0                         2
    3228                      0                         2
    3229                      0                         2
    3230                      0                         1
    3231                      0                         2
    3232                      0                         2
    3233                      0                         1
    3234                      0                         0
    3235                      0                         3
    3236                      0                         3
    3237                      0                         2
    3238                      0                         2
    3239                      0                         1
    3240                      0                         2
    3241                      0                         2
    3242                      0                         2
    3243                      0                         2
    3244                      0                         2
    3245                      0                         2
    3246                      0                         4
    3247                      0                         2
    3248                      0                         2
    3249                      0                         2
    3250                      0                         1
    3251                      0                         2
    3252                      0                         2
    3253                      0                         2
    3254                      0                         2
    3255                      0                         2
    3256                      0                         2
    3257                      0                         2
    3258                      0                         2
    3259                      0                         2
    3260                      0                         2
    3261                      0                         2
    3262                      0                         2
    3263                      0                         2
    3264                      0                         2
    3265                      0                         1
    3266                      0                         2
    3267                      0                         2
    3268                      0                         2
    3269                      0                         1
    3270                      0                         1
    3271                      0                         2
    3272                      0                         3
    3273                      0                         2
    3274                      0                         1
    3275                      0                         1
    3276                      0                         2
    3277                      0                         3
    3278                      0                         1
    3279                      0                         2
    3280                      0                         2
    3281                      0                         2
    3282                      0                         2
    3283                      0                         2
    3284                      0                         0
    3285                      0                         0
    3286                      0                         2
    3287                      0                         1
    3288                      0                         2
    3289                      0                         2
    3290                      0                         2
    3291                      0                         1
    3292                      0                         2
    3293                      0                         2
    3294                      0                         1
    3295                      0                         2
    3296                      0                         1
    3297                      0                         1
    3298                      0                         0
    3299                      0                         2
    3300                      0                         2
    3301                      0                         3
    3302                      0                         2
    3303                      0                         2
    3304                      0                         3
    3305                      0                         2
    3306                      0                         2
    3307                      0                         1
    3308                      0                         1
    3309                      0                         0
    3310                      0                         2
    3311                      0                         2
    3312                      0                         2
    3313                      0                         2
    3314                      0                         2
    3315                      0                         1
    3316                      0                         2
    3317                      0                         2
    3318                      0                         2
    3319                      0                         2
    3320                      0                         2
    3321                      0                         2
    3322                      0                         3
    3323                      0                         2
    3324                      0                         4
    3325                      0                         2
    3326                      0                         2
    3327                      0                         2
    3328                      0                         2
    3329                      0                         3
    3330                      0                         2
    3331                      0                         2
    3332                      0                         2
    3333                      0                         2
    3334                      0                         2
    3335                      0                         2
    3336                      0                         2
    3337                      0                         2
    3338                      0                         4
    3339                      0                         3
    3340                      0                         2
    3341                      0                         2
    3342                      0                         2
    3343                      0                         2
    3344                      0                         2
    3345                      0                         3
    3346                      0                         2
    3347                      0                         2
    3348                      0                         2
    3349                      0                         0
    3350                      0                         1
    3351                      0                         3
    3352                      0                         2
    3353                      0                         2
    3354                      0                         2
    3355                      0                         2
    3356                      0                         3
    3357                      0                         1
    3358                      0                         2
    3359                      0                         2
    3360                      0                         2
    3361                      0                         1
    3362                      0                         2
    3363                      0                         2
    3364                      0                         2
    3365                      0                         4
    3366                      0                         2
    3367                      0                         2
    3368                      0                         2
    3369                      0                         2
    3370                      0                         3
    3371                      0                         2
    3372                      0                         2
    3373                      0                         3
    3374                      0                         2
    3375                      0                         2
    3376                      0                         2
    3377                      0                         1
    3378                      0                         0
    3379                      0                         0
    3380                      0                         0
    3381                      0                         3
    3382                      0                         2
    3383                      0                         3
    3384                      0                         2
    3385                      0                         2
    3386                      0                         2
    3387                      0                         2
    3388                      0                         2
    3389                      0                         1
    3390                      0                         3
    3391                      0                         2
    3392                      0                         2
    3393                      0                         2
    3394                      0                         2
    3395                      0                         2
    3396                      0                         2
    3397                      0                         2
    3398                      0                         2
    3399                      0                         2
    3400                      0                         1
    3401                      0                         2
    3402                      0                         2
    3403                      0                         2
    3404                      0                         1
    3405                      0                         3
    3406                      0                         2
    3407                      0                         2
    3408                      0                         2
    3409                      0                         1
    3410                      0                         2
    3411                      0                         2
    3412                      0                         3
    3413                      0                         3
    3414                      0                         2
    3415                      0                         3
    3416                      0                         2
    3417                      0                         2
    3418                      0                         2
    3419                      0                         2
    3420                      0                         2
    3421                      0                         2
    3422                      0                         2
    3423                      0                         4
    3424                      0                         3
    3425                      0                         2
    3426                      0                         3
    3427                      0                         3
    3428                      0                         2
    3429                      0                         3
    3430                      0                         2
    3431                      0                         2
    3432                      0                         2
    3433                      0                         3
    3434                      0                         1
    3435                      0                         2
    3436                      0                         3
    3437                      0                         2
    3438                      0                         2
    3439                      0                         2
    3440                      0                         2
    3441                      0                         2
    3442                      0                         1
    3443                      0                         3
    3444                      0                         2
    3445                      0                         2
    3446                      0                         2
    3447                      0                         1
    3448                      0                         2
    3449                      0                         3
    3450                      0                         3
    3451                      0                         3
    3452                      0                         2
    3453                      0                         2
    3454                      0                         2
    3455                      0                         2
    3456                      0                         0
    3457                      0                         1
    3458                      0                         0
    3459                      0                         0
    3460                      0                         0
    3461                      0                         0
    3462                      0                         0
    3463                      0                         0
    3464                      0                         0
    3465                      0                         0
    3466                      0                         0
    3467                      0                         0
    3468                      0                         0
    3469                      0                         0
    3470                      0                         0
    3471                      0                         0
    3472                      0                         0
    3473                      0                         0
    3474                      0                         0
    3475                      0                         0
    3476                      0                         2
    3477                      0                         3
    3478                      0                         2
    3479                      0                         2
    3480                      0                         2
    3481                      0                         4
    3482                      0                         2
    3483                      0                         2
    3484                      0                         2
    3485                      0                         1
    3486                      0                         3
    3487                      0                         3
    3488                      0                         2
    3489                      0                         4
    3490                      0                         2
    3491                      0                         2
    3492                      0                         2
    3493                      0                         2
    3494                      0                         4
    3495                      0                         2
    3496                      0                         2
    3497                      0                         2
    3498                      0                         2
    3499                      0                         2
    3500                      0                         1
    3501                      0                         3
    3502                      0                         2
    3503                      0                         2
    3504                      0                         2
    3505                      0                         2
    3506                      0                         2
    3507                      0                         3
    3508                      0                         2
    3509                      0                         2
    3510                      0                         1
    3511                      0                         2
    3512                      0                         2
    3513                      0                         2
    3514                      0                         3
    3515                      0                         2
    3516                      0                         4
    3517                      0                         3
    3518                      0                         4
    3519                      0                         2
    3520                      0                         2
    3521                      0                         2
    3522                      0                         2
    3523                      0                         2
    3524                      0                         2
    3525                      0                         2
    3526                      0                         2
    3527                      0                         1
    3528                      0                         2
    3529                      0                         2
    3530                      0                         2
    3531                      0                         2
    3532                      0                         0
    3533                      0                         2
    3534                      0                         2
    3535                      0                         3
    3536                      0                         2
    3537                      0                         2
    3538                      0                         2
    3539                      0                         2
    3540                      0                         2
    3541                      0                         2
    3542                      0                         2
    3543                      0                         2
    3544                      0                         2
    3545                      0                         1
    3546                      0                         1
    3547                      0                         1
    3548                      0                         1
    3549                      0                         2
    3550                      0                         2
    3551                      0                         2
    3552                      0                         2
    3553                      0                         2
    3554                      0                         2
    3555                      0                         1
    3556                      0                         2
    3557                      0                         2
    3558                      0                         4
    3559                      0                         2
    3560                      0                         2
    3561                      0                         1
    3562                      0                         2
    3563                      0                         0
    3564                      0                         2
    3565                      0                         2
    3566                      0                         1
    3567                      0                         1
    3568                      0                         1
    3569                      0                         1
    3570                      0                         2
    3571                      0                         2
    3572                      0                         2
    3573                      0                         4
    3574                      0                         2
    3575                      0                         0
    3576                      0                         0
    3577                      0                         0
    3578                      0                         0
    3579                      0                         2
    3580                      0                         1
    3581                      0                         2
    3582                      0                         2
    3583                      0                         1
    3584                      0                         1
    3585                      0                         2
    3586                      0                         1
    3587                      0                         2
    3588                      0                         1
    3589                      0                         2
    3590                      0                         3
    3591                      0                         2
    3592                      0                         2
    3593                      0                         2
    3594                      0                         2
    3595                      0                         2
    3596                      0                         2
    3597                      0                         2
    3598                      0                         2
    3599                      0                         2
    3600                      0                         3
    3601                      0                         1
    3602                      0                         2
    3603                      0                         2
    3604                      0                         2
    3605                      0                         3
    3606                      0                         1
    3607                      0                         1
    3608                      0                         1
    3609                      0                         1
    3610                      0                         0
    3611                      0                         2
    3612                      0                         2
    3613                      0                         2
    3614                      0                         2
    3615                      0                         2
    3616                      0                         0
    3617                      0                         0
    3618                      0                         0
    3619                      0                         0
    3620                      0                         2
    3621                      0                         2
    3622                      0                         4
    3623                      0                         3
    3624                      0                         2
    3625                      0                         6
    3626                      0                         2
    3627                      0                         1
    3628                      0                         2
    3629                      0                         1
    3630                      0                         2
    3631                      0                         1
    3632                      0                         2
    3633                      0                         2
    3634                      0                         2
    3635                      0                         3
    3636                      0                         2
    3637                      0                         1
    3638                      0                         2
    3639                      0                         4
    3640                      0                         6
    3641                      0                         4
    3642                      0                         1
    3643                      0                         3
    3644                      0                         4
    3645                      0                         2
    3646                      0                         2
    3647                      0                         2
    3648                      0                         1
    3649                      0                         2
    3650                      0                         1
    3651                      0                         2
    3652                      0                         2
    3653                      0                         2
    3654                      0                         2
    3655                      0                         1
    3656                      0                         1
    3657                      0                         2
    3658                      0                         2
    3659                      0                         2
    3660                      0                         2
    3661                      0                         0
    3662                      0                         2
    3663                      0                         2
    3664                      0                         1
    3665                      0                         0
    3666                      0                         1
    3667                      0                         2
    3668                      0                         1
    3669                      0                         2
    3670                      0                         2
    3671                      0                         2
    3672                      0                         2
    3673                      0                         2
    3674                      0                         2
    3675                      0                         2
    3676                      0                         2
    3677                      0                         2
    3678                      0                         1
    3679                      0                         2
    3680                      0                         2
    3681                      0                         2
    3682                      0                         3
    3683                      0                         3
    3684                      0                         1
    3685                      0                         1
    3686                      0                         0
    3687                      0                         2
    3688                      0                         3
    3689                      0                         3
    3690                      0                         3
    3691                      0                         2
    3692                      0                         2
    3693                      0                         2
    3694                      0                         1
    3695                      0                         2
    3696                      0                         2
    3697                      0                         2
    3698                      0                         1
    3699                      0                         0
    3700                      0                         0
    3701                      0                         0
    3702                      0                         1
    3703                      0                         2
    3704                      0                         1
    3705                      0                         1
    3706                      0                         1
    3707                      0                         1
    3708                      0                         0
    3709                      0                         1
    3710                      0                         1
    3711                      0                         2
    3712                      0                         2
    3713                      0                         1
    3714                      0                         2
    3715                      0                         1
    3716                      0                         1
    3717                      0                         2
    3718                      0                         1
    3719                      0                         2
    3720                      0                         2
    3721                      0                         1
    3722                      0                         1
    3723                      0                         2
    3724                      0                         0
    3725                      0                         2
    3726                      0                         2
    3727                      0                         2
    3728                      0                         0
    3729                      0                         1
    3730                      0                         1
    3731                      0                         1
    3732                      0                         2
    3733                      0                         1
    3734                      0                         2
    3735                      0                         2
    3736                      0                         0
    3737                      0                         3
    3738                      0                         2
    3739                      0                         2
    3740                      0                         2
    3741                      0                         0
    3742                      0                         1
    3743                      0                         3
    3744                      0                         2
    3745                      0                         0
    3746                      0                         0
    3747                      0                         2
    3748                      0                         0
    3749                      0                         2
    3750                      0                         0
    3751                      0                         3
    3752                      0                         2
    3753                      0                         0
    3754                      0                         0
    3755                      0                         0
    3756                      0                         0
    3757                      0                         0
    3758                      0                         0
    3759                      0                         0
    3760                      0                         0
    3761                      0                         0
    3762                      0                         0
    3763                      0                         0
    3764                      0                         0
    3765                      0                         1
    3766                      0                         0
    3767                      0                         0
    3768                      0                         3
    3769                      0                         0
    3770                      0                         2
    3771                      0                         0
    3772                      0                         0
    3773                      0                         2
    3774                      0                         0
    3775                      0                         1
    3776                      0                         1
    3777                      0                         0
    3778                      0                         1
    3779                      0                         0
    3780                      0                         0
    3781                      0                         0
    3782                      0                         0
    3783                      0                         0
    3784                      0                         0
    3785                      0                         0
    3786                      0                         0
    3787                      0                         0
    3788                      0                         0
    3789                      0                         0
    3790                      0                         0
    3791                      0                         0
    3792                      0                         0
    3793                      0                         0
    3794                      0                         1
    3795                      0                         0
    3796                      0                         0
    3797                      0                         0
    3798                      0                         0
    3799                      0                         0
    3800                      0                         0
    3801                      0                         0
    3802                      0                         0
    3803                      0                         2
    3804                      0                         4
    3805                      0                         0
    3806                      0                         0
    3807                      0                         0
    3808                      0                         0
    3809                      0                         0
    3810                      0                         0
    3811                      0                         0
    3812                      0                         0
    3813                      0                         0
    3814                      0                         0
    3815                      0                         0
    3816                      0                         0
    3817                      0                         0
    3818                      0                         0
    3819                      0                         0
    3820                      0                         0
    3821                      0                         0
    3822                      0                         0
    3823                      0                         0
    3824                      0                         0
    3825                      0                         0
    3826                      0                         0
    3827                      0                         0
    3828                      0                         0
    3829                      0                         0
    3830                      0                         0
    3831                      0                         0
    3832                      0                         0
    3833                      0                         0
    3834                      0                         0
    3835                      0                         0
    3836                      0                         0
    3837                      0                         4
    3838                      0                         0
    3839                      0                         0
    3840                      0                         0
    3841                      0                         0
    3842                      0                         0
    3843                      0                         0
    3844                      0                         0
    3845                      0                         0
    3846                      0                         0
    3847                      0                         0
    3848                      0                         0
    3849                      0                         0
    3850                      0                         0
    3851                      0                         0
    3852                      0                         0
    3853                      0                         0
    3854                      0                         0
    3855                      0                         0
    3856                      0                         1
    3857                      0                         1
    3858                      0                         0
    3859                      0                         0
    3860                      0                         0
    3861                      0                         1
    3862                      0                         0
    3863                      0                         3
    3864                      0                         2
    3865                      0                         0
    3866                      0                         1
    3867                      0                         0
    3868                      0                         0
    3869                      0                         0
    3870                      0                         0
    3871                      0                         0
    3872                      0                         0
    3873                      0                         0
    3874                      0                         0
    3875                      0                         0
    3876                      0                         0
    3877                      0                         0
    3878                      0                         0
    3879                      0                         0
    3880                      0                         0
    3881                      0                         0
    3882                      0                         0
    3883                      0                         0
    3884                      0                         0
    3885                      0                         0
    3886                      0                         0
    3887                      0                         2
    3888                      0                         0
    3889                      0                         0
    3890                      0                         0
    3891                      0                         4
    3892                      0                         0
    3893                      0                         3
    3894                      0                         2
    3895                      0                         1
    3896                      0                         1
    3897                      0                         4
    3898                      0                         4
    3899                      0                         0
    3900                      0                         2
    3901                      0                         4
    3902                      0                         1
    3903                      0                         1
    3904                      0                         4
    3905                      0                         1
    3906                      0                         1
    3907                      0                         0
    3908                      0                         2
    3909                      0                         1
    3910                      0                         1
    3911                      0                         1
    3912                      0                         0
    3913                      0                         0
    3914                      0                         0
    3915                      0                         4
    3916                      0                         3
    3917                      0                         2
    3918                      0                         3
    3919                      0                         0
    3920                      0                         0
    3921                      0                         1
    3922                      0                         0
    3923                      0                         0
    3924                      0                         0
    3925                      0                         2
    3926                      0                         1
    3927                      0                         3
    3928                      0                         4
    3929                      0                         3
    3930                      0                         0
    3931                      0                         0
    3932                      0                         2
    3933                      0                         1
    3934                      0                         1
    3935                      0                         0
    3936                      0                         1
    3937                      0                         1
    3938                      0                         2
    3939                      0                         2
    3940                      0                         1
    3941                      0                         1
    3942                      0                         1
    3943                      0                         1
    3944                      0                         1
    3945                      0                         1
    3946                      0                         1
    3947                      0                         1
    3948                      0                         1
    3949                      0                         3
    3950                      0                         4
    3951                      0                         2
    3952                      0                         1
    3953                      0                         1
    3954                      0                         2
    3955                      0                         2
    3956                      0                         1
    3957                      0                         4
    3958                      0                         1
    3959                      0                         1
    3960                      0                         3
    3961                      0                         1
    3962                      0                         2
    3963                      0                         1
    3964                      0                         0
    3965                      0                         2
    3966                      0                         2
    3967                      0                         0
    3968                      0                         1
    3969                      0                         0
    3970                      0                         2
    3971                      0                         0
    3972                      0                         1
    3973                      0                         1
    3974                      0                         1
    3975                      0                         0
    3976                      0                         0
    3977                      0                         0
    3978                      0                         1
    3979                      0                         0
    3980                      0                         1
    3981                      0                         2
    3982                      0                         2
    3983                      0                         2
    3984                      0                         2
    3985                      0                         3
    3986                      0                         0
    3987                      0                         0
    3988                      0                         0
    3989                      0                         0
    3990                      0                         0
    3991                      0                         0
    3992                      0                         0
    3993                      0                         0
    3994                      0                         0
    3995                      0                         0
    3996                      0                         0
    3997                      0                         0
    3998                      0                         0
    3999                      0                         0
    4000                      0                         0
    4001                      0                         0
    4002                      0                         0
    4003                      0                         0
    4004                      0                         0
    4005                      0                         0
    4006                      0                         0
    4007                      0                         0
    4008                      0                         0
    4009                      0                         0
    4010                      0                         0
    4011                      0                         0
    4012                      0                         0
    4013                      0                         0
    4014                      0                         0
    4015                      0                         0
    4016                      0                         0
    4017                      0                         0
    4018                      0                         0
    4019                      0                         0
    4020                      0                         0
    4021                      0                         0
    4022                      0                         0
    4023                      0                         0
    4024                      0                         0
    4025                      0                         0
    4026                      0                         0
    4027                      0                         0
    4028                      0                         0
    4029                      0                         0
    4030                      0                         0
    4031                      0                         0
    4032                      0                         0
    4033                      0                         0
    4034                      0                         0
    4035                      0                         0
    4036                      0                         0
    4037                      0                         0
    4038                      0                         0
    4039                      0                         0
    4040                      0                         0
    4041                      0                         0
    4042                      0                         0
    4043                      0                         0
    4044                      0                         0
    4045                      0                         0
    4046                      0                         0
    4047                      0                         0
    4048                      0                         0
    4049                      0                         0
    4050                      0                         0
    4051                      0                         0
    4052                      0                         0
    4053                      0                         0
    4054                      0                         0
    4055                      0                         0
    4056                      0                         0
    4057                      0                         0
    4058                      0                         0
    4059                      0                         0
    4060                      0                         0
    4061                      0                         0
    4062                      0                         0
    4063                      0                         0
    4064                      0                         0
    4065                      0                         0
    4066                      0                         0
    4067                      0                         0
    4068                      0                         0
    4069                      0                         0
    4070                      0                         0
    4071                      0                         0
    4072                      0                         0
    4073                      0                         0
    4074                      0                         0
    4075                      0                         0
    4076                      0                         0
    4077                      0                         0
    4078                      0                         0
    4079                      0                         0
    4080                      0                         0
    4081                      0                         0
    4082                      0                         0
    4083                      0                         0
    4084                      0                         0
    4085                      0                         0
    4086                      0                         0
    4087                      0                         0
    4088                      0                         0
    4089                      0                         0
    4090                      0                         0
    4091                      0                         0
    4092                      0                         0
    4093                      0                         0
    4094                      0                         0
    4095                      0                         0
    4096                      0                         0
    4097                      0                         0
    4098                      0                         0
    4099                      0                         0
    4100                      0                         0
    4101                      0                         0
    4102                      0                         0
    4103                      0                         0
    4104                      0                         0
    4105                      0                         0
    4106                      0                         0
    4107                      0                         0
    4108                      0                         0
    4109                      0                         0
    4110                      0                         0
    4111                      0                         0
    4112                      0                         0
    4113                      0                         0
    4114                      0                         0
    4115                      0                         0
    4116                      0                         0
    4117                      0                         0
    4118                      0                         0
    4119                      0                         0
    4120                      0                         0
    4121                      0                         0
    4122                      0                         0
    4123                      0                         0
    4124                      0                         0
    4125                      0                         0
    4126                      0                         0
    4127                      0                         0
    4128                      0                         0
    4129                      0                         0
    4130                      0                         0
    4131                      0                         0
    4132                      0                         0
    4133                      0                         0
    4134                      0                         0
    4135                      0                         0
    4136                      0                         1
    4137                      0                         0
    4138                      0                         0
    4139                      0                         0
    4140                      0                         0
    4141                      0                         0
    4142                      0                         0
    4143                      0                         0
    4144                      0                         0
    4145                      0                         0
    4146                      0                         0
    4147                      0                         4
    4148                      0                         4
    4149                      0                         0
    4150                      0                         0
    4151                      0                         0
