
          -------------------------------------------------------
          Amber 22 PMEMD                              2022
          -------------------------------------------------------

| PMEMD implementation of SANDER, Release 22

|  Compiled date/time: Thu Apr 14 11:06:37 2022
| Run on 09/01/2026 at 12:58:08

|   Executable path: pmemd.cuda
| Working directory: /bigdata/cutlerlab/jjaco081/PYR1_pocket_expansion/data/posecheck/mandi_predicted/rep0
|          Hostname: gpu09

  [-O]verwriting output

File Assignments:
|   MDIN: prod.in                                                               
|  MDOUT: prod.out                                                              
| INPCRD: eq2.rst7                                                              
|   PARM: /bigdata/cutlerlab/jjaco081/PYR1_pocket_expansion/data/posecheck/mandi
| RESTRT: prod.rst7                                                             
|   REFC: refc                                                                  
|  MDVEL: mdvel                                                                 
|   MDEN: mden                                                                  
|  MDCRD: prod.nc                                                               
| MDINFO: prod.info                                                             
|  MDFRC: mdfrc                                                                 


 Here is the input file:

NPT production, 10000000 steps remaining, frames every 10 ps                   
 &cntrl                                                                        
  imin=0, irest=1, ntx=5,                                                      
  nstlim=10000000, dt=0.002,                                                   
  ntc=2, ntf=2, cut=10.0,                                                      
  ntb=2, ntp=1, barostat=2, pres0=1.0, taup=2.0,                               
  ntt=3, gamma_ln=2.0, ig=-1, temp0=300.0,                                     
  ntr=0,                                                                       
  ntpr=25000, ntwx=5000, ntwr=5000,                                            
  iwrap=1,                                                                     
 /                                                                             


Note: ig = -1. Setting random seed to   448688 based on wallclock time in 
      microseconds.
| irandom = 1, using AMBER's internal random number generator (default).
 
|--------------------- INFORMATION ----------------------
| GPU (CUDA) Version of PMEMD in use: NVIDIA GPU IN USE.
|                    Version 18.0.0
| 
|                      03/25/2018
| 
| Implementation by:
|                    Ross C. Walker     (SDSC)
|                    Scott Le Grand     (nVIDIA)
| 
| Version 18 performance extensions by:
|                    David Cerutti     (Rutgers)
| 
| Precision model in use:
|      [SPFP] - Single Precision Forces, 64-bit Fixed Point
|               Accumulation. (Default)
| 
|--------------------------------------------------------
 
|----------------- CITATION INFORMATION -----------------
|
|    When publishing work that utilized the CUDA version
|    of AMBER, please cite the following in addition to
|    the regular AMBER citations:
|
|  - Romelia Salomon-Ferrer; Andreas W. Goetz; Duncan
|    Poole; Scott Le Grand; Ross C. Walker "Routine
|    microsecond molecular dynamics simulations with
|    AMBER - Part II: Particle Mesh Ewald", J. Chem.
|    Theory Comput., 2013, 9 (9), pp3878-3888,
|    DOI: 10.1021/ct400314y.
|
|  - Andreas W. Goetz; Mark J. Williamson; Dong Xu;
|    Duncan Poole; Scott Le Grand; Ross C. Walker
|    "Routine microsecond molecular dynamics simulations
|    with AMBER - Part I: Generalized Born", J. Chem.
|    Theory Comput., 2012, 8 (5), pp1542-1555.
|
|  - Scott Le Grand; Andreas W. Goetz; Ross C. Walker
|    "SPFP: Speed without compromise - a mixed precision
|    model for GPU accelerated molecular dynamics
|    simulations.", Comp. Phys. Comm., 2013, 184
|    pp374-380, DOI: 10.1016/j.cpc.2012.09.022
|
|--------------------------------------------------------
 
|------------------- GPU DEVICE INFO --------------------
|
|            CUDA_VISIBLE_DEVICES: 0
|   CUDA Capable Devices Detected:      1
|           CUDA Device ID in use:      0
|                CUDA Device Name: NVIDIA RTX 6000 Ada Generation
|     CUDA Device Global Mem Size:  48510 MB
| CUDA Device Num Multiprocessors:    142
|           CUDA Device Core Freq:   2.50 GHz
|
|--------------------------------------------------------
 
 
| Conditional Compilation Defines Used:
| PUBFFT
| BINTRAJ
| CUDA
| EMIL

| Largest sphere to fit in unit cell has radius =    30.930

| New format PARM file being parsed.
| Version =    1.000 Date = 09/01/26 Time = 11:34:09

| Note: 1-4 EEL scale factors are being read from the topology file.

| Note: 1-4 VDW scale factors are being read from the topology file.
| INFO:    Virtual site frames will be inferred from bonding patterns.
| Duplicated    0 dihedrals

| Duplicated    0 dihedrals

--------------------------------------------------------------------------------
   1.  RESOURCE   USE: 
--------------------------------------------------------------------------------

 getting box info from netcdf restart file
 NATOM  =   43858 NTYPES =      30 NBONH =   32110 MBONA  =   11715
 NTHETH =    3266 MTHETA =    2018 NPHIH =    6640 MPHIA  =    6378
 NHPARM =       0 NPARM  =       0 NNB   =   87608 NRES   =   10464
 NBONA  =   11715 NTHETA =    2018 NPHIA =    6378 NUMBND =      96
 NUMANG =     212 NPTRA  =     219 NATYP =      53 NPHB   =       0
 IFBOX  =       2 NMXRS  =      56 IFCAP =       0 NEXTRA =   10223
 NCOPY  =       0


| Coordinate Index Table dimensions:    12   12   12
| Direct force subcell size =     6.3136    6.3136    6.3136

     BOX TYPE: TRUNCATED OCTAHEDRON

--------------------------------------------------------------------------------
   2.  CONTROL  DATA  FOR  THE  RUN
--------------------------------------------------------------------------------

default_name                                                                    

General flags:
     imin    =       0, nmropt  =       0

Nature and format of input:
     ntx     =       5, irest   =       1, ntrx    =       1

Nature and format of output:
     ntxo    =       2, ntpr    =   25000, ntrx    =       1, ntwr    =    5000
     iwrap   =       1, ntwx    =    5000, ntwv    =       0, ntwe    =       0
     ioutfm  =       1, ntwprt  =       0, idecomp =       0, rbornstat=      0

Potential function:
     ntf     =       2, ntb     =       2, igb     =       0, nsnb    =      25
     ipol    =       0, gbsa    =       0, iesp    =       0
     dielc   =   1.00000, cut     =  10.00000, intdiel =   1.00000

Frozen or restrained atoms:
     ibelly  =       0, ntr     =       0

Molecular dynamics:
     nstlim  =  10000000, nscm    =      1000, nrespa  =         1
     t       =   0.00000, dt      =   0.00200, vlimit  =  -1.00000

Langevin dynamics temperature regulation:
     ig      =  448688
     temp0   = 300.00000, tempi   =   0.00000, gamma_ln=   2.00000

Pressure regulation:
     ntp     =       1
     pres0   =   1.00000, comp    =  44.60000, taup    =   2.00000
     Monte-Carlo Barostat:
     mcbarint  =     100

SHAKE:
     ntc     =       2, jfastw  =       0
     tol     =   0.00001

| Intermolecular bonds treatment:
|     no_intermolecular_bonds =       1

| Energy averages sample interval:
|     ene_avg_sampling =   25000

Extra-points options:
     frameon =       1, chngmask=       1

Ewald parameters:
     verbose =       0, ew_type =       0, nbflag  =       1, use_pme =       1
     vdwmeth =       1, eedmeth =       1, netfrc  =       1
     Box X =   75.763   Box Y =   75.763   Box Z =   75.763
     Alpha =  109.471   Beta  =  109.471   Gamma =  109.471
     NFFT1 =   80       NFFT2 =   80       NFFT3 =   80
     Cutoff=   10.000   Tol   =0.100E-04
     Ewald Coefficient =  0.27511
     Interpolation order =    4
|      EXTRA_PTS, trim_bonds: num bonds BEFORE trim = 32110     0
|      EXTRA_PTS, trim_bonds: num bonds AFTER  trim = 32110     0
|      EXTRA_PTS, trim_bonds: num bonds BEFORE trim = 11715     0
|      EXTRA_PTS, trim_bonds: num bonds AFTER  trim =  1492     0
|      EXTRA_PTS, trim_theta: num angle BEFORE trim =  3266     0
|      EXTRA_PTS, trim_theta: num angle AFTER  trim =  3266     0
|      EXTRA_PTS, trim_theta: num angle BEFORE trim =  2018     0
|      EXTRA_PTS, trim_theta: num angle AFTER  trim =  2018     0
|      EXTRA_PTS, trim_phi:  num diheds BEFORE trim =  6640     0
|      EXTRA_PTS, trim_phi:  num diheds AFTER  trim =  6640     0
|      EXTRA_PTS, trim_phi:  num diheds BEFORE trim =  6378     0
|      EXTRA_PTS, trim_phi:  num diheds AFTER  trim =  6378     0
| MONTE CARLO BAROSTAT IMPORTANT NOTE:
|   The Monte-Carlo barostat does not require the virial to adjust the system volume.
|   Since it is an expensive calculation, it is skipped for efficiency. A side-effect
|   is that the reported pressure is always 0 because it is not calculated.

--------------------------------------------------------------------------------
   3.  ATOMIC COORDINATES AND VELOCITIES
--------------------------------------------------------------------------------

default_name                                                                    
 begin time read from input coords =  1700.000 ps

 
 Number of triangulated 3-point waters found:    10223

     Sum of charges from parm topology file =   0.00205605
     Forcing neutrality...

| Dynamic Memory, Types Used:
| Reals             1888120
| Integers          4333342

| Nonbonded Pairs Initial Allocation:    13265948

| GPU memory information (estimate):
| KB of GPU memory in use:    388403
| KB of CPU memory in use:     97975

--------------------------------------------------------------------------------
   4.  RESULTS
--------------------------------------------------------------------------------

| MC Barostat: Decreasing size of volume moves
| MC Barostat: Decreasing size of volume moves
| MC Barostat: Decreasing size of volume moves
wrapping first mol.:      -75.62996        0.00000        0.00000
wrapping first mol.:      -75.62996        0.00000        0.00000
| MC Barostat: Decreasing size of volume moves
| MC Barostat: Decreasing size of volume moves
| MC Barostat: Decreasing size of volume moves
wrapping first mol.:      -75.67011        0.00000        0.00000
wrapping first mol.:      -75.67011        0.00000        0.00000
| MC Barostat: Decreasing size of volume moves
| MC Barostat: Decreasing size of volume moves
wrapping first mol.:      -75.71063        0.00000        0.00000
wrapping first mol.:      -75.71063        0.00000        0.00000
| MC Barostat: Decreasing size of volume moves
wrapping first mol.:      -75.66422        0.00000        0.00000
wrapping first mol.:      -75.66422        0.00000        0.00000
| MC Barostat: Decreasing size of volume moves
wrapping first mol.:      -75.72733        0.00000        0.00000
wrapping first mol.:      -75.72733        0.00000        0.00000

 NSTEP =    25000   TIME(PS) =    1750.000  TEMP(K) =   302.84  PRESS =     0.0
 Etot   =   -116476.2687  EKtot   =     20700.3008  EPtot      =   -137176.5694
 BOND   =       558.4123  ANGLE   =      1511.7045  DIHED      =      1012.1046
 UB     =         0.0000  IMP     =         0.0000  CMAP       =       142.1249
 1-4 NB =       631.1909  1-4 EEL =      5890.1399  VDWAALS    =     16196.6149
 EELEC  =   -163118.8616  EHBOND  =         0.0000  RESTRAINT  =         0.0000
 EKCMT  =         0.0000  VIRIAL  =         0.0000  VOLUME     =    334299.8232
                                                    Density    =         1.0298
 ------------------------------------------------------------------------------

wrapping first mol.:      -75.68343        0.00000        0.00000
wrapping first mol.:      -75.68343        0.00000        0.00000
wrapping first mol.:      -75.67585        0.00000        0.00000
wrapping first mol.:      -75.67585        0.00000        0.00000
wrapping first mol.:      -75.70513        0.00000        0.00000
wrapping first mol.:      -75.70513        0.00000        0.00000
wrapping first mol.:      -75.63063        0.00000        0.00000
wrapping first mol.:      -75.63063        0.00000        0.00000
wrapping first mol.:      -75.68563        0.00000        0.00000
wrapping first mol.:      -75.68563        0.00000        0.00000

 NSTEP =    50000   TIME(PS) =    1800.000  TEMP(K) =   302.31  PRESS =     0.0
 Etot   =   -116780.2481  EKtot   =     20663.9980  EPtot      =   -137444.2462
 BOND   =       580.2951  ANGLE   =      1551.0124  DIHED      =      1004.3018
 UB     =         0.0000  IMP     =         0.0000  CMAP       =       146.6052
 1-4 NB =       642.1636  1-4 EEL =      5851.8671  VDWAALS    =     16182.1689
 EELEC  =   -163402.6602  EHBOND  =         0.0000  RESTRAINT  =         0.0000
 EKCMT  =         0.0000  VIRIAL  =         0.0000  VOLUME     =    333747.7997
                                                    Density    =         1.0315
 ------------------------------------------------------------------------------

wrapping first mol.:      -75.72968        0.00000        0.00000
wrapping first mol.:      -75.72968        0.00000        0.00000
wrapping first mol.:      -75.66038        0.00000        0.00000
wrapping first mol.:      -75.66038        0.00000        0.00000
wrapping first mol.:      -75.74073        0.00000        0.00000
wrapping first mol.:      -75.74073        0.00000        0.00000
wrapping first mol.:      -75.66106        0.00000        0.00000
wrapping first mol.:      -75.66106        0.00000        0.00000
wrapping first mol.:      -75.59061        0.00000        0.00000
wrapping first mol.:      -75.59061        0.00000        0.00000

 NSTEP =    75000   TIME(PS) =    1850.000  TEMP(K) =   299.03  PRESS =     0.0
 Etot   =   -116859.1495  EKtot   =     20439.7559  EPtot      =   -137298.9053
 BOND   =       576.4660  ANGLE   =      1507.8888  DIHED      =      1012.9639
 UB     =         0.0000  IMP     =         0.0000  CMAP       =       133.2304
 1-4 NB =       637.7627  1-4 EEL =      5862.4084  VDWAALS    =     15940.4264
 EELEC  =   -162970.0520  EHBOND  =         0.0000  RESTRAINT  =         0.0000
 EKCMT  =         0.0000  VIRIAL  =         0.0000  VOLUME     =    332492.3988
                                                    Density    =         1.0354
 ------------------------------------------------------------------------------

wrapping first mol.:      -75.62979        0.00000        0.00000
wrapping first mol.:      -75.62979        0.00000        0.00000
wrapping first mol.:      -75.63514        0.00000        0.00000
wrapping first mol.:      -75.63514        0.00000        0.00000
wrapping first mol.:      -75.65838        0.00000        0.00000
wrapping first mol.:      -75.65838        0.00000        0.00000
wrapping first mol.:      -75.71632        0.00000        0.00000
wrapping first mol.:      -75.71632        0.00000        0.00000
wrapping first mol.:      -75.66383        0.00000        0.00000
wrapping first mol.:      -75.66383        0.00000        0.00000

 NSTEP =   100000   TIME(PS) =    1900.000  TEMP(K) =   301.37  PRESS =     0.0
 Etot   =   -116879.2173  EKtot   =     20600.0957  EPtot      =   -137479.3130
 BOND   =       557.1631  ANGLE   =      1533.8717  DIHED      =      1012.4196
 UB     =         0.0000  IMP     =         0.0000  CMAP       =       123.3899
 1-4 NB =       658.6934  1-4 EEL =      5828.9727  VDWAALS    =     16070.3981
 EELEC  =   -163264.2215  EHBOND  =         0.0000  RESTRAINT  =         0.0000
 EKCMT  =         0.0000  VIRIAL  =         0.0000  VOLUME     =    333459.5309
                                                    Density    =         1.0324
 ------------------------------------------------------------------------------

wrapping first mol.:      -75.64616        0.00000        0.00000
wrapping first mol.:      -75.64616        0.00000        0.00000
wrapping first mol.:      -75.61461        0.00000        0.00000
wrapping first mol.:      -75.61461        0.00000        0.00000
wrapping first mol.:      -75.68901        0.00000        0.00000
wrapping first mol.:      -75.68901        0.00000        0.00000
wrapping first mol.:      -75.78172        0.00000        0.00000
wrapping first mol.:      -75.78172        0.00000        0.00000
wrapping first mol.:      -75.73131        0.00000        0.00000
wrapping first mol.:      -75.73131        0.00000        0.00000

 NSTEP =   125000   TIME(PS) =    1950.000  TEMP(K) =   301.10  PRESS =     0.0
 Etot   =   -116718.9041  EKtot   =     20581.8379  EPtot      =   -137300.7420
 BOND   =       534.8907  ANGLE   =      1546.2383  DIHED      =      1034.7165
 UB     =         0.0000  IMP     =         0.0000  CMAP       =       128.3586
 1-4 NB =       645.5399  1-4 EEL =      5906.5398  VDWAALS    =     16472.8390
 EELEC  =   -163569.8649  EHBOND  =         0.0000  RESTRAINT  =         0.0000
 EKCMT  =         0.0000  VIRIAL  =         0.0000  VOLUME     =    334352.4214
                                                    Density    =         1.0296
 ------------------------------------------------------------------------------

wrapping first mol.:      -75.61498        0.00000        0.00000
wrapping first mol.:      -75.61498        0.00000        0.00000
wrapping first mol.:      -75.72791        0.00000        0.00000
wrapping first mol.:      -75.72791        0.00000        0.00000
wrapping first mol.:      -75.64419        0.00000        0.00000
wrapping first mol.:      -75.64419        0.00000        0.00000
wrapping first mol.:      -75.70606        0.00000        0.00000
wrapping first mol.:      -75.70606        0.00000        0.00000
wrapping first mol.:      -75.71227        0.00000        0.00000
wrapping first mol.:      -75.71227        0.00000        0.00000

 NSTEP =   150000   TIME(PS) =    2000.000  TEMP(K) =   299.89  PRESS =     0.0
 Etot   =   -116796.8816  EKtot   =     20499.1484  EPtot      =   -137296.0300
 BOND   =       560.0597  ANGLE   =      1526.2073  DIHED      =       999.8231
 UB     =         0.0000  IMP     =         0.0000  CMAP       =       130.1248
 1-4 NB =       615.4410  1-4 EEL =      5824.8490  VDWAALS    =     16286.6394
 EELEC  =   -163239.1742  EHBOND  =         0.0000  RESTRAINT  =         0.0000
 EKCMT  =         0.0000  VIRIAL  =         0.0000  VOLUME     =    334100.3584
                                                    Density    =         1.0304
 ------------------------------------------------------------------------------

wrapping first mol.:      -75.66054        0.00000        0.00000
wrapping first mol.:      -75.66054        0.00000        0.00000
wrapping first mol.:      -75.75323        0.00000        0.00000
wrapping first mol.:      -75.75323        0.00000        0.00000
wrapping first mol.:      -75.68373        0.00000        0.00000
wrapping first mol.:      -75.68373        0.00000        0.00000
wrapping first mol.:      -75.60813        0.00000        0.00000
wrapping first mol.:      -75.60813        0.00000        0.00000
wrapping first mol.:      -75.64518        0.00000        0.00000
wrapping first mol.:      -75.64518        0.00000        0.00000

 NSTEP =   175000   TIME(PS) =    2050.000  TEMP(K) =   300.02  PRESS =     0.0
 Etot   =   -116914.9264  EKtot   =     20508.0000  EPtot      =   -137422.9264
 BOND   =       564.0085  ANGLE   =      1556.0455  DIHED      =      1012.4838
 UB     =         0.0000  IMP     =         0.0000  CMAP       =       135.8314
 1-4 NB =       631.1360  1-4 EEL =      5839.9775  VDWAALS    =     16429.3862
 EELEC  =   -163591.7953  EHBOND  =         0.0000  RESTRAINT  =         0.0000
 EKCMT  =         0.0000  VIRIAL  =         0.0000  VOLUME     =    333212.9541
                                                    Density    =         1.0332
 ------------------------------------------------------------------------------

wrapping first mol.:      -75.72124        0.00000        0.00000
wrapping first mol.:      -75.72124        0.00000        0.00000
wrapping first mol.:      -75.76649        0.00000        0.00000
wrapping first mol.:      -75.76649        0.00000        0.00000
wrapping first mol.:      -75.72123        0.00000        0.00000
wrapping first mol.:      -75.72123        0.00000        0.00000
wrapping first mol.:      -75.73856        0.00000        0.00000
wrapping first mol.:      -75.73856        0.00000        0.00000
wrapping first mol.:      -75.66136        0.00000        0.00000
wrapping first mol.:      -75.66136        0.00000        0.00000

 NSTEP =   200000   TIME(PS) =    2100.000  TEMP(K) =   299.43  PRESS =     0.0
 Etot   =   -116970.6773  EKtot   =     20467.2168  EPtot      =   -137437.8941
 BOND   =       583.8342  ANGLE   =      1547.3265  DIHED      =      1027.6051
 UB     =         0.0000  IMP     =         0.0000  CMAP       =       143.4865
 1-4 NB =       640.2793  1-4 EEL =      5812.3471  VDWAALS    =     16187.7069
 EELEC  =   -163380.4796  EHBOND  =         0.0000  RESTRAINT  =         0.0000
 EKCMT  =         0.0000  VIRIAL  =         0.0000  VOLUME     =    333426.8410
                                                    Density    =         1.0325
 ------------------------------------------------------------------------------

wrapping first mol.:      -75.63051        0.00000        0.00000
wrapping first mol.:      -75.63051        0.00000        0.00000
wrapping first mol.:      -75.61431        0.00000        0.00000
wrapping first mol.:      -75.61431        0.00000        0.00000
wrapping first mol.:      -75.65913        0.00000        0.00000
wrapping first mol.:      -75.65913        0.00000        0.00000
wrapping first mol.:      -75.64735        0.00000        0.00000
wrapping first mol.:      -75.64735        0.00000        0.00000
wrapping first mol.:      -75.60973        0.00000        0.00000
wrapping first mol.:      -75.60973        0.00000        0.00000

 NSTEP =   225000   TIME(PS) =    2150.000  TEMP(K) =   302.47  PRESS =     0.0
 Etot   =   -116790.0347  EKtot   =     20675.0000  EPtot      =   -137465.0347
 BOND   =       600.5203  ANGLE   =      1500.9423  DIHED      =      1001.7994
 UB     =         0.0000  IMP     =         0.0000  CMAP       =       142.8106
 1-4 NB =       651.5771  1-4 EEL =      5859.6781  VDWAALS    =     16384.5523
 EELEC  =   -163606.9148  EHBOND  =         0.0000  RESTRAINT  =         0.0000
 EKCMT  =         0.0000  VIRIAL  =         0.0000  VOLUME     =    332744.7020
                                                    Density    =         1.0346
 ------------------------------------------------------------------------------

wrapping first mol.:      -75.62013        0.00000        0.00000
wrapping first mol.:      -75.62013        0.00000        0.00000
wrapping first mol.:      -75.69405        0.00000        0.00000
wrapping first mol.:      -75.69405        0.00000        0.00000
wrapping first mol.:      -75.68766        0.00000        0.00000
wrapping first mol.:      -75.68766        0.00000        0.00000
wrapping first mol.:      -75.77959        0.00000        0.00000
wrapping first mol.:      -75.77959        0.00000        0.00000
wrapping first mol.:      -75.75061        0.00000        0.00000
wrapping first mol.:      -75.75061        0.00000        0.00000

 NSTEP =   250000   TIME(PS) =    2200.000  TEMP(K) =   300.75  PRESS =     0.0
 Etot   =   -116803.0932  EKtot   =     20557.2578  EPtot      =   -137360.3510
 BOND   =       554.0843  ANGLE   =      1502.4839  DIHED      =      1008.1541
 UB     =         0.0000  IMP     =         0.0000  CMAP       =       136.3117
 1-4 NB =       665.8802  1-4 EEL =      5889.7538  VDWAALS    =     16390.6868
 EELEC  =   -163507.7057  EHBOND  =         0.0000  RESTRAINT  =         0.0000
 EKCMT  =         0.0000  VIRIAL  =         0.0000  VOLUME     =    334608.1044
                                                    Density    =         1.0288
 ------------------------------------------------------------------------------

wrapping first mol.:      -75.64938        0.00000        0.00000
wrapping first mol.:      -75.64938        0.00000        0.00000
wrapping first mol.:      -75.63735        0.00000        0.00000
wrapping first mol.:      -75.63735        0.00000        0.00000
wrapping first mol.:      -75.65450        0.00000        0.00000
wrapping first mol.:      -75.65450        0.00000        0.00000
wrapping first mol.:      -75.64579        0.00000        0.00000
wrapping first mol.:      -75.64579        0.00000        0.00000
wrapping first mol.:      -75.58985        0.00000        0.00000
wrapping first mol.:      -75.58985        0.00000        0.00000

 NSTEP =   275000   TIME(PS) =    2250.000  TEMP(K) =   297.61  PRESS =     0.0
 Etot   =   -117388.7216  EKtot   =     20342.6680  EPtot      =   -137731.3896
 BOND   =       553.3697  ANGLE   =      1478.4768  DIHED      =       973.9380
 UB     =         0.0000  IMP     =         0.0000  CMAP       =       135.2597
 1-4 NB =       632.7508  1-4 EEL =      5849.0000  VDWAALS    =     16615.4485
 EELEC  =   -163969.6330  EHBOND  =         0.0000  RESTRAINT  =         0.0000
 EKCMT  =         0.0000  VIRIAL  =         0.0000  VOLUME     =    332482.4016
                                                    Density    =         1.0354
 ------------------------------------------------------------------------------

wrapping first mol.:      -75.75536        0.00000        0.00000
wrapping first mol.:      -75.75536        0.00000        0.00000
wrapping first mol.:      -75.84186        0.00000        0.00000
wrapping first mol.:      -75.84186        0.00000        0.00000
wrapping first mol.:      -75.68693        0.00000        0.00000
wrapping first mol.:      -75.68693        0.00000        0.00000
wrapping first mol.:      -75.60256        0.00000        0.00000
wrapping first mol.:      -75.60256        0.00000        0.00000
wrapping first mol.:      -75.65416        0.00000        0.00000
wrapping first mol.:      -75.65416        0.00000        0.00000

 NSTEP =   300000   TIME(PS) =    2300.000  TEMP(K) =   298.51  PRESS =     0.0
 Etot   =   -116875.5557  EKtot   =     20404.5449  EPtot      =   -137280.1007
 BOND   =       550.5469  ANGLE   =      1504.5115  DIHED      =       984.5823
 UB     =         0.0000  IMP     =         0.0000  CMAP       =       136.8805
 1-4 NB =       649.5259  1-4 EEL =      5865.4009  VDWAALS    =     15978.0768
 EELEC  =   -162949.6255  EHBOND  =         0.0000  RESTRAINT  =         0.0000
 EKCMT  =         0.0000  VIRIAL  =         0.0000  VOLUME     =    333331.6220
                                                    Density    =         1.0328
 ------------------------------------------------------------------------------

wrapping first mol.:      -75.71431        0.00000        0.00000
wrapping first mol.:      -75.71431        0.00000        0.00000
wrapping first mol.:      -75.70913        0.00000        0.00000
wrapping first mol.:      -75.70913        0.00000        0.00000
wrapping first mol.:      -75.69707        0.00000        0.00000
wrapping first mol.:      -75.69707        0.00000        0.00000
wrapping first mol.:      -75.73323        0.00000        0.00000
wrapping first mol.:      -75.73323        0.00000        0.00000
wrapping first mol.:      -75.78296        0.00000        0.00000
wrapping first mol.:      -75.78296        0.00000        0.00000

 NSTEP =   325000   TIME(PS) =    2350.000  TEMP(K) =   299.55  PRESS =     0.0
 Etot   =   -117015.9496  EKtot   =     20475.6250  EPtot      =   -137491.5746
 BOND   =       557.8781  ANGLE   =      1587.6492  DIHED      =      1023.7941
 UB     =         0.0000  IMP     =         0.0000  CMAP       =       131.2067
 1-4 NB =       655.2611  1-4 EEL =      5811.5942  VDWAALS    =     16312.1199
 EELEC  =   -163571.0779  EHBOND  =         0.0000  RESTRAINT  =         0.0000
 EKCMT  =         0.0000  VIRIAL  =         0.0000  VOLUME     =    335037.0604
                                                    Density    =         1.0275
 ------------------------------------------------------------------------------

wrapping first mol.:      -75.72726        0.00000        0.00000
wrapping first mol.:      -75.72726        0.00000        0.00000
wrapping first mol.:      -75.61439        0.00000        0.00000
wrapping first mol.:      -75.61439        0.00000        0.00000
wrapping first mol.:      -75.70018        0.00000        0.00000
wrapping first mol.:      -75.70018        0.00000        0.00000
wrapping first mol.:      -75.77718        0.00000        0.00000
wrapping first mol.:      -75.77718        0.00000        0.00000
wrapping first mol.:      -75.79122        0.00000        0.00000
wrapping first mol.:      -75.79122        0.00000        0.00000

 NSTEP =   350000   TIME(PS) =    2400.000  TEMP(K) =   299.57  PRESS =     0.0
 Etot   =   -116715.4232  EKtot   =     20476.8438  EPtot      =   -137192.2670
 BOND   =       540.7437  ANGLE   =      1527.2013  DIHED      =      1023.1362
 UB     =         0.0000  IMP     =         0.0000  CMAP       =       137.4501
 1-4 NB =       638.9284  1-4 EEL =      5894.3361  VDWAALS    =     16375.7346
 EELEC  =   -163329.7974  EHBOND  =         0.0000  RESTRAINT  =         0.0000
 EKCMT  =         0.0000  VIRIAL  =         0.0000  VOLUME     =    335146.6608
                                                    Density    =         1.0272
 ------------------------------------------------------------------------------

wrapping first mol.:      -75.71925        0.00000        0.00000
wrapping first mol.:      -75.71925        0.00000        0.00000
wrapping first mol.:      -75.68845        0.00000        0.00000
wrapping first mol.:      -75.68845        0.00000        0.00000
wrapping first mol.:      -75.70285        0.00000        0.00000
wrapping first mol.:      -75.70285        0.00000        0.00000
wrapping first mol.:      -75.66958        0.00000        0.00000
wrapping first mol.:      -75.66958        0.00000        0.00000
wrapping first mol.:      -75.65739        0.00000        0.00000
wrapping first mol.:      -75.65739        0.00000        0.00000

 NSTEP =   375000   TIME(PS) =    2450.000  TEMP(K) =   300.51  PRESS =     0.0
 Etot   =   -117039.7258  EKtot   =     20541.4609  EPtot      =   -137581.1867
 BOND   =       565.4601  ANGLE   =      1496.8349  DIHED      =      1013.0591
 UB     =         0.0000  IMP     =         0.0000  CMAP       =       138.2631
 1-4 NB =       652.2381  1-4 EEL =      5851.6350  VDWAALS    =     16292.4518
 EELEC  =   -163591.1287  EHBOND  =         0.0000  RESTRAINT  =         0.0000
 EKCMT  =         0.0000  VIRIAL  =         0.0000  VOLUME     =    333374.3889
                                                    Density    =         1.0327
 ------------------------------------------------------------------------------

wrapping first mol.:      -75.69813        0.00000        0.00000
wrapping first mol.:      -75.69813        0.00000        0.00000
wrapping first mol.:      -75.71405        0.00000        0.00000
wrapping first mol.:      -75.71405        0.00000        0.00000
wrapping first mol.:      -75.70211        0.00000        0.00000
wrapping first mol.:      -75.70211        0.00000        0.00000
wrapping first mol.:      -75.69418        0.00000        0.00000
wrapping first mol.:      -75.69418        0.00000        0.00000
wrapping first mol.:      -75.69958        0.00000        0.00000
wrapping first mol.:      -75.69958        0.00000        0.00000

 NSTEP =   400000   TIME(PS) =    2500.000  TEMP(K) =   300.17  PRESS =     0.0
 Etot   =   -116999.3883  EKtot   =     20517.8379  EPtot      =   -137517.2262
 BOND   =       552.3503  ANGLE   =      1499.7484  DIHED      =       982.3139
 UB     =         0.0000  IMP     =         0.0000  CMAP       =       134.9655
 1-4 NB =       664.0801  1-4 EEL =      5859.1204  VDWAALS    =     15994.9854
 EELEC  =   -163204.7903  EHBOND  =         0.0000  RESTRAINT  =         0.0000
 EKCMT  =         0.0000  VIRIAL  =         0.0000  VOLUME     =    333932.4456
                                                    Density    =         1.0309
 ------------------------------------------------------------------------------

wrapping first mol.:      -75.76874        0.00000        0.00000
wrapping first mol.:      -75.76874        0.00000        0.00000
wrapping first mol.:      -75.66980        0.00000        0.00000
wrapping first mol.:      -75.66980        0.00000        0.00000
wrapping first mol.:      -75.57863        0.00000        0.00000
wrapping first mol.:      -75.57863        0.00000        0.00000
wrapping first mol.:      -75.66493        0.00000        0.00000
wrapping first mol.:      -75.66493        0.00000        0.00000
wrapping first mol.:      -75.76868        0.00000        0.00000
wrapping first mol.:      -75.76868        0.00000        0.00000

 NSTEP =   425000   TIME(PS) =    2550.000  TEMP(K) =   299.67  PRESS =     0.0
 Etot   =   -116793.5025  EKtot   =     20483.8926  EPtot      =   -137277.3951
 BOND   =       566.3913  ANGLE   =      1504.4218  DIHED      =      1000.8257
 UB     =         0.0000  IMP     =         0.0000  CMAP       =       136.5642
 1-4 NB =       659.8990  1-4 EEL =      5821.9429  VDWAALS    =     15996.7624
 EELEC  =   -162964.2025  EHBOND  =         0.0000  RESTRAINT  =         0.0000
 EKCMT  =         0.0000  VIRIAL  =         0.0000  VOLUME     =    334847.6740
                                                    Density    =         1.0281
 ------------------------------------------------------------------------------

wrapping first mol.:      -75.67662        0.00000        0.00000
wrapping first mol.:      -75.67662        0.00000        0.00000
wrapping first mol.:      -75.80866        0.00000        0.00000
wrapping first mol.:      -75.80866        0.00000        0.00000
wrapping first mol.:      -75.75077        0.00000        0.00000
wrapping first mol.:      -75.75077        0.00000        0.00000
wrapping first mol.:      -75.67981        0.00000        0.00000
wrapping first mol.:      -75.67981        0.00000        0.00000
wrapping first mol.:      -75.72285        0.00000        0.00000
wrapping first mol.:      -75.72285        0.00000        0.00000

 NSTEP =   450000   TIME(PS) =    2600.000  TEMP(K) =   299.39  PRESS =     0.0
 Etot   =   -116905.8214  EKtot   =     20464.5234  EPtot      =   -137370.3448
 BOND   =       519.4870  ANGLE   =      1566.7135  DIHED      =      1014.3069
 UB     =         0.0000  IMP     =         0.0000  CMAP       =       128.7645
 1-4 NB =       645.4286  1-4 EEL =      5882.1366  VDWAALS    =     16672.0894
 EELEC  =   -163799.2713  EHBOND  =         0.0000  RESTRAINT  =         0.0000
 EKCMT  =         0.0000  VIRIAL  =         0.0000  VOLUME     =    334240.4723
                                                    Density    =         1.0300
 ------------------------------------------------------------------------------

wrapping first mol.:      -75.72176        0.00000        0.00000
wrapping first mol.:      -75.72176        0.00000        0.00000
wrapping first mol.:      -75.75969        0.00000        0.00000
wrapping first mol.:      -75.75969        0.00000        0.00000
wrapping first mol.:      -75.66232        0.00000        0.00000
wrapping first mol.:      -75.66232        0.00000        0.00000
wrapping first mol.:      -75.70459        0.00000        0.00000
wrapping first mol.:      -75.70459        0.00000        0.00000
wrapping first mol.:      -75.74452        0.00000        0.00000
wrapping first mol.:      -75.74452        0.00000        0.00000

 NSTEP =   475000   TIME(PS) =    2650.000  TEMP(K) =   299.64  PRESS =     0.0
 Etot   =   -116871.4326  EKtot   =     20481.5703  EPtot      =   -137353.0029
 BOND   =       585.6036  ANGLE   =      1596.5175  DIHED      =      1001.1870
 UB     =         0.0000  IMP     =         0.0000  CMAP       =       145.8062
 1-4 NB =       625.5494  1-4 EEL =      5840.5635  VDWAALS    =     16495.4319
 EELEC  =   -163643.6620  EHBOND  =         0.0000  RESTRAINT  =         0.0000
 EKCMT  =         0.0000  VIRIAL  =         0.0000  VOLUME     =    334527.4853
                                                    Density    =         1.0291
 ------------------------------------------------------------------------------

wrapping first mol.:      -75.64355        0.00000        0.00000
wrapping first mol.:      -75.64355        0.00000        0.00000
wrapping first mol.:      -75.71664        0.00000        0.00000
wrapping first mol.:      -75.71664        0.00000        0.00000
wrapping first mol.:      -75.77868        0.00000        0.00000
wrapping first mol.:      -75.77868        0.00000        0.00000
wrapping first mol.:      -75.74989        0.00000        0.00000
wrapping first mol.:      -75.74989        0.00000        0.00000
wrapping first mol.:      -75.68449        0.00000        0.00000
wrapping first mol.:      -75.68449        0.00000        0.00000

 NSTEP =   500000   TIME(PS) =    2700.000  TEMP(K) =   298.99  PRESS =     0.0
 Etot   =   -116965.0436  EKtot   =     20437.5234  EPtot      =   -137402.5671
 BOND   =       551.9734  ANGLE   =      1500.0712  DIHED      =      1015.2293
 UB     =         0.0000  IMP     =         0.0000  CMAP       =       137.2418
 1-4 NB =       659.3838  1-4 EEL =      5902.6439  VDWAALS    =     16394.0354
 EELEC  =   -163563.1459  EHBOND  =         0.0000  RESTRAINT  =         0.0000
 EKCMT  =         0.0000  VIRIAL  =         0.0000  VOLUME     =    333732.6899
                                                    Density    =         1.0315
 ------------------------------------------------------------------------------

wrapping first mol.:      -75.67929        0.00000        0.00000
wrapping first mol.:      -75.67929        0.00000        0.00000
wrapping first mol.:      -75.68203        0.00000        0.00000
wrapping first mol.:      -75.68203        0.00000        0.00000
wrapping first mol.:      -75.70229        0.00000        0.00000
wrapping first mol.:      -75.70229        0.00000        0.00000
wrapping first mol.:      -75.74800        0.00000        0.00000
wrapping first mol.:      -75.74800        0.00000        0.00000
wrapping first mol.:      -75.62237        0.00000        0.00000
wrapping first mol.:      -75.62237        0.00000        0.00000

 NSTEP =   525000   TIME(PS) =    2750.000  TEMP(K) =   300.22  PRESS =     0.0
 Etot   =   -116905.9482  EKtot   =     20521.2715  EPtot      =   -137427.2197
 BOND   =       549.3351  ANGLE   =      1505.7779  DIHED      =       997.1385
 UB     =         0.0000  IMP     =         0.0000  CMAP       =       138.1867
 1-4 NB =       651.2566  1-4 EEL =      5895.9428  VDWAALS    =     16507.5188
 EELEC  =   -163672.3760  EHBOND  =         0.0000  RESTRAINT  =         0.0000
 EKCMT  =         0.0000  VIRIAL  =         0.0000  VOLUME     =    332911.6667
                                                    Density    =         1.0341
 ------------------------------------------------------------------------------

wrapping first mol.:      -75.66740        0.00000        0.00000
wrapping first mol.:      -75.66740        0.00000        0.00000
wrapping first mol.:      -75.51553        0.00000        0.00000
wrapping first mol.:      -75.51553        0.00000        0.00000
wrapping first mol.:      -75.66517        0.00000        0.00000
wrapping first mol.:      -75.66517        0.00000        0.00000
wrapping first mol.:      -75.65828        0.00000        0.00000
wrapping first mol.:      -75.65828        0.00000        0.00000
wrapping first mol.:      -75.71152        0.00000        0.00000
wrapping first mol.:      -75.71152        0.00000        0.00000

 NSTEP =   550000   TIME(PS) =    2800.000  TEMP(K) =   303.73  PRESS =     0.0
 Etot   =   -116610.0039  EKtot   =     20761.2812  EPtot      =   -137371.2852
 BOND   =       606.3898  ANGLE   =      1528.6650  DIHED      =      1000.0287
 UB     =         0.0000  IMP     =         0.0000  CMAP       =       134.5289
 1-4 NB =       658.1917  1-4 EEL =      5924.1714  VDWAALS    =     16667.2292
 EELEC  =   -163890.4899  EHBOND  =         0.0000  RESTRAINT  =         0.0000
 EKCMT  =         0.0000  VIRIAL  =         0.0000  VOLUME     =    334090.4295
                                                    Density    =         1.0304
 ------------------------------------------------------------------------------

wrapping first mol.:      -75.67910        0.00000        0.00000
wrapping first mol.:      -75.67910        0.00000        0.00000
wrapping first mol.:      -75.66963        0.00000        0.00000
wrapping first mol.:      -75.66963        0.00000        0.00000
wrapping first mol.:      -75.64390        0.00000        0.00000
wrapping first mol.:      -75.64390        0.00000        0.00000
wrapping first mol.:      -75.74135        0.00000        0.00000
wrapping first mol.:      -75.74135        0.00000        0.00000
wrapping first mol.:      -75.66067        0.00000        0.00000
wrapping first mol.:      -75.66067        0.00000        0.00000

 NSTEP =   575000   TIME(PS) =    2850.000  TEMP(K) =   298.81  PRESS =     0.0
 Etot   =   -116858.0460  EKtot   =     20424.9141  EPtot      =   -137282.9601
 BOND   =       604.8398  ANGLE   =      1553.8770  DIHED      =      1005.5974
 UB     =         0.0000  IMP     =         0.0000  CMAP       =       124.8164
 1-4 NB =       663.5809  1-4 EEL =      5875.1200  VDWAALS    =     16392.0478
 EELEC  =   -163502.8395  EHBOND  =         0.0000  RESTRAINT  =         0.0000
 EKCMT  =         0.0000  VIRIAL  =         0.0000  VOLUME     =    333417.7551
                                                    Density    =         1.0325
 ------------------------------------------------------------------------------

wrapping first mol.:      -75.67810        0.00000        0.00000
wrapping first mol.:      -75.67810        0.00000        0.00000
wrapping first mol.:      -75.74283        0.00000        0.00000
wrapping first mol.:      -75.74283        0.00000        0.00000
wrapping first mol.:      -75.75657        0.00000        0.00000
wrapping first mol.:      -75.75657        0.00000        0.00000
wrapping first mol.:      -75.64323        0.00000        0.00000
wrapping first mol.:      -75.64323        0.00000        0.00000
wrapping first mol.:      -75.76871        0.00000        0.00000
wrapping first mol.:      -75.76871        0.00000        0.00000

 NSTEP =   600000   TIME(PS) =    2900.000  TEMP(K) =   301.71  PRESS =     0.0
 Etot   =   -116802.8292  EKtot   =     20623.3984  EPtot      =   -137426.2276
 BOND   =       587.7417  ANGLE   =      1507.7835  DIHED      =       981.2001
 UB     =         0.0000  IMP     =         0.0000  CMAP       =       141.0410
 1-4 NB =       638.0566  1-4 EEL =      5941.3580  VDWAALS    =     16198.3874
 EELEC  =   -163421.7960  EHBOND  =         0.0000  RESTRAINT  =         0.0000
 EKCMT  =         0.0000  VIRIAL  =         0.0000  VOLUME     =    334848.0347
                                                    Density    =         1.0281
 ------------------------------------------------------------------------------

wrapping first mol.:      -75.71775        0.00000        0.00000
wrapping first mol.:      -75.71775        0.00000        0.00000
wrapping first mol.:      -75.67243        0.00000        0.00000
wrapping first mol.:      -75.67243        0.00000        0.00000
wrapping first mol.:      -75.55308        0.00000        0.00000
wrapping first mol.:      -75.55308        0.00000        0.00000
wrapping first mol.:      -75.73968        0.00000        0.00000
wrapping first mol.:      -75.73968        0.00000        0.00000
wrapping first mol.:      -75.68553        0.00000        0.00000
wrapping first mol.:      -75.68553        0.00000        0.00000

 NSTEP =   625000   TIME(PS) =    2950.000  TEMP(K) =   299.62  PRESS =     0.0
 Etot   =   -117166.5737  EKtot   =     20480.4102  EPtot      =   -137646.9838
 BOND   =       575.8510  ANGLE   =      1516.2434  DIHED      =      1003.7511
 UB     =         0.0000  IMP     =         0.0000  CMAP       =       138.0154
 1-4 NB =       657.2603  1-4 EEL =      5950.5218  VDWAALS    =     16703.1028
 EELEC  =   -164191.7296  EHBOND  =         0.0000  RESTRAINT  =         0.0000
 EKCMT  =         0.0000  VIRIAL  =         0.0000  VOLUME     =    333746.5213
                                                    Density    =         1.0315
 ------------------------------------------------------------------------------

wrapping first mol.:      -75.64802        0.00000        0.00000
wrapping first mol.:      -75.64802        0.00000        0.00000
wrapping first mol.:      -75.70391        0.00000        0.00000
wrapping first mol.:      -75.70391        0.00000        0.00000
wrapping first mol.:      -75.66057        0.00000        0.00000
wrapping first mol.:      -75.66057        0.00000        0.00000
wrapping first mol.:      -75.67485        0.00000        0.00000
wrapping first mol.:      -75.67485        0.00000        0.00000
wrapping first mol.:      -75.63452        0.00000        0.00000
wrapping first mol.:      -75.63452        0.00000        0.00000

 NSTEP =   650000   TIME(PS) =    3000.000  TEMP(K) =   298.54  PRESS =     0.0
 Etot   =   -117048.2438  EKtot   =     20406.3320  EPtot      =   -137454.5759
 BOND   =       562.2659  ANGLE   =      1535.9187  DIHED      =      1025.0639
 UB     =         0.0000  IMP     =         0.0000  CMAP       =       140.7123
 1-4 NB =       637.3516  1-4 EEL =      5920.5895  VDWAALS    =     16161.6934
 EELEC  =   -163438.1712  EHBOND  =         0.0000  RESTRAINT  =         0.0000
 EKCMT  =         0.0000  VIRIAL  =         0.0000  VOLUME     =    333072.1573
                                                    Density    =         1.0336
 ------------------------------------------------------------------------------

wrapping first mol.:      -75.77582        0.00000        0.00000
wrapping first mol.:      -75.77582        0.00000        0.00000
wrapping first mol.:      -75.74691        0.00000        0.00000
wrapping first mol.:      -75.74691        0.00000        0.00000
wrapping first mol.:      -75.69255        0.00000        0.00000
wrapping first mol.:      -75.69255        0.00000        0.00000
wrapping first mol.:      -75.67112        0.00000        0.00000
wrapping first mol.:      -75.67112        0.00000        0.00000
wrapping first mol.:      -75.72670        0.00000        0.00000
wrapping first mol.:      -75.72670        0.00000        0.00000

 NSTEP =   675000   TIME(PS) =    3050.000  TEMP(K) =   300.15  PRESS =     0.0
 Etot   =   -116761.9085  EKtot   =     20516.3770  EPtot      =   -137278.2854
 BOND   =       563.2614  ANGLE   =      1527.3508  DIHED      =      1015.8552
 UB     =         0.0000  IMP     =         0.0000  CMAP       =       137.5395
 1-4 NB =       660.7569  1-4 EEL =      5944.6027  VDWAALS    =     16267.1813
 EELEC  =   -163394.8332  EHBOND  =         0.0000  RESTRAINT  =         0.0000
 EKCMT  =         0.0000  VIRIAL  =         0.0000  VOLUME     =    334291.3925
                                                    Density    =         1.0298
 ------------------------------------------------------------------------------

wrapping first mol.:      -75.71202        0.00000        0.00000
wrapping first mol.:      -75.71202        0.00000        0.00000
wrapping first mol.:      -75.60686        0.00000        0.00000
wrapping first mol.:      -75.60686        0.00000        0.00000
wrapping first mol.:      -75.64834        0.00000        0.00000
wrapping first mol.:      -75.64834        0.00000        0.00000
wrapping first mol.:      -75.72041        0.00000        0.00000
wrapping first mol.:      -75.72041        0.00000        0.00000
wrapping first mol.:      -75.79362        0.00000        0.00000
wrapping first mol.:      -75.79362        0.00000        0.00000

 NSTEP =   700000   TIME(PS) =    3100.000  TEMP(K) =   299.91  PRESS =     0.0
 Etot   =   -116938.0399  EKtot   =     20499.9414  EPtot      =   -137437.9813
 BOND   =       550.4331  ANGLE   =      1523.2983  DIHED      =      1022.0903
 UB     =         0.0000  IMP     =         0.0000  CMAP       =       137.4285
 1-4 NB =       647.0211  1-4 EEL =      5822.7988  VDWAALS    =     16479.2921
 EELEC  =   -163620.3433  EHBOND  =         0.0000  RESTRAINT  =         0.0000
 EKCMT  =         0.0000  VIRIAL  =         0.0000  VOLUME     =    335178.4056
                                                    Density    =         1.0271
 ------------------------------------------------------------------------------

wrapping first mol.:      -75.59211        0.00000        0.00000
wrapping first mol.:      -75.59211        0.00000        0.00000
wrapping first mol.:      -75.64123        0.00000        0.00000
wrapping first mol.:      -75.64123        0.00000        0.00000
wrapping first mol.:      -75.53945        0.00000        0.00000
wrapping first mol.:      -75.53945        0.00000        0.00000
wrapping first mol.:      -75.67671        0.00000        0.00000
wrapping first mol.:      -75.67671        0.00000        0.00000
wrapping first mol.:      -75.73066        0.00000        0.00000
wrapping first mol.:      -75.73066        0.00000        0.00000

 NSTEP =   725000   TIME(PS) =    3150.000  TEMP(K) =   301.22  PRESS =     0.0
 Etot   =   -116894.9708  EKtot   =     20589.9023  EPtot      =   -137484.8731
 BOND   =       572.5752  ANGLE   =      1535.6759  DIHED      =       999.8544
 UB     =         0.0000  IMP     =         0.0000  CMAP       =       137.6767
 1-4 NB =       648.0398  1-4 EEL =      5877.5375  VDWAALS    =     16260.2877
 EELEC  =   -163516.5203  EHBOND  =         0.0000  RESTRAINT  =         0.0000
 EKCMT  =         0.0000  VIRIAL  =         0.0000  VOLUME     =    334343.8965
                                                    Density    =         1.0297
 ------------------------------------------------------------------------------

wrapping first mol.:      -75.69886        0.00000        0.00000
wrapping first mol.:      -75.69886        0.00000        0.00000
wrapping first mol.:      -75.61074        0.00000        0.00000
wrapping first mol.:      -75.61074        0.00000        0.00000
wrapping first mol.:      -75.63041        0.00000        0.00000
wrapping first mol.:      -75.63041        0.00000        0.00000
wrapping first mol.:      -75.60290        0.00000        0.00000
wrapping first mol.:      -75.60290        0.00000        0.00000
wrapping first mol.:      -75.76233        0.00000        0.00000
wrapping first mol.:      -75.76233        0.00000        0.00000

 NSTEP =   750000   TIME(PS) =    3200.000  TEMP(K) =   301.93  PRESS =     0.0
 Etot   =   -116842.3710  EKtot   =     20638.5117  EPtot      =   -137480.8828
 BOND   =       552.7145  ANGLE   =      1549.2689  DIHED      =      1019.6079
 UB     =         0.0000  IMP     =         0.0000  CMAP       =       150.1675
 1-4 NB =       634.8420  1-4 EEL =      5859.6536  VDWAALS    =     16054.3008
 EELEC  =   -163301.4379  EHBOND  =         0.0000  RESTRAINT  =         0.0000
 EKCMT  =         0.0000  VIRIAL  =         0.0000  VOLUME     =    334763.5088
                                                    Density    =         1.0284
 ------------------------------------------------------------------------------

wrapping first mol.:      -75.78643        0.00000        0.00000
wrapping first mol.:      -75.78643        0.00000        0.00000
wrapping first mol.:      -75.66561        0.00000        0.00000
wrapping first mol.:      -75.66561        0.00000        0.00000
wrapping first mol.:      -75.63910        0.00000        0.00000
wrapping first mol.:      -75.63910        0.00000        0.00000
wrapping first mol.:      -75.69134        0.00000        0.00000
wrapping first mol.:      -75.69134        0.00000        0.00000
wrapping first mol.:      -75.70109        0.00000        0.00000
wrapping first mol.:      -75.70109        0.00000        0.00000

 NSTEP =   775000   TIME(PS) =    3250.000  TEMP(K) =   300.23  PRESS =     0.0
 Etot   =   -116732.0817  EKtot   =     20522.2227  EPtot      =   -137254.3044
 BOND   =       591.8612  ANGLE   =      1521.3551  DIHED      =      1004.0466
 UB     =         0.0000  IMP     =         0.0000  CMAP       =       143.7078
 1-4 NB =       651.9572  1-4 EEL =      5881.9577  VDWAALS    =     16152.0830
 EELEC  =   -163201.2731  EHBOND  =         0.0000  RESTRAINT  =         0.0000
 EKCMT  =         0.0000  VIRIAL  =         0.0000  VOLUME     =    333952.4267
                                                    Density    =         1.0309
 ------------------------------------------------------------------------------

wrapping first mol.:      -75.67621        0.00000        0.00000
wrapping first mol.:      -75.67621        0.00000        0.00000
wrapping first mol.:      -75.71294        0.00000        0.00000
wrapping first mol.:      -75.71294        0.00000        0.00000
wrapping first mol.:      -75.66065        0.00000        0.00000
wrapping first mol.:      -75.66065        0.00000        0.00000
wrapping first mol.:      -75.68824        0.00000        0.00000
wrapping first mol.:      -75.68824        0.00000        0.00000
wrapping first mol.:      -75.76559        0.00000        0.00000
wrapping first mol.:      -75.76559        0.00000        0.00000

 NSTEP =   800000   TIME(PS) =    3300.000  TEMP(K) =   299.96  PRESS =     0.0
 Etot   =   -116635.7258  EKtot   =     20503.8027  EPtot      =   -137139.5285
 BOND   =       559.0073  ANGLE   =      1575.8350  DIHED      =      1000.8911
 UB     =         0.0000  IMP     =         0.0000  CMAP       =       139.3972
 1-4 NB =       622.3276  1-4 EEL =      5901.5894  VDWAALS    =     16271.8645
 EELEC  =   -163210.4406  EHBOND  =         0.0000  RESTRAINT  =         0.0000
 EKCMT  =         0.0000  VIRIAL  =         0.0000  VOLUME     =    334806.7137
                                                    Density    =         1.0282
 ------------------------------------------------------------------------------

wrapping first mol.:      -75.73275        0.00000        0.00000
wrapping first mol.:      -75.73275        0.00000        0.00000
wrapping first mol.:      -75.71756        0.00000        0.00000
wrapping first mol.:      -75.71756        0.00000        0.00000
wrapping first mol.:      -75.69854        0.00000        0.00000
wrapping first mol.:      -75.69854        0.00000        0.00000
wrapping first mol.:      -75.72268        0.00000        0.00000
wrapping first mol.:      -75.72268        0.00000        0.00000
wrapping first mol.:      -75.78002        0.00000        0.00000
wrapping first mol.:      -75.78002        0.00000        0.00000

 NSTEP =   825000   TIME(PS) =    3350.000  TEMP(K) =   299.10  PRESS =     0.0
 Etot   =   -116639.9070  EKtot   =     20445.0078  EPtot      =   -137084.9148
 BOND   =       595.4354  ANGLE   =      1501.8190  DIHED      =      1008.3888
 UB     =         0.0000  IMP     =         0.0000  CMAP       =       143.1721
 1-4 NB =       650.0206  1-4 EEL =      5902.9794  VDWAALS    =     16197.4530
 EELEC  =   -163084.1830  EHBOND  =         0.0000  RESTRAINT  =         0.0000
 EKCMT  =         0.0000  VIRIAL  =         0.0000  VOLUME     =    334998.0912
                                                    Density    =         1.0276
 ------------------------------------------------------------------------------

wrapping first mol.:      -75.79850        0.00000        0.00000
wrapping first mol.:      -75.79850        0.00000        0.00000
wrapping first mol.:      -75.71147        0.00000        0.00000
wrapping first mol.:      -75.71147        0.00000        0.00000
wrapping first mol.:      -75.71900        0.00000        0.00000
wrapping first mol.:      -75.71900        0.00000        0.00000
wrapping first mol.:      -75.63843        0.00000        0.00000
wrapping first mol.:      -75.63843        0.00000        0.00000
wrapping first mol.:      -75.63785        0.00000        0.00000
wrapping first mol.:      -75.63785        0.00000        0.00000

 NSTEP =   850000   TIME(PS) =    3400.000  TEMP(K) =   301.33  PRESS =     0.0
 Etot   =   -116763.2985  EKtot   =     20597.3281  EPtot      =   -137360.6266
 BOND   =       602.6516  ANGLE   =      1528.8479  DIHED      =      1020.9360
 UB     =         0.0000  IMP     =         0.0000  CMAP       =       143.9734
 1-4 NB =       635.3531  1-4 EEL =      5888.6483  VDWAALS    =     16486.3080
 EELEC  =   -163667.3450  EHBOND  =         0.0000  RESTRAINT  =         0.0000
 EKCMT  =         0.0000  VIRIAL  =         0.0000  VOLUME     =    333116.1474
                                                    Density    =         1.0335
 ------------------------------------------------------------------------------

wrapping first mol.:      -75.64107        0.00000        0.00000
wrapping first mol.:      -75.64107        0.00000        0.00000
wrapping first mol.:      -75.70970        0.00000        0.00000
wrapping first mol.:      -75.70970        0.00000        0.00000
wrapping first mol.:      -75.73050        0.00000        0.00000
wrapping first mol.:      -75.73050        0.00000        0.00000
wrapping first mol.:      -75.68889        0.00000        0.00000
wrapping first mol.:      -75.68889        0.00000        0.00000
wrapping first mol.:      -75.66276        0.00000        0.00000
wrapping first mol.:      -75.66276        0.00000        0.00000

 NSTEP =   875000   TIME(PS) =    3450.000  TEMP(K) =   299.34  PRESS =     0.0
 Etot   =   -116918.2015  EKtot   =     20461.4375  EPtot      =   -137379.6390
 BOND   =       533.9354  ANGLE   =      1498.1558  DIHED      =      1046.2619
 UB     =         0.0000  IMP     =         0.0000  CMAP       =       137.7394
 1-4 NB =       644.4349  1-4 EEL =      5924.4127  VDWAALS    =     16010.4914
 EELEC  =   -163175.0706  EHBOND  =         0.0000  RESTRAINT  =         0.0000
 EKCMT  =         0.0000  VIRIAL  =         0.0000  VOLUME     =    333445.3225
                                                    Density    =         1.0324
 ------------------------------------------------------------------------------

wrapping first mol.:      -75.63843        0.00000        0.00000
wrapping first mol.:      -75.63843        0.00000        0.00000
wrapping first mol.:      -75.67123        0.00000        0.00000
wrapping first mol.:      -75.67123        0.00000        0.00000
wrapping first mol.:      -75.78709        0.00000        0.00000
wrapping first mol.:      -75.78709        0.00000        0.00000
wrapping first mol.:      -75.70379        0.00000        0.00000
wrapping first mol.:      -75.70379        0.00000        0.00000
wrapping first mol.:      -75.73160        0.00000        0.00000
wrapping first mol.:      -75.73160        0.00000        0.00000

 NSTEP =   900000   TIME(PS) =    3500.000  TEMP(K) =   301.29  PRESS =     0.0
 Etot   =   -116680.7865  EKtot   =     20594.5176  EPtot      =   -137275.3041
 BOND   =       562.3257  ANGLE   =      1556.0856  DIHED      =      1018.2861
 UB     =         0.0000  IMP     =         0.0000  CMAP       =       134.3039
 1-4 NB =       657.2998  1-4 EEL =      5870.0083  VDWAALS    =     16296.6358
 EELEC  =   -163370.2493  EHBOND  =         0.0000  RESTRAINT  =         0.0000
 EKCMT  =         0.0000  VIRIAL  =         0.0000  VOLUME     =    334356.2542
                                                    Density    =         1.0296
 ------------------------------------------------------------------------------

wrapping first mol.:      -75.62620        0.00000        0.00000
wrapping first mol.:      -75.62620        0.00000        0.00000
wrapping first mol.:      -75.61590        0.00000        0.00000
wrapping first mol.:      -75.61590        0.00000        0.00000
wrapping first mol.:      -75.65649        0.00000        0.00000
wrapping first mol.:      -75.65649        0.00000        0.00000
wrapping first mol.:      -75.74661        0.00000        0.00000
wrapping first mol.:      -75.74661        0.00000        0.00000
wrapping first mol.:      -75.57623        0.00000        0.00000
wrapping first mol.:      -75.57623        0.00000        0.00000

 NSTEP =   925000   TIME(PS) =    3550.000  TEMP(K) =   301.10  PRESS =     0.0
 Etot   =   -116744.6986  EKtot   =     20581.5469  EPtot      =   -137326.2454
 BOND   =       581.3559  ANGLE   =      1496.4570  DIHED      =       989.5999
 UB     =         0.0000  IMP     =         0.0000  CMAP       =       140.3941
 1-4 NB =       652.1489  1-4 EEL =      5947.7860  VDWAALS    =     16388.5526
 EELEC  =   -163522.5398  EHBOND  =         0.0000  RESTRAINT  =         0.0000
 EKCMT  =         0.0000  VIRIAL  =         0.0000  VOLUME     =    332302.6627
                                                    Density    =         1.0360
 ------------------------------------------------------------------------------

wrapping first mol.:      -75.61815        0.00000        0.00000
wrapping first mol.:      -75.61815        0.00000        0.00000
wrapping first mol.:      -75.83980        0.00000        0.00000
wrapping first mol.:      -75.83980        0.00000        0.00000
wrapping first mol.:      -75.75871        0.00000        0.00000
wrapping first mol.:      -75.75871        0.00000        0.00000
wrapping first mol.:      -75.72894        0.00000        0.00000
wrapping first mol.:      -75.72894        0.00000        0.00000
wrapping first mol.:      -75.64430        0.00000        0.00000
wrapping first mol.:      -75.64430        0.00000        0.00000

 NSTEP =   950000   TIME(PS) =    3600.000  TEMP(K) =   300.29  PRESS =     0.0
 Etot   =   -117046.0729  EKtot   =     20525.8184  EPtot      =   -137571.8913
 BOND   =       571.6693  ANGLE   =      1498.4555  DIHED      =       983.9553
 UB     =         0.0000  IMP     =         0.0000  CMAP       =       143.3335
 1-4 NB =       640.9813  1-4 EEL =      5868.6355  VDWAALS    =     16337.4394
 EELEC  =   -163616.3611  EHBOND  =         0.0000  RESTRAINT  =         0.0000
 EKCMT  =         0.0000  VIRIAL  =         0.0000  VOLUME     =    333201.3339
                                                    Density    =         1.0332
 ------------------------------------------------------------------------------

wrapping first mol.:      -75.67647        0.00000        0.00000
wrapping first mol.:      -75.67647        0.00000        0.00000
wrapping first mol.:      -75.69703        0.00000        0.00000
wrapping first mol.:      -75.69703        0.00000        0.00000
wrapping first mol.:      -75.61144        0.00000        0.00000
wrapping first mol.:      -75.61144        0.00000        0.00000
wrapping first mol.:      -75.56743        0.00000        0.00000
wrapping first mol.:      -75.56743        0.00000        0.00000
wrapping first mol.:      -75.63510        0.00000        0.00000
wrapping first mol.:      -75.63510        0.00000        0.00000

 NSTEP =   975000   TIME(PS) =    3650.000  TEMP(K) =   302.78  PRESS =     0.0
 Etot   =   -116750.4698  EKtot   =     20696.1953  EPtot      =   -137446.6652
 BOND   =       578.8243  ANGLE   =      1512.2207  DIHED      =      1029.5933
 UB     =         0.0000  IMP     =         0.0000  CMAP       =       141.2023
 1-4 NB =       651.2584  1-4 EEL =      5890.1984  VDWAALS    =     16136.9333
 EELEC  =   -163386.8959  EHBOND  =         0.0000  RESTRAINT  =         0.0000
 EKCMT  =         0.0000  VIRIAL  =         0.0000  VOLUME     =    333079.7520
                                                    Density    =         1.0336
 ------------------------------------------------------------------------------

wrapping first mol.:      -75.66014        0.00000        0.00000
wrapping first mol.:      -75.66014        0.00000        0.00000
wrapping first mol.:      -75.68759        0.00000        0.00000
wrapping first mol.:      -75.68759        0.00000        0.00000
wrapping first mol.:      -75.78941        0.00000        0.00000
wrapping first mol.:      -75.78941        0.00000        0.00000
wrapping first mol.:      -75.63090        0.00000        0.00000
wrapping first mol.:      -75.63090        0.00000        0.00000
wrapping first mol.:      -75.62657        0.00000        0.00000
wrapping first mol.:      -75.62657        0.00000        0.00000

 NSTEP =  1000000   TIME(PS) =    3700.000  TEMP(K) =   299.15  PRESS =     0.0
 Etot   =   -117102.4517  EKtot   =     20448.3555  EPtot      =   -137550.8072
 BOND   =       527.9776  ANGLE   =      1463.4180  DIHED      =      1005.8326
 UB     =         0.0000  IMP     =         0.0000  CMAP       =       139.4582
 1-4 NB =       657.1611  1-4 EEL =      5933.2725  VDWAALS    =     16089.0770
 EELEC  =   -163367.0042  EHBOND  =         0.0000  RESTRAINT  =         0.0000
 EKCMT  =         0.0000  VIRIAL  =         0.0000  VOLUME     =    332967.0619
                                                    Density    =         1.0339
 ------------------------------------------------------------------------------

wrapping first mol.:      -75.56450        0.00000        0.00000
wrapping first mol.:      -75.56450        0.00000        0.00000
wrapping first mol.:      -75.69737        0.00000        0.00000
wrapping first mol.:      -75.69737        0.00000        0.00000
wrapping first mol.:      -75.66353        0.00000        0.00000
wrapping first mol.:      -75.66353        0.00000        0.00000
wrapping first mol.:      -75.63889        0.00000        0.00000
wrapping first mol.:      -75.63889        0.00000        0.00000
wrapping first mol.:      -75.69675        0.00000        0.00000
wrapping first mol.:      -75.69675        0.00000        0.00000

 NSTEP =  1025000   TIME(PS) =    3750.000  TEMP(K) =   299.27  PRESS =     0.0
 Etot   =   -116909.6506  EKtot   =     20456.4492  EPtot      =   -137366.0998
 BOND   =       547.7419  ANGLE   =      1500.6952  DIHED      =      1013.9002
 UB     =         0.0000  IMP     =         0.0000  CMAP       =       139.2716
 1-4 NB =       638.0680  1-4 EEL =      5873.7637  VDWAALS    =     16449.9068
 EELEC  =   -163529.4473  EHBOND  =         0.0000  RESTRAINT  =         0.0000
 EKCMT  =         0.0000  VIRIAL  =         0.0000  VOLUME     =    333894.9644
                                                    Density    =         1.0310
 ------------------------------------------------------------------------------

wrapping first mol.:      -75.66800        0.00000        0.00000
wrapping first mol.:      -75.66800        0.00000        0.00000
wrapping first mol.:      -75.62678        0.00000        0.00000
wrapping first mol.:      -75.62678        0.00000        0.00000
wrapping first mol.:      -75.59836        0.00000        0.00000
wrapping first mol.:      -75.59836        0.00000        0.00000
wrapping first mol.:      -75.67173        0.00000        0.00000
wrapping first mol.:      -75.67173        0.00000        0.00000
wrapping first mol.:      -75.72304        0.00000        0.00000
wrapping first mol.:      -75.72304        0.00000        0.00000

 NSTEP =  1050000   TIME(PS) =    3800.000  TEMP(K) =   299.82  PRESS =     0.0
 Etot   =   -116901.7297  EKtot   =     20493.9980  EPtot      =   -137395.7277
 BOND   =       548.3857  ANGLE   =      1472.1478  DIHED      =      1027.5848
 UB     =         0.0000  IMP     =         0.0000  CMAP       =       154.4810
 1-4 NB =       643.6407  1-4 EEL =      5914.1639  VDWAALS    =     16636.9690
 EELEC  =   -163793.1007  EHBOND  =         0.0000  RESTRAINT  =         0.0000
 EKCMT  =         0.0000  VIRIAL  =         0.0000  VOLUME     =    334242.8922
                                                    Density    =         1.0300
 ------------------------------------------------------------------------------

wrapping first mol.:      -75.67064        0.00000        0.00000
wrapping first mol.:      -75.67064        0.00000        0.00000
wrapping first mol.:      -75.68690        0.00000        0.00000
wrapping first mol.:      -75.68690        0.00000        0.00000
wrapping first mol.:      -75.62520        0.00000        0.00000
wrapping first mol.:      -75.62520        0.00000        0.00000
wrapping first mol.:      -75.61283        0.00000        0.00000
wrapping first mol.:      -75.61283        0.00000        0.00000
wrapping first mol.:      -75.73362        0.00000        0.00000
wrapping first mol.:      -75.73362        0.00000        0.00000

 NSTEP =  1075000   TIME(PS) =    3850.000  TEMP(K) =   298.22  PRESS =     0.0
 Etot   =   -116941.8901  EKtot   =     20384.5898  EPtot      =   -137326.4799
 BOND   =       561.0915  ANGLE   =      1509.0658  DIHED      =       985.7848
 UB     =         0.0000  IMP     =         0.0000  CMAP       =       139.2945
 1-4 NB =       627.8560  1-4 EEL =      5938.1291  VDWAALS    =     16654.9568
 EELEC  =   -163742.6584  EHBOND  =         0.0000  RESTRAINT  =         0.0000
 EKCMT  =         0.0000  VIRIAL  =         0.0000  VOLUME     =    334383.0711
                                                    Density    =         1.0295
 ------------------------------------------------------------------------------

wrapping first mol.:      -75.70450        0.00000        0.00000
wrapping first mol.:      -75.70450        0.00000        0.00000
wrapping first mol.:      -75.71732        0.00000        0.00000
wrapping first mol.:      -75.71732        0.00000        0.00000
wrapping first mol.:      -75.70637        0.00000        0.00000
wrapping first mol.:      -75.70637        0.00000        0.00000
wrapping first mol.:      -75.73981        0.00000        0.00000
wrapping first mol.:      -75.73981        0.00000        0.00000
wrapping first mol.:      -75.62510        0.00000        0.00000
wrapping first mol.:      -75.62510        0.00000        0.00000

 NSTEP =  1100000   TIME(PS) =    3900.000  TEMP(K) =   300.22  PRESS =     0.0
 Etot   =   -117022.4500  EKtot   =     20521.5449  EPtot      =   -137543.9949
 BOND   =       559.5324  ANGLE   =      1564.9597  DIHED      =      1000.1954
 UB     =         0.0000  IMP     =         0.0000  CMAP       =       134.2927
 1-4 NB =       632.1846  1-4 EEL =      5889.5283  VDWAALS    =     16520.4391
 EELEC  =   -163845.1271  EHBOND  =         0.0000  RESTRAINT  =         0.0000
 EKCMT  =         0.0000  VIRIAL  =         0.0000  VOLUME     =    332947.6412
                                                    Density    =         1.0340
 ------------------------------------------------------------------------------

wrapping first mol.:      -75.64351        0.00000        0.00000
wrapping first mol.:      -75.64351        0.00000        0.00000
wrapping first mol.:      -75.64186        0.00000        0.00000
wrapping first mol.:      -75.64186        0.00000        0.00000
wrapping first mol.:      -75.70623        0.00000        0.00000
wrapping first mol.:      -75.70623        0.00000        0.00000
wrapping first mol.:      -75.79182        0.00000        0.00000
wrapping first mol.:      -75.79182        0.00000        0.00000
wrapping first mol.:      -75.63208        0.00000        0.00000
wrapping first mol.:      -75.63208        0.00000        0.00000

 NSTEP =  1125000   TIME(PS) =    3950.000  TEMP(K) =   298.94  PRESS =     0.0
 Etot   =   -116953.7626  EKtot   =     20434.0312  EPtot      =   -137387.7938
 BOND   =       583.8053  ANGLE   =      1492.7826  DIHED      =      1022.8729
 UB     =         0.0000  IMP     =         0.0000  CMAP       =       139.4816
 1-4 NB =       649.3986  1-4 EEL =      5906.9113  VDWAALS    =     16307.1376
 EELEC  =   -163490.1838  EHBOND  =         0.0000  RESTRAINT  =         0.0000
 EKCMT  =         0.0000  VIRIAL  =         0.0000  VOLUME     =    333039.9667
                                                    Density    =         1.0337
 ------------------------------------------------------------------------------

wrapping first mol.:      -75.64094        0.00000        0.00000
wrapping first mol.:      -75.64094        0.00000        0.00000
wrapping first mol.:      -75.76013        0.00000        0.00000
wrapping first mol.:      -75.76013        0.00000        0.00000
wrapping first mol.:      -75.70330        0.00000        0.00000
wrapping first mol.:      -75.70330        0.00000        0.00000
wrapping first mol.:      -75.70364        0.00000        0.00000
wrapping first mol.:      -75.70364        0.00000        0.00000
wrapping first mol.:      -75.71229        0.00000        0.00000
wrapping first mol.:      -75.71229        0.00000        0.00000

 NSTEP =  1150000   TIME(PS) =    4000.000  TEMP(K) =   299.75  PRESS =     0.0
 Etot   =   -116671.7635  EKtot   =     20489.4160  EPtot      =   -137161.1795
 BOND   =       539.9322  ANGLE   =      1540.4643  DIHED      =      1015.5694
 UB     =         0.0000  IMP     =         0.0000  CMAP       =       139.3272
 1-4 NB =       670.4392  1-4 EEL =      5888.7938  VDWAALS    =     16210.3649
 EELEC  =   -163166.0704  EHBOND  =         0.0000  RESTRAINT  =         0.0000
 EKCMT  =         0.0000  VIRIAL  =         0.0000  VOLUME     =    334100.6598
                                                    Density    =         1.0304
 ------------------------------------------------------------------------------

wrapping first mol.:      -75.70503        0.00000        0.00000
wrapping first mol.:      -75.70503        0.00000        0.00000
wrapping first mol.:      -75.71232        0.00000        0.00000
wrapping first mol.:      -75.71232        0.00000        0.00000
wrapping first mol.:      -75.77493        0.00000        0.00000
wrapping first mol.:      -75.77493        0.00000        0.00000
wrapping first mol.:      -75.61188        0.00000        0.00000
wrapping first mol.:      -75.61188        0.00000        0.00000
wrapping first mol.:      -75.65434        0.00000        0.00000
wrapping first mol.:      -75.65434        0.00000        0.00000

 NSTEP =  1175000   TIME(PS) =    4050.000  TEMP(K) =   299.99  PRESS =     0.0
 Etot   =   -116885.9977  EKtot   =     20505.6543  EPtot      =   -137391.6520
 BOND   =       597.1778  ANGLE   =      1504.8057  DIHED      =       997.9858
 UB     =         0.0000  IMP     =         0.0000  CMAP       =       143.8725
 1-4 NB =       653.1480  1-4 EEL =      5804.5164  VDWAALS    =     16314.2838
 EELEC  =   -163407.4421  EHBOND  =         0.0000  RESTRAINT  =         0.0000
 EKCMT  =         0.0000  VIRIAL  =         0.0000  VOLUME     =    333334.0492
                                                    Density    =         1.0328
 ------------------------------------------------------------------------------

wrapping first mol.:      -75.66183        0.00000        0.00000
wrapping first mol.:      -75.66183        0.00000        0.00000
wrapping first mol.:      -75.60248        0.00000        0.00000
wrapping first mol.:      -75.60248        0.00000        0.00000
wrapping first mol.:      -75.65966        0.00000        0.00000
wrapping first mol.:      -75.65966        0.00000        0.00000
wrapping first mol.:      -75.66698        0.00000        0.00000
wrapping first mol.:      -75.66698        0.00000        0.00000
wrapping first mol.:      -75.68577        0.00000        0.00000
wrapping first mol.:      -75.68577        0.00000        0.00000

 NSTEP =  1200000   TIME(PS) =    4100.000  TEMP(K) =   298.31  PRESS =     0.0
 Etot   =   -117062.3278  EKtot   =     20391.0234  EPtot      =   -137453.3512
 BOND   =       560.6527  ANGLE   =      1530.3851  DIHED      =      1018.4935
 UB     =         0.0000  IMP     =         0.0000  CMAP       =       146.7199
 1-4 NB =       652.2852  1-4 EEL =      5907.3625  VDWAALS    =     16312.0449
 EELEC  =   -163581.2950  EHBOND  =         0.0000  RESTRAINT  =         0.0000
 EKCMT  =         0.0000  VIRIAL  =         0.0000  VOLUME     =    333749.6278
                                                    Density    =         1.0315
 ------------------------------------------------------------------------------

wrapping first mol.:      -75.65396        0.00000        0.00000
wrapping first mol.:      -75.65396        0.00000        0.00000
wrapping first mol.:      -75.58180        0.00000        0.00000
wrapping first mol.:      -75.58180        0.00000        0.00000
wrapping first mol.:      -75.66764        0.00000        0.00000
wrapping first mol.:      -75.66764        0.00000        0.00000
wrapping first mol.:      -75.58001        0.00000        0.00000
wrapping first mol.:      -75.58001        0.00000        0.00000
wrapping first mol.:      -75.70522        0.00000        0.00000
wrapping first mol.:      -75.70522        0.00000        0.00000

 NSTEP =  1225000   TIME(PS) =    4150.000  TEMP(K) =   298.80  PRESS =     0.0
 Etot   =   -116895.3576  EKtot   =     20424.1738  EPtot      =   -137319.5314
 BOND   =       570.2224  ANGLE   =      1488.6308  DIHED      =       996.6531
 UB     =         0.0000  IMP     =         0.0000  CMAP       =       140.2865
 1-4 NB =       652.3857  1-4 EEL =      5884.1782  VDWAALS    =     16237.2866
 EELEC  =   -163289.1746  EHBOND  =         0.0000  RESTRAINT  =         0.0000
 EKCMT  =         0.0000  VIRIAL  =         0.0000  VOLUME     =    334007.0121
                                                    Density    =         1.0307
 ------------------------------------------------------------------------------

wrapping first mol.:      -75.70595        0.00000        0.00000
wrapping first mol.:      -75.70595        0.00000        0.00000
wrapping first mol.:      -75.62283        0.00000        0.00000
wrapping first mol.:      -75.62283        0.00000        0.00000
wrapping first mol.:      -75.74557        0.00000        0.00000
wrapping first mol.:      -75.74557        0.00000        0.00000
wrapping first mol.:      -75.73239        0.00000        0.00000
wrapping first mol.:      -75.73239        0.00000        0.00000
wrapping first mol.:      -75.73386        0.00000        0.00000
wrapping first mol.:      -75.73386        0.00000        0.00000

 NSTEP =  1250000   TIME(PS) =    4200.000  TEMP(K) =   299.20  PRESS =     0.0
 Etot   =   -116939.6834  EKtot   =     20451.9102  EPtot      =   -137391.5936
 BOND   =       612.8446  ANGLE   =      1489.2200  DIHED      =       996.1655
 UB     =         0.0000  IMP     =         0.0000  CMAP       =       131.2396
 1-4 NB =       640.0233  1-4 EEL =      5846.9938  VDWAALS    =     16327.5576
 EELEC  =   -163435.6381  EHBOND  =         0.0000  RESTRAINT  =         0.0000
 EKCMT  =         0.0000  VIRIAL  =         0.0000  VOLUME     =    334386.3108
                                                    Density    =         1.0295
 ------------------------------------------------------------------------------

wrapping first mol.:      -75.69129        0.00000        0.00000
wrapping first mol.:      -75.69129        0.00000        0.00000
wrapping first mol.:      -75.67187        0.00000        0.00000
wrapping first mol.:      -75.67187        0.00000        0.00000
wrapping first mol.:      -75.72539        0.00000        0.00000
wrapping first mol.:      -75.72539        0.00000        0.00000
wrapping first mol.:      -75.67878        0.00000        0.00000
wrapping first mol.:      -75.67878        0.00000        0.00000
wrapping first mol.:      -75.75375        0.00000        0.00000
wrapping first mol.:      -75.75375        0.00000        0.00000

 NSTEP =  1275000   TIME(PS) =    4250.000  TEMP(K) =   300.60  PRESS =     0.0
 Etot   =   -116784.9014  EKtot   =     20547.2070  EPtot      =   -137332.1085
 BOND   =       605.6819  ANGLE   =      1489.5115  DIHED      =      1009.8229
 UB     =         0.0000  IMP     =         0.0000  CMAP       =       133.8829
 1-4 NB =       660.5436  1-4 EEL =      5908.2982  VDWAALS    =     16581.1928
 EELEC  =   -163721.0424  EHBOND  =         0.0000  RESTRAINT  =         0.0000
 EKCMT  =         0.0000  VIRIAL  =         0.0000  VOLUME     =    334649.8195
                                                    Density    =         1.0287
 ------------------------------------------------------------------------------

wrapping first mol.:      -75.66420        0.00000        0.00000
wrapping first mol.:      -75.66420        0.00000        0.00000
wrapping first mol.:      -75.65488        0.00000        0.00000
wrapping first mol.:      -75.65488        0.00000        0.00000
wrapping first mol.:      -75.60768        0.00000        0.00000
wrapping first mol.:      -75.60768        0.00000        0.00000
wrapping first mol.:      -75.51864        0.00000        0.00000
wrapping first mol.:      -75.51864        0.00000        0.00000
wrapping first mol.:      -75.59556        0.00000        0.00000
wrapping first mol.:      -75.59556        0.00000        0.00000

 NSTEP =  1300000   TIME(PS) =    4300.000  TEMP(K) =   301.19  PRESS =     0.0
 Etot   =   -117135.5394  EKtot   =     20587.7617  EPtot      =   -137723.3011
 BOND   =       574.0450  ANGLE   =      1472.3960  DIHED      =      1007.8599
 UB     =         0.0000  IMP     =         0.0000  CMAP       =       132.6570
 1-4 NB =       654.1175  1-4 EEL =      5859.2067  VDWAALS    =     16456.4222
 EELEC  =   -163880.0054  EHBOND  =         0.0000  RESTRAINT  =         0.0000
 EKCMT  =         0.0000  VIRIAL  =         0.0000  VOLUME     =    332557.6386
                                                    Density    =         1.0352
 ------------------------------------------------------------------------------

wrapping first mol.:      -75.65883        0.00000        0.00000
wrapping first mol.:      -75.65883        0.00000        0.00000
wrapping first mol.:      -75.62271        0.00000        0.00000
wrapping first mol.:      -75.62271        0.00000        0.00000
wrapping first mol.:      -75.69177        0.00000        0.00000
wrapping first mol.:      -75.69177        0.00000        0.00000
wrapping first mol.:      -75.65546        0.00000        0.00000
wrapping first mol.:      -75.65546        0.00000        0.00000
wrapping first mol.:      -75.68379        0.00000        0.00000
wrapping first mol.:      -75.68379        0.00000        0.00000

 NSTEP =  1325000   TIME(PS) =    4350.000  TEMP(K) =   299.76  PRESS =     0.0
 Etot   =   -116871.8698  EKtot   =     20490.1152  EPtot      =   -137361.9850
 BOND   =       538.0674  ANGLE   =      1527.6447  DIHED      =       997.2590
 UB     =         0.0000  IMP     =         0.0000  CMAP       =       143.7794
 1-4 NB =       660.1658  1-4 EEL =      5928.4769  VDWAALS    =     16243.3073
 EELEC  =   -163400.6855  EHBOND  =         0.0000  RESTRAINT  =         0.0000
 EKCMT  =         0.0000  VIRIAL  =         0.0000  VOLUME     =    333723.5121
                                                    Density    =         1.0316
 ------------------------------------------------------------------------------

wrapping first mol.:      -75.75362        0.00000        0.00000
wrapping first mol.:      -75.75362        0.00000        0.00000
wrapping first mol.:      -75.73384        0.00000        0.00000
wrapping first mol.:      -75.73384        0.00000        0.00000
wrapping first mol.:      -75.74786        0.00000        0.00000
wrapping first mol.:      -75.74786        0.00000        0.00000
wrapping first mol.:      -75.68859        0.00000        0.00000
wrapping first mol.:      -75.68859        0.00000        0.00000
wrapping first mol.:      -75.66417        0.00000        0.00000
wrapping first mol.:      -75.66417        0.00000        0.00000

 NSTEP =  1350000   TIME(PS) =    4400.000  TEMP(K) =   298.16  PRESS =     0.0
 Etot   =   -117111.1910  EKtot   =     20380.4668  EPtot      =   -137491.6578
 BOND   =       588.2097  ANGLE   =      1456.9845  DIHED      =      1005.0613
 UB     =         0.0000  IMP     =         0.0000  CMAP       =       138.2328
 1-4 NB =       639.0816  1-4 EEL =      5871.7454  VDWAALS    =     16192.6493
 EELEC  =   -163383.6225  EHBOND  =         0.0000  RESTRAINT  =         0.0000
 EKCMT  =         0.0000  VIRIAL  =         0.0000  VOLUME     =    333463.9557
                                                    Density    =         1.0324
 ------------------------------------------------------------------------------

wrapping first mol.:      -75.63241        0.00000        0.00000
wrapping first mol.:      -75.63241        0.00000        0.00000
wrapping first mol.:      -75.64836        0.00000        0.00000
wrapping first mol.:      -75.64836        0.00000        0.00000
wrapping first mol.:      -75.60233        0.00000        0.00000
wrapping first mol.:      -75.60233        0.00000        0.00000
wrapping first mol.:      -75.62998        0.00000        0.00000
wrapping first mol.:      -75.62998        0.00000        0.00000
wrapping first mol.:      -75.66702        0.00000        0.00000
wrapping first mol.:      -75.66702        0.00000        0.00000

 NSTEP =  1375000   TIME(PS) =    4450.000  TEMP(K) =   300.84  PRESS =     0.0
 Etot   =   -116837.7053  EKtot   =     20563.4258  EPtot      =   -137401.1311
 BOND   =       563.2712  ANGLE   =      1502.1119  DIHED      =       995.7880
 UB     =         0.0000  IMP     =         0.0000  CMAP       =       144.9037
 1-4 NB =       651.6314  1-4 EEL =      5853.7367  VDWAALS    =     16414.3318
 EELEC  =   -163526.9059  EHBOND  =         0.0000  RESTRAINT  =         0.0000
 EKCMT  =         0.0000  VIRIAL  =         0.0000  VOLUME     =    333501.6894
                                                    Density    =         1.0323
 ------------------------------------------------------------------------------

wrapping first mol.:      -75.67991        0.00000        0.00000
wrapping first mol.:      -75.67991        0.00000        0.00000
wrapping first mol.:      -75.75073        0.00000        0.00000
wrapping first mol.:      -75.75073        0.00000        0.00000
wrapping first mol.:      -75.74682        0.00000        0.00000
wrapping first mol.:      -75.74682        0.00000        0.00000
wrapping first mol.:      -75.64832        0.00000        0.00000
wrapping first mol.:      -75.64832        0.00000        0.00000
wrapping first mol.:      -75.69722        0.00000        0.00000
wrapping first mol.:      -75.69722        0.00000        0.00000

 NSTEP =  1400000   TIME(PS) =    4500.000  TEMP(K) =   298.10  PRESS =     0.0
 Etot   =   -117381.9300  EKtot   =     20376.1797  EPtot      =   -137758.1097
 BOND   =       568.3504  ANGLE   =      1495.3384  DIHED      =      1005.8634
 UB     =         0.0000  IMP     =         0.0000  CMAP       =       139.2421
 1-4 NB =       637.7055  1-4 EEL =      5917.7639  VDWAALS    =     16655.2972
 EELEC  =   -164177.6705  EHBOND  =         0.0000  RESTRAINT  =         0.0000
 EKCMT  =         0.0000  VIRIAL  =         0.0000  VOLUME     =    333901.1869
                                                    Density    =         1.0310
 ------------------------------------------------------------------------------

wrapping first mol.:      -75.68592        0.00000        0.00000
wrapping first mol.:      -75.68592        0.00000        0.00000
wrapping first mol.:      -75.77121        0.00000        0.00000
wrapping first mol.:      -75.77121        0.00000        0.00000
wrapping first mol.:      -75.56224        0.00000        0.00000
wrapping first mol.:      -75.56224        0.00000        0.00000
wrapping first mol.:      -75.71906        0.00000        0.00000
wrapping first mol.:      -75.71906        0.00000        0.00000
wrapping first mol.:      -75.69881        0.00000        0.00000
wrapping first mol.:      -75.69881        0.00000        0.00000

 NSTEP =  1425000   TIME(PS) =    4550.000  TEMP(K) =   299.60  PRESS =     0.0
 Etot   =   -116884.9630  EKtot   =     20479.1289  EPtot      =   -137364.0919
 BOND   =       552.8910  ANGLE   =      1537.1702  DIHED      =       962.9529
 UB     =         0.0000  IMP     =         0.0000  CMAP       =       138.3484
 1-4 NB =       652.9491  1-4 EEL =      5853.9434  VDWAALS    =     16303.0406
 EELEC  =   -163365.3876  EHBOND  =         0.0000  RESTRAINT  =         0.0000
 EKCMT  =         0.0000  VIRIAL  =         0.0000  VOLUME     =    333922.1797
                                                    Density    =         1.0310
 ------------------------------------------------------------------------------

wrapping first mol.:      -75.77438        0.00000        0.00000
wrapping first mol.:      -75.77438        0.00000        0.00000
wrapping first mol.:      -75.70319        0.00000        0.00000
wrapping first mol.:      -75.70319        0.00000        0.00000
wrapping first mol.:      -75.68803        0.00000        0.00000
wrapping first mol.:      -75.68803        0.00000        0.00000
wrapping first mol.:      -75.61560        0.00000        0.00000
wrapping first mol.:      -75.61560        0.00000        0.00000
wrapping first mol.:      -75.71222        0.00000        0.00000
wrapping first mol.:      -75.71222        0.00000        0.00000

 NSTEP =  1450000   TIME(PS) =    4600.000  TEMP(K) =   298.39  PRESS =     0.0
 Etot   =   -116940.8962  EKtot   =     20396.3477  EPtot      =   -137337.2438
 BOND   =       552.9809  ANGLE   =      1503.8732  DIHED      =       999.3180
 UB     =         0.0000  IMP     =         0.0000  CMAP       =       148.3526
 1-4 NB =       655.3753  1-4 EEL =      5877.9326  VDWAALS    =     16494.1794
 EELEC  =   -163569.2557  EHBOND  =         0.0000  RESTRAINT  =         0.0000
 EKCMT  =         0.0000  VIRIAL  =         0.0000  VOLUME     =    334099.7357
                                                    Density    =         1.0304
 ------------------------------------------------------------------------------

wrapping first mol.:      -75.70139        0.00000        0.00000
wrapping first mol.:      -75.70139        0.00000        0.00000
wrapping first mol.:      -75.72238        0.00000        0.00000
wrapping first mol.:      -75.72238        0.00000        0.00000
wrapping first mol.:      -75.61093        0.00000        0.00000
wrapping first mol.:      -75.61093        0.00000        0.00000
wrapping first mol.:      -75.68619        0.00000        0.00000
wrapping first mol.:      -75.68619        0.00000        0.00000
wrapping first mol.:      -75.68980        0.00000        0.00000
wrapping first mol.:      -75.68980        0.00000        0.00000

 NSTEP =  1475000   TIME(PS) =    4650.000  TEMP(K) =   299.53  PRESS =     0.0
 Etot   =   -116700.1167  EKtot   =     20474.1309  EPtot      =   -137174.2476
 BOND   =       584.4226  ANGLE   =      1522.1884  DIHED      =      1007.9257
 UB     =         0.0000  IMP     =         0.0000  CMAP       =       147.7621
 1-4 NB =       647.9999  1-4 EEL =      5801.6606  VDWAALS    =     16444.6626
 EELEC  =   -163330.8696  EHBOND  =         0.0000  RESTRAINT  =         0.0000
 EKCMT  =         0.0000  VIRIAL  =         0.0000  VOLUME     =    333802.9752
                                                    Density    =         1.0313
 ------------------------------------------------------------------------------

wrapping first mol.:      -75.66066        0.00000        0.00000
wrapping first mol.:      -75.66066        0.00000        0.00000
wrapping first mol.:      -75.70670        0.00000        0.00000
wrapping first mol.:      -75.70670        0.00000        0.00000
wrapping first mol.:      -75.71072        0.00000        0.00000
wrapping first mol.:      -75.71072        0.00000        0.00000
wrapping first mol.:      -75.66164        0.00000        0.00000
wrapping first mol.:      -75.66164        0.00000        0.00000
wrapping first mol.:      -75.73206        0.00000        0.00000
wrapping first mol.:      -75.73206        0.00000        0.00000

 NSTEP =  1500000   TIME(PS) =    4700.000  TEMP(K) =   299.25  PRESS =     0.0
 Etot   =   -116667.5082  EKtot   =     20455.2031  EPtot      =   -137122.7113
 BOND   =       607.4790  ANGLE   =      1547.8799  DIHED      =      1013.3367
 UB     =         0.0000  IMP     =         0.0000  CMAP       =       138.6222
 1-4 NB =       637.9036  1-4 EEL =      5812.1801  VDWAALS    =     16374.4393
 EELEC  =   -163254.5522  EHBOND  =         0.0000  RESTRAINT  =         0.0000
 EKCMT  =         0.0000  VIRIAL  =         0.0000  VOLUME     =    334362.4181
                                                    Density    =         1.0296
 ------------------------------------------------------------------------------

wrapping first mol.:      -75.70906        0.00000        0.00000
wrapping first mol.:      -75.70906        0.00000        0.00000
wrapping first mol.:      -75.78997        0.00000        0.00000
wrapping first mol.:      -75.78997        0.00000        0.00000
wrapping first mol.:      -75.63921        0.00000        0.00000
wrapping first mol.:      -75.63921        0.00000        0.00000
wrapping first mol.:      -75.63263        0.00000        0.00000
wrapping first mol.:      -75.63263        0.00000        0.00000
wrapping first mol.:      -75.61686        0.00000        0.00000
wrapping first mol.:      -75.61686        0.00000        0.00000

 NSTEP =  1525000   TIME(PS) =    4750.000  TEMP(K) =   298.71  PRESS =     0.0
 Etot   =   -116886.5150  EKtot   =     20418.3379  EPtot      =   -137304.8528
 BOND   =       538.9563  ANGLE   =      1484.0105  DIHED      =       973.7953
 UB     =         0.0000  IMP     =         0.0000  CMAP       =       149.5056
 1-4 NB =       652.9824  1-4 EEL =      5832.1965  VDWAALS    =     16533.2561
 EELEC  =   -163469.5556  EHBOND  =         0.0000  RESTRAINT  =         0.0000
 EKCMT  =         0.0000  VIRIAL  =         0.0000  VOLUME     =    332838.8353
                                                    Density    =         1.0343
 ------------------------------------------------------------------------------

wrapping first mol.:      -75.74153        0.00000        0.00000
wrapping first mol.:      -75.74153        0.00000        0.00000
wrapping first mol.:      -75.70545        0.00000        0.00000
wrapping first mol.:      -75.70545        0.00000        0.00000
wrapping first mol.:      -75.76931        0.00000        0.00000
wrapping first mol.:      -75.76931        0.00000        0.00000
wrapping first mol.:      -75.74650        0.00000        0.00000
wrapping first mol.:      -75.74650        0.00000        0.00000
wrapping first mol.:      -75.69728        0.00000        0.00000
wrapping first mol.:      -75.69728        0.00000        0.00000

 NSTEP =  1550000   TIME(PS) =    4800.000  TEMP(K) =   298.62  PRESS =     0.0
 Etot   =   -116949.9936  EKtot   =     20412.1309  EPtot      =   -137362.1244
 BOND   =       590.2201  ANGLE   =      1523.4595  DIHED      =       972.7610
 UB     =         0.0000  IMP     =         0.0000  CMAP       =       147.1711
 1-4 NB =       641.8045  1-4 EEL =      5869.2447  VDWAALS    =     16564.2513
 EELEC  =   -163671.0366  EHBOND  =         0.0000  RESTRAINT  =         0.0000
 EKCMT  =         0.0000  VIRIAL  =         0.0000  VOLUME     =    333901.9975
                                                    Density    =         1.0310
 ------------------------------------------------------------------------------

wrapping first mol.:      -75.63331        0.00000        0.00000
wrapping first mol.:      -75.63331        0.00000        0.00000
wrapping first mol.:      -75.67400        0.00000        0.00000
wrapping first mol.:      -75.67400        0.00000        0.00000
wrapping first mol.:      -75.54855        0.00000        0.00000
wrapping first mol.:      -75.54855        0.00000        0.00000
wrapping first mol.:      -75.60909        0.00000        0.00000
wrapping first mol.:      -75.60909        0.00000        0.00000
wrapping first mol.:      -75.70626        0.00000        0.00000
wrapping first mol.:      -75.70626        0.00000        0.00000

 NSTEP =  1575000   TIME(PS) =    4850.000  TEMP(K) =   302.37  PRESS =     0.0
 Etot   =   -116439.3921  EKtot   =     20668.0059  EPtot      =   -137107.3980
 BOND   =       589.2561  ANGLE   =      1582.3096  DIHED      =      1005.3735
 UB     =         0.0000  IMP     =         0.0000  CMAP       =       134.8524
 1-4 NB =       639.8404  1-4 EEL =      5842.8718  VDWAALS    =     16586.9761
 EELEC  =   -163488.8778  EHBOND  =         0.0000  RESTRAINT  =         0.0000
 EKCMT  =         0.0000  VIRIAL  =         0.0000  VOLUME     =    334020.7395
                                                    Density    =         1.0307
 ------------------------------------------------------------------------------

wrapping first mol.:      -75.72367        0.00000        0.00000
wrapping first mol.:      -75.72367        0.00000        0.00000
wrapping first mol.:      -75.75323        0.00000        0.00000
wrapping first mol.:      -75.75323        0.00000        0.00000
wrapping first mol.:      -75.67531        0.00000        0.00000
wrapping first mol.:      -75.67531        0.00000        0.00000
wrapping first mol.:      -75.62225        0.00000        0.00000
wrapping first mol.:      -75.62225        0.00000        0.00000
wrapping first mol.:      -75.71263        0.00000        0.00000
wrapping first mol.:      -75.71263        0.00000        0.00000

 NSTEP =  1600000   TIME(PS) =    4900.000  TEMP(K) =   300.79  PRESS =     0.0
 Etot   =   -117089.0801  EKtot   =     20560.6367  EPtot      =   -137649.7168
 BOND   =       560.5686  ANGLE   =      1502.4256  DIHED      =       999.2624
 UB     =         0.0000  IMP     =         0.0000  CMAP       =       134.7233
 1-4 NB =       656.9863  1-4 EEL =      5887.2069  VDWAALS    =     16540.4297
 EELEC  =   -163931.3197  EHBOND  =         0.0000  RESTRAINT  =         0.0000
 EKCMT  =         0.0000  VIRIAL  =         0.0000  VOLUME     =    334105.0788
                                                    Density    =         1.0304
 ------------------------------------------------------------------------------

wrapping first mol.:      -75.66035        0.00000        0.00000
wrapping first mol.:      -75.66035        0.00000        0.00000
wrapping first mol.:      -75.62654        0.00000        0.00000
wrapping first mol.:      -75.62654        0.00000        0.00000
wrapping first mol.:      -75.72250        0.00000        0.00000
wrapping first mol.:      -75.72250        0.00000        0.00000
wrapping first mol.:      -75.75640        0.00000        0.00000
wrapping first mol.:      -75.75640        0.00000        0.00000
wrapping first mol.:      -75.72423        0.00000        0.00000
wrapping first mol.:      -75.72423        0.00000        0.00000

 NSTEP =  1625000   TIME(PS) =    4950.000  TEMP(K) =   298.75  PRESS =     0.0
 Etot   =   -117283.6522  EKtot   =     20420.6445  EPtot      =   -137704.2967
 BOND   =       545.1421  ANGLE   =      1481.9060  DIHED      =      1010.5419
 UB     =         0.0000  IMP     =         0.0000  CMAP       =       143.7872
 1-4 NB =       666.6601  1-4 EEL =      5916.0208  VDWAALS    =     16129.4283
 EELEC  =   -163597.7831  EHBOND  =         0.0000  RESTRAINT  =         0.0000
 EKCMT  =         0.0000  VIRIAL  =         0.0000  VOLUME     =    334258.7751
                                                    Density    =         1.0299
 ------------------------------------------------------------------------------

wrapping first mol.:      -75.66557        0.00000        0.00000
wrapping first mol.:      -75.66557        0.00000        0.00000
wrapping first mol.:      -75.71992        0.00000        0.00000
wrapping first mol.:      -75.71992        0.00000        0.00000
wrapping first mol.:      -75.67361        0.00000        0.00000
wrapping first mol.:      -75.67361        0.00000        0.00000
wrapping first mol.:      -75.66290        0.00000        0.00000
wrapping first mol.:      -75.66290        0.00000        0.00000
wrapping first mol.:      -75.77059        0.00000        0.00000
wrapping first mol.:      -75.77059        0.00000        0.00000

 NSTEP =  1650000   TIME(PS) =    5000.000  TEMP(K) =   301.16  PRESS =     0.0
 Etot   =   -116829.6084  EKtot   =     20585.7988  EPtot      =   -137415.4073
 BOND   =       564.3608  ANGLE   =      1530.3040  DIHED      =       991.8806
 UB     =         0.0000  IMP     =         0.0000  CMAP       =       142.4056
 1-4 NB =       620.8979  1-4 EEL =      5822.8653  VDWAALS    =     16328.5130
 EELEC  =   -163416.6345  EHBOND  =         0.0000  RESTRAINT  =         0.0000
 EKCMT  =         0.0000  VIRIAL  =         0.0000  VOLUME     =    334873.0009
                                                    Density    =         1.0280
 ------------------------------------------------------------------------------

wrapping first mol.:      -75.63891        0.00000        0.00000
wrapping first mol.:      -75.63891        0.00000        0.00000
wrapping first mol.:      -75.66524        0.00000        0.00000
wrapping first mol.:      -75.66524        0.00000        0.00000
wrapping first mol.:      -75.66903        0.00000        0.00000
wrapping first mol.:      -75.66903        0.00000        0.00000
wrapping first mol.:      -75.65587        0.00000        0.00000
wrapping first mol.:      -75.65587        0.00000        0.00000
wrapping first mol.:      -75.62982        0.00000        0.00000
wrapping first mol.:      -75.62982        0.00000        0.00000

 NSTEP =  1675000   TIME(PS) =    5050.000  TEMP(K) =   300.09  PRESS =     0.0
 Etot   =   -116878.2163  EKtot   =     20512.7559  EPtot      =   -137390.9721
 BOND   =       538.0652  ANGLE   =      1480.2681  DIHED      =       974.0969
 UB     =         0.0000  IMP     =         0.0000  CMAP       =       148.8820
 1-4 NB =       647.2269  1-4 EEL =      5938.9260  VDWAALS    =     16423.1368
 EELEC  =   -163541.5740  EHBOND  =         0.0000  RESTRAINT  =         0.0000
 EKCMT  =         0.0000  VIRIAL  =         0.0000  VOLUME     =    333010.0217
                                                    Density    =         1.0338
 ------------------------------------------------------------------------------

wrapping first mol.:      -75.62263        0.00000        0.00000
wrapping first mol.:      -75.62263        0.00000        0.00000
wrapping first mol.:      -75.51171        0.00000        0.00000
wrapping first mol.:      -75.51171        0.00000        0.00000
wrapping first mol.:      -75.67204        0.00000        0.00000
wrapping first mol.:      -75.67204        0.00000        0.00000
wrapping first mol.:      -75.69652        0.00000        0.00000
wrapping first mol.:      -75.69652        0.00000        0.00000
wrapping first mol.:      -75.77749        0.00000        0.00000
wrapping first mol.:      -75.77749        0.00000        0.00000

 NSTEP =  1700000   TIME(PS) =    5100.000  TEMP(K) =   300.44  PRESS =     0.0
 Etot   =   -117044.2499  EKtot   =     20536.7344  EPtot      =   -137580.9843
 BOND   =       559.8594  ANGLE   =      1522.0627  DIHED      =      1015.4569
 UB     =         0.0000  IMP     =         0.0000  CMAP       =       138.6775
 1-4 NB =       651.6655  1-4 EEL =      5899.7551  VDWAALS    =     16271.6057
 EELEC  =   -163640.0672  EHBOND  =         0.0000  RESTRAINT  =         0.0000
 EKCMT  =         0.0000  VIRIAL  =         0.0000  VOLUME     =    334964.5115
                                                    Density    =         1.0278
 ------------------------------------------------------------------------------

wrapping first mol.:      -75.62600        0.00000        0.00000
wrapping first mol.:      -75.62600        0.00000        0.00000
wrapping first mol.:      -75.68110        0.00000        0.00000
wrapping first mol.:      -75.68110        0.00000        0.00000
wrapping first mol.:      -75.71296        0.00000        0.00000
wrapping first mol.:      -75.71296        0.00000        0.00000
wrapping first mol.:      -75.70329        0.00000        0.00000
wrapping first mol.:      -75.70329        0.00000        0.00000
wrapping first mol.:      -75.66110        0.00000        0.00000
wrapping first mol.:      -75.66110        0.00000        0.00000

 NSTEP =  1725000   TIME(PS) =    5150.000  TEMP(K) =   297.61  PRESS =     0.0
 Etot   =   -117173.4413  EKtot   =     20343.2129  EPtot      =   -137516.6542
 BOND   =       557.5969  ANGLE   =      1501.6906  DIHED      =       987.9615
 UB     =         0.0000  IMP     =         0.0000  CMAP       =       147.7938
 1-4 NB =       631.7567  1-4 EEL =      5877.5990  VDWAALS    =     16383.8161
 EELEC  =   -163604.8689  EHBOND  =         0.0000  RESTRAINT  =         0.0000
 EKCMT  =         0.0000  VIRIAL  =         0.0000  VOLUME     =    333423.3750
                                                    Density    =         1.0325
 ------------------------------------------------------------------------------

wrapping first mol.:      -75.68062        0.00000        0.00000
wrapping first mol.:      -75.68062        0.00000        0.00000
wrapping first mol.:      -75.73155        0.00000        0.00000
wrapping first mol.:      -75.73155        0.00000        0.00000
wrapping first mol.:      -75.75021        0.00000        0.00000
wrapping first mol.:      -75.75021        0.00000        0.00000
wrapping first mol.:      -75.67942        0.00000        0.00000
wrapping first mol.:      -75.67942        0.00000        0.00000
wrapping first mol.:      -75.68004        0.00000        0.00000
wrapping first mol.:      -75.68004        0.00000        0.00000

 NSTEP =  1750000   TIME(PS) =    5200.000  TEMP(K) =   297.63  PRESS =     0.0
 Etot   =   -117082.6645  EKtot   =     20344.1289  EPtot      =   -137426.7934
 BOND   =       592.5408  ANGLE   =      1558.0939  DIHED      =       998.3676
 UB     =         0.0000  IMP     =         0.0000  CMAP       =       143.4001
 1-4 NB =       649.1092  1-4 EEL =      5853.1659  VDWAALS    =     16515.8783
 EELEC  =   -163737.3491  EHBOND  =         0.0000  RESTRAINT  =         0.0000
 EKCMT  =         0.0000  VIRIAL  =         0.0000  VOLUME     =    333673.9241
                                                    Density    =         1.0317
 ------------------------------------------------------------------------------

wrapping first mol.:      -75.71317        0.00000        0.00000
wrapping first mol.:      -75.71317        0.00000        0.00000
wrapping first mol.:      -75.63111        0.00000        0.00000
wrapping first mol.:      -75.63111        0.00000        0.00000
wrapping first mol.:      -75.64664        0.00000        0.00000
wrapping first mol.:      -75.64664        0.00000        0.00000
wrapping first mol.:      -75.65313        0.00000        0.00000
wrapping first mol.:      -75.65313        0.00000        0.00000
wrapping first mol.:      -75.74133        0.00000        0.00000
wrapping first mol.:      -75.74133        0.00000        0.00000

 NSTEP =  1775000   TIME(PS) =    5250.000  TEMP(K) =   299.32  PRESS =     0.0
 Etot   =   -116855.8151  EKtot   =     20460.0000  EPtot      =   -137315.8151
 BOND   =       560.9216  ANGLE   =      1533.3667  DIHED      =      1003.4188
 UB     =         0.0000  IMP     =         0.0000  CMAP       =       143.4625
 1-4 NB =       663.8275  1-4 EEL =      5868.0800  VDWAALS    =     16512.8943
 EELEC  =   -163601.7865  EHBOND  =         0.0000  RESTRAINT  =         0.0000
 EKCMT  =         0.0000  VIRIAL  =         0.0000  VOLUME     =    334485.2662
                                                    Density    =         1.0292
 ------------------------------------------------------------------------------

wrapping first mol.:      -75.61375        0.00000        0.00000
wrapping first mol.:      -75.61375        0.00000        0.00000
wrapping first mol.:      -75.69656        0.00000        0.00000
wrapping first mol.:      -75.69656        0.00000        0.00000
wrapping first mol.:      -75.72280        0.00000        0.00000
wrapping first mol.:      -75.72280        0.00000        0.00000
wrapping first mol.:      -75.74751        0.00000        0.00000
wrapping first mol.:      -75.74751        0.00000        0.00000
wrapping first mol.:      -75.63638        0.00000        0.00000
wrapping first mol.:      -75.63638        0.00000        0.00000

 NSTEP =  1800000   TIME(PS) =    5300.000  TEMP(K) =   297.41  PRESS =     0.0
 Etot   =   -116955.5617  EKtot   =     20329.2578  EPtot      =   -137284.8195
 BOND   =       562.2080  ANGLE   =      1572.5278  DIHED      =       987.5538
 UB     =         0.0000  IMP     =         0.0000  CMAP       =       130.0429
 1-4 NB =       659.8763  1-4 EEL =      5893.6231  VDWAALS    =     16218.6206
 EELEC  =   -163309.2722  EHBOND  =         0.0000  RESTRAINT  =         0.0000
 EKCMT  =         0.0000  VIRIAL  =         0.0000  VOLUME     =    333096.6855
                                                    Density    =         1.0335
 ------------------------------------------------------------------------------

wrapping first mol.:      -75.71327        0.00000        0.00000
wrapping first mol.:      -75.71327        0.00000        0.00000
wrapping first mol.:      -75.72584        0.00000        0.00000
wrapping first mol.:      -75.72584        0.00000        0.00000
wrapping first mol.:      -75.79720        0.00000        0.00000
wrapping first mol.:      -75.79720        0.00000        0.00000
wrapping first mol.:      -75.73696        0.00000        0.00000
wrapping first mol.:      -75.73696        0.00000        0.00000
wrapping first mol.:      -75.73354        0.00000        0.00000
wrapping first mol.:      -75.73354        0.00000        0.00000

 NSTEP =  1825000   TIME(PS) =    5350.000  TEMP(K) =   299.65  PRESS =     0.0
 Etot   =   -117136.5871  EKtot   =     20482.5918  EPtot      =   -137619.1789
 BOND   =       522.9009  ANGLE   =      1568.4419  DIHED      =       998.4217
 UB     =         0.0000  IMP     =         0.0000  CMAP       =       135.2764
 1-4 NB =       654.5320  1-4 EEL =      5903.4451  VDWAALS    =     16176.6120
 EELEC  =   -163578.8090  EHBOND  =         0.0000  RESTRAINT  =         0.0000
 EKCMT  =         0.0000  VIRIAL  =         0.0000  VOLUME     =    334381.9552
                                                    Density    =         1.0295
 ------------------------------------------------------------------------------

wrapping first mol.:      -75.71783        0.00000        0.00000
wrapping first mol.:      -75.71783        0.00000        0.00000
wrapping first mol.:      -75.65227        0.00000        0.00000
wrapping first mol.:      -75.65227        0.00000        0.00000
wrapping first mol.:      -75.68170        0.00000        0.00000
wrapping first mol.:      -75.68170        0.00000        0.00000
wrapping first mol.:      -75.70752        0.00000        0.00000
wrapping first mol.:      -75.70752        0.00000        0.00000
wrapping first mol.:      -75.80301        0.00000        0.00000
wrapping first mol.:      -75.80301        0.00000        0.00000

 NSTEP =  1850000   TIME(PS) =    5400.000  TEMP(K) =   297.63  PRESS =     0.0
 Etot   =   -117177.9038  EKtot   =     20344.2031  EPtot      =   -137522.1069
 BOND   =       571.0275  ANGLE   =      1509.4634  DIHED      =       999.9257
 UB     =         0.0000  IMP     =         0.0000  CMAP       =       149.8123
 1-4 NB =       647.0123  1-4 EEL =      5870.1576  VDWAALS    =     16388.8365
 EELEC  =   -163658.3422  EHBOND  =         0.0000  RESTRAINT  =         0.0000
 EKCMT  =         0.0000  VIRIAL  =         0.0000  VOLUME     =    335303.0543
                                                    Density    =         1.0267
 ------------------------------------------------------------------------------

wrapping first mol.:      -75.66903        0.00000        0.00000
wrapping first mol.:      -75.66903        0.00000        0.00000
wrapping first mol.:      -75.64912        0.00000        0.00000
wrapping first mol.:      -75.64912        0.00000        0.00000
wrapping first mol.:      -75.67519        0.00000        0.00000
wrapping first mol.:      -75.67519        0.00000        0.00000
wrapping first mol.:      -75.59825        0.00000        0.00000
wrapping first mol.:      -75.59825        0.00000        0.00000
wrapping first mol.:      -75.66941        0.00000        0.00000
wrapping first mol.:      -75.66941        0.00000        0.00000

 NSTEP =  1875000   TIME(PS) =    5450.000  TEMP(K) =   300.33  PRESS =     0.0
 Etot   =   -116790.6174  EKtot   =     20529.0059  EPtot      =   -137319.6232
 BOND   =       585.4702  ANGLE   =      1536.0373  DIHED      =      1019.5125
 UB     =         0.0000  IMP     =         0.0000  CMAP       =       133.1513
 1-4 NB =       648.0216  1-4 EEL =      5818.8570  VDWAALS    =     16689.1055
 EELEC  =   -163749.7786  EHBOND  =         0.0000  RESTRAINT  =         0.0000
 EKCMT  =         0.0000  VIRIAL  =         0.0000  VOLUME     =    333533.3076
                                                    Density    =         1.0322
 ------------------------------------------------------------------------------

wrapping first mol.:      -75.70925        0.00000        0.00000
wrapping first mol.:      -75.70925        0.00000        0.00000
wrapping first mol.:      -75.66285        0.00000        0.00000
wrapping first mol.:      -75.66285        0.00000        0.00000
wrapping first mol.:      -75.72996        0.00000        0.00000
wrapping first mol.:      -75.72996        0.00000        0.00000
wrapping first mol.:      -75.64899        0.00000        0.00000
wrapping first mol.:      -75.64899        0.00000        0.00000
wrapping first mol.:      -75.66559        0.00000        0.00000
wrapping first mol.:      -75.66559        0.00000        0.00000

 NSTEP =  1900000   TIME(PS) =    5500.000  TEMP(K) =   301.69  PRESS =     0.0
 Etot   =   -116845.4375  EKtot   =     20621.6367  EPtot      =   -137467.0742
 BOND   =       572.1858  ANGLE   =      1502.0692  DIHED      =      1020.0712
 UB     =         0.0000  IMP     =         0.0000  CMAP       =       139.7574
 1-4 NB =       663.1173  1-4 EEL =      5812.6710  VDWAALS    =     16568.1598
 EELEC  =   -163745.1057  EHBOND  =         0.0000  RESTRAINT  =         0.0000
 EKCMT  =         0.0000  VIRIAL  =         0.0000  VOLUME     =    333482.8192
                                                    Density    =         1.0323
 ------------------------------------------------------------------------------

wrapping first mol.:      -75.70285        0.00000        0.00000
wrapping first mol.:      -75.70285        0.00000        0.00000
wrapping first mol.:      -75.65106        0.00000        0.00000
wrapping first mol.:      -75.65106        0.00000        0.00000
wrapping first mol.:      -75.67388        0.00000        0.00000
wrapping first mol.:      -75.67388        0.00000        0.00000
wrapping first mol.:      -75.63123        0.00000        0.00000
wrapping first mol.:      -75.63123        0.00000        0.00000
wrapping first mol.:      -75.75241        0.00000        0.00000
wrapping first mol.:      -75.75241        0.00000        0.00000

 NSTEP =  1925000   TIME(PS) =    5550.000  TEMP(K) =   298.89  PRESS =     0.0
 Etot   =   -116985.0560  EKtot   =     20430.2012  EPtot      =   -137415.2571
 BOND   =       575.3766  ANGLE   =      1578.8491  DIHED      =      1007.4305
 UB     =         0.0000  IMP     =         0.0000  CMAP       =       141.7932
 1-4 NB =       624.8995  1-4 EEL =      5800.3878  VDWAALS    =     16388.2434
 EELEC  =   -163532.2372  EHBOND  =         0.0000  RESTRAINT  =         0.0000
 EKCMT  =         0.0000  VIRIAL  =         0.0000  VOLUME     =    334632.0147
                                                    Density    =         1.0288
 ------------------------------------------------------------------------------

wrapping first mol.:      -75.75174        0.00000        0.00000
wrapping first mol.:      -75.75174        0.00000        0.00000
wrapping first mol.:      -75.67442        0.00000        0.00000
wrapping first mol.:      -75.67442        0.00000        0.00000
wrapping first mol.:      -75.75155        0.00000        0.00000
wrapping first mol.:      -75.75155        0.00000        0.00000
wrapping first mol.:      -75.69752        0.00000        0.00000
wrapping first mol.:      -75.69752        0.00000        0.00000
wrapping first mol.:      -75.66520        0.00000        0.00000
wrapping first mol.:      -75.66520        0.00000        0.00000

 NSTEP =  1950000   TIME(PS) =    5600.000  TEMP(K) =   300.07  PRESS =     0.0
 Etot   =   -116722.9086  EKtot   =     20511.2070  EPtot      =   -137234.1156
 BOND   =       552.3866  ANGLE   =      1536.3296  DIHED      =       989.3576
 UB     =         0.0000  IMP     =         0.0000  CMAP       =       147.7016
 1-4 NB =       644.5617  1-4 EEL =      5852.6455  VDWAALS    =     16201.9535
 EELEC  =   -163159.0516  EHBOND  =         0.0000  RESTRAINT  =         0.0000
 EKCMT  =         0.0000  VIRIAL  =         0.0000  VOLUME     =    333477.6411
                                                    Density    =         1.0323
 ------------------------------------------------------------------------------

wrapping first mol.:      -75.69298        0.00000        0.00000
wrapping first mol.:      -75.69298        0.00000        0.00000
wrapping first mol.:      -75.72103        0.00000        0.00000
wrapping first mol.:      -75.72103        0.00000        0.00000
wrapping first mol.:      -75.74270        0.00000        0.00000
wrapping first mol.:      -75.74270        0.00000        0.00000
wrapping first mol.:      -75.66562        0.00000        0.00000
wrapping first mol.:      -75.66562        0.00000        0.00000
wrapping first mol.:      -75.71420        0.00000        0.00000
wrapping first mol.:      -75.71420        0.00000        0.00000

 NSTEP =  1975000   TIME(PS) =    5650.000  TEMP(K) =   299.44  PRESS =     0.0
 Etot   =   -116566.2819  EKtot   =     20468.3633  EPtot      =   -137034.6452
 BOND   =       551.3671  ANGLE   =      1533.7342  DIHED      =      1014.3024
 UB     =         0.0000  IMP     =         0.0000  CMAP       =       144.9718
 1-4 NB =       646.8070  1-4 EEL =      5915.9077  VDWAALS    =     16114.8266
 EELEC  =   -162956.5621  EHBOND  =         0.0000  RESTRAINT  =         0.0000
 EKCMT  =         0.0000  VIRIAL  =         0.0000  VOLUME     =    334125.9216
                                                    Density    =         1.0303
 ------------------------------------------------------------------------------

wrapping first mol.:      -75.70174        0.00000        0.00000
wrapping first mol.:      -75.70174        0.00000        0.00000
wrapping first mol.:      -75.74372        0.00000        0.00000
wrapping first mol.:      -75.74372        0.00000        0.00000
wrapping first mol.:      -75.73214        0.00000        0.00000
wrapping first mol.:      -75.73214        0.00000        0.00000
wrapping first mol.:      -75.69245        0.00000        0.00000
wrapping first mol.:      -75.69245        0.00000        0.00000
wrapping first mol.:      -75.75330        0.00000        0.00000
wrapping first mol.:      -75.75330        0.00000        0.00000

 NSTEP =  2000000   TIME(PS) =    5700.000  TEMP(K) =   300.21  PRESS =     0.0
 Etot   =   -116840.3411  EKtot   =     20520.8008  EPtot      =   -137361.1419
 BOND   =       552.8513  ANGLE   =      1508.0000  DIHED      =      1010.8050
 UB     =         0.0000  IMP     =         0.0000  CMAP       =       136.5202
 1-4 NB =       645.7559  1-4 EEL =      5875.6935  VDWAALS    =     15993.0480
 EELEC  =   -163083.8158  EHBOND  =         0.0000  RESTRAINT  =         0.0000
 EKCMT  =         0.0000  VIRIAL  =         0.0000  VOLUME     =    334643.8755
                                                    Density    =         1.0287
 ------------------------------------------------------------------------------

wrapping first mol.:      -75.72169        0.00000        0.00000
wrapping first mol.:      -75.72169        0.00000        0.00000
wrapping first mol.:      -75.72246        0.00000        0.00000
wrapping first mol.:      -75.72246        0.00000        0.00000
wrapping first mol.:      -75.75257        0.00000        0.00000
wrapping first mol.:      -75.75257        0.00000        0.00000
wrapping first mol.:      -75.64274        0.00000        0.00000
wrapping first mol.:      -75.64274        0.00000        0.00000
wrapping first mol.:      -75.70477        0.00000        0.00000
wrapping first mol.:      -75.70477        0.00000        0.00000

 NSTEP =  2025000   TIME(PS) =    5750.000  TEMP(K) =   298.93  PRESS =     0.0
 Etot   =   -116768.0738  EKtot   =     20433.3047  EPtot      =   -137201.3785
 BOND   =       530.9592  ANGLE   =      1467.2528  DIHED      =      1008.2652
 UB     =         0.0000  IMP     =         0.0000  CMAP       =       147.0593
 1-4 NB =       657.7561  1-4 EEL =      6008.5808  VDWAALS    =     16194.6794
 EELEC  =   -163215.9313  EHBOND  =         0.0000  RESTRAINT  =         0.0000
 EKCMT  =         0.0000  VIRIAL  =         0.0000  VOLUME     =    334001.1001
                                                    Density    =         1.0307
 ------------------------------------------------------------------------------

wrapping first mol.:      -75.72164        0.00000        0.00000
wrapping first mol.:      -75.72164        0.00000        0.00000
wrapping first mol.:      -75.73080        0.00000        0.00000
wrapping first mol.:      -75.73080        0.00000        0.00000
wrapping first mol.:      -75.72992        0.00000        0.00000
wrapping first mol.:      -75.72992        0.00000        0.00000
wrapping first mol.:      -75.71406        0.00000        0.00000
wrapping first mol.:      -75.71406        0.00000        0.00000
wrapping first mol.:      -75.71333        0.00000        0.00000
wrapping first mol.:      -75.71333        0.00000        0.00000

 NSTEP =  2050000   TIME(PS) =    5800.000  TEMP(K) =   300.59  PRESS =     0.0
 Etot   =   -116925.1911  EKtot   =     20546.8926  EPtot      =   -137472.0836
 BOND   =       594.0930  ANGLE   =      1481.7460  DIHED      =      1017.5185
 UB     =         0.0000  IMP     =         0.0000  CMAP       =       142.1272
 1-4 NB =       658.1561  1-4 EEL =      5917.5035  VDWAALS    =     16426.4136
 EELEC  =   -163709.6415  EHBOND  =         0.0000  RESTRAINT  =         0.0000
 EKCMT  =         0.0000  VIRIAL  =         0.0000  VOLUME     =    334114.4126
                                                    Density    =         1.0304
 ------------------------------------------------------------------------------

wrapping first mol.:      -75.62072        0.00000        0.00000
wrapping first mol.:      -75.62072        0.00000        0.00000
wrapping first mol.:      -75.67366        0.00000        0.00000
wrapping first mol.:      -75.67366        0.00000        0.00000
wrapping first mol.:      -75.63591        0.00000        0.00000
wrapping first mol.:      -75.63591        0.00000        0.00000
wrapping first mol.:      -75.62364        0.00000        0.00000
wrapping first mol.:      -75.62364        0.00000        0.00000
wrapping first mol.:      -75.75006        0.00000        0.00000
wrapping first mol.:      -75.75006        0.00000        0.00000

 NSTEP =  2075000   TIME(PS) =    5850.000  TEMP(K) =   299.94  PRESS =     0.0
 Etot   =   -116926.6270  EKtot   =     20502.1816  EPtot      =   -137428.8086
 BOND   =       547.3932  ANGLE   =      1532.6328  DIHED      =      1012.1224
 UB     =         0.0000  IMP     =         0.0000  CMAP       =       146.5597
 1-4 NB =       645.5959  1-4 EEL =      5915.5400  VDWAALS    =     16147.8625
 EELEC  =   -163376.5151  EHBOND  =         0.0000  RESTRAINT  =         0.0000
 EKCMT  =         0.0000  VIRIAL  =         0.0000  VOLUME     =    334600.8852
                                                    Density    =         1.0289
 ------------------------------------------------------------------------------

wrapping first mol.:      -75.74937        0.00000        0.00000
wrapping first mol.:      -75.74937        0.00000        0.00000
wrapping first mol.:      -75.66543        0.00000        0.00000
wrapping first mol.:      -75.66543        0.00000        0.00000
wrapping first mol.:      -75.70939        0.00000        0.00000
wrapping first mol.:      -75.70939        0.00000        0.00000
wrapping first mol.:      -75.67999        0.00000        0.00000
wrapping first mol.:      -75.67999        0.00000        0.00000
wrapping first mol.:      -75.73406        0.00000        0.00000
wrapping first mol.:      -75.73406        0.00000        0.00000

 NSTEP =  2100000   TIME(PS) =    5900.000  TEMP(K) =   295.57  PRESS =     0.0
 Etot   =   -117153.5789  EKtot   =     20203.8398  EPtot      =   -137357.4187
 BOND   =       511.5526  ANGLE   =      1539.0818  DIHED      =       994.7563
 UB     =         0.0000  IMP     =         0.0000  CMAP       =       139.7040
 1-4 NB =       639.9185  1-4 EEL =      5922.8890  VDWAALS    =     16338.9343
 EELEC  =   -163444.2552  EHBOND  =         0.0000  RESTRAINT  =         0.0000
 EKCMT  =         0.0000  VIRIAL  =         0.0000  VOLUME     =    334388.9465
                                                    Density    =         1.0295
 ------------------------------------------------------------------------------

wrapping first mol.:      -75.63301        0.00000        0.00000
wrapping first mol.:      -75.63301        0.00000        0.00000
wrapping first mol.:      -75.67857        0.00000        0.00000
wrapping first mol.:      -75.67857        0.00000        0.00000
wrapping first mol.:      -75.85625        0.00000        0.00000
wrapping first mol.:      -75.85625        0.00000        0.00000
wrapping first mol.:      -75.61879        0.00000        0.00000
wrapping first mol.:      -75.61879        0.00000        0.00000
wrapping first mol.:      -75.67480        0.00000        0.00000
wrapping first mol.:      -75.67480        0.00000        0.00000

 NSTEP =  2125000   TIME(PS) =    5950.000  TEMP(K) =   299.05  PRESS =     0.0
 Etot   =   -116804.8097  EKtot   =     20441.4277  EPtot      =   -137246.2374
 BOND   =       564.2849  ANGLE   =      1539.8596  DIHED      =      1009.9869
 UB     =         0.0000  IMP     =         0.0000  CMAP       =       135.3676
 1-4 NB =       649.5278  1-4 EEL =      5923.1987  VDWAALS    =     16373.2873
 EELEC  =   -163441.7502  EHBOND  =         0.0000  RESTRAINT  =         0.0000
 EKCMT  =         0.0000  VIRIAL  =         0.0000  VOLUME     =    333604.5250
                                                    Density    =         1.0319
 ------------------------------------------------------------------------------

wrapping first mol.:      -75.73771        0.00000        0.00000
wrapping first mol.:      -75.73771        0.00000        0.00000
wrapping first mol.:      -75.70176        0.00000        0.00000
wrapping first mol.:      -75.70176        0.00000        0.00000
wrapping first mol.:      -75.71416        0.00000        0.00000
wrapping first mol.:      -75.71416        0.00000        0.00000
wrapping first mol.:      -75.73412        0.00000        0.00000
wrapping first mol.:      -75.73412        0.00000        0.00000
wrapping first mol.:      -75.60443        0.00000        0.00000
wrapping first mol.:      -75.60443        0.00000        0.00000

 NSTEP =  2150000   TIME(PS) =    6000.000  TEMP(K) =   297.98  PRESS =     0.0
 Etot   =   -117084.4261  EKtot   =     20368.1875  EPtot      =   -137452.6136
 BOND   =       574.6133  ANGLE   =      1474.1328  DIHED      =       973.7406
 UB     =         0.0000  IMP     =         0.0000  CMAP       =       145.9925
 1-4 NB =       631.9418  1-4 EEL =      5934.4823  VDWAALS    =     16465.8339
 EELEC  =   -163653.3508  EHBOND  =         0.0000  RESTRAINT  =         0.0000
 EKCMT  =         0.0000  VIRIAL  =         0.0000  VOLUME     =    332674.7549
                                                    Density    =         1.0348
 ------------------------------------------------------------------------------

wrapping first mol.:      -75.47589        0.00000        0.00000
wrapping first mol.:      -75.47589        0.00000        0.00000
wrapping first mol.:      -75.70371        0.00000        0.00000
wrapping first mol.:      -75.70371        0.00000        0.00000
wrapping first mol.:      -75.63499        0.00000        0.00000
wrapping first mol.:      -75.63499        0.00000        0.00000
wrapping first mol.:      -75.76532        0.00000        0.00000
wrapping first mol.:      -75.76532        0.00000        0.00000
wrapping first mol.:      -75.74843        0.00000        0.00000
wrapping first mol.:      -75.74843        0.00000        0.00000

 NSTEP =  2175000   TIME(PS) =    6050.000  TEMP(K) =   301.73  PRESS =     0.0
 Etot   =   -116978.4724  EKtot   =     20624.4004  EPtot      =   -137602.8728
 BOND   =       551.9884  ANGLE   =      1498.8661  DIHED      =      1024.0344
 UB     =         0.0000  IMP     =         0.0000  CMAP       =       146.0570
 1-4 NB =       659.3276  1-4 EEL =      5896.2416  VDWAALS    =     16451.9962
 EELEC  =   -163831.3841  EHBOND  =         0.0000  RESTRAINT  =         0.0000
 EKCMT  =         0.0000  VIRIAL  =         0.0000  VOLUME     =    334579.2639
                                                    Density    =         1.0289
 ------------------------------------------------------------------------------

wrapping first mol.:      -75.68418        0.00000        0.00000
wrapping first mol.:      -75.68418        0.00000        0.00000
wrapping first mol.:      -75.71174        0.00000        0.00000
wrapping first mol.:      -75.71174        0.00000        0.00000
wrapping first mol.:      -75.63854        0.00000        0.00000
wrapping first mol.:      -75.63854        0.00000        0.00000
wrapping first mol.:      -75.63511        0.00000        0.00000
wrapping first mol.:      -75.63511        0.00000        0.00000
wrapping first mol.:      -75.70390        0.00000        0.00000
wrapping first mol.:      -75.70390        0.00000        0.00000

 NSTEP =  2200000   TIME(PS) =    6100.000  TEMP(K) =   299.47  PRESS =     0.0
 Etot   =   -116654.7894  EKtot   =     20469.8047  EPtot      =   -137124.5941
 BOND   =       559.6286  ANGLE   =      1512.8071  DIHED      =       995.6776
 UB     =         0.0000  IMP     =         0.0000  CMAP       =       139.8841
 1-4 NB =       636.9805  1-4 EEL =      5916.2000  VDWAALS    =     16340.9933
 EELEC  =   -163226.7653  EHBOND  =         0.0000  RESTRAINT  =         0.0000
 EKCMT  =         0.0000  VIRIAL  =         0.0000  VOLUME     =    333989.5946
                                                    Density    =         1.0308
 ------------------------------------------------------------------------------

wrapping first mol.:      -75.69864        0.00000        0.00000
wrapping first mol.:      -75.69864        0.00000        0.00000
wrapping first mol.:      -75.69010        0.00000        0.00000
wrapping first mol.:      -75.69010        0.00000        0.00000
wrapping first mol.:      -75.74786        0.00000        0.00000
wrapping first mol.:      -75.74786        0.00000        0.00000
wrapping first mol.:      -75.73838        0.00000        0.00000
wrapping first mol.:      -75.73838        0.00000        0.00000
wrapping first mol.:      -75.69959        0.00000        0.00000
wrapping first mol.:      -75.69959        0.00000        0.00000

 NSTEP =  2225000   TIME(PS) =    6150.000  TEMP(K) =   295.02  PRESS =     0.0
 Etot   =   -117022.0729  EKtot   =     20166.0781  EPtot      =   -137188.1510
 BOND   =       596.4796  ANGLE   =      1535.3712  DIHED      =      1006.1870
 UB     =         0.0000  IMP     =         0.0000  CMAP       =       138.0655
 1-4 NB =       649.7190  1-4 EEL =      5837.7282  VDWAALS    =     16368.0590
 EELEC  =   -163319.7606  EHBOND  =         0.0000  RESTRAINT  =         0.0000
 EKCMT  =         0.0000  VIRIAL  =         0.0000  VOLUME     =    333932.5018
                                                    Density    =         1.0309
 ------------------------------------------------------------------------------

wrapping first mol.:      -75.69039        0.00000        0.00000
wrapping first mol.:      -75.69039        0.00000        0.00000
wrapping first mol.:      -75.56362        0.00000        0.00000
wrapping first mol.:      -75.56362        0.00000        0.00000
wrapping first mol.:      -75.63892        0.00000        0.00000
wrapping first mol.:      -75.63892        0.00000        0.00000
wrapping first mol.:      -75.72492        0.00000        0.00000
wrapping first mol.:      -75.72492        0.00000        0.00000
wrapping first mol.:      -75.70933        0.00000        0.00000
wrapping first mol.:      -75.70933        0.00000        0.00000

 NSTEP =  2250000   TIME(PS) =    6200.000  TEMP(K) =   299.13  PRESS =     0.0
 Etot   =   -116952.2439  EKtot   =     20446.6035  EPtot      =   -137398.8474
 BOND   =       588.8433  ANGLE   =      1530.9240  DIHED      =      1028.6526
 UB     =         0.0000  IMP     =         0.0000  CMAP       =       151.1118
 1-4 NB =       649.9682  1-4 EEL =      5864.7527  VDWAALS    =     16551.8950
 EELEC  =   -163764.9951  EHBOND  =         0.0000  RESTRAINT  =         0.0000
 EKCMT  =         0.0000  VIRIAL  =         0.0000  VOLUME     =    334061.3797
                                                    Density    =         1.0305
 ------------------------------------------------------------------------------

wrapping first mol.:      -75.74625        0.00000        0.00000
wrapping first mol.:      -75.74625        0.00000        0.00000
wrapping first mol.:      -75.65495        0.00000        0.00000
wrapping first mol.:      -75.65495        0.00000        0.00000
wrapping first mol.:      -75.72285        0.00000        0.00000
wrapping first mol.:      -75.72285        0.00000        0.00000
wrapping first mol.:      -75.63819        0.00000        0.00000
wrapping first mol.:      -75.63819        0.00000        0.00000
wrapping first mol.:      -75.71774        0.00000        0.00000
wrapping first mol.:      -75.71774        0.00000        0.00000

 NSTEP =  2275000   TIME(PS) =    6250.000  TEMP(K) =   298.58  PRESS =     0.0
 Etot   =   -116702.8653  EKtot   =     20409.3789  EPtot      =   -137112.2442
 BOND   =       568.5292  ANGLE   =      1472.7039  DIHED      =       986.8549
 UB     =         0.0000  IMP     =         0.0000  CMAP       =       137.9287
 1-4 NB =       643.5840  1-4 EEL =      5943.2829  VDWAALS    =     16295.6680
 EELEC  =   -163160.7956  EHBOND  =         0.0000  RESTRAINT  =         0.0000
 EKCMT  =         0.0000  VIRIAL  =         0.0000  VOLUME     =    334172.7820
                                                    Density    =         1.0302
 ------------------------------------------------------------------------------

wrapping first mol.:      -75.70005        0.00000        0.00000
wrapping first mol.:      -75.70005        0.00000        0.00000
wrapping first mol.:      -75.66256        0.00000        0.00000
wrapping first mol.:      -75.66256        0.00000        0.00000
wrapping first mol.:      -75.70417        0.00000        0.00000
wrapping first mol.:      -75.70417        0.00000        0.00000
wrapping first mol.:      -75.80479        0.00000        0.00000
wrapping first mol.:      -75.80479        0.00000        0.00000
wrapping first mol.:      -75.71577        0.00000        0.00000
wrapping first mol.:      -75.71577        0.00000        0.00000

 NSTEP =  2300000   TIME(PS) =    6300.000  TEMP(K) =   296.81  PRESS =     0.0
 Etot   =   -117225.5708  EKtot   =     20288.0137  EPtot      =   -137513.5845
 BOND   =       570.9741  ANGLE   =      1482.9623  DIHED      =      1013.3442
 UB     =         0.0000  IMP     =         0.0000  CMAP       =       157.1822
 1-4 NB =       644.8542  1-4 EEL =      5863.4854  VDWAALS    =     16426.5040
 EELEC  =   -163672.8909  EHBOND  =         0.0000  RESTRAINT  =         0.0000
 EKCMT  =         0.0000  VIRIAL  =         0.0000  VOLUME     =    334146.6375
                                                    Density    =         1.0303
 ------------------------------------------------------------------------------

wrapping first mol.:      -75.68678        0.00000        0.00000
wrapping first mol.:      -75.68678        0.00000        0.00000
wrapping first mol.:      -75.75837        0.00000        0.00000
wrapping first mol.:      -75.75837        0.00000        0.00000
wrapping first mol.:      -75.65541        0.00000        0.00000
wrapping first mol.:      -75.65541        0.00000        0.00000
wrapping first mol.:      -75.82723        0.00000        0.00000
wrapping first mol.:      -75.82723        0.00000        0.00000
wrapping first mol.:      -75.69055        0.00000        0.00000
wrapping first mol.:      -75.69055        0.00000        0.00000

 NSTEP =  2325000   TIME(PS) =    6350.000  TEMP(K) =   297.45  PRESS =     0.0
 Etot   =   -116986.9759  EKtot   =     20331.8984  EPtot      =   -137318.8744
 BOND   =       553.2136  ANGLE   =      1532.0018  DIHED      =       991.6280
 UB     =         0.0000  IMP     =         0.0000  CMAP       =       142.9039
 1-4 NB =       653.6335  1-4 EEL =      5873.7024  VDWAALS    =     16211.0794
 EELEC  =   -163277.0370  EHBOND  =         0.0000  RESTRAINT  =         0.0000
 EKCMT  =         0.0000  VIRIAL  =         0.0000  VOLUME     =    333812.9442
                                                    Density    =         1.0313
 ------------------------------------------------------------------------------

wrapping first mol.:      -75.71879        0.00000        0.00000
wrapping first mol.:      -75.71879        0.00000        0.00000
wrapping first mol.:      -75.80886        0.00000        0.00000
wrapping first mol.:      -75.80886        0.00000        0.00000
wrapping first mol.:      -75.70711        0.00000        0.00000
wrapping first mol.:      -75.70711        0.00000        0.00000
wrapping first mol.:      -75.67064        0.00000        0.00000
wrapping first mol.:      -75.67064        0.00000        0.00000
wrapping first mol.:      -75.73538        0.00000        0.00000
wrapping first mol.:      -75.73538        0.00000        0.00000

 NSTEP =  2350000   TIME(PS) =    6400.000  TEMP(K) =   301.99  PRESS =     0.0
 Etot   =   -117104.7618  EKtot   =     20642.6934  EPtot      =   -137747.4552
 BOND   =       563.9566  ANGLE   =      1554.3902  DIHED      =       989.9093
 UB     =         0.0000  IMP     =         0.0000  CMAP       =       138.5598
 1-4 NB =       650.1285  1-4 EEL =      5883.4580  VDWAALS    =     16753.2093
 EELEC  =   -164281.0667  EHBOND  =         0.0000  RESTRAINT  =         0.0000
 EKCMT  =         0.0000  VIRIAL  =         0.0000  VOLUME     =    334406.3997
                                                    Density    =         1.0295
 ------------------------------------------------------------------------------

wrapping first mol.:      -75.68130        0.00000        0.00000
wrapping first mol.:      -75.68130        0.00000        0.00000
wrapping first mol.:      -75.62004        0.00000        0.00000
wrapping first mol.:      -75.62004        0.00000        0.00000
wrapping first mol.:      -75.71662        0.00000        0.00000
wrapping first mol.:      -75.71662        0.00000        0.00000
wrapping first mol.:      -75.62146        0.00000        0.00000
wrapping first mol.:      -75.62146        0.00000        0.00000
wrapping first mol.:      -75.58656        0.00000        0.00000
wrapping first mol.:      -75.58656        0.00000        0.00000

 NSTEP =  2375000   TIME(PS) =    6450.000  TEMP(K) =   301.46  PRESS =     0.0
 Etot   =   -116779.5736  EKtot   =     20606.3535  EPtot      =   -137385.9271
 BOND   =       570.6983  ANGLE   =      1520.8368  DIHED      =       982.8096
 UB     =         0.0000  IMP     =         0.0000  CMAP       =       140.8307
 1-4 NB =       647.7919  1-4 EEL =      5838.0180  VDWAALS    =     16604.6049
 EELEC  =   -163691.5174  EHBOND  =         0.0000  RESTRAINT  =         0.0000
 EKCMT  =         0.0000  VIRIAL  =         0.0000  VOLUME     =    332438.9540
                                                    Density    =         1.0356
 ------------------------------------------------------------------------------

wrapping first mol.:      -75.69186        0.00000        0.00000
wrapping first mol.:      -75.69186        0.00000        0.00000
wrapping first mol.:      -75.73941        0.00000        0.00000
wrapping first mol.:      -75.73941        0.00000        0.00000
wrapping first mol.:      -75.69177        0.00000        0.00000
wrapping first mol.:      -75.69177        0.00000        0.00000
wrapping first mol.:      -75.59041        0.00000        0.00000
wrapping first mol.:      -75.59041        0.00000        0.00000
wrapping first mol.:      -75.67255        0.00000        0.00000
wrapping first mol.:      -75.67255        0.00000        0.00000

 NSTEP =  2400000   TIME(PS) =    6500.000  TEMP(K) =   299.35  PRESS =     0.0
 Etot   =   -117014.8863  EKtot   =     20461.9883  EPtot      =   -137476.8746
 BOND   =       551.1462  ANGLE   =      1485.4938  DIHED      =       991.4083
 UB     =         0.0000  IMP     =         0.0000  CMAP       =       138.8465
 1-4 NB =       661.3201  1-4 EEL =      5817.9093  VDWAALS    =     15988.8793
 EELEC  =   -163111.8782  EHBOND  =         0.0000  RESTRAINT  =         0.0000
 EKCMT  =         0.0000  VIRIAL  =         0.0000  VOLUME     =    333574.8214
                                                    Density    =         1.0320
 ------------------------------------------------------------------------------

wrapping first mol.:      -75.72789        0.00000        0.00000
wrapping first mol.:      -75.72789        0.00000        0.00000
wrapping first mol.:      -75.65061        0.00000        0.00000
wrapping first mol.:      -75.65061        0.00000        0.00000
wrapping first mol.:      -75.61659        0.00000        0.00000
wrapping first mol.:      -75.61659        0.00000        0.00000
wrapping first mol.:      -75.75430        0.00000        0.00000
wrapping first mol.:      -75.75430        0.00000        0.00000
wrapping first mol.:      -75.68127        0.00000        0.00000
wrapping first mol.:      -75.68127        0.00000        0.00000

 NSTEP =  2425000   TIME(PS) =    6550.000  TEMP(K) =   298.23  PRESS =     0.0
 Etot   =   -117119.5245  EKtot   =     20385.1797  EPtot      =   -137504.7042
 BOND   =       561.5930  ANGLE   =      1486.3810  DIHED      =       997.3972
 UB     =         0.0000  IMP     =         0.0000  CMAP       =       140.2329
 1-4 NB =       652.2146  1-4 EEL =      5886.6983  VDWAALS    =     16596.9506
 EELEC  =   -163826.1717  EHBOND  =         0.0000  RESTRAINT  =         0.0000
 EKCMT  =         0.0000  VIRIAL  =         0.0000  VOLUME     =    333690.0763
                                                    Density    =         1.0317
 ------------------------------------------------------------------------------

wrapping first mol.:      -75.71694        0.00000        0.00000
wrapping first mol.:      -75.71694        0.00000        0.00000
wrapping first mol.:      -75.63520        0.00000        0.00000
wrapping first mol.:      -75.63520        0.00000        0.00000
wrapping first mol.:      -75.58720        0.00000        0.00000
wrapping first mol.:      -75.58720        0.00000        0.00000
wrapping first mol.:      -75.57724        0.00000        0.00000
wrapping first mol.:      -75.57724        0.00000        0.00000
wrapping first mol.:      -75.73103        0.00000        0.00000
wrapping first mol.:      -75.73103        0.00000        0.00000

 NSTEP =  2450000   TIME(PS) =    6600.000  TEMP(K) =   299.39  PRESS =     0.0
 Etot   =   -117076.1870  EKtot   =     20464.7871  EPtot      =   -137540.9741
 BOND   =       533.3139  ANGLE   =      1518.5702  DIHED      =      1000.8762
 UB     =         0.0000  IMP     =         0.0000  CMAP       =       131.6492
 1-4 NB =       657.0588  1-4 EEL =      5894.3599  VDWAALS    =     16504.9274
 EELEC  =   -163781.7298  EHBOND  =         0.0000  RESTRAINT  =         0.0000
 EKCMT  =         0.0000  VIRIAL  =         0.0000  VOLUME     =    334348.8146
                                                    Density    =         1.0296
 ------------------------------------------------------------------------------

wrapping first mol.:      -75.65359        0.00000        0.00000
wrapping first mol.:      -75.65359        0.00000        0.00000
wrapping first mol.:      -75.56710        0.00000        0.00000
wrapping first mol.:      -75.56710        0.00000        0.00000
wrapping first mol.:      -75.68004        0.00000        0.00000
wrapping first mol.:      -75.68004        0.00000        0.00000
wrapping first mol.:      -75.60020        0.00000        0.00000
wrapping first mol.:      -75.60020        0.00000        0.00000
wrapping first mol.:      -75.66404        0.00000        0.00000
wrapping first mol.:      -75.66404        0.00000        0.00000

 NSTEP =  2475000   TIME(PS) =    6650.000  TEMP(K) =   301.72  PRESS =     0.0
 Etot   =   -116763.8510  EKtot   =     20624.0977  EPtot      =   -137387.9487
 BOND   =       555.2193  ANGLE   =      1500.2356  DIHED      =       983.6012
 UB     =         0.0000  IMP     =         0.0000  CMAP       =       133.3910
 1-4 NB =       657.5322  1-4 EEL =      5866.5758  VDWAALS    =     16361.9417
 EELEC  =   -163446.4456  EHBOND  =         0.0000  RESTRAINT  =         0.0000
 EKCMT  =         0.0000  VIRIAL  =         0.0000  VOLUME     =    333462.2282
                                                    Density    =         1.0324
 ------------------------------------------------------------------------------

wrapping first mol.:      -75.71958        0.00000        0.00000
wrapping first mol.:      -75.71958        0.00000        0.00000
wrapping first mol.:      -75.73767        0.00000        0.00000
wrapping first mol.:      -75.73767        0.00000        0.00000
wrapping first mol.:      -75.73834        0.00000        0.00000
wrapping first mol.:      -75.73834        0.00000        0.00000
wrapping first mol.:      -75.71871        0.00000        0.00000
wrapping first mol.:      -75.71871        0.00000        0.00000
wrapping first mol.:      -75.62226        0.00000        0.00000
wrapping first mol.:      -75.62226        0.00000        0.00000

 NSTEP =  2500000   TIME(PS) =    6700.000  TEMP(K) =   302.46  PRESS =     0.0
 Etot   =   -116575.8580  EKtot   =     20674.5176  EPtot      =   -137250.3756
 BOND   =       582.2556  ANGLE   =      1521.1726  DIHED      =       999.1557
 UB     =         0.0000  IMP     =         0.0000  CMAP       =       146.7026
 1-4 NB =       630.4121  1-4 EEL =      5852.9247  VDWAALS    =     16307.8245
 EELEC  =   -163290.8233  EHBOND  =         0.0000  RESTRAINT  =         0.0000
 EKCMT  =         0.0000  VIRIAL  =         0.0000  VOLUME     =    332910.2550
                                                    Density    =         1.0341
 ------------------------------------------------------------------------------

wrapping first mol.:      -75.60191        0.00000        0.00000
wrapping first mol.:      -75.60191        0.00000        0.00000
wrapping first mol.:      -75.67433        0.00000        0.00000
wrapping first mol.:      -75.67433        0.00000        0.00000
wrapping first mol.:      -75.71534        0.00000        0.00000
wrapping first mol.:      -75.71534        0.00000        0.00000
wrapping first mol.:      -75.72201        0.00000        0.00000
wrapping first mol.:      -75.72201        0.00000        0.00000
wrapping first mol.:      -75.66680        0.00000        0.00000
wrapping first mol.:      -75.66680        0.00000        0.00000

 NSTEP =  2525000   TIME(PS) =    6750.000  TEMP(K) =   300.01  PRESS =     0.0
 Etot   =   -117151.6738  EKtot   =     20507.0215  EPtot      =   -137658.6953
 BOND   =       588.0613  ANGLE   =      1509.8639  DIHED      =       983.9395
 UB     =         0.0000  IMP     =         0.0000  CMAP       =       135.5789
 1-4 NB =       647.7760  1-4 EEL =      5855.9166  VDWAALS    =     16385.4735
 EELEC  =   -163765.3050  EHBOND  =         0.0000  RESTRAINT  =         0.0000
 EKCMT  =         0.0000  VIRIAL  =         0.0000  VOLUME     =    333498.7605
                                                    Density    =         1.0323
 ------------------------------------------------------------------------------

wrapping first mol.:      -75.57046        0.00000        0.00000
wrapping first mol.:      -75.57046        0.00000        0.00000
wrapping first mol.:      -75.79709        0.00000        0.00000
wrapping first mol.:      -75.79709        0.00000        0.00000
wrapping first mol.:      -75.65307        0.00000        0.00000
wrapping first mol.:      -75.65307        0.00000        0.00000
wrapping first mol.:      -75.66408        0.00000        0.00000
wrapping first mol.:      -75.66408        0.00000        0.00000
wrapping first mol.:      -75.62371        0.00000        0.00000
wrapping first mol.:      -75.62371        0.00000        0.00000

 NSTEP =  2550000   TIME(PS) =    6800.000  TEMP(K) =   300.71  PRESS =     0.0
 Etot   =   -117166.6180  EKtot   =     20555.0156  EPtot      =   -137721.6336
 BOND   =       544.2226  ANGLE   =      1498.1443  DIHED      =      1011.9676
 UB     =         0.0000  IMP     =         0.0000  CMAP       =       133.1765
 1-4 NB =       658.8029  1-4 EEL =      5907.9337  VDWAALS    =     16576.9931
 EELEC  =   -164052.8741  EHBOND  =         0.0000  RESTRAINT  =         0.0000
 EKCMT  =         0.0000  VIRIAL  =         0.0000  VOLUME     =    332929.2960
                                                    Density    =         1.0340
 ------------------------------------------------------------------------------

wrapping first mol.:      -75.58176        0.00000        0.00000
wrapping first mol.:      -75.58176        0.00000        0.00000
wrapping first mol.:      -75.69139        0.00000        0.00000
wrapping first mol.:      -75.69139        0.00000        0.00000
wrapping first mol.:      -75.62303        0.00000        0.00000
wrapping first mol.:      -75.62303        0.00000        0.00000
wrapping first mol.:      -75.62798        0.00000        0.00000
wrapping first mol.:      -75.62798        0.00000        0.00000
wrapping first mol.:      -75.64807        0.00000        0.00000
wrapping first mol.:      -75.64807        0.00000        0.00000

 NSTEP =  2575000   TIME(PS) =    6850.000  TEMP(K) =   298.75  PRESS =     0.0
 Etot   =   -117169.9768  EKtot   =     20420.6133  EPtot      =   -137590.5901
 BOND   =       578.4865  ANGLE   =      1500.0317  DIHED      =      1000.3781
 UB     =         0.0000  IMP     =         0.0000  CMAP       =       135.6759
 1-4 NB =       647.2882  1-4 EEL =      5878.2621  VDWAALS    =     16376.1205
 EELEC  =   -163706.8330  EHBOND  =         0.0000  RESTRAINT  =         0.0000
 EKCMT  =         0.0000  VIRIAL  =         0.0000  VOLUME     =    333251.2322
                                                    Density    =         1.0330
 ------------------------------------------------------------------------------

wrapping first mol.:      -75.74553        0.00000        0.00000
wrapping first mol.:      -75.74553        0.00000        0.00000
wrapping first mol.:      -75.75419        0.00000        0.00000
wrapping first mol.:      -75.75419        0.00000        0.00000
wrapping first mol.:      -75.67418        0.00000        0.00000
wrapping first mol.:      -75.67418        0.00000        0.00000
wrapping first mol.:      -75.73211        0.00000        0.00000
wrapping first mol.:      -75.73211        0.00000        0.00000
wrapping first mol.:      -75.65523        0.00000        0.00000
wrapping first mol.:      -75.65523        0.00000        0.00000

 NSTEP =  2600000   TIME(PS) =    6900.000  TEMP(K) =   302.29  PRESS =     0.0
 Etot   =   -116539.2929  EKtot   =     20662.7188  EPtot      =   -137202.0117
 BOND   =       531.3557  ANGLE   =      1520.5610  DIHED      =       997.8781
 UB     =         0.0000  IMP     =         0.0000  CMAP       =       141.9528
 1-4 NB =       648.1205  1-4 EEL =      5837.2148  VDWAALS    =     16276.2583
 EELEC  =   -163155.3529  EHBOND  =         0.0000  RESTRAINT  =         0.0000
 EKCMT  =         0.0000  VIRIAL  =         0.0000  VOLUME     =    333345.7784
                                                    Density    =         1.0327
 ------------------------------------------------------------------------------

wrapping first mol.:      -75.66638        0.00000        0.00000
wrapping first mol.:      -75.66638        0.00000        0.00000
wrapping first mol.:      -75.67254        0.00000        0.00000
wrapping first mol.:      -75.67254        0.00000        0.00000
wrapping first mol.:      -75.70455        0.00000        0.00000
wrapping first mol.:      -75.70455        0.00000        0.00000
wrapping first mol.:      -75.72692        0.00000        0.00000
wrapping first mol.:      -75.72692        0.00000        0.00000
wrapping first mol.:      -75.71799        0.00000        0.00000
wrapping first mol.:      -75.71799        0.00000        0.00000

 NSTEP =  2625000   TIME(PS) =    6950.000  TEMP(K) =   300.00  PRESS =     0.0
 Etot   =   -117032.9188  EKtot   =     20506.0000  EPtot      =   -137538.9188
 BOND   =       543.9562  ANGLE   =      1527.4320  DIHED      =      1013.8790
 UB     =         0.0000  IMP     =         0.0000  CMAP       =       128.9582
 1-4 NB =       670.2451  1-4 EEL =      5871.4906  VDWAALS    =     16534.5537
 EELEC  =   -163829.4336  EHBOND  =         0.0000  RESTRAINT  =         0.0000
 EKCMT  =         0.0000  VIRIAL  =         0.0000  VOLUME     =    334176.0192
                                                    Density    =         1.0302
 ------------------------------------------------------------------------------

wrapping first mol.:      -75.65060        0.00000        0.00000
wrapping first mol.:      -75.65060        0.00000        0.00000
wrapping first mol.:      -75.74534        0.00000        0.00000
wrapping first mol.:      -75.74534        0.00000        0.00000
wrapping first mol.:      -75.63280        0.00000        0.00000
wrapping first mol.:      -75.63280        0.00000        0.00000
wrapping first mol.:      -75.65350        0.00000        0.00000
wrapping first mol.:      -75.65350        0.00000        0.00000
wrapping first mol.:      -75.77106        0.00000        0.00000
wrapping first mol.:      -75.77106        0.00000        0.00000

 NSTEP =  2650000   TIME(PS) =    7000.000  TEMP(K) =   300.05  PRESS =     0.0
 Etot   =   -116826.7603  EKtot   =     20509.5508  EPtot      =   -137336.3110
 BOND   =       605.6925  ANGLE   =      1531.7640  DIHED      =       990.3839
 UB     =         0.0000  IMP     =         0.0000  CMAP       =       129.9878
 1-4 NB =       627.4746  1-4 EEL =      5789.2138  VDWAALS    =     16624.8020
 EELEC  =   -163635.6297  EHBOND  =         0.0000  RESTRAINT  =         0.0000
 EKCMT  =         0.0000  VIRIAL  =         0.0000  VOLUME     =    334879.2367
                                                    Density    =         1.0280
 ------------------------------------------------------------------------------

wrapping first mol.:      -75.72102        0.00000        0.00000
wrapping first mol.:      -75.72102        0.00000        0.00000
wrapping first mol.:      -75.64168        0.00000        0.00000
wrapping first mol.:      -75.64168        0.00000        0.00000
wrapping first mol.:      -75.60697        0.00000        0.00000
wrapping first mol.:      -75.60697        0.00000        0.00000
wrapping first mol.:      -75.66869        0.00000        0.00000
wrapping first mol.:      -75.66869        0.00000        0.00000
wrapping first mol.:      -75.65412        0.00000        0.00000
wrapping first mol.:      -75.65412        0.00000        0.00000

 NSTEP =  2675000   TIME(PS) =    7050.000  TEMP(K) =   303.09  PRESS =     0.0
 Etot   =   -116949.7134  EKtot   =     20717.7988  EPtot      =   -137667.5122
 BOND   =       578.6197  ANGLE   =      1528.2941  DIHED      =      1009.9677
 UB     =         0.0000  IMP     =         0.0000  CMAP       =       137.2346
 1-4 NB =       641.1150  1-4 EEL =      5865.3380  VDWAALS    =     16327.0282
 EELEC  =   -163755.1095  EHBOND  =         0.0000  RESTRAINT  =         0.0000
 EKCMT  =         0.0000  VIRIAL  =         0.0000  VOLUME     =    333331.1321
                                                    Density    =         1.0328
 ------------------------------------------------------------------------------

wrapping first mol.:      -75.69065        0.00000        0.00000
wrapping first mol.:      -75.69065        0.00000        0.00000
wrapping first mol.:      -75.68926        0.00000        0.00000
wrapping first mol.:      -75.68926        0.00000        0.00000
wrapping first mol.:      -75.75143        0.00000        0.00000
wrapping first mol.:      -75.75143        0.00000        0.00000
wrapping first mol.:      -75.72371        0.00000        0.00000
wrapping first mol.:      -75.72371        0.00000        0.00000
wrapping first mol.:      -75.68810        0.00000        0.00000
wrapping first mol.:      -75.68810        0.00000        0.00000

 NSTEP =  2700000   TIME(PS) =    7100.000  TEMP(K) =   302.16  PRESS =     0.0
 Etot   =   -116432.2279  EKtot   =     20653.6328  EPtot      =   -137085.8607
 BOND   =       559.6276  ANGLE   =      1559.1461  DIHED      =      1008.1739
 UB     =         0.0000  IMP     =         0.0000  CMAP       =       148.9383
 1-4 NB =       662.1920  1-4 EEL =      5874.7632  VDWAALS    =     16338.5470
 EELEC  =   -163237.2489  EHBOND  =         0.0000  RESTRAINT  =         0.0000
 EKCMT  =         0.0000  VIRIAL  =         0.0000  VOLUME     =    333780.4620
                                                    Density    =         1.0314
 ------------------------------------------------------------------------------

wrapping first mol.:      -75.76476        0.00000        0.00000
wrapping first mol.:      -75.76476        0.00000        0.00000
wrapping first mol.:      -75.61710        0.00000        0.00000
wrapping first mol.:      -75.61710        0.00000        0.00000
wrapping first mol.:      -75.68976        0.00000        0.00000
wrapping first mol.:      -75.68976        0.00000        0.00000
wrapping first mol.:      -75.65375        0.00000        0.00000
wrapping first mol.:      -75.65375        0.00000        0.00000
wrapping first mol.:      -75.63142        0.00000        0.00000
wrapping first mol.:      -75.63142        0.00000        0.00000

 NSTEP =  2725000   TIME(PS) =    7150.000  TEMP(K) =   299.94  PRESS =     0.0
 Etot   =   -116806.5926  EKtot   =     20502.4492  EPtot      =   -137309.0418
 BOND   =       598.7638  ANGLE   =      1500.0669  DIHED      =      1015.5496
 UB     =         0.0000  IMP     =         0.0000  CMAP       =       141.3410
 1-4 NB =       655.8028  1-4 EEL =      5839.0649  VDWAALS    =     16165.0662
 EELEC  =   -163224.6971  EHBOND  =         0.0000  RESTRAINT  =         0.0000
 EKCMT  =         0.0000  VIRIAL  =         0.0000  VOLUME     =    333031.1725
                                                    Density    =         1.0337
 ------------------------------------------------------------------------------

wrapping first mol.:      -75.66431        0.00000        0.00000
wrapping first mol.:      -75.66431        0.00000        0.00000
wrapping first mol.:      -75.63782        0.00000        0.00000
wrapping first mol.:      -75.63782        0.00000        0.00000
wrapping first mol.:      -75.68736        0.00000        0.00000
wrapping first mol.:      -75.68736        0.00000        0.00000
wrapping first mol.:      -75.70324        0.00000        0.00000
wrapping first mol.:      -75.70324        0.00000        0.00000
wrapping first mol.:      -75.66006        0.00000        0.00000
wrapping first mol.:      -75.66006        0.00000        0.00000

 NSTEP =  2750000   TIME(PS) =    7200.000  TEMP(K) =   300.80  PRESS =     0.0
 Etot   =   -116801.1196  EKtot   =     20561.0586  EPtot      =   -137362.1782
 BOND   =       607.1779  ANGLE   =      1543.3844  DIHED      =       998.7268
 UB     =         0.0000  IMP     =         0.0000  CMAP       =       148.8899
 1-4 NB =       628.1311  1-4 EEL =      5822.9581  VDWAALS    =     16109.5360
 EELEC  =   -163220.9824  EHBOND  =         0.0000  RESTRAINT  =         0.0000
 EKCMT  =         0.0000  VIRIAL  =         0.0000  VOLUME     =    333409.6707
                                                    Density    =         1.0325
 ------------------------------------------------------------------------------

wrapping first mol.:      -75.74457        0.00000        0.00000
wrapping first mol.:      -75.74457        0.00000        0.00000
wrapping first mol.:      -75.77772        0.00000        0.00000
wrapping first mol.:      -75.77772        0.00000        0.00000
wrapping first mol.:      -75.62373        0.00000        0.00000
wrapping first mol.:      -75.62373        0.00000        0.00000
wrapping first mol.:      -75.70257        0.00000        0.00000
wrapping first mol.:      -75.70257        0.00000        0.00000
wrapping first mol.:      -75.70903        0.00000        0.00000
wrapping first mol.:      -75.70903        0.00000        0.00000

 NSTEP =  2775000   TIME(PS) =    7250.000  TEMP(K) =   299.88  PRESS =     0.0
 Etot   =   -116972.7921  EKtot   =     20497.9863  EPtot      =   -137470.7785
 BOND   =       564.5048  ANGLE   =      1520.7700  DIHED      =      1004.6134
 UB     =         0.0000  IMP     =         0.0000  CMAP       =       145.8045
 1-4 NB =       638.5671  1-4 EEL =      5868.4935  VDWAALS    =     16290.2695
 EELEC  =   -163503.8012  EHBOND  =         0.0000  RESTRAINT  =         0.0000
 EKCMT  =         0.0000  VIRIAL  =         0.0000  VOLUME     =    334057.4570
                                                    Density    =         1.0305
 ------------------------------------------------------------------------------

wrapping first mol.:      -75.67782        0.00000        0.00000
wrapping first mol.:      -75.67782        0.00000        0.00000
wrapping first mol.:      -75.76166        0.00000        0.00000
wrapping first mol.:      -75.76166        0.00000        0.00000
wrapping first mol.:      -75.72203        0.00000        0.00000
wrapping first mol.:      -75.72203        0.00000        0.00000
wrapping first mol.:      -75.69249        0.00000        0.00000
wrapping first mol.:      -75.69249        0.00000        0.00000
wrapping first mol.:      -75.63029        0.00000        0.00000
wrapping first mol.:      -75.63029        0.00000        0.00000

 NSTEP =  2800000   TIME(PS) =    7300.000  TEMP(K) =   298.86  PRESS =     0.0
 Etot   =   -117187.4663  EKtot   =     20428.3945  EPtot      =   -137615.8608
 BOND   =       580.4607  ANGLE   =      1502.5139  DIHED      =       988.0533
 UB     =         0.0000  IMP     =         0.0000  CMAP       =       141.9046
 1-4 NB =       641.0094  1-4 EEL =      5833.4737  VDWAALS    =     16394.0962
 EELEC  =   -163697.3725  EHBOND  =         0.0000  RESTRAINT  =         0.0000
 EKCMT  =         0.0000  VIRIAL  =         0.0000  VOLUME     =    333016.2836
                                                    Density    =         1.0338
 ------------------------------------------------------------------------------

wrapping first mol.:      -75.57012        0.00000        0.00000
wrapping first mol.:      -75.57012        0.00000        0.00000
wrapping first mol.:      -75.70658        0.00000        0.00000
wrapping first mol.:      -75.70658        0.00000        0.00000
wrapping first mol.:      -75.63183        0.00000        0.00000
wrapping first mol.:      -75.63183        0.00000        0.00000
wrapping first mol.:      -75.66110        0.00000        0.00000
wrapping first mol.:      -75.66110        0.00000        0.00000
wrapping first mol.:      -75.61709        0.00000        0.00000
wrapping first mol.:      -75.61709        0.00000        0.00000

 NSTEP =  2825000   TIME(PS) =    7350.000  TEMP(K) =   300.80  PRESS =     0.0
 Etot   =   -116912.1402  EKtot   =     20560.7324  EPtot      =   -137472.8727
 BOND   =       525.9184  ANGLE   =      1498.5813  DIHED      =      1003.7895
 UB     =         0.0000  IMP     =         0.0000  CMAP       =       140.0462
 1-4 NB =       654.5290  1-4 EEL =      5844.4607  VDWAALS    =     16544.1973
 EELEC  =   -163684.3950  EHBOND  =         0.0000  RESTRAINT  =         0.0000
 EKCMT  =         0.0000  VIRIAL  =         0.0000  VOLUME     =    332841.9592
                                                    Density    =         1.0343
 ------------------------------------------------------------------------------

wrapping first mol.:      -75.63221        0.00000        0.00000
wrapping first mol.:      -75.63221        0.00000        0.00000
wrapping first mol.:      -75.70591        0.00000        0.00000
wrapping first mol.:      -75.70591        0.00000        0.00000
wrapping first mol.:      -75.67576        0.00000        0.00000
wrapping first mol.:      -75.67576        0.00000        0.00000
wrapping first mol.:      -75.72234        0.00000        0.00000
wrapping first mol.:      -75.72234        0.00000        0.00000
wrapping first mol.:      -75.70625        0.00000        0.00000
wrapping first mol.:      -75.70625        0.00000        0.00000

 NSTEP =  2850000   TIME(PS) =    7400.000  TEMP(K) =   300.46  PRESS =     0.0
 Etot   =   -116961.6761  EKtot   =     20537.9531  EPtot      =   -137499.6293
 BOND   =       523.0307  ANGLE   =      1535.9901  DIHED      =      1027.4835
 UB     =         0.0000  IMP     =         0.0000  CMAP       =       146.3072
 1-4 NB =       668.9737  1-4 EEL =      5900.2094  VDWAALS    =     16269.5513
 EELEC  =   -163571.1751  EHBOND  =         0.0000  RESTRAINT  =         0.0000
 EKCMT  =         0.0000  VIRIAL  =         0.0000  VOLUME     =    334020.6100
                                                    Density    =         1.0307
 ------------------------------------------------------------------------------

wrapping first mol.:      -75.74208        0.00000        0.00000
wrapping first mol.:      -75.74208        0.00000        0.00000
wrapping first mol.:      -75.71990        0.00000        0.00000
wrapping first mol.:      -75.71990        0.00000        0.00000
wrapping first mol.:      -75.64701        0.00000        0.00000
wrapping first mol.:      -75.64701        0.00000        0.00000
wrapping first mol.:      -75.70820        0.00000        0.00000
wrapping first mol.:      -75.70820        0.00000        0.00000
wrapping first mol.:      -75.65509        0.00000        0.00000
wrapping first mol.:      -75.65509        0.00000        0.00000

 NSTEP =  2875000   TIME(PS) =    7450.000  TEMP(K) =   301.96  PRESS =     0.0
 Etot   =   -116991.8979  EKtot   =     20640.1719  EPtot      =   -137632.0697
 BOND   =       552.1677  ANGLE   =      1506.2805  DIHED      =       975.6726
 UB     =         0.0000  IMP     =         0.0000  CMAP       =       144.1964
 1-4 NB =       642.0481  1-4 EEL =      5879.4949  VDWAALS    =     16595.4615
 EELEC  =   -163927.3913  EHBOND  =         0.0000  RESTRAINT  =         0.0000
 EKCMT  =         0.0000  VIRIAL  =         0.0000  VOLUME     =    333343.9946
                                                    Density    =         1.0327
 ------------------------------------------------------------------------------

wrapping first mol.:      -75.68903        0.00000        0.00000
wrapping first mol.:      -75.68903        0.00000        0.00000
wrapping first mol.:      -75.69063        0.00000        0.00000
wrapping first mol.:      -75.69063        0.00000        0.00000
wrapping first mol.:      -75.73493        0.00000        0.00000
wrapping first mol.:      -75.73493        0.00000        0.00000
wrapping first mol.:      -75.67010        0.00000        0.00000
wrapping first mol.:      -75.67010        0.00000        0.00000
wrapping first mol.:      -75.67819        0.00000        0.00000
wrapping first mol.:      -75.67819        0.00000        0.00000

 NSTEP =  2900000   TIME(PS) =    7500.000  TEMP(K) =   300.32  PRESS =     0.0
 Etot   =   -116814.3361  EKtot   =     20528.1992  EPtot      =   -137342.5354
 BOND   =       537.8815  ANGLE   =      1503.3253  DIHED      =      1005.5036
 UB     =         0.0000  IMP     =         0.0000  CMAP       =       141.6517
 1-4 NB =       655.4420  1-4 EEL =      5826.5351  VDWAALS    =     16400.8890
 EELEC  =   -163413.7636  EHBOND  =         0.0000  RESTRAINT  =         0.0000
 EKCMT  =         0.0000  VIRIAL  =         0.0000  VOLUME     =    333649.4036
                                                    Density    =         1.0318
 ------------------------------------------------------------------------------

wrapping first mol.:      -75.64834        0.00000        0.00000
wrapping first mol.:      -75.64834        0.00000        0.00000
wrapping first mol.:      -75.71876        0.00000        0.00000
wrapping first mol.:      -75.71876        0.00000        0.00000
wrapping first mol.:      -75.76273        0.00000        0.00000
wrapping first mol.:      -75.76273        0.00000        0.00000
wrapping first mol.:      -75.70922        0.00000        0.00000
wrapping first mol.:      -75.70922        0.00000        0.00000
wrapping first mol.:      -75.65429        0.00000        0.00000
wrapping first mol.:      -75.65429        0.00000        0.00000

 NSTEP =  2925000   TIME(PS) =    7550.000  TEMP(K) =   301.75  PRESS =     0.0
 Etot   =   -117030.0391  EKtot   =     20626.2871  EPtot      =   -137656.3262
 BOND   =       557.0884  ANGLE   =      1515.4780  DIHED      =       986.1516
 UB     =         0.0000  IMP     =         0.0000  CMAP       =       137.1219
 1-4 NB =       657.5781  1-4 EEL =      5837.6019  VDWAALS    =     16241.4763
 EELEC  =   -163588.8225  EHBOND  =         0.0000  RESTRAINT  =         0.0000
 EKCMT  =         0.0000  VIRIAL  =         0.0000  VOLUME     =    333333.3743
                                                    Density    =         1.0328
 ------------------------------------------------------------------------------

wrapping first mol.:      -75.61963        0.00000        0.00000
wrapping first mol.:      -75.61963        0.00000        0.00000
wrapping first mol.:      -75.69041        0.00000        0.00000
wrapping first mol.:      -75.69041        0.00000        0.00000
wrapping first mol.:      -75.64899        0.00000        0.00000
wrapping first mol.:      -75.64899        0.00000        0.00000
wrapping first mol.:      -75.58301        0.00000        0.00000
wrapping first mol.:      -75.58301        0.00000        0.00000
wrapping first mol.:      -75.69909        0.00000        0.00000
wrapping first mol.:      -75.69909        0.00000        0.00000

 NSTEP =  2950000   TIME(PS) =    7600.000  TEMP(K) =   297.46  PRESS =     0.0
 Etot   =   -116919.9645  EKtot   =     20332.7031  EPtot      =   -137252.6677
 BOND   =       589.7086  ANGLE   =      1551.9078  DIHED      =      1003.4666
 UB     =         0.0000  IMP     =         0.0000  CMAP       =       142.6486
 1-4 NB =       637.6714  1-4 EEL =      5941.0311  VDWAALS    =     16153.3910
 EELEC  =   -163272.4928  EHBOND  =         0.0000  RESTRAINT  =         0.0000
 EKCMT  =         0.0000  VIRIAL  =         0.0000  VOLUME     =    333925.8997
                                                    Density    =         1.0309
 ------------------------------------------------------------------------------

wrapping first mol.:      -75.59321        0.00000        0.00000
wrapping first mol.:      -75.59321        0.00000        0.00000
wrapping first mol.:      -75.71225        0.00000        0.00000
wrapping first mol.:      -75.71225        0.00000        0.00000
wrapping first mol.:      -75.64068        0.00000        0.00000
wrapping first mol.:      -75.64068        0.00000        0.00000
wrapping first mol.:      -75.70330        0.00000        0.00000
wrapping first mol.:      -75.70330        0.00000        0.00000
wrapping first mol.:      -75.76274        0.00000        0.00000
wrapping first mol.:      -75.76274        0.00000        0.00000

 NSTEP =  2975000   TIME(PS) =    7650.000  TEMP(K) =   298.13  PRESS =     0.0
 Etot   =   -116970.2405  EKtot   =     20378.6699  EPtot      =   -137348.9104
 BOND   =       561.5598  ANGLE   =      1433.4281  DIHED      =      1012.6946
 UB     =         0.0000  IMP     =         0.0000  CMAP       =       141.2037
 1-4 NB =       659.6325  1-4 EEL =      5879.5654  VDWAALS    =     16496.2417
 EELEC  =   -163533.2361  EHBOND  =         0.0000  RESTRAINT  =         0.0000
 EKCMT  =         0.0000  VIRIAL  =         0.0000  VOLUME     =    334768.8771
                                                    Density    =         1.0284
 ------------------------------------------------------------------------------

wrapping first mol.:      -75.70761        0.00000        0.00000
wrapping first mol.:      -75.70761        0.00000        0.00000
wrapping first mol.:      -75.80728        0.00000        0.00000
wrapping first mol.:      -75.80728        0.00000        0.00000
wrapping first mol.:      -75.69971        0.00000        0.00000
wrapping first mol.:      -75.69971        0.00000        0.00000
wrapping first mol.:      -75.78322        0.00000        0.00000
wrapping first mol.:      -75.78322        0.00000        0.00000
wrapping first mol.:      -75.70789        0.00000        0.00000
wrapping first mol.:      -75.70789        0.00000        0.00000

 NSTEP =  3000000   TIME(PS) =    7700.000  TEMP(K) =   303.82  PRESS =     0.0
 Etot   =   -116774.3295  EKtot   =     20767.1445  EPtot      =   -137541.4740
 BOND   =       566.6074  ANGLE   =      1520.1770  DIHED      =       994.6605
 UB     =         0.0000  IMP     =         0.0000  CMAP       =       137.7142
 1-4 NB =       643.1383  1-4 EEL =      5843.5736  VDWAALS    =     16170.7554
 EELEC  =   -163418.1004  EHBOND  =         0.0000  RESTRAINT  =         0.0000
 EKCMT  =         0.0000  VIRIAL  =         0.0000  VOLUME     =    334042.4352
                                                    Density    =         1.0306
 ------------------------------------------------------------------------------

wrapping first mol.:      -75.72342        0.00000        0.00000
wrapping first mol.:      -75.72342        0.00000        0.00000
wrapping first mol.:      -75.72340        0.00000        0.00000
wrapping first mol.:      -75.72340        0.00000        0.00000
wrapping first mol.:      -75.75685        0.00000        0.00000
wrapping first mol.:      -75.75685        0.00000        0.00000
wrapping first mol.:      -75.78924        0.00000        0.00000
wrapping first mol.:      -75.78924        0.00000        0.00000
wrapping first mol.:      -75.70713        0.00000        0.00000
wrapping first mol.:      -75.70713        0.00000        0.00000

 NSTEP =  3025000   TIME(PS) =    7750.000  TEMP(K) =   299.19  PRESS =     0.0
 Etot   =   -117028.6218  EKtot   =     20451.2051  EPtot      =   -137479.8269
 BOND   =       576.2248  ANGLE   =      1578.1863  DIHED      =      1009.5685
 UB     =         0.0000  IMP     =         0.0000  CMAP       =       145.6523
 1-4 NB =       637.5029  1-4 EEL =      5785.3467  VDWAALS    =     16300.9024
 EELEC  =   -163513.2109  EHBOND  =         0.0000  RESTRAINT  =         0.0000
 EKCMT  =         0.0000  VIRIAL  =         0.0000  VOLUME     =    334032.2943
                                                    Density    =         1.0306
 ------------------------------------------------------------------------------

wrapping first mol.:      -75.68380        0.00000        0.00000
wrapping first mol.:      -75.68380        0.00000        0.00000
wrapping first mol.:      -75.62133        0.00000        0.00000
wrapping first mol.:      -75.62133        0.00000        0.00000
wrapping first mol.:      -75.72760        0.00000        0.00000
wrapping first mol.:      -75.72760        0.00000        0.00000
wrapping first mol.:      -75.66362        0.00000        0.00000
wrapping first mol.:      -75.66362        0.00000        0.00000
wrapping first mol.:      -75.67337        0.00000        0.00000
wrapping first mol.:      -75.67337        0.00000        0.00000

 NSTEP =  3050000   TIME(PS) =    7800.000  TEMP(K) =   300.89  PRESS =     0.0
 Etot   =   -116859.8876  EKtot   =     20567.3594  EPtot      =   -137427.2470
 BOND   =       563.9567  ANGLE   =      1510.3277  DIHED      =       991.2715
 UB     =         0.0000  IMP     =         0.0000  CMAP       =       141.6982
 1-4 NB =       631.4049  1-4 EEL =      5871.0129  VDWAALS    =     16229.7705
 EELEC  =   -163366.6895  EHBOND  =         0.0000  RESTRAINT  =         0.0000
 EKCMT  =         0.0000  VIRIAL  =         0.0000  VOLUME     =    333585.6063
                                                    Density    =         1.0320
 ------------------------------------------------------------------------------

wrapping first mol.:      -75.70175        0.00000        0.00000
wrapping first mol.:      -75.70175        0.00000        0.00000
wrapping first mol.:      -75.77614        0.00000        0.00000
wrapping first mol.:      -75.77614        0.00000        0.00000
wrapping first mol.:      -75.77856        0.00000        0.00000
wrapping first mol.:      -75.77856        0.00000        0.00000
wrapping first mol.:      -75.68416        0.00000        0.00000
wrapping first mol.:      -75.68416        0.00000        0.00000
wrapping first mol.:      -75.70055        0.00000        0.00000
wrapping first mol.:      -75.70055        0.00000        0.00000

 NSTEP =  3075000   TIME(PS) =    7850.000  TEMP(K) =   300.77  PRESS =     0.0
 Etot   =   -117101.2562  EKtot   =     20558.7207  EPtot      =   -137659.9769
 BOND   =       568.3758  ANGLE   =      1518.3768  DIHED      =       998.9327
 UB     =         0.0000  IMP     =         0.0000  CMAP       =       139.6822
 1-4 NB =       638.6832  1-4 EEL =      5820.1136  VDWAALS    =     16743.8795
 EELEC  =   -164088.0207  EHBOND  =         0.0000  RESTRAINT  =         0.0000
 EKCMT  =         0.0000  VIRIAL  =         0.0000  VOLUME     =    333945.1814
                                                    Density    =         1.0309
 ------------------------------------------------------------------------------

wrapping first mol.:      -75.69899        0.00000        0.00000
wrapping first mol.:      -75.69899        0.00000        0.00000
wrapping first mol.:      -75.70093        0.00000        0.00000
wrapping first mol.:      -75.70093        0.00000        0.00000
wrapping first mol.:      -75.70482        0.00000        0.00000
wrapping first mol.:      -75.70482        0.00000        0.00000
wrapping first mol.:      -75.73422        0.00000        0.00000
wrapping first mol.:      -75.73422        0.00000        0.00000
wrapping first mol.:      -75.72455        0.00000        0.00000
wrapping first mol.:      -75.72455        0.00000        0.00000

 NSTEP =  3100000   TIME(PS) =    7900.000  TEMP(K) =   301.51  PRESS =     0.0
 Etot   =   -116913.1219  EKtot   =     20609.6406  EPtot      =   -137522.7625
 BOND   =       518.8923  ANGLE   =      1571.1058  DIHED      =      1016.8046
 UB     =         0.0000  IMP     =         0.0000  CMAP       =       142.0757
 1-4 NB =       623.4791  1-4 EEL =      5881.2493  VDWAALS    =     16416.6416
 EELEC  =   -163693.0108  EHBOND  =         0.0000  RESTRAINT  =         0.0000
 EKCMT  =         0.0000  VIRIAL  =         0.0000  VOLUME     =    334262.9969
                                                    Density    =         1.0299
 ------------------------------------------------------------------------------

wrapping first mol.:      -75.77411        0.00000        0.00000
wrapping first mol.:      -75.77411        0.00000        0.00000
wrapping first mol.:      -75.68613        0.00000        0.00000
wrapping first mol.:      -75.68613        0.00000        0.00000
wrapping first mol.:      -75.77589        0.00000        0.00000
wrapping first mol.:      -75.77589        0.00000        0.00000
wrapping first mol.:      -75.63139        0.00000        0.00000
wrapping first mol.:      -75.63139        0.00000        0.00000
wrapping first mol.:      -75.67644        0.00000        0.00000
wrapping first mol.:      -75.67644        0.00000        0.00000

 NSTEP =  3125000   TIME(PS) =    7950.000  TEMP(K) =   299.08  PRESS =     0.0
 Etot   =   -116996.1638  EKtot   =     20443.4375  EPtot      =   -137439.6013
 BOND   =       571.9156  ANGLE   =      1522.6411  DIHED      =       998.3937
 UB     =         0.0000  IMP     =         0.0000  CMAP       =       150.6912
 1-4 NB =       645.0021  1-4 EEL =      5865.1221  VDWAALS    =     16489.1170
 EELEC  =   -163682.4841  EHBOND  =         0.0000  RESTRAINT  =         0.0000
 EKCMT  =         0.0000  VIRIAL  =         0.0000  VOLUME     =    333626.2998
                                                    Density    =         1.0319
 ------------------------------------------------------------------------------

wrapping first mol.:      -75.69536        0.00000        0.00000
wrapping first mol.:      -75.69536        0.00000        0.00000
wrapping first mol.:      -75.67146        0.00000        0.00000
wrapping first mol.:      -75.67146        0.00000        0.00000
wrapping first mol.:      -75.70882        0.00000        0.00000
wrapping first mol.:      -75.70882        0.00000        0.00000
wrapping first mol.:      -75.70511        0.00000        0.00000
wrapping first mol.:      -75.70511        0.00000        0.00000
wrapping first mol.:      -75.68079        0.00000        0.00000
wrapping first mol.:      -75.68079        0.00000        0.00000

 NSTEP =  3150000   TIME(PS) =    8000.000  TEMP(K) =   300.57  PRESS =     0.0
 Etot   =   -116970.1562  EKtot   =     20545.4941  EPtot      =   -137515.6503
 BOND   =       576.2476  ANGLE   =      1518.0762  DIHED      =      1002.9842
 UB     =         0.0000  IMP     =         0.0000  CMAP       =       141.2010
 1-4 NB =       637.2807  1-4 EEL =      5850.2354  VDWAALS    =     16312.6397
 EELEC  =   -163554.3152  EHBOND  =         0.0000  RESTRAINT  =         0.0000
 EKCMT  =         0.0000  VIRIAL  =         0.0000  VOLUME     =    333683.7806
                                                    Density    =         1.0317
 ------------------------------------------------------------------------------

wrapping first mol.:      -75.70001        0.00000        0.00000
wrapping first mol.:      -75.70001        0.00000        0.00000
wrapping first mol.:      -75.79986        0.00000        0.00000
wrapping first mol.:      -75.79986        0.00000        0.00000
wrapping first mol.:      -75.63432        0.00000        0.00000
wrapping first mol.:      -75.63432        0.00000        0.00000
wrapping first mol.:      -75.69556        0.00000        0.00000
wrapping first mol.:      -75.69556        0.00000        0.00000
wrapping first mol.:      -75.50436        0.00000        0.00000
wrapping first mol.:      -75.50436        0.00000        0.00000

 NSTEP =  3175000   TIME(PS) =    8050.000  TEMP(K) =   298.06  PRESS =     0.0
 Etot   =   -117370.8319  EKtot   =     20373.5098  EPtot      =   -137744.3417
 BOND   =       575.9651  ANGLE   =      1563.5251  DIHED      =      1013.4825
 UB     =         0.0000  IMP     =         0.0000  CMAP       =       150.0661
 1-4 NB =       655.7329  1-4 EEL =      5863.8056  VDWAALS    =     16439.2667
 EELEC  =   -164006.1856  EHBOND  =         0.0000  RESTRAINT  =         0.0000
 EKCMT  =         0.0000  VIRIAL  =         0.0000  VOLUME     =    331355.5163
                                                    Density    =         1.0389
 ------------------------------------------------------------------------------

wrapping first mol.:      -75.71672        0.00000        0.00000
wrapping first mol.:      -75.71672        0.00000        0.00000
wrapping first mol.:      -75.67613        0.00000        0.00000
wrapping first mol.:      -75.67613        0.00000        0.00000
wrapping first mol.:      -75.64275        0.00000        0.00000
wrapping first mol.:      -75.64275        0.00000        0.00000
wrapping first mol.:      -75.68748        0.00000        0.00000
wrapping first mol.:      -75.68748        0.00000        0.00000
wrapping first mol.:      -75.61253        0.00000        0.00000
wrapping first mol.:      -75.61253        0.00000        0.00000

 NSTEP =  3200000   TIME(PS) =    8100.000  TEMP(K) =   306.08  PRESS =     0.0
 Etot   =   -116319.2483  EKtot   =     20922.0254  EPtot      =   -137241.2737
 BOND   =       597.4369  ANGLE   =      1535.8218  DIHED      =      1000.9359
 UB     =         0.0000  IMP     =         0.0000  CMAP       =       135.9848
 1-4 NB =       651.5678  1-4 EEL =      5870.0063  VDWAALS    =     16345.1361
 EELEC  =   -163378.1632  EHBOND  =         0.0000  RESTRAINT  =         0.0000
 EKCMT  =         0.0000  VIRIAL  =         0.0000  VOLUME     =    332781.7128
                                                    Density    =         1.0345
 ------------------------------------------------------------------------------

wrapping first mol.:      -75.62682        0.00000        0.00000
wrapping first mol.:      -75.62682        0.00000        0.00000
wrapping first mol.:      -75.56194        0.00000        0.00000
wrapping first mol.:      -75.56194        0.00000        0.00000
wrapping first mol.:      -75.69825        0.00000        0.00000
wrapping first mol.:      -75.69825        0.00000        0.00000
wrapping first mol.:      -75.65464        0.00000        0.00000
wrapping first mol.:      -75.65464        0.00000        0.00000
wrapping first mol.:      -75.62450        0.00000        0.00000
wrapping first mol.:      -75.62450        0.00000        0.00000

 NSTEP =  3225000   TIME(PS) =    8150.000  TEMP(K) =   301.94  PRESS =     0.0
 Etot   =   -116838.7209  EKtot   =     20639.0137  EPtot      =   -137477.7346
 BOND   =       591.7813  ANGLE   =      1535.9970  DIHED      =      1020.6343
 UB     =         0.0000  IMP     =         0.0000  CMAP       =       135.3012
 1-4 NB =       630.2175  1-4 EEL =      5866.0513  VDWAALS    =     16086.0472
 EELEC  =   -163343.7645  EHBOND  =         0.0000  RESTRAINT  =         0.0000
 EKCMT  =         0.0000  VIRIAL  =         0.0000  VOLUME     =    332939.7810
                                                    Density    =         1.0340
 ------------------------------------------------------------------------------

wrapping first mol.:      -75.74961        0.00000        0.00000
wrapping first mol.:      -75.74961        0.00000        0.00000
wrapping first mol.:      -75.54081        0.00000        0.00000
wrapping first mol.:      -75.54081        0.00000        0.00000
wrapping first mol.:      -75.69824        0.00000        0.00000
wrapping first mol.:      -75.69824        0.00000        0.00000
wrapping first mol.:      -75.62585        0.00000        0.00000
wrapping first mol.:      -75.62585        0.00000        0.00000
wrapping first mol.:      -75.65814        0.00000        0.00000
wrapping first mol.:      -75.65814        0.00000        0.00000

 NSTEP =  3250000   TIME(PS) =    8200.000  TEMP(K) =   298.41  PRESS =     0.0
 Etot   =   -116976.4240  EKtot   =     20397.7090  EPtot      =   -137374.1330
 BOND   =       571.7197  ANGLE   =      1499.6863  DIHED      =      1004.5060
 UB     =         0.0000  IMP     =         0.0000  CMAP       =       142.9430
 1-4 NB =       637.8605  1-4 EEL =      5905.6007  VDWAALS    =     16177.4982
 EELEC  =   -163313.9476  EHBOND  =         0.0000  RESTRAINT  =         0.0000
 EKCMT  =         0.0000  VIRIAL  =         0.0000  VOLUME     =    333384.2295
                                                    Density    =         1.0326
 ------------------------------------------------------------------------------

wrapping first mol.:      -75.68176        0.00000        0.00000
wrapping first mol.:      -75.68176        0.00000        0.00000
wrapping first mol.:      -75.72246        0.00000        0.00000
wrapping first mol.:      -75.72246        0.00000        0.00000
wrapping first mol.:      -75.67290        0.00000        0.00000
wrapping first mol.:      -75.67290        0.00000        0.00000
wrapping first mol.:      -75.76937        0.00000        0.00000
wrapping first mol.:      -75.76937        0.00000        0.00000
wrapping first mol.:      -75.74220        0.00000        0.00000
wrapping first mol.:      -75.74220        0.00000        0.00000

 NSTEP =  3275000   TIME(PS) =    8250.000  TEMP(K) =   299.21  PRESS =     0.0
 Etot   =   -116974.1862  EKtot   =     20452.5820  EPtot      =   -137426.7682
 BOND   =       595.9953  ANGLE   =      1563.9887  DIHED      =       982.8435
 UB     =         0.0000  IMP     =         0.0000  CMAP       =       134.7467
 1-4 NB =       638.2900  1-4 EEL =      5844.2122  VDWAALS    =     16293.8588
 EELEC  =   -163480.7034  EHBOND  =         0.0000  RESTRAINT  =         0.0000
 EKCMT  =         0.0000  VIRIAL  =         0.0000  VOLUME     =    334496.7144
                                                    Density    =         1.0292
 ------------------------------------------------------------------------------

wrapping first mol.:      -75.63831        0.00000        0.00000
wrapping first mol.:      -75.63831        0.00000        0.00000
wrapping first mol.:      -75.69027        0.00000        0.00000
wrapping first mol.:      -75.69027        0.00000        0.00000
wrapping first mol.:      -75.68629        0.00000        0.00000
wrapping first mol.:      -75.68629        0.00000        0.00000
wrapping first mol.:      -75.78914        0.00000        0.00000
wrapping first mol.:      -75.78914        0.00000        0.00000
wrapping first mol.:      -75.75552        0.00000        0.00000
wrapping first mol.:      -75.75552        0.00000        0.00000

 NSTEP =  3300000   TIME(PS) =    8300.000  TEMP(K) =   298.50  PRESS =     0.0
 Etot   =   -116781.6640  EKtot   =     20403.6680  EPtot      =   -137185.3319
 BOND   =       590.6663  ANGLE   =      1528.1075  DIHED      =      1000.8784
 UB     =         0.0000  IMP     =         0.0000  CMAP       =       151.2578
 1-4 NB =       645.1611  1-4 EEL =      5889.4251  VDWAALS    =     16127.6092
 EELEC  =   -163118.4372  EHBOND  =         0.0000  RESTRAINT  =         0.0000
 EKCMT  =         0.0000  VIRIAL  =         0.0000  VOLUME     =    334673.2645
                                                    Density    =         1.0286
 ------------------------------------------------------------------------------

wrapping first mol.:      -75.72829        0.00000        0.00000
wrapping first mol.:      -75.72829        0.00000        0.00000
wrapping first mol.:      -75.63678        0.00000        0.00000
wrapping first mol.:      -75.63678        0.00000        0.00000
wrapping first mol.:      -75.67644        0.00000        0.00000
wrapping first mol.:      -75.67644        0.00000        0.00000
wrapping first mol.:      -75.70976        0.00000        0.00000
wrapping first mol.:      -75.70976        0.00000        0.00000
wrapping first mol.:      -75.74552        0.00000        0.00000
wrapping first mol.:      -75.74552        0.00000        0.00000

 NSTEP =  3325000   TIME(PS) =    8350.000  TEMP(K) =   299.08  PRESS =     0.0
 Etot   =   -117078.8642  EKtot   =     20443.2051  EPtot      =   -137522.0693
 BOND   =       578.0543  ANGLE   =      1508.5558  DIHED      =      1003.8678
 UB     =         0.0000  IMP     =         0.0000  CMAP       =       149.3506
 1-4 NB =       628.3553  1-4 EEL =      5875.4911  VDWAALS    =     16257.2501
 EELEC  =   -163522.9943  EHBOND  =         0.0000  RESTRAINT  =         0.0000
 EKCMT  =         0.0000  VIRIAL  =         0.0000  VOLUME     =    334540.6811
                                                    Density    =         1.0291
 ------------------------------------------------------------------------------

wrapping first mol.:      -75.72261        0.00000        0.00000
wrapping first mol.:      -75.72261        0.00000        0.00000
wrapping first mol.:      -75.71269        0.00000        0.00000
wrapping first mol.:      -75.71269        0.00000        0.00000
wrapping first mol.:      -75.71925        0.00000        0.00000
wrapping first mol.:      -75.71925        0.00000        0.00000
wrapping first mol.:      -75.64254        0.00000        0.00000
wrapping first mol.:      -75.64254        0.00000        0.00000
wrapping first mol.:      -75.63964        0.00000        0.00000
wrapping first mol.:      -75.63964        0.00000        0.00000

 NSTEP =  3350000   TIME(PS) =    8400.000  TEMP(K) =   300.25  PRESS =     0.0
 Etot   =   -116854.5545  EKtot   =     20523.1777  EPtot      =   -137377.7322
 BOND   =       551.2481  ANGLE   =      1523.1013  DIHED      =       993.5990
 UB     =         0.0000  IMP     =         0.0000  CMAP       =       130.5541
 1-4 NB =       647.3216  1-4 EEL =      5888.3783  VDWAALS    =     16420.2228
 EELEC  =   -163532.1575  EHBOND  =         0.0000  RESTRAINT  =         0.0000
 EKCMT  =         0.0000  VIRIAL  =         0.0000  VOLUME     =    333139.7457
                                                    Density    =         1.0334
 ------------------------------------------------------------------------------

wrapping first mol.:      -75.65285        0.00000        0.00000
wrapping first mol.:      -75.65285        0.00000        0.00000
wrapping first mol.:      -75.70326        0.00000        0.00000
wrapping first mol.:      -75.70326        0.00000        0.00000
wrapping first mol.:      -75.73519        0.00000        0.00000
wrapping first mol.:      -75.73519        0.00000        0.00000
wrapping first mol.:      -75.63872        0.00000        0.00000
wrapping first mol.:      -75.63872        0.00000        0.00000
wrapping first mol.:      -75.62810        0.00000        0.00000
wrapping first mol.:      -75.62810        0.00000        0.00000

 NSTEP =  3375000   TIME(PS) =    8450.000  TEMP(K) =   299.93  PRESS =     0.0
 Etot   =   -116871.4401  EKtot   =     20501.4082  EPtot      =   -137372.8483
 BOND   =       581.1354  ANGLE   =      1516.2087  DIHED      =       989.0429
 UB     =         0.0000  IMP     =         0.0000  CMAP       =       142.3472
 1-4 NB =       650.6943  1-4 EEL =      5869.9105  VDWAALS    =     16206.1881
 EELEC  =   -163328.3754  EHBOND  =         0.0000  RESTRAINT  =         0.0000
 EKCMT  =         0.0000  VIRIAL  =         0.0000  VOLUME     =    332987.3188
                                                    Density    =         1.0339
 ------------------------------------------------------------------------------

wrapping first mol.:      -75.65267        0.00000        0.00000
wrapping first mol.:      -75.65267        0.00000        0.00000
wrapping first mol.:      -75.71307        0.00000        0.00000
wrapping first mol.:      -75.71307        0.00000        0.00000
wrapping first mol.:      -75.65641        0.00000        0.00000
wrapping first mol.:      -75.65641        0.00000        0.00000
wrapping first mol.:      -75.69516        0.00000        0.00000
wrapping first mol.:      -75.69516        0.00000        0.00000
wrapping first mol.:      -75.78636        0.00000        0.00000
wrapping first mol.:      -75.78636        0.00000        0.00000

 NSTEP =  3400000   TIME(PS) =    8500.000  TEMP(K) =   298.89  PRESS =     0.0
 Etot   =   -116758.5025  EKtot   =     20430.7344  EPtot      =   -137189.2369
 BOND   =       580.7777  ANGLE   =      1496.4885  DIHED      =      1041.4666
 UB     =         0.0000  IMP     =         0.0000  CMAP       =       130.9101
 1-4 NB =       652.2126  1-4 EEL =      5845.5217  VDWAALS    =     16399.4042
 EELEC  =   -163336.0183  EHBOND  =         0.0000  RESTRAINT  =         0.0000
 EKCMT  =         0.0000  VIRIAL  =         0.0000  VOLUME     =    335082.1671
                                                    Density    =         1.0274
 ------------------------------------------------------------------------------

wrapping first mol.:      -75.70638        0.00000        0.00000
wrapping first mol.:      -75.70638        0.00000        0.00000
wrapping first mol.:      -75.66887        0.00000        0.00000
wrapping first mol.:      -75.66887        0.00000        0.00000
wrapping first mol.:      -75.64711        0.00000        0.00000
wrapping first mol.:      -75.64711        0.00000        0.00000
wrapping first mol.:      -75.66188        0.00000        0.00000
wrapping first mol.:      -75.66188        0.00000        0.00000
wrapping first mol.:      -75.70493        0.00000        0.00000
wrapping first mol.:      -75.70493        0.00000        0.00000

 NSTEP =  3425000   TIME(PS) =    8550.000  TEMP(K) =   302.57  PRESS =     0.0
 Etot   =   -116639.9705  EKtot   =     20681.6895  EPtot      =   -137321.6600
 BOND   =       581.1380  ANGLE   =      1523.8409  DIHED      =      1005.3202
 UB     =         0.0000  IMP     =         0.0000  CMAP       =       135.6445
 1-4 NB =       630.7496  1-4 EEL =      5867.9305  VDWAALS    =     16358.5085
 EELEC  =   -163424.7921  EHBOND  =         0.0000  RESTRAINT  =         0.0000
 EKCMT  =         0.0000  VIRIAL  =         0.0000  VOLUME     =    334003.1622
                                                    Density    =         1.0307
 ------------------------------------------------------------------------------

wrapping first mol.:      -75.71325        0.00000        0.00000
wrapping first mol.:      -75.71325        0.00000        0.00000
wrapping first mol.:      -75.72319        0.00000        0.00000
wrapping first mol.:      -75.72319        0.00000        0.00000
wrapping first mol.:      -75.64952        0.00000        0.00000
wrapping first mol.:      -75.64952        0.00000        0.00000
wrapping first mol.:      -75.68002        0.00000        0.00000
wrapping first mol.:      -75.68002        0.00000        0.00000
wrapping first mol.:      -75.72061        0.00000        0.00000
wrapping first mol.:      -75.72061        0.00000        0.00000

 NSTEP =  3450000   TIME(PS) =    8600.000  TEMP(K) =   299.97  PRESS =     0.0
 Etot   =   -117155.2941  EKtot   =     20504.5879  EPtot      =   -137659.8819
 BOND   =       579.0574  ANGLE   =      1493.6313  DIHED      =      1000.0270
 UB     =         0.0000  IMP     =         0.0000  CMAP       =       143.9799
 1-4 NB =       634.9877  1-4 EEL =      5917.7247  VDWAALS    =     16564.3290
 EELEC  =   -163993.6189  EHBOND  =         0.0000  RESTRAINT  =         0.0000
 EKCMT  =         0.0000  VIRIAL  =         0.0000  VOLUME     =    334210.7893
                                                    Density    =         1.0301
 ------------------------------------------------------------------------------

wrapping first mol.:      -75.75372        0.00000        0.00000
wrapping first mol.:      -75.75372        0.00000        0.00000
wrapping first mol.:      -75.84817        0.00000        0.00000
wrapping first mol.:      -75.84817        0.00000        0.00000
wrapping first mol.:      -75.72437        0.00000        0.00000
wrapping first mol.:      -75.72437        0.00000        0.00000
wrapping first mol.:      -75.69149        0.00000        0.00000
wrapping first mol.:      -75.69149        0.00000        0.00000
wrapping first mol.:      -75.66273        0.00000        0.00000
wrapping first mol.:      -75.66273        0.00000        0.00000

 NSTEP =  3475000   TIME(PS) =    8650.000  TEMP(K) =   302.76  PRESS =     0.0
 Etot   =   -116978.2783  EKtot   =     20694.7090  EPtot      =   -137672.9873
 BOND   =       563.1594  ANGLE   =      1541.7126  DIHED      =      1009.6540
 UB     =         0.0000  IMP     =         0.0000  CMAP       =       141.5763
 1-4 NB =       630.7317  1-4 EEL =      5917.7428  VDWAALS    =     16098.3417
 EELEC  =   -163575.9058  EHBOND  =         0.0000  RESTRAINT  =         0.0000
 EKCMT  =         0.0000  VIRIAL  =         0.0000  VOLUME     =    333444.9720
                                                    Density    =         1.0324
 ------------------------------------------------------------------------------

wrapping first mol.:      -75.70015        0.00000        0.00000
wrapping first mol.:      -75.70015        0.00000        0.00000
wrapping first mol.:      -75.80051        0.00000        0.00000
wrapping first mol.:      -75.80051        0.00000        0.00000
wrapping first mol.:      -75.75552        0.00000        0.00000
wrapping first mol.:      -75.75552        0.00000        0.00000
wrapping first mol.:      -75.71283        0.00000        0.00000
wrapping first mol.:      -75.71283        0.00000        0.00000
wrapping first mol.:      -75.62962        0.00000        0.00000
wrapping first mol.:      -75.62962        0.00000        0.00000

 NSTEP =  3500000   TIME(PS) =    8700.000  TEMP(K) =   299.81  PRESS =     0.0
 Etot   =   -117000.1418  EKtot   =     20493.1250  EPtot      =   -137493.2668
 BOND   =       596.3345  ANGLE   =      1548.3089  DIHED      =      1041.5166
 UB     =         0.0000  IMP     =         0.0000  CMAP       =       141.7102
 1-4 NB =       649.5119  1-4 EEL =      5877.9618  VDWAALS    =     16631.0685
 EELEC  =   -163979.6791  EHBOND  =         0.0000  RESTRAINT  =         0.0000
 EKCMT  =         0.0000  VIRIAL  =         0.0000  VOLUME     =    333007.3654
                                                    Density    =         1.0338
 ------------------------------------------------------------------------------

wrapping first mol.:      -75.70666        0.00000        0.00000
wrapping first mol.:      -75.70666        0.00000        0.00000
wrapping first mol.:      -75.75119        0.00000        0.00000
wrapping first mol.:      -75.75119        0.00000        0.00000
wrapping first mol.:      -75.70967        0.00000        0.00000
wrapping first mol.:      -75.70967        0.00000        0.00000
wrapping first mol.:      -75.66953        0.00000        0.00000
wrapping first mol.:      -75.66953        0.00000        0.00000
wrapping first mol.:      -75.66934        0.00000        0.00000
wrapping first mol.:      -75.66934        0.00000        0.00000

 NSTEP =  3525000   TIME(PS) =    8750.000  TEMP(K) =   300.56  PRESS =     0.0
 Etot   =   -116905.5270  EKtot   =     20544.8672  EPtot      =   -137450.3942
 BOND   =       551.0135  ANGLE   =      1496.3396  DIHED      =       991.7551
 UB     =         0.0000  IMP     =         0.0000  CMAP       =       144.9804
 1-4 NB =       637.6848  1-4 EEL =      5867.6552  VDWAALS    =     16201.5797
 EELEC  =   -163341.4025  EHBOND  =         0.0000  RESTRAINT  =         0.0000
 EKCMT  =         0.0000  VIRIAL  =         0.0000  VOLUME     =    333532.3366
                                                    Density    =         1.0322
 ------------------------------------------------------------------------------

wrapping first mol.:      -75.73324        0.00000        0.00000
wrapping first mol.:      -75.73324        0.00000        0.00000
wrapping first mol.:      -75.70829        0.00000        0.00000
wrapping first mol.:      -75.70829        0.00000        0.00000
wrapping first mol.:      -75.72653        0.00000        0.00000
wrapping first mol.:      -75.72653        0.00000        0.00000
wrapping first mol.:      -75.81134        0.00000        0.00000
wrapping first mol.:      -75.81134        0.00000        0.00000
wrapping first mol.:      -75.65878        0.00000        0.00000
wrapping first mol.:      -75.65878        0.00000        0.00000

 NSTEP =  3550000   TIME(PS) =    8800.000  TEMP(K) =   298.79  PRESS =     0.0
 Etot   =   -117382.1476  EKtot   =     20423.5879  EPtot      =   -137805.7355
 BOND   =       555.3416  ANGLE   =      1479.8789  DIHED      =       996.9241
 UB     =         0.0000  IMP     =         0.0000  CMAP       =       133.8189
 1-4 NB =       646.8213  1-4 EEL =      5881.4637  VDWAALS    =     16387.6185
 EELEC  =   -163887.6026  EHBOND  =         0.0000  RESTRAINT  =         0.0000
 EKCMT  =         0.0000  VIRIAL  =         0.0000  VOLUME     =    333392.7127
                                                    Density    =         1.0326
 ------------------------------------------------------------------------------

wrapping first mol.:      -75.73748        0.00000        0.00000
wrapping first mol.:      -75.73748        0.00000        0.00000
wrapping first mol.:      -75.72194        0.00000        0.00000
wrapping first mol.:      -75.72194        0.00000        0.00000
wrapping first mol.:      -75.71015        0.00000        0.00000
wrapping first mol.:      -75.71015        0.00000        0.00000
wrapping first mol.:      -75.74249        0.00000        0.00000
wrapping first mol.:      -75.74249        0.00000        0.00000
wrapping first mol.:      -75.67004        0.00000        0.00000
wrapping first mol.:      -75.67004        0.00000        0.00000

 NSTEP =  3575000   TIME(PS) =    8850.000  TEMP(K) =   299.26  PRESS =     0.0
 Etot   =   -117248.6934  EKtot   =     20456.0020  EPtot      =   -137704.6954
 BOND   =       552.9111  ANGLE   =      1573.4311  DIHED      =       996.6952
 UB     =         0.0000  IMP     =         0.0000  CMAP       =       127.6014
 1-4 NB =       626.1783  1-4 EEL =      5868.0456  VDWAALS    =     16213.6105
 EELEC  =   -163663.1686  EHBOND  =         0.0000  RESTRAINT  =         0.0000
 EKCMT  =         0.0000  VIRIAL  =         0.0000  VOLUME     =    333541.6285
                                                    Density    =         1.0321
 ------------------------------------------------------------------------------

wrapping first mol.:      -75.73201        0.00000        0.00000
wrapping first mol.:      -75.73201        0.00000        0.00000
wrapping first mol.:      -75.70825        0.00000        0.00000
wrapping first mol.:      -75.70825        0.00000        0.00000
wrapping first mol.:      -75.76662        0.00000        0.00000
wrapping first mol.:      -75.76662        0.00000        0.00000
wrapping first mol.:      -75.76485        0.00000        0.00000
wrapping first mol.:      -75.76485        0.00000        0.00000
wrapping first mol.:      -75.72508        0.00000        0.00000
wrapping first mol.:      -75.72508        0.00000        0.00000

 NSTEP =  3600000   TIME(PS) =    8900.000  TEMP(K) =   299.61  PRESS =     0.0
 Etot   =   -117044.6451  EKtot   =     20479.5938  EPtot      =   -137524.2389
 BOND   =       574.0760  ANGLE   =      1504.4238  DIHED      =       981.6936
 UB     =         0.0000  IMP     =         0.0000  CMAP       =       144.2805
 1-4 NB =       634.9800  1-4 EEL =      5864.0659  VDWAALS    =     16464.8922
 EELEC  =   -163692.6509  EHBOND  =         0.0000  RESTRAINT  =         0.0000
 EKCMT  =         0.0000  VIRIAL  =         0.0000  VOLUME     =    334270.0180
                                                    Density    =         1.0299
 ------------------------------------------------------------------------------

wrapping first mol.:      -75.69151        0.00000        0.00000
wrapping first mol.:      -75.69151        0.00000        0.00000
wrapping first mol.:      -75.60256        0.00000        0.00000
wrapping first mol.:      -75.60256        0.00000        0.00000
wrapping first mol.:      -75.67758        0.00000        0.00000
wrapping first mol.:      -75.67758        0.00000        0.00000
wrapping first mol.:      -75.62214        0.00000        0.00000
wrapping first mol.:      -75.62214        0.00000        0.00000
wrapping first mol.:      -75.66379        0.00000        0.00000
wrapping first mol.:      -75.66379        0.00000        0.00000

 NSTEP =  3625000   TIME(PS) =    8950.000  TEMP(K) =   300.33  PRESS =     0.0
 Etot   =   -116920.3637  EKtot   =     20528.7500  EPtot      =   -137449.1137
 BOND   =       586.2705  ANGLE   =      1516.7664  DIHED      =       998.9686
 UB     =         0.0000  IMP     =         0.0000  CMAP       =       134.4303
 1-4 NB =       637.0560  1-4 EEL =      5863.4742  VDWAALS    =     16498.8422
 EELEC  =   -163684.9219  EHBOND  =         0.0000  RESTRAINT  =         0.0000
 EKCMT  =         0.0000  VIRIAL  =         0.0000  VOLUME     =    333458.9556
                                                    Density    =         1.0324
 ------------------------------------------------------------------------------

wrapping first mol.:      -75.73779        0.00000        0.00000
wrapping first mol.:      -75.73779        0.00000        0.00000
wrapping first mol.:      -75.68267        0.00000        0.00000
wrapping first mol.:      -75.68267        0.00000        0.00000
wrapping first mol.:      -75.75954        0.00000        0.00000
wrapping first mol.:      -75.75954        0.00000        0.00000
wrapping first mol.:      -75.76876        0.00000        0.00000
wrapping first mol.:      -75.76876        0.00000        0.00000
wrapping first mol.:      -75.79350        0.00000        0.00000
wrapping first mol.:      -75.79350        0.00000        0.00000

 NSTEP =  3650000   TIME(PS) =    9000.000  TEMP(K) =   302.45  PRESS =     0.0
 Etot   =   -116512.8418  EKtot   =     20673.5508  EPtot      =   -137186.3926
 BOND   =       595.9626  ANGLE   =      1525.9443  DIHED      =       997.8660
 UB     =         0.0000  IMP     =         0.0000  CMAP       =       135.0319
 1-4 NB =       649.3804  1-4 EEL =      5924.0107  VDWAALS    =     16404.2354
 EELEC  =   -163418.8239  EHBOND  =         0.0000  RESTRAINT  =         0.0000
 EKCMT  =         0.0000  VIRIAL  =         0.0000  VOLUME     =    335176.8982
                                                    Density    =         1.0271
 ------------------------------------------------------------------------------

wrapping first mol.:      -75.78018        0.00000        0.00000
wrapping first mol.:      -75.78018        0.00000        0.00000
wrapping first mol.:      -75.64666        0.00000        0.00000
wrapping first mol.:      -75.64666        0.00000        0.00000
wrapping first mol.:      -75.68000        0.00000        0.00000
wrapping first mol.:      -75.68000        0.00000        0.00000
wrapping first mol.:      -75.68132        0.00000        0.00000
wrapping first mol.:      -75.68132        0.00000        0.00000
wrapping first mol.:      -75.71575        0.00000        0.00000
wrapping first mol.:      -75.71575        0.00000        0.00000

 NSTEP =  3675000   TIME(PS) =    9050.000  TEMP(K) =   300.52  PRESS =     0.0
 Etot   =   -116840.3879  EKtot   =     20541.8281  EPtot      =   -137382.2161
 BOND   =       559.5884  ANGLE   =      1496.0413  DIHED      =       999.1899
 UB     =         0.0000  IMP     =         0.0000  CMAP       =       122.3380
 1-4 NB =       640.2038  1-4 EEL =      5867.5878  VDWAALS    =     16266.2129
 EELEC  =   -163333.3782  EHBOND  =         0.0000  RESTRAINT  =         0.0000
 EKCMT  =         0.0000  VIRIAL  =         0.0000  VOLUME     =    334146.4117
                                                    Density    =         1.0303
 ------------------------------------------------------------------------------

wrapping first mol.:      -75.65689        0.00000        0.00000
wrapping first mol.:      -75.65689        0.00000        0.00000
wrapping first mol.:      -75.76724        0.00000        0.00000
wrapping first mol.:      -75.76724        0.00000        0.00000
wrapping first mol.:      -75.63963        0.00000        0.00000
wrapping first mol.:      -75.63963        0.00000        0.00000
wrapping first mol.:      -75.64350        0.00000        0.00000
wrapping first mol.:      -75.64350        0.00000        0.00000
wrapping first mol.:      -75.78437        0.00000        0.00000
wrapping first mol.:      -75.78437        0.00000        0.00000

 NSTEP =  3700000   TIME(PS) =    9100.000  TEMP(K) =   300.43  PRESS =     0.0
 Etot   =   -117233.2320  EKtot   =     20535.7656  EPtot      =   -137768.9976
 BOND   =       573.0512  ANGLE   =      1495.8312  DIHED      =       998.4769
 UB     =         0.0000  IMP     =         0.0000  CMAP       =       131.6806
 1-4 NB =       642.0693  1-4 EEL =      5906.2395  VDWAALS    =     16303.1649
 EELEC  =   -163819.5114  EHBOND  =         0.0000  RESTRAINT  =         0.0000
 EKCMT  =         0.0000  VIRIAL  =         0.0000  VOLUME     =    335055.7823
                                                    Density    =         1.0275
 ------------------------------------------------------------------------------

wrapping first mol.:      -75.66881        0.00000        0.00000
wrapping first mol.:      -75.66881        0.00000        0.00000
wrapping first mol.:      -75.74596        0.00000        0.00000
wrapping first mol.:      -75.74596        0.00000        0.00000
wrapping first mol.:      -75.71773        0.00000        0.00000
wrapping first mol.:      -75.71773        0.00000        0.00000
wrapping first mol.:      -75.68608        0.00000        0.00000
wrapping first mol.:      -75.68608        0.00000        0.00000
wrapping first mol.:      -75.59378        0.00000        0.00000
wrapping first mol.:      -75.59378        0.00000        0.00000

 NSTEP =  3725000   TIME(PS) =    9150.000  TEMP(K) =   301.50  PRESS =     0.0
 Etot   =   -116722.1894  EKtot   =     20608.9102  EPtot      =   -137331.0996
 BOND   =       543.5364  ANGLE   =      1511.3160  DIHED      =      1029.1231
 UB     =         0.0000  IMP     =         0.0000  CMAP       =       135.0784
 1-4 NB =       668.6291  1-4 EEL =      5920.6522  VDWAALS    =     16519.8009
 EELEC  =   -163659.2357  EHBOND  =         0.0000  RESTRAINT  =         0.0000
 EKCMT  =         0.0000  VIRIAL  =         0.0000  VOLUME     =    332534.2187
                                                    Density    =         1.0353
 ------------------------------------------------------------------------------

wrapping first mol.:      -75.71215        0.00000        0.00000
wrapping first mol.:      -75.71215        0.00000        0.00000
wrapping first mol.:      -75.68996        0.00000        0.00000
wrapping first mol.:      -75.68996        0.00000        0.00000
wrapping first mol.:      -75.70719        0.00000        0.00000
wrapping first mol.:      -75.70719        0.00000        0.00000
wrapping first mol.:      -75.74787        0.00000        0.00000
wrapping first mol.:      -75.74787        0.00000        0.00000
wrapping first mol.:      -75.74321        0.00000        0.00000
wrapping first mol.:      -75.74321        0.00000        0.00000

 NSTEP =  3750000   TIME(PS) =    9200.000  TEMP(K) =   299.96  PRESS =     0.0
 Etot   =   -116867.8788  EKtot   =     20503.6621  EPtot      =   -137371.5409
 BOND   =       524.8140  ANGLE   =      1545.1870  DIHED      =       990.7589
 UB     =         0.0000  IMP     =         0.0000  CMAP       =       133.6897
 1-4 NB =       650.0470  1-4 EEL =      5902.2418  VDWAALS    =     16068.5903
 EELEC  =   -163186.8695  EHBOND  =         0.0000  RESTRAINT  =         0.0000
 EKCMT  =         0.0000  VIRIAL  =         0.0000  VOLUME     =    334510.1135
                                                    Density    =         1.0291
 ------------------------------------------------------------------------------

wrapping first mol.:      -75.75174        0.00000        0.00000
wrapping first mol.:      -75.75174        0.00000        0.00000
wrapping first mol.:      -75.70809        0.00000        0.00000
wrapping first mol.:      -75.70809        0.00000        0.00000
wrapping first mol.:      -75.77137        0.00000        0.00000
wrapping first mol.:      -75.77137        0.00000        0.00000
wrapping first mol.:      -75.69456        0.00000        0.00000
wrapping first mol.:      -75.69456        0.00000        0.00000
wrapping first mol.:      -75.74037        0.00000        0.00000
wrapping first mol.:      -75.74037        0.00000        0.00000

 NSTEP =  3775000   TIME(PS) =    9250.000  TEMP(K) =   302.36  PRESS =     0.0
 Etot   =   -116742.6931  EKtot   =     20667.9219  EPtot      =   -137410.6150
 BOND   =       565.0636  ANGLE   =      1558.4876  DIHED      =      1011.6645
 UB     =         0.0000  IMP     =         0.0000  CMAP       =       136.9203
 1-4 NB =       648.7326  1-4 EEL =      5916.4289  VDWAALS    =     16368.1819
 EELEC  =   -163616.0943  EHBOND  =         0.0000  RESTRAINT  =         0.0000
 EKCMT  =         0.0000  VIRIAL  =         0.0000  VOLUME     =    334472.4253
                                                    Density    =         1.0293
 ------------------------------------------------------------------------------

wrapping first mol.:      -75.72861        0.00000        0.00000
wrapping first mol.:      -75.72861        0.00000        0.00000
wrapping first mol.:      -75.72498        0.00000        0.00000
wrapping first mol.:      -75.72498        0.00000        0.00000
wrapping first mol.:      -75.71305        0.00000        0.00000
wrapping first mol.:      -75.71305        0.00000        0.00000
wrapping first mol.:      -75.78438        0.00000        0.00000
wrapping first mol.:      -75.78438        0.00000        0.00000
wrapping first mol.:      -75.84065        0.00000        0.00000
wrapping first mol.:      -75.84065        0.00000        0.00000

 NSTEP =  3800000   TIME(PS) =    9300.000  TEMP(K) =   299.05  PRESS =     0.0
 Etot   =   -116765.0214  EKtot   =     20441.6055  EPtot      =   -137206.6269
 BOND   =       583.8676  ANGLE   =      1585.0180  DIHED      =      1009.7281
 UB     =         0.0000  IMP     =         0.0000  CMAP       =       134.2147
 1-4 NB =       633.5904  1-4 EEL =      5884.3506  VDWAALS    =     16721.5245
 EELEC  =   -163758.9206  EHBOND  =         0.0000  RESTRAINT  =         0.0000
 EKCMT  =         0.0000  VIRIAL  =         0.0000  VOLUME     =    335802.7637
                                                    Density    =         1.0252
 ------------------------------------------------------------------------------

wrapping first mol.:      -75.63784        0.00000        0.00000
wrapping first mol.:      -75.63784        0.00000        0.00000
wrapping first mol.:      -75.67024        0.00000        0.00000
wrapping first mol.:      -75.67024        0.00000        0.00000
wrapping first mol.:      -75.67272        0.00000        0.00000
wrapping first mol.:      -75.67272        0.00000        0.00000
wrapping first mol.:      -75.64895        0.00000        0.00000
wrapping first mol.:      -75.64895        0.00000        0.00000
wrapping first mol.:      -75.65400        0.00000        0.00000
wrapping first mol.:      -75.65400        0.00000        0.00000

 NSTEP =  3825000   TIME(PS) =    9350.000  TEMP(K) =   299.14  PRESS =     0.0
 Etot   =   -117013.3493  EKtot   =     20447.5312  EPtot      =   -137460.8805
 BOND   =       578.3707  ANGLE   =      1551.8605  DIHED      =      1020.5467
 UB     =         0.0000  IMP     =         0.0000  CMAP       =       134.3236
 1-4 NB =       627.6280  1-4 EEL =      5838.8476  VDWAALS    =     16721.2427
 EELEC  =   -163933.7004  EHBOND  =         0.0000  RESTRAINT  =         0.0000
 EKCMT  =         0.0000  VIRIAL  =         0.0000  VOLUME     =    333329.5416
                                                    Density    =         1.0328
 ------------------------------------------------------------------------------

wrapping first mol.:      -75.65001        0.00000        0.00000
wrapping first mol.:      -75.65001        0.00000        0.00000
wrapping first mol.:      -75.74809        0.00000        0.00000
wrapping first mol.:      -75.74809        0.00000        0.00000
wrapping first mol.:      -75.72007        0.00000        0.00000
wrapping first mol.:      -75.72007        0.00000        0.00000
wrapping first mol.:      -75.63649        0.00000        0.00000
wrapping first mol.:      -75.63649        0.00000        0.00000
wrapping first mol.:      -75.74230        0.00000        0.00000
wrapping first mol.:      -75.74230        0.00000        0.00000

 NSTEP =  3850000   TIME(PS) =    9400.000  TEMP(K) =   300.79  PRESS =     0.0
 Etot   =   -116861.8940  EKtot   =     20560.2695  EPtot      =   -137422.1635
 BOND   =       557.1967  ANGLE   =      1573.1353  DIHED      =      1006.0475
 UB     =         0.0000  IMP     =         0.0000  CMAP       =       128.4629
 1-4 NB =       631.1452  1-4 EEL =      5811.8229  VDWAALS    =     16348.9030
 EELEC  =   -163478.8770  EHBOND  =         0.0000  RESTRAINT  =         0.0000
 EKCMT  =         0.0000  VIRIAL  =         0.0000  VOLUME     =    334498.0127
                                                    Density    =         1.0292
 ------------------------------------------------------------------------------

wrapping first mol.:      -75.77279        0.00000        0.00000
wrapping first mol.:      -75.77279        0.00000        0.00000
wrapping first mol.:      -75.71891        0.00000        0.00000
wrapping first mol.:      -75.71891        0.00000        0.00000
wrapping first mol.:      -75.53301        0.00000        0.00000
wrapping first mol.:      -75.53301        0.00000        0.00000
wrapping first mol.:      -75.66624        0.00000        0.00000
wrapping first mol.:      -75.66624        0.00000        0.00000
wrapping first mol.:      -75.70489        0.00000        0.00000
wrapping first mol.:      -75.70489        0.00000        0.00000

 NSTEP =  3875000   TIME(PS) =    9450.000  TEMP(K) =   300.05  PRESS =     0.0
 Etot   =   -117037.1769  EKtot   =     20509.7168  EPtot      =   -137546.8937
 BOND   =       575.2078  ANGLE   =      1499.8271  DIHED      =       974.0558
 UB     =         0.0000  IMP     =         0.0000  CMAP       =       133.9991
 1-4 NB =       628.7311  1-4 EEL =      5848.6150  VDWAALS    =     16387.5868
 EELEC  =   -163594.9166  EHBOND  =         0.0000  RESTRAINT  =         0.0000
 EKCMT  =         0.0000  VIRIAL  =         0.0000  VOLUME     =    334002.6176
                                                    Density    =         1.0307
 ------------------------------------------------------------------------------

wrapping first mol.:      -75.66958        0.00000        0.00000
wrapping first mol.:      -75.66958        0.00000        0.00000
wrapping first mol.:      -75.65426        0.00000        0.00000
wrapping first mol.:      -75.65426        0.00000        0.00000
wrapping first mol.:      -75.57446        0.00000        0.00000
wrapping first mol.:      -75.57446        0.00000        0.00000
wrapping first mol.:      -75.66371        0.00000        0.00000
wrapping first mol.:      -75.66371        0.00000        0.00000
wrapping first mol.:      -75.52024        0.00000        0.00000
wrapping first mol.:      -75.52024        0.00000        0.00000

 NSTEP =  3900000   TIME(PS) =    9500.000  TEMP(K) =   298.07  PRESS =     0.0
 Etot   =   -117248.9220  EKtot   =     20374.4180  EPtot      =   -137623.3400
 BOND   =       565.5592  ANGLE   =      1472.8394  DIHED      =      1002.1786
 UB     =         0.0000  IMP     =         0.0000  CMAP       =       127.2631
 1-4 NB =       652.2167  1-4 EEL =      5869.3948  VDWAALS    =     16316.8764
 EELEC  =   -163629.6682  EHBOND  =         0.0000  RESTRAINT  =         0.0000
 EKCMT  =         0.0000  VIRIAL  =         0.0000  VOLUME     =    331564.7135
                                                    Density    =         1.0383
 ------------------------------------------------------------------------------

wrapping first mol.:      -75.73612        0.00000        0.00000
wrapping first mol.:      -75.73612        0.00000        0.00000
wrapping first mol.:      -75.65312        0.00000        0.00000
wrapping first mol.:      -75.65312        0.00000        0.00000
wrapping first mol.:      -75.71175        0.00000        0.00000
wrapping first mol.:      -75.71175        0.00000        0.00000
wrapping first mol.:      -75.70401        0.00000        0.00000
wrapping first mol.:      -75.70401        0.00000        0.00000
wrapping first mol.:      -75.76017        0.00000        0.00000
wrapping first mol.:      -75.76017        0.00000        0.00000

 NSTEP =  3925000   TIME(PS) =    9550.000  TEMP(K) =   299.04  PRESS =     0.0
 Etot   =   -117102.1993  EKtot   =     20440.5762  EPtot      =   -137542.7755
 BOND   =       549.6064  ANGLE   =      1486.7806  DIHED      =       978.1155
 UB     =         0.0000  IMP     =         0.0000  CMAP       =       139.4933
 1-4 NB =       642.1361  1-4 EEL =      5917.7745  VDWAALS    =     16712.0951
 EELEC  =   -163968.7772  EHBOND  =         0.0000  RESTRAINT  =         0.0000
 EKCMT  =         0.0000  VIRIAL  =         0.0000  VOLUME     =    334734.9043
                                                    Density    =         1.0285
 ------------------------------------------------------------------------------

wrapping first mol.:      -75.64106        0.00000        0.00000
wrapping first mol.:      -75.64106        0.00000        0.00000
wrapping first mol.:      -75.79506        0.00000        0.00000
wrapping first mol.:      -75.79506        0.00000        0.00000
wrapping first mol.:      -75.64425        0.00000        0.00000
wrapping first mol.:      -75.64425        0.00000        0.00000
wrapping first mol.:      -75.68705        0.00000        0.00000
wrapping first mol.:      -75.68705        0.00000        0.00000
wrapping first mol.:      -75.67634        0.00000        0.00000
wrapping first mol.:      -75.67634        0.00000        0.00000

 NSTEP =  3950000   TIME(PS) =    9600.000  TEMP(K) =   298.14  PRESS =     0.0
 Etot   =   -117039.0327  EKtot   =     20379.4395  EPtot      =   -137418.4722
 BOND   =       536.6125  ANGLE   =      1541.4211  DIHED      =       999.2215
 UB     =         0.0000  IMP     =         0.0000  CMAP       =       141.5026
 1-4 NB =       638.8896  1-4 EEL =      5899.7512  VDWAALS    =     16658.5229
 EELEC  =   -163834.3937  EHBOND  =         0.0000  RESTRAINT  =         0.0000
 EKCMT  =         0.0000  VIRIAL  =         0.0000  VOLUME     =    333624.9127
                                                    Density    =         1.0319
 ------------------------------------------------------------------------------

wrapping first mol.:      -75.75710        0.00000        0.00000
wrapping first mol.:      -75.75710        0.00000        0.00000
wrapping first mol.:      -75.63350        0.00000        0.00000
wrapping first mol.:      -75.63350        0.00000        0.00000
wrapping first mol.:      -75.64491        0.00000        0.00000
wrapping first mol.:      -75.64491        0.00000        0.00000
wrapping first mol.:      -75.65078        0.00000        0.00000
wrapping first mol.:      -75.65078        0.00000        0.00000
wrapping first mol.:      -75.73437        0.00000        0.00000
wrapping first mol.:      -75.73437        0.00000        0.00000

 NSTEP =  3975000   TIME(PS) =    9650.000  TEMP(K) =   299.67  PRESS =     0.0
 Etot   =   -117200.0157  EKtot   =     20484.0488  EPtot      =   -137684.0645
 BOND   =       548.4963  ANGLE   =      1507.8696  DIHED      =      1038.8200
 UB     =         0.0000  IMP     =         0.0000  CMAP       =       130.7152
 1-4 NB =       651.4508  1-4 EEL =      5870.8780  VDWAALS    =     16730.0036
 EELEC  =   -164162.2981  EHBOND  =         0.0000  RESTRAINT  =         0.0000
 EKCMT  =         0.0000  VIRIAL  =         0.0000  VOLUME     =    334393.0499
                                                    Density    =         1.0295
 ------------------------------------------------------------------------------

wrapping first mol.:      -75.65071        0.00000        0.00000
wrapping first mol.:      -75.65071        0.00000        0.00000
wrapping first mol.:      -75.61070        0.00000        0.00000
wrapping first mol.:      -75.61070        0.00000        0.00000
wrapping first mol.:      -75.74386        0.00000        0.00000
wrapping first mol.:      -75.74386        0.00000        0.00000
wrapping first mol.:      -75.74438        0.00000        0.00000
wrapping first mol.:      -75.74438        0.00000        0.00000
wrapping first mol.:      -75.68866        0.00000        0.00000
wrapping first mol.:      -75.68866        0.00000        0.00000

 NSTEP =  4000000   TIME(PS) =    9700.000  TEMP(K) =   299.32  PRESS =     0.0
 Etot   =   -116761.6609  EKtot   =     20460.0801  EPtot      =   -137221.7410
 BOND   =       572.4131  ANGLE   =      1546.8475  DIHED      =       980.3342
 UB     =         0.0000  IMP     =         0.0000  CMAP       =       138.9114
 1-4 NB =       640.7931  1-4 EEL =      5915.5063  VDWAALS    =     16313.2648
 EELEC  =   -163329.8113  EHBOND  =         0.0000  RESTRAINT  =         0.0000
 EKCMT  =         0.0000  VIRIAL  =         0.0000  VOLUME     =    333787.8417
                                                    Density    =         1.0314
 ------------------------------------------------------------------------------

wrapping first mol.:      -75.73676        0.00000        0.00000
wrapping first mol.:      -75.73676        0.00000        0.00000
wrapping first mol.:      -75.72166        0.00000        0.00000
wrapping first mol.:      -75.72166        0.00000        0.00000
wrapping first mol.:      -75.74180        0.00000        0.00000
wrapping first mol.:      -75.74180        0.00000        0.00000
wrapping first mol.:      -75.74264        0.00000        0.00000
wrapping first mol.:      -75.74264        0.00000        0.00000
wrapping first mol.:      -75.59878        0.00000        0.00000
wrapping first mol.:      -75.59878        0.00000        0.00000

 NSTEP =  4025000   TIME(PS) =    9750.000  TEMP(K) =   299.59  PRESS =     0.0
 Etot   =   -116808.8517  EKtot   =     20478.0508  EPtot      =   -137286.9024
 BOND   =       572.8432  ANGLE   =      1540.8086  DIHED      =      1008.8748
 UB     =         0.0000  IMP     =         0.0000  CMAP       =       130.8164
 1-4 NB =       640.8315  1-4 EEL =      5887.2011  VDWAALS    =     16031.2901
 EELEC  =   -163099.5681  EHBOND  =         0.0000  RESTRAINT  =         0.0000
 EKCMT  =         0.0000  VIRIAL  =         0.0000  VOLUME     =    332600.2481
                                                    Density    =         1.0351
 ------------------------------------------------------------------------------


 NSTEP =  4050000   TIME(PS) =    9800.000  TEMP(K) =   298.87  PRESS =     0.0
 Etot   =   -117018.0338  EKtot   =     20428.8086  EPtot      =   -137446.8424
 BOND   =       574.0024  ANGLE   =      1537.5856  DIHED      =      1010.7554
 UB     =         0.0000  IMP     =         0.0000  CMAP       =       138.3843
 1-4 NB =       639.2169  1-4 EEL =      5865.2835  VDWAALS    =     16480.8575
 EELEC  =   -163692.9280  EHBOND  =         0.0000  RESTRAINT  =         0.0000
 EKCMT  =         0.0000  VIRIAL  =         0.0000  VOLUME     =    334495.9768
                                                    Density    =         1.0292
 ------------------------------------------------------------------------------

wrapping first mol.:      -75.66474        0.00000        0.00000
wrapping first mol.:      -75.66474        0.00000        0.00000
wrapping first mol.:      -75.74903        0.00000        0.00000
wrapping first mol.:      -75.74903        0.00000        0.00000
wrapping first mol.:      -75.67595        0.00000        0.00000
wrapping first mol.:      -75.67595        0.00000        0.00000
wrapping first mol.:      -75.67428        0.00000        0.00000
wrapping first mol.:      -75.67428        0.00000        0.00000
wrapping first mol.:      -75.72075        0.00000        0.00000
wrapping first mol.:      -75.72075        0.00000        0.00000

 NSTEP =  4075000   TIME(PS) =    9850.000  TEMP(K) =   298.67  PRESS =     0.0
 Etot   =   -116947.2344  EKtot   =     20415.5684  EPtot      =   -137362.8028
 BOND   =       553.4824  ANGLE   =      1496.9474  DIHED      =       992.5356
 UB     =         0.0000  IMP     =         0.0000  CMAP       =       134.8298
 1-4 NB =       638.0670  1-4 EEL =      5834.9303  VDWAALS    =     16366.3947
 EELEC  =   -163379.9900  EHBOND  =         0.0000  RESTRAINT  =         0.0000
 EKCMT  =         0.0000  VIRIAL  =         0.0000  VOLUME     =    334212.6869
                                                    Density    =         1.0301
 ------------------------------------------------------------------------------


 NSTEP =  4100000   TIME(PS) =    9900.000  TEMP(K) =   304.11  PRESS =     0.0
 Etot   =   -116699.3742  EKtot   =     20787.2090  EPtot      =   -137486.5832
 BOND   =       557.3167  ANGLE   =      1514.0831  DIHED      =       986.9355
 UB     =         0.0000  IMP     =         0.0000  CMAP       =       140.2898
 1-4 NB =       644.1122  1-4 EEL =      5885.6329  VDWAALS    =     16121.2906
 EELEC  =   -163336.2441  EHBOND  =         0.0000  RESTRAINT  =         0.0000
 EKCMT  =         0.0000  VIRIAL  =         0.0000  VOLUME     =    332783.0556
                                                    Density    =         1.0345
 ------------------------------------------------------------------------------


 NSTEP =  4125000   TIME(PS) =    9950.000  TEMP(K) =   301.60  PRESS =     0.0
 Etot   =   -117082.8704  EKtot   =     20615.3887  EPtot      =   -137698.2591
 BOND   =       559.6123  ANGLE   =      1517.7493  DIHED      =      1002.2743
 UB     =         0.0000  IMP     =         0.0000  CMAP       =       141.4651
 1-4 NB =       653.8857  1-4 EEL =      5905.5196  VDWAALS    =     16545.6780
 EELEC  =   -164024.4432  EHBOND  =         0.0000  RESTRAINT  =         0.0000
 EKCMT  =         0.0000  VIRIAL  =         0.0000  VOLUME     =    333646.6052
                                                    Density    =         1.0318
 ------------------------------------------------------------------------------


 NSTEP =  4150000   TIME(PS) =   10000.000  TEMP(K) =   301.78  PRESS =     0.0
 Etot   =   -116790.6048  EKtot   =     20628.3340  EPtot      =   -137418.9388
 BOND   =       579.4701  ANGLE   =      1512.5280  DIHED      =      1012.8925
 UB     =         0.0000  IMP     =         0.0000  CMAP       =       129.1848
 1-4 NB =       636.8164  1-4 EEL =      5877.1702  VDWAALS    =     16993.0542
 EELEC  =   -164160.0550  EHBOND  =         0.0000  RESTRAINT  =         0.0000
 EKCMT  =         0.0000  VIRIAL  =         0.0000  VOLUME     =    334080.0067
                                                    Density    =         1.0305
 ------------------------------------------------------------------------------


 NSTEP =  4175000   TIME(PS) =   10050.000  TEMP(K) =   300.27  PRESS =     0.0
 Etot   =   -116832.7399  EKtot   =     20524.5293  EPtot      =   -137357.2692
 BOND   =       564.0356  ANGLE   =      1552.2251  DIHED      =       997.4140
 UB     =         0.0000  IMP     =         0.0000  CMAP       =       148.6532
 1-4 NB =       631.4282  1-4 EEL =      5868.9201  VDWAALS    =     16210.4695
 EELEC  =   -163330.4150  EHBOND  =         0.0000  RESTRAINT  =         0.0000
 EKCMT  =         0.0000  VIRIAL  =         0.0000  VOLUME     =    332832.7869
                                                    Density    =         1.0343
 ------------------------------------------------------------------------------


 NSTEP =  4200000   TIME(PS) =   10100.000  TEMP(K) =   299.91  PRESS =     0.0
 Etot   =   -116893.8718  EKtot   =     20500.0254  EPtot      =   -137393.8972
 BOND   =       574.0788  ANGLE   =      1570.6187  DIHED      =       988.2691
 UB     =         0.0000  IMP     =         0.0000  CMAP       =       149.1585
 1-4 NB =       652.0893  1-4 EEL =      5881.0918  VDWAALS    =     16568.5805
 EELEC  =   -163777.7840  EHBOND  =         0.0000  RESTRAINT  =         0.0000
 EKCMT  =         0.0000  VIRIAL  =         0.0000  VOLUME     =    334919.1157
                                                    Density    =         1.0279
 ------------------------------------------------------------------------------


 NSTEP =  4225000   TIME(PS) =   10150.000  TEMP(K) =   302.00  PRESS =     0.0
 Etot   =   -116864.9941  EKtot   =     20643.2402  EPtot      =   -137508.2343
 BOND   =       554.9598  ANGLE   =      1504.0044  DIHED      =       967.2609
 UB     =         0.0000  IMP     =         0.0000  CMAP       =       144.6364
 1-4 NB =       646.8168  1-4 EEL =      5874.7839  VDWAALS    =     16717.5158
 EELEC  =   -163918.2123  EHBOND  =         0.0000  RESTRAINT  =         0.0000
 EKCMT  =         0.0000  VIRIAL  =         0.0000  VOLUME     =    332988.0818
                                                    Density    =         1.0339
 ------------------------------------------------------------------------------


 NSTEP =  4250000   TIME(PS) =   10200.000  TEMP(K) =   300.04  PRESS =     0.0
 Etot   =   -116824.5675  EKtot   =     20508.7676  EPtot      =   -137333.3351
 BOND   =       565.2978  ANGLE   =      1531.0847  DIHED      =       981.7626
 UB     =         0.0000  IMP     =         0.0000  CMAP       =       132.9140
 1-4 NB =       654.5834  1-4 EEL =      5884.3938  VDWAALS    =     16466.0543
 EELEC  =   -163549.4256  EHBOND  =         0.0000  RESTRAINT  =         0.0000
 EKCMT  =         0.0000  VIRIAL  =         0.0000  VOLUME     =    333633.5236
                                                    Density    =         1.0319
 ------------------------------------------------------------------------------


 NSTEP =  4275000   TIME(PS) =   10250.000  TEMP(K) =   298.81  PRESS =     0.0
 Etot   =   -117109.7386  EKtot   =     20424.7402  EPtot      =   -137534.4789
 BOND   =       559.4506  ANGLE   =      1524.6132  DIHED      =       988.9384
 UB     =         0.0000  IMP     =         0.0000  CMAP       =       139.8779
 1-4 NB =       642.8043  1-4 EEL =      5826.7394  VDWAALS    =     16348.0803
 EELEC  =   -163564.9830  EHBOND  =         0.0000  RESTRAINT  =         0.0000
 EKCMT  =         0.0000  VIRIAL  =         0.0000  VOLUME     =    333141.7663
                                                    Density    =         1.0334
 ------------------------------------------------------------------------------


 NSTEP =  4300000   TIME(PS) =   10300.000  TEMP(K) =   300.44  PRESS =     0.0
 Etot   =   -116879.7109  EKtot   =     20536.1133  EPtot      =   -137415.8242
 BOND   =       590.9234  ANGLE   =      1535.4107  DIHED      =       979.6989
 UB     =         0.0000  IMP     =         0.0000  CMAP       =       143.7256
 1-4 NB =       643.0585  1-4 EEL =      5879.6241  VDWAALS    =     15956.5047
 EELEC  =   -163144.7700  EHBOND  =         0.0000  RESTRAINT  =         0.0000
 EKCMT  =         0.0000  VIRIAL  =         0.0000  VOLUME     =    332498.6919
                                                    Density    =         1.0354
 ------------------------------------------------------------------------------


 NSTEP =  4325000   TIME(PS) =   10350.000  TEMP(K) =   300.01  PRESS =     0.0
 Etot   =   -116733.3856  EKtot   =     20507.3477  EPtot      =   -137240.7333
 BOND   =       603.7358  ANGLE   =      1566.7630  DIHED      =      1012.8787
 UB     =         0.0000  IMP     =         0.0000  CMAP       =       139.8558
 1-4 NB =       636.6067  1-4 EEL =      5803.1009  VDWAALS    =     16212.7867
 EELEC  =   -163216.4609  EHBOND  =         0.0000  RESTRAINT  =         0.0000
 EKCMT  =         0.0000  VIRIAL  =         0.0000  VOLUME     =    333888.0515
                                                    Density    =         1.0311
 ------------------------------------------------------------------------------


 NSTEP =  4350000   TIME(PS) =   10400.000  TEMP(K) =   300.85  PRESS =     0.0
 Etot   =   -117140.9254  EKtot   =     20564.6523  EPtot      =   -137705.5778
 BOND   =       546.1441  ANGLE   =      1520.5763  DIHED      =       991.3878
 UB     =         0.0000  IMP     =         0.0000  CMAP       =       149.0234
 1-4 NB =       640.5365  1-4 EEL =      5897.4047  VDWAALS    =     16619.9263
 EELEC  =   -164070.5771  EHBOND  =         0.0000  RESTRAINT  =         0.0000
 EKCMT  =         0.0000  VIRIAL  =         0.0000  VOLUME     =    333258.4080
                                                    Density    =         1.0330
 ------------------------------------------------------------------------------


 NSTEP =  4375000   TIME(PS) =   10450.000  TEMP(K) =   296.70  PRESS =     0.0
 Etot   =   -117273.1410  EKtot   =     20280.8516  EPtot      =   -137553.9925
 BOND   =       549.6418  ANGLE   =      1552.1998  DIHED      =      1015.9088
 UB     =         0.0000  IMP     =         0.0000  CMAP       =       136.6827
 1-4 NB =       632.9259  1-4 EEL =      5866.5897  VDWAALS    =     16426.5657
 EELEC  =   -163734.5071  EHBOND  =         0.0000  RESTRAINT  =         0.0000
 EKCMT  =         0.0000  VIRIAL  =         0.0000  VOLUME     =    333105.0386
                                                    Density    =         1.0335
 ------------------------------------------------------------------------------


 NSTEP =  4400000   TIME(PS) =   10500.000  TEMP(K) =   300.34  PRESS =     0.0
 Etot   =   -116649.8551  EKtot   =     20529.8047  EPtot      =   -137179.6598
 BOND   =       579.6113  ANGLE   =      1540.3673  DIHED      =       999.0354
 UB     =         0.0000  IMP     =         0.0000  CMAP       =       132.7718
 1-4 NB =       644.1120  1-4 EEL =      5874.2453  VDWAALS    =     16627.2022
 EELEC  =   -163577.0052  EHBOND  =         0.0000  RESTRAINT  =         0.0000
 EKCMT  =         0.0000  VIRIAL  =         0.0000  VOLUME     =    334027.0383
                                                    Density    =         1.0306
 ------------------------------------------------------------------------------


 NSTEP =  4425000   TIME(PS) =   10550.000  TEMP(K) =   300.88  PRESS =     0.0
 Etot   =   -116738.1392  EKtot   =     20566.6250  EPtot      =   -137304.7642
 BOND   =       558.8788  ANGLE   =      1498.8126  DIHED      =      1016.5294
 UB     =         0.0000  IMP     =         0.0000  CMAP       =       136.3203
 1-4 NB =       629.2205  1-4 EEL =      5855.9810  VDWAALS    =     16352.7040
 EELEC  =   -163353.2108  EHBOND  =         0.0000  RESTRAINT  =         0.0000
 EKCMT  =         0.0000  VIRIAL  =         0.0000  VOLUME     =    334125.5618
                                                    Density    =         1.0303
 ------------------------------------------------------------------------------


 NSTEP =  4450000   TIME(PS) =   10600.000  TEMP(K) =   301.93  PRESS =     0.0
 Etot   =   -116802.4152  EKtot   =     20638.4531  EPtot      =   -137440.8683
 BOND   =       574.1298  ANGLE   =      1482.7214  DIHED      =       977.4028
 UB     =         0.0000  IMP     =         0.0000  CMAP       =       130.7547
 1-4 NB =       651.4753  1-4 EEL =      5896.0615  VDWAALS    =     16351.6569
 EELEC  =   -163505.0708  EHBOND  =         0.0000  RESTRAINT  =         0.0000
 EKCMT  =         0.0000  VIRIAL  =         0.0000  VOLUME     =    333697.1077
                                                    Density    =         1.0317
 ------------------------------------------------------------------------------


 NSTEP =  4475000   TIME(PS) =   10650.000  TEMP(K) =   301.15  PRESS =     0.0
 Etot   =   -116737.1491  EKtot   =     20584.8926  EPtot      =   -137322.0417
 BOND   =       542.6769  ANGLE   =      1580.8734  DIHED      =      1015.8802
 UB     =         0.0000  IMP     =         0.0000  CMAP       =       128.2024
 1-4 NB =       660.3993  1-4 EEL =      5901.4778  VDWAALS    =     16210.6110
 EELEC  =   -163362.1627  EHBOND  =         0.0000  RESTRAINT  =         0.0000
 EKCMT  =         0.0000  VIRIAL  =         0.0000  VOLUME     =    332460.1543
                                                    Density    =         1.0355
 ------------------------------------------------------------------------------


 NSTEP =  4500000   TIME(PS) =   10700.000  TEMP(K) =   301.37  PRESS =     0.0
 Etot   =   -116830.6211  EKtot   =     20599.7734  EPtot      =   -137430.3945
 BOND   =       577.0981  ANGLE   =      1594.5115  DIHED      =       991.6401
 UB     =         0.0000  IMP     =         0.0000  CMAP       =       129.4691
 1-4 NB =       657.2084  1-4 EEL =      5899.2435  VDWAALS    =     16165.4052
 EELEC  =   -163444.9705  EHBOND  =         0.0000  RESTRAINT  =         0.0000
 EKCMT  =         0.0000  VIRIAL  =         0.0000  VOLUME     =    333892.3480
                                                    Density    =         1.0311
 ------------------------------------------------------------------------------


 NSTEP =  4525000   TIME(PS) =   10750.000  TEMP(K) =   300.49  PRESS =     0.0
 Etot   =   -116677.3961  EKtot   =     20539.6328  EPtot      =   -137217.0289
 BOND   =       580.2148  ANGLE   =      1563.3149  DIHED      =       978.7277
 UB     =         0.0000  IMP     =         0.0000  CMAP       =       143.9521
 1-4 NB =       642.7525  1-4 EEL =      5888.7992  VDWAALS    =     16146.5130
 EELEC  =   -163161.3030  EHBOND  =         0.0000  RESTRAINT  =         0.0000
 EKCMT  =         0.0000  VIRIAL  =         0.0000  VOLUME     =    332427.1554
                                                    Density    =         1.0356
 ------------------------------------------------------------------------------


 NSTEP =  4550000   TIME(PS) =   10800.000  TEMP(K) =   295.56  PRESS =     0.0
 Etot   =   -117249.1696  EKtot   =     20202.9844  EPtot      =   -137452.1540
 BOND   =       555.5046  ANGLE   =      1550.7021  DIHED      =       983.7885
 UB     =         0.0000  IMP     =         0.0000  CMAP       =       139.0268
 1-4 NB =       643.8160  1-4 EEL =      5817.6331  VDWAALS    =     16412.2319
 EELEC  =   -163554.8570  EHBOND  =         0.0000  RESTRAINT  =         0.0000
 EKCMT  =         0.0000  VIRIAL  =         0.0000  VOLUME     =    333580.2893
                                                    Density    =         1.0320
 ------------------------------------------------------------------------------


 NSTEP =  4575000   TIME(PS) =   10850.000  TEMP(K) =   299.21  PRESS =     0.0
 Etot   =   -116747.5289  EKtot   =     20452.0547  EPtot      =   -137199.5835
 BOND   =       594.3721  ANGLE   =      1496.3093  DIHED      =      1011.2061
 UB     =         0.0000  IMP     =         0.0000  CMAP       =       127.4220
 1-4 NB =       663.0938  1-4 EEL =      5825.2533  VDWAALS    =     16502.3876
 EELEC  =   -163419.6276  EHBOND  =         0.0000  RESTRAINT  =         0.0000
 EKCMT  =         0.0000  VIRIAL  =         0.0000  VOLUME     =    332729.5301
                                                    Density    =         1.0347
 ------------------------------------------------------------------------------


 NSTEP =  4600000   TIME(PS) =   10900.000  TEMP(K) =   298.45  PRESS =     0.0
 Etot   =   -117156.5208  EKtot   =     20400.2383  EPtot      =   -137556.7591
 BOND   =       553.5380  ANGLE   =      1486.0824  DIHED      =       990.4665
 UB     =         0.0000  IMP     =         0.0000  CMAP       =       133.3312
 1-4 NB =       638.0653  1-4 EEL =      5861.9486  VDWAALS    =     16347.3298
 EELEC  =   -163567.5208  EHBOND  =         0.0000  RESTRAINT  =         0.0000
 EKCMT  =         0.0000  VIRIAL  =         0.0000  VOLUME     =    334293.5225
                                                    Density    =         1.0298
 ------------------------------------------------------------------------------


 NSTEP =  4625000   TIME(PS) =   10950.000  TEMP(K) =   299.61  PRESS =     0.0
 Etot   =   -116963.5585  EKtot   =     20479.5527  EPtot      =   -137443.1112
 BOND   =       583.4250  ANGLE   =      1531.0233  DIHED      =      1005.0428
 UB     =         0.0000  IMP     =         0.0000  CMAP       =       130.7116
 1-4 NB =       658.9782  1-4 EEL =      5845.0928  VDWAALS    =     16460.0964
 EELEC  =   -163657.4813  EHBOND  =         0.0000  RESTRAINT  =         0.0000
 EKCMT  =         0.0000  VIRIAL  =         0.0000  VOLUME     =    333603.8250
                                                    Density    =         1.0319
 ------------------------------------------------------------------------------


 NSTEP =  4650000   TIME(PS) =   11000.000  TEMP(K) =   300.36  PRESS =     0.0
 Etot   =   -116752.8757  EKtot   =     20530.7266  EPtot      =   -137283.6022
 BOND   =       574.8031  ANGLE   =      1524.9905  DIHED      =       978.4593
 UB     =         0.0000  IMP     =         0.0000  CMAP       =       137.4557
 1-4 NB =       663.2375  1-4 EEL =      5884.4471  VDWAALS    =     16333.6148
 EELEC  =   -163380.6103  EHBOND  =         0.0000  RESTRAINT  =         0.0000
 EKCMT  =         0.0000  VIRIAL  =         0.0000  VOLUME     =    333416.2731
                                                    Density    =         1.0325
 ------------------------------------------------------------------------------


 NSTEP =  4675000   TIME(PS) =   11050.000  TEMP(K) =   299.74  PRESS =     0.0
 Etot   =   -116862.3326  EKtot   =     20488.6152  EPtot      =   -137350.9478
 BOND   =       584.3460  ANGLE   =      1540.0247  DIHED      =       991.5176
 UB     =         0.0000  IMP     =         0.0000  CMAP       =       144.3073
 1-4 NB =       634.4859  1-4 EEL =      5860.4771  VDWAALS    =     16366.8747
 EELEC  =   -163472.9810  EHBOND  =         0.0000  RESTRAINT  =         0.0000
 EKCMT  =         0.0000  VIRIAL  =         0.0000  VOLUME     =    333428.4091
                                                    Density    =         1.0325
 ------------------------------------------------------------------------------


 NSTEP =  4700000   TIME(PS) =   11100.000  TEMP(K) =   299.59  PRESS =     0.0
 Etot   =   -117022.7047  EKtot   =     20478.1660  EPtot      =   -137500.8707
 BOND   =       602.0040  ANGLE   =      1516.7445  DIHED      =       993.1005
 UB     =         0.0000  IMP     =         0.0000  CMAP       =       142.3533
 1-4 NB =       659.2884  1-4 EEL =      5866.4255  VDWAALS    =     16200.6362
 EELEC  =   -163481.4231  EHBOND  =         0.0000  RESTRAINT  =         0.0000
 EKCMT  =         0.0000  VIRIAL  =         0.0000  VOLUME     =    333839.3755
                                                    Density    =         1.0312
 ------------------------------------------------------------------------------


 NSTEP =  4725000   TIME(PS) =   11150.000  TEMP(K) =   298.59  PRESS =     0.0
 Etot   =   -117384.3570  EKtot   =     20409.7227  EPtot      =   -137794.0796
 BOND   =       581.3806  ANGLE   =      1494.6301  DIHED      =       980.7827
 UB     =         0.0000  IMP     =         0.0000  CMAP       =       136.1783
 1-4 NB =       652.3938  1-4 EEL =      5917.2067  VDWAALS    =     16396.3417
 EELEC  =   -163952.9937  EHBOND  =         0.0000  RESTRAINT  =         0.0000
 EKCMT  =         0.0000  VIRIAL  =         0.0000  VOLUME     =    334076.4223
                                                    Density    =         1.0305
 ------------------------------------------------------------------------------


 NSTEP =  4750000   TIME(PS) =   11200.000  TEMP(K) =   298.21  PRESS =     0.0
 Etot   =   -116855.0666  EKtot   =     20383.9160  EPtot      =   -137238.9826
 BOND   =       579.8574  ANGLE   =      1491.6668  DIHED      =       994.0801
 UB     =         0.0000  IMP     =         0.0000  CMAP       =       133.5857
 1-4 NB =       644.1810  1-4 EEL =      5876.4173  VDWAALS    =     16376.4622
 EELEC  =   -163335.2332  EHBOND  =         0.0000  RESTRAINT  =         0.0000
 EKCMT  =         0.0000  VIRIAL  =         0.0000  VOLUME     =    333852.5503
                                                    Density    =         1.0312
 ------------------------------------------------------------------------------


 NSTEP =  4775000   TIME(PS) =   11250.000  TEMP(K) =   299.38  PRESS =     0.0
 Etot   =   -117136.8296  EKtot   =     20463.6406  EPtot      =   -137600.4703
 BOND   =       572.9715  ANGLE   =      1567.1919  DIHED      =       982.2444
 UB     =         0.0000  IMP     =         0.0000  CMAP       =       137.9320
 1-4 NB =       638.5590  1-4 EEL =      5833.7649  VDWAALS    =     16193.6598
 EELEC  =   -163526.7938  EHBOND  =         0.0000  RESTRAINT  =         0.0000
 EKCMT  =         0.0000  VIRIAL  =         0.0000  VOLUME     =    333733.1049
                                                    Density    =         1.0315
 ------------------------------------------------------------------------------


 NSTEP =  4800000   TIME(PS) =   11300.000  TEMP(K) =   295.88  PRESS =     0.0
 Etot   =   -117417.2908  EKtot   =     20224.7051  EPtot      =   -137641.9959
 BOND   =       578.2885  ANGLE   =      1493.6829  DIHED      =      1022.5473
 UB     =         0.0000  IMP     =         0.0000  CMAP       =       138.3568
 1-4 NB =       633.8803  1-4 EEL =      5837.4366  VDWAALS    =     16323.1188
 EELEC  =   -163669.3073  EHBOND  =         0.0000  RESTRAINT  =         0.0000
 EKCMT  =         0.0000  VIRIAL  =         0.0000  VOLUME     =    332794.2960
                                                    Density    =         1.0345
 ------------------------------------------------------------------------------


 NSTEP =  4825000   TIME(PS) =   11350.000  TEMP(K) =   302.35  PRESS =     0.0
 Etot   =   -116887.7894  EKtot   =     20667.2656  EPtot      =   -137555.0550
 BOND   =       569.1303  ANGLE   =      1538.4224  DIHED      =       988.9807
 UB     =         0.0000  IMP     =         0.0000  CMAP       =       131.1386
 1-4 NB =       642.7367  1-4 EEL =      5839.0501  VDWAALS    =     16394.0085
 EELEC  =   -163658.5223  EHBOND  =         0.0000  RESTRAINT  =         0.0000
 EKCMT  =         0.0000  VIRIAL  =         0.0000  VOLUME     =    333000.5966
                                                    Density    =         1.0338
 ------------------------------------------------------------------------------


 NSTEP =  4850000   TIME(PS) =   11400.000  TEMP(K) =   301.76  PRESS =     0.0
 Etot   =   -116772.5741  EKtot   =     20626.8105  EPtot      =   -137399.3846
 BOND   =       539.6251  ANGLE   =      1514.7075  DIHED      =       988.1797
 UB     =         0.0000  IMP     =         0.0000  CMAP       =       135.0928
 1-4 NB =       643.6808  1-4 EEL =      5869.8023  VDWAALS    =     16145.5702
 EELEC  =   -163236.0430  EHBOND  =         0.0000  RESTRAINT  =         0.0000
 EKCMT  =         0.0000  VIRIAL  =         0.0000  VOLUME     =    332112.5433
                                                    Density    =         1.0366
 ------------------------------------------------------------------------------


 NSTEP =  4875000   TIME(PS) =   11450.000  TEMP(K) =   302.55  PRESS =     0.0
 Etot   =   -117059.9066  EKtot   =     20680.4277  EPtot      =   -137740.3343
 BOND   =       532.9146  ANGLE   =      1495.5262  DIHED      =      1018.4750
 UB     =         0.0000  IMP     =         0.0000  CMAP       =       140.6066
 1-4 NB =       657.8738  1-4 EEL =      5902.1721  VDWAALS    =     16366.6334
 EELEC  =   -163854.5361  EHBOND  =         0.0000  RESTRAINT  =         0.0000
 EKCMT  =         0.0000  VIRIAL  =         0.0000  VOLUME     =    332154.5513
                                                    Density    =         1.0364
 ------------------------------------------------------------------------------


 NSTEP =  4900000   TIME(PS) =   11500.000  TEMP(K) =   298.32  PRESS =     0.0
 Etot   =   -117264.3465  EKtot   =     20391.4297  EPtot      =   -137655.7762
 BOND   =       561.9734  ANGLE   =      1513.5440  DIHED      =      1006.4648
 UB     =         0.0000  IMP     =         0.0000  CMAP       =       132.2670
 1-4 NB =       640.0107  1-4 EEL =      5871.5489  VDWAALS    =     16606.7746
 EELEC  =   -163988.3597  EHBOND  =         0.0000  RESTRAINT  =         0.0000
 EKCMT  =         0.0000  VIRIAL  =         0.0000  VOLUME     =    332356.6251
                                                    Density    =         1.0358
 ------------------------------------------------------------------------------


 NSTEP =  4925000   TIME(PS) =   11550.000  TEMP(K) =   298.34  PRESS =     0.0
 Etot   =   -117292.3377  EKtot   =     20392.6426  EPtot      =   -137684.9803
 BOND   =       557.8384  ANGLE   =      1530.9319  DIHED      =       988.1857
 UB     =         0.0000  IMP     =         0.0000  CMAP       =       137.6521
 1-4 NB =       652.9797  1-4 EEL =      5843.6990  VDWAALS    =     16495.1313
 EELEC  =   -163891.3983  EHBOND  =         0.0000  RESTRAINT  =         0.0000
 EKCMT  =         0.0000  VIRIAL  =         0.0000  VOLUME     =    333606.8207
                                                    Density    =         1.0319
 ------------------------------------------------------------------------------


 NSTEP =  4950000   TIME(PS) =   11600.000  TEMP(K) =   301.48  PRESS =     0.0
 Etot   =   -116798.0688  EKtot   =     20607.5859  EPtot      =   -137405.6548
 BOND   =       574.7245  ANGLE   =      1559.4944  DIHED      =       981.8057
 UB     =         0.0000  IMP     =         0.0000  CMAP       =       142.7715
 1-4 NB =       638.7931  1-4 EEL =      5883.0466  VDWAALS    =     16306.3039
 EELEC  =   -163492.5945  EHBOND  =         0.0000  RESTRAINT  =         0.0000
 EKCMT  =         0.0000  VIRIAL  =         0.0000  VOLUME     =    334807.4307
                                                    Density    =         1.0282
 ------------------------------------------------------------------------------


 NSTEP =  4975000   TIME(PS) =   11650.000  TEMP(K) =   297.93  PRESS =     0.0
 Etot   =   -117181.8294  EKtot   =     20364.6230  EPtot      =   -137546.4525
 BOND   =       554.6119  ANGLE   =      1500.7906  DIHED      =      1023.3616
 UB     =         0.0000  IMP     =         0.0000  CMAP       =       127.1161
 1-4 NB =       646.0893  1-4 EEL =      5896.5446  VDWAALS    =     16395.4592
 EELEC  =   -163690.4258  EHBOND  =         0.0000  RESTRAINT  =         0.0000
 EKCMT  =         0.0000  VIRIAL  =         0.0000  VOLUME     =    334061.8245
                                                    Density    =         1.0305
 ------------------------------------------------------------------------------


 NSTEP =  5000000   TIME(PS) =   11700.000  TEMP(K) =   301.89  PRESS =     0.0
 Etot   =   -116759.4337  EKtot   =     20635.8359  EPtot      =   -137395.2696
 BOND   =       577.3330  ANGLE   =      1526.6544  DIHED      =      1026.2614
 UB     =         0.0000  IMP     =         0.0000  CMAP       =       131.0994
 1-4 NB =       659.7431  1-4 EEL =      5930.0400  VDWAALS    =     16246.4434
 EELEC  =   -163492.8444  EHBOND  =         0.0000  RESTRAINT  =         0.0000
 EKCMT  =         0.0000  VIRIAL  =         0.0000  VOLUME     =    333400.6469
                                                    Density    =         1.0326
 ------------------------------------------------------------------------------


 NSTEP =  5025000   TIME(PS) =   11750.000  TEMP(K) =   302.08  PRESS =     0.0
 Etot   =   -116595.3736  EKtot   =     20648.4805  EPtot      =   -137243.8541
 BOND   =       559.0576  ANGLE   =      1479.1045  DIHED      =       994.7982
 UB     =         0.0000  IMP     =         0.0000  CMAP       =       136.9746
 1-4 NB =       637.1313  1-4 EEL =      5896.2783  VDWAALS    =     16205.6515
 EELEC  =   -163152.8500  EHBOND  =         0.0000  RESTRAINT  =         0.0000
 EKCMT  =         0.0000  VIRIAL  =         0.0000  VOLUME     =    334057.0623
                                                    Density    =         1.0305
 ------------------------------------------------------------------------------


 NSTEP =  5050000   TIME(PS) =   11800.000  TEMP(K) =   297.54  PRESS =     0.0
 Etot   =   -117000.2648  EKtot   =     20337.9805  EPtot      =   -137338.2453
 BOND   =       596.0342  ANGLE   =      1511.3589  DIHED      =       983.5602
 UB     =         0.0000  IMP     =         0.0000  CMAP       =       140.8709
 1-4 NB =       650.8604  1-4 EEL =      5849.8073  VDWAALS    =     16402.2826
 EELEC  =   -163473.0198  EHBOND  =         0.0000  RESTRAINT  =         0.0000
 EKCMT  =         0.0000  VIRIAL  =         0.0000  VOLUME     =    333349.9246
                                                    Density    =         1.0327
 ------------------------------------------------------------------------------


 NSTEP =  5075000   TIME(PS) =   11850.000  TEMP(K) =   301.32  PRESS =     0.0
 Etot   =   -116941.4826  EKtot   =     20596.7617  EPtot      =   -137538.2443
 BOND   =       568.1897  ANGLE   =      1525.6799  DIHED      =      1001.8897
 UB     =         0.0000  IMP     =         0.0000  CMAP       =       130.5977
 1-4 NB =       634.4183  1-4 EEL =      5797.6619  VDWAALS    =     16355.0399
 EELEC  =   -163551.7214  EHBOND  =         0.0000  RESTRAINT  =         0.0000
 EKCMT  =         0.0000  VIRIAL  =         0.0000  VOLUME     =    333504.8182
                                                    Density    =         1.0322
 ------------------------------------------------------------------------------


 NSTEP =  5100000   TIME(PS) =   11900.000  TEMP(K) =   303.54  PRESS =     0.0
 Etot   =   -116832.1673  EKtot   =     20748.2598  EPtot      =   -137580.4271
 BOND   =       588.1500  ANGLE   =      1531.3839  DIHED      =       995.7833
 UB     =         0.0000  IMP     =         0.0000  CMAP       =       133.1293
 1-4 NB =       642.5760  1-4 EEL =      5849.4421  VDWAALS    =     16328.9971
 EELEC  =   -163649.8888  EHBOND  =         0.0000  RESTRAINT  =         0.0000
 EKCMT  =         0.0000  VIRIAL  =         0.0000  VOLUME     =    334429.2039
                                                    Density    =         1.0294
 ------------------------------------------------------------------------------


 NSTEP =  5125000   TIME(PS) =   11950.000  TEMP(K) =   299.99  PRESS =     0.0
 Etot   =   -116988.1673  EKtot   =     20505.4043  EPtot      =   -137493.5716
 BOND   =       569.4925  ANGLE   =      1543.9348  DIHED      =       999.4960
 UB     =         0.0000  IMP     =         0.0000  CMAP       =       133.5959
 1-4 NB =       656.9240  1-4 EEL =      5876.1260  VDWAALS    =     16080.7743
 EELEC  =   -163353.9151  EHBOND  =         0.0000  RESTRAINT  =         0.0000
 EKCMT  =         0.0000  VIRIAL  =         0.0000  VOLUME     =    333356.1666
                                                    Density    =         1.0327
 ------------------------------------------------------------------------------


 NSTEP =  5150000   TIME(PS) =   12000.000  TEMP(K) =   299.45  PRESS =     0.0
 Etot   =   -117121.3486  EKtot   =     20468.6641  EPtot      =   -137590.0126
 BOND   =       565.2860  ANGLE   =      1509.3434  DIHED      =       984.5289
 UB     =         0.0000  IMP     =         0.0000  CMAP       =       133.6656
 1-4 NB =       639.0098  1-4 EEL =      5885.8524  VDWAALS    =     16466.8890
 EELEC  =   -163774.5879  EHBOND  =         0.0000  RESTRAINT  =         0.0000
 EKCMT  =         0.0000  VIRIAL  =         0.0000  VOLUME     =    333638.3647
                                                    Density    =         1.0318
 ------------------------------------------------------------------------------


 NSTEP =  5175000   TIME(PS) =   12050.000  TEMP(K) =   298.68  PRESS =     0.0
 Etot   =   -117030.1267  EKtot   =     20416.1250  EPtot      =   -137446.2517
 BOND   =       563.8168  ANGLE   =      1511.2202  DIHED      =      1005.9273
 UB     =         0.0000  IMP     =         0.0000  CMAP       =       132.3531
 1-4 NB =       639.4542  1-4 EEL =      5931.3837  VDWAALS    =     16508.0663
 EELEC  =   -163738.4733  EHBOND  =         0.0000  RESTRAINT  =         0.0000
 EKCMT  =         0.0000  VIRIAL  =         0.0000  VOLUME     =    333384.2731
                                                    Density    =         1.0326
 ------------------------------------------------------------------------------


 NSTEP =  5200000   TIME(PS) =   12100.000  TEMP(K) =   301.73  PRESS =     0.0
 Etot   =   -116729.9274  EKtot   =     20624.2598  EPtot      =   -137354.1871
 BOND   =       556.0687  ANGLE   =      1509.4249  DIHED      =       982.9693
 UB     =         0.0000  IMP     =         0.0000  CMAP       =       127.0863
 1-4 NB =       663.2507  1-4 EEL =      5947.6108  VDWAALS    =     16655.8288
 EELEC  =   -163796.4267  EHBOND  =         0.0000  RESTRAINT  =         0.0000
 EKCMT  =         0.0000  VIRIAL  =         0.0000  VOLUME     =    334422.5009
                                                    Density    =         1.0294
 ------------------------------------------------------------------------------


 NSTEP =  5225000   TIME(PS) =   12150.000  TEMP(K) =   300.09  PRESS =     0.0
 Etot   =   -116760.6795  EKtot   =     20512.4668  EPtot      =   -137273.1463
 BOND   =       570.7601  ANGLE   =      1516.6137  DIHED      =      1003.0538
 UB     =         0.0000  IMP     =         0.0000  CMAP       =       124.7679
 1-4 NB =       644.9074  1-4 EEL =      5844.0464  VDWAALS    =     16143.9574
 EELEC  =   -163121.2531  EHBOND  =         0.0000  RESTRAINT  =         0.0000
 EKCMT  =         0.0000  VIRIAL  =         0.0000  VOLUME     =    335214.6448
                                                    Density    =         1.0270
 ------------------------------------------------------------------------------


 NSTEP =  5250000   TIME(PS) =   12200.000  TEMP(K) =   296.08  PRESS =     0.0
 Etot   =   -117450.5950  EKtot   =     20238.3691  EPtot      =   -137688.9641
 BOND   =       532.0917  ANGLE   =      1528.1661  DIHED      =      1001.5957
 UB     =         0.0000  IMP     =         0.0000  CMAP       =       153.6322
 1-4 NB =       649.5291  1-4 EEL =      5839.7576  VDWAALS    =     16371.0501
 EELEC  =   -163764.7866  EHBOND  =         0.0000  RESTRAINT  =         0.0000
 EKCMT  =         0.0000  VIRIAL  =         0.0000  VOLUME     =    333970.2518
                                                    Density    =         1.0308
 ------------------------------------------------------------------------------


 NSTEP =  5275000   TIME(PS) =   12250.000  TEMP(K) =   299.95  PRESS =     0.0
 Etot   =   -116701.1913  EKtot   =     20503.1875  EPtot      =   -137204.3788
 BOND   =       587.1248  ANGLE   =      1514.5402  DIHED      =      1013.3126
 UB     =         0.0000  IMP     =         0.0000  CMAP       =       141.2853
 1-4 NB =       653.4381  1-4 EEL =      5859.2284  VDWAALS    =     16344.9095
 EELEC  =   -163318.2178  EHBOND  =         0.0000  RESTRAINT  =         0.0000
 EKCMT  =         0.0000  VIRIAL  =         0.0000  VOLUME     =    333804.3113
                                                    Density    =         1.0313
 ------------------------------------------------------------------------------


 NSTEP =  5300000   TIME(PS) =   12300.000  TEMP(K) =   300.57  PRESS =     0.0
 Etot   =   -116999.3395  EKtot   =     20545.4746  EPtot      =   -137544.8141
 BOND   =       621.0025  ANGLE   =      1569.1240  DIHED      =      1015.1147
 UB     =         0.0000  IMP     =         0.0000  CMAP       =       141.1091
 1-4 NB =       641.6360  1-4 EEL =      5790.5172  VDWAALS    =     16227.4001
 EELEC  =   -163550.7175  EHBOND  =         0.0000  RESTRAINT  =         0.0000
 EKCMT  =         0.0000  VIRIAL  =         0.0000  VOLUME     =    332522.2092
                                                    Density    =         1.0353
 ------------------------------------------------------------------------------


 NSTEP =  5325000   TIME(PS) =   12350.000  TEMP(K) =   297.03  PRESS =     0.0
 Etot   =   -117064.8428  EKtot   =     20303.3418  EPtot      =   -137368.1846
 BOND   =       569.2538  ANGLE   =      1614.8383  DIHED      =      1012.6261
 UB     =         0.0000  IMP     =         0.0000  CMAP       =       129.8365
 1-4 NB =       631.1347  1-4 EEL =      5902.7511  VDWAALS    =     16262.6312
 EELEC  =   -163491.2563  EHBOND  =         0.0000  RESTRAINT  =         0.0000
 EKCMT  =         0.0000  VIRIAL  =         0.0000  VOLUME     =    333718.7464
                                                    Density    =         1.0316
 ------------------------------------------------------------------------------


 NSTEP =  5350000   TIME(PS) =   12400.000  TEMP(K) =   299.68  PRESS =     0.0
 Etot   =   -117036.7848  EKtot   =     20484.4004  EPtot      =   -137521.1852
 BOND   =       541.4132  ANGLE   =      1544.3288  DIHED      =      1009.1081
 UB     =         0.0000  IMP     =         0.0000  CMAP       =       132.5747
 1-4 NB =       643.4809  1-4 EEL =      5870.9667  VDWAALS    =     16332.3571
 EELEC  =   -163595.4146  EHBOND  =         0.0000  RESTRAINT  =         0.0000
 EKCMT  =         0.0000  VIRIAL  =         0.0000  VOLUME     =    332883.5961
                                                    Density    =         1.0342
 ------------------------------------------------------------------------------


 NSTEP =  5375000   TIME(PS) =   12450.000  TEMP(K) =   301.08  PRESS =     0.0
 Etot   =   -116809.0945  EKtot   =     20580.4766  EPtot      =   -137389.5711
 BOND   =       571.3926  ANGLE   =      1582.7565  DIHED      =       986.5362
 UB     =         0.0000  IMP     =         0.0000  CMAP       =       140.8018
 1-4 NB =       641.2789  1-4 EEL =      5907.7634  VDWAALS    =     16205.5635
 EELEC  =   -163425.6639  EHBOND  =         0.0000  RESTRAINT  =         0.0000
 EKCMT  =         0.0000  VIRIAL  =         0.0000  VOLUME     =    333366.7893
                                                    Density    =         1.0327
 ------------------------------------------------------------------------------


 NSTEP =  5400000   TIME(PS) =   12500.000  TEMP(K) =   300.83  PRESS =     0.0
 Etot   =   -116828.1684  EKtot   =     20562.8418  EPtot      =   -137391.0102
 BOND   =       611.7687  ANGLE   =      1534.8051  DIHED      =      1009.4936
 UB     =         0.0000  IMP     =         0.0000  CMAP       =       129.6660
 1-4 NB =       661.7142  1-4 EEL =      5856.5716  VDWAALS    =     16549.8441
 EELEC  =   -163744.8734  EHBOND  =         0.0000  RESTRAINT  =         0.0000
 EKCMT  =         0.0000  VIRIAL  =         0.0000  VOLUME     =    332784.5159
                                                    Density    =         1.0345
 ------------------------------------------------------------------------------


 NSTEP =  5425000   TIME(PS) =   12550.000  TEMP(K) =   298.76  PRESS =     0.0
 Etot   =   -116631.1556  EKtot   =     20421.2754  EPtot      =   -137052.4310
 BOND   =       583.3520  ANGLE   =      1494.1501  DIHED      =      1013.3458
 UB     =         0.0000  IMP     =         0.0000  CMAP       =       134.5233
 1-4 NB =       639.0734  1-4 EEL =      5843.2565  VDWAALS    =     16366.9489
 EELEC  =   -163127.0810  EHBOND  =         0.0000  RESTRAINT  =         0.0000
 EKCMT  =         0.0000  VIRIAL  =         0.0000  VOLUME     =    335170.4889
                                                    Density    =         1.0271
 ------------------------------------------------------------------------------


 NSTEP =  5450000   TIME(PS) =   12600.000  TEMP(K) =   298.32  PRESS =     0.0
 Etot   =   -116945.8860  EKtot   =     20391.8320  EPtot      =   -137337.7181
 BOND   =       578.4863  ANGLE   =      1509.3039  DIHED      =       973.4996
 UB     =         0.0000  IMP     =         0.0000  CMAP       =       142.1707
 1-4 NB =       633.7558  1-4 EEL =      5928.2656  VDWAALS    =     16364.4741
 EELEC  =   -163467.6739  EHBOND  =         0.0000  RESTRAINT  =         0.0000
 EKCMT  =         0.0000  VIRIAL  =         0.0000  VOLUME     =    334137.8394
                                                    Density    =         1.0303
 ------------------------------------------------------------------------------


 NSTEP =  5475000   TIME(PS) =   12650.000  TEMP(K) =   298.19  PRESS =     0.0
 Etot   =   -117172.4621  EKtot   =     20382.8711  EPtot      =   -137555.3331
 BOND   =       521.5151  ANGLE   =      1568.4237  DIHED      =       977.2964
 UB     =         0.0000  IMP     =         0.0000  CMAP       =       140.0980
 1-4 NB =       655.9125  1-4 EEL =      5899.4628  VDWAALS    =     16733.7772
 EELEC  =   -164051.8188  EHBOND  =         0.0000  RESTRAINT  =         0.0000
 EKCMT  =         0.0000  VIRIAL  =         0.0000  VOLUME     =    333558.4572
                                                    Density    =         1.0321
 ------------------------------------------------------------------------------


 NSTEP =  5500000   TIME(PS) =   12700.000  TEMP(K) =   301.11  PRESS =     0.0
 Etot   =   -116884.7698  EKtot   =     20582.4785  EPtot      =   -137467.2483
 BOND   =       542.1914  ANGLE   =      1480.9096  DIHED      =      1024.9439
 UB     =         0.0000  IMP     =         0.0000  CMAP       =       128.1353
 1-4 NB =       651.1680  1-4 EEL =      5971.5281  VDWAALS    =     16280.6345
 EELEC  =   -163546.7591  EHBOND  =         0.0000  RESTRAINT  =         0.0000
 EKCMT  =         0.0000  VIRIAL  =         0.0000  VOLUME     =    334699.0096
                                                    Density    =         1.0286
 ------------------------------------------------------------------------------


 NSTEP =  5525000   TIME(PS) =   12750.000  TEMP(K) =   299.32  PRESS =     0.0
 Etot   =   -116973.2755  EKtot   =     20460.0508  EPtot      =   -137433.3263
 BOND   =       590.8673  ANGLE   =      1551.6079  DIHED      =      1002.8903
 UB     =         0.0000  IMP     =         0.0000  CMAP       =       128.0093
 1-4 NB =       639.4331  1-4 EEL =      5874.1116  VDWAALS    =     16324.4679
 EELEC  =   -163544.7137  EHBOND  =         0.0000  RESTRAINT  =         0.0000
 EKCMT  =         0.0000  VIRIAL  =         0.0000  VOLUME     =    332555.2940
                                                    Density    =         1.0352
 ------------------------------------------------------------------------------


 NSTEP =  5550000   TIME(PS) =   12800.000  TEMP(K) =   299.18  PRESS =     0.0
 Etot   =   -117314.6331  EKtot   =     20450.0938  EPtot      =   -137764.7269
 BOND   =       566.7433  ANGLE   =      1524.0090  DIHED      =       992.4298
 UB     =         0.0000  IMP     =         0.0000  CMAP       =       136.8990
 1-4 NB =       635.7491  1-4 EEL =      5920.1042  VDWAALS    =     16367.0268
 EELEC  =   -163907.6881  EHBOND  =         0.0000  RESTRAINT  =         0.0000
 EKCMT  =         0.0000  VIRIAL  =         0.0000  VOLUME     =    332994.0100
                                                    Density    =         1.0338
 ------------------------------------------------------------------------------


 NSTEP =  5575000   TIME(PS) =   12850.000  TEMP(K) =   299.78  PRESS =     0.0
 Etot   =   -116944.3928  EKtot   =     20491.5332  EPtot      =   -137435.9260
 BOND   =       571.1030  ANGLE   =      1565.6730  DIHED      =       999.5591
 UB     =         0.0000  IMP     =         0.0000  CMAP       =       132.0167
 1-4 NB =       646.6090  1-4 EEL =      5917.7258  VDWAALS    =     16448.7655
 EELEC  =   -163717.3781  EHBOND  =         0.0000  RESTRAINT  =         0.0000
 EKCMT  =         0.0000  VIRIAL  =         0.0000  VOLUME     =    332446.5533
                                                    Density    =         1.0355
 ------------------------------------------------------------------------------


 NSTEP =  5600000   TIME(PS) =   12900.000  TEMP(K) =   302.30  PRESS =     0.0
 Etot   =   -116955.2613  EKtot   =     20663.3711  EPtot      =   -137618.6324
 BOND   =       585.8234  ANGLE   =      1523.5479  DIHED      =       994.0285
 UB     =         0.0000  IMP     =         0.0000  CMAP       =       134.2225
 1-4 NB =       653.5127  1-4 EEL =      5889.5812  VDWAALS    =     16628.0934
 EELEC  =   -164027.4419  EHBOND  =         0.0000  RESTRAINT  =         0.0000
 EKCMT  =         0.0000  VIRIAL  =         0.0000  VOLUME     =    331985.5646
                                                    Density    =         1.0370
 ------------------------------------------------------------------------------


 NSTEP =  5625000   TIME(PS) =   12950.000  TEMP(K) =   298.53  PRESS =     0.0
 Etot   =   -117047.5586  EKtot   =     20405.8418  EPtot      =   -137453.4004
 BOND   =       580.3294  ANGLE   =      1552.0515  DIHED      =      1004.9005
 UB     =         0.0000  IMP     =         0.0000  CMAP       =       134.9477
 1-4 NB =       642.5366  1-4 EEL =      5848.3038  VDWAALS    =     16376.1339
 EELEC  =   -163592.6037  EHBOND  =         0.0000  RESTRAINT  =         0.0000
 EKCMT  =         0.0000  VIRIAL  =         0.0000  VOLUME     =    332776.9624
                                                    Density    =         1.0345
 ------------------------------------------------------------------------------


 NSTEP =  5650000   TIME(PS) =   13000.000  TEMP(K) =   298.99  PRESS =     0.0
 Etot   =   -117236.6359  EKtot   =     20437.6074  EPtot      =   -137674.2433
 BOND   =       565.1576  ANGLE   =      1520.7997  DIHED      =       978.6820
 UB     =         0.0000  IMP     =         0.0000  CMAP       =       135.3959
 1-4 NB =       646.8501  1-4 EEL =      5866.0763  VDWAALS    =     16330.9495
 EELEC  =   -163718.1544  EHBOND  =         0.0000  RESTRAINT  =         0.0000
 EKCMT  =         0.0000  VIRIAL  =         0.0000  VOLUME     =    334362.2527
                                                    Density    =         1.0296
 ------------------------------------------------------------------------------


 NSTEP =  5675000   TIME(PS) =   13050.000  TEMP(K) =   300.67  PRESS =     0.0
 Etot   =   -116719.1163  EKtot   =     20552.1953  EPtot      =   -137271.3117
 BOND   =       597.6837  ANGLE   =      1508.1254  DIHED      =      1027.5932
 UB     =         0.0000  IMP     =         0.0000  CMAP       =       138.3426
 1-4 NB =       654.9718  1-4 EEL =      5850.7784  VDWAALS    =     16392.0445
 EELEC  =   -163440.8514  EHBOND  =         0.0000  RESTRAINT  =         0.0000
 EKCMT  =         0.0000  VIRIAL  =         0.0000  VOLUME     =    333419.5757
                                                    Density    =         1.0325
 ------------------------------------------------------------------------------


 NSTEP =  5700000   TIME(PS) =   13100.000  TEMP(K) =   299.76  PRESS =     0.0
 Etot   =   -117222.4191  EKtot   =     20490.1641  EPtot      =   -137712.5832
 BOND   =       556.4128  ANGLE   =      1538.1985  DIHED      =       995.2878
 UB     =         0.0000  IMP     =         0.0000  CMAP       =       124.7362
 1-4 NB =       631.4557  1-4 EEL =      5856.8395  VDWAALS    =     16516.1292
 EELEC  =   -163931.6429  EHBOND  =         0.0000  RESTRAINT  =         0.0000
 EKCMT  =         0.0000  VIRIAL  =         0.0000  VOLUME     =    333541.9052
                                                    Density    =         1.0321
 ------------------------------------------------------------------------------


 NSTEP =  5725000   TIME(PS) =   13150.000  TEMP(K) =   299.27  PRESS =     0.0
 Etot   =   -116875.3123  EKtot   =     20456.5938  EPtot      =   -137331.9061
 BOND   =       566.5778  ANGLE   =      1540.8471  DIHED      =       989.6481
 UB     =         0.0000  IMP     =         0.0000  CMAP       =       134.4419
 1-4 NB =       628.8344  1-4 EEL =      5869.7657  VDWAALS    =     16091.8677
 EELEC  =   -163153.8889  EHBOND  =         0.0000  RESTRAINT  =         0.0000
 EKCMT  =         0.0000  VIRIAL  =         0.0000  VOLUME     =    334415.8074
                                                    Density    =         1.0294
 ------------------------------------------------------------------------------


 NSTEP =  5750000   TIME(PS) =   13200.000  TEMP(K) =   299.32  PRESS =     0.0
 Etot   =   -116928.2227  EKtot   =     20460.1719  EPtot      =   -137388.3946
 BOND   =       571.5104  ANGLE   =      1551.2601  DIHED      =       980.3647
 UB     =         0.0000  IMP     =         0.0000  CMAP       =       138.9120
 1-4 NB =       657.1353  1-4 EEL =      5879.6865  VDWAALS    =     16674.5505
 EELEC  =   -163841.8140  EHBOND  =         0.0000  RESTRAINT  =         0.0000
 EKCMT  =         0.0000  VIRIAL  =         0.0000  VOLUME     =    333184.0058
                                                    Density    =         1.0332
 ------------------------------------------------------------------------------


 NSTEP =  5775000   TIME(PS) =   13250.000  TEMP(K) =   300.77  PRESS =     0.0
 Etot   =   -116802.8613  EKtot   =     20558.6367  EPtot      =   -137361.4981
 BOND   =       585.4152  ANGLE   =      1501.6529  DIHED      =      1041.1435
 UB     =         0.0000  IMP     =         0.0000  CMAP       =       124.3366
 1-4 NB =       661.9983  1-4 EEL =      5897.8277  VDWAALS    =     16355.2825
 EELEC  =   -163529.1548  EHBOND  =         0.0000  RESTRAINT  =         0.0000
 EKCMT  =         0.0000  VIRIAL  =         0.0000  VOLUME     =    333594.4054
                                                    Density    =         1.0320
 ------------------------------------------------------------------------------


 NSTEP =  5800000   TIME(PS) =   13300.000  TEMP(K) =   296.99  PRESS =     0.0
 Etot   =   -116710.3800  EKtot   =     20300.7246  EPtot      =   -137011.1046
 BOND   =       584.3669  ANGLE   =      1512.1030  DIHED      =      1021.6239
 UB     =         0.0000  IMP     =         0.0000  CMAP       =       133.6376
 1-4 NB =       674.5086  1-4 EEL =      5897.9597  VDWAALS    =     16289.5470
 EELEC  =   -163124.8514  EHBOND  =         0.0000  RESTRAINT  =         0.0000
 EKCMT  =         0.0000  VIRIAL  =         0.0000  VOLUME     =    333675.9872
                                                    Density    =         1.0317
 ------------------------------------------------------------------------------


 NSTEP =  5825000   TIME(PS) =   13350.000  TEMP(K) =   301.91  PRESS =     0.0
 Etot   =   -116799.8171  EKtot   =     20637.1699  EPtot      =   -137436.9870
 BOND   =       545.8227  ANGLE   =      1543.1579  DIHED      =       999.6783
 UB     =         0.0000  IMP     =         0.0000  CMAP       =       133.8816
 1-4 NB =       642.1619  1-4 EEL =      5901.5093  VDWAALS    =     15997.0906
 EELEC  =   -163200.2894  EHBOND  =         0.0000  RESTRAINT  =         0.0000
 EKCMT  =         0.0000  VIRIAL  =         0.0000  VOLUME     =    334202.2524
                                                    Density    =         1.0301
 ------------------------------------------------------------------------------


 NSTEP =  5850000   TIME(PS) =   13400.000  TEMP(K) =   299.73  PRESS =     0.0
 Etot   =   -117008.7933  EKtot   =     20487.7441  EPtot      =   -137496.5374
 BOND   =       569.0163  ANGLE   =      1555.2231  DIHED      =      1008.2099
 UB     =         0.0000  IMP     =         0.0000  CMAP       =       131.0595
 1-4 NB =       641.7081  1-4 EEL =      5870.9491  VDWAALS    =     16064.7514
 EELEC  =   -163337.4550  EHBOND  =         0.0000  RESTRAINT  =         0.0000
 EKCMT  =         0.0000  VIRIAL  =         0.0000  VOLUME     =    333622.4465
                                                    Density    =         1.0319
 ------------------------------------------------------------------------------


 NSTEP =  5875000   TIME(PS) =   13450.000  TEMP(K) =   297.82  PRESS =     0.0
 Etot   =   -117071.0080  EKtot   =     20357.0645  EPtot      =   -137428.0724
 BOND   =       594.4059  ANGLE   =      1458.1764  DIHED      =      1005.0753
 UB     =         0.0000  IMP     =         0.0000  CMAP       =       134.7909
 1-4 NB =       644.5078  1-4 EEL =      5802.0570  VDWAALS    =     16182.9766
 EELEC  =   -163250.0622  EHBOND  =         0.0000  RESTRAINT  =         0.0000
 EKCMT  =         0.0000  VIRIAL  =         0.0000  VOLUME     =    333680.2642
                                                    Density    =         1.0317
 ------------------------------------------------------------------------------


 NSTEP =  5900000   TIME(PS) =   13500.000  TEMP(K) =   299.54  PRESS =     0.0
 Etot   =   -116868.6307  EKtot   =     20475.0000  EPtot      =   -137343.6307
 BOND   =       593.6821  ANGLE   =      1525.4285  DIHED      =      1012.9804
 UB     =         0.0000  IMP     =         0.0000  CMAP       =       132.0280
 1-4 NB =       648.9939  1-4 EEL =      5860.7446  VDWAALS    =     16598.4551
 EELEC  =   -163715.9433  EHBOND  =         0.0000  RESTRAINT  =         0.0000
 EKCMT  =         0.0000  VIRIAL  =         0.0000  VOLUME     =    333556.2350
                                                    Density    =         1.0321
 ------------------------------------------------------------------------------


 NSTEP =  5925000   TIME(PS) =   13550.000  TEMP(K) =   296.48  PRESS =     0.0
 Etot   =   -117220.0777  EKtot   =     20265.4668  EPtot      =   -137485.5445
 BOND   =       560.2815  ANGLE   =      1523.0656  DIHED      =      1000.9052
 UB     =         0.0000  IMP     =         0.0000  CMAP       =       129.7428
 1-4 NB =       649.6020  1-4 EEL =      5865.5824  VDWAALS    =     16279.5319
 EELEC  =   -163494.2560  EHBOND  =         0.0000  RESTRAINT  =         0.0000
 EKCMT  =         0.0000  VIRIAL  =         0.0000  VOLUME     =    334007.7283
                                                    Density    =         1.0307
 ------------------------------------------------------------------------------


 NSTEP =  5950000   TIME(PS) =   13600.000  TEMP(K) =   299.79  PRESS =     0.0
 Etot   =   -116838.9153  EKtot   =     20492.1348  EPtot      =   -137331.0500
 BOND   =       594.2359  ANGLE   =      1515.8206  DIHED      =       994.0196
 UB     =         0.0000  IMP     =         0.0000  CMAP       =       130.6941
 1-4 NB =       634.1456  1-4 EEL =      5876.4253  VDWAALS    =     15986.8558
 EELEC  =   -163063.2469  EHBOND  =         0.0000  RESTRAINT  =         0.0000
 EKCMT  =         0.0000  VIRIAL  =         0.0000  VOLUME     =    333450.9633
                                                    Density    =         1.0324
 ------------------------------------------------------------------------------


 NSTEP =  5975000   TIME(PS) =   13650.000  TEMP(K) =   300.37  PRESS =     0.0
 Etot   =   -116886.8681  EKtot   =     20531.3086  EPtot      =   -137418.1767
 BOND   =       585.2286  ANGLE   =      1523.2090  DIHED      =       993.9777
 UB     =         0.0000  IMP     =         0.0000  CMAP       =       119.7048
 1-4 NB =       639.4177  1-4 EEL =      5821.4667  VDWAALS    =     16402.5248
 EELEC  =   -163503.7061  EHBOND  =         0.0000  RESTRAINT  =         0.0000
 EKCMT  =         0.0000  VIRIAL  =         0.0000  VOLUME     =    332597.6498
                                                    Density    =         1.0351
 ------------------------------------------------------------------------------


 NSTEP =  6000000   TIME(PS) =   13700.000  TEMP(K) =   302.64  PRESS =     0.0
 Etot   =   -116608.8162  EKtot   =     20686.8398  EPtot      =   -137295.6560
 BOND   =       571.3137  ANGLE   =      1491.5831  DIHED      =      1002.0073
 UB     =         0.0000  IMP     =         0.0000  CMAP       =       139.4607
 1-4 NB =       651.9546  1-4 EEL =      5877.4860  VDWAALS    =     16248.2412
 EELEC  =   -163277.7026  EHBOND  =         0.0000  RESTRAINT  =         0.0000
 EKCMT  =         0.0000  VIRIAL  =         0.0000  VOLUME     =    333345.6041
                                                    Density    =         1.0327
 ------------------------------------------------------------------------------


 NSTEP =  6025000   TIME(PS) =   13750.000  TEMP(K) =   302.75  PRESS =     0.0
 Etot   =   -116638.2336  EKtot   =     20694.1660  EPtot      =   -137332.3996
 BOND   =       587.9768  ANGLE   =      1559.9773  DIHED      =      1003.6283
 UB     =         0.0000  IMP     =         0.0000  CMAP       =       137.2537
 1-4 NB =       627.9553  1-4 EEL =      5823.5504  VDWAALS    =     16204.7410
 EELEC  =   -163277.4825  EHBOND  =         0.0000  RESTRAINT  =         0.0000
 EKCMT  =         0.0000  VIRIAL  =         0.0000  VOLUME     =    333261.9609
                                                    Density    =         1.0330
 ------------------------------------------------------------------------------


 NSTEP =  6050000   TIME(PS) =   13800.000  TEMP(K) =   299.94  PRESS =     0.0
 Etot   =   -116767.8587  EKtot   =     20501.9629  EPtot      =   -137269.8216
 BOND   =       583.2312  ANGLE   =      1505.5488  DIHED      =       977.1505
 UB     =         0.0000  IMP     =         0.0000  CMAP       =       137.0319
 1-4 NB =       649.3783  1-4 EEL =      5793.8397  VDWAALS    =     16498.6083
 EELEC  =   -163414.6102  EHBOND  =         0.0000  RESTRAINT  =         0.0000
 EKCMT  =         0.0000  VIRIAL  =         0.0000  VOLUME     =    333655.4374
                                                    Density    =         1.0318
 ------------------------------------------------------------------------------


 NSTEP =  6075000   TIME(PS) =   13850.000  TEMP(K) =   301.06  PRESS =     0.0
 Etot   =   -116620.7452  EKtot   =     20578.8672  EPtot      =   -137199.6124
 BOND   =       587.7994  ANGLE   =      1554.2715  DIHED      =       986.8383
 UB     =         0.0000  IMP     =         0.0000  CMAP       =       131.5805
 1-4 NB =       625.8506  1-4 EEL =      5849.2168  VDWAALS    =     16097.9768
 EELEC  =   -163033.1463  EHBOND  =         0.0000  RESTRAINT  =         0.0000
 EKCMT  =         0.0000  VIRIAL  =         0.0000  VOLUME     =    334204.2174
                                                    Density    =         1.0301
 ------------------------------------------------------------------------------


 NSTEP =  6100000   TIME(PS) =   13900.000  TEMP(K) =   299.43  PRESS =     0.0
 Etot   =   -116846.6361  EKtot   =     20467.2637  EPtot      =   -137313.8998
 BOND   =       578.0722  ANGLE   =      1493.8766  DIHED      =       989.8984
 UB     =         0.0000  IMP     =         0.0000  CMAP       =       128.9078
 1-4 NB =       647.1067  1-4 EEL =      5853.3834  VDWAALS    =     16429.1533
 EELEC  =   -163434.2981  EHBOND  =         0.0000  RESTRAINT  =         0.0000
 EKCMT  =         0.0000  VIRIAL  =         0.0000  VOLUME     =    333353.6875
                                                    Density    =         1.0327
 ------------------------------------------------------------------------------


 NSTEP =  6125000   TIME(PS) =   13950.000  TEMP(K) =   299.03  PRESS =     0.0
 Etot   =   -116694.4095  EKtot   =     20440.0352  EPtot      =   -137134.4446
 BOND   =       554.2741  ANGLE   =      1542.0320  DIHED      =       962.7074
 UB     =         0.0000  IMP     =         0.0000  CMAP       =       138.4192
 1-4 NB =       625.9917  1-4 EEL =      5824.5042  VDWAALS    =     16262.8183
 EELEC  =   -163045.1916  EHBOND  =         0.0000  RESTRAINT  =         0.0000
 EKCMT  =         0.0000  VIRIAL  =         0.0000  VOLUME     =    333607.0445
                                                    Density    =         1.0319
 ------------------------------------------------------------------------------


 NSTEP =  6150000   TIME(PS) =   14000.000  TEMP(K) =   303.14  PRESS =     0.0
 Etot   =   -116962.1615  EKtot   =     20721.0273  EPtot      =   -137683.1889
 BOND   =       562.4364  ANGLE   =      1532.3673  DIHED      =       974.3501
 UB     =         0.0000  IMP     =         0.0000  CMAP       =       140.4087
 1-4 NB =       641.3719  1-4 EEL =      5812.4083  VDWAALS    =     16558.9342
 EELEC  =   -163905.4657  EHBOND  =         0.0000  RESTRAINT  =         0.0000
 EKCMT  =         0.0000  VIRIAL  =         0.0000  VOLUME     =    334059.9243
                                                    Density    =         1.0305
 ------------------------------------------------------------------------------


 NSTEP =  6175000   TIME(PS) =   14050.000  TEMP(K) =   297.92  PRESS =     0.0
 Etot   =   -117237.6249  EKtot   =     20364.0078  EPtot      =   -137601.6327
 BOND   =       592.4830  ANGLE   =      1503.0070  DIHED      =       982.5619
 UB     =         0.0000  IMP     =         0.0000  CMAP       =       141.4611
 1-4 NB =       641.0336  1-4 EEL =      5866.7494  VDWAALS    =     16486.2095
 EELEC  =   -163815.1382  EHBOND  =         0.0000  RESTRAINT  =         0.0000
 EKCMT  =         0.0000  VIRIAL  =         0.0000  VOLUME     =    332724.4421
                                                    Density    =         1.0347
 ------------------------------------------------------------------------------


 NSTEP =  6200000   TIME(PS) =   14100.000  TEMP(K) =   300.18  PRESS =     0.0
 Etot   =   -117138.5108  EKtot   =     20518.3164  EPtot      =   -137656.8272
 BOND   =       553.9526  ANGLE   =      1492.1724  DIHED      =       978.9547
 UB     =         0.0000  IMP     =         0.0000  CMAP       =       128.8529
 1-4 NB =       627.2068  1-4 EEL =      5879.4853  VDWAALS    =     16503.3381
 EELEC  =   -163820.7900  EHBOND  =         0.0000  RESTRAINT  =         0.0000
 EKCMT  =         0.0000  VIRIAL  =         0.0000  VOLUME     =    334342.2689
                                                    Density    =         1.0297
 ------------------------------------------------------------------------------


 NSTEP =  6225000   TIME(PS) =   14150.000  TEMP(K) =   298.98  PRESS =     0.0
 Etot   =   -117026.3927  EKtot   =     20436.7363  EPtot      =   -137463.1290
 BOND   =       577.2629  ANGLE   =      1572.1268  DIHED      =       955.4050
 UB     =         0.0000  IMP     =         0.0000  CMAP       =       144.3681
 1-4 NB =       643.6121  1-4 EEL =      5847.6898  VDWAALS    =     16416.2181
 EELEC  =   -163619.8117  EHBOND  =         0.0000  RESTRAINT  =         0.0000
 EKCMT  =         0.0000  VIRIAL  =         0.0000  VOLUME     =    333864.7645
                                                    Density    =         1.0311
 ------------------------------------------------------------------------------


 NSTEP =  6250000   TIME(PS) =   14200.000  TEMP(K) =   302.06  PRESS =     0.0
 Etot   =   -116611.7235  EKtot   =     20646.9766  EPtot      =   -137258.7001
 BOND   =       572.7186  ANGLE   =      1504.3452  DIHED      =      1004.8990
 UB     =         0.0000  IMP     =         0.0000  CMAP       =       142.0028
 1-4 NB =       650.8933  1-4 EEL =      5844.5431  VDWAALS    =     16353.2134
 EELEC  =   -163331.3156  EHBOND  =         0.0000  RESTRAINT  =         0.0000
 EKCMT  =         0.0000  VIRIAL  =         0.0000  VOLUME     =    333420.7663
                                                    Density    =         1.0325
 ------------------------------------------------------------------------------


 NSTEP =  6275000   TIME(PS) =   14250.000  TEMP(K) =   301.50  PRESS =     0.0
 Etot   =   -116708.2799  EKtot   =     20608.8398  EPtot      =   -137317.1198
 BOND   =       555.6925  ANGLE   =      1559.5022  DIHED      =       978.4674
 UB     =         0.0000  IMP     =         0.0000  CMAP       =       141.9407
 1-4 NB =       616.5770  1-4 EEL =      5902.7003  VDWAALS    =     16272.6361
 EELEC  =   -163344.6361  EHBOND  =         0.0000  RESTRAINT  =         0.0000
 EKCMT  =         0.0000  VIRIAL  =         0.0000  VOLUME     =    335592.5751
                                                    Density    =         1.0258
 ------------------------------------------------------------------------------


 NSTEP =  6300000   TIME(PS) =   14300.000  TEMP(K) =   303.27  PRESS =     0.0
 Etot   =   -116583.2146  EKtot   =     20729.6523  EPtot      =   -137312.8670
 BOND   =       584.8174  ANGLE   =      1554.2777  DIHED      =       994.3307
 UB     =         0.0000  IMP     =         0.0000  CMAP       =       139.2615
 1-4 NB =       630.7020  1-4 EEL =      5842.2364  VDWAALS    =     16233.1522
 EELEC  =   -163291.6449  EHBOND  =         0.0000  RESTRAINT  =         0.0000
 EKCMT  =         0.0000  VIRIAL  =         0.0000  VOLUME     =    334123.8205
                                                    Density    =         1.0303
 ------------------------------------------------------------------------------


 NSTEP =  6325000   TIME(PS) =   14350.000  TEMP(K) =   301.83  PRESS =     0.0
 Etot   =   -116992.6242  EKtot   =     20631.2090  EPtot      =   -137623.8332
 BOND   =       560.4198  ANGLE   =      1500.9287  DIHED      =      1016.2909
 UB     =         0.0000  IMP     =         0.0000  CMAP       =       126.9807
 1-4 NB =       645.6609  1-4 EEL =      5845.7439  VDWAALS    =     16679.4219
 EELEC  =   -163999.2800  EHBOND  =         0.0000  RESTRAINT  =         0.0000
 EKCMT  =         0.0000  VIRIAL  =         0.0000  VOLUME     =    333448.2854
                                                    Density    =         1.0324
 ------------------------------------------------------------------------------


 NSTEP =  6350000   TIME(PS) =   14400.000  TEMP(K) =   300.85  PRESS =     0.0
 Etot   =   -117050.6858  EKtot   =     20564.6504  EPtot      =   -137615.3362
 BOND   =       577.0298  ANGLE   =      1498.6606  DIHED      =       992.9767
 UB     =         0.0000  IMP     =         0.0000  CMAP       =       139.3639
 1-4 NB =       633.7213  1-4 EEL =      5860.7136  VDWAALS    =     16189.2549
 EELEC  =   -163507.0569  EHBOND  =         0.0000  RESTRAINT  =         0.0000
 EKCMT  =         0.0000  VIRIAL  =         0.0000  VOLUME     =    334861.2931
                                                    Density    =         1.0281
 ------------------------------------------------------------------------------


 NSTEP =  6375000   TIME(PS) =   14450.000  TEMP(K) =   299.20  PRESS =     0.0
 Etot   =   -117117.9531  EKtot   =     20451.6406  EPtot      =   -137569.5937
 BOND   =       565.2481  ANGLE   =      1516.2054  DIHED      =       962.9798
 UB     =         0.0000  IMP     =         0.0000  CMAP       =       135.7752
 1-4 NB =       649.6166  1-4 EEL =      5918.1946  VDWAALS    =     16126.0967
 EELEC  =   -163443.7101  EHBOND  =         0.0000  RESTRAINT  =         0.0000
 EKCMT  =         0.0000  VIRIAL  =         0.0000  VOLUME     =    335611.0027
                                                    Density    =         1.0258
 ------------------------------------------------------------------------------


 NSTEP =  6400000   TIME(PS) =   14500.000  TEMP(K) =   300.00  PRESS =     0.0
 Etot   =   -116686.4598  EKtot   =     20506.5234  EPtot      =   -137192.9833
 BOND   =       566.1157  ANGLE   =      1514.2636  DIHED      =       996.6743
 UB     =         0.0000  IMP     =         0.0000  CMAP       =       139.2494
 1-4 NB =       660.8599  1-4 EEL =      5848.1301  VDWAALS    =     16112.7969
 EELEC  =   -163031.0732  EHBOND  =         0.0000  RESTRAINT  =         0.0000
 EKCMT  =         0.0000  VIRIAL  =         0.0000  VOLUME     =    332764.9107
                                                    Density    =         1.0345
 ------------------------------------------------------------------------------


 NSTEP =  6425000   TIME(PS) =   14550.000  TEMP(K) =   299.39  PRESS =     0.0
 Etot   =   -116770.4148  EKtot   =     20464.8438  EPtot      =   -137235.2585
 BOND   =       596.0691  ANGLE   =      1507.1429  DIHED      =      1006.4227
 UB     =         0.0000  IMP     =         0.0000  CMAP       =       129.9527
 1-4 NB =       642.0960  1-4 EEL =      5834.9901  VDWAALS    =     16375.0223
 EELEC  =   -163326.9544  EHBOND  =         0.0000  RESTRAINT  =         0.0000
 EKCMT  =         0.0000  VIRIAL  =         0.0000  VOLUME     =    335155.2567
                                                    Density    =         1.0272
 ------------------------------------------------------------------------------


 NSTEP =  6450000   TIME(PS) =   14600.000  TEMP(K) =   300.28  PRESS =     0.0
 Etot   =   -116920.3069  EKtot   =     20525.4277  EPtot      =   -137445.7346
 BOND   =       618.3584  ANGLE   =      1505.1979  DIHED      =      1008.2740
 UB     =         0.0000  IMP     =         0.0000  CMAP       =       144.4048
 1-4 NB =       641.8565  1-4 EEL =      5891.3370  VDWAALS    =     16126.4955
 EELEC  =   -163381.6586  EHBOND  =         0.0000  RESTRAINT  =         0.0000
 EKCMT  =         0.0000  VIRIAL  =         0.0000  VOLUME     =    333837.8155
                                                    Density    =         1.0312
 ------------------------------------------------------------------------------


 NSTEP =  6475000   TIME(PS) =   14650.000  TEMP(K) =   297.99  PRESS =     0.0
 Etot   =   -116818.5331  EKtot   =     20368.9219  EPtot      =   -137187.4550
 BOND   =       579.6495  ANGLE   =      1525.3856  DIHED      =      1000.0954
 UB     =         0.0000  IMP     =         0.0000  CMAP       =       122.5883
 1-4 NB =       649.9582  1-4 EEL =      5853.1125  VDWAALS    =     16753.8506
 EELEC  =   -163672.0951  EHBOND  =         0.0000  RESTRAINT  =         0.0000
 EKCMT  =         0.0000  VIRIAL  =         0.0000  VOLUME     =    334221.8009
                                                    Density    =         1.0300
 ------------------------------------------------------------------------------


 NSTEP =  6500000   TIME(PS) =   14700.000  TEMP(K) =   301.10  PRESS =     0.0
 Etot   =   -116861.9902  EKtot   =     20581.2656  EPtot      =   -137443.2559
 BOND   =       521.3971  ANGLE   =      1583.6163  DIHED      =      1029.8208
 UB     =         0.0000  IMP     =         0.0000  CMAP       =       138.2405
 1-4 NB =       631.7288  1-4 EEL =      5853.9797  VDWAALS    =     16435.6411
 EELEC  =   -163637.6802  EHBOND  =         0.0000  RESTRAINT  =         0.0000
 EKCMT  =         0.0000  VIRIAL  =         0.0000  VOLUME     =    334223.4677
                                                    Density    =         1.0300
 ------------------------------------------------------------------------------


 NSTEP =  6525000   TIME(PS) =   14750.000  TEMP(K) =   297.46  PRESS =     0.0
 Etot   =   -117109.2579  EKtot   =     20332.4531  EPtot      =   -137441.7111
 BOND   =       555.1983  ANGLE   =      1539.3049  DIHED      =      1011.9051
 UB     =         0.0000  IMP     =         0.0000  CMAP       =       129.5134
 1-4 NB =       636.7009  1-4 EEL =      5849.6390  VDWAALS    =     16464.3181
 EELEC  =   -163628.2907  EHBOND  =         0.0000  RESTRAINT  =         0.0000
 EKCMT  =         0.0000  VIRIAL  =         0.0000  VOLUME     =    333885.6465
                                                    Density    =         1.0311
 ------------------------------------------------------------------------------


 NSTEP =  6550000   TIME(PS) =   14800.000  TEMP(K) =   299.73  PRESS =     0.0
 Etot   =   -116927.2467  EKtot   =     20488.1055  EPtot      =   -137415.3522
 BOND   =       601.5475  ANGLE   =      1534.6559  DIHED      =       992.4959
 UB     =         0.0000  IMP     =         0.0000  CMAP       =       141.6247
 1-4 NB =       628.0462  1-4 EEL =      5822.9575  VDWAALS    =     16370.9635
 EELEC  =   -163507.6433  EHBOND  =         0.0000  RESTRAINT  =         0.0000
 EKCMT  =         0.0000  VIRIAL  =         0.0000  VOLUME     =    334279.4014
                                                    Density    =         1.0299
 ------------------------------------------------------------------------------


 NSTEP =  6575000   TIME(PS) =   14850.000  TEMP(K) =   300.84  PRESS =     0.0
 Etot   =   -117253.5960  EKtot   =     20563.6875  EPtot      =   -137817.2835
 BOND   =       599.1745  ANGLE   =      1493.9078  DIHED      =       992.2224
 UB     =         0.0000  IMP     =         0.0000  CMAP       =       130.8876
 1-4 NB =       652.0202  1-4 EEL =      5827.7428  VDWAALS    =     16666.8700
 EELEC  =   -164180.1090  EHBOND  =         0.0000  RESTRAINT  =         0.0000
 EKCMT  =         0.0000  VIRIAL  =         0.0000  VOLUME     =    332588.2937
                                                    Density    =         1.0351
 ------------------------------------------------------------------------------


 NSTEP =  6600000   TIME(PS) =   14900.000  TEMP(K) =   302.88  PRESS =     0.0
 Etot   =   -116632.4745  EKtot   =     20703.2539  EPtot      =   -137335.7284
 BOND   =       590.3933  ANGLE   =      1534.4332  DIHED      =       981.3587
 UB     =         0.0000  IMP     =         0.0000  CMAP       =       136.9511
 1-4 NB =       655.9592  1-4 EEL =      5856.0280  VDWAALS    =     16142.9023
 EELEC  =   -163233.7542  EHBOND  =         0.0000  RESTRAINT  =         0.0000
 EKCMT  =         0.0000  VIRIAL  =         0.0000  VOLUME     =    332584.1915
                                                    Density    =         1.0351
 ------------------------------------------------------------------------------


 NSTEP =  6625000   TIME(PS) =   14950.000  TEMP(K) =   299.05  PRESS =     0.0
 Etot   =   -117051.7038  EKtot   =     20441.2070  EPtot      =   -137492.9108
 BOND   =       571.3349  ANGLE   =      1536.7992  DIHED      =       961.6389
 UB     =         0.0000  IMP     =         0.0000  CMAP       =       133.0380
 1-4 NB =       646.4875  1-4 EEL =      5857.1792  VDWAALS    =     16672.8876
 EELEC  =   -163872.2761  EHBOND  =         0.0000  RESTRAINT  =         0.0000
 EKCMT  =         0.0000  VIRIAL  =         0.0000  VOLUME     =    333586.0648
                                                    Density    =         1.0320
 ------------------------------------------------------------------------------


 NSTEP =  6650000   TIME(PS) =   15000.000  TEMP(K) =   299.96  PRESS =     0.0
 Etot   =   -116884.4615  EKtot   =     20503.4375  EPtot      =   -137387.8990
 BOND   =       581.1082  ANGLE   =      1436.1596  DIHED      =      1002.1858
 UB     =         0.0000  IMP     =         0.0000  CMAP       =       128.4185
 1-4 NB =       641.5393  1-4 EEL =      5846.1060  VDWAALS    =     16521.1190
 EELEC  =   -163544.5354  EHBOND  =         0.0000  RESTRAINT  =         0.0000
 EKCMT  =         0.0000  VIRIAL  =         0.0000  VOLUME     =    332329.7983
                                                    Density    =         1.0359
 ------------------------------------------------------------------------------


 NSTEP =  6675000   TIME(PS) =   15050.000  TEMP(K) =   300.30  PRESS =     0.0
 Etot   =   -116784.4233  EKtot   =     20527.1055  EPtot      =   -137311.5288
 BOND   =       583.8262  ANGLE   =      1542.5588  DIHED      =       988.9680
 UB     =         0.0000  IMP     =         0.0000  CMAP       =       130.2493
 1-4 NB =       635.5748  1-4 EEL =      5801.6627  VDWAALS    =     16140.6569
 EELEC  =   -163135.0256  EHBOND  =         0.0000  RESTRAINT  =         0.0000
 EKCMT  =         0.0000  VIRIAL  =         0.0000  VOLUME     =    332814.1590
                                                    Density    =         1.0344
 ------------------------------------------------------------------------------


 NSTEP =  6700000   TIME(PS) =   15100.000  TEMP(K) =   299.60  PRESS =     0.0
 Etot   =   -116762.7920  EKtot   =     20479.0820  EPtot      =   -137241.8740
 BOND   =       550.7706  ANGLE   =      1571.0782  DIHED      =      1024.9155
 UB     =         0.0000  IMP     =         0.0000  CMAP       =       141.5771
 1-4 NB =       646.6555  1-4 EEL =      5820.6843  VDWAALS    =     16204.2031
 EELEC  =   -163201.7584  EHBOND  =         0.0000  RESTRAINT  =         0.0000
 EKCMT  =         0.0000  VIRIAL  =         0.0000  VOLUME     =    334034.8534
                                                    Density    =         1.0306
 ------------------------------------------------------------------------------


 NSTEP =  6725000   TIME(PS) =   15150.000  TEMP(K) =   298.47  PRESS =     0.0
 Etot   =   -117223.4639  EKtot   =     20402.0410  EPtot      =   -137625.5049
 BOND   =       589.0691  ANGLE   =      1559.0912  DIHED      =       992.6278
 UB     =         0.0000  IMP     =         0.0000  CMAP       =       148.3610
 1-4 NB =       642.2215  1-4 EEL =      5766.7228  VDWAALS    =     16747.0202
 EELEC  =   -164070.6185  EHBOND  =         0.0000  RESTRAINT  =         0.0000
 EKCMT  =         0.0000  VIRIAL  =         0.0000  VOLUME     =    333349.1502
                                                    Density    =         1.0327
 ------------------------------------------------------------------------------


 NSTEP =  6750000   TIME(PS) =   15200.000  TEMP(K) =   299.36  PRESS =     0.0
 Etot   =   -116932.0471  EKtot   =     20462.6230  EPtot      =   -137394.6701
 BOND   =       577.0806  ANGLE   =      1526.9206  DIHED      =       984.0619
 UB     =         0.0000  IMP     =         0.0000  CMAP       =       128.5376
 1-4 NB =       657.4352  1-4 EEL =      5858.5448  VDWAALS    =     16559.0978
 EELEC  =   -163686.3486  EHBOND  =         0.0000  RESTRAINT  =         0.0000
 EKCMT  =         0.0000  VIRIAL  =         0.0000  VOLUME     =    334717.5324
                                                    Density    =         1.0285
 ------------------------------------------------------------------------------


 NSTEP =  6775000   TIME(PS) =   15250.000  TEMP(K) =   299.08  PRESS =     0.0
 Etot   =   -116900.8187  EKtot   =     20443.2988  EPtot      =   -137344.1175
 BOND   =       611.3680  ANGLE   =      1528.3782  DIHED      =      1025.2074
 UB     =         0.0000  IMP     =         0.0000  CMAP       =       138.8106
 1-4 NB =       622.6024  1-4 EEL =      5852.4502  VDWAALS    =     16281.3103
 EELEC  =   -163404.2448  EHBOND  =         0.0000  RESTRAINT  =         0.0000
 EKCMT  =         0.0000  VIRIAL  =         0.0000  VOLUME     =    333550.0573
                                                    Density    =         1.0321
 ------------------------------------------------------------------------------


 NSTEP =  6800000   TIME(PS) =   15300.000  TEMP(K) =   298.28  PRESS =     0.0
 Etot   =   -116809.7914  EKtot   =     20388.8008  EPtot      =   -137198.5922
 BOND   =       574.2317  ANGLE   =      1540.3213  DIHED      =      1017.8438
 UB     =         0.0000  IMP     =         0.0000  CMAP       =       122.2881
 1-4 NB =       647.0092  1-4 EEL =      5842.6501  VDWAALS    =     16584.3953
 EELEC  =   -163527.3317  EHBOND  =         0.0000  RESTRAINT  =         0.0000
 EKCMT  =         0.0000  VIRIAL  =         0.0000  VOLUME     =    333156.2388
                                                    Density    =         1.0333
 ------------------------------------------------------------------------------


 NSTEP =  6825000   TIME(PS) =   15350.000  TEMP(K) =   300.36  PRESS =     0.0
 Etot   =   -116573.4789  EKtot   =     20530.7676  EPtot      =   -137104.2465
 BOND   =       574.4177  ANGLE   =      1514.5612  DIHED      =      1018.9842
 UB     =         0.0000  IMP     =         0.0000  CMAP       =       122.6494
 1-4 NB =       661.2485  1-4 EEL =      5835.8993  VDWAALS    =     16370.9749
 EELEC  =   -163202.9818  EHBOND  =         0.0000  RESTRAINT  =         0.0000
 EKCMT  =         0.0000  VIRIAL  =         0.0000  VOLUME     =    333880.9351
                                                    Density    =         1.0311
 ------------------------------------------------------------------------------


 NSTEP =  6850000   TIME(PS) =   15400.000  TEMP(K) =   298.37  PRESS =     0.0
 Etot   =   -117163.9683  EKtot   =     20395.1621  EPtot      =   -137559.1305
 BOND   =       594.6759  ANGLE   =      1575.6000  DIHED      =      1002.4115
 UB     =         0.0000  IMP     =         0.0000  CMAP       =       127.4854
 1-4 NB =       636.3809  1-4 EEL =      5819.2833  VDWAALS    =     16481.2172
 EELEC  =   -163796.1848  EHBOND  =         0.0000  RESTRAINT  =         0.0000
 EKCMT  =         0.0000  VIRIAL  =         0.0000  VOLUME     =    333109.1918
                                                    Density    =         1.0335
 ------------------------------------------------------------------------------


 NSTEP =  6875000   TIME(PS) =   15450.000  TEMP(K) =   297.93  PRESS =     0.0
 Etot   =   -116926.4528  EKtot   =     20365.0723  EPtot      =   -137291.5250
 BOND   =       570.6519  ANGLE   =      1504.0956  DIHED      =       997.6350
 UB     =         0.0000  IMP     =         0.0000  CMAP       =       150.8310
 1-4 NB =       645.5188  1-4 EEL =      5922.7504  VDWAALS    =     16070.1564
 EELEC  =   -163153.1642  EHBOND  =         0.0000  RESTRAINT  =         0.0000
 EKCMT  =         0.0000  VIRIAL  =         0.0000  VOLUME     =    333973.7183
                                                    Density    =         1.0308
 ------------------------------------------------------------------------------


 NSTEP =  6900000   TIME(PS) =   15500.000  TEMP(K) =   303.03  PRESS =     0.0
 Etot   =   -116782.8032  EKtot   =     20713.3359  EPtot      =   -137496.1392
 BOND   =       563.4468  ANGLE   =      1523.4789  DIHED      =       979.1419
 UB     =         0.0000  IMP     =         0.0000  CMAP       =       140.0601
 1-4 NB =       634.6958  1-4 EEL =      5858.2889  VDWAALS    =     16343.6774
 EELEC  =   -163538.9290  EHBOND  =         0.0000  RESTRAINT  =         0.0000
 EKCMT  =         0.0000  VIRIAL  =         0.0000  VOLUME     =    333815.7671
                                                    Density    =         1.0313
 ------------------------------------------------------------------------------


 NSTEP =  6925000   TIME(PS) =   15550.000  TEMP(K) =   302.70  PRESS =     0.0
 Etot   =   -116887.2868  EKtot   =     20690.8398  EPtot      =   -137578.1267
 BOND   =       562.2551  ANGLE   =      1495.4018  DIHED      =       994.6631
 UB     =         0.0000  IMP     =         0.0000  CMAP       =       133.9648
 1-4 NB =       636.0473  1-4 EEL =      5798.6193  VDWAALS    =     16343.7921
 EELEC  =   -163542.8702  EHBOND  =         0.0000  RESTRAINT  =         0.0000
 EKCMT  =         0.0000  VIRIAL  =         0.0000  VOLUME     =    334115.4225
                                                    Density    =         1.0304
 ------------------------------------------------------------------------------


 NSTEP =  6950000   TIME(PS) =   15600.000  TEMP(K) =   302.24  PRESS =     0.0
 Etot   =   -117187.3135  EKtot   =     20659.4199  EPtot      =   -137846.7334
 BOND   =       556.3552  ANGLE   =      1519.4869  DIHED      =       991.8404
 UB     =         0.0000  IMP     =         0.0000  CMAP       =       140.9511
 1-4 NB =       651.5241  1-4 EEL =      5888.6157  VDWAALS    =     16540.3061
 EELEC  =   -164135.8129  EHBOND  =         0.0000  RESTRAINT  =         0.0000
 EKCMT  =         0.0000  VIRIAL  =         0.0000  VOLUME     =    333393.5741
                                                    Density    =         1.0326
 ------------------------------------------------------------------------------


 NSTEP =  6975000   TIME(PS) =   15650.000  TEMP(K) =   298.17  PRESS =     0.0
 Etot   =   -116945.1395  EKtot   =     20381.2422  EPtot      =   -137326.3817
 BOND   =       524.5968  ANGLE   =      1514.1277  DIHED      =      1029.3651
 UB     =         0.0000  IMP     =         0.0000  CMAP       =       146.0622
 1-4 NB =       656.7968  1-4 EEL =      5880.4455  VDWAALS    =     16490.6043
 EELEC  =   -163568.3800  EHBOND  =         0.0000  RESTRAINT  =         0.0000
 EKCMT  =         0.0000  VIRIAL  =         0.0000  VOLUME     =    333633.6596
                                                    Density    =         1.0318
 ------------------------------------------------------------------------------


 NSTEP =  7000000   TIME(PS) =   15700.000  TEMP(K) =   299.10  PRESS =     0.0
 Etot   =   -116926.3214  EKtot   =     20444.5215  EPtot      =   -137370.8429
 BOND   =       563.5411  ANGLE   =      1507.2547  DIHED      =      1027.2917
 UB     =         0.0000  IMP     =         0.0000  CMAP       =       133.5982
 1-4 NB =       638.6875  1-4 EEL =      5816.4331  VDWAALS    =     16223.0541
 EELEC  =   -163280.7033  EHBOND  =         0.0000  RESTRAINT  =         0.0000
 EKCMT  =         0.0000  VIRIAL  =         0.0000  VOLUME     =    333899.0680
                                                    Density    =         1.0310
 ------------------------------------------------------------------------------


 NSTEP =  7025000   TIME(PS) =   15750.000  TEMP(K) =   301.79  PRESS =     0.0
 Etot   =   -116941.3378  EKtot   =     20628.6191  EPtot      =   -137569.9570
 BOND   =       579.3866  ANGLE   =      1527.2800  DIHED      =      1010.3919
 UB     =         0.0000  IMP     =         0.0000  CMAP       =       142.0501
 1-4 NB =       629.1784  1-4 EEL =      5849.7088  VDWAALS    =     16318.1338
 EELEC  =   -163626.0864  EHBOND  =         0.0000  RESTRAINT  =         0.0000
 EKCMT  =         0.0000  VIRIAL  =         0.0000  VOLUME     =    333366.3536
                                                    Density    =         1.0327
 ------------------------------------------------------------------------------


 NSTEP =  7050000   TIME(PS) =   15800.000  TEMP(K) =   301.25  PRESS =     0.0
 Etot   =   -116981.3387  EKtot   =     20591.5645  EPtot      =   -137572.9032
 BOND   =       583.9959  ANGLE   =      1510.5683  DIHED      =      1024.0565
 UB     =         0.0000  IMP     =         0.0000  CMAP       =       145.8200
 1-4 NB =       627.5441  1-4 EEL =      5841.0155  VDWAALS    =     16374.0720
 EELEC  =   -163679.9754  EHBOND  =         0.0000  RESTRAINT  =         0.0000
 EKCMT  =         0.0000  VIRIAL  =         0.0000  VOLUME     =    333492.4421
                                                    Density    =         1.0323
 ------------------------------------------------------------------------------


 NSTEP =  7075000   TIME(PS) =   15850.000  TEMP(K) =   298.53  PRESS =     0.0
 Etot   =   -117060.6258  EKtot   =     20406.0312  EPtot      =   -137466.6570
 BOND   =       576.0746  ANGLE   =      1517.0477  DIHED      =      1027.9536
 UB     =         0.0000  IMP     =         0.0000  CMAP       =       135.7609
 1-4 NB =       627.1268  1-4 EEL =      5870.7840  VDWAALS    =     16197.8227
 EELEC  =   -163419.2273  EHBOND  =         0.0000  RESTRAINT  =         0.0000
 EKCMT  =         0.0000  VIRIAL  =         0.0000  VOLUME     =    333392.1843
                                                    Density    =         1.0326
 ------------------------------------------------------------------------------


 NSTEP =  7100000   TIME(PS) =   15900.000  TEMP(K) =   301.86  PRESS =     0.0
 Etot   =   -116803.9677  EKtot   =     20633.2891  EPtot      =   -137437.2567
 BOND   =       577.7228  ANGLE   =      1542.8405  DIHED      =       983.9423
 UB     =         0.0000  IMP     =         0.0000  CMAP       =       140.4785
 1-4 NB =       631.0858  1-4 EEL =      5853.4772  VDWAALS    =     16605.0323
 EELEC  =   -163771.8361  EHBOND  =         0.0000  RESTRAINT  =         0.0000
 EKCMT  =         0.0000  VIRIAL  =         0.0000  VOLUME     =    333884.3766
                                                    Density    =         1.0311
 ------------------------------------------------------------------------------


 NSTEP =  7125000   TIME(PS) =   15950.000  TEMP(K) =   301.14  PRESS =     0.0
 Etot   =   -117063.3466  EKtot   =     20584.3438  EPtot      =   -137647.6903
 BOND   =       536.5522  ANGLE   =      1511.0254  DIHED      =       989.8026
 UB     =         0.0000  IMP     =         0.0000  CMAP       =       137.9177
 1-4 NB =       630.9298  1-4 EEL =      5834.5784  VDWAALS    =     16335.6044
 EELEC  =   -163624.1009  EHBOND  =         0.0000  RESTRAINT  =         0.0000
 EKCMT  =         0.0000  VIRIAL  =         0.0000  VOLUME     =    334636.8544
                                                    Density    =         1.0288
 ------------------------------------------------------------------------------


 NSTEP =  7150000   TIME(PS) =   16000.000  TEMP(K) =   299.46  PRESS =     0.0
 Etot   =   -116939.5300  EKtot   =     20469.4707  EPtot      =   -137409.0007
 BOND   =       566.8595  ANGLE   =      1511.7971  DIHED      =       992.3884
 UB     =         0.0000  IMP     =         0.0000  CMAP       =       132.0055
 1-4 NB =       649.2108  1-4 EEL =      5847.0725  VDWAALS    =     16726.5673
 EELEC  =   -163834.9018  EHBOND  =         0.0000  RESTRAINT  =         0.0000
 EKCMT  =         0.0000  VIRIAL  =         0.0000  VOLUME     =    333670.4111
                                                    Density    =         1.0317
 ------------------------------------------------------------------------------


 NSTEP =  7175000   TIME(PS) =   16050.000  TEMP(K) =   299.19  PRESS =     0.0
 Etot   =   -116968.5314  EKtot   =     20450.7012  EPtot      =   -137419.2326
 BOND   =       588.2967  ANGLE   =      1525.8122  DIHED      =       987.9337
 UB     =         0.0000  IMP     =         0.0000  CMAP       =       143.5249
 1-4 NB =       649.4910  1-4 EEL =      5827.7745  VDWAALS    =     16184.6831
 EELEC  =   -163326.7487  EHBOND  =         0.0000  RESTRAINT  =         0.0000
 EKCMT  =         0.0000  VIRIAL  =         0.0000  VOLUME     =    333638.0237
                                                    Density    =         1.0318
 ------------------------------------------------------------------------------


 NSTEP =  7200000   TIME(PS) =   16100.000  TEMP(K) =   300.55  PRESS =     0.0
 Etot   =   -116693.7002  EKtot   =     20544.2168  EPtot      =   -137237.9170
 BOND   =       577.5480  ANGLE   =      1544.2159  DIHED      =       999.0329
 UB     =         0.0000  IMP     =         0.0000  CMAP       =       139.8777
 1-4 NB =       631.5306  1-4 EEL =      5778.2108  VDWAALS    =     16221.2543
 EELEC  =   -163129.5873  EHBOND  =         0.0000  RESTRAINT  =         0.0000
 EKCMT  =         0.0000  VIRIAL  =         0.0000  VOLUME     =    333517.2976
                                                    Density    =         1.0322
 ------------------------------------------------------------------------------


 NSTEP =  7225000   TIME(PS) =   16150.000  TEMP(K) =   297.13  PRESS =     0.0
 Etot   =   -116994.9253  EKtot   =     20310.0371  EPtot      =   -137304.9624
 BOND   =       578.5894  ANGLE   =      1539.4226  DIHED      =      1016.2262
 UB     =         0.0000  IMP     =         0.0000  CMAP       =       131.5982
 1-4 NB =       636.6900  1-4 EEL =      5828.8695  VDWAALS    =     16441.1678
 EELEC  =   -163477.5261  EHBOND  =         0.0000  RESTRAINT  =         0.0000
 EKCMT  =         0.0000  VIRIAL  =         0.0000  VOLUME     =    334441.8158
                                                    Density    =         1.0294
 ------------------------------------------------------------------------------


 NSTEP =  7250000   TIME(PS) =   16200.000  TEMP(K) =   297.17  PRESS =     0.0
 Etot   =   -117109.7930  EKtot   =     20313.1504  EPtot      =   -137422.9434
 BOND   =       577.2052  ANGLE   =      1523.1587  DIHED      =       988.3341
 UB     =         0.0000  IMP     =         0.0000  CMAP       =       133.0958
 1-4 NB =       628.3938  1-4 EEL =      5829.9207  VDWAALS    =     16219.0902
 EELEC  =   -163322.1419  EHBOND  =         0.0000  RESTRAINT  =         0.0000
 EKCMT  =         0.0000  VIRIAL  =         0.0000  VOLUME     =    334277.3496
                                                    Density    =         1.0299
 ------------------------------------------------------------------------------


 NSTEP =  7275000   TIME(PS) =   16250.000  TEMP(K) =   300.03  PRESS =     0.0
 Etot   =   -117159.8262  EKtot   =     20508.4434  EPtot      =   -137668.2696
 BOND   =       574.7191  ANGLE   =      1545.8349  DIHED      =       978.5775
 UB     =         0.0000  IMP     =         0.0000  CMAP       =       140.7134
 1-4 NB =       623.5769  1-4 EEL =      5815.2596  VDWAALS    =     16644.9432
 EELEC  =   -163991.8942  EHBOND  =         0.0000  RESTRAINT  =         0.0000
 EKCMT  =         0.0000  VIRIAL  =         0.0000  VOLUME     =    334469.1216
                                                    Density    =         1.0293
 ------------------------------------------------------------------------------


 NSTEP =  7300000   TIME(PS) =   16300.000  TEMP(K) =   300.09  PRESS =     0.0
 Etot   =   -116768.7993  EKtot   =     20512.7578  EPtot      =   -137281.5572
 BOND   =       568.1613  ANGLE   =      1533.2707  DIHED      =      1007.2973
 UB     =         0.0000  IMP     =         0.0000  CMAP       =       127.0794
 1-4 NB =       639.3666  1-4 EEL =      5810.8361  VDWAALS    =     16573.8815
 EELEC  =   -163541.4500  EHBOND  =         0.0000  RESTRAINT  =         0.0000
 EKCMT  =         0.0000  VIRIAL  =         0.0000  VOLUME     =    334700.9847
                                                    Density    =         1.0286
 ------------------------------------------------------------------------------


 NSTEP =  7325000   TIME(PS) =   16350.000  TEMP(K) =   297.04  PRESS =     0.0
 Etot   =   -117250.3504  EKtot   =     20303.9043  EPtot      =   -137554.2547
 BOND   =       556.4530  ANGLE   =      1567.2082  DIHED      =       970.1928
 UB     =         0.0000  IMP     =         0.0000  CMAP       =       139.9021
 1-4 NB =       626.0750  1-4 EEL =      5829.7335  VDWAALS    =     16499.8935
 EELEC  =   -163743.7129  EHBOND  =         0.0000  RESTRAINT  =         0.0000
 EKCMT  =         0.0000  VIRIAL  =         0.0000  VOLUME     =    332716.0759
                                                    Density    =         1.0347
 ------------------------------------------------------------------------------


 NSTEP =  7350000   TIME(PS) =   16400.000  TEMP(K) =   301.34  PRESS =     0.0
 Etot   =   -116823.0704  EKtot   =     20598.0957  EPtot      =   -137421.1661
 BOND   =       537.1960  ANGLE   =      1529.5179  DIHED      =      1006.3133
 UB     =         0.0000  IMP     =         0.0000  CMAP       =       135.1507
 1-4 NB =       648.2273  1-4 EEL =      5880.4097  VDWAALS    =     16172.3197
 EELEC  =   -163330.3008  EHBOND  =         0.0000  RESTRAINT  =         0.0000
 EKCMT  =         0.0000  VIRIAL  =         0.0000  VOLUME     =    333820.2761
                                                    Density    =         1.0313
 ------------------------------------------------------------------------------


 NSTEP =  7375000   TIME(PS) =   16450.000  TEMP(K) =   299.91  PRESS =     0.0
 Etot   =   -116872.3222  EKtot   =     20499.8438  EPtot      =   -137372.1660
 BOND   =       538.9352  ANGLE   =      1514.2088  DIHED      =      1017.4931
 UB     =         0.0000  IMP     =         0.0000  CMAP       =       139.1896
 1-4 NB =       643.4999  1-4 EEL =      5900.9894  VDWAALS    =     16682.0449
 EELEC  =   -163808.5267  EHBOND  =         0.0000  RESTRAINT  =         0.0000
 EKCMT  =         0.0000  VIRIAL  =         0.0000  VOLUME     =    334265.4348
                                                    Density    =         1.0299
 ------------------------------------------------------------------------------


 NSTEP =  7400000   TIME(PS) =   16500.000  TEMP(K) =   299.49  PRESS =     0.0
 Etot   =   -116951.5747  EKtot   =     20471.4531  EPtot      =   -137423.0278
 BOND   =       595.6031  ANGLE   =      1530.0155  DIHED      =       962.6332
 UB     =         0.0000  IMP     =         0.0000  CMAP       =       135.0195
 1-4 NB =       651.6141  1-4 EEL =      5853.5552  VDWAALS    =     16259.8623
 EELEC  =   -163411.3308  EHBOND  =         0.0000  RESTRAINT  =         0.0000
 EKCMT  =         0.0000  VIRIAL  =         0.0000  VOLUME     =    334216.2794
                                                    Density    =         1.0301
 ------------------------------------------------------------------------------


 NSTEP =  7425000   TIME(PS) =   16550.000  TEMP(K) =   297.68  PRESS =     0.0
 Etot   =   -117234.1942  EKtot   =     20347.4062  EPtot      =   -137581.6005
 BOND   =       563.6620  ANGLE   =      1553.9510  DIHED      =      1017.3519
 UB     =         0.0000  IMP     =         0.0000  CMAP       =       125.8049
 1-4 NB =       685.6163  1-4 EEL =      5979.2945  VDWAALS    =     16311.3457
 EELEC  =   -163818.6267  EHBOND  =         0.0000  RESTRAINT  =         0.0000
 EKCMT  =         0.0000  VIRIAL  =         0.0000  VOLUME     =    334452.6100
                                                    Density    =         1.0293
 ------------------------------------------------------------------------------


 NSTEP =  7450000   TIME(PS) =   16600.000  TEMP(K) =   299.69  PRESS =     0.0
 Etot   =   -116875.5218  EKtot   =     20484.9434  EPtot      =   -137360.4651
 BOND   =       572.5750  ANGLE   =      1528.0816  DIHED      =      1012.3096
 UB     =         0.0000  IMP     =         0.0000  CMAP       =       130.7087
 1-4 NB =       649.4559  1-4 EEL =      5814.6768  VDWAALS    =     16324.0956
 EELEC  =   -163392.3684  EHBOND  =         0.0000  RESTRAINT  =         0.0000
 EKCMT  =         0.0000  VIRIAL  =         0.0000  VOLUME     =    333689.8515
                                                    Density    =         1.0317
 ------------------------------------------------------------------------------


 NSTEP =  7475000   TIME(PS) =   16650.000  TEMP(K) =   300.08  PRESS =     0.0
 Etot   =   -116872.2965  EKtot   =     20511.4629  EPtot      =   -137383.7594
 BOND   =       586.2310  ANGLE   =      1522.3417  DIHED      =      1034.5599
 UB     =         0.0000  IMP     =         0.0000  CMAP       =       137.1303
 1-4 NB =       653.5326  1-4 EEL =      5858.1495  VDWAALS    =     16564.1317
 EELEC  =   -163739.8361  EHBOND  =         0.0000  RESTRAINT  =         0.0000
 EKCMT  =         0.0000  VIRIAL  =         0.0000  VOLUME     =    335251.8291
                                                    Density    =         1.0269
 ------------------------------------------------------------------------------


 NSTEP =  7500000   TIME(PS) =   16700.000  TEMP(K) =   300.07  PRESS =     0.0
 Etot   =   -116919.9768  EKtot   =     20510.8848  EPtot      =   -137430.8616
 BOND   =       572.6154  ANGLE   =      1510.1664  DIHED      =      1038.5093
 UB     =         0.0000  IMP     =         0.0000  CMAP       =       124.4999
 1-4 NB =       627.1434  1-4 EEL =      5888.5590  VDWAALS    =     16506.9464
 EELEC  =   -163699.3013  EHBOND  =         0.0000  RESTRAINT  =         0.0000
 EKCMT  =         0.0000  VIRIAL  =         0.0000  VOLUME     =    335284.6518
                                                    Density    =         1.0268
 ------------------------------------------------------------------------------


 NSTEP =  7525000   TIME(PS) =   16750.000  TEMP(K) =   298.61  PRESS =     0.0
 Etot   =   -116922.3664  EKtot   =     20411.1953  EPtot      =   -137333.5617
 BOND   =       591.5990  ANGLE   =      1573.9699  DIHED      =      1018.0966
 UB     =         0.0000  IMP     =         0.0000  CMAP       =       137.1969
 1-4 NB =       633.6598  1-4 EEL =      5846.2922  VDWAALS    =     15871.8761
 EELEC  =   -163006.2522  EHBOND  =         0.0000  RESTRAINT  =         0.0000
 EKCMT  =         0.0000  VIRIAL  =         0.0000  VOLUME     =    333923.8794
                                                    Density    =         1.0310
 ------------------------------------------------------------------------------


 NSTEP =  7550000   TIME(PS) =   16800.000  TEMP(K) =   300.27  PRESS =     0.0
 Etot   =   -116892.2270  EKtot   =     20524.9395  EPtot      =   -137417.1664
 BOND   =       589.2184  ANGLE   =      1526.7823  DIHED      =      1044.2887
 UB     =         0.0000  IMP     =         0.0000  CMAP       =       129.6124
 1-4 NB =       648.2024  1-4 EEL =      5891.4080  VDWAALS    =     16318.1929
 EELEC  =   -163564.8715  EHBOND  =         0.0000  RESTRAINT  =         0.0000
 EKCMT  =         0.0000  VIRIAL  =         0.0000  VOLUME     =    333678.0787
                                                    Density    =         1.0317
 ------------------------------------------------------------------------------


 NSTEP =  7575000   TIME(PS) =   16850.000  TEMP(K) =   301.67  PRESS =     0.0
 Etot   =   -117074.1718  EKtot   =     20620.5254  EPtot      =   -137694.6972
 BOND   =       565.6158  ANGLE   =      1543.8199  DIHED      =       994.6631
 UB     =         0.0000  IMP     =         0.0000  CMAP       =       135.7133
 1-4 NB =       644.0447  1-4 EEL =      5908.0020  VDWAALS    =     16666.5862
 EELEC  =   -164153.1421  EHBOND  =         0.0000  RESTRAINT  =         0.0000
 EKCMT  =         0.0000  VIRIAL  =         0.0000  VOLUME     =    333437.5126
                                                    Density    =         1.0325
 ------------------------------------------------------------------------------


 NSTEP =  7600000   TIME(PS) =   16900.000  TEMP(K) =   302.61  PRESS =     0.0
 Etot   =   -116647.3364  EKtot   =     20684.4590  EPtot      =   -137331.7954
 BOND   =       622.1312  ANGLE   =      1512.2087  DIHED      =      1021.7747
 UB     =         0.0000  IMP     =         0.0000  CMAP       =       141.9224
 1-4 NB =       642.3660  1-4 EEL =      5856.5993  VDWAALS    =     16319.0061
 EELEC  =   -163447.8038  EHBOND  =         0.0000  RESTRAINT  =         0.0000
 EKCMT  =         0.0000  VIRIAL  =         0.0000  VOLUME     =    334317.8731
                                                    Density    =         1.0297
 ------------------------------------------------------------------------------


 NSTEP =  7625000   TIME(PS) =   16950.000  TEMP(K) =   301.38  PRESS =     0.0
 Etot   =   -116767.9172  EKtot   =     20600.3359  EPtot      =   -137368.2531
 BOND   =       535.3076  ANGLE   =      1556.8445  DIHED      =      1009.0659
 UB     =         0.0000  IMP     =         0.0000  CMAP       =       128.1577
 1-4 NB =       646.3353  1-4 EEL =      5894.4846  VDWAALS    =     16535.9995
 EELEC  =   -163674.4482  EHBOND  =         0.0000  RESTRAINT  =         0.0000
 EKCMT  =         0.0000  VIRIAL  =         0.0000  VOLUME     =    334189.5554
                                                    Density    =         1.0301
 ------------------------------------------------------------------------------


 NSTEP =  7650000   TIME(PS) =   17000.000  TEMP(K) =   303.52  PRESS =     0.0
 Etot   =   -116782.9164  EKtot   =     20747.1484  EPtot      =   -137530.0648
 BOND   =       550.6148  ANGLE   =      1522.7082  DIHED      =       996.4543
 UB     =         0.0000  IMP     =         0.0000  CMAP       =       142.4301
 1-4 NB =       642.3474  1-4 EEL =      5892.9262  VDWAALS    =     16519.8956
 EELEC  =   -163797.4414  EHBOND  =         0.0000  RESTRAINT  =         0.0000
 EKCMT  =         0.0000  VIRIAL  =         0.0000  VOLUME     =    334504.3055
                                                    Density    =         1.0292
 ------------------------------------------------------------------------------


 NSTEP =  7675000   TIME(PS) =   17050.000  TEMP(K) =   298.84  PRESS =     0.0
 Etot   =   -116781.9412  EKtot   =     20426.7754  EPtot      =   -137208.7165
 BOND   =       551.2246  ANGLE   =      1529.8655  DIHED      =      1021.1276
 UB     =         0.0000  IMP     =         0.0000  CMAP       =       134.1091
 1-4 NB =       654.1911  1-4 EEL =      5878.5664  VDWAALS    =     16084.6926
 EELEC  =   -163062.4935  EHBOND  =         0.0000  RESTRAINT  =         0.0000
 EKCMT  =         0.0000  VIRIAL  =         0.0000  VOLUME     =    333267.1664
                                                    Density    =         1.0330
 ------------------------------------------------------------------------------


 NSTEP =  7700000   TIME(PS) =   17100.000  TEMP(K) =   299.40  PRESS =     0.0
 Etot   =   -116889.3422  EKtot   =     20465.4180  EPtot      =   -137354.7601
 BOND   =       551.4384  ANGLE   =      1579.7391  DIHED      =      1022.8395
 UB     =         0.0000  IMP     =         0.0000  CMAP       =       132.8050
 1-4 NB =       648.0924  1-4 EEL =      5838.5663  VDWAALS    =     16335.4246
 EELEC  =   -163463.6656  EHBOND  =         0.0000  RESTRAINT  =         0.0000
 EKCMT  =         0.0000  VIRIAL  =         0.0000  VOLUME     =    335365.3084
                                                    Density    =         1.0265
 ------------------------------------------------------------------------------


 NSTEP =  7725000   TIME(PS) =   17150.000  TEMP(K) =   299.78  PRESS =     0.0
 Etot   =   -117037.6301  EKtot   =     20491.3086  EPtot      =   -137528.9387
 BOND   =       560.0096  ANGLE   =      1476.9822  DIHED      =      1022.3695
 UB     =         0.0000  IMP     =         0.0000  CMAP       =       131.2690
 1-4 NB =       621.4746  1-4 EEL =      5898.5081  VDWAALS    =     16522.3330
 EELEC  =   -163761.8847  EHBOND  =         0.0000  RESTRAINT  =         0.0000
 EKCMT  =         0.0000  VIRIAL  =         0.0000  VOLUME     =    334688.1527
                                                    Density    =         1.0286
 ------------------------------------------------------------------------------


 NSTEP =  7750000   TIME(PS) =   17200.000  TEMP(K) =   297.54  PRESS =     0.0
 Etot   =   -117226.4773  EKtot   =     20338.2793  EPtot      =   -137564.7566
 BOND   =       579.0847  ANGLE   =      1554.2991  DIHED      =       996.4339
 UB     =         0.0000  IMP     =         0.0000  CMAP       =       144.3459
 1-4 NB =       627.3988  1-4 EEL =      5837.6594  VDWAALS    =     16484.3054
 EELEC  =   -163788.2839  EHBOND  =         0.0000  RESTRAINT  =         0.0000
 EKCMT  =         0.0000  VIRIAL  =         0.0000  VOLUME     =    334058.9123
                                                    Density    =         1.0305
 ------------------------------------------------------------------------------


 NSTEP =  7775000   TIME(PS) =   17250.000  TEMP(K) =   302.23  PRESS =     0.0
 Etot   =   -116814.4098  EKtot   =     20658.4297  EPtot      =   -137472.8395
 BOND   =       590.0153  ANGLE   =      1490.9514  DIHED      =       997.0990
 UB     =         0.0000  IMP     =         0.0000  CMAP       =       126.8606
 1-4 NB =       631.0447  1-4 EEL =      5826.0219  VDWAALS    =     16463.1452
 EELEC  =   -163597.9775  EHBOND  =         0.0000  RESTRAINT  =         0.0000
 EKCMT  =         0.0000  VIRIAL  =         0.0000  VOLUME     =    331677.5247
                                                    Density    =         1.0379
 ------------------------------------------------------------------------------


 NSTEP =  7800000   TIME(PS) =   17300.000  TEMP(K) =   299.97  PRESS =     0.0
 Etot   =   -116721.7906  EKtot   =     20504.3789  EPtot      =   -137226.1695
 BOND   =       572.6627  ANGLE   =      1474.9535  DIHED      =      1007.3094
 UB     =         0.0000  IMP     =         0.0000  CMAP       =       130.6933
 1-4 NB =       648.2806  1-4 EEL =      5856.2304  VDWAALS    =     16179.3068
 EELEC  =   -163095.6062  EHBOND  =         0.0000  RESTRAINT  =         0.0000
 EKCMT  =         0.0000  VIRIAL  =         0.0000  VOLUME     =    333971.1232
                                                    Density    =         1.0308
 ------------------------------------------------------------------------------


 NSTEP =  7825000   TIME(PS) =   17350.000  TEMP(K) =   298.30  PRESS =     0.0
 Etot   =   -117174.2793  EKtot   =     20390.2578  EPtot      =   -137564.5371
 BOND   =       560.1570  ANGLE   =      1545.5873  DIHED      =      1020.8543
 UB     =         0.0000  IMP     =         0.0000  CMAP       =       140.3463
 1-4 NB =       635.3591  1-4 EEL =      5886.9277  VDWAALS    =     16320.1547
 EELEC  =   -163673.9235  EHBOND  =         0.0000  RESTRAINT  =         0.0000
 EKCMT  =         0.0000  VIRIAL  =         0.0000  VOLUME     =    333859.1403
                                                    Density    =         1.0312
 ------------------------------------------------------------------------------


 NSTEP =  7850000   TIME(PS) =   17400.000  TEMP(K) =   300.45  PRESS =     0.0
 Etot   =   -116773.8963  EKtot   =     20536.8965  EPtot      =   -137310.7928
 BOND   =       593.4399  ANGLE   =      1532.2287  DIHED      =      1007.9941
 UB     =         0.0000  IMP     =         0.0000  CMAP       =       130.5730
 1-4 NB =       640.1414  1-4 EEL =      5844.3511  VDWAALS    =     16117.2025
 EELEC  =   -163176.7234  EHBOND  =         0.0000  RESTRAINT  =         0.0000
 EKCMT  =         0.0000  VIRIAL  =         0.0000  VOLUME     =    333911.4096
                                                    Density    =         1.0310
 ------------------------------------------------------------------------------


 NSTEP =  7875000   TIME(PS) =   17450.000  TEMP(K) =   301.46  PRESS =     0.0
 Etot   =   -116878.8323  EKtot   =     20606.4102  EPtot      =   -137485.2424
 BOND   =       556.6153  ANGLE   =      1518.8920  DIHED      =       992.9438
 UB     =         0.0000  IMP     =         0.0000  CMAP       =       137.2154
 1-4 NB =       626.5466  1-4 EEL =      5905.9384  VDWAALS    =     16431.0384
 EELEC  =   -163654.4323  EHBOND  =         0.0000  RESTRAINT  =         0.0000
 EKCMT  =         0.0000  VIRIAL  =         0.0000  VOLUME     =    333815.8672
                                                    Density    =         1.0313
 ------------------------------------------------------------------------------


 NSTEP =  7900000   TIME(PS) =   17500.000  TEMP(K) =   299.94  PRESS =     0.0
 Etot   =   -116883.2701  EKtot   =     20502.1270  EPtot      =   -137385.3970
 BOND   =       599.8220  ANGLE   =      1538.2835  DIHED      =      1001.0848
 UB     =         0.0000  IMP     =         0.0000  CMAP       =       136.3271
 1-4 NB =       642.9385  1-4 EEL =      5873.7256  VDWAALS    =     16458.6786
 EELEC  =   -163636.2572  EHBOND  =         0.0000  RESTRAINT  =         0.0000
 EKCMT  =         0.0000  VIRIAL  =         0.0000  VOLUME     =    334475.2344
                                                    Density    =         1.0293
 ------------------------------------------------------------------------------


 NSTEP =  7925000   TIME(PS) =   17550.000  TEMP(K) =   302.38  PRESS =     0.0
 Etot   =   -116550.0117  EKtot   =     20668.7598  EPtot      =   -137218.7715
 BOND   =       594.3110  ANGLE   =      1521.4016  DIHED      =      1024.2013
 UB     =         0.0000  IMP     =         0.0000  CMAP       =       139.9849
 1-4 NB =       641.4841  1-4 EEL =      5930.7361  VDWAALS    =     16245.8341
 EELEC  =   -163316.7246  EHBOND  =         0.0000  RESTRAINT  =         0.0000
 EKCMT  =         0.0000  VIRIAL  =         0.0000  VOLUME     =    333325.3480
                                                    Density    =         1.0328
 ------------------------------------------------------------------------------


 NSTEP =  7950000   TIME(PS) =   17600.000  TEMP(K) =   299.69  PRESS =     0.0
 Etot   =   -117263.3691  EKtot   =     20485.2812  EPtot      =   -137748.6503
 BOND   =       562.2140  ANGLE   =      1559.0386  DIHED      =       982.0589
 UB     =         0.0000  IMP     =         0.0000  CMAP       =       143.2517
 1-4 NB =       654.8304  1-4 EEL =      5921.3101  VDWAALS    =     16640.8247
 EELEC  =   -164212.1787  EHBOND  =         0.0000  RESTRAINT  =         0.0000
 EKCMT  =         0.0000  VIRIAL  =         0.0000  VOLUME     =    333398.6701
                                                    Density    =         1.0326
 ------------------------------------------------------------------------------


 NSTEP =  7975000   TIME(PS) =   17650.000  TEMP(K) =   298.52  PRESS =     0.0
 Etot   =   -116931.5948  EKtot   =     20404.9648  EPtot      =   -137336.5597
 BOND   =       597.9512  ANGLE   =      1557.0630  DIHED      =      1011.0701
 UB     =         0.0000  IMP     =         0.0000  CMAP       =       132.5599
 1-4 NB =       627.4761  1-4 EEL =      5823.8646  VDWAALS    =     16309.9667
 EELEC  =   -163396.5112  EHBOND  =         0.0000  RESTRAINT  =         0.0000
 EKCMT  =         0.0000  VIRIAL  =         0.0000  VOLUME     =    335196.9393
                                                    Density    =         1.0270
 ------------------------------------------------------------------------------


 NSTEP =  8000000   TIME(PS) =   17700.000  TEMP(K) =   297.77  PRESS =     0.0
 Etot   =   -117031.6692  EKtot   =     20354.0059  EPtot      =   -137385.6751
 BOND   =       560.6931  ANGLE   =      1505.6483  DIHED      =      1024.4922
 UB     =         0.0000  IMP     =         0.0000  CMAP       =       129.8734
 1-4 NB =       649.8554  1-4 EEL =      5937.0142  VDWAALS    =     16529.1564
 EELEC  =   -163722.4081  EHBOND  =         0.0000  RESTRAINT  =         0.0000
 EKCMT  =         0.0000  VIRIAL  =         0.0000  VOLUME     =    333533.3891
                                                    Density    =         1.0322
 ------------------------------------------------------------------------------


 NSTEP =  8025000   TIME(PS) =   17750.000  TEMP(K) =   300.56  PRESS =     0.0
 Etot   =   -116808.8869  EKtot   =     20544.3047  EPtot      =   -137353.1916
 BOND   =       568.9921  ANGLE   =      1531.0660  DIHED      =      1012.7147
 UB     =         0.0000  IMP     =         0.0000  CMAP       =       139.3223
 1-4 NB =       637.4056  1-4 EEL =      5860.6332  VDWAALS    =     16536.4260
 EELEC  =   -163639.7515  EHBOND  =         0.0000  RESTRAINT  =         0.0000
 EKCMT  =         0.0000  VIRIAL  =         0.0000  VOLUME     =    334007.7727
                                                    Density    =         1.0307
 ------------------------------------------------------------------------------


 NSTEP =  8050000   TIME(PS) =   17800.000  TEMP(K) =   299.39  PRESS =     0.0
 Etot   =   -116838.2728  EKtot   =     20464.8320  EPtot      =   -137303.1048
 BOND   =       558.8998  ANGLE   =      1538.7724  DIHED      =       998.6802
 UB     =         0.0000  IMP     =         0.0000  CMAP       =       130.8406
 1-4 NB =       638.8673  1-4 EEL =      5872.7164  VDWAALS    =     16053.5250
 EELEC  =   -163095.4065  EHBOND  =         0.0000  RESTRAINT  =         0.0000
 EKCMT  =         0.0000  VIRIAL  =         0.0000  VOLUME     =    334252.9985
                                                    Density    =         1.0299
 ------------------------------------------------------------------------------


 NSTEP =  8075000   TIME(PS) =   17850.000  TEMP(K) =   300.30  PRESS =     0.0
 Etot   =   -117082.3835  EKtot   =     20526.5566  EPtot      =   -137608.9402
 BOND   =       551.7983  ANGLE   =      1508.2615  DIHED      =      1009.1791
 UB     =         0.0000  IMP     =         0.0000  CMAP       =       130.4556
 1-4 NB =       636.0967  1-4 EEL =      5918.3215  VDWAALS    =     16199.0223
 EELEC  =   -163562.0751  EHBOND  =         0.0000  RESTRAINT  =         0.0000
 EKCMT  =         0.0000  VIRIAL  =         0.0000  VOLUME     =    332029.2046
                                                    Density    =         1.0368
 ------------------------------------------------------------------------------


 NSTEP =  8100000   TIME(PS) =   17900.000  TEMP(K) =   298.86  PRESS =     0.0
 Etot   =   -117305.4865  EKtot   =     20428.3965  EPtot      =   -137733.8830
 BOND   =       569.0485  ANGLE   =      1479.7266  DIHED      =      1001.7283
 UB     =         0.0000  IMP     =         0.0000  CMAP       =       143.5907
 1-4 NB =       654.7117  1-4 EEL =      5832.2963  VDWAALS    =     16631.7071
 EELEC  =   -164046.6922  EHBOND  =         0.0000  RESTRAINT  =         0.0000
 EKCMT  =         0.0000  VIRIAL  =         0.0000  VOLUME     =    332679.0830
                                                    Density    =         1.0348
 ------------------------------------------------------------------------------


 NSTEP =  8125000   TIME(PS) =   17950.000  TEMP(K) =   299.12  PRESS =     0.0
 Etot   =   -117023.0551  EKtot   =     20445.9180  EPtot      =   -137468.9731
 BOND   =       579.0361  ANGLE   =      1571.5158  DIHED      =       999.8283
 UB     =         0.0000  IMP     =         0.0000  CMAP       =       132.7727
 1-4 NB =       652.7398  1-4 EEL =      5888.7541  VDWAALS    =     16421.7838
 EELEC  =   -163715.4037  EHBOND  =         0.0000  RESTRAINT  =         0.0000
 EKCMT  =         0.0000  VIRIAL  =         0.0000  VOLUME     =    333472.1280
                                                    Density    =         1.0323
 ------------------------------------------------------------------------------


 NSTEP =  8150000   TIME(PS) =   18000.000  TEMP(K) =   297.64  PRESS =     0.0
 Etot   =   -117131.1675  EKtot   =     20344.7852  EPtot      =   -137475.9526
 BOND   =       541.1037  ANGLE   =      1489.9408  DIHED      =      1028.4308
 UB     =         0.0000  IMP     =         0.0000  CMAP       =       145.8532
 1-4 NB =       659.5383  1-4 EEL =      5891.7566  VDWAALS    =     16370.9699
 EELEC  =   -163603.5461  EHBOND  =         0.0000  RESTRAINT  =         0.0000
 EKCMT  =         0.0000  VIRIAL  =         0.0000  VOLUME     =    332811.1527
                                                    Density    =         1.0344
 ------------------------------------------------------------------------------


 NSTEP =  8175000   TIME(PS) =   18050.000  TEMP(K) =   301.67  PRESS =     0.0
 Etot   =   -116808.7101  EKtot   =     20620.7500  EPtot      =   -137429.4601
 BOND   =       615.3452  ANGLE   =      1517.8704  DIHED      =      1010.8251
 UB     =         0.0000  IMP     =         0.0000  CMAP       =       146.9351
 1-4 NB =       635.9735  1-4 EEL =      5774.9451  VDWAALS    =     16442.3269
 EELEC  =   -163573.6814  EHBOND  =         0.0000  RESTRAINT  =         0.0000
 EKCMT  =         0.0000  VIRIAL  =         0.0000  VOLUME     =    333325.0101
                                                    Density    =         1.0328
 ------------------------------------------------------------------------------


 NSTEP =  8200000   TIME(PS) =   18100.000  TEMP(K) =   301.93  PRESS =     0.0
 Etot   =   -116528.0303  EKtot   =     20638.0078  EPtot      =   -137166.0381
 BOND   =       554.6009  ANGLE   =      1537.0620  DIHED      =      1033.0666
 UB     =         0.0000  IMP     =         0.0000  CMAP       =       135.4973
 1-4 NB =       663.4753  1-4 EEL =      5910.4421  VDWAALS    =     16029.0051
 EELEC  =   -163029.1875  EHBOND  =         0.0000  RESTRAINT  =         0.0000
 EKCMT  =         0.0000  VIRIAL  =         0.0000  VOLUME     =    333617.4791
                                                    Density    =         1.0319
 ------------------------------------------------------------------------------


 NSTEP =  8225000   TIME(PS) =   18150.000  TEMP(K) =   300.70  PRESS =     0.0
 Etot   =   -117069.6440  EKtot   =     20554.2109  EPtot      =   -137623.8550
 BOND   =       560.7266  ANGLE   =      1490.1686  DIHED      =      1035.6046
 UB     =         0.0000  IMP     =         0.0000  CMAP       =       141.0978
 1-4 NB =       645.7031  1-4 EEL =      5865.9841  VDWAALS    =     16536.3483
 EELEC  =   -163899.4882  EHBOND  =         0.0000  RESTRAINT  =         0.0000
 EKCMT  =         0.0000  VIRIAL  =         0.0000  VOLUME     =    334501.5816
                                                    Density    =         1.0292
 ------------------------------------------------------------------------------


 NSTEP =  8250000   TIME(PS) =   18200.000  TEMP(K) =   301.21  PRESS =     0.0
 Etot   =   -117172.1222  EKtot   =     20589.2227  EPtot      =   -137761.3449
 BOND   =       577.4721  ANGLE   =      1501.6891  DIHED      =      1018.8399
 UB     =         0.0000  IMP     =         0.0000  CMAP       =       144.1233
 1-4 NB =       633.8093  1-4 EEL =      5893.3369  VDWAALS    =     16229.0143
 EELEC  =   -163759.6297  EHBOND  =         0.0000  RESTRAINT  =         0.0000
 EKCMT  =         0.0000  VIRIAL  =         0.0000  VOLUME     =    332962.9240
                                                    Density    =         1.0339
 ------------------------------------------------------------------------------


 NSTEP =  8275000   TIME(PS) =   18250.000  TEMP(K) =   300.05  PRESS =     0.0
 Etot   =   -117204.4569  EKtot   =     20509.4668  EPtot      =   -137713.9237
 BOND   =       575.7738  ANGLE   =      1515.9275  DIHED      =      1022.1018
 UB     =         0.0000  IMP     =         0.0000  CMAP       =       142.4406
 1-4 NB =       631.8542  1-4 EEL =      5863.9135  VDWAALS    =     16685.1319
 EELEC  =   -164151.0670  EHBOND  =         0.0000  RESTRAINT  =         0.0000
 EKCMT  =         0.0000  VIRIAL  =         0.0000  VOLUME     =    333519.2617
                                                    Density    =         1.0322
 ------------------------------------------------------------------------------


 NSTEP =  8300000   TIME(PS) =   18300.000  TEMP(K) =   301.54  PRESS =     0.0
 Etot   =   -116700.6797  EKtot   =     20611.4121  EPtot      =   -137312.0918
 BOND   =       561.4597  ANGLE   =      1502.6234  DIHED      =      1001.0546
 UB     =         0.0000  IMP     =         0.0000  CMAP       =       132.9557
 1-4 NB =       657.1544  1-4 EEL =      5896.5262  VDWAALS    =     16480.7967
 EELEC  =   -163544.6625  EHBOND  =         0.0000  RESTRAINT  =         0.0000
 EKCMT  =         0.0000  VIRIAL  =         0.0000  VOLUME     =    334233.4126
                                                    Density    =         1.0300
 ------------------------------------------------------------------------------


 NSTEP =  8325000   TIME(PS) =   18350.000  TEMP(K) =   300.95  PRESS =     0.0
 Etot   =   -117068.1323  EKtot   =     20571.0547  EPtot      =   -137639.1870
 BOND   =       558.3105  ANGLE   =      1522.2460  DIHED      =      1005.4206
 UB     =         0.0000  IMP     =         0.0000  CMAP       =       137.5723
 1-4 NB =       651.9038  1-4 EEL =      5888.4123  VDWAALS    =     16385.8731
 EELEC  =   -163788.9256  EHBOND  =         0.0000  RESTRAINT  =         0.0000
 EKCMT  =         0.0000  VIRIAL  =         0.0000  VOLUME     =    334125.4098
                                                    Density    =         1.0303
 ------------------------------------------------------------------------------


 NSTEP =  8350000   TIME(PS) =   18400.000  TEMP(K) =   300.86  PRESS =     0.0
 Etot   =   -116823.3819  EKtot   =     20565.3770  EPtot      =   -137388.7588
 BOND   =       556.3115  ANGLE   =      1525.3883  DIHED      =      1017.2835
 UB     =         0.0000  IMP     =         0.0000  CMAP       =       139.6319
 1-4 NB =       654.2948  1-4 EEL =      5887.6545  VDWAALS    =     16242.4625
 EELEC  =   -163411.7859  EHBOND  =         0.0000  RESTRAINT  =         0.0000
 EKCMT  =         0.0000  VIRIAL  =         0.0000  VOLUME     =    333012.5974
                                                    Density    =         1.0338
 ------------------------------------------------------------------------------


 NSTEP =  8375000   TIME(PS) =   18450.000  TEMP(K) =   298.33  PRESS =     0.0
 Etot   =   -116894.3332  EKtot   =     20392.2285  EPtot      =   -137286.5617
 BOND   =       566.6112  ANGLE   =      1530.6577  DIHED      =      1005.9606
 UB     =         0.0000  IMP     =         0.0000  CMAP       =       138.0428
 1-4 NB =       638.0872  1-4 EEL =      5831.6029  VDWAALS    =     16111.3784
 EELEC  =   -163108.9025  EHBOND  =         0.0000  RESTRAINT  =         0.0000
 EKCMT  =         0.0000  VIRIAL  =         0.0000  VOLUME     =    333840.1705
                                                    Density    =         1.0312
 ------------------------------------------------------------------------------


 NSTEP =  8400000   TIME(PS) =   18500.000  TEMP(K) =   298.26  PRESS =     0.0
 Etot   =   -116969.8172  EKtot   =     20387.4141  EPtot      =   -137357.2313
 BOND   =       554.9527  ANGLE   =      1472.2295  DIHED      =      1017.0829
 UB     =         0.0000  IMP     =         0.0000  CMAP       =       134.9665
 1-4 NB =       650.3934  1-4 EEL =      5853.3632  VDWAALS    =     15960.3301
 EELEC  =   -163000.5496  EHBOND  =         0.0000  RESTRAINT  =         0.0000
 EKCMT  =         0.0000  VIRIAL  =         0.0000  VOLUME     =    333556.9429
                                                    Density    =         1.0321
 ------------------------------------------------------------------------------


 NSTEP =  8425000   TIME(PS) =   18550.000  TEMP(K) =   299.95  PRESS =     0.0
 Etot   =   -117038.3892  EKtot   =     20503.2207  EPtot      =   -137541.6099
 BOND   =       546.5385  ANGLE   =      1534.7134  DIHED      =      1005.6522
 UB     =         0.0000  IMP     =         0.0000  CMAP       =       141.3474
 1-4 NB =       651.7383  1-4 EEL =      5888.8081  VDWAALS    =     16261.8695
 EELEC  =   -163572.2773  EHBOND  =         0.0000  RESTRAINT  =         0.0000
 EKCMT  =         0.0000  VIRIAL  =         0.0000  VOLUME     =    333984.8806
                                                    Density    =         1.0308
 ------------------------------------------------------------------------------


 NSTEP =  8450000   TIME(PS) =   18600.000  TEMP(K) =   301.10  PRESS =     0.0
 Etot   =   -116609.4593  EKtot   =     20581.7266  EPtot      =   -137191.1859
 BOND   =       600.8498  ANGLE   =      1519.0266  DIHED      =      1003.0745
 UB     =         0.0000  IMP     =         0.0000  CMAP       =       142.2520
 1-4 NB =       629.9036  1-4 EEL =      5868.2541  VDWAALS    =     16065.1562
 EELEC  =   -163019.7026  EHBOND  =         0.0000  RESTRAINT  =         0.0000
 EKCMT  =         0.0000  VIRIAL  =         0.0000  VOLUME     =    332886.6708
                                                    Density    =         1.0342
 ------------------------------------------------------------------------------


 NSTEP =  8475000   TIME(PS) =   18650.000  TEMP(K) =   301.30  PRESS =     0.0
 Etot   =   -116744.7826  EKtot   =     20594.9375  EPtot      =   -137339.7201
 BOND   =       560.9388  ANGLE   =      1513.9149  DIHED      =      1043.1338
 UB     =         0.0000  IMP     =         0.0000  CMAP       =       135.1465
 1-4 NB =       634.9126  1-4 EEL =      5844.8812  VDWAALS    =     16227.4812
 EELEC  =   -163300.1291  EHBOND  =         0.0000  RESTRAINT  =         0.0000
 EKCMT  =         0.0000  VIRIAL  =         0.0000  VOLUME     =    334341.7291
                                                    Density    =         1.0297
 ------------------------------------------------------------------------------


 NSTEP =  8500000   TIME(PS) =   18700.000  TEMP(K) =   301.29  PRESS =     0.0
 Etot   =   -117138.9513  EKtot   =     20594.1680  EPtot      =   -137733.1193
 BOND   =       521.6234  ANGLE   =      1522.3798  DIHED      =      1007.4136
 UB     =         0.0000  IMP     =         0.0000  CMAP       =       136.9560
 1-4 NB =       653.4910  1-4 EEL =      5834.0102  VDWAALS    =     16477.1171
 EELEC  =   -163886.1104  EHBOND  =         0.0000  RESTRAINT  =         0.0000
 EKCMT  =         0.0000  VIRIAL  =         0.0000  VOLUME     =    333392.2279
                                                    Density    =         1.0326
 ------------------------------------------------------------------------------


 NSTEP =  8525000   TIME(PS) =   18750.000  TEMP(K) =   297.89  PRESS =     0.0
 Etot   =   -117085.4164  EKtot   =     20361.8613  EPtot      =   -137447.2777
 BOND   =       575.0455  ANGLE   =      1522.9417  DIHED      =      1029.5866
 UB     =         0.0000  IMP     =         0.0000  CMAP       =       132.8104
 1-4 NB =       653.6416  1-4 EEL =      5879.0591  VDWAALS    =     16482.8285
 EELEC  =   -163723.1910  EHBOND  =         0.0000  RESTRAINT  =         0.0000
 EKCMT  =         0.0000  VIRIAL  =         0.0000  VOLUME     =    332460.9879
                                                    Density    =         1.0355
 ------------------------------------------------------------------------------


 NSTEP =  8550000   TIME(PS) =   18800.000  TEMP(K) =   299.12  PRESS =     0.0
 Etot   =   -117035.7113  EKtot   =     20446.3809  EPtot      =   -137482.0922
 BOND   =       571.4362  ANGLE   =      1505.8777  DIHED      =       991.9470
 UB     =         0.0000  IMP     =         0.0000  CMAP       =       150.9249
 1-4 NB =       630.7909  1-4 EEL =      5835.3100  VDWAALS    =     16805.2216
 EELEC  =   -163973.6005  EHBOND  =         0.0000  RESTRAINT  =         0.0000
 EKCMT  =         0.0000  VIRIAL  =         0.0000  VOLUME     =    334784.5062
                                                    Density    =         1.0283
 ------------------------------------------------------------------------------


 NSTEP =  8575000   TIME(PS) =   18850.000  TEMP(K) =   299.96  PRESS =     0.0
 Etot   =   -116914.6240  EKtot   =     20503.6797  EPtot      =   -137418.3037
 BOND   =       573.8727  ANGLE   =      1538.6449  DIHED      =       999.5430
 UB     =         0.0000  IMP     =         0.0000  CMAP       =       132.8731
 1-4 NB =       633.1004  1-4 EEL =      5881.2361  VDWAALS    =     16565.2794
 EELEC  =   -163742.8533  EHBOND  =         0.0000  RESTRAINT  =         0.0000
 EKCMT  =         0.0000  VIRIAL  =         0.0000  VOLUME     =    334193.8389
                                                    Density    =         1.0301
 ------------------------------------------------------------------------------


 NSTEP =  8600000   TIME(PS) =   18900.000  TEMP(K) =   300.06  PRESS =     0.0
 Etot   =   -116907.7753  EKtot   =     20510.3750  EPtot      =   -137418.1503
 BOND   =       584.0487  ANGLE   =      1483.2956  DIHED      =       996.2802
 UB     =         0.0000  IMP     =         0.0000  CMAP       =       133.6415
 1-4 NB =       623.9380  1-4 EEL =      5876.5297  VDWAALS    =     16388.8301
 EELEC  =   -163504.7142  EHBOND  =         0.0000  RESTRAINT  =         0.0000
 EKCMT  =         0.0000  VIRIAL  =         0.0000  VOLUME     =    334873.5920
                                                    Density    =         1.0280
 ------------------------------------------------------------------------------


 NSTEP =  8625000   TIME(PS) =   18950.000  TEMP(K) =   299.20  PRESS =     0.0
 Etot   =   -116738.5171  EKtot   =     20451.7715  EPtot      =   -137190.2886
 BOND   =       561.3914  ANGLE   =      1529.8123  DIHED      =      1011.0792
 UB     =         0.0000  IMP     =         0.0000  CMAP       =       142.1483
 1-4 NB =       631.9611  1-4 EEL =      5854.6995  VDWAALS    =     16289.8542
 EELEC  =   -163211.2347  EHBOND  =         0.0000  RESTRAINT  =         0.0000
 EKCMT  =         0.0000  VIRIAL  =         0.0000  VOLUME     =    334374.8737
                                                    Density    =         1.0296
 ------------------------------------------------------------------------------


 NSTEP =  8650000   TIME(PS) =   19000.000  TEMP(K) =   297.88  PRESS =     0.0
 Etot   =   -116976.2565  EKtot   =     20361.5078  EPtot      =   -137337.7643
 BOND   =       571.6307  ANGLE   =      1487.6469  DIHED      =      1006.7707
 UB     =         0.0000  IMP     =         0.0000  CMAP       =       145.6743
 1-4 NB =       642.0577  1-4 EEL =      5872.3696  VDWAALS    =     16309.0808
 EELEC  =   -163372.9950  EHBOND  =         0.0000  RESTRAINT  =         0.0000
 EKCMT  =         0.0000  VIRIAL  =         0.0000  VOLUME     =    332991.5216
                                                    Density    =         1.0338
 ------------------------------------------------------------------------------


 NSTEP =  8675000   TIME(PS) =   19050.000  TEMP(K) =   299.67  PRESS =     0.0
 Etot   =   -116621.8945  EKtot   =     20483.9668  EPtot      =   -137105.8613
 BOND   =       603.7213  ANGLE   =      1492.0028  DIHED      =      1006.4464
 UB     =         0.0000  IMP     =         0.0000  CMAP       =       139.7276
 1-4 NB =       648.6935  1-4 EEL =      5837.8470  VDWAALS    =     16820.6434
 EELEC  =   -163654.9433  EHBOND  =         0.0000  RESTRAINT  =         0.0000
 EKCMT  =         0.0000  VIRIAL  =         0.0000  VOLUME     =    334477.3718
                                                    Density    =         1.0292
 ------------------------------------------------------------------------------


 NSTEP =  8700000   TIME(PS) =   19100.000  TEMP(K) =   298.81  PRESS =     0.0
 Etot   =   -117037.9003  EKtot   =     20425.3086  EPtot      =   -137463.2089
 BOND   =       551.0739  ANGLE   =      1547.0444  DIHED      =       997.0540
 UB     =         0.0000  IMP     =         0.0000  CMAP       =       140.0386
 1-4 NB =       636.2697  1-4 EEL =      5866.3078  VDWAALS    =     16004.0839
 EELEC  =   -163205.0813  EHBOND  =         0.0000  RESTRAINT  =         0.0000
 EKCMT  =         0.0000  VIRIAL  =         0.0000  VOLUME     =    333456.6959
                                                    Density    =         1.0324
 ------------------------------------------------------------------------------


 NSTEP =  8725000   TIME(PS) =   19150.000  TEMP(K) =   298.63  PRESS =     0.0
 Etot   =   -116905.1907  EKtot   =     20412.9453  EPtot      =   -137318.1360
 BOND   =       552.3570  ANGLE   =      1536.6622  DIHED      =       981.5094
 UB     =         0.0000  IMP     =         0.0000  CMAP       =       139.0987
 1-4 NB =       635.7558  1-4 EEL =      5871.8940  VDWAALS    =     16059.7018
 EELEC  =   -163095.1149  EHBOND  =         0.0000  RESTRAINT  =         0.0000
 EKCMT  =         0.0000  VIRIAL  =         0.0000  VOLUME     =    334030.2079
                                                    Density    =         1.0306
 ------------------------------------------------------------------------------


 NSTEP =  8750000   TIME(PS) =   19200.000  TEMP(K) =   299.11  PRESS =     0.0
 Etot   =   -116788.1884  EKtot   =     20445.5723  EPtot      =   -137233.7607
 BOND   =       604.2264  ANGLE   =      1526.1089  DIHED      =      1017.7982
 UB     =         0.0000  IMP     =         0.0000  CMAP       =       127.2099
 1-4 NB =       637.0544  1-4 EEL =      5873.9346  VDWAALS    =     16258.6558
 EELEC  =   -163278.7488  EHBOND  =         0.0000  RESTRAINT  =         0.0000
 EKCMT  =         0.0000  VIRIAL  =         0.0000  VOLUME     =    335005.5347
                                                    Density    =         1.0276
 ------------------------------------------------------------------------------


 NSTEP =  8775000   TIME(PS) =   19250.000  TEMP(K) =   300.91  PRESS =     0.0
 Etot   =   -116907.0077  EKtot   =     20568.8516  EPtot      =   -137475.8593
 BOND   =       548.2854  ANGLE   =      1517.2851  DIHED      =      1008.3623
 UB     =         0.0000  IMP     =         0.0000  CMAP       =       150.2192
 1-4 NB =       632.3789  1-4 EEL =      5844.7899  VDWAALS    =     16190.2606
 EELEC  =   -163367.4406  EHBOND  =         0.0000  RESTRAINT  =         0.0000
 EKCMT  =         0.0000  VIRIAL  =         0.0000  VOLUME     =    333584.5508
                                                    Density    =         1.0320
 ------------------------------------------------------------------------------


 NSTEP =  8800000   TIME(PS) =   19300.000  TEMP(K) =   299.67  PRESS =     0.0
 Etot   =   -117124.5531  EKtot   =     20483.6836  EPtot      =   -137608.2367
 BOND   =       567.4701  ANGLE   =      1513.0838  DIHED      =       997.3382
 UB     =         0.0000  IMP     =         0.0000  CMAP       =       145.4702
 1-4 NB =       657.2899  1-4 EEL =      5889.3305  VDWAALS    =     16514.5865
 EELEC  =   -163892.8059  EHBOND  =         0.0000  RESTRAINT  =         0.0000
 EKCMT  =         0.0000  VIRIAL  =         0.0000  VOLUME     =    334257.6300
                                                    Density    =         1.0299
 ------------------------------------------------------------------------------


 NSTEP =  8825000   TIME(PS) =   19350.000  TEMP(K) =   301.31  PRESS =     0.0
 Etot   =   -116948.4560  EKtot   =     20595.7480  EPtot      =   -137544.2040
 BOND   =       584.2325  ANGLE   =      1491.5574  DIHED      =       994.9796
 UB     =         0.0000  IMP     =         0.0000  CMAP       =       136.2210
 1-4 NB =       640.2351  1-4 EEL =      5864.7664  VDWAALS    =     16557.7663
 EELEC  =   -163813.9622  EHBOND  =         0.0000  RESTRAINT  =         0.0000
 EKCMT  =         0.0000  VIRIAL  =         0.0000  VOLUME     =    333860.3679
                                                    Density    =         1.0311
 ------------------------------------------------------------------------------


 NSTEP =  8850000   TIME(PS) =   19400.000  TEMP(K) =   302.02  PRESS =     0.0
 Etot   =   -116790.5772  EKtot   =     20644.7422  EPtot      =   -137435.3194
 BOND   =       557.0652  ANGLE   =      1501.6408  DIHED      =      1009.3890
 UB     =         0.0000  IMP     =         0.0000  CMAP       =       142.8524
 1-4 NB =       627.4625  1-4 EEL =      5868.8337  VDWAALS    =     16256.6240
 EELEC  =   -163399.1868  EHBOND  =         0.0000  RESTRAINT  =         0.0000
 EKCMT  =         0.0000  VIRIAL  =         0.0000  VOLUME     =    333118.4028
                                                    Density    =         1.0334
 ------------------------------------------------------------------------------


 NSTEP =  8875000   TIME(PS) =   19450.000  TEMP(K) =   300.80  PRESS =     0.0
 Etot   =   -116866.4469  EKtot   =     20561.0703  EPtot      =   -137427.5173
 BOND   =       577.9496  ANGLE   =      1501.0142  DIHED      =      1021.9322
 UB     =         0.0000  IMP     =         0.0000  CMAP       =       154.1135
 1-4 NB =       640.3065  1-4 EEL =      5889.9865  VDWAALS    =     16152.1685
 EELEC  =   -163364.9882  EHBOND  =         0.0000  RESTRAINT  =         0.0000
 EKCMT  =         0.0000  VIRIAL  =         0.0000  VOLUME     =    333321.0660
                                                    Density    =         1.0328
 ------------------------------------------------------------------------------


 NSTEP =  8900000   TIME(PS) =   19500.000  TEMP(K) =   299.58  PRESS =     0.0
 Etot   =   -116931.6092  EKtot   =     20477.3750  EPtot      =   -137408.9842
 BOND   =       606.7030  ANGLE   =      1519.9906  DIHED      =       997.9568
 UB     =         0.0000  IMP     =         0.0000  CMAP       =       139.7269
 1-4 NB =       637.5596  1-4 EEL =      5835.1340  VDWAALS    =     16616.8340
 EELEC  =   -163762.8890  EHBOND  =         0.0000  RESTRAINT  =         0.0000
 EKCMT  =         0.0000  VIRIAL  =         0.0000  VOLUME     =    333643.0454
                                                    Density    =         1.0318
 ------------------------------------------------------------------------------


 NSTEP =  8925000   TIME(PS) =   19550.000  TEMP(K) =   298.82  PRESS =     0.0
 Etot   =   -117021.2725  EKtot   =     20425.5703  EPtot      =   -137446.8428
 BOND   =       558.3121  ANGLE   =      1532.7114  DIHED      =       977.7489
 UB     =         0.0000  IMP     =         0.0000  CMAP       =       138.3225
 1-4 NB =       641.3514  1-4 EEL =      5808.6865  VDWAALS    =     16542.3949
 EELEC  =   -163646.3706  EHBOND  =         0.0000  RESTRAINT  =         0.0000
 EKCMT  =         0.0000  VIRIAL  =         0.0000  VOLUME     =    334354.1897
                                                    Density    =         1.0296
 ------------------------------------------------------------------------------


 NSTEP =  8950000   TIME(PS) =   19600.000  TEMP(K) =   302.77  PRESS =     0.0
 Etot   =   -116542.6003  EKtot   =     20695.8945  EPtot      =   -137238.4949
 BOND   =       526.3544  ANGLE   =      1514.3609  DIHED      =      1002.7062
 UB     =         0.0000  IMP     =         0.0000  CMAP       =       138.1005
 1-4 NB =       617.9548  1-4 EEL =      5849.9408  VDWAALS    =     16347.3669
 EELEC  =   -163235.2794  EHBOND  =         0.0000  RESTRAINT  =         0.0000
 EKCMT  =         0.0000  VIRIAL  =         0.0000  VOLUME     =    334695.6977
                                                    Density    =         1.0286
 ------------------------------------------------------------------------------


 NSTEP =  8975000   TIME(PS) =   19650.000  TEMP(K) =   298.78  PRESS =     0.0
 Etot   =   -116910.9303  EKtot   =     20422.8613  EPtot      =   -137333.7917
 BOND   =       578.8079  ANGLE   =      1545.5722  DIHED      =      1006.7960
 UB     =         0.0000  IMP     =         0.0000  CMAP       =       147.4892
 1-4 NB =       621.2902  1-4 EEL =      5874.3182  VDWAALS    =     16529.5789
 EELEC  =   -163637.6443  EHBOND  =         0.0000  RESTRAINT  =         0.0000
 EKCMT  =         0.0000  VIRIAL  =         0.0000  VOLUME     =    333950.3520
                                                    Density    =         1.0309
 ------------------------------------------------------------------------------


 NSTEP =  9000000   TIME(PS) =   19700.000  TEMP(K) =   300.59  PRESS =     0.0
 Etot   =   -116966.8548  EKtot   =     20546.8242  EPtot      =   -137513.6790
 BOND   =       592.4274  ANGLE   =      1553.0300  DIHED      =       989.1375
 UB     =         0.0000  IMP     =         0.0000  CMAP       =       139.3200
 1-4 NB =       622.7952  1-4 EEL =      5849.4646  VDWAALS    =     16455.7188
 EELEC  =   -163715.5725  EHBOND  =         0.0000  RESTRAINT  =         0.0000
 EKCMT  =         0.0000  VIRIAL  =         0.0000  VOLUME     =    333135.8138
                                                    Density    =         1.0334
 ------------------------------------------------------------------------------


 NSTEP =  9025000   TIME(PS) =   19750.000  TEMP(K) =   301.21  PRESS =     0.0
 Etot   =   -116849.0291  EKtot   =     20589.2148  EPtot      =   -137438.2440
 BOND   =       554.3941  ANGLE   =      1473.7582  DIHED      =      1016.1163
 UB     =         0.0000  IMP     =         0.0000  CMAP       =       135.4474
 1-4 NB =       641.7646  1-4 EEL =      5900.9345  VDWAALS    =     16318.0540
 EELEC  =   -163478.7131  EHBOND  =         0.0000  RESTRAINT  =         0.0000
 EKCMT  =         0.0000  VIRIAL  =         0.0000  VOLUME     =    333194.1352
                                                    Density    =         1.0332
 ------------------------------------------------------------------------------


 NSTEP =  9050000   TIME(PS) =   19800.000  TEMP(K) =   299.51  PRESS =     0.0
 Etot   =   -116732.0849  EKtot   =     20473.0918  EPtot      =   -137205.1767
 BOND   =       607.6679  ANGLE   =      1501.2084  DIHED      =       987.5239
 UB     =         0.0000  IMP     =         0.0000  CMAP       =       131.8721
 1-4 NB =       658.4520  1-4 EEL =      5925.9286  VDWAALS    =     16073.2627
 EELEC  =   -163091.0924  EHBOND  =         0.0000  RESTRAINT  =         0.0000
 EKCMT  =         0.0000  VIRIAL  =         0.0000  VOLUME     =    332956.9211
                                                    Density    =         1.0339
 ------------------------------------------------------------------------------


 NSTEP =  9075000   TIME(PS) =   19850.000  TEMP(K) =   298.94  PRESS =     0.0
 Etot   =   -117111.4123  EKtot   =     20434.1836  EPtot      =   -137545.5959
 BOND   =       564.8708  ANGLE   =      1486.5505  DIHED      =       966.1238
 UB     =         0.0000  IMP     =         0.0000  CMAP       =       144.7763
 1-4 NB =       644.8051  1-4 EEL =      5904.1057  VDWAALS    =     16293.1642
 EELEC  =   -163549.9922  EHBOND  =         0.0000  RESTRAINT  =         0.0000
 EKCMT  =         0.0000  VIRIAL  =         0.0000  VOLUME     =    333379.9421
                                                    Density    =         1.0326
 ------------------------------------------------------------------------------


 NSTEP =  9100000   TIME(PS) =   19900.000  TEMP(K) =   300.30  PRESS =     0.0
 Etot   =   -116922.1525  EKtot   =     20527.1367  EPtot      =   -137449.2893
 BOND   =       556.5291  ANGLE   =      1498.0413  DIHED      =       970.5109
 UB     =         0.0000  IMP     =         0.0000  CMAP       =       126.2831
 1-4 NB =       654.0625  1-4 EEL =      5858.3211  VDWAALS    =     16453.6964
 EELEC  =   -163566.7337  EHBOND  =         0.0000  RESTRAINT  =         0.0000
 EKCMT  =         0.0000  VIRIAL  =         0.0000  VOLUME     =    334265.8382
                                                    Density    =         1.0299
 ------------------------------------------------------------------------------


 NSTEP =  9125000   TIME(PS) =   19950.000  TEMP(K) =   298.05  PRESS =     0.0
 Etot   =   -116887.6092  EKtot   =     20373.0137  EPtot      =   -137260.6229
 BOND   =       580.8972  ANGLE   =      1524.8175  DIHED      =       993.9670
 UB     =         0.0000  IMP     =         0.0000  CMAP       =       148.6800
 1-4 NB =       641.5525  1-4 EEL =      5869.7349  VDWAALS    =     16214.9985
 EELEC  =   -163235.2705  EHBOND  =         0.0000  RESTRAINT  =         0.0000
 EKCMT  =         0.0000  VIRIAL  =         0.0000  VOLUME     =    334312.3859
                                                    Density    =         1.0298
 ------------------------------------------------------------------------------


 NSTEP =  9150000   TIME(PS) =   20000.000  TEMP(K) =   298.84  PRESS =     0.0
 Etot   =   -116881.1429  EKtot   =     20427.2988  EPtot      =   -137308.4418
 BOND   =       592.6183  ANGLE   =      1543.1418  DIHED      =       984.9988
 UB     =         0.0000  IMP     =         0.0000  CMAP       =       134.6698
 1-4 NB =       631.9546  1-4 EEL =      5820.2774  VDWAALS    =     16406.6027
 EELEC  =   -163422.7052  EHBOND  =         0.0000  RESTRAINT  =         0.0000
 EKCMT  =         0.0000  VIRIAL  =         0.0000  VOLUME     =    334255.8838
                                                    Density    =         1.0299
 ------------------------------------------------------------------------------


 NSTEP =  9175000   TIME(PS) =   20050.000  TEMP(K) =   304.27  PRESS =     0.0
 Etot   =   -116618.2782  EKtot   =     20798.1641  EPtot      =   -137416.4423
 BOND   =       576.3664  ANGLE   =      1505.7097  DIHED      =      1010.1354
 UB     =         0.0000  IMP     =         0.0000  CMAP       =       148.6614
 1-4 NB =       650.1341  1-4 EEL =      5907.5588  VDWAALS    =     16350.2911
 EELEC  =   -163565.2992  EHBOND  =         0.0000  RESTRAINT  =         0.0000
 EKCMT  =         0.0000  VIRIAL  =         0.0000  VOLUME     =    334629.4917
                                                    Density    =         1.0288
 ------------------------------------------------------------------------------


 NSTEP =  9200000   TIME(PS) =   20100.000  TEMP(K) =   297.71  PRESS =     0.0
 Etot   =   -117191.0659  EKtot   =     20349.8984  EPtot      =   -137540.9643
 BOND   =       563.6764  ANGLE   =      1485.8251  DIHED      =      1010.2859
 UB     =         0.0000  IMP     =         0.0000  CMAP       =       139.2678
 1-4 NB =       639.5775  1-4 EEL =      5876.6772  VDWAALS    =     16671.0607
 EELEC  =   -163927.3349  EHBOND  =         0.0000  RESTRAINT  =         0.0000
 EKCMT  =         0.0000  VIRIAL  =         0.0000  VOLUME     =    333415.1568
                                                    Density    =         1.0325
 ------------------------------------------------------------------------------


 NSTEP =  9225000   TIME(PS) =   20150.000  TEMP(K) =   299.06  PRESS =     0.0
 Etot   =   -116973.9871  EKtot   =     20441.9316  EPtot      =   -137415.9187
 BOND   =       579.7142  ANGLE   =      1535.0440  DIHED      =       997.6614
 UB     =         0.0000  IMP     =         0.0000  CMAP       =       127.7298
 1-4 NB =       636.5265  1-4 EEL =      5795.3283  VDWAALS    =     16513.7635
 EELEC  =   -163601.6864  EHBOND  =         0.0000  RESTRAINT  =         0.0000
 EKCMT  =         0.0000  VIRIAL  =         0.0000  VOLUME     =    334374.9337
                                                    Density    =         1.0296
 ------------------------------------------------------------------------------


 NSTEP =  9250000   TIME(PS) =   20200.000  TEMP(K) =   301.23  PRESS =     0.0
 Etot   =   -116641.7034  EKtot   =     20590.2852  EPtot      =   -137231.9886
 BOND   =       554.0591  ANGLE   =      1564.4996  DIHED      =       984.4270
 UB     =         0.0000  IMP     =         0.0000  CMAP       =       139.4105
 1-4 NB =       663.2861  1-4 EEL =      5886.4317  VDWAALS    =     16105.6473
 EELEC  =   -163129.7499  EHBOND  =         0.0000  RESTRAINT  =         0.0000
 EKCMT  =         0.0000  VIRIAL  =         0.0000  VOLUME     =    333676.8664
                                                    Density    =         1.0317
 ------------------------------------------------------------------------------


 NSTEP =  9275000   TIME(PS) =   20250.000  TEMP(K) =   300.65  PRESS =     0.0
 Etot   =   -116847.9033  EKtot   =     20550.7051  EPtot      =   -137398.6084
 BOND   =       568.5412  ANGLE   =      1515.1653  DIHED      =      1027.9102
 UB     =         0.0000  IMP     =         0.0000  CMAP       =       134.6262
 1-4 NB =       660.9112  1-4 EEL =      5867.2059  VDWAALS    =     16236.7213
 EELEC  =   -163409.6897  EHBOND  =         0.0000  RESTRAINT  =         0.0000
 EKCMT  =         0.0000  VIRIAL  =         0.0000  VOLUME     =    331846.9966
                                                    Density    =         1.0374
 ------------------------------------------------------------------------------


 NSTEP =  9300000   TIME(PS) =   20300.000  TEMP(K) =   300.28  PRESS =     0.0
 Etot   =   -117106.5952  EKtot   =     20525.2852  EPtot      =   -137631.8804
 BOND   =       533.9179  ANGLE   =      1586.6930  DIHED      =      1022.2339
 UB     =         0.0000  IMP     =         0.0000  CMAP       =       131.2949
 1-4 NB =       656.1290  1-4 EEL =      5898.0813  VDWAALS    =     16672.9535
 EELEC  =   -164133.1839  EHBOND  =         0.0000  RESTRAINT  =         0.0000
 EKCMT  =         0.0000  VIRIAL  =         0.0000  VOLUME     =    333709.8151
                                                    Density    =         1.0316
 ------------------------------------------------------------------------------


 NSTEP =  9325000   TIME(PS) =   20350.000  TEMP(K) =   299.36  PRESS =     0.0
 Etot   =   -116762.7118  EKtot   =     20462.3223  EPtot      =   -137225.0341
 BOND   =       539.3102  ANGLE   =      1548.5399  DIHED      =       992.1955
 UB     =         0.0000  IMP     =         0.0000  CMAP       =       139.1114
 1-4 NB =       654.4328  1-4 EEL =      5860.9902  VDWAALS    =     16564.2301
 EELEC  =   -163523.8442  EHBOND  =         0.0000  RESTRAINT  =         0.0000
 EKCMT  =         0.0000  VIRIAL  =         0.0000  VOLUME     =    333605.8039
                                                    Density    =         1.0319
 ------------------------------------------------------------------------------


 NSTEP =  9350000   TIME(PS) =   20400.000  TEMP(K) =   298.40  PRESS =     0.0
 Etot   =   -117018.3847  EKtot   =     20396.9375  EPtot      =   -137415.3222
 BOND   =       560.1401  ANGLE   =      1455.4432  DIHED      =      1014.7318
 UB     =         0.0000  IMP     =         0.0000  CMAP       =       136.0098
 1-4 NB =       640.7268  1-4 EEL =      5880.1957  VDWAALS    =     16365.7843
 EELEC  =   -163468.3540  EHBOND  =         0.0000  RESTRAINT  =         0.0000
 EKCMT  =         0.0000  VIRIAL  =         0.0000  VOLUME     =    333713.9934
                                                    Density    =         1.0316
 ------------------------------------------------------------------------------


 NSTEP =  9375000   TIME(PS) =   20450.000  TEMP(K) =   302.09  PRESS =     0.0
 Etot   =   -116639.5498  EKtot   =     20649.3867  EPtot      =   -137288.9365
 BOND   =       554.1590  ANGLE   =      1503.4181  DIHED      =       970.4809
 UB     =         0.0000  IMP     =         0.0000  CMAP       =       136.7508
 1-4 NB =       624.9816  1-4 EEL =      5801.7014  VDWAALS    =     15876.5902
 EELEC  =   -162757.0186  EHBOND  =         0.0000  RESTRAINT  =         0.0000
 EKCMT  =         0.0000  VIRIAL  =         0.0000  VOLUME     =    332967.0221
                                                    Density    =         1.0339
 ------------------------------------------------------------------------------


 NSTEP =  9400000   TIME(PS) =   20500.000  TEMP(K) =   298.98  PRESS =     0.0
 Etot   =   -117025.3477  EKtot   =     20436.5859  EPtot      =   -137461.9336
 BOND   =       577.5594  ANGLE   =      1493.9035  DIHED      =       987.6461
 UB     =         0.0000  IMP     =         0.0000  CMAP       =       131.2510
 1-4 NB =       632.1602  1-4 EEL =      5862.6685  VDWAALS    =     16247.9205
 EELEC  =   -163395.0428  EHBOND  =         0.0000  RESTRAINT  =         0.0000
 EKCMT  =         0.0000  VIRIAL  =         0.0000  VOLUME     =    334643.6931
                                                    Density    =         1.0287
 ------------------------------------------------------------------------------


 NSTEP =  9425000   TIME(PS) =   20550.000  TEMP(K) =   298.83  PRESS =     0.0
 Etot   =   -117215.7767  EKtot   =     20426.3711  EPtot      =   -137642.1478
 BOND   =       574.3697  ANGLE   =      1506.6134  DIHED      =       974.0173
 UB     =         0.0000  IMP     =         0.0000  CMAP       =       133.2456
 1-4 NB =       632.4039  1-4 EEL =      5725.3686  VDWAALS    =     16526.2669
 EELEC  =   -163714.4333  EHBOND  =         0.0000  RESTRAINT  =         0.0000
 EKCMT  =         0.0000  VIRIAL  =         0.0000  VOLUME     =    333443.0063
                                                    Density    =         1.0324
 ------------------------------------------------------------------------------


 NSTEP =  9450000   TIME(PS) =   20600.000  TEMP(K) =   296.14  PRESS =     0.0
 Etot   =   -117450.9131  EKtot   =     20242.4434  EPtot      =   -137693.3565
 BOND   =       561.1638  ANGLE   =      1483.9932  DIHED      =      1010.6606
 UB     =         0.0000  IMP     =         0.0000  CMAP       =       138.0123
 1-4 NB =       637.0720  1-4 EEL =      5843.5342  VDWAALS    =     16460.2465
 EELEC  =   -163828.0391  EHBOND  =         0.0000  RESTRAINT  =         0.0000
 EKCMT  =         0.0000  VIRIAL  =         0.0000  VOLUME     =    334528.2844
                                                    Density    =         1.0291
 ------------------------------------------------------------------------------


 NSTEP =  9475000   TIME(PS) =   20650.000  TEMP(K) =   297.99  PRESS =     0.0
 Etot   =   -117114.4408  EKtot   =     20369.2637  EPtot      =   -137483.7045
 BOND   =       574.0322  ANGLE   =      1451.6827  DIHED      =      1009.6188
 UB     =         0.0000  IMP     =         0.0000  CMAP       =       126.5392
 1-4 NB =       643.6744  1-4 EEL =      5846.4067  VDWAALS    =     16161.6423
 EELEC  =   -163297.3007  EHBOND  =         0.0000  RESTRAINT  =         0.0000
 EKCMT  =         0.0000  VIRIAL  =         0.0000  VOLUME     =    333070.8292
                                                    Density    =         1.0336
 ------------------------------------------------------------------------------


 NSTEP =  9500000   TIME(PS) =   20700.000  TEMP(K) =   298.03  PRESS =     0.0
 Etot   =   -116941.3082  EKtot   =     20371.3398  EPtot      =   -137312.6481
 BOND   =       555.9437  ANGLE   =      1532.3966  DIHED      =       996.3866
 UB     =         0.0000  IMP     =         0.0000  CMAP       =       134.9804
 1-4 NB =       639.6312  1-4 EEL =      5895.4541  VDWAALS    =     16683.9997
 EELEC  =   -163751.4405  EHBOND  =         0.0000  RESTRAINT  =         0.0000
 EKCMT  =         0.0000  VIRIAL  =         0.0000  VOLUME     =    334984.1176
                                                    Density    =         1.0277
 ------------------------------------------------------------------------------


 NSTEP =  9525000   TIME(PS) =   20750.000  TEMP(K) =   298.13  PRESS =     0.0
 Etot   =   -116876.2892  EKtot   =     20378.4805  EPtot      =   -137254.7697
 BOND   =       553.9545  ANGLE   =      1546.2825  DIHED      =       985.3761
 UB     =         0.0000  IMP     =         0.0000  CMAP       =       126.5571
 1-4 NB =       638.0115  1-4 EEL =      5890.4181  VDWAALS    =     16026.2975
 EELEC  =   -163021.6668  EHBOND  =         0.0000  RESTRAINT  =         0.0000
 EKCMT  =         0.0000  VIRIAL  =         0.0000  VOLUME     =    333980.7508
                                                    Density    =         1.0308
 ------------------------------------------------------------------------------


 NSTEP =  9550000   TIME(PS) =   20800.000  TEMP(K) =   299.14  PRESS =     0.0
 Etot   =   -116934.0994  EKtot   =     20447.3066  EPtot      =   -137381.4061
 BOND   =       589.3010  ANGLE   =      1578.6165  DIHED      =       999.0800
 UB     =         0.0000  IMP     =         0.0000  CMAP       =       137.9202
 1-4 NB =       637.0769  1-4 EEL =      5802.5818  VDWAALS    =     16330.7104
 EELEC  =   -163456.6929  EHBOND  =         0.0000  RESTRAINT  =         0.0000
 EKCMT  =         0.0000  VIRIAL  =         0.0000  VOLUME     =    331555.3635
                                                    Density    =         1.0383
 ------------------------------------------------------------------------------


 NSTEP =  9575000   TIME(PS) =   20850.000  TEMP(K) =   299.86  PRESS =     0.0
 Etot   =   -116923.7879  EKtot   =     20496.8145  EPtot      =   -137420.6023
 BOND   =       540.2113  ANGLE   =      1533.7741  DIHED      =      1003.3736
 UB     =         0.0000  IMP     =         0.0000  CMAP       =       135.5512
 1-4 NB =       654.4578  1-4 EEL =      5827.2926  VDWAALS    =     16593.2597
 EELEC  =   -163708.5226  EHBOND  =         0.0000  RESTRAINT  =         0.0000
 EKCMT  =         0.0000  VIRIAL  =         0.0000  VOLUME     =    333109.4229
                                                    Density    =         1.0335
 ------------------------------------------------------------------------------


 NSTEP =  9600000   TIME(PS) =   20900.000  TEMP(K) =   299.43  PRESS =     0.0
 Etot   =   -116873.1194  EKtot   =     20467.3750  EPtot      =   -137340.4944
 BOND   =       587.9563  ANGLE   =      1534.1866  DIHED      =      1000.6570
 UB     =         0.0000  IMP     =         0.0000  CMAP       =       131.6702
 1-4 NB =       630.2194  1-4 EEL =      5838.1764  VDWAALS    =     16271.6618
 EELEC  =   -163335.0221  EHBOND  =         0.0000  RESTRAINT  =         0.0000
 EKCMT  =         0.0000  VIRIAL  =         0.0000  VOLUME     =    334120.7973
                                                    Density    =         1.0303
 ------------------------------------------------------------------------------


 NSTEP =  9625000   TIME(PS) =   20950.000  TEMP(K) =   298.93  PRESS =     0.0
 Etot   =   -117167.5399  EKtot   =     20433.1035  EPtot      =   -137600.6434
 BOND   =       555.2587  ANGLE   =      1508.2990  DIHED      =       985.3949
 UB     =         0.0000  IMP     =         0.0000  CMAP       =       126.9180
 1-4 NB =       634.1541  1-4 EEL =      5880.5372  VDWAALS    =     16602.3658
 EELEC  =   -163893.5712  EHBOND  =         0.0000  RESTRAINT  =         0.0000
 EKCMT  =         0.0000  VIRIAL  =         0.0000  VOLUME     =    334081.5752
                                                    Density    =         1.0305
 ------------------------------------------------------------------------------


 NSTEP =  9650000   TIME(PS) =   21000.000  TEMP(K) =   300.91  PRESS =     0.0
 Etot   =   -117011.5988  EKtot   =     20568.2168  EPtot      =   -137579.8156
 BOND   =       585.6021  ANGLE   =      1526.9217  DIHED      =       980.8393
 UB     =         0.0000  IMP     =         0.0000  CMAP       =       127.7730
 1-4 NB =       647.7815  1-4 EEL =      5854.3836  VDWAALS    =     16753.8965
 EELEC  =   -164057.0133  EHBOND  =         0.0000  RESTRAINT  =         0.0000
 EKCMT  =         0.0000  VIRIAL  =         0.0000  VOLUME     =    335091.3625
                                                    Density    =         1.0274
 ------------------------------------------------------------------------------


 NSTEP =  9675000   TIME(PS) =   21050.000  TEMP(K) =   298.61  PRESS =     0.0
 Etot   =   -116959.8560  EKtot   =     20410.9922  EPtot      =   -137370.8482
 BOND   =       559.1575  ANGLE   =      1542.3068  DIHED      =      1010.0734
 UB     =         0.0000  IMP     =         0.0000  CMAP       =       130.1543
 1-4 NB =       632.1526  1-4 EEL =      5832.0174  VDWAALS    =     16567.4861
 EELEC  =   -163644.1963  EHBOND  =         0.0000  RESTRAINT  =         0.0000
 EKCMT  =         0.0000  VIRIAL  =         0.0000  VOLUME     =    334067.7798
                                                    Density    =         1.0305
 ------------------------------------------------------------------------------


 NSTEP =  9700000   TIME(PS) =   21100.000  TEMP(K) =   298.59  PRESS =     0.0
 Etot   =   -117011.4198  EKtot   =     20410.0469  EPtot      =   -137421.4667
 BOND   =       576.0960  ANGLE   =      1550.6749  DIHED      =      1017.7888
 UB     =         0.0000  IMP     =         0.0000  CMAP       =       118.6011
 1-4 NB =       639.2541  1-4 EEL =      5845.6096  VDWAALS    =     16433.1290
 EELEC  =   -163602.6202  EHBOND  =         0.0000  RESTRAINT  =         0.0000
 EKCMT  =         0.0000  VIRIAL  =         0.0000  VOLUME     =    333748.9972
                                                    Density    =         1.0315
 ------------------------------------------------------------------------------


 NSTEP =  9725000   TIME(PS) =   21150.000  TEMP(K) =   299.60  PRESS =     0.0
 Etot   =   -117179.0535  EKtot   =     20479.0508  EPtot      =   -137658.1042
 BOND   =       543.6682  ANGLE   =      1488.8083  DIHED      =      1004.0973
 UB     =         0.0000  IMP     =         0.0000  CMAP       =       135.3131
 1-4 NB =       626.2343  1-4 EEL =      5863.7736  VDWAALS    =     16807.9933
 EELEC  =   -164127.9923  EHBOND  =         0.0000  RESTRAINT  =         0.0000
 EKCMT  =         0.0000  VIRIAL  =         0.0000  VOLUME     =    333331.9513
                                                    Density    =         1.0328
 ------------------------------------------------------------------------------


 NSTEP =  9750000   TIME(PS) =   21200.000  TEMP(K) =   299.44  PRESS =     0.0
 Etot   =   -116920.0298  EKtot   =     20468.1055  EPtot      =   -137388.1353
 BOND   =       532.8888  ANGLE   =      1483.5681  DIHED      =       984.8271
 UB     =         0.0000  IMP     =         0.0000  CMAP       =       143.8022
 1-4 NB =       648.0259  1-4 EEL =      5846.2839  VDWAALS    =     16365.3238
 EELEC  =   -163392.8552  EHBOND  =         0.0000  RESTRAINT  =         0.0000
 EKCMT  =         0.0000  VIRIAL  =         0.0000  VOLUME     =    333818.7677
                                                    Density    =         1.0313
 ------------------------------------------------------------------------------


 NSTEP =  9775000   TIME(PS) =   21250.000  TEMP(K) =   297.70  PRESS =     0.0
 Etot   =   -117029.7362  EKtot   =     20349.2812  EPtot      =   -137379.0175
 BOND   =       560.4473  ANGLE   =      1558.3584  DIHED      =      1004.0138
 UB     =         0.0000  IMP     =         0.0000  CMAP       =       130.3531
 1-4 NB =       628.6209  1-4 EEL =      5897.1728  VDWAALS    =     16097.8063
 EELEC  =   -163255.7901  EHBOND  =         0.0000  RESTRAINT  =         0.0000
 EKCMT  =         0.0000  VIRIAL  =         0.0000  VOLUME     =    332821.2353
                                                    Density    =         1.0344
 ------------------------------------------------------------------------------


 NSTEP =  9800000   TIME(PS) =   21300.000  TEMP(K) =   304.78  PRESS =     0.0
 Etot   =   -116541.3212  EKtot   =     20833.1875  EPtot      =   -137374.5087
 BOND   =       637.3743  ANGLE   =      1559.3170  DIHED      =      1001.2368
 UB     =         0.0000  IMP     =         0.0000  CMAP       =       138.0720
 1-4 NB =       662.0762  1-4 EEL =      5843.8233  VDWAALS    =     16428.6074
 EELEC  =   -163645.0158  EHBOND  =         0.0000  RESTRAINT  =         0.0000
 EKCMT  =         0.0000  VIRIAL  =         0.0000  VOLUME     =    333580.9906
                                                    Density    =         1.0320
 ------------------------------------------------------------------------------


 NSTEP =  9825000   TIME(PS) =   21350.000  TEMP(K) =   300.29  PRESS =     0.0
 Etot   =   -116821.9338  EKtot   =     20525.9961  EPtot      =   -137347.9299
 BOND   =       580.4687  ANGLE   =      1541.9137  DIHED      =      1011.8797
 UB     =         0.0000  IMP     =         0.0000  CMAP       =       133.8728
 1-4 NB =       632.8471  1-4 EEL =      5886.1087  VDWAALS    =     16320.8039
 EELEC  =   -163455.8244  EHBOND  =         0.0000  RESTRAINT  =         0.0000
 EKCMT  =         0.0000  VIRIAL  =         0.0000  VOLUME     =    333137.0551
                                                    Density    =         1.0334
 ------------------------------------------------------------------------------


 NSTEP =  9850000   TIME(PS) =   21400.000  TEMP(K) =   300.50  PRESS =     0.0
 Etot   =   -116810.4701  EKtot   =     20540.6504  EPtot      =   -137351.1204
 BOND   =       576.5533  ANGLE   =      1578.0620  DIHED      =      1021.7414
 UB     =         0.0000  IMP     =         0.0000  CMAP       =       129.4807
 1-4 NB =       632.2815  1-4 EEL =      5780.6695  VDWAALS    =     16249.0807
 EELEC  =   -163318.9897  EHBOND  =         0.0000  RESTRAINT  =         0.0000
 EKCMT  =         0.0000  VIRIAL  =         0.0000  VOLUME     =    333170.5175
                                                    Density    =         1.0333
 ------------------------------------------------------------------------------


 NSTEP =  9875000   TIME(PS) =   21450.000  TEMP(K) =   297.16  PRESS =     0.0
 Etot   =   -117162.9304  EKtot   =     20312.1875  EPtot      =   -137475.1179
 BOND   =       597.0837  ANGLE   =      1555.9801  DIHED      =       986.9634
 UB     =         0.0000  IMP     =         0.0000  CMAP       =       144.3339
 1-4 NB =       635.2820  1-4 EEL =      5861.0928  VDWAALS    =     16280.1966
 EELEC  =   -163536.0504  EHBOND  =         0.0000  RESTRAINT  =         0.0000
 EKCMT  =         0.0000  VIRIAL  =         0.0000  VOLUME     =    332680.3112
                                                    Density    =         1.0348
 ------------------------------------------------------------------------------


 NSTEP =  9900000   TIME(PS) =   21500.000  TEMP(K) =   300.34  PRESS =     0.0
 Etot   =   -116844.0301  EKtot   =     20529.2871  EPtot      =   -137373.3172
 BOND   =       536.1578  ANGLE   =      1546.2267  DIHED      =       998.6156
 UB     =         0.0000  IMP     =         0.0000  CMAP       =       150.2265
 1-4 NB =       642.7958  1-4 EEL =      5864.2395  VDWAALS    =     16354.6323
 EELEC  =   -163466.2114  EHBOND  =         0.0000  RESTRAINT  =         0.0000
 EKCMT  =         0.0000  VIRIAL  =         0.0000  VOLUME     =    332999.1754
                                                    Density    =         1.0338
 ------------------------------------------------------------------------------


 NSTEP =  9925000   TIME(PS) =   21550.000  TEMP(K) =   299.82  PRESS =     0.0
 Etot   =   -117016.8754  EKtot   =     20493.7188  EPtot      =   -137510.5941
 BOND   =       574.6902  ANGLE   =      1559.5312  DIHED      =       998.1796
 UB     =         0.0000  IMP     =         0.0000  CMAP       =       137.2565
 1-4 NB =       626.5126  1-4 EEL =      5847.8389  VDWAALS    =     16431.5948
 EELEC  =   -163686.1979  EHBOND  =         0.0000  RESTRAINT  =         0.0000
 EKCMT  =         0.0000  VIRIAL  =         0.0000  VOLUME     =    333941.2729
                                                    Density    =         1.0309
 ------------------------------------------------------------------------------


 NSTEP =  9950000   TIME(PS) =   21600.000  TEMP(K) =   302.39  PRESS =     0.0
 Etot   =   -116964.7362  EKtot   =     20669.9980  EPtot      =   -137634.7342
 BOND   =       551.3332  ANGLE   =      1519.5050  DIHED      =      1003.0600
 UB     =         0.0000  IMP     =         0.0000  CMAP       =       133.1403
 1-4 NB =       647.2087  1-4 EEL =      5857.5030  VDWAALS    =     16417.8063
 EELEC  =   -163764.2908  EHBOND  =         0.0000  RESTRAINT  =         0.0000
 EKCMT  =         0.0000  VIRIAL  =         0.0000  VOLUME     =    333533.7656
                                                    Density    =         1.0322
 ------------------------------------------------------------------------------


 NSTEP =  9975000   TIME(PS) =   21650.000  TEMP(K) =   300.96  PRESS =     0.0
 Etot   =   -116373.5133  EKtot   =     20571.8047  EPtot      =   -136945.3180
 BOND   =       585.2771  ANGLE   =      1514.0032  DIHED      =       999.3981
 UB     =         0.0000  IMP     =         0.0000  CMAP       =       135.1105
 1-4 NB =       631.5894  1-4 EEL =      5894.0976  VDWAALS    =     16311.2600
 EELEC  =   -163016.0538  EHBOND  =         0.0000  RESTRAINT  =         0.0000
 EKCMT  =         0.0000  VIRIAL  =         0.0000  VOLUME     =    334837.8281
                                                    Density    =         1.0281
 ------------------------------------------------------------------------------


 NSTEP = 10000000   TIME(PS) =   21700.000  TEMP(K) =   298.51  PRESS =     0.0
 Etot   =   -116966.8722  EKtot   =     20404.6660  EPtot      =   -137371.5382
 BOND   =       596.8600  ANGLE   =      1548.7223  DIHED      =      1002.5890
 UB     =         0.0000  IMP     =         0.0000  CMAP       =       135.6608
 1-4 NB =       630.1433  1-4 EEL =      5839.8297  VDWAALS    =     16309.1059
 EELEC  =   -163434.4493  EHBOND  =         0.0000  RESTRAINT  =         0.0000
 EKCMT  =         0.0000  VIRIAL  =         0.0000  VOLUME     =    333920.2399
                                                    Density    =         1.0310
 ------------------------------------------------------------------------------


      A V E R A G E S   O V E R     400 S T E P S


 NSTEP = 10000000   TIME(PS) =   21700.000  TEMP(K) =   299.93  PRESS =     0.0
 Etot   =   -116922.9901  EKtot   =     20501.7069  EPtot      =   -137424.6971
 BOND   =       569.0175  ANGLE   =      1523.3547  DIHED      =      1002.0532
 UB     =         0.0000  IMP     =         0.0000  CMAP       =       137.4849
 1-4 NB =       643.8712  1-4 EEL =      5868.0379  VDWAALS    =     16367.2512
 EELEC  =   -163535.7677  EHBOND  =         0.0000  RESTRAINT  =         0.0000
 EKCMT  =         0.0000  VIRIAL  =         0.0000  VOLUME     =    333750.5954
                                                    Density    =         1.0315
 ------------------------------------------------------------------------------


      R M S  F L U C T U A T I O N S


 NSTEP = 10000000   TIME(PS) =   21700.000  TEMP(K) =     1.60  PRESS =     0.0
 Etot   =       190.5743  EKtot   =       109.5108  EPtot      =       158.0929
 BOND   =        20.3526  ANGLE   =        28.4965  DIHED      =        16.0694
 UB     =         0.0000  IMP     =         0.0000  CMAP       =         6.5721
 1-4 NB =        11.2239  1-4 EEL =        36.9203  VDWAALS    =       190.1666
 EELEC  =       275.5268  EHBOND  =         0.0000  RESTRAINT  =         0.0000
 EKCMT  =         0.0000  VIRIAL  =         0.0000  VOLUME     =       739.5710
                                                    Density    =         0.0023
 ------------------------------------------------------------------------------

| MC Barostat:     100000 volume changes attempted.
| MC Barostat:      29890 changes successful ( 29.89%)
 ------------------------------------------------------------------------------

--------------------------------------------------------------------------------
   5.  TIMINGS
--------------------------------------------------------------------------------

|  NonSetup CPU Time in Major Routines:
|
|     Routine           Sec        %
|     ------------------------------
|     Nonbond         512.78   13.11
|     Bond              0.00    0.00
|     Angle             0.00    0.00
|     Dihedral          0.00    0.00
|     Shake            48.19    1.23
|     RunMD          3258.30   83.28
|     Other            93.07    2.38
|     ------------------------------
|     Total          3912.34

|  PME Nonbond Pairlist CPU Time:
|
|     Routine              Sec        %
|     ---------------------------------
|     Set Up Cit           0.00    0.00
|     Build List           0.00    0.00
|     ---------------------------------
|     Total                0.00    0.00

|  PME Direct Force CPU Time:
|
|     Routine              Sec        %
|     ---------------------------------
|     NonBonded Calc       0.00    0.00
|     Exclude Masked       0.00    0.00
|     Other               15.22    0.39
|     ---------------------------------
|     Total               15.22    0.39

|  PME Reciprocal Force CPU Time:
|
|     Routine              Sec        %
|     ---------------------------------
|     1D bspline           0.00    0.00
|     Grid Charges         0.00    0.00
|     Scalar Sum           0.00    0.00
|     Gradient Sum         0.00    0.00
|     FFT                  0.00    0.00
|     ---------------------------------
|     Total                0.00    0.00

|  Final Performance Info:
|     -----------------------------------------------------
|     Average timings for last       1 steps:
|     Elapsed(s) =       0.00 Per Step(ms) =       4.69
|         ns/day =      36.81   seconds/ns =    2346.92
|
|     Average timings for all steps:
|     Elapsed(s) =    3926.22 Per Step(ms) =       0.39
|         ns/day =     440.12   seconds/ns =     196.31
|     -----------------------------------------------------

|  Setup CPU time:            0.54 seconds
|  NonSetup CPU time:      3912.34 seconds
|  Total CPU time:         3912.87 seconds     1.09 hours

|  Setup wall time:           1    seconds
|  NonSetup wall time:     3926    seconds
|  Total wall time:        3927    seconds     1.09 hours
